[2026-02-17 11:14:51,674] DEBUG: [DephyActuator] Entering Voltage control mode.
[2026-02-17 11:14:51,675] DEBUG: [DephyActuator]  Exiting Voltage control mode.
[2026-02-17 11:14:51,775] DEBUG: [DephyActuator]  Entering Current control mode.
[2026-02-17 11:14:51,780] DEBUG: Started tracking variable: Motor Current
[2026-02-17 11:14:51,781] DEBUG: Started tracking variable: Command Current
[2026-02-17 11:14:51,781] INFO: Time: 7.377899987659475e-05; Command Current: 0; Motor Current: 3.0
[2026-02-17 11:14:51,782] INFO: Time: 0.0010685289998946246; Command Current: 0; Motor Current: 3.0
[2026-02-17 11:14:51,783] INFO: Time: 0.0021325759998944704; Command Current: 0; Motor Current: 3.0
[2026-02-17 11:14:51,784] INFO: Time: 0.003194567000036841; Command Current: 0; Motor Current: 4.0
[2026-02-17 11:14:51,785] INFO: Time: 0.0042552259999411035; Command Current: 0; Motor Current: 4.0
[2026-02-17 11:14:51,786] INFO: Time: 0.005318864999935613; Command Current: 0; Motor Current: 3.0
[2026-02-17 11:14:51,787] INFO: Time: 0.006383134999850881; Command Current: 0; Motor Current: 3.0
[2026-02-17 11:14:51,788] INFO: Time: 0.0074485519999143435; Command Current: 0; Motor Current: 3.0
[2026-02-17 11:14:51,789] INFO: Time: 0.008508283999844934; Command Current: 0; Motor Current: 3.0
[2026-02-17 11:14:51,790] INFO: Time: 0.009575423999876875; Command Current: 0; Motor Current: 3.0
[2026-02-17 11:14:51,791] INFO: Time: 0.010635637999939718; Command Current: 0; Motor Current: 2.0
[2026-02-17 11:14:51,793] INFO: Time: 0.011697424999965733; Command Current: 0; Motor Current: 2.0
[2026-02-17 11:14:51,794] INFO: Time: 0.012756546999980856; Command Current: 0; Motor Current: 3.0
[2026-02-17 11:14:51,795] INFO: Time: 0.013816019999921991; Command Current: 0; Motor Current: 2.0
[2026-02-17 11:14:51,796] INFO: Time: 0.01487489999999525; Command Current: 0; Motor Current: 2.0
[2026-02-17 11:14:51,797] INFO: Time: 0.015933687999904578; Command Current: 0; Motor Current: 2.0
[2026-02-17 11:14:51,798] INFO: Time: 0.016992716000004293; Command Current: 0; Motor Current: 3.0
[2026-02-17 11:14:51,799] INFO: Time: 0.018052799999850322; Command Current: 0; Motor Current: 4.0
[2026-02-17 11:14:51,800] INFO: Time: 0.019112198999891916; Command Current: 0; Motor Current: 3.0
[2026-02-17 11:14:51,801] INFO: Time: 0.02017165400002341; Command Current: 0; Motor Current: 3.0
[2026-02-17 11:14:51,802] INFO: Time: 0.021232459999964703; Command Current: 0; Motor Current: 2.0
[2026-02-17 11:14:51,803] INFO: Time: 0.02231922900000427; Command Current: 0; Motor Current: 3.0
[2026-02-17 11:14:51,804] INFO: Time: 0.023394813999857433; Command Current: 0; Motor Current: 2.0
[2026-02-17 11:14:51,806] INFO: Time: 0.02470332600000802; Command Current: 0; Motor Current: 1.0
[2026-02-17 11:14:51,807] INFO: Time: 0.025775780999993003; Command Current: 0; Motor Current: 2.0
[2026-02-17 11:14:51,808] INFO: Time: 0.02685229099984099; Command Current: 0; Motor Current: 2.0
[2026-02-17 11:14:51,809] INFO: Time: 0.027921207999952458; Command Current: 0; Motor Current: 1.0
[2026-02-17 11:14:51,810] INFO: Time: 0.029015125999876545; Command Current: 0; Motor Current: 1.0
[2026-02-17 11:14:51,811] INFO: Time: 0.03008422899983998; Command Current: 0; Motor Current: 1.0
[2026-02-17 11:14:51,812] INFO: Time: 0.03114377599990803; Command Current: 0; Motor Current: 1.0
[2026-02-17 11:14:51,813] INFO: Time: 0.03220874899989212; Command Current: 0; Motor Current: 2.0
[2026-02-17 11:14:51,814] INFO: Time: 0.03327188799994474; Command Current: 0; Motor Current: 2.0
[2026-02-17 11:14:51,815] INFO: Time: 0.034382714000003034; Command Current: 0; Motor Current: 2.0
[2026-02-17 11:14:51,816] INFO: Time: 0.035604446999968786; Command Current: 0; Motor Current: 2.0
[2026-02-17 11:14:51,818] INFO: Time: 0.03668027200001234; Command Current: 0; Motor Current: 2.0
[2026-02-17 11:14:51,819] INFO: Time: 0.03775331899987577; Command Current: 0; Motor Current: 3.0
[2026-02-17 11:14:51,820] INFO: Time: 0.03882219999991321; Command Current: 0; Motor Current: 2.0
[2026-02-17 11:14:51,821] INFO: Time: 0.04016611999986708; Command Current: 0; Motor Current: 2.0
[2026-02-17 11:14:51,822] INFO: Time: 0.04124998199995389; Command Current: 0; Motor Current: 3.0
[2026-02-17 11:14:51,824] INFO: Time: 0.04231528799982698; Command Current: 0; Motor Current: 4.0
[2026-02-17 11:14:51,824] INFO: Time: 0.04337824300000648; Command Current: 0; Motor Current: 5.0
[2026-02-17 11:14:51,825] INFO: Time: 0.04443738199984182; Command Current: 0; Motor Current: 5.0
[2026-02-17 11:14:51,826] INFO: Time: 0.04549739200001568; Command Current: 0; Motor Current: 5.0
[2026-02-17 11:14:51,827] INFO: Time: 0.04655862499998875; Command Current: 0; Motor Current: 5.0
[2026-02-17 11:14:51,828] INFO: Time: 0.04762095000000954; Command Current: 0; Motor Current: 5.0
[2026-02-17 11:14:51,829] INFO: Time: 0.04868073700004061; Command Current: 0; Motor Current: 4.0
[2026-02-17 11:14:51,831] INFO: Time: 0.04974008099998173; Command Current: 0; Motor Current: 3.0
[2026-02-17 11:14:51,832] INFO: Time: 0.050798979999854055; Command Current: 0; Motor Current: 3.0
[2026-02-17 11:14:51,833] INFO: Time: 0.05185835999986921; Command Current: 0; Motor Current: 3.0
[2026-02-17 11:14:51,834] INFO: Time: 0.052918165999926714; Command Current: 0; Motor Current: 3.0
[2026-02-17 11:14:51,835] INFO: Time: 0.053980620999936946; Command Current: 0; Motor Current: 3.0
[2026-02-17 11:14:51,836] INFO: Time: 0.05503985299992564; Command Current: 0; Motor Current: 3.0
[2026-02-17 11:14:51,837] INFO: Time: 0.0560986220000359; Command Current: 0; Motor Current: 3.0
[2026-02-17 11:14:51,838] INFO: Time: 0.05715739099991879; Command Current: 0; Motor Current: 4.0
[2026-02-17 11:14:51,839] INFO: Time: 0.05821606799986512; Command Current: 0; Motor Current: 4.0
[2026-02-17 11:14:51,840] INFO: Time: 0.059275836999859166; Command Current: 0; Motor Current: 3.0
[2026-02-17 11:14:51,841] INFO: Time: 0.06033855099985885; Command Current: 0; Motor Current: 3.0
[2026-02-17 11:14:51,842] INFO: Time: 0.06139900499988471; Command Current: 0; Motor Current: 2.0
[2026-02-17 11:14:51,843] INFO: Time: 0.06245729299985214; Command Current: 0; Motor Current: 3.0
[2026-02-17 11:14:51,844] INFO: Time: 0.06351587699987249; Command Current: 0; Motor Current: 2.0
[2026-02-17 11:14:51,845] INFO: Time: 0.06457492399999865; Command Current: 0; Motor Current: 2.0
[2026-02-17 11:14:51,846] INFO: Time: 0.06563480499994512; Command Current: 0; Motor Current: 2.0
[2026-02-17 11:14:51,848] INFO: Time: 0.06669529600003443; Command Current: 0; Motor Current: 2.0
[2026-02-17 11:14:51,849] INFO: Time: 0.06775436199995966; Command Current: 0; Motor Current: 3.0
[2026-02-17 11:14:51,850] INFO: Time: 0.06881403800002772; Command Current: 0; Motor Current: 3.0
[2026-02-17 11:14:51,851] INFO: Time: 0.06987288200002695; Command Current: 0; Motor Current: 3.0
[2026-02-17 11:14:51,852] INFO: Time: 0.0709314099999574; Command Current: 0; Motor Current: 2.0
[2026-02-17 11:14:51,853] INFO: Time: 0.07199147599999378; Command Current: 0; Motor Current: 2.0
[2026-02-17 11:14:51,854] INFO: Time: 0.07305513400001473; Command Current: 0; Motor Current: 2.0
[2026-02-17 11:14:51,855] INFO: Time: 0.07411406999995052; Command Current: 0; Motor Current: 2.0
[2026-02-17 11:14:51,856] INFO: Time: 0.07517263499994442; Command Current: 0; Motor Current: 2.0
[2026-02-17 11:14:51,857] INFO: Time: 0.07623149699998066; Command Current: 0; Motor Current: 2.0
[2026-02-17 11:14:51,858] INFO: Time: 0.07729128500000115; Command Current: 0; Motor Current: 2.0
[2026-02-17 11:14:51,859] INFO: Time: 0.07835247999992134; Command Current: 0; Motor Current: 2.0
[2026-02-17 11:14:51,860] INFO: Time: 0.07943082399992818; Command Current: 0; Motor Current: 1.0
[2026-02-17 11:14:51,861] INFO: Time: 0.08048994499995388; Command Current: 0; Motor Current: 2.0
[2026-02-17 11:14:51,862] INFO: Time: 0.08154891799995312; Command Current: 0; Motor Current: 2.0
[2026-02-17 11:14:51,863] INFO: Time: 0.08260866799992073; Command Current: 0; Motor Current: 3.0
[2026-02-17 11:14:51,864] INFO: Time: 0.08366960399985146; Command Current: 0; Motor Current: 2.0
[2026-02-17 11:14:51,866] INFO: Time: 0.08472937399983493; Command Current: 0; Motor Current: 3.0
[2026-02-17 11:14:51,867] INFO: Time: 0.08578867999995055; Command Current: 0; Motor Current: 3.0
[2026-02-17 11:14:51,868] INFO: Time: 0.08684711599994444; Command Current: 0; Motor Current: 4.0
[2026-02-17 11:14:51,869] INFO: Time: 0.08790582999995422; Command Current: 0; Motor Current: 4.0
[2026-02-17 11:14:51,870] INFO: Time: 0.08896511699981602; Command Current: 0; Motor Current: 4.0
[2026-02-17 11:14:51,871] INFO: Time: 0.09002577499995823; Command Current: 0; Motor Current: 4.0
[2026-02-17 11:14:51,872] INFO: Time: 0.09108454499983054; Command Current: 0; Motor Current: 3.0
[2026-02-17 11:14:51,873] INFO: Time: 0.09214338799984034; Command Current: 0; Motor Current: 3.0
[2026-02-17 11:14:51,874] INFO: Time: 0.09320213899991359; Command Current: 0; Motor Current: 3.0
[2026-02-17 11:14:51,875] INFO: Time: 0.09426088999998683; Command Current: 0; Motor Current: 4.0
[2026-02-17 11:14:51,876] INFO: Time: 0.09532045499986452; Command Current: 0; Motor Current: 3.0
[2026-02-17 11:14:51,877] INFO: Time: 0.09638226099991698; Command Current: 0; Motor Current: 2.0
[2026-02-17 11:14:51,878] INFO: Time: 0.09744286399995872; Command Current: 0; Motor Current: 3.0
[2026-02-17 11:14:51,879] INFO: Time: 0.0985019109998575; Command Current: 0; Motor Current: 3.0
[2026-02-17 11:14:51,880] INFO: Time: 0.09956032799982495; Command Current: 0; Motor Current: 3.0
[2026-02-17 11:14:51,881] INFO: Time: 0.10062063500004115; Command Current: 0; Motor Current: 3.0
[2026-02-17 11:14:51,882] INFO: Time: 0.10168182999996134; Command Current: 0; Motor Current: 3.0
[2026-02-17 11:14:51,884] INFO: Time: 0.10274230300001364; Command Current: 0; Motor Current: 2.0
[2026-02-17 11:14:51,885] INFO: Time: 0.10380131299984896; Command Current: 0; Motor Current: 2.0
[2026-02-17 11:14:51,886] INFO: Time: 0.10486071199989055; Command Current: 0; Motor Current: 1.0
[2026-02-17 11:14:51,887] INFO: Time: 0.10591996199991627; Command Current: 0; Motor Current: 2.0
[2026-02-17 11:14:51,888] INFO: Time: 0.10698036099984165; Command Current: 0; Motor Current: 2.0
[2026-02-17 11:14:51,889] INFO: Time: 0.1080426119999629; Command Current: 0; Motor Current: 1.0
[2026-02-17 11:14:51,890] INFO: Time: 0.10911191799982589; Command Current: 0; Motor Current: 2.0
[2026-02-17 11:14:51,891] INFO: Time: 0.11017155799981992; Command Current: 0; Motor Current: 3.0
[2026-02-17 11:14:51,892] INFO: Time: 0.11123075299997254; Command Current: 0; Motor Current: 3.0
[2026-02-17 11:14:51,893] INFO: Time: 0.11229176300003019; Command Current: 0; Motor Current: 3.0
[2026-02-17 11:14:51,894] INFO: Time: 0.11335269899996092; Command Current: 0; Motor Current: 3.0
[2026-02-17 11:14:51,895] INFO: Time: 0.11442341299994041; Command Current: 0; Motor Current: 2.0
[2026-02-17 11:14:51,896] INFO: Time: 0.11548251599992909; Command Current: 0; Motor Current: 3.0
[2026-02-17 11:14:51,897] INFO: Time: 0.11654133999991245; Command Current: 0; Motor Current: 3.0
[2026-02-17 11:14:51,898] INFO: Time: 0.11760012799982178; Command Current: 0; Motor Current: 3.0
[2026-02-17 11:14:51,899] INFO: Time: 0.11865971199995329; Command Current: 0; Motor Current: 2.0
[2026-02-17 11:14:51,901] INFO: Time: 0.11972057399998448; Command Current: 0; Motor Current: 2.0
[2026-02-17 11:14:51,902] INFO: Time: 0.12077837999981966; Command Current: 0; Motor Current: 2.0
[2026-02-17 11:14:51,903] INFO: Time: 0.1218371869999828; Command Current: 0; Motor Current: 1.0
[2026-02-17 11:14:51,904] INFO: Time: 0.12289593699983925; Command Current: 0; Motor Current: 2.0
[2026-02-17 11:14:51,905] INFO: Time: 0.12395474400000239; Command Current: 0; Motor Current: 1.0
[2026-02-17 11:14:51,906] INFO: Time: 0.12502173500001845; Command Current: 0; Motor Current: 0.0
[2026-02-17 11:14:51,907] INFO: Time: 0.12608570799989138; Command Current: 0; Motor Current: 1.0
[2026-02-17 11:14:51,908] INFO: Time: 0.12714668099988558; Command Current: 0; Motor Current: 1.0
[2026-02-17 11:14:51,909] INFO: Time: 0.1282077839998692; Command Current: 0; Motor Current: 0.0
[2026-02-17 11:14:51,910] INFO: Time: 0.12926771999991615; Command Current: 0; Motor Current: 1.0
[2026-02-17 11:14:51,911] INFO: Time: 0.1303262479998466; Command Current: 0; Motor Current: 1.0
[2026-02-17 11:14:51,912] INFO: Time: 0.1313850359999833; Command Current: 0; Motor Current: 1.0
[2026-02-17 11:14:51,913] INFO: Time: 0.13244632399982947; Command Current: 0; Motor Current: 3.0
[2026-02-17 11:14:51,914] INFO: Time: 0.1335039999999026; Command Current: 0; Motor Current: 3.0
[2026-02-17 11:14:51,915] INFO: Time: 0.13456288099996527; Command Current: 0; Motor Current: 3.0
[2026-02-17 11:14:51,916] INFO: Time: 0.13562244599984297; Command Current: 0; Motor Current: 4.0
[2026-02-17 11:14:51,918] INFO: Time: 0.13669321599991235; Command Current: 0; Motor Current: 3.0
[2026-02-17 11:14:51,919] INFO: Time: 0.1377536519999012; Command Current: 0; Motor Current: 4.0
[2026-02-17 11:14:51,920] INFO: Time: 0.1388167909999538; Command Current: 0; Motor Current: 4.0
[2026-02-17 11:14:51,921] INFO: Time: 0.13987593100000595; Command Current: 0; Motor Current: 3.0
[2026-02-17 11:14:51,922] INFO: Time: 0.14093486699994173; Command Current: 0; Motor Current: 3.0
[2026-02-17 11:14:51,923] INFO: Time: 0.14199367299988808; Command Current: 0; Motor Current: 3.0
[2026-02-17 11:14:51,924] INFO: Time: 0.14305457199998273; Command Current: 0; Motor Current: 2.0
[2026-02-17 11:14:51,925] INFO: Time: 0.14411522999989756; Command Current: 0; Motor Current: 3.0
[2026-02-17 11:14:51,926] INFO: Time: 0.14517422199992325; Command Current: 0; Motor Current: 3.0
[2026-02-17 11:14:51,927] INFO: Time: 0.14623369499986438; Command Current: 0; Motor Current: 3.0
[2026-02-17 11:14:51,928] INFO: Time: 0.14729424199981622; Command Current: 0; Motor Current: 2.0
[2026-02-17 11:14:51,929] INFO: Time: 0.14835312199988948; Command Current: 0; Motor Current: 2.0
[2026-02-17 11:14:51,930] INFO: Time: 0.14942535399995904; Command Current: 0; Motor Current: 2.0
[2026-02-17 11:14:51,931] INFO: Time: 0.15048462400000062; Command Current: 0; Motor Current: 3.0
[2026-02-17 11:14:51,932] INFO: Time: 0.15154354099990996; Command Current: 0; Motor Current: 3.0
[2026-02-17 11:14:51,933] INFO: Time: 0.1526021069998933; Command Current: 0; Motor Current: 3.0
[2026-02-17 11:14:51,934] INFO: Time: 0.15366156100003536; Command Current: 0; Motor Current: 3.0
[2026-02-17 11:14:51,936] INFO: Time: 0.1547217190000083; Command Current: 0; Motor Current: 3.0
[2026-02-17 11:14:51,937] INFO: Time: 0.15578109900002346; Command Current: 0; Motor Current: 3.0
[2026-02-17 11:14:51,938] INFO: Time: 0.15683992399999624; Command Current: 0; Motor Current: 3.0
[2026-02-17 11:14:51,939] INFO: Time: 0.15789885999993203; Command Current: 0; Motor Current: 3.0
[2026-02-17 11:14:51,940] INFO: Time: 0.15895811099994717; Command Current: 0; Motor Current: 1.0
[2026-02-17 11:14:51,941] INFO: Time: 0.16001802799996767; Command Current: 0; Motor Current: 1.0
[2026-02-17 11:14:51,942] INFO: Time: 0.16107879799983493; Command Current: 0; Motor Current: 2.0
[2026-02-17 11:14:51,943] INFO: Time: 0.1621380849999241; Command Current: 0; Motor Current: 2.0
[2026-02-17 11:14:51,944] INFO: Time: 0.1631971319998229; Command Current: 0; Motor Current: 2.0
[2026-02-17 11:14:51,945] INFO: Time: 0.16425604999994903; Command Current: 0; Motor Current: 2.0
[2026-02-17 11:14:51,946] INFO: Time: 0.16531585600000653; Command Current: 0; Motor Current: 2.0
[2026-02-17 11:14:51,947] INFO: Time: 0.16637386599995807; Command Current: 0; Motor Current: 2.0
[2026-02-17 11:14:51,948] INFO: Time: 0.16743354300001556; Command Current: 0; Motor Current: 2.0
[2026-02-17 11:14:51,949] INFO: Time: 0.16849236799998835; Command Current: 0; Motor Current: 1.0
[2026-02-17 11:14:51,950] INFO: Time: 0.16955085899985534; Command Current: 0; Motor Current: 1.0
[2026-02-17 11:14:51,951] INFO: Time: 0.17061068399993928; Command Current: 0; Motor Current: 1.0
[2026-02-17 11:14:51,952] INFO: Time: 0.1716708970000127; Command Current: 0; Motor Current: 2.0
[2026-02-17 11:14:51,954] INFO: Time: 0.17273014800002784; Command Current: 0; Motor Current: 2.0
[2026-02-17 11:14:51,955] INFO: Time: 0.1737890099998367; Command Current: 0; Motor Current: 2.0
[2026-02-17 11:14:51,956] INFO: Time: 0.17484796400003688; Command Current: 0; Motor Current: 3.0
[2026-02-17 11:14:51,957] INFO: Time: 0.1759066779998193; Command Current: 0; Motor Current: 3.0
[2026-02-17 11:14:51,958] INFO: Time: 0.17696655899999314; Command Current: 0; Motor Current: 3.0
[2026-02-17 11:14:51,959] INFO: Time: 0.17802658699997664; Command Current: 0; Motor Current: 4.0
[2026-02-17 11:14:51,960] INFO: Time: 0.17908807899993917; Command Current: 0; Motor Current: 4.0
[2026-02-17 11:14:51,961] INFO: Time: 0.18014725499983797; Command Current: 0; Motor Current: 3.0
[2026-02-17 11:14:51,962] INFO: Time: 0.18122883999990336; Command Current: 0; Motor Current: 3.0
[2026-02-17 11:14:51,963] INFO: Time: 0.1822886089998974; Command Current: 0; Motor Current: 3.0
[2026-02-17 11:14:51,964] INFO: Time: 0.18334952600002907; Command Current: 0; Motor Current: 3.0
[2026-02-17 11:14:51,965] INFO: Time: 0.1844268329998613; Command Current: 0; Motor Current: 3.0
[2026-02-17 11:14:51,966] INFO: Time: 0.1854863609999029; Command Current: 0; Motor Current: 3.0
[2026-02-17 11:14:51,967] INFO: Time: 0.18654540800002906; Command Current: 0; Motor Current: 2.0
[2026-02-17 11:14:51,968] INFO: Time: 0.18760497399989617; Command Current: 0; Motor Current: 3.0
[2026-02-17 11:14:51,969] INFO: Time: 0.1886664280000332; Command Current: 0; Motor Current: 3.0
[2026-02-17 11:14:51,971] INFO: Time: 0.18972636399985277; Command Current: 0; Motor Current: 3.0
[2026-02-17 11:14:51,972] INFO: Time: 0.19078546699984145; Command Current: 0; Motor Current: 2.0
[2026-02-17 11:14:51,973] INFO: Time: 0.19184449499994116; Command Current: 0; Motor Current: 2.0
[2026-02-17 11:14:51,974] INFO: Time: 0.1929032829998505; Command Current: 0; Motor Current: 2.0
[2026-02-17 11:14:51,975] INFO: Time: 0.1939626999999291; Command Current: 0; Motor Current: 2.0
[2026-02-17 11:14:51,976] INFO: Time: 0.19502347000002374; Command Current: 0; Motor Current: 2.0
[2026-02-17 11:14:51,977] INFO: Time: 0.1960830169998644; Command Current: 0; Motor Current: 2.0
[2026-02-17 11:14:51,978] INFO: Time: 0.1971419709998372; Command Current: 0; Motor Current: 2.0
[2026-02-17 11:14:51,979] INFO: Time: 0.19820840700003828; Command Current: 0; Motor Current: 2.0
[2026-02-17 11:14:51,980] INFO: Time: 0.19927126899983705; Command Current: 0; Motor Current: 3.0
[2026-02-17 11:14:51,981] INFO: Time: 0.20033327900000586; Command Current: 0; Motor Current: 4.0
[2026-02-17 11:14:51,982] INFO: Time: 0.20139436299996305; Command Current: 0; Motor Current: 4.0
[2026-02-17 11:14:51,983] INFO: Time: 0.20245398399993064; Command Current: 0; Motor Current: 3.0
[2026-02-17 11:14:51,984] INFO: Time: 0.20351327200000924; Command Current: 0; Motor Current: 3.0
[2026-02-17 11:14:51,985] INFO: Time: 0.20457220799994502; Command Current: 0; Motor Current: 3.0
[2026-02-17 11:14:51,986] INFO: Time: 0.2056311439998808; Command Current: 0; Motor Current: 2.0
[2026-02-17 11:14:51,987] INFO: Time: 0.20669063499985896; Command Current: 0; Motor Current: 4.0
[2026-02-17 11:14:51,989] INFO: Time: 0.20774942299999566; Command Current: 0; Motor Current: 3.0
[2026-02-17 11:14:51,990] INFO: Time: 0.2088085069999579; Command Current: 0; Motor Current: 1.0
[2026-02-17 11:14:51,991] INFO: Time: 0.20986753599981967; Command Current: 0; Motor Current: 2.0
[2026-02-17 11:14:51,992] INFO: Time: 0.21092641599989292; Command Current: 0; Motor Current: 3.0
[2026-02-17 11:14:51,993] INFO: Time: 0.21198638900000333; Command Current: 0; Motor Current: 3.0
[2026-02-17 11:14:51,994] INFO: Time: 0.21304669500000273; Command Current: 0; Motor Current: 3.0
[2026-02-17 11:14:51,995] INFO: Time: 0.21410627899990686; Command Current: 0; Motor Current: 2.0
[2026-02-17 11:14:51,996] INFO: Time: 0.2151649559998532; Command Current: 0; Motor Current: 2.0
[2026-02-17 11:14:51,997] INFO: Time: 0.2162239659999159; Command Current: 0; Motor Current: 3.0
[2026-02-17 11:14:51,998] INFO: Time: 0.21728373499990994; Command Current: 0; Motor Current: 3.0
[2026-02-17 11:14:51,999] INFO: Time: 0.2183448009998301; Command Current: 0; Motor Current: 3.0
[2026-02-17 11:14:52,000] INFO: Time: 0.21942347799995332; Command Current: 0; Motor Current: 3.0
[2026-02-17 11:14:52,001] INFO: Time: 0.22048228399989966; Command Current: 0; Motor Current: 3.0
[2026-02-17 11:14:52,002] INFO: Time: 0.22154101599994647; Command Current: 0; Motor Current: 3.0
[2026-02-17 11:14:52,003] INFO: Time: 0.22259974799999327; Command Current: 0; Motor Current: 3.0
[2026-02-17 11:14:52,004] INFO: Time: 0.2236594429998604; Command Current: 0; Motor Current: 3.0
[2026-02-17 11:14:52,006] INFO: Time: 0.22471974999984923; Command Current: 0; Motor Current: 2.0
[2026-02-17 11:14:52,007] INFO: Time: 0.22577879699997538; Command Current: 0; Motor Current: 1.0
[2026-02-17 11:14:52,008] INFO: Time: 0.22683738099999573; Command Current: 0; Motor Current: 1.0
[2026-02-17 11:14:52,009] INFO: Time: 0.22789603899991562; Command Current: 0; Motor Current: 1.0
[2026-02-17 11:14:52,010] INFO: Time: 0.22895453000000998; Command Current: 0; Motor Current: 2.0
[2026-02-17 11:14:52,011] INFO: Time: 0.23001372599992465; Command Current: 0; Motor Current: 2.0
[2026-02-17 11:14:52,012] INFO: Time: 0.2310734389998288; Command Current: 0; Motor Current: 2.0
[2026-02-17 11:14:52,013] INFO: Time: 0.23213209799996548; Command Current: 0; Motor Current: 3.0
[2026-02-17 11:14:52,014] INFO: Time: 0.23319092199994884; Command Current: 0; Motor Current: 3.0
[2026-02-17 11:14:52,015] INFO: Time: 0.23424976599994807; Command Current: 0; Motor Current: 3.0
[2026-02-17 11:14:52,016] INFO: Time: 0.2353097569998681; Command Current: 0; Motor Current: 3.0
[2026-02-17 11:14:52,017] INFO: Time: 0.2363693229999626; Command Current: 0; Motor Current: 3.0
[2026-02-17 11:14:52,018] INFO: Time: 0.23742829599996185; Command Current: 0; Motor Current: 2.0
[2026-02-17 11:14:52,019] INFO: Time: 0.23848724999993465; Command Current: 0; Motor Current: 3.0
[2026-02-17 11:14:52,020] INFO: Time: 0.23954546400000254; Command Current: 0; Motor Current: 1.0
[2026-02-17 11:14:52,021] INFO: Time: 0.2406046769999648; Command Current: 0; Motor Current: 2.0
[2026-02-17 11:14:52,022] INFO: Time: 0.24166431699995883; Command Current: 0; Motor Current: 2.0
[2026-02-17 11:14:52,024] INFO: Time: 0.24272301199994217; Command Current: 0; Motor Current: 2.0
[2026-02-17 11:14:52,025] INFO: Time: 0.24378004100003636; Command Current: 0; Motor Current: 2.0
[2026-02-17 11:14:52,026] INFO: Time: 0.24483864299986635; Command Current: 0; Motor Current: 1.0
[2026-02-17 11:14:52,027] INFO: Time: 0.24591895000003205; Command Current: 0; Motor Current: 1.0
[2026-02-17 11:14:52,028] INFO: Time: 0.24697820099981982; Command Current: 0; Motor Current: 2.0
[2026-02-17 11:14:52,029] INFO: Time: 0.24803985899984582; Command Current: 0; Motor Current: 3.0
[2026-02-17 11:14:52,030] INFO: Time: 0.24909881299981862; Command Current: 0; Motor Current: 2.0
[2026-02-17 11:14:52,031] INFO: Time: 0.25015800799997123; Command Current: 0; Motor Current: 2.0
[2026-02-17 11:14:52,032] INFO: Time: 0.25121649999982765; Command Current: 0; Motor Current: 2.0
[2026-02-17 11:14:52,033] INFO: Time: 0.2522754909998639; Command Current: 0; Motor Current: 3.0
[2026-02-17 11:14:52,034] INFO: Time: 0.2533364639998581; Command Current: 0; Motor Current: 2.0
[2026-02-17 11:14:52,035] INFO: Time: 0.2543978449998576; Command Current: 0; Motor Current: 2.0
[2026-02-17 11:14:52,036] INFO: Time: 0.2554565210000419; Command Current: 0; Motor Current: 2.0
[2026-02-17 11:14:52,037] INFO: Time: 0.2565156789999037; Command Current: 0; Motor Current: 3.0
[2026-02-17 11:14:52,038] INFO: Time: 0.25757455999996637; Command Current: 0; Motor Current: 3.0
[2026-02-17 11:14:52,039] INFO: Time: 0.2586341439998705; Command Current: 0; Motor Current: 3.0
[2026-02-17 11:14:52,040] INFO: Time: 0.2596956909999335; Command Current: 0; Motor Current: 5.0
[2026-02-17 11:14:52,042] INFO: Time: 0.2607550159998482; Command Current: 0; Motor Current: 5.0
[2026-02-17 11:14:52,043] INFO: Time: 0.26181463700004315; Command Current: 0; Motor Current: 6.0
[2026-02-17 11:14:52,044] INFO: Time: 0.2628737210000054; Command Current: 0; Motor Current: 6.0
[2026-02-17 11:14:52,045] INFO: Time: 0.2639626389998284; Command Current: 0; Motor Current: 6.0
[2026-02-17 11:14:52,046] INFO: Time: 0.2650310009998975; Command Current: 0; Motor Current: 5.0
[2026-02-17 11:14:52,047] INFO: Time: 0.26620884499993736; Command Current: 0; Motor Current: 5.0
[2026-02-17 11:14:52,048] INFO: Time: 0.2672740220000378; Command Current: 0; Motor Current: 4.0
[2026-02-17 11:14:52,049] INFO: Time: 0.26833782799985784; Command Current: 0; Motor Current: 3.0
[2026-02-17 11:14:52,050] INFO: Time: 0.2694191900000078; Command Current: 0; Motor Current: 2.0
[2026-02-17 11:14:52,051] INFO: Time: 0.27048029299999143; Command Current: 0; Motor Current: 2.0
[2026-02-17 11:14:52,052] INFO: Time: 0.27154082099991683; Command Current: 0; Motor Current: 2.0
[2026-02-17 11:14:52,053] INFO: Time: 0.27260090499999023; Command Current: 0; Motor Current: 3.0
[2026-02-17 11:14:52,054] INFO: Time: 0.2736653969998315; Command Current: 0; Motor Current: 3.0
[2026-02-17 11:14:52,056] INFO: Time: 0.27472770299982585; Command Current: 0; Motor Current: 3.0
[2026-02-17 11:14:52,057] INFO: Time: 0.2757872499998939; Command Current: 0; Motor Current: 4.0
[2026-02-17 11:14:52,058] INFO: Time: 0.2768477790000361; Command Current: 0; Motor Current: 4.0
[2026-02-17 11:14:52,059] INFO: Time: 0.27790843699995094; Command Current: 0; Motor Current: 3.0
[2026-02-17 11:14:52,060] INFO: Time: 0.2789690399999927; Command Current: 0; Motor Current: 4.0
[2026-02-17 11:14:52,061] INFO: Time: 0.28002888299988626; Command Current: 0; Motor Current: 3.0
[2026-02-17 11:14:52,062] INFO: Time: 0.2810884299999543; Command Current: 0; Motor Current: 3.0
[2026-02-17 11:14:52,063] INFO: Time: 0.2821480329998849; Command Current: 0; Motor Current: 3.0
[2026-02-17 11:14:52,064] INFO: Time: 0.2832074680000005; Command Current: 0; Motor Current: 3.0
[2026-02-17 11:14:52,065] INFO: Time: 0.2842680339999788; Command Current: 0; Motor Current: 2.0
[2026-02-17 11:14:52,066] INFO: Time: 0.2853287289999571; Command Current: 0; Motor Current: 2.0
[2026-02-17 11:14:52,067] INFO: Time: 0.2863893129999724; Command Current: 0; Motor Current: 3.0
[2026-02-17 11:14:52,068] INFO: Time: 0.28744817500000863; Command Current: 0; Motor Current: 2.0
[2026-02-17 11:14:52,069] INFO: Time: 0.2885071670000343; Command Current: 0; Motor Current: 3.0
[2026-02-17 11:14:52,070] INFO: Time: 0.28956649099995957; Command Current: 0; Motor Current: 3.0
[2026-02-17 11:14:52,071] INFO: Time: 0.29062648299986904; Command Current: 0; Motor Current: 3.0
[2026-02-17 11:14:52,072] INFO: Time: 0.2916871039999478; Command Current: 0; Motor Current: 3.0
[2026-02-17 11:14:52,074] INFO: Time: 0.29274635499996293; Command Current: 0; Motor Current: 2.0
[2026-02-17 11:14:52,075] INFO: Time: 0.29380569799991463; Command Current: 0; Motor Current: 3.0
[2026-02-17 11:14:52,076] INFO: Time: 0.2948648189999403; Command Current: 0; Motor Current: 3.0
[2026-02-17 11:14:52,077] INFO: Time: 0.29592377399990255; Command Current: 0; Motor Current: 3.0
[2026-02-17 11:14:52,078] INFO: Time: 0.29698417299982793; Command Current: 0; Motor Current: 2.0
[2026-02-17 11:14:52,079] INFO: Time: 0.29804436799986433; Command Current: 0; Motor Current: 3.0
[2026-02-17 11:14:52,080] INFO: Time: 0.29910389599990594; Command Current: 0; Motor Current: 3.0
[2026-02-17 11:14:52,081] INFO: Time: 0.30016279500000564; Command Current: 0; Motor Current: 4.0
[2026-02-17 11:14:52,082] INFO: Time: 0.30122163800001545; Command Current: 0; Motor Current: 4.0
[2026-02-17 11:14:52,083] INFO: Time: 0.30228098199995657; Command Current: 0; Motor Current: 4.0
[2026-02-17 11:14:52,084] INFO: Time: 0.3033401210000193; Command Current: 0; Motor Current: 3.0
[2026-02-17 11:14:52,085] INFO: Time: 0.3044198719999258; Command Current: 0; Motor Current: 3.0
[2026-02-17 11:14:52,086] INFO: Time: 0.3054610489998595; Command Current: 0; Motor Current: 2.0
[2026-02-17 11:14:52,087] INFO: Time: 0.3065200219998587; Command Current: 0; Motor Current: 2.0
[2026-02-17 11:14:52,088] INFO: Time: 0.3075786239999161; Command Current: 0; Motor Current: 2.0
[2026-02-17 11:14:52,089] INFO: Time: 0.3086384859998361; Command Current: 0; Motor Current: 2.0
[2026-02-17 11:14:52,090] INFO: Time: 0.30969836700000997; Command Current: 0; Motor Current: 3.0
[2026-02-17 11:14:52,092] INFO: Time: 0.31075770999996166; Command Current: 0; Motor Current: 2.0
[2026-02-17 11:14:52,093] INFO: Time: 0.31182618299999376; Command Current: 0; Motor Current: 2.0
[2026-02-17 11:14:52,094] INFO: Time: 0.3128900449999037; Command Current: 0; Motor Current: 3.0
[2026-02-17 11:14:52,095] INFO: Time: 0.31395207299988215; Command Current: 0; Motor Current: 3.0
[2026-02-17 11:14:52,096] INFO: Time: 0.3150121019998551; Command Current: 0; Motor Current: 3.0
[2026-02-17 11:14:52,097] INFO: Time: 0.31607290800002374; Command Current: 0; Motor Current: 3.0
[2026-02-17 11:14:52,098] INFO: Time: 0.31713219599987497; Command Current: 0; Motor Current: 3.0
[2026-02-17 11:14:52,099] INFO: Time: 0.3181911130000117; Command Current: 0; Motor Current: 2.0
[2026-02-17 11:14:52,100] INFO: Time: 0.3192501789999369; Command Current: 0; Motor Current: 3.0
[2026-02-17 11:14:52,101] INFO: Time: 0.3203105410000262; Command Current: 0; Motor Current: 3.0
[2026-02-17 11:14:52,102] INFO: Time: 0.32136855099997774; Command Current: 0; Motor Current: 3.0
[2026-02-17 11:14:52,103] INFO: Time: 0.32242839399987133; Command Current: 0; Motor Current: 3.0
[2026-02-17 11:14:52,104] INFO: Time: 0.3234871449999446; Command Current: 0; Motor Current: 3.0
[2026-02-17 11:14:52,105] INFO: Time: 0.32454624699994383; Command Current: 0; Motor Current: 3.0
[2026-02-17 11:14:52,106] INFO: Time: 0.3256059240000013; Command Current: 0; Motor Current: 2.0
[2026-02-17 11:14:52,107] INFO: Time: 0.32666539699994246; Command Current: 0; Motor Current: 2.0
[2026-02-17 11:14:52,109] INFO: Time: 0.3277244629998677; Command Current: 0; Motor Current: 1.0
[2026-02-17 11:14:52,110] INFO: Time: 0.3287919909998891; Command Current: 0; Motor Current: 1.0
[2026-02-17 11:14:52,111] INFO: Time: 0.3298551119999047; Command Current: 0; Motor Current: 1.0
[2026-02-17 11:14:52,112] INFO: Time: 0.33091560399998343; Command Current: 0; Motor Current: 2.0
[2026-02-17 11:14:52,113] INFO: Time: 0.3319762809999247; Command Current: 0; Motor Current: 3.0
[2026-02-17 11:14:52,114] INFO: Time: 0.3330373090000194; Command Current: 0; Motor Current: 3.0
[2026-02-17 11:14:52,115] INFO: Time: 0.3340969859998495; Command Current: 0; Motor Current: 3.0
[2026-02-17 11:14:52,116] INFO: Time: 0.3351562919999651; Command Current: 0; Motor Current: 3.0
[2026-02-17 11:14:52,117] INFO: Time: 0.33621570899981634; Command Current: 0; Motor Current: 3.0
[2026-02-17 11:14:52,118] INFO: Time: 0.3372796080000171; Command Current: 0; Motor Current: 3.0
[2026-02-17 11:14:52,119] INFO: Time: 0.33834308099994814; Command Current: 0; Motor Current: 3.0
[2026-02-17 11:14:52,120] INFO: Time: 0.33942388799982837; Command Current: 0; Motor Current: 2.0
[2026-02-17 11:14:52,121] INFO: Time: 0.3404843239998172; Command Current: 0; Motor Current: 3.0
[2026-02-17 11:14:52,122] INFO: Time: 0.3415441119998377; Command Current: 0; Motor Current: 3.0
[2026-02-17 11:14:52,123] INFO: Time: 0.34260456599986355; Command Current: 0; Motor Current: 4.0
[2026-02-17 11:14:52,124] INFO: Time: 0.34366481699998985; Command Current: 0; Motor Current: 4.0
[2026-02-17 11:14:52,126] INFO: Time: 0.34472449299983055; Command Current: 0; Motor Current: 4.0
[2026-02-17 11:14:52,127] INFO: Time: 0.34578396599999905; Command Current: 0; Motor Current: 3.0
[2026-02-17 11:14:52,128] INFO: Time: 0.34684334700000363; Command Current: 0; Motor Current: 3.0
[2026-02-17 11:14:52,129] INFO: Time: 0.3479023200000029; Command Current: 0; Motor Current: 2.0
[2026-02-17 11:14:52,130] INFO: Time: 0.348961792999944; Command Current: 0; Motor Current: 2.0
[2026-02-17 11:14:52,131] INFO: Time: 0.3500218770000174; Command Current: 0; Motor Current: 2.0
[2026-02-17 11:14:52,132] INFO: Time: 0.3510811090000061; Command Current: 0; Motor Current: 3.0
[2026-02-17 11:14:52,133] INFO: Time: 0.35214052599985735; Command Current: 0; Motor Current: 2.0
[2026-02-17 11:14:52,134] INFO: Time: 0.35319970299997294; Command Current: 0; Motor Current: 1.0
[2026-02-17 11:14:52,135] INFO: Time: 0.3542590649999511; Command Current: 0; Motor Current: 3.0
[2026-02-17 11:14:52,136] INFO: Time: 0.35532064899985016; Command Current: 0; Motor Current: 3.0
[2026-02-17 11:14:52,137] INFO: Time: 0.356380973999876; Command Current: 0; Motor Current: 3.0
[2026-02-17 11:14:52,138] INFO: Time: 0.35744024299992816; Command Current: 0; Motor Current: 4.0
[2026-02-17 11:14:52,139] INFO: Time: 0.3584993829999803; Command Current: 0; Motor Current: 4.0
[2026-02-17 11:14:52,140] INFO: Time: 0.3595582259999901; Command Current: 0; Motor Current: 5.0
[2026-02-17 11:14:52,141] INFO: Time: 0.3606176799999048; Command Current: 0; Motor Current: 4.0
[2026-02-17 11:14:52,142] INFO: Time: 0.36167778300000464; Command Current: 0; Motor Current: 4.0
[2026-02-17 11:14:52,144] INFO: Time: 0.36275508999983685; Command Current: 0; Motor Current: 4.0
[2026-02-17 11:14:52,145] INFO: Time: 0.3638140250000106; Command Current: 0; Motor Current: 4.0
[2026-02-17 11:14:52,146] INFO: Time: 0.36487310999996225; Command Current: 0; Motor Current: 3.0
[2026-02-17 11:14:52,147] INFO: Time: 0.36593228599986105; Command Current: 0; Motor Current: 4.0
[2026-02-17 11:14:52,148] INFO: Time: 0.36699242600002435; Command Current: 0; Motor Current: 4.0
[2026-02-17 11:14:52,149] INFO: Time: 0.3680529729999762; Command Current: 0; Motor Current: 5.0
[2026-02-17 11:14:52,150] INFO: Time: 0.36911238999982743; Command Current: 0; Motor Current: 5.0
[2026-02-17 11:14:52,151] INFO: Time: 0.3701717149999695; Command Current: 0; Motor Current: 5.0
[2026-02-17 11:14:52,152] INFO: Time: 0.3712310209998577; Command Current: 0; Motor Current: 6.0
[2026-02-17 11:14:52,153] INFO: Time: 0.37229123499992056; Command Current: 0; Motor Current: 5.0
[2026-02-17 11:14:52,154] INFO: Time: 0.3733574299999418; Command Current: 0; Motor Current: 5.0
[2026-02-17 11:14:52,155] INFO: Time: 0.37443294099989544; Command Current: 0; Motor Current: 3.0
[2026-02-17 11:14:52,156] INFO: Time: 0.37549263599998994; Command Current: 0; Motor Current: 4.0
[2026-02-17 11:14:52,157] INFO: Time: 0.3765497009999308; Command Current: 0; Motor Current: 3.0
[2026-02-17 11:14:52,158] INFO: Time: 0.3776067479998346; Command Current: 0; Motor Current: 3.0
[2026-02-17 11:14:52,159] INFO: Time: 0.3786666469998181; Command Current: 0; Motor Current: 2.0
[2026-02-17 11:14:52,161] INFO: Time: 0.37972617599984915; Command Current: 0; Motor Current: 3.0
[2026-02-17 11:14:52,162] INFO: Time: 0.3807852229999753; Command Current: 0; Motor Current: 3.0
[2026-02-17 11:14:52,163] INFO: Time: 0.3818686219999563; Command Current: 0; Motor Current: 3.0
[2026-02-17 11:14:52,164] INFO: Time: 0.3829276869998921; Command Current: 0; Motor Current: 3.0
[2026-02-17 11:14:52,165] INFO: Time: 0.38398771599986503; Command Current: 0; Motor Current: 2.0
[2026-02-17 11:14:52,166] INFO: Time: 0.385049466999817; Command Current: 0; Motor Current: 2.0
[2026-02-17 11:14:52,167] INFO: Time: 0.386109327999975; Command Current: 0; Motor Current: 2.0
[2026-02-17 11:14:52,168] INFO: Time: 0.3871685419999267; Command Current: 0; Motor Current: 2.0
[2026-02-17 11:14:52,169] INFO: Time: 0.38822775599987835; Command Current: 0; Motor Current: 3.0
[2026-02-17 11:14:52,170] INFO: Time: 0.3892876359998354; Command Current: 0; Motor Current: 3.0
[2026-02-17 11:14:52,171] INFO: Time: 0.39034862799985603; Command Current: 0; Motor Current: 3.0
[2026-02-17 11:14:52,172] INFO: Time: 0.39142860099991594; Command Current: 0; Motor Current: 3.0
[2026-02-17 11:14:52,173] INFO: Time: 0.39249162900000556; Command Current: 0; Motor Current: 3.0
[2026-02-17 11:14:52,174] INFO: Time: 0.3935511949998727; Command Current: 0; Motor Current: 3.0
[2026-02-17 11:14:52,175] INFO: Time: 0.39461103799999364; Command Current: 0; Motor Current: 2.0
[2026-02-17 11:14:52,176] INFO: Time: 0.3956720300000143; Command Current: 0; Motor Current: 2.0
[2026-02-17 11:14:52,178] INFO: Time: 0.39673159499989197; Command Current: 0; Motor Current: 2.0
[2026-02-17 11:14:52,179] INFO: Time: 0.39779088299997056; Command Current: 0; Motor Current: 3.0
[2026-02-17 11:14:52,180] INFO: Time: 0.39885004099983234; Command Current: 0; Motor Current: 3.0
[2026-02-17 11:14:52,181] INFO: Time: 0.3999091989999215; Command Current: 0; Motor Current: 4.0
[2026-02-17 11:14:52,182] INFO: Time: 0.40096913499996845; Command Current: 0; Motor Current: 4.0
[2026-02-17 11:14:52,183] INFO: Time: 0.4020307009998305; Command Current: 0; Motor Current: 4.0
[2026-02-17 11:14:52,184] INFO: Time: 0.4030898039998192; Command Current: 0; Motor Current: 3.0
[2026-02-17 11:14:52,185] INFO: Time: 0.40414877699981844; Command Current: 0; Motor Current: 4.0
[2026-02-17 11:14:52,186] INFO: Time: 0.4052079349999076; Command Current: 0; Motor Current: 3.0
[2026-02-17 11:14:52,187] INFO: Time: 0.40626679699994384; Command Current: 0; Motor Current: 3.0
[2026-02-17 11:14:52,188] INFO: Time: 0.4073278619998746; Command Current: 0; Motor Current: 4.0
[2026-02-17 11:14:52,189] INFO: Time: 0.4083895759999905; Command Current: 0; Motor Current: 3.0
[2026-02-17 11:14:52,190] INFO: Time: 0.4094507709999107; Command Current: 0; Motor Current: 3.0
[2026-02-17 11:14:52,191] INFO: Time: 0.4105098369998359; Command Current: 0; Motor Current: 3.0
[2026-02-17 11:14:52,192] INFO: Time: 0.41156860599994616; Command Current: 0; Motor Current: 2.0
[2026-02-17 11:14:52,193] INFO: Time: 0.4126281530000142; Command Current: 0; Motor Current: 3.0
[2026-02-17 11:14:52,194] INFO: Time: 0.4136892919998445; Command Current: 0; Motor Current: 2.0
[2026-02-17 11:14:52,196] INFO: Time: 0.414748857999939; Command Current: 0; Motor Current: 2.0
[2026-02-17 11:14:52,197] INFO: Time: 0.4158222199998818; Command Current: 0; Motor Current: 3.0
[2026-02-17 11:14:52,198] INFO: Time: 0.41688424899984966; Command Current: 0; Motor Current: 3.0
[2026-02-17 11:14:52,199] INFO: Time: 0.4179753329999585; Command Current: 0; Motor Current: 3.0
[2026-02-17 11:14:52,200] INFO: Time: 0.41903482399993663; Command Current: 0; Motor Current: 3.0
[2026-02-17 11:14:52,201] INFO: Time: 0.42009901999995236; Command Current: 0; Motor Current: 3.0
[2026-02-17 11:14:52,202] INFO: Time: 0.4211601959998461; Command Current: 0; Motor Current: 3.0
[2026-02-17 11:14:52,203] INFO: Time: 0.4222200399999565; Command Current: 0; Motor Current: 4.0
[2026-02-17 11:14:52,204] INFO: Time: 0.42328088299996125; Command Current: 0; Motor Current: 4.0
[2026-02-17 11:14:52,205] INFO: Time: 0.4243414119998761; Command Current: 0; Motor Current: 4.0
[2026-02-17 11:14:52,206] INFO: Time: 0.42540329199982807; Command Current: 0; Motor Current: 3.0
[2026-02-17 11:14:52,207] INFO: Time: 0.4264629499998591; Command Current: 0; Motor Current: 3.0
[2026-02-17 11:14:52,208] INFO: Time: 0.42752214500001173; Command Current: 0; Motor Current: 2.0
[2026-02-17 11:14:52,209] INFO: Time: 0.42858104399988406; Command Current: 0; Motor Current: 3.0
[2026-02-17 11:14:52,210] INFO: Time: 0.4296410360000209; Command Current: 0; Motor Current: 2.0
[2026-02-17 11:14:52,212] INFO: Time: 0.4307021199999781; Command Current: 0; Motor Current: 2.0
[2026-02-17 11:14:52,213] INFO: Time: 0.4317654629999197; Command Current: 0; Motor Current: 3.0
[2026-02-17 11:14:52,214] INFO: Time: 0.43282530600004065; Command Current: 0; Motor Current: 3.0
[2026-02-17 11:14:52,215] INFO: Time: 0.43388463099995533; Command Current: 0; Motor Current: 3.0
[2026-02-17 11:14:52,216] INFO: Time: 0.4349435489998541; Command Current: 0; Motor Current: 4.0
[2026-02-17 11:14:52,217] INFO: Time: 0.4360033729999486; Command Current: 0; Motor Current: 3.0
[2026-02-17 11:14:52,218] INFO: Time: 0.4370647349999217; Command Current: 0; Motor Current: 2.0
[2026-02-17 11:14:52,219] INFO: Time: 0.43812404200002675; Command Current: 0; Motor Current: 3.0
[2026-02-17 11:14:52,220] INFO: Time: 0.43918316299982507; Command Current: 0; Motor Current: 3.0
[2026-02-17 11:14:52,221] INFO: Time: 0.4402421909999248; Command Current: 0; Motor Current: 2.0
[2026-02-17 11:14:52,222] INFO: Time: 0.441302941999993; Command Current: 0; Motor Current: 2.0
[2026-02-17 11:14:52,223] INFO: Time: 0.44236315599982845; Command Current: 0; Motor Current: 1.0
[2026-02-17 11:14:52,224] INFO: Time: 0.4434240549999231; Command Current: 0; Motor Current: 2.0
[2026-02-17 11:14:52,225] INFO: Time: 0.4444830649999858; Command Current: 0; Motor Current: 1.0
[2026-02-17 11:14:52,226] INFO: Time: 0.4455413339999268; Command Current: 0; Motor Current: 1.0
[2026-02-17 11:14:52,227] INFO: Time: 0.44660065899984147; Command Current: 0; Motor Current: 1.0
[2026-02-17 11:14:52,228] INFO: Time: 0.4476601869998831; Command Current: 0; Motor Current: 2.0
[2026-02-17 11:14:52,230] INFO: Time: 0.4487201599999935; Command Current: 0; Motor Current: 1.0
[2026-02-17 11:14:52,231] INFO: Time: 0.44977948499990816; Command Current: 0; Motor Current: 1.0
[2026-02-17 11:14:52,232] INFO: Time: 0.4508380129998386; Command Current: 0; Motor Current: 2.0
[2026-02-17 11:14:52,233] INFO: Time: 0.45189687499987485; Command Current: 0; Motor Current: 2.0
[2026-02-17 11:14:52,234] INFO: Time: 0.452955793000001; Command Current: 0; Motor Current: 2.0
[2026-02-17 11:14:52,235] INFO: Time: 0.4540151359999527; Command Current: 0; Motor Current: 2.0
[2026-02-17 11:14:52,236] INFO: Time: 0.45507501599990974; Command Current: 0; Motor Current: 3.0
[2026-02-17 11:14:52,237] INFO: Time: 0.45613430399998833; Command Current: 0; Motor Current: 3.0
[2026-02-17 11:14:52,238] INFO: Time: 0.4571933879999506; Command Current: 0; Motor Current: 4.0
[2026-02-17 11:14:52,239] INFO: Time: 0.45825221299992336; Command Current: 0; Motor Current: 3.0
[2026-02-17 11:14:52,240] INFO: Time: 0.45931125999982214; Command Current: 0; Motor Current: 2.0
[2026-02-17 11:14:52,241] INFO: Time: 0.4603692890000275; Command Current: 0; Motor Current: 3.0
[2026-02-17 11:14:52,242] INFO: Time: 0.461429538999937; Command Current: 0; Motor Current: 2.0
[2026-02-17 11:14:52,243] INFO: Time: 0.4624883639999098; Command Current: 0; Motor Current: 2.0
[2026-02-17 11:14:52,244] INFO: Time: 0.4635489669999515; Command Current: 0; Motor Current: 2.0
[2026-02-17 11:14:52,245] INFO: Time: 0.464608773000009; Command Current: 0; Motor Current: 1.0
[2026-02-17 11:14:52,246] INFO: Time: 0.46568300499984616; Command Current: 0; Motor Current: 1.0
[2026-02-17 11:14:52,248] INFO: Time: 0.4667430339998191; Command Current: 0; Motor Current: 1.0
[2026-02-17 11:14:52,249] INFO: Time: 0.46780180299992935; Command Current: 0; Motor Current: 2.0
[2026-02-17 11:14:52,250] INFO: Time: 0.4688609799998176; Command Current: 0; Motor Current: 1.0
[2026-02-17 11:14:52,251] INFO: Time: 0.4699201749999702; Command Current: 0; Motor Current: 1.0
[2026-02-17 11:14:52,252] INFO: Time: 0.4709799810000277; Command Current: 0; Motor Current: 1.0
[2026-02-17 11:14:52,253] INFO: Time: 0.4720414169999003; Command Current: 0; Motor Current: 1.0
[2026-02-17 11:14:52,254] INFO: Time: 0.47310076099984144; Command Current: 0; Motor Current: 1.0
[2026-02-17 11:14:52,255] INFO: Time: 0.4741604189998725; Command Current: 0; Motor Current: 1.0
[2026-02-17 11:14:52,256] INFO: Time: 0.47521940999990875; Command Current: 0; Motor Current: 3.0
[2026-02-17 11:14:52,257] INFO: Time: 0.47627930899989224; Command Current: 0; Motor Current: 4.0
[2026-02-17 11:14:52,258] INFO: Time: 0.4773409299998548; Command Current: 0; Motor Current: 4.0
[2026-02-17 11:14:52,259] INFO: Time: 0.4784027179998702; Command Current: 0; Motor Current: 4.0
[2026-02-17 11:14:52,260] INFO: Time: 0.4794790060000196; Command Current: 0; Motor Current: 4.0
[2026-02-17 11:14:52,261] INFO: Time: 0.4805444419998821; Command Current: 0; Motor Current: 5.0
[2026-02-17 11:14:52,262] INFO: Time: 0.4816083589998925; Command Current: 0; Motor Current: 4.0
[2026-02-17 11:14:52,263] INFO: Time: 0.4826701099998445; Command Current: 0; Motor Current: 3.0
[2026-02-17 11:14:52,265] INFO: Time: 0.48373054599983334; Command Current: 0; Motor Current: 3.0
[2026-02-17 11:14:52,266] INFO: Time: 0.4847898149998855; Command Current: 0; Motor Current: 3.0
[2026-02-17 11:14:52,267] INFO: Time: 0.48584917699986363; Command Current: 0; Motor Current: 4.0
[2026-02-17 11:14:52,268] INFO: Time: 0.4869086129999687; Command Current: 0; Motor Current: 4.0
[2026-02-17 11:14:52,269] INFO: Time: 0.48796856800004207; Command Current: 0; Motor Current: 4.0
[2026-02-17 11:14:52,270] INFO: Time: 0.4890292439999939; Command Current: 0; Motor Current: 3.0
[2026-02-17 11:14:52,271] INFO: Time: 0.49008910599991395; Command Current: 0; Motor Current: 3.0
[2026-02-17 11:14:52,272] INFO: Time: 0.49114883799984455; Command Current: 0; Motor Current: 3.0
[2026-02-17 11:14:52,273] INFO: Time: 0.4922081079998861; Command Current: 0; Motor Current: 3.0
[2026-02-17 11:14:52,274] INFO: Time: 0.49326730300003874; Command Current: 0; Motor Current: 2.0
[2026-02-17 11:14:52,275] INFO: Time: 0.49432884999987436; Command Current: 0; Motor Current: 2.0
[2026-02-17 11:14:52,276] INFO: Time: 0.495389970999895; Command Current: 0; Motor Current: 2.0
[2026-02-17 11:14:52,277] INFO: Time: 0.4964493879999736; Command Current: 0; Motor Current: 1.0
[2026-02-17 11:14:52,278] INFO: Time: 0.49750817599988295; Command Current: 0; Motor Current: 1.0
[2026-02-17 11:14:52,279] INFO: Time: 0.4985669269999562; Command Current: 0; Motor Current: 1.0
[2026-02-17 11:14:52,280] INFO: Time: 0.4996266779999132; Command Current: 0; Motor Current: 1.0
[2026-02-17 11:14:52,281] INFO: Time: 0.5006869100000131; Command Current: 0; Motor Current: 2.0
[2026-02-17 11:14:52,283] INFO: Time: 0.5017459939999753; Command Current: 0; Motor Current: 1.0
[2026-02-17 11:14:52,284] INFO: Time: 0.5028052630000275; Command Current: 0; Motor Current: 1.0
[2026-02-17 11:14:52,285] INFO: Time: 0.5038640509999368; Command Current: 0; Motor Current: 2.0
[2026-02-17 11:14:52,286] INFO: Time: 0.5049230419999731; Command Current: 0; Motor Current: 2.0
[2026-02-17 11:14:52,287] INFO: Time: 0.5059824410000147; Command Current: 0; Motor Current: 3.0
[2026-02-17 11:14:52,288] INFO: Time: 0.5070426370000405; Command Current: 0; Motor Current: 4.0
[2026-02-17 11:14:52,289] INFO: Time: 0.5081021839998812; Command Current: 0; Motor Current: 3.0
[2026-02-17 11:14:52,290] INFO: Time: 0.5091613049999069; Command Current: 0; Motor Current: 3.0
[2026-02-17 11:14:52,291] INFO: Time: 0.5102205179998691; Command Current: 0; Motor Current: 4.0
[2026-02-17 11:14:52,292] INFO: Time: 0.5112804169998526; Command Current: 0; Motor Current: 3.0
[2026-02-17 11:14:52,293] INFO: Time: 0.5123419269998521; Command Current: 0; Motor Current: 3.0
[2026-02-17 11:14:52,294] INFO: Time: 0.5134025849999944; Command Current: 0; Motor Current: 4.0
[2026-02-17 11:14:52,295] INFO: Time: 0.5144615949998297; Command Current: 0; Motor Current: 3.0
[2026-02-17 11:14:52,296] INFO: Time: 0.5155206049998924; Command Current: 0; Motor Current: 3.0
[2026-02-17 11:14:52,297] INFO: Time: 0.5165796889998546; Command Current: 0; Motor Current: 4.0
[2026-02-17 11:14:52,298] INFO: Time: 0.5176396069998646; Command Current: 0; Motor Current: 4.0
[2026-02-17 11:14:52,299] INFO: Time: 0.5187000799999169; Command Current: 0; Motor Current: 4.0
[2026-02-17 11:14:52,301] INFO: Time: 0.5197591819999161; Command Current: 0; Motor Current: 4.0
[2026-02-17 11:14:52,302] INFO: Time: 0.5208218779998788; Command Current: 0; Motor Current: 3.0
[2026-02-17 11:14:52,303] INFO: Time: 0.5218836839999312; Command Current: 0; Motor Current: 2.0
[2026-02-17 11:14:52,304] INFO: Time: 0.5229443419998461; Command Current: 0; Motor Current: 3.0
[2026-02-17 11:14:52,305] INFO: Time: 0.5240044629999829; Command Current: 0; Motor Current: 2.0
[2026-02-17 11:14:52,306] INFO: Time: 0.525080250999963; Command Current: 0; Motor Current: 2.0
[2026-02-17 11:14:52,307] INFO: Time: 0.5261397239999042; Command Current: 0; Motor Current: 3.0
[2026-02-17 11:14:52,308] INFO: Time: 0.5271992709999722; Command Current: 0; Motor Current: 2.0
[2026-02-17 11:14:52,309] INFO: Time: 0.5282591889999821; Command Current: 0; Motor Current: 2.0
[2026-02-17 11:14:52,310] INFO: Time: 0.529319624999971; Command Current: 0; Motor Current: 1.0
[2026-02-17 11:14:52,311] INFO: Time: 0.53038139399996; Command Current: 0; Motor Current: 1.0
[2026-02-17 11:14:52,312] INFO: Time: 0.5314422740000282; Command Current: 0; Motor Current: 1.0
[2026-02-17 11:14:52,313] INFO: Time: 0.5325015799999164; Command Current: 0; Motor Current: 2.0
[2026-02-17 11:14:52,314] INFO: Time: 0.5335607019999316; Command Current: 0; Motor Current: 1.0
[2026-02-17 11:14:52,315] INFO: Time: 0.5346204889999626; Command Current: 0; Motor Current: 2.0
[2026-02-17 11:14:52,316] INFO: Time: 0.5356818329998987; Command Current: 0; Motor Current: 2.0
[2026-02-17 11:14:52,318] INFO: Time: 0.5367420830000356; Command Current: 0; Motor Current: 2.0
[2026-02-17 11:14:52,319] INFO: Time: 0.5378422419998969; Command Current: 0; Motor Current: 3.0
[2026-02-17 11:14:52,320] INFO: Time: 0.5389036589999705; Command Current: 0; Motor Current: 3.0
[2026-02-17 11:14:52,321] INFO: Time: 0.540156670999977; Command Current: 0; Motor Current: 2.0
[2026-02-17 11:14:52,322] INFO: Time: 0.5411960330000056; Command Current: 0; Motor Current: 3.0
[2026-02-17 11:14:52,323] INFO: Time: 0.5422582649998731; Command Current: 0; Motor Current: 3.0
[2026-02-17 11:14:52,324] INFO: Time: 0.5433171269999093; Command Current: 0; Motor Current: 4.0
[2026-02-17 11:14:52,325] INFO: Time: 0.5443765259999509; Command Current: 0; Motor Current: 4.0
[2026-02-17 11:14:52,326] INFO: Time: 0.5454376099999081; Command Current: 0; Motor Current: 4.0
[2026-02-17 11:14:52,327] INFO: Time: 0.546497767999881; Command Current: 0; Motor Current: 4.0
[2026-02-17 11:14:52,328] INFO: Time: 0.5475580929999069; Command Current: 0; Motor Current: 3.0
[2026-02-17 11:14:52,329] INFO: Time: 0.5486174919999485; Command Current: 0; Motor Current: 3.0
[2026-02-17 11:14:52,330] INFO: Time: 0.5496766869998737; Command Current: 0; Motor Current: 3.0
[2026-02-17 11:14:52,332] INFO: Time: 0.5507359379998888; Command Current: 0; Motor Current: 3.0
[2026-02-17 11:14:52,333] INFO: Time: 0.5517956699998194; Command Current: 0; Motor Current: 3.0
[2026-02-17 11:14:52,334] INFO: Time: 0.5528565499998876; Command Current: 0; Motor Current: 2.0
[2026-02-17 11:14:52,335] INFO: Time: 0.5539161159999821; Command Current: 0; Motor Current: 2.0
[2026-02-17 11:14:52,336] INFO: Time: 0.5549751629998809; Command Current: 0; Motor Current: 2.0
[2026-02-17 11:14:52,337] INFO: Time: 0.5560344319999331; Command Current: 0; Motor Current: 1.0
[2026-02-17 11:14:52,338] INFO: Time: 0.557093071999816; Command Current: 0; Motor Current: 2.0
[2026-02-17 11:14:52,339] INFO: Time: 0.5581526559999475; Command Current: 0; Motor Current: 1.0
[2026-02-17 11:14:52,340] INFO: Time: 0.5592127579998305; Command Current: 0; Motor Current: 1.0
[2026-02-17 11:14:52,341] INFO: Time: 0.5602730649998193; Command Current: 0; Motor Current: 2.0
[2026-02-17 11:14:52,342] INFO: Time: 0.5613344270000198; Command Current: 0; Motor Current: 2.0
[2026-02-17 11:14:52,343] INFO: Time: 0.562395639999977; Command Current: 0; Motor Current: 2.0
[2026-02-17 11:14:52,344] INFO: Time: 0.5634545020000132; Command Current: 0; Motor Current: 2.0
[2026-02-17 11:14:52,345] INFO: Time: 0.5645146969998223; Command Current: 0; Motor Current: 2.0
[2026-02-17 11:14:52,346] INFO: Time: 0.5655755220000174; Command Current: 0; Motor Current: 2.0
[2026-02-17 11:14:52,347] INFO: Time: 0.566634514000043; Command Current: 0; Motor Current: 2.0
[2026-02-17 11:14:52,348] INFO: Time: 0.5676934309999524; Command Current: 0; Motor Current: 2.0
[2026-02-17 11:14:52,350] INFO: Time: 0.5687522739999622; Command Current: 0; Motor Current: 2.0
[2026-02-17 11:14:52,351] INFO: Time: 0.5698120249999192; Command Current: 0; Motor Current: 2.0
[2026-02-17 11:14:52,352] INFO: Time: 0.5708725909998975; Command Current: 0; Motor Current: 2.0
[2026-02-17 11:14:52,353] INFO: Time: 0.5719313229999443; Command Current: 0; Motor Current: 2.0
[2026-02-17 11:14:52,354] INFO: Time: 0.5729901479999171; Command Current: 0; Motor Current: 2.0
[2026-02-17 11:14:52,355] INFO: Time: 0.5740491760000168; Command Current: 0; Motor Current: 2.0
[2026-02-17 11:14:52,356] INFO: Time: 0.5751079269998627; Command Current: 0; Motor Current: 3.0
[2026-02-17 11:14:52,357] INFO: Time: 0.5761678999999731; Command Current: 0; Motor Current: 3.0
[2026-02-17 11:14:52,358] INFO: Time: 0.5772288910000043; Command Current: 0; Motor Current: 3.0
[2026-02-17 11:14:52,359] INFO: Time: 0.5782890499999667; Command Current: 0; Motor Current: 3.0
[2026-02-17 11:14:52,360] INFO: Time: 0.5793494859999555; Command Current: 0; Motor Current: 3.0
[2026-02-17 11:14:52,361] INFO: Time: 0.5804242739998244; Command Current: 0; Motor Current: 1.0
[2026-02-17 11:14:52,362] INFO: Time: 0.5814831539998977; Command Current: 0; Motor Current: 1.0
[2026-02-17 11:14:52,363] INFO: Time: 0.5825426639999023; Command Current: 0; Motor Current: 0.0
[2026-02-17 11:14:52,364] INFO: Time: 0.5836044519999177; Command Current: 0; Motor Current: 0.0
[2026-02-17 11:14:52,365] INFO: Time: 0.5846636279998165; Command Current: 0; Motor Current: 0.0
[2026-02-17 11:14:52,367] INFO: Time: 0.5857459530000142; Command Current: 0; Motor Current: 0.0
[2026-02-17 11:14:52,368] INFO: Time: 0.586805092999839; Command Current: 0; Motor Current: 0.0
[2026-02-17 11:14:52,369] INFO: Time: 0.5878653069999018; Command Current: 0; Motor Current: 2.0
[2026-02-17 11:14:52,370] INFO: Time: 0.588926297999933; Command Current: 0; Motor Current: 2.0
[2026-02-17 11:14:52,371] INFO: Time: 0.5899861789998795; Command Current: 0; Motor Current: 2.0
[2026-02-17 11:14:52,372] INFO: Time: 0.5910454479999316; Command Current: 0; Motor Current: 2.0
[2026-02-17 11:14:52,373] INFO: Time: 0.5921047360000102; Command Current: 0; Motor Current: 2.0
[2026-02-17 11:14:52,374] INFO: Time: 0.5931635969998297; Command Current: 0; Motor Current: 2.0
[2026-02-17 11:14:52,375] INFO: Time: 0.5942236070000035; Command Current: 0; Motor Current: 3.0
[2026-02-17 11:14:52,376] INFO: Time: 0.5952857659999609; Command Current: 0; Motor Current: 3.0
[2026-02-17 11:14:52,377] INFO: Time: 0.5963461649998862; Command Current: 0; Motor Current: 2.0
[2026-02-17 11:14:52,378] INFO: Time: 0.5974188969998977; Command Current: 0; Motor Current: 2.0
[2026-02-17 11:14:52,379] INFO: Time: 0.598475998999902; Command Current: 0; Motor Current: 2.0
[2026-02-17 11:14:52,380] INFO: Time: 0.5995348609999382; Command Current: 0; Motor Current: 2.0
[2026-02-17 11:14:52,381] INFO: Time: 0.6005949450000116; Command Current: 0; Motor Current: 3.0
[2026-02-17 11:14:52,382] INFO: Time: 0.6016553069998736; Command Current: 0; Motor Current: 3.0
[2026-02-17 11:14:52,384] INFO: Time: 0.6027153539998835; Command Current: 0; Motor Current: 2.0
[2026-02-17 11:14:52,385] INFO: Time: 0.6037744569998722; Command Current: 0; Motor Current: 3.0
[2026-02-17 11:14:52,386] INFO: Time: 0.6048335959999349; Command Current: 0; Motor Current: 3.0
[2026-02-17 11:14:52,387] INFO: Time: 0.6058928659999765; Command Current: 0; Motor Current: 3.0
[2026-02-17 11:14:52,388] INFO: Time: 0.6069533569998384; Command Current: 0; Motor Current: 3.0
[2026-02-17 11:14:52,389] INFO: Time: 0.6082959809998556; Command Current: 0; Motor Current: 2.0
[2026-02-17 11:14:52,390] INFO: Time: 0.6093411759998162; Command Current: 0; Motor Current: 2.0
[2026-02-17 11:14:52,391] INFO: Time: 0.6104011119998631; Command Current: 0; Motor Current: 3.0
[2026-02-17 11:14:52,392] INFO: Time: 0.6114586959999997; Command Current: 0; Motor Current: 2.0
[2026-02-17 11:14:52,393] INFO: Time: 0.6125177249998615; Command Current: 0; Motor Current: 1.0
[2026-02-17 11:14:52,394] INFO: Time: 0.6135784010000407; Command Current: 0; Motor Current: 1.0
[2026-02-17 11:14:52,395] INFO: Time: 0.6146387080000295; Command Current: 0; Motor Current: 1.0
[2026-02-17 11:14:52,397] INFO: Time: 0.6157053659999292; Command Current: 0; Motor Current: 2.0
[2026-02-17 11:14:52,398] INFO: Time: 0.6167680609999024; Command Current: 0; Motor Current: 2.0
[2026-02-17 11:14:52,399] INFO: Time: 0.61782786699996; Command Current: 0; Motor Current: 3.0
[2026-02-17 11:14:52,400] INFO: Time: 0.6188872660000015; Command Current: 0; Motor Current: 3.0
[2026-02-17 11:14:52,401] INFO: Time: 0.6199469429998317; Command Current: 0; Motor Current: 3.0
[2026-02-17 11:14:52,402] INFO: Time: 0.6210070820000055; Command Current: 0; Motor Current: 4.0
[2026-02-17 11:14:52,403] INFO: Time: 0.6220663519998197; Command Current: 0; Motor Current: 4.0
[2026-02-17 11:14:52,404] INFO: Time: 0.6231256949999988; Command Current: 0; Motor Current: 4.0
[2026-02-17 11:14:52,405] INFO: Time: 0.6241849639998236; Command Current: 0; Motor Current: 4.0
[2026-02-17 11:14:52,406] INFO: Time: 0.6252440480000132; Command Current: 0; Motor Current: 3.0
[2026-02-17 11:14:52,407] INFO: Time: 0.6263042989999121; Command Current: 0; Motor Current: 3.0
[2026-02-17 11:14:52,408] INFO: Time: 0.6273654760000227; Command Current: 0; Motor Current: 3.0
[2026-02-17 11:14:52,409] INFO: Time: 0.6284372640000129; Command Current: 0; Motor Current: 1.0
[2026-02-17 11:14:52,410] INFO: Time: 0.6295000509999227; Command Current: 0; Motor Current: 1.0
[2026-02-17 11:14:52,411] INFO: Time: 0.6305607469998904; Command Current: 0; Motor Current: 1.0
[2026-02-17 11:14:52,412] INFO: Time: 0.6316215719998581; Command Current: 0; Motor Current: 1.0
[2026-02-17 11:14:52,413] INFO: Time: 0.6326836559999265; Command Current: 0; Motor Current: 2.0
[2026-02-17 11:14:52,415] INFO: Time: 0.6337430730000051; Command Current: 0; Motor Current: 2.0
[2026-02-17 11:14:52,416] INFO: Time: 0.6348025459999462; Command Current: 0; Motor Current: 2.0
[2026-02-17 11:14:52,417] INFO: Time: 0.6358618149999984; Command Current: 0; Motor Current: 2.0
[2026-02-17 11:14:52,418] INFO: Time: 0.6369208439998602; Command Current: 0; Motor Current: 2.0
[2026-02-17 11:14:52,419] INFO: Time: 0.6379804460000287; Command Current: 0; Motor Current: 2.0
[2026-02-17 11:14:52,420] INFO: Time: 0.6390405859999646; Command Current: 0; Motor Current: 2.0
[2026-02-17 11:14:52,421] INFO: Time: 0.6400995589999638; Command Current: 0; Motor Current: 2.0
[2026-02-17 11:14:52,422] INFO: Time: 0.641158699000016; Command Current: 0; Motor Current: 2.0
[2026-02-17 11:14:52,423] INFO: Time: 0.6422174309998354; Command Current: 0; Motor Current: 2.0
[2026-02-17 11:14:52,424] INFO: Time: 0.6432758299999932; Command Current: 0; Motor Current: 3.0
[2026-02-17 11:14:52,425] INFO: Time: 0.6443362659999821; Command Current: 0; Motor Current: 3.0
[2026-02-17 11:14:52,426] INFO: Time: 0.6454002939999555; Command Current: 0; Motor Current: 3.0
[2026-02-17 11:14:52,427] INFO: Time: 0.646460100000013; Command Current: 0; Motor Current: 3.0
[2026-02-17 11:14:52,428] INFO: Time: 0.6475184809999064; Command Current: 0; Motor Current: 3.0
[2026-02-17 11:14:52,429] INFO: Time: 0.6485775280000325; Command Current: 0; Motor Current: 3.0
[2026-02-17 11:14:52,430] INFO: Time: 0.6496369449998838; Command Current: 0; Motor Current: 3.0
[2026-02-17 11:14:52,432] INFO: Time: 0.6506966029999148; Command Current: 0; Motor Current: 4.0
[2026-02-17 11:14:52,433] INFO: Time: 0.651755632000004; Command Current: 0; Motor Current: 4.0
[2026-02-17 11:14:52,434] INFO: Time: 0.6528144750000138; Command Current: 0; Motor Current: 4.0
[2026-02-17 11:14:52,435] INFO: Time: 0.6538733929999125; Command Current: 0; Motor Current: 5.0
[2026-02-17 11:14:52,436] INFO: Time: 0.6549323289998483; Command Current: 0; Motor Current: 5.0
[2026-02-17 11:14:52,437] INFO: Time: 0.6559926529998847; Command Current: 0; Motor Current: 4.0
[2026-02-17 11:14:52,438] INFO: Time: 0.6570525889999317; Command Current: 0; Motor Current: 4.0
[2026-02-17 11:14:52,439] INFO: Time: 0.6581121919998623; Command Current: 0; Motor Current: 4.0
[2026-02-17 11:14:52,440] INFO: Time: 0.6591711280000254; Command Current: 0; Motor Current: 3.0
[2026-02-17 11:14:52,441] INFO: Time: 0.6602303039999242; Command Current: 0; Motor Current: 4.0
[2026-02-17 11:14:52,442] INFO: Time: 0.6612899629999447; Command Current: 0; Motor Current: 3.0
[2026-02-17 11:14:52,443] INFO: Time: 0.6623511759999019; Command Current: 0; Motor Current: 3.0
[2026-02-17 11:14:52,444] INFO: Time: 0.6634279089998927; Command Current: 0; Motor Current: 3.0
[2026-02-17 11:14:52,445] INFO: Time: 0.6644871039998179; Command Current: 0; Motor Current: 2.0
[2026-02-17 11:14:52,446] INFO: Time: 0.6655462989999705; Command Current: 0; Motor Current: 3.0
[2026-02-17 11:14:52,447] INFO: Time: 0.6666061789999276; Command Current: 0; Motor Current: 3.0
[2026-02-17 11:14:52,448] INFO: Time: 0.6676663929999904; Command Current: 0; Motor Current: 2.0
[2026-02-17 11:14:52,450] INFO: Time: 0.6687256620000426; Command Current: 0; Motor Current: 2.0
[2026-02-17 11:14:52,451] INFO: Time: 0.6697846170000048; Command Current: 0; Motor Current: 2.0
[2026-02-17 11:14:52,452] INFO: Time: 0.6708693309999489; Command Current: 0; Motor Current: 1.0
[2026-02-17 11:14:52,453] INFO: Time: 0.6719284890000381; Command Current: 0; Motor Current: 2.0
[2026-02-17 11:14:52,454] INFO: Time: 0.6729879990000427; Command Current: 0; Motor Current: 2.0
[2026-02-17 11:14:52,455] INFO: Time: 0.6740493979998519; Command Current: 0; Motor Current: 2.0
[2026-02-17 11:14:52,456] INFO: Time: 0.6751084259999516; Command Current: 0; Motor Current: 2.0
[2026-02-17 11:14:52,457] INFO: Time: 0.6761675099999138; Command Current: 0; Motor Current: 3.0
[2026-02-17 11:14:52,458] INFO: Time: 0.6772264459998496; Command Current: 0; Motor Current: 3.0
[2026-02-17 11:14:52,459] INFO: Time: 0.6782866050000393; Command Current: 0; Motor Current: 3.0
[2026-02-17 11:14:52,460] INFO: Time: 0.6793479289999595; Command Current: 0; Motor Current: 2.0
[2026-02-17 11:14:52,461] INFO: Time: 0.6804289770000196; Command Current: 0; Motor Current: 2.0
[2026-02-17 11:14:52,462] INFO: Time: 0.6815065050000157; Command Current: 0; Motor Current: 2.0
[2026-02-17 11:14:52,463] INFO: Time: 0.6825655519999145; Command Current: 0; Motor Current: 3.0
[2026-02-17 11:14:52,464] INFO: Time: 0.6836257659999774; Command Current: 0; Motor Current: 3.0
[2026-02-17 11:14:52,465] INFO: Time: 0.6846872389999135; Command Current: 0; Motor Current: 4.0
[2026-02-17 11:14:52,467] INFO: Time: 0.6857470079999075; Command Current: 0; Motor Current: 5.0
[2026-02-17 11:14:52,468] INFO: Time: 0.6868061659999967; Command Current: 0; Motor Current: 5.0
[2026-02-17 11:14:52,469] INFO: Time: 0.6878655099999378; Command Current: 0; Motor Current: 5.0
[2026-02-17 11:14:52,470] INFO: Time: 0.6889245749998736; Command Current: 0; Motor Current: 5.0
[2026-02-17 11:14:52,471] INFO: Time: 0.6899841409999681; Command Current: 0; Motor Current: 5.0
[2026-02-17 11:14:52,472] INFO: Time: 0.6910457989999941; Command Current: 0; Motor Current: 4.0
[2026-02-17 11:14:52,473] INFO: Time: 0.6921053089999987; Command Current: 0; Motor Current: 3.0
[2026-02-17 11:14:52,474] INFO: Time: 0.6931650779999927; Command Current: 0; Motor Current: 2.0
[2026-02-17 11:14:52,475] INFO: Time: 0.6942242919999444; Command Current: 0; Motor Current: 2.0
[2026-02-17 11:14:52,476] INFO: Time: 0.6952845609998803; Command Current: 0; Motor Current: 3.0
[2026-02-17 11:14:52,477] INFO: Time: 0.6963464599998588; Command Current: 0; Motor Current: 3.0
[2026-02-17 11:14:52,478] INFO: Time: 0.6974084329999641; Command Current: 0; Motor Current: 3.0
[2026-02-17 11:14:52,479] INFO: Time: 0.6984682209999846; Command Current: 0; Motor Current: 3.0
[2026-02-17 11:14:52,480] INFO: Time: 0.6995269899998675; Command Current: 0; Motor Current: 3.0
[2026-02-17 11:14:52,481] INFO: Time: 0.7005858329998773; Command Current: 0; Motor Current: 3.0
[2026-02-17 11:14:52,482] INFO: Time: 0.701646621000009; Command Current: 0; Motor Current: 3.0
[2026-02-17 11:14:52,484] INFO: Time: 0.7027086129999134; Command Current: 0; Motor Current: 3.0
[2026-02-17 11:14:52,485] INFO: Time: 0.7037684009999339; Command Current: 0; Motor Current: 3.0
[2026-02-17 11:14:52,486] INFO: Time: 0.7048275219999596; Command Current: 0; Motor Current: 2.0
[2026-02-17 11:14:52,487] INFO: Time: 0.7058866799998214; Command Current: 0; Motor Current: 2.0
[2026-02-17 11:14:52,488] INFO: Time: 0.7069458559999475; Command Current: 0; Motor Current: 3.0
[2026-02-17 11:14:52,489] INFO: Time: 0.708005847999857; Command Current: 0; Motor Current: 2.0
[2026-02-17 11:14:52,490] INFO: Time: 0.7090674510000099; Command Current: 0; Motor Current: 2.0
[2026-02-17 11:14:52,491] INFO: Time: 0.7101269979998506; Command Current: 0; Motor Current: 2.0
[2026-02-17 11:14:52,492] INFO: Time: 0.7111934519998613; Command Current: 0; Motor Current: 2.0
[2026-02-17 11:14:52,493] INFO: Time: 0.7122566839998399; Command Current: 0; Motor Current: 3.0
[2026-02-17 11:14:52,494] INFO: Time: 0.7133176939998975; Command Current: 0; Motor Current: 2.0
[2026-02-17 11:14:52,495] INFO: Time: 0.7143795560000399; Command Current: 0; Motor Current: 2.0
[2026-02-17 11:14:52,496] INFO: Time: 0.7154406399999971; Command Current: 0; Motor Current: 2.0
[2026-02-17 11:14:52,497] INFO: Time: 0.7165004099999805; Command Current: 0; Motor Current: 3.0
[2026-02-17 11:14:52,498] INFO: Time: 0.7175599380000222; Command Current: 0; Motor Current: 2.0
[2026-02-17 11:14:52,499] INFO: Time: 0.7186208929999793; Command Current: 0; Motor Current: 3.0
[2026-02-17 11:14:52,500] INFO: Time: 0.7196813660000316; Command Current: 0; Motor Current: 3.0
[2026-02-17 11:14:52,502] INFO: Time: 0.7207411159999992; Command Current: 0; Motor Current: 2.0
[2026-02-17 11:14:52,503] INFO: Time: 0.7218009599998823; Command Current: 0; Motor Current: 3.0
[2026-02-17 11:14:52,504] INFO: Time: 0.7228605069999503; Command Current: 0; Motor Current: 3.0
[2026-02-17 11:14:52,505] INFO: Time: 0.7239202389998809; Command Current: 0; Motor Current: 2.0
[2026-02-17 11:14:52,506] INFO: Time: 0.7249799530000018; Command Current: 0; Motor Current: 2.0
[2026-02-17 11:14:52,507] INFO: Time: 0.7260400549998849; Command Current: 0; Motor Current: 2.0
[2026-02-17 11:14:52,508] INFO: Time: 0.7270993429999635; Command Current: 0; Motor Current: 2.0
[2026-02-17 11:14:52,509] INFO: Time: 0.7281585009998253; Command Current: 0; Motor Current: 2.0
[2026-02-17 11:14:52,510] INFO: Time: 0.7292179559999568; Command Current: 0; Motor Current: 3.0
[2026-02-17 11:14:52,511] INFO: Time: 0.7302766689999771; Command Current: 0; Motor Current: 3.0
[2026-02-17 11:14:52,512] INFO: Time: 0.7313362529998813; Command Current: 0; Motor Current: 3.0
[2026-02-17 11:14:52,513] INFO: Time: 0.7323975599999812; Command Current: 0; Motor Current: 4.0
[2026-02-17 11:14:52,514] INFO: Time: 0.733456846999843; Command Current: 0; Motor Current: 4.0
[2026-02-17 11:14:52,515] INFO: Time: 0.7345158569999057; Command Current: 0; Motor Current: 5.0
[2026-02-17 11:14:52,516] INFO: Time: 0.7355746819998785; Command Current: 0; Motor Current: 5.0
[2026-02-17 11:14:52,517] INFO: Time: 0.736634247999973; Command Current: 0; Motor Current: 4.0
[2026-02-17 11:14:52,518] INFO: Time: 0.737694405999946; Command Current: 0; Motor Current: 4.0
[2026-02-17 11:14:52,520] INFO: Time: 0.7387535640000351; Command Current: 0; Motor Current: 3.0
[2026-02-17 11:14:52,521] INFO: Time: 0.7398124809999445; Command Current: 0; Motor Current: 3.0
[2026-02-17 11:14:52,522] INFO: Time: 0.7408709909998379; Command Current: 0; Motor Current: 3.0
[2026-02-17 11:14:52,523] INFO: Time: 0.7419295009999587; Command Current: 0; Motor Current: 2.0
[2026-02-17 11:14:52,524] INFO: Time: 0.7429886600000373; Command Current: 0; Motor Current: 1.0
[2026-02-17 11:14:52,525] INFO: Time: 0.7440483919999679; Command Current: 0; Motor Current: 2.0
[2026-02-17 11:14:52,526] INFO: Time: 0.7451071979999142; Command Current: 0; Motor Current: 2.0
[2026-02-17 11:14:52,527] INFO: Time: 0.7461664299999029; Command Current: 0; Motor Current: 3.0
[2026-02-17 11:14:52,528] INFO: Time: 0.7472254770000291; Command Current: 0; Motor Current: 3.0
[2026-02-17 11:14:52,529] INFO: Time: 0.7482850239998697; Command Current: 0; Motor Current: 3.0
[2026-02-17 11:14:52,530] INFO: Time: 0.7493463490000067; Command Current: 0; Motor Current: 3.0
[2026-02-17 11:14:52,531] INFO: Time: 0.7504255629999079; Command Current: 0; Motor Current: 3.0
[2026-02-17 11:14:52,532] INFO: Time: 0.7514841099998648; Command Current: 0; Motor Current: 3.0
[2026-02-17 11:14:52,533] INFO: Time: 0.752543193999827; Command Current: 0; Motor Current: 2.0
[2026-02-17 11:14:52,534] INFO: Time: 0.7536022409999532; Command Current: 0; Motor Current: 2.0
[2026-02-17 11:14:52,535] INFO: Time: 0.7546620480000001; Command Current: 0; Motor Current: 2.0
[2026-02-17 11:14:52,537] INFO: Time: 0.7557229829999415; Command Current: 0; Motor Current: 1.0
[2026-02-17 11:14:52,538] INFO: Time: 0.7567827899999884; Command Current: 0; Motor Current: 2.0
[2026-02-17 11:14:52,539] INFO: Time: 0.7578659109999535; Command Current: 0; Motor Current: 2.0
[2026-02-17 11:14:52,540] INFO: Time: 0.7589252909999686; Command Current: 0; Motor Current: 1.0
[2026-02-17 11:14:52,541] INFO: Time: 0.7599844869998833; Command Current: 0; Motor Current: 2.0
[2026-02-17 11:14:52,542] INFO: Time: 0.7610455340000044; Command Current: 0; Motor Current: 1.0
[2026-02-17 11:14:52,543] INFO: Time: 0.7621068399998876; Command Current: 0; Motor Current: 1.0
[2026-02-17 11:14:52,544] INFO: Time: 0.7631666830000086; Command Current: 0; Motor Current: 2.0
[2026-02-17 11:14:52,545] INFO: Time: 0.7642258599998968; Command Current: 0; Motor Current: 2.0
[2026-02-17 11:14:52,546] INFO: Time: 0.7652860369998962; Command Current: 0; Motor Current: 2.0
[2026-02-17 11:14:52,547] INFO: Time: 0.7663470840000173; Command Current: 0; Motor Current: 3.0
[2026-02-17 11:14:52,548] INFO: Time: 0.767424371999823; Command Current: 0; Motor Current: 3.0
[2026-02-17 11:14:52,549] INFO: Time: 0.7684860669999125; Command Current: 0; Motor Current: 3.0
[2026-02-17 11:14:52,550] INFO: Time: 0.7695510029998331; Command Current: 0; Motor Current: 3.0
[2026-02-17 11:14:52,551] INFO: Time: 0.7706135500000073; Command Current: 0; Motor Current: 2.0
[2026-02-17 11:14:52,552] INFO: Time: 0.771674818999827; Command Current: 0; Motor Current: 3.0
[2026-02-17 11:14:52,554] INFO: Time: 0.7727369399999588; Command Current: 0; Motor Current: 2.0
[2026-02-17 11:14:52,555] INFO: Time: 0.7737970609998683; Command Current: 0; Motor Current: 2.0
[2026-02-17 11:14:52,556] INFO: Time: 0.7748569049999787; Command Current: 0; Motor Current: 3.0
[2026-02-17 11:14:52,557] INFO: Time: 0.7759164889998829; Command Current: 0; Motor Current: 3.0
[2026-02-17 11:14:52,558] INFO: Time: 0.776975850999861; Command Current: 0; Motor Current: 2.0
[2026-02-17 11:14:52,559] INFO: Time: 0.778035508999892; Command Current: 0; Motor Current: 2.0
[2026-02-17 11:14:52,560] INFO: Time: 0.7790964260000237; Command Current: 0; Motor Current: 2.0
[2026-02-17 11:14:52,561] INFO: Time: 0.7801558070000283; Command Current: 0; Motor Current: 3.0
[2026-02-17 11:14:52,562] INFO: Time: 0.7812155019998954; Command Current: 0; Motor Current: 2.0
[2026-02-17 11:14:52,563] INFO: Time: 0.7822758449999583; Command Current: 0; Motor Current: 3.0
[2026-02-17 11:14:52,564] INFO: Time: 0.783336337000037; Command Current: 0; Motor Current: 3.0
[2026-02-17 11:14:52,565] INFO: Time: 0.7843976059998568; Command Current: 0; Motor Current: 3.0
[2026-02-17 11:14:52,566] INFO: Time: 0.7854590599999938; Command Current: 0; Motor Current: 3.0
[2026-02-17 11:14:52,567] INFO: Time: 0.7865187929999138; Command Current: 0; Motor Current: 2.0
[2026-02-17 11:14:52,568] INFO: Time: 0.7875783029999184; Command Current: 0; Motor Current: 1.0
[2026-02-17 11:14:52,569] INFO: Time: 0.7886382389999653; Command Current: 0; Motor Current: 2.0
[2026-02-17 11:14:52,570] INFO: Time: 0.7896990079998432; Command Current: 0; Motor Current: 2.0
[2026-02-17 11:14:52,572] INFO: Time: 0.7907582399998319; Command Current: 0; Motor Current: 2.0
[2026-02-17 11:14:52,573] INFO: Time: 0.7918171389999316; Command Current: 0; Motor Current: 3.0
[2026-02-17 11:14:52,574] INFO: Time: 0.7928758159998779; Command Current: 0; Motor Current: 3.0
[2026-02-17 11:14:52,575] INFO: Time: 0.7939344369999617; Command Current: 0; Motor Current: 3.0
[2026-02-17 11:14:52,576] INFO: Time: 0.7949940579999293; Command Current: 0; Motor Current: 3.0
[2026-02-17 11:14:52,577] INFO: Time: 0.7960548089999975; Command Current: 0; Motor Current: 3.0
[2026-02-17 11:14:52,578] INFO: Time: 0.7971140590000232; Command Current: 0; Motor Current: 2.0
[2026-02-17 11:14:52,579] INFO: Time: 0.7981734210000013; Command Current: 0; Motor Current: 2.0
[2026-02-17 11:14:52,580] INFO: Time: 0.7992326720000165; Command Current: 0; Motor Current: 2.0
[2026-02-17 11:14:52,581] INFO: Time: 0.8002931080000053; Command Current: 0; Motor Current: 2.0
[2026-02-17 11:14:52,582] INFO: Time: 0.8013544139998885; Command Current: 0; Motor Current: 3.0
[2026-02-17 11:14:52,583] INFO: Time: 0.8024277209999582; Command Current: 0; Motor Current: 2.0
[2026-02-17 11:14:52,584] INFO: Time: 0.8034869709999839; Command Current: 0; Motor Current: 2.0
[2026-02-17 11:14:52,585] INFO: Time: 0.8045459259999461; Command Current: 0; Motor Current: 2.0
[2026-02-17 11:14:52,586] INFO: Time: 0.8056080649998876; Command Current: 0; Motor Current: 2.0
[2026-02-17 11:14:52,587] INFO: Time: 0.8066707789998873; Command Current: 0; Motor Current: 3.0
[2026-02-17 11:14:52,589] INFO: Time: 0.8077302519998284; Command Current: 0; Motor Current: 2.0
[2026-02-17 11:14:52,590] INFO: Time: 0.8087894099999176; Command Current: 0; Motor Current: 2.0
[2026-02-17 11:14:52,591] INFO: Time: 0.8098482349998903; Command Current: 0; Motor Current: 3.0
[2026-02-17 11:14:52,592] INFO: Time: 0.8109085779999532; Command Current: 0; Motor Current: 2.0
[2026-02-17 11:14:52,593] INFO: Time: 0.811968884999942; Command Current: 0; Motor Current: 2.0
[2026-02-17 11:14:52,594] INFO: Time: 0.8130568019998918; Command Current: 0; Motor Current: 2.0
[2026-02-17 11:14:52,595] INFO: Time: 0.8141165160000128; Command Current: 0; Motor Current: 1.0
[2026-02-17 11:14:52,596] INFO: Time: 0.8151758779999909; Command Current: 0; Motor Current: 2.0
[2026-02-17 11:14:52,597] INFO: Time: 0.8162351099999796; Command Current: 0; Motor Current: 3.0
[2026-02-17 11:14:52,598] INFO: Time: 0.8172950829998626; Command Current: 0; Motor Current: 3.0
[2026-02-17 11:14:52,599] INFO: Time: 0.8183561299999838; Command Current: 0; Motor Current: 3.0
[2026-02-17 11:14:52,600] INFO: Time: 0.8194266030000108; Command Current: 0; Motor Current: 3.0
[2026-02-17 11:14:52,601] INFO: Time: 0.8204858719998356; Command Current: 0; Motor Current: 3.0
[2026-02-17 11:14:52,602] INFO: Time: 0.8215451599999142; Command Current: 0; Motor Current: 3.0
[2026-02-17 11:14:52,603] INFO: Time: 0.8226052259999506; Command Current: 0; Motor Current: 3.0
[2026-02-17 11:14:52,604] INFO: Time: 0.8236665319998338; Command Current: 0; Motor Current: 3.0
[2026-02-17 11:14:52,606] INFO: Time: 0.8247258379999494; Command Current: 0; Motor Current: 3.0
[2026-02-17 11:14:52,607] INFO: Time: 0.8257857189998958; Command Current: 0; Motor Current: 3.0
[2026-02-17 11:14:52,608] INFO: Time: 0.8268442839998897; Command Current: 0; Motor Current: 4.0
[2026-02-17 11:14:52,609] INFO: Time: 0.8279034610000053; Command Current: 0; Motor Current: 4.0
[2026-02-17 11:14:52,610] INFO: Time: 0.8289632859998619; Command Current: 0; Motor Current: 4.0
[2026-02-17 11:14:52,611] INFO: Time: 0.8300245000000359; Command Current: 0; Motor Current: 5.0
[2026-02-17 11:14:52,612] INFO: Time: 0.8310840279998502; Command Current: 0; Motor Current: 5.0
[2026-02-17 11:14:52,613] INFO: Time: 0.8321508159999667; Command Current: 0; Motor Current: 5.0
[2026-02-17 11:14:52,614] INFO: Time: 0.8332138999999188; Command Current: 0; Motor Current: 5.0
[2026-02-17 11:14:52,615] INFO: Time: 0.8342749470000399; Command Current: 0; Motor Current: 5.0
[2026-02-17 11:14:52,616] INFO: Time: 0.8353370499999073; Command Current: 0; Motor Current: 4.0
[2026-02-17 11:14:52,617] INFO: Time: 0.8363992079998752; Command Current: 0; Motor Current: 4.0
[2026-02-17 11:14:52,618] INFO: Time: 0.8374570139999378; Command Current: 0; Motor Current: 4.0
[2026-02-17 11:14:52,619] INFO: Time: 0.8385162649999529; Command Current: 0; Motor Current: 4.0
[2026-02-17 11:14:52,620] INFO: Time: 0.8395756820000315; Command Current: 0; Motor Current: 2.0
[2026-02-17 11:14:52,621] INFO: Time: 0.8406361549998564; Command Current: 0; Motor Current: 2.0
[2026-02-17 11:14:52,622] INFO: Time: 0.8416967949999616; Command Current: 0; Motor Current: 2.0
[2026-02-17 11:14:52,624] INFO: Time: 0.8427448049999384; Command Current: 0; Motor Current: 2.0
[2026-02-17 11:14:52,625] INFO: Time: 0.8438039999998637; Command Current: 0; Motor Current: 3.0
[2026-02-17 11:14:52,626] INFO: Time: 0.8448631769999793; Command Current: 0; Motor Current: 3.0
[2026-02-17 11:14:52,627] INFO: Time: 0.8459224829998675; Command Current: 0; Motor Current: 3.0
[2026-02-17 11:14:52,628] INFO: Time: 0.8469819739998456; Command Current: 0; Motor Current: 2.0
[2026-02-17 11:14:52,629] INFO: Time: 0.8480492989999675; Command Current: 0; Motor Current: 3.0
[2026-02-17 11:14:52,630] INFO: Time: 0.8491101239999352; Command Current: 0; Motor Current: 3.0
[2026-02-17 11:14:52,631] INFO: Time: 0.8501700790000086; Command Current: 0; Motor Current: 3.0
[2026-02-17 11:14:52,632] INFO: Time: 0.8512296629999128; Command Current: 0; Motor Current: 4.0
[2026-02-17 11:14:52,633] INFO: Time: 0.8522898759999862; Command Current: 0; Motor Current: 3.0
[2026-02-17 11:14:52,634] INFO: Time: 0.8533481459999166; Command Current: 0; Motor Current: 3.0
[2026-02-17 11:14:52,635] INFO: Time: 0.8544235819999813; Command Current: 0; Motor Current: 4.0
[2026-02-17 11:14:52,636] INFO: Time: 0.8554831100000229; Command Current: 0; Motor Current: 3.0
[2026-02-17 11:14:52,637] INFO: Time: 0.8565421939999851; Command Current: 0; Motor Current: 4.0
[2026-02-17 11:14:52,638] INFO: Time: 0.8576010189999579; Command Current: 0; Motor Current: 4.0
[2026-02-17 11:14:52,639] INFO: Time: 0.8586607509998885; Command Current: 0; Motor Current: 3.0
[2026-02-17 11:14:52,641] INFO: Time: 0.8597212800000307; Command Current: 0; Motor Current: 4.0
[2026-02-17 11:14:52,642] INFO: Time: 0.8607807529999718; Command Current: 0; Motor Current: 4.0
[2026-02-17 11:14:52,643] INFO: Time: 0.861839836999934; Command Current: 0; Motor Current: 4.0
[2026-02-17 11:14:52,644] INFO: Time: 0.8628987909999069; Command Current: 0; Motor Current: 4.0
[2026-02-17 11:14:52,645] INFO: Time: 0.8639581159998215; Command Current: 0; Motor Current: 3.0
[2026-02-17 11:14:52,646] INFO: Time: 0.8650181629998315; Command Current: 0; Motor Current: 3.0
[2026-02-17 11:14:52,647] INFO: Time: 0.866079450999905; Command Current: 0; Motor Current: 3.0
[2026-02-17 11:14:52,648] INFO: Time: 0.867139719999841; Command Current: 0; Motor Current: 3.0
[2026-02-17 11:14:52,649] INFO: Time: 0.8681991189998826; Command Current: 0; Motor Current: 3.0
[2026-02-17 11:14:52,650] INFO: Time: 0.8692586289998872; Command Current: 0; Motor Current: 2.0
[2026-02-17 11:14:52,651] INFO: Time: 0.8703193979999924; Command Current: 0; Motor Current: 2.0
[2026-02-17 11:14:52,652] INFO: Time: 0.871380833999865; Command Current: 0; Motor Current: 2.0
[2026-02-17 11:14:52,653] INFO: Time: 0.8724403070000335; Command Current: 0; Motor Current: 2.0
[2026-02-17 11:14:52,654] INFO: Time: 0.8735163919998286; Command Current: 0; Motor Current: 2.0
[2026-02-17 11:14:52,655] INFO: Time: 0.8745752160000393; Command Current: 0; Motor Current: 2.0
[2026-02-17 11:14:52,656] INFO: Time: 0.8756347259998165; Command Current: 0; Motor Current: 3.0
[2026-02-17 11:14:52,657] INFO: Time: 0.8766950330000327; Command Current: 0; Motor Current: 2.0
[2026-02-17 11:14:52,659] INFO: Time: 0.877754006000032; Command Current: 0; Motor Current: 3.0
[2026-02-17 11:14:52,660] INFO: Time: 0.8788127749999148; Command Current: 0; Motor Current: 2.0
[2026-02-17 11:14:52,661] INFO: Time: 0.8798719699998401; Command Current: 0; Motor Current: 2.0
[2026-02-17 11:14:52,662] INFO: Time: 0.8809309989999292; Command Current: 0; Motor Current: 2.0
[2026-02-17 11:14:52,663] INFO: Time: 0.8819907489998968; Command Current: 0; Motor Current: 2.0
[2026-02-17 11:14:52,664] INFO: Time: 0.8830519629998435; Command Current: 0; Motor Current: 2.0
[2026-02-17 11:14:52,665] INFO: Time: 0.8841113249998216; Command Current: 0; Motor Current: 2.0
[2026-02-17 11:14:52,666] INFO: Time: 0.8851704639998843; Command Current: 0; Motor Current: 2.0
[2026-02-17 11:14:52,667] INFO: Time: 0.886229548999836; Command Current: 0; Motor Current: 2.0
[2026-02-17 11:14:52,668] INFO: Time: 0.8872895590000098; Command Current: 0; Motor Current: 2.0
[2026-02-17 11:14:52,669] INFO: Time: 0.8883506239999406; Command Current: 0; Motor Current: 3.0
[2026-02-17 11:14:52,670] INFO: Time: 0.8894110789999559; Command Current: 0; Motor Current: 3.0
[2026-02-17 11:14:52,671] INFO: Time: 0.8904699029999392; Command Current: 0; Motor Current: 2.0
[2026-02-17 11:14:52,672] INFO: Time: 0.8915296909999597; Command Current: 0; Motor Current: 2.0
[2026-02-17 11:14:52,673] INFO: Time: 0.8925896270000067; Command Current: 0; Motor Current: 2.0
[2026-02-17 11:14:52,675] INFO: Time: 0.8936749709998821; Command Current: 0; Motor Current: 2.0
[2026-02-17 11:14:52,676] INFO: Time: 0.8947374439999294; Command Current: 0; Motor Current: 3.0
[2026-02-17 11:14:52,677] INFO: Time: 0.8957967129999815; Command Current: 0; Motor Current: 3.0
[2026-02-17 11:14:52,678] INFO: Time: 0.8968561120000231; Command Current: 0; Motor Current: 4.0
[2026-02-17 11:14:52,679] INFO: Time: 0.897915102999832; Command Current: 0; Motor Current: 5.0
[2026-02-17 11:14:52,680] INFO: Time: 0.8989744470000005; Command Current: 0; Motor Current: 4.0
[2026-02-17 11:14:52,681] INFO: Time: 0.9000359750000371; Command Current: 0; Motor Current: 5.0
[2026-02-17 11:14:52,682] INFO: Time: 0.9010951699999623; Command Current: 0; Motor Current: 5.0
[2026-02-17 11:14:52,683] INFO: Time: 0.9021544029999404; Command Current: 0; Motor Current: 5.0
[2026-02-17 11:14:52,684] INFO: Time: 0.9032136349999291; Command Current: 0; Motor Current: 3.0
[2026-02-17 11:14:52,685] INFO: Time: 0.9042738299999655; Command Current: 0; Motor Current: 3.0
[2026-02-17 11:14:52,686] INFO: Time: 0.9053350439999122; Command Current: 0; Motor Current: 3.0
[2026-02-17 11:14:52,687] INFO: Time: 0.9064276279998467; Command Current: 0; Motor Current: 2.0
[2026-02-17 11:14:52,688] INFO: Time: 0.9074868420000257; Command Current: 0; Motor Current: 2.0
[2026-02-17 11:14:52,689] INFO: Time: 0.908546147999914; Command Current: 0; Motor Current: 1.0
[2026-02-17 11:14:52,690] INFO: Time: 0.9096056019998287; Command Current: 0; Motor Current: 2.0
[2026-02-17 11:14:52,691] INFO: Time: 0.9106662419999338; Command Current: 0; Motor Current: 1.0
[2026-02-17 11:14:52,693] INFO: Time: 0.9117252519999965; Command Current: 0; Motor Current: 2.0
[2026-02-17 11:14:52,694] INFO: Time: 0.9127841699998953; Command Current: 0; Motor Current: 3.0
[2026-02-17 11:14:52,695] INFO: Time: 0.9138430309999421; Command Current: 0; Motor Current: 2.0
[2026-02-17 11:14:52,696] INFO: Time: 0.914901337999936; Command Current: 0; Motor Current: 1.0
[2026-02-17 11:14:52,697] INFO: Time: 0.915966699999899; Command Current: 0; Motor Current: 2.0
[2026-02-17 11:14:52,698] INFO: Time: 0.917030135999994; Command Current: 0; Motor Current: 2.0
[2026-02-17 11:14:52,699] INFO: Time: 0.9180882939999719; Command Current: 0; Motor Current: 2.0
[2026-02-17 11:14:52,700] INFO: Time: 0.9191473219998443; Command Current: 0; Motor Current: 1.0
[2026-02-17 11:14:52,701] INFO: Time: 0.9202070540000022; Command Current: 0; Motor Current: 2.0
[2026-02-17 11:14:52,702] INFO: Time: 0.9212665269999434; Command Current: 0; Motor Current: 2.0
[2026-02-17 11:14:52,703] INFO: Time: 0.9223262779999004; Command Current: 0; Motor Current: 2.0
[2026-02-17 11:14:52,704] INFO: Time: 0.9233877699998629; Command Current: 0; Motor Current: 2.0
[2026-02-17 11:14:52,705] INFO: Time: 0.9244504649998362; Command Current: 0; Motor Current: 1.0
[2026-02-17 11:14:52,706] INFO: Time: 0.925511103999952; Command Current: 0; Motor Current: 1.0
[2026-02-17 11:14:52,707] INFO: Time: 0.9265707629999724; Command Current: 0; Motor Current: 1.0
[2026-02-17 11:14:52,708] INFO: Time: 0.9276318279999032; Command Current: 0; Motor Current: 1.0
[2026-02-17 11:14:52,709] INFO: Time: 0.9286923009999555; Command Current: 0; Motor Current: 1.0
[2026-02-17 11:14:52,711] INFO: Time: 0.9297521629998755; Command Current: 0; Motor Current: 2.0
[2026-02-17 11:14:52,712] INFO: Time: 0.9308113769998272; Command Current: 0; Motor Current: 2.0
[2026-02-17 11:14:52,713] INFO: Time: 0.9318707390000327; Command Current: 0; Motor Current: 3.0
[2026-02-17 11:14:52,714] INFO: Time: 0.932929841000032; Command Current: 0; Motor Current: 4.0
[2026-02-17 11:14:52,715] INFO: Time: 0.9339895359998991; Command Current: 0; Motor Current: 4.0
[2026-02-17 11:14:52,716] INFO: Time: 0.9350499719998879; Command Current: 0; Motor Current: 3.0
[2026-02-17 11:14:52,717] INFO: Time: 0.936109722999845; Command Current: 0; Motor Current: 4.0
[2026-02-17 11:14:52,718] INFO: Time: 0.9371689919998971; Command Current: 0; Motor Current: 3.0
[2026-02-17 11:14:52,719] INFO: Time: 0.9382283359998382; Command Current: 0; Motor Current: 3.0
[2026-02-17 11:14:52,720] INFO: Time: 0.9392882160000227; Command Current: 0; Motor Current: 3.0
[2026-02-17 11:14:52,721] INFO: Time: 0.9403495039998688; Command Current: 0; Motor Current: 2.0
[2026-02-17 11:14:52,722] INFO: Time: 0.9414273840000078; Command Current: 0; Motor Current: 2.0
[2026-02-17 11:14:52,723] INFO: Time: 0.9424861719999171; Command Current: 0; Motor Current: 3.0
[2026-02-17 11:14:52,724] INFO: Time: 0.9435448489998635; Command Current: 0; Motor Current: 3.0
[2026-02-17 11:14:52,725] INFO: Time: 0.9446046739999474; Command Current: 0; Motor Current: 3.0
[2026-02-17 11:14:52,726] INFO: Time: 0.9456662579998465; Command Current: 0; Motor Current: 4.0
[2026-02-17 11:14:52,728] INFO: Time: 0.9467258969998511; Command Current: 0; Motor Current: 4.0
[2026-02-17 11:14:52,729] INFO: Time: 0.9477852589998292; Command Current: 0; Motor Current: 5.0
[2026-02-17 11:14:52,730] INFO: Time: 0.9488445099998444; Command Current: 0; Motor Current: 4.0
[2026-02-17 11:14:52,731] INFO: Time: 0.9499035199999071; Command Current: 0; Motor Current: 4.0
[2026-02-17 11:14:52,732] INFO: Time: 0.9509637710000334; Command Current: 0; Motor Current: 5.0
[2026-02-17 11:14:52,733] INFO: Time: 0.95202372499989; Command Current: 0; Motor Current: 4.0
[2026-02-17 11:14:52,734] INFO: Time: 0.9530830679998417; Command Current: 0; Motor Current: 4.0
[2026-02-17 11:14:52,735] INFO: Time: 0.9541424299998198; Command Current: 0; Motor Current: 4.0
[2026-02-17 11:14:52,736] INFO: Time: 0.955201698999872; Command Current: 0; Motor Current: 4.0
[2026-02-17 11:14:52,737] INFO: Time: 0.9562607279999611; Command Current: 0; Motor Current: 4.0
[2026-02-17 11:14:52,738] INFO: Time: 0.9573219419999077; Command Current: 0; Motor Current: 4.0
[2026-02-17 11:14:52,739] INFO: Time: 0.9583820440000181; Command Current: 0; Motor Current: 3.0
[2026-02-17 11:14:52,740] INFO: Time: 0.959440905999827; Command Current: 0; Motor Current: 4.0
[2026-02-17 11:14:52,741] INFO: Time: 0.9604999159998897; Command Current: 0; Motor Current: 3.0
[2026-02-17 11:14:52,742] INFO: Time: 0.9615588519998255; Command Current: 0; Motor Current: 3.0
[2026-02-17 11:14:52,743] INFO: Time: 0.9626185099998565; Command Current: 0; Motor Current: 2.0
[2026-02-17 11:14:52,744] INFO: Time: 0.9636782789998506; Command Current: 0; Motor Current: 2.0
[2026-02-17 11:14:52,746] INFO: Time: 0.9647375489998922; Command Current: 0; Motor Current: 2.0
[2026-02-17 11:14:52,747] INFO: Time: 0.9657963549998385; Command Current: 0; Motor Current: 2.0
[2026-02-17 11:14:52,748] INFO: Time: 0.9668674759998339; Command Current: 0; Motor Current: 2.0
[2026-02-17 11:14:52,749] INFO: Time: 0.9679265969998596; Command Current: 0; Motor Current: 2.0
[2026-02-17 11:14:52,750] INFO: Time: 0.968986680999933; Command Current: 0; Motor Current: 1.0
[2026-02-17 11:14:52,751] INFO: Time: 0.9700476729999536; Command Current: 0; Motor Current: 2.0
[2026-02-17 11:14:52,752] INFO: Time: 0.9711076459998367; Command Current: 0; Motor Current: 2.0
[2026-02-17 11:14:52,753] INFO: Time: 0.9721668409999893; Command Current: 0; Motor Current: 1.0
[2026-02-17 11:14:52,754] INFO: Time: 0.9732263329999569; Command Current: 0; Motor Current: 2.0
[2026-02-17 11:14:52,755] INFO: Time: 0.9742861759998505; Command Current: 0; Motor Current: 2.0
[2026-02-17 11:14:52,756] INFO: Time: 0.9753458159998445; Command Current: 0; Motor Current: 2.0
[2026-02-17 11:14:52,757] INFO: Time: 0.9764065289998598; Command Current: 0; Motor Current: 3.0
[2026-02-17 11:14:52,758] INFO: Time: 0.977467372999854; Command Current: 0; Motor Current: 3.0
[2026-02-17 11:14:52,759] INFO: Time: 0.9785240679998424; Command Current: 0; Motor Current: 5.0
[2026-02-17 11:14:52,760] INFO: Time: 0.9795824850000372; Command Current: 0; Motor Current: 5.0
[2026-02-17 11:14:52,761] INFO: Time: 0.9806415689999994; Command Current: 0; Motor Current: 3.0
[2026-02-17 11:14:52,763] INFO: Time: 0.9817029309999725; Command Current: 0; Motor Current: 4.0
[2026-02-17 11:14:52,764] INFO: Time: 0.982742571000017; Command Current: 0; Motor Current: 4.0
[2026-02-17 11:14:52,765] INFO: Time: 0.9838016549999793; Command Current: 0; Motor Current: 3.0
[2026-02-17 11:14:52,766] INFO: Time: 0.9848604049998357; Command Current: 0; Motor Current: 2.0
[2026-02-17 11:14:52,767] INFO: Time: 0.9859190999998191; Command Current: 0; Motor Current: 2.0
[2026-02-17 11:14:52,768] INFO: Time: 0.9869882589998724; Command Current: 0; Motor Current: 1.0
[2026-02-17 11:14:52,769] INFO: Time: 0.9880699729999378; Command Current: 0; Motor Current: 3.0
[2026-02-17 11:14:52,770] INFO: Time: 0.9891308899998421; Command Current: 0; Motor Current: 3.0
[2026-02-17 11:14:52,771] INFO: Time: 0.9901918260000002; Command Current: 0; Motor Current: 3.0
[2026-02-17 11:14:52,772] INFO: Time: 0.9912518920000366; Command Current: 0; Motor Current: 3.0
[2026-02-17 11:14:52,773] INFO: Time: 0.9923102529999142; Command Current: 0; Motor Current: 3.0
[2026-02-17 11:14:52,774] INFO: Time: 0.9933716890000142; Command Current: 0; Motor Current: 4.0
[2026-02-17 11:14:52,775] INFO: Time: 0.9944313659998443; Command Current: 0; Motor Current: 4.0
[2026-02-17 11:14:52,776] INFO: Time: 0.9954907649998859; Command Current: 0; Motor Current: 3.0
[2026-02-17 11:14:52,777] INFO: Time: 0.9965497379998851; Command Current: 0; Motor Current: 3.0
[2026-02-17 11:14:52,778] INFO: Time: 0.9976096179998422; Command Current: 0; Motor Current: 4.0
[2026-02-17 11:14:52,779] INFO: Time: 0.998669924999831; Command Current: 0; Motor Current: 4.0
[2026-02-17 11:14:52,781] INFO: Time: 0.9997288790000312; Command Current: 0; Motor Current: 5.0
[2026-02-17 11:14:52,782] INFO: Time: 1.00078774099984; Command Current: 400; Motor Current: 5.0
[2026-02-17 11:14:52,783] INFO: Time: 1.001847084000019; Command Current: 400; Motor Current: 5.0
[2026-02-17 11:14:52,784] INFO: Time: 1.0029151129999718; Command Current: 400; Motor Current: 3.0
[2026-02-17 11:14:52,785] INFO: Time: 1.0039787890000298; Command Current: 400; Motor Current: 3.0
[2026-02-17 11:14:52,786] INFO: Time: 1.0050398179998865; Command Current: 400; Motor Current: 3.0
[2026-02-17 11:14:52,787] INFO: Time: 1.0060974389998592; Command Current: 400; Motor Current: 3.0
[2026-02-17 11:14:52,788] INFO: Time: 1.0071565229998214; Command Current: 400; Motor Current: 51.0
[2026-02-17 11:14:52,789] INFO: Time: 1.008215478000011; Command Current: 400; Motor Current: 103.0
[2026-02-17 11:14:52,790] INFO: Time: 1.009275357999968; Command Current: 400; Motor Current: 159.0
[2026-02-17 11:14:52,791] INFO: Time: 1.0103354420000414; Command Current: 400; Motor Current: 216.0
[2026-02-17 11:14:52,792] INFO: Time: 1.0113961559998188; Command Current: 400; Motor Current: 321.0
[2026-02-17 11:14:52,793] INFO: Time: 1.012455257999818; Command Current: 400; Motor Current: 377.0
[2026-02-17 11:14:52,794] INFO: Time: 1.0135140089998913; Command Current: 400; Motor Current: 419.0
[2026-02-17 11:14:52,795] INFO: Time: 1.0145725929999116; Command Current: 400; Motor Current: 404.0
[2026-02-17 11:14:52,796] INFO: Time: 1.015632676999985; Command Current: 400; Motor Current: 402.0
[2026-02-17 11:14:52,798] INFO: Time: 1.0166936870000427; Command Current: 400; Motor Current: 401.0
[2026-02-17 11:14:52,799] INFO: Time: 1.0177534189999733; Command Current: 400; Motor Current: 400.0
[2026-02-17 11:14:52,800] INFO: Time: 1.0188124849998985; Command Current: 400; Motor Current: 398.0
[2026-02-17 11:14:52,801] INFO: Time: 1.0198714389998713; Command Current: 400; Motor Current: 398.0
[2026-02-17 11:14:52,802] INFO: Time: 1.0209322460000294; Command Current: 400; Motor Current: 397.0
[2026-02-17 11:14:52,803] INFO: Time: 1.0219935519999126; Command Current: 400; Motor Current: 398.0
[2026-02-17 11:14:52,804] INFO: Time: 1.023053543999822; Command Current: 400; Motor Current: 398.0
[2026-02-17 11:14:52,805] INFO: Time: 1.0241129609999007; Command Current: 400; Motor Current: 397.0
[2026-02-17 11:14:52,806] INFO: Time: 1.0251725450000322; Command Current: 400; Motor Current: 399.0
[2026-02-17 11:14:52,807] INFO: Time: 1.0262687039999037; Command Current: 400; Motor Current: 398.0
[2026-02-17 11:14:52,808] INFO: Time: 1.027327602000014; Command Current: 400; Motor Current: 399.0
[2026-02-17 11:14:52,809] INFO: Time: 1.0283895009999924; Command Current: 400; Motor Current: 398.0
[2026-02-17 11:14:52,810] INFO: Time: 1.0294494370000393; Command Current: 400; Motor Current: 398.0
[2026-02-17 11:14:52,811] INFO: Time: 1.0305068359998586; Command Current: 400; Motor Current: 399.0
[2026-02-17 11:14:52,812] INFO: Time: 1.0315667719999055; Command Current: 400; Motor Current: 400.0
[2026-02-17 11:14:52,813] INFO: Time: 1.0326266519998626; Command Current: 400; Motor Current: 399.0
[2026-02-17 11:14:52,815] INFO: Time: 1.0336866620000364; Command Current: 400; Motor Current: 399.0
[2026-02-17 11:14:52,816] INFO: Time: 1.0347456350000357; Command Current: 400; Motor Current: 399.0
[2026-02-17 11:14:52,817] INFO: Time: 1.03580490499985; Command Current: 400; Motor Current: 399.0
[2026-02-17 11:14:52,818] INFO: Time: 1.0368642109999655; Command Current: 400; Motor Current: 398.0
[2026-02-17 11:14:52,819] INFO: Time: 1.0379231649999383; Command Current: 400; Motor Current: 400.0
[2026-02-17 11:14:52,820] INFO: Time: 1.0389827679998689; Command Current: 400; Motor Current: 399.0
[2026-02-17 11:14:52,821] INFO: Time: 1.0400438889998895; Command Current: 400; Motor Current: 398.0
[2026-02-17 11:14:52,822] INFO: Time: 1.0411035289998836; Command Current: 400; Motor Current: 400.0
[2026-02-17 11:14:52,823] INFO: Time: 1.0421621499999674; Command Current: 400; Motor Current: 400.0
[2026-02-17 11:14:52,824] INFO: Time: 1.0432357709998996; Command Current: 400; Motor Current: 399.0
[2026-02-17 11:14:52,825] INFO: Time: 1.0443619109998963; Command Current: 400; Motor Current: 401.0
[2026-02-17 11:14:52,827] INFO: Time: 1.045534625999835; Command Current: 400; Motor Current: 401.0
[2026-02-17 11:14:52,828] INFO: Time: 1.0472010119999595; Command Current: 400; Motor Current: 400.0
[2026-02-17 11:14:52,829] INFO: Time: 1.0482664849998855; Command Current: 400; Motor Current: 399.0
[2026-02-17 11:14:52,830] INFO: Time: 1.0493285319998904; Command Current: 400; Motor Current: 398.0
[2026-02-17 11:14:52,831] INFO: Time: 1.0503927089998797; Command Current: 400; Motor Current: 398.0
[2026-02-17 11:14:52,832] INFO: Time: 1.0514558299998953; Command Current: 400; Motor Current: 397.0
[2026-02-17 11:14:52,833] INFO: Time: 1.0525161359998947; Command Current: 400; Motor Current: 396.0
[2026-02-17 11:14:52,834] INFO: Time: 1.0535757759998887; Command Current: 400; Motor Current: 398.0
[2026-02-17 11:14:52,835] INFO: Time: 1.0546345079999355; Command Current: 400; Motor Current: 394.0
[2026-02-17 11:14:52,837] INFO: Time: 1.055694499999845; Command Current: 400; Motor Current: 395.0
[2026-02-17 11:14:52,838] INFO: Time: 1.056755879999855; Command Current: 400; Motor Current: 395.0
[2026-02-17 11:14:52,839] INFO: Time: 1.0578150750000077; Command Current: 400; Motor Current: 394.0
[2026-02-17 11:14:52,840] INFO: Time: 1.058873919000007; Command Current: 400; Motor Current: 394.0
[2026-02-17 11:14:52,841] INFO: Time: 1.0599342809998689; Command Current: 400; Motor Current: 396.0
[2026-02-17 11:14:52,842] INFO: Time: 1.060993771999847; Command Current: 400; Motor Current: 395.0
[2026-02-17 11:14:52,843] INFO: Time: 1.0620541519999733; Command Current: 400; Motor Current: 396.0
[2026-02-17 11:14:52,844] INFO: Time: 1.063272201000018; Command Current: 400; Motor Current: 398.0
[2026-02-17 11:14:52,845] INFO: Time: 1.0643343589999859; Command Current: 400; Motor Current: 398.0
[2026-02-17 11:14:52,846] INFO: Time: 1.0653946840000117; Command Current: 400; Motor Current: 397.0
[2026-02-17 11:14:52,847] INFO: Time: 1.0664538239998365; Command Current: 400; Motor Current: 398.0
[2026-02-17 11:14:52,848] INFO: Time: 1.0675126479998198; Command Current: 400; Motor Current: 396.0
[2026-02-17 11:14:52,849] INFO: Time: 1.0685726770000201; Command Current: 400; Motor Current: 396.0
[2026-02-17 11:14:52,850] INFO: Time: 1.069634760999861; Command Current: 400; Motor Current: 396.0
[2026-02-17 11:14:52,852] INFO: Time: 1.0706941229998392; Command Current: 400; Motor Current: 397.0
[2026-02-17 11:14:52,853] INFO: Time: 1.0717591879999873; Command Current: 400; Motor Current: 396.0
[2026-02-17 11:14:52,854] INFO: Time: 1.072816734999833; Command Current: 400; Motor Current: 397.0
[2026-02-17 11:14:52,855] INFO: Time: 1.073877856999843; Command Current: 400; Motor Current: 398.0
[2026-02-17 11:14:52,856] INFO: Time: 1.0749423669999487; Command Current: 400; Motor Current: 396.0
[2026-02-17 11:14:52,857] INFO: Time: 1.0760035989999324; Command Current: 400; Motor Current: 400.0
[2026-02-17 11:14:52,858] INFO: Time: 1.0770635720000428; Command Current: 400; Motor Current: 400.0
[2026-02-17 11:14:52,859] INFO: Time: 1.078122692999841; Command Current: 400; Motor Current: 399.0
[2026-02-17 11:14:52,860] INFO: Time: 1.0791822209998827; Command Current: 400; Motor Current: 400.0
[2026-02-17 11:14:52,861] INFO: Time: 1.0802411019999454; Command Current: 400; Motor Current: 398.0
[2026-02-17 11:14:52,862] INFO: Time: 1.0813019269999131; Command Current: 400; Motor Current: 399.0
[2026-02-17 11:14:52,863] INFO: Time: 1.0823648809998758; Command Current: 400; Motor Current: 399.0
[2026-02-17 11:14:52,864] INFO: Time: 1.0834355019999293; Command Current: 400; Motor Current: 398.0
[2026-02-17 11:14:52,865] INFO: Time: 1.084496382999987; Command Current: 400; Motor Current: 400.0
[2026-02-17 11:14:52,866] INFO: Time: 1.0855561149999176; Command Current: 400; Motor Current: 400.0
[2026-02-17 11:14:52,867] INFO: Time: 1.086616198999991; Command Current: 400; Motor Current: 398.0
[2026-02-17 11:14:52,868] INFO: Time: 1.0876753939999162; Command Current: 400; Motor Current: 400.0
[2026-02-17 11:14:52,870] INFO: Time: 1.0887343859999419; Command Current: 400; Motor Current: 401.0
[2026-02-17 11:14:52,871] INFO: Time: 1.0897932469999887; Command Current: 400; Motor Current: 401.0
[2026-02-17 11:14:52,872] INFO: Time: 1.0908518500000355; Command Current: 400; Motor Current: 401.0
[2026-02-17 11:14:52,873] INFO: Time: 1.0919112859999132; Command Current: 400; Motor Current: 398.0
[2026-02-17 11:14:52,874] INFO: Time: 1.0929716660000395; Command Current: 400; Motor Current: 399.0
[2026-02-17 11:14:52,875] INFO: Time: 1.0940414540000347; Command Current: 400; Motor Current: 399.0
[2026-02-17 11:14:52,876] INFO: Time: 1.095102408999992; Command Current: 400; Motor Current: 400.0
[2026-02-17 11:14:52,877] INFO: Time: 1.0961602519998905; Command Current: 400; Motor Current: 399.0
[2026-02-17 11:14:52,878] INFO: Time: 1.0972191319999638; Command Current: 400; Motor Current: 399.0
[2026-02-17 11:14:52,879] INFO: Time: 1.0982787719999578; Command Current: 400; Motor Current: 399.0
[2026-02-17 11:14:52,880] INFO: Time: 1.0993393009998726; Command Current: 400; Motor Current: 398.0
[2026-02-17 11:14:52,881] INFO: Time: 1.100399273999983; Command Current: 400; Motor Current: 397.0
[2026-02-17 11:14:52,882] INFO: Time: 1.1014583950000087; Command Current: 400; Motor Current: 397.0
[2026-02-17 11:14:52,883] INFO: Time: 1.1025172559998282; Command Current: 400; Motor Current: 397.0
[2026-02-17 11:14:52,884] INFO: Time: 1.1035760259999279; Command Current: 400; Motor Current: 397.0
[2026-02-17 11:14:52,885] INFO: Time: 1.1046358139999484; Command Current: 400; Motor Current: 396.0
[2026-02-17 11:14:52,887] INFO: Time: 1.1056964160000007; Command Current: 400; Motor Current: 396.0
[2026-02-17 11:14:52,888] INFO: Time: 1.1067466479998984; Command Current: 400; Motor Current: 397.0
[2026-02-17 11:14:52,889] INFO: Time: 1.1078058059999876; Command Current: 400; Motor Current: 396.0
[2026-02-17 11:14:52,890] INFO: Time: 1.1088645390000238; Command Current: 400; Motor Current: 397.0
[2026-02-17 11:14:52,891] INFO: Time: 1.1099231409998538; Command Current: 400; Motor Current: 397.0
[2026-02-17 11:14:52,892] INFO: Time: 1.1109820219999165; Command Current: 400; Motor Current: 395.0
[2026-02-17 11:14:52,893] INFO: Time: 1.112042271999826; Command Current: 400; Motor Current: 395.0
[2026-02-17 11:14:52,894] INFO: Time: 1.1131011709999257; Command Current: 400; Motor Current: 397.0
[2026-02-17 11:14:52,895] INFO: Time: 1.114160014999925; Command Current: 400; Motor Current: 396.0
[2026-02-17 11:14:52,896] INFO: Time: 1.1152188019998448; Command Current: 400; Motor Current: 397.0
[2026-02-17 11:14:52,897] INFO: Time: 1.1162775899999815; Command Current: 400; Motor Current: 397.0
[2026-02-17 11:14:52,898] INFO: Time: 1.1173376739998275; Command Current: 400; Motor Current: 397.0
[2026-02-17 11:14:52,899] INFO: Time: 1.118398979999938; Command Current: 400; Motor Current: 399.0
[2026-02-17 11:14:52,900] INFO: Time: 1.1194554899998366; Command Current: 400; Motor Current: 399.0
[2026-02-17 11:14:52,901] INFO: Time: 1.1205143709998993; Command Current: 400; Motor Current: 399.0
[2026-02-17 11:14:52,902] INFO: Time: 1.1215860659999635; Command Current: 400; Motor Current: 399.0
[2026-02-17 11:14:52,903] INFO: Time: 1.122645872000021; Command Current: 400; Motor Current: 399.0
[2026-02-17 11:14:52,905] INFO: Time: 1.1237060679998194; Command Current: 400; Motor Current: 400.0
[2026-02-17 11:14:52,906] INFO: Time: 1.1247650220000196; Command Current: 400; Motor Current: 399.0
[2026-02-17 11:14:52,907] INFO: Time: 1.1258244209998338; Command Current: 400; Motor Current: 399.0
[2026-02-17 11:14:52,908] INFO: Time: 1.1268835419998595; Command Current: 400; Motor Current: 401.0
[2026-02-17 11:14:52,909] INFO: Time: 1.1279435520000334; Command Current: 400; Motor Current: 400.0
[2026-02-17 11:14:52,910] INFO: Time: 1.1290040429998953; Command Current: 400; Motor Current: 399.0
[2026-02-17 11:14:52,911] INFO: Time: 1.1300637199999528; Command Current: 400; Motor Current: 399.0
[2026-02-17 11:14:52,912] INFO: Time: 1.1311228229999415; Command Current: 400; Motor Current: 400.0
[2026-02-17 11:14:52,913] INFO: Time: 1.1321818699998403; Command Current: 400; Motor Current: 401.0
[2026-02-17 11:14:52,914] INFO: Time: 1.133240879999903; Command Current: 400; Motor Current: 400.0
[2026-02-17 11:14:52,915] INFO: Time: 1.1343014639999183; Command Current: 400; Motor Current: 399.0
[2026-02-17 11:14:52,916] INFO: Time: 1.1353645479998704; Command Current: 400; Motor Current: 400.0
[2026-02-17 11:14:52,917] INFO: Time: 1.1364359839999452; Command Current: 400; Motor Current: 399.0
[2026-02-17 11:14:52,918] INFO: Time: 1.1375333280000177; Command Current: 400; Motor Current: 401.0
[2026-02-17 11:14:52,919] INFO: Time: 1.138592744999869; Command Current: 400; Motor Current: 399.0
[2026-02-17 11:14:52,920] INFO: Time: 1.1396532549999847; Command Current: 400; Motor Current: 398.0
[2026-02-17 11:14:52,922] INFO: Time: 1.1407150239999737; Command Current: 400; Motor Current: 400.0
[2026-02-17 11:14:52,923] INFO: Time: 1.1417743309998514; Command Current: 400; Motor Current: 399.0
[2026-02-17 11:14:52,924] INFO: Time: 1.142833951999819; Command Current: 400; Motor Current: 399.0
[2026-02-17 11:14:52,925] INFO: Time: 1.14389379499994; Command Current: 400; Motor Current: 400.0
[2026-02-17 11:14:52,926] INFO: Time: 1.1449533610000344; Command Current: 400; Motor Current: 399.0
[2026-02-17 11:14:52,927] INFO: Time: 1.1460138709999228; Command Current: 400; Motor Current: 399.0
[2026-02-17 11:14:52,928] INFO: Time: 1.147077083999875; Command Current: 400; Motor Current: 399.0
[2026-02-17 11:14:52,929] INFO: Time: 1.148136409000017; Command Current: 400; Motor Current: 397.0
[2026-02-17 11:14:52,930] INFO: Time: 1.1491955669998788; Command Current: 400; Motor Current: 398.0
[2026-02-17 11:14:52,931] INFO: Time: 1.15025503999982; Command Current: 400; Motor Current: 398.0
[2026-02-17 11:14:52,932] INFO: Time: 1.151314290999835; Command Current: 400; Motor Current: 396.0
[2026-02-17 11:14:52,933] INFO: Time: 1.1523753750000196; Command Current: 400; Motor Current: 398.0
[2026-02-17 11:14:52,934] INFO: Time: 1.1534369589999187; Command Current: 400; Motor Current: 397.0
[2026-02-17 11:14:52,935] INFO: Time: 1.1544955059998756; Command Current: 400; Motor Current: 397.0
[2026-02-17 11:14:52,936] INFO: Time: 1.1555547939999542; Command Current: 400; Motor Current: 396.0
[2026-02-17 11:14:52,937] INFO: Time: 1.15661511899998; Command Current: 400; Motor Current: 396.0
[2026-02-17 11:14:52,939] INFO: Time: 1.1576758699998209; Command Current: 400; Motor Current: 397.0
[2026-02-17 11:14:52,940] INFO: Time: 1.1587362319999102; Command Current: 400; Motor Current: 398.0
[2026-02-17 11:14:52,941] INFO: Time: 1.1597956119999253; Command Current: 400; Motor Current: 398.0
[2026-02-17 11:14:52,942] INFO: Time: 1.160854511000025; Command Current: 400; Motor Current: 398.0
[2026-02-17 11:14:52,943] INFO: Time: 1.1619137609998234; Command Current: 400; Motor Current: 398.0
[2026-02-17 11:14:52,944] INFO: Time: 1.1629738829999496; Command Current: 400; Motor Current: 398.0
[2026-02-17 11:14:52,945] INFO: Time: 1.1640355590000127; Command Current: 400; Motor Current: 400.0
[2026-02-17 11:14:52,946] INFO: Time: 1.1650950139999168; Command Current: 400; Motor Current: 399.0
[2026-02-17 11:14:52,947] INFO: Time: 1.1661550239998633; Command Current: 400; Motor Current: 400.0
[2026-02-17 11:14:52,948] INFO: Time: 1.1672144780000053; Command Current: 400; Motor Current: 401.0
[2026-02-17 11:14:52,949] INFO: Time: 1.1682738219999464; Command Current: 400; Motor Current: 399.0
[2026-02-17 11:14:52,950] INFO: Time: 1.1693408129999625; Command Current: 400; Motor Current: 399.0
[2026-02-17 11:14:52,951] INFO: Time: 1.170402804999867; Command Current: 400; Motor Current: 400.0
[2026-02-17 11:14:52,952] INFO: Time: 1.171462666000025; Command Current: 400; Motor Current: 400.0
[2026-02-17 11:14:52,953] INFO: Time: 1.172522009999966; Command Current: 400; Motor Current: 399.0
[2026-02-17 11:14:52,954] INFO: Time: 1.1735824269999284; Command Current: 400; Motor Current: 398.0
[2026-02-17 11:14:52,955] INFO: Time: 1.1746483259998968; Command Current: 400; Motor Current: 399.0
[2026-02-17 11:14:52,957] INFO: Time: 1.1757131140000183; Command Current: 400; Motor Current: 400.0
[2026-02-17 11:14:52,958] INFO: Time: 1.1767766979999124; Command Current: 400; Motor Current: 399.0
[2026-02-17 11:14:52,959] INFO: Time: 1.17783752299988; Command Current: 400; Motor Current: 400.0
[2026-02-17 11:14:52,960] INFO: Time: 1.178897644000017; Command Current: 400; Motor Current: 400.0
[2026-02-17 11:14:52,961] INFO: Time: 1.1799582280000322; Command Current: 400; Motor Current: 400.0
[2026-02-17 11:14:52,962] INFO: Time: 1.1810194790000423; Command Current: 400; Motor Current: 399.0
[2026-02-17 11:14:52,963] INFO: Time: 1.1820789889998196; Command Current: 400; Motor Current: 401.0
[2026-02-17 11:14:52,964] INFO: Time: 1.1831386469998506; Command Current: 400; Motor Current: 400.0
[2026-02-17 11:14:52,965] INFO: Time: 1.1841979900000297; Command Current: 400; Motor Current: 401.0
[2026-02-17 11:14:52,966] INFO: Time: 1.185256944999992; Command Current: 400; Motor Current: 401.0
[2026-02-17 11:14:52,967] INFO: Time: 1.1863210469998648; Command Current: 400; Motor Current: 402.0
[2026-02-17 11:14:52,968] INFO: Time: 1.1873850389999916; Command Current: 400; Motor Current: 400.0
[2026-02-17 11:14:52,969] INFO: Time: 1.1884447159998217; Command Current: 400; Motor Current: 401.0
[2026-02-17 11:14:52,970] INFO: Time: 1.1895088549999855; Command Current: 400; Motor Current: 400.0
[2026-02-17 11:14:52,971] INFO: Time: 1.1905729759998849; Command Current: 400; Motor Current: 400.0
[2026-02-17 11:14:52,972] INFO: Time: 1.191634059999842; Command Current: 400; Motor Current: 400.0
[2026-02-17 11:14:52,974] INFO: Time: 1.1926941079998414; Command Current: 400; Motor Current: 398.0
[2026-02-17 11:14:52,975] INFO: Time: 1.193753431999994; Command Current: 400; Motor Current: 398.0
[2026-02-17 11:14:52,976] INFO: Time: 1.1948126089998823; Command Current: 400; Motor Current: 399.0
[2026-02-17 11:14:52,977] INFO: Time: 1.1958720449999873; Command Current: 400; Motor Current: 400.0
[2026-02-17 11:14:52,978] INFO: Time: 1.1969315359999655; Command Current: 400; Motor Current: 401.0
[2026-02-17 11:14:52,979] INFO: Time: 1.1979920459998539; Command Current: 400; Motor Current: 401.0
[2026-02-17 11:14:52,980] INFO: Time: 1.1990508709998267; Command Current: 400; Motor Current: 399.0
[2026-02-17 11:14:52,981] INFO: Time: 1.200109510999937; Command Current: 400; Motor Current: 400.0
[2026-02-17 11:14:52,982] INFO: Time: 1.2011681879998832; Command Current: 400; Motor Current: 400.0
[2026-02-17 11:14:52,983] INFO: Time: 1.2022266419999141; Command Current: 400; Motor Current: 399.0
[2026-02-17 11:14:52,984] INFO: Time: 1.2032859480000297; Command Current: 400; Motor Current: 398.0
[2026-02-17 11:14:52,985] INFO: Time: 1.204346735999934; Command Current: 400; Motor Current: 400.0
[2026-02-17 11:14:52,986] INFO: Time: 1.2054072089999863; Command Current: 400; Motor Current: 397.0
[2026-02-17 11:14:52,987] INFO: Time: 1.2064661259998957; Command Current: 400; Motor Current: 397.0
[2026-02-17 11:14:52,988] INFO: Time: 1.207524876999969; Command Current: 400; Motor Current: 397.0
[2026-02-17 11:14:52,989] INFO: Time: 1.2085845909998625; Command Current: 400; Motor Current: 397.0
[2026-02-17 11:14:52,990] INFO: Time: 1.2096454529998937; Command Current: 400; Motor Current: 398.0
[2026-02-17 11:14:52,992] INFO: Time: 1.2107052960000146; Command Current: 400; Motor Current: 398.0
[2026-02-17 11:14:52,993] INFO: Time: 1.2117650650000087; Command Current: 400; Motor Current: 399.0
[2026-02-17 11:14:52,994] INFO: Time: 1.212824463999823; Command Current: 400; Motor Current: 398.0
[2026-02-17 11:14:52,995] INFO: Time: 1.2138834190000125; Command Current: 400; Motor Current: 397.0
[2026-02-17 11:14:52,996] INFO: Time: 1.2149431689999801; Command Current: 400; Motor Current: 397.0
[2026-02-17 11:14:52,997] INFO: Time: 1.216003475999969; Command Current: 400; Motor Current: 398.0
[2026-02-17 11:14:52,998] INFO: Time: 1.2170632820000264; Command Current: 400; Motor Current: 398.0
[2026-02-17 11:14:52,999] INFO: Time: 1.2181223099998988; Command Current: 400; Motor Current: 397.0
[2026-02-17 11:14:53,000] INFO: Time: 1.219181042999935; Command Current: 400; Motor Current: 399.0
[2026-02-17 11:14:53,001] INFO: Time: 1.220239829999855; Command Current: 400; Motor Current: 397.0
[2026-02-17 11:14:53,002] INFO: Time: 1.2212998959998913; Command Current: 400; Motor Current: 399.0
[2026-02-17 11:14:53,003] INFO: Time: 1.2223595539999224; Command Current: 400; Motor Current: 399.0
[2026-02-17 11:14:53,004] INFO: Time: 1.2234354719998919; Command Current: 400; Motor Current: 398.0
[2026-02-17 11:14:53,005] INFO: Time: 1.224494740999944; Command Current: 400; Motor Current: 398.0
[2026-02-17 11:14:53,006] INFO: Time: 1.2255555099998219; Command Current: 400; Motor Current: 398.0
[2026-02-17 11:14:53,007] INFO: Time: 1.2266152800000327; Command Current: 400; Motor Current: 398.0
[2026-02-17 11:14:53,008] INFO: Time: 1.2276751969998259; Command Current: 400; Motor Current: 397.0
[2026-02-17 11:14:53,010] INFO: Time: 1.2287339289998727; Command Current: 400; Motor Current: 398.0
[2026-02-17 11:14:53,011] INFO: Time: 1.2297933469999407; Command Current: 400; Motor Current: 398.0
[2026-02-17 11:14:53,012] INFO: Time: 1.2308651339999415; Command Current: 400; Motor Current: 397.0
[2026-02-17 11:14:53,013] INFO: Time: 1.2319245520000095; Command Current: 400; Motor Current: 398.0
[2026-02-17 11:14:53,014] INFO: Time: 1.2329840799998237; Command Current: 400; Motor Current: 400.0
[2026-02-17 11:14:53,015] INFO: Time: 1.2340450899998814; Command Current: 400; Motor Current: 399.0
[2026-02-17 11:14:53,016] INFO: Time: 1.2351048599998649; Command Current: 400; Motor Current: 400.0
[2026-02-17 11:14:53,017] INFO: Time: 1.23616429599997; Command Current: 400; Motor Current: 402.0
[2026-02-17 11:14:53,018] INFO: Time: 1.2372234350000326; Command Current: 400; Motor Current: 401.0
[2026-02-17 11:14:53,019] INFO: Time: 1.2382829450000372; Command Current: 400; Motor Current: 403.0
[2026-02-17 11:14:53,020] INFO: Time: 1.2393443629998728; Command Current: 400; Motor Current: 401.0
[2026-02-17 11:14:53,021] INFO: Time: 1.2404082619998462; Command Current: 400; Motor Current: 402.0
[2026-02-17 11:14:53,022] INFO: Time: 1.2414699199998722; Command Current: 400; Motor Current: 402.0
[2026-02-17 11:14:53,023] INFO: Time: 1.2425293189999138; Command Current: 400; Motor Current: 401.0
[2026-02-17 11:14:53,024] INFO: Time: 1.2435896439999397; Command Current: 400; Motor Current: 401.0
[2026-02-17 11:14:53,025] INFO: Time: 1.2446511539999392; Command Current: 400; Motor Current: 400.0
[2026-02-17 11:14:53,027] INFO: Time: 1.245720737999818; Command Current: 400; Motor Current: 399.0
[2026-02-17 11:14:53,028] INFO: Time: 1.2467415070000243; Command Current: 400; Motor Current: 401.0
[2026-02-17 11:14:53,029] INFO: Time: 1.2478004979998332; Command Current: 400; Motor Current: 399.0
[2026-02-17 11:14:53,030] INFO: Time: 1.2488593230000333; Command Current: 400; Motor Current: 397.0
[2026-02-17 11:14:53,031] INFO: Time: 1.249919369999816; Command Current: 400; Motor Current: 398.0
[2026-02-17 11:14:53,032] INFO: Time: 1.2509797319999052; Command Current: 400; Motor Current: 398.0
[2026-02-17 11:14:53,033] INFO: Time: 1.2520400009998411; Command Current: 400; Motor Current: 397.0
[2026-02-17 11:14:53,034] INFO: Time: 1.2530991409998933; Command Current: 400; Motor Current: 396.0
[2026-02-17 11:14:53,035] INFO: Time: 1.254157890999977; Command Current: 400; Motor Current: 395.0
[2026-02-17 11:14:53,036] INFO: Time: 1.2552167349999763; Command Current: 400; Motor Current: 394.0
[2026-02-17 11:14:53,037] INFO: Time: 1.2562768189998224; Command Current: 400; Motor Current: 396.0
[2026-02-17 11:14:53,038] INFO: Time: 1.2573384590000387; Command Current: 400; Motor Current: 395.0
[2026-02-17 11:14:53,039] INFO: Time: 1.2583988199999112; Command Current: 400; Motor Current: 397.0
[2026-02-17 11:14:53,040] INFO: Time: 1.259458144999826; Command Current: 400; Motor Current: 396.0
[2026-02-17 11:14:53,041] INFO: Time: 1.2605175439998675; Command Current: 400; Motor Current: 397.0
[2026-02-17 11:14:53,042] INFO: Time: 1.2615766469998562; Command Current: 400; Motor Current: 397.0
[2026-02-17 11:14:53,043] INFO: Time: 1.26263665700003; Command Current: 400; Motor Current: 399.0
[2026-02-17 11:14:53,045] INFO: Time: 1.2636983329998657; Command Current: 400; Motor Current: 399.0
[2026-02-17 11:14:53,046] INFO: Time: 1.2647573429999284; Command Current: 400; Motor Current: 397.0
[2026-02-17 11:14:53,047] INFO: Time: 1.26581655699988; Command Current: 400; Motor Current: 399.0
[2026-02-17 11:14:53,048] INFO: Time: 1.2668754369999533; Command Current: 400; Motor Current: 400.0
[2026-02-17 11:14:53,049] INFO: Time: 1.2679342809999525; Command Current: 400; Motor Current: 399.0
[2026-02-17 11:14:53,050] INFO: Time: 1.2689935869998408; Command Current: 400; Motor Current: 398.0
[2026-02-17 11:14:53,051] INFO: Time: 1.270054337999909; Command Current: 400; Motor Current: 398.0
[2026-02-17 11:14:53,052] INFO: Time: 1.2711212369999885; Command Current: 400; Motor Current: 399.0
[2026-02-17 11:14:53,053] INFO: Time: 1.2721839879998242; Command Current: 400; Motor Current: 399.0
[2026-02-17 11:14:53,054] INFO: Time: 1.2732430899998235; Command Current: 400; Motor Current: 399.0
[2026-02-17 11:14:53,055] INFO: Time: 1.2743086929999663; Command Current: 400; Motor Current: 398.0
[2026-02-17 11:14:53,056] INFO: Time: 1.2753707949998443; Command Current: 400; Motor Current: 397.0
[2026-02-17 11:14:53,057] INFO: Time: 1.276448119999941; Command Current: 400; Motor Current: 399.0
[2026-02-17 11:14:53,058] INFO: Time: 1.277507963999824; Command Current: 400; Motor Current: 399.0
[2026-02-17 11:14:53,059] INFO: Time: 1.278567399999929; Command Current: 400; Motor Current: 399.0
[2026-02-17 11:14:53,060] INFO: Time: 1.2796266129998912; Command Current: 400; Motor Current: 398.0
[2026-02-17 11:14:53,062] INFO: Time: 1.2806861980000122; Command Current: 400; Motor Current: 400.0
[2026-02-17 11:14:53,063] INFO: Time: 1.2817466149999746; Command Current: 400; Motor Current: 400.0
[2026-02-17 11:14:53,064] INFO: Time: 1.2828059399998892; Command Current: 400; Motor Current: 400.0
[2026-02-17 11:14:53,065] INFO: Time: 1.283864560999973; Command Current: 400; Motor Current: 399.0
[2026-02-17 11:14:53,066] INFO: Time: 1.2849236449999353; Command Current: 400; Motor Current: 400.0
[2026-02-17 11:14:53,067] INFO: Time: 1.285982544000035; Command Current: 400; Motor Current: 400.0
[2026-02-17 11:14:53,068] INFO: Time: 1.2870417389999602; Command Current: 400; Motor Current: 399.0
[2026-02-17 11:14:53,069] INFO: Time: 1.288101953000023; Command Current: 400; Motor Current: 398.0
[2026-02-17 11:14:53,070] INFO: Time: 1.2891613889999007; Command Current: 400; Motor Current: 398.0
[2026-02-17 11:14:53,071] INFO: Time: 1.2902204909999; Command Current: 400; Motor Current: 400.0
[2026-02-17 11:14:53,072] INFO: Time: 1.2912795380000262; Command Current: 400; Motor Current: 400.0
[2026-02-17 11:14:53,073] INFO: Time: 1.292339456000036; Command Current: 400; Motor Current: 399.0
[2026-02-17 11:14:53,074] INFO: Time: 1.2934004659998664; Command Current: 400; Motor Current: 398.0
[2026-02-17 11:14:53,075] INFO: Time: 1.2944605679999768; Command Current: 400; Motor Current: 400.0
[2026-02-17 11:14:53,076] INFO: Time: 1.2955198380000184; Command Current: 400; Motor Current: 399.0
[2026-02-17 11:14:53,077] INFO: Time: 1.2965789029999542; Command Current: 400; Motor Current: 398.0
[2026-02-17 11:14:53,078] INFO: Time: 1.297638839000001; Command Current: 400; Motor Current: 397.0
[2026-02-17 11:14:53,080] INFO: Time: 1.2986990529998366; Command Current: 400; Motor Current: 397.0
[2026-02-17 11:14:53,081] INFO: Time: 1.2997578039999098; Command Current: 400; Motor Current: 396.0
[2026-02-17 11:14:53,082] INFO: Time: 1.3008164989998932; Command Current: 400; Motor Current: 396.0
[2026-02-17 11:14:53,083] INFO: Time: 1.3018753609999294; Command Current: 400; Motor Current: 396.0
[2026-02-17 11:14:53,084] INFO: Time: 1.3029341479998493; Command Current: 400; Motor Current: 395.0
[2026-02-17 11:14:53,085] INFO: Time: 1.3039938249999068; Command Current: 400; Motor Current: 396.0
[2026-02-17 11:14:53,086] INFO: Time: 1.3050538159998268; Command Current: 400; Motor Current: 396.0
[2026-02-17 11:14:53,087] INFO: Time: 1.3061131039999054; Command Current: 400; Motor Current: 396.0
[2026-02-17 11:14:53,088] INFO: Time: 1.3071722249999311; Command Current: 400; Motor Current: 397.0
[2026-02-17 11:14:53,089] INFO: Time: 1.30823114299983; Command Current: 400; Motor Current: 397.0
[2026-02-17 11:14:53,090] INFO: Time: 1.3092900049998661; Command Current: 400; Motor Current: 398.0
[2026-02-17 11:14:53,091] INFO: Time: 1.3103506630000084; Command Current: 400; Motor Current: 398.0
[2026-02-17 11:14:53,092] INFO: Time: 1.3114114509999126; Command Current: 400; Motor Current: 398.0
[2026-02-17 11:14:53,093] INFO: Time: 1.3124701829999594; Command Current: 400; Motor Current: 401.0
[2026-02-17 11:14:53,094] INFO: Time: 1.3135330449999856; Command Current: 400; Motor Current: 398.0
[2026-02-17 11:14:53,095] INFO: Time: 1.3145924440000272; Command Current: 400; Motor Current: 399.0
[2026-02-17 11:14:53,096] INFO: Time: 1.3156543430000056; Command Current: 400; Motor Current: 399.0
[2026-02-17 11:14:53,098] INFO: Time: 1.3167141119999997; Command Current: 400; Motor Current: 398.0
[2026-02-17 11:14:53,099] INFO: Time: 1.3177969920000123; Command Current: 400; Motor Current: 397.0
[2026-02-17 11:14:53,100] INFO: Time: 1.31885642799989; Command Current: 400; Motor Current: 397.0
[2026-02-17 11:14:53,101] INFO: Time: 1.3199161979998735; Command Current: 400; Motor Current: 397.0
[2026-02-17 11:14:53,102] INFO: Time: 1.3209767629998623; Command Current: 400; Motor Current: 397.0
[2026-02-17 11:14:53,103] INFO: Time: 1.3220395319999625; Command Current: 400; Motor Current: 399.0
[2026-02-17 11:14:53,104] INFO: Time: 1.3230994870000359; Command Current: 400; Motor Current: 399.0
[2026-02-17 11:14:53,105] INFO: Time: 1.3241588299999876; Command Current: 400; Motor Current: 399.0
[2026-02-17 11:14:53,106] INFO: Time: 1.3252178589998493; Command Current: 400; Motor Current: 401.0
[2026-02-17 11:14:53,107] INFO: Time: 1.3262767950000125; Command Current: 400; Motor Current: 399.0
[2026-02-17 11:14:53,108] INFO: Time: 1.3273378229998798; Command Current: 400; Motor Current: 398.0
[2026-02-17 11:14:53,109] INFO: Time: 1.3283991109999533; Command Current: 400; Motor Current: 400.0
[2026-02-17 11:14:53,110] INFO: Time: 1.3294591209998998; Command Current: 400; Motor Current: 400.0
[2026-02-17 11:14:53,111] INFO: Time: 1.3305176679998567; Command Current: 400; Motor Current: 399.0
[2026-02-17 11:14:53,112] INFO: Time: 1.3315792519999832; Command Current: 400; Motor Current: 399.0
[2026-02-17 11:14:53,113] INFO: Time: 1.3326391509999667; Command Current: 400; Motor Current: 399.0
[2026-02-17 11:14:53,115] INFO: Time: 1.3337078649999512; Command Current: 400; Motor Current: 399.0
[2026-02-17 11:14:53,116] INFO: Time: 1.3347700969998186; Command Current: 400; Motor Current: 400.0
[2026-02-17 11:14:53,117] INFO: Time: 1.3358307739999873; Command Current: 400; Motor Current: 401.0
[2026-02-17 11:14:53,118] INFO: Time: 1.3368904869998914; Command Current: 400; Motor Current: 401.0
[2026-02-17 11:14:53,119] INFO: Time: 1.337950052999986; Command Current: 400; Motor Current: 400.0
[2026-02-17 11:14:53,120] INFO: Time: 1.339010007999832; Command Current: 400; Motor Current: 400.0
[2026-02-17 11:14:53,121] INFO: Time: 1.3400705359999847; Command Current: 400; Motor Current: 400.0
[2026-02-17 11:14:53,122] INFO: Time: 1.3411302130000422; Command Current: 400; Motor Current: 403.0
[2026-02-17 11:14:53,123] INFO: Time: 1.342189666999957; Command Current: 400; Motor Current: 401.0
[2026-02-17 11:14:53,124] INFO: Time: 1.3432492699998875; Command Current: 400; Motor Current: 401.0
[2026-02-17 11:14:53,125] INFO: Time: 1.3443081319999237; Command Current: 400; Motor Current: 402.0
[2026-02-17 11:14:53,126] INFO: Time: 1.3453662160000022; Command Current: 400; Motor Current: 400.0
[2026-02-17 11:14:53,127] INFO: Time: 1.346443114999829; Command Current: 400; Motor Current: 400.0
[2026-02-17 11:14:53,128] INFO: Time: 1.3475021990000187; Command Current: 400; Motor Current: 400.0
[2026-02-17 11:14:53,129] INFO: Time: 1.348561115999928; Command Current: 400; Motor Current: 400.0
[2026-02-17 11:14:53,130] INFO: Time: 1.3496207929999855; Command Current: 400; Motor Current: 400.0
[2026-02-17 11:14:53,132] INFO: Time: 1.350688135999917; Command Current: 400; Motor Current: 397.0
[2026-02-17 11:14:53,133] INFO: Time: 1.351751164999996; Command Current: 400; Motor Current: 398.0
[2026-02-17 11:14:53,134] INFO: Time: 1.3528125269999691; Command Current: 400; Motor Current: 398.0
[2026-02-17 11:14:53,135] INFO: Time: 1.3538728329999685; Command Current: 400; Motor Current: 397.0
[2026-02-17 11:14:53,136] INFO: Time: 1.3549319909998303; Command Current: 400; Motor Current: 396.0
[2026-02-17 11:14:53,137] INFO: Time: 1.3559915199998613; Command Current: 400; Motor Current: 397.0
[2026-02-17 11:14:53,138] INFO: Time: 1.3570516409999982; Command Current: 400; Motor Current: 396.0
[2026-02-17 11:14:53,139] INFO: Time: 1.3581109289998494; Command Current: 400; Motor Current: 397.0
[2026-02-17 11:14:53,140] INFO: Time: 1.359170124000002; Command Current: 400; Motor Current: 398.0
[2026-02-17 11:14:53,141] INFO: Time: 1.3602291339998374; Command Current: 400; Motor Current: 398.0
[2026-02-17 11:14:53,142] INFO: Time: 1.3612879959998736; Command Current: 400; Motor Current: 397.0
[2026-02-17 11:14:53,143] INFO: Time: 1.3623485609998625; Command Current: 400; Motor Current: 398.0
[2026-02-17 11:14:53,144] INFO: Time: 1.3634101640000154; Command Current: 400; Motor Current: 398.0
[2026-02-17 11:14:53,145] INFO: Time: 1.3644694150000305; Command Current: 400; Motor Current: 398.0
[2026-02-17 11:14:53,146] INFO: Time: 1.3655285359998288; Command Current: 400; Motor Current: 398.0
[2026-02-17 11:14:53,147] INFO: Time: 1.3665887489999022; Command Current: 400; Motor Current: 398.0
[2026-02-17 11:14:53,148] INFO: Time: 1.3676485930000126; Command Current: 400; Motor Current: 398.0
[2026-02-17 11:14:53,150] INFO: Time: 1.3687083810000331; Command Current: 400; Motor Current: 398.0
[2026-02-17 11:14:53,151] INFO: Time: 1.3697679829999743; Command Current: 400; Motor Current: 399.0
[2026-02-17 11:14:53,152] INFO: Time: 1.3708275669998784; Command Current: 400; Motor Current: 396.0
[2026-02-17 11:14:53,153] INFO: Time: 1.3718865030000416; Command Current: 400; Motor Current: 398.0
[2026-02-17 11:14:53,154] INFO: Time: 1.3729459209998822; Command Current: 400; Motor Current: 400.0
[2026-02-17 11:14:53,155] INFO: Time: 1.374006042000019; Command Current: 400; Motor Current: 401.0
[2026-02-17 11:14:53,156] INFO: Time: 1.3750650150000183; Command Current: 400; Motor Current: 399.0
[2026-02-17 11:14:53,157] INFO: Time: 1.3761240059998272; Command Current: 400; Motor Current: 398.0
[2026-02-17 11:14:53,158] INFO: Time: 1.377182904999927; Command Current: 400; Motor Current: 399.0
[2026-02-17 11:14:53,159] INFO: Time: 1.3782418409998627; Command Current: 400; Motor Current: 401.0
[2026-02-17 11:14:53,160] INFO: Time: 1.379300924999825; Command Current: 400; Motor Current: 401.0
[2026-02-17 11:14:53,161] INFO: Time: 1.380362175999835; Command Current: 400; Motor Current: 401.0
[2026-02-17 11:14:53,162] INFO: Time: 1.3814392409999527; Command Current: 400; Motor Current: 400.0
[2026-02-17 11:14:53,163] INFO: Time: 1.3824978439999995; Command Current: 400; Motor Current: 401.0
[2026-02-17 11:14:53,164] INFO: Time: 1.383556575999819; Command Current: 400; Motor Current: 400.0
[2026-02-17 11:14:53,165] INFO: Time: 1.3846165679999558; Command Current: 400; Motor Current: 401.0
[2026-02-17 11:14:53,166] INFO: Time: 1.3856771700000081; Command Current: 400; Motor Current: 400.0
[2026-02-17 11:14:53,168] INFO: Time: 1.38675745799992; Command Current: 400; Motor Current: 400.0
[2026-02-17 11:14:53,169] INFO: Time: 1.3878167089999351; Command Current: 400; Motor Current: 401.0
[2026-02-17 11:14:53,170] INFO: Time: 1.3888752929999555; Command Current: 400; Motor Current: 401.0
[2026-02-17 11:14:53,171] INFO: Time: 1.3899340440000287; Command Current: 400; Motor Current: 400.0
[2026-02-17 11:14:53,172] INFO: Time: 1.3909956840000177; Command Current: 400; Motor Current: 401.0
[2026-02-17 11:14:53,173] INFO: Time: 1.3920568419998745; Command Current: 400; Motor Current: 400.0
[2026-02-17 11:14:53,174] INFO: Time: 1.3931407589998344; Command Current: 400; Motor Current: 399.0
[2026-02-17 11:14:53,175] INFO: Time: 1.3942000659999394; Command Current: 400; Motor Current: 400.0
[2026-02-17 11:14:53,176] INFO: Time: 1.3952596499998435; Command Current: 400; Motor Current: 400.0
[2026-02-17 11:14:53,177] INFO: Time: 1.3963189379999221; Command Current: 400; Motor Current: 398.0
[2026-02-17 11:14:53,178] INFO: Time: 1.397377448000043; Command Current: 400; Motor Current: 399.0
[2026-02-17 11:14:53,179] INFO: Time: 1.3984488839998903; Command Current: 400; Motor Current: 398.0
[2026-02-17 11:14:53,180] INFO: Time: 1.399508633999858; Command Current: 400; Motor Current: 398.0
[2026-02-17 11:14:53,181] INFO: Time: 1.400567884999873; Command Current: 400; Motor Current: 398.0
[2026-02-17 11:14:53,182] INFO: Time: 1.4016272839999147; Command Current: 400; Motor Current: 398.0
[2026-02-17 11:14:53,184] INFO: Time: 1.4026871639998717; Command Current: 400; Motor Current: 398.0
[2026-02-17 11:14:53,185] INFO: Time: 1.403748136999866; Command Current: 400; Motor Current: 399.0
[2026-02-17 11:14:53,186] INFO: Time: 1.404807554999934; Command Current: 400; Motor Current: 398.0
[2026-02-17 11:14:53,187] INFO: Time: 1.405867138999838; Command Current: 400; Motor Current: 396.0
[2026-02-17 11:14:53,188] INFO: Time: 1.4069268900000225; Command Current: 400; Motor Current: 396.0
[2026-02-17 11:14:53,189] INFO: Time: 1.4079860289998578; Command Current: 400; Motor Current: 394.0
[2026-02-17 11:14:53,190] INFO: Time: 1.4090456499998254; Command Current: 400; Motor Current: 397.0
[2026-02-17 11:14:53,191] INFO: Time: 1.4101071420000153; Command Current: 400; Motor Current: 399.0
[2026-02-17 11:14:53,192] INFO: Time: 1.4111669110000093; Command Current: 400; Motor Current: 397.0
[2026-02-17 11:14:53,193] INFO: Time: 1.4122264400000404; Command Current: 400; Motor Current: 398.0
[2026-02-17 11:14:53,194] INFO: Time: 1.4132857089998652; Command Current: 400; Motor Current: 398.0
[2026-02-17 11:14:53,195] INFO: Time: 1.4143432369999118; Command Current: 400; Motor Current: 397.0
[2026-02-17 11:14:53,196] INFO: Time: 1.415405913999848; Command Current: 400; Motor Current: 400.0
[2026-02-17 11:14:53,197] INFO: Time: 1.4164667200000167; Command Current: 400; Motor Current: 400.0
[2026-02-17 11:14:53,198] INFO: Time: 1.4175353230000383; Command Current: 400; Motor Current: 398.0
[2026-02-17 11:14:53,199] INFO: Time: 1.418594851999842; Command Current: 400; Motor Current: 400.0
[2026-02-17 11:14:53,200] INFO: Time: 1.4196537499999522; Command Current: 400; Motor Current: 400.0
[2026-02-17 11:14:53,202] INFO: Time: 1.4207131680000202; Command Current: 400; Motor Current: 400.0
[2026-02-17 11:14:53,203] INFO: Time: 1.421779547999904; Command Current: 400; Motor Current: 399.0
[2026-02-17 11:14:53,204] INFO: Time: 1.4228402249998453; Command Current: 400; Motor Current: 400.0
[2026-02-17 11:14:53,205] INFO: Time: 1.4239064759999565; Command Current: 400; Motor Current: 399.0
[2026-02-17 11:14:53,206] INFO: Time: 1.4249692270000196; Command Current: 400; Motor Current: 401.0
[2026-02-17 11:14:53,207] INFO: Time: 1.4260298289998445; Command Current: 400; Motor Current: 400.0
[2026-02-17 11:14:53,208] INFO: Time: 1.4270907099999022; Command Current: 400; Motor Current: 398.0
[2026-02-17 11:14:53,209] INFO: Time: 1.4281537379999918; Command Current: 400; Motor Current: 401.0
[2026-02-17 11:14:53,210] INFO: Time: 1.4292140069999277; Command Current: 400; Motor Current: 401.0
[2026-02-17 11:14:53,211] INFO: Time: 1.4302740910000011; Command Current: 400; Motor Current: 399.0
[2026-02-17 11:14:53,212] INFO: Time: 1.4313318239999262; Command Current: 400; Motor Current: 400.0
[2026-02-17 11:14:53,213] INFO: Time: 1.432394463000037; Command Current: 400; Motor Current: 398.0
[2026-02-17 11:14:53,214] INFO: Time: 1.4334565100000418; Command Current: 400; Motor Current: 400.0
[2026-02-17 11:14:53,215] INFO: Time: 1.4345163909999883; Command Current: 400; Motor Current: 400.0
[2026-02-17 11:14:53,216] INFO: Time: 1.4355878449998727; Command Current: 400; Motor Current: 399.0
[2026-02-17 11:14:53,217] INFO: Time: 1.436649707000015; Command Current: 400; Motor Current: 400.0
[2026-02-17 11:14:53,219] INFO: Time: 1.4377099209998505; Command Current: 400; Motor Current: 399.0
[2026-02-17 11:14:53,220] INFO: Time: 1.4387703749998764; Command Current: 400; Motor Current: 400.0
[2026-02-17 11:14:53,221] INFO: Time: 1.4398307189999286; Command Current: 400; Motor Current: 398.0
[2026-02-17 11:14:53,222] INFO: Time: 1.4408902289999332; Command Current: 400; Motor Current: 399.0
[2026-02-17 11:14:53,223] INFO: Time: 1.4419499799998903; Command Current: 400; Motor Current: 398.0
[2026-02-17 11:14:53,224] INFO: Time: 1.4430091750000429; Command Current: 400; Motor Current: 399.0
[2026-02-17 11:14:53,225] INFO: Time: 1.4440677589998359; Command Current: 400; Motor Current: 399.0
[2026-02-17 11:14:53,226] INFO: Time: 1.4451274909999938; Command Current: 400; Motor Current: 397.0
[2026-02-17 11:14:53,227] INFO: Time: 1.4461894270000357; Command Current: 400; Motor Current: 397.0
[2026-02-17 11:14:53,228] INFO: Time: 1.4472483629999715; Command Current: 400; Motor Current: 398.0
[2026-02-17 11:14:53,229] INFO: Time: 1.4483053169999494; Command Current: 400; Motor Current: 397.0
[2026-02-17 11:14:53,230] INFO: Time: 1.4493652349999593; Command Current: 400; Motor Current: 397.0
[2026-02-17 11:14:53,231] INFO: Time: 1.4504215219999423; Command Current: 400; Motor Current: 396.0
[2026-02-17 11:14:53,232] INFO: Time: 1.451481235999836; Command Current: 400; Motor Current: 395.0
[2026-02-17 11:14:53,233] INFO: Time: 1.4525416719998248; Command Current: 400; Motor Current: 397.0
[2026-02-17 11:14:53,234] INFO: Time: 1.453600422999898; Command Current: 400; Motor Current: 397.0
[2026-02-17 11:14:53,235] INFO: Time: 1.4546593769998708; Command Current: 400; Motor Current: 395.0
[2026-02-17 11:14:53,237] INFO: Time: 1.4557181469999705; Command Current: 400; Motor Current: 395.0
[2026-02-17 11:14:53,238] INFO: Time: 1.456778100999827; Command Current: 400; Motor Current: 396.0
[2026-02-17 11:14:53,239] INFO: Time: 1.457838147999837; Command Current: 400; Motor Current: 395.0
[2026-02-17 11:14:53,240] INFO: Time: 1.4588973989998522; Command Current: 400; Motor Current: 394.0
[2026-02-17 11:14:53,241] INFO: Time: 1.4599564830000418; Command Current: 400; Motor Current: 395.0
[2026-02-17 11:14:53,242] INFO: Time: 1.46101565999993; Command Current: 400; Motor Current: 396.0
[2026-02-17 11:14:53,243] INFO: Time: 1.4620746509999663; Command Current: 400; Motor Current: 395.0
[2026-02-17 11:14:53,244] INFO: Time: 1.4631347909999022; Command Current: 400; Motor Current: 397.0
[2026-02-17 11:14:53,245] INFO: Time: 1.4641952079998646; Command Current: 400; Motor Current: 398.0
[2026-02-17 11:14:53,246] INFO: Time: 1.4652546069999062; Command Current: 400; Motor Current: 399.0
[2026-02-17 11:14:53,247] INFO: Time: 1.4663135979999424; Command Current: 400; Motor Current: 401.0
[2026-02-17 11:14:53,248] INFO: Time: 1.4673722200000157; Command Current: 400; Motor Current: 399.0
[2026-02-17 11:14:53,249] INFO: Time: 1.4684477109999534; Command Current: 400; Motor Current: 399.0
[2026-02-17 11:14:53,250] INFO: Time: 1.469507424999847; Command Current: 400; Motor Current: 399.0
[2026-02-17 11:14:53,251] INFO: Time: 1.4705673050000314; Command Current: 400; Motor Current: 399.0
[2026-02-17 11:14:53,252] INFO: Time: 1.4716238710000198; Command Current: 400; Motor Current: 399.0
[2026-02-17 11:14:53,253] INFO: Time: 1.4726830289998816; Command Current: 400; Motor Current: 398.0
[2026-02-17 11:14:53,255] INFO: Time: 1.4737424830000236; Command Current: 400; Motor Current: 397.0
[2026-02-17 11:14:53,256] INFO: Time: 1.4748023820000071; Command Current: 400; Motor Current: 398.0
[2026-02-17 11:14:53,257] INFO: Time: 1.475860928999964; Command Current: 400; Motor Current: 399.0
[2026-02-17 11:14:53,258] INFO: Time: 1.4769198649998998; Command Current: 400; Motor Current: 398.0
[2026-02-17 11:14:53,259] INFO: Time: 1.4779784119998567; Command Current: 400; Motor Current: 399.0
[2026-02-17 11:14:53,260] INFO: Time: 1.4790390149998984; Command Current: 400; Motor Current: 398.0
[2026-02-17 11:14:53,261] INFO: Time: 1.4800986729999295; Command Current: 400; Motor Current: 400.0
[2026-02-17 11:14:53,262] INFO: Time: 1.4811841829998684; Command Current: 400; Motor Current: 400.0
[2026-02-17 11:14:53,263] INFO: Time: 1.4822437119998995; Command Current: 400; Motor Current: 400.0
[2026-02-17 11:14:53,264] INFO: Time: 1.4833025739999357; Command Current: 400; Motor Current: 399.0
[2026-02-17 11:14:53,265] INFO: Time: 1.4843610279999666; Command Current: 400; Motor Current: 399.0
[2026-02-17 11:14:53,266] INFO: Time: 1.4854200939998918; Command Current: 400; Motor Current: 400.0
[2026-02-17 11:14:53,267] INFO: Time: 1.486480881000034; Command Current: 400; Motor Current: 398.0
[2026-02-17 11:14:53,268] INFO: Time: 1.4875401879999117; Command Current: 400; Motor Current: 401.0
[2026-02-17 11:14:53,269] INFO: Time: 1.488598789999969; Command Current: 400; Motor Current: 401.0
[2026-02-17 11:14:53,270] INFO: Time: 1.4896577629999683; Command Current: 400; Motor Current: 400.0
[2026-02-17 11:14:53,272] INFO: Time: 1.490716865999957; Command Current: 400; Motor Current: 400.0
[2026-02-17 11:14:53,273] INFO: Time: 1.4917764869999246; Command Current: 400; Motor Current: 400.0
[2026-02-17 11:14:53,274] INFO: Time: 1.4928376079999452; Command Current: 400; Motor Current: 401.0
[2026-02-17 11:14:53,275] INFO: Time: 1.4938970069999868; Command Current: 400; Motor Current: 401.0
[2026-02-17 11:14:53,276] INFO: Time: 1.494956590999891; Command Current: 400; Motor Current: 399.0
[2026-02-17 11:14:53,277] INFO: Time: 1.4960158970000066; Command Current: 400; Motor Current: 398.0
[2026-02-17 11:14:53,278] INFO: Time: 1.4970761299998685; Command Current: 400; Motor Current: 397.0
[2026-02-17 11:14:53,279] INFO: Time: 1.4981382139999369; Command Current: 400; Motor Current: 398.0
[2026-02-17 11:14:53,280] INFO: Time: 1.4991981499999838; Command Current: 400; Motor Current: 398.0
[2026-02-17 11:14:53,281] INFO: Time: 1.5002572710000095; Command Current: 400; Motor Current: 397.0
[2026-02-17 11:14:53,282] INFO: Time: 1.5013162809998448; Command Current: 400; Motor Current: 397.0
[2026-02-17 11:14:53,283] INFO: Time: 1.502375327999971; Command Current: 400; Motor Current: 396.0
[2026-02-17 11:14:53,284] INFO: Time: 1.5034476710000035; Command Current: 400; Motor Current: 397.0
[2026-02-17 11:14:53,285] INFO: Time: 1.50450907000004; Command Current: 400; Motor Current: 397.0
[2026-02-17 11:14:53,286] INFO: Time: 1.5055702279998968; Command Current: 400; Motor Current: 397.0
[2026-02-17 11:14:53,287] INFO: Time: 1.5066586279999683; Command Current: 400; Motor Current: 396.0
[2026-02-17 11:14:53,289] INFO: Time: 1.5077189710000312; Command Current: 400; Motor Current: 397.0
[2026-02-17 11:14:53,290] INFO: Time: 1.5087810369998351; Command Current: 400; Motor Current: 397.0
[2026-02-17 11:14:53,291] INFO: Time: 1.5098417130000144; Command Current: 400; Motor Current: 398.0
[2026-02-17 11:14:53,292] INFO: Time: 1.5109007789999396; Command Current: 400; Motor Current: 398.0
[2026-02-17 11:14:53,293] INFO: Time: 1.5119602519998807; Command Current: 400; Motor Current: 398.0
[2026-02-17 11:14:53,294] INFO: Time: 1.5130194099999699; Command Current: 400; Motor Current: 400.0
[2026-02-17 11:14:53,295] INFO: Time: 1.514079493999816; Command Current: 400; Motor Current: 398.0
[2026-02-17 11:14:53,296] INFO: Time: 1.5151397629999792; Command Current: 400; Motor Current: 399.0
[2026-02-17 11:14:53,297] INFO: Time: 1.516198920999841; Command Current: 400; Motor Current: 400.0
[2026-02-17 11:14:53,298] INFO: Time: 1.517258245999983; Command Current: 400; Motor Current: 400.0
[2026-02-17 11:14:53,299] INFO: Time: 1.5183169229999294; Command Current: 400; Motor Current: 399.0
[2026-02-17 11:14:53,300] INFO: Time: 1.5193735619998279; Command Current: 400; Motor Current: 400.0
[2026-02-17 11:14:53,301] INFO: Time: 1.5204488869999295; Command Current: 400; Motor Current: 402.0
[2026-02-17 11:14:53,302] INFO: Time: 1.521512563999977; Command Current: 400; Motor Current: 402.0
[2026-02-17 11:14:53,303] INFO: Time: 1.5225733519998812; Command Current: 400; Motor Current: 399.0
[2026-02-17 11:14:53,304] INFO: Time: 1.5236336399998436; Command Current: 400; Motor Current: 399.0
[2026-02-17 11:14:53,306] INFO: Time: 1.5246930569999222; Command Current: 400; Motor Current: 400.0
[2026-02-17 11:14:53,307] INFO: Time: 1.5257525299998633; Command Current: 400; Motor Current: 398.0
[2026-02-17 11:14:53,308] INFO: Time: 1.5268127990000266; Command Current: 400; Motor Current: 398.0
[2026-02-17 11:14:53,309] INFO: Time: 1.5278722349999043; Command Current: 400; Motor Current: 399.0
[2026-02-17 11:14:53,310] INFO: Time: 1.5289319490000253; Command Current: 400; Motor Current: 399.0
[2026-02-17 11:14:53,311] INFO: Time: 1.5299915149998924; Command Current: 400; Motor Current: 398.0
[2026-02-17 11:14:53,312] INFO: Time: 1.531050635999918; Command Current: 400; Motor Current: 399.0
[2026-02-17 11:14:53,313] INFO: Time: 1.5321105349999016; Command Current: 400; Motor Current: 398.0
[2026-02-17 11:14:53,314] INFO: Time: 1.5331710999998904; Command Current: 400; Motor Current: 398.0
[2026-02-17 11:14:53,315] INFO: Time: 1.5342301839998527; Command Current: 400; Motor Current: 398.0
[2026-02-17 11:14:53,316] INFO: Time: 1.5352894719999313; Command Current: 400; Motor Current: 399.0
[2026-02-17 11:14:53,317] INFO: Time: 1.5363489080000363; Command Current: 400; Motor Current: 400.0
[2026-02-17 11:14:53,318] INFO: Time: 1.5374096030000146; Command Current: 400; Motor Current: 399.0
[2026-02-17 11:14:53,319] INFO: Time: 1.5384712059999401; Command Current: 400; Motor Current: 399.0
[2026-02-17 11:14:53,320] INFO: Time: 1.5395307709998178; Command Current: 400; Motor Current: 398.0
[2026-02-17 11:14:53,321] INFO: Time: 1.5405895409999175; Command Current: 400; Motor Current: 400.0
[2026-02-17 11:14:53,322] INFO: Time: 1.5416488099999697; Command Current: 400; Motor Current: 400.0
[2026-02-17 11:14:53,324] INFO: Time: 1.5427081349998844; Command Current: 400; Motor Current: 399.0
[2026-02-17 11:14:53,325] INFO: Time: 1.5437671820000105; Command Current: 400; Motor Current: 400.0
[2026-02-17 11:14:53,326] INFO: Time: 1.5448268579998512; Command Current: 400; Motor Current: 399.0
[2026-02-17 11:14:53,327] INFO: Time: 1.5458856650000143; Command Current: 400; Motor Current: 401.0
[2026-02-17 11:14:53,328] INFO: Time: 1.5469441010000082; Command Current: 400; Motor Current: 399.0
[2026-02-17 11:14:53,329] INFO: Time: 1.5480030740000075; Command Current: 400; Motor Current: 400.0
[2026-02-17 11:14:53,330] INFO: Time: 1.5490628610000385; Command Current: 400; Motor Current: 400.0
[2026-02-17 11:14:53,331] INFO: Time: 1.550122760000022; Command Current: 400; Motor Current: 398.0
[2026-02-17 11:14:53,332] INFO: Time: 1.5511834179999369; Command Current: 400; Motor Current: 399.0
[2026-02-17 11:14:53,333] INFO: Time: 1.5522433539999838; Command Current: 400; Motor Current: 397.0
[2026-02-17 11:14:53,334] INFO: Time: 1.5533247719999963; Command Current: 400; Motor Current: 397.0
[2026-02-17 11:14:53,335] INFO: Time: 1.5543836709998686; Command Current: 400; Motor Current: 397.0
[2026-02-17 11:14:53,336] INFO: Time: 1.5554555510000228; Command Current: 400; Motor Current: 398.0
[2026-02-17 11:14:53,337] INFO: Time: 1.5565168759999324; Command Current: 400; Motor Current: 397.0
[2026-02-17 11:14:53,338] INFO: Time: 1.5575867749998906; Command Current: 400; Motor Current: 394.0
[2026-02-17 11:14:53,339] INFO: Time: 1.5586461000000327; Command Current: 400; Motor Current: 396.0
[2026-02-17 11:14:53,341] INFO: Time: 1.5597029799998836; Command Current: 400; Motor Current: 399.0
[2026-02-17 11:14:53,342] INFO: Time: 1.560762952999994; Command Current: 400; Motor Current: 397.0
[2026-02-17 11:14:53,343] INFO: Time: 1.561824796999872; Command Current: 400; Motor Current: 395.0
[2026-02-17 11:14:53,344] INFO: Time: 1.5628841210000246; Command Current: 400; Motor Current: 395.0
[2026-02-17 11:14:53,345] INFO: Time: 1.5639436310000292; Command Current: 400; Motor Current: 397.0
[2026-02-17 11:14:53,346] INFO: Time: 1.565002566999965; Command Current: 400; Motor Current: 397.0
[2026-02-17 11:14:53,347] INFO: Time: 1.5660613369998373; Command Current: 400; Motor Current: 398.0
[2026-02-17 11:14:53,348] INFO: Time: 1.5671211979999953; Command Current: 400; Motor Current: 397.0
[2026-02-17 11:14:53,349] INFO: Time: 1.568182282999942; Command Current: 400; Motor Current: 398.0
[2026-02-17 11:14:53,350] INFO: Time: 1.5692416439999306; Command Current: 400; Motor Current: 398.0
[2026-02-17 11:14:53,351] INFO: Time: 1.5703005989998928; Command Current: 400; Motor Current: 400.0
[2026-02-17 11:14:53,352] INFO: Time: 1.571359867999945; Command Current: 400; Motor Current: 398.0
[2026-02-17 11:14:53,353] INFO: Time: 1.5724204890000237; Command Current: 400; Motor Current: 400.0
[2026-02-17 11:14:53,354] INFO: Time: 1.573477369999864; Command Current: 400; Motor Current: 400.0
[2026-02-17 11:14:53,355] INFO: Time: 1.5745385650000117; Command Current: 400; Motor Current: 399.0
[2026-02-17 11:14:53,356] INFO: Time: 1.5755978709999; Command Current: 400; Motor Current: 399.0
[2026-02-17 11:14:53,357] INFO: Time: 1.576657343999841; Command Current: 400; Motor Current: 400.0
[2026-02-17 11:14:53,359] INFO: Time: 1.5777302619999318; Command Current: 400; Motor Current: 399.0
[2026-02-17 11:14:53,360] INFO: Time: 1.5787989379998635; Command Current: 400; Motor Current: 400.0
[2026-02-17 11:14:53,361] INFO: Time: 1.579861836999953; Command Current: 400; Motor Current: 400.0
[2026-02-17 11:14:53,362] INFO: Time: 1.5809231439998257; Command Current: 400; Motor Current: 401.0
[2026-02-17 11:14:53,363] INFO: Time: 1.581983930999968; Command Current: 400; Motor Current: 400.0
[2026-02-17 11:14:53,364] INFO: Time: 1.5830434229999355; Command Current: 400; Motor Current: 400.0
[2026-02-17 11:14:53,365] INFO: Time: 1.5841038219998609; Command Current: 400; Motor Current: 400.0
[2026-02-17 11:14:53,366] INFO: Time: 1.5851649609999185; Command Current: 400; Motor Current: 400.0
[2026-02-17 11:14:53,367] INFO: Time: 1.5862248229998386; Command Current: 400; Motor Current: 399.0
[2026-02-17 11:14:53,368] INFO: Time: 1.587284167000007; Command Current: 400; Motor Current: 399.0
[2026-02-17 11:14:53,369] INFO: Time: 1.5883441579999271; Command Current: 400; Motor Current: 399.0
[2026-02-17 11:14:53,370] INFO: Time: 1.5894093719998637; Command Current: 400; Motor Current: 398.0
[2026-02-17 11:14:53,371] INFO: Time: 1.5904687150000427; Command Current: 400; Motor Current: 399.0
[2026-02-17 11:14:53,372] INFO: Time: 1.591529724999873; Command Current: 400; Motor Current: 399.0
[2026-02-17 11:14:53,373] INFO: Time: 1.5925868649999302; Command Current: 400; Motor Current: 400.0
[2026-02-17 11:14:53,374] INFO: Time: 1.5936466159998872; Command Current: 400; Motor Current: 401.0
[2026-02-17 11:14:53,376] INFO: Time: 1.5947036999998545; Command Current: 400; Motor Current: 399.0
[2026-02-17 11:14:53,377] INFO: Time: 1.5957626909998908; Command Current: 400; Motor Current: 400.0
[2026-02-17 11:14:53,378] INFO: Time: 1.596825034999938; Command Current: 400; Motor Current: 398.0
[2026-02-17 11:14:53,379] INFO: Time: 1.597884692999969; Command Current: 400; Motor Current: 397.0
[2026-02-17 11:14:53,380] INFO: Time: 1.5989442949999102; Command Current: 400; Motor Current: 397.0
[2026-02-17 11:14:53,381] INFO: Time: 1.6000033979998989; Command Current: 400; Motor Current: 396.0
[2026-02-17 11:14:53,382] INFO: Time: 1.6010636119999617; Command Current: 400; Motor Current: 396.0
[2026-02-17 11:14:53,383] INFO: Time: 1.6021240479999506; Command Current: 400; Motor Current: 397.0
[2026-02-17 11:14:53,384] INFO: Time: 1.6031833350000397; Command Current: 400; Motor Current: 395.0
[2026-02-17 11:14:53,385] INFO: Time: 1.604242733999854; Command Current: 400; Motor Current: 398.0
[2026-02-17 11:14:53,386] INFO: Time: 1.605302040999959; Command Current: 400; Motor Current: 398.0
[2026-02-17 11:14:53,387] INFO: Time: 1.6063624579999214; Command Current: 400; Motor Current: 398.0
[2026-02-17 11:14:53,388] INFO: Time: 1.6074233379999896; Command Current: 400; Motor Current: 398.0
[2026-02-17 11:14:53,389] INFO: Time: 1.608483625999952; Command Current: 400; Motor Current: 400.0
[2026-02-17 11:14:53,390] INFO: Time: 1.6095428399999037; Command Current: 400; Motor Current: 400.0
[2026-02-17 11:14:53,391] INFO: Time: 1.6106017939998765; Command Current: 400; Motor Current: 397.0
[2026-02-17 11:14:53,392] INFO: Time: 1.6116617489999499; Command Current: 400; Motor Current: 399.0
[2026-02-17 11:14:53,394] INFO: Time: 1.6127219249999598; Command Current: 400; Motor Current: 399.0
[2026-02-17 11:14:53,395] INFO: Time: 1.613780990999885; Command Current: 400; Motor Current: 399.0
[2026-02-17 11:14:53,396] INFO: Time: 1.6148400189999847; Command Current: 400; Motor Current: 399.0
[2026-02-17 11:14:53,397] INFO: Time: 1.61589902899982; Command Current: 400; Motor Current: 400.0
[2026-02-17 11:14:53,398] INFO: Time: 1.6169580949999727; Command Current: 400; Motor Current: 399.0
[2026-02-17 11:14:53,399] INFO: Time: 1.618018604999861; Command Current: 400; Motor Current: 400.0
[2026-02-17 11:14:53,400] INFO: Time: 1.619078818999924; Command Current: 400; Motor Current: 400.0
[2026-02-17 11:14:53,401] INFO: Time: 1.6201389399998334; Command Current: 400; Motor Current: 401.0
[2026-02-17 11:14:53,402] INFO: Time: 1.621198467999875; Command Current: 400; Motor Current: 402.0
[2026-02-17 11:14:53,403] INFO: Time: 1.6222574779999377; Command Current: 400; Motor Current: 401.0
[2026-02-17 11:14:53,404] INFO: Time: 1.6233163770000374; Command Current: 400; Motor Current: 400.0
[2026-02-17 11:14:53,405] INFO: Time: 1.6243747209998673; Command Current: 400; Motor Current: 400.0
[2026-02-17 11:14:53,406] INFO: Time: 1.625435748999962; Command Current: 400; Motor Current: 400.0
[2026-02-17 11:14:53,407] INFO: Time: 1.6264949999999772; Command Current: 400; Motor Current: 400.0
[2026-02-17 11:14:53,408] INFO: Time: 1.627553750999823; Command Current: 400; Motor Current: 399.0
[2026-02-17 11:14:53,409] INFO: Time: 1.6286132239999915; Command Current: 400; Motor Current: 399.0
[2026-02-17 11:14:53,410] INFO: Time: 1.6296732890000385; Command Current: 400; Motor Current: 400.0
[2026-02-17 11:14:53,412] INFO: Time: 1.6307707070000106; Command Current: 400; Motor Current: 399.0
[2026-02-17 11:14:53,413] INFO: Time: 1.6318299209999623; Command Current: 400; Motor Current: 400.0
[2026-02-17 11:14:53,414] INFO: Time: 1.6328894490000039; Command Current: 400; Motor Current: 401.0
[2026-02-17 11:14:53,415] INFO: Time: 1.6339704219999476; Command Current: 400; Motor Current: 401.0
[2026-02-17 11:14:53,416] INFO: Time: 1.6350302470000315; Command Current: 400; Motor Current: 401.0
[2026-02-17 11:14:53,417] INFO: Time: 1.6360932200000207; Command Current: 400; Motor Current: 400.0
[2026-02-17 11:14:53,418] INFO: Time: 1.6371531190000042; Command Current: 400; Motor Current: 401.0
[2026-02-17 11:14:53,419] INFO: Time: 1.6382161110000197; Command Current: 400; Motor Current: 402.0
[2026-02-17 11:14:53,420] INFO: Time: 1.6392754720000084; Command Current: 400; Motor Current: 399.0
[2026-02-17 11:14:53,421] INFO: Time: 1.6403338339998754; Command Current: 400; Motor Current: 399.0
[2026-02-17 11:14:53,422] INFO: Time: 1.6413940659999753; Command Current: 400; Motor Current: 398.0
[2026-02-17 11:14:53,423] INFO: Time: 1.642458187999864; Command Current: 400; Motor Current: 400.0
[2026-02-17 11:14:53,424] INFO: Time: 1.6435160490000271; Command Current: 400; Motor Current: 399.0
[2026-02-17 11:14:53,425] INFO: Time: 1.6445752449999418; Command Current: 400; Motor Current: 397.0
[2026-02-17 11:14:53,426] INFO: Time: 1.6456352549998883; Command Current: 400; Motor Current: 398.0
[2026-02-17 11:14:53,428] INFO: Time: 1.646695875999967; Command Current: 400; Motor Current: 398.0
[2026-02-17 11:14:53,429] INFO: Time: 1.6477551450000192; Command Current: 400; Motor Current: 397.0
[2026-02-17 11:14:53,430] INFO: Time: 1.648813969999992; Command Current: 400; Motor Current: 397.0
[2026-02-17 11:14:53,431] INFO: Time: 1.6498723689999224; Command Current: 400; Motor Current: 396.0
[2026-02-17 11:14:53,432] INFO: Time: 1.6509306939999533; Command Current: 400; Motor Current: 397.0
[2026-02-17 11:14:53,433] INFO: Time: 1.651990054999942; Command Current: 400; Motor Current: 396.0
[2026-02-17 11:14:53,434] INFO: Time: 1.6530512689998886; Command Current: 400; Motor Current: 396.0
[2026-02-17 11:14:53,435] INFO: Time: 1.6541102239998509; Command Current: 400; Motor Current: 396.0
[2026-02-17 11:14:53,436] INFO: Time: 1.6551790480000363; Command Current: 400; Motor Current: 394.0
[2026-02-17 11:14:53,437] INFO: Time: 1.6562380579998717; Command Current: 400; Motor Current: 395.0
[2026-02-17 11:14:53,438] INFO: Time: 1.657296105999876; Command Current: 400; Motor Current: 395.0
[2026-02-17 11:14:53,439] INFO: Time: 1.6583648009998342; Command Current: 400; Motor Current: 394.0
[2026-02-17 11:14:53,440] INFO: Time: 1.659427125999855; Command Current: 400; Motor Current: 397.0
[2026-02-17 11:14:53,441] INFO: Time: 1.6604859689998648; Command Current: 400; Motor Current: 396.0
[2026-02-17 11:14:53,442] INFO: Time: 1.661545015999991; Command Current: 400; Motor Current: 398.0
[2026-02-17 11:14:53,443] INFO: Time: 1.6626042109999162; Command Current: 400; Motor Current: 398.0
[2026-02-17 11:14:53,444] INFO: Time: 1.663664721000032; Command Current: 400; Motor Current: 399.0
[2026-02-17 11:14:53,446] INFO: Time: 1.6647325649998947; Command Current: 400; Motor Current: 400.0
[2026-02-17 11:14:53,447] INFO: Time: 1.6657938519999789; Command Current: 400; Motor Current: 399.0
[2026-02-17 11:14:53,448] INFO: Time: 1.666855102999989; Command Current: 400; Motor Current: 399.0
[2026-02-17 11:14:53,449] INFO: Time: 1.6679152799999883; Command Current: 400; Motor Current: 400.0
[2026-02-17 11:14:53,450] INFO: Time: 1.6689774939998188; Command Current: 400; Motor Current: 399.0
[2026-02-17 11:14:53,451] INFO: Time: 1.6700380039999345; Command Current: 400; Motor Current: 398.0
[2026-02-17 11:14:53,452] INFO: Time: 1.671098513999823; Command Current: 400; Motor Current: 399.0
[2026-02-17 11:14:53,453] INFO: Time: 1.672157468000023; Command Current: 400; Motor Current: 399.0
[2026-02-17 11:14:53,454] INFO: Time: 1.673215904000017; Command Current: 400; Motor Current: 398.0
[2026-02-17 11:14:53,455] INFO: Time: 1.6742751360000057; Command Current: 400; Motor Current: 398.0
[2026-02-17 11:14:53,456] INFO: Time: 1.6753349049999997; Command Current: 400; Motor Current: 398.0
[2026-02-17 11:14:53,457] INFO: Time: 1.6763960639998459; Command Current: 400; Motor Current: 399.0
[2026-02-17 11:14:53,458] INFO: Time: 1.6774593139998615; Command Current: 400; Motor Current: 400.0
[2026-02-17 11:14:53,459] INFO: Time: 1.6785185100000035; Command Current: 400; Motor Current: 401.0
[2026-02-17 11:14:53,460] INFO: Time: 1.6795833899998343; Command Current: 400; Motor Current: 400.0
[2026-02-17 11:14:53,461] INFO: Time: 1.680647492999924; Command Current: 400; Motor Current: 400.0
[2026-02-17 11:14:53,463] INFO: Time: 1.6817097989999183; Command Current: 400; Motor Current: 401.0
[2026-02-17 11:14:53,464] INFO: Time: 1.6827701610000076; Command Current: 400; Motor Current: 400.0
[2026-02-17 11:14:53,465] INFO: Time: 1.68383044899997; Command Current: 400; Motor Current: 399.0
[2026-02-17 11:14:53,466] INFO: Time: 1.684890107000001; Command Current: 400; Motor Current: 400.0
[2026-02-17 11:14:53,467] INFO: Time: 1.6859496719998788; Command Current: 400; Motor Current: 401.0
[2026-02-17 11:14:53,468] INFO: Time: 1.687010237999857; Command Current: 400; Motor Current: 400.0
[2026-02-17 11:14:53,469] INFO: Time: 1.6880710069999623; Command Current: 400; Motor Current: 401.0
[2026-02-17 11:14:53,470] INFO: Time: 1.6891307769999457; Command Current: 400; Motor Current: 398.0
[2026-02-17 11:14:53,471] INFO: Time: 1.6901903240000138; Command Current: 400; Motor Current: 397.0
[2026-02-17 11:14:53,472] INFO: Time: 1.6912496669999655; Command Current: 400; Motor Current: 398.0
[2026-02-17 11:14:53,473] INFO: Time: 1.692309491999822; Command Current: 400; Motor Current: 397.0
[2026-02-17 11:14:53,474] INFO: Time: 1.6933677609999904; Command Current: 400; Motor Current: 396.0
[2026-02-17 11:14:53,475] INFO: Time: 1.6944283819998418; Command Current: 400; Motor Current: 396.0
[2026-02-17 11:14:53,476] INFO: Time: 1.6954875960000209; Command Current: 400; Motor Current: 394.0
[2026-02-17 11:14:53,477] INFO: Time: 1.696546976000036; Command Current: 400; Motor Current: 396.0
[2026-02-17 11:14:53,478] INFO: Time: 1.6976163570000153; Command Current: 400; Motor Current: 396.0
[2026-02-17 11:14:53,479] INFO: Time: 1.6986766439999883; Command Current: 400; Motor Current: 395.0
[2026-02-17 11:14:53,481] INFO: Time: 1.6997357099999135; Command Current: 400; Motor Current: 396.0
[2026-02-17 11:14:53,482] INFO: Time: 1.7007948680000027; Command Current: 400; Motor Current: 396.0
[2026-02-17 11:14:53,483] INFO: Time: 1.7018536189998485; Command Current: 400; Motor Current: 396.0
[2026-02-17 11:14:53,484] INFO: Time: 1.7029125359999853; Command Current: 400; Motor Current: 396.0
[2026-02-17 11:14:53,485] INFO: Time: 1.7039719909998894; Command Current: 400; Motor Current: 398.0
[2026-02-17 11:14:53,486] INFO: Time: 1.705031575000021; Command Current: 400; Motor Current: 397.0
[2026-02-17 11:14:53,487] INFO: Time: 1.7060906029998932; Command Current: 400; Motor Current: 397.0
[2026-02-17 11:14:53,488] INFO: Time: 1.7071492799998396; Command Current: 400; Motor Current: 396.0
[2026-02-17 11:14:53,489] INFO: Time: 1.7082081419998758; Command Current: 400; Motor Current: 397.0
[2026-02-17 11:14:53,490] INFO: Time: 1.709267078000039; Command Current: 400; Motor Current: 396.0
[2026-02-17 11:14:53,491] INFO: Time: 1.7103273279999485; Command Current: 400; Motor Current: 396.0
[2026-02-17 11:14:53,492] INFO: Time: 1.7113881159998527; Command Current: 400; Motor Current: 396.0
[2026-02-17 11:14:53,493] INFO: Time: 1.7124606449999646; Command Current: 400; Motor Current: 397.0
[2026-02-17 11:14:53,494] INFO: Time: 1.7135215809998954; Command Current: 400; Motor Current: 397.0
[2026-02-17 11:14:53,495] INFO: Time: 1.7145806459998312; Command Current: 400; Motor Current: 399.0
[2026-02-17 11:14:53,496] INFO: Time: 1.7156410079999205; Command Current: 400; Motor Current: 399.0
[2026-02-17 11:14:53,498] INFO: Time: 1.7167014439999093; Command Current: 400; Motor Current: 398.0
[2026-02-17 11:14:53,499] INFO: Time: 1.7177610100000038; Command Current: 400; Motor Current: 398.0
[2026-02-17 11:14:53,500] INFO: Time: 1.7188199089998761; Command Current: 400; Motor Current: 399.0
[2026-02-17 11:14:53,501] INFO: Time: 1.719878751999886; Command Current: 400; Motor Current: 399.0
[2026-02-17 11:14:53,502] INFO: Time: 1.7209372989998428; Command Current: 400; Motor Current: 400.0
[2026-02-17 11:14:53,503] INFO: Time: 1.7219968279998739; Command Current: 400; Motor Current: 400.0
[2026-02-17 11:14:53,504] INFO: Time: 1.7230590039998788; Command Current: 400; Motor Current: 400.0
[2026-02-17 11:14:53,505] INFO: Time: 1.7241191809998782; Command Current: 400; Motor Current: 400.0
[2026-02-17 11:14:53,506] INFO: Time: 1.7252007279998907; Command Current: 400; Motor Current: 400.0
[2026-02-17 11:14:53,507] INFO: Time: 1.7262597379999534; Command Current: 400; Motor Current: 400.0
[2026-02-17 11:14:53,508] INFO: Time: 1.727318729999979; Command Current: 400; Motor Current: 400.0
[2026-02-17 11:14:53,509] INFO: Time: 1.7283762769998248; Command Current: 400; Motor Current: 401.0
[2026-02-17 11:14:53,510] INFO: Time: 1.7294376390000252; Command Current: 400; Motor Current: 400.0
[2026-02-17 11:14:53,511] INFO: Time: 1.7304971669998395; Command Current: 400; Motor Current: 399.0
[2026-02-17 11:14:53,512] INFO: Time: 1.7315560659999392; Command Current: 400; Motor Current: 399.0
[2026-02-17 11:14:53,513] INFO: Time: 1.7326156499998433; Command Current: 400; Motor Current: 397.0
[2026-02-17 11:14:53,515] INFO: Time: 1.7336768079999274; Command Current: 400; Motor Current: 397.0
[2026-02-17 11:14:53,516] INFO: Time: 1.7347365779999109; Command Current: 400; Motor Current: 397.0
[2026-02-17 11:14:53,517] INFO: Time: 1.7357961620000424; Command Current: 400; Motor Current: 398.0
[2026-02-17 11:14:53,518] INFO: Time: 1.7368556530000205; Command Current: 400; Motor Current: 398.0
[2026-02-17 11:14:53,519] INFO: Time: 1.7379147560000092; Command Current: 400; Motor Current: 399.0
[2026-02-17 11:14:53,520] INFO: Time: 1.7389750249999452; Command Current: 400; Motor Current: 400.0
[2026-02-17 11:14:53,521] INFO: Time: 1.7400361830000293; Command Current: 400; Motor Current: 399.0
[2026-02-17 11:14:53,522] INFO: Time: 1.7410958230000233; Command Current: 400; Motor Current: 401.0
[2026-02-17 11:14:53,523] INFO: Time: 1.742155055000012; Command Current: 400; Motor Current: 400.0
[2026-02-17 11:14:53,524] INFO: Time: 1.7432140829998843; Command Current: 400; Motor Current: 400.0
[2026-02-17 11:14:53,525] INFO: Time: 1.7442732229999365; Command Current: 400; Motor Current: 402.0
[2026-02-17 11:14:53,526] INFO: Time: 1.7453326779998406; Command Current: 400; Motor Current: 400.0
[2026-02-17 11:14:53,527] INFO: Time: 1.7463943539999036; Command Current: 400; Motor Current: 399.0
[2026-02-17 11:14:53,528] INFO: Time: 1.7474620119999145; Command Current: 400; Motor Current: 398.0
[2026-02-17 11:14:53,529] INFO: Time: 1.74852106000003; Command Current: 400; Motor Current: 399.0
[2026-02-17 11:14:53,530] INFO: Time: 1.7495802729999923; Command Current: 400; Motor Current: 398.0
[2026-02-17 11:14:53,531] INFO: Time: 1.7506398020000233; Command Current: 400; Motor Current: 397.0
[2026-02-17 11:14:53,533] INFO: Time: 1.7517015149999224; Command Current: 400; Motor Current: 396.0
[2026-02-17 11:14:53,534] INFO: Time: 1.75276106299998; Command Current: 400; Motor Current: 397.0
[2026-02-17 11:14:53,535] INFO: Time: 1.7538283320000119; Command Current: 400; Motor Current: 397.0
[2026-02-17 11:14:53,536] INFO: Time: 1.754890137999837; Command Current: 400; Motor Current: 396.0
[2026-02-17 11:14:53,537] INFO: Time: 1.7559492409998256; Command Current: 400; Motor Current: 396.0
[2026-02-17 11:14:53,538] INFO: Time: 1.7570098989999678; Command Current: 400; Motor Current: 395.0
[2026-02-17 11:14:53,539] INFO: Time: 1.7580716869999833; Command Current: 400; Motor Current: 397.0
[2026-02-17 11:14:53,540] INFO: Time: 1.759131362999824; Command Current: 400; Motor Current: 396.0
[2026-02-17 11:14:53,541] INFO: Time: 1.7601907250000295; Command Current: 400; Motor Current: 397.0
[2026-02-17 11:14:53,542] INFO: Time: 1.7612499199999547; Command Current: 400; Motor Current: 397.0
[2026-02-17 11:14:53,543] INFO: Time: 1.7623091339999064; Command Current: 400; Motor Current: 398.0
[2026-02-17 11:14:53,544] INFO: Time: 1.7633708480000223; Command Current: 400; Motor Current: 398.0
[2026-02-17 11:14:53,545] INFO: Time: 1.76443167299999; Command Current: 400; Motor Current: 398.0
[2026-02-17 11:14:53,546] INFO: Time: 1.7654902570000104; Command Current: 400; Motor Current: 399.0
[2026-02-17 11:14:53,547] INFO: Time: 1.7665493590000096; Command Current: 400; Motor Current: 400.0
[2026-02-17 11:14:53,548] INFO: Time: 1.767608239999845; Command Current: 400; Motor Current: 400.0
[2026-02-17 11:14:53,549] INFO: Time: 1.7686682129999554; Command Current: 400; Motor Current: 400.0
[2026-02-17 11:14:53,551] INFO: Time: 1.7697287039998173; Command Current: 400; Motor Current: 400.0
[2026-02-17 11:14:53,552] INFO: Time: 1.770787659000007; Command Current: 400; Motor Current: 401.0
[2026-02-17 11:14:53,553] INFO: Time: 1.7718467239999427; Command Current: 400; Motor Current: 400.0
[2026-02-17 11:14:53,554] INFO: Time: 1.7729058449999684; Command Current: 400; Motor Current: 399.0
[2026-02-17 11:14:53,555] INFO: Time: 1.773964947999957; Command Current: 400; Motor Current: 400.0
[2026-02-17 11:14:53,556] INFO: Time: 1.77502492099984; Command Current: 400; Motor Current: 400.0
[2026-02-17 11:14:53,557] INFO: Time: 1.7760851159998765; Command Current: 400; Motor Current: 400.0
[2026-02-17 11:14:53,558] INFO: Time: 1.777144625999881; Command Current: 400; Motor Current: 399.0
[2026-02-17 11:14:53,559] INFO: Time: 1.7782040059998963; Command Current: 400; Motor Current: 399.0
[2026-02-17 11:14:53,560] INFO: Time: 1.7792632020000383; Command Current: 400; Motor Current: 401.0
[2026-02-17 11:14:53,561] INFO: Time: 1.780322137999974; Command Current: 400; Motor Current: 401.0
[2026-02-17 11:14:53,562] INFO: Time: 1.781380535999915; Command Current: 400; Motor Current: 402.0
[2026-02-17 11:14:53,563] INFO: Time: 1.782460323999885; Command Current: 400; Motor Current: 401.0
[2026-02-17 11:14:53,564] INFO: Time: 1.7835196309999901; Command Current: 400; Motor Current: 402.0
[2026-02-17 11:14:53,565] INFO: Time: 1.784578566999926; Command Current: 400; Motor Current: 403.0
[2026-02-17 11:14:53,566] INFO: Time: 1.7856379840000045; Command Current: 400; Motor Current: 404.0
[2026-02-17 11:14:53,568] INFO: Time: 1.7866974569999456; Command Current: 400; Motor Current: 403.0
[2026-02-17 11:14:53,569] INFO: Time: 1.7877569299998868; Command Current: 400; Motor Current: 404.0
[2026-02-17 11:14:53,570] INFO: Time: 1.788815791999923; Command Current: 400; Motor Current: 402.0
[2026-02-17 11:14:53,571] INFO: Time: 1.7898749129999487; Command Current: 400; Motor Current: 401.0
[2026-02-17 11:14:53,572] INFO: Time: 1.7909340159999374; Command Current: 400; Motor Current: 402.0
[2026-02-17 11:14:53,573] INFO: Time: 1.7919935630000055; Command Current: 400; Motor Current: 401.0
[2026-02-17 11:14:53,574] INFO: Time: 1.7930540909999308; Command Current: 400; Motor Current: 400.0
[2026-02-17 11:14:53,575] INFO: Time: 1.7941126749999512; Command Current: 400; Motor Current: 398.0
[2026-02-17 11:14:53,576] INFO: Time: 1.795171296000035; Command Current: 400; Motor Current: 396.0
[2026-02-17 11:14:53,577] INFO: Time: 1.7962303990000237; Command Current: 400; Motor Current: 397.0
[2026-02-17 11:14:53,578] INFO: Time: 1.7972892609998325; Command Current: 400; Motor Current: 396.0
[2026-02-17 11:14:53,579] INFO: Time: 1.7983494369998425; Command Current: 400; Motor Current: 395.0
[2026-02-17 11:14:53,580] INFO: Time: 1.799412724999911; Command Current: 400; Motor Current: 395.0
[2026-02-17 11:14:53,581] INFO: Time: 1.8004703089998202; Command Current: 400; Motor Current: 396.0
[2026-02-17 11:14:53,582] INFO: Time: 1.8015690229999564; Command Current: 400; Motor Current: 396.0
[2026-02-17 11:14:53,583] INFO: Time: 1.8026288849998764; Command Current: 400; Motor Current: 395.0
[2026-02-17 11:14:53,585] INFO: Time: 1.8036894509998547; Command Current: 400; Motor Current: 395.0
[2026-02-17 11:14:53,586] INFO: Time: 1.8047504979999758; Command Current: 400; Motor Current: 397.0
[2026-02-17 11:14:53,587] INFO: Time: 1.8058102859999963; Command Current: 400; Motor Current: 396.0
[2026-02-17 11:14:53,588] INFO: Time: 1.8068697769999744; Command Current: 400; Motor Current: 395.0
[2026-02-17 11:14:53,589] INFO: Time: 1.807929397999942; Command Current: 400; Motor Current: 398.0
[2026-02-17 11:14:53,590] INFO: Time: 1.8089885560000312; Command Current: 400; Motor Current: 397.0
[2026-02-17 11:14:53,591] INFO: Time: 1.8100483439998243; Command Current: 400; Motor Current: 398.0
[2026-02-17 11:14:53,592] INFO: Time: 1.8111098729998503; Command Current: 400; Motor Current: 397.0
[2026-02-17 11:14:53,593] INFO: Time: 1.8121695309998813; Command Current: 400; Motor Current: 398.0
[2026-02-17 11:14:53,594] INFO: Time: 1.8132293740000023; Command Current: 400; Motor Current: 400.0
[2026-02-17 11:14:53,595] INFO: Time: 1.8142875319999803; Command Current: 400; Motor Current: 399.0
[2026-02-17 11:14:53,596] INFO: Time: 1.815346560999842; Command Current: 400; Motor Current: 399.0
[2026-02-17 11:14:53,597] INFO: Time: 1.8164087190000373; Command Current: 400; Motor Current: 399.0
[2026-02-17 11:14:53,598] INFO: Time: 1.817469747999894; Command Current: 400; Motor Current: 398.0
[2026-02-17 11:14:53,599] INFO: Time: 1.8185420909999266; Command Current: 400; Motor Current: 400.0
[2026-02-17 11:14:53,600] INFO: Time: 1.8196083599998474; Command Current: 400; Motor Current: 399.0
[2026-02-17 11:14:53,602] INFO: Time: 1.8206725369998367; Command Current: 400; Motor Current: 398.0
[2026-02-17 11:14:53,603] INFO: Time: 1.821734620999905; Command Current: 400; Motor Current: 401.0
[2026-02-17 11:14:53,604] INFO: Time: 1.822795649999989; Command Current: 400; Motor Current: 400.0
[2026-02-17 11:14:53,605] INFO: Time: 1.823856029999888; Command Current: 400; Motor Current: 401.0
[2026-02-17 11:14:53,606] INFO: Time: 1.824915780999845; Command Current: 400; Motor Current: 401.0
[2026-02-17 11:14:53,607] INFO: Time: 1.8259750689999237; Command Current: 400; Motor Current: 399.0
[2026-02-17 11:14:53,608] INFO: Time: 1.8270358009999654; Command Current: 400; Motor Current: 399.0
[2026-02-17 11:14:53,609] INFO: Time: 1.8280960889999278; Command Current: 400; Motor Current: 401.0
[2026-02-17 11:14:53,610] INFO: Time: 1.829157301999885; Command Current: 400; Motor Current: 400.0
[2026-02-17 11:14:53,611] INFO: Time: 1.830216498000027; Command Current: 400; Motor Current: 401.0
[2026-02-17 11:14:53,612] INFO: Time: 1.8312753220000104; Command Current: 400; Motor Current: 400.0
[2026-02-17 11:14:53,613] INFO: Time: 1.8323344809998616; Command Current: 400; Motor Current: 401.0
[2026-02-17 11:14:53,614] INFO: Time: 1.8333928419999665; Command Current: 400; Motor Current: 399.0
[2026-02-17 11:14:53,615] INFO: Time: 1.83446575999983; Command Current: 400; Motor Current: 400.0
[2026-02-17 11:14:53,616] INFO: Time: 1.8355248249999931; Command Current: 400; Motor Current: 399.0
[2026-02-17 11:14:53,617] INFO: Time: 1.8366098540000166; Command Current: 400; Motor Current: 399.0
[2026-02-17 11:14:53,619] INFO: Time: 1.8376731419998578; Command Current: 400; Motor Current: 400.0
[2026-02-17 11:14:53,620] INFO: Time: 1.8387402079999902; Command Current: 400; Motor Current: 397.0
[2026-02-17 11:14:53,621] INFO: Time: 1.8397976809999363; Command Current: 400; Motor Current: 398.0
[2026-02-17 11:14:53,622] INFO: Time: 1.8408564129999831; Command Current: 400; Motor Current: 398.0
[2026-02-17 11:14:53,623] INFO: Time: 1.841915292999829; Command Current: 400; Motor Current: 398.0
[2026-02-17 11:14:53,624] INFO: Time: 1.842975099999876; Command Current: 400; Motor Current: 399.0
[2026-02-17 11:14:53,625] INFO: Time: 1.8440348499998436; Command Current: 400; Motor Current: 400.0
[2026-02-17 11:14:53,626] INFO: Time: 1.8450939899998957; Command Current: 400; Motor Current: 399.0
[2026-02-17 11:14:53,627] INFO: Time: 1.8461531670000113; Command Current: 400; Motor Current: 397.0
[2026-02-17 11:14:53,628] INFO: Time: 1.8472119169998678; Command Current: 400; Motor Current: 398.0
[2026-02-17 11:14:53,629] INFO: Time: 1.8482707979999304; Command Current: 400; Motor Current: 398.0
[2026-02-17 11:14:53,630] INFO: Time: 1.8493303999998716; Command Current: 400; Motor Current: 399.0
[2026-02-17 11:14:53,631] INFO: Time: 1.8503906139999344; Command Current: 400; Motor Current: 398.0
[2026-02-17 11:14:53,632] INFO: Time: 1.8514637719999882; Command Current: 400; Motor Current: 396.0
[2026-02-17 11:14:53,633] INFO: Time: 1.8525228379999135; Command Current: 400; Motor Current: 398.0
[2026-02-17 11:14:53,634] INFO: Time: 1.8535816259998228; Command Current: 400; Motor Current: 396.0
[2026-02-17 11:14:53,635] INFO: Time: 1.8546417099998962; Command Current: 400; Motor Current: 395.0
[2026-02-17 11:14:53,637] INFO: Time: 1.8557019979998586; Command Current: 400; Motor Current: 396.0
[2026-02-17 11:14:53,638] INFO: Time: 1.8567607479999424; Command Current: 400; Motor Current: 396.0
[2026-02-17 11:14:53,639] INFO: Time: 1.8578195549998782; Command Current: 400; Motor Current: 397.0
[2026-02-17 11:14:53,640] INFO: Time: 1.858878175999962; Command Current: 400; Motor Current: 397.0
[2026-02-17 11:14:53,641] INFO: Time: 1.8599369819999083; Command Current: 400; Motor Current: 398.0
[2026-02-17 11:14:53,642] INFO: Time: 1.8609965480000028; Command Current: 400; Motor Current: 399.0
[2026-02-17 11:14:53,643] INFO: Time: 1.862056353999833; Command Current: 400; Motor Current: 399.0
[2026-02-17 11:14:53,644] INFO: Time: 1.863115179000033; Command Current: 400; Motor Current: 400.0
[2026-02-17 11:14:53,645] INFO: Time: 1.864174058999879; Command Current: 400; Motor Current: 399.0
[2026-02-17 11:14:53,646] INFO: Time: 1.8652328470000157; Command Current: 400; Motor Current: 399.0
[2026-02-17 11:14:53,647] INFO: Time: 1.866292041999941; Command Current: 400; Motor Current: 399.0
[2026-02-17 11:14:53,648] INFO: Time: 1.8673518479999984; Command Current: 400; Motor Current: 399.0
[2026-02-17 11:14:53,649] INFO: Time: 1.8684138029998394; Command Current: 400; Motor Current: 399.0
[2026-02-17 11:14:53,650] INFO: Time: 1.8694729049998386; Command Current: 400; Motor Current: 398.0
[2026-02-17 11:14:53,651] INFO: Time: 1.8705320629999278; Command Current: 400; Motor Current: 399.0
[2026-02-17 11:14:53,652] INFO: Time: 1.8716028329999972; Command Current: 400; Motor Current: 399.0
[2026-02-17 11:14:53,653] INFO: Time: 1.8726622869999119; Command Current: 400; Motor Current: 399.0
[2026-02-17 11:14:53,655] INFO: Time: 1.8737225939999007; Command Current: 400; Motor Current: 400.0
[2026-02-17 11:14:53,656] INFO: Time: 1.874781492000011; Command Current: 400; Motor Current: 398.0
[2026-02-17 11:14:53,657] INFO: Time: 1.8758403539998199; Command Current: 400; Motor Current: 399.0
[2026-02-17 11:14:53,658] INFO: Time: 1.876899160999983; Command Current: 400; Motor Current: 397.0
[2026-02-17 11:14:53,659] INFO: Time: 1.8779578559999663; Command Current: 400; Motor Current: 399.0
[2026-02-17 11:14:53,660] INFO: Time: 1.8790201990000241; Command Current: 400; Motor Current: 399.0
[2026-02-17 11:14:53,661] INFO: Time: 1.8800811720000183; Command Current: 400; Motor Current: 398.0
[2026-02-17 11:14:53,662] INFO: Time: 1.8811655529998461; Command Current: 400; Motor Current: 400.0
[2026-02-17 11:14:53,663] INFO: Time: 1.8822251919998507; Command Current: 400; Motor Current: 400.0
[2026-02-17 11:14:53,664] INFO: Time: 1.8832843319999029; Command Current: 400; Motor Current: 398.0
[2026-02-17 11:14:53,665] INFO: Time: 1.884343600999955; Command Current: 400; Motor Current: 399.0
[2026-02-17 11:14:53,666] INFO: Time: 1.8854036669999914; Command Current: 400; Motor Current: 398.0
[2026-02-17 11:14:53,667] INFO: Time: 1.8864699729999757; Command Current: 400; Motor Current: 400.0
[2026-02-17 11:14:53,668] INFO: Time: 1.8875288909998744; Command Current: 400; Motor Current: 400.0
[2026-02-17 11:14:53,669] INFO: Time: 1.8886004930000126; Command Current: 400; Motor Current: 400.0
[2026-02-17 11:14:53,670] INFO: Time: 1.8896595769999749; Command Current: 400; Motor Current: 400.0
[2026-02-17 11:14:53,672] INFO: Time: 1.8907192729998314; Command Current: 400; Motor Current: 398.0
[2026-02-17 11:14:53,673] INFO: Time: 1.8917808940000214; Command Current: 400; Motor Current: 399.0
[2026-02-17 11:14:53,674] INFO: Time: 1.8928398299999571; Command Current: 400; Motor Current: 399.0
[2026-02-17 11:14:53,675] INFO: Time: 1.8939020619998246; Command Current: 400; Motor Current: 398.0
[2026-02-17 11:14:53,676] INFO: Time: 1.8949612569999772; Command Current: 400; Motor Current: 398.0
[2026-02-17 11:14:53,677] INFO: Time: 1.8960200629999235; Command Current: 400; Motor Current: 397.0
[2026-02-17 11:14:53,678] INFO: Time: 1.897080054999833; Command Current: 400; Motor Current: 398.0
[2026-02-17 11:14:53,679] INFO: Time: 1.8981425459999173; Command Current: 400; Motor Current: 397.0
[2026-02-17 11:14:53,680] INFO: Time: 1.8992019639999853; Command Current: 400; Motor Current: 396.0
[2026-02-17 11:14:53,681] INFO: Time: 1.900260788999958; Command Current: 400; Motor Current: 396.0
[2026-02-17 11:14:53,682] INFO: Time: 1.901319650000005; Command Current: 400; Motor Current: 395.0
[2026-02-17 11:14:53,683] INFO: Time: 1.9023783269999512; Command Current: 400; Motor Current: 397.0
[2026-02-17 11:14:53,684] INFO: Time: 1.9034396889999243; Command Current: 400; Motor Current: 397.0
[2026-02-17 11:14:53,685] INFO: Time: 1.9044997729999977; Command Current: 400; Motor Current: 398.0
[2026-02-17 11:14:53,686] INFO: Time: 1.9055590049999864; Command Current: 400; Motor Current: 398.0
[2026-02-17 11:14:53,687] INFO: Time: 1.9066179039998588; Command Current: 400; Motor Current: 398.0
[2026-02-17 11:14:53,688] INFO: Time: 1.907674840000027; Command Current: 400; Motor Current: 398.0
[2026-02-17 11:14:53,690] INFO: Time: 1.908830332999969; Command Current: 400; Motor Current: 398.0
[2026-02-17 11:14:53,691] INFO: Time: 1.9098905649998414; Command Current: 400; Motor Current: 398.0
[2026-02-17 11:14:53,692] INFO: Time: 1.9109505559999889; Command Current: 400; Motor Current: 399.0
[2026-02-17 11:14:53,693] INFO: Time: 1.9120096589999775; Command Current: 400; Motor Current: 398.0
[2026-02-17 11:14:53,694] INFO: Time: 1.913068353999961; Command Current: 400; Motor Current: 398.0
[2026-02-17 11:14:53,695] INFO: Time: 1.9141284749998704; Command Current: 400; Motor Current: 398.0
[2026-02-17 11:14:53,696] INFO: Time: 1.9151918000000023; Command Current: 400; Motor Current: 399.0
[2026-02-17 11:14:53,697] INFO: Time: 1.9162536989999808; Command Current: 400; Motor Current: 399.0
[2026-02-17 11:14:53,698] INFO: Time: 1.917316375999917; Command Current: 400; Motor Current: 399.0
[2026-02-17 11:14:53,699] INFO: Time: 1.9183766259998265; Command Current: 400; Motor Current: 400.0
[2026-02-17 11:14:53,700] INFO: Time: 1.9194349879999208; Command Current: 400; Motor Current: 399.0
[2026-02-17 11:14:53,701] INFO: Time: 1.9204974059998676; Command Current: 400; Motor Current: 398.0
[2026-02-17 11:14:53,702] INFO: Time: 1.9215584159999253; Command Current: 400; Motor Current: 401.0
[2026-02-17 11:14:53,703] INFO: Time: 1.9226184439999088; Command Current: 400; Motor Current: 400.0
[2026-02-17 11:14:53,705] INFO: Time: 1.9237581589998172; Command Current: 400; Motor Current: 399.0
[2026-02-17 11:14:53,706] INFO: Time: 1.9248189279999224; Command Current: 400; Motor Current: 399.0
[2026-02-17 11:14:53,707] INFO: Time: 1.925880141999869; Command Current: 400; Motor Current: 399.0
[2026-02-17 11:14:53,708] INFO: Time: 1.9269407439999213; Command Current: 400; Motor Current: 400.0
[2026-02-17 11:14:53,709] INFO: Time: 1.928000013999963; Command Current: 400; Motor Current: 399.0
[2026-02-17 11:14:53,710] INFO: Time: 1.9290589309998722; Command Current: 400; Motor Current: 399.0
[2026-02-17 11:14:53,711] INFO: Time: 1.930118033999861; Command Current: 400; Motor Current: 399.0
[2026-02-17 11:14:53,712] INFO: Time: 1.931177802999855; Command Current: 400; Motor Current: 402.0
[2026-02-17 11:14:53,713] INFO: Time: 1.9322386649998862; Command Current: 400; Motor Current: 400.0
[2026-02-17 11:14:53,714] INFO: Time: 1.9332981190000282; Command Current: 400; Motor Current: 397.0
[2026-02-17 11:14:53,715] INFO: Time: 1.9343549069999426; Command Current: 400; Motor Current: 399.0
[2026-02-17 11:14:53,716] INFO: Time: 1.9354142129998309; Command Current: 400; Motor Current: 400.0
[2026-02-17 11:14:53,717] INFO: Time: 1.9364726859998882; Command Current: 400; Motor Current: 399.0
[2026-02-17 11:14:53,718] INFO: Time: 1.9375339919999988; Command Current: 400; Motor Current: 397.0
[2026-02-17 11:14:53,719] INFO: Time: 1.9385936879998553; Command Current: 400; Motor Current: 397.0
[2026-02-17 11:14:53,720] INFO: Time: 1.9396632529999351; Command Current: 400; Motor Current: 398.0
[2026-02-17 11:14:53,722] INFO: Time: 1.9407223189998604; Command Current: 400; Motor Current: 400.0
[2026-02-17 11:14:53,723] INFO: Time: 1.941781514000013; Command Current: 400; Motor Current: 399.0
[2026-02-17 11:14:53,724] INFO: Time: 1.9428403019999223; Command Current: 400; Motor Current: 399.0
[2026-02-17 11:14:53,725] INFO: Time: 1.943900033999853; Command Current: 400; Motor Current: 399.0
[2026-02-17 11:14:53,726] INFO: Time: 1.9449600069999633; Command Current: 400; Motor Current: 397.0
[2026-02-17 11:14:53,727] INFO: Time: 1.946018849999973; Command Current: 400; Motor Current: 397.0
[2026-02-17 11:14:53,728] INFO: Time: 1.9470779709999988; Command Current: 400; Motor Current: 396.0
[2026-02-17 11:14:53,729] INFO: Time: 1.94813725899985; Command Current: 400; Motor Current: 395.0
[2026-02-17 11:14:53,730] INFO: Time: 1.9491961769999762; Command Current: 400; Motor Current: 394.0
[2026-02-17 11:14:53,731] INFO: Time: 1.9502563159999227; Command Current: 400; Motor Current: 394.0
[2026-02-17 11:14:53,732] INFO: Time: 1.9513159929999802; Command Current: 400; Motor Current: 395.0
[2026-02-17 11:14:53,733] INFO: Time: 1.952375929000027; Command Current: 400; Motor Current: 395.0
[2026-02-17 11:14:53,734] INFO: Time: 1.953436697999905; Command Current: 400; Motor Current: 395.0
[2026-02-17 11:14:53,735] INFO: Time: 1.9544948749999094; Command Current: 400; Motor Current: 395.0
[2026-02-17 11:14:53,736] INFO: Time: 1.9555536809998557; Command Current: 400; Motor Current: 399.0
[2026-02-17 11:14:53,737] INFO: Time: 1.9566167469999982; Command Current: 400; Motor Current: 398.0
[2026-02-17 11:14:53,739] INFO: Time: 1.957678794000003; Command Current: 400; Motor Current: 397.0
[2026-02-17 11:14:53,740] INFO: Time: 1.9587399519998598; Command Current: 400; Motor Current: 398.0
[2026-02-17 11:14:53,741] INFO: Time: 1.9597998140000072; Command Current: 400; Motor Current: 399.0
[2026-02-17 11:14:53,742] INFO: Time: 1.9608584719999271; Command Current: 400; Motor Current: 398.0
[2026-02-17 11:14:53,743] INFO: Time: 1.961917185999937; Command Current: 400; Motor Current: 398.0
[2026-02-17 11:14:53,744] INFO: Time: 1.9629770100000314; Command Current: 400; Motor Current: 397.0
[2026-02-17 11:14:53,745] INFO: Time: 1.964036705999888; Command Current: 400; Motor Current: 397.0
[2026-02-17 11:14:53,746] INFO: Time: 1.9650955859999613; Command Current: 400; Motor Current: 397.0
[2026-02-17 11:14:53,747] INFO: Time: 1.9661544660000345; Command Current: 400; Motor Current: 399.0
[2026-02-17 11:14:53,748] INFO: Time: 1.967214512999817; Command Current: 400; Motor Current: 399.0
[2026-02-17 11:14:53,749] INFO: Time: 1.9682736529998692; Command Current: 400; Motor Current: 398.0
[2026-02-17 11:14:53,750] INFO: Time: 1.9693334589999267; Command Current: 400; Motor Current: 399.0
[2026-02-17 11:14:53,751] INFO: Time: 1.9703938769998786; Command Current: 400; Motor Current: 399.0
[2026-02-17 11:14:53,752] INFO: Time: 1.9714698309999221; Command Current: 400; Motor Current: 399.0
[2026-02-17 11:14:53,753] INFO: Time: 1.9725291380000272; Command Current: 400; Motor Current: 398.0
[2026-02-17 11:14:53,754] INFO: Time: 1.9735880369998995; Command Current: 400; Motor Current: 398.0
[2026-02-17 11:14:53,755] INFO: Time: 1.974647860999994; Command Current: 400; Motor Current: 398.0
[2026-02-17 11:14:53,757] INFO: Time: 1.975709482999946; Command Current: 400; Motor Current: 398.0
[2026-02-17 11:14:53,758] INFO: Time: 1.9767693999999665; Command Current: 400; Motor Current: 398.0
[2026-02-17 11:14:53,759] INFO: Time: 1.9778285400000186; Command Current: 400; Motor Current: 399.0
[2026-02-17 11:14:53,760] INFO: Time: 1.978887678999854; Command Current: 400; Motor Current: 400.0
[2026-02-17 11:14:53,761] INFO: Time: 1.9799465229998532; Command Current: 400; Motor Current: 400.0
[2026-02-17 11:14:53,762] INFO: Time: 1.9810061069999847; Command Current: 400; Motor Current: 399.0
[2026-02-17 11:14:53,763] INFO: Time: 1.9820672460000424; Command Current: 400; Motor Current: 399.0
[2026-02-17 11:14:53,764] INFO: Time: 1.983126459999994; Command Current: 400; Motor Current: 401.0
[2026-02-17 11:14:53,765] INFO: Time: 1.9841852849999668; Command Current: 400; Motor Current: 399.0
[2026-02-17 11:14:53,766] INFO: Time: 1.9852439429998867; Command Current: 400; Motor Current: 401.0
[2026-02-17 11:14:53,767] INFO: Time: 1.9863030639999124; Command Current: 400; Motor Current: 401.0
[2026-02-17 11:14:53,768] INFO: Time: 1.9873641479998696; Command Current: 400; Motor Current: 400.0
[2026-02-17 11:14:53,769] INFO: Time: 1.9884262509999644; Command Current: 400; Motor Current: 401.0
[2026-02-17 11:14:53,770] INFO: Time: 1.989485668000043; Command Current: 400; Motor Current: 400.0
[2026-02-17 11:14:53,771] INFO: Time: 1.9905449739999312; Command Current: 400; Motor Current: 400.0
[2026-02-17 11:14:53,772] INFO: Time: 1.9916083919999892; Command Current: 400; Motor Current: 397.0
[2026-02-17 11:14:53,773] INFO: Time: 1.9926680869998563; Command Current: 400; Motor Current: 399.0
[2026-02-17 11:14:53,775] INFO: Time: 1.9937297449998823; Command Current: 400; Motor Current: 399.0
[2026-02-17 11:14:53,776] INFO: Time: 1.9947887179998816; Command Current: 400; Motor Current: 397.0
[2026-02-17 11:14:53,777] INFO: Time: 1.995848690999992; Command Current: 400; Motor Current: 396.0
[2026-02-17 11:14:53,778] INFO: Time: 1.9969076459999542; Command Current: 400; Motor Current: 398.0
[2026-02-17 11:14:53,779] INFO: Time: 1.9979665079999904; Command Current: 400; Motor Current: 396.0
[2026-02-17 11:14:53,780] INFO: Time: 1.999026350999884; Command Current: 400; Motor Current: 396.0
[2026-02-17 11:14:53,781] INFO: Time: 2.0000872309999522; Command Current: 400; Motor Current: 396.0
[2026-02-17 11:14:53,782] INFO: Time: 2.001146462999941; Command Current: 400; Motor Current: 396.0
[2026-02-17 11:14:53,783] INFO: Time: 2.002213213999994; Command Current: 400; Motor Current: 395.0
[2026-02-17 11:14:53,784] INFO: Time: 2.0032751129999724; Command Current: 400; Motor Current: 396.0
[2026-02-17 11:14:53,785] INFO: Time: 2.0043363639999825; Command Current: 400; Motor Current: 397.0
[2026-02-17 11:14:53,786] INFO: Time: 2.0053960039999765; Command Current: 400; Motor Current: 397.0
[2026-02-17 11:14:53,787] INFO: Time: 2.006477716999825; Command Current: 400; Motor Current: 397.0
[2026-02-17 11:14:53,788] INFO: Time: 2.0075377829998615; Command Current: 400; Motor Current: 396.0
[2026-02-17 11:14:53,789] INFO: Time: 2.0086123669998415; Command Current: 400; Motor Current: 399.0
[2026-02-17 11:14:53,791] INFO: Time: 2.009675044000005; Command Current: 400; Motor Current: 400.0
[2026-02-17 11:14:53,792] INFO: Time: 2.010749110000006; Command Current: 400; Motor Current: 398.0
[2026-02-17 11:14:53,793] INFO: Time: 2.011810971999921; Command Current: 400; Motor Current: 398.0
[2026-02-17 11:14:53,794] INFO: Time: 2.012873129999889; Command Current: 400; Motor Current: 399.0
[2026-02-17 11:14:53,795] INFO: Time: 2.0139329179999095; Command Current: 400; Motor Current: 399.0
[2026-02-17 11:14:53,796] INFO: Time: 2.014992334999988; Command Current: 400; Motor Current: 399.0
[2026-02-17 11:14:53,797] INFO: Time: 2.0160514189999503; Command Current: 400; Motor Current: 398.0
[2026-02-17 11:14:53,798] INFO: Time: 2.0171111699999074; Command Current: 400; Motor Current: 399.0
[2026-02-17 11:14:53,799] INFO: Time: 2.018171994999875; Command Current: 400; Motor Current: 398.0
[2026-02-17 11:14:53,800] INFO: Time: 2.0192318009999326; Command Current: 400; Motor Current: 398.0
[2026-02-17 11:14:53,801] INFO: Time: 2.020290977999821; Command Current: 400; Motor Current: 400.0
[2026-02-17 11:14:53,802] INFO: Time: 2.021347932000026; Command Current: 400; Motor Current: 399.0
[2026-02-17 11:14:53,803] INFO: Time: 2.0224089609998828; Command Current: 400; Motor Current: 399.0
[2026-02-17 11:14:53,804] INFO: Time: 2.0234758779999993; Command Current: 400; Motor Current: 398.0
[2026-02-17 11:14:53,805] INFO: Time: 2.0245683699999972; Command Current: 400; Motor Current: 398.0
[2026-02-17 11:14:53,807] INFO: Time: 2.0256276759998855; Command Current: 400; Motor Current: 399.0
[2026-02-17 11:14:53,808] INFO: Time: 2.0266864269999587; Command Current: 400; Motor Current: 400.0
[2026-02-17 11:14:53,809] INFO: Time: 2.0277706219999345; Command Current: 400; Motor Current: 400.0
[2026-02-17 11:14:53,810] INFO: Time: 2.0288276510000287; Command Current: 400; Motor Current: 399.0
[2026-02-17 11:14:53,811] INFO: Time: 2.029887993999864; Command Current: 400; Motor Current: 400.0
[2026-02-17 11:14:53,812] INFO: Time: 2.0309469669998634; Command Current: 400; Motor Current: 400.0
[2026-02-17 11:14:53,813] INFO: Time: 2.0320053099999313; Command Current: 400; Motor Current: 402.0
[2026-02-17 11:14:53,814] INFO: Time: 2.033064209000031; Command Current: 400; Motor Current: 402.0
[2026-02-17 11:14:53,815] INFO: Time: 2.034123959999988; Command Current: 400; Motor Current: 402.0
[2026-02-17 11:14:53,816] INFO: Time: 2.035183489000019; Command Current: 400; Motor Current: 403.0
[2026-02-17 11:14:53,817] INFO: Time: 2.0362424989998544; Command Current: 400; Motor Current: 401.0
[2026-02-17 11:14:53,818] INFO: Time: 2.0373012489999383; Command Current: 400; Motor Current: 402.0
[2026-02-17 11:14:53,819] INFO: Time: 2.038360055999874; Command Current: 400; Motor Current: 402.0
[2026-02-17 11:14:53,820] INFO: Time: 2.039416602999836; Command Current: 400; Motor Current: 402.0
[2026-02-17 11:14:53,821] INFO: Time: 2.0404760019998776; Command Current: 400; Motor Current: 400.0
[2026-02-17 11:14:53,822] INFO: Time: 2.041537362999861; Command Current: 400; Motor Current: 400.0
[2026-02-17 11:14:53,823] INFO: Time: 2.0425965029999134; Command Current: 400; Motor Current: 401.0
[2026-02-17 11:14:53,824] INFO: Time: 2.0436551430000236; Command Current: 400; Motor Current: 399.0
[2026-02-17 11:14:53,826] INFO: Time: 2.044714116000023; Command Current: 400; Motor Current: 399.0
[2026-02-17 11:14:53,827] INFO: Time: 2.0457734589999745; Command Current: 400; Motor Current: 399.0
[2026-02-17 11:14:53,828] INFO: Time: 2.0468369319999056; Command Current: 400; Motor Current: 400.0
[2026-02-17 11:14:53,829] INFO: Time: 2.047896219999984; Command Current: 400; Motor Current: 399.0
[2026-02-17 11:14:53,830] INFO: Time: 2.0489551189998565; Command Current: 400; Motor Current: 400.0
[2026-02-17 11:14:53,831] INFO: Time: 2.050015442999893; Command Current: 400; Motor Current: 397.0
[2026-02-17 11:14:53,832] INFO: Time: 2.0510742499998287; Command Current: 400; Motor Current: 395.0
[2026-02-17 11:14:53,833] INFO: Time: 2.052135075000024; Command Current: 400; Motor Current: 394.0
[2026-02-17 11:14:53,834] INFO: Time: 2.053198491999865; Command Current: 400; Motor Current: 396.0
[2026-02-17 11:14:53,835] INFO: Time: 2.0542584089998854; Command Current: 400; Motor Current: 395.0
[2026-02-17 11:14:53,836] INFO: Time: 2.0553174560000116; Command Current: 400; Motor Current: 395.0
[2026-02-17 11:14:53,837] INFO: Time: 2.0563770960000056; Command Current: 400; Motor Current: 395.0
[2026-02-17 11:14:53,838] INFO: Time: 2.0574374759999046; Command Current: 400; Motor Current: 396.0
[2026-02-17 11:14:53,839] INFO: Time: 2.0584945230000358; Command Current: 400; Motor Current: 399.0
[2026-02-17 11:14:53,840] INFO: Time: 2.059556070999861; Command Current: 400; Motor Current: 399.0
[2026-02-17 11:14:53,841] INFO: Time: 2.0606225249998715; Command Current: 400; Motor Current: 398.0
[2026-02-17 11:14:53,842] INFO: Time: 2.0616817759998867; Command Current: 400; Motor Current: 399.0
[2026-02-17 11:14:53,844] INFO: Time: 2.062740933999976; Command Current: 400; Motor Current: 399.0
[2026-02-17 11:14:53,845] INFO: Time: 2.0638016479999806; Command Current: 400; Motor Current: 398.0
[2026-02-17 11:14:53,846] INFO: Time: 2.0648621949999324; Command Current: 400; Motor Current: 399.0
[2026-02-17 11:14:53,847] INFO: Time: 2.065922389999969; Command Current: 400; Motor Current: 399.0
[2026-02-17 11:14:53,848] INFO: Time: 2.066981566999857; Command Current: 400; Motor Current: 397.0
[2026-02-17 11:14:53,849] INFO: Time: 2.068040316999941; Command Current: 400; Motor Current: 397.0
[2026-02-17 11:14:53,850] INFO: Time: 2.069101382999861; Command Current: 400; Motor Current: 398.0
[2026-02-17 11:14:53,851] INFO: Time: 2.0701648929998555; Command Current: 400; Motor Current: 398.0
[2026-02-17 11:14:53,852] INFO: Time: 2.071228198999961; Command Current: 400; Motor Current: 398.0
[2026-02-17 11:14:53,853] INFO: Time: 2.0722875980000026; Command Current: 400; Motor Current: 399.0
[2026-02-17 11:14:53,854] INFO: Time: 2.073347329999933; Command Current: 400; Motor Current: 398.0
[2026-02-17 11:14:53,855] INFO: Time: 2.074406821999901; Command Current: 400; Motor Current: 399.0
[2026-02-17 11:14:53,856] INFO: Time: 2.0754770539999754; Command Current: 400; Motor Current: 399.0
[2026-02-17 11:14:53,857] INFO: Time: 2.0765375270000277; Command Current: 400; Motor Current: 399.0
[2026-02-17 11:14:53,858] INFO: Time: 2.077596981999932; Command Current: 400; Motor Current: 399.0
[2026-02-17 11:14:53,860] INFO: Time: 2.0788378269999157; Command Current: 400; Motor Current: 400.0
[2026-02-17 11:14:53,861] INFO: Time: 2.0798844659998394; Command Current: 400; Motor Current: 398.0
[2026-02-17 11:14:53,862] INFO: Time: 2.0809450130000187; Command Current: 400; Motor Current: 400.0
[2026-02-17 11:14:53,863] INFO: Time: 2.0820054309999705; Command Current: 400; Motor Current: 399.0
[2026-02-17 11:14:53,864] INFO: Time: 2.0830646439999327; Command Current: 400; Motor Current: 399.0
[2026-02-17 11:14:53,865] INFO: Time: 2.0841231360000165; Command Current: 400; Motor Current: 399.0
[2026-02-17 11:14:53,866] INFO: Time: 2.085181941999963; Command Current: 400; Motor Current: 401.0
[2026-02-17 11:14:53,867] INFO: Time: 2.0862408230000256; Command Current: 400; Motor Current: 400.0
[2026-02-17 11:14:53,868] INFO: Time: 2.087300443999993; Command Current: 400; Motor Current: 401.0
[2026-02-17 11:14:53,869] INFO: Time: 2.088369306000004; Command Current: 400; Motor Current: 401.0
[2026-02-17 11:14:53,870] INFO: Time: 2.0894648529999813; Command Current: 400; Motor Current: 401.0
[2026-02-17 11:14:53,871] INFO: Time: 2.0905246219999754; Command Current: 400; Motor Current: 400.0
[2026-02-17 11:14:53,872] INFO: Time: 2.0915838910000275; Command Current: 400; Motor Current: 399.0
[2026-02-17 11:14:53,873] INFO: Time: 2.09264404999999; Command Current: 400; Motor Current: 397.0
[2026-02-17 11:14:53,875] INFO: Time: 2.0937040779999734; Command Current: 400; Motor Current: 397.0
[2026-02-17 11:14:53,876] INFO: Time: 2.094763235999835; Command Current: 400; Motor Current: 397.0
[2026-02-17 11:14:53,877] INFO: Time: 2.0958221719999983; Command Current: 400; Motor Current: 397.0
[2026-02-17 11:14:53,878] INFO: Time: 2.096881089999897; Command Current: 400; Motor Current: 397.0
[2026-02-17 11:14:53,879] INFO: Time: 2.0979400809999333; Command Current: 400; Motor Current: 396.0
[2026-02-17 11:14:53,880] INFO: Time: 2.098999405999848; Command Current: 400; Motor Current: 396.0
[2026-02-17 11:14:53,881] INFO: Time: 2.100059563999821; Command Current: 400; Motor Current: 395.0
[2026-02-17 11:14:53,882] INFO: Time: 2.101118667000037; Command Current: 400; Motor Current: 396.0
[2026-02-17 11:14:53,883] INFO: Time: 2.10217749200001; Command Current: 400; Motor Current: 395.0
[2026-02-17 11:14:53,884] INFO: Time: 2.1032371679998505; Command Current: 400; Motor Current: 398.0
[2026-02-17 11:14:53,885] INFO: Time: 2.104296048999913; Command Current: 400; Motor Current: 398.0
[2026-02-17 11:14:53,886] INFO: Time: 2.1053565219999655; Command Current: 400; Motor Current: 397.0
[2026-02-17 11:14:53,887] INFO: Time: 2.106416606000039; Command Current: 400; Motor Current: 397.0
[2026-02-17 11:14:53,888] INFO: Time: 2.1074779670000225; Command Current: 400; Motor Current: 396.0
[2026-02-17 11:14:53,889] INFO: Time: 2.1085364030000164; Command Current: 400; Motor Current: 396.0
[2026-02-17 11:14:53,890] INFO: Time: 2.109595894999984; Command Current: 400; Motor Current: 398.0
[2026-02-17 11:14:53,891] INFO: Time: 2.110656274999883; Command Current: 400; Motor Current: 398.0
[2026-02-17 11:14:53,893] INFO: Time: 2.1117154889998346; Command Current: 400; Motor Current: 400.0
[2026-02-17 11:14:53,894] INFO: Time: 2.112774368999908; Command Current: 400; Motor Current: 400.0
[2026-02-17 11:14:53,895] INFO: Time: 2.113833397999997; Command Current: 400; Motor Current: 398.0
[2026-02-17 11:14:53,896] INFO: Time: 2.114892277999843; Command Current: 400; Motor Current: 400.0
[2026-02-17 11:14:53,897] INFO: Time: 2.1159518439999374; Command Current: 400; Motor Current: 399.0
[2026-02-17 11:14:53,898] INFO: Time: 2.1170123909998892; Command Current: 400; Motor Current: 399.0
[2026-02-17 11:14:53,899] INFO: Time: 2.1180714749998515; Command Current: 400; Motor Current: 400.0
[2026-02-17 11:14:53,900] INFO: Time: 2.1191302999998243; Command Current: 400; Motor Current: 399.0
[2026-02-17 11:14:53,901] INFO: Time: 2.1201893469999504; Command Current: 400; Motor Current: 399.0
[2026-02-17 11:14:53,902] INFO: Time: 2.121248282999886; Command Current: 400; Motor Current: 399.0
[2026-02-17 11:14:53,903] INFO: Time: 2.122308551999822; Command Current: 400; Motor Current: 399.0
[2026-02-17 11:14:53,904] INFO: Time: 2.123369228999991; Command Current: 400; Motor Current: 399.0
[2026-02-17 11:14:53,905] INFO: Time: 2.1244326280000223; Command Current: 400; Motor Current: 399.0
[2026-02-17 11:14:53,906] INFO: Time: 2.1254917669998576; Command Current: 400; Motor Current: 399.0
[2026-02-17 11:14:53,907] INFO: Time: 2.126551017999873; Command Current: 400; Motor Current: 398.0
[2026-02-17 11:14:53,908] INFO: Time: 2.1276154170000154; Command Current: 400; Motor Current: 399.0
[2026-02-17 11:14:53,909] INFO: Time: 2.128676352999946; Command Current: 400; Motor Current: 399.0
[2026-02-17 11:14:53,911] INFO: Time: 2.1297354369999084; Command Current: 400; Motor Current: 398.0
[2026-02-17 11:14:53,912] INFO: Time: 2.1307958729998973; Command Current: 400; Motor Current: 400.0
[2026-02-17 11:14:53,913] INFO: Time: 2.1318551980000393; Command Current: 400; Motor Current: 397.0
[2026-02-17 11:14:53,914] INFO: Time: 2.132914484999901; Command Current: 400; Motor Current: 398.0
[2026-02-17 11:14:53,915] INFO: Time: 2.1339985879999404; Command Current: 400; Motor Current: 398.0
[2026-02-17 11:14:53,916] INFO: Time: 2.13505991299985; Command Current: 400; Motor Current: 398.0
[2026-02-17 11:14:53,917] INFO: Time: 2.136119181999902; Command Current: 400; Motor Current: 401.0
[2026-02-17 11:14:53,918] INFO: Time: 2.137178302999928; Command Current: 400; Motor Current: 400.0
[2026-02-17 11:14:53,919] INFO: Time: 2.138238053999885; Command Current: 400; Motor Current: 399.0
[2026-02-17 11:14:53,920] INFO: Time: 2.139297137999847; Command Current: 400; Motor Current: 399.0
[2026-02-17 11:14:53,921] INFO: Time: 2.14035716699982; Command Current: 400; Motor Current: 399.0
[2026-02-17 11:14:53,922] INFO: Time: 2.1414200659999096; Command Current: 400; Motor Current: 402.0
[2026-02-17 11:14:53,923] INFO: Time: 2.1424798169998667; Command Current: 400; Motor Current: 399.0
[2026-02-17 11:14:53,924] INFO: Time: 2.1435391599998184; Command Current: 400; Motor Current: 398.0
[2026-02-17 11:14:53,925] INFO: Time: 2.1445982619998176; Command Current: 400; Motor Current: 398.0
[2026-02-17 11:14:53,926] INFO: Time: 2.1456754949999777; Command Current: 400; Motor Current: 398.0
[2026-02-17 11:14:53,928] INFO: Time: 2.1467378199999985; Command Current: 400; Motor Current: 397.0
[2026-02-17 11:14:53,929] INFO: Time: 2.147796533000019; Command Current: 400; Motor Current: 397.0
[2026-02-17 11:14:53,930] INFO: Time: 2.1488559689998965; Command Current: 400; Motor Current: 397.0
[2026-02-17 11:14:53,931] INFO: Time: 2.149915146000012; Command Current: 400; Motor Current: 396.0
[2026-02-17 11:14:53,932] INFO: Time: 2.150974378000001; Command Current: 400; Motor Current: 394.0
[2026-02-17 11:14:53,933] INFO: Time: 2.1520342029998574; Command Current: 400; Motor Current: 395.0
[2026-02-17 11:14:53,934] INFO: Time: 2.153096194999989; Command Current: 400; Motor Current: 395.0
[2026-02-17 11:14:53,935] INFO: Time: 2.1541552229998615; Command Current: 400; Motor Current: 396.0
[2026-02-17 11:14:53,936] INFO: Time: 2.15521451099994; Command Current: 400; Motor Current: 395.0
[2026-02-17 11:14:53,937] INFO: Time: 2.156273464999913; Command Current: 400; Motor Current: 396.0
[2026-02-17 11:14:53,938] INFO: Time: 2.1573324009998487; Command Current: 400; Motor Current: 395.0
[2026-02-17 11:14:53,939] INFO: Time: 2.158393966999938; Command Current: 400; Motor Current: 397.0
[2026-02-17 11:14:53,940] INFO: Time: 2.159454995000033; Command Current: 400; Motor Current: 398.0
[2026-02-17 11:14:53,941] INFO: Time: 2.1605141909999475; Command Current: 400; Motor Current: 399.0
[2026-02-17 11:14:53,942] INFO: Time: 2.161573551999936; Command Current: 400; Motor Current: 398.0
[2026-02-17 11:14:53,943] INFO: Time: 2.1626364139999623; Command Current: 400; Motor Current: 399.0
[2026-02-17 11:14:53,945] INFO: Time: 2.1637003129999357; Command Current: 400; Motor Current: 400.0
[2026-02-17 11:14:53,946] INFO: Time: 2.16476134200002; Command Current: 400; Motor Current: 398.0
[2026-02-17 11:14:53,947] INFO: Time: 2.1658194629999343; Command Current: 400; Motor Current: 399.0
[2026-02-17 11:14:53,948] INFO: Time: 2.1668767319999915; Command Current: 400; Motor Current: 401.0
[2026-02-17 11:14:53,949] INFO: Time: 2.1679352049998215; Command Current: 400; Motor Current: 401.0
[2026-02-17 11:14:53,950] INFO: Time: 2.1689949189999425; Command Current: 400; Motor Current: 399.0
[2026-02-17 11:14:53,951] INFO: Time: 2.1700555029999578; Command Current: 400; Motor Current: 398.0
[2026-02-17 11:14:53,952] INFO: Time: 2.1711145499998565; Command Current: 400; Motor Current: 400.0
[2026-02-17 11:14:53,953] INFO: Time: 2.17217330099993; Command Current: 400; Motor Current: 399.0
[2026-02-17 11:14:53,954] INFO: Time: 2.173231995999913; Command Current: 400; Motor Current: 400.0
[2026-02-17 11:14:53,955] INFO: Time: 2.1743035059998874; Command Current: 400; Motor Current: 398.0
[2026-02-17 11:14:53,956] INFO: Time: 2.17536771999994; Command Current: 400; Motor Current: 398.0
[2026-02-17 11:14:53,957] INFO: Time: 2.1764302299998235; Command Current: 400; Motor Current: 400.0
[2026-02-17 11:14:53,958] INFO: Time: 2.177492091999966; Command Current: 400; Motor Current: 400.0
[2026-02-17 11:14:53,959] INFO: Time: 2.1785519349998594; Command Current: 400; Motor Current: 402.0
[2026-02-17 11:14:53,960] INFO: Time: 2.1796220009998706; Command Current: 400; Motor Current: 400.0
[2026-02-17 11:14:53,962] INFO: Time: 2.1806830289999652; Command Current: 400; Motor Current: 401.0
[2026-02-17 11:14:53,963] INFO: Time: 2.1817424839998694; Command Current: 400; Motor Current: 401.0
[2026-02-17 11:14:53,964] INFO: Time: 2.1828019749998475; Command Current: 400; Motor Current: 400.0
[2026-02-17 11:14:53,965] INFO: Time: 2.1838609479998468; Command Current: 400; Motor Current: 399.0
[2026-02-17 11:14:53,966] INFO: Time: 2.18491982799992; Command Current: 400; Motor Current: 401.0
[2026-02-17 11:14:53,967] INFO: Time: 2.185979264000025; Command Current: 400; Motor Current: 402.0
[2026-02-17 11:14:53,968] INFO: Time: 2.187040070999956; Command Current: 400; Motor Current: 401.0
[2026-02-17 11:14:53,969] INFO: Time: 2.1880998029998864; Command Current: 400; Motor Current: 401.0
[2026-02-17 11:14:53,970] INFO: Time: 2.189158941999949; Command Current: 400; Motor Current: 401.0
[2026-02-17 11:14:53,971] INFO: Time: 2.1902182669998638; Command Current: 400; Motor Current: 400.0
[2026-02-17 11:14:53,972] INFO: Time: 2.1912774439999794; Command Current: 400; Motor Current: 401.0
[2026-02-17 11:14:53,973] INFO: Time: 2.1923371020000104; Command Current: 400; Motor Current: 399.0
[2026-02-17 11:14:53,974] INFO: Time: 2.193398223000031; Command Current: 400; Motor Current: 399.0
[2026-02-17 11:14:53,975] INFO: Time: 2.1944785480000064; Command Current: 400; Motor Current: 395.0
[2026-02-17 11:14:53,976] INFO: Time: 2.1955374289998417; Command Current: 400; Motor Current: 396.0
[2026-02-17 11:14:53,977] INFO: Time: 2.1965961609998885; Command Current: 400; Motor Current: 398.0
[2026-02-17 11:14:53,978] INFO: Time: 2.1976556519998667; Command Current: 400; Motor Current: 397.0
[2026-02-17 11:14:53,980] INFO: Time: 2.1987158659999295; Command Current: 400; Motor Current: 398.0
[2026-02-17 11:14:53,981] INFO: Time: 2.1997748950000187; Command Current: 400; Motor Current: 398.0
[2026-02-17 11:14:53,982] INFO: Time: 2.200833626999838; Command Current: 400; Motor Current: 398.0
[2026-02-17 11:14:53,983] INFO: Time: 2.2018925810000383; Command Current: 400; Motor Current: 398.0
[2026-02-17 11:14:53,984] INFO: Time: 2.202951220999921; Command Current: 400; Motor Current: 399.0
[2026-02-17 11:14:53,985] INFO: Time: 2.2040107489999627; Command Current: 400; Motor Current: 398.0
[2026-02-17 11:14:53,986] INFO: Time: 2.205070907999925; Command Current: 400; Motor Current: 398.0
[2026-02-17 11:14:53,987] INFO: Time: 2.206130139999914; Command Current: 400; Motor Current: 397.0
[2026-02-17 11:14:53,988] INFO: Time: 2.20718918700004; Command Current: 400; Motor Current: 397.0
[2026-02-17 11:14:53,989] INFO: Time: 2.208248160000039; Command Current: 400; Motor Current: 397.0
[2026-02-17 11:14:53,990] INFO: Time: 2.2093069659999856; Command Current: 400; Motor Current: 397.0
[2026-02-17 11:14:53,991] INFO: Time: 2.2103665129998262; Command Current: 400; Motor Current: 398.0
[2026-02-17 11:14:53,992] INFO: Time: 2.2114268749999155; Command Current: 400; Motor Current: 397.0
[2026-02-17 11:14:53,993] INFO: Time: 2.2124859030000152; Command Current: 400; Motor Current: 397.0
[2026-02-17 11:14:53,994] INFO: Time: 2.2135450250000304; Command Current: 400; Motor Current: 397.0
[2026-02-17 11:14:53,995] INFO: Time: 2.214616626999941; Command Current: 400; Motor Current: 397.0
[2026-02-17 11:14:53,996] INFO: Time: 2.2156771929999195; Command Current: 400; Motor Current: 397.0
[2026-02-17 11:14:53,998] INFO: Time: 2.2167382949999137; Command Current: 400; Motor Current: 397.0
[2026-02-17 11:14:53,999] INFO: Time: 2.2178246949999902; Command Current: 400; Motor Current: 398.0
[2026-02-17 11:14:54,000] INFO: Time: 2.218883852999852; Command Current: 400; Motor Current: 400.0
[2026-02-17 11:14:54,001] INFO: Time: 2.2199427699999887; Command Current: 400; Motor Current: 399.0
[2026-02-17 11:14:54,002] INFO: Time: 2.221002021000004; Command Current: 400; Motor Current: 397.0
[2026-02-17 11:14:54,003] INFO: Time: 2.2220618459998605; Command Current: 400; Motor Current: 400.0
[2026-02-17 11:14:54,004] INFO: Time: 2.22312348499986; Command Current: 400; Motor Current: 398.0
[2026-02-17 11:14:54,005] INFO: Time: 2.224183180999944; Command Current: 400; Motor Current: 398.0
[2026-02-17 11:14:54,006] INFO: Time: 2.2252424309999697; Command Current: 400; Motor Current: 399.0
[2026-02-17 11:14:54,007] INFO: Time: 2.226301681999985; Command Current: 400; Motor Current: 399.0
[2026-02-17 11:14:54,008] INFO: Time: 2.2273608959999365; Command Current: 400; Motor Current: 399.0
[2026-02-17 11:14:54,009] INFO: Time: 2.228419034999888; Command Current: 400; Motor Current: 399.0
[2026-02-17 11:14:54,010] INFO: Time: 2.2294845269998405; Command Current: 400; Motor Current: 400.0
[2026-02-17 11:14:54,011] INFO: Time: 2.2305439629999455; Command Current: 400; Motor Current: 400.0
[2026-02-17 11:14:54,012] INFO: Time: 2.2316139729998667; Command Current: 400; Motor Current: 402.0
[2026-02-17 11:14:54,013] INFO: Time: 2.2326731680000194; Command Current: 400; Motor Current: 402.0
[2026-02-17 11:14:54,015] INFO: Time: 2.2337333450000187; Command Current: 400; Motor Current: 403.0
[2026-02-17 11:14:54,016] INFO: Time: 2.2347948550000183; Command Current: 400; Motor Current: 403.0
[2026-02-17 11:14:54,017] INFO: Time: 2.235854123999843; Command Current: 400; Motor Current: 402.0
[2026-02-17 11:14:54,018] INFO: Time: 2.236913338000022; Command Current: 400; Motor Current: 401.0
[2026-02-17 11:14:54,019] INFO: Time: 2.2379722549999315; Command Current: 400; Motor Current: 402.0
[2026-02-17 11:14:54,020] INFO: Time: 2.2390310799999043; Command Current: 400; Motor Current: 401.0
[2026-02-17 11:14:54,021] INFO: Time: 2.2400910899998507; Command Current: 400; Motor Current: 400.0
[2026-02-17 11:14:54,022] INFO: Time: 2.241152544999977; Command Current: 400; Motor Current: 400.0
[2026-02-17 11:14:54,023] INFO: Time: 2.2422119249999923; Command Current: 400; Motor Current: 400.0
[2026-02-17 11:14:54,024] INFO: Time: 2.2432707129999017; Command Current: 400; Motor Current: 398.0
[2026-02-17 11:14:54,025] INFO: Time: 2.2443300009999803; Command Current: 400; Motor Current: 399.0
[2026-02-17 11:14:54,026] INFO: Time: 2.245389287999842; Command Current: 400; Motor Current: 399.0
[2026-02-17 11:14:54,027] INFO: Time: 2.2464504469999156; Command Current: 400; Motor Current: 396.0
[2026-02-17 11:14:54,028] INFO: Time: 2.2475104009999995; Command Current: 400; Motor Current: 398.0
[2026-02-17 11:14:54,029] INFO: Time: 2.2485695409998243; Command Current: 400; Motor Current: 397.0
[2026-02-17 11:14:54,030] INFO: Time: 2.2496329769999193; Command Current: 400; Motor Current: 397.0
[2026-02-17 11:14:54,032] INFO: Time: 2.2506926349999503; Command Current: 400; Motor Current: 396.0
[2026-02-17 11:14:54,033] INFO: Time: 2.25175275599986; Command Current: 400; Motor Current: 394.0
[2026-02-17 11:14:54,034] INFO: Time: 2.252809524999975; Command Current: 400; Motor Current: 397.0
[2026-02-17 11:14:54,035] INFO: Time: 2.253868349999948; Command Current: 400; Motor Current: 398.0
[2026-02-17 11:14:54,036] INFO: Time: 2.2549353039999005; Command Current: 400; Motor Current: 397.0
[2026-02-17 11:14:54,037] INFO: Time: 2.2560040369999115; Command Current: 400; Motor Current: 398.0
[2026-02-17 11:14:54,038] INFO: Time: 2.257065824999927; Command Current: 400; Motor Current: 398.0
[2026-02-17 11:14:54,039] INFO: Time: 2.258125315999905; Command Current: 400; Motor Current: 398.0
[2026-02-17 11:14:54,040] INFO: Time: 2.2591842709998673; Command Current: 400; Motor Current: 401.0
[2026-02-17 11:14:54,041] INFO: Time: 2.260243298999967; Command Current: 400; Motor Current: 401.0
[2026-02-17 11:14:54,042] INFO: Time: 2.261302753999871; Command Current: 400; Motor Current: 399.0
[2026-02-17 11:14:54,043] INFO: Time: 2.2623642639998707; Command Current: 400; Motor Current: 399.0
[2026-02-17 11:14:54,044] INFO: Time: 2.2634238109999387; Command Current: 400; Motor Current: 399.0
[2026-02-17 11:14:54,045] INFO: Time: 2.264489709999907; Command Current: 400; Motor Current: 398.0
[2026-02-17 11:14:54,046] INFO: Time: 2.2655675349999456; Command Current: 400; Motor Current: 398.0
[2026-02-17 11:14:54,047] INFO: Time: 2.266627655999855; Command Current: 400; Motor Current: 399.0
[2026-02-17 11:14:54,049] INFO: Time: 2.2676874059998227; Command Current: 400; Motor Current: 398.0
[2026-02-17 11:14:54,050] INFO: Time: 2.2687503419999757; Command Current: 400; Motor Current: 398.0
[2026-02-17 11:14:54,051] INFO: Time: 2.269811407999896; Command Current: 400; Motor Current: 399.0
[2026-02-17 11:14:54,052] INFO: Time: 2.270870954999964; Command Current: 400; Motor Current: 399.0
[2026-02-17 11:14:54,053] INFO: Time: 2.2719302430000425; Command Current: 400; Motor Current: 398.0
[2026-02-17 11:14:54,054] INFO: Time: 2.272989900999846; Command Current: 400; Motor Current: 397.0
[2026-02-17 11:14:54,055] INFO: Time: 2.2740509479999673; Command Current: 400; Motor Current: 399.0
[2026-02-17 11:14:54,056] INFO: Time: 2.275110347000009; Command Current: 400; Motor Current: 399.0
[2026-02-17 11:14:54,057] INFO: Time: 2.276169727000024; Command Current: 400; Motor Current: 397.0
[2026-02-17 11:14:54,058] INFO: Time: 2.2772286079998594; Command Current: 400; Motor Current: 398.0
[2026-02-17 11:14:54,059] INFO: Time: 2.2782877659999485; Command Current: 400; Motor Current: 399.0
[2026-02-17 11:14:54,060] INFO: Time: 2.2793479239999215; Command Current: 400; Motor Current: 399.0
[2026-02-17 11:14:54,061] INFO: Time: 2.2804082489999473; Command Current: 400; Motor Current: 399.0
[2026-02-17 11:14:54,062] INFO: Time: 2.2814685549999467; Command Current: 400; Motor Current: 399.0
[2026-02-17 11:14:54,063] INFO: Time: 2.2825253979999616; Command Current: 400; Motor Current: 402.0
[2026-02-17 11:14:54,064] INFO: Time: 2.2835842229999344; Command Current: 400; Motor Current: 402.0
[2026-02-17 11:14:54,065] INFO: Time: 2.2846440480000183; Command Current: 400; Motor Current: 402.0
[2026-02-17 11:14:54,067] INFO: Time: 2.285704279999891; Command Current: 400; Motor Current: 401.0
[2026-02-17 11:14:54,068] INFO: Time: 2.2867634570000064; Command Current: 400; Motor Current: 400.0
[2026-02-17 11:14:54,069] INFO: Time: 2.2878223190000426; Command Current: 400; Motor Current: 401.0
[2026-02-17 11:14:54,070] INFO: Time: 2.2888816810000208; Command Current: 400; Motor Current: 401.0
[2026-02-17 11:14:54,071] INFO: Time: 2.2899405609998666; Command Current: 400; Motor Current: 400.0
[2026-02-17 11:14:54,072] INFO: Time: 2.29100083000003; Command Current: 400; Motor Current: 400.0
[2026-02-17 11:14:54,073] INFO: Time: 2.2920612289999553; Command Current: 400; Motor Current: 400.0
[2026-02-17 11:14:54,074] INFO: Time: 2.293120849999923; Command Current: 400; Motor Current: 400.0
[2026-02-17 11:14:54,075] INFO: Time: 2.2941801749998376; Command Current: 400; Motor Current: 400.0
[2026-02-17 11:14:54,076] INFO: Time: 2.295238740999821; Command Current: 400; Motor Current: 399.0
[2026-02-17 11:14:54,077] INFO: Time: 2.2962975469999947; Command Current: 400; Motor Current: 399.0
[2026-02-17 11:14:54,078] INFO: Time: 2.2973571869999887; Command Current: 400; Motor Current: 398.0
[2026-02-17 11:14:54,079] INFO: Time: 2.2984180299999935; Command Current: 400; Motor Current: 397.0
[2026-02-17 11:14:54,080] INFO: Time: 2.2994841879999512; Command Current: 400; Motor Current: 397.0
[2026-02-17 11:14:54,081] INFO: Time: 2.30054329099994; Command Current: 400; Motor Current: 396.0
[2026-02-17 11:14:54,082] INFO: Time: 2.3016023190000396; Command Current: 400; Motor Current: 396.0
[2026-02-17 11:14:54,083] INFO: Time: 2.3026618659998803; Command Current: 400; Motor Current: 396.0
[2026-02-17 11:14:54,085] INFO: Time: 2.303721746999827; Command Current: 400; Motor Current: 398.0
[2026-02-17 11:14:54,086] INFO: Time: 2.3047808310000164; Command Current: 400; Motor Current: 397.0
[2026-02-17 11:14:54,087] INFO: Time: 2.305839674000026; Command Current: 400; Motor Current: 396.0
[2026-02-17 11:14:54,088] INFO: Time: 2.3068983509999725; Command Current: 400; Motor Current: 397.0
[2026-02-17 11:14:54,089] INFO: Time: 2.307957213000009; Command Current: 400; Motor Current: 397.0
[2026-02-17 11:14:54,090] INFO: Time: 2.30901650099986; Command Current: 400; Motor Current: 398.0
[2026-02-17 11:14:54,091] INFO: Time: 2.310076787999833; Command Current: 400; Motor Current: 399.0
[2026-02-17 11:14:54,092] INFO: Time: 2.31113792799988; Command Current: 400; Motor Current: 400.0
[2026-02-17 11:14:54,093] INFO: Time: 2.3121970119998423; Command Current: 400; Motor Current: 399.0
[2026-02-17 11:14:54,094] INFO: Time: 2.3132778560000133; Command Current: 400; Motor Current: 399.0
[2026-02-17 11:14:54,095] INFO: Time: 2.3143370509999386; Command Current: 400; Motor Current: 399.0
[2026-02-17 11:14:54,096] INFO: Time: 2.315397467999901; Command Current: 400; Motor Current: 399.0
[2026-02-17 11:14:54,097] INFO: Time: 2.3164583669999956; Command Current: 400; Motor Current: 400.0
[2026-02-17 11:14:54,098] INFO: Time: 2.3175174699999843; Command Current: 400; Motor Current: 399.0
[2026-02-17 11:14:54,099] INFO: Time: 2.3185767390000365; Command Current: 400; Motor Current: 398.0
[2026-02-17 11:14:54,100] INFO: Time: 2.319635415999983; Command Current: 400; Motor Current: 398.0
[2026-02-17 11:14:54,102] INFO: Time: 2.3206947589999345; Command Current: 400; Motor Current: 396.0
[2026-02-17 11:14:54,103] INFO: Time: 2.321756325000024; Command Current: 400; Motor Current: 398.0
[2026-02-17 11:14:54,104] INFO: Time: 2.3228157609999016; Command Current: 400; Motor Current: 399.0
[2026-02-17 11:14:54,105] INFO: Time: 2.3238748259998374; Command Current: 400; Motor Current: 399.0
[2026-02-17 11:14:54,106] INFO: Time: 2.3249336510000376; Command Current: 400; Motor Current: 397.0
[2026-02-17 11:14:54,107] INFO: Time: 2.325993067999889; Command Current: 400; Motor Current: 399.0
[2026-02-17 11:14:54,108] INFO: Time: 2.3270530969998617; Command Current: 400; Motor Current: 398.0
[2026-02-17 11:14:54,109] INFO: Time: 2.328115513999819; Command Current: 400; Motor Current: 400.0
[2026-02-17 11:14:54,110] INFO: Time: 2.329174634999845; Command Current: 400; Motor Current: 400.0
[2026-02-17 11:14:54,111] INFO: Time: 2.3302334599998176; Command Current: 400; Motor Current: 399.0
[2026-02-17 11:14:54,112] INFO: Time: 2.3312923589999173; Command Current: 400; Motor Current: 399.0
[2026-02-17 11:14:54,113] INFO: Time: 2.3323517769999853; Command Current: 400; Motor Current: 400.0
[2026-02-17 11:14:54,114] INFO: Time: 2.3334099720000268; Command Current: 400; Motor Current: 400.0
[2026-02-17 11:14:54,115] INFO: Time: 2.334488611999859; Command Current: 400; Motor Current: 399.0
[2026-02-17 11:14:54,116] INFO: Time: 2.3355478989999483; Command Current: 400; Motor Current: 401.0
[2026-02-17 11:14:54,117] INFO: Time: 2.336606890999974; Command Current: 400; Motor Current: 400.0
[2026-02-17 11:14:54,118] INFO: Time: 2.3376670119998835; Command Current: 400; Motor Current: 400.0
[2026-02-17 11:14:54,120] INFO: Time: 2.338728078000031; Command Current: 400; Motor Current: 399.0
[2026-02-17 11:14:54,121] INFO: Time: 2.3397880879999775; Command Current: 400; Motor Current: 399.0
[2026-02-17 11:14:54,122] INFO: Time: 2.3408473009999398; Command Current: 400; Motor Current: 400.0
[2026-02-17 11:14:54,123] INFO: Time: 2.3419063479998385; Command Current: 400; Motor Current: 400.0
[2026-02-17 11:14:54,124] INFO: Time: 2.3429652289999012; Command Current: 400; Motor Current: 399.0
[2026-02-17 11:14:54,125] INFO: Time: 2.344024571999853; Command Current: 400; Motor Current: 398.0
[2026-02-17 11:14:54,126] INFO: Time: 2.3450863230000323; Command Current: 400; Motor Current: 398.0
[2026-02-17 11:14:54,127] INFO: Time: 2.3461481109998203; Command Current: 400; Motor Current: 399.0
[2026-02-17 11:14:54,128] INFO: Time: 2.3472102869998253; Command Current: 400; Motor Current: 396.0
[2026-02-17 11:14:54,129] INFO: Time: 2.3482747419998304; Command Current: 400; Motor Current: 397.0
[2026-02-17 11:14:54,130] INFO: Time: 2.349336732999973; Command Current: 400; Motor Current: 398.0
[2026-02-17 11:14:54,131] INFO: Time: 2.350394650999988; Command Current: 400; Motor Current: 397.0
[2026-02-17 11:14:54,132] INFO: Time: 2.3514569760000086; Command Current: 400; Motor Current: 397.0
[2026-02-17 11:14:54,133] INFO: Time: 2.3525166709998757; Command Current: 400; Motor Current: 397.0
[2026-02-17 11:14:54,134] INFO: Time: 2.3535760699999173; Command Current: 400; Motor Current: 397.0
[2026-02-17 11:14:54,135] INFO: Time: 2.354635134999853; Command Current: 400; Motor Current: 397.0
[2026-02-17 11:14:54,137] INFO: Time: 2.355694774999847; Command Current: 400; Motor Current: 396.0
[2026-02-17 11:14:54,138] INFO: Time: 2.3567552479998994; Command Current: 400; Motor Current: 397.0
[2026-02-17 11:14:54,139] INFO: Time: 2.357814664999978; Command Current: 400; Motor Current: 397.0
[2026-02-17 11:14:54,140] INFO: Time: 2.3588736750000407; Command Current: 400; Motor Current: 397.0
[2026-02-17 11:14:54,141] INFO: Time: 2.359932666999839; Command Current: 400; Motor Current: 399.0
[2026-02-17 11:14:54,142] INFO: Time: 2.3609917510000287; Command Current: 400; Motor Current: 398.0
[2026-02-17 11:14:54,143] INFO: Time: 2.362153853999871; Command Current: 400; Motor Current: 399.0
[2026-02-17 11:14:54,144] INFO: Time: 2.363216308999881; Command Current: 400; Motor Current: 398.0
[2026-02-17 11:14:54,145] INFO: Time: 2.3642765969998436; Command Current: 400; Motor Current: 399.0
[2026-02-17 11:14:54,146] INFO: Time: 2.3653370140000334; Command Current: 400; Motor Current: 399.0
[2026-02-17 11:14:54,147] INFO: Time: 2.366396524000038; Command Current: 400; Motor Current: 398.0
[2026-02-17 11:14:54,148] INFO: Time: 2.3674573299999793; Command Current: 400; Motor Current: 398.0
[2026-02-17 11:14:54,149] INFO: Time: 2.368517580999878; Command Current: 400; Motor Current: 398.0
[2026-02-17 11:14:54,150] INFO: Time: 2.3695914620000167; Command Current: 400; Motor Current: 398.0
[2026-02-17 11:14:54,151] INFO: Time: 2.3706505269999525; Command Current: 400; Motor Current: 398.0
[2026-02-17 11:14:54,153] INFO: Time: 2.371708907999846; Command Current: 400; Motor Current: 399.0
[2026-02-17 11:14:54,154] INFO: Time: 2.3727676579999297; Command Current: 400; Motor Current: 398.0
[2026-02-17 11:14:54,155] INFO: Time: 2.373827112999834; Command Current: 400; Motor Current: 399.0
[2026-02-17 11:14:54,156] INFO: Time: 2.374887048999881; Command Current: 400; Motor Current: 399.0
[2026-02-17 11:14:54,157] INFO: Time: 2.375946096000007; Command Current: 400; Motor Current: 399.0
[2026-02-17 11:14:54,158] INFO: Time: 2.377005290999932; Command Current: 400; Motor Current: 399.0
[2026-02-17 11:14:54,159] INFO: Time: 2.3780646709999473; Command Current: 400; Motor Current: 400.0
[2026-02-17 11:14:54,160] INFO: Time: 2.37912355200001; Command Current: 400; Motor Current: 400.0
[2026-02-17 11:14:54,161] INFO: Time: 2.3801831910000146; Command Current: 400; Motor Current: 399.0
[2026-02-17 11:14:54,162] INFO: Time: 2.381243849999919; Command Current: 400; Motor Current: 400.0
[2026-02-17 11:14:54,163] INFO: Time: 2.38230345199986; Command Current: 400; Motor Current: 400.0
[2026-02-17 11:14:54,164] INFO: Time: 2.3833626289999756; Command Current: 400; Motor Current: 400.0
[2026-02-17 11:14:54,165] INFO: Time: 2.384419916999832; Command Current: 400; Motor Current: 400.0
[2026-02-17 11:14:54,166] INFO: Time: 2.3854802409998683; Command Current: 400; Motor Current: 399.0
[2026-02-17 11:14:54,167] INFO: Time: 2.386540343999968; Command Current: 400; Motor Current: 400.0
[2026-02-17 11:14:54,168] INFO: Time: 2.387599668999883; Command Current: 400; Motor Current: 401.0
[2026-02-17 11:14:54,169] INFO: Time: 2.388658474999829; Command Current: 400; Motor Current: 402.0
[2026-02-17 11:14:54,171] INFO: Time: 2.3897173189998284; Command Current: 400; Motor Current: 401.0
[2026-02-17 11:14:54,172] INFO: Time: 2.390756809999857; Command Current: 400; Motor Current: 401.0
[2026-02-17 11:14:54,173] INFO: Time: 2.391817041999957; Command Current: 400; Motor Current: 399.0
[2026-02-17 11:14:54,174] INFO: Time: 2.392877718999898; Command Current: 400; Motor Current: 400.0
[2026-02-17 11:14:54,175] INFO: Time: 2.3939373769999293; Command Current: 400; Motor Current: 399.0
[2026-02-17 11:14:54,176] INFO: Time: 2.394996794000008; Command Current: 400; Motor Current: 398.0
[2026-02-17 11:14:54,177] INFO: Time: 2.396055859999933; Command Current: 400; Motor Current: 396.0
[2026-02-17 11:14:54,178] INFO: Time: 2.397114980999959; Command Current: 400; Motor Current: 396.0
[2026-02-17 11:14:54,179] INFO: Time: 2.398175286999958; Command Current: 400; Motor Current: 395.0
[2026-02-17 11:14:54,180] INFO: Time: 2.3992361489999894; Command Current: 400; Motor Current: 395.0
[2026-02-17 11:14:54,181] INFO: Time: 2.400295362999941; Command Current: 400; Motor Current: 396.0
[2026-02-17 11:14:54,182] INFO: Time: 2.401354502999993; Command Current: 400; Motor Current: 395.0
[2026-02-17 11:14:54,183] INFO: Time: 2.4024113089999446; Command Current: 400; Motor Current: 394.0
[2026-02-17 11:14:54,184] INFO: Time: 2.403489744999888; Command Current: 400; Motor Current: 397.0
[2026-02-17 11:14:54,185] INFO: Time: 2.404549847999988; Command Current: 400; Motor Current: 397.0
[2026-02-17 11:14:54,187] INFO: Time: 2.4056411909998587; Command Current: 400; Motor Current: 398.0
[2026-02-17 11:14:54,188] INFO: Time: 2.4067009979999057; Command Current: 400; Motor Current: 397.0
[2026-02-17 11:14:54,189] INFO: Time: 2.407760081999868; Command Current: 400; Motor Current: 398.0
[2026-02-17 11:14:54,190] INFO: Time: 2.4088193879999835; Command Current: 400; Motor Current: 398.0
[2026-02-17 11:14:54,191] INFO: Time: 2.4098793240000305; Command Current: 400; Motor Current: 400.0
[2026-02-17 11:14:54,192] INFO: Time: 2.410950426999989; Command Current: 400; Motor Current: 399.0
[2026-02-17 11:14:54,193] INFO: Time: 2.412009343999898; Command Current: 400; Motor Current: 397.0
[2026-02-17 11:14:54,194] INFO: Time: 2.4130688169998393; Command Current: 400; Motor Current: 397.0
[2026-02-17 11:14:54,195] INFO: Time: 2.4141282709999814; Command Current: 400; Motor Current: 397.0
[2026-02-17 11:14:54,196] INFO: Time: 2.415187299999843; Command Current: 400; Motor Current: 399.0
[2026-02-17 11:14:54,197] INFO: Time: 2.416247642999906; Command Current: 400; Motor Current: 398.0
[2026-02-17 11:14:54,198] INFO: Time: 2.417309764000038; Command Current: 400; Motor Current: 397.0
[2026-02-17 11:14:54,199] INFO: Time: 2.418369051999889; Command Current: 400; Motor Current: 399.0
[2026-02-17 11:14:54,200] INFO: Time: 2.4194279329999517; Command Current: 400; Motor Current: 398.0
[2026-02-17 11:14:54,201] INFO: Time: 2.4204913869998563; Command Current: 400; Motor Current: 399.0
[2026-02-17 11:14:54,202] INFO: Time: 2.421550118999903; Command Current: 400; Motor Current: 398.0
[2026-02-17 11:14:54,203] INFO: Time: 2.4226099069999236; Command Current: 400; Motor Current: 399.0
[2026-02-17 11:14:54,204] INFO: Time: 2.423671694999939; Command Current: 400; Motor Current: 400.0
[2026-02-17 11:14:54,206] INFO: Time: 2.4247313719999966; Command Current: 400; Motor Current: 399.0
[2026-02-17 11:14:54,207] INFO: Time: 2.4257907699998214; Command Current: 400; Motor Current: 401.0
[2026-02-17 11:14:54,208] INFO: Time: 2.4268498550000004; Command Current: 400; Motor Current: 400.0
[2026-02-17 11:14:54,209] INFO: Time: 2.4279091609998886; Command Current: 400; Motor Current: 399.0
[2026-02-17 11:14:54,210] INFO: Time: 2.428973023000026; Command Current: 400; Motor Current: 401.0
[2026-02-17 11:14:54,211] INFO: Time: 2.4300373290000152; Command Current: 400; Motor Current: 401.0
[2026-02-17 11:14:54,212] INFO: Time: 2.4310975609998877; Command Current: 400; Motor Current: 401.0
[2026-02-17 11:14:54,213] INFO: Time: 2.432157812000014; Command Current: 400; Motor Current: 402.0
[2026-02-17 11:14:54,214] INFO: Time: 2.433218895999971; Command Current: 400; Motor Current: 401.0
[2026-02-17 11:14:54,215] INFO: Time: 2.434278627999902; Command Current: 400; Motor Current: 401.0
[2026-02-17 11:14:54,216] INFO: Time: 2.435338915999864; Command Current: 400; Motor Current: 402.0
[2026-02-17 11:14:54,217] INFO: Time: 2.4363993709998795; Command Current: 400; Motor Current: 402.0
[2026-02-17 11:14:54,218] INFO: Time: 2.437460269999974; Command Current: 400; Motor Current: 401.0
[2026-02-17 11:14:54,219] INFO: Time: 2.438522427999942; Command Current: 400; Motor Current: 399.0
[2026-02-17 11:14:54,220] INFO: Time: 2.4395815119999043; Command Current: 400; Motor Current: 401.0
[2026-02-17 11:14:54,221] INFO: Time: 2.4406409849998454; Command Current: 400; Motor Current: 402.0
[2026-02-17 11:14:54,223] INFO: Time: 2.4417019759998766; Command Current: 400; Motor Current: 400.0
[2026-02-17 11:14:54,224] INFO: Time: 2.4427508009998746; Command Current: 400; Motor Current: 402.0
[2026-02-17 11:14:54,225] INFO: Time: 2.443810995999911; Command Current: 400; Motor Current: 401.0
[2026-02-17 11:14:54,226] INFO: Time: 2.4448710059998575; Command Current: 400; Motor Current: 400.0
[2026-02-17 11:14:54,227] INFO: Time: 2.445930275999899; Command Current: 400; Motor Current: 400.0
[2026-02-17 11:14:54,228] INFO: Time: 2.446990526000036; Command Current: 400; Motor Current: 399.0
[2026-02-17 11:14:54,229] INFO: Time: 2.448051998999972; Command Current: 400; Motor Current: 398.0
[2026-02-17 11:14:54,230] INFO: Time: 2.4491116760000295; Command Current: 400; Motor Current: 399.0
[2026-02-17 11:14:54,231] INFO: Time: 2.4501707229999283; Command Current: 400; Motor Current: 398.0
[2026-02-17 11:14:54,232] INFO: Time: 2.4512296399998377; Command Current: 400; Motor Current: 396.0
[2026-02-17 11:14:54,233] INFO: Time: 2.4522886319998634; Command Current: 400; Motor Current: 396.0
[2026-02-17 11:14:54,234] INFO: Time: 2.4533486049999738; Command Current: 400; Motor Current: 397.0
[2026-02-17 11:14:54,235] INFO: Time: 2.4544089299999996; Command Current: 400; Motor Current: 397.0
[2026-02-17 11:14:54,236] INFO: Time: 2.4554674949999935; Command Current: 400; Motor Current: 396.0
[2026-02-17 11:14:54,237] INFO: Time: 2.4565255789998446; Command Current: 400; Motor Current: 398.0
[2026-02-17 11:14:54,238] INFO: Time: 2.4575842560000183; Command Current: 400; Motor Current: 399.0
[2026-02-17 11:14:54,239] INFO: Time: 2.4586436549998325; Command Current: 400; Motor Current: 398.0
[2026-02-17 11:14:54,241] INFO: Time: 2.4597039430000223; Command Current: 400; Motor Current: 398.0
[2026-02-17 11:14:54,242] INFO: Time: 2.460762933999831; Command Current: 400; Motor Current: 398.0
[2026-02-17 11:14:54,243] INFO: Time: 2.4618218519999573; Command Current: 400; Motor Current: 399.0
[2026-02-17 11:14:54,244] INFO: Time: 2.462880584000004; Command Current: 400; Motor Current: 399.0
[2026-02-17 11:14:54,245] INFO: Time: 2.463939759999903; Command Current: 400; Motor Current: 400.0
[2026-02-17 11:14:54,246] INFO: Time: 2.4649993629998335; Command Current: 400; Motor Current: 399.0
[2026-02-17 11:14:54,247] INFO: Time: 2.4660599469998488; Command Current: 400; Motor Current: 399.0
[2026-02-17 11:14:54,248] INFO: Time: 2.4671196419999433; Command Current: 400; Motor Current: 398.0
[2026-02-17 11:14:54,249] INFO: Time: 2.4681784299998526; Command Current: 400; Motor Current: 399.0
[2026-02-17 11:14:54,250] INFO: Time: 2.4692373109999153; Command Current: 400; Motor Current: 398.0
[2026-02-17 11:14:54,251] INFO: Time: 2.4702961909999885; Command Current: 400; Motor Current: 398.0
[2026-02-17 11:14:54,252] INFO: Time: 2.4713559419999456; Command Current: 400; Motor Current: 398.0
[2026-02-17 11:14:54,253] INFO: Time: 2.472416451999834; Command Current: 400; Motor Current: 397.0
[2026-02-17 11:14:54,254] INFO: Time: 2.473476127999902; Command Current: 400; Motor Current: 397.0
[2026-02-17 11:14:54,255] INFO: Time: 2.474532563999901; Command Current: 400; Motor Current: 397.0
[2026-02-17 11:14:54,256] INFO: Time: 2.475590999999895; Command Current: 400; Motor Current: 398.0
[2026-02-17 11:14:54,257] INFO: Time: 2.476650472999836; Command Current: 400; Motor Current: 398.0
[2026-02-17 11:14:54,259] INFO: Time: 2.4777105569999094; Command Current: 400; Motor Current: 398.0
[2026-02-17 11:14:54,260] INFO: Time: 2.4787410300000374; Command Current: 400; Motor Current: 398.0
[2026-02-17 11:14:54,261] INFO: Time: 2.4797999099998833; Command Current: 400; Motor Current: 401.0
[2026-02-17 11:14:54,262] INFO: Time: 2.4808586609999566; Command Current: 400; Motor Current: 400.0
[2026-02-17 11:14:54,263] INFO: Time: 2.4819173930000034; Command Current: 400; Motor Current: 401.0
[2026-02-17 11:14:54,264] INFO: Time: 2.482976550999865; Command Current: 400; Motor Current: 401.0
[2026-02-17 11:14:54,265] INFO: Time: 2.484036468999875; Command Current: 400; Motor Current: 399.0
[2026-02-17 11:14:54,266] INFO: Time: 2.4850954789999378; Command Current: 400; Motor Current: 400.0
[2026-02-17 11:14:54,267] INFO: Time: 2.486154580999937; Command Current: 400; Motor Current: 400.0
[2026-02-17 11:14:54,268] INFO: Time: 2.4872149619998254; Command Current: 400; Motor Current: 399.0
[2026-02-17 11:14:54,269] INFO: Time: 2.4882746199998564; Command Current: 400; Motor Current: 399.0
[2026-02-17 11:14:54,270] INFO: Time: 2.489334129999861; Command Current: 400; Motor Current: 400.0
[2026-02-17 11:14:54,271] INFO: Time: 2.4903947699999662; Command Current: 400; Motor Current: 400.0
[2026-02-17 11:14:54,272] INFO: Time: 2.4914546499999233; Command Current: 400; Motor Current: 398.0
[2026-02-17 11:14:54,273] INFO: Time: 2.4925140119999014; Command Current: 400; Motor Current: 398.0
[2026-02-17 11:14:54,274] INFO: Time: 2.4935734480000065; Command Current: 400; Motor Current: 398.0
[2026-02-17 11:14:54,275] INFO: Time: 2.4946330319999106; Command Current: 400; Motor Current: 398.0
[2026-02-17 11:14:54,277] INFO: Time: 2.495694559999947; Command Current: 400; Motor Current: 399.0
[2026-02-17 11:14:54,278] INFO: Time: 2.496753866999825; Command Current: 400; Motor Current: 397.0
[2026-02-17 11:14:54,279] INFO: Time: 2.497813024999914; Command Current: 400; Motor Current: 398.0
[2026-02-17 11:14:54,280] INFO: Time: 2.4988721279999027; Command Current: 400; Motor Current: 396.0
[2026-02-17 11:14:54,281] INFO: Time: 2.499931062999849; Command Current: 400; Motor Current: 399.0
[2026-02-17 11:14:54,282] INFO: Time: 2.5009907399999065; Command Current: 400; Motor Current: 398.0
[2026-02-17 11:14:54,283] INFO: Time: 2.5020516580000276; Command Current: 400; Motor Current: 397.0
[2026-02-17 11:14:54,284] INFO: Time: 2.5031108339999264; Command Current: 400; Motor Current: 397.0
[2026-02-17 11:14:54,285] INFO: Time: 2.5041698999998516; Command Current: 400; Motor Current: 398.0
[2026-02-17 11:14:54,286] INFO: Time: 2.505229001999851; Command Current: 400; Motor Current: 398.0
[2026-02-17 11:14:54,287] INFO: Time: 2.506288548999919; Command Current: 400; Motor Current: 399.0
[2026-02-17 11:14:54,288] INFO: Time: 2.5073484479999024; Command Current: 400; Motor Current: 399.0
[2026-02-17 11:14:54,289] INFO: Time: 2.5084089949998543; Command Current: 400; Motor Current: 398.0
[2026-02-17 11:14:54,290] INFO: Time: 2.509470004999912; Command Current: 400; Motor Current: 398.0
[2026-02-17 11:14:54,291] INFO: Time: 2.51052955199998; Command Current: 400; Motor Current: 399.0
[2026-02-17 11:14:54,292] INFO: Time: 2.511591062999969; Command Current: 400; Motor Current: 399.0
[2026-02-17 11:14:54,293] INFO: Time: 2.5126534239998364; Command Current: 400; Motor Current: 396.0
[2026-02-17 11:14:54,295] INFO: Time: 2.51371452699982; Command Current: 400; Motor Current: 397.0
[2026-02-17 11:14:54,296] INFO: Time: 2.5147736110000096; Command Current: 400; Motor Current: 399.0
[2026-02-17 11:14:54,297] INFO: Time: 2.515832584000009; Command Current: 400; Motor Current: 399.0
[2026-02-17 11:14:54,298] INFO: Time: 2.516892353000003; Command Current: 400; Motor Current: 399.0
[2026-02-17 11:14:54,299] INFO: Time: 2.5179512709999017; Command Current: 400; Motor Current: 398.0
[2026-02-17 11:14:54,300] INFO: Time: 2.519011373000012; Command Current: 400; Motor Current: 399.0
[2026-02-17 11:14:54,301] INFO: Time: 2.520072105999816; Command Current: 400; Motor Current: 401.0
[2026-02-17 11:14:54,302] INFO: Time: 2.5211311900000055; Command Current: 400; Motor Current: 399.0
[2026-02-17 11:14:54,303] INFO: Time: 2.522190328999841; Command Current: 400; Motor Current: 400.0
[2026-02-17 11:14:54,304] INFO: Time: 2.523251025000036; Command Current: 400; Motor Current: 399.0
[2026-02-17 11:14:54,305] INFO: Time: 2.5243125350000355; Command Current: 400; Motor Current: 401.0
[2026-02-17 11:14:54,306] INFO: Time: 2.5253739519998817; Command Current: 400; Motor Current: 400.0
[2026-02-17 11:14:54,307] INFO: Time: 2.52643488800004; Command Current: 400; Motor Current: 400.0
[2026-02-17 11:14:54,308] INFO: Time: 2.5274954349999916; Command Current: 400; Motor Current: 400.0
[2026-02-17 11:14:54,309] INFO: Time: 2.5285547969999698; Command Current: 400; Motor Current: 400.0
[2026-02-17 11:14:54,310] INFO: Time: 2.5296147330000167; Command Current: 400; Motor Current: 400.0
[2026-02-17 11:14:54,311] INFO: Time: 2.530672020999873; Command Current: 400; Motor Current: 398.0
[2026-02-17 11:14:54,313] INFO: Time: 2.5317333269999835; Command Current: 400; Motor Current: 399.0
[2026-02-17 11:14:54,314] INFO: Time: 2.532792354999856; Command Current: 400; Motor Current: 398.0
[2026-02-17 11:14:54,315] INFO: Time: 2.533862809999846; Command Current: 400; Motor Current: 400.0
[2026-02-17 11:14:54,316] INFO: Time: 2.534923282999898; Command Current: 400; Motor Current: 399.0
[2026-02-17 11:14:54,317] INFO: Time: 2.5359824409999874; Command Current: 400; Motor Current: 399.0
[2026-02-17 11:14:54,318] INFO: Time: 2.5370412099998703; Command Current: 400; Motor Current: 399.0
[2026-02-17 11:14:54,319] INFO: Time: 2.538101405999896; Command Current: 400; Motor Current: 399.0
[2026-02-17 11:14:54,320] INFO: Time: 2.5391609339999377; Command Current: 400; Motor Current: 399.0
[2026-02-17 11:14:54,321] INFO: Time: 2.540219685000011; Command Current: 400; Motor Current: 398.0
[2026-02-17 11:14:54,322] INFO: Time: 2.5412783990000207; Command Current: 400; Motor Current: 398.0
[2026-02-17 11:14:54,323] INFO: Time: 2.5423387229998298; Command Current: 400; Motor Current: 398.0
[2026-02-17 11:14:54,324] INFO: Time: 2.5433993439999085; Command Current: 400; Motor Current: 398.0
[2026-02-17 11:14:54,325] INFO: Time: 2.5444568729999446; Command Current: 400; Motor Current: 398.0
[2026-02-17 11:14:54,326] INFO: Time: 2.545516290000023; Command Current: 400; Motor Current: 398.0
[2026-02-17 11:14:54,327] INFO: Time: 2.546575207999922; Command Current: 400; Motor Current: 398.0
[2026-02-17 11:14:54,328] INFO: Time: 2.5476435509999646; Command Current: 400; Motor Current: 398.0
[2026-02-17 11:14:54,330] INFO: Time: 2.548707745999991; Command Current: 400; Motor Current: 398.0
[2026-02-17 11:14:54,331] INFO: Time: 2.5497684599999957; Command Current: 400; Motor Current: 397.0
[2026-02-17 11:14:54,332] INFO: Time: 2.5508286179999686; Command Current: 400; Motor Current: 399.0
[2026-02-17 11:14:54,333] INFO: Time: 2.5518880360000367; Command Current: 400; Motor Current: 398.0
[2026-02-17 11:14:54,334] INFO: Time: 2.5529478789999303; Command Current: 400; Motor Current: 397.0
[2026-02-17 11:14:54,335] INFO: Time: 2.554008296999882; Command Current: 400; Motor Current: 397.0
[2026-02-17 11:14:54,336] INFO: Time: 2.5550684359998286; Command Current: 400; Motor Current: 399.0
[2026-02-17 11:14:54,337] INFO: Time: 2.5561280759998226; Command Current: 400; Motor Current: 398.0
[2026-02-17 11:14:54,338] INFO: Time: 2.5571869929999593; Command Current: 400; Motor Current: 398.0
[2026-02-17 11:14:54,339] INFO: Time: 2.5582465219999904; Command Current: 400; Motor Current: 398.0
[2026-02-17 11:14:54,340] INFO: Time: 2.559305643000016; Command Current: 400; Motor Current: 396.0
[2026-02-17 11:14:54,341] INFO: Time: 2.56036522699992; Command Current: 400; Motor Current: 400.0
[2026-02-17 11:14:54,342] INFO: Time: 2.561426162999851; Command Current: 400; Motor Current: 398.0
[2026-02-17 11:14:54,343] INFO: Time: 2.562494802999936; Command Current: 400; Motor Current: 398.0
[2026-02-17 11:14:54,344] INFO: Time: 2.5635539239999616; Command Current: 400; Motor Current: 398.0
[2026-02-17 11:14:54,345] INFO: Time: 2.564612711999871; Command Current: 400; Motor Current: 398.0
[2026-02-17 11:14:54,346] INFO: Time: 2.5656724069999655; Command Current: 400; Motor Current: 398.0
[2026-02-17 11:14:54,348] INFO: Time: 2.5667402689998653; Command Current: 400; Motor Current: 397.0
[2026-02-17 11:14:54,349] INFO: Time: 2.567801796999902; Command Current: 400; Motor Current: 399.0
[2026-02-17 11:14:54,350] INFO: Time: 2.568862269999954; Command Current: 400; Motor Current: 397.0
[2026-02-17 11:14:54,351] INFO: Time: 2.569921576999832; Command Current: 400; Motor Current: 398.0
[2026-02-17 11:14:54,352] INFO: Time: 2.5709807900000214; Command Current: 400; Motor Current: 398.0
[2026-02-17 11:14:54,353] INFO: Time: 2.572040689000005; Command Current: 400; Motor Current: 397.0
[2026-02-17 11:14:54,354] INFO: Time: 2.57310114400002; Command Current: 400; Motor Current: 398.0
[2026-02-17 11:14:54,355] INFO: Time: 2.574160505000009; Command Current: 400; Motor Current: 398.0
[2026-02-17 11:14:54,356] INFO: Time: 2.575219756000024; Command Current: 400; Motor Current: 397.0
[2026-02-17 11:14:54,357] INFO: Time: 2.5762787290000233; Command Current: 400; Motor Current: 399.0
[2026-02-17 11:14:54,358] INFO: Time: 2.5773377949999485; Command Current: 400; Motor Current: 398.0
[2026-02-17 11:14:54,359] INFO: Time: 2.578398157000038; Command Current: 400; Motor Current: 399.0
[2026-02-17 11:14:54,360] INFO: Time: 2.579459629999974; Command Current: 400; Motor Current: 398.0
[2026-02-17 11:14:54,361] INFO: Time: 2.5805189169998357; Command Current: 400; Motor Current: 398.0
[2026-02-17 11:14:54,362] INFO: Time: 2.581578056999888; Command Current: 400; Motor Current: 397.0
[2026-02-17 11:14:54,363] INFO: Time: 2.5826374739999665; Command Current: 400; Motor Current: 398.0
[2026-02-17 11:14:54,365] INFO: Time: 2.5836985399998866; Command Current: 400; Motor Current: 398.0
[2026-02-17 11:14:54,366] INFO: Time: 2.5847573829998964; Command Current: 400; Motor Current: 400.0
[2026-02-17 11:14:54,367] INFO: Time: 2.585816263999959; Command Current: 400; Motor Current: 400.0
[2026-02-17 11:14:54,368] INFO: Time: 2.5868750699999055; Command Current: 400; Motor Current: 402.0
[2026-02-17 11:14:54,369] INFO: Time: 2.5879338209999787; Command Current: 400; Motor Current: 400.0
[2026-02-17 11:14:54,370] INFO: Time: 2.5889935899999728; Command Current: 400; Motor Current: 401.0
[2026-02-17 11:14:54,371] INFO: Time: 2.590054784999893; Command Current: 400; Motor Current: 400.0
[2026-02-17 11:14:54,372] INFO: Time: 2.5911144059998605; Command Current: 400; Motor Current: 402.0
[2026-02-17 11:14:54,373] INFO: Time: 2.5921732130000237; Command Current: 400; Motor Current: 399.0
[2026-02-17 11:14:54,374] INFO: Time: 2.593231944999843; Command Current: 400; Motor Current: 397.0
[2026-02-17 11:14:54,375] INFO: Time: 2.5942906029999904; Command Current: 400; Motor Current: 398.0
[2026-02-17 11:14:54,376] INFO: Time: 2.595350427999847; Command Current: 400; Motor Current: 398.0
[2026-02-17 11:14:54,377] INFO: Time: 2.5964116049999575; Command Current: 400; Motor Current: 399.0
[2026-02-17 11:14:54,378] INFO: Time: 2.5974723919998723; Command Current: 400; Motor Current: 397.0
[2026-02-17 11:14:54,379] INFO: Time: 2.598530809999829; Command Current: 400; Motor Current: 397.0
[2026-02-17 11:14:54,380] INFO: Time: 2.59958950500004; Command Current: 400; Motor Current: 397.0
[2026-02-17 11:14:54,381] INFO: Time: 2.600649070999907; Command Current: 400; Motor Current: 397.0
[2026-02-17 11:14:54,383] INFO: Time: 2.6017093949999435; Command Current: 400; Motor Current: 395.0
[2026-02-17 11:14:54,384] INFO: Time: 2.602768608999895; Command Current: 400; Motor Current: 396.0
[2026-02-17 11:14:54,385] INFO: Time: 2.603827544999831; Command Current: 400; Motor Current: 396.0
[2026-02-17 11:14:54,386] INFO: Time: 2.604886184999941; Command Current: 400; Motor Current: 397.0
[2026-02-17 11:14:54,387] INFO: Time: 2.605944971999861; Command Current: 400; Motor Current: 397.0
[2026-02-17 11:14:54,388] INFO: Time: 2.607006889999866; Command Current: 400; Motor Current: 397.0
[2026-02-17 11:14:54,389] INFO: Time: 2.608068140999876; Command Current: 400; Motor Current: 396.0
[2026-02-17 11:14:54,390] INFO: Time: 2.609151817999873; Command Current: 400; Motor Current: 398.0
[2026-02-17 11:14:54,391] INFO: Time: 2.610210883000036; Command Current: 400; Motor Current: 399.0
[2026-02-17 11:14:54,392] INFO: Time: 2.6112699489999613; Command Current: 400; Motor Current: 399.0
[2026-02-17 11:14:54,393] INFO: Time: 2.6123288479998337; Command Current: 400; Motor Current: 398.0
[2026-02-17 11:14:54,394] INFO: Time: 2.6133888019999176; Command Current: 400; Motor Current: 399.0
[2026-02-17 11:14:54,395] INFO: Time: 2.614450200999954; Command Current: 400; Motor Current: 400.0
[2026-02-17 11:14:54,396] INFO: Time: 2.615508858999874; Command Current: 400; Motor Current: 399.0
[2026-02-17 11:14:54,397] INFO: Time: 2.6165679799998998; Command Current: 400; Motor Current: 399.0
[2026-02-17 11:14:54,398] INFO: Time: 2.617644304999885; Command Current: 400; Motor Current: 399.0
[2026-02-17 11:14:54,400] INFO: Time: 2.6187048889999005; Command Current: 400; Motor Current: 398.0
[2026-02-17 11:14:54,401] INFO: Time: 2.6197624359999736; Command Current: 400; Motor Current: 399.0
[2026-02-17 11:14:54,402] INFO: Time: 2.6208216869999887; Command Current: 400; Motor Current: 399.0
[2026-02-17 11:14:54,403] INFO: Time: 2.6218807899999774; Command Current: 400; Motor Current: 397.0
[2026-02-17 11:14:54,404] INFO: Time: 2.6229397629999767; Command Current: 400; Motor Current: 399.0
[2026-02-17 11:14:54,405] INFO: Time: 2.6239997169998333; Command Current: 400; Motor Current: 400.0
[2026-02-17 11:14:54,406] INFO: Time: 2.6250616339998487; Command Current: 400; Motor Current: 397.0
[2026-02-17 11:14:54,407] INFO: Time: 2.626121107000017; Command Current: 400; Motor Current: 399.0
[2026-02-17 11:14:54,408] INFO: Time: 2.62717993199999; Command Current: 400; Motor Current: 400.0
[2026-02-17 11:14:54,409] INFO: Time: 2.628238867999926; Command Current: 400; Motor Current: 399.0
[2026-02-17 11:14:54,410] INFO: Time: 2.629297544999872; Command Current: 400; Motor Current: 401.0
[2026-02-17 11:14:54,411] INFO: Time: 2.6303576850000354; Command Current: 400; Motor Current: 400.0
[2026-02-17 11:14:54,412] INFO: Time: 2.63141852800004; Command Current: 400; Motor Current: 399.0
[2026-02-17 11:14:54,413] INFO: Time: 2.632567778999828; Command Current: 400; Motor Current: 401.0
[2026-02-17 11:14:54,414] INFO: Time: 2.6336436039998716; Command Current: 400; Motor Current: 401.0
[2026-02-17 11:14:54,416] INFO: Time: 2.634690669999827; Command Current: 400; Motor Current: 401.0
[2026-02-17 11:14:54,417] INFO: Time: 2.635750569000038; Command Current: 400; Motor Current: 401.0
[2026-02-17 11:14:54,418] INFO: Time: 2.6368110229998365; Command Current: 400; Motor Current: 400.0
[2026-02-17 11:14:54,419] INFO: Time: 2.637871384999926; Command Current: 400; Motor Current: 400.0
[2026-02-17 11:14:54,420] INFO: Time: 2.638930635999941; Command Current: 400; Motor Current: 400.0
[2026-02-17 11:14:54,421] INFO: Time: 2.6399900530000195; Command Current: 400; Motor Current: 398.0
[2026-02-17 11:14:54,422] INFO: Time: 2.6410497299998497; Command Current: 400; Motor Current: 398.0
[2026-02-17 11:14:54,423] INFO: Time: 2.642110220999939; Command Current: 400; Motor Current: 396.0
[2026-02-17 11:14:54,424] INFO: Time: 2.6431693239999277; Command Current: 400; Motor Current: 397.0
[2026-02-17 11:14:54,425] INFO: Time: 2.64422846399998; Command Current: 400; Motor Current: 396.0
[2026-02-17 11:14:54,426] INFO: Time: 2.6452875289999156; Command Current: 400; Motor Current: 396.0
[2026-02-17 11:14:54,427] INFO: Time: 2.6463467429998673; Command Current: 400; Motor Current: 395.0
[2026-02-17 11:14:54,428] INFO: Time: 2.6474069379999037; Command Current: 400; Motor Current: 397.0
[2026-02-17 11:14:54,429] INFO: Time: 2.6484684849999667; Command Current: 400; Motor Current: 397.0
[2026-02-17 11:14:54,430] INFO: Time: 2.6495289209999555; Command Current: 400; Motor Current: 397.0
[2026-02-17 11:14:54,431] INFO: Time: 2.650587819999828; Command Current: 400; Motor Current: 397.0
[2026-02-17 11:14:54,432] INFO: Time: 2.6516477000000123; Command Current: 400; Motor Current: 398.0
[2026-02-17 11:14:54,434] INFO: Time: 2.6527077849998477; Command Current: 400; Motor Current: 397.0
[2026-02-17 11:14:54,435] INFO: Time: 2.6537662949999685; Command Current: 400; Motor Current: 398.0
[2026-02-17 11:14:54,436] INFO: Time: 2.6548250270000153; Command Current: 400; Motor Current: 396.0
[2026-02-17 11:14:54,437] INFO: Time: 2.6558840549998877; Command Current: 400; Motor Current: 397.0
[2026-02-17 11:14:54,438] INFO: Time: 2.656942916999924; Command Current: 400; Motor Current: 397.0
[2026-02-17 11:14:54,439] INFO: Time: 2.658002574999955; Command Current: 400; Motor Current: 397.0
[2026-02-17 11:14:54,440] INFO: Time: 2.659062936999817; Command Current: 400; Motor Current: 399.0
[2026-02-17 11:14:54,441] INFO: Time: 2.660121762000017; Command Current: 400; Motor Current: 398.0
[2026-02-17 11:14:54,442] INFO: Time: 2.661180752999826; Command Current: 400; Motor Current: 399.0
[2026-02-17 11:14:54,443] INFO: Time: 2.662239781999915; Command Current: 400; Motor Current: 398.0
[2026-02-17 11:14:54,444] INFO: Time: 2.663298624999925; Command Current: 400; Motor Current: 398.0
[2026-02-17 11:14:54,445] INFO: Time: 2.6643585980000353; Command Current: 400; Motor Current: 398.0
[2026-02-17 11:14:54,446] INFO: Time: 2.665418905000024; Command Current: 400; Motor Current: 397.0
[2026-02-17 11:14:54,447] INFO: Time: 2.6664942479999354; Command Current: 400; Motor Current: 399.0
[2026-02-17 11:14:54,448] INFO: Time: 2.667537388000028; Command Current: 400; Motor Current: 397.0
[2026-02-17 11:14:54,449] INFO: Time: 2.6685962310000377; Command Current: 400; Motor Current: 397.0
[2026-02-17 11:14:54,450] INFO: Time: 2.66965633399991; Command Current: 400; Motor Current: 399.0
[2026-02-17 11:14:54,452] INFO: Time: 2.670716602999846; Command Current: 400; Motor Current: 399.0
[2026-02-17 11:14:54,453] INFO: Time: 2.671775612999909; Command Current: 400; Motor Current: 398.0
[2026-02-17 11:14:54,454] INFO: Time: 2.6728345669998816; Command Current: 400; Motor Current: 398.0
[2026-02-17 11:14:54,455] INFO: Time: 2.6738933919998544; Command Current: 400; Motor Current: 397.0
[2026-02-17 11:14:54,456] INFO: Time: 2.6749535499998274; Command Current: 400; Motor Current: 398.0
[2026-02-17 11:14:54,457] INFO: Time: 2.6760133939999378; Command Current: 400; Motor Current: 398.0
[2026-02-17 11:14:54,458] INFO: Time: 2.677084978000039; Command Current: 400; Motor Current: 399.0
[2026-02-17 11:14:54,459] INFO: Time: 2.6781453029998374; Command Current: 400; Motor Current: 399.0
[2026-02-17 11:14:54,460] INFO: Time: 2.679204534999826; Command Current: 400; Motor Current: 398.0
[2026-02-17 11:14:54,461] INFO: Time: 2.6802641369999947; Command Current: 400; Motor Current: 400.0
[2026-02-17 11:14:54,462] INFO: Time: 2.6813232769998194; Command Current: 400; Motor Current: 401.0
[2026-02-17 11:14:54,463] INFO: Time: 2.6823837499998717; Command Current: 400; Motor Current: 401.0
[2026-02-17 11:14:54,464] INFO: Time: 2.6834506489999512; Command Current: 400; Motor Current: 401.0
[2026-02-17 11:14:54,465] INFO: Time: 2.6845115109999824; Command Current: 400; Motor Current: 402.0
[2026-02-17 11:14:54,466] INFO: Time: 2.685570335999955; Command Current: 400; Motor Current: 401.0
[2026-02-17 11:14:54,467] INFO: Time: 2.686638161000019; Command Current: 400; Motor Current: 401.0
[2026-02-17 11:14:54,469] INFO: Time: 2.687698133999902; Command Current: 400; Motor Current: 402.0
[2026-02-17 11:14:54,470] INFO: Time: 2.6887586069999543; Command Current: 400; Motor Current: 400.0
[2026-02-17 11:14:54,471] INFO: Time: 2.689818356999922; Command Current: 400; Motor Current: 400.0
[2026-02-17 11:14:54,472] INFO: Time: 2.6908776819998366; Command Current: 400; Motor Current: 400.0
[2026-02-17 11:14:54,473] INFO: Time: 2.6919365070000367; Command Current: 400; Motor Current: 398.0
[2026-02-17 11:14:54,474] INFO: Time: 2.6929962209999303; Command Current: 400; Motor Current: 399.0
[2026-02-17 11:14:54,475] INFO: Time: 2.694057341999951; Command Current: 400; Motor Current: 398.0
[2026-02-17 11:14:54,476] INFO: Time: 2.695117036999818; Command Current: 400; Motor Current: 398.0
[2026-02-17 11:14:54,477] INFO: Time: 2.6962201029998596; Command Current: 400; Motor Current: 398.0
[2026-02-17 11:14:54,478] INFO: Time: 2.6972837429998435; Command Current: 400; Motor Current: 399.0
[2026-02-17 11:14:54,479] INFO: Time: 2.698345548999896; Command Current: 400; Motor Current: 397.0
[2026-02-17 11:14:54,480] INFO: Time: 2.699407373999975; Command Current: 400; Motor Current: 396.0
[2026-02-17 11:14:54,481] INFO: Time: 2.70046923599989; Command Current: 400; Motor Current: 396.0
[2026-02-17 11:14:54,482] INFO: Time: 2.7015283009998257; Command Current: 400; Motor Current: 396.0
[2026-02-17 11:14:54,483] INFO: Time: 2.7025875150000047; Command Current: 400; Motor Current: 397.0
[2026-02-17 11:14:54,484] INFO: Time: 2.70364658099993; Command Current: 400; Motor Current: 397.0
[2026-02-17 11:14:54,486] INFO: Time: 2.704705571999966; Command Current: 400; Motor Current: 395.0
[2026-02-17 11:14:54,487] INFO: Time: 2.7057655270000396; Command Current: 400; Motor Current: 397.0
[2026-02-17 11:14:54,488] INFO: Time: 2.7068245739999384; Command Current: 400; Motor Current: 397.0
[2026-02-17 11:14:54,489] INFO: Time: 2.7078833429998213; Command Current: 400; Motor Current: 399.0
[2026-02-17 11:14:54,490] INFO: Time: 2.7089420009999685; Command Current: 400; Motor Current: 398.0
[2026-02-17 11:14:54,491] INFO: Time: 2.710000584999989; Command Current: 400; Motor Current: 400.0
[2026-02-17 11:14:54,492] INFO: Time: 2.711060261999819; Command Current: 400; Motor Current: 400.0
[2026-02-17 11:14:54,493] INFO: Time: 2.712120437999829; Command Current: 400; Motor Current: 399.0
[2026-02-17 11:14:54,494] INFO: Time: 2.7131794479998916; Command Current: 400; Motor Current: 399.0
[2026-02-17 11:14:54,495] INFO: Time: 2.7142384769999808; Command Current: 400; Motor Current: 400.0
[2026-02-17 11:14:54,496] INFO: Time: 2.715297375999853; Command Current: 400; Motor Current: 400.0
[2026-02-17 11:14:54,497] INFO: Time: 2.7163620709998213; Command Current: 400; Motor Current: 400.0
[2026-02-17 11:14:54,498] INFO: Time: 2.7174293769999167; Command Current: 400; Motor Current: 399.0
[2026-02-17 11:14:54,499] INFO: Time: 2.7185070539999288; Command Current: 400; Motor Current: 399.0
[2026-02-17 11:14:54,500] INFO: Time: 2.7195665639999334; Command Current: 400; Motor Current: 399.0
[2026-02-17 11:14:54,501] INFO: Time: 2.7206396489998497; Command Current: 400; Motor Current: 400.0
[2026-02-17 11:14:54,503] INFO: Time: 2.7216986029998225; Command Current: 400; Motor Current: 400.0
[2026-02-17 11:14:54,504] INFO: Time: 2.7227618539998275; Command Current: 400; Motor Current: 399.0
[2026-02-17 11:14:54,505] INFO: Time: 2.7238240299998324; Command Current: 400; Motor Current: 400.0
[2026-02-17 11:14:54,506] INFO: Time: 2.724884318000022; Command Current: 400; Motor Current: 399.0
[2026-02-17 11:14:54,507] INFO: Time: 2.7259437909999633; Command Current: 400; Motor Current: 400.0
[2026-02-17 11:14:54,508] INFO: Time: 2.7270029310000155; Command Current: 400; Motor Current: 400.0
[2026-02-17 11:14:54,509] INFO: Time: 2.7280617929998243; Command Current: 400; Motor Current: 400.0
[2026-02-17 11:14:54,510] INFO: Time: 2.7291216359999453; Command Current: 400; Motor Current: 401.0
[2026-02-17 11:14:54,511] INFO: Time: 2.7301816089998283; Command Current: 400; Motor Current: 401.0
[2026-02-17 11:14:54,512] INFO: Time: 2.731240896999907; Command Current: 400; Motor Current: 399.0
[2026-02-17 11:14:54,513] INFO: Time: 2.7323001289998956; Command Current: 400; Motor Current: 399.0
[2026-02-17 11:14:54,514] INFO: Time: 2.733359008999969; Command Current: 400; Motor Current: 398.0
[2026-02-17 11:14:54,515] INFO: Time: 2.7344183899999734; Command Current: 400; Motor Current: 399.0
[2026-02-17 11:14:54,516] INFO: Time: 2.735479400000031; Command Current: 400; Motor Current: 398.0
[2026-02-17 11:14:54,517] INFO: Time: 2.7365387620000092; Command Current: 400; Motor Current: 399.0
[2026-02-17 11:14:54,518] INFO: Time: 2.7375976789999186; Command Current: 400; Motor Current: 399.0
[2026-02-17 11:14:54,519] INFO: Time: 2.7386565780000183; Command Current: 400; Motor Current: 399.0
[2026-02-17 11:14:54,521] INFO: Time: 2.739715346999901; Command Current: 400; Motor Current: 399.0
[2026-02-17 11:14:54,522] INFO: Time: 2.740774764999969; Command Current: 400; Motor Current: 399.0
[2026-02-17 11:14:54,523] INFO: Time: 2.7418350709999686; Command Current: 400; Motor Current: 399.0
[2026-02-17 11:14:54,524] INFO: Time: 2.7428944139999203; Command Current: 400; Motor Current: 398.0
[2026-02-17 11:14:54,525] INFO: Time: 2.7439535539999724; Command Current: 400; Motor Current: 397.0
[2026-02-17 11:14:54,526] INFO: Time: 2.7450126940000246; Command Current: 400; Motor Current: 397.0
[2026-02-17 11:14:54,527] INFO: Time: 2.7460716849998335; Command Current: 400; Motor Current: 396.0
[2026-02-17 11:14:54,528] INFO: Time: 2.7471315099999174; Command Current: 400; Motor Current: 396.0
[2026-02-17 11:14:54,529] INFO: Time: 2.7481933349999963; Command Current: 400; Motor Current: 397.0
[2026-02-17 11:14:54,530] INFO: Time: 2.749252677999948; Command Current: 400; Motor Current: 396.0
[2026-02-17 11:14:54,531] INFO: Time: 2.750312132999852; Command Current: 400; Motor Current: 398.0
[2026-02-17 11:14:54,532] INFO: Time: 2.751371382999878; Command Current: 400; Motor Current: 397.0
[2026-02-17 11:14:54,533] INFO: Time: 2.75243052299993; Command Current: 400; Motor Current: 398.0
[2026-02-17 11:14:54,534] INFO: Time: 2.7534889959999873; Command Current: 400; Motor Current: 398.0
[2026-02-17 11:14:54,535] INFO: Time: 2.754549116999897; Command Current: 400; Motor Current: 397.0
[2026-02-17 11:14:54,536] INFO: Time: 2.7556082199998855; Command Current: 400; Motor Current: 397.0
[2026-02-17 11:14:54,537] INFO: Time: 2.7566668590000063; Command Current: 400; Motor Current: 398.0
[2026-02-17 11:14:54,539] INFO: Time: 2.7577257399998416; Command Current: 400; Motor Current: 399.0
[2026-02-17 11:14:54,540] INFO: Time: 2.7587798049999037; Command Current: 400; Motor Current: 398.0
[2026-02-17 11:14:54,541] INFO: Time: 2.759842555999967; Command Current: 400; Motor Current: 397.0
[2026-02-17 11:14:54,542] INFO: Time: 2.7609021769999345; Command Current: 400; Motor Current: 400.0
[2026-02-17 11:14:54,543] INFO: Time: 2.7619854649999525; Command Current: 400; Motor Current: 400.0
[2026-02-17 11:14:54,544] INFO: Time: 2.763044475000015; Command Current: 400; Motor Current: 398.0
[2026-02-17 11:14:54,545] INFO: Time: 2.76410374399984; Command Current: 400; Motor Current: 399.0
[2026-02-17 11:14:54,546] INFO: Time: 2.7651634950000243; Command Current: 400; Motor Current: 398.0
[2026-02-17 11:14:54,547] INFO: Time: 2.7662259869998707; Command Current: 400; Motor Current: 398.0
[2026-02-17 11:14:54,548] INFO: Time: 2.767285162999997; Command Current: 400; Motor Current: 398.0
[2026-02-17 11:14:54,549] INFO: Time: 2.7683445620000384; Command Current: 400; Motor Current: 398.0
[2026-02-17 11:14:54,550] INFO: Time: 2.7694042020000325; Command Current: 400; Motor Current: 398.0
[2026-02-17 11:14:54,551] INFO: Time: 2.7704635079999207; Command Current: 400; Motor Current: 397.0
[2026-02-17 11:14:54,552] INFO: Time: 2.7715255549999256; Command Current: 400; Motor Current: 397.0
[2026-02-17 11:14:54,553] INFO: Time: 2.772586305999994; Command Current: 400; Motor Current: 399.0
[2026-02-17 11:14:54,554] INFO: Time: 2.7736451859998397; Command Current: 400; Motor Current: 398.0
[2026-02-17 11:14:54,556] INFO: Time: 2.7747047329999077; Command Current: 400; Motor Current: 399.0
[2026-02-17 11:14:54,557] INFO: Time: 2.775764205999849; Command Current: 400; Motor Current: 400.0
[2026-02-17 11:14:54,558] INFO: Time: 2.7768241789999593; Command Current: 400; Motor Current: 399.0
[2026-02-17 11:14:54,559] INFO: Time: 2.7778854299999693; Command Current: 400; Motor Current: 401.0
[2026-02-17 11:14:54,560] INFO: Time: 2.7789449770000374; Command Current: 400; Motor Current: 402.0
[2026-02-17 11:14:54,561] INFO: Time: 2.780004080000026; Command Current: 400; Motor Current: 399.0
[2026-02-17 11:14:54,562] INFO: Time: 2.781062959999872; Command Current: 400; Motor Current: 400.0
[2026-02-17 11:14:54,563] INFO: Time: 2.7821218399999452; Command Current: 400; Motor Current: 399.0
[2026-02-17 11:14:54,564] INFO: Time: 2.783181979999881; Command Current: 400; Motor Current: 399.0
[2026-02-17 11:14:54,565] INFO: Time: 2.784244101000013; Command Current: 400; Motor Current: 400.0
[2026-02-17 11:14:54,566] INFO: Time: 2.7853031299998747; Command Current: 400; Motor Current: 401.0
[2026-02-17 11:14:54,567] INFO: Time: 2.786362455000017; Command Current: 400; Motor Current: 400.0
[2026-02-17 11:14:54,568] INFO: Time: 2.7874217419998786; Command Current: 400; Motor Current: 400.0
[2026-02-17 11:14:54,569] INFO: Time: 2.788501623000002; Command Current: 400; Motor Current: 399.0
[2026-02-17 11:14:54,570] INFO: Time: 2.789562706999959; Command Current: 400; Motor Current: 399.0
[2026-02-17 11:14:54,571] INFO: Time: 2.790622125000027; Command Current: 400; Motor Current: 398.0
[2026-02-17 11:14:54,572] INFO: Time: 2.7916809309999735; Command Current: 400; Motor Current: 397.0
[2026-02-17 11:14:54,574] INFO: Time: 2.792749884999921; Command Current: 400; Motor Current: 397.0
[2026-02-17 11:14:54,575] INFO: Time: 2.7938118580000264; Command Current: 400; Motor Current: 397.0
[2026-02-17 11:14:54,576] INFO: Time: 2.794874608999862; Command Current: 400; Motor Current: 396.0
[2026-02-17 11:14:54,577] INFO: Time: 2.795934359999819; Command Current: 400; Motor Current: 396.0
[2026-02-17 11:14:54,578] INFO: Time: 2.7969939069998873; Command Current: 400; Motor Current: 397.0
[2026-02-17 11:14:54,579] INFO: Time: 2.798052934999987; Command Current: 400; Motor Current: 397.0
[2026-02-17 11:14:54,580] INFO: Time: 2.7991130010000234; Command Current: 400; Motor Current: 396.0
[2026-02-17 11:14:54,581] INFO: Time: 2.8001730669998324; Command Current: 400; Motor Current: 397.0
[2026-02-17 11:14:54,582] INFO: Time: 2.8012321139999585; Command Current: 400; Motor Current: 398.0
[2026-02-17 11:14:54,583] INFO: Time: 2.8022914749999472; Command Current: 400; Motor Current: 398.0
[2026-02-17 11:14:54,584] INFO: Time: 2.8033504479999465; Command Current: 400; Motor Current: 397.0
[2026-02-17 11:14:54,585] INFO: Time: 2.804409217999819; Command Current: 400; Motor Current: 397.0
[2026-02-17 11:14:54,586] INFO: Time: 2.8054702279998764; Command Current: 400; Motor Current: 398.0
[2026-02-17 11:14:54,587] INFO: Time: 2.8065298859999075; Command Current: 400; Motor Current: 397.0
[2026-02-17 11:14:54,588] INFO: Time: 2.807588691999854; Command Current: 400; Motor Current: 398.0
[2026-02-17 11:14:54,589] INFO: Time: 2.808647350000001; Command Current: 400; Motor Current: 398.0
[2026-02-17 11:14:54,591] INFO: Time: 2.8097060269999474; Command Current: 400; Motor Current: 399.0
[2026-02-17 11:14:54,592] INFO: Time: 2.810765814999968; Command Current: 400; Motor Current: 399.0
[2026-02-17 11:14:54,593] INFO: Time: 2.811826065999867; Command Current: 400; Motor Current: 399.0
[2026-02-17 11:14:54,594] INFO: Time: 2.812884853000014; Command Current: 400; Motor Current: 399.0
[2026-02-17 11:14:54,595] INFO: Time: 2.8139436970000133; Command Current: 400; Motor Current: 398.0
[2026-02-17 11:14:54,596] INFO: Time: 2.8150026139999227; Command Current: 400; Motor Current: 398.0
[2026-02-17 11:14:54,597] INFO: Time: 2.8160612719998426; Command Current: 400; Motor Current: 400.0
[2026-02-17 11:14:54,598] INFO: Time: 2.8171317449998696; Command Current: 400; Motor Current: 398.0
[2026-02-17 11:14:54,599] INFO: Time: 2.8181965520000176; Command Current: 400; Motor Current: 399.0
[2026-02-17 11:14:54,600] INFO: Time: 2.819256894999853; Command Current: 400; Motor Current: 400.0
[2026-02-17 11:14:54,601] INFO: Time: 2.8203170719998525; Command Current: 400; Motor Current: 400.0
[2026-02-17 11:14:54,602] INFO: Time: 2.8213777480000317; Command Current: 400; Motor Current: 400.0
[2026-02-17 11:14:54,603] INFO: Time: 2.822438721000026; Command Current: 400; Motor Current: 400.0
[2026-02-17 11:14:54,604] INFO: Time: 2.823510545999852; Command Current: 400; Motor Current: 402.0
[2026-02-17 11:14:54,605] INFO: Time: 2.8245711119998305; Command Current: 400; Motor Current: 401.0
[2026-02-17 11:14:54,606] INFO: Time: 2.825632232999851; Command Current: 400; Motor Current: 401.0
[2026-02-17 11:14:54,608] INFO: Time: 2.8266916499999297; Command Current: 400; Motor Current: 400.0
[2026-02-17 11:14:54,609] INFO: Time: 2.8277505679998285; Command Current: 400; Motor Current: 400.0
[2026-02-17 11:14:54,610] INFO: Time: 2.828810262999923; Command Current: 400; Motor Current: 401.0
[2026-02-17 11:14:54,611] INFO: Time: 2.8298704579999594; Command Current: 400; Motor Current: 402.0
[2026-02-17 11:14:54,612] INFO: Time: 2.830929449999985; Command Current: 400; Motor Current: 400.0
[2026-02-17 11:14:54,613] INFO: Time: 2.831988385999921; Command Current: 400; Motor Current: 402.0
[2026-02-17 11:14:54,614] INFO: Time: 2.8330473399998937; Command Current: 400; Motor Current: 401.0
[2026-02-17 11:14:54,615] INFO: Time: 2.834106534999819; Command Current: 400; Motor Current: 402.0
[2026-02-17 11:14:54,616] INFO: Time: 2.8351669159999346; Command Current: 400; Motor Current: 401.0
[2026-02-17 11:14:54,617] INFO: Time: 2.83622768500004; Command Current: 400; Motor Current: 401.0
[2026-02-17 11:14:54,618] INFO: Time: 2.837287454000034; Command Current: 400; Motor Current: 401.0
[2026-02-17 11:14:54,619] INFO: Time: 2.8383467049998217; Command Current: 400; Motor Current: 401.0
[2026-02-17 11:14:54,620] INFO: Time: 2.839403733999916; Command Current: 400; Motor Current: 400.0
[2026-02-17 11:14:54,621] INFO: Time: 2.8404613549998885; Command Current: 400; Motor Current: 398.0
[2026-02-17 11:14:54,622] INFO: Time: 2.841521327999999; Command Current: 400; Motor Current: 398.0
[2026-02-17 11:14:54,623] INFO: Time: 2.8425813379999454; Command Current: 400; Motor Current: 397.0
[2026-02-17 11:14:54,624] INFO: Time: 2.8436454399998183; Command Current: 400; Motor Current: 396.0
[2026-02-17 11:14:54,626] INFO: Time: 2.844704449999881; Command Current: 400; Motor Current: 397.0
[2026-02-17 11:14:54,627] INFO: Time: 2.845763274999854; Command Current: 400; Motor Current: 396.0
[2026-02-17 11:14:54,628] INFO: Time: 2.846822043999964; Command Current: 400; Motor Current: 397.0
[2026-02-17 11:14:54,629] INFO: Time: 2.847881609999831; Command Current: 400; Motor Current: 396.0
[2026-02-17 11:14:54,630] INFO: Time: 2.8489413049999257; Command Current: 400; Motor Current: 397.0
[2026-02-17 11:14:54,631] INFO: Time: 2.850000388999888; Command Current: 400; Motor Current: 397.0
[2026-02-17 11:14:54,632] INFO: Time: 2.8510593249998237; Command Current: 400; Motor Current: 397.0
[2026-02-17 11:14:54,633] INFO: Time: 2.8521183169998494; Command Current: 400; Motor Current: 397.0
[2026-02-17 11:14:54,634] INFO: Time: 2.853177159999859; Command Current: 400; Motor Current: 395.0
[2026-02-17 11:14:54,635] INFO: Time: 2.8542366330000277; Command Current: 400; Motor Current: 395.0
[2026-02-17 11:14:54,636] INFO: Time: 2.8552969949998896; Command Current: 400; Motor Current: 395.0
[2026-02-17 11:14:54,637] INFO: Time: 2.8563562829999682; Command Current: 400; Motor Current: 399.0
[2026-02-17 11:14:54,638] INFO: Time: 2.857415403999994; Command Current: 400; Motor Current: 397.0
[2026-02-17 11:14:54,639] INFO: Time: 2.8584744319998663; Command Current: 400; Motor Current: 398.0
[2026-02-17 11:14:54,640] INFO: Time: 2.859535498000014; Command Current: 400; Motor Current: 399.0
[2026-02-17 11:14:54,641] INFO: Time: 2.8605965629999446; Command Current: 400; Motor Current: 398.0
[2026-02-17 11:14:54,643] INFO: Time: 2.861680184999841; Command Current: 400; Motor Current: 400.0
[2026-02-17 11:14:54,644] INFO: Time: 2.86274328699983; Command Current: 400; Motor Current: 399.0
[2026-02-17 11:14:54,645] INFO: Time: 2.863802501000009; Command Current: 400; Motor Current: 397.0
[2026-02-17 11:14:54,646] INFO: Time: 2.864861547999908; Command Current: 400; Motor Current: 398.0
[2026-02-17 11:14:54,647] INFO: Time: 2.865921576999881; Command Current: 400; Motor Current: 399.0
[2026-02-17 11:14:54,648] INFO: Time: 2.8669827159999386; Command Current: 400; Motor Current: 399.0
[2026-02-17 11:14:54,649] INFO: Time: 2.8680423559999326; Command Current: 400; Motor Current: 397.0
[2026-02-17 11:14:54,650] INFO: Time: 2.8691017730000112; Command Current: 400; Motor Current: 398.0
[2026-02-17 11:14:54,651] INFO: Time: 2.870160986999963; Command Current: 400; Motor Current: 400.0
[2026-02-17 11:14:54,652] INFO: Time: 2.871219959999962; Command Current: 400; Motor Current: 399.0
[2026-02-17 11:14:54,653] INFO: Time: 2.8722803769999246; Command Current: 400; Motor Current: 398.0
[2026-02-17 11:14:54,654] INFO: Time: 2.873341646999961; Command Current: 400; Motor Current: 400.0
[2026-02-17 11:14:54,655] INFO: Time: 2.8744012859999657; Command Current: 400; Motor Current: 398.0
[2026-02-17 11:14:54,656] INFO: Time: 2.8754608330000337; Command Current: 400; Motor Current: 398.0
[2026-02-17 11:14:54,657] INFO: Time: 2.876519916999996; Command Current: 400; Motor Current: 397.0
[2026-02-17 11:14:54,658] INFO: Time: 2.877579464999826; Command Current: 400; Motor Current: 399.0
[2026-02-17 11:14:54,659] INFO: Time: 2.878649623000001; Command Current: 400; Motor Current: 400.0
[2026-02-17 11:14:54,661] INFO: Time: 2.8797093369998947; Command Current: 400; Motor Current: 400.0
[2026-02-17 11:14:54,662] INFO: Time: 2.8807684759999574; Command Current: 400; Motor Current: 401.0
[2026-02-17 11:14:54,663] INFO: Time: 2.8818276339998192; Command Current: 400; Motor Current: 399.0
[2026-02-17 11:14:54,664] INFO: Time: 2.882886310999993; Command Current: 400; Motor Current: 401.0
[2026-02-17 11:14:54,665] INFO: Time: 2.8839459319999605; Command Current: 400; Motor Current: 401.0
[2026-02-17 11:14:54,666] INFO: Time: 2.8850073119999706; Command Current: 400; Motor Current: 404.0
[2026-02-17 11:14:54,667] INFO: Time: 2.8860665449999487; Command Current: 400; Motor Current: 401.0
[2026-02-17 11:14:54,668] INFO: Time: 2.8871254809998845; Command Current: 400; Motor Current: 400.0
[2026-02-17 11:14:54,669] INFO: Time: 2.8881845459998203; Command Current: 400; Motor Current: 399.0
[2026-02-17 11:14:54,670] INFO: Time: 2.8892434079998566; Command Current: 400; Motor Current: 400.0
[2026-02-17 11:14:54,671] INFO: Time: 2.890302824999935; Command Current: 400; Motor Current: 398.0
[2026-02-17 11:14:54,672] INFO: Time: 2.8913651129998925; Command Current: 400; Motor Current: 398.0
[2026-02-17 11:14:54,673] INFO: Time: 2.892424715999823; Command Current: 400; Motor Current: 395.0
[2026-02-17 11:14:54,674] INFO: Time: 2.8934851889998754; Command Current: 400; Motor Current: 395.0
[2026-02-17 11:14:54,675] INFO: Time: 2.894544531999827; Command Current: 400; Motor Current: 396.0
[2026-02-17 11:14:54,676] INFO: Time: 2.895604431000038; Command Current: 400; Motor Current: 395.0
[2026-02-17 11:14:54,677] INFO: Time: 2.8966655340000216; Command Current: 400; Motor Current: 394.0
[2026-02-17 11:14:54,679] INFO: Time: 2.897729876999847; Command Current: 400; Motor Current: 394.0
[2026-02-17 11:14:54,680] INFO: Time: 2.898844016999874; Command Current: 400; Motor Current: 395.0
[2026-02-17 11:14:54,681] INFO: Time: 2.8999039719999473; Command Current: 400; Motor Current: 396.0
[2026-02-17 11:14:54,682] INFO: Time: 2.900963592999915; Command Current: 400; Motor Current: 395.0
[2026-02-17 11:14:54,683] INFO: Time: 2.9020238809998773; Command Current: 400; Motor Current: 396.0
[2026-02-17 11:14:54,684] INFO: Time: 2.903084019999824; Command Current: 400; Motor Current: 398.0
[2026-02-17 11:14:54,685] INFO: Time: 2.9041775309999593; Command Current: 400; Motor Current: 398.0
[2026-02-17 11:14:54,686] INFO: Time: 2.905236817999821; Command Current: 400; Motor Current: 398.0
[2026-02-17 11:14:54,687] INFO: Time: 2.9062959399998363; Command Current: 400; Motor Current: 398.0
[2026-02-17 11:14:54,688] INFO: Time: 2.907354967999936; Command Current: 400; Motor Current: 397.0
[2026-02-17 11:14:54,689] INFO: Time: 2.9084169779998774; Command Current: 400; Motor Current: 398.0
[2026-02-17 11:14:54,690] INFO: Time: 2.9094781179999245; Command Current: 400; Motor Current: 398.0
[2026-02-17 11:14:54,691] INFO: Time: 2.910537645999966; Command Current: 400; Motor Current: 399.0
[2026-02-17 11:14:54,692] INFO: Time: 2.9115966189999654; Command Current: 400; Motor Current: 399.0
[2026-02-17 11:14:54,693] INFO: Time: 2.912656296000023; Command Current: 400; Motor Current: 400.0
[2026-02-17 11:14:54,695] INFO: Time: 2.9137234359998274; Command Current: 400; Motor Current: 399.0
[2026-02-17 11:14:54,696] INFO: Time: 2.9147865939999065; Command Current: 400; Motor Current: 399.0
[2026-02-17 11:14:54,697] INFO: Time: 2.915847382000038; Command Current: 400; Motor Current: 400.0
[2026-02-17 11:14:54,698] INFO: Time: 2.91690792899999; Command Current: 400; Motor Current: 399.0
[2026-02-17 11:14:54,699] INFO: Time: 2.9179679569999735; Command Current: 400; Motor Current: 400.0
[2026-02-17 11:14:54,700] INFO: Time: 2.9190282639999623; Command Current: 400; Motor Current: 397.0
[2026-02-17 11:14:54,701] INFO: Time: 2.920088624999835; Command Current: 400; Motor Current: 398.0
[2026-02-17 11:14:54,702] INFO: Time: 2.9211482279999927; Command Current: 400; Motor Current: 399.0
[2026-02-17 11:14:54,703] INFO: Time: 2.9222079599999233; Command Current: 400; Motor Current: 399.0
[2026-02-17 11:14:54,704] INFO: Time: 2.923267451999891; Command Current: 400; Motor Current: 397.0
[2026-02-17 11:14:54,705] INFO: Time: 2.924326499000017; Command Current: 400; Motor Current: 399.0
[2026-02-17 11:14:54,706] INFO: Time: 2.925386249999974; Command Current: 400; Motor Current: 397.0
[2026-02-17 11:14:54,707] INFO: Time: 2.9264465559999735; Command Current: 400; Motor Current: 397.0
[2026-02-17 11:14:54,708] INFO: Time: 2.9275120469999365; Command Current: 400; Motor Current: 397.0
[2026-02-17 11:14:54,709] INFO: Time: 2.928570834999846; Command Current: 400; Motor Current: 399.0
[2026-02-17 11:14:54,710] INFO: Time: 2.929631363999988; Command Current: 400; Motor Current: 399.0
[2026-02-17 11:14:54,712] INFO: Time: 2.9306909289998657; Command Current: 400; Motor Current: 398.0
[2026-02-17 11:14:54,713] INFO: Time: 2.9317504579998968; Command Current: 400; Motor Current: 397.0
[2026-02-17 11:14:54,714] INFO: Time: 2.9328094679999595; Command Current: 400; Motor Current: 399.0
[2026-02-17 11:14:54,715] INFO: Time: 2.933868478000022; Command Current: 400; Motor Current: 398.0
[2026-02-17 11:14:54,716] INFO: Time: 2.934927431999995; Command Current: 400; Motor Current: 398.0
[2026-02-17 11:14:54,717] INFO: Time: 2.935991126999852; Command Current: 400; Motor Current: 397.0
[2026-02-17 11:14:54,718] INFO: Time: 2.937053044999857; Command Current: 400; Motor Current: 397.0
[2026-02-17 11:14:54,719] INFO: Time: 2.9381122219999725; Command Current: 400; Motor Current: 398.0
[2026-02-17 11:14:54,720] INFO: Time: 2.939170842999829; Command Current: 400; Motor Current: 398.0
[2026-02-17 11:14:54,721] INFO: Time: 2.940229778999992; Command Current: 400; Motor Current: 398.0
[2026-02-17 11:14:54,722] INFO: Time: 2.941288714999928; Command Current: 400; Motor Current: 398.0
[2026-02-17 11:14:54,723] INFO: Time: 2.9423489839998638; Command Current: 400; Motor Current: 396.0
[2026-02-17 11:14:54,724] INFO: Time: 2.943411863999927; Command Current: 400; Motor Current: 397.0
[2026-02-17 11:14:54,725] INFO: Time: 2.9444710959999156; Command Current: 400; Motor Current: 396.0
[2026-02-17 11:14:54,726] INFO: Time: 2.945531161999952; Command Current: 400; Motor Current: 396.0
[2026-02-17 11:14:54,727] INFO: Time: 2.9465904500000306; Command Current: 400; Motor Current: 395.0
[2026-02-17 11:14:54,728] INFO: Time: 2.947656570999925; Command Current: 400; Motor Current: 397.0
[2026-02-17 11:14:54,730] INFO: Time: 2.948717821999935; Command Current: 400; Motor Current: 397.0
[2026-02-17 11:14:54,731] INFO: Time: 2.94977725800004; Command Current: 400; Motor Current: 398.0
[2026-02-17 11:14:54,732] INFO: Time: 2.9508366939999178; Command Current: 400; Motor Current: 397.0
[2026-02-17 11:14:54,733] INFO: Time: 2.9518955369999276; Command Current: 400; Motor Current: 397.0
[2026-02-17 11:14:54,734] INFO: Time: 2.9529541949998475; Command Current: 400; Motor Current: 398.0
[2026-02-17 11:14:54,735] INFO: Time: 2.9540137419999155; Command Current: 400; Motor Current: 398.0
[2026-02-17 11:14:54,736] INFO: Time: 2.955074862999936; Command Current: 400; Motor Current: 398.0
[2026-02-17 11:14:54,737] INFO: Time: 2.956134187999851; Command Current: 400; Motor Current: 397.0
[2026-02-17 11:14:54,738] INFO: Time: 2.957215308999821; Command Current: 400; Motor Current: 399.0
[2026-02-17 11:14:54,739] INFO: Time: 2.9582745420000265; Command Current: 400; Motor Current: 398.0
[2026-02-17 11:14:54,740] INFO: Time: 2.9593337179999253; Command Current: 400; Motor Current: 399.0
[2026-02-17 11:14:54,741] INFO: Time: 2.96039424699984; Command Current: 400; Motor Current: 400.0
[2026-02-17 11:14:54,742] INFO: Time: 2.9614566089999244; Command Current: 400; Motor Current: 399.0
[2026-02-17 11:14:54,743] INFO: Time: 2.962514304000024; Command Current: 400; Motor Current: 399.0
[2026-02-17 11:14:54,744] INFO: Time: 2.9635730359998433; Command Current: 400; Motor Current: 399.0
[2026-02-17 11:14:54,745] INFO: Time: 2.9646317309998267; Command Current: 400; Motor Current: 399.0
[2026-02-17 11:14:54,747] INFO: Time: 2.965691482000011; Command Current: 400; Motor Current: 399.0
[2026-02-17 11:14:54,748] INFO: Time: 2.9667530849999366; Command Current: 400; Motor Current: 398.0
[2026-02-17 11:14:54,749] INFO: Time: 2.967813576000026; Command Current: 400; Motor Current: 399.0
[2026-02-17 11:14:54,750] INFO: Time: 2.9688725119999617; Command Current: 400; Motor Current: 399.0
[2026-02-17 11:14:54,751] INFO: Time: 2.9699317439999504; Command Current: 400; Motor Current: 400.0
[2026-02-17 11:14:54,752] INFO: Time: 2.9709909769999285; Command Current: 400; Motor Current: 398.0
[2026-02-17 11:14:54,753] INFO: Time: 2.9720503389999067; Command Current: 400; Motor Current: 399.0
[2026-02-17 11:14:54,754] INFO: Time: 2.9731125710000015; Command Current: 400; Motor Current: 400.0
[2026-02-17 11:14:54,755] INFO: Time: 2.9741716359999373; Command Current: 400; Motor Current: 400.0
[2026-02-17 11:14:54,756] INFO: Time: 2.975230756999963; Command Current: 400; Motor Current: 397.0
[2026-02-17 11:14:54,757] INFO: Time: 2.9762897859998247; Command Current: 400; Motor Current: 399.0
[2026-02-17 11:14:54,758] INFO: Time: 2.9773486289998345; Command Current: 400; Motor Current: 399.0
[2026-02-17 11:14:54,759] INFO: Time: 2.978408009999839; Command Current: 400; Motor Current: 398.0
[2026-02-17 11:14:54,760] INFO: Time: 2.979469945999881; Command Current: 400; Motor Current: 399.0
[2026-02-17 11:14:54,761] INFO: Time: 2.980529418999822; Command Current: 400; Motor Current: 398.0
[2026-02-17 11:14:54,762] INFO: Time: 2.9815892249998797; Command Current: 400; Motor Current: 400.0
[2026-02-17 11:14:54,763] INFO: Time: 2.9826513829998476; Command Current: 400; Motor Current: 402.0
[2026-02-17 11:14:54,765] INFO: Time: 2.9837110969999685; Command Current: 400; Motor Current: 400.0
[2026-02-17 11:14:54,766] INFO: Time: 2.9847718290000103; Command Current: 400; Motor Current: 401.0
[2026-02-17 11:14:54,767] INFO: Time: 2.9858308949999355; Command Current: 400; Motor Current: 402.0
[2026-02-17 11:14:54,768] INFO: Time: 2.986904441999968; Command Current: 400; Motor Current: 401.0
[2026-02-17 11:14:54,769] INFO: Time: 2.987965506999899; Command Current: 400; Motor Current: 400.0
[2026-02-17 11:14:54,770] INFO: Time: 2.9890262950000306; Command Current: 400; Motor Current: 398.0
[2026-02-17 11:14:54,771] INFO: Time: 2.9900873239998873; Command Current: 400; Motor Current: 398.0
[2026-02-17 11:14:54,772] INFO: Time: 2.9911487599999873; Command Current: 400; Motor Current: 399.0
[2026-02-17 11:14:54,773] INFO: Time: 2.9922085659998174; Command Current: 400; Motor Current: 399.0
[2026-02-17 11:14:54,774] INFO: Time: 2.9932677980000335; Command Current: 400; Motor Current: 397.0
[2026-02-17 11:14:54,775] INFO: Time: 2.994326918999832; Command Current: 400; Motor Current: 398.0
[2026-02-17 11:14:54,776] INFO: Time: 2.9953863179998734; Command Current: 400; Motor Current: 397.0
[2026-02-17 11:14:54,777] INFO: Time: 2.996444605999841; Command Current: 400; Motor Current: 396.0
[2026-02-17 11:14:54,778] INFO: Time: 2.997518671999842; Command Current: 400; Motor Current: 397.0
[2026-02-17 11:14:54,779] INFO: Time: 2.99857821899991; Command Current: 400; Motor Current: 396.0
[2026-02-17 11:14:54,780] INFO: Time: 2.99965032099999; Command Current: 400; Motor Current: 398.0
[2026-02-17 11:14:54,782] INFO: Time: 3.0007104059998255; Command Current: 400; Motor Current: 396.0
[2026-02-17 11:14:54,783] INFO: Time: 3.001770489999899; Command Current: 400; Motor Current: 395.0
[2026-02-17 11:14:54,784] INFO: Time: 3.0028290000000197; Command Current: 400; Motor Current: 398.0
[2026-02-17 11:14:54,785] INFO: Time: 3.003890305999903; Command Current: 400; Motor Current: 398.0
[2026-02-17 11:14:54,786] INFO: Time: 3.004950778999955; Command Current: 400; Motor Current: 397.0
[2026-02-17 11:14:54,787] INFO: Time: 3.0060108630000286; Command Current: 400; Motor Current: 399.0
[2026-02-17 11:14:54,788] INFO: Time: 3.0070712990000175; Command Current: 400; Motor Current: 399.0
[2026-02-17 11:14:54,789] INFO: Time: 3.00813158699998; Command Current: 400; Motor Current: 398.0
[2026-02-17 11:14:54,790] INFO: Time: 3.0091915409998364; Command Current: 400; Motor Current: 400.0
[2026-02-17 11:14:54,791] INFO: Time: 3.0102510699998675; Command Current: 400; Motor Current: 399.0
[2026-02-17 11:14:54,792] INFO: Time: 3.0113103209998826; Command Current: 400; Motor Current: 400.0
[2026-02-17 11:14:54,793] INFO: Time: 3.0123693309999453; Command Current: 400; Motor Current: 399.0
[2026-02-17 11:14:54,794] INFO: Time: 3.0134277289998863; Command Current: 400; Motor Current: 399.0
[2026-02-17 11:14:54,795] INFO: Time: 3.014489535999928; Command Current: 400; Motor Current: 399.0
[2026-02-17 11:14:54,796] INFO: Time: 3.0155485269999645; Command Current: 400; Motor Current: 398.0
[2026-02-17 11:14:54,797] INFO: Time: 3.016607444999863; Command Current: 400; Motor Current: 399.0
[2026-02-17 11:14:54,798] INFO: Time: 3.0176669180000317; Command Current: 400; Motor Current: 399.0
[2026-02-17 11:14:54,800] INFO: Time: 3.0187270569999782; Command Current: 400; Motor Current: 399.0
[2026-02-17 11:14:54,801] INFO: Time: 3.019783807999829; Command Current: 400; Motor Current: 399.0
[2026-02-17 11:14:54,802] INFO: Time: 3.0208428369999183; Command Current: 400; Motor Current: 399.0
[2026-02-17 11:14:54,803] INFO: Time: 3.021901790999891; Command Current: 400; Motor Current: 399.0
[2026-02-17 11:14:54,804] INFO: Time: 3.0229608380000172; Command Current: 400; Motor Current: 399.0
[2026-02-17 11:14:54,805] INFO: Time: 3.024023699999816; Command Current: 400; Motor Current: 398.0
[2026-02-17 11:14:54,806] INFO: Time: 3.025086857999895; Command Current: 400; Motor Current: 398.0
[2026-02-17 11:14:54,807] INFO: Time: 3.026148275999958; Command Current: 400; Motor Current: 401.0
[2026-02-17 11:14:54,808] INFO: Time: 3.027209859999857; Command Current: 400; Motor Current: 400.0
[2026-02-17 11:14:54,809] INFO: Time: 3.028268202999925; Command Current: 400; Motor Current: 398.0
[2026-02-17 11:14:54,810] INFO: Time: 3.029325971999924; Command Current: 400; Motor Current: 401.0
[2026-02-17 11:14:54,811] INFO: Time: 3.0303872229999342; Command Current: 400; Motor Current: 401.0
[2026-02-17 11:14:54,812] INFO: Time: 3.031448176999902; Command Current: 400; Motor Current: 399.0
[2026-02-17 11:14:54,813] INFO: Time: 3.0325229840000247; Command Current: 400; Motor Current: 400.0
[2026-02-17 11:14:54,814] INFO: Time: 3.0336003639999944; Command Current: 400; Motor Current: 399.0
[2026-02-17 11:14:54,815] INFO: Time: 3.0346592629998668; Command Current: 400; Motor Current: 401.0
[2026-02-17 11:14:54,817] INFO: Time: 3.0357191809998767; Command Current: 400; Motor Current: 399.0
[2026-02-17 11:14:54,818] INFO: Time: 3.036779653999929; Command Current: 400; Motor Current: 397.0
[2026-02-17 11:14:54,819] INFO: Time: 3.03783925599987; Command Current: 400; Motor Current: 399.0
[2026-02-17 11:14:54,820] INFO: Time: 3.038898358999859; Command Current: 400; Motor Current: 398.0
[2026-02-17 11:14:54,821] INFO: Time: 3.039957295000022; Command Current: 400; Motor Current: 398.0
[2026-02-17 11:14:54,822] INFO: Time: 3.041016156999831; Command Current: 400; Motor Current: 397.0
[2026-02-17 11:14:54,823] INFO: Time: 3.042075907000026; Command Current: 400; Motor Current: 398.0
[2026-02-17 11:14:54,824] INFO: Time: 3.0431358429998454; Command Current: 400; Motor Current: 395.0
[2026-02-17 11:14:54,825] INFO: Time: 3.044194798000035; Command Current: 400; Motor Current: 397.0
[2026-02-17 11:14:54,826] INFO: Time: 3.045253733999971; Command Current: 400; Motor Current: 396.0
[2026-02-17 11:14:54,827] INFO: Time: 3.046312984999986; Command Current: 400; Motor Current: 394.0
[2026-02-17 11:14:54,828] INFO: Time: 3.047373197999832; Command Current: 400; Motor Current: 397.0
[2026-02-17 11:14:54,829] INFO: Time: 3.0484335789999477; Command Current: 400; Motor Current: 398.0
[2026-02-17 11:14:54,830] INFO: Time: 3.0495212739999715; Command Current: 400; Motor Current: 397.0
[2026-02-17 11:14:54,831] INFO: Time: 3.050581116999865; Command Current: 400; Motor Current: 397.0
[2026-02-17 11:14:54,832] INFO: Time: 3.0516534979999506; Command Current: 400; Motor Current: 397.0
[2026-02-17 11:14:54,834] INFO: Time: 3.052713507999897; Command Current: 400; Motor Current: 398.0
[2026-02-17 11:14:54,835] INFO: Time: 3.053774980999833; Command Current: 400; Motor Current: 398.0
[2026-02-17 11:14:54,836] INFO: Time: 3.05483389799997; Command Current: 400; Motor Current: 398.0
[2026-02-17 11:14:54,837] INFO: Time: 3.0558929449998686; Command Current: 400; Motor Current: 399.0
[2026-02-17 11:14:54,838] INFO: Time: 3.0569522329999472; Command Current: 400; Motor Current: 399.0
[2026-02-17 11:14:54,839] INFO: Time: 3.058011150999846; Command Current: 400; Motor Current: 398.0
[2026-02-17 11:14:54,840] INFO: Time: 3.0590709569999035; Command Current: 400; Motor Current: 399.0
[2026-02-17 11:14:54,841] INFO: Time: 3.0601325969998925; Command Current: 400; Motor Current: 398.0
[2026-02-17 11:14:54,842] INFO: Time: 3.061191735999955; Command Current: 400; Motor Current: 398.0
[2026-02-17 11:14:54,843] INFO: Time: 3.062250893999817; Command Current: 400; Motor Current: 399.0
[2026-02-17 11:14:54,844] INFO: Time: 3.0633100529998956; Command Current: 400; Motor Current: 398.0
[2026-02-17 11:14:54,845] INFO: Time: 3.064368469999863; Command Current: 400; Motor Current: 398.0
[2026-02-17 11:14:54,846] INFO: Time: 3.065427795000005; Command Current: 400; Motor Current: 397.0
[2026-02-17 11:14:54,847] INFO: Time: 3.066488748999973; Command Current: 400; Motor Current: 399.0
[2026-02-17 11:14:54,848] INFO: Time: 3.067547943999898; Command Current: 400; Motor Current: 399.0
[2026-02-17 11:14:54,849] INFO: Time: 3.0686066030000347; Command Current: 400; Motor Current: 397.0
[2026-02-17 11:14:54,850] INFO: Time: 3.0696652609999546; Command Current: 400; Motor Current: 399.0
[2026-02-17 11:14:54,852] INFO: Time: 3.070725381999864; Command Current: 400; Motor Current: 399.0
[2026-02-17 11:14:54,853] INFO: Time: 3.071786539999948; Command Current: 400; Motor Current: 400.0
[2026-02-17 11:14:54,854] INFO: Time: 3.0728459199999634; Command Current: 400; Motor Current: 400.0
[2026-02-17 11:14:54,855] INFO: Time: 3.073905300999968; Command Current: 400; Motor Current: 399.0
[2026-02-17 11:14:54,856] INFO: Time: 3.07496457000002; Command Current: 400; Motor Current: 399.0
[2026-02-17 11:14:54,857] INFO: Time: 3.0760235799998554; Command Current: 400; Motor Current: 399.0
[2026-02-17 11:14:54,858] INFO: Time: 3.077083645999892; Command Current: 400; Motor Current: 399.0
[2026-02-17 11:14:54,859] INFO: Time: 3.078144914999939; Command Current: 400; Motor Current: 400.0
[2026-02-17 11:14:54,860] INFO: Time: 3.0792042579998906; Command Current: 400; Motor Current: 400.0
[2026-02-17 11:14:54,861] INFO: Time: 3.0802632869999798; Command Current: 400; Motor Current: 400.0
[2026-02-17 11:14:54,862] INFO: Time: 3.081322074999889; Command Current: 400; Motor Current: 401.0
[2026-02-17 11:14:54,863] INFO: Time: 3.082381028999862; Command Current: 400; Motor Current: 399.0
[2026-02-17 11:14:54,864] INFO: Time: 3.0834420950000094; Command Current: 400; Motor Current: 398.0
[2026-02-17 11:14:54,865] INFO: Time: 3.084521678999863; Command Current: 400; Motor Current: 400.0
[2026-02-17 11:14:54,867] INFO: Time: 3.0855809849999787; Command Current: 400; Motor Current: 400.0
[2026-02-17 11:14:54,868] INFO: Time: 3.0866691070000343; Command Current: 400; Motor Current: 398.0
[2026-02-17 11:14:54,869] INFO: Time: 3.0877310050000233; Command Current: 400; Motor Current: 398.0
[2026-02-17 11:14:54,870] INFO: Time: 3.0887928489999013; Command Current: 400; Motor Current: 398.0
[2026-02-17 11:14:54,871] INFO: Time: 3.089854026000012; Command Current: 400; Motor Current: 397.0
[2026-02-17 11:14:54,872] INFO: Time: 3.0909144800000377; Command Current: 400; Motor Current: 398.0
[2026-02-17 11:14:54,873] INFO: Time: 3.091974396999831; Command Current: 400; Motor Current: 397.0
[2026-02-17 11:14:54,874] INFO: Time: 3.0930341849998513; Command Current: 400; Motor Current: 396.0
[2026-02-17 11:14:54,875] INFO: Time: 3.094093676999819; Command Current: 400; Motor Current: 396.0
[2026-02-17 11:14:54,876] INFO: Time: 3.0951540759999716; Command Current: 400; Motor Current: 396.0
[2026-02-17 11:14:54,877] INFO: Time: 3.096214788999987; Command Current: 400; Motor Current: 397.0
[2026-02-17 11:14:54,878] INFO: Time: 3.0972743359998276; Command Current: 400; Motor Current: 398.0
[2026-02-17 11:14:54,879] INFO: Time: 3.0983337719999327; Command Current: 400; Motor Current: 398.0
[2026-02-17 11:14:54,880] INFO: Time: 3.0993928929999583; Command Current: 400; Motor Current: 398.0
[2026-02-17 11:14:54,881] INFO: Time: 3.1004514589999417; Command Current: 400; Motor Current: 399.0
[2026-02-17 11:14:54,882] INFO: Time: 3.1015184129998943; Command Current: 400; Motor Current: 396.0
[2026-02-17 11:14:54,883] INFO: Time: 3.1025844789999155; Command Current: 400; Motor Current: 396.0
[2026-02-17 11:14:54,885] INFO: Time: 3.1036618230000386; Command Current: 400; Motor Current: 396.0
[2026-02-17 11:14:54,886] INFO: Time: 3.10472257299989; Command Current: 400; Motor Current: 397.0
[2026-02-17 11:14:54,887] INFO: Time: 3.1057825279999633; Command Current: 400; Motor Current: 398.0
[2026-02-17 11:14:54,888] INFO: Time: 3.106842648999873; Command Current: 400; Motor Current: 396.0
[2026-02-17 11:14:54,889] INFO: Time: 3.107903178000015; Command Current: 400; Motor Current: 396.0
[2026-02-17 11:14:54,890] INFO: Time: 3.108962353999914; Command Current: 400; Motor Current: 398.0
[2026-02-17 11:14:54,891] INFO: Time: 3.1100222899999608; Command Current: 400; Motor Current: 399.0
[2026-02-17 11:14:54,892] INFO: Time: 3.1110813369998596; Command Current: 400; Motor Current: 401.0
[2026-02-17 11:14:54,893] INFO: Time: 3.1121402359999593; Command Current: 400; Motor Current: 400.0
[2026-02-17 11:14:54,894] INFO: Time: 3.1131996909998634; Command Current: 400; Motor Current: 400.0
[2026-02-17 11:14:54,895] INFO: Time: 3.114259311999831; Command Current: 400; Motor Current: 400.0
[2026-02-17 11:14:54,896] INFO: Time: 3.11531828499983; Command Current: 400; Motor Current: 398.0
[2026-02-17 11:14:54,897] INFO: Time: 3.116377145999877; Command Current: 400; Motor Current: 400.0
[2026-02-17 11:14:54,898] INFO: Time: 3.117436507999855; Command Current: 400; Motor Current: 400.0
[2026-02-17 11:14:54,899] INFO: Time: 3.1184974809998494; Command Current: 400; Motor Current: 400.0
[2026-02-17 11:14:54,900] INFO: Time: 3.119560879999881; Command Current: 400; Motor Current: 401.0
[2026-02-17 11:14:54,901] INFO: Time: 3.1206313719999343; Command Current: 400; Motor Current: 400.0
[2026-02-17 11:14:54,903] INFO: Time: 3.1216909559998385; Command Current: 400; Motor Current: 400.0
[2026-02-17 11:14:54,904] INFO: Time: 3.1227498179998747; Command Current: 400; Motor Current: 402.0
[2026-02-17 11:14:54,905] INFO: Time: 3.123808901999837; Command Current: 400; Motor Current: 402.0
[2026-02-17 11:14:54,906] INFO: Time: 3.124868837999884; Command Current: 400; Motor Current: 401.0
[2026-02-17 11:14:54,907] INFO: Time: 3.125929828999915; Command Current: 400; Motor Current: 401.0
[2026-02-17 11:14:54,908] INFO: Time: 3.1269880239999566; Command Current: 400; Motor Current: 400.0
[2026-02-17 11:14:54,909] INFO: Time: 3.128046996999956; Command Current: 400; Motor Current: 401.0
[2026-02-17 11:14:54,910] INFO: Time: 3.129105969999955; Command Current: 400; Motor Current: 401.0
[2026-02-17 11:14:54,911] INFO: Time: 3.130164776999891; Command Current: 400; Motor Current: 398.0
[2026-02-17 11:14:54,912] INFO: Time: 3.131223953000017; Command Current: 400; Motor Current: 398.0
[2026-02-17 11:14:54,913] INFO: Time: 3.132284314999879; Command Current: 400; Motor Current: 399.0
[2026-02-17 11:14:54,914] INFO: Time: 3.133343676999857; Command Current: 400; Motor Current: 399.0
[2026-02-17 11:14:54,915] INFO: Time: 3.1344006319998243; Command Current: 400; Motor Current: 399.0
[2026-02-17 11:14:54,916] INFO: Time: 3.1354613449998396; Command Current: 400; Motor Current: 399.0
[2026-02-17 11:14:54,917] INFO: Time: 3.1365236519998234; Command Current: 400; Motor Current: 399.0
[2026-02-17 11:14:54,918] INFO: Time: 3.137585253999987; Command Current: 400; Motor Current: 399.0
[2026-02-17 11:14:54,919] INFO: Time: 3.1386448009998276; Command Current: 400; Motor Current: 400.0
[2026-02-17 11:14:54,921] INFO: Time: 3.1397015889999693; Command Current: 400; Motor Current: 398.0
[2026-02-17 11:14:54,922] INFO: Time: 3.140760413999942; Command Current: 400; Motor Current: 398.0
[2026-02-17 11:14:54,923] INFO: Time: 3.1418203309999626; Command Current: 400; Motor Current: 397.0
[2026-02-17 11:14:54,924] INFO: Time: 3.1428824889999305; Command Current: 400; Motor Current: 397.0
[2026-02-17 11:14:54,925] INFO: Time: 3.143941758999972; Command Current: 400; Motor Current: 397.0
[2026-02-17 11:14:54,926] INFO: Time: 3.1450235099998736; Command Current: 400; Motor Current: 398.0
[2026-02-17 11:14:54,927] INFO: Time: 3.1460830009998517; Command Current: 400; Motor Current: 397.0
[2026-02-17 11:14:54,928] INFO: Time: 3.14714234500002; Command Current: 400; Motor Current: 398.0
[2026-02-17 11:14:54,929] INFO: Time: 3.1482024659999297; Command Current: 400; Motor Current: 396.0
[2026-02-17 11:14:54,930] INFO: Time: 3.1492647529998976; Command Current: 400; Motor Current: 397.0
[2026-02-17 11:14:54,931] INFO: Time: 3.150324244999865; Command Current: 400; Motor Current: 398.0
[2026-02-17 11:14:54,932] INFO: Time: 3.1513826249999966; Command Current: 400; Motor Current: 398.0
[2026-02-17 11:14:54,933] INFO: Time: 3.1524430429999484; Command Current: 400; Motor Current: 396.0
[2026-02-17 11:14:54,934] INFO: Time: 3.1535037379999267; Command Current: 400; Motor Current: 396.0
[2026-02-17 11:14:54,935] INFO: Time: 3.15456376599991; Command Current: 400; Motor Current: 398.0
[2026-02-17 11:14:54,936] INFO: Time: 3.1556241099999625; Command Current: 400; Motor Current: 400.0
[2026-02-17 11:14:54,937] INFO: Time: 3.156683452999914; Command Current: 400; Motor Current: 399.0
[2026-02-17 11:14:54,939] INFO: Time: 3.1577427219999663; Command Current: 400; Motor Current: 398.0
[2026-02-17 11:14:54,940] INFO: Time: 3.1588013440000395; Command Current: 400; Motor Current: 400.0
[2026-02-17 11:14:54,941] INFO: Time: 3.1598607609998908; Command Current: 400; Motor Current: 400.0
[2026-02-17 11:14:54,942] INFO: Time: 3.160921455999869; Command Current: 400; Motor Current: 399.0
[2026-02-17 11:14:54,943] INFO: Time: 3.1619806879998578; Command Current: 400; Motor Current: 401.0
[2026-02-17 11:14:54,944] INFO: Time: 3.163039902000037; Command Current: 400; Motor Current: 400.0
[2026-02-17 11:14:54,945] INFO: Time: 3.1640985419999197; Command Current: 400; Motor Current: 400.0
[2026-02-17 11:14:54,946] INFO: Time: 3.1651608849999775; Command Current: 400; Motor Current: 400.0
[2026-02-17 11:14:54,947] INFO: Time: 3.1662222649999876; Command Current: 400; Motor Current: 400.0
[2026-02-17 11:14:54,948] INFO: Time: 3.167286089999834; Command Current: 400; Motor Current: 399.0
[2026-02-17 11:14:54,949] INFO: Time: 3.168348192999929; Command Current: 400; Motor Current: 399.0
[2026-02-17 11:14:54,950] INFO: Time: 3.1694097590000183; Command Current: 400; Motor Current: 399.0
[2026-02-17 11:14:54,951] INFO: Time: 3.170469323999896; Command Current: 400; Motor Current: 400.0
[2026-02-17 11:14:54,952] INFO: Time: 3.1715291299999535; Command Current: 400; Motor Current: 399.0
[2026-02-17 11:14:54,953] INFO: Time: 3.1725900659998842; Command Current: 400; Motor Current: 400.0
[2026-02-17 11:14:54,954] INFO: Time: 3.1736602060000223; Command Current: 400; Motor Current: 400.0
[2026-02-17 11:14:54,956] INFO: Time: 3.1747259009998743; Command Current: 400; Motor Current: 399.0
[2026-02-17 11:14:54,957] INFO: Time: 3.1757869479999954; Command Current: 400; Motor Current: 400.0
[2026-02-17 11:14:54,958] INFO: Time: 3.176847643999963; Command Current: 400; Motor Current: 399.0
[2026-02-17 11:14:54,959] INFO: Time: 3.1779086540000208; Command Current: 400; Motor Current: 400.0
[2026-02-17 11:14:54,960] INFO: Time: 3.178973756000005; Command Current: 400; Motor Current: 400.0
[2026-02-17 11:14:54,961] INFO: Time: 3.1800305809999827; Command Current: 400; Motor Current: 398.0
[2026-02-17 11:14:54,962] INFO: Time: 3.1810904989999926; Command Current: 400; Motor Current: 398.0
[2026-02-17 11:14:54,963] INFO: Time: 3.182149915999844; Command Current: 400; Motor Current: 401.0
[2026-02-17 11:14:54,964] INFO: Time: 3.183209184999896; Command Current: 400; Motor Current: 399.0
[2026-02-17 11:14:54,965] INFO: Time: 3.1842693799999324; Command Current: 400; Motor Current: 397.0
[2026-02-17 11:14:54,966] INFO: Time: 3.185344408999981; Command Current: 400; Motor Current: 400.0
[2026-02-17 11:14:54,967] INFO: Time: 3.1864039929998853; Command Current: 400; Motor Current: 399.0
[2026-02-17 11:14:54,968] INFO: Time: 3.187463059000038; Command Current: 400; Motor Current: 399.0
[2026-02-17 11:14:54,969] INFO: Time: 3.1885249019999264; Command Current: 400; Motor Current: 398.0
[2026-02-17 11:14:54,970] INFO: Time: 3.1895839310000156; Command Current: 400; Motor Current: 397.0
[2026-02-17 11:14:54,971] INFO: Time: 3.1906470149999677; Command Current: 400; Motor Current: 397.0
[2026-02-17 11:14:54,973] INFO: Time: 3.191709895000031; Command Current: 400; Motor Current: 396.0
[2026-02-17 11:14:54,974] INFO: Time: 3.19276886800003; Command Current: 400; Motor Current: 395.0
[2026-02-17 11:14:54,975] INFO: Time: 3.193825525999955; Command Current: 400; Motor Current: 396.0
[2026-02-17 11:14:54,976] INFO: Time: 3.1948836100000335; Command Current: 400; Motor Current: 394.0
[2026-02-17 11:14:54,977] INFO: Time: 3.1959427679998953; Command Current: 400; Motor Current: 394.0
[2026-02-17 11:14:54,978] INFO: Time: 3.197002981999958; Command Current: 400; Motor Current: 397.0
[2026-02-17 11:14:54,979] INFO: Time: 3.198063714; Command Current: 400; Motor Current: 394.0
[2026-02-17 11:14:54,980] INFO: Time: 3.1991237059999094; Command Current: 400; Motor Current: 396.0
[2026-02-17 11:14:54,981] INFO: Time: 3.200183382999967; Command Current: 400; Motor Current: 397.0
[2026-02-17 11:14:54,982] INFO: Time: 3.201242799999818; Command Current: 400; Motor Current: 398.0
[2026-02-17 11:14:54,983] INFO: Time: 3.202302013999997; Command Current: 400; Motor Current: 397.0
[2026-02-17 11:14:54,984] INFO: Time: 3.2033616349999647; Command Current: 400; Motor Current: 397.0
[2026-02-17 11:14:54,985] INFO: Time: 3.204422940999848; Command Current: 400; Motor Current: 399.0
[2026-02-17 11:14:54,986] INFO: Time: 3.2054843959999744; Command Current: 400; Motor Current: 399.0
[2026-02-17 11:14:54,987] INFO: Time: 3.206543553999836; Command Current: 400; Motor Current: 399.0
[2026-02-17 11:14:54,988] INFO: Time: 3.207602396999846; Command Current: 400; Motor Current: 399.0
[2026-02-17 11:14:54,989] INFO: Time: 3.208668536999994; Command Current: 400; Motor Current: 399.0
[2026-02-17 11:14:54,991] INFO: Time: 3.209728584000004; Command Current: 400; Motor Current: 399.0
[2026-02-17 11:14:54,992] INFO: Time: 3.210786834999908; Command Current: 400; Motor Current: 400.0
[2026-02-17 11:14:54,993] INFO: Time: 3.211845770999844; Command Current: 400; Motor Current: 399.0
[2026-02-17 11:14:54,994] INFO: Time: 3.2129045770000175; Command Current: 400; Motor Current: 398.0
[2026-02-17 11:14:54,995] INFO: Time: 3.213963382999964; Command Current: 400; Motor Current: 398.0
[2026-02-17 11:14:54,996] INFO: Time: 3.215022523000016; Command Current: 400; Motor Current: 399.0
[2026-02-17 11:14:54,997] INFO: Time: 3.2160835879999468; Command Current: 400; Motor Current: 400.0
[2026-02-17 11:14:54,998] INFO: Time: 3.217142820999925; Command Current: 400; Motor Current: 400.0
[2026-02-17 11:14:54,999] INFO: Time: 3.2182018309999876; Command Current: 400; Motor Current: 399.0
[2026-02-17 11:14:55,000] INFO: Time: 3.2192619329998706; Command Current: 400; Motor Current: 399.0
[2026-02-17 11:14:55,001] INFO: Time: 3.220321442999875; Command Current: 400; Motor Current: 401.0
[2026-02-17 11:14:55,002] INFO: Time: 3.2213814159999856; Command Current: 400; Motor Current: 400.0
[2026-02-17 11:14:55,003] INFO: Time: 3.2224417779998475; Command Current: 400; Motor Current: 401.0
[2026-02-17 11:14:55,004] INFO: Time: 3.2235204549999708; Command Current: 400; Motor Current: 400.0
[2026-02-17 11:14:55,005] INFO: Time: 3.2245802979998643; Command Current: 400; Motor Current: 400.0
[2026-02-17 11:14:55,006] INFO: Time: 3.225641178999922; Command Current: 400; Motor Current: 400.0
[2026-02-17 11:14:55,008] INFO: Time: 3.2266987999998946; Command Current: 400; Motor Current: 401.0
[2026-02-17 11:14:55,009] INFO: Time: 3.227759290999984; Command Current: 400; Motor Current: 401.0
[2026-02-17 11:14:55,010] INFO: Time: 3.228818763999925; Command Current: 400; Motor Current: 402.0
[2026-02-17 11:14:55,011] INFO: Time: 3.229877385000009; Command Current: 400; Motor Current: 400.0
[2026-02-17 11:14:55,012] INFO: Time: 3.2309362099999817; Command Current: 400; Motor Current: 399.0
[2026-02-17 11:14:55,013] INFO: Time: 3.231994997999891; Command Current: 400; Motor Current: 403.0
[2026-02-17 11:14:55,014] INFO: Time: 3.2330549710000014; Command Current: 400; Motor Current: 402.0
[2026-02-17 11:14:55,015] INFO: Time: 3.234116370000038; Command Current: 400; Motor Current: 400.0
[2026-02-17 11:14:55,016] INFO: Time: 3.2351758239999526; Command Current: 400; Motor Current: 400.0
[2026-02-17 11:14:55,017] INFO: Time: 3.236234889999878; Command Current: 400; Motor Current: 399.0
[2026-02-17 11:14:55,018] INFO: Time: 3.2372937889999776; Command Current: 400; Motor Current: 399.0
[2026-02-17 11:14:55,019] INFO: Time: 3.2383525579998604; Command Current: 400; Motor Current: 402.0
[2026-02-17 11:14:55,020] INFO: Time: 3.2394129939998493; Command Current: 400; Motor Current: 399.0
[2026-02-17 11:14:55,021] INFO: Time: 3.2404756339999494; Command Current: 400; Motor Current: 398.0
[2026-02-17 11:14:55,022] INFO: Time: 3.2415556070000093; Command Current: 400; Motor Current: 397.0
[2026-02-17 11:14:55,024] INFO: Time: 3.242756952000036; Command Current: 400; Motor Current: 398.0
[2026-02-17 11:14:55,025] INFO: Time: 3.243817720999914; Command Current: 400; Motor Current: 397.0
[2026-02-17 11:14:55,026] INFO: Time: 3.244879674999993; Command Current: 400; Motor Current: 398.0
[2026-02-17 11:14:55,027] INFO: Time: 3.245938408000029; Command Current: 400; Motor Current: 396.0
[2026-02-17 11:14:55,028] INFO: Time: 3.246997009999859; Command Current: 400; Motor Current: 397.0
[2026-02-17 11:14:55,029] INFO: Time: 3.2480559460000222; Command Current: 400; Motor Current: 397.0
[2026-02-17 11:14:55,030] INFO: Time: 3.249114992999921; Command Current: 400; Motor Current: 397.0
[2026-02-17 11:14:55,031] INFO: Time: 3.2501747989999785; Command Current: 400; Motor Current: 398.0
[2026-02-17 11:14:55,032] INFO: Time: 3.251235143000031; Command Current: 400; Motor Current: 398.0
[2026-02-17 11:14:55,033] INFO: Time: 3.2522947639999984; Command Current: 400; Motor Current: 396.0
[2026-02-17 11:14:55,034] INFO: Time: 3.2533538299999236; Command Current: 400; Motor Current: 398.0
[2026-02-17 11:14:55,035] INFO: Time: 3.2544104510000125; Command Current: 400; Motor Current: 399.0
[2026-02-17 11:14:55,036] INFO: Time: 3.2554698679998637; Command Current: 400; Motor Current: 399.0
[2026-02-17 11:14:55,037] INFO: Time: 3.2565353039999536; Command Current: 400; Motor Current: 400.0
[2026-02-17 11:14:55,038] INFO: Time: 3.2576121659999444; Command Current: 400; Motor Current: 398.0
[2026-02-17 11:14:55,039] INFO: Time: 3.258670768999991; Command Current: 400; Motor Current: 399.0
[2026-02-17 11:14:55,041] INFO: Time: 3.259729555999911; Command Current: 400; Motor Current: 399.0
[2026-02-17 11:14:55,042] INFO: Time: 3.2607886959999632; Command Current: 400; Motor Current: 399.0
[2026-02-17 11:14:55,043] INFO: Time: 3.261849113999915; Command Current: 400; Motor Current: 399.0
[2026-02-17 11:14:55,044] INFO: Time: 3.262910400999999; Command Current: 400; Motor Current: 398.0
[2026-02-17 11:14:55,045] INFO: Time: 3.263970133999919; Command Current: 400; Motor Current: 397.0
[2026-02-17 11:14:55,046] INFO: Time: 3.2650300319999133; Command Current: 400; Motor Current: 397.0
[2026-02-17 11:14:55,047] INFO: Time: 3.2660898019998967; Command Current: 400; Motor Current: 399.0
[2026-02-17 11:14:55,048] INFO: Time: 3.267149052999912; Command Current: 400; Motor Current: 399.0
[2026-02-17 11:14:55,049] INFO: Time: 3.2682095809998373; Command Current: 400; Motor Current: 399.0
[2026-02-17 11:14:55,050] INFO: Time: 3.2692699429999266; Command Current: 400; Motor Current: 399.0
[2026-02-17 11:14:55,051] INFO: Time: 3.2703371939999215; Command Current: 400; Motor Current: 398.0
[2026-02-17 11:14:55,052] INFO: Time: 3.2713989449998735; Command Current: 400; Motor Current: 398.0
[2026-02-17 11:14:55,053] INFO: Time: 3.2724594730000263; Command Current: 400; Motor Current: 398.0
[2026-02-17 11:14:55,054] INFO: Time: 3.273521315999915; Command Current: 400; Motor Current: 399.0
[2026-02-17 11:14:55,055] INFO: Time: 3.2745821409998825; Command Current: 400; Motor Current: 398.0
[2026-02-17 11:14:55,056] INFO: Time: 3.2756414660000246; Command Current: 400; Motor Current: 399.0
[2026-02-17 11:14:55,058] INFO: Time: 3.2767004019999604; Command Current: 400; Motor Current: 400.0
[2026-02-17 11:14:55,059] INFO: Time: 3.277759412000023; Command Current: 400; Motor Current: 399.0
[2026-02-17 11:14:55,060] INFO: Time: 3.278819459000033; Command Current: 400; Motor Current: 401.0
[2026-02-17 11:14:55,061] INFO: Time: 3.2798796360000324; Command Current: 400; Motor Current: 402.0
[2026-02-17 11:14:55,062] INFO: Time: 3.2809389419999206; Command Current: 400; Motor Current: 401.0
[2026-02-17 11:14:55,063] INFO: Time: 3.281998081999973; Command Current: 400; Motor Current: 400.0
[2026-02-17 11:14:55,064] INFO: Time: 3.2830570359999456; Command Current: 400; Motor Current: 402.0
[2026-02-17 11:14:55,065] INFO: Time: 3.2841160650000347; Command Current: 400; Motor Current: 400.0
[2026-02-17 11:14:55,066] INFO: Time: 3.285176074999981; Command Current: 400; Motor Current: 401.0
[2026-02-17 11:14:55,067] INFO: Time: 3.2862362700000176; Command Current: 400; Motor Current: 400.0
[2026-02-17 11:14:55,068] INFO: Time: 3.287295575999906; Command Current: 400; Motor Current: 400.0
[2026-02-17 11:14:55,069] INFO: Time: 3.288354437999942; Command Current: 400; Motor Current: 400.0
[2026-02-17 11:14:55,070] INFO: Time: 3.289412299999867; Command Current: 400; Motor Current: 398.0
[2026-02-17 11:14:55,071] INFO: Time: 3.290486772999884; Command Current: 400; Motor Current: 398.0
[2026-02-17 11:14:55,072] INFO: Time: 3.2915473020000263; Command Current: 400; Motor Current: 397.0
[2026-02-17 11:14:55,073] INFO: Time: 3.292606570999851; Command Current: 400; Motor Current: 396.0
[2026-02-17 11:14:55,074] INFO: Time: 3.2936656179999773; Command Current: 400; Motor Current: 397.0
[2026-02-17 11:14:55,076] INFO: Time: 3.2947246839999025; Command Current: 400; Motor Current: 397.0
[2026-02-17 11:14:55,077] INFO: Time: 3.2957834709998224; Command Current: 400; Motor Current: 396.0
[2026-02-17 11:14:55,078] INFO: Time: 3.2968431849999433; Command Current: 400; Motor Current: 398.0
[2026-02-17 11:14:55,079] INFO: Time: 3.297903288000043; Command Current: 400; Motor Current: 397.0
[2026-02-17 11:14:55,080] INFO: Time: 3.2989622610000424; Command Current: 400; Motor Current: 396.0
[2026-02-17 11:14:55,081] INFO: Time: 3.300021325999978; Command Current: 400; Motor Current: 398.0
[2026-02-17 11:14:55,082] INFO: Time: 3.301080261999914; Command Current: 400; Motor Current: 398.0
[2026-02-17 11:14:55,083] INFO: Time: 3.302139086999887; Command Current: 400; Motor Current: 397.0
[2026-02-17 11:14:55,084] INFO: Time: 3.3031987819999813; Command Current: 400; Motor Current: 396.0
[2026-02-17 11:14:55,085] INFO: Time: 3.3042589770000177; Command Current: 400; Motor Current: 397.0
[2026-02-17 11:14:55,086] INFO: Time: 3.30531806099998; Command Current: 400; Motor Current: 398.0
[2026-02-17 11:14:55,087] INFO: Time: 3.306377219999831; Command Current: 400; Motor Current: 399.0
[2026-02-17 11:14:55,088] INFO: Time: 3.307449396000038; Command Current: 400; Motor Current: 398.0
[2026-02-17 11:14:55,089] INFO: Time: 3.3085112029998527; Command Current: 400; Motor Current: 399.0
[2026-02-17 11:14:55,090] INFO: Time: 3.3095727309998892; Command Current: 400; Motor Current: 399.0
[2026-02-17 11:14:55,091] INFO: Time: 3.3106320379999943; Command Current: 400; Motor Current: 400.0
[2026-02-17 11:14:55,093] INFO: Time: 3.311690899000041; Command Current: 400; Motor Current: 400.0
[2026-02-17 11:14:55,094] INFO: Time: 3.3127497979999134; Command Current: 400; Motor Current: 399.0
[2026-02-17 11:14:55,095] INFO: Time: 3.3138331789998574; Command Current: 400; Motor Current: 399.0
[2026-02-17 11:14:55,096] INFO: Time: 3.314894873999947; Command Current: 400; Motor Current: 398.0
[2026-02-17 11:14:55,097] INFO: Time: 3.315954513999941; Command Current: 400; Motor Current: 398.0
[2026-02-17 11:14:55,098] INFO: Time: 3.3170139679998556; Command Current: 400; Motor Current: 399.0
[2026-02-17 11:14:55,099] INFO: Time: 3.318073237999897; Command Current: 400; Motor Current: 399.0
[2026-02-17 11:14:55,100] INFO: Time: 3.3191324140000233; Command Current: 400; Motor Current: 399.0
[2026-02-17 11:14:55,101] INFO: Time: 3.3201925910000227; Command Current: 400; Motor Current: 400.0
[2026-02-17 11:14:55,102] INFO: Time: 3.321255193999832; Command Current: 400; Motor Current: 400.0
[2026-02-17 11:14:55,103] INFO: Time: 3.322314980999863; Command Current: 400; Motor Current: 399.0
[2026-02-17 11:14:55,104] INFO: Time: 3.3233745469999576; Command Current: 400; Motor Current: 399.0
[2026-02-17 11:14:55,105] INFO: Time: 3.3244341119998353; Command Current: 400; Motor Current: 399.0
[2026-02-17 11:14:55,106] INFO: Time: 3.3254945849998876; Command Current: 400; Motor Current: 400.0
[2026-02-17 11:14:55,107] INFO: Time: 3.3265540579998287; Command Current: 400; Motor Current: 399.0
[2026-02-17 11:14:55,108] INFO: Time: 3.327614030999939; Command Current: 400; Motor Current: 396.0
[2026-02-17 11:14:55,109] INFO: Time: 3.328672726999912; Command Current: 400; Motor Current: 399.0
[2026-02-17 11:14:55,111] INFO: Time: 3.3297318659999746; Command Current: 400; Motor Current: 400.0
[2026-02-17 11:14:55,112] INFO: Time: 3.330790653999884; Command Current: 400; Motor Current: 398.0
[2026-02-17 11:14:55,113] INFO: Time: 3.3318506639998304; Command Current: 400; Motor Current: 400.0
[2026-02-17 11:14:55,114] INFO: Time: 3.3329212109999844; Command Current: 400; Motor Current: 400.0
[2026-02-17 11:14:55,115] INFO: Time: 3.333985739999889; Command Current: 400; Motor Current: 399.0
[2026-02-17 11:14:55,116] INFO: Time: 3.3350465089999943; Command Current: 400; Motor Current: 400.0
[2026-02-17 11:14:55,117] INFO: Time: 3.3361063889999514; Command Current: 400; Motor Current: 398.0
[2026-02-17 11:14:55,118] INFO: Time: 3.337166176999972; Command Current: 400; Motor Current: 399.0
[2026-02-17 11:14:55,119] INFO: Time: 3.3382261869999184; Command Current: 400; Motor Current: 399.0
[2026-02-17 11:14:55,120] INFO: Time: 3.3392873269999654; Command Current: 400; Motor Current: 398.0
[2026-02-17 11:14:55,121] INFO: Time: 3.3403465960000176; Command Current: 400; Motor Current: 397.0
[2026-02-17 11:14:55,122] INFO: Time: 3.341405162000001; Command Current: 400; Motor Current: 398.0
[2026-02-17 11:14:55,123] INFO: Time: 3.3424629869998626; Command Current: 400; Motor Current: 398.0
[2026-02-17 11:14:55,124] INFO: Time: 3.343528848999995; Command Current: 400; Motor Current: 398.0
[2026-02-17 11:14:55,125] INFO: Time: 3.3445887660000153; Command Current: 400; Motor Current: 397.0
[2026-02-17 11:14:55,126] INFO: Time: 3.3456489609998243; Command Current: 400; Motor Current: 397.0
[2026-02-17 11:14:55,128] INFO: Time: 3.3467076009999346; Command Current: 400; Motor Current: 399.0
[2026-02-17 11:14:55,129] INFO: Time: 3.3477663149999444; Command Current: 400; Motor Current: 399.0
[2026-02-17 11:14:55,130] INFO: Time: 3.3488254730000335; Command Current: 400; Motor Current: 400.0
[2026-02-17 11:14:55,131] INFO: Time: 3.3498859090000224; Command Current: 400; Motor Current: 399.0
[2026-02-17 11:14:55,132] INFO: Time: 3.350947159000043; Command Current: 400; Motor Current: 400.0
[2026-02-17 11:14:55,133] INFO: Time: 3.352006631999984; Command Current: 400; Motor Current: 399.0
[2026-02-17 11:14:55,134] INFO: Time: 3.353085290999843; Command Current: 400; Motor Current: 399.0
[2026-02-17 11:14:55,135] INFO: Time: 3.354150263999827; Command Current: 400; Motor Current: 401.0
[2026-02-17 11:14:55,136] INFO: Time: 3.355213310999943; Command Current: 400; Motor Current: 400.0
[2026-02-17 11:14:55,137] INFO: Time: 3.356274246999874; Command Current: 400; Motor Current: 399.0
[2026-02-17 11:14:55,138] INFO: Time: 3.3573359419999633; Command Current: 400; Motor Current: 400.0
[2026-02-17 11:14:55,139] INFO: Time: 3.358395748000021; Command Current: 400; Motor Current: 398.0
[2026-02-17 11:14:55,140] INFO: Time: 3.359454203000041; Command Current: 400; Motor Current: 400.0
[2026-02-17 11:14:55,141] INFO: Time: 3.3605309170000055; Command Current: 400; Motor Current: 399.0
[2026-02-17 11:14:55,142] INFO: Time: 3.361592370999915; Command Current: 400; Motor Current: 398.0
[2026-02-17 11:14:55,143] INFO: Time: 3.362652862999994; Command Current: 400; Motor Current: 399.0
[2026-02-17 11:14:55,145] INFO: Time: 3.3637119279999297; Command Current: 400; Motor Current: 399.0
[2026-02-17 11:14:55,146] INFO: Time: 3.36477038299995; Command Current: 400; Motor Current: 398.0
[2026-02-17 11:14:55,147] INFO: Time: 3.3658293559999493; Command Current: 400; Motor Current: 398.0
[2026-02-17 11:14:55,148] INFO: Time: 3.3668883839998216; Command Current: 400; Motor Current: 399.0
[2026-02-17 11:14:55,149] INFO: Time: 3.367948338999895; Command Current: 400; Motor Current: 399.0
[2026-02-17 11:14:55,150] INFO: Time: 3.3690087379998204; Command Current: 400; Motor Current: 399.0
[2026-02-17 11:14:55,151] INFO: Time: 3.370068450999952; Command Current: 400; Motor Current: 398.0
[2026-02-17 11:14:55,152] INFO: Time: 3.3711278869998296; Command Current: 400; Motor Current: 399.0
[2026-02-17 11:14:55,153] INFO: Time: 3.3721864899998764; Command Current: 400; Motor Current: 397.0
[2026-02-17 11:14:55,154] INFO: Time: 3.3732453519999126; Command Current: 400; Motor Current: 400.0
[2026-02-17 11:14:55,155] INFO: Time: 3.374305675999949; Command Current: 400; Motor Current: 399.0
[2026-02-17 11:14:55,156] INFO: Time: 3.3753657789998215; Command Current: 400; Motor Current: 399.0
[2026-02-17 11:14:55,157] INFO: Time: 3.376426140999911; Command Current: 400; Motor Current: 400.0
[2026-02-17 11:14:55,158] INFO: Time: 3.3774866510000265; Command Current: 400; Motor Current: 399.0
[2026-02-17 11:14:55,159] INFO: Time: 3.3785436419998405; Command Current: 400; Motor Current: 400.0
[2026-02-17 11:14:55,160] INFO: Time: 3.379603503999988; Command Current: 400; Motor Current: 400.0
[2026-02-17 11:14:55,161] INFO: Time: 3.3806769589998567; Command Current: 400; Motor Current: 400.0
[2026-02-17 11:14:55,163] INFO: Time: 3.381736116999946; Command Current: 400; Motor Current: 400.0
[2026-02-17 11:14:55,164] INFO: Time: 3.3827944229999503; Command Current: 400; Motor Current: 400.0
[2026-02-17 11:14:55,165] INFO: Time: 3.383853304000013; Command Current: 400; Motor Current: 400.0
[2026-02-17 11:14:55,166] INFO: Time: 3.3849122209999223; Command Current: 400; Motor Current: 400.0
[2026-02-17 11:14:55,167] INFO: Time: 3.3859721019998688; Command Current: 400; Motor Current: 398.0
[2026-02-17 11:14:55,168] INFO: Time: 3.3870324449999316; Command Current: 400; Motor Current: 398.0
[2026-02-17 11:14:55,169] INFO: Time: 3.3880920100000367; Command Current: 400; Motor Current: 398.0
[2026-02-17 11:14:55,170] INFO: Time: 3.3891513349999514; Command Current: 400; Motor Current: 398.0
[2026-02-17 11:14:55,171] INFO: Time: 3.3902105859999665; Command Current: 400; Motor Current: 398.0
[2026-02-17 11:14:55,172] INFO: Time: 3.391269928999918; Command Current: 400; Motor Current: 398.0
[2026-02-17 11:14:55,173] INFO: Time: 3.3923293469999862; Command Current: 400; Motor Current: 399.0
[2026-02-17 11:14:55,174] INFO: Time: 3.393389726999885; Command Current: 400; Motor Current: 398.0
[2026-02-17 11:14:55,175] INFO: Time: 3.3944466450000164; Command Current: 400; Motor Current: 398.0
[2026-02-17 11:14:55,176] INFO: Time: 3.3955073949998678; Command Current: 400; Motor Current: 398.0
[2026-02-17 11:14:55,177] INFO: Time: 3.39656647899983; Command Current: 400; Motor Current: 398.0
[2026-02-17 11:14:55,178] INFO: Time: 3.3976490640000065; Command Current: 400; Motor Current: 399.0
[2026-02-17 11:14:55,180] INFO: Time: 3.3987115549998634; Command Current: 400; Motor Current: 398.0
[2026-02-17 11:14:55,181] INFO: Time: 3.3997710839998945; Command Current: 400; Motor Current: 398.0
[2026-02-17 11:14:55,182] INFO: Time: 3.400830297999846; Command Current: 400; Motor Current: 397.0
[2026-02-17 11:14:55,183] INFO: Time: 3.4018897149999248; Command Current: 400; Motor Current: 399.0
[2026-02-17 11:14:55,184] INFO: Time: 3.402948594999998; Command Current: 400; Motor Current: 399.0
[2026-02-17 11:14:55,185] INFO: Time: 3.4040088089998335; Command Current: 400; Motor Current: 399.0
[2026-02-17 11:14:55,186] INFO: Time: 3.4050699669999176; Command Current: 400; Motor Current: 399.0
[2026-02-17 11:14:55,187] INFO: Time: 3.4061292179999327; Command Current: 400; Motor Current: 400.0
[2026-02-17 11:14:55,188] INFO: Time: 3.407187858000043; Command Current: 400; Motor Current: 400.0
[2026-02-17 11:14:55,189] INFO: Time: 3.4082467189998624; Command Current: 400; Motor Current: 399.0
[2026-02-17 11:14:55,190] INFO: Time: 3.409305432999872; Command Current: 400; Motor Current: 399.0
[2026-02-17 11:14:55,191] INFO: Time: 3.410365554000009; Command Current: 400; Motor Current: 398.0
[2026-02-17 11:14:55,192] INFO: Time: 3.4114272499998606; Command Current: 400; Motor Current: 398.0
[2026-02-17 11:14:55,193] INFO: Time: 3.4124880560000292; Command Current: 400; Motor Current: 399.0
[2026-02-17 11:14:55,194] INFO: Time: 3.413546917999838; Command Current: 400; Motor Current: 397.0
[2026-02-17 11:14:55,195] INFO: Time: 3.414606056999901; Command Current: 400; Motor Current: 398.0
[2026-02-17 11:14:55,196] INFO: Time: 3.415671029999885; Command Current: 400; Motor Current: 398.0
[2026-02-17 11:14:55,198] INFO: Time: 3.4167321149998315; Command Current: 400; Motor Current: 398.0
[2026-02-17 11:14:55,199] INFO: Time: 3.4177909759998784; Command Current: 400; Motor Current: 399.0
[2026-02-17 11:14:55,200] INFO: Time: 3.418849967999904; Command Current: 400; Motor Current: 397.0
[2026-02-17 11:14:55,201] INFO: Time: 3.4199091629998293; Command Current: 400; Motor Current: 399.0
[2026-02-17 11:14:55,202] INFO: Time: 3.4209679139999025; Command Current: 400; Motor Current: 398.0
[2026-02-17 11:14:55,203] INFO: Time: 3.4220273500000076; Command Current: 400; Motor Current: 399.0
[2026-02-17 11:14:55,204] INFO: Time: 3.4230890080000336; Command Current: 400; Motor Current: 400.0
[2026-02-17 11:14:55,205] INFO: Time: 3.4241485739999007; Command Current: 400; Motor Current: 399.0
[2026-02-17 11:14:55,206] INFO: Time: 3.4252077129999634; Command Current: 400; Motor Current: 400.0
[2026-02-17 11:14:55,207] INFO: Time: 3.4262671859999045; Command Current: 400; Motor Current: 402.0
[2026-02-17 11:14:55,208] INFO: Time: 3.4273262330000307; Command Current: 400; Motor Current: 401.0
[2026-02-17 11:14:55,209] INFO: Time: 3.4283867059998556; Command Current: 400; Motor Current: 399.0
[2026-02-17 11:14:55,210] INFO: Time: 3.429448011999966; Command Current: 400; Motor Current: 401.0
[2026-02-17 11:14:55,211] INFO: Time: 3.4305086889999075; Command Current: 400; Motor Current: 399.0
[2026-02-17 11:14:55,212] INFO: Time: 3.4315674209999543; Command Current: 400; Motor Current: 399.0
[2026-02-17 11:14:55,213] INFO: Time: 3.4326265429999694; Command Current: 400; Motor Current: 400.0
[2026-02-17 11:14:55,215] INFO: Time: 3.4337054420000186; Command Current: 400; Motor Current: 400.0
[2026-02-17 11:14:55,216] INFO: Time: 3.434912822999877; Command Current: 400; Motor Current: 401.0
[2026-02-17 11:14:55,217] INFO: Time: 3.4359759259998555; Command Current: 400; Motor Current: 400.0
[2026-02-17 11:14:55,218] INFO: Time: 3.4370379549998233; Command Current: 400; Motor Current: 398.0
[2026-02-17 11:14:55,219] INFO: Time: 3.4380986679998387; Command Current: 400; Motor Current: 398.0
[2026-02-17 11:14:55,220] INFO: Time: 3.439158844999838; Command Current: 400; Motor Current: 398.0
[2026-02-17 11:14:55,221] INFO: Time: 3.4402191509998374; Command Current: 400; Motor Current: 397.0
[2026-02-17 11:14:55,222] INFO: Time: 3.4412809579998793; Command Current: 400; Motor Current: 398.0
[2026-02-17 11:14:55,223] INFO: Time: 3.442339504999836; Command Current: 400; Motor Current: 398.0
[2026-02-17 11:14:55,224] INFO: Time: 3.4433979779998936; Command Current: 400; Motor Current: 397.0
[2026-02-17 11:14:55,225] INFO: Time: 3.4444564139998874; Command Current: 400; Motor Current: 397.0
[2026-02-17 11:14:55,226] INFO: Time: 3.445528738999883; Command Current: 400; Motor Current: 397.0
[2026-02-17 11:14:55,227] INFO: Time: 3.4465936929998406; Command Current: 400; Motor Current: 397.0
[2026-02-17 11:14:55,229] INFO: Time: 3.44765938799992; Command Current: 400; Motor Current: 396.0
[2026-02-17 11:14:55,230] INFO: Time: 3.4487217869998403; Command Current: 400; Motor Current: 395.0
[2026-02-17 11:14:55,231] INFO: Time: 3.449782574999972; Command Current: 400; Motor Current: 397.0
[2026-02-17 11:14:55,232] INFO: Time: 3.450841954999987; Command Current: 400; Motor Current: 397.0
[2026-02-17 11:14:55,233] INFO: Time: 3.4519011139998383; Command Current: 400; Motor Current: 397.0
[2026-02-17 11:14:55,234] INFO: Time: 3.452963974999875; Command Current: 400; Motor Current: 398.0
[2026-02-17 11:14:55,235] INFO: Time: 3.4540260229998694; Command Current: 400; Motor Current: 398.0
[2026-02-17 11:14:55,236] INFO: Time: 3.455085272999895; Command Current: 400; Motor Current: 399.0
[2026-02-17 11:14:55,237] INFO: Time: 3.4561427280000316; Command Current: 400; Motor Current: 400.0
[2026-02-17 11:14:55,238] INFO: Time: 3.457199848999835; Command Current: 400; Motor Current: 400.0
[2026-02-17 11:14:55,239] INFO: Time: 3.4582590439999876; Command Current: 400; Motor Current: 400.0
[2026-02-17 11:14:55,240] INFO: Time: 3.459318535999955; Command Current: 400; Motor Current: 401.0
[2026-02-17 11:14:55,241] INFO: Time: 3.460380100999828; Command Current: 400; Motor Current: 400.0
[2026-02-17 11:14:55,242] INFO: Time: 3.461439758999859; Command Current: 400; Motor Current: 400.0
[2026-02-17 11:14:55,243] INFO: Time: 3.462500231999911; Command Current: 400; Motor Current: 400.0
[2026-02-17 11:14:55,244] INFO: Time: 3.463559056999884; Command Current: 400; Motor Current: 400.0
[2026-02-17 11:14:55,245] INFO: Time: 3.464618992999931; Command Current: 400; Motor Current: 400.0
[2026-02-17 11:14:55,247] INFO: Time: 3.4656863359998624; Command Current: 400; Motor Current: 400.0
[2026-02-17 11:14:55,248] INFO: Time: 3.4667454210000415; Command Current: 400; Motor Current: 399.0
[2026-02-17 11:14:55,249] INFO: Time: 3.46780454199984; Command Current: 400; Motor Current: 399.0
[2026-02-17 11:14:55,250] INFO: Time: 3.4688637739998285; Command Current: 400; Motor Current: 399.0
[2026-02-17 11:14:55,251] INFO: Time: 3.4699226539999017; Command Current: 400; Motor Current: 398.0
[2026-02-17 11:14:55,252] INFO: Time: 3.4709823309999592; Command Current: 400; Motor Current: 398.0
[2026-02-17 11:14:55,253] INFO: Time: 3.47204206299989; Command Current: 400; Motor Current: 399.0
[2026-02-17 11:14:55,254] INFO: Time: 3.4731016289999843; Command Current: 400; Motor Current: 399.0
[2026-02-17 11:14:55,255] INFO: Time: 3.47416050899983; Command Current: 400; Motor Current: 399.0
[2026-02-17 11:14:55,256] INFO: Time: 3.475219296999967; Command Current: 400; Motor Current: 399.0
[2026-02-17 11:14:55,257] INFO: Time: 3.4762779919999502; Command Current: 400; Motor Current: 400.0
[2026-02-17 11:14:55,258] INFO: Time: 3.4773377799999707; Command Current: 400; Motor Current: 398.0
[2026-02-17 11:14:55,259] INFO: Time: 3.478398696999875; Command Current: 400; Motor Current: 398.0
[2026-02-17 11:14:55,260] INFO: Time: 3.479456243999948; Command Current: 400; Motor Current: 399.0
[2026-02-17 11:14:55,261] INFO: Time: 3.4805165319999105; Command Current: 400; Motor Current: 398.0
[2026-02-17 11:14:55,262] INFO: Time: 3.4815743939998356; Command Current: 400; Motor Current: 398.0
[2026-02-17 11:14:55,263] INFO: Time: 3.48263408899993; Command Current: 400; Motor Current: 398.0
[2026-02-17 11:14:55,265] INFO: Time: 3.4836940809998396; Command Current: 400; Motor Current: 398.0
[2026-02-17 11:14:55,266] INFO: Time: 3.484753182999839; Command Current: 400; Motor Current: 399.0
[2026-02-17 11:14:55,267] INFO: Time: 3.4858122489999914; Command Current: 400; Motor Current: 397.0
[2026-02-17 11:14:55,268] INFO: Time: 3.486870776999922; Command Current: 400; Motor Current: 396.0
[2026-02-17 11:14:55,269] INFO: Time: 3.4879295839998576; Command Current: 400; Motor Current: 397.0
[2026-02-17 11:14:55,270] INFO: Time: 3.488989371999878; Command Current: 400; Motor Current: 397.0
[2026-02-17 11:14:55,271] INFO: Time: 3.4900497889998405; Command Current: 400; Motor Current: 396.0
[2026-02-17 11:14:55,272] INFO: Time: 3.4911107799998717; Command Current: 400; Motor Current: 396.0
[2026-02-17 11:14:55,273] INFO: Time: 3.4921700869999768; Command Current: 400; Motor Current: 395.0
[2026-02-17 11:14:55,274] INFO: Time: 3.4932508560000315; Command Current: 400; Motor Current: 396.0
[2026-02-17 11:14:55,275] INFO: Time: 3.4943096810000043; Command Current: 400; Motor Current: 398.0
[2026-02-17 11:14:55,276] INFO: Time: 3.495369098999845; Command Current: 400; Motor Current: 396.0
[2026-02-17 11:14:55,277] INFO: Time: 3.49643114599985; Command Current: 400; Motor Current: 395.0
[2026-02-17 11:14:55,278] INFO: Time: 3.497489618999907; Command Current: 400; Motor Current: 396.0
[2026-02-17 11:14:55,279] INFO: Time: 3.4985489989999223; Command Current: 400; Motor Current: 396.0
[2026-02-17 11:14:55,280] INFO: Time: 3.4996079719999216; Command Current: 400; Motor Current: 396.0
[2026-02-17 11:14:55,281] INFO: Time: 3.500680889000023; Command Current: 400; Motor Current: 395.0
[2026-02-17 11:14:55,283] INFO: Time: 3.501742232999959; Command Current: 400; Motor Current: 395.0
[2026-02-17 11:14:55,284] INFO: Time: 3.502801001999842; Command Current: 400; Motor Current: 397.0
[2026-02-17 11:14:55,285] INFO: Time: 3.503859770999952; Command Current: 400; Motor Current: 398.0
[2026-02-17 11:14:55,286] INFO: Time: 3.504918577999888; Command Current: 400; Motor Current: 396.0
[2026-02-17 11:14:55,287] INFO: Time: 3.5059776059999876; Command Current: 400; Motor Current: 396.0
[2026-02-17 11:14:55,288] INFO: Time: 3.5070371719998548; Command Current: 400; Motor Current: 397.0
[2026-02-17 11:14:55,289] INFO: Time: 3.508098625999992; Command Current: 400; Motor Current: 399.0
[2026-02-17 11:14:55,290] INFO: Time: 3.509157969999933; Command Current: 400; Motor Current: 398.0
[2026-02-17 11:14:55,291] INFO: Time: 3.5102169239999057; Command Current: 400; Motor Current: 398.0
[2026-02-17 11:14:55,292] INFO: Time: 3.511275803999979; Command Current: 400; Motor Current: 398.0
[2026-02-17 11:14:55,293] INFO: Time: 3.5123350179999306; Command Current: 400; Motor Current: 399.0
[2026-02-17 11:14:55,294] INFO: Time: 3.513395027999877; Command Current: 400; Motor Current: 399.0
[2026-02-17 11:14:55,295] INFO: Time: 3.514456685999903; Command Current: 400; Motor Current: 399.0
[2026-02-17 11:14:55,296] INFO: Time: 3.5155439000000115; Command Current: 400; Motor Current: 398.0
[2026-02-17 11:14:55,297] INFO: Time: 3.516603317999852; Command Current: 400; Motor Current: 399.0
[2026-02-17 11:14:55,298] INFO: Time: 3.5176623830000153; Command Current: 400; Motor Current: 399.0
[2026-02-17 11:14:55,300] INFO: Time: 3.5187261529999887; Command Current: 400; Motor Current: 400.0
[2026-02-17 11:14:55,301] INFO: Time: 3.5197881999999936; Command Current: 400; Motor Current: 399.0
[2026-02-17 11:14:55,302] INFO: Time: 3.520847338999829; Command Current: 400; Motor Current: 398.0
[2026-02-17 11:14:55,303] INFO: Time: 3.5219069979998494; Command Current: 400; Motor Current: 398.0
[2026-02-17 11:14:55,304] INFO: Time: 3.5229700999998386; Command Current: 400; Motor Current: 398.0
[2026-02-17 11:14:55,305] INFO: Time: 3.5240322029999334; Command Current: 400; Motor Current: 398.0
[2026-02-17 11:14:55,306] INFO: Time: 3.525094435000028; Command Current: 400; Motor Current: 398.0
[2026-02-17 11:14:55,307] INFO: Time: 3.5261551669998425; Command Current: 400; Motor Current: 398.0
[2026-02-17 11:14:55,308] INFO: Time: 3.5272150849998525; Command Current: 400; Motor Current: 398.0
[2026-02-17 11:14:55,309] INFO: Time: 3.5282744099999945; Command Current: 400; Motor Current: 399.0
[2026-02-17 11:14:55,310] INFO: Time: 3.5293338269998458; Command Current: 400; Motor Current: 401.0
[2026-02-17 11:14:55,311] INFO: Time: 3.5303936699999667; Command Current: 400; Motor Current: 400.0
[2026-02-17 11:14:55,312] INFO: Time: 3.531455253999866; Command Current: 400; Motor Current: 400.0
[2026-02-17 11:14:55,313] INFO: Time: 3.5325161529999605; Command Current: 400; Motor Current: 400.0
[2026-02-17 11:14:55,314] INFO: Time: 3.5335749779999333; Command Current: 400; Motor Current: 400.0
[2026-02-17 11:14:55,315] INFO: Time: 3.5346349509998163; Command Current: 400; Motor Current: 402.0
[2026-02-17 11:14:55,317] INFO: Time: 3.535695682999858; Command Current: 400; Motor Current: 400.0
[2026-02-17 11:14:55,318] INFO: Time: 3.536755211999889; Command Current: 400; Motor Current: 399.0
[2026-02-17 11:14:55,319] INFO: Time: 3.5378142959998513; Command Current: 400; Motor Current: 398.0
[2026-02-17 11:14:55,320] INFO: Time: 3.53888139899982; Command Current: 400; Motor Current: 397.0
[2026-02-17 11:14:55,321] INFO: Time: 3.539943760999904; Command Current: 400; Motor Current: 397.0
[2026-02-17 11:14:55,322] INFO: Time: 3.541005436999967; Command Current: 400; Motor Current: 398.0
[2026-02-17 11:14:55,323] INFO: Time: 3.542073670000036; Command Current: 400; Motor Current: 396.0
[2026-02-17 11:14:55,324] INFO: Time: 3.543137142999967; Command Current: 400; Motor Current: 396.0
[2026-02-17 11:14:55,325] INFO: Time: 3.544198263999988; Command Current: 400; Motor Current: 398.0
[2026-02-17 11:14:55,326] INFO: Time: 3.545255625999971; Command Current: 400; Motor Current: 397.0
[2026-02-17 11:14:55,327] INFO: Time: 3.546315116999949; Command Current: 400; Motor Current: 396.0
[2026-02-17 11:14:55,328] INFO: Time: 3.5473756269998376; Command Current: 400; Motor Current: 397.0
[2026-02-17 11:14:55,329] INFO: Time: 3.548436636999895; Command Current: 400; Motor Current: 398.0
[2026-02-17 11:14:55,330] INFO: Time: 3.5494972029998735; Command Current: 400; Motor Current: 398.0
[2026-02-17 11:14:55,331] INFO: Time: 3.5505564159998357; Command Current: 400; Motor Current: 397.0
[2026-02-17 11:14:55,332] INFO: Time: 3.551615388999835; Command Current: 400; Motor Current: 397.0
[2026-02-17 11:14:55,333] INFO: Time: 3.552676510999845; Command Current: 400; Motor Current: 397.0
[2026-02-17 11:14:55,335] INFO: Time: 3.553736557999855; Command Current: 400; Motor Current: 398.0
[2026-02-17 11:14:55,336] INFO: Time: 3.55479491899996; Command Current: 400; Motor Current: 400.0
[2026-02-17 11:14:55,337] INFO: Time: 3.555853762999959; Command Current: 400; Motor Current: 400.0
[2026-02-17 11:14:55,338] INFO: Time: 3.556912587999932; Command Current: 400; Motor Current: 398.0
[2026-02-17 11:14:55,339] INFO: Time: 3.557971560999931; Command Current: 400; Motor Current: 398.0
[2026-02-17 11:14:55,340] INFO: Time: 3.5590310709999358; Command Current: 400; Motor Current: 399.0
[2026-02-17 11:14:55,341] INFO: Time: 3.5600911919998453; Command Current: 400; Motor Current: 400.0
[2026-02-17 11:14:55,342] INFO: Time: 3.5611502570000084; Command Current: 400; Motor Current: 399.0
[2026-02-17 11:14:55,343] INFO: Time: 3.5622091010000076; Command Current: 400; Motor Current: 398.0
[2026-02-17 11:14:55,344] INFO: Time: 3.5632680369999434; Command Current: 400; Motor Current: 399.0
[2026-02-17 11:14:55,345] INFO: Time: 3.5643270099999427; Command Current: 400; Motor Current: 399.0
[2026-02-17 11:14:55,346] INFO: Time: 3.5653867599999103; Command Current: 400; Motor Current: 398.0
[2026-02-17 11:14:55,347] INFO: Time: 3.5664482329998464; Command Current: 400; Motor Current: 398.0
[2026-02-17 11:14:55,348] INFO: Time: 3.5675063730000147; Command Current: 400; Motor Current: 398.0
[2026-02-17 11:14:55,349] INFO: Time: 3.568563049999966; Command Current: 400; Motor Current: 398.0
[2026-02-17 11:14:55,350] INFO: Time: 3.569632244999866; Command Current: 400; Motor Current: 398.0
[2026-02-17 11:14:55,352] INFO: Time: 3.5706915509999817; Command Current: 400; Motor Current: 398.0
[2026-02-17 11:14:55,353] INFO: Time: 3.571751560999928; Command Current: 400; Motor Current: 399.0
[2026-02-17 11:14:55,354] INFO: Time: 3.5728109419999328; Command Current: 400; Motor Current: 399.0
[2026-02-17 11:14:55,355] INFO: Time: 3.5738701179998316; Command Current: 400; Motor Current: 399.0
[2026-02-17 11:14:55,356] INFO: Time: 3.5749289059999683; Command Current: 400; Motor Current: 399.0
[2026-02-17 11:14:55,357] INFO: Time: 3.575987841999904; Command Current: 400; Motor Current: 400.0
[2026-02-17 11:14:55,358] INFO: Time: 3.577047314999845; Command Current: 400; Motor Current: 400.0
[2026-02-17 11:14:55,359] INFO: Time: 3.578108046999887; Command Current: 400; Motor Current: 399.0
[2026-02-17 11:14:55,360] INFO: Time: 3.579167001999849; Command Current: 400; Motor Current: 400.0
[2026-02-17 11:14:55,361] INFO: Time: 3.5802257889999964; Command Current: 400; Motor Current: 401.0
[2026-02-17 11:14:55,362] INFO: Time: 3.581284484999969; Command Current: 400; Motor Current: 401.0
[2026-02-17 11:14:55,363] INFO: Time: 3.5823430689999896; Command Current: 400; Motor Current: 402.0
[2026-02-17 11:14:55,364] INFO: Time: 3.583404096999857; Command Current: 400; Motor Current: 401.0
[2026-02-17 11:14:55,365] INFO: Time: 3.5844659780000256; Command Current: 400; Motor Current: 400.0
[2026-02-17 11:14:55,366] INFO: Time: 3.585550192000028; Command Current: 400; Motor Current: 398.0
[2026-02-17 11:14:55,367] INFO: Time: 3.5866091089999372; Command Current: 400; Motor Current: 398.0
[2026-02-17 11:14:55,368] INFO: Time: 3.5876774529999693; Command Current: 400; Motor Current: 397.0
[2026-02-17 11:14:55,370] INFO: Time: 3.5887373329999264; Command Current: 400; Motor Current: 396.0
[2026-02-17 11:14:55,371] INFO: Time: 3.589799436000021; Command Current: 400; Motor Current: 396.0
[2026-02-17 11:14:55,372] INFO: Time: 3.590859093999825; Command Current: 400; Motor Current: 397.0
[2026-02-17 11:14:55,373] INFO: Time: 3.59191865899993; Command Current: 400; Motor Current: 396.0
[2026-02-17 11:14:55,374] INFO: Time: 3.5929781689999345; Command Current: 400; Motor Current: 396.0
[2026-02-17 11:14:55,375] INFO: Time: 3.5940371239998967; Command Current: 400; Motor Current: 398.0
[2026-02-17 11:14:55,376] INFO: Time: 3.5950973559999966; Command Current: 400; Motor Current: 397.0
[2026-02-17 11:14:55,377] INFO: Time: 3.5961589219998586; Command Current: 400; Motor Current: 397.0
[2026-02-17 11:14:55,378] INFO: Time: 3.5972180429998843; Command Current: 400; Motor Current: 398.0
[2026-02-17 11:14:55,379] INFO: Time: 3.5982769229999576; Command Current: 400; Motor Current: 396.0
[2026-02-17 11:14:55,380] INFO: Time: 3.5993359149999833; Command Current: 400; Motor Current: 397.0
[2026-02-17 11:14:55,381] INFO: Time: 3.6003946649998397; Command Current: 400; Motor Current: 397.0
[2026-02-17 11:14:55,382] INFO: Time: 3.60145602700004; Command Current: 400; Motor Current: 397.0
[2026-02-17 11:14:55,383] INFO: Time: 3.6025171109999974; Command Current: 400; Motor Current: 397.0
[2026-02-17 11:14:55,384] INFO: Time: 3.6035814919998757; Command Current: 400; Motor Current: 397.0
[2026-02-17 11:14:55,385] INFO: Time: 3.6046408170000177; Command Current: 400; Motor Current: 397.0
[2026-02-17 11:14:55,387] INFO: Time: 3.605700622999848; Command Current: 400; Motor Current: 398.0
[2026-02-17 11:14:55,388] INFO: Time: 3.606762503000027; Command Current: 400; Motor Current: 397.0
[2026-02-17 11:14:55,389] INFO: Time: 3.607822013000032; Command Current: 400; Motor Current: 397.0
[2026-02-17 11:14:55,390] INFO: Time: 3.6088814309998725; Command Current: 400; Motor Current: 398.0
[2026-02-17 11:14:55,391] INFO: Time: 3.6099406069999986; Command Current: 400; Motor Current: 399.0
[2026-02-17 11:14:55,392] INFO: Time: 3.6109998209999503; Command Current: 400; Motor Current: 396.0
[2026-02-17 11:14:55,393] INFO: Time: 3.612059330999955; Command Current: 400; Motor Current: 398.0
[2026-02-17 11:14:55,394] INFO: Time: 3.6131210449998434; Command Current: 400; Motor Current: 398.0
[2026-02-17 11:14:55,395] INFO: Time: 3.6141810550000173; Command Current: 400; Motor Current: 397.0
[2026-02-17 11:14:55,396] INFO: Time: 3.6152406569999584; Command Current: 400; Motor Current: 398.0
[2026-02-17 11:14:55,397] INFO: Time: 3.6162995929998942; Command Current: 400; Motor Current: 397.0
[2026-02-17 11:14:55,398] INFO: Time: 3.6173589549998724; Command Current: 400; Motor Current: 397.0
[2026-02-17 11:14:55,399] INFO: Time: 3.6184186129999034; Command Current: 400; Motor Current: 399.0
[2026-02-17 11:14:55,400] INFO: Time: 3.6194809009998608; Command Current: 400; Motor Current: 398.0
[2026-02-17 11:14:55,401] INFO: Time: 3.620543818999977; Command Current: 400; Motor Current: 398.0
[2026-02-17 11:14:55,403] INFO: Time: 3.621603124999865; Command Current: 400; Motor Current: 400.0
[2026-02-17 11:14:55,404] INFO: Time: 3.6226616909998484; Command Current: 400; Motor Current: 401.0
[2026-02-17 11:14:55,405] INFO: Time: 3.623723922999943; Command Current: 400; Motor Current: 399.0
[2026-02-17 11:14:55,406] INFO: Time: 3.6247836549998738; Command Current: 400; Motor Current: 398.0
[2026-02-17 11:14:55,407] INFO: Time: 3.6258426469998994; Command Current: 400; Motor Current: 399.0
[2026-02-17 11:14:55,408] INFO: Time: 3.626901953000015; Command Current: 400; Motor Current: 400.0
[2026-02-17 11:14:55,409] INFO: Time: 3.62796122199984; Command Current: 400; Motor Current: 399.0
[2026-02-17 11:14:55,410] INFO: Time: 3.629020436000019; Command Current: 400; Motor Current: 399.0
[2026-02-17 11:14:55,411] INFO: Time: 3.6300801499999125; Command Current: 400; Motor Current: 397.0
[2026-02-17 11:14:55,412] INFO: Time: 3.6311404369998854; Command Current: 400; Motor Current: 396.0
[2026-02-17 11:14:55,413] INFO: Time: 3.632200170000033; Command Current: 400; Motor Current: 399.0
[2026-02-17 11:14:55,414] INFO: Time: 3.633259568999847; Command Current: 400; Motor Current: 398.0
[2026-02-17 11:14:55,415] INFO: Time: 3.634318912000026; Command Current: 400; Motor Current: 398.0
[2026-02-17 11:14:55,416] INFO: Time: 3.6353781630000412; Command Current: 400; Motor Current: 398.0
[2026-02-17 11:14:55,417] INFO: Time: 3.6364376729998185; Command Current: 400; Motor Current: 398.0
[2026-02-17 11:14:55,418] INFO: Time: 3.6375065160000304; Command Current: 400; Motor Current: 399.0
[2026-02-17 11:14:55,419] INFO: Time: 3.6386035629998332; Command Current: 400; Motor Current: 398.0
[2026-02-17 11:14:55,421] INFO: Time: 3.6396774069999083; Command Current: 400; Motor Current: 399.0
[2026-02-17 11:14:55,422] INFO: Time: 3.6407371759999023; Command Current: 400; Motor Current: 399.0
[2026-02-17 11:14:55,423] INFO: Time: 3.6417969829999493; Command Current: 400; Motor Current: 397.0
[2026-02-17 11:14:55,424] INFO: Time: 3.642856621999954; Command Current: 400; Motor Current: 397.0
[2026-02-17 11:14:55,425] INFO: Time: 3.643915780000043; Command Current: 400; Motor Current: 398.0
[2026-02-17 11:14:55,426] INFO: Time: 3.6449746789999153; Command Current: 400; Motor Current: 396.0
[2026-02-17 11:14:55,427] INFO: Time: 3.6460335229999146; Command Current: 400; Motor Current: 395.0
[2026-02-17 11:14:55,428] INFO: Time: 3.6470923099998345; Command Current: 400; Motor Current: 397.0
[2026-02-17 11:14:55,429] INFO: Time: 3.6481521910000083; Command Current: 400; Motor Current: 397.0
[2026-02-17 11:14:55,430] INFO: Time: 3.6492121819999284; Command Current: 400; Motor Current: 396.0
[2026-02-17 11:14:55,431] INFO: Time: 3.650271062999991; Command Current: 400; Motor Current: 397.0
[2026-02-17 11:14:55,432] INFO: Time: 3.6513298869999744; Command Current: 400; Motor Current: 396.0
[2026-02-17 11:14:55,433] INFO: Time: 3.652388768000037; Command Current: 400; Motor Current: 396.0
[2026-02-17 11:14:55,434] INFO: Time: 3.653447629999846; Command Current: 400; Motor Current: 396.0
[2026-02-17 11:14:55,435] INFO: Time: 3.654509305999909; Command Current: 400; Motor Current: 398.0
[2026-02-17 11:14:55,436] INFO: Time: 3.655568927999866; Command Current: 400; Motor Current: 399.0
[2026-02-17 11:14:55,437] INFO: Time: 3.6566280669999287; Command Current: 400; Motor Current: 397.0
[2026-02-17 11:14:55,439] INFO: Time: 3.657694410999966; Command Current: 400; Motor Current: 397.0
[2026-02-17 11:14:55,440] INFO: Time: 3.6587530689998857; Command Current: 400; Motor Current: 398.0
[2026-02-17 11:14:55,441] INFO: Time: 3.6598127820000173; Command Current: 400; Motor Current: 400.0
[2026-02-17 11:14:55,442] INFO: Time: 3.6608730699999796; Command Current: 400; Motor Current: 398.0
[2026-02-17 11:14:55,443] INFO: Time: 3.661931968999852; Command Current: 400; Motor Current: 399.0
[2026-02-17 11:14:55,444] INFO: Time: 3.6629905529998723; Command Current: 400; Motor Current: 399.0
[2026-02-17 11:14:55,445] INFO: Time: 3.664049099999829; Command Current: 400; Motor Current: 400.0
[2026-02-17 11:14:55,446] INFO: Time: 3.6651076839998495; Command Current: 400; Motor Current: 399.0
[2026-02-17 11:14:55,447] INFO: Time: 3.6661670089999916; Command Current: 400; Motor Current: 400.0
[2026-02-17 11:14:55,448] INFO: Time: 3.667227018999938; Command Current: 400; Motor Current: 400.0
[2026-02-17 11:14:55,449] INFO: Time: 3.6682861029999003; Command Current: 400; Motor Current: 399.0
[2026-02-17 11:14:55,450] INFO: Time: 3.669345205999889; Command Current: 400; Motor Current: 399.0
[2026-02-17 11:14:55,451] INFO: Time: 3.6704039749999993; Command Current: 400; Motor Current: 400.0
[2026-02-17 11:14:55,452] INFO: Time: 3.671462632999919; Command Current: 400; Motor Current: 398.0
[2026-02-17 11:14:55,453] INFO: Time: 3.672524679999924; Command Current: 400; Motor Current: 399.0
[2026-02-17 11:14:55,454] INFO: Time: 3.6735850789998494; Command Current: 400; Motor Current: 399.0
[2026-02-17 11:14:55,455] INFO: Time: 3.674644163000039; Command Current: 400; Motor Current: 397.0
[2026-02-17 11:14:55,457] INFO: Time: 3.6757028769998215; Command Current: 400; Motor Current: 398.0
[2026-02-17 11:14:55,458] INFO: Time: 3.6767617569998947; Command Current: 400; Motor Current: 398.0
[2026-02-17 11:14:55,459] INFO: Time: 3.6778204709999045; Command Current: 400; Motor Current: 398.0
[2026-02-17 11:14:55,460] INFO: Time: 3.6788816659998247; Command Current: 400; Motor Current: 398.0
[2026-02-17 11:14:55,461] INFO: Time: 3.6799424359999193; Command Current: 400; Motor Current: 400.0
[2026-02-17 11:14:55,462] INFO: Time: 3.681025593999948; Command Current: 400; Motor Current: 399.0
[2026-02-17 11:14:55,463] INFO: Time: 3.682084973999963; Command Current: 400; Motor Current: 400.0
[2026-02-17 11:14:55,464] INFO: Time: 3.683143891999862; Command Current: 400; Motor Current: 401.0
[2026-02-17 11:14:55,465] INFO: Time: 3.684202864999861; Command Current: 400; Motor Current: 399.0
[2026-02-17 11:14:55,466] INFO: Time: 3.685262319000003; Command Current: 400; Motor Current: 400.0
[2026-02-17 11:14:55,467] INFO: Time: 3.6863241999999445; Command Current: 400; Motor Current: 399.0
[2026-02-17 11:14:55,468] INFO: Time: 3.68738339499987; Command Current: 400; Motor Current: 399.0
[2026-02-17 11:14:55,469] INFO: Time: 3.688442645999885; Command Current: 400; Motor Current: 400.0
[2026-02-17 11:14:55,470] INFO: Time: 3.6895026739998684; Command Current: 400; Motor Current: 399.0
[2026-02-17 11:14:55,471] INFO: Time: 3.690560850999873; Command Current: 400; Motor Current: 397.0
[2026-02-17 11:14:55,472] INFO: Time: 3.69162078699992; Command Current: 400; Motor Current: 397.0
[2026-02-17 11:14:55,474] INFO: Time: 3.692691704000026; Command Current: 400; Motor Current: 396.0
[2026-02-17 11:14:55,475] INFO: Time: 3.6937515659999463; Command Current: 400; Motor Current: 396.0
[2026-02-17 11:14:55,476] INFO: Time: 3.6948113539999667; Command Current: 400; Motor Current: 395.0
[2026-02-17 11:14:55,477] INFO: Time: 3.695870494000019; Command Current: 400; Motor Current: 397.0
[2026-02-17 11:14:55,478] INFO: Time: 3.696930077999923; Command Current: 400; Motor Current: 396.0
[2026-02-17 11:14:55,479] INFO: Time: 3.6979902909999964; Command Current: 400; Motor Current: 396.0
[2026-02-17 11:14:55,480] INFO: Time: 3.699052393999864; Command Current: 400; Motor Current: 396.0
[2026-02-17 11:14:55,481] INFO: Time: 3.7001121999999214; Command Current: 400; Motor Current: 398.0
[2026-02-17 11:14:55,482] INFO: Time: 3.7011718219998784; Command Current: 400; Motor Current: 396.0
[2026-02-17 11:14:55,483] INFO: Time: 3.702231053999867; Command Current: 400; Motor Current: 395.0
[2026-02-17 11:14:55,484] INFO: Time: 3.7032902679998188; Command Current: 400; Motor Current: 397.0
[2026-02-17 11:14:55,485] INFO: Time: 3.7043497590000243; Command Current: 400; Motor Current: 397.0
[2026-02-17 11:14:55,486] INFO: Time: 3.7054114359998493; Command Current: 400; Motor Current: 396.0
[2026-02-17 11:14:55,487] INFO: Time: 3.706469019999986; Command Current: 400; Motor Current: 398.0
[2026-02-17 11:14:55,488] INFO: Time: 3.7075532709998242; Command Current: 400; Motor Current: 397.0
[2026-02-17 11:14:55,489] INFO: Time: 3.708611835999818; Command Current: 400; Motor Current: 398.0
[2026-02-17 11:14:55,491] INFO: Time: 3.709686771999941; Command Current: 400; Motor Current: 397.0
[2026-02-17 11:14:55,492] INFO: Time: 3.7107451159999982; Command Current: 400; Motor Current: 397.0
[2026-02-17 11:14:55,493] INFO: Time: 3.711802551999881; Command Current: 400; Motor Current: 398.0
[2026-02-17 11:14:55,494] INFO: Time: 3.7128615799999807; Command Current: 400; Motor Current: 397.0
[2026-02-17 11:14:55,495] INFO: Time: 3.713920885999869; Command Current: 400; Motor Current: 397.0
[2026-02-17 11:14:55,496] INFO: Time: 3.7149800449999475; Command Current: 400; Motor Current: 399.0
[2026-02-17 11:14:55,497] INFO: Time: 3.7160400359998675; Command Current: 400; Motor Current: 399.0
[2026-02-17 11:14:55,498] INFO: Time: 3.7171021939998354; Command Current: 400; Motor Current: 399.0
[2026-02-17 11:14:55,499] INFO: Time: 3.7181618339998295; Command Current: 400; Motor Current: 398.0
[2026-02-17 11:14:55,500] INFO: Time: 3.719220954999855; Command Current: 400; Motor Current: 398.0
[2026-02-17 11:14:55,501] INFO: Time: 3.7202799279998544; Command Current: 400; Motor Current: 399.0
[2026-02-17 11:14:55,502] INFO: Time: 3.721343919999981; Command Current: 400; Motor Current: 399.0
[2026-02-17 11:14:55,503] INFO: Time: 3.7224074480000127; Command Current: 400; Motor Current: 399.0
[2026-02-17 11:14:55,504] INFO: Time: 3.723470513999928; Command Current: 400; Motor Current: 399.0
[2026-02-17 11:14:55,505] INFO: Time: 3.72454533899986; Command Current: 400; Motor Current: 398.0
[2026-02-17 11:14:55,506] INFO: Time: 3.7255883119999; Command Current: 400; Motor Current: 399.0
[2026-02-17 11:14:55,507] INFO: Time: 3.7266482479999468; Command Current: 400; Motor Current: 400.0
[2026-02-17 11:14:55,509] INFO: Time: 3.7277091089999885; Command Current: 400; Motor Current: 400.0
[2026-02-17 11:14:55,510] INFO: Time: 3.7287681379998503; Command Current: 400; Motor Current: 402.0
[2026-02-17 11:14:55,511] INFO: Time: 3.7298272959999395; Command Current: 400; Motor Current: 401.0
[2026-02-17 11:14:55,512] INFO: Time: 3.7308863799999017; Command Current: 400; Motor Current: 402.0
[2026-02-17 11:14:55,513] INFO: Time: 3.731945241999938; Command Current: 400; Motor Current: 403.0
[2026-02-17 11:14:55,514] INFO: Time: 3.7330047519999425; Command Current: 400; Motor Current: 401.0
[2026-02-17 11:14:55,515] INFO: Time: 3.7340650769999684; Command Current: 400; Motor Current: 401.0
[2026-02-17 11:14:55,516] INFO: Time: 3.7351329759999317; Command Current: 400; Motor Current: 401.0
[2026-02-17 11:14:55,517] INFO: Time: 3.73620026399999; Command Current: 400; Motor Current: 401.0
[2026-02-17 11:14:55,518] INFO: Time: 3.737262329000032; Command Current: 400; Motor Current: 398.0
[2026-02-17 11:14:55,519] INFO: Time: 3.738322857999947; Command Current: 400; Motor Current: 400.0
[2026-02-17 11:14:55,520] INFO: Time: 3.739383385999872; Command Current: 400; Motor Current: 399.0
[2026-02-17 11:14:55,521] INFO: Time: 3.7404457299999194; Command Current: 400; Motor Current: 397.0
[2026-02-17 11:14:55,522] INFO: Time: 3.74150703600003; Command Current: 400; Motor Current: 399.0
[2026-02-17 11:14:55,523] INFO: Time: 3.742564712999865; Command Current: 400; Motor Current: 395.0
[2026-02-17 11:14:55,524] INFO: Time: 3.7436240929998803; Command Current: 400; Motor Current: 397.0
[2026-02-17 11:14:55,525] INFO: Time: 3.744686010999885; Command Current: 400; Motor Current: 396.0
[2026-02-17 11:14:55,527] INFO: Time: 3.745746686999837; Command Current: 400; Motor Current: 396.0
[2026-02-17 11:14:55,528] INFO: Time: 3.746805901000016; Command Current: 400; Motor Current: 397.0
[2026-02-17 11:14:55,529] INFO: Time: 3.7478646329998355; Command Current: 400; Motor Current: 397.0
[2026-02-17 11:14:55,530] INFO: Time: 3.7489235689999987; Command Current: 400; Motor Current: 396.0
[2026-02-17 11:14:55,531] INFO: Time: 3.749982374999945; Command Current: 400; Motor Current: 398.0
[2026-02-17 11:14:55,532] INFO: Time: 3.7510427370000343; Command Current: 400; Motor Current: 399.0
[2026-02-17 11:14:55,533] INFO: Time: 3.7521031919998222; Command Current: 400; Motor Current: 398.0
[2026-02-17 11:14:55,534] INFO: Time: 3.7531626649999907; Command Current: 400; Motor Current: 398.0
[2026-02-17 11:14:55,535] INFO: Time: 3.754222045000006; Command Current: 400; Motor Current: 398.0
[2026-02-17 11:14:55,536] INFO: Time: 3.7552812589999576; Command Current: 400; Motor Current: 396.0
[2026-02-17 11:14:55,537] INFO: Time: 3.7563403059998564; Command Current: 400; Motor Current: 397.0
[2026-02-17 11:14:55,538] INFO: Time: 3.7573999639998874; Command Current: 400; Motor Current: 398.0
[2026-02-17 11:14:55,539] INFO: Time: 3.758460844999945; Command Current: 400; Motor Current: 397.0
[2026-02-17 11:14:55,540] INFO: Time: 3.759521613999823; Command Current: 400; Motor Current: 397.0
[2026-02-17 11:14:55,541] INFO: Time: 3.760578586999827; Command Current: 400; Motor Current: 397.0
[2026-02-17 11:14:55,542] INFO: Time: 3.7616509859999496; Command Current: 400; Motor Current: 397.0
[2026-02-17 11:14:55,544] INFO: Time: 3.7627106620000177; Command Current: 400; Motor Current: 396.0
[2026-02-17 11:14:55,545] INFO: Time: 3.7637703759999113; Command Current: 400; Motor Current: 397.0
[2026-02-17 11:14:55,546] INFO: Time: 3.7648290709998946; Command Current: 400; Motor Current: 397.0
[2026-02-17 11:14:55,547] INFO: Time: 3.7658879699999943; Command Current: 400; Motor Current: 398.0
[2026-02-17 11:14:55,548] INFO: Time: 3.7669464619998507; Command Current: 400; Motor Current: 399.0
[2026-02-17 11:14:55,549] INFO: Time: 3.7680064159999347; Command Current: 400; Motor Current: 399.0
[2026-02-17 11:14:55,550] INFO: Time: 3.7690664629999446; Command Current: 400; Motor Current: 398.0
[2026-02-17 11:14:55,551] INFO: Time: 3.770126029000039; Command Current: 400; Motor Current: 398.0
[2026-02-17 11:14:55,552] INFO: Time: 3.7711851499998374; Command Current: 400; Motor Current: 401.0
[2026-02-17 11:14:55,553] INFO: Time: 3.7722439929998473; Command Current: 400; Motor Current: 402.0
[2026-02-17 11:14:55,554] INFO: Time: 3.773302891999947; Command Current: 400; Motor Current: 401.0
[2026-02-17 11:14:55,555] INFO: Time: 3.774362310000015; Command Current: 400; Motor Current: 399.0
[2026-02-17 11:14:55,556] INFO: Time: 3.7754233569999087; Command Current: 400; Motor Current: 400.0
[2026-02-17 11:14:55,557] INFO: Time: 3.776483718999998; Command Current: 400; Motor Current: 399.0
[2026-02-17 11:14:55,558] INFO: Time: 3.777543802999844; Command Current: 400; Motor Current: 399.0
[2026-02-17 11:14:55,559] INFO: Time: 3.7786029049998433; Command Current: 400; Motor Current: 399.0
[2026-02-17 11:14:55,560] INFO: Time: 3.7796648039998217; Command Current: 400; Motor Current: 398.0
[2026-02-17 11:14:55,562] INFO: Time: 3.780726387999948; Command Current: 400; Motor Current: 399.0
[2026-02-17 11:14:55,563] INFO: Time: 3.781810157999871; Command Current: 400; Motor Current: 400.0
[2026-02-17 11:14:55,564] INFO: Time: 3.7828700569998546; Command Current: 400; Motor Current: 400.0
[2026-02-17 11:14:55,565] INFO: Time: 3.7839292889998433; Command Current: 400; Motor Current: 400.0
[2026-02-17 11:14:55,566] INFO: Time: 3.7849886139999853; Command Current: 400; Motor Current: 400.0
[2026-02-17 11:14:55,567] INFO: Time: 3.786048752999932; Command Current: 400; Motor Current: 400.0
[2026-02-17 11:14:55,568] INFO: Time: 3.787110299999995; Command Current: 400; Motor Current: 399.0
[2026-02-17 11:14:55,569] INFO: Time: 3.788170680999883; Command Current: 400; Motor Current: 398.0
[2026-02-17 11:14:55,570] INFO: Time: 3.7892301539998243; Command Current: 400; Motor Current: 398.0
[2026-02-17 11:14:55,571] INFO: Time: 3.7902894970000034; Command Current: 400; Motor Current: 397.0
[2026-02-17 11:14:55,572] INFO: Time: 3.7913487849998546; Command Current: 400; Motor Current: 397.0
[2026-02-17 11:14:55,573] INFO: Time: 3.7924090169999545; Command Current: 400; Motor Current: 396.0
[2026-02-17 11:14:55,574] INFO: Time: 3.793469526999843; Command Current: 400; Motor Current: 397.0
[2026-02-17 11:14:55,575] INFO: Time: 3.7945453519998864; Command Current: 400; Motor Current: 396.0
[2026-02-17 11:14:55,576] INFO: Time: 3.7956023249998907; Command Current: 400; Motor Current: 395.0
[2026-02-17 11:14:55,577] INFO: Time: 3.7966613349999534; Command Current: 400; Motor Current: 397.0
[2026-02-17 11:14:55,579] INFO: Time: 3.7977211420000003; Command Current: 400; Motor Current: 396.0
[2026-02-17 11:14:55,580] INFO: Time: 3.7987829109999893; Command Current: 400; Motor Current: 394.0
[2026-02-17 11:14:55,581] INFO: Time: 3.7998425690000204; Command Current: 400; Motor Current: 398.0
[2026-02-17 11:14:55,582] INFO: Time: 3.8009019490000355; Command Current: 400; Motor Current: 397.0
[2026-02-17 11:14:55,583] INFO: Time: 3.8019613110000137; Command Current: 400; Motor Current: 398.0
[2026-02-17 11:14:55,584] INFO: Time: 3.8030208579998543; Command Current: 400; Motor Current: 398.0
[2026-02-17 11:14:55,585] INFO: Time: 3.8040807200000017; Command Current: 400; Motor Current: 398.0
[2026-02-17 11:14:55,586] INFO: Time: 3.805142414999864; Command Current: 400; Motor Current: 399.0
[2026-02-17 11:14:55,587] INFO: Time: 3.8062025179999637; Command Current: 400; Motor Current: 400.0
[2026-02-17 11:14:55,588] INFO: Time: 3.807261787000016; Command Current: 400; Motor Current: 398.0
[2026-02-17 11:14:55,589] INFO: Time: 3.808321038000031; Command Current: 400; Motor Current: 399.0
[2026-02-17 11:14:55,590] INFO: Time: 3.809380214999919; Command Current: 400; Motor Current: 399.0
[2026-02-17 11:14:55,591] INFO: Time: 3.810440668999945; Command Current: 400; Motor Current: 399.0
[2026-02-17 11:14:55,592] INFO: Time: 3.8115030129999923; Command Current: 400; Motor Current: 399.0
[2026-02-17 11:14:55,593] INFO: Time: 3.8125625039999704; Command Current: 400; Motor Current: 399.0
[2026-02-17 11:14:55,594] INFO: Time: 3.8136221989998376; Command Current: 400; Motor Current: 399.0
[2026-02-17 11:14:55,595] INFO: Time: 3.8146883570000227; Command Current: 400; Motor Current: 399.0
[2026-02-17 11:14:55,597] INFO: Time: 3.8157483299999058; Command Current: 400; Motor Current: 400.0
[2026-02-17 11:14:55,598] INFO: Time: 3.8168096370000058; Command Current: 400; Motor Current: 398.0
[2026-02-17 11:14:55,599] INFO: Time: 3.8178687580000314; Command Current: 400; Motor Current: 398.0
[2026-02-17 11:14:55,600] INFO: Time: 3.8189334899998357; Command Current: 400; Motor Current: 399.0
[2026-02-17 11:14:55,601] INFO: Time: 3.8199964819998513; Command Current: 400; Motor Current: 398.0
[2026-02-17 11:14:55,602] INFO: Time: 3.821057769999925; Command Current: 400; Motor Current: 398.0
[2026-02-17 11:14:55,603] INFO: Time: 3.8221187239998926; Command Current: 400; Motor Current: 398.0
[2026-02-17 11:14:55,604] INFO: Time: 3.8231798269998762; Command Current: 400; Motor Current: 398.0
[2026-02-17 11:14:55,605] INFO: Time: 3.8242396329999337; Command Current: 400; Motor Current: 399.0
[2026-02-17 11:14:55,606] INFO: Time: 3.8252993280000283; Command Current: 400; Motor Current: 400.0
[2026-02-17 11:14:55,607] INFO: Time: 3.8263586900000064; Command Current: 400; Motor Current: 401.0
[2026-02-17 11:14:55,608] INFO: Time: 3.827417718999868; Command Current: 400; Motor Current: 401.0
[2026-02-17 11:14:55,609] INFO: Time: 3.8284783209999205; Command Current: 400; Motor Current: 400.0
[2026-02-17 11:14:55,610] INFO: Time: 3.8295537760000116; Command Current: 400; Motor Current: 402.0
[2026-02-17 11:14:55,611] INFO: Time: 3.8306137669999316; Command Current: 400; Motor Current: 401.0
[2026-02-17 11:14:55,612] INFO: Time: 3.8316860180000276; Command Current: 400; Motor Current: 401.0
[2026-02-17 11:14:55,614] INFO: Time: 3.8327455469998313; Command Current: 400; Motor Current: 400.0
[2026-02-17 11:14:55,615] INFO: Time: 3.8338056119998782; Command Current: 400; Motor Current: 398.0
[2026-02-17 11:14:55,616] INFO: Time: 3.83486488199992; Command Current: 400; Motor Current: 400.0
[2026-02-17 11:14:55,617] INFO: Time: 3.835924040000009; Command Current: 400; Motor Current: 399.0
[2026-02-17 11:14:55,618] INFO: Time: 3.836982901999818; Command Current: 400; Motor Current: 399.0
[2026-02-17 11:14:55,619] INFO: Time: 3.8380518189999293; Command Current: 400; Motor Current: 398.0
[2026-02-17 11:14:55,620] INFO: Time: 3.8391150699999343; Command Current: 400; Motor Current: 399.0
[2026-02-17 11:14:55,621] INFO: Time: 3.8401771349999763; Command Current: 400; Motor Current: 400.0
[2026-02-17 11:14:55,622] INFO: Time: 3.841237256999875; Command Current: 400; Motor Current: 398.0
[2026-02-17 11:14:55,623] INFO: Time: 3.842296617999864; Command Current: 400; Motor Current: 398.0
[2026-02-17 11:14:55,624] INFO: Time: 3.8433556099998896; Command Current: 400; Motor Current: 398.0
[2026-02-17 11:14:55,625] INFO: Time: 3.844415601000037; Command Current: 400; Motor Current: 397.0
[2026-02-17 11:14:55,626] INFO: Time: 3.8454767040000206; Command Current: 400; Motor Current: 398.0
[2026-02-17 11:14:55,627] INFO: Time: 3.846553065999842; Command Current: 400; Motor Current: 396.0
[2026-02-17 11:14:55,628] INFO: Time: 3.8476120020000053; Command Current: 400; Motor Current: 395.0
[2026-02-17 11:14:55,629] INFO: Time: 3.84867114199983; Command Current: 400; Motor Current: 395.0
[2026-02-17 11:14:55,631] INFO: Time: 3.8497315039999194; Command Current: 400; Motor Current: 398.0
[2026-02-17 11:14:55,632] INFO: Time: 3.8507914580000033; Command Current: 400; Motor Current: 397.0
[2026-02-17 11:14:55,633] INFO: Time: 3.8518503569998757; Command Current: 400; Motor Current: 396.0
[2026-02-17 11:14:55,634] INFO: Time: 3.8529091450000124; Command Current: 400; Motor Current: 397.0
[2026-02-17 11:14:55,635] INFO: Time: 3.853967876999832; Command Current: 400; Motor Current: 397.0
[2026-02-17 11:14:55,636] INFO: Time: 3.8550262940000266; Command Current: 400; Motor Current: 397.0
[2026-02-17 11:14:55,637] INFO: Time: 3.85608600799992; Command Current: 400; Motor Current: 399.0
[2026-02-17 11:14:55,638] INFO: Time: 3.857145962000004; Command Current: 400; Motor Current: 398.0
[2026-02-17 11:14:55,639] INFO: Time: 3.8582046950000404; Command Current: 400; Motor Current: 397.0
[2026-02-17 11:14:55,640] INFO: Time: 3.8592635569998492; Command Current: 400; Motor Current: 397.0
[2026-02-17 11:14:55,641] INFO: Time: 3.860322288999896; Command Current: 400; Motor Current: 398.0
[2026-02-17 11:14:55,642] INFO: Time: 3.8613812060000328; Command Current: 400; Motor Current: 397.0
[2026-02-17 11:14:55,643] INFO: Time: 3.862440975000027; Command Current: 400; Motor Current: 400.0
[2026-02-17 11:14:55,644] INFO: Time: 3.8635017079998306; Command Current: 400; Motor Current: 397.0
[2026-02-17 11:14:55,645] INFO: Time: 3.8645612549998987; Command Current: 400; Motor Current: 400.0
[2026-02-17 11:14:55,646] INFO: Time: 3.865638264999916; Command Current: 400; Motor Current: 400.0
[2026-02-17 11:14:55,648] INFO: Time: 3.8666951449999942; Command Current: 400; Motor Current: 399.0
[2026-02-17 11:14:55,649] INFO: Time: 3.867753784999877; Command Current: 400; Motor Current: 399.0
[2026-02-17 11:14:55,650] INFO: Time: 3.868814831999998; Command Current: 400; Motor Current: 399.0
[2026-02-17 11:14:55,651] INFO: Time: 3.8698733419998916; Command Current: 400; Motor Current: 399.0
[2026-02-17 11:14:55,652] INFO: Time: 3.8709324449998803; Command Current: 400; Motor Current: 401.0
[2026-02-17 11:14:55,653] INFO: Time: 3.8719912509998267; Command Current: 400; Motor Current: 399.0
[2026-02-17 11:14:55,654] INFO: Time: 3.873050205000027; Command Current: 400; Motor Current: 396.0
[2026-02-17 11:14:55,655] INFO: Time: 3.874109955999984; Command Current: 400; Motor Current: 400.0
[2026-02-17 11:14:55,656] INFO: Time: 3.875169984999957; Command Current: 400; Motor Current: 400.0
[2026-02-17 11:14:55,657] INFO: Time: 3.876229197999919; Command Current: 400; Motor Current: 400.0
[2026-02-17 11:14:55,658] INFO: Time: 3.8772880789999817; Command Current: 400; Motor Current: 400.0
[2026-02-17 11:14:55,659] INFO: Time: 3.8783472929999334; Command Current: 400; Motor Current: 399.0
[2026-02-17 11:14:55,660] INFO: Time: 3.879407042999901; Command Current: 400; Motor Current: 401.0
[2026-02-17 11:14:55,661] INFO: Time: 3.8804689419998795; Command Current: 400; Motor Current: 401.0
[2026-02-17 11:14:55,662] INFO: Time: 3.881541451999965; Command Current: 400; Motor Current: 400.0
[2026-02-17 11:14:55,663] INFO: Time: 3.8826010549998955; Command Current: 400; Motor Current: 399.0
[2026-02-17 11:14:55,664] INFO: Time: 3.883659843000032; Command Current: 400; Motor Current: 399.0
[2026-02-17 11:14:55,666] INFO: Time: 3.8847198339999522; Command Current: 400; Motor Current: 398.0
[2026-02-17 11:14:55,667] INFO: Time: 3.8857820289999836; Command Current: 400; Motor Current: 399.0
[2026-02-17 11:14:55,668] INFO: Time: 3.886841631999914; Command Current: 400; Motor Current: 398.0
[2026-02-17 11:14:55,669] INFO: Time: 3.8879004199998235; Command Current: 400; Motor Current: 399.0
[2026-02-17 11:14:55,670] INFO: Time: 3.8889598739999656; Command Current: 400; Motor Current: 399.0
[2026-02-17 11:14:55,671] INFO: Time: 3.8900190879999172; Command Current: 400; Motor Current: 397.0
[2026-02-17 11:14:55,672] INFO: Time: 3.8910792089998267; Command Current: 400; Motor Current: 396.0
[2026-02-17 11:14:55,673] INFO: Time: 3.8921406269998897; Command Current: 400; Motor Current: 396.0
[2026-02-17 11:14:55,674] INFO: Time: 3.8932001549999313; Command Current: 400; Motor Current: 395.0
[2026-02-17 11:14:55,675] INFO: Time: 3.894259646999899; Command Current: 400; Motor Current: 397.0
[2026-02-17 11:14:55,676] INFO: Time: 3.89531949000002; Command Current: 400; Motor Current: 396.0
[2026-02-17 11:14:55,677] INFO: Time: 3.8963785930000086; Command Current: 400; Motor Current: 396.0
[2026-02-17 11:14:55,678] INFO: Time: 3.8974389729999075; Command Current: 400; Motor Current: 395.0
[2026-02-17 11:14:55,679] INFO: Time: 3.89850077899996; Command Current: 400; Motor Current: 396.0
[2026-02-17 11:14:55,680] INFO: Time: 3.8995598079998217; Command Current: 400; Motor Current: 398.0
[2026-02-17 11:14:55,681] INFO: Time: 3.900618669999858; Command Current: 400; Motor Current: 396.0
[2026-02-17 11:14:55,682] INFO: Time: 3.9016775869999947; Command Current: 400; Motor Current: 395.0
[2026-02-17 11:14:55,684] INFO: Time: 3.9027405790000103; Command Current: 400; Motor Current: 396.0
[2026-02-17 11:14:55,685] INFO: Time: 3.9038021069998194; Command Current: 400; Motor Current: 396.0
[2026-02-17 11:14:55,686] INFO: Time: 3.904861672999914; Command Current: 400; Motor Current: 396.0
[2026-02-17 11:14:55,687] INFO: Time: 3.905921516000035; Command Current: 400; Motor Current: 398.0
[2026-02-17 11:14:55,688] INFO: Time: 3.906980489000034; Command Current: 400; Motor Current: 397.0
[2026-02-17 11:14:55,689] INFO: Time: 3.90803942499997; Command Current: 400; Motor Current: 398.0
[2026-02-17 11:14:55,690] INFO: Time: 3.9091027679999115; Command Current: 400; Motor Current: 398.0
[2026-02-17 11:14:55,691] INFO: Time: 3.910165055999869; Command Current: 400; Motor Current: 398.0
[2026-02-17 11:14:55,692] INFO: Time: 3.911225306999995; Command Current: 400; Motor Current: 399.0
[2026-02-17 11:14:55,693] INFO: Time: 3.91228457599982; Command Current: 400; Motor Current: 399.0
[2026-02-17 11:14:55,694] INFO: Time: 3.913344011999925; Command Current: 400; Motor Current: 398.0
[2026-02-17 11:14:55,695] INFO: Time: 3.9144033180000406; Command Current: 400; Motor Current: 398.0
[2026-02-17 11:14:55,696] INFO: Time: 3.9154641799998444; Command Current: 400; Motor Current: 399.0
[2026-02-17 11:14:55,697] INFO: Time: 3.9165248760000395; Command Current: 400; Motor Current: 398.0
[2026-02-17 11:14:55,698] INFO: Time: 3.9175845709999066; Command Current: 400; Motor Current: 398.0
[2026-02-17 11:14:55,699] INFO: Time: 3.918644487999927; Command Current: 400; Motor Current: 398.0
[2026-02-17 11:14:55,701] INFO: Time: 3.9197034429998894; Command Current: 400; Motor Current: 398.0
[2026-02-17 11:14:55,702] INFO: Time: 3.9207635640000262; Command Current: 400; Motor Current: 400.0
[2026-02-17 11:14:55,703] INFO: Time: 3.921825128999899; Command Current: 400; Motor Current: 400.0
[2026-02-17 11:14:55,704] INFO: Time: 3.922884953999983; Command Current: 400; Motor Current: 400.0
[2026-02-17 11:14:55,705] INFO: Time: 3.923944204999998; Command Current: 400; Motor Current: 401.0
[2026-02-17 11:14:55,706] INFO: Time: 3.925009474000035; Command Current: 400; Motor Current: 400.0
[2026-02-17 11:14:55,707] INFO: Time: 3.926071835999892; Command Current: 400; Motor Current: 400.0
[2026-02-17 11:14:55,708] INFO: Time: 3.9271330499998385; Command Current: 400; Motor Current: 399.0
[2026-02-17 11:14:55,709] INFO: Time: 3.928194337999912; Command Current: 400; Motor Current: 399.0
[2026-02-17 11:14:55,710] INFO: Time: 3.929254384999922; Command Current: 400; Motor Current: 399.0
[2026-02-17 11:14:55,711] INFO: Time: 3.9303139129999636; Command Current: 400; Motor Current: 398.0
[2026-02-17 11:14:55,712] INFO: Time: 3.931373201000042; Command Current: 400; Motor Current: 398.0
[2026-02-17 11:14:55,713] INFO: Time: 3.9324324889998934; Command Current: 400; Motor Current: 398.0
[2026-02-17 11:14:55,714] INFO: Time: 3.933494091999819; Command Current: 400; Motor Current: 397.0
[2026-02-17 11:14:55,716] INFO: Time: 3.9345586199999616; Command Current: 400; Motor Current: 399.0
[2026-02-17 11:14:55,716] INFO: Time: 3.93562185199994; Command Current: 400; Motor Current: 398.0
[2026-02-17 11:14:55,718] INFO: Time: 3.936698139999862; Command Current: 400; Motor Current: 398.0
[2026-02-17 11:14:55,719] INFO: Time: 3.937755835999951; Command Current: 400; Motor Current: 399.0
[2026-02-17 11:14:55,720] INFO: Time: 3.9388155120000192; Command Current: 400; Motor Current: 398.0
[2026-02-17 11:14:55,721] INFO: Time: 3.939876280999897; Command Current: 400; Motor Current: 397.0
[2026-02-17 11:14:55,722] INFO: Time: 3.9409358469999916; Command Current: 400; Motor Current: 398.0
[2026-02-17 11:14:55,723] INFO: Time: 3.941995356999996; Command Current: 400; Motor Current: 397.0
[2026-02-17 11:14:55,724] INFO: Time: 3.9430547370000113; Command Current: 400; Motor Current: 397.0
[2026-02-17 11:14:55,725] INFO: Time: 3.9441145809998943; Command Current: 400; Motor Current: 396.0
[2026-02-17 11:14:55,726] INFO: Time: 3.9451745540000047; Command Current: 400; Motor Current: 395.0
[2026-02-17 11:14:55,727] INFO: Time: 3.9462339899998824; Command Current: 400; Motor Current: 395.0
[2026-02-17 11:14:55,728] INFO: Time: 3.9472932029998447; Command Current: 400; Motor Current: 396.0
[2026-02-17 11:14:55,729] INFO: Time: 3.948351824999918; Command Current: 400; Motor Current: 396.0
[2026-02-17 11:14:55,730] INFO: Time: 3.9494107599998642; Command Current: 400; Motor Current: 396.0
[2026-02-17 11:14:55,731] INFO: Time: 3.95047234499998; Command Current: 400; Motor Current: 398.0
[2026-02-17 11:14:55,732] INFO: Time: 3.951533224999821; Command Current: 400; Motor Current: 396.0
[2026-02-17 11:14:55,733] INFO: Time: 3.9525924019999366; Command Current: 400; Motor Current: 397.0
[2026-02-17 11:14:55,734] INFO: Time: 3.9536605969999528; Command Current: 400; Motor Current: 397.0
[2026-02-17 11:14:55,736] INFO: Time: 3.954719791999878; Command Current: 400; Motor Current: 396.0
[2026-02-17 11:14:55,737] INFO: Time: 3.9557788759998402; Command Current: 400; Motor Current: 398.0
[2026-02-17 11:14:55,738] INFO: Time: 3.956838163999919; Command Current: 400; Motor Current: 397.0
[2026-02-17 11:14:55,739] INFO: Time: 3.957896951999828; Command Current: 400; Motor Current: 398.0
[2026-02-17 11:14:55,740] INFO: Time: 3.9589560169999913; Command Current: 400; Motor Current: 399.0
[2026-02-17 11:14:55,741] INFO: Time: 3.960014712999964; Command Current: 400; Motor Current: 399.0
[2026-02-17 11:14:55,742] INFO: Time: 3.9610745369998313; Command Current: 400; Motor Current: 399.0
[2026-02-17 11:14:55,743] INFO: Time: 3.9621357329999682; Command Current: 400; Motor Current: 399.0
[2026-02-17 11:14:55,744] INFO: Time: 3.963194668999904; Command Current: 400; Motor Current: 398.0
[2026-02-17 11:14:55,745] INFO: Time: 3.9642536039998504; Command Current: 400; Motor Current: 399.0
[2026-02-17 11:14:55,746] INFO: Time: 3.96531237399995; Command Current: 400; Motor Current: 398.0
[2026-02-17 11:14:55,747] INFO: Time: 3.9663711619998594; Command Current: 400; Motor Current: 399.0
[2026-02-17 11:14:55,748] INFO: Time: 3.967430671999864; Command Current: 400; Motor Current: 398.0
[2026-02-17 11:14:55,749] INFO: Time: 3.9684939779999695; Command Current: 400; Motor Current: 398.0
[2026-02-17 11:14:55,750] INFO: Time: 3.969554598999821; Command Current: 400; Motor Current: 398.0
[2026-02-17 11:14:55,751] INFO: Time: 3.9706159049999314; Command Current: 400; Motor Current: 398.0
[2026-02-17 11:14:55,753] INFO: Time: 3.9716753599998356; Command Current: 400; Motor Current: 399.0
[2026-02-17 11:14:55,754] INFO: Time: 3.972735036999893; Command Current: 400; Motor Current: 397.0
[2026-02-17 11:14:55,755] INFO: Time: 3.973795323999866; Command Current: 400; Motor Current: 399.0
[2026-02-17 11:14:55,756] INFO: Time: 3.9748544079998283; Command Current: 400; Motor Current: 398.0
[2026-02-17 11:14:55,757] INFO: Time: 3.9759144919999017; Command Current: 400; Motor Current: 398.0
[2026-02-17 11:14:55,758] INFO: Time: 3.9769734839999273; Command Current: 400; Motor Current: 400.0
[2026-02-17 11:14:55,759] INFO: Time: 3.9780322530000376; Command Current: 400; Motor Current: 400.0
[2026-02-17 11:14:55,760] INFO: Time: 3.979094262999979; Command Current: 400; Motor Current: 399.0
[2026-02-17 11:14:55,761] INFO: Time: 3.9801558659999046; Command Current: 400; Motor Current: 397.0
[2026-02-17 11:14:55,762] INFO: Time: 3.9812410429999545; Command Current: 400; Motor Current: 399.0
[2026-02-17 11:14:55,763] INFO: Time: 3.982300460000033; Command Current: 400; Motor Current: 399.0
[2026-02-17 11:14:55,764] INFO: Time: 3.9833595439999954; Command Current: 400; Motor Current: 399.0
[2026-02-17 11:14:55,765] INFO: Time: 3.984418757999947; Command Current: 400; Motor Current: 397.0
[2026-02-17 11:14:55,766] INFO: Time: 3.985477471999957; Command Current: 400; Motor Current: 398.0
[2026-02-17 11:14:55,767] INFO: Time: 3.986556389000043; Command Current: 400; Motor Current: 397.0
[2026-02-17 11:14:55,768] INFO: Time: 3.987615139999889; Command Current: 400; Motor Current: 397.0
[2026-02-17 11:14:55,769] INFO: Time: 3.988674094999851; Command Current: 400; Motor Current: 396.0
[2026-02-17 11:14:55,771] INFO: Time: 3.9897330310000143; Command Current: 400; Motor Current: 396.0
[2026-02-17 11:14:55,772] INFO: Time: 3.9907936519998657; Command Current: 400; Motor Current: 396.0
[2026-02-17 11:14:55,773] INFO: Time: 3.9918550139998388; Command Current: 400; Motor Current: 398.0
[2026-02-17 11:14:55,774] INFO: Time: 3.992914560999907; Command Current: 400; Motor Current: 397.0
[2026-02-17 11:14:55,775] INFO: Time: 3.9939738670000224; Command Current: 400; Motor Current: 398.0
[2026-02-17 11:14:55,776] INFO: Time: 3.995032802999958; Command Current: 400; Motor Current: 398.0
[2026-02-17 11:14:55,777] INFO: Time: 3.996091738999894; Command Current: 400; Motor Current: 398.0
[2026-02-17 11:14:55,778] INFO: Time: 3.9971516010000414; Command Current: 400; Motor Current: 398.0
[2026-02-17 11:14:55,779] INFO: Time: 3.998214276999988; Command Current: 400; Motor Current: 398.0
[2026-02-17 11:14:55,780] INFO: Time: 3.99927349099994; Command Current: 400; Motor Current: 398.0
[2026-02-17 11:14:55,781] INFO: Time: 4.000332352999976; Command Current: 400; Motor Current: 399.0
[2026-02-17 11:14:55,782] INFO: Time: 4.001391121999859; Command Current: 400; Motor Current: 399.0
[2026-02-17 11:14:55,783] INFO: Time: 4.002450058000022; Command Current: 400; Motor Current: 399.0
[2026-02-17 11:14:55,784] INFO: Time: 4.003512308999916; Command Current: 400; Motor Current: 399.0
[2026-02-17 11:14:55,785] INFO: Time: 4.004574466999884; Command Current: 400; Motor Current: 399.0
[2026-02-17 11:14:55,786] INFO: Time: 4.005633883999963; Command Current: 400; Motor Current: 399.0
[2026-02-17 11:14:55,788] INFO: Time: 4.006696060999957; Command Current: 400; Motor Current: 399.0
[2026-02-17 11:14:55,789] INFO: Time: 4.007755144999919; Command Current: 400; Motor Current: 399.0
[2026-02-17 11:14:55,790] INFO: Time: 4.008813895999992; Command Current: 400; Motor Current: 399.0
[2026-02-17 11:14:55,791] INFO: Time: 4.009874127999865; Command Current: 400; Motor Current: 400.0
[2026-02-17 11:14:55,792] INFO: Time: 4.010934878999933; Command Current: 400; Motor Current: 400.0
[2026-02-17 11:14:55,793] INFO: Time: 4.011994221999885; Command Current: 400; Motor Current: 399.0
[2026-02-17 11:14:55,794] INFO: Time: 4.013053176999847; Command Current: 400; Motor Current: 398.0
[2026-02-17 11:14:55,795] INFO: Time: 4.01411231599991; Command Current: 400; Motor Current: 399.0
[2026-02-17 11:14:55,796] INFO: Time: 4.015177844999926; Command Current: 400; Motor Current: 399.0
[2026-02-17 11:14:55,797] INFO: Time: 4.016248280999889; Command Current: 400; Motor Current: 398.0
[2026-02-17 11:14:55,798] INFO: Time: 4.017313661999879; Command Current: 400; Motor Current: 398.0
[2026-02-17 11:14:55,799] INFO: Time: 4.018375189999915; Command Current: 400; Motor Current: 396.0
[2026-02-17 11:14:55,800] INFO: Time: 4.019435384999952; Command Current: 400; Motor Current: 398.0
[2026-02-17 11:14:55,801] INFO: Time: 4.020496561999835; Command Current: 400; Motor Current: 398.0
[2026-02-17 11:14:55,802] INFO: Time: 4.021558127999924; Command Current: 400; Motor Current: 399.0
[2026-02-17 11:14:55,803] INFO: Time: 4.022618340999998; Command Current: 400; Motor Current: 396.0
[2026-02-17 11:14:55,805] INFO: Time: 4.02367990699986; Command Current: 400; Motor Current: 397.0
[2026-02-17 11:14:55,806] INFO: Time: 4.024739657999817; Command Current: 400; Motor Current: 397.0
[2026-02-17 11:14:55,807] INFO: Time: 4.025798926999869; Command Current: 400; Motor Current: 398.0
[2026-02-17 11:14:55,808] INFO: Time: 4.0268581589998576; Command Current: 400; Motor Current: 398.0
[2026-02-17 11:14:55,809] INFO: Time: 4.027917742999989; Command Current: 400; Motor Current: 400.0
[2026-02-17 11:14:55,810] INFO: Time: 4.028978289999941; Command Current: 400; Motor Current: 398.0
[2026-02-17 11:14:55,811] INFO: Time: 4.030038336999951; Command Current: 400; Motor Current: 400.0
[2026-02-17 11:14:55,812] INFO: Time: 4.031096791999971; Command Current: 400; Motor Current: 400.0
[2026-02-17 11:14:55,813] INFO: Time: 4.032155524000018; Command Current: 400; Motor Current: 401.0
[2026-02-17 11:14:55,814] INFO: Time: 4.033214144999874; Command Current: 400; Motor Current: 399.0
[2026-02-17 11:14:55,815] INFO: Time: 4.034273673999905; Command Current: 400; Motor Current: 399.0
[2026-02-17 11:14:55,816] INFO: Time: 4.035342535999916; Command Current: 400; Motor Current: 399.0
[2026-02-17 11:14:55,817] INFO: Time: 4.036404545999858; Command Current: 400; Motor Current: 398.0
[2026-02-17 11:14:55,818] INFO: Time: 4.03746635199991; Command Current: 400; Motor Current: 399.0
[2026-02-17 11:14:55,819] INFO: Time: 4.038527028999852; Command Current: 400; Motor Current: 397.0
[2026-02-17 11:14:55,820] INFO: Time: 4.039587390999941; Command Current: 400; Motor Current: 398.0
[2026-02-17 11:14:55,821] INFO: Time: 4.040647585999977; Command Current: 400; Motor Current: 396.0
[2026-02-17 11:14:55,823] INFO: Time: 4.041711187999908; Command Current: 400; Motor Current: 396.0
[2026-02-17 11:14:55,824] INFO: Time: 4.042744069000037; Command Current: 400; Motor Current: 395.0
[2026-02-17 11:14:55,825] INFO: Time: 4.043802818999893; Command Current: 400; Motor Current: 397.0
[2026-02-17 11:14:55,826] INFO: Time: 4.044861514999866; Command Current: 400; Motor Current: 397.0
[2026-02-17 11:14:55,827] INFO: Time: 4.045921487999976; Command Current: 400; Motor Current: 395.0
[2026-02-17 11:14:55,828] INFO: Time: 4.046981700999822; Command Current: 400; Motor Current: 397.0
[2026-02-17 11:14:55,829] INFO: Time: 4.048040821999848; Command Current: 400; Motor Current: 398.0
[2026-02-17 11:14:55,830] INFO: Time: 4.049099942999874; Command Current: 400; Motor Current: 395.0
[2026-02-17 11:14:55,831] INFO: Time: 4.050161230999947; Command Current: 400; Motor Current: 398.0
[2026-02-17 11:14:55,832] INFO: Time: 4.051221575; Command Current: 400; Motor Current: 398.0
[2026-02-17 11:14:55,833] INFO: Time: 4.052283380999825; Command Current: 400; Motor Current: 397.0
[2026-02-17 11:14:55,834] INFO: Time: 4.05334414999993; Command Current: 400; Motor Current: 400.0
[2026-02-17 11:14:55,835] INFO: Time: 4.0544030309999926; Command Current: 400; Motor Current: 399.0
[2026-02-17 11:14:55,836] INFO: Time: 4.055462022000029; Command Current: 400; Motor Current: 399.0
[2026-02-17 11:14:55,837] INFO: Time: 4.056522624999843; Command Current: 400; Motor Current: 400.0
[2026-02-17 11:14:55,838] INFO: Time: 4.05758420899997; Command Current: 400; Motor Current: 400.0
[2026-02-17 11:14:55,839] INFO: Time: 4.058643644999847; Command Current: 400; Motor Current: 400.0
[2026-02-17 11:14:55,841] INFO: Time: 4.059702969999989; Command Current: 400; Motor Current: 400.0
[2026-02-17 11:14:55,842] INFO: Time: 4.060762108999825; Command Current: 400; Motor Current: 399.0
[2026-02-17 11:14:55,843] INFO: Time: 4.061821064000014; Command Current: 400; Motor Current: 400.0
[2026-02-17 11:14:55,844] INFO: Time: 4.0628804809998655; Command Current: 400; Motor Current: 399.0
[2026-02-17 11:14:55,845] INFO: Time: 4.063941472999886; Command Current: 400; Motor Current: 399.0
[2026-02-17 11:14:55,846] INFO: Time: 4.065000445999885; Command Current: 400; Motor Current: 398.0
[2026-02-17 11:14:55,847] INFO: Time: 4.066059510999821; Command Current: 400; Motor Current: 399.0
[2026-02-17 11:14:55,848] INFO: Time: 4.067118761999836; Command Current: 400; Motor Current: 398.0
[2026-02-17 11:14:55,849] INFO: Time: 4.068177530999947; Command Current: 400; Motor Current: 397.0
[2026-02-17 11:14:55,850] INFO: Time: 4.069237208000004; Command Current: 400; Motor Current: 397.0
[2026-02-17 11:14:55,851] INFO: Time: 4.0702974959999665; Command Current: 400; Motor Current: 398.0
[2026-02-17 11:14:55,852] INFO: Time: 4.071356468999966; Command Current: 400; Motor Current: 398.0
[2026-02-17 11:14:55,853] INFO: Time: 4.072415681999928; Command Current: 400; Motor Current: 398.0
[2026-02-17 11:14:55,854] INFO: Time: 4.073473395999827; Command Current: 400; Motor Current: 398.0
[2026-02-17 11:14:55,855] INFO: Time: 4.074532257999863; Command Current: 400; Motor Current: 399.0
[2026-02-17 11:14:55,856] INFO: Time: 4.075589082999841; Command Current: 400; Motor Current: 400.0
[2026-02-17 11:14:55,857] INFO: Time: 4.076648777999935; Command Current: 400; Motor Current: 400.0
[2026-02-17 11:14:55,859] INFO: Time: 4.07770567700004; Command Current: 400; Motor Current: 400.0
[2026-02-17 11:14:55,860] INFO: Time: 4.078753352999911; Command Current: 400; Motor Current: 400.0
[2026-02-17 11:14:55,861] INFO: Time: 4.07981219699991; Command Current: 400; Motor Current: 400.0
[2026-02-17 11:14:55,862] INFO: Time: 4.080871206999973; Command Current: 400; Motor Current: 400.0
[2026-02-17 11:14:55,863] INFO: Time: 4.081931939000015; Command Current: 400; Motor Current: 400.0
[2026-02-17 11:14:55,864] INFO: Time: 4.0829927079998924; Command Current: 400; Motor Current: 401.0
[2026-02-17 11:14:55,865] INFO: Time: 4.084052310999823; Command Current: 400; Motor Current: 401.0
[2026-02-17 11:14:55,866] INFO: Time: 4.085111579999875; Command Current: 400; Motor Current: 400.0
[2026-02-17 11:14:55,867] INFO: Time: 4.086170997999943; Command Current: 400; Motor Current: 399.0
[2026-02-17 11:14:55,868] INFO: Time: 4.0872301929998684; Command Current: 400; Motor Current: 399.0
[2026-02-17 11:14:55,869] INFO: Time: 4.0882897579999735; Command Current: 400; Motor Current: 400.0
[2026-02-17 11:14:55,870] INFO: Time: 4.089350749999994; Command Current: 400; Motor Current: 400.0
[2026-02-17 11:14:55,871] INFO: Time: 4.090409907999856; Command Current: 400; Motor Current: 398.0
[2026-02-17 11:14:55,872] INFO: Time: 4.091470658999924; Command Current: 400; Motor Current: 399.0
[2026-02-17 11:14:55,873] INFO: Time: 4.092531631999918; Command Current: 400; Motor Current: 398.0
[2026-02-17 11:14:55,874] INFO: Time: 4.093613789999836; Command Current: 400; Motor Current: 397.0
[2026-02-17 11:14:55,876] INFO: Time: 4.09467468899993; Command Current: 400; Motor Current: 397.0
[2026-02-17 11:14:55,877] INFO: Time: 4.0957340509999085; Command Current: 400; Motor Current: 395.0
[2026-02-17 11:14:55,878] INFO: Time: 4.096793560999913; Command Current: 400; Motor Current: 396.0
[2026-02-17 11:14:55,879] INFO: Time: 4.097852811999928; Command Current: 400; Motor Current: 397.0
[2026-02-17 11:14:55,880] INFO: Time: 4.098911821999991; Command Current: 400; Motor Current: 397.0
[2026-02-17 11:14:55,881] INFO: Time: 4.099971905999837; Command Current: 400; Motor Current: 397.0
[2026-02-17 11:14:55,882] INFO: Time: 4.101033841999879; Command Current: 400; Motor Current: 397.0
[2026-02-17 11:14:55,883] INFO: Time: 4.102093110999931; Command Current: 400; Motor Current: 398.0
[2026-02-17 11:14:55,884] INFO: Time: 4.10315221399992; Command Current: 400; Motor Current: 399.0
[2026-02-17 11:14:55,885] INFO: Time: 4.104211426999882; Command Current: 400; Motor Current: 398.0
[2026-02-17 11:14:55,886] INFO: Time: 4.105270547999908; Command Current: 400; Motor Current: 398.0
[2026-02-17 11:14:55,887] INFO: Time: 4.106330280999828; Command Current: 400; Motor Current: 397.0
[2026-02-17 11:14:55,888] INFO: Time: 4.107392864999838; Command Current: 400; Motor Current: 398.0
[2026-02-17 11:14:55,889] INFO: Time: 4.108452911999848; Command Current: 400; Motor Current: 398.0
[2026-02-17 11:14:55,890] INFO: Time: 4.109511143999953; Command Current: 400; Motor Current: 398.0
[2026-02-17 11:14:55,891] INFO: Time: 4.11057082100001; Command Current: 400; Motor Current: 398.0
[2026-02-17 11:14:55,892] INFO: Time: 4.111630404999914; Command Current: 400; Motor Current: 399.0
[2026-02-17 11:14:55,894] INFO: Time: 4.112701488999846; Command Current: 400; Motor Current: 399.0
[2026-02-17 11:14:55,895] INFO: Time: 4.1137606469999355; Command Current: 400; Motor Current: 399.0
[2026-02-17 11:14:55,896] INFO: Time: 4.114819878999924; Command Current: 400; Motor Current: 398.0
[2026-02-17 11:14:55,897] INFO: Time: 4.115878592999934; Command Current: 400; Motor Current: 399.0
[2026-02-17 11:14:55,898] INFO: Time: 4.116937361999817; Command Current: 400; Motor Current: 400.0
[2026-02-17 11:14:55,899] INFO: Time: 4.117996575999996; Command Current: 400; Motor Current: 399.0
[2026-02-17 11:14:55,900] INFO: Time: 4.119057474999863; Command Current: 400; Motor Current: 398.0
[2026-02-17 11:14:55,901] INFO: Time: 4.120118984999863; Command Current: 400; Motor Current: 400.0
[2026-02-17 11:14:55,902] INFO: Time: 4.12118006899982; Command Current: 400; Motor Current: 399.0
[2026-02-17 11:14:55,903] INFO: Time: 4.122240152999893; Command Current: 400; Motor Current: 400.0
[2026-02-17 11:14:55,904] INFO: Time: 4.123299588999998; Command Current: 400; Motor Current: 398.0
[2026-02-17 11:14:55,905] INFO: Time: 4.12435995099986; Command Current: 400; Motor Current: 397.0
[2026-02-17 11:14:55,906] INFO: Time: 4.125421071999881; Command Current: 400; Motor Current: 400.0
[2026-02-17 11:14:55,907] INFO: Time: 4.1264804709999225; Command Current: 400; Motor Current: 400.0
[2026-02-17 11:14:55,908] INFO: Time: 4.127539443999922; Command Current: 400; Motor Current: 400.0
[2026-02-17 11:14:55,909] INFO: Time: 4.128596213000037; Command Current: 400; Motor Current: 400.0
[2026-02-17 11:14:55,910] INFO: Time: 4.129669205000027; Command Current: 400; Motor Current: 401.0
[2026-02-17 11:14:55,912] INFO: Time: 4.130734899999879; Command Current: 400; Motor Current: 400.0
[2026-02-17 11:14:55,913] INFO: Time: 4.131794594999974; Command Current: 400; Motor Current: 400.0
[2026-02-17 11:14:55,914] INFO: Time: 4.132853882999825; Command Current: 400; Motor Current: 400.0
[2026-02-17 11:14:55,915] INFO: Time: 4.13391337500002; Command Current: 400; Motor Current: 399.0
[2026-02-17 11:14:55,916] INFO: Time: 4.134972458999982; Command Current: 400; Motor Current: 399.0
[2026-02-17 11:14:55,917] INFO: Time: 4.136032376000003; Command Current: 400; Motor Current: 400.0
[2026-02-17 11:14:55,918] INFO: Time: 4.1370919229998435; Command Current: 400; Motor Current: 398.0
[2026-02-17 11:14:55,919] INFO: Time: 4.138156470000013; Command Current: 400; Motor Current: 397.0
[2026-02-17 11:14:55,920] INFO: Time: 4.139217405999943; Command Current: 400; Motor Current: 398.0
[2026-02-17 11:14:55,921] INFO: Time: 4.140276915999948; Command Current: 400; Motor Current: 396.0
[2026-02-17 11:14:55,922] INFO: Time: 4.1413362040000266; Command Current: 400; Motor Current: 397.0
[2026-02-17 11:14:55,923] INFO: Time: 4.142397010999957; Command Current: 400; Motor Current: 397.0
[2026-02-17 11:14:55,924] INFO: Time: 4.1434581129999515; Command Current: 400; Motor Current: 396.0
[2026-02-17 11:14:55,925] INFO: Time: 4.144518011999935; Command Current: 400; Motor Current: 396.0
[2026-02-17 11:14:55,926] INFO: Time: 4.145577651999929; Command Current: 400; Motor Current: 397.0
[2026-02-17 11:14:55,927] INFO: Time: 4.146638105999955; Command Current: 400; Motor Current: 394.0
[2026-02-17 11:14:55,929] INFO: Time: 4.147702949999939; Command Current: 400; Motor Current: 396.0
[2026-02-17 11:14:55,930] INFO: Time: 4.148761293000007; Command Current: 400; Motor Current: 396.0
[2026-02-17 11:14:55,931] INFO: Time: 4.149820155000043; Command Current: 400; Motor Current: 396.0
[2026-02-17 11:14:55,932] INFO: Time: 4.150879016999852; Command Current: 400; Motor Current: 396.0
[2026-02-17 11:14:55,933] INFO: Time: 4.151937896999925; Command Current: 400; Motor Current: 394.0
[2026-02-17 11:14:55,934] INFO: Time: 4.15299727699994; Command Current: 400; Motor Current: 398.0
[2026-02-17 11:14:55,935] INFO: Time: 4.154058249999935; Command Current: 400; Motor Current: 399.0
[2026-02-17 11:14:55,936] INFO: Time: 4.155117167999833; Command Current: 400; Motor Current: 399.0
[2026-02-17 11:14:55,937] INFO: Time: 4.156176677999838; Command Current: 400; Motor Current: 399.0
[2026-02-17 11:14:55,938] INFO: Time: 4.157235668999874; Command Current: 400; Motor Current: 398.0
[2026-02-17 11:14:55,939] INFO: Time: 4.158294623999836; Command Current: 400; Motor Current: 399.0
[2026-02-17 11:14:55,940] INFO: Time: 4.159353818999989; Command Current: 400; Motor Current: 398.0
[2026-02-17 11:14:55,941] INFO: Time: 4.160415661999878; Command Current: 400; Motor Current: 399.0
[2026-02-17 11:14:55,942] INFO: Time: 4.161475524000025; Command Current: 400; Motor Current: 398.0
[2026-02-17 11:14:55,943] INFO: Time: 4.162534478999987; Command Current: 400; Motor Current: 399.0
[2026-02-17 11:14:55,944] INFO: Time: 4.163593265999907; Command Current: 400; Motor Current: 398.0
[2026-02-17 11:14:55,945] INFO: Time: 4.164652627999885; Command Current: 400; Motor Current: 399.0
[2026-02-17 11:14:55,947] INFO: Time: 4.165712378999842; Command Current: 400; Motor Current: 398.0
[2026-02-17 11:14:55,948] INFO: Time: 4.166756999999961; Command Current: 400; Motor Current: 398.0
[2026-02-17 11:14:55,949] INFO: Time: 4.167816010000024; Command Current: 400; Motor Current: 399.0
[2026-02-17 11:14:55,950] INFO: Time: 4.168875167999886; Command Current: 400; Motor Current: 399.0
[2026-02-17 11:14:55,951] INFO: Time: 4.169934288999912; Command Current: 400; Motor Current: 399.0
[2026-02-17 11:14:55,952] INFO: Time: 4.170993891999842; Command Current: 400; Motor Current: 399.0
[2026-02-17 11:14:55,953] INFO: Time: 4.17205388299999; Command Current: 400; Motor Current: 398.0
[2026-02-17 11:14:55,954] INFO: Time: 4.173113096999941; Command Current: 400; Motor Current: 399.0
[2026-02-17 11:14:55,955] INFO: Time: 4.1741722919998665; Command Current: 400; Motor Current: 400.0
[2026-02-17 11:14:55,956] INFO: Time: 4.175231209999993; Command Current: 400; Motor Current: 398.0
[2026-02-17 11:14:55,957] INFO: Time: 4.176290182999992; Command Current: 400; Motor Current: 400.0
[2026-02-17 11:14:55,958] INFO: Time: 4.17734974799987; Command Current: 400; Motor Current: 399.0
[2026-02-17 11:14:55,959] INFO: Time: 4.178410480999901; Command Current: 400; Motor Current: 398.0
[2026-02-17 11:14:55,960] INFO: Time: 4.179470878999837; Command Current: 400; Motor Current: 399.0
[2026-02-17 11:14:55,961] INFO: Time: 4.180531777999931; Command Current: 400; Motor Current: 398.0
[2026-02-17 11:14:55,962] INFO: Time: 4.18161226999996; Command Current: 400; Motor Current: 400.0
[2026-02-17 11:14:55,963] INFO: Time: 4.182671947000017; Command Current: 400; Motor Current: 401.0
[2026-02-17 11:14:55,965] INFO: Time: 4.183733605000043; Command Current: 400; Motor Current: 400.0
[2026-02-17 11:14:55,966] INFO: Time: 4.184793003999857; Command Current: 400; Motor Current: 400.0
[2026-02-17 11:14:55,967] INFO: Time: 4.185851976999857; Command Current: 400; Motor Current: 398.0
[2026-02-17 11:14:55,968] INFO: Time: 4.18691085699993; Command Current: 400; Motor Current: 399.0
[2026-02-17 11:14:55,969] INFO: Time: 4.187969700999929; Command Current: 400; Motor Current: 399.0
[2026-02-17 11:14:55,970] INFO: Time: 4.1890297850000024; Command Current: 400; Motor Current: 398.0
[2026-02-17 11:14:55,971] INFO: Time: 4.190090942999859; Command Current: 400; Motor Current: 398.0
[2026-02-17 11:14:55,972] INFO: Time: 4.191150268000001; Command Current: 400; Motor Current: 396.0
[2026-02-17 11:14:55,973] INFO: Time: 4.192209778000006; Command Current: 400; Motor Current: 397.0
[2026-02-17 11:14:55,974] INFO: Time: 4.193269158000021; Command Current: 400; Motor Current: 397.0
[2026-02-17 11:14:55,975] INFO: Time: 4.194328241999983; Command Current: 400; Motor Current: 397.0
[2026-02-17 11:14:55,976] INFO: Time: 4.195387955999877; Command Current: 400; Motor Current: 397.0
[2026-02-17 11:14:55,977] INFO: Time: 4.196449281000014; Command Current: 400; Motor Current: 396.0
[2026-02-17 11:14:55,978] INFO: Time: 4.1975104020000344; Command Current: 400; Motor Current: 396.0
[2026-02-17 11:14:55,979] INFO: Time: 4.1985701529999915; Command Current: 400; Motor Current: 397.0
[2026-02-17 11:14:55,980] INFO: Time: 4.199629125999991; Command Current: 400; Motor Current: 397.0
[2026-02-17 11:14:55,982] INFO: Time: 4.200689283999964; Command Current: 400; Motor Current: 396.0
[2026-02-17 11:14:55,983] INFO: Time: 4.201750572000037; Command Current: 400; Motor Current: 397.0
[2026-02-17 11:14:55,984] INFO: Time: 4.2028096740000365; Command Current: 400; Motor Current: 398.0
[2026-02-17 11:14:55,985] INFO: Time: 4.203869109999914; Command Current: 400; Motor Current: 397.0
[2026-02-17 11:14:55,986] INFO: Time: 4.204928212999903; Command Current: 400; Motor Current: 399.0
[2026-02-17 11:14:55,987] INFO: Time: 4.205987055999913; Command Current: 400; Motor Current: 399.0
[2026-02-17 11:14:55,988] INFO: Time: 4.207046954999896; Command Current: 400; Motor Current: 400.0
[2026-02-17 11:14:55,989] INFO: Time: 4.208107779999864; Command Current: 400; Motor Current: 399.0
[2026-02-17 11:14:55,990] INFO: Time: 4.209164826999995; Command Current: 400; Motor Current: 399.0
[2026-02-17 11:14:55,991] INFO: Time: 4.210224169999947; Command Current: 400; Motor Current: 399.0
[2026-02-17 11:14:55,992] INFO: Time: 4.211283161999972; Command Current: 400; Motor Current: 399.0
[2026-02-17 11:14:55,993] INFO: Time: 4.212342115999945; Command Current: 400; Motor Current: 399.0
[2026-02-17 11:14:55,994] INFO: Time: 4.213401847999876; Command Current: 400; Motor Current: 400.0
[2026-02-17 11:14:55,995] INFO: Time: 4.2144627469999705; Command Current: 400; Motor Current: 399.0
[2026-02-17 11:14:55,996] INFO: Time: 4.215520238999943; Command Current: 400; Motor Current: 399.0
[2026-02-17 11:14:55,997] INFO: Time: 4.216579267000043; Command Current: 400; Motor Current: 400.0
[2026-02-17 11:14:55,998] INFO: Time: 4.217654129000039; Command Current: 400; Motor Current: 400.0
[2026-02-17 11:14:56,000] INFO: Time: 4.218714083999885; Command Current: 400; Motor Current: 400.0
[2026-02-17 11:14:56,001] INFO: Time: 4.219775279000032; Command Current: 400; Motor Current: 401.0
[2026-02-17 11:14:56,002] INFO: Time: 4.220834195999942; Command Current: 400; Motor Current: 400.0
[2026-02-17 11:14:56,003] INFO: Time: 4.22189329899993; Command Current: 400; Motor Current: 400.0
[2026-02-17 11:14:56,004] INFO: Time: 4.22295208699984; Command Current: 400; Motor Current: 399.0
[2026-02-17 11:14:56,005] INFO: Time: 4.22402513399993; Command Current: 400; Motor Current: 400.0
[2026-02-17 11:14:56,006] INFO: Time: 4.225119903999939; Command Current: 400; Motor Current: 399.0
[2026-02-17 11:14:56,007] INFO: Time: 4.226183135999918; Command Current: 400; Motor Current: 400.0
[2026-02-17 11:14:56,008] INFO: Time: 4.227243238000028; Command Current: 400; Motor Current: 399.0
[2026-02-17 11:14:56,009] INFO: Time: 4.228302748000033; Command Current: 400; Motor Current: 399.0
[2026-02-17 11:14:56,010] INFO: Time: 4.229362110000011; Command Current: 400; Motor Current: 400.0
[2026-02-17 11:14:56,011] INFO: Time: 4.230423639000037; Command Current: 400; Motor Current: 402.0
[2026-02-17 11:14:56,012] INFO: Time: 4.231485500999952; Command Current: 400; Motor Current: 398.0
[2026-02-17 11:14:56,014] INFO: Time: 4.232546676999846; Command Current: 400; Motor Current: 399.0
[2026-02-17 11:14:56,014] INFO: Time: 4.233610446999819; Command Current: 400; Motor Current: 399.0
[2026-02-17 11:14:56,016] INFO: Time: 4.2346701419999135; Command Current: 400; Motor Current: 398.0
[2026-02-17 11:14:56,017] INFO: Time: 4.235729578000019; Command Current: 400; Motor Current: 397.0
[2026-02-17 11:14:56,018] INFO: Time: 4.236790031999817; Command Current: 400; Motor Current: 398.0
[2026-02-17 11:14:56,019] INFO: Time: 4.237849578999885; Command Current: 400; Motor Current: 396.0
[2026-02-17 11:14:56,020] INFO: Time: 4.238908848999927; Command Current: 400; Motor Current: 396.0
[2026-02-17 11:14:56,021] INFO: Time: 4.239967765999836; Command Current: 400; Motor Current: 394.0
[2026-02-17 11:14:56,022] INFO: Time: 4.24102759099992; Command Current: 400; Motor Current: 394.0
[2026-02-17 11:14:56,023] INFO: Time: 4.242088211999999; Command Current: 400; Motor Current: 396.0
[2026-02-17 11:14:56,024] INFO: Time: 4.243147017999945; Command Current: 400; Motor Current: 395.0
[2026-02-17 11:14:56,025] INFO: Time: 4.244205824999881; Command Current: 400; Motor Current: 396.0
[2026-02-17 11:14:56,026] INFO: Time: 4.245264519999864; Command Current: 400; Motor Current: 395.0
[2026-02-17 11:14:56,027] INFO: Time: 4.24632769699997; Command Current: 400; Motor Current: 394.0
[2026-02-17 11:14:56,028] INFO: Time: 4.24738907699998; Command Current: 400; Motor Current: 396.0
[2026-02-17 11:14:56,029] INFO: Time: 4.248451197999884; Command Current: 400; Motor Current: 396.0
[2026-02-17 11:14:56,030] INFO: Time: 4.249511190000021; Command Current: 400; Motor Current: 396.0
[2026-02-17 11:14:56,031] INFO: Time: 4.250567662999856; Command Current: 400; Motor Current: 398.0
[2026-02-17 11:14:56,032] INFO: Time: 4.251627283999824; Command Current: 400; Motor Current: 397.0
[2026-02-17 11:14:56,034] INFO: Time: 4.252687460999823; Command Current: 400; Motor Current: 399.0
[2026-02-17 11:14:56,035] INFO: Time: 4.253746545000013; Command Current: 400; Motor Current: 399.0
[2026-02-17 11:14:56,036] INFO: Time: 4.254805554999848; Command Current: 400; Motor Current: 398.0
[2026-02-17 11:14:56,037] INFO: Time: 4.255864471999985; Command Current: 400; Motor Current: 399.0
[2026-02-17 11:14:56,038] INFO: Time: 4.2569232969999575; Command Current: 400; Motor Current: 398.0
[2026-02-17 11:14:56,039] INFO: Time: 4.257984065999835; Command Current: 400; Motor Current: 398.0
[2026-02-17 11:14:56,040] INFO: Time: 4.259043483999903; Command Current: 400; Motor Current: 399.0
[2026-02-17 11:14:56,041] INFO: Time: 4.2601029749998816; Command Current: 400; Motor Current: 399.0
[2026-02-17 11:14:56,042] INFO: Time: 4.26116226299996; Command Current: 400; Motor Current: 398.0
[2026-02-17 11:14:56,043] INFO: Time: 4.262221457999885; Command Current: 400; Motor Current: 398.0
[2026-02-17 11:14:56,044] INFO: Time: 4.263280430999885; Command Current: 400; Motor Current: 399.0
[2026-02-17 11:14:56,045] INFO: Time: 4.2643406629999845; Command Current: 400; Motor Current: 398.0
[2026-02-17 11:14:56,046] INFO: Time: 4.265401469999915; Command Current: 400; Motor Current: 399.0
[2026-02-17 11:14:56,047] INFO: Time: 4.266460109000036; Command Current: 400; Motor Current: 398.0
[2026-02-17 11:14:56,048] INFO: Time: 4.267519285999924; Command Current: 400; Motor Current: 399.0
[2026-02-17 11:14:56,049] INFO: Time: 4.268578684999966; Command Current: 400; Motor Current: 399.0
[2026-02-17 11:14:56,050] INFO: Time: 4.269638769000039; Command Current: 400; Motor Current: 398.0
[2026-02-17 11:14:56,052] INFO: Time: 4.270709537999892; Command Current: 400; Motor Current: 398.0
[2026-02-17 11:14:56,053] INFO: Time: 4.2717685299999175; Command Current: 400; Motor Current: 397.0
[2026-02-17 11:14:56,054] INFO: Time: 4.272827502999917; Command Current: 400; Motor Current: 399.0
[2026-02-17 11:14:56,055] INFO: Time: 4.2738864020000165; Command Current: 400; Motor Current: 398.0
[2026-02-17 11:14:56,056] INFO: Time: 4.274946986000032; Command Current: 400; Motor Current: 397.0
[2026-02-17 11:14:56,057] INFO: Time: 4.2760065509999095; Command Current: 400; Motor Current: 397.0
[2026-02-17 11:14:56,058] INFO: Time: 4.277092691000007; Command Current: 400; Motor Current: 398.0
[2026-02-17 11:14:56,059] INFO: Time: 4.278152774999853; Command Current: 400; Motor Current: 398.0
[2026-02-17 11:14:56,060] INFO: Time: 4.279212266999821; Command Current: 400; Motor Current: 399.0
[2026-02-17 11:14:56,061] INFO: Time: 4.280271591999963; Command Current: 400; Motor Current: 399.0
[2026-02-17 11:14:56,062] INFO: Time: 4.281330767999862; Command Current: 400; Motor Current: 400.0
[2026-02-17 11:14:56,063] INFO: Time: 4.282390944999861; Command Current: 400; Motor Current: 399.0
[2026-02-17 11:14:56,064] INFO: Time: 4.283456213999898; Command Current: 400; Motor Current: 398.0
[2026-02-17 11:14:56,065] INFO: Time: 4.2845192059999135; Command Current: 400; Motor Current: 399.0
[2026-02-17 11:14:56,066] INFO: Time: 4.285579382999913; Command Current: 400; Motor Current: 398.0
[2026-02-17 11:14:56,067] INFO: Time: 4.286639095999817; Command Current: 400; Motor Current: 397.0
[2026-02-17 11:14:56,069] INFO: Time: 4.287708587999987; Command Current: 400; Motor Current: 395.0
[2026-02-17 11:14:56,070] INFO: Time: 4.288769450000018; Command Current: 400; Motor Current: 397.0
[2026-02-17 11:14:56,071] INFO: Time: 4.2898619049999525; Command Current: 400; Motor Current: 394.0
[2026-02-17 11:14:56,072] INFO: Time: 4.2909198959998776; Command Current: 400; Motor Current: 395.0
[2026-02-17 11:14:56,073] INFO: Time: 4.291979331999983; Command Current: 400; Motor Current: 394.0
[2026-02-17 11:14:56,074] INFO: Time: 4.293038619999834; Command Current: 400; Motor Current: 394.0
[2026-02-17 11:14:56,075] INFO: Time: 4.294098647999817; Command Current: 400; Motor Current: 395.0
[2026-02-17 11:14:56,076] INFO: Time: 4.2951590659999965; Command Current: 400; Motor Current: 396.0
[2026-02-17 11:14:56,077] INFO: Time: 4.296218149999959; Command Current: 400; Motor Current: 394.0
[2026-02-17 11:14:56,078] INFO: Time: 4.297276918999842; Command Current: 400; Motor Current: 395.0
[2026-02-17 11:14:56,079] INFO: Time: 4.298336373999973; Command Current: 400; Motor Current: 397.0
[2026-02-17 11:14:56,080] INFO: Time: 4.299395643000025; Command Current: 400; Motor Current: 396.0
[2026-02-17 11:14:56,081] INFO: Time: 4.300455226999929; Command Current: 400; Motor Current: 397.0
[2026-02-17 11:14:56,082] INFO: Time: 4.301516866999918; Command Current: 400; Motor Current: 397.0
[2026-02-17 11:14:56,083] INFO: Time: 4.302576061999844; Command Current: 400; Motor Current: 397.0
[2026-02-17 11:14:56,084] INFO: Time: 4.3036350159998165; Command Current: 400; Motor Current: 399.0
[2026-02-17 11:14:56,086] INFO: Time: 4.304707544999928; Command Current: 400; Motor Current: 399.0
[2026-02-17 11:14:56,087] INFO: Time: 4.305767387999822; Command Current: 400; Motor Current: 398.0
[2026-02-17 11:14:56,088] INFO: Time: 4.306827453999858; Command Current: 400; Motor Current: 398.0
[2026-02-17 11:14:56,089] INFO: Time: 4.3078867049998735; Command Current: 400; Motor Current: 399.0
[2026-02-17 11:14:56,090] INFO: Time: 4.308945936999862; Command Current: 400; Motor Current: 399.0
[2026-02-17 11:14:56,091] INFO: Time: 4.310004909999861; Command Current: 400; Motor Current: 399.0
[2026-02-17 11:14:56,092] INFO: Time: 4.311063882999861; Command Current: 400; Motor Current: 399.0
[2026-02-17 11:14:56,093] INFO: Time: 4.312123410999902; Command Current: 400; Motor Current: 399.0
[2026-02-17 11:14:56,094] INFO: Time: 4.3131840879998435; Command Current: 400; Motor Current: 398.0
[2026-02-17 11:14:56,095] INFO: Time: 4.3142438200000015; Command Current: 400; Motor Current: 398.0
[2026-02-17 11:14:56,096] INFO: Time: 4.31530305299998; Command Current: 400; Motor Current: 398.0
[2026-02-17 11:14:56,097] INFO: Time: 4.316362376999905; Command Current: 400; Motor Current: 398.0
[2026-02-17 11:14:56,098] INFO: Time: 4.31742168400001; Command Current: 400; Motor Current: 399.0
[2026-02-17 11:14:56,099] INFO: Time: 4.318484100999967; Command Current: 400; Motor Current: 399.0
[2026-02-17 11:14:56,100] INFO: Time: 4.319544499999893; Command Current: 400; Motor Current: 399.0
[2026-02-17 11:14:56,101] INFO: Time: 4.320603825000035; Command Current: 400; Motor Current: 400.0
[2026-02-17 11:14:56,102] INFO: Time: 4.3216627790000075; Command Current: 400; Motor Current: 399.0
[2026-02-17 11:14:56,104] INFO: Time: 4.322721585999943; Command Current: 400; Motor Current: 398.0
[2026-02-17 11:14:56,105] INFO: Time: 4.3237814659999; Command Current: 400; Motor Current: 399.0
[2026-02-17 11:14:56,106] INFO: Time: 4.324841587000037; Command Current: 400; Motor Current: 398.0
[2026-02-17 11:14:56,107] INFO: Time: 4.3259002639999835; Command Current: 400; Motor Current: 399.0
[2026-02-17 11:14:56,108] INFO: Time: 4.326959292999845; Command Current: 400; Motor Current: 399.0
[2026-02-17 11:14:56,109] INFO: Time: 4.3280179509999925; Command Current: 400; Motor Current: 398.0
[2026-02-17 11:14:56,110] INFO: Time: 4.3290765529998225; Command Current: 400; Motor Current: 400.0
[2026-02-17 11:14:56,111] INFO: Time: 4.3301361559999805; Command Current: 400; Motor Current: 399.0
[2026-02-17 11:14:56,112] INFO: Time: 4.3311959069999375; Command Current: 400; Motor Current: 399.0
[2026-02-17 11:14:56,113] INFO: Time: 4.332254749999947; Command Current: 400; Motor Current: 400.0
[2026-02-17 11:14:56,114] INFO: Time: 4.333313333999968; Command Current: 400; Motor Current: 398.0
[2026-02-17 11:14:56,115] INFO: Time: 4.334372085000041; Command Current: 400; Motor Current: 398.0
[2026-02-17 11:14:56,116] INFO: Time: 4.335432075999961; Command Current: 400; Motor Current: 397.0
[2026-02-17 11:14:56,117] INFO: Time: 4.336492012000008; Command Current: 400; Motor Current: 399.0
[2026-02-17 11:14:56,118] INFO: Time: 4.337579077999862; Command Current: 400; Motor Current: 397.0
[2026-02-17 11:14:56,119] INFO: Time: 4.338638124999989; Command Current: 400; Motor Current: 398.0
[2026-02-17 11:14:56,121] INFO: Time: 4.339710116999868; Command Current: 400; Motor Current: 398.0
[2026-02-17 11:14:56,122] INFO: Time: 4.340771442000005; Command Current: 400; Motor Current: 400.0
[2026-02-17 11:14:56,123] INFO: Time: 4.341833637000036; Command Current: 400; Motor Current: 400.0
[2026-02-17 11:14:56,124] INFO: Time: 4.342893461999893; Command Current: 400; Motor Current: 399.0
[2026-02-17 11:14:56,125] INFO: Time: 4.343952971999897; Command Current: 400; Motor Current: 399.0
[2026-02-17 11:14:56,126] INFO: Time: 4.345012278000013; Command Current: 400; Motor Current: 400.0
[2026-02-17 11:14:56,127] INFO: Time: 4.3460718069998165; Command Current: 400; Motor Current: 400.0
[2026-02-17 11:14:56,128] INFO: Time: 4.347132205999969; Command Current: 400; Motor Current: 401.0
[2026-02-17 11:14:56,129] INFO: Time: 4.348194178999847; Command Current: 400; Motor Current: 399.0
[2026-02-17 11:14:56,130] INFO: Time: 4.349254373999884; Command Current: 400; Motor Current: 399.0
[2026-02-17 11:14:56,131] INFO: Time: 4.350313716999835; Command Current: 400; Motor Current: 399.0
[2026-02-17 11:14:56,132] INFO: Time: 4.3513728569998875; Command Current: 400; Motor Current: 400.0
[2026-02-17 11:14:56,133] INFO: Time: 4.352432441000019; Command Current: 400; Motor Current: 400.0
[2026-02-17 11:14:56,134] INFO: Time: 4.353491414000018; Command Current: 400; Motor Current: 399.0
[2026-02-17 11:14:56,135] INFO: Time: 4.354570701999819; Command Current: 400; Motor Current: 400.0
[2026-02-17 11:14:56,136] INFO: Time: 4.3556303969999135; Command Current: 400; Motor Current: 400.0
[2026-02-17 11:14:56,138] INFO: Time: 4.356689591999839; Command Current: 400; Motor Current: 400.0
[2026-02-17 11:14:56,139] INFO: Time: 4.357749732000002; Command Current: 400; Motor Current: 400.0
[2026-02-17 11:14:56,140] INFO: Time: 4.358810723000033; Command Current: 400; Motor Current: 399.0
[2026-02-17 11:14:56,141] INFO: Time: 4.359870510999826; Command Current: 400; Motor Current: 399.0
[2026-02-17 11:14:56,142] INFO: Time: 4.360930020999831; Command Current: 400; Motor Current: 400.0
[2026-02-17 11:14:56,143] INFO: Time: 4.361989215999984; Command Current: 400; Motor Current: 399.0
[2026-02-17 11:14:56,144] INFO: Time: 4.363048559999925; Command Current: 400; Motor Current: 400.0
[2026-02-17 11:14:56,145] INFO: Time: 4.364108180999892; Command Current: 400; Motor Current: 401.0
[2026-02-17 11:14:56,146] INFO: Time: 4.3651692649998495; Command Current: 400; Motor Current: 401.0
[2026-02-17 11:14:56,147] INFO: Time: 4.3662287189999915; Command Current: 400; Motor Current: 400.0
[2026-02-17 11:14:56,148] INFO: Time: 4.367288043999906; Command Current: 400; Motor Current: 401.0
[2026-02-17 11:14:56,149] INFO: Time: 4.368347035999932; Command Current: 400; Motor Current: 398.0
[2026-02-17 11:14:56,150] INFO: Time: 4.369405841999878; Command Current: 400; Motor Current: 399.0
[2026-02-17 11:14:56,151] INFO: Time: 4.370466073999978; Command Current: 400; Motor Current: 399.0
[2026-02-17 11:14:56,152] INFO: Time: 4.371528509999962; Command Current: 400; Motor Current: 399.0
[2026-02-17 11:14:56,153] INFO: Time: 4.372588371999882; Command Current: 400; Motor Current: 398.0
[2026-02-17 11:14:56,154] INFO: Time: 4.373648048999939; Command Current: 400; Motor Current: 398.0
[2026-02-17 11:14:56,156] INFO: Time: 4.3747114109999075; Command Current: 400; Motor Current: 400.0
[2026-02-17 11:14:56,157] INFO: Time: 4.375771457999917; Command Current: 400; Motor Current: 398.0
[2026-02-17 11:14:56,158] INFO: Time: 4.3768329309998535; Command Current: 400; Motor Current: 400.0
[2026-02-17 11:14:56,159] INFO: Time: 4.3778923669999585; Command Current: 400; Motor Current: 399.0
[2026-02-17 11:14:56,160] INFO: Time: 4.378951636000011; Command Current: 400; Motor Current: 400.0
[2026-02-17 11:14:56,161] INFO: Time: 4.380010628000036; Command Current: 400; Motor Current: 400.0
[2026-02-17 11:14:56,162] INFO: Time: 4.381069433999983; Command Current: 400; Motor Current: 400.0
[2026-02-17 11:14:56,163] INFO: Time: 4.382129035999924; Command Current: 400; Motor Current: 399.0
[2026-02-17 11:14:56,164] INFO: Time: 4.383191027999828; Command Current: 400; Motor Current: 401.0
[2026-02-17 11:14:56,165] INFO: Time: 4.384250630999986; Command Current: 400; Motor Current: 400.0
[2026-02-17 11:14:56,166] INFO: Time: 4.385309900000038; Command Current: 400; Motor Current: 399.0
[2026-02-17 11:14:56,167] INFO: Time: 4.386370336000027; Command Current: 400; Motor Current: 398.0
[2026-02-17 11:14:56,168] INFO: Time: 4.387430937999852; Command Current: 400; Motor Current: 397.0
[2026-02-17 11:14:56,170] INFO: Time: 4.388700394999887; Command Current: 400; Motor Current: 398.0
[2026-02-17 11:14:56,171] INFO: Time: 4.389805015999855; Command Current: 400; Motor Current: 397.0
[2026-02-17 11:14:56,172] INFO: Time: 4.3908673409998755; Command Current: 400; Motor Current: 397.0
[2026-02-17 11:14:56,173] INFO: Time: 4.3919286660000125; Command Current: 400; Motor Current: 397.0
[2026-02-17 11:14:56,174] INFO: Time: 4.392988546999959; Command Current: 400; Motor Current: 397.0
[2026-02-17 11:14:56,175] INFO: Time: 4.39405620499997; Command Current: 400; Motor Current: 396.0
[2026-02-17 11:14:56,176] INFO: Time: 4.395117085000038; Command Current: 400; Motor Current: 397.0
[2026-02-17 11:14:56,177] INFO: Time: 4.396177557999863; Command Current: 400; Motor Current: 396.0
[2026-02-17 11:14:56,178] INFO: Time: 4.397238141999878; Command Current: 400; Motor Current: 397.0
[2026-02-17 11:14:56,179] INFO: Time: 4.398298282000042; Command Current: 400; Motor Current: 397.0
[2026-02-17 11:14:56,180] INFO: Time: 4.399355439999908; Command Current: 400; Motor Current: 395.0
[2026-02-17 11:14:56,181] INFO: Time: 4.400419616999898; Command Current: 400; Motor Current: 395.0
[2026-02-17 11:14:56,182] INFO: Time: 4.401482218999945; Command Current: 400; Motor Current: 397.0
[2026-02-17 11:14:56,183] INFO: Time: 4.402542154999992; Command Current: 400; Motor Current: 398.0
[2026-02-17 11:14:56,184] INFO: Time: 4.403605295000034; Command Current: 400; Motor Current: 399.0
[2026-02-17 11:14:56,185] INFO: Time: 4.404664878999938; Command Current: 400; Motor Current: 400.0
[2026-02-17 11:14:56,187] INFO: Time: 4.405762203999984; Command Current: 400; Motor Current: 399.0
[2026-02-17 11:14:56,188] INFO: Time: 4.406836232999922; Command Current: 400; Motor Current: 400.0
[2026-02-17 11:14:56,189] INFO: Time: 4.4078967989999; Command Current: 400; Motor Current: 399.0
[2026-02-17 11:14:56,190] INFO: Time: 4.408958790000042; Command Current: 400; Motor Current: 399.0
[2026-02-17 11:14:56,191] INFO: Time: 4.410020114999952; Command Current: 400; Motor Current: 399.0
[2026-02-17 11:14:56,192] INFO: Time: 4.411080902999856; Command Current: 400; Motor Current: 398.0
[2026-02-17 11:14:56,193] INFO: Time: 4.412141856999824; Command Current: 400; Motor Current: 398.0
[2026-02-17 11:14:56,194] INFO: Time: 4.4132033119999505; Command Current: 400; Motor Current: 398.0
[2026-02-17 11:14:56,195] INFO: Time: 4.414268340000035; Command Current: 400; Motor Current: 397.0
[2026-02-17 11:14:56,196] INFO: Time: 4.415332294999871; Command Current: 400; Motor Current: 398.0
[2026-02-17 11:14:56,197] INFO: Time: 4.416393841999934; Command Current: 400; Motor Current: 398.0
[2026-02-17 11:14:56,198] INFO: Time: 4.417454832999965; Command Current: 400; Motor Current: 398.0
[2026-02-17 11:14:56,199] INFO: Time: 4.41851656599988; Command Current: 400; Motor Current: 398.0
[2026-02-17 11:14:56,200] INFO: Time: 4.419578445999832; Command Current: 400; Motor Current: 399.0
[2026-02-17 11:14:56,201] INFO: Time: 4.420637548999821; Command Current: 400; Motor Current: 399.0
[2026-02-17 11:14:56,203] INFO: Time: 4.421696724999947; Command Current: 400; Motor Current: 398.0
[2026-02-17 11:14:56,204] INFO: Time: 4.422744957999839; Command Current: 400; Motor Current: 398.0
[2026-02-17 11:14:56,205] INFO: Time: 4.42380474499987; Command Current: 400; Motor Current: 396.0
[2026-02-17 11:14:56,206] INFO: Time: 4.424864200000002; Command Current: 400; Motor Current: 397.0
[2026-02-17 11:14:56,207] INFO: Time: 4.425923116999911; Command Current: 400; Motor Current: 398.0
[2026-02-17 11:14:56,208] INFO: Time: 4.426982016000011; Command Current: 400; Motor Current: 399.0
[2026-02-17 11:14:56,209] INFO: Time: 4.428040896999846; Command Current: 400; Motor Current: 397.0
[2026-02-17 11:14:56,210] INFO: Time: 4.429100535999851; Command Current: 400; Motor Current: 399.0
[2026-02-17 11:14:56,211] INFO: Time: 4.430161101999829; Command Current: 400; Motor Current: 398.0
[2026-02-17 11:14:56,212] INFO: Time: 4.431220648999897; Command Current: 400; Motor Current: 400.0
[2026-02-17 11:14:56,213] INFO: Time: 4.432280602999981; Command Current: 400; Motor Current: 401.0
[2026-02-17 11:14:56,214] INFO: Time: 4.433340020999822; Command Current: 400; Motor Current: 400.0
[2026-02-17 11:14:56,215] INFO: Time: 4.434399400999837; Command Current: 400; Motor Current: 397.0
[2026-02-17 11:14:56,216] INFO: Time: 4.435459781999953; Command Current: 400; Motor Current: 397.0
[2026-02-17 11:14:56,217] INFO: Time: 4.43652079200001; Command Current: 400; Motor Current: 398.0
[2026-02-17 11:14:56,218] INFO: Time: 4.437580189999835; Command Current: 400; Motor Current: 397.0
[2026-02-17 11:14:56,219] INFO: Time: 4.438639385999977; Command Current: 400; Motor Current: 396.0
[2026-02-17 11:14:56,221] INFO: Time: 4.4396960809999655; Command Current: 400; Motor Current: 396.0
[2026-02-17 11:14:56,222] INFO: Time: 4.440756460999864; Command Current: 400; Motor Current: 395.0
[2026-02-17 11:14:56,223] INFO: Time: 4.441816230999848; Command Current: 400; Motor Current: 396.0
[2026-02-17 11:14:56,224] INFO: Time: 4.442875221999884; Command Current: 400; Motor Current: 395.0
[2026-02-17 11:14:56,225] INFO: Time: 4.443934305999846; Command Current: 400; Motor Current: 396.0
[2026-02-17 11:14:56,226] INFO: Time: 4.444993186999909; Command Current: 400; Motor Current: 397.0
[2026-02-17 11:14:56,227] INFO: Time: 4.446052047999956; Command Current: 400; Motor Current: 394.0
[2026-02-17 11:14:56,228] INFO: Time: 4.447110983999892; Command Current: 400; Motor Current: 395.0
[2026-02-17 11:14:56,229] INFO: Time: 4.448171623999997; Command Current: 400; Motor Current: 397.0
[2026-02-17 11:14:56,230] INFO: Time: 4.449230837999949; Command Current: 400; Motor Current: 396.0
[2026-02-17 11:14:56,231] INFO: Time: 4.450289828999985; Command Current: 400; Motor Current: 397.0
[2026-02-17 11:14:56,232] INFO: Time: 4.451348672999984; Command Current: 400; Motor Current: 397.0
[2026-02-17 11:14:56,233] INFO: Time: 4.452407441999867; Command Current: 400; Motor Current: 396.0
[2026-02-17 11:14:56,234] INFO: Time: 4.45346880399984; Command Current: 400; Motor Current: 397.0
[2026-02-17 11:14:56,235] INFO: Time: 4.45452877699995; Command Current: 400; Motor Current: 398.0
[2026-02-17 11:14:56,236] INFO: Time: 4.455589063999923; Command Current: 400; Motor Current: 398.0
[2026-02-17 11:14:56,237] INFO: Time: 4.4566482039999755; Command Current: 400; Motor Current: 399.0
[2026-02-17 11:14:56,239] INFO: Time: 4.4577424179999525; Command Current: 400; Motor Current: 399.0
[2026-02-17 11:14:56,240] INFO: Time: 4.4588125759999; Command Current: 400; Motor Current: 398.0
[2026-02-17 11:14:56,241] INFO: Time: 4.4598715489998995; Command Current: 400; Motor Current: 398.0
[2026-02-17 11:14:56,242] INFO: Time: 4.4609312999998565; Command Current: 400; Motor Current: 399.0
[2026-02-17 11:14:56,243] INFO: Time: 4.461990143999856; Command Current: 400; Motor Current: 398.0
[2026-02-17 11:14:56,244] INFO: Time: 4.463048856999876; Command Current: 400; Motor Current: 399.0
[2026-02-17 11:14:56,245] INFO: Time: 4.464108885999849; Command Current: 400; Motor Current: 400.0
[2026-02-17 11:14:56,246] INFO: Time: 4.465170432999912; Command Current: 400; Motor Current: 400.0
[2026-02-17 11:14:56,247] INFO: Time: 4.466229405999911; Command Current: 400; Motor Current: 399.0
[2026-02-17 11:14:56,248] INFO: Time: 4.467288045000032; Command Current: 400; Motor Current: 399.0
[2026-02-17 11:14:56,249] INFO: Time: 4.468346906999841; Command Current: 400; Motor Current: 400.0
[2026-02-17 11:14:56,250] INFO: Time: 4.469405657999914; Command Current: 400; Motor Current: 399.0
[2026-02-17 11:14:56,251] INFO: Time: 4.470465852999951; Command Current: 400; Motor Current: 400.0
[2026-02-17 11:14:56,252] INFO: Time: 4.471527288999823; Command Current: 400; Motor Current: 400.0
[2026-02-17 11:14:56,253] INFO: Time: 4.472587891999865; Command Current: 400; Motor Current: 400.0
[2026-02-17 11:14:56,254] INFO: Time: 4.473664623999866; Command Current: 400; Motor Current: 399.0
[2026-02-17 11:14:56,256] INFO: Time: 4.474721690000024; Command Current: 400; Motor Current: 399.0
[2026-02-17 11:14:56,257] INFO: Time: 4.475781384999891; Command Current: 400; Motor Current: 399.0
[2026-02-17 11:14:56,258] INFO: Time: 4.476842061999832; Command Current: 400; Motor Current: 399.0
[2026-02-17 11:14:56,259] INFO: Time: 4.477901034999832; Command Current: 400; Motor Current: 398.0
[2026-02-17 11:14:56,260] INFO: Time: 4.478959989000032; Command Current: 400; Motor Current: 400.0
[2026-02-17 11:14:56,261] INFO: Time: 4.480018757999915; Command Current: 400; Motor Current: 399.0
[2026-02-17 11:14:56,262] INFO: Time: 4.4810775829998875; Command Current: 400; Motor Current: 398.0
[2026-02-17 11:14:56,263] INFO: Time: 4.48213824100003; Command Current: 400; Motor Current: 397.0
[2026-02-17 11:14:56,264] INFO: Time: 4.483199881000019; Command Current: 400; Motor Current: 397.0
[2026-02-17 11:14:56,265] INFO: Time: 4.484259205999933; Command Current: 400; Motor Current: 397.0
[2026-02-17 11:14:56,266] INFO: Time: 4.485322919999817; Command Current: 400; Motor Current: 399.0
[2026-02-17 11:14:56,267] INFO: Time: 4.4863890409999385; Command Current: 400; Motor Current: 396.0
[2026-02-17 11:14:56,268] INFO: Time: 4.487451902999965; Command Current: 400; Motor Current: 396.0
[2026-02-17 11:14:56,269] INFO: Time: 4.488516208999954; Command Current: 400; Motor Current: 396.0
[2026-02-17 11:14:56,270] INFO: Time: 4.489578755999901; Command Current: 400; Motor Current: 396.0
[2026-02-17 11:14:56,271] INFO: Time: 4.490638877000038; Command Current: 400; Motor Current: 395.0
[2026-02-17 11:14:56,273] INFO: Time: 4.491698369000005; Command Current: 400; Motor Current: 396.0
[2026-02-17 11:14:56,274] INFO: Time: 4.492757490000031; Command Current: 400; Motor Current: 396.0
[2026-02-17 11:14:56,275] INFO: Time: 4.493817519000004; Command Current: 400; Motor Current: 395.0
[2026-02-17 11:14:56,276] INFO: Time: 4.494878046999929; Command Current: 400; Motor Current: 396.0
[2026-02-17 11:14:56,277] INFO: Time: 4.495937593999997; Command Current: 400; Motor Current: 397.0
[2026-02-17 11:14:56,278] INFO: Time: 4.4969968819998485; Command Current: 400; Motor Current: 397.0
[2026-02-17 11:14:56,279] INFO: Time: 4.4980564289999165; Command Current: 400; Motor Current: 398.0
[2026-02-17 11:14:56,280] INFO: Time: 4.499115660999905; Command Current: 400; Motor Current: 397.0
[2026-02-17 11:14:56,281] INFO: Time: 4.500175152999873; Command Current: 400; Motor Current: 398.0
[2026-02-17 11:14:56,282] INFO: Time: 4.501234588999978; Command Current: 400; Motor Current: 398.0
[2026-02-17 11:14:56,283] INFO: Time: 4.502293599000041; Command Current: 400; Motor Current: 398.0
[2026-02-17 11:14:56,284] INFO: Time: 4.503352663999976; Command Current: 400; Motor Current: 398.0
[2026-02-17 11:14:56,285] INFO: Time: 4.504411636999976; Command Current: 400; Motor Current: 399.0
[2026-02-17 11:14:56,286] INFO: Time: 4.505470665999837; Command Current: 400; Motor Current: 398.0
[2026-02-17 11:14:56,287] INFO: Time: 4.50653265699998; Command Current: 400; Motor Current: 397.0
[2026-02-17 11:14:56,288] INFO: Time: 4.507592907999879; Command Current: 400; Motor Current: 398.0
[2026-02-17 11:14:56,289] INFO: Time: 4.50865230699992; Command Current: 400; Motor Current: 397.0
[2026-02-17 11:14:56,291] INFO: Time: 4.509718021000026; Command Current: 400; Motor Current: 398.0
[2026-02-17 11:14:56,292] INFO: Time: 4.510777067999925; Command Current: 400; Motor Current: 398.0
[2026-02-17 11:14:56,293] INFO: Time: 4.5118361889999505; Command Current: 400; Motor Current: 398.0
[2026-02-17 11:14:56,294] INFO: Time: 4.512897087999818; Command Current: 400; Motor Current: 399.0
[2026-02-17 11:14:56,295] INFO: Time: 4.513955930999828; Command Current: 400; Motor Current: 397.0
[2026-02-17 11:14:56,296] INFO: Time: 4.51501499699998; Command Current: 400; Motor Current: 398.0
[2026-02-17 11:14:56,297] INFO: Time: 4.5160744139998314; Command Current: 400; Motor Current: 397.0
[2026-02-17 11:14:56,298] INFO: Time: 4.517133145999878; Command Current: 400; Motor Current: 399.0
[2026-02-17 11:14:56,299] INFO: Time: 4.518192767999835; Command Current: 400; Motor Current: 398.0
[2026-02-17 11:14:56,300] INFO: Time: 4.519252851999909; Command Current: 400; Motor Current: 399.0
[2026-02-17 11:14:56,301] INFO: Time: 4.520312398999977; Command Current: 400; Motor Current: 399.0
[2026-02-17 11:14:56,302] INFO: Time: 4.521371649999992; Command Current: 400; Motor Current: 397.0
[2026-02-17 11:14:56,303] INFO: Time: 4.522430973999917; Command Current: 400; Motor Current: 397.0
[2026-02-17 11:14:56,304] INFO: Time: 4.52350300299986; Command Current: 400; Motor Current: 399.0
[2026-02-17 11:14:56,305] INFO: Time: 4.524583216999872; Command Current: 400; Motor Current: 398.0
[2026-02-17 11:14:56,306] INFO: Time: 4.525643244999856; Command Current: 400; Motor Current: 398.0
[2026-02-17 11:14:56,308] INFO: Time: 4.526716478000026; Command Current: 400; Motor Current: 399.0
[2026-02-17 11:14:56,309] INFO: Time: 4.527775487999861; Command Current: 400; Motor Current: 399.0
[2026-02-17 11:14:56,310] INFO: Time: 4.528834219999908; Command Current: 400; Motor Current: 399.0
[2026-02-17 11:14:56,311] INFO: Time: 4.5298937299999125; Command Current: 400; Motor Current: 399.0
[2026-02-17 11:14:56,312] INFO: Time: 4.530954795999833; Command Current: 400; Motor Current: 398.0
[2026-02-17 11:14:56,313] INFO: Time: 4.532013916999858; Command Current: 400; Motor Current: 399.0
[2026-02-17 11:14:56,314] INFO: Time: 4.533097982999834; Command Current: 400; Motor Current: 399.0
[2026-02-17 11:14:56,315] INFO: Time: 4.534157010999934; Command Current: 400; Motor Current: 397.0
[2026-02-17 11:14:56,316] INFO: Time: 4.5352159100000335; Command Current: 400; Motor Current: 396.0
[2026-02-17 11:14:56,317] INFO: Time: 4.5362760499999695; Command Current: 400; Motor Current: 397.0
[2026-02-17 11:14:56,318] INFO: Time: 4.537337485999842; Command Current: 400; Motor Current: 396.0
[2026-02-17 11:14:56,319] INFO: Time: 4.538396995999847; Command Current: 400; Motor Current: 394.0
[2026-02-17 11:14:56,320] INFO: Time: 4.539456505999851; Command Current: 400; Motor Current: 394.0
[2026-02-17 11:14:56,321] INFO: Time: 4.540514126999824; Command Current: 400; Motor Current: 392.0
[2026-02-17 11:14:56,322] INFO: Time: 4.541580970000041; Command Current: 400; Motor Current: 394.0
[2026-02-17 11:14:56,323] INFO: Time: 4.54263855399995; Command Current: 400; Motor Current: 395.0
[2026-02-17 11:14:56,325] INFO: Time: 4.54369974999986; Command Current: 400; Motor Current: 396.0
[2026-02-17 11:14:56,326] INFO: Time: 4.5447585929998695; Command Current: 400; Motor Current: 395.0
[2026-02-17 11:14:56,327] INFO: Time: 4.545817898999985; Command Current: 400; Motor Current: 396.0
[2026-02-17 11:14:56,328] INFO: Time: 4.546876927999847; Command Current: 400; Motor Current: 396.0
[2026-02-17 11:14:56,329] INFO: Time: 4.54793567899992; Command Current: 400; Motor Current: 396.0
[2026-02-17 11:14:56,330] INFO: Time: 4.548995058999935; Command Current: 400; Motor Current: 396.0
[2026-02-17 11:14:56,331] INFO: Time: 4.550056531999871; Command Current: 400; Motor Current: 395.0
[2026-02-17 11:14:56,332] INFO: Time: 4.5511160229998495; Command Current: 400; Motor Current: 397.0
[2026-02-17 11:14:56,333] INFO: Time: 4.552175125999838; Command Current: 400; Motor Current: 397.0
[2026-02-17 11:14:56,334] INFO: Time: 4.553242783999849; Command Current: 400; Motor Current: 397.0
[2026-02-17 11:14:56,335] INFO: Time: 4.554304441999875; Command Current: 400; Motor Current: 397.0
[2026-02-17 11:14:56,336] INFO: Time: 4.555368396999938; Command Current: 400; Motor Current: 396.0
[2026-02-17 11:14:56,337] INFO: Time: 4.5564980929998455; Command Current: 400; Motor Current: 397.0
[2026-02-17 11:14:56,338] INFO: Time: 4.5575832699998955; Command Current: 400; Motor Current: 398.0
[2026-02-17 11:14:56,339] INFO: Time: 4.558643928000038; Command Current: 400; Motor Current: 398.0
[2026-02-17 11:14:56,341] INFO: Time: 4.559718530999817; Command Current: 400; Motor Current: 397.0
[2026-02-17 11:14:56,342] INFO: Time: 4.56077887399988; Command Current: 400; Motor Current: 397.0
[2026-02-17 11:14:56,343] INFO: Time: 4.561839439999858; Command Current: 400; Motor Current: 398.0
[2026-02-17 11:14:56,344] INFO: Time: 4.562898189999942; Command Current: 400; Motor Current: 398.0
[2026-02-17 11:14:56,345] INFO: Time: 4.563962644999947; Command Current: 400; Motor Current: 398.0
[2026-02-17 11:14:56,346] INFO: Time: 4.565024635999862; Command Current: 400; Motor Current: 398.0
[2026-02-17 11:14:56,347] INFO: Time: 4.5660839239999405; Command Current: 400; Motor Current: 399.0
[2026-02-17 11:14:56,348] INFO: Time: 4.5671436749998975; Command Current: 400; Motor Current: 399.0
[2026-02-17 11:14:56,349] INFO: Time: 4.568204221999849; Command Current: 400; Motor Current: 398.0
[2026-02-17 11:14:56,350] INFO: Time: 4.5692632689999755; Command Current: 400; Motor Current: 400.0
[2026-02-17 11:14:56,351] INFO: Time: 4.570322111999985; Command Current: 400; Motor Current: 399.0
[2026-02-17 11:14:56,352] INFO: Time: 4.571380899999895; Command Current: 400; Motor Current: 400.0
[2026-02-17 11:14:56,353] INFO: Time: 4.572439761999931; Command Current: 400; Motor Current: 400.0
[2026-02-17 11:14:56,354] INFO: Time: 4.573498364999978; Command Current: 400; Motor Current: 398.0
[2026-02-17 11:14:56,355] INFO: Time: 4.574558985999829; Command Current: 400; Motor Current: 400.0
[2026-02-17 11:14:56,356] INFO: Time: 4.575617792000003; Command Current: 400; Motor Current: 400.0
[2026-02-17 11:14:56,357] INFO: Time: 4.576676875999965; Command Current: 400; Motor Current: 401.0
[2026-02-17 11:14:56,359] INFO: Time: 4.5777418679999755; Command Current: 400; Motor Current: 400.0
[2026-02-17 11:14:56,360] INFO: Time: 4.5788017299998955; Command Current: 400; Motor Current: 401.0
[2026-02-17 11:14:56,361] INFO: Time: 4.579860461999942; Command Current: 400; Motor Current: 400.0
[2026-02-17 11:14:56,362] INFO: Time: 4.580919656999868; Command Current: 400; Motor Current: 401.0
[2026-02-17 11:14:56,363] INFO: Time: 4.581978703999994; Command Current: 400; Motor Current: 399.0
[2026-02-17 11:14:56,364] INFO: Time: 4.583037713999829; Command Current: 400; Motor Current: 401.0
[2026-02-17 11:14:56,365] INFO: Time: 4.584098297999844; Command Current: 400; Motor Current: 400.0
[2026-02-17 11:14:56,366] INFO: Time: 4.58515888199986; Command Current: 400; Motor Current: 399.0
[2026-02-17 11:14:56,367] INFO: Time: 4.586218355000028; Command Current: 400; Motor Current: 397.0
[2026-02-17 11:14:56,368] INFO: Time: 4.587277272999927; Command Current: 400; Motor Current: 397.0
[2026-02-17 11:14:56,369] INFO: Time: 4.588336078999873; Command Current: 400; Motor Current: 398.0
[2026-02-17 11:14:56,370] INFO: Time: 4.5893949409999095; Command Current: 400; Motor Current: 396.0
[2026-02-17 11:14:56,371] INFO: Time: 4.5904546919998666; Command Current: 400; Motor Current: 394.0
[2026-02-17 11:14:56,372] INFO: Time: 4.5915147389998765; Command Current: 400; Motor Current: 397.0
[2026-02-17 11:14:56,373] INFO: Time: 4.5925854899999194; Command Current: 400; Motor Current: 395.0
[2026-02-17 11:14:56,374] INFO: Time: 4.593646110999998; Command Current: 400; Motor Current: 395.0
[2026-02-17 11:14:56,376] INFO: Time: 4.594705046999934; Command Current: 400; Motor Current: 395.0
[2026-02-17 11:14:56,377] INFO: Time: 4.595765131000007; Command Current: 400; Motor Current: 396.0
[2026-02-17 11:14:56,378] INFO: Time: 4.596825807999949; Command Current: 400; Motor Current: 397.0
[2026-02-17 11:14:56,379] INFO: Time: 4.5978845399999955; Command Current: 400; Motor Current: 399.0
[2026-02-17 11:14:56,380] INFO: Time: 4.59894380899982; Command Current: 400; Motor Current: 398.0
[2026-02-17 11:14:56,381] INFO: Time: 4.6000026889998935; Command Current: 400; Motor Current: 399.0
[2026-02-17 11:14:56,382] INFO: Time: 4.601061847999972; Command Current: 400; Motor Current: 399.0
[2026-02-17 11:14:56,383] INFO: Time: 4.602121784000019; Command Current: 400; Motor Current: 399.0
[2026-02-17 11:14:56,384] INFO: Time: 4.603182627000024; Command Current: 400; Motor Current: 399.0
[2026-02-17 11:14:56,385] INFO: Time: 4.604241878000039; Command Current: 400; Motor Current: 399.0
[2026-02-17 11:14:56,386] INFO: Time: 4.605300868999848; Command Current: 400; Motor Current: 398.0
[2026-02-17 11:14:56,387] INFO: Time: 4.6063598609998735; Command Current: 400; Motor Current: 399.0
[2026-02-17 11:14:56,388] INFO: Time: 4.607420797000032; Command Current: 400; Motor Current: 397.0
[2026-02-17 11:14:56,389] INFO: Time: 4.608483732999957; Command Current: 400; Motor Current: 399.0
[2026-02-17 11:14:56,390] INFO: Time: 4.609568927999817; Command Current: 400; Motor Current: 399.0
[2026-02-17 11:14:56,391] INFO: Time: 4.610628048999843; Command Current: 400; Motor Current: 398.0
[2026-02-17 11:14:56,392] INFO: Time: 4.611687058999905; Command Current: 400; Motor Current: 400.0
[2026-02-17 11:14:56,394] INFO: Time: 4.612746290999894; Command Current: 400; Motor Current: 398.0
[2026-02-17 11:14:56,395] INFO: Time: 4.613806337999904; Command Current: 400; Motor Current: 399.0
[2026-02-17 11:14:56,396] INFO: Time: 4.614867273999835; Command Current: 400; Motor Current: 400.0
[2026-02-17 11:14:56,397] INFO: Time: 4.615926820999903; Command Current: 400; Motor Current: 400.0
[2026-02-17 11:14:56,398] INFO: Time: 4.61698636899996; Command Current: 400; Motor Current: 401.0
[2026-02-17 11:14:56,399] INFO: Time: 4.618045767000012; Command Current: 400; Motor Current: 400.0
[2026-02-17 11:14:56,400] INFO: Time: 4.619104517999858; Command Current: 400; Motor Current: 400.0
[2026-02-17 11:14:56,401] INFO: Time: 4.620164842999884; Command Current: 400; Motor Current: 400.0
[2026-02-17 11:14:56,402] INFO: Time: 4.621226557; Command Current: 400; Motor Current: 399.0
[2026-02-17 11:14:56,403] INFO: Time: 4.622286232999841; Command Current: 400; Motor Current: 399.0
[2026-02-17 11:14:56,404] INFO: Time: 4.623345409999956; Command Current: 400; Motor Current: 399.0
[2026-02-17 11:14:56,405] INFO: Time: 4.624404753999897; Command Current: 400; Motor Current: 398.0
[2026-02-17 11:14:56,406] INFO: Time: 4.625463559999844; Command Current: 400; Motor Current: 398.0
[2026-02-17 11:14:56,407] INFO: Time: 4.626525848000028; Command Current: 400; Motor Current: 398.0
[2026-02-17 11:14:56,408] INFO: Time: 4.627586727999869; Command Current: 400; Motor Current: 398.0
[2026-02-17 11:14:56,410] INFO: Time: 4.628652293999949; Command Current: 400; Motor Current: 398.0
[2026-02-17 11:14:56,411] INFO: Time: 4.629729655999881; Command Current: 400; Motor Current: 400.0
[2026-02-17 11:14:56,412] INFO: Time: 4.6307905179999125; Command Current: 400; Motor Current: 397.0
[2026-02-17 11:14:56,413] INFO: Time: 4.631850953999901; Command Current: 400; Motor Current: 398.0
[2026-02-17 11:14:56,414] INFO: Time: 4.632911481999827; Command Current: 400; Motor Current: 398.0
[2026-02-17 11:14:56,415] INFO: Time: 4.633971195999948; Command Current: 400; Motor Current: 396.0
[2026-02-17 11:14:56,416] INFO: Time: 4.635030575999963; Command Current: 400; Motor Current: 397.0
[2026-02-17 11:14:56,417] INFO: Time: 4.636089845000015; Command Current: 400; Motor Current: 396.0
[2026-02-17 11:14:56,418] INFO: Time: 4.63714898499984; Command Current: 400; Motor Current: 395.0
[2026-02-17 11:14:56,419] INFO: Time: 4.638209125000003; Command Current: 400; Motor Current: 396.0
[2026-02-17 11:14:56,420] INFO: Time: 4.639269431000002; Command Current: 400; Motor Current: 396.0
[2026-02-17 11:14:56,421] INFO: Time: 4.640328662999991; Command Current: 400; Motor Current: 395.0
[2026-02-17 11:14:56,422] INFO: Time: 4.64138750699999; Command Current: 400; Motor Current: 396.0
[2026-02-17 11:14:56,423] INFO: Time: 4.642446386999836; Command Current: 400; Motor Current: 395.0
[2026-02-17 11:14:56,424] INFO: Time: 4.64350495299982; Command Current: 400; Motor Current: 397.0
[2026-02-17 11:14:56,425] INFO: Time: 4.644584888999816; Command Current: 400; Motor Current: 398.0
[2026-02-17 11:14:56,426] INFO: Time: 4.645644824999863; Command Current: 400; Motor Current: 397.0
[2026-02-17 11:14:56,428] INFO: Time: 4.646703649999836; Command Current: 400; Motor Current: 397.0
[2026-02-17 11:14:56,429] INFO: Time: 4.647762251999893; Command Current: 400; Motor Current: 398.0
[2026-02-17 11:14:56,430] INFO: Time: 4.648820687999887; Command Current: 400; Motor Current: 399.0
[2026-02-17 11:14:56,431] INFO: Time: 4.649880419999818; Command Current: 400; Motor Current: 398.0
[2026-02-17 11:14:56,432] INFO: Time: 4.6509402269998645; Command Current: 400; Motor Current: 399.0
[2026-02-17 11:14:56,433] INFO: Time: 4.651998847999948; Command Current: 400; Motor Current: 399.0
[2026-02-17 11:14:56,434] INFO: Time: 4.653058153999837; Command Current: 400; Motor Current: 398.0
[2026-02-17 11:14:56,435] INFO: Time: 4.654116737999857; Command Current: 400; Motor Current: 400.0
[2026-02-17 11:14:56,436] INFO: Time: 4.655175137000015; Command Current: 400; Motor Current: 399.0
[2026-02-17 11:14:56,437] INFO: Time: 4.656234424999866; Command Current: 400; Motor Current: 398.0
[2026-02-17 11:14:56,438] INFO: Time: 4.6572938980000345; Command Current: 400; Motor Current: 398.0
[2026-02-17 11:14:56,439] INFO: Time: 4.658352537999917; Command Current: 400; Motor Current: 399.0
[2026-02-17 11:14:56,440] INFO: Time: 4.659410880999985; Command Current: 400; Motor Current: 398.0
[2026-02-17 11:14:56,441] INFO: Time: 4.660469465000006; Command Current: 400; Motor Current: 398.0
[2026-02-17 11:14:56,442] INFO: Time: 4.6615260119999675; Command Current: 400; Motor Current: 400.0
[2026-02-17 11:14:56,443] INFO: Time: 4.662586021999914; Command Current: 400; Motor Current: 399.0
[2026-02-17 11:14:56,444] INFO: Time: 4.663646457999903; Command Current: 400; Motor Current: 399.0
[2026-02-17 11:14:56,446] INFO: Time: 4.664703430999907; Command Current: 400; Motor Current: 398.0
[2026-02-17 11:14:56,447] INFO: Time: 4.665759995999906; Command Current: 400; Motor Current: 401.0
[2026-02-17 11:14:56,448] INFO: Time: 4.666816950999873; Command Current: 400; Motor Current: 402.0
[2026-02-17 11:14:56,449] INFO: Time: 4.6678759979999995; Command Current: 400; Motor Current: 400.0
[2026-02-17 11:14:56,450] INFO: Time: 4.668935766999994; Command Current: 400; Motor Current: 400.0
[2026-02-17 11:14:56,451] INFO: Time: 4.669995887999903; Command Current: 400; Motor Current: 401.0
[2026-02-17 11:14:56,452] INFO: Time: 4.671056490999945; Command Current: 400; Motor Current: 400.0
[2026-02-17 11:14:56,453] INFO: Time: 4.67211574199996; Command Current: 400; Motor Current: 401.0
[2026-02-17 11:14:56,454] INFO: Time: 4.67318499299995; Command Current: 400; Motor Current: 400.0
[2026-02-17 11:14:56,455] INFO: Time: 4.674244410000028; Command Current: 400; Motor Current: 399.0
[2026-02-17 11:14:56,456] INFO: Time: 4.675310956999965; Command Current: 400; Motor Current: 399.0
[2026-02-17 11:14:56,457] INFO: Time: 4.676375688999997; Command Current: 400; Motor Current: 399.0
[2026-02-17 11:14:56,458] INFO: Time: 4.6774364959999275; Command Current: 400; Motor Current: 399.0
[2026-02-17 11:14:56,459] INFO: Time: 4.678494894999858; Command Current: 400; Motor Current: 397.0
[2026-02-17 11:14:56,460] INFO: Time: 4.6795547189999525; Command Current: 400; Motor Current: 400.0
[2026-02-17 11:14:56,461] INFO: Time: 4.680614933000015; Command Current: 400; Motor Current: 399.0
[2026-02-17 11:14:56,463] INFO: Time: 4.681676387999914; Command Current: 400; Motor Current: 399.0
[2026-02-17 11:14:56,464] INFO: Time: 4.682737712999824; Command Current: 400; Motor Current: 398.0
[2026-02-17 11:14:56,465] INFO: Time: 4.683797463000019; Command Current: 400; Motor Current: 398.0
[2026-02-17 11:14:56,466] INFO: Time: 4.684856324999828; Command Current: 400; Motor Current: 399.0
[2026-02-17 11:14:56,467] INFO: Time: 4.685914834999949; Command Current: 400; Motor Current: 399.0
[2026-02-17 11:14:56,468] INFO: Time: 4.686974715999895; Command Current: 400; Motor Current: 398.0
[2026-02-17 11:14:56,469] INFO: Time: 4.688035521999836; Command Current: 400; Motor Current: 395.0
[2026-02-17 11:14:56,470] INFO: Time: 4.68909542099982; Command Current: 400; Motor Current: 395.0
[2026-02-17 11:14:56,471] INFO: Time: 4.690154559999883; Command Current: 400; Motor Current: 395.0
[2026-02-17 11:14:56,472] INFO: Time: 4.691213958999924; Command Current: 400; Motor Current: 396.0
[2026-02-17 11:14:56,473] INFO: Time: 4.692273191999902; Command Current: 400; Motor Current: 397.0
[2026-02-17 11:14:56,474] INFO: Time: 4.693332830999907; Command Current: 400; Motor Current: 396.0
[2026-02-17 11:14:56,475] INFO: Time: 4.694394675000012; Command Current: 400; Motor Current: 397.0
[2026-02-17 11:14:56,476] INFO: Time: 4.69545442499998; Command Current: 400; Motor Current: 398.0
[2026-02-17 11:14:56,477] INFO: Time: 4.696513565000032; Command Current: 400; Motor Current: 397.0
[2026-02-17 11:14:56,478] INFO: Time: 4.697571907999873; Command Current: 400; Motor Current: 397.0
[2026-02-17 11:14:56,479] INFO: Time: 4.698629214999983; Command Current: 400; Motor Current: 397.0
[2026-02-17 11:14:56,481] INFO: Time: 4.69969029899994; Command Current: 400; Motor Current: 398.0
[2026-02-17 11:14:56,482] INFO: Time: 4.700749123999913; Command Current: 400; Motor Current: 398.0
[2026-02-17 11:14:56,483] INFO: Time: 4.701808447999838; Command Current: 400; Motor Current: 398.0
[2026-02-17 11:14:56,484] INFO: Time: 4.702867235999975; Command Current: 400; Motor Current: 398.0
[2026-02-17 11:14:56,485] INFO: Time: 4.703926098000011; Command Current: 400; Motor Current: 398.0
[2026-02-17 11:14:56,486] INFO: Time: 4.70498621899992; Command Current: 400; Motor Current: 399.0
[2026-02-17 11:14:56,487] INFO: Time: 4.706048765999867; Command Current: 400; Motor Current: 399.0
[2026-02-17 11:14:56,488] INFO: Time: 4.707108405999861; Command Current: 400; Motor Current: 399.0
[2026-02-17 11:14:56,489] INFO: Time: 4.70816743499995; Command Current: 400; Motor Current: 398.0
[2026-02-17 11:14:56,490] INFO: Time: 4.709226610999849; Command Current: 400; Motor Current: 398.0
[2026-02-17 11:14:56,491] INFO: Time: 4.710285602999875; Command Current: 400; Motor Current: 399.0
[2026-02-17 11:14:56,492] INFO: Time: 4.7113536499998645; Command Current: 400; Motor Current: 399.0
[2026-02-17 11:14:56,493] INFO: Time: 4.712456548999853; Command Current: 400; Motor Current: 400.0
[2026-02-17 11:14:56,494] INFO: Time: 4.713517577999937; Command Current: 400; Motor Current: 397.0
[2026-02-17 11:14:56,495] INFO: Time: 4.714591939999991; Command Current: 400; Motor Current: 399.0
[2026-02-17 11:14:56,496] INFO: Time: 4.715649560999964; Command Current: 400; Motor Current: 399.0
[2026-02-17 11:14:56,498] INFO: Time: 4.716709181999931; Command Current: 400; Motor Current: 398.0
[2026-02-17 11:14:56,499] INFO: Time: 4.71776961799992; Command Current: 400; Motor Current: 399.0
[2026-02-17 11:14:56,500] INFO: Time: 4.7188287019998825; Command Current: 400; Motor Current: 399.0
[2026-02-17 11:14:56,501] INFO: Time: 4.7198881560000245; Command Current: 400; Motor Current: 400.0
[2026-02-17 11:14:56,502] INFO: Time: 4.720947389000003; Command Current: 400; Motor Current: 400.0
[2026-02-17 11:14:56,503] INFO: Time: 4.722006546999864; Command Current: 400; Motor Current: 399.0
[2026-02-17 11:14:56,504] INFO: Time: 4.723066852999864; Command Current: 400; Motor Current: 400.0
[2026-02-17 11:14:56,505] INFO: Time: 4.724127344999943; Command Current: 400; Motor Current: 401.0
[2026-02-17 11:14:56,506] INFO: Time: 4.725187021000011; Command Current: 400; Motor Current: 400.0
[2026-02-17 11:14:56,507] INFO: Time: 4.726246143000026; Command Current: 400; Motor Current: 399.0
[2026-02-17 11:14:56,508] INFO: Time: 4.727304652999919; Command Current: 400; Motor Current: 400.0
[2026-02-17 11:14:56,509] INFO: Time: 4.728363513999966; Command Current: 400; Motor Current: 401.0
[2026-02-17 11:14:56,510] INFO: Time: 4.729423486999849; Command Current: 400; Motor Current: 402.0
[2026-02-17 11:14:56,511] INFO: Time: 4.7304905899998175; Command Current: 400; Motor Current: 401.0
[2026-02-17 11:14:56,512] INFO: Time: 4.731552581999949; Command Current: 400; Motor Current: 398.0
[2026-02-17 11:14:56,513] INFO: Time: 4.732612388000007; Command Current: 400; Motor Current: 399.0
[2026-02-17 11:14:56,514] INFO: Time: 4.7336721019999; Command Current: 400; Motor Current: 398.0
[2026-02-17 11:14:56,516] INFO: Time: 4.734737686000017; Command Current: 400; Motor Current: 398.0
[2026-02-17 11:14:56,517] INFO: Time: 4.7357986219999475; Command Current: 400; Motor Current: 397.0
[2026-02-17 11:14:56,518] INFO: Time: 4.736857594999947; Command Current: 400; Motor Current: 397.0
[2026-02-17 11:14:56,519] INFO: Time: 4.7379167340000095; Command Current: 400; Motor Current: 396.0
[2026-02-17 11:14:56,520] INFO: Time: 4.738975799999935; Command Current: 400; Motor Current: 396.0
[2026-02-17 11:14:56,521] INFO: Time: 4.7400345319999815; Command Current: 400; Motor Current: 394.0
[2026-02-17 11:14:56,522] INFO: Time: 4.741094578999991; Command Current: 400; Motor Current: 396.0
[2026-02-17 11:14:56,523] INFO: Time: 4.742155496999885; Command Current: 400; Motor Current: 396.0
[2026-02-17 11:14:56,524] INFO: Time: 4.743214544000011; Command Current: 400; Motor Current: 395.0
[2026-02-17 11:14:56,525] INFO: Time: 4.744273238999995; Command Current: 400; Motor Current: 396.0
[2026-02-17 11:14:56,526] INFO: Time: 4.74533249000001; Command Current: 400; Motor Current: 396.0
[2026-02-17 11:14:56,527] INFO: Time: 4.746391258999893; Command Current: 400; Motor Current: 396.0
[2026-02-17 11:14:56,528] INFO: Time: 4.74745093599995; Command Current: 400; Motor Current: 397.0
[2026-02-17 11:14:56,529] INFO: Time: 4.748511074999897; Command Current: 400; Motor Current: 398.0
[2026-02-17 11:14:56,530] INFO: Time: 4.749587788999861; Command Current: 400; Motor Current: 398.0
[2026-02-17 11:14:56,531] INFO: Time: 4.750644557999976; Command Current: 400; Motor Current: 399.0
[2026-02-17 11:14:56,533] INFO: Time: 4.751703586999838; Command Current: 400; Motor Current: 397.0
[2026-02-17 11:14:56,534] INFO: Time: 4.752766707999854; Command Current: 400; Motor Current: 398.0
[2026-02-17 11:14:56,535] INFO: Time: 4.753828384999906; Command Current: 400; Motor Current: 398.0
[2026-02-17 11:14:56,536] INFO: Time: 4.7548884689999795; Command Current: 400; Motor Current: 399.0
[2026-02-17 11:14:56,537] INFO: Time: 4.755947719999995; Command Current: 400; Motor Current: 399.0
[2026-02-17 11:14:56,538] INFO: Time: 4.757006803999957; Command Current: 400; Motor Current: 399.0
[2026-02-17 11:14:56,539] INFO: Time: 4.75806562899993; Command Current: 400; Motor Current: 398.0
[2026-02-17 11:14:56,540] INFO: Time: 4.759125249999897; Command Current: 400; Motor Current: 399.0
[2026-02-17 11:14:56,541] INFO: Time: 4.760185555999897; Command Current: 400; Motor Current: 399.0
[2026-02-17 11:14:56,542] INFO: Time: 4.761245195999891; Command Current: 400; Motor Current: 399.0
[2026-02-17 11:14:56,543] INFO: Time: 4.762304594999932; Command Current: 400; Motor Current: 399.0
[2026-02-17 11:14:56,544] INFO: Time: 4.763364290000027; Command Current: 400; Motor Current: 399.0
[2026-02-17 11:14:56,545] INFO: Time: 4.764423595999915; Command Current: 400; Motor Current: 399.0
[2026-02-17 11:14:56,546] INFO: Time: 4.765484698999899; Command Current: 400; Motor Current: 398.0
[2026-02-17 11:14:56,547] INFO: Time: 4.766545578999967; Command Current: 400; Motor Current: 399.0
[2026-02-17 11:14:56,548] INFO: Time: 4.767604533999929; Command Current: 400; Motor Current: 399.0
[2026-02-17 11:14:56,549] INFO: Time: 4.768663562000029; Command Current: 400; Motor Current: 399.0
[2026-02-17 11:14:56,551] INFO: Time: 4.76972436799997; Command Current: 400; Motor Current: 399.0
[2026-02-17 11:14:56,552] INFO: Time: 4.770778564000011; Command Current: 400; Motor Current: 399.0
[2026-02-17 11:14:56,553] INFO: Time: 4.771838702999958; Command Current: 400; Motor Current: 398.0
[2026-02-17 11:14:56,554] INFO: Time: 4.772897897999883; Command Current: 400; Motor Current: 399.0
[2026-02-17 11:14:56,555] INFO: Time: 4.773979223999959; Command Current: 400; Motor Current: 399.0
[2026-02-17 11:14:56,556] INFO: Time: 4.7750383449999845; Command Current: 400; Motor Current: 396.0
[2026-02-17 11:14:56,557] INFO: Time: 4.776097835999963; Command Current: 400; Motor Current: 398.0
[2026-02-17 11:14:56,558] INFO: Time: 4.777158234999888; Command Current: 400; Motor Current: 398.0
[2026-02-17 11:14:56,559] INFO: Time: 4.778218059999972; Command Current: 400; Motor Current: 397.0
[2026-02-17 11:14:56,560] INFO: Time: 4.779277273999924; Command Current: 400; Motor Current: 398.0
[2026-02-17 11:14:56,561] INFO: Time: 4.780336283999986; Command Current: 400; Motor Current: 397.0
[2026-02-17 11:14:56,562] INFO: Time: 4.781395237999959; Command Current: 400; Motor Current: 398.0
[2026-02-17 11:14:56,563] INFO: Time: 4.782457210999837; Command Current: 400; Motor Current: 398.0
[2026-02-17 11:14:56,564] INFO: Time: 4.783519221000006; Command Current: 400; Motor Current: 400.0
[2026-02-17 11:14:56,565] INFO: Time: 4.784591619999901; Command Current: 400; Motor Current: 399.0
[2026-02-17 11:14:56,566] INFO: Time: 4.785652408000033; Command Current: 400; Motor Current: 399.0
[2026-02-17 11:14:56,568] INFO: Time: 4.786711770000011; Command Current: 400; Motor Current: 398.0
[2026-02-17 11:14:56,569] INFO: Time: 4.7877713169998515; Command Current: 400; Motor Current: 397.0
[2026-02-17 11:14:56,570] INFO: Time: 4.788832511999999; Command Current: 400; Motor Current: 398.0
[2026-02-17 11:14:56,571] INFO: Time: 4.789891947999877; Command Current: 400; Motor Current: 396.0
[2026-02-17 11:14:56,572] INFO: Time: 4.790950920999876; Command Current: 400; Motor Current: 395.0
[2026-02-17 11:14:56,573] INFO: Time: 4.792009838000013; Command Current: 400; Motor Current: 396.0
[2026-02-17 11:14:56,574] INFO: Time: 4.793068440999832; Command Current: 400; Motor Current: 395.0
[2026-02-17 11:14:56,575] INFO: Time: 4.794128672999932; Command Current: 400; Motor Current: 397.0
[2026-02-17 11:14:56,576] INFO: Time: 4.795190849999926; Command Current: 400; Motor Current: 397.0
[2026-02-17 11:14:56,577] INFO: Time: 4.79625048999992; Command Current: 400; Motor Current: 397.0
[2026-02-17 11:14:56,578] INFO: Time: 4.797310388999904; Command Current: 400; Motor Current: 399.0
[2026-02-17 11:14:56,579] INFO: Time: 4.798369675999993; Command Current: 400; Motor Current: 399.0
[2026-02-17 11:14:56,580] INFO: Time: 4.799428798000008; Command Current: 400; Motor Current: 398.0
[2026-02-17 11:14:56,581] INFO: Time: 4.800490715000024; Command Current: 400; Motor Current: 400.0
[2026-02-17 11:14:56,582] INFO: Time: 4.801551502999928; Command Current: 400; Motor Current: 401.0
[2026-02-17 11:14:56,583] INFO: Time: 4.802610308999874; Command Current: 400; Motor Current: 398.0
[2026-02-17 11:14:56,584] INFO: Time: 4.803669151999884; Command Current: 400; Motor Current: 400.0
[2026-02-17 11:14:56,586] INFO: Time: 4.804737791999969; Command Current: 400; Motor Current: 399.0
[2026-02-17 11:14:56,587] INFO: Time: 4.8057993019999685; Command Current: 400; Motor Current: 399.0
[2026-02-17 11:14:56,588] INFO: Time: 4.80685857200001; Command Current: 400; Motor Current: 399.0
[2026-02-17 11:14:56,589] INFO: Time: 4.807918025999925; Command Current: 400; Motor Current: 399.0
[2026-02-17 11:14:56,590] INFO: Time: 4.808977665999919; Command Current: 400; Motor Current: 398.0
[2026-02-17 11:14:56,591] INFO: Time: 4.810036545999992; Command Current: 400; Motor Current: 399.0
[2026-02-17 11:14:56,592] INFO: Time: 4.811095962999843; Command Current: 400; Motor Current: 399.0
[2026-02-17 11:14:56,593] INFO: Time: 4.81215710299989; Command Current: 400; Motor Current: 400.0
[2026-02-17 11:14:56,594] INFO: Time: 4.813216834999821; Command Current: 400; Motor Current: 399.0
[2026-02-17 11:14:56,595] INFO: Time: 4.814284864000001; Command Current: 400; Motor Current: 398.0
[2026-02-17 11:14:56,596] INFO: Time: 4.815347873999826; Command Current: 400; Motor Current: 399.0
[2026-02-17 11:14:56,597] INFO: Time: 4.816406551; Command Current: 400; Motor Current: 400.0
[2026-02-17 11:14:56,598] INFO: Time: 4.81746902399982; Command Current: 400; Motor Current: 399.0
[2026-02-17 11:14:56,599] INFO: Time: 4.818529849000015; Command Current: 400; Motor Current: 399.0
[2026-02-17 11:14:56,600] INFO: Time: 4.819595876999983; Command Current: 400; Motor Current: 399.0
[2026-02-17 11:14:56,601] INFO: Time: 4.820656497999835; Command Current: 400; Motor Current: 397.0
[2026-02-17 11:14:56,603] INFO: Time: 4.821728805000021; Command Current: 400; Motor Current: 399.0
[2026-02-17 11:14:56,604] INFO: Time: 4.822789703999888; Command Current: 400; Motor Current: 399.0
[2026-02-17 11:14:56,605] INFO: Time: 4.823849547000009; Command Current: 400; Motor Current: 400.0
[2026-02-17 11:14:56,606] INFO: Time: 4.824908723999897; Command Current: 400; Motor Current: 400.0
[2026-02-17 11:14:56,607] INFO: Time: 4.8259675299998435; Command Current: 400; Motor Current: 400.0
[2026-02-17 11:14:56,608] INFO: Time: 4.827026466000007; Command Current: 400; Motor Current: 399.0
[2026-02-17 11:14:56,609] INFO: Time: 4.8280852349998895; Command Current: 400; Motor Current: 400.0
[2026-02-17 11:14:56,610] INFO: Time: 4.8291447639999205; Command Current: 400; Motor Current: 398.0
[2026-02-17 11:14:56,611] INFO: Time: 4.830205236999973; Command Current: 400; Motor Current: 399.0
[2026-02-17 11:14:56,612] INFO: Time: 4.831264228000009; Command Current: 400; Motor Current: 399.0
[2026-02-17 11:14:56,613] INFO: Time: 4.832323145999908; Command Current: 400; Motor Current: 400.0
[2026-02-17 11:14:56,614] INFO: Time: 4.833382025999981; Command Current: 400; Motor Current: 398.0
[2026-02-17 11:14:56,615] INFO: Time: 4.834441703000039; Command Current: 400; Motor Current: 396.0
[2026-02-17 11:14:56,616] INFO: Time: 4.835501472000033; Command Current: 400; Motor Current: 396.0
[2026-02-17 11:14:56,617] INFO: Time: 4.8365623709999; Command Current: 400; Motor Current: 397.0
[2026-02-17 11:14:56,618] INFO: Time: 4.837619324999878; Command Current: 400; Motor Current: 398.0
[2026-02-17 11:14:56,619] INFO: Time: 4.838678501999993; Command Current: 400; Motor Current: 398.0
[2026-02-17 11:14:56,621] INFO: Time: 4.839735307999945; Command Current: 400; Motor Current: 397.0
[2026-02-17 11:14:56,622] INFO: Time: 4.840794577999986; Command Current: 400; Motor Current: 397.0
[2026-02-17 11:14:56,623] INFO: Time: 4.841854643000033; Command Current: 400; Motor Current: 398.0
[2026-02-17 11:14:56,624] INFO: Time: 4.842913578999969; Command Current: 400; Motor Current: 397.0
[2026-02-17 11:14:56,625] INFO: Time: 4.843971996999926; Command Current: 400; Motor Current: 398.0
[2026-02-17 11:14:56,626] INFO: Time: 4.845030394999867; Command Current: 400; Motor Current: 400.0
[2026-02-17 11:14:56,627] INFO: Time: 4.846089183000004; Command Current: 400; Motor Current: 399.0
[2026-02-17 11:14:56,628] INFO: Time: 4.847148266999966; Command Current: 400; Motor Current: 399.0
[2026-02-17 11:14:56,629] INFO: Time: 4.848208258999875; Command Current: 400; Motor Current: 399.0
[2026-02-17 11:14:56,630] INFO: Time: 4.8492676209998535; Command Current: 400; Motor Current: 398.0
[2026-02-17 11:14:56,631] INFO: Time: 4.850326427000027; Command Current: 400; Motor Current: 397.0
[2026-02-17 11:14:56,632] INFO: Time: 4.851385789000005; Command Current: 400; Motor Current: 399.0
[2026-02-17 11:14:56,633] INFO: Time: 4.852444762000005; Command Current: 400; Motor Current: 399.0
[2026-02-17 11:14:56,634] INFO: Time: 4.853507308999951; Command Current: 400; Motor Current: 399.0
[2026-02-17 11:14:56,635] INFO: Time: 4.854567725999914; Command Current: 400; Motor Current: 399.0
[2026-02-17 11:14:56,636] INFO: Time: 4.855626698999913; Command Current: 400; Motor Current: 399.0
[2026-02-17 11:14:56,637] INFO: Time: 4.856685671999912; Command Current: 400; Motor Current: 401.0
[2026-02-17 11:14:56,639] INFO: Time: 4.857746867999822; Command Current: 400; Motor Current: 401.0
[2026-02-17 11:14:56,640] INFO: Time: 4.858806748000006; Command Current: 400; Motor Current: 398.0
[2026-02-17 11:14:56,641] INFO: Time: 4.8598665909999; Command Current: 400; Motor Current: 399.0
[2026-02-17 11:14:56,642] INFO: Time: 4.860925341999973; Command Current: 400; Motor Current: 398.0
[2026-02-17 11:14:56,643] INFO: Time: 4.861984407999898; Command Current: 400; Motor Current: 399.0
[2026-02-17 11:14:56,644] INFO: Time: 4.863044472999945; Command Current: 400; Motor Current: 397.0
[2026-02-17 11:14:56,645] INFO: Time: 4.864104260999966; Command Current: 400; Motor Current: 399.0
[2026-02-17 11:14:56,646] INFO: Time: 4.865189881999868; Command Current: 400; Motor Current: 401.0
[2026-02-17 11:14:56,647] INFO: Time: 4.866250188999857; Command Current: 400; Motor Current: 401.0
[2026-02-17 11:14:56,648] INFO: Time: 4.867309272999819; Command Current: 400; Motor Current: 400.0
[2026-02-17 11:14:56,649] INFO: Time: 4.8683686719998605; Command Current: 400; Motor Current: 399.0
[2026-02-17 11:14:56,650] INFO: Time: 4.869427384999881; Command Current: 400; Motor Current: 399.0
[2026-02-17 11:14:56,651] INFO: Time: 4.87048782099987; Command Current: 400; Motor Current: 400.0
[2026-02-17 11:14:56,652] INFO: Time: 4.871548590999964; Command Current: 400; Motor Current: 398.0
[2026-02-17 11:14:56,653] INFO: Time: 4.872607137999921; Command Current: 400; Motor Current: 396.0
[2026-02-17 11:14:56,654] INFO: Time: 4.873684406999928; Command Current: 400; Motor Current: 396.0
[2026-02-17 11:14:56,656] INFO: Time: 4.874743750999869; Command Current: 400; Motor Current: 398.0
[2026-02-17 11:14:56,657] INFO: Time: 4.875804056999868; Command Current: 400; Motor Current: 398.0
[2026-02-17 11:14:56,658] INFO: Time: 4.876863084999968; Command Current: 400; Motor Current: 399.0
[2026-02-17 11:14:56,659] INFO: Time: 4.877922131999867; Command Current: 400; Motor Current: 399.0
[2026-02-17 11:14:56,660] INFO: Time: 4.87898082799984; Command Current: 400; Motor Current: 400.0
[2026-02-17 11:14:56,661] INFO: Time: 4.880040374999908; Command Current: 400; Motor Current: 401.0
[2026-02-17 11:14:56,662] INFO: Time: 4.881102088000034; Command Current: 400; Motor Current: 400.0
[2026-02-17 11:14:56,663] INFO: Time: 4.882161486999848; Command Current: 400; Motor Current: 399.0
[2026-02-17 11:14:56,664] INFO: Time: 4.883220774999927; Command Current: 400; Motor Current: 398.0
[2026-02-17 11:14:56,665] INFO: Time: 4.884279580999873; Command Current: 400; Motor Current: 398.0
[2026-02-17 11:14:56,666] INFO: Time: 4.885338461999936; Command Current: 400; Motor Current: 398.0
[2026-02-17 11:14:56,667] INFO: Time: 4.8863984719998825; Command Current: 400; Motor Current: 399.0
[2026-02-17 11:14:56,668] INFO: Time: 4.887461222999946; Command Current: 400; Motor Current: 397.0
[2026-02-17 11:14:56,669] INFO: Time: 4.888529139999946; Command Current: 400; Motor Current: 396.0
[2026-02-17 11:14:56,671] INFO: Time: 4.889592576000041; Command Current: 400; Motor Current: 398.0
[2026-02-17 11:14:56,671] INFO: Time: 4.890653142000019; Command Current: 400; Motor Current: 398.0
[2026-02-17 11:14:56,673] INFO: Time: 4.891714558999865; Command Current: 400; Motor Current: 398.0
[2026-02-17 11:14:56,674] INFO: Time: 4.8927757169999495; Command Current: 400; Motor Current: 397.0
[2026-02-17 11:14:56,675] INFO: Time: 4.893835413000033; Command Current: 400; Motor Current: 397.0
[2026-02-17 11:14:56,676] INFO: Time: 4.894895347999864; Command Current: 400; Motor Current: 398.0
[2026-02-17 11:14:56,677] INFO: Time: 4.895954765999932; Command Current: 400; Motor Current: 398.0
[2026-02-17 11:14:56,678] INFO: Time: 4.897013719999904; Command Current: 400; Motor Current: 397.0
[2026-02-17 11:14:56,679] INFO: Time: 4.898073489999888; Command Current: 400; Motor Current: 398.0
[2026-02-17 11:14:56,680] INFO: Time: 4.899134944000025; Command Current: 400; Motor Current: 396.0
[2026-02-17 11:14:56,681] INFO: Time: 4.900194490999866; Command Current: 400; Motor Current: 398.0
[2026-02-17 11:14:56,682] INFO: Time: 4.901253611999891; Command Current: 400; Motor Current: 398.0
[2026-02-17 11:14:56,683] INFO: Time: 4.902312732999917; Command Current: 400; Motor Current: 398.0
[2026-02-17 11:14:56,684] INFO: Time: 4.903372279999985; Command Current: 400; Motor Current: 399.0
[2026-02-17 11:14:56,685] INFO: Time: 4.904431975999842; Command Current: 400; Motor Current: 399.0
[2026-02-17 11:14:56,686] INFO: Time: 4.905492930000037; Command Current: 400; Motor Current: 399.0
[2026-02-17 11:14:56,687] INFO: Time: 4.906550606999872; Command Current: 400; Motor Current: 400.0
[2026-02-17 11:14:56,688] INFO: Time: 4.907609486999945; Command Current: 400; Motor Current: 400.0
[2026-02-17 11:14:56,689] INFO: Time: 4.908668422999881; Command Current: 400; Motor Current: 400.0
[2026-02-17 11:14:56,691] INFO: Time: 4.909736247999945; Command Current: 400; Motor Current: 401.0
[2026-02-17 11:14:56,692] INFO: Time: 4.910795998999902; Command Current: 400; Motor Current: 399.0
[2026-02-17 11:14:56,693] INFO: Time: 4.911855267999954; Command Current: 400; Motor Current: 399.0
[2026-02-17 11:14:56,694] INFO: Time: 4.912913592999985; Command Current: 400; Motor Current: 400.0
[2026-02-17 11:14:56,695] INFO: Time: 4.913972380999894; Command Current: 400; Motor Current: 399.0
[2026-02-17 11:14:56,696] INFO: Time: 4.915031001999978; Command Current: 400; Motor Current: 398.0
[2026-02-17 11:14:56,697] INFO: Time: 4.916090641999972; Command Current: 400; Motor Current: 398.0
[2026-02-17 11:14:56,698] INFO: Time: 4.917150725999818; Command Current: 400; Motor Current: 399.0
[2026-02-17 11:14:56,699] INFO: Time: 4.918209531999992; Command Current: 400; Motor Current: 400.0
[2026-02-17 11:14:56,700] INFO: Time: 4.919268208999938; Command Current: 400; Motor Current: 399.0
[2026-02-17 11:14:56,701] INFO: Time: 4.920326884999895; Command Current: 400; Motor Current: 398.0
[2026-02-17 11:14:56,702] INFO: Time: 4.921385728999894; Command Current: 400; Motor Current: 399.0
[2026-02-17 11:14:56,703] INFO: Time: 4.922444960999883; Command Current: 400; Motor Current: 399.0
[2026-02-17 11:14:56,704] INFO: Time: 4.923505933999877; Command Current: 400; Motor Current: 399.0
[2026-02-17 11:14:56,705] INFO: Time: 4.92456620300004; Command Current: 400; Motor Current: 398.0
[2026-02-17 11:14:56,706] INFO: Time: 4.925624879999987; Command Current: 400; Motor Current: 398.0
[2026-02-17 11:14:56,707] INFO: Time: 4.926683481999817; Command Current: 400; Motor Current: 399.0
[2026-02-17 11:14:56,709] INFO: Time: 4.927742844000022; Command Current: 400; Motor Current: 400.0
[2026-02-17 11:14:56,710] INFO: Time: 4.9288032429999475; Command Current: 400; Motor Current: 400.0
[2026-02-17 11:14:56,711] INFO: Time: 4.92986212400001; Command Current: 400; Motor Current: 399.0
[2026-02-17 11:14:56,712] INFO: Time: 4.930922596999835; Command Current: 400; Motor Current: 399.0
[2026-02-17 11:14:56,713] INFO: Time: 4.93198203299994; Command Current: 400; Motor Current: 399.0
[2026-02-17 11:14:56,714] INFO: Time: 4.9330409499998495; Command Current: 400; Motor Current: 399.0
[2026-02-17 11:14:56,715] INFO: Time: 4.934100644999944; Command Current: 400; Motor Current: 397.0
[2026-02-17 11:14:56,716] INFO: Time: 4.935162228999843; Command Current: 400; Motor Current: 397.0
[2026-02-17 11:14:56,717] INFO: Time: 4.936221812999975; Command Current: 400; Motor Current: 396.0
[2026-02-17 11:14:56,718] INFO: Time: 4.937281378999842; Command Current: 400; Motor Current: 395.0
[2026-02-17 11:14:56,719] INFO: Time: 4.938340444999994; Command Current: 400; Motor Current: 397.0
[2026-02-17 11:14:56,720] INFO: Time: 4.939399083999888; Command Current: 400; Motor Current: 395.0
[2026-02-17 11:14:56,721] INFO: Time: 4.940459389999887; Command Current: 400; Motor Current: 394.0
[2026-02-17 11:14:56,722] INFO: Time: 4.94152099300004; Command Current: 400; Motor Current: 396.0
[2026-02-17 11:14:56,723] INFO: Time: 4.94259926299992; Command Current: 400; Motor Current: 397.0
[2026-02-17 11:14:56,724] INFO: Time: 4.943658475999882; Command Current: 400; Motor Current: 398.0
[2026-02-17 11:14:56,726] INFO: Time: 4.944717671000035; Command Current: 400; Motor Current: 398.0
[2026-02-17 11:14:56,727] INFO: Time: 4.945777458999828; Command Current: 400; Motor Current: 396.0
[2026-02-17 11:14:56,728] INFO: Time: 4.9468387289998645; Command Current: 400; Motor Current: 398.0
[2026-02-17 11:14:56,729] INFO: Time: 4.947899145999827; Command Current: 400; Motor Current: 398.0
[2026-02-17 11:14:56,730] INFO: Time: 4.9489584519999426; Command Current: 400; Motor Current: 399.0
[2026-02-17 11:14:56,731] INFO: Time: 4.950018054999873; Command Current: 400; Motor Current: 398.0
[2026-02-17 11:14:56,732] INFO: Time: 4.951077138999835; Command Current: 400; Motor Current: 398.0
[2026-02-17 11:14:56,733] INFO: Time: 4.952144242000031; Command Current: 400; Motor Current: 398.0
[2026-02-17 11:14:56,734] INFO: Time: 4.953207843999962; Command Current: 400; Motor Current: 400.0
[2026-02-17 11:14:56,735] INFO: Time: 4.9542685029998665; Command Current: 400; Motor Current: 401.0
[2026-02-17 11:14:56,736] INFO: Time: 4.9553282350000245; Command Current: 400; Motor Current: 401.0
[2026-02-17 11:14:56,737] INFO: Time: 4.956387633999839; Command Current: 400; Motor Current: 399.0
[2026-02-17 11:14:56,738] INFO: Time: 4.957447402999833; Command Current: 400; Motor Current: 398.0
[2026-02-17 11:14:56,739] INFO: Time: 4.958506690999911; Command Current: 400; Motor Current: 397.0
[2026-02-17 11:14:56,740] INFO: Time: 4.959567201000027; Command Current: 400; Motor Current: 398.0
[2026-02-17 11:14:56,741] INFO: Time: 4.960625766000021; Command Current: 400; Motor Current: 398.0
[2026-02-17 11:14:56,743] INFO: Time: 4.961695017000011; Command Current: 400; Motor Current: 399.0
[2026-02-17 11:14:56,744] INFO: Time: 4.962754415999825; Command Current: 400; Motor Current: 399.0
[2026-02-17 11:14:56,745] INFO: Time: 4.963814055999819; Command Current: 400; Motor Current: 398.0
[2026-02-17 11:14:56,746] INFO: Time: 4.964872881000019; Command Current: 400; Motor Current: 398.0
[2026-02-17 11:14:56,747] INFO: Time: 4.965931797999929; Command Current: 400; Motor Current: 399.0
[2026-02-17 11:14:56,748] INFO: Time: 4.966990807999991; Command Current: 400; Motor Current: 400.0
[2026-02-17 11:14:56,749] INFO: Time: 4.968050725000012; Command Current: 400; Motor Current: 401.0
[2026-02-17 11:14:56,750] INFO: Time: 4.969111458000043; Command Current: 400; Motor Current: 400.0
[2026-02-17 11:14:56,751] INFO: Time: 4.970170596999878; Command Current: 400; Motor Current: 399.0
[2026-02-17 11:14:56,752] INFO: Time: 4.9712296259999675; Command Current: 400; Motor Current: 399.0
[2026-02-17 11:14:56,753] INFO: Time: 4.972295950999978; Command Current: 400; Motor Current: 399.0
[2026-02-17 11:14:56,754] INFO: Time: 4.973358478999899; Command Current: 400; Motor Current: 400.0
[2026-02-17 11:14:56,755] INFO: Time: 4.974419414999829; Command Current: 400; Motor Current: 401.0
[2026-02-17 11:14:56,756] INFO: Time: 4.97548046199995; Command Current: 400; Motor Current: 400.0
[2026-02-17 11:14:56,757] INFO: Time: 4.976541750000024; Command Current: 400; Motor Current: 399.0
[2026-02-17 11:14:56,758] INFO: Time: 4.977603315999886; Command Current: 400; Motor Current: 397.0
[2026-02-17 11:14:56,759] INFO: Time: 4.978662825999891; Command Current: 400; Motor Current: 400.0
[2026-02-17 11:14:56,761] INFO: Time: 4.9797230579999905; Command Current: 400; Motor Current: 398.0
[2026-02-17 11:14:56,762] INFO: Time: 4.980783475999942; Command Current: 400; Motor Current: 398.0
[2026-02-17 11:14:56,763] INFO: Time: 4.9818428559999575; Command Current: 400; Motor Current: 398.0
[2026-02-17 11:14:56,764] INFO: Time: 4.982901772999867; Command Current: 400; Motor Current: 398.0
[2026-02-17 11:14:56,765] INFO: Time: 4.98396046899984; Command Current: 400; Motor Current: 400.0
[2026-02-17 11:14:56,766] INFO: Time: 4.985019218999923; Command Current: 400; Motor Current: 399.0
[2026-02-17 11:14:56,767] INFO: Time: 4.986078895999981; Command Current: 400; Motor Current: 399.0
[2026-02-17 11:14:56,768] INFO: Time: 4.987139738999986; Command Current: 400; Motor Current: 398.0
[2026-02-17 11:14:56,769] INFO: Time: 4.988198990000001; Command Current: 400; Motor Current: 397.0
[2026-02-17 11:14:56,770] INFO: Time: 4.989258184999926; Command Current: 400; Motor Current: 397.0
[2026-02-17 11:14:56,771] INFO: Time: 4.990317583999968; Command Current: 400; Motor Current: 396.0
[2026-02-17 11:14:56,772] INFO: Time: 4.991376389999914; Command Current: 400; Motor Current: 397.0
[2026-02-17 11:14:56,773] INFO: Time: 4.992436696999903; Command Current: 400; Motor Current: 396.0
[2026-02-17 11:14:56,774] INFO: Time: 4.99349802200004; Command Current: 400; Motor Current: 396.0
[2026-02-17 11:14:56,775] INFO: Time: 4.9945572540000285; Command Current: 400; Motor Current: 397.0
[2026-02-17 11:14:56,776] INFO: Time: 4.995616189999964; Command Current: 400; Motor Current: 396.0
[2026-02-17 11:14:56,777] INFO: Time: 4.996675217999837; Command Current: 400; Motor Current: 400.0
[2026-02-17 11:14:56,779] INFO: Time: 4.997739672999842; Command Current: 400; Motor Current: 398.0
[2026-02-17 11:14:56,780] INFO: Time: 4.998800812999889; Command Current: 400; Motor Current: 398.0
[2026-02-17 11:14:56,781] INFO: Time: 4.99985919300002; Command Current: 400; Motor Current: 400.0
[2026-02-17 11:14:56,782] INFO: Time: 5.000918461999845; Command Current: 400; Motor Current: 400.0
[2026-02-17 11:14:56,783] INFO: Time: 5.001977342999908; Command Current: 400; Motor Current: 400.0
[2026-02-17 11:14:56,784] INFO: Time: 5.003035944999965; Command Current: 400; Motor Current: 400.0
[2026-02-17 11:14:56,785] INFO: Time: 5.004095639999832; Command Current: 400; Motor Current: 400.0
[2026-02-17 11:14:56,786] INFO: Time: 5.005156353999837; Command Current: 400; Motor Current: 399.0
[2026-02-17 11:14:56,787] INFO: Time: 5.0062159379999684; Command Current: 400; Motor Current: 400.0
[2026-02-17 11:14:56,788] INFO: Time: 5.007275040999957; Command Current: 400; Motor Current: 401.0
[2026-02-17 11:14:56,789] INFO: Time: 5.008333883999967; Command Current: 400; Motor Current: 401.0
[2026-02-17 11:14:56,790] INFO: Time: 5.00939265299985; Command Current: 400; Motor Current: 399.0
[2026-02-17 11:14:56,791] INFO: Time: 5.010452162999854; Command Current: 400; Motor Current: 401.0
[2026-02-17 11:14:56,792] INFO: Time: 5.011517710999897; Command Current: 400; Motor Current: 401.0
[2026-02-17 11:14:56,793] INFO: Time: 5.012579165000034; Command Current: 400; Motor Current: 400.0
[2026-02-17 11:14:56,794] INFO: Time: 5.013638248999996; Command Current: 400; Motor Current: 400.0
[2026-02-17 11:14:56,796] INFO: Time: 5.014697351999985; Command Current: 400; Motor Current: 399.0
[2026-02-17 11:14:56,797] INFO: Time: 5.015755102999947; Command Current: 400; Motor Current: 400.0
[2026-02-17 11:14:56,798] INFO: Time: 5.016816815999846; Command Current: 400; Motor Current: 400.0
[2026-02-17 11:14:56,799] INFO: Time: 5.01790025199989; Command Current: 400; Motor Current: 399.0
[2026-02-17 11:14:56,800] INFO: Time: 5.018959558999995; Command Current: 400; Motor Current: 399.0
[2026-02-17 11:14:56,801] INFO: Time: 5.020018697999831; Command Current: 400; Motor Current: 399.0
[2026-02-17 11:14:56,802] INFO: Time: 5.021078485999851; Command Current: 400; Motor Current: 399.0
[2026-02-17 11:14:56,803] INFO: Time: 5.022138218000009; Command Current: 400; Motor Current: 400.0
[2026-02-17 11:14:56,805] INFO: Time: 5.023506656999871; Command Current: 400; Motor Current: 398.0
[2026-02-17 11:14:56,807] INFO: Time: 5.025914124999872; Command Current: 400; Motor Current: 400.0
[2026-02-17 11:14:56,808] INFO: Time: 5.0270029869998325; Command Current: 400; Motor Current: 399.0
[2026-02-17 11:14:56,811] INFO: Time: 5.028506223000022; Command Current: 400; Motor Current: 398.0
[2026-02-17 11:14:56,811] INFO: Time: 5.030348777999961; Command Current: 400; Motor Current: 398.0
[2026-02-17 11:14:56,812] INFO: Time: 5.031419528000015; Command Current: 400; Motor Current: 398.0
[2026-02-17 11:14:56,813] INFO: Time: 5.0324829459998455; Command Current: 400; Motor Current: 398.0
[2026-02-17 11:14:56,815] INFO: Time: 5.033546011999988; Command Current: 400; Motor Current: 399.0
[2026-02-17 11:14:56,816] INFO: Time: 5.0346133549999195; Command Current: 400; Motor Current: 398.0
[2026-02-17 11:14:56,817] INFO: Time: 5.03579595899987; Command Current: 400; Motor Current: 397.0
[2026-02-17 11:14:56,818] INFO: Time: 5.036880153999846; Command Current: 400; Motor Current: 396.0
[2026-02-17 11:14:56,819] INFO: Time: 5.037961071999916; Command Current: 400; Motor Current: 396.0
[2026-02-17 11:14:56,820] INFO: Time: 5.03903150799988; Command Current: 400; Motor Current: 396.0
[2026-02-17 11:14:56,821] INFO: Time: 5.040562836999925; Command Current: 400; Motor Current: 397.0
[2026-02-17 11:14:56,823] INFO: Time: 5.041714736999893; Command Current: 400; Motor Current: 396.0
[2026-02-17 11:14:56,824] INFO: Time: 5.042771338999955; Command Current: 400; Motor Current: 396.0
[2026-02-17 11:14:56,825] INFO: Time: 5.043915312999843; Command Current: 400; Motor Current: 398.0
[2026-02-17 11:14:56,826] INFO: Time: 5.044979693999949; Command Current: 400; Motor Current: 398.0
[2026-02-17 11:14:56,827] INFO: Time: 5.046043778000012; Command Current: 400; Motor Current: 398.0
[2026-02-17 11:14:56,828] INFO: Time: 5.047102492000022; Command Current: 400; Motor Current: 400.0
[2026-02-17 11:14:56,829] INFO: Time: 5.048162261000016; Command Current: 400; Motor Current: 400.0
[2026-02-17 11:14:56,830] INFO: Time: 5.049220251999941; Command Current: 400; Motor Current: 400.0
[2026-02-17 11:14:56,831] INFO: Time: 5.050278947999914; Command Current: 400; Motor Current: 398.0
[2026-02-17 11:14:56,832] INFO: Time: 5.051336975999902; Command Current: 400; Motor Current: 400.0
[2026-02-17 11:14:56,833] INFO: Time: 5.05239513399988; Command Current: 400; Motor Current: 399.0
[2026-02-17 11:14:56,834] INFO: Time: 5.0534597179998855; Command Current: 400; Motor Current: 399.0
[2026-02-17 11:14:56,835] INFO: Time: 5.054517283999985; Command Current: 400; Motor Current: 399.0
[2026-02-17 11:14:56,836] INFO: Time: 5.055576830999826; Command Current: 400; Motor Current: 398.0
[2026-02-17 11:14:56,838] INFO: Time: 5.056634914999904; Command Current: 400; Motor Current: 398.0
[2026-02-17 11:14:56,839] INFO: Time: 5.0577007029999095; Command Current: 400; Motor Current: 398.0
[2026-02-17 11:14:56,840] INFO: Time: 5.058743193999817; Command Current: 400; Motor Current: 397.0
[2026-02-17 11:14:56,841] INFO: Time: 5.059803129999864; Command Current: 400; Motor Current: 396.0
[2026-02-17 11:14:56,842] INFO: Time: 5.060861251000006; Command Current: 400; Motor Current: 396.0
[2026-02-17 11:14:56,843] INFO: Time: 5.061919353999883; Command Current: 400; Motor Current: 398.0
[2026-02-17 11:14:56,844] INFO: Time: 5.062977974999967; Command Current: 400; Motor Current: 398.0
[2026-02-17 11:14:56,845] INFO: Time: 5.064037577999898; Command Current: 400; Motor Current: 398.0
[2026-02-17 11:14:56,846] INFO: Time: 5.065095901999939; Command Current: 400; Motor Current: 399.0
[2026-02-17 11:14:56,847] INFO: Time: 5.066154208999933; Command Current: 400; Motor Current: 399.0
[2026-02-17 11:14:56,848] INFO: Time: 5.067212273999985; Command Current: 400; Motor Current: 399.0
[2026-02-17 11:14:56,849] INFO: Time: 5.068407007999895; Command Current: 400; Motor Current: 399.0
[2026-02-17 11:14:56,850] INFO: Time: 5.069471536000037; Command Current: 400; Motor Current: 399.0
[2026-02-17 11:14:56,851] INFO: Time: 5.070532879999973; Command Current: 400; Motor Current: 400.0
[2026-02-17 11:14:56,852] INFO: Time: 5.0716030749999845; Command Current: 400; Motor Current: 400.0
[2026-02-17 11:14:56,853] INFO: Time: 5.072661992999883; Command Current: 400; Motor Current: 400.0
[2026-02-17 11:14:56,855] INFO: Time: 5.073721631999888; Command Current: 400; Motor Current: 400.0
[2026-02-17 11:14:56,856] INFO: Time: 5.0747411600000305; Command Current: 400; Motor Current: 398.0
[2026-02-17 11:14:56,857] INFO: Time: 5.07579987400004; Command Current: 400; Motor Current: 400.0
[2026-02-17 11:14:56,858] INFO: Time: 5.0768588470000395; Command Current: 400; Motor Current: 399.0
[2026-02-17 11:14:56,859] INFO: Time: 5.077916967999954; Command Current: 400; Motor Current: 399.0
[2026-02-17 11:14:56,860] INFO: Time: 5.0789750339999955; Command Current: 400; Motor Current: 400.0
[2026-02-17 11:14:56,861] INFO: Time: 5.080033580999952; Command Current: 400; Motor Current: 398.0
[2026-02-17 11:14:56,862] INFO: Time: 5.081093406000036; Command Current: 400; Motor Current: 398.0
[2026-02-17 11:14:56,863] INFO: Time: 5.082151878999866; Command Current: 400; Motor Current: 397.0
[2026-02-17 11:14:56,864] INFO: Time: 5.083209906999855; Command Current: 400; Motor Current: 396.0
[2026-02-17 11:14:56,865] INFO: Time: 5.084268323999822; Command Current: 400; Motor Current: 397.0
[2026-02-17 11:14:56,866] INFO: Time: 5.085326742000007; Command Current: 400; Motor Current: 398.0
[2026-02-17 11:14:56,867] INFO: Time: 5.086385751999842; Command Current: 400; Motor Current: 396.0
[2026-02-17 11:14:56,868] INFO: Time: 5.0874465399999735; Command Current: 400; Motor Current: 396.0
[2026-02-17 11:14:56,869] INFO: Time: 5.08850534599992; Command Current: 400; Motor Current: 395.0
[2026-02-17 11:14:56,870] INFO: Time: 5.089562375000014; Command Current: 400; Motor Current: 395.0
[2026-02-17 11:14:56,871] INFO: Time: 5.090620587999865; Command Current: 400; Motor Current: 397.0
[2026-02-17 11:14:56,872] INFO: Time: 5.0916791539998485; Command Current: 400; Motor Current: 396.0
[2026-02-17 11:14:56,874] INFO: Time: 5.09274908999987; Command Current: 400; Motor Current: 395.0
[2026-02-17 11:14:56,875] INFO: Time: 5.0938078959998165; Command Current: 400; Motor Current: 397.0
[2026-02-17 11:14:56,876] INFO: Time: 5.094865998999921; Command Current: 400; Motor Current: 398.0
[2026-02-17 11:14:56,877] INFO: Time: 5.09592402699991; Command Current: 400; Motor Current: 397.0
[2026-02-17 11:14:56,878] INFO: Time: 5.096982592999893; Command Current: 400; Motor Current: 397.0
[2026-02-17 11:14:56,879] INFO: Time: 5.098041157999887; Command Current: 400; Motor Current: 398.0
[2026-02-17 11:14:56,880] INFO: Time: 5.099101297999823; Command Current: 400; Motor Current: 397.0
[2026-02-17 11:14:56,881] INFO: Time: 5.100160307999886; Command Current: 400; Motor Current: 399.0
[2026-02-17 11:14:56,882] INFO: Time: 5.101218984999832; Command Current: 400; Motor Current: 399.0
[2026-02-17 11:14:56,883] INFO: Time: 5.102277716999879; Command Current: 400; Motor Current: 398.0
[2026-02-17 11:14:56,884] INFO: Time: 5.103336152999873; Command Current: 400; Motor Current: 398.0
[2026-02-17 11:14:56,885] INFO: Time: 5.104394958999819; Command Current: 400; Motor Current: 399.0
[2026-02-17 11:14:56,886] INFO: Time: 5.105455672999824; Command Current: 400; Motor Current: 399.0
[2026-02-17 11:14:56,887] INFO: Time: 5.106514830999913; Command Current: 400; Motor Current: 399.0
[2026-02-17 11:14:56,888] INFO: Time: 5.107573359999833; Command Current: 400; Motor Current: 399.0
[2026-02-17 11:14:56,889] INFO: Time: 5.108630036000022; Command Current: 400; Motor Current: 399.0
[2026-02-17 11:14:56,890] INFO: Time: 5.109688231999826; Command Current: 400; Motor Current: 400.0
[2026-02-17 11:14:56,892] INFO: Time: 5.110783445999914; Command Current: 400; Motor Current: 399.0
[2026-02-17 11:14:56,893] INFO: Time: 5.111842844999956; Command Current: 400; Motor Current: 399.0
[2026-02-17 11:14:56,894] INFO: Time: 5.112899465999817; Command Current: 400; Motor Current: 400.0
[2026-02-17 11:14:56,895] INFO: Time: 5.113980290999962; Command Current: 400; Motor Current: 399.0
[2026-02-17 11:14:56,896] INFO: Time: 5.115038707999929; Command Current: 400; Motor Current: 398.0
[2026-02-17 11:14:56,897] INFO: Time: 5.116097810999918; Command Current: 400; Motor Current: 399.0
[2026-02-17 11:14:56,898] INFO: Time: 5.117158912999912; Command Current: 400; Motor Current: 400.0
[2026-02-17 11:14:56,899] INFO: Time: 5.118216552999911; Command Current: 400; Motor Current: 400.0
[2026-02-17 11:14:56,900] INFO: Time: 5.119274877999942; Command Current: 400; Motor Current: 400.0
[2026-02-17 11:14:56,901] INFO: Time: 5.120333405999872; Command Current: 400; Motor Current: 400.0
[2026-02-17 11:14:56,902] INFO: Time: 5.121392675999914; Command Current: 400; Motor Current: 400.0
[2026-02-17 11:14:56,903] INFO: Time: 5.122452519000035; Command Current: 400; Motor Current: 401.0
[2026-02-17 11:14:56,904] INFO: Time: 5.123527843999909; Command Current: 400; Motor Current: 402.0
[2026-02-17 11:14:56,905] INFO: Time: 5.124600335999958; Command Current: 400; Motor Current: 400.0
[2026-02-17 11:14:56,906] INFO: Time: 5.125658938000015; Command Current: 400; Motor Current: 400.0
[2026-02-17 11:14:56,908] INFO: Time: 5.126717280999856; Command Current: 400; Motor Current: 398.0
[2026-02-17 11:14:56,909] INFO: Time: 5.127775680000013; Command Current: 400; Motor Current: 400.0
[2026-02-17 11:14:56,910] INFO: Time: 5.128836615999944; Command Current: 400; Motor Current: 400.0
[2026-02-17 11:14:56,911] INFO: Time: 5.129895218999991; Command Current: 400; Motor Current: 399.0
[2026-02-17 11:14:56,912] INFO: Time: 5.130954340000017; Command Current: 400; Motor Current: 397.0
[2026-02-17 11:14:56,913] INFO: Time: 5.132012590999921; Command Current: 400; Motor Current: 397.0
[2026-02-17 11:14:56,914] INFO: Time: 5.13307130499993; Command Current: 400; Motor Current: 398.0
[2026-02-17 11:14:56,915] INFO: Time: 5.134130554999956; Command Current: 400; Motor Current: 398.0
[2026-02-17 11:14:56,916] INFO: Time: 5.135191490999887; Command Current: 400; Motor Current: 395.0
[2026-02-17 11:14:56,917] INFO: Time: 5.136248519999981; Command Current: 400; Motor Current: 395.0
[2026-02-17 11:14:56,918] INFO: Time: 5.137306918999911; Command Current: 400; Motor Current: 396.0
[2026-02-17 11:14:56,919] INFO: Time: 5.138365558000032; Command Current: 400; Motor Current: 395.0
[2026-02-17 11:14:56,920] INFO: Time: 5.139424124000016; Command Current: 400; Motor Current: 396.0
[2026-02-17 11:14:56,921] INFO: Time: 5.1404827819999355; Command Current: 400; Motor Current: 396.0
[2026-02-17 11:14:56,922] INFO: Time: 5.141543144000025; Command Current: 400; Motor Current: 396.0
[2026-02-17 11:14:56,923] INFO: Time: 5.142607005999935; Command Current: 400; Motor Current: 397.0
[2026-02-17 11:14:56,924] INFO: Time: 5.143665886000008; Command Current: 400; Motor Current: 397.0
[2026-02-17 11:14:56,926] INFO: Time: 5.144724154999949; Command Current: 400; Motor Current: 398.0
[2026-02-17 11:14:56,927] INFO: Time: 5.1457835359999535; Command Current: 400; Motor Current: 397.0
[2026-02-17 11:14:56,928] INFO: Time: 5.146843563999937; Command Current: 400; Motor Current: 397.0
[2026-02-17 11:14:56,929] INFO: Time: 5.1479019449998304; Command Current: 400; Motor Current: 397.0
[2026-02-17 11:14:56,930] INFO: Time: 5.14896104699983; Command Current: 400; Motor Current: 398.0
[2026-02-17 11:14:56,931] INFO: Time: 5.150019964999956; Command Current: 400; Motor Current: 396.0
[2026-02-17 11:14:56,932] INFO: Time: 5.151078418999987; Command Current: 400; Motor Current: 396.0
[2026-02-17 11:14:56,933] INFO: Time: 5.152146854999955; Command Current: 400; Motor Current: 397.0
[2026-02-17 11:14:56,934] INFO: Time: 5.153208253999992; Command Current: 400; Motor Current: 398.0
[2026-02-17 11:14:56,935] INFO: Time: 5.1542679679998855; Command Current: 400; Motor Current: 399.0
[2026-02-17 11:14:56,936] INFO: Time: 5.155327218999901; Command Current: 400; Motor Current: 398.0
[2026-02-17 11:14:56,937] INFO: Time: 5.156386544000043; Command Current: 400; Motor Current: 398.0
[2026-02-17 11:14:56,938] INFO: Time: 5.157445109000037; Command Current: 400; Motor Current: 399.0
[2026-02-17 11:14:56,939] INFO: Time: 5.158504026999935; Command Current: 400; Motor Current: 398.0
[2026-02-17 11:14:56,940] INFO: Time: 5.159564591999924; Command Current: 400; Motor Current: 399.0
[2026-02-17 11:14:56,941] INFO: Time: 5.160623046999945; Command Current: 400; Motor Current: 399.0
[2026-02-17 11:14:56,942] INFO: Time: 5.161694742000009; Command Current: 400; Motor Current: 399.0
[2026-02-17 11:14:56,944] INFO: Time: 5.162751732999823; Command Current: 400; Motor Current: 401.0
[2026-02-17 11:14:56,945] INFO: Time: 5.163809835999928; Command Current: 400; Motor Current: 399.0
[2026-02-17 11:14:56,946] INFO: Time: 5.164964438999959; Command Current: 400; Motor Current: 400.0
[2026-02-17 11:14:56,947] INFO: Time: 5.166025652999906; Command Current: 400; Motor Current: 400.0
[2026-02-17 11:14:56,948] INFO: Time: 5.167086014999995; Command Current: 400; Motor Current: 401.0
[2026-02-17 11:14:56,949] INFO: Time: 5.168145061999894; Command Current: 400; Motor Current: 399.0
[2026-02-17 11:14:56,950] INFO: Time: 5.16920423900001; Command Current: 400; Motor Current: 401.0
[2026-02-17 11:14:56,951] INFO: Time: 5.170263229999819; Command Current: 400; Motor Current: 400.0
[2026-02-17 11:14:56,952] INFO: Time: 5.1713232769998285; Command Current: 400; Motor Current: 399.0
[2026-02-17 11:14:56,953] INFO: Time: 5.172381046999817; Command Current: 400; Motor Current: 399.0
[2026-02-17 11:14:56,954] INFO: Time: 5.173439778999864; Command Current: 400; Motor Current: 400.0
[2026-02-17 11:14:56,955] INFO: Time: 5.174498362999884; Command Current: 400; Motor Current: 399.0
[2026-02-17 11:14:56,956] INFO: Time: 5.17555487300001; Command Current: 400; Motor Current: 401.0
[2026-02-17 11:14:56,957] INFO: Time: 5.17661454999984; Command Current: 400; Motor Current: 400.0
[2026-02-17 11:14:56,959] INFO: Time: 5.177693930000032; Command Current: 400; Motor Current: 400.0
[2026-02-17 11:14:56,960] INFO: Time: 5.178744143999893; Command Current: 400; Motor Current: 399.0
[2026-02-17 11:14:56,961] INFO: Time: 5.179802524000024; Command Current: 400; Motor Current: 398.0
[2026-02-17 11:14:56,962] INFO: Time: 5.1808614970000235; Command Current: 400; Motor Current: 397.0
[2026-02-17 11:14:56,963] INFO: Time: 5.181920525999885; Command Current: 400; Motor Current: 397.0
[2026-02-17 11:14:56,964] INFO: Time: 5.182979851000027; Command Current: 400; Motor Current: 398.0
[2026-02-17 11:14:56,965] INFO: Time: 5.184038711999847; Command Current: 400; Motor Current: 395.0
[2026-02-17 11:14:56,966] INFO: Time: 5.18509727799983; Command Current: 400; Motor Current: 396.0
[2026-02-17 11:14:56,967] INFO: Time: 5.186156492000009; Command Current: 400; Motor Current: 396.0
[2026-02-17 11:14:56,968] INFO: Time: 5.187215371999855; Command Current: 400; Motor Current: 395.0
[2026-02-17 11:14:56,969] INFO: Time: 5.188274381999918; Command Current: 400; Motor Current: 396.0
[2026-02-17 11:14:56,970] INFO: Time: 5.189334280999901; Command Current: 400; Motor Current: 396.0
[2026-02-17 11:14:56,971] INFO: Time: 5.190391216999842; Command Current: 400; Motor Current: 394.0
[2026-02-17 11:14:56,972] INFO: Time: 5.1914490789999945; Command Current: 400; Motor Current: 395.0
[2026-02-17 11:14:56,973] INFO: Time: 5.192507292999835; Command Current: 400; Motor Current: 396.0
[2026-02-17 11:14:56,974] INFO: Time: 5.193563857999834; Command Current: 400; Motor Current: 396.0
[2026-02-17 11:14:56,975] INFO: Time: 5.194622219999928; Command Current: 400; Motor Current: 398.0
[2026-02-17 11:14:56,976] INFO: Time: 5.195681951999859; Command Current: 400; Motor Current: 397.0
[2026-02-17 11:14:56,978] INFO: Time: 5.196753498999897; Command Current: 400; Motor Current: 398.0
[2026-02-17 11:14:56,979] INFO: Time: 5.197812287000033; Command Current: 400; Motor Current: 399.0
[2026-02-17 11:14:56,980] INFO: Time: 5.198870555999974; Command Current: 400; Motor Current: 399.0
[2026-02-17 11:14:56,981] INFO: Time: 5.199930399999857; Command Current: 400; Motor Current: 399.0
[2026-02-17 11:14:56,982] INFO: Time: 5.200989150999931; Command Current: 400; Motor Current: 399.0
[2026-02-17 11:14:56,983] INFO: Time: 5.202047512000036; Command Current: 400; Motor Current: 399.0
[2026-02-17 11:14:56,984] INFO: Time: 5.203105725999876; Command Current: 400; Motor Current: 398.0
[2026-02-17 11:14:56,985] INFO: Time: 5.204163754999854; Command Current: 400; Motor Current: 400.0
[2026-02-17 11:14:56,986] INFO: Time: 5.205221875999996; Command Current: 400; Motor Current: 399.0
[2026-02-17 11:14:56,987] INFO: Time: 5.206281292999847; Command Current: 400; Motor Current: 399.0
[2026-02-17 11:14:56,988] INFO: Time: 5.207340691999889; Command Current: 400; Motor Current: 398.0
[2026-02-17 11:14:56,989] INFO: Time: 5.208398905999957; Command Current: 400; Motor Current: 397.0
[2026-02-17 11:14:56,990] INFO: Time: 5.209478601000001; Command Current: 400; Motor Current: 396.0
[2026-02-17 11:14:56,991] INFO: Time: 5.210537129999921; Command Current: 400; Motor Current: 398.0
[2026-02-17 11:14:56,992] INFO: Time: 5.211608602999831; Command Current: 400; Motor Current: 395.0
[2026-02-17 11:14:56,993] INFO: Time: 5.212669075999884; Command Current: 400; Motor Current: 397.0
[2026-02-17 11:14:56,995] INFO: Time: 5.213727381999888; Command Current: 400; Motor Current: 397.0
[2026-02-17 11:14:56,996] INFO: Time: 5.214785799999845; Command Current: 400; Motor Current: 398.0
[2026-02-17 11:14:56,997] INFO: Time: 5.215844735000019; Command Current: 400; Motor Current: 397.0
[2026-02-17 11:14:56,998] INFO: Time: 5.216903393999928; Command Current: 400; Motor Current: 398.0
[2026-02-17 11:14:56,999] INFO: Time: 5.2179638109998905; Command Current: 400; Motor Current: 397.0
[2026-02-17 11:14:57,000] INFO: Time: 5.219022135999921; Command Current: 400; Motor Current: 399.0
[2026-02-17 11:14:57,001] INFO: Time: 5.220080997999958; Command Current: 400; Motor Current: 399.0
[2026-02-17 11:14:57,002] INFO: Time: 5.221139581999978; Command Current: 400; Motor Current: 399.0
[2026-02-17 11:14:57,003] INFO: Time: 5.222198146999972; Command Current: 400; Motor Current: 399.0
[2026-02-17 11:14:57,004] INFO: Time: 5.22325636100004; Command Current: 400; Motor Current: 403.0
[2026-02-17 11:14:57,005] INFO: Time: 5.224321574999976; Command Current: 400; Motor Current: 401.0
[2026-02-17 11:14:57,006] INFO: Time: 5.225381084999981; Command Current: 400; Motor Current: 401.0
[2026-02-17 11:14:57,007] INFO: Time: 5.226440225000033; Command Current: 400; Motor Current: 400.0
[2026-02-17 11:14:57,008] INFO: Time: 5.227499474999831; Command Current: 400; Motor Current: 399.0
[2026-02-17 11:14:57,009] INFO: Time: 5.228556521999963; Command Current: 400; Motor Current: 399.0
[2026-02-17 11:14:57,010] INFO: Time: 5.22961582899984; Command Current: 400; Motor Current: 399.0
[2026-02-17 11:14:57,011] INFO: Time: 5.230676171999903; Command Current: 400; Motor Current: 398.0
[2026-02-17 11:14:57,013] INFO: Time: 5.231745885999999; Command Current: 400; Motor Current: 397.0
[2026-02-17 11:14:57,014] INFO: Time: 5.232805024999834; Command Current: 400; Motor Current: 396.0
[2026-02-17 11:14:57,015] INFO: Time: 5.233863702000008; Command Current: 400; Motor Current: 397.0
[2026-02-17 11:14:57,016] INFO: Time: 5.23492265699997; Command Current: 400; Motor Current: 398.0
[2026-02-17 11:14:57,017] INFO: Time: 5.235983314999885; Command Current: 400; Motor Current: 398.0
[2026-02-17 11:14:57,018] INFO: Time: 5.237042065999958; Command Current: 400; Motor Current: 396.0
[2026-02-17 11:14:57,019] INFO: Time: 5.238100723999878; Command Current: 400; Motor Current: 396.0
[2026-02-17 11:14:57,020] INFO: Time: 5.239159603999951; Command Current: 400; Motor Current: 396.0
[2026-02-17 11:14:57,021] INFO: Time: 5.24022124399994; Command Current: 400; Motor Current: 396.0
[2026-02-17 11:14:57,022] INFO: Time: 5.241281568999966; Command Current: 400; Motor Current: 397.0
[2026-02-17 11:14:57,023] INFO: Time: 5.242343448999918; Command Current: 400; Motor Current: 398.0
[2026-02-17 11:14:57,024] INFO: Time: 5.243402755000034; Command Current: 400; Motor Current: 395.0
[2026-02-17 11:14:57,025] INFO: Time: 5.244461062000028; Command Current: 400; Motor Current: 397.0
[2026-02-17 11:14:57,026] INFO: Time: 5.2455177199999525; Command Current: 400; Motor Current: 398.0
[2026-02-17 11:14:57,027] INFO: Time: 5.246575914999994; Command Current: 400; Motor Current: 398.0
[2026-02-17 11:14:57,028] INFO: Time: 5.247632868999972; Command Current: 400; Motor Current: 399.0
[2026-02-17 11:14:57,030] INFO: Time: 5.2486923049998495; Command Current: 400; Motor Current: 398.0
[2026-02-17 11:14:57,031] INFO: Time: 5.249765518999993; Command Current: 400; Motor Current: 398.0
[2026-02-17 11:14:57,032] INFO: Time: 5.250823769999897; Command Current: 400; Motor Current: 398.0
[2026-02-17 11:14:57,033] INFO: Time: 5.251881798999875; Command Current: 400; Motor Current: 400.0
[2026-02-17 11:14:57,034] INFO: Time: 5.25294010499988; Command Current: 400; Motor Current: 398.0
[2026-02-17 11:14:57,035] INFO: Time: 5.253999132999979; Command Current: 400; Motor Current: 400.0
[2026-02-17 11:14:57,036] INFO: Time: 5.255058346999931; Command Current: 400; Motor Current: 398.0
[2026-02-17 11:14:57,037] INFO: Time: 5.256116709000025; Command Current: 400; Motor Current: 399.0
[2026-02-17 11:14:57,038] INFO: Time: 5.257175477999908; Command Current: 400; Motor Current: 399.0
[2026-02-17 11:14:57,039] INFO: Time: 5.258234080999955; Command Current: 400; Motor Current: 399.0
[2026-02-17 11:14:57,040] INFO: Time: 5.259293350000007; Command Current: 400; Motor Current: 398.0
[2026-02-17 11:14:57,041] INFO: Time: 5.260353044999874; Command Current: 400; Motor Current: 398.0
[2026-02-17 11:14:57,042] INFO: Time: 5.261409925999942; Command Current: 400; Motor Current: 399.0
[2026-02-17 11:14:57,043] INFO: Time: 5.2624700469998515; Command Current: 400; Motor Current: 399.0
[2026-02-17 11:14:57,044] INFO: Time: 5.263529927000036; Command Current: 400; Motor Current: 400.0
[2026-02-17 11:14:57,045] INFO: Time: 5.264590122999834; Command Current: 400; Motor Current: 399.0
[2026-02-17 11:14:57,046] INFO: Time: 5.265650465999897; Command Current: 400; Motor Current: 399.0
[2026-02-17 11:14:57,048] INFO: Time: 5.266710401999944; Command Current: 400; Motor Current: 402.0
[2026-02-17 11:14:57,049] INFO: Time: 5.2677692820000175; Command Current: 400; Motor Current: 402.0
[2026-02-17 11:14:57,050] INFO: Time: 5.268828274000043; Command Current: 400; Motor Current: 401.0
[2026-02-17 11:14:57,051] INFO: Time: 5.269887135999852; Command Current: 400; Motor Current: 400.0
[2026-02-17 11:14:57,052] INFO: Time: 5.270945719999872; Command Current: 400; Motor Current: 399.0
[2026-02-17 11:14:57,053] INFO: Time: 5.272005045000014; Command Current: 400; Motor Current: 399.0
[2026-02-17 11:14:57,054] INFO: Time: 5.273063739999998; Command Current: 400; Motor Current: 400.0
[2026-02-17 11:14:57,055] INFO: Time: 5.274122119999902; Command Current: 400; Motor Current: 400.0
[2026-02-17 11:14:57,056] INFO: Time: 5.2751809080000385; Command Current: 400; Motor Current: 399.0
[2026-02-17 11:14:57,057] INFO: Time: 5.276240399000017; Command Current: 400; Motor Current: 399.0
[2026-02-17 11:14:57,058] INFO: Time: 5.277299094999989; Command Current: 400; Motor Current: 397.0
[2026-02-17 11:14:57,059] INFO: Time: 5.2783587899998565; Command Current: 400; Motor Current: 398.0
[2026-02-17 11:14:57,060] INFO: Time: 5.279417003999924; Command Current: 400; Motor Current: 399.0
[2026-02-17 11:14:57,061] INFO: Time: 5.28047510600004; Command Current: 400; Motor Current: 398.0
[2026-02-17 11:14:57,062] INFO: Time: 5.281531634999965; Command Current: 400; Motor Current: 399.0
[2026-02-17 11:14:57,063] INFO: Time: 5.282589458999837; Command Current: 400; Motor Current: 397.0
[2026-02-17 11:14:57,064] INFO: Time: 5.283646598999894; Command Current: 400; Motor Current: 397.0
[2026-02-17 11:14:57,066] INFO: Time: 5.284706164999989; Command Current: 400; Motor Current: 398.0
[2026-02-17 11:14:57,067] INFO: Time: 5.285764526999856; Command Current: 400; Motor Current: 397.0
[2026-02-17 11:14:57,068] INFO: Time: 5.286823573999982; Command Current: 400; Motor Current: 395.0
[2026-02-17 11:14:57,069] INFO: Time: 5.287881620999997; Command Current: 400; Motor Current: 396.0
[2026-02-17 11:14:57,070] INFO: Time: 5.2889396859998214; Command Current: 400; Motor Current: 396.0
[2026-02-17 11:14:57,071] INFO: Time: 5.289998732999948; Command Current: 400; Motor Current: 397.0
[2026-02-17 11:14:57,072] INFO: Time: 5.291057409999894; Command Current: 400; Motor Current: 395.0
[2026-02-17 11:14:57,073] INFO: Time: 5.292116234999867; Command Current: 400; Motor Current: 394.0
[2026-02-17 11:14:57,074] INFO: Time: 5.293174910999824; Command Current: 400; Motor Current: 397.0
[2026-02-17 11:14:57,075] INFO: Time: 5.294233866000013; Command Current: 400; Motor Current: 398.0
[2026-02-17 11:14:57,076] INFO: Time: 5.295292709000023; Command Current: 400; Motor Current: 397.0
[2026-02-17 11:14:57,077] INFO: Time: 5.296352071000001; Command Current: 400; Motor Current: 397.0
[2026-02-17 11:14:57,078] INFO: Time: 5.297409117999905; Command Current: 400; Motor Current: 398.0
[2026-02-17 11:14:57,079] INFO: Time: 5.298467775999825; Command Current: 400; Motor Current: 400.0
[2026-02-17 11:14:57,080] INFO: Time: 5.299525859999903; Command Current: 400; Motor Current: 400.0
[2026-02-17 11:14:57,081] INFO: Time: 5.300582647999818; Command Current: 400; Motor Current: 400.0
[2026-02-17 11:14:57,082] INFO: Time: 5.3016412509998645; Command Current: 400; Motor Current: 399.0
[2026-02-17 11:14:57,084] INFO: Time: 5.302700130999938; Command Current: 400; Motor Current: 399.0
[2026-02-17 11:14:57,085] INFO: Time: 5.303756844999953; Command Current: 400; Motor Current: 399.0
[2026-02-17 11:14:57,086] INFO: Time: 5.30481494799983; Command Current: 400; Motor Current: 399.0
[2026-02-17 11:14:57,087] INFO: Time: 5.305895254000006; Command Current: 400; Motor Current: 398.0
[2026-02-17 11:14:57,088] INFO: Time: 5.30695363399991; Command Current: 400; Motor Current: 400.0
[2026-02-17 11:14:57,089] INFO: Time: 5.308014347999915; Command Current: 400; Motor Current: 399.0
[2026-02-17 11:14:57,090] INFO: Time: 5.309073079999962; Command Current: 400; Motor Current: 398.0
[2026-02-17 11:14:57,091] INFO: Time: 5.310131886999898; Command Current: 400; Motor Current: 398.0
[2026-02-17 11:14:57,092] INFO: Time: 5.311192877999929; Command Current: 400; Motor Current: 398.0
[2026-02-17 11:14:57,093] INFO: Time: 5.312295610999854; Command Current: 400; Motor Current: 399.0
[2026-02-17 11:14:57,094] INFO: Time: 5.313354954000033; Command Current: 400; Motor Current: 399.0
[2026-02-17 11:14:57,095] INFO: Time: 5.314412260999916; Command Current: 400; Motor Current: 399.0
[2026-02-17 11:14:57,096] INFO: Time: 5.315470658999857; Command Current: 400; Motor Current: 399.0
[2026-02-17 11:14:57,097] INFO: Time: 5.31652959500002; Command Current: 400; Motor Current: 399.0
[2026-02-17 11:14:57,098] INFO: Time: 5.317587660999834; Command Current: 400; Motor Current: 400.0
[2026-02-17 11:14:57,099] INFO: Time: 5.318648078000024; Command Current: 400; Motor Current: 399.0
[2026-02-17 11:14:57,101] INFO: Time: 5.319706606999944; Command Current: 400; Motor Current: 399.0
[2026-02-17 11:14:57,102] INFO: Time: 5.320765672999869; Command Current: 400; Motor Current: 399.0
[2026-02-17 11:14:57,103] INFO: Time: 5.321824811999932; Command Current: 400; Motor Current: 401.0
[2026-02-17 11:14:57,104] INFO: Time: 5.32288519299982; Command Current: 400; Motor Current: 401.0
[2026-02-17 11:14:57,105] INFO: Time: 5.32394403599983; Command Current: 400; Motor Current: 401.0
[2026-02-17 11:14:57,106] INFO: Time: 5.325003082999956; Command Current: 400; Motor Current: 399.0
[2026-02-17 11:14:57,107] INFO: Time: 5.326061759999902; Command Current: 400; Motor Current: 400.0
[2026-02-17 11:14:57,108] INFO: Time: 5.327120602999912; Command Current: 400; Motor Current: 401.0
[2026-02-17 11:14:57,109] INFO: Time: 5.328179223999996; Command Current: 400; Motor Current: 399.0
[2026-02-17 11:14:57,110] INFO: Time: 5.329239474999895; Command Current: 400; Motor Current: 399.0
[2026-02-17 11:14:57,111] INFO: Time: 5.330296280999846; Command Current: 400; Motor Current: 398.0
[2026-02-17 11:14:57,112] INFO: Time: 5.3313547539999036; Command Current: 400; Motor Current: 398.0
[2026-02-17 11:14:57,113] INFO: Time: 5.332413653000003; Command Current: 400; Motor Current: 397.0
[2026-02-17 11:14:57,114] INFO: Time: 5.333472255999823; Command Current: 400; Motor Current: 396.0
[2026-02-17 11:14:57,115] INFO: Time: 5.334531265999885; Command Current: 400; Motor Current: 397.0
[2026-02-17 11:14:57,116] INFO: Time: 5.335591312999895; Command Current: 400; Motor Current: 397.0
[2026-02-17 11:14:57,117] INFO: Time: 5.336649840999826; Command Current: 400; Motor Current: 396.0
[2026-02-17 11:14:57,119] INFO: Time: 5.337708480999936; Command Current: 400; Motor Current: 397.0
[2026-02-17 11:14:57,120] INFO: Time: 5.338765342999977; Command Current: 400; Motor Current: 398.0
[2026-02-17 11:14:57,121] INFO: Time: 5.339823833999844; Command Current: 400; Motor Current: 397.0
[2026-02-17 11:14:57,122] INFO: Time: 5.340884862999928; Command Current: 400; Motor Current: 397.0
[2026-02-17 11:14:57,123] INFO: Time: 5.341943205999996; Command Current: 400; Motor Current: 398.0
[2026-02-17 11:14:57,124] INFO: Time: 5.3430021789999955; Command Current: 400; Motor Current: 397.0
[2026-02-17 11:14:57,125] INFO: Time: 5.344060356; Command Current: 400; Motor Current: 398.0
[2026-02-17 11:14:57,126] INFO: Time: 5.345118495999941; Command Current: 400; Motor Current: 398.0
[2026-02-17 11:14:57,127] INFO: Time: 5.346177264999824; Command Current: 400; Motor Current: 397.0
[2026-02-17 11:14:57,128] INFO: Time: 5.347237089999908; Command Current: 400; Motor Current: 398.0
[2026-02-17 11:14:57,129] INFO: Time: 5.3482980439998755; Command Current: 400; Motor Current: 399.0
[2026-02-17 11:14:57,130] INFO: Time: 5.3493582019998485; Command Current: 400; Motor Current: 398.0
[2026-02-17 11:14:57,131] INFO: Time: 5.35041906399988; Command Current: 400; Motor Current: 398.0
[2026-02-17 11:14:57,132] INFO: Time: 5.351477536999937; Command Current: 400; Motor Current: 399.0
[2026-02-17 11:14:57,133] INFO: Time: 5.352534880999883; Command Current: 400; Motor Current: 399.0
[2026-02-17 11:14:57,134] INFO: Time: 5.35359489099983; Command Current: 400; Motor Current: 398.0
[2026-02-17 11:14:57,135] INFO: Time: 5.354651863999834; Command Current: 400; Motor Current: 399.0
[2026-02-17 11:14:57,137] INFO: Time: 5.355710113999976; Command Current: 400; Motor Current: 399.0
[2026-02-17 11:14:57,138] INFO: Time: 5.356769271999838; Command Current: 400; Motor Current: 399.0
[2026-02-17 11:14:57,139] INFO: Time: 5.357828874999996; Command Current: 400; Motor Current: 400.0
[2026-02-17 11:14:57,140] INFO: Time: 5.3588875149998785; Command Current: 400; Motor Current: 401.0
[2026-02-17 11:14:57,141] INFO: Time: 5.359946562000005; Command Current: 400; Motor Current: 400.0
[2026-02-17 11:14:57,142] INFO: Time: 5.36100581300002; Command Current: 400; Motor Current: 401.0
[2026-02-17 11:14:57,143] INFO: Time: 5.362064747999966; Command Current: 400; Motor Current: 399.0
[2026-02-17 11:14:57,144] INFO: Time: 5.36313124000003; Command Current: 400; Motor Current: 401.0
[2026-02-17 11:14:57,145] INFO: Time: 5.364189731999886; Command Current: 400; Motor Current: 402.0
[2026-02-17 11:14:57,146] INFO: Time: 5.3652498159999595; Command Current: 400; Motor Current: 400.0
[2026-02-17 11:14:57,147] INFO: Time: 5.366308936999985; Command Current: 400; Motor Current: 401.0
[2026-02-17 11:14:57,148] INFO: Time: 5.367367742999932; Command Current: 400; Motor Current: 402.0
[2026-02-17 11:14:57,149] INFO: Time: 5.368426419999878; Command Current: 400; Motor Current: 401.0
[2026-02-17 11:14:57,150] INFO: Time: 5.369484929999999; Command Current: 400; Motor Current: 401.0
[2026-02-17 11:14:57,151] INFO: Time: 5.370546068999829; Command Current: 400; Motor Current: 401.0
[2026-02-17 11:14:57,152] INFO: Time: 5.371616875999962; Command Current: 400; Motor Current: 401.0
[2026-02-17 11:14:57,153] INFO: Time: 5.372673977999966; Command Current: 400; Motor Current: 402.0
[2026-02-17 11:14:57,155] INFO: Time: 5.3737327659998755; Command Current: 400; Motor Current: 400.0
[2026-02-17 11:14:57,156] INFO: Time: 5.374790720999954; Command Current: 400; Motor Current: 400.0
[2026-02-17 11:14:57,157] INFO: Time: 5.375849508999863; Command Current: 400; Motor Current: 401.0
[2026-02-17 11:14:57,158] INFO: Time: 5.376907295999899; Command Current: 400; Motor Current: 399.0
[2026-02-17 11:14:57,159] INFO: Time: 5.37796580600002; Command Current: 400; Motor Current: 401.0
[2026-02-17 11:14:57,160] INFO: Time: 5.379024852999919; Command Current: 400; Motor Current: 399.0
[2026-02-17 11:14:57,161] INFO: Time: 5.380084419000013; Command Current: 400; Motor Current: 400.0
[2026-02-17 11:14:57,162] INFO: Time: 5.381143298999859; Command Current: 400; Motor Current: 398.0
[2026-02-17 11:14:57,163] INFO: Time: 5.3822025499998745; Command Current: 400; Motor Current: 397.0
[2026-02-17 11:14:57,164] INFO: Time: 5.383261189999985; Command Current: 400; Motor Current: 397.0
[2026-02-17 11:14:57,165] INFO: Time: 5.384319810999841; Command Current: 400; Motor Current: 397.0
[2026-02-17 11:14:57,166] INFO: Time: 5.3853784129998985; Command Current: 400; Motor Current: 397.0
[2026-02-17 11:14:57,167] INFO: Time: 5.386436571999866; Command Current: 400; Motor Current: 397.0
[2026-02-17 11:14:57,168] INFO: Time: 5.3874944889998915; Command Current: 400; Motor Current: 397.0
[2026-02-17 11:14:57,169] INFO: Time: 5.388553313999864; Command Current: 400; Motor Current: 397.0
[2026-02-17 11:14:57,170] INFO: Time: 5.389617471999827; Command Current: 400; Motor Current: 398.0
[2026-02-17 11:14:57,171] INFO: Time: 5.390673981999953; Command Current: 400; Motor Current: 399.0
[2026-02-17 11:14:57,173] INFO: Time: 5.3917318809999415; Command Current: 400; Motor Current: 398.0
[2026-02-17 11:14:57,174] INFO: Time: 5.392789687000004; Command Current: 400; Motor Current: 398.0
[2026-02-17 11:14:57,175] INFO: Time: 5.39384867900003; Command Current: 400; Motor Current: 399.0
[2026-02-17 11:14:57,176] INFO: Time: 5.394906929999934; Command Current: 400; Motor Current: 398.0
[2026-02-17 11:14:57,177] INFO: Time: 5.395965198999875; Command Current: 400; Motor Current: 397.0
[2026-02-17 11:14:57,178] INFO: Time: 5.397023356999853; Command Current: 400; Motor Current: 398.0
[2026-02-17 11:14:57,179] INFO: Time: 5.398082273999989; Command Current: 400; Motor Current: 397.0
[2026-02-17 11:14:57,180] INFO: Time: 5.3991402469998775; Command Current: 400; Motor Current: 398.0
[2026-02-17 11:14:57,181] INFO: Time: 5.400199719999819; Command Current: 400; Motor Current: 397.0
[2026-02-17 11:14:57,182] INFO: Time: 5.401258100999939; Command Current: 400; Motor Current: 397.0
[2026-02-17 11:14:57,183] INFO: Time: 5.402316332999817; Command Current: 400; Motor Current: 398.0
[2026-02-17 11:14:57,184] INFO: Time: 5.403374509999821; Command Current: 400; Motor Current: 398.0
[2026-02-17 11:14:57,185] INFO: Time: 5.404433222999842; Command Current: 400; Motor Current: 397.0
[2026-02-17 11:14:57,186] INFO: Time: 5.40549143699991; Command Current: 400; Motor Current: 399.0
[2026-02-17 11:14:57,187] INFO: Time: 5.40655103999984; Command Current: 400; Motor Current: 399.0
[2026-02-17 11:14:57,188] INFO: Time: 5.4076224569998885; Command Current: 400; Motor Current: 400.0
[2026-02-17 11:14:57,189] INFO: Time: 5.408679355999993; Command Current: 400; Motor Current: 399.0
[2026-02-17 11:14:57,191] INFO: Time: 5.409772440999859; Command Current: 400; Motor Current: 401.0
[2026-02-17 11:14:57,192] INFO: Time: 5.410831005999853; Command Current: 400; Motor Current: 400.0
[2026-02-17 11:14:57,193] INFO: Time: 5.411891774999958; Command Current: 400; Motor Current: 399.0
[2026-02-17 11:14:57,194] INFO: Time: 5.412950378000005; Command Current: 400; Motor Current: 400.0
[2026-02-17 11:14:57,195] INFO: Time: 5.414008757999909; Command Current: 400; Motor Current: 400.0
[2026-02-17 11:14:57,196] INFO: Time: 5.415067582999882; Command Current: 400; Motor Current: 399.0
[2026-02-17 11:14:57,197] INFO: Time: 5.416125870999849; Command Current: 400; Motor Current: 397.0
[2026-02-17 11:14:57,198] INFO: Time: 5.417186176999849; Command Current: 400; Motor Current: 398.0
[2026-02-17 11:14:57,199] INFO: Time: 5.418243372999996; Command Current: 400; Motor Current: 397.0
[2026-02-17 11:14:57,200] INFO: Time: 5.41930162299991; Command Current: 400; Motor Current: 399.0
[2026-02-17 11:14:57,201] INFO: Time: 5.420360762999962; Command Current: 400; Motor Current: 399.0
[2026-02-17 11:14:57,202] INFO: Time: 5.421419068999967; Command Current: 400; Motor Current: 399.0
[2026-02-17 11:14:57,203] INFO: Time: 5.422478115999866; Command Current: 400; Motor Current: 397.0
[2026-02-17 11:14:57,204] INFO: Time: 5.423538718999907; Command Current: 400; Motor Current: 399.0
[2026-02-17 11:14:57,205] INFO: Time: 5.424596951000012; Command Current: 400; Motor Current: 400.0
[2026-02-17 11:14:57,206] INFO: Time: 5.4256560169999375; Command Current: 400; Motor Current: 400.0
[2026-02-17 11:14:57,208] INFO: Time: 5.426712916000042; Command Current: 400; Motor Current: 400.0
[2026-02-17 11:14:57,209] INFO: Time: 5.427771741000015; Command Current: 400; Motor Current: 399.0
[2026-02-17 11:14:57,210] INFO: Time: 5.428831601999946; Command Current: 400; Motor Current: 400.0
[2026-02-17 11:14:57,211] INFO: Time: 5.42988959399986; Command Current: 400; Motor Current: 399.0
[2026-02-17 11:14:57,212] INFO: Time: 5.430948252000007; Command Current: 400; Motor Current: 399.0
[2026-02-17 11:14:57,213] INFO: Time: 5.432006558000012; Command Current: 400; Motor Current: 399.0
[2026-02-17 11:14:57,214] INFO: Time: 5.4330659759998525; Command Current: 400; Motor Current: 397.0
[2026-02-17 11:14:57,215] INFO: Time: 5.434127466999826; Command Current: 400; Motor Current: 398.0
[2026-02-17 11:14:57,216] INFO: Time: 5.435186495999915; Command Current: 400; Motor Current: 397.0
[2026-02-17 11:14:57,217] INFO: Time: 5.4362453950000145; Command Current: 400; Motor Current: 397.0
[2026-02-17 11:14:57,218] INFO: Time: 5.437303848999818; Command Current: 400; Motor Current: 399.0
[2026-02-17 11:14:57,219] INFO: Time: 5.438362321999875; Command Current: 400; Motor Current: 399.0
[2026-02-17 11:14:57,220] INFO: Time: 5.439420887999859; Command Current: 400; Motor Current: 397.0
[2026-02-17 11:14:57,221] INFO: Time: 5.440481767999927; Command Current: 400; Motor Current: 396.0
[2026-02-17 11:14:57,222] INFO: Time: 5.441540260000011; Command Current: 400; Motor Current: 396.0
[2026-02-17 11:14:57,223] INFO: Time: 5.442598639999915; Command Current: 400; Motor Current: 397.0
[2026-02-17 11:14:57,224] INFO: Time: 5.443655705999845; Command Current: 400; Motor Current: 398.0
[2026-02-17 11:14:57,226] INFO: Time: 5.444721289999961; Command Current: 400; Motor Current: 397.0
[2026-02-17 11:14:57,227] INFO: Time: 5.44588352300002; Command Current: 400; Motor Current: 398.0
[2026-02-17 11:14:57,228] INFO: Time: 5.4469449030000305; Command Current: 400; Motor Current: 398.0
[2026-02-17 11:14:57,229] INFO: Time: 5.448003820999929; Command Current: 400; Motor Current: 399.0
[2026-02-17 11:14:57,230] INFO: Time: 5.449062645999902; Command Current: 400; Motor Current: 399.0
[2026-02-17 11:14:57,231] INFO: Time: 5.4501213589999224; Command Current: 400; Motor Current: 399.0
[2026-02-17 11:14:57,232] INFO: Time: 5.451185869000028; Command Current: 400; Motor Current: 400.0
[2026-02-17 11:14:57,233] INFO: Time: 5.4522462679999535; Command Current: 400; Motor Current: 399.0
[2026-02-17 11:14:57,234] INFO: Time: 5.4533062409998365; Command Current: 400; Motor Current: 398.0
[2026-02-17 11:14:57,235] INFO: Time: 5.454365695999968; Command Current: 400; Motor Current: 399.0
[2026-02-17 11:14:57,236] INFO: Time: 5.4554238729999724; Command Current: 400; Motor Current: 398.0
[2026-02-17 11:14:57,237] INFO: Time: 5.4564821599999505; Command Current: 400; Motor Current: 398.0
[2026-02-17 11:14:57,238] INFO: Time: 5.4575396889999865; Command Current: 400; Motor Current: 398.0
[2026-02-17 11:14:57,239] INFO: Time: 5.458618494999882; Command Current: 400; Motor Current: 398.0
[2026-02-17 11:14:57,240] INFO: Time: 5.459657856999911; Command Current: 400; Motor Current: 397.0
[2026-02-17 11:14:57,242] INFO: Time: 5.460716199999979; Command Current: 400; Motor Current: 398.0
[2026-02-17 11:14:57,243] INFO: Time: 5.461774913999989; Command Current: 400; Motor Current: 399.0
[2026-02-17 11:14:57,244] INFO: Time: 5.462842572; Command Current: 400; Motor Current: 398.0
[2026-02-17 11:14:57,245] INFO: Time: 5.463940137999998; Command Current: 400; Motor Current: 399.0
[2026-02-17 11:14:57,246] INFO: Time: 5.46499935199995; Command Current: 400; Motor Current: 398.0
[2026-02-17 11:14:57,247] INFO: Time: 5.466059009999981; Command Current: 400; Motor Current: 401.0
[2026-02-17 11:14:57,248] INFO: Time: 5.4671181310000065; Command Current: 400; Motor Current: 401.0
[2026-02-17 11:14:57,249] INFO: Time: 5.468177104000006; Command Current: 400; Motor Current: 401.0
[2026-02-17 11:14:57,250] INFO: Time: 5.469237688000021; Command Current: 400; Motor Current: 399.0
[2026-02-17 11:14:57,251] INFO: Time: 5.470294810000041; Command Current: 400; Motor Current: 399.0
[2026-02-17 11:14:57,252] INFO: Time: 5.471353022999892; Command Current: 400; Motor Current: 397.0
[2026-02-17 11:14:57,253] INFO: Time: 5.472411866999892; Command Current: 400; Motor Current: 399.0
[2026-02-17 11:14:57,254] INFO: Time: 5.4734702279999965; Command Current: 400; Motor Current: 399.0
[2026-02-17 11:14:57,255] INFO: Time: 5.47452860899989; Command Current: 400; Motor Current: 399.0
[2026-02-17 11:14:57,256] INFO: Time: 5.4755901369999265; Command Current: 400; Motor Current: 399.0
[2026-02-17 11:14:57,257] INFO: Time: 5.476650240000026; Command Current: 400; Motor Current: 400.0
[2026-02-17 11:14:57,259] INFO: Time: 5.477709343000015; Command Current: 400; Motor Current: 402.0
[2026-02-17 11:14:57,260] INFO: Time: 5.4787676859998555; Command Current: 400; Motor Current: 401.0
[2026-02-17 11:14:57,261] INFO: Time: 5.479826195999976; Command Current: 400; Motor Current: 401.0
[2026-02-17 11:14:57,262] INFO: Time: 5.480885854000007; Command Current: 400; Motor Current: 398.0
[2026-02-17 11:14:57,263] INFO: Time: 5.481944160000012; Command Current: 400; Motor Current: 398.0
[2026-02-17 11:14:57,264] INFO: Time: 5.483002410999916; Command Current: 400; Motor Current: 397.0
[2026-02-17 11:14:57,265] INFO: Time: 5.484060828999873; Command Current: 400; Motor Current: 397.0
[2026-02-17 11:14:57,266] INFO: Time: 5.485118986999851; Command Current: 400; Motor Current: 398.0
[2026-02-17 11:14:57,267] INFO: Time: 5.486177440999882; Command Current: 400; Motor Current: 396.0
[2026-02-17 11:14:57,268] INFO: Time: 5.487200913999914; Command Current: 400; Motor Current: 396.0
[2026-02-17 11:14:57,269] INFO: Time: 5.488259738999886; Command Current: 400; Motor Current: 398.0
[2026-02-17 11:14:57,270] INFO: Time: 5.489318581999896; Command Current: 400; Motor Current: 396.0
[2026-02-17 11:14:57,271] INFO: Time: 5.490377536999858; Command Current: 400; Motor Current: 398.0
[2026-02-17 11:14:57,272] INFO: Time: 5.491436324000006; Command Current: 400; Motor Current: 397.0
[2026-02-17 11:14:57,273] INFO: Time: 5.492494926999825; Command Current: 400; Motor Current: 400.0
[2026-02-17 11:14:57,274] INFO: Time: 5.49355575200002; Command Current: 400; Motor Current: 398.0
[2026-02-17 11:14:57,275] INFO: Time: 5.494622668999909; Command Current: 400; Motor Current: 399.0
[2026-02-17 11:14:57,276] INFO: Time: 5.495679549999977; Command Current: 400; Motor Current: 398.0
[2026-02-17 11:14:57,278] INFO: Time: 5.496737929999881; Command Current: 400; Motor Current: 399.0
[2026-02-17 11:14:57,279] INFO: Time: 5.497796588000028; Command Current: 400; Motor Current: 400.0
[2026-02-17 11:14:57,280] INFO: Time: 5.498855912999943; Command Current: 400; Motor Current: 401.0
[2026-02-17 11:14:57,281] INFO: Time: 5.499914275000037; Command Current: 400; Motor Current: 400.0
[2026-02-17 11:14:57,282] INFO: Time: 5.500972711000031; Command Current: 400; Motor Current: 399.0
[2026-02-17 11:14:57,283] INFO: Time: 5.502030757999819; Command Current: 400; Motor Current: 399.0
[2026-02-17 11:14:57,284] INFO: Time: 5.503090730999929; Command Current: 400; Motor Current: 400.0
[2026-02-17 11:14:57,285] INFO: Time: 5.504149295999923; Command Current: 400; Motor Current: 400.0
[2026-02-17 11:14:57,286] INFO: Time: 5.505234546999873; Command Current: 400; Motor Current: 401.0
[2026-02-17 11:14:57,287] INFO: Time: 5.506291853999983; Command Current: 400; Motor Current: 399.0
[2026-02-17 11:14:57,288] INFO: Time: 5.507350029999998; Command Current: 400; Motor Current: 399.0
[2026-02-17 11:14:57,289] INFO: Time: 5.508408965999934; Command Current: 400; Motor Current: 399.0
[2026-02-17 11:14:57,290] INFO: Time: 5.509467661999906; Command Current: 400; Motor Current: 399.0
[2026-02-17 11:14:57,291] INFO: Time: 5.510526393999953; Command Current: 400; Motor Current: 399.0
[2026-02-17 11:14:57,292] INFO: Time: 5.511586773999852; Command Current: 400; Motor Current: 398.0
[2026-02-17 11:14:57,293] INFO: Time: 5.512645209999846; Command Current: 400; Motor Current: 399.0
[2026-02-17 11:14:57,295] INFO: Time: 5.5137097760000415; Command Current: 400; Motor Current: 397.0
[2026-02-17 11:14:57,296] INFO: Time: 5.5147667669998555; Command Current: 400; Motor Current: 398.0
[2026-02-17 11:14:57,297] INFO: Time: 5.515825610999855; Command Current: 400; Motor Current: 399.0
[2026-02-17 11:14:57,298] INFO: Time: 5.5168860469998435; Command Current: 400; Motor Current: 399.0
[2026-02-17 11:14:57,299] INFO: Time: 5.517945074999943; Command Current: 400; Motor Current: 399.0
[2026-02-17 11:14:57,300] INFO: Time: 5.519003567000027; Command Current: 400; Motor Current: 398.0
[2026-02-17 11:14:57,301] INFO: Time: 5.5200620769999205; Command Current: 400; Motor Current: 399.0
[2026-02-17 11:14:57,302] INFO: Time: 5.52112099399983; Command Current: 400; Motor Current: 400.0
[2026-02-17 11:14:57,303] INFO: Time: 5.5221800039998925; Command Current: 400; Motor Current: 401.0
[2026-02-17 11:14:57,304] INFO: Time: 5.523240198999929; Command Current: 400; Motor Current: 401.0
[2026-02-17 11:14:57,305] INFO: Time: 5.524297098000034; Command Current: 400; Motor Current: 400.0
[2026-02-17 11:14:57,306] INFO: Time: 5.525355459999901; Command Current: 400; Motor Current: 400.0
[2026-02-17 11:14:57,307] INFO: Time: 5.526415377999911; Command Current: 400; Motor Current: 400.0
[2026-02-17 11:14:57,308] INFO: Time: 5.527503035999871; Command Current: 400; Motor Current: 398.0
[2026-02-17 11:14:57,309] INFO: Time: 5.528562804999865; Command Current: 400; Motor Current: 399.0
[2026-02-17 11:14:57,310] INFO: Time: 5.5296240000000125; Command Current: 400; Motor Current: 398.0
[2026-02-17 11:14:57,312] INFO: Time: 5.530682787999922; Command Current: 400; Motor Current: 396.0
[2026-02-17 11:14:57,313] INFO: Time: 5.531741927999974; Command Current: 400; Motor Current: 395.0
[2026-02-17 11:14:57,314] INFO: Time: 5.532800307999878; Command Current: 400; Motor Current: 396.0
[2026-02-17 11:14:57,315] INFO: Time: 5.533858928999962; Command Current: 400; Motor Current: 395.0
[2026-02-17 11:14:57,316] INFO: Time: 5.534919014000025; Command Current: 400; Motor Current: 395.0
[2026-02-17 11:14:57,317] INFO: Time: 5.535977226999876; Command Current: 400; Motor Current: 394.0
[2026-02-17 11:14:57,318] INFO: Time: 5.5370413480000025; Command Current: 400; Motor Current: 396.0
[2026-02-17 11:14:57,319] INFO: Time: 5.53814311799988; Command Current: 400; Motor Current: 395.0
[2026-02-17 11:14:57,320] INFO: Time: 5.539202257999932; Command Current: 400; Motor Current: 395.0
[2026-02-17 11:14:57,321] INFO: Time: 5.5402618789999; Command Current: 400; Motor Current: 395.0
[2026-02-17 11:14:57,322] INFO: Time: 5.541321684999957; Command Current: 400; Motor Current: 397.0
[2026-02-17 11:14:57,323] INFO: Time: 5.542378879999887; Command Current: 400; Motor Current: 398.0
[2026-02-17 11:14:57,324] INFO: Time: 5.543437149999818; Command Current: 400; Motor Current: 398.0
[2026-02-17 11:14:57,325] INFO: Time: 5.544495955999992; Command Current: 400; Motor Current: 398.0
[2026-02-17 11:14:57,326] INFO: Time: 5.545553150999922; Command Current: 400; Motor Current: 397.0
[2026-02-17 11:14:57,327] INFO: Time: 5.546622587000002; Command Current: 400; Motor Current: 399.0
[2026-02-17 11:14:57,328] INFO: Time: 5.547681856999816; Command Current: 400; Motor Current: 400.0
[2026-02-17 11:14:57,330] INFO: Time: 5.548740310999847; Command Current: 400; Motor Current: 399.0
[2026-02-17 11:14:57,331] INFO: Time: 5.5497990989999835; Command Current: 400; Motor Current: 398.0
[2026-02-17 11:14:57,332] INFO: Time: 5.550857534999977; Command Current: 400; Motor Current: 398.0
[2026-02-17 11:14:57,333] INFO: Time: 5.5519168969999555; Command Current: 400; Motor Current: 399.0
[2026-02-17 11:14:57,334] INFO: Time: 5.55298072100004; Command Current: 400; Motor Current: 398.0
[2026-02-17 11:14:57,335] INFO: Time: 5.554042286999902; Command Current: 400; Motor Current: 397.0
[2026-02-17 11:14:57,336] INFO: Time: 5.555100574999869; Command Current: 400; Motor Current: 400.0
[2026-02-17 11:14:57,337] INFO: Time: 5.55615915899989; Command Current: 400; Motor Current: 401.0
[2026-02-17 11:14:57,338] INFO: Time: 5.557217799; Command Current: 400; Motor Current: 400.0
[2026-02-17 11:14:57,339] INFO: Time: 5.558277104999888; Command Current: 400; Motor Current: 399.0
[2026-02-17 11:14:57,340] INFO: Time: 5.5593343739999455; Command Current: 400; Motor Current: 399.0
[2026-02-17 11:14:57,341] INFO: Time: 5.560392588000013; Command Current: 400; Motor Current: 399.0
[2026-02-17 11:14:57,342] INFO: Time: 5.561451319999833; Command Current: 400; Motor Current: 399.0
[2026-02-17 11:14:57,343] INFO: Time: 5.562513292999938; Command Current: 400; Motor Current: 400.0
[2026-02-17 11:14:57,344] INFO: Time: 5.563574117999906; Command Current: 400; Motor Current: 400.0
[2026-02-17 11:14:57,345] INFO: Time: 5.564633590999847; Command Current: 400; Motor Current: 400.0
[2026-02-17 11:14:57,347] INFO: Time: 5.565691915999878; Command Current: 400; Motor Current: 401.0
[2026-02-17 11:14:57,348] INFO: Time: 5.566763130000027; Command Current: 400; Motor Current: 402.0
[2026-02-17 11:14:57,349] INFO: Time: 5.5678216769999835; Command Current: 400; Motor Current: 401.0
[2026-02-17 11:14:57,350] INFO: Time: 5.568880334999903; Command Current: 400; Motor Current: 402.0
[2026-02-17 11:14:57,351] INFO: Time: 5.5699397710000085; Command Current: 400; Motor Current: 400.0
[2026-02-17 11:14:57,352] INFO: Time: 5.5709983729998385; Command Current: 400; Motor Current: 399.0
[2026-02-17 11:14:57,353] INFO: Time: 5.572056661000033; Command Current: 400; Motor Current: 400.0
[2026-02-17 11:14:57,354] INFO: Time: 5.5731156340000325; Command Current: 400; Motor Current: 401.0
[2026-02-17 11:14:57,355] INFO: Time: 5.574174791999894; Command Current: 400; Motor Current: 398.0
[2026-02-17 11:14:57,356] INFO: Time: 5.575233451000031; Command Current: 400; Motor Current: 399.0
[2026-02-17 11:14:57,357] INFO: Time: 5.576292756999919; Command Current: 400; Motor Current: 398.0
[2026-02-17 11:14:57,358] INFO: Time: 5.577349358999982; Command Current: 400; Motor Current: 398.0
[2026-02-17 11:14:57,359] INFO: Time: 5.57840725799997; Command Current: 400; Motor Current: 400.0
[2026-02-17 11:14:57,360] INFO: Time: 5.579466120000006; Command Current: 400; Motor Current: 401.0
[2026-02-17 11:14:57,361] INFO: Time: 5.580524870999852; Command Current: 400; Motor Current: 398.0
[2026-02-17 11:14:57,362] INFO: Time: 5.5815819179999835; Command Current: 400; Motor Current: 398.0
[2026-02-17 11:14:57,363] INFO: Time: 5.582640797999829; Command Current: 400; Motor Current: 398.0
[2026-02-17 11:14:57,365] INFO: Time: 5.583699475000003; Command Current: 400; Motor Current: 397.0
[2026-02-17 11:14:57,366] INFO: Time: 5.584764669999913; Command Current: 400; Motor Current: 397.0
[2026-02-17 11:14:57,367] INFO: Time: 5.585823420999986; Command Current: 400; Motor Current: 397.0
[2026-02-17 11:14:57,368] INFO: Time: 5.586882337999896; Command Current: 400; Motor Current: 396.0
[2026-02-17 11:14:57,369] INFO: Time: 5.587940959999969; Command Current: 400; Motor Current: 397.0
[2026-02-17 11:14:57,370] INFO: Time: 5.588998950999894; Command Current: 400; Motor Current: 396.0
[2026-02-17 11:14:57,371] INFO: Time: 5.590057386999888; Command Current: 400; Motor Current: 396.0
[2026-02-17 11:14:57,372] INFO: Time: 5.59111513799985; Command Current: 400; Motor Current: 397.0
[2026-02-17 11:14:57,373] INFO: Time: 5.592173814000034; Command Current: 400; Motor Current: 396.0
[2026-02-17 11:14:57,374] INFO: Time: 5.593233564999991; Command Current: 400; Motor Current: 396.0
[2026-02-17 11:14:57,375] INFO: Time: 5.594291778999832; Command Current: 400; Motor Current: 397.0
[2026-02-17 11:14:57,376] INFO: Time: 5.595350585000006; Command Current: 400; Motor Current: 396.0
[2026-02-17 11:14:57,377] INFO: Time: 5.596408946999873; Command Current: 400; Motor Current: 397.0
[2026-02-17 11:14:57,378] INFO: Time: 5.597467919999872; Command Current: 400; Motor Current: 398.0
[2026-02-17 11:14:57,379] INFO: Time: 5.598526596999818; Command Current: 400; Motor Current: 397.0
[2026-02-17 11:14:57,380] INFO: Time: 5.599592625000014; Command Current: 400; Motor Current: 398.0
[2026-02-17 11:14:57,381] INFO: Time: 5.600650709999854; Command Current: 400; Motor Current: 399.0
[2026-02-17 11:14:57,383] INFO: Time: 5.601719070999934; Command Current: 400; Motor Current: 399.0
[2026-02-17 11:14:57,384] INFO: Time: 5.602774230000023; Command Current: 400; Motor Current: 398.0
[2026-02-17 11:14:57,385] INFO: Time: 5.60383410999998; Command Current: 400; Motor Current: 399.0
[2026-02-17 11:14:57,386] INFO: Time: 5.604894176000016; Command Current: 400; Motor Current: 400.0
[2026-02-17 11:14:57,387] INFO: Time: 5.605976074999944; Command Current: 400; Motor Current: 399.0
[2026-02-17 11:14:57,388] INFO: Time: 5.607034399999975; Command Current: 400; Motor Current: 399.0
[2026-02-17 11:14:57,389] INFO: Time: 5.60809257599999; Command Current: 400; Motor Current: 399.0
[2026-02-17 11:14:57,390] INFO: Time: 5.609151530999952; Command Current: 400; Motor Current: 400.0
[2026-02-17 11:14:57,391] INFO: Time: 5.610210114999973; Command Current: 400; Motor Current: 399.0
[2026-02-17 11:14:57,392] INFO: Time: 5.611270346999845; Command Current: 400; Motor Current: 400.0
[2026-02-17 11:14:57,393] INFO: Time: 5.61232743100004; Command Current: 400; Motor Current: 398.0
[2026-02-17 11:14:57,394] INFO: Time: 5.613385570999981; Command Current: 400; Motor Current: 400.0
[2026-02-17 11:14:57,395] INFO: Time: 5.614443802999858; Command Current: 400; Motor Current: 400.0
[2026-02-17 11:14:57,396] INFO: Time: 5.615502034999963; Command Current: 400; Motor Current: 399.0
[2026-02-17 11:14:57,397] INFO: Time: 5.616559990000042; Command Current: 400; Motor Current: 399.0
[2026-02-17 11:14:57,398] INFO: Time: 5.61762062899993; Command Current: 400; Motor Current: 400.0
[2026-02-17 11:14:57,399] INFO: Time: 5.618677638999998; Command Current: 400; Motor Current: 399.0
[2026-02-17 11:14:57,401] INFO: Time: 5.619736501000034; Command Current: 400; Motor Current: 398.0
[2026-02-17 11:14:57,402] INFO: Time: 5.620794937000028; Command Current: 400; Motor Current: 399.0
[2026-02-17 11:14:57,403] INFO: Time: 5.621855373000017; Command Current: 400; Motor Current: 399.0
[2026-02-17 11:14:57,404] INFO: Time: 5.622913809000011; Command Current: 400; Motor Current: 397.0
[2026-02-17 11:14:57,405] INFO: Time: 5.623972614999957; Command Current: 400; Motor Current: 396.0
[2026-02-17 11:14:57,406] INFO: Time: 5.625031587999956; Command Current: 400; Motor Current: 397.0
[2026-02-17 11:14:57,407] INFO: Time: 5.62608983899986; Command Current: 400; Motor Current: 397.0
[2026-02-17 11:14:57,408] INFO: Time: 5.627148905000013; Command Current: 400; Motor Current: 397.0
[2026-02-17 11:14:57,409] INFO: Time: 5.628209099999822; Command Current: 400; Motor Current: 399.0
[2026-02-17 11:14:57,410] INFO: Time: 5.629266054000027; Command Current: 400; Motor Current: 399.0
[2026-02-17 11:14:57,411] INFO: Time: 5.630324471999984; Command Current: 400; Motor Current: 398.0
[2026-02-17 11:14:57,412] INFO: Time: 5.631382573999872; Command Current: 400; Motor Current: 399.0
[2026-02-17 11:14:57,413] INFO: Time: 5.632441287999882; Command Current: 400; Motor Current: 398.0
[2026-02-17 11:14:57,414] INFO: Time: 5.633501150000029; Command Current: 400; Motor Current: 397.0
[2026-02-17 11:14:57,415] INFO: Time: 5.634559752999849; Command Current: 400; Motor Current: 396.0
[2026-02-17 11:14:57,416] INFO: Time: 5.635627317999933; Command Current: 400; Motor Current: 396.0
[2026-02-17 11:14:57,417] INFO: Time: 5.636684142999911; Command Current: 400; Motor Current: 395.0
[2026-02-17 11:14:57,419] INFO: Time: 5.637742375000016; Command Current: 400; Motor Current: 395.0
[2026-02-17 11:14:57,420] INFO: Time: 5.63880081100001; Command Current: 400; Motor Current: 394.0
[2026-02-17 11:14:57,421] INFO: Time: 5.639860876999819; Command Current: 400; Motor Current: 396.0
[2026-02-17 11:14:57,422] INFO: Time: 5.640919497999903; Command Current: 400; Motor Current: 396.0
[2026-02-17 11:14:57,423] INFO: Time: 5.641978025999833; Command Current: 400; Motor Current: 396.0
[2026-02-17 11:14:57,424] INFO: Time: 5.643036406999954; Command Current: 400; Motor Current: 396.0
[2026-02-17 11:14:57,425] INFO: Time: 5.644094897999821; Command Current: 400; Motor Current: 398.0
[2026-02-17 11:14:57,426] INFO: Time: 5.645153667999921; Command Current: 400; Motor Current: 397.0
[2026-02-17 11:14:57,427] INFO: Time: 5.646214269999973; Command Current: 400; Motor Current: 397.0
[2026-02-17 11:14:57,428] INFO: Time: 5.64727135399994; Command Current: 400; Motor Current: 398.0
[2026-02-17 11:14:57,429] INFO: Time: 5.648329678999971; Command Current: 400; Motor Current: 399.0
[2026-02-17 11:14:57,430] INFO: Time: 5.649389059999976; Command Current: 400; Motor Current: 401.0
[2026-02-17 11:14:57,431] INFO: Time: 5.650447846999896; Command Current: 400; Motor Current: 400.0
[2026-02-17 11:14:57,432] INFO: Time: 5.651506376000043; Command Current: 400; Motor Current: 400.0
[2026-02-17 11:14:57,433] INFO: Time: 5.652566366999963; Command Current: 400; Motor Current: 400.0
[2026-02-17 11:14:57,434] INFO: Time: 5.6536303769998995; Command Current: 400; Motor Current: 399.0
[2026-02-17 11:14:57,436] INFO: Time: 5.654689201999872; Command Current: 400; Motor Current: 401.0
[2026-02-17 11:14:57,437] INFO: Time: 5.655747563999967; Command Current: 400; Motor Current: 400.0
[2026-02-17 11:14:57,438] INFO: Time: 5.656806388999939; Command Current: 400; Motor Current: 400.0
[2026-02-17 11:14:57,439] INFO: Time: 5.657866694999939; Command Current: 400; Motor Current: 400.0
[2026-02-17 11:14:57,440] INFO: Time: 5.65892488999998; Command Current: 400; Motor Current: 400.0
[2026-02-17 11:14:57,441] INFO: Time: 5.659984251999958; Command Current: 400; Motor Current: 399.0
[2026-02-17 11:14:57,442] INFO: Time: 5.661043522; Command Current: 400; Motor Current: 400.0
[2026-02-17 11:14:57,443] INFO: Time: 5.662108420999857; Command Current: 400; Motor Current: 399.0
[2026-02-17 11:14:57,444] INFO: Time: 5.663170820000005; Command Current: 400; Motor Current: 400.0
[2026-02-17 11:14:57,445] INFO: Time: 5.664230717999999; Command Current: 400; Motor Current: 399.0
[2026-02-17 11:14:57,446] INFO: Time: 5.6652901359998395; Command Current: 400; Motor Current: 400.0
[2026-02-17 11:14:57,447] INFO: Time: 5.666348978999849; Command Current: 400; Motor Current: 400.0
[2026-02-17 11:14:57,448] INFO: Time: 5.667407970999875; Command Current: 400; Motor Current: 401.0
[2026-02-17 11:14:57,449] INFO: Time: 5.6684711660000175; Command Current: 400; Motor Current: 401.0
[2026-02-17 11:14:57,450] INFO: Time: 5.66953399099998; Command Current: 400; Motor Current: 400.0
[2026-02-17 11:14:57,451] INFO: Time: 5.670595001000038; Command Current: 400; Motor Current: 400.0
[2026-02-17 11:14:57,452] INFO: Time: 5.67165389999991; Command Current: 400; Motor Current: 401.0
[2026-02-17 11:14:57,454] INFO: Time: 5.672712539000031; Command Current: 400; Motor Current: 400.0
[2026-02-17 11:14:57,455] INFO: Time: 5.673781197999915; Command Current: 400; Motor Current: 400.0
[2026-02-17 11:14:57,456] INFO: Time: 5.674840022999888; Command Current: 400; Motor Current: 401.0
[2026-02-17 11:14:57,457] INFO: Time: 5.6758993290000035; Command Current: 400; Motor Current: 400.0
[2026-02-17 11:14:57,458] INFO: Time: 5.6769578019998335; Command Current: 400; Motor Current: 400.0
[2026-02-17 11:14:57,459] INFO: Time: 5.678016255999864; Command Current: 400; Motor Current: 398.0
[2026-02-17 11:14:57,460] INFO: Time: 5.679074248000006; Command Current: 400; Motor Current: 398.0
[2026-02-17 11:14:57,461] INFO: Time: 5.680132535999974; Command Current: 400; Motor Current: 398.0
[2026-02-17 11:14:57,462] INFO: Time: 5.681192342000031; Command Current: 400; Motor Current: 397.0
[2026-02-17 11:14:57,463] INFO: Time: 5.682250944999851; Command Current: 400; Motor Current: 397.0
[2026-02-17 11:14:57,464] INFO: Time: 5.683309454999971; Command Current: 400; Motor Current: 397.0
[2026-02-17 11:14:57,465] INFO: Time: 5.684367964999865; Command Current: 400; Motor Current: 396.0
[2026-02-17 11:14:57,466] INFO: Time: 5.685427011999991; Command Current: 400; Motor Current: 396.0
[2026-02-17 11:14:57,467] INFO: Time: 5.686486224999953; Command Current: 400; Motor Current: 397.0
[2026-02-17 11:14:57,468] INFO: Time: 5.6875469019998945; Command Current: 400; Motor Current: 396.0
[2026-02-17 11:14:57,469] INFO: Time: 5.688604596999994; Command Current: 400; Motor Current: 395.0
[2026-02-17 11:14:57,470] INFO: Time: 5.689663773999882; Command Current: 400; Motor Current: 395.0
[2026-02-17 11:14:57,472] INFO: Time: 5.690721431999918; Command Current: 400; Motor Current: 397.0
[2026-02-17 11:14:57,473] INFO: Time: 5.691779664000023; Command Current: 400; Motor Current: 398.0
[2026-02-17 11:14:57,474] INFO: Time: 5.692839563000007; Command Current: 400; Motor Current: 397.0
[2026-02-17 11:14:57,475] INFO: Time: 5.69389820299989; Command Current: 400; Motor Current: 398.0
[2026-02-17 11:14:57,476] INFO: Time: 5.694956545999958; Command Current: 400; Motor Current: 397.0
[2026-02-17 11:14:57,477] INFO: Time: 5.696014592999973; Command Current: 400; Motor Current: 398.0
[2026-02-17 11:14:57,478] INFO: Time: 5.6970728999999665; Command Current: 400; Motor Current: 398.0
[2026-02-17 11:14:57,479] INFO: Time: 5.6981309839998175; Command Current: 400; Motor Current: 397.0
[2026-02-17 11:14:57,480] INFO: Time: 5.699190363999833; Command Current: 400; Motor Current: 398.0
[2026-02-17 11:14:57,481] INFO: Time: 5.700249484999858; Command Current: 400; Motor Current: 400.0
[2026-02-17 11:14:57,482] INFO: Time: 5.701307994999979; Command Current: 400; Motor Current: 398.0
[2026-02-17 11:14:57,483] INFO: Time: 5.702366838999978; Command Current: 400; Motor Current: 399.0
[2026-02-17 11:14:57,484] INFO: Time: 5.70342497799993; Command Current: 400; Motor Current: 398.0
[2026-02-17 11:14:57,485] INFO: Time: 5.704484117999982; Command Current: 400; Motor Current: 399.0
[2026-02-17 11:14:57,486] INFO: Time: 5.705544591000034; Command Current: 400; Motor Current: 398.0
[2026-02-17 11:14:57,487] INFO: Time: 5.706602822999912; Command Current: 400; Motor Current: 400.0
[2026-02-17 11:14:57,488] INFO: Time: 5.7076593889999; Command Current: 400; Motor Current: 399.0
[2026-02-17 11:14:57,490] INFO: Time: 5.708717379999825; Command Current: 400; Motor Current: 397.0
[2026-02-17 11:14:57,491] INFO: Time: 5.70977548299993; Command Current: 400; Motor Current: 398.0
[2026-02-17 11:14:57,492] INFO: Time: 5.710879974999898; Command Current: 400; Motor Current: 400.0
[2026-02-17 11:14:57,493] INFO: Time: 5.711938984999961; Command Current: 400; Motor Current: 400.0
[2026-02-17 11:14:57,494] INFO: Time: 5.713018642999941; Command Current: 400; Motor Current: 399.0
[2026-02-17 11:14:57,495] INFO: Time: 5.714077189999898; Command Current: 400; Motor Current: 399.0
[2026-02-17 11:14:57,496] INFO: Time: 5.715135458999839; Command Current: 400; Motor Current: 398.0
[2026-02-17 11:14:57,497] INFO: Time: 5.716194487999928; Command Current: 400; Motor Current: 399.0
[2026-02-17 11:14:57,498] INFO: Time: 5.7172548500000175; Command Current: 400; Motor Current: 399.0
[2026-02-17 11:14:57,499] INFO: Time: 5.718312377999837; Command Current: 400; Motor Current: 400.0
[2026-02-17 11:14:57,500] INFO: Time: 5.719370666000032; Command Current: 400; Motor Current: 398.0
[2026-02-17 11:14:57,501] INFO: Time: 5.720428934999973; Command Current: 400; Motor Current: 399.0
[2026-02-17 11:14:57,502] INFO: Time: 5.721487538000019; Command Current: 400; Motor Current: 398.0
[2026-02-17 11:14:57,503] INFO: Time: 5.722546177999902; Command Current: 400; Motor Current: 400.0
[2026-02-17 11:14:57,504] INFO: Time: 5.723607927999865; Command Current: 400; Motor Current: 400.0
[2026-02-17 11:14:57,505] INFO: Time: 5.724665011999832; Command Current: 400; Motor Current: 398.0
[2026-02-17 11:14:57,507] INFO: Time: 5.72572328199999; Command Current: 400; Motor Current: 398.0
[2026-02-17 11:14:57,508] INFO: Time: 5.726782180999862; Command Current: 400; Motor Current: 397.0
[2026-02-17 11:14:57,509] INFO: Time: 5.727952098999822; Command Current: 400; Motor Current: 397.0
[2026-02-17 11:14:57,510] INFO: Time: 5.729013202000033; Command Current: 400; Motor Current: 398.0
[2026-02-17 11:14:57,511] INFO: Time: 5.730073174999916; Command Current: 400; Motor Current: 395.0
[2026-02-17 11:14:57,512] INFO: Time: 5.731131980999862; Command Current: 400; Motor Current: 394.0
[2026-02-17 11:14:57,513] INFO: Time: 5.732191454000031; Command Current: 400; Motor Current: 396.0
[2026-02-17 11:14:57,514] INFO: Time: 5.7332503899999665; Command Current: 400; Motor Current: 397.0
[2026-02-17 11:14:57,515] INFO: Time: 5.734309640999982; Command Current: 400; Motor Current: 396.0
[2026-02-17 11:14:57,516] INFO: Time: 5.735368428999891; Command Current: 400; Motor Current: 396.0
[2026-02-17 11:14:57,517] INFO: Time: 5.736425160999943; Command Current: 400; Motor Current: 395.0
[2026-02-17 11:14:57,518] INFO: Time: 5.737483245000021; Command Current: 400; Motor Current: 395.0
[2026-02-17 11:14:57,519] INFO: Time: 5.738541254999973; Command Current: 400; Motor Current: 397.0
[2026-02-17 11:14:57,520] INFO: Time: 5.739599227999861; Command Current: 400; Motor Current: 397.0
[2026-02-17 11:14:57,521] INFO: Time: 5.740656089999902; Command Current: 400; Motor Current: 398.0
[2026-02-17 11:14:57,523] INFO: Time: 5.741715025999838; Command Current: 400; Motor Current: 397.0
[2026-02-17 11:14:57,524] INFO: Time: 5.742744497999865; Command Current: 400; Motor Current: 397.0
[2026-02-17 11:14:57,525] INFO: Time: 5.743803081999886; Command Current: 400; Motor Current: 398.0
[2026-02-17 11:14:57,526] INFO: Time: 5.74486151799988; Command Current: 400; Motor Current: 397.0
[2026-02-17 11:14:57,527] INFO: Time: 5.745920398999942; Command Current: 400; Motor Current: 398.0
[2026-02-17 11:14:57,528] INFO: Time: 5.746982167999931; Command Current: 400; Motor Current: 398.0
[2026-02-17 11:14:57,529] INFO: Time: 5.748042288999841; Command Current: 400; Motor Current: 400.0
[2026-02-17 11:14:57,530] INFO: Time: 5.7491012989999035; Command Current: 400; Motor Current: 399.0
[2026-02-17 11:14:57,531] INFO: Time: 5.750159939000014; Command Current: 400; Motor Current: 400.0
[2026-02-17 11:14:57,532] INFO: Time: 5.751218800999823; Command Current: 400; Motor Current: 398.0
[2026-02-17 11:14:57,533] INFO: Time: 5.752277626000023; Command Current: 400; Motor Current: 398.0
[2026-02-17 11:14:57,534] INFO: Time: 5.753337875999932; Command Current: 400; Motor Current: 398.0
[2026-02-17 11:14:57,535] INFO: Time: 5.754395294000005; Command Current: 400; Motor Current: 399.0
[2026-02-17 11:14:57,536] INFO: Time: 5.755453303999957; Command Current: 400; Motor Current: 398.0
[2026-02-17 11:14:57,537] INFO: Time: 5.756511294999882; Command Current: 400; Motor Current: 399.0
[2026-02-17 11:14:57,538] INFO: Time: 5.757567767999944; Command Current: 400; Motor Current: 398.0
[2026-02-17 11:14:57,539] INFO: Time: 5.758633648999876; Command Current: 400; Motor Current: 396.0
[2026-02-17 11:14:57,541] INFO: Time: 5.759693233000007; Command Current: 400; Motor Current: 398.0
[2026-02-17 11:14:57,542] INFO: Time: 5.760751723999874; Command Current: 400; Motor Current: 399.0
[2026-02-17 11:14:57,543] INFO: Time: 5.761810123000032; Command Current: 400; Motor Current: 397.0
[2026-02-17 11:14:57,544] INFO: Time: 5.762868317999846; Command Current: 400; Motor Current: 398.0
[2026-02-17 11:14:57,545] INFO: Time: 5.763927273000036; Command Current: 400; Motor Current: 398.0
[2026-02-17 11:14:57,546] INFO: Time: 5.76498667199985; Command Current: 400; Motor Current: 399.0
[2026-02-17 11:14:57,547] INFO: Time: 5.766045403999897; Command Current: 400; Motor Current: 400.0
[2026-02-17 11:14:57,548] INFO: Time: 5.767103784000028; Command Current: 400; Motor Current: 401.0
[2026-02-17 11:14:57,549] INFO: Time: 5.768162405999874; Command Current: 400; Motor Current: 400.0
[2026-02-17 11:14:57,550] INFO: Time: 5.7692205449998255; Command Current: 400; Motor Current: 399.0
[2026-02-17 11:14:57,551] INFO: Time: 5.770278887999893; Command Current: 400; Motor Current: 399.0
[2026-02-17 11:14:57,552] INFO: Time: 5.771340898999824; Command Current: 400; Motor Current: 400.0
[2026-02-17 11:14:57,553] INFO: Time: 5.772397926999929; Command Current: 400; Motor Current: 401.0
[2026-02-17 11:14:57,554] INFO: Time: 5.773477825999862; Command Current: 400; Motor Current: 402.0
[2026-02-17 11:14:57,555] INFO: Time: 5.774536261999856; Command Current: 400; Motor Current: 399.0
[2026-02-17 11:14:57,556] INFO: Time: 5.775594012999818; Command Current: 400; Motor Current: 399.0
[2026-02-17 11:14:57,557] INFO: Time: 5.776652485999875; Command Current: 400; Motor Current: 398.0
[2026-02-17 11:14:57,559] INFO: Time: 5.777730791999829; Command Current: 400; Motor Current: 399.0
[2026-02-17 11:14:57,560] INFO: Time: 5.778788338999902; Command Current: 400; Motor Current: 397.0
[2026-02-17 11:14:57,561] INFO: Time: 5.779846700999997; Command Current: 400; Motor Current: 397.0
[2026-02-17 11:14:57,562] INFO: Time: 5.7809058220000225; Command Current: 400; Motor Current: 395.0
[2026-02-17 11:14:57,563] INFO: Time: 5.781964368999979; Command Current: 400; Motor Current: 395.0
[2026-02-17 11:14:57,564] INFO: Time: 5.783023138999852; Command Current: 400; Motor Current: 394.0
[2026-02-17 11:14:57,565] INFO: Time: 5.784084000999883; Command Current: 400; Motor Current: 394.0
[2026-02-17 11:14:57,566] INFO: Time: 5.785141917999908; Command Current: 400; Motor Current: 395.0
[2026-02-17 11:14:57,567] INFO: Time: 5.78619985399996; Command Current: 400; Motor Current: 397.0
[2026-02-17 11:14:57,568] INFO: Time: 5.787258141999928; Command Current: 400; Motor Current: 395.0
[2026-02-17 11:14:57,569] INFO: Time: 5.788316466999959; Command Current: 400; Motor Current: 397.0
[2026-02-17 11:14:57,570] INFO: Time: 5.789375161999942; Command Current: 400; Motor Current: 397.0
[2026-02-17 11:14:57,571] INFO: Time: 5.790435226999989; Command Current: 400; Motor Current: 396.0
[2026-02-17 11:14:57,572] INFO: Time: 5.791499144999989; Command Current: 400; Motor Current: 397.0
[2026-02-17 11:14:57,573] INFO: Time: 5.792561117999867; Command Current: 400; Motor Current: 396.0
[2026-02-17 11:14:57,574] INFO: Time: 5.793619442999898; Command Current: 400; Motor Current: 398.0
[2026-02-17 11:14:57,576] INFO: Time: 5.794678952999902; Command Current: 400; Motor Current: 399.0
[2026-02-17 11:14:57,577] INFO: Time: 5.795738999999912; Command Current: 400; Motor Current: 397.0
[2026-02-17 11:14:57,578] INFO: Time: 5.796797712999933; Command Current: 400; Motor Current: 398.0
[2026-02-17 11:14:57,579] INFO: Time: 5.797856667999895; Command Current: 400; Motor Current: 397.0
[2026-02-17 11:14:57,580] INFO: Time: 5.798915066999825; Command Current: 400; Motor Current: 399.0
[2026-02-17 11:14:57,581] INFO: Time: 5.799973872999999; Command Current: 400; Motor Current: 399.0
[2026-02-17 11:14:57,582] INFO: Time: 5.801033364999967; Command Current: 400; Motor Current: 399.0
[2026-02-17 11:14:57,583] INFO: Time: 5.802091892999897; Command Current: 400; Motor Current: 397.0
[2026-02-17 11:14:57,584] INFO: Time: 5.803150050999875; Command Current: 400; Motor Current: 398.0
[2026-02-17 11:14:57,585] INFO: Time: 5.804208079999853; Command Current: 400; Motor Current: 398.0
[2026-02-17 11:14:57,586] INFO: Time: 5.805265922999979; Command Current: 400; Motor Current: 398.0
[2026-02-17 11:14:57,587] INFO: Time: 5.806324173999883; Command Current: 400; Motor Current: 398.0
[2026-02-17 11:14:57,588] INFO: Time: 5.807383183999946; Command Current: 400; Motor Current: 397.0
[2026-02-17 11:14:57,589] INFO: Time: 5.808440324000003; Command Current: 400; Motor Current: 397.0
[2026-02-17 11:14:57,590] INFO: Time: 5.80949868499988; Command Current: 400; Motor Current: 399.0
[2026-02-17 11:14:57,591] INFO: Time: 5.810559306999949; Command Current: 400; Motor Current: 398.0
[2026-02-17 11:14:57,592] INFO: Time: 5.811637075999897; Command Current: 400; Motor Current: 398.0
[2026-02-17 11:14:57,594] INFO: Time: 5.812696826999854; Command Current: 400; Motor Current: 398.0
[2026-02-17 11:14:57,595] INFO: Time: 5.813754966000033; Command Current: 400; Motor Current: 397.0
[2026-02-17 11:14:57,596] INFO: Time: 5.8148135139999795; Command Current: 400; Motor Current: 400.0
[2026-02-17 11:14:57,597] INFO: Time: 5.815871874999857; Command Current: 400; Motor Current: 400.0
[2026-02-17 11:14:57,598] INFO: Time: 5.81693049699993; Command Current: 400; Motor Current: 399.0
[2026-02-17 11:14:57,599] INFO: Time: 5.817989839999882; Command Current: 400; Motor Current: 400.0
[2026-02-17 11:14:57,600] INFO: Time: 5.819048145999886; Command Current: 400; Motor Current: 401.0
[2026-02-17 11:14:57,601] INFO: Time: 5.820106267000028; Command Current: 400; Motor Current: 401.0
[2026-02-17 11:14:57,602] INFO: Time: 5.821164721999821; Command Current: 400; Motor Current: 401.0
[2026-02-17 11:14:57,603] INFO: Time: 5.822222638999847; Command Current: 400; Motor Current: 402.0
[2026-02-17 11:14:57,604] INFO: Time: 5.8232815379999465; Command Current: 400; Motor Current: 402.0
[2026-02-17 11:14:57,605] INFO: Time: 5.824340862999861; Command Current: 400; Motor Current: 401.0
[2026-02-17 11:14:57,606] INFO: Time: 5.825397372999987; Command Current: 400; Motor Current: 401.0
[2026-02-17 11:14:57,607] INFO: Time: 5.826455420000002; Command Current: 400; Motor Current: 401.0
[2026-02-17 11:14:57,608] INFO: Time: 5.827513060000001; Command Current: 400; Motor Current: 400.0
[2026-02-17 11:14:57,609] INFO: Time: 5.828569920999826; Command Current: 400; Motor Current: 402.0
[2026-02-17 11:14:57,610] INFO: Time: 5.829640190999953; Command Current: 400; Motor Current: 400.0
[2026-02-17 11:14:57,612] INFO: Time: 5.830699718999995; Command Current: 400; Motor Current: 398.0
[2026-02-17 11:14:57,613] INFO: Time: 5.831772395999906; Command Current: 400; Motor Current: 399.0
[2026-02-17 11:14:57,614] INFO: Time: 5.832830276999857; Command Current: 400; Motor Current: 400.0
[2026-02-17 11:14:57,615] INFO: Time: 5.833887989999994; Command Current: 400; Motor Current: 398.0
[2026-02-17 11:14:57,616] INFO: Time: 5.834945833999882; Command Current: 400; Motor Current: 397.0
[2026-02-17 11:14:57,617] INFO: Time: 5.836005435999823; Command Current: 400; Motor Current: 397.0
[2026-02-17 11:14:57,618] INFO: Time: 5.8370635019998645; Command Current: 400; Motor Current: 397.0
[2026-02-17 11:14:57,619] INFO: Time: 5.838122179000038; Command Current: 400; Motor Current: 398.0
[2026-02-17 11:14:57,620] INFO: Time: 5.839180225999826; Command Current: 400; Motor Current: 395.0
[2026-02-17 11:14:57,621] INFO: Time: 5.840238513000031; Command Current: 400; Motor Current: 395.0
[2026-02-17 11:14:57,622] INFO: Time: 5.841297022999925; Command Current: 400; Motor Current: 396.0
[2026-02-17 11:14:57,623] INFO: Time: 5.842356366999866; Command Current: 400; Motor Current: 397.0
[2026-02-17 11:14:57,624] INFO: Time: 5.843414839999923; Command Current: 400; Motor Current: 396.0
[2026-02-17 11:14:57,625] INFO: Time: 5.84447344199998; Command Current: 400; Motor Current: 396.0
[2026-02-17 11:14:57,626] INFO: Time: 5.845532563000006; Command Current: 400; Motor Current: 396.0
[2026-02-17 11:14:57,627] INFO: Time: 5.8465890180000315; Command Current: 400; Motor Current: 395.0
[2026-02-17 11:14:57,628] INFO: Time: 5.8476476019998245; Command Current: 400; Motor Current: 397.0
[2026-02-17 11:14:57,630] INFO: Time: 5.84870709300003; Command Current: 400; Motor Current: 396.0
[2026-02-17 11:14:57,631] INFO: Time: 5.849766880999823; Command Current: 400; Motor Current: 396.0
[2026-02-17 11:14:57,632] INFO: Time: 5.850827706000018; Command Current: 400; Motor Current: 396.0
[2026-02-17 11:14:57,633] INFO: Time: 5.851886197999875; Command Current: 400; Motor Current: 395.0
[2026-02-17 11:14:57,634] INFO: Time: 5.8529444299999795; Command Current: 400; Motor Current: 397.0
[2026-02-17 11:14:57,635] INFO: Time: 5.853996976999952; Command Current: 400; Motor Current: 397.0
[2026-02-17 11:14:57,636] INFO: Time: 5.855056449999893; Command Current: 400; Motor Current: 398.0
[2026-02-17 11:14:57,637] INFO: Time: 5.856114830000024; Command Current: 400; Motor Current: 398.0
[2026-02-17 11:14:57,638] INFO: Time: 5.857173525000007; Command Current: 400; Motor Current: 395.0
[2026-02-17 11:14:57,639] INFO: Time: 5.858232016999864; Command Current: 400; Motor Current: 396.0
[2026-02-17 11:14:57,640] INFO: Time: 5.859290730999874; Command Current: 400; Motor Current: 398.0
[2026-02-17 11:14:57,641] INFO: Time: 5.860351573999878; Command Current: 400; Motor Current: 398.0
[2026-02-17 11:14:57,642] INFO: Time: 5.861408731999973; Command Current: 400; Motor Current: 398.0
[2026-02-17 11:14:57,643] INFO: Time: 5.86246709399984; Command Current: 400; Motor Current: 398.0
[2026-02-17 11:14:57,644] INFO: Time: 5.863525900000013; Command Current: 400; Motor Current: 398.0
[2026-02-17 11:14:57,645] INFO: Time: 5.8645827440000176; Command Current: 400; Motor Current: 398.0
[2026-02-17 11:14:57,646] INFO: Time: 5.865642697999874; Command Current: 400; Motor Current: 398.0
[2026-02-17 11:14:57,648] INFO: Time: 5.8667029859998365; Command Current: 400; Motor Current: 400.0
[2026-02-17 11:14:57,649] INFO: Time: 5.8677714220000325; Command Current: 400; Motor Current: 400.0
[2026-02-17 11:14:57,650] INFO: Time: 5.868829728000037; Command Current: 400; Motor Current: 399.0
[2026-02-17 11:14:57,651] INFO: Time: 5.869887905000041; Command Current: 400; Motor Current: 400.0
[2026-02-17 11:14:57,652] INFO: Time: 5.8709460999998555; Command Current: 400; Motor Current: 399.0
[2026-02-17 11:14:57,653] INFO: Time: 5.872006406999844; Command Current: 400; Motor Current: 398.0
[2026-02-17 11:14:57,654] INFO: Time: 5.873064897999939; Command Current: 400; Motor Current: 400.0
[2026-02-17 11:14:57,655] INFO: Time: 5.8741238339998745; Command Current: 400; Motor Current: 398.0
[2026-02-17 11:14:57,656] INFO: Time: 5.875182047999942; Command Current: 400; Motor Current: 398.0
[2026-02-17 11:14:57,657] INFO: Time: 5.87624065; Command Current: 400; Motor Current: 397.0
[2026-02-17 11:14:57,658] INFO: Time: 5.877299400999846; Command Current: 400; Motor Current: 398.0
[2026-02-17 11:14:57,659] INFO: Time: 5.878360021999924; Command Current: 400; Motor Current: 398.0
[2026-02-17 11:14:57,660] INFO: Time: 5.879417087999855; Command Current: 400; Motor Current: 399.0
[2026-02-17 11:14:57,661] INFO: Time: 5.880479393999849; Command Current: 400; Motor Current: 397.0
[2026-02-17 11:14:57,662] INFO: Time: 5.8815391819998695; Command Current: 400; Motor Current: 395.0
[2026-02-17 11:14:57,663] INFO: Time: 5.882601913999906; Command Current: 400; Motor Current: 396.0
[2026-02-17 11:14:57,664] INFO: Time: 5.883659516999842; Command Current: 400; Motor Current: 394.0
[2026-02-17 11:14:57,666] INFO: Time: 5.884718767999857; Command Current: 400; Motor Current: 398.0
[2026-02-17 11:14:57,667] INFO: Time: 5.88577879599984; Command Current: 400; Motor Current: 396.0
[2026-02-17 11:14:57,668] INFO: Time: 5.886837435999951; Command Current: 400; Motor Current: 397.0
[2026-02-17 11:14:57,669] INFO: Time: 5.887895797999818; Command Current: 400; Motor Current: 397.0
[2026-02-17 11:14:57,670] INFO: Time: 5.888954696999917; Command Current: 400; Motor Current: 397.0
[2026-02-17 11:14:57,671] INFO: Time: 5.890014872999927; Command Current: 400; Motor Current: 398.0
[2026-02-17 11:14:57,672] INFO: Time: 5.891072993999842; Command Current: 400; Motor Current: 398.0
[2026-02-17 11:14:57,673] INFO: Time: 5.892131596999889; Command Current: 400; Motor Current: 398.0
[2026-02-17 11:14:57,674] INFO: Time: 5.89318960699984; Command Current: 400; Motor Current: 396.0
[2026-02-17 11:14:57,675] INFO: Time: 5.894247949999908; Command Current: 400; Motor Current: 398.0
[2026-02-17 11:14:57,676] INFO: Time: 5.895306331000029; Command Current: 400; Motor Current: 398.0
[2026-02-17 11:14:57,677] INFO: Time: 5.8963657669999066; Command Current: 400; Motor Current: 398.0
[2026-02-17 11:14:57,678] INFO: Time: 5.89742318399999; Command Current: 400; Motor Current: 397.0
[2026-02-17 11:14:57,679] INFO: Time: 5.898481675999847; Command Current: 400; Motor Current: 396.0
[2026-02-17 11:14:57,680] INFO: Time: 5.899540074000015; Command Current: 400; Motor Current: 397.0
[2026-02-17 11:14:57,681] INFO: Time: 5.90060332500002; Command Current: 400; Motor Current: 398.0
[2026-02-17 11:14:57,682] INFO: Time: 5.90166300199985; Command Current: 400; Motor Current: 399.0
[2026-02-17 11:14:57,684] INFO: Time: 5.902723012000024; Command Current: 400; Motor Current: 399.0
[2026-02-17 11:14:57,685] INFO: Time: 5.903782503000002; Command Current: 400; Motor Current: 400.0
[2026-02-17 11:14:57,686] INFO: Time: 5.904841884000007; Command Current: 400; Motor Current: 401.0
[2026-02-17 11:14:57,687] INFO: Time: 5.905900541999927; Command Current: 400; Motor Current: 401.0
[2026-02-17 11:14:57,688] INFO: Time: 5.906959755999878; Command Current: 400; Motor Current: 399.0
[2026-02-17 11:14:57,689] INFO: Time: 5.90801928399992; Command Current: 400; Motor Current: 399.0
[2026-02-17 11:14:57,690] INFO: Time: 5.909077646000014; Command Current: 400; Motor Current: 399.0
[2026-02-17 11:14:57,691] INFO: Time: 5.910136803999876; Command Current: 400; Motor Current: 398.0
[2026-02-17 11:14:57,692] INFO: Time: 5.911195055000007; Command Current: 400; Motor Current: 399.0
[2026-02-17 11:14:57,693] INFO: Time: 5.9122530099998585; Command Current: 400; Motor Current: 399.0
[2026-02-17 11:14:57,694] INFO: Time: 5.913311668000006; Command Current: 400; Motor Current: 398.0
[2026-02-17 11:14:57,695] INFO: Time: 5.914371214999846; Command Current: 400; Motor Current: 399.0
[2026-02-17 11:14:57,696] INFO: Time: 5.915430390999973; Command Current: 400; Motor Current: 399.0
[2026-02-17 11:14:57,697] INFO: Time: 5.916489104999982; Command Current: 400; Motor Current: 399.0
[2026-02-17 11:14:57,698] INFO: Time: 5.917547466999849; Command Current: 400; Motor Current: 399.0
[2026-02-17 11:14:57,699] INFO: Time: 5.918604328999891; Command Current: 400; Motor Current: 398.0
[2026-02-17 11:14:57,700] INFO: Time: 5.919662987000038; Command Current: 400; Motor Current: 399.0
[2026-02-17 11:14:57,702] INFO: Time: 5.920721812000011; Command Current: 400; Motor Current: 397.0
[2026-02-17 11:14:57,703] INFO: Time: 5.921792228999948; Command Current: 400; Motor Current: 397.0
[2026-02-17 11:14:57,704] INFO: Time: 5.922850462000042; Command Current: 400; Motor Current: 398.0
[2026-02-17 11:14:57,705] INFO: Time: 5.923908674999893; Command Current: 400; Motor Current: 399.0
[2026-02-17 11:14:57,706] INFO: Time: 5.92496709299985; Command Current: 400; Motor Current: 399.0
[2026-02-17 11:14:57,707] INFO: Time: 5.926026768999918; Command Current: 400; Motor Current: 400.0
[2026-02-17 11:14:57,708] INFO: Time: 5.927085261000002; Command Current: 400; Motor Current: 398.0
[2026-02-17 11:14:57,709] INFO: Time: 5.928143251999927; Command Current: 400; Motor Current: 398.0
[2026-02-17 11:14:57,710] INFO: Time: 5.9292015399998945; Command Current: 400; Motor Current: 398.0
[2026-02-17 11:14:57,711] INFO: Time: 5.930260086999851; Command Current: 400; Motor Current: 396.0
[2026-02-17 11:14:57,712] INFO: Time: 5.931318985999951; Command Current: 400; Motor Current: 396.0
[2026-02-17 11:14:57,713] INFO: Time: 5.9323790700000245; Command Current: 400; Motor Current: 398.0
[2026-02-17 11:14:57,714] INFO: Time: 5.933435839999902; Command Current: 400; Motor Current: 395.0
[2026-02-17 11:14:57,715] INFO: Time: 5.93449405299998; Command Current: 400; Motor Current: 393.0
[2026-02-17 11:14:57,716] INFO: Time: 5.935552285999847; Command Current: 400; Motor Current: 395.0
[2026-02-17 11:14:57,717] INFO: Time: 5.936609054999963; Command Current: 400; Motor Current: 396.0
[2026-02-17 11:14:57,718] INFO: Time: 5.937668897999856; Command Current: 400; Motor Current: 396.0
[2026-02-17 11:14:57,720] INFO: Time: 5.938728129999845; Command Current: 400; Motor Current: 396.0
[2026-02-17 11:14:57,721] INFO: Time: 5.939786011000024; Command Current: 400; Motor Current: 396.0
[2026-02-17 11:14:57,722] INFO: Time: 5.940844094999875; Command Current: 400; Motor Current: 397.0
[2026-02-17 11:14:57,723] INFO: Time: 5.941902233999826; Command Current: 400; Motor Current: 398.0
[2026-02-17 11:14:57,724] INFO: Time: 5.942963745000043; Command Current: 400; Motor Current: 397.0
[2026-02-17 11:14:57,725] INFO: Time: 5.944024457999831; Command Current: 400; Motor Current: 397.0
[2026-02-17 11:14:57,726] INFO: Time: 5.945107690999976; Command Current: 400; Motor Current: 397.0
[2026-02-17 11:14:57,727] INFO: Time: 5.946166423000022; Command Current: 400; Motor Current: 397.0
[2026-02-17 11:14:57,728] INFO: Time: 5.947225413999831; Command Current: 400; Motor Current: 396.0
[2026-02-17 11:14:57,729] INFO: Time: 5.948284553999883; Command Current: 400; Motor Current: 398.0
[2026-02-17 11:14:57,730] INFO: Time: 5.949343267999893; Command Current: 400; Motor Current: 398.0
[2026-02-17 11:14:57,731] INFO: Time: 5.950403795999819; Command Current: 400; Motor Current: 398.0
[2026-02-17 11:14:57,732] INFO: Time: 5.951462621000019; Command Current: 400; Motor Current: 399.0
[2026-02-17 11:14:57,733] INFO: Time: 5.952521316000002; Command Current: 400; Motor Current: 399.0
[2026-02-17 11:14:57,734] INFO: Time: 5.953578400999959; Command Current: 400; Motor Current: 397.0
[2026-02-17 11:14:57,735] INFO: Time: 5.954651891999902; Command Current: 400; Motor Current: 399.0
[2026-02-17 11:14:57,737] INFO: Time: 5.9557104209998215; Command Current: 400; Motor Current: 398.0
[2026-02-17 11:14:57,738] INFO: Time: 5.956781467999917; Command Current: 400; Motor Current: 399.0
[2026-02-17 11:14:57,739] INFO: Time: 5.957829069999889; Command Current: 400; Motor Current: 399.0
[2026-02-17 11:14:57,740] INFO: Time: 5.958887746999835; Command Current: 400; Motor Current: 398.0
[2026-02-17 11:14:57,741] INFO: Time: 5.959946145999993; Command Current: 400; Motor Current: 400.0
[2026-02-17 11:14:57,742] INFO: Time: 5.961004933999902; Command Current: 400; Motor Current: 399.0
[2026-02-17 11:14:57,743] INFO: Time: 5.962065055000039; Command Current: 400; Motor Current: 400.0
[2026-02-17 11:14:57,744] INFO: Time: 5.963123620000033; Command Current: 400; Motor Current: 399.0
[2026-02-17 11:14:57,745] INFO: Time: 5.964182574999995; Command Current: 400; Motor Current: 399.0
[2026-02-17 11:14:57,746] INFO: Time: 5.965241084999889; Command Current: 400; Motor Current: 399.0
[2026-02-17 11:14:57,747] INFO: Time: 5.9662999279998985; Command Current: 400; Motor Current: 400.0
[2026-02-17 11:14:57,748] INFO: Time: 5.967358789999935; Command Current: 400; Motor Current: 402.0
[2026-02-17 11:14:57,749] INFO: Time: 5.968420429999924; Command Current: 400; Motor Current: 399.0
[2026-02-17 11:14:57,750] INFO: Time: 5.969478976999881; Command Current: 400; Motor Current: 400.0
[2026-02-17 11:14:57,751] INFO: Time: 5.970537894000017; Command Current: 400; Motor Current: 400.0
[2026-02-17 11:14:57,752] INFO: Time: 5.971596551999937; Command Current: 400; Motor Current: 399.0
[2026-02-17 11:14:57,753] INFO: Time: 5.972653562000005; Command Current: 400; Motor Current: 401.0
[2026-02-17 11:14:57,755] INFO: Time: 5.973713423999925; Command Current: 400; Motor Current: 399.0
[2026-02-17 11:14:57,756] INFO: Time: 5.974781268000015; Command Current: 400; Motor Current: 397.0
[2026-02-17 11:14:57,757] INFO: Time: 5.975839592999819; Command Current: 400; Motor Current: 397.0
[2026-02-17 11:14:57,758] INFO: Time: 5.97689791699986; Command Current: 400; Motor Current: 396.0
[2026-02-17 11:14:57,759] INFO: Time: 5.977956724000023; Command Current: 400; Motor Current: 398.0
[2026-02-17 11:14:57,760] INFO: Time: 5.979016048999938; Command Current: 400; Motor Current: 397.0
[2026-02-17 11:14:57,761] INFO: Time: 5.980080928999996; Command Current: 400; Motor Current: 396.0
[2026-02-17 11:14:57,762] INFO: Time: 5.981139031999874; Command Current: 400; Motor Current: 394.0
[2026-02-17 11:14:57,763] INFO: Time: 5.982200411999884; Command Current: 400; Motor Current: 395.0
[2026-02-17 11:14:57,764] INFO: Time: 5.983261847999984; Command Current: 400; Motor Current: 396.0
[2026-02-17 11:14:57,765] INFO: Time: 5.984321357999988; Command Current: 400; Motor Current: 396.0
[2026-02-17 11:14:57,766] INFO: Time: 5.985380589999977; Command Current: 400; Motor Current: 396.0
[2026-02-17 11:14:57,767] INFO: Time: 5.986440970999865; Command Current: 400; Motor Current: 396.0
[2026-02-17 11:14:57,768] INFO: Time: 5.987499406999859; Command Current: 400; Motor Current: 396.0
[2026-02-17 11:14:57,769] INFO: Time: 5.9885564539999905; Command Current: 400; Motor Current: 399.0
[2026-02-17 11:14:57,770] INFO: Time: 5.989614963999884; Command Current: 400; Motor Current: 397.0
[2026-02-17 11:14:57,771] INFO: Time: 5.990671806999899; Command Current: 400; Motor Current: 397.0
[2026-02-17 11:14:57,773] INFO: Time: 5.99173146499993; Command Current: 400; Motor Current: 397.0
[2026-02-17 11:14:57,774] INFO: Time: 5.9927905859999555; Command Current: 400; Motor Current: 398.0
[2026-02-17 11:14:57,775] INFO: Time: 5.993849318999992; Command Current: 400; Motor Current: 399.0
[2026-02-17 11:14:57,776] INFO: Time: 5.994907383999816; Command Current: 400; Motor Current: 398.0
[2026-02-17 11:14:57,777] INFO: Time: 5.995965467999895; Command Current: 400; Motor Current: 399.0
[2026-02-17 11:14:57,778] INFO: Time: 5.997031403999927; Command Current: 400; Motor Current: 398.0
[2026-02-17 11:14:57,779] INFO: Time: 5.998094543999969; Command Current: 400; Motor Current: 400.0
[2026-02-17 11:14:57,780] INFO: Time: 5.999153923999984; Command Current: 400; Motor Current: 399.0
[2026-02-17 11:14:57,781] INFO: Time: 6.000213156999962; Command Current: 400; Motor Current: 399.0
[2026-02-17 11:14:57,782] INFO: Time: 6.001272221999898; Command Current: 400; Motor Current: 398.0
[2026-02-17 11:14:57,783] INFO: Time: 6.002331213999923; Command Current: 400; Motor Current: 398.0
[2026-02-17 11:14:57,784] INFO: Time: 6.003390963999891; Command Current: 400; Motor Current: 399.0
[2026-02-17 11:14:57,785] INFO: Time: 6.004449474000012; Command Current: 400; Motor Current: 399.0
[2026-02-17 11:14:57,786] INFO: Time: 6.005508596000027; Command Current: 400; Motor Current: 398.0
[2026-02-17 11:14:57,787] INFO: Time: 6.006567993999852; Command Current: 400; Motor Current: 398.0
[2026-02-17 11:14:57,788] INFO: Time: 6.007639115999837; Command Current: 400; Motor Current: 398.0
[2026-02-17 11:14:57,790] INFO: Time: 6.008698254999899; Command Current: 400; Motor Current: 399.0
[2026-02-17 11:14:57,791] INFO: Time: 6.009756468999967; Command Current: 400; Motor Current: 398.0
[2026-02-17 11:14:57,792] INFO: Time: 6.01081383099995; Command Current: 400; Motor Current: 400.0
[2026-02-17 11:14:57,793] INFO: Time: 6.011872062999828; Command Current: 400; Motor Current: 399.0
[2026-02-17 11:14:57,794] INFO: Time: 6.012930498999822; Command Current: 400; Motor Current: 399.0
[2026-02-17 11:14:57,795] INFO: Time: 6.013989713000001; Command Current: 400; Motor Current: 398.0
[2026-02-17 11:14:57,796] INFO: Time: 6.015048964000016; Command Current: 400; Motor Current: 400.0
[2026-02-17 11:14:57,797] INFO: Time: 6.016107454999883; Command Current: 400; Motor Current: 399.0
[2026-02-17 11:14:57,798] INFO: Time: 6.017166834999898; Command Current: 400; Motor Current: 400.0
[2026-02-17 11:14:57,799] INFO: Time: 6.0182255119998445; Command Current: 400; Motor Current: 400.0
[2026-02-17 11:14:57,800] INFO: Time: 6.019283652000013; Command Current: 400; Motor Current: 402.0
[2026-02-17 11:14:57,801] INFO: Time: 6.020341809999991; Command Current: 400; Motor Current: 400.0
[2026-02-17 11:14:57,802] INFO: Time: 6.0214013569998315; Command Current: 400; Motor Current: 399.0
[2026-02-17 11:14:57,803] INFO: Time: 6.0224593109999205; Command Current: 400; Motor Current: 401.0
[2026-02-17 11:14:57,804] INFO: Time: 6.023516783999867; Command Current: 400; Motor Current: 401.0
[2026-02-17 11:14:57,805] INFO: Time: 6.0245751830000245; Command Current: 400; Motor Current: 399.0
[2026-02-17 11:14:57,806] INFO: Time: 6.0256332300000395; Command Current: 400; Motor Current: 399.0
[2026-02-17 11:14:57,808] INFO: Time: 6.026691129000028; Command Current: 400; Motor Current: 398.0
[2026-02-17 11:14:57,809] INFO: Time: 6.027751583999816; Command Current: 400; Motor Current: 399.0
[2026-02-17 11:14:57,810] INFO: Time: 6.028813483000022; Command Current: 400; Motor Current: 398.0
[2026-02-17 11:14:57,811] INFO: Time: 6.029870899999878; Command Current: 400; Motor Current: 397.0
[2026-02-17 11:14:57,812] INFO: Time: 6.030928557999914; Command Current: 400; Motor Current: 397.0
[2026-02-17 11:14:57,813] INFO: Time: 6.031985790999897; Command Current: 400; Motor Current: 399.0
[2026-02-17 11:14:57,814] INFO: Time: 6.033044411999981; Command Current: 400; Motor Current: 397.0
[2026-02-17 11:14:57,815] INFO: Time: 6.034103606999906; Command Current: 400; Motor Current: 397.0
[2026-02-17 11:14:57,816] INFO: Time: 6.035161486999868; Command Current: 400; Motor Current: 398.0
[2026-02-17 11:14:57,817] INFO: Time: 6.036219663999873; Command Current: 400; Motor Current: 396.0
[2026-02-17 11:14:57,818] INFO: Time: 6.037278006999941; Command Current: 400; Motor Current: 398.0
[2026-02-17 11:14:57,819] INFO: Time: 6.038336201999982; Command Current: 400; Motor Current: 398.0
[2026-02-17 11:14:57,820] INFO: Time: 6.039396952999823; Command Current: 400; Motor Current: 397.0
[2026-02-17 11:14:57,821] INFO: Time: 6.040458203999833; Command Current: 400; Motor Current: 397.0
[2026-02-17 11:14:57,822] INFO: Time: 6.041542399000036; Command Current: 400; Motor Current: 397.0
[2026-02-17 11:14:57,823] INFO: Time: 6.042599668999856; Command Current: 400; Motor Current: 399.0
[2026-02-17 11:14:57,824] INFO: Time: 6.043658381999876; Command Current: 400; Motor Current: 397.0
[2026-02-17 11:14:57,826] INFO: Time: 6.04472976299985; Command Current: 400; Motor Current: 397.0
[2026-02-17 11:14:57,827] INFO: Time: 6.045877439999913; Command Current: 400; Motor Current: 399.0
[2026-02-17 11:14:57,828] INFO: Time: 6.046952247000036; Command Current: 400; Motor Current: 397.0
[2026-02-17 11:14:57,829] INFO: Time: 6.048029812999857; Command Current: 400; Motor Current: 398.0
[2026-02-17 11:14:57,830] INFO: Time: 6.0490942859998995; Command Current: 400; Motor Current: 398.0
[2026-02-17 11:14:57,831] INFO: Time: 6.050155276999931; Command Current: 400; Motor Current: 398.0
[2026-02-17 11:14:57,832] INFO: Time: 6.051216047000025; Command Current: 400; Motor Current: 398.0
[2026-02-17 11:14:57,833] INFO: Time: 6.052280407999888; Command Current: 400; Motor Current: 397.0
[2026-02-17 11:14:57,834] INFO: Time: 6.053340232999972; Command Current: 400; Motor Current: 396.0
[2026-02-17 11:14:57,835] INFO: Time: 6.054399114000034; Command Current: 400; Motor Current: 396.0
[2026-02-17 11:14:57,836] INFO: Time: 6.055457160999822; Command Current: 400; Motor Current: 398.0
[2026-02-17 11:14:57,837] INFO: Time: 6.0565152449999005; Command Current: 400; Motor Current: 396.0
[2026-02-17 11:14:57,838] INFO: Time: 6.057572180999841; Command Current: 400; Motor Current: 395.0
[2026-02-17 11:14:57,839] INFO: Time: 6.058652023999912; Command Current: 400; Motor Current: 397.0
[2026-02-17 11:14:57,841] INFO: Time: 6.059708942000043; Command Current: 400; Motor Current: 397.0
[2026-02-17 11:14:57,842] INFO: Time: 6.060766895999905; Command Current: 400; Motor Current: 398.0
[2026-02-17 11:14:57,843] INFO: Time: 6.061826164999957; Command Current: 400; Motor Current: 399.0
[2026-02-17 11:14:57,844] INFO: Time: 6.062887046000014; Command Current: 400; Motor Current: 399.0
[2026-02-17 11:14:57,845] INFO: Time: 6.063945407999881; Command Current: 400; Motor Current: 399.0
[2026-02-17 11:14:57,846] INFO: Time: 6.065004435999981; Command Current: 400; Motor Current: 399.0
[2026-02-17 11:14:57,847] INFO: Time: 6.066062445999933; Command Current: 400; Motor Current: 401.0
[2026-02-17 11:14:57,848] INFO: Time: 6.067121455999995; Command Current: 400; Motor Current: 402.0
[2026-02-17 11:14:57,849] INFO: Time: 6.068181336999942; Command Current: 400; Motor Current: 400.0
[2026-02-17 11:14:57,850] INFO: Time: 6.069242679999888; Command Current: 400; Motor Current: 400.0
[2026-02-17 11:14:57,851] INFO: Time: 6.070299837999983; Command Current: 400; Motor Current: 398.0
[2026-02-17 11:14:57,852] INFO: Time: 6.0713583849999395; Command Current: 400; Motor Current: 400.0
[2026-02-17 11:14:57,853] INFO: Time: 6.072416950999923; Command Current: 400; Motor Current: 400.0
[2026-02-17 11:14:57,854] INFO: Time: 6.073475608999843; Command Current: 400; Motor Current: 399.0
[2026-02-17 11:14:57,855] INFO: Time: 6.074534711999831; Command Current: 400; Motor Current: 399.0
[2026-02-17 11:14:57,856] INFO: Time: 6.07559648099982; Command Current: 400; Motor Current: 399.0
[2026-02-17 11:14:57,857] INFO: Time: 6.076662305999889; Command Current: 400; Motor Current: 399.0
[2026-02-17 11:14:57,859] INFO: Time: 6.077721870999994; Command Current: 400; Motor Current: 398.0
[2026-02-17 11:14:57,860] INFO: Time: 6.0787882519998675; Command Current: 400; Motor Current: 398.0
[2026-02-17 11:14:57,861] INFO: Time: 6.079847020999978; Command Current: 400; Motor Current: 396.0
[2026-02-17 11:14:57,862] INFO: Time: 6.080906919999961; Command Current: 400; Motor Current: 397.0
[2026-02-17 11:14:57,863] INFO: Time: 6.081965818999834; Command Current: 400; Motor Current: 397.0
[2026-02-17 11:14:57,864] INFO: Time: 6.083028272999854; Command Current: 400; Motor Current: 398.0
[2026-02-17 11:14:57,865] INFO: Time: 6.08408585799998; Command Current: 400; Motor Current: 397.0
[2026-02-17 11:14:57,866] INFO: Time: 6.085145533999821; Command Current: 400; Motor Current: 397.0
[2026-02-17 11:14:57,867] INFO: Time: 6.086204284999894; Command Current: 400; Motor Current: 395.0
[2026-02-17 11:14:57,868] INFO: Time: 6.0872633509998195; Command Current: 400; Motor Current: 396.0
[2026-02-17 11:14:57,869] INFO: Time: 6.088322285999993; Command Current: 400; Motor Current: 398.0
[2026-02-17 11:14:57,870] INFO: Time: 6.089380814999913; Command Current: 400; Motor Current: 397.0
[2026-02-17 11:14:57,871] INFO: Time: 6.090439455000023; Command Current: 400; Motor Current: 398.0
[2026-02-17 11:14:57,872] INFO: Time: 6.091498557000023; Command Current: 400; Motor Current: 398.0
[2026-02-17 11:14:57,873] INFO: Time: 6.092558197000017; Command Current: 400; Motor Current: 398.0
[2026-02-17 11:14:57,874] INFO: Time: 6.093618336999953; Command Current: 400; Motor Current: 399.0
[2026-02-17 11:14:57,875] INFO: Time: 6.0946769949998725; Command Current: 400; Motor Current: 399.0
[2026-02-17 11:14:57,877] INFO: Time: 6.095735319999903; Command Current: 400; Motor Current: 399.0
[2026-02-17 11:14:57,878] INFO: Time: 6.0968001999999615; Command Current: 400; Motor Current: 399.0
[2026-02-17 11:14:57,879] INFO: Time: 6.09786965499984; Command Current: 400; Motor Current: 398.0
[2026-02-17 11:14:57,880] INFO: Time: 6.0989270349998606; Command Current: 400; Motor Current: 400.0
[2026-02-17 11:14:57,881] INFO: Time: 6.099985414999992; Command Current: 400; Motor Current: 399.0
[2026-02-17 11:14:57,882] INFO: Time: 6.101043906999848; Command Current: 400; Motor Current: 399.0
[2026-02-17 11:14:57,883] INFO: Time: 6.102103083999964; Command Current: 400; Motor Current: 399.0
[2026-02-17 11:14:57,884] INFO: Time: 6.103162259999863; Command Current: 400; Motor Current: 399.0
[2026-02-17 11:14:57,885] INFO: Time: 6.104221343999825; Command Current: 400; Motor Current: 399.0
[2026-02-17 11:14:57,886] INFO: Time: 6.105279520999829; Command Current: 400; Motor Current: 400.0
[2026-02-17 11:14:57,887] INFO: Time: 6.106337752999934; Command Current: 400; Motor Current: 400.0
[2026-02-17 11:14:57,888] INFO: Time: 6.107395578000023; Command Current: 400; Motor Current: 400.0
[2026-02-17 11:14:57,889] INFO: Time: 6.1084547729999485; Command Current: 400; Motor Current: 400.0
[2026-02-17 11:14:57,890] INFO: Time: 6.109513079999942; Command Current: 400; Motor Current: 398.0
[2026-02-17 11:14:57,891] INFO: Time: 6.110573089999889; Command Current: 400; Motor Current: 399.0
[2026-02-17 11:14:57,892] INFO: Time: 6.111647506999816; Command Current: 400; Motor Current: 398.0
[2026-02-17 11:14:57,894] INFO: Time: 6.11270447999982; Command Current: 400; Motor Current: 399.0
[2026-02-17 11:14:57,895] INFO: Time: 6.113763897999888; Command Current: 400; Motor Current: 399.0
[2026-02-17 11:14:57,896] INFO: Time: 6.1148212959999455; Command Current: 400; Motor Current: 399.0
[2026-02-17 11:14:57,897] INFO: Time: 6.115880120999918; Command Current: 400; Motor Current: 400.0
[2026-02-17 11:14:57,898] INFO: Time: 6.116938667999875; Command Current: 400; Motor Current: 399.0
[2026-02-17 11:14:57,899] INFO: Time: 6.117996696999853; Command Current: 400; Motor Current: 399.0
[2026-02-17 11:14:57,900] INFO: Time: 6.119055374000027; Command Current: 400; Motor Current: 401.0
[2026-02-17 11:14:57,901] INFO: Time: 6.1201150319998305; Command Current: 400; Motor Current: 401.0
[2026-02-17 11:14:57,902] INFO: Time: 6.121174411999846; Command Current: 400; Motor Current: 401.0
[2026-02-17 11:14:57,903] INFO: Time: 6.122233421999908; Command Current: 400; Motor Current: 400.0
[2026-02-17 11:14:57,904] INFO: Time: 6.123291395000024; Command Current: 400; Motor Current: 400.0
[2026-02-17 11:14:57,905] INFO: Time: 6.1243491269999595; Command Current: 400; Motor Current: 400.0
[2026-02-17 11:14:57,906] INFO: Time: 6.12540739699989; Command Current: 400; Motor Current: 400.0
[2026-02-17 11:14:57,907] INFO: Time: 6.126466202999836; Command Current: 400; Motor Current: 400.0
[2026-02-17 11:14:57,908] INFO: Time: 6.127526730999989; Command Current: 400; Motor Current: 399.0
[2026-02-17 11:14:57,909] INFO: Time: 6.128583889999845; Command Current: 400; Motor Current: 399.0
[2026-02-17 11:14:57,910] INFO: Time: 6.129643751999993; Command Current: 400; Motor Current: 399.0
[2026-02-17 11:14:57,912] INFO: Time: 6.130701353999939; Command Current: 400; Motor Current: 396.0
[2026-02-17 11:14:57,913] INFO: Time: 6.131760141999848; Command Current: 400; Motor Current: 396.0
[2026-02-17 11:14:57,914] INFO: Time: 6.132819577999953; Command Current: 400; Motor Current: 399.0
[2026-02-17 11:14:57,915] INFO: Time: 6.133878180000011; Command Current: 400; Motor Current: 398.0
[2026-02-17 11:14:57,916] INFO: Time: 6.1349365050000415; Command Current: 400; Motor Current: 397.0
[2026-02-17 11:14:57,917] INFO: Time: 6.135994718999882; Command Current: 400; Motor Current: 398.0
[2026-02-17 11:14:57,918] INFO: Time: 6.137053487999992; Command Current: 400; Motor Current: 396.0
[2026-02-17 11:14:57,919] INFO: Time: 6.138112590999981; Command Current: 400; Motor Current: 398.0
[2026-02-17 11:14:57,920] INFO: Time: 6.139172656000028; Command Current: 400; Motor Current: 398.0
[2026-02-17 11:14:57,921] INFO: Time: 6.1402314259999; Command Current: 400; Motor Current: 399.0
[2026-02-17 11:14:57,922] INFO: Time: 6.141311120999944; Command Current: 400; Motor Current: 398.0
[2026-02-17 11:14:57,923] INFO: Time: 6.142369223999822; Command Current: 400; Motor Current: 398.0
[2026-02-17 11:14:57,924] INFO: Time: 6.143428418999974; Command Current: 400; Motor Current: 397.0
[2026-02-17 11:14:57,925] INFO: Time: 6.144489966000037; Command Current: 400; Motor Current: 399.0
[2026-02-17 11:14:57,926] INFO: Time: 6.14554879100001; Command Current: 400; Motor Current: 399.0
[2026-02-17 11:14:57,927] INFO: Time: 6.146605652999824; Command Current: 400; Motor Current: 400.0
[2026-02-17 11:14:57,928] INFO: Time: 6.147664088999818; Command Current: 400; Motor Current: 400.0
[2026-02-17 11:14:57,930] INFO: Time: 6.148723394999934; Command Current: 400; Motor Current: 399.0
[2026-02-17 11:14:57,931] INFO: Time: 6.149792460999834; Command Current: 400; Motor Current: 399.0
[2026-02-17 11:14:57,932] INFO: Time: 6.150850933999891; Command Current: 400; Motor Current: 399.0
[2026-02-17 11:14:57,933] INFO: Time: 6.151909943999954; Command Current: 400; Motor Current: 399.0
[2026-02-17 11:14:57,934] INFO: Time: 6.15296893499999; Command Current: 400; Motor Current: 398.0
[2026-02-17 11:14:57,935] INFO: Time: 6.154027722999899; Command Current: 400; Motor Current: 398.0
[2026-02-17 11:14:57,936] INFO: Time: 6.155086436999909; Command Current: 400; Motor Current: 400.0
[2026-02-17 11:14:57,937] INFO: Time: 6.156146890999935; Command Current: 400; Motor Current: 400.0
[2026-02-17 11:14:57,938] INFO: Time: 6.157205604999945; Command Current: 400; Motor Current: 400.0
[2026-02-17 11:14:57,939] INFO: Time: 6.158264577999944; Command Current: 400; Motor Current: 399.0
[2026-02-17 11:14:57,940] INFO: Time: 6.159323180000001; Command Current: 400; Motor Current: 398.0
[2026-02-17 11:14:57,941] INFO: Time: 6.1603821530000005; Command Current: 400; Motor Current: 398.0
[2026-02-17 11:14:57,942] INFO: Time: 6.161441275000016; Command Current: 400; Motor Current: 398.0
[2026-02-17 11:14:57,943] INFO: Time: 6.162501895999867; Command Current: 400; Motor Current: 399.0
[2026-02-17 11:14:57,944] INFO: Time: 6.1635597949998555; Command Current: 400; Motor Current: 398.0
[2026-02-17 11:14:57,945] INFO: Time: 6.164618323000013; Command Current: 400; Motor Current: 401.0
[2026-02-17 11:14:57,947] INFO: Time: 6.165680648000034; Command Current: 400; Motor Current: 400.0
[2026-02-17 11:14:57,948] INFO: Time: 6.166740472999891; Command Current: 400; Motor Current: 401.0
[2026-02-17 11:14:57,949] INFO: Time: 6.167801668000038; Command Current: 400; Motor Current: 401.0
[2026-02-17 11:14:57,950] INFO: Time: 6.168860566999911; Command Current: 400; Motor Current: 401.0
[2026-02-17 11:14:57,951] INFO: Time: 6.169919261999894; Command Current: 400; Motor Current: 401.0
[2026-02-17 11:14:57,952] INFO: Time: 6.170977734999951; Command Current: 400; Motor Current: 401.0
[2026-02-17 11:14:57,953] INFO: Time: 6.172036411999898; Command Current: 400; Motor Current: 399.0
[2026-02-17 11:14:57,954] INFO: Time: 6.173096088999955; Command Current: 400; Motor Current: 399.0
[2026-02-17 11:14:57,955] INFO: Time: 6.174154821000002; Command Current: 400; Motor Current: 399.0
[2026-02-17 11:14:57,956] INFO: Time: 6.175213664000012; Command Current: 400; Motor Current: 397.0
[2026-02-17 11:14:57,957] INFO: Time: 6.176272044999905; Command Current: 400; Motor Current: 398.0
[2026-02-17 11:14:57,958] INFO: Time: 6.177330609999899; Command Current: 400; Motor Current: 397.0
[2026-02-17 11:14:57,959] INFO: Time: 6.178389323999909; Command Current: 400; Motor Current: 397.0
[2026-02-17 11:14:57,960] INFO: Time: 6.17944892599985; Command Current: 400; Motor Current: 397.0
[2026-02-17 11:14:57,961] INFO: Time: 6.180507047999981; Command Current: 400; Motor Current: 397.0
[2026-02-17 11:14:57,962] INFO: Time: 6.181563502000017; Command Current: 400; Motor Current: 394.0
[2026-02-17 11:14:57,963] INFO: Time: 6.182621419000043; Command Current: 400; Motor Current: 396.0
[2026-02-17 11:14:57,964] INFO: Time: 6.183678299999883; Command Current: 400; Motor Current: 396.0
[2026-02-17 11:14:57,966] INFO: Time: 6.184737884000015; Command Current: 400; Motor Current: 397.0
[2026-02-17 11:14:57,967] INFO: Time: 6.185803523999994; Command Current: 400; Motor Current: 397.0
[2026-02-17 11:14:57,968] INFO: Time: 6.1868620149998605; Command Current: 400; Motor Current: 394.0
[2026-02-17 11:14:57,969] INFO: Time: 6.187921061999987; Command Current: 400; Motor Current: 397.0
[2026-02-17 11:14:57,970] INFO: Time: 6.1889797759999965; Command Current: 400; Motor Current: 396.0
[2026-02-17 11:14:57,971] INFO: Time: 6.190039137999975; Command Current: 400; Motor Current: 395.0
[2026-02-17 11:14:57,972] INFO: Time: 6.191097758999831; Command Current: 400; Motor Current: 395.0
[2026-02-17 11:14:57,973] INFO: Time: 6.192156306000015; Command Current: 400; Motor Current: 394.0
[2026-02-17 11:14:57,974] INFO: Time: 6.193215020000025; Command Current: 400; Motor Current: 395.0
[2026-02-17 11:14:57,975] INFO: Time: 6.194273788999908; Command Current: 400; Motor Current: 396.0
[2026-02-17 11:14:57,976] INFO: Time: 6.195332335999865; Command Current: 400; Motor Current: 395.0
[2026-02-17 11:14:57,977] INFO: Time: 6.196391456999891; Command Current: 400; Motor Current: 396.0
[2026-02-17 11:14:57,978] INFO: Time: 6.197447929999953; Command Current: 400; Motor Current: 396.0
[2026-02-17 11:14:57,979] INFO: Time: 6.1985059399999045; Command Current: 400; Motor Current: 396.0
[2026-02-17 11:14:57,980] INFO: Time: 6.199564375999898; Command Current: 400; Motor Current: 396.0
[2026-02-17 11:14:57,981] INFO: Time: 6.200621644999956; Command Current: 400; Motor Current: 396.0
[2026-02-17 11:14:57,983] INFO: Time: 6.20168243299986; Command Current: 400; Motor Current: 396.0
[2026-02-17 11:14:57,984] INFO: Time: 6.202739239000039; Command Current: 400; Motor Current: 397.0
[2026-02-17 11:14:57,985] INFO: Time: 6.203797100999964; Command Current: 400; Motor Current: 396.0
[2026-02-17 11:14:57,986] INFO: Time: 6.204855610999857; Command Current: 400; Motor Current: 398.0
[2026-02-17 11:14:57,987] INFO: Time: 6.205914324999867; Command Current: 400; Motor Current: 398.0
[2026-02-17 11:14:57,988] INFO: Time: 6.206972649999898; Command Current: 400; Motor Current: 398.0
[2026-02-17 11:14:57,989] INFO: Time: 6.20803173399986; Command Current: 400; Motor Current: 398.0
[2026-02-17 11:14:57,990] INFO: Time: 6.209089669999912; Command Current: 400; Motor Current: 398.0
[2026-02-17 11:14:57,991] INFO: Time: 6.2101481979998425; Command Current: 400; Motor Current: 399.0
[2026-02-17 11:14:57,992] INFO: Time: 6.211208096999826; Command Current: 400; Motor Current: 400.0
[2026-02-17 11:14:57,993] INFO: Time: 6.212266126000031; Command Current: 400; Motor Current: 399.0
[2026-02-17 11:14:57,994] INFO: Time: 6.213346858000023; Command Current: 400; Motor Current: 399.0
[2026-02-17 11:14:57,995] INFO: Time: 6.214406960999895; Command Current: 400; Motor Current: 402.0
[2026-02-17 11:14:57,996] INFO: Time: 6.215463970999963; Command Current: 400; Motor Current: 400.0
[2026-02-17 11:14:57,997] INFO: Time: 6.216522851000036; Command Current: 400; Motor Current: 399.0
[2026-02-17 11:14:57,998] INFO: Time: 6.217579434999834; Command Current: 400; Motor Current: 400.0
[2026-02-17 11:14:57,999] INFO: Time: 6.2186484829999245; Command Current: 400; Motor Current: 398.0
[2026-02-17 11:14:58,001] INFO: Time: 6.219705473999966; Command Current: 400; Motor Current: 400.0
[2026-02-17 11:14:58,002] INFO: Time: 6.220765576999838; Command Current: 400; Motor Current: 399.0
[2026-02-17 11:14:58,003] INFO: Time: 6.221824141999832; Command Current: 400; Motor Current: 399.0
[2026-02-17 11:14:58,004] INFO: Time: 6.2228825039999265; Command Current: 400; Motor Current: 399.0
[2026-02-17 11:14:58,005] INFO: Time: 6.223941217999936; Command Current: 400; Motor Current: 400.0
[2026-02-17 11:14:58,006] INFO: Time: 6.2250000799999725; Command Current: 400; Motor Current: 400.0
[2026-02-17 11:14:58,007] INFO: Time: 6.226060200999882; Command Current: 400; Motor Current: 401.0
[2026-02-17 11:14:58,008] INFO: Time: 6.227118636999876; Command Current: 400; Motor Current: 400.0
[2026-02-17 11:14:58,009] INFO: Time: 6.228177425000013; Command Current: 400; Motor Current: 400.0
[2026-02-17 11:14:58,010] INFO: Time: 6.22923578599989; Command Current: 400; Motor Current: 400.0
[2026-02-17 11:14:58,011] INFO: Time: 6.2302943709999; Command Current: 400; Motor Current: 398.0
[2026-02-17 11:14:58,012] INFO: Time: 6.231353120999984; Command Current: 400; Motor Current: 396.0
[2026-02-17 11:14:58,013] INFO: Time: 6.2324140569999145; Command Current: 400; Motor Current: 397.0
[2026-02-17 11:14:58,014] INFO: Time: 6.233472659999961; Command Current: 400; Motor Current: 397.0
[2026-02-17 11:14:58,015] INFO: Time: 6.234531039999865; Command Current: 400; Motor Current: 397.0
[2026-02-17 11:14:58,016] INFO: Time: 6.235595253999918; Command Current: 400; Motor Current: 398.0
[2026-02-17 11:14:58,017] INFO: Time: 6.236664893999887; Command Current: 400; Motor Current: 396.0
[2026-02-17 11:14:58,019] INFO: Time: 6.237727199999881; Command Current: 400; Motor Current: 398.0
[2026-02-17 11:14:58,020] INFO: Time: 6.238794765999955; Command Current: 400; Motor Current: 398.0
[2026-02-17 11:14:58,021] INFO: Time: 6.239853941999854; Command Current: 400; Motor Current: 397.0
[2026-02-17 11:14:58,022] INFO: Time: 6.240912785999853; Command Current: 400; Motor Current: 396.0
[2026-02-17 11:14:58,023] INFO: Time: 6.241971387999911; Command Current: 400; Motor Current: 398.0
[2026-02-17 11:14:58,024] INFO: Time: 6.2430304729998625; Command Current: 400; Motor Current: 398.0
[2026-02-17 11:14:58,025] INFO: Time: 6.24408913100001; Command Current: 400; Motor Current: 398.0
[2026-02-17 11:14:58,026] INFO: Time: 6.245147696000004; Command Current: 400; Motor Current: 399.0
[2026-02-17 11:14:58,027] INFO: Time: 6.246206650999966; Command Current: 400; Motor Current: 397.0
[2026-02-17 11:14:58,028] INFO: Time: 6.247264882999843; Command Current: 400; Motor Current: 398.0
[2026-02-17 11:14:58,029] INFO: Time: 6.2483239299999696; Command Current: 400; Motor Current: 400.0
[2026-02-17 11:14:58,030] INFO: Time: 6.249382587999889; Command Current: 400; Motor Current: 401.0
[2026-02-17 11:14:58,031] INFO: Time: 6.250439208999978; Command Current: 400; Motor Current: 401.0
[2026-02-17 11:14:58,032] INFO: Time: 6.251497367999946; Command Current: 400; Motor Current: 400.0
[2026-02-17 11:14:58,033] INFO: Time: 6.252556025999866; Command Current: 400; Motor Current: 402.0
[2026-02-17 11:14:58,034] INFO: Time: 6.253612943000007; Command Current: 400; Motor Current: 401.0
[2026-02-17 11:14:58,035] INFO: Time: 6.2546782489998805; Command Current: 400; Motor Current: 401.0
[2026-02-17 11:14:58,037] INFO: Time: 6.255745315000013; Command Current: 400; Motor Current: 399.0
[2026-02-17 11:14:58,038] INFO: Time: 6.256807565999907; Command Current: 400; Motor Current: 400.0
[2026-02-17 11:14:58,039] INFO: Time: 6.257865242999969; Command Current: 400; Motor Current: 400.0
[2026-02-17 11:14:58,040] INFO: Time: 6.258923529999947; Command Current: 400; Motor Current: 398.0
[2026-02-17 11:14:58,041] INFO: Time: 6.259982465999883; Command Current: 400; Motor Current: 397.0
[2026-02-17 11:14:58,042] INFO: Time: 6.2610422539999036; Command Current: 400; Motor Current: 398.0
[2026-02-17 11:14:58,043] INFO: Time: 6.262100559999908; Command Current: 400; Motor Current: 398.0
[2026-02-17 11:14:58,044] INFO: Time: 6.263158866999902; Command Current: 400; Motor Current: 400.0
[2026-02-17 11:14:58,045] INFO: Time: 6.264218135999954; Command Current: 400; Motor Current: 400.0
[2026-02-17 11:14:58,046] INFO: Time: 6.265277349999906; Command Current: 400; Motor Current: 401.0
[2026-02-17 11:14:58,047] INFO: Time: 6.266336267000042; Command Current: 400; Motor Current: 401.0
[2026-02-17 11:14:58,048] INFO: Time: 6.267395406999867; Command Current: 400; Motor Current: 401.0
[2026-02-17 11:14:58,049] INFO: Time: 6.26845200899993; Command Current: 400; Motor Current: 402.0
[2026-02-17 11:14:58,050] INFO: Time: 6.269510148999871; Command Current: 400; Motor Current: 400.0
[2026-02-17 11:14:58,051] INFO: Time: 6.270568103999949; Command Current: 400; Motor Current: 401.0
[2026-02-17 11:14:58,052] INFO: Time: 6.271625872999948; Command Current: 400; Motor Current: 400.0
[2026-02-17 11:14:58,053] INFO: Time: 6.272685604999879; Command Current: 400; Motor Current: 400.0
[2026-02-17 11:14:58,055] INFO: Time: 6.273743966999973; Command Current: 400; Motor Current: 399.0
[2026-02-17 11:14:58,056] INFO: Time: 6.274800939999977; Command Current: 400; Motor Current: 399.0
[2026-02-17 11:14:58,057] INFO: Time: 6.275859245999982; Command Current: 400; Motor Current: 398.0
[2026-02-17 11:14:58,058] INFO: Time: 6.27691695999988; Command Current: 400; Motor Current: 399.0
[2026-02-17 11:14:58,059] INFO: Time: 6.277975821999917; Command Current: 400; Motor Current: 399.0
[2026-02-17 11:14:58,060] INFO: Time: 6.279035683999837; Command Current: 400; Motor Current: 399.0
[2026-02-17 11:14:58,061] INFO: Time: 6.280095008999979; Command Current: 400; Motor Current: 398.0
[2026-02-17 11:14:58,062] INFO: Time: 6.2811540559998775; Command Current: 400; Motor Current: 397.0
[2026-02-17 11:14:58,063] INFO: Time: 6.282212436000009; Command Current: 400; Motor Current: 398.0
[2026-02-17 11:14:58,064] INFO: Time: 6.283270427999923; Command Current: 400; Motor Current: 399.0
[2026-02-17 11:14:58,065] INFO: Time: 6.284332696999854; Command Current: 400; Motor Current: 396.0
[2026-02-17 11:14:58,066] INFO: Time: 6.285393965999901; Command Current: 400; Motor Current: 398.0
[2026-02-17 11:14:58,067] INFO: Time: 6.286452271999906; Command Current: 400; Motor Current: 396.0
[2026-02-17 11:14:58,068] INFO: Time: 6.287510948999852; Command Current: 400; Motor Current: 396.0
[2026-02-17 11:14:58,069] INFO: Time: 6.288569680999899; Command Current: 400; Motor Current: 398.0
[2026-02-17 11:14:58,070] INFO: Time: 6.289626839999983; Command Current: 400; Motor Current: 398.0
[2026-02-17 11:14:58,072] INFO: Time: 6.290686090000008; Command Current: 400; Motor Current: 398.0
[2026-02-17 11:14:58,073] INFO: Time: 6.291744655999992; Command Current: 400; Motor Current: 399.0
[2026-02-17 11:14:58,074] INFO: Time: 6.2928032959998745; Command Current: 400; Motor Current: 398.0
[2026-02-17 11:14:58,075] INFO: Time: 6.293861676000006; Command Current: 400; Motor Current: 398.0
[2026-02-17 11:14:58,076] INFO: Time: 6.29491979699992; Command Current: 400; Motor Current: 399.0
[2026-02-17 11:14:58,077] INFO: Time: 6.295978473999867; Command Current: 400; Motor Current: 399.0
[2026-02-17 11:14:58,078] INFO: Time: 6.297037649999993; Command Current: 400; Motor Current: 398.0
[2026-02-17 11:14:58,079] INFO: Time: 6.298096178999913; Command Current: 400; Motor Current: 400.0
[2026-02-17 11:14:58,080] INFO: Time: 6.299156430000039; Command Current: 400; Motor Current: 399.0
[2026-02-17 11:14:58,081] INFO: Time: 6.300214383999901; Command Current: 400; Motor Current: 399.0
[2026-02-17 11:14:58,082] INFO: Time: 6.30128274599997; Command Current: 400; Motor Current: 400.0
[2026-02-17 11:14:58,083] INFO: Time: 6.302341792999869; Command Current: 400; Motor Current: 398.0
[2026-02-17 11:14:58,084] INFO: Time: 6.303403007000043; Command Current: 400; Motor Current: 398.0
[2026-02-17 11:14:58,085] INFO: Time: 6.304461738999862; Command Current: 400; Motor Current: 398.0
[2026-02-17 11:14:58,086] INFO: Time: 6.305520416000036; Command Current: 400; Motor Current: 399.0
[2026-02-17 11:14:58,087] INFO: Time: 6.306578647999913; Command Current: 400; Motor Current: 399.0
[2026-02-17 11:14:58,088] INFO: Time: 6.307653546999973; Command Current: 400; Motor Current: 399.0
[2026-02-17 11:14:58,090] INFO: Time: 6.3087137610000354; Command Current: 400; Motor Current: 399.0
[2026-02-17 11:14:58,091] INFO: Time: 6.309772381999892; Command Current: 400; Motor Current: 399.0
[2026-02-17 11:14:58,092] INFO: Time: 6.310830780999822; Command Current: 400; Motor Current: 400.0
[2026-02-17 11:14:58,093] INFO: Time: 6.3118896060000225; Command Current: 400; Motor Current: 399.0
[2026-02-17 11:14:58,094] INFO: Time: 6.312948133999953; Command Current: 400; Motor Current: 398.0
[2026-02-17 11:14:58,095] INFO: Time: 6.314006717999973; Command Current: 400; Motor Current: 399.0
[2026-02-17 11:14:58,096] INFO: Time: 6.315067321000015; Command Current: 400; Motor Current: 398.0
[2026-02-17 11:14:58,097] INFO: Time: 6.316125905000035; Command Current: 400; Motor Current: 397.0
[2026-02-17 11:14:58,098] INFO: Time: 6.317184766999844; Command Current: 400; Motor Current: 397.0
[2026-02-17 11:14:58,099] INFO: Time: 6.318242980999912; Command Current: 400; Motor Current: 397.0
[2026-02-17 11:14:58,100] INFO: Time: 6.3193017869998585; Command Current: 400; Motor Current: 397.0
[2026-02-17 11:14:58,101] INFO: Time: 6.320360407999942; Command Current: 400; Motor Current: 399.0
[2026-02-17 11:14:58,102] INFO: Time: 6.3214208629999575; Command Current: 400; Motor Current: 400.0
[2026-02-17 11:14:58,103] INFO: Time: 6.322479316999988; Command Current: 400; Motor Current: 399.0
[2026-02-17 11:14:58,104] INFO: Time: 6.323537548999866; Command Current: 400; Motor Current: 401.0
[2026-02-17 11:14:58,105] INFO: Time: 6.324594188999981; Command Current: 400; Motor Current: 401.0
[2026-02-17 11:14:58,106] INFO: Time: 6.325658309999881; Command Current: 400; Motor Current: 401.0
[2026-02-17 11:14:58,108] INFO: Time: 6.326718782999933; Command Current: 400; Motor Current: 401.0
[2026-02-17 11:14:58,109] INFO: Time: 6.327777237999953; Command Current: 400; Motor Current: 399.0
[2026-02-17 11:14:58,110] INFO: Time: 6.328836062999926; Command Current: 400; Motor Current: 399.0
[2026-02-17 11:14:58,111] INFO: Time: 6.329894609999883; Command Current: 400; Motor Current: 398.0
[2026-02-17 11:14:58,112] INFO: Time: 6.330953489999956; Command Current: 400; Motor Current: 397.0
[2026-02-17 11:14:58,113] INFO: Time: 6.332012740999971; Command Current: 400; Motor Current: 397.0
[2026-02-17 11:14:58,114] INFO: Time: 6.33307450999996; Command Current: 400; Motor Current: 396.0
[2026-02-17 11:14:58,115] INFO: Time: 6.334132983000018; Command Current: 400; Motor Current: 395.0
[2026-02-17 11:14:58,116] INFO: Time: 6.335196251999832; Command Current: 400; Motor Current: 393.0
[2026-02-17 11:14:58,117] INFO: Time: 6.336287817999846; Command Current: 400; Motor Current: 395.0
[2026-02-17 11:14:58,118] INFO: Time: 6.337347864999856; Command Current: 400; Motor Current: 394.0
[2026-02-17 11:14:58,119] INFO: Time: 6.338407967999956; Command Current: 400; Motor Current: 397.0
[2026-02-17 11:14:58,120] INFO: Time: 6.339468773999897; Command Current: 400; Motor Current: 396.0
[2026-02-17 11:14:58,121] INFO: Time: 6.340527394999981; Command Current: 400; Motor Current: 396.0
[2026-02-17 11:14:58,122] INFO: Time: 6.341584349999948; Command Current: 400; Motor Current: 397.0
[2026-02-17 11:14:58,123] INFO: Time: 6.342658507999886; Command Current: 400; Motor Current: 398.0
[2026-02-17 11:14:58,125] INFO: Time: 6.343715388999954; Command Current: 400; Motor Current: 399.0
[2026-02-17 11:14:58,126] INFO: Time: 6.344774564999852; Command Current: 400; Motor Current: 397.0
[2026-02-17 11:14:58,127] INFO: Time: 6.345833094; Command Current: 400; Motor Current: 398.0
[2026-02-17 11:14:58,128] INFO: Time: 6.346891232999951; Command Current: 400; Motor Current: 399.0
[2026-02-17 11:14:58,129] INFO: Time: 6.347949520999919; Command Current: 400; Motor Current: 400.0
[2026-02-17 11:14:58,130] INFO: Time: 6.349007883000013; Command Current: 400; Motor Current: 399.0
[2026-02-17 11:14:58,131] INFO: Time: 6.3500674859999435; Command Current: 400; Motor Current: 399.0
[2026-02-17 11:14:58,132] INFO: Time: 6.351131328999827; Command Current: 400; Motor Current: 398.0
[2026-02-17 11:14:58,133] INFO: Time: 6.352193931999864; Command Current: 400; Motor Current: 398.0
[2026-02-17 11:14:58,134] INFO: Time: 6.353253923000011; Command Current: 400; Motor Current: 399.0
[2026-02-17 11:14:58,135] INFO: Time: 6.354313136999963; Command Current: 400; Motor Current: 399.0
[2026-02-17 11:14:58,136] INFO: Time: 6.355372794999994; Command Current: 400; Motor Current: 399.0
[2026-02-17 11:14:58,137] INFO: Time: 6.356432693999977; Command Current: 400; Motor Current: 399.0
[2026-02-17 11:14:58,138] INFO: Time: 6.357491629999913; Command Current: 400; Motor Current: 398.0
[2026-02-17 11:14:58,139] INFO: Time: 6.358550140000034; Command Current: 400; Motor Current: 398.0
[2026-02-17 11:14:58,140] INFO: Time: 6.359606927999948; Command Current: 400; Motor Current: 398.0
[2026-02-17 11:14:58,141] INFO: Time: 6.360665752999921; Command Current: 400; Motor Current: 398.0
[2026-02-17 11:14:58,143] INFO: Time: 6.3617258369999945; Command Current: 400; Motor Current: 400.0
[2026-02-17 11:14:58,144] INFO: Time: 6.362744197999973; Command Current: 400; Motor Current: 399.0
[2026-02-17 11:14:58,145] INFO: Time: 6.363802318999888; Command Current: 400; Motor Current: 401.0
[2026-02-17 11:14:58,146] INFO: Time: 6.364860717999818; Command Current: 400; Motor Current: 400.0
[2026-02-17 11:14:58,147] INFO: Time: 6.365919968999833; Command Current: 400; Motor Current: 401.0
[2026-02-17 11:14:58,148] INFO: Time: 6.366979515999901; Command Current: 400; Motor Current: 401.0
[2026-02-17 11:14:58,149] INFO: Time: 6.36803867399999; Command Current: 400; Motor Current: 401.0
[2026-02-17 11:14:58,150] INFO: Time: 6.369097407000027; Command Current: 400; Motor Current: 400.0
[2026-02-17 11:14:58,151] INFO: Time: 6.37015604599992; Command Current: 400; Motor Current: 402.0
[2026-02-17 11:14:58,152] INFO: Time: 6.371216629999935; Command Current: 400; Motor Current: 400.0
[2026-02-17 11:14:58,153] INFO: Time: 6.372276528999919; Command Current: 400; Motor Current: 400.0
[2026-02-17 11:14:58,154] INFO: Time: 6.373334798999849; Command Current: 400; Motor Current: 400.0
[2026-02-17 11:14:58,155] INFO: Time: 6.374393530999896; Command Current: 400; Motor Current: 399.0
[2026-02-17 11:14:58,156] INFO: Time: 6.3754516149999745; Command Current: 400; Motor Current: 399.0
[2026-02-17 11:14:58,157] INFO: Time: 6.376510180999958; Command Current: 400; Motor Current: 399.0
[2026-02-17 11:14:58,158] INFO: Time: 6.377569115999904; Command Current: 400; Motor Current: 397.0
[2026-02-17 11:14:58,159] INFO: Time: 6.378628811999988; Command Current: 400; Motor Current: 398.0
[2026-02-17 11:14:58,160] INFO: Time: 6.379685655000003; Command Current: 400; Motor Current: 397.0
[2026-02-17 11:14:58,162] INFO: Time: 6.380743905999907; Command Current: 400; Motor Current: 398.0
[2026-02-17 11:14:58,163] INFO: Time: 6.381802748999917; Command Current: 400; Motor Current: 398.0
[2026-02-17 11:14:58,164] INFO: Time: 6.3828614629999265; Command Current: 400; Motor Current: 398.0
[2026-02-17 11:14:58,165] INFO: Time: 6.383920880000005; Command Current: 400; Motor Current: 397.0
[2026-02-17 11:14:58,166] INFO: Time: 6.38497976099984; Command Current: 400; Motor Current: 398.0
[2026-02-17 11:14:58,167] INFO: Time: 6.386038233999898; Command Current: 400; Motor Current: 398.0
[2026-02-17 11:14:58,168] INFO: Time: 6.387096502999839; Command Current: 400; Motor Current: 398.0
[2026-02-17 11:14:58,169] INFO: Time: 6.388154475999954; Command Current: 400; Motor Current: 397.0
[2026-02-17 11:14:58,170] INFO: Time: 6.389212837999821; Command Current: 400; Motor Current: 397.0
[2026-02-17 11:14:58,171] INFO: Time: 6.390271958999847; Command Current: 400; Motor Current: 398.0
[2026-02-17 11:14:58,172] INFO: Time: 6.391331727999841; Command Current: 400; Motor Current: 398.0
[2026-02-17 11:14:58,173] INFO: Time: 6.392390016000036; Command Current: 400; Motor Current: 400.0
[2026-02-17 11:14:58,174] INFO: Time: 6.393469988999868; Command Current: 400; Motor Current: 398.0
[2026-02-17 11:14:58,175] INFO: Time: 6.394528388000026; Command Current: 400; Motor Current: 399.0
[2026-02-17 11:14:58,176] INFO: Time: 6.395587286999898; Command Current: 400; Motor Current: 399.0
[2026-02-17 11:14:58,177] INFO: Time: 6.396663149000005; Command Current: 400; Motor Current: 400.0
[2026-02-17 11:14:58,179] INFO: Time: 6.397721899999851; Command Current: 400; Motor Current: 399.0
[2026-02-17 11:14:58,180] INFO: Time: 6.398779964999903; Command Current: 400; Motor Current: 401.0
[2026-02-17 11:14:58,181] INFO: Time: 6.3998385869999765; Command Current: 400; Motor Current: 399.0
[2026-02-17 11:14:58,182] INFO: Time: 6.400897781999902; Command Current: 400; Motor Current: 399.0
[2026-02-17 11:14:58,183] INFO: Time: 6.401958587999843; Command Current: 400; Motor Current: 400.0
[2026-02-17 11:14:58,184] INFO: Time: 6.4030167829998845; Command Current: 400; Motor Current: 399.0
[2026-02-17 11:14:58,185] INFO: Time: 6.404075477999868; Command Current: 400; Motor Current: 397.0
[2026-02-17 11:14:58,186] INFO: Time: 6.405133895999825; Command Current: 400; Motor Current: 398.0
[2026-02-17 11:14:58,187] INFO: Time: 6.406192664999935; Command Current: 400; Motor Current: 398.0
[2026-02-17 11:14:58,188] INFO: Time: 6.407251341999881; Command Current: 400; Motor Current: 398.0
[2026-02-17 11:14:58,189] INFO: Time: 6.4083124259998385; Command Current: 400; Motor Current: 399.0
[2026-02-17 11:14:58,190] INFO: Time: 6.40936934299998; Command Current: 400; Motor Current: 398.0
[2026-02-17 11:14:58,191] INFO: Time: 6.410427501999948; Command Current: 400; Motor Current: 396.0
[2026-02-17 11:14:58,192] INFO: Time: 6.4114863629999945; Command Current: 400; Motor Current: 398.0
[2026-02-17 11:14:58,193] INFO: Time: 6.4125446139998985; Command Current: 400; Motor Current: 400.0
[2026-02-17 11:14:58,194] INFO: Time: 6.413601716999892; Command Current: 400; Motor Current: 399.0
[2026-02-17 11:14:58,195] INFO: Time: 6.41466920799985; Command Current: 400; Motor Current: 398.0
[2026-02-17 11:14:58,197] INFO: Time: 6.41572792199986; Command Current: 400; Motor Current: 396.0
[2026-02-17 11:14:58,198] INFO: Time: 6.416797116999987; Command Current: 400; Motor Current: 398.0
[2026-02-17 11:14:58,199] INFO: Time: 6.417855608999844; Command Current: 400; Motor Current: 396.0
[2026-02-17 11:14:58,200] INFO: Time: 6.418951174999847; Command Current: 400; Motor Current: 396.0
[2026-02-17 11:14:58,201] INFO: Time: 6.420014017999847; Command Current: 400; Motor Current: 397.0
[2026-02-17 11:14:58,202] INFO: Time: 6.42107404699982; Command Current: 400; Motor Current: 396.0
[2026-02-17 11:14:58,203] INFO: Time: 6.422132834999957; Command Current: 400; Motor Current: 396.0
[2026-02-17 11:14:58,204] INFO: Time: 6.42319147399985; Command Current: 400; Motor Current: 397.0
[2026-02-17 11:14:58,205] INFO: Time: 6.42425024399995; Command Current: 400; Motor Current: 397.0
[2026-02-17 11:14:58,206] INFO: Time: 6.4253095869999015; Command Current: 400; Motor Current: 397.0
[2026-02-17 11:14:58,207] INFO: Time: 6.426369263999959; Command Current: 400; Motor Current: 398.0
[2026-02-17 11:14:58,208] INFO: Time: 6.4274279029998524; Command Current: 400; Motor Current: 397.0
[2026-02-17 11:14:58,209] INFO: Time: 6.428486450000037; Command Current: 400; Motor Current: 397.0
[2026-02-17 11:14:58,210] INFO: Time: 6.429544941999893; Command Current: 400; Motor Current: 399.0
[2026-02-17 11:14:58,211] INFO: Time: 6.430602006999834; Command Current: 400; Motor Current: 396.0
[2026-02-17 11:14:58,212] INFO: Time: 6.431664516999945; Command Current: 400; Motor Current: 396.0
[2026-02-17 11:14:58,214] INFO: Time: 6.432724397999891; Command Current: 400; Motor Current: 397.0
[2026-02-17 11:14:58,215] INFO: Time: 6.433785370999885; Command Current: 400; Motor Current: 397.0
[2026-02-17 11:14:58,216] INFO: Time: 6.4348427329998685; Command Current: 400; Motor Current: 395.0
[2026-02-17 11:14:58,217] INFO: Time: 6.4359044089999315; Command Current: 400; Motor Current: 395.0
[2026-02-17 11:14:58,218] INFO: Time: 6.436962474999973; Command Current: 400; Motor Current: 395.0
[2026-02-17 11:14:58,219] INFO: Time: 6.4380225779998455; Command Current: 400; Motor Current: 397.0
[2026-02-17 11:14:58,220] INFO: Time: 6.439081679999845; Command Current: 400; Motor Current: 396.0
[2026-02-17 11:14:58,221] INFO: Time: 6.440140635000034; Command Current: 400; Motor Current: 396.0
[2026-02-17 11:14:58,222] INFO: Time: 6.441199440999981; Command Current: 400; Motor Current: 398.0
[2026-02-17 11:14:58,223] INFO: Time: 6.442259377000028; Command Current: 400; Motor Current: 399.0
[2026-02-17 11:14:58,224] INFO: Time: 6.443319367999948; Command Current: 400; Motor Current: 397.0
[2026-02-17 11:14:58,225] INFO: Time: 6.444376877999957; Command Current: 400; Motor Current: 398.0
[2026-02-17 11:14:58,226] INFO: Time: 6.445435462999967; Command Current: 400; Motor Current: 398.0
[2026-02-17 11:14:58,227] INFO: Time: 6.446494564999966; Command Current: 400; Motor Current: 398.0
[2026-02-17 11:14:58,228] INFO: Time: 6.447552779000034; Command Current: 400; Motor Current: 398.0
[2026-02-17 11:14:58,229] INFO: Time: 6.448610214999917; Command Current: 400; Motor Current: 399.0
[2026-02-17 11:14:58,231] INFO: Time: 6.449670725000033; Command Current: 400; Motor Current: 400.0
[2026-02-17 11:14:58,232] INFO: Time: 6.450727123999968; Command Current: 400; Motor Current: 401.0
[2026-02-17 11:14:58,233] INFO: Time: 6.451785467000036; Command Current: 400; Motor Current: 399.0
[2026-02-17 11:14:58,234] INFO: Time: 6.452843809999877; Command Current: 400; Motor Current: 400.0
[2026-02-17 11:14:58,235] INFO: Time: 6.45390230199996; Command Current: 400; Motor Current: 399.0
[2026-02-17 11:14:58,236] INFO: Time: 6.45496216399988; Command Current: 400; Motor Current: 400.0
[2026-02-17 11:14:58,237] INFO: Time: 6.4560215999999855; Command Current: 400; Motor Current: 399.0
[2026-02-17 11:14:58,238] INFO: Time: 6.457080184000006; Command Current: 400; Motor Current: 399.0
[2026-02-17 11:14:58,239] INFO: Time: 6.458138878999989; Command Current: 400; Motor Current: 398.0
[2026-02-17 11:14:58,240] INFO: Time: 6.459197962999951; Command Current: 400; Motor Current: 399.0
[2026-02-17 11:14:58,241] INFO: Time: 6.460256694999998; Command Current: 400; Motor Current: 400.0
[2026-02-17 11:14:58,242] INFO: Time: 6.461316445999955; Command Current: 400; Motor Current: 399.0
[2026-02-17 11:14:58,243] INFO: Time: 6.462373437999986; Command Current: 400; Motor Current: 401.0
[2026-02-17 11:14:58,244] INFO: Time: 6.463431262999848; Command Current: 400; Motor Current: 400.0
[2026-02-17 11:14:58,245] INFO: Time: 6.4644893279999; Command Current: 400; Motor Current: 400.0
[2026-02-17 11:14:58,246] INFO: Time: 6.465547282999978; Command Current: 400; Motor Current: 401.0
[2026-02-17 11:14:58,247] INFO: Time: 6.4666041069999665; Command Current: 400; Motor Current: 400.0
[2026-02-17 11:14:58,248] INFO: Time: 6.467668228999855; Command Current: 400; Motor Current: 400.0
[2026-02-17 11:14:58,250] INFO: Time: 6.46872671999995; Command Current: 400; Motor Current: 399.0
[2026-02-17 11:14:58,251] INFO: Time: 6.469785212000033; Command Current: 400; Motor Current: 399.0
[2026-02-17 11:14:58,252] INFO: Time: 6.470844480999858; Command Current: 400; Motor Current: 399.0
[2026-02-17 11:14:58,253] INFO: Time: 6.471903897999937; Command Current: 400; Motor Current: 398.0
[2026-02-17 11:14:58,254] INFO: Time: 6.472962574999883; Command Current: 400; Motor Current: 399.0
[2026-02-17 11:14:58,255] INFO: Time: 6.4740212699998665; Command Current: 400; Motor Current: 399.0
[2026-02-17 11:14:58,256] INFO: Time: 6.475080353999829; Command Current: 400; Motor Current: 398.0
[2026-02-17 11:14:58,257] INFO: Time: 6.476138437999907; Command Current: 400; Motor Current: 397.0
[2026-02-17 11:14:58,258] INFO: Time: 6.477196633999938; Command Current: 400; Motor Current: 398.0
[2026-02-17 11:14:58,259] INFO: Time: 6.478256070000043; Command Current: 400; Motor Current: 398.0
[2026-02-17 11:14:58,260] INFO: Time: 6.479317024000011; Command Current: 400; Motor Current: 398.0
[2026-02-17 11:14:58,261] INFO: Time: 6.480373940999925; Command Current: 400; Motor Current: 397.0
[2026-02-17 11:14:58,262] INFO: Time: 6.48144385899991; Command Current: 400; Motor Current: 397.0
[2026-02-17 11:14:58,263] INFO: Time: 6.482502794999846; Command Current: 400; Motor Current: 399.0
[2026-02-17 11:14:58,264] INFO: Time: 6.4835613049999665; Command Current: 400; Motor Current: 398.0
[2026-02-17 11:14:58,265] INFO: Time: 6.484621962999881; Command Current: 400; Motor Current: 398.0
[2026-02-17 11:14:58,266] INFO: Time: 6.485681620999912; Command Current: 400; Motor Current: 396.0
[2026-02-17 11:14:58,268] INFO: Time: 6.486740575999875; Command Current: 400; Motor Current: 397.0
[2026-02-17 11:14:58,269] INFO: Time: 6.487803585999927; Command Current: 400; Motor Current: 398.0
[2026-02-17 11:14:58,270] INFO: Time: 6.488862299999937; Command Current: 400; Motor Current: 398.0
[2026-02-17 11:14:58,271] INFO: Time: 6.489923272999931; Command Current: 400; Motor Current: 397.0
[2026-02-17 11:14:58,272] INFO: Time: 6.490981689999899; Command Current: 400; Motor Current: 398.0
[2026-02-17 11:14:58,273] INFO: Time: 6.492040810999924; Command Current: 400; Motor Current: 397.0
[2026-02-17 11:14:58,274] INFO: Time: 6.493099710000024; Command Current: 400; Motor Current: 398.0
[2026-02-17 11:14:58,275] INFO: Time: 6.49415838699997; Command Current: 400; Motor Current: 399.0
[2026-02-17 11:14:58,276] INFO: Time: 6.495217119000017; Command Current: 400; Motor Current: 398.0
[2026-02-17 11:14:58,277] INFO: Time: 6.49627714799999; Command Current: 400; Motor Current: 397.0
[2026-02-17 11:14:58,278] INFO: Time: 6.497334009000042; Command Current: 400; Motor Current: 397.0
[2026-02-17 11:14:58,279] INFO: Time: 6.498392426999999; Command Current: 400; Motor Current: 397.0
[2026-02-17 11:14:58,280] INFO: Time: 6.49945069599994; Command Current: 400; Motor Current: 399.0
[2026-02-17 11:14:58,281] INFO: Time: 6.500509390999923; Command Current: 400; Motor Current: 400.0
[2026-02-17 11:14:58,282] INFO: Time: 6.501568808999991; Command Current: 400; Motor Current: 399.0
[2026-02-17 11:14:58,283] INFO: Time: 6.502629077999927; Command Current: 400; Motor Current: 399.0
[2026-02-17 11:14:58,284] INFO: Time: 6.503687291999995; Command Current: 400; Motor Current: 399.0
[2026-02-17 11:14:58,286] INFO: Time: 6.504745949999915; Command Current: 400; Motor Current: 399.0
[2026-02-17 11:14:58,287] INFO: Time: 6.505817033999847; Command Current: 400; Motor Current: 399.0
[2026-02-17 11:14:58,288] INFO: Time: 6.506863932999977; Command Current: 400; Motor Current: 397.0
[2026-02-17 11:14:58,289] INFO: Time: 6.50792427600004; Command Current: 400; Motor Current: 398.0
[2026-02-17 11:14:58,290] INFO: Time: 6.508982693999997; Command Current: 400; Motor Current: 399.0
[2026-02-17 11:14:58,291] INFO: Time: 6.510041499999943; Command Current: 400; Motor Current: 399.0
[2026-02-17 11:14:58,292] INFO: Time: 6.511105603000033; Command Current: 400; Motor Current: 399.0
[2026-02-17 11:14:58,293] INFO: Time: 6.512169445999916; Command Current: 400; Motor Current: 398.0
[2026-02-17 11:14:58,294] INFO: Time: 6.513228789999857; Command Current: 400; Motor Current: 400.0
[2026-02-17 11:14:58,295] INFO: Time: 6.514288150999846; Command Current: 400; Motor Current: 401.0
[2026-02-17 11:14:58,296] INFO: Time: 6.5153476059999775; Command Current: 400; Motor Current: 400.0
[2026-02-17 11:14:58,297] INFO: Time: 6.516407412000035; Command Current: 400; Motor Current: 399.0
[2026-02-17 11:14:58,298] INFO: Time: 6.517466958999876; Command Current: 400; Motor Current: 399.0
[2026-02-17 11:14:58,299] INFO: Time: 6.518527747000007; Command Current: 400; Motor Current: 399.0
[2026-02-17 11:14:58,300] INFO: Time: 6.519584590000022; Command Current: 400; Motor Current: 399.0
[2026-02-17 11:14:58,301] INFO: Time: 6.5206433599998945; Command Current: 400; Motor Current: 399.0
[2026-02-17 11:14:58,303] INFO: Time: 6.521700944000031; Command Current: 400; Motor Current: 399.0
[2026-02-17 11:14:58,304] INFO: Time: 6.522759509000025; Command Current: 400; Motor Current: 400.0
[2026-02-17 11:14:58,305] INFO: Time: 6.523818944999903; Command Current: 400; Motor Current: 400.0
[2026-02-17 11:14:58,306] INFO: Time: 6.524877196000034; Command Current: 400; Motor Current: 398.0
[2026-02-17 11:14:58,307] INFO: Time: 6.5259354279999116; Command Current: 400; Motor Current: 399.0
[2026-02-17 11:14:58,308] INFO: Time: 6.526993919999995; Command Current: 400; Motor Current: 399.0
[2026-02-17 11:14:58,309] INFO: Time: 6.5280535039998995; Command Current: 400; Motor Current: 399.0
[2026-02-17 11:14:58,310] INFO: Time: 6.529112292000036; Command Current: 400; Motor Current: 399.0
[2026-02-17 11:14:58,311] INFO: Time: 6.530171171999882; Command Current: 400; Motor Current: 397.0
[2026-02-17 11:14:58,312] INFO: Time: 6.531229848999828; Command Current: 400; Motor Current: 397.0
[2026-02-17 11:14:58,313] INFO: Time: 6.532288655000002; Command Current: 400; Motor Current: 398.0
[2026-02-17 11:14:58,314] INFO: Time: 6.533347294999885; Command Current: 400; Motor Current: 398.0
[2026-02-17 11:14:58,315] INFO: Time: 6.534405915999969; Command Current: 400; Motor Current: 397.0
[2026-02-17 11:14:58,316] INFO: Time: 6.53546538899991; Command Current: 400; Motor Current: 397.0
[2026-02-17 11:14:58,317] INFO: Time: 6.53652378799984; Command Current: 400; Motor Current: 397.0
[2026-02-17 11:14:58,318] INFO: Time: 6.5375811310000245; Command Current: 400; Motor Current: 397.0
[2026-02-17 11:14:58,319] INFO: Time: 6.538639362999902; Command Current: 400; Motor Current: 399.0
[2026-02-17 11:14:58,321] INFO: Time: 6.539696483999933; Command Current: 400; Motor Current: 399.0
[2026-02-17 11:14:58,322] INFO: Time: 6.5407554199998685; Command Current: 400; Motor Current: 398.0
[2026-02-17 11:14:58,323] INFO: Time: 6.541813726999862; Command Current: 400; Motor Current: 398.0
[2026-02-17 11:14:58,324] INFO: Time: 6.542872106999994; Command Current: 400; Motor Current: 397.0
[2026-02-17 11:14:58,325] INFO: Time: 6.543930542999988; Command Current: 400; Motor Current: 399.0
[2026-02-17 11:14:58,326] INFO: Time: 6.544989774999976; Command Current: 400; Motor Current: 398.0
[2026-02-17 11:14:58,327] INFO: Time: 6.546049729999822; Command Current: 400; Motor Current: 399.0
[2026-02-17 11:14:58,328] INFO: Time: 6.547108350999906; Command Current: 400; Motor Current: 398.0
[2026-02-17 11:14:58,329] INFO: Time: 6.548166454000011; Command Current: 400; Motor Current: 398.0
[2026-02-17 11:14:58,330] INFO: Time: 6.549224944999878; Command Current: 400; Motor Current: 399.0
[2026-02-17 11:14:58,331] INFO: Time: 6.5502830109999195; Command Current: 400; Motor Current: 400.0
[2026-02-17 11:14:58,332] INFO: Time: 6.5513411869999345; Command Current: 400; Motor Current: 398.0
[2026-02-17 11:14:58,333] INFO: Time: 6.552400270999897; Command Current: 400; Motor Current: 399.0
[2026-02-17 11:14:58,334] INFO: Time: 6.553456817999859; Command Current: 400; Motor Current: 399.0
[2026-02-17 11:14:58,335] INFO: Time: 6.554514716999847; Command Current: 400; Motor Current: 400.0
[2026-02-17 11:14:58,336] INFO: Time: 6.555574282999942; Command Current: 400; Motor Current: 399.0
[2026-02-17 11:14:58,338] INFO: Time: 6.556638570999894; Command Current: 400; Motor Current: 398.0
[2026-02-17 11:14:58,339] INFO: Time: 6.557898211999827; Command Current: 400; Motor Current: 398.0
[2026-02-17 11:14:58,340] INFO: Time: 6.558964519000028; Command Current: 400; Motor Current: 397.0
[2026-02-17 11:14:58,341] INFO: Time: 6.560044287999972; Command Current: 400; Motor Current: 398.0
[2026-02-17 11:14:58,342] INFO: Time: 6.56110903900003; Command Current: 400; Motor Current: 398.0
[2026-02-17 11:14:58,343] INFO: Time: 6.562171789999866; Command Current: 400; Motor Current: 397.0
[2026-02-17 11:14:58,346] INFO: Time: 6.564685053999938; Command Current: 400; Motor Current: 398.0
[2026-02-17 11:14:58,349] INFO: Time: 6.567689415999894; Command Current: 400; Motor Current: 398.0
[2026-02-17 11:14:58,350] INFO: Time: 6.568779462999828; Command Current: 400; Motor Current: 399.0
[2026-02-17 11:14:58,351] INFO: Time: 6.569864343999825; Command Current: 400; Motor Current: 398.0
[2026-02-17 11:14:58,353] INFO: Time: 6.570909520999976; Command Current: 400; Motor Current: 400.0
[2026-02-17 11:14:58,354] INFO: Time: 6.572779186999924; Command Current: 400; Motor Current: 401.0
[2026-02-17 11:14:58,355] INFO: Time: 6.574001067999916; Command Current: 400; Motor Current: 400.0
[2026-02-17 11:14:58,356] INFO: Time: 6.575061041000026; Command Current: 400; Motor Current: 401.0
[2026-02-17 11:14:58,357] INFO: Time: 6.576124384999957; Command Current: 400; Motor Current: 400.0
[2026-02-17 11:14:58,358] INFO: Time: 6.5771819689998665; Command Current: 400; Motor Current: 399.0
[2026-02-17 11:14:58,359] INFO: Time: 6.578244219999988; Command Current: 400; Motor Current: 399.0
[2026-02-17 11:14:58,360] INFO: Time: 6.579302303999839; Command Current: 400; Motor Current: 398.0
[2026-02-17 11:14:58,361] INFO: Time: 6.580364314000008; Command Current: 400; Motor Current: 397.0
[2026-02-17 11:14:58,362] INFO: Time: 6.581421619999901; Command Current: 400; Motor Current: 396.0
[2026-02-17 11:14:58,363] INFO: Time: 6.582479926999895; Command Current: 400; Motor Current: 396.0
[2026-02-17 11:14:58,364] INFO: Time: 6.58353797399991; Command Current: 400; Motor Current: 396.0
[2026-02-17 11:14:58,365] INFO: Time: 6.584594946999914; Command Current: 400; Motor Current: 396.0
[2026-02-17 11:14:58,366] INFO: Time: 6.58565419699994; Command Current: 400; Motor Current: 396.0
[2026-02-17 11:14:58,368] INFO: Time: 6.5867135039998175; Command Current: 400; Motor Current: 397.0
[2026-02-17 11:14:58,369] INFO: Time: 6.587776346999817; Command Current: 400; Motor Current: 397.0
[2026-02-17 11:14:58,370] INFO: Time: 6.588845930999923; Command Current: 400; Motor Current: 396.0
[2026-02-17 11:14:58,371] INFO: Time: 6.5899054599999545; Command Current: 400; Motor Current: 397.0
[2026-02-17 11:14:58,372] INFO: Time: 6.590963987999885; Command Current: 400; Motor Current: 396.0
[2026-02-17 11:14:58,373] INFO: Time: 6.592023923999932; Command Current: 400; Motor Current: 398.0
[2026-02-17 11:14:58,374] INFO: Time: 6.5930826940000316; Command Current: 400; Motor Current: 399.0
[2026-02-17 11:14:58,375] INFO: Time: 6.594141758999967; Command Current: 400; Motor Current: 398.0
[2026-02-17 11:14:58,376] INFO: Time: 6.595200824999893; Command Current: 400; Motor Current: 397.0
[2026-02-17 11:14:58,377] INFO: Time: 6.596259445999976; Command Current: 400; Motor Current: 398.0
[2026-02-17 11:14:58,378] INFO: Time: 6.597318473999849; Command Current: 400; Motor Current: 399.0
[2026-02-17 11:14:58,379] INFO: Time: 6.598378261999869; Command Current: 400; Motor Current: 399.0
[2026-02-17 11:14:58,380] INFO: Time: 6.599435067999821; Command Current: 400; Motor Current: 399.0
[2026-02-17 11:14:58,381] INFO: Time: 6.600493189999952; Command Current: 400; Motor Current: 399.0
[2026-02-17 11:14:58,382] INFO: Time: 6.601551255000004; Command Current: 400; Motor Current: 400.0
[2026-02-17 11:14:58,383] INFO: Time: 6.602608079999982; Command Current: 400; Motor Current: 399.0
[2026-02-17 11:14:58,384] INFO: Time: 6.603670700999828; Command Current: 400; Motor Current: 399.0
[2026-02-17 11:14:58,386] INFO: Time: 6.604737432999855; Command Current: 400; Motor Current: 398.0
[2026-02-17 11:14:58,387] INFO: Time: 6.605814277000036; Command Current: 400; Motor Current: 398.0
[2026-02-17 11:14:58,388] INFO: Time: 6.606872046000035; Command Current: 400; Motor Current: 398.0
[2026-02-17 11:14:58,389] INFO: Time: 6.607930722999981; Command Current: 400; Motor Current: 398.0
[2026-02-17 11:14:58,390] INFO: Time: 6.608989380999901; Command Current: 400; Motor Current: 399.0
[2026-02-17 11:14:58,391] INFO: Time: 6.610049112999832; Command Current: 400; Motor Current: 398.0
[2026-02-17 11:14:58,392] INFO: Time: 6.611108085999831; Command Current: 400; Motor Current: 398.0
[2026-02-17 11:14:58,393] INFO: Time: 6.612166947999867; Command Current: 400; Motor Current: 398.0
[2026-02-17 11:14:58,394] INFO: Time: 6.613226161999819; Command Current: 400; Motor Current: 399.0
[2026-02-17 11:14:58,395] INFO: Time: 6.614284709000003; Command Current: 400; Motor Current: 400.0
[2026-02-17 11:14:58,396] INFO: Time: 6.61534307099987; Command Current: 400; Motor Current: 401.0
[2026-02-17 11:14:58,397] INFO: Time: 6.616402933000018; Command Current: 400; Motor Current: 399.0
[2026-02-17 11:14:58,398] INFO: Time: 6.617460220999874; Command Current: 400; Motor Current: 400.0
[2026-02-17 11:14:58,399] INFO: Time: 6.618518230999825; Command Current: 400; Motor Current: 399.0
[2026-02-17 11:14:58,400] INFO: Time: 6.619576629999983; Command Current: 400; Motor Current: 400.0
[2026-02-17 11:14:58,401] INFO: Time: 6.620634768999935; Command Current: 400; Motor Current: 400.0
[2026-02-17 11:14:58,403] INFO: Time: 6.621694297999966; Command Current: 400; Motor Current: 400.0
[2026-02-17 11:14:58,404] INFO: Time: 6.622753122999939; Command Current: 400; Motor Current: 400.0
[2026-02-17 11:14:58,405] INFO: Time: 6.623811372999853; Command Current: 400; Motor Current: 399.0
[2026-02-17 11:14:58,406] INFO: Time: 6.624869920000037; Command Current: 400; Motor Current: 398.0
[2026-02-17 11:14:58,407] INFO: Time: 6.625928486000021; Command Current: 400; Motor Current: 399.0
[2026-02-17 11:14:58,408] INFO: Time: 6.626987365999867; Command Current: 400; Motor Current: 399.0
[2026-02-17 11:14:58,409] INFO: Time: 6.628047099000014; Command Current: 400; Motor Current: 398.0
[2026-02-17 11:14:58,410] INFO: Time: 6.629105664000008; Command Current: 400; Motor Current: 399.0
[2026-02-17 11:14:58,411] INFO: Time: 6.630164062999938; Command Current: 400; Motor Current: 397.0
[2026-02-17 11:14:58,412] INFO: Time: 6.631222202999879; Command Current: 400; Motor Current: 397.0
[2026-02-17 11:14:58,413] INFO: Time: 6.632280731000037; Command Current: 400; Motor Current: 397.0
[2026-02-17 11:14:58,414] INFO: Time: 6.633339203999867; Command Current: 400; Motor Current: 397.0
[2026-02-17 11:14:58,415] INFO: Time: 6.634399028999951; Command Current: 400; Motor Current: 396.0
[2026-02-17 11:14:58,416] INFO: Time: 6.635457705999897; Command Current: 400; Motor Current: 396.0
[2026-02-17 11:14:58,417] INFO: Time: 6.636516696999934; Command Current: 400; Motor Current: 397.0
[2026-02-17 11:14:58,418] INFO: Time: 6.6375753369998165; Command Current: 400; Motor Current: 395.0
[2026-02-17 11:14:58,419] INFO: Time: 6.638632401999985; Command Current: 400; Motor Current: 397.0
[2026-02-17 11:14:58,421] INFO: Time: 6.639692449999984; Command Current: 400; Motor Current: 396.0
[2026-02-17 11:14:58,422] INFO: Time: 6.6407511999998405; Command Current: 400; Motor Current: 397.0
[2026-02-17 11:14:58,423] INFO: Time: 6.641822117999936; Command Current: 400; Motor Current: 397.0
[2026-02-17 11:14:58,424] INFO: Time: 6.642880461000004; Command Current: 400; Motor Current: 398.0
[2026-02-17 11:14:58,425] INFO: Time: 6.643938563999882; Command Current: 400; Motor Current: 398.0
[2026-02-17 11:14:58,426] INFO: Time: 6.644996999999876; Command Current: 400; Motor Current: 399.0
[2026-02-17 11:14:58,427] INFO: Time: 6.646056138999938; Command Current: 400; Motor Current: 399.0
[2026-02-17 11:14:58,428] INFO: Time: 6.647115889999895; Command Current: 400; Motor Current: 397.0
[2026-02-17 11:14:58,429] INFO: Time: 6.648174510999979; Command Current: 400; Motor Current: 399.0
[2026-02-17 11:14:58,430] INFO: Time: 6.64925505899987; Command Current: 400; Motor Current: 399.0
[2026-02-17 11:14:58,431] INFO: Time: 6.65031377199989; Command Current: 400; Motor Current: 399.0
[2026-02-17 11:14:58,432] INFO: Time: 6.651372838000043; Command Current: 400; Motor Current: 397.0
[2026-02-17 11:14:58,433] INFO: Time: 6.652433199999905; Command Current: 400; Motor Current: 400.0
[2026-02-17 11:14:58,434] INFO: Time: 6.653492061999941; Command Current: 400; Motor Current: 399.0
[2026-02-17 11:14:58,435] INFO: Time: 6.654550571999835; Command Current: 400; Motor Current: 398.0
[2026-02-17 11:14:58,436] INFO: Time: 6.65560752600004; Command Current: 400; Motor Current: 399.0
[2026-02-17 11:14:58,437] INFO: Time: 6.656672888000003; Command Current: 400; Motor Current: 398.0
[2026-02-17 11:14:58,439] INFO: Time: 6.657733453999981; Command Current: 400; Motor Current: 399.0
[2026-02-17 11:14:58,440] INFO: Time: 6.658792000999938; Command Current: 400; Motor Current: 398.0
[2026-02-17 11:14:58,441] INFO: Time: 6.659850325999969; Command Current: 400; Motor Current: 398.0
[2026-02-17 11:14:58,442] INFO: Time: 6.660909075999825; Command Current: 400; Motor Current: 400.0
[2026-02-17 11:14:58,443] INFO: Time: 6.661967585999946; Command Current: 400; Motor Current: 400.0
[2026-02-17 11:14:58,444] INFO: Time: 6.6630277629999455; Command Current: 400; Motor Current: 400.0
[2026-02-17 11:14:58,445] INFO: Time: 6.664086420999865; Command Current: 400; Motor Current: 401.0
[2026-02-17 11:14:58,446] INFO: Time: 6.665145264999865; Command Current: 400; Motor Current: 402.0
[2026-02-17 11:14:58,447] INFO: Time: 6.6662037009998585; Command Current: 400; Motor Current: 403.0
[2026-02-17 11:14:58,448] INFO: Time: 6.667262154999889; Command Current: 400; Motor Current: 403.0
[2026-02-17 11:14:58,449] INFO: Time: 6.668321108999862; Command Current: 400; Motor Current: 403.0
[2026-02-17 11:14:58,450] INFO: Time: 6.6693815819999145; Command Current: 400; Motor Current: 403.0
[2026-02-17 11:14:58,451] INFO: Time: 6.670438925999861; Command Current: 400; Motor Current: 403.0
[2026-02-17 11:14:58,452] INFO: Time: 6.671497157999966; Command Current: 400; Motor Current: 401.0
[2026-02-17 11:14:58,453] INFO: Time: 6.672555389999843; Command Current: 400; Motor Current: 399.0
[2026-02-17 11:14:58,454] INFO: Time: 6.673612214999821; Command Current: 400; Motor Current: 400.0
[2026-02-17 11:14:58,456] INFO: Time: 6.674686409999822; Command Current: 400; Motor Current: 399.0
[2026-02-17 11:14:58,457] INFO: Time: 6.675746919999938; Command Current: 400; Motor Current: 399.0
[2026-02-17 11:14:58,458] INFO: Time: 6.676815560000023; Command Current: 400; Motor Current: 397.0
[2026-02-17 11:14:58,459] INFO: Time: 6.677874736999911; Command Current: 400; Motor Current: 396.0
[2026-02-17 11:14:58,460] INFO: Time: 6.678933394999831; Command Current: 400; Motor Current: 398.0
[2026-02-17 11:14:58,461] INFO: Time: 6.679992108999841; Command Current: 400; Motor Current: 397.0
[2026-02-17 11:14:58,462] INFO: Time: 6.681052192999914; Command Current: 400; Motor Current: 397.0
[2026-02-17 11:14:58,463] INFO: Time: 6.682110332999855; Command Current: 400; Motor Current: 396.0
[2026-02-17 11:14:58,464] INFO: Time: 6.683169360999955; Command Current: 400; Motor Current: 394.0
[2026-02-17 11:14:58,465] INFO: Time: 6.684227722999822; Command Current: 400; Motor Current: 395.0
[2026-02-17 11:14:58,466] INFO: Time: 6.685285825999927; Command Current: 400; Motor Current: 397.0
[2026-02-17 11:14:58,467] INFO: Time: 6.6863445019998835; Command Current: 400; Motor Current: 396.0
[2026-02-17 11:14:58,468] INFO: Time: 6.68740456799992; Command Current: 400; Motor Current: 396.0
[2026-02-17 11:14:58,469] INFO: Time: 6.688467984999988; Command Current: 400; Motor Current: 397.0
[2026-02-17 11:14:58,470] INFO: Time: 6.689528513999903; Command Current: 400; Motor Current: 398.0
[2026-02-17 11:14:58,471] INFO: Time: 6.690587634999929; Command Current: 400; Motor Current: 398.0
[2026-02-17 11:14:58,472] INFO: Time: 6.691647738000029; Command Current: 400; Motor Current: 400.0
[2026-02-17 11:14:58,474] INFO: Time: 6.692707654999822; Command Current: 400; Motor Current: 400.0
[2026-02-17 11:14:58,475] INFO: Time: 6.693766294999932; Command Current: 400; Motor Current: 399.0
[2026-02-17 11:14:58,476] INFO: Time: 6.6948250079999525; Command Current: 400; Motor Current: 399.0
[2026-02-17 11:14:58,477] INFO: Time: 6.695883889000015; Command Current: 400; Motor Current: 400.0
[2026-02-17 11:14:58,478] INFO: Time: 6.696942639999861; Command Current: 400; Motor Current: 400.0
[2026-02-17 11:14:58,479] INFO: Time: 6.698002075999966; Command Current: 400; Motor Current: 400.0
[2026-02-17 11:14:58,480] INFO: Time: 6.699061177999965; Command Current: 400; Motor Current: 400.0
[2026-02-17 11:14:58,481] INFO: Time: 6.700119872999949; Command Current: 400; Motor Current: 400.0
[2026-02-17 11:14:58,482] INFO: Time: 6.7011787909998475; Command Current: 400; Motor Current: 400.0
[2026-02-17 11:14:58,483] INFO: Time: 6.702237727000011; Command Current: 400; Motor Current: 399.0
[2026-02-17 11:14:58,484] INFO: Time: 6.703304236999884; Command Current: 400; Motor Current: 400.0
[2026-02-17 11:14:58,485] INFO: Time: 6.704366394999852; Command Current: 400; Motor Current: 400.0
[2026-02-17 11:14:58,486] INFO: Time: 6.705426015999819; Command Current: 400; Motor Current: 400.0
[2026-02-17 11:14:58,487] INFO: Time: 6.706485378000025; Command Current: 400; Motor Current: 398.0
[2026-02-17 11:14:58,488] INFO: Time: 6.707543869999881; Command Current: 400; Motor Current: 399.0
[2026-02-17 11:14:58,489] INFO: Time: 6.70860061999997; Command Current: 400; Motor Current: 400.0
[2026-02-17 11:14:58,490] INFO: Time: 6.709674853000024; Command Current: 400; Motor Current: 400.0
[2026-02-17 11:14:58,492] INFO: Time: 6.710742621999998; Command Current: 400; Motor Current: 402.0
[2026-02-17 11:14:58,493] INFO: Time: 6.711813095000025; Command Current: 400; Motor Current: 399.0
[2026-02-17 11:14:58,494] INFO: Time: 6.712871604999918; Command Current: 400; Motor Current: 401.0
[2026-02-17 11:14:58,495] INFO: Time: 6.713929911999912; Command Current: 400; Motor Current: 402.0
[2026-02-17 11:14:58,496] INFO: Time: 6.714988439999843; Command Current: 400; Motor Current: 402.0
[2026-02-17 11:14:58,497] INFO: Time: 6.716048412999953; Command Current: 400; Motor Current: 401.0
[2026-02-17 11:14:58,498] INFO: Time: 6.717107385999952; Command Current: 400; Motor Current: 401.0
[2026-02-17 11:14:58,499] INFO: Time: 6.718166080999936; Command Current: 400; Motor Current: 402.0
[2026-02-17 11:14:58,500] INFO: Time: 6.719225035999898; Command Current: 400; Motor Current: 402.0
[2026-02-17 11:14:58,501] INFO: Time: 6.720283786999971; Command Current: 400; Motor Current: 402.0
[2026-02-17 11:14:58,502] INFO: Time: 6.721342444999891; Command Current: 400; Motor Current: 401.0
[2026-02-17 11:14:58,503] INFO: Time: 6.722402120999959; Command Current: 400; Motor Current: 400.0
[2026-02-17 11:14:58,504] INFO: Time: 6.723461093999958; Command Current: 400; Motor Current: 402.0
[2026-02-17 11:14:58,505] INFO: Time: 6.724520048999921; Command Current: 400; Motor Current: 401.0
[2026-02-17 11:14:58,506] INFO: Time: 6.7255785029999515; Command Current: 400; Motor Current: 399.0
[2026-02-17 11:14:58,507] INFO: Time: 6.726635438999892; Command Current: 400; Motor Current: 399.0
[2026-02-17 11:14:58,509] INFO: Time: 6.72769498599996; Command Current: 400; Motor Current: 397.0
[2026-02-17 11:14:58,510] INFO: Time: 6.728752793000012; Command Current: 400; Motor Current: 397.0
[2026-02-17 11:14:58,511] INFO: Time: 6.729822802999934; Command Current: 400; Motor Current: 397.0
[2026-02-17 11:14:58,512] INFO: Time: 6.730880887000012; Command Current: 400; Motor Current: 396.0
[2026-02-17 11:14:58,513] INFO: Time: 6.731939341000043; Command Current: 400; Motor Current: 395.0
[2026-02-17 11:14:58,514] INFO: Time: 6.732998185000042; Command Current: 400; Motor Current: 396.0
[2026-02-17 11:14:58,515] INFO: Time: 6.734057471999904; Command Current: 400; Motor Current: 396.0
[2026-02-17 11:14:58,516] INFO: Time: 6.735115889999861; Command Current: 400; Motor Current: 396.0
[2026-02-17 11:14:58,517] INFO: Time: 6.736174325999855; Command Current: 400; Motor Current: 397.0
[2026-02-17 11:14:58,518] INFO: Time: 6.737232465000034; Command Current: 400; Motor Current: 396.0
[2026-02-17 11:14:58,519] INFO: Time: 6.738290882999991; Command Current: 400; Motor Current: 397.0
[2026-02-17 11:14:58,520] INFO: Time: 6.7393493559998205; Command Current: 400; Motor Current: 397.0
[2026-02-17 11:14:58,521] INFO: Time: 6.740408624999873; Command Current: 400; Motor Current: 398.0
[2026-02-17 11:14:58,522] INFO: Time: 6.7414652459999616; Command Current: 400; Motor Current: 398.0
[2026-02-17 11:14:58,523] INFO: Time: 6.7425232749999395; Command Current: 400; Motor Current: 397.0
[2026-02-17 11:14:58,524] INFO: Time: 6.743583376999823; Command Current: 400; Motor Current: 397.0
[2026-02-17 11:14:58,525] INFO: Time: 6.744640462000007; Command Current: 400; Motor Current: 397.0
[2026-02-17 11:14:58,527] INFO: Time: 6.745727361000036; Command Current: 400; Motor Current: 396.0
[2026-02-17 11:14:58,528] INFO: Time: 6.746784610999839; Command Current: 400; Motor Current: 398.0
[2026-02-17 11:14:58,529] INFO: Time: 6.747842917999833; Command Current: 400; Motor Current: 398.0
[2026-02-17 11:14:58,530] INFO: Time: 6.748934595000037; Command Current: 400; Motor Current: 398.0
[2026-02-17 11:14:58,531] INFO: Time: 6.7499931229999675; Command Current: 400; Motor Current: 400.0
[2026-02-17 11:14:58,532] INFO: Time: 6.751051410999935; Command Current: 400; Motor Current: 398.0
[2026-02-17 11:14:58,533] INFO: Time: 6.752112328999829; Command Current: 400; Motor Current: 399.0
[2026-02-17 11:14:58,534] INFO: Time: 6.753171171999838; Command Current: 400; Motor Current: 398.0
[2026-02-17 11:14:58,535] INFO: Time: 6.754230162999875; Command Current: 400; Motor Current: 400.0
[2026-02-17 11:14:58,536] INFO: Time: 6.755288784999948; Command Current: 400; Motor Current: 398.0
[2026-02-17 11:14:58,537] INFO: Time: 6.756347312999878; Command Current: 400; Motor Current: 399.0
[2026-02-17 11:14:58,538] INFO: Time: 6.757405933999962; Command Current: 400; Motor Current: 399.0
[2026-02-17 11:14:58,539] INFO: Time: 6.758466295999824; Command Current: 400; Motor Current: 400.0
[2026-02-17 11:14:58,540] INFO: Time: 6.759524768999881; Command Current: 400; Motor Current: 400.0
[2026-02-17 11:14:58,541] INFO: Time: 6.76058266799987; Command Current: 400; Motor Current: 400.0
[2026-02-17 11:14:58,542] INFO: Time: 6.761639492999848; Command Current: 400; Motor Current: 400.0
[2026-02-17 11:14:58,544] INFO: Time: 6.762697892000006; Command Current: 400; Motor Current: 400.0
[2026-02-17 11:14:58,545] INFO: Time: 6.763758419999931; Command Current: 400; Motor Current: 401.0
[2026-02-17 11:14:58,546] INFO: Time: 6.7648183009998775; Command Current: 400; Motor Current: 399.0
[2026-02-17 11:14:58,547] INFO: Time: 6.765876513999956; Command Current: 400; Motor Current: 399.0
[2026-02-17 11:14:58,548] INFO: Time: 6.76693476499986; Command Current: 400; Motor Current: 399.0
[2026-02-17 11:14:58,549] INFO: Time: 6.76799366399996; Command Current: 400; Motor Current: 399.0
[2026-02-17 11:14:58,550] INFO: Time: 6.769054415000028; Command Current: 400; Motor Current: 398.0
[2026-02-17 11:14:58,551] INFO: Time: 6.770112887999858; Command Current: 400; Motor Current: 400.0
[2026-02-17 11:14:58,552] INFO: Time: 6.771171712999831; Command Current: 400; Motor Current: 398.0
[2026-02-17 11:14:58,553] INFO: Time: 6.7722298520000095; Command Current: 400; Motor Current: 399.0
[2026-02-17 11:14:58,554] INFO: Time: 6.7732880099999875; Command Current: 400; Motor Current: 400.0
[2026-02-17 11:14:58,555] INFO: Time: 6.774371706000011; Command Current: 400; Motor Current: 398.0
[2026-02-17 11:14:58,556] INFO: Time: 6.775432178999836; Command Current: 400; Motor Current: 399.0
[2026-02-17 11:14:58,557] INFO: Time: 6.776490856000009; Command Current: 400; Motor Current: 399.0
[2026-02-17 11:14:58,558] INFO: Time: 6.777549865999845; Command Current: 400; Motor Current: 397.0
[2026-02-17 11:14:58,559] INFO: Time: 6.778607301999955; Command Current: 400; Motor Current: 395.0
[2026-02-17 11:14:58,560] INFO: Time: 6.779679737999913; Command Current: 400; Motor Current: 397.0
[2026-02-17 11:14:58,562] INFO: Time: 6.780738710999913; Command Current: 400; Motor Current: 396.0
[2026-02-17 11:14:58,563] INFO: Time: 6.781797572999949; Command Current: 400; Motor Current: 397.0
[2026-02-17 11:14:58,564] INFO: Time: 6.78285589699999; Command Current: 400; Motor Current: 396.0
[2026-02-17 11:14:58,565] INFO: Time: 6.783913999999868; Command Current: 400; Motor Current: 396.0
[2026-02-17 11:14:58,566] INFO: Time: 6.784972435999862; Command Current: 400; Motor Current: 399.0
[2026-02-17 11:14:58,567] INFO: Time: 6.786030926999956; Command Current: 400; Motor Current: 397.0
[2026-02-17 11:14:58,568] INFO: Time: 6.787090086000035; Command Current: 400; Motor Current: 397.0
[2026-02-17 11:14:58,569] INFO: Time: 6.7881491509999705; Command Current: 400; Motor Current: 398.0
[2026-02-17 11:14:58,570] INFO: Time: 6.7892075129998375; Command Current: 400; Motor Current: 399.0
[2026-02-17 11:14:58,571] INFO: Time: 6.790266319000011; Command Current: 400; Motor Current: 399.0
[2026-02-17 11:14:58,572] INFO: Time: 6.791325458999836; Command Current: 400; Motor Current: 400.0
[2026-02-17 11:14:58,573] INFO: Time: 6.792384690999825; Command Current: 400; Motor Current: 401.0
[2026-02-17 11:14:58,574] INFO: Time: 6.793444941999951; Command Current: 400; Motor Current: 400.0
[2026-02-17 11:14:58,575] INFO: Time: 6.7945119339999565; Command Current: 400; Motor Current: 400.0
[2026-02-17 11:14:58,576] INFO: Time: 6.795573369999829; Command Current: 400; Motor Current: 399.0
[2026-02-17 11:14:58,577] INFO: Time: 6.796633416999839; Command Current: 400; Motor Current: 399.0
[2026-02-17 11:14:58,579] INFO: Time: 6.797692407999875; Command Current: 400; Motor Current: 398.0
[2026-02-17 11:14:58,580] INFO: Time: 6.798752954999827; Command Current: 400; Motor Current: 398.0
[2026-02-17 11:14:58,581] INFO: Time: 6.799818483999843; Command Current: 400; Motor Current: 400.0
[2026-02-17 11:14:58,582] INFO: Time: 6.800877734999858; Command Current: 400; Motor Current: 398.0
[2026-02-17 11:14:58,583] INFO: Time: 6.801936299999852; Command Current: 400; Motor Current: 398.0
[2026-02-17 11:14:58,584] INFO: Time: 6.802994420999994; Command Current: 400; Motor Current: 399.0
[2026-02-17 11:14:58,585] INFO: Time: 6.804053950000025; Command Current: 400; Motor Current: 398.0
[2026-02-17 11:14:58,586] INFO: Time: 6.8051121819999025; Command Current: 400; Motor Current: 398.0
[2026-02-17 11:14:58,587] INFO: Time: 6.806170876999886; Command Current: 400; Motor Current: 397.0
[2026-02-17 11:14:58,588] INFO: Time: 6.807229331999906; Command Current: 400; Motor Current: 399.0
[2026-02-17 11:14:58,589] INFO: Time: 6.808287859999837; Command Current: 400; Motor Current: 398.0
[2026-02-17 11:14:58,590] INFO: Time: 6.809346851999862; Command Current: 400; Motor Current: 398.0
[2026-02-17 11:14:58,591] INFO: Time: 6.810406991000036; Command Current: 400; Motor Current: 398.0
[2026-02-17 11:14:58,592] INFO: Time: 6.81146518699984; Command Current: 400; Motor Current: 400.0
[2026-02-17 11:14:58,593] INFO: Time: 6.812523993000013; Command Current: 400; Motor Current: 401.0
[2026-02-17 11:14:58,594] INFO: Time: 6.813582206999854; Command Current: 400; Motor Current: 401.0
[2026-02-17 11:14:58,595] INFO: Time: 6.814638790999879; Command Current: 400; Motor Current: 401.0
[2026-02-17 11:14:58,597] INFO: Time: 6.815698837999889; Command Current: 400; Motor Current: 400.0
[2026-02-17 11:14:58,598] INFO: Time: 6.816757328999984; Command Current: 400; Motor Current: 401.0
[2026-02-17 11:14:58,599] INFO: Time: 6.817817079999941; Command Current: 400; Motor Current: 401.0
[2026-02-17 11:14:58,600] INFO: Time: 6.818875294000009; Command Current: 400; Motor Current: 399.0
[2026-02-17 11:14:58,601] INFO: Time: 6.819933284999934; Command Current: 400; Motor Current: 399.0
[2026-02-17 11:14:58,602] INFO: Time: 6.8209919989999435; Command Current: 400; Motor Current: 398.0
[2026-02-17 11:14:58,603] INFO: Time: 6.8220518609998635; Command Current: 400; Motor Current: 398.0
[2026-02-17 11:14:58,604] INFO: Time: 6.823110759999963; Command Current: 400; Motor Current: 399.0
[2026-02-17 11:14:58,605] INFO: Time: 6.824169511000036; Command Current: 400; Motor Current: 397.0
[2026-02-17 11:14:58,606] INFO: Time: 6.825227983999866; Command Current: 400; Motor Current: 398.0
[2026-02-17 11:14:58,607] INFO: Time: 6.826286400999834; Command Current: 400; Motor Current: 397.0
[2026-02-17 11:14:58,608] INFO: Time: 6.827344892999918; Command Current: 400; Motor Current: 397.0
[2026-02-17 11:14:58,609] INFO: Time: 6.828404809999938; Command Current: 400; Motor Current: 397.0
[2026-02-17 11:14:58,610] INFO: Time: 6.829461856999842; Command Current: 400; Motor Current: 398.0
[2026-02-17 11:14:58,611] INFO: Time: 6.830520329999899; Command Current: 400; Motor Current: 397.0
[2026-02-17 11:14:58,612] INFO: Time: 6.831578339999851; Command Current: 400; Motor Current: 398.0
[2026-02-17 11:14:58,613] INFO: Time: 6.83263488700004; Command Current: 400; Motor Current: 399.0
[2026-02-17 11:14:58,615] INFO: Time: 6.83369487899995; Command Current: 400; Motor Current: 397.0
[2026-02-17 11:14:58,616] INFO: Time: 6.834775054999909; Command Current: 400; Motor Current: 397.0
[2026-02-17 11:14:58,617] INFO: Time: 6.835834305999924; Command Current: 400; Motor Current: 397.0
[2026-02-17 11:14:58,618] INFO: Time: 6.836892409000029; Command Current: 400; Motor Current: 395.0
[2026-02-17 11:14:58,619] INFO: Time: 6.837973455999872; Command Current: 400; Motor Current: 397.0
[2026-02-17 11:14:58,620] INFO: Time: 6.83903198500002; Command Current: 400; Motor Current: 398.0
[2026-02-17 11:14:58,621] INFO: Time: 6.840092401999982; Command Current: 400; Motor Current: 397.0
[2026-02-17 11:14:58,622] INFO: Time: 6.841151744999934; Command Current: 400; Motor Current: 398.0
[2026-02-17 11:14:58,623] INFO: Time: 6.842210847999922; Command Current: 400; Motor Current: 399.0
[2026-02-17 11:14:58,624] INFO: Time: 6.843269153999927; Command Current: 400; Motor Current: 398.0
[2026-02-17 11:14:58,625] INFO: Time: 6.844328108999889; Command Current: 400; Motor Current: 399.0
[2026-02-17 11:14:58,626] INFO: Time: 6.845388340999989; Command Current: 400; Motor Current: 397.0
[2026-02-17 11:14:58,627] INFO: Time: 6.846445184000004; Command Current: 400; Motor Current: 397.0
[2026-02-17 11:14:58,628] INFO: Time: 6.84750399099994; Command Current: 400; Motor Current: 397.0
[2026-02-17 11:14:58,629] INFO: Time: 6.848562500999833; Command Current: 400; Motor Current: 397.0
[2026-02-17 11:14:58,630] INFO: Time: 6.849619437000001; Command Current: 400; Motor Current: 397.0
[2026-02-17 11:14:58,631] INFO: Time: 6.850680890999911; Command Current: 400; Motor Current: 397.0
[2026-02-17 11:14:58,633] INFO: Time: 6.851740752999831; Command Current: 400; Motor Current: 397.0
[2026-02-17 11:14:58,634] INFO: Time: 6.852799281999978; Command Current: 400; Motor Current: 396.0
[2026-02-17 11:14:58,635] INFO: Time: 6.853857513999856; Command Current: 400; Motor Current: 398.0
[2026-02-17 11:14:58,636] INFO: Time: 6.854916301999992; Command Current: 400; Motor Current: 396.0
[2026-02-17 11:14:58,637] INFO: Time: 6.855974551999907; Command Current: 400; Motor Current: 398.0
[2026-02-17 11:14:58,638] INFO: Time: 6.857034302999864; Command Current: 400; Motor Current: 396.0
[2026-02-17 11:14:58,639] INFO: Time: 6.858092497999905; Command Current: 400; Motor Current: 398.0
[2026-02-17 11:14:58,640] INFO: Time: 6.859150915999862; Command Current: 400; Motor Current: 398.0
[2026-02-17 11:14:58,641] INFO: Time: 6.860210130000041; Command Current: 400; Motor Current: 398.0
[2026-02-17 11:14:58,642] INFO: Time: 6.861269157999914; Command Current: 400; Motor Current: 398.0
[2026-02-17 11:14:58,643] INFO: Time: 6.862328834999971; Command Current: 400; Motor Current: 400.0
[2026-02-17 11:14:58,644] INFO: Time: 6.863389066999844; Command Current: 400; Motor Current: 400.0
[2026-02-17 11:14:58,645] INFO: Time: 6.864450854999859; Command Current: 400; Motor Current: 399.0
[2026-02-17 11:14:58,646] INFO: Time: 6.8655109389999325; Command Current: 400; Motor Current: 400.0
[2026-02-17 11:14:58,647] INFO: Time: 6.8665729679999; Command Current: 400; Motor Current: 401.0
[2026-02-17 11:14:58,648] INFO: Time: 6.867633070000011; Command Current: 400; Motor Current: 400.0
[2026-02-17 11:14:58,650] INFO: Time: 6.868693098999984; Command Current: 400; Motor Current: 400.0
[2026-02-17 11:14:58,651] INFO: Time: 6.869752015999893; Command Current: 400; Motor Current: 400.0
[2026-02-17 11:14:58,652] INFO: Time: 6.870820156000036; Command Current: 400; Motor Current: 401.0
[2026-02-17 11:14:58,653] INFO: Time: 6.871878517999903; Command Current: 400; Motor Current: 401.0
[2026-02-17 11:14:58,654] INFO: Time: 6.8729368799999975; Command Current: 400; Motor Current: 400.0
[2026-02-17 11:14:58,655] INFO: Time: 6.873995685999944; Command Current: 400; Motor Current: 398.0
[2026-02-17 11:14:58,656] INFO: Time: 6.875055306999911; Command Current: 400; Motor Current: 397.0
[2026-02-17 11:14:58,657] INFO: Time: 6.876114020999921; Command Current: 400; Motor Current: 398.0
[2026-02-17 11:14:58,658] INFO: Time: 6.877172326999926; Command Current: 400; Motor Current: 397.0
[2026-02-17 11:14:58,659] INFO: Time: 6.8782309480000094; Command Current: 400; Motor Current: 398.0
[2026-02-17 11:14:58,660] INFO: Time: 6.879288717999998; Command Current: 400; Motor Current: 397.0
[2026-02-17 11:14:58,661] INFO: Time: 6.880346894000013; Command Current: 400; Motor Current: 397.0
[2026-02-17 11:14:58,662] INFO: Time: 6.881405959999938; Command Current: 400; Motor Current: 396.0
[2026-02-17 11:14:58,663] INFO: Time: 6.882462339999847; Command Current: 400; Motor Current: 397.0
[2026-02-17 11:14:58,664] INFO: Time: 6.883526887000016; Command Current: 400; Motor Current: 398.0
[2026-02-17 11:14:58,665] INFO: Time: 6.884589007999921; Command Current: 400; Motor Current: 396.0
[2026-02-17 11:14:58,666] INFO: Time: 6.88564803700001; Command Current: 400; Motor Current: 397.0
[2026-02-17 11:14:58,668] INFO: Time: 6.8867078619998665; Command Current: 400; Motor Current: 396.0
[2026-02-17 11:14:58,669] INFO: Time: 6.887766963999866; Command Current: 400; Motor Current: 398.0
[2026-02-17 11:14:58,670] INFO: Time: 6.8888256410000395; Command Current: 400; Motor Current: 398.0
[2026-02-17 11:14:58,671] INFO: Time: 6.889884744000028; Command Current: 400; Motor Current: 397.0
[2026-02-17 11:14:58,672] INFO: Time: 6.890943475999848; Command Current: 400; Motor Current: 397.0
[2026-02-17 11:14:58,673] INFO: Time: 6.892003059999979; Command Current: 400; Motor Current: 398.0
[2026-02-17 11:14:58,674] INFO: Time: 6.893062236999867; Command Current: 400; Motor Current: 398.0
[2026-02-17 11:14:58,675] INFO: Time: 6.8941211730000305; Command Current: 400; Motor Current: 398.0
[2026-02-17 11:14:58,676] INFO: Time: 6.895179998000003; Command Current: 400; Motor Current: 397.0
[2026-02-17 11:14:58,677] INFO: Time: 6.896238081999854; Command Current: 400; Motor Current: 397.0
[2026-02-17 11:14:58,678] INFO: Time: 6.897296813999901; Command Current: 400; Motor Current: 398.0
[2026-02-17 11:14:58,679] INFO: Time: 6.898356657000022; Command Current: 400; Motor Current: 399.0
[2026-02-17 11:14:58,680] INFO: Time: 6.899415352999995; Command Current: 400; Motor Current: 398.0
[2026-02-17 11:14:58,681] INFO: Time: 6.900474436999957; Command Current: 400; Motor Current: 397.0
[2026-02-17 11:14:58,682] INFO: Time: 6.9015330209999775; Command Current: 400; Motor Current: 398.0
[2026-02-17 11:14:58,683] INFO: Time: 6.902591567999934; Command Current: 400; Motor Current: 399.0
[2026-02-17 11:14:58,684] INFO: Time: 6.90364828099996; Command Current: 400; Motor Current: 398.0
[2026-02-17 11:14:58,686] INFO: Time: 6.904707402999975; Command Current: 400; Motor Current: 398.0
[2026-02-17 11:14:58,687] INFO: Time: 6.905770394000001; Command Current: 400; Motor Current: 400.0
[2026-02-17 11:14:58,688] INFO: Time: 6.906826940999963; Command Current: 400; Motor Current: 399.0
[2026-02-17 11:14:58,689] INFO: Time: 6.907885155000031; Command Current: 400; Motor Current: 400.0
[2026-02-17 11:14:58,690] INFO: Time: 6.908943442999998; Command Current: 400; Motor Current: 399.0
[2026-02-17 11:14:58,691] INFO: Time: 6.910003248999828; Command Current: 400; Motor Current: 398.0
[2026-02-17 11:14:58,692] INFO: Time: 6.911061407000034; Command Current: 400; Motor Current: 399.0
[2026-02-17 11:14:58,693] INFO: Time: 6.912119398999948; Command Current: 400; Motor Current: 400.0
[2026-02-17 11:14:58,694] INFO: Time: 6.913177241999847; Command Current: 400; Motor Current: 398.0
[2026-02-17 11:14:58,695] INFO: Time: 6.914235547999851; Command Current: 400; Motor Current: 398.0
[2026-02-17 11:14:58,696] INFO: Time: 6.915294632000041; Command Current: 400; Motor Current: 400.0
[2026-02-17 11:14:58,697] INFO: Time: 6.916354456999898; Command Current: 400; Motor Current: 399.0
[2026-02-17 11:14:58,698] INFO: Time: 6.917411837999907; Command Current: 400; Motor Current: 401.0
[2026-02-17 11:14:58,699] INFO: Time: 6.918470291999938; Command Current: 400; Motor Current: 402.0
[2026-02-17 11:14:58,700] INFO: Time: 6.919528784000022; Command Current: 400; Motor Current: 402.0
[2026-02-17 11:14:58,701] INFO: Time: 6.920587570999942; Command Current: 400; Motor Current: 401.0
[2026-02-17 11:14:58,702] INFO: Time: 6.9216447849998985; Command Current: 400; Motor Current: 400.0
[2026-02-17 11:14:58,704] INFO: Time: 6.922704294999903; Command Current: 400; Motor Current: 402.0
[2026-02-17 11:14:58,705] INFO: Time: 6.923762323999881; Command Current: 400; Motor Current: 401.0
[2026-02-17 11:14:58,706] INFO: Time: 6.924827759999971; Command Current: 400; Motor Current: 398.0
[2026-02-17 11:14:58,707] INFO: Time: 6.925886492000018; Command Current: 400; Motor Current: 398.0
[2026-02-17 11:14:58,708] INFO: Time: 6.92694677999998; Command Current: 400; Motor Current: 398.0
[2026-02-17 11:14:58,709] INFO: Time: 6.928006789999927; Command Current: 400; Motor Current: 396.0
[2026-02-17 11:14:58,710] INFO: Time: 6.929089299999987; Command Current: 400; Motor Current: 396.0
[2026-02-17 11:14:58,711] INFO: Time: 6.930147920999843; Command Current: 400; Motor Current: 396.0
[2026-02-17 11:14:58,712] INFO: Time: 6.931206339000028; Command Current: 400; Motor Current: 394.0
[2026-02-17 11:14:58,713] INFO: Time: 6.9322652379999; Command Current: 400; Motor Current: 395.0
[2026-02-17 11:14:58,714] INFO: Time: 6.933324580999852; Command Current: 400; Motor Current: 394.0
[2026-02-17 11:14:58,715] INFO: Time: 6.934385479999946; Command Current: 400; Motor Current: 396.0
[2026-02-17 11:14:58,716] INFO: Time: 6.935443118999956; Command Current: 400; Motor Current: 398.0
[2026-02-17 11:14:58,717] INFO: Time: 6.936501795999902; Command Current: 400; Motor Current: 396.0
[2026-02-17 11:14:58,718] INFO: Time: 6.937560361999886; Command Current: 400; Motor Current: 396.0
[2026-02-17 11:14:58,719] INFO: Time: 6.938617723999869; Command Current: 400; Motor Current: 398.0
[2026-02-17 11:14:58,720] INFO: Time: 6.939685048999991; Command Current: 400; Motor Current: 398.0
[2026-02-17 11:14:58,722] INFO: Time: 6.940744724999831; Command Current: 400; Motor Current: 398.0
[2026-02-17 11:14:58,723] INFO: Time: 6.941803308999852; Command Current: 400; Motor Current: 397.0
[2026-02-17 11:14:58,724] INFO: Time: 6.942862837999883; Command Current: 400; Motor Current: 398.0
[2026-02-17 11:14:58,725] INFO: Time: 6.9439215699999295; Command Current: 400; Motor Current: 399.0
[2026-02-17 11:14:58,726] INFO: Time: 6.944980412999939; Command Current: 400; Motor Current: 397.0
[2026-02-17 11:14:58,727] INFO: Time: 6.94604134899987; Command Current: 400; Motor Current: 398.0
[2026-02-17 11:14:58,728] INFO: Time: 6.947099655999864; Command Current: 400; Motor Current: 398.0
[2026-02-17 11:14:58,729] INFO: Time: 6.948157943999831; Command Current: 400; Motor Current: 398.0
[2026-02-17 11:14:58,730] INFO: Time: 6.949216916999831; Command Current: 400; Motor Current: 398.0
[2026-02-17 11:14:58,731] INFO: Time: 6.950275389999888; Command Current: 400; Motor Current: 399.0
[2026-02-17 11:14:58,732] INFO: Time: 6.951333621999993; Command Current: 400; Motor Current: 398.0
[2026-02-17 11:14:58,733] INFO: Time: 6.9523949469999025; Command Current: 400; Motor Current: 398.0
[2026-02-17 11:14:58,734] INFO: Time: 6.953454085999965; Command Current: 400; Motor Current: 398.0
[2026-02-17 11:14:58,735] INFO: Time: 6.95451315199989; Command Current: 400; Motor Current: 397.0
[2026-02-17 11:14:58,736] INFO: Time: 6.955571513999985; Command Current: 400; Motor Current: 399.0
[2026-02-17 11:14:58,737] INFO: Time: 6.956628505000026; Command Current: 400; Motor Current: 399.0
[2026-02-17 11:14:58,738] INFO: Time: 6.957688644999962; Command Current: 400; Motor Current: 399.0
[2026-02-17 11:14:58,740] INFO: Time: 6.958747469999935; Command Current: 400; Motor Current: 399.0
[2026-02-17 11:14:58,741] INFO: Time: 6.959805961000029; Command Current: 400; Motor Current: 401.0
[2026-02-17 11:14:58,742] INFO: Time: 6.960864581999886; Command Current: 400; Motor Current: 401.0
[2026-02-17 11:14:58,743] INFO: Time: 6.961923740999964; Command Current: 400; Motor Current: 401.0
[2026-02-17 11:14:58,744] INFO: Time: 6.962982194999995; Command Current: 400; Motor Current: 399.0
[2026-02-17 11:14:58,745] INFO: Time: 6.964042798000037; Command Current: 400; Motor Current: 400.0
[2026-02-17 11:14:58,746] INFO: Time: 6.965106251999941; Command Current: 400; Motor Current: 401.0
[2026-02-17 11:14:58,747] INFO: Time: 6.9661637990000145; Command Current: 400; Motor Current: 400.0
[2026-02-17 11:14:58,748] INFO: Time: 6.96722393899995; Command Current: 400; Motor Current: 400.0
[2026-02-17 11:14:58,749] INFO: Time: 6.968283133999876; Command Current: 400; Motor Current: 399.0
[2026-02-17 11:14:58,750] INFO: Time: 6.9693418659999224; Command Current: 400; Motor Current: 398.0
[2026-02-17 11:14:58,751] INFO: Time: 6.970401764999906; Command Current: 400; Motor Current: 399.0
[2026-02-17 11:14:58,752] INFO: Time: 6.971460367999953; Command Current: 400; Motor Current: 398.0
[2026-02-17 11:14:58,753] INFO: Time: 6.9725190819999625; Command Current: 400; Motor Current: 396.0
[2026-02-17 11:14:58,754] INFO: Time: 6.973577868999882; Command Current: 400; Motor Current: 398.0
[2026-02-17 11:14:58,755] INFO: Time: 6.97463500899994; Command Current: 400; Motor Current: 398.0
[2026-02-17 11:14:58,757] INFO: Time: 6.975694314999828; Command Current: 400; Motor Current: 398.0
[2026-02-17 11:14:58,758] INFO: Time: 6.976752713999986; Command Current: 400; Motor Current: 397.0
[2026-02-17 11:14:58,759] INFO: Time: 6.97781216899989; Command Current: 400; Motor Current: 397.0
[2026-02-17 11:14:58,760] INFO: Time: 6.978869141999894; Command Current: 400; Motor Current: 397.0
[2026-02-17 11:14:58,761] INFO: Time: 6.97992698500002; Command Current: 400; Motor Current: 396.0
[2026-02-17 11:14:58,762] INFO: Time: 6.9809854019999875; Command Current: 400; Motor Current: 397.0
[2026-02-17 11:14:58,763] INFO: Time: 6.982054375999951; Command Current: 400; Motor Current: 397.0
[2026-02-17 11:14:58,763] DEBUG: [DephyActuator]  Exiting Current control mode.
