[2026-02-17 11:15:48,125] DEBUG: [DephyActuator] Entering Voltage control mode.
[2026-02-17 11:15:48,125] DEBUG: [DephyActuator]  Exiting Voltage control mode.
[2026-02-17 11:15:48,226] DEBUG: [DephyActuator]  Entering Impedance control mode.
[2026-02-17 11:15:48,231] DEBUG: Started tracking variable: Output Position
[2026-02-17 11:15:48,231] DEBUG: Started tracking variable: Command Position
[2026-02-17 11:15:48,231] DEBUG: Started tracking variable: Motor Current
[2026-02-17 11:15:48,232] DEBUG: Started tracking variable: Time
[2026-02-17 11:15:48,232] INFO: Time: 7.309300008273567e-05; Command Position: 0.1179224628566787; Output Position: 0.11787625861607975; Motor Current: 3.0
[2026-02-17 11:15:48,233] INFO: Time: 0.0010661400001481525; Command Position: 0.1179224628566787; Output Position: 0.11787625861607975; Motor Current: 3.0
[2026-02-17 11:15:48,234] INFO: Time: 0.0021273720001317997; Command Position: 0.1179224628566787; Output Position: 0.11787625861607975; Motor Current: 3.0
[2026-02-17 11:15:48,235] INFO: Time: 0.0031882340001629927; Command Position: 0.1179224628566787; Output Position: 0.11787625861607975; Motor Current: 3.0
[2026-02-17 11:15:48,236] INFO: Time: 0.0042474110000512155; Command Position: 0.1179224628566787; Output Position: 0.11787625861607975; Motor Current: 2.0
[2026-02-17 11:15:48,237] INFO: Time: 0.005306459000166797; Command Position: 0.1179224628566787; Output Position: 0.11788549946419953; Motor Current: 1.0
[2026-02-17 11:15:48,238] INFO: Time: 0.006367265000108091; Command Position: 0.1179224628566787; Output Position: 0.11787625861607975; Motor Current: 1.0
[2026-02-17 11:15:48,239] INFO: Time: 0.007431887000166171; Command Position: 0.1179224628566787; Output Position: 0.11788549946419953; Motor Current: 1.0
[2026-02-17 11:15:48,240] INFO: Time: 0.008488601000181006; Command Position: 0.1179224628566787; Output Position: 0.11787625861607975; Motor Current: 1.0
[2026-02-17 11:15:48,241] INFO: Time: 0.009550926000201798; Command Position: 0.1179224628566787; Output Position: 0.11788549946419953; Motor Current: 2.0
[2026-02-17 11:15:48,242] INFO: Time: 0.010611047000111284; Command Position: 0.1179224628566787; Output Position: 0.11787625861607975; Motor Current: 1.0
[2026-02-17 11:15:48,243] INFO: Time: 0.011674835000121675; Command Position: 0.1179224628566787; Output Position: 0.11787625861607975; Motor Current: 1.0
[2026-02-17 11:15:48,245] INFO: Time: 0.012736493000147675; Command Position: 0.1179224628566787; Output Position: 0.11788549946419953; Motor Current: 2.0
[2026-02-17 11:15:48,246] INFO: Time: 0.013795393000009426; Command Position: 0.1179224628566787; Output Position: 0.11787625861607975; Motor Current: 2.0
[2026-02-17 11:15:48,247] INFO: Time: 0.014854366000008667; Command Position: 0.1179224628566787; Output Position: 0.11787625861607975; Motor Current: 2.0
[2026-02-17 11:15:48,248] INFO: Time: 0.015930006000189678; Command Position: 0.1179224628566787; Output Position: 0.11786701776795996; Motor Current: 1.0
[2026-02-17 11:15:48,249] INFO: Time: 0.01698938600020483; Command Position: 0.1179224628566787; Output Position: 0.11786701776795996; Motor Current: 1.0
[2026-02-17 11:15:48,250] INFO: Time: 0.018051360000072236; Command Position: 0.1179224628566787; Output Position: 0.11788549946419953; Motor Current: 1.0
[2026-02-17 11:15:48,251] INFO: Time: 0.019113759000219943; Command Position: 0.1179224628566787; Output Position: 0.11787625861607975; Motor Current: 0.0
[2026-02-17 11:15:48,252] INFO: Time: 0.02017154700001811; Command Position: 0.1179224628566787; Output Position: 0.11787625861607975; Motor Current: -1.0
[2026-02-17 11:15:48,253] INFO: Time: 0.021232872000155112; Command Position: 0.1179224628566787; Output Position: 0.11788549946419953; Motor Current: -2.0
[2026-02-17 11:15:48,254] INFO: Time: 0.0223472350000975; Command Position: 0.1179224628566787; Output Position: 0.11787625861607975; Motor Current: -2.0
[2026-02-17 11:15:48,255] INFO: Time: 0.0234073190001709; Command Position: 0.1179224628566787; Output Position: 0.11787625861607975; Motor Current: -2.0
[2026-02-17 11:15:48,256] INFO: Time: 0.024468181000202094; Command Position: 0.1179224628566787; Output Position: 0.11788549946419953; Motor Current: -1.0
[2026-02-17 11:15:48,257] INFO: Time: 0.025529377000111708; Command Position: 0.1179224628566787; Output Position: 0.11787625861607975; Motor Current: -2.0
[2026-02-17 11:15:48,258] INFO: Time: 0.026589424000121653; Command Position: 0.1179224628566787; Output Position: 0.11786701776795996; Motor Current: -2.0
[2026-02-17 11:15:48,259] INFO: Time: 0.027648953000152687; Command Position: 0.1179224628566787; Output Position: 0.11787625861607975; Motor Current: -1.0
[2026-02-17 11:15:48,260] INFO: Time: 0.02870835200019428; Command Position: 0.1179224628566787; Output Position: 0.11788549946419953; Motor Current: -1.0
[2026-02-17 11:15:48,262] INFO: Time: 0.029775214000210326; Command Position: 0.1179224628566787; Output Position: 0.11788549946419953; Motor Current: -1.0
[2026-02-17 11:15:48,263] INFO: Time: 0.03083863200004089; Command Position: 0.1179224628566787; Output Position: 0.11788549946419953; Motor Current: -1.0
[2026-02-17 11:15:48,264] INFO: Time: 0.03189988300005098; Command Position: 0.1179224628566787; Output Position: 0.11787625861607975; Motor Current: -2.0
[2026-02-17 11:15:48,265] INFO: Time: 0.03296537400001398; Command Position: 0.1179224628566787; Output Position: 0.11787625861607975; Motor Current: -2.0
[2026-02-17 11:15:48,266] INFO: Time: 0.03402577400015616; Command Position: 0.1179224628566787; Output Position: 0.11787625861607975; Motor Current: -2.0
[2026-02-17 11:15:48,267] INFO: Time: 0.035086376000208475; Command Position: 0.1179224628566787; Output Position: 0.11787625861607975; Motor Current: -1.0
[2026-02-17 11:15:48,268] INFO: Time: 0.03614672000003338; Command Position: 0.1179224628566787; Output Position: 0.11787625861607975; Motor Current: -1.0
[2026-02-17 11:15:48,269] INFO: Time: 0.03720695300012267; Command Position: 0.1179224628566787; Output Position: 0.11788549946419953; Motor Current: 0.0
[2026-02-17 11:15:48,270] INFO: Time: 0.03826640700003736; Command Position: 0.1179224628566787; Output Position: 0.11788549946419953; Motor Current: 0.0
[2026-02-17 11:15:48,271] INFO: Time: 0.039323362000004636; Command Position: 0.1179224628566787; Output Position: 0.11788549946419953; Motor Current: 0.0
[2026-02-17 11:15:48,272] INFO: Time: 0.040381724000098984; Command Position: 0.1179224628566787; Output Position: 0.11787625861607975; Motor Current: 0.0
[2026-02-17 11:15:48,273] INFO: Time: 0.041440753000188124; Command Position: 0.1179224628566787; Output Position: 0.11786701776795996; Motor Current: -1.0
[2026-02-17 11:15:48,274] INFO: Time: 0.04250120700021398; Command Position: 0.1179224628566787; Output Position: 0.11787625861607975; Motor Current: -1.0
[2026-02-17 11:15:48,275] INFO: Time: 0.04356136600017635; Command Position: 0.1179224628566787; Output Position: 0.11788549946419953; Motor Current: 0.0
[2026-02-17 11:15:48,276] INFO: Time: 0.04461939500015433; Command Position: 0.1179224628566787; Output Position: 0.11785777691984016; Motor Current: 0.0
[2026-02-17 11:15:48,277] INFO: Time: 0.04567822000012711; Command Position: 0.1179224628566787; Output Position: 0.11787625861607975; Motor Current: 1.0
[2026-02-17 11:15:48,278] INFO: Time: 0.04673710000020037; Command Position: 0.1179224628566787; Output Position: 0.11786701776795996; Motor Current: 1.0
[2026-02-17 11:15:48,280] INFO: Time: 0.04780544400000508; Command Position: 0.1179224628566787; Output Position: 0.11788549946419953; Motor Current: 0.0
[2026-02-17 11:15:48,281] INFO: Time: 0.048866436000025715; Command Position: 0.1179224628566787; Output Position: 0.11785777691984016; Motor Current: 1.0
[2026-02-17 11:15:48,282] INFO: Time: 0.04993000200011011; Command Position: 0.1179224628566787; Output Position: 0.11787625861607975; Motor Current: 1.0
[2026-02-17 11:15:48,283] INFO: Time: 0.05098786400003519; Command Position: 0.1179224628566787; Output Position: 0.11787625861607975; Motor Current: 0.0
[2026-02-17 11:15:48,284] INFO: Time: 0.052046207000103095; Command Position: 0.1179224628566787; Output Position: 0.11787625861607975; Motor Current: 1.0
[2026-02-17 11:15:48,285] INFO: Time: 0.053104754000059984; Command Position: 0.1179224628566787; Output Position: 0.11787625861607975; Motor Current: 0.0
[2026-02-17 11:15:48,286] INFO: Time: 0.05416476500022327; Command Position: 0.1179224628566787; Output Position: 0.11787625861607975; Motor Current: 0.0
[2026-02-17 11:15:48,287] INFO: Time: 0.05522453400021732; Command Position: 0.1179224628566787; Output Position: 0.11788549946419953; Motor Current: 0.0
[2026-02-17 11:15:48,288] INFO: Time: 0.05628184100010003; Command Position: 0.1179224628566787; Output Position: 0.11788549946419953; Motor Current: 1.0
[2026-02-17 11:15:48,289] INFO: Time: 0.05734103600002527; Command Position: 0.1179224628566787; Output Position: 0.11786701776795996; Motor Current: 1.0
[2026-02-17 11:15:48,290] INFO: Time: 0.05839939800011962; Command Position: 0.1179224628566787; Output Position: 0.11787625861607975; Motor Current: 1.0
[2026-02-17 11:15:48,291] INFO: Time: 0.05945783400011351; Command Position: 0.1179224628566787; Output Position: 0.11787625861607975; Motor Current: 0.0
[2026-02-17 11:15:48,292] INFO: Time: 0.06051788200011288; Command Position: 0.1179224628566787; Output Position: 0.11788549946419953; Motor Current: 0.0
[2026-02-17 11:15:48,293] INFO: Time: 0.06157815100004882; Command Position: 0.1179224628566787; Output Position: 0.11787625861607975; Motor Current: 0.0
[2026-02-17 11:15:48,294] INFO: Time: 0.06263712500003749; Command Position: 0.1179224628566787; Output Position: 0.11788549946419953; Motor Current: 0.0
[2026-02-17 11:15:48,295] INFO: Time: 0.06369556100003138; Command Position: 0.1179224628566787; Output Position: 0.11785777691984016; Motor Current: 0.0
[2026-02-17 11:15:48,297] INFO: Time: 0.06475470100008351; Command Position: 0.1179224628566787; Output Position: 0.11787625861607975; Motor Current: 0.0
[2026-02-17 11:15:48,298] INFO: Time: 0.06581637700014653; Command Position: 0.1179224628566787; Output Position: 0.11788549946419953; Motor Current: 0.0
[2026-02-17 11:15:48,299] INFO: Time: 0.0668779990000985; Command Position: 0.1179224628566787; Output Position: 0.11788549946419953; Motor Current: 0.0
[2026-02-17 11:15:48,300] INFO: Time: 0.06793784200021946; Command Position: 0.1179224628566787; Output Position: 0.11787625861607975; Motor Current: 0.0
[2026-02-17 11:15:48,301] INFO: Time: 0.06899646400006532; Command Position: 0.1179224628566787; Output Position: 0.11788549946419953; Motor Current: 0.0
[2026-02-17 11:15:48,302] INFO: Time: 0.0700551780000751; Command Position: 0.1179224628566787; Output Position: 0.11788549946419953; Motor Current: -1.0
[2026-02-17 11:15:48,303] INFO: Time: 0.07111405800014836; Command Position: 0.1179224628566787; Output Position: 0.11786701776795996; Motor Current: -1.0
[2026-02-17 11:15:48,304] INFO: Time: 0.07217464300015308; Command Position: 0.1179224628566787; Output Position: 0.11787625861607975; Motor Current: -1.0
[2026-02-17 11:15:48,305] INFO: Time: 0.07323467100013659; Command Position: 0.1179224628566787; Output Position: 0.11788549946419953; Motor Current: -2.0
[2026-02-17 11:15:48,306] INFO: Time: 0.07429284800014102; Command Position: 0.1179224628566787; Output Position: 0.11786701776795996; Motor Current: -2.0
[2026-02-17 11:15:48,307] INFO: Time: 0.07535187700000279; Command Position: 0.1179224628566787; Output Position: 0.11788549946419953; Motor Current: -3.0
[2026-02-17 11:15:48,308] INFO: Time: 0.07641073900003903; Command Position: 0.1179224628566787; Output Position: 0.11787625861607975; Motor Current: -1.0
[2026-02-17 11:15:48,309] INFO: Time: 0.07746965700016517; Command Position: 0.1179224628566787; Output Position: 0.11787625861607975; Motor Current: 0.0
[2026-02-17 11:15:48,310] INFO: Time: 0.07853100100010124; Command Position: 0.1179224628566787; Output Position: 0.11787625861607975; Motor Current: -1.0
[2026-02-17 11:15:48,311] INFO: Time: 0.07959158500011654; Command Position: 0.1179224628566787; Output Position: 0.11787625861607975; Motor Current: -1.0
[2026-02-17 11:15:48,312] INFO: Time: 0.08065092800006823; Command Position: 0.1179224628566787; Output Position: 0.11787625861607975; Motor Current: -1.0
[2026-02-17 11:15:48,313] INFO: Time: 0.08171036500016271; Command Position: 0.1179224628566787; Output Position: 0.11788549946419953; Motor Current: 0.0
[2026-02-17 11:15:48,315] INFO: Time: 0.08276937499999804; Command Position: 0.1179224628566787; Output Position: 0.11787625861607975; Motor Current: 0.0
[2026-02-17 11:15:48,316] INFO: Time: 0.08383014400010325; Command Position: 0.1179224628566787; Output Position: 0.11786701776795996; Motor Current: 0.0
[2026-02-17 11:15:48,317] INFO: Time: 0.08489096900007098; Command Position: 0.1179224628566787; Output Position: 0.11786701776795996; Motor Current: 0.0
[2026-02-17 11:15:48,318] INFO: Time: 0.08595055400019191; Command Position: 0.1179224628566787; Output Position: 0.11787625861607975; Motor Current: 0.0
[2026-02-17 11:15:48,319] INFO: Time: 0.0870098230000167; Command Position: 0.1179224628566787; Output Position: 0.11787625861607975; Motor Current: 0.0
[2026-02-17 11:15:48,320] INFO: Time: 0.08806846300012694; Command Position: 0.1179224628566787; Output Position: 0.11787625861607975; Motor Current: 0.0
[2026-02-17 11:15:48,321] INFO: Time: 0.08913134400017952; Command Position: 0.1179224628566787; Output Position: 0.11787625861607975; Motor Current: 0.0
[2026-02-17 11:15:48,322] INFO: Time: 0.09019231700017372; Command Position: 0.1179224628566787; Output Position: 0.11787625861607975; Motor Current: 0.0
[2026-02-17 11:15:48,323] INFO: Time: 0.09125253100000918; Command Position: 0.1179224628566787; Output Position: 0.11787625861607975; Motor Current: 0.0
[2026-02-17 11:15:48,324] INFO: Time: 0.09231148600019878; Command Position: 0.1179224628566787; Output Position: 0.11787625861607975; Motor Current: 0.0
[2026-02-17 11:15:48,325] INFO: Time: 0.09337257000015597; Command Position: 0.1179224628566787; Output Position: 0.11786701776795996; Motor Current: 0.0
[2026-02-17 11:15:48,326] INFO: Time: 0.09443334000002324; Command Position: 0.1179224628566787; Output Position: 0.11787625861607975; Motor Current: 0.0
[2026-02-17 11:15:48,327] INFO: Time: 0.0954944790000809; Command Position: 0.1179224628566787; Output Position: 0.11787625861607975; Motor Current: 0.0
[2026-02-17 11:15:48,328] INFO: Time: 0.09655624900005932; Command Position: 0.1179224628566787; Output Position: 0.11788549946419953; Motor Current: 0.0
[2026-02-17 11:15:48,329] INFO: Time: 0.09761813000000075; Command Position: 0.1179224628566787; Output Position: 0.11786701776795996; Motor Current: -1.0
[2026-02-17 11:15:48,330] INFO: Time: 0.09867528800009495; Command Position: 0.1179224628566787; Output Position: 0.11787625861607975; Motor Current: 0.0
[2026-02-17 11:15:48,331] INFO: Time: 0.09973490900006254; Command Position: 0.1179224628566787; Output Position: 0.11787625861607975; Motor Current: 0.0
[2026-02-17 11:15:48,333] INFO: Time: 0.10079354900017279; Command Position: 0.1179224628566787; Output Position: 0.11788549946419953; Motor Current: 0.0
[2026-02-17 11:15:48,334] INFO: Time: 0.10185207800009266; Command Position: 0.1179224628566787; Output Position: 0.11787625861607975; Motor Current: 0.0
[2026-02-17 11:15:48,335] INFO: Time: 0.10294032900014827; Command Position: 0.1179224628566787; Output Position: 0.11788549946419953; Motor Current: 0.0
[2026-02-17 11:15:48,336] INFO: Time: 0.10400243200001569; Command Position: 0.1179224628566787; Output Position: 0.11787625861607975; Motor Current: 0.0
[2026-02-17 11:15:48,337] INFO: Time: 0.10506327600000986; Command Position: 0.1179224628566787; Output Position: 0.11788549946419953; Motor Current: 0.0
[2026-02-17 11:15:48,338] INFO: Time: 0.10612047100016753; Command Position: 0.1179224628566787; Output Position: 0.11787625861607975; Motor Current: 0.0
[2026-02-17 11:15:48,339] INFO: Time: 0.1075861150000037; Command Position: 0.1179224628566787; Output Position: 0.11786701776795996; Motor Current: 0.0
[2026-02-17 11:15:48,340] INFO: Time: 0.10865249600010429; Command Position: 0.1179224628566787; Output Position: 0.11786701776795996; Motor Current: 0.0
[2026-02-17 11:15:48,342] INFO: Time: 0.109715117000178; Command Position: 0.1179224628566787; Output Position: 0.11789474031231933; Motor Current: 0.0
[2026-02-17 11:15:48,343] INFO: Time: 0.11077572000021974; Command Position: 0.1179224628566787; Output Position: 0.11787625861607975; Motor Current: 1.0
[2026-02-17 11:15:48,344] INFO: Time: 0.11183569300010276; Command Position: 0.1179224628566787; Output Position: 0.11787625861607975; Motor Current: 1.0
[2026-02-17 11:15:48,345] INFO: Time: 0.11289590700016561; Command Position: 0.1179224628566787; Output Position: 0.11787625861607975; Motor Current: 2.0
[2026-02-17 11:15:48,346] INFO: Time: 0.11395575100004862; Command Position: 0.1179224628566787; Output Position: 0.11788549946419953; Motor Current: 2.0
[2026-02-17 11:15:48,347] INFO: Time: 0.11502828000016052; Command Position: 0.1179224628566787; Output Position: 0.11787625861607975; Motor Current: 2.0
[2026-02-17 11:15:48,348] INFO: Time: 0.11609158600003866; Command Position: 0.1179224628566787; Output Position: 0.11788549946419953; Motor Current: 1.0
[2026-02-17 11:15:48,349] INFO: Time: 0.11715385600018635; Command Position: 0.1179224628566787; Output Position: 0.11787625861607975; Motor Current: 0.0
[2026-02-17 11:15:48,350] INFO: Time: 0.11821195900006387; Command Position: 0.1179224628566787; Output Position: 0.11787625861607975; Motor Current: 1.0
[2026-02-17 11:15:48,351] INFO: Time: 0.11927119100005257; Command Position: 0.1179224628566787; Output Position: 0.11787625861607975; Motor Current: 1.0
[2026-02-17 11:15:48,352] INFO: Time: 0.12033084900008362; Command Position: 0.1179224628566787; Output Position: 0.11788549946419953; Motor Current: 0.0
[2026-02-17 11:15:48,353] INFO: Time: 0.12139132300012534; Command Position: 0.1179224628566787; Output Position: 0.11787625861607975; Motor Current: 0.0
[2026-02-17 11:15:48,354] INFO: Time: 0.12245129600000837; Command Position: 0.1179224628566787; Output Position: 0.11786701776795996; Motor Current: 0.0
[2026-02-17 11:15:48,355] INFO: Time: 0.12350836200016602; Command Position: 0.1179224628566787; Output Position: 0.11788549946419953; Motor Current: -1.0
[2026-02-17 11:15:48,356] INFO: Time: 0.12456727900007536; Command Position: 0.1179224628566787; Output Position: 0.11787625861607975; Motor Current: 0.0
[2026-02-17 11:15:48,357] INFO: Time: 0.12562617800017506; Command Position: 0.1179224628566787; Output Position: 0.11788549946419953; Motor Current: -1.0
[2026-02-17 11:15:48,358] INFO: Time: 0.12668748500004767; Command Position: 0.1179224628566787; Output Position: 0.11786701776795996; Motor Current: -1.0
[2026-02-17 11:15:48,360] INFO: Time: 0.12774934700019003; Command Position: 0.1179224628566787; Output Position: 0.11788549946419953; Motor Current: -1.0
[2026-02-17 11:15:48,361] INFO: Time: 0.12880793100021037; Command Position: 0.1179224628566787; Output Position: 0.11787625861607975; Motor Current: -2.0
[2026-02-17 11:15:48,362] INFO: Time: 0.12986666400001923; Command Position: 0.1179224628566787; Output Position: 0.11787625861607975; Motor Current: -3.0
[2026-02-17 11:15:48,363] INFO: Time: 0.13093704500010972; Command Position: 0.1179224628566787; Output Position: 0.11787625861607975; Motor Current: -1.0
[2026-02-17 11:15:48,364] INFO: Time: 0.13199572200005605; Command Position: 0.1179224628566787; Output Position: 0.11786701776795996; Motor Current: -2.0
[2026-02-17 11:15:48,365] INFO: Time: 0.1330556020000131; Command Position: 0.1179224628566787; Output Position: 0.11787625861607975; Motor Current: -1.0
[2026-02-17 11:15:48,366] INFO: Time: 0.13411520500017104; Command Position: 0.1179224628566787; Output Position: 0.11787625861607975; Motor Current: -1.0
[2026-02-17 11:15:48,367] INFO: Time: 0.13517216000013832; Command Position: 0.1179224628566787; Output Position: 0.11787625861607975; Motor Current: -1.0
[2026-02-17 11:15:48,368] INFO: Time: 0.13623074400015867; Command Position: 0.1179224628566787; Output Position: 0.11787625861607975; Motor Current: 0.0
[2026-02-17 11:15:48,369] INFO: Time: 0.137289328000179; Command Position: 0.1179224628566787; Output Position: 0.11787625861607975; Motor Current: 1.0
[2026-02-17 11:15:48,370] INFO: Time: 0.13834783900006187; Command Position: 0.1179224628566787; Output Position: 0.11786701776795996; Motor Current: -1.0
[2026-02-17 11:15:48,371] INFO: Time: 0.13940812700002425; Command Position: 0.1179224628566787; Output Position: 0.11787625861607975; Motor Current: 0.0
[2026-02-17 11:15:48,372] INFO: Time: 0.1404680810001082; Command Position: 0.1179224628566787; Output Position: 0.11787625861607975; Motor Current: 0.0
[2026-02-17 11:15:48,373] INFO: Time: 0.14152631400020255; Command Position: 0.1179224628566787; Output Position: 0.11788549946419953; Motor Current: -1.0
[2026-02-17 11:15:48,374] INFO: Time: 0.14258536100010133; Command Position: 0.1179224628566787; Output Position: 0.11787625861607975; Motor Current: 0.0
[2026-02-17 11:15:48,375] INFO: Time: 0.14364414900001066; Command Position: 0.1179224628566787; Output Position: 0.11787625861607975; Motor Current: 0.0
[2026-02-17 11:15:48,376] INFO: Time: 0.14470665900012136; Command Position: 0.1179224628566787; Output Position: 0.11788549946419953; Motor Current: -1.0
[2026-02-17 11:15:48,378] INFO: Time: 0.14576779900016845; Command Position: 0.1179224628566787; Output Position: 0.11787625861607975; Motor Current: 0.0
[2026-02-17 11:15:48,379] INFO: Time: 0.14682753200008847; Command Position: 0.1179224628566787; Output Position: 0.11788549946419953; Motor Current: -1.0
[2026-02-17 11:15:48,380] INFO: Time: 0.14788676400007716; Command Position: 0.1179224628566787; Output Position: 0.11787625861607975; Motor Current: -2.0
[2026-02-17 11:15:48,381] INFO: Time: 0.14894558900004995; Command Position: 0.1179224628566787; Output Position: 0.11787625861607975; Motor Current: 0.0
[2026-02-17 11:15:48,382] INFO: Time: 0.15000447000011263; Command Position: 0.1179224628566787; Output Position: 0.11787625861607975; Motor Current: -1.0
[2026-02-17 11:15:48,383] INFO: Time: 0.15107440600013433; Command Position: 0.1179224628566787; Output Position: 0.11787625861607975; Motor Current: -1.0
[2026-02-17 11:15:48,384] INFO: Time: 0.1521343980000438; Command Position: 0.1179224628566787; Output Position: 0.11787625861607975; Motor Current: -1.0
[2026-02-17 11:15:48,385] INFO: Time: 0.1531912600000851; Command Position: 0.1179224628566787; Output Position: 0.11789474031231933; Motor Current: 0.0
[2026-02-17 11:15:48,386] INFO: Time: 0.15424995500006844; Command Position: 0.1179224628566787; Output Position: 0.11787625861607975; Motor Current: 0.0
[2026-02-17 11:15:48,387] INFO: Time: 0.15530861400020513; Command Position: 0.1179224628566787; Output Position: 0.11787625861607975; Motor Current: 0.0
[2026-02-17 11:15:48,388] INFO: Time: 0.15636773500000345; Command Position: 0.1179224628566787; Output Position: 0.11786701776795996; Motor Current: 0.0
[2026-02-17 11:15:48,389] INFO: Time: 0.157428801000151; Command Position: 0.1179224628566787; Output Position: 0.11788549946419953; Motor Current: 0.0
[2026-02-17 11:15:48,390] INFO: Time: 0.1584894960001293; Command Position: 0.1179224628566787; Output Position: 0.11788549946419953; Motor Current: 0.0
[2026-02-17 11:15:48,391] INFO: Time: 0.15954797000017606; Command Position: 0.1179224628566787; Output Position: 0.11787625861607975; Motor Current: 0.0
[2026-02-17 11:15:48,392] INFO: Time: 0.16060670200022287; Command Position: 0.1179224628566787; Output Position: 0.11788549946419953; Motor Current: 0.0
[2026-02-17 11:15:48,393] INFO: Time: 0.16166547200009518; Command Position: 0.1179224628566787; Output Position: 0.11788549946419953; Motor Current: 0.0
[2026-02-17 11:15:48,394] INFO: Time: 0.16272727800014763; Command Position: 0.1179224628566787; Output Position: 0.11786701776795996; Motor Current: 0.0
[2026-02-17 11:15:48,396] INFO: Time: 0.16378799200015237; Command Position: 0.1179224628566787; Output Position: 0.11788549946419953; Motor Current: 0.0
[2026-02-17 11:15:48,397] INFO: Time: 0.16484979900019425; Command Position: 0.1179224628566787; Output Position: 0.11788549946419953; Motor Current: 0.0
[2026-02-17 11:15:48,398] INFO: Time: 0.16591001300002972; Command Position: 0.1179224628566787; Output Position: 0.11787625861607975; Motor Current: 2.0
[2026-02-17 11:15:48,399] INFO: Time: 0.16696933800017177; Command Position: 0.1179224628566787; Output Position: 0.11786701776795996; Motor Current: 1.0
[2026-02-17 11:15:48,400] INFO: Time: 0.16803064400005496; Command Position: 0.1179224628566787; Output Position: 0.11787625861607975; Motor Current: 1.0
[2026-02-17 11:15:48,401] INFO: Time: 0.16909100600014426; Command Position: 0.1179224628566787; Output Position: 0.11787625861607975; Motor Current: 1.0
[2026-02-17 11:15:48,402] INFO: Time: 0.17015123900000617; Command Position: 0.1179224628566787; Output Position: 0.11786701776795996; Motor Current: 1.0
[2026-02-17 11:15:48,403] INFO: Time: 0.17121030500015877; Command Position: 0.1179224628566787; Output Position: 0.11787625861607975; Motor Current: 0.0
[2026-02-17 11:15:48,404] INFO: Time: 0.1722688710001421; Command Position: 0.1179224628566787; Output Position: 0.11787625861607975; Motor Current: 0.0
[2026-02-17 11:15:48,405] INFO: Time: 0.17332764000002499; Command Position: 0.1179224628566787; Output Position: 0.11786701776795996; Motor Current: -2.0
[2026-02-17 11:15:48,406] INFO: Time: 0.17438629800017225; Command Position: 0.1179224628566787; Output Position: 0.11787625861607975; Motor Current: -3.0
[2026-02-17 11:15:48,407] INFO: Time: 0.17544760500004486; Command Position: 0.1179224628566787; Output Position: 0.11787625861607975; Motor Current: -1.0
[2026-02-17 11:15:48,408] INFO: Time: 0.17650800400019762; Command Position: 0.1179224628566787; Output Position: 0.11786701776795996; Motor Current: -1.0
[2026-02-17 11:15:48,409] INFO: Time: 0.1775671070001863; Command Position: 0.1179224628566787; Output Position: 0.11787625861607975; Motor Current: -2.0
[2026-02-17 11:15:48,410] INFO: Time: 0.1786268950002068; Command Position: 0.1179224628566787; Output Position: 0.11786701776795996; Motor Current: -3.0
[2026-02-17 11:15:48,411] INFO: Time: 0.17968886800008477; Command Position: 0.1179224628566787; Output Position: 0.11787625861607975; Motor Current: -3.0
[2026-02-17 11:15:48,413] INFO: Time: 0.18075702700002694; Command Position: 0.1179224628566787; Output Position: 0.11788549946419953; Motor Current: -2.0
[2026-02-17 11:15:48,414] INFO: Time: 0.18182177800008503; Command Position: 0.1179224628566787; Output Position: 0.11787625861607975; Motor Current: -1.0
[2026-02-17 11:15:48,415] INFO: Time: 0.18298940000022412; Command Position: 0.1179224628566787; Output Position: 0.11787625861607975; Motor Current: -2.0
[2026-02-17 11:15:48,416] INFO: Time: 0.1840495030000966; Command Position: 0.1179224628566787; Output Position: 0.11787625861607975; Motor Current: -1.0
[2026-02-17 11:15:48,417] INFO: Time: 0.18510932800018054; Command Position: 0.1179224628566787; Output Position: 0.11787625861607975; Motor Current: -3.0
[2026-02-17 11:15:48,418] INFO: Time: 0.18616859800022212; Command Position: 0.1179224628566787; Output Position: 0.11787625861607975; Motor Current: -2.0
[2026-02-17 11:15:48,419] INFO: Time: 0.18722896000008404; Command Position: 0.1179224628566787; Output Position: 0.11787625861607975; Motor Current: -1.0
[2026-02-17 11:15:48,420] INFO: Time: 0.18828913700008343; Command Position: 0.1179224628566787; Output Position: 0.11787625861607975; Motor Current: -2.0
[2026-02-17 11:15:48,421] INFO: Time: 0.18934659100000317; Command Position: 0.1179224628566787; Output Position: 0.11788549946419953; Motor Current: -2.0
[2026-02-17 11:15:48,422] INFO: Time: 0.19061973300017598; Command Position: 0.1179224628566787; Output Position: 0.11789474031231933; Motor Current: -1.0
[2026-02-17 11:15:48,423] INFO: Time: 0.19168174400010685; Command Position: 0.1179224628566787; Output Position: 0.11787625861607975; Motor Current: 0.0
[2026-02-17 11:15:48,425] INFO: Time: 0.19274412400000074; Command Position: 0.1179224628566787; Output Position: 0.11787625861607975; Motor Current: -1.0
[2026-02-17 11:15:48,426] INFO: Time: 0.19380485700003192; Command Position: 0.1179224628566787; Output Position: 0.11787625861607975; Motor Current: 0.0
[2026-02-17 11:15:48,427] INFO: Time: 0.19486627400010548; Command Position: 0.1179224628566787; Output Position: 0.11786701776795996; Motor Current: -1.0
[2026-02-17 11:15:48,428] INFO: Time: 0.19593934000022273; Command Position: 0.1179224628566787; Output Position: 0.11788549946419953; Motor Current: 0.0
[2026-02-17 11:15:48,429] INFO: Time: 0.1970142580000811; Command Position: 0.1179224628566787; Output Position: 0.11787625861607975; Motor Current: 0.0
[2026-02-17 11:15:48,430] INFO: Time: 0.19812606500022412; Command Position: 0.1179224628566787; Output Position: 0.11789474031231933; Motor Current: -1.0
[2026-02-17 11:15:48,431] INFO: Time: 0.19918602000007013; Command Position: 0.1179224628566787; Output Position: 0.11787625861607975; Motor Current: 0.0
[2026-02-17 11:15:48,432] INFO: Time: 0.20024591900005362; Command Position: 0.1179224628566787; Output Position: 0.11789474031231933; Motor Current: 0.0
[2026-02-17 11:15:48,433] INFO: Time: 0.20143069000005198; Command Position: 0.1179224628566787; Output Position: 0.11786701776795996; Motor Current: 0.0
[2026-02-17 11:15:48,434] INFO: Time: 0.20249047800007247; Command Position: 0.1179224628566787; Output Position: 0.11788549946419953; Motor Current: 0.0
[2026-02-17 11:15:48,435] INFO: Time: 0.20355030300015642; Command Position: 0.1179224628566787; Output Position: 0.11787625861607975; Motor Current: 0.0
[2026-02-17 11:15:48,436] INFO: Time: 0.20460922100005519; Command Position: 0.1179224628566787; Output Position: 0.11786701776795996; Motor Current: -1.0
[2026-02-17 11:15:48,437] INFO: Time: 0.20566976800000702; Command Position: 0.1179224628566787; Output Position: 0.11787625861607975; Motor Current: 0.0
[2026-02-17 11:15:48,438] INFO: Time: 0.20673133400009647; Command Position: 0.1179224628566787; Output Position: 0.11787625861607975; Motor Current: 0.0
[2026-02-17 11:15:48,440] INFO: Time: 0.2077905290000217; Command Position: 0.1179224628566787; Output Position: 0.11787625861607975; Motor Current: 0.0
[2026-02-17 11:15:48,441] INFO: Time: 0.2088500390000263; Command Position: 0.1179224628566787; Output Position: 0.11786701776795996; Motor Current: 1.0
[2026-02-17 11:15:48,442] INFO: Time: 0.20990888300002553; Command Position: 0.1179224628566787; Output Position: 0.11787625861607975; Motor Current: 0.0
[2026-02-17 11:15:48,443] INFO: Time: 0.21096696700010398; Command Position: 0.1179224628566787; Output Position: 0.11787625861607975; Motor Current: 2.0
[2026-02-17 11:15:48,444] INFO: Time: 0.21203412600016236; Command Position: 0.1179224628566787; Output Position: 0.11786701776795996; Motor Current: 3.0
[2026-02-17 11:15:48,445] INFO: Time: 0.21309395100001893; Command Position: 0.1179224628566787; Output Position: 0.11787625861607975; Motor Current: 3.0
[2026-02-17 11:15:48,446] INFO: Time: 0.21415081300006023; Command Position: 0.1179224628566787; Output Position: 0.11787625861607975; Motor Current: 3.0
[2026-02-17 11:15:48,447] INFO: Time: 0.21521017500003836; Command Position: 0.1179224628566787; Output Position: 0.11786701776795996; Motor Current: 2.0
[2026-02-17 11:15:48,448] INFO: Time: 0.21626888900004815; Command Position: 0.1179224628566787; Output Position: 0.11787625861607975; Motor Current: 1.0
[2026-02-17 11:15:48,449] INFO: Time: 0.21732812100003684; Command Position: 0.1179224628566787; Output Position: 0.11787625861607975; Motor Current: 2.0
[2026-02-17 11:15:48,450] INFO: Time: 0.21838974300021619; Command Position: 0.1179224628566787; Output Position: 0.11786701776795996; Motor Current: 1.0
[2026-02-17 11:15:48,451] INFO: Time: 0.2194495310000093; Command Position: 0.1179224628566787; Output Position: 0.11787625861607975; Motor Current: 1.0
[2026-02-17 11:15:48,452] INFO: Time: 0.2205073000000084; Command Position: 0.1179224628566787; Output Position: 0.11787625861607975; Motor Current: 0.0
[2026-02-17 11:15:48,453] INFO: Time: 0.22156651400018745; Command Position: 0.1179224628566787; Output Position: 0.11787625861607975; Motor Current: 0.0
[2026-02-17 11:15:48,454] INFO: Time: 0.22262539500002276; Command Position: 0.1179224628566787; Output Position: 0.11787625861607975; Motor Current: 0.0
[2026-02-17 11:15:48,455] INFO: Time: 0.22368592400016496; Command Position: 0.1179224628566787; Output Position: 0.11787625861607975; Motor Current: 0.0
[2026-02-17 11:15:48,457] INFO: Time: 0.2247477120001804; Command Position: 0.1179224628566787; Output Position: 0.11785777691984016; Motor Current: 0.0
[2026-02-17 11:15:48,458] INFO: Time: 0.2258069440001691; Command Position: 0.1179224628566787; Output Position: 0.11788549946419953; Motor Current: 0.0
[2026-02-17 11:15:48,459] INFO: Time: 0.22686595400000442; Command Position: 0.1179224628566787; Output Position: 0.11788549946419953; Motor Current: 0.0
[2026-02-17 11:15:48,460] INFO: Time: 0.22794090900015362; Command Position: 0.1179224628566787; Output Position: 0.11787625861607975; Motor Current: -1.0
[2026-02-17 11:15:48,461] INFO: Time: 0.22899953099999948; Command Position: 0.1179224628566787; Output Position: 0.11786701776795996; Motor Current: -4.0
[2026-02-17 11:15:48,462] INFO: Time: 0.2300604110000677; Command Position: 0.1179224628566787; Output Position: 0.11787625861607975; Motor Current: -3.0
[2026-02-17 11:15:48,463] INFO: Time: 0.23112005100006172; Command Position: 0.1179224628566787; Output Position: 0.11787625861607975; Motor Current: -2.0
[2026-02-17 11:15:48,464] INFO: Time: 0.23216620900007; Command Position: 0.1179224628566787; Output Position: 0.11788549946419953; Motor Current: -3.0
[2026-02-17 11:15:48,465] INFO: Time: 0.2332249970002067; Command Position: 0.1179224628566787; Output Position: 0.11787625861607975; Motor Current: -4.0
[2026-02-17 11:15:48,466] INFO: Time: 0.23428367400015304; Command Position: 0.1179224628566787; Output Position: 0.11788549946419953; Motor Current: -3.0
[2026-02-17 11:15:48,467] INFO: Time: 0.23534255500021573; Command Position: 0.1179224628566787; Output Position: 0.11788549946419953; Motor Current: -3.0
[2026-02-17 11:15:48,468] INFO: Time: 0.23640262100002474; Command Position: 0.1179224628566787; Output Position: 0.11786701776795996; Motor Current: -2.0
[2026-02-17 11:15:48,469] INFO: Time: 0.23746231600011924; Command Position: 0.1179224628566787; Output Position: 0.11787625861607975; Motor Current: -1.0
[2026-02-17 11:15:48,470] INFO: Time: 0.23852173400018728; Command Position: 0.1179224628566787; Output Position: 0.11787625861607975; Motor Current: -2.0
[2026-02-17 11:15:48,471] INFO: Time: 0.2395803370000067; Command Position: 0.1179224628566787; Output Position: 0.11787625861607975; Motor Current: -2.0
[2026-02-17 11:15:48,472] INFO: Time: 0.24063894000005348; Command Position: 0.1179224628566787; Output Position: 0.11787625861607975; Motor Current: 0.0
[2026-02-17 11:15:48,473] INFO: Time: 0.24169894999999997; Command Position: 0.1179224628566787; Output Position: 0.11786701776795996; Motor Current: 0.0
[2026-02-17 11:15:48,475] INFO: Time: 0.24276020100001006; Command Position: 0.1179224628566787; Output Position: 0.11787625861607975; Motor Current: -1.0
[2026-02-17 11:15:48,476] INFO: Time: 0.24380332200007615; Command Position: 0.1179224628566787; Output Position: 0.11787625861607975; Motor Current: 0.0
[2026-02-17 11:15:48,477] INFO: Time: 0.24486435100016024; Command Position: 0.1179224628566787; Output Position: 0.11788549946419953; Motor Current: 0.0
[2026-02-17 11:15:48,478] INFO: Time: 0.24593980600002396; Command Position: 0.1179224628566787; Output Position: 0.11787625861607975; Motor Current: 0.0
[2026-02-17 11:15:48,479] INFO: Time: 0.24699903800001266; Command Position: 0.1179224628566787; Output Position: 0.11787625861607975; Motor Current: -1.0
[2026-02-17 11:15:48,480] INFO: Time: 0.24805866000019705; Command Position: 0.1179224628566787; Output Position: 0.11789474031231933; Motor Current: -1.0
[2026-02-17 11:15:48,481] INFO: Time: 0.24913607700000284; Command Position: 0.1179224628566787; Output Position: 0.11786701776795996; Motor Current: -1.0
[2026-02-17 11:15:48,482] INFO: Time: 0.25019519900001796; Command Position: 0.1179224628566787; Output Position: 0.11787625861607975; Motor Current: -1.0
[2026-02-17 11:15:48,483] INFO: Time: 0.251254413000197; Command Position: 0.1179224628566787; Output Position: 0.11787625861607975; Motor Current: -1.0
[2026-02-17 11:15:48,484] INFO: Time: 0.25231294100012747; Command Position: 0.1179224628566787; Output Position: 0.11787625861607975; Motor Current: 0.0
[2026-02-17 11:15:48,485] INFO: Time: 0.25337152600013724; Command Position: 0.1179224628566787; Output Position: 0.11788549946419953; Motor Current: 0.0
[2026-02-17 11:15:48,486] INFO: Time: 0.25443240600020545; Command Position: 0.1179224628566787; Output Position: 0.11787625861607975; Motor Current: 0.0
[2026-02-17 11:15:48,487] INFO: Time: 0.2554931760000727; Command Position: 0.1179224628566787; Output Position: 0.11787625861607975; Motor Current: 0.0
[2026-02-17 11:15:48,488] INFO: Time: 0.256550242000003; Command Position: 0.1179224628566787; Output Position: 0.11788549946419953; Motor Current: 0.0
[2026-02-17 11:15:48,489] INFO: Time: 0.25760956700014503; Command Position: 0.1179224628566787; Output Position: 0.11787625861607975; Motor Current: 1.0
[2026-02-17 11:15:48,490] INFO: Time: 0.2586751880000975; Command Position: 0.1179224628566787; Output Position: 0.11786701776795996; Motor Current: 2.0
[2026-02-17 11:15:48,492] INFO: Time: 0.25973508700008097; Command Position: 0.1179224628566787; Output Position: 0.11787625861607975; Motor Current: 2.0
[2026-02-17 11:15:48,493] INFO: Time: 0.26079520900020725; Command Position: 0.1179224628566787; Output Position: 0.11787625861607975; Motor Current: 2.0
[2026-02-17 11:15:48,494] INFO: Time: 0.2618550710001273; Command Position: 0.1179224628566787; Output Position: 0.11787625861607975; Motor Current: 1.0
[2026-02-17 11:15:48,495] INFO: Time: 0.2629153770001267; Command Position: 0.1179224628566787; Output Position: 0.11788549946419953; Motor Current: 2.0
[2026-02-17 11:15:48,496] INFO: Time: 0.26398016500002086; Command Position: 0.1179224628566787; Output Position: 0.11787625861607975; Motor Current: 2.0
[2026-02-17 11:15:48,497] INFO: Time: 0.26503875000003063; Command Position: 0.1179224628566787; Output Position: 0.11787625861607975; Motor Current: 1.0
[2026-02-17 11:15:48,498] INFO: Time: 0.26609935300007237; Command Position: 0.1179224628566787; Output Position: 0.11786701776795996; Motor Current: 0.0
[2026-02-17 11:15:48,499] INFO: Time: 0.2671654930002205; Command Position: 0.1179224628566787; Output Position: 0.11786701776795996; Motor Current: 0.0
[2026-02-17 11:15:48,500] INFO: Time: 0.26822648400002436; Command Position: 0.1179224628566787; Output Position: 0.11786701776795996; Motor Current: 0.0
[2026-02-17 11:15:48,501] INFO: Time: 0.2692865690000872; Command Position: 0.1179224628566787; Output Position: 0.11786701776795996; Motor Current: 0.0
[2026-02-17 11:15:48,502] INFO: Time: 0.27034600500019224; Command Position: 0.1179224628566787; Output Position: 0.11788549946419953; Motor Current: -1.0
[2026-02-17 11:15:48,503] INFO: Time: 0.2714051080001809; Command Position: 0.1179224628566787; Output Position: 0.11787625861607975; Motor Current: -1.0
[2026-02-17 11:15:48,504] INFO: Time: 0.27246604400011165; Command Position: 0.1179224628566787; Output Position: 0.11786701776795996; Motor Current: -2.0
[2026-02-17 11:15:48,505] INFO: Time: 0.27352679500017985; Command Position: 0.1179224628566787; Output Position: 0.11786701776795996; Motor Current: -3.0
[2026-02-17 11:15:48,506] INFO: Time: 0.2745852680000098; Command Position: 0.1179224628566787; Output Position: 0.11787625861607975; Motor Current: -3.0
[2026-02-17 11:15:48,507] INFO: Time: 0.27564548200007266; Command Position: 0.1179224628566787; Output Position: 0.11786701776795996; Motor Current: -2.0
[2026-02-17 11:15:48,508] INFO: Time: 0.2767045660000349; Command Position: 0.1179224628566787; Output Position: 0.11787625861607975; Motor Current: -4.0
[2026-02-17 11:15:48,510] INFO: Time: 0.2777662620001138; Command Position: 0.1179224628566787; Output Position: 0.11786701776795996; Motor Current: -3.0
[2026-02-17 11:15:48,511] INFO: Time: 0.27882671700012907; Command Position: 0.1179224628566787; Output Position: 0.11787625861607975; Motor Current: -1.0
[2026-02-17 11:15:48,512] INFO: Time: 0.2798860970001442; Command Position: 0.1179224628566787; Output Position: 0.11786701776795996; Motor Current: -2.0
[2026-02-17 11:15:48,513] INFO: Time: 0.28094568100004835; Command Position: 0.1179224628566787; Output Position: 0.11789474031231933; Motor Current: 0.0
[2026-02-17 11:15:48,514] INFO: Time: 0.2820049320000635; Command Position: 0.1179224628566787; Output Position: 0.11787625861607975; Motor Current: -2.0
[2026-02-17 11:15:48,515] INFO: Time: 0.2830638320001526; Command Position: 0.1179224628566787; Output Position: 0.11788549946419953; Motor Current: 0.0
[2026-02-17 11:15:48,516] INFO: Time: 0.28412443400020493; Command Position: 0.1179224628566787; Output Position: 0.11787625861607975; Motor Current: 0.0
[2026-02-17 11:15:48,517] INFO: Time: 0.2851845190000404; Command Position: 0.1179224628566787; Output Position: 0.11786701776795996; Motor Current: -1.0
[2026-02-17 11:15:48,518] INFO: Time: 0.28624401000001853; Command Position: 0.1179224628566787; Output Position: 0.11788549946419953; Motor Current: -3.0
[2026-02-17 11:15:48,519] INFO: Time: 0.2873030950001976; Command Position: 0.1179224628566787; Output Position: 0.11786701776795996; Motor Current: -2.0
[2026-02-17 11:15:48,520] INFO: Time: 0.2883618830001069; Command Position: 0.1179224628566787; Output Position: 0.11787625861607975; Motor Current: -2.0
[2026-02-17 11:15:48,521] INFO: Time: 0.2894204860001537; Command Position: 0.1179224628566787; Output Position: 0.11786701776795996; Motor Current: -1.0
[2026-02-17 11:15:48,522] INFO: Time: 0.290481070000169; Command Position: 0.1179224628566787; Output Position: 0.11786701776795996; Motor Current: 0.0
[2026-02-17 11:15:48,523] INFO: Time: 0.2915408580001895; Command Position: 0.1179224628566787; Output Position: 0.11786701776795996; Motor Current: -1.0
[2026-02-17 11:15:48,524] INFO: Time: 0.29259888700016745; Command Position: 0.1179224628566787; Output Position: 0.11787625861607975; Motor Current: -1.0
[2026-02-17 11:15:48,525] INFO: Time: 0.29365760100017724; Command Position: 0.1179224628566787; Output Position: 0.11788549946419953; Motor Current: 0.0
[2026-02-17 11:15:48,526] INFO: Time: 0.29471650000004956; Command Position: 0.1179224628566787; Output Position: 0.11788549946419953; Motor Current: 0.0
[2026-02-17 11:15:48,528] INFO: Time: 0.29577939900013916; Command Position: 0.1179224628566787; Output Position: 0.11788549946419953; Motor Current: 0.0
[2026-02-17 11:15:48,529] INFO: Time: 0.29684098300003825; Command Position: 0.1179224628566787; Output Position: 0.11787625861607975; Motor Current: -1.0
[2026-02-17 11:15:48,530] INFO: Time: 0.2979008460001751; Command Position: 0.1179224628566787; Output Position: 0.11787625861607975; Motor Current: -3.0
[2026-02-17 11:15:48,531] INFO: Time: 0.2989594300001954; Command Position: 0.1179224628566787; Output Position: 0.11787625861607975; Motor Current: -2.0
[2026-02-17 11:15:48,532] INFO: Time: 0.3000181440002052; Command Position: 0.1179224628566787; Output Position: 0.11786701776795996; Motor Current: -2.0
[2026-02-17 11:15:48,533] INFO: Time: 0.3010831170001893; Command Position: 0.1179224628566787; Output Position: 0.11787625861607975; Motor Current: -1.0
[2026-02-17 11:15:48,534] INFO: Time: 0.3021438680000301; Command Position: 0.1179224628566787; Output Position: 0.11787625861607975; Motor Current: 0.0
[2026-02-17 11:15:48,535] INFO: Time: 0.30320456399999784; Command Position: 0.1179224628566787; Output Position: 0.11787625861607975; Motor Current: 1.0
[2026-02-17 11:15:48,536] INFO: Time: 0.3042627590000393; Command Position: 0.1179224628566787; Output Position: 0.11787625861607975; Motor Current: 1.0
[2026-02-17 11:15:48,537] INFO: Time: 0.3053217140000015; Command Position: 0.1179224628566787; Output Position: 0.11786701776795996; Motor Current: 0.0
[2026-02-17 11:15:48,538] INFO: Time: 0.3063809830000537; Command Position: 0.1179224628566787; Output Position: 0.11788549946419953; Motor Current: 0.0
[2026-02-17 11:15:48,539] INFO: Time: 0.30743969700006346; Command Position: 0.1179224628566787; Output Position: 0.11786701776795996; Motor Current: 1.0
[2026-02-17 11:15:48,540] INFO: Time: 0.3085019850000208; Command Position: 0.1179224628566787; Output Position: 0.11786701776795996; Motor Current: 1.0
[2026-02-17 11:15:48,541] INFO: Time: 0.309562625000126; Command Position: 0.1179224628566787; Output Position: 0.11788549946419953; Motor Current: 0.0
[2026-02-17 11:15:48,542] INFO: Time: 0.31062098700022034; Command Position: 0.1179224628566787; Output Position: 0.11786701776795996; Motor Current: 0.0
[2026-02-17 11:15:48,543] INFO: Time: 0.31168094200006635; Command Position: 0.1179224628566787; Output Position: 0.11787625861607975; Motor Current: 0.0
[2026-02-17 11:15:48,544] INFO: Time: 0.31274023000014495; Command Position: 0.1179224628566787; Output Position: 0.11787625861607975; Motor Current: 1.0
[2026-02-17 11:15:48,546] INFO: Time: 0.3138028700000177; Command Position: 0.1179224628566787; Output Position: 0.11787625861607975; Motor Current: 2.0
[2026-02-17 11:15:48,547] INFO: Time: 0.31486438000001726; Command Position: 0.1179224628566787; Output Position: 0.11788549946419953; Motor Current: 1.0
[2026-02-17 11:15:48,548] INFO: Time: 0.315942798000151; Command Position: 0.1179224628566787; Output Position: 0.11787625861607975; Motor Current: 0.0
[2026-02-17 11:15:48,549] INFO: Time: 0.31700225300005513; Command Position: 0.1179224628566787; Output Position: 0.11786701776795996; Motor Current: -1.0
[2026-02-17 11:15:48,550] INFO: Time: 0.3180612260000544; Command Position: 0.1179224628566787; Output Position: 0.11787625861607975; Motor Current: -1.0
[2026-02-17 11:15:48,551] INFO: Time: 0.3191200690000642; Command Position: 0.1179224628566787; Output Position: 0.11786701776795996; Motor Current: 0.0
[2026-02-17 11:15:48,552] INFO: Time: 0.3201812830000108; Command Position: 0.1179224628566787; Output Position: 0.11787625861607975; Motor Current: 0.0
[2026-02-17 11:15:48,553] INFO: Time: 0.3212425340000209; Command Position: 0.1179224628566787; Output Position: 0.11787625861607975; Motor Current: 0.0
[2026-02-17 11:15:48,554] INFO: Time: 0.3223014710001735; Command Position: 0.1179224628566787; Output Position: 0.11786701776795996; Motor Current: 0.0
[2026-02-17 11:15:48,555] INFO: Time: 0.32336068400013573; Command Position: 0.1179224628566787; Output Position: 0.11787625861607975; Motor Current: -1.0
[2026-02-17 11:15:48,556] INFO: Time: 0.3244198980000874; Command Position: 0.1179224628566787; Output Position: 0.11787625861607975; Motor Current: 0.0
[2026-02-17 11:15:48,557] INFO: Time: 0.325478946000203; Command Position: 0.1179224628566787; Output Position: 0.11786701776795996; Motor Current: 0.0
[2026-02-17 11:15:48,558] INFO: Time: 0.3265393450001284; Command Position: 0.1179224628566787; Output Position: 0.11787625861607975; Motor Current: -1.0
[2026-02-17 11:15:48,559] INFO: Time: 0.32760020700015957; Command Position: 0.1179224628566787; Output Position: 0.11786701776795996; Motor Current: -2.0
[2026-02-17 11:15:48,560] INFO: Time: 0.32865847600010056; Command Position: 0.1179224628566787; Output Position: 0.11787625861607975; Motor Current: -3.0
[2026-02-17 11:15:48,561] INFO: Time: 0.3297179500000311; Command Position: 0.1179224628566787; Output Position: 0.11787625861607975; Motor Current: -2.0
[2026-02-17 11:15:48,563] INFO: Time: 0.3307774410000093; Command Position: 0.1179224628566787; Output Position: 0.11787625861607975; Motor Current: -1.0
[2026-02-17 11:15:48,564] INFO: Time: 0.33183847000009337; Command Position: 0.1179224628566787; Output Position: 0.11787625861607975; Motor Current: -1.0
[2026-02-17 11:15:48,565] INFO: Time: 0.3328999250002198; Command Position: 0.1179224628566787; Output Position: 0.11787625861607975; Motor Current: -2.0
[2026-02-17 11:15:48,566] INFO: Time: 0.3339594720000605; Command Position: 0.1179224628566787; Output Position: 0.11786701776795996; Motor Current: -1.0
[2026-02-17 11:15:48,567] INFO: Time: 0.3350187790001655; Command Position: 0.1179224628566787; Output Position: 0.11788549946419953; Motor Current: 0.0
[2026-02-17 11:15:48,568] INFO: Time: 0.33608449300004395; Command Position: 0.1179224628566787; Output Position: 0.11787625861607975; Motor Current: 0.0
[2026-02-17 11:15:48,569] INFO: Time: 0.3371480960001918; Command Position: 0.1179224628566787; Output Position: 0.11787625861607975; Motor Current: 0.0
[2026-02-17 11:15:48,570] INFO: Time: 0.33820938400003797; Command Position: 0.1179224628566787; Output Position: 0.11787625861607975; Motor Current: -1.0
[2026-02-17 11:15:48,571] INFO: Time: 0.3392767090001598; Command Position: 0.1179224628566787; Output Position: 0.11788549946419953; Motor Current: 0.0
[2026-02-17 11:15:48,572] INFO: Time: 0.34033803400006946; Command Position: 0.1179224628566787; Output Position: 0.11786701776795996; Motor Current: 0.0
[2026-02-17 11:15:48,573] INFO: Time: 0.34139828500019576; Command Position: 0.1179224628566787; Output Position: 0.11788549946419953; Motor Current: 0.0
[2026-02-17 11:15:48,574] INFO: Time: 0.34245777700016333; Command Position: 0.1179224628566787; Output Position: 0.11788549946419953; Motor Current: 0.0
[2026-02-17 11:15:48,575] INFO: Time: 0.34351702800017847; Command Position: 0.1179224628566787; Output Position: 0.11786701776795996; Motor Current: 0.0
[2026-02-17 11:15:48,576] INFO: Time: 0.3445861490001789; Command Position: 0.1179224628566787; Output Position: 0.11787625861607975; Motor Current: -1.0
[2026-02-17 11:15:48,577] INFO: Time: 0.3456509370000731; Command Position: 0.1179224628566787; Output Position: 0.11788549946419953; Motor Current: 0.0
[2026-02-17 11:15:48,578] INFO: Time: 0.34671222500014665; Command Position: 0.1179224628566787; Output Position: 0.11786701776795996; Motor Current: 1.0
[2026-02-17 11:15:48,580] INFO: Time: 0.34777251300010903; Command Position: 0.1179224628566787; Output Position: 0.11786701776795996; Motor Current: 0.0
[2026-02-17 11:15:48,581] INFO: Time: 0.3488326160002089; Command Position: 0.1179224628566787; Output Position: 0.11787625861607975; Motor Current: 0.0
[2026-02-17 11:15:48,582] INFO: Time: 0.3498929600000338; Command Position: 0.1179224628566787; Output Position: 0.11785777691984016; Motor Current: 0.0
[2026-02-17 11:15:48,583] INFO: Time: 0.35095363700020243; Command Position: 0.1179224628566787; Output Position: 0.11787625861607975; Motor Current: 1.0
[2026-02-17 11:15:48,584] INFO: Time: 0.3520136840002124; Command Position: 0.1179224628566787; Output Position: 0.11787625861607975; Motor Current: 1.0
[2026-02-17 11:15:48,585] INFO: Time: 0.35308145400017565; Command Position: 0.1179224628566787; Output Position: 0.11785777691984016; Motor Current: 2.0
[2026-02-17 11:15:48,586] INFO: Time: 0.35419137200005935; Command Position: 0.1179224628566787; Output Position: 0.11788549946419953; Motor Current: 0.0
[2026-02-17 11:15:48,587] INFO: Time: 0.35525162300018565; Command Position: 0.1179224628566787; Output Position: 0.11786701776795996; Motor Current: 0.0
[2026-02-17 11:15:48,588] INFO: Time: 0.35631124400015324; Command Position: 0.1179224628566787; Output Position: 0.11786701776795996; Motor Current: 1.0
[2026-02-17 11:15:48,589] INFO: Time: 0.35737177300006806; Command Position: 0.1179224628566787; Output Position: 0.11786701776795996; Motor Current: 0.0
[2026-02-17 11:15:48,590] INFO: Time: 0.3584321530001944; Command Position: 0.1179224628566787; Output Position: 0.11786701776795996; Motor Current: 0.0
[2026-02-17 11:15:48,591] INFO: Time: 0.35949157100003504; Command Position: 0.1179224628566787; Output Position: 0.11786701776795996; Motor Current: 0.0
[2026-02-17 11:15:48,592] INFO: Time: 0.3605503220001083; Command Position: 0.1179224628566787; Output Position: 0.11788549946419953; Motor Current: -1.0
[2026-02-17 11:15:48,593] INFO: Time: 0.3616093510001974; Command Position: 0.1179224628566787; Output Position: 0.11788549946419953; Motor Current: 0.0
[2026-02-17 11:15:48,594] INFO: Time: 0.3626708240001335; Command Position: 0.1179224628566787; Output Position: 0.11786701776795996; Motor Current: 1.0
[2026-02-17 11:15:48,595] INFO: Time: 0.3637319640001806; Command Position: 0.1179224628566787; Output Position: 0.11787625861607975; Motor Current: 1.0
[2026-02-17 11:15:48,597] INFO: Time: 0.3647915110000213; Command Position: 0.1179224628566787; Output Position: 0.11786701776795996; Motor Current: 1.0
[2026-02-17 11:15:48,598] INFO: Time: 0.36584989200014206; Command Position: 0.1179224628566787; Output Position: 0.11788549946419953; Motor Current: 2.0
[2026-02-17 11:15:48,599] INFO: Time: 0.3669094580000092; Command Position: 0.1179224628566787; Output Position: 0.11786701776795996; Motor Current: 1.0
[2026-02-17 11:15:48,600] INFO: Time: 0.3679685790000349; Command Position: 0.1179224628566787; Output Position: 0.11787625861607975; Motor Current: 1.0
[2026-02-17 11:15:48,601] INFO: Time: 0.3690304780000133; Command Position: 0.1179224628566787; Output Position: 0.11787625861607975; Motor Current: 1.0
[2026-02-17 11:15:48,602] INFO: Time: 0.37009126600014497; Command Position: 0.1179224628566787; Output Position: 0.11786701776795996; Motor Current: 1.0
[2026-02-17 11:15:48,603] INFO: Time: 0.37115064700014955; Command Position: 0.1179224628566787; Output Position: 0.11788549946419953; Motor Current: 0.0
[2026-02-17 11:15:48,604] INFO: Time: 0.3722091020001699; Command Position: 0.1179224628566787; Output Position: 0.11788549946419953; Motor Current: 0.0
[2026-02-17 11:15:48,605] INFO: Time: 0.37326785300001575; Command Position: 0.1179224628566787; Output Position: 0.11786701776795996; Motor Current: -1.0
[2026-02-17 11:15:48,606] INFO: Time: 0.374326604000089; Command Position: 0.1179224628566787; Output Position: 0.11786701776795996; Motor Current: -1.0
[2026-02-17 11:15:48,607] INFO: Time: 0.37538739200022064; Command Position: 0.1179224628566787; Output Position: 0.11786701776795996; Motor Current: 0.0
[2026-02-17 11:15:48,608] INFO: Time: 0.376447791000146; Command Position: 0.1179224628566787; Output Position: 0.11787625861607975; Motor Current: 0.0
[2026-02-17 11:15:48,609] INFO: Time: 0.37750687500010827; Command Position: 0.1179224628566787; Output Position: 0.11787625861607975; Motor Current: -1.0
[2026-02-17 11:15:48,610] INFO: Time: 0.37856581100004405; Command Position: 0.1179224628566787; Output Position: 0.11787625861607975; Motor Current: -1.0
[2026-02-17 11:15:48,611] INFO: Time: 0.3796247660000063; Command Position: 0.1179224628566787; Output Position: 0.11787625861607975; Motor Current: -2.0
[2026-02-17 11:15:48,612] INFO: Time: 0.38068549800004803; Command Position: 0.1179224628566787; Output Position: 0.11786701776795996; Motor Current: 0.0
[2026-02-17 11:15:48,614] INFO: Time: 0.381747027000074; Command Position: 0.1179224628566787; Output Position: 0.11786701776795996; Motor Current: 0.0
[2026-02-17 11:15:48,615] INFO: Time: 0.38280637100001513; Command Position: 0.1179224628566787; Output Position: 0.11787625861607975; Motor Current: 0.0
[2026-02-17 11:15:48,616] INFO: Time: 0.3838646220001465; Command Position: 0.1179224628566787; Output Position: 0.11788549946419953; Motor Current: 0.0
[2026-02-17 11:15:48,617] INFO: Time: 0.3849244650000401; Command Position: 0.1179224628566787; Output Position: 0.11786701776795996; Motor Current: 0.0
[2026-02-17 11:15:48,618] INFO: Time: 0.38598334600010276; Command Position: 0.1179224628566787; Output Position: 0.11787625861607975; Motor Current: -1.0
[2026-02-17 11:15:48,619] INFO: Time: 0.38704476400016574; Command Position: 0.1179224628566787; Output Position: 0.11787625861607975; Motor Current: 0.0
[2026-02-17 11:15:48,620] INFO: Time: 0.3881057000000965; Command Position: 0.1179224628566787; Output Position: 0.11786701776795996; Motor Current: 0.0
[2026-02-17 11:15:48,621] INFO: Time: 0.38916402500012737; Command Position: 0.1179224628566787; Output Position: 0.11787625861607975; Motor Current: 0.0
[2026-02-17 11:15:48,622] INFO: Time: 0.39022323900007905; Command Position: 0.1179224628566787; Output Position: 0.11787625861607975; Motor Current: -1.0
[2026-02-17 11:15:48,623] INFO: Time: 0.39128208200008885; Command Position: 0.1179224628566787; Output Position: 0.11788549946419953; Motor Current: -2.0
[2026-02-17 11:15:48,624] INFO: Time: 0.39234101900001406; Command Position: 0.1179224628566787; Output Position: 0.11786701776795996; Motor Current: -1.0
[2026-02-17 11:15:48,625] INFO: Time: 0.3934016960001827; Command Position: 0.1179224628566787; Output Position: 0.11787625861607975; Motor Current: -1.0
[2026-02-17 11:15:48,626] INFO: Time: 0.39446202100020855; Command Position: 0.1179224628566787; Output Position: 0.11787625861607975; Motor Current: 0.0
[2026-02-17 11:15:48,627] INFO: Time: 0.39552806800020335; Command Position: 0.1179224628566787; Output Position: 0.11787625861607975; Motor Current: 0.0
[2026-02-17 11:15:48,628] INFO: Time: 0.39659004100008133; Command Position: 0.1179224628566787; Output Position: 0.11788549946419953; Motor Current: 0.0
[2026-02-17 11:15:48,629] INFO: Time: 0.3976496070001758; Command Position: 0.1179224628566787; Output Position: 0.11787625861607975; Motor Current: 0.0
[2026-02-17 11:15:48,630] INFO: Time: 0.3987127650000275; Command Position: 0.1179224628566787; Output Position: 0.11787625861607975; Motor Current: 0.0
[2026-02-17 11:15:48,632] INFO: Time: 0.3997746460001963; Command Position: 0.1179224628566787; Output Position: 0.11786701776795996; Motor Current: 1.0
[2026-02-17 11:15:48,633] INFO: Time: 0.4008339900001374; Command Position: 0.1179224628566787; Output Position: 0.11786701776795996; Motor Current: 1.0
[2026-02-17 11:15:48,634] INFO: Time: 0.4018925370000943; Command Position: 0.1179224628566787; Output Position: 0.11785777691984016; Motor Current: 0.0
[2026-02-17 11:15:48,635] INFO: Time: 0.40295228800005134; Command Position: 0.1179224628566787; Output Position: 0.11787625861607975; Motor Current: 0.0
[2026-02-17 11:15:48,636] INFO: Time: 0.40401113200005057; Command Position: 0.1179224628566787; Output Position: 0.11787625861607975; Motor Current: 0.0
[2026-02-17 11:15:48,637] INFO: Time: 0.40507171600006586; Command Position: 0.1179224628566787; Output Position: 0.11788549946419953; Motor Current: 0.0
[2026-02-17 11:15:48,638] INFO: Time: 0.4061326150001605; Command Position: 0.1179224628566787; Output Position: 0.11788549946419953; Motor Current: 0.0
[2026-02-17 11:15:48,639] INFO: Time: 0.40719186600017565; Command Position: 0.1179224628566787; Output Position: 0.11788549946419953; Motor Current: 0.0
[2026-02-17 11:15:48,640] INFO: Time: 0.40825069100014844; Command Position: 0.1179224628566787; Output Position: 0.11787625861607975; Motor Current: 0.0
[2026-02-17 11:15:48,641] INFO: Time: 0.40930959000002076; Command Position: 0.1179224628566787; Output Position: 0.11786701776795996; Motor Current: 0.0
[2026-02-17 11:15:48,642] INFO: Time: 0.41036836000012045; Command Position: 0.1179224628566787; Output Position: 0.11788549946419953; Motor Current: 0.0
[2026-02-17 11:15:48,643] INFO: Time: 0.4114287400000194; Command Position: 0.1179224628566787; Output Position: 0.11786701776795996; Motor Current: 0.0
[2026-02-17 11:15:48,644] INFO: Time: 0.4124952880001729; Command Position: 0.1179224628566787; Output Position: 0.11787625861607975; Motor Current: 1.0
[2026-02-17 11:15:48,645] INFO: Time: 0.41355913100005637; Command Position: 0.1179224628566787; Output Position: 0.11787625861607975; Motor Current: 1.0
[2026-02-17 11:15:48,646] INFO: Time: 0.4146191050001562; Command Position: 0.1179224628566787; Output Position: 0.11787625861607975; Motor Current: 1.0
[2026-02-17 11:15:48,647] INFO: Time: 0.4156790590000128; Command Position: 0.1179224628566787; Output Position: 0.11788549946419953; Motor Current: 2.0
[2026-02-17 11:15:48,649] INFO: Time: 0.41674384700013434; Command Position: 0.1179224628566787; Output Position: 0.11786701776795996; Motor Current: 1.0
[2026-02-17 11:15:48,650] INFO: Time: 0.41780522800013387; Command Position: 0.1179224628566787; Output Position: 0.11786701776795996; Motor Current: 0.0
[2026-02-17 11:15:48,651] INFO: Time: 0.4188667380001334; Command Position: 0.1179224628566787; Output Position: 0.11787625861607975; Motor Current: 1.0
[2026-02-17 11:15:48,652] INFO: Time: 0.42001928600006977; Command Position: 0.1179224628566787; Output Position: 0.11786701776795996; Motor Current: 0.0
[2026-02-17 11:15:48,653] INFO: Time: 0.4211256860000958; Command Position: 0.1179224628566787; Output Position: 0.11788549946419953; Motor Current: 0.0
[2026-02-17 11:15:48,654] INFO: Time: 0.4223910320001778; Command Position: 0.1179224628566787; Output Position: 0.11786701776795996; Motor Current: -2.0
[2026-02-17 11:15:48,655] INFO: Time: 0.423452449000024; Command Position: 0.1179224628566787; Output Position: 0.11787625861607975; Motor Current: -3.0
[2026-02-17 11:15:48,656] INFO: Time: 0.42451221900000746; Command Position: 0.1179224628566787; Output Position: 0.11787625861607975; Motor Current: -2.0
[2026-02-17 11:15:48,657] INFO: Time: 0.4255723770002078; Command Position: 0.1179224628566787; Output Position: 0.11788549946419953; Motor Current: -2.0
[2026-02-17 11:15:48,658] INFO: Time: 0.42662972100015395; Command Position: 0.1179224628566787; Output Position: 0.11787625861607975; Motor Current: -3.0
[2026-02-17 11:15:48,659] INFO: Time: 0.427689268000222; Command Position: 0.1179224628566787; Output Position: 0.11787625861607975; Motor Current: -2.0
[2026-02-17 11:15:48,661] INFO: Time: 0.42875224100021114; Command Position: 0.1179224628566787; Output Position: 0.11787625861607975; Motor Current: -3.0
[2026-02-17 11:15:48,662] INFO: Time: 0.42981428900020546; Command Position: 0.1179224628566787; Output Position: 0.11787625861607975; Motor Current: -3.0
[2026-02-17 11:15:48,663] INFO: Time: 0.43087374300012016; Command Position: 0.1179224628566787; Output Position: 0.11788549946419953; Motor Current: -1.0
[2026-02-17 11:15:48,664] INFO: Time: 0.4319494759999998; Command Position: 0.1179224628566787; Output Position: 0.11786701776795996; Motor Current: -1.0
[2026-02-17 11:15:48,665] INFO: Time: 0.43300869000017883; Command Position: 0.1179224628566787; Output Position: 0.11786701776795996; Motor Current: -1.0
[2026-02-17 11:15:48,666] INFO: Time: 0.4340673480000987; Command Position: 0.1179224628566787; Output Position: 0.11787625861607975; Motor Current: -1.0
[2026-02-17 11:15:48,667] INFO: Time: 0.4351286550001987; Command Position: 0.1179224628566787; Output Position: 0.11786701776795996; Motor Current: -1.0
[2026-02-17 11:15:48,668] INFO: Time: 0.4361884980000923; Command Position: 0.1179224628566787; Output Position: 0.11788549946419953; Motor Current: 0.0
[2026-02-17 11:15:48,669] INFO: Time: 0.43724515700000666; Command Position: 0.1179224628566787; Output Position: 0.11787625861607975; Motor Current: 0.0
[2026-02-17 11:15:48,670] INFO: Time: 0.438303741000027; Command Position: 0.1179224628566787; Output Position: 0.11788549946419953; Motor Current: -1.0
[2026-02-17 11:15:48,671] INFO: Time: 0.43936271400002624; Command Position: 0.1179224628566787; Output Position: 0.11787625861607975; Motor Current: 0.0
[2026-02-17 11:15:48,672] INFO: Time: 0.44042144700006247; Command Position: 0.1179224628566787; Output Position: 0.11787625861607975; Motor Current: -1.0
[2026-02-17 11:15:48,673] INFO: Time: 0.44148145700000896; Command Position: 0.1179224628566787; Output Position: 0.11786701776795996; Motor Current: -2.0
[2026-02-17 11:15:48,674] INFO: Time: 0.4425413560002198; Command Position: 0.1179224628566787; Output Position: 0.11787625861607975; Motor Current: -2.0
[2026-02-17 11:15:48,675] INFO: Time: 0.44360032900021906; Command Position: 0.1179224628566787; Output Position: 0.11787625861607975; Motor Current: -1.0
[2026-02-17 11:15:48,676] INFO: Time: 0.44465919200001736; Command Position: 0.1179224628566787; Output Position: 0.11789474031231933; Motor Current: 0.0
[2026-02-17 11:15:48,677] INFO: Time: 0.44571860900009597; Command Position: 0.1179224628566787; Output Position: 0.11786701776795996; Motor Current: 0.0
[2026-02-17 11:15:48,679] INFO: Time: 0.446781620000138; Command Position: 0.1179224628566787; Output Position: 0.11788549946419953; Motor Current: 0.0
[2026-02-17 11:15:48,680] INFO: Time: 0.4478080740000223; Command Position: 0.1179224628566787; Output Position: 0.11786701776795996; Motor Current: 0.0
[2026-02-17 11:15:48,681] INFO: Time: 0.4488695470001858; Command Position: 0.1179224628566787; Output Position: 0.11788549946419953; Motor Current: 0.0
[2026-02-17 11:15:48,682] INFO: Time: 0.4499281500000052; Command Position: 0.1179224628566787; Output Position: 0.11787625861607975; Motor Current: 0.0
[2026-02-17 11:15:48,683] INFO: Time: 0.45098971600009463; Command Position: 0.1179224628566787; Output Position: 0.11786701776795996; Motor Current: 0.0
[2026-02-17 11:15:48,684] INFO: Time: 0.4520484850002049; Command Position: 0.1179224628566787; Output Position: 0.11786701776795996; Motor Current: 0.0
[2026-02-17 11:15:48,685] INFO: Time: 0.45310895900001924; Command Position: 0.1179224628566787; Output Position: 0.11789474031231933; Motor Current: 0.0
[2026-02-17 11:15:48,686] INFO: Time: 0.4541722100000243; Command Position: 0.1179224628566787; Output Position: 0.11786701776795996; Motor Current: 0.0
[2026-02-17 11:15:48,687] INFO: Time: 0.4552309420000711; Command Position: 0.1179224628566787; Output Position: 0.11787625861607975; Motor Current: 0.0
[2026-02-17 11:15:48,688] INFO: Time: 0.4562896930001443; Command Position: 0.1179224628566787; Output Position: 0.11787625861607975; Motor Current: 0.0
[2026-02-17 11:15:48,689] INFO: Time: 0.4573486110000431; Command Position: 0.1179224628566787; Output Position: 0.11787625861607975; Motor Current: 1.0
[2026-02-17 11:15:48,690] INFO: Time: 0.4584073430000899; Command Position: 0.1179224628566787; Output Position: 0.11786701776795996; Motor Current: 1.0
[2026-02-17 11:15:48,691] INFO: Time: 0.4594685020001634; Command Position: 0.1179224628566787; Output Position: 0.11787625861607975; Motor Current: 1.0
[2026-02-17 11:15:48,692] INFO: Time: 0.460527901000205; Command Position: 0.1179224628566787; Output Position: 0.11787625861607975; Motor Current: 1.0
[2026-02-17 11:15:48,693] INFO: Time: 0.46158641100009845; Command Position: 0.1179224628566787; Output Position: 0.11786701776795996; Motor Current: 1.0
[2026-02-17 11:15:48,694] INFO: Time: 0.4626448100000289; Command Position: 0.1179224628566787; Output Position: 0.11788549946419953; Motor Current: 1.0
[2026-02-17 11:15:48,695] INFO: Time: 0.46370317200012323; Command Position: 0.1179224628566787; Output Position: 0.11786701776795996; Motor Current: 1.0
[2026-02-17 11:15:48,697] INFO: Time: 0.46476731200004906; Command Position: 0.1179224628566787; Output Position: 0.11787625861607975; Motor Current: 2.0
[2026-02-17 11:15:48,698] INFO: Time: 0.46582923000005394; Command Position: 0.1179224628566787; Output Position: 0.11787625861607975; Motor Current: 2.0
[2026-02-17 11:15:48,699] INFO: Time: 0.46688942500009034; Command Position: 0.1179224628566787; Output Position: 0.11787625861607975; Motor Current: 0.0
[2026-02-17 11:15:48,700] INFO: Time: 0.4679531760000373; Command Position: 0.1179224628566787; Output Position: 0.11787625861607975; Motor Current: 0.0
[2026-02-17 11:15:48,701] INFO: Time: 0.4690124270000524; Command Position: 0.1179224628566787; Output Position: 0.11787625861607975; Motor Current: -1.0
[2026-02-17 11:15:48,702] INFO: Time: 0.4700714370001151; Command Position: 0.1179224628566787; Output Position: 0.11786701776795996; Motor Current: -1.0
[2026-02-17 11:15:48,703] INFO: Time: 0.47113304000004064; Command Position: 0.1179224628566787; Output Position: 0.11787625861607975; Motor Current: -1.0
[2026-02-17 11:15:48,704] INFO: Time: 0.4721936060000189; Command Position: 0.1179224628566787; Output Position: 0.11787625861607975; Motor Current: -2.0
[2026-02-17 11:15:48,705] INFO: Time: 0.47325246800005516; Command Position: 0.1179224628566787; Output Position: 0.11786701776795996; Motor Current: -2.0
[2026-02-17 11:15:48,706] INFO: Time: 0.4743117190000703; Command Position: 0.1179224628566787; Output Position: 0.11786701776795996; Motor Current: -2.0
[2026-02-17 11:15:48,707] INFO: Time: 0.47537048900017; Command Position: 0.1179224628566787; Output Position: 0.11787625861607975; Motor Current: -1.0
[2026-02-17 11:15:48,708] INFO: Time: 0.47642924000001585; Command Position: 0.1179224628566787; Output Position: 0.11787625861607975; Motor Current: -1.0
[2026-02-17 11:15:48,709] INFO: Time: 0.4774899350002215; Command Position: 0.1179224628566787; Output Position: 0.11788549946419953; Motor Current: -1.0
[2026-02-17 11:15:48,710] INFO: Time: 0.47855037100021036; Command Position: 0.1179224628566787; Output Position: 0.11787625861607975; Motor Current: -3.0
[2026-02-17 11:15:48,711] INFO: Time: 0.4796087520001038; Command Position: 0.1179224628566787; Output Position: 0.11787625861607975; Motor Current: -2.0
[2026-02-17 11:15:48,712] INFO: Time: 0.48066829900017183; Command Position: 0.1179224628566787; Output Position: 0.11786701776795996; Motor Current: -2.0
[2026-02-17 11:15:48,713] INFO: Time: 0.48172825400001784; Command Position: 0.1179224628566787; Output Position: 0.11787625861607975; Motor Current: 0.0
[2026-02-17 11:15:48,715] INFO: Time: 0.48279109800000697; Command Position: 0.1179224628566787; Output Position: 0.11787625861607975; Motor Current: -2.0
[2026-02-17 11:15:48,716] INFO: Time: 0.4838521080000646; Command Position: 0.1179224628566787; Output Position: 0.11788549946419953; Motor Current: -1.0
[2026-02-17 11:15:48,717] INFO: Time: 0.4849115070001062; Command Position: 0.1179224628566787; Output Position: 0.11789474031231933; Motor Current: -2.0
[2026-02-17 11:15:48,718] INFO: Time: 0.485970314000042; Command Position: 0.1179224628566787; Output Position: 0.11786701776795996; Motor Current: -1.0
[2026-02-17 11:15:48,719] INFO: Time: 0.4870289530001628; Command Position: 0.1179224628566787; Output Position: 0.11787625861607975; Motor Current: -1.0
[2026-02-17 11:15:48,720] INFO: Time: 0.48809692700001506; Command Position: 0.1179224628566787; Output Position: 0.11786701776795996; Motor Current: -2.0
[2026-02-17 11:15:48,721] INFO: Time: 0.48915775200021017; Command Position: 0.1179224628566787; Output Position: 0.11788549946419953; Motor Current: -1.0
[2026-02-17 11:15:48,722] INFO: Time: 0.49021848400002455; Command Position: 0.1179224628566787; Output Position: 0.11787625861607975; Motor Current: -1.0
[2026-02-17 11:15:48,723] INFO: Time: 0.49127677200021935; Command Position: 0.1179224628566787; Output Position: 0.11787625861607975; Motor Current: 0.0
[2026-02-17 11:15:48,724] INFO: Time: 0.4923357830000441; Command Position: 0.1179224628566787; Output Position: 0.11787625861607975; Motor Current: 0.0
[2026-02-17 11:15:48,725] INFO: Time: 0.4933950710001227; Command Position: 0.1179224628566787; Output Position: 0.11787625861607975; Motor Current: 0.0
[2026-02-17 11:15:48,726] INFO: Time: 0.4944537850001325; Command Position: 0.1179224628566787; Output Position: 0.11787625861607975; Motor Current: 0.0
[2026-02-17 11:15:48,727] INFO: Time: 0.49551542400013204; Command Position: 0.1179224628566787; Output Position: 0.11787625861607975; Motor Current: 0.0
[2026-02-17 11:15:48,728] INFO: Time: 0.49657554600003095; Command Position: 0.1179224628566787; Output Position: 0.11786701776795996; Motor Current: 0.0
[2026-02-17 11:15:48,729] INFO: Time: 0.4976339629999984; Command Position: 0.1179224628566787; Output Position: 0.11787625861607975; Motor Current: 0.0
[2026-02-17 11:15:48,730] INFO: Time: 0.498693344000003; Command Position: 0.1179224628566787; Output Position: 0.11785777691984016; Motor Current: 0.0
[2026-02-17 11:15:48,732] INFO: Time: 0.49975244700021904; Command Position: 0.1179224628566787; Output Position: 0.11788549946419953; Motor Current: 1.0
[2026-02-17 11:15:48,733] INFO: Time: 0.5008152910002082; Command Position: 0.1179224628566787; Output Position: 0.11788549946419953; Motor Current: 2.0
[2026-02-17 11:15:48,734] INFO: Time: 0.5018775790001655; Command Position: 0.1179224628566787; Output Position: 0.11787625861607975; Motor Current: 0.0
[2026-02-17 11:15:48,735] INFO: Time: 0.5029547560000083; Command Position: 0.1179224628566787; Output Position: 0.11786701776795996; Motor Current: 1.0
[2026-02-17 11:15:48,736] INFO: Time: 0.5040136920001714; Command Position: 0.1179224628566787; Output Position: 0.11788549946419953; Motor Current: 1.0
[2026-02-17 11:15:48,737] INFO: Time: 0.5050738690001708; Command Position: 0.1179224628566787; Output Position: 0.11788549946419953; Motor Current: 1.0
[2026-02-17 11:15:48,738] INFO: Time: 0.5061327680000431; Command Position: 0.1179224628566787; Output Position: 0.11787625861607975; Motor Current: 1.0
[2026-02-17 11:15:48,739] INFO: Time: 0.507194482000159; Command Position: 0.1179224628566787; Output Position: 0.11788549946419953; Motor Current: 0.0
[2026-02-17 11:15:48,740] INFO: Time: 0.5082548810000844; Command Position: 0.1179224628566787; Output Position: 0.11788549946419953; Motor Current: 0.0
[2026-02-17 11:15:48,742] INFO: Time: 0.5095285040001727; Command Position: 0.1179224628566787; Output Position: 0.11786701776795996; Motor Current: 0.0
[2026-02-17 11:15:48,742] INFO: Time: 0.5105908480002199; Command Position: 0.1179224628566787; Output Position: 0.11787625861607975; Motor Current: 0.0
[2026-02-17 11:15:48,743] INFO: Time: 0.5116525990001719; Command Position: 0.1179224628566787; Output Position: 0.11786701776795996; Motor Current: 1.0
[2026-02-17 11:15:48,744] INFO: Time: 0.5127154980000341; Command Position: 0.1179224628566787; Output Position: 0.11787625861607975; Motor Current: 1.0
[2026-02-17 11:15:48,746] INFO: Time: 0.513775712000097; Command Position: 0.1179224628566787; Output Position: 0.11787625861607975; Motor Current: 1.0
[2026-02-17 11:15:48,747] INFO: Time: 0.5148358710000593; Command Position: 0.1179224628566787; Output Position: 0.11787625861607975; Motor Current: 2.0
[2026-02-17 11:15:48,748] INFO: Time: 0.5158936400000584; Command Position: 0.1179224628566787; Output Position: 0.11787625861607975; Motor Current: 2.0
[2026-02-17 11:15:48,749] INFO: Time: 0.5169535390000419; Command Position: 0.1179224628566787; Output Position: 0.11788549946419953; Motor Current: 1.0
[2026-02-17 11:15:48,750] INFO: Time: 0.5180126980001205; Command Position: 0.1179224628566787; Output Position: 0.11787625861607975; Motor Current: 0.0
[2026-02-17 11:15:48,751] INFO: Time: 0.5190731710001728; Command Position: 0.1179224628566787; Output Position: 0.11787625861607975; Motor Current: 0.0
[2026-02-17 11:15:48,752] INFO: Time: 0.5201394220000566; Command Position: 0.1179224628566787; Output Position: 0.11786701776795996; Motor Current: -2.0
[2026-02-17 11:15:48,753] INFO: Time: 0.5211994690000665; Command Position: 0.1179224628566787; Output Position: 0.11786701776795996; Motor Current: -2.0
[2026-02-17 11:15:48,754] INFO: Time: 0.5222611650001454; Command Position: 0.1179224628566787; Output Position: 0.11787625861607975; Motor Current: -2.0
[2026-02-17 11:15:48,755] INFO: Time: 0.5233215270000073; Command Position: 0.1179224628566787; Output Position: 0.11787625861607975; Motor Current: -2.0
[2026-02-17 11:15:48,756] INFO: Time: 0.5243812040000648; Command Position: 0.1179224628566787; Output Position: 0.11787625861607975; Motor Current: -2.0
[2026-02-17 11:15:48,757] INFO: Time: 0.5254418070001066; Command Position: 0.1179224628566787; Output Position: 0.11787625861607975; Motor Current: -2.0
[2026-02-17 11:15:48,758] INFO: Time: 0.526502206000032; Command Position: 0.1179224628566787; Output Position: 0.11787625861607975; Motor Current: -3.0
[2026-02-17 11:15:48,759] INFO: Time: 0.5275595120001526; Command Position: 0.1179224628566787; Output Position: 0.11786701776795996; Motor Current: -2.0
[2026-02-17 11:15:48,760] INFO: Time: 0.5286186150001413; Command Position: 0.1179224628566787; Output Position: 0.11787625861607975; Motor Current: -2.0
[2026-02-17 11:15:48,761] INFO: Time: 0.529677736000167; Command Position: 0.1179224628566787; Output Position: 0.11786701776795996; Motor Current: -3.0
[2026-02-17 11:15:48,763] INFO: Time: 0.530739247000156; Command Position: 0.1179224628566787; Output Position: 0.11788549946419953; Motor Current: -2.0
[2026-02-17 11:15:48,764] INFO: Time: 0.5318030900000394; Command Position: 0.1179224628566787; Output Position: 0.11786701776795996; Motor Current: -2.0
[2026-02-17 11:15:48,765] INFO: Time: 0.5328624150001815; Command Position: 0.1179224628566787; Output Position: 0.11787625861607975; Motor Current: -1.0
[2026-02-17 11:15:48,766] INFO: Time: 0.5339219440002125; Command Position: 0.1179224628566787; Output Position: 0.11787625861607975; Motor Current: -1.0
[2026-02-17 11:15:48,767] INFO: Time: 0.5349808800001483; Command Position: 0.1179224628566787; Output Position: 0.11787625861607975; Motor Current: 0.0
[2026-02-17 11:15:48,768] INFO: Time: 0.5360473350001485; Command Position: 0.1179224628566787; Output Position: 0.11788549946419953; Motor Current: -1.0
[2026-02-17 11:15:48,769] INFO: Time: 0.5371096420001322; Command Position: 0.1179224628566787; Output Position: 0.11788549946419953; Motor Current: -1.0
[2026-02-17 11:15:48,770] INFO: Time: 0.5381699300000946; Command Position: 0.1179224628566787; Output Position: 0.11787625861607975; Motor Current: 0.0
[2026-02-17 11:15:48,771] INFO: Time: 0.5392292730000463; Command Position: 0.1179224628566787; Output Position: 0.11787625861607975; Motor Current: 0.0
[2026-02-17 11:15:48,772] INFO: Time: 0.5402881170000455; Command Position: 0.1179224628566787; Output Position: 0.11787625861607975; Motor Current: 0.0
[2026-02-17 11:15:48,773] INFO: Time: 0.5413471830001981; Command Position: 0.1179224628566787; Output Position: 0.11787625861607975; Motor Current: 0.0
[2026-02-17 11:15:48,774] INFO: Time: 0.5424060260002079; Command Position: 0.1179224628566787; Output Position: 0.11788549946419953; Motor Current: 0.0
[2026-02-17 11:15:48,775] INFO: Time: 0.5434667030001492; Command Position: 0.1179224628566787; Output Position: 0.11785777691984016; Motor Current: 0.0
[2026-02-17 11:15:48,776] INFO: Time: 0.544527214000027; Command Position: 0.1179224628566787; Output Position: 0.11786701776795996; Motor Current: 0.0
[2026-02-17 11:15:48,777] INFO: Time: 0.5455860200002007; Command Position: 0.1179224628566787; Output Position: 0.11787625861607975; Motor Current: 0.0
[2026-02-17 11:15:48,778] INFO: Time: 0.546645104000163; Command Position: 0.1179224628566787; Output Position: 0.11787625861607975; Motor Current: 0.0
[2026-02-17 11:15:48,779] INFO: Time: 0.5477040410000882; Command Position: 0.1179224628566787; Output Position: 0.11787625861607975; Motor Current: -1.0
[2026-02-17 11:15:48,781] INFO: Time: 0.5487667730001249; Command Position: 0.1179224628566787; Output Position: 0.11787625861607975; Motor Current: 0.0
[2026-02-17 11:15:48,782] INFO: Time: 0.5498290980001457; Command Position: 0.1179224628566787; Output Position: 0.11786701776795996; Motor Current: 0.0
[2026-02-17 11:15:48,783] INFO: Time: 0.5508898120001504; Command Position: 0.1179224628566787; Output Position: 0.11787625861607975; Motor Current: 0.0
[2026-02-17 11:15:48,784] INFO: Time: 0.551959897000188; Command Position: 0.1179224628566787; Output Position: 0.11788549946419953; Motor Current: 1.0
[2026-02-17 11:15:48,785] INFO: Time: 0.5530182030001924; Command Position: 0.1179224628566787; Output Position: 0.11788549946419953; Motor Current: 1.0
[2026-02-17 11:15:48,786] INFO: Time: 0.5540768430000753; Command Position: 0.1179224628566787; Output Position: 0.11787625861607975; Motor Current: 0.0
[2026-02-17 11:15:48,787] INFO: Time: 0.5551382050000484; Command Position: 0.1179224628566787; Output Position: 0.11787625861607975; Motor Current: 0.0
[2026-02-17 11:15:48,788] INFO: Time: 0.5561983080001482; Command Position: 0.1179224628566787; Output Position: 0.11786701776795996; Motor Current: 0.0
[2026-02-17 11:15:48,789] INFO: Time: 0.5572571520001475; Command Position: 0.1179224628566787; Output Position: 0.11786701776795996; Motor Current: 0.0
[2026-02-17 11:15:48,790] INFO: Time: 0.5583164770000622; Command Position: 0.1179224628566787; Output Position: 0.11787625861607975; Motor Current: 1.0
[2026-02-17 11:15:48,791] INFO: Time: 0.5593753570001354; Command Position: 0.1179224628566787; Output Position: 0.11786701776795996; Motor Current: 1.0
[2026-02-17 11:15:48,792] INFO: Time: 0.5604344970001875; Command Position: 0.1179224628566787; Output Position: 0.11788549946419953; Motor Current: 1.0
[2026-02-17 11:15:48,793] INFO: Time: 0.5614966930002083; Command Position: 0.1179224628566787; Output Position: 0.11787625861607975; Motor Current: 2.0
[2026-02-17 11:15:48,794] INFO: Time: 0.5625584440001603; Command Position: 0.1179224628566787; Output Position: 0.11786701776795996; Motor Current: 2.0
[2026-02-17 11:15:48,795] INFO: Time: 0.5636162320001858; Command Position: 0.1179224628566787; Output Position: 0.11788549946419953; Motor Current: 1.0
[2026-02-17 11:15:48,796] INFO: Time: 0.5646756490000371; Command Position: 0.1179224628566787; Output Position: 0.11788549946419953; Motor Current: 2.0
[2026-02-17 11:15:48,797] INFO: Time: 0.5657353080000576; Command Position: 0.1179224628566787; Output Position: 0.11786701776795996; Motor Current: 2.0
[2026-02-17 11:15:48,799] INFO: Time: 0.5667984290000732; Command Position: 0.1179224628566787; Output Position: 0.11788549946419953; Motor Current: 0.0
[2026-02-17 11:15:48,800] INFO: Time: 0.5678600319999987; Command Position: 0.1179224628566787; Output Position: 0.11786701776795996; Motor Current: 0.0
[2026-02-17 11:15:48,801] INFO: Time: 0.5689204130001144; Command Position: 0.1179224628566787; Output Position: 0.11786701776795996; Motor Current: 0.0
[2026-02-17 11:15:48,802] INFO: Time: 0.569980052000119; Command Position: 0.1179224628566787; Output Position: 0.11785777691984016; Motor Current: 0.0
[2026-02-17 11:15:48,803] INFO: Time: 0.571048692000204; Command Position: 0.1179224628566787; Output Position: 0.11786701776795996; Motor Current: 0.0
[2026-02-17 11:15:48,804] INFO: Time: 0.5721077210000658; Command Position: 0.1179224628566787; Output Position: 0.11787625861607975; Motor Current: -1.0
[2026-02-17 11:15:48,805] INFO: Time: 0.5731693430000178; Command Position: 0.1179224628566787; Output Position: 0.11787625861607975; Motor Current: -1.0
[2026-02-17 11:15:48,806] INFO: Time: 0.5742294080000647; Command Position: 0.1179224628566787; Output Position: 0.11787625861607975; Motor Current: -1.0
[2026-02-17 11:15:48,807] INFO: Time: 0.5752885670001433; Command Position: 0.1179224628566787; Output Position: 0.11785777691984016; Motor Current: -1.0
[2026-02-17 11:15:48,808] INFO: Time: 0.5763508360000742; Command Position: 0.1179224628566787; Output Position: 0.11787625861607975; Motor Current: -2.0
[2026-02-17 11:15:48,809] INFO: Time: 0.5774111240000366; Command Position: 0.1179224628566787; Output Position: 0.11787625861607975; Motor Current: -3.0
[2026-02-17 11:15:48,810] INFO: Time: 0.5784708010000941; Command Position: 0.1179224628566787; Output Position: 0.11787625861607975; Motor Current: -1.0
[2026-02-17 11:15:48,811] INFO: Time: 0.5795318860000407; Command Position: 0.1179224628566787; Output Position: 0.11786701776795996; Motor Current: -2.0
[2026-02-17 11:15:48,812] INFO: Time: 0.5805928590000349; Command Position: 0.1179224628566787; Output Position: 0.11787625861607975; Motor Current: -2.0
[2026-02-17 11:15:48,813] INFO: Time: 0.5816508690002138; Command Position: 0.1179224628566787; Output Position: 0.11786701776795996; Motor Current: -1.0
[2026-02-17 11:15:48,814] INFO: Time: 0.582710157000065; Command Position: 0.1179224628566787; Output Position: 0.11786701776795996; Motor Current: -1.0
[2026-02-17 11:15:48,816] INFO: Time: 0.5837695560001066; Command Position: 0.1179224628566787; Output Position: 0.11787625861607975; Motor Current: 0.0
[2026-02-17 11:15:48,817] INFO: Time: 0.5848327150001751; Command Position: 0.1179224628566787; Output Position: 0.11786701776795996; Motor Current: 0.0
[2026-02-17 11:15:48,818] INFO: Time: 0.5858942800000477; Command Position: 0.1179224628566787; Output Position: 0.11788549946419953; Motor Current: -1.0
[2026-02-17 11:15:48,819] INFO: Time: 0.5869586430001164; Command Position: 0.1179224628566787; Output Position: 0.11786701776795996; Motor Current: 0.0
[2026-02-17 11:15:48,820] INFO: Time: 0.5880221530001108; Command Position: 0.1179224628566787; Output Position: 0.11786701776795996; Motor Current: 0.0
[2026-02-17 11:15:48,821] INFO: Time: 0.5890932560000692; Command Position: 0.1179224628566787; Output Position: 0.11786701776795996; Motor Current: 0.0
[2026-02-17 11:15:48,822] INFO: Time: 0.5901511360000313; Command Position: 0.1179224628566787; Output Position: 0.11787625861607975; Motor Current: 0.0
[2026-02-17 11:15:48,823] INFO: Time: 0.5912126100001842; Command Position: 0.1179224628566787; Output Position: 0.11786701776795996; Motor Current: -2.0
[2026-02-17 11:15:48,824] INFO: Time: 0.592273139000099; Command Position: 0.1179224628566787; Output Position: 0.11788549946419953; Motor Current: 0.0
[2026-02-17 11:15:48,825] INFO: Time: 0.5933377040000778; Command Position: 0.1179224628566787; Output Position: 0.11787625861607975; Motor Current: 0.0
[2026-02-17 11:15:48,826] INFO: Time: 0.5943998630000351; Command Position: 0.1179224628566787; Output Position: 0.11786701776795996; Motor Current: 0.0
[2026-02-17 11:15:48,827] INFO: Time: 0.5954597990000821; Command Position: 0.1179224628566787; Output Position: 0.11787625861607975; Motor Current: 0.0
[2026-02-17 11:15:48,828] INFO: Time: 0.5965190500000972; Command Position: 0.1179224628566787; Output Position: 0.11786701776795996; Motor Current: 0.0
[2026-02-17 11:15:48,829] INFO: Time: 0.5975800600001548; Command Position: 0.1179224628566787; Output Position: 0.11788549946419953; Motor Current: 0.0
[2026-02-17 11:15:48,830] INFO: Time: 0.5986400890001278; Command Position: 0.1179224628566787; Output Position: 0.11787625861607975; Motor Current: 0.0
[2026-02-17 11:15:48,831] INFO: Time: 0.599699266000016; Command Position: 0.1179224628566787; Output Position: 0.11787625861607975; Motor Current: 0.0
[2026-02-17 11:15:48,833] INFO: Time: 0.6007564060000732; Command Position: 0.1179224628566787; Output Position: 0.11786701776795996; Motor Current: 0.0
[2026-02-17 11:15:48,834] INFO: Time: 0.6018153230002099; Command Position: 0.1179224628566787; Output Position: 0.11788549946419953; Motor Current: 1.0
[2026-02-17 11:15:48,835] INFO: Time: 0.6028742410001087; Command Position: 0.1179224628566787; Output Position: 0.11787625861607975; Motor Current: 0.0
[2026-02-17 11:15:48,836] INFO: Time: 0.6039337880001767; Command Position: 0.1179224628566787; Output Position: 0.11787625861607975; Motor Current: 0.0
[2026-02-17 11:15:48,837] INFO: Time: 0.6050111320000724; Command Position: 0.1179224628566787; Output Position: 0.11786701776795996; Motor Current: 0.0
[2026-02-17 11:15:48,838] INFO: Time: 0.6060701240000981; Command Position: 0.1179224628566787; Output Position: 0.11786701776795996; Motor Current: 0.0
[2026-02-17 11:15:48,839] INFO: Time: 0.6071290040001713; Command Position: 0.1179224628566787; Output Position: 0.11786701776795996; Motor Current: 0.0
[2026-02-17 11:15:48,840] INFO: Time: 0.6081878110001071; Command Position: 0.1179224628566787; Output Position: 0.11787625861607975; Motor Current: 1.0
[2026-02-17 11:15:48,841] INFO: Time: 0.6092466920001698; Command Position: 0.1179224628566787; Output Position: 0.11787625861607975; Motor Current: 2.0
[2026-02-17 11:15:48,842] INFO: Time: 0.6103136090000589; Command Position: 0.1179224628566787; Output Position: 0.11787625861607975; Motor Current: 2.0
[2026-02-17 11:15:48,843] INFO: Time: 0.6113769160001539; Command Position: 0.1179224628566787; Output Position: 0.11787625861607975; Motor Current: 2.0
[2026-02-17 11:15:48,844] INFO: Time: 0.6124342220000472; Command Position: 0.1179224628566787; Output Position: 0.11786701776795996; Motor Current: 3.0
[2026-02-17 11:15:48,845] INFO: Time: 0.6134928810001838; Command Position: 0.1179224628566787; Output Position: 0.11787625861607975; Motor Current: 2.0
[2026-02-17 11:15:48,846] INFO: Time: 0.6145523910001884; Command Position: 0.1179224628566787; Output Position: 0.11788549946419953; Motor Current: 2.0
[2026-02-17 11:15:48,847] INFO: Time: 0.6156115120002141; Command Position: 0.1179224628566787; Output Position: 0.11787625861607975; Motor Current: 2.0
[2026-02-17 11:15:48,848] INFO: Time: 0.6166744860001927; Command Position: 0.1179224628566787; Output Position: 0.11787625861607975; Motor Current: 1.0
[2026-02-17 11:15:48,849] INFO: Time: 0.6177353110001604; Command Position: 0.1179224628566787; Output Position: 0.11786701776795996; Motor Current: 0.0
[2026-02-17 11:15:48,851] INFO: Time: 0.6187945250001121; Command Position: 0.1179224628566787; Output Position: 0.11787625861607975; Motor Current: 0.0
[2026-02-17 11:15:48,852] INFO: Time: 0.6198529050000161; Command Position: 0.1179224628566787; Output Position: 0.11787625861607975; Motor Current: 0.0
[2026-02-17 11:15:48,853] INFO: Time: 0.6209124530000736; Command Position: 0.1179224628566787; Output Position: 0.11788549946419953; Motor Current: 0.0
[2026-02-17 11:15:48,854] INFO: Time: 0.6219714630001363; Command Position: 0.1179224628566787; Output Position: 0.11786701776795996; Motor Current: -1.0
[2026-02-17 11:15:48,855] INFO: Time: 0.6230326210002204; Command Position: 0.1179224628566787; Output Position: 0.11787625861607975; Motor Current: -2.0
[2026-02-17 11:15:48,856] INFO: Time: 0.6240992610000831; Command Position: 0.1179224628566787; Output Position: 0.11786701776795996; Motor Current: -3.0
[2026-02-17 11:15:48,857] INFO: Time: 0.625160993999998; Command Position: 0.1179224628566787; Output Position: 0.11788549946419953; Motor Current: -1.0
[2026-02-17 11:15:48,858] INFO: Time: 0.6262200040000607; Command Position: 0.1179224628566787; Output Position: 0.11786701776795996; Motor Current: -1.0
[2026-02-17 11:15:48,859] INFO: Time: 0.6272788110002239; Command Position: 0.1179224628566787; Output Position: 0.11785777691984016; Motor Current: -2.0
[2026-02-17 11:15:48,860] INFO: Time: 0.6283375060002072; Command Position: 0.1179224628566787; Output Position: 0.11787625861607975; Motor Current: -2.0
[2026-02-17 11:15:48,861] INFO: Time: 0.6293975350001801; Command Position: 0.1179224628566787; Output Position: 0.11786701776795996; Motor Current: -1.0
[2026-02-17 11:15:48,862] INFO: Time: 0.6304580450000685; Command Position: 0.1179224628566787; Output Position: 0.11786701776795996; Motor Current: 0.0
[2026-02-17 11:15:48,863] INFO: Time: 0.6315148700000464; Command Position: 0.1179224628566787; Output Position: 0.11789474031231933; Motor Current: 0.0
[2026-02-17 11:15:48,864] INFO: Time: 0.6325739540000086; Command Position: 0.1179224628566787; Output Position: 0.11786701776795996; Motor Current: -1.0
[2026-02-17 11:15:48,865] INFO: Time: 0.6336327790002088; Command Position: 0.1179224628566787; Output Position: 0.11787625861607975; Motor Current: -1.0
[2026-02-17 11:15:48,866] INFO: Time: 0.6346954930002084; Command Position: 0.1179224628566787; Output Position: 0.11787625861607975; Motor Current: -2.0
[2026-02-17 11:15:48,868] INFO: Time: 0.6357563740000387; Command Position: 0.1179224628566787; Output Position: 0.11788549946419953; Motor Current: -1.0
[2026-02-17 11:15:48,869] INFO: Time: 0.6368158660000063; Command Position: 0.1179224628566787; Output Position: 0.11787625861607975; Motor Current: -1.0
[2026-02-17 11:15:48,870] INFO: Time: 0.637874783000143; Command Position: 0.1179224628566787; Output Position: 0.11787625861607975; Motor Current: -2.0
[2026-02-17 11:15:48,871] INFO: Time: 0.6389340160001211; Command Position: 0.1179224628566787; Output Position: 0.11786701776795996; Motor Current: -1.0
[2026-02-17 11:15:48,872] INFO: Time: 0.6399928220000675; Command Position: 0.1179224628566787; Output Position: 0.11787625861607975; Motor Current: 0.0
[2026-02-17 11:15:48,873] INFO: Time: 0.6410536850000881; Command Position: 0.1179224628566787; Output Position: 0.11787625861607975; Motor Current: 0.0
[2026-02-17 11:15:48,874] INFO: Time: 0.6421142500000769; Command Position: 0.1179224628566787; Output Position: 0.11787625861607975; Motor Current: 1.0
[2026-02-17 11:15:48,875] INFO: Time: 0.6431721130002188; Command Position: 0.1179224628566787; Output Position: 0.11786701776795996; Motor Current: 0.0
[2026-02-17 11:15:48,876] INFO: Time: 0.6442310490001546; Command Position: 0.1179224628566787; Output Position: 0.11786701776795996; Motor Current: 0.0
[2026-02-17 11:15:48,877] INFO: Time: 0.6452948000001015; Command Position: 0.1179224628566787; Output Position: 0.11788549946419953; Motor Current: 1.0
[2026-02-17 11:15:48,878] INFO: Time: 0.6463524030000372; Command Position: 0.1179224628566787; Output Position: 0.11786701776795996; Motor Current: 1.0
[2026-02-17 11:15:48,879] INFO: Time: 0.6474135980001847; Command Position: 0.1179224628566787; Output Position: 0.11787625861607975; Motor Current: 0.0
[2026-02-17 11:15:48,880] INFO: Time: 0.648474608000015; Command Position: 0.1179224628566787; Output Position: 0.11786701776795996; Motor Current: 0.0
[2026-02-17 11:15:48,881] INFO: Time: 0.6495340810001835; Command Position: 0.1179224628566787; Output Position: 0.11788549946419953; Motor Current: 0.0
[2026-02-17 11:15:48,882] INFO: Time: 0.6505934620001881; Command Position: 0.1179224628566787; Output Position: 0.11786701776795996; Motor Current: 0.0
[2026-02-17 11:15:48,883] INFO: Time: 0.6516526760001398; Command Position: 0.1179224628566787; Output Position: 0.11787625861607975; Motor Current: 0.0
[2026-02-17 11:15:48,884] INFO: Time: 0.6527150010001606; Command Position: 0.1179224628566787; Output Position: 0.11786701776795996; Motor Current: 0.0
[2026-02-17 11:15:48,886] INFO: Time: 0.6537952890000724; Command Position: 0.1179224628566787; Output Position: 0.11787625861607975; Motor Current: -1.0
[2026-02-17 11:15:48,887] INFO: Time: 0.6548555030001353; Command Position: 0.1179224628566787; Output Position: 0.11786701776795996; Motor Current: 0.0
[2026-02-17 11:15:48,888] INFO: Time: 0.6559149580000394; Command Position: 0.1179224628566787; Output Position: 0.11787625861607975; Motor Current: 0.0
[2026-02-17 11:15:48,889] INFO: Time: 0.6569764310002029; Command Position: 0.1179224628566787; Output Position: 0.11786701776795996; Motor Current: 0.0
[2026-02-17 11:15:48,890] INFO: Time: 0.6580356450001545; Command Position: 0.1179224628566787; Output Position: 0.11787625861607975; Motor Current: 0.0
[2026-02-17 11:15:48,891] INFO: Time: 0.6591005070001756; Command Position: 0.1179224628566787; Output Position: 0.11786701776795996; Motor Current: 0.0
[2026-02-17 11:15:48,892] INFO: Time: 0.6601618140000483; Command Position: 0.1179224628566787; Output Position: 0.11788549946419953; Motor Current: 1.0
[2026-02-17 11:15:48,893] INFO: Time: 0.661220639000021; Command Position: 0.1179224628566787; Output Position: 0.11786701776795996; Motor Current: 1.0
[2026-02-17 11:15:48,894] INFO: Time: 0.6622804830001314; Command Position: 0.1179224628566787; Output Position: 0.11787625861607975; Motor Current: 2.0
[2026-02-17 11:15:48,895] INFO: Time: 0.6633469930000047; Command Position: 0.1179224628566787; Output Position: 0.11787625861607975; Motor Current: 2.0
[2026-02-17 11:15:48,896] INFO: Time: 0.6644093000002158; Command Position: 0.1179224628566787; Output Position: 0.11788549946419953; Motor Current: 1.0
[2026-02-17 11:15:48,897] INFO: Time: 0.6654716800001097; Command Position: 0.1179224628566787; Output Position: 0.11787625861607975; Motor Current: 1.0
[2026-02-17 11:15:48,898] INFO: Time: 0.6665332460001991; Command Position: 0.1179224628566787; Output Position: 0.11788549946419953; Motor Current: 0.0
[2026-02-17 11:15:48,899] INFO: Time: 0.6675925150000239; Command Position: 0.1179224628566787; Output Position: 0.11787625861607975; Motor Current: 0.0
[2026-02-17 11:15:48,900] INFO: Time: 0.6686524150002242; Command Position: 0.1179224628566787; Output Position: 0.11786701776795996; Motor Current: 0.0
[2026-02-17 11:15:48,901] INFO: Time: 0.6697123140002077; Command Position: 0.1179224628566787; Output Position: 0.11786701776795996; Motor Current: -1.0
[2026-02-17 11:15:48,903] INFO: Time: 0.6707755090001228; Command Position: 0.1179224628566787; Output Position: 0.11787625861607975; Motor Current: -2.0
[2026-02-17 11:15:48,904] INFO: Time: 0.6718370010000854; Command Position: 0.1179224628566787; Output Position: 0.11787625861607975; Motor Current: -1.0
[2026-02-17 11:15:48,905] INFO: Time: 0.6728974740001377; Command Position: 0.1179224628566787; Output Position: 0.11786701776795996; Motor Current: -2.0
[2026-02-17 11:15:48,906] INFO: Time: 0.6739590399999997; Command Position: 0.1179224628566787; Output Position: 0.11788549946419953; Motor Current: -2.0
[2026-02-17 11:15:48,907] INFO: Time: 0.6750189950000731; Command Position: 0.1179224628566787; Output Position: 0.11788549946419953; Motor Current: -1.0
[2026-02-17 11:15:48,908] INFO: Time: 0.6760782270000618; Command Position: 0.1179224628566787; Output Position: 0.11786701776795996; Motor Current: -1.0
[2026-02-17 11:15:48,909] INFO: Time: 0.6771391260001565; Command Position: 0.1179224628566787; Output Position: 0.11788549946419953; Motor Current: -2.0
[2026-02-17 11:15:48,910] INFO: Time: 0.6782028400000399; Command Position: 0.1179224628566787; Output Position: 0.11787625861607975; Motor Current: -2.0
[2026-02-17 11:15:48,911] INFO: Time: 0.6792644250001558; Command Position: 0.1179224628566787; Output Position: 0.11787625861607975; Motor Current: -4.0
[2026-02-17 11:15:48,912] INFO: Time: 0.6803246570000283; Command Position: 0.1179224628566787; Output Position: 0.11787625861607975; Motor Current: -3.0
[2026-02-17 11:15:48,913] INFO: Time: 0.6813820750001014; Command Position: 0.1179224628566787; Output Position: 0.11785777691984016; Motor Current: -1.0
[2026-02-17 11:15:48,914] INFO: Time: 0.6824414180000531; Command Position: 0.1179224628566787; Output Position: 0.11786701776795996; Motor Current: -2.0
[2026-02-17 11:15:48,915] INFO: Time: 0.6835022440000103; Command Position: 0.1179224628566787; Output Position: 0.11787625861607975; Motor Current: -2.0
[2026-02-17 11:15:48,916] INFO: Time: 0.6845625690000361; Command Position: 0.1179224628566787; Output Position: 0.11788549946419953; Motor Current: 0.0
[2026-02-17 11:15:48,917] INFO: Time: 0.6856214490001094; Command Position: 0.1179224628566787; Output Position: 0.11786701776795996; Motor Current: 0.0
[2026-02-17 11:15:48,918] INFO: Time: 0.6866809040000135; Command Position: 0.1179224628566787; Output Position: 0.11787625861607975; Motor Current: 0.0
[2026-02-17 11:15:48,920] INFO: Time: 0.6877400620001026; Command Position: 0.1179224628566787; Output Position: 0.11787625861607975; Motor Current: 0.0
[2026-02-17 11:15:48,921] INFO: Time: 0.6888027950001288; Command Position: 0.1179224628566787; Output Position: 0.11787625861607975; Motor Current: 0.0
[2026-02-17 11:15:48,922] INFO: Time: 0.6898638240002128; Command Position: 0.1179224628566787; Output Position: 0.11787625861607975; Motor Current: 0.0
[2026-02-17 11:15:48,923] INFO: Time: 0.6909246120001171; Command Position: 0.1179224628566787; Output Position: 0.11787625861607975; Motor Current: 0.0
[2026-02-17 11:15:48,924] INFO: Time: 0.6919869180001115; Command Position: 0.1179224628566787; Output Position: 0.11786701776795996; Motor Current: -1.0
[2026-02-17 11:15:48,925] INFO: Time: 0.6930474279999999; Command Position: 0.1179224628566787; Output Position: 0.11788549946419953; Motor Current: 0.0
[2026-02-17 11:15:48,926] INFO: Time: 0.6941067540001313; Command Position: 0.1179224628566787; Output Position: 0.11787625861607975; Motor Current: 0.0
[2026-02-17 11:15:48,927] INFO: Time: 0.6951674120000462; Command Position: 0.1179224628566787; Output Position: 0.11787625861607975; Motor Current: 0.0
[2026-02-17 11:15:48,928] INFO: Time: 0.696227626000109; Command Position: 0.1179224628566787; Output Position: 0.11786701776795996; Motor Current: 0.0
[2026-02-17 11:15:48,929] INFO: Time: 0.697287266000103; Command Position: 0.1179224628566787; Output Position: 0.11786701776795996; Motor Current: 0.0
[2026-02-17 11:15:48,930] INFO: Time: 0.6983467390000442; Command Position: 0.1179224628566787; Output Position: 0.11787625861607975; Motor Current: 0.0
[2026-02-17 11:15:48,931] INFO: Time: 0.6994061200000488; Command Position: 0.1179224628566787; Output Position: 0.11787625861607975; Motor Current: 0.0
[2026-02-17 11:15:48,932] INFO: Time: 0.700465093000048; Command Position: 0.1179224628566787; Output Position: 0.11787625861607975; Motor Current: 0.0
[2026-02-17 11:15:48,933] INFO: Time: 0.7015258440001162; Command Position: 0.1179224628566787; Output Position: 0.11787625861607975; Motor Current: 0.0
[2026-02-17 11:15:48,934] INFO: Time: 0.702585947000216; Command Position: 0.1179224628566787; Output Position: 0.11786701776795996; Motor Current: 0.0
[2026-02-17 11:15:48,935] INFO: Time: 0.70364419800012; Command Position: 0.1179224628566787; Output Position: 0.11787625861607975; Motor Current: 0.0
[2026-02-17 11:15:48,936] INFO: Time: 0.7047034490001352; Command Position: 0.1179224628566787; Output Position: 0.11787625861607975; Motor Current: 0.0
[2026-02-17 11:15:48,938] INFO: Time: 0.7057622740001079; Command Position: 0.1179224628566787; Output Position: 0.11786701776795996; Motor Current: 1.0
[2026-02-17 11:15:48,939] INFO: Time: 0.7068249140002081; Command Position: 0.1179224628566787; Output Position: 0.11787625861607975; Motor Current: 1.0
[2026-02-17 11:15:48,940] INFO: Time: 0.7078859980001653; Command Position: 0.1179224628566787; Output Position: 0.11787625861607975; Motor Current: 2.0
[2026-02-17 11:15:48,941] INFO: Time: 0.7089638420000028; Command Position: 0.1179224628566787; Output Position: 0.11787625861607975; Motor Current: 2.0
[2026-02-17 11:15:48,942] INFO: Time: 0.710023222000018; Command Position: 0.1179224628566787; Output Position: 0.11787625861607975; Motor Current: 1.0
[2026-02-17 11:15:48,943] INFO: Time: 0.7110823620000701; Command Position: 0.1179224628566787; Output Position: 0.11787625861607975; Motor Current: 1.0
[2026-02-17 11:15:48,944] INFO: Time: 0.7121413540000958; Command Position: 0.1179224628566787; Output Position: 0.11787625861607975; Motor Current: 1.0
[2026-02-17 11:15:48,945] INFO: Time: 0.7132020310000371; Command Position: 0.1179224628566787; Output Position: 0.11788549946419953; Motor Current: 1.0
[2026-02-17 11:15:48,946] INFO: Time: 0.7142623000002004; Command Position: 0.1179224628566787; Output Position: 0.11787625861607975; Motor Current: 1.0
[2026-02-17 11:15:48,947] INFO: Time: 0.7153209220000463; Command Position: 0.1179224628566787; Output Position: 0.11787625861607975; Motor Current: 0.0
[2026-02-17 11:15:48,948] INFO: Time: 0.7163796910001565; Command Position: 0.1179224628566787; Output Position: 0.11786701776795996; Motor Current: -1.0
[2026-02-17 11:15:48,949] INFO: Time: 0.7174384980000923; Command Position: 0.1179224628566787; Output Position: 0.11787625861607975; Motor Current: 0.0
[2026-02-17 11:15:48,950] INFO: Time: 0.7184974150000016; Command Position: 0.1179224628566787; Output Position: 0.11786701776795996; Motor Current: 0.0
[2026-02-17 11:15:48,951] INFO: Time: 0.7195635000000493; Command Position: 0.1179224628566787; Output Position: 0.11787625861607975; Motor Current: 0.0
[2026-02-17 11:15:48,952] INFO: Time: 0.7206273810002131; Command Position: 0.1179224628566787; Output Position: 0.11787625861607975; Motor Current: 0.0
[2026-02-17 11:15:48,953] INFO: Time: 0.721687983000038; Command Position: 0.1179224628566787; Output Position: 0.11788549946419953; Motor Current: 0.0
[2026-02-17 11:15:48,955] INFO: Time: 0.7227476050002224; Command Position: 0.1179224628566787; Output Position: 0.11785777691984016; Motor Current: -1.0
[2026-02-17 11:15:48,956] INFO: Time: 0.72380722600019; Command Position: 0.1179224628566787; Output Position: 0.11788549946419953; Motor Current: -4.0
[2026-02-17 11:15:48,957] INFO: Time: 0.7248666250000042; Command Position: 0.1179224628566787; Output Position: 0.11787625861607975; Motor Current: -2.0
[2026-02-17 11:15:48,958] INFO: Time: 0.7259284690001095; Command Position: 0.1179224628566787; Output Position: 0.11788549946419953; Motor Current: -2.0
[2026-02-17 11:15:48,959] INFO: Time: 0.7269988680000097; Command Position: 0.1179224628566787; Output Position: 0.11788549946419953; Motor Current: -2.0
[2026-02-17 11:15:48,960] INFO: Time: 0.7280582300002152; Command Position: 0.1179224628566787; Output Position: 0.11786701776795996; Motor Current: -3.0
[2026-02-17 11:15:48,961] INFO: Time: 0.7291172220000135; Command Position: 0.1179224628566787; Output Position: 0.11786701776795996; Motor Current: -3.0
[2026-02-17 11:15:48,962] INFO: Time: 0.7301763430000392; Command Position: 0.1179224628566787; Output Position: 0.11786701776795996; Motor Current: -1.0
[2026-02-17 11:15:48,963] INFO: Time: 0.7312352790002024; Command Position: 0.1179224628566787; Output Position: 0.11787625861607975; Motor Current: 0.0
[2026-02-17 11:15:48,964] INFO: Time: 0.7322968640000909; Command Position: 0.1179224628566787; Output Position: 0.11786701776795996; Motor Current: 0.0
[2026-02-17 11:15:48,965] INFO: Time: 0.733358244000101; Command Position: 0.1179224628566787; Output Position: 0.11787625861607975; Motor Current: 0.0
[2026-02-17 11:15:48,966] INFO: Time: 0.7344169400000737; Command Position: 0.1179224628566787; Output Position: 0.11787625861607975; Motor Current: 0.0
[2026-02-17 11:15:48,967] INFO: Time: 0.7354764320000413; Command Position: 0.1179224628566787; Output Position: 0.11785777691984016; Motor Current: 0.0
[2026-02-17 11:15:48,968] INFO: Time: 0.7365357380001569; Command Position: 0.1179224628566787; Output Position: 0.11787625861607975; Motor Current: 0.0
[2026-02-17 11:15:48,969] INFO: Time: 0.7375958410000294; Command Position: 0.1179224628566787; Output Position: 0.11788549946419953; Motor Current: 1.0
[2026-02-17 11:15:48,970] INFO: Time: 0.7386575550001453; Command Position: 0.1179224628566787; Output Position: 0.11787625861607975; Motor Current: 0.0
[2026-02-17 11:15:48,971] INFO: Time: 0.7397198800001661; Command Position: 0.1179224628566787; Output Position: 0.11787625861607975; Motor Current: 0.0
[2026-02-17 11:15:48,973] INFO: Time: 0.7407785940001759; Command Position: 0.1179224628566787; Output Position: 0.11787625861607975; Motor Current: 0.0
[2026-02-17 11:15:48,974] INFO: Time: 0.7418382900000324; Command Position: 0.1179224628566787; Output Position: 0.11786701776795996; Motor Current: -1.0
[2026-02-17 11:15:48,975] INFO: Time: 0.742897485000185; Command Position: 0.1179224628566787; Output Position: 0.11787625861607975; Motor Current: 0.0
[2026-02-17 11:15:48,976] INFO: Time: 0.7439679950000482; Command Position: 0.1179224628566787; Output Position: 0.11788549946419953; Motor Current: 0.0
[2026-02-17 11:15:48,977] INFO: Time: 0.7450494870001876; Command Position: 0.1179224628566787; Output Position: 0.11786701776795996; Motor Current: 0.0
[2026-02-17 11:15:48,978] INFO: Time: 0.7461101090000284; Command Position: 0.1179224628566787; Output Position: 0.11786701776795996; Motor Current: 0.0
[2026-02-17 11:15:48,979] INFO: Time: 0.7471690630000012; Command Position: 0.1179224628566787; Output Position: 0.11786701776795996; Motor Current: 0.0
[2026-02-17 11:15:48,980] INFO: Time: 0.7482281660002172; Command Position: 0.1179224628566787; Output Position: 0.11787625861607975; Motor Current: 0.0
[2026-02-17 11:15:48,981] INFO: Time: 0.7492873620001319; Command Position: 0.1179224628566787; Output Position: 0.11787625861607975; Motor Current: 0.0
[2026-02-17 11:15:48,982] INFO: Time: 0.7503464640001312; Command Position: 0.1179224628566787; Output Position: 0.11787625861607975; Motor Current: 1.0
[2026-02-17 11:15:48,983] INFO: Time: 0.751407104000009; Command Position: 0.1179224628566787; Output Position: 0.11788549946419953; Motor Current: 0.0
[2026-02-17 11:15:48,984] INFO: Time: 0.7524681150000561; Command Position: 0.1179224628566787; Output Position: 0.11786701776795996; Motor Current: -1.0
[2026-02-17 11:15:48,985] INFO: Time: 0.7535272920001717; Command Position: 0.1179224628566787; Output Position: 0.11786701776795996; Motor Current: 0.0
[2026-02-17 11:15:48,986] INFO: Time: 0.7545873570002186; Command Position: 0.1179224628566787; Output Position: 0.11787625861607975; Motor Current: 0.0
[2026-02-17 11:15:48,987] INFO: Time: 0.7556468120001227; Command Position: 0.1179224628566787; Output Position: 0.11786701776795996; Motor Current: 0.0
[2026-02-17 11:15:48,988] INFO: Time: 0.7567085630000747; Command Position: 0.1179224628566787; Output Position: 0.11787625861607975; Motor Current: 0.0
[2026-02-17 11:15:48,990] INFO: Time: 0.757770907000122; Command Position: 0.1179224628566787; Output Position: 0.11786701776795996; Motor Current: 0.0
[2026-02-17 11:15:48,991] INFO: Time: 0.7588307320002059; Command Position: 0.1179224628566787; Output Position: 0.11787625861607975; Motor Current: 0.0
[2026-02-17 11:15:48,992] INFO: Time: 0.7598904830001629; Command Position: 0.1179224628566787; Output Position: 0.11787625861607975; Motor Current: 1.0
[2026-02-17 11:15:48,993] INFO: Time: 0.7609500670000671; Command Position: 0.1179224628566787; Output Position: 0.11788549946419953; Motor Current: 1.0
[2026-02-17 11:15:48,994] INFO: Time: 0.7620095770000717; Command Position: 0.1179224628566787; Output Position: 0.11787625861607975; Motor Current: 2.0
[2026-02-17 11:15:48,995] INFO: Time: 0.7630702910000764; Command Position: 0.1179224628566787; Output Position: 0.11787625861607975; Motor Current: 1.0
[2026-02-17 11:15:48,996] INFO: Time: 0.7641305240001657; Command Position: 0.1179224628566787; Output Position: 0.11787625861607975; Motor Current: 0.0
[2026-02-17 11:15:48,997] INFO: Time: 0.765189090000149; Command Position: 0.1179224628566787; Output Position: 0.11786701776795996; Motor Current: 0.0
[2026-02-17 11:15:48,998] INFO: Time: 0.7662486550000267; Command Position: 0.1179224628566787; Output Position: 0.11787625861607975; Motor Current: 0.0
[2026-02-17 11:15:48,999] INFO: Time: 0.7673080360000313; Command Position: 0.1179224628566787; Output Position: 0.11787625861607975; Motor Current: 0.0
[2026-02-17 11:15:49,000] INFO: Time: 0.7683671200002209; Command Position: 0.1179224628566787; Output Position: 0.11787625861607975; Motor Current: 0.0
[2026-02-17 11:15:49,001] INFO: Time: 0.7694277970001622; Command Position: 0.1179224628566787; Output Position: 0.11786701776795996; Motor Current: 0.0
[2026-02-17 11:15:49,002] INFO: Time: 0.7705417150000358; Command Position: 0.1179224628566787; Output Position: 0.11787625861607975; Motor Current: 1.0
[2026-02-17 11:15:49,003] INFO: Time: 0.7716003000000455; Command Position: 0.1179224628566787; Output Position: 0.11787625861607975; Motor Current: 0.0
[2026-02-17 11:15:49,004] INFO: Time: 0.7726596990000871; Command Position: 0.1179224628566787; Output Position: 0.11787625861607975; Motor Current: 0.0
[2026-02-17 11:15:49,006] INFO: Time: 0.7739279330000954; Command Position: 0.1179224628566787; Output Position: 0.11787625861607975; Motor Current: 0.0
[2026-02-17 11:15:49,007] INFO: Time: 0.7749897210001109; Command Position: 0.1179224628566787; Output Position: 0.11786701776795996; Motor Current: 0.0
[2026-02-17 11:15:49,008] INFO: Time: 0.7760508980002214; Command Position: 0.1179224628566787; Output Position: 0.11786701776795996; Motor Current: 0.0
[2026-02-17 11:15:49,009] INFO: Time: 0.7771097230001942; Command Position: 0.1179224628566787; Output Position: 0.11787625861607975; Motor Current: 0.0
[2026-02-17 11:15:49,010] INFO: Time: 0.7781695480000508; Command Position: 0.1179224628566787; Output Position: 0.11787625861607975; Motor Current: -3.0
[2026-02-17 11:15:49,011] INFO: Time: 0.7792292990000078; Command Position: 0.1179224628566787; Output Position: 0.11785777691984016; Motor Current: -2.0
[2026-02-17 11:15:49,012] INFO: Time: 0.780288143000007; Command Position: 0.1179224628566787; Output Position: 0.11786701776795996; Motor Current: -2.0
[2026-02-17 11:15:49,013] INFO: Time: 0.7813486720001492; Command Position: 0.1179224628566787; Output Position: 0.11787625861607975; Motor Current: -1.0
[2026-02-17 11:15:49,014] INFO: Time: 0.782409590000043; Command Position: 0.1179224628566787; Output Position: 0.11787625861607975; Motor Current: -1.0
[2026-02-17 11:15:49,015] INFO: Time: 0.7834667850002006; Command Position: 0.1179224628566787; Output Position: 0.11786701776795996; Motor Current: 0.0
[2026-02-17 11:15:49,016] INFO: Time: 0.7845257400001628; Command Position: 0.1179224628566787; Output Position: 0.11787625861607975; Motor Current: -1.0
[2026-02-17 11:15:49,017] INFO: Time: 0.7855846200000087; Command Position: 0.1179224628566787; Output Position: 0.11787625861607975; Motor Current: -2.0
[2026-02-17 11:15:49,018] INFO: Time: 0.7866435190001084; Command Position: 0.1179224628566787; Output Position: 0.11786701776795996; Motor Current: 0.0
[2026-02-17 11:15:49,019] INFO: Time: 0.7877038450001237; Command Position: 0.1179224628566787; Output Position: 0.11787625861607975; Motor Current: 0.0
[2026-02-17 11:15:49,021] INFO: Time: 0.7887641330000861; Command Position: 0.1179224628566787; Output Position: 0.11787625861607975; Motor Current: 0.0
[2026-02-17 11:15:49,022] INFO: Time: 0.7898285130002023; Command Position: 0.1179224628566787; Output Position: 0.11787625861607975; Motor Current: 0.0
[2026-02-17 11:15:49,023] INFO: Time: 0.7908899680001014; Command Position: 0.1179224628566787; Output Position: 0.11787625861607975; Motor Current: 0.0
[2026-02-17 11:15:49,024] INFO: Time: 0.7919678120001663; Command Position: 0.1179224628566787; Output Position: 0.11788549946419953; Motor Current: -1.0
[2026-02-17 11:15:49,025] INFO: Time: 0.7930278400001498; Command Position: 0.1179224628566787; Output Position: 0.11788549946419953; Motor Current: -1.0
[2026-02-17 11:15:49,026] INFO: Time: 0.7940881660001651; Command Position: 0.1179224628566787; Output Position: 0.11786701776795996; Motor Current: -3.0
[2026-02-17 11:15:49,027] INFO: Time: 0.7951486020001539; Command Position: 0.1179224628566787; Output Position: 0.11788549946419953; Motor Current: -2.0
[2026-02-17 11:15:49,028] INFO: Time: 0.7962076120002166; Command Position: 0.1179224628566787; Output Position: 0.11787625861607975; Motor Current: -2.0
[2026-02-17 11:15:49,029] INFO: Time: 0.7972668070001419; Command Position: 0.1179224628566787; Output Position: 0.11786701776795996; Motor Current: -2.0
[2026-02-17 11:15:49,030] INFO: Time: 0.7983259100001305; Command Position: 0.1179224628566787; Output Position: 0.11786701776795996; Motor Current: -1.0
[2026-02-17 11:15:49,031] INFO: Time: 0.7993850870000188; Command Position: 0.1179224628566787; Output Position: 0.11787625861607975; Motor Current: 0.0
[2026-02-17 11:15:49,032] INFO: Time: 0.8004462270000658; Command Position: 0.1179224628566787; Output Position: 0.11787625861607975; Motor Current: 1.0
[2026-02-17 11:15:49,033] INFO: Time: 0.8015065890001551; Command Position: 0.1179224628566787; Output Position: 0.11787625861607975; Motor Current: 3.0
[2026-02-17 11:15:49,034] INFO: Time: 0.8025639140000749; Command Position: 0.1179224628566787; Output Position: 0.11787625861607975; Motor Current: 1.0
[2026-02-17 11:15:49,035] INFO: Time: 0.803623258000016; Command Position: 0.1179224628566787; Output Position: 0.11788549946419953; Motor Current: 1.0
[2026-02-17 11:15:49,036] INFO: Time: 0.8046824530001686; Command Position: 0.1179224628566787; Output Position: 0.11786701776795996; Motor Current: 1.0
[2026-02-17 11:15:49,038] INFO: Time: 0.8057447410001259; Command Position: 0.1179224628566787; Output Position: 0.11787625861607975; Motor Current: 0.0
[2026-02-17 11:15:49,039] INFO: Time: 0.8068063630000779; Command Position: 0.1179224628566787; Output Position: 0.11786701776795996; Motor Current: 0.0
[2026-02-17 11:15:49,040] INFO: Time: 0.8078654470000401; Command Position: 0.1179224628566787; Output Position: 0.11785777691984016; Motor Current: 0.0
[2026-02-17 11:15:49,041] INFO: Time: 0.8089245500000288; Command Position: 0.1179224628566787; Output Position: 0.11787625861607975; Motor Current: 1.0
[2026-02-17 11:15:49,042] INFO: Time: 0.8099834120000651; Command Position: 0.1179224628566787; Output Position: 0.11787625861607975; Motor Current: 2.0
[2026-02-17 11:15:49,043] INFO: Time: 0.8110423670000273; Command Position: 0.1179224628566787; Output Position: 0.11786701776795996; Motor Current: 3.0
[2026-02-17 11:15:49,044] INFO: Time: 0.8121126550001918; Command Position: 0.1179224628566787; Output Position: 0.11787625861607975; Motor Current: 3.0
[2026-02-17 11:15:49,045] INFO: Time: 0.8131733870000062; Command Position: 0.1179224628566787; Output Position: 0.11788549946419953; Motor Current: 2.0
[2026-02-17 11:15:49,046] INFO: Time: 0.8142309530001057; Command Position: 0.1179224628566787; Output Position: 0.11787625861607975; Motor Current: 3.0
[2026-02-17 11:15:49,047] INFO: Time: 0.8152905370000099; Command Position: 0.1179224628566787; Output Position: 0.11786701776795996; Motor Current: 1.0
[2026-02-17 11:15:49,048] INFO: Time: 0.8163492140001836; Command Position: 0.1179224628566787; Output Position: 0.11787625861607975; Motor Current: 0.0
[2026-02-17 11:15:49,049] INFO: Time: 0.8174083360001987; Command Position: 0.1179224628566787; Output Position: 0.11786701776795996; Motor Current: -1.0
[2026-02-17 11:15:49,050] INFO: Time: 0.8184684570001082; Command Position: 0.1179224628566787; Output Position: 0.11787625861607975; Motor Current: -1.0
[2026-02-17 11:15:49,051] INFO: Time: 0.8195282450001287; Command Position: 0.1179224628566787; Output Position: 0.11786701776795996; Motor Current: -1.0
[2026-02-17 11:15:49,052] INFO: Time: 0.8205863110001701; Command Position: 0.1179224628566787; Output Position: 0.11787625861607975; Motor Current: -3.0
[2026-02-17 11:15:49,053] INFO: Time: 0.8216456920001747; Command Position: 0.1179224628566787; Output Position: 0.11787625861607975; Motor Current: -1.0
[2026-02-17 11:15:49,054] INFO: Time: 0.8227050540001528; Command Position: 0.1179224628566787; Output Position: 0.11788549946419953; Motor Current: -2.0
[2026-02-17 11:15:49,056] INFO: Time: 0.8237674340000467; Command Position: 0.1179224628566787; Output Position: 0.11787625861607975; Motor Current: -2.0
[2026-02-17 11:15:49,057] INFO: Time: 0.824829389000115; Command Position: 0.1179224628566787; Output Position: 0.11787625861607975; Motor Current: -2.0
[2026-02-17 11:15:49,058] INFO: Time: 0.8258887510000932; Command Position: 0.1179224628566787; Output Position: 0.11787625861607975; Motor Current: -1.0
[2026-02-17 11:15:49,059] INFO: Time: 0.8269658359999994; Command Position: 0.1179224628566787; Output Position: 0.11787625861607975; Motor Current: -1.0
[2026-02-17 11:15:49,060] INFO: Time: 0.828024920000189; Command Position: 0.1179224628566787; Output Position: 0.11786701776795996; Motor Current: -2.0
[2026-02-17 11:15:49,061] INFO: Time: 0.8290839490000508; Command Position: 0.1179224628566787; Output Position: 0.11786701776795996; Motor Current: -4.0
[2026-02-17 11:15:49,062] INFO: Time: 0.8301447550002194; Command Position: 0.1179224628566787; Output Position: 0.11788549946419953; Motor Current: -4.0
[2026-02-17 11:15:49,063] INFO: Time: 0.8312049510000179; Command Position: 0.1179224628566787; Output Position: 0.11787625861607975; Motor Current: -2.0
[2026-02-17 11:15:49,064] INFO: Time: 0.8322620910000751; Command Position: 0.1179224628566787; Output Position: 0.11786701776795996; Motor Current: -2.0
[2026-02-17 11:15:49,065] INFO: Time: 0.833321805000196; Command Position: 0.1179224628566787; Output Position: 0.11787625861607975; Motor Current: -1.0
[2026-02-17 11:15:49,066] INFO: Time: 0.8343806670000049; Command Position: 0.1179224628566787; Output Position: 0.11787625861607975; Motor Current: -1.0
[2026-02-17 11:15:49,067] INFO: Time: 0.8354403620000994; Command Position: 0.1179224628566787; Output Position: 0.11787625861607975; Motor Current: 0.0
[2026-02-17 11:15:49,068] INFO: Time: 0.8365015020001465; Command Position: 0.1179224628566787; Output Position: 0.11786701776795996; Motor Current: 1.0
[2026-02-17 11:15:49,069] INFO: Time: 0.8375619010000719; Command Position: 0.1179224628566787; Output Position: 0.11788549946419953; Motor Current: 1.0
[2026-02-17 11:15:49,070] INFO: Time: 0.8386212820000765; Command Position: 0.1179224628566787; Output Position: 0.11786701776795996; Motor Current: 2.0
[2026-02-17 11:15:49,071] INFO: Time: 0.8396807550000176; Command Position: 0.1179224628566787; Output Position: 0.11786701776795996; Motor Current: 1.0
[2026-02-17 11:15:49,072] INFO: Time: 0.8407395060000908; Command Position: 0.1179224628566787; Output Position: 0.11787625861607975; Motor Current: 1.0
[2026-02-17 11:15:49,074] INFO: Time: 0.8418022760001804; Command Position: 0.1179224628566787; Output Position: 0.11786701776795996; Motor Current: 1.0
[2026-02-17 11:15:49,075] INFO: Time: 0.8428642860001219; Command Position: 0.1179224628566787; Output Position: 0.11786701776795996; Motor Current: 0.0
[2026-02-17 11:15:49,076] INFO: Time: 0.8439239260001159; Command Position: 0.1179224628566787; Output Position: 0.11787625861607975; Motor Current: 0.0
[2026-02-17 11:15:49,077] INFO: Time: 0.844983362000221; Command Position: 0.1179224628566787; Output Position: 0.11787625861607975; Motor Current: 0.0
[2026-02-17 11:15:49,078] INFO: Time: 0.8460420200001408; Command Position: 0.1179224628566787; Output Position: 0.11787625861607975; Motor Current: 0.0
[2026-02-17 11:15:49,079] INFO: Time: 0.8471076230000563; Command Position: 0.1179224628566787; Output Position: 0.11786701776795996; Motor Current: 0.0
[2026-02-17 11:15:49,080] INFO: Time: 0.8481679110000186; Command Position: 0.1179224628566787; Output Position: 0.11786701776795996; Motor Current: 0.0
[2026-02-17 11:15:49,081] INFO: Time: 0.8492282550000709; Command Position: 0.1179224628566787; Output Position: 0.11786701776795996; Motor Current: 0.0
[2026-02-17 11:15:49,082] INFO: Time: 0.8502872650001336; Command Position: 0.1179224628566787; Output Position: 0.11787625861607975; Motor Current: 0.0
[2026-02-17 11:15:49,083] INFO: Time: 0.8513466270001118; Command Position: 0.1179224628566787; Output Position: 0.11788549946419953; Motor Current: 0.0
[2026-02-17 11:15:49,084] INFO: Time: 0.8524056190001374; Command Position: 0.1179224628566787; Output Position: 0.11787625861607975; Motor Current: 0.0
[2026-02-17 11:15:49,085] INFO: Time: 0.8534649440000521; Command Position: 0.1179224628566787; Output Position: 0.11786701776795996; Motor Current: 0.0
[2026-02-17 11:15:49,086] INFO: Time: 0.8545256770000833; Command Position: 0.1179224628566787; Output Position: 0.11785777691984016; Motor Current: 0.0
[2026-02-17 11:15:49,087] INFO: Time: 0.8555860200001462; Command Position: 0.1179224628566787; Output Position: 0.11787625861607975; Motor Current: 0.0
[2026-02-17 11:15:49,088] INFO: Time: 0.8566438450000078; Command Position: 0.1179224628566787; Output Position: 0.11785777691984016; Motor Current: 0.0
[2026-02-17 11:15:49,089] INFO: Time: 0.8577034670001922; Command Position: 0.1179224628566787; Output Position: 0.11787625861607975; Motor Current: 1.0
[2026-02-17 11:15:49,091] INFO: Time: 0.858762625000054; Command Position: 0.1179224628566787; Output Position: 0.11787625861607975; Motor Current: 1.0
[2026-02-17 11:15:49,092] INFO: Time: 0.859823987000027; Command Position: 0.1179224628566787; Output Position: 0.11785777691984016; Motor Current: 1.0
[2026-02-17 11:15:49,093] INFO: Time: 0.8608855710001535; Command Position: 0.1179224628566787; Output Position: 0.11789474031231933; Motor Current: 1.0
[2026-02-17 11:15:49,094] INFO: Time: 0.8621906770001715; Command Position: 0.1179224628566787; Output Position: 0.11786701776795996; Motor Current: 2.0
[2026-02-17 11:15:49,095] INFO: Time: 0.8632510940001339; Command Position: 0.1179224628566787; Output Position: 0.11787625861607975; Motor Current: 2.0
[2026-02-17 11:15:49,096] INFO: Time: 0.8643117340000117; Command Position: 0.1179224628566787; Output Position: 0.11787625861607975; Motor Current: 2.0
[2026-02-17 11:15:49,097] INFO: Time: 0.8653721330001645; Command Position: 0.1179224628566787; Output Position: 0.11786701776795996; Motor Current: 0.0
[2026-02-17 11:15:49,098] INFO: Time: 0.8664333660001375; Command Position: 0.1179224628566787; Output Position: 0.11786701776795996; Motor Current: 0.0
[2026-02-17 11:15:49,099] INFO: Time: 0.8674941540000418; Command Position: 0.1179224628566787; Output Position: 0.11785777691984016; Motor Current: 0.0
[2026-02-17 11:15:49,100] INFO: Time: 0.8685536270002103; Command Position: 0.1179224628566787; Output Position: 0.11788549946419953; Motor Current: 0.0
[2026-02-17 11:15:49,101] INFO: Time: 0.8696135260001938; Command Position: 0.1179224628566787; Output Position: 0.11787625861607975; Motor Current: 0.0
[2026-02-17 11:15:49,102] INFO: Time: 0.8706731660001878; Command Position: 0.1179224628566787; Output Position: 0.11786701776795996; Motor Current: 0.0
[2026-02-17 11:15:49,104] INFO: Time: 0.8717358250000871; Command Position: 0.1179224628566787; Output Position: 0.11788549946419953; Motor Current: -2.0
[2026-02-17 11:15:49,105] INFO: Time: 0.8727970570000707; Command Position: 0.1179224628566787; Output Position: 0.11787625861607975; Motor Current: 0.0
[2026-02-17 11:15:49,106] INFO: Time: 0.8738566040001388; Command Position: 0.1179224628566787; Output Position: 0.11785777691984016; Motor Current: -1.0
[2026-02-17 11:15:49,107] INFO: Time: 0.87491728100008; Command Position: 0.1179224628566787; Output Position: 0.11787625861607975; Motor Current: -2.0
[2026-02-17 11:15:49,108] INFO: Time: 0.8759766810001111; Command Position: 0.1179224628566787; Output Position: 0.11787625861607975; Motor Current: -1.0
[2026-02-17 11:15:49,109] INFO: Time: 0.8770357280000098; Command Position: 0.1179224628566787; Output Position: 0.11788549946419953; Motor Current: -2.0
[2026-02-17 11:15:49,110] INFO: Time: 0.878100386000142; Command Position: 0.1179224628566787; Output Position: 0.11787625861607975; Motor Current: -1.0
[2026-02-17 11:15:49,111] INFO: Time: 0.8791634520000571; Command Position: 0.1179224628566787; Output Position: 0.11787625861607975; Motor Current: -1.0
[2026-02-17 11:15:49,112] INFO: Time: 0.8802530920002027; Command Position: 0.1179224628566787; Output Position: 0.11787625861607975; Motor Current: 0.0
[2026-02-17 11:15:49,113] INFO: Time: 0.881311973000038; Command Position: 0.1179224628566787; Output Position: 0.11787625861607975; Motor Current: 0.0
[2026-02-17 11:15:49,114] INFO: Time: 0.8823720940001749; Command Position: 0.1179224628566787; Output Position: 0.11786701776795996; Motor Current: 0.0
[2026-02-17 11:15:49,115] INFO: Time: 0.8834318640001584; Command Position: 0.1179224628566787; Output Position: 0.11787625861607975; Motor Current: 0.0
[2026-02-17 11:15:49,116] INFO: Time: 0.8844933190000575; Command Position: 0.1179224628566787; Output Position: 0.11787625861607975; Motor Current: 0.0
[2026-02-17 11:15:49,117] INFO: Time: 0.8855543100000887; Command Position: 0.1179224628566787; Output Position: 0.11786701776795996; Motor Current: 0.0
[2026-02-17 11:15:49,118] INFO: Time: 0.8866131350000614; Command Position: 0.1179224628566787; Output Position: 0.11787625861607975; Motor Current: 0.0
[2026-02-17 11:15:49,119] INFO: Time: 0.8876726640000925; Command Position: 0.1179224628566787; Output Position: 0.11787625861607975; Motor Current: 0.0
[2026-02-17 11:15:49,120] INFO: Time: 0.8887318220001816; Command Position: 0.1179224628566787; Output Position: 0.11788549946419953; Motor Current: 0.0
[2026-02-17 11:15:49,122] INFO: Time: 0.8897946480001337; Command Position: 0.1179224628566787; Output Position: 0.11787625861607975; Motor Current: 0.0
[2026-02-17 11:15:49,123] INFO: Time: 0.8908563620000223; Command Position: 0.1179224628566787; Output Position: 0.11786701776795996; Motor Current: 0.0
[2026-02-17 11:15:49,124] INFO: Time: 0.8919158160001643; Command Position: 0.1179224628566787; Output Position: 0.11786701776795996; Motor Current: -1.0
[2026-02-17 11:15:49,125] INFO: Time: 0.8929751970001689; Command Position: 0.1179224628566787; Output Position: 0.11786701776795996; Motor Current: -1.0
[2026-02-17 11:15:49,126] INFO: Time: 0.8940340780000042; Command Position: 0.1179224628566787; Output Position: 0.11786701776795996; Motor Current: -1.0
[2026-02-17 11:15:49,127] INFO: Time: 0.8951030320001792; Command Position: 0.1179224628566787; Output Position: 0.11786701776795996; Motor Current: 0.0
[2026-02-17 11:15:49,128] INFO: Time: 0.8961632090001785; Command Position: 0.1179224628566787; Output Position: 0.11789474031231933; Motor Current: -1.0
[2026-02-17 11:15:49,129] INFO: Time: 0.8972232200001145; Command Position: 0.1179224628566787; Output Position: 0.11786701776795996; Motor Current: -2.0
[2026-02-17 11:15:49,130] INFO: Time: 0.8982823780002036; Command Position: 0.1179224628566787; Output Position: 0.11787625861607975; Motor Current: 0.0
[2026-02-17 11:15:49,131] INFO: Time: 0.8993418510001447; Command Position: 0.1179224628566787; Output Position: 0.11787625861607975; Motor Current: -1.0
[2026-02-17 11:15:49,132] INFO: Time: 0.900400806000107; Command Position: 0.1179224628566787; Output Position: 0.11786701776795996; Motor Current: 0.0
[2026-02-17 11:15:49,133] INFO: Time: 0.9014600380000957; Command Position: 0.1179224628566787; Output Position: 0.11787625861607975; Motor Current: 0.0
[2026-02-17 11:15:49,134] INFO: Time: 0.9025209750000158; Command Position: 0.1179224628566787; Output Position: 0.11788549946419953; Motor Current: 0.0
[2026-02-17 11:15:49,135] INFO: Time: 0.903581966000047; Command Position: 0.1179224628566787; Output Position: 0.11787625861607975; Motor Current: 0.0
[2026-02-17 11:15:49,136] INFO: Time: 0.9046413650000886; Command Position: 0.1179224628566787; Output Position: 0.11787625861607975; Motor Current: 0.0
[2026-02-17 11:15:49,137] INFO: Time: 0.9057009870000456; Command Position: 0.1179224628566787; Output Position: 0.11786701776795996; Motor Current: 1.0
[2026-02-17 11:15:49,139] INFO: Time: 0.9067609410001296; Command Position: 0.1179224628566787; Output Position: 0.11788549946419953; Motor Current: 1.0
[2026-02-17 11:15:49,140] INFO: Time: 0.9078233220000129; Command Position: 0.1179224628566787; Output Position: 0.11786701776795996; Motor Current: 1.0
[2026-02-17 11:15:49,141] INFO: Time: 0.9088857950000602; Command Position: 0.1179224628566787; Output Position: 0.11786701776795996; Motor Current: 1.0
[2026-02-17 11:15:49,142] INFO: Time: 0.9099470460000703; Command Position: 0.1179224628566787; Output Position: 0.11787625861607975; Motor Current: 2.0
[2026-02-17 11:15:49,143] INFO: Time: 0.9110064270000748; Command Position: 0.1179224628566787; Output Position: 0.11786701776795996; Motor Current: 3.0
[2026-02-17 11:15:49,144] INFO: Time: 0.9120652710000741; Command Position: 0.1179224628566787; Output Position: 0.11785777691984016; Motor Current: 3.0
[2026-02-17 11:15:49,145] INFO: Time: 0.9131288730000051; Command Position: 0.1179224628566787; Output Position: 0.11785777691984016; Motor Current: 3.0
[2026-02-17 11:15:49,146] INFO: Time: 0.9141893470000468; Command Position: 0.1179224628566787; Output Position: 0.11786701776795996; Motor Current: 3.0
[2026-02-17 11:15:49,147] INFO: Time: 0.915249987000152; Command Position: 0.1179224628566787; Output Position: 0.11787625861607975; Motor Current: 3.0
[2026-02-17 11:15:49,148] INFO: Time: 0.9163089600001513; Command Position: 0.1179224628566787; Output Position: 0.11787625861607975; Motor Current: 0.0
[2026-02-17 11:15:49,149] INFO: Time: 0.9173677660000976; Command Position: 0.1179224628566787; Output Position: 0.11786701776795996; Motor Current: 0.0
[2026-02-17 11:15:49,150] INFO: Time: 0.9184267400000863; Command Position: 0.1179224628566787; Output Position: 0.11788549946419953; Motor Current: 0.0
[2026-02-17 11:15:49,151] INFO: Time: 0.9194855650000591; Command Position: 0.1179224628566787; Output Position: 0.11786701776795996; Motor Current: 0.0
[2026-02-17 11:15:49,152] INFO: Time: 0.9205466680000427; Command Position: 0.1179224628566787; Output Position: 0.11787625861607975; Motor Current: -2.0
[2026-02-17 11:15:49,153] INFO: Time: 0.9216068630000791; Command Position: 0.1179224628566787; Output Position: 0.11787625861607975; Motor Current: -2.0
[2026-02-17 11:15:49,154] INFO: Time: 0.9226640210001733; Command Position: 0.1179224628566787; Output Position: 0.11787625861607975; Motor Current: -3.0
[2026-02-17 11:15:49,155] INFO: Time: 0.9237229580000985; Command Position: 0.1179224628566787; Output Position: 0.11786701776795996; Motor Current: -3.0
[2026-02-17 11:15:49,157] INFO: Time: 0.924782875000119; Command Position: 0.1179224628566787; Output Position: 0.11787625861607975; Motor Current: -2.0
[2026-02-17 11:15:49,158] INFO: Time: 0.925842811000166; Command Position: 0.1179224628566787; Output Position: 0.11787625861607975; Motor Current: -2.0
[2026-02-17 11:15:49,159] INFO: Time: 0.9269092660001661; Command Position: 0.1179224628566787; Output Position: 0.11786701776795996; Motor Current: -3.0
[2026-02-17 11:15:49,160] INFO: Time: 0.9279735360000814; Command Position: 0.1179224628566787; Output Position: 0.11788549946419953; Motor Current: -2.0
[2026-02-17 11:15:49,161] INFO: Time: 0.9290326200000436; Command Position: 0.1179224628566787; Output Position: 0.11788549946419953; Motor Current: -2.0
[2026-02-17 11:15:49,162] INFO: Time: 0.9300915750000058; Command Position: 0.1179224628566787; Output Position: 0.11786701776795996; Motor Current: -1.0
[2026-02-17 11:15:49,163] INFO: Time: 0.9311505660000421; Command Position: 0.1179224628566787; Output Position: 0.11785777691984016; Motor Current: -1.0
[2026-02-17 11:15:49,164] INFO: Time: 0.9322118360000786; Command Position: 0.1179224628566787; Output Position: 0.11788549946419953; Motor Current: -1.0
[2026-02-17 11:15:49,165] INFO: Time: 0.933272235000004; Command Position: 0.1179224628566787; Output Position: 0.11787625861607975; Motor Current: -1.0
[2026-02-17 11:15:49,166] INFO: Time: 0.9343310790000032; Command Position: 0.1179224628566787; Output Position: 0.11786701776795996; Motor Current: 0.0
[2026-02-17 11:15:49,167] INFO: Time: 0.9353902190000554; Command Position: 0.1179224628566787; Output Position: 0.11786701776795996; Motor Current: 0.0
[2026-02-17 11:15:49,168] INFO: Time: 0.9364495990000705; Command Position: 0.1179224628566787; Output Position: 0.11786701776795996; Motor Current: 0.0
[2026-02-17 11:15:49,169] INFO: Time: 0.9375084430000697; Command Position: 0.1179224628566787; Output Position: 0.11786701776795996; Motor Current: 0.0
[2026-02-17 11:15:49,170] INFO: Time: 0.9385692680000375; Command Position: 0.1179224628566787; Output Position: 0.11787625861607975; Motor Current: 0.0
[2026-02-17 11:15:49,171] INFO: Time: 0.9396298890001162; Command Position: 0.1179224628566787; Output Position: 0.11787625861607975; Motor Current: 0.0
[2026-02-17 11:15:49,172] INFO: Time: 0.9406874740000148; Command Position: 0.1179224628566787; Output Position: 0.11785777691984016; Motor Current: 1.0
[2026-02-17 11:15:49,174] INFO: Time: 0.941746743000067; Command Position: 0.1179224628566787; Output Position: 0.11788549946419953; Motor Current: 1.0
[2026-02-17 11:15:49,175] INFO: Time: 0.942806068000209; Command Position: 0.1179224628566787; Output Position: 0.11787625861607975; Motor Current: 0.0
[2026-02-17 11:15:49,176] INFO: Time: 0.9438646150001659; Command Position: 0.1179224628566787; Output Position: 0.11786701776795996; Motor Current: 0.0
[2026-02-17 11:15:49,177] INFO: Time: 0.9449261070001285; Command Position: 0.1179224628566787; Output Position: 0.11786701776795996; Motor Current: 0.0
[2026-02-17 11:15:49,178] INFO: Time: 0.9459891550000066; Command Position: 0.1179224628566787; Output Position: 0.11786701776795996; Motor Current: 0.0
[2026-02-17 11:15:49,179] INFO: Time: 0.9470500170000378; Command Position: 0.1179224628566787; Output Position: 0.11786701776795996; Motor Current: 0.0
[2026-02-17 11:15:49,180] INFO: Time: 0.948107064000169; Command Position: 0.1179224628566787; Output Position: 0.11787625861607975; Motor Current: 0.0
[2026-02-17 11:15:49,181] INFO: Time: 0.9491661670001577; Command Position: 0.1179224628566787; Output Position: 0.11787625861607975; Motor Current: 0.0
[2026-02-17 11:15:49,182] INFO: Time: 0.9502248070000405; Command Position: 0.1179224628566787; Output Position: 0.11786701776795996; Motor Current: 0.0
[2026-02-17 11:15:49,183] INFO: Time: 0.9512860210002145; Command Position: 0.1179224628566787; Output Position: 0.11787625861607975; Motor Current: 0.0
[2026-02-17 11:15:49,184] INFO: Time: 0.9523463090001769; Command Position: 0.1179224628566787; Output Position: 0.11788549946419953; Motor Current: 0.0
[2026-02-17 11:15:49,185] INFO: Time: 0.9534058190001815; Command Position: 0.1179224628566787; Output Position: 0.11785777691984016; Motor Current: 0.0
[2026-02-17 11:15:49,186] INFO: Time: 0.9545389040001737; Command Position: 0.1179224628566787; Output Position: 0.11787625861607975; Motor Current: 1.0
[2026-02-17 11:15:49,187] INFO: Time: 0.955599599000152; Command Position: 0.1179224628566787; Output Position: 0.11786701776795996; Motor Current: 1.0
[2026-02-17 11:15:49,188] INFO: Time: 0.9566587390002042; Command Position: 0.1179224628566787; Output Position: 0.11787625861607975; Motor Current: 1.0
[2026-02-17 11:15:49,190] INFO: Time: 0.9577306020000833; Command Position: 0.1179224628566787; Output Position: 0.11786701776795996; Motor Current: 2.0
[2026-02-17 11:15:49,191] INFO: Time: 0.9587904450002043; Command Position: 0.1179224628566787; Output Position: 0.11788549946419953; Motor Current: 2.0
[2026-02-17 11:15:49,192] INFO: Time: 0.9598500850001983; Command Position: 0.1179224628566787; Output Position: 0.11787625861607975; Motor Current: 2.0
[2026-02-17 11:15:49,193] INFO: Time: 0.9609097620000284; Command Position: 0.1179224628566787; Output Position: 0.11786701776795996; Motor Current: 1.0
[2026-02-17 11:15:49,194] INFO: Time: 0.9619735320000018; Command Position: 0.1179224628566787; Output Position: 0.11787625861607975; Motor Current: 0.0
[2026-02-17 11:15:49,195] INFO: Time: 0.9630329680001068; Command Position: 0.1179224628566787; Output Position: 0.11787625861607975; Motor Current: 1.0
[2026-02-17 11:15:49,196] INFO: Time: 0.9640947190000588; Command Position: 0.1179224628566787; Output Position: 0.11786701776795996; Motor Current: 1.0
[2026-02-17 11:15:49,197] INFO: Time: 0.9651556550002169; Command Position: 0.1179224628566787; Output Position: 0.11787625861607975; Motor Current: 0.0
[2026-02-17 11:15:49,198] INFO: Time: 0.9662150730000576; Command Position: 0.1179224628566787; Output Position: 0.11787625861607975; Motor Current: 0.0
[2026-02-17 11:15:49,199] INFO: Time: 0.9672741010001573; Command Position: 0.1179224628566787; Output Position: 0.11786701776795996; Motor Current: 0.0
[2026-02-17 11:15:49,200] INFO: Time: 0.9683330000000296; Command Position: 0.1179224628566787; Output Position: 0.11787625861607975; Motor Current: 0.0
[2026-02-17 11:15:49,201] INFO: Time: 0.9693918630000553; Command Position: 0.1179224628566787; Output Position: 0.11787625861607975; Motor Current: 0.0
[2026-02-17 11:15:49,202] INFO: Time: 0.970530207000138; Command Position: 0.1179224628566787; Output Position: 0.11786701776795996; Motor Current: 0.0
[2026-02-17 11:15:49,203] INFO: Time: 0.9715934390001166; Command Position: 0.1179224628566787; Output Position: 0.11788549946419953; Motor Current: -1.0
[2026-02-17 11:15:49,204] INFO: Time: 0.9726560050000899; Command Position: 0.1179224628566787; Output Position: 0.11786701776795996; Motor Current: -2.0
[2026-02-17 11:15:49,205] INFO: Time: 0.9737161640000522; Command Position: 0.1179224628566787; Output Position: 0.11786701776795996; Motor Current: -2.0
[2026-02-17 11:15:49,207] INFO: Time: 0.9747763590000886; Command Position: 0.1179224628566787; Output Position: 0.11785777691984016; Motor Current: -1.0
[2026-02-17 11:15:49,208] INFO: Time: 0.9758361660001356; Command Position: 0.1179224628566787; Output Position: 0.11788549946419953; Motor Current: 0.0
[2026-02-17 11:15:49,209] INFO: Time: 0.9768966390001879; Command Position: 0.1179224628566787; Output Position: 0.11787625861607975; Motor Current: 0.0
[2026-02-17 11:15:49,210] INFO: Time: 0.9779753350001101; Command Position: 0.1179224628566787; Output Position: 0.11788549946419953; Motor Current: -1.0
[2026-02-17 11:15:49,211] INFO: Time: 0.9790346970000883; Command Position: 0.1179224628566787; Output Position: 0.11786701776795996; Motor Current: -2.0
[2026-02-17 11:15:49,212] INFO: Time: 0.980093707000151; Command Position: 0.1179224628566787; Output Position: 0.11786701776795996; Motor Current: -1.0
[2026-02-17 11:15:49,213] INFO: Time: 0.9811524580002242; Command Position: 0.1179224628566787; Output Position: 0.11787625861607975; Motor Current: -1.0
[2026-02-17 11:15:49,214] INFO: Time: 0.9822112270001071; Command Position: 0.1179224628566787; Output Position: 0.11786701776795996; Motor Current: -1.0
[2026-02-17 11:15:49,215] INFO: Time: 0.9832724600000802; Command Position: 0.1179224628566787; Output Position: 0.11787625861607975; Motor Current: -1.0
[2026-02-17 11:15:49,216] INFO: Time: 0.98433256300018; Command Position: 0.1179224628566787; Output Position: 0.11787625861607975; Motor Current: -2.0
[2026-02-17 11:15:49,217] INFO: Time: 0.9853912580001634; Command Position: 0.1179224628566787; Output Position: 0.11786701776795996; Motor Current: 0.0
[2026-02-17 11:15:49,218] INFO: Time: 0.9864501940000991; Command Position: 0.1179224628566787; Output Position: 0.11788549946419953; Motor Current: -1.0
[2026-02-17 11:15:49,219] INFO: Time: 0.9875094450001143; Command Position: 0.1179224628566787; Output Position: 0.11786701776795996; Motor Current: 0.0
[2026-02-17 11:15:49,220] INFO: Time: 0.988568419000103; Command Position: 0.1179224628566787; Output Position: 0.11788549946419953; Motor Current: 0.0
[2026-02-17 11:15:49,221] INFO: Time: 0.9896288360000653; Command Position: 0.1179224628566787; Output Position: 0.11786701776795996; Motor Current: 0.0
[2026-02-17 11:15:49,222] INFO: Time: 0.9906889950000277; Command Position: 0.1179224628566787; Output Position: 0.11787625861607975; Motor Current: 0.0
[2026-02-17 11:15:49,224] INFO: Time: 0.991747968000027; Command Position: 0.1179224628566787; Output Position: 0.11787625861607975; Motor Current: 0.0
[2026-02-17 11:15:49,225] INFO: Time: 0.9928072560001056; Command Position: 0.1179224628566787; Output Position: 0.11787625861607975; Motor Current: 0.0
[2026-02-17 11:15:49,226] INFO: Time: 0.9938661000001048; Command Position: 0.1179224628566787; Output Position: 0.11788549946419953; Motor Current: 0.0
[2026-02-17 11:15:49,227] INFO: Time: 0.9949254990001464; Command Position: 0.1179224628566787; Output Position: 0.11786701776795996; Motor Current: 0.0
[2026-02-17 11:15:49,228] INFO: Time: 0.9959865830001036; Command Position: 0.1179224628566787; Output Position: 0.11786701776795996; Motor Current: 0.0
[2026-02-17 11:15:49,229] INFO: Time: 0.9970461120001346; Command Position: 0.1179224628566787; Output Position: 0.11787625861607975; Motor Current: 0.0
[2026-02-17 11:15:49,230] INFO: Time: 0.9981137700001455; Command Position: 0.1179224628566787; Output Position: 0.11785777691984016; Motor Current: 0.0
[2026-02-17 11:15:49,231] INFO: Time: 0.9991726320001817; Command Position: 0.1179224628566787; Output Position: 0.11787625861607975; Motor Current: 0.0
[2026-02-17 11:15:49,232] INFO: Time: 1.0002312540000275; Command Position: 0.22264221797633849; Output Position: 0.11787625861607975; Motor Current: 0.0
[2026-02-17 11:15:49,233] INFO: Time: 1.0012903200001801; Command Position: 0.22264221797633849; Output Position: 0.11786701776795996; Motor Current: 1.0
[2026-02-17 11:15:49,234] INFO: Time: 1.0023514590000104; Command Position: 0.22264221797633849; Output Position: 0.11788549946419953; Motor Current: 1.0
[2026-02-17 11:15:49,235] INFO: Time: 1.0034123030000046; Command Position: 0.22264221797633849; Output Position: 0.11787625861607975; Motor Current: 1.0
[2026-02-17 11:15:49,236] INFO: Time: 1.0044710540000779; Command Position: 0.22264221797633849; Output Position: 0.11785777691984016; Motor Current: 1.0
[2026-02-17 11:15:49,237] INFO: Time: 1.0055302310001935; Command Position: 0.22264221797633849; Output Position: 0.11786701776795996; Motor Current: 1.0
[2026-02-17 11:15:49,238] INFO: Time: 1.0065890560001662; Command Position: 0.22264221797633849; Output Position: 0.11787625861607975; Motor Current: 106.0
[2026-02-17 11:15:49,239] INFO: Time: 1.0076492880000387; Command Position: 0.22264221797633849; Output Position: 0.11788549946419953; Motor Current: 673.0
[2026-02-17 11:15:49,240] INFO: Time: 1.0087106880000647; Command Position: 0.22264221797633849; Output Position: 0.11802411218599644; Motor Current: 1075.0
[2026-02-17 11:15:49,242] INFO: Time: 1.009769661000064; Command Position: 0.22264221797633849; Output Position: 0.11821816999651209; Motor Current: 1370.0
[2026-02-17 11:15:49,243] INFO: Time: 1.0108300230001532; Command Position: 0.22264221797633849; Output Position: 0.1184769137438663; Motor Current: 1741.0
[2026-02-17 11:15:49,244] INFO: Time: 1.0118899960000363; Command Position: 0.22264221797633849; Output Position: 0.11881882512429864; Motor Current: 2164.0
[2026-02-17 11:15:49,245] INFO: Time: 1.012949988000173; Command Position: 0.22264221797633849; Output Position: 0.11971518739191857; Motor Current: 2932.0
[2026-02-17 11:15:49,246] INFO: Time: 1.0140291470002012; Command Position: 0.22264221797633849; Output Position: 0.12026039743098636; Motor Current: 2909.0
[2026-02-17 11:15:49,247] INFO: Time: 1.0150907310001003; Command Position: 0.22264221797633849; Output Position: 0.12090725679937186; Motor Current: 2812.0
[2026-02-17 11:15:49,248] INFO: Time: 1.0161507970001367; Command Position: 0.22264221797633849; Output Position: 0.12161880210459593; Motor Current: 2829.0
[2026-02-17 11:15:49,249] INFO: Time: 1.0172103440002047; Command Position: 0.22264221797633849; Output Position: 0.12239503334665854; Motor Current: 2845.0
[2026-02-17 11:15:49,250] INFO: Time: 1.0182699650001723; Command Position: 0.22264221797633849; Output Position: 0.12323595052555969; Motor Current: 2803.0
[2026-02-17 11:15:49,251] INFO: Time: 1.0193289760002244; Command Position: 0.22264221797633849; Output Position: 0.12415079448941921; Motor Current: 2697.0
[2026-02-17 11:15:49,252] INFO: Time: 1.0203897640001287; Command Position: 0.22264221797633849; Output Position: 0.12511184269387768; Motor Current: 2604.0
[2026-02-17 11:15:49,253] INFO: Time: 1.0214528480000808; Command Position: 0.22264221797633849; Output Position: 0.12612833598705492; Motor Current: 2510.0
[2026-02-17 11:15:49,254] INFO: Time: 1.022513599000149; Command Position: 0.22264221797633849; Output Position: 0.1272095152170707; Motor Current: 2405.0
[2026-02-17 11:15:49,255] INFO: Time: 1.0235729240000637; Command Position: 0.22264221797633849; Output Position: 0.12831841699144586; Motor Current: 2298.0
[2026-02-17 11:15:49,256] INFO: Time: 1.0246321200002058; Command Position: 0.22264221797633849; Output Position: 0.12949200470265956; Motor Current: 2197.0
[2026-02-17 11:15:49,257] INFO: Time: 1.025693259000036; Command Position: 0.22264221797633849; Output Position: 0.13069331495823266; Motor Current: 2067.0
[2026-02-17 11:15:49,259] INFO: Time: 1.0269364570001471; Command Position: 0.22264221797633849; Output Position: 0.13193158860628493; Motor Current: 1937.0
[2026-02-17 11:15:49,260] INFO: Time: 1.02799680000021; Command Position: 0.22264221797633849; Output Position: 0.13320682564681638; Motor Current: 1844.0
[2026-02-17 11:15:49,261] INFO: Time: 1.0290574770001513; Command Position: 0.22264221797633849; Output Position: 0.13586818990531677; Motor Current: 1607.0
[2026-02-17 11:15:49,262] INFO: Time: 1.0301170250002087; Command Position: 0.22264221797633849; Output Position: 0.13722659457892633; Motor Current: 1537.0
[2026-02-17 11:15:49,263] INFO: Time: 1.0312740170002144; Command Position: 0.22264221797633849; Output Position: 0.1386127217968953; Motor Current: 1435.0
[2026-02-17 11:15:49,264] INFO: Time: 1.0323363420000078; Command Position: 0.22264221797633849; Output Position: 0.14002657155922363; Motor Current: 1309.0
[2026-02-17 11:15:49,265] INFO: Time: 1.0333983340001396; Command Position: 0.22264221797633849; Output Position: 0.14144042132155193; Motor Current: 1228.0
[2026-02-17 11:15:49,266] INFO: Time: 1.0344583630001125; Command Position: 0.22264221797633849; Output Position: 0.14289123447635946; Motor Current: 1139.0
[2026-02-17 11:15:49,267] INFO: Time: 1.0355189470001278; Command Position: 0.22264221797633849; Output Position: 0.14433280678304716; Motor Current: 1043.0
[2026-02-17 11:15:49,268] INFO: Time: 1.036579402000143; Command Position: 0.22264221797633849; Output Position: 0.14578361993785469; Motor Current: 975.0
[2026-02-17 11:15:49,269] INFO: Time: 1.0376443380000637; Command Position: 0.22264221797633849; Output Position: 0.14725291478890176; Motor Current: 879.0
[2026-02-17 11:15:49,270] INFO: Time: 1.038706200000206; Command Position: 0.22264221797633849; Output Position: 0.14871296879182905; Motor Current: 786.0
[2026-02-17 11:15:49,272] INFO: Time: 1.0397659510001631; Command Position: 0.22264221797633849; Output Position: 0.15018226364287615; Motor Current: 728.0
[2026-02-17 11:15:49,273] INFO: Time: 1.040824276000194; Command Position: 0.22264221797633849; Output Position: 0.15165155849392323; Motor Current: 660.0
[2026-02-17 11:15:49,274] INFO: Time: 1.0418841570001405; Command Position: 0.22264221797633849; Output Position: 0.1531393350412099; Motor Current: 596.0
[2026-02-17 11:15:49,275] INFO: Time: 1.0429437410000446; Command Position: 0.22264221797633849; Output Position: 0.1545901481960174; Motor Current: 542.0
[2026-02-17 11:15:49,276] INFO: Time: 1.0440191410000352; Command Position: 0.22264221797633849; Output Position: 0.157510256201872; Motor Current: 423.0
[2026-02-17 11:15:49,277] INFO: Time: 1.0450797430000875; Command Position: 0.22264221797633849; Output Position: 0.1589610693566795; Motor Current: 388.0
[2026-02-17 11:15:49,278] INFO: Time: 1.0461390680000022; Command Position: 0.22264221797633849; Output Position: 0.16041188251148703; Motor Current: 344.0
[2026-02-17 11:15:49,279] INFO: Time: 1.047195634000218; Command Position: 0.22264221797633849; Output Position: 0.16183497312193512; Motor Current: 297.0
[2026-02-17 11:15:49,280] INFO: Time: 1.0482541630001379; Command Position: 0.22264221797633849; Output Position: 0.16324882288426346; Motor Current: 254.0
[2026-02-17 11:15:49,281] INFO: Time: 1.0493130810000366; Command Position: 0.22264221797633849; Output Position: 0.16466267264659182; Motor Current: 214.0
[2026-02-17 11:15:49,282] INFO: Time: 1.0503741090001313; Command Position: 0.22264221797633849; Output Position: 0.16604879986456075; Motor Current: 178.0
[2026-02-17 11:15:49,283] INFO: Time: 1.0514342860001307; Command Position: 0.22264221797633849; Output Position: 0.16743492708252972; Motor Current: 134.0
[2026-02-17 11:15:49,284] INFO: Time: 1.0524922040001456; Command Position: 0.22264221797633849; Output Position: 0.16879333175613928; Motor Current: 89.0
[2026-02-17 11:15:49,285] INFO: Time: 1.0535512700000709; Command Position: 0.22264221797633849; Output Position: 0.17013325473350926; Motor Current: 52.0
[2026-02-17 11:15:49,286] INFO: Time: 1.0546102060000067; Command Position: 0.22264221797633849; Output Position: 0.17145469601463967; Motor Current: 20.0
[2026-02-17 11:15:49,287] INFO: Time: 1.0556690870000693; Command Position: 0.22264221797633849; Output Position: 0.17276689644765028; Motor Current: -11.0
[2026-02-17 11:15:49,289] INFO: Time: 1.056730615000106; Command Position: 0.22264221797633849; Output Position: 0.17405137433630152; Motor Current: -39.0
[2026-02-17 11:15:49,290] INFO: Time: 1.0577919220002059; Command Position: 0.22264221797633849; Output Position: 0.17532661137683295; Motor Current: -76.0
[2026-02-17 11:15:49,291] INFO: Time: 1.0588513030002105; Command Position: 0.22264221797633849; Output Position: 0.176574125873005; Motor Current: -106.0
[2026-02-17 11:15:49,292] INFO: Time: 1.0599100720000934; Command Position: 0.22264221797633849; Output Position: 0.17780315867293747; Motor Current: -129.0
[2026-02-17 11:15:49,293] INFO: Time: 1.0609793790001731; Command Position: 0.22264221797633849; Output Position: 0.1801872974878441; Motor Current: -169.0
[2026-02-17 11:15:49,294] INFO: Time: 1.0620382780000455; Command Position: 0.22264221797633849; Output Position: 0.181351644350938; Motor Current: -188.0
[2026-02-17 11:15:49,297] INFO: Time: 1.06475124900021; Command Position: 0.22264221797633849; Output Position: 0.18360641129216748; Motor Current: -226.0
[2026-02-17 11:15:49,298] INFO: Time: 1.0658631109999988; Command Position: 0.22264221797633849; Output Position: 0.18468759052218328; Motor Current: -240.0
[2026-02-17 11:15:49,299] INFO: Time: 1.0669222330000139; Command Position: 0.22264221797633849; Output Position: 0.1857595289040793; Motor Current: -256.0
[2026-02-17 11:15:49,300] INFO: Time: 1.0679837240002144; Command Position: 0.22264221797633849; Output Position: 0.1878387197310327; Motor Current: -277.0
[2026-02-17 11:15:49,301] INFO: Time: 1.0690410680001605; Command Position: 0.22264221797633849; Output Position: 0.18881824963173077; Motor Current: -287.0
[2026-02-17 11:15:49,302] INFO: Time: 1.0700980410001648; Command Position: 0.22264221797633849; Output Position: 0.1898255020767882; Motor Current: -297.0
[2026-02-17 11:15:49,303] INFO: Time: 1.071155200000021; Command Position: 0.22264221797633849; Output Position: 0.19078655028124666; Motor Current: -305.0
[2026-02-17 11:15:49,304] INFO: Time: 1.0722148580000521; Command Position: 0.22264221797633849; Output Position: 0.19171063509322597; Motor Current: -313.0
[2026-02-17 11:15:49,305] INFO: Time: 1.0732725530001517; Command Position: 0.22264221797633849; Output Position: 0.19263471990520528; Motor Current: -317.0
[2026-02-17 11:15:49,306] INFO: Time: 1.0743301010002142; Command Position: 0.22264221797633849; Output Position: 0.19352184132470543; Motor Current: -321.0
[2026-02-17 11:15:49,307] INFO: Time: 1.0753874070001075; Command Position: 0.22264221797633849; Output Position: 0.19439048104796597; Motor Current: -325.0
[2026-02-17 11:15:49,308] INFO: Time: 1.0764447510000537; Command Position: 0.22264221797633849; Output Position: 0.19524987992310672; Motor Current: -332.0
[2026-02-17 11:15:49,309] INFO: Time: 1.0775028720001956; Command Position: 0.22264221797633849; Output Position: 0.19609079710200789; Motor Current: -332.0
[2026-02-17 11:15:49,310] INFO: Time: 1.0785626790000151; Command Position: 0.22264221797633849; Output Position: 0.19689475088842984; Motor Current: -328.0
[2026-02-17 11:15:49,311] INFO: Time: 1.0796201330001622; Command Position: 0.22264221797633849; Output Position: 0.19768022297861226; Motor Current: -336.0
[2026-02-17 11:15:49,312] INFO: Time: 1.08067695800014; Command Position: 0.22264221797633849; Output Position: 0.1984379725244353; Motor Current: -335.0
[2026-02-17 11:15:49,313] INFO: Time: 1.0817342460002237; Command Position: 0.22264221797633849; Output Position: 0.19921420376649793; Motor Current: -337.0
[2026-02-17 11:15:49,315] INFO: Time: 1.0827932200002124; Command Position: 0.22264221797633849; Output Position: 0.19993498991984174; Motor Current: -338.0
[2026-02-17 11:15:49,316] INFO: Time: 1.0838538220000373; Command Position: 0.22264221797633849; Output Position: 0.20063729437694602; Motor Current: -338.0
[2026-02-17 11:15:49,317] INFO: Time: 1.0849134810000578; Command Position: 0.22264221797633849; Output Position: 0.2013303579859305; Motor Current: -336.0
[2026-02-17 11:15:49,318] INFO: Time: 1.0859788620000472; Command Position: 0.22264221797633849; Output Position: 0.20266104011518069; Motor Current: -333.0
[2026-02-17 11:15:49,319] INFO: Time: 1.087037390000205; Command Position: 0.22264221797633849; Output Position: 0.20330789948356623; Motor Current: -330.0
[2026-02-17 11:15:49,320] INFO: Time: 1.0880972890001885; Command Position: 0.22264221797633849; Output Position: 0.20390855461135277; Motor Current: -322.0
[2026-02-17 11:15:49,321] INFO: Time: 1.0891584290000083; Command Position: 0.22264221797633849; Output Position: 0.20452769143537888; Motor Current: -321.0
[2026-02-17 11:15:49,322] INFO: Time: 1.090218625000034; Command Position: 0.22264221797633849; Output Position: 0.2050913831706863; Motor Current: -318.0
[2026-02-17 11:15:49,323] INFO: Time: 1.0912781350000387; Command Position: 0.22264221797633849; Output Position: 0.20565507490599363; Motor Current: -316.0
[2026-02-17 11:15:49,324] INFO: Time: 1.0923376270000063; Command Position: 0.22264221797633849; Output Position: 0.2062095257931812; Motor Current: -322.0
[2026-02-17 11:15:49,325] INFO: Time: 1.0933968780000214; Command Position: 0.22264221797633849; Output Position: 0.20673625413600943; Motor Current: -316.0
[2026-02-17 11:15:49,326] INFO: Time: 1.0944560180000735; Command Position: 0.22264221797633849; Output Position: 0.20725374163071783; Motor Current: -315.0
[2026-02-17 11:15:49,327] INFO: Time: 1.095517528000073; Command Position: 0.22264221797633849; Output Position: 0.20775274742918665; Motor Current: -306.0
[2026-02-17 11:15:49,328] INFO: Time: 1.0965781490001518; Command Position: 0.22264221797633849; Output Position: 0.2082147898351763; Motor Current: -305.0
[2026-02-17 11:15:49,329] INFO: Time: 1.0976356410001245; Command Position: 0.22264221797633849; Output Position: 0.20869531393740554; Motor Current: -291.0
[2026-02-17 11:15:49,330] INFO: Time: 1.098695022000129; Command Position: 0.22264221797633849; Output Position: 0.2091388746471556; Motor Current: -289.0
[2026-02-17 11:15:49,332] INFO: Time: 1.0997543470000437; Command Position: 0.22264221797633849; Output Position: 0.20958243535690568; Motor Current: -282.0
[2026-02-17 11:15:49,333] INFO: Time: 1.1008170980001069; Command Position: 0.22264221797633849; Output Position: 0.21000751437041615; Motor Current: -269.0
[2026-02-17 11:15:49,334] INFO: Time: 1.101877738000212; Command Position: 0.22264221797633849; Output Position: 0.21042335253580682; Motor Current: -257.0
[2026-02-17 11:15:49,335] INFO: Time: 1.1029384330001903; Command Position: 0.22264221797633849; Output Position: 0.21082070900495792; Motor Current: -249.0
[2026-02-17 11:15:49,336] INFO: Time: 1.103997647000142; Command Position: 0.22264221797633849; Output Position: 0.21155997685454137; Motor Current: -240.0
[2026-02-17 11:15:49,337] INFO: Time: 1.1050579910001943; Command Position: 0.22264221797633849; Output Position: 0.21155997685454137; Motor Current: -240.0
[2026-02-17 11:15:49,338] INFO: Time: 1.106116816000167; Command Position: 0.22264221797633849; Output Position: 0.21226228131164565; Motor Current: -244.0
[2026-02-17 11:15:49,339] INFO: Time: 1.107178845000135; Command Position: 0.22264221797633849; Output Position: 0.21258571099583842; Motor Current: -234.0
[2026-02-17 11:15:49,340] INFO: Time: 1.1082393180001873; Command Position: 0.22264221797633849; Output Position: 0.21289989983191138; Motor Current: -234.0
[2026-02-17 11:15:49,341] INFO: Time: 1.109300310000208; Command Position: 0.22264221797633849; Output Position: 0.21321408866798436; Motor Current: -239.0
[2026-02-17 11:15:49,342] INFO: Time: 1.1103601350000645; Command Position: 0.22264221797633849; Output Position: 0.2135097958078177; Motor Current: -236.0
[2026-02-17 11:15:49,343] INFO: Time: 1.1114194040001166; Command Position: 0.22264221797633849; Output Position: 0.21379626209953131; Motor Current: -236.0
[2026-02-17 11:15:49,344] INFO: Time: 1.112481063000132; Command Position: 0.22264221797633849; Output Position: 0.2140642466950053; Motor Current: -228.0
[2026-02-17 11:15:49,346] INFO: Time: 1.1137290930000745; Command Position: 0.22264221797633849; Output Position: 0.2143229904423595; Motor Current: -220.0
[2026-02-17 11:15:49,347] INFO: Time: 1.1150630130000536; Command Position: 0.22264221797633849; Output Position: 0.21480351454458874; Motor Current: -221.0
[2026-02-17 11:15:49,348] INFO: Time: 1.1161275050001223; Command Position: 0.22264221797633849; Output Position: 0.2150252948994638; Motor Current: -215.0
[2026-02-17 11:15:49,349] INFO: Time: 1.1171908300000268; Command Position: 0.22264221797633849; Output Position: 0.21524707525433878; Motor Current: -210.0
[2026-02-17 11:15:49,350] INFO: Time: 1.1182518220000475; Command Position: 0.22264221797633849; Output Position: 0.21544113306485443; Motor Current: -207.0
[2026-02-17 11:15:49,351] INFO: Time: 1.1193120550001368; Command Position: 0.22264221797633849; Output Position: 0.21564443172348988; Motor Current: -205.0
[2026-02-17 11:15:49,352] INFO: Time: 1.1203736950001257; Command Position: 0.22264221797633849; Output Position: 0.21582924868588574; Motor Current: -196.0
[2026-02-17 11:15:49,353] INFO: Time: 1.1214355570000407; Command Position: 0.22264221797633849; Output Position: 0.21598634310392223; Motor Current: -189.0
[2026-02-17 11:15:49,354] INFO: Time: 1.122494215000188; Command Position: 0.22264221797633849; Output Position: 0.2161804009144379; Motor Current: -190.0
[2026-02-17 11:15:49,355] INFO: Time: 1.123553559000129; Command Position: 0.22264221797633849; Output Position: 0.2163374953324744; Motor Current: -182.0
[2026-02-17 11:15:49,356] INFO: Time: 1.124612402000139; Command Position: 0.22264221797633849; Output Position: 0.21648534890239104; Motor Current: -166.0
[2026-02-17 11:15:49,357] INFO: Time: 1.1256739500001913; Command Position: 0.22264221797633849; Output Position: 0.21663320247230775; Motor Current: -150.0
[2026-02-17 11:15:49,359] INFO: Time: 1.1267380710000907; Command Position: 0.22264221797633849; Output Position: 0.21677181519410463; Motor Current: -131.0
[2026-02-17 11:15:49,360] INFO: Time: 1.1278008590002173; Command Position: 0.22264221797633849; Output Position: 0.2169104279159015; Motor Current: -118.0
[2026-02-17 11:15:49,361] INFO: Time: 1.1288594620000367; Command Position: 0.22264221797633849; Output Position: 0.21703979978957863; Motor Current: -101.0
[2026-02-17 11:15:49,362] INFO: Time: 1.129918416999999; Command Position: 0.22264221797633849; Output Position: 0.21716917166325572; Motor Current: -77.0
[2026-02-17 11:15:49,363] INFO: Time: 1.1309804270001678; Command Position: 0.22264221797633849; Output Position: 0.21740019286625056; Motor Current: -53.0
[2026-02-17 11:15:49,364] INFO: Time: 1.1320415480001884; Command Position: 0.22264221797633849; Output Position: 0.21752956473992766; Motor Current: -45.0
[2026-02-17 11:15:49,365] INFO: Time: 1.1331133360001786; Command Position: 0.22264221797633849; Output Position: 0.21762197322112561; Motor Current: -36.0
[2026-02-17 11:15:49,366] INFO: Time: 1.13416080900015; Command Position: 0.22264221797633849; Output Position: 0.21775134509480268; Motor Current: -34.0
[2026-02-17 11:15:49,367] INFO: Time: 1.135220560000107; Command Position: 0.22264221797633849; Output Position: 0.21784375357600064; Motor Current: -25.0
[2026-02-17 11:15:49,368] INFO: Time: 1.136279867000212; Command Position: 0.22264221797633849; Output Position: 0.21794540290531836; Motor Current: -25.0
[2026-02-17 11:15:49,369] INFO: Time: 1.1373391920001268; Command Position: 0.22264221797633849; Output Position: 0.21803781138651626; Motor Current: -27.0
[2026-02-17 11:15:49,370] INFO: Time: 1.1383997950001685; Command Position: 0.22264221797633849; Output Position: 0.21814870156395383; Motor Current: -24.0
[2026-02-17 11:15:49,371] INFO: Time: 1.1394603240000833; Command Position: 0.22264221797633849; Output Position: 0.21824111004515173; Motor Current: -19.0
[2026-02-17 11:15:49,372] INFO: Time: 1.1405200750000404; Command Position: 0.22264221797633849; Output Position: 0.21833351852634966; Motor Current: -17.0
[2026-02-17 11:15:49,373] INFO: Time: 1.141577659000177; Command Position: 0.22264221797633849; Output Position: 0.2184259270075476; Motor Current: -12.0
[2026-02-17 11:15:49,374] INFO: Time: 1.1426369660000546; Command Position: 0.22264221797633849; Output Position: 0.21851833548874552; Motor Current: -9.0
[2026-02-17 11:15:49,375] INFO: Time: 1.1436979200000223; Command Position: 0.22264221797633849; Output Position: 0.21860150312182366; Motor Current: -13.0
[2026-02-17 11:15:49,377] INFO: Time: 1.1447652450001442; Command Position: 0.22264221797633849; Output Position: 0.21870315245114139; Motor Current: -10.0
[2026-02-17 11:15:49,378] INFO: Time: 1.145825737000223; Command Position: 0.22264221797633849; Output Position: 0.21878632008421953; Motor Current: 0.0
[2026-02-17 11:15:49,379] INFO: Time: 1.1468870620001326; Command Position: 0.22264221797633849; Output Position: 0.21886948771729764; Motor Current: 0.0
[2026-02-17 11:15:49,380] INFO: Time: 1.147945961000005; Command Position: 0.22264221797633849; Output Position: 0.21895265535037578; Motor Current: -1.0
[2026-02-17 11:15:49,381] INFO: Time: 1.1490059900002052; Command Position: 0.22264221797633849; Output Position: 0.21909126807217272; Motor Current: -8.0
[2026-02-17 11:15:49,382] INFO: Time: 1.1500681859999986; Command Position: 0.22264221797633849; Output Position: 0.219165194857131; Motor Current: -7.0
[2026-02-17 11:15:49,383] INFO: Time: 1.151129548000199; Command Position: 0.22264221797633849; Output Position: 0.2192298807939696; Motor Current: -4.0
[2026-02-17 11:15:49,384] INFO: Time: 1.1521874280001612; Command Position: 0.22264221797633849; Output Position: 0.2193222892751675; Motor Current: -3.0
[2026-02-17 11:15:49,385] INFO: Time: 1.153247235000208; Command Position: 0.22264221797633849; Output Position: 0.21936849351576648; Motor Current: -1.0
[2026-02-17 11:15:49,386] INFO: Time: 1.1543063010001333; Command Position: 0.22264221797633849; Output Position: 0.21943317945260504; Motor Current: -3.0
[2026-02-17 11:15:49,387] INFO: Time: 1.155365755000048; Command Position: 0.22264221797633849; Output Position: 0.2194886245413238; Motor Current: 2.0
[2026-02-17 11:15:49,388] INFO: Time: 1.156427266000037; Command Position: 0.22264221797633849; Output Position: 0.21952558793380295; Motor Current: 2.0
[2026-02-17 11:15:49,389] INFO: Time: 1.1574894610000683; Command Position: 0.22264221797633849; Output Position: 0.21959027387064153; Motor Current: 6.0
[2026-02-17 11:15:49,390] INFO: Time: 1.158548342000131; Command Position: 0.22264221797633849; Output Position: 0.21963647811124046; Motor Current: 10.0
[2026-02-17 11:15:49,391] INFO: Time: 1.1596076480000193; Command Position: 0.22264221797633849; Output Position: 0.21968268235183944; Motor Current: 12.0
[2026-02-17 11:15:49,392] INFO: Time: 1.1606668250001348; Command Position: 0.22264221797633849; Output Position: 0.21971964574431863; Motor Current: 11.0
[2026-02-17 11:15:49,394] INFO: Time: 1.1617286870000498; Command Position: 0.22264221797633849; Output Position: 0.21978433168115716; Motor Current: 14.0
[2026-02-17 11:15:49,395] INFO: Time: 1.162790938000171; Command Position: 0.22264221797633849; Output Position: 0.21983977676987593; Motor Current: 16.0
[2026-02-17 11:15:49,396] INFO: Time: 1.1638498010001967; Command Position: 0.22264221797633849; Output Position: 0.21987674016235512; Motor Current: 19.0
[2026-02-17 11:15:49,397] INFO: Time: 1.164909200000011; Command Position: 0.22264221797633849; Output Position: 0.21993218525107386; Motor Current: 23.0
[2026-02-17 11:15:49,398] INFO: Time: 1.165983173000086; Command Position: 0.22264221797633849; Output Position: 0.21998763033979263; Motor Current: 27.0
[2026-02-17 11:15:49,399] INFO: Time: 1.1670425720001276; Command Position: 0.22264221797633849; Output Position: 0.22000611203603218; Motor Current: 27.0
[2026-02-17 11:15:49,400] INFO: Time: 1.1681146010000703; Command Position: 0.22264221797633849; Output Position: 0.220015352884152; Motor Current: 33.0
[2026-02-17 11:15:49,401] INFO: Time: 1.1691828710002028; Command Position: 0.22264221797633849; Output Position: 0.220015352884152; Motor Current: 37.0
[2026-02-17 11:15:49,402] INFO: Time: 1.1702411770002072; Command Position: 0.22264221797633849; Output Position: 0.22003383458039155; Motor Current: 42.0
[2026-02-17 11:15:49,403] INFO: Time: 1.1713006880002013; Command Position: 0.22264221797633849; Output Position: 0.220015352884152; Motor Current: 46.0
[2026-02-17 11:15:49,404] INFO: Time: 1.1723595500000101; Command Position: 0.22264221797633849; Output Position: 0.2200245937322718; Motor Current: 55.0
[2026-02-17 11:15:49,405] INFO: Time: 1.1734186520000094; Command Position: 0.22264221797633849; Output Position: 0.2200245937322718; Motor Current: 61.0
[2026-02-17 11:15:49,406] INFO: Time: 1.174479237000014; Command Position: 0.22264221797633849; Output Position: 0.22003383458039155; Motor Current: 68.0
[2026-02-17 11:15:49,407] INFO: Time: 1.1755395430000135; Command Position: 0.22264221797633849; Output Position: 0.2200245937322718; Motor Current: 75.0
[2026-02-17 11:15:49,408] INFO: Time: 1.1765983500001767; Command Position: 0.22264221797633849; Output Position: 0.2200245937322718; Motor Current: 80.0
[2026-02-17 11:15:49,409] INFO: Time: 1.1776578420001442; Command Position: 0.22264221797633849; Output Position: 0.2200245937322718; Motor Current: 81.0
[2026-02-17 11:15:49,410] INFO: Time: 1.178717278000022; Command Position: 0.22264221797633849; Output Position: 0.22003383458039155; Motor Current: 83.0
[2026-02-17 11:15:49,412] INFO: Time: 1.1797851960000116; Command Position: 0.22264221797633849; Output Position: 0.220015352884152; Motor Current: 85.0
[2026-02-17 11:15:49,413] INFO: Time: 1.1808937800001331; Command Position: 0.22264221797633849; Output Position: 0.220015352884152; Motor Current: 87.0
[2026-02-17 11:15:49,414] INFO: Time: 1.1819409390000146; Command Position: 0.22264221797633849; Output Position: 0.2200245937322718; Motor Current: 88.0
[2026-02-17 11:15:49,415] INFO: Time: 1.1830015790001198; Command Position: 0.22264221797633849; Output Position: 0.2200245937322718; Motor Current: 87.0
[2026-02-17 11:15:49,416] INFO: Time: 1.1840610330000345; Command Position: 0.22264221797633849; Output Position: 0.220015352884152; Motor Current: 86.0
[2026-02-17 11:15:49,417] INFO: Time: 1.1851355810001678; Command Position: 0.22264221797633849; Output Position: 0.220015352884152; Motor Current: 86.0
[2026-02-17 11:15:49,418] INFO: Time: 1.186194832000183; Command Position: 0.22264221797633849; Output Position: 0.22003383458039155; Motor Current: 82.0
[2026-02-17 11:15:49,419] INFO: Time: 1.1872559160001401; Command Position: 0.22264221797633849; Output Position: 0.2200245937322718; Motor Current: 83.0
[2026-02-17 11:15:49,420] INFO: Time: 1.1883150930000284; Command Position: 0.22264221797633849; Output Position: 0.220015352884152; Motor Current: 86.0
[2026-02-17 11:15:49,421] INFO: Time: 1.1893742510001175; Command Position: 0.22264221797633849; Output Position: 0.220015352884152; Motor Current: 86.0
[2026-02-17 11:15:49,422] INFO: Time: 1.190433632000122; Command Position: 0.22264221797633849; Output Position: 0.220015352884152; Motor Current: 85.0
[2026-02-17 11:15:49,423] INFO: Time: 1.1914924390000579; Command Position: 0.22264221797633849; Output Position: 0.22000611203603218; Motor Current: 84.0
[2026-02-17 11:15:49,424] INFO: Time: 1.192553523000015; Command Position: 0.22264221797633849; Output Position: 0.22000611203603218; Motor Current: 83.0
[2026-02-17 11:15:49,425] INFO: Time: 1.1936148850002155; Command Position: 0.22264221797633849; Output Position: 0.220015352884152; Motor Current: 84.0
[2026-02-17 11:15:49,426] INFO: Time: 1.1946723030000612; Command Position: 0.22264221797633849; Output Position: 0.22000611203603218; Motor Current: 84.0
[2026-02-17 11:15:49,427] INFO: Time: 1.1957317940000394; Command Position: 0.22264221797633849; Output Position: 0.22000611203603218; Motor Current: 82.0
[2026-02-17 11:15:49,429] INFO: Time: 1.196790842000155; Command Position: 0.22264221797633849; Output Position: 0.22000611203603218; Motor Current: 84.0
[2026-02-17 11:15:49,430] INFO: Time: 1.1978501300000062; Command Position: 0.22264221797633849; Output Position: 0.2200245937322718; Motor Current: 84.0
[2026-02-17 11:15:49,431] INFO: Time: 1.198910640000122; Command Position: 0.22264221797633849; Output Position: 0.2199968711879124; Motor Current: 84.0
[2026-02-17 11:15:49,432] INFO: Time: 1.199988299000097; Command Position: 0.22264221797633849; Output Position: 0.22000611203603218; Motor Current: 83.0
[2026-02-17 11:15:49,433] INFO: Time: 1.2010488460000488; Command Position: 0.22264221797633849; Output Position: 0.22000611203603218; Motor Current: 83.0
[2026-02-17 11:15:49,434] INFO: Time: 1.2021084490002067; Command Position: 0.22264221797633849; Output Position: 0.22000611203603218; Motor Current: 83.0
[2026-02-17 11:15:49,435] INFO: Time: 1.203167866000058; Command Position: 0.22264221797633849; Output Position: 0.22000611203603218; Motor Current: 84.0
[2026-02-17 11:15:49,436] INFO: Time: 1.2042270250001366; Command Position: 0.22264221797633849; Output Position: 0.22000611203603218; Motor Current: 86.0
[2026-02-17 11:15:49,438] INFO: Time: 1.2055289450001965; Command Position: 0.22264221797633849; Output Position: 0.2199968711879124; Motor Current: 87.0
[2026-02-17 11:15:49,438] INFO: Time: 1.206596363000017; Command Position: 0.22264221797633849; Output Position: 0.22000611203603218; Motor Current: 87.0
[2026-02-17 11:15:49,439] INFO: Time: 1.207659188000207; Command Position: 0.22264221797633849; Output Position: 0.2199968711879124; Motor Current: 89.0
[2026-02-17 11:15:49,441] INFO: Time: 1.2087186610001481; Command Position: 0.22264221797633849; Output Position: 0.220015352884152; Motor Current: 90.0
[2026-02-17 11:15:49,442] INFO: Time: 1.2097786160002215; Command Position: 0.22264221797633849; Output Position: 0.21998763033979263; Motor Current: 91.0
[2026-02-17 11:15:49,443] INFO: Time: 1.2108421810000891; Command Position: 0.22264221797633849; Output Position: 0.21998763033979263; Motor Current: 87.0
[2026-02-17 11:15:49,444] INFO: Time: 1.211905377000221; Command Position: 0.22264221797633849; Output Position: 0.2199968711879124; Motor Current: 90.0
[2026-02-17 11:15:49,445] INFO: Time: 1.2129840910001803; Command Position: 0.22264221797633849; Output Position: 0.21998763033979263; Motor Current: 94.0
[2026-02-17 11:15:49,446] INFO: Time: 1.214043898; Command Position: 0.22264221797633849; Output Position: 0.2199968711879124; Motor Current: 92.0
[2026-02-17 11:15:49,447] INFO: Time: 1.2151033150000785; Command Position: 0.22264221797633849; Output Position: 0.21998763033979263; Motor Current: 90.0
[2026-02-17 11:15:49,448] INFO: Time: 1.2161625110002205; Command Position: 0.22264221797633849; Output Position: 0.21998763033979263; Motor Current: 86.0
[2026-02-17 11:15:49,449] INFO: Time: 1.2172249840000404; Command Position: 0.22264221797633849; Output Position: 0.2199968711879124; Motor Current: 87.0
[2026-02-17 11:15:49,450] INFO: Time: 1.2182866980001563; Command Position: 0.22264221797633849; Output Position: 0.21998763033979263; Motor Current: 86.0
[2026-02-17 11:15:49,451] INFO: Time: 1.2193459490001715; Command Position: 0.22264221797633849; Output Position: 0.21998763033979263; Motor Current: 84.0
[2026-02-17 11:15:49,452] INFO: Time: 1.2204059780001444; Command Position: 0.22264221797633849; Output Position: 0.2199968711879124; Motor Current: 82.0
[2026-02-17 11:15:49,453] INFO: Time: 1.2214656180001384; Command Position: 0.22264221797633849; Output Position: 0.21998763033979263; Motor Current: 86.0
[2026-02-17 11:15:49,454] INFO: Time: 1.2225250910000796; Command Position: 0.22264221797633849; Output Position: 0.2199783894916728; Motor Current: 86.0
[2026-02-17 11:15:49,455] INFO: Time: 1.223628250000047; Command Position: 0.22264221797633849; Output Position: 0.21998763033979263; Motor Current: 84.0
[2026-02-17 11:15:49,457] INFO: Time: 1.2247750390001784; Command Position: 0.22264221797633849; Output Position: 0.21998763033979263; Motor Current: 86.0
[2026-02-17 11:15:49,458] INFO: Time: 1.2258350300000984; Command Position: 0.22264221797633849; Output Position: 0.2199968711879124; Motor Current: 85.0
[2026-02-17 11:15:49,459] INFO: Time: 1.2268950780000978; Command Position: 0.22264221797633849; Output Position: 0.2199968711879124; Motor Current: 86.0
[2026-02-17 11:15:49,460] INFO: Time: 1.2279538840000441; Command Position: 0.22264221797633849; Output Position: 0.21998763033979263; Motor Current: 89.0
[2026-02-17 11:15:49,461] INFO: Time: 1.2290126720001808; Command Position: 0.22264221797633849; Output Position: 0.21998763033979263; Motor Current: 83.0
[2026-02-17 11:15:49,462] INFO: Time: 1.2300736080001116; Command Position: 0.22264221797633849; Output Position: 0.21998763033979263; Motor Current: 85.0
[2026-02-17 11:15:49,463] INFO: Time: 1.2311339700002009; Command Position: 0.22264221797633849; Output Position: 0.21998763033979263; Motor Current: 86.0
[2026-02-17 11:15:49,464] INFO: Time: 1.232193018000089; Command Position: 0.22264221797633849; Output Position: 0.21998763033979263; Motor Current: 83.0
[2026-02-17 11:15:49,465] INFO: Time: 1.23324995400003; Command Position: 0.22264221797633849; Output Position: 0.2199783894916728; Motor Current: 85.0
[2026-02-17 11:15:49,466] INFO: Time: 1.2343086860000767; Command Position: 0.22264221797633849; Output Position: 0.21998763033979263; Motor Current: 85.0
[2026-02-17 11:15:49,467] INFO: Time: 1.2353678820002187; Command Position: 0.22264221797633849; Output Position: 0.2199783894916728; Motor Current: 83.0
[2026-02-17 11:15:49,468] INFO: Time: 1.2364281880002181; Command Position: 0.22264221797633849; Output Position: 0.21998763033979263; Motor Current: 83.0
[2026-02-17 11:15:49,469] INFO: Time: 1.2374886620000325; Command Position: 0.22264221797633849; Output Position: 0.2199783894916728; Motor Current: 84.0
[2026-02-17 11:15:49,470] INFO: Time: 1.2385476350000317; Command Position: 0.22264221797633849; Output Position: 0.2199783894916728; Motor Current: 85.0
[2026-02-17 11:15:49,471] INFO: Time: 1.2396065900002213; Command Position: 0.22264221797633849; Output Position: 0.2199783894916728; Motor Current: 87.0
[2026-02-17 11:15:49,472] INFO: Time: 1.2406653030000143; Command Position: 0.22264221797633849; Output Position: 0.2199783894916728; Motor Current: 86.0
[2026-02-17 11:15:49,473] INFO: Time: 1.2417258140001195; Command Position: 0.22264221797633849; Output Position: 0.2199783894916728; Motor Current: 86.0
[2026-02-17 11:15:49,475] INFO: Time: 1.2427873980000186; Command Position: 0.22264221797633849; Output Position: 0.21998763033979263; Motor Current: 86.0
[2026-02-17 11:15:49,476] INFO: Time: 1.2438036670000656; Command Position: 0.22264221797633849; Output Position: 0.21998763033979263; Motor Current: 87.0
[2026-02-17 11:15:49,477] INFO: Time: 1.244861640000181; Command Position: 0.22264221797633849; Output Position: 0.21998763033979263; Motor Current: 86.0
[2026-02-17 11:15:49,478] INFO: Time: 1.2459208730001592; Command Position: 0.22264221797633849; Output Position: 0.21998763033979263; Motor Current: 85.0
[2026-02-17 11:15:49,479] INFO: Time: 1.2469874200000959; Command Position: 0.22264221797633849; Output Position: 0.21996914864355302; Motor Current: 82.0
[2026-02-17 11:15:49,480] INFO: Time: 1.2480479120001746; Command Position: 0.22264221797633849; Output Position: 0.21998763033979263; Motor Current: 81.0
[2026-02-17 11:15:49,481] INFO: Time: 1.2491107929999998; Command Position: 0.22264221797633849; Output Position: 0.21998763033979263; Motor Current: 81.0
[2026-02-17 11:15:49,482] INFO: Time: 1.2501706180000838; Command Position: 0.22264221797633849; Output Position: 0.2199783894916728; Motor Current: 84.0
[2026-02-17 11:15:49,483] INFO: Time: 1.251229869000099; Command Position: 0.22264221797633849; Output Position: 0.21998763033979263; Motor Current: 85.0
[2026-02-17 11:15:49,484] INFO: Time: 1.2522888420000982; Command Position: 0.22264221797633849; Output Position: 0.2199783894916728; Motor Current: 84.0
[2026-02-17 11:15:49,485] INFO: Time: 1.253347334000182; Command Position: 0.22264221797633849; Output Position: 0.21998763033979263; Motor Current: 83.0
[2026-02-17 11:15:49,486] INFO: Time: 1.2544082510000862; Command Position: 0.22264221797633849; Output Position: 0.21998763033979263; Motor Current: 83.0
[2026-02-17 11:15:49,487] INFO: Time: 1.2554692060000434; Command Position: 0.22264221797633849; Output Position: 0.21998763033979263; Motor Current: 84.0
[2026-02-17 11:15:49,488] INFO: Time: 1.2565282530001696; Command Position: 0.22264221797633849; Output Position: 0.2199783894916728; Motor Current: 83.0
[2026-02-17 11:15:49,489] INFO: Time: 1.2575883750000685; Command Position: 0.22264221797633849; Output Position: 0.21998763033979263; Motor Current: 86.0
[2026-02-17 11:15:49,490] INFO: Time: 1.2586479400001735; Command Position: 0.22264221797633849; Output Position: 0.2199783894916728; Motor Current: 86.0
[2026-02-17 11:15:49,491] INFO: Time: 1.259709710000152; Command Position: 0.22264221797633849; Output Position: 0.2199783894916728; Motor Current: 88.0
[2026-02-17 11:15:49,493] INFO: Time: 1.2607722019999983; Command Position: 0.22264221797633849; Output Position: 0.2199783894916728; Motor Current: 89.0
[2026-02-17 11:15:49,494] INFO: Time: 1.2618320450001193; Command Position: 0.22264221797633849; Output Position: 0.2199783894916728; Motor Current: 91.0
[2026-02-17 11:15:49,495] INFO: Time: 1.2628915190000498; Command Position: 0.22264221797633849; Output Position: 0.2199783894916728; Motor Current: 92.0
[2026-02-17 11:15:49,496] INFO: Time: 1.2639510660001179; Command Position: 0.22264221797633849; Output Position: 0.2199783894916728; Motor Current: 94.0
[2026-02-17 11:15:49,497] INFO: Time: 1.2650111870000273; Command Position: 0.22264221797633849; Output Position: 0.2199783894916728; Motor Current: 92.0
[2026-02-17 11:15:49,498] INFO: Time: 1.2660746240001117; Command Position: 0.22264221797633849; Output Position: 0.21998763033979263; Motor Current: 88.0
[2026-02-17 11:15:49,499] INFO: Time: 1.2671361520001483; Command Position: 0.22264221797633849; Output Position: 0.21998763033979263; Motor Current: 87.0
[2026-02-17 11:15:49,500] INFO: Time: 1.2681954399999995; Command Position: 0.22264221797633849; Output Position: 0.2199783894916728; Motor Current: 87.0
[2026-02-17 11:15:49,501] INFO: Time: 1.2692530250001255; Command Position: 0.22264221797633849; Output Position: 0.21998763033979263; Motor Current: 86.0
[2026-02-17 11:15:49,502] INFO: Time: 1.2703103310000188; Command Position: 0.22264221797633849; Output Position: 0.21998763033979263; Motor Current: 83.0
[2026-02-17 11:15:49,503] INFO: Time: 1.2713700270001027; Command Position: 0.22264221797633849; Output Position: 0.21998763033979263; Motor Current: 84.0
[2026-02-17 11:15:49,504] INFO: Time: 1.2724313330002133; Command Position: 0.22264221797633849; Output Position: 0.21998763033979263; Motor Current: 82.0
[2026-02-17 11:15:49,505] INFO: Time: 1.2734948250001707; Command Position: 0.22264221797633849; Output Position: 0.2199783894916728; Motor Current: 82.0
[2026-02-17 11:15:49,506] INFO: Time: 1.2745548540001437; Command Position: 0.22264221797633849; Output Position: 0.2199783894916728; Motor Current: 83.0
[2026-02-17 11:15:49,507] INFO: Time: 1.2756148270000267; Command Position: 0.22264221797633849; Output Position: 0.21998763033979263; Motor Current: 84.0
[2026-02-17 11:15:49,508] INFO: Time: 1.2766745780002111; Command Position: 0.22264221797633849; Output Position: 0.21998763033979263; Motor Current: 85.0
[2026-02-17 11:15:49,510] INFO: Time: 1.2777376440001262; Command Position: 0.22264221797633849; Output Position: 0.2199783894916728; Motor Current: 88.0
[2026-02-17 11:15:49,511] INFO: Time: 1.2787991540001258; Command Position: 0.22264221797633849; Output Position: 0.2199783894916728; Motor Current: 86.0
[2026-02-17 11:15:49,512] INFO: Time: 1.2798591090001992; Command Position: 0.22264221797633849; Output Position: 0.2199783894916728; Motor Current: 88.0
[2026-02-17 11:15:49,513] INFO: Time: 1.2809189710001192; Command Position: 0.22264221797633849; Output Position: 0.2199783894916728; Motor Current: 86.0
[2026-02-17 11:15:49,514] INFO: Time: 1.2819854440001563; Command Position: 0.22264221797633849; Output Position: 0.2199783894916728; Motor Current: 85.0
[2026-02-17 11:15:49,515] INFO: Time: 1.2830446770001345; Command Position: 0.22264221797633849; Output Position: 0.21998763033979263; Motor Current: 85.0
[2026-02-17 11:15:49,516] INFO: Time: 1.2841057050000018; Command Position: 0.22264221797633849; Output Position: 0.21998763033979263; Motor Current: 85.0
[2026-02-17 11:15:49,517] INFO: Time: 1.285167605000197; Command Position: 0.22264221797633849; Output Position: 0.21998763033979263; Motor Current: 83.0
[2026-02-17 11:15:49,518] INFO: Time: 1.2862248930000533; Command Position: 0.22264221797633849; Output Position: 0.2199783894916728; Motor Current: 81.0
[2026-02-17 11:15:49,519] INFO: Time: 1.2872896620001484; Command Position: 0.22264221797633849; Output Position: 0.21996914864355302; Motor Current: 81.0
[2026-02-17 11:15:49,520] INFO: Time: 1.2883514690001903; Command Position: 0.22264221797633849; Output Position: 0.21998763033979263; Motor Current: 84.0
[2026-02-17 11:15:49,521] INFO: Time: 1.2894111460000204; Command Position: 0.22264221797633849; Output Position: 0.21998763033979263; Motor Current: 87.0
[2026-02-17 11:15:49,522] INFO: Time: 1.2904716930001996; Command Position: 0.22264221797633849; Output Position: 0.2199783894916728; Motor Current: 86.0
[2026-02-17 11:15:49,523] INFO: Time: 1.2915327960001832; Command Position: 0.22264221797633849; Output Position: 0.2199783894916728; Motor Current: 86.0
[2026-02-17 11:15:49,524] INFO: Time: 1.2925926020000134; Command Position: 0.22264221797633849; Output Position: 0.2199783894916728; Motor Current: 87.0
[2026-02-17 11:15:49,525] INFO: Time: 1.2936519270001554; Command Position: 0.22264221797633849; Output Position: 0.21998763033979263; Motor Current: 86.0
[2026-02-17 11:15:49,526] INFO: Time: 1.2947109930000806; Command Position: 0.22264221797633849; Output Position: 0.2199783894916728; Motor Current: 87.0
[2026-02-17 11:15:49,528] INFO: Time: 1.2957741520001491; Command Position: 0.22264221797633849; Output Position: 0.21998763033979263; Motor Current: 82.0
[2026-02-17 11:15:49,529] INFO: Time: 1.296848940000018; Command Position: 0.22264221797633849; Output Position: 0.2199783894916728; Motor Current: 81.0
[2026-02-17 11:15:49,530] INFO: Time: 1.297909172000118; Command Position: 0.22264221797633849; Output Position: 0.2199783894916728; Motor Current: 81.0
[2026-02-17 11:15:49,531] INFO: Time: 1.2989847010001085; Command Position: 0.22264221797633849; Output Position: 0.2199968711879124; Motor Current: 83.0
[2026-02-17 11:15:49,532] INFO: Time: 1.300044656000182; Command Position: 0.22264221797633849; Output Position: 0.21998763033979263; Motor Current: 82.0
[2026-02-17 11:15:49,533] INFO: Time: 1.3011038510001072; Command Position: 0.22264221797633849; Output Position: 0.2199783894916728; Motor Current: 81.0
[2026-02-17 11:15:49,534] INFO: Time: 1.3021648990002177; Command Position: 0.22264221797633849; Output Position: 0.21998763033979263; Motor Current: 83.0
[2026-02-17 11:15:49,535] INFO: Time: 1.3032260570000744; Command Position: 0.22264221797633849; Output Position: 0.2199783894916728; Motor Current: 85.0
[2026-02-17 11:15:49,536] INFO: Time: 1.3045593480001116; Command Position: 0.22264221797633849; Output Position: 0.2199783894916728; Motor Current: 84.0
[2026-02-17 11:15:49,537] INFO: Time: 1.3056217660000584; Command Position: 0.22264221797633849; Output Position: 0.2199968711879124; Motor Current: 85.0
[2026-02-17 11:15:49,538] INFO: Time: 1.3066861090001112; Command Position: 0.22264221797633849; Output Position: 0.2199783894916728; Motor Current: 84.0
[2026-02-17 11:15:49,540] INFO: Time: 1.3077491380001902; Command Position: 0.22264221797633849; Output Position: 0.2199783894916728; Motor Current: 86.0
[2026-02-17 11:15:49,541] INFO: Time: 1.3088118710002163; Command Position: 0.22264221797633849; Output Position: 0.21998763033979263; Motor Current: 87.0
[2026-02-17 11:15:49,542] INFO: Time: 1.3098726590001206; Command Position: 0.22264221797633849; Output Position: 0.2199783894916728; Motor Current: 86.0
[2026-02-17 11:15:49,543] INFO: Time: 1.31093302100021; Command Position: 0.22264221797633849; Output Position: 0.21998763033979263; Motor Current: 84.0
[2026-02-17 11:15:49,544] INFO: Time: 1.311992494000151; Command Position: 0.22264221797633849; Output Position: 0.2199783894916728; Motor Current: 85.0
[2026-02-17 11:15:49,545] INFO: Time: 1.313052245000108; Command Position: 0.22264221797633849; Output Position: 0.2199783894916728; Motor Current: 85.0
[2026-02-17 11:15:49,546] INFO: Time: 1.3141132370001287; Command Position: 0.22264221797633849; Output Position: 0.21998763033979263; Motor Current: 87.0
[2026-02-17 11:15:49,547] INFO: Time: 1.3151733770000646; Command Position: 0.22264221797633849; Output Position: 0.2199783894916728; Motor Current: 86.0
[2026-02-17 11:15:49,548] INFO: Time: 1.3162332020001486; Command Position: 0.22264221797633849; Output Position: 0.21998763033979263; Motor Current: 84.0
[2026-02-17 11:15:49,549] INFO: Time: 1.3172899710000365; Command Position: 0.22264221797633849; Output Position: 0.21996914864355302; Motor Current: 84.0
[2026-02-17 11:15:49,550] INFO: Time: 1.3183467410001413; Command Position: 0.22264221797633849; Output Position: 0.2199783894916728; Motor Current: 85.0
[2026-02-17 11:15:49,551] INFO: Time: 1.319405862000167; Command Position: 0.22264221797633849; Output Position: 0.2199783894916728; Motor Current: 87.0
[2026-02-17 11:15:49,552] INFO: Time: 1.3204683350002142; Command Position: 0.22264221797633849; Output Position: 0.2199968711879124; Motor Current: 87.0
[2026-02-17 11:15:49,553] INFO: Time: 1.321528771000203; Command Position: 0.22264221797633849; Output Position: 0.2199783894916728; Motor Current: 86.0
[2026-02-17 11:15:49,554] INFO: Time: 1.322588282000197; Command Position: 0.22264221797633849; Output Position: 0.21998763033979263; Motor Current: 83.0
[2026-02-17 11:15:49,555] INFO: Time: 1.3236475510000218; Command Position: 0.22264221797633849; Output Position: 0.21998763033979263; Motor Current: 83.0
[2026-02-17 11:15:49,556] INFO: Time: 1.324706765000201; Command Position: 0.22264221797633849; Output Position: 0.21998763033979263; Motor Current: 85.0
[2026-02-17 11:15:49,558] INFO: Time: 1.325769887000206; Command Position: 0.22264221797633849; Output Position: 0.2199783894916728; Motor Current: 85.0
[2026-02-17 11:15:49,559] INFO: Time: 1.3268323230001897; Command Position: 0.22264221797633849; Output Position: 0.21998763033979263; Motor Current: 86.0
[2026-02-17 11:15:49,560] INFO: Time: 1.327892815000041; Command Position: 0.22264221797633849; Output Position: 0.21998763033979263; Motor Current: 86.0
[2026-02-17 11:15:49,561] INFO: Time: 1.3289528060001885; Command Position: 0.22264221797633849; Output Position: 0.21998763033979263; Motor Current: 87.0
[2026-02-17 11:15:49,562] INFO: Time: 1.330012576000172; Command Position: 0.22264221797633849; Output Position: 0.21996914864355302; Motor Current: 86.0
[2026-02-17 11:15:49,563] INFO: Time: 1.3310812340000666; Command Position: 0.22264221797633849; Output Position: 0.21998763033979263; Motor Current: 87.0
[2026-02-17 11:15:49,564] INFO: Time: 1.3321421520001877; Command Position: 0.22264221797633849; Output Position: 0.2199783894916728; Motor Current: 87.0
[2026-02-17 11:15:49,565] INFO: Time: 1.3332030880001184; Command Position: 0.22264221797633849; Output Position: 0.21998763033979263; Motor Current: 87.0
[2026-02-17 11:15:49,566] INFO: Time: 1.3342617100001917; Command Position: 0.22264221797633849; Output Position: 0.2199783894916728; Motor Current: 87.0
[2026-02-17 11:15:49,567] INFO: Time: 1.3353207570000905; Command Position: 0.22264221797633849; Output Position: 0.21998763033979263; Motor Current: 85.0
[2026-02-17 11:15:49,568] INFO: Time: 1.3363800260001426; Command Position: 0.22264221797633849; Output Position: 0.21998763033979263; Motor Current: 84.0
[2026-02-17 11:15:49,569] INFO: Time: 1.3374394440002106; Command Position: 0.22264221797633849; Output Position: 0.2199783894916728; Motor Current: 85.0
[2026-02-17 11:15:49,570] INFO: Time: 1.338500139000189; Command Position: 0.22264221797633849; Output Position: 0.21998763033979263; Motor Current: 86.0
[2026-02-17 11:15:49,571] INFO: Time: 1.339561427000035; Command Position: 0.22264221797633849; Output Position: 0.21998763033979263; Motor Current: 88.0
[2026-02-17 11:15:49,572] INFO: Time: 1.3406211040000926; Command Position: 0.22264221797633849; Output Position: 0.2199783894916728; Motor Current: 87.0
[2026-02-17 11:15:49,573] INFO: Time: 1.3416802440001447; Command Position: 0.22264221797633849; Output Position: 0.2199783894916728; Motor Current: 85.0
[2026-02-17 11:15:49,574] INFO: Time: 1.3427395140001863; Command Position: 0.22264221797633849; Output Position: 0.2199968711879124; Motor Current: 86.0
[2026-02-17 11:15:49,576] INFO: Time: 1.343802450000112; Command Position: 0.22264221797633849; Output Position: 0.2199783894916728; Motor Current: 85.0
[2026-02-17 11:15:49,577] INFO: Time: 1.344864090000101; Command Position: 0.22264221797633849; Output Position: 0.2199783894916728; Motor Current: 84.0
[2026-02-17 11:15:49,578] INFO: Time: 1.3459237110000686; Command Position: 0.22264221797633849; Output Position: 0.21998763033979263; Motor Current: 85.0
[2026-02-17 11:15:49,579] INFO: Time: 1.3469910180001534; Command Position: 0.22264221797633849; Output Position: 0.21998763033979263; Motor Current: 85.0
[2026-02-17 11:15:49,580] INFO: Time: 1.3480503240000417; Command Position: 0.22264221797633849; Output Position: 0.2199968711879124; Motor Current: 82.0
[2026-02-17 11:15:49,581] INFO: Time: 1.3491097790001731; Command Position: 0.22264221797633849; Output Position: 0.2199783894916728; Motor Current: 80.0
[2026-02-17 11:15:49,582] INFO: Time: 1.3501711410001462; Command Position: 0.22264221797633849; Output Position: 0.21998763033979263; Motor Current: 81.0
[2026-02-17 11:15:49,583] INFO: Time: 1.3512330030000612; Command Position: 0.22264221797633849; Output Position: 0.2199783894916728; Motor Current: 83.0
[2026-02-17 11:15:49,584] INFO: Time: 1.3522921620001398; Command Position: 0.22264221797633849; Output Position: 0.21998763033979263; Motor Current: 83.0
[2026-02-17 11:15:49,585] INFO: Time: 1.3533521910001127; Command Position: 0.22264221797633849; Output Position: 0.2199783894916728; Motor Current: 85.0
[2026-02-17 11:15:49,586] INFO: Time: 1.3544112010001754; Command Position: 0.22264221797633849; Output Position: 0.2199783894916728; Motor Current: 85.0
[2026-02-17 11:15:49,587] INFO: Time: 1.3554701740001747; Command Position: 0.22264221797633849; Output Position: 0.21998763033979263; Motor Current: 82.0
[2026-02-17 11:15:49,588] INFO: Time: 1.3565316660001372; Command Position: 0.22264221797633849; Output Position: 0.21996914864355302; Motor Current: 84.0
[2026-02-17 11:15:49,589] INFO: Time: 1.3575931950001632; Command Position: 0.22264221797633849; Output Position: 0.21998763033979263; Motor Current: 84.0
[2026-02-17 11:15:49,590] INFO: Time: 1.3586531120001837; Command Position: 0.22264221797633849; Output Position: 0.2199783894916728; Motor Current: 85.0
[2026-02-17 11:15:49,591] INFO: Time: 1.3597123819999979; Command Position: 0.22264221797633849; Output Position: 0.21998763033979263; Motor Current: 82.0
[2026-02-17 11:15:49,593] INFO: Time: 1.36077165100005; Command Position: 0.22264221797633849; Output Position: 0.2199783894916728; Motor Current: 83.0
[2026-02-17 11:15:49,594] INFO: Time: 1.3618340320001607; Command Position: 0.22264221797633849; Output Position: 0.21998763033979263; Motor Current: 85.0
[2026-02-17 11:15:49,595] INFO: Time: 1.3628960420001022; Command Position: 0.22264221797633849; Output Position: 0.21998763033979263; Motor Current: 84.0
[2026-02-17 11:15:49,596] INFO: Time: 1.3639555710001332; Command Position: 0.22264221797633849; Output Position: 0.21996914864355302; Motor Current: 86.0
[2026-02-17 11:15:49,597] INFO: Time: 1.3650158040002225; Command Position: 0.22264221797633849; Output Position: 0.21998763033979263; Motor Current: 85.0
[2026-02-17 11:15:49,598] INFO: Time: 1.3660752770001636; Command Position: 0.22264221797633849; Output Position: 0.2199783894916728; Motor Current: 84.0
[2026-02-17 11:15:49,599] INFO: Time: 1.3671343430000888; Command Position: 0.22264221797633849; Output Position: 0.21998763033979263; Motor Current: 83.0
[2026-02-17 11:15:49,600] INFO: Time: 1.3681951490000301; Command Position: 0.22264221797633849; Output Position: 0.21998763033979263; Motor Current: 83.0
[2026-02-17 11:15:49,601] INFO: Time: 1.3692562890000772; Command Position: 0.22264221797633849; Output Position: 0.21996914864355302; Motor Current: 84.0
[2026-02-17 11:15:49,602] INFO: Time: 1.370315188000177; Command Position: 0.22264221797633849; Output Position: 0.21996914864355302; Motor Current: 84.0
[2026-02-17 11:15:49,603] INFO: Time: 1.3713743280000017; Command Position: 0.22264221797633849; Output Position: 0.2199968711879124; Motor Current: 84.0
[2026-02-17 11:15:49,604] INFO: Time: 1.3724330420000115; Command Position: 0.22264221797633849; Output Position: 0.2199783894916728; Motor Current: 81.0
[2026-02-17 11:15:49,605] INFO: Time: 1.3734918670002116; Command Position: 0.22264221797633849; Output Position: 0.21998763033979263; Motor Current: 79.0
[2026-02-17 11:15:49,606] INFO: Time: 1.374552655000116; Command Position: 0.22264221797633849; Output Position: 0.2199783894916728; Motor Current: 81.0
[2026-02-17 11:15:49,607] INFO: Time: 1.3756134620000466; Command Position: 0.22264221797633849; Output Position: 0.21998763033979263; Motor Current: 81.0
[2026-02-17 11:15:49,608] INFO: Time: 1.3766726020000988; Command Position: 0.22264221797633849; Output Position: 0.2199783894916728; Motor Current: 82.0
[2026-02-17 11:15:49,609] INFO: Time: 1.3777318160000505; Command Position: 0.22264221797633849; Output Position: 0.21998763033979263; Motor Current: 83.0
[2026-02-17 11:15:49,611] INFO: Time: 1.3787907700000233; Command Position: 0.22264221797633849; Output Position: 0.2199968711879124; Motor Current: 83.0
[2026-02-17 11:15:49,612] INFO: Time: 1.3798523180000757; Command Position: 0.22264221797633849; Output Position: 0.2199783894916728; Motor Current: 82.0
[2026-02-17 11:15:49,613] INFO: Time: 1.3809137910000118; Command Position: 0.22264221797633849; Output Position: 0.21998763033979263; Motor Current: 83.0
[2026-02-17 11:15:49,614] INFO: Time: 1.3819915790002142; Command Position: 0.22264221797633849; Output Position: 0.2199783894916728; Motor Current: 83.0
[2026-02-17 11:15:49,615] INFO: Time: 1.3830504600000495; Command Position: 0.22264221797633849; Output Position: 0.21998763033979263; Motor Current: 83.0
[2026-02-17 11:15:49,616] INFO: Time: 1.3841093220000857; Command Position: 0.22264221797633849; Output Position: 0.21996914864355302; Motor Current: 84.0
[2026-02-17 11:15:49,617] INFO: Time: 1.3851849250002033; Command Position: 0.22264221797633849; Output Position: 0.2199968711879124; Motor Current: 85.0
[2026-02-17 11:15:49,618] INFO: Time: 1.3862507310000183; Command Position: 0.22264221797633849; Output Position: 0.2199783894916728; Motor Current: 84.0
[2026-02-17 11:15:49,619] INFO: Time: 1.3873122230002082; Command Position: 0.22264221797633849; Output Position: 0.21998763033979263; Motor Current: 84.0
[2026-02-17 11:15:49,620] INFO: Time: 1.3883718810000119; Command Position: 0.22264221797633849; Output Position: 0.21996914864355302; Motor Current: 83.0
[2026-02-17 11:15:49,621] INFO: Time: 1.3894305950000216; Command Position: 0.22264221797633849; Output Position: 0.21998763033979263; Motor Current: 83.0
[2026-02-17 11:15:49,622] INFO: Time: 1.3904900320001161; Command Position: 0.22264221797633849; Output Position: 0.2199783894916728; Motor Current: 83.0
[2026-02-17 11:15:49,623] INFO: Time: 1.391549079000015; Command Position: 0.22264221797633849; Output Position: 0.21998763033979263; Motor Current: 82.0
[2026-02-17 11:15:49,624] INFO: Time: 1.3926107000002048; Command Position: 0.22264221797633849; Output Position: 0.2199783894916728; Motor Current: 83.0
[2026-02-17 11:15:49,625] INFO: Time: 1.3936724510001568; Command Position: 0.22264221797633849; Output Position: 0.21998763033979263; Motor Current: 83.0
[2026-02-17 11:15:49,626] INFO: Time: 1.3947300540000924; Command Position: 0.22264221797633849; Output Position: 0.21998763033979263; Motor Current: 84.0
[2026-02-17 11:15:49,628] INFO: Time: 1.3957870270000967; Command Position: 0.22264221797633849; Output Position: 0.21998763033979263; Motor Current: 84.0
[2026-02-17 11:15:49,629] INFO: Time: 1.3968461490001118; Command Position: 0.22264221797633849; Output Position: 0.21998763033979263; Motor Current: 82.0
[2026-02-17 11:15:49,630] INFO: Time: 1.3979084740001326; Command Position: 0.22264221797633849; Output Position: 0.2199783894916728; Motor Current: 83.0
[2026-02-17 11:15:49,631] INFO: Time: 1.3989701880000212; Command Position: 0.22264221797633849; Output Position: 0.2199783894916728; Motor Current: 83.0
[2026-02-17 11:15:49,632] INFO: Time: 1.4000314760000947; Command Position: 0.22264221797633849; Output Position: 0.21998763033979263; Motor Current: 84.0
[2026-02-17 11:15:49,633] INFO: Time: 1.4010906340001839; Command Position: 0.22264221797633849; Output Position: 0.21998763033979263; Motor Current: 87.0
[2026-02-17 11:15:49,634] INFO: Time: 1.4021504040001673; Command Position: 0.22264221797633849; Output Position: 0.21998763033979263; Motor Current: 86.0
[2026-02-17 11:15:49,635] INFO: Time: 1.4032094140000027; Command Position: 0.22264221797633849; Output Position: 0.2199968711879124; Motor Current: 86.0
[2026-02-17 11:15:49,636] INFO: Time: 1.404270869000129; Command Position: 0.22264221797633849; Output Position: 0.2199783894916728; Motor Current: 84.0
[2026-02-17 11:15:49,637] INFO: Time: 1.4053323230000387; Command Position: 0.22264221797633849; Output Position: 0.2199783894916728; Motor Current: 86.0
[2026-02-17 11:15:49,638] INFO: Time: 1.406390945000112; Command Position: 0.22264221797633849; Output Position: 0.21998763033979263; Motor Current: 86.0
[2026-02-17 11:15:49,639] INFO: Time: 1.407450696000069; Command Position: 0.22264221797633849; Output Position: 0.2199968711879124; Motor Current: 86.0
[2026-02-17 11:15:49,640] INFO: Time: 1.4085097250001581; Command Position: 0.22264221797633849; Output Position: 0.2199783894916728; Motor Current: 87.0
[2026-02-17 11:15:49,641] INFO: Time: 1.409568605000004; Command Position: 0.22264221797633849; Output Position: 0.2199783894916728; Motor Current: 87.0
[2026-02-17 11:15:49,642] INFO: Time: 1.4106302270001834; Command Position: 0.22264221797633849; Output Position: 0.2199783894916728; Motor Current: 87.0
[2026-02-17 11:15:49,643] INFO: Time: 1.411693070000183; Command Position: 0.22264221797633849; Output Position: 0.2199783894916728; Motor Current: 90.0
[2026-02-17 11:15:49,645] INFO: Time: 1.4127510430000711; Command Position: 0.22264221797633849; Output Position: 0.2199783894916728; Motor Current: 89.0
[2026-02-17 11:15:49,646] INFO: Time: 1.4138105540000652; Command Position: 0.22264221797633849; Output Position: 0.21998763033979263; Motor Current: 88.0
[2026-02-17 11:15:49,647] INFO: Time: 1.414959824000107; Command Position: 0.22264221797633849; Output Position: 0.21998763033979263; Motor Current: 87.0
[2026-02-17 11:15:49,648] INFO: Time: 1.416022779000059; Command Position: 0.22264221797633849; Output Position: 0.21996914864355302; Motor Current: 83.0
[2026-02-17 11:15:49,649] INFO: Time: 1.4170852330000798; Command Position: 0.22264221797633849; Output Position: 0.21996914864355302; Motor Current: 83.0
[2026-02-17 11:15:49,650] INFO: Time: 1.4185422110001582; Command Position: 0.22264221797633849; Output Position: 0.21998763033979263; Motor Current: 83.0
[2026-02-17 11:15:49,651] INFO: Time: 1.4196083320000525; Command Position: 0.22264221797633849; Output Position: 0.2199968711879124; Motor Current: 80.0
[2026-02-17 11:15:49,652] INFO: Time: 1.4206712310001421; Command Position: 0.22264221797633849; Output Position: 0.21998763033979263; Motor Current: 78.0
[2026-02-17 11:15:49,654] INFO: Time: 1.4217309450000357; Command Position: 0.22264221797633849; Output Position: 0.21998763033979263; Motor Current: 77.0
[2026-02-17 11:15:49,655] INFO: Time: 1.4227928630000406; Command Position: 0.22264221797633849; Output Position: 0.2199783894916728; Motor Current: 80.0
[2026-02-17 11:15:49,656] INFO: Time: 1.4238540580001882; Command Position: 0.22264221797633849; Output Position: 0.2199783894916728; Motor Current: 82.0
[2026-02-17 11:15:49,657] INFO: Time: 1.4249156610001137; Command Position: 0.22264221797633849; Output Position: 0.2199783894916728; Motor Current: 82.0
[2026-02-17 11:15:49,658] INFO: Time: 1.425990875000025; Command Position: 0.22264221797633849; Output Position: 0.2199783894916728; Motor Current: 82.0
[2026-02-17 11:15:49,659] INFO: Time: 1.4270496999999978; Command Position: 0.22264221797633849; Output Position: 0.21998763033979263; Motor Current: 85.0
[2026-02-17 11:15:49,660] INFO: Time: 1.4281088960001398; Command Position: 0.22264221797633849; Output Position: 0.2199783894916728; Motor Current: 84.0
[2026-02-17 11:15:49,661] INFO: Time: 1.4291711470000337; Command Position: 0.22264221797633849; Output Position: 0.21996914864355302; Motor Current: 86.0
[2026-02-17 11:15:49,662] INFO: Time: 1.4302322310002182; Command Position: 0.22264221797633849; Output Position: 0.2199968711879124; Motor Current: 86.0
[2026-02-17 11:15:49,663] INFO: Time: 1.4312921860000642; Command Position: 0.22264221797633849; Output Position: 0.21996914864355302; Motor Current: 84.0
[2026-02-17 11:15:49,664] INFO: Time: 1.4323516590000054; Command Position: 0.22264221797633849; Output Position: 0.21996914864355302; Motor Current: 85.0
[2026-02-17 11:15:49,665] INFO: Time: 1.4334105030000046; Command Position: 0.22264221797633849; Output Position: 0.2199783894916728; Motor Current: 87.0
[2026-02-17 11:15:49,666] INFO: Time: 1.4344696430000567; Command Position: 0.22264221797633849; Output Position: 0.2199783894916728; Motor Current: 87.0
[2026-02-17 11:15:49,667] INFO: Time: 1.4355310420000933; Command Position: 0.22264221797633849; Output Position: 0.21998763033979263; Motor Current: 87.0
[2026-02-17 11:15:49,668] INFO: Time: 1.4365927000001193; Command Position: 0.22264221797633849; Output Position: 0.21998763033979263; Motor Current: 83.0
[2026-02-17 11:15:49,669] INFO: Time: 1.4376526550001927; Command Position: 0.22264221797633849; Output Position: 0.2199968711879124; Motor Current: 81.0
[2026-02-17 11:15:49,670] INFO: Time: 1.438711610000155; Command Position: 0.22264221797633849; Output Position: 0.21996914864355302; Motor Current: 83.0
[2026-02-17 11:15:49,672] INFO: Time: 1.4397710090001965; Command Position: 0.22264221797633849; Output Position: 0.2199968711879124; Motor Current: 84.0
[2026-02-17 11:15:49,673] INFO: Time: 1.4408297780000794; Command Position: 0.22264221797633849; Output Position: 0.21996914864355302; Motor Current: 83.0
[2026-02-17 11:15:49,674] INFO: Time: 1.4418921030001002; Command Position: 0.22264221797633849; Output Position: 0.21998763033979263; Motor Current: 82.0
[2026-02-17 11:15:49,675] INFO: Time: 1.4429544650001844; Command Position: 0.22264221797633849; Output Position: 0.2199968711879124; Motor Current: 80.0
[2026-02-17 11:15:49,676] INFO: Time: 1.444028994000064; Command Position: 0.22264221797633849; Output Position: 0.21996914864355302; Motor Current: 84.0
[2026-02-17 11:15:49,677] INFO: Time: 1.4450878380000631; Command Position: 0.22264221797633849; Output Position: 0.21998763033979263; Motor Current: 83.0
[2026-02-17 11:15:49,678] INFO: Time: 1.446147552000184; Command Position: 0.22264221797633849; Output Position: 0.2199783894916728; Motor Current: 81.0
[2026-02-17 11:15:49,679] INFO: Time: 1.447207192000178; Command Position: 0.22264221797633849; Output Position: 0.21998763033979263; Motor Current: 85.0
[2026-02-17 11:15:49,680] INFO: Time: 1.4482679060001828; Command Position: 0.22264221797633849; Output Position: 0.21998763033979263; Motor Current: 85.0
[2026-02-17 11:15:49,681] INFO: Time: 1.4493291380001665; Command Position: 0.22264221797633849; Output Position: 0.21998763033979263; Motor Current: 85.0
[2026-02-17 11:15:49,682] INFO: Time: 1.4503883520001182; Command Position: 0.22264221797633849; Output Position: 0.21998763033979263; Motor Current: 84.0
[2026-02-17 11:15:49,683] INFO: Time: 1.4514473620001809; Command Position: 0.22264221797633849; Output Position: 0.21998763033979263; Motor Current: 84.0
[2026-02-17 11:15:49,684] INFO: Time: 1.4525060020000637; Command Position: 0.22264221797633849; Output Position: 0.21996914864355302; Motor Current: 84.0
[2026-02-17 11:15:49,685] INFO: Time: 1.4535648830001264; Command Position: 0.22264221797633849; Output Position: 0.21998763033979263; Motor Current: 86.0
[2026-02-17 11:15:49,686] INFO: Time: 1.454626264000126; Command Position: 0.22264221797633849; Output Position: 0.2199783894916728; Motor Current: 86.0
[2026-02-17 11:15:49,687] INFO: Time: 1.4556882180002049; Command Position: 0.22264221797633849; Output Position: 0.2199783894916728; Motor Current: 87.0
[2026-02-17 11:15:49,689] INFO: Time: 1.456747062000204; Command Position: 0.22264221797633849; Output Position: 0.21998763033979263; Motor Current: 89.0
[2026-02-17 11:15:49,690] INFO: Time: 1.4578066460001082; Command Position: 0.22264221797633849; Output Position: 0.21998763033979263; Motor Current: 90.0
[2026-02-17 11:15:49,691] INFO: Time: 1.458865638000134; Command Position: 0.22264221797633849; Output Position: 0.2199783894916728; Motor Current: 90.0
[2026-02-17 11:15:49,692] INFO: Time: 1.4599242220001543; Command Position: 0.22264221797633849; Output Position: 0.21996914864355302; Motor Current: 87.0
[2026-02-17 11:15:49,693] INFO: Time: 1.4610030850001294; Command Position: 0.22264221797633849; Output Position: 0.21998763033979263; Motor Current: 88.0
[2026-02-17 11:15:49,694] INFO: Time: 1.462064317000113; Command Position: 0.22264221797633849; Output Position: 0.21998763033979263; Motor Current: 88.0
[2026-02-17 11:15:49,695] INFO: Time: 1.4631247160000385; Command Position: 0.22264221797633849; Output Position: 0.2199783894916728; Motor Current: 88.0
[2026-02-17 11:15:49,696] INFO: Time: 1.4641820780000216; Command Position: 0.22264221797633849; Output Position: 0.21998763033979263; Motor Current: 88.0
[2026-02-17 11:15:49,697] INFO: Time: 1.4652416070000527; Command Position: 0.22264221797633849; Output Position: 0.2199783894916728; Motor Current: 87.0
[2026-02-17 11:15:49,698] INFO: Time: 1.4663007470001048; Command Position: 0.22264221797633849; Output Position: 0.2199783894916728; Motor Current: 86.0
[2026-02-17 11:15:49,699] INFO: Time: 1.4673629790001996; Command Position: 0.22264221797633849; Output Position: 0.21998763033979263; Motor Current: 85.0
[2026-02-17 11:15:49,700] INFO: Time: 1.4684246930000882; Command Position: 0.22264221797633849; Output Position: 0.2199783894916728; Motor Current: 85.0
[2026-02-17 11:15:49,701] INFO: Time: 1.4694850370001404; Command Position: 0.22264221797633849; Output Position: 0.21998763033979263; Motor Current: 86.0
[2026-02-17 11:15:49,702] INFO: Time: 1.4705449920002138; Command Position: 0.22264221797633849; Output Position: 0.2199783894916728; Motor Current: 84.0
[2026-02-17 11:15:49,703] INFO: Time: 1.4716044460001285; Command Position: 0.22264221797633849; Output Position: 0.2199783894916728; Motor Current: 84.0
[2026-02-17 11:15:49,704] INFO: Time: 1.4726657350001915; Command Position: 0.22264221797633849; Output Position: 0.2199783894916728; Motor Current: 84.0
[2026-02-17 11:15:49,706] INFO: Time: 1.4737279480000325; Command Position: 0.22264221797633849; Output Position: 0.2199783894916728; Motor Current: 83.0
[2026-02-17 11:15:49,707] INFO: Time: 1.4747876440001164; Command Position: 0.22264221797633849; Output Position: 0.2199783894916728; Motor Current: 83.0
[2026-02-17 11:15:49,708] INFO: Time: 1.4758470060000946; Command Position: 0.22264221797633849; Output Position: 0.2199783894916728; Motor Current: 84.0
[2026-02-17 11:15:49,709] INFO: Time: 1.4769053500001519; Command Position: 0.22264221797633849; Output Position: 0.2199783894916728; Motor Current: 84.0
[2026-02-17 11:15:49,710] INFO: Time: 1.4779650270002094; Command Position: 0.22264221797633849; Output Position: 0.21998763033979263; Motor Current: 86.0
[2026-02-17 11:15:49,711] INFO: Time: 1.47902596300014; Command Position: 0.22264221797633849; Output Position: 0.21998763033979263; Motor Current: 87.0
[2026-02-17 11:15:49,712] INFO: Time: 1.480087492000166; Command Position: 0.22264221797633849; Output Position: 0.21998763033979263; Motor Current: 88.0
[2026-02-17 11:15:49,713] INFO: Time: 1.4811446870000964; Command Position: 0.22264221797633849; Output Position: 0.21998763033979263; Motor Current: 87.0
[2026-02-17 11:15:49,714] INFO: Time: 1.4822041600000375; Command Position: 0.22264221797633849; Output Position: 0.21998763033979263; Motor Current: 85.0
[2026-02-17 11:15:49,715] INFO: Time: 1.4832633930000156; Command Position: 0.22264221797633849; Output Position: 0.2199783894916728; Motor Current: 85.0
[2026-02-17 11:15:49,716] INFO: Time: 1.4843224030000783; Command Position: 0.22264221797633849; Output Position: 0.2199968711879124; Motor Current: 87.0
[2026-02-17 11:15:49,717] INFO: Time: 1.4853842090001308; Command Position: 0.22264221797633849; Output Position: 0.2199783894916728; Motor Current: 85.0
[2026-02-17 11:15:49,718] INFO: Time: 1.4864466090000406; Command Position: 0.22264221797633849; Output Position: 0.21998763033979263; Motor Current: 85.0
[2026-02-17 11:15:49,719] INFO: Time: 1.4875057860001561; Command Position: 0.22264221797633849; Output Position: 0.21996914864355302; Motor Current: 85.0
[2026-02-17 11:15:49,720] INFO: Time: 1.488609833000055; Command Position: 0.22264221797633849; Output Position: 0.2199968711879124; Motor Current: 86.0
[2026-02-17 11:15:49,721] INFO: Time: 1.4896759360001397; Command Position: 0.22264221797633849; Output Position: 0.2199783894916728; Motor Current: 84.0
[2026-02-17 11:15:49,723] INFO: Time: 1.4907371500000863; Command Position: 0.22264221797633849; Output Position: 0.21998763033979263; Motor Current: 83.0
[2026-02-17 11:15:49,724] INFO: Time: 1.4918054380000285; Command Position: 0.22264221797633849; Output Position: 0.2199783894916728; Motor Current: 84.0
[2026-02-17 11:15:49,725] INFO: Time: 1.4928659300001073; Command Position: 0.22264221797633849; Output Position: 0.21998763033979263; Motor Current: 84.0
[2026-02-17 11:15:49,726] INFO: Time: 1.493926829000202; Command Position: 0.22264221797633849; Output Position: 0.2199783894916728; Motor Current: 84.0
[2026-02-17 11:15:49,727] INFO: Time: 1.4949983950000387; Command Position: 0.22264221797633849; Output Position: 0.2199783894916728; Motor Current: 84.0
[2026-02-17 11:15:49,728] INFO: Time: 1.496057368000038; Command Position: 0.22264221797633849; Output Position: 0.2199783894916728; Motor Current: 84.0
[2026-02-17 11:15:49,729] INFO: Time: 1.4971265640001548; Command Position: 0.22264221797633849; Output Position: 0.2199783894916728; Motor Current: 84.0
[2026-02-17 11:15:49,730] INFO: Time: 1.4981914450002023; Command Position: 0.22264221797633849; Output Position: 0.2199783894916728; Motor Current: 84.0
[2026-02-17 11:15:49,731] INFO: Time: 1.49925101000008; Command Position: 0.22264221797633849; Output Position: 0.21996914864355302; Motor Current: 86.0
[2026-02-17 11:15:49,732] INFO: Time: 1.5003120580001905; Command Position: 0.22264221797633849; Output Position: 0.21998763033979263; Motor Current: 86.0
[2026-02-17 11:15:49,733] INFO: Time: 1.50137223500019; Command Position: 0.22264221797633849; Output Position: 0.2199783894916728; Motor Current: 86.0
[2026-02-17 11:15:49,734] INFO: Time: 1.5024316710000676; Command Position: 0.22264221797633849; Output Position: 0.21998763033979263; Motor Current: 87.0
[2026-02-17 11:15:49,735] INFO: Time: 1.5034920330001569; Command Position: 0.22264221797633849; Output Position: 0.21998763033979263; Motor Current: 87.0
[2026-02-17 11:15:49,736] INFO: Time: 1.5045527100000982; Command Position: 0.22264221797633849; Output Position: 0.21998763033979263; Motor Current: 86.0
[2026-02-17 11:15:49,737] INFO: Time: 1.5056125160001557; Command Position: 0.22264221797633849; Output Position: 0.2199783894916728; Motor Current: 86.0
[2026-02-17 11:15:49,738] INFO: Time: 1.5066720270001497; Command Position: 0.22264221797633849; Output Position: 0.21998763033979263; Motor Current: 86.0
[2026-02-17 11:15:49,739] INFO: Time: 1.5077315920000274; Command Position: 0.22264221797633849; Output Position: 0.21998763033979263; Motor Current: 84.0
[2026-02-17 11:15:49,741] INFO: Time: 1.508794584000043; Command Position: 0.22264221797633849; Output Position: 0.21998763033979263; Motor Current: 84.0
[2026-02-17 11:15:49,742] INFO: Time: 1.509855891000143; Command Position: 0.22264221797633849; Output Position: 0.2199783894916728; Motor Current: 84.0
[2026-02-17 11:15:49,743] INFO: Time: 1.5109161230000154; Command Position: 0.22264221797633849; Output Position: 0.21998763033979263; Motor Current: 84.0
[2026-02-17 11:15:49,744] INFO: Time: 1.5119746520001627; Command Position: 0.22264221797633849; Output Position: 0.21998763033979263; Motor Current: 84.0
[2026-02-17 11:15:49,745] INFO: Time: 1.5130469030000313; Command Position: 0.22264221797633849; Output Position: 0.21998763033979263; Motor Current: 84.0
[2026-02-17 11:15:49,746] INFO: Time: 1.5141060620001099; Command Position: 0.22264221797633849; Output Position: 0.21998763033979263; Motor Current: 82.0
[2026-02-17 11:15:49,747] INFO: Time: 1.5151668680000512; Command Position: 0.22264221797633849; Output Position: 0.2199783894916728; Motor Current: 83.0
[2026-02-17 11:15:49,748] INFO: Time: 1.5162281750001512; Command Position: 0.22264221797633849; Output Position: 0.2199783894916728; Motor Current: 83.0
[2026-02-17 11:15:49,749] INFO: Time: 1.5172866480002085; Command Position: 0.22264221797633849; Output Position: 0.2199783894916728; Motor Current: 84.0
[2026-02-17 11:15:49,750] INFO: Time: 1.5183464360000016; Command Position: 0.22264221797633849; Output Position: 0.21996914864355302; Motor Current: 82.0
[2026-02-17 11:15:49,751] INFO: Time: 1.5194055570000273; Command Position: 0.22264221797633849; Output Position: 0.21998763033979263; Motor Current: 81.0
[2026-02-17 11:15:49,752] INFO: Time: 1.5204644010000266; Command Position: 0.22264221797633849; Output Position: 0.2199783894916728; Motor Current: 83.0
[2026-02-17 11:15:49,753] INFO: Time: 1.521529393000037; Command Position: 0.22264221797633849; Output Position: 0.2199783894916728; Motor Current: 84.0
[2026-02-17 11:15:49,754] INFO: Time: 1.522592996000185; Command Position: 0.22264221797633849; Output Position: 0.2199783894916728; Motor Current: 85.0
[2026-02-17 11:15:49,755] INFO: Time: 1.523652876000142; Command Position: 0.22264221797633849; Output Position: 0.21998763033979263; Motor Current: 83.0
[2026-02-17 11:15:49,756] INFO: Time: 1.5247125350001625; Command Position: 0.22264221797633849; Output Position: 0.2199968711879124; Motor Current: 84.0
[2026-02-17 11:15:49,758] INFO: Time: 1.5257716750002146; Command Position: 0.22264221797633849; Output Position: 0.2199783894916728; Motor Current: 81.0
[2026-02-17 11:15:49,759] INFO: Time: 1.5268307590001768; Command Position: 0.22264221797633849; Output Position: 0.21996914864355302; Motor Current: 82.0
[2026-02-17 11:15:49,760] INFO: Time: 1.5278905840000334; Command Position: 0.22264221797633849; Output Position: 0.2199968711879124; Motor Current: 83.0
[2026-02-17 11:15:49,761] INFO: Time: 1.5289524830000119; Command Position: 0.22264221797633849; Output Position: 0.21998763033979263; Motor Current: 83.0
[2026-02-17 11:15:49,762] INFO: Time: 1.530011697000191; Command Position: 0.22264221797633849; Output Position: 0.2199968711879124; Motor Current: 80.0
[2026-02-17 11:15:49,763] INFO: Time: 1.5310708180002166; Command Position: 0.22264221797633849; Output Position: 0.2199968711879124; Motor Current: 80.0
[2026-02-17 11:15:49,764] INFO: Time: 1.5321297180000784; Command Position: 0.22264221797633849; Output Position: 0.2199783894916728; Motor Current: 82.0
[2026-02-17 11:15:49,765] INFO: Time: 1.5331888760001675; Command Position: 0.22264221797633849; Output Position: 0.2199968711879124; Motor Current: 81.0
[2026-02-17 11:15:49,766] INFO: Time: 1.5342501640000137; Command Position: 0.22264221797633849; Output Position: 0.2199783894916728; Motor Current: 82.0
[2026-02-17 11:15:49,767] INFO: Time: 1.5353115630000502; Command Position: 0.22264221797633849; Output Position: 0.2199783894916728; Motor Current: 82.0
[2026-02-17 11:15:49,768] INFO: Time: 1.53637027700006; Command Position: 0.22264221797633849; Output Position: 0.21996914864355302; Motor Current: 80.0
[2026-02-17 11:15:49,769] INFO: Time: 1.5374293610000223; Command Position: 0.22264221797633849; Output Position: 0.21998763033979263; Motor Current: 83.0
[2026-02-17 11:15:49,770] INFO: Time: 1.538488353000048; Command Position: 0.22264221797633849; Output Position: 0.2199783894916728; Motor Current: 86.0
[2026-02-17 11:15:49,771] INFO: Time: 1.5395470860000842; Command Position: 0.22264221797633849; Output Position: 0.2199783894916728; Motor Current: 87.0
[2026-02-17 11:15:49,772] INFO: Time: 1.5406092810001155; Command Position: 0.22264221797633849; Output Position: 0.21998763033979263; Motor Current: 87.0
[2026-02-17 11:15:49,773] INFO: Time: 1.5416720880000412; Command Position: 0.22264221797633849; Output Position: 0.21998763033979263; Motor Current: 82.0
[2026-02-17 11:15:49,774] INFO: Time: 1.5427292830001988; Command Position: 0.22264221797633849; Output Position: 0.21998763033979263; Motor Current: 81.0
[2026-02-17 11:15:49,776] INFO: Time: 1.5437891640001453; Command Position: 0.22264221797633849; Output Position: 0.21998763033979263; Motor Current: 80.0
[2026-02-17 11:15:49,777] INFO: Time: 1.544852378000087; Command Position: 0.22264221797633849; Output Position: 0.21998763033979263; Motor Current: 81.0
[2026-02-17 11:15:49,778] INFO: Time: 1.5459118320000016; Command Position: 0.22264221797633849; Output Position: 0.2199783894916728; Motor Current: 80.0
[2026-02-17 11:15:49,779] INFO: Time: 1.54697365800007; Command Position: 0.22264221797633849; Output Position: 0.2199783894916728; Motor Current: 81.0
[2026-02-17 11:15:49,780] INFO: Time: 1.548052964000135; Command Position: 0.22264221797633849; Output Position: 0.21998763033979263; Motor Current: 83.0
[2026-02-17 11:15:49,781] INFO: Time: 1.549112882000145; Command Position: 0.22264221797633849; Output Position: 0.21998763033979263; Motor Current: 83.0
[2026-02-17 11:15:49,782] INFO: Time: 1.550172226000086; Command Position: 0.22264221797633849; Output Position: 0.2199783894916728; Motor Current: 82.0
[2026-02-17 11:15:49,783] INFO: Time: 1.5512311800000589; Command Position: 0.22264221797633849; Output Position: 0.21996914864355302; Motor Current: 82.0
[2026-02-17 11:15:49,784] INFO: Time: 1.5522900050000317; Command Position: 0.22264221797633849; Output Position: 0.2199783894916728; Motor Current: 84.0
[2026-02-17 11:15:49,785] INFO: Time: 1.553352182000026; Command Position: 0.22264221797633849; Output Position: 0.2199783894916728; Motor Current: 84.0
[2026-02-17 11:15:49,786] INFO: Time: 1.5544138780001049; Command Position: 0.22264221797633849; Output Position: 0.21998763033979263; Motor Current: 85.0
[2026-02-17 11:15:49,787] INFO: Time: 1.5554736840001624; Command Position: 0.22264221797633849; Output Position: 0.21998763033979263; Motor Current: 86.0
[2026-02-17 11:15:49,788] INFO: Time: 1.5565326200000982; Command Position: 0.22264221797633849; Output Position: 0.21998763033979263; Motor Current: 84.0
[2026-02-17 11:15:49,789] INFO: Time: 1.5575920380001662; Command Position: 0.22264221797633849; Output Position: 0.2199968711879124; Motor Current: 84.0
[2026-02-17 11:15:49,790] INFO: Time: 1.5586530110001604; Command Position: 0.22264221797633849; Output Position: 0.2199783894916728; Motor Current: 86.0
[2026-02-17 11:15:49,791] INFO: Time: 1.559714596000049; Command Position: 0.22264221797633849; Output Position: 0.2199968711879124; Motor Current: 86.0
[2026-02-17 11:15:49,793] INFO: Time: 1.5607745320000959; Command Position: 0.22264221797633849; Output Position: 0.2199968711879124; Motor Current: 86.0
[2026-02-17 11:15:49,794] INFO: Time: 1.561833783000111; Command Position: 0.22264221797633849; Output Position: 0.2199783894916728; Motor Current: 85.0
[2026-02-17 11:15:49,795] INFO: Time: 1.5628930150000997; Command Position: 0.22264221797633849; Output Position: 0.21998763033979263; Motor Current: 85.0
[2026-02-17 11:15:49,796] INFO: Time: 1.5639522850001413; Command Position: 0.22264221797633849; Output Position: 0.2199968711879124; Motor Current: 85.0
[2026-02-17 11:15:49,797] INFO: Time: 1.5650162950000777; Command Position: 0.22264221797633849; Output Position: 0.2199783894916728; Motor Current: 85.0
[2026-02-17 11:15:49,798] INFO: Time: 1.56615076900016; Command Position: 0.22264221797633849; Output Position: 0.2199783894916728; Motor Current: 88.0
[2026-02-17 11:15:49,799] INFO: Time: 1.567213742000149; Command Position: 0.22264221797633849; Output Position: 0.2199783894916728; Motor Current: 88.0
[2026-02-17 11:15:49,800] INFO: Time: 1.5682741790001273; Command Position: 0.22264221797633849; Output Position: 0.21998763033979263; Motor Current: 90.0
[2026-02-17 11:15:49,801] INFO: Time: 1.5693337810000685; Command Position: 0.22264221797633849; Output Position: 0.2199783894916728; Motor Current: 89.0
[2026-02-17 11:15:49,802] INFO: Time: 1.570393662000015; Command Position: 0.22264221797633849; Output Position: 0.2199968711879124; Motor Current: 86.0
[2026-02-17 11:15:49,803] INFO: Time: 1.5714552280001044; Command Position: 0.22264221797633849; Output Position: 0.21998763033979263; Motor Current: 88.0
[2026-02-17 11:15:49,804] INFO: Time: 1.5725164230000246; Command Position: 0.22264221797633849; Output Position: 0.21996914864355302; Motor Current: 87.0
[2026-02-17 11:15:49,805] INFO: Time: 1.573576378000098; Command Position: 0.22264221797633849; Output Position: 0.2199783894916728; Motor Current: 87.0
[2026-02-17 11:15:49,806] INFO: Time: 1.574635907000129; Command Position: 0.22264221797633849; Output Position: 0.2199783894916728; Motor Current: 88.0
[2026-02-17 11:15:49,807] INFO: Time: 1.5756954730002235; Command Position: 0.22264221797633849; Output Position: 0.2199783894916728; Motor Current: 87.0
[2026-02-17 11:15:49,809] INFO: Time: 1.5767577790002179; Command Position: 0.22264221797633849; Output Position: 0.2199783894916728; Motor Current: 84.0
[2026-02-17 11:15:49,810] INFO: Time: 1.577820752000207; Command Position: 0.22264221797633849; Output Position: 0.21996914864355302; Motor Current: 87.0
[2026-02-17 11:15:49,811] INFO: Time: 1.578880689000016; Command Position: 0.22264221797633849; Output Position: 0.21998763033979263; Motor Current: 88.0
[2026-02-17 11:15:49,812] INFO: Time: 1.5799396800000522; Command Position: 0.22264221797633849; Output Position: 0.21998763033979263; Motor Current: 87.0
[2026-02-17 11:15:49,813] INFO: Time: 1.5810031720000097; Command Position: 0.22264221797633849; Output Position: 0.21998763033979263; Motor Current: 85.0
[2026-02-17 11:15:49,814] INFO: Time: 1.5820623310000883; Command Position: 0.22264221797633849; Output Position: 0.2199783894916728; Motor Current: 83.0
[2026-02-17 11:15:49,815] INFO: Time: 1.5831349890002002; Command Position: 0.22264221797633849; Output Position: 0.2199783894916728; Motor Current: 84.0
[2026-02-17 11:15:49,816] INFO: Time: 1.584195703000205; Command Position: 0.22264221797633849; Output Position: 0.2199968711879124; Motor Current: 83.0
[2026-02-17 11:15:49,817] INFO: Time: 1.5852528240000083; Command Position: 0.22264221797633849; Output Position: 0.2199783894916728; Motor Current: 82.0
[2026-02-17 11:15:49,818] INFO: Time: 1.5863128900000447; Command Position: 0.22264221797633849; Output Position: 0.2199783894916728; Motor Current: 82.0
[2026-02-17 11:15:49,819] INFO: Time: 1.5873721970001498; Command Position: 0.22264221797633849; Output Position: 0.22000611203603218; Motor Current: 82.0
[2026-02-17 11:15:49,820] INFO: Time: 1.588431059000186; Command Position: 0.22264221797633849; Output Position: 0.2199783894916728; Motor Current: 81.0
[2026-02-17 11:15:49,821] INFO: Time: 1.5894926060000216; Command Position: 0.22264221797633849; Output Position: 0.21996914864355302; Motor Current: 79.0
[2026-02-17 11:15:49,822] INFO: Time: 1.5905535610002062; Command Position: 0.22264221797633849; Output Position: 0.21998763033979263; Motor Current: 81.0
[2026-02-17 11:15:49,823] INFO: Time: 1.59161060800011; Command Position: 0.22264221797633849; Output Position: 0.21998763033979263; Motor Current: 82.0
[2026-02-17 11:15:49,824] INFO: Time: 1.5926699330000247; Command Position: 0.22264221797633849; Output Position: 0.21998763033979263; Motor Current: 82.0
[2026-02-17 11:15:49,825] INFO: Time: 1.5937288320001244; Command Position: 0.22264221797633849; Output Position: 0.2199783894916728; Motor Current: 83.0
[2026-02-17 11:15:49,827] INFO: Time: 1.594791528000087; Command Position: 0.22264221797633849; Output Position: 0.2199968711879124; Motor Current: 83.0
[2026-02-17 11:15:49,828] INFO: Time: 1.5958523900001182; Command Position: 0.22264221797633849; Output Position: 0.21996914864355302; Motor Current: 84.0
[2026-02-17 11:15:49,829] INFO: Time: 1.5969119190001493; Command Position: 0.22264221797633849; Output Position: 0.21998763033979263; Motor Current: 84.0
[2026-02-17 11:15:49,830] INFO: Time: 1.5979718180001328; Command Position: 0.22264221797633849; Output Position: 0.2199783894916728; Motor Current: 85.0
[2026-02-17 11:15:49,831] INFO: Time: 1.5990351990001272; Command Position: 0.22264221797633849; Output Position: 0.21998763033979263; Motor Current: 84.0
[2026-02-17 11:15:49,832] INFO: Time: 1.6000948200000948; Command Position: 0.22264221797633849; Output Position: 0.21998763033979263; Motor Current: 83.0
[2026-02-17 11:15:49,833] INFO: Time: 1.6011632380000265; Command Position: 0.22264221797633849; Output Position: 0.21998763033979263; Motor Current: 83.0
[2026-02-17 11:15:49,834] INFO: Time: 1.6022240810000312; Command Position: 0.22264221797633849; Output Position: 0.2199783894916728; Motor Current: 85.0
[2026-02-17 11:15:49,835] INFO: Time: 1.6032834620000358; Command Position: 0.22264221797633849; Output Position: 0.2199968711879124; Motor Current: 86.0
[2026-02-17 11:15:49,836] INFO: Time: 1.604340102000151; Command Position: 0.22264221797633849; Output Position: 0.21996914864355302; Motor Current: 85.0
[2026-02-17 11:15:49,837] INFO: Time: 1.6053990940001768; Command Position: 0.22264221797633849; Output Position: 0.21998763033979263; Motor Current: 86.0
[2026-02-17 11:15:49,838] INFO: Time: 1.606458067000176; Command Position: 0.22264221797633849; Output Position: 0.2199783894916728; Motor Current: 85.0
[2026-02-17 11:15:49,839] INFO: Time: 1.6075192990001597; Command Position: 0.22264221797633849; Output Position: 0.21998763033979263; Motor Current: 87.0
[2026-02-17 11:15:49,840] INFO: Time: 1.6085806800001592; Command Position: 0.22264221797633849; Output Position: 0.21996914864355302; Motor Current: 89.0
[2026-02-17 11:15:49,841] INFO: Time: 1.6096402830000898; Command Position: 0.22264221797633849; Output Position: 0.2199783894916728; Motor Current: 89.0
[2026-02-17 11:15:49,842] INFO: Time: 1.6106997000001684; Command Position: 0.22264221797633849; Output Position: 0.21998763033979263; Motor Current: 89.0
[2026-02-17 11:15:49,844] INFO: Time: 1.61175897000021; Command Position: 0.22264221797633849; Output Position: 0.21998763033979263; Motor Current: 88.0
[2026-02-17 11:15:49,845] INFO: Time: 1.6128229620001093; Command Position: 0.22264221797633849; Output Position: 0.21996914864355302; Motor Current: 88.0
[2026-02-17 11:15:49,846] INFO: Time: 1.6138854530001936; Command Position: 0.22264221797633849; Output Position: 0.2199783894916728; Motor Current: 87.0
[2026-02-17 11:15:49,847] INFO: Time: 1.614945612000156; Command Position: 0.22264221797633849; Output Position: 0.2199783894916728; Motor Current: 87.0
[2026-02-17 11:15:49,848] INFO: Time: 1.6160043630000018; Command Position: 0.22264221797633849; Output Position: 0.2199783894916728; Motor Current: 87.0
[2026-02-17 11:15:49,849] INFO: Time: 1.6170637810000699; Command Position: 0.22264221797633849; Output Position: 0.2199783894916728; Motor Current: 87.0
[2026-02-17 11:15:49,850] INFO: Time: 1.6181227720001061; Command Position: 0.22264221797633849; Output Position: 0.2199783894916728; Motor Current: 83.0
[2026-02-17 11:15:49,851] INFO: Time: 1.619184190000169; Command Position: 0.22264221797633849; Output Position: 0.2199783894916728; Motor Current: 82.0
[2026-02-17 11:15:49,852] INFO: Time: 1.620245941000121; Command Position: 0.22264221797633849; Output Position: 0.2199783894916728; Motor Current: 82.0
[2026-02-17 11:15:49,853] INFO: Time: 1.6215468790001069; Command Position: 0.22264221797633849; Output Position: 0.21998763033979263; Motor Current: 84.0
[2026-02-17 11:15:49,854] INFO: Time: 1.6226087230002122; Command Position: 0.22264221797633849; Output Position: 0.2199783894916728; Motor Current: 82.0
[2026-02-17 11:15:49,855] INFO: Time: 1.6236699930000213; Command Position: 0.22264221797633849; Output Position: 0.2199968711879124; Motor Current: 81.0
[2026-02-17 11:15:49,857] INFO: Time: 1.6247324290000051; Command Position: 0.22264221797633849; Output Position: 0.2199783894916728; Motor Current: 82.0
[2026-02-17 11:15:49,858] INFO: Time: 1.6257951060001687; Command Position: 0.22264221797633849; Output Position: 0.21998763033979263; Motor Current: 81.0
[2026-02-17 11:15:49,859] INFO: Time: 1.626854597000147; Command Position: 0.22264221797633849; Output Position: 0.21998763033979263; Motor Current: 81.0
[2026-02-17 11:15:49,860] INFO: Time: 1.627913830000125; Command Position: 0.22264221797633849; Output Position: 0.2199783894916728; Motor Current: 83.0
[2026-02-17 11:15:49,861] INFO: Time: 1.6289741920002143; Command Position: 0.22264221797633849; Output Position: 0.2199968711879124; Motor Current: 83.0
[2026-02-17 11:15:49,862] INFO: Time: 1.6300365170000077; Command Position: 0.22264221797633849; Output Position: 0.2199783894916728; Motor Current: 83.0
[2026-02-17 11:15:49,863] INFO: Time: 1.631261362000032; Command Position: 0.22264221797633849; Output Position: 0.2199783894916728; Motor Current: 82.0
[2026-02-17 11:15:49,864] INFO: Time: 1.6323236870000528; Command Position: 0.22264221797633849; Output Position: 0.2199783894916728; Motor Current: 85.0
[2026-02-17 11:15:49,865] INFO: Time: 1.6333856790001846; Command Position: 0.22264221797633849; Output Position: 0.2199783894916728; Motor Current: 87.0
[2026-02-17 11:15:49,866] INFO: Time: 1.6344463380000889; Command Position: 0.22264221797633849; Output Position: 0.2199783894916728; Motor Current: 86.0
[2026-02-17 11:15:49,867] INFO: Time: 1.635505978000083; Command Position: 0.22264221797633849; Output Position: 0.21998763033979263; Motor Current: 87.0
[2026-02-17 11:15:49,868] INFO: Time: 1.6365649320000557; Command Position: 0.22264221797633849; Output Position: 0.2199783894916728; Motor Current: 86.0
[2026-02-17 11:15:49,869] INFO: Time: 1.637625165000145; Command Position: 0.22264221797633849; Output Position: 0.21998763033979263; Motor Current: 86.0
[2026-02-17 11:15:49,870] INFO: Time: 1.638686434000192; Command Position: 0.22264221797633849; Output Position: 0.2199783894916728; Motor Current: 86.0
[2026-02-17 11:15:49,872] INFO: Time: 1.6397459820000222; Command Position: 0.22264221797633849; Output Position: 0.21998763033979263; Motor Current: 85.0
[2026-02-17 11:15:49,873] INFO: Time: 1.640802381000185; Command Position: 0.22264221797633849; Output Position: 0.2199968711879124; Motor Current: 85.0
[2026-02-17 11:15:49,874] INFO: Time: 1.6418614090000574; Command Position: 0.22264221797633849; Output Position: 0.21998763033979263; Motor Current: 84.0
[2026-02-17 11:15:49,875] INFO: Time: 1.6429203090001465; Command Position: 0.22264221797633849; Output Position: 0.21998763033979263; Motor Current: 83.0
[2026-02-17 11:15:49,876] INFO: Time: 1.643980726000109; Command Position: 0.22264221797633849; Output Position: 0.2199783894916728; Motor Current: 83.0
[2026-02-17 11:15:49,877] INFO: Time: 1.645057903000179; Command Position: 0.22264221797633849; Output Position: 0.21998763033979263; Motor Current: 85.0
[2026-02-17 11:15:49,878] INFO: Time: 1.6461170800000673; Command Position: 0.22264221797633849; Output Position: 0.2199783894916728; Motor Current: 86.0
[2026-02-17 11:15:49,879] INFO: Time: 1.647176016000003; Command Position: 0.22264221797633849; Output Position: 0.2199783894916728; Motor Current: 85.0
[2026-02-17 11:15:49,880] INFO: Time: 1.6482351750000817; Command Position: 0.22264221797633849; Output Position: 0.2199783894916728; Motor Current: 82.0
[2026-02-17 11:15:49,881] INFO: Time: 1.6492942220002078; Command Position: 0.22264221797633849; Output Position: 0.2199968711879124; Motor Current: 85.0
[2026-02-17 11:15:49,882] INFO: Time: 1.6503553620000275; Command Position: 0.22264221797633849; Output Position: 0.2199783894916728; Motor Current: 85.0
[2026-02-17 11:15:49,883] INFO: Time: 1.6514159090002067; Command Position: 0.22264221797633849; Output Position: 0.2199783894916728; Motor Current: 86.0
[2026-02-17 11:15:49,884] INFO: Time: 1.6524727340001846; Command Position: 0.22264221797633849; Output Position: 0.2199783894916728; Motor Current: 87.0
[2026-02-17 11:15:49,885] INFO: Time: 1.6535321520000252; Command Position: 0.22264221797633849; Output Position: 0.21998763033979263; Motor Current: 86.0
[2026-02-17 11:15:49,886] INFO: Time: 1.6545914220000668; Command Position: 0.22264221797633849; Output Position: 0.2199783894916728; Motor Current: 84.0
[2026-02-17 11:15:49,887] INFO: Time: 1.6556523210001615; Command Position: 0.22264221797633849; Output Position: 0.21998763033979263; Motor Current: 86.0
[2026-02-17 11:15:49,888] INFO: Time: 1.6567134050001187; Command Position: 0.22264221797633849; Output Position: 0.2199968711879124; Motor Current: 86.0
[2026-02-17 11:15:49,890] INFO: Time: 1.657770489000086; Command Position: 0.22264221797633849; Output Position: 0.2199783894916728; Motor Current: 87.0
[2026-02-17 11:15:49,891] INFO: Time: 1.658829796000191; Command Position: 0.22264221797633849; Output Position: 0.2199783894916728; Motor Current: 88.0
[2026-02-17 11:15:49,892] INFO: Time: 1.6598886950000633; Command Position: 0.22264221797633849; Output Position: 0.2199968711879124; Motor Current: 88.0
[2026-02-17 11:15:49,893] INFO: Time: 1.6609477240001524; Command Position: 0.22264221797633849; Output Position: 0.2199783894916728; Motor Current: 87.0
[2026-02-17 11:15:49,894] INFO: Time: 1.6620122900001206; Command Position: 0.22264221797633849; Output Position: 0.21996914864355302; Motor Current: 86.0
[2026-02-17 11:15:49,895] INFO: Time: 1.66307265200021; Command Position: 0.22264221797633849; Output Position: 0.21996914864355302; Motor Current: 86.0
[2026-02-17 11:15:49,896] INFO: Time: 1.6641298660001667; Command Position: 0.22264221797633849; Output Position: 0.2199783894916728; Motor Current: 88.0
[2026-02-17 11:15:49,897] INFO: Time: 1.6652055430001838; Command Position: 0.22264221797633849; Output Position: 0.2199783894916728; Motor Current: 90.0
[2026-02-17 11:15:49,898] INFO: Time: 1.6662648860001354; Command Position: 0.22264221797633849; Output Position: 0.2199783894916728; Motor Current: 89.0
[2026-02-17 11:15:49,899] INFO: Time: 1.6673238410000977; Command Position: 0.22264221797633849; Output Position: 0.21996914864355302; Motor Current: 86.0
[2026-02-17 11:15:49,900] INFO: Time: 1.66838431400015; Command Position: 0.22264221797633849; Output Position: 0.21998763033979263; Motor Current: 88.0
[2026-02-17 11:15:49,901] INFO: Time: 1.6694456390000596; Command Position: 0.22264221797633849; Output Position: 0.2199783894916728; Motor Current: 86.0
[2026-02-17 11:15:49,902] INFO: Time: 1.6705048720000377; Command Position: 0.22264221797633849; Output Position: 0.2199783894916728; Motor Current: 86.0
[2026-02-17 11:15:49,903] INFO: Time: 1.6715639010001269; Command Position: 0.22264221797633849; Output Position: 0.21998763033979263; Motor Current: 85.0
[2026-02-17 11:15:49,904] INFO: Time: 1.672622985000089; Command Position: 0.22264221797633849; Output Position: 0.21998763033979263; Motor Current: 83.0
[2026-02-17 11:15:49,905] INFO: Time: 1.673683292000078; Command Position: 0.22264221797633849; Output Position: 0.21998763033979263; Motor Current: 81.0
[2026-02-17 11:15:49,907] INFO: Time: 1.6747489870001573; Command Position: 0.22264221797633849; Output Position: 0.2199783894916728; Motor Current: 82.0
[2026-02-17 11:15:49,908] INFO: Time: 1.6758107010000458; Command Position: 0.22264221797633849; Output Position: 0.2199783894916728; Motor Current: 85.0
[2026-02-17 11:15:49,909] INFO: Time: 1.676869230000193; Command Position: 0.22264221797633849; Output Position: 0.21998763033979263; Motor Current: 83.0
[2026-02-17 11:15:49,910] INFO: Time: 1.677930759000219; Command Position: 0.22264221797633849; Output Position: 0.2199783894916728; Motor Current: 86.0
[2026-02-17 11:15:49,911] INFO: Time: 1.6790060470000299; Command Position: 0.22264221797633849; Output Position: 0.21998763033979263; Motor Current: 85.0
[2026-02-17 11:15:49,912] INFO: Time: 1.6800673350001034; Command Position: 0.22264221797633849; Output Position: 0.2199783894916728; Motor Current: 86.0
[2026-02-17 11:15:49,913] INFO: Time: 1.6811292340000819; Command Position: 0.22264221797633849; Output Position: 0.2199783894916728; Motor Current: 86.0
[2026-02-17 11:15:49,914] INFO: Time: 1.682186892000118; Command Position: 0.22264221797633849; Output Position: 0.2199783894916728; Motor Current: 84.0
[2026-02-17 11:15:49,915] INFO: Time: 1.6832462550000855; Command Position: 0.22264221797633849; Output Position: 0.21998763033979263; Motor Current: 86.0
[2026-02-17 11:15:49,916] INFO: Time: 1.6843054680000478; Command Position: 0.22264221797633849; Output Position: 0.2199783894916728; Motor Current: 86.0
[2026-02-17 11:15:49,917] INFO: Time: 1.6853644790001; Command Position: 0.22264221797633849; Output Position: 0.21996914864355302; Motor Current: 84.0
[2026-02-17 11:15:49,918] INFO: Time: 1.6864252110001416; Command Position: 0.22264221797633849; Output Position: 0.21996914864355302; Motor Current: 82.0
[2026-02-17 11:15:49,919] INFO: Time: 1.6874860360001094; Command Position: 0.22264221797633849; Output Position: 0.2199783894916728; Motor Current: 85.0
[2026-02-17 11:15:49,920] INFO: Time: 1.6885538800001996; Command Position: 0.22264221797633849; Output Position: 0.21998763033979263; Motor Current: 88.0
[2026-02-17 11:15:49,921] INFO: Time: 1.6896139090001725; Command Position: 0.22264221797633849; Output Position: 0.21998763033979263; Motor Current: 88.0
[2026-02-17 11:15:49,922] INFO: Time: 1.6906732340000872; Command Position: 0.22264221797633849; Output Position: 0.2199783894916728; Motor Current: 86.0
[2026-02-17 11:15:49,924] INFO: Time: 1.6917503550000674; Command Position: 0.22264221797633849; Output Position: 0.21998763033979263; Motor Current: 82.0
[2026-02-17 11:15:49,925] INFO: Time: 1.6929268850001336; Command Position: 0.22264221797633849; Output Position: 0.21998763033979263; Motor Current: 86.0
[2026-02-17 11:15:49,926] INFO: Time: 1.6939875620000748; Command Position: 0.22264221797633849; Output Position: 0.21996914864355302; Motor Current: 88.0
[2026-02-17 11:15:49,927] INFO: Time: 1.695046609000201; Command Position: 0.22264221797633849; Output Position: 0.21998763033979263; Motor Current: 83.0
[2026-02-17 11:15:49,928] INFO: Time: 1.6961631940000643; Command Position: 0.22264221797633849; Output Position: 0.21998763033979263; Motor Current: 84.0
[2026-02-17 11:15:49,929] INFO: Time: 1.6972262790000059; Command Position: 0.22264221797633849; Output Position: 0.2199783894916728; Motor Current: 87.0
[2026-02-17 11:15:49,930] INFO: Time: 1.6982864370002062; Command Position: 0.22264221797633849; Output Position: 0.22000611203603218; Motor Current: 89.0
[2026-02-17 11:15:49,931] INFO: Time: 1.6993465210000522; Command Position: 0.22264221797633849; Output Position: 0.2199783894916728; Motor Current: 89.0
[2026-02-17 11:15:49,932] INFO: Time: 1.7004069760000675; Command Position: 0.22264221797633849; Output Position: 0.21998763033979263; Motor Current: 88.0
[2026-02-17 11:15:49,933] INFO: Time: 1.7014669680002044; Command Position: 0.22264221797633849; Output Position: 0.21998763033979263; Motor Current: 88.0
[2026-02-17 11:15:49,934] INFO: Time: 1.702526497000008; Command Position: 0.22264221797633849; Output Position: 0.2199968711879124; Motor Current: 89.0
[2026-02-17 11:15:49,935] INFO: Time: 1.7035859880002135; Command Position: 0.22264221797633849; Output Position: 0.2199783894916728; Motor Current: 87.0
[2026-02-17 11:15:49,936] INFO: Time: 1.7046475540000756; Command Position: 0.22264221797633849; Output Position: 0.21998763033979263; Motor Current: 86.0
[2026-02-17 11:15:49,937] INFO: Time: 1.7057095650000065; Command Position: 0.22264221797633849; Output Position: 0.21998763033979263; Motor Current: 87.0
[2026-02-17 11:15:49,939] INFO: Time: 1.7067691860002014; Command Position: 0.22264221797633849; Output Position: 0.21996914864355302; Motor Current: 87.0
[2026-02-17 11:15:49,940] INFO: Time: 1.707851159000029; Command Position: 0.22264221797633849; Output Position: 0.21998763033979263; Motor Current: 89.0
[2026-02-17 11:15:49,941] INFO: Time: 1.7089561330001288; Command Position: 0.22264221797633849; Output Position: 0.2199783894916728; Motor Current: 88.0
[2026-02-17 11:15:49,942] INFO: Time: 1.7100185690001126; Command Position: 0.22264221797633849; Output Position: 0.21996914864355302; Motor Current: 88.0
[2026-02-17 11:15:49,943] INFO: Time: 1.7110805800000435; Command Position: 0.22264221797633849; Output Position: 0.2199783894916728; Motor Current: 87.0
[2026-02-17 11:15:49,944] INFO: Time: 1.71214731200007; Command Position: 0.22264221797633849; Output Position: 0.21998763033979263; Motor Current: 86.0
[2026-02-17 11:15:49,945] INFO: Time: 1.7132085260000167; Command Position: 0.22264221797633849; Output Position: 0.2199783894916728; Motor Current: 87.0
[2026-02-17 11:15:49,946] INFO: Time: 1.7142681470002117; Command Position: 0.22264221797633849; Output Position: 0.21998763033979263; Motor Current: 85.0
[2026-02-17 11:15:49,947] INFO: Time: 1.7153275280002163; Command Position: 0.22264221797633849; Output Position: 0.21998763033979263; Motor Current: 83.0
[2026-02-17 11:15:49,948] INFO: Time: 1.716386835000094; Command Position: 0.22264221797633849; Output Position: 0.21998763033979263; Motor Current: 82.0
[2026-02-17 11:15:49,949] INFO: Time: 1.7174488630000724; Command Position: 0.22264221797633849; Output Position: 0.21996914864355302; Motor Current: 80.0
[2026-02-17 11:15:49,950] INFO: Time: 1.718509855000093; Command Position: 0.22264221797633849; Output Position: 0.21998763033979263; Motor Current: 78.0
[2026-02-17 11:15:49,951] INFO: Time: 1.7195686250001927; Command Position: 0.22264221797633849; Output Position: 0.2199783894916728; Motor Current: 80.0
[2026-02-17 11:15:49,952] INFO: Time: 1.7206279500001074; Command Position: 0.22264221797633849; Output Position: 0.21998763033979263; Motor Current: 81.0
[2026-02-17 11:15:49,953] INFO: Time: 1.7216869230001066; Command Position: 0.22264221797633849; Output Position: 0.2199783894916728; Motor Current: 84.0
[2026-02-17 11:15:49,955] INFO: Time: 1.7227481370000532; Command Position: 0.22264221797633849; Output Position: 0.2199783894916728; Motor Current: 81.0
[2026-02-17 11:15:49,956] INFO: Time: 1.7240244270001313; Command Position: 0.22264221797633849; Output Position: 0.21998763033979263; Motor Current: 82.0
[2026-02-17 11:15:49,957] INFO: Time: 1.7250857710000673; Command Position: 0.22264221797633849; Output Position: 0.21996914864355302; Motor Current: 84.0
[2026-02-17 11:15:49,958] INFO: Time: 1.7261482070000511; Command Position: 0.22264221797633849; Output Position: 0.21998763033979263; Motor Current: 84.0
[2026-02-17 11:15:49,959] INFO: Time: 1.7272082910001245; Command Position: 0.22264221797633849; Output Position: 0.2199783894916728; Motor Current: 84.0
[2026-02-17 11:15:49,960] INFO: Time: 1.7282678010001291; Command Position: 0.22264221797633849; Output Position: 0.21998763033979263; Motor Current: 83.0
[2026-02-17 11:15:49,961] INFO: Time: 1.7293293490001815; Command Position: 0.22264221797633849; Output Position: 0.21998763033979263; Motor Current: 81.0
[2026-02-17 11:15:49,962] INFO: Time: 1.7303902660000858; Command Position: 0.22264221797633849; Output Position: 0.2199968711879124; Motor Current: 81.0
[2026-02-17 11:15:49,963] INFO: Time: 1.7314488690001326; Command Position: 0.22264221797633849; Output Position: 0.2199783894916728; Motor Current: 81.0
[2026-02-17 11:15:49,964] INFO: Time: 1.7325077870000314; Command Position: 0.22264221797633849; Output Position: 0.2199783894916728; Motor Current: 81.0
[2026-02-17 11:15:49,965] INFO: Time: 1.7335667050001575; Command Position: 0.22264221797633849; Output Position: 0.21998763033979263; Motor Current: 83.0
[2026-02-17 11:15:49,966] INFO: Time: 1.7346274370001993; Command Position: 0.22264221797633849; Output Position: 0.21998763033979263; Motor Current: 82.0
[2026-02-17 11:15:49,967] INFO: Time: 1.735688855000035; Command Position: 0.22264221797633849; Output Position: 0.2199783894916728; Motor Current: 82.0
[2026-02-17 11:15:49,969] INFO: Time: 1.7367486430000554; Command Position: 0.22264221797633849; Output Position: 0.2199783894916728; Motor Current: 83.0
[2026-02-17 11:15:49,970] INFO: Time: 1.7378068010000334; Command Position: 0.22264221797633849; Output Position: 0.21998763033979263; Motor Current: 82.0
[2026-02-17 11:15:49,971] INFO: Time: 1.7388663300000644; Command Position: 0.22264221797633849; Output Position: 0.21998763033979263; Motor Current: 85.0
[2026-02-17 11:15:49,972] INFO: Time: 1.7399257480001324; Command Position: 0.22264221797633849; Output Position: 0.2199783894916728; Motor Current: 87.0
[2026-02-17 11:15:49,973] INFO: Time: 1.7410084800001187; Command Position: 0.22264221797633849; Output Position: 0.2199783894916728; Motor Current: 83.0
[2026-02-17 11:15:49,974] INFO: Time: 1.7420695650000653; Command Position: 0.22264221797633849; Output Position: 0.21998763033979263; Motor Current: 82.0
[2026-02-17 11:15:49,975] INFO: Time: 1.743139334000034; Command Position: 0.22264221797633849; Output Position: 0.2199783894916728; Motor Current: 81.0
[2026-02-17 11:15:49,976] INFO: Time: 1.7441985480002131; Command Position: 0.22264221797633849; Output Position: 0.2199968711879124; Motor Current: 82.0
[2026-02-17 11:15:49,977] INFO: Time: 1.7452577070000643; Command Position: 0.22264221797633849; Output Position: 0.21998763033979263; Motor Current: 80.0
[2026-02-17 11:15:49,978] INFO: Time: 1.7463169760001165; Command Position: 0.22264221797633849; Output Position: 0.21998763033979263; Motor Current: 81.0
[2026-02-17 11:15:49,979] INFO: Time: 1.7473790420001478; Command Position: 0.22264221797633849; Output Position: 0.21998763033979263; Motor Current: 81.0
[2026-02-17 11:15:49,980] INFO: Time: 1.7484404780000204; Command Position: 0.22264221797633849; Output Position: 0.2199783894916728; Motor Current: 79.0
[2026-02-17 11:15:49,981] INFO: Time: 1.749500026000078; Command Position: 0.22264221797633849; Output Position: 0.21998763033979263; Motor Current: 83.0
[2026-02-17 11:15:49,982] INFO: Time: 1.7505592580000666; Command Position: 0.22264221797633849; Output Position: 0.21998763033979263; Motor Current: 82.0
[2026-02-17 11:15:49,983] INFO: Time: 1.7516183240002192; Command Position: 0.22264221797633849; Output Position: 0.2199968711879124; Motor Current: 82.0
[2026-02-17 11:15:49,984] INFO: Time: 1.7526800750001712; Command Position: 0.22264221797633849; Output Position: 0.21998763033979263; Motor Current: 83.0
[2026-02-17 11:15:49,986] INFO: Time: 1.7537432520000493; Command Position: 0.22264221797633849; Output Position: 0.2199783894916728; Motor Current: 86.0
[2026-02-17 11:15:49,987] INFO: Time: 1.754802762000054; Command Position: 0.22264221797633849; Output Position: 0.2199968711879124; Motor Current: 86.0
[2026-02-17 11:15:49,988] INFO: Time: 1.7558618460000162; Command Position: 0.22264221797633849; Output Position: 0.21998763033979263; Motor Current: 87.0
[2026-02-17 11:15:49,989] INFO: Time: 1.756920449000063; Command Position: 0.22264221797633849; Output Position: 0.2199783894916728; Motor Current: 88.0
[2026-02-17 11:15:49,990] INFO: Time: 1.7579804220001733; Command Position: 0.22264221797633849; Output Position: 0.21998763033979263; Motor Current: 88.0
[2026-02-17 11:15:49,991] INFO: Time: 1.7590455250001469; Command Position: 0.22264221797633849; Output Position: 0.2199783894916728; Motor Current: 84.0
[2026-02-17 11:15:49,992] INFO: Time: 1.7601200910000898; Command Position: 0.22264221797633849; Output Position: 0.2199783894916728; Motor Current: 84.0
[2026-02-17 11:15:49,993] INFO: Time: 1.7611776570001894; Command Position: 0.22264221797633849; Output Position: 0.2199783894916728; Motor Current: 84.0
[2026-02-17 11:15:49,994] INFO: Time: 1.7622367040000881; Command Position: 0.22264221797633849; Output Position: 0.21998763033979263; Motor Current: 86.0
[2026-02-17 11:15:49,995] INFO: Time: 1.7632957700000134; Command Position: 0.22264221797633849; Output Position: 0.2199783894916728; Motor Current: 86.0
[2026-02-17 11:15:49,996] INFO: Time: 1.7643560580002031; Command Position: 0.22264221797633849; Output Position: 0.21998763033979263; Motor Current: 83.0
[2026-02-17 11:15:49,997] INFO: Time: 1.7654171430001497; Command Position: 0.22264221797633849; Output Position: 0.2199783894916728; Motor Current: 83.0
[2026-02-17 11:15:49,998] INFO: Time: 1.7664785230001598; Command Position: 0.22264221797633849; Output Position: 0.2199783894916728; Motor Current: 84.0
[2026-02-17 11:15:49,999] INFO: Time: 1.767535996000106; Command Position: 0.22264221797633849; Output Position: 0.2199968711879124; Motor Current: 85.0
[2026-02-17 11:15:50,000] INFO: Time: 1.7685956360001; Command Position: 0.22264221797633849; Output Position: 0.21996914864355302; Motor Current: 86.0
[2026-02-17 11:15:50,001] INFO: Time: 1.7696549240001787; Command Position: 0.22264221797633849; Output Position: 0.2199783894916728; Motor Current: 87.0
[2026-02-17 11:15:50,002] INFO: Time: 1.7707164720000037; Command Position: 0.22264221797633849; Output Position: 0.21996914864355302; Motor Current: 88.0
[2026-02-17 11:15:50,004] INFO: Time: 1.7717789080002149; Command Position: 0.22264221797633849; Output Position: 0.2199783894916728; Motor Current: 88.0
[2026-02-17 11:15:50,005] INFO: Time: 1.772840307000024; Command Position: 0.22264221797633849; Output Position: 0.2199783894916728; Motor Current: 87.0
[2026-02-17 11:15:50,006] INFO: Time: 1.773901725000087; Command Position: 0.22264221797633849; Output Position: 0.2199783894916728; Motor Current: 89.0
[2026-02-17 11:15:50,007] INFO: Time: 1.7749622530000124; Command Position: 0.22264221797633849; Output Position: 0.21998763033979263; Motor Current: 89.0
[2026-02-17 11:15:50,008] INFO: Time: 1.7760216710000805; Command Position: 0.22264221797633849; Output Position: 0.21998763033979263; Motor Current: 86.0
[2026-02-17 11:15:50,009] INFO: Time: 1.777085070000112; Command Position: 0.22264221797633849; Output Position: 0.21998763033979263; Motor Current: 86.0
[2026-02-17 11:15:50,010] INFO: Time: 1.778146192000122; Command Position: 0.22264221797633849; Output Position: 0.2199783894916728; Motor Current: 86.0
[2026-02-17 11:15:50,011] INFO: Time: 1.779206461000058; Command Position: 0.22264221797633849; Output Position: 0.21998763033979263; Motor Current: 84.0
[2026-02-17 11:15:50,012] INFO: Time: 1.7802661940002054; Command Position: 0.22264221797633849; Output Position: 0.2199783894916728; Motor Current: 83.0
[2026-02-17 11:15:50,013] INFO: Time: 1.7813255930000196; Command Position: 0.22264221797633849; Output Position: 0.21998763033979263; Motor Current: 84.0
[2026-02-17 11:15:50,014] INFO: Time: 1.7823847700001352; Command Position: 0.22264221797633849; Output Position: 0.21998763033979263; Motor Current: 83.0
[2026-02-17 11:15:50,015] INFO: Time: 1.7834465580001506; Command Position: 0.22264221797633849; Output Position: 0.2199783894916728; Motor Current: 86.0
[2026-02-17 11:15:50,016] INFO: Time: 1.78450673500015; Command Position: 0.22264221797633849; Output Position: 0.21998763033979263; Motor Current: 83.0
[2026-02-17 11:15:50,017] INFO: Time: 1.7855640040002072; Command Position: 0.22264221797633849; Output Position: 0.21998763033979263; Motor Current: 83.0
[2026-02-17 11:15:50,018] INFO: Time: 1.7866235330000109; Command Position: 0.22264221797633849; Output Position: 0.21998763033979263; Motor Current: 83.0
[2026-02-17 11:15:50,019] INFO: Time: 1.7876828770001794; Command Position: 0.22264221797633849; Output Position: 0.2199783894916728; Motor Current: 82.0
[2026-02-17 11:15:50,021] INFO: Time: 1.7887444800001049; Command Position: 0.22264221797633849; Output Position: 0.21998763033979263; Motor Current: 83.0
[2026-02-17 11:15:50,022] INFO: Time: 1.7898066010000093; Command Position: 0.22264221797633849; Output Position: 0.2199783894916728; Motor Current: 82.0
[2026-02-17 11:15:50,023] INFO: Time: 1.7908664820001832; Command Position: 0.22264221797633849; Output Position: 0.22000611203603218; Motor Current: 84.0
[2026-02-17 11:15:50,024] INFO: Time: 1.791925751000008; Command Position: 0.22264221797633849; Output Position: 0.21996914864355302; Motor Current: 86.0
[2026-02-17 11:15:50,025] INFO: Time: 1.7931129110002075; Command Position: 0.22264221797633849; Output Position: 0.21998763033979263; Motor Current: 84.0
[2026-02-17 11:15:50,026] INFO: Time: 1.7941726620001646; Command Position: 0.22264221797633849; Output Position: 0.2199783894916728; Motor Current: 84.0
[2026-02-17 11:15:50,027] INFO: Time: 1.7952348760002224; Command Position: 0.22264221797633849; Output Position: 0.2199783894916728; Motor Current: 86.0
[2026-02-17 11:15:50,028] INFO: Time: 1.796295812000153; Command Position: 0.22264221797633849; Output Position: 0.21998763033979263; Motor Current: 87.0
[2026-02-17 11:15:50,029] INFO: Time: 1.797355766999999; Command Position: 0.22264221797633849; Output Position: 0.2199783894916728; Motor Current: 88.0
[2026-02-17 11:15:50,030] INFO: Time: 1.7984156290001465; Command Position: 0.22264221797633849; Output Position: 0.2199783894916728; Motor Current: 84.0
[2026-02-17 11:15:50,031] INFO: Time: 1.7994748610001352; Command Position: 0.22264221797633849; Output Position: 0.21998763033979263; Motor Current: 85.0
[2026-02-17 11:15:50,032] INFO: Time: 1.8005337050001344; Command Position: 0.22264221797633849; Output Position: 0.21998763033979263; Motor Current: 85.0
[2026-02-17 11:15:50,033] INFO: Time: 1.8015958630001023; Command Position: 0.22264221797633849; Output Position: 0.2199968711879124; Motor Current: 88.0
[2026-02-17 11:15:50,035] INFO: Time: 1.8027766710001742; Command Position: 0.22264221797633849; Output Position: 0.2199783894916728; Motor Current: 88.0
[2026-02-17 11:15:50,036] INFO: Time: 1.8038386260000152; Command Position: 0.22264221797633849; Output Position: 0.2199783894916728; Motor Current: 83.0
[2026-02-17 11:15:50,037] INFO: Time: 1.804901247000089; Command Position: 0.22264221797633849; Output Position: 0.2199783894916728; Motor Current: 84.0
[2026-02-17 11:15:50,038] INFO: Time: 1.8059614430001147; Command Position: 0.22264221797633849; Output Position: 0.21998763033979263; Motor Current: 86.0
[2026-02-17 11:15:50,039] INFO: Time: 1.8070201010000346; Command Position: 0.22264221797633849; Output Position: 0.21998763033979263; Motor Current: 89.0
[2026-02-17 11:15:50,040] INFO: Time: 1.808081556000161; Command Position: 0.22264221797633849; Output Position: 0.21998763033979263; Motor Current: 89.0
[2026-02-17 11:15:50,041] INFO: Time: 1.8091438990002189; Command Position: 0.22264221797633849; Output Position: 0.2199783894916728; Motor Current: 89.0
[2026-02-17 11:15:50,042] INFO: Time: 1.810203354000123; Command Position: 0.22264221797633849; Output Position: 0.2199968711879124; Motor Current: 87.0
[2026-02-17 11:15:50,043] INFO: Time: 1.811262772000191; Command Position: 0.22264221797633849; Output Position: 0.21998763033979263; Motor Current: 88.0
[2026-02-17 11:15:50,044] INFO: Time: 1.8123220410000158; Command Position: 0.22264221797633849; Output Position: 0.21998763033979263; Motor Current: 87.0
[2026-02-17 11:15:50,045] INFO: Time: 1.813381181000068; Command Position: 0.22264221797633849; Output Position: 0.21998763033979263; Motor Current: 89.0
[2026-02-17 11:15:50,046] INFO: Time: 1.8144420430000991; Command Position: 0.22264221797633849; Output Position: 0.2199783894916728; Motor Current: 87.0
[2026-02-17 11:15:50,047] INFO: Time: 1.8155031280000458; Command Position: 0.22264221797633849; Output Position: 0.21998763033979263; Motor Current: 88.0
[2026-02-17 11:15:50,048] INFO: Time: 1.8165620270001455; Command Position: 0.22264221797633849; Output Position: 0.21998763033979263; Motor Current: 88.0
[2026-02-17 11:15:50,049] INFO: Time: 1.8176209440000548; Command Position: 0.22264221797633849; Output Position: 0.2199783894916728; Motor Current: 88.0
[2026-02-17 11:15:50,050] INFO: Time: 1.8186801400001968; Command Position: 0.22264221797633849; Output Position: 0.21996914864355302; Motor Current: 88.0
[2026-02-17 11:15:50,052] INFO: Time: 1.8197431690000485; Command Position: 0.22264221797633849; Output Position: 0.2199783894916728; Motor Current: 89.0
[2026-02-17 11:15:50,053] INFO: Time: 1.8208057720000852; Command Position: 0.22264221797633849; Output Position: 0.2199783894916728; Motor Current: 89.0
[2026-02-17 11:15:50,054] INFO: Time: 1.8218660780000846; Command Position: 0.22264221797633849; Output Position: 0.2199783894916728; Motor Current: 90.0
[2026-02-17 11:15:50,055] INFO: Time: 1.8229251620000468; Command Position: 0.22264221797633849; Output Position: 0.2199783894916728; Motor Current: 88.0
[2026-02-17 11:15:50,056] INFO: Time: 1.8239848950001942; Command Position: 0.22264221797633849; Output Position: 0.21998763033979263; Motor Current: 86.0
[2026-02-17 11:15:50,057] INFO: Time: 1.8250449240001672; Command Position: 0.22264221797633849; Output Position: 0.21998763033979263; Motor Current: 86.0
[2026-02-17 11:15:50,058] INFO: Time: 1.8261059520000344; Command Position: 0.22264221797633849; Output Position: 0.2199783894916728; Motor Current: 86.0
[2026-02-17 11:15:50,059] INFO: Time: 1.8271663700002136; Command Position: 0.22264221797633849; Output Position: 0.2199783894916728; Motor Current: 86.0
[2026-02-17 11:15:50,060] INFO: Time: 1.8282251950001864; Command Position: 0.22264221797633849; Output Position: 0.2199968711879124; Motor Current: 84.0
[2026-02-17 11:15:50,061] INFO: Time: 1.829284391000101; Command Position: 0.22264221797633849; Output Position: 0.2199783894916728; Motor Current: 83.0
[2026-02-17 11:15:50,062] INFO: Time: 1.8303441420000581; Command Position: 0.22264221797633849; Output Position: 0.21998763033979263; Motor Current: 82.0
[2026-02-17 11:15:50,063] INFO: Time: 1.8314029480000045; Command Position: 0.22264221797633849; Output Position: 0.21998763033979263; Motor Current: 83.0
[2026-02-17 11:15:50,064] INFO: Time: 1.832464310000205; Command Position: 0.22264221797633849; Output Position: 0.2199968711879124; Motor Current: 85.0
[2026-02-17 11:15:50,065] INFO: Time: 1.833525561000215; Command Position: 0.22264221797633849; Output Position: 0.21998763033979263; Motor Current: 85.0
[2026-02-17 11:15:50,066] INFO: Time: 1.8345827940001982; Command Position: 0.22264221797633849; Output Position: 0.21998763033979263; Motor Current: 85.0
[2026-02-17 11:15:50,067] INFO: Time: 1.8356420820000494; Command Position: 0.22264221797633849; Output Position: 0.21998763033979263; Motor Current: 83.0
[2026-02-17 11:15:50,068] INFO: Time: 1.8367016110000804; Command Position: 0.22264221797633849; Output Position: 0.2199783894916728; Motor Current: 81.0
[2026-02-17 11:15:50,070] INFO: Time: 1.8377633620000324; Command Position: 0.22264221797633849; Output Position: 0.21998763033979263; Motor Current: 84.0
[2026-02-17 11:15:50,071] INFO: Time: 1.8388245760002064; Command Position: 0.22264221797633849; Output Position: 0.2199783894916728; Motor Current: 83.0
[2026-02-17 11:15:50,072] INFO: Time: 1.8398833640001158; Command Position: 0.22264221797633849; Output Position: 0.2199783894916728; Motor Current: 83.0
[2026-02-17 11:15:50,073] INFO: Time: 1.8409426520001944; Command Position: 0.22264221797633849; Output Position: 0.2199783894916728; Motor Current: 83.0
[2026-02-17 11:15:50,074] INFO: Time: 1.842009366000184; Command Position: 0.22264221797633849; Output Position: 0.2199783894916728; Motor Current: 83.0
[2026-02-17 11:15:50,075] INFO: Time: 1.8430679870000404; Command Position: 0.22264221797633849; Output Position: 0.2199783894916728; Motor Current: 84.0
[2026-02-17 11:15:50,076] INFO: Time: 1.84412936800004; Command Position: 0.22264221797633849; Output Position: 0.2199783894916728; Motor Current: 84.0
[2026-02-17 11:15:50,077] INFO: Time: 1.845190711000214; Command Position: 0.22264221797633849; Output Position: 0.2199783894916728; Motor Current: 84.0
[2026-02-17 11:15:50,078] INFO: Time: 1.846248073000197; Command Position: 0.22264221797633849; Output Position: 0.2199783894916728; Motor Current: 83.0
[2026-02-17 11:15:50,079] INFO: Time: 1.8473072500000853; Command Position: 0.22264221797633849; Output Position: 0.2199783894916728; Motor Current: 83.0
[2026-02-17 11:15:50,080] INFO: Time: 1.8483660750000581; Command Position: 0.22264221797633849; Output Position: 0.21996914864355302; Motor Current: 82.0
[2026-02-17 11:15:50,081] INFO: Time: 1.8494249190000573; Command Position: 0.22264221797633849; Output Position: 0.21998763033979263; Motor Current: 85.0
[2026-02-17 11:15:50,082] INFO: Time: 1.8504864660001203; Command Position: 0.22264221797633849; Output Position: 0.21998763033979263; Motor Current: 87.0
[2026-02-17 11:15:50,083] INFO: Time: 1.8515481060001093; Command Position: 0.22264221797633849; Output Position: 0.21998763033979263; Motor Current: 88.0
[2026-02-17 11:15:50,084] INFO: Time: 1.8526138020001781; Command Position: 0.22264221797633849; Output Position: 0.21998763033979263; Motor Current: 87.0
[2026-02-17 11:15:50,085] INFO: Time: 1.8536731080000663; Command Position: 0.22264221797633849; Output Position: 0.2199783894916728; Motor Current: 85.0
[2026-02-17 11:15:50,086] INFO: Time: 1.8547327670000868; Command Position: 0.22264221797633849; Output Position: 0.21996914864355302; Motor Current: 84.0
[2026-02-17 11:15:50,088] INFO: Time: 1.8558031290001509; Command Position: 0.22264221797633849; Output Position: 0.21998763033979263; Motor Current: 86.0
[2026-02-17 11:15:50,089] INFO: Time: 1.8568652130002192; Command Position: 0.22264221797633849; Output Position: 0.21998763033979263; Motor Current: 89.0
[2026-02-17 11:15:50,090] INFO: Time: 1.857924520000097; Command Position: 0.22264221797633849; Output Position: 0.2199783894916728; Motor Current: 86.0
[2026-02-17 11:15:50,091] INFO: Time: 1.858983771000112; Command Position: 0.22264221797633849; Output Position: 0.21998763033979263; Motor Current: 85.0
[2026-02-17 11:15:50,092] INFO: Time: 1.8600520400000278; Command Position: 0.22264221797633849; Output Position: 0.21998763033979263; Motor Current: 86.0
[2026-02-17 11:15:50,093] INFO: Time: 1.8611112360001698; Command Position: 0.22264221797633849; Output Position: 0.21998763033979263; Motor Current: 88.0
[2026-02-17 11:15:50,094] INFO: Time: 1.862172098000201; Command Position: 0.22264221797633849; Output Position: 0.21998763033979263; Motor Current: 85.0
[2026-02-17 11:15:50,095] INFO: Time: 1.8632327940001687; Command Position: 0.22264221797633849; Output Position: 0.2199783894916728; Motor Current: 84.0
[2026-02-17 11:15:50,096] INFO: Time: 1.8642916740000146; Command Position: 0.22264221797633849; Output Position: 0.21998763033979263; Motor Current: 84.0
[2026-02-17 11:15:50,097] INFO: Time: 1.8653512580001461; Command Position: 0.22264221797633849; Output Position: 0.2199783894916728; Motor Current: 86.0
[2026-02-17 11:15:50,098] INFO: Time: 1.8664103430000978; Command Position: 0.22264221797633849; Output Position: 0.2199783894916728; Motor Current: 87.0
[2026-02-17 11:15:50,099] INFO: Time: 1.86746961200015; Command Position: 0.22264221797633849; Output Position: 0.21996914864355302; Motor Current: 87.0
[2026-02-17 11:15:50,100] INFO: Time: 1.868530660000033; Command Position: 0.22264221797633849; Output Position: 0.21998763033979263; Motor Current: 87.0
[2026-02-17 11:15:50,101] INFO: Time: 1.8695912070002123; Command Position: 0.22264221797633849; Output Position: 0.21998763033979263; Motor Current: 88.0
[2026-02-17 11:15:50,102] INFO: Time: 1.87065051400009; Command Position: 0.22264221797633849; Output Position: 0.2199783894916728; Motor Current: 87.0
[2026-02-17 11:15:50,104] INFO: Time: 1.871717616000069; Command Position: 0.22264221797633849; Output Position: 0.2199968711879124; Motor Current: 86.0
[2026-02-17 11:15:50,105] INFO: Time: 1.872779034000132; Command Position: 0.22264221797633849; Output Position: 0.21998763033979263; Motor Current: 85.0
[2026-02-17 11:15:50,106] INFO: Time: 1.8738418960001582; Command Position: 0.22264221797633849; Output Position: 0.2199783894916728; Motor Current: 82.0
[2026-02-17 11:15:50,107] INFO: Time: 1.8749048140000468; Command Position: 0.22264221797633849; Output Position: 0.2199968711879124; Motor Current: 82.0
[2026-02-17 11:15:50,108] INFO: Time: 1.8759655840001415; Command Position: 0.22264221797633849; Output Position: 0.21996914864355302; Motor Current: 83.0
[2026-02-17 11:15:50,109] INFO: Time: 1.8770244090001142; Command Position: 0.22264221797633849; Output Position: 0.21998763033979263; Motor Current: 85.0
[2026-02-17 11:15:50,110] INFO: Time: 1.8780839560001823; Command Position: 0.22264221797633849; Output Position: 0.21998763033979263; Motor Current: 85.0
[2026-02-17 11:15:50,111] INFO: Time: 1.879143466000187; Command Position: 0.22264221797633849; Output Position: 0.21998763033979263; Motor Current: 84.0
[2026-02-17 11:15:50,112] INFO: Time: 1.8802054210000279; Command Position: 0.22264221797633849; Output Position: 0.2199783894916728; Motor Current: 86.0
[2026-02-17 11:15:50,113] INFO: Time: 1.8812660240000696; Command Position: 0.22264221797633849; Output Position: 0.21996914864355302; Motor Current: 87.0
[2026-02-17 11:15:50,114] INFO: Time: 1.882324515000164; Command Position: 0.22264221797633849; Output Position: 0.21998763033979263; Motor Current: 86.0
[2026-02-17 11:15:50,115] INFO: Time: 1.8833836920000522; Command Position: 0.22264221797633849; Output Position: 0.21998763033979263; Motor Current: 87.0
[2026-02-17 11:15:50,116] INFO: Time: 1.8844430170001942; Command Position: 0.22264221797633849; Output Position: 0.2199783894916728; Motor Current: 85.0
[2026-02-17 11:15:50,117] INFO: Time: 1.885501750000003; Command Position: 0.22264221797633849; Output Position: 0.2199783894916728; Motor Current: 81.0
[2026-02-17 11:15:50,118] INFO: Time: 1.88656555700004; Command Position: 0.22264221797633849; Output Position: 0.21998763033979263; Motor Current: 82.0
[2026-02-17 11:15:50,119] INFO: Time: 1.8876270300002034; Command Position: 0.22264221797633849; Output Position: 0.21998763033979263; Motor Current: 82.0
[2026-02-17 11:15:50,121] INFO: Time: 1.8886942070000714; Command Position: 0.22264221797633849; Output Position: 0.2199783894916728; Motor Current: 83.0
[2026-02-17 11:15:50,122] INFO: Time: 1.8897561610001503; Command Position: 0.22264221797633849; Output Position: 0.21998763033979263; Motor Current: 85.0
[2026-02-17 11:15:50,123] INFO: Time: 1.8908161530000598; Command Position: 0.22264221797633849; Output Position: 0.2199783894916728; Motor Current: 84.0
[2026-02-17 11:15:50,124] INFO: Time: 1.891968553000197; Command Position: 0.22264221797633849; Output Position: 0.21998763033979263; Motor Current: 85.0
[2026-02-17 11:15:50,125] INFO: Time: 1.8930295450002177; Command Position: 0.22264221797633849; Output Position: 0.2199783894916728; Motor Current: 86.0
[2026-02-17 11:15:50,126] INFO: Time: 1.8940910920000533; Command Position: 0.22264221797633849; Output Position: 0.2199968711879124; Motor Current: 85.0
[2026-02-17 11:15:50,127] INFO: Time: 1.8951508990001003; Command Position: 0.22264221797633849; Output Position: 0.21998763033979263; Motor Current: 83.0
[2026-02-17 11:15:50,128] INFO: Time: 1.8962084830000094; Command Position: 0.22264221797633849; Output Position: 0.2199783894916728; Motor Current: 84.0
[2026-02-17 11:15:50,129] INFO: Time: 1.8972679190001145; Command Position: 0.22264221797633849; Output Position: 0.21998763033979263; Motor Current: 83.0
[2026-02-17 11:15:50,130] INFO: Time: 1.8983286520001457; Command Position: 0.22264221797633849; Output Position: 0.21996914864355302; Motor Current: 85.0
[2026-02-17 11:15:50,131] INFO: Time: 1.8993896810000024; Command Position: 0.22264221797633849; Output Position: 0.2199783894916728; Motor Current: 86.0
[2026-02-17 11:15:50,132] INFO: Time: 1.900447080000049; Command Position: 0.22264221797633849; Output Position: 0.2199783894916728; Motor Current: 85.0
[2026-02-17 11:15:50,133] INFO: Time: 1.9015063120000377; Command Position: 0.22264221797633849; Output Position: 0.21998763033979263; Motor Current: 84.0
[2026-02-17 11:15:50,134] INFO: Time: 1.9025660450001851; Command Position: 0.22264221797633849; Output Position: 0.2199783894916728; Motor Current: 85.0
[2026-02-17 11:15:50,135] INFO: Time: 1.9036257220000152; Command Position: 0.22264221797633849; Output Position: 0.21998763033979263; Motor Current: 87.0
[2026-02-17 11:15:50,137] INFO: Time: 1.9047022320000906; Command Position: 0.22264221797633849; Output Position: 0.2199783894916728; Motor Current: 87.0
[2026-02-17 11:15:50,138] INFO: Time: 1.9057648540001537; Command Position: 0.22264221797633849; Output Position: 0.21996914864355302; Motor Current: 86.0
[2026-02-17 11:15:50,139] INFO: Time: 1.9068249190002007; Command Position: 0.22264221797633849; Output Position: 0.2199783894916728; Motor Current: 86.0
[2026-02-17 11:15:50,140] INFO: Time: 1.9078829300001416; Command Position: 0.22264221797633849; Output Position: 0.2199783894916728; Motor Current: 84.0
[2026-02-17 11:15:50,141] INFO: Time: 1.9089441070000248; Command Position: 0.22264221797633849; Output Position: 0.21998763033979263; Motor Current: 86.0
[2026-02-17 11:15:50,142] INFO: Time: 1.910016080000105; Command Position: 0.22264221797633849; Output Position: 0.2199968711879124; Motor Current: 85.0
[2026-02-17 11:15:50,143] INFO: Time: 1.911077849000094; Command Position: 0.22264221797633849; Output Position: 0.2199783894916728; Motor Current: 86.0
[2026-02-17 11:15:50,144] INFO: Time: 1.9121386000001621; Command Position: 0.22264221797633849; Output Position: 0.2199783894916728; Motor Current: 85.0
[2026-02-17 11:15:50,145] INFO: Time: 1.913209333000168; Command Position: 0.22264221797633849; Output Position: 0.21998763033979263; Motor Current: 87.0
[2026-02-17 11:15:50,146] INFO: Time: 1.9142689540001356; Command Position: 0.22264221797633849; Output Position: 0.21998763033979263; Motor Current: 84.0
[2026-02-17 11:15:50,147] INFO: Time: 1.9153281130002142; Command Position: 0.22264221797633849; Output Position: 0.21996914864355302; Motor Current: 86.0
[2026-02-17 11:15:50,148] INFO: Time: 1.9163870680001764; Command Position: 0.22264221797633849; Output Position: 0.2199968711879124; Motor Current: 84.0
[2026-02-17 11:15:50,149] INFO: Time: 1.9174490410000544; Command Position: 0.22264221797633849; Output Position: 0.2199783894916728; Motor Current: 84.0
[2026-02-17 11:15:50,150] INFO: Time: 1.918510273000038; Command Position: 0.22264221797633849; Output Position: 0.21998763033979263; Motor Current: 85.0
[2026-02-17 11:15:50,151] INFO: Time: 1.9195676910001112; Command Position: 0.22264221797633849; Output Position: 0.2199783894916728; Motor Current: 86.0
[2026-02-17 11:15:50,152] INFO: Time: 1.920626627000047; Command Position: 0.22264221797633849; Output Position: 0.21998763033979263; Motor Current: 85.0
[2026-02-17 11:15:50,153] INFO: Time: 1.9216835260001517; Command Position: 0.22264221797633849; Output Position: 0.2199783894916728; Motor Current: 86.0
[2026-02-17 11:15:50,155] INFO: Time: 1.92274409200013; Command Position: 0.22264221797633849; Output Position: 0.2199783894916728; Motor Current: 85.0
[2026-02-17 11:15:50,156] INFO: Time: 1.9238063060001878; Command Position: 0.22264221797633849; Output Position: 0.21998763033979263; Motor Current: 83.0
[2026-02-17 11:15:50,157] INFO: Time: 1.9248660020000443; Command Position: 0.22264221797633849; Output Position: 0.21998763033979263; Motor Current: 84.0
[2026-02-17 11:15:50,158] INFO: Time: 1.9259245120001651; Command Position: 0.22264221797633849; Output Position: 0.21998763033979263; Motor Current: 84.0
[2026-02-17 11:15:50,159] INFO: Time: 1.9269843370000217; Command Position: 0.22264221797633849; Output Position: 0.21998763033979263; Motor Current: 85.0
[2026-02-17 11:15:50,160] INFO: Time: 1.9280434770000738; Command Position: 0.22264221797633849; Output Position: 0.2199783894916728; Motor Current: 84.0
[2026-02-17 11:15:50,161] INFO: Time: 1.9291055430001052; Command Position: 0.22264221797633849; Output Position: 0.2199783894916728; Motor Current: 84.0
[2026-02-17 11:15:50,162] INFO: Time: 1.9301667940001153; Command Position: 0.22264221797633849; Output Position: 0.2199968711879124; Motor Current: 83.0
[2026-02-17 11:15:50,163] INFO: Time: 1.9312266190001992; Command Position: 0.22264221797633849; Output Position: 0.2199783894916728; Motor Current: 83.0
[2026-02-17 11:15:50,164] INFO: Time: 1.9322834070001136; Command Position: 0.22264221797633849; Output Position: 0.21998763033979263; Motor Current: 84.0
[2026-02-17 11:15:50,165] INFO: Time: 1.9333429170001182; Command Position: 0.22264221797633849; Output Position: 0.2199783894916728; Motor Current: 85.0
[2026-02-17 11:15:50,166] INFO: Time: 1.9344019830000434; Command Position: 0.22264221797633849; Output Position: 0.21998763033979263; Motor Current: 85.0
[2026-02-17 11:15:50,167] INFO: Time: 1.9354643080000642; Command Position: 0.22264221797633849; Output Position: 0.2199783894916728; Motor Current: 85.0
[2026-02-17 11:15:50,168] INFO: Time: 1.9365243370000371; Command Position: 0.22264221797633849; Output Position: 0.2199783894916728; Motor Current: 84.0
[2026-02-17 11:15:50,169] INFO: Time: 1.93758316200001; Command Position: 0.22264221797633849; Output Position: 0.2199783894916728; Motor Current: 84.0
[2026-02-17 11:15:50,170] INFO: Time: 1.9386421720000726; Command Position: 0.22264221797633849; Output Position: 0.2199783894916728; Motor Current: 84.0
[2026-02-17 11:15:50,171] INFO: Time: 1.9397011820001353; Command Position: 0.22264221797633849; Output Position: 0.21998763033979263; Motor Current: 84.0
[2026-02-17 11:15:50,173] INFO: Time: 1.940769378000141; Command Position: 0.22264221797633849; Output Position: 0.2199783894916728; Motor Current: 84.0
[2026-02-17 11:15:50,174] INFO: Time: 1.941834276999998; Command Position: 0.22264221797633849; Output Position: 0.21998763033979263; Motor Current: 86.0
[2026-02-17 11:15:50,175] INFO: Time: 1.9428943610000715; Command Position: 0.22264221797633849; Output Position: 0.2199783894916728; Motor Current: 87.0
[2026-02-17 11:15:50,176] INFO: Time: 1.9439543350001713; Command Position: 0.22264221797633849; Output Position: 0.2199783894916728; Motor Current: 87.0
[2026-02-17 11:15:50,177] INFO: Time: 1.9450142710002183; Command Position: 0.22264221797633849; Output Position: 0.21998763033979263; Motor Current: 85.0
[2026-02-17 11:15:50,178] INFO: Time: 1.9460740400002123; Command Position: 0.22264221797633849; Output Position: 0.2199968711879124; Motor Current: 85.0
[2026-02-17 11:15:50,179] INFO: Time: 1.947136847000138; Command Position: 0.22264221797633849; Output Position: 0.2199783894916728; Motor Current: 86.0
[2026-02-17 11:15:50,180] INFO: Time: 1.9481989130001693; Command Position: 0.22264221797633849; Output Position: 0.21998763033979263; Motor Current: 85.0
[2026-02-17 11:15:50,181] INFO: Time: 1.9492565150001155; Command Position: 0.22264221797633849; Output Position: 0.2199968711879124; Motor Current: 86.0
[2026-02-17 11:15:50,182] INFO: Time: 1.9503160440001466; Command Position: 0.22264221797633849; Output Position: 0.2199783894916728; Motor Current: 86.0
[2026-02-17 11:15:50,183] INFO: Time: 1.9513753510000242; Command Position: 0.22264221797633849; Output Position: 0.21998763033979263; Motor Current: 87.0
[2026-02-17 11:15:50,184] INFO: Time: 1.9524347130000024; Command Position: 0.22264221797633849; Output Position: 0.21998763033979263; Motor Current: 87.0
[2026-02-17 11:15:50,185] INFO: Time: 1.9534964270001183; Command Position: 0.22264221797633849; Output Position: 0.2199783894916728; Motor Current: 88.0
[2026-02-17 11:15:50,186] INFO: Time: 1.9545582150001337; Command Position: 0.22264221797633849; Output Position: 0.21998763033979263; Motor Current: 86.0
[2026-02-17 11:15:50,187] INFO: Time: 1.9556174840001859; Command Position: 0.22264221797633849; Output Position: 0.21998763033979263; Motor Current: 88.0
[2026-02-17 11:15:50,188] INFO: Time: 1.9566778470000372; Command Position: 0.22264221797633849; Output Position: 0.21998763033979263; Motor Current: 89.0
[2026-02-17 11:15:50,190] INFO: Time: 1.9577378380001846; Command Position: 0.22264221797633849; Output Position: 0.21998763033979263; Motor Current: 91.0
[2026-02-17 11:15:50,191] INFO: Time: 1.9588013300001421; Command Position: 0.22264221797633849; Output Position: 0.21998763033979263; Motor Current: 90.0
[2026-02-17 11:15:50,192] INFO: Time: 1.9598754700000427; Command Position: 0.22264221797633849; Output Position: 0.2199783894916728; Motor Current: 89.0
[2026-02-17 11:15:50,193] INFO: Time: 1.9609366100000898; Command Position: 0.22264221797633849; Output Position: 0.2199968711879124; Motor Current: 89.0
[2026-02-17 11:15:50,194] INFO: Time: 1.9619957310001155; Command Position: 0.22264221797633849; Output Position: 0.21998763033979263; Motor Current: 90.0
[2026-02-17 11:15:50,195] INFO: Time: 1.9630717970001115; Command Position: 0.22264221797633849; Output Position: 0.2199783894916728; Motor Current: 87.0
[2026-02-17 11:15:50,196] INFO: Time: 1.964131160000079; Command Position: 0.22264221797633849; Output Position: 0.21998763033979263; Motor Current: 84.0
[2026-02-17 11:15:50,197] INFO: Time: 1.965192614000216; Command Position: 0.22264221797633849; Output Position: 0.2199783894916728; Motor Current: 84.0
[2026-02-17 11:15:50,198] INFO: Time: 1.9662539390001257; Command Position: 0.22264221797633849; Output Position: 0.21998763033979263; Motor Current: 84.0
[2026-02-17 11:15:50,199] INFO: Time: 1.967310801000167; Command Position: 0.22264221797633849; Output Position: 0.21996914864355302; Motor Current: 83.0
[2026-02-17 11:15:50,200] INFO: Time: 1.9683697380000922; Command Position: 0.22264221797633849; Output Position: 0.2199783894916728; Motor Current: 82.0
[2026-02-17 11:15:50,201] INFO: Time: 1.9694293030001973; Command Position: 0.22264221797633849; Output Position: 0.21998763033979263; Motor Current: 83.0
[2026-02-17 11:15:50,202] INFO: Time: 1.970488221000096; Command Position: 0.22264221797633849; Output Position: 0.21998763033979263; Motor Current: 81.0
[2026-02-17 11:15:50,203] INFO: Time: 1.971549528000196; Command Position: 0.22264221797633849; Output Position: 0.2199968711879124; Motor Current: 83.0
[2026-02-17 11:15:50,204] INFO: Time: 1.9726106490002167; Command Position: 0.22264221797633849; Output Position: 0.2199783894916728; Motor Current: 82.0
[2026-02-17 11:15:50,205] INFO: Time: 1.9736700110001948; Command Position: 0.22264221797633849; Output Position: 0.21998763033979263; Motor Current: 80.0
[2026-02-17 11:15:50,206] INFO: Time: 1.9747294290000355; Command Position: 0.22264221797633849; Output Position: 0.2199783894916728; Motor Current: 81.0
[2026-02-17 11:15:50,208] INFO: Time: 1.9758769210000082; Command Position: 0.22264221797633849; Output Position: 0.21998763033979263; Motor Current: 82.0
[2026-02-17 11:15:50,209] INFO: Time: 1.977016562000017; Command Position: 0.22264221797633849; Output Position: 0.21998763033979263; Motor Current: 82.0
[2026-02-17 11:15:50,210] INFO: Time: 1.9780769060000694; Command Position: 0.22264221797633849; Output Position: 0.2199783894916728; Motor Current: 82.0
[2026-02-17 11:15:50,211] INFO: Time: 1.979138323000143; Command Position: 0.22264221797633849; Output Position: 0.21998763033979263; Motor Current: 83.0
[2026-02-17 11:15:50,212] INFO: Time: 1.9801981300001898; Command Position: 0.22264221797633849; Output Position: 0.2199783894916728; Motor Current: 83.0
[2026-02-17 11:15:50,213] INFO: Time: 1.9812579920001099; Command Position: 0.22264221797633849; Output Position: 0.2199783894916728; Motor Current: 84.0
[2026-02-17 11:15:50,214] INFO: Time: 1.982317299000215; Command Position: 0.22264221797633849; Output Position: 0.21998763033979263; Motor Current: 83.0
[2026-02-17 11:15:50,215] INFO: Time: 1.983376661000193; Command Position: 0.22264221797633849; Output Position: 0.2199783894916728; Motor Current: 83.0
[2026-02-17 11:15:50,216] INFO: Time: 1.9844378930001767; Command Position: 0.22264221797633849; Output Position: 0.2199968711879124; Motor Current: 83.0
[2026-02-17 11:15:50,217] INFO: Time: 1.9854994040001657; Command Position: 0.22264221797633849; Output Position: 0.21996914864355302; Motor Current: 85.0
[2026-02-17 11:15:50,218] INFO: Time: 1.986558266000202; Command Position: 0.22264221797633849; Output Position: 0.21998763033979263; Motor Current: 83.0
[2026-02-17 11:15:50,220] INFO: Time: 1.9877778520001357; Command Position: 0.22264221797633849; Output Position: 0.21998763033979263; Motor Current: 83.0
[2026-02-17 11:15:50,221] INFO: Time: 1.9888418430000456; Command Position: 0.22264221797633849; Output Position: 0.2199783894916728; Motor Current: 82.0
[2026-02-17 11:15:50,222] INFO: Time: 1.9899030200001562; Command Position: 0.22264221797633849; Output Position: 0.2199783894916728; Motor Current: 83.0
[2026-02-17 11:15:50,223] INFO: Time: 1.9909658270000818; Command Position: 0.22264221797633849; Output Position: 0.21998763033979263; Motor Current: 84.0
[2026-02-17 11:15:50,224] INFO: Time: 1.9920254480000494; Command Position: 0.22264221797633849; Output Position: 0.2199783894916728; Motor Current: 83.0
[2026-02-17 11:15:50,225] INFO: Time: 1.9930850880000435; Command Position: 0.22264221797633849; Output Position: 0.2199783894916728; Motor Current: 83.0
[2026-02-17 11:15:50,226] INFO: Time: 1.9941441170001326; Command Position: 0.22264221797633849; Output Position: 0.21996914864355302; Motor Current: 84.0
[2026-02-17 11:15:50,227] INFO: Time: 1.9952034050002112; Command Position: 0.22264221797633849; Output Position: 0.2199783894916728; Motor Current: 85.0
[2026-02-17 11:15:50,228] INFO: Time: 1.9962647300001208; Command Position: 0.22264221797633849; Output Position: 0.2199783894916728; Motor Current: 87.0
[2026-02-17 11:15:50,229] INFO: Time: 1.9973265370001627; Command Position: 0.22264221797633849; Output Position: 0.2199783894916728; Motor Current: 86.0
[2026-02-17 11:15:50,230] INFO: Time: 1.9983859730000404; Command Position: 0.22264221797633849; Output Position: 0.21998763033979263; Motor Current: 85.0
[2026-02-17 11:15:50,231] INFO: Time: 1.9994445199999973; Command Position: 0.22264221797633849; Output Position: 0.21998763033979263; Motor Current: 86.0
[2026-02-17 11:15:50,232] INFO: Time: 2.00050340100006; Command Position: 0.22264221797633849; Output Position: 0.21996914864355302; Motor Current: 85.0
[2026-02-17 11:15:50,233] INFO: Time: 2.0015625220000857; Command Position: 0.22264221797633849; Output Position: 0.21996914864355302; Motor Current: 88.0
[2026-02-17 11:15:50,234] INFO: Time: 2.002623921000122; Command Position: 0.22264221797633849; Output Position: 0.21998763033979263; Motor Current: 88.0
[2026-02-17 11:15:50,235] INFO: Time: 2.003690506000112; Command Position: 0.22264221797633849; Output Position: 0.2199783894916728; Motor Current: 85.0
[2026-02-17 11:15:50,237] INFO: Time: 2.0047560710002017; Command Position: 0.22264221797633849; Output Position: 0.21996914864355302; Motor Current: 86.0
[2026-02-17 11:15:50,238] INFO: Time: 2.0058181930000956; Command Position: 0.22264221797633849; Output Position: 0.2199783894916728; Motor Current: 87.0
[2026-02-17 11:15:50,239] INFO: Time: 2.0068772400002217; Command Position: 0.22264221797633849; Output Position: 0.21998763033979263; Motor Current: 87.0
[2026-02-17 11:15:50,240] INFO: Time: 2.007936528000073; Command Position: 0.22264221797633849; Output Position: 0.21998763033979263; Motor Current: 88.0
[2026-02-17 11:15:50,241] INFO: Time: 2.00899748300003; Command Position: 0.22264221797633849; Output Position: 0.2199783894916728; Motor Current: 90.0
[2026-02-17 11:15:50,242] INFO: Time: 2.0100600120001673; Command Position: 0.22264221797633849; Output Position: 0.21998763033979263; Motor Current: 85.0
[2026-02-17 11:15:50,243] INFO: Time: 2.0111205220000556; Command Position: 0.22264221797633849; Output Position: 0.2199968711879124; Motor Current: 87.0
[2026-02-17 11:15:50,244] INFO: Time: 2.0121800320000602; Command Position: 0.22264221797633849; Output Position: 0.21996914864355302; Motor Current: 86.0
[2026-02-17 11:15:50,245] INFO: Time: 2.013239320000139; Command Position: 0.22264221797633849; Output Position: 0.2199968711879124; Motor Current: 86.0
[2026-02-17 11:15:50,246] INFO: Time: 2.0142984790002174; Command Position: 0.22264221797633849; Output Position: 0.2199783894916728; Motor Current: 86.0
[2026-02-17 11:15:50,247] INFO: Time: 2.0153603410001324; Command Position: 0.22264221797633849; Output Position: 0.2199783894916728; Motor Current: 86.0
[2026-02-17 11:15:50,248] INFO: Time: 2.016422129000148; Command Position: 0.22264221797633849; Output Position: 0.2199783894916728; Motor Current: 86.0
[2026-02-17 11:15:50,249] INFO: Time: 2.017481306000036; Command Position: 0.22264221797633849; Output Position: 0.2199783894916728; Motor Current: 86.0
[2026-02-17 11:15:50,250] INFO: Time: 2.01854113100012; Command Position: 0.22264221797633849; Output Position: 0.2199783894916728; Motor Current: 87.0
[2026-02-17 11:15:50,251] INFO: Time: 2.0196006410001246; Command Position: 0.22264221797633849; Output Position: 0.2199783894916728; Motor Current: 87.0
[2026-02-17 11:15:50,252] INFO: Time: 2.020662355000013; Command Position: 0.22264221797633849; Output Position: 0.21998763033979263; Motor Current: 87.0
[2026-02-17 11:15:50,254] INFO: Time: 2.021725551000145; Command Position: 0.22264221797633849; Output Position: 0.2199783894916728; Motor Current: 88.0
[2026-02-17 11:15:50,255] INFO: Time: 2.022786505000113; Command Position: 0.22264221797633849; Output Position: 0.21998763033979263; Motor Current: 86.0
[2026-02-17 11:15:50,256] INFO: Time: 2.0238602560000345; Command Position: 0.22264221797633849; Output Position: 0.2199783894916728; Motor Current: 86.0
[2026-02-17 11:15:50,257] INFO: Time: 2.0249197300001924; Command Position: 0.22264221797633849; Output Position: 0.21998763033979263; Motor Current: 83.0
[2026-02-17 11:15:50,258] INFO: Time: 2.025978666000128; Command Position: 0.22264221797633849; Output Position: 0.2199783894916728; Motor Current: 86.0
[2026-02-17 11:15:50,259] INFO: Time: 2.0270746950000103; Command Position: 0.22264221797633849; Output Position: 0.2199968711879124; Motor Current: 86.0
[2026-02-17 11:15:50,260] INFO: Time: 2.028134705000184; Command Position: 0.22264221797633849; Output Position: 0.21998763033979263; Motor Current: 86.0
[2026-02-17 11:15:50,261] INFO: Time: 2.02919503000021; Command Position: 0.22264221797633849; Output Position: 0.21998763033979263; Motor Current: 84.0
[2026-02-17 11:15:50,262] INFO: Time: 2.030254189000061; Command Position: 0.22264221797633849; Output Position: 0.2199783894916728; Motor Current: 83.0
[2026-02-17 11:15:50,263] INFO: Time: 2.031313199000124; Command Position: 0.22264221797633849; Output Position: 0.2199783894916728; Motor Current: 84.0
[2026-02-17 11:15:50,264] INFO: Time: 2.0323720800001865; Command Position: 0.22264221797633849; Output Position: 0.21998763033979263; Motor Current: 86.0
[2026-02-17 11:15:50,265] INFO: Time: 2.033433923000075; Command Position: 0.22264221797633849; Output Position: 0.21998763033979263; Motor Current: 88.0
[2026-02-17 11:15:50,266] INFO: Time: 2.03449450800008; Command Position: 0.22264221797633849; Output Position: 0.21998763033979263; Motor Current: 87.0
[2026-02-17 11:15:50,267] INFO: Time: 2.035554499; Command Position: 0.22264221797633849; Output Position: 0.2199968711879124; Motor Current: 85.0
[2026-02-17 11:15:50,268] INFO: Time: 2.036613899000031; Command Position: 0.22264221797633849; Output Position: 0.21998763033979263; Motor Current: 85.0
[2026-02-17 11:15:50,269] INFO: Time: 2.0376731310000196; Command Position: 0.22264221797633849; Output Position: 0.2199783894916728; Motor Current: 86.0
[2026-02-17 11:15:50,271] INFO: Time: 2.0387335670000084; Command Position: 0.22264221797633849; Output Position: 0.2199783894916728; Motor Current: 86.0
[2026-02-17 11:15:50,272] INFO: Time: 2.039801966000141; Command Position: 0.22264221797633849; Output Position: 0.2199783894916728; Motor Current: 85.0
[2026-02-17 11:15:50,273] INFO: Time: 2.0408611250002195; Command Position: 0.22264221797633849; Output Position: 0.2199783894916728; Motor Current: 85.0
[2026-02-17 11:15:50,274] INFO: Time: 2.0419200610001553; Command Position: 0.22264221797633849; Output Position: 0.21998763033979263; Motor Current: 85.0
[2026-02-17 11:15:50,275] INFO: Time: 2.0429795340000965; Command Position: 0.22264221797633849; Output Position: 0.21998763033979263; Motor Current: 83.0
[2026-02-17 11:15:50,276] INFO: Time: 2.044038433000196; Command Position: 0.22264221797633849; Output Position: 0.2199783894916728; Motor Current: 81.0
[2026-02-17 11:15:50,277] INFO: Time: 2.045100055000148; Command Position: 0.22264221797633849; Output Position: 0.2199783894916728; Motor Current: 81.0
[2026-02-17 11:15:50,278] INFO: Time: 2.046164102000148; Command Position: 0.22264221797633849; Output Position: 0.2199783894916728; Motor Current: 85.0
[2026-02-17 11:15:50,279] INFO: Time: 2.047223631000179; Command Position: 0.22264221797633849; Output Position: 0.21998763033979263; Motor Current: 83.0
[2026-02-17 11:15:50,280] INFO: Time: 2.0482825120000143; Command Position: 0.22264221797633849; Output Position: 0.21998763033979263; Motor Current: 83.0
[2026-02-17 11:15:50,281] INFO: Time: 2.0493414480001775; Command Position: 0.22264221797633849; Output Position: 0.2199968711879124; Motor Current: 83.0
[2026-02-17 11:15:50,282] INFO: Time: 2.0504005320001397; Command Position: 0.22264221797633849; Output Position: 0.2199783894916728; Motor Current: 85.0
[2026-02-17 11:15:50,283] INFO: Time: 2.0514621720001287; Command Position: 0.22264221797633849; Output Position: 0.21998763033979263; Motor Current: 85.0
[2026-02-17 11:15:50,284] INFO: Time: 2.0525227010000435; Command Position: 0.22264221797633849; Output Position: 0.21996914864355302; Motor Current: 86.0
[2026-02-17 11:15:50,285] INFO: Time: 2.0535819330000322; Command Position: 0.22264221797633849; Output Position: 0.21998763033979263; Motor Current: 86.0
[2026-02-17 11:15:50,286] INFO: Time: 2.0546412580001743; Command Position: 0.22264221797633849; Output Position: 0.2199783894916728; Motor Current: 87.0
[2026-02-17 11:15:50,287] INFO: Time: 2.0556995280001047; Command Position: 0.22264221797633849; Output Position: 0.21998763033979263; Motor Current: 85.0
[2026-02-17 11:15:50,289] INFO: Time: 2.056761205000157; Command Position: 0.22264221797633849; Output Position: 0.2199968711879124; Motor Current: 87.0
[2026-02-17 11:15:50,290] INFO: Time: 2.057822789000056; Command Position: 0.22264221797633849; Output Position: 0.2199783894916728; Motor Current: 87.0
[2026-02-17 11:15:50,291] INFO: Time: 2.0588823360001243; Command Position: 0.22264221797633849; Output Position: 0.21998763033979263; Motor Current: 86.0
[2026-02-17 11:15:50,292] INFO: Time: 2.0599414760001764; Command Position: 0.22264221797633849; Output Position: 0.2199968711879124; Motor Current: 87.0
[2026-02-17 11:15:50,293] INFO: Time: 2.061017690000199; Command Position: 0.22264221797633849; Output Position: 0.2199783894916728; Motor Current: 84.0
[2026-02-17 11:15:50,294] INFO: Time: 2.0620787190000556; Command Position: 0.22264221797633849; Output Position: 0.21998763033979263; Motor Current: 83.0
[2026-02-17 11:15:50,295] INFO: Time: 2.0631395070001872; Command Position: 0.22264221797633849; Output Position: 0.2199783894916728; Motor Current: 84.0
[2026-02-17 11:15:50,296] INFO: Time: 2.0642012770001656; Command Position: 0.22264221797633849; Output Position: 0.2199783894916728; Motor Current: 84.0
[2026-02-17 11:15:50,297] INFO: Time: 2.0652607690001332; Command Position: 0.22264221797633849; Output Position: 0.2199968711879124; Motor Current: 85.0
[2026-02-17 11:15:50,298] INFO: Time: 2.0663199820000955; Command Position: 0.22264221797633849; Output Position: 0.2199783894916728; Motor Current: 85.0
[2026-02-17 11:15:50,299] INFO: Time: 2.067378863000158; Command Position: 0.22264221797633849; Output Position: 0.21998763033979263; Motor Current: 83.0
[2026-02-17 11:15:50,300] INFO: Time: 2.06843789200002; Command Position: 0.22264221797633849; Output Position: 0.2199783894916728; Motor Current: 85.0
[2026-02-17 11:15:50,301] INFO: Time: 2.0694989950000036; Command Position: 0.22264221797633849; Output Position: 0.2199968711879124; Motor Current: 83.0
[2026-02-17 11:15:50,302] INFO: Time: 2.0705598200001987; Command Position: 0.22264221797633849; Output Position: 0.21998763033979263; Motor Current: 81.0
[2026-02-17 11:15:50,304] INFO: Time: 2.0718653700000687; Command Position: 0.22264221797633849; Output Position: 0.2199783894916728; Motor Current: 82.0
[2026-02-17 11:15:50,305] INFO: Time: 2.0729286210000737; Command Position: 0.22264221797633849; Output Position: 0.2199783894916728; Motor Current: 83.0
[2026-02-17 11:15:50,306] INFO: Time: 2.0739917420000893; Command Position: 0.22264221797633849; Output Position: 0.2199783894916728; Motor Current: 85.0
[2026-02-17 11:15:50,307] INFO: Time: 2.0750535860001946; Command Position: 0.22264221797633849; Output Position: 0.2199783894916728; Motor Current: 85.0
[2026-02-17 11:15:50,308] INFO: Time: 2.076131966000048; Command Position: 0.22264221797633849; Output Position: 0.21998763033979263; Motor Current: 85.0
[2026-02-17 11:15:50,309] INFO: Time: 2.077191829000185; Command Position: 0.22264221797633849; Output Position: 0.2199783894916728; Motor Current: 84.0
[2026-02-17 11:15:50,310] INFO: Time: 2.078227690000176; Command Position: 0.22264221797633849; Output Position: 0.21998763033979263; Motor Current: 83.0
[2026-02-17 11:15:50,311] INFO: Time: 2.0792872380000063; Command Position: 0.22264221797633849; Output Position: 0.21998763033979263; Motor Current: 84.0
[2026-02-17 11:15:50,312] INFO: Time: 2.0803466740001113; Command Position: 0.22264221797633849; Output Position: 0.2199783894916728; Motor Current: 84.0
[2026-02-17 11:15:50,313] INFO: Time: 2.0814161290002176; Command Position: 0.22264221797633849; Output Position: 0.21998763033979263; Motor Current: 84.0
[2026-02-17 11:15:50,314] INFO: Time: 2.0824802690001434; Command Position: 0.22264221797633849; Output Position: 0.2199783894916728; Motor Current: 85.0
[2026-02-17 11:15:50,315] INFO: Time: 2.0835407230001692; Command Position: 0.22264221797633849; Output Position: 0.2199783894916728; Motor Current: 86.0
[2026-02-17 11:15:50,316] INFO: Time: 2.0846004740001263; Command Position: 0.22264221797633849; Output Position: 0.21998763033979263; Motor Current: 86.0
[2026-02-17 11:15:50,317] INFO: Time: 2.0856599850001203; Command Position: 0.22264221797633849; Output Position: 0.2199783894916728; Motor Current: 85.0
[2026-02-17 11:15:50,319] INFO: Time: 2.0867223470002045; Command Position: 0.22264221797633849; Output Position: 0.21998763033979263; Motor Current: 84.0
[2026-02-17 11:15:50,320] INFO: Time: 2.087785079000014; Command Position: 0.22264221797633849; Output Position: 0.21998763033979263; Motor Current: 83.0
[2026-02-17 11:15:50,321] INFO: Time: 2.088845312000103; Command Position: 0.22264221797633849; Output Position: 0.2199783894916728; Motor Current: 85.0
[2026-02-17 11:15:50,322] INFO: Time: 2.089904637000018; Command Position: 0.22264221797633849; Output Position: 0.2199783894916728; Motor Current: 84.0
[2026-02-17 11:15:50,323] INFO: Time: 2.0909645170002022; Command Position: 0.22264221797633849; Output Position: 0.21998763033979263; Motor Current: 83.0
[2026-02-17 11:15:50,324] INFO: Time: 2.0920287310000276; Command Position: 0.22264221797633849; Output Position: 0.21998763033979263; Motor Current: 82.0
[2026-02-17 11:15:50,325] INFO: Time: 2.0930896310001117; Command Position: 0.22264221797633849; Output Position: 0.21998763033979263; Motor Current: 81.0
[2026-02-17 11:15:50,326] INFO: Time: 2.094160419000218; Command Position: 0.22264221797633849; Output Position: 0.2199968711879124; Motor Current: 82.0
[2026-02-17 11:15:50,327] INFO: Time: 2.0952190220000375; Command Position: 0.22264221797633849; Output Position: 0.2199783894916728; Motor Current: 82.0
[2026-02-17 11:15:50,328] INFO: Time: 2.0962777910001478; Command Position: 0.22264221797633849; Output Position: 0.21996914864355302; Motor Current: 83.0
[2026-02-17 11:15:50,329] INFO: Time: 2.0973368940001365; Command Position: 0.22264221797633849; Output Position: 0.21998763033979263; Motor Current: 83.0
[2026-02-17 11:15:50,330] INFO: Time: 2.0983955520000563; Command Position: 0.22264221797633849; Output Position: 0.21998763033979263; Motor Current: 85.0
[2026-02-17 11:15:50,331] INFO: Time: 2.099456248000024; Command Position: 0.22264221797633849; Output Position: 0.21998763033979263; Motor Current: 87.0
[2026-02-17 11:15:50,332] INFO: Time: 2.1005168320000394; Command Position: 0.22264221797633849; Output Position: 0.2199783894916728; Motor Current: 86.0
[2026-02-17 11:15:50,333] INFO: Time: 2.1015755650000756; Command Position: 0.22264221797633849; Output Position: 0.2199783894916728; Motor Current: 85.0
[2026-02-17 11:15:50,334] INFO: Time: 2.1026347790000273; Command Position: 0.22264221797633849; Output Position: 0.2199783894916728; Motor Current: 89.0
[2026-02-17 11:15:50,335] INFO: Time: 2.1036939930002063; Command Position: 0.22264221797633849; Output Position: 0.21998763033979263; Motor Current: 88.0
[2026-02-17 11:15:50,337] INFO: Time: 2.1047551139999996; Command Position: 0.22264221797633849; Output Position: 0.21996914864355302; Motor Current: 90.0
[2026-02-17 11:15:50,338] INFO: Time: 2.1058178650000627; Command Position: 0.22264221797633849; Output Position: 0.21998763033979263; Motor Current: 87.0
[2026-02-17 11:15:50,339] INFO: Time: 2.10687772700021; Command Position: 0.22264221797633849; Output Position: 0.21998763033979263; Motor Current: 87.0
[2026-02-17 11:15:50,340] INFO: Time: 2.107936645000109; Command Position: 0.22264221797633849; Output Position: 0.2199783894916728; Motor Current: 87.0
[2026-02-17 11:15:50,341] INFO: Time: 2.1089962480000395; Command Position: 0.22264221797633849; Output Position: 0.21998763033979263; Motor Current: 89.0
[2026-02-17 11:15:50,342] INFO: Time: 2.1100571840001976; Command Position: 0.22264221797633849; Output Position: 0.21998763033979263; Motor Current: 87.0
[2026-02-17 11:15:50,343] INFO: Time: 2.1111183980001442; Command Position: 0.22264221797633849; Output Position: 0.2199783894916728; Motor Current: 85.0
[2026-02-17 11:15:50,344] INFO: Time: 2.112178741000207; Command Position: 0.22264221797633849; Output Position: 0.2199968711879124; Motor Current: 86.0
[2026-02-17 11:15:50,345] INFO: Time: 2.1132377150001957; Command Position: 0.22264221797633849; Output Position: 0.2199783894916728; Motor Current: 86.0
[2026-02-17 11:15:50,346] INFO: Time: 2.11429711400001; Command Position: 0.22264221797633849; Output Position: 0.21998763033979263; Motor Current: 86.0
[2026-02-17 11:15:50,347] INFO: Time: 2.115356494000025; Command Position: 0.22264221797633849; Output Position: 0.21998763033979263; Motor Current: 86.0
[2026-02-17 11:15:50,348] INFO: Time: 2.1164156340000773; Command Position: 0.22264221797633849; Output Position: 0.21998763033979263; Motor Current: 85.0
[2026-02-17 11:15:50,349] INFO: Time: 2.1174761450001824; Command Position: 0.22264221797633849; Output Position: 0.2199783894916728; Motor Current: 83.0
[2026-02-17 11:15:50,350] INFO: Time: 2.118536859000187; Command Position: 0.22264221797633849; Output Position: 0.21998763033979263; Motor Current: 83.0
[2026-02-17 11:15:50,351] INFO: Time: 2.1195961470000384; Command Position: 0.22264221797633849; Output Position: 0.2199783894916728; Motor Current: 82.0
[2026-02-17 11:15:50,352] INFO: Time: 2.1206554900002175; Command Position: 0.22264221797633849; Output Position: 0.21998763033979263; Motor Current: 83.0
[2026-02-17 11:15:50,353] INFO: Time: 2.121714704000169; Command Position: 0.22264221797633849; Output Position: 0.2199783894916728; Motor Current: 83.0
[2026-02-17 11:15:50,355] INFO: Time: 2.1227765850001106; Command Position: 0.22264221797633849; Output Position: 0.21998763033979263; Motor Current: 82.0
[2026-02-17 11:15:50,356] INFO: Time: 2.1238394470001367; Command Position: 0.22264221797633849; Output Position: 0.2199968711879124; Motor Current: 79.0
[2026-02-17 11:15:50,357] INFO: Time: 2.1248992720002207; Command Position: 0.22264221797633849; Output Position: 0.2199783894916728; Motor Current: 81.0
[2026-02-17 11:15:50,358] INFO: Time: 2.125957671000151; Command Position: 0.22264221797633849; Output Position: 0.21998763033979263; Motor Current: 82.0
[2026-02-17 11:15:50,359] INFO: Time: 2.127037145000031; Command Position: 0.22264221797633849; Output Position: 0.2199783894916728; Motor Current: 86.0
[2026-02-17 11:15:50,360] INFO: Time: 2.1280955250001625; Command Position: 0.22264221797633849; Output Position: 0.2199783894916728; Motor Current: 86.0
[2026-02-17 11:15:50,363] INFO: Time: 2.1314001130001543; Command Position: 0.22264221797633849; Output Position: 0.21998763033979263; Motor Current: 87.0
[2026-02-17 11:15:50,364] INFO: Time: 2.1324584930000583; Command Position: 0.22264221797633849; Output Position: 0.2199783894916728; Motor Current: 87.0
[2026-02-17 11:15:50,365] INFO: Time: 2.133516467000163; Command Position: 0.22264221797633849; Output Position: 0.2199783894916728; Motor Current: 87.0
[2026-02-17 11:15:50,366] INFO: Time: 2.134576143000004; Command Position: 0.22264221797633849; Output Position: 0.21998763033979263; Motor Current: 86.0
[2026-02-17 11:15:50,367] INFO: Time: 2.135635857000125; Command Position: 0.22264221797633849; Output Position: 0.21998763033979263; Motor Current: 86.0
[2026-02-17 11:15:50,368] INFO: Time: 2.136697812000193; Command Position: 0.22264221797633849; Output Position: 0.2199783894916728; Motor Current: 87.0
[2026-02-17 11:15:50,370] INFO: Time: 2.1377589890000763; Command Position: 0.22264221797633849; Output Position: 0.2199783894916728; Motor Current: 87.0
[2026-02-17 11:15:50,371] INFO: Time: 2.1388189440001497; Command Position: 0.22264221797633849; Output Position: 0.21998763033979263; Motor Current: 87.0
[2026-02-17 11:15:50,372] INFO: Time: 2.1398784910002178; Command Position: 0.22264221797633849; Output Position: 0.2199783894916728; Motor Current: 88.0
[2026-02-17 11:15:50,373] INFO: Time: 2.1409377980000954; Command Position: 0.22264221797633849; Output Position: 0.21998763033979263; Motor Current: 88.0
[2026-02-17 11:15:50,374] INFO: Time: 2.141997864000132; Command Position: 0.22264221797633849; Output Position: 0.21998763033979263; Motor Current: 87.0
[2026-02-17 11:15:50,375] INFO: Time: 2.143060966000121; Command Position: 0.22264221797633849; Output Position: 0.2199968711879124; Motor Current: 87.0
[2026-02-17 11:15:50,376] INFO: Time: 2.1441346060000797; Command Position: 0.22264221797633849; Output Position: 0.2199783894916728; Motor Current: 86.0
[2026-02-17 11:15:50,377] INFO: Time: 2.145192543000121; Command Position: 0.22264221797633849; Output Position: 0.2199783894916728; Motor Current: 86.0
[2026-02-17 11:15:50,378] INFO: Time: 2.1462521079999988; Command Position: 0.22264221797633849; Output Position: 0.2199783894916728; Motor Current: 86.0
[2026-02-17 11:15:50,379] INFO: Time: 2.1473118220001197; Command Position: 0.22264221797633849; Output Position: 0.2199783894916728; Motor Current: 85.0
[2026-02-17 11:15:50,380] INFO: Time: 2.1483710180000344; Command Position: 0.22264221797633849; Output Position: 0.21998763033979263; Motor Current: 87.0
[2026-02-17 11:15:50,381] INFO: Time: 2.149432695000087; Command Position: 0.22264221797633849; Output Position: 0.21998763033979263; Motor Current: 87.0
[2026-02-17 11:15:50,382] INFO: Time: 2.1504937980000705; Command Position: 0.22264221797633849; Output Position: 0.2199783894916728; Motor Current: 87.0
[2026-02-17 11:15:50,384] INFO: Time: 2.151726291000159; Command Position: 0.22264221797633849; Output Position: 0.21998763033979263; Motor Current: 86.0
[2026-02-17 11:15:50,385] INFO: Time: 2.152792505000207; Command Position: 0.22264221797633849; Output Position: 0.21998763033979263; Motor Current: 87.0
[2026-02-17 11:15:50,386] INFO: Time: 2.1538547560001007; Command Position: 0.22264221797633849; Output Position: 0.2199783894916728; Motor Current: 86.0
[2026-02-17 11:15:50,387] INFO: Time: 2.1549184890000106; Command Position: 0.22264221797633849; Output Position: 0.21998763033979263; Motor Current: 84.0
[2026-02-17 11:15:50,388] INFO: Time: 2.1559814430002007; Command Position: 0.22264221797633849; Output Position: 0.21998763033979263; Motor Current: 85.0
[2026-02-17 11:15:50,389] INFO: Time: 2.157058195000218; Command Position: 0.22264221797633849; Output Position: 0.2199968711879124; Motor Current: 85.0
[2026-02-17 11:15:50,390] INFO: Time: 2.158134409000013; Command Position: 0.22264221797633849; Output Position: 0.2199783894916728; Motor Current: 87.0
[2026-02-17 11:15:50,391] INFO: Time: 2.159194123000134; Command Position: 0.22264221797633849; Output Position: 0.21998763033979263; Motor Current: 86.0
[2026-02-17 11:15:50,392] INFO: Time: 2.16025298500017; Command Position: 0.22264221797633849; Output Position: 0.21998763033979263; Motor Current: 86.0
[2026-02-17 11:15:50,393] INFO: Time: 2.161314106000191; Command Position: 0.22264221797633849; Output Position: 0.21998763033979263; Motor Current: 87.0
[2026-02-17 11:15:50,394] INFO: Time: 2.1623749130001215; Command Position: 0.22264221797633849; Output Position: 0.21998763033979263; Motor Current: 87.0
[2026-02-17 11:15:50,395] INFO: Time: 2.1634339230001842; Command Position: 0.22264221797633849; Output Position: 0.21998763033979263; Motor Current: 89.0
[2026-02-17 11:15:50,396] INFO: Time: 2.164497730000221; Command Position: 0.22264221797633849; Output Position: 0.21996914864355302; Motor Current: 88.0
[2026-02-17 11:15:50,397] INFO: Time: 2.16555931400012; Command Position: 0.22264221797633849; Output Position: 0.2199783894916728; Motor Current: 88.0
[2026-02-17 11:15:50,398] INFO: Time: 2.1666208980000192; Command Position: 0.22264221797633849; Output Position: 0.2199783894916728; Motor Current: 88.0
[2026-02-17 11:15:50,399] INFO: Time: 2.1676814270001614; Command Position: 0.22264221797633849; Output Position: 0.2199783894916728; Motor Current: 90.0
[2026-02-17 11:15:50,401] INFO: Time: 2.168741715000124; Command Position: 0.22264221797633849; Output Position: 0.21998763033979263; Motor Current: 89.0
[2026-02-17 11:15:50,402] INFO: Time: 2.169801355000118; Command Position: 0.22264221797633849; Output Position: 0.2199783894916728; Motor Current: 85.0
[2026-02-17 11:15:50,403] INFO: Time: 2.170860902000186; Command Position: 0.22264221797633849; Output Position: 0.2199783894916728; Motor Current: 85.0
[2026-02-17 11:15:50,404] INFO: Time: 2.1719188010001744; Command Position: 0.22264221797633849; Output Position: 0.2199968711879124; Motor Current: 87.0
[2026-02-17 11:15:50,405] INFO: Time: 2.1729816080001; Command Position: 0.22264221797633849; Output Position: 0.2199783894916728; Motor Current: 86.0
[2026-02-17 11:15:50,406] INFO: Time: 2.1740427850002106; Command Position: 0.22264221797633849; Output Position: 0.2199783894916728; Motor Current: 82.0
[2026-02-17 11:15:50,407] INFO: Time: 2.1751027400000567; Command Position: 0.22264221797633849; Output Position: 0.21998763033979263; Motor Current: 81.0
[2026-02-17 11:15:50,408] INFO: Time: 2.176305066000168; Command Position: 0.22264221797633849; Output Position: 0.21998763033979263; Motor Current: 81.0
[2026-02-17 11:15:50,409] INFO: Time: 2.1773664100001042; Command Position: 0.22264221797633849; Output Position: 0.2199783894916728; Motor Current: 84.0
[2026-02-17 11:15:50,410] INFO: Time: 2.1784273830000984; Command Position: 0.22264221797633849; Output Position: 0.2199968711879124; Motor Current: 84.0
[2026-02-17 11:15:50,411] INFO: Time: 2.1794889300001614; Command Position: 0.22264221797633849; Output Position: 0.2199968711879124; Motor Current: 82.0
[2026-02-17 11:15:50,412] INFO: Time: 2.180550404000087; Command Position: 0.22264221797633849; Output Position: 0.2199783894916728; Motor Current: 83.0
[2026-02-17 11:15:50,413] INFO: Time: 2.181610062000118; Command Position: 0.22264221797633849; Output Position: 0.2199783894916728; Motor Current: 84.0
[2026-02-17 11:15:50,414] INFO: Time: 2.1826697570002125; Command Position: 0.22264221797633849; Output Position: 0.21998763033979263; Motor Current: 83.0
[2026-02-17 11:15:50,415] INFO: Time: 2.18372912000018; Command Position: 0.22264221797633849; Output Position: 0.2199783894916728; Motor Current: 83.0
[2026-02-17 11:15:50,417] INFO: Time: 2.1847910740000316; Command Position: 0.22264221797633849; Output Position: 0.2199783894916728; Motor Current: 83.0
[2026-02-17 11:15:50,418] INFO: Time: 2.1858526030000576; Command Position: 0.22264221797633849; Output Position: 0.2199783894916728; Motor Current: 85.0
[2026-02-17 11:15:50,419] INFO: Time: 2.186912391000078; Command Position: 0.22264221797633849; Output Position: 0.21998763033979263; Motor Current: 85.0
[2026-02-17 11:15:50,420] INFO: Time: 2.1879696420000982; Command Position: 0.22264221797633849; Output Position: 0.2199968711879124; Motor Current: 86.0
[2026-02-17 11:15:50,421] INFO: Time: 2.1890288000001874; Command Position: 0.22264221797633849; Output Position: 0.21998763033979263; Motor Current: 84.0
[2026-02-17 11:15:50,422] INFO: Time: 2.190087940000012; Command Position: 0.22264221797633849; Output Position: 0.21996914864355302; Motor Current: 83.0
[2026-02-17 11:15:50,423] INFO: Time: 2.1911484690001544; Command Position: 0.22264221797633849; Output Position: 0.21998763033979263; Motor Current: 82.0
[2026-02-17 11:15:50,424] INFO: Time: 2.1922087020000163; Command Position: 0.22264221797633849; Output Position: 0.21998763033979263; Motor Current: 82.0
[2026-02-17 11:15:50,425] INFO: Time: 2.1932676560002164; Command Position: 0.22264221797633849; Output Position: 0.21998763033979263; Motor Current: 83.0
[2026-02-17 11:15:50,426] INFO: Time: 2.1943268890001946; Command Position: 0.22264221797633849; Output Position: 0.21996914864355302; Motor Current: 83.0
[2026-02-17 11:15:50,427] INFO: Time: 2.1953857510000034; Command Position: 0.22264221797633849; Output Position: 0.2199783894916728; Motor Current: 83.0
[2026-02-17 11:15:50,428] INFO: Time: 2.196444650000103; Command Position: 0.22264221797633849; Output Position: 0.2199783894916728; Motor Current: 86.0
[2026-02-17 11:15:50,429] INFO: Time: 2.197505142000182; Command Position: 0.22264221797633849; Output Position: 0.2199783894916728; Motor Current: 87.0
[2026-02-17 11:15:50,430] INFO: Time: 2.198564800000213; Command Position: 0.22264221797633849; Output Position: 0.21998763033979263; Motor Current: 88.0
[2026-02-17 11:15:50,431] INFO: Time: 2.1996236990000853; Command Position: 0.22264221797633849; Output Position: 0.21998763033979263; Motor Current: 87.0
[2026-02-17 11:15:50,432] INFO: Time: 2.2006828210001004; Command Position: 0.22264221797633849; Output Position: 0.21996914864355302; Motor Current: 88.0
[2026-02-17 11:15:50,434] INFO: Time: 2.201741998000216; Command Position: 0.22264221797633849; Output Position: 0.2199783894916728; Motor Current: 91.0
[2026-02-17 11:15:50,435] INFO: Time: 2.2028037300001415; Command Position: 0.22264221797633849; Output Position: 0.2199783894916728; Motor Current: 93.0
[2026-02-17 11:15:50,436] INFO: Time: 2.2038645740001357; Command Position: 0.22264221797633849; Output Position: 0.2199783894916728; Motor Current: 94.0
[2026-02-17 11:15:50,437] INFO: Time: 2.2049239910002143; Command Position: 0.22264221797633849; Output Position: 0.2199783894916728; Motor Current: 93.0
[2026-02-17 11:15:50,438] INFO: Time: 2.2059838350000973; Command Position: 0.22264221797633849; Output Position: 0.2199968711879124; Motor Current: 92.0
[2026-02-17 11:15:50,439] INFO: Time: 2.20704271600016; Command Position: 0.22264221797633849; Output Position: 0.2199783894916728; Motor Current: 90.0
[2026-02-17 11:15:50,440] INFO: Time: 2.2081017260002227; Command Position: 0.22264221797633849; Output Position: 0.2199783894916728; Motor Current: 90.0
[2026-02-17 11:15:50,441] INFO: Time: 2.2091866250000294; Command Position: 0.22264221797633849; Output Position: 0.21998763033979263; Motor Current: 90.0
[2026-02-17 11:15:50,442] INFO: Time: 2.210247913000103; Command Position: 0.22264221797633849; Output Position: 0.21998763033979263; Motor Current: 88.0
[2026-02-17 11:15:50,443] INFO: Time: 2.211308590000044; Command Position: 0.22264221797633849; Output Position: 0.2199783894916728; Motor Current: 88.0
[2026-02-17 11:15:50,444] INFO: Time: 2.2123688410001705; Command Position: 0.22264221797633849; Output Position: 0.2199783894916728; Motor Current: 87.0
[2026-02-17 11:15:50,445] INFO: Time: 2.2134283520001645; Command Position: 0.22264221797633849; Output Position: 0.2199783894916728; Motor Current: 86.0
[2026-02-17 11:15:50,446] INFO: Time: 2.2144875470000898; Command Position: 0.22264221797633849; Output Position: 0.2199968711879124; Motor Current: 87.0
[2026-02-17 11:15:50,447] INFO: Time: 2.215549020000026; Command Position: 0.22264221797633849; Output Position: 0.21998763033979263; Motor Current: 88.0
[2026-02-17 11:15:50,448] INFO: Time: 2.2166107900000043; Command Position: 0.22264221797633849; Output Position: 0.2199783894916728; Motor Current: 89.0
[2026-02-17 11:15:50,449] INFO: Time: 2.2176686330001303; Command Position: 0.22264221797633849; Output Position: 0.2199783894916728; Motor Current: 87.0
[2026-02-17 11:15:50,450] INFO: Time: 2.218728773000066; Command Position: 0.22264221797633849; Output Position: 0.21998763033979263; Motor Current: 86.0
[2026-02-17 11:15:50,452] INFO: Time: 2.2197885060002136; Command Position: 0.22264221797633849; Output Position: 0.21998763033979263; Motor Current: 87.0
[2026-02-17 11:15:50,453] INFO: Time: 2.220850923000171; Command Position: 0.22264221797633849; Output Position: 0.21996914864355302; Motor Current: 86.0
[2026-02-17 11:15:50,454] INFO: Time: 2.221912767000049; Command Position: 0.22264221797633849; Output Position: 0.21998763033979263; Motor Current: 86.0
[2026-02-17 11:15:50,455] INFO: Time: 2.2229752590001226; Command Position: 0.22264221797633849; Output Position: 0.2199783894916728; Motor Current: 84.0
[2026-02-17 11:15:50,456] INFO: Time: 2.224034954000217; Command Position: 0.22264221797633849; Output Position: 0.21996914864355302; Motor Current: 84.0
[2026-02-17 11:15:50,457] INFO: Time: 2.2250954460000685; Command Position: 0.22264221797633849; Output Position: 0.21996914864355302; Motor Current: 84.0
[2026-02-17 11:15:50,458] INFO: Time: 2.2261544750001576; Command Position: 0.22264221797633849; Output Position: 0.21996914864355302; Motor Current: 85.0
[2026-02-17 11:15:50,459] INFO: Time: 2.227213448000157; Command Position: 0.22264221797633849; Output Position: 0.2199783894916728; Motor Current: 86.0
[2026-02-17 11:15:50,460] INFO: Time: 2.2282754580000983; Command Position: 0.22264221797633849; Output Position: 0.2199783894916728; Motor Current: 85.0
[2026-02-17 11:15:50,461] INFO: Time: 2.229336172000103; Command Position: 0.22264221797633849; Output Position: 0.21998763033979263; Motor Current: 83.0
[2026-02-17 11:15:50,462] INFO: Time: 2.2303935710001497; Command Position: 0.22264221797633849; Output Position: 0.21998763033979263; Motor Current: 83.0
[2026-02-17 11:15:50,463] INFO: Time: 2.2314532670000062; Command Position: 0.22264221797633849; Output Position: 0.21998763033979263; Motor Current: 84.0
[2026-02-17 11:15:50,464] INFO: Time: 2.2325121850001324; Command Position: 0.22264221797633849; Output Position: 0.21998763033979263; Motor Current: 84.0
[2026-02-17 11:15:50,465] INFO: Time: 2.2335709730000417; Command Position: 0.22264221797633849; Output Position: 0.2199783894916728; Motor Current: 84.0
[2026-02-17 11:15:50,466] INFO: Time: 2.2346315010001945; Command Position: 0.22264221797633849; Output Position: 0.2199783894916728; Motor Current: 85.0
[2026-02-17 11:15:50,467] INFO: Time: 2.2356924560001517; Command Position: 0.22264221797633849; Output Position: 0.2199783894916728; Motor Current: 84.0
[2026-02-17 11:15:50,469] INFO: Time: 2.2367505960000926; Command Position: 0.22264221797633849; Output Position: 0.21998763033979263; Motor Current: 84.0
[2026-02-17 11:15:50,470] INFO: Time: 2.2378097170001183; Command Position: 0.22264221797633849; Output Position: 0.2199783894916728; Motor Current: 84.0
[2026-02-17 11:15:50,471] INFO: Time: 2.2388686720000806; Command Position: 0.22264221797633849; Output Position: 0.2199783894916728; Motor Current: 85.0
[2026-02-17 11:15:50,472] INFO: Time: 2.2399253300000055; Command Position: 0.22264221797633849; Output Position: 0.21998763033979263; Motor Current: 87.0
[2026-02-17 11:15:50,473] INFO: Time: 2.240988378000111; Command Position: 0.22264221797633849; Output Position: 0.2199783894916728; Motor Current: 87.0
[2026-02-17 11:15:50,474] INFO: Time: 2.2420487400002003; Command Position: 0.22264221797633849; Output Position: 0.21998763033979263; Motor Current: 86.0
[2026-02-17 11:15:50,475] INFO: Time: 2.2431081390000145; Command Position: 0.22264221797633849; Output Position: 0.2199783894916728; Motor Current: 87.0
[2026-02-17 11:15:50,476] INFO: Time: 2.2441660570000295; Command Position: 0.22264221797633849; Output Position: 0.2199783894916728; Motor Current: 85.0
[2026-02-17 11:15:50,477] INFO: Time: 2.2452249370001027; Command Position: 0.22264221797633849; Output Position: 0.2199783894916728; Motor Current: 87.0
[2026-02-17 11:15:50,478] INFO: Time: 2.246283799000139; Command Position: 0.22264221797633849; Output Position: 0.21996914864355302; Motor Current: 87.0
[2026-02-17 11:15:50,479] INFO: Time: 2.247528126000134; Command Position: 0.22264221797633849; Output Position: 0.2199783894916728; Motor Current: 87.0
[2026-02-17 11:15:50,480] INFO: Time: 2.24859219200016; Command Position: 0.22264221797633849; Output Position: 0.2199783894916728; Motor Current: 87.0
[2026-02-17 11:15:50,481] INFO: Time: 2.2496545360002074; Command Position: 0.22264221797633849; Output Position: 0.2199783894916728; Motor Current: 86.0
[2026-02-17 11:15:50,482] INFO: Time: 2.2507146200000534; Command Position: 0.22264221797633849; Output Position: 0.21998763033979263; Motor Current: 87.0
[2026-02-17 11:15:50,484] INFO: Time: 2.251774704000127; Command Position: 0.22264221797633849; Output Position: 0.21996914864355302; Motor Current: 88.0
[2026-02-17 11:15:50,485] INFO: Time: 2.2528342890000204; Command Position: 0.22264221797633849; Output Position: 0.21998763033979263; Motor Current: 85.0
[2026-02-17 11:15:50,486] INFO: Time: 2.2539000950000627; Command Position: 0.22264221797633849; Output Position: 0.2199783894916728; Motor Current: 84.0
[2026-02-17 11:15:50,487] INFO: Time: 2.2549682910000683; Command Position: 0.22264221797633849; Output Position: 0.21998763033979263; Motor Current: 82.0
[2026-02-17 11:15:50,488] INFO: Time: 2.2560416720000376; Command Position: 0.22264221797633849; Output Position: 0.21998763033979263; Motor Current: 82.0
[2026-02-17 11:15:50,489] INFO: Time: 2.2571009410000897; Command Position: 0.22264221797633849; Output Position: 0.21998763033979263; Motor Current: 81.0
[2026-02-17 11:15:50,490] INFO: Time: 2.258157970000184; Command Position: 0.22264221797633849; Output Position: 0.2199783894916728; Motor Current: 85.0
[2026-02-17 11:15:50,491] INFO: Time: 2.259217443000125; Command Position: 0.22264221797633849; Output Position: 0.2199783894916728; Motor Current: 85.0
[2026-02-17 11:15:50,492] INFO: Time: 2.260279194000077; Command Position: 0.22264221797633849; Output Position: 0.2199783894916728; Motor Current: 86.0
[2026-02-17 11:15:50,493] INFO: Time: 2.26133940800014; Command Position: 0.22264221797633849; Output Position: 0.2199783894916728; Motor Current: 87.0
[2026-02-17 11:15:50,494] INFO: Time: 2.2623986960002185; Command Position: 0.22264221797633849; Output Position: 0.2199968711879124; Motor Current: 87.0
[2026-02-17 11:15:50,495] INFO: Time: 2.2634579660000327; Command Position: 0.22264221797633849; Output Position: 0.2199968711879124; Motor Current: 87.0
[2026-02-17 11:15:50,496] INFO: Time: 2.264517217000048; Command Position: 0.22264221797633849; Output Position: 0.2199968711879124; Motor Current: 86.0
[2026-02-17 11:15:50,497] INFO: Time: 2.2655761710000206; Command Position: 0.22264221797633849; Output Position: 0.21998763033979263; Motor Current: 86.0
[2026-02-17 11:15:50,498] INFO: Time: 2.2666373850001946; Command Position: 0.22264221797633849; Output Position: 0.2199783894916728; Motor Current: 83.0
[2026-02-17 11:15:50,499] INFO: Time: 2.267697173000215; Command Position: 0.22264221797633849; Output Position: 0.21998763033979263; Motor Current: 83.0
[2026-02-17 11:15:50,501] INFO: Time: 2.268755813000098; Command Position: 0.22264221797633849; Output Position: 0.2199783894916728; Motor Current: 83.0
[2026-02-17 11:15:50,502] INFO: Time: 2.2698150090000127; Command Position: 0.22264221797633849; Output Position: 0.21998763033979263; Motor Current: 83.0
[2026-02-17 11:15:50,503] INFO: Time: 2.2708747230001336; Command Position: 0.22264221797633849; Output Position: 0.21998763033979263; Motor Current: 82.0
[2026-02-17 11:15:50,504] INFO: Time: 2.271933029000138; Command Position: 0.22264221797633849; Output Position: 0.2199783894916728; Motor Current: 84.0
[2026-02-17 11:15:50,505] INFO: Time: 2.2729947060001905; Command Position: 0.22264221797633849; Output Position: 0.2199968711879124; Motor Current: 83.0
[2026-02-17 11:15:50,506] INFO: Time: 2.2740547350001634; Command Position: 0.22264221797633849; Output Position: 0.2199968711879124; Motor Current: 84.0
[2026-02-17 11:15:50,507] INFO: Time: 2.275114282000004; Command Position: 0.22264221797633849; Output Position: 0.2199783894916728; Motor Current: 84.0
[2026-02-17 11:15:50,508] INFO: Time: 2.2761734410000827; Command Position: 0.22264221797633849; Output Position: 0.2199783894916728; Motor Current: 83.0
[2026-02-17 11:15:50,509] INFO: Time: 2.277232118000029; Command Position: 0.22264221797633849; Output Position: 0.21998763033979263; Motor Current: 83.0
[2026-02-17 11:15:50,510] INFO: Time: 2.278291054000192; Command Position: 0.22264221797633849; Output Position: 0.2199968711879124; Motor Current: 84.0
[2026-02-17 11:15:50,511] INFO: Time: 2.2793514710001546; Command Position: 0.22264221797633849; Output Position: 0.21998763033979263; Motor Current: 82.0
[2026-02-17 11:15:50,512] INFO: Time: 2.2804117040000165; Command Position: 0.22264221797633849; Output Position: 0.21998763033979263; Motor Current: 84.0
[2026-02-17 11:15:50,513] INFO: Time: 2.2814703250001003; Command Position: 0.22264221797633849; Output Position: 0.21998763033979263; Motor Current: 83.0
[2026-02-17 11:15:50,514] INFO: Time: 2.2825296320002053; Command Position: 0.22264221797633849; Output Position: 0.21998763033979263; Motor Current: 84.0
[2026-02-17 11:15:50,515] INFO: Time: 2.283588679000104; Command Position: 0.22264221797633849; Output Position: 0.2199783894916728; Motor Current: 84.0
[2026-02-17 11:15:50,516] INFO: Time: 2.284650708000072; Command Position: 0.22264221797633849; Output Position: 0.21998763033979263; Motor Current: 85.0
[2026-02-17 11:15:50,517] INFO: Time: 2.285710940000172; Command Position: 0.22264221797633849; Output Position: 0.2199783894916728; Motor Current: 84.0
[2026-02-17 11:15:50,519] INFO: Time: 2.286770395000076; Command Position: 0.22264221797633849; Output Position: 0.2199783894916728; Motor Current: 83.0
[2026-02-17 11:15:50,520] INFO: Time: 2.2878294050001386; Command Position: 0.22264221797633849; Output Position: 0.2199783894916728; Motor Current: 84.0
[2026-02-17 11:15:50,521] INFO: Time: 2.288888342000064; Command Position: 0.22264221797633849; Output Position: 0.2199783894916728; Motor Current: 85.0
[2026-02-17 11:15:50,522] INFO: Time: 2.289946704000158; Command Position: 0.22264221797633849; Output Position: 0.2199783894916728; Motor Current: 83.0
[2026-02-17 11:15:50,523] INFO: Time: 2.2910101209999993; Command Position: 0.22264221797633849; Output Position: 0.2199783894916728; Motor Current: 82.0
[2026-02-17 11:15:50,524] INFO: Time: 2.2920727610000995; Command Position: 0.22264221797633849; Output Position: 0.21996914864355302; Motor Current: 83.0
[2026-02-17 11:15:50,525] INFO: Time: 2.2931325680001464; Command Position: 0.22264221797633849; Output Position: 0.2199783894916728; Motor Current: 83.0
[2026-02-17 11:15:50,526] INFO: Time: 2.294189949000156; Command Position: 0.22264221797633849; Output Position: 0.2199783894916728; Motor Current: 85.0
[2026-02-17 11:15:50,527] INFO: Time: 2.2952489400001923; Command Position: 0.22264221797633849; Output Position: 0.2199783894916728; Motor Current: 83.0
[2026-02-17 11:15:50,528] INFO: Time: 2.2963077280001016; Command Position: 0.22264221797633849; Output Position: 0.21998763033979263; Motor Current: 84.0
[2026-02-17 11:15:50,529] INFO: Time: 2.2973684240000694; Command Position: 0.22264221797633849; Output Position: 0.21998763033979263; Motor Current: 84.0
[2026-02-17 11:15:50,530] INFO: Time: 2.2984307120000267; Command Position: 0.22264221797633849; Output Position: 0.21996914864355302; Motor Current: 85.0
[2026-02-17 11:15:50,531] INFO: Time: 2.2994904810000207; Command Position: 0.22264221797633849; Output Position: 0.21998763033979263; Motor Current: 86.0
[2026-02-17 11:15:50,532] INFO: Time: 2.3005498990000888; Command Position: 0.22264221797633849; Output Position: 0.2199783894916728; Motor Current: 86.0
[2026-02-17 11:15:50,533] INFO: Time: 2.301609094000014; Command Position: 0.22264221797633849; Output Position: 0.21996914864355302; Motor Current: 88.0
[2026-02-17 11:15:50,534] INFO: Time: 2.3026706420000664; Command Position: 0.22264221797633849; Output Position: 0.2199968711879124; Motor Current: 88.0
[2026-02-17 11:15:50,536] INFO: Time: 2.303731559000198; Command Position: 0.22264221797633849; Output Position: 0.2199783894916728; Motor Current: 90.0
[2026-02-17 11:15:50,537] INFO: Time: 2.3047911440000917; Command Position: 0.22264221797633849; Output Position: 0.21996914864355302; Motor Current: 92.0
[2026-02-17 11:15:50,538] INFO: Time: 2.3058506910001597; Command Position: 0.22264221797633849; Output Position: 0.21998763033979263; Motor Current: 92.0
[2026-02-17 11:15:50,539] INFO: Time: 2.306910572000106; Command Position: 0.22264221797633849; Output Position: 0.2199783894916728; Motor Current: 92.0
[2026-02-17 11:15:50,540] INFO: Time: 2.3079701750000368; Command Position: 0.22264221797633849; Output Position: 0.2199783894916728; Motor Current: 92.0
[2026-02-17 11:15:50,541] INFO: Time: 2.309040259000085; Command Position: 0.22264221797633849; Output Position: 0.21998763033979263; Motor Current: 91.0
[2026-02-17 11:15:50,542] INFO: Time: 2.310101454000005; Command Position: 0.22264221797633849; Output Position: 0.21998763033979263; Motor Current: 91.0
[2026-02-17 11:15:50,543] INFO: Time: 2.311160557000221; Command Position: 0.22264221797633849; Output Position: 0.2199783894916728; Motor Current: 87.0
[2026-02-17 11:15:50,544] INFO: Time: 2.3122196230001464; Command Position: 0.22264221797633849; Output Position: 0.21998763033979263; Motor Current: 86.0
[2026-02-17 11:15:50,545] INFO: Time: 2.3132800960001987; Command Position: 0.22264221797633849; Output Position: 0.21998763033979263; Motor Current: 85.0
[2026-02-17 11:15:50,546] INFO: Time: 2.31433925500005; Command Position: 0.22264221797633849; Output Position: 0.21998763033979263; Motor Current: 85.0
[2026-02-17 11:15:50,547] INFO: Time: 2.3154011540000283; Command Position: 0.22264221797633849; Output Position: 0.2199783894916728; Motor Current: 85.0
[2026-02-17 11:15:50,548] INFO: Time: 2.316462849000118; Command Position: 0.22264221797633849; Output Position: 0.2199968711879124; Motor Current: 84.0
[2026-02-17 11:15:50,549] INFO: Time: 2.317522378000149; Command Position: 0.22264221797633849; Output Position: 0.2199783894916728; Motor Current: 82.0
[2026-02-17 11:15:50,550] INFO: Time: 2.318582000000106; Command Position: 0.22264221797633849; Output Position: 0.2199783894916728; Motor Current: 83.0
[2026-02-17 11:15:50,551] INFO: Time: 2.3196413430000575; Command Position: 0.22264221797633849; Output Position: 0.21998763033979263; Motor Current: 85.0
[2026-02-17 11:15:50,552] INFO: Time: 2.320702687000221; Command Position: 0.22264221797633849; Output Position: 0.2199783894916728; Motor Current: 86.0
[2026-02-17 11:15:50,554] INFO: Time: 2.3217631970001094; Command Position: 0.22264221797633849; Output Position: 0.2199968711879124; Motor Current: 87.0
[2026-02-17 11:15:50,555] INFO: Time: 2.3228227810000135; Command Position: 0.22264221797633849; Output Position: 0.2199783894916728; Motor Current: 83.0
[2026-02-17 11:15:50,556] INFO: Time: 2.3238806060001025; Command Position: 0.22264221797633849; Output Position: 0.2199783894916728; Motor Current: 82.0
[2026-02-17 11:15:50,557] INFO: Time: 2.3249392280001757; Command Position: 0.22264221797633849; Output Position: 0.21998763033979263; Motor Current: 83.0
[2026-02-17 11:15:50,558] INFO: Time: 2.3259991820000323; Command Position: 0.22264221797633849; Output Position: 0.2199783894916728; Motor Current: 84.0
[2026-02-17 11:15:50,559] INFO: Time: 2.3270600820001164; Command Position: 0.22264221797633849; Output Position: 0.2199783894916728; Motor Current: 87.0
[2026-02-17 11:15:50,560] INFO: Time: 2.3281207220002216; Command Position: 0.22264221797633849; Output Position: 0.2199783894916728; Motor Current: 85.0
[2026-02-17 11:15:50,561] INFO: Time: 2.3291778980001254; Command Position: 0.22264221797633849; Output Position: 0.21996914864355302; Motor Current: 85.0
[2026-02-17 11:15:50,562] INFO: Time: 2.3302373530000295; Command Position: 0.22264221797633849; Output Position: 0.21998763033979263; Motor Current: 85.0
[2026-02-17 11:15:50,563] INFO: Time: 2.331296308000219; Command Position: 0.22264221797633849; Output Position: 0.2199783894916728; Motor Current: 83.0
[2026-02-17 11:15:50,564] INFO: Time: 2.3323550960001285; Command Position: 0.22264221797633849; Output Position: 0.2199783894916728; Motor Current: 85.0
[2026-02-17 11:15:50,565] INFO: Time: 2.3334167540001545; Command Position: 0.22264221797633849; Output Position: 0.21998763033979263; Motor Current: 86.0
[2026-02-17 11:15:50,566] INFO: Time: 2.3344789500001752; Command Position: 0.22264221797633849; Output Position: 0.21998763033979263; Motor Current: 84.0
[2026-02-17 11:15:50,567] INFO: Time: 2.3355388120000953; Command Position: 0.22264221797633849; Output Position: 0.2199783894916728; Motor Current: 83.0
[2026-02-17 11:15:50,568] INFO: Time: 2.3365996180000366; Command Position: 0.22264221797633849; Output Position: 0.2199968711879124; Motor Current: 82.0
[2026-02-17 11:15:50,570] INFO: Time: 2.3376676840000528; Command Position: 0.22264221797633849; Output Position: 0.21998763033979263; Motor Current: 83.0
[2026-02-17 11:15:50,571] INFO: Time: 2.338738250000006; Command Position: 0.22264221797633849; Output Position: 0.21998763033979263; Motor Current: 82.0
[2026-02-17 11:15:50,572] INFO: Time: 2.3399125950002144; Command Position: 0.22264221797633849; Output Position: 0.2199783894916728; Motor Current: 83.0
[2026-02-17 11:15:50,573] INFO: Time: 2.3409776790001615; Command Position: 0.22264221797633849; Output Position: 0.2199968711879124; Motor Current: 84.0
[2026-02-17 11:15:50,574] INFO: Time: 2.3420488010001463; Command Position: 0.22264221797633849; Output Position: 0.2199783894916728; Motor Current: 84.0
[2026-02-17 11:15:50,575] INFO: Time: 2.3431081070000346; Command Position: 0.22264221797633849; Output Position: 0.2199783894916728; Motor Current: 84.0
[2026-02-17 11:15:50,576] INFO: Time: 2.3441687100000763; Command Position: 0.22264221797633849; Output Position: 0.2199783894916728; Motor Current: 85.0
[2026-02-17 11:15:50,577] INFO: Time: 2.3452355540000553; Command Position: 0.22264221797633849; Output Position: 0.21998763033979263; Motor Current: 87.0
[2026-02-17 11:15:50,578] INFO: Time: 2.3462968790001923; Command Position: 0.22264221797633849; Output Position: 0.21998763033979263; Motor Current: 87.0
[2026-02-17 11:15:50,579] INFO: Time: 2.3473554820000118; Command Position: 0.22264221797633849; Output Position: 0.2199783894916728; Motor Current: 87.0
[2026-02-17 11:15:50,580] INFO: Time: 2.3484149550001803; Command Position: 0.22264221797633849; Output Position: 0.2199783894916728; Motor Current: 85.0
[2026-02-17 11:15:50,581] INFO: Time: 2.349473947000206; Command Position: 0.22264221797633849; Output Position: 0.21998763033979263; Motor Current: 87.0
[2026-02-17 11:15:50,582] INFO: Time: 2.3505329940001047; Command Position: 0.22264221797633849; Output Position: 0.2199783894916728; Motor Current: 86.0
[2026-02-17 11:15:50,583] INFO: Time: 2.35159478200012; Command Position: 0.22264221797633849; Output Position: 0.21998763033979263; Motor Current: 86.0
[2026-02-17 11:15:50,584] INFO: Time: 2.3526550520000455; Command Position: 0.22264221797633849; Output Position: 0.21996914864355302; Motor Current: 87.0
[2026-02-17 11:15:50,585] INFO: Time: 2.3537123950000023; Command Position: 0.22264221797633849; Output Position: 0.21998763033979263; Motor Current: 89.0
[2026-02-17 11:15:50,587] INFO: Time: 2.3547718130000703; Command Position: 0.22264221797633849; Output Position: 0.2199783894916728; Motor Current: 89.0
[2026-02-17 11:15:50,588] INFO: Time: 2.355830879000223; Command Position: 0.22264221797633849; Output Position: 0.21998763033979263; Motor Current: 89.0
[2026-02-17 11:15:50,589] INFO: Time: 2.3568951480001488; Command Position: 0.22264221797633849; Output Position: 0.21998763033979263; Motor Current: 89.0
[2026-02-17 11:15:50,590] INFO: Time: 2.358053363000181; Command Position: 0.22264221797633849; Output Position: 0.2199783894916728; Motor Current: 87.0
[2026-02-17 11:15:50,591] INFO: Time: 2.359113892000096; Command Position: 0.22264221797633849; Output Position: 0.2199783894916728; Motor Current: 86.0
[2026-02-17 11:15:50,592] INFO: Time: 2.360182254000165; Command Position: 0.22264221797633849; Output Position: 0.2199783894916728; Motor Current: 84.0
[2026-02-17 11:15:50,593] INFO: Time: 2.3612423570000374; Command Position: 0.22264221797633849; Output Position: 0.21996914864355302; Motor Current: 84.0
[2026-02-17 11:15:50,594] INFO: Time: 2.3623022010001478; Command Position: 0.22264221797633849; Output Position: 0.21998763033979263; Motor Current: 85.0
[2026-02-17 11:15:50,595] INFO: Time: 2.363361581000163; Command Position: 0.22264221797633849; Output Position: 0.21998763033979263; Motor Current: 84.0
[2026-02-17 11:15:50,596] INFO: Time: 2.3644230730001254; Command Position: 0.22264221797633849; Output Position: 0.21998763033979263; Motor Current: 84.0
[2026-02-17 11:15:50,597] INFO: Time: 2.3654834170001777; Command Position: 0.22264221797633849; Output Position: 0.2199968711879124; Motor Current: 82.0
[2026-02-17 11:15:50,598] INFO: Time: 2.366542612000103; Command Position: 0.22264221797633849; Output Position: 0.21998763033979263; Motor Current: 82.0
[2026-02-17 11:15:50,599] INFO: Time: 2.3676022710001234; Command Position: 0.22264221797633849; Output Position: 0.21998763033979263; Motor Current: 85.0
[2026-02-17 11:15:50,600] INFO: Time: 2.368661207000059; Command Position: 0.22264221797633849; Output Position: 0.2199783894916728; Motor Current: 82.0
[2026-02-17 11:15:50,601] INFO: Time: 2.369723310000154; Command Position: 0.22264221797633849; Output Position: 0.2199783894916728; Motor Current: 81.0
[2026-02-17 11:15:50,603] INFO: Time: 2.370785005000016; Command Position: 0.22264221797633849; Output Position: 0.2199783894916728; Motor Current: 82.0
[2026-02-17 11:15:50,604] INFO: Time: 2.371844126000042; Command Position: 0.22264221797633849; Output Position: 0.21998763033979263; Motor Current: 84.0
[2026-02-17 11:15:50,605] INFO: Time: 2.3729031920001944; Command Position: 0.22264221797633849; Output Position: 0.2199783894916728; Motor Current: 84.0
[2026-02-17 11:15:50,606] INFO: Time: 2.3739626650001355; Command Position: 0.22264221797633849; Output Position: 0.2199783894916728; Motor Current: 86.0
[2026-02-17 11:15:50,607] INFO: Time: 2.375036472000147; Command Position: 0.22264221797633849; Output Position: 0.2199783894916728; Motor Current: 84.0
[2026-02-17 11:15:50,608] INFO: Time: 2.3760972050001783; Command Position: 0.22264221797633849; Output Position: 0.2199783894916728; Motor Current: 85.0
[2026-02-17 11:15:50,609] INFO: Time: 2.37715915900003; Command Position: 0.22264221797633849; Output Position: 0.2199783894916728; Motor Current: 85.0
[2026-02-17 11:15:50,610] INFO: Time: 2.3782186330001878; Command Position: 0.22264221797633849; Output Position: 0.2199783894916728; Motor Current: 84.0
[2026-02-17 11:15:50,611] INFO: Time: 2.3792777910000495; Command Position: 0.22264221797633849; Output Position: 0.21998763033979263; Motor Current: 84.0
[2026-02-17 11:15:50,612] INFO: Time: 2.3803368200001387; Command Position: 0.22264221797633849; Output Position: 0.21996914864355302; Motor Current: 85.0
[2026-02-17 11:15:50,613] INFO: Time: 2.3813959230001274; Command Position: 0.22264221797633849; Output Position: 0.2199783894916728; Motor Current: 84.0
[2026-02-17 11:15:50,614] INFO: Time: 2.382457951000106; Command Position: 0.22264221797633849; Output Position: 0.2199783894916728; Motor Current: 83.0
[2026-02-17 11:15:50,615] INFO: Time: 2.3835187580000365; Command Position: 0.22264221797633849; Output Position: 0.2199783894916728; Motor Current: 85.0
[2026-02-17 11:15:50,616] INFO: Time: 2.384577342000057; Command Position: 0.22264221797633849; Output Position: 0.2199968711879124; Motor Current: 85.0
[2026-02-17 11:15:50,617] INFO: Time: 2.385636760000125; Command Position: 0.22264221797633849; Output Position: 0.21996914864355302; Motor Current: 85.0
[2026-02-17 11:15:50,618] INFO: Time: 2.386695993000103; Command Position: 0.22264221797633849; Output Position: 0.21996914864355302; Motor Current: 84.0
[2026-02-17 11:15:50,620] INFO: Time: 2.387757058000034; Command Position: 0.22264221797633849; Output Position: 0.21996914864355302; Motor Current: 85.0
[2026-02-17 11:15:50,621] INFO: Time: 2.3888191430000916; Command Position: 0.22264221797633849; Output Position: 0.2199968711879124; Motor Current: 85.0
[2026-02-17 11:15:50,622] INFO: Time: 2.389878671000133; Command Position: 0.22264221797633849; Output Position: 0.21998763033979263; Motor Current: 85.0
[2026-02-17 11:15:50,623] INFO: Time: 2.3909374220002064; Command Position: 0.22264221797633849; Output Position: 0.2199783894916728; Motor Current: 84.0
[2026-02-17 11:15:50,624] INFO: Time: 2.391996840000047; Command Position: 0.22264221797633849; Output Position: 0.2199783894916728; Motor Current: 82.0
[2026-02-17 11:15:50,625] INFO: Time: 2.3930559800000992; Command Position: 0.22264221797633849; Output Position: 0.21998763033979263; Motor Current: 84.0
[2026-02-17 11:15:50,626] INFO: Time: 2.3941175270001622; Command Position: 0.22264221797633849; Output Position: 0.21998763033979263; Motor Current: 85.0
[2026-02-17 11:15:50,627] INFO: Time: 2.3951781860000665; Command Position: 0.22264221797633849; Output Position: 0.2199783894916728; Motor Current: 85.0
[2026-02-17 11:15:50,628] INFO: Time: 2.396237381000219; Command Position: 0.22264221797633849; Output Position: 0.21998763033979263; Motor Current: 87.0
[2026-02-17 11:15:50,629] INFO: Time: 2.3972963540002183; Command Position: 0.22264221797633849; Output Position: 0.21996914864355302; Motor Current: 87.0
[2026-02-17 11:15:50,630] INFO: Time: 2.3983552910001436; Command Position: 0.22264221797633849; Output Position: 0.2199783894916728; Motor Current: 87.0
[2026-02-17 11:15:50,631] INFO: Time: 2.3994141160001163; Command Position: 0.22264221797633849; Output Position: 0.21998763033979263; Motor Current: 87.0
[2026-02-17 11:15:50,632] INFO: Time: 2.40047636700001; Command Position: 0.22264221797633849; Output Position: 0.21996914864355302; Motor Current: 89.0
[2026-02-17 11:15:50,633] INFO: Time: 2.401538081000126; Command Position: 0.22264221797633849; Output Position: 0.2199783894916728; Motor Current: 88.0
[2026-02-17 11:15:50,634] INFO: Time: 2.402598054000009; Command Position: 0.22264221797633849; Output Position: 0.21998763033979263; Motor Current: 89.0
[2026-02-17 11:15:50,635] INFO: Time: 2.4036576380001407; Command Position: 0.22264221797633849; Output Position: 0.21998763033979263; Motor Current: 90.0
[2026-02-17 11:15:50,636] INFO: Time: 2.404717426000161; Command Position: 0.22264221797633849; Output Position: 0.21998763033979263; Motor Current: 89.0
[2026-02-17 11:15:50,638] INFO: Time: 2.4057786960001977; Command Position: 0.22264221797633849; Output Position: 0.2199783894916728; Motor Current: 88.0
[2026-02-17 11:15:50,639] INFO: Time: 2.4068406510000386; Command Position: 0.22264221797633849; Output Position: 0.21998763033979263; Motor Current: 86.0
[2026-02-17 11:15:50,640] INFO: Time: 2.407898679000027; Command Position: 0.22264221797633849; Output Position: 0.2199783894916728; Motor Current: 87.0
[2026-02-17 11:15:50,641] INFO: Time: 2.408958078000069; Command Position: 0.22264221797633849; Output Position: 0.2199783894916728; Motor Current: 86.0
[2026-02-17 11:15:50,642] INFO: Time: 2.4100338670000383; Command Position: 0.22264221797633849; Output Position: 0.21998763033979263; Motor Current: 84.0
[2026-02-17 11:15:50,643] INFO: Time: 2.4110934320001434; Command Position: 0.22264221797633849; Output Position: 0.2199783894916728; Motor Current: 84.0
[2026-02-17 11:15:50,644] INFO: Time: 2.412155146000032; Command Position: 0.22264221797633849; Output Position: 0.21998763033979263; Motor Current: 87.0
[2026-02-17 11:15:50,645] INFO: Time: 2.4132167120001213; Command Position: 0.22264221797633849; Output Position: 0.2199968711879124; Motor Current: 85.0
[2026-02-17 11:15:50,646] INFO: Time: 2.4142755000000307; Command Position: 0.22264221797633849; Output Position: 0.21998763033979263; Motor Current: 84.0
[2026-02-17 11:15:50,647] INFO: Time: 2.415335159000051; Command Position: 0.22264221797633849; Output Position: 0.2199968711879124; Motor Current: 84.0
[2026-02-17 11:15:50,648] INFO: Time: 2.41639426200004; Command Position: 0.22264221797633849; Output Position: 0.21995990779543326; Motor Current: 83.0
[2026-02-17 11:15:50,649] INFO: Time: 2.4174531790001765; Command Position: 0.22264221797633849; Output Position: 0.2199968711879124; Motor Current: 84.0
[2026-02-17 11:15:50,650] INFO: Time: 2.4185146900001655; Command Position: 0.22264221797633849; Output Position: 0.21998763033979263; Motor Current: 85.0
[2026-02-17 11:15:50,651] INFO: Time: 2.4195756630001597; Command Position: 0.22264221797633849; Output Position: 0.2199783894916728; Motor Current: 86.0
[2026-02-17 11:15:50,652] INFO: Time: 2.4206340990001536; Command Position: 0.22264221797633849; Output Position: 0.2199783894916728; Motor Current: 84.0
[2026-02-17 11:15:50,653] INFO: Time: 2.4216933130001053; Command Position: 0.22264221797633849; Output Position: 0.21998763033979263; Motor Current: 86.0
[2026-02-17 11:15:50,655] INFO: Time: 2.4227521190000516; Command Position: 0.22264221797633849; Output Position: 0.21998763033979263; Motor Current: 87.0
[2026-02-17 11:15:50,656] INFO: Time: 2.423814278000009; Command Position: 0.22264221797633849; Output Position: 0.2199783894916728; Motor Current: 86.0
[2026-02-17 11:15:50,657] INFO: Time: 2.4248753620001935; Command Position: 0.22264221797633849; Output Position: 0.21998763033979263; Motor Current: 87.0
[2026-02-17 11:15:50,658] INFO: Time: 2.425935447000029; Command Position: 0.22264221797633849; Output Position: 0.2199783894916728; Motor Current: 84.0
[2026-02-17 11:15:50,659] INFO: Time: 2.426995068000224; Command Position: 0.22264221797633849; Output Position: 0.2199783894916728; Motor Current: 85.0
[2026-02-17 11:15:50,660] INFO: Time: 2.4280540040001597; Command Position: 0.22264221797633849; Output Position: 0.21998763033979263; Motor Current: 85.0
[2026-02-17 11:15:50,661] INFO: Time: 2.4291129960001854; Command Position: 0.22264221797633849; Output Position: 0.2199783894916728; Motor Current: 82.0
[2026-02-17 11:15:50,662] INFO: Time: 2.430179321000196; Command Position: 0.22264221797633849; Output Position: 0.21998763033979263; Motor Current: 81.0
[2026-02-17 11:15:50,663] INFO: Time: 2.4312407390000317; Command Position: 0.22264221797633849; Output Position: 0.21996914864355302; Motor Current: 82.0
[2026-02-17 11:15:50,664] INFO: Time: 2.4322994710000785; Command Position: 0.22264221797633849; Output Position: 0.21998763033979263; Motor Current: 82.0
[2026-02-17 11:15:50,665] INFO: Time: 2.433358852000083; Command Position: 0.22264221797633849; Output Position: 0.21998763033979263; Motor Current: 82.0
[2026-02-17 11:15:50,666] INFO: Time: 2.4344181400001617; Command Position: 0.22264221797633849; Output Position: 0.22000611203603218; Motor Current: 82.0
[2026-02-17 11:15:50,667] INFO: Time: 2.435477335000087; Command Position: 0.22264221797633849; Output Position: 0.21996914864355302; Motor Current: 81.0
[2026-02-17 11:15:50,668] INFO: Time: 2.436539586000208; Command Position: 0.22264221797633849; Output Position: 0.2199968711879124; Motor Current: 83.0
[2026-02-17 11:15:50,669] INFO: Time: 2.437600226000086; Command Position: 0.22264221797633849; Output Position: 0.21996914864355302; Motor Current: 84.0
[2026-02-17 11:15:50,670] INFO: Time: 2.4386572920000162; Command Position: 0.22264221797633849; Output Position: 0.21998763033979263; Motor Current: 84.0
[2026-02-17 11:15:50,671] INFO: Time: 2.439715673000137; Command Position: 0.22264221797633849; Output Position: 0.2199783894916728; Motor Current: 82.0
[2026-02-17 11:15:50,673] INFO: Time: 2.4407751830001416; Command Position: 0.22264221797633849; Output Position: 0.21998763033979263; Motor Current: 84.0
[2026-02-17 11:15:50,674] INFO: Time: 2.441834378000067; Command Position: 0.22264221797633849; Output Position: 0.21998763033979263; Motor Current: 83.0
[2026-02-17 11:15:50,675] INFO: Time: 2.442896629000188; Command Position: 0.22264221797633849; Output Position: 0.21998763033979263; Motor Current: 83.0
[2026-02-17 11:15:50,676] INFO: Time: 2.443957658000045; Command Position: 0.22264221797633849; Output Position: 0.2199968711879124; Motor Current: 84.0
[2026-02-17 11:15:50,677] INFO: Time: 2.445035928000152; Command Position: 0.22264221797633849; Output Position: 0.2199783894916728; Motor Current: 87.0
[2026-02-17 11:15:50,678] INFO: Time: 2.446095901000035; Command Position: 0.22264221797633849; Output Position: 0.21998763033979263; Motor Current: 85.0
[2026-02-17 11:15:50,679] INFO: Time: 2.4471617450001304; Command Position: 0.22264221797633849; Output Position: 0.2199783894916728; Motor Current: 85.0
[2026-02-17 11:15:50,680] INFO: Time: 2.44822458800013; Command Position: 0.22264221797633849; Output Position: 0.21998763033979263; Motor Current: 85.0
[2026-02-17 11:15:50,681] INFO: Time: 2.449286099000119; Command Position: 0.22264221797633849; Output Position: 0.2199783894916728; Motor Current: 88.0
[2026-02-17 11:15:50,682] INFO: Time: 2.4503471830000763; Command Position: 0.22264221797633849; Output Position: 0.2199783894916728; Motor Current: 87.0
[2026-02-17 11:15:50,683] INFO: Time: 2.4514042670000435; Command Position: 0.22264221797633849; Output Position: 0.2199968711879124; Motor Current: 87.0
[2026-02-17 11:15:50,684] INFO: Time: 2.4524635740001486; Command Position: 0.22264221797633849; Output Position: 0.2199783894916728; Motor Current: 87.0
[2026-02-17 11:15:50,685] INFO: Time: 2.453523177000079; Command Position: 0.22264221797633849; Output Position: 0.21998763033979263; Motor Current: 86.0
[2026-02-17 11:15:50,686] INFO: Time: 2.454582187000142; Command Position: 0.22264221797633849; Output Position: 0.21996914864355302; Motor Current: 84.0
[2026-02-17 11:15:50,687] INFO: Time: 2.4556429010001466; Command Position: 0.22264221797633849; Output Position: 0.21998763033979263; Motor Current: 86.0
[2026-02-17 11:15:50,689] INFO: Time: 2.456711615000131; Command Position: 0.22264221797633849; Output Position: 0.21998763033979263; Motor Current: 87.0
[2026-02-17 11:15:50,690] INFO: Time: 2.457774218000168; Command Position: 0.22264221797633849; Output Position: 0.21996914864355302; Motor Current: 87.0
[2026-02-17 11:15:50,691] INFO: Time: 2.4588339320000614; Command Position: 0.22264221797633849; Output Position: 0.2199783894916728; Motor Current: 89.0
[2026-02-17 11:15:50,692] INFO: Time: 2.459893738000119; Command Position: 0.22264221797633849; Output Position: 0.2199783894916728; Motor Current: 90.0
[2026-02-17 11:15:50,693] INFO: Time: 2.4609532860001764; Command Position: 0.22264221797633849; Output Position: 0.21998763033979263; Motor Current: 89.0
[2026-02-17 11:15:50,694] INFO: Time: 2.4620155550001073; Command Position: 0.22264221797633849; Output Position: 0.21998763033979263; Motor Current: 89.0
[2026-02-17 11:15:50,695] INFO: Time: 2.4630757880001966; Command Position: 0.22264221797633849; Output Position: 0.21996914864355302; Motor Current: 89.0
[2026-02-17 11:15:50,696] INFO: Time: 2.4641351310001482; Command Position: 0.22264221797633849; Output Position: 0.21998763033979263; Motor Current: 88.0
[2026-02-17 11:15:50,697] INFO: Time: 2.4651943640001264; Command Position: 0.22264221797633849; Output Position: 0.2199783894916728; Motor Current: 89.0
[2026-02-17 11:15:50,698] INFO: Time: 2.466253578000078; Command Position: 0.22264221797633849; Output Position: 0.2199783894916728; Motor Current: 86.0
[2026-02-17 11:15:50,699] INFO: Time: 2.4673123470001883; Command Position: 0.22264221797633849; Output Position: 0.21998763033979263; Motor Current: 85.0
[2026-02-17 11:15:50,700] INFO: Time: 2.4683728390000397; Command Position: 0.22264221797633849; Output Position: 0.21998763033979263; Motor Current: 84.0
[2026-02-17 11:15:50,702] INFO: Time: 2.469589036000116; Command Position: 0.22264221797633849; Output Position: 0.2199783894916728; Motor Current: 84.0
[2026-02-17 11:15:50,703] INFO: Time: 2.470676861000129; Command Position: 0.22264221797633849; Output Position: 0.2199783894916728; Motor Current: 82.0
[2026-02-17 11:15:50,705] INFO: Time: 2.4729581430001417; Command Position: 0.22264221797633849; Output Position: 0.2199968711879124; Motor Current: 79.0
[2026-02-17 11:15:50,706] INFO: Time: 2.4741938770000615; Command Position: 0.22264221797633849; Output Position: 0.2199968711879124; Motor Current: 80.0
[2026-02-17 11:15:50,708] INFO: Time: 2.4756332060001114; Command Position: 0.22264221797633849; Output Position: 0.2199783894916728; Motor Current: 81.0
[2026-02-17 11:15:50,709] INFO: Time: 2.4772537770002145; Command Position: 0.22264221797633849; Output Position: 0.21996914864355302; Motor Current: 81.0
[2026-02-17 11:15:50,710] INFO: Time: 2.478315435000013; Command Position: 0.22264221797633849; Output Position: 0.21998763033979263; Motor Current: 82.0
[2026-02-17 11:15:50,711] INFO: Time: 2.4793790570001875; Command Position: 0.22264221797633849; Output Position: 0.2199783894916728; Motor Current: 83.0
[2026-02-17 11:15:50,712] INFO: Time: 2.480446678000135; Command Position: 0.22264221797633849; Output Position: 0.21998763033979263; Motor Current: 83.0
[2026-02-17 11:15:50,713] INFO: Time: 2.4815145960001246; Command Position: 0.22264221797633849; Output Position: 0.2199968711879124; Motor Current: 84.0
[2026-02-17 11:15:50,715] INFO: Time: 2.4830779630001416; Command Position: 0.22264221797633849; Output Position: 0.21998763033979263; Motor Current: 86.0
[2026-02-17 11:15:50,716] INFO: Time: 2.4841466580000997; Command Position: 0.22264221797633849; Output Position: 0.2199783894916728; Motor Current: 87.0
[2026-02-17 11:15:50,717] INFO: Time: 2.4853508920000422; Command Position: 0.22264221797633849; Output Position: 0.2199783894916728; Motor Current: 84.0
[2026-02-17 11:15:50,718] INFO: Time: 2.4864309400002185; Command Position: 0.22264221797633849; Output Position: 0.2199783894916728; Motor Current: 84.0
[2026-02-17 11:15:50,719] INFO: Time: 2.4875450620002084; Command Position: 0.22264221797633849; Output Position: 0.21998763033979263; Motor Current: 84.0
[2026-02-17 11:15:50,720] INFO: Time: 2.4886120170001504; Command Position: 0.22264221797633849; Output Position: 0.2199783894916728; Motor Current: 83.0
[2026-02-17 11:15:50,722] INFO: Time: 2.489675453000018; Command Position: 0.22264221797633849; Output Position: 0.21998763033979263; Motor Current: 83.0
[2026-02-17 11:15:50,723] INFO: Time: 2.4907382960000177; Command Position: 0.22264221797633849; Output Position: 0.2199783894916728; Motor Current: 82.0
[2026-02-17 11:15:50,724] INFO: Time: 2.491829214000063; Command Position: 0.22264221797633849; Output Position: 0.2199783894916728; Motor Current: 83.0
[2026-02-17 11:15:50,725] INFO: Time: 2.4929033730002175; Command Position: 0.22264221797633849; Output Position: 0.21996914864355302; Motor Current: 81.0
[2026-02-17 11:15:50,726] INFO: Time: 2.493970809000075; Command Position: 0.22264221797633849; Output Position: 0.21998763033979263; Motor Current: 83.0
[2026-02-17 11:15:50,727] INFO: Time: 2.495059875000152; Command Position: 0.22264221797633849; Output Position: 0.21998763033979263; Motor Current: 83.0
[2026-02-17 11:15:50,728] INFO: Time: 2.4961216450001302; Command Position: 0.22264221797633849; Output Position: 0.21998763033979263; Motor Current: 84.0
[2026-02-17 11:15:50,729] INFO: Time: 2.4971961370001736; Command Position: 0.22264221797633849; Output Position: 0.21998763033979263; Motor Current: 84.0
[2026-02-17 11:15:50,730] INFO: Time: 2.4982597030000306; Command Position: 0.22264221797633849; Output Position: 0.21998763033979263; Motor Current: 81.0
[2026-02-17 11:15:50,731] INFO: Time: 2.499321120000104; Command Position: 0.22264221797633849; Output Position: 0.2199783894916728; Motor Current: 82.0
[2026-02-17 11:15:50,732] INFO: Time: 2.500378945000193; Command Position: 0.22264221797633849; Output Position: 0.2199783894916728; Motor Current: 82.0
[2026-02-17 11:15:50,733] INFO: Time: 2.501438048000182; Command Position: 0.22264221797633849; Output Position: 0.2199783894916728; Motor Current: 82.0
[2026-02-17 11:15:50,734] INFO: Time: 2.5024971510001706; Command Position: 0.22264221797633849; Output Position: 0.21998763033979263; Motor Current: 83.0
[2026-02-17 11:15:50,735] INFO: Time: 2.5035560690000693; Command Position: 0.22264221797633849; Output Position: 0.2199783894916728; Motor Current: 84.0
[2026-02-17 11:15:50,736] INFO: Time: 2.5046200790000057; Command Position: 0.22264221797633849; Output Position: 0.2199783894916728; Motor Current: 84.0
[2026-02-17 11:15:50,737] INFO: Time: 2.5056821820001005; Command Position: 0.22264221797633849; Output Position: 0.2199783894916728; Motor Current: 86.0
[2026-02-17 11:15:50,739] INFO: Time: 2.5067399330000626; Command Position: 0.22264221797633849; Output Position: 0.2199783894916728; Motor Current: 85.0
[2026-02-17 11:15:50,740] INFO: Time: 2.5078222950000963; Command Position: 0.22264221797633849; Output Position: 0.2199783894916728; Motor Current: 85.0
[2026-02-17 11:15:50,741] INFO: Time: 2.508881676000101; Command Position: 0.22264221797633849; Output Position: 0.2199783894916728; Motor Current: 87.0
[2026-02-17 11:15:50,742] INFO: Time: 2.509940112000095; Command Position: 0.22264221797633849; Output Position: 0.2199783894916728; Motor Current: 87.0
[2026-02-17 11:15:50,743] INFO: Time: 2.511001252000142; Command Position: 0.22264221797633849; Output Position: 0.2199783894916728; Motor Current: 84.0
[2026-02-17 11:15:50,744] INFO: Time: 2.512074818000201; Command Position: 0.22264221797633849; Output Position: 0.21998763033979263; Motor Current: 84.0
[2026-02-17 11:15:50,745] INFO: Time: 2.5131475690000116; Command Position: 0.22264221797633849; Output Position: 0.21998763033979263; Motor Current: 84.0
[2026-02-17 11:15:50,746] INFO: Time: 2.5142070980000426; Command Position: 0.22264221797633849; Output Position: 0.21998763033979263; Motor Current: 81.0
[2026-02-17 11:15:50,747] INFO: Time: 2.5152665890000208; Command Position: 0.22264221797633849; Output Position: 0.2199783894916728; Motor Current: 80.0
[2026-02-17 11:15:50,748] INFO: Time: 2.516325896000126; Command Position: 0.22264221797633849; Output Position: 0.21998763033979263; Motor Current: 82.0
[2026-02-17 11:15:50,749] INFO: Time: 2.5173876470000778; Command Position: 0.22264221797633849; Output Position: 0.2199783894916728; Motor Current: 82.0
[2026-02-17 11:15:50,750] INFO: Time: 2.518448712999998; Command Position: 0.22264221797633849; Output Position: 0.21996914864355302; Motor Current: 81.0
[2026-02-17 11:15:50,751] INFO: Time: 2.5195074270000077; Command Position: 0.22264221797633849; Output Position: 0.21998763033979263; Motor Current: 82.0
[2026-02-17 11:15:50,752] INFO: Time: 2.5205668440000863; Command Position: 0.22264221797633849; Output Position: 0.2199783894916728; Motor Current: 83.0
[2026-02-17 11:15:50,753] INFO: Time: 2.521626207000054; Command Position: 0.22264221797633849; Output Position: 0.21998763033979263; Motor Current: 86.0
[2026-02-17 11:15:50,754] INFO: Time: 2.522688347000212; Command Position: 0.22264221797633849; Output Position: 0.2199783894916728; Motor Current: 84.0
[2026-02-17 11:15:50,756] INFO: Time: 2.5237550790000114; Command Position: 0.22264221797633849; Output Position: 0.2199783894916728; Motor Current: 85.0
[2026-02-17 11:15:50,757] INFO: Time: 2.5248150150000583; Command Position: 0.22264221797633849; Output Position: 0.21998763033979263; Motor Current: 82.0
[2026-02-17 11:15:50,758] INFO: Time: 2.52587410000001; Command Position: 0.22264221797633849; Output Position: 0.2199783894916728; Motor Current: 83.0
[2026-02-17 11:15:50,759] INFO: Time: 2.526934165000057; Command Position: 0.22264221797633849; Output Position: 0.21998763033979263; Motor Current: 83.0
[2026-02-17 11:15:50,760] INFO: Time: 2.52799576800021; Command Position: 0.22264221797633849; Output Position: 0.21996914864355302; Motor Current: 83.0
[2026-02-17 11:15:50,761] INFO: Time: 2.529060538000067; Command Position: 0.22264221797633849; Output Position: 0.2199968711879124; Motor Current: 85.0
[2026-02-17 11:15:50,762] INFO: Time: 2.5301220480000666; Command Position: 0.22264221797633849; Output Position: 0.2199783894916728; Motor Current: 83.0
[2026-02-17 11:15:50,763] INFO: Time: 2.5311809660001927; Command Position: 0.22264221797633849; Output Position: 0.21996914864355302; Motor Current: 83.0
[2026-02-17 11:15:50,764] INFO: Time: 2.5322404760001973; Command Position: 0.22264221797633849; Output Position: 0.21998763033979263; Motor Current: 84.0
[2026-02-17 11:15:50,765] INFO: Time: 2.533302912000181; Command Position: 0.22264221797633849; Output Position: 0.21996914864355302; Motor Current: 85.0
[2026-02-17 11:15:50,766] INFO: Time: 2.5343624970000747; Command Position: 0.22264221797633849; Output Position: 0.21998763033979263; Motor Current: 86.0
[2026-02-17 11:15:50,767] INFO: Time: 2.53563976800001; Command Position: 0.22264221797633849; Output Position: 0.21998763033979263; Motor Current: 86.0
[2026-02-17 11:15:50,769] INFO: Time: 2.536703704000047; Command Position: 0.22264221797633849; Output Position: 0.2199783894916728; Motor Current: 87.0
[2026-02-17 11:15:50,770] INFO: Time: 2.5377650670000094; Command Position: 0.22264221797633849; Output Position: 0.2199783894916728; Motor Current: 86.0
[2026-02-17 11:15:50,771] INFO: Time: 2.5388252250002097; Command Position: 0.22264221797633849; Output Position: 0.2199783894916728; Motor Current: 85.0
[2026-02-17 11:15:50,772] INFO: Time: 2.539885328000082; Command Position: 0.22264221797633849; Output Position: 0.21998763033979263; Motor Current: 86.0
[2026-02-17 11:15:50,773] INFO: Time: 2.540944764000187; Command Position: 0.22264221797633849; Output Position: 0.2199783894916728; Motor Current: 84.0
[2026-02-17 11:15:50,775] INFO: Time: 2.543460992000064; Command Position: 0.22264221797633849; Output Position: 0.21998763033979263; Motor Current: 81.0
[2026-02-17 11:15:50,777] INFO: Time: 2.545161212000039; Command Position: 0.22264221797633849; Output Position: 0.2199783894916728; Motor Current: 83.0
[2026-02-17 11:15:50,778] INFO: Time: 2.5462285560001874; Command Position: 0.22264221797633849; Output Position: 0.2199783894916728; Motor Current: 82.0
[2026-02-17 11:15:50,779] INFO: Time: 2.5474010120001367; Command Position: 0.22264221797633849; Output Position: 0.2199968711879124; Motor Current: 83.0
[2026-02-17 11:15:50,781] INFO: Time: 2.549554292000039; Command Position: 0.22264221797633849; Output Position: 0.21998763033979263; Motor Current: 87.0
[2026-02-17 11:15:50,782] INFO: Time: 2.5506198580001183; Command Position: 0.22264221797633849; Output Position: 0.2199783894916728; Motor Current: 86.0
[2026-02-17 11:15:50,784] INFO: Time: 2.551685090000092; Command Position: 0.22264221797633849; Output Position: 0.2199783894916728; Motor Current: 87.0
[2026-02-17 11:15:50,785] INFO: Time: 2.5527464890001283; Command Position: 0.22264221797633849; Output Position: 0.2199783894916728; Motor Current: 89.0
[2026-02-17 11:15:50,786] INFO: Time: 2.553806981000207; Command Position: 0.22264221797633849; Output Position: 0.2199783894916728; Motor Current: 89.0
[2026-02-17 11:15:50,787] INFO: Time: 2.554867214000069; Command Position: 0.22264221797633849; Output Position: 0.21998763033979263; Motor Current: 89.0
[2026-02-17 11:15:50,788] INFO: Time: 2.555928872000095; Command Position: 0.22264221797633849; Output Position: 0.21996914864355302; Motor Current: 89.0
[2026-02-17 11:15:50,789] INFO: Time: 2.556992512000079; Command Position: 0.22264221797633849; Output Position: 0.2199783894916728; Motor Current: 89.0
[2026-02-17 11:15:50,790] INFO: Time: 2.5580521890001364; Command Position: 0.22264221797633849; Output Position: 0.2199783894916728; Motor Current: 92.0
[2026-02-17 11:15:50,791] INFO: Time: 2.559111403000088; Command Position: 0.22264221797633849; Output Position: 0.2199783894916728; Motor Current: 92.0
[2026-02-17 11:15:50,792] INFO: Time: 2.5601707840000927; Command Position: 0.22264221797633849; Output Position: 0.2199783894916728; Motor Current: 85.0
[2026-02-17 11:15:50,793] INFO: Time: 2.5612461640000674; Command Position: 0.22264221797633849; Output Position: 0.21998763033979263; Motor Current: 86.0
[2026-02-17 11:15:50,794] INFO: Time: 2.5623075640000934; Command Position: 0.22264221797633849; Output Position: 0.21996914864355302; Motor Current: 85.0
[2026-02-17 11:15:50,795] INFO: Time: 2.563368592000188; Command Position: 0.22264221797633849; Output Position: 0.2199783894916728; Motor Current: 86.0
[2026-02-17 11:15:50,796] INFO: Time: 2.5644259540001713; Command Position: 0.22264221797633849; Output Position: 0.21998763033979263; Motor Current: 86.0
[2026-02-17 11:15:50,797] INFO: Time: 2.565485372000012; Command Position: 0.22264221797633849; Output Position: 0.21998763033979263; Motor Current: 85.0
[2026-02-17 11:15:50,798] INFO: Time: 2.5665445490001275; Command Position: 0.22264221797633849; Output Position: 0.2199783894916728; Motor Current: 84.0
[2026-02-17 11:15:50,799] INFO: Time: 2.5676036150000527; Command Position: 0.22264221797633849; Output Position: 0.21998763033979263; Motor Current: 83.0
[2026-02-17 11:15:50,800] INFO: Time: 2.568664977000026; Command Position: 0.22264221797633849; Output Position: 0.2199968711879124; Motor Current: 83.0
[2026-02-17 11:15:50,801] INFO: Time: 2.569727321000073; Command Position: 0.22264221797633849; Output Position: 0.21998763033979263; Motor Current: 81.0
[2026-02-17 11:15:50,803] INFO: Time: 2.5707871830002205; Command Position: 0.22264221797633849; Output Position: 0.2199783894916728; Motor Current: 80.0
[2026-02-17 11:15:50,804] INFO: Time: 2.5718467110000347; Command Position: 0.22264221797633849; Output Position: 0.21998763033979263; Motor Current: 81.0
[2026-02-17 11:15:50,805] INFO: Time: 2.5729060740000023; Command Position: 0.22264221797633849; Output Position: 0.2199783894916728; Motor Current: 82.0
[2026-02-17 11:15:50,806] INFO: Time: 2.573964880000176; Command Position: 0.22264221797633849; Output Position: 0.21998763033979263; Motor Current: 82.0
[2026-02-17 11:15:50,807] INFO: Time: 2.575046650000104; Command Position: 0.22264221797633849; Output Position: 0.21998763033979263; Motor Current: 83.0
[2026-02-17 11:15:50,808] INFO: Time: 2.576107456000045; Command Position: 0.22264221797633849; Output Position: 0.21998763033979263; Motor Current: 84.0
[2026-02-17 11:15:50,809] INFO: Time: 2.5771677440000076; Command Position: 0.22264221797633849; Output Position: 0.21998763033979263; Motor Current: 84.0
[2026-02-17 11:15:50,810] INFO: Time: 2.5782264030001443; Command Position: 0.22264221797633849; Output Position: 0.21998763033979263; Motor Current: 83.0
[2026-02-17 11:15:50,811] INFO: Time: 2.5792853020000166; Command Position: 0.22264221797633849; Output Position: 0.2199968711879124; Motor Current: 81.0
[2026-02-17 11:15:50,812] INFO: Time: 2.5803442380001798; Command Position: 0.22264221797633849; Output Position: 0.21996914864355302; Motor Current: 81.0
[2026-02-17 11:15:50,813] INFO: Time: 2.581406286000174; Command Position: 0.22264221797633849; Output Position: 0.2199783894916728; Motor Current: 81.0
[2026-02-17 11:15:50,814] INFO: Time: 2.5824669810001524; Command Position: 0.22264221797633849; Output Position: 0.21998763033979263; Motor Current: 83.0
[2026-02-17 11:15:50,815] INFO: Time: 2.583525899000051; Command Position: 0.22264221797633849; Output Position: 0.2199783894916728; Motor Current: 83.0
[2026-02-17 11:15:50,816] INFO: Time: 2.5845850570001403; Command Position: 0.22264221797633849; Output Position: 0.21998763033979263; Motor Current: 84.0
[2026-02-17 11:15:50,817] INFO: Time: 2.5856440120001025; Command Position: 0.22264221797633849; Output Position: 0.2199783894916728; Motor Current: 86.0
[2026-02-17 11:15:50,818] INFO: Time: 2.5867056520000915; Command Position: 0.22264221797633849; Output Position: 0.2199783894916728; Motor Current: 84.0
[2026-02-17 11:15:50,820] INFO: Time: 2.5877678100000594; Command Position: 0.22264221797633849; Output Position: 0.2199783894916728; Motor Current: 84.0
[2026-02-17 11:15:50,821] INFO: Time: 2.588827376000154; Command Position: 0.22264221797633849; Output Position: 0.2199783894916728; Motor Current: 84.0
[2026-02-17 11:15:50,822] INFO: Time: 2.589886645000206; Command Position: 0.22264221797633849; Output Position: 0.2199783894916728; Motor Current: 84.0
[2026-02-17 11:15:50,823] INFO: Time: 2.5909454710001683; Command Position: 0.22264221797633849; Output Position: 0.2199783894916728; Motor Current: 85.0
[2026-02-17 11:15:50,824] INFO: Time: 2.5920044810000036; Command Position: 0.22264221797633849; Output Position: 0.2199968711879124; Motor Current: 85.0
[2026-02-17 11:15:50,825] INFO: Time: 2.5930685840000933; Command Position: 0.22264221797633849; Output Position: 0.2199783894916728; Motor Current: 82.0
[2026-02-17 11:15:50,826] INFO: Time: 2.594129316000135; Command Position: 0.22264221797633849; Output Position: 0.2199968711879124; Motor Current: 84.0
[2026-02-17 11:15:50,827] INFO: Time: 2.5951889930001926; Command Position: 0.22264221797633849; Output Position: 0.21998763033979263; Motor Current: 87.0
[2026-02-17 11:15:50,828] INFO: Time: 2.596245837000197; Command Position: 0.22264221797633849; Output Position: 0.2199783894916728; Motor Current: 87.0
[2026-02-17 11:15:50,829] INFO: Time: 2.597305217000212; Command Position: 0.22264221797633849; Output Position: 0.21998763033979263; Motor Current: 86.0
[2026-02-17 11:15:50,830] INFO: Time: 2.5983642460000738; Command Position: 0.22264221797633849; Output Position: 0.21998763033979263; Motor Current: 86.0
[2026-02-17 11:15:50,831] INFO: Time: 2.5994250710000415; Command Position: 0.22264221797633849; Output Position: 0.2199783894916728; Motor Current: 86.0
[2026-02-17 11:15:50,832] INFO: Time: 2.6004858780001996; Command Position: 0.22264221797633849; Output Position: 0.21998763033979263; Motor Current: 89.0
[2026-02-17 11:15:50,833] INFO: Time: 2.6015456840000297; Command Position: 0.22264221797633849; Output Position: 0.2199783894916728; Motor Current: 89.0
[2026-02-17 11:15:50,834] INFO: Time: 2.6026049540000713; Command Position: 0.22264221797633849; Output Position: 0.2199783894916728; Motor Current: 90.0
[2026-02-17 11:15:50,835] INFO: Time: 2.603663964000134; Command Position: 0.22264221797633849; Output Position: 0.21998763033979263; Motor Current: 92.0
[2026-02-17 11:15:50,837] INFO: Time: 2.6047258630001124; Command Position: 0.22264221797633849; Output Position: 0.2199783894916728; Motor Current: 91.0
[2026-02-17 11:15:50,838] INFO: Time: 2.6057877990001543; Command Position: 0.22264221797633849; Output Position: 0.21998763033979263; Motor Current: 91.0
[2026-02-17 11:15:50,839] INFO: Time: 2.607004145000019; Command Position: 0.22264221797633849; Output Position: 0.2199968711879124; Motor Current: 91.0
[2026-02-17 11:15:50,840] INFO: Time: 2.608063710000124; Command Position: 0.22264221797633849; Output Position: 0.21998763033979263; Motor Current: 90.0
[2026-02-17 11:15:50,841] INFO: Time: 2.6093685750001896; Command Position: 0.22264221797633849; Output Position: 0.2199783894916728; Motor Current: 90.0
[2026-02-17 11:15:50,842] INFO: Time: 2.610432196000147; Command Position: 0.22264221797633849; Output Position: 0.2199783894916728; Motor Current: 88.0
[2026-02-17 11:15:50,843] INFO: Time: 2.611494003000189; Command Position: 0.22264221797633849; Output Position: 0.21998763033979263; Motor Current: 87.0
[2026-02-17 11:15:50,844] INFO: Time: 2.612555401999998; Command Position: 0.22264221797633849; Output Position: 0.21998763033979263; Motor Current: 89.0
[2026-02-17 11:15:50,845] INFO: Time: 2.613615690000188; Command Position: 0.22264221797633849; Output Position: 0.2199968711879124; Motor Current: 87.0
[2026-02-17 11:15:50,846] INFO: Time: 2.614675145000092; Command Position: 0.22264221797633849; Output Position: 0.21998763033979263; Motor Current: 85.0
[2026-02-17 11:15:50,848] INFO: Time: 2.615736581000192; Command Position: 0.22264221797633849; Output Position: 0.21998763033979263; Motor Current: 84.0
[2026-02-17 11:15:50,849] INFO: Time: 2.616798925000012; Command Position: 0.22264221797633849; Output Position: 0.21998763033979263; Motor Current: 82.0
[2026-02-17 11:15:50,850] INFO: Time: 2.61785865700017; Command Position: 0.22264221797633849; Output Position: 0.2199783894916728; Motor Current: 83.0
[2026-02-17 11:15:50,851] INFO: Time: 2.618918408000127; Command Position: 0.22264221797633849; Output Position: 0.21998763033979263; Motor Current: 81.0
[2026-02-17 11:15:50,852] INFO: Time: 2.619977548000179; Command Position: 0.22264221797633849; Output Position: 0.21998763033979263; Motor Current: 82.0
[2026-02-17 11:15:50,853] INFO: Time: 2.6210482620001585; Command Position: 0.22264221797633849; Output Position: 0.2199783894916728; Motor Current: 82.0
[2026-02-17 11:15:50,854] INFO: Time: 2.622108365000031; Command Position: 0.22264221797633849; Output Position: 0.2199783894916728; Motor Current: 84.0
[2026-02-17 11:15:50,855] INFO: Time: 2.6231804860001375; Command Position: 0.22264221797633849; Output Position: 0.2199968711879124; Motor Current: 85.0
[2026-02-17 11:15:50,856] INFO: Time: 2.624237534000031; Command Position: 0.22264221797633849; Output Position: 0.2199783894916728; Motor Current: 86.0
[2026-02-17 11:15:50,857] INFO: Time: 2.625294174000146; Command Position: 0.22264221797633849; Output Position: 0.2199783894916728; Motor Current: 86.0
[2026-02-17 11:15:50,858] INFO: Time: 2.626360036000051; Command Position: 0.22264221797633849; Output Position: 0.21998763033979263; Motor Current: 87.0
[2026-02-17 11:15:50,859] INFO: Time: 2.6274208420002196; Command Position: 0.22264221797633849; Output Position: 0.2199783894916728; Motor Current: 88.0
[2026-02-17 11:15:50,860] INFO: Time: 2.6284827600002245; Command Position: 0.22264221797633849; Output Position: 0.2199783894916728; Motor Current: 86.0
[2026-02-17 11:15:50,861] INFO: Time: 2.62954430700006; Command Position: 0.22264221797633849; Output Position: 0.2199783894916728; Motor Current: 85.0
[2026-02-17 11:15:50,862] INFO: Time: 2.6306036690000383; Command Position: 0.22264221797633849; Output Position: 0.21998763033979263; Motor Current: 88.0
[2026-02-17 11:15:50,863] INFO: Time: 2.631663032000006; Command Position: 0.22264221797633849; Output Position: 0.2199783894916728; Motor Current: 88.0
[2026-02-17 11:15:50,864] INFO: Time: 2.6327221160001955; Command Position: 0.22264221797633849; Output Position: 0.21998763033979263; Motor Current: 87.0
[2026-02-17 11:15:50,866] INFO: Time: 2.6337827740001103; Command Position: 0.22264221797633849; Output Position: 0.21998763033979263; Motor Current: 87.0
[2026-02-17 11:15:50,867] INFO: Time: 2.6348446360000253; Command Position: 0.22264221797633849; Output Position: 0.21998763033979263; Motor Current: 87.0
[2026-02-17 11:15:50,868] INFO: Time: 2.6359024800001407; Command Position: 0.22264221797633849; Output Position: 0.2199783894916728; Motor Current: 86.0
[2026-02-17 11:15:50,869] INFO: Time: 2.6369616380000025; Command Position: 0.22264221797633849; Output Position: 0.2199783894916728; Motor Current: 85.0
[2026-02-17 11:15:50,870] INFO: Time: 2.638051316000201; Command Position: 0.22264221797633849; Output Position: 0.2199968711879124; Motor Current: 84.0
[2026-02-17 11:15:50,871] INFO: Time: 2.639164160000064; Command Position: 0.22264221797633849; Output Position: 0.21998763033979263; Motor Current: 85.0
[2026-02-17 11:15:50,872] INFO: Time: 2.640223707000132; Command Position: 0.22264221797633849; Output Position: 0.21996914864355302; Motor Current: 83.0
[2026-02-17 11:15:50,873] INFO: Time: 2.6412837170000785; Command Position: 0.22264221797633849; Output Position: 0.21998763033979263; Motor Current: 82.0
[2026-02-17 11:15:50,874] INFO: Time: 2.6423408390000986; Command Position: 0.22264221797633849; Output Position: 0.21998763033979263; Motor Current: 81.0
[2026-02-17 11:15:50,875] INFO: Time: 2.6433996820001084; Command Position: 0.22264221797633849; Output Position: 0.21998763033979263; Motor Current: 81.0
[2026-02-17 11:15:50,876] INFO: Time: 2.6444584150001447; Command Position: 0.22264221797633849; Output Position: 0.21998763033979263; Motor Current: 81.0
[2026-02-17 11:15:50,877] INFO: Time: 2.6455171840000276; Command Position: 0.22264221797633849; Output Position: 0.21998763033979263; Motor Current: 80.0
[2026-02-17 11:15:50,878] INFO: Time: 2.64657891700017; Command Position: 0.22264221797633849; Output Position: 0.2199968711879124; Motor Current: 81.0
[2026-02-17 11:15:50,879] INFO: Time: 2.64763890800009; Command Position: 0.22264221797633849; Output Position: 0.21998763033979263; Motor Current: 82.0
[2026-02-17 11:15:50,880] INFO: Time: 2.648696141000073; Command Position: 0.22264221797633849; Output Position: 0.21996914864355302; Motor Current: 83.0
[2026-02-17 11:15:50,882] INFO: Time: 2.649755077000009; Command Position: 0.22264221797633849; Output Position: 0.21998763033979263; Motor Current: 87.0
[2026-02-17 11:15:50,883] INFO: Time: 2.650814124000135; Command Position: 0.22264221797633849; Output Position: 0.2199783894916728; Motor Current: 86.0
[2026-02-17 11:15:50,884] INFO: Time: 2.651873153000224; Command Position: 0.22264221797633849; Output Position: 0.21998763033979263; Motor Current: 87.0
[2026-02-17 11:15:50,885] INFO: Time: 2.652935182000192; Command Position: 0.22264221797633849; Output Position: 0.2199783894916728; Motor Current: 89.0
[2026-02-17 11:15:50,886] INFO: Time: 2.653996933000144; Command Position: 0.22264221797633849; Output Position: 0.2199968711879124; Motor Current: 90.0
[2026-02-17 11:15:50,887] INFO: Time: 2.6550561280000693; Command Position: 0.22264221797633849; Output Position: 0.21998763033979263; Motor Current: 89.0
[2026-02-17 11:15:50,888] INFO: Time: 2.6561151390001214; Command Position: 0.22264221797633849; Output Position: 0.22000611203603218; Motor Current: 90.0
[2026-02-17 11:15:50,889] INFO: Time: 2.6571750010000414; Command Position: 0.22264221797633849; Output Position: 0.22000611203603218; Motor Current: 90.0
[2026-02-17 11:15:50,890] INFO: Time: 2.6582330300000194; Command Position: 0.22264221797633849; Output Position: 0.2199783894916728; Motor Current: 89.0
[2026-02-17 11:15:50,891] INFO: Time: 2.659294836000072; Command Position: 0.22264221797633849; Output Position: 0.2199783894916728; Motor Current: 87.0
[2026-02-17 11:15:50,892] INFO: Time: 2.660355365000214; Command Position: 0.22264221797633849; Output Position: 0.2199783894916728; Motor Current: 88.0
[2026-02-17 11:15:50,893] INFO: Time: 2.6614138750001075; Command Position: 0.22264221797633849; Output Position: 0.21998763033979263; Motor Current: 90.0
[2026-02-17 11:15:50,894] INFO: Time: 2.662473071000022; Command Position: 0.22264221797633849; Output Position: 0.2199783894916728; Motor Current: 89.0
[2026-02-17 11:15:50,895] INFO: Time: 2.663531914000032; Command Position: 0.22264221797633849; Output Position: 0.2199783894916728; Motor Current: 88.0
[2026-02-17 11:15:50,896] INFO: Time: 2.6645904800000153; Command Position: 0.22264221797633849; Output Position: 0.21998763033979263; Motor Current: 87.0
[2026-02-17 11:15:50,897] INFO: Time: 2.665651990000015; Command Position: 0.22264221797633849; Output Position: 0.2199968711879124; Motor Current: 89.0
[2026-02-17 11:15:50,898] INFO: Time: 2.666712741000083; Command Position: 0.22264221797633849; Output Position: 0.2199783894916728; Motor Current: 84.0
[2026-02-17 11:15:50,900] INFO: Time: 2.6677702150000187; Command Position: 0.22264221797633849; Output Position: 0.2199783894916728; Motor Current: 81.0
[2026-02-17 11:15:50,901] INFO: Time: 2.6688292990002083; Command Position: 0.22264221797633849; Output Position: 0.21998763033979263; Motor Current: 81.0
[2026-02-17 11:15:50,902] INFO: Time: 2.6698880310000277; Command Position: 0.22264221797633849; Output Position: 0.2199783894916728; Motor Current: 80.0
[2026-02-17 11:15:50,903] INFO: Time: 2.6709468560000005; Command Position: 0.22264221797633849; Output Position: 0.2199783894916728; Motor Current: 84.0
[2026-02-17 11:15:50,904] INFO: Time: 2.672008922000032; Command Position: 0.22264221797633849; Output Position: 0.21998763033979263; Motor Current: 85.0
[2026-02-17 11:15:50,905] INFO: Time: 2.6730708580000737; Command Position: 0.22264221797633849; Output Position: 0.2199783894916728; Motor Current: 82.0
[2026-02-17 11:15:50,906] INFO: Time: 2.6741303500000413; Command Position: 0.22264221797633849; Output Position: 0.2199783894916728; Motor Current: 82.0
[2026-02-17 11:15:50,907] INFO: Time: 2.6751895830000194; Command Position: 0.22264221797633849; Output Position: 0.2199783894916728; Motor Current: 83.0
[2026-02-17 11:15:50,908] INFO: Time: 2.6762487230000715; Command Position: 0.22264221797633849; Output Position: 0.2199968711879124; Motor Current: 84.0
[2026-02-17 11:15:50,909] INFO: Time: 2.677307474000145; Command Position: 0.22264221797633849; Output Position: 0.21995990779543326; Motor Current: 85.0
[2026-02-17 11:15:50,910] INFO: Time: 2.6783680390001336; Command Position: 0.22264221797633849; Output Position: 0.2199968711879124; Motor Current: 85.0
[2026-02-17 11:15:50,911] INFO: Time: 2.679428587000075; Command Position: 0.22264221797633849; Output Position: 0.21998763033979263; Motor Current: 83.0
[2026-02-17 11:15:50,912] INFO: Time: 2.6804872640000212; Command Position: 0.22264221797633849; Output Position: 0.21996914864355302; Motor Current: 83.0
[2026-02-17 11:15:50,913] INFO: Time: 2.681545941000195; Command Position: 0.22264221797633849; Output Position: 0.2199783894916728; Motor Current: 84.0
[2026-02-17 11:15:50,914] INFO: Time: 2.6826047660001677; Command Position: 0.22264221797633849; Output Position: 0.21998763033979263; Motor Current: 85.0
[2026-02-17 11:15:50,915] INFO: Time: 2.683665572000109; Command Position: 0.22264221797633849; Output Position: 0.21998763033979263; Motor Current: 86.0
[2026-02-17 11:15:50,917] INFO: Time: 2.684727379000151; Command Position: 0.22264221797633849; Output Position: 0.21998763033979263; Motor Current: 87.0
[2026-02-17 11:15:50,918] INFO: Time: 2.6857870000001185; Command Position: 0.22264221797633849; Output Position: 0.2199783894916728; Motor Current: 84.0
[2026-02-17 11:15:50,919] INFO: Time: 2.68684627000016; Command Position: 0.22264221797633849; Output Position: 0.21998763033979263; Motor Current: 82.0
[2026-02-17 11:15:50,920] INFO: Time: 2.68790498400017; Command Position: 0.22264221797633849; Output Position: 0.2199783894916728; Motor Current: 84.0
[2026-02-17 11:15:50,921] INFO: Time: 2.688963883000042; Command Position: 0.22264221797633849; Output Position: 0.2199783894916728; Motor Current: 83.0
[2026-02-17 11:15:50,922] INFO: Time: 2.690027319000137; Command Position: 0.22264221797633849; Output Position: 0.2199783894916728; Motor Current: 81.0
[2026-02-17 11:15:50,923] INFO: Time: 2.691087737000089; Command Position: 0.22264221797633849; Output Position: 0.2199783894916728; Motor Current: 82.0
[2026-02-17 11:15:50,924] INFO: Time: 2.6921596730001056; Command Position: 0.22264221797633849; Output Position: 0.2199783894916728; Motor Current: 80.0
[2026-02-17 11:15:50,925] INFO: Time: 2.69321646100002; Command Position: 0.22264221797633849; Output Position: 0.2199783894916728; Motor Current: 84.0
[2026-02-17 11:15:50,926] INFO: Time: 2.6942753230000562; Command Position: 0.22264221797633849; Output Position: 0.21998763033979263; Motor Current: 84.0
[2026-02-17 11:15:50,927] INFO: Time: 2.695334037000066; Command Position: 0.22264221797633849; Output Position: 0.2199783894916728; Motor Current: 82.0
[2026-02-17 11:15:50,928] INFO: Time: 2.6963961770002243; Command Position: 0.22264221797633849; Output Position: 0.21998763033979263; Motor Current: 82.0
[2026-02-17 11:15:50,929] INFO: Time: 2.6975989110001137; Command Position: 0.22264221797633849; Output Position: 0.21996914864355302; Motor Current: 82.0
[2026-02-17 11:15:50,930] INFO: Time: 2.6986627730000237; Command Position: 0.22264221797633849; Output Position: 0.21998763033979263; Motor Current: 83.0
[2026-02-17 11:15:50,932] INFO: Time: 2.699722857000097; Command Position: 0.22264221797633849; Output Position: 0.21998763033979263; Motor Current: 84.0
[2026-02-17 11:15:50,933] INFO: Time: 2.7007829230001335; Command Position: 0.22264221797633849; Output Position: 0.21998763033979263; Motor Current: 83.0
[2026-02-17 11:15:50,934] INFO: Time: 2.701847341000075; Command Position: 0.22264221797633849; Output Position: 0.21998763033979263; Motor Current: 85.0
[2026-02-17 11:15:50,935] INFO: Time: 2.702909759000022; Command Position: 0.22264221797633849; Output Position: 0.2199783894916728; Motor Current: 83.0
[2026-02-17 11:15:50,936] INFO: Time: 2.7039706760001536; Command Position: 0.22264221797633849; Output Position: 0.2199783894916728; Motor Current: 83.0
[2026-02-17 11:15:50,937] INFO: Time: 2.705031446000021; Command Position: 0.22264221797633849; Output Position: 0.2199783894916728; Motor Current: 85.0
[2026-02-17 11:15:50,938] INFO: Time: 2.7060901600000307; Command Position: 0.22264221797633849; Output Position: 0.2199783894916728; Motor Current: 86.0
[2026-02-17 11:15:50,939] INFO: Time: 2.7071494660001463; Command Position: 0.22264221797633849; Output Position: 0.21998763033979263; Motor Current: 85.0
[2026-02-17 11:15:50,940] INFO: Time: 2.7082115320001776; Command Position: 0.22264221797633849; Output Position: 0.2199783894916728; Motor Current: 87.0
[2026-02-17 11:15:50,941] INFO: Time: 2.709272431000045; Command Position: 0.22264221797633849; Output Position: 0.21998763033979263; Motor Current: 88.0
[2026-02-17 11:15:50,942] INFO: Time: 2.7103380340001877; Command Position: 0.22264221797633849; Output Position: 0.2199783894916728; Motor Current: 88.0
[2026-02-17 11:15:50,943] INFO: Time: 2.711400119000018; Command Position: 0.22264221797633849; Output Position: 0.21998763033979263; Motor Current: 88.0
[2026-02-17 11:15:50,944] INFO: Time: 2.7124607030000334; Command Position: 0.22264221797633849; Output Position: 0.21998763033979263; Motor Current: 88.0
[2026-02-17 11:15:50,945] INFO: Time: 2.7135207690000698; Command Position: 0.22264221797633849; Output Position: 0.21998763033979263; Motor Current: 83.0
[2026-02-17 11:15:50,946] INFO: Time: 2.7145825750001222; Command Position: 0.22264221797633849; Output Position: 0.2199783894916728; Motor Current: 83.0
[2026-02-17 11:15:50,947] INFO: Time: 2.7156438450001588; Command Position: 0.22264221797633849; Output Position: 0.21998763033979263; Motor Current: 84.0
[2026-02-17 11:15:50,948] INFO: Time: 2.7167022990001897; Command Position: 0.22264221797633849; Output Position: 0.21998763033979263; Motor Current: 85.0
[2026-02-17 11:15:50,950] INFO: Time: 2.7177617910001572; Command Position: 0.22264221797633849; Output Position: 0.2199783894916728; Motor Current: 84.0
[2026-02-17 11:15:50,951] INFO: Time: 2.7188208390000455; Command Position: 0.22264221797633849; Output Position: 0.2199783894916728; Motor Current: 84.0
[2026-02-17 11:15:50,952] INFO: Time: 2.719879867000145; Command Position: 0.22264221797633849; Output Position: 0.21998763033979263; Motor Current: 84.0
[2026-02-17 11:15:50,953] INFO: Time: 2.720940174000134; Command Position: 0.22264221797633849; Output Position: 0.21996914864355302; Motor Current: 83.0
[2026-02-17 11:15:50,954] INFO: Time: 2.72200703600015; Command Position: 0.22264221797633849; Output Position: 0.2199783894916728; Motor Current: 85.0
[2026-02-17 11:15:50,955] INFO: Time: 2.723028213000134; Command Position: 0.22264221797633849; Output Position: 0.21996914864355302; Motor Current: 82.0
[2026-02-17 11:15:50,956] INFO: Time: 2.7240883340000437; Command Position: 0.22264221797633849; Output Position: 0.2199783894916728; Motor Current: 83.0
[2026-02-17 11:15:50,957] INFO: Time: 2.725148011000101; Command Position: 0.22264221797633849; Output Position: 0.2199783894916728; Motor Current: 83.0
[2026-02-17 11:15:50,958] INFO: Time: 2.726207725000222; Command Position: 0.22264221797633849; Output Position: 0.2199968711879124; Motor Current: 80.0
[2026-02-17 11:15:50,959] INFO: Time: 2.727268772000116; Command Position: 0.22264221797633849; Output Position: 0.2199783894916728; Motor Current: 80.0
[2026-02-17 11:15:50,960] INFO: Time: 2.7283295970000836; Command Position: 0.22264221797633849; Output Position: 0.21998763033979263; Motor Current: 82.0
[2026-02-17 11:15:50,961] INFO: Time: 2.7293880150000405; Command Position: 0.22264221797633849; Output Position: 0.2199783894916728; Motor Current: 80.0
[2026-02-17 11:15:50,962] INFO: Time: 2.7304472840000926; Command Position: 0.22264221797633849; Output Position: 0.2199783894916728; Motor Current: 81.0
[2026-02-17 11:15:50,963] INFO: Time: 2.7315064980000443; Command Position: 0.22264221797633849; Output Position: 0.2199783894916728; Motor Current: 82.0
[2026-02-17 11:15:50,964] INFO: Time: 2.73256567500016; Command Position: 0.22264221797633849; Output Position: 0.2199968711879124; Motor Current: 82.0
[2026-02-17 11:15:50,965] INFO: Time: 2.7336272600000484; Command Position: 0.22264221797633849; Output Position: 0.21996914864355302; Motor Current: 84.0
[2026-02-17 11:15:50,966] INFO: Time: 2.734689159000027; Command Position: 0.22264221797633849; Output Position: 0.2199783894916728; Motor Current: 85.0
[2026-02-17 11:15:50,968] INFO: Time: 2.7357475020000948; Command Position: 0.22264221797633849; Output Position: 0.21998763033979263; Motor Current: 87.0
[2026-02-17 11:15:50,969] INFO: Time: 2.7368067720001363; Command Position: 0.22264221797633849; Output Position: 0.21998763033979263; Motor Current: 87.0
[2026-02-17 11:15:50,970] INFO: Time: 2.7378663190002044; Command Position: 0.22264221797633849; Output Position: 0.21998763033979263; Motor Current: 88.0
[2026-02-17 11:15:50,971] INFO: Time: 2.738925330000029; Command Position: 0.22264221797633849; Output Position: 0.2199783894916728; Motor Current: 87.0
[2026-02-17 11:15:50,972] INFO: Time: 2.7399873210001715; Command Position: 0.22264221797633849; Output Position: 0.21998763033979263; Motor Current: 88.0
[2026-02-17 11:15:50,973] INFO: Time: 2.741058591000183; Command Position: 0.22264221797633849; Output Position: 0.2199783894916728; Motor Current: 85.0
[2026-02-17 11:15:50,974] INFO: Time: 2.7421180270000605; Command Position: 0.22264221797633849; Output Position: 0.2199783894916728; Motor Current: 83.0
[2026-02-17 11:15:50,975] INFO: Time: 2.743187630000193; Command Position: 0.22264221797633849; Output Position: 0.21998763033979263; Motor Current: 84.0
[2026-02-17 11:15:50,976] INFO: Time: 2.744246548000092; Command Position: 0.22264221797633849; Output Position: 0.21998763033979263; Motor Current: 84.0
[2026-02-17 11:15:50,977] INFO: Time: 2.7453055020000647; Command Position: 0.22264221797633849; Output Position: 0.2199783894916728; Motor Current: 84.0
[2026-02-17 11:15:50,978] INFO: Time: 2.74636601300017; Command Position: 0.22264221797633849; Output Position: 0.21996914864355302; Motor Current: 86.0
[2026-02-17 11:15:50,979] INFO: Time: 2.7474268380001376; Command Position: 0.22264221797633849; Output Position: 0.2199968711879124; Motor Current: 86.0
[2026-02-17 11:15:50,980] INFO: Time: 2.7484851810002056; Command Position: 0.22264221797633849; Output Position: 0.2199783894916728; Motor Current: 86.0
[2026-02-17 11:15:50,981] INFO: Time: 2.7495438950002153; Command Position: 0.22264221797633849; Output Position: 0.21998763033979263; Motor Current: 86.0
[2026-02-17 11:15:50,982] INFO: Time: 2.750603109000167; Command Position: 0.22264221797633849; Output Position: 0.2199783894916728; Motor Current: 85.0
[2026-02-17 11:15:50,983] INFO: Time: 2.7516644160000396; Command Position: 0.22264221797633849; Output Position: 0.21998763033979263; Motor Current: 85.0
[2026-02-17 11:15:50,985] INFO: Time: 2.7527269260001503; Command Position: 0.22264221797633849; Output Position: 0.21998763033979263; Motor Current: 87.0
[2026-02-17 11:15:50,986] INFO: Time: 2.7537863990000915; Command Position: 0.22264221797633849; Output Position: 0.21998763033979263; Motor Current: 87.0
[2026-02-17 11:15:50,987] INFO: Time: 2.754845836000186; Command Position: 0.22264221797633849; Output Position: 0.2199783894916728; Motor Current: 87.0
[2026-02-17 11:15:50,988] INFO: Time: 2.755905087000201; Command Position: 0.22264221797633849; Output Position: 0.2199783894916728; Motor Current: 85.0
[2026-02-17 11:15:50,989] INFO: Time: 2.7569635970000945; Command Position: 0.22264221797633849; Output Position: 0.2199968711879124; Motor Current: 86.0
[2026-02-17 11:15:50,990] INFO: Time: 2.7580261810001048; Command Position: 0.22264221797633849; Output Position: 0.21998763033979263; Motor Current: 86.0
[2026-02-17 11:15:50,991] INFO: Time: 2.759087432000115; Command Position: 0.22264221797633849; Output Position: 0.2199783894916728; Motor Current: 86.0
[2026-02-17 11:15:50,992] INFO: Time: 2.760146387000077; Command Position: 0.22264221797633849; Output Position: 0.21998763033979263; Motor Current: 86.0
[2026-02-17 11:15:50,993] INFO: Time: 2.761203212000055; Command Position: 0.22264221797633849; Output Position: 0.21998763033979263; Motor Current: 86.0
[2026-02-17 11:15:50,994] INFO: Time: 2.7622618150001017; Command Position: 0.22264221797633849; Output Position: 0.2199783894916728; Motor Current: 87.0
[2026-02-17 11:15:50,995] INFO: Time: 2.7633207140002014; Command Position: 0.22264221797633849; Output Position: 0.21998763033979263; Motor Current: 87.0
[2026-02-17 11:15:50,996] INFO: Time: 2.764381761000095; Command Position: 0.22264221797633849; Output Position: 0.2199968711879124; Motor Current: 86.0
[2026-02-17 11:15:50,997] INFO: Time: 2.7654453640000156; Command Position: 0.22264221797633849; Output Position: 0.21996914864355302; Motor Current: 86.0
[2026-02-17 11:15:50,998] INFO: Time: 2.766504948000147; Command Position: 0.22264221797633849; Output Position: 0.2199783894916728; Motor Current: 85.0
[2026-02-17 11:15:50,999] INFO: Time: 2.767564477000178; Command Position: 0.22264221797633849; Output Position: 0.2199783894916728; Motor Current: 85.0
[2026-02-17 11:15:51,000] INFO: Time: 2.7686238580001827; Command Position: 0.22264221797633849; Output Position: 0.2199783894916728; Motor Current: 85.0
[2026-02-17 11:15:51,001] INFO: Time: 2.769684535000124; Command Position: 0.22264221797633849; Output Position: 0.2199783894916728; Motor Current: 85.0
[2026-02-17 11:15:51,003] INFO: Time: 2.770746471000166; Command Position: 0.22264221797633849; Output Position: 0.21998763033979263; Motor Current: 85.0
[2026-02-17 11:15:51,004] INFO: Time: 2.771806926000181; Command Position: 0.22264221797633849; Output Position: 0.2199783894916728; Motor Current: 86.0
[2026-02-17 11:15:51,005] INFO: Time: 2.772866547000149; Command Position: 0.22264221797633849; Output Position: 0.21998763033979263; Motor Current: 82.0
[2026-02-17 11:15:51,006] INFO: Time: 2.773926131000053; Command Position: 0.22264221797633849; Output Position: 0.2199783894916728; Motor Current: 81.0
[2026-02-17 11:15:51,007] INFO: Time: 2.774985716000174; Command Position: 0.22264221797633849; Output Position: 0.2199783894916728; Motor Current: 81.0
[2026-02-17 11:15:51,008] INFO: Time: 2.7760628000000906; Command Position: 0.22264221797633849; Output Position: 0.2199783894916728; Motor Current: 83.0
[2026-02-17 11:15:51,009] INFO: Time: 2.7771247920002224; Command Position: 0.22264221797633849; Output Position: 0.2199783894916728; Motor Current: 83.0
[2026-02-17 11:15:51,010] INFO: Time: 2.7781840250002006; Command Position: 0.22264221797633849; Output Position: 0.2199783894916728; Motor Current: 86.0
[2026-02-17 11:15:51,011] INFO: Time: 2.779242924000073; Command Position: 0.22264221797633849; Output Position: 0.2199783894916728; Motor Current: 85.0
[2026-02-17 11:15:51,012] INFO: Time: 2.780301804000146; Command Position: 0.22264221797633849; Output Position: 0.21998763033979263; Motor Current: 85.0
[2026-02-17 11:15:51,013] INFO: Time: 2.7813605920000555; Command Position: 0.22264221797633849; Output Position: 0.21998763033979263; Motor Current: 86.0
[2026-02-17 11:15:51,014] INFO: Time: 2.782422084000018; Command Position: 0.22264221797633849; Output Position: 0.2199968711879124; Motor Current: 87.0
[2026-02-17 11:15:51,015] INFO: Time: 2.783482631000197; Command Position: 0.22264221797633849; Output Position: 0.21996914864355302; Motor Current: 87.0
[2026-02-17 11:15:51,016] INFO: Time: 2.7845415680001224; Command Position: 0.22264221797633849; Output Position: 0.21998763033979263; Motor Current: 85.0
[2026-02-17 11:15:51,017] INFO: Time: 2.7856085590001385; Command Position: 0.22264221797633849; Output Position: 0.21998763033979263; Motor Current: 84.0
[2026-02-17 11:15:51,018] INFO: Time: 2.786670662000006; Command Position: 0.22264221797633849; Output Position: 0.2199783894916728; Motor Current: 84.0
[2026-02-17 11:15:51,020] INFO: Time: 2.7877325990000372; Command Position: 0.22264221797633849; Output Position: 0.2199783894916728; Motor Current: 84.0
[2026-02-17 11:15:51,021] INFO: Time: 2.788793738000095; Command Position: 0.22264221797633849; Output Position: 0.21998763033979263; Motor Current: 82.0
[2026-02-17 11:15:51,022] INFO: Time: 2.789853656000105; Command Position: 0.22264221797633849; Output Position: 0.21996914864355302; Motor Current: 80.0
[2026-02-17 11:15:51,023] INFO: Time: 2.7909132770000724; Command Position: 0.22264221797633849; Output Position: 0.2199783894916728; Motor Current: 82.0
[2026-02-17 11:15:51,024] INFO: Time: 2.791972936000093; Command Position: 0.22264221797633849; Output Position: 0.2199783894916728; Motor Current: 85.0
[2026-02-17 11:15:51,025] INFO: Time: 2.793033094000066; Command Position: 0.22264221797633849; Output Position: 0.21998763033979263; Motor Current: 84.0
[2026-02-17 11:15:51,026] INFO: Time: 2.7940939190000336; Command Position: 0.22264221797633849; Output Position: 0.2199783894916728; Motor Current: 85.0
[2026-02-17 11:15:51,027] INFO: Time: 2.7951541890001863; Command Position: 0.22264221797633849; Output Position: 0.21998763033979263; Motor Current: 84.0
[2026-02-17 11:15:51,028] INFO: Time: 2.7962210510002024; Command Position: 0.22264221797633849; Output Position: 0.21998763033979263; Motor Current: 84.0
[2026-02-17 11:15:51,029] INFO: Time: 2.7972833020000962; Command Position: 0.22264221797633849; Output Position: 0.21998763033979263; Motor Current: 84.0
[2026-02-17 11:15:51,030] INFO: Time: 2.798343220000106; Command Position: 0.22264221797633849; Output Position: 0.2199783894916728; Motor Current: 83.0
[2026-02-17 11:15:51,031] INFO: Time: 2.7994027120000737; Command Position: 0.22264221797633849; Output Position: 0.21998763033979263; Motor Current: 84.0
[2026-02-17 11:15:51,032] INFO: Time: 2.8004646480001156; Command Position: 0.22264221797633849; Output Position: 0.21998763033979263; Motor Current: 82.0
[2026-02-17 11:15:51,033] INFO: Time: 2.8015257510000993; Command Position: 0.22264221797633849; Output Position: 0.21996914864355302; Motor Current: 81.0
[2026-02-17 11:15:51,034] INFO: Time: 2.8025854090001303; Command Position: 0.22264221797633849; Output Position: 0.21998763033979263; Motor Current: 84.0
[2026-02-17 11:15:51,035] INFO: Time: 2.803642419000198; Command Position: 0.22264221797633849; Output Position: 0.21998763033979263; Motor Current: 84.0
[2026-02-17 11:15:51,036] INFO: Time: 2.8047015960000863; Command Position: 0.22264221797633849; Output Position: 0.21996914864355302; Motor Current: 83.0
[2026-02-17 11:15:51,038] INFO: Time: 2.805763199000012; Command Position: 0.22264221797633849; Output Position: 0.2199783894916728; Motor Current: 86.0
[2026-02-17 11:15:51,039] INFO: Time: 2.806825672000059; Command Position: 0.22264221797633849; Output Position: 0.21998763033979263; Motor Current: 88.0
[2026-02-17 11:15:51,040] INFO: Time: 2.8078894980001223; Command Position: 0.22264221797633849; Output Position: 0.2199783894916728; Motor Current: 89.0
[2026-02-17 11:15:51,041] INFO: Time: 2.808951823000143; Command Position: 0.22264221797633849; Output Position: 0.2199783894916728; Motor Current: 88.0
[2026-02-17 11:15:51,042] INFO: Time: 2.8100117400001636; Command Position: 0.22264221797633849; Output Position: 0.2199968711879124; Motor Current: 88.0
[2026-02-17 11:15:51,043] INFO: Time: 2.8110708620001787; Command Position: 0.22264221797633849; Output Position: 0.21996914864355302; Motor Current: 84.0
[2026-02-17 11:15:51,044] INFO: Time: 2.812132353000152; Command Position: 0.22264221797633849; Output Position: 0.21996914864355302; Motor Current: 84.0
[2026-02-17 11:15:51,045] INFO: Time: 2.8131962530001147; Command Position: 0.22264221797633849; Output Position: 0.21998763033979263; Motor Current: 85.0
[2026-02-17 11:15:51,046] INFO: Time: 2.8142563930000506; Command Position: 0.22264221797633849; Output Position: 0.21998763033979263; Motor Current: 84.0
[2026-02-17 11:15:51,047] INFO: Time: 2.8153155140000763; Command Position: 0.22264221797633849; Output Position: 0.2199783894916728; Motor Current: 84.0
[2026-02-17 11:15:51,048] INFO: Time: 2.816374413000176; Command Position: 0.22264221797633849; Output Position: 0.2199783894916728; Motor Current: 82.0
[2026-02-17 11:15:51,049] INFO: Time: 2.8174335340002017; Command Position: 0.22264221797633849; Output Position: 0.21998763033979263; Motor Current: 84.0
[2026-02-17 11:15:51,050] INFO: Time: 2.8184939340001165; Command Position: 0.22264221797633849; Output Position: 0.21996914864355302; Motor Current: 82.0
[2026-02-17 11:15:51,051] INFO: Time: 2.819554851000021; Command Position: 0.22264221797633849; Output Position: 0.2199783894916728; Motor Current: 82.0
[2026-02-17 11:15:51,052] INFO: Time: 2.82061382400002; Command Position: 0.22264221797633849; Output Position: 0.21998763033979263; Motor Current: 82.0
[2026-02-17 11:15:51,053] INFO: Time: 2.821673113000088; Command Position: 0.22264221797633849; Output Position: 0.21998763033979263; Motor Current: 82.0
[2026-02-17 11:15:51,054] INFO: Time: 2.8227324190002037; Command Position: 0.22264221797633849; Output Position: 0.2199783894916728; Motor Current: 83.0
[2026-02-17 11:15:51,056] INFO: Time: 2.8237981700001455; Command Position: 0.22264221797633849; Output Position: 0.2199783894916728; Motor Current: 84.0
[2026-02-17 11:15:51,057] INFO: Time: 2.824860180000087; Command Position: 0.22264221797633849; Output Position: 0.2199783894916728; Motor Current: 83.0
[2026-02-17 11:15:51,058] INFO: Time: 2.825919894000208; Command Position: 0.22264221797633849; Output Position: 0.21998763033979263; Motor Current: 84.0
[2026-02-17 11:15:51,059] INFO: Time: 2.8269792010000856; Command Position: 0.22264221797633849; Output Position: 0.21998763033979263; Motor Current: 85.0
[2026-02-17 11:15:51,060] INFO: Time: 2.8280564340000183; Command Position: 0.22264221797633849; Output Position: 0.2199783894916728; Motor Current: 85.0
[2026-02-17 11:15:51,061] INFO: Time: 2.829114851000213; Command Position: 0.22264221797633849; Output Position: 0.21996914864355302; Motor Current: 83.0
[2026-02-17 11:15:51,062] INFO: Time: 2.8301760470001227; Command Position: 0.22264221797633849; Output Position: 0.21998763033979263; Motor Current: 83.0
[2026-02-17 11:15:51,063] INFO: Time: 2.8312371680001434; Command Position: 0.22264221797633849; Output Position: 0.2199783894916728; Motor Current: 85.0
[2026-02-17 11:15:51,064] INFO: Time: 2.832296456000222; Command Position: 0.22264221797633849; Output Position: 0.2199783894916728; Motor Current: 85.0
[2026-02-17 11:15:51,065] INFO: Time: 2.8333553920001577; Command Position: 0.22264221797633849; Output Position: 0.21996914864355302; Motor Current: 84.0
[2026-02-17 11:15:51,066] INFO: Time: 2.8344142730002204; Command Position: 0.22264221797633849; Output Position: 0.2199783894916728; Motor Current: 84.0
[2026-02-17 11:15:51,067] INFO: Time: 2.835473302000082; Command Position: 0.22264221797633849; Output Position: 0.21998763033979263; Motor Current: 86.0
[2026-02-17 11:15:51,068] INFO: Time: 2.836535145000198; Command Position: 0.22264221797633849; Output Position: 0.2199783894916728; Motor Current: 85.0
[2026-02-17 11:15:51,069] INFO: Time: 2.8375975820001713; Command Position: 0.22264221797633849; Output Position: 0.21998763033979263; Motor Current: 85.0
[2026-02-17 11:15:51,070] INFO: Time: 2.8386545730002126; Command Position: 0.22264221797633849; Output Position: 0.2199783894916728; Motor Current: 83.0
[2026-02-17 11:15:51,071] INFO: Time: 2.8397136020000744; Command Position: 0.22264221797633849; Output Position: 0.2199783894916728; Motor Current: 81.0
[2026-02-17 11:15:51,073] INFO: Time: 2.8407726679999996; Command Position: 0.22264221797633849; Output Position: 0.21998763033979263; Motor Current: 83.0
[2026-02-17 11:15:51,074] INFO: Time: 2.8418315860001258; Command Position: 0.22264221797633849; Output Position: 0.21998763033979263; Motor Current: 85.0
[2026-02-17 11:15:51,075] INFO: Time: 2.842894059000173; Command Position: 0.22264221797633849; Output Position: 0.21998763033979263; Motor Current: 84.0
[2026-02-17 11:15:51,076] INFO: Time: 2.843954606000125; Command Position: 0.22264221797633849; Output Position: 0.21998763033979263; Motor Current: 82.0
[2026-02-17 11:15:51,077] INFO: Time: 2.845014357000082; Command Position: 0.22264221797633849; Output Position: 0.2199783894916728; Motor Current: 82.0
[2026-02-17 11:15:51,078] INFO: Time: 2.846073219000118; Command Position: 0.22264221797633849; Output Position: 0.2199783894916728; Motor Current: 87.0
[2026-02-17 11:15:51,079] INFO: Time: 2.847132100000181; Command Position: 0.22264221797633849; Output Position: 0.2199783894916728; Motor Current: 87.0
[2026-02-17 11:15:51,080] INFO: Time: 2.8481908690000637; Command Position: 0.22264221797633849; Output Position: 0.21998763033979263; Motor Current: 84.0
[2026-02-17 11:15:51,081] INFO: Time: 2.849263065000059; Command Position: 0.22264221797633849; Output Position: 0.21998763033979263; Motor Current: 84.0
[2026-02-17 11:15:51,082] INFO: Time: 2.8503254090001064; Command Position: 0.22264221797633849; Output Position: 0.2199783894916728; Motor Current: 85.0
[2026-02-17 11:15:51,083] INFO: Time: 2.8513852710000265; Command Position: 0.22264221797633849; Output Position: 0.2199783894916728; Motor Current: 86.0
[2026-02-17 11:15:51,084] INFO: Time: 2.8524421700001312; Command Position: 0.22264221797633849; Output Position: 0.21998763033979263; Motor Current: 89.0
[2026-02-17 11:15:51,085] INFO: Time: 2.853501106000067; Command Position: 0.22264221797633849; Output Position: 0.21998763033979263; Motor Current: 88.0
[2026-02-17 11:15:51,086] INFO: Time: 2.854560042000003; Command Position: 0.22264221797633849; Output Position: 0.21998763033979263; Motor Current: 87.0
[2026-02-17 11:15:51,087] INFO: Time: 2.8556226270000025; Command Position: 0.22264221797633849; Output Position: 0.21998763033979263; Motor Current: 87.0
[2026-02-17 11:15:51,088] INFO: Time: 2.856684304000055; Command Position: 0.22264221797633849; Output Position: 0.2199783894916728; Motor Current: 87.0
[2026-02-17 11:15:51,090] INFO: Time: 2.8577414250000857; Command Position: 0.22264221797633849; Output Position: 0.21998763033979263; Motor Current: 86.0
[2026-02-17 11:15:51,091] INFO: Time: 2.858799991000069; Command Position: 0.22264221797633849; Output Position: 0.21998763033979263; Motor Current: 87.0
[2026-02-17 11:15:51,092] INFO: Time: 2.859859038000195; Command Position: 0.22264221797633849; Output Position: 0.2199783894916728; Motor Current: 88.0
[2026-02-17 11:15:51,093] INFO: Time: 2.860918030000221; Command Position: 0.22264221797633849; Output Position: 0.21996914864355302; Motor Current: 86.0
[2026-02-17 11:15:51,094] INFO: Time: 2.861979114000178; Command Position: 0.22264221797633849; Output Position: 0.21998763033979263; Motor Current: 85.0
[2026-02-17 11:15:51,095] INFO: Time: 2.8630592540000634; Command Position: 0.22264221797633849; Output Position: 0.21998763033979263; Motor Current: 86.0
[2026-02-17 11:15:51,096] INFO: Time: 2.8641184870000416; Command Position: 0.22264221797633849; Output Position: 0.2199783894916728; Motor Current: 86.0
[2026-02-17 11:15:51,097] INFO: Time: 2.865177349000078; Command Position: 0.22264221797633849; Output Position: 0.2199783894916728; Motor Current: 86.0
[2026-02-17 11:15:51,098] INFO: Time: 2.866236396000204; Command Position: 0.22264221797633849; Output Position: 0.2199783894916728; Motor Current: 83.0
[2026-02-17 11:15:51,099] INFO: Time: 2.867295740000145; Command Position: 0.22264221797633849; Output Position: 0.21998763033979263; Motor Current: 85.0
[2026-02-17 11:15:51,100] INFO: Time: 2.868356787000039; Command Position: 0.22264221797633849; Output Position: 0.21998763033979263; Motor Current: 83.0
[2026-02-17 11:15:51,101] INFO: Time: 2.869417945000123; Command Position: 0.22264221797633849; Output Position: 0.21998763033979263; Motor Current: 84.0
[2026-02-17 11:15:51,102] INFO: Time: 2.870477178000101; Command Position: 0.22264221797633849; Output Position: 0.2199783894916728; Motor Current: 84.0
[2026-02-17 11:15:51,103] INFO: Time: 2.8715368550001585; Command Position: 0.22264221797633849; Output Position: 0.21998763033979263; Motor Current: 83.0
[2026-02-17 11:15:51,104] INFO: Time: 2.872595847000184; Command Position: 0.22264221797633849; Output Position: 0.2199783894916728; Motor Current: 83.0
[2026-02-17 11:15:51,105] INFO: Time: 2.8736576350001997; Command Position: 0.22264221797633849; Output Position: 0.2199783894916728; Motor Current: 83.0
[2026-02-17 11:15:51,106] INFO: Time: 2.8747187930000564; Command Position: 0.22264221797633849; Output Position: 0.21998763033979263; Motor Current: 83.0
[2026-02-17 11:15:51,108] INFO: Time: 2.875966027000004; Command Position: 0.22264221797633849; Output Position: 0.21998763033979263; Motor Current: 83.0
[2026-02-17 11:15:51,109] INFO: Time: 2.8770285750001676; Command Position: 0.22264221797633849; Output Position: 0.21998763033979263; Motor Current: 86.0
[2026-02-17 11:15:51,110] INFO: Time: 2.8780894180001724; Command Position: 0.22264221797633849; Output Position: 0.2199783894916728; Motor Current: 85.0
[2026-02-17 11:15:51,111] INFO: Time: 2.879146632000129; Command Position: 0.22264221797633849; Output Position: 0.21998763033979263; Motor Current: 83.0
[2026-02-17 11:15:51,112] INFO: Time: 2.8802075870000863; Command Position: 0.22264221797633849; Output Position: 0.2199783894916728; Motor Current: 81.0
[2026-02-17 11:15:51,113] INFO: Time: 2.881268597000144; Command Position: 0.22264221797633849; Output Position: 0.2199783894916728; Motor Current: 83.0
[2026-02-17 11:15:51,114] INFO: Time: 2.882325033000143; Command Position: 0.22264221797633849; Output Position: 0.21998763033979263; Motor Current: 83.0
[2026-02-17 11:15:51,115] INFO: Time: 2.8833842470000945; Command Position: 0.22264221797633849; Output Position: 0.21996914864355302; Motor Current: 83.0
[2026-02-17 11:15:51,116] INFO: Time: 2.8844431280001572; Command Position: 0.22264221797633849; Output Position: 0.2199968711879124; Motor Current: 84.0
[2026-02-17 11:15:51,117] INFO: Time: 2.8855023610001354; Command Position: 0.22264221797633849; Output Position: 0.21998763033979263; Motor Current: 85.0
[2026-02-17 11:15:51,118] INFO: Time: 2.8865629630001877; Command Position: 0.22264221797633849; Output Position: 0.2199783894916728; Motor Current: 84.0
[2026-02-17 11:15:51,119] INFO: Time: 2.887623418000203; Command Position: 0.22264221797633849; Output Position: 0.2199783894916728; Motor Current: 84.0
[2026-02-17 11:15:51,120] INFO: Time: 2.888680577000059; Command Position: 0.22264221797633849; Output Position: 0.21998763033979263; Motor Current: 84.0
[2026-02-17 11:15:51,121] INFO: Time: 2.8897388650000266; Command Position: 0.22264221797633849; Output Position: 0.21995990779543326; Motor Current: 86.0
[2026-02-17 11:15:51,123] INFO: Time: 2.890797838000026; Command Position: 0.22264221797633849; Output Position: 0.21998763033979263; Motor Current: 86.0
[2026-02-17 11:15:51,124] INFO: Time: 2.891857200000004; Command Position: 0.22264221797633849; Output Position: 0.2199783894916728; Motor Current: 86.0
[2026-02-17 11:15:51,125] INFO: Time: 2.892920451000009; Command Position: 0.22264221797633849; Output Position: 0.21996914864355302; Motor Current: 86.0
[2026-02-17 11:15:51,126] INFO: Time: 2.8939822390000245; Command Position: 0.22264221797633849; Output Position: 0.21996914864355302; Motor Current: 86.0
[2026-02-17 11:15:51,127] INFO: Time: 2.895066657000143; Command Position: 0.22264221797633849; Output Position: 0.21998763033979263; Motor Current: 86.0
[2026-02-17 11:15:51,128] INFO: Time: 2.8961277410001003; Command Position: 0.22264221797633849; Output Position: 0.2199783894916728; Motor Current: 84.0
[2026-02-17 11:15:51,129] INFO: Time: 2.897188844000084; Command Position: 0.22264221797633849; Output Position: 0.2199783894916728; Motor Current: 86.0
[2026-02-17 11:15:51,130] INFO: Time: 2.8982487430000674; Command Position: 0.22264221797633849; Output Position: 0.2199783894916728; Motor Current: 83.0
[2026-02-17 11:15:51,131] INFO: Time: 2.8993097720001515; Command Position: 0.22264221797633849; Output Position: 0.21996914864355302; Motor Current: 84.0
[2026-02-17 11:15:51,132] INFO: Time: 2.9003705970001192; Command Position: 0.22264221797633849; Output Position: 0.2199783894916728; Motor Current: 84.0
[2026-02-17 11:15:51,133] INFO: Time: 2.901427922000039; Command Position: 0.22264221797633849; Output Position: 0.21998763033979263; Motor Current: 83.0
[2026-02-17 11:15:51,134] INFO: Time: 2.902487562000033; Command Position: 0.22264221797633849; Output Position: 0.21998763033979263; Motor Current: 82.0
[2026-02-17 11:15:51,135] INFO: Time: 2.903546869000138; Command Position: 0.22264221797633849; Output Position: 0.21998763033979263; Motor Current: 83.0
[2026-02-17 11:15:51,136] INFO: Time: 2.90460613800019; Command Position: 0.22264221797633849; Output Position: 0.2199783894916728; Motor Current: 82.0
[2026-02-17 11:15:51,137] INFO: Time: 2.9056666300000416; Command Position: 0.22264221797633849; Output Position: 0.2199783894916728; Motor Current: 83.0
[2026-02-17 11:15:51,138] INFO: Time: 2.906728196000131; Command Position: 0.22264221797633849; Output Position: 0.2199783894916728; Motor Current: 84.0
[2026-02-17 11:15:51,140] INFO: Time: 2.907785039000146; Command Position: 0.22264221797633849; Output Position: 0.21998763033979263; Motor Current: 84.0
[2026-02-17 11:15:51,141] INFO: Time: 2.909071552000114; Command Position: 0.22264221797633849; Output Position: 0.21998763033979263; Motor Current: 84.0
[2026-02-17 11:15:51,142] INFO: Time: 2.91013182100005; Command Position: 0.22264221797633849; Output Position: 0.2199783894916728; Motor Current: 83.0
[2026-02-17 11:15:51,143] INFO: Time: 2.9111926840000706; Command Position: 0.22264221797633849; Output Position: 0.2199783894916728; Motor Current: 84.0
[2026-02-17 11:15:51,144] INFO: Time: 2.9122537310001917; Command Position: 0.22264221797633849; Output Position: 0.21996914864355302; Motor Current: 85.0
[2026-02-17 11:15:51,145] INFO: Time: 2.913315519000207; Command Position: 0.22264221797633849; Output Position: 0.2199968711879124; Motor Current: 87.0
[2026-02-17 11:15:51,146] INFO: Time: 2.91437295500009; Command Position: 0.22264221797633849; Output Position: 0.2199783894916728; Motor Current: 87.0
[2026-02-17 11:15:51,147] INFO: Time: 2.915432150000015; Command Position: 0.22264221797633849; Output Position: 0.2199783894916728; Motor Current: 87.0
[2026-02-17 11:15:51,148] INFO: Time: 2.9164909390001412; Command Position: 0.22264221797633849; Output Position: 0.21998763033979263; Motor Current: 84.0
[2026-02-17 11:15:51,149] INFO: Time: 2.917549949000204; Command Position: 0.22264221797633849; Output Position: 0.2199968711879124; Motor Current: 85.0
[2026-02-17 11:15:51,150] INFO: Time: 2.9186109780000606; Command Position: 0.22264221797633849; Output Position: 0.2199783894916728; Motor Current: 86.0
[2026-02-17 11:15:51,151] INFO: Time: 2.9196726360000866; Command Position: 0.22264221797633849; Output Position: 0.21998763033979263; Motor Current: 85.0
[2026-02-17 11:15:51,152] INFO: Time: 2.9207300350001333; Command Position: 0.22264221797633849; Output Position: 0.21998763033979263; Motor Current: 86.0
[2026-02-17 11:15:51,154] INFO: Time: 2.9217888050000056; Command Position: 0.22264221797633849; Output Position: 0.21996914864355302; Motor Current: 86.0
[2026-02-17 11:15:51,155] INFO: Time: 2.9228480190001846; Command Position: 0.22264221797633849; Output Position: 0.21998763033979263; Motor Current: 86.0
[2026-02-17 11:15:51,156] INFO: Time: 2.9239070840001204; Command Position: 0.22264221797633849; Output Position: 0.2199783894916728; Motor Current: 85.0
[2026-02-17 11:15:51,157] INFO: Time: 2.9249700950001625; Command Position: 0.22264221797633849; Output Position: 0.21998763033979263; Motor Current: 84.0
[2026-02-17 11:15:51,158] INFO: Time: 2.9260316790000616; Command Position: 0.22264221797633849; Output Position: 0.2199783894916728; Motor Current: 83.0
[2026-02-17 11:15:51,159] INFO: Time: 2.927091634000135; Command Position: 0.22264221797633849; Output Position: 0.2199783894916728; Motor Current: 83.0
[2026-02-17 11:15:51,160] INFO: Time: 2.928152996000108; Command Position: 0.22264221797633849; Output Position: 0.21998763033979263; Motor Current: 84.0
[2026-02-17 11:15:51,161] INFO: Time: 2.9292155620000813; Command Position: 0.22264221797633849; Output Position: 0.21998763033979263; Motor Current: 84.0
[2026-02-17 11:15:51,162] INFO: Time: 2.9302745170000435; Command Position: 0.22264221797633849; Output Position: 0.2199783894916728; Motor Current: 82.0
[2026-02-17 11:15:51,163] INFO: Time: 2.931335749000027; Command Position: 0.22264221797633849; Output Position: 0.2199783894916728; Motor Current: 83.0
[2026-02-17 11:15:51,164] INFO: Time: 2.932395741000164; Command Position: 0.22264221797633849; Output Position: 0.21998763033979263; Motor Current: 83.0
[2026-02-17 11:15:51,165] INFO: Time: 2.9334546770000998; Command Position: 0.22264221797633849; Output Position: 0.21996914864355302; Motor Current: 85.0
[2026-02-17 11:15:51,166] INFO: Time: 2.934513632000062; Command Position: 0.22264221797633849; Output Position: 0.2199783894916728; Motor Current: 86.0
[2026-02-17 11:15:51,167] INFO: Time: 2.935572772000114; Command Position: 0.22264221797633849; Output Position: 0.2199783894916728; Motor Current: 87.0
[2026-02-17 11:15:51,168] INFO: Time: 2.936631597000087; Command Position: 0.22264221797633849; Output Position: 0.2199783894916728; Motor Current: 87.0
[2026-02-17 11:15:51,169] INFO: Time: 2.937692848000097; Command Position: 0.22264221797633849; Output Position: 0.2199783894916728; Motor Current: 87.0
[2026-02-17 11:15:51,171] INFO: Time: 2.938754284000197; Command Position: 0.22264221797633849; Output Position: 0.2199783894916728; Motor Current: 86.0
[2026-02-17 11:15:51,172] INFO: Time: 2.939820239000028; Command Position: 0.22264221797633849; Output Position: 0.2199783894916728; Motor Current: 86.0
[2026-02-17 11:15:51,173] INFO: Time: 2.9408794340001805; Command Position: 0.22264221797633849; Output Position: 0.2199968711879124; Motor Current: 86.0
[2026-02-17 11:15:51,174] INFO: Time: 2.9419384630000422; Command Position: 0.22264221797633849; Output Position: 0.2199783894916728; Motor Current: 85.0
[2026-02-17 11:15:51,175] INFO: Time: 2.942997177000052; Command Position: 0.22264221797633849; Output Position: 0.2199968711879124; Motor Current: 81.0
[2026-02-17 11:15:51,176] INFO: Time: 2.944066613000132; Command Position: 0.22264221797633849; Output Position: 0.2199783894916728; Motor Current: 82.0
[2026-02-17 11:15:51,177] INFO: Time: 2.945129272000031; Command Position: 0.22264221797633849; Output Position: 0.2199783894916728; Motor Current: 82.0
[2026-02-17 11:15:51,178] INFO: Time: 2.946188763000009; Command Position: 0.22264221797633849; Output Position: 0.2199783894916728; Motor Current: 83.0
[2026-02-17 11:15:51,179] INFO: Time: 2.9472481990001143; Command Position: 0.22264221797633849; Output Position: 0.2199968711879124; Motor Current: 86.0
[2026-02-17 11:15:51,180] INFO: Time: 2.9483071540000765; Command Position: 0.22264221797633849; Output Position: 0.21998763033979263; Motor Current: 83.0
[2026-02-17 11:15:51,181] INFO: Time: 2.9493676640001922; Command Position: 0.22264221797633849; Output Position: 0.21998763033979263; Motor Current: 83.0
[2026-02-17 11:15:51,182] INFO: Time: 2.95042956400016; Command Position: 0.22264221797633849; Output Position: 0.21998763033979263; Motor Current: 83.0
[2026-02-17 11:15:51,183] INFO: Time: 2.951491722000128; Command Position: 0.22264221797633849; Output Position: 0.2199783894916728; Motor Current: 83.0
[2026-02-17 11:15:51,184] INFO: Time: 2.952551566000011; Command Position: 0.22264221797633849; Output Position: 0.21998763033979263; Motor Current: 85.0
[2026-02-17 11:15:51,185] INFO: Time: 2.953610946000026; Command Position: 0.22264221797633849; Output Position: 0.21998763033979263; Motor Current: 84.0
[2026-02-17 11:15:51,186] INFO: Time: 2.954670031000205; Command Position: 0.22264221797633849; Output Position: 0.21998763033979263; Motor Current: 82.0
[2026-02-17 11:15:51,188] INFO: Time: 2.9557316520001677; Command Position: 0.22264221797633849; Output Position: 0.21996914864355302; Motor Current: 83.0
[2026-02-17 11:15:51,189] INFO: Time: 2.956800848000057; Command Position: 0.22264221797633849; Output Position: 0.21996914864355302; Motor Current: 84.0
[2026-02-17 11:15:51,190] INFO: Time: 2.957863247000205; Command Position: 0.22264221797633849; Output Position: 0.2199783894916728; Motor Current: 86.0
[2026-02-17 11:15:51,191] INFO: Time: 2.958923813000183; Command Position: 0.22264221797633849; Output Position: 0.2199783894916728; Motor Current: 88.0
[2026-02-17 11:15:51,192] INFO: Time: 2.9599838410001666; Command Position: 0.22264221797633849; Output Position: 0.2199783894916728; Motor Current: 89.0
[2026-02-17 11:15:51,193] INFO: Time: 2.961044111000092; Command Position: 0.22264221797633849; Output Position: 0.2199783894916728; Motor Current: 87.0
[2026-02-17 11:15:51,194] INFO: Time: 2.962106418000076; Command Position: 0.22264221797633849; Output Position: 0.2199783894916728; Motor Current: 86.0
[2026-02-17 11:15:51,195] INFO: Time: 2.9631676500000594; Command Position: 0.22264221797633849; Output Position: 0.2199783894916728; Motor Current: 86.0
[2026-02-17 11:15:51,196] INFO: Time: 2.9642263270000058; Command Position: 0.22264221797633849; Output Position: 0.21998763033979263; Motor Current: 85.0
[2026-02-17 11:15:51,197] INFO: Time: 2.9652853370000685; Command Position: 0.22264221797633849; Output Position: 0.2199783894916728; Motor Current: 83.0
[2026-02-17 11:15:51,198] INFO: Time: 2.9663444770001206; Command Position: 0.22264221797633849; Output Position: 0.2199783894916728; Motor Current: 80.0
[2026-02-17 11:15:51,199] INFO: Time: 2.9674033020000934; Command Position: 0.22264221797633849; Output Position: 0.2199783894916728; Motor Current: 80.0
[2026-02-17 11:15:51,200] INFO: Time: 2.968464016000098; Command Position: 0.22264221797633849; Output Position: 0.21996914864355302; Motor Current: 82.0
[2026-02-17 11:15:51,201] INFO: Time: 2.96952563800005; Command Position: 0.22264221797633849; Output Position: 0.2199783894916728; Motor Current: 81.0
[2026-02-17 11:15:51,202] INFO: Time: 2.9705848330002027; Command Position: 0.22264221797633849; Output Position: 0.2199783894916728; Motor Current: 82.0
[2026-02-17 11:15:51,203] INFO: Time: 2.9716440470001544; Command Position: 0.22264221797633849; Output Position: 0.2199968711879124; Motor Current: 82.0
[2026-02-17 11:15:51,204] INFO: Time: 2.9727030020001166; Command Position: 0.22264221797633849; Output Position: 0.2199783894916728; Motor Current: 82.0
[2026-02-17 11:15:51,206] INFO: Time: 2.9737639380000473; Command Position: 0.22264221797633849; Output Position: 0.21998763033979263; Motor Current: 82.0
[2026-02-17 11:15:51,207] INFO: Time: 2.974825244000158; Command Position: 0.22264221797633849; Output Position: 0.2199783894916728; Motor Current: 82.0
[2026-02-17 11:15:51,208] INFO: Time: 2.975884403000009; Command Position: 0.22264221797633849; Output Position: 0.21998763033979263; Motor Current: 82.0
[2026-02-17 11:15:51,209] INFO: Time: 2.976943117000019; Command Position: 0.22264221797633849; Output Position: 0.2199783894916728; Motor Current: 81.0
[2026-02-17 11:15:51,210] INFO: Time: 2.9780019050001556; Command Position: 0.22264221797633849; Output Position: 0.21998763033979263; Motor Current: 81.0
[2026-02-17 11:15:51,211] INFO: Time: 2.9790633600000547; Command Position: 0.22264221797633849; Output Position: 0.2199783894916728; Motor Current: 82.0
[2026-02-17 11:15:51,212] INFO: Time: 2.980525929000123; Command Position: 0.22264221797633849; Output Position: 0.2199783894916728; Motor Current: 82.0
[2026-02-17 11:15:51,213] INFO: Time: 2.9815863840001384; Command Position: 0.22264221797633849; Output Position: 0.21998763033979263; Motor Current: 84.0
[2026-02-17 11:15:51,214] INFO: Time: 2.9826481350000904; Command Position: 0.22264221797633849; Output Position: 0.2199783894916728; Motor Current: 86.0
[2026-02-17 11:15:51,215] INFO: Time: 2.9837086820000422; Command Position: 0.22264221797633849; Output Position: 0.21998763033979263; Motor Current: 86.0
[2026-02-17 11:15:51,217] INFO: Time: 2.984768507000126; Command Position: 0.22264221797633849; Output Position: 0.21998763033979263; Motor Current: 86.0
[2026-02-17 11:15:51,218] INFO: Time: 2.9858283700000356; Command Position: 0.22264221797633849; Output Position: 0.21998763033979263; Motor Current: 83.0
[2026-02-17 11:15:51,219] INFO: Time: 2.9868921390000196; Command Position: 0.22264221797633849; Output Position: 0.2199783894916728; Motor Current: 82.0
[2026-02-17 11:15:51,220] INFO: Time: 2.9879537420001725; Command Position: 0.22264221797633849; Output Position: 0.2199783894916728; Motor Current: 84.0
[2026-02-17 11:15:51,221] INFO: Time: 2.9890139000001454; Command Position: 0.22264221797633849; Output Position: 0.21998763033979263; Motor Current: 84.0
[2026-02-17 11:15:51,222] INFO: Time: 2.990212634000045; Command Position: 0.22264221797633849; Output Position: 0.2199783894916728; Motor Current: 82.0
[2026-02-17 11:15:51,223] INFO: Time: 2.9912734590000127; Command Position: 0.22264221797633849; Output Position: 0.2199968711879124; Motor Current: 83.0
[2026-02-17 11:15:51,224] INFO: Time: 2.992334081000081; Command Position: 0.22264221797633849; Output Position: 0.2199783894916728; Motor Current: 82.0
[2026-02-17 11:15:51,225] INFO: Time: 2.9933953130000646; Command Position: 0.22264221797633849; Output Position: 0.2199783894916728; Motor Current: 84.0
[2026-02-17 11:15:51,226] INFO: Time: 2.994456879000154; Command Position: 0.22264221797633849; Output Position: 0.2199783894916728; Motor Current: 85.0
[2026-02-17 11:15:51,227] INFO: Time: 2.995514112000137; Command Position: 0.22264221797633849; Output Position: 0.2199968711879124; Motor Current: 88.0
[2026-02-17 11:15:51,228] INFO: Time: 2.9965731400000095; Command Position: 0.22264221797633849; Output Position: 0.2199783894916728; Motor Current: 88.0
[2026-02-17 11:15:51,229] INFO: Time: 2.997632428000088; Command Position: 0.22264221797633849; Output Position: 0.2199783894916728; Motor Current: 88.0
[2026-02-17 11:15:51,230] INFO: Time: 2.99869303100013; Command Position: 0.22264221797633849; Output Position: 0.21998763033979263; Motor Current: 87.0
[2026-02-17 11:15:51,232] INFO: Time: 2.9997547450000184; Command Position: 0.22264221797633849; Output Position: 0.2199783894916728; Motor Current: 89.0
[2026-02-17 11:15:51,233] INFO: Time: 3.0008143480001763; Command Position: 0.22264221797633849; Output Position: 0.2199783894916728; Motor Current: 91.0
[2026-02-17 11:15:51,234] INFO: Time: 3.0018716360000326; Command Position: 0.22264221797633849; Output Position: 0.2199783894916728; Motor Current: 89.0
[2026-02-17 11:15:51,235] INFO: Time: 3.0029311830001006; Command Position: 0.22264221797633849; Output Position: 0.21998763033979263; Motor Current: 87.0
[2026-02-17 11:15:51,236] INFO: Time: 3.003989620000084; Command Position: 0.22264221797633849; Output Position: 0.2199783894916728; Motor Current: 87.0
[2026-02-17 11:15:51,237] INFO: Time: 3.005070815000181; Command Position: 0.22264221797633849; Output Position: 0.21998763033979263; Motor Current: 88.0
[2026-02-17 11:15:51,238] INFO: Time: 3.0061324000000695; Command Position: 0.22264221797633849; Output Position: 0.2199783894916728; Motor Current: 88.0
[2026-02-17 11:15:51,239] INFO: Time: 3.0072021320002023; Command Position: 0.22264221797633849; Output Position: 0.2199783894916728; Motor Current: 88.0
[2026-02-17 11:15:51,240] INFO: Time: 3.0082619940001223; Command Position: 0.22264221797633849; Output Position: 0.21998763033979263; Motor Current: 87.0
[2026-02-17 11:15:51,241] INFO: Time: 3.009321282000201; Command Position: 0.22264221797633849; Output Position: 0.21996914864355302; Motor Current: 86.0
[2026-02-17 11:15:51,242] INFO: Time: 3.010382348000121; Command Position: 0.22264221797633849; Output Position: 0.2199783894916728; Motor Current: 86.0
[2026-02-17 11:15:51,243] INFO: Time: 3.011444155000163; Command Position: 0.22264221797633849; Output Position: 0.21998763033979263; Motor Current: 87.0
[2026-02-17 11:15:51,244] INFO: Time: 3.0125066840000727; Command Position: 0.22264221797633849; Output Position: 0.2199783894916728; Motor Current: 86.0
[2026-02-17 11:15:51,245] INFO: Time: 3.013565490000019; Command Position: 0.22264221797633849; Output Position: 0.2199783894916728; Motor Current: 86.0
[2026-02-17 11:15:51,246] INFO: Time: 3.0146252410002035; Command Position: 0.22264221797633849; Output Position: 0.2199783894916728; Motor Current: 86.0
[2026-02-17 11:15:51,247] INFO: Time: 3.015684548000081; Command Position: 0.22264221797633849; Output Position: 0.2199783894916728; Motor Current: 84.0
[2026-02-17 11:15:51,249] INFO: Time: 3.0167469100001654; Command Position: 0.22264221797633849; Output Position: 0.21998763033979263; Motor Current: 84.0
[2026-02-17 11:15:51,250] INFO: Time: 3.0178091610000592; Command Position: 0.22264221797633849; Output Position: 0.2199968711879124; Motor Current: 86.0
[2026-02-17 11:15:51,251] INFO: Time: 3.0188692270000956; Command Position: 0.22264221797633849; Output Position: 0.2199783894916728; Motor Current: 84.0
[2026-02-17 11:15:51,252] INFO: Time: 3.0199287550001372; Command Position: 0.22264221797633849; Output Position: 0.2199783894916728; Motor Current: 83.0
[2026-02-17 11:15:51,253] INFO: Time: 3.0209880060001524; Command Position: 0.22264221797633849; Output Position: 0.2199783894916728; Motor Current: 82.0
[2026-02-17 11:15:51,254] INFO: Time: 3.022063406000143; Command Position: 0.22264221797633849; Output Position: 0.2199783894916728; Motor Current: 85.0
[2026-02-17 11:15:51,255] INFO: Time: 3.0231296380000003; Command Position: 0.22264221797633849; Output Position: 0.21998763033979263; Motor Current: 85.0
[2026-02-17 11:15:51,256] INFO: Time: 3.024450725000179; Command Position: 0.22264221797633849; Output Position: 0.2199783894916728; Motor Current: 83.0
[2026-02-17 11:15:51,257] INFO: Time: 3.0254919950000385; Command Position: 0.22264221797633849; Output Position: 0.21998763033979263; Motor Current: 84.0
[2026-02-17 11:15:51,258] INFO: Time: 3.026554801000202; Command Position: 0.22264221797633849; Output Position: 0.2199783894916728; Motor Current: 84.0
[2026-02-17 11:15:51,259] INFO: Time: 3.0276156450001963; Command Position: 0.22264221797633849; Output Position: 0.2199783894916728; Motor Current: 86.0
[2026-02-17 11:15:51,260] INFO: Time: 3.028677970000217; Command Position: 0.22264221797633849; Output Position: 0.2199783894916728; Motor Current: 86.0
[2026-02-17 11:15:51,262] INFO: Time: 3.029739925000058; Command Position: 0.22264221797633849; Output Position: 0.21998763033979263; Motor Current: 82.0
[2026-02-17 11:15:51,263] INFO: Time: 3.030799064000121; Command Position: 0.22264221797633849; Output Position: 0.2199783894916728; Motor Current: 80.0
[2026-02-17 11:15:51,264] INFO: Time: 3.031858353000189; Command Position: 0.22264221797633849; Output Position: 0.2199783894916728; Motor Current: 82.0
[2026-02-17 11:15:51,265] INFO: Time: 3.0329188260000137; Command Position: 0.22264221797633849; Output Position: 0.2199783894916728; Motor Current: 81.0
[2026-02-17 11:15:51,266] INFO: Time: 3.033978206000029; Command Position: 0.22264221797633849; Output Position: 0.2199783894916728; Motor Current: 81.0
[2026-02-17 11:15:51,267] INFO: Time: 3.0350400870001977; Command Position: 0.22264221797633849; Output Position: 0.21998763033979263; Motor Current: 82.0
[2026-02-17 11:15:51,268] INFO: Time: 3.036118505000104; Command Position: 0.22264221797633849; Output Position: 0.2199783894916728; Motor Current: 83.0
[2026-02-17 11:15:51,269] INFO: Time: 3.0371601450001435; Command Position: 0.22264221797633849; Output Position: 0.21998763033979263; Motor Current: 83.0
[2026-02-17 11:15:51,270] INFO: Time: 3.0382190070001798; Command Position: 0.22264221797633849; Output Position: 0.21996914864355302; Motor Current: 83.0
[2026-02-17 11:15:51,271] INFO: Time: 3.0392807210000683; Command Position: 0.22264221797633849; Output Position: 0.2199968711879124; Motor Current: 85.0
[2026-02-17 11:15:51,272] INFO: Time: 3.0403391010001997; Command Position: 0.22264221797633849; Output Position: 0.21998763033979263; Motor Current: 86.0
[2026-02-17 11:15:51,273] INFO: Time: 3.0414003150001463; Command Position: 0.22264221797633849; Output Position: 0.21998763033979263; Motor Current: 85.0
[2026-02-17 11:15:51,274] INFO: Time: 3.0424618440001723; Command Position: 0.22264221797633849; Output Position: 0.21996914864355302; Motor Current: 81.0
[2026-02-17 11:15:51,275] INFO: Time: 3.04352115100005; Command Position: 0.22264221797633849; Output Position: 0.2199968711879124; Motor Current: 83.0
[2026-02-17 11:15:51,276] INFO: Time: 3.0445798280002236; Command Position: 0.22264221797633849; Output Position: 0.2199783894916728; Motor Current: 83.0
[2026-02-17 11:15:51,277] INFO: Time: 3.045638671000006; Command Position: 0.22264221797633849; Output Position: 0.21998763033979263; Motor Current: 86.0
[2026-02-17 11:15:51,278] INFO: Time: 3.0466999590000796; Command Position: 0.22264221797633849; Output Position: 0.21998763033979263; Motor Current: 85.0
[2026-02-17 11:15:51,280] INFO: Time: 3.047761414000206; Command Position: 0.22264221797633849; Output Position: 0.2199783894916728; Motor Current: 82.0
[2026-02-17 11:15:51,281] INFO: Time: 3.0488217020001684; Command Position: 0.22264221797633849; Output Position: 0.21998763033979263; Motor Current: 83.0
[2026-02-17 11:15:51,282] INFO: Time: 3.049881527000025; Command Position: 0.22264221797633849; Output Position: 0.21998763033979263; Motor Current: 84.0
[2026-02-17 11:15:51,283] INFO: Time: 3.050940741000204; Command Position: 0.22264221797633849; Output Position: 0.2199783894916728; Motor Current: 85.0
[2026-02-17 11:15:51,284] INFO: Time: 3.0519998620000024; Command Position: 0.22264221797633849; Output Position: 0.21998763033979263; Motor Current: 82.0
[2026-02-17 11:15:51,285] INFO: Time: 3.053073965000067; Command Position: 0.22264221797633849; Output Position: 0.21998763033979263; Motor Current: 82.0
[2026-02-17 11:15:51,286] INFO: Time: 3.054134716000135; Command Position: 0.22264221797633849; Output Position: 0.21998763033979263; Motor Current: 82.0
[2026-02-17 11:15:51,287] INFO: Time: 3.055193949000113; Command Position: 0.22264221797633849; Output Position: 0.2199968711879124; Motor Current: 81.0
[2026-02-17 11:15:51,288] INFO: Time: 3.056252774000086; Command Position: 0.22264221797633849; Output Position: 0.2199783894916728; Motor Current: 81.0
[2026-02-17 11:15:51,289] INFO: Time: 3.057311284000207; Command Position: 0.22264221797633849; Output Position: 0.2199968711879124; Motor Current: 81.0
[2026-02-17 11:15:51,290] INFO: Time: 3.0583697020001637; Command Position: 0.22264221797633849; Output Position: 0.21998763033979263; Motor Current: 80.0
[2026-02-17 11:15:51,291] INFO: Time: 3.0594371750000846; Command Position: 0.22264221797633849; Output Position: 0.2199783894916728; Motor Current: 81.0
[2026-02-17 11:15:51,292] INFO: Time: 3.060516871000118; Command Position: 0.22264221797633849; Output Position: 0.21998763033979263; Motor Current: 81.0
[2026-02-17 11:15:51,293] INFO: Time: 3.0615777700002127; Command Position: 0.22264221797633849; Output Position: 0.2199783894916728; Motor Current: 83.0
[2026-02-17 11:15:51,294] INFO: Time: 3.0626380770002015; Command Position: 0.22264221797633849; Output Position: 0.2199783894916728; Motor Current: 83.0
[2026-02-17 11:15:51,295] INFO: Time: 3.0636978460001956; Command Position: 0.22264221797633849; Output Position: 0.2199783894916728; Motor Current: 83.0
[2026-02-17 11:15:51,297] INFO: Time: 3.0647589860000153; Command Position: 0.22264221797633849; Output Position: 0.2199783894916728; Motor Current: 83.0
[2026-02-17 11:15:51,298] INFO: Time: 3.0658210150002105; Command Position: 0.22264221797633849; Output Position: 0.21998763033979263; Motor Current: 85.0
[2026-02-17 11:15:51,299] INFO: Time: 3.06687998800021; Command Position: 0.22264221797633849; Output Position: 0.2199783894916728; Motor Current: 82.0
[2026-02-17 11:15:51,300] INFO: Time: 3.0679397020001034; Command Position: 0.22264221797633849; Output Position: 0.2199783894916728; Motor Current: 81.0
[2026-02-17 11:15:51,301] INFO: Time: 3.0690009530001134; Command Position: 0.22264221797633849; Output Position: 0.21998763033979263; Motor Current: 82.0
[2026-02-17 11:15:51,302] INFO: Time: 3.070071760000019; Command Position: 0.22264221797633849; Output Position: 0.2199783894916728; Motor Current: 81.0
[2026-02-17 11:15:51,303] INFO: Time: 3.0711353630001668; Command Position: 0.22264221797633849; Output Position: 0.2199783894916728; Motor Current: 81.0
[2026-02-17 11:15:51,304] INFO: Time: 3.072205373000088; Command Position: 0.22264221797633849; Output Position: 0.21996914864355302; Motor Current: 83.0
[2026-02-17 11:15:51,305] INFO: Time: 3.073274495000078; Command Position: 0.22264221797633849; Output Position: 0.2199968711879124; Motor Current: 83.0
[2026-02-17 11:15:51,306] INFO: Time: 3.0743354310000086; Command Position: 0.22264221797633849; Output Position: 0.21998763033979263; Motor Current: 84.0
[2026-02-17 11:15:51,307] INFO: Time: 3.0753962190001403; Command Position: 0.22264221797633849; Output Position: 0.21996914864355302; Motor Current: 83.0
[2026-02-17 11:15:51,308] INFO: Time: 3.076455173000113; Command Position: 0.22264221797633849; Output Position: 0.21998763033979263; Motor Current: 84.0
[2026-02-17 11:15:51,309] INFO: Time: 3.0775161280000702; Command Position: 0.22264221797633849; Output Position: 0.21998763033979263; Motor Current: 85.0
[2026-02-17 11:15:51,310] INFO: Time: 3.0785764720001225; Command Position: 0.22264221797633849; Output Position: 0.2199783894916728; Motor Current: 86.0
[2026-02-17 11:15:51,311] INFO: Time: 3.0796360010001536; Command Position: 0.22264221797633849; Output Position: 0.2199783894916728; Motor Current: 82.0
[2026-02-17 11:15:51,312] INFO: Time: 3.08070273300018; Command Position: 0.22264221797633849; Output Position: 0.21998763033979263; Motor Current: 84.0
[2026-02-17 11:15:51,314] INFO: Time: 3.0817618920000314; Command Position: 0.22264221797633849; Output Position: 0.21998763033979263; Motor Current: 83.0
[2026-02-17 11:15:51,315] INFO: Time: 3.0828227720000996; Command Position: 0.22264221797633849; Output Position: 0.21998763033979263; Motor Current: 84.0
[2026-02-17 11:15:51,316] INFO: Time: 3.083882931000062; Command Position: 0.22264221797633849; Output Position: 0.21998763033979263; Motor Current: 84.0
[2026-02-17 11:15:51,317] INFO: Time: 3.084946182000067; Command Position: 0.22264221797633849; Output Position: 0.2199783894916728; Motor Current: 81.0
[2026-02-17 11:15:51,318] INFO: Time: 3.0860061730002144; Command Position: 0.22264221797633849; Output Position: 0.2199783894916728; Motor Current: 83.0
[2026-02-17 11:15:51,319] INFO: Time: 3.087072517000024; Command Position: 0.22264221797633849; Output Position: 0.21996914864355302; Motor Current: 80.0
[2026-02-17 11:15:51,320] INFO: Time: 3.0881335830001717; Command Position: 0.22264221797633849; Output Position: 0.21996914864355302; Motor Current: 80.0
[2026-02-17 11:15:51,321] INFO: Time: 3.0891966860001503; Command Position: 0.22264221797633849; Output Position: 0.2199968711879124; Motor Current: 82.0
[2026-02-17 11:15:51,322] INFO: Time: 3.0902575850000176; Command Position: 0.22264221797633849; Output Position: 0.21998763033979263; Motor Current: 80.0
[2026-02-17 11:15:51,323] INFO: Time: 3.0913170770002125; Command Position: 0.22264221797633849; Output Position: 0.2199783894916728; Motor Current: 82.0
[2026-02-17 11:15:51,324] INFO: Time: 3.0923760680000214; Command Position: 0.22264221797633849; Output Position: 0.2199783894916728; Motor Current: 81.0
[2026-02-17 11:15:51,325] INFO: Time: 3.0934352080000735; Command Position: 0.22264221797633849; Output Position: 0.21998763033979263; Motor Current: 82.0
[2026-02-17 11:15:51,326] INFO: Time: 3.0944941630000358; Command Position: 0.22264221797633849; Output Position: 0.2199783894916728; Motor Current: 82.0
[2026-02-17 11:15:51,327] INFO: Time: 3.09555532100012; Command Position: 0.22264221797633849; Output Position: 0.21998763033979263; Motor Current: 82.0
[2026-02-17 11:15:51,328] INFO: Time: 3.096615998000061; Command Position: 0.22264221797633849; Output Position: 0.2199968711879124; Motor Current: 83.0
[2026-02-17 11:15:51,329] INFO: Time: 3.0976748980001503; Command Position: 0.22264221797633849; Output Position: 0.21998763033979263; Motor Current: 83.0
[2026-02-17 11:15:51,330] INFO: Time: 3.098733723000123; Command Position: 0.22264221797633849; Output Position: 0.2199783894916728; Motor Current: 83.0
[2026-02-17 11:15:51,332] INFO: Time: 3.099797863000049; Command Position: 0.22264221797633849; Output Position: 0.21998763033979263; Motor Current: 85.0
[2026-02-17 11:15:51,333] INFO: Time: 3.100854188000085; Command Position: 0.22264221797633849; Output Position: 0.21998763033979263; Motor Current: 84.0
[2026-02-17 11:15:51,334] INFO: Time: 3.1019167350000316; Command Position: 0.22264221797633849; Output Position: 0.21996914864355302; Motor Current: 84.0
[2026-02-17 11:15:51,335] INFO: Time: 3.1029752270001154; Command Position: 0.22264221797633849; Output Position: 0.2199968711879124; Motor Current: 85.0
[2026-02-17 11:15:51,336] INFO: Time: 3.1040347180000936; Command Position: 0.22264221797633849; Output Position: 0.21998763033979263; Motor Current: 85.0
[2026-02-17 11:15:51,337] INFO: Time: 3.105094099000098; Command Position: 0.22264221797633849; Output Position: 0.21998763033979263; Motor Current: 84.0
[2026-02-17 11:15:51,338] INFO: Time: 3.1061529430000974; Command Position: 0.22264221797633849; Output Position: 0.21998763033979263; Motor Current: 86.0
[2026-02-17 11:15:51,339] INFO: Time: 3.107214008000028; Command Position: 0.22264221797633849; Output Position: 0.21998763033979263; Motor Current: 86.0
[2026-02-17 11:15:51,340] INFO: Time: 3.1082745740000064; Command Position: 0.22264221797633849; Output Position: 0.2199783894916728; Motor Current: 88.0
[2026-02-17 11:15:51,341] INFO: Time: 3.109333455000069; Command Position: 0.22264221797633849; Output Position: 0.2199783894916728; Motor Current: 87.0
[2026-02-17 11:15:51,342] INFO: Time: 3.110392465000132; Command Position: 0.22264221797633849; Output Position: 0.2199783894916728; Motor Current: 84.0
[2026-02-17 11:15:51,343] INFO: Time: 3.111451216000205; Command Position: 0.22264221797633849; Output Position: 0.21996914864355302; Motor Current: 83.0
[2026-02-17 11:15:51,344] INFO: Time: 3.112509838000051; Command Position: 0.22264221797633849; Output Position: 0.2199783894916728; Motor Current: 85.0
[2026-02-17 11:15:51,345] INFO: Time: 3.113570885000172; Command Position: 0.22264221797633849; Output Position: 0.21998763033979263; Motor Current: 85.0
[2026-02-17 11:15:51,346] INFO: Time: 3.1146320060001926; Command Position: 0.22264221797633849; Output Position: 0.21998763033979263; Motor Current: 84.0
[2026-02-17 11:15:51,347] INFO: Time: 3.1156911090001813; Command Position: 0.22264221797633849; Output Position: 0.2199783894916728; Motor Current: 84.0
[2026-02-17 11:15:51,349] INFO: Time: 3.1167503600001965; Command Position: 0.22264221797633849; Output Position: 0.2199783894916728; Motor Current: 81.0
[2026-02-17 11:15:51,350] INFO: Time: 3.1178093700000318; Command Position: 0.22264221797633849; Output Position: 0.21996914864355302; Motor Current: 80.0
[2026-02-17 11:15:51,351] INFO: Time: 3.1188723070001743; Command Position: 0.22264221797633849; Output Position: 0.2199968711879124; Motor Current: 81.0
[2026-02-17 11:15:51,352] INFO: Time: 3.1199344100000417; Command Position: 0.22264221797633849; Output Position: 0.2199783894916728; Motor Current: 81.0
[2026-02-17 11:15:51,353] INFO: Time: 3.1209941420001996; Command Position: 0.22264221797633849; Output Position: 0.2199783894916728; Motor Current: 81.0
[2026-02-17 11:15:51,354] INFO: Time: 3.1220649300000787; Command Position: 0.22264221797633849; Output Position: 0.2199783894916728; Motor Current: 82.0
[2026-02-17 11:15:51,355] INFO: Time: 3.123125292000168; Command Position: 0.22264221797633849; Output Position: 0.2199783894916728; Motor Current: 82.0
[2026-02-17 11:15:51,356] INFO: Time: 3.124184340000056; Command Position: 0.22264221797633849; Output Position: 0.2199783894916728; Motor Current: 86.0
[2026-02-17 11:15:51,357] INFO: Time: 3.1252454420000504; Command Position: 0.22264221797633849; Output Position: 0.2199783894916728; Motor Current: 85.0
[2026-02-17 11:15:51,358] INFO: Time: 3.126306230000182; Command Position: 0.22264221797633849; Output Position: 0.2199783894916728; Motor Current: 82.0
[2026-02-17 11:15:51,359] INFO: Time: 3.1273656110001866; Command Position: 0.22264221797633849; Output Position: 0.21998763033979263; Motor Current: 82.0
[2026-02-17 11:15:51,360] INFO: Time: 3.128424788000075; Command Position: 0.22264221797633849; Output Position: 0.21998763033979263; Motor Current: 83.0
[2026-02-17 11:15:51,361] INFO: Time: 3.129484335000143; Command Position: 0.22264221797633849; Output Position: 0.2199968711879124; Motor Current: 83.0
[2026-02-17 11:15:51,362] INFO: Time: 3.130543457000158; Command Position: 0.22264221797633849; Output Position: 0.21998763033979263; Motor Current: 82.0
[2026-02-17 11:15:51,363] INFO: Time: 3.1316051890000836; Command Position: 0.22264221797633849; Output Position: 0.21996914864355302; Motor Current: 82.0
[2026-02-17 11:15:51,364] INFO: Time: 3.1326679960000092; Command Position: 0.22264221797633849; Output Position: 0.21996914864355302; Motor Current: 82.0
[2026-02-17 11:15:51,365] INFO: Time: 3.1337281540002095; Command Position: 0.22264221797633849; Output Position: 0.2199783894916728; Motor Current: 86.0
[2026-02-17 11:15:51,367] INFO: Time: 3.1347874049999973; Command Position: 0.22264221797633849; Output Position: 0.21998763033979263; Motor Current: 87.0
[2026-02-17 11:15:51,368] INFO: Time: 3.135846378000224; Command Position: 0.22264221797633849; Output Position: 0.2199783894916728; Motor Current: 85.0
[2026-02-17 11:15:51,369] INFO: Time: 3.1369055920001756; Command Position: 0.22264221797633849; Output Position: 0.21998763033979263; Motor Current: 84.0
[2026-02-17 11:15:51,370] INFO: Time: 3.137968881000006; Command Position: 0.22264221797633849; Output Position: 0.21998763033979263; Motor Current: 83.0
[2026-02-17 11:15:51,371] INFO: Time: 3.139031409000154; Command Position: 0.22264221797633849; Output Position: 0.21996914864355302; Motor Current: 86.0
[2026-02-17 11:15:51,372] INFO: Time: 3.140103568000086; Command Position: 0.22264221797633849; Output Position: 0.21998763033979263; Motor Current: 85.0
[2026-02-17 11:15:51,373] INFO: Time: 3.141162930000064; Command Position: 0.22264221797633849; Output Position: 0.21998763033979263; Motor Current: 83.0
[2026-02-17 11:15:51,374] INFO: Time: 3.142221940000127; Command Position: 0.22264221797633849; Output Position: 0.2199783894916728; Motor Current: 81.0
[2026-02-17 11:15:51,375] INFO: Time: 3.1432810430001155; Command Position: 0.22264221797633849; Output Position: 0.2199783894916728; Motor Current: 80.0
[2026-02-17 11:15:51,376] INFO: Time: 3.14434175700012; Command Position: 0.22264221797633849; Output Position: 0.2199783894916728; Motor Current: 82.0
[2026-02-17 11:15:51,377] INFO: Time: 3.1454026010001144; Command Position: 0.22264221797633849; Output Position: 0.2199783894916728; Motor Current: 83.0
[2026-02-17 11:15:51,378] INFO: Time: 3.146462611000061; Command Position: 0.22264221797633849; Output Position: 0.2199968711879124; Motor Current: 85.0
[2026-02-17 11:15:51,379] INFO: Time: 3.147522140000092; Command Position: 0.22264221797633849; Output Position: 0.21998763033979263; Motor Current: 85.0
[2026-02-17 11:15:51,380] INFO: Time: 3.1485810390001916; Command Position: 0.22264221797633849; Output Position: 0.21998763033979263; Motor Current: 84.0
[2026-02-17 11:15:51,381] INFO: Time: 3.1496401790000164; Command Position: 0.22264221797633849; Output Position: 0.21998763033979263; Motor Current: 83.0
[2026-02-17 11:15:51,382] INFO: Time: 3.1507015220001904; Command Position: 0.22264221797633849; Output Position: 0.2199783894916728; Motor Current: 82.0
[2026-02-17 11:15:51,384] INFO: Time: 3.151763292000169; Command Position: 0.22264221797633849; Output Position: 0.21998763033979263; Motor Current: 83.0
[2026-02-17 11:15:51,385] INFO: Time: 3.1528230800001893; Command Position: 0.22264221797633849; Output Position: 0.2199783894916728; Motor Current: 84.0
[2026-02-17 11:15:51,386] INFO: Time: 3.1538826090002203; Command Position: 0.22264221797633849; Output Position: 0.21998763033979263; Motor Current: 86.0
[2026-02-17 11:15:51,387] INFO: Time: 3.154949767000062; Command Position: 0.22264221797633849; Output Position: 0.2199783894916728; Motor Current: 85.0
[2026-02-17 11:15:51,388] INFO: Time: 3.156012685000178; Command Position: 0.22264221797633849; Output Position: 0.2199783894916728; Motor Current: 86.0
[2026-02-17 11:15:51,389] INFO: Time: 3.1570731770000293; Command Position: 0.22264221797633849; Output Position: 0.2199783894916728; Motor Current: 86.0
[2026-02-17 11:15:51,390] INFO: Time: 3.1581346130001293; Command Position: 0.22264221797633849; Output Position: 0.21998763033979263; Motor Current: 86.0
[2026-02-17 11:15:51,391] INFO: Time: 3.1592052900000454; Command Position: 0.22264221797633849; Output Position: 0.21998763033979263; Motor Current: 85.0
[2026-02-17 11:15:51,392] INFO: Time: 3.16026498500014; Command Position: 0.22264221797633849; Output Position: 0.2199783894916728; Motor Current: 83.0
[2026-02-17 11:15:51,393] INFO: Time: 3.1613244770001074; Command Position: 0.22264221797633849; Output Position: 0.2199783894916728; Motor Current: 83.0
[2026-02-17 11:15:51,394] INFO: Time: 3.1623833390001437; Command Position: 0.22264221797633849; Output Position: 0.21998763033979263; Motor Current: 84.0
[2026-02-17 11:15:51,395] INFO: Time: 3.1634442750000744; Command Position: 0.22264221797633849; Output Position: 0.2199783894916728; Motor Current: 84.0
[2026-02-17 11:15:51,396] INFO: Time: 3.164505360000021; Command Position: 0.22264221797633849; Output Position: 0.2199783894916728; Motor Current: 83.0
[2026-02-17 11:15:51,397] INFO: Time: 3.165564685000163; Command Position: 0.22264221797633849; Output Position: 0.2199783894916728; Motor Current: 83.0
[2026-02-17 11:15:51,398] INFO: Time: 3.1666236770001888; Command Position: 0.22264221797633849; Output Position: 0.2199783894916728; Motor Current: 81.0
[2026-02-17 11:15:51,400] INFO: Time: 3.1678775410000526; Command Position: 0.22264221797633849; Output Position: 0.21998763033979263; Motor Current: 82.0
[2026-02-17 11:15:51,401] INFO: Time: 3.1689408660001845; Command Position: 0.22264221797633849; Output Position: 0.21998763033979263; Motor Current: 82.0
[2026-02-17 11:15:51,402] INFO: Time: 3.170003283000142; Command Position: 0.22264221797633849; Output Position: 0.21998763033979263; Motor Current: 82.0
[2026-02-17 11:15:51,403] INFO: Time: 3.1710733120000896; Command Position: 0.22264221797633849; Output Position: 0.21998763033979263; Motor Current: 83.0
[2026-02-17 11:15:51,404] INFO: Time: 3.1721323970000412; Command Position: 0.22264221797633849; Output Position: 0.21998763033979263; Motor Current: 82.0
[2026-02-17 11:15:51,405] INFO: Time: 3.173191351000014; Command Position: 0.22264221797633849; Output Position: 0.2199783894916728; Motor Current: 82.0
[2026-02-17 11:15:51,406] INFO: Time: 3.1742522880001616; Command Position: 0.22264221797633849; Output Position: 0.21998763033979263; Motor Current: 82.0
[2026-02-17 11:15:51,407] INFO: Time: 3.1753128350001134; Command Position: 0.22264221797633849; Output Position: 0.2199968711879124; Motor Current: 80.0
[2026-02-17 11:15:51,408] INFO: Time: 3.1763719010000386; Command Position: 0.22264221797633849; Output Position: 0.21996914864355302; Motor Current: 83.0
[2026-02-17 11:15:51,409] INFO: Time: 3.177431170000091; Command Position: 0.22264221797633849; Output Position: 0.21998763033979263; Motor Current: 84.0
[2026-02-17 11:15:51,410] INFO: Time: 3.178489921000164; Command Position: 0.22264221797633849; Output Position: 0.2199783894916728; Motor Current: 86.0
[2026-02-17 11:15:51,411] INFO: Time: 3.179548617000137; Command Position: 0.22264221797633849; Output Position: 0.21996914864355302; Motor Current: 85.0
[2026-02-17 11:15:51,412] INFO: Time: 3.1806099050002103; Command Position: 0.22264221797633849; Output Position: 0.21998763033979263; Motor Current: 83.0
[2026-02-17 11:15:51,413] INFO: Time: 3.1816702850001093; Command Position: 0.22264221797633849; Output Position: 0.2199783894916728; Motor Current: 84.0
[2026-02-17 11:15:51,414] INFO: Time: 3.182729481000024; Command Position: 0.22264221797633849; Output Position: 0.21998763033979263; Motor Current: 84.0
[2026-02-17 11:15:51,416] INFO: Time: 3.183788732000039; Command Position: 0.22264221797633849; Output Position: 0.21998763033979263; Motor Current: 85.0
[2026-02-17 11:15:51,417] INFO: Time: 3.1848475010001494; Command Position: 0.22264221797633849; Output Position: 0.2199783894916728; Motor Current: 84.0
[2026-02-17 11:15:51,418] INFO: Time: 3.185906215000159; Command Position: 0.22264221797633849; Output Position: 0.2199783894916728; Motor Current: 85.0
[2026-02-17 11:15:51,419] INFO: Time: 3.1869811330000175; Command Position: 0.22264221797633849; Output Position: 0.21998763033979263; Motor Current: 86.0
[2026-02-17 11:15:51,420] INFO: Time: 3.1880421620001016; Command Position: 0.22264221797633849; Output Position: 0.21998763033979263; Motor Current: 85.0
[2026-02-17 11:15:51,421] INFO: Time: 3.1891012090000004; Command Position: 0.22264221797633849; Output Position: 0.2199783894916728; Motor Current: 82.0
[2026-02-17 11:15:51,422] INFO: Time: 3.190166090000048; Command Position: 0.22264221797633849; Output Position: 0.21996914864355302; Motor Current: 82.0
[2026-02-17 11:15:51,423] INFO: Time: 3.1912252110000736; Command Position: 0.22264221797633849; Output Position: 0.21998763033979263; Motor Current: 84.0
[2026-02-17 11:15:51,424] INFO: Time: 3.1922839810001733; Command Position: 0.22264221797633849; Output Position: 0.21995990779543326; Motor Current: 85.0
[2026-02-17 11:15:51,425] INFO: Time: 3.19334501000003; Command Position: 0.22264221797633849; Output Position: 0.2199783894916728; Motor Current: 85.0
[2026-02-17 11:15:51,426] INFO: Time: 3.1944073720001143; Command Position: 0.22264221797633849; Output Position: 0.21996914864355302; Motor Current: 86.0
[2026-02-17 11:15:51,427] INFO: Time: 3.1954668450000554; Command Position: 0.22264221797633849; Output Position: 0.2199783894916728; Motor Current: 87.0
[2026-02-17 11:15:51,428] INFO: Time: 3.196526040000208; Command Position: 0.22264221797633849; Output Position: 0.2199783894916728; Motor Current: 90.0
[2026-02-17 11:15:51,429] INFO: Time: 3.1975851250001597; Command Position: 0.22264221797633849; Output Position: 0.2199968711879124; Motor Current: 90.0
[2026-02-17 11:15:51,430] INFO: Time: 3.198643931000106; Command Position: 0.22264221797633849; Output Position: 0.2199783894916728; Motor Current: 90.0
[2026-02-17 11:15:51,431] INFO: Time: 3.1997047190000103; Command Position: 0.22264221797633849; Output Position: 0.2199783894916728; Motor Current: 88.0
[2026-02-17 11:15:51,433] INFO: Time: 3.2007654150002054; Command Position: 0.22264221797633849; Output Position: 0.2199783894916728; Motor Current: 86.0
[2026-02-17 11:15:51,435] INFO: Time: 3.203259495000111; Command Position: 0.22264221797633849; Output Position: 0.2199783894916728; Motor Current: 86.0
[2026-02-17 11:15:51,436] INFO: Time: 3.2043190790000153; Command Position: 0.22264221797633849; Output Position: 0.2199783894916728; Motor Current: 86.0
[2026-02-17 11:15:51,437] INFO: Time: 3.2053784220001944; Command Position: 0.22264221797633849; Output Position: 0.2199783894916728; Motor Current: 86.0
[2026-02-17 11:15:51,438] INFO: Time: 3.2064413030000196; Command Position: 0.22264221797633849; Output Position: 0.2199783894916728; Motor Current: 86.0
[2026-02-17 11:15:51,439] INFO: Time: 3.207502147000014; Command Position: 0.22264221797633849; Output Position: 0.21998763033979263; Motor Current: 88.0
[2026-02-17 11:15:51,440] INFO: Time: 3.2085615090002193; Command Position: 0.22264221797633849; Output Position: 0.21998763033979263; Motor Current: 88.0
[2026-02-17 11:15:51,441] INFO: Time: 3.209620760000007; Command Position: 0.22264221797633849; Output Position: 0.2199783894916728; Motor Current: 85.0
[2026-02-17 11:15:51,442] INFO: Time: 3.2106798810000328; Command Position: 0.22264221797633849; Output Position: 0.2199783894916728; Motor Current: 83.0
[2026-02-17 11:15:51,444] INFO: Time: 3.2117419100000006; Command Position: 0.22264221797633849; Output Position: 0.2199783894916728; Motor Current: 84.0
[2026-02-17 11:15:51,445] INFO: Time: 3.2128037170000425; Command Position: 0.22264221797633849; Output Position: 0.2199783894916728; Motor Current: 85.0
[2026-02-17 11:15:51,446] INFO: Time: 3.213863245000084; Command Position: 0.22264221797633849; Output Position: 0.21998763033979263; Motor Current: 86.0
[2026-02-17 11:15:51,447] INFO: Time: 3.2149224780000623; Command Position: 0.22264221797633849; Output Position: 0.21998763033979263; Motor Current: 86.0
[2026-02-17 11:15:51,448] INFO: Time: 3.21598069200013; Command Position: 0.22264221797633849; Output Position: 0.2199783894916728; Motor Current: 85.0
[2026-02-17 11:15:51,449] INFO: Time: 3.21703953500014; Command Position: 0.22264221797633849; Output Position: 0.2199783894916728; Motor Current: 85.0
[2026-02-17 11:15:51,450] INFO: Time: 3.218100972000002; Command Position: 0.22264221797633849; Output Position: 0.2199783894916728; Motor Current: 85.0
[2026-02-17 11:15:51,451] INFO: Time: 3.219162926000081; Command Position: 0.22264221797633849; Output Position: 0.2199783894916728; Motor Current: 86.0
[2026-02-17 11:15:51,452] INFO: Time: 3.220222326000112; Command Position: 0.22264221797633849; Output Position: 0.21996914864355302; Motor Current: 86.0
[2026-02-17 11:15:51,453] INFO: Time: 3.221281410000074; Command Position: 0.22264221797633849; Output Position: 0.21998763033979263; Motor Current: 88.0
[2026-02-17 11:15:51,454] INFO: Time: 3.222340291000137; Command Position: 0.22264221797633849; Output Position: 0.2199783894916728; Motor Current: 86.0
[2026-02-17 11:15:51,455] INFO: Time: 3.223399079000046; Command Position: 0.22264221797633849; Output Position: 0.2199783894916728; Motor Current: 87.0
[2026-02-17 11:15:51,456] INFO: Time: 3.2244601810000404; Command Position: 0.22264221797633849; Output Position: 0.21998763033979263; Motor Current: 89.0
[2026-02-17 11:15:51,457] INFO: Time: 3.22552554400022; Command Position: 0.22264221797633849; Output Position: 0.21996914864355302; Motor Current: 88.0
[2026-02-17 11:15:51,458] INFO: Time: 3.2265867390001404; Command Position: 0.22264221797633849; Output Position: 0.21998763033979263; Motor Current: 85.0
[2026-02-17 11:15:51,459] INFO: Time: 3.2276466570001503; Command Position: 0.22264221797633849; Output Position: 0.21996914864355302; Motor Current: 88.0
[2026-02-17 11:15:51,461] INFO: Time: 3.22875951900005; Command Position: 0.22264221797633849; Output Position: 0.2199783894916728; Motor Current: 87.0
[2026-02-17 11:15:51,462] INFO: Time: 3.229825993000077; Command Position: 0.22264221797633849; Output Position: 0.2199783894916728; Motor Current: 84.0
[2026-02-17 11:15:51,463] INFO: Time: 3.2309605040002225; Command Position: 0.22264221797633849; Output Position: 0.2199783894916728; Motor Current: 81.0
[2026-02-17 11:15:51,464] INFO: Time: 3.232021181000164; Command Position: 0.22264221797633849; Output Position: 0.21998763033979263; Motor Current: 83.0
[2026-02-17 11:15:51,465] INFO: Time: 3.2330813760002; Command Position: 0.22264221797633849; Output Position: 0.2199783894916728; Motor Current: 84.0
[2026-02-17 11:15:51,466] INFO: Time: 3.234140590000152; Command Position: 0.22264221797633849; Output Position: 0.2199783894916728; Motor Current: 83.0
[2026-02-17 11:15:51,467] INFO: Time: 3.2352124150002055; Command Position: 0.22264221797633849; Output Position: 0.21998763033979263; Motor Current: 82.0
[2026-02-17 11:15:51,468] INFO: Time: 3.2362735550000252; Command Position: 0.22264221797633849; Output Position: 0.21998763033979263; Motor Current: 83.0
[2026-02-17 11:15:51,469] INFO: Time: 3.2373341950001304; Command Position: 0.22264221797633849; Output Position: 0.2199783894916728; Motor Current: 82.0
[2026-02-17 11:15:51,470] INFO: Time: 3.238393594000172; Command Position: 0.22264221797633849; Output Position: 0.2199783894916728; Motor Current: 84.0
[2026-02-17 11:15:51,471] INFO: Time: 3.2394524750000073; Command Position: 0.22264221797633849; Output Position: 0.21996914864355302; Motor Current: 84.0
[2026-02-17 11:15:51,472] INFO: Time: 3.240510892000202; Command Position: 0.22264221797633849; Output Position: 0.2199968711879124; Motor Current: 85.0
[2026-02-17 11:15:51,473] INFO: Time: 3.241569292000122; Command Position: 0.22264221797633849; Output Position: 0.2199783894916728; Motor Current: 84.0
[2026-02-17 11:15:51,474] INFO: Time: 3.2426303570000528; Command Position: 0.22264221797633849; Output Position: 0.2199783894916728; Motor Current: 83.0
[2026-02-17 11:15:51,475] INFO: Time: 3.2436920530001316; Command Position: 0.22264221797633849; Output Position: 0.21996914864355302; Motor Current: 85.0
[2026-02-17 11:15:51,477] INFO: Time: 3.244751934000078; Command Position: 0.22264221797633849; Output Position: 0.21998763033979263; Motor Current: 84.0
[2026-02-17 11:15:51,478] INFO: Time: 3.245810962000178; Command Position: 0.22264221797633849; Output Position: 0.21998763033979263; Motor Current: 86.0
[2026-02-17 11:15:51,479] INFO: Time: 3.2468697690001136; Command Position: 0.22264221797633849; Output Position: 0.2199783894916728; Motor Current: 87.0
[2026-02-17 11:15:51,480] INFO: Time: 3.247928742000113; Command Position: 0.22264221797633849; Output Position: 0.21996914864355302; Motor Current: 87.0
[2026-02-17 11:15:51,481] INFO: Time: 3.248988475000033; Command Position: 0.22264221797633849; Output Position: 0.21998763033979263; Motor Current: 87.0
[2026-02-17 11:15:51,482] INFO: Time: 3.2500505960001647; Command Position: 0.22264221797633849; Output Position: 0.21996914864355302; Motor Current: 87.0
[2026-02-17 11:15:51,483] INFO: Time: 3.25111486600008; Command Position: 0.22264221797633849; Output Position: 0.2199783894916728; Motor Current: 87.0
[2026-02-17 11:15:51,484] INFO: Time: 3.2521739310000157; Command Position: 0.22264221797633849; Output Position: 0.2199968711879124; Motor Current: 88.0
[2026-02-17 11:15:51,485] INFO: Time: 3.2532717010001306; Command Position: 0.22264221797633849; Output Position: 0.21996914864355302; Motor Current: 87.0
[2026-02-17 11:15:51,486] INFO: Time: 3.254336971000157; Command Position: 0.22264221797633849; Output Position: 0.21996914864355302; Motor Current: 89.0
[2026-02-17 11:15:51,487] INFO: Time: 3.2554000180000457; Command Position: 0.22264221797633849; Output Position: 0.21996914864355302; Motor Current: 88.0
[2026-02-17 11:15:51,488] INFO: Time: 3.2564604170001985; Command Position: 0.22264221797633849; Output Position: 0.2199783894916728; Motor Current: 87.0
[2026-02-17 11:15:51,489] INFO: Time: 3.257520020000129; Command Position: 0.22264221797633849; Output Position: 0.2199968711879124; Motor Current: 87.0
[2026-02-17 11:15:51,490] INFO: Time: 3.258579938000139; Command Position: 0.22264221797633849; Output Position: 0.2199968711879124; Motor Current: 86.0
[2026-02-17 11:15:51,491] INFO: Time: 3.2596396520000326; Command Position: 0.22264221797633849; Output Position: 0.21998763033979263; Motor Current: 87.0
[2026-02-17 11:15:51,492] INFO: Time: 3.2607007730000532; Command Position: 0.22264221797633849; Output Position: 0.21998763033979263; Motor Current: 85.0
[2026-02-17 11:15:51,494] INFO: Time: 3.2617627280001216; Command Position: 0.22264221797633849; Output Position: 0.21998763033979263; Motor Current: 84.0
[2026-02-17 11:15:51,495] INFO: Time: 3.262822220000089; Command Position: 0.22264221797633849; Output Position: 0.21998763033979263; Motor Current: 83.0
[2026-02-17 11:15:51,496] INFO: Time: 3.263881434000041; Command Position: 0.22264221797633849; Output Position: 0.21996914864355302; Motor Current: 82.0
[2026-02-17 11:15:51,497] INFO: Time: 3.264941092000072; Command Position: 0.22264221797633849; Output Position: 0.2199783894916728; Motor Current: 82.0
[2026-02-17 11:15:51,498] INFO: Time: 3.2660002510001505; Command Position: 0.22264221797633849; Output Position: 0.21998763033979263; Motor Current: 83.0
[2026-02-17 11:15:51,499] INFO: Time: 3.2670771680000144; Command Position: 0.22264221797633849; Output Position: 0.21998763033979263; Motor Current: 84.0
[2026-02-17 11:15:51,500] INFO: Time: 3.268137845000183; Command Position: 0.22264221797633849; Output Position: 0.21998763033979263; Motor Current: 86.0
[2026-02-17 11:15:51,501] INFO: Time: 3.2692075780000778; Command Position: 0.22264221797633849; Output Position: 0.2199783894916728; Motor Current: 85.0
[2026-02-17 11:15:51,502] INFO: Time: 3.2702665880001405; Command Position: 0.22264221797633849; Output Position: 0.2199783894916728; Motor Current: 87.0
[2026-02-17 11:15:51,503] INFO: Time: 3.2713253210001767; Command Position: 0.22264221797633849; Output Position: 0.21996914864355302; Motor Current: 88.0
[2026-02-17 11:15:51,504] INFO: Time: 3.272384238000086; Command Position: 0.22264221797633849; Output Position: 0.21998763033979263; Motor Current: 86.0
[2026-02-17 11:15:51,505] INFO: Time: 3.273495860000139; Command Position: 0.22264221797633849; Output Position: 0.2199783894916728; Motor Current: 85.0
[2026-02-17 11:15:51,506] INFO: Time: 3.2745555190001596; Command Position: 0.22264221797633849; Output Position: 0.2199783894916728; Motor Current: 86.0
[2026-02-17 11:15:51,507] INFO: Time: 3.275616825000043; Command Position: 0.22264221797633849; Output Position: 0.21998763033979263; Motor Current: 85.0
[2026-02-17 11:15:51,508] INFO: Time: 3.2766766320000897; Command Position: 0.22264221797633849; Output Position: 0.2199968711879124; Motor Current: 84.0
[2026-02-17 11:15:51,510] INFO: Time: 3.2777361610001208; Command Position: 0.22264221797633849; Output Position: 0.2199783894916728; Motor Current: 84.0
[2026-02-17 11:15:51,511] INFO: Time: 3.2787980970001627; Command Position: 0.22264221797633849; Output Position: 0.21998763033979263; Motor Current: 83.0
[2026-02-17 11:15:51,512] INFO: Time: 3.2798603660000936; Command Position: 0.22264221797633849; Output Position: 0.2199783894916728; Motor Current: 83.0
[2026-02-17 11:15:51,513] INFO: Time: 3.2809208400001353; Command Position: 0.22264221797633849; Output Position: 0.21996914864355302; Motor Current: 84.0
[2026-02-17 11:15:51,514] INFO: Time: 3.2819803870002033; Command Position: 0.22264221797633849; Output Position: 0.21998763033979263; Motor Current: 86.0
[2026-02-17 11:15:51,515] INFO: Time: 3.2830396750000546; Command Position: 0.22264221797633849; Output Position: 0.2199783894916728; Motor Current: 82.0
[2026-02-17 11:15:51,516] INFO: Time: 3.284098481000001; Command Position: 0.22264221797633849; Output Position: 0.21998763033979263; Motor Current: 83.0
[2026-02-17 11:15:51,517] INFO: Time: 3.2851697700000386; Command Position: 0.22264221797633849; Output Position: 0.21998763033979263; Motor Current: 82.0
[2026-02-17 11:15:51,518] INFO: Time: 3.2862305020000804; Command Position: 0.22264221797633849; Output Position: 0.21998763033979263; Motor Current: 82.0
[2026-02-17 11:15:51,519] INFO: Time: 3.2872898090001854; Command Position: 0.22264221797633849; Output Position: 0.21998763033979263; Motor Current: 82.0
[2026-02-17 11:15:51,520] INFO: Time: 3.2883487080000577; Command Position: 0.22264221797633849; Output Position: 0.2199783894916728; Motor Current: 80.0
[2026-02-17 11:15:51,521] INFO: Time: 3.289407403000041; Command Position: 0.22264221797633849; Output Position: 0.2199783894916728; Motor Current: 82.0
[2026-02-17 11:15:51,522] INFO: Time: 3.2904660620001778; Command Position: 0.22264221797633849; Output Position: 0.2199783894916728; Motor Current: 84.0
[2026-02-17 11:15:51,523] INFO: Time: 3.2915263130000767; Command Position: 0.22264221797633849; Output Position: 0.2199968711879124; Motor Current: 85.0
[2026-02-17 11:15:51,524] INFO: Time: 3.292587175000108; Command Position: 0.22264221797633849; Output Position: 0.2199783894916728; Motor Current: 86.0
[2026-02-17 11:15:51,525] INFO: Time: 3.2936467410002024; Command Position: 0.22264221797633849; Output Position: 0.2199783894916728; Motor Current: 87.0
[2026-02-17 11:15:51,526] INFO: Time: 3.294706251000207; Command Position: 0.22264221797633849; Output Position: 0.2199783894916728; Motor Current: 88.0
[2026-02-17 11:15:51,528] INFO: Time: 3.2957652800000687; Command Position: 0.22264221797633849; Output Position: 0.21996914864355302; Motor Current: 90.0
[2026-02-17 11:15:51,529] INFO: Time: 3.2968258270000206; Command Position: 0.22264221797633849; Output Position: 0.2199783894916728; Motor Current: 91.0
[2026-02-17 11:15:51,530] INFO: Time: 3.297888948000036; Command Position: 0.22264221797633849; Output Position: 0.2199783894916728; Motor Current: 91.0
[2026-02-17 11:15:51,531] INFO: Time: 3.2989480700000513; Command Position: 0.22264221797633849; Output Position: 0.21998763033979263; Motor Current: 87.0
[2026-02-17 11:15:51,532] INFO: Time: 3.300006784000061; Command Position: 0.22264221797633849; Output Position: 0.21996914864355302; Motor Current: 85.0
[2026-02-17 11:15:51,533] INFO: Time: 3.3010786830000143; Command Position: 0.22264221797633849; Output Position: 0.2199783894916728; Motor Current: 84.0
[2026-02-17 11:15:51,534] INFO: Time: 3.302137471000151; Command Position: 0.22264221797633849; Output Position: 0.21998763033979263; Motor Current: 84.0
[2026-02-17 11:15:51,535] INFO: Time: 3.3032093150000037; Command Position: 0.22264221797633849; Output Position: 0.21998763033979263; Motor Current: 83.0
[2026-02-17 11:15:51,536] INFO: Time: 3.3042561210002077; Command Position: 0.22264221797633849; Output Position: 0.2199783894916728; Motor Current: 82.0
[2026-02-17 11:15:51,537] INFO: Time: 3.3053156130001753; Command Position: 0.22264221797633849; Output Position: 0.2199783894916728; Motor Current: 82.0
[2026-02-17 11:15:51,538] INFO: Time: 3.306374327000185; Command Position: 0.22264221797633849; Output Position: 0.21998763033979263; Motor Current: 84.0
[2026-02-17 11:15:51,539] INFO: Time: 3.3074330220001684; Command Position: 0.22264221797633849; Output Position: 0.21996914864355302; Motor Current: 83.0
[2026-02-17 11:15:51,540] INFO: Time: 3.308491607000178; Command Position: 0.22264221797633849; Output Position: 0.2199783894916728; Motor Current: 83.0
[2026-02-17 11:15:51,541] INFO: Time: 3.3095525060000455; Command Position: 0.22264221797633849; Output Position: 0.2199783894916728; Motor Current: 84.0
[2026-02-17 11:15:51,542] INFO: Time: 3.3106132750001507; Command Position: 0.22264221797633849; Output Position: 0.2199783894916728; Motor Current: 83.0
[2026-02-17 11:15:51,543] INFO: Time: 3.3116719710001234; Command Position: 0.22264221797633849; Output Position: 0.2199783894916728; Motor Current: 85.0
[2026-02-17 11:15:51,544] INFO: Time: 3.3127307590000328; Command Position: 0.22264221797633849; Output Position: 0.2199783894916728; Motor Current: 85.0
[2026-02-17 11:15:51,546] INFO: Time: 3.31378941700018; Command Position: 0.22264221797633849; Output Position: 0.21998763033979263; Motor Current: 86.0
[2026-02-17 11:15:51,547] INFO: Time: 3.314849946000095; Command Position: 0.22264221797633849; Output Position: 0.21996914864355302; Motor Current: 85.0
[2026-02-17 11:15:51,548] INFO: Time: 3.3159118820001368; Command Position: 0.22264221797633849; Output Position: 0.21998763033979263; Motor Current: 87.0
[2026-02-17 11:15:51,549] INFO: Time: 3.3169708740001624; Command Position: 0.22264221797633849; Output Position: 0.2199783894916728; Motor Current: 87.0
[2026-02-17 11:15:51,550] INFO: Time: 3.3180297549999977; Command Position: 0.22264221797633849; Output Position: 0.2199783894916728; Motor Current: 86.0
[2026-02-17 11:15:51,551] INFO: Time: 3.319089006000013; Command Position: 0.22264221797633849; Output Position: 0.2199968711879124; Motor Current: 87.0
[2026-02-17 11:15:51,552] INFO: Time: 3.320148108000012; Command Position: 0.22264221797633849; Output Position: 0.2199783894916728; Motor Current: 86.0
[2026-02-17 11:15:51,553] INFO: Time: 3.3212243600000875; Command Position: 0.22264221797633849; Output Position: 0.2199783894916728; Motor Current: 86.0
[2026-02-17 11:15:51,554] INFO: Time: 3.3222874070002035; Command Position: 0.22264221797633849; Output Position: 0.21998763033979263; Motor Current: 85.0
[2026-02-17 11:15:51,555] INFO: Time: 3.323346954000044; Command Position: 0.22264221797633849; Output Position: 0.21998763033979263; Motor Current: 84.0
[2026-02-17 11:15:51,556] INFO: Time: 3.324406539000165; Command Position: 0.22264221797633849; Output Position: 0.2199783894916728; Motor Current: 82.0
[2026-02-17 11:15:51,557] INFO: Time: 3.3254656230001274; Command Position: 0.22264221797633849; Output Position: 0.21998763033979263; Motor Current: 83.0
[2026-02-17 11:15:51,558] INFO: Time: 3.326524670000026; Command Position: 0.22264221797633849; Output Position: 0.21998763033979263; Motor Current: 85.0
[2026-02-17 11:15:51,559] INFO: Time: 3.327585569000121; Command Position: 0.22264221797633849; Output Position: 0.2199783894916728; Motor Current: 86.0
[2026-02-17 11:15:51,560] INFO: Time: 3.3286468390001573; Command Position: 0.22264221797633849; Output Position: 0.21998763033979263; Motor Current: 85.0
[2026-02-17 11:15:51,561] INFO: Time: 3.329706831000067; Command Position: 0.22264221797633849; Output Position: 0.2199783894916728; Motor Current: 85.0
[2026-02-17 11:15:51,563] INFO: Time: 3.330766193000045; Command Position: 0.22264221797633849; Output Position: 0.21998763033979263; Motor Current: 84.0
[2026-02-17 11:15:51,564] INFO: Time: 3.3318250360000548; Command Position: 0.22264221797633849; Output Position: 0.2199783894916728; Motor Current: 85.0
[2026-02-17 11:15:51,565] INFO: Time: 3.332888399000012; Command Position: 0.22264221797633849; Output Position: 0.21998763033979263; Motor Current: 83.0
[2026-02-17 11:15:51,566] INFO: Time: 3.333949724000149; Command Position: 0.22264221797633849; Output Position: 0.2199783894916728; Motor Current: 83.0
[2026-02-17 11:15:51,567] INFO: Time: 3.335008789000085; Command Position: 0.22264221797633849; Output Position: 0.21998763033979263; Motor Current: 86.0
[2026-02-17 11:15:51,568] INFO: Time: 3.3360832070000015; Command Position: 0.22264221797633849; Output Position: 0.21998763033979263; Motor Current: 84.0
[2026-02-17 11:15:51,569] INFO: Time: 3.337143255000001; Command Position: 0.22264221797633849; Output Position: 0.21998763033979263; Motor Current: 84.0
[2026-02-17 11:15:51,570] INFO: Time: 3.3382021540001006; Command Position: 0.22264221797633849; Output Position: 0.21998763033979263; Motor Current: 84.0
[2026-02-17 11:15:51,571] INFO: Time: 3.3392715900001804; Command Position: 0.22264221797633849; Output Position: 0.21998763033979263; Motor Current: 85.0
[2026-02-17 11:15:51,572] INFO: Time: 3.340332711000201; Command Position: 0.22264221797633849; Output Position: 0.2199783894916728; Motor Current: 83.0
[2026-02-17 11:15:51,573] INFO: Time: 3.3413922030001686; Command Position: 0.22264221797633849; Output Position: 0.2199783894916728; Motor Current: 85.0
[2026-02-17 11:15:51,574] INFO: Time: 3.342451158000131; Command Position: 0.22264221797633849; Output Position: 0.21996914864355302; Motor Current: 86.0
[2026-02-17 11:15:51,575] INFO: Time: 3.34351018700022; Command Position: 0.22264221797633849; Output Position: 0.2199783894916728; Motor Current: 87.0
[2026-02-17 11:15:51,576] INFO: Time: 3.344569289000219; Command Position: 0.22264221797633849; Output Position: 0.21998763033979263; Motor Current: 86.0
[2026-02-17 11:15:51,577] INFO: Time: 3.3456376700000874; Command Position: 0.22264221797633849; Output Position: 0.2199783894916728; Motor Current: 85.0
[2026-02-17 11:15:51,579] INFO: Time: 3.3467560140002206; Command Position: 0.22264221797633849; Output Position: 0.2199783894916728; Motor Current: 87.0
[2026-02-17 11:15:51,580] INFO: Time: 3.347814580000204; Command Position: 0.22264221797633849; Output Position: 0.2199783894916728; Motor Current: 88.0
[2026-02-17 11:15:51,581] INFO: Time: 3.348873646000129; Command Position: 0.22264221797633849; Output Position: 0.2199783894916728; Motor Current: 88.0
[2026-02-17 11:15:51,582] INFO: Time: 3.3499334160001126; Command Position: 0.22264221797633849; Output Position: 0.21998763033979263; Motor Current: 89.0
[2026-02-17 11:15:51,583] INFO: Time: 3.3509917410001435; Command Position: 0.22264221797633849; Output Position: 0.21996914864355302; Motor Current: 87.0
[2026-02-17 11:15:51,584] INFO: Time: 3.352053862000048; Command Position: 0.22264221797633849; Output Position: 0.2199968711879124; Motor Current: 88.0
[2026-02-17 11:15:51,585] INFO: Time: 3.3531161320001956; Command Position: 0.22264221797633849; Output Position: 0.2199783894916728; Motor Current: 86.0
[2026-02-17 11:15:51,586] INFO: Time: 3.3541751970001314; Command Position: 0.22264221797633849; Output Position: 0.21998763033979263; Motor Current: 85.0
[2026-02-17 11:15:51,587] INFO: Time: 3.3552339670000038; Command Position: 0.22264221797633849; Output Position: 0.2199783894916728; Motor Current: 84.0
[2026-02-17 11:15:51,588] INFO: Time: 3.356292736000114; Command Position: 0.22264221797633849; Output Position: 0.21998763033979263; Motor Current: 83.0
[2026-02-17 11:15:51,589] INFO: Time: 3.357351450000124; Command Position: 0.22264221797633849; Output Position: 0.2199783894916728; Motor Current: 84.0
[2026-02-17 11:15:51,590] INFO: Time: 3.358412812000097; Command Position: 0.22264221797633849; Output Position: 0.2199783894916728; Motor Current: 82.0
[2026-02-17 11:15:51,591] INFO: Time: 3.359473434000165; Command Position: 0.22264221797633849; Output Position: 0.2199783894916728; Motor Current: 83.0
[2026-02-17 11:15:51,592] INFO: Time: 3.3605322220000744; Command Position: 0.22264221797633849; Output Position: 0.2199968711879124; Motor Current: 82.0
[2026-02-17 11:15:51,593] INFO: Time: 3.361590825000121; Command Position: 0.22264221797633849; Output Position: 0.2199783894916728; Motor Current: 82.0
[2026-02-17 11:15:51,594] INFO: Time: 3.3626498540002103; Command Position: 0.22264221797633849; Output Position: 0.21998763033979263; Motor Current: 82.0
[2026-02-17 11:15:51,595] INFO: Time: 3.363710679000178; Command Position: 0.22264221797633849; Output Position: 0.2199783894916728; Motor Current: 82.0
[2026-02-17 11:15:51,597] INFO: Time: 3.364771726000072; Command Position: 0.22264221797633849; Output Position: 0.21996914864355302; Motor Current: 82.0
[2026-02-17 11:15:51,598] INFO: Time: 3.3658317550000447; Command Position: 0.22264221797633849; Output Position: 0.2199783894916728; Motor Current: 86.0
[2026-02-17 11:15:51,599] INFO: Time: 3.3668904690000545; Command Position: 0.22264221797633849; Output Position: 0.2199783894916728; Motor Current: 86.0
[2026-02-17 11:15:51,600] INFO: Time: 3.3679494230000273; Command Position: 0.22264221797633849; Output Position: 0.21998763033979263; Motor Current: 84.0
[2026-02-17 11:15:51,601] INFO: Time: 3.3690073410000423; Command Position: 0.22264221797633849; Output Position: 0.2199783894916728; Motor Current: 85.0
[2026-02-17 11:15:51,602] INFO: Time: 3.37009196300005; Command Position: 0.22264221797633849; Output Position: 0.2199783894916728; Motor Current: 85.0
[2026-02-17 11:15:51,603] INFO: Time: 3.3711563060001026; Command Position: 0.22264221797633849; Output Position: 0.21998763033979263; Motor Current: 86.0
[2026-02-17 11:15:51,604] INFO: Time: 3.3722285390001616; Command Position: 0.22264221797633849; Output Position: 0.2199783894916728; Motor Current: 84.0
[2026-02-17 11:15:51,605] INFO: Time: 3.3732895310001823; Command Position: 0.22264221797633849; Output Position: 0.2199783894916728; Motor Current: 82.0
[2026-02-17 11:15:51,606] INFO: Time: 3.3743485970001075; Command Position: 0.22264221797633849; Output Position: 0.2199783894916728; Motor Current: 82.0
[2026-02-17 11:15:51,607] INFO: Time: 3.375407885000186; Command Position: 0.22264221797633849; Output Position: 0.21996914864355302; Motor Current: 83.0
[2026-02-17 11:15:51,608] INFO: Time: 3.376468636000027; Command Position: 0.22264221797633849; Output Position: 0.2199783894916728; Motor Current: 84.0
[2026-02-17 11:15:51,609] INFO: Time: 3.377529387000095; Command Position: 0.22264221797633849; Output Position: 0.2199783894916728; Motor Current: 84.0
[2026-02-17 11:15:51,610] INFO: Time: 3.3785886750001737; Command Position: 0.22264221797633849; Output Position: 0.21998763033979263; Motor Current: 83.0
[2026-02-17 11:15:51,611] INFO: Time: 3.37964748100012; Command Position: 0.22264221797633849; Output Position: 0.2199783894916728; Motor Current: 84.0
[2026-02-17 11:15:51,613] INFO: Time: 3.380714232000173; Command Position: 0.22264221797633849; Output Position: 0.2199783894916728; Motor Current: 84.0
[2026-02-17 11:15:51,614] INFO: Time: 3.381779669000025; Command Position: 0.22264221797633849; Output Position: 0.21998763033979263; Motor Current: 85.0
[2026-02-17 11:15:51,615] INFO: Time: 3.3828405120000298; Command Position: 0.22264221797633849; Output Position: 0.2199783894916728; Motor Current: 85.0
[2026-02-17 11:15:51,616] INFO: Time: 3.3839002820000132; Command Position: 0.22264221797633849; Output Position: 0.2199783894916728; Motor Current: 85.0
[2026-02-17 11:15:51,617] INFO: Time: 3.3849573290001445; Command Position: 0.22264221797633849; Output Position: 0.21998763033979263; Motor Current: 82.0
[2026-02-17 11:15:51,618] INFO: Time: 3.386016024000128; Command Position: 0.22264221797633849; Output Position: 0.2199968711879124; Motor Current: 82.0
[2026-02-17 11:15:51,619] INFO: Time: 3.3870796640001117; Command Position: 0.22264221797633849; Output Position: 0.21998763033979263; Motor Current: 83.0
[2026-02-17 11:15:51,620] INFO: Time: 3.388139712000111; Command Position: 0.22264221797633849; Output Position: 0.21998763033979263; Motor Current: 82.0
[2026-02-17 11:15:51,621] INFO: Time: 3.3892000000000735; Command Position: 0.22264221797633849; Output Position: 0.21998763033979263; Motor Current: 86.0
[2026-02-17 11:15:51,622] INFO: Time: 3.390259584000205; Command Position: 0.22264221797633849; Output Position: 0.2199783894916728; Motor Current: 85.0
[2026-02-17 11:15:51,623] INFO: Time: 3.391318446000014; Command Position: 0.22264221797633849; Output Position: 0.21996914864355302; Motor Current: 85.0
[2026-02-17 11:15:51,624] INFO: Time: 3.3923770120002246; Command Position: 0.22264221797633849; Output Position: 0.21998763033979263; Motor Current: 86.0
[2026-02-17 11:15:51,625] INFO: Time: 3.3934358740000334; Command Position: 0.22264221797633849; Output Position: 0.21996914864355302; Motor Current: 87.0
[2026-02-17 11:15:51,626] INFO: Time: 3.394496495000112; Command Position: 0.22264221797633849; Output Position: 0.2199783894916728; Motor Current: 87.0
[2026-02-17 11:15:51,628] INFO: Time: 3.3957632670001203; Command Position: 0.22264221797633849; Output Position: 0.21998763033979263; Motor Current: 88.0
[2026-02-17 11:15:51,629] INFO: Time: 3.3968311660000836; Command Position: 0.22264221797633849; Output Position: 0.2199783894916728; Motor Current: 85.0
[2026-02-17 11:15:51,630] INFO: Time: 3.39789656500011; Command Position: 0.22264221797633849; Output Position: 0.21998763033979263; Motor Current: 85.0
[2026-02-17 11:15:51,631] INFO: Time: 3.3989586130001044; Command Position: 0.22264221797633849; Output Position: 0.2199783894916728; Motor Current: 83.0
[2026-02-17 11:15:51,632] INFO: Time: 3.4000214010000036; Command Position: 0.22264221797633849; Output Position: 0.2199783894916728; Motor Current: 83.0
[2026-02-17 11:15:51,633] INFO: Time: 3.4010841700001038; Command Position: 0.22264221797633849; Output Position: 0.21998763033979263; Motor Current: 83.0
[2026-02-17 11:15:51,634] INFO: Time: 3.402143903000024; Command Position: 0.22264221797633849; Output Position: 0.2199783894916728; Motor Current: 85.0
[2026-02-17 11:15:51,635] INFO: Time: 3.4032178950001253; Command Position: 0.22264221797633849; Output Position: 0.21998763033979263; Motor Current: 86.0
[2026-02-17 11:15:51,636] INFO: Time: 3.4042767570001615; Command Position: 0.22264221797633849; Output Position: 0.21998763033979263; Motor Current: 85.0
[2026-02-17 11:15:51,637] INFO: Time: 3.4053361190001397; Command Position: 0.22264221797633849; Output Position: 0.2199783894916728; Motor Current: 86.0
[2026-02-17 11:15:51,638] INFO: Time: 3.4063973330000863; Command Position: 0.22264221797633849; Output Position: 0.21998763033979263; Motor Current: 86.0
[2026-02-17 11:15:51,639] INFO: Time: 3.407459269000128; Command Position: 0.22264221797633849; Output Position: 0.21996914864355302; Motor Current: 87.0
[2026-02-17 11:15:51,640] INFO: Time: 3.4085187610000958; Command Position: 0.22264221797633849; Output Position: 0.2199783894916728; Motor Current: 86.0
[2026-02-17 11:15:51,641] INFO: Time: 3.4095778820001215; Command Position: 0.22264221797633849; Output Position: 0.2199783894916728; Motor Current: 87.0
[2026-02-17 11:15:51,642] INFO: Time: 3.410636763000184; Command Position: 0.22264221797633849; Output Position: 0.21998763033979263; Motor Current: 86.0
[2026-02-17 11:15:51,643] INFO: Time: 3.411697866000168; Command Position: 0.22264221797633849; Output Position: 0.2199783894916728; Motor Current: 84.0
[2026-02-17 11:15:51,645] INFO: Time: 3.412761283000009; Command Position: 0.22264221797633849; Output Position: 0.2199783894916728; Motor Current: 85.0
[2026-02-17 11:15:51,646] INFO: Time: 3.4138204600001245; Command Position: 0.22264221797633849; Output Position: 0.2199783894916728; Motor Current: 86.0
[2026-02-17 11:15:51,647] INFO: Time: 3.414879230000224; Command Position: 0.22264221797633849; Output Position: 0.21998763033979263; Motor Current: 87.0
[2026-02-17 11:15:51,648] INFO: Time: 3.4159376110001176; Command Position: 0.22264221797633849; Output Position: 0.2199783894916728; Motor Current: 86.0
[2026-02-17 11:15:51,649] INFO: Time: 3.4169952500001273; Command Position: 0.22264221797633849; Output Position: 0.21998763033979263; Motor Current: 83.0
[2026-02-17 11:15:51,650] INFO: Time: 3.4180570940000052; Command Position: 0.22264221797633849; Output Position: 0.21998763033979263; Motor Current: 85.0
[2026-02-17 11:15:51,651] INFO: Time: 3.4191180669999994; Command Position: 0.22264221797633849; Output Position: 0.2199783894916728; Motor Current: 84.0
[2026-02-17 11:15:51,652] INFO: Time: 3.420176837000099; Command Position: 0.22264221797633849; Output Position: 0.21998763033979263; Motor Current: 84.0
[2026-02-17 11:15:51,653] INFO: Time: 3.4212360880001143; Command Position: 0.22264221797633849; Output Position: 0.21996914864355302; Motor Current: 86.0
[2026-02-17 11:15:51,654] INFO: Time: 3.4222947280002245; Command Position: 0.22264221797633849; Output Position: 0.21998763033979263; Motor Current: 84.0
[2026-02-17 11:15:51,655] INFO: Time: 3.4233534790000704; Command Position: 0.22264221797633849; Output Position: 0.2199783894916728; Motor Current: 81.0
[2026-02-17 11:15:51,656] INFO: Time: 3.424414582000054; Command Position: 0.22264221797633849; Output Position: 0.21996914864355302; Motor Current: 84.0
[2026-02-17 11:15:51,657] INFO: Time: 3.425475518000212; Command Position: 0.22264221797633849; Output Position: 0.2199783894916728; Motor Current: 85.0
[2026-02-17 11:15:51,658] INFO: Time: 3.4265349910001532; Command Position: 0.22264221797633849; Output Position: 0.2199783894916728; Motor Current: 85.0
[2026-02-17 11:15:51,659] INFO: Time: 3.4275936860001366; Command Position: 0.22264221797633849; Output Position: 0.2199783894916728; Motor Current: 87.0
[2026-02-17 11:15:51,660] INFO: Time: 3.4286518820001675; Command Position: 0.22264221797633849; Output Position: 0.2199783894916728; Motor Current: 87.0
[2026-02-17 11:15:51,661] INFO: Time: 3.429712911000024; Command Position: 0.22264221797633849; Output Position: 0.21998763033979263; Motor Current: 85.0
[2026-02-17 11:15:51,663] INFO: Time: 3.430773828000156; Command Position: 0.22264221797633849; Output Position: 0.21998763033979263; Motor Current: 83.0
[2026-02-17 11:15:51,664] INFO: Time: 3.4318035610001516; Command Position: 0.22264221797633849; Output Position: 0.2199968711879124; Motor Current: 85.0
[2026-02-17 11:15:51,665] INFO: Time: 3.432862589000024; Command Position: 0.22264221797633849; Output Position: 0.21996914864355302; Motor Current: 85.0
[2026-02-17 11:15:51,666] INFO: Time: 3.433921525000187; Command Position: 0.22264221797633849; Output Position: 0.21998763033979263; Motor Current: 86.0
[2026-02-17 11:15:51,667] INFO: Time: 3.435027833000049; Command Position: 0.22264221797633849; Output Position: 0.2199783894916728; Motor Current: 86.0
[2026-02-17 11:15:51,668] INFO: Time: 3.436092047000102; Command Position: 0.22264221797633849; Output Position: 0.21998763033979263; Motor Current: 83.0
[2026-02-17 11:15:51,669] INFO: Time: 3.437155298000107; Command Position: 0.22264221797633849; Output Position: 0.2199783894916728; Motor Current: 85.0
[2026-02-17 11:15:51,670] INFO: Time: 3.4382147520000217; Command Position: 0.22264221797633849; Output Position: 0.21998763033979263; Motor Current: 86.0
[2026-02-17 11:15:51,671] INFO: Time: 3.4392742810000527; Command Position: 0.22264221797633849; Output Position: 0.2199783894916728; Motor Current: 87.0
[2026-02-17 11:15:51,672] INFO: Time: 3.440333217000216; Command Position: 0.22264221797633849; Output Position: 0.2199783894916728; Motor Current: 88.0
[2026-02-17 11:15:51,673] INFO: Time: 3.441393005000009; Command Position: 0.22264221797633849; Output Position: 0.21998763033979263; Motor Current: 87.0
[2026-02-17 11:15:51,674] INFO: Time: 3.4424543670002095; Command Position: 0.22264221797633849; Output Position: 0.2199783894916728; Motor Current: 87.0
[2026-02-17 11:15:51,675] INFO: Time: 3.4435165070001403; Command Position: 0.22264221797633849; Output Position: 0.21998763033979263; Motor Current: 84.0
[2026-02-17 11:15:51,676] INFO: Time: 3.4445758690001185; Command Position: 0.22264221797633849; Output Position: 0.21998763033979263; Motor Current: 87.0
[2026-02-17 11:15:51,677] INFO: Time: 3.4456348060000437; Command Position: 0.22264221797633849; Output Position: 0.21998763033979263; Motor Current: 89.0
[2026-02-17 11:15:51,678] INFO: Time: 3.4466934830002174; Command Position: 0.22264221797633849; Output Position: 0.2199783894916728; Motor Current: 89.0
[2026-02-17 11:15:51,680] INFO: Time: 3.4477540480002062; Command Position: 0.22264221797633849; Output Position: 0.2199783894916728; Motor Current: 87.0
[2026-02-17 11:15:51,681] INFO: Time: 3.4488154850000683; Command Position: 0.22264221797633849; Output Position: 0.21998763033979263; Motor Current: 84.0
[2026-02-17 11:15:51,682] INFO: Time: 3.449876106000147; Command Position: 0.22264221797633849; Output Position: 0.21998763033979263; Motor Current: 85.0
[2026-02-17 11:15:51,683] INFO: Time: 3.4509361900002204; Command Position: 0.22264221797633849; Output Position: 0.2199783894916728; Motor Current: 86.0
[2026-02-17 11:15:51,684] INFO: Time: 3.4519950520000293; Command Position: 0.22264221797633849; Output Position: 0.21998763033979263; Motor Current: 86.0
[2026-02-17 11:15:51,685] INFO: Time: 3.4530547850001767; Command Position: 0.22264221797633849; Output Position: 0.21998763033979263; Motor Current: 88.0
[2026-02-17 11:15:51,686] INFO: Time: 3.4541209990002244; Command Position: 0.22264221797633849; Output Position: 0.21996914864355302; Motor Current: 85.0
[2026-02-17 11:15:51,687] INFO: Time: 3.455181824000192; Command Position: 0.22264221797633849; Output Position: 0.21998763033979263; Motor Current: 87.0
[2026-02-17 11:15:51,688] INFO: Time: 3.4562411860001703; Command Position: 0.22264221797633849; Output Position: 0.21996914864355302; Motor Current: 88.0
[2026-02-17 11:15:51,689] INFO: Time: 3.4572999190002065; Command Position: 0.22264221797633849; Output Position: 0.2199783894916728; Motor Current: 91.0
[2026-02-17 11:15:51,690] INFO: Time: 3.458358447000137; Command Position: 0.22264221797633849; Output Position: 0.2199783894916728; Motor Current: 90.0
[2026-02-17 11:15:51,691] INFO: Time: 3.4594169390002207; Command Position: 0.22264221797633849; Output Position: 0.21996914864355302; Motor Current: 91.0
[2026-02-17 11:15:51,692] INFO: Time: 3.4604804120001518; Command Position: 0.22264221797633849; Output Position: 0.2199783894916728; Motor Current: 91.0
[2026-02-17 11:15:51,693] INFO: Time: 3.4615397930001564; Command Position: 0.22264221797633849; Output Position: 0.21996914864355302; Motor Current: 91.0
[2026-02-17 11:15:51,694] INFO: Time: 3.462599174000161; Command Position: 0.22264221797633849; Output Position: 0.21998763033979263; Motor Current: 91.0
[2026-02-17 11:15:51,695] INFO: Time: 3.4636580910000703; Command Position: 0.22264221797633849; Output Position: 0.21998763033979263; Motor Current: 86.0
[2026-02-17 11:15:51,696] INFO: Time: 3.4647168240001065; Command Position: 0.22264221797633849; Output Position: 0.21998763033979263; Motor Current: 85.0
[2026-02-17 11:15:51,698] INFO: Time: 3.4657780930001536; Command Position: 0.22264221797633849; Output Position: 0.2199783894916728; Motor Current: 86.0
[2026-02-17 11:15:51,699] INFO: Time: 3.466841641000201; Command Position: 0.22264221797633849; Output Position: 0.21998763033979263; Motor Current: 82.0
[2026-02-17 11:15:51,700] INFO: Time: 3.4679015580002215; Command Position: 0.22264221797633849; Output Position: 0.2199783894916728; Motor Current: 81.0
[2026-02-17 11:15:51,701] INFO: Time: 3.468959532000099; Command Position: 0.22264221797633849; Output Position: 0.21998763033979263; Motor Current: 84.0
[2026-02-17 11:15:51,702] INFO: Time: 3.4700173200001245; Command Position: 0.22264221797633849; Output Position: 0.2199783894916728; Motor Current: 84.0
[2026-02-17 11:15:51,703] INFO: Time: 3.47108292300004; Command Position: 0.22264221797633849; Output Position: 0.2199783894916728; Motor Current: 86.0
[2026-02-17 11:15:51,704] INFO: Time: 3.4722428040001887; Command Position: 0.22264221797633849; Output Position: 0.2199783894916728; Motor Current: 85.0
[2026-02-17 11:15:51,705] INFO: Time: 3.4733028510001986; Command Position: 0.22264221797633849; Output Position: 0.21998763033979263; Motor Current: 84.0
[2026-02-17 11:15:51,706] INFO: Time: 3.474365065000029; Command Position: 0.22264221797633849; Output Position: 0.2199783894916728; Motor Current: 86.0
[2026-02-17 11:15:51,707] INFO: Time: 3.4754252050001924; Command Position: 0.22264221797633849; Output Position: 0.21996914864355302; Motor Current: 85.0
[2026-02-17 11:15:51,708] INFO: Time: 3.4764847160001864; Command Position: 0.22264221797633849; Output Position: 0.2199783894916728; Motor Current: 86.0
[2026-02-17 11:15:51,709] INFO: Time: 3.477543837000212; Command Position: 0.22264221797633849; Output Position: 0.21998763033979263; Motor Current: 88.0
[2026-02-17 11:15:51,710] INFO: Time: 3.478605181000148; Command Position: 0.22264221797633849; Output Position: 0.2199783894916728; Motor Current: 88.0
[2026-02-17 11:15:51,711] INFO: Time: 3.4796658760001264; Command Position: 0.22264221797633849; Output Position: 0.21998763033979263; Motor Current: 84.0
[2026-02-17 11:15:51,712] INFO: Time: 3.480724979000115; Command Position: 0.22264221797633849; Output Position: 0.21998763033979263; Motor Current: 84.0
[2026-02-17 11:15:51,714] INFO: Time: 3.4817838410001514; Command Position: 0.22264221797633849; Output Position: 0.2199968711879124; Motor Current: 82.0
[2026-02-17 11:15:51,715] INFO: Time: 3.482842722000214; Command Position: 0.22264221797633849; Output Position: 0.2199783894916728; Motor Current: 82.0
[2026-02-17 11:15:51,716] INFO: Time: 3.4839014540000335; Command Position: 0.22264221797633849; Output Position: 0.21998763033979263; Motor Current: 82.0
[2026-02-17 11:15:51,717] INFO: Time: 3.484964446000049; Command Position: 0.22264221797633849; Output Position: 0.21998763033979263; Motor Current: 82.0
[2026-02-17 11:15:51,718] INFO: Time: 3.486026864000223; Command Position: 0.22264221797633849; Output Position: 0.21996914864355302; Motor Current: 81.0
[2026-02-17 11:15:51,719] INFO: Time: 3.4870868920002067; Command Position: 0.22264221797633849; Output Position: 0.21998763033979263; Motor Current: 81.0
[2026-02-17 11:15:51,720] INFO: Time: 3.488306886000146; Command Position: 0.22264221797633849; Output Position: 0.2199783894916728; Motor Current: 82.0
[2026-02-17 11:15:51,721] INFO: Time: 3.4893687290000344; Command Position: 0.22264221797633849; Output Position: 0.21996914864355302; Motor Current: 84.0
[2026-02-17 11:15:51,722] INFO: Time: 3.4904312580001715; Command Position: 0.22264221797633849; Output Position: 0.21998763033979263; Motor Current: 84.0
[2026-02-17 11:15:51,723] INFO: Time: 3.491493546000129; Command Position: 0.22264221797633849; Output Position: 0.2199783894916728; Motor Current: 87.0
[2026-02-17 11:15:51,724] INFO: Time: 3.4925547600000755; Command Position: 0.22264221797633849; Output Position: 0.21996914864355302; Motor Current: 86.0
[2026-02-17 11:15:51,725] INFO: Time: 3.493614622000223; Command Position: 0.22264221797633849; Output Position: 0.21998763033979263; Motor Current: 85.0
[2026-02-17 11:15:51,726] INFO: Time: 3.4946738360001746; Command Position: 0.22264221797633849; Output Position: 0.2199783894916728; Motor Current: 85.0
[2026-02-17 11:15:51,728] INFO: Time: 3.4957422910001696; Command Position: 0.22264221797633849; Output Position: 0.2199783894916728; Motor Current: 88.0
[2026-02-17 11:15:51,729] INFO: Time: 3.4968137090002074; Command Position: 0.22264221797633849; Output Position: 0.21998763033979263; Motor Current: 88.0
[2026-02-17 11:15:51,730] INFO: Time: 3.497987924000199; Command Position: 0.22264221797633849; Output Position: 0.21998763033979263; Motor Current: 88.0
[2026-02-17 11:15:51,731] INFO: Time: 3.499110490000021; Command Position: 0.22264221797633849; Output Position: 0.21998763033979263; Motor Current: 89.0
[2026-02-17 11:15:51,732] INFO: Time: 3.5001720380000734; Command Position: 0.22264221797633849; Output Position: 0.2199783894916728; Motor Current: 89.0
[2026-02-17 11:15:51,733] INFO: Time: 3.5012319920001573; Command Position: 0.22264221797633849; Output Position: 0.2199783894916728; Motor Current: 90.0
[2026-02-17 11:15:51,734] INFO: Time: 3.502291780000178; Command Position: 0.22264221797633849; Output Position: 0.2199783894916728; Motor Current: 92.0
[2026-02-17 11:15:51,735] INFO: Time: 3.5033544940001775; Command Position: 0.22264221797633849; Output Position: 0.21996914864355302; Motor Current: 92.0
[2026-02-17 11:15:51,736] INFO: Time: 3.5044155420000607; Command Position: 0.22264221797633849; Output Position: 0.21996914864355302; Motor Current: 90.0
[2026-02-17 11:15:51,737] INFO: Time: 3.5054751630000283; Command Position: 0.22264221797633849; Output Position: 0.2199783894916728; Motor Current: 91.0
[2026-02-17 11:15:51,738] INFO: Time: 3.5065341920001174; Command Position: 0.22264221797633849; Output Position: 0.21998763033979263; Motor Current: 90.0
[2026-02-17 11:15:51,739] INFO: Time: 3.50759301700009; Command Position: 0.22264221797633849; Output Position: 0.21998763033979263; Motor Current: 90.0
[2026-02-17 11:15:51,741] INFO: Time: 3.5089250480000373; Command Position: 0.22264221797633849; Output Position: 0.2199783894916728; Motor Current: 89.0
[2026-02-17 11:15:51,742] INFO: Time: 3.509989522000069; Command Position: 0.22264221797633849; Output Position: 0.2199783894916728; Motor Current: 90.0
[2026-02-17 11:15:51,743] INFO: Time: 3.5110521250001057; Command Position: 0.22264221797633849; Output Position: 0.21998763033979263; Motor Current: 87.0
[2026-02-17 11:15:51,744] INFO: Time: 3.5121233200000006; Command Position: 0.22264221797633849; Output Position: 0.21998763033979263; Motor Current: 83.0
[2026-02-17 11:15:51,745] INFO: Time: 3.5131850160000795; Command Position: 0.22264221797633849; Output Position: 0.21998763033979263; Motor Current: 83.0
[2026-02-17 11:15:51,746] INFO: Time: 3.5142439520000153; Command Position: 0.22264221797633849; Output Position: 0.21998763033979263; Motor Current: 83.0
[2026-02-17 11:15:51,747] INFO: Time: 3.515305129000126; Command Position: 0.22264221797633849; Output Position: 0.21996914864355302; Motor Current: 83.0
[2026-02-17 11:15:51,748] INFO: Time: 3.5163666210000883; Command Position: 0.22264221797633849; Output Position: 0.2199783894916728; Motor Current: 82.0
[2026-02-17 11:15:51,749] INFO: Time: 3.5174258900001405; Command Position: 0.22264221797633849; Output Position: 0.2199968711879124; Motor Current: 79.0
[2026-02-17 11:15:51,750] INFO: Time: 3.5184846410002137; Command Position: 0.22264221797633849; Output Position: 0.21998763033979263; Motor Current: 82.0
[2026-02-17 11:15:51,751] INFO: Time: 3.519543429000123; Command Position: 0.22264221797633849; Output Position: 0.21998763033979263; Motor Current: 82.0
[2026-02-17 11:15:51,752] INFO: Time: 3.520601736000117; Command Position: 0.22264221797633849; Output Position: 0.21998763033979263; Motor Current: 81.0
[2026-02-17 11:15:51,753] INFO: Time: 3.5216621350000423; Command Position: 0.22264221797633849; Output Position: 0.21996914864355302; Motor Current: 84.0
[2026-02-17 11:15:51,754] INFO: Time: 3.522722627000121; Command Position: 0.22264221797633849; Output Position: 0.2199783894916728; Motor Current: 86.0
[2026-02-17 11:15:51,756] INFO: Time: 3.5237815440000304; Command Position: 0.22264221797633849; Output Position: 0.2199968711879124; Motor Current: 83.0
[2026-02-17 11:15:51,757] INFO: Time: 3.5248445550000724; Command Position: 0.22264221797633849; Output Position: 0.21998763033979263; Motor Current: 82.0
[2026-02-17 11:15:51,758] INFO: Time: 3.525906194000072; Command Position: 0.22264221797633849; Output Position: 0.21998763033979263; Motor Current: 81.0
[2026-02-17 11:15:51,759] INFO: Time: 3.526965223000161; Command Position: 0.22264221797633849; Output Position: 0.2199783894916728; Motor Current: 82.0
[2026-02-17 11:15:51,760] INFO: Time: 3.52802553000015; Command Position: 0.22264221797633849; Output Position: 0.2199783894916728; Motor Current: 84.0
[2026-02-17 11:15:51,761] INFO: Time: 3.5290874470001654; Command Position: 0.22264221797633849; Output Position: 0.21996914864355302; Motor Current: 85.0
[2026-02-17 11:15:51,762] INFO: Time: 3.5301470870001594; Command Position: 0.22264221797633849; Output Position: 0.21996914864355302; Motor Current: 84.0
[2026-02-17 11:15:51,763] INFO: Time: 3.531206190000148; Command Position: 0.22264221797633849; Output Position: 0.2199783894916728; Motor Current: 83.0
[2026-02-17 11:15:51,764] INFO: Time: 3.532265182000174; Command Position: 0.22264221797633849; Output Position: 0.21998763033979263; Motor Current: 85.0
[2026-02-17 11:15:51,765] INFO: Time: 3.53332404400021; Command Position: 0.22264221797633849; Output Position: 0.21996914864355302; Motor Current: 85.0
[2026-02-17 11:15:51,766] INFO: Time: 3.534384980000141; Command Position: 0.22264221797633849; Output Position: 0.2199783894916728; Motor Current: 86.0
[2026-02-17 11:15:51,767] INFO: Time: 3.5354459720001614; Command Position: 0.22264221797633849; Output Position: 0.2199783894916728; Motor Current: 84.0
[2026-02-17 11:15:51,768] INFO: Time: 3.5365052600000126; Command Position: 0.22264221797633849; Output Position: 0.2199783894916728; Motor Current: 83.0
[2026-02-17 11:15:51,769] INFO: Time: 3.537564104000012; Command Position: 0.22264221797633849; Output Position: 0.21998763033979263; Motor Current: 84.0
[2026-02-17 11:15:51,770] INFO: Time: 3.538622873000122; Command Position: 0.22264221797633849; Output Position: 0.21996914864355302; Motor Current: 83.0
[2026-02-17 11:15:51,771] INFO: Time: 3.5396839210000053; Command Position: 0.22264221797633849; Output Position: 0.2199783894916728; Motor Current: 85.0
[2026-02-17 11:15:51,773] INFO: Time: 3.5407445050000206; Command Position: 0.22264221797633849; Output Position: 0.2199783894916728; Motor Current: 86.0
[2026-02-17 11:15:51,774] INFO: Time: 3.541804071000115; Command Position: 0.22264221797633849; Output Position: 0.2199783894916728; Motor Current: 86.0
[2026-02-17 11:15:51,775] INFO: Time: 3.542863025000088; Command Position: 0.22264221797633849; Output Position: 0.21998763033979263; Motor Current: 84.0
[2026-02-17 11:15:51,776] INFO: Time: 3.5439216280001347; Command Position: 0.22264221797633849; Output Position: 0.21998763033979263; Motor Current: 85.0
[2026-02-17 11:15:51,777] INFO: Time: 3.544982916000208; Command Position: 0.22264221797633849; Output Position: 0.2199783894916728; Motor Current: 84.0
[2026-02-17 11:15:51,778] INFO: Time: 3.546045667000044; Command Position: 0.22264221797633849; Output Position: 0.21998763033979263; Motor Current: 88.0
[2026-02-17 11:15:51,779] INFO: Time: 3.5471063440002126; Command Position: 0.22264221797633849; Output Position: 0.21996914864355302; Motor Current: 85.0
[2026-02-17 11:15:51,780] INFO: Time: 3.5481788920001236; Command Position: 0.22264221797633849; Output Position: 0.21998763033979263; Motor Current: 86.0
[2026-02-17 11:15:51,781] INFO: Time: 3.5492375500000435; Command Position: 0.22264221797633849; Output Position: 0.2199783894916728; Motor Current: 86.0
[2026-02-17 11:15:51,782] INFO: Time: 3.550296134000064; Command Position: 0.22264221797633849; Output Position: 0.2199783894916728; Motor Current: 85.0
[2026-02-17 11:15:51,783] INFO: Time: 3.551354534000211; Command Position: 0.22264221797633849; Output Position: 0.2199783894916728; Motor Current: 86.0
[2026-02-17 11:15:51,784] INFO: Time: 3.5524144330001945; Command Position: 0.22264221797633849; Output Position: 0.21996914864355302; Motor Current: 88.0
[2026-02-17 11:15:51,785] INFO: Time: 3.5534754239999984; Command Position: 0.22264221797633849; Output Position: 0.2199968711879124; Motor Current: 88.0
[2026-02-17 11:15:51,786] INFO: Time: 3.5545349160001933; Command Position: 0.22264221797633849; Output Position: 0.2199783894916728; Motor Current: 87.0
[2026-02-17 11:15:51,787] INFO: Time: 3.5555942040000446; Command Position: 0.22264221797633849; Output Position: 0.2199783894916728; Motor Current: 88.0
[2026-02-17 11:15:51,788] INFO: Time: 3.5566528810002183; Command Position: 0.22264221797633849; Output Position: 0.21998763033979263; Motor Current: 87.0
[2026-02-17 11:15:51,789] INFO: Time: 3.557714817000033; Command Position: 0.22264221797633849; Output Position: 0.2199968711879124; Motor Current: 89.0
[2026-02-17 11:15:51,791] INFO: Time: 3.5587782910001806; Command Position: 0.22264221797633849; Output Position: 0.2199783894916728; Motor Current: 87.0
[2026-02-17 11:15:51,792] INFO: Time: 3.55980533800016; Command Position: 0.22264221797633849; Output Position: 0.21998763033979263; Motor Current: 87.0
[2026-02-17 11:15:51,793] INFO: Time: 3.560864441000149; Command Position: 0.22264221797633849; Output Position: 0.2199783894916728; Motor Current: 86.0
[2026-02-17 11:15:51,794] INFO: Time: 3.561923303000185; Command Position: 0.22264221797633849; Output Position: 0.21998763033979263; Motor Current: 85.0
[2026-02-17 11:15:51,795] INFO: Time: 3.5629847570000948; Command Position: 0.22264221797633849; Output Position: 0.21996914864355302; Motor Current: 86.0
[2026-02-17 11:15:51,796] INFO: Time: 3.5640456380001524; Command Position: 0.22264221797633849; Output Position: 0.22000611203603218; Motor Current: 87.0
[2026-02-17 11:15:51,797] INFO: Time: 3.5651248340000166; Command Position: 0.22264221797633849; Output Position: 0.2199968711879124; Motor Current: 89.0
[2026-02-17 11:15:51,798] INFO: Time: 3.5661843810000846; Command Position: 0.22264221797633849; Output Position: 0.2199783894916728; Motor Current: 86.0
[2026-02-17 11:15:51,799] INFO: Time: 3.567244225000195; Command Position: 0.22264221797633849; Output Position: 0.2199783894916728; Motor Current: 84.0
[2026-02-17 11:15:51,800] INFO: Time: 3.5683033090001572; Command Position: 0.22264221797633849; Output Position: 0.2199783894916728; Motor Current: 86.0
[2026-02-17 11:15:51,801] INFO: Time: 3.5693625040000825; Command Position: 0.22264221797633849; Output Position: 0.2199783894916728; Motor Current: 86.0
[2026-02-17 11:15:51,802] INFO: Time: 3.570423274000177; Command Position: 0.22264221797633849; Output Position: 0.2199783894916728; Motor Current: 87.0
[2026-02-17 11:15:51,803] INFO: Time: 3.5714855620001345; Command Position: 0.22264221797633849; Output Position: 0.21996914864355302; Motor Current: 86.0
[2026-02-17 11:15:51,804] INFO: Time: 3.572544887000049; Command Position: 0.22264221797633849; Output Position: 0.21998763033979263; Motor Current: 85.0
[2026-02-17 11:15:51,805] INFO: Time: 3.5736040820002017; Command Position: 0.22264221797633849; Output Position: 0.2199783894916728; Motor Current: 83.0
[2026-02-17 11:15:51,806] INFO: Time: 3.574662870000111; Command Position: 0.22264221797633849; Output Position: 0.21998763033979263; Motor Current: 85.0
[2026-02-17 11:15:51,808] INFO: Time: 3.575724270000137; Command Position: 0.22264221797633849; Output Position: 0.2199783894916728; Motor Current: 85.0
[2026-02-17 11:15:51,809] INFO: Time: 3.5767867980000574; Command Position: 0.22264221797633849; Output Position: 0.21998763033979263; Motor Current: 81.0
[2026-02-17 11:15:51,810] INFO: Time: 3.5778468460000568; Command Position: 0.22264221797633849; Output Position: 0.21996914864355302; Motor Current: 81.0
[2026-02-17 11:15:51,811] INFO: Time: 3.5789060780000455; Command Position: 0.22264221797633849; Output Position: 0.21996914864355302; Motor Current: 82.0
[2026-02-17 11:15:51,812] INFO: Time: 3.5799650890000976; Command Position: 0.22264221797633849; Output Position: 0.21998763033979263; Motor Current: 83.0
[2026-02-17 11:15:51,813] INFO: Time: 3.581024080000134; Command Position: 0.22264221797633849; Output Position: 0.21998763033979263; Motor Current: 84.0
[2026-02-17 11:15:51,814] INFO: Time: 3.5820942760001344; Command Position: 0.22264221797633849; Output Position: 0.21998763033979263; Motor Current: 83.0
[2026-02-17 11:15:51,815] INFO: Time: 3.583156508000002; Command Position: 0.22264221797633849; Output Position: 0.2199783894916728; Motor Current: 84.0
[2026-02-17 11:15:51,816] INFO: Time: 3.5842261110001346; Command Position: 0.22264221797633849; Output Position: 0.2199783894916728; Motor Current: 84.0
[2026-02-17 11:15:51,817] INFO: Time: 3.585302474000173; Command Position: 0.22264221797633849; Output Position: 0.2199783894916728; Motor Current: 83.0
[2026-02-17 11:15:51,818] INFO: Time: 3.5863620390000506; Command Position: 0.22264221797633849; Output Position: 0.2199783894916728; Motor Current: 83.0
[2026-02-17 11:15:51,819] INFO: Time: 3.587423494000177; Command Position: 0.22264221797633849; Output Position: 0.2199783894916728; Motor Current: 81.0
[2026-02-17 11:15:51,820] INFO: Time: 3.5884883190001347; Command Position: 0.22264221797633849; Output Position: 0.21998763033979263; Motor Current: 83.0
[2026-02-17 11:15:51,821] INFO: Time: 3.5895493110001553; Command Position: 0.22264221797633849; Output Position: 0.2199783894916728; Motor Current: 83.0
[2026-02-17 11:15:51,822] INFO: Time: 3.5906095990001177; Command Position: 0.22264221797633849; Output Position: 0.2199783894916728; Motor Current: 86.0
[2026-02-17 11:15:51,823] INFO: Time: 3.591668665000043; Command Position: 0.22264221797633849; Output Position: 0.21998763033979263; Motor Current: 84.0
[2026-02-17 11:15:51,824] INFO: Time: 3.5927272860001267; Command Position: 0.22264221797633849; Output Position: 0.21996914864355302; Motor Current: 84.0
[2026-02-17 11:15:51,826] INFO: Time: 3.593792685000153; Command Position: 0.22264221797633849; Output Position: 0.21998763033979263; Motor Current: 86.0
[2026-02-17 11:15:51,827] INFO: Time: 3.5948571400001583; Command Position: 0.22264221797633849; Output Position: 0.21998763033979263; Motor Current: 86.0
[2026-02-17 11:15:51,828] INFO: Time: 3.5959825210002236; Command Position: 0.22264221797633849; Output Position: 0.21998763033979263; Motor Current: 86.0
[2026-02-17 11:15:51,829] INFO: Time: 3.5970416240002123; Command Position: 0.22264221797633849; Output Position: 0.21996914864355302; Motor Current: 86.0
[2026-02-17 11:15:51,830] INFO: Time: 3.5981006720001005; Command Position: 0.22264221797633849; Output Position: 0.21996914864355302; Motor Current: 86.0
[2026-02-17 11:15:51,831] INFO: Time: 3.5991594970000733; Command Position: 0.22264221797633849; Output Position: 0.2199783894916728; Motor Current: 88.0
[2026-02-17 11:15:51,832] INFO: Time: 3.600231248; Command Position: 0.22264221797633849; Output Position: 0.21998763033979263; Motor Current: 90.0
[2026-02-17 11:15:51,833] INFO: Time: 3.601296351000201; Command Position: 0.22264221797633849; Output Position: 0.2199783894916728; Motor Current: 90.0
[2026-02-17 11:15:51,834] INFO: Time: 3.6023558800000046; Command Position: 0.22264221797633849; Output Position: 0.21996914864355302; Motor Current: 88.0
[2026-02-17 11:15:51,835] INFO: Time: 3.6034154270000727; Command Position: 0.22264221797633849; Output Position: 0.21998763033979263; Motor Current: 90.0
[2026-02-17 11:15:51,836] INFO: Time: 3.6044758450000245; Command Position: 0.22264221797633849; Output Position: 0.21996914864355302; Motor Current: 90.0
[2026-02-17 11:15:51,837] INFO: Time: 3.60554320700021; Command Position: 0.22264221797633849; Output Position: 0.21998763033979263; Motor Current: 88.0
[2026-02-17 11:15:51,838] INFO: Time: 3.606605939000019; Command Position: 0.22264221797633849; Output Position: 0.2199783894916728; Motor Current: 89.0
[2026-02-17 11:15:51,839] INFO: Time: 3.6076664680001613; Command Position: 0.22264221797633849; Output Position: 0.21998763033979263; Motor Current: 85.0
[2026-02-17 11:15:51,840] INFO: Time: 3.608726071000092; Command Position: 0.22264221797633849; Output Position: 0.2199968711879124; Motor Current: 86.0
[2026-02-17 11:15:51,842] INFO: Time: 3.609785044000091; Command Position: 0.22264221797633849; Output Position: 0.2199783894916728; Motor Current: 86.0
[2026-02-17 11:15:51,843] INFO: Time: 3.61084674000017; Command Position: 0.22264221797633849; Output Position: 0.21998763033979263; Motor Current: 82.0
[2026-02-17 11:15:51,844] INFO: Time: 3.611909231000027; Command Position: 0.22264221797633849; Output Position: 0.2199783894916728; Motor Current: 82.0
[2026-02-17 11:15:51,845] INFO: Time: 3.6129666490001; Command Position: 0.22264221797633849; Output Position: 0.2199783894916728; Motor Current: 83.0
[2026-02-17 11:15:51,846] INFO: Time: 3.6140256220000992; Command Position: 0.22264221797633849; Output Position: 0.21998763033979263; Motor Current: 81.0
[2026-02-17 11:15:51,847] INFO: Time: 3.615090447000057; Command Position: 0.22264221797633849; Output Position: 0.2199783894916728; Motor Current: 83.0
[2026-02-17 11:15:51,848] INFO: Time: 3.6161496060001355; Command Position: 0.22264221797633849; Output Position: 0.2199783894916728; Motor Current: 84.0
[2026-02-17 11:15:51,849] INFO: Time: 3.617212005000056; Command Position: 0.22264221797633849; Output Position: 0.2199783894916728; Motor Current: 84.0
[2026-02-17 11:15:51,850] INFO: Time: 3.618274978000045; Command Position: 0.22264221797633849; Output Position: 0.2199783894916728; Motor Current: 85.0
[2026-02-17 11:15:51,851] INFO: Time: 3.6193420810000134; Command Position: 0.22264221797633849; Output Position: 0.2199783894916728; Motor Current: 85.0
[2026-02-17 11:15:51,852] INFO: Time: 3.6204382580001493; Command Position: 0.22264221797633849; Output Position: 0.21998763033979263; Motor Current: 84.0
[2026-02-17 11:15:51,853] INFO: Time: 3.621497121000175; Command Position: 0.22264221797633849; Output Position: 0.2199783894916728; Motor Current: 83.0
[2026-02-17 11:15:51,854] INFO: Time: 3.622556983000095; Command Position: 0.22264221797633849; Output Position: 0.21998763033979263; Motor Current: 85.0
[2026-02-17 11:15:51,855] INFO: Time: 3.623618123000142; Command Position: 0.22264221797633849; Output Position: 0.21998763033979263; Motor Current: 84.0
[2026-02-17 11:15:51,856] INFO: Time: 3.6246796330001416; Command Position: 0.22264221797633849; Output Position: 0.21998763033979263; Motor Current: 84.0
[2026-02-17 11:15:51,858] INFO: Time: 3.6257393280000088; Command Position: 0.22264221797633849; Output Position: 0.21998763033979263; Motor Current: 81.0
[2026-02-17 11:15:51,859] INFO: Time: 3.6267984870000873; Command Position: 0.22264221797633849; Output Position: 0.21998763033979263; Motor Current: 82.0
[2026-02-17 11:15:51,860] INFO: Time: 3.6278571270001976; Command Position: 0.22264221797633849; Output Position: 0.2199783894916728; Motor Current: 84.0
[2026-02-17 11:15:51,861] INFO: Time: 3.6289158960000805; Command Position: 0.22264221797633849; Output Position: 0.21998763033979263; Motor Current: 85.0
[2026-02-17 11:15:51,862] INFO: Time: 3.6299790180000855; Command Position: 0.22264221797633849; Output Position: 0.21998763033979263; Motor Current: 83.0
[2026-02-17 11:15:51,863] INFO: Time: 3.6310416020000957; Command Position: 0.22264221797633849; Output Position: 0.2199783894916728; Motor Current: 83.0
[2026-02-17 11:15:51,864] INFO: Time: 3.6321005940001214; Command Position: 0.22264221797633849; Output Position: 0.21998763033979263; Motor Current: 83.0
[2026-02-17 11:15:51,865] INFO: Time: 3.6331608630000574; Command Position: 0.22264221797633849; Output Position: 0.21998763033979263; Motor Current: 83.0
[2026-02-17 11:15:51,866] INFO: Time: 3.634219651000194; Command Position: 0.22264221797633849; Output Position: 0.2199783894916728; Motor Current: 82.0
[2026-02-17 11:15:51,867] INFO: Time: 3.63527840200004; Command Position: 0.22264221797633849; Output Position: 0.2199783894916728; Motor Current: 83.0
[2026-02-17 11:15:51,868] INFO: Time: 3.63633952400005; Command Position: 0.22264221797633849; Output Position: 0.2199968711879124; Motor Current: 84.0
[2026-02-17 11:15:51,869] INFO: Time: 3.6374002010002187; Command Position: 0.22264221797633849; Output Position: 0.21998763033979263; Motor Current: 83.0
[2026-02-17 11:15:51,870] INFO: Time: 3.6384595440001704; Command Position: 0.22264221797633849; Output Position: 0.21996914864355302; Motor Current: 83.0
[2026-02-17 11:15:51,871] INFO: Time: 3.6395180360000268; Command Position: 0.22264221797633849; Output Position: 0.2199783894916728; Motor Current: 83.0
[2026-02-17 11:15:51,872] INFO: Time: 3.6405763790000947; Command Position: 0.22264221797633849; Output Position: 0.2199783894916728; Motor Current: 84.0
[2026-02-17 11:15:51,873] INFO: Time: 3.641634945000078; Command Position: 0.22264221797633849; Output Position: 0.2199783894916728; Motor Current: 86.0
[2026-02-17 11:15:51,874] INFO: Time: 3.6426947150000615; Command Position: 0.22264221797633849; Output Position: 0.21998763033979263; Motor Current: 88.0
[2026-02-17 11:15:51,876] INFO: Time: 3.643754688000172; Command Position: 0.22264221797633849; Output Position: 0.2199783894916728; Motor Current: 87.0
[2026-02-17 11:15:51,877] INFO: Time: 3.6448136800001976; Command Position: 0.22264221797633849; Output Position: 0.21998763033979263; Motor Current: 87.0
[2026-02-17 11:15:51,878] INFO: Time: 3.6458721710000646; Command Position: 0.22264221797633849; Output Position: 0.21998763033979263; Motor Current: 87.0
[2026-02-17 11:15:51,879] INFO: Time: 3.646930922000138; Command Position: 0.22264221797633849; Output Position: 0.2199968711879124; Motor Current: 89.0
[2026-02-17 11:15:51,880] INFO: Time: 3.6479890440000418; Command Position: 0.22264221797633849; Output Position: 0.2199783894916728; Motor Current: 88.0
[2026-02-17 11:15:51,881] INFO: Time: 3.6490524800001367; Command Position: 0.22264221797633849; Output Position: 0.2199783894916728; Motor Current: 86.0
[2026-02-17 11:15:51,882] INFO: Time: 3.6501134720001573; Command Position: 0.22264221797633849; Output Position: 0.2199783894916728; Motor Current: 84.0
[2026-02-17 11:15:51,883] INFO: Time: 3.6511726490000456; Command Position: 0.22264221797633849; Output Position: 0.2199968711879124; Motor Current: 86.0
[2026-02-17 11:15:51,884] INFO: Time: 3.6522314920000554; Command Position: 0.22264221797633849; Output Position: 0.21998763033979263; Motor Current: 87.0
[2026-02-17 11:15:51,885] INFO: Time: 3.6532902250000916; Command Position: 0.22264221797633849; Output Position: 0.21998763033979263; Motor Current: 87.0
[2026-02-17 11:15:51,886] INFO: Time: 3.6543487720000485; Command Position: 0.22264221797633849; Output Position: 0.21998763033979263; Motor Current: 82.0
[2026-02-17 11:15:51,887] INFO: Time: 3.655408856000122; Command Position: 0.22264221797633849; Output Position: 0.21998763033979263; Motor Current: 82.0
[2026-02-17 11:15:51,888] INFO: Time: 3.6564691630001107; Command Position: 0.22264221797633849; Output Position: 0.2199968711879124; Motor Current: 85.0
[2026-02-17 11:15:51,889] INFO: Time: 3.6575281550001364; Command Position: 0.22264221797633849; Output Position: 0.21998763033979263; Motor Current: 85.0
[2026-02-17 11:15:51,890] INFO: Time: 3.6585868500001197; Command Position: 0.22264221797633849; Output Position: 0.21998763033979263; Motor Current: 81.0
[2026-02-17 11:15:51,891] INFO: Time: 3.6596455640001295; Command Position: 0.22264221797633849; Output Position: 0.2199783894916728; Motor Current: 83.0
[2026-02-17 11:15:51,892] INFO: Time: 3.6607062600000972; Command Position: 0.22264221797633849; Output Position: 0.21995990779543326; Motor Current: 83.0
[2026-02-17 11:15:51,894] INFO: Time: 3.6617705110002134; Command Position: 0.22264221797633849; Output Position: 0.2199783894916728; Motor Current: 83.0
[2026-02-17 11:15:51,895] INFO: Time: 3.6628292620000593; Command Position: 0.22264221797633849; Output Position: 0.2199783894916728; Motor Current: 86.0
[2026-02-17 11:15:51,896] INFO: Time: 3.663888179000196; Command Position: 0.22264221797633849; Output Position: 0.2199783894916728; Motor Current: 85.0
[2026-02-17 11:15:51,897] INFO: Time: 3.6649470600000313; Command Position: 0.22264221797633849; Output Position: 0.2199968711879124; Motor Current: 85.0
[2026-02-17 11:15:51,898] INFO: Time: 3.6660059780001575; Command Position: 0.22264221797633849; Output Position: 0.2199783894916728; Motor Current: 87.0
[2026-02-17 11:15:51,899] INFO: Time: 3.667068488000041; Command Position: 0.22264221797633849; Output Position: 0.2199783894916728; Motor Current: 82.0
[2026-02-17 11:15:51,900] INFO: Time: 3.668129406000162; Command Position: 0.22264221797633849; Output Position: 0.2199783894916728; Motor Current: 83.0
[2026-02-17 11:15:51,901] INFO: Time: 3.669188601000087; Command Position: 0.22264221797633849; Output Position: 0.21998763033979263; Motor Current: 82.0
[2026-02-17 11:15:51,902] INFO: Time: 3.6702474450000864; Command Position: 0.22264221797633849; Output Position: 0.2199968711879124; Motor Current: 82.0
[2026-02-17 11:15:51,903] INFO: Time: 3.671306455000149; Command Position: 0.22264221797633849; Output Position: 0.2199783894916728; Motor Current: 82.0
[2026-02-17 11:15:51,904] INFO: Time: 3.6723653360002118; Command Position: 0.22264221797633849; Output Position: 0.21996914864355302; Motor Current: 81.0
[2026-02-17 11:15:51,905] INFO: Time: 3.673426938000148; Command Position: 0.22264221797633849; Output Position: 0.2199783894916728; Motor Current: 82.0
[2026-02-17 11:15:51,906] INFO: Time: 3.6744899120001264; Command Position: 0.22264221797633849; Output Position: 0.2199783894916728; Motor Current: 84.0
[2026-02-17 11:15:51,907] INFO: Time: 3.675548922000189; Command Position: 0.22264221797633849; Output Position: 0.21998763033979263; Motor Current: 86.0
[2026-02-17 11:15:51,908] INFO: Time: 3.6766076170001725; Command Position: 0.22264221797633849; Output Position: 0.2199783894916728; Motor Current: 86.0
[2026-02-17 11:15:51,909] INFO: Time: 3.677666517000034; Command Position: 0.22264221797633849; Output Position: 0.2199783894916728; Motor Current: 85.0
[2026-02-17 11:15:51,910] INFO: Time: 3.6787273790000654; Command Position: 0.22264221797633849; Output Position: 0.21998763033979263; Motor Current: 85.0
[2026-02-17 11:15:51,912] INFO: Time: 3.679789407000044; Command Position: 0.22264221797633849; Output Position: 0.21996914864355302; Motor Current: 84.0
[2026-02-17 11:15:51,913] INFO: Time: 3.680848418000096; Command Position: 0.22264221797633849; Output Position: 0.21996914864355302; Motor Current: 84.0
[2026-02-17 11:15:51,914] INFO: Time: 3.6819074280001587; Command Position: 0.22264221797633849; Output Position: 0.2199783894916728; Motor Current: 85.0
[2026-02-17 11:15:51,915] INFO: Time: 3.6831181060001654; Command Position: 0.22264221797633849; Output Position: 0.21998763033979263; Motor Current: 86.0
[2026-02-17 11:15:51,916] INFO: Time: 3.684177191000117; Command Position: 0.22264221797633849; Output Position: 0.2199968711879124; Motor Current: 85.0
[2026-02-17 11:15:51,917] INFO: Time: 3.68524122000008; Command Position: 0.22264221797633849; Output Position: 0.2199968711879124; Motor Current: 83.0
[2026-02-17 11:15:51,918] INFO: Time: 3.6863017110001692; Command Position: 0.22264221797633849; Output Position: 0.2199783894916728; Motor Current: 82.0
[2026-02-17 11:15:51,919] INFO: Time: 3.6873613330001263; Command Position: 0.22264221797633849; Output Position: 0.21998763033979263; Motor Current: 82.0
[2026-02-17 11:15:51,920] INFO: Time: 3.688420936000057; Command Position: 0.22264221797633849; Output Position: 0.21998763033979263; Motor Current: 83.0
[2026-02-17 11:15:51,921] INFO: Time: 3.6894798530001935; Command Position: 0.22264221797633849; Output Position: 0.2199783894916728; Motor Current: 83.0
[2026-02-17 11:15:51,922] INFO: Time: 3.690538752000066; Command Position: 0.22264221797633849; Output Position: 0.21998763033979263; Motor Current: 84.0
[2026-02-17 11:15:51,923] INFO: Time: 3.6916003180001553; Command Position: 0.22264221797633849; Output Position: 0.21996914864355302; Motor Current: 86.0
[2026-02-17 11:15:51,924] INFO: Time: 3.692661236000049; Command Position: 0.22264221797633849; Output Position: 0.2199783894916728; Motor Current: 87.0
[2026-02-17 11:15:51,925] INFO: Time: 3.6937210240000695; Command Position: 0.22264221797633849; Output Position: 0.2199783894916728; Motor Current: 90.0
[2026-02-17 11:15:51,927] INFO: Time: 3.6947800530001587; Command Position: 0.22264221797633849; Output Position: 0.2199783894916728; Motor Current: 92.0
[2026-02-17 11:15:51,928] INFO: Time: 3.695838915000195; Command Position: 0.22264221797633849; Output Position: 0.21998763033979263; Motor Current: 91.0
[2026-02-17 11:15:51,929] INFO: Time: 3.696897684000078; Command Position: 0.22264221797633849; Output Position: 0.2199783894916728; Motor Current: 91.0
[2026-02-17 11:15:51,930] INFO: Time: 3.6979643980000674; Command Position: 0.22264221797633849; Output Position: 0.21998763033979263; Motor Current: 91.0
[2026-02-17 11:15:51,931] INFO: Time: 3.6990270380001675; Command Position: 0.22264221797633849; Output Position: 0.21998763033979263; Motor Current: 89.0
[2026-02-17 11:15:51,932] INFO: Time: 3.7000954930001626; Command Position: 0.22264221797633849; Output Position: 0.21998763033979263; Motor Current: 88.0
[2026-02-17 11:15:51,933] INFO: Time: 3.7011548000000403; Command Position: 0.22264221797633849; Output Position: 0.21998763033979263; Motor Current: 87.0
[2026-02-17 11:15:51,934] INFO: Time: 3.702241977000085; Command Position: 0.22264221797633849; Output Position: 0.21998763033979263; Motor Current: 87.0
[2026-02-17 11:15:51,935] INFO: Time: 3.703303395000148; Command Position: 0.22264221797633849; Output Position: 0.21996914864355302; Motor Current: 87.0
[2026-02-17 11:15:51,936] INFO: Time: 3.70436546000019; Command Position: 0.22264221797633849; Output Position: 0.21998763033979263; Motor Current: 88.0
[2026-02-17 11:15:51,937] INFO: Time: 3.7054265450001367; Command Position: 0.22264221797633849; Output Position: 0.2199783894916728; Motor Current: 89.0
[2026-02-17 11:15:51,938] INFO: Time: 3.7064863140001307; Command Position: 0.22264221797633849; Output Position: 0.2199783894916728; Motor Current: 87.0
[2026-02-17 11:15:51,939] INFO: Time: 3.7075456950001353; Command Position: 0.22264221797633849; Output Position: 0.21998763033979263; Motor Current: 86.0
[2026-02-17 11:15:51,940] INFO: Time: 3.7086046680001346; Command Position: 0.22264221797633849; Output Position: 0.21998763033979263; Motor Current: 84.0
[2026-02-17 11:15:51,941] INFO: Time: 3.7096657340000547; Command Position: 0.22264221797633849; Output Position: 0.2199783894916728; Motor Current: 84.0
[2026-02-17 11:15:51,942] INFO: Time: 3.710726892000139; Command Position: 0.22264221797633849; Output Position: 0.2199968711879124; Motor Current: 84.0
[2026-02-17 11:15:51,944] INFO: Time: 3.7117864950000694; Command Position: 0.22264221797633849; Output Position: 0.21998763033979263; Motor Current: 85.0
[2026-02-17 11:15:51,945] INFO: Time: 3.712845543000185; Command Position: 0.22264221797633849; Output Position: 0.2199783894916728; Motor Current: 84.0
[2026-02-17 11:15:51,946] INFO: Time: 3.7139043310000943; Command Position: 0.22264221797633849; Output Position: 0.21998763033979263; Motor Current: 83.0
[2026-02-17 11:15:51,947] INFO: Time: 3.7149632480000037; Command Position: 0.22264221797633849; Output Position: 0.21998763033979263; Motor Current: 83.0
[2026-02-17 11:15:51,948] INFO: Time: 3.71602349900013; Command Position: 0.22264221797633849; Output Position: 0.2199783894916728; Motor Current: 83.0
[2026-02-17 11:15:51,949] INFO: Time: 3.71710036200011; Command Position: 0.22264221797633849; Output Position: 0.2199783894916728; Motor Current: 84.0
[2026-02-17 11:15:51,950] INFO: Time: 3.718182668000054; Command Position: 0.22264221797633849; Output Position: 0.21998763033979263; Motor Current: 84.0
[2026-02-17 11:15:51,951] INFO: Time: 3.719243919000064; Command Position: 0.22264221797633849; Output Position: 0.21996914864355302; Motor Current: 86.0
[2026-02-17 11:15:51,952] INFO: Time: 3.7203031700000793; Command Position: 0.22264221797633849; Output Position: 0.2199783894916728; Motor Current: 86.0
[2026-02-17 11:15:51,953] INFO: Time: 3.7213621070000045; Command Position: 0.22264221797633849; Output Position: 0.2199783894916728; Motor Current: 87.0
[2026-02-17 11:15:51,954] INFO: Time: 3.7224227280000832; Command Position: 0.22264221797633849; Output Position: 0.2199783894916728; Motor Current: 86.0
[2026-02-17 11:15:51,955] INFO: Time: 3.7234842010000193; Command Position: 0.22264221797633849; Output Position: 0.2199783894916728; Motor Current: 84.0
[2026-02-17 11:15:51,956] INFO: Time: 3.7245432860001983; Command Position: 0.22264221797633849; Output Position: 0.21998763033979263; Motor Current: 84.0
[2026-02-17 11:15:51,957] INFO: Time: 3.7256026850000126; Command Position: 0.22264221797633849; Output Position: 0.21998763033979263; Motor Current: 85.0
[2026-02-17 11:15:51,958] INFO: Time: 3.7266614910001863; Command Position: 0.22264221797633849; Output Position: 0.2199783894916728; Motor Current: 86.0
[2026-02-17 11:15:51,959] INFO: Time: 3.727723187000038; Command Position: 0.22264221797633849; Output Position: 0.2199783894916728; Motor Current: 86.0
[2026-02-17 11:15:51,961] INFO: Time: 3.728784623000138; Command Position: 0.22264221797633849; Output Position: 0.2199783894916728; Motor Current: 82.0
[2026-02-17 11:15:51,962] INFO: Time: 3.729843689000063; Command Position: 0.22264221797633849; Output Position: 0.21998763033979263; Motor Current: 83.0
[2026-02-17 11:15:51,963] INFO: Time: 3.7309024400001363; Command Position: 0.22264221797633849; Output Position: 0.21998763033979263; Motor Current: 83.0
[2026-02-17 11:15:51,964] INFO: Time: 3.731961209000019; Command Position: 0.22264221797633849; Output Position: 0.2199783894916728; Motor Current: 82.0
[2026-02-17 11:15:51,965] INFO: Time: 3.7330191640000976; Command Position: 0.22264221797633849; Output Position: 0.2199968711879124; Motor Current: 85.0
[2026-02-17 11:15:51,966] INFO: Time: 3.7340998230001787; Command Position: 0.22264221797633849; Output Position: 0.2199783894916728; Motor Current: 83.0
[2026-02-17 11:15:51,967] INFO: Time: 3.735161074000189; Command Position: 0.22264221797633849; Output Position: 0.2199783894916728; Motor Current: 83.0
[2026-02-17 11:15:51,968] INFO: Time: 3.7362200280001616; Command Position: 0.22264221797633849; Output Position: 0.2199783894916728; Motor Current: 84.0
[2026-02-17 11:15:51,969] INFO: Time: 3.7372918720000143; Command Position: 0.22264221797633849; Output Position: 0.21998763033979263; Motor Current: 83.0
[2026-02-17 11:15:51,970] INFO: Time: 3.7383505669999977; Command Position: 0.22264221797633849; Output Position: 0.2199783894916728; Motor Current: 84.0
[2026-02-17 11:15:51,971] INFO: Time: 3.7394089300000815; Command Position: 0.22264221797633849; Output Position: 0.2199968711879124; Motor Current: 86.0
[2026-02-17 11:15:51,972] INFO: Time: 3.7404696990001867; Command Position: 0.22264221797633849; Output Position: 0.21998763033979263; Motor Current: 85.0
[2026-02-17 11:15:51,973] INFO: Time: 3.741530580000017; Command Position: 0.22264221797633849; Output Position: 0.21998763033979263; Motor Current: 84.0
[2026-02-17 11:15:51,974] INFO: Time: 3.7425898680000955; Command Position: 0.22264221797633849; Output Position: 0.21998763033979263; Motor Current: 84.0
[2026-02-17 11:15:51,975] INFO: Time: 3.7436484710001423; Command Position: 0.22264221797633849; Output Position: 0.2199783894916728; Motor Current: 84.0
[2026-02-17 11:15:51,976] INFO: Time: 3.7447072590000516; Command Position: 0.22264221797633849; Output Position: 0.2199783894916728; Motor Current: 86.0
[2026-02-17 11:15:51,978] INFO: Time: 3.74576801000012; Command Position: 0.22264221797633849; Output Position: 0.21998763033979263; Motor Current: 86.0
[2026-02-17 11:15:51,979] INFO: Time: 3.746829168000204; Command Position: 0.22264221797633849; Output Position: 0.2199783894916728; Motor Current: 87.0
[2026-02-17 11:15:51,980] INFO: Time: 3.7478879560001133; Command Position: 0.22264221797633849; Output Position: 0.21998763033979263; Motor Current: 88.0
[2026-02-17 11:15:51,981] INFO: Time: 3.7489466330000596; Command Position: 0.22264221797633849; Output Position: 0.21998763033979263; Motor Current: 87.0
[2026-02-17 11:15:51,982] INFO: Time: 3.7500045690001116; Command Position: 0.22264221797633849; Output Position: 0.21998763033979263; Motor Current: 88.0
[2026-02-17 11:15:51,983] INFO: Time: 3.751063042000169; Command Position: 0.22264221797633849; Output Position: 0.2199783894916728; Motor Current: 88.0
[2026-02-17 11:15:51,984] INFO: Time: 3.7521292380001796; Command Position: 0.22264221797633849; Output Position: 0.21996914864355302; Motor Current: 87.0
[2026-02-17 11:15:51,985] INFO: Time: 3.753193822000185; Command Position: 0.22264221797633849; Output Position: 0.21996914864355302; Motor Current: 87.0
[2026-02-17 11:15:51,986] INFO: Time: 3.754253351000216; Command Position: 0.22264221797633849; Output Position: 0.21998763033979263; Motor Current: 87.0
[2026-02-17 11:15:51,987] INFO: Time: 3.755312528000104; Command Position: 0.22264221797633849; Output Position: 0.2199783894916728; Motor Current: 85.0
[2026-02-17 11:15:51,988] INFO: Time: 3.7563712980002038; Command Position: 0.22264221797633849; Output Position: 0.21998763033979263; Motor Current: 86.0
[2026-02-17 11:15:51,989] INFO: Time: 3.7574300120002135; Command Position: 0.22264221797633849; Output Position: 0.2199783894916728; Motor Current: 86.0
[2026-02-17 11:15:51,990] INFO: Time: 3.758490800000118; Command Position: 0.22264221797633849; Output Position: 0.2199783894916728; Motor Current: 87.0
[2026-02-17 11:15:51,991] INFO: Time: 3.759551606000059; Command Position: 0.22264221797633849; Output Position: 0.2199783894916728; Motor Current: 86.0
[2026-02-17 11:15:51,992] INFO: Time: 3.760610913000164; Command Position: 0.22264221797633849; Output Position: 0.21998763033979263; Motor Current: 84.0
[2026-02-17 11:15:51,993] INFO: Time: 3.7616701080000894; Command Position: 0.22264221797633849; Output Position: 0.21998763033979263; Motor Current: 83.0
[2026-02-17 11:15:51,994] INFO: Time: 3.762728878000189; Command Position: 0.22264221797633849; Output Position: 0.21998763033979263; Motor Current: 83.0
[2026-02-17 11:15:51,996] INFO: Time: 3.76378962900003; Command Position: 0.22264221797633849; Output Position: 0.21998763033979263; Motor Current: 81.0
[2026-02-17 11:15:51,997] INFO: Time: 3.7648530460000984; Command Position: 0.22264221797633849; Output Position: 0.2199783894916728; Motor Current: 81.0
[2026-02-17 11:15:51,998] INFO: Time: 3.765912816000082; Command Position: 0.22264221797633849; Output Position: 0.21998763033979263; Motor Current: 81.0
[2026-02-17 11:15:51,999] INFO: Time: 3.766971511000065; Command Position: 0.22264221797633849; Output Position: 0.21998763033979263; Motor Current: 80.0
[2026-02-17 11:15:52,000] INFO: Time: 3.7680299110002125; Command Position: 0.22264221797633849; Output Position: 0.21996914864355302; Motor Current: 79.0
[2026-02-17 11:15:52,001] INFO: Time: 3.769090254000048; Command Position: 0.22264221797633849; Output Position: 0.2199783894916728; Motor Current: 81.0
[2026-02-17 11:15:52,002] INFO: Time: 3.770151172000169; Command Position: 0.22264221797633849; Output Position: 0.21998763033979263; Motor Current: 82.0
[2026-02-17 11:15:52,003] INFO: Time: 3.7712134600001264; Command Position: 0.22264221797633849; Output Position: 0.2199783894916728; Motor Current: 84.0
[2026-02-17 11:15:52,004] INFO: Time: 3.772273266000184; Command Position: 0.22264221797633849; Output Position: 0.2199783894916728; Motor Current: 84.0
[2026-02-17 11:15:52,005] INFO: Time: 3.773332092000146; Command Position: 0.22264221797633849; Output Position: 0.21998763033979263; Motor Current: 83.0
[2026-02-17 11:15:52,006] INFO: Time: 3.774390861000029; Command Position: 0.22264221797633849; Output Position: 0.2199783894916728; Motor Current: 84.0
[2026-02-17 11:15:52,007] INFO: Time: 3.7754498530000546; Command Position: 0.22264221797633849; Output Position: 0.2199783894916728; Motor Current: 84.0
[2026-02-17 11:15:52,008] INFO: Time: 3.7765111960000013; Command Position: 0.22264221797633849; Output Position: 0.2199968711879124; Motor Current: 83.0
[2026-02-17 11:15:52,009] INFO: Time: 3.7775728360002176; Command Position: 0.22264221797633849; Output Position: 0.21996914864355302; Motor Current: 83.0
[2026-02-17 11:15:52,010] INFO: Time: 3.7786319390002063; Command Position: 0.22264221797633849; Output Position: 0.2199783894916728; Motor Current: 82.0
[2026-02-17 11:15:52,011] INFO: Time: 3.7796911900002215; Command Position: 0.22264221797633849; Output Position: 0.2199783894916728; Motor Current: 82.0
[2026-02-17 11:15:52,013] INFO: Time: 3.780756497000084; Command Position: 0.22264221797633849; Output Position: 0.21998763033979263; Motor Current: 82.0
[2026-02-17 11:15:52,014] INFO: Time: 3.7818213400000786; Command Position: 0.22264221797633849; Output Position: 0.21996914864355302; Motor Current: 84.0
[2026-02-17 11:15:52,015] INFO: Time: 3.7828822400001627; Command Position: 0.22264221797633849; Output Position: 0.21998763033979263; Motor Current: 83.0
[2026-02-17 11:15:52,016] INFO: Time: 3.7839414540001144; Command Position: 0.22264221797633849; Output Position: 0.21998763033979263; Motor Current: 83.0
[2026-02-17 11:15:52,017] INFO: Time: 3.7850002600000607; Command Position: 0.22264221797633849; Output Position: 0.2199783894916728; Motor Current: 83.0
[2026-02-17 11:15:52,018] INFO: Time: 3.7861135300001934; Command Position: 0.22264221797633849; Output Position: 0.21998763033979263; Motor Current: 83.0
[2026-02-17 11:15:52,019] INFO: Time: 3.7871724110000287; Command Position: 0.22264221797633849; Output Position: 0.21998763033979263; Motor Current: 83.0
[2026-02-17 11:15:52,020] INFO: Time: 3.7882334580001498; Command Position: 0.22264221797633849; Output Position: 0.2199783894916728; Motor Current: 84.0
[2026-02-17 11:15:52,021] INFO: Time: 3.789294135000091; Command Position: 0.22264221797633849; Output Position: 0.21998763033979263; Motor Current: 85.0
[2026-02-17 11:15:52,022] INFO: Time: 3.790353368000069; Command Position: 0.22264221797633849; Output Position: 0.2199783894916728; Motor Current: 84.0
[2026-02-17 11:15:52,023] INFO: Time: 3.791412156000206; Command Position: 0.22264221797633849; Output Position: 0.21998763033979263; Motor Current: 86.0
[2026-02-17 11:15:52,024] INFO: Time: 3.7924710180000147; Command Position: 0.22264221797633849; Output Position: 0.2199783894916728; Motor Current: 86.0
[2026-02-17 11:15:52,025] INFO: Time: 3.793529676000162; Command Position: 0.22264221797633849; Output Position: 0.21998763033979263; Motor Current: 85.0
[2026-02-17 11:15:52,026] INFO: Time: 3.7945910939999976; Command Position: 0.22264221797633849; Output Position: 0.2199783894916728; Motor Current: 87.0
[2026-02-17 11:15:52,027] INFO: Time: 3.7956519370000024; Command Position: 0.22264221797633849; Output Position: 0.21998763033979263; Motor Current: 87.0
[2026-02-17 11:15:52,028] INFO: Time: 3.796711596000023; Command Position: 0.22264221797633849; Output Position: 0.2199783894916728; Motor Current: 87.0
[2026-02-17 11:15:52,030] INFO: Time: 3.7977710510001543; Command Position: 0.22264221797633849; Output Position: 0.2199783894916728; Motor Current: 87.0
[2026-02-17 11:15:52,031] INFO: Time: 3.7988298390000637; Command Position: 0.22264221797633849; Output Position: 0.21998763033979263; Motor Current: 87.0
[2026-02-17 11:15:52,032] INFO: Time: 3.7998908860001848; Command Position: 0.22264221797633849; Output Position: 0.21998763033979263; Motor Current: 84.0
[2026-02-17 11:15:52,033] INFO: Time: 3.8009525440002108; Command Position: 0.22264221797633849; Output Position: 0.2199783894916728; Motor Current: 85.0
[2026-02-17 11:15:52,034] INFO: Time: 3.8020121290001043; Command Position: 0.22264221797633849; Output Position: 0.2199783894916728; Motor Current: 85.0
[2026-02-17 11:15:52,035] INFO: Time: 3.803275511000038; Command Position: 0.22264221797633849; Output Position: 0.2199783894916728; Motor Current: 83.0
[2026-02-17 11:15:52,036] INFO: Time: 3.8043365030000587; Command Position: 0.22264221797633849; Output Position: 0.2199783894916728; Motor Current: 82.0
[2026-02-17 11:15:52,037] INFO: Time: 3.8053970130001744; Command Position: 0.22264221797633849; Output Position: 0.21998763033979263; Motor Current: 83.0
[2026-02-17 11:15:52,038] INFO: Time: 3.806457524000052; Command Position: 0.22264221797633849; Output Position: 0.2199783894916728; Motor Current: 83.0
[2026-02-17 11:15:52,039] INFO: Time: 3.807518201000221; Command Position: 0.22264221797633849; Output Position: 0.2199783894916728; Motor Current: 85.0
[2026-02-17 11:15:52,040] INFO: Time: 3.8085772660001567; Command Position: 0.22264221797633849; Output Position: 0.2199783894916728; Motor Current: 83.0
[2026-02-17 11:15:52,041] INFO: Time: 3.8096368690000872; Command Position: 0.22264221797633849; Output Position: 0.21998763033979263; Motor Current: 84.0
[2026-02-17 11:15:52,042] INFO: Time: 3.810695917000203; Command Position: 0.22264221797633849; Output Position: 0.2199783894916728; Motor Current: 84.0
[2026-02-17 11:15:52,044] INFO: Time: 3.811756705000107; Command Position: 0.22264221797633849; Output Position: 0.2199783894916728; Motor Current: 84.0
[2026-02-17 11:15:52,045] INFO: Time: 3.8128187330000856; Command Position: 0.22264221797633849; Output Position: 0.21998763033979263; Motor Current: 85.0
[2026-02-17 11:15:52,046] INFO: Time: 3.8138779470000372; Command Position: 0.22264221797633849; Output Position: 0.21996914864355302; Motor Current: 86.0
[2026-02-17 11:15:52,047] INFO: Time: 3.81493688400019; Command Position: 0.22264221797633849; Output Position: 0.2199783894916728; Motor Current: 86.0
[2026-02-17 11:15:52,048] INFO: Time: 3.8159956350000357; Command Position: 0.22264221797633849; Output Position: 0.21998763033979263; Motor Current: 88.0
[2026-02-17 11:15:52,049] INFO: Time: 3.81705412600013; Command Position: 0.22264221797633849; Output Position: 0.21996914864355302; Motor Current: 87.0
[2026-02-17 11:15:52,050] INFO: Time: 3.8181125810001504; Command Position: 0.22264221797633849; Output Position: 0.21998763033979263; Motor Current: 84.0
[2026-02-17 11:15:52,051] INFO: Time: 3.8191740360000495; Command Position: 0.22264221797633849; Output Position: 0.21998763033979263; Motor Current: 84.0
[2026-02-17 11:15:52,052] INFO: Time: 3.8202330650001386; Command Position: 0.22264221797633849; Output Position: 0.21998763033979263; Motor Current: 87.0
[2026-02-17 11:15:52,053] INFO: Time: 3.821291945000212; Command Position: 0.22264221797633849; Output Position: 0.21998763033979263; Motor Current: 88.0
[2026-02-17 11:15:52,054] INFO: Time: 3.822350307000079; Command Position: 0.22264221797633849; Output Position: 0.2199783894916728; Motor Current: 88.0
[2026-02-17 11:15:52,055] INFO: Time: 3.8234178360000897; Command Position: 0.22264221797633849; Output Position: 0.21996914864355302; Motor Current: 84.0
[2026-02-17 11:15:52,056] INFO: Time: 3.824502143000018; Command Position: 0.22264221797633849; Output Position: 0.21998763033979263; Motor Current: 85.0
[2026-02-17 11:15:52,057] INFO: Time: 3.8255618940002023; Command Position: 0.22264221797633849; Output Position: 0.2199783894916728; Motor Current: 82.0
[2026-02-17 11:15:52,058] INFO: Time: 3.8266219230001752; Command Position: 0.22264221797633849; Output Position: 0.2199783894916728; Motor Current: 85.0
[2026-02-17 11:15:52,059] INFO: Time: 3.8276816920001693; Command Position: 0.22264221797633849; Output Position: 0.21998763033979263; Motor Current: 86.0
[2026-02-17 11:15:52,061] INFO: Time: 3.8287427400000524; Command Position: 0.22264221797633849; Output Position: 0.2199783894916728; Motor Current: 82.0
[2026-02-17 11:15:52,062] INFO: Time: 3.829805546000216; Command Position: 0.22264221797633849; Output Position: 0.2199783894916728; Motor Current: 83.0
[2026-02-17 11:15:52,063] INFO: Time: 3.8308647420001307; Command Position: 0.22264221797633849; Output Position: 0.2199783894916728; Motor Current: 83.0
[2026-02-17 11:15:52,064] INFO: Time: 3.8319237890000295; Command Position: 0.22264221797633849; Output Position: 0.21998763033979263; Motor Current: 81.0
[2026-02-17 11:15:52,065] INFO: Time: 3.832982466000203; Command Position: 0.22264221797633849; Output Position: 0.21996914864355302; Motor Current: 82.0
[2026-02-17 11:15:52,066] INFO: Time: 3.834041291000176; Command Position: 0.22264221797633849; Output Position: 0.21996914864355302; Motor Current: 83.0
[2026-02-17 11:15:52,067] INFO: Time: 3.8351070790001813; Command Position: 0.22264221797633849; Output Position: 0.21998763033979263; Motor Current: 84.0
[2026-02-17 11:15:52,068] INFO: Time: 3.836167608000096; Command Position: 0.22264221797633849; Output Position: 0.2199783894916728; Motor Current: 84.0
[2026-02-17 11:15:52,069] INFO: Time: 3.837237044000176; Command Position: 0.22264221797633849; Output Position: 0.2199783894916728; Motor Current: 84.0
[2026-02-17 11:15:52,070] INFO: Time: 3.8382960910000747; Command Position: 0.22264221797633849; Output Position: 0.2199783894916728; Motor Current: 81.0
[2026-02-17 11:15:52,071] INFO: Time: 3.839354991000164; Command Position: 0.22264221797633849; Output Position: 0.2199783894916728; Motor Current: 83.0
[2026-02-17 11:15:52,072] INFO: Time: 3.840413075000015; Command Position: 0.22264221797633849; Output Position: 0.2199783894916728; Motor Current: 85.0
[2026-02-17 11:15:52,073] INFO: Time: 3.841474104000099; Command Position: 0.22264221797633849; Output Position: 0.21998763033979263; Motor Current: 85.0
[2026-02-17 11:15:52,074] INFO: Time: 3.8425346880001143; Command Position: 0.22264221797633849; Output Position: 0.2199783894916728; Motor Current: 84.0
[2026-02-17 11:15:52,075] INFO: Time: 3.8435937720000766; Command Position: 0.22264221797633849; Output Position: 0.2199783894916728; Motor Current: 85.0
[2026-02-17 11:15:52,076] INFO: Time: 3.84465239400015; Command Position: 0.22264221797633849; Output Position: 0.2199783894916728; Motor Current: 85.0
[2026-02-17 11:15:52,077] INFO: Time: 3.8457109410001067; Command Position: 0.22264221797633849; Output Position: 0.21998763033979263; Motor Current: 89.0
[2026-02-17 11:15:52,079] INFO: Time: 3.8467713770000955; Command Position: 0.22264221797633849; Output Position: 0.2199783894916728; Motor Current: 89.0
[2026-02-17 11:15:52,080] INFO: Time: 3.8478065360000073; Command Position: 0.22264221797633849; Output Position: 0.21998763033979263; Motor Current: 87.0
[2026-02-17 11:15:52,081] INFO: Time: 3.8488656380000066; Command Position: 0.22264221797633849; Output Position: 0.2199783894916728; Motor Current: 86.0
[2026-02-17 11:15:52,082] INFO: Time: 3.8499245380000957; Command Position: 0.22264221797633849; Output Position: 0.2199783894916728; Motor Current: 87.0
[2026-02-17 11:15:52,083] INFO: Time: 3.8509841030002008; Command Position: 0.22264221797633849; Output Position: 0.2199968711879124; Motor Current: 86.0
[2026-02-17 11:15:52,084] INFO: Time: 3.852042780000147; Command Position: 0.22264221797633849; Output Position: 0.2199783894916728; Motor Current: 88.0
[2026-02-17 11:15:52,085] INFO: Time: 3.8531074940001417; Command Position: 0.22264221797633849; Output Position: 0.2199783894916728; Motor Current: 87.0
[2026-02-17 11:15:52,086] INFO: Time: 3.854168505000189; Command Position: 0.22264221797633849; Output Position: 0.21996914864355302; Motor Current: 85.0
[2026-02-17 11:15:52,087] INFO: Time: 3.8552385710002; Command Position: 0.22264221797633849; Output Position: 0.21998763033979263; Motor Current: 87.0
[2026-02-17 11:15:52,088] INFO: Time: 3.8562973030000194; Command Position: 0.22264221797633849; Output Position: 0.2199783894916728; Motor Current: 89.0
[2026-02-17 11:15:52,089] INFO: Time: 3.8573560540000926; Command Position: 0.22264221797633849; Output Position: 0.2199783894916728; Motor Current: 87.0
[2026-02-17 11:15:52,090] INFO: Time: 3.858414842000002; Command Position: 0.22264221797633849; Output Position: 0.2199783894916728; Motor Current: 85.0
[2026-02-17 11:15:52,091] INFO: Time: 3.859475056000065; Command Position: 0.22264221797633849; Output Position: 0.2199783894916728; Motor Current: 86.0
[2026-02-17 11:15:52,092] INFO: Time: 3.8605360660001224; Command Position: 0.22264221797633849; Output Position: 0.21998763033979263; Motor Current: 86.0
[2026-02-17 11:15:52,093] INFO: Time: 3.8615951320000477; Command Position: 0.22264221797633849; Output Position: 0.2199783894916728; Motor Current: 86.0
[2026-02-17 11:15:52,094] INFO: Time: 3.8626542910001262; Command Position: 0.22264221797633849; Output Position: 0.21998763033979263; Motor Current: 88.0
[2026-02-17 11:15:52,095] INFO: Time: 3.863713505000078; Command Position: 0.22264221797633849; Output Position: 0.21998763033979263; Motor Current: 83.0
[2026-02-17 11:15:52,097] INFO: Time: 3.8647750890002044; Command Position: 0.22264221797633849; Output Position: 0.21998763033979263; Motor Current: 83.0
[2026-02-17 11:15:52,098] INFO: Time: 3.8658391360002042; Command Position: 0.22264221797633849; Output Position: 0.21998763033979263; Motor Current: 84.0
[2026-02-17 11:15:52,099] INFO: Time: 3.8668991840002036; Command Position: 0.22264221797633849; Output Position: 0.2199968711879124; Motor Current: 82.0
[2026-02-17 11:15:52,100] INFO: Time: 3.8679581380001764; Command Position: 0.22264221797633849; Output Position: 0.2199783894916728; Motor Current: 80.0
[2026-02-17 11:15:52,101] INFO: Time: 3.869015926000202; Command Position: 0.22264221797633849; Output Position: 0.21998763033979263; Motor Current: 80.0
[2026-02-17 11:15:52,102] INFO: Time: 3.870074788000011; Command Position: 0.22264221797633849; Output Position: 0.21998763033979263; Motor Current: 81.0
[2026-02-17 11:15:52,103] INFO: Time: 3.871139114000016; Command Position: 0.22264221797633849; Output Position: 0.2199783894916728; Motor Current: 81.0
[2026-02-17 11:15:52,104] INFO: Time: 3.8722134020001704; Command Position: 0.22264221797633849; Output Position: 0.21998763033979263; Motor Current: 82.0
[2026-02-17 11:15:52,105] INFO: Time: 3.8732735600001433; Command Position: 0.22264221797633849; Output Position: 0.21998763033979263; Motor Current: 82.0
[2026-02-17 11:15:52,106] INFO: Time: 3.874333459000127; Command Position: 0.22264221797633849; Output Position: 0.2199968711879124; Motor Current: 83.0
[2026-02-17 11:15:52,107] INFO: Time: 3.8753929330000574; Command Position: 0.22264221797633849; Output Position: 0.21998763033979263; Motor Current: 83.0
[2026-02-17 11:15:52,108] INFO: Time: 3.876451665000104; Command Position: 0.22264221797633849; Output Position: 0.2199783894916728; Motor Current: 84.0
[2026-02-17 11:15:52,109] INFO: Time: 3.8775123600000825; Command Position: 0.22264221797633849; Output Position: 0.2199783894916728; Motor Current: 83.0
[2026-02-17 11:15:52,110] INFO: Time: 3.878574204000188; Command Position: 0.22264221797633849; Output Position: 0.21998763033979263; Motor Current: 84.0
[2026-02-17 11:15:52,111] INFO: Time: 3.8796336960001554; Command Position: 0.22264221797633849; Output Position: 0.2199783894916728; Motor Current: 84.0
[2026-02-17 11:15:52,112] INFO: Time: 3.880692521000128; Command Position: 0.22264221797633849; Output Position: 0.2199783894916728; Motor Current: 85.0
[2026-02-17 11:15:52,114] INFO: Time: 3.881751290000011; Command Position: 0.22264221797633849; Output Position: 0.2199783894916728; Motor Current: 84.0
[2026-02-17 11:15:52,115] INFO: Time: 3.8828131160000794; Command Position: 0.22264221797633849; Output Position: 0.21996914864355302; Motor Current: 82.0
[2026-02-17 11:15:52,116] INFO: Time: 3.8838763850001214; Command Position: 0.22264221797633849; Output Position: 0.2199968711879124; Motor Current: 84.0
[2026-02-17 11:15:52,117] INFO: Time: 3.8849363210001684; Command Position: 0.22264221797633849; Output Position: 0.2199783894916728; Motor Current: 85.0
[2026-02-17 11:15:52,118] INFO: Time: 3.8859937760000776; Command Position: 0.22264221797633849; Output Position: 0.21998763033979263; Motor Current: 85.0
[2026-02-17 11:15:52,119] INFO: Time: 3.8870531940001456; Command Position: 0.22264221797633849; Output Position: 0.2199783894916728; Motor Current: 84.0
[2026-02-17 11:15:52,120] INFO: Time: 3.8881120190001184; Command Position: 0.22264221797633849; Output Position: 0.2199783894916728; Motor Current: 83.0
[2026-02-17 11:15:52,121] INFO: Time: 3.8891742140001497; Command Position: 0.22264221797633849; Output Position: 0.2199783894916728; Motor Current: 83.0
[2026-02-17 11:15:52,122] INFO: Time: 3.8902358540001387; Command Position: 0.22264221797633849; Output Position: 0.21998763033979263; Motor Current: 86.0
[2026-02-17 11:15:52,123] INFO: Time: 3.891295531000196; Command Position: 0.22264221797633849; Output Position: 0.21998763033979263; Motor Current: 84.0
[2026-02-17 11:15:52,124] INFO: Time: 3.8923591900002066; Command Position: 0.22264221797633849; Output Position: 0.21998763033979263; Motor Current: 83.0
[2026-02-17 11:15:52,125] INFO: Time: 3.8934209410001586; Command Position: 0.22264221797633849; Output Position: 0.21996914864355302; Motor Current: 84.0
[2026-02-17 11:15:52,126] INFO: Time: 3.8944807100001526; Command Position: 0.22264221797633849; Output Position: 0.21998763033979263; Motor Current: 85.0
[2026-02-17 11:15:52,127] INFO: Time: 3.8955414240001573; Command Position: 0.22264221797633849; Output Position: 0.2199783894916728; Motor Current: 87.0
[2026-02-17 11:15:52,128] INFO: Time: 3.8966023790001145; Command Position: 0.22264221797633849; Output Position: 0.21998763033979263; Motor Current: 86.0
[2026-02-17 11:15:52,129] INFO: Time: 3.897661667000193; Command Position: 0.22264221797633849; Output Position: 0.2199783894916728; Motor Current: 86.0
[2026-02-17 11:15:52,130] INFO: Time: 3.898720881000145; Command Position: 0.22264221797633849; Output Position: 0.21996914864355302; Motor Current: 82.0
[2026-02-17 11:15:52,132] INFO: Time: 3.899779743000181; Command Position: 0.22264221797633849; Output Position: 0.2199968711879124; Motor Current: 84.0
[2026-02-17 11:15:52,133] INFO: Time: 3.9008409750001647; Command Position: 0.22264221797633849; Output Position: 0.21998763033979263; Motor Current: 86.0
[2026-02-17 11:15:52,134] INFO: Time: 3.901903523000101; Command Position: 0.22264221797633849; Output Position: 0.2199783894916728; Motor Current: 85.0
[2026-02-17 11:15:52,135] INFO: Time: 3.9029621440001847; Command Position: 0.22264221797633849; Output Position: 0.21998763033979263; Motor Current: 85.0
[2026-02-17 11:15:52,136] INFO: Time: 3.904020117000073; Command Position: 0.22264221797633849; Output Position: 0.2199783894916728; Motor Current: 85.0
[2026-02-17 11:15:52,137] INFO: Time: 3.905078850000109; Command Position: 0.22264221797633849; Output Position: 0.21998763033979263; Motor Current: 85.0
[2026-02-17 11:15:52,138] INFO: Time: 3.9061375450000924; Command Position: 0.22264221797633849; Output Position: 0.21998763033979263; Motor Current: 84.0
[2026-02-17 11:15:52,139] INFO: Time: 3.9072554080000828; Command Position: 0.22264221797633849; Output Position: 0.2199968711879124; Motor Current: 85.0
[2026-02-17 11:15:52,140] INFO: Time: 3.9083145290001085; Command Position: 0.22264221797633849; Output Position: 0.21996914864355302; Motor Current: 83.0
[2026-02-17 11:15:52,141] INFO: Time: 3.909375521000129; Command Position: 0.22264221797633849; Output Position: 0.2199783894916728; Motor Current: 82.0
[2026-02-17 11:15:52,142] INFO: Time: 3.9104348460000438; Command Position: 0.22264221797633849; Output Position: 0.21996914864355302; Motor Current: 83.0
[2026-02-17 11:15:52,143] INFO: Time: 3.9114938560001065; Command Position: 0.22264221797633849; Output Position: 0.21998763033979263; Motor Current: 85.0
[2026-02-17 11:15:52,144] INFO: Time: 3.9125528850001956; Command Position: 0.22264221797633849; Output Position: 0.2199783894916728; Motor Current: 85.0
[2026-02-17 11:15:52,145] INFO: Time: 3.913614081000105; Command Position: 0.22264221797633849; Output Position: 0.21998763033979263; Motor Current: 85.0
[2026-02-17 11:15:52,146] INFO: Time: 3.9146747580000465; Command Position: 0.22264221797633849; Output Position: 0.2199783894916728; Motor Current: 84.0
[2026-02-17 11:15:52,148] INFO: Time: 3.915733786000146; Command Position: 0.22264221797633849; Output Position: 0.2199783894916728; Motor Current: 83.0
[2026-02-17 11:15:52,149] INFO: Time: 3.916792889000135; Command Position: 0.22264221797633849; Output Position: 0.21998763033979263; Motor Current: 86.0
[2026-02-17 11:15:52,150] INFO: Time: 3.917851937000023; Command Position: 0.22264221797633849; Output Position: 0.2199968711879124; Motor Current: 84.0
[2026-02-17 11:15:52,151] INFO: Time: 3.9189112430001387; Command Position: 0.22264221797633849; Output Position: 0.21998763033979263; Motor Current: 82.0
[2026-02-17 11:15:52,152] INFO: Time: 3.9199722530001964; Command Position: 0.22264221797633849; Output Position: 0.21998763033979263; Motor Current: 80.0
[2026-02-17 11:15:52,153] INFO: Time: 3.9210351340000216; Command Position: 0.22264221797633849; Output Position: 0.21996914864355302; Motor Current: 81.0
[2026-02-17 11:15:52,154] INFO: Time: 3.922103015000175; Command Position: 0.22264221797633849; Output Position: 0.21998763033979263; Motor Current: 83.0
[2026-02-17 11:15:52,155] INFO: Time: 3.923162284; Command Position: 0.22264221797633849; Output Position: 0.21998763033979263; Motor Current: 84.0
[2026-02-17 11:15:52,156] INFO: Time: 3.9242427950000547; Command Position: 0.22264221797633849; Output Position: 0.2199783894916728; Motor Current: 84.0
[2026-02-17 11:15:52,157] INFO: Time: 3.925304657000197; Command Position: 0.22264221797633849; Output Position: 0.2199783894916728; Motor Current: 83.0
[2026-02-17 11:15:52,158] INFO: Time: 3.926365927000006; Command Position: 0.22264221797633849; Output Position: 0.2199783894916728; Motor Current: 83.0
[2026-02-17 11:15:52,159] INFO: Time: 3.9274282890000904; Command Position: 0.22264221797633849; Output Position: 0.2199783894916728; Motor Current: 84.0
[2026-02-17 11:15:52,160] INFO: Time: 3.9284877800000686; Command Position: 0.22264221797633849; Output Position: 0.2199783894916728; Motor Current: 84.0
[2026-02-17 11:15:52,161] INFO: Time: 3.9295477720002054; Command Position: 0.22264221797633849; Output Position: 0.2199783894916728; Motor Current: 85.0
[2026-02-17 11:15:52,162] INFO: Time: 3.930607264000173; Command Position: 0.22264221797633849; Output Position: 0.2199783894916728; Motor Current: 83.0
[2026-02-17 11:15:52,163] INFO: Time: 3.931667811000125; Command Position: 0.22264221797633849; Output Position: 0.21998763033979263; Motor Current: 82.0
[2026-02-17 11:15:52,164] INFO: Time: 3.932728359000066; Command Position: 0.22264221797633849; Output Position: 0.2199783894916728; Motor Current: 83.0
[2026-02-17 11:15:52,166] INFO: Time: 3.933787480000092; Command Position: 0.22264221797633849; Output Position: 0.21998763033979263; Motor Current: 84.0
[2026-02-17 11:15:52,167] INFO: Time: 3.9348464900001545; Command Position: 0.22264221797633849; Output Position: 0.21998763033979263; Motor Current: 83.0
[2026-02-17 11:15:52,168] INFO: Time: 3.9359052410000004; Command Position: 0.22264221797633849; Output Position: 0.21998763033979263; Motor Current: 82.0
[2026-02-17 11:15:52,169] INFO: Time: 3.9369647700000314; Command Position: 0.22264221797633849; Output Position: 0.21998763033979263; Motor Current: 82.0
[2026-02-17 11:15:52,170] INFO: Time: 3.9380280580001; Command Position: 0.22264221797633849; Output Position: 0.21998763033979263; Motor Current: 83.0
[2026-02-17 11:15:52,171] INFO: Time: 3.939107402000218; Command Position: 0.22264221797633849; Output Position: 0.2199783894916728; Motor Current: 84.0
[2026-02-17 11:15:52,172] INFO: Time: 3.9401664490001167; Command Position: 0.22264221797633849; Output Position: 0.2199968711879124; Motor Current: 87.0
[2026-02-17 11:15:52,173] INFO: Time: 3.941225589000169; Command Position: 0.22264221797633849; Output Position: 0.2199783894916728; Motor Current: 87.0
[2026-02-17 11:15:52,174] INFO: Time: 3.942284562000168; Command Position: 0.22264221797633849; Output Position: 0.2199783894916728; Motor Current: 89.0
[2026-02-17 11:15:52,175] INFO: Time: 3.943343369000104; Command Position: 0.22264221797633849; Output Position: 0.2199783894916728; Motor Current: 90.0
[2026-02-17 11:15:52,176] INFO: Time: 3.944403953000119; Command Position: 0.22264221797633849; Output Position: 0.2199783894916728; Motor Current: 89.0
[2026-02-17 11:15:52,177] INFO: Time: 3.9454648150001503; Command Position: 0.22264221797633849; Output Position: 0.2199783894916728; Motor Current: 91.0
[2026-02-17 11:15:52,178] INFO: Time: 3.9465240660001655; Command Position: 0.22264221797633849; Output Position: 0.21996914864355302; Motor Current: 91.0
[2026-02-17 11:15:52,179] INFO: Time: 3.947583540000096; Command Position: 0.22264221797633849; Output Position: 0.21998763033979263; Motor Current: 91.0
[2026-02-17 11:15:52,180] INFO: Time: 3.948642383000106; Command Position: 0.22264221797633849; Output Position: 0.2199783894916728; Motor Current: 88.0
[2026-02-17 11:15:52,181] INFO: Time: 3.949703023000211; Command Position: 0.22264221797633849; Output Position: 0.2199783894916728; Motor Current: 87.0
[2026-02-17 11:15:52,183] INFO: Time: 3.9507645520000096; Command Position: 0.22264221797633849; Output Position: 0.21998763033979263; Motor Current: 87.0
[2026-02-17 11:15:52,184] INFO: Time: 3.951825951000046; Command Position: 0.22264221797633849; Output Position: 0.21998763033979263; Motor Current: 90.0
[2026-02-17 11:15:52,185] INFO: Time: 3.952885572000014; Command Position: 0.22264221797633849; Output Position: 0.21998763033979263; Motor Current: 89.0
[2026-02-17 11:15:52,186] INFO: Time: 3.953944416000013; Command Position: 0.22264221797633849; Output Position: 0.21996914864355302; Motor Current: 89.0
[2026-02-17 11:15:52,187] INFO: Time: 3.95500574100015; Command Position: 0.22264221797633849; Output Position: 0.21998763033979263; Motor Current: 86.0
[2026-02-17 11:15:52,188] INFO: Time: 3.9560696220000864; Command Position: 0.22264221797633849; Output Position: 0.2199783894916728; Motor Current: 85.0
[2026-02-17 11:15:52,189] INFO: Time: 3.9571303910001916; Command Position: 0.22264221797633849; Output Position: 0.2199783894916728; Motor Current: 84.0
[2026-02-17 11:15:52,190] INFO: Time: 3.9581995680000546; Command Position: 0.22264221797633849; Output Position: 0.2199783894916728; Motor Current: 85.0
[2026-02-17 11:15:52,191] INFO: Time: 3.959258634000207; Command Position: 0.22264221797633849; Output Position: 0.2199783894916728; Motor Current: 85.0
[2026-02-17 11:15:52,192] INFO: Time: 3.9603170150001006; Command Position: 0.22264221797633849; Output Position: 0.21998763033979263; Motor Current: 83.0
[2026-02-17 11:15:52,193] INFO: Time: 3.9613755070001844; Command Position: 0.22264221797633849; Output Position: 0.21996914864355302; Motor Current: 82.0
[2026-02-17 11:15:52,194] INFO: Time: 3.962437739000052; Command Position: 0.22264221797633849; Output Position: 0.2199783894916728; Motor Current: 82.0
[2026-02-17 11:15:52,195] INFO: Time: 3.9634985640000195; Command Position: 0.22264221797633849; Output Position: 0.21998763033979263; Motor Current: 84.0
[2026-02-17 11:15:52,196] INFO: Time: 3.9645580930000506; Command Position: 0.22264221797633849; Output Position: 0.2199783894916728; Motor Current: 83.0
[2026-02-17 11:15:52,197] INFO: Time: 3.9656175110001186; Command Position: 0.22264221797633849; Output Position: 0.21998763033979263; Motor Current: 85.0
[2026-02-17 11:15:52,198] INFO: Time: 3.966676262000192; Command Position: 0.22264221797633849; Output Position: 0.21998763033979263; Motor Current: 85.0
[2026-02-17 11:15:52,200] INFO: Time: 3.9677375870001015; Command Position: 0.22264221797633849; Output Position: 0.2199968711879124; Motor Current: 83.0
[2026-02-17 11:15:52,201] INFO: Time: 3.968800764000207; Command Position: 0.22264221797633849; Output Position: 0.21996914864355302; Motor Current: 83.0
[2026-02-17 11:15:52,202] INFO: Time: 3.9698600330000318; Command Position: 0.22264221797633849; Output Position: 0.21998763033979263; Motor Current: 83.0
[2026-02-17 11:15:52,203] INFO: Time: 3.9709196360001897; Command Position: 0.22264221797633849; Output Position: 0.2199783894916728; Motor Current: 83.0
[2026-02-17 11:15:52,204] INFO: Time: 3.971978869000168; Command Position: 0.22264221797633849; Output Position: 0.2199783894916728; Motor Current: 85.0
[2026-02-17 11:15:52,205] INFO: Time: 3.9730379900001935; Command Position: 0.22264221797633849; Output Position: 0.2199968711879124; Motor Current: 86.0
[2026-02-17 11:15:52,206] INFO: Time: 3.9741133340000943; Command Position: 0.22264221797633849; Output Position: 0.2199783894916728; Motor Current: 86.0
[2026-02-17 11:15:52,207] INFO: Time: 3.9751740290000726; Command Position: 0.22264221797633849; Output Position: 0.2199783894916728; Motor Current: 86.0
[2026-02-17 11:15:52,208] INFO: Time: 3.9762327990001722; Command Position: 0.22264221797633849; Output Position: 0.2199783894916728; Motor Current: 86.0
[2026-02-17 11:15:52,209] INFO: Time: 3.9773039200001676; Command Position: 0.22264221797633849; Output Position: 0.2199783894916728; Motor Current: 87.0
[2026-02-17 11:15:52,210] INFO: Time: 3.978362708000077; Command Position: 0.22264221797633849; Output Position: 0.2199783894916728; Motor Current: 85.0
[2026-02-17 11:15:52,211] INFO: Time: 3.9794217000001026; Command Position: 0.22264221797633849; Output Position: 0.2199783894916728; Motor Current: 86.0
[2026-02-17 11:15:52,212] INFO: Time: 3.9804835070001445; Command Position: 0.22264221797633849; Output Position: 0.2199783894916728; Motor Current: 84.0
[2026-02-17 11:15:52,213] INFO: Time: 3.9815438690000065; Command Position: 0.22264221797633849; Output Position: 0.2199783894916728; Motor Current: 85.0
[2026-02-17 11:15:52,214] INFO: Time: 3.9826036380000005; Command Position: 0.22264221797633849; Output Position: 0.2199783894916728; Motor Current: 87.0
[2026-02-17 11:15:52,215] INFO: Time: 3.9836629630001426; Command Position: 0.22264221797633849; Output Position: 0.2199968711879124; Motor Current: 88.0
[2026-02-17 11:15:52,216] INFO: Time: 3.9847219920000043; Command Position: 0.22264221797633849; Output Position: 0.21996914864355302; Motor Current: 87.0
[2026-02-17 11:15:52,218] INFO: Time: 3.9857831140000144; Command Position: 0.22264221797633849; Output Position: 0.2199968711879124; Motor Current: 84.0
[2026-02-17 11:15:52,219] INFO: Time: 3.9868452900000193; Command Position: 0.22264221797633849; Output Position: 0.2199783894916728; Motor Current: 83.0
[2026-02-17 11:15:52,220] INFO: Time: 3.987904338000135; Command Position: 0.22264221797633849; Output Position: 0.21996914864355302; Motor Current: 85.0
[2026-02-17 11:15:52,221] INFO: Time: 3.9889631070000178; Command Position: 0.22264221797633849; Output Position: 0.2199783894916728; Motor Current: 86.0
[2026-02-17 11:15:52,222] INFO: Time: 3.9900210060000063; Command Position: 0.22264221797633849; Output Position: 0.2199783894916728; Motor Current: 87.0
[2026-02-17 11:15:52,223] INFO: Time: 3.9910794060001535; Command Position: 0.22264221797633849; Output Position: 0.21996914864355302; Motor Current: 86.0
[2026-02-17 11:15:52,224] INFO: Time: 3.9921483050000006; Command Position: 0.22264221797633849; Output Position: 0.21998763033979263; Motor Current: 86.0
[2026-02-17 11:15:52,225] INFO: Time: 3.993209667000201; Command Position: 0.22264221797633849; Output Position: 0.21998763033979263; Motor Current: 86.0
[2026-02-17 11:15:52,226] INFO: Time: 3.994269362000068; Command Position: 0.22264221797633849; Output Position: 0.2199783894916728; Motor Current: 87.0
[2026-02-17 11:15:52,227] INFO: Time: 3.995338780000111; Command Position: 0.22264221797633849; Output Position: 0.2199783894916728; Motor Current: 88.0
[2026-02-17 11:15:52,228] INFO: Time: 3.9964242540002033; Command Position: 0.22264221797633849; Output Position: 0.2199783894916728; Motor Current: 87.0
[2026-02-17 11:15:52,229] INFO: Time: 3.997483319000139; Command Position: 0.22264221797633849; Output Position: 0.21996914864355302; Motor Current: 87.0
[2026-02-17 11:15:52,230] INFO: Time: 3.9985443670000222; Command Position: 0.22264221797633849; Output Position: 0.21998763033979263; Motor Current: 86.0
[2026-02-17 11:15:52,231] INFO: Time: 3.999605488000043; Command Position: 0.22264221797633849; Output Position: 0.2199783894916728; Motor Current: 87.0
[2026-02-17 11:15:52,232] INFO: Time: 4.0006649800000105; Command Position: 0.22264221797633849; Output Position: 0.2199783894916728; Motor Current: 86.0
[2026-02-17 11:15:52,233] INFO: Time: 4.001724657000068; Command Position: 0.22264221797633849; Output Position: 0.21998763033979263; Motor Current: 88.0
[2026-02-17 11:15:52,235] INFO: Time: 4.002783852000221; Command Position: 0.22264221797633849; Output Position: 0.2199783894916728; Motor Current: 88.0
[2026-02-17 11:15:52,236] INFO: Time: 4.003844622000088; Command Position: 0.22264221797633849; Output Position: 0.2199783894916728; Motor Current: 90.0
[2026-02-17 11:15:52,237] INFO: Time: 4.004906669000093; Command Position: 0.22264221797633849; Output Position: 0.2199783894916728; Motor Current: 88.0
[2026-02-17 11:15:52,238] INFO: Time: 4.00596634600015; Command Position: 0.22264221797633849; Output Position: 0.21998763033979263; Motor Current: 87.0
[2026-02-17 11:15:52,239] INFO: Time: 4.007024671000181; Command Position: 0.22264221797633849; Output Position: 0.21998763033979263; Motor Current: 85.0
[2026-02-17 11:15:52,240] INFO: Time: 4.008084182000175; Command Position: 0.22264221797633849; Output Position: 0.2199968711879124; Motor Current: 84.0
[2026-02-17 11:15:52,241] INFO: Time: 4.009156562000044; Command Position: 0.22264221797633849; Output Position: 0.2199968711879124; Motor Current: 84.0
[2026-02-17 11:15:52,242] INFO: Time: 4.010217017000059; Command Position: 0.22264221797633849; Output Position: 0.2199783894916728; Motor Current: 84.0
[2026-02-17 11:15:52,243] INFO: Time: 4.011280046000138; Command Position: 0.22264221797633849; Output Position: 0.2199783894916728; Motor Current: 83.0
[2026-02-17 11:15:52,244] INFO: Time: 4.012339908000058; Command Position: 0.22264221797633849; Output Position: 0.21998763033979263; Motor Current: 82.0
[2026-02-17 11:15:52,245] INFO: Time: 4.013399418000063; Command Position: 0.22264221797633849; Output Position: 0.21998763033979263; Motor Current: 82.0
[2026-02-17 11:15:52,246] INFO: Time: 4.014458743000205; Command Position: 0.22264221797633849; Output Position: 0.2199783894916728; Motor Current: 81.0
[2026-02-17 11:15:52,248] INFO: Time: 4.015731219000145; Command Position: 0.22264221797633849; Output Position: 0.2199783894916728; Motor Current: 83.0
[2026-02-17 11:15:52,249] INFO: Time: 4.016796859000124; Command Position: 0.22264221797633849; Output Position: 0.21998763033979263; Motor Current: 81.0
[2026-02-17 11:15:52,250] INFO: Time: 4.017817943000182; Command Position: 0.22264221797633849; Output Position: 0.2199783894916728; Motor Current: 81.0
[2026-02-17 11:15:52,251] INFO: Time: 4.018881564000139; Command Position: 0.22264221797633849; Output Position: 0.21998763033979263; Motor Current: 82.0
[2026-02-17 11:15:52,252] INFO: Time: 4.019941611000149; Command Position: 0.22264221797633849; Output Position: 0.2199783894916728; Motor Current: 83.0
[2026-02-17 11:15:52,253] INFO: Time: 4.021000362000223; Command Position: 0.22264221797633849; Output Position: 0.21996914864355302; Motor Current: 81.0
[2026-02-17 11:15:52,254] INFO: Time: 4.022059280000121; Command Position: 0.22264221797633849; Output Position: 0.2199783894916728; Motor Current: 84.0
[2026-02-17 11:15:52,255] INFO: Time: 4.0231203640000786; Command Position: 0.22264221797633849; Output Position: 0.2199968711879124; Motor Current: 84.0
[2026-02-17 11:15:52,256] INFO: Time: 4.024184060000152; Command Position: 0.22264221797633849; Output Position: 0.21998763033979263; Motor Current: 84.0
[2026-02-17 11:15:52,258] INFO: Time: 4.025262644000122; Command Position: 0.22264221797633849; Output Position: 0.21998763033979263; Motor Current: 84.0
[2026-02-17 11:15:52,258] INFO: Time: 4.026322488000005; Command Position: 0.22264221797633849; Output Position: 0.21998763033979263; Motor Current: 85.0
[2026-02-17 11:15:52,259] INFO: Time: 4.027384054000095; Command Position: 0.22264221797633849; Output Position: 0.21998763033979263; Motor Current: 87.0
[2026-02-17 11:15:52,260] INFO: Time: 4.02844336000021; Command Position: 0.22264221797633849; Output Position: 0.2199783894916728; Motor Current: 87.0
[2026-02-17 11:15:52,261] INFO: Time: 4.029505630000131; Command Position: 0.22264221797633849; Output Position: 0.21996914864355302; Motor Current: 85.0
[2026-02-17 11:15:52,262] INFO: Time: 4.030566696000051; Command Position: 0.22264221797633849; Output Position: 0.2199968711879124; Motor Current: 83.0
[2026-02-17 11:15:52,263] INFO: Time: 4.031626002000166; Command Position: 0.22264221797633849; Output Position: 0.21998763033979263; Motor Current: 81.0
[2026-02-17 11:15:52,264] INFO: Time: 4.032685290000018; Command Position: 0.22264221797633849; Output Position: 0.2199783894916728; Motor Current: 82.0
[2026-02-17 11:15:52,266] INFO: Time: 4.033744189000117; Command Position: 0.22264221797633849; Output Position: 0.2199783894916728; Motor Current: 84.0
[2026-02-17 11:15:52,267] INFO: Time: 4.034804663000159; Command Position: 0.22264221797633849; Output Position: 0.21998763033979263; Motor Current: 82.0
[2026-02-17 11:15:52,268] INFO: Time: 4.035865303000037; Command Position: 0.22264221797633849; Output Position: 0.21998763033979263; Motor Current: 82.0
[2026-02-17 11:15:52,269] INFO: Time: 4.036924554000052; Command Position: 0.22264221797633849; Output Position: 0.2199783894916728; Motor Current: 82.0
[2026-02-17 11:15:52,270] INFO: Time: 4.037983564000115; Command Position: 0.22264221797633849; Output Position: 0.21998763033979263; Motor Current: 83.0
[2026-02-17 11:15:52,271] INFO: Time: 4.0390422960001615; Command Position: 0.22264221797633849; Output Position: 0.2199783894916728; Motor Current: 82.0
[2026-02-17 11:15:52,272] INFO: Time: 4.040150548000156; Command Position: 0.22264221797633849; Output Position: 0.21998763033979263; Motor Current: 85.0
[2026-02-17 11:15:52,273] INFO: Time: 4.041214836000108; Command Position: 0.22264221797633849; Output Position: 0.21998763033979263; Motor Current: 85.0
[2026-02-17 11:15:52,274] INFO: Time: 4.042278531000193; Command Position: 0.22264221797633849; Output Position: 0.21998763033979263; Motor Current: 84.0
[2026-02-17 11:15:52,275] INFO: Time: 4.043336579000197; Command Position: 0.22264221797633849; Output Position: 0.21998763033979263; Motor Current: 84.0
[2026-02-17 11:15:52,276] INFO: Time: 4.044395311000017; Command Position: 0.22264221797633849; Output Position: 0.21998763033979263; Motor Current: 85.0
[2026-02-17 11:15:52,277] INFO: Time: 4.045453877; Command Position: 0.22264221797633849; Output Position: 0.2199783894916728; Motor Current: 85.0
[2026-02-17 11:15:52,278] INFO: Time: 4.046512165000195; Command Position: 0.22264221797633849; Output Position: 0.2199968711879124; Motor Current: 87.0
[2026-02-17 11:15:52,279] INFO: Time: 4.047572675000083; Command Position: 0.22264221797633849; Output Position: 0.2199783894916728; Motor Current: 87.0
[2026-02-17 11:15:52,280] INFO: Time: 4.048633593000204; Command Position: 0.22264221797633849; Output Position: 0.2199968711879124; Motor Current: 83.0
[2026-02-17 11:15:52,281] INFO: Time: 4.049692511000103; Command Position: 0.22264221797633849; Output Position: 0.2199783894916728; Motor Current: 85.0
[2026-02-17 11:15:52,283] INFO: Time: 4.050751039000033; Command Position: 0.22264221797633849; Output Position: 0.21998763033979263; Motor Current: 85.0
[2026-02-17 11:15:52,284] INFO: Time: 4.0518061240002226; Command Position: 0.22264221797633849; Output Position: 0.21998763033979263; Motor Current: 86.0
[2026-02-17 11:15:52,285] INFO: Time: 4.052866819000201; Command Position: 0.22264221797633849; Output Position: 0.21996914864355302; Motor Current: 87.0
[2026-02-17 11:15:52,286] INFO: Time: 4.053928922000068; Command Position: 0.22264221797633849; Output Position: 0.2199783894916728; Motor Current: 88.0
[2026-02-17 11:15:52,287] INFO: Time: 4.054986414000041; Command Position: 0.22264221797633849; Output Position: 0.2199783894916728; Motor Current: 87.0
[2026-02-17 11:15:52,288] INFO: Time: 4.056045109000024; Command Position: 0.22264221797633849; Output Position: 0.2199783894916728; Motor Current: 88.0
[2026-02-17 11:15:52,289] INFO: Time: 4.057105323000087; Command Position: 0.22264221797633849; Output Position: 0.2199968711879124; Motor Current: 87.0
[2026-02-17 11:15:52,290] INFO: Time: 4.058164000000033; Command Position: 0.22264221797633849; Output Position: 0.21998763033979263; Motor Current: 86.0
[2026-02-17 11:15:52,291] INFO: Time: 4.059224862000065; Command Position: 0.22264221797633849; Output Position: 0.2199783894916728; Motor Current: 88.0
[2026-02-17 11:15:52,292] INFO: Time: 4.060285391000207; Command Position: 0.22264221797633849; Output Position: 0.2199783894916728; Motor Current: 86.0
[2026-02-17 11:15:52,293] INFO: Time: 4.0613447160001215; Command Position: 0.22264221797633849; Output Position: 0.21998763033979263; Motor Current: 82.0
[2026-02-17 11:15:52,294] INFO: Time: 4.062403801000073; Command Position: 0.22264221797633849; Output Position: 0.21998763033979263; Motor Current: 82.0
[2026-02-17 11:15:52,295] INFO: Time: 4.0634624030001305; Command Position: 0.22264221797633849; Output Position: 0.21998763033979263; Motor Current: 82.0
[2026-02-17 11:15:52,296] INFO: Time: 4.06452106200004; Command Position: 0.22264221797633849; Output Position: 0.21998763033979263; Motor Current: 81.0
[2026-02-17 11:15:52,298] INFO: Time: 4.065770741000051; Command Position: 0.22264221797633849; Output Position: 0.21998763033979263; Motor Current: 82.0
[2026-02-17 11:15:52,299] INFO: Time: 4.066835918000152; Command Position: 0.22264221797633849; Output Position: 0.21998763033979263; Motor Current: 83.0
[2026-02-17 11:15:52,300] INFO: Time: 4.067897076000008; Command Position: 0.22264221797633849; Output Position: 0.21998763033979263; Motor Current: 81.0
[2026-02-17 11:15:52,301] INFO: Time: 4.068957364000198; Command Position: 0.22264221797633849; Output Position: 0.2199783894916728; Motor Current: 83.0
[2026-02-17 11:15:52,302] INFO: Time: 4.070017411000208; Command Position: 0.22264221797633849; Output Position: 0.21998763033979263; Motor Current: 82.0
[2026-02-17 11:15:52,303] INFO: Time: 4.071076940000012; Command Position: 0.22264221797633849; Output Position: 0.2199783894916728; Motor Current: 85.0
[2026-02-17 11:15:52,304] INFO: Time: 4.072138173000212; Command Position: 0.22264221797633849; Output Position: 0.2199968711879124; Motor Current: 84.0
[2026-02-17 11:15:52,305] INFO: Time: 4.073200998000175; Command Position: 0.22264221797633849; Output Position: 0.2199968711879124; Motor Current: 84.0
[2026-02-17 11:15:52,306] INFO: Time: 4.07426032300009; Command Position: 0.22264221797633849; Output Position: 0.2199783894916728; Motor Current: 85.0
[2026-02-17 11:15:52,307] INFO: Time: 4.075319129000036; Command Position: 0.22264221797633849; Output Position: 0.2199783894916728; Motor Current: 86.0
[2026-02-17 11:15:52,308] INFO: Time: 4.076378010000099; Command Position: 0.22264221797633849; Output Position: 0.2199783894916728; Motor Current: 85.0
[2026-02-17 11:15:52,309] INFO: Time: 4.077437020000161; Command Position: 0.22264221797633849; Output Position: 0.2199968711879124; Motor Current: 84.0
[2026-02-17 11:15:52,310] INFO: Time: 4.078498049000018; Command Position: 0.22264221797633849; Output Position: 0.21998763033979263; Motor Current: 84.0
[2026-02-17 11:15:52,311] INFO: Time: 4.0795591150001655; Command Position: 0.22264221797633849; Output Position: 0.2199968711879124; Motor Current: 83.0
[2026-02-17 11:15:52,312] INFO: Time: 4.08061875500016; Command Position: 0.22264221797633849; Output Position: 0.21998763033979263; Motor Current: 83.0
[2026-02-17 11:15:52,313] INFO: Time: 4.081677876000185; Command Position: 0.22264221797633849; Output Position: 0.2199783894916728; Motor Current: 83.0
[2026-02-17 11:15:52,314] INFO: Time: 4.082736886000021; Command Position: 0.22264221797633849; Output Position: 0.21998763033979263; Motor Current: 82.0
[2026-02-17 11:15:52,316] INFO: Time: 4.0838038970000525; Command Position: 0.22264221797633849; Output Position: 0.21998763033979263; Motor Current: 84.0
[2026-02-17 11:15:52,317] INFO: Time: 4.0848671110002215; Command Position: 0.22264221797633849; Output Position: 0.2199783894916728; Motor Current: 84.0
[2026-02-17 11:15:52,318] INFO: Time: 4.085926491000009; Command Position: 0.22264221797633849; Output Position: 0.21998763033979263; Motor Current: 83.0
[2026-02-17 11:15:52,319] INFO: Time: 4.086986428000046; Command Position: 0.22264221797633849; Output Position: 0.21998763033979263; Motor Current: 82.0
[2026-02-17 11:15:52,320] INFO: Time: 4.088045382000018; Command Position: 0.22264221797633849; Output Position: 0.21998763033979263; Motor Current: 82.0
[2026-02-17 11:15:52,321] INFO: Time: 4.089106022000124; Command Position: 0.22264221797633849; Output Position: 0.2199783894916728; Motor Current: 83.0
[2026-02-17 11:15:52,322] INFO: Time: 4.09016742100016; Command Position: 0.22264221797633849; Output Position: 0.2199968711879124; Motor Current: 85.0
[2026-02-17 11:15:52,323] INFO: Time: 4.091228284000181; Command Position: 0.22264221797633849; Output Position: 0.2199783894916728; Motor Current: 85.0
[2026-02-17 11:15:52,324] INFO: Time: 4.092287238000154; Command Position: 0.22264221797633849; Output Position: 0.2199783894916728; Motor Current: 86.0
[2026-02-17 11:15:52,325] INFO: Time: 4.093346045000089; Command Position: 0.22264221797633849; Output Position: 0.2199783894916728; Motor Current: 85.0
[2026-02-17 11:15:52,326] INFO: Time: 4.0944048140002; Command Position: 0.22264221797633849; Output Position: 0.2199783894916728; Motor Current: 84.0
[2026-02-17 11:15:52,327] INFO: Time: 4.0954635470000085; Command Position: 0.22264221797633849; Output Position: 0.21998763033979263; Motor Current: 87.0
[2026-02-17 11:15:52,328] INFO: Time: 4.096523742000045; Command Position: 0.22264221797633849; Output Position: 0.2199783894916728; Motor Current: 86.0
[2026-02-17 11:15:52,329] INFO: Time: 4.097584493000113; Command Position: 0.22264221797633849; Output Position: 0.21998763033979263; Motor Current: 87.0
[2026-02-17 11:15:52,330] INFO: Time: 4.098643800000218; Command Position: 0.22264221797633849; Output Position: 0.21998763033979263; Motor Current: 85.0
[2026-02-17 11:15:52,331] INFO: Time: 4.099702718000117; Command Position: 0.22264221797633849; Output Position: 0.21998763033979263; Motor Current: 85.0
[2026-02-17 11:15:52,333] INFO: Time: 4.100761635000026; Command Position: 0.22264221797633849; Output Position: 0.2199968711879124; Motor Current: 86.0
[2026-02-17 11:15:52,334] INFO: Time: 4.101822942000126; Command Position: 0.22264221797633849; Output Position: 0.21998763033979263; Motor Current: 86.0
[2026-02-17 11:15:52,335] INFO: Time: 4.102884545000052; Command Position: 0.22264221797633849; Output Position: 0.2199783894916728; Motor Current: 85.0
[2026-02-17 11:15:52,336] INFO: Time: 4.103943981000157; Command Position: 0.22264221797633849; Output Position: 0.2199968711879124; Motor Current: 84.0
[2026-02-17 11:15:52,337] INFO: Time: 4.105001454000103; Command Position: 0.22264221797633849; Output Position: 0.21996914864355302; Motor Current: 86.0
[2026-02-17 11:15:52,338] INFO: Time: 4.106060298000102; Command Position: 0.22264221797633849; Output Position: 0.2199783894916728; Motor Current: 88.0
[2026-02-17 11:15:52,339] INFO: Time: 4.107119160000138; Command Position: 0.22264221797633849; Output Position: 0.21998763033979263; Motor Current: 86.0
[2026-02-17 11:15:52,340] INFO: Time: 4.108179929000016; Command Position: 0.22264221797633849; Output Position: 0.21998763033979263; Motor Current: 84.0
[2026-02-17 11:15:52,341] INFO: Time: 4.109252921000007; Command Position: 0.22264221797633849; Output Position: 0.21996914864355302; Motor Current: 88.0
[2026-02-17 11:15:52,342] INFO: Time: 4.110312394000175; Command Position: 0.22264221797633849; Output Position: 0.21998763033979263; Motor Current: 87.0
[2026-02-17 11:15:52,343] INFO: Time: 4.111371831000042; Command Position: 0.22264221797633849; Output Position: 0.21998763033979263; Motor Current: 85.0
[2026-02-17 11:15:52,344] INFO: Time: 4.112431100000094; Command Position: 0.22264221797633849; Output Position: 0.21996914864355302; Motor Current: 86.0
[2026-02-17 11:15:52,345] INFO: Time: 4.1134900180002205; Command Position: 0.22264221797633849; Output Position: 0.21998763033979263; Motor Current: 83.0
[2026-02-17 11:15:52,346] INFO: Time: 4.114550584000199; Command Position: 0.22264221797633849; Output Position: 0.2199783894916728; Motor Current: 83.0
[2026-02-17 11:15:52,347] INFO: Time: 4.115611927000145; Command Position: 0.22264221797633849; Output Position: 0.21998763033979263; Motor Current: 85.0
[2026-02-17 11:15:52,348] INFO: Time: 4.116671215000224; Command Position: 0.22264221797633849; Output Position: 0.21998763033979263; Motor Current: 86.0
[2026-02-17 11:15:52,349] INFO: Time: 4.117730096000059; Command Position: 0.22264221797633849; Output Position: 0.2199783894916728; Motor Current: 84.0
[2026-02-17 11:15:52,351] INFO: Time: 4.118788884000196; Command Position: 0.22264221797633849; Output Position: 0.21998763033979263; Motor Current: 82.0
[2026-02-17 11:15:52,352] INFO: Time: 4.119849580000164; Command Position: 0.22264221797633849; Output Position: 0.2199783894916728; Motor Current: 83.0
[2026-02-17 11:15:52,353] INFO: Time: 4.120911294000052; Command Position: 0.22264221797633849; Output Position: 0.21996914864355302; Motor Current: 84.0
[2026-02-17 11:15:52,354] INFO: Time: 4.121970822000094; Command Position: 0.22264221797633849; Output Position: 0.2199783894916728; Motor Current: 84.0
[2026-02-17 11:15:52,355] INFO: Time: 4.123029833000146; Command Position: 0.22264221797633849; Output Position: 0.21998763033979263; Motor Current: 85.0
[2026-02-17 11:15:52,356] INFO: Time: 4.124089158000061; Command Position: 0.22264221797633849; Output Position: 0.2199783894916728; Motor Current: 84.0
[2026-02-17 11:15:52,357] INFO: Time: 4.1251479830000335; Command Position: 0.22264221797633849; Output Position: 0.21998763033979263; Motor Current: 85.0
[2026-02-17 11:15:52,358] INFO: Time: 4.126208567000049; Command Position: 0.22264221797633849; Output Position: 0.21998763033979263; Motor Current: 84.0
[2026-02-17 11:15:52,359] INFO: Time: 4.127357208000149; Command Position: 0.22264221797633849; Output Position: 0.21996914864355302; Motor Current: 87.0
[2026-02-17 11:15:52,360] INFO: Time: 4.128446144000009; Command Position: 0.22264221797633849; Output Position: 0.21998763033979263; Motor Current: 85.0
[2026-02-17 11:15:52,361] INFO: Time: 4.129505210000161; Command Position: 0.22264221797633849; Output Position: 0.21998763033979263; Motor Current: 84.0
[2026-02-17 11:15:52,362] INFO: Time: 4.130565369000124; Command Position: 0.22264221797633849; Output Position: 0.2199783894916728; Motor Current: 87.0
[2026-02-17 11:15:52,363] INFO: Time: 4.131625138000118; Command Position: 0.22264221797633849; Output Position: 0.2199783894916728; Motor Current: 84.0
[2026-02-17 11:15:52,364] INFO: Time: 4.132687204000149; Command Position: 0.22264221797633849; Output Position: 0.21998763033979263; Motor Current: 86.0
[2026-02-17 11:15:52,366] INFO: Time: 4.133747918000154; Command Position: 0.22264221797633849; Output Position: 0.21998763033979263; Motor Current: 87.0
[2026-02-17 11:15:52,367] INFO: Time: 4.134807539000121; Command Position: 0.22264221797633849; Output Position: 0.21996914864355302; Motor Current: 85.0
[2026-02-17 11:15:52,368] INFO: Time: 4.135866845999999; Command Position: 0.22264221797633849; Output Position: 0.2199783894916728; Motor Current: 85.0
[2026-02-17 11:15:52,369] INFO: Time: 4.136925838000025; Command Position: 0.22264221797633849; Output Position: 0.2199968711879124; Motor Current: 86.0
[2026-02-17 11:15:52,370] INFO: Time: 4.137984626000161; Command Position: 0.22264221797633849; Output Position: 0.2199783894916728; Motor Current: 87.0
[2026-02-17 11:15:52,371] INFO: Time: 4.139047969000103; Command Position: 0.22264221797633849; Output Position: 0.21996914864355302; Motor Current: 85.0
[2026-02-17 11:15:52,372] INFO: Time: 4.140125813000168; Command Position: 0.22264221797633849; Output Position: 0.21998763033979263; Motor Current: 87.0
[2026-02-17 11:15:52,373] INFO: Time: 4.141185379000035; Command Position: 0.22264221797633849; Output Position: 0.21998763033979263; Motor Current: 89.0
[2026-02-17 11:15:52,374] INFO: Time: 4.1422630750000735; Command Position: 0.22264221797633849; Output Position: 0.21996914864355302; Motor Current: 88.0
[2026-02-17 11:15:52,375] INFO: Time: 4.143329085000005; Command Position: 0.22264221797633849; Output Position: 0.21998763033979263; Motor Current: 88.0
[2026-02-17 11:15:52,376] INFO: Time: 4.144388021000168; Command Position: 0.22264221797633849; Output Position: 0.2199783894916728; Motor Current: 87.0
[2026-02-17 11:15:52,377] INFO: Time: 4.1454499200001464; Command Position: 0.22264221797633849; Output Position: 0.21998763033979263; Motor Current: 90.0
[2026-02-17 11:15:52,378] INFO: Time: 4.146511301000146; Command Position: 0.22264221797633849; Output Position: 0.2199783894916728; Motor Current: 90.0
[2026-02-17 11:15:52,379] INFO: Time: 4.14757088500005; Command Position: 0.22264221797633849; Output Position: 0.21998763033979263; Motor Current: 90.0
[2026-02-17 11:15:52,380] INFO: Time: 4.148629933000166; Command Position: 0.22264221797633849; Output Position: 0.2199783894916728; Motor Current: 87.0
[2026-02-17 11:15:52,381] INFO: Time: 4.149688943000001; Command Position: 0.22264221797633849; Output Position: 0.21995990779543326; Motor Current: 88.0
[2026-02-17 11:15:52,383] INFO: Time: 4.150749212000164; Command Position: 0.22264221797633849; Output Position: 0.21998763033979263; Motor Current: 88.0
[2026-02-17 11:15:52,384] INFO: Time: 4.151810778000026; Command Position: 0.22264221797633849; Output Position: 0.2199783894916728; Motor Current: 88.0
[2026-02-17 11:15:52,385] INFO: Time: 4.152870363000147; Command Position: 0.22264221797633849; Output Position: 0.2199968711879124; Motor Current: 87.0
[2026-02-17 11:15:52,386] INFO: Time: 4.153936984000211; Command Position: 0.22264221797633849; Output Position: 0.21998763033979263; Motor Current: 85.0
[2026-02-17 11:15:52,387] INFO: Time: 4.15499971600002; Command Position: 0.22264221797633849; Output Position: 0.2199968711879124; Motor Current: 85.0
[2026-02-17 11:15:52,388] INFO: Time: 4.1560599490001096; Command Position: 0.22264221797633849; Output Position: 0.2199783894916728; Motor Current: 85.0
[2026-02-17 11:15:52,389] INFO: Time: 4.1571217740001885; Command Position: 0.22264221797633849; Output Position: 0.21996914864355302; Motor Current: 84.0
[2026-02-17 11:15:52,390] INFO: Time: 4.1581831180001245; Command Position: 0.22264221797633849; Output Position: 0.21996914864355302; Motor Current: 84.0
[2026-02-17 11:15:52,391] INFO: Time: 4.159242924000182; Command Position: 0.22264221797633849; Output Position: 0.2199783894916728; Motor Current: 84.0
[2026-02-17 11:15:52,392] INFO: Time: 4.160301916000208; Command Position: 0.22264221797633849; Output Position: 0.2199783894916728; Motor Current: 83.0
[2026-02-17 11:15:52,393] INFO: Time: 4.161361260000149; Command Position: 0.22264221797633849; Output Position: 0.2199783894916728; Motor Current: 85.0
[2026-02-17 11:15:52,394] INFO: Time: 4.162420085000122; Command Position: 0.22264221797633849; Output Position: 0.2199783894916728; Motor Current: 88.0
[2026-02-17 11:15:52,395] INFO: Time: 4.163481447000095; Command Position: 0.22264221797633849; Output Position: 0.21996914864355302; Motor Current: 86.0
[2026-02-17 11:15:52,396] INFO: Time: 4.164543105000121; Command Position: 0.22264221797633849; Output Position: 0.2199783894916728; Motor Current: 86.0
[2026-02-17 11:15:52,397] INFO: Time: 4.165602504000162; Command Position: 0.22264221797633849; Output Position: 0.21996914864355302; Motor Current: 87.0
[2026-02-17 11:15:52,398] INFO: Time: 4.166661589000114; Command Position: 0.22264221797633849; Output Position: 0.2199783894916728; Motor Current: 82.0
[2026-02-17 11:15:52,399] INFO: Time: 4.167720692000103; Command Position: 0.22264221797633849; Output Position: 0.2199968711879124; Motor Current: 83.0
[2026-02-17 11:15:52,401] INFO: Time: 4.16878196100015; Command Position: 0.22264221797633849; Output Position: 0.2199783894916728; Motor Current: 83.0
[2026-02-17 11:15:52,402] INFO: Time: 4.169843601000139; Command Position: 0.22264221797633849; Output Position: 0.2199783894916728; Motor Current: 81.0
[2026-02-17 11:15:52,403] INFO: Time: 4.170903222000106; Command Position: 0.22264221797633849; Output Position: 0.2199783894916728; Motor Current: 81.0
[2026-02-17 11:15:52,404] INFO: Time: 4.171962696000037; Command Position: 0.22264221797633849; Output Position: 0.21998763033979263; Motor Current: 83.0
[2026-02-17 11:15:52,405] INFO: Time: 4.17302144700011; Command Position: 0.22264221797633849; Output Position: 0.2199783894916728; Motor Current: 82.0
[2026-02-17 11:15:52,406] INFO: Time: 4.174080272000083; Command Position: 0.22264221797633849; Output Position: 0.21998763033979263; Motor Current: 83.0
[2026-02-17 11:15:52,407] INFO: Time: 4.175141301000167; Command Position: 0.22264221797633849; Output Position: 0.2199783894916728; Motor Current: 83.0
[2026-02-17 11:15:52,408] INFO: Time: 4.176202015000172; Command Position: 0.22264221797633849; Output Position: 0.21998763033979263; Motor Current: 84.0
[2026-02-17 11:15:52,409] INFO: Time: 4.1772609690001445; Command Position: 0.22264221797633849; Output Position: 0.21998763033979263; Motor Current: 87.0
[2026-02-17 11:15:52,410] INFO: Time: 4.17831990500008; Command Position: 0.22264221797633849; Output Position: 0.2199783894916728; Motor Current: 86.0
[2026-02-17 11:15:52,411] INFO: Time: 4.179378897000106; Command Position: 0.22264221797633849; Output Position: 0.21996914864355302; Motor Current: 84.0
[2026-02-17 11:15:52,412] INFO: Time: 4.180437759000142; Command Position: 0.22264221797633849; Output Position: 0.21998763033979263; Motor Current: 83.0
[2026-02-17 11:15:52,413] INFO: Time: 4.181498844000089; Command Position: 0.22264221797633849; Output Position: 0.21996914864355302; Motor Current: 84.0
[2026-02-17 11:15:52,414] INFO: Time: 4.182559224000215; Command Position: 0.22264221797633849; Output Position: 0.21996914864355302; Motor Current: 85.0
[2026-02-17 11:15:52,415] INFO: Time: 4.183618198000204; Command Position: 0.22264221797633849; Output Position: 0.21998763033979263; Motor Current: 87.0
[2026-02-17 11:15:52,416] INFO: Time: 4.184677115000113; Command Position: 0.22264221797633849; Output Position: 0.21998763033979263; Motor Current: 85.0
[2026-02-17 11:15:52,417] INFO: Time: 4.185736385000155; Command Position: 0.22264221797633849; Output Position: 0.2199783894916728; Motor Current: 85.0
[2026-02-17 11:15:52,419] INFO: Time: 4.186796895000043; Command Position: 0.22264221797633849; Output Position: 0.2199783894916728; Motor Current: 84.0
[2026-02-17 11:15:52,420] INFO: Time: 4.187857831000201; Command Position: 0.22264221797633849; Output Position: 0.21998763033979263; Motor Current: 85.0
[2026-02-17 11:15:52,421] INFO: Time: 4.1889171190000525; Command Position: 0.22264221797633849; Output Position: 0.2199783894916728; Motor Current: 85.0
[2026-02-17 11:15:52,422] INFO: Time: 4.189976018000152; Command Position: 0.22264221797633849; Output Position: 0.21996914864355302; Motor Current: 85.0
[2026-02-17 11:15:52,423] INFO: Time: 4.191034325000146; Command Position: 0.22264221797633849; Output Position: 0.21998763033979263; Motor Current: 87.0
[2026-02-17 11:15:52,424] INFO: Time: 4.192093113000055; Command Position: 0.22264221797633849; Output Position: 0.2199783894916728; Motor Current: 88.0
[2026-02-17 11:15:52,425] INFO: Time: 4.193168105000041; Command Position: 0.22264221797633849; Output Position: 0.2199783894916728; Motor Current: 88.0
[2026-02-17 11:15:52,426] INFO: Time: 4.194228689000056; Command Position: 0.22264221797633849; Output Position: 0.21998763033979263; Motor Current: 91.0
[2026-02-17 11:15:52,427] INFO: Time: 4.195288107000124; Command Position: 0.22264221797633849; Output Position: 0.2199783894916728; Motor Current: 92.0
[2026-02-17 11:15:52,428] INFO: Time: 4.196347414000002; Command Position: 0.22264221797633849; Output Position: 0.21998763033979263; Motor Current: 91.0
[2026-02-17 11:15:52,429] INFO: Time: 4.197406276000038; Command Position: 0.22264221797633849; Output Position: 0.21998763033979263; Motor Current: 91.0
[2026-02-17 11:15:52,430] INFO: Time: 4.198465378000037; Command Position: 0.22264221797633849; Output Position: 0.2199783894916728; Motor Current: 90.0
[2026-02-17 11:15:52,431] INFO: Time: 4.199526204000222; Command Position: 0.22264221797633849; Output Position: 0.21998763033979263; Motor Current: 90.0
[2026-02-17 11:15:52,432] INFO: Time: 4.20058804700011; Command Position: 0.22264221797633849; Output Position: 0.2199783894916728; Motor Current: 90.0
[2026-02-17 11:15:52,433] INFO: Time: 4.201647372000025; Command Position: 0.22264221797633849; Output Position: 0.21996914864355302; Motor Current: 87.0
[2026-02-17 11:15:52,434] INFO: Time: 4.2027065310001035; Command Position: 0.22264221797633849; Output Position: 0.21998763033979263; Motor Current: 88.0
[2026-02-17 11:15:52,436] INFO: Time: 4.203765911000119; Command Position: 0.22264221797633849; Output Position: 0.21998763033979263; Motor Current: 88.0
[2026-02-17 11:15:52,437] INFO: Time: 4.204826625000123; Command Position: 0.22264221797633849; Output Position: 0.21998763033979263; Motor Current: 86.0
[2026-02-17 11:15:52,438] INFO: Time: 4.205887821000033; Command Position: 0.22264221797633849; Output Position: 0.2199783894916728; Motor Current: 88.0
[2026-02-17 11:15:52,439] INFO: Time: 4.2069472760001645; Command Position: 0.22264221797633849; Output Position: 0.2199783894916728; Motor Current: 88.0
[2026-02-17 11:15:52,440] INFO: Time: 4.208004897000137; Command Position: 0.22264221797633849; Output Position: 0.21998763033979263; Motor Current: 86.0
[2026-02-17 11:15:52,441] INFO: Time: 4.209063815000036; Command Position: 0.22264221797633849; Output Position: 0.2199783894916728; Motor Current: 85.0
[2026-02-17 11:15:52,442] INFO: Time: 4.210121714000024; Command Position: 0.22264221797633849; Output Position: 0.2199783894916728; Motor Current: 84.0
[2026-02-17 11:15:52,443] INFO: Time: 4.211183539000103; Command Position: 0.22264221797633849; Output Position: 0.21998763033979263; Motor Current: 85.0
[2026-02-17 11:15:52,444] INFO: Time: 4.212256197000215; Command Position: 0.22264221797633849; Output Position: 0.2199783894916728; Motor Current: 84.0
[2026-02-17 11:15:52,445] INFO: Time: 4.213315745000045; Command Position: 0.22264221797633849; Output Position: 0.21998763033979263; Motor Current: 84.0
[2026-02-17 11:15:52,446] INFO: Time: 4.214375144000087; Command Position: 0.22264221797633849; Output Position: 0.2199783894916728; Motor Current: 84.0
[2026-02-17 11:15:52,447] INFO: Time: 4.215434191000213; Command Position: 0.22264221797633849; Output Position: 0.2199783894916728; Motor Current: 85.0
[2026-02-17 11:15:52,448] INFO: Time: 4.216492627000207; Command Position: 0.22264221797633849; Output Position: 0.21998763033979263; Motor Current: 84.0
[2026-02-17 11:15:52,449] INFO: Time: 4.217552693000016; Command Position: 0.22264221797633849; Output Position: 0.21998763033979263; Motor Current: 82.0
[2026-02-17 11:15:52,450] INFO: Time: 4.218614907000074; Command Position: 0.22264221797633849; Output Position: 0.2199783894916728; Motor Current: 83.0
[2026-02-17 11:15:52,451] INFO: Time: 4.219674695000094; Command Position: 0.22264221797633849; Output Position: 0.2199783894916728; Motor Current: 85.0
[2026-02-17 11:15:52,452] INFO: Time: 4.220734261000189; Command Position: 0.22264221797633849; Output Position: 0.21998763033979263; Motor Current: 87.0
[2026-02-17 11:15:52,454] INFO: Time: 4.221793419000051; Command Position: 0.22264221797633849; Output Position: 0.21998763033979263; Motor Current: 88.0
[2026-02-17 11:15:52,455] INFO: Time: 4.222854300000108; Command Position: 0.22264221797633849; Output Position: 0.2199783894916728; Motor Current: 86.0
[2026-02-17 11:15:52,456] INFO: Time: 4.223916125000187; Command Position: 0.22264221797633849; Output Position: 0.2199783894916728; Motor Current: 83.0
[2026-02-17 11:15:52,457] INFO: Time: 4.224975376000202; Command Position: 0.22264221797633849; Output Position: 0.21996914864355302; Motor Current: 83.0
[2026-02-17 11:15:52,458] INFO: Time: 4.2260342570000375; Command Position: 0.22264221797633849; Output Position: 0.21998763033979263; Motor Current: 85.0
[2026-02-17 11:15:52,459] INFO: Time: 4.227093137000111; Command Position: 0.22264221797633849; Output Position: 0.2199783894916728; Motor Current: 86.0
[2026-02-17 11:15:52,460] INFO: Time: 4.228152184999999; Command Position: 0.22264221797633849; Output Position: 0.21998763033979263; Motor Current: 86.0
[2026-02-17 11:15:52,461] INFO: Time: 4.2292301210000005; Command Position: 0.22264221797633849; Output Position: 0.21998763033979263; Motor Current: 82.0
[2026-02-17 11:15:52,462] INFO: Time: 4.230291298000111; Command Position: 0.22264221797633849; Output Position: 0.2199783894916728; Motor Current: 82.0
[2026-02-17 11:15:52,463] INFO: Time: 4.231350605000216; Command Position: 0.22264221797633849; Output Position: 0.2199783894916728; Motor Current: 85.0
[2026-02-17 11:15:52,464] INFO: Time: 4.232409578000215; Command Position: 0.22264221797633849; Output Position: 0.2199783894916728; Motor Current: 85.0
[2026-02-17 11:15:52,465] INFO: Time: 4.233468329000061; Command Position: 0.22264221797633849; Output Position: 0.2199968711879124; Motor Current: 87.0
[2026-02-17 11:15:52,466] INFO: Time: 4.234527117000198; Command Position: 0.22264221797633849; Output Position: 0.2199783894916728; Motor Current: 86.0
[2026-02-17 11:15:52,467] INFO: Time: 4.235588275000055; Command Position: 0.22264221797633849; Output Position: 0.2199783894916728; Motor Current: 85.0
[2026-02-17 11:15:52,468] INFO: Time: 4.236651415000097; Command Position: 0.22264221797633849; Output Position: 0.2199783894916728; Motor Current: 84.0
[2026-02-17 11:15:52,469] INFO: Time: 4.237711074000117; Command Position: 0.22264221797633849; Output Position: 0.21998763033979263; Motor Current: 85.0
[2026-02-17 11:15:52,471] INFO: Time: 4.238770065000153; Command Position: 0.22264221797633849; Output Position: 0.2199783894916728; Motor Current: 86.0
[2026-02-17 11:15:52,472] INFO: Time: 4.239815464000003; Command Position: 0.22264221797633849; Output Position: 0.21996914864355302; Motor Current: 86.0
[2026-02-17 11:15:52,473] INFO: Time: 4.240879678000056; Command Position: 0.22264221797633849; Output Position: 0.21996914864355302; Motor Current: 88.0
[2026-02-17 11:15:52,474] INFO: Time: 4.24194070700014; Command Position: 0.22264221797633849; Output Position: 0.21998763033979263; Motor Current: 86.0
[2026-02-17 11:15:52,475] INFO: Time: 4.243007773000045; Command Position: 0.22264221797633849; Output Position: 0.2199783894916728; Motor Current: 85.0
[2026-02-17 11:15:52,476] INFO: Time: 4.2440702650001185; Command Position: 0.22264221797633849; Output Position: 0.2199783894916728; Motor Current: 85.0
[2026-02-17 11:15:52,477] INFO: Time: 4.245128664000049; Command Position: 0.22264221797633849; Output Position: 0.21998763033979263; Motor Current: 84.0
[2026-02-17 11:15:52,478] INFO: Time: 4.246186878000117; Command Position: 0.22264221797633849; Output Position: 0.21998763033979263; Motor Current: 85.0
[2026-02-17 11:15:52,479] INFO: Time: 4.247257481000133; Command Position: 0.22264221797633849; Output Position: 0.2199783894916728; Motor Current: 84.0
[2026-02-17 11:15:52,480] INFO: Time: 4.248317973000212; Command Position: 0.22264221797633849; Output Position: 0.21996914864355302; Motor Current: 86.0
[2026-02-17 11:15:52,481] INFO: Time: 4.249376835000021; Command Position: 0.22264221797633849; Output Position: 0.21996914864355302; Motor Current: 83.0
[2026-02-17 11:15:52,482] INFO: Time: 4.250435956000047; Command Position: 0.22264221797633849; Output Position: 0.21998763033979263; Motor Current: 85.0
[2026-02-17 11:15:52,483] INFO: Time: 4.251494967000099; Command Position: 0.22264221797633849; Output Position: 0.21998763033979263; Motor Current: 84.0
[2026-02-17 11:15:52,484] INFO: Time: 4.252553588000183; Command Position: 0.22264221797633849; Output Position: 0.21998763033979263; Motor Current: 84.0
[2026-02-17 11:15:52,485] INFO: Time: 4.253614117000097; Command Position: 0.22264221797633849; Output Position: 0.2199783894916728; Motor Current: 87.0
[2026-02-17 11:15:52,486] INFO: Time: 4.254674979000129; Command Position: 0.22264221797633849; Output Position: 0.21998763033979263; Motor Current: 84.0
[2026-02-17 11:15:52,488] INFO: Time: 4.255734415000006; Command Position: 0.22264221797633849; Output Position: 0.21998763033979263; Motor Current: 85.0
[2026-02-17 11:15:52,489] INFO: Time: 4.256793499000196; Command Position: 0.22264221797633849; Output Position: 0.21998763033979263; Motor Current: 85.0
[2026-02-17 11:15:52,490] INFO: Time: 4.2579376220000995; Command Position: 0.22264221797633849; Output Position: 0.21998763033979263; Motor Current: 82.0
[2026-02-17 11:15:52,491] INFO: Time: 4.259000095000147; Command Position: 0.22264221797633849; Output Position: 0.21998763033979263; Motor Current: 83.0
[2026-02-17 11:15:52,492] INFO: Time: 4.260063161000062; Command Position: 0.22264221797633849; Output Position: 0.21998763033979263; Motor Current: 84.0
[2026-02-17 11:15:52,493] INFO: Time: 4.2611226710000665; Command Position: 0.22264221797633849; Output Position: 0.2199968711879124; Motor Current: 82.0
[2026-02-17 11:15:52,494] INFO: Time: 4.262184607000108; Command Position: 0.22264221797633849; Output Position: 0.2199968711879124; Motor Current: 82.0
[2026-02-17 11:15:52,495] INFO: Time: 4.263243784000224; Command Position: 0.22264221797633849; Output Position: 0.2199783894916728; Motor Current: 82.0
[2026-02-17 11:15:52,496] INFO: Time: 4.264302702000123; Command Position: 0.22264221797633849; Output Position: 0.21998763033979263; Motor Current: 80.0
[2026-02-17 11:15:52,497] INFO: Time: 4.265361601000222; Command Position: 0.22264221797633849; Output Position: 0.21998763033979263; Motor Current: 85.0
[2026-02-17 11:15:52,500] INFO: Time: 4.268417834000047; Command Position: 0.22264221797633849; Output Position: 0.21998763033979263; Motor Current: 86.0
[2026-02-17 11:15:52,501] INFO: Time: 4.269480307000094; Command Position: 0.22264221797633849; Output Position: 0.21998763033979263; Motor Current: 86.0
[2026-02-17 11:15:52,502] INFO: Time: 4.270540410000194; Command Position: 0.22264221797633849; Output Position: 0.2199783894916728; Motor Current: 88.0
[2026-02-17 11:15:52,503] INFO: Time: 4.271599976000061; Command Position: 0.22264221797633849; Output Position: 0.2199783894916728; Motor Current: 91.0
[2026-02-17 11:15:52,504] INFO: Time: 4.2726590980000765; Command Position: 0.22264221797633849; Output Position: 0.21998763033979263; Motor Current: 90.0
[2026-02-17 11:15:52,506] INFO: Time: 4.273721052000155; Command Position: 0.22264221797633849; Output Position: 0.2199783894916728; Motor Current: 87.0
[2026-02-17 11:15:52,507] INFO: Time: 4.274783451000076; Command Position: 0.22264221797633849; Output Position: 0.2199783894916728; Motor Current: 87.0
[2026-02-17 11:15:52,508] INFO: Time: 4.275842795000017; Command Position: 0.22264221797633849; Output Position: 0.2199783894916728; Motor Current: 86.0
[2026-02-17 11:15:52,509] INFO: Time: 4.276902176000021; Command Position: 0.22264221797633849; Output Position: 0.2199783894916728; Motor Current: 87.0
[2026-02-17 11:15:52,510] INFO: Time: 4.277961056000095; Command Position: 0.22264221797633849; Output Position: 0.2199783894916728; Motor Current: 88.0
[2026-02-17 11:15:52,511] INFO: Time: 4.279019956000184; Command Position: 0.22264221797633849; Output Position: 0.2199783894916728; Motor Current: 88.0
[2026-02-17 11:15:52,512] INFO: Time: 4.280083170000125; Command Position: 0.22264221797633849; Output Position: 0.2199783894916728; Motor Current: 85.0
[2026-02-17 11:15:52,513] INFO: Time: 4.281145309000067; Command Position: 0.22264221797633849; Output Position: 0.21998763033979263; Motor Current: 86.0
[2026-02-17 11:15:52,514] INFO: Time: 4.282204486000182; Command Position: 0.22264221797633849; Output Position: 0.2199783894916728; Motor Current: 85.0
[2026-02-17 11:15:52,515] INFO: Time: 4.283263608000198; Command Position: 0.22264221797633849; Output Position: 0.2199783894916728; Motor Current: 86.0
[2026-02-17 11:15:52,516] INFO: Time: 4.284325711000065; Command Position: 0.22264221797633849; Output Position: 0.2199783894916728; Motor Current: 85.0
[2026-02-17 11:15:52,517] INFO: Time: 4.285386591000133; Command Position: 0.22264221797633849; Output Position: 0.21998763033979263; Motor Current: 84.0
[2026-02-17 11:15:52,518] INFO: Time: 4.286448472000075; Command Position: 0.22264221797633849; Output Position: 0.2199783894916728; Motor Current: 86.0
[2026-02-17 11:15:52,519] INFO: Time: 4.287509964000037; Command Position: 0.22264221797633849; Output Position: 0.2199783894916728; Motor Current: 84.0
[2026-02-17 11:15:52,520] INFO: Time: 4.2885697150002215; Command Position: 0.22264221797633849; Output Position: 0.2199783894916728; Motor Current: 85.0
[2026-02-17 11:15:52,521] INFO: Time: 4.289628781000147; Command Position: 0.22264221797633849; Output Position: 0.21998763033979263; Motor Current: 86.0
[2026-02-17 11:15:52,522] INFO: Time: 4.290687828000046; Command Position: 0.22264221797633849; Output Position: 0.21998763033979263; Motor Current: 86.0
[2026-02-17 11:15:52,524] INFO: Time: 4.29174872700014; Command Position: 0.22264221797633849; Output Position: 0.2199783894916728; Motor Current: 86.0
[2026-02-17 11:15:52,525] INFO: Time: 4.292809645000034; Command Position: 0.22264221797633849; Output Position: 0.2199783894916728; Motor Current: 87.0
[2026-02-17 11:15:52,526] INFO: Time: 4.2938691730000755; Command Position: 0.22264221797633849; Output Position: 0.2199783894916728; Motor Current: 88.0
[2026-02-17 11:15:52,527] INFO: Time: 4.294928165000101; Command Position: 0.22264221797633849; Output Position: 0.21998763033979263; Motor Current: 87.0
[2026-02-17 11:15:52,528] INFO: Time: 4.295987175000164; Command Position: 0.22264221797633849; Output Position: 0.21998763033979263; Motor Current: 87.0
[2026-02-17 11:15:52,529] INFO: Time: 4.297045056000115; Command Position: 0.22264221797633849; Output Position: 0.2199783894916728; Motor Current: 86.0
[2026-02-17 11:15:52,530] INFO: Time: 4.2981228440000905; Command Position: 0.22264221797633849; Output Position: 0.2199783894916728; Motor Current: 86.0
[2026-02-17 11:15:52,531] INFO: Time: 4.299183244000005; Command Position: 0.22264221797633849; Output Position: 0.21998763033979263; Motor Current: 86.0
[2026-02-17 11:15:52,532] INFO: Time: 4.300242402000094; Command Position: 0.22264221797633849; Output Position: 0.2199783894916728; Motor Current: 86.0
[2026-02-17 11:15:52,533] INFO: Time: 4.301302005000025; Command Position: 0.22264221797633849; Output Position: 0.2199783894916728; Motor Current: 84.0
[2026-02-17 11:15:52,534] INFO: Time: 4.302360941000188; Command Position: 0.22264221797633849; Output Position: 0.2199783894916728; Motor Current: 85.0
[2026-02-17 11:15:52,535] INFO: Time: 4.3034196180001345; Command Position: 0.22264221797633849; Output Position: 0.21998763033979263; Motor Current: 86.0
[2026-02-17 11:15:52,536] INFO: Time: 4.3044830910000655; Command Position: 0.22264221797633849; Output Position: 0.21998763033979263; Motor Current: 88.0
[2026-02-17 11:15:52,537] INFO: Time: 4.305544027000224; Command Position: 0.22264221797633849; Output Position: 0.2199968711879124; Motor Current: 86.0
[2026-02-17 11:15:52,538] INFO: Time: 4.306603519000191; Command Position: 0.22264221797633849; Output Position: 0.21998763033979263; Motor Current: 83.0
[2026-02-17 11:15:52,539] INFO: Time: 4.307662659000016; Command Position: 0.22264221797633849; Output Position: 0.2199783894916728; Motor Current: 83.0
[2026-02-17 11:15:52,540] INFO: Time: 4.308721910000031; Command Position: 0.22264221797633849; Output Position: 0.21998763033979263; Motor Current: 82.0
[2026-02-17 11:15:52,542] INFO: Time: 4.309782698000163; Command Position: 0.22264221797633849; Output Position: 0.2199968711879124; Motor Current: 85.0
[2026-02-17 11:15:52,543] INFO: Time: 4.310844319000125; Command Position: 0.22264221797633849; Output Position: 0.2199783894916728; Motor Current: 83.0
[2026-02-17 11:15:52,544] INFO: Time: 4.3119034410001404; Command Position: 0.22264221797633849; Output Position: 0.21998763033979263; Motor Current: 82.0
[2026-02-17 11:15:52,545] INFO: Time: 4.312962488000039; Command Position: 0.22264221797633849; Output Position: 0.2199783894916728; Motor Current: 84.0
[2026-02-17 11:15:52,546] INFO: Time: 4.314021258000139; Command Position: 0.22264221797633849; Output Position: 0.2199968711879124; Motor Current: 85.0
[2026-02-17 11:15:52,547] INFO: Time: 4.315080064000085; Command Position: 0.22264221797633849; Output Position: 0.2199968711879124; Motor Current: 86.0
[2026-02-17 11:15:52,548] INFO: Time: 4.31614077800009; Command Position: 0.22264221797633849; Output Position: 0.21998763033979263; Motor Current: 83.0
[2026-02-17 11:15:52,549] INFO: Time: 4.3172023810000155; Command Position: 0.22264221797633849; Output Position: 0.2199783894916728; Motor Current: 86.0
[2026-02-17 11:15:52,550] INFO: Time: 4.318262262000189; Command Position: 0.22264221797633849; Output Position: 0.2199783894916728; Motor Current: 85.0
[2026-02-17 11:15:52,551] INFO: Time: 4.319321142000035; Command Position: 0.22264221797633849; Output Position: 0.2199783894916728; Motor Current: 85.0
[2026-02-17 11:15:52,552] INFO: Time: 4.320380060000161; Command Position: 0.22264221797633849; Output Position: 0.21996914864355302; Motor Current: 86.0
[2026-02-17 11:15:52,553] INFO: Time: 4.321438626000145; Command Position: 0.22264221797633849; Output Position: 0.2199968711879124; Motor Current: 88.0
[2026-02-17 11:15:52,554] INFO: Time: 4.3224992660000225; Command Position: 0.22264221797633849; Output Position: 0.21998763033979263; Motor Current: 88.0
[2026-02-17 11:15:52,555] INFO: Time: 4.323560313000144; Command Position: 0.22264221797633849; Output Position: 0.2199783894916728; Motor Current: 86.0
[2026-02-17 11:15:52,556] INFO: Time: 4.32461891600019; Command Position: 0.22264221797633849; Output Position: 0.2199783894916728; Motor Current: 85.0
[2026-02-17 11:15:52,557] INFO: Time: 4.32567764800001; Command Position: 0.22264221797633849; Output Position: 0.2199783894916728; Motor Current: 84.0
[2026-02-17 11:15:52,558] INFO: Time: 4.326736048000157; Command Position: 0.22264221797633849; Output Position: 0.2199783894916728; Motor Current: 85.0
[2026-02-17 11:15:52,560] INFO: Time: 4.327803391000089; Command Position: 0.22264221797633849; Output Position: 0.2199783894916728; Motor Current: 85.0
[2026-02-17 11:15:52,561] INFO: Time: 4.3288649760002045; Command Position: 0.22264221797633849; Output Position: 0.21998763033979263; Motor Current: 82.0
[2026-02-17 11:15:52,562] INFO: Time: 4.329924875000188; Command Position: 0.22264221797633849; Output Position: 0.21998763033979263; Motor Current: 82.0
[2026-02-17 11:15:52,563] INFO: Time: 4.330990978000045; Command Position: 0.22264221797633849; Output Position: 0.21996914864355302; Motor Current: 83.0
[2026-02-17 11:15:52,564] INFO: Time: 4.332057599000109; Command Position: 0.22264221797633849; Output Position: 0.2199783894916728; Motor Current: 84.0
[2026-02-17 11:15:52,565] INFO: Time: 4.333134239000174; Command Position: 0.22264221797633849; Output Position: 0.2199783894916728; Motor Current: 86.0
[2026-02-17 11:15:52,566] INFO: Time: 4.334195361000184; Command Position: 0.22264221797633849; Output Position: 0.21998763033979263; Motor Current: 83.0
[2026-02-17 11:15:52,567] INFO: Time: 4.335264334000158; Command Position: 0.22264221797633849; Output Position: 0.2199968711879124; Motor Current: 82.0
[2026-02-17 11:15:52,568] INFO: Time: 4.336323641000035; Command Position: 0.22264221797633849; Output Position: 0.21998763033979263; Motor Current: 83.0
[2026-02-17 11:15:52,569] INFO: Time: 4.337382558000172; Command Position: 0.22264221797633849; Output Position: 0.2199783894916728; Motor Current: 84.0
[2026-02-17 11:15:52,570] INFO: Time: 4.338441365000108; Command Position: 0.22264221797633849; Output Position: 0.2199968711879124; Motor Current: 84.0
[2026-02-17 11:15:52,571] INFO: Time: 4.3395006710002235; Command Position: 0.22264221797633849; Output Position: 0.2199783894916728; Motor Current: 85.0
[2026-02-17 11:15:52,572] INFO: Time: 4.340561052000112; Command Position: 0.22264221797633849; Output Position: 0.21998763033979263; Motor Current: 85.0
[2026-02-17 11:15:52,573] INFO: Time: 4.3416222840000955; Command Position: 0.22264221797633849; Output Position: 0.21998763033979263; Motor Current: 85.0
[2026-02-17 11:15:52,574] INFO: Time: 4.342682221000132; Command Position: 0.22264221797633849; Output Position: 0.2199783894916728; Motor Current: 87.0
[2026-02-17 11:15:52,576] INFO: Time: 4.343741601000147; Command Position: 0.22264221797633849; Output Position: 0.2199783894916728; Motor Current: 87.0
[2026-02-17 11:15:52,577] INFO: Time: 4.344800667000072; Command Position: 0.22264221797633849; Output Position: 0.2199783894916728; Motor Current: 87.0
[2026-02-17 11:15:52,578] INFO: Time: 4.346156717000213; Command Position: 0.22264221797633849; Output Position: 0.21998763033979263; Motor Current: 86.0
[2026-02-17 11:15:52,579] INFO: Time: 4.347219431000212; Command Position: 0.22264221797633849; Output Position: 0.2199783894916728; Motor Current: 86.0
[2026-02-17 11:15:52,580] INFO: Time: 4.348280145000217; Command Position: 0.22264221797633849; Output Position: 0.2199968711879124; Motor Current: 86.0
[2026-02-17 11:15:52,581] INFO: Time: 4.349339156000042; Command Position: 0.22264221797633849; Output Position: 0.2199783894916728; Motor Current: 85.0
[2026-02-17 11:15:52,582] INFO: Time: 4.3503984620001575; Command Position: 0.22264221797633849; Output Position: 0.2199783894916728; Motor Current: 84.0
[2026-02-17 11:15:52,583] INFO: Time: 4.351457491000019; Command Position: 0.22264221797633849; Output Position: 0.21996914864355302; Motor Current: 83.0
[2026-02-17 11:15:52,584] INFO: Time: 4.352518279000151; Command Position: 0.22264221797633849; Output Position: 0.21996914864355302; Motor Current: 85.0
[2026-02-17 11:15:52,585] INFO: Time: 4.353579326000045; Command Position: 0.22264221797633849; Output Position: 0.2199968711879124; Motor Current: 87.0
[2026-02-17 11:15:52,586] INFO: Time: 4.3546391330000915; Command Position: 0.22264221797633849; Output Position: 0.21996914864355302; Motor Current: 85.0
[2026-02-17 11:15:52,587] INFO: Time: 4.355698162000181; Command Position: 0.22264221797633849; Output Position: 0.21998763033979263; Motor Current: 85.0
[2026-02-17 11:15:52,589] INFO: Time: 4.3567568760001905; Command Position: 0.22264221797633849; Output Position: 0.21996914864355302; Motor Current: 85.0
[2026-02-17 11:15:52,590] INFO: Time: 4.357822553000005; Command Position: 0.22264221797633849; Output Position: 0.2199783894916728; Motor Current: 86.0
[2026-02-17 11:15:52,591] INFO: Time: 4.358885359000169; Command Position: 0.22264221797633849; Output Position: 0.2199968711879124; Motor Current: 85.0
[2026-02-17 11:15:52,592] INFO: Time: 4.359944666000047; Command Position: 0.22264221797633849; Output Position: 0.21998763033979263; Motor Current: 83.0
[2026-02-17 11:15:52,593] INFO: Time: 4.361002176000056; Command Position: 0.22264221797633849; Output Position: 0.21998763033979263; Motor Current: 81.0
[2026-02-17 11:15:52,594] INFO: Time: 4.362061279000045; Command Position: 0.22264221797633849; Output Position: 0.21998763033979263; Motor Current: 81.0
[2026-02-17 11:15:52,595] INFO: Time: 4.363124104000008; Command Position: 0.22264221797633849; Output Position: 0.21998763033979263; Motor Current: 80.0
[2026-02-17 11:15:52,596] INFO: Time: 4.364185281000118; Command Position: 0.22264221797633849; Output Position: 0.21998763033979263; Motor Current: 79.0
[2026-02-17 11:15:52,597] INFO: Time: 4.3652570690001085; Command Position: 0.22264221797633849; Output Position: 0.2199783894916728; Motor Current: 80.0
[2026-02-17 11:15:52,598] INFO: Time: 4.366316357000187; Command Position: 0.22264221797633849; Output Position: 0.2199783894916728; Motor Current: 80.0
[2026-02-17 11:15:52,599] INFO: Time: 4.367375497000012; Command Position: 0.22264221797633849; Output Position: 0.2199783894916728; Motor Current: 82.0
[2026-02-17 11:15:52,600] INFO: Time: 4.368434359000048; Command Position: 0.22264221797633849; Output Position: 0.2199783894916728; Motor Current: 83.0
[2026-02-17 11:15:52,601] INFO: Time: 4.369493147000185; Command Position: 0.22264221797633849; Output Position: 0.2199783894916728; Motor Current: 85.0
[2026-02-17 11:15:52,602] INFO: Time: 4.370553824000126; Command Position: 0.22264221797633849; Output Position: 0.21998763033979263; Motor Current: 85.0
[2026-02-17 11:15:52,603] INFO: Time: 4.371615057000099; Command Position: 0.22264221797633849; Output Position: 0.2199783894916728; Motor Current: 87.0
[2026-02-17 11:15:52,604] INFO: Time: 4.372674234000215; Command Position: 0.22264221797633849; Output Position: 0.21998763033979263; Motor Current: 86.0
[2026-02-17 11:15:52,605] INFO: Time: 4.373733781000055; Command Position: 0.22264221797633849; Output Position: 0.21998763033979263; Motor Current: 84.0
[2026-02-17 11:15:52,607] INFO: Time: 4.3747928100001445; Command Position: 0.22264221797633849; Output Position: 0.2199783894916728; Motor Current: 85.0
[2026-02-17 11:15:52,608] INFO: Time: 4.375853320000033; Command Position: 0.22264221797633849; Output Position: 0.2199783894916728; Motor Current: 84.0
[2026-02-17 11:15:52,609] INFO: Time: 4.376914867000096; Command Position: 0.22264221797633849; Output Position: 0.2199783894916728; Motor Current: 84.0
[2026-02-17 11:15:52,610] INFO: Time: 4.377974100000074; Command Position: 0.22264221797633849; Output Position: 0.2199783894916728; Motor Current: 87.0
[2026-02-17 11:15:52,611] INFO: Time: 4.379033073000073; Command Position: 0.22264221797633849; Output Position: 0.21996914864355302; Motor Current: 87.0
[2026-02-17 11:15:52,612] INFO: Time: 4.380092083000136; Command Position: 0.22264221797633849; Output Position: 0.2199783894916728; Motor Current: 87.0
[2026-02-17 11:15:52,613] INFO: Time: 4.381150927000135; Command Position: 0.22264221797633849; Output Position: 0.2199783894916728; Motor Current: 86.0
[2026-02-17 11:15:52,614] INFO: Time: 4.382219863000046; Command Position: 0.22264221797633849; Output Position: 0.21996914864355302; Motor Current: 87.0
[2026-02-17 11:15:52,615] INFO: Time: 4.383280429000024; Command Position: 0.22264221797633849; Output Position: 0.21998763033979263; Motor Current: 89.0
[2026-02-17 11:15:52,616] INFO: Time: 4.384339254000224; Command Position: 0.22264221797633849; Output Position: 0.21998763033979263; Motor Current: 89.0
[2026-02-17 11:15:52,617] INFO: Time: 4.385398227000223; Command Position: 0.22264221797633849; Output Position: 0.2199783894916728; Motor Current: 87.0
[2026-02-17 11:15:52,618] INFO: Time: 4.386457089000032; Command Position: 0.22264221797633849; Output Position: 0.21998763033979263; Motor Current: 84.0
[2026-02-17 11:15:52,619] INFO: Time: 4.387515877000169; Command Position: 0.22264221797633849; Output Position: 0.21998763033979263; Motor Current: 86.0
[2026-02-17 11:15:52,620] INFO: Time: 4.388577017000216; Command Position: 0.22264221797633849; Output Position: 0.2199783894916728; Motor Current: 85.0
[2026-02-17 11:15:52,621] INFO: Time: 4.389638972000057; Command Position: 0.22264221797633849; Output Position: 0.21998763033979263; Motor Current: 88.0
[2026-02-17 11:15:52,622] INFO: Time: 4.390698705000204; Command Position: 0.22264221797633849; Output Position: 0.21998763033979263; Motor Current: 89.0
[2026-02-17 11:15:52,624] INFO: Time: 4.391758196000183; Command Position: 0.22264221797633849; Output Position: 0.21996914864355302; Motor Current: 87.0
[2026-02-17 11:15:52,625] INFO: Time: 4.392816966000055; Command Position: 0.22264221797633849; Output Position: 0.2199783894916728; Motor Current: 88.0
[2026-02-17 11:15:52,626] INFO: Time: 4.393878106000102; Command Position: 0.22264221797633849; Output Position: 0.2199783894916728; Motor Current: 87.0
[2026-02-17 11:15:52,627] INFO: Time: 4.394940542000086; Command Position: 0.22264221797633849; Output Position: 0.21998763033979263; Motor Current: 85.0
[2026-02-17 11:15:52,628] INFO: Time: 4.396000589000096; Command Position: 0.22264221797633849; Output Position: 0.2199783894916728; Motor Current: 84.0
[2026-02-17 11:15:52,629] INFO: Time: 4.397059544000058; Command Position: 0.22264221797633849; Output Position: 0.2199783894916728; Motor Current: 85.0
[2026-02-17 11:15:52,630] INFO: Time: 4.398124851000148; Command Position: 0.22264221797633849; Output Position: 0.21998763033979263; Motor Current: 85.0
[2026-02-17 11:15:52,631] INFO: Time: 4.3991878610002; Command Position: 0.22264221797633849; Output Position: 0.2199783894916728; Motor Current: 83.0
[2026-02-17 11:15:52,632] INFO: Time: 4.400258927000095; Command Position: 0.22264221797633849; Output Position: 0.2199783894916728; Motor Current: 81.0
[2026-02-17 11:15:52,633] INFO: Time: 4.40133062200016; Command Position: 0.22264221797633849; Output Position: 0.21998763033979263; Motor Current: 81.0
[2026-02-17 11:15:52,634] INFO: Time: 4.4023904290002065; Command Position: 0.22264221797633849; Output Position: 0.21996914864355302; Motor Current: 82.0
[2026-02-17 11:15:52,635] INFO: Time: 4.403449847000047; Command Position: 0.22264221797633849; Output Position: 0.21998763033979263; Motor Current: 83.0
[2026-02-17 11:15:52,636] INFO: Time: 4.404508653000221; Command Position: 0.22264221797633849; Output Position: 0.21996914864355302; Motor Current: 84.0
[2026-02-17 11:15:52,637] INFO: Time: 4.405567812000072; Command Position: 0.22264221797633849; Output Position: 0.21998763033979263; Motor Current: 83.0
[2026-02-17 11:15:52,638] INFO: Time: 4.406629859000077; Command Position: 0.22264221797633849; Output Position: 0.2199783894916728; Motor Current: 84.0
[2026-02-17 11:15:52,639] INFO: Time: 4.407691499000066; Command Position: 0.22264221797633849; Output Position: 0.2199783894916728; Motor Current: 86.0
[2026-02-17 11:15:52,641] INFO: Time: 4.4087511940001605; Command Position: 0.22264221797633849; Output Position: 0.21998763033979263; Motor Current: 84.0
[2026-02-17 11:15:52,642] INFO: Time: 4.409810631000028; Command Position: 0.22264221797633849; Output Position: 0.21998763033979263; Motor Current: 83.0
[2026-02-17 11:15:52,643] INFO: Time: 4.410869437000201; Command Position: 0.22264221797633849; Output Position: 0.21998763033979263; Motor Current: 82.0
[2026-02-17 11:15:52,644] INFO: Time: 4.4121383570000035; Command Position: 0.22264221797633849; Output Position: 0.2199783894916728; Motor Current: 80.0
[2026-02-17 11:15:52,645] INFO: Time: 4.413199978000193; Command Position: 0.22264221797633849; Output Position: 0.2199783894916728; Motor Current: 81.0
[2026-02-17 11:15:52,646] INFO: Time: 4.41426780300003; Command Position: 0.22264221797633849; Output Position: 0.2199783894916728; Motor Current: 81.0
[2026-02-17 11:15:52,647] INFO: Time: 4.41532759100005; Command Position: 0.22264221797633849; Output Position: 0.2199968711879124; Motor Current: 83.0
[2026-02-17 11:15:52,648] INFO: Time: 4.416386935000219; Command Position: 0.22264221797633849; Output Position: 0.21998763033979263; Motor Current: 83.0
[2026-02-17 11:15:52,649] INFO: Time: 4.417446260000133; Command Position: 0.22264221797633849; Output Position: 0.21996914864355302; Motor Current: 84.0
[2026-02-17 11:15:52,650] INFO: Time: 4.418505141000196; Command Position: 0.22264221797633849; Output Position: 0.2199783894916728; Motor Current: 85.0
[2026-02-17 11:15:52,651] INFO: Time: 4.419565836000174; Command Position: 0.22264221797633849; Output Position: 0.2199783894916728; Motor Current: 86.0
[2026-02-17 11:15:52,652] INFO: Time: 4.420626458000015; Command Position: 0.22264221797633849; Output Position: 0.2199968711879124; Motor Current: 86.0
[2026-02-17 11:15:52,653] INFO: Time: 4.421685301000025; Command Position: 0.22264221797633849; Output Position: 0.2199783894916728; Motor Current: 86.0
[2026-02-17 11:15:52,655] INFO: Time: 4.422744293000051; Command Position: 0.22264221797633849; Output Position: 0.2199783894916728; Motor Current: 87.0
[2026-02-17 11:15:52,656] INFO: Time: 4.423803285000076; Command Position: 0.22264221797633849; Output Position: 0.2199783894916728; Motor Current: 84.0
[2026-02-17 11:15:52,657] INFO: Time: 4.4248645540001235; Command Position: 0.22264221797633849; Output Position: 0.21996914864355302; Motor Current: 82.0
[2026-02-17 11:15:52,658] INFO: Time: 4.425927083000033; Command Position: 0.22264221797633849; Output Position: 0.2199783894916728; Motor Current: 83.0
[2026-02-17 11:15:52,659] INFO: Time: 4.426986593000038; Command Position: 0.22264221797633849; Output Position: 0.21998763033979263; Motor Current: 83.0
[2026-02-17 11:15:52,660] INFO: Time: 4.428044807000106; Command Position: 0.22264221797633849; Output Position: 0.2199783894916728; Motor Current: 82.0
[2026-02-17 11:15:52,661] INFO: Time: 4.429103780000105; Command Position: 0.22264221797633849; Output Position: 0.21998763033979263; Motor Current: 87.0
[2026-02-17 11:15:52,662] INFO: Time: 4.430162606000067; Command Position: 0.22264221797633849; Output Position: 0.2199968711879124; Motor Current: 87.0
[2026-02-17 11:15:52,663] INFO: Time: 4.431223708000061; Command Position: 0.22264221797633849; Output Position: 0.2199783894916728; Motor Current: 84.0
[2026-02-17 11:15:52,664] INFO: Time: 4.4322847370001455; Command Position: 0.22264221797633849; Output Position: 0.2199783894916728; Motor Current: 84.0
[2026-02-17 11:15:52,665] INFO: Time: 4.433343970000124; Command Position: 0.22264221797633849; Output Position: 0.21998763033979263; Motor Current: 83.0
[2026-02-17 11:15:52,666] INFO: Time: 4.434403017000022; Command Position: 0.22264221797633849; Output Position: 0.21996914864355302; Motor Current: 84.0
[2026-02-17 11:15:52,667] INFO: Time: 4.435461805000159; Command Position: 0.22264221797633849; Output Position: 0.2199783894916728; Motor Current: 84.0
[2026-02-17 11:15:52,668] INFO: Time: 4.43652013000019; Command Position: 0.22264221797633849; Output Position: 0.21998763033979263; Motor Current: 84.0
[2026-02-17 11:15:52,669] INFO: Time: 4.437581066000121; Command Position: 0.22264221797633849; Output Position: 0.2199783894916728; Motor Current: 86.0
[2026-02-17 11:15:52,670] INFO: Time: 4.4386415769999985; Command Position: 0.22264221797633849; Output Position: 0.21996914864355302; Motor Current: 84.0
[2026-02-17 11:15:52,671] INFO: Time: 4.439700309000045; Command Position: 0.22264221797633849; Output Position: 0.21996914864355302; Motor Current: 84.0
[2026-02-17 11:15:52,673] INFO: Time: 4.440758782000103; Command Position: 0.22264221797633849; Output Position: 0.21998763033979263; Motor Current: 87.0
[2026-02-17 11:15:52,674] INFO: Time: 4.441817737000065; Command Position: 0.22264221797633849; Output Position: 0.2199968711879124; Motor Current: 85.0
[2026-02-17 11:15:52,675] INFO: Time: 4.442878432000043; Command Position: 0.22264221797633849; Output Position: 0.2199783894916728; Motor Current: 82.0
[2026-02-17 11:15:52,676] INFO: Time: 4.443945258000213; Command Position: 0.22264221797633849; Output Position: 0.2199783894916728; Motor Current: 82.0
[2026-02-17 11:15:52,677] INFO: Time: 4.445008064000149; Command Position: 0.22264221797633849; Output Position: 0.2199783894916728; Motor Current: 83.0
[2026-02-17 11:15:52,678] INFO: Time: 4.446069612000201; Command Position: 0.22264221797633849; Output Position: 0.2199783894916728; Motor Current: 84.0
[2026-02-17 11:15:52,679] INFO: Time: 4.4471287880001; Command Position: 0.22264221797633849; Output Position: 0.21996914864355302; Motor Current: 83.0
[2026-02-17 11:15:52,680] INFO: Time: 4.44818750200011; Command Position: 0.22264221797633849; Output Position: 0.21998763033979263; Motor Current: 85.0
[2026-02-17 11:15:52,681] INFO: Time: 4.4492499940001835; Command Position: 0.22264221797633849; Output Position: 0.21998763033979263; Motor Current: 85.0
[2026-02-17 11:15:52,682] INFO: Time: 4.450309912000193; Command Position: 0.22264221797633849; Output Position: 0.21998763033979263; Motor Current: 86.0
[2026-02-17 11:15:52,683] INFO: Time: 4.451373570000214; Command Position: 0.22264221797633849; Output Position: 0.2199783894916728; Motor Current: 85.0
[2026-02-17 11:15:52,684] INFO: Time: 4.452440581000019; Command Position: 0.22264221797633849; Output Position: 0.21998763033979263; Motor Current: 84.0
[2026-02-17 11:15:52,685] INFO: Time: 4.453503072000103; Command Position: 0.22264221797633849; Output Position: 0.21998763033979263; Motor Current: 84.0
[2026-02-17 11:15:52,686] INFO: Time: 4.454562620000161; Command Position: 0.22264221797633849; Output Position: 0.21998763033979263; Motor Current: 83.0
[2026-02-17 11:15:52,687] INFO: Time: 4.455624334000049; Command Position: 0.22264221797633849; Output Position: 0.21998763033979263; Motor Current: 83.0
[2026-02-17 11:15:52,688] INFO: Time: 4.456684863000191; Command Position: 0.22264221797633849; Output Position: 0.21996914864355302; Motor Current: 84.0
[2026-02-17 11:15:52,690] INFO: Time: 4.457743688000164; Command Position: 0.22264221797633849; Output Position: 0.2199783894916728; Motor Current: 86.0
[2026-02-17 11:15:52,691] INFO: Time: 4.458802328000047; Command Position: 0.22264221797633849; Output Position: 0.21996914864355302; Motor Current: 86.0
[2026-02-17 11:15:52,692] INFO: Time: 4.459860504000062; Command Position: 0.22264221797633849; Output Position: 0.21998763033979263; Motor Current: 86.0
[2026-02-17 11:15:52,693] INFO: Time: 4.461017886000036; Command Position: 0.22264221797633849; Output Position: 0.2199783894916728; Motor Current: 85.0
[2026-02-17 11:15:52,694] INFO: Time: 4.462080915000115; Command Position: 0.22264221797633849; Output Position: 0.21998763033979263; Motor Current: 84.0
[2026-02-17 11:15:52,695] INFO: Time: 4.4631589070002065; Command Position: 0.22264221797633849; Output Position: 0.21998763033979263; Motor Current: 83.0
[2026-02-17 11:15:52,696] INFO: Time: 4.464234251000107; Command Position: 0.22264221797633849; Output Position: 0.2199968711879124; Motor Current: 83.0
[2026-02-17 11:15:52,697] INFO: Time: 4.465293187000043; Command Position: 0.22264221797633849; Output Position: 0.2199968711879124; Motor Current: 83.0
[2026-02-17 11:15:52,698] INFO: Time: 4.466351808000127; Command Position: 0.22264221797633849; Output Position: 0.21996914864355302; Motor Current: 82.0
[2026-02-17 11:15:52,699] INFO: Time: 4.467412263000142; Command Position: 0.22264221797633849; Output Position: 0.2199968711879124; Motor Current: 81.0
[2026-02-17 11:15:52,700] INFO: Time: 4.468473199000073; Command Position: 0.22264221797633849; Output Position: 0.21996914864355302; Motor Current: 82.0
[2026-02-17 11:15:52,701] INFO: Time: 4.469532061000109; Command Position: 0.22264221797633849; Output Position: 0.21998763033979263; Motor Current: 84.0
[2026-02-17 11:15:52,702] INFO: Time: 4.470590905000108; Command Position: 0.22264221797633849; Output Position: 0.2199968711879124; Motor Current: 85.0
[2026-02-17 11:15:52,703] INFO: Time: 4.471649397000192; Command Position: 0.22264221797633849; Output Position: 0.2199783894916728; Motor Current: 84.0
[2026-02-17 11:15:52,704] INFO: Time: 4.472710018000043; Command Position: 0.22264221797633849; Output Position: 0.21996914864355302; Motor Current: 86.0
[2026-02-17 11:15:52,706] INFO: Time: 4.473770862000038; Command Position: 0.22264221797633849; Output Position: 0.21998763033979263; Motor Current: 86.0
[2026-02-17 11:15:52,707] INFO: Time: 4.474830242000053; Command Position: 0.22264221797633849; Output Position: 0.21998763033979263; Motor Current: 85.0
[2026-02-17 11:15:52,708] INFO: Time: 4.475889456000004; Command Position: 0.22264221797633849; Output Position: 0.2199968711879124; Motor Current: 86.0
[2026-02-17 11:15:52,709] INFO: Time: 4.476948096000115; Command Position: 0.22264221797633849; Output Position: 0.21998763033979263; Motor Current: 82.0
[2026-02-17 11:15:52,710] INFO: Time: 4.478006791000098; Command Position: 0.22264221797633849; Output Position: 0.2199783894916728; Motor Current: 81.0
[2026-02-17 11:15:52,711] INFO: Time: 4.479069561000188; Command Position: 0.22264221797633849; Output Position: 0.21998763033979263; Motor Current: 83.0
[2026-02-17 11:15:52,712] INFO: Time: 4.480133257000034; Command Position: 0.22264221797633849; Output Position: 0.21998763033979263; Motor Current: 84.0
[2026-02-17 11:15:52,713] INFO: Time: 4.481194322000192; Command Position: 0.22264221797633849; Output Position: 0.21998763033979263; Motor Current: 84.0
[2026-02-17 11:15:52,714] INFO: Time: 4.482253277000154; Command Position: 0.22264221797633849; Output Position: 0.21998763033979263; Motor Current: 84.0
[2026-02-17 11:15:52,715] INFO: Time: 4.483312287000217; Command Position: 0.22264221797633849; Output Position: 0.2199783894916728; Motor Current: 86.0
[2026-02-17 11:15:52,716] INFO: Time: 4.484371446000068; Command Position: 0.22264221797633849; Output Position: 0.21998763033979263; Motor Current: 87.0
[2026-02-17 11:15:52,717] INFO: Time: 4.485432141000047; Command Position: 0.22264221797633849; Output Position: 0.2199783894916728; Motor Current: 86.0
[2026-02-17 11:15:52,718] INFO: Time: 4.486492818000215; Command Position: 0.22264221797633849; Output Position: 0.2199783894916728; Motor Current: 84.0
[2026-02-17 11:15:52,719] INFO: Time: 4.4875520880000295; Command Position: 0.22264221797633849; Output Position: 0.2199783894916728; Motor Current: 84.0
[2026-02-17 11:15:52,720] INFO: Time: 4.488611153000193; Command Position: 0.22264221797633849; Output Position: 0.2199783894916728; Motor Current: 84.0
[2026-02-17 11:15:52,721] INFO: Time: 4.489670034000028; Command Position: 0.22264221797633849; Output Position: 0.21998763033979263; Motor Current: 84.0
[2026-02-17 11:15:52,722] INFO: Time: 4.490730878000022; Command Position: 0.22264221797633849; Output Position: 0.2199968711879124; Motor Current: 85.0
[2026-02-17 11:15:52,724] INFO: Time: 4.491791555000191; Command Position: 0.22264221797633849; Output Position: 0.2199783894916728; Motor Current: 86.0
[2026-02-17 11:15:52,725] INFO: Time: 4.492851046000169; Command Position: 0.22264221797633849; Output Position: 0.21998763033979263; Motor Current: 88.0
[2026-02-17 11:15:52,726] INFO: Time: 4.493910038000195; Command Position: 0.22264221797633849; Output Position: 0.21998763033979263; Motor Current: 86.0
[2026-02-17 11:15:52,727] INFO: Time: 4.49496910400012; Command Position: 0.22264221797633849; Output Position: 0.21996914864355302; Motor Current: 86.0
[2026-02-17 11:15:52,728] INFO: Time: 4.496027596000204; Command Position: 0.22264221797633849; Output Position: 0.21998763033979263; Motor Current: 90.0
[2026-02-17 11:15:52,729] INFO: Time: 4.497090791000119; Command Position: 0.22264221797633849; Output Position: 0.21996914864355302; Motor Current: 89.0
[2026-02-17 11:15:52,730] INFO: Time: 4.498151839000002; Command Position: 0.22264221797633849; Output Position: 0.21998763033979263; Motor Current: 87.0
[2026-02-17 11:15:52,731] INFO: Time: 4.499210978000065; Command Position: 0.22264221797633849; Output Position: 0.21996914864355302; Motor Current: 88.0
[2026-02-17 11:15:52,732] INFO: Time: 4.500269748000164; Command Position: 0.22264221797633849; Output Position: 0.2199783894916728; Motor Current: 87.0
[2026-02-17 11:15:52,733] INFO: Time: 4.501328517000047; Command Position: 0.22264221797633849; Output Position: 0.21998763033979263; Motor Current: 87.0
[2026-02-17 11:15:52,734] INFO: Time: 4.50238721300002; Command Position: 0.22264221797633849; Output Position: 0.2199783894916728; Motor Current: 87.0
[2026-02-17 11:15:52,735] INFO: Time: 4.503447778999998; Command Position: 0.22264221797633849; Output Position: 0.2199783894916728; Motor Current: 88.0
[2026-02-17 11:15:52,736] INFO: Time: 4.5045099190001565; Command Position: 0.22264221797633849; Output Position: 0.21998763033979263; Motor Current: 85.0
[2026-02-17 11:15:52,737] INFO: Time: 4.505569225000045; Command Position: 0.22264221797633849; Output Position: 0.2199783894916728; Motor Current: 84.0
[2026-02-17 11:15:52,738] INFO: Time: 4.506629032000092; Command Position: 0.22264221797633849; Output Position: 0.2199968711879124; Motor Current: 85.0
[2026-02-17 11:15:52,739] INFO: Time: 4.507688542000096; Command Position: 0.22264221797633849; Output Position: 0.21998763033979263; Motor Current: 84.0
[2026-02-17 11:15:52,741] INFO: Time: 4.508750552000038; Command Position: 0.22264221797633849; Output Position: 0.21998763033979263; Motor Current: 84.0
[2026-02-17 11:15:52,742] INFO: Time: 4.509812303000217; Command Position: 0.22264221797633849; Output Position: 0.21998763033979263; Motor Current: 84.0
[2026-02-17 11:15:52,743] INFO: Time: 4.510872906000031; Command Position: 0.22264221797633849; Output Position: 0.21998763033979263; Motor Current: 84.0
[2026-02-17 11:15:52,744] INFO: Time: 4.511932176000073; Command Position: 0.22264221797633849; Output Position: 0.2199783894916728; Motor Current: 83.0
[2026-02-17 11:15:52,745] INFO: Time: 4.512991131000035; Command Position: 0.22264221797633849; Output Position: 0.2199783894916728; Motor Current: 84.0
[2026-02-17 11:15:52,746] INFO: Time: 4.514050030000135; Command Position: 0.22264221797633849; Output Position: 0.21998763033979263; Motor Current: 85.0
[2026-02-17 11:15:52,747] INFO: Time: 4.515127207000205; Command Position: 0.22264221797633849; Output Position: 0.2199783894916728; Motor Current: 82.0
[2026-02-17 11:15:52,748] INFO: Time: 4.516189587000099; Command Position: 0.22264221797633849; Output Position: 0.21996914864355302; Motor Current: 83.0
[2026-02-17 11:15:52,749] INFO: Time: 4.517248838000114; Command Position: 0.22264221797633849; Output Position: 0.21996914864355302; Motor Current: 85.0
[2026-02-17 11:15:52,750] INFO: Time: 4.518308034000029; Command Position: 0.22264221797633849; Output Position: 0.21996914864355302; Motor Current: 84.0
[2026-02-17 11:15:52,751] INFO: Time: 4.5193669150000915; Command Position: 0.22264221797633849; Output Position: 0.2199783894916728; Motor Current: 84.0
[2026-02-17 11:15:52,752] INFO: Time: 4.520425536000175; Command Position: 0.22264221797633849; Output Position: 0.2199783894916728; Motor Current: 85.0
[2026-02-17 11:15:52,753] INFO: Time: 4.521486657000196; Command Position: 0.22264221797633849; Output Position: 0.21998763033979263; Motor Current: 87.0
[2026-02-17 11:15:52,754] INFO: Time: 4.522548316000211; Command Position: 0.22264221797633849; Output Position: 0.2199783894916728; Motor Current: 85.0
[2026-02-17 11:15:52,755] INFO: Time: 4.523607604000063; Command Position: 0.22264221797633849; Output Position: 0.2199783894916728; Motor Current: 87.0
[2026-02-17 11:15:52,756] INFO: Time: 4.524666521000199; Command Position: 0.22264221797633849; Output Position: 0.21998763033979263; Motor Current: 86.0
[2026-02-17 11:15:52,757] INFO: Time: 4.525725143000045; Command Position: 0.22264221797633849; Output Position: 0.21998763033979263; Motor Current: 85.0
[2026-02-17 11:15:52,759] INFO: Time: 4.526790172000119; Command Position: 0.22264221797633849; Output Position: 0.2199783894916728; Motor Current: 83.0
[2026-02-17 11:15:52,760] INFO: Time: 4.527853589000188; Command Position: 0.22264221797633849; Output Position: 0.2199968711879124; Motor Current: 84.0
[2026-02-17 11:15:52,761] INFO: Time: 4.528913507000198; Command Position: 0.22264221797633849; Output Position: 0.21998763033979263; Motor Current: 84.0
[2026-02-17 11:15:52,762] INFO: Time: 4.529972536000059; Command Position: 0.22264221797633849; Output Position: 0.2199783894916728; Motor Current: 82.0
[2026-02-17 11:15:52,763] INFO: Time: 4.531034361000138; Command Position: 0.22264221797633849; Output Position: 0.2199783894916728; Motor Current: 81.0
[2026-02-17 11:15:52,764] INFO: Time: 4.53209350100019; Command Position: 0.22264221797633849; Output Position: 0.21998763033979263; Motor Current: 84.0
[2026-02-17 11:15:52,765] INFO: Time: 4.533154419000084; Command Position: 0.22264221797633849; Output Position: 0.21996914864355302; Motor Current: 86.0
[2026-02-17 11:15:52,766] INFO: Time: 4.534216373000163; Command Position: 0.22264221797633849; Output Position: 0.2199783894916728; Motor Current: 86.0
[2026-02-17 11:15:52,767] INFO: Time: 4.535275365000189; Command Position: 0.22264221797633849; Output Position: 0.21998763033979263; Motor Current: 87.0
[2026-02-17 11:15:52,768] INFO: Time: 4.536334060000172; Command Position: 0.22264221797633849; Output Position: 0.21998763033979263; Motor Current: 88.0
[2026-02-17 11:15:52,769] INFO: Time: 4.537394589000087; Command Position: 0.22264221797633849; Output Position: 0.2199783894916728; Motor Current: 88.0
[2026-02-17 11:15:52,770] INFO: Time: 4.538462118000098; Command Position: 0.22264221797633849; Output Position: 0.2199783894916728; Motor Current: 87.0
[2026-02-17 11:15:52,771] INFO: Time: 4.539541814000131; Command Position: 0.22264221797633849; Output Position: 0.2199783894916728; Motor Current: 88.0
[2026-02-17 11:15:52,772] INFO: Time: 4.54060084300022; Command Position: 0.22264221797633849; Output Position: 0.2199783894916728; Motor Current: 89.0
[2026-02-17 11:15:52,773] INFO: Time: 4.541660890000003; Command Position: 0.22264221797633849; Output Position: 0.21996914864355302; Motor Current: 88.0
[2026-02-17 11:15:52,774] INFO: Time: 4.542720030000055; Command Position: 0.22264221797633849; Output Position: 0.21998763033979263; Motor Current: 87.0
[2026-02-17 11:15:52,776] INFO: Time: 4.54378079900016; Command Position: 0.22264221797633849; Output Position: 0.21998763033979263; Motor Current: 85.0
[2026-02-17 11:15:52,777] INFO: Time: 4.5448428470001545; Command Position: 0.22264221797633849; Output Position: 0.21998763033979263; Motor Current: 84.0
[2026-02-17 11:15:52,778] INFO: Time: 4.545902524000212; Command Position: 0.22264221797633849; Output Position: 0.2199968711879124; Motor Current: 83.0
[2026-02-17 11:15:52,779] INFO: Time: 4.546961626000211; Command Position: 0.22264221797633849; Output Position: 0.21995990779543326; Motor Current: 84.0
[2026-02-17 11:15:52,780] INFO: Time: 4.548146545000009; Command Position: 0.22264221797633849; Output Position: 0.2199783894916728; Motor Current: 85.0
[2026-02-17 11:15:52,781] INFO: Time: 4.549421743000039; Command Position: 0.22264221797633849; Output Position: 0.2199783894916728; Motor Current: 86.0
[2026-02-17 11:15:52,782] INFO: Time: 4.550485790000039; Command Position: 0.22264221797633849; Output Position: 0.21998763033979263; Motor Current: 87.0
[2026-02-17 11:15:52,783] INFO: Time: 4.551547134000202; Command Position: 0.22264221797633849; Output Position: 0.2199783894916728; Motor Current: 88.0
[2026-02-17 11:15:52,784] INFO: Time: 4.552606663000006; Command Position: 0.22264221797633849; Output Position: 0.21998763033979263; Motor Current: 89.0
[2026-02-17 11:15:52,785] INFO: Time: 4.553666321000037; Command Position: 0.22264221797633849; Output Position: 0.21998763033979263; Motor Current: 86.0
[2026-02-17 11:15:52,787] INFO: Time: 4.554727128000195; Command Position: 0.22264221797633849; Output Position: 0.2199783894916728; Motor Current: 88.0
[2026-02-17 11:15:52,788] INFO: Time: 4.555787916000099; Command Position: 0.22264221797633849; Output Position: 0.2199783894916728; Motor Current: 85.0
[2026-02-17 11:15:52,789] INFO: Time: 4.5568472960001145; Command Position: 0.22264221797633849; Output Position: 0.21998763033979263; Motor Current: 86.0
[2026-02-17 11:15:52,790] INFO: Time: 4.557906510000066; Command Position: 0.22264221797633849; Output Position: 0.2199783894916728; Motor Current: 87.0
[2026-02-17 11:15:52,791] INFO: Time: 4.558965539000155; Command Position: 0.22264221797633849; Output Position: 0.2199783894916728; Motor Current: 87.0
[2026-02-17 11:15:52,792] INFO: Time: 4.560024309000028; Command Position: 0.22264221797633849; Output Position: 0.21998763033979263; Motor Current: 88.0
[2026-02-17 11:15:52,793] INFO: Time: 4.56108611500008; Command Position: 0.22264221797633849; Output Position: 0.2199783894916728; Motor Current: 85.0
[2026-02-17 11:15:52,794] INFO: Time: 4.562146311000106; Command Position: 0.22264221797633849; Output Position: 0.21998763033979263; Motor Current: 85.0
[2026-02-17 11:15:52,795] INFO: Time: 4.563205784000047; Command Position: 0.22264221797633849; Output Position: 0.21998763033979263; Motor Current: 86.0
[2026-02-17 11:15:52,796] INFO: Time: 4.564264757000046; Command Position: 0.22264221797633849; Output Position: 0.21998763033979263; Motor Current: 84.0
[2026-02-17 11:15:52,797] INFO: Time: 4.5653236190000825; Command Position: 0.22264221797633849; Output Position: 0.2199783894916728; Motor Current: 84.0
[2026-02-17 11:15:52,798] INFO: Time: 4.566382481000119; Command Position: 0.22264221797633849; Output Position: 0.2199783894916728; Motor Current: 82.0
[2026-02-17 11:15:52,799] INFO: Time: 4.567443547000039; Command Position: 0.22264221797633849; Output Position: 0.21998763033979263; Motor Current: 85.0
[2026-02-17 11:15:52,800] INFO: Time: 4.56850428000007; Command Position: 0.22264221797633849; Output Position: 0.2199783894916728; Motor Current: 85.0
[2026-02-17 11:15:52,801] INFO: Time: 4.569564290000017; Command Position: 0.22264221797633849; Output Position: 0.2199968711879124; Motor Current: 84.0
[2026-02-17 11:15:52,802] INFO: Time: 4.570623393000005; Command Position: 0.22264221797633849; Output Position: 0.21998763033979263; Motor Current: 84.0
[2026-02-17 11:15:52,803] INFO: Time: 4.571682385000031; Command Position: 0.22264221797633849; Output Position: 0.2199783894916728; Motor Current: 87.0
[2026-02-17 11:15:52,805] INFO: Time: 4.5727435800001786; Command Position: 0.22264221797633849; Output Position: 0.21996914864355302; Motor Current: 85.0
[2026-02-17 11:15:52,806] INFO: Time: 4.573804387000109; Command Position: 0.22264221797633849; Output Position: 0.21998763033979263; Motor Current: 84.0
[2026-02-17 11:15:52,807] INFO: Time: 4.574863897000114; Command Position: 0.22264221797633849; Output Position: 0.21998763033979263; Motor Current: 84.0
[2026-02-17 11:15:52,808] INFO: Time: 4.5759230000001025; Command Position: 0.22264221797633849; Output Position: 0.21998763033979263; Motor Current: 84.0
[2026-02-17 11:15:52,809] INFO: Time: 4.576981954000075; Command Position: 0.22264221797633849; Output Position: 0.2199783894916728; Motor Current: 82.0
[2026-02-17 11:15:52,810] INFO: Time: 4.578040946000101; Command Position: 0.22264221797633849; Output Position: 0.2199783894916728; Motor Current: 80.0
[2026-02-17 11:15:52,811] INFO: Time: 4.57910258600009; Command Position: 0.22264221797633849; Output Position: 0.2199783894916728; Motor Current: 81.0
[2026-02-17 11:15:52,812] INFO: Time: 4.580162782000116; Command Position: 0.22264221797633849; Output Position: 0.2199783894916728; Motor Current: 83.0
[2026-02-17 11:15:52,813] INFO: Time: 4.5812277360000735; Command Position: 0.22264221797633849; Output Position: 0.2199783894916728; Motor Current: 83.0
[2026-02-17 11:15:52,814] INFO: Time: 4.582286635000173; Command Position: 0.22264221797633849; Output Position: 0.21998763033979263; Motor Current: 83.0
[2026-02-17 11:15:52,815] INFO: Time: 4.5833454050000455; Command Position: 0.22264221797633849; Output Position: 0.2199783894916728; Motor Current: 82.0
[2026-02-17 11:15:52,816] INFO: Time: 4.584403971000029; Command Position: 0.22264221797633849; Output Position: 0.2199783894916728; Motor Current: 84.0
[2026-02-17 11:15:52,817] INFO: Time: 4.58546483300006; Command Position: 0.22264221797633849; Output Position: 0.21998763033979263; Motor Current: 86.0
[2026-02-17 11:15:52,818] INFO: Time: 4.586525510000001; Command Position: 0.22264221797633849; Output Position: 0.2199783894916728; Motor Current: 85.0
[2026-02-17 11:15:52,819] INFO: Time: 4.587584520000064; Command Position: 0.22264221797633849; Output Position: 0.21996914864355302; Motor Current: 84.0
[2026-02-17 11:15:52,820] INFO: Time: 4.588643345000037; Command Position: 0.22264221797633849; Output Position: 0.21996914864355302; Motor Current: 84.0
[2026-02-17 11:15:52,821] INFO: Time: 4.5897021520002; Command Position: 0.22264221797633849; Output Position: 0.21998763033979263; Motor Current: 86.0
[2026-02-17 11:15:52,823] INFO: Time: 4.590762495000035; Command Position: 0.22264221797633849; Output Position: 0.21998763033979263; Motor Current: 89.0
[2026-02-17 11:15:52,824] INFO: Time: 4.591823913000098; Command Position: 0.22264221797633849; Output Position: 0.2199968711879124; Motor Current: 91.0
[2026-02-17 11:15:52,825] INFO: Time: 4.5928831460000765; Command Position: 0.22264221797633849; Output Position: 0.21998763033979263; Motor Current: 90.0
[2026-02-17 11:15:52,826] INFO: Time: 4.593942248000076; Command Position: 0.22264221797633849; Output Position: 0.2199783894916728; Motor Current: 89.0
[2026-02-17 11:15:52,827] INFO: Time: 4.595013203000008; Command Position: 0.22264221797633849; Output Position: 0.2199783894916728; Motor Current: 88.0
[2026-02-17 11:15:52,828] INFO: Time: 4.596071825000081; Command Position: 0.22264221797633849; Output Position: 0.21998763033979263; Motor Current: 87.0
[2026-02-17 11:15:52,829] INFO: Time: 4.597139872000071; Command Position: 0.22264221797633849; Output Position: 0.2199783894916728; Motor Current: 85.0
[2026-02-17 11:15:52,830] INFO: Time: 4.598201753000012; Command Position: 0.22264221797633849; Output Position: 0.2199783894916728; Motor Current: 85.0
[2026-02-17 11:15:52,831] INFO: Time: 4.599271578000071; Command Position: 0.22264221797633849; Output Position: 0.2199783894916728; Motor Current: 84.0
[2026-02-17 11:15:52,832] INFO: Time: 4.6003304770001705; Command Position: 0.22264221797633849; Output Position: 0.21998763033979263; Motor Current: 86.0
[2026-02-17 11:15:52,833] INFO: Time: 4.601389469000196; Command Position: 0.22264221797633849; Output Position: 0.2199783894916728; Motor Current: 88.0
[2026-02-17 11:15:52,834] INFO: Time: 4.602448127000116; Command Position: 0.22264221797633849; Output Position: 0.2199783894916728; Motor Current: 86.0
[2026-02-17 11:15:52,835] INFO: Time: 4.603509619000079; Command Position: 0.22264221797633849; Output Position: 0.21998763033979263; Motor Current: 84.0
[2026-02-17 11:15:52,836] INFO: Time: 4.604571037000142; Command Position: 0.22264221797633849; Output Position: 0.2199783894916728; Motor Current: 85.0
[2026-02-17 11:15:52,837] INFO: Time: 4.605630491000056; Command Position: 0.22264221797633849; Output Position: 0.2199783894916728; Motor Current: 86.0
[2026-02-17 11:15:52,838] INFO: Time: 4.606689816000198; Command Position: 0.22264221797633849; Output Position: 0.21998763033979263; Motor Current: 87.0
[2026-02-17 11:15:52,840] INFO: Time: 4.607748623000134; Command Position: 0.22264221797633849; Output Position: 0.21998763033979263; Motor Current: 87.0
[2026-02-17 11:15:52,841] INFO: Time: 4.608810078000033; Command Position: 0.22264221797633849; Output Position: 0.21998763033979263; Motor Current: 85.0
[2026-02-17 11:15:52,842] INFO: Time: 4.6098722550000275; Command Position: 0.22264221797633849; Output Position: 0.2199783894916728; Motor Current: 83.0
[2026-02-17 11:15:52,843] INFO: Time: 4.61093158000017; Command Position: 0.22264221797633849; Output Position: 0.2199783894916728; Motor Current: 82.0
[2026-02-17 11:15:52,844] INFO: Time: 4.611990257000116; Command Position: 0.22264221797633849; Output Position: 0.21998763033979263; Motor Current: 79.0
[2026-02-17 11:15:52,845] INFO: Time: 4.613048082000205; Command Position: 0.22264221797633849; Output Position: 0.2199783894916728; Motor Current: 83.0
[2026-02-17 11:15:52,846] INFO: Time: 4.614106777000188; Command Position: 0.22264221797633849; Output Position: 0.21998763033979263; Motor Current: 83.0
[2026-02-17 11:15:52,847] INFO: Time: 4.615168676000167; Command Position: 0.22264221797633849; Output Position: 0.2199783894916728; Motor Current: 80.0
[2026-02-17 11:15:52,848] INFO: Time: 4.6162305940001715; Command Position: 0.22264221797633849; Output Position: 0.2199783894916728; Motor Current: 81.0
[2026-02-17 11:15:52,849] INFO: Time: 4.617290141000012; Command Position: 0.22264221797633849; Output Position: 0.21998763033979263; Motor Current: 83.0
[2026-02-17 11:15:52,850] INFO: Time: 4.618356115000097; Command Position: 0.22264221797633849; Output Position: 0.21998763033979263; Motor Current: 83.0
[2026-02-17 11:15:52,851] INFO: Time: 4.619418921000033; Command Position: 0.22264221797633849; Output Position: 0.2199783894916728; Motor Current: 82.0
[2026-02-17 11:15:52,852] INFO: Time: 4.62047885700008; Command Position: 0.22264221797633849; Output Position: 0.2199783894916728; Motor Current: 82.0
[2026-02-17 11:15:52,853] INFO: Time: 4.6215404230001695; Command Position: 0.22264221797633849; Output Position: 0.2199783894916728; Motor Current: 84.0
[2026-02-17 11:15:52,854] INFO: Time: 4.622601285000201; Command Position: 0.22264221797633849; Output Position: 0.21998763033979263; Motor Current: 86.0
[2026-02-17 11:15:52,855] INFO: Time: 4.623660648000168; Command Position: 0.22264221797633849; Output Position: 0.21998763033979263; Motor Current: 84.0
[2026-02-17 11:15:52,856] INFO: Time: 4.624719695000067; Command Position: 0.22264221797633849; Output Position: 0.2199783894916728; Motor Current: 82.0
[2026-02-17 11:15:52,858] INFO: Time: 4.625778650000029; Command Position: 0.22264221797633849; Output Position: 0.2199968711879124; Motor Current: 82.0
[2026-02-17 11:15:52,859] INFO: Time: 4.62683969700015; Command Position: 0.22264221797633849; Output Position: 0.2199783894916728; Motor Current: 81.0
[2026-02-17 11:15:52,860] INFO: Time: 4.627900874000034; Command Position: 0.22264221797633849; Output Position: 0.2199783894916728; Motor Current: 86.0
[2026-02-17 11:15:52,861] INFO: Time: 4.628959995000059; Command Position: 0.22264221797633849; Output Position: 0.2199783894916728; Motor Current: 84.0
[2026-02-17 11:15:52,862] INFO: Time: 4.630017580000185; Command Position: 0.22264221797633849; Output Position: 0.21996914864355302; Motor Current: 83.0
[2026-02-17 11:15:52,863] INFO: Time: 4.631076405000158; Command Position: 0.22264221797633849; Output Position: 0.2199783894916728; Motor Current: 85.0
[2026-02-17 11:15:52,864] INFO: Time: 4.632140804000073; Command Position: 0.22264221797633849; Output Position: 0.2199783894916728; Motor Current: 86.0
[2026-02-17 11:15:52,865] INFO: Time: 4.633203203000221; Command Position: 0.22264221797633849; Output Position: 0.2199783894916728; Motor Current: 86.0
[2026-02-17 11:15:52,866] INFO: Time: 4.634263695000072; Command Position: 0.22264221797633849; Output Position: 0.21998763033979263; Motor Current: 85.0
[2026-02-17 11:15:52,867] INFO: Time: 4.635322889999998; Command Position: 0.22264221797633849; Output Position: 0.2199783894916728; Motor Current: 85.0
[2026-02-17 11:15:52,868] INFO: Time: 4.636381660000097; Command Position: 0.22264221797633849; Output Position: 0.2199783894916728; Motor Current: 84.0
[2026-02-17 11:15:52,869] INFO: Time: 4.637440855000023; Command Position: 0.22264221797633849; Output Position: 0.21998763033979263; Motor Current: 85.0
[2026-02-17 11:15:52,870] INFO: Time: 4.638499495000133; Command Position: 0.22264221797633849; Output Position: 0.2199968711879124; Motor Current: 84.0
[2026-02-17 11:15:52,871] INFO: Time: 4.639559709000196; Command Position: 0.22264221797633849; Output Position: 0.2199783894916728; Motor Current: 85.0
[2026-02-17 11:15:52,872] INFO: Time: 4.640627071000154; Command Position: 0.22264221797633849; Output Position: 0.21998763033979263; Motor Current: 89.0
[2026-02-17 11:15:52,873] INFO: Time: 4.641688193000164; Command Position: 0.22264221797633849; Output Position: 0.21998763033979263; Motor Current: 88.0
[2026-02-17 11:15:52,875] INFO: Time: 4.642748703000052; Command Position: 0.22264221797633849; Output Position: 0.21996914864355302; Motor Current: 86.0
[2026-02-17 11:15:52,876] INFO: Time: 4.643806287000189; Command Position: 0.22264221797633849; Output Position: 0.21998763033979263; Motor Current: 89.0
[2026-02-17 11:15:52,877] INFO: Time: 4.644867835000014; Command Position: 0.22264221797633849; Output Position: 0.2199783894916728; Motor Current: 87.0
[2026-02-17 11:15:52,878] INFO: Time: 4.645929382000077; Command Position: 0.22264221797633849; Output Position: 0.21998763033979263; Motor Current: 88.0
[2026-02-17 11:15:52,879] INFO: Time: 4.646988411000166; Command Position: 0.22264221797633849; Output Position: 0.2199783894916728; Motor Current: 87.0
[2026-02-17 11:15:52,880] INFO: Time: 4.648046014000101; Command Position: 0.22264221797633849; Output Position: 0.2199783894916728; Motor Current: 90.0
[2026-02-17 11:15:52,881] INFO: Time: 4.649104746000148; Command Position: 0.22264221797633849; Output Position: 0.2199783894916728; Motor Current: 89.0
[2026-02-17 11:15:52,882] INFO: Time: 4.6501634970002215; Command Position: 0.22264221797633849; Output Position: 0.21998763033979263; Motor Current: 89.0
[2026-02-17 11:15:52,883] INFO: Time: 4.6512251740000465; Command Position: 0.22264221797633849; Output Position: 0.2199783894916728; Motor Current: 85.0
[2026-02-17 11:15:52,884] INFO: Time: 4.652285147000157; Command Position: 0.22264221797633849; Output Position: 0.2199783894916728; Motor Current: 86.0
[2026-02-17 11:15:52,885] INFO: Time: 4.653344343000072; Command Position: 0.22264221797633849; Output Position: 0.2199783894916728; Motor Current: 85.0
[2026-02-17 11:15:52,886] INFO: Time: 4.654404112000066; Command Position: 0.22264221797633849; Output Position: 0.2199783894916728; Motor Current: 86.0
[2026-02-17 11:15:52,887] INFO: Time: 4.655462956000065; Command Position: 0.22264221797633849; Output Position: 0.2199783894916728; Motor Current: 87.0
[2026-02-17 11:15:52,888] INFO: Time: 4.656521614000212; Command Position: 0.22264221797633849; Output Position: 0.21998763033979263; Motor Current: 87.0
[2026-02-17 11:15:52,889] INFO: Time: 4.657582199000217; Command Position: 0.22264221797633849; Output Position: 0.2199783894916728; Motor Current: 84.0
[2026-02-17 11:15:52,890] INFO: Time: 4.6586434310002005; Command Position: 0.22264221797633849; Output Position: 0.21998763033979263; Motor Current: 84.0
[2026-02-17 11:15:52,892] INFO: Time: 4.659710071000063; Command Position: 0.22264221797633849; Output Position: 0.21998763033979263; Motor Current: 85.0
[2026-02-17 11:15:52,893] INFO: Time: 4.66077241500011; Command Position: 0.22264221797633849; Output Position: 0.21996914864355302; Motor Current: 85.0
[2026-02-17 11:15:52,894] INFO: Time: 4.661832740000136; Command Position: 0.22264221797633849; Output Position: 0.21998763033979263; Motor Current: 86.0
[2026-02-17 11:15:52,895] INFO: Time: 4.662894065000046; Command Position: 0.22264221797633849; Output Position: 0.21998763033979263; Motor Current: 87.0
[2026-02-17 11:15:52,896] INFO: Time: 4.663955760000135; Command Position: 0.22264221797633849; Output Position: 0.2199783894916728; Motor Current: 84.0
[2026-02-17 11:15:52,897] INFO: Time: 4.6650147710001875; Command Position: 0.22264221797633849; Output Position: 0.21998763033979263; Motor Current: 83.0
[2026-02-17 11:15:52,898] INFO: Time: 4.666073336000181; Command Position: 0.22264221797633849; Output Position: 0.2199783894916728; Motor Current: 84.0
[2026-02-17 11:15:52,899] INFO: Time: 4.667136773000038; Command Position: 0.22264221797633849; Output Position: 0.21998763033979263; Motor Current: 84.0
[2026-02-17 11:15:52,900] INFO: Time: 4.668195968000191; Command Position: 0.22264221797633849; Output Position: 0.2199783894916728; Motor Current: 85.0
[2026-02-17 11:15:52,901] INFO: Time: 4.669256589000042; Command Position: 0.22264221797633849; Output Position: 0.21998763033979263; Motor Current: 82.0
[2026-02-17 11:15:52,902] INFO: Time: 4.67031752600019; Command Position: 0.22264221797633849; Output Position: 0.21998763033979263; Motor Current: 82.0
[2026-02-17 11:15:52,903] INFO: Time: 4.671376999000131; Command Position: 0.22264221797633849; Output Position: 0.2199783894916728; Motor Current: 82.0
[2026-02-17 11:15:52,904] INFO: Time: 4.672436083000093; Command Position: 0.22264221797633849; Output Position: 0.21998763033979263; Motor Current: 81.0
[2026-02-17 11:15:52,905] INFO: Time: 4.673495112000182; Command Position: 0.22264221797633849; Output Position: 0.2199783894916728; Motor Current: 82.0
[2026-02-17 11:15:52,906] INFO: Time: 4.674554233000208; Command Position: 0.22264221797633849; Output Position: 0.21998763033979263; Motor Current: 81.0
[2026-02-17 11:15:52,907] INFO: Time: 4.67561585500016; Command Position: 0.22264221797633849; Output Position: 0.21998763033979263; Motor Current: 83.0
[2026-02-17 11:15:52,908] INFO: Time: 4.6766762540000855; Command Position: 0.22264221797633849; Output Position: 0.21996914864355302; Motor Current: 83.0
[2026-02-17 11:15:52,909] INFO: Time: 4.677735542000164; Command Position: 0.22264221797633849; Output Position: 0.21998763033979263; Motor Current: 85.0
[2026-02-17 11:15:52,911] INFO: Time: 4.678794793000179; Command Position: 0.22264221797633849; Output Position: 0.21998763033979263; Motor Current: 84.0
[2026-02-17 11:15:52,912] INFO: Time: 4.679853637000178; Command Position: 0.22264221797633849; Output Position: 0.2199783894916728; Motor Current: 84.0
[2026-02-17 11:15:52,913] INFO: Time: 4.680912091000209; Command Position: 0.22264221797633849; Output Position: 0.21996914864355302; Motor Current: 81.0
[2026-02-17 11:15:52,914] INFO: Time: 4.681972676000214; Command Position: 0.22264221797633849; Output Position: 0.21998763033979263; Motor Current: 82.0
[2026-02-17 11:15:52,915] INFO: Time: 4.683150335000164; Command Position: 0.22264221797633849; Output Position: 0.21998763033979263; Motor Current: 85.0
[2026-02-17 11:15:52,916] INFO: Time: 4.684239901000183; Command Position: 0.22264221797633849; Output Position: 0.2199783894916728; Motor Current: 85.0
[2026-02-17 11:15:52,917] INFO: Time: 4.685299597000039; Command Position: 0.22264221797633849; Output Position: 0.2199783894916728; Motor Current: 84.0
[2026-02-17 11:15:52,918] INFO: Time: 4.686358959000017; Command Position: 0.22264221797633849; Output Position: 0.2199968711879124; Motor Current: 83.0
[2026-02-17 11:15:52,919] INFO: Time: 4.687418136000133; Command Position: 0.22264221797633849; Output Position: 0.2199783894916728; Motor Current: 85.0
[2026-02-17 11:15:52,920] INFO: Time: 4.688480294000101; Command Position: 0.22264221797633849; Output Position: 0.2199783894916728; Motor Current: 85.0
[2026-02-17 11:15:52,921] INFO: Time: 4.68954078600018; Command Position: 0.22264221797633849; Output Position: 0.21998763033979263; Motor Current: 85.0
[2026-02-17 11:15:52,922] INFO: Time: 4.6906005190001; Command Position: 0.22264221797633849; Output Position: 0.21996914864355302; Motor Current: 87.0
[2026-02-17 11:15:52,923] INFO: Time: 4.691659955000205; Command Position: 0.22264221797633849; Output Position: 0.21998763033979263; Motor Current: 87.0
[2026-02-17 11:15:52,924] INFO: Time: 4.692719076000003; Command Position: 0.22264221797633849; Output Position: 0.2199783894916728; Motor Current: 86.0
[2026-02-17 11:15:52,926] INFO: Time: 4.693779605000145; Command Position: 0.22264221797633849; Output Position: 0.2199783894916728; Motor Current: 88.0
[2026-02-17 11:15:52,927] INFO: Time: 4.694840874000192; Command Position: 0.22264221797633849; Output Position: 0.2199968711879124; Motor Current: 87.0
[2026-02-17 11:15:52,928] INFO: Time: 4.6958998110001176; Command Position: 0.22264221797633849; Output Position: 0.2199968711879124; Motor Current: 89.0
[2026-02-17 11:15:52,929] INFO: Time: 4.69695863600009; Command Position: 0.22264221797633849; Output Position: 0.21998763033979263; Motor Current: 89.0
[2026-02-17 11:15:52,930] INFO: Time: 4.698017516000164; Command Position: 0.22264221797633849; Output Position: 0.21996914864355302; Motor Current: 86.0
[2026-02-17 11:15:52,931] INFO: Time: 4.699076490000152; Command Position: 0.22264221797633849; Output Position: 0.21998763033979263; Motor Current: 86.0
[2026-02-17 11:15:52,932] INFO: Time: 4.700151000000005; Command Position: 0.22264221797633849; Output Position: 0.2199783894916728; Motor Current: 88.0
[2026-02-17 11:15:52,933] INFO: Time: 4.701211788000137; Command Position: 0.22264221797633849; Output Position: 0.2199783894916728; Motor Current: 87.0
[2026-02-17 11:15:52,934] INFO: Time: 4.70227816900001; Command Position: 0.22264221797633849; Output Position: 0.21998763033979263; Motor Current: 87.0
[2026-02-17 11:15:52,935] INFO: Time: 4.703336975000184; Command Position: 0.22264221797633849; Output Position: 0.2199783894916728; Motor Current: 85.0
[2026-02-17 11:15:52,936] INFO: Time: 4.70439572600003; Command Position: 0.22264221797633849; Output Position: 0.2199968711879124; Motor Current: 83.0
[2026-02-17 11:15:52,937] INFO: Time: 4.705454385000166; Command Position: 0.22264221797633849; Output Position: 0.21998763033979263; Motor Current: 85.0
[2026-02-17 11:15:52,938] INFO: Time: 4.706515395000224; Command Position: 0.22264221797633849; Output Position: 0.2199783894916728; Motor Current: 83.0
[2026-02-17 11:15:52,939] INFO: Time: 4.7075757940001495; Command Position: 0.22264221797633849; Output Position: 0.2199783894916728; Motor Current: 82.0
[2026-02-17 11:15:52,940] INFO: Time: 4.708634545000223; Command Position: 0.22264221797633849; Output Position: 0.21996914864355302; Motor Current: 80.0
[2026-02-17 11:15:52,941] INFO: Time: 4.709693389000222; Command Position: 0.22264221797633849; Output Position: 0.2199783894916728; Motor Current: 81.0
[2026-02-17 11:15:52,943] INFO: Time: 4.710752010000078; Command Position: 0.22264221797633849; Output Position: 0.2199783894916728; Motor Current: 80.0
[2026-02-17 11:15:52,944] INFO: Time: 4.711821298000132; Command Position: 0.22264221797633849; Output Position: 0.21998763033979263; Motor Current: 83.0
[2026-02-17 11:15:52,945] INFO: Time: 4.712881957000036; Command Position: 0.22264221797633849; Output Position: 0.2199783894916728; Motor Current: 84.0
[2026-02-17 11:15:52,946] INFO: Time: 4.7139414300002045; Command Position: 0.22264221797633849; Output Position: 0.2199783894916728; Motor Current: 86.0
[2026-02-17 11:15:52,947] INFO: Time: 4.715000607000093; Command Position: 0.22264221797633849; Output Position: 0.21998763033979263; Motor Current: 84.0
[2026-02-17 11:15:52,948] INFO: Time: 4.716058858000224; Command Position: 0.22264221797633849; Output Position: 0.2199783894916728; Motor Current: 83.0
[2026-02-17 11:15:52,949] INFO: Time: 4.717117776000123; Command Position: 0.22264221797633849; Output Position: 0.2199783894916728; Motor Current: 81.0
[2026-02-17 11:15:52,950] INFO: Time: 4.718179027000133; Command Position: 0.22264221797633849; Output Position: 0.21998763033979263; Motor Current: 80.0
[2026-02-17 11:15:52,951] INFO: Time: 4.719250093000028; Command Position: 0.22264221797633849; Output Position: 0.21998763033979263; Motor Current: 82.0
[2026-02-17 11:15:52,952] INFO: Time: 4.720309140000154; Command Position: 0.22264221797633849; Output Position: 0.21998763033979263; Motor Current: 83.0
[2026-02-17 11:15:52,953] INFO: Time: 4.721368187000053; Command Position: 0.22264221797633849; Output Position: 0.21998763033979263; Motor Current: 83.0
[2026-02-17 11:15:52,954] INFO: Time: 4.7224271790000785; Command Position: 0.22264221797633849; Output Position: 0.21998763033979263; Motor Current: 80.0
[2026-02-17 11:15:52,955] INFO: Time: 4.72348639300003; Command Position: 0.22264221797633849; Output Position: 0.21996914864355302; Motor Current: 81.0
[2026-02-17 11:15:52,956] INFO: Time: 4.724548107000146; Command Position: 0.22264221797633849; Output Position: 0.21998763033979263; Motor Current: 80.0
[2026-02-17 11:15:52,957] INFO: Time: 4.725610691000156; Command Position: 0.22264221797633849; Output Position: 0.2199783894916728; Motor Current: 79.0
[2026-02-17 11:15:52,958] INFO: Time: 4.726670553000076; Command Position: 0.22264221797633849; Output Position: 0.2199783894916728; Motor Current: 80.0
[2026-02-17 11:15:52,960] INFO: Time: 4.72773032300006; Command Position: 0.22264221797633849; Output Position: 0.2199783894916728; Motor Current: 83.0
[2026-02-17 11:15:52,961] INFO: Time: 4.728789296000059; Command Position: 0.22264221797633849; Output Position: 0.2199783894916728; Motor Current: 82.0
[2026-02-17 11:15:52,962] INFO: Time: 4.729850954000085; Command Position: 0.22264221797633849; Output Position: 0.2199968711879124; Motor Current: 84.0
[2026-02-17 11:15:52,963] INFO: Time: 4.730913187000169; Command Position: 0.22264221797633849; Output Position: 0.21996914864355302; Motor Current: 83.0
[2026-02-17 11:15:52,964] INFO: Time: 4.731972771000073; Command Position: 0.22264221797633849; Output Position: 0.21998763033979263; Motor Current: 83.0
[2026-02-17 11:15:52,965] INFO: Time: 4.733031096000104; Command Position: 0.22264221797633849; Output Position: 0.21998763033979263; Motor Current: 83.0
[2026-02-17 11:15:52,966] INFO: Time: 4.734089273000109; Command Position: 0.22264221797633849; Output Position: 0.2199783894916728; Motor Current: 84.0
[2026-02-17 11:15:52,967] INFO: Time: 4.735148228000071; Command Position: 0.22264221797633849; Output Position: 0.2199783894916728; Motor Current: 83.0
[2026-02-17 11:15:52,968] INFO: Time: 4.736208738000187; Command Position: 0.22264221797633849; Output Position: 0.2199968711879124; Motor Current: 82.0
[2026-02-17 11:15:52,969] INFO: Time: 4.737271804000102; Command Position: 0.22264221797633849; Output Position: 0.2199968711879124; Motor Current: 82.0
[2026-02-17 11:15:52,970] INFO: Time: 4.738331407000032; Command Position: 0.22264221797633849; Output Position: 0.21996914864355302; Motor Current: 85.0
[2026-02-17 11:15:52,971] INFO: Time: 4.7393904360001216; Command Position: 0.22264221797633849; Output Position: 0.2199783894916728; Motor Current: 87.0
[2026-02-17 11:15:52,972] INFO: Time: 4.740449316000195; Command Position: 0.22264221797633849; Output Position: 0.21998763033979263; Motor Current: 87.0
[2026-02-17 11:15:52,973] INFO: Time: 4.741507993000141; Command Position: 0.22264221797633849; Output Position: 0.2199783894916728; Motor Current: 86.0
[2026-02-17 11:15:52,974] INFO: Time: 4.742569430000003; Command Position: 0.22264221797633849; Output Position: 0.21998763033979263; Motor Current: 85.0
[2026-02-17 11:15:52,975] INFO: Time: 4.743632255000193; Command Position: 0.22264221797633849; Output Position: 0.2199783894916728; Motor Current: 86.0
[2026-02-17 11:15:52,976] INFO: Time: 4.7446916720000445; Command Position: 0.22264221797633849; Output Position: 0.2199783894916728; Motor Current: 84.0
[2026-02-17 11:15:52,978] INFO: Time: 4.745750775000033; Command Position: 0.22264221797633849; Output Position: 0.2199783894916728; Motor Current: 87.0
[2026-02-17 11:15:52,979] INFO: Time: 4.746809860000212; Command Position: 0.22264221797633849; Output Position: 0.21998763033979263; Motor Current: 87.0
[2026-02-17 11:15:52,980] INFO: Time: 4.74787081400018; Command Position: 0.22264221797633849; Output Position: 0.2199783894916728; Motor Current: 84.0
[2026-02-17 11:15:52,981] INFO: Time: 4.748933362000116; Command Position: 0.22264221797633849; Output Position: 0.21998763033979263; Motor Current: 83.0
[2026-02-17 11:15:52,982] INFO: Time: 4.74999187200001; Command Position: 0.22264221797633849; Output Position: 0.21998763033979263; Motor Current: 83.0
[2026-02-17 11:15:52,983] INFO: Time: 4.751050067000051; Command Position: 0.22264221797633849; Output Position: 0.21998763033979263; Motor Current: 84.0
[2026-02-17 11:15:52,984] INFO: Time: 4.752109004000204; Command Position: 0.22264221797633849; Output Position: 0.21996914864355302; Motor Current: 87.0
[2026-02-17 11:15:52,985] INFO: Time: 4.753450924000163; Command Position: 0.22264221797633849; Output Position: 0.2199783894916728; Motor Current: 86.0
[2026-02-17 11:15:52,986] INFO: Time: 4.754511545000014; Command Position: 0.22264221797633849; Output Position: 0.21998763033979263; Motor Current: 86.0
[2026-02-17 11:15:52,987] INFO: Time: 4.755573037000204; Command Position: 0.22264221797633849; Output Position: 0.2199783894916728; Motor Current: 86.0
[2026-02-17 11:15:52,988] INFO: Time: 4.756632436000018; Command Position: 0.22264221797633849; Output Position: 0.2199783894916728; Motor Current: 88.0
[2026-02-17 11:15:52,989] INFO: Time: 4.757691187000091; Command Position: 0.22264221797633849; Output Position: 0.2199968711879124; Motor Current: 89.0
[2026-02-17 11:15:52,991] INFO: Time: 4.75875029000008; Command Position: 0.22264221797633849; Output Position: 0.2199783894916728; Motor Current: 87.0
[2026-02-17 11:15:52,992] INFO: Time: 4.759811652000053; Command Position: 0.22264221797633849; Output Position: 0.2199968711879124; Motor Current: 86.0
[2026-02-17 11:15:52,993] INFO: Time: 4.760873496000158; Command Position: 0.22264221797633849; Output Position: 0.2199783894916728; Motor Current: 82.0
[2026-02-17 11:15:52,994] INFO: Time: 4.761932932000036; Command Position: 0.22264221797633849; Output Position: 0.21998763033979263; Motor Current: 82.0
[2026-02-17 11:15:52,995] INFO: Time: 4.762992276000205; Command Position: 0.22264221797633849; Output Position: 0.21998763033979263; Motor Current: 81.0
[2026-02-17 11:15:52,996] INFO: Time: 4.764050786000098; Command Position: 0.22264221797633849; Output Position: 0.21998763033979263; Motor Current: 82.0
[2026-02-17 11:15:52,997] INFO: Time: 4.765110722000145; Command Position: 0.22264221797633849; Output Position: 0.2199783894916728; Motor Current: 83.0
[2026-02-17 11:15:52,998] INFO: Time: 4.766171047000171; Command Position: 0.22264221797633849; Output Position: 0.21998763033979263; Motor Current: 86.0
[2026-02-17 11:15:52,999] INFO: Time: 4.767231428000059; Command Position: 0.22264221797633849; Output Position: 0.2199783894916728; Motor Current: 82.0
[2026-02-17 11:15:53,000] INFO: Time: 4.768290383000021; Command Position: 0.22264221797633849; Output Position: 0.21998763033979263; Motor Current: 84.0
[2026-02-17 11:15:53,001] INFO: Time: 4.769349245000058; Command Position: 0.22264221797633849; Output Position: 0.21998763033979263; Motor Current: 84.0
[2026-02-17 11:15:53,002] INFO: Time: 4.770407996000131; Command Position: 0.22264221797633849; Output Position: 0.2199968711879124; Motor Current: 84.0
[2026-02-17 11:15:53,003] INFO: Time: 4.771466839000141; Command Position: 0.22264221797633849; Output Position: 0.2199783894916728; Motor Current: 84.0
[2026-02-17 11:15:53,004] INFO: Time: 4.77253222000013; Command Position: 0.22264221797633849; Output Position: 0.2199783894916728; Motor Current: 84.0
[2026-02-17 11:15:53,005] INFO: Time: 4.773594527000114; Command Position: 0.22264221797633849; Output Position: 0.2199783894916728; Motor Current: 86.0
[2026-02-17 11:15:53,006] INFO: Time: 4.774654648000023; Command Position: 0.22264221797633849; Output Position: 0.21996914864355302; Motor Current: 86.0
[2026-02-17 11:15:53,007] INFO: Time: 4.775714214000118; Command Position: 0.22264221797633849; Output Position: 0.21998763033979263; Motor Current: 86.0
[2026-02-17 11:15:53,009] INFO: Time: 4.776773798000022; Command Position: 0.22264221797633849; Output Position: 0.2199783894916728; Motor Current: 84.0
[2026-02-17 11:15:53,010] INFO: Time: 4.7778349750001325; Command Position: 0.22264221797633849; Output Position: 0.2199783894916728; Motor Current: 85.0
[2026-02-17 11:15:53,011] INFO: Time: 4.778896745000111; Command Position: 0.22264221797633849; Output Position: 0.2199783894916728; Motor Current: 86.0
[2026-02-17 11:15:53,012] INFO: Time: 4.779956255000116; Command Position: 0.22264221797633849; Output Position: 0.21998763033979263; Motor Current: 84.0
[2026-02-17 11:15:53,013] INFO: Time: 4.781015265000178; Command Position: 0.22264221797633849; Output Position: 0.2199783894916728; Motor Current: 85.0
[2026-02-17 11:15:53,014] INFO: Time: 4.782073905000061; Command Position: 0.22264221797633849; Output Position: 0.21998763033979263; Motor Current: 84.0
[2026-02-17 11:15:53,015] INFO: Time: 4.783141990000104; Command Position: 0.22264221797633849; Output Position: 0.21998763033979263; Motor Current: 82.0
[2026-02-17 11:15:53,016] INFO: Time: 4.784202555000093; Command Position: 0.22264221797633849; Output Position: 0.21998763033979263; Motor Current: 85.0
[2026-02-17 11:15:53,017] INFO: Time: 4.785264232000145; Command Position: 0.22264221797633849; Output Position: 0.21998763033979263; Motor Current: 85.0
[2026-02-17 11:15:53,018] INFO: Time: 4.78632355700006; Command Position: 0.22264221797633849; Output Position: 0.2199783894916728; Motor Current: 85.0
[2026-02-17 11:15:53,019] INFO: Time: 4.787382549000085; Command Position: 0.22264221797633849; Output Position: 0.2199783894916728; Motor Current: 85.0
[2026-02-17 11:15:53,020] INFO: Time: 4.788470782000104; Command Position: 0.22264221797633849; Output Position: 0.21996914864355302; Motor Current: 86.0
[2026-02-17 11:15:53,021] INFO: Time: 4.78951651400007; Command Position: 0.22264221797633849; Output Position: 0.21998763033979263; Motor Current: 89.0
[2026-02-17 11:15:53,022] INFO: Time: 4.7905779130001065; Command Position: 0.22264221797633849; Output Position: 0.2199783894916728; Motor Current: 92.0
[2026-02-17 11:15:53,023] INFO: Time: 4.791639276000069; Command Position: 0.22264221797633849; Output Position: 0.2199783894916728; Motor Current: 92.0
[2026-02-17 11:15:53,024] INFO: Time: 4.792698582000185; Command Position: 0.22264221797633849; Output Position: 0.21998763033979263; Motor Current: 91.0
[2026-02-17 11:15:53,026] INFO: Time: 4.793758333000142; Command Position: 0.22264221797633849; Output Position: 0.2199783894916728; Motor Current: 92.0
[2026-02-17 11:15:53,027] INFO: Time: 4.79481738100003; Command Position: 0.22264221797633849; Output Position: 0.2199783894916728; Motor Current: 91.0
[2026-02-17 11:15:53,028] INFO: Time: 4.795876206000003; Command Position: 0.22264221797633849; Output Position: 0.2199783894916728; Motor Current: 91.0
[2026-02-17 11:15:53,029] INFO: Time: 4.79693873400015; Command Position: 0.22264221797633849; Output Position: 0.2199783894916728; Motor Current: 93.0
[2026-02-17 11:15:53,030] INFO: Time: 4.798001115000034; Command Position: 0.22264221797633849; Output Position: 0.2199783894916728; Motor Current: 92.0
[2026-02-17 11:15:53,031] INFO: Time: 4.799060514000075; Command Position: 0.22264221797633849; Output Position: 0.21996914864355302; Motor Current: 89.0
[2026-02-17 11:15:53,032] INFO: Time: 4.800120099000196; Command Position: 0.22264221797633849; Output Position: 0.21998763033979263; Motor Current: 91.0
[2026-02-17 11:15:53,033] INFO: Time: 4.8011920530000225; Command Position: 0.22264221797633849; Output Position: 0.21998763033979263; Motor Current: 91.0
[2026-02-17 11:15:53,034] INFO: Time: 4.8022511380002015; Command Position: 0.22264221797633849; Output Position: 0.2199783894916728; Motor Current: 85.0
[2026-02-17 11:15:53,035] INFO: Time: 4.803311741000016; Command Position: 0.22264221797633849; Output Position: 0.2199783894916728; Motor Current: 84.0
[2026-02-17 11:15:53,036] INFO: Time: 4.804372232000105; Command Position: 0.22264221797633849; Output Position: 0.21998763033979263; Motor Current: 86.0
[2026-02-17 11:15:53,037] INFO: Time: 4.805431835000036; Command Position: 0.22264221797633849; Output Position: 0.21998763033979263; Motor Current: 86.0
[2026-02-17 11:15:53,038] INFO: Time: 4.80649140100013; Command Position: 0.22264221797633849; Output Position: 0.21996914864355302; Motor Current: 85.0
[2026-02-17 11:15:53,039] INFO: Time: 4.807550282000193; Command Position: 0.22264221797633849; Output Position: 0.2199783894916728; Motor Current: 84.0
[2026-02-17 11:15:53,040] INFO: Time: 4.808609014000012; Command Position: 0.22264221797633849; Output Position: 0.21998763033979263; Motor Current: 85.0
[2026-02-17 11:15:53,041] INFO: Time: 4.809669413000165; Command Position: 0.22264221797633849; Output Position: 0.21996914864355302; Motor Current: 87.0
[2026-02-17 11:15:53,042] INFO: Time: 4.810730035000006; Command Position: 0.22264221797633849; Output Position: 0.21998763033979263; Motor Current: 86.0
[2026-02-17 11:15:53,044] INFO: Time: 4.811789249000185; Command Position: 0.22264221797633849; Output Position: 0.21998763033979263; Motor Current: 87.0
[2026-02-17 11:15:53,045] INFO: Time: 4.812848148000057; Command Position: 0.22264221797633849; Output Position: 0.2199783894916728; Motor Current: 84.0
[2026-02-17 11:15:53,046] INFO: Time: 4.813906936000194; Command Position: 0.22264221797633849; Output Position: 0.2199783894916728; Motor Current: 82.0
[2026-02-17 11:15:53,047] INFO: Time: 4.814965409000024; Command Position: 0.22264221797633849; Output Position: 0.2199783894916728; Motor Current: 82.0
[2026-02-17 11:15:53,048] INFO: Time: 4.816026827000087; Command Position: 0.22264221797633849; Output Position: 0.2199783894916728; Motor Current: 84.0
[2026-02-17 11:15:53,049] INFO: Time: 4.817087856000171; Command Position: 0.22264221797633849; Output Position: 0.21998763033979263; Motor Current: 82.0
[2026-02-17 11:15:53,050] INFO: Time: 4.818145847000096; Command Position: 0.22264221797633849; Output Position: 0.2199783894916728; Motor Current: 80.0
[2026-02-17 11:15:53,051] INFO: Time: 4.819204673000058; Command Position: 0.22264221797633849; Output Position: 0.21998763033979263; Motor Current: 81.0
[2026-02-17 11:15:53,052] INFO: Time: 4.820263183000179; Command Position: 0.22264221797633849; Output Position: 0.21998763033979263; Motor Current: 82.0
[2026-02-17 11:15:53,053] INFO: Time: 4.8213217490001625; Command Position: 0.22264221797633849; Output Position: 0.21998763033979263; Motor Current: 83.0
[2026-02-17 11:15:53,054] INFO: Time: 4.822382185000151; Command Position: 0.22264221797633849; Output Position: 0.2199783894916728; Motor Current: 83.0
[2026-02-17 11:15:53,055] INFO: Time: 4.823442899000156; Command Position: 0.22264221797633849; Output Position: 0.21998763033979263; Motor Current: 80.0
[2026-02-17 11:15:53,056] INFO: Time: 4.82450235400006; Command Position: 0.22264221797633849; Output Position: 0.21996914864355302; Motor Current: 79.0
[2026-02-17 11:15:53,057] INFO: Time: 4.8255612160000965; Command Position: 0.22264221797633849; Output Position: 0.2199783894916728; Motor Current: 82.0
[2026-02-17 11:15:53,058] INFO: Time: 4.826620189000096; Command Position: 0.22264221797633849; Output Position: 0.21998763033979263; Motor Current: 84.0
[2026-02-17 11:15:53,059] INFO: Time: 4.827681644000222; Command Position: 0.22264221797633849; Output Position: 0.21998763033979263; Motor Current: 85.0
[2026-02-17 11:15:53,061] INFO: Time: 4.8287424130001; Command Position: 0.22264221797633849; Output Position: 0.21998763033979263; Motor Current: 85.0
[2026-02-17 11:15:53,062] INFO: Time: 4.829801683000142; Command Position: 0.22264221797633849; Output Position: 0.21998763033979263; Motor Current: 84.0
[2026-02-17 11:15:53,063] INFO: Time: 4.830860471000051; Command Position: 0.22264221797633849; Output Position: 0.21998763033979263; Motor Current: 84.0
[2026-02-17 11:15:53,064] INFO: Time: 4.831919611000103; Command Position: 0.22264221797633849; Output Position: 0.21996914864355302; Motor Current: 84.0
[2026-02-17 11:15:53,065] INFO: Time: 4.832978399000012; Command Position: 0.22264221797633849; Output Position: 0.21998763033979263; Motor Current: 85.0
[2026-02-17 11:15:53,066] INFO: Time: 4.834040446000017; Command Position: 0.22264221797633849; Output Position: 0.21998763033979263; Motor Current: 86.0
[2026-02-17 11:15:53,067] INFO: Time: 4.835104049000165; Command Position: 0.22264221797633849; Output Position: 0.21998763033979263; Motor Current: 86.0
[2026-02-17 11:15:53,068] INFO: Time: 4.836179059000187; Command Position: 0.22264221797633849; Output Position: 0.2199783894916728; Motor Current: 82.0
[2026-02-17 11:15:53,069] INFO: Time: 4.837238644000081; Command Position: 0.22264221797633849; Output Position: 0.21998763033979263; Motor Current: 84.0
[2026-02-17 11:15:53,070] INFO: Time: 4.838297432000218; Command Position: 0.22264221797633849; Output Position: 0.2199968711879124; Motor Current: 86.0
[2026-02-17 11:15:53,071] INFO: Time: 4.8393560900001376; Command Position: 0.22264221797633849; Output Position: 0.21998763033979263; Motor Current: 88.0
[2026-02-17 11:15:53,072] INFO: Time: 4.840416100000084; Command Position: 0.22264221797633849; Output Position: 0.21998763033979263; Motor Current: 87.0
[2026-02-17 11:15:53,073] INFO: Time: 4.841476963000105; Command Position: 0.22264221797633849; Output Position: 0.21996914864355302; Motor Current: 86.0
[2026-02-17 11:15:53,074] INFO: Time: 4.842535973000167; Command Position: 0.22264221797633849; Output Position: 0.21998763033979263; Motor Current: 85.0
[2026-02-17 11:15:53,075] INFO: Time: 4.843594853000013; Command Position: 0.22264221797633849; Output Position: 0.21996914864355302; Motor Current: 87.0
[2026-02-17 11:15:53,076] INFO: Time: 4.844652919000055; Command Position: 0.22264221797633849; Output Position: 0.21998763033979263; Motor Current: 89.0
[2026-02-17 11:15:53,077] INFO: Time: 4.845713652000086; Command Position: 0.22264221797633849; Output Position: 0.21998763033979263; Motor Current: 89.0
[2026-02-17 11:15:53,079] INFO: Time: 4.846774310000001; Command Position: 0.22264221797633849; Output Position: 0.21998763033979263; Motor Current: 89.0
[2026-02-17 11:15:53,080] INFO: Time: 4.847804950000182; Command Position: 0.22264221797633849; Output Position: 0.21996914864355302; Motor Current: 89.0
[2026-02-17 11:15:53,081] INFO: Time: 4.8488638300000275; Command Position: 0.22264221797633849; Output Position: 0.21998763033979263; Motor Current: 88.0
[2026-02-17 11:15:53,082] INFO: Time: 4.849922619000154; Command Position: 0.22264221797633849; Output Position: 0.2199783894916728; Motor Current: 90.0
[2026-02-17 11:15:53,083] INFO: Time: 4.8509809620002216; Command Position: 0.22264221797633849; Output Position: 0.2199968711879124; Motor Current: 89.0
[2026-02-17 11:15:53,084] INFO: Time: 4.852041750000126; Command Position: 0.22264221797633849; Output Position: 0.21998763033979263; Motor Current: 89.0
[2026-02-17 11:15:53,085] INFO: Time: 4.8531030750000355; Command Position: 0.22264221797633849; Output Position: 0.21998763033979263; Motor Current: 85.0
[2026-02-17 11:15:53,086] INFO: Time: 4.854178123000111; Command Position: 0.22264221797633849; Output Position: 0.2199783894916728; Motor Current: 82.0
[2026-02-17 11:15:53,087] INFO: Time: 4.8552372810002; Command Position: 0.22264221797633849; Output Position: 0.2199783894916728; Motor Current: 83.0
[2026-02-17 11:15:53,088] INFO: Time: 4.856296088000136; Command Position: 0.22264221797633849; Output Position: 0.2199783894916728; Motor Current: 83.0
[2026-02-17 11:15:53,089] INFO: Time: 4.857354561000193; Command Position: 0.22264221797633849; Output Position: 0.2199783894916728; Motor Current: 82.0
[2026-02-17 11:15:53,090] INFO: Time: 4.858415830000013; Command Position: 0.22264221797633849; Output Position: 0.2199783894916728; Motor Current: 80.0
[2026-02-17 11:15:53,091] INFO: Time: 4.859477970000171; Command Position: 0.22264221797633849; Output Position: 0.21998763033979263; Motor Current: 79.0
[2026-02-17 11:15:53,092] INFO: Time: 4.86053822100007; Command Position: 0.22264221797633849; Output Position: 0.2199783894916728; Motor Current: 81.0
[2026-02-17 11:15:53,093] INFO: Time: 4.861601250000149; Command Position: 0.22264221797633849; Output Position: 0.21998763033979263; Motor Current: 82.0
[2026-02-17 11:15:53,094] INFO: Time: 4.862663057000191; Command Position: 0.22264221797633849; Output Position: 0.21998763033979263; Motor Current: 83.0
[2026-02-17 11:15:53,096] INFO: Time: 4.863729067000122; Command Position: 0.22264221797633849; Output Position: 0.21996914864355302; Motor Current: 83.0
[2026-02-17 11:15:53,097] INFO: Time: 4.864793133000148; Command Position: 0.22264221797633849; Output Position: 0.21998763033979263; Motor Current: 83.0
[2026-02-17 11:15:53,098] INFO: Time: 4.865854680000211; Command Position: 0.22264221797633849; Output Position: 0.21998763033979263; Motor Current: 82.0
[2026-02-17 11:15:53,099] INFO: Time: 4.866918598000211; Command Position: 0.22264221797633849; Output Position: 0.2199783894916728; Motor Current: 83.0
[2026-02-17 11:15:53,100] INFO: Time: 4.867982257000222; Command Position: 0.22264221797633849; Output Position: 0.2199783894916728; Motor Current: 82.0
[2026-02-17 11:15:53,101] INFO: Time: 4.869044600000052; Command Position: 0.22264221797633849; Output Position: 0.21998763033979263; Motor Current: 81.0
[2026-02-17 11:15:53,102] INFO: Time: 4.8701113700001315; Command Position: 0.22264221797633849; Output Position: 0.21998763033979263; Motor Current: 84.0
[2026-02-17 11:15:53,103] INFO: Time: 4.871174195000094; Command Position: 0.22264221797633849; Output Position: 0.21998763033979263; Motor Current: 85.0
[2026-02-17 11:15:53,104] INFO: Time: 4.872457022000162; Command Position: 0.22264221797633849; Output Position: 0.2199783894916728; Motor Current: 85.0
[2026-02-17 11:15:53,105] INFO: Time: 4.873517273000061; Command Position: 0.22264221797633849; Output Position: 0.21996914864355302; Motor Current: 83.0
[2026-02-17 11:15:53,106] INFO: Time: 4.8745780060000925; Command Position: 0.22264221797633849; Output Position: 0.21998763033979263; Motor Current: 83.0
[2026-02-17 11:15:53,107] INFO: Time: 4.875639331000002; Command Position: 0.22264221797633849; Output Position: 0.2199783894916728; Motor Current: 85.0
[2026-02-17 11:15:53,108] INFO: Time: 4.876700174000007; Command Position: 0.22264221797633849; Output Position: 0.21998763033979263; Motor Current: 86.0
[2026-02-17 11:15:53,110] INFO: Time: 4.877760111000043; Command Position: 0.22264221797633849; Output Position: 0.21995990779543326; Motor Current: 87.0
[2026-02-17 11:15:53,111] INFO: Time: 4.878819325000222; Command Position: 0.22264221797633849; Output Position: 0.2199783894916728; Motor Current: 87.0
[2026-02-17 11:15:53,112] INFO: Time: 4.87987857600001; Command Position: 0.22264221797633849; Output Position: 0.2199783894916728; Motor Current: 88.0
[2026-02-17 11:15:53,113] INFO: Time: 4.880937549000009; Command Position: 0.22264221797633849; Output Position: 0.21998763033979263; Motor Current: 87.0
[2026-02-17 11:15:53,114] INFO: Time: 4.881998948000046; Command Position: 0.22264221797633849; Output Position: 0.2199783894916728; Motor Current: 88.0
[2026-02-17 11:15:53,115] INFO: Time: 4.883060440000008; Command Position: 0.22264221797633849; Output Position: 0.21998763033979263; Motor Current: 84.0
[2026-02-17 11:15:53,116] INFO: Time: 4.884120876000225; Command Position: 0.22264221797633849; Output Position: 0.2199783894916728; Motor Current: 85.0
[2026-02-17 11:15:53,117] INFO: Time: 4.885180479000155; Command Position: 0.22264221797633849; Output Position: 0.21998763033979263; Motor Current: 86.0
[2026-02-17 11:15:53,118] INFO: Time: 4.886239137000075; Command Position: 0.22264221797633849; Output Position: 0.2199783894916728; Motor Current: 82.0
[2026-02-17 11:15:53,119] INFO: Time: 4.887297592000095; Command Position: 0.22264221797633849; Output Position: 0.21998763033979263; Motor Current: 80.0
[2026-02-17 11:15:53,120] INFO: Time: 4.888358454000127; Command Position: 0.22264221797633849; Output Position: 0.2199783894916728; Motor Current: 83.0
[2026-02-17 11:15:53,121] INFO: Time: 4.889419353000221; Command Position: 0.22264221797633849; Output Position: 0.2199783894916728; Motor Current: 84.0
[2026-02-17 11:15:53,122] INFO: Time: 4.890478845000189; Command Position: 0.22264221797633849; Output Position: 0.2199783894916728; Motor Current: 87.0
[2026-02-17 11:15:53,123] INFO: Time: 4.891537706999998; Command Position: 0.22264221797633849; Output Position: 0.21998763033979263; Motor Current: 87.0
[2026-02-17 11:15:53,124] INFO: Time: 4.892596125000182; Command Position: 0.22264221797633849; Output Position: 0.21996914864355302; Motor Current: 84.0
[2026-02-17 11:15:53,125] INFO: Time: 4.8936544680000225; Command Position: 0.22264221797633849; Output Position: 0.2199783894916728; Motor Current: 84.0
[2026-02-17 11:15:53,126] INFO: Time: 4.894714923000038; Command Position: 0.22264221797633849; Output Position: 0.2199968711879124; Motor Current: 84.0
[2026-02-17 11:15:53,128] INFO: Time: 4.895775248000064; Command Position: 0.22264221797633849; Output Position: 0.21998763033979263; Motor Current: 83.0
[2026-02-17 11:15:53,129] INFO: Time: 4.896834425000179; Command Position: 0.22264221797633849; Output Position: 0.21998763033979263; Motor Current: 82.0
[2026-02-17 11:15:53,130] INFO: Time: 4.8978931950000515; Command Position: 0.22264221797633849; Output Position: 0.2199783894916728; Motor Current: 83.0
[2026-02-17 11:15:53,131] INFO: Time: 4.898952390000204; Command Position: 0.22264221797633849; Output Position: 0.2199783894916728; Motor Current: 84.0
[2026-02-17 11:15:53,132] INFO: Time: 4.90001106700015; Command Position: 0.22264221797633849; Output Position: 0.21998763033979263; Motor Current: 83.0
[2026-02-17 11:15:53,133] INFO: Time: 4.901070540000092; Command Position: 0.22264221797633849; Output Position: 0.21998763033979263; Motor Current: 84.0
[2026-02-17 11:15:53,134] INFO: Time: 4.902149773000019; Command Position: 0.22264221797633849; Output Position: 0.2199968711879124; Motor Current: 83.0
[2026-02-17 11:15:53,135] INFO: Time: 4.903208746000018; Command Position: 0.22264221797633849; Output Position: 0.21998763033979263; Motor Current: 84.0
[2026-02-17 11:15:53,136] INFO: Time: 4.904353813000171; Command Position: 0.22264221797633849; Output Position: 0.21998763033979263; Motor Current: 84.0
[2026-02-17 11:15:53,137] INFO: Time: 4.905412675000207; Command Position: 0.22264221797633849; Output Position: 0.2199783894916728; Motor Current: 86.0
[2026-02-17 11:15:53,138] INFO: Time: 4.90647264800009; Command Position: 0.22264221797633849; Output Position: 0.21998763033979263; Motor Current: 86.0
[2026-02-17 11:15:53,139] INFO: Time: 4.907534103000216; Command Position: 0.22264221797633849; Output Position: 0.2199783894916728; Motor Current: 85.0
[2026-02-17 11:15:53,140] INFO: Time: 4.908594928000184; Command Position: 0.22264221797633849; Output Position: 0.21996914864355302; Motor Current: 85.0
[2026-02-17 11:15:53,141] INFO: Time: 4.909654124000099; Command Position: 0.22264221797633849; Output Position: 0.2199783894916728; Motor Current: 85.0
[2026-02-17 11:15:53,142] INFO: Time: 4.9107132630001615; Command Position: 0.22264221797633849; Output Position: 0.2199783894916728; Motor Current: 84.0
[2026-02-17 11:15:53,144] INFO: Time: 4.911772292000023; Command Position: 0.22264221797633849; Output Position: 0.2199783894916728; Motor Current: 85.0
[2026-02-17 11:15:53,145] INFO: Time: 4.912832691000176; Command Position: 0.22264221797633849; Output Position: 0.21998763033979263; Motor Current: 87.0
[2026-02-17 11:15:53,146] INFO: Time: 4.913892702000112; Command Position: 0.22264221797633849; Output Position: 0.2199783894916728; Motor Current: 86.0
[2026-02-17 11:15:53,147] INFO: Time: 4.914951619000021; Command Position: 0.22264221797633849; Output Position: 0.2199783894916728; Motor Current: 86.0
[2026-02-17 11:15:53,148] INFO: Time: 4.916010296000195; Command Position: 0.22264221797633849; Output Position: 0.2199968711879124; Motor Current: 83.0
[2026-02-17 11:15:53,149] INFO: Time: 4.917068140000083; Command Position: 0.22264221797633849; Output Position: 0.21998763033979263; Motor Current: 82.0
[2026-02-17 11:15:53,150] INFO: Time: 4.918126780000193; Command Position: 0.22264221797633849; Output Position: 0.2199783894916728; Motor Current: 82.0
[2026-02-17 11:15:53,151] INFO: Time: 4.919188049000013; Command Position: 0.22264221797633849; Output Position: 0.2199783894916728; Motor Current: 82.0
[2026-02-17 11:15:53,152] INFO: Time: 4.920258893000209; Command Position: 0.22264221797633849; Output Position: 0.2199783894916728; Motor Current: 80.0
[2026-02-17 11:15:53,153] INFO: Time: 4.921318051000071; Command Position: 0.22264221797633849; Output Position: 0.2199968711879124; Motor Current: 80.0
[2026-02-17 11:15:53,154] INFO: Time: 4.922377043000097; Command Position: 0.22264221797633849; Output Position: 0.21998763033979263; Motor Current: 81.0
[2026-02-17 11:15:53,155] INFO: Time: 4.923435831000006; Command Position: 0.22264221797633849; Output Position: 0.2199783894916728; Motor Current: 81.0
[2026-02-17 11:15:53,156] INFO: Time: 4.924498842000048; Command Position: 0.22264221797633849; Output Position: 0.2199783894916728; Motor Current: 80.0
[2026-02-17 11:15:53,157] INFO: Time: 4.925560444000212; Command Position: 0.22264221797633849; Output Position: 0.21998763033979263; Motor Current: 81.0
[2026-02-17 11:15:53,158] INFO: Time: 4.9266211950000525; Command Position: 0.22264221797633849; Output Position: 0.21998763033979263; Motor Current: 83.0
[2026-02-17 11:15:53,159] INFO: Time: 4.927680909000173; Command Position: 0.22264221797633849; Output Position: 0.21996914864355302; Motor Current: 82.0
[2026-02-17 11:15:53,161] INFO: Time: 4.928746994000221; Command Position: 0.22264221797633849; Output Position: 0.21998763033979263; Motor Current: 83.0
[2026-02-17 11:15:53,162] INFO: Time: 4.929809930000147; Command Position: 0.22264221797633849; Output Position: 0.2199783894916728; Motor Current: 83.0
[2026-02-17 11:15:53,163] INFO: Time: 4.930871663000062; Command Position: 0.22264221797633849; Output Position: 0.2199968711879124; Motor Current: 82.0
[2026-02-17 11:15:53,164] INFO: Time: 4.931933117000199; Command Position: 0.22264221797633849; Output Position: 0.21996914864355302; Motor Current: 85.0
[2026-02-17 11:15:53,165] INFO: Time: 4.932992757000193; Command Position: 0.22264221797633849; Output Position: 0.2199783894916728; Motor Current: 84.0
[2026-02-17 11:15:53,166] INFO: Time: 4.934050953000224; Command Position: 0.22264221797633849; Output Position: 0.2199783894916728; Motor Current: 86.0
[2026-02-17 11:15:53,167] INFO: Time: 4.9351099440000326; Command Position: 0.22264221797633849; Output Position: 0.2199783894916728; Motor Current: 86.0
[2026-02-17 11:15:53,168] INFO: Time: 4.936168510000016; Command Position: 0.22264221797633849; Output Position: 0.21998763033979263; Motor Current: 84.0
[2026-02-17 11:15:53,169] INFO: Time: 4.937243132000049; Command Position: 0.22264221797633849; Output Position: 0.21998763033979263; Motor Current: 84.0
[2026-02-17 11:15:53,170] INFO: Time: 4.938303364000149; Command Position: 0.22264221797633849; Output Position: 0.21998763033979263; Motor Current: 85.0
[2026-02-17 11:15:53,171] INFO: Time: 4.939362819000053; Command Position: 0.22264221797633849; Output Position: 0.2199783894916728; Motor Current: 85.0
[2026-02-17 11:15:53,172] INFO: Time: 4.940421570000126; Command Position: 0.22264221797633849; Output Position: 0.21998763033979263; Motor Current: 86.0
[2026-02-17 11:15:53,173] INFO: Time: 4.941479969000056; Command Position: 0.22264221797633849; Output Position: 0.2199783894916728; Motor Current: 86.0
[2026-02-17 11:15:53,174] INFO: Time: 4.942538646000003; Command Position: 0.22264221797633849; Output Position: 0.21998763033979263; Motor Current: 84.0
[2026-02-17 11:15:53,175] INFO: Time: 4.9435990450001555; Command Position: 0.22264221797633849; Output Position: 0.21998763033979263; Motor Current: 86.0
[2026-02-17 11:15:53,176] INFO: Time: 4.944659556000033; Command Position: 0.22264221797633849; Output Position: 0.21998763033979263; Motor Current: 85.0
[2026-02-17 11:15:53,177] INFO: Time: 4.945718714000122; Command Position: 0.22264221797633849; Output Position: 0.2199783894916728; Motor Current: 86.0
[2026-02-17 11:15:53,179] INFO: Time: 4.946777613000222; Command Position: 0.22264221797633849; Output Position: 0.2199783894916728; Motor Current: 85.0
[2026-02-17 11:15:53,180] INFO: Time: 4.947836253000105; Command Position: 0.22264221797633849; Output Position: 0.21995990779543326; Motor Current: 84.0
[2026-02-17 11:15:53,181] INFO: Time: 4.948894911000025; Command Position: 0.22264221797633849; Output Position: 0.21998763033979263; Motor Current: 86.0
[2026-02-17 11:15:53,182] INFO: Time: 4.9499558850000085; Command Position: 0.22264221797633849; Output Position: 0.2199783894916728; Motor Current: 84.0
[2026-02-17 11:15:53,183] INFO: Time: 4.951017728000124; Command Position: 0.22264221797633849; Output Position: 0.21998763033979263; Motor Current: 85.0
[2026-02-17 11:15:53,184] INFO: Time: 4.952077794000161; Command Position: 0.22264221797633849; Output Position: 0.21998763033979263; Motor Current: 83.0
[2026-02-17 11:15:53,185] INFO: Time: 4.953138008000224; Command Position: 0.22264221797633849; Output Position: 0.2199783894916728; Motor Current: 83.0
[2026-02-17 11:15:53,186] INFO: Time: 4.954196796000133; Command Position: 0.22264221797633849; Output Position: 0.2199783894916728; Motor Current: 82.0
[2026-02-17 11:15:53,187] INFO: Time: 4.955255529000169; Command Position: 0.22264221797633849; Output Position: 0.21998763033979263; Motor Current: 82.0
[2026-02-17 11:15:53,188] INFO: Time: 4.956317465000211; Command Position: 0.22264221797633849; Output Position: 0.2199783894916728; Motor Current: 80.0
[2026-02-17 11:15:53,189] INFO: Time: 4.957378438000205; Command Position: 0.22264221797633849; Output Position: 0.2199783894916728; Motor Current: 80.0
[2026-02-17 11:15:53,190] INFO: Time: 4.958438078000199; Command Position: 0.22264221797633849; Output Position: 0.2199783894916728; Motor Current: 81.0
[2026-02-17 11:15:53,191] INFO: Time: 4.9594974400001774; Command Position: 0.22264221797633849; Output Position: 0.2199783894916728; Motor Current: 83.0
[2026-02-17 11:15:53,192] INFO: Time: 4.960556321000013; Command Position: 0.22264221797633849; Output Position: 0.21998763033979263; Motor Current: 86.0
[2026-02-17 11:15:53,193] INFO: Time: 4.961615072000086; Command Position: 0.22264221797633849; Output Position: 0.21998763033979263; Motor Current: 82.0
[2026-02-17 11:15:53,194] INFO: Time: 4.962675712000191; Command Position: 0.22264221797633849; Output Position: 0.2199783894916728; Motor Current: 83.0
[2026-02-17 11:15:53,196] INFO: Time: 4.963737444000117; Command Position: 0.22264221797633849; Output Position: 0.2199783894916728; Motor Current: 83.0
[2026-02-17 11:15:53,197] INFO: Time: 4.964796769000031; Command Position: 0.22264221797633849; Output Position: 0.21998763033979263; Motor Current: 83.0
[2026-02-17 11:15:53,198] INFO: Time: 4.9658559650001735; Command Position: 0.22264221797633849; Output Position: 0.2199783894916728; Motor Current: 85.0
[2026-02-17 11:15:53,199] INFO: Time: 4.966914975000009; Command Position: 0.22264221797633849; Output Position: 0.21996914864355302; Motor Current: 85.0
[2026-02-17 11:15:53,200] INFO: Time: 4.967973819000008; Command Position: 0.22264221797633849; Output Position: 0.21998763033979263; Motor Current: 83.0
[2026-02-17 11:15:53,201] INFO: Time: 4.969036422000045; Command Position: 0.22264221797633849; Output Position: 0.2199783894916728; Motor Current: 82.0
[2026-02-17 11:15:53,202] INFO: Time: 4.970098284000187; Command Position: 0.22264221797633849; Output Position: 0.21998763033979263; Motor Current: 83.0
[2026-02-17 11:15:53,203] INFO: Time: 4.971157090000133; Command Position: 0.22264221797633849; Output Position: 0.2199783894916728; Motor Current: 84.0
[2026-02-17 11:15:53,204] INFO: Time: 4.972216360000175; Command Position: 0.22264221797633849; Output Position: 0.2199783894916728; Motor Current: 85.0
[2026-02-17 11:15:53,205] INFO: Time: 4.973289648000218; Command Position: 0.22264221797633849; Output Position: 0.21998763033979263; Motor Current: 82.0
[2026-02-17 11:15:53,206] INFO: Time: 4.974348288000101; Command Position: 0.22264221797633849; Output Position: 0.2199783894916728; Motor Current: 84.0
[2026-02-17 11:15:53,207] INFO: Time: 4.9754099830001906; Command Position: 0.22264221797633849; Output Position: 0.21998763033979263; Motor Current: 81.0
[2026-02-17 11:15:53,208] INFO: Time: 4.97647136400019; Command Position: 0.22264221797633849; Output Position: 0.21996914864355302; Motor Current: 84.0
[2026-02-17 11:15:53,209] INFO: Time: 4.977531059000057; Command Position: 0.22264221797633849; Output Position: 0.21998763033979263; Motor Current: 82.0
[2026-02-17 11:15:53,210] INFO: Time: 4.978590144000009; Command Position: 0.22264221797633849; Output Position: 0.2199783894916728; Motor Current: 84.0
[2026-02-17 11:15:53,211] INFO: Time: 4.97964883900022; Command Position: 0.22264221797633849; Output Position: 0.2199783894916728; Motor Current: 85.0
[2026-02-17 11:15:53,212] INFO: Time: 4.980709627000124; Command Position: 0.22264221797633849; Output Position: 0.2199783894916728; Motor Current: 85.0
[2026-02-17 11:15:53,214] INFO: Time: 4.981770341000129; Command Position: 0.22264221797633849; Output Position: 0.21998763033979263; Motor Current: 85.0
[2026-02-17 11:15:53,215] INFO: Time: 4.982829481000181; Command Position: 0.22264221797633849; Output Position: 0.2199783894916728; Motor Current: 82.0
[2026-02-17 11:15:53,216] INFO: Time: 4.983888214000217; Command Position: 0.22264221797633849; Output Position: 0.2199783894916728; Motor Current: 83.0
[2026-02-17 11:15:53,217] INFO: Time: 4.984946872000137; Command Position: 0.22264221797633849; Output Position: 0.2199783894916728; Motor Current: 85.0
[2026-02-17 11:15:53,218] INFO: Time: 4.986005493000221; Command Position: 0.22264221797633849; Output Position: 0.2199783894916728; Motor Current: 84.0
[2026-02-17 11:15:53,219] INFO: Time: 4.987068559000136; Command Position: 0.22264221797633849; Output Position: 0.21998763033979263; Motor Current: 83.0
[2026-02-17 11:15:53,220] INFO: Time: 4.988150329000064; Command Position: 0.22264221797633849; Output Position: 0.21998763033979263; Motor Current: 83.0
[2026-02-17 11:15:53,221] INFO: Time: 4.989210062000211; Command Position: 0.22264221797633849; Output Position: 0.21998763033979263; Motor Current: 86.0
[2026-02-17 11:15:53,222] INFO: Time: 4.990269016000184; Command Position: 0.22264221797633849; Output Position: 0.21996914864355302; Motor Current: 86.0
[2026-02-17 11:15:53,223] INFO: Time: 4.991327990000173; Command Position: 0.22264221797633849; Output Position: 0.21998763033979263; Motor Current: 85.0
[2026-02-17 11:15:53,224] INFO: Time: 4.992386722000219; Command Position: 0.22264221797633849; Output Position: 0.21996914864355302; Motor Current: 84.0
[2026-02-17 11:15:53,225] INFO: Time: 4.993448695000097; Command Position: 0.22264221797633849; Output Position: 0.2199783894916728; Motor Current: 84.0
[2026-02-17 11:15:53,227] INFO: Time: 4.994710393000105; Command Position: 0.22264221797633849; Output Position: 0.21998763033979263; Motor Current: 83.0
[2026-02-17 11:15:53,228] INFO: Time: 4.995772199000157; Command Position: 0.22264221797633849; Output Position: 0.2199783894916728; Motor Current: 83.0
[2026-02-17 11:15:53,229] INFO: Time: 4.996834673000194; Command Position: 0.22264221797633849; Output Position: 0.2199783894916728; Motor Current: 83.0
[2026-02-17 11:15:53,230] INFO: Time: 4.9978948120001405; Command Position: 0.22264221797633849; Output Position: 0.21998763033979263; Motor Current: 84.0
[2026-02-17 11:15:53,231] INFO: Time: 4.998956249000003; Command Position: 0.22264221797633849; Output Position: 0.2199783894916728; Motor Current: 84.0
[2026-02-17 11:15:53,232] INFO: Time: 5.000018018000219; Command Position: 0.22264221797633849; Output Position: 0.21998763033979263; Motor Current: 84.0
[2026-02-17 11:15:53,233] INFO: Time: 5.001077454000097; Command Position: 0.22264221797633849; Output Position: 0.2199783894916728; Motor Current: 83.0
[2026-02-17 11:15:53,234] INFO: Time: 5.002151520000098; Command Position: 0.22264221797633849; Output Position: 0.21998763033979263; Motor Current: 80.0
[2026-02-17 11:15:53,235] INFO: Time: 5.003209512000012; Command Position: 0.22264221797633849; Output Position: 0.2199783894916728; Motor Current: 82.0
[2026-02-17 11:15:53,236] INFO: Time: 5.004268300000149; Command Position: 0.22264221797633849; Output Position: 0.2199783894916728; Motor Current: 81.0
[2026-02-17 11:15:53,237] INFO: Time: 5.00532897700009; Command Position: 0.22264221797633849; Output Position: 0.21996914864355302; Motor Current: 82.0
[2026-02-17 11:15:53,238] INFO: Time: 5.006390376000127; Command Position: 0.22264221797633849; Output Position: 0.2199968711879124; Motor Current: 82.0
[2026-02-17 11:15:53,239] INFO: Time: 5.007449627000142; Command Position: 0.22264221797633849; Output Position: 0.21998763033979263; Motor Current: 80.0
[2026-02-17 11:15:53,240] INFO: Time: 5.008508489000178; Command Position: 0.22264221797633849; Output Position: 0.21998763033979263; Motor Current: 81.0
[2026-02-17 11:15:53,241] INFO: Time: 5.009567740000193; Command Position: 0.22264221797633849; Output Position: 0.21998763033979263; Motor Current: 82.0
[2026-02-17 11:15:53,242] INFO: Time: 5.0106266210000285; Command Position: 0.22264221797633849; Output Position: 0.21998763033979263; Motor Current: 79.0
[2026-02-17 11:15:53,243] INFO: Time: 5.011687520000123; Command Position: 0.22264221797633849; Output Position: 0.21998763033979263; Motor Current: 79.0
[2026-02-17 11:15:53,245] INFO: Time: 5.0127513640002235; Command Position: 0.22264221797633849; Output Position: 0.21998763033979263; Motor Current: 80.0
[2026-02-17 11:15:53,246] INFO: Time: 5.013811282000006; Command Position: 0.22264221797633849; Output Position: 0.21996914864355302; Motor Current: 80.0
[2026-02-17 11:15:53,247] INFO: Time: 5.014878051000096; Command Position: 0.22264221797633849; Output Position: 0.2199783894916728; Motor Current: 79.0
[2026-02-17 11:15:53,248] INFO: Time: 5.0159652840000035; Command Position: 0.22264221797633849; Output Position: 0.2199968711879124; Motor Current: 83.0
[2026-02-17 11:15:53,249] INFO: Time: 5.017025442000204; Command Position: 0.22264221797633849; Output Position: 0.2199783894916728; Motor Current: 83.0
[2026-02-17 11:15:53,250] INFO: Time: 5.018090693000204; Command Position: 0.22264221797633849; Output Position: 0.21996914864355302; Motor Current: 83.0
[2026-02-17 11:15:53,251] INFO: Time: 5.0191682590000255; Command Position: 0.22264221797633849; Output Position: 0.2199783894916728; Motor Current: 82.0
[2026-02-17 11:15:53,252] INFO: Time: 5.020228140000199; Command Position: 0.22264221797633849; Output Position: 0.21998763033979263; Motor Current: 84.0
[2026-02-17 11:15:53,253] INFO: Time: 5.0212874840001405; Command Position: 0.22264221797633849; Output Position: 0.21998763033979263; Motor Current: 83.0
[2026-02-17 11:15:53,254] INFO: Time: 5.022346735000156; Command Position: 0.22264221797633849; Output Position: 0.21998763033979263; Motor Current: 83.0
[2026-02-17 11:15:53,255] INFO: Time: 5.023406541000213; Command Position: 0.22264221797633849; Output Position: 0.21998763033979263; Motor Current: 81.0
[2026-02-17 11:15:53,256] INFO: Time: 5.024470181000197; Command Position: 0.22264221797633849; Output Position: 0.21996914864355302; Motor Current: 79.0
[2026-02-17 11:15:53,257] INFO: Time: 5.025530599000149; Command Position: 0.22264221797633849; Output Position: 0.21998763033979263; Motor Current: 82.0
[2026-02-17 11:15:53,258] INFO: Time: 5.026592109000148; Command Position: 0.22264221797633849; Output Position: 0.21996914864355302; Motor Current: 80.0
[2026-02-17 11:15:53,259] INFO: Time: 5.027652619000037; Command Position: 0.22264221797633849; Output Position: 0.21998763033979263; Motor Current: 80.0
[2026-02-17 11:15:53,261] INFO: Time: 5.028715611000052; Command Position: 0.22264221797633849; Output Position: 0.2199968711879124; Motor Current: 80.0
[2026-02-17 11:15:53,262] INFO: Time: 5.029778028999999; Command Position: 0.22264221797633849; Output Position: 0.21998763033979263; Motor Current: 81.0
[2026-02-17 11:15:53,263] INFO: Time: 5.030841187000078; Command Position: 0.22264221797633849; Output Position: 0.2199783894916728; Motor Current: 82.0
[2026-02-17 11:15:53,264] INFO: Time: 5.031900975000099; Command Position: 0.22264221797633849; Output Position: 0.2199783894916728; Motor Current: 83.0
[2026-02-17 11:15:53,265] INFO: Time: 5.032960226000114; Command Position: 0.22264221797633849; Output Position: 0.2199783894916728; Motor Current: 83.0
[2026-02-17 11:15:53,266] INFO: Time: 5.0340193110000655; Command Position: 0.22264221797633849; Output Position: 0.21996914864355302; Motor Current: 83.0
[2026-02-17 11:15:53,267] INFO: Time: 5.035078303000091; Command Position: 0.22264221797633849; Output Position: 0.21998763033979263; Motor Current: 85.0
[2026-02-17 11:15:53,268] INFO: Time: 5.036159239000199; Command Position: 0.22264221797633849; Output Position: 0.2199783894916728; Motor Current: 84.0
[2026-02-17 11:15:53,269] INFO: Time: 5.037219638000124; Command Position: 0.22264221797633849; Output Position: 0.21998763033979263; Motor Current: 86.0
[2026-02-17 11:15:53,270] INFO: Time: 5.038289815000098; Command Position: 0.22264221797633849; Output Position: 0.2199783894916728; Motor Current: 88.0
[2026-02-17 11:15:53,271] INFO: Time: 5.0393523810000715; Command Position: 0.22264221797633849; Output Position: 0.21998763033979263; Motor Current: 89.0
[2026-02-17 11:15:53,272] INFO: Time: 5.04041428000005; Command Position: 0.22264221797633849; Output Position: 0.2199783894916728; Motor Current: 89.0
[2026-02-17 11:15:53,273] INFO: Time: 5.041474309000023; Command Position: 0.22264221797633849; Output Position: 0.2199783894916728; Motor Current: 85.0
[2026-02-17 11:15:53,274] INFO: Time: 5.042534597000213; Command Position: 0.22264221797633849; Output Position: 0.2199783894916728; Motor Current: 84.0
[2026-02-17 11:15:53,275] INFO: Time: 5.043595181000001; Command Position: 0.22264221797633849; Output Position: 0.2199783894916728; Motor Current: 83.0
[2026-02-17 11:15:53,276] INFO: Time: 5.044654303000016; Command Position: 0.22264221797633849; Output Position: 0.21998763033979263; Motor Current: 85.0
[2026-02-17 11:15:53,277] INFO: Time: 5.045713128000216; Command Position: 0.22264221797633849; Output Position: 0.2199783894916728; Motor Current: 86.0
[2026-02-17 11:15:53,279] INFO: Time: 5.046771841999998; Command Position: 0.22264221797633849; Output Position: 0.2199783894916728; Motor Current: 87.0
[2026-02-17 11:15:53,280] INFO: Time: 5.047806482000169; Command Position: 0.22264221797633849; Output Position: 0.21998763033979263; Motor Current: 84.0
[2026-02-17 11:15:53,281] INFO: Time: 5.048866640000142; Command Position: 0.22264221797633849; Output Position: 0.2199783894916728; Motor Current: 83.0
[2026-02-17 11:15:53,282] INFO: Time: 5.049925539000014; Command Position: 0.22264221797633849; Output Position: 0.21998763033979263; Motor Current: 83.0
[2026-02-17 11:15:53,283] INFO: Time: 5.050984086000199; Command Position: 0.22264221797633849; Output Position: 0.2199783894916728; Motor Current: 84.0
[2026-02-17 11:15:53,284] INFO: Time: 5.052042967000034; Command Position: 0.22264221797633849; Output Position: 0.2199783894916728; Motor Current: 84.0
[2026-02-17 11:15:53,285] INFO: Time: 5.053101644000208; Command Position: 0.22264221797633849; Output Position: 0.2199783894916728; Motor Current: 83.0
[2026-02-17 11:15:53,286] INFO: Time: 5.05416339500016; Command Position: 0.22264221797633849; Output Position: 0.21996914864355302; Motor Current: 82.0
[2026-02-17 11:15:53,287] INFO: Time: 5.055223961000138; Command Position: 0.22264221797633849; Output Position: 0.21996914864355302; Motor Current: 82.0
[2026-02-17 11:15:53,288] INFO: Time: 5.0562829160001; Command Position: 0.22264221797633849; Output Position: 0.21996914864355302; Motor Current: 82.0
[2026-02-17 11:15:53,289] INFO: Time: 5.057357315000218; Command Position: 0.22264221797633849; Output Position: 0.2199783894916728; Motor Current: 83.0
[2026-02-17 11:15:53,290] INFO: Time: 5.0584157510002115; Command Position: 0.22264221797633849; Output Position: 0.21998763033979263; Motor Current: 83.0
[2026-02-17 11:15:53,291] INFO: Time: 5.059474261000105; Command Position: 0.22264221797633849; Output Position: 0.21998763033979263; Motor Current: 86.0
[2026-02-17 11:15:53,292] INFO: Time: 5.0605390680000255; Command Position: 0.22264221797633849; Output Position: 0.21996914864355302; Motor Current: 83.0
[2026-02-17 11:15:53,293] INFO: Time: 5.061601782000025; Command Position: 0.22264221797633849; Output Position: 0.2199968711879124; Motor Current: 82.0
[2026-02-17 11:15:53,294] INFO: Time: 5.062660811000114; Command Position: 0.22264221797633849; Output Position: 0.21998763033979263; Motor Current: 83.0
[2026-02-17 11:15:53,295] INFO: Time: 5.063719691000188; Command Position: 0.22264221797633849; Output Position: 0.2199783894916728; Motor Current: 85.0
[2026-02-17 11:15:53,297] INFO: Time: 5.064778924000166; Command Position: 0.22264221797633849; Output Position: 0.2199783894916728; Motor Current: 83.0
[2026-02-17 11:15:53,298] INFO: Time: 5.065837545000022; Command Position: 0.22264221797633849; Output Position: 0.2199783894916728; Motor Current: 85.0
[2026-02-17 11:15:53,299] INFO: Time: 5.066898926000022; Command Position: 0.22264221797633849; Output Position: 0.21998763033979263; Motor Current: 86.0
[2026-02-17 11:15:53,300] INFO: Time: 5.067960325000058; Command Position: 0.22264221797633849; Output Position: 0.2199783894916728; Motor Current: 84.0
[2026-02-17 11:15:53,301] INFO: Time: 5.069018058000211; Command Position: 0.22264221797633849; Output Position: 0.2199783894916728; Motor Current: 84.0
[2026-02-17 11:15:53,302] INFO: Time: 5.0700767160001305; Command Position: 0.22264221797633849; Output Position: 0.21996914864355302; Motor Current: 84.0
[2026-02-17 11:15:53,303] INFO: Time: 5.071152430000211; Command Position: 0.22264221797633849; Output Position: 0.2199783894916728; Motor Current: 88.0
[2026-02-17 11:15:53,304] INFO: Time: 5.072211422000009; Command Position: 0.22264221797633849; Output Position: 0.2199783894916728; Motor Current: 88.0
[2026-02-17 11:15:53,305] INFO: Time: 5.073274821000041; Command Position: 0.22264221797633849; Output Position: 0.2199783894916728; Motor Current: 88.0
[2026-02-17 11:15:53,306] INFO: Time: 5.074335961000088; Command Position: 0.22264221797633849; Output Position: 0.2199783894916728; Motor Current: 86.0
[2026-02-17 11:15:53,307] INFO: Time: 5.0753957310000715; Command Position: 0.22264221797633849; Output Position: 0.21996914864355302; Motor Current: 86.0
[2026-02-17 11:15:53,308] INFO: Time: 5.076454889000161; Command Position: 0.22264221797633849; Output Position: 0.21996914864355302; Motor Current: 86.0
[2026-02-17 11:15:53,309] INFO: Time: 5.077670401000205; Command Position: 0.22264221797633849; Output Position: 0.21998763033979263; Motor Current: 88.0
[2026-02-17 11:15:53,311] INFO: Time: 5.078738356000031; Command Position: 0.22264221797633849; Output Position: 0.21998763033979263; Motor Current: 87.0
[2026-02-17 11:15:53,312] INFO: Time: 5.079807088000052; Command Position: 0.22264221797633849; Output Position: 0.2199783894916728; Motor Current: 83.0
[2026-02-17 11:15:53,313] INFO: Time: 5.0808693210001366; Command Position: 0.22264221797633849; Output Position: 0.2199783894916728; Motor Current: 82.0
[2026-02-17 11:15:53,314] INFO: Time: 5.081931812000221; Command Position: 0.22264221797633849; Output Position: 0.2199783894916728; Motor Current: 84.0
[2026-02-17 11:15:53,315] INFO: Time: 5.082992026000056; Command Position: 0.22264221797633849; Output Position: 0.2199968711879124; Motor Current: 84.0
[2026-02-17 11:15:53,316] INFO: Time: 5.08405046300004; Command Position: 0.22264221797633849; Output Position: 0.21996914864355302; Motor Current: 85.0
[2026-02-17 11:15:53,317] INFO: Time: 5.085113973000034; Command Position: 0.22264221797633849; Output Position: 0.21998763033979263; Motor Current: 85.0
[2026-02-17 11:15:53,318] INFO: Time: 5.086191224000004; Command Position: 0.22264221797633849; Output Position: 0.2199783894916728; Motor Current: 84.0
[2026-02-17 11:15:53,319] INFO: Time: 5.08726366000019; Command Position: 0.22264221797633849; Output Position: 0.2199783894916728; Motor Current: 84.0
[2026-02-17 11:15:53,320] INFO: Time: 5.088322874000141; Command Position: 0.22264221797633849; Output Position: 0.2199783894916728; Motor Current: 84.0
[2026-02-17 11:15:53,321] INFO: Time: 5.089382070000056; Command Position: 0.22264221797633849; Output Position: 0.21998763033979263; Motor Current: 86.0
[2026-02-17 11:15:53,322] INFO: Time: 5.090440950000129; Command Position: 0.22264221797633849; Output Position: 0.21996914864355302; Motor Current: 85.0
[2026-02-17 11:15:53,323] INFO: Time: 5.091502405000028; Command Position: 0.22264221797633849; Output Position: 0.21998763033979263; Motor Current: 84.0
[2026-02-17 11:15:53,324] INFO: Time: 5.092562990000033; Command Position: 0.22264221797633849; Output Position: 0.2199968711879124; Motor Current: 86.0
[2026-02-17 11:15:53,326] INFO: Time: 5.093861410000045; Command Position: 0.22264221797633849; Output Position: 0.2199783894916728; Motor Current: 86.0
[2026-02-17 11:15:53,327] INFO: Time: 5.094923401000187; Command Position: 0.22264221797633849; Output Position: 0.21998763033979263; Motor Current: 86.0
[2026-02-17 11:15:53,328] INFO: Time: 5.09598356000015; Command Position: 0.22264221797633849; Output Position: 0.2199783894916728; Motor Current: 86.0
[2026-02-17 11:15:53,329] INFO: Time: 5.09704360700016; Command Position: 0.22264221797633849; Output Position: 0.2199968711879124; Motor Current: 87.0
[2026-02-17 11:15:53,330] INFO: Time: 5.09810472800018; Command Position: 0.22264221797633849; Output Position: 0.2199783894916728; Motor Current: 87.0
[2026-02-17 11:15:53,331] INFO: Time: 5.099164257000211; Command Position: 0.22264221797633849; Output Position: 0.2199783894916728; Motor Current: 87.0
[2026-02-17 11:15:53,332] INFO: Time: 5.1002233600002; Command Position: 0.22264221797633849; Output Position: 0.21998763033979263; Motor Current: 86.0
[2026-02-17 11:15:53,333] INFO: Time: 5.101292815000079; Command Position: 0.22264221797633849; Output Position: 0.21995990779543326; Motor Current: 86.0
[2026-02-17 11:15:53,334] INFO: Time: 5.102351455000189; Command Position: 0.22264221797633849; Output Position: 0.21998763033979263; Motor Current: 86.0
[2026-02-17 11:15:53,335] INFO: Time: 5.103412502000083; Command Position: 0.22264221797633849; Output Position: 0.21996914864355302; Motor Current: 86.0
[2026-02-17 11:15:53,336] INFO: Time: 5.104473012000199; Command Position: 0.22264221797633849; Output Position: 0.2199783894916728; Motor Current: 83.0
[2026-02-17 11:15:53,337] INFO: Time: 5.105532375000166; Command Position: 0.22264221797633849; Output Position: 0.2199783894916728; Motor Current: 85.0
[2026-02-17 11:15:53,338] INFO: Time: 5.106591311000102; Command Position: 0.22264221797633849; Output Position: 0.2199783894916728; Motor Current: 87.0
[2026-02-17 11:15:53,339] INFO: Time: 5.107650099000011; Command Position: 0.22264221797633849; Output Position: 0.21998763033979263; Motor Current: 87.0
[2026-02-17 11:15:53,340] INFO: Time: 5.108711702000164; Command Position: 0.22264221797633849; Output Position: 0.2199783894916728; Motor Current: 85.0
[2026-02-17 11:15:53,342] INFO: Time: 5.109772897000084; Command Position: 0.22264221797633849; Output Position: 0.2199783894916728; Motor Current: 84.0
[2026-02-17 11:15:53,343] INFO: Time: 5.110832389000052; Command Position: 0.22264221797633849; Output Position: 0.2199968711879124; Motor Current: 83.0
[2026-02-17 11:15:53,344] INFO: Time: 5.111891103000062; Command Position: 0.22264221797633849; Output Position: 0.2199783894916728; Motor Current: 83.0
[2026-02-17 11:15:53,345] INFO: Time: 5.112949965000098; Command Position: 0.22264221797633849; Output Position: 0.2199783894916728; Motor Current: 83.0
[2026-02-17 11:15:53,346] INFO: Time: 5.114008975000161; Command Position: 0.22264221797633849; Output Position: 0.2199783894916728; Motor Current: 83.0
[2026-02-17 11:15:53,347] INFO: Time: 5.11507156000016; Command Position: 0.22264221797633849; Output Position: 0.2199783894916728; Motor Current: 82.0
[2026-02-17 11:15:53,348] INFO: Time: 5.116132866000044; Command Position: 0.22264221797633849; Output Position: 0.21998763033979263; Motor Current: 85.0
[2026-02-17 11:15:53,349] INFO: Time: 5.117192043000159; Command Position: 0.22264221797633849; Output Position: 0.2199783894916728; Motor Current: 82.0
[2026-02-17 11:15:53,350] INFO: Time: 5.118251072000021; Command Position: 0.22264221797633849; Output Position: 0.2199968711879124; Motor Current: 83.0
[2026-02-17 11:15:53,351] INFO: Time: 5.119310008000184; Command Position: 0.22264221797633849; Output Position: 0.21996914864355302; Motor Current: 85.0
[2026-02-17 11:15:53,352] INFO: Time: 5.120368833000157; Command Position: 0.22264221797633849; Output Position: 0.21998763033979263; Motor Current: 84.0
[2026-02-17 11:15:53,353] INFO: Time: 5.121430325000119; Command Position: 0.22264221797633849; Output Position: 0.2199783894916728; Motor Current: 87.0
[2026-02-17 11:15:53,354] INFO: Time: 5.122490835000008; Command Position: 0.22264221797633849; Output Position: 0.2199783894916728; Motor Current: 87.0
[2026-02-17 11:15:53,355] INFO: Time: 5.123550142000113; Command Position: 0.22264221797633849; Output Position: 0.21998763033979263; Motor Current: 85.0
[2026-02-17 11:15:53,356] INFO: Time: 5.1246092630001385; Command Position: 0.22264221797633849; Output Position: 0.2199783894916728; Motor Current: 86.0
[2026-02-17 11:15:53,357] INFO: Time: 5.125668459000053; Command Position: 0.22264221797633849; Output Position: 0.21998763033979263; Motor Current: 86.0
[2026-02-17 11:15:53,358] INFO: Time: 5.126728895000042; Command Position: 0.22264221797633849; Output Position: 0.21998763033979263; Motor Current: 84.0
[2026-02-17 11:15:53,360] INFO: Time: 5.127789035000205; Command Position: 0.22264221797633849; Output Position: 0.21998763033979263; Motor Current: 85.0
[2026-02-17 11:15:53,361] INFO: Time: 5.128848138000194; Command Position: 0.22264221797633849; Output Position: 0.2199783894916728; Motor Current: 84.0
[2026-02-17 11:15:53,362] INFO: Time: 5.12990701800004; Command Position: 0.22264221797633849; Output Position: 0.2199783894916728; Motor Current: 82.0
[2026-02-17 11:15:53,363] INFO: Time: 5.130965806000177; Command Position: 0.22264221797633849; Output Position: 0.2199783894916728; Motor Current: 82.0
[2026-02-17 11:15:53,364] INFO: Time: 5.132024891000128; Command Position: 0.22264221797633849; Output Position: 0.2199783894916728; Motor Current: 81.0
[2026-02-17 11:15:53,365] INFO: Time: 5.133083716000101; Command Position: 0.22264221797633849; Output Position: 0.2199783894916728; Motor Current: 83.0
[2026-02-17 11:15:53,366] INFO: Time: 5.134160467000129; Command Position: 0.22264221797633849; Output Position: 0.21998763033979263; Motor Current: 86.0
[2026-02-17 11:15:53,367] INFO: Time: 5.135220274000176; Command Position: 0.22264221797633849; Output Position: 0.2199783894916728; Motor Current: 87.0
[2026-02-17 11:15:53,368] INFO: Time: 5.136279043000059; Command Position: 0.22264221797633849; Output Position: 0.21998763033979263; Motor Current: 88.0
[2026-02-17 11:15:53,369] INFO: Time: 5.137338238000211; Command Position: 0.22264221797633849; Output Position: 0.21998763033979263; Motor Current: 89.0
[2026-02-17 11:15:53,370] INFO: Time: 5.138396989000057; Command Position: 0.22264221797633849; Output Position: 0.21995990779543326; Motor Current: 86.0
[2026-02-17 11:15:53,371] INFO: Time: 5.139457648000189; Command Position: 0.22264221797633849; Output Position: 0.2199783894916728; Motor Current: 90.0
[2026-02-17 11:15:53,372] INFO: Time: 5.140519084000061; Command Position: 0.22264221797633849; Output Position: 0.21998763033979263; Motor Current: 91.0
[2026-02-17 11:15:53,373] INFO: Time: 5.1415801130001455; Command Position: 0.22264221797633849; Output Position: 0.21998763033979263; Motor Current: 91.0
[2026-02-17 11:15:53,374] INFO: Time: 5.142639512000187; Command Position: 0.22264221797633849; Output Position: 0.2199783894916728; Motor Current: 91.0
[2026-02-17 11:15:53,375] INFO: Time: 5.143698393000022; Command Position: 0.22264221797633849; Output Position: 0.21998763033979263; Motor Current: 92.0
[2026-02-17 11:15:53,377] INFO: Time: 5.144760144000202; Command Position: 0.22264221797633849; Output Position: 0.2199783894916728; Motor Current: 92.0
[2026-02-17 11:15:53,378] INFO: Time: 5.145821839000064; Command Position: 0.22264221797633849; Output Position: 0.2199783894916728; Motor Current: 93.0
[2026-02-17 11:15:53,379] INFO: Time: 5.146881461000021; Command Position: 0.22264221797633849; Output Position: 0.21998763033979263; Motor Current: 93.0
[2026-02-17 11:15:53,380] INFO: Time: 5.1479407670001365; Command Position: 0.22264221797633849; Output Position: 0.21998763033979263; Motor Current: 92.0
[2026-02-17 11:15:53,381] INFO: Time: 5.149000333000004; Command Position: 0.22264221797633849; Output Position: 0.21998763033979263; Motor Current: 90.0
[2026-02-17 11:15:53,382] INFO: Time: 5.150058788000024; Command Position: 0.22264221797633849; Output Position: 0.21998763033979263; Motor Current: 89.0
[2026-02-17 11:15:53,383] INFO: Time: 5.151121613000214; Command Position: 0.22264221797633849; Output Position: 0.21998763033979263; Motor Current: 88.0
[2026-02-17 11:15:53,384] INFO: Time: 5.152195031000019; Command Position: 0.22264221797633849; Output Position: 0.2199968711879124; Motor Current: 88.0
[2026-02-17 11:15:53,385] INFO: Time: 5.1532559110000875; Command Position: 0.22264221797633849; Output Position: 0.2199968711879124; Motor Current: 88.0
[2026-02-17 11:15:53,386] INFO: Time: 5.1543156440000075; Command Position: 0.22264221797633849; Output Position: 0.21998763033979263; Motor Current: 85.0
[2026-02-17 11:15:53,387] INFO: Time: 5.155374543000107; Command Position: 0.22264221797633849; Output Position: 0.2199783894916728; Motor Current: 85.0
[2026-02-17 11:15:53,388] INFO: Time: 5.156433350000043; Command Position: 0.22264221797633849; Output Position: 0.21998763033979263; Motor Current: 85.0
[2026-02-17 11:15:53,389] INFO: Time: 5.157494193000048; Command Position: 0.22264221797633849; Output Position: 0.21998763033979263; Motor Current: 83.0
[2026-02-17 11:15:53,390] INFO: Time: 5.158555889000127; Command Position: 0.22264221797633849; Output Position: 0.21998763033979263; Motor Current: 83.0
[2026-02-17 11:15:53,391] INFO: Time: 5.159616158000063; Command Position: 0.22264221797633849; Output Position: 0.21996914864355302; Motor Current: 81.0
[2026-02-17 11:15:53,392] INFO: Time: 5.160675928000046; Command Position: 0.22264221797633849; Output Position: 0.2199783894916728; Motor Current: 80.0
[2026-02-17 11:15:53,393] INFO: Time: 5.161734475000003; Command Position: 0.22264221797633849; Output Position: 0.21998763033979263; Motor Current: 81.0
[2026-02-17 11:15:53,395] INFO: Time: 5.1627954300001875; Command Position: 0.22264221797633849; Output Position: 0.2199783894916728; Motor Current: 83.0
[2026-02-17 11:15:53,396] INFO: Time: 5.163857810000081; Command Position: 0.22264221797633849; Output Position: 0.2199783894916728; Motor Current: 83.0
[2026-02-17 11:15:53,397] INFO: Time: 5.1649171540000225; Command Position: 0.22264221797633849; Output Position: 0.21998763033979263; Motor Current: 82.0
[2026-02-17 11:15:53,398] INFO: Time: 5.165976979000106; Command Position: 0.22264221797633849; Output Position: 0.2199783894916728; Motor Current: 82.0
[2026-02-17 11:15:53,399] INFO: Time: 5.167036323000048; Command Position: 0.22264221797633849; Output Position: 0.2199783894916728; Motor Current: 82.0
[2026-02-17 11:15:53,400] INFO: Time: 5.168095426000036; Command Position: 0.22264221797633849; Output Position: 0.21995990779543326; Motor Current: 83.0
[2026-02-17 11:15:53,401] INFO: Time: 5.1691582320002; Command Position: 0.22264221797633849; Output Position: 0.21998763033979263; Motor Current: 84.0
[2026-02-17 11:15:53,402] INFO: Time: 5.170219502000009; Command Position: 0.22264221797633849; Output Position: 0.21996914864355302; Motor Current: 81.0
[2026-02-17 11:15:53,403] INFO: Time: 5.171298160000106; Command Position: 0.22264221797633849; Output Position: 0.2199783894916728; Motor Current: 81.0
[2026-02-17 11:15:53,404] INFO: Time: 5.172359634000031; Command Position: 0.22264221797633849; Output Position: 0.21998763033979263; Motor Current: 83.0
[2026-02-17 11:15:53,405] INFO: Time: 5.173419885000158; Command Position: 0.22264221797633849; Output Position: 0.2199968711879124; Motor Current: 83.0
[2026-02-17 11:15:53,406] INFO: Time: 5.17447902500021; Command Position: 0.22264221797633849; Output Position: 0.21998763033979263; Motor Current: 83.0
[2026-02-17 11:15:53,407] INFO: Time: 5.175539905000051; Command Position: 0.22264221797633849; Output Position: 0.21998763033979263; Motor Current: 83.0
[2026-02-17 11:15:53,408] INFO: Time: 5.176600878000045; Command Position: 0.22264221797633849; Output Position: 0.21998763033979263; Motor Current: 83.0
[2026-02-17 11:15:53,409] INFO: Time: 5.17766005500016; Command Position: 0.22264221797633849; Output Position: 0.2199783894916728; Motor Current: 83.0
[2026-02-17 11:15:53,410] INFO: Time: 5.178719380000075; Command Position: 0.22264221797633849; Output Position: 0.2199783894916728; Motor Current: 84.0
[2026-02-17 11:15:53,412] INFO: Time: 5.179778372000101; Command Position: 0.22264221797633849; Output Position: 0.2199968711879124; Motor Current: 82.0
[2026-02-17 11:15:53,413] INFO: Time: 5.180838994000169; Command Position: 0.22264221797633849; Output Position: 0.2199783894916728; Motor Current: 82.0
[2026-02-17 11:15:53,414] INFO: Time: 5.181901393000089; Command Position: 0.22264221797633849; Output Position: 0.21998763033979263; Motor Current: 81.0
[2026-02-17 11:15:53,415] INFO: Time: 5.182960718000004; Command Position: 0.22264221797633849; Output Position: 0.2199783894916728; Motor Current: 82.0
[2026-02-17 11:15:53,416] INFO: Time: 5.184019561000014; Command Position: 0.22264221797633849; Output Position: 0.21998763033979263; Motor Current: 84.0
[2026-02-17 11:15:53,417] INFO: Time: 5.185077609000018; Command Position: 0.22264221797633849; Output Position: 0.2199968711879124; Motor Current: 86.0
[2026-02-17 11:15:53,418] INFO: Time: 5.186136730000044; Command Position: 0.22264221797633849; Output Position: 0.2199783894916728; Motor Current: 83.0
[2026-02-17 11:15:53,419] INFO: Time: 5.187198370000033; Command Position: 0.22264221797633849; Output Position: 0.2199783894916728; Motor Current: 83.0
[2026-02-17 11:15:53,420] INFO: Time: 5.188277751000214; Command Position: 0.22264221797633849; Output Position: 0.2199783894916728; Motor Current: 83.0
[2026-02-17 11:15:53,421] INFO: Time: 5.189339632000156; Command Position: 0.22264221797633849; Output Position: 0.21998763033979263; Motor Current: 83.0
[2026-02-17 11:15:53,422] INFO: Time: 5.190400309000097; Command Position: 0.22264221797633849; Output Position: 0.21996914864355302; Motor Current: 86.0
[2026-02-17 11:15:53,423] INFO: Time: 5.191460282000207; Command Position: 0.22264221797633849; Output Position: 0.2199783894916728; Motor Current: 85.0
[2026-02-17 11:15:53,424] INFO: Time: 5.192519570000059; Command Position: 0.22264221797633849; Output Position: 0.21996914864355302; Motor Current: 86.0
[2026-02-17 11:15:53,425] INFO: Time: 5.193581154000185; Command Position: 0.22264221797633849; Output Position: 0.21996914864355302; Motor Current: 83.0
[2026-02-17 11:15:53,426] INFO: Time: 5.194641405000084; Command Position: 0.22264221797633849; Output Position: 0.2199783894916728; Motor Current: 82.0
[2026-02-17 11:15:53,427] INFO: Time: 5.195700675000126; Command Position: 0.22264221797633849; Output Position: 0.2199783894916728; Motor Current: 83.0
[2026-02-17 11:15:53,429] INFO: Time: 5.196759704000215; Command Position: 0.22264221797633849; Output Position: 0.21996914864355302; Motor Current: 84.0
[2026-02-17 11:15:53,430] INFO: Time: 5.197818621000124; Command Position: 0.22264221797633849; Output Position: 0.2199968711879124; Motor Current: 81.0
[2026-02-17 11:15:53,431] INFO: Time: 5.198879261000002; Command Position: 0.22264221797633849; Output Position: 0.2199783894916728; Motor Current: 81.0
[2026-02-17 11:15:53,432] INFO: Time: 5.199939697000218; Command Position: 0.22264221797633849; Output Position: 0.2199783894916728; Motor Current: 82.0
[2026-02-17 11:15:53,433] INFO: Time: 5.200998874000106; Command Position: 0.22264221797633849; Output Position: 0.21998763033979263; Motor Current: 82.0
[2026-02-17 11:15:53,434] INFO: Time: 5.2020578470001055; Command Position: 0.22264221797633849; Output Position: 0.2199783894916728; Motor Current: 82.0
[2026-02-17 11:15:53,435] INFO: Time: 5.203116987000158; Command Position: 0.22264221797633849; Output Position: 0.21996914864355302; Motor Current: 82.0
[2026-02-17 11:15:53,436] INFO: Time: 5.204175831000157; Command Position: 0.22264221797633849; Output Position: 0.21998763033979263; Motor Current: 84.0
[2026-02-17 11:15:53,437] INFO: Time: 5.205236415000172; Command Position: 0.22264221797633849; Output Position: 0.21998763033979263; Motor Current: 84.0
[2026-02-17 11:15:53,438] INFO: Time: 5.206300870000177; Command Position: 0.22264221797633849; Output Position: 0.2199783894916728; Motor Current: 84.0
[2026-02-17 11:15:53,439] INFO: Time: 5.207359991000203; Command Position: 0.22264221797633849; Output Position: 0.21998763033979263; Motor Current: 83.0
[2026-02-17 11:15:53,440] INFO: Time: 5.2084238720001395; Command Position: 0.22264221797633849; Output Position: 0.2199783894916728; Motor Current: 84.0
[2026-02-17 11:15:53,441] INFO: Time: 5.209485086000086; Command Position: 0.22264221797633849; Output Position: 0.21996914864355302; Motor Current: 86.0
[2026-02-17 11:15:53,442] INFO: Time: 5.210544115000175; Command Position: 0.22264221797633849; Output Position: 0.21998763033979263; Motor Current: 87.0
[2026-02-17 11:15:53,443] INFO: Time: 5.211605699000074; Command Position: 0.22264221797633849; Output Position: 0.21998763033979263; Motor Current: 85.0
[2026-02-17 11:15:53,444] INFO: Time: 5.212665950000201; Command Position: 0.22264221797633849; Output Position: 0.2199783894916728; Motor Current: 85.0
[2026-02-17 11:15:53,445] INFO: Time: 5.213725905000047; Command Position: 0.22264221797633849; Output Position: 0.2199783894916728; Motor Current: 82.0
[2026-02-17 11:15:53,447] INFO: Time: 5.214784897000072; Command Position: 0.22264221797633849; Output Position: 0.2199783894916728; Motor Current: 83.0
[2026-02-17 11:15:53,448] INFO: Time: 5.215843814000209; Command Position: 0.22264221797633849; Output Position: 0.2199783894916728; Motor Current: 85.0
[2026-02-17 11:15:53,449] INFO: Time: 5.216902603000108; Command Position: 0.22264221797633849; Output Position: 0.2199968711879124; Motor Current: 86.0
[2026-02-17 11:15:53,450] INFO: Time: 5.217963761000192; Command Position: 0.22264221797633849; Output Position: 0.2199783894916728; Motor Current: 83.0
[2026-02-17 11:15:53,451] INFO: Time: 5.219040790000008; Command Position: 0.22264221797633849; Output Position: 0.21998763033979263; Motor Current: 82.0
[2026-02-17 11:15:53,452] INFO: Time: 5.220099633000018; Command Position: 0.22264221797633849; Output Position: 0.21998763033979263; Motor Current: 80.0
[2026-02-17 11:15:53,453] INFO: Time: 5.221162662000097; Command Position: 0.22264221797633849; Output Position: 0.2199783894916728; Motor Current: 84.0
[2026-02-17 11:15:53,454] INFO: Time: 5.222221802000149; Command Position: 0.22264221797633849; Output Position: 0.2199783894916728; Motor Current: 85.0
[2026-02-17 11:15:53,455] INFO: Time: 5.223280387000159; Command Position: 0.22264221797633849; Output Position: 0.21996914864355302; Motor Current: 86.0
[2026-02-17 11:15:53,456] INFO: Time: 5.224341564000042; Command Position: 0.22264221797633849; Output Position: 0.2199783894916728; Motor Current: 87.0
[2026-02-17 11:15:53,457] INFO: Time: 5.225402555000073; Command Position: 0.22264221797633849; Output Position: 0.2199968711879124; Motor Current: 85.0
[2026-02-17 11:15:53,458] INFO: Time: 5.22646121400021; Command Position: 0.22264221797633849; Output Position: 0.2199783894916728; Motor Current: 86.0
[2026-02-17 11:15:53,459] INFO: Time: 5.227520261000109; Command Position: 0.22264221797633849; Output Position: 0.2199783894916728; Motor Current: 87.0
[2026-02-17 11:15:53,460] INFO: Time: 5.228579419000198; Command Position: 0.22264221797633849; Output Position: 0.21998763033979263; Motor Current: 85.0
[2026-02-17 11:15:53,461] INFO: Time: 5.229638337000097; Command Position: 0.22264221797633849; Output Position: 0.2199783894916728; Motor Current: 83.0
[2026-02-17 11:15:53,462] INFO: Time: 5.2306988290001755; Command Position: 0.22264221797633849; Output Position: 0.2199968711879124; Motor Current: 81.0
[2026-02-17 11:15:53,464] INFO: Time: 5.231760172000122; Command Position: 0.22264221797633849; Output Position: 0.21996914864355302; Motor Current: 82.0
[2026-02-17 11:15:53,465] INFO: Time: 5.2328194050001; Command Position: 0.22264221797633849; Output Position: 0.2199783894916728; Motor Current: 81.0
[2026-02-17 11:15:53,466] INFO: Time: 5.233878415000163; Command Position: 0.22264221797633849; Output Position: 0.21996914864355302; Motor Current: 82.0
[2026-02-17 11:15:53,467] INFO: Time: 5.234937203000072; Command Position: 0.22264221797633849; Output Position: 0.2199783894916728; Motor Current: 84.0
[2026-02-17 11:15:53,468] INFO: Time: 5.2359960650001085; Command Position: 0.22264221797633849; Output Position: 0.2199783894916728; Motor Current: 86.0
[2026-02-17 11:15:53,469] INFO: Time: 5.23706048300005; Command Position: 0.22264221797633849; Output Position: 0.21996914864355302; Motor Current: 88.0
[2026-02-17 11:15:53,470] INFO: Time: 5.238122179000129; Command Position: 0.22264221797633849; Output Position: 0.2199968711879124; Motor Current: 87.0
[2026-02-17 11:15:53,471] INFO: Time: 5.239181041000165; Command Position: 0.22264221797633849; Output Position: 0.21996914864355302; Motor Current: 88.0
[2026-02-17 11:15:53,472] INFO: Time: 5.240239588000122; Command Position: 0.22264221797633849; Output Position: 0.21996914864355302; Motor Current: 88.0
[2026-02-17 11:15:53,473] INFO: Time: 5.241311432000202; Command Position: 0.22264221797633849; Output Position: 0.21996914864355302; Motor Current: 85.0
[2026-02-17 11:15:53,474] INFO: Time: 5.242370220000112; Command Position: 0.22264221797633849; Output Position: 0.2199783894916728; Motor Current: 88.0
[2026-02-17 11:15:53,475] INFO: Time: 5.243430823000153; Command Position: 0.22264221797633849; Output Position: 0.21996914864355302; Motor Current: 87.0
[2026-02-17 11:15:53,476] INFO: Time: 5.244491333000042; Command Position: 0.22264221797633849; Output Position: 0.21998763033979263; Motor Current: 88.0
[2026-02-17 11:15:53,477] INFO: Time: 5.2455505650000305; Command Position: 0.22264221797633849; Output Position: 0.21996914864355302; Motor Current: 86.0
[2026-02-17 11:15:53,478] INFO: Time: 5.24660959400012; Command Position: 0.22264221797633849; Output Position: 0.21996914864355302; Motor Current: 88.0
[2026-02-17 11:15:53,479] INFO: Time: 5.247668290000092; Command Position: 0.22264221797633849; Output Position: 0.2199968711879124; Motor Current: 89.0
[2026-02-17 11:15:53,481] INFO: Time: 5.2487294480001765; Command Position: 0.22264221797633849; Output Position: 0.21998763033979263; Motor Current: 87.0
[2026-02-17 11:15:53,482] INFO: Time: 5.24979169900007; Command Position: 0.22264221797633849; Output Position: 0.21998763033979263; Motor Current: 86.0
[2026-02-17 11:15:53,483] INFO: Time: 5.2508510610000485; Command Position: 0.22264221797633849; Output Position: 0.2199783894916728; Motor Current: 85.0
[2026-02-17 11:15:53,484] INFO: Time: 5.251909460000206; Command Position: 0.22264221797633849; Output Position: 0.21998763033979263; Motor Current: 82.0
[2026-02-17 11:15:53,485] INFO: Time: 5.252968137000153; Command Position: 0.22264221797633849; Output Position: 0.21998763033979263; Motor Current: 82.0
[2026-02-17 11:15:53,486] INFO: Time: 5.254026907000025; Command Position: 0.22264221797633849; Output Position: 0.21998763033979263; Motor Current: 84.0
[2026-02-17 11:15:53,487] INFO: Time: 5.255088010000009; Command Position: 0.22264221797633849; Output Position: 0.2199968711879124; Motor Current: 82.0
[2026-02-17 11:15:53,488] INFO: Time: 5.256168761000026; Command Position: 0.22264221797633849; Output Position: 0.21998763033979263; Motor Current: 85.0
[2026-02-17 11:15:53,489] INFO: Time: 5.257229327000005; Command Position: 0.22264221797633849; Output Position: 0.21998763033979263; Motor Current: 85.0
[2026-02-17 11:15:53,490] INFO: Time: 5.258289356000205; Command Position: 0.22264221797633849; Output Position: 0.21998763033979263; Motor Current: 86.0
[2026-02-17 11:15:53,491] INFO: Time: 5.259348199000215; Command Position: 0.22264221797633849; Output Position: 0.21998763033979263; Motor Current: 86.0
[2026-02-17 11:15:53,492] INFO: Time: 5.260407191000013; Command Position: 0.22264221797633849; Output Position: 0.21996914864355302; Motor Current: 85.0
[2026-02-17 11:15:53,493] INFO: Time: 5.261467886000219; Command Position: 0.22264221797633849; Output Position: 0.2199968711879124; Motor Current: 85.0
[2026-02-17 11:15:53,494] INFO: Time: 5.262529489000144; Command Position: 0.22264221797633849; Output Position: 0.2199783894916728; Motor Current: 85.0
[2026-02-17 11:15:53,495] INFO: Time: 5.263589092000075; Command Position: 0.22264221797633849; Output Position: 0.21998763033979263; Motor Current: 84.0
[2026-02-17 11:15:53,496] INFO: Time: 5.264647973000137; Command Position: 0.22264221797633849; Output Position: 0.2199783894916728; Motor Current: 85.0
[2026-02-17 11:15:53,497] INFO: Time: 5.265707187000089; Command Position: 0.22264221797633849; Output Position: 0.21998763033979263; Motor Current: 86.0
[2026-02-17 11:15:53,499] INFO: Time: 5.26676817900011; Command Position: 0.22264221797633849; Output Position: 0.21998763033979263; Motor Current: 86.0
[2026-02-17 11:15:53,500] INFO: Time: 5.267828930000178; Command Position: 0.22264221797633849; Output Position: 0.2199783894916728; Motor Current: 84.0
[2026-02-17 11:15:53,501] INFO: Time: 5.268888069000013; Command Position: 0.22264221797633849; Output Position: 0.21996914864355302; Motor Current: 82.0
[2026-02-17 11:15:53,502] INFO: Time: 5.269947172000002; Command Position: 0.22264221797633849; Output Position: 0.2199783894916728; Motor Current: 83.0
[2026-02-17 11:15:53,503] INFO: Time: 5.271005979000165; Command Position: 0.22264221797633849; Output Position: 0.2199783894916728; Motor Current: 84.0
[2026-02-17 11:15:53,504] INFO: Time: 5.272067434000064; Command Position: 0.22264221797633849; Output Position: 0.21998763033979263; Motor Current: 86.0
[2026-02-17 11:15:53,505] INFO: Time: 5.273130055000138; Command Position: 0.22264221797633849; Output Position: 0.21996914864355302; Motor Current: 85.0
[2026-02-17 11:15:53,506] INFO: Time: 5.2744781420001345; Command Position: 0.22264221797633849; Output Position: 0.21998763033979263; Motor Current: 82.0
[2026-02-17 11:15:53,507] INFO: Time: 5.275522745000217; Command Position: 0.22264221797633849; Output Position: 0.2199783894916728; Motor Current: 83.0
[2026-02-17 11:15:53,508] INFO: Time: 5.276583903000073; Command Position: 0.22264221797633849; Output Position: 0.2199968711879124; Motor Current: 81.0
[2026-02-17 11:15:53,509] INFO: Time: 5.27764389500021; Command Position: 0.22264221797633849; Output Position: 0.2199783894916728; Motor Current: 79.0
[2026-02-17 11:15:53,510] INFO: Time: 5.278704850000167; Command Position: 0.22264221797633849; Output Position: 0.2199783894916728; Motor Current: 79.0
[2026-02-17 11:15:53,512] INFO: Time: 5.279765601000008; Command Position: 0.22264221797633849; Output Position: 0.21996914864355302; Motor Current: 81.0
[2026-02-17 11:15:53,513] INFO: Time: 5.280824778000124; Command Position: 0.22264221797633849; Output Position: 0.21998763033979263; Motor Current: 82.0
[2026-02-17 11:15:53,514] INFO: Time: 5.2818836770002235; Command Position: 0.22264221797633849; Output Position: 0.2199783894916728; Motor Current: 82.0
[2026-02-17 11:15:53,515] INFO: Time: 5.282942687000059; Command Position: 0.22264221797633849; Output Position: 0.2199783894916728; Motor Current: 81.0
[2026-02-17 11:15:53,516] INFO: Time: 5.284001327000169; Command Position: 0.22264221797633849; Output Position: 0.2199968711879124; Motor Current: 82.0
[2026-02-17 11:15:53,517] INFO: Time: 5.28506365200019; Command Position: 0.22264221797633849; Output Position: 0.2199968711879124; Motor Current: 84.0
[2026-02-17 11:15:53,518] INFO: Time: 5.286125237000078; Command Position: 0.22264221797633849; Output Position: 0.21998763033979263; Motor Current: 86.0
[2026-02-17 11:15:53,519] INFO: Time: 5.287184858000046; Command Position: 0.22264221797633849; Output Position: 0.21998763033979263; Motor Current: 84.0
[2026-02-17 11:15:53,520] INFO: Time: 5.288243776000172; Command Position: 0.22264221797633849; Output Position: 0.21998763033979263; Motor Current: 84.0
[2026-02-17 11:15:53,521] INFO: Time: 5.289315619000035; Command Position: 0.22264221797633849; Output Position: 0.2199783894916728; Motor Current: 83.0
[2026-02-17 11:15:53,522] INFO: Time: 5.290508057000125; Command Position: 0.22264221797633849; Output Position: 0.2199783894916728; Motor Current: 88.0
[2026-02-17 11:15:53,523] INFO: Time: 5.291598808000117; Command Position: 0.22264221797633849; Output Position: 0.2199968711879124; Motor Current: 89.0
[2026-02-17 11:15:53,524] INFO: Time: 5.29265781800018; Command Position: 0.22264221797633849; Output Position: 0.2199783894916728; Motor Current: 87.0
[2026-02-17 11:15:53,525] INFO: Time: 5.29371749500001; Command Position: 0.22264221797633849; Output Position: 0.21998763033979263; Motor Current: 88.0
[2026-02-17 11:15:53,527] INFO: Time: 5.294776709000189; Command Position: 0.22264221797633849; Output Position: 0.2199783894916728; Motor Current: 88.0
[2026-02-17 11:15:53,528] INFO: Time: 5.295837886000072; Command Position: 0.22264221797633849; Output Position: 0.21998763033979263; Motor Current: 89.0
[2026-02-17 11:15:53,529] INFO: Time: 5.296898860000056; Command Position: 0.22264221797633849; Output Position: 0.2199783894916728; Motor Current: 87.0
[2026-02-17 11:15:53,530] INFO: Time: 5.297958407000124; Command Position: 0.22264221797633849; Output Position: 0.21998763033979263; Motor Current: 87.0
[2026-02-17 11:15:53,531] INFO: Time: 5.2990173060002235; Command Position: 0.22264221797633849; Output Position: 0.21996914864355302; Motor Current: 85.0
[2026-02-17 11:15:53,532] INFO: Time: 5.300075835000143; Command Position: 0.22264221797633849; Output Position: 0.2199783894916728; Motor Current: 87.0
[2026-02-17 11:15:53,533] INFO: Time: 5.301134993000005; Command Position: 0.22264221797633849; Output Position: 0.21996914864355302; Motor Current: 88.0
[2026-02-17 11:15:53,534] INFO: Time: 5.3021956890002; Command Position: 0.22264221797633849; Output Position: 0.2199783894916728; Motor Current: 85.0
[2026-02-17 11:15:53,535] INFO: Time: 5.303257125000073; Command Position: 0.22264221797633849; Output Position: 0.2199783894916728; Motor Current: 84.0
[2026-02-17 11:15:53,536] INFO: Time: 5.30431680200013; Command Position: 0.22264221797633849; Output Position: 0.2199783894916728; Motor Current: 82.0
[2026-02-17 11:15:53,537] INFO: Time: 5.305375553000204; Command Position: 0.22264221797633849; Output Position: 0.21996914864355302; Motor Current: 81.0
[2026-02-17 11:15:53,538] INFO: Time: 5.306538601000057; Command Position: 0.22264221797633849; Output Position: 0.2199783894916728; Motor Current: 83.0
[2026-02-17 11:15:53,539] INFO: Time: 5.307600741000215; Command Position: 0.22264221797633849; Output Position: 0.2199783894916728; Motor Current: 84.0
[2026-02-17 11:15:53,540] INFO: Time: 5.308661640000082; Command Position: 0.22264221797633849; Output Position: 0.21996914864355302; Motor Current: 84.0
[2026-02-17 11:15:53,541] INFO: Time: 5.309720965000224; Command Position: 0.22264221797633849; Output Position: 0.2199783894916728; Motor Current: 84.0
[2026-02-17 11:15:53,543] INFO: Time: 5.310780457000192; Command Position: 0.22264221797633849; Output Position: 0.2199783894916728; Motor Current: 84.0
[2026-02-17 11:15:53,544] INFO: Time: 5.3118391710002015; Command Position: 0.22264221797633849; Output Position: 0.2199968711879124; Motor Current: 83.0
[2026-02-17 11:15:53,545] INFO: Time: 5.312898255000164; Command Position: 0.22264221797633849; Output Position: 0.2199783894916728; Motor Current: 83.0
[2026-02-17 11:15:53,546] INFO: Time: 5.313958988000195; Command Position: 0.22264221797633849; Output Position: 0.2199968711879124; Motor Current: 81.0
[2026-02-17 11:15:53,547] INFO: Time: 5.315020517000221; Command Position: 0.22264221797633849; Output Position: 0.21998763033979263; Motor Current: 82.0
[2026-02-17 11:15:53,548] INFO: Time: 5.316079009000077; Command Position: 0.22264221797633849; Output Position: 0.21998763033979263; Motor Current: 82.0
[2026-02-17 11:15:53,549] INFO: Time: 5.3171382600000925; Command Position: 0.22264221797633849; Output Position: 0.2199783894916728; Motor Current: 83.0
[2026-02-17 11:15:53,550] INFO: Time: 5.318200307000097; Command Position: 0.22264221797633849; Output Position: 0.21996914864355302; Motor Current: 86.0
[2026-02-17 11:15:53,551] INFO: Time: 5.319259095000007; Command Position: 0.22264221797633849; Output Position: 0.21998763033979263; Motor Current: 87.0
[2026-02-17 11:15:53,552] INFO: Time: 5.3203195870000854; Command Position: 0.22264221797633849; Output Position: 0.21996914864355302; Motor Current: 85.0
[2026-02-17 11:15:53,553] INFO: Time: 5.321380282000064; Command Position: 0.22264221797633849; Output Position: 0.2199783894916728; Motor Current: 84.0
[2026-02-17 11:15:53,554] INFO: Time: 5.322440181000047; Command Position: 0.22264221797633849; Output Position: 0.2199783894916728; Motor Current: 84.0
[2026-02-17 11:15:53,555] INFO: Time: 5.323499321000099; Command Position: 0.22264221797633849; Output Position: 0.2199783894916728; Motor Current: 84.0
[2026-02-17 11:15:53,556] INFO: Time: 5.324558424000088; Command Position: 0.22264221797633849; Output Position: 0.2199783894916728; Motor Current: 84.0
[2026-02-17 11:15:53,557] INFO: Time: 5.325617138000098; Command Position: 0.22264221797633849; Output Position: 0.2199783894916728; Motor Current: 83.0
[2026-02-17 11:15:53,558] INFO: Time: 5.326677722000113; Command Position: 0.22264221797633849; Output Position: 0.2199783894916728; Motor Current: 83.0
[2026-02-17 11:15:53,560] INFO: Time: 5.327737751000086; Command Position: 0.22264221797633849; Output Position: 0.2199783894916728; Motor Current: 85.0
[2026-02-17 11:15:53,561] INFO: Time: 5.328796743000112; Command Position: 0.22264221797633849; Output Position: 0.2199783894916728; Motor Current: 85.0
[2026-02-17 11:15:53,562] INFO: Time: 5.329855883000164; Command Position: 0.22264221797633849; Output Position: 0.21998763033979263; Motor Current: 83.0
[2026-02-17 11:15:53,563] INFO: Time: 5.330914652000047; Command Position: 0.22264221797633849; Output Position: 0.2199783894916728; Motor Current: 82.0
[2026-02-17 11:15:53,565] INFO: Time: 5.333535621999999; Command Position: 0.22264221797633849; Output Position: 0.2199783894916728; Motor Current: 85.0
[2026-02-17 11:15:53,566] INFO: Time: 5.334642540000004; Command Position: 0.22264221797633849; Output Position: 0.2199968711879124; Motor Current: 86.0
[2026-02-17 11:15:53,568] INFO: Time: 5.335702106000099; Command Position: 0.22264221797633849; Output Position: 0.2199783894916728; Motor Current: 83.0
[2026-02-17 11:15:53,569] INFO: Time: 5.336761487000103; Command Position: 0.22264221797633849; Output Position: 0.21998763033979263; Motor Current: 83.0
[2026-02-17 11:15:53,570] INFO: Time: 5.337820997000108; Command Position: 0.22264221797633849; Output Position: 0.2199783894916728; Motor Current: 85.0
[2026-02-17 11:15:53,571] INFO: Time: 5.338882396000145; Command Position: 0.22264221797633849; Output Position: 0.2199968711879124; Motor Current: 86.0
[2026-02-17 11:15:53,572] INFO: Time: 5.3399442400000225; Command Position: 0.22264221797633849; Output Position: 0.2199783894916728; Motor Current: 88.0
[2026-02-17 11:15:53,573] INFO: Time: 5.341003658000091; Command Position: 0.22264221797633849; Output Position: 0.2199968711879124; Motor Current: 86.0
[2026-02-17 11:15:53,574] INFO: Time: 5.342061390000026; Command Position: 0.22264221797633849; Output Position: 0.21998763033979263; Motor Current: 86.0
[2026-02-17 11:15:53,575] INFO: Time: 5.3431199560000096; Command Position: 0.22264221797633849; Output Position: 0.2199783894916728; Motor Current: 85.0
[2026-02-17 11:15:53,576] INFO: Time: 5.34417854000003; Command Position: 0.22264221797633849; Output Position: 0.21998763033979263; Motor Current: 87.0
[2026-02-17 11:15:53,577] INFO: Time: 5.345241736000162; Command Position: 0.22264221797633849; Output Position: 0.21998763033979263; Motor Current: 87.0
[2026-02-17 11:15:53,578] INFO: Time: 5.34630237600004; Command Position: 0.22264221797633849; Output Position: 0.2199783894916728; Motor Current: 88.0
[2026-02-17 11:15:53,579] INFO: Time: 5.347361682000155; Command Position: 0.22264221797633849; Output Position: 0.2199783894916728; Motor Current: 89.0
[2026-02-17 11:15:53,580] INFO: Time: 5.348421044000133; Command Position: 0.22264221797633849; Output Position: 0.2199783894916728; Motor Current: 88.0
[2026-02-17 11:15:53,581] INFO: Time: 5.349479962000032; Command Position: 0.22264221797633849; Output Position: 0.21998763033979263; Motor Current: 88.0
[2026-02-17 11:15:53,582] INFO: Time: 5.3505386570000155; Command Position: 0.22264221797633849; Output Position: 0.21998763033979263; Motor Current: 88.0
[2026-02-17 11:15:53,583] INFO: Time: 5.3515996860001; Command Position: 0.22264221797633849; Output Position: 0.2199783894916728; Motor Current: 86.0
[2026-02-17 11:15:53,584] INFO: Time: 5.352661326000089; Command Position: 0.22264221797633849; Output Position: 0.21998763033979263; Motor Current: 86.0
[2026-02-17 11:15:53,585] INFO: Time: 5.3537213730000985; Command Position: 0.22264221797633849; Output Position: 0.2199783894916728; Motor Current: 85.0
[2026-02-17 11:15:53,587] INFO: Time: 5.354781199000172; Command Position: 0.22264221797633849; Output Position: 0.21998763033979263; Motor Current: 84.0
[2026-02-17 11:15:53,588] INFO: Time: 5.35584050500006; Command Position: 0.22264221797633849; Output Position: 0.2199783894916728; Motor Current: 85.0
[2026-02-17 11:15:53,589] INFO: Time: 5.356899164000197; Command Position: 0.22264221797633849; Output Position: 0.21996914864355302; Motor Current: 83.0
[2026-02-17 11:15:53,590] INFO: Time: 5.35796465500016; Command Position: 0.22264221797633849; Output Position: 0.2199968711879124; Motor Current: 82.0
[2026-02-17 11:15:53,591] INFO: Time: 5.3590259620000325; Command Position: 0.22264221797633849; Output Position: 0.2199783894916728; Motor Current: 84.0
[2026-02-17 11:15:53,592] INFO: Time: 5.360086398000021; Command Position: 0.22264221797633849; Output Position: 0.21998763033979263; Motor Current: 84.0
[2026-02-17 11:15:53,593] INFO: Time: 5.361146908000137; Command Position: 0.22264221797633849; Output Position: 0.2199783894916728; Motor Current: 84.0
[2026-02-17 11:15:53,594] INFO: Time: 5.362205974000062; Command Position: 0.22264221797633849; Output Position: 0.21998763033979263; Motor Current: 82.0
[2026-02-17 11:15:53,595] INFO: Time: 5.3632648360000985; Command Position: 0.22264221797633849; Output Position: 0.21998763033979263; Motor Current: 82.0
[2026-02-17 11:15:53,596] INFO: Time: 5.3643264580000505; Command Position: 0.22264221797633849; Output Position: 0.2199783894916728; Motor Current: 80.0
[2026-02-17 11:15:53,597] INFO: Time: 5.365386987000193; Command Position: 0.22264221797633849; Output Position: 0.2199783894916728; Motor Current: 82.0
[2026-02-17 11:15:53,598] INFO: Time: 5.366446830000086; Command Position: 0.22264221797633849; Output Position: 0.21998763033979263; Motor Current: 82.0
[2026-02-17 11:15:53,599] INFO: Time: 5.367506507000144; Command Position: 0.22264221797633849; Output Position: 0.2199783894916728; Motor Current: 83.0
[2026-02-17 11:15:53,600] INFO: Time: 5.368565721000095; Command Position: 0.22264221797633849; Output Position: 0.21996914864355302; Motor Current: 82.0
[2026-02-17 11:15:53,601] INFO: Time: 5.369624713000121; Command Position: 0.22264221797633849; Output Position: 0.2199968711879124; Motor Current: 82.0
[2026-02-17 11:15:53,602] INFO: Time: 5.370686464000073; Command Position: 0.22264221797633849; Output Position: 0.2199783894916728; Motor Current: 83.0
[2026-02-17 11:15:53,604] INFO: Time: 5.371748178000189; Command Position: 0.22264221797633849; Output Position: 0.2199783894916728; Motor Current: 84.0
[2026-02-17 11:15:53,605] INFO: Time: 5.372807281000178; Command Position: 0.22264221797633849; Output Position: 0.21998763033979263; Motor Current: 83.0
[2026-02-17 11:15:53,606] INFO: Time: 5.373866717000055; Command Position: 0.22264221797633849; Output Position: 0.21995990779543326; Motor Current: 83.0
[2026-02-17 11:15:53,607] INFO: Time: 5.3749258750001445; Command Position: 0.22264221797633849; Output Position: 0.2199783894916728; Motor Current: 84.0
[2026-02-17 11:15:53,608] INFO: Time: 5.375984645000017; Command Position: 0.22264221797633849; Output Position: 0.21998763033979263; Motor Current: 85.0
[2026-02-17 11:15:53,609] INFO: Time: 5.3770471550001275; Command Position: 0.22264221797633849; Output Position: 0.21998763033979263; Motor Current: 84.0
[2026-02-17 11:15:53,610] INFO: Time: 5.3781250920001185; Command Position: 0.22264221797633849; Output Position: 0.2199783894916728; Motor Current: 85.0
[2026-02-17 11:15:53,611] INFO: Time: 5.379185843000187; Command Position: 0.22264221797633849; Output Position: 0.2199783894916728; Motor Current: 85.0
[2026-02-17 11:15:53,612] INFO: Time: 5.3802449080001225; Command Position: 0.22264221797633849; Output Position: 0.21998763033979263; Motor Current: 85.0
[2026-02-17 11:15:53,613] INFO: Time: 5.381307178000043; Command Position: 0.22264221797633849; Output Position: 0.21998763033979263; Motor Current: 81.0
[2026-02-17 11:15:53,614] INFO: Time: 5.382436893000204; Command Position: 0.22264221797633849; Output Position: 0.2199968711879124; Motor Current: 82.0
[2026-02-17 11:15:53,615] INFO: Time: 5.3834965510000075; Command Position: 0.22264221797633849; Output Position: 0.21998763033979263; Motor Current: 83.0
[2026-02-17 11:15:53,616] INFO: Time: 5.384558950000155; Command Position: 0.22264221797633849; Output Position: 0.2199783894916728; Motor Current: 86.0
[2026-02-17 11:15:53,617] INFO: Time: 5.385618498000213; Command Position: 0.22264221797633849; Output Position: 0.2199783894916728; Motor Current: 88.0
[2026-02-17 11:15:53,618] INFO: Time: 5.3866773780000585; Command Position: 0.22264221797633849; Output Position: 0.21998763033979263; Motor Current: 87.0
[2026-02-17 11:15:53,620] INFO: Time: 5.387737703000084; Command Position: 0.22264221797633849; Output Position: 0.21998763033979263; Motor Current: 87.0
[2026-02-17 11:15:53,621] INFO: Time: 5.388798454000153; Command Position: 0.22264221797633849; Output Position: 0.21995990779543326; Motor Current: 87.0
[2026-02-17 11:15:53,622] INFO: Time: 5.389857520000078; Command Position: 0.22264221797633849; Output Position: 0.2199783894916728; Motor Current: 85.0
[2026-02-17 11:15:53,623] INFO: Time: 5.390916456000014; Command Position: 0.22264221797633849; Output Position: 0.2199783894916728; Motor Current: 88.0
[2026-02-17 11:15:53,624] INFO: Time: 5.391975670000193; Command Position: 0.22264221797633849; Output Position: 0.2199783894916728; Motor Current: 88.0
[2026-02-17 11:15:53,625] INFO: Time: 5.393034551000028; Command Position: 0.22264221797633849; Output Position: 0.2199968711879124; Motor Current: 87.0
[2026-02-17 11:15:53,626] INFO: Time: 5.394277767000176; Command Position: 0.22264221797633849; Output Position: 0.2199783894916728; Motor Current: 84.0
[2026-02-17 11:15:53,627] INFO: Time: 5.395342110000001; Command Position: 0.22264221797633849; Output Position: 0.2199783894916728; Motor Current: 85.0
[2026-02-17 11:15:53,628] INFO: Time: 5.396402528000181; Command Position: 0.22264221797633849; Output Position: 0.21998763033979263; Motor Current: 85.0
[2026-02-17 11:15:53,629] INFO: Time: 5.397462020000148; Command Position: 0.22264221797633849; Output Position: 0.2199783894916728; Motor Current: 83.0
[2026-02-17 11:15:53,630] INFO: Time: 5.398521975000222; Command Position: 0.22264221797633849; Output Position: 0.2199783894916728; Motor Current: 83.0
[2026-02-17 11:15:53,631] INFO: Time: 5.399580948000221; Command Position: 0.22264221797633849; Output Position: 0.21998763033979263; Motor Current: 84.0
[2026-02-17 11:15:53,632] INFO: Time: 5.400641532000009; Command Position: 0.22264221797633849; Output Position: 0.21998763033979263; Motor Current: 87.0
[2026-02-17 11:15:53,633] INFO: Time: 5.401702172000114; Command Position: 0.22264221797633849; Output Position: 0.2199783894916728; Motor Current: 85.0
[2026-02-17 11:15:53,635] INFO: Time: 5.4027617750000445; Command Position: 0.22264221797633849; Output Position: 0.2199783894916728; Motor Current: 86.0
[2026-02-17 11:15:53,636] INFO: Time: 5.403821341000139; Command Position: 0.22264221797633849; Output Position: 0.2199783894916728; Motor Current: 85.0
[2026-02-17 11:15:53,637] INFO: Time: 5.404880499000001; Command Position: 0.22264221797633849; Output Position: 0.21998763033979263; Motor Current: 84.0
[2026-02-17 11:15:53,638] INFO: Time: 5.4059395090000635; Command Position: 0.22264221797633849; Output Position: 0.21998763033979263; Motor Current: 85.0
[2026-02-17 11:15:53,639] INFO: Time: 5.407001686000058; Command Position: 0.22264221797633849; Output Position: 0.2199783894916728; Motor Current: 84.0
[2026-02-17 11:15:53,640] INFO: Time: 5.408061734000057; Command Position: 0.22264221797633849; Output Position: 0.2199783894916728; Motor Current: 83.0
[2026-02-17 11:15:53,641] INFO: Time: 5.409121559000141; Command Position: 0.22264221797633849; Output Position: 0.21998763033979263; Motor Current: 81.0
[2026-02-17 11:15:53,642] INFO: Time: 5.410180199000024; Command Position: 0.22264221797633849; Output Position: 0.2199783894916728; Motor Current: 83.0
[2026-02-17 11:15:53,643] INFO: Time: 5.411239746000092; Command Position: 0.22264221797633849; Output Position: 0.21998763033979263; Motor Current: 81.0
[2026-02-17 11:15:53,644] INFO: Time: 5.412298441000075; Command Position: 0.22264221797633849; Output Position: 0.21998763033979263; Motor Current: 82.0
[2026-02-17 11:15:53,645] INFO: Time: 5.413400545000059; Command Position: 0.22264221797633849; Output Position: 0.21996914864355302; Motor Current: 82.0
[2026-02-17 11:15:53,646] INFO: Time: 5.414473796000038; Command Position: 0.22264221797633849; Output Position: 0.2199783894916728; Motor Current: 82.0
[2026-02-17 11:15:53,647] INFO: Time: 5.415535751000107; Command Position: 0.22264221797633849; Output Position: 0.21998763033979263; Motor Current: 83.0
[2026-02-17 11:15:53,648] INFO: Time: 5.416595224000048; Command Position: 0.22264221797633849; Output Position: 0.2199783894916728; Motor Current: 84.0
[2026-02-17 11:15:53,649] INFO: Time: 5.4176547160000155; Command Position: 0.22264221797633849; Output Position: 0.21996914864355302; Motor Current: 83.0
[2026-02-17 11:15:53,650] INFO: Time: 5.418716004000089; Command Position: 0.22264221797633849; Output Position: 0.21998763033979263; Motor Current: 83.0
[2026-02-17 11:15:53,652] INFO: Time: 5.419777403000126; Command Position: 0.22264221797633849; Output Position: 0.21998763033979263; Motor Current: 84.0
[2026-02-17 11:15:53,653] INFO: Time: 5.420836746000077; Command Position: 0.22264221797633849; Output Position: 0.21998763033979263; Motor Current: 84.0
[2026-02-17 11:15:53,654] INFO: Time: 5.4218957010000395; Command Position: 0.22264221797633849; Output Position: 0.2199968711879124; Motor Current: 84.0
[2026-02-17 11:15:53,655] INFO: Time: 5.422954415000049; Command Position: 0.22264221797633849; Output Position: 0.2199783894916728; Motor Current: 85.0
[2026-02-17 11:15:53,656] INFO: Time: 5.424013536000075; Command Position: 0.22264221797633849; Output Position: 0.21998763033979263; Motor Current: 82.0
[2026-02-17 11:15:53,657] INFO: Time: 5.425075880000122; Command Position: 0.22264221797633849; Output Position: 0.21998763033979263; Motor Current: 82.0
[2026-02-17 11:15:53,658] INFO: Time: 5.426137464000021; Command Position: 0.22264221797633849; Output Position: 0.21996914864355302; Motor Current: 82.0
[2026-02-17 11:15:53,659] INFO: Time: 5.427197938000063; Command Position: 0.22264221797633849; Output Position: 0.21998763033979263; Motor Current: 84.0
[2026-02-17 11:15:53,660] INFO: Time: 5.428256911000062; Command Position: 0.22264221797633849; Output Position: 0.2199783894916728; Motor Current: 86.0
[2026-02-17 11:15:53,661] INFO: Time: 5.4293155690002095; Command Position: 0.22264221797633849; Output Position: 0.21996914864355302; Motor Current: 84.0
[2026-02-17 11:15:53,662] INFO: Time: 5.430374357000119; Command Position: 0.22264221797633849; Output Position: 0.2199783894916728; Motor Current: 84.0
[2026-02-17 11:15:53,663] INFO: Time: 5.4314351270002135; Command Position: 0.22264221797633849; Output Position: 0.21996914864355302; Motor Current: 82.0
[2026-02-17 11:15:53,664] INFO: Time: 5.432496100000208; Command Position: 0.22264221797633849; Output Position: 0.2199783894916728; Motor Current: 85.0
[2026-02-17 11:15:53,665] INFO: Time: 5.433555462000186; Command Position: 0.22264221797633849; Output Position: 0.21998763033979263; Motor Current: 85.0
[2026-02-17 11:15:53,666] INFO: Time: 5.434614343000021; Command Position: 0.22264221797633849; Output Position: 0.21996914864355302; Motor Current: 86.0
[2026-02-17 11:15:53,667] INFO: Time: 5.435673538000174; Command Position: 0.22264221797633849; Output Position: 0.2199783894916728; Motor Current: 86.0
[2026-02-17 11:15:53,669] INFO: Time: 5.436734364000131; Command Position: 0.22264221797633849; Output Position: 0.21998763033979263; Motor Current: 88.0
[2026-02-17 11:15:53,670] INFO: Time: 5.437795022000046; Command Position: 0.22264221797633849; Output Position: 0.21996914864355302; Motor Current: 89.0
[2026-02-17 11:15:53,671] INFO: Time: 5.438853791000156; Command Position: 0.22264221797633849; Output Position: 0.2199783894916728; Motor Current: 88.0
[2026-02-17 11:15:53,672] INFO: Time: 5.43991209800015; Command Position: 0.22264221797633849; Output Position: 0.2199783894916728; Motor Current: 85.0
[2026-02-17 11:15:53,673] INFO: Time: 5.4409709790002125; Command Position: 0.22264221797633849; Output Position: 0.2199783894916728; Motor Current: 85.0
[2026-02-17 11:15:53,674] INFO: Time: 5.442030100000011; Command Position: 0.22264221797633849; Output Position: 0.2199968711879124; Motor Current: 86.0
[2026-02-17 11:15:53,675] INFO: Time: 5.443092073000116; Command Position: 0.22264221797633849; Output Position: 0.2199783894916728; Motor Current: 86.0
[2026-02-17 11:15:53,676] INFO: Time: 5.444171250000181; Command Position: 0.22264221797633849; Output Position: 0.21998763033979263; Motor Current: 87.0
[2026-02-17 11:15:53,677] INFO: Time: 5.4452304090000325; Command Position: 0.22264221797633849; Output Position: 0.2199783894916728; Motor Current: 85.0
[2026-02-17 11:15:53,678] INFO: Time: 5.446289197000169; Command Position: 0.22264221797633849; Output Position: 0.2199783894916728; Motor Current: 86.0
[2026-02-17 11:15:53,679] INFO: Time: 5.4473478740001156; Command Position: 0.22264221797633849; Output Position: 0.21998763033979263; Motor Current: 85.0
[2026-02-17 11:15:53,680] INFO: Time: 5.448406329000136; Command Position: 0.22264221797633849; Output Position: 0.2199783894916728; Motor Current: 83.0
[2026-02-17 11:15:53,681] INFO: Time: 5.449466561000008; Command Position: 0.22264221797633849; Output Position: 0.2199783894916728; Motor Current: 85.0
[2026-02-17 11:15:53,682] INFO: Time: 5.450526960000161; Command Position: 0.22264221797633849; Output Position: 0.21998763033979263; Motor Current: 84.0
[2026-02-17 11:15:53,683] INFO: Time: 5.4515856370001075; Command Position: 0.22264221797633849; Output Position: 0.21998763033979263; Motor Current: 85.0
[2026-02-17 11:15:53,684] INFO: Time: 5.452644703000033; Command Position: 0.22264221797633849; Output Position: 0.21995990779543326; Motor Current: 84.0
[2026-02-17 11:15:53,685] INFO: Time: 5.453703658000222; Command Position: 0.22264221797633849; Output Position: 0.21998763033979263; Motor Current: 84.0
[2026-02-17 11:15:53,687] INFO: Time: 5.454765038000005; Command Position: 0.22264221797633849; Output Position: 0.21998763033979263; Motor Current: 83.0
[2026-02-17 11:15:53,688] INFO: Time: 5.455920494000111; Command Position: 0.22264221797633849; Output Position: 0.21998763033979263; Motor Current: 82.0
[2026-02-17 11:15:53,689] INFO: Time: 5.456980430000158; Command Position: 0.22264221797633849; Output Position: 0.2199783894916728; Motor Current: 83.0
[2026-02-17 11:15:53,690] INFO: Time: 5.4580398110001624; Command Position: 0.22264221797633849; Output Position: 0.2199783894916728; Motor Current: 84.0
[2026-02-17 11:15:53,691] INFO: Time: 5.459100729000056; Command Position: 0.22264221797633849; Output Position: 0.21998763033979263; Motor Current: 84.0
[2026-02-17 11:15:53,692] INFO: Time: 5.46036422200018; Command Position: 0.22264221797633849; Output Position: 0.21998763033979263; Motor Current: 84.0
[2026-02-17 11:15:53,693] INFO: Time: 5.46142777; Command Position: 0.22264221797633849; Output Position: 0.21998763033979263; Motor Current: 82.0
[2026-02-17 11:15:53,694] INFO: Time: 5.462490206000211; Command Position: 0.22264221797633849; Output Position: 0.2199968711879124; Motor Current: 83.0
[2026-02-17 11:15:53,695] INFO: Time: 5.463549957000168; Command Position: 0.22264221797633849; Output Position: 0.21998763033979263; Motor Current: 86.0
[2026-02-17 11:15:53,696] INFO: Time: 5.464609134000057; Command Position: 0.22264221797633849; Output Position: 0.2199783894916728; Motor Current: 85.0
[2026-02-17 11:15:53,697] INFO: Time: 5.46566782900004; Command Position: 0.22264221797633849; Output Position: 0.21995990779543326; Motor Current: 87.0
[2026-02-17 11:15:53,699] INFO: Time: 5.466729617000055; Command Position: 0.22264221797633849; Output Position: 0.21998763033979263; Motor Current: 85.0
[2026-02-17 11:15:53,700] INFO: Time: 5.467791257000044; Command Position: 0.22264221797633849; Output Position: 0.2199783894916728; Motor Current: 85.0
[2026-02-17 11:15:53,701] INFO: Time: 5.468851379000171; Command Position: 0.22264221797633849; Output Position: 0.21998763033979263; Motor Current: 85.0
[2026-02-17 11:15:53,702] INFO: Time: 5.4699105370000325; Command Position: 0.22264221797633849; Output Position: 0.2199783894916728; Motor Current: 85.0
[2026-02-17 11:15:53,703] INFO: Time: 5.470969621000222; Command Position: 0.22264221797633849; Output Position: 0.21998763033979263; Motor Current: 84.0
[2026-02-17 11:15:53,704] INFO: Time: 5.472028298000168; Command Position: 0.22264221797633849; Output Position: 0.21996914864355302; Motor Current: 83.0
[2026-02-17 11:15:53,705] INFO: Time: 5.473089716000004; Command Position: 0.22264221797633849; Output Position: 0.2199783894916728; Motor Current: 86.0
[2026-02-17 11:15:53,706] INFO: Time: 5.474150578000035; Command Position: 0.22264221797633849; Output Position: 0.2199968711879124; Motor Current: 82.0
[2026-02-17 11:15:53,707] INFO: Time: 5.475210551000146; Command Position: 0.22264221797633849; Output Position: 0.2199783894916728; Motor Current: 82.0
[2026-02-17 11:15:53,708] INFO: Time: 5.476269654000134; Command Position: 0.22264221797633849; Output Position: 0.21998763033979263; Motor Current: 84.0
[2026-02-17 11:15:53,709] INFO: Time: 5.4773289050001495; Command Position: 0.22264221797633849; Output Position: 0.21998763033979263; Motor Current: 85.0
[2026-02-17 11:15:53,710] INFO: Time: 5.478387767000186; Command Position: 0.22264221797633849; Output Position: 0.2199783894916728; Motor Current: 84.0
[2026-02-17 11:15:53,711] INFO: Time: 5.479449185000021; Command Position: 0.22264221797633849; Output Position: 0.2199783894916728; Motor Current: 84.0
[2026-02-17 11:15:53,712] INFO: Time: 5.4805119180000474; Command Position: 0.22264221797633849; Output Position: 0.2199783894916728; Motor Current: 83.0
[2026-02-17 11:15:53,713] INFO: Time: 5.481571224000163; Command Position: 0.22264221797633849; Output Position: 0.2199783894916728; Motor Current: 82.0
[2026-02-17 11:15:53,714] INFO: Time: 5.482630197000162; Command Position: 0.22264221797633849; Output Position: 0.2199968711879124; Motor Current: 82.0
[2026-02-17 11:15:53,715] INFO: Time: 5.4836892450000505; Command Position: 0.22264221797633849; Output Position: 0.21998763033979263; Motor Current: 83.0
[2026-02-17 11:15:53,717] INFO: Time: 5.484750292000172; Command Position: 0.22264221797633849; Output Position: 0.2199968711879124; Motor Current: 82.0
[2026-02-17 11:15:53,718] INFO: Time: 5.485811784000134; Command Position: 0.22264221797633849; Output Position: 0.21998763033979263; Motor Current: 82.0
[2026-02-17 11:15:53,719] INFO: Time: 5.486871090000022; Command Position: 0.22264221797633849; Output Position: 0.2199783894916728; Motor Current: 84.0
[2026-02-17 11:15:53,720] INFO: Time: 5.487929860000122; Command Position: 0.22264221797633849; Output Position: 0.2199783894916728; Motor Current: 85.0
[2026-02-17 11:15:53,721] INFO: Time: 5.488988592000169; Command Position: 0.22264221797633849; Output Position: 0.21996914864355302; Motor Current: 84.0
[2026-02-17 11:15:53,722] INFO: Time: 5.490047436000168; Command Position: 0.22264221797633849; Output Position: 0.21998763033979263; Motor Current: 84.0
[2026-02-17 11:15:53,723] INFO: Time: 5.491109594000136; Command Position: 0.22264221797633849; Output Position: 0.2199783894916728; Motor Current: 85.0
[2026-02-17 11:15:53,724] INFO: Time: 5.492178586000136; Command Position: 0.22264221797633849; Output Position: 0.21996914864355302; Motor Current: 85.0
[2026-02-17 11:15:53,725] INFO: Time: 5.493238874000099; Command Position: 0.22264221797633849; Output Position: 0.21996914864355302; Motor Current: 85.0
[2026-02-17 11:15:53,726] INFO: Time: 5.494298107000077; Command Position: 0.22264221797633849; Output Position: 0.21998763033979263; Motor Current: 85.0
[2026-02-17 11:15:53,727] INFO: Time: 5.495357265000166; Command Position: 0.22264221797633849; Output Position: 0.21998763033979263; Motor Current: 84.0
[2026-02-17 11:15:53,728] INFO: Time: 5.496415609000223; Command Position: 0.22264221797633849; Output Position: 0.21998763033979263; Motor Current: 82.0
[2026-02-17 11:15:53,729] INFO: Time: 5.497476175000202; Command Position: 0.22264221797633849; Output Position: 0.21998763033979263; Motor Current: 81.0
[2026-02-17 11:15:53,730] INFO: Time: 5.498536444000138; Command Position: 0.22264221797633849; Output Position: 0.2199783894916728; Motor Current: 79.0
[2026-02-17 11:15:53,731] INFO: Time: 5.49959526900011; Command Position: 0.22264221797633849; Output Position: 0.2199783894916728; Motor Current: 81.0
[2026-02-17 11:15:53,732] INFO: Time: 5.500653650000004; Command Position: 0.22264221797633849; Output Position: 0.2199783894916728; Motor Current: 80.0
[2026-02-17 11:15:53,733] INFO: Time: 5.501712105000024; Command Position: 0.22264221797633849; Output Position: 0.21998763033979263; Motor Current: 82.0
[2026-02-17 11:15:53,735] INFO: Time: 5.502772337000124; Command Position: 0.22264221797633849; Output Position: 0.2199783894916728; Motor Current: 82.0
[2026-02-17 11:15:53,736] INFO: Time: 5.503832977000002; Command Position: 0.22264221797633849; Output Position: 0.21998763033979263; Motor Current: 84.0
[2026-02-17 11:15:53,737] INFO: Time: 5.5048921720001545; Command Position: 0.22264221797633849; Output Position: 0.21998763033979263; Motor Current: 83.0
[2026-02-17 11:15:53,738] INFO: Time: 5.505951072000016; Command Position: 0.22264221797633849; Output Position: 0.2199783894916728; Motor Current: 83.0
[2026-02-17 11:15:53,739] INFO: Time: 5.507009915000026; Command Position: 0.22264221797633849; Output Position: 0.2199783894916728; Motor Current: 85.0
[2026-02-17 11:15:53,740] INFO: Time: 5.508081500000117; Command Position: 0.22264221797633849; Output Position: 0.21998763033979263; Motor Current: 85.0
[2026-02-17 11:15:53,741] INFO: Time: 5.509144158000026; Command Position: 0.22264221797633849; Output Position: 0.2199783894916728; Motor Current: 84.0
[2026-02-17 11:15:53,742] INFO: Time: 5.510205835000079; Command Position: 0.22264221797633849; Output Position: 0.21998763033979263; Motor Current: 86.0
[2026-02-17 11:15:53,743] INFO: Time: 5.51126517900002; Command Position: 0.22264221797633849; Output Position: 0.21998763033979263; Motor Current: 84.0
[2026-02-17 11:15:53,744] INFO: Time: 5.512324096000157; Command Position: 0.22264221797633849; Output Position: 0.2199783894916728; Motor Current: 85.0
[2026-02-17 11:15:53,745] INFO: Time: 5.5133828100001665; Command Position: 0.22264221797633849; Output Position: 0.21996914864355302; Motor Current: 85.0
[2026-02-17 11:15:53,746] INFO: Time: 5.514441580000039; Command Position: 0.22264221797633849; Output Position: 0.21998763033979263; Motor Current: 86.0
[2026-02-17 11:15:53,747] INFO: Time: 5.515502164000054; Command Position: 0.22264221797633849; Output Position: 0.21998763033979263; Motor Current: 86.0
[2026-02-17 11:15:53,748] INFO: Time: 5.516562952000186; Command Position: 0.22264221797633849; Output Position: 0.2199783894916728; Motor Current: 85.0
[2026-02-17 11:15:53,749] INFO: Time: 5.517621944000211; Command Position: 0.22264221797633849; Output Position: 0.21996914864355302; Motor Current: 83.0
[2026-02-17 11:15:53,750] INFO: Time: 5.518680843000084; Command Position: 0.22264221797633849; Output Position: 0.2199783894916728; Motor Current: 82.0
[2026-02-17 11:15:53,752] INFO: Time: 5.5197398350001095; Command Position: 0.22264221797633849; Output Position: 0.21996914864355302; Motor Current: 82.0
[2026-02-17 11:15:53,753] INFO: Time: 5.520800586000178; Command Position: 0.22264221797633849; Output Position: 0.2199783894916728; Motor Current: 85.0
[2026-02-17 11:15:53,754] INFO: Time: 5.521862244000204; Command Position: 0.22264221797633849; Output Position: 0.21998763033979263; Motor Current: 84.0
[2026-02-17 11:15:53,755] INFO: Time: 5.522921310000129; Command Position: 0.22264221797633849; Output Position: 0.2199783894916728; Motor Current: 82.0
[2026-02-17 11:15:53,756] INFO: Time: 5.5240182470001855; Command Position: 0.22264221797633849; Output Position: 0.2199968711879124; Motor Current: 82.0
[2026-02-17 11:15:53,757] INFO: Time: 5.525115202000052; Command Position: 0.22264221797633849; Output Position: 0.2199783894916728; Motor Current: 82.0
[2026-02-17 11:15:53,758] INFO: Time: 5.526177138000094; Command Position: 0.22264221797633849; Output Position: 0.21998763033979263; Motor Current: 81.0
[2026-02-17 11:15:53,759] INFO: Time: 5.5273678900000505; Command Position: 0.22264221797633849; Output Position: 0.21998763033979263; Motor Current: 81.0
[2026-02-17 11:15:53,760] INFO: Time: 5.528427586000134; Command Position: 0.22264221797633849; Output Position: 0.21998763033979263; Motor Current: 81.0
[2026-02-17 11:15:53,761] INFO: Time: 5.529571708000049; Command Position: 0.22264221797633849; Output Position: 0.21998763033979263; Motor Current: 81.0
[2026-02-17 11:15:53,763] INFO: Time: 5.531216317000144; Command Position: 0.22264221797633849; Output Position: 0.2199968711879124; Motor Current: 84.0
[2026-02-17 11:15:53,765] INFO: Time: 5.532999334000124; Command Position: 0.22264221797633849; Output Position: 0.2199783894916728; Motor Current: 84.0
[2026-02-17 11:15:53,766] INFO: Time: 5.53406734400005; Command Position: 0.22264221797633849; Output Position: 0.21998763033979263; Motor Current: 86.0
[2026-02-17 11:15:53,767] INFO: Time: 5.535130188000039; Command Position: 0.22264221797633849; Output Position: 0.2199783894916728; Motor Current: 86.0
[2026-02-17 11:15:53,768] INFO: Time: 5.536190828000144; Command Position: 0.22264221797633849; Output Position: 0.21998763033979263; Motor Current: 84.0
[2026-02-17 11:15:53,769] INFO: Time: 5.537251320000223; Command Position: 0.22264221797633849; Output Position: 0.21998763033979263; Motor Current: 84.0
[2026-02-17 11:15:53,770] INFO: Time: 5.53831145900017; Command Position: 0.22264221797633849; Output Position: 0.2199783894916728; Motor Current: 83.0
[2026-02-17 11:15:53,771] INFO: Time: 5.539372655000079; Command Position: 0.22264221797633849; Output Position: 0.21998763033979263; Motor Current: 84.0
[2026-02-17 11:15:53,772] INFO: Time: 5.540433425000174; Command Position: 0.22264221797633849; Output Position: 0.2199783894916728; Motor Current: 86.0
[2026-02-17 11:15:53,773] INFO: Time: 5.5414928240002155; Command Position: 0.22264221797633849; Output Position: 0.2199783894916728; Motor Current: 87.0
[2026-02-17 11:15:53,774] INFO: Time: 5.542551927000204; Command Position: 0.22264221797633849; Output Position: 0.21998763033979263; Motor Current: 85.0
[2026-02-17 11:15:53,775] INFO: Time: 5.5436108260000765; Command Position: 0.22264221797633849; Output Position: 0.21996914864355302; Motor Current: 85.0
[2026-02-17 11:15:53,776] INFO: Time: 5.544671021000113; Command Position: 0.22264221797633849; Output Position: 0.21998763033979263; Motor Current: 88.0
[2026-02-17 11:15:53,778] INFO: Time: 5.54573197600007; Command Position: 0.22264221797633849; Output Position: 0.2199783894916728; Motor Current: 87.0
[2026-02-17 11:15:53,779] INFO: Time: 5.546790912000006; Command Position: 0.22264221797633849; Output Position: 0.2199783894916728; Motor Current: 89.0
[2026-02-17 11:15:53,780] INFO: Time: 5.547805255000185; Command Position: 0.22264221797633849; Output Position: 0.2199783894916728; Motor Current: 90.0
[2026-02-17 11:15:53,781] INFO: Time: 5.548864303000073; Command Position: 0.22264221797633849; Output Position: 0.2199783894916728; Motor Current: 88.0
[2026-02-17 11:15:53,782] INFO: Time: 5.549923054000146; Command Position: 0.22264221797633849; Output Position: 0.2199783894916728; Motor Current: 89.0
[2026-02-17 11:15:53,783] INFO: Time: 5.550984805000098; Command Position: 0.22264221797633849; Output Position: 0.2199783894916728; Motor Current: 85.0
[2026-02-17 11:15:53,784] INFO: Time: 5.552046111000209; Command Position: 0.22264221797633849; Output Position: 0.21998763033979263; Motor Current: 86.0
[2026-02-17 11:15:53,785] INFO: Time: 5.553105566000113; Command Position: 0.22264221797633849; Output Position: 0.21996914864355302; Motor Current: 86.0
[2026-02-17 11:15:53,786] INFO: Time: 5.55416270600017; Command Position: 0.22264221797633849; Output Position: 0.21998763033979263; Motor Current: 81.0
[2026-02-17 11:15:53,787] INFO: Time: 5.5552215120001165; Command Position: 0.22264221797633849; Output Position: 0.21998763033979263; Motor Current: 80.0
[2026-02-17 11:15:53,788] INFO: Time: 5.556280300000026; Command Position: 0.22264221797633849; Output Position: 0.2199783894916728; Motor Current: 82.0
[2026-02-17 11:15:53,789] INFO: Time: 5.557486016000212; Command Position: 0.22264221797633849; Output Position: 0.21998763033979263; Motor Current: 82.0
[2026-02-17 11:15:53,790] INFO: Time: 5.55855058200018; Command Position: 0.22264221797633849; Output Position: 0.2199783894916728; Motor Current: 80.0
[2026-02-17 11:15:53,792] INFO: Time: 5.55972290800014; Command Position: 0.22264221797633849; Output Position: 0.2199783894916728; Motor Current: 80.0
[2026-02-17 11:15:53,793] INFO: Time: 5.560782659000097; Command Position: 0.22264221797633849; Output Position: 0.2199783894916728; Motor Current: 80.0
[2026-02-17 11:15:53,794] INFO: Time: 5.561844373000213; Command Position: 0.22264221797633849; Output Position: 0.2199783894916728; Motor Current: 82.0
[2026-02-17 11:15:53,795] INFO: Time: 5.562904309000032; Command Position: 0.22264221797633849; Output Position: 0.2199783894916728; Motor Current: 83.0
[2026-02-17 11:15:53,796] INFO: Time: 5.563967449000074; Command Position: 0.22264221797633849; Output Position: 0.21998763033979263; Motor Current: 83.0
[2026-02-17 11:15:53,797] INFO: Time: 5.5650299780002115; Command Position: 0.22264221797633849; Output Position: 0.21998763033979263; Motor Current: 84.0
[2026-02-17 11:15:53,798] INFO: Time: 5.566088914000147; Command Position: 0.22264221797633849; Output Position: 0.21998763033979263; Motor Current: 83.0
[2026-02-17 11:15:53,799] INFO: Time: 5.567148721000194; Command Position: 0.22264221797633849; Output Position: 0.21998763033979263; Motor Current: 82.0
[2026-02-17 11:15:53,800] INFO: Time: 5.568216361000168; Command Position: 0.22264221797633849; Output Position: 0.2199783894916728; Motor Current: 79.0
[2026-02-17 11:15:53,801] INFO: Time: 5.569275278000077; Command Position: 0.22264221797633849; Output Position: 0.2199783894916728; Motor Current: 79.0
[2026-02-17 11:15:53,802] INFO: Time: 5.570336103000045; Command Position: 0.22264221797633849; Output Position: 0.21998763033979263; Motor Current: 82.0
[2026-02-17 11:15:53,803] INFO: Time: 5.571397799000124; Command Position: 0.22264221797633849; Output Position: 0.2199783894916728; Motor Current: 81.0
[2026-02-17 11:15:53,804] INFO: Time: 5.572457624000208; Command Position: 0.22264221797633849; Output Position: 0.21996914864355302; Motor Current: 82.0
[2026-02-17 11:15:53,805] INFO: Time: 5.573516875000223; Command Position: 0.22264221797633849; Output Position: 0.21998763033979263; Motor Current: 84.0
[2026-02-17 11:15:53,806] INFO: Time: 5.574575756000058; Command Position: 0.22264221797633849; Output Position: 0.2199783894916728; Motor Current: 83.0
[2026-02-17 11:15:53,807] INFO: Time: 5.575634562000005; Command Position: 0.22264221797633849; Output Position: 0.2199783894916728; Motor Current: 84.0
[2026-02-17 11:15:53,808] INFO: Time: 5.576695534999999; Command Position: 0.22264221797633849; Output Position: 0.21998763033979263; Motor Current: 85.0
[2026-02-17 11:15:53,810] INFO: Time: 5.577757509000094; Command Position: 0.22264221797633849; Output Position: 0.21996914864355302; Motor Current: 84.0
[2026-02-17 11:15:53,811] INFO: Time: 5.578817574000141; Command Position: 0.22264221797633849; Output Position: 0.2199783894916728; Motor Current: 83.0
[2026-02-17 11:15:53,812] INFO: Time: 5.579876733000219; Command Position: 0.22264221797633849; Output Position: 0.2199783894916728; Motor Current: 86.0
[2026-02-17 11:15:53,813] INFO: Time: 5.580935632000092; Command Position: 0.22264221797633849; Output Position: 0.2199783894916728; Motor Current: 85.0
[2026-02-17 11:15:53,814] INFO: Time: 5.5819942900000115; Command Position: 0.22264221797633849; Output Position: 0.2199783894916728; Motor Current: 86.0
[2026-02-17 11:15:53,815] INFO: Time: 5.583058097000048; Command Position: 0.22264221797633849; Output Position: 0.21998763033979263; Motor Current: 86.0
[2026-02-17 11:15:53,816] INFO: Time: 5.584121126000127; Command Position: 0.22264221797633849; Output Position: 0.2199783894916728; Motor Current: 87.0
[2026-02-17 11:15:53,817] INFO: Time: 5.585181655000042; Command Position: 0.22264221797633849; Output Position: 0.21996914864355302; Motor Current: 87.0
[2026-02-17 11:15:53,818] INFO: Time: 5.586240461000216; Command Position: 0.22264221797633849; Output Position: 0.2199783894916728; Motor Current: 87.0
[2026-02-17 11:15:53,819] INFO: Time: 5.5872995460001675; Command Position: 0.22264221797633849; Output Position: 0.21996914864355302; Motor Current: 86.0
[2026-02-17 11:15:53,820] INFO: Time: 5.588358648000167; Command Position: 0.22264221797633849; Output Position: 0.2199968711879124; Motor Current: 85.0
[2026-02-17 11:15:53,821] INFO: Time: 5.589419714000087; Command Position: 0.22264221797633849; Output Position: 0.21998763033979263; Motor Current: 87.0
[2026-02-17 11:15:53,822] INFO: Time: 5.590480928000034; Command Position: 0.22264221797633849; Output Position: 0.2199783894916728; Motor Current: 88.0
[2026-02-17 11:15:53,823] INFO: Time: 5.591540476000091; Command Position: 0.22264221797633849; Output Position: 0.21998763033979263; Motor Current: 88.0
[2026-02-17 11:15:53,824] INFO: Time: 5.59259944900009; Command Position: 0.22264221797633849; Output Position: 0.2199783894916728; Motor Current: 87.0
[2026-02-17 11:15:53,825] INFO: Time: 5.5936584040000525; Command Position: 0.22264221797633849; Output Position: 0.21998763033979263; Motor Current: 87.0
[2026-02-17 11:15:53,826] INFO: Time: 5.5947195990002; Command Position: 0.22264221797633849; Output Position: 0.2199783894916728; Motor Current: 84.0
[2026-02-17 11:15:53,828] INFO: Time: 5.595780424000168; Command Position: 0.22264221797633849; Output Position: 0.2199783894916728; Motor Current: 84.0
[2026-02-17 11:15:53,829] INFO: Time: 5.59683956400022; Command Position: 0.22264221797633849; Output Position: 0.21998763033979263; Motor Current: 85.0
[2026-02-17 11:15:53,830] INFO: Time: 5.597898334000092; Command Position: 0.22264221797633849; Output Position: 0.21998763033979263; Motor Current: 86.0
[2026-02-17 11:15:53,831] INFO: Time: 5.598957122000002; Command Position: 0.22264221797633849; Output Position: 0.2199783894916728; Motor Current: 88.0
[2026-02-17 11:15:53,832] INFO: Time: 5.600016354000218; Command Position: 0.22264221797633849; Output Position: 0.21998763033979263; Motor Current: 88.0
[2026-02-17 11:15:53,833] INFO: Time: 5.6010788090000005; Command Position: 0.22264221797633849; Output Position: 0.2199783894916728; Motor Current: 86.0
[2026-02-17 11:15:53,834] INFO: Time: 5.602141578000101; Command Position: 0.22264221797633849; Output Position: 0.2199783894916728; Motor Current: 87.0
[2026-02-17 11:15:53,835] INFO: Time: 5.603200940000079; Command Position: 0.22264221797633849; Output Position: 0.2199968711879124; Motor Current: 86.0
[2026-02-17 11:15:53,836] INFO: Time: 5.6042597100001785; Command Position: 0.22264221797633849; Output Position: 0.21998763033979263; Motor Current: 84.0
[2026-02-17 11:15:53,837] INFO: Time: 5.605318220000072; Command Position: 0.22264221797633849; Output Position: 0.21996914864355302; Motor Current: 84.0
[2026-02-17 11:15:53,838] INFO: Time: 5.606377064000071; Command Position: 0.22264221797633849; Output Position: 0.2199783894916728; Motor Current: 82.0
[2026-02-17 11:15:53,839] INFO: Time: 5.607437333000007; Command Position: 0.22264221797633849; Output Position: 0.2199783894916728; Motor Current: 81.0
[2026-02-17 11:15:53,840] INFO: Time: 5.6084990840001865; Command Position: 0.22264221797633849; Output Position: 0.21998763033979263; Motor Current: 84.0
[2026-02-17 11:15:53,841] INFO: Time: 5.609558206000202; Command Position: 0.22264221797633849; Output Position: 0.2199783894916728; Motor Current: 84.0
[2026-02-17 11:15:53,842] INFO: Time: 5.610617364000063; Command Position: 0.22264221797633849; Output Position: 0.2199783894916728; Motor Current: 82.0
[2026-02-17 11:15:53,843] INFO: Time: 5.6116762820001895; Command Position: 0.22264221797633849; Output Position: 0.2199783894916728; Motor Current: 81.0
[2026-02-17 11:15:53,845] INFO: Time: 5.612743052000042; Command Position: 0.22264221797633849; Output Position: 0.21998763033979263; Motor Current: 81.0
[2026-02-17 11:15:53,846] INFO: Time: 5.613874674000044; Command Position: 0.22264221797633849; Output Position: 0.2199783894916728; Motor Current: 83.0
[2026-02-17 11:15:53,847] INFO: Time: 5.614941462000161; Command Position: 0.22264221797633849; Output Position: 0.2199783894916728; Motor Current: 84.0
[2026-02-17 11:15:53,848] INFO: Time: 5.616008676000092; Command Position: 0.22264221797633849; Output Position: 0.21998763033979263; Motor Current: 82.0
[2026-02-17 11:15:53,849] INFO: Time: 5.617076834000045; Command Position: 0.22264221797633849; Output Position: 0.2199783894916728; Motor Current: 81.0
[2026-02-17 11:15:53,850] INFO: Time: 5.618136678000155; Command Position: 0.22264221797633849; Output Position: 0.21998763033979263; Motor Current: 83.0
[2026-02-17 11:15:53,851] INFO: Time: 5.6191979660000015; Command Position: 0.22264221797633849; Output Position: 0.2199783894916728; Motor Current: 83.0
[2026-02-17 11:15:53,852] INFO: Time: 5.62025871700007; Command Position: 0.22264221797633849; Output Position: 0.2199783894916728; Motor Current: 84.0
[2026-02-17 11:15:53,853] INFO: Time: 5.6214706730002035; Command Position: 0.22264221797633849; Output Position: 0.21998763033979263; Motor Current: 83.0
[2026-02-17 11:15:53,854] INFO: Time: 5.622534758000029; Command Position: 0.22264221797633849; Output Position: 0.21998763033979263; Motor Current: 84.0
[2026-02-17 11:15:53,855] INFO: Time: 5.623596749000171; Command Position: 0.22264221797633849; Output Position: 0.2199783894916728; Motor Current: 85.0
[2026-02-17 11:15:53,856] INFO: Time: 5.624659111000028; Command Position: 0.22264221797633849; Output Position: 0.21996914864355302; Motor Current: 86.0
[2026-02-17 11:15:53,858] INFO: Time: 5.625720325000202; Command Position: 0.22264221797633849; Output Position: 0.2199968711879124; Motor Current: 85.0
[2026-02-17 11:15:53,859] INFO: Time: 5.626780539000038; Command Position: 0.22264221797633849; Output Position: 0.2199783894916728; Motor Current: 84.0
[2026-02-17 11:15:53,860] INFO: Time: 5.627840161000222; Command Position: 0.22264221797633849; Output Position: 0.2199783894916728; Motor Current: 86.0
[2026-02-17 11:15:53,861] INFO: Time: 5.628899616000126; Command Position: 0.22264221797633849; Output Position: 0.2199783894916728; Motor Current: 85.0
[2026-02-17 11:15:53,862] INFO: Time: 5.629958681000062; Command Position: 0.22264221797633849; Output Position: 0.2199968711879124; Motor Current: 85.0
[2026-02-17 11:15:53,863] INFO: Time: 5.631145230000129; Command Position: 0.22264221797633849; Output Position: 0.21996914864355302; Motor Current: 82.0
[2026-02-17 11:15:53,864] INFO: Time: 5.632205648000081; Command Position: 0.22264221797633849; Output Position: 0.21998763033979263; Motor Current: 82.0
[2026-02-17 11:15:53,865] INFO: Time: 5.6332801949999975; Command Position: 0.22264221797633849; Output Position: 0.21998763033979263; Motor Current: 81.0
[2026-02-17 11:15:53,866] INFO: Time: 5.634340391000023; Command Position: 0.22264221797633849; Output Position: 0.21996914864355302; Motor Current: 82.0
[2026-02-17 11:15:53,867] INFO: Time: 5.635399623000012; Command Position: 0.22264221797633849; Output Position: 0.21998763033979263; Motor Current: 84.0
[2026-02-17 11:15:53,868] INFO: Time: 5.636458837000191; Command Position: 0.22264221797633849; Output Position: 0.2199783894916728; Motor Current: 84.0
[2026-02-17 11:15:53,869] INFO: Time: 5.637521107000111; Command Position: 0.22264221797633849; Output Position: 0.21996914864355302; Motor Current: 86.0
[2026-02-17 11:15:53,870] INFO: Time: 5.638582135000206; Command Position: 0.22264221797633849; Output Position: 0.2199783894916728; Motor Current: 84.0
[2026-02-17 11:15:53,871] INFO: Time: 5.639641312000094; Command Position: 0.22264221797633849; Output Position: 0.2199783894916728; Motor Current: 86.0
[2026-02-17 11:15:53,872] INFO: Time: 5.640709730000026; Command Position: 0.22264221797633849; Output Position: 0.2199783894916728; Motor Current: 89.0
[2026-02-17 11:15:53,874] INFO: Time: 5.641769148000094; Command Position: 0.22264221797633849; Output Position: 0.21998763033979263; Motor Current: 88.0
[2026-02-17 11:15:53,875] INFO: Time: 5.642829584000083; Command Position: 0.22264221797633849; Output Position: 0.21996914864355302; Motor Current: 88.0
[2026-02-17 11:15:53,876] INFO: Time: 5.643889798000146; Command Position: 0.22264221797633849; Output Position: 0.2199783894916728; Motor Current: 88.0
[2026-02-17 11:15:53,877] INFO: Time: 5.644949271000087; Command Position: 0.22264221797633849; Output Position: 0.21998763033979263; Motor Current: 88.0
[2026-02-17 11:15:53,878] INFO: Time: 5.646008559000165; Command Position: 0.22264221797633849; Output Position: 0.2199783894916728; Motor Current: 88.0
[2026-02-17 11:15:53,879] INFO: Time: 5.647067273000175; Command Position: 0.22264221797633849; Output Position: 0.21998763033979263; Motor Current: 87.0
[2026-02-17 11:15:53,880] INFO: Time: 5.648125820000132; Command Position: 0.22264221797633849; Output Position: 0.2199783894916728; Motor Current: 86.0
[2026-02-17 11:15:53,881] INFO: Time: 5.6491875900001105; Command Position: 0.22264221797633849; Output Position: 0.21998763033979263; Motor Current: 85.0
[2026-02-17 11:15:53,882] INFO: Time: 5.650249434000216; Command Position: 0.22264221797633849; Output Position: 0.21998763033979263; Motor Current: 86.0
[2026-02-17 11:15:53,883] INFO: Time: 5.651318111000137; Command Position: 0.22264221797633849; Output Position: 0.2199783894916728; Motor Current: 84.0
[2026-02-17 11:15:53,884] INFO: Time: 5.652376788000083; Command Position: 0.22264221797633849; Output Position: 0.21998763033979263; Motor Current: 83.0
[2026-02-17 11:15:53,885] INFO: Time: 5.65343557600022; Command Position: 0.22264221797633849; Output Position: 0.21996914864355302; Motor Current: 85.0
[2026-02-17 11:15:53,886] INFO: Time: 5.654494216000103; Command Position: 0.22264221797633849; Output Position: 0.2199783894916728; Motor Current: 82.0
[2026-02-17 11:15:53,887] INFO: Time: 5.655554874000018; Command Position: 0.22264221797633849; Output Position: 0.21998763033979263; Motor Current: 84.0
[2026-02-17 11:15:53,888] INFO: Time: 5.656617588000017; Command Position: 0.22264221797633849; Output Position: 0.2199783894916728; Motor Current: 85.0
[2026-02-17 11:15:53,889] INFO: Time: 5.657676987000059; Command Position: 0.22264221797633849; Output Position: 0.21998763033979263; Motor Current: 84.0
[2026-02-17 11:15:53,890] INFO: Time: 5.658735738000132; Command Position: 0.22264221797633849; Output Position: 0.21996914864355302; Motor Current: 84.0
[2026-02-17 11:15:53,892] INFO: Time: 5.6597998970000845; Command Position: 0.22264221797633849; Output Position: 0.2199783894916728; Motor Current: 83.0
[2026-02-17 11:15:53,893] INFO: Time: 5.660860629000126; Command Position: 0.22264221797633849; Output Position: 0.2199968711879124; Motor Current: 84.0
[2026-02-17 11:15:53,894] INFO: Time: 5.661921954000036; Command Position: 0.22264221797633849; Output Position: 0.2199783894916728; Motor Current: 82.0
[2026-02-17 11:15:53,895] INFO: Time: 5.662981242000114; Command Position: 0.22264221797633849; Output Position: 0.2199783894916728; Motor Current: 81.0
[2026-02-17 11:15:53,896] INFO: Time: 5.664039975000151; Command Position: 0.22264221797633849; Output Position: 0.2199783894916728; Motor Current: 80.0
[2026-02-17 11:15:53,897] INFO: Time: 5.665097892000176; Command Position: 0.22264221797633849; Output Position: 0.21998763033979263; Motor Current: 83.0
[2026-02-17 11:15:53,898] INFO: Time: 5.666156495000223; Command Position: 0.22264221797633849; Output Position: 0.21998763033979263; Motor Current: 83.0
[2026-02-17 11:15:53,899] INFO: Time: 5.66721770900017; Command Position: 0.22264221797633849; Output Position: 0.2199783894916728; Motor Current: 83.0
[2026-02-17 11:15:53,900] INFO: Time: 5.668278164000185; Command Position: 0.22264221797633849; Output Position: 0.21998763033979263; Motor Current: 81.0
[2026-02-17 11:15:53,901] INFO: Time: 5.6693377850001525; Command Position: 0.22264221797633849; Output Position: 0.21998763033979263; Motor Current: 82.0
[2026-02-17 11:15:53,902] INFO: Time: 5.670396962000041; Command Position: 0.22264221797633849; Output Position: 0.21998763033979263; Motor Current: 83.0
[2026-02-17 11:15:53,903] INFO: Time: 5.6714556760000505; Command Position: 0.22264221797633849; Output Position: 0.21996914864355302; Motor Current: 82.0
[2026-02-17 11:15:53,904] INFO: Time: 5.672514372000023; Command Position: 0.22264221797633849; Output Position: 0.2199783894916728; Motor Current: 82.0
[2026-02-17 11:15:53,905] INFO: Time: 5.6735753450000175; Command Position: 0.22264221797633849; Output Position: 0.2199968711879124; Motor Current: 82.0
[2026-02-17 11:15:53,906] INFO: Time: 5.674637392000022; Command Position: 0.22264221797633849; Output Position: 0.2199783894916728; Motor Current: 82.0
[2026-02-17 11:15:53,907] INFO: Time: 5.675696680000101; Command Position: 0.22264221797633849; Output Position: 0.2199783894916728; Motor Current: 82.0
[2026-02-17 11:15:53,909] INFO: Time: 5.676758617000132; Command Position: 0.22264221797633849; Output Position: 0.2199783894916728; Motor Current: 84.0
[2026-02-17 11:15:53,910] INFO: Time: 5.677817405000042; Command Position: 0.22264221797633849; Output Position: 0.21998763033979263; Motor Current: 83.0
[2026-02-17 11:15:53,911] INFO: Time: 5.678878359000009; Command Position: 0.22264221797633849; Output Position: 0.2199783894916728; Motor Current: 85.0
[2026-02-17 11:15:53,912] INFO: Time: 5.6799408880001465; Command Position: 0.22264221797633849; Output Position: 0.21998763033979263; Motor Current: 85.0
[2026-02-17 11:15:53,913] INFO: Time: 5.6810044540000035; Command Position: 0.22264221797633849; Output Position: 0.21996914864355302; Motor Current: 83.0
[2026-02-17 11:15:53,914] INFO: Time: 5.68206337200013; Command Position: 0.22264221797633849; Output Position: 0.2199783894916728; Motor Current: 83.0
[2026-02-17 11:15:53,915] INFO: Time: 5.683122456000092; Command Position: 0.22264221797633849; Output Position: 0.2199783894916728; Motor Current: 84.0
[2026-02-17 11:15:53,916] INFO: Time: 5.6841817440001705; Command Position: 0.22264221797633849; Output Position: 0.2199783894916728; Motor Current: 88.0
[2026-02-17 11:15:53,917] INFO: Time: 5.685242291000122; Command Position: 0.22264221797633849; Output Position: 0.2199783894916728; Motor Current: 88.0
[2026-02-17 11:15:53,918] INFO: Time: 5.686302876000127; Command Position: 0.22264221797633849; Output Position: 0.21995990779543326; Motor Current: 86.0
[2026-02-17 11:15:53,919] INFO: Time: 5.687361905000216; Command Position: 0.22264221797633849; Output Position: 0.2199783894916728; Motor Current: 87.0
[2026-02-17 11:15:53,920] INFO: Time: 5.68842047000021; Command Position: 0.22264221797633849; Output Position: 0.2199783894916728; Motor Current: 88.0
[2026-02-17 11:15:53,921] INFO: Time: 5.689479110000093; Command Position: 0.22264221797633849; Output Position: 0.2199783894916728; Motor Current: 87.0
[2026-02-17 11:15:53,922] INFO: Time: 5.690537639000013; Command Position: 0.22264221797633849; Output Position: 0.2199783894916728; Motor Current: 89.0
[2026-02-17 11:15:53,923] INFO: Time: 5.691598983000176; Command Position: 0.22264221797633849; Output Position: 0.2199783894916728; Motor Current: 87.0
[2026-02-17 11:15:53,925] INFO: Time: 5.692905088000089; Command Position: 0.22264221797633849; Output Position: 0.2199783894916728; Motor Current: 85.0
[2026-02-17 11:15:53,926] INFO: Time: 5.693969783000057; Command Position: 0.22264221797633849; Output Position: 0.21996914864355302; Motor Current: 84.0
[2026-02-17 11:15:53,927] INFO: Time: 5.695030627000051; Command Position: 0.22264221797633849; Output Position: 0.21998763033979263; Motor Current: 85.0
[2026-02-17 11:15:53,928] INFO: Time: 5.696090341000172; Command Position: 0.22264221797633849; Output Position: 0.21998763033979263; Motor Current: 84.0
[2026-02-17 11:15:53,929] INFO: Time: 5.6971498330001396; Command Position: 0.22264221797633849; Output Position: 0.2199968711879124; Motor Current: 84.0
[2026-02-17 11:15:53,930] INFO: Time: 5.698210473000017; Command Position: 0.22264221797633849; Output Position: 0.2199783894916728; Motor Current: 83.0
[2026-02-17 11:15:53,931] INFO: Time: 5.699272409000059; Command Position: 0.22264221797633849; Output Position: 0.2199783894916728; Motor Current: 84.0
[2026-02-17 11:15:53,932] INFO: Time: 5.700331586000175; Command Position: 0.22264221797633849; Output Position: 0.2199968711879124; Motor Current: 86.0
[2026-02-17 11:15:53,933] INFO: Time: 5.701390522000111; Command Position: 0.22264221797633849; Output Position: 0.2199783894916728; Motor Current: 88.0
[2026-02-17 11:15:53,934] INFO: Time: 5.702449255000147; Command Position: 0.22264221797633849; Output Position: 0.21998763033979263; Motor Current: 87.0
[2026-02-17 11:15:53,935] INFO: Time: 5.7035086540001885; Command Position: 0.22264221797633849; Output Position: 0.2199783894916728; Motor Current: 87.0
[2026-02-17 11:15:53,936] INFO: Time: 5.704569164000077; Command Position: 0.22264221797633849; Output Position: 0.2199783894916728; Motor Current: 86.0
[2026-02-17 11:15:53,937] INFO: Time: 5.705630508000013; Command Position: 0.22264221797633849; Output Position: 0.2199783894916728; Motor Current: 88.0
[2026-02-17 11:15:53,938] INFO: Time: 5.706690388000197; Command Position: 0.22264221797633849; Output Position: 0.21998763033979263; Motor Current: 89.0
[2026-02-17 11:15:53,940] INFO: Time: 5.707757584000092; Command Position: 0.22264221797633849; Output Position: 0.21998763033979263; Motor Current: 86.0
[2026-02-17 11:15:53,941] INFO: Time: 5.708819390000144; Command Position: 0.22264221797633849; Output Position: 0.2199783894916728; Motor Current: 83.0
[2026-02-17 11:15:53,942] INFO: Time: 5.710015402000181; Command Position: 0.22264221797633849; Output Position: 0.2199783894916728; Motor Current: 83.0
[2026-02-17 11:15:53,943] INFO: Time: 5.711076116000186; Command Position: 0.22264221797633849; Output Position: 0.21998763033979263; Motor Current: 86.0
[2026-02-17 11:15:53,944] INFO: Time: 5.712136256000122; Command Position: 0.22264221797633849; Output Position: 0.2199783894916728; Motor Current: 85.0
[2026-02-17 11:15:53,945] INFO: Time: 5.713196433000121; Command Position: 0.22264221797633849; Output Position: 0.21998763033979263; Motor Current: 85.0
[2026-02-17 11:15:53,946] INFO: Time: 5.714255573000173; Command Position: 0.22264221797633849; Output Position: 0.21998763033979263; Motor Current: 82.0
[2026-02-17 11:15:53,947] INFO: Time: 5.715322231000073; Command Position: 0.22264221797633849; Output Position: 0.21998763033979263; Motor Current: 82.0
[2026-02-17 11:15:53,948] INFO: Time: 5.716382353000199; Command Position: 0.22264221797633849; Output Position: 0.2199783894916728; Motor Current: 82.0
[2026-02-17 11:15:53,949] INFO: Time: 5.717443048000177; Command Position: 0.22264221797633849; Output Position: 0.2199783894916728; Motor Current: 83.0
[2026-02-17 11:15:53,950] INFO: Time: 5.718502058000013; Command Position: 0.22264221797633849; Output Position: 0.2199783894916728; Motor Current: 86.0
[2026-02-17 11:15:53,951] INFO: Time: 5.7195607720000226; Command Position: 0.22264221797633849; Output Position: 0.2199783894916728; Motor Current: 84.0
[2026-02-17 11:15:53,952] INFO: Time: 5.720619283000133; Command Position: 0.22264221797633849; Output Position: 0.21996914864355302; Motor Current: 85.0
[2026-02-17 11:15:53,953] INFO: Time: 5.721679811000058; Command Position: 0.22264221797633849; Output Position: 0.2199783894916728; Motor Current: 85.0
[2026-02-17 11:15:53,955] INFO: Time: 5.722740859000169; Command Position: 0.22264221797633849; Output Position: 0.2199968711879124; Motor Current: 85.0
[2026-02-17 11:15:53,956] INFO: Time: 5.723808480000116; Command Position: 0.22264221797633849; Output Position: 0.21998763033979263; Motor Current: 86.0
[2026-02-17 11:15:53,957] INFO: Time: 5.724867416000052; Command Position: 0.22264221797633849; Output Position: 0.2199783894916728; Motor Current: 87.0
[2026-02-17 11:15:53,958] INFO: Time: 5.725926056000162; Command Position: 0.22264221797633849; Output Position: 0.21998763033979263; Motor Current: 84.0
[2026-02-17 11:15:53,959] INFO: Time: 5.7269849369999974; Command Position: 0.22264221797633849; Output Position: 0.2199783894916728; Motor Current: 81.0
[2026-02-17 11:15:53,960] INFO: Time: 5.728046132000145; Command Position: 0.22264221797633849; Output Position: 0.21998763033979263; Motor Current: 82.0
[2026-02-17 11:15:53,961] INFO: Time: 5.729107995000049; Command Position: 0.22264221797633849; Output Position: 0.2199783894916728; Motor Current: 83.0
[2026-02-17 11:15:53,962] INFO: Time: 5.730166838000059; Command Position: 0.22264221797633849; Output Position: 0.2199783894916728; Motor Current: 80.0
[2026-02-17 11:15:53,963] INFO: Time: 5.7312255890001325; Command Position: 0.22264221797633849; Output Position: 0.2199783894916728; Motor Current: 81.0
[2026-02-17 11:15:53,964] INFO: Time: 5.732284303000142; Command Position: 0.22264221797633849; Output Position: 0.21998763033979263; Motor Current: 84.0
[2026-02-17 11:15:53,965] INFO: Time: 5.7333430360001785; Command Position: 0.22264221797633849; Output Position: 0.2199783894916728; Motor Current: 84.0
[2026-02-17 11:15:53,966] INFO: Time: 5.73440384200012; Command Position: 0.22264221797633849; Output Position: 0.2199783894916728; Motor Current: 85.0
[2026-02-17 11:15:53,967] INFO: Time: 5.73546483400014; Command Position: 0.22264221797633849; Output Position: 0.21996914864355302; Motor Current: 83.0
[2026-02-17 11:15:53,968] INFO: Time: 5.736523752000039; Command Position: 0.22264221797633849; Output Position: 0.21998763033979263; Motor Current: 82.0
[2026-02-17 11:15:53,969] INFO: Time: 5.737582521000149; Command Position: 0.22264221797633849; Output Position: 0.2199783894916728; Motor Current: 83.0
[2026-02-17 11:15:53,970] INFO: Time: 5.738641254000186; Command Position: 0.22264221797633849; Output Position: 0.2199783894916728; Motor Current: 82.0
[2026-02-17 11:15:53,971] INFO: Time: 5.739701745000048; Command Position: 0.22264221797633849; Output Position: 0.21996914864355302; Motor Current: 83.0
[2026-02-17 11:15:53,973] INFO: Time: 5.740762422000216; Command Position: 0.22264221797633849; Output Position: 0.21998763033979263; Motor Current: 84.0
[2026-02-17 11:15:53,974] INFO: Time: 5.741821451000078; Command Position: 0.22264221797633849; Output Position: 0.21998763033979263; Motor Current: 84.0
[2026-02-17 11:15:53,975] INFO: Time: 5.742880369000204; Command Position: 0.22264221797633849; Output Position: 0.21996914864355302; Motor Current: 86.0
[2026-02-17 11:15:53,976] INFO: Time: 5.743939342000203; Command Position: 0.22264221797633849; Output Position: 0.2199783894916728; Motor Current: 87.0
[2026-02-17 11:15:53,977] INFO: Time: 5.744998260000102; Command Position: 0.22264221797633849; Output Position: 0.21998763033979263; Motor Current: 86.0
[2026-02-17 11:15:53,978] INFO: Time: 5.7460619370001496; Command Position: 0.22264221797633849; Output Position: 0.2199783894916728; Motor Current: 86.0
[2026-02-17 11:15:53,979] INFO: Time: 5.747123077000197; Command Position: 0.22264221797633849; Output Position: 0.21996914864355302; Motor Current: 88.0
[2026-02-17 11:15:53,980] INFO: Time: 5.748186494000038; Command Position: 0.22264221797633849; Output Position: 0.21996914864355302; Motor Current: 88.0
[2026-02-17 11:15:53,981] INFO: Time: 5.7492455970000265; Command Position: 0.22264221797633849; Output Position: 0.21998763033979263; Motor Current: 87.0
[2026-02-17 11:15:53,982] INFO: Time: 5.750303793000057; Command Position: 0.22264221797633849; Output Position: 0.2199783894916728; Motor Current: 86.0
[2026-02-17 11:15:53,983] INFO: Time: 5.751362358000051; Command Position: 0.22264221797633849; Output Position: 0.21996914864355302; Motor Current: 84.0
[2026-02-17 11:15:53,984] INFO: Time: 5.752423258000135; Command Position: 0.22264221797633849; Output Position: 0.21998763033979263; Motor Current: 84.0
[2026-02-17 11:15:53,985] INFO: Time: 5.753485138000087; Command Position: 0.22264221797633849; Output Position: 0.2199783894916728; Motor Current: 82.0
[2026-02-17 11:15:53,986] INFO: Time: 5.754544630000055; Command Position: 0.22264221797633849; Output Position: 0.2199783894916728; Motor Current: 79.0
[2026-02-17 11:15:53,987] INFO: Time: 5.755603992000033; Command Position: 0.22264221797633849; Output Position: 0.2199783894916728; Motor Current: 80.0
[2026-02-17 11:15:53,988] INFO: Time: 5.756662447000053; Command Position: 0.22264221797633849; Output Position: 0.21998763033979263; Motor Current: 81.0
[2026-02-17 11:15:53,989] INFO: Time: 5.757722772000079; Command Position: 0.22264221797633849; Output Position: 0.2199783894916728; Motor Current: 79.0
[2026-02-17 11:15:53,991] INFO: Time: 5.758784504000005; Command Position: 0.22264221797633849; Output Position: 0.21998763033979263; Motor Current: 81.0
[2026-02-17 11:15:53,992] INFO: Time: 5.7598452000002; Command Position: 0.22264221797633849; Output Position: 0.21996914864355302; Motor Current: 82.0
[2026-02-17 11:15:53,993] INFO: Time: 5.7609043030001885; Command Position: 0.22264221797633849; Output Position: 0.2199968711879124; Motor Current: 82.0
[2026-02-17 11:15:53,994] INFO: Time: 5.761962961000108; Command Position: 0.22264221797633849; Output Position: 0.21996914864355302; Motor Current: 84.0
[2026-02-17 11:15:53,995] INFO: Time: 5.7630350090000775; Command Position: 0.22264221797633849; Output Position: 0.21998763033979263; Motor Current: 82.0
[2026-02-17 11:15:53,996] INFO: Time: 5.764153223000221; Command Position: 0.22264221797633849; Output Position: 0.21998763033979263; Motor Current: 84.0
[2026-02-17 11:15:53,997] INFO: Time: 5.765213400000221; Command Position: 0.22264221797633849; Output Position: 0.2199783894916728; Motor Current: 83.0
[2026-02-17 11:15:53,998] INFO: Time: 5.7662737070002095; Command Position: 0.22264221797633849; Output Position: 0.21998763033979263; Motor Current: 83.0
[2026-02-17 11:15:53,999] INFO: Time: 5.767333143000087; Command Position: 0.22264221797633849; Output Position: 0.21996914864355302; Motor Current: 84.0
[2026-02-17 11:15:54,000] INFO: Time: 5.768392172000176; Command Position: 0.22264221797633849; Output Position: 0.2199783894916728; Motor Current: 83.0
[2026-02-17 11:15:54,001] INFO: Time: 5.76945327500016; Command Position: 0.22264221797633849; Output Position: 0.2199783894916728; Motor Current: 85.0
[2026-02-17 11:15:54,002] INFO: Time: 5.770514007000202; Command Position: 0.22264221797633849; Output Position: 0.2199783894916728; Motor Current: 84.0
[2026-02-17 11:15:54,003] INFO: Time: 5.771573406000016; Command Position: 0.22264221797633849; Output Position: 0.21998763033979263; Motor Current: 83.0
[2026-02-17 11:15:54,004] INFO: Time: 5.772632009000063; Command Position: 0.22264221797633849; Output Position: 0.21998763033979263; Motor Current: 84.0
[2026-02-17 11:15:54,005] INFO: Time: 5.773690445000057; Command Position: 0.22264221797633849; Output Position: 0.21996914864355302; Motor Current: 84.0
[2026-02-17 11:15:54,007] INFO: Time: 5.774751641000194; Command Position: 0.22264221797633849; Output Position: 0.21996914864355302; Motor Current: 85.0
[2026-02-17 11:15:54,008] INFO: Time: 5.775811947000193; Command Position: 0.22264221797633849; Output Position: 0.21998763033979263; Motor Current: 86.0
[2026-02-17 11:15:54,009] INFO: Time: 5.776871865000203; Command Position: 0.22264221797633849; Output Position: 0.2199783894916728; Motor Current: 87.0
[2026-02-17 11:15:54,010] INFO: Time: 5.777930783000102; Command Position: 0.22264221797633849; Output Position: 0.2199783894916728; Motor Current: 85.0
[2026-02-17 11:15:54,011] INFO: Time: 5.7789896260001115; Command Position: 0.22264221797633849; Output Position: 0.2199783894916728; Motor Current: 86.0
[2026-02-17 11:15:54,012] INFO: Time: 5.780048507000174; Command Position: 0.22264221797633849; Output Position: 0.2199783894916728; Motor Current: 85.0
[2026-02-17 11:15:54,013] INFO: Time: 5.781110091000073; Command Position: 0.22264221797633849; Output Position: 0.2199783894916728; Motor Current: 85.0
[2026-02-17 11:15:54,014] INFO: Time: 5.782191454000213; Command Position: 0.22264221797633849; Output Position: 0.2199968711879124; Motor Current: 88.0
[2026-02-17 11:15:54,015] INFO: Time: 5.783250760000101; Command Position: 0.22264221797633849; Output Position: 0.2199968711879124; Motor Current: 88.0
[2026-02-17 11:15:54,016] INFO: Time: 5.784309771000153; Command Position: 0.22264221797633849; Output Position: 0.2199783894916728; Motor Current: 85.0
[2026-02-17 11:15:54,017] INFO: Time: 5.7853819850001855; Command Position: 0.22264221797633849; Output Position: 0.2199783894916728; Motor Current: 85.0
[2026-02-17 11:15:54,018] INFO: Time: 5.786440995000021; Command Position: 0.22264221797633849; Output Position: 0.2199783894916728; Motor Current: 86.0
[2026-02-17 11:15:54,019] INFO: Time: 5.7875036720001845; Command Position: 0.22264221797633849; Output Position: 0.21996914864355302; Motor Current: 88.0
[2026-02-17 11:15:54,020] INFO: Time: 5.788563738000221; Command Position: 0.22264221797633849; Output Position: 0.2199783894916728; Motor Current: 88.0
[2026-02-17 11:15:54,021] INFO: Time: 5.78962385900013; Command Position: 0.22264221797633849; Output Position: 0.21996914864355302; Motor Current: 88.0
[2026-02-17 11:15:54,022] INFO: Time: 5.790682906000029; Command Position: 0.22264221797633849; Output Position: 0.2199783894916728; Motor Current: 87.0
[2026-02-17 11:15:54,024] INFO: Time: 5.791741917000081; Command Position: 0.22264221797633849; Output Position: 0.21998763033979263; Motor Current: 90.0
[2026-02-17 11:15:54,025] INFO: Time: 5.792802334000044; Command Position: 0.22264221797633849; Output Position: 0.21998763033979263; Motor Current: 91.0
[2026-02-17 11:15:54,026] INFO: Time: 5.793864067000186; Command Position: 0.22264221797633849; Output Position: 0.2199783894916728; Motor Current: 91.0
[2026-02-17 11:15:54,027] INFO: Time: 5.794923355000037; Command Position: 0.22264221797633849; Output Position: 0.2199783894916728; Motor Current: 88.0
[2026-02-17 11:15:54,028] INFO: Time: 5.7959820130001845; Command Position: 0.22264221797633849; Output Position: 0.2199783894916728; Motor Current: 83.0
[2026-02-17 11:15:54,029] INFO: Time: 5.797041153000009; Command Position: 0.22264221797633849; Output Position: 0.2199783894916728; Motor Current: 85.0
[2026-02-17 11:15:54,030] INFO: Time: 5.798205035000137; Command Position: 0.22264221797633849; Output Position: 0.21996914864355302; Motor Current: 83.0
[2026-02-17 11:15:54,031] INFO: Time: 5.799268193000216; Command Position: 0.22264221797633849; Output Position: 0.21996914864355302; Motor Current: 85.0
[2026-02-17 11:15:54,032] INFO: Time: 5.800330667000026; Command Position: 0.22264221797633849; Output Position: 0.21998763033979263; Motor Current: 85.0
[2026-02-17 11:15:54,033] INFO: Time: 5.80139041800021; Command Position: 0.22264221797633849; Output Position: 0.21998763033979263; Motor Current: 85.0
[2026-02-17 11:15:54,034] INFO: Time: 5.802449409000019; Command Position: 0.22264221797633849; Output Position: 0.21996914864355302; Motor Current: 85.0
[2026-02-17 11:15:54,035] INFO: Time: 5.803508290000082; Command Position: 0.22264221797633849; Output Position: 0.21998763033979263; Motor Current: 85.0
[2026-02-17 11:15:54,036] INFO: Time: 5.8045699860001605; Command Position: 0.22264221797633849; Output Position: 0.2199783894916728; Motor Current: 84.0
[2026-02-17 11:15:54,037] INFO: Time: 5.805630755000038; Command Position: 0.22264221797633849; Output Position: 0.21998763033979263; Motor Current: 82.0
[2026-02-17 11:15:54,038] INFO: Time: 5.806690062000143; Command Position: 0.22264221797633849; Output Position: 0.21998763033979263; Motor Current: 83.0
[2026-02-17 11:15:54,040] INFO: Time: 5.807748887000116; Command Position: 0.22264221797633849; Output Position: 0.2199783894916728; Motor Current: 83.0
[2026-02-17 11:15:54,041] INFO: Time: 5.808807730000126; Command Position: 0.22264221797633849; Output Position: 0.2199783894916728; Motor Current: 81.0
[2026-02-17 11:15:54,042] INFO: Time: 5.809874870000158; Command Position: 0.22264221797633849; Output Position: 0.2199968711879124; Motor Current: 80.0
[2026-02-17 11:15:54,043] INFO: Time: 5.810937140000078; Command Position: 0.22264221797633849; Output Position: 0.21998763033979263; Motor Current: 80.0
[2026-02-17 11:15:54,044] INFO: Time: 5.811996909000072; Command Position: 0.22264221797633849; Output Position: 0.2199783894916728; Motor Current: 80.0
[2026-02-17 11:15:54,045] INFO: Time: 5.81305519700004; Command Position: 0.22264221797633849; Output Position: 0.21998763033979263; Motor Current: 81.0
[2026-02-17 11:15:54,046] INFO: Time: 5.814114893000124; Command Position: 0.22264221797633849; Output Position: 0.2199783894916728; Motor Current: 81.0
[2026-02-17 11:15:54,047] INFO: Time: 5.815190088999998; Command Position: 0.22264221797633849; Output Position: 0.2199968711879124; Motor Current: 83.0
[2026-02-17 11:15:54,048] INFO: Time: 5.81625074700014; Command Position: 0.22264221797633849; Output Position: 0.21996914864355302; Motor Current: 83.0
[2026-02-17 11:15:54,049] INFO: Time: 5.817313257000023; Command Position: 0.22264221797633849; Output Position: 0.21996914864355302; Motor Current: 83.0
[2026-02-17 11:15:54,050] INFO: Time: 5.818373638000139; Command Position: 0.22264221797633849; Output Position: 0.21998763033979263; Motor Current: 83.0
[2026-02-17 11:15:54,051] INFO: Time: 5.819435482000017; Command Position: 0.22264221797633849; Output Position: 0.21998763033979263; Motor Current: 85.0
[2026-02-17 11:15:54,052] INFO: Time: 5.820496436000212; Command Position: 0.22264221797633849; Output Position: 0.2199968711879124; Motor Current: 84.0
[2026-02-17 11:15:54,053] INFO: Time: 5.821555891000116; Command Position: 0.22264221797633849; Output Position: 0.2199783894916728; Motor Current: 84.0
[2026-02-17 11:15:54,054] INFO: Time: 5.822616716000084; Command Position: 0.22264221797633849; Output Position: 0.21998763033979263; Motor Current: 83.0
[2026-02-17 11:15:54,055] INFO: Time: 5.823677263000036; Command Position: 0.22264221797633849; Output Position: 0.2199783894916728; Motor Current: 81.0
[2026-02-17 11:15:54,056] INFO: Time: 5.8247367180001675; Command Position: 0.22264221797633849; Output Position: 0.22000611203603218; Motor Current: 84.0
[2026-02-17 11:15:54,058] INFO: Time: 5.825795932000119; Command Position: 0.22264221797633849; Output Position: 0.2199783894916728; Motor Current: 84.0
[2026-02-17 11:15:54,059] INFO: Time: 5.826855442000124; Command Position: 0.22264221797633849; Output Position: 0.21996914864355302; Motor Current: 83.0
[2026-02-17 11:15:54,060] INFO: Time: 5.827914342000213; Command Position: 0.22264221797633849; Output Position: 0.21998763033979263; Motor Current: 82.0
[2026-02-17 11:15:54,061] INFO: Time: 5.828975519000096; Command Position: 0.22264221797633849; Output Position: 0.21998763033979263; Motor Current: 83.0
[2026-02-17 11:15:54,062] INFO: Time: 5.830038381000122; Command Position: 0.22264221797633849; Output Position: 0.2199783894916728; Motor Current: 84.0
[2026-02-17 11:15:54,063] INFO: Time: 5.831096835000153; Command Position: 0.22264221797633849; Output Position: 0.21998763033979263; Motor Current: 85.0
[2026-02-17 11:15:54,064] INFO: Time: 5.832155568000189; Command Position: 0.22264221797633849; Output Position: 0.2199783894916728; Motor Current: 84.0
[2026-02-17 11:15:54,065] INFO: Time: 5.833214282000199; Command Position: 0.22264221797633849; Output Position: 0.21998763033979263; Motor Current: 86.0
[2026-02-17 11:15:54,066] INFO: Time: 5.834272848000182; Command Position: 0.22264221797633849; Output Position: 0.2199783894916728; Motor Current: 86.0
[2026-02-17 11:15:54,067] INFO: Time: 5.835333321000007; Command Position: 0.22264221797633849; Output Position: 0.21998763033979263; Motor Current: 84.0
[2026-02-17 11:15:54,068] INFO: Time: 5.836394405000192; Command Position: 0.22264221797633849; Output Position: 0.21998763033979263; Motor Current: 85.0
[2026-02-17 11:15:54,069] INFO: Time: 5.837453971000059; Command Position: 0.22264221797633849; Output Position: 0.21998763033979263; Motor Current: 86.0
[2026-02-17 11:15:54,070] INFO: Time: 5.838512833000095; Command Position: 0.22264221797633849; Output Position: 0.2199783894916728; Motor Current: 85.0
[2026-02-17 11:15:54,071] INFO: Time: 5.839571603000195; Command Position: 0.22264221797633849; Output Position: 0.21998763033979263; Motor Current: 87.0
[2026-02-17 11:15:54,072] INFO: Time: 5.840630113000088; Command Position: 0.22264221797633849; Output Position: 0.2199783894916728; Motor Current: 88.0
[2026-02-17 11:15:54,073] INFO: Time: 5.841691068000046; Command Position: 0.22264221797633849; Output Position: 0.2199783894916728; Motor Current: 86.0
[2026-02-17 11:15:54,075] INFO: Time: 5.842751282000108; Command Position: 0.22264221797633849; Output Position: 0.2199783894916728; Motor Current: 86.0
[2026-02-17 11:15:54,076] INFO: Time: 5.843805940000038; Command Position: 0.22264221797633849; Output Position: 0.21998763033979263; Motor Current: 84.0
[2026-02-17 11:15:54,077] INFO: Time: 5.844864358000223; Command Position: 0.22264221797633849; Output Position: 0.21996914864355302; Motor Current: 84.0
[2026-02-17 11:15:54,078] INFO: Time: 5.8459227940002165; Command Position: 0.22264221797633849; Output Position: 0.2199783894916728; Motor Current: 83.0
[2026-02-17 11:15:54,079] INFO: Time: 5.846981082000184; Command Position: 0.22264221797633849; Output Position: 0.2199783894916728; Motor Current: 84.0
[2026-02-17 11:15:54,080] INFO: Time: 5.84804096300013; Command Position: 0.22264221797633849; Output Position: 0.21998763033979263; Motor Current: 83.0
[2026-02-17 11:15:54,081] INFO: Time: 5.849101843000199; Command Position: 0.22264221797633849; Output Position: 0.21996914864355302; Motor Current: 83.0
[2026-02-17 11:15:54,082] INFO: Time: 5.850159465000161; Command Position: 0.22264221797633849; Output Position: 0.2199783894916728; Motor Current: 83.0
[2026-02-17 11:15:54,083] INFO: Time: 5.851217864000091; Command Position: 0.22264221797633849; Output Position: 0.22000611203603218; Motor Current: 83.0
[2026-02-17 11:15:54,084] INFO: Time: 5.852282004000017; Command Position: 0.22264221797633849; Output Position: 0.21998763033979263; Motor Current: 81.0
[2026-02-17 11:15:54,085] INFO: Time: 5.853344440000001; Command Position: 0.22264221797633849; Output Position: 0.2199968711879124; Motor Current: 80.0
[2026-02-17 11:15:54,086] INFO: Time: 5.854405432000021; Command Position: 0.22264221797633849; Output Position: 0.2199783894916728; Motor Current: 77.0
[2026-02-17 11:15:54,087] INFO: Time: 5.855465720000211; Command Position: 0.22264221797633849; Output Position: 0.21998763033979263; Motor Current: 81.0
[2026-02-17 11:15:54,088] INFO: Time: 5.856524860000036; Command Position: 0.22264221797633849; Output Position: 0.21998763033979263; Motor Current: 82.0
[2026-02-17 11:15:54,089] INFO: Time: 5.857583870000099; Command Position: 0.22264221797633849; Output Position: 0.21996914864355302; Motor Current: 83.0
[2026-02-17 11:15:54,090] INFO: Time: 5.858642584000108; Command Position: 0.22264221797633849; Output Position: 0.21998763033979263; Motor Current: 82.0
[2026-02-17 11:15:54,091] INFO: Time: 5.859703465000166; Command Position: 0.22264221797633849; Output Position: 0.2199783894916728; Motor Current: 83.0
[2026-02-17 11:15:54,093] INFO: Time: 5.860763734000102; Command Position: 0.22264221797633849; Output Position: 0.21998763033979263; Motor Current: 84.0
[2026-02-17 11:15:54,094] INFO: Time: 5.861822596000138; Command Position: 0.22264221797633849; Output Position: 0.2199783894916728; Motor Current: 87.0
[2026-02-17 11:15:54,095] INFO: Time: 5.862880977000032; Command Position: 0.22264221797633849; Output Position: 0.21998763033979263; Motor Current: 87.0
[2026-02-17 11:15:54,096] INFO: Time: 5.8639391910000995; Command Position: 0.22264221797633849; Output Position: 0.21998763033979263; Motor Current: 87.0
[2026-02-17 11:15:54,097] INFO: Time: 5.865150499000038; Command Position: 0.22264221797633849; Output Position: 0.2199783894916728; Motor Current: 85.0
[2026-02-17 11:15:54,098] INFO: Time: 5.866240584000025; Command Position: 0.22264221797633849; Output Position: 0.2199783894916728; Motor Current: 85.0
[2026-02-17 11:15:54,099] INFO: Time: 5.867299113000172; Command Position: 0.22264221797633849; Output Position: 0.2199968711879124; Motor Current: 84.0
[2026-02-17 11:15:54,100] INFO: Time: 5.868357826000192; Command Position: 0.22264221797633849; Output Position: 0.21998763033979263; Motor Current: 84.0
[2026-02-17 11:15:54,101] INFO: Time: 5.869417281000096; Command Position: 0.22264221797633849; Output Position: 0.21998763033979263; Motor Current: 84.0
[2026-02-17 11:15:54,102] INFO: Time: 5.870475810000016; Command Position: 0.22264221797633849; Output Position: 0.2199783894916728; Motor Current: 84.0
[2026-02-17 11:15:54,103] INFO: Time: 5.871536820000074; Command Position: 0.22264221797633849; Output Position: 0.2199783894916728; Motor Current: 84.0
[2026-02-17 11:15:54,104] INFO: Time: 5.8725978860002215; Command Position: 0.22264221797633849; Output Position: 0.2199783894916728; Motor Current: 85.0
[2026-02-17 11:15:54,105] INFO: Time: 5.873657452000089; Command Position: 0.22264221797633849; Output Position: 0.2199783894916728; Motor Current: 86.0
[2026-02-17 11:15:54,107] INFO: Time: 5.874883908000129; Command Position: 0.22264221797633849; Output Position: 0.2199783894916728; Motor Current: 85.0
[2026-02-17 11:15:54,108] INFO: Time: 5.876075475000107; Command Position: 0.22264221797633849; Output Position: 0.21998763033979263; Motor Current: 83.0
[2026-02-17 11:15:54,109] INFO: Time: 5.8771384490000855; Command Position: 0.22264221797633849; Output Position: 0.2199783894916728; Motor Current: 82.0
[2026-02-17 11:15:54,110] INFO: Time: 5.878199089000191; Command Position: 0.22264221797633849; Output Position: 0.2199783894916728; Motor Current: 83.0
[2026-02-17 11:15:54,111] INFO: Time: 5.879258543000105; Command Position: 0.22264221797633849; Output Position: 0.2199783894916728; Motor Current: 83.0
[2026-02-17 11:15:54,112] INFO: Time: 5.880317165000179; Command Position: 0.22264221797633849; Output Position: 0.21998763033979263; Motor Current: 81.0
[2026-02-17 11:15:54,113] INFO: Time: 5.881386971000211; Command Position: 0.22264221797633849; Output Position: 0.21998763033979263; Motor Current: 83.0
[2026-02-17 11:15:54,114] INFO: Time: 5.88244557400003; Command Position: 0.22264221797633849; Output Position: 0.2199783894916728; Motor Current: 83.0
[2026-02-17 11:15:54,115] INFO: Time: 5.883506659000204; Command Position: 0.22264221797633849; Output Position: 0.2199783894916728; Motor Current: 82.0
[2026-02-17 11:15:54,116] INFO: Time: 5.884567132000029; Command Position: 0.22264221797633849; Output Position: 0.21998763033979263; Motor Current: 85.0
[2026-02-17 11:15:54,117] INFO: Time: 5.885626531000071; Command Position: 0.22264221797633849; Output Position: 0.2199783894916728; Motor Current: 86.0
[2026-02-17 11:15:54,118] INFO: Time: 5.886685356000044; Command Position: 0.22264221797633849; Output Position: 0.2199783894916728; Motor Current: 87.0
[2026-02-17 11:15:54,120] INFO: Time: 5.887743718000138; Command Position: 0.22264221797633849; Output Position: 0.2199783894916728; Motor Current: 86.0
[2026-02-17 11:15:54,121] INFO: Time: 5.888804654000069; Command Position: 0.22264221797633849; Output Position: 0.2199783894916728; Motor Current: 88.0
[2026-02-17 11:15:54,122] INFO: Time: 5.889865591000216; Command Position: 0.22264221797633849; Output Position: 0.2199783894916728; Motor Current: 88.0
[2026-02-17 11:15:54,123] INFO: Time: 5.890925323000147; Command Position: 0.22264221797633849; Output Position: 0.21998763033979263; Motor Current: 88.0
[2026-02-17 11:15:54,124] INFO: Time: 5.891984222000019; Command Position: 0.22264221797633849; Output Position: 0.21998763033979263; Motor Current: 90.0
[2026-02-17 11:15:54,125] INFO: Time: 5.893042696000066; Command Position: 0.22264221797633849; Output Position: 0.2199783894916728; Motor Current: 88.0
[2026-02-17 11:15:54,126] INFO: Time: 5.894100558000218; Command Position: 0.22264221797633849; Output Position: 0.21998763033979263; Motor Current: 88.0
[2026-02-17 11:15:54,127] INFO: Time: 5.89516612400007; Command Position: 0.22264221797633849; Output Position: 0.2199783894916728; Motor Current: 86.0
[2026-02-17 11:15:54,128] INFO: Time: 5.896227615000043; Command Position: 0.22264221797633849; Output Position: 0.21998763033979263; Motor Current: 85.0
[2026-02-17 11:15:54,129] INFO: Time: 5.897287070000175; Command Position: 0.22264221797633849; Output Position: 0.21998763033979263; Motor Current: 84.0
[2026-02-17 11:15:54,130] INFO: Time: 5.89834595100001; Command Position: 0.22264221797633849; Output Position: 0.2199783894916728; Motor Current: 85.0
[2026-02-17 11:15:54,131] INFO: Time: 5.8994048310000835; Command Position: 0.22264221797633849; Output Position: 0.21998763033979263; Motor Current: 86.0
[2026-02-17 11:15:54,132] INFO: Time: 5.90046330500013; Command Position: 0.22264221797633849; Output Position: 0.21998763033979263; Motor Current: 86.0
[2026-02-17 11:15:54,133] INFO: Time: 5.90152468500014; Command Position: 0.22264221797633849; Output Position: 0.2199783894916728; Motor Current: 84.0
[2026-02-17 11:15:54,134] INFO: Time: 5.902585325000018; Command Position: 0.22264221797633849; Output Position: 0.2199783894916728; Motor Current: 85.0
[2026-02-17 11:15:54,135] INFO: Time: 5.90364459500006; Command Position: 0.22264221797633849; Output Position: 0.2199783894916728; Motor Current: 85.0
[2026-02-17 11:15:54,136] INFO: Time: 5.904707661000202; Command Position: 0.22264221797633849; Output Position: 0.21998763033979263; Motor Current: 85.0
[2026-02-17 11:15:54,138] INFO: Time: 5.905766578000112; Command Position: 0.22264221797633849; Output Position: 0.21998763033979263; Motor Current: 87.0
[2026-02-17 11:15:54,139] INFO: Time: 5.9068271070000264; Command Position: 0.22264221797633849; Output Position: 0.2199783894916728; Motor Current: 85.0
[2026-02-17 11:15:54,140] INFO: Time: 5.907888303000163; Command Position: 0.22264221797633849; Output Position: 0.2199783894916728; Motor Current: 83.0
[2026-02-17 11:15:54,141] INFO: Time: 5.908947368000099; Command Position: 0.22264221797633849; Output Position: 0.2199783894916728; Motor Current: 83.0
[2026-02-17 11:15:54,142] INFO: Time: 5.910006156000009; Command Position: 0.22264221797633849; Output Position: 0.21998763033979263; Motor Current: 84.0
[2026-02-17 11:15:54,143] INFO: Time: 5.911064833000182; Command Position: 0.22264221797633849; Output Position: 0.2199783894916728; Motor Current: 84.0
[2026-02-17 11:15:54,144] INFO: Time: 5.912123529000155; Command Position: 0.22264221797633849; Output Position: 0.21998763033979263; Motor Current: 85.0
[2026-02-17 11:15:54,145] INFO: Time: 5.913185909000049; Command Position: 0.22264221797633849; Output Position: 0.2199783894916728; Motor Current: 83.0
[2026-02-17 11:15:54,146] INFO: Time: 5.9142472900000485; Command Position: 0.22264221797633849; Output Position: 0.2199783894916728; Motor Current: 85.0
[2026-02-17 11:15:54,147] INFO: Time: 5.915306467000164; Command Position: 0.22264221797633849; Output Position: 0.2199783894916728; Motor Current: 84.0
[2026-02-17 11:15:54,148] INFO: Time: 5.916365366000036; Command Position: 0.22264221797633849; Output Position: 0.2199783894916728; Motor Current: 85.0
[2026-02-17 11:15:54,149] INFO: Time: 5.9174245990000145; Command Position: 0.22264221797633849; Output Position: 0.21998763033979263; Motor Current: 84.0
[2026-02-17 11:15:54,150] INFO: Time: 5.918483035000008; Command Position: 0.22264221797633849; Output Position: 0.21996914864355302; Motor Current: 86.0
[2026-02-17 11:15:54,151] INFO: Time: 5.919544656000198; Command Position: 0.22264221797633849; Output Position: 0.2199783894916728; Motor Current: 86.0
[2026-02-17 11:15:54,152] INFO: Time: 5.920606000000134; Command Position: 0.22264221797633849; Output Position: 0.21998763033979263; Motor Current: 85.0
[2026-02-17 11:15:54,153] INFO: Time: 5.921665325000049; Command Position: 0.22264221797633849; Output Position: 0.21998763033979263; Motor Current: 84.0
[2026-02-17 11:15:54,154] INFO: Time: 5.922724298000048; Command Position: 0.22264221797633849; Output Position: 0.2199783894916728; Motor Current: 83.0
[2026-02-17 11:15:54,156] INFO: Time: 5.923783809000042; Command Position: 0.22264221797633849; Output Position: 0.21998763033979263; Motor Current: 83.0
[2026-02-17 11:15:54,157] INFO: Time: 5.9248460230001; Command Position: 0.22264221797633849; Output Position: 0.21998763033979263; Motor Current: 83.0
[2026-02-17 11:15:54,158] INFO: Time: 5.925908496000147; Command Position: 0.22264221797633849; Output Position: 0.21996914864355302; Motor Current: 82.0
[2026-02-17 11:15:54,159] INFO: Time: 5.9269678580001255; Command Position: 0.22264221797633849; Output Position: 0.21998763033979263; Motor Current: 85.0
[2026-02-17 11:15:54,160] INFO: Time: 5.928026813000088; Command Position: 0.22264221797633849; Output Position: 0.2199783894916728; Motor Current: 83.0
[2026-02-17 11:15:54,161] INFO: Time: 5.929134212000008; Command Position: 0.22264221797633849; Output Position: 0.2199783894916728; Motor Current: 83.0
[2026-02-17 11:15:54,162] INFO: Time: 5.9301926670000285; Command Position: 0.22264221797633849; Output Position: 0.2199783894916728; Motor Current: 85.0
[2026-02-17 11:15:54,163] INFO: Time: 5.931254140000192; Command Position: 0.22264221797633849; Output Position: 0.2199783894916728; Motor Current: 86.0
[2026-02-17 11:15:54,164] INFO: Time: 5.93231585400008; Command Position: 0.22264221797633849; Output Position: 0.2199783894916728; Motor Current: 86.0
[2026-02-17 11:15:54,165] INFO: Time: 5.933375105000096; Command Position: 0.22264221797633849; Output Position: 0.2199968711879124; Motor Current: 85.0
[2026-02-17 11:15:54,166] INFO: Time: 5.934433893000005; Command Position: 0.22264221797633849; Output Position: 0.21998763033979263; Motor Current: 83.0
[2026-02-17 11:15:54,167] INFO: Time: 5.935492737000004; Command Position: 0.22264221797633849; Output Position: 0.2199783894916728; Motor Current: 85.0
[2026-02-17 11:15:54,168] INFO: Time: 5.936551432000215; Command Position: 0.22264221797633849; Output Position: 0.2199783894916728; Motor Current: 85.0
[2026-02-17 11:15:54,169] INFO: Time: 5.937613609000209; Command Position: 0.22264221797633849; Output Position: 0.21998763033979263; Motor Current: 85.0
[2026-02-17 11:15:54,170] INFO: Time: 5.938675323000098; Command Position: 0.22264221797633849; Output Position: 0.2199783894916728; Motor Current: 86.0
[2026-02-17 11:15:54,172] INFO: Time: 5.939734519000012; Command Position: 0.22264221797633849; Output Position: 0.21998763033979263; Motor Current: 88.0
[2026-02-17 11:15:54,173] INFO: Time: 5.940793436000149; Command Position: 0.22264221797633849; Output Position: 0.2199783894916728; Motor Current: 89.0
[2026-02-17 11:15:54,174] INFO: Time: 5.941907818000118; Command Position: 0.22264221797633849; Output Position: 0.21998763033979263; Motor Current: 87.0
[2026-02-17 11:15:54,175] INFO: Time: 5.942968217000043; Command Position: 0.22264221797633849; Output Position: 0.21998763033979263; Motor Current: 88.0
[2026-02-17 11:15:54,176] INFO: Time: 5.944031098000096; Command Position: 0.22264221797633849; Output Position: 0.2199783894916728; Motor Current: 90.0
[2026-02-17 11:15:54,177] INFO: Time: 5.945093126000074; Command Position: 0.22264221797633849; Output Position: 0.21998763033979263; Motor Current: 90.0
[2026-02-17 11:15:54,178] INFO: Time: 5.946151229000179; Command Position: 0.22264221797633849; Output Position: 0.21996914864355302; Motor Current: 88.0
[2026-02-17 11:15:54,179] INFO: Time: 5.947211164999999; Command Position: 0.22264221797633849; Output Position: 0.21996914864355302; Motor Current: 88.0
[2026-02-17 11:15:54,180] INFO: Time: 5.948269972000162; Command Position: 0.22264221797633849; Output Position: 0.2199783894916728; Motor Current: 88.0
[2026-02-17 11:15:54,181] INFO: Time: 5.949332204000029; Command Position: 0.22264221797633849; Output Position: 0.2199968711879124; Motor Current: 88.0
[2026-02-17 11:15:54,182] INFO: Time: 5.950393030000214; Command Position: 0.22264221797633849; Output Position: 0.2199783894916728; Motor Current: 89.0
[2026-02-17 11:15:54,183] INFO: Time: 5.951453521000076; Command Position: 0.22264221797633849; Output Position: 0.2199783894916728; Motor Current: 87.0
[2026-02-17 11:15:54,184] INFO: Time: 5.9525124950000645; Command Position: 0.22264221797633849; Output Position: 0.21998763033979263; Motor Current: 88.0
[2026-02-17 11:15:54,185] INFO: Time: 5.95357167200018; Command Position: 0.22264221797633849; Output Position: 0.2199783894916728; Motor Current: 85.0
[2026-02-17 11:15:54,186] INFO: Time: 5.954630830000042; Command Position: 0.22264221797633849; Output Position: 0.2199783894916728; Motor Current: 85.0
[2026-02-17 11:15:54,187] INFO: Time: 5.95569152500002; Command Position: 0.22264221797633849; Output Position: 0.21996914864355302; Motor Current: 86.0
[2026-02-17 11:15:54,189] INFO: Time: 5.95675264700003; Command Position: 0.22264221797633849; Output Position: 0.2199783894916728; Motor Current: 87.0
[2026-02-17 11:15:54,190] INFO: Time: 5.957811879000019; Command Position: 0.22264221797633849; Output Position: 0.21996914864355302; Motor Current: 84.0
[2026-02-17 11:15:54,191] INFO: Time: 5.958870797000145; Command Position: 0.22264221797633849; Output Position: 0.21998763033979263; Motor Current: 86.0
[2026-02-17 11:15:54,192] INFO: Time: 5.959929511000155; Command Position: 0.22264221797633849; Output Position: 0.2199783894916728; Motor Current: 85.0
[2026-02-17 11:15:54,193] INFO: Time: 5.960988243000202; Command Position: 0.22264221797633849; Output Position: 0.21998763033979263; Motor Current: 85.0
[2026-02-17 11:15:54,194] INFO: Time: 5.962051402000043; Command Position: 0.22264221797633849; Output Position: 0.2199783894916728; Motor Current: 83.0
[2026-02-17 11:15:54,195] INFO: Time: 5.9631123010001374; Command Position: 0.22264221797633849; Output Position: 0.2199783894916728; Motor Current: 83.0
[2026-02-17 11:15:54,196] INFO: Time: 5.964172904000179; Command Position: 0.22264221797633849; Output Position: 0.2199783894916728; Motor Current: 84.0
[2026-02-17 11:15:54,197] INFO: Time: 5.9652317850000145; Command Position: 0.22264221797633849; Output Position: 0.2199783894916728; Motor Current: 82.0
[2026-02-17 11:15:54,198] INFO: Time: 5.966290499000024; Command Position: 0.22264221797633849; Output Position: 0.21998763033979263; Motor Current: 81.0
[2026-02-17 11:15:54,199] INFO: Time: 5.967349120000108; Command Position: 0.22264221797633849; Output Position: 0.2199783894916728; Motor Current: 84.0
[2026-02-17 11:15:54,200] INFO: Time: 5.968409612000187; Command Position: 0.22264221797633849; Output Position: 0.21996914864355302; Motor Current: 85.0
[2026-02-17 11:15:54,201] INFO: Time: 5.969470066000213; Command Position: 0.22264221797633849; Output Position: 0.21998763033979263; Motor Current: 83.0
[2026-02-17 11:15:54,202] INFO: Time: 5.970529132000138; Command Position: 0.22264221797633849; Output Position: 0.2199783894916728; Motor Current: 85.0
[2026-02-17 11:15:54,203] INFO: Time: 5.971588013000201; Command Position: 0.22264221797633849; Output Position: 0.2199783894916728; Motor Current: 86.0
[2026-02-17 11:15:54,204] INFO: Time: 5.97264674500002; Command Position: 0.22264221797633849; Output Position: 0.21998763033979263; Motor Current: 85.0
[2026-02-17 11:15:54,205] INFO: Time: 5.973706978000109; Command Position: 0.22264221797633849; Output Position: 0.21998763033979263; Motor Current: 82.0
[2026-02-17 11:15:54,207] INFO: Time: 5.974767155000109; Command Position: 0.22264221797633849; Output Position: 0.21998763033979263; Motor Current: 81.0
[2026-02-17 11:15:54,208] INFO: Time: 5.975828684000135; Command Position: 0.22264221797633849; Output Position: 0.2199783894916728; Motor Current: 81.0
[2026-02-17 11:15:54,209] INFO: Time: 5.976887453000018; Command Position: 0.22264221797633849; Output Position: 0.2199783894916728; Motor Current: 83.0
[2026-02-17 11:15:54,210] INFO: Time: 5.977946538000197; Command Position: 0.22264221797633849; Output Position: 0.21998763033979263; Motor Current: 81.0
[2026-02-17 11:15:54,211] INFO: Time: 5.979005548000032; Command Position: 0.22264221797633849; Output Position: 0.21996914864355302; Motor Current: 82.0
[2026-02-17 11:15:54,212] INFO: Time: 5.9802255970000715; Command Position: 0.22264221797633849; Output Position: 0.2199783894916728; Motor Current: 82.0
[2026-02-17 11:15:54,213] INFO: Time: 5.981454238000197; Command Position: 0.22264221797633849; Output Position: 0.21996914864355302; Motor Current: 83.0
[2026-02-17 11:15:54,214] INFO: Time: 5.98249808200012; Command Position: 0.22264221797633849; Output Position: 0.21998763033979263; Motor Current: 83.0
[2026-02-17 11:15:54,215] INFO: Time: 5.983559388000003; Command Position: 0.22264221797633849; Output Position: 0.21996914864355302; Motor Current: 84.0
[2026-02-17 11:15:54,216] INFO: Time: 5.984618621000209; Command Position: 0.22264221797633849; Output Position: 0.2199783894916728; Motor Current: 84.0
[2026-02-17 11:15:54,217] INFO: Time: 5.985680076000108; Command Position: 0.22264221797633849; Output Position: 0.2199783894916728; Motor Current: 84.0
[2026-02-17 11:15:54,219] INFO: Time: 5.986740845000213; Command Position: 0.22264221797633849; Output Position: 0.2199783894916728; Motor Current: 82.0
[2026-02-17 11:15:54,220] INFO: Time: 5.987803874000065; Command Position: 0.22264221797633849; Output Position: 0.2199783894916728; Motor Current: 84.0
[2026-02-17 11:15:54,221] INFO: Time: 5.988862718000064; Command Position: 0.22264221797633849; Output Position: 0.2199783894916728; Motor Current: 84.0
[2026-02-17 11:15:54,222] INFO: Time: 5.989921598000137; Command Position: 0.22264221797633849; Output Position: 0.21996914864355302; Motor Current: 85.0
[2026-02-17 11:15:54,223] INFO: Time: 5.990980405000073; Command Position: 0.22264221797633849; Output Position: 0.2199968711879124; Motor Current: 85.0
[2026-02-17 11:15:54,224] INFO: Time: 5.99217152700021; Command Position: 0.22264221797633849; Output Position: 0.2199783894916728; Motor Current: 86.0
[2026-02-17 11:15:54,225] INFO: Time: 5.993245519000084; Command Position: 0.22264221797633849; Output Position: 0.2199783894916728; Motor Current: 86.0
[2026-02-17 11:15:54,226] INFO: Time: 5.994304789000125; Command Position: 0.22264221797633849; Output Position: 0.2199783894916728; Motor Current: 86.0
[2026-02-17 11:15:54,227] INFO: Time: 5.9953638180002145; Command Position: 0.22264221797633849; Output Position: 0.2199968711879124; Motor Current: 89.0
[2026-02-17 11:15:54,228] INFO: Time: 5.996422439000071; Command Position: 0.22264221797633849; Output Position: 0.21998763033979263; Motor Current: 88.0
[2026-02-17 11:15:54,229] INFO: Time: 5.997481338000171; Command Position: 0.22264221797633849; Output Position: 0.21995990779543326; Motor Current: 89.0
[2026-02-17 11:15:54,230] INFO: Time: 5.998543089000123; Command Position: 0.22264221797633849; Output Position: 0.2199968711879124; Motor Current: 85.0
[2026-02-17 11:15:54,231] INFO: Time: 5.99960409900018; Command Position: 0.22264221797633849; Output Position: 0.2199783894916728; Motor Current: 86.0
[2026-02-17 11:15:54,232] INFO: Time: 6.000663073000169; Command Position: 0.22264221797633849; Output Position: 0.21998763033979263; Motor Current: 89.0
[2026-02-17 11:15:54,233] INFO: Time: 6.001721990000078; Command Position: 0.22264221797633849; Output Position: 0.2199783894916728; Motor Current: 89.0
[2026-02-17 11:15:54,235] INFO: Time: 6.002780982000104; Command Position: 0.22264221797633849; Output Position: 0.2199783894916728; Motor Current: 89.0
[2026-02-17 11:15:54,236] INFO: Time: 6.003841381000029; Command Position: 0.22264221797633849; Output Position: 0.2199783894916728; Motor Current: 88.0
[2026-02-17 11:15:54,237] INFO: Time: 6.004902762000029; Command Position: 0.22264221797633849; Output Position: 0.21998763033979263; Motor Current: 87.0
[2026-02-17 11:15:54,238] INFO: Time: 6.005962198000134; Command Position: 0.22264221797633849; Output Position: 0.2199783894916728; Motor Current: 87.0
[2026-02-17 11:15:54,239] INFO: Time: 6.0070210790001966; Command Position: 0.22264221797633849; Output Position: 0.2199783894916728; Motor Current: 86.0
[2026-02-17 11:15:54,240] INFO: Time: 6.008080108000058; Command Position: 0.22264221797633849; Output Position: 0.2199783894916728; Motor Current: 86.0
[2026-02-17 11:15:54,241] INFO: Time: 6.009291305000033; Command Position: 0.22264221797633849; Output Position: 0.2199783894916728; Motor Current: 83.0
[2026-02-17 11:15:54,242] INFO: Time: 6.010353833000181; Command Position: 0.22264221797633849; Output Position: 0.2199783894916728; Motor Current: 84.0
[2026-02-17 11:15:54,243] INFO: Time: 6.011412825000207; Command Position: 0.22264221797633849; Output Position: 0.2199968711879124; Motor Current: 84.0
[2026-02-17 11:15:54,244] INFO: Time: 6.012472409000111; Command Position: 0.22264221797633849; Output Position: 0.2199783894916728; Motor Current: 83.0
[2026-02-17 11:15:54,245] INFO: Time: 6.01353277200019; Command Position: 0.22264221797633849; Output Position: 0.2199783894916728; Motor Current: 84.0
[2026-02-17 11:15:54,246] INFO: Time: 6.01459257800002; Command Position: 0.22264221797633849; Output Position: 0.21998763033979263; Motor Current: 83.0
[2026-02-17 11:15:54,247] INFO: Time: 6.015654033000146; Command Position: 0.22264221797633849; Output Position: 0.21998763033979263; Motor Current: 85.0
[2026-02-17 11:15:54,248] INFO: Time: 6.016715969000188; Command Position: 0.22264221797633849; Output Position: 0.21998763033979263; Motor Current: 84.0
[2026-02-17 11:15:54,250] INFO: Time: 6.017775405000066; Command Position: 0.22264221797633849; Output Position: 0.21998763033979263; Motor Current: 83.0
[2026-02-17 11:15:54,251] INFO: Time: 6.018834767000044; Command Position: 0.22264221797633849; Output Position: 0.2199783894916728; Motor Current: 81.0
[2026-02-17 11:15:54,252] INFO: Time: 6.01989350000008; Command Position: 0.22264221797633849; Output Position: 0.21996914864355302; Motor Current: 82.0
[2026-02-17 11:15:54,253] INFO: Time: 6.0209521950000635; Command Position: 0.22264221797633849; Output Position: 0.2199783894916728; Motor Current: 84.0
[2026-02-17 11:15:54,254] INFO: Time: 6.022015261000206; Command Position: 0.22264221797633849; Output Position: 0.2199783894916728; Motor Current: 84.0
[2026-02-17 11:15:54,255] INFO: Time: 6.023077456999999; Command Position: 0.22264221797633849; Output Position: 0.2199783894916728; Motor Current: 85.0
[2026-02-17 11:15:54,256] INFO: Time: 6.0241382820001945; Command Position: 0.22264221797633849; Output Position: 0.21998763033979263; Motor Current: 86.0
[2026-02-17 11:15:54,257] INFO: Time: 6.025197588000083; Command Position: 0.22264221797633849; Output Position: 0.2199783894916728; Motor Current: 85.0
[2026-02-17 11:15:54,258] INFO: Time: 6.026257599000019; Command Position: 0.22264221797633849; Output Position: 0.21998763033979263; Motor Current: 88.0
[2026-02-17 11:15:54,259] INFO: Time: 6.027315905000023; Command Position: 0.22264221797633849; Output Position: 0.21996914864355302; Motor Current: 87.0
[2026-02-17 11:15:54,260] INFO: Time: 6.028419472000223; Command Position: 0.22264221797633849; Output Position: 0.2199968711879124; Motor Current: 88.0
[2026-02-17 11:15:54,261] INFO: Time: 6.029479315000117; Command Position: 0.22264221797633849; Output Position: 0.2199783894916728; Motor Current: 85.0
[2026-02-17 11:15:54,262] INFO: Time: 6.030539011000201; Command Position: 0.22264221797633849; Output Position: 0.21996914864355302; Motor Current: 86.0
[2026-02-17 11:15:54,263] INFO: Time: 6.0315980580001; Command Position: 0.22264221797633849; Output Position: 0.21998763033979263; Motor Current: 84.0
[2026-02-17 11:15:54,264] INFO: Time: 6.032657068000162; Command Position: 0.22264221797633849; Output Position: 0.21998763033979263; Motor Current: 86.0
[2026-02-17 11:15:54,265] INFO: Time: 6.03371776400013; Command Position: 0.22264221797633849; Output Position: 0.2199783894916728; Motor Current: 87.0
[2026-02-17 11:15:54,267] INFO: Time: 6.034779033000177; Command Position: 0.22264221797633849; Output Position: 0.21996914864355302; Motor Current: 87.0
[2026-02-17 11:15:54,268] INFO: Time: 6.0358379140000125; Command Position: 0.22264221797633849; Output Position: 0.2199968711879124; Motor Current: 87.0
[2026-02-17 11:15:54,269] INFO: Time: 6.0368972390001545; Command Position: 0.22264221797633849; Output Position: 0.21996914864355302; Motor Current: 87.0
[2026-02-17 11:15:54,270] INFO: Time: 6.037955823000175; Command Position: 0.22264221797633849; Output Position: 0.21996914864355302; Motor Current: 88.0
[2026-02-17 11:15:54,271] INFO: Time: 6.039014630000111; Command Position: 0.22264221797633849; Output Position: 0.2199783894916728; Motor Current: 87.0
[2026-02-17 11:15:54,272] INFO: Time: 6.040075362000152; Command Position: 0.22264221797633849; Output Position: 0.2199783894916728; Motor Current: 88.0
[2026-02-17 11:15:54,273] INFO: Time: 6.04113605800012; Command Position: 0.22264221797633849; Output Position: 0.2199783894916728; Motor Current: 88.0
[2026-02-17 11:15:54,274] INFO: Time: 6.042194883000093; Command Position: 0.22264221797633849; Output Position: 0.21998763033979263; Motor Current: 85.0
[2026-02-17 11:15:54,275] INFO: Time: 6.043253393000214; Command Position: 0.22264221797633849; Output Position: 0.2199783894916728; Motor Current: 85.0
[2026-02-17 11:15:54,276] INFO: Time: 6.044311718000017; Command Position: 0.22264221797633849; Output Position: 0.2199783894916728; Motor Current: 85.0
[2026-02-17 11:15:54,277] INFO: Time: 6.045370080000112; Command Position: 0.22264221797633849; Output Position: 0.2199783894916728; Motor Current: 84.0
[2026-02-17 11:15:54,278] INFO: Time: 6.046431054000095; Command Position: 0.22264221797633849; Output Position: 0.21996914864355302; Motor Current: 86.0
[2026-02-17 11:15:54,279] INFO: Time: 6.047492434000105; Command Position: 0.22264221797633849; Output Position: 0.21998763033979263; Motor Current: 87.0
[2026-02-17 11:15:54,280] INFO: Time: 6.048551611000221; Command Position: 0.22264221797633849; Output Position: 0.21998763033979263; Motor Current: 85.0
[2026-02-17 11:15:54,281] INFO: Time: 6.04961052900012; Command Position: 0.22264221797633849; Output Position: 0.2199968711879124; Motor Current: 85.0
[2026-02-17 11:15:54,282] INFO: Time: 6.0506691870000395; Command Position: 0.22264221797633849; Output Position: 0.2199783894916728; Motor Current: 84.0
[2026-02-17 11:15:54,284] INFO: Time: 6.051729864000208; Command Position: 0.22264221797633849; Output Position: 0.2199783894916728; Motor Current: 83.0
[2026-02-17 11:15:54,285] INFO: Time: 6.052791264000007; Command Position: 0.22264221797633849; Output Position: 0.2199783894916728; Motor Current: 84.0
[2026-02-17 11:15:54,286] INFO: Time: 6.053850422000096; Command Position: 0.22264221797633849; Output Position: 0.2199783894916728; Motor Current: 85.0
[2026-02-17 11:15:54,287] INFO: Time: 6.054909247000069; Command Position: 0.22264221797633849; Output Position: 0.2199783894916728; Motor Current: 82.0
[2026-02-17 11:15:54,288] INFO: Time: 6.0559680540000045; Command Position: 0.22264221797633849; Output Position: 0.2199783894916728; Motor Current: 82.0
[2026-02-17 11:15:54,289] INFO: Time: 6.057026675000088; Command Position: 0.22264221797633849; Output Position: 0.2199783894916728; Motor Current: 81.0
[2026-02-17 11:15:54,290] INFO: Time: 6.058088704000056; Command Position: 0.22264221797633849; Output Position: 0.21998763033979263; Motor Current: 80.0
[2026-02-17 11:15:54,291] INFO: Time: 6.059150362000082; Command Position: 0.22264221797633849; Output Position: 0.21998763033979263; Motor Current: 82.0
[2026-02-17 11:15:54,292] INFO: Time: 6.060209372000145; Command Position: 0.22264221797633849; Output Position: 0.2199783894916728; Motor Current: 81.0
[2026-02-17 11:15:54,293] INFO: Time: 6.061268086000155; Command Position: 0.22264221797633849; Output Position: 0.21998763033979263; Motor Current: 81.0
[2026-02-17 11:15:54,294] INFO: Time: 6.062336152000171; Command Position: 0.22264221797633849; Output Position: 0.21996914864355302; Motor Current: 81.0
[2026-02-17 11:15:54,295] INFO: Time: 6.063394866000181; Command Position: 0.22264221797633849; Output Position: 0.21998763033979263; Motor Current: 81.0
[2026-02-17 11:15:54,296] INFO: Time: 6.064455432000159; Command Position: 0.22264221797633849; Output Position: 0.21998763033979263; Motor Current: 84.0
[2026-02-17 11:15:54,297] INFO: Time: 6.065516887000058; Command Position: 0.22264221797633849; Output Position: 0.2199783894916728; Motor Current: 82.0
[2026-02-17 11:15:54,298] INFO: Time: 6.0665763790000256; Command Position: 0.22264221797633849; Output Position: 0.21998763033979263; Motor Current: 82.0
[2026-02-17 11:15:54,299] INFO: Time: 6.067635630000041; Command Position: 0.22264221797633849; Output Position: 0.2199783894916728; Motor Current: 83.0
[2026-02-17 11:15:54,300] INFO: Time: 6.0686944550000135; Command Position: 0.22264221797633849; Output Position: 0.21998763033979263; Motor Current: 83.0
[2026-02-17 11:15:54,302] INFO: Time: 6.069756058000166; Command Position: 0.22264221797633849; Output Position: 0.2199783894916728; Motor Current: 82.0
[2026-02-17 11:15:54,303] INFO: Time: 6.070818216000134; Command Position: 0.22264221797633849; Output Position: 0.21998763033979263; Motor Current: 83.0
[2026-02-17 11:15:54,304] INFO: Time: 6.071877986000118; Command Position: 0.22264221797633849; Output Position: 0.21998763033979263; Motor Current: 82.0
[2026-02-17 11:15:54,305] INFO: Time: 6.07293707000008; Command Position: 0.22264221797633849; Output Position: 0.21996914864355302; Motor Current: 81.0
[2026-02-17 11:15:54,306] INFO: Time: 6.073995932000116; Command Position: 0.22264221797633849; Output Position: 0.21998763033979263; Motor Current: 82.0
[2026-02-17 11:15:54,307] INFO: Time: 6.0750544980001; Command Position: 0.22264221797633849; Output Position: 0.2199783894916728; Motor Current: 83.0
[2026-02-17 11:15:54,308] INFO: Time: 6.076116490000004; Command Position: 0.22264221797633849; Output Position: 0.21998763033979263; Motor Current: 84.0
[2026-02-17 11:15:54,309] INFO: Time: 6.077198667000175; Command Position: 0.22264221797633849; Output Position: 0.21998763033979263; Motor Current: 84.0
[2026-02-17 11:15:54,310] INFO: Time: 6.078511569000057; Command Position: 0.22264221797633849; Output Position: 0.2199783894916728; Motor Current: 84.0
[2026-02-17 11:15:54,311] INFO: Time: 6.079572783000003; Command Position: 0.22264221797633849; Output Position: 0.21998763033979263; Motor Current: 84.0
[2026-02-17 11:15:54,312] INFO: Time: 6.080633848000161; Command Position: 0.22264221797633849; Output Position: 0.2199968711879124; Motor Current: 85.0
[2026-02-17 11:15:54,313] INFO: Time: 6.081694507000066; Command Position: 0.22264221797633849; Output Position: 0.2199783894916728; Motor Current: 85.0
[2026-02-17 11:15:54,315] INFO: Time: 6.082755554000187; Command Position: 0.22264221797633849; Output Position: 0.21998763033979263; Motor Current: 86.0
[2026-02-17 11:15:54,316] INFO: Time: 6.083817083000213; Command Position: 0.22264221797633849; Output Position: 0.21996914864355302; Motor Current: 87.0
[2026-02-17 11:15:54,317] INFO: Time: 6.084878908000064; Command Position: 0.22264221797633849; Output Position: 0.21998763033979263; Motor Current: 88.0
[2026-02-17 11:15:54,318] INFO: Time: 6.085938418000069; Command Position: 0.22264221797633849; Output Position: 0.2199783894916728; Motor Current: 89.0
[2026-02-17 11:15:54,319] INFO: Time: 6.086997169000142; Command Position: 0.22264221797633849; Output Position: 0.2199783894916728; Motor Current: 89.0
[2026-02-17 11:15:54,320] INFO: Time: 6.088060698000163; Command Position: 0.22264221797633849; Output Position: 0.21998763033979263; Motor Current: 89.0
[2026-02-17 11:15:54,321] INFO: Time: 6.089121690000184; Command Position: 0.22264221797633849; Output Position: 0.2199783894916728; Motor Current: 90.0
[2026-02-17 11:15:54,322] INFO: Time: 6.090181385000051; Command Position: 0.22264221797633849; Output Position: 0.21998763033979263; Motor Current: 86.0
[2026-02-17 11:15:54,323] INFO: Time: 6.091240525000103; Command Position: 0.22264221797633849; Output Position: 0.21996914864355302; Motor Current: 87.0
[2026-02-17 11:15:54,324] INFO: Time: 6.092299406000166; Command Position: 0.22264221797633849; Output Position: 0.21998763033979263; Motor Current: 83.0
[2026-02-17 11:15:54,325] INFO: Time: 6.0933581570000115; Command Position: 0.22264221797633849; Output Position: 0.21996914864355302; Motor Current: 82.0
[2026-02-17 11:15:54,326] INFO: Time: 6.094419241000196; Command Position: 0.22264221797633849; Output Position: 0.2199783894916728; Motor Current: 83.0
[2026-02-17 11:15:54,327] INFO: Time: 6.095479863000037; Command Position: 0.22264221797633849; Output Position: 0.2199783894916728; Motor Current: 83.0
[2026-02-17 11:15:54,328] INFO: Time: 6.096539299000142; Command Position: 0.22264221797633849; Output Position: 0.2199783894916728; Motor Current: 85.0
[2026-02-17 11:15:54,329] INFO: Time: 6.097598143000141; Command Position: 0.22264221797633849; Output Position: 0.2199783894916728; Motor Current: 84.0
[2026-02-17 11:15:54,330] INFO: Time: 6.098656986000151; Command Position: 0.22264221797633849; Output Position: 0.21996914864355302; Motor Current: 83.0
[2026-02-17 11:15:54,331] INFO: Time: 6.099718033000045; Command Position: 0.22264221797633849; Output Position: 0.21998763033979263; Motor Current: 83.0
[2026-02-17 11:15:54,333] INFO: Time: 6.1007783400000335; Command Position: 0.22264221797633849; Output Position: 0.2199783894916728; Motor Current: 84.0
[2026-02-17 11:15:54,334] INFO: Time: 6.101837239000133; Command Position: 0.22264221797633849; Output Position: 0.2199783894916728; Motor Current: 85.0
[2026-02-17 11:15:54,335] INFO: Time: 6.102896046000069; Command Position: 0.22264221797633849; Output Position: 0.2199783894916728; Motor Current: 85.0
[2026-02-17 11:15:54,336] INFO: Time: 6.103954852000015; Command Position: 0.22264221797633849; Output Position: 0.2199783894916728; Motor Current: 85.0
[2026-02-17 11:15:54,337] INFO: Time: 6.1050136590001784; Command Position: 0.22264221797633849; Output Position: 0.21998763033979263; Motor Current: 84.0
[2026-02-17 11:15:54,338] INFO: Time: 6.106075891000046; Command Position: 0.22264221797633849; Output Position: 0.2199783894916728; Motor Current: 82.0
[2026-02-17 11:15:54,339] INFO: Time: 6.10713838300012; Command Position: 0.22264221797633849; Output Position: 0.2199783894916728; Motor Current: 84.0
[2026-02-17 11:15:54,340] INFO: Time: 6.108207597000046; Command Position: 0.22264221797633849; Output Position: 0.2199783894916728; Motor Current: 85.0
[2026-02-17 11:15:54,341] INFO: Time: 6.109266626000135; Command Position: 0.22264221797633849; Output Position: 0.21998763033979263; Motor Current: 87.0
[2026-02-17 11:15:54,342] INFO: Time: 6.110336081000014; Command Position: 0.22264221797633849; Output Position: 0.21998763033979263; Motor Current: 85.0
[2026-02-17 11:15:54,343] INFO: Time: 6.111394925000013; Command Position: 0.22264221797633849; Output Position: 0.2199783894916728; Motor Current: 84.0
[2026-02-17 11:15:54,344] INFO: Time: 6.11245625000015; Command Position: 0.22264221797633849; Output Position: 0.2199783894916728; Motor Current: 84.0
[2026-02-17 11:15:54,345] INFO: Time: 6.113516871000002; Command Position: 0.22264221797633849; Output Position: 0.2199968711879124; Motor Current: 83.0
[2026-02-17 11:15:54,346] INFO: Time: 6.114575752000064; Command Position: 0.22264221797633849; Output Position: 0.2199968711879124; Motor Current: 85.0
[2026-02-17 11:15:54,347] INFO: Time: 6.115634632000138; Command Position: 0.22264221797633849; Output Position: 0.21998763033979263; Motor Current: 86.0
[2026-02-17 11:15:54,348] INFO: Time: 6.116693902000179; Command Position: 0.22264221797633849; Output Position: 0.21996914864355302; Motor Current: 84.0
[2026-02-17 11:15:54,350] INFO: Time: 6.117753986000025; Command Position: 0.22264221797633849; Output Position: 0.21998763033979263; Motor Current: 81.0
[2026-02-17 11:15:54,351] INFO: Time: 6.118814422000014; Command Position: 0.22264221797633849; Output Position: 0.2199783894916728; Motor Current: 82.0
[2026-02-17 11:15:54,352] INFO: Time: 6.119873433000066; Command Position: 0.22264221797633849; Output Position: 0.21998763033979263; Motor Current: 85.0
[2026-02-17 11:15:54,353] INFO: Time: 6.1209322390000125; Command Position: 0.22264221797633849; Output Position: 0.21998763033979263; Motor Current: 85.0
[2026-02-17 11:15:54,354] INFO: Time: 6.121991009000112; Command Position: 0.22264221797633849; Output Position: 0.21996914864355302; Motor Current: 83.0
[2026-02-17 11:15:54,355] INFO: Time: 6.12321183500012; Command Position: 0.22264221797633849; Output Position: 0.2199783894916728; Motor Current: 85.0
[2026-02-17 11:15:54,356] INFO: Time: 6.1244435880000765; Command Position: 0.22264221797633849; Output Position: 0.2199783894916728; Motor Current: 85.0
[2026-02-17 11:15:54,357] INFO: Time: 6.125633414000049; Command Position: 0.22264221797633849; Output Position: 0.21998763033979263; Motor Current: 84.0
[2026-02-17 11:15:54,358] INFO: Time: 6.126693221000096; Command Position: 0.22264221797633849; Output Position: 0.2199783894916728; Motor Current: 85.0
[2026-02-17 11:15:54,360] INFO: Time: 6.127753361000032; Command Position: 0.22264221797633849; Output Position: 0.21998763033979263; Motor Current: 85.0
[2026-02-17 11:15:54,361] INFO: Time: 6.128812816000163; Command Position: 0.22264221797633849; Output Position: 0.2199783894916728; Motor Current: 84.0
[2026-02-17 11:15:54,362] INFO: Time: 6.129873733000068; Command Position: 0.22264221797633849; Output Position: 0.2199783894916728; Motor Current: 86.0
[2026-02-17 11:15:54,363] INFO: Time: 6.130935596000199; Command Position: 0.22264221797633849; Output Position: 0.21998763033979263; Motor Current: 86.0
[2026-02-17 11:15:54,364] INFO: Time: 6.131994976000215; Command Position: 0.22264221797633849; Output Position: 0.21998763033979263; Motor Current: 84.0
[2026-02-17 11:15:54,365] INFO: Time: 6.133055412000203; Command Position: 0.22264221797633849; Output Position: 0.21998763033979263; Motor Current: 81.0
[2026-02-17 11:15:54,366] INFO: Time: 6.134120997000082; Command Position: 0.22264221797633849; Output Position: 0.21998763033979263; Motor Current: 81.0
[2026-02-17 11:15:54,367] INFO: Time: 6.1352055260001634; Command Position: 0.22264221797633849; Output Position: 0.2199783894916728; Motor Current: 82.0
[2026-02-17 11:15:54,368] INFO: Time: 6.136267907000047; Command Position: 0.22264221797633849; Output Position: 0.2199783894916728; Motor Current: 82.0
[2026-02-17 11:15:54,369] INFO: Time: 6.1373467690000325; Command Position: 0.22264221797633849; Output Position: 0.21998763033979263; Motor Current: 83.0
[2026-02-17 11:15:54,370] INFO: Time: 6.138406798000005; Command Position: 0.22264221797633849; Output Position: 0.21998763033979263; Motor Current: 82.0
[2026-02-17 11:15:54,371] INFO: Time: 6.139465919000031; Command Position: 0.22264221797633849; Output Position: 0.2199783894916728; Motor Current: 82.0
[2026-02-17 11:15:54,372] INFO: Time: 6.140524800000094; Command Position: 0.22264221797633849; Output Position: 0.21998763033979263; Motor Current: 83.0
[2026-02-17 11:15:54,373] INFO: Time: 6.141583532000141; Command Position: 0.22264221797633849; Output Position: 0.21996914864355302; Motor Current: 84.0
[2026-02-17 11:15:54,374] INFO: Time: 6.142650154000194; Command Position: 0.22264221797633849; Output Position: 0.2199783894916728; Motor Current: 85.0
[2026-02-17 11:15:54,376] INFO: Time: 6.143714923000061; Command Position: 0.22264221797633849; Output Position: 0.2199783894916728; Motor Current: 85.0
[2026-02-17 11:15:54,377] INFO: Time: 6.144775804000119; Command Position: 0.22264221797633849; Output Position: 0.21998763033979263; Motor Current: 85.0
[2026-02-17 11:15:54,378] INFO: Time: 6.145835684000076; Command Position: 0.22264221797633849; Output Position: 0.2199783894916728; Motor Current: 86.0
[2026-02-17 11:15:54,379] INFO: Time: 6.146895658000176; Command Position: 0.22264221797633849; Output Position: 0.21998763033979263; Motor Current: 84.0
[2026-02-17 11:15:54,380] INFO: Time: 6.147955205000017; Command Position: 0.22264221797633849; Output Position: 0.2199783894916728; Motor Current: 86.0
[2026-02-17 11:15:54,381] INFO: Time: 6.149018234000096; Command Position: 0.22264221797633849; Output Position: 0.21998763033979263; Motor Current: 85.0
[2026-02-17 11:15:54,382] INFO: Time: 6.150080318000164; Command Position: 0.22264221797633849; Output Position: 0.2199783894916728; Motor Current: 85.0
[2026-02-17 11:15:54,383] INFO: Time: 6.151139329000216; Command Position: 0.22264221797633849; Output Position: 0.2199783894916728; Motor Current: 85.0
[2026-02-17 11:15:54,384] INFO: Time: 6.152367970000114; Command Position: 0.22264221797633849; Output Position: 0.2199783894916728; Motor Current: 86.0
[2026-02-17 11:15:54,385] INFO: Time: 6.153441277000184; Command Position: 0.22264221797633849; Output Position: 0.2199783894916728; Motor Current: 86.0
[2026-02-17 11:15:54,386] INFO: Time: 6.154503028000136; Command Position: 0.22264221797633849; Output Position: 0.2199968711879124; Motor Current: 84.0
[2026-02-17 11:15:54,387] INFO: Time: 6.15556418600022; Command Position: 0.22264221797633849; Output Position: 0.2199783894916728; Motor Current: 85.0
[2026-02-17 11:15:54,388] INFO: Time: 6.156625197000039; Command Position: 0.22264221797633849; Output Position: 0.2199783894916728; Motor Current: 86.0
[2026-02-17 11:15:54,389] INFO: Time: 6.157685262000086; Command Position: 0.22264221797633849; Output Position: 0.21996914864355302; Motor Current: 86.0
[2026-02-17 11:15:54,391] INFO: Time: 6.158744884000043; Command Position: 0.22264221797633849; Output Position: 0.2199783894916728; Motor Current: 87.0
[2026-02-17 11:15:54,392] INFO: Time: 6.159804894000217; Command Position: 0.22264221797633849; Output Position: 0.21998763033979263; Motor Current: 89.0
[2026-02-17 11:15:54,393] INFO: Time: 6.160863904000053; Command Position: 0.22264221797633849; Output Position: 0.21996914864355302; Motor Current: 88.0
[2026-02-17 11:15:54,394] INFO: Time: 6.161924878000036; Command Position: 0.22264221797633849; Output Position: 0.21998763033979263; Motor Current: 85.0
[2026-02-17 11:15:54,395] INFO: Time: 6.162986388000036; Command Position: 0.22264221797633849; Output Position: 0.21998763033979263; Motor Current: 86.0
[2026-02-17 11:15:54,396] INFO: Time: 6.164045435000162; Command Position: 0.22264221797633849; Output Position: 0.2199783894916728; Motor Current: 87.0
[2026-02-17 11:15:54,397] INFO: Time: 6.165103927000018; Command Position: 0.22264221797633849; Output Position: 0.21998763033979263; Motor Current: 86.0
[2026-02-17 11:15:54,398] INFO: Time: 6.166162474000203; Command Position: 0.22264221797633849; Output Position: 0.21998763033979263; Motor Current: 87.0
[2026-02-17 11:15:54,399] INFO: Time: 6.167220799000006; Command Position: 0.22264221797633849; Output Position: 0.2199783894916728; Motor Current: 84.0
[2026-02-17 11:15:54,400] INFO: Time: 6.168280402000164; Command Position: 0.22264221797633849; Output Position: 0.2199783894916728; Motor Current: 84.0
[2026-02-17 11:15:54,401] INFO: Time: 6.169354320000139; Command Position: 0.22264221797633849; Output Position: 0.2199783894916728; Motor Current: 83.0
[2026-02-17 11:15:54,402] INFO: Time: 6.170413034000148; Command Position: 0.22264221797633849; Output Position: 0.2199783894916728; Motor Current: 85.0
[2026-02-17 11:15:54,403] INFO: Time: 6.17147219200001; Command Position: 0.22264221797633849; Output Position: 0.21998763033979263; Motor Current: 84.0
[2026-02-17 11:15:54,404] INFO: Time: 6.172530592000157; Command Position: 0.22264221797633849; Output Position: 0.2199783894916728; Motor Current: 85.0
[2026-02-17 11:15:54,405] INFO: Time: 6.173589065000215; Command Position: 0.22264221797633849; Output Position: 0.2199783894916728; Motor Current: 85.0
[2026-02-17 11:15:54,406] INFO: Time: 6.1746500940000715; Command Position: 0.22264221797633849; Output Position: 0.21998763033979263; Motor Current: 85.0
[2026-02-17 11:15:54,407] INFO: Time: 6.175709696000013; Command Position: 0.22264221797633849; Output Position: 0.21998763033979263; Motor Current: 85.0
[2026-02-17 11:15:54,409] INFO: Time: 6.176769059000208; Command Position: 0.22264221797633849; Output Position: 0.21998763033979263; Motor Current: 84.0
[2026-02-17 11:15:54,410] INFO: Time: 6.177828476000059; Command Position: 0.22264221797633849; Output Position: 0.21996914864355302; Motor Current: 83.0
[2026-02-17 11:15:54,411] INFO: Time: 6.1788877460001; Command Position: 0.22264221797633849; Output Position: 0.2199783894916728; Motor Current: 85.0
[2026-02-17 11:15:54,412] INFO: Time: 6.179946923000216; Command Position: 0.22264221797633849; Output Position: 0.21998763033979263; Motor Current: 85.0
[2026-02-17 11:15:54,413] INFO: Time: 6.18101171100011; Command Position: 0.22264221797633849; Output Position: 0.2199783894916728; Motor Current: 87.0
[2026-02-17 11:15:54,414] INFO: Time: 6.1820736660001785; Command Position: 0.22264221797633849; Output Position: 0.21998763033979263; Motor Current: 88.0
[2026-02-17 11:15:54,415] INFO: Time: 6.18313434300012; Command Position: 0.22264221797633849; Output Position: 0.21998763033979263; Motor Current: 87.0
[2026-02-17 11:15:54,416] INFO: Time: 6.1842095940000945; Command Position: 0.22264221797633849; Output Position: 0.21998763033979263; Motor Current: 88.0
[2026-02-17 11:15:54,417] INFO: Time: 6.1852694370002155; Command Position: 0.22264221797633849; Output Position: 0.21998763033979263; Motor Current: 88.0
[2026-02-17 11:15:54,418] INFO: Time: 6.186328466000077; Command Position: 0.22264221797633849; Output Position: 0.21998763033979263; Motor Current: 87.0
[2026-02-17 11:15:54,419] INFO: Time: 6.187390088000029; Command Position: 0.22264221797633849; Output Position: 0.2199783894916728; Motor Current: 87.0
[2026-02-17 11:15:54,420] INFO: Time: 6.188451616000066; Command Position: 0.22264221797633849; Output Position: 0.21998763033979263; Motor Current: 87.0
[2026-02-17 11:15:54,421] INFO: Time: 6.1895107190000545; Command Position: 0.22264221797633849; Output Position: 0.2199783894916728; Motor Current: 89.0
[2026-02-17 11:15:54,422] INFO: Time: 6.190569563000054; Command Position: 0.22264221797633849; Output Position: 0.2199783894916728; Motor Current: 90.0
[2026-02-17 11:15:54,423] INFO: Time: 6.191628129000037; Command Position: 0.22264221797633849; Output Position: 0.2199783894916728; Motor Current: 92.0
[2026-02-17 11:15:54,424] INFO: Time: 6.192688806000206; Command Position: 0.22264221797633849; Output Position: 0.21998763033979263; Motor Current: 89.0
[2026-02-17 11:15:54,426] INFO: Time: 6.193750816000147; Command Position: 0.22264221797633849; Output Position: 0.2199783894916728; Motor Current: 89.0
[2026-02-17 11:15:54,427] INFO: Time: 6.194810956000083; Command Position: 0.22264221797633849; Output Position: 0.21996914864355302; Motor Current: 88.0
[2026-02-17 11:15:54,428] INFO: Time: 6.195870151000008; Command Position: 0.22264221797633849; Output Position: 0.21998763033979263; Motor Current: 86.0
[2026-02-17 11:15:54,429] INFO: Time: 6.196929458000113; Command Position: 0.22264221797633849; Output Position: 0.2199783894916728; Motor Current: 87.0
[2026-02-17 11:15:54,430] INFO: Time: 6.1979887640000015; Command Position: 0.22264221797633849; Output Position: 0.21998763033979263; Motor Current: 85.0
[2026-02-17 11:15:54,431] INFO: Time: 6.199050034000038; Command Position: 0.22264221797633849; Output Position: 0.21998763033979263; Motor Current: 84.0
[2026-02-17 11:15:54,432] INFO: Time: 6.200112507000085; Command Position: 0.22264221797633849; Output Position: 0.21998763033979263; Motor Current: 82.0
[2026-02-17 11:15:54,433] INFO: Time: 6.20117340600018; Command Position: 0.22264221797633849; Output Position: 0.2199783894916728; Motor Current: 83.0
[2026-02-17 11:15:54,434] INFO: Time: 6.2022326760002215; Command Position: 0.22264221797633849; Output Position: 0.2199783894916728; Motor Current: 85.0
[2026-02-17 11:15:54,435] INFO: Time: 6.203291631000184; Command Position: 0.22264221797633849; Output Position: 0.2199783894916728; Motor Current: 86.0
[2026-02-17 11:15:54,436] INFO: Time: 6.20435062200022; Command Position: 0.22264221797633849; Output Position: 0.2199783894916728; Motor Current: 85.0
[2026-02-17 11:15:54,437] INFO: Time: 6.20541155900014; Command Position: 0.22264221797633849; Output Position: 0.21998763033979263; Motor Current: 81.0
[2026-02-17 11:15:54,438] INFO: Time: 6.206472624000071; Command Position: 0.22264221797633849; Output Position: 0.21996914864355302; Motor Current: 83.0
[2026-02-17 11:15:54,439] INFO: Time: 6.2075318010001865; Command Position: 0.22264221797633849; Output Position: 0.21998763033979263; Motor Current: 86.0
[2026-02-17 11:15:54,440] INFO: Time: 6.208593867000218; Command Position: 0.22264221797633849; Output Position: 0.2199783894916728; Motor Current: 87.0
[2026-02-17 11:15:54,441] INFO: Time: 6.209659692000059; Command Position: 0.22264221797633849; Output Position: 0.21998763033979263; Motor Current: 87.0
[2026-02-17 11:15:54,443] INFO: Time: 6.210723055000017; Command Position: 0.22264221797633849; Output Position: 0.21996914864355302; Motor Current: 86.0
[2026-02-17 11:15:54,444] INFO: Time: 6.211784232000127; Command Position: 0.22264221797633849; Output Position: 0.2199783894916728; Motor Current: 84.0
[2026-02-17 11:15:54,445] INFO: Time: 6.212844297000174; Command Position: 0.22264221797633849; Output Position: 0.2199783894916728; Motor Current: 86.0
[2026-02-17 11:15:54,446] INFO: Time: 6.213903215000073; Command Position: 0.22264221797633849; Output Position: 0.2199783894916728; Motor Current: 86.0
[2026-02-17 11:15:54,447] INFO: Time: 6.214961985000173; Command Position: 0.22264221797633849; Output Position: 0.2199783894916728; Motor Current: 90.0
[2026-02-17 11:15:54,448] INFO: Time: 6.216140052000128; Command Position: 0.22264221797633849; Output Position: 0.2199783894916728; Motor Current: 89.0
[2026-02-17 11:15:54,449] INFO: Time: 6.217203840000138; Command Position: 0.22264221797633849; Output Position: 0.21998763033979263; Motor Current: 88.0
[2026-02-17 11:15:54,450] INFO: Time: 6.218265350000138; Command Position: 0.22264221797633849; Output Position: 0.2199783894916728; Motor Current: 85.0
[2026-02-17 11:15:54,451] INFO: Time: 6.2193244340001; Command Position: 0.22264221797633849; Output Position: 0.21998763033979263; Motor Current: 85.0
[2026-02-17 11:15:54,452] INFO: Time: 6.220383371000025; Command Position: 0.22264221797633849; Output Position: 0.2199783894916728; Motor Current: 84.0
[2026-02-17 11:15:54,453] INFO: Time: 6.221443159000046; Command Position: 0.22264221797633849; Output Position: 0.21996914864355302; Motor Current: 83.0
[2026-02-17 11:15:54,454] INFO: Time: 6.222502002000056; Command Position: 0.22264221797633849; Output Position: 0.2199783894916728; Motor Current: 83.0
[2026-02-17 11:15:54,455] INFO: Time: 6.223563216000002; Command Position: 0.22264221797633849; Output Position: 0.2199783894916728; Motor Current: 82.0
[2026-02-17 11:15:54,457] INFO: Time: 6.224829062000026; Command Position: 0.22264221797633849; Output Position: 0.2199783894916728; Motor Current: 82.0
[2026-02-17 11:15:54,458] INFO: Time: 6.225891627999999; Command Position: 0.22264221797633849; Output Position: 0.2199783894916728; Motor Current: 84.0
[2026-02-17 11:15:54,459] INFO: Time: 6.226953508000179; Command Position: 0.22264221797633849; Output Position: 0.21998763033979263; Motor Current: 84.0
[2026-02-17 11:15:54,460] INFO: Time: 6.228013314999998; Command Position: 0.22264221797633849; Output Position: 0.21998763033979263; Motor Current: 84.0
[2026-02-17 11:15:54,461] INFO: Time: 6.229076603000067; Command Position: 0.22264221797633849; Output Position: 0.21998763033979263; Motor Current: 84.0
[2026-02-17 11:15:54,462] INFO: Time: 6.230138724000199; Command Position: 0.22264221797633849; Output Position: 0.2199783894916728; Motor Current: 84.0
[2026-02-17 11:15:54,463] INFO: Time: 6.231207068000003; Command Position: 0.22264221797633849; Output Position: 0.2199783894916728; Motor Current: 83.0
[2026-02-17 11:15:54,464] INFO: Time: 6.2322659860001295; Command Position: 0.22264221797633849; Output Position: 0.2199783894916728; Motor Current: 84.0
[2026-02-17 11:15:54,465] INFO: Time: 6.233326052000166; Command Position: 0.22264221797633849; Output Position: 0.2199783894916728; Motor Current: 84.0
[2026-02-17 11:15:54,466] INFO: Time: 6.234384840000075; Command Position: 0.22264221797633849; Output Position: 0.21996914864355302; Motor Current: 85.0
[2026-02-17 11:15:54,467] INFO: Time: 6.235445943000059; Command Position: 0.22264221797633849; Output Position: 0.21998763033979263; Motor Current: 86.0
[2026-02-17 11:15:54,468] INFO: Time: 6.2365068420001535; Command Position: 0.22264221797633849; Output Position: 0.2199783894916728; Motor Current: 84.0
[2026-02-17 11:15:54,469] INFO: Time: 6.2375665000001845; Command Position: 0.22264221797633849; Output Position: 0.21998763033979263; Motor Current: 84.0
[2026-02-17 11:15:54,470] INFO: Time: 6.238625159000094; Command Position: 0.22264221797633849; Output Position: 0.21998763033979263; Motor Current: 86.0
[2026-02-17 11:15:54,471] INFO: Time: 6.239683724000088; Command Position: 0.22264221797633849; Output Position: 0.2199783894916728; Motor Current: 85.0
[2026-02-17 11:15:54,473] INFO: Time: 6.240744290000066; Command Position: 0.22264221797633849; Output Position: 0.2199783894916728; Motor Current: 85.0
[2026-02-17 11:15:54,474] INFO: Time: 6.2418040780000865; Command Position: 0.22264221797633849; Output Position: 0.21996914864355302; Motor Current: 86.0
[2026-02-17 11:15:54,475] INFO: Time: 6.242862977000186; Command Position: 0.22264221797633849; Output Position: 0.21996914864355302; Motor Current: 86.0
[2026-02-17 11:15:54,476] INFO: Time: 6.243921247000117; Command Position: 0.22264221797633849; Output Position: 0.21996914864355302; Motor Current: 88.0
[2026-02-17 11:15:54,477] INFO: Time: 6.2449798680002; Command Position: 0.22264221797633849; Output Position: 0.2199783894916728; Motor Current: 88.0
[2026-02-17 11:15:54,478] INFO: Time: 6.246038323000221; Command Position: 0.22264221797633849; Output Position: 0.21998763033979263; Motor Current: 87.0
[2026-02-17 11:15:54,479] INFO: Time: 6.24709977800012; Command Position: 0.22264221797633849; Output Position: 0.21998763033979263; Motor Current: 88.0
[2026-02-17 11:15:54,480] INFO: Time: 6.248159529000077; Command Position: 0.22264221797633849; Output Position: 0.21998763033979263; Motor Current: 87.0
[2026-02-17 11:15:54,481] INFO: Time: 6.249218780000092; Command Position: 0.22264221797633849; Output Position: 0.21996914864355302; Motor Current: 87.0
[2026-02-17 11:15:54,482] INFO: Time: 6.250277494000102; Command Position: 0.22264221797633849; Output Position: 0.2199783894916728; Motor Current: 88.0
[2026-02-17 11:15:54,483] INFO: Time: 6.251345115000049; Command Position: 0.22264221797633849; Output Position: 0.2199783894916728; Motor Current: 89.0
[2026-02-17 11:15:54,484] INFO: Time: 6.2524033480001435; Command Position: 0.22264221797633849; Output Position: 0.2199783894916728; Motor Current: 88.0
[2026-02-17 11:15:54,485] INFO: Time: 6.253464117000021; Command Position: 0.22264221797633849; Output Position: 0.21998763033979263; Motor Current: 88.0
[2026-02-17 11:15:54,486] INFO: Time: 6.254525128000068; Command Position: 0.22264221797633849; Output Position: 0.21998763033979263; Motor Current: 87.0
[2026-02-17 11:15:54,487] INFO: Time: 6.255584323000221; Command Position: 0.22264221797633849; Output Position: 0.2199783894916728; Motor Current: 86.0
[2026-02-17 11:15:54,488] INFO: Time: 6.2566429260000405; Command Position: 0.22264221797633849; Output Position: 0.2199783894916728; Motor Current: 86.0
[2026-02-17 11:15:54,489] INFO: Time: 6.257701918000066; Command Position: 0.22264221797633849; Output Position: 0.2199783894916728; Motor Current: 86.0
[2026-02-17 11:15:54,491] INFO: Time: 6.258762650000108; Command Position: 0.22264221797633849; Output Position: 0.2199783894916728; Motor Current: 86.0
[2026-02-17 11:15:54,492] INFO: Time: 6.259806494000031; Command Position: 0.22264221797633849; Output Position: 0.2199783894916728; Motor Current: 86.0
[2026-02-17 11:15:54,493] INFO: Time: 6.260865893000073; Command Position: 0.22264221797633849; Output Position: 0.2199783894916728; Motor Current: 87.0
[2026-02-17 11:15:54,494] INFO: Time: 6.262052108000034; Command Position: 0.22264221797633849; Output Position: 0.21998763033979263; Motor Current: 84.0
[2026-02-17 11:15:54,495] INFO: Time: 6.263149822000059; Command Position: 0.22264221797633849; Output Position: 0.21998763033979263; Motor Current: 84.0
[2026-02-17 11:15:54,496] INFO: Time: 6.264214759000197; Command Position: 0.22264221797633849; Output Position: 0.2199783894916728; Motor Current: 86.0
[2026-02-17 11:15:54,497] INFO: Time: 6.265294862000019; Command Position: 0.22264221797633849; Output Position: 0.2199783894916728; Motor Current: 87.0
[2026-02-17 11:15:54,498] INFO: Time: 6.266355335000071; Command Position: 0.22264221797633849; Output Position: 0.21998763033979263; Motor Current: 85.0
[2026-02-17 11:15:54,499] INFO: Time: 6.267414604000123; Command Position: 0.22264221797633849; Output Position: 0.2199783894916728; Motor Current: 86.0
[2026-02-17 11:15:54,500] INFO: Time: 6.268472837000218; Command Position: 0.22264221797633849; Output Position: 0.2199783894916728; Motor Current: 86.0
[2026-02-17 11:15:54,501] INFO: Time: 6.26956081000003; Command Position: 0.22264221797633849; Output Position: 0.21996914864355302; Motor Current: 86.0
[2026-02-17 11:15:54,502] INFO: Time: 6.270694896000123; Command Position: 0.22264221797633849; Output Position: 0.21998763033979263; Motor Current: 86.0
[2026-02-17 11:15:54,504] INFO: Time: 6.271753387000217; Command Position: 0.22264221797633849; Output Position: 0.21998763033979263; Motor Current: 85.0
[2026-02-17 11:15:54,505] INFO: Time: 6.272813898000095; Command Position: 0.22264221797633849; Output Position: 0.21996914864355302; Motor Current: 85.0
[2026-02-17 11:15:54,506] INFO: Time: 6.273872445000052; Command Position: 0.22264221797633849; Output Position: 0.21996914864355302; Motor Current: 84.0
[2026-02-17 11:15:54,507] INFO: Time: 6.274931714000104; Command Position: 0.22264221797633849; Output Position: 0.21996914864355302; Motor Current: 84.0
[2026-02-17 11:15:54,508] INFO: Time: 6.27599044700014; Command Position: 0.22264221797633849; Output Position: 0.2199968711879124; Motor Current: 82.0
[2026-02-17 11:15:54,509] INFO: Time: 6.277052587000071; Command Position: 0.22264221797633849; Output Position: 0.2199783894916728; Motor Current: 82.0
[2026-02-17 11:15:54,510] INFO: Time: 6.278113764000182; Command Position: 0.22264221797633849; Output Position: 0.2199783894916728; Motor Current: 81.0
[2026-02-17 11:15:54,511] INFO: Time: 6.279173626000102; Command Position: 0.22264221797633849; Output Position: 0.2199783894916728; Motor Current: 81.0
[2026-02-17 11:15:54,512] INFO: Time: 6.280232340000111; Command Position: 0.22264221797633849; Output Position: 0.2199783894916728; Motor Current: 83.0
[2026-02-17 11:15:54,513] INFO: Time: 6.281292424000185; Command Position: 0.22264221797633849; Output Position: 0.2199783894916728; Motor Current: 83.0
[2026-02-17 11:15:54,514] INFO: Time: 6.282350916000041; Command Position: 0.22264221797633849; Output Position: 0.2199783894916728; Motor Current: 83.0
[2026-02-17 11:15:54,515] INFO: Time: 6.283412074000125; Command Position: 0.22264221797633849; Output Position: 0.2199968711879124; Motor Current: 84.0
[2026-02-17 11:15:54,516] INFO: Time: 6.284474011000157; Command Position: 0.22264221797633849; Output Position: 0.21996914864355302; Motor Current: 83.0
[2026-02-17 11:15:54,517] INFO: Time: 6.285533151000209; Command Position: 0.22264221797633849; Output Position: 0.21996914864355302; Motor Current: 85.0
[2026-02-17 11:15:54,518] INFO: Time: 6.286592179000081; Command Position: 0.22264221797633849; Output Position: 0.2199968711879124; Motor Current: 85.0
[2026-02-17 11:15:54,519] INFO: Time: 6.287651319000133; Command Position: 0.22264221797633849; Output Position: 0.21998763033979263; Motor Current: 85.0
[2026-02-17 11:15:54,521] INFO: Time: 6.288718256000038; Command Position: 0.22264221797633849; Output Position: 0.2199783894916728; Motor Current: 85.0
[2026-02-17 11:15:54,522] INFO: Time: 6.289783266000086; Command Position: 0.22264221797633849; Output Position: 0.2199783894916728; Motor Current: 85.0
[2026-02-17 11:15:54,523] INFO: Time: 6.290846350000038; Command Position: 0.22264221797633849; Output Position: 0.2199783894916728; Motor Current: 85.0
[2026-02-17 11:15:54,524] INFO: Time: 6.291905935000159; Command Position: 0.22264221797633849; Output Position: 0.21998763033979263; Motor Current: 85.0
[2026-02-17 11:15:54,525] INFO: Time: 6.2929653340002005; Command Position: 0.22264221797633849; Output Position: 0.21998763033979263; Motor Current: 84.0
[2026-02-17 11:15:54,526] INFO: Time: 6.294024325999999; Command Position: 0.22264221797633849; Output Position: 0.21998763033979263; Motor Current: 84.0
[2026-02-17 11:15:54,527] INFO: Time: 6.295086299000104; Command Position: 0.22264221797633849; Output Position: 0.2199783894916728; Motor Current: 84.0
[2026-02-17 11:15:54,528] INFO: Time: 6.296147402000088; Command Position: 0.22264221797633849; Output Position: 0.21998763033979263; Motor Current: 83.0
[2026-02-17 11:15:54,529] INFO: Time: 6.297206986000219; Command Position: 0.22264221797633849; Output Position: 0.21998763033979263; Motor Current: 85.0
[2026-02-17 11:15:54,530] INFO: Time: 6.2982661630001076; Command Position: 0.22264221797633849; Output Position: 0.2199783894916728; Motor Current: 83.0
[2026-02-17 11:15:54,531] INFO: Time: 6.299324914000181; Command Position: 0.22264221797633849; Output Position: 0.21998763033979263; Motor Current: 82.0
[2026-02-17 11:15:54,532] INFO: Time: 6.300383295000074; Command Position: 0.22264221797633849; Output Position: 0.21996914864355302; Motor Current: 83.0
[2026-02-17 11:15:54,533] INFO: Time: 6.30144380500019; Command Position: 0.22264221797633849; Output Position: 0.2199968711879124; Motor Current: 82.0
[2026-02-17 11:15:54,534] INFO: Time: 6.302504371000168; Command Position: 0.22264221797633849; Output Position: 0.2199783894916728; Motor Current: 81.0
[2026-02-17 11:15:54,535] INFO: Time: 6.303563492000194; Command Position: 0.22264221797633849; Output Position: 0.2199783894916728; Motor Current: 82.0
[2026-02-17 11:15:54,536] INFO: Time: 6.304621947000214; Command Position: 0.22264221797633849; Output Position: 0.21996914864355302; Motor Current: 84.0
[2026-02-17 11:15:54,537] INFO: Time: 6.305680457000108; Command Position: 0.22264221797633849; Output Position: 0.21998763033979263; Motor Current: 84.0
[2026-02-17 11:15:54,539] INFO: Time: 6.306741356000202; Command Position: 0.22264221797633849; Output Position: 0.21998763033979263; Motor Current: 84.0
[2026-02-17 11:15:54,540] INFO: Time: 6.307805107000149; Command Position: 0.22264221797633849; Output Position: 0.2199783894916728; Motor Current: 85.0
[2026-02-17 11:15:54,541] INFO: Time: 6.3088638400001855; Command Position: 0.22264221797633849; Output Position: 0.2199783894916728; Motor Current: 82.0
[2026-02-17 11:15:54,542] INFO: Time: 6.309922239000116; Command Position: 0.22264221797633849; Output Position: 0.21998763033979263; Motor Current: 84.0
[2026-02-17 11:15:54,543] INFO: Time: 6.31098067500011; Command Position: 0.22264221797633849; Output Position: 0.2199783894916728; Motor Current: 83.0
[2026-02-17 11:15:54,544] INFO: Time: 6.31203920400003; Command Position: 0.22264221797633849; Output Position: 0.21998763033979263; Motor Current: 85.0
[2026-02-17 11:15:54,545] INFO: Time: 6.313102048000019; Command Position: 0.22264221797633849; Output Position: 0.2199968711879124; Motor Current: 83.0
[2026-02-17 11:15:54,546] INFO: Time: 6.314165095000135; Command Position: 0.22264221797633849; Output Position: 0.2199968711879124; Motor Current: 84.0
[2026-02-17 11:15:54,547] INFO: Time: 6.315225994000002; Command Position: 0.22264221797633849; Output Position: 0.2199968711879124; Motor Current: 84.0
[2026-02-17 11:15:54,548] INFO: Time: 6.316285356000208; Command Position: 0.22264221797633849; Output Position: 0.21998763033979263; Motor Current: 85.0
[2026-02-17 11:15:54,549] INFO: Time: 6.317349181000054; Command Position: 0.22264221797633849; Output Position: 0.2199783894916728; Motor Current: 85.0
[2026-02-17 11:15:54,550] INFO: Time: 6.3184076180000375; Command Position: 0.22264221797633849; Output Position: 0.2199783894916728; Motor Current: 83.0
[2026-02-17 11:15:54,551] INFO: Time: 6.319469017000074; Command Position: 0.22264221797633849; Output Position: 0.2199968711879124; Motor Current: 82.0
[2026-02-17 11:15:54,552] INFO: Time: 6.320530323000185; Command Position: 0.22264221797633849; Output Position: 0.2199783894916728; Motor Current: 85.0
[2026-02-17 11:15:54,553] INFO: Time: 6.321589852000216; Command Position: 0.22264221797633849; Output Position: 0.2199783894916728; Motor Current: 86.0
[2026-02-17 11:15:54,554] INFO: Time: 6.322649085000194; Command Position: 0.22264221797633849; Output Position: 0.2199783894916728; Motor Current: 86.0
[2026-02-17 11:15:54,555] INFO: Time: 6.323708280000119; Command Position: 0.22264221797633849; Output Position: 0.21998763033979263; Motor Current: 86.0
[2026-02-17 11:15:54,557] INFO: Time: 6.324769346000039; Command Position: 0.22264221797633849; Output Position: 0.2199783894916728; Motor Current: 84.0
[2026-02-17 11:15:54,558] INFO: Time: 6.325829893000218; Command Position: 0.22264221797633849; Output Position: 0.2199783894916728; Motor Current: 85.0
[2026-02-17 11:15:54,559] INFO: Time: 6.3268891260001965; Command Position: 0.22264221797633849; Output Position: 0.21996914864355302; Motor Current: 86.0
[2026-02-17 11:15:54,560] INFO: Time: 6.327948210000159; Command Position: 0.22264221797633849; Output Position: 0.21998763033979263; Motor Current: 85.0
[2026-02-17 11:15:54,561] INFO: Time: 6.329007054000158; Command Position: 0.22264221797633849; Output Position: 0.2199783894916728; Motor Current: 90.0
[2026-02-17 11:15:54,562] INFO: Time: 6.330065842000067; Command Position: 0.22264221797633849; Output Position: 0.2199783894916728; Motor Current: 89.0
[2026-02-17 11:15:54,563] INFO: Time: 6.331127371000093; Command Position: 0.22264221797633849; Output Position: 0.21998763033979263; Motor Current: 88.0
[2026-02-17 11:15:54,564] INFO: Time: 6.332189677000088; Command Position: 0.22264221797633849; Output Position: 0.21998763033979263; Motor Current: 87.0
[2026-02-17 11:15:54,565] INFO: Time: 6.333267021000211; Command Position: 0.22264221797633849; Output Position: 0.21996914864355302; Motor Current: 90.0
[2026-02-17 11:15:54,566] INFO: Time: 6.334326383000189; Command Position: 0.22264221797633849; Output Position: 0.21998763033979263; Motor Current: 90.0
[2026-02-17 11:15:54,567] INFO: Time: 6.335385356000188; Command Position: 0.22264221797633849; Output Position: 0.2199783894916728; Motor Current: 91.0
[2026-02-17 11:15:54,568] INFO: Time: 6.336444200000187; Command Position: 0.22264221797633849; Output Position: 0.2199783894916728; Motor Current: 89.0
[2026-02-17 11:15:54,569] INFO: Time: 6.3375160990001405; Command Position: 0.22264221797633849; Output Position: 0.21998763033979263; Motor Current: 87.0
[2026-02-17 11:15:54,570] INFO: Time: 6.338577702000066; Command Position: 0.22264221797633849; Output Position: 0.21998763033979263; Motor Current: 87.0
[2026-02-17 11:15:54,571] INFO: Time: 6.339637120000134; Command Position: 0.22264221797633849; Output Position: 0.21996914864355302; Motor Current: 89.0
[2026-02-17 11:15:54,572] INFO: Time: 6.340697093000017; Command Position: 0.22264221797633849; Output Position: 0.2199783894916728; Motor Current: 90.0
[2026-02-17 11:15:54,574] INFO: Time: 6.341755733000127; Command Position: 0.22264221797633849; Output Position: 0.21998763033979263; Motor Current: 88.0
[2026-02-17 11:15:54,575] INFO: Time: 6.342816891000211; Command Position: 0.22264221797633849; Output Position: 0.2199783894916728; Motor Current: 88.0
[2026-02-17 11:15:54,576] INFO: Time: 6.343878383000174; Command Position: 0.22264221797633849; Output Position: 0.2199783894916728; Motor Current: 88.0
[2026-02-17 11:15:54,577] INFO: Time: 6.3449377820002155; Command Position: 0.22264221797633849; Output Position: 0.2199783894916728; Motor Current: 86.0
[2026-02-17 11:15:54,578] INFO: Time: 6.345996700000114; Command Position: 0.22264221797633849; Output Position: 0.2199968711879124; Motor Current: 88.0
[2026-02-17 11:15:54,579] INFO: Time: 6.347055803000103; Command Position: 0.22264221797633849; Output Position: 0.21996914864355302; Motor Current: 88.0
[2026-02-17 11:15:54,580] INFO: Time: 6.348114017000171; Command Position: 0.22264221797633849; Output Position: 0.2199783894916728; Motor Current: 87.0
[2026-02-17 11:15:54,581] INFO: Time: 6.349175397000181; Command Position: 0.22264221797633849; Output Position: 0.21998763033979263; Motor Current: 84.0
[2026-02-17 11:15:54,582] INFO: Time: 6.350247889000002; Command Position: 0.22264221797633849; Output Position: 0.2199783894916728; Motor Current: 86.0
[2026-02-17 11:15:54,583] INFO: Time: 6.351319659000183; Command Position: 0.22264221797633849; Output Position: 0.2199968711879124; Motor Current: 86.0
[2026-02-17 11:15:54,584] INFO: Time: 6.3523783170001025; Command Position: 0.22264221797633849; Output Position: 0.2199783894916728; Motor Current: 87.0
[2026-02-17 11:15:54,585] INFO: Time: 6.353437050000139; Command Position: 0.22264221797633849; Output Position: 0.21998763033979263; Motor Current: 86.0
[2026-02-17 11:15:54,586] INFO: Time: 6.354495838000048; Command Position: 0.22264221797633849; Output Position: 0.2199783894916728; Motor Current: 85.0
[2026-02-17 11:15:54,587] INFO: Time: 6.355556533000026; Command Position: 0.22264221797633849; Output Position: 0.21998763033979263; Motor Current: 83.0
[2026-02-17 11:15:54,588] INFO: Time: 6.356617951000089; Command Position: 0.22264221797633849; Output Position: 0.21996914864355302; Motor Current: 84.0
[2026-02-17 11:15:54,589] INFO: Time: 6.357678036000152; Command Position: 0.22264221797633849; Output Position: 0.2199783894916728; Motor Current: 85.0
[2026-02-17 11:15:54,590] INFO: Time: 6.358737416000167; Command Position: 0.22264221797633849; Output Position: 0.21996914864355302; Motor Current: 83.0
[2026-02-17 11:15:54,592] INFO: Time: 6.35980126000004; Command Position: 0.22264221797633849; Output Position: 0.21996914864355302; Motor Current: 84.0
[2026-02-17 11:15:54,593] INFO: Time: 6.360861455000077; Command Position: 0.22264221797633849; Output Position: 0.2199783894916728; Motor Current: 84.0
[2026-02-17 11:15:54,594] INFO: Time: 6.361922799000013; Command Position: 0.22264221797633849; Output Position: 0.21998763033979263; Motor Current: 84.0
[2026-02-17 11:15:54,595] INFO: Time: 6.362989235000214; Command Position: 0.22264221797633849; Output Position: 0.21998763033979263; Motor Current: 85.0
[2026-02-17 11:15:54,596] INFO: Time: 6.3640482820001125; Command Position: 0.22264221797633849; Output Position: 0.2199783894916728; Motor Current: 83.0
[2026-02-17 11:15:54,597] INFO: Time: 6.36510542200017; Command Position: 0.22264221797633849; Output Position: 0.2199783894916728; Motor Current: 83.0
[2026-02-17 11:15:54,598] INFO: Time: 6.366163933000053; Command Position: 0.22264221797633849; Output Position: 0.21998763033979263; Motor Current: 85.0
[2026-02-17 11:15:54,599] INFO: Time: 6.367225091000137; Command Position: 0.22264221797633849; Output Position: 0.2199783894916728; Motor Current: 83.0
[2026-02-17 11:15:54,600] INFO: Time: 6.368285898000067; Command Position: 0.22264221797633849; Output Position: 0.2199783894916728; Motor Current: 83.0
[2026-02-17 11:15:54,601] INFO: Time: 6.36934637100012; Command Position: 0.22264221797633849; Output Position: 0.2199783894916728; Motor Current: 83.0
[2026-02-17 11:15:54,602] INFO: Time: 6.370404789000077; Command Position: 0.22264221797633849; Output Position: 0.2199783894916728; Motor Current: 86.0
[2026-02-17 11:15:54,603] INFO: Time: 6.371463743000049; Command Position: 0.22264221797633849; Output Position: 0.2199783894916728; Motor Current: 85.0
[2026-02-17 11:15:54,604] INFO: Time: 6.37252193900008; Command Position: 0.22264221797633849; Output Position: 0.2199783894916728; Motor Current: 86.0
[2026-02-17 11:15:54,605] INFO: Time: 6.373583134; Command Position: 0.22264221797633849; Output Position: 0.2199783894916728; Motor Current: 83.0
[2026-02-17 11:15:54,606] INFO: Time: 6.374643533000153; Command Position: 0.22264221797633849; Output Position: 0.21998763033979263; Motor Current: 82.0
[2026-02-17 11:15:54,608] INFO: Time: 6.375878453000041; Command Position: 0.22264221797633849; Output Position: 0.21996914864355302; Motor Current: 83.0
[2026-02-17 11:15:54,609] INFO: Time: 6.377032223000015; Command Position: 0.22264221797633849; Output Position: 0.21998763033979263; Motor Current: 85.0
[2026-02-17 11:15:54,610] INFO: Time: 6.378090456000109; Command Position: 0.22264221797633849; Output Position: 0.21998763033979263; Motor Current: 82.0
[2026-02-17 11:15:54,611] INFO: Time: 6.37915144700014; Command Position: 0.22264221797633849; Output Position: 0.21998763033979263; Motor Current: 82.0
[2026-02-17 11:15:54,612] INFO: Time: 6.380222958000104; Command Position: 0.22264221797633849; Output Position: 0.2199783894916728; Motor Current: 83.0
[2026-02-17 11:15:54,613] INFO: Time: 6.381281839000167; Command Position: 0.22264221797633849; Output Position: 0.2199783894916728; Motor Current: 84.0
[2026-02-17 11:15:54,614] INFO: Time: 6.382350904000077; Command Position: 0.22264221797633849; Output Position: 0.21996914864355302; Motor Current: 85.0
[2026-02-17 11:15:54,615] INFO: Time: 6.383409748000076; Command Position: 0.22264221797633849; Output Position: 0.2199783894916728; Motor Current: 86.0
[2026-02-17 11:15:54,616] INFO: Time: 6.384468110000171; Command Position: 0.22264221797633849; Output Position: 0.21998763033979263; Motor Current: 87.0
[2026-02-17 11:15:54,617] INFO: Time: 6.3855289170001015; Command Position: 0.22264221797633849; Output Position: 0.2199783894916728; Motor Current: 85.0
[2026-02-17 11:15:54,618] INFO: Time: 6.386590390000038; Command Position: 0.22264221797633849; Output Position: 0.2199783894916728; Motor Current: 85.0
[2026-02-17 11:15:54,619] INFO: Time: 6.38764958500019; Command Position: 0.22264221797633849; Output Position: 0.21998763033979263; Motor Current: 87.0
[2026-02-17 11:15:54,620] INFO: Time: 6.388708485000052; Command Position: 0.22264221797633849; Output Position: 0.2199783894916728; Motor Current: 86.0
[2026-02-17 11:15:54,622] INFO: Time: 6.389767180000035; Command Position: 0.22264221797633849; Output Position: 0.21998763033979263; Motor Current: 87.0
[2026-02-17 11:15:54,623] INFO: Time: 6.390827542000125; Command Position: 0.22264221797633849; Output Position: 0.2199783894916728; Motor Current: 86.0
[2026-02-17 11:15:54,624] INFO: Time: 6.391887923000013; Command Position: 0.22264221797633849; Output Position: 0.2199783894916728; Motor Current: 88.0
[2026-02-17 11:15:54,625] INFO: Time: 6.392957100000103; Command Position: 0.22264221797633849; Output Position: 0.21998763033979263; Motor Current: 87.0
[2026-02-17 11:15:54,626] INFO: Time: 6.394017462000193; Command Position: 0.22264221797633849; Output Position: 0.21996914864355302; Motor Current: 89.0
[2026-02-17 11:15:54,627] INFO: Time: 6.395079639000187; Command Position: 0.22264221797633849; Output Position: 0.21996914864355302; Motor Current: 89.0
[2026-02-17 11:15:54,628] INFO: Time: 6.396138742000176; Command Position: 0.22264221797633849; Output Position: 0.2199783894916728; Motor Current: 90.0
[2026-02-17 11:15:54,629] INFO: Time: 6.3972173080001085; Command Position: 0.22264221797633849; Output Position: 0.21996914864355302; Motor Current: 91.0
[2026-02-17 11:15:54,630] INFO: Time: 6.398278022000113; Command Position: 0.22264221797633849; Output Position: 0.21998763033979263; Motor Current: 89.0
[2026-02-17 11:15:54,631] INFO: Time: 6.399348514000167; Command Position: 0.22264221797633849; Output Position: 0.2199783894916728; Motor Current: 90.0
[2026-02-17 11:15:54,634] INFO: Time: 6.4017652960001215; Command Position: 0.22264221797633849; Output Position: 0.21998763033979263; Motor Current: 87.0
[2026-02-17 11:15:54,635] INFO: Time: 6.402829048000058; Command Position: 0.22264221797633849; Output Position: 0.21998763033979263; Motor Current: 86.0
[2026-02-17 11:15:54,636] INFO: Time: 6.403888558000062; Command Position: 0.22264221797633849; Output Position: 0.2199783894916728; Motor Current: 86.0
[2026-02-17 11:15:54,637] INFO: Time: 6.404948846000025; Command Position: 0.22264221797633849; Output Position: 0.2199783894916728; Motor Current: 84.0
[2026-02-17 11:15:54,638] INFO: Time: 6.406008449000183; Command Position: 0.22264221797633849; Output Position: 0.2199783894916728; Motor Current: 82.0
[2026-02-17 11:15:54,639] INFO: Time: 6.407067774000097; Command Position: 0.22264221797633849; Output Position: 0.21996914864355302; Motor Current: 83.0
[2026-02-17 11:15:54,640] INFO: Time: 6.408125858000176; Command Position: 0.22264221797633849; Output Position: 0.21998763033979263; Motor Current: 83.0
[2026-02-17 11:15:54,641] INFO: Time: 6.40918810900007; Command Position: 0.22264221797633849; Output Position: 0.2199783894916728; Motor Current: 82.0
[2026-02-17 11:15:54,642] INFO: Time: 6.410249490000069; Command Position: 0.22264221797633849; Output Position: 0.2199783894916728; Motor Current: 83.0
[2026-02-17 11:15:54,643] INFO: Time: 6.411308667000185; Command Position: 0.22264221797633849; Output Position: 0.2199783894916728; Motor Current: 84.0
[2026-02-17 11:15:54,644] INFO: Time: 6.412367418000031; Command Position: 0.22264221797633849; Output Position: 0.2199783894916728; Motor Current: 85.0
[2026-02-17 11:15:54,645] INFO: Time: 6.413425873000051; Command Position: 0.22264221797633849; Output Position: 0.21998763033979263; Motor Current: 84.0
[2026-02-17 11:15:54,646] INFO: Time: 6.414484346000108; Command Position: 0.22264221797633849; Output Position: 0.21998763033979263; Motor Current: 83.0
[2026-02-17 11:15:54,647] INFO: Time: 6.4155453750001925; Command Position: 0.22264221797633849; Output Position: 0.2199783894916728; Motor Current: 85.0
[2026-02-17 11:15:54,648] INFO: Time: 6.416605514000139; Command Position: 0.22264221797633849; Output Position: 0.21998763033979263; Motor Current: 85.0
[2026-02-17 11:15:54,649] INFO: Time: 6.417669988000171; Command Position: 0.22264221797633849; Output Position: 0.2199783894916728; Motor Current: 82.0
[2026-02-17 11:15:54,651] INFO: Time: 6.418733183000086; Command Position: 0.22264221797633849; Output Position: 0.2199783894916728; Motor Current: 82.0
[2026-02-17 11:15:54,652] INFO: Time: 6.419798879000155; Command Position: 0.22264221797633849; Output Position: 0.2199783894916728; Motor Current: 82.0
[2026-02-17 11:15:54,653] INFO: Time: 6.420854185000053; Command Position: 0.22264221797633849; Output Position: 0.21998763033979263; Motor Current: 82.0
[2026-02-17 11:15:54,654] INFO: Time: 6.421916177000185; Command Position: 0.22264221797633849; Output Position: 0.2199968711879124; Motor Current: 82.0
[2026-02-17 11:15:54,655] INFO: Time: 6.422975650000126; Command Position: 0.22264221797633849; Output Position: 0.21996914864355302; Motor Current: 81.0
[2026-02-17 11:15:54,656] INFO: Time: 6.4240345310001885; Command Position: 0.22264221797633849; Output Position: 0.21998763033979263; Motor Current: 82.0
[2026-02-17 11:15:54,657] INFO: Time: 6.425093504000188; Command Position: 0.22264221797633849; Output Position: 0.21996914864355302; Motor Current: 83.0
[2026-02-17 11:15:54,658] INFO: Time: 6.426152144000071; Command Position: 0.22264221797633849; Output Position: 0.21998763033979263; Motor Current: 83.0
[2026-02-17 11:15:54,659] INFO: Time: 6.427227766000215; Command Position: 0.22264221797633849; Output Position: 0.21998763033979263; Motor Current: 83.0
[2026-02-17 11:15:54,660] INFO: Time: 6.428288220000013; Command Position: 0.22264221797633849; Output Position: 0.2199783894916728; Motor Current: 83.0
[2026-02-17 11:15:54,661] INFO: Time: 6.429354712000077; Command Position: 0.22264221797633849; Output Position: 0.2199783894916728; Motor Current: 85.0
[2026-02-17 11:15:54,662] INFO: Time: 6.430413760000192; Command Position: 0.22264221797633849; Output Position: 0.2199783894916728; Motor Current: 84.0
[2026-02-17 11:15:54,663] INFO: Time: 6.431473011000207; Command Position: 0.22264221797633849; Output Position: 0.2199783894916728; Motor Current: 86.0
[2026-02-17 11:15:54,664] INFO: Time: 6.432532206000133; Command Position: 0.22264221797633849; Output Position: 0.21996914864355302; Motor Current: 84.0
[2026-02-17 11:15:54,665] INFO: Time: 6.433597439000096; Command Position: 0.22264221797633849; Output Position: 0.2199783894916728; Motor Current: 87.0
[2026-02-17 11:15:54,666] INFO: Time: 6.434660430000122; Command Position: 0.22264221797633849; Output Position: 0.2199783894916728; Motor Current: 87.0
[2026-02-17 11:15:54,667] INFO: Time: 6.435720663000211; Command Position: 0.22264221797633849; Output Position: 0.21998763033979263; Motor Current: 87.0
[2026-02-17 11:15:54,669] INFO: Time: 6.436780525000131; Command Position: 0.22264221797633849; Output Position: 0.21998763033979263; Motor Current: 87.0
[2026-02-17 11:15:54,670] INFO: Time: 6.437840239000025; Command Position: 0.22264221797633849; Output Position: 0.2199783894916728; Motor Current: 89.0
[2026-02-17 11:15:54,671] INFO: Time: 6.438899712000193; Command Position: 0.22264221797633849; Output Position: 0.21998763033979263; Motor Current: 89.0
[2026-02-17 11:15:54,672] INFO: Time: 6.439960778000113; Command Position: 0.22264221797633849; Output Position: 0.2199783894916728; Motor Current: 90.0
[2026-02-17 11:15:54,673] INFO: Time: 6.441022492000002; Command Position: 0.22264221797633849; Output Position: 0.2199783894916728; Motor Current: 90.0
[2026-02-17 11:15:54,674] INFO: Time: 6.4420814470001915; Command Position: 0.22264221797633849; Output Position: 0.2199783894916728; Motor Current: 88.0
[2026-02-17 11:15:54,675] INFO: Time: 6.443140383000127; Command Position: 0.22264221797633849; Output Position: 0.2199783894916728; Motor Current: 88.0
[2026-02-17 11:15:54,676] INFO: Time: 6.444199060000074; Command Position: 0.22264221797633849; Output Position: 0.21998763033979263; Motor Current: 89.0
[2026-02-17 11:15:54,677] INFO: Time: 6.445257589000221; Command Position: 0.22264221797633849; Output Position: 0.21995990779543326; Motor Current: 89.0
[2026-02-17 11:15:54,678] INFO: Time: 6.446318192000035; Command Position: 0.22264221797633849; Output Position: 0.21998763033979263; Motor Current: 89.0
[2026-02-17 11:15:54,679] INFO: Time: 6.447379109000167; Command Position: 0.22264221797633849; Output Position: 0.21998763033979263; Motor Current: 90.0
[2026-02-17 11:15:54,680] INFO: Time: 6.448437397000134; Command Position: 0.22264221797633849; Output Position: 0.2199783894916728; Motor Current: 88.0
[2026-02-17 11:15:54,681] INFO: Time: 6.449509315000114; Command Position: 0.22264221797633849; Output Position: 0.2199968711879124; Motor Current: 85.0
[2026-02-17 11:15:54,682] INFO: Time: 6.450567825000007; Command Position: 0.22264221797633849; Output Position: 0.21996914864355302; Motor Current: 85.0
[2026-02-17 11:15:54,683] INFO: Time: 6.451626317000091; Command Position: 0.22264221797633849; Output Position: 0.2199783894916728; Motor Current: 83.0
[2026-02-17 11:15:54,684] INFO: Time: 6.452686346000064; Command Position: 0.22264221797633849; Output Position: 0.2199783894916728; Motor Current: 82.0
[2026-02-17 11:15:54,686] INFO: Time: 6.453748653000048; Command Position: 0.22264221797633849; Output Position: 0.2199968711879124; Motor Current: 84.0
[2026-02-17 11:15:54,687] INFO: Time: 6.454808459000105; Command Position: 0.22264221797633849; Output Position: 0.21996914864355302; Motor Current: 81.0
[2026-02-17 11:15:54,688] INFO: Time: 6.455867247000015; Command Position: 0.22264221797633849; Output Position: 0.2199783894916728; Motor Current: 81.0
[2026-02-17 11:15:54,689] INFO: Time: 6.456926461000194; Command Position: 0.22264221797633849; Output Position: 0.21998763033979263; Motor Current: 80.0
[2026-02-17 11:15:54,690] INFO: Time: 6.457985231000066; Command Position: 0.22264221797633849; Output Position: 0.21996914864355302; Motor Current: 81.0
[2026-02-17 11:15:54,691] INFO: Time: 6.45914805700022; Command Position: 0.22264221797633849; Output Position: 0.21996914864355302; Motor Current: 81.0
[2026-02-17 11:15:54,692] INFO: Time: 6.4603540500002055; Command Position: 0.22264221797633849; Output Position: 0.2199783894916728; Motor Current: 81.0
[2026-02-17 11:15:54,693] INFO: Time: 6.46141331900003; Command Position: 0.22264221797633849; Output Position: 0.21998763033979263; Motor Current: 82.0
[2026-02-17 11:15:54,694] INFO: Time: 6.462472533000209; Command Position: 0.22264221797633849; Output Position: 0.21998763033979263; Motor Current: 83.0
[2026-02-17 11:15:54,695] INFO: Time: 6.46353187700015; Command Position: 0.22264221797633849; Output Position: 0.2199783894916728; Motor Current: 82.0
[2026-02-17 11:15:54,696] INFO: Time: 6.464590332000171; Command Position: 0.22264221797633849; Output Position: 0.2199783894916728; Motor Current: 84.0
[2026-02-17 11:15:54,697] INFO: Time: 6.465650601000107; Command Position: 0.22264221797633849; Output Position: 0.2199968711879124; Motor Current: 82.0
[2026-02-17 11:15:54,698] INFO: Time: 6.466710760000069; Command Position: 0.22264221797633849; Output Position: 0.2199968711879124; Motor Current: 82.0
[2026-02-17 11:15:54,700] INFO: Time: 6.467775714000027; Command Position: 0.22264221797633849; Output Position: 0.2199783894916728; Motor Current: 82.0
[2026-02-17 11:15:54,701] INFO: Time: 6.468841336000196; Command Position: 0.22264221797633849; Output Position: 0.2199783894916728; Motor Current: 81.0
[2026-02-17 11:15:54,702] INFO: Time: 6.469900531000121; Command Position: 0.22264221797633849; Output Position: 0.21998763033979263; Motor Current: 83.0
[2026-02-17 11:15:54,703] INFO: Time: 6.470959782000136; Command Position: 0.22264221797633849; Output Position: 0.21998763033979263; Motor Current: 83.0
[2026-02-17 11:15:54,704] INFO: Time: 6.472021589000178; Command Position: 0.22264221797633849; Output Position: 0.21998763033979263; Motor Current: 83.0
[2026-02-17 11:15:54,705] INFO: Time: 6.473083433000056; Command Position: 0.22264221797633849; Output Position: 0.21998763033979263; Motor Current: 82.0
[2026-02-17 11:15:54,706] INFO: Time: 6.474142498000219; Command Position: 0.22264221797633849; Output Position: 0.2199783894916728; Motor Current: 81.0
[2026-02-17 11:15:54,707] INFO: Time: 6.475201249000065; Command Position: 0.22264221797633849; Output Position: 0.2199783894916728; Motor Current: 81.0
[2026-02-17 11:15:54,708] INFO: Time: 6.476259963000075; Command Position: 0.22264221797633849; Output Position: 0.21998763033979263; Motor Current: 81.0
[2026-02-17 11:15:54,709] INFO: Time: 6.477318326000159; Command Position: 0.22264221797633849; Output Position: 0.2199783894916728; Motor Current: 83.0
[2026-02-17 11:15:54,710] INFO: Time: 6.478378614000121; Command Position: 0.22264221797633849; Output Position: 0.21998763033979263; Motor Current: 83.0
[2026-02-17 11:15:54,711] INFO: Time: 6.479438216000062; Command Position: 0.22264221797633849; Output Position: 0.2199783894916728; Motor Current: 84.0
[2026-02-17 11:15:54,712] INFO: Time: 6.480508708000116; Command Position: 0.22264221797633849; Output Position: 0.21998763033979263; Motor Current: 85.0
[2026-02-17 11:15:54,713] DEBUG: [DephyActuator]  Exiting Impedance control mode.
