[2026-06-01 04:51:00,768] DEBUG: Calling start method of knee
[2026-06-01 04:51:01,641] DEBUG: [knee] Entering Voltage control mode.
[2026-06-01 04:51:01,641] DEBUG: Calling start method of LoadcellBase
[2026-06-01 04:51:02,642] DEBUG: Calling start method of EncoderBase
[2026-06-01 04:51:02,642] INFO: Opening encoder communication: EncoderBase
[2026-06-01 04:51:02,646] INFO: [KNEE] Homing knee joint. Please make sure the joint is free to move and press Enter to continue.
[2026-06-01 04:51:04,351] DEBUG: [knee] Already in VOLTAGE control mode.
[2026-06-01 04:51:04,556] INFO: [KNEE] Homing complete.
[2026-06-01 04:51:04,556] INFO: OSL homing complete. If you'd like to create or load encoder maps to correct for nonlinearities, call `make_encoder_linearization_map()` method.
[2026-06-01 04:51:04,557] INFO: [LoadcellBase] Initiating zeroing routine, please ensure that there is no ground contact force.
[2026-06-01 04:51:08,601] INFO: [LoadcellBase] Calibration routine complete.
[2026-06-01 04:51:12,833] DEBUG: [knee]  Exiting Voltage control mode.
[2026-06-01 04:51:12,933] DEBUG: [knee]  Entering Impedance control mode.
[2026-06-01 04:51:12,941] WARNING: Velocity attribute does not use the linearization map. Please calculate the velocity using the position attribute.
[2026-06-01 04:51:12,947] INFO: T:0.000, State:swing, Fz:-20.69, ThetaRef:60.00, ThetaActual:0.75, EncoderTheta:100.13, EncoderVelocity:0.00, K:10.00, B:0.50
[2026-06-01 04:51:12,949] DEBUG: No valid transitions from state swing
[2026-06-01 04:51:12,950] WARNING: Velocity attribute does not use the linearization map. Please calculate the velocity using the position attribute.
[2026-06-01 04:51:12,955] INFO: T:0.009, State:swing, Fz:-33.97, ThetaRef:60.00, ThetaActual:0.75, EncoderTheta:100.13, EncoderVelocity:0.00, K:10.00, B:0.50
[2026-06-01 04:51:12,958] DEBUG: No valid transitions from state swing
[2026-06-01 04:51:12,958] WARNING: Velocity attribute does not use the linearization map. Please calculate the velocity using the position attribute.
[2026-06-01 04:51:12,963] INFO: T:0.017, State:swing, Fz:-44.07, ThetaRef:60.00, ThetaActual:0.76, EncoderTheta:100.13, EncoderVelocity:0.00, K:10.00, B:0.50
[2026-06-01 04:51:12,966] WARNING: Velocity attribute does not use the linearization map. Please calculate the velocity using the position attribute.
[2026-06-01 04:51:12,971] INFO: T:0.025, State:stance, Fz:-50.28, ThetaRef:5.00, ThetaActual:0.77, EncoderTheta:100.11, EncoderVelocity:-2.70, K:500.00, B:20.00
[2026-06-01 04:51:12,974] DEBUG: No valid transitions from state stance
[2026-06-01 04:51:12,974] WARNING: Velocity attribute does not use the linearization map. Please calculate the velocity using the position attribute.
[2026-06-01 04:51:12,979] INFO: T:0.033, State:stance, Fz:-54.99, ThetaRef:5.00, ThetaActual:0.78, EncoderTheta:100.13, EncoderVelocity:2.72, K:500.00, B:20.00
[2026-06-01 04:51:12,982] DEBUG: No valid transitions from state stance
[2026-06-01 04:51:12,982] WARNING: Velocity attribute does not use the linearization map. Please calculate the velocity using the position attribute.
[2026-06-01 04:51:12,987] INFO: T:0.041, State:stance, Fz:-58.06, ThetaRef:5.00, ThetaActual:0.82, EncoderTheta:100.15, EncoderVelocity:2.71, K:500.00, B:20.00
[2026-06-01 04:51:12,990] DEBUG: No valid transitions from state stance
[2026-06-01 04:51:12,990] WARNING: Velocity attribute does not use the linearization map. Please calculate the velocity using the position attribute.
[2026-06-01 04:51:12,996] INFO: T:0.049, State:stance, Fz:-60.42, ThetaRef:5.00, ThetaActual:0.77, EncoderTheta:100.11, EncoderVelocity:-5.42, K:500.00, B:20.00
[2026-06-01 04:51:12,998] DEBUG: No valid transitions from state stance
[2026-06-01 04:51:12,998] WARNING: Velocity attribute does not use the linearization map. Please calculate the velocity using the position attribute.
[2026-06-01 04:51:13,004] INFO: T:0.057, State:stance, Fz:-58.26, ThetaRef:5.00, ThetaActual:0.73, EncoderTheta:100.17, EncoderVelocity:8.12, K:500.00, B:20.00
[2026-06-01 04:51:13,006] DEBUG: No valid transitions from state stance
[2026-06-01 04:51:13,006] WARNING: Velocity attribute does not use the linearization map. Please calculate the velocity using the position attribute.
[2026-06-01 04:51:13,012] INFO: T:0.065, State:stance, Fz:-58.11, ThetaRef:5.00, ThetaActual:0.67, EncoderTheta:100.20, EncoderVelocity:2.71, K:500.00, B:20.00
[2026-06-01 04:51:13,014] DEBUG: No valid transitions from state stance
[2026-06-01 04:51:13,015] WARNING: Velocity attribute does not use the linearization map. Please calculate the velocity using the position attribute.
[2026-06-01 04:51:13,020] INFO: T:0.074, State:stance, Fz:-58.51, ThetaRef:5.00, ThetaActual:0.66, EncoderTheta:100.13, EncoderVelocity:-8.02, K:500.00, B:20.00
[2026-06-01 04:51:13,023] DEBUG: No valid transitions from state stance
[2026-06-01 04:51:13,023] WARNING: Velocity attribute does not use the linearization map. Please calculate the velocity using the position attribute.
[2026-06-01 04:51:13,028] INFO: T:0.082, State:stance, Fz:-58.33, ThetaRef:5.00, ThetaActual:0.66, EncoderTheta:100.15, EncoderVelocity:2.66, K:500.00, B:20.00
[2026-06-01 04:51:13,031] DEBUG: No valid transitions from state stance
[2026-06-01 04:51:13,031] WARNING: Velocity attribute does not use the linearization map. Please calculate the velocity using the position attribute.
[2026-06-01 04:51:13,036] INFO: T:0.090, State:stance, Fz:-56.18, ThetaRef:5.00, ThetaActual:0.66, EncoderTheta:100.15, EncoderVelocity:0.00, K:500.00, B:20.00
[2026-06-01 04:51:13,039] DEBUG: No valid transitions from state stance
[2026-06-01 04:51:13,039] WARNING: Velocity attribute does not use the linearization map. Please calculate the velocity using the position attribute.
[2026-06-01 04:51:13,044] INFO: T:0.098, State:stance, Fz:-54.03, ThetaRef:5.00, ThetaActual:0.66, EncoderTheta:100.11, EncoderVelocity:-5.47, K:500.00, B:20.00
[2026-06-01 04:51:13,047] DEBUG: No valid transitions from state stance
[2026-06-01 04:51:13,047] WARNING: Velocity attribute does not use the linearization map. Please calculate the velocity using the position attribute.
[2026-06-01 04:51:13,052] INFO: T:0.106, State:stance, Fz:-52.90, ThetaRef:5.00, ThetaActual:0.66, EncoderTheta:100.15, EncoderVelocity:5.43, K:500.00, B:20.00
[2026-06-01 04:51:13,055] DEBUG: No valid transitions from state stance
[2026-06-01 04:51:13,055] WARNING: Velocity attribute does not use the linearization map. Please calculate the velocity using the position attribute.
[2026-06-01 04:51:13,060] INFO: T:0.114, State:stance, Fz:-50.07, ThetaRef:5.00, ThetaActual:0.66, EncoderTheta:100.13, EncoderVelocity:-2.74, K:500.00, B:20.00
[2026-06-01 04:51:13,063] DEBUG: No valid transitions from state stance
[2026-06-01 04:51:13,063] WARNING: Velocity attribute does not use the linearization map. Please calculate the velocity using the position attribute.
[2026-06-01 04:51:13,069] INFO: T:0.122, State:stance, Fz:-46.95, ThetaRef:5.00, ThetaActual:0.66, EncoderTheta:100.15, EncoderVelocity:2.72, K:500.00, B:20.00
[2026-06-01 04:51:13,071] DEBUG: No valid transitions from state stance
[2026-06-01 04:51:13,071] WARNING: Velocity attribute does not use the linearization map. Please calculate the velocity using the position attribute.
[2026-06-01 04:51:13,077] INFO: T:0.130, State:stance, Fz:-42.98, ThetaRef:5.00, ThetaActual:0.66, EncoderTheta:100.09, EncoderVelocity:-8.21, K:500.00, B:20.00
[2026-06-01 04:51:13,079] DEBUG: No valid transitions from state stance
[2026-06-01 04:51:13,079] WARNING: Velocity attribute does not use the linearization map. Please calculate the velocity using the position attribute.
[2026-06-01 04:51:13,085] INFO: T:0.138, State:stance, Fz:-38.99, ThetaRef:5.00, ThetaActual:0.66, EncoderTheta:100.15, EncoderVelocity:8.12, K:500.00, B:20.00
[2026-06-01 04:51:13,087] DEBUG: No valid transitions from state stance
[2026-06-01 04:51:13,087] WARNING: Velocity attribute does not use the linearization map. Please calculate the velocity using the position attribute.
[2026-06-01 04:51:13,093] INFO: T:0.146, State:stance, Fz:-37.39, ThetaRef:5.00, ThetaActual:0.66, EncoderTheta:100.13, EncoderVelocity:-2.75, K:500.00, B:20.00
[2026-06-01 04:51:13,095] DEBUG: No valid transitions from state stance
[2026-06-01 04:51:13,095] WARNING: Velocity attribute does not use the linearization map. Please calculate the velocity using the position attribute.
[2026-06-01 04:51:13,101] INFO: T:0.155, State:stance, Fz:-35.13, ThetaRef:5.00, ThetaActual:0.66, EncoderTheta:100.15, EncoderVelocity:2.73, K:500.00, B:20.00
[2026-06-01 04:51:13,103] DEBUG: No valid transitions from state stance
[2026-06-01 04:51:13,103] WARNING: Velocity attribute does not use the linearization map. Please calculate the velocity using the position attribute.
[2026-06-01 04:51:13,109] INFO: T:0.163, State:stance, Fz:-31.93, ThetaRef:5.00, ThetaActual:0.66, EncoderTheta:100.09, EncoderVelocity:-8.24, K:500.00, B:20.00
[2026-06-01 04:51:13,111] WARNING: Velocity attribute does not use the linearization map. Please calculate the velocity using the position attribute.
[2026-06-01 04:51:13,117] INFO: T:0.171, State:swing, Fz:-27.45, ThetaRef:60.00, ThetaActual:0.66, EncoderTheta:100.15, EncoderVelocity:8.19, K:10.00, B:0.50
[2026-06-01 04:51:13,119] DEBUG: No valid transitions from state swing
[2026-06-01 04:51:13,119] WARNING: Velocity attribute does not use the linearization map. Please calculate the velocity using the position attribute.
[2026-06-01 04:51:13,125] INFO: T:0.179, State:swing, Fz:-24.02, ThetaRef:60.00, ThetaActual:0.66, EncoderTheta:100.13, EncoderVelocity:-2.76, K:10.00, B:0.50
[2026-06-01 04:51:13,127] DEBUG: No valid transitions from state swing
[2026-06-01 04:51:13,127] WARNING: Velocity attribute does not use the linearization map. Please calculate the velocity using the position attribute.
[2026-06-01 04:51:13,133] INFO: T:0.187, State:swing, Fz:-21.91, ThetaRef:60.00, ThetaActual:0.66, EncoderTheta:100.09, EncoderVelocity:-5.46, K:10.00, B:0.50
[2026-06-01 04:51:13,135] DEBUG: No valid transitions from state swing
[2026-06-01 04:51:13,136] WARNING: Velocity attribute does not use the linearization map. Please calculate the velocity using the position attribute.
[2026-06-01 04:51:13,141] INFO: T:0.195, State:swing, Fz:-19.78, ThetaRef:60.00, ThetaActual:0.70, EncoderTheta:100.09, EncoderVelocity:0.00, K:10.00, B:0.50
[2026-06-01 04:51:13,144] DEBUG: No valid transitions from state swing
[2026-06-01 04:51:13,144] WARNING: Velocity attribute does not use the linearization map. Please calculate the velocity using the position attribute.
[2026-06-01 04:51:13,149] INFO: T:0.203, State:swing, Fz:-16.21, ThetaRef:60.00, ThetaActual:0.74, EncoderTheta:100.04, EncoderVelocity:-5.35, K:10.00, B:0.50
[2026-06-01 04:51:13,152] DEBUG: No valid transitions from state swing
[2026-06-01 04:51:13,152] WARNING: Velocity attribute does not use the linearization map. Please calculate the velocity using the position attribute.
[2026-06-01 04:51:13,157] INFO: T:0.211, State:swing, Fz:-13.99, ThetaRef:60.00, ThetaActual:0.83, EncoderTheta:100.00, EncoderVelocity:-5.42, K:10.00, B:0.50
[2026-06-01 04:51:13,160] DEBUG: No valid transitions from state swing
[2026-06-01 04:51:13,160] WARNING: Velocity attribute does not use the linearization map. Please calculate the velocity using the position attribute.
[2026-06-01 04:51:13,165] INFO: T:0.219, State:swing, Fz:-11.36, ThetaRef:60.00, ThetaActual:0.87, EncoderTheta:100.02, EncoderVelocity:2.73, K:10.00, B:0.50
[2026-06-01 04:51:13,168] DEBUG: No valid transitions from state swing
[2026-06-01 04:51:13,168] WARNING: Velocity attribute does not use the linearization map. Please calculate the velocity using the position attribute.
[2026-06-01 04:51:13,173] INFO: T:0.227, State:swing, Fz:-11.30, ThetaRef:60.00, ThetaActual:0.95, EncoderTheta:99.98, EncoderVelocity:-5.45, K:10.00, B:0.50
[2026-06-01 04:51:13,176] DEBUG: No valid transitions from state swing
[2026-06-01 04:51:13,176] WARNING: Velocity attribute does not use the linearization map. Please calculate the velocity using the position attribute.
[2026-06-01 04:51:13,181] INFO: T:0.235, State:swing, Fz:-9.33, ThetaRef:60.00, ThetaActual:1.01, EncoderTheta:99.95, EncoderVelocity:-2.72, K:10.00, B:0.50
[2026-06-01 04:51:13,184] DEBUG: No valid transitions from state swing
[2026-06-01 04:51:13,184] WARNING: Velocity attribute does not use the linearization map. Please calculate the velocity using the position attribute.
[2026-06-01 04:51:13,189] INFO: T:0.243, State:swing, Fz:-9.32, ThetaRef:60.00, ThetaActual:1.03, EncoderTheta:99.95, EncoderVelocity:0.00, K:10.00, B:0.50
[2026-06-01 04:51:13,192] DEBUG: No valid transitions from state swing
[2026-06-01 04:51:13,192] WARNING: Velocity attribute does not use the linearization map. Please calculate the velocity using the position attribute.
[2026-06-01 04:51:13,197] INFO: T:0.251, State:swing, Fz:-8.77, ThetaRef:60.00, ThetaActual:1.06, EncoderTheta:99.98, EncoderVelocity:2.74, K:10.00, B:0.50
[2026-06-01 04:51:13,200] DEBUG: No valid transitions from state swing
[2026-06-01 04:51:13,200] WARNING: Velocity attribute does not use the linearization map. Please calculate the velocity using the position attribute.
[2026-06-01 04:51:13,205] INFO: T:0.259, State:swing, Fz:-8.40, ThetaRef:60.00, ThetaActual:1.06, EncoderTheta:99.98, EncoderVelocity:0.00, K:10.00, B:0.50
[2026-06-01 04:51:13,208] DEBUG: No valid transitions from state swing
[2026-06-01 04:51:13,208] WARNING: Velocity attribute does not use the linearization map. Please calculate the velocity using the position attribute.
[2026-06-01 04:51:13,214] INFO: T:0.267, State:swing, Fz:-11.14, ThetaRef:60.00, ThetaActual:1.06, EncoderTheta:100.09, EncoderVelocity:13.67, K:10.00, B:0.50
[2026-06-01 04:51:13,216] DEBUG: No valid transitions from state swing
[2026-06-01 04:51:13,216] WARNING: Velocity attribute does not use the linearization map. Please calculate the velocity using the position attribute.
[2026-06-01 04:51:13,222] INFO: T:0.275, State:swing, Fz:-12.29, ThetaRef:60.00, ThetaActual:1.06, EncoderTheta:100.13, EncoderVelocity:5.45, K:10.00, B:0.50
[2026-06-01 04:51:13,224] DEBUG: No valid transitions from state swing
[2026-06-01 04:51:13,224] WARNING: Velocity attribute does not use the linearization map. Please calculate the velocity using the position attribute.
[2026-06-01 04:51:13,230] INFO: T:0.283, State:swing, Fz:-16.66, ThetaRef:60.00, ThetaActual:1.06, EncoderTheta:100.15, EncoderVelocity:2.75, K:10.00, B:0.50
[2026-06-01 04:51:13,232] DEBUG: No valid transitions from state swing
[2026-06-01 04:51:13,232] WARNING: Velocity attribute does not use the linearization map. Please calculate the velocity using the position attribute.
[2026-06-01 04:51:13,238] INFO: T:0.291, State:swing, Fz:-16.95, ThetaRef:60.00, ThetaActual:1.06, EncoderTheta:100.11, EncoderVelocity:-5.51, K:10.00, B:0.50
[2026-06-01 04:51:13,240] DEBUG: No valid transitions from state swing
[2026-06-01 04:51:13,240] WARNING: Velocity attribute does not use the linearization map. Please calculate the velocity using the position attribute.
[2026-06-01 04:51:13,246] INFO: T:0.299, State:swing, Fz:-14.72, ThetaRef:60.00, ThetaActual:1.06, EncoderTheta:100.13, EncoderVelocity:2.75, K:10.00, B:0.50
[2026-06-01 04:51:13,248] DEBUG: No valid transitions from state swing
[2026-06-01 04:51:13,248] WARNING: Velocity attribute does not use the linearization map. Please calculate the velocity using the position attribute.
[2026-06-01 04:51:13,254] INFO: T:0.307, State:swing, Fz:-17.52, ThetaRef:60.00, ThetaActual:1.06, EncoderTheta:100.11, EncoderVelocity:-2.75, K:10.00, B:0.50
[2026-06-01 04:51:13,256] DEBUG: No valid transitions from state swing
[2026-06-01 04:51:13,256] WARNING: Velocity attribute does not use the linearization map. Please calculate the velocity using the position attribute.
[2026-06-01 04:51:13,262] INFO: T:0.315, State:swing, Fz:-21.18, ThetaRef:60.00, ThetaActual:1.06, EncoderTheta:100.15, EncoderVelocity:5.40, K:10.00, B:0.50
[2026-06-01 04:51:13,264] DEBUG: No valid transitions from state swing
[2026-06-01 04:51:13,264] WARNING: Velocity attribute does not use the linearization map. Please calculate the velocity using the position attribute.
[2026-06-01 04:51:13,270] INFO: T:0.324, State:swing, Fz:-18.96, ThetaRef:60.00, ThetaActual:1.06, EncoderTheta:100.11, EncoderVelocity:-5.47, K:10.00, B:0.50
[2026-06-01 04:51:13,272] DEBUG: No valid transitions from state swing
[2026-06-01 04:51:13,272] WARNING: Velocity attribute does not use the linearization map. Please calculate the velocity using the position attribute.
[2026-06-01 04:51:13,278] INFO: T:0.331, State:swing, Fz:-19.77, ThetaRef:60.00, ThetaActual:1.06, EncoderTheta:100.09, EncoderVelocity:-2.75, K:10.00, B:0.50
[2026-06-01 04:51:13,280] DEBUG: No valid transitions from state swing
[2026-06-01 04:51:13,280] WARNING: Velocity attribute does not use the linearization map. Please calculate the velocity using the position attribute.
[2026-06-01 04:51:13,286] INFO: T:0.340, State:swing, Fz:-22.35, ThetaRef:60.00, ThetaActual:1.06, EncoderTheta:100.15, EncoderVelocity:8.13, K:10.00, B:0.50
[2026-06-01 04:51:13,288] DEBUG: No valid transitions from state swing
[2026-06-01 04:51:13,288] WARNING: Velocity attribute does not use the linearization map. Please calculate the velocity using the position attribute.
[2026-06-01 04:51:13,294] INFO: T:0.348, State:swing, Fz:-20.83, ThetaRef:60.00, ThetaActual:1.06, EncoderTheta:100.11, EncoderVelocity:-5.44, K:10.00, B:0.50
[2026-06-01 04:51:13,296] DEBUG: No valid transitions from state swing
[2026-06-01 04:51:13,296] WARNING: Velocity attribute does not use the linearization map. Please calculate the velocity using the position attribute.
[2026-06-01 04:51:13,302] INFO: T:0.356, State:swing, Fz:-22.14, ThetaRef:60.00, ThetaActual:1.06, EncoderTheta:100.09, EncoderVelocity:-2.75, K:10.00, B:0.50
[2026-06-01 04:51:13,304] DEBUG: No valid transitions from state swing
[2026-06-01 04:51:13,304] WARNING: Velocity attribute does not use the linearization map. Please calculate the velocity using the position attribute.
[2026-06-01 04:51:13,310] INFO: T:0.364, State:swing, Fz:-22.17, ThetaRef:60.00, ThetaActual:1.06, EncoderTheta:100.09, EncoderVelocity:0.00, K:10.00, B:0.50
[2026-06-01 04:51:13,312] DEBUG: No valid transitions from state swing
[2026-06-01 04:51:13,312] WARNING: Velocity attribute does not use the linearization map. Please calculate the velocity using the position attribute.
[2026-06-01 04:51:13,318] INFO: T:0.372, State:swing, Fz:-22.19, ThetaRef:60.00, ThetaActual:1.06, EncoderTheta:100.09, EncoderVelocity:0.00, K:10.00, B:0.50
[2026-06-01 04:51:13,320] DEBUG: No valid transitions from state swing
[2026-06-01 04:51:13,320] WARNING: Velocity attribute does not use the linearization map. Please calculate the velocity using the position attribute.
[2026-06-01 04:51:13,326] INFO: T:0.380, State:swing, Fz:-23.17, ThetaRef:60.00, ThetaActual:1.06, EncoderTheta:100.11, EncoderVelocity:2.73, K:10.00, B:0.50
[2026-06-01 04:51:13,328] DEBUG: No valid transitions from state swing
[2026-06-01 04:51:13,328] WARNING: Velocity attribute does not use the linearization map. Please calculate the velocity using the position attribute.
[2026-06-01 04:51:13,334] INFO: T:0.388, State:swing, Fz:-24.89, ThetaRef:60.00, ThetaActual:1.06, EncoderTheta:100.11, EncoderVelocity:0.00, K:10.00, B:0.50
[2026-06-01 04:51:13,336] DEBUG: No valid transitions from state swing
[2026-06-01 04:51:13,336] WARNING: Velocity attribute does not use the linearization map. Please calculate the velocity using the position attribute.
[2026-06-01 04:51:13,342] INFO: T:0.396, State:swing, Fz:-26.21, ThetaRef:60.00, ThetaActual:1.06, EncoderTheta:100.13, EncoderVelocity:2.75, K:10.00, B:0.50
[2026-06-01 04:51:13,344] DEBUG: No valid transitions from state swing
[2026-06-01 04:51:13,345] WARNING: Velocity attribute does not use the linearization map. Please calculate the velocity using the position attribute.
[2026-06-01 04:51:13,350] INFO: T:0.404, State:swing, Fz:-34.70, ThetaRef:60.00, ThetaActual:1.06, EncoderTheta:100.13, EncoderVelocity:0.00, K:10.00, B:0.50
[2026-06-01 04:51:13,352] DEBUG: No valid transitions from state swing
[2026-06-01 04:51:13,353] WARNING: Velocity attribute does not use the linearization map. Please calculate the velocity using the position attribute.
[2026-06-01 04:51:13,358] INFO: T:0.412, State:swing, Fz:-33.67, ThetaRef:60.00, ThetaActual:1.06, EncoderTheta:100.11, EncoderVelocity:-2.75, K:10.00, B:0.50
[2026-06-01 04:51:13,361] DEBUG: No valid transitions from state swing
[2026-06-01 04:51:13,361] WARNING: Velocity attribute does not use the linearization map. Please calculate the velocity using the position attribute.
[2026-06-01 04:51:13,366] INFO: T:0.420, State:swing, Fz:-36.36, ThetaRef:60.00, ThetaActual:1.06, EncoderTheta:100.11, EncoderVelocity:0.00, K:10.00, B:0.50
[2026-06-01 04:51:13,369] DEBUG: No valid transitions from state swing
[2026-06-01 04:51:13,369] WARNING: Velocity attribute does not use the linearization map. Please calculate the velocity using the position attribute.
[2026-06-01 04:51:13,374] INFO: T:0.428, State:swing, Fz:-34.94, ThetaRef:60.00, ThetaActual:1.06, EncoderTheta:100.11, EncoderVelocity:0.00, K:10.00, B:0.50
[2026-06-01 04:51:13,377] DEBUG: No valid transitions from state swing
[2026-06-01 04:51:13,377] WARNING: Velocity attribute does not use the linearization map. Please calculate the velocity using the position attribute.
[2026-06-01 04:51:13,382] INFO: T:0.436, State:swing, Fz:-35.31, ThetaRef:60.00, ThetaActual:1.06, EncoderTheta:100.09, EncoderVelocity:-2.74, K:10.00, B:0.50
[2026-06-01 04:51:13,385] DEBUG: No valid transitions from state swing
[2026-06-01 04:51:13,385] WARNING: Velocity attribute does not use the linearization map. Please calculate the velocity using the position attribute.
[2026-06-01 04:51:13,390] INFO: T:0.444, State:swing, Fz:-38.14, ThetaRef:60.00, ThetaActual:1.06, EncoderTheta:100.11, EncoderVelocity:2.75, K:10.00, B:0.50
[2026-06-01 04:51:13,393] DEBUG: No valid transitions from state swing
[2026-06-01 04:51:13,393] WARNING: Velocity attribute does not use the linearization map. Please calculate the velocity using the position attribute.
[2026-06-01 04:51:13,398] INFO: T:0.452, State:swing, Fz:-35.85, ThetaRef:60.00, ThetaActual:1.06, EncoderTheta:100.11, EncoderVelocity:0.00, K:10.00, B:0.50
[2026-06-01 04:51:13,401] DEBUG: No valid transitions from state swing
[2026-06-01 04:51:13,401] WARNING: Velocity attribute does not use the linearization map. Please calculate the velocity using the position attribute.
[2026-06-01 04:51:13,406] INFO: T:0.460, State:swing, Fz:-36.09, ThetaRef:60.00, ThetaActual:1.06, EncoderTheta:100.15, EncoderVelocity:5.48, K:10.00, B:0.50
[2026-06-01 04:51:13,409] DEBUG: No valid transitions from state swing
[2026-06-01 04:51:13,409] WARNING: Velocity attribute does not use the linearization map. Please calculate the velocity using the position attribute.
[2026-06-01 04:51:13,414] INFO: T:0.468, State:swing, Fz:-38.74, ThetaRef:60.00, ThetaActual:1.06, EncoderTheta:100.13, EncoderVelocity:-2.71, K:10.00, B:0.50
[2026-06-01 04:51:13,417] DEBUG: No valid transitions from state swing
[2026-06-01 04:51:13,417] WARNING: Velocity attribute does not use the linearization map. Please calculate the velocity using the position attribute.
[2026-06-01 04:51:13,422] INFO: T:0.476, State:swing, Fz:-38.31, ThetaRef:60.00, ThetaActual:1.06, EncoderTheta:100.13, EncoderVelocity:0.00, K:10.00, B:0.50
[2026-06-01 04:51:13,425] DEBUG: No valid transitions from state swing
[2026-06-01 04:51:13,425] WARNING: Velocity attribute does not use the linearization map. Please calculate the velocity using the position attribute.
[2026-06-01 04:51:13,430] INFO: T:0.484, State:swing, Fz:-38.47, ThetaRef:60.00, ThetaActual:1.06, EncoderTheta:100.15, EncoderVelocity:2.75, K:10.00, B:0.50
[2026-06-01 04:51:13,433] DEBUG: No valid transitions from state swing
[2026-06-01 04:51:13,433] WARNING: Velocity attribute does not use the linearization map. Please calculate the velocity using the position attribute.
[2026-06-01 04:51:13,438] INFO: T:0.492, State:swing, Fz:-38.59, ThetaRef:60.00, ThetaActual:1.06, EncoderTheta:100.20, EncoderVelocity:5.47, K:10.00, B:0.50
[2026-06-01 04:51:13,441] DEBUG: No valid transitions from state swing
[2026-06-01 04:51:13,441] WARNING: Velocity attribute does not use the linearization map. Please calculate the velocity using the position attribute.
[2026-06-01 04:51:13,446] INFO: T:0.500, State:swing, Fz:-37.71, ThetaRef:60.00, ThetaActual:1.06, EncoderTheta:100.13, EncoderVelocity:-8.17, K:10.00, B:0.50
[2026-06-01 04:51:13,449] DEBUG: No valid transitions from state swing
[2026-06-01 04:51:13,449] WARNING: Velocity attribute does not use the linearization map. Please calculate the velocity using the position attribute.
[2026-06-01 04:51:13,454] INFO: T:0.508, State:swing, Fz:-37.51, ThetaRef:60.00, ThetaActual:1.06, EncoderTheta:100.11, EncoderVelocity:-2.75, K:10.00, B:0.50
[2026-06-01 04:51:13,457] DEBUG: No valid transitions from state swing
[2026-06-01 04:51:13,457] WARNING: Velocity attribute does not use the linearization map. Please calculate the velocity using the position attribute.
[2026-06-01 04:51:13,462] INFO: T:0.516, State:swing, Fz:-34.89, ThetaRef:60.00, ThetaActual:1.06, EncoderTheta:100.13, EncoderVelocity:2.74, K:10.00, B:0.50
[2026-06-01 04:51:13,465] DEBUG: No valid transitions from state swing
[2026-06-01 04:51:13,465] WARNING: Velocity attribute does not use the linearization map. Please calculate the velocity using the position attribute.
[2026-06-01 04:51:13,470] INFO: T:0.524, State:swing, Fz:-31.95, ThetaRef:60.00, ThetaActual:1.06, EncoderTheta:100.11, EncoderVelocity:-2.73, K:10.00, B:0.50
[2026-06-01 04:51:13,473] DEBUG: No valid transitions from state swing
[2026-06-01 04:51:13,473] WARNING: Velocity attribute does not use the linearization map. Please calculate the velocity using the position attribute.
[2026-06-01 04:51:13,478] INFO: T:0.532, State:swing, Fz:-32.64, ThetaRef:60.00, ThetaActual:1.06, EncoderTheta:100.11, EncoderVelocity:0.00, K:10.00, B:0.50
[2026-06-01 04:51:13,481] DEBUG: No valid transitions from state swing
[2026-06-01 04:51:13,481] WARNING: Velocity attribute does not use the linearization map. Please calculate the velocity using the position attribute.
[2026-06-01 04:51:13,486] INFO: T:0.540, State:swing, Fz:-31.68, ThetaRef:60.00, ThetaActual:1.06, EncoderTheta:100.11, EncoderVelocity:0.00, K:10.00, B:0.50
[2026-06-01 04:51:13,489] DEBUG: No valid transitions from state swing
[2026-06-01 04:51:13,489] WARNING: Velocity attribute does not use the linearization map. Please calculate the velocity using the position attribute.
[2026-06-01 04:51:13,494] INFO: T:0.548, State:swing, Fz:-29.49, ThetaRef:60.00, ThetaActual:1.06, EncoderTheta:100.15, EncoderVelocity:5.52, K:10.00, B:0.50
[2026-06-01 04:51:13,497] DEBUG: No valid transitions from state swing
[2026-06-01 04:51:13,497] WARNING: Velocity attribute does not use the linearization map. Please calculate the velocity using the position attribute.
[2026-06-01 04:51:13,502] INFO: T:0.556, State:swing, Fz:-29.77, ThetaRef:60.00, ThetaActual:1.06, EncoderTheta:100.15, EncoderVelocity:0.00, K:10.00, B:0.50
[2026-06-01 04:51:13,505] DEBUG: No valid transitions from state swing
[2026-06-01 04:51:13,505] WARNING: Velocity attribute does not use the linearization map. Please calculate the velocity using the position attribute.
[2026-06-01 04:51:13,510] INFO: T:0.564, State:swing, Fz:-28.52, ThetaRef:60.00, ThetaActual:1.06, EncoderTheta:100.15, EncoderVelocity:0.00, K:10.00, B:0.50
[2026-06-01 04:51:13,513] DEBUG: No valid transitions from state swing
[2026-06-01 04:51:13,513] WARNING: Velocity attribute does not use the linearization map. Please calculate the velocity using the position attribute.
[2026-06-01 04:51:13,518] INFO: T:0.572, State:swing, Fz:-28.05, ThetaRef:60.00, ThetaActual:1.06, EncoderTheta:100.13, EncoderVelocity:-2.74, K:10.00, B:0.50
[2026-06-01 04:51:13,521] DEBUG: No valid transitions from state swing
[2026-06-01 04:51:13,521] WARNING: Velocity attribute does not use the linearization map. Please calculate the velocity using the position attribute.
[2026-06-01 04:51:13,527] INFO: T:0.580, State:swing, Fz:-26.70, ThetaRef:60.00, ThetaActual:1.06, EncoderTheta:100.11, EncoderVelocity:-2.73, K:10.00, B:0.50
[2026-06-01 04:51:13,529] DEBUG: No valid transitions from state swing
[2026-06-01 04:51:13,529] WARNING: Velocity attribute does not use the linearization map. Please calculate the velocity using the position attribute.
[2026-06-01 04:51:13,535] INFO: T:0.588, State:swing, Fz:-24.70, ThetaRef:60.00, ThetaActual:1.06, EncoderTheta:100.15, EncoderVelocity:5.36, K:10.00, B:0.50
[2026-06-01 04:51:13,537] DEBUG: No valid transitions from state swing
[2026-06-01 04:51:13,537] WARNING: Velocity attribute does not use the linearization map. Please calculate the velocity using the position attribute.
[2026-06-01 04:51:13,543] INFO: T:0.597, State:swing, Fz:-24.13, ThetaRef:60.00, ThetaActual:1.06, EncoderTheta:100.13, EncoderVelocity:-2.69, K:10.00, B:0.50
[2026-06-01 04:51:13,545] DEBUG: No valid transitions from state swing
[2026-06-01 04:51:13,546] WARNING: Velocity attribute does not use the linearization map. Please calculate the velocity using the position attribute.
[2026-06-01 04:51:13,551] INFO: T:0.605, State:swing, Fz:-21.27, ThetaRef:60.00, ThetaActual:1.06, EncoderTheta:100.11, EncoderVelocity:-2.74, K:10.00, B:0.50
[2026-06-01 04:51:13,553] DEBUG: No valid transitions from state swing
[2026-06-01 04:51:13,554] WARNING: Velocity attribute does not use the linearization map. Please calculate the velocity using the position attribute.
[2026-06-01 04:51:13,559] INFO: T:0.613, State:swing, Fz:-19.54, ThetaRef:60.00, ThetaActual:1.06, EncoderTheta:100.11, EncoderVelocity:0.00, K:10.00, B:0.50
[2026-06-01 04:51:13,562] DEBUG: No valid transitions from state swing
[2026-06-01 04:51:13,562] WARNING: Velocity attribute does not use the linearization map. Please calculate the velocity using the position attribute.
[2026-06-01 04:51:13,567] INFO: T:0.621, State:swing, Fz:-14.26, ThetaRef:60.00, ThetaActual:1.06, EncoderTheta:100.09, EncoderVelocity:-2.73, K:10.00, B:0.50
[2026-06-01 04:51:13,570] DEBUG: No valid transitions from state swing
[2026-06-01 04:51:13,570] WARNING: Velocity attribute does not use the linearization map. Please calculate the velocity using the position attribute.
[2026-06-01 04:51:13,575] INFO: T:0.629, State:swing, Fz:-12.71, ThetaRef:60.00, ThetaActual:1.06, EncoderTheta:100.11, EncoderVelocity:2.72, K:10.00, B:0.50
[2026-06-01 04:51:13,578] DEBUG: No valid transitions from state swing
[2026-06-01 04:51:13,578] WARNING: Velocity attribute does not use the linearization map. Please calculate the velocity using the position attribute.
[2026-06-01 04:51:13,583] INFO: T:0.637, State:swing, Fz:-11.53, ThetaRef:60.00, ThetaActual:1.06, EncoderTheta:100.02, EncoderVelocity:-11.02, K:10.00, B:0.50
[2026-06-01 04:51:13,586] DEBUG: No valid transitions from state swing
[2026-06-01 04:51:13,586] WARNING: Velocity attribute does not use the linearization map. Please calculate the velocity using the position attribute.
[2026-06-01 04:51:13,591] INFO: T:0.645, State:swing, Fz:-8.65, ThetaRef:60.00, ThetaActual:1.06, EncoderTheta:100.02, EncoderVelocity:0.00, K:10.00, B:0.50
[2026-06-01 04:51:13,594] DEBUG: No valid transitions from state swing
[2026-06-01 04:51:13,594] WARNING: Velocity attribute does not use the linearization map. Please calculate the velocity using the position attribute.
[2026-06-01 04:51:13,599] INFO: T:0.653, State:swing, Fz:-6.96, ThetaRef:60.00, ThetaActual:1.06, EncoderTheta:99.98, EncoderVelocity:-5.49, K:10.00, B:0.50
[2026-06-01 04:51:13,602] DEBUG: No valid transitions from state swing
[2026-06-01 04:51:13,602] WARNING: Velocity attribute does not use the linearization map. Please calculate the velocity using the position attribute.
[2026-06-01 04:51:13,607] INFO: T:0.661, State:swing, Fz:-4.62, ThetaRef:60.00, ThetaActual:1.06, EncoderTheta:99.93, EncoderVelocity:-5.46, K:10.00, B:0.50
[2026-06-01 04:51:13,610] DEBUG: No valid transitions from state swing
[2026-06-01 04:51:13,610] WARNING: Velocity attribute does not use the linearization map. Please calculate the velocity using the position attribute.
[2026-06-01 04:51:13,615] INFO: T:0.669, State:swing, Fz:0.15, ThetaRef:60.00, ThetaActual:1.06, EncoderTheta:99.80, EncoderVelocity:-16.56, K:10.00, B:0.50
[2026-06-01 04:51:13,618] DEBUG: No valid transitions from state swing
[2026-06-01 04:51:13,618] WARNING: Velocity attribute does not use the linearization map. Please calculate the velocity using the position attribute.
[2026-06-01 04:51:13,623] INFO: T:0.677, State:swing, Fz:7.26, ThetaRef:60.00, ThetaActual:1.06, EncoderTheta:99.76, EncoderVelocity:-5.44, K:10.00, B:0.50
[2026-06-01 04:51:13,626] DEBUG: No valid transitions from state swing
[2026-06-01 04:51:13,626] WARNING: Velocity attribute does not use the linearization map. Please calculate the velocity using the position attribute.
[2026-06-01 04:51:13,631] INFO: T:0.685, State:swing, Fz:13.19, ThetaRef:60.00, ThetaActual:1.11, EncoderTheta:99.62, EncoderVelocity:-16.49, K:10.00, B:0.50
[2026-06-01 04:51:13,634] DEBUG: No valid transitions from state swing
[2026-06-01 04:51:13,634] WARNING: Velocity attribute does not use the linearization map. Please calculate the velocity using the position attribute.
[2026-06-01 04:51:13,639] INFO: T:0.693, State:swing, Fz:16.68, ThetaRef:60.00, ThetaActual:1.15, EncoderTheta:99.54, EncoderVelocity:-10.94, K:10.00, B:0.50
[2026-06-01 04:51:13,642] DEBUG: No valid transitions from state swing
[2026-06-01 04:51:13,642] WARNING: Velocity attribute does not use the linearization map. Please calculate the velocity using the position attribute.
[2026-06-01 04:51:13,647] INFO: T:0.701, State:swing, Fz:19.83, ThetaRef:60.00, ThetaActual:1.28, EncoderTheta:99.38, EncoderVelocity:-19.31, K:10.00, B:0.50
[2026-06-01 04:51:13,650] DEBUG: No valid transitions from state swing
[2026-06-01 04:51:13,650] WARNING: Velocity attribute does not use the linearization map. Please calculate the velocity using the position attribute.
[2026-06-01 04:51:13,655] INFO: T:0.709, State:swing, Fz:28.78, ThetaRef:60.00, ThetaActual:1.37, EncoderTheta:99.14, EncoderVelocity:-30.08, K:10.00, B:0.50
[2026-06-01 04:51:13,658] DEBUG: No valid transitions from state swing
[2026-06-01 04:51:13,658] WARNING: Velocity attribute does not use the linearization map. Please calculate the velocity using the position attribute.
[2026-06-01 04:51:13,663] INFO: T:0.717, State:swing, Fz:34.57, ThetaRef:60.00, ThetaActual:1.62, EncoderTheta:98.85, EncoderVelocity:-35.36, K:10.00, B:0.50
[2026-06-01 04:51:13,666] DEBUG: No valid transitions from state swing
[2026-06-01 04:51:13,666] WARNING: Velocity attribute does not use the linearization map. Please calculate the velocity using the position attribute.
[2026-06-01 04:51:13,671] INFO: T:0.725, State:swing, Fz:37.50, ThetaRef:60.00, ThetaActual:1.97, EncoderTheta:98.50, EncoderVelocity:-43.60, K:10.00, B:0.50
[2026-06-01 04:51:13,674] DEBUG: No valid transitions from state swing
[2026-06-01 04:51:13,674] WARNING: Velocity attribute does not use the linearization map. Please calculate the velocity using the position attribute.
[2026-06-01 04:51:13,679] INFO: T:0.733, State:swing, Fz:45.20, ThetaRef:60.00, ThetaActual:2.19, EncoderTheta:98.06, EncoderVelocity:-54.70, K:10.00, B:0.50
[2026-06-01 04:51:13,682] DEBUG: No valid transitions from state swing
[2026-06-01 04:51:13,682] WARNING: Velocity attribute does not use the linearization map. Please calculate the velocity using the position attribute.
[2026-06-01 04:51:13,687] INFO: T:0.741, State:swing, Fz:50.57, ThetaRef:60.00, ThetaActual:2.71, EncoderTheta:97.56, EncoderVelocity:-62.78, K:10.00, B:0.50
[2026-06-01 04:51:13,690] DEBUG: No valid transitions from state swing
[2026-06-01 04:51:13,690] WARNING: Velocity attribute does not use the linearization map. Please calculate the velocity using the position attribute.
[2026-06-01 04:51:13,696] INFO: T:0.749, State:swing, Fz:56.66, ThetaRef:60.00, ThetaActual:3.35, EncoderTheta:96.94, EncoderVelocity:-76.33, K:10.00, B:0.50
[2026-06-01 04:51:13,698] DEBUG: No valid transitions from state swing
[2026-06-01 04:51:13,698] WARNING: Velocity attribute does not use the linearization map. Please calculate the velocity using the position attribute.
[2026-06-01 04:51:13,704] INFO: T:0.757, State:swing, Fz:61.29, ThetaRef:60.00, ThetaActual:3.71, EncoderTheta:96.35, EncoderVelocity:-74.23, K:10.00, B:0.50
[2026-06-01 04:51:13,706] DEBUG: No valid transitions from state swing
[2026-06-01 04:51:13,706] WARNING: Velocity attribute does not use the linearization map. Please calculate the velocity using the position attribute.
[2026-06-01 04:51:13,712] INFO: T:0.765, State:swing, Fz:64.33, ThetaRef:60.00, ThetaActual:4.53, EncoderTheta:95.62, EncoderVelocity:-90.17, K:10.00, B:0.50
[2026-06-01 04:51:13,714] DEBUG: No valid transitions from state swing
[2026-06-01 04:51:13,714] WARNING: Velocity attribute does not use the linearization map. Please calculate the velocity using the position attribute.
[2026-06-01 04:51:13,720] INFO: T:0.773, State:swing, Fz:67.67, ThetaRef:60.00, ThetaActual:4.98, EncoderTheta:94.86, EncoderVelocity:-96.44, K:10.00, B:0.50
[2026-06-01 04:51:13,722] DEBUG: No valid transitions from state swing
[2026-06-01 04:51:13,722] WARNING: Velocity attribute does not use the linearization map. Please calculate the velocity using the position attribute.
[2026-06-01 04:51:13,728] INFO: T:0.781, State:swing, Fz:69.16, ThetaRef:60.00, ThetaActual:5.98, EncoderTheta:94.00, EncoderVelocity:-106.75, K:10.00, B:0.50
[2026-06-01 04:51:13,730] DEBUG: No valid transitions from state swing
[2026-06-01 04:51:13,730] WARNING: Velocity attribute does not use the linearization map. Please calculate the velocity using the position attribute.
[2026-06-01 04:51:13,736] INFO: T:0.789, State:swing, Fz:67.87, ThetaRef:60.00, ThetaActual:7.06, EncoderTheta:93.12, EncoderVelocity:-109.90, K:10.00, B:0.50
[2026-06-01 04:51:13,738] DEBUG: No valid transitions from state swing
[2026-06-01 04:51:13,738] WARNING: Velocity attribute does not use the linearization map. Please calculate the velocity using the position attribute.
[2026-06-01 04:51:13,744] INFO: T:0.797, State:swing, Fz:67.90, ThetaRef:60.00, ThetaActual:7.64, EncoderTheta:92.15, EncoderVelocity:-119.66, K:10.00, B:0.50
[2026-06-01 04:51:13,746] DEBUG: No valid transitions from state swing
[2026-06-01 04:51:13,746] WARNING: Velocity attribute does not use the linearization map. Please calculate the velocity using the position attribute.
[2026-06-01 04:51:13,752] INFO: T:0.805, State:swing, Fz:67.38, ThetaRef:60.00, ThetaActual:8.85, EncoderTheta:91.16, EncoderVelocity:-124.16, K:10.00, B:0.50
[2026-06-01 04:51:13,754] DEBUG: No valid transitions from state swing
[2026-06-01 04:51:13,754] WARNING: Velocity attribute does not use the linearization map. Please calculate the velocity using the position attribute.
[2026-06-01 04:51:13,759] INFO: T:0.813, State:swing, Fz:66.02, ThetaRef:60.00, ThetaActual:9.48, EncoderTheta:90.20, EncoderVelocity:-121.87, K:10.00, B:0.50
[2026-06-01 04:51:13,762] DEBUG: No valid transitions from state swing
[2026-06-01 04:51:13,762] WARNING: Velocity attribute does not use the linearization map. Please calculate the velocity using the position attribute.
[2026-06-01 04:51:13,767] INFO: T:0.821, State:swing, Fz:64.47, ThetaRef:60.00, ThetaActual:10.77, EncoderTheta:89.17, EncoderVelocity:-130.53, K:10.00, B:0.50
[2026-06-01 04:51:13,770] DEBUG: No valid transitions from state swing
[2026-06-01 04:51:13,770] WARNING: Velocity attribute does not use the linearization map. Please calculate the velocity using the position attribute.
[2026-06-01 04:51:13,775] INFO: T:0.829, State:swing, Fz:63.75, ThetaRef:60.00, ThetaActual:12.08, EncoderTheta:88.13, EncoderVelocity:-130.13, K:10.00, B:0.50
[2026-06-01 04:51:13,778] DEBUG: No valid transitions from state swing
[2026-06-01 04:51:13,778] WARNING: Velocity attribute does not use the linearization map. Please calculate the velocity using the position attribute.
[2026-06-01 04:51:13,783] INFO: T:0.837, State:swing, Fz:61.74, ThetaRef:60.00, ThetaActual:12.73, EncoderTheta:87.10, EncoderVelocity:-128.10, K:10.00, B:0.50
[2026-06-01 04:51:13,786] DEBUG: No valid transitions from state swing
[2026-06-01 04:51:13,786] WARNING: Velocity attribute does not use the linearization map. Please calculate the velocity using the position attribute.
[2026-06-01 04:51:13,792] INFO: T:0.845, State:swing, Fz:59.71, ThetaRef:60.00, ThetaActual:14.04, EncoderTheta:86.09, EncoderVelocity:-125.34, K:10.00, B:0.50
[2026-06-01 04:51:13,794] DEBUG: No valid transitions from state swing
[2026-06-01 04:51:13,794] WARNING: Velocity attribute does not use the linearization map. Please calculate the velocity using the position attribute.
[2026-06-01 04:51:13,800] INFO: T:0.853, State:swing, Fz:55.12, ThetaRef:60.00, ThetaActual:14.69, EncoderTheta:85.03, EncoderVelocity:-130.42, K:10.00, B:0.50
[2026-06-01 04:51:13,802] DEBUG: No valid transitions from state swing
[2026-06-01 04:51:13,802] WARNING: Velocity attribute does not use the linearization map. Please calculate the velocity using the position attribute.
[2026-06-01 04:51:13,808] INFO: T:0.861, State:swing, Fz:50.18, ThetaRef:60.00, ThetaActual:15.95, EncoderTheta:84.07, EncoderVelocity:-121.41, K:10.00, B:0.50
[2026-06-01 04:51:13,810] DEBUG: No valid transitions from state swing
[2026-06-01 04:51:13,810] WARNING: Velocity attribute does not use the linearization map. Please calculate the velocity using the position attribute.
[2026-06-01 04:51:13,816] INFO: T:0.869, State:swing, Fz:48.90, ThetaRef:60.00, ThetaActual:17.16, EncoderTheta:83.19, EncoderVelocity:-110.80, K:10.00, B:0.50
[2026-06-01 04:51:13,818] DEBUG: No valid transitions from state swing
[2026-06-01 04:51:13,818] WARNING: Velocity attribute does not use the linearization map. Please calculate the velocity using the position attribute.
[2026-06-01 04:51:13,824] INFO: T:0.877, State:swing, Fz:47.90, ThetaRef:60.00, ThetaActual:17.75, EncoderTheta:82.29, EncoderVelocity:-110.84, K:10.00, B:0.50
[2026-06-01 04:51:13,826] DEBUG: No valid transitions from state swing
[2026-06-01 04:51:13,826] WARNING: Velocity attribute does not use the linearization map. Please calculate the velocity using the position attribute.
[2026-06-01 04:51:13,832] INFO: T:0.885, State:swing, Fz:49.52, ThetaRef:60.00, ThetaActual:18.86, EncoderTheta:81.41, EncoderVelocity:-110.17, K:10.00, B:0.50
[2026-06-01 04:51:13,834] DEBUG: No valid transitions from state swing
[2026-06-01 04:51:13,834] WARNING: Velocity attribute does not use the linearization map. Please calculate the velocity using the position attribute.
[2026-06-01 04:51:13,842] INFO: T:0.893, State:swing, Fz:70.04, ThetaRef:60.00, ThetaActual:19.38, EncoderTheta:80.42, EncoderVelocity:-122.59, K:10.00, B:0.50
[2026-06-01 04:51:13,845] DEBUG: No valid transitions from state swing
[2026-06-01 04:51:13,845] WARNING: Velocity attribute does not use the linearization map. Please calculate the velocity using the position attribute.
[2026-06-01 04:51:13,851] INFO: T:0.904, State:swing, Fz:116.74, ThetaRef:60.00, ThetaActual:20.87, EncoderTheta:78.73, EncoderVelocity:-156.42, K:10.00, B:0.50
[2026-06-01 04:51:13,855] DEBUG: No valid transitions from state swing
[2026-06-01 04:51:13,855] WARNING: Velocity attribute does not use the linearization map. Please calculate the velocity using the position attribute.
[2026-06-01 04:51:13,860] INFO: T:0.914, State:swing, Fz:200.58, ThetaRef:60.00, ThetaActual:21.48, EncoderTheta:77.08, EncoderVelocity:-169.71, K:10.00, B:0.50
[2026-06-01 04:51:13,863] DEBUG: No valid transitions from state swing
[2026-06-01 04:51:13,863] WARNING: Velocity attribute does not use the linearization map. Please calculate the velocity using the position attribute.
[2026-06-01 04:51:13,868] INFO: T:0.922, State:swing, Fz:249.64, ThetaRef:60.00, ThetaActual:23.00, EncoderTheta:75.54, EncoderVelocity:-185.87, K:10.00, B:0.50
[2026-06-01 04:51:13,871] DEBUG: No valid transitions from state swing
[2026-06-01 04:51:13,871] WARNING: Velocity attribute does not use the linearization map. Please calculate the velocity using the position attribute.
[2026-06-01 04:51:13,877] INFO: T:0.930, State:swing, Fz:261.37, ThetaRef:60.00, ThetaActual:24.95, EncoderTheta:73.98, EncoderVelocity:-193.04, K:10.00, B:0.50
[2026-06-01 04:51:13,879] DEBUG: No valid transitions from state swing
[2026-06-01 04:51:13,879] WARNING: Velocity attribute does not use the linearization map. Please calculate the velocity using the position attribute.
[2026-06-01 04:51:13,885] INFO: T:0.938, State:swing, Fz:232.95, ThetaRef:60.00, ThetaActual:26.03, EncoderTheta:72.27, EncoderVelocity:-211.29, K:10.00, B:0.50
[2026-06-01 04:51:13,887] DEBUG: No valid transitions from state swing
[2026-06-01 04:51:13,887] WARNING: Velocity attribute does not use the linearization map. Please calculate the velocity using the position attribute.
[2026-06-01 04:51:13,893] INFO: T:0.947, State:swing, Fz:209.83, ThetaRef:60.00, ThetaActual:28.26, EncoderTheta:70.64, EncoderVelocity:-201.67, K:10.00, B:0.50
[2026-06-01 04:51:13,895] DEBUG: No valid transitions from state swing
[2026-06-01 04:51:13,895] WARNING: Velocity attribute does not use the linearization map. Please calculate the velocity using the position attribute.
[2026-06-01 04:51:13,901] INFO: T:0.955, State:swing, Fz:177.89, ThetaRef:60.00, ThetaActual:30.42, EncoderTheta:68.97, EncoderVelocity:-208.33, K:10.00, B:0.50
[2026-06-01 04:51:13,903] DEBUG: No valid transitions from state swing
[2026-06-01 04:51:13,903] WARNING: Velocity attribute does not use the linearization map. Please calculate the velocity using the position attribute.
[2026-06-01 04:51:13,909] INFO: T:0.963, State:swing, Fz:145.03, ThetaRef:60.00, ThetaActual:31.45, EncoderTheta:67.37, EncoderVelocity:-199.20, K:10.00, B:0.50
[2026-06-01 04:51:13,911] DEBUG: No valid transitions from state swing
[2026-06-01 04:51:13,911] WARNING: Velocity attribute does not use the linearization map. Please calculate the velocity using the position attribute.
[2026-06-01 04:51:13,917] INFO: T:0.971, State:swing, Fz:123.10, ThetaRef:60.00, ThetaActual:33.36, EncoderTheta:66.07, EncoderVelocity:-162.07, K:10.00, B:0.50
[2026-06-01 04:51:13,919] DEBUG: No valid transitions from state swing
[2026-06-01 04:51:13,919] WARNING: Velocity attribute does not use the linearization map. Please calculate the velocity using the position attribute.
[2026-06-01 04:51:13,925] INFO: T:0.979, State:swing, Fz:105.44, ThetaRef:60.00, ThetaActual:34.25, EncoderTheta:64.80, EncoderVelocity:-158.34, K:10.00, B:0.50
[2026-06-01 04:51:13,927] DEBUG: No valid transitions from state swing
[2026-06-01 04:51:13,928] WARNING: Velocity attribute does not use the linearization map. Please calculate the velocity using the position attribute.
[2026-06-01 04:51:13,933] INFO: T:0.987, State:swing, Fz:85.00, ThetaRef:60.00, ThetaActual:35.89, EncoderTheta:63.65, EncoderVelocity:-141.84, K:10.00, B:0.50
[2026-06-01 04:51:13,935] DEBUG: No valid transitions from state swing
[2026-06-01 04:51:13,936] WARNING: Velocity attribute does not use the linearization map. Please calculate the velocity using the position attribute.
[2026-06-01 04:51:13,941] INFO: T:0.995, State:swing, Fz:72.91, ThetaRef:60.00, ThetaActual:37.31, EncoderTheta:62.75, EncoderVelocity:-111.18, K:10.00, B:0.50
[2026-06-01 04:51:13,943] DEBUG: No valid transitions from state swing
[2026-06-01 04:51:13,944] WARNING: Velocity attribute does not use the linearization map. Please calculate the velocity using the position attribute.
[2026-06-01 04:51:13,949] INFO: T:1.003, State:swing, Fz:59.26, ThetaRef:60.00, ThetaActual:37.94, EncoderTheta:61.98, EncoderVelocity:-96.20, K:10.00, B:0.50
[2026-06-01 04:51:13,952] DEBUG: No valid transitions from state swing
[2026-06-01 04:51:13,952] WARNING: Velocity attribute does not use the linearization map. Please calculate the velocity using the position attribute.
[2026-06-01 04:51:13,957] INFO: T:1.011, State:swing, Fz:47.39, ThetaRef:60.00, ThetaActual:38.98, EncoderTheta:61.46, EncoderVelocity:-65.26, K:10.00, B:0.50
[2026-06-01 04:51:13,960] DEBUG: No valid transitions from state swing
[2026-06-01 04:51:13,960] WARNING: Velocity attribute does not use the linearization map. Please calculate the velocity using the position attribute.
[2026-06-01 04:51:13,965] INFO: T:1.019, State:swing, Fz:34.35, ThetaRef:60.00, ThetaActual:39.40, EncoderTheta:61.11, EncoderVelocity:-44.01, K:10.00, B:0.50
[2026-06-01 04:51:13,968] DEBUG: No valid transitions from state swing
[2026-06-01 04:51:13,968] WARNING: Velocity attribute does not use the linearization map. Please calculate the velocity using the position attribute.
[2026-06-01 04:51:13,973] INFO: T:1.027, State:swing, Fz:21.92, ThetaRef:60.00, ThetaActual:40.02, EncoderTheta:60.89, EncoderVelocity:-27.00, K:10.00, B:0.50
[2026-06-01 04:51:13,976] DEBUG: No valid transitions from state swing
[2026-06-01 04:51:13,976] WARNING: Velocity attribute does not use the linearization map. Please calculate the velocity using the position attribute.
[2026-06-01 04:51:13,981] INFO: T:1.035, State:swing, Fz:18.38, ThetaRef:60.00, ThetaActual:40.31, EncoderTheta:60.97, EncoderVelocity:10.98, K:10.00, B:0.50
[2026-06-01 04:51:13,984] DEBUG: No valid transitions from state swing
[2026-06-01 04:51:13,984] WARNING: Velocity attribute does not use the linearization map. Please calculate the velocity using the position attribute.
[2026-06-01 04:51:13,989] INFO: T:1.043, State:swing, Fz:8.72, ThetaRef:60.00, ThetaActual:40.31, EncoderTheta:61.11, EncoderVelocity:16.34, K:10.00, B:0.50
[2026-06-01 04:51:13,992] DEBUG: No valid transitions from state swing
[2026-06-01 04:51:13,992] WARNING: Velocity attribute does not use the linearization map. Please calculate the velocity using the position attribute.
[2026-06-01 04:51:13,997] INFO: T:1.051, State:swing, Fz:-3.08, ThetaRef:60.00, ThetaActual:40.12, EncoderTheta:61.52, EncoderVelocity:51.66, K:10.00, B:0.50
[2026-06-01 04:51:14,000] DEBUG: No valid transitions from state swing
[2026-06-01 04:51:14,000] WARNING: Velocity attribute does not use the linearization map. Please calculate the velocity using the position attribute.
[2026-06-01 04:51:14,005] INFO: T:1.059, State:swing, Fz:-15.03, ThetaRef:60.00, ThetaActual:39.68, EncoderTheta:61.96, EncoderVelocity:54.43, K:10.00, B:0.50
[2026-06-01 04:51:14,008] DEBUG: No valid transitions from state swing
[2026-06-01 04:51:14,008] WARNING: Velocity attribute does not use the linearization map. Please calculate the velocity using the position attribute.
[2026-06-01 04:51:14,013] INFO: T:1.067, State:swing, Fz:-23.18, ThetaRef:60.00, ThetaActual:39.36, EncoderTheta:62.58, EncoderVelocity:76.80, K:10.00, B:0.50
[2026-06-01 04:51:14,016] DEBUG: No valid transitions from state swing
[2026-06-01 04:51:14,016] WARNING: Velocity attribute does not use the linearization map. Please calculate the velocity using the position attribute.
[2026-06-01 04:51:14,022] INFO: T:1.075, State:swing, Fz:-24.36, ThetaRef:60.00, ThetaActual:38.58, EncoderTheta:63.33, EncoderVelocity:92.56, K:10.00, B:0.50
[2026-06-01 04:51:14,024] DEBUG: No valid transitions from state swing
[2026-06-01 04:51:14,024] WARNING: Velocity attribute does not use the linearization map. Please calculate the velocity using the position attribute.
[2026-06-01 04:51:14,030] INFO: T:1.083, State:swing, Fz:-24.25, ThetaRef:60.00, ThetaActual:38.12, EncoderTheta:64.14, EncoderVelocity:100.62, K:10.00, B:0.50
[2026-06-01 04:51:14,032] DEBUG: No valid transitions from state swing
[2026-06-01 04:51:14,032] WARNING: Velocity attribute does not use the linearization map. Please calculate the velocity using the position attribute.
[2026-06-01 04:51:14,038] INFO: T:1.091, State:swing, Fz:-23.72, ThetaRef:60.00, ThetaActual:37.07, EncoderTheta:64.93, EncoderVelocity:98.53, K:10.00, B:0.50
[2026-06-01 04:51:14,040] DEBUG: No valid transitions from state swing
[2026-06-01 04:51:14,040] WARNING: Velocity attribute does not use the linearization map. Please calculate the velocity using the position attribute.
[2026-06-01 04:51:14,046] INFO: T:1.099, State:swing, Fz:-19.85, ThetaRef:60.00, ThetaActual:35.89, EncoderTheta:65.98, EncoderVelocity:130.60, K:10.00, B:0.50
[2026-06-01 04:51:14,049] DEBUG: No valid transitions from state swing
[2026-06-01 04:51:14,050] WARNING: Velocity attribute does not use the linearization map. Please calculate the velocity using the position attribute.
[2026-06-01 04:51:14,056] INFO: T:1.108, State:swing, Fz:-14.92, ThetaRef:60.00, ThetaActual:35.25, EncoderTheta:67.13, EncoderVelocity:124.55, K:10.00, B:0.50
[2026-06-01 04:51:14,059] DEBUG: No valid transitions from state swing
[2026-06-01 04:51:14,059] WARNING: Velocity attribute does not use the linearization map. Please calculate the velocity using the position attribute.
[2026-06-01 04:51:14,072] INFO: T:1.118, State:swing, Fz:-9.65, ThetaRef:60.00, ThetaActual:33.92, EncoderTheta:68.31, EncoderVelocity:130.05, K:10.00, B:0.50
[2026-06-01 04:51:14,075] DEBUG: No valid transitions from state swing
[2026-06-01 04:51:14,076] WARNING: Velocity attribute does not use the linearization map. Please calculate the velocity using the position attribute.
[2026-06-01 04:51:14,082] INFO: T:1.134, State:swing, Fz:-4.64, ThetaRef:60.00, ThetaActual:31.10, EncoderTheta:70.66, EncoderVelocity:140.63, K:10.00, B:0.50
[2026-06-01 04:51:14,085] DEBUG: No valid transitions from state swing
[2026-06-01 04:51:14,085] WARNING: Velocity attribute does not use the linearization map. Please calculate the velocity using the position attribute.
[2026-06-01 04:51:14,091] INFO: T:1.144, State:swing, Fz:-4.31, ThetaRef:60.00, ThetaActual:29.68, EncoderTheta:72.16, EncoderVelocity:149.31, K:10.00, B:0.50
[2026-06-01 04:51:14,094] DEBUG: No valid transitions from state swing
[2026-06-01 04:51:14,094] WARNING: Velocity attribute does not use the linearization map. Please calculate the velocity using the position attribute.
[2026-06-01 04:51:14,100] INFO: T:1.153, State:swing, Fz:-4.05, ThetaRef:60.00, ThetaActual:28.96, EncoderTheta:73.48, EncoderVelocity:147.82, K:10.00, B:0.50
[2026-06-01 04:51:14,103] DEBUG: No valid transitions from state swing
[2026-06-01 04:51:14,103] WARNING: Velocity attribute does not use the linearization map. Please calculate the velocity using the position attribute.
[2026-06-01 04:51:14,109] INFO: T:1.162, State:swing, Fz:-4.86, ThetaRef:60.00, ThetaActual:27.51, EncoderTheta:74.73, EncoderVelocity:147.44, K:10.00, B:0.50
[2026-06-01 04:51:14,111] DEBUG: No valid transitions from state swing
[2026-06-01 04:51:14,112] WARNING: Velocity attribute does not use the linearization map. Please calculate the velocity using the position attribute.
[2026-06-01 04:51:14,117] INFO: T:1.170, State:swing, Fz:-6.95, ThetaRef:60.00, ThetaActual:26.01, EncoderTheta:76.16, EncoderVelocity:164.35, K:10.00, B:0.50
[2026-06-01 04:51:14,120] DEBUG: No valid transitions from state swing
[2026-06-01 04:51:14,120] WARNING: Velocity attribute does not use the linearization map. Please calculate the velocity using the position attribute.
[2026-06-01 04:51:14,126] INFO: T:1.179, State:swing, Fz:-9.57, ThetaRef:60.00, ThetaActual:24.49, EncoderTheta:77.54, EncoderVelocity:161.37, K:10.00, B:0.50
[2026-06-01 04:51:14,128] DEBUG: No valid transitions from state swing
[2026-06-01 04:51:14,128] WARNING: Velocity attribute does not use the linearization map. Please calculate the velocity using the position attribute.
[2026-06-01 04:51:14,134] INFO: T:1.188, State:swing, Fz:-11.62, ThetaRef:60.00, ThetaActual:23.71, EncoderTheta:78.90, EncoderVelocity:161.27, K:10.00, B:0.50
[2026-06-01 04:51:14,137] DEBUG: No valid transitions from state swing
[2026-06-01 04:51:14,137] WARNING: Velocity attribute does not use the linearization map. Please calculate the velocity using the position attribute.
[2026-06-01 04:51:14,143] INFO: T:1.196, State:swing, Fz:-14.19, ThetaRef:60.00, ThetaActual:22.12, EncoderTheta:80.33, EncoderVelocity:170.17, K:10.00, B:0.50
[2026-06-01 04:51:14,145] DEBUG: No valid transitions from state swing
[2026-06-01 04:51:14,145] WARNING: Velocity attribute does not use the linearization map. Please calculate the velocity using the position attribute.
[2026-06-01 04:51:14,151] INFO: T:1.204, State:swing, Fz:-15.63, ThetaRef:60.00, ThetaActual:20.51, EncoderTheta:81.74, EncoderVelocity:166.31, K:10.00, B:0.50
[2026-06-01 04:51:14,154] DEBUG: No valid transitions from state swing
[2026-06-01 04:51:14,154] WARNING: Velocity attribute does not use the linearization map. Please calculate the velocity using the position attribute.
[2026-06-01 04:51:14,159] INFO: T:1.213, State:swing, Fz:-16.73, ThetaRef:60.00, ThetaActual:19.69, EncoderTheta:83.14, EncoderVelocity:168.18, K:10.00, B:0.50
[2026-06-01 04:51:14,162] DEBUG: No valid transitions from state swing
[2026-06-01 04:51:14,162] WARNING: Velocity attribute does not use the linearization map. Please calculate the velocity using the position attribute.
[2026-06-01 04:51:14,167] INFO: T:1.221, State:swing, Fz:-17.10, ThetaRef:60.00, ThetaActual:18.03, EncoderTheta:84.53, EncoderVelocity:168.24, K:10.00, B:0.50
[2026-06-01 04:51:14,170] DEBUG: No valid transitions from state swing
[2026-06-01 04:51:14,170] WARNING: Velocity attribute does not use the linearization map. Please calculate the velocity using the position attribute.
[2026-06-01 04:51:14,176] INFO: T:1.229, State:swing, Fz:-18.85, ThetaRef:60.00, ThetaActual:16.35, EncoderTheta:85.87, EncoderVelocity:160.69, K:10.00, B:0.50
[2026-06-01 04:51:14,178] DEBUG: No valid transitions from state swing
[2026-06-01 04:51:14,179] WARNING: Velocity attribute does not use the linearization map. Please calculate the velocity using the position attribute.
[2026-06-01 04:51:14,184] INFO: T:1.238, State:swing, Fz:-19.67, ThetaRef:60.00, ThetaActual:15.51, EncoderTheta:87.36, EncoderVelocity:179.88, K:10.00, B:0.50
[2026-06-01 04:51:14,187] DEBUG: No valid transitions from state swing
[2026-06-01 04:51:14,187] WARNING: Velocity attribute does not use the linearization map. Please calculate the velocity using the position attribute.
[2026-06-01 04:51:14,193] INFO: T:1.246, State:swing, Fz:-20.32, ThetaRef:60.00, ThetaActual:13.82, EncoderTheta:88.79, EncoderVelocity:169.41, K:10.00, B:0.50
[2026-06-01 04:51:14,195] DEBUG: No valid transitions from state swing
[2026-06-01 04:51:14,195] WARNING: Velocity attribute does not use the linearization map. Please calculate the velocity using the position attribute.
[2026-06-01 04:51:14,201] INFO: T:1.254, State:swing, Fz:-21.30, ThetaRef:60.00, ThetaActual:12.14, EncoderTheta:90.15, EncoderVelocity:163.99, K:10.00, B:0.50
[2026-06-01 04:51:14,203] DEBUG: No valid transitions from state swing
[2026-06-01 04:51:14,203] WARNING: Velocity attribute does not use the linearization map. Please calculate the velocity using the position attribute.
[2026-06-01 04:51:14,209] INFO: T:1.263, State:swing, Fz:-24.02, ThetaRef:60.00, ThetaActual:11.31, EncoderTheta:91.60, EncoderVelocity:176.48, K:10.00, B:0.50
[2026-06-01 04:51:14,212] DEBUG: No valid transitions from state swing
[2026-06-01 04:51:14,212] WARNING: Velocity attribute does not use the linearization map. Please calculate the velocity using the position attribute.
[2026-06-01 04:51:14,218] INFO: T:1.271, State:swing, Fz:-25.59, ThetaRef:60.00, ThetaActual:9.67, EncoderTheta:92.97, EncoderVelocity:161.62, K:10.00, B:0.50
[2026-06-01 04:51:14,220] DEBUG: No valid transitions from state swing
[2026-06-01 04:51:14,220] WARNING: Velocity attribute does not use the linearization map. Please calculate the velocity using the position attribute.
[2026-06-01 04:51:14,226] INFO: T:1.279, State:swing, Fz:-27.78, ThetaRef:60.00, ThetaActual:8.03, EncoderTheta:94.35, EncoderVelocity:164.92, K:10.00, B:0.50
[2026-06-01 04:51:14,229] DEBUG: No valid transitions from state swing
[2026-06-01 04:51:14,229] WARNING: Velocity attribute does not use the linearization map. Please calculate the velocity using the position attribute.
[2026-06-01 04:51:14,234] INFO: T:1.288, State:swing, Fz:-29.46, ThetaRef:60.00, ThetaActual:7.22, EncoderTheta:95.58, EncoderVelocity:147.44, K:10.00, B:0.50
[2026-06-01 04:51:14,237] DEBUG: No valid transitions from state swing
[2026-06-01 04:51:14,237] WARNING: Velocity attribute does not use the linearization map. Please calculate the velocity using the position attribute.
[2026-06-01 04:51:14,243] INFO: T:1.296, State:swing, Fz:-29.74, ThetaRef:60.00, ThetaActual:5.62, EncoderTheta:96.90, EncoderVelocity:155.80, K:10.00, B:0.50
[2026-06-01 04:51:14,245] DEBUG: No valid transitions from state swing
[2026-06-01 04:51:14,245] WARNING: Velocity attribute does not use the linearization map. Please calculate the velocity using the position attribute.
[2026-06-01 04:51:14,251] INFO: T:1.305, State:swing, Fz:-28.97, ThetaRef:60.00, ThetaActual:4.06, EncoderTheta:98.26, EncoderVelocity:163.09, K:10.00, B:0.50
[2026-06-01 04:51:14,254] DEBUG: No valid transitions from state swing
[2026-06-01 04:51:14,254] WARNING: Velocity attribute does not use the linearization map. Please calculate the velocity using the position attribute.
[2026-06-01 04:51:14,259] INFO: T:1.313, State:swing, Fz:-30.34, ThetaRef:60.00, ThetaActual:3.30, EncoderTheta:99.40, EncoderVelocity:138.76, K:10.00, B:0.50
[2026-06-01 04:51:14,262] DEBUG: No valid transitions from state swing
[2026-06-01 04:51:14,262] WARNING: Velocity attribute does not use the linearization map. Please calculate the velocity using the position attribute.
[2026-06-01 04:51:14,268] INFO: T:1.321, State:swing, Fz:-39.48, ThetaRef:60.00, ThetaActual:1.83, EncoderTheta:100.13, EncoderVelocity:86.53, K:10.00, B:0.50
[2026-06-01 04:51:14,270] WARNING: Velocity attribute does not use the linearization map. Please calculate the velocity using the position attribute.
[2026-06-01 04:51:14,276] INFO: T:1.330, State:stance, Fz:-100.58, ThetaRef:5.00, ThetaActual:0.42, EncoderTheta:100.17, EncoderVelocity:5.29, K:500.00, B:20.00
[2026-06-01 04:51:14,279] DEBUG: No valid transitions from state stance
[2026-06-01 04:51:14,279] WARNING: Velocity attribute does not use the linearization map. Please calculate the velocity using the position attribute.
[2026-06-01 04:51:14,284] INFO: T:1.338, State:stance, Fz:-66.43, ThetaRef:5.00, ThetaActual:-0.16, EncoderTheta:100.20, EncoderVelocity:2.64, K:500.00, B:20.00
[2026-06-01 04:51:14,287] DEBUG: No valid transitions from state stance
[2026-06-01 04:51:14,287] WARNING: Velocity attribute does not use the linearization map. Please calculate the velocity using the position attribute.
[2026-06-01 04:51:14,292] INFO: T:1.346, State:stance, Fz:-61.30, ThetaRef:5.00, ThetaActual:-0.53, EncoderTheta:100.15, EncoderVelocity:-5.34, K:500.00, B:20.00
[2026-06-01 04:51:14,295] DEBUG: No valid transitions from state stance
[2026-06-01 04:51:14,295] WARNING: Velocity attribute does not use the linearization map. Please calculate the velocity using the position attribute.
[2026-06-01 04:51:14,301] INFO: T:1.354, State:stance, Fz:-75.54, ThetaRef:5.00, ThetaActual:0.14, EncoderTheta:100.09, EncoderVelocity:-7.99, K:500.00, B:20.00
[2026-06-01 04:51:14,303] DEBUG: No valid transitions from state stance
[2026-06-01 04:51:14,303] WARNING: Velocity attribute does not use the linearization map. Please calculate the velocity using the position attribute.
[2026-06-01 04:51:14,309] INFO: T:1.363, State:stance, Fz:-59.32, ThetaRef:5.00, ThetaActual:0.43, EncoderTheta:100.02, EncoderVelocity:-8.05, K:500.00, B:20.00
[2026-06-01 04:51:14,312] DEBUG: No valid transitions from state stance
[2026-06-01 04:51:14,312] WARNING: Velocity attribute does not use the linearization map. Please calculate the velocity using the position attribute.
[2026-06-01 04:51:14,317] INFO: T:1.371, State:stance, Fz:-49.94, ThetaRef:5.00, ThetaActual:0.59, EncoderTheta:100.06, EncoderVelocity:5.26, K:500.00, B:20.00
[2026-06-01 04:51:14,320] DEBUG: No valid transitions from state stance
[2026-06-01 04:51:14,320] WARNING: Velocity attribute does not use the linearization map. Please calculate the velocity using the position attribute.
[2026-06-01 04:51:14,326] INFO: T:1.379, State:stance, Fz:-54.35, ThetaRef:5.00, ThetaActual:0.55, EncoderTheta:100.06, EncoderVelocity:0.00, K:500.00, B:20.00
[2026-06-01 04:51:14,328] DEBUG: No valid transitions from state stance
[2026-06-01 04:51:14,328] WARNING: Velocity attribute does not use the linearization map. Please calculate the velocity using the position attribute.
[2026-06-01 04:51:14,334] INFO: T:1.388, State:stance, Fz:-45.24, ThetaRef:5.00, ThetaActual:0.55, EncoderTheta:100.06, EncoderVelocity:0.00, K:500.00, B:20.00
[2026-06-01 04:51:14,337] DEBUG: No valid transitions from state stance
[2026-06-01 04:51:14,337] WARNING: Velocity attribute does not use the linearization map. Please calculate the velocity using the position attribute.
[2026-06-01 04:51:14,342] INFO: T:1.396, State:stance, Fz:-38.19, ThetaRef:5.00, ThetaActual:0.55, EncoderTheta:100.09, EncoderVelocity:2.66, K:500.00, B:20.00
[2026-06-01 04:51:14,345] DEBUG: No valid transitions from state stance
[2026-06-01 04:51:14,345] WARNING: Velocity attribute does not use the linearization map. Please calculate the velocity using the position attribute.
[2026-06-01 04:51:14,351] INFO: T:1.404, State:stance, Fz:-35.87, ThetaRef:5.00, ThetaActual:0.56, EncoderTheta:100.11, EncoderVelocity:2.63, K:500.00, B:20.00
[2026-06-01 04:51:14,353] DEBUG: No valid transitions from state stance
[2026-06-01 04:51:14,353] WARNING: Velocity attribute does not use the linearization map. Please calculate the velocity using the position attribute.
[2026-06-01 04:51:14,359] INFO: T:1.412, State:stance, Fz:-31.11, ThetaRef:5.00, ThetaActual:0.55, EncoderTheta:100.09, EncoderVelocity:-2.67, K:500.00, B:20.00
[2026-06-01 04:51:14,361] WARNING: Velocity attribute does not use the linearization map. Please calculate the velocity using the position attribute.
[2026-06-01 04:51:14,367] INFO: T:1.421, State:swing, Fz:-26.95, ThetaRef:60.00, ThetaActual:0.56, EncoderTheta:100.04, EncoderVelocity:-5.31, K:10.00, B:0.50
[2026-06-01 04:51:14,370] DEBUG: No valid transitions from state swing
[2026-06-01 04:51:14,370] WARNING: Velocity attribute does not use the linearization map. Please calculate the velocity using the position attribute.
[2026-06-01 04:51:14,375] INFO: T:1.429, State:swing, Fz:-22.81, ThetaRef:60.00, ThetaActual:0.56, EncoderTheta:100.02, EncoderVelocity:-2.67, K:10.00, B:0.50
[2026-06-01 04:51:14,378] DEBUG: No valid transitions from state swing
[2026-06-01 04:51:14,378] WARNING: Velocity attribute does not use the linearization map. Please calculate the velocity using the position attribute.
[2026-06-01 04:51:14,384] INFO: T:1.437, State:swing, Fz:-19.16, ThetaRef:60.00, ThetaActual:0.56, EncoderTheta:100.04, EncoderVelocity:2.67, K:10.00, B:0.50
[2026-06-01 04:51:14,386] DEBUG: No valid transitions from state swing
[2026-06-01 04:51:14,386] WARNING: Velocity attribute does not use the linearization map. Please calculate the velocity using the position attribute.
[2026-06-01 04:51:14,392] INFO: T:1.445, State:swing, Fz:-14.41, ThetaRef:60.00, ThetaActual:0.60, EncoderTheta:100.02, EncoderVelocity:-2.63, K:10.00, B:0.50
[2026-06-01 04:51:14,394] DEBUG: No valid transitions from state swing
[2026-06-01 04:51:14,395] WARNING: Velocity attribute does not use the linearization map. Please calculate the velocity using the position attribute.
[2026-06-01 04:51:14,400] INFO: T:1.454, State:swing, Fz:-9.78, ThetaRef:60.00, ThetaActual:0.64, EncoderTheta:100.04, EncoderVelocity:2.66, K:10.00, B:0.50
[2026-06-01 04:51:14,403] DEBUG: No valid transitions from state swing
[2026-06-01 04:51:14,403] WARNING: Velocity attribute does not use the linearization map. Please calculate the velocity using the position attribute.
[2026-06-01 04:51:14,408] INFO: T:1.462, State:swing, Fz:-9.75, ThetaRef:60.00, ThetaActual:0.74, EncoderTheta:100.02, EncoderVelocity:-2.67, K:10.00, B:0.50
[2026-06-01 04:51:14,411] DEBUG: No valid transitions from state swing
[2026-06-01 04:51:14,411] WARNING: Velocity attribute does not use the linearization map. Please calculate the velocity using the position attribute.
[2026-06-01 04:51:14,417] INFO: T:1.470, State:swing, Fz:-6.78, ThetaRef:60.00, ThetaActual:0.84, EncoderTheta:99.93, EncoderVelocity:-10.81, K:10.00, B:0.50
[2026-06-01 04:51:14,419] DEBUG: No valid transitions from state swing
[2026-06-01 04:51:14,419] WARNING: Velocity attribute does not use the linearization map. Please calculate the velocity using the position attribute.
[2026-06-01 04:51:14,425] INFO: T:1.478, State:swing, Fz:-0.46, ThetaRef:60.00, ThetaActual:0.89, EncoderTheta:99.93, EncoderVelocity:0.00, K:10.00, B:0.50
[2026-06-01 04:51:14,428] DEBUG: No valid transitions from state swing
[2026-06-01 04:51:14,428] WARNING: Velocity attribute does not use the linearization map. Please calculate the velocity using the position attribute.
[2026-06-01 04:51:14,433] INFO: T:1.487, State:swing, Fz:-2.16, ThetaRef:60.00, ThetaActual:0.96, EncoderTheta:99.93, EncoderVelocity:0.00, K:10.00, B:0.50
[2026-06-01 04:51:14,436] DEBUG: No valid transitions from state swing
[2026-06-01 04:51:14,436] WARNING: Velocity attribute does not use the linearization map. Please calculate the velocity using the position attribute.
[2026-06-01 04:51:14,442] INFO: T:1.495, State:swing, Fz:-2.47, ThetaRef:60.00, ThetaActual:1.00, EncoderTheta:99.91, EncoderVelocity:-2.65, K:10.00, B:0.50
[2026-06-01 04:51:14,444] DEBUG: No valid transitions from state swing
[2026-06-01 04:51:14,444] WARNING: Velocity attribute does not use the linearization map. Please calculate the velocity using the position attribute.
[2026-06-01 04:51:14,450] INFO: T:1.503, State:swing, Fz:-5.65, ThetaRef:60.00, ThetaActual:1.02, EncoderTheta:99.93, EncoderVelocity:2.64, K:10.00, B:0.50
[2026-06-01 04:51:14,453] DEBUG: No valid transitions from state swing
[2026-06-01 04:51:14,453] WARNING: Velocity attribute does not use the linearization map. Please calculate the velocity using the position attribute.
[2026-06-01 04:51:14,458] INFO: T:1.512, State:swing, Fz:-6.61, ThetaRef:60.00, ThetaActual:1.03, EncoderTheta:99.95, EncoderVelocity:2.65, K:10.00, B:0.50
[2026-06-01 04:51:14,461] DEBUG: No valid transitions from state swing
[2026-06-01 04:51:14,461] WARNING: Velocity attribute does not use the linearization map. Please calculate the velocity using the position attribute.
[2026-06-01 04:51:14,467] INFO: T:1.520, State:swing, Fz:-8.80, ThetaRef:60.00, ThetaActual:1.03, EncoderTheta:99.93, EncoderVelocity:-2.61, K:10.00, B:0.50
[2026-06-01 04:51:14,469] DEBUG: No valid transitions from state swing
[2026-06-01 04:51:14,470] WARNING: Velocity attribute does not use the linearization map. Please calculate the velocity using the position attribute.
[2026-06-01 04:51:14,475] INFO: T:1.529, State:swing, Fz:-9.99, ThetaRef:60.00, ThetaActual:1.02, EncoderTheta:99.95, EncoderVelocity:2.60, K:10.00, B:0.50
[2026-06-01 04:51:14,478] DEBUG: No valid transitions from state swing
[2026-06-01 04:51:14,478] WARNING: Velocity attribute does not use the linearization map. Please calculate the velocity using the position attribute.
[2026-06-01 04:51:14,483] INFO: T:1.537, State:swing, Fz:-11.39, ThetaRef:60.00, ThetaActual:1.02, EncoderTheta:99.95, EncoderVelocity:0.00, K:10.00, B:0.50
[2026-06-01 04:51:14,486] DEBUG: No valid transitions from state swing
[2026-06-01 04:51:14,486] WARNING: Velocity attribute does not use the linearization map. Please calculate the velocity using the position attribute.
[2026-06-01 04:51:14,492] INFO: T:1.545, State:swing, Fz:-11.44, ThetaRef:60.00, ThetaActual:1.03, EncoderTheta:99.87, EncoderVelocity:-10.59, K:10.00, B:0.50
[2026-06-01 04:51:14,494] DEBUG: No valid transitions from state swing
[2026-06-01 04:51:14,495] WARNING: Velocity attribute does not use the linearization map. Please calculate the velocity using the position attribute.
[2026-06-01 04:51:14,500] INFO: T:1.554, State:swing, Fz:-13.98, ThetaRef:60.00, ThetaActual:1.03, EncoderTheta:99.91, EncoderVelocity:5.23, K:10.00, B:0.50
[2026-06-01 04:51:14,503] DEBUG: No valid transitions from state swing
[2026-06-01 04:51:14,503] WARNING: Velocity attribute does not use the linearization map. Please calculate the velocity using the position attribute.
[2026-06-01 04:51:14,508] INFO: T:1.562, State:swing, Fz:-13.95, ThetaRef:60.00, ThetaActual:1.03, EncoderTheta:99.95, EncoderVelocity:5.28, K:10.00, B:0.50
[2026-06-01 04:51:14,511] DEBUG: No valid transitions from state swing
[2026-06-01 04:51:14,511] WARNING: Velocity attribute does not use the linearization map. Please calculate the velocity using the position attribute.
[2026-06-01 04:51:14,517] INFO: T:1.570, State:swing, Fz:-11.93, ThetaRef:60.00, ThetaActual:1.03, EncoderTheta:99.95, EncoderVelocity:0.00, K:10.00, B:0.50
[2026-06-01 04:51:14,519] DEBUG: No valid transitions from state swing
[2026-06-01 04:51:14,520] WARNING: Velocity attribute does not use the linearization map. Please calculate the velocity using the position attribute.
[2026-06-01 04:51:14,525] INFO: T:1.579, State:swing, Fz:-13.37, ThetaRef:60.00, ThetaActual:1.03, EncoderTheta:99.95, EncoderVelocity:0.00, K:10.00, B:0.50
[2026-06-01 04:51:14,528] DEBUG: No valid transitions from state swing
[2026-06-01 04:51:14,528] WARNING: Velocity attribute does not use the linearization map. Please calculate the velocity using the position attribute.
[2026-06-01 04:51:14,533] INFO: T:1.587, State:swing, Fz:-14.46, ThetaRef:60.00, ThetaActual:1.03, EncoderTheta:99.93, EncoderVelocity:-2.64, K:10.00, B:0.50
[2026-06-01 04:51:14,536] DEBUG: No valid transitions from state swing
[2026-06-01 04:51:14,536] WARNING: Velocity attribute does not use the linearization map. Please calculate the velocity using the position attribute.
[2026-06-01 04:51:14,542] INFO: T:1.595, State:swing, Fz:-14.30, ThetaRef:60.00, ThetaActual:1.03, EncoderTheta:100.02, EncoderVelocity:10.54, K:10.00, B:0.50
[2026-06-01 04:51:14,544] DEBUG: No valid transitions from state swing
[2026-06-01 04:51:14,544] WARNING: Velocity attribute does not use the linearization map. Please calculate the velocity using the position attribute.
[2026-06-01 04:51:14,550] INFO: T:1.604, State:swing, Fz:-15.19, ThetaRef:60.00, ThetaActual:1.02, EncoderTheta:100.00, EncoderVelocity:-2.66, K:10.00, B:0.50
[2026-06-01 04:51:14,553] DEBUG: No valid transitions from state swing
[2026-06-01 04:51:14,553] WARNING: Velocity attribute does not use the linearization map. Please calculate the velocity using the position attribute.
[2026-06-01 04:51:14,558] INFO: T:1.612, State:swing, Fz:-15.87, ThetaRef:60.00, ThetaActual:1.03, EncoderTheta:100.00, EncoderVelocity:0.00, K:10.00, B:0.50
[2026-06-01 04:51:14,561] DEBUG: No valid transitions from state swing
[2026-06-01 04:51:14,561] WARNING: Velocity attribute does not use the linearization map. Please calculate the velocity using the position attribute.
[2026-06-01 04:51:14,567] INFO: T:1.620, State:swing, Fz:-16.83, ThetaRef:60.00, ThetaActual:1.03, EncoderTheta:99.98, EncoderVelocity:-2.67, K:10.00, B:0.50
[2026-06-01 04:51:14,569] DEBUG: No valid transitions from state swing
[2026-06-01 04:51:14,569] WARNING: Velocity attribute does not use the linearization map. Please calculate the velocity using the position attribute.
[2026-06-01 04:51:14,575] INFO: T:1.628, State:swing, Fz:-16.11, ThetaRef:60.00, ThetaActual:1.03, EncoderTheta:100.00, EncoderVelocity:2.66, K:10.00, B:0.50
[2026-06-01 04:51:14,577] DEBUG: No valid transitions from state swing
[2026-06-01 04:51:14,577] WARNING: Velocity attribute does not use the linearization map. Please calculate the velocity using the position attribute.
[2026-06-01 04:51:14,583] INFO: T:1.637, State:swing, Fz:-15.55, ThetaRef:60.00, ThetaActual:1.03, EncoderTheta:99.93, EncoderVelocity:-8.02, K:10.00, B:0.50
[2026-06-01 04:51:14,586] DEBUG: No valid transitions from state swing
[2026-06-01 04:51:14,586] WARNING: Velocity attribute does not use the linearization map. Please calculate the velocity using the position attribute.
[2026-06-01 04:51:14,591] INFO: T:1.645, State:swing, Fz:-15.13, ThetaRef:60.00, ThetaActual:1.03, EncoderTheta:99.93, EncoderVelocity:0.00, K:10.00, B:0.50
[2026-06-01 04:51:14,594] DEBUG: No valid transitions from state swing
[2026-06-01 04:51:14,594] WARNING: Velocity attribute does not use the linearization map. Please calculate the velocity using the position attribute.
[2026-06-01 04:51:14,600] INFO: T:1.653, State:swing, Fz:-12.80, ThetaRef:60.00, ThetaActual:1.03, EncoderTheta:99.95, EncoderVelocity:2.67, K:10.00, B:0.50
[2026-06-01 04:51:14,602] DEBUG: No valid transitions from state swing
[2026-06-01 04:51:14,603] WARNING: Velocity attribute does not use the linearization map. Please calculate the velocity using the position attribute.
[2026-06-01 04:51:14,608] INFO: T:1.662, State:swing, Fz:-13.01, ThetaRef:60.00, ThetaActual:1.03, EncoderTheta:99.95, EncoderVelocity:0.00, K:10.00, B:0.50
[2026-06-01 04:51:14,611] DEBUG: No valid transitions from state swing
[2026-06-01 04:51:14,611] WARNING: Velocity attribute does not use the linearization map. Please calculate the velocity using the position attribute.
[2026-06-01 04:51:14,617] INFO: T:1.670, State:swing, Fz:-12.20, ThetaRef:60.00, ThetaActual:1.03, EncoderTheta:99.98, EncoderVelocity:2.62, K:10.00, B:0.50
[2026-06-01 04:51:14,619] DEBUG: No valid transitions from state swing
[2026-06-01 04:51:14,619] WARNING: Velocity attribute does not use the linearization map. Please calculate the velocity using the position attribute.
[2026-06-01 04:51:14,625] INFO: T:1.678, State:swing, Fz:-12.05, ThetaRef:60.00, ThetaActual:1.03, EncoderTheta:99.93, EncoderVelocity:-5.23, K:10.00, B:0.50
[2026-06-01 04:51:14,627] DEBUG: No valid transitions from state swing
[2026-06-01 04:51:14,627] WARNING: Velocity attribute does not use the linearization map. Please calculate the velocity using the position attribute.
[2026-06-01 04:51:14,633] INFO: T:1.687, State:swing, Fz:-14.42, ThetaRef:60.00, ThetaActual:1.03, EncoderTheta:99.98, EncoderVelocity:5.34, K:10.00, B:0.50
[2026-06-01 04:51:14,636] DEBUG: No valid transitions from state swing
[2026-06-01 04:51:14,636] WARNING: Velocity attribute does not use the linearization map. Please calculate the velocity using the position attribute.
[2026-06-01 04:51:14,641] INFO: T:1.695, State:swing, Fz:-15.26, ThetaRef:60.00, ThetaActual:1.02, EncoderTheta:100.04, EncoderVelocity:8.01, K:10.00, B:0.50
[2026-06-01 04:51:14,644] DEBUG: No valid transitions from state swing
[2026-06-01 04:51:14,644] WARNING: Velocity attribute does not use the linearization map. Please calculate the velocity using the position attribute.
[2026-06-01 04:51:14,649] INFO: T:1.703, State:swing, Fz:-16.83, ThetaRef:60.00, ThetaActual:1.02, EncoderTheta:100.04, EncoderVelocity:0.00, K:10.00, B:0.50
[2026-06-01 04:51:14,652] DEBUG: No valid transitions from state swing
[2026-06-01 04:51:14,652] WARNING: Velocity attribute does not use the linearization map. Please calculate the velocity using the position attribute.
[2026-06-01 04:51:14,658] INFO: T:1.711, State:swing, Fz:-17.05, ThetaRef:60.00, ThetaActual:1.02, EncoderTheta:100.00, EncoderVelocity:-5.38, K:10.00, B:0.50
[2026-06-01 04:51:14,660] DEBUG: No valid transitions from state swing
[2026-06-01 04:51:14,660] WARNING: Velocity attribute does not use the linearization map. Please calculate the velocity using the position attribute.
[2026-06-01 04:51:14,666] INFO: T:1.720, State:swing, Fz:-17.73, ThetaRef:60.00, ThetaActual:1.03, EncoderTheta:100.02, EncoderVelocity:2.68, K:10.00, B:0.50
[2026-06-01 04:51:14,669] DEBUG: No valid transitions from state swing
[2026-06-01 04:51:14,669] WARNING: Velocity attribute does not use the linearization map. Please calculate the velocity using the position attribute.
[2026-06-01 04:51:14,674] INFO: T:1.728, State:swing, Fz:-18.76, ThetaRef:60.00, ThetaActual:1.02, EncoderTheta:100.02, EncoderVelocity:0.00, K:10.00, B:0.50
[2026-06-01 04:51:14,677] DEBUG: No valid transitions from state swing
[2026-06-01 04:51:14,677] WARNING: Velocity attribute does not use the linearization map. Please calculate the velocity using the position attribute.
[2026-06-01 04:51:14,683] INFO: T:1.736, State:swing, Fz:-17.04, ThetaRef:60.00, ThetaActual:1.03, EncoderTheta:100.02, EncoderVelocity:0.00, K:10.00, B:0.50
[2026-06-01 04:51:14,685] DEBUG: No valid transitions from state swing
[2026-06-01 04:51:14,685] WARNING: Velocity attribute does not use the linearization map. Please calculate the velocity using the position attribute.
[2026-06-01 04:51:14,691] INFO: T:1.744, State:swing, Fz:-19.18, ThetaRef:60.00, ThetaActual:1.02, EncoderTheta:100.02, EncoderVelocity:0.00, K:10.00, B:0.50
[2026-06-01 04:51:14,693] DEBUG: No valid transitions from state swing
[2026-06-01 04:51:14,693] WARNING: Velocity attribute does not use the linearization map. Please calculate the velocity using the position attribute.
[2026-06-01 04:51:14,699] INFO: T:1.753, State:swing, Fz:-18.83, ThetaRef:60.00, ThetaActual:1.02, EncoderTheta:100.02, EncoderVelocity:0.00, K:10.00, B:0.50
[2026-06-01 04:51:14,702] DEBUG: No valid transitions from state swing
[2026-06-01 04:51:14,702] WARNING: Velocity attribute does not use the linearization map. Please calculate the velocity using the position attribute.
[2026-06-01 04:51:14,707] INFO: T:1.761, State:swing, Fz:-19.05, ThetaRef:60.00, ThetaActual:1.02, EncoderTheta:100.02, EncoderVelocity:0.00, K:10.00, B:0.50
[2026-06-01 04:51:14,710] DEBUG: No valid transitions from state swing
[2026-06-01 04:51:14,710] WARNING: Velocity attribute does not use the linearization map. Please calculate the velocity using the position attribute.
[2026-06-01 04:51:14,716] INFO: T:1.769, State:swing, Fz:-19.25, ThetaRef:60.00, ThetaActual:1.02, EncoderTheta:99.98, EncoderVelocity:-5.33, K:10.00, B:0.50
[2026-06-01 04:51:14,718] DEBUG: No valid transitions from state swing
[2026-06-01 04:51:14,718] WARNING: Velocity attribute does not use the linearization map. Please calculate the velocity using the position attribute.
[2026-06-01 04:51:14,724] INFO: T:1.777, State:swing, Fz:-17.87, ThetaRef:60.00, ThetaActual:1.03, EncoderTheta:100.02, EncoderVelocity:5.30, K:10.00, B:0.50
[2026-06-01 04:51:14,726] DEBUG: No valid transitions from state swing
[2026-06-01 04:51:14,726] WARNING: Velocity attribute does not use the linearization map. Please calculate the velocity using the position attribute.
[2026-06-01 04:51:14,732] INFO: T:1.786, State:swing, Fz:-18.81, ThetaRef:60.00, ThetaActual:1.02, EncoderTheta:100.00, EncoderVelocity:-2.67, K:10.00, B:0.50
[2026-06-01 04:51:14,735] DEBUG: No valid transitions from state swing
[2026-06-01 04:51:14,735] WARNING: Velocity attribute does not use the linearization map. Please calculate the velocity using the position attribute.
[2026-06-01 04:51:14,740] INFO: T:1.794, State:swing, Fz:-18.02, ThetaRef:60.00, ThetaActual:1.02, EncoderTheta:99.98, EncoderVelocity:-2.64, K:10.00, B:0.50
[2026-06-01 04:51:14,743] DEBUG: No valid transitions from state swing
[2026-06-01 04:51:14,743] WARNING: Velocity attribute does not use the linearization map. Please calculate the velocity using the position attribute.
[2026-06-01 04:51:14,749] INFO: T:1.802, State:swing, Fz:-19.88, ThetaRef:60.00, ThetaActual:1.02, EncoderTheta:99.98, EncoderVelocity:0.00, K:10.00, B:0.50
[2026-06-01 04:51:14,751] DEBUG: No valid transitions from state swing
[2026-06-01 04:51:14,752] WARNING: Velocity attribute does not use the linearization map. Please calculate the velocity using the position attribute.
[2026-06-01 04:51:14,757] INFO: T:1.811, State:swing, Fz:-20.35, ThetaRef:60.00, ThetaActual:1.03, EncoderTheta:100.00, EncoderVelocity:2.60, K:10.00, B:0.50
[2026-06-01 04:51:14,760] DEBUG: No valid transitions from state swing
[2026-06-01 04:51:14,760] WARNING: Velocity attribute does not use the linearization map. Please calculate the velocity using the position attribute.
[2026-06-01 04:51:14,765] INFO: T:1.819, State:swing, Fz:-19.19, ThetaRef:60.00, ThetaActual:1.02, EncoderTheta:100.00, EncoderVelocity:0.00, K:10.00, B:0.50
[2026-06-01 04:51:14,768] DEBUG: No valid transitions from state swing
[2026-06-01 04:51:14,768] WARNING: Velocity attribute does not use the linearization map. Please calculate the velocity using the position attribute.
[2026-06-01 04:51:14,774] INFO: T:1.827, State:swing, Fz:-19.26, ThetaRef:60.00, ThetaActual:1.02, EncoderTheta:99.91, EncoderVelocity:-10.50, K:10.00, B:0.50
[2026-06-01 04:51:14,776] DEBUG: No valid transitions from state swing
[2026-06-01 04:51:14,777] WARNING: Velocity attribute does not use the linearization map. Please calculate the velocity using the position attribute.
[2026-06-01 04:51:14,782] INFO: T:1.836, State:swing, Fz:-18.31, ThetaRef:60.00, ThetaActual:1.02, EncoderTheta:100.02, EncoderVelocity:13.30, K:10.00, B:0.50
[2026-06-01 04:51:14,785] DEBUG: No valid transitions from state swing
[2026-06-01 04:51:14,785] WARNING: Velocity attribute does not use the linearization map. Please calculate the velocity using the position attribute.
[2026-06-01 04:51:14,791] INFO: T:1.844, State:swing, Fz:-16.12, ThetaRef:60.00, ThetaActual:1.03, EncoderTheta:99.98, EncoderVelocity:-5.06, K:10.00, B:0.50
[2026-06-01 04:51:14,793] DEBUG: No valid transitions from state swing
[2026-06-01 04:51:14,793] WARNING: Velocity attribute does not use the linearization map. Please calculate the velocity using the position attribute.
[2026-06-01 04:51:14,799] INFO: T:1.853, State:swing, Fz:-14.46, ThetaRef:60.00, ThetaActual:1.03, EncoderTheta:99.95, EncoderVelocity:-2.66, K:10.00, B:0.50
[2026-06-01 04:51:14,802] DEBUG: No valid transitions from state swing
[2026-06-01 04:51:14,802] WARNING: Velocity attribute does not use the linearization map. Please calculate the velocity using the position attribute.
[2026-06-01 04:51:14,807] INFO: T:1.861, State:swing, Fz:-16.68, ThetaRef:60.00, ThetaActual:1.02, EncoderTheta:100.00, EncoderVelocity:5.27, K:10.00, B:0.50
[2026-06-01 04:51:14,810] DEBUG: No valid transitions from state swing
[2026-06-01 04:51:14,810] WARNING: Velocity attribute does not use the linearization map. Please calculate the velocity using the position attribute.
[2026-06-01 04:51:14,816] INFO: T:1.869, State:swing, Fz:-14.43, ThetaRef:60.00, ThetaActual:1.03, EncoderTheta:99.95, EncoderVelocity:-5.32, K:10.00, B:0.50
[2026-06-01 04:51:14,818] DEBUG: No valid transitions from state swing
[2026-06-01 04:51:14,818] WARNING: Velocity attribute does not use the linearization map. Please calculate the velocity using the position attribute.
[2026-06-01 04:51:14,824] INFO: T:1.877, State:swing, Fz:-15.18, ThetaRef:60.00, ThetaActual:1.02, EncoderTheta:100.02, EncoderVelocity:7.95, K:10.00, B:0.50
[2026-06-01 04:51:14,826] DEBUG: No valid transitions from state swing
[2026-06-01 04:51:14,827] WARNING: Velocity attribute does not use the linearization map. Please calculate the velocity using the position attribute.
[2026-06-01 04:51:14,832] INFO: T:1.886, State:swing, Fz:-15.26, ThetaRef:60.00, ThetaActual:1.02, EncoderTheta:100.00, EncoderVelocity:-2.66, K:10.00, B:0.50
[2026-06-01 04:51:14,835] DEBUG: No valid transitions from state swing
[2026-06-01 04:51:14,835] WARNING: Velocity attribute does not use the linearization map. Please calculate the velocity using the position attribute.
[2026-06-01 04:51:14,840] INFO: T:1.894, State:swing, Fz:-14.31, ThetaRef:60.00, ThetaActual:1.02, EncoderTheta:99.93, EncoderVelocity:-7.91, K:10.00, B:0.50
[2026-06-01 04:51:14,843] DEBUG: No valid transitions from state swing
[2026-06-01 04:51:14,843] WARNING: Velocity attribute does not use the linearization map. Please calculate the velocity using the position attribute.
[2026-06-01 04:51:14,849] INFO: T:1.902, State:swing, Fz:-14.63, ThetaRef:60.00, ThetaActual:1.02, EncoderTheta:100.00, EncoderVelocity:8.02, K:10.00, B:0.50
[2026-06-01 04:51:14,851] DEBUG: No valid transitions from state swing
[2026-06-01 04:51:14,851] WARNING: Velocity attribute does not use the linearization map. Please calculate the velocity using the position attribute.
[2026-06-01 04:51:14,858] INFO: T:1.911, State:swing, Fz:-12.41, ThetaRef:60.00, ThetaActual:1.03, EncoderTheta:99.98, EncoderVelocity:-2.64, K:10.00, B:0.50
[2026-06-01 04:51:14,861] DEBUG: No valid transitions from state swing
[2026-06-01 04:51:14,861] WARNING: Velocity attribute does not use the linearization map. Please calculate the velocity using the position attribute.
[2026-06-01 04:51:14,866] INFO: T:1.920, State:swing, Fz:-11.23, ThetaRef:60.00, ThetaActual:1.02, EncoderTheta:99.98, EncoderVelocity:0.00, K:10.00, B:0.50
[2026-06-01 04:51:14,869] DEBUG: No valid transitions from state swing
[2026-06-01 04:51:14,869] WARNING: Velocity attribute does not use the linearization map. Please calculate the velocity using the position attribute.
[2026-06-01 04:51:14,875] INFO: T:1.928, State:swing, Fz:-10.36, ThetaRef:60.00, ThetaActual:1.02, EncoderTheta:100.00, EncoderVelocity:2.59, K:10.00, B:0.50
[2026-06-01 04:51:14,877] DEBUG: No valid transitions from state swing
[2026-06-01 04:51:14,877] WARNING: Velocity attribute does not use the linearization map. Please calculate the velocity using the position attribute.
[2026-06-01 04:51:14,883] INFO: T:1.937, State:swing, Fz:-7.73, ThetaRef:60.00, ThetaActual:1.02, EncoderTheta:99.95, EncoderVelocity:-5.29, K:10.00, B:0.50
[2026-06-01 04:51:14,886] DEBUG: No valid transitions from state swing
[2026-06-01 04:51:14,886] WARNING: Velocity attribute does not use the linearization map. Please calculate the velocity using the position attribute.
[2026-06-01 04:51:14,892] INFO: T:1.945, State:swing, Fz:-8.69, ThetaRef:60.00, ThetaActual:1.02, EncoderTheta:99.91, EncoderVelocity:-5.19, K:10.00, B:0.50
[2026-06-01 04:51:14,894] DEBUG: No valid transitions from state swing
[2026-06-01 04:51:14,894] WARNING: Velocity attribute does not use the linearization map. Please calculate the velocity using the position attribute.
[2026-06-01 04:51:14,900] INFO: T:1.953, State:swing, Fz:-7.47, ThetaRef:60.00, ThetaActual:1.02, EncoderTheta:99.93, EncoderVelocity:2.59, K:10.00, B:0.50
[2026-06-01 04:51:14,903] DEBUG: No valid transitions from state swing
[2026-06-01 04:51:14,903] WARNING: Velocity attribute does not use the linearization map. Please calculate the velocity using the position attribute.
[2026-06-01 04:51:14,908] INFO: T:1.962, State:swing, Fz:-4.58, ThetaRef:60.00, ThetaActual:1.03, EncoderTheta:99.76, EncoderVelocity:-21.02, K:10.00, B:0.50
[2026-06-01 04:51:14,911] DEBUG: No valid transitions from state swing
[2026-06-01 04:51:14,911] WARNING: Velocity attribute does not use the linearization map. Please calculate the velocity using the position attribute.
[2026-06-01 04:51:14,916] INFO: T:1.970, State:swing, Fz:-2.35, ThetaRef:60.00, ThetaActual:1.03, EncoderTheta:99.80, EncoderVelocity:5.32, K:10.00, B:0.50
[2026-06-01 04:51:14,919] DEBUG: No valid transitions from state swing
[2026-06-01 04:51:14,919] WARNING: Velocity attribute does not use the linearization map. Please calculate the velocity using the position attribute.
[2026-06-01 04:51:14,925] INFO: T:1.978, State:swing, Fz:3.30, ThetaRef:60.00, ThetaActual:1.03, EncoderTheta:99.69, EncoderVelocity:-13.22, K:10.00, B:0.50
[2026-06-01 04:51:14,927] DEBUG: No valid transitions from state swing
[2026-06-01 04:51:14,928] WARNING: Velocity attribute does not use the linearization map. Please calculate the velocity using the position attribute.
[2026-06-01 04:51:14,933] INFO: T:1.987, State:swing, Fz:10.60, ThetaRef:60.00, ThetaActual:1.04, EncoderTheta:99.67, EncoderVelocity:-2.64, K:10.00, B:0.50
[2026-06-01 04:51:14,936] DEBUG: No valid transitions from state swing
[2026-06-01 04:51:14,936] WARNING: Velocity attribute does not use the linearization map. Please calculate the velocity using the position attribute.
[2026-06-01 04:51:14,941] INFO: T:1.995, State:swing, Fz:12.68, ThetaRef:60.00, ThetaActual:1.09, EncoderTheta:99.56, EncoderVelocity:-13.18, K:10.00, B:0.50
[2026-06-01 04:51:14,944] DEBUG: No valid transitions from state swing
[2026-06-01 04:51:14,944] WARNING: Velocity attribute does not use the linearization map. Please calculate the velocity using the position attribute.
[2026-06-01 04:51:14,950] INFO: T:2.003, State:swing, Fz:16.24, ThetaRef:60.00, ThetaActual:1.13, EncoderTheta:99.51, EncoderVelocity:-5.30, K:10.00, B:0.50
[2026-06-01 04:51:14,952] DEBUG: No valid transitions from state swing
[2026-06-01 04:51:14,952] WARNING: Velocity attribute does not use the linearization map. Please calculate the velocity using the position attribute.
[2026-06-01 04:51:14,958] INFO: T:2.012, State:swing, Fz:12.63, ThetaRef:60.00, ThetaActual:1.25, EncoderTheta:99.25, EncoderVelocity:-32.00, K:10.00, B:0.50
[2026-06-01 04:51:14,961] DEBUG: No valid transitions from state swing
[2026-06-01 04:51:14,961] WARNING: Velocity attribute does not use the linearization map. Please calculate the velocity using the position attribute.
[2026-06-01 04:51:14,966] INFO: T:2.020, State:swing, Fz:20.22, ThetaRef:60.00, ThetaActual:1.44, EncoderTheta:99.03, EncoderVelocity:-26.58, K:10.00, B:0.50
[2026-06-01 04:51:14,969] DEBUG: No valid transitions from state swing
[2026-06-01 04:51:14,969] WARNING: Velocity attribute does not use the linearization map. Please calculate the velocity using the position attribute.
[2026-06-01 04:51:14,975] INFO: T:2.028, State:swing, Fz:28.50, ThetaRef:60.00, ThetaActual:1.56, EncoderTheta:98.77, EncoderVelocity:-31.88, K:10.00, B:0.50
[2026-06-01 04:51:14,977] DEBUG: No valid transitions from state swing
[2026-06-01 04:51:14,977] WARNING: Velocity attribute does not use the linearization map. Please calculate the velocity using the position attribute.
[2026-06-01 04:51:14,983] INFO: T:2.036, State:swing, Fz:32.82, ThetaRef:60.00, ThetaActual:1.86, EncoderTheta:98.44, EncoderVelocity:-39.92, K:10.00, B:0.50
[2026-06-01 04:51:14,985] DEBUG: No valid transitions from state swing
[2026-06-01 04:51:14,985] WARNING: Velocity attribute does not use the linearization map. Please calculate the velocity using the position attribute.
[2026-06-01 04:51:14,991] INFO: T:2.045, State:swing, Fz:38.60, ThetaRef:60.00, ThetaActual:2.26, EncoderTheta:98.02, EncoderVelocity:-50.50, K:10.00, B:0.50
[2026-06-01 04:51:14,994] DEBUG: No valid transitions from state swing
[2026-06-01 04:51:14,994] WARNING: Velocity attribute does not use the linearization map. Please calculate the velocity using the position attribute.
[2026-06-01 04:51:15,000] INFO: T:2.053, State:swing, Fz:43.01, ThetaRef:60.00, ThetaActual:2.49, EncoderTheta:97.58, EncoderVelocity:-52.41, K:10.00, B:0.50
[2026-06-01 04:51:15,002] DEBUG: No valid transitions from state swing
[2026-06-01 04:51:15,002] WARNING: Velocity attribute does not use the linearization map. Please calculate the velocity using the position attribute.
[2026-06-01 04:51:15,008] INFO: T:2.061, State:swing, Fz:47.86, ThetaRef:60.00, ThetaActual:3.04, EncoderTheta:97.05, EncoderVelocity:-62.96, K:10.00, B:0.50
[2026-06-01 04:51:15,011] DEBUG: No valid transitions from state swing
[2026-06-01 04:51:15,011] WARNING: Velocity attribute does not use the linearization map. Please calculate the velocity using the position attribute.
[2026-06-01 04:51:15,016] INFO: T:2.070, State:swing, Fz:52.59, ThetaRef:60.00, ThetaActual:3.68, EncoderTheta:96.48, EncoderVelocity:-68.08, K:10.00, B:0.50
[2026-06-01 04:51:15,019] DEBUG: No valid transitions from state swing
[2026-06-01 04:51:15,019] WARNING: Velocity attribute does not use the linearization map. Please calculate the velocity using the position attribute.
[2026-06-01 04:51:15,025] INFO: T:2.078, State:swing, Fz:55.71, ThetaRef:60.00, ThetaActual:4.04, EncoderTheta:95.78, EncoderVelocity:-84.71, K:10.00, B:0.50
[2026-06-01 04:51:15,027] DEBUG: No valid transitions from state swing
[2026-06-01 04:51:15,027] WARNING: Velocity attribute does not use the linearization map. Please calculate the velocity using the position attribute.
[2026-06-01 04:51:15,033] INFO: T:2.086, State:swing, Fz:57.12, ThetaRef:60.00, ThetaActual:4.84, EncoderTheta:95.10, EncoderVelocity:-80.99, K:10.00, B:0.50
[2026-06-01 04:51:15,036] DEBUG: No valid transitions from state swing
[2026-06-01 04:51:15,036] WARNING: Velocity attribute does not use the linearization map. Please calculate the velocity using the position attribute.
[2026-06-01 04:51:15,041] INFO: T:2.095, State:swing, Fz:59.18, ThetaRef:60.00, ThetaActual:5.74, EncoderTheta:94.22, EncoderVelocity:-104.34, K:10.00, B:0.50
[2026-06-01 04:51:15,044] DEBUG: No valid transitions from state swing
[2026-06-01 04:51:15,044] WARNING: Velocity attribute does not use the linearization map. Please calculate the velocity using the position attribute.
[2026-06-01 04:51:15,050] INFO: T:2.103, State:swing, Fz:60.76, ThetaRef:60.00, ThetaActual:6.22, EncoderTheta:93.43, EncoderVelocity:-96.28, K:10.00, B:0.50
[2026-06-01 04:51:15,052] DEBUG: No valid transitions from state swing
[2026-06-01 04:51:15,052] WARNING: Velocity attribute does not use the linearization map. Please calculate the velocity using the position attribute.
[2026-06-01 04:51:15,058] INFO: T:2.111, State:swing, Fz:62.44, ThetaRef:60.00, ThetaActual:7.25, EncoderTheta:92.48, EncoderVelocity:-113.38, K:10.00, B:0.50
[2026-06-01 04:51:15,061] DEBUG: No valid transitions from state swing
[2026-06-01 04:51:15,061] WARNING: Velocity attribute does not use the linearization map. Please calculate the velocity using the position attribute.
[2026-06-01 04:51:15,066] INFO: T:2.120, State:swing, Fz:64.25, ThetaRef:60.00, ThetaActual:8.36, EncoderTheta:91.56, EncoderVelocity:-111.77, K:10.00, B:0.50
[2026-06-01 04:51:15,069] DEBUG: No valid transitions from state swing
[2026-06-01 04:51:15,069] WARNING: Velocity attribute does not use the linearization map. Please calculate the velocity using the position attribute.
[2026-06-01 04:51:15,074] INFO: T:2.128, State:swing, Fz:63.66, ThetaRef:60.00, ThetaActual:8.94, EncoderTheta:90.59, EncoderVelocity:-116.45, K:10.00, B:0.50
[2026-06-01 04:51:15,077] DEBUG: No valid transitions from state swing
[2026-06-01 04:51:15,077] WARNING: Velocity attribute does not use the linearization map. Please calculate the velocity using the position attribute.
[2026-06-01 04:51:15,083] INFO: T:2.136, State:swing, Fz:61.72, ThetaRef:60.00, ThetaActual:10.17, EncoderTheta:89.52, EncoderVelocity:-131.08, K:10.00, B:0.50
[2026-06-01 04:51:15,085] DEBUG: No valid transitions from state swing
[2026-06-01 04:51:15,085] WARNING: Velocity attribute does not use the linearization map. Please calculate the velocity using the position attribute.
[2026-06-01 04:51:15,091] INFO: T:2.145, State:swing, Fz:60.23, ThetaRef:60.00, ThetaActual:11.43, EncoderTheta:88.53, EncoderVelocity:-119.06, K:10.00, B:0.50
[2026-06-01 04:51:15,094] DEBUG: No valid transitions from state swing
[2026-06-01 04:51:15,094] WARNING: Velocity attribute does not use the linearization map. Please calculate the velocity using the position attribute.
[2026-06-01 04:51:15,099] INFO: T:2.153, State:swing, Fz:58.61, ThetaRef:60.00, ThetaActual:12.07, EncoderTheta:87.52, EncoderVelocity:-122.92, K:10.00, B:0.50
[2026-06-01 04:51:15,102] DEBUG: No valid transitions from state swing
[2026-06-01 04:51:15,102] WARNING: Velocity attribute does not use the linearization map. Please calculate the velocity using the position attribute.
[2026-06-01 04:51:15,107] INFO: T:2.161, State:swing, Fz:57.37, ThetaRef:60.00, ThetaActual:13.36, EncoderTheta:86.42, EncoderVelocity:-132.48, K:10.00, B:0.50
[2026-06-01 04:51:15,110] DEBUG: No valid transitions from state swing
[2026-06-01 04:51:15,110] WARNING: Velocity attribute does not use the linearization map. Please calculate the velocity using the position attribute.
[2026-06-01 04:51:15,116] INFO: T:2.169, State:swing, Fz:53.42, ThetaRef:60.00, ThetaActual:14.01, EncoderTheta:85.41, EncoderVelocity:-122.67, K:10.00, B:0.50
[2026-06-01 04:51:15,118] DEBUG: No valid transitions from state swing
[2026-06-01 04:51:15,118] WARNING: Velocity attribute does not use the linearization map. Please calculate the velocity using the position attribute.
[2026-06-01 04:51:15,124] INFO: T:2.178, State:swing, Fz:48.92, ThetaRef:60.00, ThetaActual:15.30, EncoderTheta:84.38, EncoderVelocity:-124.16, K:10.00, B:0.50
[2026-06-01 04:51:15,127] DEBUG: No valid transitions from state swing
[2026-06-01 04:51:15,127] WARNING: Velocity attribute does not use the linearization map. Please calculate the velocity using the position attribute.
[2026-06-01 04:51:15,132] INFO: T:2.186, State:swing, Fz:44.03, ThetaRef:60.00, ThetaActual:16.56, EncoderTheta:83.34, EncoderVelocity:-124.82, K:10.00, B:0.50
[2026-06-01 04:51:15,135] DEBUG: No valid transitions from state swing
[2026-06-01 04:51:15,135] WARNING: Velocity attribute does not use the linearization map. Please calculate the velocity using the position attribute.
[2026-06-01 04:51:15,141] INFO: T:2.194, State:swing, Fz:40.26, ThetaRef:60.00, ThetaActual:17.76, EncoderTheta:82.44, EncoderVelocity:-108.63, K:10.00, B:0.50
[2026-06-01 04:51:15,144] DEBUG: No valid transitions from state swing
[2026-06-01 04:51:15,144] WARNING: Velocity attribute does not use the linearization map. Please calculate the velocity using the position attribute.
[2026-06-01 04:51:15,149] INFO: T:2.203, State:swing, Fz:36.35, ThetaRef:60.00, ThetaActual:18.34, EncoderTheta:81.54, EncoderVelocity:-105.43, K:10.00, B:0.50
[2026-06-01 04:51:15,152] DEBUG: No valid transitions from state swing
[2026-06-01 04:51:15,152] WARNING: Velocity attribute does not use the linearization map. Please calculate the velocity using the position attribute.
[2026-06-01 04:51:15,158] INFO: T:2.211, State:swing, Fz:32.39, ThetaRef:60.00, ThetaActual:19.41, EncoderTheta:80.79, EncoderVelocity:-89.68, K:10.00, B:0.50
[2026-06-01 04:51:15,160] DEBUG: No valid transitions from state swing
[2026-06-01 04:51:15,160] WARNING: Velocity attribute does not use the linearization map. Please calculate the velocity using the position attribute.
[2026-06-01 04:51:15,166] INFO: T:2.219, State:swing, Fz:28.87, ThetaRef:60.00, ThetaActual:20.36, EncoderTheta:80.11, EncoderVelocity:-80.78, K:10.00, B:0.50
[2026-06-01 04:51:15,169] DEBUG: No valid transitions from state swing
[2026-06-01 04:51:15,169] WARNING: Velocity attribute does not use the linearization map. Please calculate the velocity using the position attribute.
[2026-06-01 04:51:15,174] INFO: T:2.228, State:swing, Fz:25.22, ThetaRef:60.00, ThetaActual:20.79, EncoderTheta:79.58, EncoderVelocity:-62.93, K:10.00, B:0.50
[2026-06-01 04:51:15,177] DEBUG: No valid transitions from state swing
[2026-06-01 04:51:15,177] WARNING: Velocity attribute does not use the linearization map. Please calculate the velocity using the position attribute.
[2026-06-01 04:51:15,182] INFO: T:2.236, State:swing, Fz:18.95, ThetaRef:60.00, ThetaActual:21.52, EncoderTheta:79.12, EncoderVelocity:-56.54, K:10.00, B:0.50
[2026-06-01 04:51:15,185] DEBUG: No valid transitions from state swing
[2026-06-01 04:51:15,185] WARNING: Velocity attribute does not use the linearization map. Please calculate the velocity using the position attribute.
[2026-06-01 04:51:15,191] INFO: T:2.244, State:swing, Fz:14.14, ThetaRef:60.00, ThetaActual:22.11, EncoderTheta:78.84, EncoderVelocity:-34.32, K:10.00, B:0.50
[2026-06-01 04:51:15,193] DEBUG: No valid transitions from state swing
[2026-06-01 04:51:15,193] WARNING: Velocity attribute does not use the linearization map. Please calculate the velocity using the position attribute.
[2026-06-01 04:51:15,199] INFO: T:2.253, State:swing, Fz:10.95, ThetaRef:60.00, ThetaActual:22.34, EncoderTheta:78.64, EncoderVelocity:-24.01, K:10.00, B:0.50
[2026-06-01 04:51:15,202] DEBUG: No valid transitions from state swing
[2026-06-01 04:51:15,202] WARNING: Velocity attribute does not use the linearization map. Please calculate the velocity using the position attribute.
[2026-06-01 04:51:15,207] INFO: T:2.261, State:swing, Fz:5.04, ThetaRef:60.00, ThetaActual:22.67, EncoderTheta:78.57, EncoderVelocity:-7.95, K:10.00, B:0.50
[2026-06-01 04:51:15,210] DEBUG: No valid transitions from state swing
[2026-06-01 04:51:15,210] WARNING: Velocity attribute does not use the linearization map. Please calculate the velocity using the position attribute.
[2026-06-01 04:51:15,215] INFO: T:2.269, State:swing, Fz:0.06, ThetaRef:60.00, ThetaActual:22.76, EncoderTheta:78.64, EncoderVelocity:8.11, K:10.00, B:0.50
[2026-06-01 04:51:15,218] DEBUG: No valid transitions from state swing
[2026-06-01 04:51:15,218] WARNING: Velocity attribute does not use the linearization map. Please calculate the velocity using the position attribute.
[2026-06-01 04:51:15,224] INFO: T:2.277, State:swing, Fz:-5.75, ThetaRef:60.00, ThetaActual:22.78, EncoderTheta:78.71, EncoderVelocity:8.04, K:10.00, B:0.50
[2026-06-01 04:51:15,226] DEBUG: No valid transitions from state swing
[2026-06-01 04:51:15,226] WARNING: Velocity attribute does not use the linearization map. Please calculate the velocity using the position attribute.
[2026-06-01 04:51:15,232] INFO: T:2.286, State:swing, Fz:-9.75, ThetaRef:60.00, ThetaActual:22.67, EncoderTheta:78.99, EncoderVelocity:34.36, K:10.00, B:0.50
[2026-06-01 04:51:15,235] DEBUG: No valid transitions from state swing
[2026-06-01 04:51:15,235] WARNING: Velocity attribute does not use the linearization map. Please calculate the velocity using the position attribute.
[2026-06-01 04:51:15,240] INFO: T:2.294, State:swing, Fz:-16.24, ThetaRef:60.00, ThetaActual:22.57, EncoderTheta:79.28, EncoderVelocity:34.70, K:10.00, B:0.50
[2026-06-01 04:51:15,243] DEBUG: No valid transitions from state swing
[2026-06-01 04:51:15,243] WARNING: Velocity attribute does not use the linearization map. Please calculate the velocity using the position attribute.
[2026-06-01 04:51:15,248] INFO: T:2.302, State:swing, Fz:-19.70, ThetaRef:60.00, ThetaActual:22.26, EncoderTheta:79.65, EncoderVelocity:45.32, K:10.00, B:0.50
[2026-06-01 04:51:15,251] DEBUG: No valid transitions from state swing
[2026-06-01 04:51:15,251] WARNING: Velocity attribute does not use the linearization map. Please calculate the velocity using the position attribute.
[2026-06-01 04:51:15,257] INFO: T:2.310, State:swing, Fz:-23.34, ThetaRef:60.00, ThetaActual:21.82, EncoderTheta:80.11, EncoderVelocity:56.09, K:10.00, B:0.50
[2026-06-01 04:51:15,259] DEBUG: No valid transitions from state swing
[2026-06-01 04:51:15,259] WARNING: Velocity attribute does not use the linearization map. Please calculate the velocity using the position attribute.
[2026-06-01 04:51:15,265] INFO: T:2.318, State:swing, Fz:-26.62, ThetaRef:60.00, ThetaActual:21.55, EncoderTheta:80.71, EncoderVelocity:72.52, K:10.00, B:0.50
[2026-06-01 04:51:15,267] DEBUG: No valid transitions from state swing
[2026-06-01 04:51:15,268] WARNING: Velocity attribute does not use the linearization map. Please calculate the velocity using the position attribute.
[2026-06-01 04:51:15,273] INFO: T:2.327, State:swing, Fz:-29.12, ThetaRef:60.00, ThetaActual:20.92, EncoderTheta:81.34, EncoderVelocity:76.56, K:10.00, B:0.50
[2026-06-01 04:51:15,276] DEBUG: No valid transitions from state swing
[2026-06-01 04:51:15,276] WARNING: Velocity attribute does not use the linearization map. Please calculate the velocity using the position attribute.
[2026-06-01 04:51:15,282] INFO: T:2.335, State:swing, Fz:-33.97, ThetaRef:60.00, ThetaActual:20.16, EncoderTheta:82.11, EncoderVelocity:90.30, K:10.00, B:0.50
[2026-06-01 04:51:15,284] DEBUG: No valid transitions from state swing
[2026-06-01 04:51:15,285] WARNING: Velocity attribute does not use the linearization map. Please calculate the velocity using the position attribute.
[2026-06-01 04:51:15,290] INFO: T:2.344, State:swing, Fz:-37.20, ThetaRef:60.00, ThetaActual:19.72, EncoderTheta:82.95, EncoderVelocity:99.30, K:10.00, B:0.50
[2026-06-01 04:51:15,293] DEBUG: No valid transitions from state swing
[2026-06-01 04:51:15,293] WARNING: Velocity attribute does not use the linearization map. Please calculate the velocity using the position attribute.
[2026-06-01 04:51:15,298] INFO: T:2.352, State:swing, Fz:-39.64, ThetaRef:60.00, ThetaActual:18.75, EncoderTheta:83.80, EncoderVelocity:103.80, K:10.00, B:0.50
[2026-06-01 04:51:15,301] DEBUG: No valid transitions from state swing
[2026-06-01 04:51:15,301] WARNING: Velocity attribute does not use the linearization map. Please calculate the velocity using the position attribute.
[2026-06-01 04:51:15,307] INFO: T:2.360, State:swing, Fz:-43.00, ThetaRef:60.00, ThetaActual:17.65, EncoderTheta:84.84, EncoderVelocity:124.42, K:10.00, B:0.50
[2026-06-01 04:51:15,309] WARNING: Velocity attribute does not use the linearization map. Please calculate the velocity using the position attribute.
[2026-06-01 04:51:15,315] INFO: T:2.368, State:stance, Fz:-45.08, ThetaRef:5.00, ThetaActual:17.05, EncoderTheta:85.87, EncoderVelocity:125.94, K:500.00, B:20.00
[2026-06-01 04:51:15,317] DEBUG: No valid transitions from state stance
[2026-06-01 04:51:15,318] WARNING: Velocity attribute does not use the linearization map. Please calculate the velocity using the position attribute.
[2026-06-01 04:51:15,323] INFO: T:2.377, State:stance, Fz:-47.11, ThetaRef:5.00, ThetaActual:15.77, EncoderTheta:87.03, EncoderVelocity:140.82, K:500.00, B:20.00
[2026-06-01 04:51:15,326] DEBUG: No valid transitions from state stance
[2026-06-01 04:51:15,326] WARNING: Velocity attribute does not use the linearization map. Please calculate the velocity using the position attribute.
[2026-06-01 04:51:15,331] INFO: T:2.385, State:stance, Fz:-42.15, ThetaRef:5.00, ThetaActual:14.37, EncoderTheta:88.42, EncoderVelocity:167.82, K:500.00, B:20.00
[2026-06-01 04:51:15,334] WARNING: Velocity attribute does not use the linearization map. Please calculate the velocity using the position attribute.
[2026-06-01 04:51:15,340] INFO: T:2.393, State:swing, Fz:-24.83, ThetaRef:60.00, ThetaActual:13.36, EncoderTheta:90.13, EncoderVelocity:206.77, K:10.00, B:0.50
[2026-06-01 04:51:15,342] DEBUG: No valid transitions from state swing
[2026-06-01 04:51:15,342] WARNING: Velocity attribute does not use the linearization map. Please calculate the velocity using the position attribute.
[2026-06-01 04:51:15,348] INFO: T:2.401, State:swing, Fz:-1.08, ThetaRef:60.00, ThetaActual:10.61, EncoderTheta:92.31, EncoderVelocity:265.10, K:10.00, B:0.50
[2026-06-01 04:51:15,351] DEBUG: No valid transitions from state swing
[2026-06-01 04:51:15,351] WARNING: Velocity attribute does not use the linearization map. Please calculate the velocity using the position attribute.
[2026-06-01 04:51:15,356] INFO: T:2.410, State:swing, Fz:-1.08, ThetaRef:60.00, ThetaActual:7.94, EncoderTheta:94.86, EncoderVelocity:303.89, K:10.00, B:0.50
[2026-06-01 04:51:15,359] DEBUG: No valid transitions from state swing
[2026-06-01 04:51:15,359] WARNING: Velocity attribute does not use the linearization map. Please calculate the velocity using the position attribute.
[2026-06-01 04:51:15,364] INFO: T:2.418, State:swing, Fz:-18.62, ThetaRef:60.00, ThetaActual:6.75, EncoderTheta:97.14, EncoderVelocity:280.35, K:10.00, B:0.50
[2026-06-01 04:51:15,367] DEBUG: No valid transitions from state swing
[2026-06-01 04:51:15,367] WARNING: Velocity attribute does not use the linearization map. Please calculate the velocity using the position attribute.
[2026-06-01 04:51:15,374] INFO: T:2.426, State:swing, Fz:-44.05, ThetaRef:60.00, ThetaActual:4.41, EncoderTheta:99.12, EncoderVelocity:239.92, K:10.00, B:0.50
[2026-06-01 04:51:15,377] WARNING: Velocity attribute does not use the linearization map. Please calculate the velocity using the position attribute.
[2026-06-01 04:51:15,383] INFO: T:2.436, State:stance, Fz:-103.49, ThetaRef:5.00, ThetaActual:2.05, EncoderTheta:100.24, EncoderVelocity:111.99, K:500.00, B:20.00
[2026-06-01 04:51:15,388] DEBUG: No valid transitions from state stance
[2026-06-01 04:51:15,388] WARNING: Velocity attribute does not use the linearization map. Please calculate the velocity using the position attribute.
[2026-06-01 04:51:15,394] INFO: T:2.447, State:stance, Fz:-128.11, ThetaRef:5.00, ThetaActual:-0.26, EncoderTheta:100.28, EncoderVelocity:4.10, K:500.00, B:20.00
[2026-06-01 04:51:15,397] DEBUG: No valid transitions from state stance
[2026-06-01 04:51:15,398] WARNING: Velocity attribute does not use the linearization map. Please calculate the velocity using the position attribute.
[2026-06-01 04:51:15,403] INFO: T:2.456, State:stance, Fz:-76.02, ThetaRef:5.00, ThetaActual:-1.44, EncoderTheta:100.26, EncoderVelocity:-2.29, K:500.00, B:20.00
[2026-06-01 04:51:15,406] DEBUG: No valid transitions from state stance
[2026-06-01 04:51:15,406] WARNING: Velocity attribute does not use the linearization map. Please calculate the velocity using the position attribute.
[2026-06-01 04:51:15,412] INFO: T:2.465, State:stance, Fz:-104.66, ThetaRef:5.00, ThetaActual:-0.51, EncoderTheta:100.09, EncoderVelocity:-20.37, K:500.00, B:20.00
[2026-06-01 04:51:15,414] DEBUG: No valid transitions from state stance
[2026-06-01 04:51:15,415] WARNING: Velocity attribute does not use the linearization map. Please calculate the velocity using the position attribute.
[2026-06-01 04:51:15,420] INFO: T:2.474, State:stance, Fz:-98.52, ThetaRef:5.00, ThetaActual:0.09, EncoderTheta:100.06, EncoderVelocity:-2.60, K:500.00, B:20.00
[2026-06-01 04:51:15,423] DEBUG: No valid transitions from state stance
[2026-06-01 04:51:15,423] WARNING: Velocity attribute does not use the linearization map. Please calculate the velocity using the position attribute.
[2026-06-01 04:51:15,428] INFO: T:2.482, State:stance, Fz:-78.69, ThetaRef:5.00, ThetaActual:0.59, EncoderTheta:100.11, EncoderVelocity:5.25, K:500.00, B:20.00
[2026-06-01 04:51:15,431] DEBUG: No valid transitions from state stance
[2026-06-01 04:51:15,431] WARNING: Velocity attribute does not use the linearization map. Please calculate the velocity using the position attribute.
[2026-06-01 04:51:15,437] INFO: T:2.490, State:stance, Fz:-88.62, ThetaRef:5.00, ThetaActual:0.56, EncoderTheta:100.11, EncoderVelocity:0.00, K:500.00, B:20.00
[2026-06-01 04:51:15,439] DEBUG: No valid transitions from state stance
[2026-06-01 04:51:15,439] WARNING: Velocity attribute does not use the linearization map. Please calculate the velocity using the position attribute.
[2026-06-01 04:51:15,445] INFO: T:2.499, State:stance, Fz:-91.63, ThetaRef:5.00, ThetaActual:0.54, EncoderTheta:100.09, EncoderVelocity:-2.67, K:500.00, B:20.00
[2026-06-01 04:51:15,447] DEBUG: No valid transitions from state stance
[2026-06-01 04:51:15,448] WARNING: Velocity attribute does not use the linearization map. Please calculate the velocity using the position attribute.
[2026-06-01 04:51:15,453] INFO: T:2.507, State:stance, Fz:-79.34, ThetaRef:5.00, ThetaActual:0.53, EncoderTheta:100.13, EncoderVelocity:5.36, K:500.00, B:20.00
[2026-06-01 04:51:15,456] DEBUG: No valid transitions from state stance
[2026-06-01 04:51:15,456] WARNING: Velocity attribute does not use the linearization map. Please calculate the velocity using the position attribute.
[2026-06-01 04:51:15,462] INFO: T:2.515, State:stance, Fz:-77.51, ThetaRef:5.00, ThetaActual:0.53, EncoderTheta:100.09, EncoderVelocity:-5.24, K:500.00, B:20.00
[2026-06-01 04:51:15,464] DEBUG: No valid transitions from state stance
[2026-06-01 04:51:15,464] WARNING: Velocity attribute does not use the linearization map. Please calculate the velocity using the position attribute.
[2026-06-01 04:51:15,470] INFO: T:2.523, State:stance, Fz:-73.17, ThetaRef:5.00, ThetaActual:0.53, EncoderTheta:100.11, EncoderVelocity:2.65, K:500.00, B:20.00
[2026-06-01 04:51:15,473] DEBUG: No valid transitions from state stance
[2026-06-01 04:51:15,473] WARNING: Velocity attribute does not use the linearization map. Please calculate the velocity using the position attribute.
[2026-06-01 04:51:15,478] INFO: T:2.532, State:stance, Fz:-60.36, ThetaRef:5.00, ThetaActual:0.53, EncoderTheta:100.06, EncoderVelocity:-5.25, K:500.00, B:20.00
[2026-06-01 04:51:15,481] DEBUG: No valid transitions from state stance
[2026-06-01 04:51:15,481] WARNING: Velocity attribute does not use the linearization map. Please calculate the velocity using the position attribute.
[2026-06-01 04:51:15,486] INFO: T:2.540, State:stance, Fz:-56.57, ThetaRef:5.00, ThetaActual:0.53, EncoderTheta:100.06, EncoderVelocity:0.00, K:500.00, B:20.00
[2026-06-01 04:51:15,489] DEBUG: No valid transitions from state stance
[2026-06-01 04:51:15,489] WARNING: Velocity attribute does not use the linearization map. Please calculate the velocity using the position attribute.
[2026-06-01 04:51:15,495] INFO: T:2.548, State:stance, Fz:-51.73, ThetaRef:5.00, ThetaActual:0.53, EncoderTheta:100.02, EncoderVelocity:-5.35, K:500.00, B:20.00
[2026-06-01 04:51:15,497] DEBUG: No valid transitions from state stance
[2026-06-01 04:51:15,497] WARNING: Velocity attribute does not use the linearization map. Please calculate the velocity using the position attribute.
[2026-06-01 04:51:15,503] INFO: T:2.557, State:stance, Fz:-44.07, ThetaRef:5.00, ThetaActual:0.53, EncoderTheta:100.09, EncoderVelocity:8.01, K:500.00, B:20.00
[2026-06-01 04:51:15,505] DEBUG: No valid transitions from state stance
[2026-06-01 04:51:15,505] WARNING: Velocity attribute does not use the linearization map. Please calculate the velocity using the position attribute.
[2026-06-01 04:51:15,511] INFO: T:2.565, State:stance, Fz:-38.25, ThetaRef:5.00, ThetaActual:0.53, EncoderTheta:100.06, EncoderVelocity:-2.69, K:500.00, B:20.00
[2026-06-01 04:51:15,514] DEBUG: No valid transitions from state stance
[2026-06-01 04:51:15,514] WARNING: Velocity attribute does not use the linearization map. Please calculate the velocity using the position attribute.
[2026-06-01 04:51:15,519] INFO: T:2.573, State:stance, Fz:-33.30, ThetaRef:5.00, ThetaActual:0.53, EncoderTheta:100.04, EncoderVelocity:-2.68, K:500.00, B:20.00
[2026-06-01 04:51:15,522] WARNING: Velocity attribute does not use the linearization map. Please calculate the velocity using the position attribute.
[2026-06-01 04:51:15,528] INFO: T:2.581, State:swing, Fz:-28.55, ThetaRef:60.00, ThetaActual:0.53, EncoderTheta:100.06, EncoderVelocity:2.69, K:10.00, B:0.50
[2026-06-01 04:51:15,530] DEBUG: No valid transitions from state swing
[2026-06-01 04:51:15,530] WARNING: Velocity attribute does not use the linearization map. Please calculate the velocity using the position attribute.
[2026-06-01 04:51:15,536] INFO: T:2.589, State:swing, Fz:-21.96, ThetaRef:60.00, ThetaActual:0.53, EncoderTheta:100.04, EncoderVelocity:-2.62, K:10.00, B:0.50
[2026-06-01 04:51:15,539] DEBUG: No valid transitions from state swing
[2026-06-01 04:51:15,539] WARNING: Velocity attribute does not use the linearization map. Please calculate the velocity using the position attribute.
[2026-06-01 04:51:15,544] INFO: T:2.598, State:swing, Fz:-17.99, ThetaRef:60.00, ThetaActual:0.53, EncoderTheta:100.06, EncoderVelocity:2.57, K:10.00, B:0.50
[2026-06-01 04:51:15,547] DEBUG: No valid transitions from state swing
[2026-06-01 04:51:15,547] WARNING: Velocity attribute does not use the linearization map. Please calculate the velocity using the position attribute.
[2026-06-01 04:51:15,553] INFO: T:2.606, State:swing, Fz:-16.00, ThetaRef:60.00, ThetaActual:0.57, EncoderTheta:100.04, EncoderVelocity:-2.62, K:10.00, B:0.50
[2026-06-01 04:51:15,555] DEBUG: No valid transitions from state swing
[2026-06-01 04:51:15,555] WARNING: Velocity attribute does not use the linearization map. Please calculate the velocity using the position attribute.
[2026-06-01 04:51:15,561] INFO: T:2.615, State:swing, Fz:-12.00, ThetaRef:60.00, ThetaActual:0.66, EncoderTheta:100.02, EncoderVelocity:-2.67, K:10.00, B:0.50
[2026-06-01 04:51:15,564] DEBUG: No valid transitions from state swing
[2026-06-01 04:51:15,564] WARNING: Velocity attribute does not use the linearization map. Please calculate the velocity using the position attribute.
[2026-06-01 04:51:15,569] INFO: T:2.623, State:swing, Fz:-11.40, ThetaRef:60.00, ThetaActual:0.71, EncoderTheta:100.04, EncoderVelocity:2.64, K:10.00, B:0.50
[2026-06-01 04:51:15,572] DEBUG: No valid transitions from state swing
[2026-06-01 04:51:15,572] WARNING: Velocity attribute does not use the linearization map. Please calculate the velocity using the position attribute.
[2026-06-01 04:51:15,578] INFO: T:2.631, State:swing, Fz:-11.46, ThetaRef:60.00, ThetaActual:0.81, EncoderTheta:100.00, EncoderVelocity:-5.38, K:10.00, B:0.50
[2026-06-01 04:51:15,580] DEBUG: No valid transitions from state swing
[2026-06-01 04:51:15,580] WARNING: Velocity attribute does not use the linearization map. Please calculate the velocity using the position attribute.
[2026-06-01 04:51:15,586] INFO: T:2.639, State:swing, Fz:-11.04, ThetaRef:60.00, ThetaActual:0.89, EncoderTheta:99.98, EncoderVelocity:-2.65, K:10.00, B:0.50
[2026-06-01 04:51:15,589] DEBUG: No valid transitions from state swing
[2026-06-01 04:51:15,589] WARNING: Velocity attribute does not use the linearization map. Please calculate the velocity using the position attribute.
[2026-06-01 04:51:15,594] INFO: T:2.648, State:swing, Fz:-10.20, ThetaRef:60.00, ThetaActual:0.92, EncoderTheta:99.98, EncoderVelocity:0.00, K:10.00, B:0.50
[2026-06-01 04:51:15,597] DEBUG: No valid transitions from state swing
[2026-06-01 04:51:15,597] WARNING: Velocity attribute does not use the linearization map. Please calculate the velocity using the position attribute.
[2026-06-01 04:51:15,602] INFO: T:2.656, State:swing, Fz:-10.07, ThetaRef:60.00, ThetaActual:0.95, EncoderTheta:99.95, EncoderVelocity:-2.63, K:10.00, B:0.50
[2026-06-01 04:51:15,605] DEBUG: No valid transitions from state swing
[2026-06-01 04:51:15,605] WARNING: Velocity attribute does not use the linearization map. Please calculate the velocity using the position attribute.
[2026-06-01 04:51:15,611] INFO: T:2.664, State:swing, Fz:-11.43, ThetaRef:60.00, ThetaActual:0.96, EncoderTheta:99.98, EncoderVelocity:2.66, K:10.00, B:0.50
[2026-06-01 04:51:15,614] DEBUG: No valid transitions from state swing
[2026-06-01 04:51:15,614] WARNING: Velocity attribute does not use the linearization map. Please calculate the velocity using the position attribute.
[2026-06-01 04:51:15,619] INFO: T:2.673, State:swing, Fz:-10.00, ThetaRef:60.00, ThetaActual:0.95, EncoderTheta:99.91, EncoderVelocity:-7.70, K:10.00, B:0.50
[2026-06-01 04:51:15,622] DEBUG: No valid transitions from state swing
[2026-06-01 04:51:15,622] WARNING: Velocity attribute does not use the linearization map. Please calculate the velocity using the position attribute.
[2026-06-01 04:51:15,628] INFO: T:2.681, State:swing, Fz:-8.43, ThetaRef:60.00, ThetaActual:0.95, EncoderTheta:99.93, EncoderVelocity:2.58, K:10.00, B:0.50
[2026-06-01 04:51:15,631] DEBUG: No valid transitions from state swing
[2026-06-01 04:51:15,631] WARNING: Velocity attribute does not use the linearization map. Please calculate the velocity using the position attribute.
[2026-06-01 04:51:15,636] INFO: T:2.690, State:swing, Fz:-8.65, ThetaRef:60.00, ThetaActual:0.95, EncoderTheta:99.98, EncoderVelocity:5.24, K:10.00, B:0.50
[2026-06-01 04:51:15,639] DEBUG: No valid transitions from state swing
[2026-06-01 04:51:15,639] WARNING: Velocity attribute does not use the linearization map. Please calculate the velocity using the position attribute.
[2026-06-01 04:51:15,645] INFO: T:2.698, State:swing, Fz:-9.81, ThetaRef:60.00, ThetaActual:0.95, EncoderTheta:99.91, EncoderVelocity:-7.97, K:10.00, B:0.50
[2026-06-01 04:51:15,647] DEBUG: No valid transitions from state swing
[2026-06-01 04:51:15,647] WARNING: Velocity attribute does not use the linearization map. Please calculate the velocity using the position attribute.
[2026-06-01 04:51:15,653] INFO: T:2.706, State:swing, Fz:-9.23, ThetaRef:60.00, ThetaActual:0.95, EncoderTheta:99.93, EncoderVelocity:2.64, K:10.00, B:0.50
[2026-06-01 04:51:15,655] DEBUG: No valid transitions from state swing
[2026-06-01 04:51:15,656] WARNING: Velocity attribute does not use the linearization map. Please calculate the velocity using the position attribute.
[2026-06-01 04:51:15,661] INFO: T:2.715, State:swing, Fz:-4.79, ThetaRef:60.00, ThetaActual:0.95, EncoderTheta:99.84, EncoderVelocity:-10.61, K:10.00, B:0.50
[2026-06-01 04:51:15,664] DEBUG: No valid transitions from state swing
[2026-06-01 04:51:15,664] WARNING: Velocity attribute does not use the linearization map. Please calculate the velocity using the position attribute.
[2026-06-01 04:51:15,669] INFO: T:2.723, State:swing, Fz:-1.93, ThetaRef:60.00, ThetaActual:0.95, EncoderTheta:99.84, EncoderVelocity:0.00, K:10.00, B:0.50
[2026-06-01 04:51:15,672] DEBUG: No valid transitions from state swing
[2026-06-01 04:51:15,672] WARNING: Velocity attribute does not use the linearization map. Please calculate the velocity using the position attribute.
[2026-06-01 04:51:15,678] INFO: T:2.731, State:swing, Fz:-1.21, ThetaRef:60.00, ThetaActual:0.95, EncoderTheta:99.87, EncoderVelocity:2.64, K:10.00, B:0.50
[2026-06-01 04:51:15,681] DEBUG: No valid transitions from state swing
[2026-06-01 04:51:15,681] WARNING: Velocity attribute does not use the linearization map. Please calculate the velocity using the position attribute.
[2026-06-01 04:51:15,686] INFO: T:2.740, State:swing, Fz:0.80, ThetaRef:60.00, ThetaActual:0.95, EncoderTheta:99.82, EncoderVelocity:-5.16, K:10.00, B:0.50
[2026-06-01 04:51:15,689] DEBUG: No valid transitions from state swing
[2026-06-01 04:51:15,689] WARNING: Velocity attribute does not use the linearization map. Please calculate the velocity using the position attribute.
[2026-06-01 04:51:15,695] INFO: T:2.748, State:swing, Fz:0.34, ThetaRef:60.00, ThetaActual:0.95, EncoderTheta:99.84, EncoderVelocity:2.64, K:10.00, B:0.50
[2026-06-01 04:51:15,697] DEBUG: No valid transitions from state swing
[2026-06-01 04:51:15,697] WARNING: Velocity attribute does not use the linearization map. Please calculate the velocity using the position attribute.
[2026-06-01 04:51:15,703] INFO: T:2.756, State:swing, Fz:0.97, ThetaRef:60.00, ThetaActual:0.95, EncoderTheta:99.89, EncoderVelocity:5.30, K:10.00, B:0.50
[2026-06-01 04:51:15,705] DEBUG: No valid transitions from state swing
[2026-06-01 04:51:15,705] WARNING: Velocity attribute does not use the linearization map. Please calculate the velocity using the position attribute.
[2026-06-01 04:51:15,711] INFO: T:2.765, State:swing, Fz:-0.01, ThetaRef:60.00, ThetaActual:0.95, EncoderTheta:99.87, EncoderVelocity:-2.68, K:10.00, B:0.50
[2026-06-01 04:51:15,714] DEBUG: No valid transitions from state swing
[2026-06-01 04:51:15,714] WARNING: Velocity attribute does not use the linearization map. Please calculate the velocity using the position attribute.
[2026-06-01 04:51:15,719] INFO: T:2.773, State:swing, Fz:-0.78, ThetaRef:60.00, ThetaActual:0.95, EncoderTheta:99.87, EncoderVelocity:0.00, K:10.00, B:0.50
[2026-06-01 04:51:15,722] DEBUG: No valid transitions from state swing
[2026-06-01 04:51:15,722] WARNING: Velocity attribute does not use the linearization map. Please calculate the velocity using the position attribute.
[2026-06-01 04:51:15,728] INFO: T:2.781, State:swing, Fz:-1.33, ThetaRef:60.00, ThetaActual:0.95, EncoderTheta:99.82, EncoderVelocity:-5.29, K:10.00, B:0.50
[2026-06-01 04:51:15,730] DEBUG: No valid transitions from state swing
[2026-06-01 04:51:15,731] WARNING: Velocity attribute does not use the linearization map. Please calculate the velocity using the position attribute.
[2026-06-01 04:51:15,736] INFO: T:2.790, State:swing, Fz:-4.25, ThetaRef:60.00, ThetaActual:0.95, EncoderTheta:99.89, EncoderVelocity:7.89, K:10.00, B:0.50
[2026-06-01 04:51:15,739] DEBUG: No valid transitions from state swing
[2026-06-01 04:51:15,739] WARNING: Velocity attribute does not use the linearization map. Please calculate the velocity using the position attribute.
[2026-06-01 04:51:15,744] INFO: T:2.798, State:swing, Fz:-3.03, ThetaRef:60.00, ThetaActual:0.95, EncoderTheta:99.89, EncoderVelocity:0.00, K:10.00, B:0.50
[2026-06-01 04:51:15,747] DEBUG: No valid transitions from state swing
[2026-06-01 04:51:15,747] WARNING: Velocity attribute does not use the linearization map. Please calculate the velocity using the position attribute.
[2026-06-01 04:51:15,753] INFO: T:2.806, State:swing, Fz:-1.60, ThetaRef:60.00, ThetaActual:0.95, EncoderTheta:99.89, EncoderVelocity:0.00, K:10.00, B:0.50
[2026-06-01 04:51:15,755] DEBUG: No valid transitions from state swing
[2026-06-01 04:51:15,755] WARNING: Velocity attribute does not use the linearization map. Please calculate the velocity using the position attribute.
[2026-06-01 04:51:15,761] INFO: T:2.814, State:swing, Fz:-1.50, ThetaRef:60.00, ThetaActual:0.95, EncoderTheta:99.87, EncoderVelocity:-2.65, K:10.00, B:0.50
[2026-06-01 04:51:15,764] DEBUG: No valid transitions from state swing
[2026-06-01 04:51:15,764] WARNING: Velocity attribute does not use the linearization map. Please calculate the velocity using the position attribute.
[2026-06-01 04:51:15,769] INFO: T:2.823, State:swing, Fz:-1.87, ThetaRef:60.00, ThetaActual:0.95, EncoderTheta:99.87, EncoderVelocity:0.00, K:10.00, B:0.50
[2026-06-01 04:51:15,772] DEBUG: No valid transitions from state swing
[2026-06-01 04:51:15,772] WARNING: Velocity attribute does not use the linearization map. Please calculate the velocity using the position attribute.
[2026-06-01 04:51:15,778] INFO: T:2.831, State:swing, Fz:-4.66, ThetaRef:60.00, ThetaActual:0.95, EncoderTheta:99.91, EncoderVelocity:5.31, K:10.00, B:0.50
[2026-06-01 04:51:15,780] DEBUG: No valid transitions from state swing
[2026-06-01 04:51:15,780] WARNING: Velocity attribute does not use the linearization map. Please calculate the velocity using the position attribute.
[2026-06-01 04:51:15,786] INFO: T:2.839, State:swing, Fz:-5.32, ThetaRef:60.00, ThetaActual:0.95, EncoderTheta:99.91, EncoderVelocity:0.00, K:10.00, B:0.50
[2026-06-01 04:51:15,788] DEBUG: No valid transitions from state swing
[2026-06-01 04:51:15,789] WARNING: Velocity attribute does not use the linearization map. Please calculate the velocity using the position attribute.
[2026-06-01 04:51:15,794] INFO: T:2.848, State:swing, Fz:-3.34, ThetaRef:60.00, ThetaActual:0.95, EncoderTheta:99.95, EncoderVelocity:5.29, K:10.00, B:0.50
[2026-06-01 04:51:15,797] DEBUG: No valid transitions from state swing
[2026-06-01 04:51:15,797] WARNING: Velocity attribute does not use the linearization map. Please calculate the velocity using the position attribute.
[2026-06-01 04:51:15,802] INFO: T:2.856, State:swing, Fz:-4.79, ThetaRef:60.00, ThetaActual:0.95, EncoderTheta:99.95, EncoderVelocity:0.00, K:10.00, B:0.50
[2026-06-01 04:51:15,805] DEBUG: No valid transitions from state swing
[2026-06-01 04:51:15,805] WARNING: Velocity attribute does not use the linearization map. Please calculate the velocity using the position attribute.
[2026-06-01 04:51:15,811] INFO: T:2.864, State:swing, Fz:-5.89, ThetaRef:60.00, ThetaActual:0.95, EncoderTheta:99.93, EncoderVelocity:-2.62, K:10.00, B:0.50
[2026-06-01 04:51:15,814] DEBUG: No valid transitions from state swing
[2026-06-01 04:51:15,814] WARNING: Velocity attribute does not use the linearization map. Please calculate the velocity using the position attribute.
[2026-06-01 04:51:15,819] INFO: T:2.873, State:swing, Fz:-5.73, ThetaRef:60.00, ThetaActual:0.95, EncoderTheta:99.98, EncoderVelocity:5.25, K:10.00, B:0.50
[2026-06-01 04:51:15,822] DEBUG: No valid transitions from state swing
[2026-06-01 04:51:15,822] WARNING: Velocity attribute does not use the linearization map. Please calculate the velocity using the position attribute.
[2026-06-01 04:51:15,827] INFO: T:2.881, State:swing, Fz:-7.13, ThetaRef:60.00, ThetaActual:0.95, EncoderTheta:99.98, EncoderVelocity:0.00, K:10.00, B:0.50
[2026-06-01 04:51:15,830] DEBUG: No valid transitions from state swing
[2026-06-01 04:51:15,830] WARNING: Velocity attribute does not use the linearization map. Please calculate the velocity using the position attribute.
[2026-06-01 04:51:15,836] INFO: T:2.889, State:swing, Fz:-7.21, ThetaRef:60.00, ThetaActual:0.95, EncoderTheta:99.91, EncoderVelocity:-7.94, K:10.00, B:0.50
[2026-06-01 04:51:15,838] DEBUG: No valid transitions from state swing
[2026-06-01 04:51:15,838] WARNING: Velocity attribute does not use the linearization map. Please calculate the velocity using the position attribute.
[2026-06-01 04:51:15,844] INFO: T:2.898, State:swing, Fz:-8.72, ThetaRef:60.00, ThetaActual:0.95, EncoderTheta:100.00, EncoderVelocity:10.70, K:10.00, B:0.50
[2026-06-01 04:51:15,847] DEBUG: No valid transitions from state swing
[2026-06-01 04:51:15,847] WARNING: Velocity attribute does not use the linearization map. Please calculate the velocity using the position attribute.
[2026-06-01 04:51:15,852] INFO: T:2.906, State:swing, Fz:-9.40, ThetaRef:60.00, ThetaActual:0.95, EncoderTheta:100.00, EncoderVelocity:0.00, K:10.00, B:0.50
[2026-06-01 04:51:15,855] DEBUG: No valid transitions from state swing
[2026-06-01 04:51:15,855] WARNING: Velocity attribute does not use the linearization map. Please calculate the velocity using the position attribute.
[2026-06-01 04:51:15,861] INFO: T:2.914, State:swing, Fz:-8.91, ThetaRef:60.00, ThetaActual:0.95, EncoderTheta:100.00, EncoderVelocity:0.00, K:10.00, B:0.50
[2026-06-01 04:51:15,863] DEBUG: No valid transitions from state swing
[2026-06-01 04:51:15,863] WARNING: Velocity attribute does not use the linearization map. Please calculate the velocity using the position attribute.
[2026-06-01 04:51:15,869] INFO: T:2.922, State:swing, Fz:-10.55, ThetaRef:60.00, ThetaActual:0.95, EncoderTheta:100.04, EncoderVelocity:5.27, K:10.00, B:0.50
[2026-06-01 04:51:15,871] DEBUG: No valid transitions from state swing
[2026-06-01 04:51:15,872] WARNING: Velocity attribute does not use the linearization map. Please calculate the velocity using the position attribute.
[2026-06-01 04:51:15,877] INFO: T:2.931, State:swing, Fz:-10.81, ThetaRef:60.00, ThetaActual:0.95, EncoderTheta:100.04, EncoderVelocity:0.00, K:10.00, B:0.50
[2026-06-01 04:51:15,880] DEBUG: No valid transitions from state swing
[2026-06-01 04:51:15,880] WARNING: Velocity attribute does not use the linearization map. Please calculate the velocity using the position attribute.
[2026-06-01 04:51:15,885] INFO: T:2.939, State:swing, Fz:-12.47, ThetaRef:60.00, ThetaActual:0.95, EncoderTheta:100.04, EncoderVelocity:0.00, K:10.00, B:0.50
[2026-06-01 04:51:15,888] DEBUG: No valid transitions from state swing
[2026-06-01 04:51:15,888] WARNING: Velocity attribute does not use the linearization map. Please calculate the velocity using the position attribute.
[2026-06-01 04:51:15,894] INFO: T:2.947, State:swing, Fz:-11.73, ThetaRef:60.00, ThetaActual:0.95, EncoderTheta:100.04, EncoderVelocity:0.00, K:10.00, B:0.50
[2026-06-01 04:51:15,896] DEBUG: No valid transitions from state swing
[2026-06-01 04:51:15,896] WARNING: Velocity attribute does not use the linearization map. Please calculate the velocity using the position attribute.
[2026-06-01 04:51:15,902] INFO: T:2.956, State:swing, Fz:-10.67, ThetaRef:60.00, ThetaActual:0.95, EncoderTheta:100.00, EncoderVelocity:-5.28, K:10.00, B:0.50
[2026-06-01 04:51:15,905] DEBUG: No valid transitions from state swing
[2026-06-01 04:51:15,905] WARNING: Velocity attribute does not use the linearization map. Please calculate the velocity using the position attribute.
[2026-06-01 04:51:15,910] INFO: T:2.964, State:swing, Fz:-12.85, ThetaRef:60.00, ThetaActual:0.95, EncoderTheta:100.04, EncoderVelocity:5.30, K:10.00, B:0.50
[2026-06-01 04:51:15,913] DEBUG: No valid transitions from state swing
[2026-06-01 04:51:15,913] WARNING: Velocity attribute does not use the linearization map. Please calculate the velocity using the position attribute.
[2026-06-01 04:51:15,919] INFO: T:2.972, State:swing, Fz:-13.03, ThetaRef:60.00, ThetaActual:0.95, EncoderTheta:100.00, EncoderVelocity:-5.32, K:10.00, B:0.50
[2026-06-01 04:51:15,921] DEBUG: No valid transitions from state swing
[2026-06-01 04:51:15,921] WARNING: Velocity attribute does not use the linearization map. Please calculate the velocity using the position attribute.
[2026-06-01 04:51:15,927] INFO: T:2.980, State:swing, Fz:-14.15, ThetaRef:60.00, ThetaActual:0.95, EncoderTheta:100.04, EncoderVelocity:5.32, K:10.00, B:0.50
[2026-06-01 04:51:15,929] DEBUG: No valid transitions from state swing
[2026-06-01 04:51:15,929] WARNING: Velocity attribute does not use the linearization map. Please calculate the velocity using the position attribute.
[2026-06-01 04:51:15,935] INFO: T:2.989, State:swing, Fz:-15.00, ThetaRef:60.00, ThetaActual:0.95, EncoderTheta:100.04, EncoderVelocity:0.00, K:10.00, B:0.50
[2026-06-01 04:51:15,938] DEBUG: No valid transitions from state swing
[2026-06-01 04:51:15,938] WARNING: Velocity attribute does not use the linearization map. Please calculate the velocity using the position attribute.
[2026-06-01 04:51:15,943] INFO: T:2.997, State:swing, Fz:-15.18, ThetaRef:60.00, ThetaActual:0.95, EncoderTheta:100.02, EncoderVelocity:-2.66, K:10.00, B:0.50
[2026-06-01 04:51:15,946] DEBUG: No valid transitions from state swing
[2026-06-01 04:51:15,946] WARNING: Velocity attribute does not use the linearization map. Please calculate the velocity using the position attribute.
[2026-06-01 04:51:15,952] INFO: T:3.005, State:swing, Fz:-15.82, ThetaRef:60.00, ThetaActual:0.95, EncoderTheta:100.02, EncoderVelocity:0.00, K:10.00, B:0.50
[2026-06-01 04:51:15,954] DEBUG: No valid transitions from state swing
[2026-06-01 04:51:15,954] WARNING: Velocity attribute does not use the linearization map. Please calculate the velocity using the position attribute.
[2026-06-01 04:51:15,960] INFO: T:3.013, State:swing, Fz:-16.29, ThetaRef:60.00, ThetaActual:0.95, EncoderTheta:100.02, EncoderVelocity:0.00, K:10.00, B:0.50
[2026-06-01 04:51:15,963] DEBUG: No valid transitions from state swing
[2026-06-01 04:51:15,963] WARNING: Velocity attribute does not use the linearization map. Please calculate the velocity using the position attribute.
[2026-06-01 04:51:15,968] INFO: T:3.022, State:swing, Fz:-11.60, ThetaRef:60.00, ThetaActual:0.95, EncoderTheta:99.98, EncoderVelocity:-5.28, K:10.00, B:0.50
[2026-06-01 04:51:15,971] DEBUG: No valid transitions from state swing
[2026-06-01 04:51:15,971] WARNING: Velocity attribute does not use the linearization map. Please calculate the velocity using the position attribute.
[2026-06-01 04:51:15,977] INFO: T:3.030, State:swing, Fz:-14.59, ThetaRef:60.00, ThetaActual:0.95, EncoderTheta:100.00, EncoderVelocity:2.65, K:10.00, B:0.50
[2026-06-01 04:51:15,979] DEBUG: No valid transitions from state swing
[2026-06-01 04:51:15,979] WARNING: Velocity attribute does not use the linearization map. Please calculate the velocity using the position attribute.
[2026-06-01 04:51:15,985] INFO: T:3.038, State:swing, Fz:-16.39, ThetaRef:60.00, ThetaActual:0.95, EncoderTheta:100.09, EncoderVelocity:10.50, K:10.00, B:0.50
[2026-06-01 04:51:15,988] DEBUG: No valid transitions from state swing
[2026-06-01 04:51:15,988] WARNING: Velocity attribute does not use the linearization map. Please calculate the velocity using the position attribute.
[2026-06-01 04:51:15,993] INFO: T:3.047, State:swing, Fz:-20.24, ThetaRef:60.00, ThetaActual:0.95, EncoderTheta:100.02, EncoderVelocity:-7.87, K:10.00, B:0.50
[2026-06-01 04:51:15,996] DEBUG: No valid transitions from state swing
[2026-06-01 04:51:15,996] WARNING: Velocity attribute does not use the linearization map. Please calculate the velocity using the position attribute.
[2026-06-01 04:51:16,001] INFO: T:3.055, State:swing, Fz:-21.19, ThetaRef:60.00, ThetaActual:0.95, EncoderTheta:100.00, EncoderVelocity:-2.68, K:10.00, B:0.50
[2026-06-01 04:51:16,004] DEBUG: No valid transitions from state swing
[2026-06-01 04:51:16,004] WARNING: Velocity attribute does not use the linearization map. Please calculate the velocity using the position attribute.
[2026-06-01 04:51:16,010] INFO: T:3.063, State:swing, Fz:-22.90, ThetaRef:60.00, ThetaActual:0.95, EncoderTheta:100.00, EncoderVelocity:0.00, K:10.00, B:0.50
[2026-06-01 04:51:16,013] DEBUG: No valid transitions from state swing
[2026-06-01 04:51:16,013] WARNING: Velocity attribute does not use the linearization map. Please calculate the velocity using the position attribute.
[2026-06-01 04:51:16,018] INFO: T:3.072, State:swing, Fz:-23.24, ThetaRef:60.00, ThetaActual:0.95, EncoderTheta:100.04, EncoderVelocity:5.15, K:10.00, B:0.50
[2026-06-01 04:51:16,021] DEBUG: No valid transitions from state swing
[2026-06-01 04:51:16,021] WARNING: Velocity attribute does not use the linearization map. Please calculate the velocity using the position attribute.
[2026-06-01 04:51:16,027] INFO: T:3.080, State:swing, Fz:-22.50, ThetaRef:60.00, ThetaActual:0.95, EncoderTheta:100.02, EncoderVelocity:-2.59, K:10.00, B:0.50
[2026-06-01 04:51:16,029] DEBUG: No valid transitions from state swing
[2026-06-01 04:51:16,029] WARNING: Velocity attribute does not use the linearization map. Please calculate the velocity using the position attribute.
[2026-06-01 04:51:16,035] INFO: T:3.089, State:swing, Fz:-22.40, ThetaRef:60.00, ThetaActual:0.95, EncoderTheta:100.04, EncoderVelocity:2.65, K:10.00, B:0.50
[2026-06-01 04:51:16,038] DEBUG: No valid transitions from state swing
[2026-06-01 04:51:16,038] WARNING: Velocity attribute does not use the linearization map. Please calculate the velocity using the position attribute.
[2026-06-01 04:51:16,043] INFO: T:3.097, State:swing, Fz:-22.33, ThetaRef:60.00, ThetaActual:0.95, EncoderTheta:100.04, EncoderVelocity:0.00, K:10.00, B:0.50
[2026-06-01 04:51:16,046] DEBUG: No valid transitions from state swing
[2026-06-01 04:51:16,046] WARNING: Velocity attribute does not use the linearization map. Please calculate the velocity using the position attribute.
[2026-06-01 04:51:16,051] INFO: T:3.105, State:swing, Fz:-21.29, ThetaRef:60.00, ThetaActual:0.95, EncoderTheta:100.04, EncoderVelocity:0.00, K:10.00, B:0.50
[2026-06-01 04:51:16,054] DEBUG: No valid transitions from state swing
[2026-06-01 04:51:16,054] WARNING: Velocity attribute does not use the linearization map. Please calculate the velocity using the position attribute.
[2026-06-01 04:51:16,060] INFO: T:3.113, State:swing, Fz:-21.48, ThetaRef:60.00, ThetaActual:0.95, EncoderTheta:100.02, EncoderVelocity:-2.62, K:10.00, B:0.50
[2026-06-01 04:51:16,062] DEBUG: No valid transitions from state swing
[2026-06-01 04:51:16,063] WARNING: Velocity attribute does not use the linearization map. Please calculate the velocity using the position attribute.
[2026-06-01 04:51:16,068] INFO: T:3.122, State:swing, Fz:-22.59, ThetaRef:60.00, ThetaActual:0.95, EncoderTheta:100.06, EncoderVelocity:5.29, K:10.00, B:0.50
[2026-06-01 04:51:16,071] DEBUG: No valid transitions from state swing
[2026-06-01 04:51:16,071] WARNING: Velocity attribute does not use the linearization map. Please calculate the velocity using the position attribute.
[2026-06-01 04:51:16,076] INFO: T:3.130, State:swing, Fz:-20.96, ThetaRef:60.00, ThetaActual:0.95, EncoderTheta:100.06, EncoderVelocity:0.00, K:10.00, B:0.50
[2026-06-01 04:51:16,079] DEBUG: No valid transitions from state swing
[2026-06-01 04:51:16,079] WARNING: Velocity attribute does not use the linearization map. Please calculate the velocity using the position attribute.
[2026-06-01 04:51:16,085] INFO: T:3.138, State:swing, Fz:-20.70, ThetaRef:60.00, ThetaActual:0.95, EncoderTheta:100.02, EncoderVelocity:-5.11, K:10.00, B:0.50
[2026-06-01 04:51:16,088] DEBUG: No valid transitions from state swing
[2026-06-01 04:51:16,088] WARNING: Velocity attribute does not use the linearization map. Please calculate the velocity using the position attribute.
[2026-06-01 04:51:16,093] INFO: T:3.147, State:swing, Fz:-21.03, ThetaRef:60.00, ThetaActual:0.95, EncoderTheta:100.00, EncoderVelocity:-2.57, K:10.00, B:0.50
[2026-06-01 04:51:16,096] DEBUG: No valid transitions from state swing
[2026-06-01 04:51:16,096] WARNING: Velocity attribute does not use the linearization map. Please calculate the velocity using the position attribute.
[2026-06-01 04:51:16,102] INFO: T:3.155, State:swing, Fz:-20.29, ThetaRef:60.00, ThetaActual:0.95, EncoderTheta:100.04, EncoderVelocity:5.24, K:10.00, B:0.50
[2026-06-01 04:51:16,105] DEBUG: No valid transitions from state swing
[2026-06-01 04:51:16,105] WARNING: Velocity attribute does not use the linearization map. Please calculate the velocity using the position attribute.
[2026-06-01 04:51:16,110] INFO: T:3.164, State:swing, Fz:-17.71, ThetaRef:60.00, ThetaActual:0.95, EncoderTheta:100.02, EncoderVelocity:-2.64, K:10.00, B:0.50
[2026-06-01 04:51:16,113] DEBUG: No valid transitions from state swing
[2026-06-01 04:51:16,113] WARNING: Velocity attribute does not use the linearization map. Please calculate the velocity using the position attribute.
[2026-06-01 04:51:16,119] INFO: T:3.172, State:swing, Fz:-17.73, ThetaRef:60.00, ThetaActual:0.95, EncoderTheta:100.04, EncoderVelocity:2.63, K:10.00, B:0.50
[2026-06-01 04:51:16,121] DEBUG: No valid transitions from state swing
[2026-06-01 04:51:16,121] WARNING: Velocity attribute does not use the linearization map. Please calculate the velocity using the position attribute.
[2026-06-01 04:51:16,127] INFO: T:3.180, State:swing, Fz:-16.75, ThetaRef:60.00, ThetaActual:0.95, EncoderTheta:100.02, EncoderVelocity:-2.66, K:10.00, B:0.50
[2026-06-01 04:51:16,129] DEBUG: No valid transitions from state swing
[2026-06-01 04:51:16,130] WARNING: Velocity attribute does not use the linearization map. Please calculate the velocity using the position attribute.
[2026-06-01 04:51:16,135] INFO: T:3.189, State:swing, Fz:-14.05, ThetaRef:60.00, ThetaActual:0.95, EncoderTheta:100.00, EncoderVelocity:-2.64, K:10.00, B:0.50
[2026-06-01 04:51:16,138] DEBUG: No valid transitions from state swing
[2026-06-01 04:51:16,138] WARNING: Velocity attribute does not use the linearization map. Please calculate the velocity using the position attribute.
[2026-06-01 04:51:16,143] INFO: T:3.197, State:swing, Fz:-12.96, ThetaRef:60.00, ThetaActual:0.95, EncoderTheta:100.02, EncoderVelocity:2.65, K:10.00, B:0.50
[2026-06-01 04:51:16,146] DEBUG: No valid transitions from state swing
[2026-06-01 04:51:16,146] WARNING: Velocity attribute does not use the linearization map. Please calculate the velocity using the position attribute.
[2026-06-01 04:51:16,152] INFO: T:3.205, State:swing, Fz:-9.17, ThetaRef:60.00, ThetaActual:0.95, EncoderTheta:99.98, EncoderVelocity:-5.31, K:10.00, B:0.50
[2026-06-01 04:51:16,154] DEBUG: No valid transitions from state swing
[2026-06-01 04:51:16,154] WARNING: Velocity attribute does not use the linearization map. Please calculate the velocity using the position attribute.
[2026-06-01 04:51:16,160] INFO: T:3.214, State:swing, Fz:-10.21, ThetaRef:60.00, ThetaActual:0.95, EncoderTheta:100.02, EncoderVelocity:5.31, K:10.00, B:0.50
[2026-06-01 04:51:16,163] DEBUG: No valid transitions from state swing
[2026-06-01 04:51:16,163] WARNING: Velocity attribute does not use the linearization map. Please calculate the velocity using the position attribute.
[2026-06-01 04:51:16,168] INFO: T:3.222, State:swing, Fz:-7.58, ThetaRef:60.00, ThetaActual:0.95, EncoderTheta:99.93, EncoderVelocity:-10.63, K:10.00, B:0.50
[2026-06-01 04:51:16,171] DEBUG: No valid transitions from state swing
[2026-06-01 04:51:16,171] WARNING: Velocity attribute does not use the linearization map. Please calculate the velocity using the position attribute.
[2026-06-01 04:51:16,176] INFO: T:3.230, State:swing, Fz:-6.05, ThetaRef:60.00, ThetaActual:0.95, EncoderTheta:99.89, EncoderVelocity:-5.41, K:10.00, B:0.50
[2026-06-01 04:51:16,179] DEBUG: No valid transitions from state swing
[2026-06-01 04:51:16,179] WARNING: Velocity attribute does not use the linearization map. Please calculate the velocity using the position attribute.
[2026-06-01 04:51:16,185] INFO: T:3.238, State:swing, Fz:-3.92, ThetaRef:60.00, ThetaActual:0.95, EncoderTheta:99.87, EncoderVelocity:-2.64, K:10.00, B:0.50
[2026-06-01 04:51:16,187] DEBUG: No valid transitions from state swing
[2026-06-01 04:51:16,187] WARNING: Velocity attribute does not use the linearization map. Please calculate the velocity using the position attribute.
[2026-06-01 04:51:16,193] INFO: T:3.247, State:swing, Fz:0.72, ThetaRef:60.00, ThetaActual:0.95, EncoderTheta:99.82, EncoderVelocity:-5.32, K:10.00, B:0.50
[2026-06-01 04:51:16,196] DEBUG: No valid transitions from state swing
[2026-06-01 04:51:16,196] WARNING: Velocity attribute does not use the linearization map. Please calculate the velocity using the position attribute.
[2026-06-01 04:51:16,201] INFO: T:3.255, State:swing, Fz:5.24, ThetaRef:60.00, ThetaActual:0.96, EncoderTheta:99.78, EncoderVelocity:-5.34, K:10.00, B:0.50
[2026-06-01 04:51:16,204] DEBUG: No valid transitions from state swing
[2026-06-01 04:51:16,204] WARNING: Velocity attribute does not use the linearization map. Please calculate the velocity using the position attribute.
[2026-06-01 04:51:16,209] INFO: T:3.263, State:swing, Fz:10.17, ThetaRef:60.00, ThetaActual:0.96, EncoderTheta:99.78, EncoderVelocity:0.00, K:10.00, B:0.50
[2026-06-01 04:51:16,212] DEBUG: No valid transitions from state swing
[2026-06-01 04:51:16,212] WARNING: Velocity attribute does not use the linearization map. Please calculate the velocity using the position attribute.
[2026-06-01 04:51:16,218] INFO: T:3.271, State:swing, Fz:12.40, ThetaRef:60.00, ThetaActual:0.98, EncoderTheta:99.73, EncoderVelocity:-5.32, K:10.00, B:0.50
[2026-06-01 04:51:16,221] DEBUG: No valid transitions from state swing
[2026-06-01 04:51:16,221] WARNING: Velocity attribute does not use the linearization map. Please calculate the velocity using the position attribute.
[2026-06-01 04:51:16,226] INFO: T:3.280, State:swing, Fz:14.58, ThetaRef:60.00, ThetaActual:1.03, EncoderTheta:99.60, EncoderVelocity:-15.60, K:10.00, B:0.50
[2026-06-01 04:51:16,229] DEBUG: No valid transitions from state swing
[2026-06-01 04:51:16,229] WARNING: Velocity attribute does not use the linearization map. Please calculate the velocity using the position attribute.
[2026-06-01 04:51:16,234] INFO: T:3.288, State:swing, Fz:18.70, ThetaRef:60.00, ThetaActual:1.08, EncoderTheta:99.49, EncoderVelocity:-13.33, K:10.00, B:0.50
[2026-06-01 04:51:16,237] DEBUG: No valid transitions from state swing
[2026-06-01 04:51:16,237] WARNING: Velocity attribute does not use the linearization map. Please calculate the velocity using the position attribute.
[2026-06-01 04:51:16,243] INFO: T:3.296, State:swing, Fz:22.85, ThetaRef:60.00, ThetaActual:1.20, EncoderTheta:99.38, EncoderVelocity:-13.38, K:10.00, B:0.50
[2026-06-01 04:51:16,245] DEBUG: No valid transitions from state swing
[2026-06-01 04:51:16,245] WARNING: Velocity attribute does not use the linearization map. Please calculate the velocity using the position attribute.
[2026-06-01 04:51:16,251] INFO: T:3.304, State:swing, Fz:27.49, ThetaRef:60.00, ThetaActual:1.37, EncoderTheta:99.16, EncoderVelocity:-26.56, K:10.00, B:0.50
[2026-06-01 04:51:16,253] DEBUG: No valid transitions from state swing
[2026-06-01 04:51:16,254] WARNING: Velocity attribute does not use the linearization map. Please calculate the velocity using the position attribute.
[2026-06-01 04:51:16,259] INFO: T:3.313, State:swing, Fz:29.53, ThetaRef:60.00, ThetaActual:1.48, EncoderTheta:98.92, EncoderVelocity:-29.23, K:10.00, B:0.50
[2026-06-01 04:51:16,262] DEBUG: No valid transitions from state swing
[2026-06-01 04:51:16,262] WARNING: Velocity attribute does not use the linearization map. Please calculate the velocity using the position attribute.
[2026-06-01 04:51:16,267] INFO: T:3.321, State:swing, Fz:34.54, ThetaRef:60.00, ThetaActual:1.75, EncoderTheta:98.68, EncoderVelocity:-29.18, K:10.00, B:0.50
[2026-06-01 04:51:16,270] DEBUG: No valid transitions from state swing
[2026-06-01 04:51:16,270] WARNING: Velocity attribute does not use the linearization map. Please calculate the velocity using the position attribute.
[2026-06-01 04:51:16,276] INFO: T:3.329, State:swing, Fz:37.40, ThetaRef:60.00, ThetaActual:2.09, EncoderTheta:98.33, EncoderVelocity:-42.46, K:10.00, B:0.50
[2026-06-01 04:51:16,278] DEBUG: No valid transitions from state swing
[2026-06-01 04:51:16,278] WARNING: Velocity attribute does not use the linearization map. Please calculate the velocity using the position attribute.
[2026-06-01 04:51:16,284] INFO: T:3.338, State:swing, Fz:41.57, ThetaRef:60.00, ThetaActual:2.28, EncoderTheta:97.89, EncoderVelocity:-53.58, K:10.00, B:0.50
[2026-06-01 04:51:16,287] DEBUG: No valid transitions from state swing
[2026-06-01 04:51:16,287] WARNING: Velocity attribute does not use the linearization map. Please calculate the velocity using the position attribute.
[2026-06-01 04:51:16,292] INFO: T:3.346, State:swing, Fz:45.77, ThetaRef:60.00, ThetaActual:2.73, EncoderTheta:97.56, EncoderVelocity:-39.57, K:10.00, B:0.50
[2026-06-01 04:51:16,295] DEBUG: No valid transitions from state swing
[2026-06-01 04:51:16,295] WARNING: Velocity attribute does not use the linearization map. Please calculate the velocity using the position attribute.
[2026-06-01 04:51:16,300] INFO: T:3.354, State:swing, Fz:47.45, ThetaRef:60.00, ThetaActual:2.99, EncoderTheta:97.03, EncoderVelocity:-64.25, K:10.00, B:0.50
[2026-06-01 04:51:16,303] DEBUG: No valid transitions from state swing
[2026-06-01 04:51:16,303] WARNING: Velocity attribute does not use the linearization map. Please calculate the velocity using the position attribute.
[2026-06-01 04:51:16,309] INFO: T:3.362, State:swing, Fz:52.22, ThetaRef:60.00, ThetaActual:3.56, EncoderTheta:96.46, EncoderVelocity:-68.48, K:10.00, B:0.50
[2026-06-01 04:51:16,311] DEBUG: No valid transitions from state swing
[2026-06-01 04:51:16,311] WARNING: Velocity attribute does not use the linearization map. Please calculate the velocity using the position attribute.
[2026-06-01 04:51:16,317] INFO: T:3.371, State:swing, Fz:54.88, ThetaRef:60.00, ThetaActual:4.22, EncoderTheta:95.87, EncoderVelocity:-71.73, K:10.00, B:0.50
[2026-06-01 04:51:16,320] DEBUG: No valid transitions from state swing
[2026-06-01 04:51:16,320] WARNING: Velocity attribute does not use the linearization map. Please calculate the velocity using the position attribute.
[2026-06-01 04:51:16,325] INFO: T:3.379, State:swing, Fz:57.91, ThetaRef:60.00, ThetaActual:4.59, EncoderTheta:95.21, EncoderVelocity:-80.10, K:10.00, B:0.50
[2026-06-01 04:51:16,328] DEBUG: No valid transitions from state swing
[2026-06-01 04:51:16,328] WARNING: Velocity attribute does not use the linearization map. Please calculate the velocity using the position attribute.
[2026-06-01 04:51:16,334] INFO: T:3.387, State:swing, Fz:61.24, ThetaRef:60.00, ThetaActual:5.40, EncoderTheta:94.48, EncoderVelocity:-87.32, K:10.00, B:0.50
[2026-06-01 04:51:16,336] DEBUG: No valid transitions from state swing
[2026-06-01 04:51:16,336] WARNING: Velocity attribute does not use the linearization map. Please calculate the velocity using the position attribute.
[2026-06-01 04:51:16,342] INFO: T:3.395, State:swing, Fz:62.26, ThetaRef:60.00, ThetaActual:6.31, EncoderTheta:93.67, EncoderVelocity:-98.25, K:10.00, B:0.50
[2026-06-01 04:51:16,345] DEBUG: No valid transitions from state swing
[2026-06-01 04:51:16,345] WARNING: Velocity attribute does not use the linearization map. Please calculate the velocity using the position attribute.
[2026-06-01 04:51:16,350] INFO: T:3.404, State:swing, Fz:67.00, ThetaRef:60.00, ThetaActual:6.79, EncoderTheta:92.83, EncoderVelocity:-100.24, K:10.00, B:0.50
[2026-06-01 04:51:16,353] DEBUG: No valid transitions from state swing
[2026-06-01 04:51:16,353] WARNING: Velocity attribute does not use the linearization map. Please calculate the velocity using the position attribute.
[2026-06-01 04:51:16,359] INFO: T:3.412, State:swing, Fz:67.69, ThetaRef:60.00, ThetaActual:7.83, EncoderTheta:91.87, EncoderVelocity:-116.79, K:10.00, B:0.50
[2026-06-01 04:51:16,361] DEBUG: No valid transitions from state swing
[2026-06-01 04:51:16,361] WARNING: Velocity attribute does not use the linearization map. Please calculate the velocity using the position attribute.
[2026-06-01 04:51:16,367] INFO: T:3.420, State:swing, Fz:67.75, ThetaRef:60.00, ThetaActual:8.94, EncoderTheta:90.94, EncoderVelocity:-109.63, K:10.00, B:0.50
[2026-06-01 04:51:16,370] DEBUG: No valid transitions from state swing
[2026-06-01 04:51:16,370] WARNING: Velocity attribute does not use the linearization map. Please calculate the velocity using the position attribute.
[2026-06-01 04:51:16,375] INFO: T:3.429, State:swing, Fz:66.33, ThetaRef:60.00, ThetaActual:9.53, EncoderTheta:89.91, EncoderVelocity:-124.05, K:10.00, B:0.50
[2026-06-01 04:51:16,378] DEBUG: No valid transitions from state swing
[2026-06-01 04:51:16,378] WARNING: Velocity attribute does not use the linearization map. Please calculate the velocity using the position attribute.
[2026-06-01 04:51:16,383] INFO: T:3.437, State:swing, Fz:62.78, ThetaRef:60.00, ThetaActual:10.74, EncoderTheta:88.90, EncoderVelocity:-123.23, K:10.00, B:0.50
[2026-06-01 04:51:16,386] DEBUG: No valid transitions from state swing
[2026-06-01 04:51:16,386] WARNING: Velocity attribute does not use the linearization map. Please calculate the velocity using the position attribute.
[2026-06-01 04:51:16,392] INFO: T:3.445, State:swing, Fz:62.01, ThetaRef:60.00, ThetaActual:11.99, EncoderTheta:87.85, EncoderVelocity:-126.82, K:10.00, B:0.50
[2026-06-01 04:51:16,395] DEBUG: No valid transitions from state swing
[2026-06-01 04:51:16,395] WARNING: Velocity attribute does not use the linearization map. Please calculate the velocity using the position attribute.
[2026-06-01 04:51:16,401] INFO: T:3.454, State:swing, Fz:61.49, ThetaRef:60.00, ThetaActual:12.63, EncoderTheta:86.81, EncoderVelocity:-117.95, K:10.00, B:0.50
[2026-06-01 04:51:16,404] DEBUG: No valid transitions from state swing
[2026-06-01 04:51:16,404] WARNING: Velocity attribute does not use the linearization map. Please calculate the velocity using the position attribute.
[2026-06-01 04:51:16,409] INFO: T:3.463, State:swing, Fz:57.09, ThetaRef:60.00, ThetaActual:13.91, EncoderTheta:85.72, EncoderVelocity:-123.45, K:10.00, B:0.50
[2026-06-01 04:51:16,412] DEBUG: No valid transitions from state swing
[2026-06-01 04:51:16,412] WARNING: Velocity attribute does not use the linearization map. Please calculate the velocity using the position attribute.
[2026-06-01 04:51:16,418] INFO: T:3.471, State:swing, Fz:53.19, ThetaRef:60.00, ThetaActual:15.19, EncoderTheta:84.68, EncoderVelocity:-122.47, K:10.00, B:0.50
[2026-06-01 04:51:16,421] DEBUG: No valid transitions from state swing
[2026-06-01 04:51:16,421] WARNING: Velocity attribute does not use the linearization map. Please calculate the velocity using the position attribute.
[2026-06-01 04:51:16,426] INFO: T:3.480, State:swing, Fz:49.79, ThetaRef:60.00, ThetaActual:16.44, EncoderTheta:83.61, EncoderVelocity:-128.29, K:10.00, B:0.50
[2026-06-01 04:51:16,429] DEBUG: No valid transitions from state swing
[2026-06-01 04:51:16,429] WARNING: Velocity attribute does not use the linearization map. Please calculate the velocity using the position attribute.
[2026-06-01 04:51:16,435] INFO: T:3.488, State:swing, Fz:45.19, ThetaRef:60.00, ThetaActual:17.05, EncoderTheta:82.68, EncoderVelocity:-110.65, K:10.00, B:0.50
[2026-06-01 04:51:16,437] DEBUG: No valid transitions from state swing
[2026-06-01 04:51:16,437] WARNING: Velocity attribute does not use the linearization map. Please calculate the velocity using the position attribute.
[2026-06-01 04:51:16,443] INFO: T:3.496, State:swing, Fz:40.19, ThetaRef:60.00, ThetaActual:18.22, EncoderTheta:81.85, EncoderVelocity:-101.15, K:10.00, B:0.50
[2026-06-01 04:51:16,445] DEBUG: No valid transitions from state swing
[2026-06-01 04:51:16,446] WARNING: Velocity attribute does not use the linearization map. Please calculate the velocity using the position attribute.
[2026-06-01 04:51:16,451] INFO: T:3.505, State:swing, Fz:33.38, ThetaRef:60.00, ThetaActual:19.31, EncoderTheta:81.01, EncoderVelocity:-100.34, K:10.00, B:0.50
[2026-06-01 04:51:16,454] DEBUG: No valid transitions from state swing
[2026-06-01 04:51:16,454] WARNING: Velocity attribute does not use the linearization map. Please calculate the velocity using the position attribute.
[2026-06-01 04:51:16,459] INFO: T:3.513, State:swing, Fz:30.15, ThetaRef:60.00, ThetaActual:19.81, EncoderTheta:80.33, EncoderVelocity:-82.37, K:10.00, B:0.50
[2026-06-01 04:51:16,462] DEBUG: No valid transitions from state swing
[2026-06-01 04:51:16,462] WARNING: Velocity attribute does not use the linearization map. Please calculate the velocity using the position attribute.
[2026-06-01 04:51:16,468] INFO: T:3.521, State:swing, Fz:28.21, ThetaRef:60.00, ThetaActual:20.72, EncoderTheta:79.72, EncoderVelocity:-73.98, K:10.00, B:0.50
[2026-06-01 04:51:16,470] DEBUG: No valid transitions from state swing
[2026-06-01 04:51:16,470] WARNING: Velocity attribute does not use the linearization map. Please calculate the velocity using the position attribute.
[2026-06-01 04:51:16,476] INFO: T:3.530, State:swing, Fz:23.26, ThetaRef:60.00, ThetaActual:21.48, EncoderTheta:79.26, EncoderVelocity:-55.92, K:10.00, B:0.50
[2026-06-01 04:51:16,479] DEBUG: No valid transitions from state swing
[2026-06-01 04:51:16,479] WARNING: Velocity attribute does not use the linearization map. Please calculate the velocity using the position attribute.
[2026-06-01 04:51:16,484] INFO: T:3.538, State:swing, Fz:16.51, ThetaRef:60.00, ThetaActual:21.80, EncoderTheta:78.88, EncoderVelocity:-44.88, K:10.00, B:0.50
[2026-06-01 04:51:16,487] DEBUG: No valid transitions from state swing
[2026-06-01 04:51:16,487] WARNING: Velocity attribute does not use the linearization map. Please calculate the velocity using the position attribute.
[2026-06-01 04:51:16,493] INFO: T:3.546, State:swing, Fz:9.86, ThetaRef:60.00, ThetaActual:22.34, EncoderTheta:78.75, EncoderVelocity:-15.97, K:10.00, B:0.50
[2026-06-01 04:51:16,495] DEBUG: No valid transitions from state swing
[2026-06-01 04:51:16,496] WARNING: Velocity attribute does not use the linearization map. Please calculate the velocity using the position attribute.
[2026-06-01 04:51:16,501] INFO: T:3.555, State:swing, Fz:2.71, ThetaRef:60.00, ThetaActual:22.69, EncoderTheta:78.71, EncoderVelocity:-5.13, K:10.00, B:0.50
[2026-06-01 04:51:16,504] DEBUG: No valid transitions from state swing
[2026-06-01 04:51:16,504] WARNING: Velocity attribute does not use the linearization map. Please calculate the velocity using the position attribute.
[2026-06-01 04:51:16,510] INFO: T:3.563, State:swing, Fz:-6.71, ThetaRef:60.00, ThetaActual:22.78, EncoderTheta:78.77, EncoderVelocity:7.81, K:10.00, B:0.50
[2026-06-01 04:51:16,512] DEBUG: No valid transitions from state swing
[2026-06-01 04:51:16,512] WARNING: Velocity attribute does not use the linearization map. Please calculate the velocity using the position attribute.
[2026-06-01 04:51:16,518] INFO: T:3.571, State:swing, Fz:-12.45, ThetaRef:60.00, ThetaActual:22.78, EncoderTheta:78.95, EncoderVelocity:21.05, K:10.00, B:0.50
[2026-06-01 04:51:16,521] DEBUG: No valid transitions from state swing
[2026-06-01 04:51:16,521] WARNING: Velocity attribute does not use the linearization map. Please calculate the velocity using the position attribute.
[2026-06-01 04:51:16,526] INFO: T:3.580, State:swing, Fz:-19.80, ThetaRef:60.00, ThetaActual:22.60, EncoderTheta:79.19, EncoderVelocity:29.04, K:10.00, B:0.50
[2026-06-01 04:51:16,529] DEBUG: No valid transitions from state swing
[2026-06-01 04:51:16,529] WARNING: Velocity attribute does not use the linearization map. Please calculate the velocity using the position attribute.
[2026-06-01 04:51:16,534] INFO: T:3.588, State:swing, Fz:-25.38, ThetaRef:60.00, ThetaActual:22.44, EncoderTheta:79.61, EncoderVelocity:50.54, K:10.00, B:0.50
[2026-06-01 04:51:16,537] DEBUG: No valid transitions from state swing
[2026-06-01 04:51:16,537] WARNING: Velocity attribute does not use the linearization map. Please calculate the velocity using the position attribute.
[2026-06-01 04:51:16,543] INFO: T:3.596, State:swing, Fz:-31.17, ThetaRef:60.00, ThetaActual:22.00, EncoderTheta:80.18, EncoderVelocity:69.25, K:10.00, B:0.50
[2026-06-01 04:51:16,545] DEBUG: No valid transitions from state swing
[2026-06-01 04:51:16,545] WARNING: Velocity attribute does not use the linearization map. Please calculate the velocity using the position attribute.
[2026-06-01 04:51:16,551] INFO: T:3.605, State:swing, Fz:-36.57, ThetaRef:60.00, ThetaActual:21.39, EncoderTheta:80.75, EncoderVelocity:69.16, K:10.00, B:0.50
[2026-06-01 04:51:16,554] DEBUG: No valid transitions from state swing
[2026-06-01 04:51:16,554] WARNING: Velocity attribute does not use the linearization map. Please calculate the velocity using the position attribute.
[2026-06-01 04:51:16,559] INFO: T:3.613, State:swing, Fz:-41.19, ThetaRef:60.00, ThetaActual:21.02, EncoderTheta:81.47, EncoderVelocity:88.54, K:10.00, B:0.50
[2026-06-01 04:51:16,562] WARNING: Velocity attribute does not use the linearization map. Please calculate the velocity using the position attribute.
[2026-06-01 04:51:16,567] INFO: T:3.621, State:stance, Fz:-45.65, ThetaRef:5.00, ThetaActual:20.13, EncoderTheta:82.35, EncoderVelocity:106.05, K:500.00, B:20.00
[2026-06-01 04:51:16,570] DEBUG: No valid transitions from state stance
[2026-06-01 04:51:16,570] WARNING: Velocity attribute does not use the linearization map. Please calculate the velocity using the position attribute.
[2026-06-01 04:51:16,576] INFO: T:3.629, State:stance, Fz:-50.02, ThetaRef:5.00, ThetaActual:19.07, EncoderTheta:83.36, EncoderVelocity:122.79, K:500.00, B:20.00
[2026-06-01 04:51:16,578] DEBUG: No valid transitions from state stance
[2026-06-01 04:51:16,578] WARNING: Velocity attribute does not use the linearization map. Please calculate the velocity using the position attribute.
[2026-06-01 04:51:16,584] INFO: T:3.638, State:stance, Fz:-47.30, ThetaRef:5.00, ThetaActual:18.47, EncoderTheta:84.62, EncoderVelocity:150.76, K:500.00, B:20.00
[2026-06-01 04:51:16,587] WARNING: Velocity attribute does not use the linearization map. Please calculate the velocity using the position attribute.
[2026-06-01 04:51:16,592] INFO: T:3.646, State:swing, Fz:-26.72, ThetaRef:60.00, ThetaActual:16.57, EncoderTheta:86.42, EncoderVelocity:218.63, K:10.00, B:0.50
[2026-06-01 04:51:16,595] DEBUG: No valid transitions from state swing
[2026-06-01 04:51:16,595] WARNING: Velocity attribute does not use the linearization map. Please calculate the velocity using the position attribute.
[2026-06-01 04:51:16,601] INFO: T:3.654, State:swing, Fz:6.54, ThetaRef:60.00, ThetaActual:15.15, EncoderTheta:89.01, EncoderVelocity:314.21, K:10.00, B:0.50
[2026-06-01 04:51:16,603] DEBUG: No valid transitions from state swing
[2026-06-01 04:51:16,603] WARNING: Velocity attribute does not use the linearization map. Please calculate the velocity using the position attribute.
[2026-06-01 04:51:16,609] INFO: T:3.662, State:swing, Fz:23.33, ThetaRef:60.00, ThetaActual:11.74, EncoderTheta:92.11, EncoderVelocity:375.20, K:10.00, B:0.50
[2026-06-01 04:51:16,612] DEBUG: No valid transitions from state swing
[2026-06-01 04:51:16,612] WARNING: Velocity attribute does not use the linearization map. Please calculate the velocity using the position attribute.
[2026-06-01 04:51:16,617] INFO: T:3.671, State:swing, Fz:11.94, ThetaRef:60.00, ThetaActual:8.46, EncoderTheta:95.36, EncoderVelocity:385.33, K:10.00, B:0.50
[2026-06-01 04:51:16,620] DEBUG: No valid transitions from state swing
[2026-06-01 04:51:16,620] WARNING: Velocity attribute does not use the linearization map. Please calculate the velocity using the position attribute.
[2026-06-01 04:51:16,626] INFO: T:3.679, State:swing, Fz:-20.31, ThetaRef:60.00, ThetaActual:6.88, EncoderTheta:98.17, EncoderVelocity:336.64, K:10.00, B:0.50
[2026-06-01 04:51:16,628] DEBUG: No valid transitions from state swing
[2026-06-01 04:51:16,628] WARNING: Velocity attribute does not use the linearization map. Please calculate the velocity using the position attribute.
[2026-06-01 04:51:16,634] INFO: T:3.687, State:swing, Fz:-39.88, ThetaRef:60.00, ThetaActual:3.72, EncoderTheta:100.17, EncoderVelocity:241.41, K:10.00, B:0.50
[2026-06-01 04:51:16,636] WARNING: Velocity attribute does not use the linearization map. Please calculate the velocity using the position attribute.
[2026-06-01 04:51:16,642] INFO: T:3.696, State:stance, Fz:-154.14, ThetaRef:5.00, ThetaActual:0.55, EncoderTheta:100.44, EncoderVelocity:31.87, K:500.00, B:20.00
[2026-06-01 04:51:16,645] DEBUG: No valid transitions from state stance
[2026-06-01 04:51:16,645] WARNING: Velocity attribute does not use the linearization map. Please calculate the velocity using the position attribute.
[2026-06-01 04:51:16,650] INFO: T:3.704, State:stance, Fz:-179.88, ThetaRef:5.00, ThetaActual:-0.90, EncoderTheta:100.31, EncoderVelocity:-16.17, K:500.00, B:20.00
[2026-06-01 04:51:16,653] DEBUG: No valid transitions from state stance
[2026-06-01 04:51:16,653] WARNING: Velocity attribute does not use the linearization map. Please calculate the velocity using the position attribute.
[2026-06-01 04:51:16,658] INFO: T:3.712, State:stance, Fz:-99.74, ThetaRef:5.00, ThetaActual:-2.25, EncoderTheta:100.22, EncoderVelocity:-10.73, K:500.00, B:20.00
[2026-06-01 04:51:16,661] DEBUG: No valid transitions from state stance
[2026-06-01 04:51:16,661] WARNING: Velocity attribute does not use the linearization map. Please calculate the velocity using the position attribute.
[2026-06-01 04:51:16,667] INFO: T:3.720, State:stance, Fz:-138.20, ThetaRef:5.00, ThetaActual:-1.00, EncoderTheta:100.22, EncoderVelocity:0.00, K:500.00, B:20.00
[2026-06-01 04:51:16,669] DEBUG: No valid transitions from state stance
[2026-06-01 04:51:16,669] WARNING: Velocity attribute does not use the linearization map. Please calculate the velocity using the position attribute.
[2026-06-01 04:51:16,675] INFO: T:3.729, State:stance, Fz:-122.72, ThetaRef:5.00, ThetaActual:-0.17, EncoderTheta:100.13, EncoderVelocity:-10.65, K:500.00, B:20.00
[2026-06-01 04:51:16,678] DEBUG: No valid transitions from state stance
[2026-06-01 04:51:16,678] WARNING: Velocity attribute does not use the linearization map. Please calculate the velocity using the position attribute.
[2026-06-01 04:51:16,683] INFO: T:3.737, State:stance, Fz:-82.14, ThetaRef:5.00, ThetaActual:0.81, EncoderTheta:100.06, EncoderVelocity:-8.00, K:500.00, B:20.00
[2026-06-01 04:51:16,686] DEBUG: No valid transitions from state stance
[2026-06-01 04:51:16,686] WARNING: Velocity attribute does not use the linearization map. Please calculate the velocity using the position attribute.
[2026-06-01 04:51:16,691] INFO: T:3.745, State:stance, Fz:-92.28, ThetaRef:5.00, ThetaActual:0.82, EncoderTheta:100.11, EncoderVelocity:5.32, K:500.00, B:20.00
[2026-06-01 04:51:16,694] DEBUG: No valid transitions from state stance
[2026-06-01 04:51:16,694] WARNING: Velocity attribute does not use the linearization map. Please calculate the velocity using the position attribute.
[2026-06-01 04:51:16,700] INFO: T:3.753, State:stance, Fz:-96.61, ThetaRef:5.00, ThetaActual:0.72, EncoderTheta:100.06, EncoderVelocity:-5.35, K:500.00, B:20.00
[2026-06-01 04:51:16,702] DEBUG: No valid transitions from state stance
[2026-06-01 04:51:16,702] WARNING: Velocity attribute does not use the linearization map. Please calculate the velocity using the position attribute.
[2026-06-01 04:51:16,708] INFO: T:3.762, State:stance, Fz:-76.30, ThetaRef:5.00, ThetaActual:0.58, EncoderTheta:100.11, EncoderVelocity:5.28, K:500.00, B:20.00
[2026-06-01 04:51:16,711] DEBUG: No valid transitions from state stance
[2026-06-01 04:51:16,711] WARNING: Velocity attribute does not use the linearization map. Please calculate the velocity using the position attribute.
[2026-06-01 04:51:16,716] INFO: T:3.770, State:stance, Fz:-74.30, ThetaRef:5.00, ThetaActual:0.57, EncoderTheta:100.11, EncoderVelocity:0.00, K:500.00, B:20.00
[2026-06-01 04:51:16,719] DEBUG: No valid transitions from state stance
[2026-06-01 04:51:16,719] WARNING: Velocity attribute does not use the linearization map. Please calculate the velocity using the position attribute.
[2026-06-01 04:51:16,725] INFO: T:3.778, State:stance, Fz:-77.29, ThetaRef:5.00, ThetaActual:0.57, EncoderTheta:100.09, EncoderVelocity:-2.67, K:500.00, B:20.00
[2026-06-01 04:51:16,727] DEBUG: No valid transitions from state stance
[2026-06-01 04:51:16,727] WARNING: Velocity attribute does not use the linearization map. Please calculate the velocity using the position attribute.
[2026-06-01 04:51:16,733] INFO: T:3.786, State:stance, Fz:-64.52, ThetaRef:5.00, ThetaActual:0.57, EncoderTheta:100.09, EncoderVelocity:0.00, K:500.00, B:20.00
[2026-06-01 04:51:16,736] DEBUG: No valid transitions from state stance
[2026-06-01 04:51:16,736] WARNING: Velocity attribute does not use the linearization map. Please calculate the velocity using the position attribute.
[2026-06-01 04:51:16,741] INFO: T:3.795, State:stance, Fz:-57.26, ThetaRef:5.00, ThetaActual:0.57, EncoderTheta:100.04, EncoderVelocity:-5.30, K:500.00, B:20.00
[2026-06-01 04:51:16,744] DEBUG: No valid transitions from state stance
[2026-06-01 04:51:16,744] WARNING: Velocity attribute does not use the linearization map. Please calculate the velocity using the position attribute.
[2026-06-01 04:51:16,750] INFO: T:3.803, State:stance, Fz:-55.77, ThetaRef:5.00, ThetaActual:0.56, EncoderTheta:100.04, EncoderVelocity:0.00, K:500.00, B:20.00
[2026-06-01 04:51:16,752] DEBUG: No valid transitions from state stance
[2026-06-01 04:51:16,752] WARNING: Velocity attribute does not use the linearization map. Please calculate the velocity using the position attribute.
[2026-06-01 04:51:16,758] INFO: T:3.811, State:stance, Fz:-44.16, ThetaRef:5.00, ThetaActual:0.56, EncoderTheta:100.04, EncoderVelocity:0.00, K:500.00, B:20.00
[2026-06-01 04:51:16,761] DEBUG: No valid transitions from state stance
[2026-06-01 04:51:16,761] WARNING: Velocity attribute does not use the linearization map. Please calculate the velocity using the position attribute.
[2026-06-01 04:51:16,766] INFO: T:3.820, State:stance, Fz:-38.27, ThetaRef:5.00, ThetaActual:0.56, EncoderTheta:100.11, EncoderVelocity:7.91, K:500.00, B:20.00
[2026-06-01 04:51:16,769] DEBUG: No valid transitions from state stance
[2026-06-01 04:51:16,769] WARNING: Velocity attribute does not use the linearization map. Please calculate the velocity using the position attribute.
[2026-06-01 04:51:16,774] INFO: T:3.828, State:stance, Fz:-32.82, ThetaRef:5.00, ThetaActual:0.56, EncoderTheta:100.06, EncoderVelocity:-5.29, K:500.00, B:20.00
[2026-06-01 04:51:16,778] WARNING: Velocity attribute does not use the linearization map. Please calculate the velocity using the position attribute.
[2026-06-01 04:51:16,783] INFO: T:3.837, State:swing, Fz:-26.25, ThetaRef:60.00, ThetaActual:0.56, EncoderTheta:100.04, EncoderVelocity:-2.54, K:10.00, B:0.50
[2026-06-01 04:51:16,786] DEBUG: No valid transitions from state swing
[2026-06-01 04:51:16,786] WARNING: Velocity attribute does not use the linearization map. Please calculate the velocity using the position attribute.
[2026-06-01 04:51:16,791] INFO: T:3.845, State:swing, Fz:-20.24, ThetaRef:60.00, ThetaActual:0.57, EncoderTheta:100.09, EncoderVelocity:5.34, K:10.00, B:0.50
[2026-06-01 04:51:16,794] DEBUG: No valid transitions from state swing
[2026-06-01 04:51:16,794] WARNING: Velocity attribute does not use the linearization map. Please calculate the velocity using the position attribute.
[2026-06-01 04:51:16,800] INFO: T:3.853, State:swing, Fz:-18.68, ThetaRef:60.00, ThetaActual:0.57, EncoderTheta:100.04, EncoderVelocity:-5.33, K:10.00, B:0.50
[2026-06-01 04:51:16,802] DEBUG: No valid transitions from state swing
[2026-06-01 04:51:16,802] WARNING: Velocity attribute does not use the linearization map. Please calculate the velocity using the position attribute.
[2026-06-01 04:51:16,808] INFO: T:3.861, State:swing, Fz:-15.55, ThetaRef:60.00, ThetaActual:0.59, EncoderTheta:100.00, EncoderVelocity:-5.36, K:10.00, B:0.50
[2026-06-01 04:51:16,810] DEBUG: No valid transitions from state swing
[2026-06-01 04:51:16,810] WARNING: Velocity attribute does not use the linearization map. Please calculate the velocity using the position attribute.
[2026-06-01 04:51:16,816] INFO: T:3.870, State:swing, Fz:-13.62, ThetaRef:60.00, ThetaActual:0.67, EncoderTheta:100.06, EncoderVelocity:8.04, K:10.00, B:0.50
[2026-06-01 04:51:16,819] DEBUG: No valid transitions from state swing
[2026-06-01 04:51:16,819] WARNING: Velocity attribute does not use the linearization map. Please calculate the velocity using the position attribute.
[2026-06-01 04:51:16,824] INFO: T:3.878, State:swing, Fz:-12.67, ThetaRef:60.00, ThetaActual:0.72, EncoderTheta:100.04, EncoderVelocity:-2.69, K:10.00, B:0.50
[2026-06-01 04:51:16,827] DEBUG: No valid transitions from state swing
[2026-06-01 04:51:16,827] WARNING: Velocity attribute does not use the linearization map. Please calculate the velocity using the position attribute.
[2026-06-01 04:51:16,832] INFO: T:3.886, State:swing, Fz:-14.96, ThetaRef:60.00, ThetaActual:0.79, EncoderTheta:100.09, EncoderVelocity:5.34, K:10.00, B:0.50
[2026-06-01 04:51:16,835] DEBUG: No valid transitions from state swing
[2026-06-01 04:51:16,835] WARNING: Velocity attribute does not use the linearization map. Please calculate the velocity using the position attribute.
[2026-06-01 04:51:16,841] INFO: T:3.894, State:swing, Fz:-13.25, ThetaRef:60.00, ThetaActual:0.85, EncoderTheta:100.02, EncoderVelocity:-7.86, K:10.00, B:0.50
[2026-06-01 04:51:16,843] DEBUG: No valid transitions from state swing
[2026-06-01 04:51:16,844] WARNING: Velocity attribute does not use the linearization map. Please calculate the velocity using the position attribute.
[2026-06-01 04:51:16,849] INFO: T:3.903, State:swing, Fz:-12.40, ThetaRef:60.00, ThetaActual:0.88, EncoderTheta:100.02, EncoderVelocity:0.00, K:10.00, B:0.50
[2026-06-01 04:51:16,852] DEBUG: No valid transitions from state swing
[2026-06-01 04:51:16,852] WARNING: Velocity attribute does not use the linearization map. Please calculate the velocity using the position attribute.
[2026-06-01 04:51:16,858] INFO: T:3.911, State:swing, Fz:-12.75, ThetaRef:60.00, ThetaActual:0.90, EncoderTheta:100.04, EncoderVelocity:2.61, K:10.00, B:0.50
[2026-06-01 04:51:16,860] DEBUG: No valid transitions from state swing
[2026-06-01 04:51:16,860] WARNING: Velocity attribute does not use the linearization map. Please calculate the velocity using the position attribute.
[2026-06-01 04:51:16,866] INFO: T:3.919, State:swing, Fz:-12.97, ThetaRef:60.00, ThetaActual:0.91, EncoderTheta:100.02, EncoderVelocity:-2.65, K:10.00, B:0.50
[2026-06-01 04:51:16,868] DEBUG: No valid transitions from state swing
[2026-06-01 04:51:16,868] WARNING: Velocity attribute does not use the linearization map. Please calculate the velocity using the position attribute.
[2026-06-01 04:51:16,874] INFO: T:3.928, State:swing, Fz:-13.65, ThetaRef:60.00, ThetaActual:0.91, EncoderTheta:100.04, EncoderVelocity:2.66, K:10.00, B:0.50
[2026-06-01 04:51:16,877] DEBUG: No valid transitions from state swing
[2026-06-01 04:51:16,877] WARNING: Velocity attribute does not use the linearization map. Please calculate the velocity using the position attribute.
[2026-06-01 04:51:16,882] INFO: T:3.936, State:swing, Fz:-12.69, ThetaRef:60.00, ThetaActual:0.91, EncoderTheta:99.98, EncoderVelocity:-7.96, K:10.00, B:0.50
[2026-06-01 04:51:16,885] DEBUG: No valid transitions from state swing
[2026-06-01 04:51:16,885] WARNING: Velocity attribute does not use the linearization map. Please calculate the velocity using the position attribute.
[2026-06-01 04:51:16,891] INFO: T:3.944, State:swing, Fz:-9.44, ThetaRef:60.00, ThetaActual:0.91, EncoderTheta:99.89, EncoderVelocity:-10.64, K:10.00, B:0.50
[2026-06-01 04:51:16,893] DEBUG: No valid transitions from state swing
[2026-06-01 04:51:16,893] WARNING: Velocity attribute does not use the linearization map. Please calculate the velocity using the position attribute.
[2026-06-01 04:51:16,899] INFO: T:3.952, State:swing, Fz:-7.48, ThetaRef:60.00, ThetaActual:0.91, EncoderTheta:99.89, EncoderVelocity:0.00, K:10.00, B:0.50
[2026-06-01 04:51:16,901] DEBUG: No valid transitions from state swing
[2026-06-01 04:51:16,902] WARNING: Velocity attribute does not use the linearization map. Please calculate the velocity using the position attribute.
[2026-06-01 04:51:16,907] INFO: T:3.961, State:swing, Fz:-4.99, ThetaRef:60.00, ThetaActual:0.91, EncoderTheta:99.82, EncoderVelocity:-7.89, K:10.00, B:0.50
[2026-06-01 04:51:16,910] DEBUG: No valid transitions from state swing
[2026-06-01 04:51:16,910] WARNING: Velocity attribute does not use the linearization map. Please calculate the velocity using the position attribute.
[2026-06-01 04:51:16,915] INFO: T:3.969, State:swing, Fz:-2.05, ThetaRef:60.00, ThetaActual:0.92, EncoderTheta:99.80, EncoderVelocity:-2.62, K:10.00, B:0.50
[2026-06-01 04:51:16,918] DEBUG: No valid transitions from state swing
[2026-06-01 04:51:16,918] WARNING: Velocity attribute does not use the linearization map. Please calculate the velocity using the position attribute.
[2026-06-01 04:51:16,924] INFO: T:3.977, State:swing, Fz:-0.33, ThetaRef:60.00, ThetaActual:0.92, EncoderTheta:99.82, EncoderVelocity:2.64, K:10.00, B:0.50
[2026-06-01 04:51:16,927] DEBUG: No valid transitions from state swing
[2026-06-01 04:51:16,927] WARNING: Velocity attribute does not use the linearization map. Please calculate the velocity using the position attribute.
[2026-06-01 04:51:16,932] INFO: T:3.986, State:swing, Fz:2.94, ThetaRef:60.00, ThetaActual:0.92, EncoderTheta:99.87, EncoderVelocity:5.25, K:10.00, B:0.50
[2026-06-01 04:51:16,935] DEBUG: No valid transitions from state swing
[2026-06-01 04:51:16,935] WARNING: Velocity attribute does not use the linearization map. Please calculate the velocity using the position attribute.
[2026-06-01 04:51:16,940] INFO: T:3.994, State:swing, Fz:2.46, ThetaRef:60.00, ThetaActual:0.92, EncoderTheta:99.84, EncoderVelocity:-2.69, K:10.00, B:0.50
[2026-06-01 04:51:16,943] DEBUG: No valid transitions from state swing
[2026-06-01 04:51:16,943] WARNING: Velocity attribute does not use the linearization map. Please calculate the velocity using the position attribute.
[2026-06-01 04:51:16,949] INFO: T:4.002, State:swing, Fz:3.10, ThetaRef:60.00, ThetaActual:0.92, EncoderTheta:99.82, EncoderVelocity:-2.65, K:10.00, B:0.50
[2026-06-01 04:51:16,951] DEBUG: No valid transitions from state swing
[2026-06-01 04:51:16,951] WARNING: Velocity attribute does not use the linearization map. Please calculate the velocity using the position attribute.
[2026-06-01 04:51:16,957] INFO: T:4.010, State:swing, Fz:5.54, ThetaRef:60.00, ThetaActual:0.92, EncoderTheta:99.80, EncoderVelocity:-2.67, K:10.00, B:0.50
[2026-06-01 04:51:16,959] DEBUG: No valid transitions from state swing
[2026-06-01 04:51:16,960] WARNING: Velocity attribute does not use the linearization map. Please calculate the velocity using the position attribute.
[2026-06-01 04:51:16,965] INFO: T:4.019, State:swing, Fz:6.41, ThetaRef:60.00, ThetaActual:0.92, EncoderTheta:99.82, EncoderVelocity:2.67, K:10.00, B:0.50
[2026-06-01 04:51:16,968] DEBUG: No valid transitions from state swing
[2026-06-01 04:51:16,968] WARNING: Velocity attribute does not use the linearization map. Please calculate the velocity using the position attribute.
[2026-06-01 04:51:16,973] INFO: T:4.027, State:swing, Fz:6.59, ThetaRef:60.00, ThetaActual:0.92, EncoderTheta:99.87, EncoderVelocity:5.31, K:10.00, B:0.50
[2026-06-01 04:51:16,976] DEBUG: No valid transitions from state swing
[2026-06-01 04:51:16,976] WARNING: Velocity attribute does not use the linearization map. Please calculate the velocity using the position attribute.
[2026-06-01 04:51:16,982] INFO: T:4.035, State:swing, Fz:6.19, ThetaRef:60.00, ThetaActual:0.92, EncoderTheta:99.82, EncoderVelocity:-5.32, K:10.00, B:0.50
[2026-06-01 04:51:16,984] DEBUG: No valid transitions from state swing
[2026-06-01 04:51:16,984] WARNING: Velocity attribute does not use the linearization map. Please calculate the velocity using the position attribute.
[2026-06-01 04:51:16,990] INFO: T:4.044, State:swing, Fz:4.95, ThetaRef:60.00, ThetaActual:0.92, EncoderTheta:99.87, EncoderVelocity:5.26, K:10.00, B:0.50
[2026-06-01 04:51:16,993] DEBUG: No valid transitions from state swing
[2026-06-01 04:51:16,993] WARNING: Velocity attribute does not use the linearization map. Please calculate the velocity using the position attribute.
[2026-06-01 04:51:16,998] INFO: T:4.052, State:swing, Fz:4.01, ThetaRef:60.00, ThetaActual:0.92, EncoderTheta:99.89, EncoderVelocity:2.64, K:10.00, B:0.50
[2026-06-01 04:51:17,001] DEBUG: No valid transitions from state swing
[2026-06-01 04:51:17,001] WARNING: Velocity attribute does not use the linearization map. Please calculate the velocity using the position attribute.
[2026-06-01 04:51:17,007] INFO: T:4.060, State:swing, Fz:3.24, ThetaRef:60.00, ThetaActual:0.92, EncoderTheta:99.89, EncoderVelocity:0.00, K:10.00, B:0.50
[2026-06-01 04:51:17,009] DEBUG: No valid transitions from state swing
[2026-06-01 04:51:17,010] WARNING: Velocity attribute does not use the linearization map. Please calculate the velocity using the position attribute.
[2026-06-01 04:51:17,015] INFO: T:4.069, State:swing, Fz:3.64, ThetaRef:60.00, ThetaActual:0.92, EncoderTheta:99.89, EncoderVelocity:0.00, K:10.00, B:0.50
[2026-06-01 04:51:17,018] DEBUG: No valid transitions from state swing
[2026-06-01 04:51:17,018] WARNING: Velocity attribute does not use the linearization map. Please calculate the velocity using the position attribute.
[2026-06-01 04:51:17,024] INFO: T:4.077, State:swing, Fz:3.46, ThetaRef:60.00, ThetaActual:0.92, EncoderTheta:99.89, EncoderVelocity:0.00, K:10.00, B:0.50
[2026-06-01 04:51:17,026] DEBUG: No valid transitions from state swing
[2026-06-01 04:51:17,027] WARNING: Velocity attribute does not use the linearization map. Please calculate the velocity using the position attribute.
[2026-06-01 04:51:17,032] INFO: T:4.086, State:swing, Fz:0.86, ThetaRef:60.00, ThetaActual:0.92, EncoderTheta:99.91, EncoderVelocity:2.58, K:10.00, B:0.50
[2026-06-01 04:51:17,035] DEBUG: No valid transitions from state swing
[2026-06-01 04:51:17,035] WARNING: Velocity attribute does not use the linearization map. Please calculate the velocity using the position attribute.
[2026-06-01 04:51:17,041] INFO: T:4.094, State:swing, Fz:-1.14, ThetaRef:60.00, ThetaActual:0.92, EncoderTheta:99.95, EncoderVelocity:5.21, K:10.00, B:0.50
[2026-06-01 04:51:17,043] DEBUG: No valid transitions from state swing
[2026-06-01 04:51:17,043] WARNING: Velocity attribute does not use the linearization map. Please calculate the velocity using the position attribute.
[2026-06-01 04:51:17,049] INFO: T:4.102, State:swing, Fz:-2.65, ThetaRef:60.00, ThetaActual:0.92, EncoderTheta:99.98, EncoderVelocity:2.65, K:10.00, B:0.50
[2026-06-01 04:51:17,052] DEBUG: No valid transitions from state swing
[2026-06-01 04:51:17,052] WARNING: Velocity attribute does not use the linearization map. Please calculate the velocity using the position attribute.
[2026-06-01 04:51:17,057] INFO: T:4.111, State:swing, Fz:-5.29, ThetaRef:60.00, ThetaActual:0.92, EncoderTheta:100.02, EncoderVelocity:5.27, K:10.00, B:0.50
[2026-06-01 04:51:17,060] DEBUG: No valid transitions from state swing
[2026-06-01 04:51:17,060] WARNING: Velocity attribute does not use the linearization map. Please calculate the velocity using the position attribute.
[2026-06-01 04:51:17,066] INFO: T:4.119, State:swing, Fz:-7.84, ThetaRef:60.00, ThetaActual:0.92, EncoderTheta:100.04, EncoderVelocity:2.62, K:10.00, B:0.50
[2026-06-01 04:51:17,068] DEBUG: No valid transitions from state swing
[2026-06-01 04:51:17,068] WARNING: Velocity attribute does not use the linearization map. Please calculate the velocity using the position attribute.
[2026-06-01 04:51:17,074] INFO: T:4.127, State:swing, Fz:-8.77, ThetaRef:60.00, ThetaActual:0.92, EncoderTheta:100.06, EncoderVelocity:2.65, K:10.00, B:0.50
[2026-06-01 04:51:17,076] DEBUG: No valid transitions from state swing
[2026-06-01 04:51:17,076] WARNING: Velocity attribute does not use the linearization map. Please calculate the velocity using the position attribute.
[2026-06-01 04:51:17,082] INFO: T:4.136, State:swing, Fz:-9.45, ThetaRef:60.00, ThetaActual:0.92, EncoderTheta:100.02, EncoderVelocity:-5.35, K:10.00, B:0.50
[2026-06-01 04:51:17,085] DEBUG: No valid transitions from state swing
[2026-06-01 04:51:17,085] WARNING: Velocity attribute does not use the linearization map. Please calculate the velocity using the position attribute.
[2026-06-01 04:51:17,090] INFO: T:4.144, State:swing, Fz:-9.42, ThetaRef:60.00, ThetaActual:0.92, EncoderTheta:100.00, EncoderVelocity:-2.67, K:10.00, B:0.50
[2026-06-01 04:51:17,093] DEBUG: No valid transitions from state swing
[2026-06-01 04:51:17,093] WARNING: Velocity attribute does not use the linearization map. Please calculate the velocity using the position attribute.
[2026-06-01 04:51:17,099] INFO: T:4.152, State:swing, Fz:-11.44, ThetaRef:60.00, ThetaActual:0.92, EncoderTheta:100.06, EncoderVelocity:7.95, K:10.00, B:0.50
[2026-06-01 04:51:17,101] DEBUG: No valid transitions from state swing
[2026-06-01 04:51:17,101] WARNING: Velocity attribute does not use the linearization map. Please calculate the velocity using the position attribute.
[2026-06-01 04:51:17,107] INFO: T:4.160, State:swing, Fz:-11.47, ThetaRef:60.00, ThetaActual:0.92, EncoderTheta:100.04, EncoderVelocity:-2.65, K:10.00, B:0.50
[2026-06-01 04:51:17,109] DEBUG: No valid transitions from state swing
[2026-06-01 04:51:17,110] WARNING: Velocity attribute does not use the linearization map. Please calculate the velocity using the position attribute.
[2026-06-01 04:51:17,115] INFO: T:4.169, State:swing, Fz:-9.49, ThetaRef:60.00, ThetaActual:0.92, EncoderTheta:100.00, EncoderVelocity:-5.32, K:10.00, B:0.50
[2026-06-01 04:51:17,118] DEBUG: No valid transitions from state swing
[2026-06-01 04:51:17,118] WARNING: Velocity attribute does not use the linearization map. Please calculate the velocity using the position attribute.
[2026-06-01 04:51:17,123] INFO: T:4.177, State:swing, Fz:-9.97, ThetaRef:60.00, ThetaActual:0.92, EncoderTheta:100.02, EncoderVelocity:2.68, K:10.00, B:0.50
[2026-06-01 04:51:17,126] DEBUG: No valid transitions from state swing
[2026-06-01 04:51:17,126] WARNING: Velocity attribute does not use the linearization map. Please calculate the velocity using the position attribute.
[2026-06-01 04:51:17,132] INFO: T:4.185, State:swing, Fz:-9.37, ThetaRef:60.00, ThetaActual:0.92, EncoderTheta:100.02, EncoderVelocity:0.00, K:10.00, B:0.50
[2026-06-01 04:51:17,134] DEBUG: No valid transitions from state swing
[2026-06-01 04:51:17,134] WARNING: Velocity attribute does not use the linearization map. Please calculate the velocity using the position attribute.
[2026-06-01 04:51:17,140] INFO: T:4.193, State:swing, Fz:-11.86, ThetaRef:60.00, ThetaActual:0.92, EncoderTheta:100.02, EncoderVelocity:0.00, K:10.00, B:0.50
[2026-06-01 04:51:17,142] DEBUG: No valid transitions from state swing
[2026-06-01 04:51:17,143] WARNING: Velocity attribute does not use the linearization map. Please calculate the velocity using the position attribute.
[2026-06-01 04:51:17,148] INFO: T:4.202, State:swing, Fz:-12.29, ThetaRef:60.00, ThetaActual:0.92, EncoderTheta:100.04, EncoderVelocity:2.67, K:10.00, B:0.50
[2026-06-01 04:51:17,151] DEBUG: No valid transitions from state swing
[2026-06-01 04:51:17,151] WARNING: Velocity attribute does not use the linearization map. Please calculate the velocity using the position attribute.
[2026-06-01 04:51:17,156] INFO: T:4.210, State:swing, Fz:-14.06, ThetaRef:60.00, ThetaActual:0.92, EncoderTheta:100.04, EncoderVelocity:0.00, K:10.00, B:0.50
[2026-06-01 04:51:17,159] DEBUG: No valid transitions from state swing
[2026-06-01 04:51:17,159] WARNING: Velocity attribute does not use the linearization map. Please calculate the velocity using the position attribute.
[2026-06-01 04:51:17,165] INFO: T:4.218, State:swing, Fz:-15.93, ThetaRef:60.00, ThetaActual:0.92, EncoderTheta:100.02, EncoderVelocity:-2.67, K:10.00, B:0.50
[2026-06-01 04:51:17,167] DEBUG: No valid transitions from state swing
[2026-06-01 04:51:17,167] WARNING: Velocity attribute does not use the linearization map. Please calculate the velocity using the position attribute.
[2026-06-01 04:51:17,173] INFO: T:4.227, State:swing, Fz:-15.89, ThetaRef:60.00, ThetaActual:0.92, EncoderTheta:100.04, EncoderVelocity:2.61, K:10.00, B:0.50
[2026-06-01 04:51:17,176] DEBUG: No valid transitions from state swing
[2026-06-01 04:51:17,176] WARNING: Velocity attribute does not use the linearization map. Please calculate the velocity using the position attribute.
[2026-06-01 04:51:17,181] INFO: T:4.235, State:swing, Fz:-16.84, ThetaRef:60.00, ThetaActual:0.92, EncoderTheta:100.04, EncoderVelocity:0.00, K:10.00, B:0.50
[2026-06-01 04:51:17,184] DEBUG: No valid transitions from state swing
[2026-06-01 04:51:17,184] WARNING: Velocity attribute does not use the linearization map. Please calculate the velocity using the position attribute.
[2026-06-01 04:51:17,190] INFO: T:4.243, State:swing, Fz:-17.58, ThetaRef:60.00, ThetaActual:0.92, EncoderTheta:100.04, EncoderVelocity:0.00, K:10.00, B:0.50
[2026-06-01 04:51:17,192] DEBUG: No valid transitions from state swing
[2026-06-01 04:51:17,192] WARNING: Velocity attribute does not use the linearization map. Please calculate the velocity using the position attribute.
[2026-06-01 04:51:17,198] INFO: T:4.251, State:swing, Fz:-18.14, ThetaRef:60.00, ThetaActual:0.92, EncoderTheta:100.04, EncoderVelocity:0.00, K:10.00, B:0.50
[2026-06-01 04:51:17,201] DEBUG: No valid transitions from state swing
[2026-06-01 04:51:17,201] WARNING: Velocity attribute does not use the linearization map. Please calculate the velocity using the position attribute.
[2026-06-01 04:51:17,206] INFO: T:4.260, State:swing, Fz:-18.57, ThetaRef:60.00, ThetaActual:0.92, EncoderTheta:100.02, EncoderVelocity:-2.64, K:10.00, B:0.50
[2026-06-01 04:51:17,209] DEBUG: No valid transitions from state swing
[2026-06-01 04:51:17,209] WARNING: Velocity attribute does not use the linearization map. Please calculate the velocity using the position attribute.
[2026-06-01 04:51:17,215] INFO: T:4.268, State:swing, Fz:-18.37, ThetaRef:60.00, ThetaActual:0.92, EncoderTheta:100.02, EncoderVelocity:0.00, K:10.00, B:0.50
[2026-06-01 04:51:17,217] DEBUG: No valid transitions from state swing
[2026-06-01 04:51:17,217] WARNING: Velocity attribute does not use the linearization map. Please calculate the velocity using the position attribute.
[2026-06-01 04:51:17,223] INFO: T:4.276, State:swing, Fz:-18.25, ThetaRef:60.00, ThetaActual:0.92, EncoderTheta:100.04, EncoderVelocity:2.65, K:10.00, B:0.50
[2026-06-01 04:51:17,225] DEBUG: No valid transitions from state swing
[2026-06-01 04:51:17,226] WARNING: Velocity attribute does not use the linearization map. Please calculate the velocity using the position attribute.
[2026-06-01 04:51:17,231] INFO: T:4.285, State:swing, Fz:-18.14, ThetaRef:60.00, ThetaActual:0.92, EncoderTheta:100.04, EncoderVelocity:0.00, K:10.00, B:0.50
[2026-06-01 04:51:17,234] DEBUG: No valid transitions from state swing
[2026-06-01 04:51:17,234] WARNING: Velocity attribute does not use the linearization map. Please calculate the velocity using the position attribute.
[2026-06-01 04:51:17,239] INFO: T:4.293, State:swing, Fz:-17.08, ThetaRef:60.00, ThetaActual:0.92, EncoderTheta:100.00, EncoderVelocity:-5.29, K:10.00, B:0.50
[2026-06-01 04:51:17,242] DEBUG: No valid transitions from state swing
[2026-06-01 04:51:17,242] WARNING: Velocity attribute does not use the linearization map. Please calculate the velocity using the position attribute.
[2026-06-01 04:51:17,248] INFO: T:4.301, State:swing, Fz:-18.24, ThetaRef:60.00, ThetaActual:0.92, EncoderTheta:100.00, EncoderVelocity:0.00, K:10.00, B:0.50
[2026-06-01 04:51:17,250] DEBUG: No valid transitions from state swing
[2026-06-01 04:51:17,250] WARNING: Velocity attribute does not use the linearization map. Please calculate the velocity using the position attribute.
[2026-06-01 04:51:17,256] INFO: T:4.310, State:swing, Fz:-21.11, ThetaRef:60.00, ThetaActual:0.92, EncoderTheta:100.04, EncoderVelocity:5.30, K:10.00, B:0.50
[2026-06-01 04:51:17,259] DEBUG: No valid transitions from state swing
[2026-06-01 04:51:17,259] WARNING: Velocity attribute does not use the linearization map. Please calculate the velocity using the position attribute.
[2026-06-01 04:51:17,264] INFO: T:4.318, State:swing, Fz:-21.33, ThetaRef:60.00, ThetaActual:0.92, EncoderTheta:99.98, EncoderVelocity:-7.93, K:10.00, B:0.50
[2026-06-01 04:51:17,267] DEBUG: No valid transitions from state swing
[2026-06-01 04:51:17,267] WARNING: Velocity attribute does not use the linearization map. Please calculate the velocity using the position attribute.
[2026-06-01 04:51:17,273] INFO: T:4.326, State:swing, Fz:-22.97, ThetaRef:60.00, ThetaActual:0.92, EncoderTheta:100.02, EncoderVelocity:5.33, K:10.00, B:0.50
[2026-06-01 04:51:17,275] DEBUG: No valid transitions from state swing
[2026-06-01 04:51:17,275] WARNING: Velocity attribute does not use the linearization map. Please calculate the velocity using the position attribute.
[2026-06-01 04:51:17,281] INFO: T:4.334, State:swing, Fz:-22.77, ThetaRef:60.00, ThetaActual:0.92, EncoderTheta:100.00, EncoderVelocity:-2.64, K:10.00, B:0.50
[2026-06-01 04:51:17,284] DEBUG: No valid transitions from state swing
[2026-06-01 04:51:17,284] WARNING: Velocity attribute does not use the linearization map. Please calculate the velocity using the position attribute.
[2026-06-01 04:51:17,289] INFO: T:4.343, State:swing, Fz:-25.09, ThetaRef:60.00, ThetaActual:0.92, EncoderTheta:100.04, EncoderVelocity:5.22, K:10.00, B:0.50
[2026-06-01 04:51:17,292] DEBUG: No valid transitions from state swing
[2026-06-01 04:51:17,292] WARNING: Velocity attribute does not use the linearization map. Please calculate the velocity using the position attribute.
[2026-06-01 04:51:17,298] INFO: T:4.351, State:swing, Fz:-26.38, ThetaRef:60.00, ThetaActual:0.92, EncoderTheta:100.11, EncoderVelocity:7.78, K:10.00, B:0.50
[2026-06-01 04:51:17,300] DEBUG: No valid transitions from state swing
[2026-06-01 04:51:17,301] WARNING: Velocity attribute does not use the linearization map. Please calculate the velocity using the position attribute.
[2026-06-01 04:51:17,306] INFO: T:4.360, State:swing, Fz:-29.35, ThetaRef:60.00, ThetaActual:0.92, EncoderTheta:100.04, EncoderVelocity:-7.92, K:10.00, B:0.50
[2026-06-01 04:51:17,309] DEBUG: No valid transitions from state swing
[2026-06-01 04:51:17,309] WARNING: Velocity attribute does not use the linearization map. Please calculate the velocity using the position attribute.
[2026-06-01 04:51:17,314] INFO: T:4.368, State:swing, Fz:-32.09, ThetaRef:60.00, ThetaActual:0.92, EncoderTheta:100.06, EncoderVelocity:2.67, K:10.00, B:0.50
[2026-06-01 04:51:17,317] DEBUG: No valid transitions from state swing
[2026-06-01 04:51:17,317] WARNING: Velocity attribute does not use the linearization map. Please calculate the velocity using the position attribute.
[2026-06-01 04:51:17,323] INFO: T:4.376, State:swing, Fz:-32.24, ThetaRef:60.00, ThetaActual:0.92, EncoderTheta:100.04, EncoderVelocity:-2.65, K:10.00, B:0.50
[2026-06-01 04:51:17,325] DEBUG: No valid transitions from state swing
[2026-06-01 04:51:17,325] WARNING: Velocity attribute does not use the linearization map. Please calculate the velocity using the position attribute.
[2026-06-01 04:51:17,331] INFO: T:4.384, State:swing, Fz:-33.32, ThetaRef:60.00, ThetaActual:0.92, EncoderTheta:100.04, EncoderVelocity:0.00, K:10.00, B:0.50
[2026-06-01 04:51:17,334] DEBUG: No valid transitions from state swing
[2026-06-01 04:51:17,334] WARNING: Velocity attribute does not use the linearization map. Please calculate the velocity using the position attribute.
[2026-06-01 04:51:17,339] INFO: T:4.393, State:swing, Fz:-34.65, ThetaRef:60.00, ThetaActual:0.92, EncoderTheta:100.06, EncoderVelocity:2.65, K:10.00, B:0.50
[2026-06-01 04:51:17,342] DEBUG: No valid transitions from state swing
[2026-06-01 04:51:17,342] WARNING: Velocity attribute does not use the linearization map. Please calculate the velocity using the position attribute.
[2026-06-01 04:51:17,347] INFO: T:4.401, State:swing, Fz:-34.65, ThetaRef:60.00, ThetaActual:0.92, EncoderTheta:100.00, EncoderVelocity:-8.10, K:10.00, B:0.50
[2026-06-01 04:51:17,350] DEBUG: No valid transitions from state swing
[2026-06-01 04:51:17,350] WARNING: Velocity attribute does not use the linearization map. Please calculate the velocity using the position attribute.
[2026-06-01 04:51:17,356] INFO: T:4.409, State:swing, Fz:-35.64, ThetaRef:60.00, ThetaActual:0.92, EncoderTheta:100.02, EncoderVelocity:2.65, K:10.00, B:0.50
[2026-06-01 04:51:17,358] DEBUG: No valid transitions from state swing
[2026-06-01 04:51:17,358] WARNING: Velocity attribute does not use the linearization map. Please calculate the velocity using the position attribute.
[2026-06-01 04:51:17,364] INFO: T:4.417, State:swing, Fz:-33.92, ThetaRef:60.00, ThetaActual:0.92, EncoderTheta:100.04, EncoderVelocity:2.66, K:10.00, B:0.50
[2026-06-01 04:51:17,366] DEBUG: No valid transitions from state swing
[2026-06-01 04:51:17,366] WARNING: Velocity attribute does not use the linearization map. Please calculate the velocity using the position attribute.
[2026-06-01 04:51:17,372] INFO: T:4.426, State:swing, Fz:-33.07, ThetaRef:60.00, ThetaActual:0.92, EncoderTheta:100.02, EncoderVelocity:-2.68, K:10.00, B:0.50
[2026-06-01 04:51:17,375] DEBUG: No valid transitions from state swing
[2026-06-01 04:51:17,375] WARNING: Velocity attribute does not use the linearization map. Please calculate the velocity using the position attribute.
[2026-06-01 04:51:17,380] INFO: T:4.434, State:swing, Fz:-31.41, ThetaRef:60.00, ThetaActual:0.92, EncoderTheta:100.06, EncoderVelocity:5.29, K:10.00, B:0.50
[2026-06-01 04:51:17,383] DEBUG: No valid transitions from state swing
[2026-06-01 04:51:17,383] WARNING: Velocity attribute does not use the linearization map. Please calculate the velocity using the position attribute.
[2026-06-01 04:51:17,388] INFO: T:4.442, State:swing, Fz:-28.65, ThetaRef:60.00, ThetaActual:0.92, EncoderTheta:100.11, EncoderVelocity:5.38, K:10.00, B:0.50
[2026-06-01 04:51:17,391] DEBUG: No valid transitions from state swing
[2026-06-01 04:51:17,391] WARNING: Velocity attribute does not use the linearization map. Please calculate the velocity using the position attribute.
[2026-06-01 04:51:17,397] INFO: T:4.450, State:swing, Fz:-26.07, ThetaRef:60.00, ThetaActual:0.92, EncoderTheta:99.98, EncoderVelocity:-16.06, K:10.00, B:0.50
[2026-06-01 04:51:17,399] DEBUG: No valid transitions from state swing
[2026-06-01 04:51:17,399] WARNING: Velocity attribute does not use the linearization map. Please calculate the velocity using the position attribute.
[2026-06-01 04:51:17,405] INFO: T:4.459, State:swing, Fz:-21.10, ThetaRef:60.00, ThetaActual:0.92, EncoderTheta:100.04, EncoderVelocity:7.96, K:10.00, B:0.50
[2026-06-01 04:51:17,408] DEBUG: No valid transitions from state swing
[2026-06-01 04:51:17,408] WARNING: Velocity attribute does not use the linearization map. Please calculate the velocity using the position attribute.
[2026-06-01 04:51:17,413] INFO: T:4.467, State:swing, Fz:-18.31, ThetaRef:60.00, ThetaActual:0.92, EncoderTheta:100.02, EncoderVelocity:-2.66, K:10.00, B:0.50
[2026-06-01 04:51:17,416] DEBUG: No valid transitions from state swing
[2026-06-01 04:51:17,416] WARNING: Velocity attribute does not use the linearization map. Please calculate the velocity using the position attribute.
[2026-06-01 04:51:17,422] INFO: T:4.475, State:swing, Fz:-15.19, ThetaRef:60.00, ThetaActual:0.92, EncoderTheta:100.06, EncoderVelocity:5.29, K:10.00, B:0.50
[2026-06-01 04:51:17,424] DEBUG: No valid transitions from state swing
[2026-06-01 04:51:17,424] WARNING: Velocity attribute does not use the linearization map. Please calculate the velocity using the position attribute.
[2026-06-01 04:51:17,430] INFO: T:4.484, State:swing, Fz:-12.83, ThetaRef:60.00, ThetaActual:0.92, EncoderTheta:99.98, EncoderVelocity:-10.46, K:10.00, B:0.50
[2026-06-01 04:51:17,433] DEBUG: No valid transitions from state swing
[2026-06-01 04:51:17,433] WARNING: Velocity attribute does not use the linearization map. Please calculate the velocity using the position attribute.
[2026-06-01 04:51:17,438] INFO: T:4.492, State:swing, Fz:-10.54, ThetaRef:60.00, ThetaActual:0.92, EncoderTheta:99.93, EncoderVelocity:-5.26, K:10.00, B:0.50
[2026-06-01 04:51:17,441] DEBUG: No valid transitions from state swing
[2026-06-01 04:51:17,441] WARNING: Velocity attribute does not use the linearization map. Please calculate the velocity using the position attribute.
[2026-06-01 04:51:17,447] INFO: T:4.500, State:swing, Fz:-5.82, ThetaRef:60.00, ThetaActual:0.92, EncoderTheta:99.89, EncoderVelocity:-5.32, K:10.00, B:0.50
[2026-06-01 04:51:17,449] DEBUG: No valid transitions from state swing
[2026-06-01 04:51:17,449] WARNING: Velocity attribute does not use the linearization map. Please calculate the velocity using the position attribute.
[2026-06-01 04:51:17,455] INFO: T:4.509, State:swing, Fz:-2.20, ThetaRef:60.00, ThetaActual:0.92, EncoderTheta:99.78, EncoderVelocity:-13.11, K:10.00, B:0.50
[2026-06-01 04:51:17,458] DEBUG: No valid transitions from state swing
[2026-06-01 04:51:17,458] WARNING: Velocity attribute does not use the linearization map. Please calculate the velocity using the position attribute.
[2026-06-01 04:51:17,463] INFO: T:4.517, State:swing, Fz:4.54, ThetaRef:60.00, ThetaActual:0.92, EncoderTheta:99.80, EncoderVelocity:2.65, K:10.00, B:0.50
[2026-06-01 04:51:17,466] DEBUG: No valid transitions from state swing
[2026-06-01 04:51:17,466] WARNING: Velocity attribute does not use the linearization map. Please calculate the velocity using the position attribute.
[2026-06-01 04:51:17,472] INFO: T:4.525, State:swing, Fz:10.16, ThetaRef:60.00, ThetaActual:0.94, EncoderTheta:99.73, EncoderVelocity:-7.84, K:10.00, B:0.50
[2026-06-01 04:51:17,474] DEBUG: No valid transitions from state swing
[2026-06-01 04:51:17,474] WARNING: Velocity attribute does not use the linearization map. Please calculate the velocity using the position attribute.
[2026-06-01 04:51:17,480] INFO: T:4.534, State:swing, Fz:11.41, ThetaRef:60.00, ThetaActual:0.97, EncoderTheta:99.67, EncoderVelocity:-8.01, K:10.00, B:0.50
[2026-06-01 04:51:17,483] DEBUG: No valid transitions from state swing
[2026-06-01 04:51:17,483] WARNING: Velocity attribute does not use the linearization map. Please calculate the velocity using the position attribute.
[2026-06-01 04:51:17,488] INFO: T:4.542, State:swing, Fz:13.81, ThetaRef:60.00, ThetaActual:1.04, EncoderTheta:99.56, EncoderVelocity:-13.11, K:10.00, B:0.50
[2026-06-01 04:51:17,491] DEBUG: No valid transitions from state swing
[2026-06-01 04:51:17,491] WARNING: Velocity attribute does not use the linearization map. Please calculate the velocity using the position attribute.
[2026-06-01 04:51:17,497] INFO: T:4.550, State:swing, Fz:18.68, ThetaRef:60.00, ThetaActual:1.15, EncoderTheta:99.45, EncoderVelocity:-13.38, K:10.00, B:0.50
[2026-06-01 04:51:17,499] DEBUG: No valid transitions from state swing
[2026-06-01 04:51:17,499] WARNING: Velocity attribute does not use the linearization map. Please calculate the velocity using the position attribute.
[2026-06-01 04:51:17,505] INFO: T:4.558, State:swing, Fz:21.85, ThetaRef:60.00, ThetaActual:1.23, EncoderTheta:99.23, EncoderVelocity:-26.27, K:10.00, B:0.50
[2026-06-01 04:51:17,508] DEBUG: No valid transitions from state swing
[2026-06-01 04:51:17,508] WARNING: Velocity attribute does not use the linearization map. Please calculate the velocity using the position attribute.
[2026-06-01 04:51:17,514] INFO: T:4.567, State:swing, Fz:24.82, ThetaRef:60.00, ThetaActual:1.41, EncoderTheta:99.05, EncoderVelocity:-20.48, K:10.00, B:0.50
[2026-06-01 04:51:17,516] DEBUG: No valid transitions from state swing
[2026-06-01 04:51:17,516] WARNING: Velocity attribute does not use the linearization map. Please calculate the velocity using the position attribute.
[2026-06-01 04:51:17,522] INFO: T:4.576, State:swing, Fz:29.49, ThetaRef:60.00, ThetaActual:1.65, EncoderTheta:98.83, EncoderVelocity:-25.90, K:10.00, B:0.50
[2026-06-01 04:51:17,525] DEBUG: No valid transitions from state swing
[2026-06-01 04:51:17,525] WARNING: Velocity attribute does not use the linearization map. Please calculate the velocity using the position attribute.
[2026-06-01 04:51:17,530] INFO: T:4.584, State:swing, Fz:32.08, ThetaRef:60.00, ThetaActual:1.93, EncoderTheta:98.53, EncoderVelocity:-36.77, K:10.00, B:0.50
[2026-06-01 04:51:17,533] DEBUG: No valid transitions from state swing
[2026-06-01 04:51:17,533] WARNING: Velocity attribute does not use the linearization map. Please calculate the velocity using the position attribute.
[2026-06-01 04:51:17,539] INFO: T:4.592, State:swing, Fz:33.56, ThetaRef:60.00, ThetaActual:2.10, EncoderTheta:98.28, EncoderVelocity:-29.01, K:10.00, B:0.50
[2026-06-01 04:51:17,541] DEBUG: No valid transitions from state swing
[2026-06-01 04:51:17,541] WARNING: Velocity attribute does not use the linearization map. Please calculate the velocity using the position attribute.
[2026-06-01 04:51:17,547] INFO: T:4.600, State:swing, Fz:38.14, ThetaRef:60.00, ThetaActual:2.47, EncoderTheta:97.89, EncoderVelocity:-48.00, K:10.00, B:0.50
[2026-06-01 04:51:17,550] DEBUG: No valid transitions from state swing
[2026-06-01 04:51:17,550] WARNING: Velocity attribute does not use the linearization map. Please calculate the velocity using the position attribute.
[2026-06-01 04:51:17,555] INFO: T:4.609, State:swing, Fz:38.66, ThetaRef:60.00, ThetaActual:2.89, EncoderTheta:97.49, EncoderVelocity:-47.70, K:10.00, B:0.50
[2026-06-01 04:51:17,558] DEBUG: No valid transitions from state swing
[2026-06-01 04:51:17,558] WARNING: Velocity attribute does not use the linearization map. Please calculate the velocity using the position attribute.
[2026-06-01 04:51:17,564] INFO: T:4.617, State:swing, Fz:41.07, ThetaRef:60.00, ThetaActual:3.12, EncoderTheta:97.12, EncoderVelocity:-44.44, K:10.00, B:0.50
[2026-06-01 04:51:17,566] DEBUG: No valid transitions from state swing
[2026-06-01 04:51:17,566] WARNING: Velocity attribute does not use the linearization map. Please calculate the velocity using the position attribute.
[2026-06-01 04:51:17,572] INFO: T:4.626, State:swing, Fz:42.42, ThetaRef:60.00, ThetaActual:3.63, EncoderTheta:96.61, EncoderVelocity:-60.34, K:10.00, B:0.50
[2026-06-01 04:51:17,575] DEBUG: No valid transitions from state swing
[2026-06-01 04:51:17,575] WARNING: Velocity attribute does not use the linearization map. Please calculate the velocity using the position attribute.
[2026-06-01 04:51:17,580] INFO: T:4.634, State:swing, Fz:42.95, ThetaRef:60.00, ThetaActual:4.19, EncoderTheta:96.11, EncoderVelocity:-61.09, K:10.00, B:0.50
[2026-06-01 04:51:17,583] DEBUG: No valid transitions from state swing
[2026-06-01 04:51:17,583] WARNING: Velocity attribute does not use the linearization map. Please calculate the velocity using the position attribute.
[2026-06-01 04:51:17,589] INFO: T:4.642, State:swing, Fz:44.85, ThetaRef:60.00, ThetaActual:4.50, EncoderTheta:95.62, EncoderVelocity:-57.56, K:10.00, B:0.50
[2026-06-01 04:51:17,591] DEBUG: No valid transitions from state swing
[2026-06-01 04:51:17,591] WARNING: Velocity attribute does not use the linearization map. Please calculate the velocity using the position attribute.
[2026-06-01 04:51:17,597] INFO: T:4.650, State:swing, Fz:48.28, ThetaRef:60.00, ThetaActual:5.16, EncoderTheta:95.03, EncoderVelocity:-72.09, K:10.00, B:0.50
[2026-06-01 04:51:17,600] DEBUG: No valid transitions from state swing
[2026-06-01 04:51:17,600] WARNING: Velocity attribute does not use the linearization map. Please calculate the velocity using the position attribute.
[2026-06-01 04:51:17,605] INFO: T:4.659, State:swing, Fz:48.92, ThetaRef:60.00, ThetaActual:5.89, EncoderTheta:94.39, EncoderVelocity:-76.83, K:10.00, B:0.50
[2026-06-01 04:51:17,608] DEBUG: No valid transitions from state swing
[2026-06-01 04:51:17,608] WARNING: Velocity attribute does not use the linearization map. Please calculate the velocity using the position attribute.
[2026-06-01 04:51:17,613] INFO: T:4.667, State:swing, Fz:49.45, ThetaRef:60.00, ThetaActual:6.27, EncoderTheta:93.78, EncoderVelocity:-74.96, K:10.00, B:0.50
[2026-06-01 04:51:17,616] DEBUG: No valid transitions from state swing
[2026-06-01 04:51:17,616] WARNING: Velocity attribute does not use the linearization map. Please calculate the velocity using the position attribute.
[2026-06-01 04:51:17,622] INFO: T:4.675, State:swing, Fz:47.37, ThetaRef:60.00, ThetaActual:7.07, EncoderTheta:93.03, EncoderVelocity:-89.76, K:10.00, B:0.50
[2026-06-01 04:51:17,624] DEBUG: No valid transitions from state swing
[2026-06-01 04:51:17,624] WARNING: Velocity attribute does not use the linearization map. Please calculate the velocity using the position attribute.
[2026-06-01 04:51:17,630] INFO: T:4.684, State:swing, Fz:48.73, ThetaRef:60.00, ThetaActual:7.49, EncoderTheta:92.40, EncoderVelocity:-77.65, K:10.00, B:0.50
[2026-06-01 04:51:17,633] DEBUG: No valid transitions from state swing
[2026-06-01 04:51:17,633] WARNING: Velocity attribute does not use the linearization map. Please calculate the velocity using the position attribute.
[2026-06-01 04:51:17,638] INFO: T:4.692, State:swing, Fz:51.27, ThetaRef:60.00, ThetaActual:8.36, EncoderTheta:91.60, EncoderVelocity:-94.69, K:10.00, B:0.50
[2026-06-01 04:51:17,641] DEBUG: No valid transitions from state swing
[2026-06-01 04:51:17,641] WARNING: Velocity attribute does not use the linearization map. Please calculate the velocity using the position attribute.
[2026-06-01 04:51:17,646] INFO: T:4.700, State:swing, Fz:51.74, ThetaRef:60.00, ThetaActual:9.28, EncoderTheta:90.88, EncoderVelocity:-89.01, K:10.00, B:0.50
[2026-06-01 04:51:17,649] DEBUG: No valid transitions from state swing
[2026-06-01 04:51:17,649] WARNING: Velocity attribute does not use the linearization map. Please calculate the velocity using the position attribute.
[2026-06-01 04:51:17,655] INFO: T:4.708, State:swing, Fz:52.10, ThetaRef:60.00, ThetaActual:9.75, EncoderTheta:90.11, EncoderVelocity:-92.82, K:10.00, B:0.50
[2026-06-01 04:51:17,657] DEBUG: No valid transitions from state swing
[2026-06-01 04:51:17,657] WARNING: Velocity attribute does not use the linearization map. Please calculate the velocity using the position attribute.
[2026-06-01 04:51:17,663] INFO: T:4.716, State:swing, Fz:49.90, ThetaRef:60.00, ThetaActual:10.69, EncoderTheta:89.34, EncoderVelocity:-93.51, K:10.00, B:0.50
[2026-06-01 04:51:17,666] DEBUG: No valid transitions from state swing
[2026-06-01 04:51:17,666] WARNING: Velocity attribute does not use the linearization map. Please calculate the velocity using the position attribute.
[2026-06-01 04:51:17,671] INFO: T:4.725, State:swing, Fz:50.70, ThetaRef:60.00, ThetaActual:11.64, EncoderTheta:88.53, EncoderVelocity:-98.06, K:10.00, B:0.50
[2026-06-01 04:51:17,674] DEBUG: No valid transitions from state swing
[2026-06-01 04:51:17,674] WARNING: Velocity attribute does not use the linearization map. Please calculate the velocity using the position attribute.
[2026-06-01 04:51:17,679] INFO: T:4.733, State:swing, Fz:49.34, ThetaRef:60.00, ThetaActual:12.11, EncoderTheta:87.80, EncoderVelocity:-88.06, K:10.00, B:0.50
[2026-06-01 04:51:17,682] DEBUG: No valid transitions from state swing
[2026-06-01 04:51:17,682] WARNING: Velocity attribute does not use the linearization map. Please calculate the velocity using the position attribute.
[2026-06-01 04:51:17,688] INFO: T:4.741, State:swing, Fz:47.34, ThetaRef:60.00, ThetaActual:13.04, EncoderTheta:87.12, EncoderVelocity:-81.76, K:10.00, B:0.50
[2026-06-01 04:51:17,690] DEBUG: No valid transitions from state swing
[2026-06-01 04:51:17,691] WARNING: Velocity attribute does not use the linearization map. Please calculate the velocity using the position attribute.
[2026-06-01 04:51:17,696] INFO: T:4.750, State:swing, Fz:46.78, ThetaRef:60.00, ThetaActual:13.96, EncoderTheta:86.40, EncoderVelocity:-87.75, K:10.00, B:0.50
[2026-06-01 04:51:17,699] DEBUG: No valid transitions from state swing
[2026-06-01 04:51:17,699] WARNING: Velocity attribute does not use the linearization map. Please calculate the velocity using the position attribute.
[2026-06-01 04:51:17,704] INFO: T:4.758, State:swing, Fz:42.85, ThetaRef:60.00, ThetaActual:14.41, EncoderTheta:85.67, EncoderVelocity:-86.39, K:10.00, B:0.50
[2026-06-01 04:51:17,707] DEBUG: No valid transitions from state swing
[2026-06-01 04:51:17,707] WARNING: Velocity attribute does not use the linearization map. Please calculate the velocity using the position attribute.
[2026-06-01 04:51:17,713] INFO: T:4.766, State:swing, Fz:38.89, ThetaRef:60.00, ThetaActual:15.27, EncoderTheta:84.92, EncoderVelocity:-89.17, K:10.00, B:0.50
[2026-06-01 04:51:17,716] DEBUG: No valid transitions from state swing
[2026-06-01 04:51:17,716] WARNING: Velocity attribute does not use the linearization map. Please calculate the velocity using the position attribute.
[2026-06-01 04:51:17,721] INFO: T:4.775, State:swing, Fz:37.90, ThetaRef:60.00, ThetaActual:16.09, EncoderTheta:84.24, EncoderVelocity:-81.42, K:10.00, B:0.50
[2026-06-01 04:51:17,724] DEBUG: No valid transitions from state swing
[2026-06-01 04:51:17,724] WARNING: Velocity attribute does not use the linearization map. Please calculate the velocity using the position attribute.
[2026-06-01 04:51:17,730] INFO: T:4.783, State:swing, Fz:33.15, ThetaRef:60.00, ThetaActual:16.47, EncoderTheta:83.78, EncoderVelocity:-54.57, K:10.00, B:0.50
[2026-06-01 04:51:17,732] DEBUG: No valid transitions from state swing
[2026-06-01 04:51:17,732] WARNING: Velocity attribute does not use the linearization map. Please calculate the velocity using the position attribute.
[2026-06-01 04:51:17,738] INFO: T:4.792, State:swing, Fz:31.52, ThetaRef:60.00, ThetaActual:17.19, EncoderTheta:83.19, EncoderVelocity:-70.30, K:10.00, B:0.50
[2026-06-01 04:51:17,741] DEBUG: No valid transitions from state swing
[2026-06-01 04:51:17,741] WARNING: Velocity attribute does not use the linearization map. Please calculate the velocity using the position attribute.
[2026-06-01 04:51:17,746] INFO: T:4.800, State:swing, Fz:28.30, ThetaRef:60.00, ThetaActual:17.83, EncoderTheta:82.68, EncoderVelocity:-60.88, K:10.00, B:0.50
[2026-06-01 04:51:17,749] DEBUG: No valid transitions from state swing
[2026-06-01 04:51:17,749] WARNING: Velocity attribute does not use the linearization map. Please calculate the velocity using the position attribute.
[2026-06-01 04:51:17,755] INFO: T:4.808, State:swing, Fz:23.33, ThetaRef:60.00, ThetaActual:18.13, EncoderTheta:82.31, EncoderVelocity:-44.90, K:10.00, B:0.50
[2026-06-01 04:51:17,757] DEBUG: No valid transitions from state swing
[2026-06-01 04:51:17,757] WARNING: Velocity attribute does not use the linearization map. Please calculate the velocity using the position attribute.
[2026-06-01 04:51:17,763] INFO: T:4.817, State:swing, Fz:20.54, ThetaRef:60.00, ThetaActual:18.64, EncoderTheta:81.94, EncoderVelocity:-44.99, K:10.00, B:0.50
[2026-06-01 04:51:17,766] DEBUG: No valid transitions from state swing
[2026-06-01 04:51:17,766] WARNING: Velocity attribute does not use the linearization map. Please calculate the velocity using the position attribute.
[2026-06-01 04:51:17,771] INFO: T:4.825, State:swing, Fz:20.86, ThetaRef:60.00, ThetaActual:19.05, EncoderTheta:81.69, EncoderVelocity:-29.08, K:10.00, B:0.50
[2026-06-01 04:51:17,774] DEBUG: No valid transitions from state swing
[2026-06-01 04:51:17,774] WARNING: Velocity attribute does not use the linearization map. Please calculate the velocity using the position attribute.
[2026-06-01 04:51:17,780] INFO: T:4.833, State:swing, Fz:17.65, ThetaRef:60.00, ThetaActual:19.22, EncoderTheta:81.52, EncoderVelocity:-21.16, K:10.00, B:0.50
[2026-06-01 04:51:17,782] DEBUG: No valid transitions from state swing
[2026-06-01 04:51:17,782] WARNING: Velocity attribute does not use the linearization map. Please calculate the velocity using the position attribute.
[2026-06-01 04:51:17,788] INFO: T:4.842, State:swing, Fz:17.69, ThetaRef:60.00, ThetaActual:19.45, EncoderTheta:81.50, EncoderVelocity:-2.64, K:10.00, B:0.50
[2026-06-01 04:51:17,791] DEBUG: No valid transitions from state swing
[2026-06-01 04:51:17,791] WARNING: Velocity attribute does not use the linearization map. Please calculate the velocity using the position attribute.
[2026-06-01 04:51:17,796] INFO: T:4.850, State:swing, Fz:15.70, ThetaRef:60.00, ThetaActual:19.54, EncoderTheta:81.50, EncoderVelocity:0.00, K:10.00, B:0.50
[2026-06-01 04:51:17,799] DEBUG: No valid transitions from state swing
[2026-06-01 04:51:17,799] WARNING: Velocity attribute does not use the linearization map. Please calculate the velocity using the position attribute.
[2026-06-01 04:51:17,804] INFO: T:4.858, State:swing, Fz:11.68, ThetaRef:60.00, ThetaActual:19.53, EncoderTheta:81.67, EncoderVelocity:21.08, K:10.00, B:0.50
[2026-06-01 04:51:17,807] DEBUG: No valid transitions from state swing
[2026-06-01 04:51:17,807] WARNING: Velocity attribute does not use the linearization map. Please calculate the velocity using the position attribute.
[2026-06-01 04:51:17,813] INFO: T:4.866, State:swing, Fz:9.09, ThetaRef:60.00, ThetaActual:19.47, EncoderTheta:81.78, EncoderVelocity:13.38, K:10.00, B:0.50
[2026-06-01 04:51:17,815] DEBUG: No valid transitions from state swing
[2026-06-01 04:51:17,815] WARNING: Velocity attribute does not use the linearization map. Please calculate the velocity using the position attribute.
[2026-06-01 04:51:17,821] INFO: T:4.875, State:swing, Fz:4.63, ThetaRef:60.00, ThetaActual:19.34, EncoderTheta:82.09, EncoderVelocity:36.98, K:10.00, B:0.50
[2026-06-01 04:51:17,824] DEBUG: No valid transitions from state swing
[2026-06-01 04:51:17,824] WARNING: Velocity attribute does not use the linearization map. Please calculate the velocity using the position attribute.
[2026-06-01 04:51:17,829] INFO: T:4.883, State:swing, Fz:-0.79, ThetaRef:60.00, ThetaActual:19.25, EncoderTheta:82.33, EncoderVelocity:29.25, K:10.00, B:0.50
[2026-06-01 04:51:17,832] DEBUG: No valid transitions from state swing
[2026-06-01 04:51:17,832] WARNING: Velocity attribute does not use the linearization map. Please calculate the velocity using the position attribute.
[2026-06-01 04:51:17,838] INFO: T:4.891, State:swing, Fz:-6.40, ThetaRef:60.00, ThetaActual:19.01, EncoderTheta:82.68, EncoderVelocity:41.76, K:10.00, B:0.50
[2026-06-01 04:51:17,840] DEBUG: No valid transitions from state swing
[2026-06-01 04:51:17,841] WARNING: Velocity attribute does not use the linearization map. Please calculate the velocity using the position attribute.
[2026-06-01 04:51:17,846] INFO: T:4.900, State:swing, Fz:-11.67, ThetaRef:60.00, ThetaActual:18.68, EncoderTheta:83.06, EncoderVelocity:44.85, K:10.00, B:0.50
[2026-06-01 04:51:17,849] DEBUG: No valid transitions from state swing
[2026-06-01 04:51:17,849] WARNING: Velocity attribute does not use the linearization map. Please calculate the velocity using the position attribute.
[2026-06-01 04:51:17,854] INFO: T:4.908, State:swing, Fz:-12.72, ThetaRef:60.00, ThetaActual:18.47, EncoderTheta:83.45, EncoderVelocity:47.45, K:10.00, B:0.50
[2026-06-01 04:51:17,857] DEBUG: No valid transitions from state swing
[2026-06-01 04:51:17,857] WARNING: Velocity attribute does not use the linearization map. Please calculate the velocity using the position attribute.
[2026-06-01 04:51:17,863] INFO: T:4.916, State:swing, Fz:-14.53, ThetaRef:60.00, ThetaActual:17.98, EncoderTheta:83.96, EncoderVelocity:60.21, K:10.00, B:0.50
[2026-06-01 04:51:17,865] DEBUG: No valid transitions from state swing
[2026-06-01 04:51:17,866] WARNING: Velocity attribute does not use the linearization map. Please calculate the velocity using the position attribute.
[2026-06-01 04:51:17,871] INFO: T:4.925, State:swing, Fz:-16.89, ThetaRef:60.00, ThetaActual:17.47, EncoderTheta:84.51, EncoderVelocity:66.22, K:10.00, B:0.50
[2026-06-01 04:51:17,874] DEBUG: No valid transitions from state swing
[2026-06-01 04:51:17,874] WARNING: Velocity attribute does not use the linearization map. Please calculate the velocity using the position attribute.
[2026-06-01 04:51:17,879] INFO: T:4.933, State:swing, Fz:-21.69, ThetaRef:60.00, ThetaActual:17.15, EncoderTheta:85.10, EncoderVelocity:71.19, K:10.00, B:0.50
[2026-06-01 04:51:17,882] DEBUG: No valid transitions from state swing
[2026-06-01 04:51:17,882] WARNING: Velocity attribute does not use the linearization map. Please calculate the velocity using the position attribute.
[2026-06-01 04:51:17,888] INFO: T:4.941, State:swing, Fz:-25.87, ThetaRef:60.00, ThetaActual:16.45, EncoderTheta:85.78, EncoderVelocity:81.96, K:10.00, B:0.50
[2026-06-01 04:51:17,890] DEBUG: No valid transitions from state swing
[2026-06-01 04:51:17,890] WARNING: Velocity attribute does not use the linearization map. Please calculate the velocity using the position attribute.
[2026-06-01 04:51:17,896] INFO: T:4.950, State:swing, Fz:-28.55, ThetaRef:60.00, ThetaActual:15.63, EncoderTheta:86.53, EncoderVelocity:90.12, K:10.00, B:0.50
[2026-06-01 04:51:17,899] DEBUG: No valid transitions from state swing
[2026-06-01 04:51:17,899] WARNING: Velocity attribute does not use the linearization map. Please calculate the velocity using the position attribute.
[2026-06-01 04:51:17,904] INFO: T:4.958, State:swing, Fz:-29.10, ThetaRef:60.00, ThetaActual:15.18, EncoderTheta:87.39, EncoderVelocity:103.36, K:10.00, B:0.50
[2026-06-01 04:51:17,907] DEBUG: No valid transitions from state swing
[2026-06-01 04:51:17,907] WARNING: Velocity attribute does not use the linearization map. Please calculate the velocity using the position attribute.
[2026-06-01 04:51:17,913] INFO: T:4.966, State:swing, Fz:-31.47, ThetaRef:60.00, ThetaActual:14.23, EncoderTheta:88.26, EncoderVelocity:106.78, K:10.00, B:0.50
[2026-06-01 04:51:17,915] DEBUG: No valid transitions from state swing
[2026-06-01 04:51:17,915] WARNING: Velocity attribute does not use the linearization map. Please calculate the velocity using the position attribute.
[2026-06-01 04:51:17,921] INFO: T:4.974, State:swing, Fz:-34.78, ThetaRef:60.00, ThetaActual:13.18, EncoderTheta:89.17, EncoderVelocity:107.54, K:10.00, B:0.50
[2026-06-01 04:51:17,924] DEBUG: No valid transitions from state swing
[2026-06-01 04:51:17,924] WARNING: Velocity attribute does not use the linearization map. Please calculate the velocity using the position attribute.
[2026-06-01 04:51:17,929] INFO: T:4.983, State:swing, Fz:-37.31, ThetaRef:60.00, ThetaActual:12.64, EncoderTheta:90.13, EncoderVelocity:115.36, K:10.00, B:0.50
[2026-06-01 04:51:17,932] DEBUG: No valid transitions from state swing
[2026-06-01 04:51:17,932] WARNING: Velocity attribute does not use the linearization map. Please calculate the velocity using the position attribute.
[2026-06-01 04:51:17,938] INFO: T:4.991, State:swing, Fz:-39.24, ThetaRef:60.00, ThetaActual:11.49, EncoderTheta:91.14, EncoderVelocity:122.25, K:10.00, B:0.50
[2026-06-01 04:51:17,940] DEBUG: No valid transitions from state swing
[2026-06-01 04:51:17,940] WARNING: Velocity attribute does not use the linearization map. Please calculate the velocity using the position attribute.
[2026-06-01 04:51:17,946] INFO: T:4.999, State:swing, Fz:-37.73, ThetaRef:60.00, ThetaActual:10.29, EncoderTheta:92.13, EncoderVelocity:119.29, K:10.00, B:0.50
[2026-06-01 04:51:17,948] DEBUG: No valid transitions from state swing
[2026-06-01 04:51:17,949] WARNING: Velocity attribute does not use the linearization map. Please calculate the velocity using the position attribute.
[2026-06-01 04:51:17,954] INFO: T:5.008, State:swing, Fz:-38.55, ThetaRef:60.00, ThetaActual:9.66, EncoderTheta:93.14, EncoderVelocity:121.81, K:10.00, B:0.50
[2026-06-01 04:51:17,957] DEBUG: No valid transitions from state swing
[2026-06-01 04:51:17,957] WARNING: Velocity attribute does not use the linearization map. Please calculate the velocity using the position attribute.
[2026-06-01 04:51:17,962] INFO: T:5.016, State:swing, Fz:-39.66, ThetaRef:60.00, ThetaActual:8.38, EncoderTheta:94.26, EncoderVelocity:136.14, K:10.00, B:0.50
[2026-06-01 04:51:17,965] DEBUG: No valid transitions from state swing
[2026-06-01 04:51:17,965] WARNING: Velocity attribute does not use the linearization map. Please calculate the velocity using the position attribute.
[2026-06-01 04:51:17,971] INFO: T:5.024, State:swing, Fz:-39.55, ThetaRef:60.00, ThetaActual:7.07, EncoderTheta:95.34, EncoderVelocity:131.45, K:10.00, B:0.50
[2026-06-01 04:51:17,973] DEBUG: No valid transitions from state swing
[2026-06-01 04:51:17,973] WARNING: Velocity attribute does not use the linearization map. Please calculate the velocity using the position attribute.
[2026-06-01 04:51:17,979] INFO: T:5.032, State:swing, Fz:-39.42, ThetaRef:60.00, ThetaActual:6.40, EncoderTheta:96.42, EncoderVelocity:130.62, K:10.00, B:0.50
[2026-06-01 04:51:17,981] DEBUG: No valid transitions from state swing
[2026-06-01 04:51:17,981] WARNING: Velocity attribute does not use the linearization map. Please calculate the velocity using the position attribute.
[2026-06-01 04:51:17,987] INFO: T:5.041, State:swing, Fz:-38.30, ThetaRef:60.00, ThetaActual:5.05, EncoderTheta:97.56, EncoderVelocity:139.70, K:10.00, B:0.50
[2026-06-01 04:51:17,990] DEBUG: No valid transitions from state swing
[2026-06-01 04:51:17,990] WARNING: Velocity attribute does not use the linearization map. Please calculate the velocity using the position attribute.
[2026-06-01 04:51:17,995] INFO: T:5.049, State:swing, Fz:-40.43, ThetaRef:60.00, ThetaActual:3.70, EncoderTheta:98.66, EncoderVelocity:130.80, K:10.00, B:0.50
[2026-06-01 04:51:17,998] DEBUG: No valid transitions from state swing
[2026-06-01 04:51:17,998] WARNING: Velocity attribute does not use the linearization map. Please calculate the velocity using the position attribute.
[2026-06-01 04:51:18,004] INFO: T:5.057, State:swing, Fz:-42.57, ThetaRef:60.00, ThetaActual:3.03, EncoderTheta:99.76, EncoderVelocity:131.96, K:10.00, B:0.50
[2026-06-01 04:51:18,006] WARNING: Velocity attribute does not use the linearization map. Please calculate the velocity using the position attribute.
[2026-06-01 04:51:18,012] INFO: T:5.066, State:stance, Fz:-66.78, ThetaRef:5.00, ThetaActual:1.69, EncoderTheta:100.15, EncoderVelocity:47.89, K:500.00, B:20.00
[2026-06-01 04:51:18,015] DEBUG: No valid transitions from state stance
[2026-06-01 04:51:18,015] WARNING: Velocity attribute does not use the linearization map. Please calculate the velocity using the position attribute.
[2026-06-01 04:51:18,020] INFO: T:5.074, State:stance, Fz:-114.84, ThetaRef:5.00, ThetaActual:0.39, EncoderTheta:100.17, EncoderVelocity:2.67, K:500.00, B:20.00
[2026-06-01 04:51:18,023] DEBUG: No valid transitions from state stance
[2026-06-01 04:51:18,023] WARNING: Velocity attribute does not use the linearization map. Please calculate the velocity using the position attribute.
[2026-06-01 04:51:18,029] INFO: T:5.082, State:stance, Fz:-63.17, ThetaRef:5.00, ThetaActual:-0.15, EncoderTheta:100.11, EncoderVelocity:-7.96, K:500.00, B:20.00
[2026-06-01 04:51:18,031] DEBUG: No valid transitions from state stance
[2026-06-01 04:51:18,031] WARNING: Velocity attribute does not use the linearization map. Please calculate the velocity using the position attribute.
[2026-06-01 04:51:18,037] INFO: T:5.090, State:stance, Fz:-63.22, ThetaRef:5.00, ThetaActual:-0.23, EncoderTheta:100.13, EncoderVelocity:2.61, K:500.00, B:20.00
[2026-06-01 04:51:18,040] DEBUG: No valid transitions from state stance
[2026-06-01 04:51:18,040] WARNING: Velocity attribute does not use the linearization map. Please calculate the velocity using the position attribute.
[2026-06-01 04:51:18,045] INFO: T:5.099, State:stance, Fz:-80.53, ThetaRef:5.00, ThetaActual:0.42, EncoderTheta:100.09, EncoderVelocity:-5.21, K:500.00, B:20.00
[2026-06-01 04:51:18,048] DEBUG: No valid transitions from state stance
[2026-06-01 04:51:18,048] WARNING: Velocity attribute does not use the linearization map. Please calculate the velocity using the position attribute.
[2026-06-01 04:51:18,053] INFO: T:5.107, State:stance, Fz:-60.09, ThetaRef:5.00, ThetaActual:0.56, EncoderTheta:100.04, EncoderVelocity:-5.36, K:500.00, B:20.00
[2026-06-01 04:51:18,056] DEBUG: No valid transitions from state stance
[2026-06-01 04:51:18,056] WARNING: Velocity attribute does not use the linearization map. Please calculate the velocity using the position attribute.
[2026-06-01 04:51:18,062] INFO: T:5.115, State:stance, Fz:-58.49, ThetaRef:5.00, ThetaActual:0.55, EncoderTheta:100.06, EncoderVelocity:2.66, K:500.00, B:20.00
[2026-06-01 04:51:18,065] DEBUG: No valid transitions from state stance
[2026-06-01 04:51:18,065] WARNING: Velocity attribute does not use the linearization map. Please calculate the velocity using the position attribute.
[2026-06-01 04:51:18,070] INFO: T:5.124, State:stance, Fz:-64.83, ThetaRef:5.00, ThetaActual:0.53, EncoderTheta:100.04, EncoderVelocity:-2.61, K:500.00, B:20.00
[2026-06-01 04:51:18,073] DEBUG: No valid transitions from state stance
[2026-06-01 04:51:18,073] WARNING: Velocity attribute does not use the linearization map. Please calculate the velocity using the position attribute.
[2026-06-01 04:51:18,079] INFO: T:5.132, State:stance, Fz:-54.08, ThetaRef:5.00, ThetaActual:0.53, EncoderTheta:100.02, EncoderVelocity:-2.61, K:500.00, B:20.00
[2026-06-01 04:51:18,081] DEBUG: No valid transitions from state stance
[2026-06-01 04:51:18,082] WARNING: Velocity attribute does not use the linearization map. Please calculate the velocity using the position attribute.
[2026-06-01 04:51:18,087] INFO: T:5.141, State:stance, Fz:-43.32, ThetaRef:5.00, ThetaActual:0.53, EncoderTheta:100.02, EncoderVelocity:0.00, K:500.00, B:20.00
[2026-06-01 04:51:18,090] DEBUG: No valid transitions from state stance
[2026-06-01 04:51:18,090] WARNING: Velocity attribute does not use the linearization map. Please calculate the velocity using the position attribute.
[2026-06-01 04:51:18,095] INFO: T:5.149, State:stance, Fz:-45.24, ThetaRef:5.00, ThetaActual:0.53, EncoderTheta:100.09, EncoderVelocity:7.93, K:500.00, B:20.00
[2026-06-01 04:51:18,098] DEBUG: No valid transitions from state stance
[2026-06-01 04:51:18,098] WARNING: Velocity attribute does not use the linearization map. Please calculate the velocity using the position attribute.
[2026-06-01 04:51:18,104] INFO: T:5.157, State:stance, Fz:-41.18, ThetaRef:5.00, ThetaActual:0.53, EncoderTheta:100.06, EncoderVelocity:-2.65, K:500.00, B:20.00
[2026-06-01 04:51:18,106] DEBUG: No valid transitions from state stance
[2026-06-01 04:51:18,106] WARNING: Velocity attribute does not use the linearization map. Please calculate the velocity using the position attribute.
[2026-06-01 04:51:18,112] INFO: T:5.166, State:stance, Fz:-37.07, ThetaRef:5.00, ThetaActual:0.53, EncoderTheta:100.09, EncoderVelocity:2.64, K:500.00, B:20.00
[2026-06-01 04:51:18,115] DEBUG: No valid transitions from state stance
[2026-06-01 04:51:18,115] WARNING: Velocity attribute does not use the linearization map. Please calculate the velocity using the position attribute.
[2026-06-01 04:51:18,121] INFO: T:5.174, State:stance, Fz:-34.47, ThetaRef:5.00, ThetaActual:0.53, EncoderTheta:100.04, EncoderVelocity:-5.10, K:500.00, B:20.00
[2026-06-01 04:51:18,124] DEBUG: No valid transitions from state stance
[2026-06-01 04:51:18,124] WARNING: Velocity attribute does not use the linearization map. Please calculate the velocity using the position attribute.
[2026-06-01 04:51:18,134] INFO: T:5.183, State:stance, Fz:-31.02, ThetaRef:5.00, ThetaActual:0.53, EncoderTheta:100.09, EncoderVelocity:4.92, K:500.00, B:20.00
[2026-06-01 04:51:18,137] WARNING: Velocity attribute does not use the linearization map. Please calculate the velocity using the position attribute.
[2026-06-01 04:51:18,143] INFO: T:5.196, State:swing, Fz:-26.86, ThetaRef:60.00, ThetaActual:0.53, EncoderTheta:100.04, EncoderVelocity:-3.27, K:10.00, B:0.50
[2026-06-01 04:51:18,146] DEBUG: No valid transitions from state swing
[2026-06-01 04:51:18,146] WARNING: Velocity attribute does not use the linearization map. Please calculate the velocity using the position attribute.
[2026-06-01 04:51:18,152] INFO: T:5.205, State:swing, Fz:-24.22, ThetaRef:60.00, ThetaActual:0.53, EncoderTheta:100.11, EncoderVelocity:7.64, K:10.00, B:0.50
[2026-06-01 04:51:18,155] DEBUG: No valid transitions from state swing
[2026-06-01 04:51:18,155] WARNING: Velocity attribute does not use the linearization map. Please calculate the velocity using the position attribute.
[2026-06-01 04:51:18,160] INFO: T:5.214, State:swing, Fz:-20.71, ThetaRef:60.00, ThetaActual:0.54, EncoderTheta:100.06, EncoderVelocity:-5.09, K:10.00, B:0.50
[2026-06-01 04:51:18,165] DEBUG: No valid transitions from state swing
[2026-06-01 04:51:18,165] WARNING: Velocity attribute does not use the linearization map. Please calculate the velocity using the position attribute.
[2026-06-01 04:51:18,171] INFO: T:5.224, State:swing, Fz:-18.53, ThetaRef:60.00, ThetaActual:0.60, EncoderTheta:100.04, EncoderVelocity:-2.19, K:10.00, B:0.50
[2026-06-01 04:51:18,173] DEBUG: No valid transitions from state swing
[2026-06-01 04:51:18,174] WARNING: Velocity attribute does not use the linearization map. Please calculate the velocity using the position attribute.
[2026-06-01 04:51:18,179] INFO: T:5.233, State:swing, Fz:-14.93, ThetaRef:60.00, ThetaActual:0.64, EncoderTheta:100.00, EncoderVelocity:-5.03, K:10.00, B:0.50
[2026-06-01 04:51:18,182] DEBUG: No valid transitions from state swing
[2026-06-01 04:51:18,182] WARNING: Velocity attribute does not use the linearization map. Please calculate the velocity using the position attribute.
[2026-06-01 04:51:18,188] INFO: T:5.241, State:swing, Fz:-13.64, ThetaRef:60.00, ThetaActual:0.74, EncoderTheta:100.04, EncoderVelocity:5.19, K:10.00, B:0.50
[2026-06-01 04:51:18,190] DEBUG: No valid transitions from state swing
[2026-06-01 04:51:18,190] WARNING: Velocity attribute does not use the linearization map. Please calculate the velocity using the position attribute.
[2026-06-01 04:51:18,196] INFO: T:5.249, State:swing, Fz:-12.18, ThetaRef:60.00, ThetaActual:0.83, EncoderTheta:100.04, EncoderVelocity:0.00, K:10.00, B:0.50
[2026-06-01 04:51:18,199] DEBUG: No valid transitions from state swing
[2026-06-01 04:51:18,199] WARNING: Velocity attribute does not use the linearization map. Please calculate the velocity using the position attribute.
[2026-06-01 04:51:18,204] INFO: T:5.258, State:swing, Fz:-13.04, ThetaRef:60.00, ThetaActual:0.88, EncoderTheta:99.98, EncoderVelocity:-7.88, K:10.00, B:0.50
[2026-06-01 04:51:18,207] DEBUG: No valid transitions from state swing
[2026-06-01 04:51:18,207] WARNING: Velocity attribute does not use the linearization map. Please calculate the velocity using the position attribute.
[2026-06-01 04:51:18,212] INFO: T:5.266, State:swing, Fz:-13.19, ThetaRef:60.00, ThetaActual:0.94, EncoderTheta:99.95, EncoderVelocity:-2.66, K:10.00, B:0.50
[2026-06-01 04:51:18,215] DEBUG: No valid transitions from state swing
[2026-06-01 04:51:18,215] WARNING: Velocity attribute does not use the linearization map. Please calculate the velocity using the position attribute.
[2026-06-01 04:51:18,221] INFO: T:5.274, State:swing, Fz:-12.31, ThetaRef:60.00, ThetaActual:0.96, EncoderTheta:99.89, EncoderVelocity:-7.93, K:10.00, B:0.50
[2026-06-01 04:51:18,224] DEBUG: No valid transitions from state swing
[2026-06-01 04:51:18,224] WARNING: Velocity attribute does not use the linearization map. Please calculate the velocity using the position attribute.
[2026-06-01 04:51:18,229] INFO: T:5.283, State:swing, Fz:-9.17, ThetaRef:60.00, ThetaActual:0.97, EncoderTheta:99.80, EncoderVelocity:-10.13, K:10.00, B:0.50
[2026-06-01 04:51:18,232] DEBUG: No valid transitions from state swing
[2026-06-01 04:51:18,232] WARNING: Velocity attribute does not use the linearization map. Please calculate the velocity using the position attribute.
[2026-06-01 04:51:18,238] INFO: T:5.291, State:swing, Fz:-4.74, ThetaRef:60.00, ThetaActual:0.98, EncoderTheta:99.82, EncoderVelocity:2.63, K:10.00, B:0.50
[2026-06-01 04:51:18,241] DEBUG: No valid transitions from state swing
[2026-06-01 04:51:18,241] WARNING: Velocity attribute does not use the linearization map. Please calculate the velocity using the position attribute.
[2026-06-01 04:51:18,246] INFO: T:5.300, State:swing, Fz:-4.36, ThetaRef:60.00, ThetaActual:0.99, EncoderTheta:99.80, EncoderVelocity:-2.62, K:10.00, B:0.50
[2026-06-01 04:51:18,249] DEBUG: No valid transitions from state swing
[2026-06-01 04:51:18,249] WARNING: Velocity attribute does not use the linearization map. Please calculate the velocity using the position attribute.
[2026-06-01 04:51:18,255] INFO: T:5.308, State:swing, Fz:-4.02, ThetaRef:60.00, ThetaActual:1.00, EncoderTheta:99.80, EncoderVelocity:0.00, K:10.00, B:0.50
[2026-06-01 04:51:18,257] DEBUG: No valid transitions from state swing
[2026-06-01 04:51:18,257] WARNING: Velocity attribute does not use the linearization map. Please calculate the velocity using the position attribute.
[2026-06-01 04:51:18,263] INFO: T:5.316, State:swing, Fz:-2.29, ThetaRef:60.00, ThetaActual:1.01, EncoderTheta:99.76, EncoderVelocity:-5.30, K:10.00, B:0.50
[2026-06-01 04:51:18,265] DEBUG: No valid transitions from state swing
[2026-06-01 04:51:18,265] WARNING: Velocity attribute does not use the linearization map. Please calculate the velocity using the position attribute.
[2026-06-01 04:51:18,271] INFO: T:5.325, State:swing, Fz:-3.98, ThetaRef:60.00, ThetaActual:1.03, EncoderTheta:99.71, EncoderVelocity:-5.32, K:10.00, B:0.50
[2026-06-01 04:51:18,274] DEBUG: No valid transitions from state swing
[2026-06-01 04:51:18,274] WARNING: Velocity attribute does not use the linearization map. Please calculate the velocity using the position attribute.
[2026-06-01 04:51:18,279] INFO: T:5.333, State:swing, Fz:-0.80, ThetaRef:60.00, ThetaActual:1.05, EncoderTheta:99.71, EncoderVelocity:0.00, K:10.00, B:0.50
[2026-06-01 04:51:18,282] DEBUG: No valid transitions from state swing
[2026-06-01 04:51:18,282] WARNING: Velocity attribute does not use the linearization map. Please calculate the velocity using the position attribute.
[2026-06-01 04:51:18,288] INFO: T:5.341, State:swing, Fz:-1.34, ThetaRef:60.00, ThetaActual:1.08, EncoderTheta:99.67, EncoderVelocity:-5.33, K:10.00, B:0.50
[2026-06-01 04:51:18,290] DEBUG: No valid transitions from state swing
[2026-06-01 04:51:18,290] WARNING: Velocity attribute does not use the linearization map. Please calculate the velocity using the position attribute.
[2026-06-01 04:51:18,296] INFO: T:5.350, State:swing, Fz:-1.26, ThetaRef:60.00, ThetaActual:1.12, EncoderTheta:99.65, EncoderVelocity:-2.62, K:10.00, B:0.50
[2026-06-01 04:51:18,299] DEBUG: No valid transitions from state swing
[2026-06-01 04:51:18,299] WARNING: Velocity attribute does not use the linearization map. Please calculate the velocity using the position attribute.
[2026-06-01 04:51:18,304] INFO: T:5.358, State:swing, Fz:0.28, ThetaRef:60.00, ThetaActual:1.14, EncoderTheta:99.60, EncoderVelocity:-5.29, K:10.00, B:0.50
[2026-06-01 04:51:18,307] DEBUG: No valid transitions from state swing
[2026-06-01 04:51:18,307] WARNING: Velocity attribute does not use the linearization map. Please calculate the velocity using the position attribute.
[2026-06-01 04:51:18,313] INFO: T:5.366, State:swing, Fz:-1.54, ThetaRef:60.00, ThetaActual:1.18, EncoderTheta:99.54, EncoderVelocity:-7.99, K:10.00, B:0.50
[2026-06-01 04:51:18,315] DEBUG: No valid transitions from state swing
[2026-06-01 04:51:18,315] WARNING: Velocity attribute does not use the linearization map. Please calculate the velocity using the position attribute.
[2026-06-01 04:51:18,321] INFO: T:5.375, State:swing, Fz:-1.47, ThetaRef:60.00, ThetaActual:1.22, EncoderTheta:99.56, EncoderVelocity:2.62, K:10.00, B:0.50
[2026-06-01 04:51:18,324] DEBUG: No valid transitions from state swing
[2026-06-01 04:51:18,324] WARNING: Velocity attribute does not use the linearization map. Please calculate the velocity using the position attribute.
[2026-06-01 04:51:18,330] INFO: T:5.383, State:swing, Fz:-1.40, ThetaRef:60.00, ThetaActual:1.24, EncoderTheta:99.56, EncoderVelocity:0.00, K:10.00, B:0.50
[2026-06-01 04:51:18,332] DEBUG: No valid transitions from state swing
[2026-06-01 04:51:18,332] WARNING: Velocity attribute does not use the linearization map. Please calculate the velocity using the position attribute.
[2026-06-01 04:51:18,338] INFO: T:5.391, State:swing, Fz:-1.86, ThetaRef:60.00, ThetaActual:1.27, EncoderTheta:99.56, EncoderVelocity:0.00, K:10.00, B:0.50
[2026-06-01 04:51:18,341] DEBUG: No valid transitions from state swing
[2026-06-01 04:51:18,341] WARNING: Velocity attribute does not use the linearization map. Please calculate the velocity using the position attribute.
[2026-06-01 04:51:18,346] INFO: T:5.400, State:swing, Fz:-1.24, ThetaRef:60.00, ThetaActual:1.29, EncoderTheta:99.58, EncoderVelocity:2.62, K:10.00, B:0.50
[2026-06-01 04:51:18,349] DEBUG: No valid transitions from state swing
[2026-06-01 04:51:18,349] WARNING: Velocity attribute does not use the linearization map. Please calculate the velocity using the position attribute.
[2026-06-01 04:51:18,354] INFO: T:5.408, State:swing, Fz:-1.24, ThetaRef:60.00, ThetaActual:1.30, EncoderTheta:99.60, EncoderVelocity:2.68, K:10.00, B:0.50
[2026-06-01 04:51:18,357] DEBUG: No valid transitions from state swing
[2026-06-01 04:51:18,357] WARNING: Velocity attribute does not use the linearization map. Please calculate the velocity using the position attribute.
[2026-06-01 04:51:18,363] INFO: T:5.416, State:swing, Fz:-3.25, ThetaRef:60.00, ThetaActual:1.30, EncoderTheta:99.58, EncoderVelocity:-2.62, K:10.00, B:0.50
[2026-06-01 04:51:18,365] DEBUG: No valid transitions from state swing
[2026-06-01 04:51:18,366] WARNING: Velocity attribute does not use the linearization map. Please calculate the velocity using the position attribute.
[2026-06-01 04:51:18,371] INFO: T:5.425, State:swing, Fz:-4.26, ThetaRef:60.00, ThetaActual:1.30, EncoderTheta:99.65, EncoderVelocity:7.95, K:10.00, B:0.50
[2026-06-01 04:51:18,374] DEBUG: No valid transitions from state swing
[2026-06-01 04:51:18,374] WARNING: Velocity attribute does not use the linearization map. Please calculate the velocity using the position attribute.
[2026-06-01 04:51:18,379] INFO: T:5.433, State:swing, Fz:-6.03, ThetaRef:60.00, ThetaActual:1.30, EncoderTheta:99.67, EncoderVelocity:2.66, K:10.00, B:0.50
[2026-06-01 04:51:18,382] DEBUG: No valid transitions from state swing
[2026-06-01 04:51:18,382] WARNING: Velocity attribute does not use the linearization map. Please calculate the velocity using the position attribute.
[2026-06-01 04:51:18,388] INFO: T:5.441, State:swing, Fz:-8.39, ThetaRef:60.00, ThetaActual:1.30, EncoderTheta:99.67, EncoderVelocity:0.00, K:10.00, B:0.50
[2026-06-01 04:51:18,390] DEBUG: No valid transitions from state swing
[2026-06-01 04:51:18,390] WARNING: Velocity attribute does not use the linearization map. Please calculate the velocity using the position attribute.
[2026-06-01 04:51:18,396] INFO: T:5.449, State:swing, Fz:-8.17, ThetaRef:60.00, ThetaActual:1.30, EncoderTheta:99.76, EncoderVelocity:10.63, K:10.00, B:0.50
[2026-06-01 04:51:18,398] DEBUG: No valid transitions from state swing
[2026-06-01 04:51:18,399] WARNING: Velocity attribute does not use the linearization map. Please calculate the velocity using the position attribute.
[2026-06-01 04:51:18,404] INFO: T:5.458, State:swing, Fz:-10.98, ThetaRef:60.00, ThetaActual:1.30, EncoderTheta:99.78, EncoderVelocity:2.66, K:10.00, B:0.50
[2026-06-01 04:51:18,407] DEBUG: No valid transitions from state swing
[2026-06-01 04:51:18,407] WARNING: Velocity attribute does not use the linearization map. Please calculate the velocity using the position attribute.
[2026-06-01 04:51:18,412] INFO: T:5.466, State:swing, Fz:-11.68, ThetaRef:60.00, ThetaActual:1.30, EncoderTheta:99.82, EncoderVelocity:5.32, K:10.00, B:0.50
[2026-06-01 04:51:18,415] DEBUG: No valid transitions from state swing
[2026-06-01 04:51:18,415] WARNING: Velocity attribute does not use the linearization map. Please calculate the velocity using the position attribute.
[2026-06-01 04:51:18,421] INFO: T:5.474, State:swing, Fz:-12.18, ThetaRef:60.00, ThetaActual:1.30, EncoderTheta:99.82, EncoderVelocity:0.00, K:10.00, B:0.50
[2026-06-01 04:51:18,423] DEBUG: No valid transitions from state swing
[2026-06-01 04:51:18,424] WARNING: Velocity attribute does not use the linearization map. Please calculate the velocity using the position attribute.
[2026-06-01 04:51:18,429] INFO: T:5.483, State:swing, Fz:-14.53, ThetaRef:60.00, ThetaActual:1.30, EncoderTheta:99.82, EncoderVelocity:0.00, K:10.00, B:0.50
[2026-06-01 04:51:18,432] DEBUG: No valid transitions from state swing
[2026-06-01 04:51:18,432] WARNING: Velocity attribute does not use the linearization map. Please calculate the velocity using the position attribute.
[2026-06-01 04:51:18,437] INFO: T:5.491, State:swing, Fz:-14.84, ThetaRef:60.00, ThetaActual:1.30, EncoderTheta:99.84, EncoderVelocity:2.65, K:10.00, B:0.50
[2026-06-01 04:51:18,440] DEBUG: No valid transitions from state swing
[2026-06-01 04:51:18,440] WARNING: Velocity attribute does not use the linearization map. Please calculate the velocity using the position attribute.
[2026-06-01 04:51:18,446] INFO: T:5.499, State:swing, Fz:-18.04, ThetaRef:60.00, ThetaActual:1.30, EncoderTheta:99.95, EncoderVelocity:13.32, K:10.00, B:0.50
[2026-06-01 04:51:18,449] DEBUG: No valid transitions from state swing
[2026-06-01 04:51:18,449] WARNING: Velocity attribute does not use the linearization map. Please calculate the velocity using the position attribute.
[2026-06-01 04:51:18,454] INFO: T:5.508, State:swing, Fz:-20.50, ThetaRef:60.00, ThetaActual:1.30, EncoderTheta:99.98, EncoderVelocity:2.57, K:10.00, B:0.50
[2026-06-01 04:51:18,457] DEBUG: No valid transitions from state swing
[2026-06-01 04:51:18,457] WARNING: Velocity attribute does not use the linearization map. Please calculate the velocity using the position attribute.
[2026-06-01 04:51:18,462] INFO: T:5.516, State:swing, Fz:-19.41, ThetaRef:60.00, ThetaActual:1.29, EncoderTheta:100.04, EncoderVelocity:7.96, K:10.00, B:0.50
[2026-06-01 04:51:18,465] DEBUG: No valid transitions from state swing
[2026-06-01 04:51:18,465] WARNING: Velocity attribute does not use the linearization map. Please calculate the velocity using the position attribute.
[2026-06-01 04:51:18,471] INFO: T:5.524, State:swing, Fz:-24.53, ThetaRef:60.00, ThetaActual:1.29, EncoderTheta:100.02, EncoderVelocity:-2.65, K:10.00, B:0.50
[2026-06-01 04:51:18,473] DEBUG: No valid transitions from state swing
[2026-06-01 04:51:18,473] WARNING: Velocity attribute does not use the linearization map. Please calculate the velocity using the position attribute.
[2026-06-01 04:51:18,479] INFO: T:5.533, State:swing, Fz:-25.45, ThetaRef:60.00, ThetaActual:1.29, EncoderTheta:100.02, EncoderVelocity:0.00, K:10.00, B:0.50
[2026-06-01 04:51:18,482] DEBUG: No valid transitions from state swing
[2026-06-01 04:51:18,482] WARNING: Velocity attribute does not use the linearization map. Please calculate the velocity using the position attribute.
[2026-06-01 04:51:18,490] INFO: T:5.541, State:swing, Fz:-23.15, ThetaRef:60.00, ThetaActual:1.29, EncoderTheta:100.06, EncoderVelocity:5.32, K:10.00, B:0.50
[2026-06-01 04:51:18,492] DEBUG: No valid transitions from state swing
[2026-06-01 04:51:18,492] WARNING: Velocity attribute does not use the linearization map. Please calculate the velocity using the position attribute.
[2026-06-01 04:51:18,498] INFO: T:5.552, State:swing, Fz:-23.93, ThetaRef:60.00, ThetaActual:1.29, EncoderTheta:100.04, EncoderVelocity:-2.06, K:10.00, B:0.50
[2026-06-01 04:51:18,501] DEBUG: No valid transitions from state swing
[2026-06-01 04:51:18,501] WARNING: Velocity attribute does not use the linearization map. Please calculate the velocity using the position attribute.
[2026-06-01 04:51:18,506] INFO: T:5.560, State:swing, Fz:-25.03, ThetaRef:60.00, ThetaActual:1.29, EncoderTheta:100.00, EncoderVelocity:-5.25, K:10.00, B:0.50
[2026-06-01 04:51:18,509] DEBUG: No valid transitions from state swing
[2026-06-01 04:51:18,509] WARNING: Velocity attribute does not use the linearization map. Please calculate the velocity using the position attribute.
[2026-06-01 04:51:18,515] INFO: T:5.568, State:swing, Fz:-23.34, ThetaRef:60.00, ThetaActual:1.29, EncoderTheta:100.00, EncoderVelocity:0.00, K:10.00, B:0.50
[2026-06-01 04:51:18,518] DEBUG: No valid transitions from state swing
[2026-06-01 04:51:18,518] WARNING: Velocity attribute does not use the linearization map. Please calculate the velocity using the position attribute.
[2026-06-01 04:51:18,524] INFO: T:5.577, State:swing, Fz:-20.60, ThetaRef:60.00, ThetaActual:1.29, EncoderTheta:100.00, EncoderVelocity:0.00, K:10.00, B:0.50
[2026-06-01 04:51:18,526] DEBUG: No valid transitions from state swing
[2026-06-01 04:51:18,526] WARNING: Velocity attribute does not use the linearization map. Please calculate the velocity using the position attribute.
[2026-06-01 04:51:18,532] INFO: T:5.586, State:swing, Fz:-21.44, ThetaRef:60.00, ThetaActual:1.29, EncoderTheta:99.98, EncoderVelocity:-2.61, K:10.00, B:0.50
[2026-06-01 04:51:18,535] DEBUG: No valid transitions from state swing
[2026-06-01 04:51:18,535] WARNING: Velocity attribute does not use the linearization map. Please calculate the velocity using the position attribute.
[2026-06-01 04:51:18,540] INFO: T:5.594, State:swing, Fz:-22.09, ThetaRef:60.00, ThetaActual:1.29, EncoderTheta:99.98, EncoderVelocity:0.00, K:10.00, B:0.50
[2026-06-01 04:51:18,543] DEBUG: No valid transitions from state swing
[2026-06-01 04:51:18,543] WARNING: Velocity attribute does not use the linearization map. Please calculate the velocity using the position attribute.
[2026-06-01 04:51:18,549] INFO: T:5.602, State:swing, Fz:-22.08, ThetaRef:60.00, ThetaActual:1.29, EncoderTheta:100.00, EncoderVelocity:2.66, K:10.00, B:0.50
[2026-06-01 04:51:18,551] DEBUG: No valid transitions from state swing
[2026-06-01 04:51:18,551] WARNING: Velocity attribute does not use the linearization map. Please calculate the velocity using the position attribute.
[2026-06-01 04:51:18,557] INFO: T:5.610, State:swing, Fz:-25.05, ThetaRef:60.00, ThetaActual:1.29, EncoderTheta:100.04, EncoderVelocity:5.30, K:10.00, B:0.50
[2026-06-01 04:51:18,559] DEBUG: No valid transitions from state swing
[2026-06-01 04:51:18,560] WARNING: Velocity attribute does not use the linearization map. Please calculate the velocity using the position attribute.
[2026-06-01 04:51:18,565] INFO: T:5.619, State:swing, Fz:-25.35, ThetaRef:60.00, ThetaActual:1.29, EncoderTheta:100.04, EncoderVelocity:0.00, K:10.00, B:0.50
[2026-06-01 04:51:18,568] DEBUG: No valid transitions from state swing
[2026-06-01 04:51:18,568] WARNING: Velocity attribute does not use the linearization map. Please calculate the velocity using the position attribute.
[2026-06-01 04:51:18,573] INFO: T:5.627, State:swing, Fz:-26.55, ThetaRef:60.00, ThetaActual:1.29, EncoderTheta:100.02, EncoderVelocity:-2.66, K:10.00, B:0.50
[2026-06-01 04:51:18,576] DEBUG: No valid transitions from state swing
[2026-06-01 04:51:18,576] WARNING: Velocity attribute does not use the linearization map. Please calculate the velocity using the position attribute.
[2026-06-01 04:51:18,582] INFO: T:5.635, State:swing, Fz:-28.45, ThetaRef:60.00, ThetaActual:1.29, EncoderTheta:100.06, EncoderVelocity:5.38, K:10.00, B:0.50
[2026-06-01 04:51:18,584] DEBUG: No valid transitions from state swing
[2026-06-01 04:51:18,584] WARNING: Velocity attribute does not use the linearization map. Please calculate the velocity using the position attribute.
[2026-06-01 04:51:18,590] INFO: T:5.643, State:swing, Fz:-28.90, ThetaRef:60.00, ThetaActual:1.29, EncoderTheta:100.06, EncoderVelocity:0.00, K:10.00, B:0.50
[2026-06-01 04:51:18,593] DEBUG: No valid transitions from state swing
[2026-06-01 04:51:18,593] WARNING: Velocity attribute does not use the linearization map. Please calculate the velocity using the position attribute.
[2026-06-01 04:51:18,598] INFO: T:5.652, State:swing, Fz:-33.26, ThetaRef:60.00, ThetaActual:1.29, EncoderTheta:100.02, EncoderVelocity:-5.19, K:10.00, B:0.50
[2026-06-01 04:51:18,601] DEBUG: No valid transitions from state swing
[2026-06-01 04:51:18,601] WARNING: Velocity attribute does not use the linearization map. Please calculate the velocity using the position attribute.
[2026-06-01 04:51:18,606] INFO: T:5.660, State:swing, Fz:-33.60, ThetaRef:60.00, ThetaActual:1.29, EncoderTheta:100.00, EncoderVelocity:-2.68, K:10.00, B:0.50
[2026-06-01 04:51:18,609] DEBUG: No valid transitions from state swing
[2026-06-01 04:51:18,609] WARNING: Velocity attribute does not use the linearization map. Please calculate the velocity using the position attribute.
[2026-06-01 04:51:18,615] INFO: T:5.669, State:swing, Fz:-34.85, ThetaRef:60.00, ThetaActual:1.29, EncoderTheta:100.02, EncoderVelocity:2.59, K:10.00, B:0.50
[2026-06-01 04:51:18,618] DEBUG: No valid transitions from state swing
[2026-06-01 04:51:18,618] WARNING: Velocity attribute does not use the linearization map. Please calculate the velocity using the position attribute.
[2026-06-01 04:51:18,623] INFO: T:5.677, State:swing, Fz:-38.76, ThetaRef:60.00, ThetaActual:1.29, EncoderTheta:100.04, EncoderVelocity:2.65, K:10.00, B:0.50
[2026-06-01 04:51:18,626] DEBUG: No valid transitions from state swing
[2026-06-01 04:51:18,626] WARNING: Velocity attribute does not use the linearization map. Please calculate the velocity using the position attribute.
[2026-06-01 04:51:18,631] INFO: T:5.685, State:swing, Fz:-41.73, ThetaRef:60.00, ThetaActual:1.29, EncoderTheta:100.02, EncoderVelocity:-2.69, K:10.00, B:0.50
[2026-06-01 04:51:18,634] WARNING: Velocity attribute does not use the linearization map. Please calculate the velocity using the position attribute.
[2026-06-01 04:51:18,640] INFO: T:5.693, State:stance, Fz:-44.97, ThetaRef:5.00, ThetaActual:1.29, EncoderTheta:100.09, EncoderVelocity:7.95, K:500.00, B:20.00
[2026-06-01 04:51:18,645] DEBUG: No valid transitions from state stance
[2026-06-01 04:51:18,645] WARNING: Velocity attribute does not use the linearization map. Please calculate the velocity using the position attribute.
[2026-06-01 04:51:18,651] INFO: T:5.702, State:stance, Fz:-45.49, ThetaRef:5.00, ThetaActual:1.29, EncoderTheta:100.04, EncoderVelocity:-5.31, K:500.00, B:20.00
[2026-06-01 04:51:18,653] DEBUG: No valid transitions from state stance
[2026-06-01 04:51:18,654] WARNING: Velocity attribute does not use the linearization map. Please calculate the velocity using the position attribute.
[2026-06-01 04:51:18,659] INFO: T:5.713, State:stance, Fz:-45.88, ThetaRef:5.00, ThetaActual:1.29, EncoderTheta:100.02, EncoderVelocity:-1.99, K:500.00, B:20.00
[2026-06-01 04:51:18,662] DEBUG: No valid transitions from state stance
[2026-06-01 04:51:18,662] WARNING: Velocity attribute does not use the linearization map. Please calculate the velocity using the position attribute.
[2026-06-01 04:51:18,668] INFO: T:5.721, State:stance, Fz:-46.69, ThetaRef:5.00, ThetaActual:1.12, EncoderTheta:100.06, EncoderVelocity:5.12, K:500.00, B:20.00
[2026-06-01 04:51:18,670] DEBUG: No valid transitions from state stance
[2026-06-01 04:51:18,670] WARNING: Velocity attribute does not use the linearization map. Please calculate the velocity using the position attribute.
[2026-06-01 04:51:18,676] INFO: T:5.730, State:stance, Fz:-46.31, ThetaRef:5.00, ThetaActual:0.89, EncoderTheta:100.02, EncoderVelocity:-5.25, K:500.00, B:20.00
[2026-06-01 04:51:18,679] DEBUG: No valid transitions from state stance
[2026-06-01 04:51:18,679] WARNING: Velocity attribute does not use the linearization map. Please calculate the velocity using the position attribute.
[2026-06-01 04:51:18,684] INFO: T:5.738, State:stance, Fz:-48.94, ThetaRef:5.00, ThetaActual:0.79, EncoderTheta:100.04, EncoderVelocity:2.60, K:500.00, B:20.00
[2026-06-01 04:51:18,687] DEBUG: No valid transitions from state stance
[2026-06-01 04:51:18,687] WARNING: Velocity attribute does not use the linearization map. Please calculate the velocity using the position attribute.
[2026-06-01 04:51:18,693] INFO: T:5.746, State:stance, Fz:-49.46, ThetaRef:5.00, ThetaActual:0.67, EncoderTheta:100.09, EncoderVelocity:5.27, K:500.00, B:20.00
[2026-06-01 04:51:18,695] DEBUG: No valid transitions from state stance
[2026-06-01 04:51:18,696] WARNING: Velocity attribute does not use the linearization map. Please calculate the velocity using the position attribute.
[2026-06-01 04:51:18,701] INFO: T:5.755, State:stance, Fz:-47.88, ThetaRef:5.00, ThetaActual:0.64, EncoderTheta:100.04, EncoderVelocity:-5.29, K:500.00, B:20.00
[2026-06-01 04:51:18,704] DEBUG: No valid transitions from state stance
[2026-06-01 04:51:18,704] WARNING: Velocity attribute does not use the linearization map. Please calculate the velocity using the position attribute.
[2026-06-01 04:51:18,709] INFO: T:5.763, State:stance, Fz:-48.62, ThetaRef:5.00, ThetaActual:0.63, EncoderTheta:100.04, EncoderVelocity:0.00, K:500.00, B:20.00
[2026-06-01 04:51:18,712] DEBUG: No valid transitions from state stance
[2026-06-01 04:51:18,712] WARNING: Velocity attribute does not use the linearization map. Please calculate the velocity using the position attribute.
[2026-06-01 04:51:18,718] INFO: T:5.771, State:stance, Fz:-47.24, ThetaRef:5.00, ThetaActual:0.63, EncoderTheta:100.02, EncoderVelocity:-2.64, K:500.00, B:20.00
[2026-06-01 04:51:18,720] DEBUG: No valid transitions from state stance
[2026-06-01 04:51:18,720] WARNING: Velocity attribute does not use the linearization map. Please calculate the velocity using the position attribute.
[2026-06-01 04:51:18,726] INFO: T:5.780, State:stance, Fz:-42.21, ThetaRef:5.00, ThetaActual:0.63, EncoderTheta:100.02, EncoderVelocity:0.00, K:500.00, B:20.00
[2026-06-01 04:51:18,729] DEBUG: No valid transitions from state stance
[2026-06-01 04:51:18,729] WARNING: Velocity attribute does not use the linearization map. Please calculate the velocity using the position attribute.
[2026-06-01 04:51:18,734] INFO: T:5.788, State:stance, Fz:-38.37, ThetaRef:5.00, ThetaActual:0.63, EncoderTheta:100.09, EncoderVelocity:7.96, K:500.00, B:20.00
[2026-06-01 04:51:18,737] DEBUG: No valid transitions from state stance
[2026-06-01 04:51:18,737] WARNING: Velocity attribute does not use the linearization map. Please calculate the velocity using the position attribute.
[2026-06-01 04:51:18,743] INFO: T:5.796, State:stance, Fz:-33.94, ThetaRef:5.00, ThetaActual:0.63, EncoderTheta:100.04, EncoderVelocity:-5.33, K:500.00, B:20.00
[2026-06-01 04:51:18,745] DEBUG: No valid transitions from state stance
[2026-06-01 04:51:18,745] WARNING: Velocity attribute does not use the linearization map. Please calculate the velocity using the position attribute.
[2026-06-01 04:51:18,751] INFO: T:5.804, State:stance, Fz:-30.60, ThetaRef:5.00, ThetaActual:0.63, EncoderTheta:100.00, EncoderVelocity:-5.29, K:500.00, B:20.00
[2026-06-01 04:51:18,753] WARNING: Velocity attribute does not use the linearization map. Please calculate the velocity using the position attribute.
[2026-06-01 04:51:18,759] INFO: T:5.813, State:swing, Fz:-25.58, ThetaRef:60.00, ThetaActual:0.63, EncoderTheta:100.09, EncoderVelocity:10.67, K:10.00, B:0.50
[2026-06-01 04:51:18,762] DEBUG: No valid transitions from state swing
[2026-06-01 04:51:18,762] WARNING: Velocity attribute does not use the linearization map. Please calculate the velocity using the position attribute.
[2026-06-01 04:51:18,768] INFO: T:5.821, State:swing, Fz:-20.72, ThetaRef:60.00, ThetaActual:0.63, EncoderTheta:100.04, EncoderVelocity:-5.19, K:10.00, B:0.50
[2026-06-01 04:51:18,770] DEBUG: No valid transitions from state swing
[2026-06-01 04:51:18,771] WARNING: Velocity attribute does not use the linearization map. Please calculate the velocity using the position attribute.
[2026-06-01 04:51:18,776] INFO: T:5.830, State:swing, Fz:-15.57, ThetaRef:60.00, ThetaActual:0.63, EncoderTheta:100.00, EncoderVelocity:-5.13, K:10.00, B:0.50
[2026-06-01 04:51:18,779] DEBUG: No valid transitions from state swing
[2026-06-01 04:51:18,779] WARNING: Velocity attribute does not use the linearization map. Please calculate the velocity using the position attribute.
[2026-06-01 04:51:18,785] INFO: T:5.838, State:swing, Fz:-10.17, ThetaRef:60.00, ThetaActual:0.65, EncoderTheta:100.00, EncoderVelocity:0.00, K:10.00, B:0.50
[2026-06-01 04:51:18,787] DEBUG: No valid transitions from state swing
[2026-06-01 04:51:18,787] WARNING: Velocity attribute does not use the linearization map. Please calculate the velocity using the position attribute.
[2026-06-01 04:51:18,793] INFO: T:5.847, State:swing, Fz:-5.07, ThetaRef:60.00, ThetaActual:0.72, EncoderTheta:100.00, EncoderVelocity:0.00, K:10.00, B:0.50
[2026-06-01 04:51:18,796] DEBUG: No valid transitions from state swing
[2026-06-01 04:51:18,796] WARNING: Velocity attribute does not use the linearization map. Please calculate the velocity using the position attribute.
[2026-06-01 04:51:18,801] INFO: T:5.855, State:swing, Fz:-1.69, ThetaRef:60.00, ThetaActual:0.80, EncoderTheta:99.95, EncoderVelocity:-5.14, K:10.00, B:0.50
[2026-06-01 04:51:18,804] DEBUG: No valid transitions from state swing
[2026-06-01 04:51:18,804] WARNING: Velocity attribute does not use the linearization map. Please calculate the velocity using the position attribute.
[2026-06-01 04:51:18,810] INFO: T:5.863, State:swing, Fz:-0.14, ThetaRef:60.00, ThetaActual:0.84, EncoderTheta:99.84, EncoderVelocity:-13.26, K:10.00, B:0.50
[2026-06-01 04:51:18,812] DEBUG: No valid transitions from state swing
[2026-06-01 04:51:18,813] WARNING: Velocity attribute does not use the linearization map. Please calculate the velocity using the position attribute.
[2026-06-01 04:51:18,818] INFO: T:5.872, State:swing, Fz:3.06, ThetaRef:60.00, ThetaActual:0.91, EncoderTheta:99.78, EncoderVelocity:-7.94, K:10.00, B:0.50
[2026-06-01 04:51:18,821] DEBUG: No valid transitions from state swing
[2026-06-01 04:51:18,821] WARNING: Velocity attribute does not use the linearization map. Please calculate the velocity using the position attribute.
[2026-06-01 04:51:18,827] INFO: T:5.880, State:swing, Fz:8.48, ThetaRef:60.00, ThetaActual:0.99, EncoderTheta:99.67, EncoderVelocity:-13.26, K:10.00, B:0.50
[2026-06-01 04:51:18,829] DEBUG: No valid transitions from state swing
[2026-06-01 04:51:18,829] WARNING: Velocity attribute does not use the linearization map. Please calculate the velocity using the position attribute.
[2026-06-01 04:51:18,835] INFO: T:5.888, State:swing, Fz:10.15, ThetaRef:60.00, ThetaActual:1.04, EncoderTheta:99.60, EncoderVelocity:-7.77, K:10.00, B:0.50
[2026-06-01 04:51:18,837] DEBUG: No valid transitions from state swing
[2026-06-01 04:51:18,838] WARNING: Velocity attribute does not use the linearization map. Please calculate the velocity using the position attribute.
[2026-06-01 04:51:18,843] INFO: T:5.897, State:swing, Fz:10.90, ThetaRef:60.00, ThetaActual:1.15, EncoderTheta:99.51, EncoderVelocity:-10.60, K:10.00, B:0.50
[2026-06-01 04:51:18,846] DEBUG: No valid transitions from state swing
[2026-06-01 04:51:18,846] WARNING: Velocity attribute does not use the linearization map. Please calculate the velocity using the position attribute.
[2026-06-01 04:51:18,852] INFO: T:5.905, State:swing, Fz:12.95, ThetaRef:60.00, ThetaActual:1.28, EncoderTheta:99.34, EncoderVelocity:-21.28, K:10.00, B:0.50
[2026-06-01 04:51:18,854] DEBUG: No valid transitions from state swing
[2026-06-01 04:51:18,854] WARNING: Velocity attribute does not use the linearization map. Please calculate the velocity using the position attribute.
[2026-06-01 04:51:18,860] INFO: T:5.913, State:swing, Fz:16.01, ThetaRef:60.00, ThetaActual:1.35, EncoderTheta:99.21, EncoderVelocity:-15.41, K:10.00, B:0.50
[2026-06-01 04:51:18,863] DEBUG: No valid transitions from state swing
[2026-06-01 04:51:18,863] WARNING: Velocity attribute does not use the linearization map. Please calculate the velocity using the position attribute.
[2026-06-01 04:51:18,868] INFO: T:5.922, State:swing, Fz:19.83, ThetaRef:60.00, ThetaActual:1.50, EncoderTheta:99.07, EncoderVelocity:-15.94, K:10.00, B:0.50
[2026-06-01 04:51:18,871] DEBUG: No valid transitions from state swing
[2026-06-01 04:51:18,871] WARNING: Velocity attribute does not use the linearization map. Please calculate the velocity using the position attribute.
[2026-06-01 04:51:18,876] INFO: T:5.930, State:swing, Fz:21.78, ThetaRef:60.00, ThetaActual:1.68, EncoderTheta:98.83, EncoderVelocity:-29.35, K:10.00, B:0.50
[2026-06-01 04:51:18,879] DEBUG: No valid transitions from state swing
[2026-06-01 04:51:18,879] WARNING: Velocity attribute does not use the linearization map. Please calculate the velocity using the position attribute.
[2026-06-01 04:51:18,885] INFO: T:5.938, State:swing, Fz:23.28, ThetaRef:60.00, ThetaActual:1.79, EncoderTheta:98.64, EncoderVelocity:-23.92, K:10.00, B:0.50
[2026-06-01 04:51:18,887] DEBUG: No valid transitions from state swing
[2026-06-01 04:51:18,887] WARNING: Velocity attribute does not use the linearization map. Please calculate the velocity using the position attribute.
[2026-06-01 04:51:18,893] INFO: T:5.946, State:swing, Fz:24.93, ThetaRef:60.00, ThetaActual:2.02, EncoderTheta:98.46, EncoderVelocity:-21.43, K:10.00, B:0.50
[2026-06-01 04:51:18,895] DEBUG: No valid transitions from state swing
[2026-06-01 04:51:18,896] WARNING: Velocity attribute does not use the linearization map. Please calculate the velocity using the position attribute.
[2026-06-01 04:51:18,901] INFO: T:5.955, State:swing, Fz:26.19, ThetaRef:60.00, ThetaActual:2.29, EncoderTheta:98.15, EncoderVelocity:-37.51, K:10.00, B:0.50
[2026-06-01 04:51:18,904] DEBUG: No valid transitions from state swing
[2026-06-01 04:51:18,904] WARNING: Velocity attribute does not use the linearization map. Please calculate the velocity using the position attribute.
[2026-06-01 04:51:18,909] INFO: T:5.963, State:swing, Fz:29.13, ThetaRef:60.00, ThetaActual:2.44, EncoderTheta:97.89, EncoderVelocity:-32.31, K:10.00, B:0.50
[2026-06-01 04:51:18,912] DEBUG: No valid transitions from state swing
[2026-06-01 04:51:18,912] WARNING: Velocity attribute does not use the linearization map. Please calculate the velocity using the position attribute.
[2026-06-01 04:51:18,918] INFO: T:5.971, State:swing, Fz:29.90, ThetaRef:60.00, ThetaActual:2.77, EncoderTheta:97.65, EncoderVelocity:-28.63, K:10.00, B:0.50
[2026-06-01 04:51:18,920] DEBUG: No valid transitions from state swing
[2026-06-01 04:51:18,920] WARNING: Velocity attribute does not use the linearization map. Please calculate the velocity using the position attribute.
[2026-06-01 04:51:18,926] INFO: T:5.980, State:swing, Fz:33.46, ThetaRef:60.00, ThetaActual:3.13, EncoderTheta:97.23, EncoderVelocity:-50.17, K:10.00, B:0.50
[2026-06-01 04:51:18,929] DEBUG: No valid transitions from state swing
[2026-06-01 04:51:18,929] WARNING: Velocity attribute does not use the linearization map. Please calculate the velocity using the position attribute.
[2026-06-01 04:51:18,934] INFO: T:5.988, State:swing, Fz:34.18, ThetaRef:60.00, ThetaActual:3.32, EncoderTheta:96.99, EncoderVelocity:-29.25, K:10.00, B:0.50
[2026-06-01 04:51:18,937] DEBUG: No valid transitions from state swing
[2026-06-01 04:51:18,937] WARNING: Velocity attribute does not use the linearization map. Please calculate the velocity using the position attribute.
[2026-06-01 04:51:18,942] INFO: T:5.996, State:swing, Fz:33.72, ThetaRef:60.00, ThetaActual:3.73, EncoderTheta:96.64, EncoderVelocity:-42.79, K:10.00, B:0.50
[2026-06-01 04:51:18,945] DEBUG: No valid transitions from state swing
[2026-06-01 04:51:18,945] WARNING: Velocity attribute does not use the linearization map. Please calculate the velocity using the position attribute.
[2026-06-01 04:51:18,951] INFO: T:6.004, State:swing, Fz:34.85, ThetaRef:60.00, ThetaActual:4.16, EncoderTheta:96.28, EncoderVelocity:-41.55, K:10.00, B:0.50
[2026-06-01 04:51:18,954] DEBUG: No valid transitions from state swing
[2026-06-01 04:51:18,954] WARNING: Velocity attribute does not use the linearization map. Please calculate the velocity using the position attribute.
[2026-06-01 04:51:18,959] INFO: T:6.013, State:swing, Fz:34.18, ThetaRef:60.00, ThetaActual:4.38, EncoderTheta:95.84, EncoderVelocity:-51.85, K:10.00, B:0.50
[2026-06-01 04:51:18,962] DEBUG: No valid transitions from state swing
[2026-06-01 04:51:18,962] WARNING: Velocity attribute does not use the linearization map. Please calculate the velocity using the position attribute.
[2026-06-01 04:51:18,968] INFO: T:6.021, State:swing, Fz:31.74, ThetaRef:60.00, ThetaActual:4.84, EncoderTheta:95.52, EncoderVelocity:-39.22, K:10.00, B:0.50
[2026-06-01 04:51:18,970] DEBUG: No valid transitions from state swing
[2026-06-01 04:51:18,971] WARNING: Velocity attribute does not use the linearization map. Please calculate the velocity using the position attribute.
[2026-06-01 04:51:18,976] INFO: T:6.030, State:swing, Fz:30.36, ThetaRef:60.00, ThetaActual:5.30, EncoderTheta:95.12, EncoderVelocity:-47.75, K:10.00, B:0.50
[2026-06-01 04:51:18,979] DEBUG: No valid transitions from state swing
[2026-06-01 04:51:18,979] WARNING: Velocity attribute does not use the linearization map. Please calculate the velocity using the position attribute.
[2026-06-01 04:51:18,984] INFO: T:6.038, State:swing, Fz:29.80, ThetaRef:60.00, ThetaActual:5.53, EncoderTheta:94.77, EncoderVelocity:-42.45, K:10.00, B:0.50
[2026-06-01 04:51:18,987] DEBUG: No valid transitions from state swing
[2026-06-01 04:51:18,987] WARNING: Velocity attribute does not use the linearization map. Please calculate the velocity using the position attribute.
[2026-06-01 04:51:18,993] INFO: T:6.046, State:swing, Fz:27.89, ThetaRef:60.00, ThetaActual:5.98, EncoderTheta:94.46, EncoderVelocity:-37.07, K:10.00, B:0.50
[2026-06-01 04:51:18,996] DEBUG: No valid transitions from state swing
[2026-06-01 04:51:18,996] WARNING: Velocity attribute does not use the linearization map. Please calculate the velocity using the position attribute.
[2026-06-01 04:51:19,002] INFO: T:6.055, State:swing, Fz:28.37, ThetaRef:60.00, ThetaActual:6.43, EncoderTheta:94.04, EncoderVelocity:-46.11, K:10.00, B:0.50
[2026-06-01 04:51:19,005] DEBUG: No valid transitions from state swing
[2026-06-01 04:51:19,005] WARNING: Velocity attribute does not use the linearization map. Please calculate the velocity using the position attribute.
[2026-06-01 04:51:19,010] INFO: T:6.064, State:swing, Fz:26.32, ThetaRef:60.00, ThetaActual:6.88, EncoderTheta:93.67, EncoderVelocity:-43.98, K:10.00, B:0.50
[2026-06-01 04:51:19,013] DEBUG: No valid transitions from state swing
[2026-06-01 04:51:19,013] WARNING: Velocity attribute does not use the linearization map. Please calculate the velocity using the position attribute.
[2026-06-01 04:51:19,018] INFO: T:6.072, State:swing, Fz:26.73, ThetaRef:60.00, ThetaActual:7.09, EncoderTheta:93.27, EncoderVelocity:-47.89, K:10.00, B:0.50
[2026-06-01 04:51:19,021] DEBUG: No valid transitions from state swing
[2026-06-01 04:51:19,021] WARNING: Velocity attribute does not use the linearization map. Please calculate the velocity using the position attribute.
[2026-06-01 04:51:19,027] INFO: T:6.080, State:swing, Fz:26.53, ThetaRef:60.00, ThetaActual:7.53, EncoderTheta:92.92, EncoderVelocity:-42.14, K:10.00, B:0.50
[2026-06-01 04:51:19,030] DEBUG: No valid transitions from state swing
[2026-06-01 04:51:19,030] WARNING: Velocity attribute does not use the linearization map. Please calculate the velocity using the position attribute.
[2026-06-01 04:51:19,036] INFO: T:6.089, State:swing, Fz:25.92, ThetaRef:60.00, ThetaActual:7.95, EncoderTheta:92.61, EncoderVelocity:-34.98, K:10.00, B:0.50
[2026-06-01 04:51:19,038] DEBUG: No valid transitions from state swing
[2026-06-01 04:51:19,038] WARNING: Velocity attribute does not use the linearization map. Please calculate the velocity using the position attribute.
[2026-06-01 04:51:19,044] INFO: T:6.098, State:swing, Fz:25.46, ThetaRef:60.00, ThetaActual:8.16, EncoderTheta:92.20, EncoderVelocity:-49.84, K:10.00, B:0.50
[2026-06-01 04:51:19,047] DEBUG: No valid transitions from state swing
[2026-06-01 04:51:19,047] WARNING: Velocity attribute does not use the linearization map. Please calculate the velocity using the position attribute.
[2026-06-01 04:51:19,053] INFO: T:6.106, State:swing, Fz:26.08, ThetaRef:60.00, ThetaActual:8.56, EncoderTheta:91.89, EncoderVelocity:-35.73, K:10.00, B:0.50
[2026-06-01 04:51:19,056] DEBUG: No valid transitions from state swing
[2026-06-01 04:51:19,056] WARNING: Velocity attribute does not use the linearization map. Please calculate the velocity using the position attribute.
[2026-06-01 04:51:19,061] INFO: T:6.115, State:swing, Fz:27.52, ThetaRef:60.00, ThetaActual:8.95, EncoderTheta:91.63, EncoderVelocity:-30.32, K:10.00, B:0.50
[2026-06-01 04:51:19,064] DEBUG: No valid transitions from state swing
[2026-06-01 04:51:19,064] WARNING: Velocity attribute does not use the linearization map. Please calculate the velocity using the position attribute.
[2026-06-01 04:51:19,070] INFO: T:6.123, State:swing, Fz:28.15, ThetaRef:60.00, ThetaActual:9.14, EncoderTheta:91.30, EncoderVelocity:-39.27, K:10.00, B:0.50
[2026-06-01 04:51:19,072] DEBUG: No valid transitions from state swing
[2026-06-01 04:51:19,072] WARNING: Velocity attribute does not use the linearization map. Please calculate the velocity using the position attribute.
[2026-06-01 04:51:19,078] INFO: T:6.132, State:swing, Fz:29.11, ThetaRef:60.00, ThetaActual:9.50, EncoderTheta:91.01, EncoderVelocity:-34.60, K:10.00, B:0.50
[2026-06-01 04:51:19,081] DEBUG: No valid transitions from state swing
[2026-06-01 04:51:19,081] WARNING: Velocity attribute does not use the linearization map. Please calculate the velocity using the position attribute.
[2026-06-01 04:51:19,086] INFO: T:6.140, State:swing, Fz:29.82, ThetaRef:60.00, ThetaActual:9.84, EncoderTheta:90.79, EncoderVelocity:-26.38, K:10.00, B:0.50
[2026-06-01 04:51:19,089] DEBUG: No valid transitions from state swing
[2026-06-01 04:51:19,089] WARNING: Velocity attribute does not use the linearization map. Please calculate the velocity using the position attribute.
[2026-06-01 04:51:19,094] INFO: T:6.148, State:swing, Fz:30.36, ThetaRef:60.00, ThetaActual:9.99, EncoderTheta:90.55, EncoderVelocity:-29.51, K:10.00, B:0.50
[2026-06-01 04:51:19,097] DEBUG: No valid transitions from state swing
[2026-06-01 04:51:19,097] WARNING: Velocity attribute does not use the linearization map. Please calculate the velocity using the position attribute.
[2026-06-01 04:51:19,103] INFO: T:6.156, State:swing, Fz:29.80, ThetaRef:60.00, ThetaActual:10.28, EncoderTheta:90.33, EncoderVelocity:-26.43, K:10.00, B:0.50
[2026-06-01 04:51:19,105] DEBUG: No valid transitions from state swing
[2026-06-01 04:51:19,106] WARNING: Velocity attribute does not use the linearization map. Please calculate the velocity using the position attribute.
[2026-06-01 04:51:19,111] INFO: T:6.165, State:swing, Fz:26.90, ThetaRef:60.00, ThetaActual:10.52, EncoderTheta:90.24, EncoderVelocity:-10.64, K:10.00, B:0.50
[2026-06-01 04:51:19,114] DEBUG: No valid transitions from state swing
[2026-06-01 04:51:19,114] WARNING: Velocity attribute does not use the linearization map. Please calculate the velocity using the position attribute.
[2026-06-01 04:51:19,119] INFO: T:6.173, State:swing, Fz:25.15, ThetaRef:60.00, ThetaActual:10.63, EncoderTheta:90.15, EncoderVelocity:-10.58, K:10.00, B:0.50
[2026-06-01 04:51:19,122] DEBUG: No valid transitions from state swing
[2026-06-01 04:51:19,122] WARNING: Velocity attribute does not use the linearization map. Please calculate the velocity using the position attribute.
[2026-06-01 04:51:19,128] INFO: T:6.181, State:swing, Fz:23.81, ThetaRef:60.00, ThetaActual:10.78, EncoderTheta:90.04, EncoderVelocity:-13.42, K:10.00, B:0.50
[2026-06-01 04:51:19,130] DEBUG: No valid transitions from state swing
[2026-06-01 04:51:19,130] WARNING: Velocity attribute does not use the linearization map. Please calculate the velocity using the position attribute.
[2026-06-01 04:51:19,136] INFO: T:6.189, State:swing, Fz:21.32, ThetaRef:60.00, ThetaActual:10.86, EncoderTheta:90.04, EncoderVelocity:0.00, K:10.00, B:0.50
[2026-06-01 04:51:19,138] DEBUG: No valid transitions from state swing
[2026-06-01 04:51:19,139] WARNING: Velocity attribute does not use the linearization map. Please calculate the velocity using the position attribute.
[2026-06-01 04:51:19,144] INFO: T:6.198, State:swing, Fz:17.95, ThetaRef:60.00, ThetaActual:10.86, EncoderTheta:90.09, EncoderVelocity:5.33, K:10.00, B:0.50
[2026-06-01 04:51:19,147] DEBUG: No valid transitions from state swing
[2026-06-01 04:51:19,147] WARNING: Velocity attribute does not use the linearization map. Please calculate the velocity using the position attribute.
[2026-06-01 04:51:19,152] INFO: T:6.206, State:swing, Fz:14.88, ThetaRef:60.00, ThetaActual:10.85, EncoderTheta:90.22, EncoderVelocity:15.87, K:10.00, B:0.50
[2026-06-01 04:51:19,155] DEBUG: No valid transitions from state swing
[2026-06-01 04:51:19,155] WARNING: Velocity attribute does not use the linearization map. Please calculate the velocity using the position attribute.
[2026-06-01 04:51:19,161] INFO: T:6.214, State:swing, Fz:10.53, ThetaRef:60.00, ThetaActual:10.82, EncoderTheta:90.31, EncoderVelocity:10.56, K:10.00, B:0.50
[2026-06-01 04:51:19,163] DEBUG: No valid transitions from state swing
[2026-06-01 04:51:19,164] WARNING: Velocity attribute does not use the linearization map. Please calculate the velocity using the position attribute.
[2026-06-01 04:51:19,169] INFO: T:6.223, State:swing, Fz:5.71, ThetaRef:60.00, ThetaActual:10.80, EncoderTheta:90.51, EncoderVelocity:23.86, K:10.00, B:0.50
[2026-06-01 04:51:19,172] DEBUG: No valid transitions from state swing
[2026-06-01 04:51:19,172] WARNING: Velocity attribute does not use the linearization map. Please calculate the velocity using the position attribute.
[2026-06-01 04:51:19,177] INFO: T:6.231, State:swing, Fz:3.04, ThetaRef:60.00, ThetaActual:10.75, EncoderTheta:90.57, EncoderVelocity:7.95, K:10.00, B:0.50
[2026-06-01 04:51:19,180] DEBUG: No valid transitions from state swing
[2026-06-01 04:51:19,180] WARNING: Velocity attribute does not use the linearization map. Please calculate the velocity using the position attribute.
[2026-06-01 04:51:19,186] INFO: T:6.239, State:swing, Fz:-0.46, ThetaRef:60.00, ThetaActual:10.68, EncoderTheta:90.75, EncoderVelocity:21.14, K:10.00, B:0.50
[2026-06-01 04:51:19,188] DEBUG: No valid transitions from state swing
[2026-06-01 04:51:19,188] WARNING: Velocity attribute does not use the linearization map. Please calculate the velocity using the position attribute.
[2026-06-01 04:51:19,194] INFO: T:6.248, State:swing, Fz:-4.16, ThetaRef:60.00, ThetaActual:10.63, EncoderTheta:90.88, EncoderVelocity:15.79, K:10.00, B:0.50
[2026-06-01 04:51:19,197] DEBUG: No valid transitions from state swing
[2026-06-01 04:51:19,197] WARNING: Velocity attribute does not use the linearization map. Please calculate the velocity using the position attribute.
[2026-06-01 04:51:19,202] INFO: T:6.256, State:swing, Fz:-6.47, ThetaRef:60.00, ThetaActual:10.52, EncoderTheta:90.99, EncoderVelocity:13.15, K:10.00, B:0.50
[2026-06-01 04:51:19,205] DEBUG: No valid transitions from state swing
[2026-06-01 04:51:19,205] WARNING: Velocity attribute does not use the linearization map. Please calculate the velocity using the position attribute.
[2026-06-01 04:51:19,211] INFO: T:6.264, State:swing, Fz:-9.73, ThetaRef:60.00, ThetaActual:10.36, EncoderTheta:91.25, EncoderVelocity:31.89, K:10.00, B:0.50
[2026-06-01 04:51:19,213] DEBUG: No valid transitions from state swing
[2026-06-01 04:51:19,213] WARNING: Velocity attribute does not use the linearization map. Please calculate the velocity using the position attribute.
[2026-06-01 04:51:19,219] INFO: T:6.273, State:swing, Fz:-10.74, ThetaRef:60.00, ThetaActual:10.27, EncoderTheta:91.38, EncoderVelocity:15.90, K:10.00, B:0.50
[2026-06-01 04:51:19,222] DEBUG: No valid transitions from state swing
[2026-06-01 04:51:19,222] WARNING: Velocity attribute does not use the linearization map. Please calculate the velocity using the position attribute.
[2026-06-01 04:51:19,227] INFO: T:6.281, State:swing, Fz:-13.94, ThetaRef:60.00, ThetaActual:10.06, EncoderTheta:91.52, EncoderVelocity:15.76, K:10.00, B:0.50
[2026-06-01 04:51:19,230] DEBUG: No valid transitions from state swing
[2026-06-01 04:51:19,230] WARNING: Velocity attribute does not use the linearization map. Please calculate the velocity using the position attribute.
[2026-06-01 04:51:19,236] INFO: T:6.289, State:swing, Fz:-14.44, ThetaRef:60.00, ThetaActual:9.81, EncoderTheta:91.85, EncoderVelocity:39.08, K:10.00, B:0.50
[2026-06-01 04:51:19,238] DEBUG: No valid transitions from state swing
[2026-06-01 04:51:19,238] WARNING: Velocity attribute does not use the linearization map. Please calculate the velocity using the position attribute.
[2026-06-01 04:51:19,244] INFO: T:6.298, State:swing, Fz:-16.77, ThetaRef:60.00, ThetaActual:9.67, EncoderTheta:92.11, EncoderVelocity:31.77, K:10.00, B:0.50
[2026-06-01 04:51:19,247] DEBUG: No valid transitions from state swing
[2026-06-01 04:51:19,247] WARNING: Velocity attribute does not use the linearization map. Please calculate the velocity using the position attribute.
[2026-06-01 04:51:19,252] INFO: T:6.306, State:swing, Fz:-17.59, ThetaRef:60.00, ThetaActual:9.36, EncoderTheta:92.35, EncoderVelocity:28.94, K:10.00, B:0.50
[2026-06-01 04:51:19,255] DEBUG: No valid transitions from state swing
[2026-06-01 04:51:19,255] WARNING: Velocity attribute does not use the linearization map. Please calculate the velocity using the position attribute.
[2026-06-01 04:51:19,261] INFO: T:6.314, State:swing, Fz:-18.69, ThetaRef:60.00, ThetaActual:9.02, EncoderTheta:92.66, EncoderVelocity:37.23, K:10.00, B:0.50
[2026-06-01 04:51:19,263] DEBUG: No valid transitions from state swing
[2026-06-01 04:51:19,263] WARNING: Velocity attribute does not use the linearization map. Please calculate the velocity using the position attribute.
[2026-06-01 04:51:19,269] INFO: T:6.323, State:swing, Fz:-16.53, ThetaRef:60.00, ThetaActual:8.84, EncoderTheta:92.97, EncoderVelocity:37.10, K:10.00, B:0.50
[2026-06-01 04:51:19,272] DEBUG: No valid transitions from state swing
[2026-06-01 04:51:19,272] WARNING: Velocity attribute does not use the linearization map. Please calculate the velocity using the position attribute.
[2026-06-01 04:51:19,277] INFO: T:6.331, State:swing, Fz:-19.35, ThetaRef:60.00, ThetaActual:8.47, EncoderTheta:93.30, EncoderVelocity:39.87, K:10.00, B:0.50
[2026-06-01 04:51:19,280] DEBUG: No valid transitions from state swing
[2026-06-01 04:51:19,280] WARNING: Velocity attribute does not use the linearization map. Please calculate the velocity using the position attribute.
[2026-06-01 04:51:19,285] INFO: T:6.339, State:swing, Fz:-20.48, ThetaRef:60.00, ThetaActual:8.06, EncoderTheta:93.63, EncoderVelocity:39.71, K:10.00, B:0.50
[2026-06-01 04:51:19,288] DEBUG: No valid transitions from state swing
[2026-06-01 04:51:19,288] WARNING: Velocity attribute does not use the linearization map. Please calculate the velocity using the position attribute.
[2026-06-01 04:51:19,294] INFO: T:6.347, State:swing, Fz:-22.34, ThetaRef:60.00, ThetaActual:7.85, EncoderTheta:94.00, EncoderVelocity:45.41, K:10.00, B:0.50
[2026-06-01 04:51:19,296] DEBUG: No valid transitions from state swing
[2026-06-01 04:51:19,296] WARNING: Velocity attribute does not use the linearization map. Please calculate the velocity using the position attribute.
[2026-06-01 04:51:19,302] INFO: T:6.356, State:swing, Fz:-24.79, ThetaRef:60.00, ThetaActual:7.40, EncoderTheta:94.39, EncoderVelocity:47.65, K:10.00, B:0.50
[2026-06-01 04:51:19,305] DEBUG: No valid transitions from state swing
[2026-06-01 04:51:19,305] WARNING: Velocity attribute does not use the linearization map. Please calculate the velocity using the position attribute.
[2026-06-01 04:51:19,310] INFO: T:6.364, State:swing, Fz:-23.69, ThetaRef:60.00, ThetaActual:6.92, EncoderTheta:94.86, EncoderVelocity:55.01, K:10.00, B:0.50
[2026-06-01 04:51:19,313] DEBUG: No valid transitions from state swing
[2026-06-01 04:51:19,313] WARNING: Velocity attribute does not use the linearization map. Please calculate the velocity using the position attribute.
[2026-06-01 04:51:19,319] INFO: T:6.372, State:swing, Fz:-26.76, ThetaRef:60.00, ThetaActual:6.67, EncoderTheta:95.34, EncoderVelocity:57.84, K:10.00, B:0.50
[2026-06-01 04:51:19,322] DEBUG: No valid transitions from state swing
[2026-06-01 04:51:19,322] WARNING: Velocity attribute does not use the linearization map. Please calculate the velocity using the position attribute.
[2026-06-01 04:51:19,327] INFO: T:6.381, State:swing, Fz:-27.64, ThetaRef:60.00, ThetaActual:6.16, EncoderTheta:95.73, EncoderVelocity:47.11, K:10.00, B:0.50
[2026-06-01 04:51:19,330] DEBUG: No valid transitions from state swing
[2026-06-01 04:51:19,330] WARNING: Velocity attribute does not use the linearization map. Please calculate the velocity using the position attribute.
[2026-06-01 04:51:19,335] INFO: T:6.389, State:swing, Fz:-27.81, ThetaRef:60.00, ThetaActual:5.63, EncoderTheta:96.17, EncoderVelocity:53.40, K:10.00, B:0.50
[2026-06-01 04:51:19,338] DEBUG: No valid transitions from state swing
[2026-06-01 04:51:19,338] WARNING: Velocity attribute does not use the linearization map. Please calculate the velocity using the position attribute.
[2026-06-01 04:51:19,344] INFO: T:6.397, State:swing, Fz:-30.41, ThetaRef:60.00, ThetaActual:5.36, EncoderTheta:96.64, EncoderVelocity:56.47, K:10.00, B:0.50
[2026-06-01 04:51:19,346] DEBUG: No valid transitions from state swing
[2026-06-01 04:51:19,346] WARNING: Velocity attribute does not use the linearization map. Please calculate the velocity using the position attribute.
[2026-06-01 04:51:19,352] INFO: T:6.405, State:swing, Fz:-30.93, ThetaRef:60.00, ThetaActual:4.81, EncoderTheta:97.10, EncoderVelocity:55.84, K:10.00, B:0.50
[2026-06-01 04:51:19,354] DEBUG: No valid transitions from state swing
[2026-06-01 04:51:19,355] WARNING: Velocity attribute does not use the linearization map. Please calculate the velocity using the position attribute.
[2026-06-01 04:51:19,360] INFO: T:6.414, State:swing, Fz:-32.78, ThetaRef:60.00, ThetaActual:4.25, EncoderTheta:97.49, EncoderVelocity:47.91, K:10.00, B:0.50
[2026-06-01 04:51:19,363] DEBUG: No valid transitions from state swing
[2026-06-01 04:51:19,363] WARNING: Velocity attribute does not use the linearization map. Please calculate the velocity using the position attribute.
[2026-06-01 04:51:19,368] INFO: T:6.422, State:swing, Fz:-33.67, ThetaRef:60.00, ThetaActual:3.98, EncoderTheta:97.95, EncoderVelocity:55.78, K:10.00, B:0.50
[2026-06-01 04:51:19,371] DEBUG: No valid transitions from state swing
[2026-06-01 04:51:19,371] WARNING: Velocity attribute does not use the linearization map. Please calculate the velocity using the position attribute.
[2026-06-01 04:51:19,377] INFO: T:6.430, State:swing, Fz:-41.18, ThetaRef:60.00, ThetaActual:3.44, EncoderTheta:98.39, EncoderVelocity:53.08, K:10.00, B:0.50
[2026-06-01 04:51:19,379] DEBUG: No valid transitions from state swing
[2026-06-01 04:51:19,379] WARNING: Velocity attribute does not use the linearization map. Please calculate the velocity using the position attribute.
[2026-06-01 04:51:19,385] INFO: T:6.438, State:swing, Fz:-37.61, ThetaRef:60.00, ThetaActual:3.17, EncoderTheta:98.79, EncoderVelocity:47.93, K:10.00, B:0.50
[2026-06-01 04:51:19,387] DEBUG: No valid transitions from state swing
[2026-06-01 04:51:19,388] WARNING: Velocity attribute does not use the linearization map. Please calculate the velocity using the position attribute.
[2026-06-01 04:51:19,393] INFO: T:6.447, State:swing, Fz:-34.35, ThetaRef:60.00, ThetaActual:2.65, EncoderTheta:99.21, EncoderVelocity:50.88, K:10.00, B:0.50
[2026-06-01 04:51:19,396] DEBUG: No valid transitions from state swing
[2026-06-01 04:51:19,396] WARNING: Velocity attribute does not use the linearization map. Please calculate the velocity using the position attribute.
[2026-06-01 04:51:19,401] INFO: T:6.455, State:swing, Fz:-31.89, ThetaRef:60.00, ThetaActual:2.16, EncoderTheta:99.56, EncoderVelocity:42.47, K:10.00, B:0.50
[2026-06-01 04:51:19,404] DEBUG: No valid transitions from state swing
[2026-06-01 04:51:19,404] WARNING: Velocity attribute does not use the linearization map. Please calculate the velocity using the position attribute.
[2026-06-01 04:51:19,410] INFO: T:6.463, State:swing, Fz:-30.50, ThetaRef:60.00, ThetaActual:1.92, EncoderTheta:100.00, EncoderVelocity:53.39, K:10.00, B:0.50
[2026-06-01 04:51:19,412] DEBUG: No valid transitions from state swing
[2026-06-01 04:51:19,412] WARNING: Velocity attribute does not use the linearization map. Please calculate the velocity using the position attribute.
[2026-06-01 04:51:19,418] INFO: T:6.471, State:swing, Fz:-42.46, ThetaRef:60.00, ThetaActual:1.47, EncoderTheta:100.06, EncoderVelocity:8.02, K:10.00, B:0.50
[2026-06-01 04:51:19,420] WARNING: Velocity attribute does not use the linearization map. Please calculate the velocity using the position attribute.
[2026-06-01 04:51:19,426] INFO: T:6.480, State:stance, Fz:-57.12, ThetaRef:5.00, ThetaActual:1.05, EncoderTheta:100.02, EncoderVelocity:-5.32, K:500.00, B:20.00
[2026-06-01 04:51:19,429] DEBUG: No valid transitions from state stance
[2026-06-01 04:51:19,429] WARNING: Velocity attribute does not use the linearization map. Please calculate the velocity using the position attribute.
[2026-06-01 04:51:19,434] INFO: T:6.488, State:stance, Fz:-37.14, ThetaRef:5.00, ThetaActual:0.86, EncoderTheta:100.02, EncoderVelocity:0.00, K:500.00, B:20.00
[2026-06-01 04:51:19,437] DEBUG: No valid transitions from state stance
[2026-06-01 04:51:19,437] WARNING: Velocity attribute does not use the linearization map. Please calculate the velocity using the position attribute.
[2026-06-01 04:51:19,443] INFO: T:6.496, State:stance, Fz:-31.42, ThetaRef:5.00, ThetaActual:0.56, EncoderTheta:100.11, EncoderVelocity:10.53, K:500.00, B:20.00
[2026-06-01 04:51:19,445] DEBUG: No valid transitions from state stance
[2026-06-01 04:51:19,446] WARNING: Velocity attribute does not use the linearization map. Please calculate the velocity using the position attribute.
[2026-06-01 04:51:19,451] INFO: T:6.505, State:stance, Fz:-48.71, ThetaRef:5.00, ThetaActual:0.50, EncoderTheta:100.09, EncoderVelocity:-2.64, K:500.00, B:20.00
[2026-06-01 04:51:19,454] DEBUG: No valid transitions from state stance
[2026-06-01 04:51:19,454] WARNING: Velocity attribute does not use the linearization map. Please calculate the velocity using the position attribute.
[2026-06-01 04:51:19,459] INFO: T:6.513, State:stance, Fz:-40.35, ThetaRef:5.00, ThetaActual:0.53, EncoderTheta:100.09, EncoderVelocity:0.00, K:500.00, B:20.00
[2026-06-01 04:51:19,462] DEBUG: No valid transitions from state stance
[2026-06-01 04:51:19,462] WARNING: Velocity attribute does not use the linearization map. Please calculate the velocity using the position attribute.
[2026-06-01 04:51:19,468] INFO: T:6.521, State:stance, Fz:-37.93, ThetaRef:5.00, ThetaActual:0.54, EncoderTheta:100.02, EncoderVelocity:-7.90, K:500.00, B:20.00
[2026-06-01 04:51:19,470] DEBUG: No valid transitions from state stance
[2026-06-01 04:51:19,470] WARNING: Velocity attribute does not use the linearization map. Please calculate the velocity using the position attribute.
[2026-06-01 04:51:19,476] INFO: T:6.530, State:stance, Fz:-44.66, ThetaRef:5.00, ThetaActual:0.54, EncoderTheta:100.09, EncoderVelocity:7.96, K:500.00, B:20.00
[2026-06-01 04:51:19,479] DEBUG: No valid transitions from state stance
[2026-06-01 04:51:19,479] WARNING: Velocity attribute does not use the linearization map. Please calculate the velocity using the position attribute.
[2026-06-01 04:51:19,484] INFO: T:6.538, State:stance, Fz:-42.79, ThetaRef:5.00, ThetaActual:0.54, EncoderTheta:100.02, EncoderVelocity:-7.96, K:500.00, B:20.00
[2026-06-01 04:51:19,487] DEBUG: No valid transitions from state stance
[2026-06-01 04:51:19,487] WARNING: Velocity attribute does not use the linearization map. Please calculate the velocity using the position attribute.
[2026-06-01 04:51:19,493] INFO: T:6.546, State:stance, Fz:-39.82, ThetaRef:5.00, ThetaActual:0.54, EncoderTheta:100.13, EncoderVelocity:13.21, K:500.00, B:20.00
[2026-06-01 04:51:19,495] DEBUG: No valid transitions from state stance
[2026-06-01 04:51:19,495] WARNING: Velocity attribute does not use the linearization map. Please calculate the velocity using the position attribute.
[2026-06-01 04:51:19,501] INFO: T:6.554, State:stance, Fz:-42.64, ThetaRef:5.00, ThetaActual:0.54, EncoderTheta:100.11, EncoderVelocity:-2.65, K:500.00, B:20.00
[2026-06-01 04:51:19,504] DEBUG: No valid transitions from state stance
[2026-06-01 04:51:19,504] WARNING: Velocity attribute does not use the linearization map. Please calculate the velocity using the position attribute.
[2026-06-01 04:51:19,509] INFO: T:6.563, State:stance, Fz:-42.78, ThetaRef:5.00, ThetaActual:0.54, EncoderTheta:100.11, EncoderVelocity:0.00, K:500.00, B:20.00
[2026-06-01 04:51:19,512] DEBUG: No valid transitions from state stance
[2026-06-01 04:51:19,512] WARNING: Velocity attribute does not use the linearization map. Please calculate the velocity using the position attribute.
[2026-06-01 04:51:19,518] INFO: T:6.571, State:stance, Fz:-42.82, ThetaRef:5.00, ThetaActual:0.54, EncoderTheta:100.06, EncoderVelocity:-5.29, K:500.00, B:20.00
[2026-06-01 04:51:19,520] DEBUG: No valid transitions from state stance
[2026-06-01 04:51:19,520] WARNING: Velocity attribute does not use the linearization map. Please calculate the velocity using the position attribute.
[2026-06-01 04:51:19,526] INFO: T:6.579, State:stance, Fz:-39.33, ThetaRef:5.00, ThetaActual:0.54, EncoderTheta:100.04, EncoderVelocity:-2.65, K:500.00, B:20.00
[2026-06-01 04:51:19,529] DEBUG: No valid transitions from state stance
[2026-06-01 04:51:19,529] WARNING: Velocity attribute does not use the linearization map. Please calculate the velocity using the position attribute.
[2026-06-01 04:51:19,534] INFO: T:6.588, State:stance, Fz:-40.73, ThetaRef:5.00, ThetaActual:0.54, EncoderTheta:100.02, EncoderVelocity:-2.62, K:500.00, B:20.00
[2026-06-01 04:51:19,537] DEBUG: No valid transitions from state stance
[2026-06-01 04:51:19,537] WARNING: Velocity attribute does not use the linearization map. Please calculate the velocity using the position attribute.
[2026-06-01 04:51:19,542] INFO: T:6.596, State:stance, Fz:-39.80, ThetaRef:5.00, ThetaActual:0.54, EncoderTheta:100.06, EncoderVelocity:5.37, K:500.00, B:20.00
[2026-06-01 04:51:19,545] DEBUG: No valid transitions from state stance
[2026-06-01 04:51:19,545] WARNING: Velocity attribute does not use the linearization map. Please calculate the velocity using the position attribute.
[2026-06-01 04:51:19,551] INFO: T:6.604, State:stance, Fz:-42.10, ThetaRef:5.00, ThetaActual:0.54, EncoderTheta:100.09, EncoderVelocity:2.64, K:500.00, B:20.00
[2026-06-01 04:51:19,553] DEBUG: No valid transitions from state stance
[2026-06-01 04:51:19,553] WARNING: Velocity attribute does not use the linearization map. Please calculate the velocity using the position attribute.
[2026-06-01 04:51:19,559] INFO: T:6.613, State:stance, Fz:-40.38, ThetaRef:5.00, ThetaActual:0.54, EncoderTheta:100.11, EncoderVelocity:2.68, K:500.00, B:20.00
[2026-06-01 04:51:19,562] DEBUG: No valid transitions from state stance
[2026-06-01 04:51:19,562] WARNING: Velocity attribute does not use the linearization map. Please calculate the velocity using the position attribute.
[2026-06-01 04:51:19,567] INFO: T:6.621, State:stance, Fz:-40.98, ThetaRef:5.00, ThetaActual:0.54, EncoderTheta:100.09, EncoderVelocity:-2.65, K:500.00, B:20.00
[2026-06-01 04:51:19,570] DEBUG: No valid transitions from state stance
[2026-06-01 04:51:19,570] WARNING: Velocity attribute does not use the linearization map. Please calculate the velocity using the position attribute.
[2026-06-01 04:51:19,576] INFO: T:6.629, State:stance, Fz:-41.48, ThetaRef:5.00, ThetaActual:0.54, EncoderTheta:100.09, EncoderVelocity:0.00, K:500.00, B:20.00
[2026-06-01 04:51:19,579] DEBUG: No valid transitions from state stance
[2026-06-01 04:51:19,579] WARNING: Velocity attribute does not use the linearization map. Please calculate the velocity using the position attribute.
[2026-06-01 04:51:19,584] INFO: T:6.638, State:stance, Fz:-39.86, ThetaRef:5.00, ThetaActual:0.54, EncoderTheta:100.06, EncoderVelocity:-2.60, K:500.00, B:20.00
[2026-06-01 04:51:19,587] DEBUG: No valid transitions from state stance
[2026-06-01 04:51:19,587] WARNING: Velocity attribute does not use the linearization map. Please calculate the velocity using the position attribute.
[2026-06-01 04:51:19,593] INFO: T:6.646, State:stance, Fz:-38.65, ThetaRef:5.00, ThetaActual:0.54, EncoderTheta:100.04, EncoderVelocity:-2.63, K:500.00, B:20.00
[2026-06-01 04:51:19,595] DEBUG: No valid transitions from state stance
[2026-06-01 04:51:19,595] WARNING: Velocity attribute does not use the linearization map. Please calculate the velocity using the position attribute.
[2026-06-01 04:51:19,601] INFO: T:6.654, State:stance, Fz:-38.23, ThetaRef:5.00, ThetaActual:0.54, EncoderTheta:100.06, EncoderVelocity:2.64, K:500.00, B:20.00
[2026-06-01 04:51:19,603] DEBUG: No valid transitions from state stance
[2026-06-01 04:51:19,603] WARNING: Velocity attribute does not use the linearization map. Please calculate the velocity using the position attribute.
[2026-06-01 04:51:19,609] INFO: T:6.663, State:stance, Fz:-34.94, ThetaRef:5.00, ThetaActual:0.54, EncoderTheta:100.09, EncoderVelocity:2.67, K:500.00, B:20.00
[2026-06-01 04:51:19,612] DEBUG: No valid transitions from state stance
[2026-06-01 04:51:19,612] WARNING: Velocity attribute does not use the linearization map. Please calculate the velocity using the position attribute.
[2026-06-01 04:51:19,617] INFO: T:6.671, State:stance, Fz:-35.38, ThetaRef:5.00, ThetaActual:0.54, EncoderTheta:100.09, EncoderVelocity:0.00, K:500.00, B:20.00
[2026-06-01 04:51:19,620] DEBUG: No valid transitions from state stance
[2026-06-01 04:51:19,620] WARNING: Velocity attribute does not use the linearization map. Please calculate the velocity using the position attribute.
[2026-06-01 04:51:19,625] INFO: T:6.679, State:stance, Fz:-33.74, ThetaRef:5.00, ThetaActual:0.54, EncoderTheta:100.09, EncoderVelocity:0.00, K:500.00, B:20.00
[2026-06-01 04:51:19,628] DEBUG: No valid transitions from state stance
[2026-06-01 04:51:19,628] WARNING: Velocity attribute does not use the linearization map. Please calculate the velocity using the position attribute.
[2026-06-01 04:51:19,634] INFO: T:6.687, State:stance, Fz:-31.49, ThetaRef:5.00, ThetaActual:0.54, EncoderTheta:100.04, EncoderVelocity:-5.28, K:500.00, B:20.00
[2026-06-01 04:51:19,636] DEBUG: No valid transitions from state stance
[2026-06-01 04:51:19,637] WARNING: Velocity attribute does not use the linearization map. Please calculate the velocity using the position attribute.
[2026-06-01 04:51:19,642] INFO: T:6.696, State:stance, Fz:-30.29, ThetaRef:5.00, ThetaActual:0.54, EncoderTheta:100.00, EncoderVelocity:-5.34, K:500.00, B:20.00
[2026-06-01 04:51:19,645] WARNING: Velocity attribute does not use the linearization map. Please calculate the velocity using the position attribute.
[2026-06-01 04:51:19,650] INFO: T:6.704, State:swing, Fz:-27.35, ThetaRef:60.00, ThetaActual:0.54, EncoderTheta:100.04, EncoderVelocity:5.18, K:10.00, B:0.50
[2026-06-01 04:51:19,653] DEBUG: No valid transitions from state swing
[2026-06-01 04:51:19,653] WARNING: Velocity attribute does not use the linearization map. Please calculate the velocity using the position attribute.
[2026-06-01 04:51:19,659] INFO: T:6.712, State:swing, Fz:-26.10, ThetaRef:60.00, ThetaActual:0.54, EncoderTheta:100.06, EncoderVelocity:2.68, K:10.00, B:0.50
[2026-06-01 04:51:19,661] DEBUG: No valid transitions from state swing
[2026-06-01 04:51:19,662] WARNING: Velocity attribute does not use the linearization map. Please calculate the velocity using the position attribute.
[2026-06-01 04:51:19,667] INFO: T:6.721, State:swing, Fz:-25.14, ThetaRef:60.00, ThetaActual:0.55, EncoderTheta:100.02, EncoderVelocity:-5.31, K:10.00, B:0.50
[2026-06-01 04:51:19,670] DEBUG: No valid transitions from state swing
[2026-06-01 04:51:19,670] WARNING: Velocity attribute does not use the linearization map. Please calculate the velocity using the position attribute.
[2026-06-01 04:51:19,675] INFO: T:6.729, State:swing, Fz:-23.44, ThetaRef:60.00, ThetaActual:0.60, EncoderTheta:100.00, EncoderVelocity:-2.67, K:10.00, B:0.50
[2026-06-01 04:51:19,678] DEBUG: No valid transitions from state swing
[2026-06-01 04:51:19,678] WARNING: Velocity attribute does not use the linearization map. Please calculate the velocity using the position attribute.
[2026-06-01 04:51:19,683] INFO: T:6.737, State:swing, Fz:-19.63, ThetaRef:60.00, ThetaActual:0.66, EncoderTheta:100.02, EncoderVelocity:2.68, K:10.00, B:0.50
[2026-06-01 04:51:19,686] DEBUG: No valid transitions from state swing
[2026-06-01 04:51:19,686] WARNING: Velocity attribute does not use the linearization map. Please calculate the velocity using the position attribute.
[2026-06-01 04:51:19,692] INFO: T:6.745, State:swing, Fz:-14.25, ThetaRef:60.00, ThetaActual:0.77, EncoderTheta:100.04, EncoderVelocity:2.66, K:10.00, B:0.50
[2026-06-01 04:51:19,694] DEBUG: No valid transitions from state swing
[2026-06-01 04:51:19,694] WARNING: Velocity attribute does not use the linearization map. Please calculate the velocity using the position attribute.
[2026-06-01 04:51:19,700] INFO: T:6.754, State:swing, Fz:-12.63, ThetaRef:60.00, ThetaActual:0.88, EncoderTheta:99.98, EncoderVelocity:-7.98, K:10.00, B:0.50
[2026-06-01 04:51:19,703] DEBUG: No valid transitions from state swing
[2026-06-01 04:51:19,703] WARNING: Velocity attribute does not use the linearization map. Please calculate the velocity using the position attribute.
[2026-06-01 04:51:19,709] INFO: T:6.762, State:swing, Fz:-12.91, ThetaRef:60.00, ThetaActual:0.93, EncoderTheta:99.91, EncoderVelocity:-7.91, K:10.00, B:0.50
[2026-06-01 04:51:19,711] DEBUG: No valid transitions from state swing
[2026-06-01 04:51:19,712] WARNING: Velocity attribute does not use the linearization map. Please calculate the velocity using the position attribute.
[2026-06-01 04:51:19,717] INFO: T:6.771, State:swing, Fz:-12.10, ThetaRef:60.00, ThetaActual:1.00, EncoderTheta:99.89, EncoderVelocity:-2.51, K:10.00, B:0.50
[2026-06-01 04:51:19,720] DEBUG: No valid transitions from state swing
[2026-06-01 04:51:19,720] WARNING: Velocity attribute does not use the linearization map. Please calculate the velocity using the position attribute.
[2026-06-01 04:51:19,726] INFO: T:6.779, State:swing, Fz:-10.49, ThetaRef:60.00, ThetaActual:1.04, EncoderTheta:99.80, EncoderVelocity:-10.34, K:10.00, B:0.50
[2026-06-01 04:51:19,728] DEBUG: No valid transitions from state swing
[2026-06-01 04:51:19,729] WARNING: Velocity attribute does not use the linearization map. Please calculate the velocity using the position attribute.
[2026-06-01 04:51:19,734] INFO: T:6.788, State:swing, Fz:-8.78, ThetaRef:60.00, ThetaActual:1.05, EncoderTheta:99.78, EncoderVelocity:-2.59, K:10.00, B:0.50
[2026-06-01 04:51:19,737] DEBUG: No valid transitions from state swing
[2026-06-01 04:51:19,737] WARNING: Velocity attribute does not use the linearization map. Please calculate the velocity using the position attribute.
[2026-06-01 04:51:19,742] INFO: T:6.796, State:swing, Fz:-5.97, ThetaRef:60.00, ThetaActual:1.08, EncoderTheta:99.69, EncoderVelocity:-10.59, K:10.00, B:0.50
[2026-06-01 04:51:19,745] DEBUG: No valid transitions from state swing
[2026-06-01 04:51:19,745] WARNING: Velocity attribute does not use the linearization map. Please calculate the velocity using the position attribute.
[2026-06-01 04:51:19,751] INFO: T:6.804, State:swing, Fz:-1.34, ThetaRef:60.00, ThetaActual:1.11, EncoderTheta:99.67, EncoderVelocity:-2.64, K:10.00, B:0.50
[2026-06-01 04:51:19,753] DEBUG: No valid transitions from state swing
[2026-06-01 04:51:19,753] WARNING: Velocity attribute does not use the linearization map. Please calculate the velocity using the position attribute.
[2026-06-01 04:51:19,759] INFO: T:6.813, State:swing, Fz:-0.31, ThetaRef:60.00, ThetaActual:1.13, EncoderTheta:99.65, EncoderVelocity:-2.67, K:10.00, B:0.50
[2026-06-01 04:51:19,762] DEBUG: No valid transitions from state swing
[2026-06-01 04:51:19,762] WARNING: Velocity attribute does not use the linearization map. Please calculate the velocity using the position attribute.
[2026-06-01 04:51:19,767] INFO: T:6.821, State:swing, Fz:0.48, ThetaRef:60.00, ThetaActual:1.17, EncoderTheta:99.54, EncoderVelocity:-13.15, K:10.00, B:0.50
[2026-06-01 04:51:19,770] DEBUG: No valid transitions from state swing
[2026-06-01 04:51:19,770] WARNING: Velocity attribute does not use the linearization map. Please calculate the velocity using the position attribute.
[2026-06-01 04:51:19,776] INFO: T:6.829, State:swing, Fz:0.60, ThetaRef:60.00, ThetaActual:1.21, EncoderTheta:99.56, EncoderVelocity:2.66, K:10.00, B:0.50
[2026-06-01 04:51:19,778] DEBUG: No valid transitions from state swing
[2026-06-01 04:51:19,778] WARNING: Velocity attribute does not use the linearization map. Please calculate the velocity using the position attribute.
[2026-06-01 04:51:19,784] INFO: T:6.837, State:swing, Fz:3.17, ThetaRef:60.00, ThetaActual:1.24, EncoderTheta:99.47, EncoderVelocity:-10.56, K:10.00, B:0.50
[2026-06-01 04:51:19,787] DEBUG: No valid transitions from state swing
[2026-06-01 04:51:19,787] WARNING: Velocity attribute does not use the linearization map. Please calculate the velocity using the position attribute.
[2026-06-01 04:51:19,792] INFO: T:6.846, State:swing, Fz:5.64, ThetaRef:60.00, ThetaActual:1.30, EncoderTheta:99.40, EncoderVelocity:-7.95, K:10.00, B:0.50
[2026-06-01 04:51:19,795] DEBUG: No valid transitions from state swing
[2026-06-01 04:51:19,795] WARNING: Velocity attribute does not use the linearization map. Please calculate the velocity using the position attribute.
[2026-06-01 04:51:19,800] INFO: T:6.854, State:swing, Fz:6.53, ThetaRef:60.00, ThetaActual:1.38, EncoderTheta:99.32, EncoderVelocity:-10.77, K:10.00, B:0.50
[2026-06-01 04:51:19,803] DEBUG: No valid transitions from state swing
[2026-06-01 04:51:19,803] WARNING: Velocity attribute does not use the linearization map. Please calculate the velocity using the position attribute.
[2026-06-01 04:51:19,809] INFO: T:6.862, State:swing, Fz:8.21, ThetaRef:60.00, ThetaActual:1.43, EncoderTheta:99.18, EncoderVelocity:-15.85, K:10.00, B:0.50
[2026-06-01 04:51:19,811] DEBUG: No valid transitions from state swing
[2026-06-01 04:51:19,811] WARNING: Velocity attribute does not use the linearization map. Please calculate the velocity using the position attribute.
[2026-06-01 04:51:19,817] INFO: T:6.870, State:swing, Fz:7.49, ThetaRef:60.00, ThetaActual:1.55, EncoderTheta:99.10, EncoderVelocity:-10.69, K:10.00, B:0.50
[2026-06-01 04:51:19,820] DEBUG: No valid transitions from state swing
[2026-06-01 04:51:19,820] WARNING: Velocity attribute does not use the linearization map. Please calculate the velocity using the position attribute.
[2026-06-01 04:51:19,825] INFO: T:6.879, State:swing, Fz:7.92, ThetaRef:60.00, ThetaActual:1.68, EncoderTheta:98.99, EncoderVelocity:-13.17, K:10.00, B:0.50
[2026-06-01 04:51:19,828] DEBUG: No valid transitions from state swing
[2026-06-01 04:51:19,828] WARNING: Velocity attribute does not use the linearization map. Please calculate the velocity using the position attribute.
[2026-06-01 04:51:19,834] INFO: T:6.887, State:swing, Fz:10.23, ThetaRef:60.00, ThetaActual:1.75, EncoderTheta:98.90, EncoderVelocity:-10.51, K:10.00, B:0.50
[2026-06-01 04:51:19,836] DEBUG: No valid transitions from state swing
[2026-06-01 04:51:19,836] WARNING: Velocity attribute does not use the linearization map. Please calculate the velocity using the position attribute.
[2026-06-01 04:51:19,842] INFO: T:6.895, State:swing, Fz:9.50, ThetaRef:60.00, ThetaActual:1.91, EncoderTheta:98.66, EncoderVelocity:-29.47, K:10.00, B:0.50
[2026-06-01 04:51:19,844] DEBUG: No valid transitions from state swing
[2026-06-01 04:51:19,844] WARNING: Velocity attribute does not use the linearization map. Please calculate the velocity using the position attribute.
[2026-06-01 04:51:19,850] INFO: T:6.904, State:swing, Fz:9.48, ThetaRef:60.00, ThetaActual:2.09, EncoderTheta:98.61, EncoderVelocity:-5.32, K:10.00, B:0.50
[2026-06-01 04:51:19,853] DEBUG: No valid transitions from state swing
[2026-06-01 04:51:19,853] WARNING: Velocity attribute does not use the linearization map. Please calculate the velocity using the position attribute.
[2026-06-01 04:51:19,859] INFO: T:6.912, State:swing, Fz:9.93, ThetaRef:60.00, ThetaActual:2.18, EncoderTheta:98.42, EncoderVelocity:-23.26, K:10.00, B:0.50
[2026-06-01 04:51:19,861] DEBUG: No valid transitions from state swing
[2026-06-01 04:51:19,861] WARNING: Velocity attribute does not use the linearization map. Please calculate the velocity using the position attribute.
[2026-06-01 04:51:19,867] INFO: T:6.921, State:swing, Fz:9.76, ThetaRef:60.00, ThetaActual:2.37, EncoderTheta:98.26, EncoderVelocity:-18.25, K:10.00, B:0.50
[2026-06-01 04:51:19,870] DEBUG: No valid transitions from state swing
[2026-06-01 04:51:19,870] WARNING: Velocity attribute does not use the linearization map. Please calculate the velocity using the position attribute.
[2026-06-01 04:51:19,875] INFO: T:6.929, State:swing, Fz:11.14, ThetaRef:60.00, ThetaActual:2.55, EncoderTheta:98.02, EncoderVelocity:-29.12, K:10.00, B:0.50
[2026-06-01 04:51:19,878] DEBUG: No valid transitions from state swing
[2026-06-01 04:51:19,878] WARNING: Velocity attribute does not use the linearization map. Please calculate the velocity using the position attribute.
[2026-06-01 04:51:19,884] INFO: T:6.937, State:swing, Fz:11.20, ThetaRef:60.00, ThetaActual:2.66, EncoderTheta:97.84, EncoderVelocity:-21.20, K:10.00, B:0.50
[2026-06-01 04:51:19,886] DEBUG: No valid transitions from state swing
[2026-06-01 04:51:19,886] WARNING: Velocity attribute does not use the linearization map. Please calculate the velocity using the position attribute.
[2026-06-01 04:51:19,892] INFO: T:6.946, State:swing, Fz:11.74, ThetaRef:60.00, ThetaActual:2.86, EncoderTheta:97.78, EncoderVelocity:-7.88, K:10.00, B:0.50
[2026-06-01 04:51:19,895] DEBUG: No valid transitions from state swing
[2026-06-01 04:51:19,895] WARNING: Velocity attribute does not use the linearization map. Please calculate the velocity using the position attribute.
[2026-06-01 04:51:19,900] INFO: T:6.954, State:swing, Fz:10.16, ThetaRef:60.00, ThetaActual:3.07, EncoderTheta:97.54, EncoderVelocity:-29.03, K:10.00, B:0.50
[2026-06-01 04:51:19,903] DEBUG: No valid transitions from state swing
[2026-06-01 04:51:19,903] WARNING: Velocity attribute does not use the linearization map. Please calculate the velocity using the position attribute.
[2026-06-01 04:51:19,908] INFO: T:6.962, State:swing, Fz:8.95, ThetaRef:60.00, ThetaActual:3.17, EncoderTheta:97.36, EncoderVelocity:-21.24, K:10.00, B:0.50
[2026-06-01 04:51:19,911] DEBUG: No valid transitions from state swing
[2026-06-01 04:51:19,911] WARNING: Velocity attribute does not use the linearization map. Please calculate the velocity using the position attribute.
[2026-06-01 04:51:19,917] INFO: T:6.971, State:swing, Fz:10.00, ThetaRef:60.00, ThetaActual:3.37, EncoderTheta:97.23, EncoderVelocity:-15.66, K:10.00, B:0.50
[2026-06-01 04:51:19,920] DEBUG: No valid transitions from state swing
[2026-06-01 04:51:19,920] WARNING: Velocity attribute does not use the linearization map. Please calculate the velocity using the position attribute.
[2026-06-01 04:51:19,925] INFO: T:6.979, State:swing, Fz:10.81, ThetaRef:60.00, ThetaActual:3.57, EncoderTheta:97.08, EncoderVelocity:-18.60, K:10.00, B:0.50
[2026-06-01 04:51:19,928] DEBUG: No valid transitions from state swing
[2026-06-01 04:51:19,928] WARNING: Velocity attribute does not use the linearization map. Please calculate the velocity using the position attribute.
[2026-06-01 04:51:19,934] INFO: T:6.987, State:swing, Fz:9.49, ThetaRef:60.00, ThetaActual:3.66, EncoderTheta:96.94, EncoderVelocity:-15.50, K:10.00, B:0.50
[2026-06-01 04:51:19,936] DEBUG: No valid transitions from state swing
[2026-06-01 04:51:19,936] WARNING: Velocity attribute does not use the linearization map. Please calculate the velocity using the position attribute.
[2026-06-01 04:51:19,942] INFO: T:6.996, State:swing, Fz:9.45, ThetaRef:60.00, ThetaActual:3.84, EncoderTheta:96.81, EncoderVelocity:-15.95, K:10.00, B:0.50
[2026-06-01 04:51:19,945] DEBUG: No valid transitions from state swing
[2026-06-01 04:51:19,945] WARNING: Velocity attribute does not use the linearization map. Please calculate the velocity using the position attribute.
[2026-06-01 04:51:19,950] INFO: T:7.004, State:swing, Fz:9.91, ThetaRef:60.00, ThetaActual:4.01, EncoderTheta:96.72, EncoderVelocity:-10.67, K:10.00, B:0.50
[2026-06-01 04:51:19,953] DEBUG: No valid transitions from state swing
[2026-06-01 04:51:19,953] WARNING: Velocity attribute does not use the linearization map. Please calculate the velocity using the position attribute.
[2026-06-01 04:51:19,958] INFO: T:7.012, State:swing, Fz:8.76, ThetaRef:60.00, ThetaActual:4.09, EncoderTheta:96.57, EncoderVelocity:-18.57, K:10.00, B:0.50
[2026-06-01 04:51:19,961] DEBUG: No valid transitions from state swing
[2026-06-01 04:51:19,961] WARNING: Velocity attribute does not use the linearization map. Please calculate the velocity using the position attribute.
[2026-06-01 04:51:19,967] INFO: T:7.020, State:swing, Fz:8.36, ThetaRef:60.00, ThetaActual:4.24, EncoderTheta:96.42, EncoderVelocity:-18.58, K:10.00, B:0.50
[2026-06-01 04:51:19,970] DEBUG: No valid transitions from state swing
[2026-06-01 04:51:19,970] WARNING: Velocity attribute does not use the linearization map. Please calculate the velocity using the position attribute.
[2026-06-01 04:51:19,975] INFO: T:7.029, State:swing, Fz:8.61, ThetaRef:60.00, ThetaActual:4.37, EncoderTheta:96.37, EncoderVelocity:-5.20, K:10.00, B:0.50
[2026-06-01 04:51:19,978] DEBUG: No valid transitions from state swing
[2026-06-01 04:51:19,978] WARNING: Velocity attribute does not use the linearization map. Please calculate the velocity using the position attribute.
[2026-06-01 04:51:19,984] INFO: T:7.037, State:swing, Fz:9.25, ThetaRef:60.00, ThetaActual:4.42, EncoderTheta:96.26, EncoderVelocity:-13.26, K:10.00, B:0.50
[2026-06-01 04:51:19,986] DEBUG: No valid transitions from state swing
[2026-06-01 04:51:19,986] WARNING: Velocity attribute does not use the linearization map. Please calculate the velocity using the position attribute.
[2026-06-01 04:51:19,992] INFO: T:7.045, State:swing, Fz:8.25, ThetaRef:60.00, ThetaActual:4.52, EncoderTheta:96.24, EncoderVelocity:-2.66, K:10.00, B:0.50
[2026-06-01 04:51:19,994] DEBUG: No valid transitions from state swing
[2026-06-01 04:51:19,995] WARNING: Velocity attribute does not use the linearization map. Please calculate the velocity using the position attribute.
[2026-06-01 04:51:20,000] INFO: T:7.054, State:swing, Fz:8.98, ThetaRef:60.00, ThetaActual:4.60, EncoderTheta:96.20, EncoderVelocity:-5.30, K:10.00, B:0.50
[2026-06-01 04:51:20,003] DEBUG: No valid transitions from state swing
[2026-06-01 04:51:20,003] WARNING: Velocity attribute does not use the linearization map. Please calculate the velocity using the position attribute.
[2026-06-01 04:51:20,008] INFO: T:7.062, State:swing, Fz:9.50, ThetaRef:60.00, ThetaActual:4.63, EncoderTheta:96.17, EncoderVelocity:-2.66, K:10.00, B:0.50
[2026-06-01 04:51:20,011] DEBUG: No valid transitions from state swing
[2026-06-01 04:51:20,011] WARNING: Velocity attribute does not use the linearization map. Please calculate the velocity using the position attribute.
[2026-06-01 04:51:20,016] INFO: T:7.070, State:swing, Fz:8.94, ThetaRef:60.00, ThetaActual:4.67, EncoderTheta:96.15, EncoderVelocity:-2.70, K:10.00, B:0.50
[2026-06-01 04:51:20,019] DEBUG: No valid transitions from state swing
[2026-06-01 04:51:20,019] WARNING: Velocity attribute does not use the linearization map. Please calculate the velocity using the position attribute.
[2026-06-01 04:51:20,025] INFO: T:7.078, State:swing, Fz:8.00, ThetaRef:60.00, ThetaActual:4.68, EncoderTheta:96.22, EncoderVelocity:8.03, K:10.00, B:0.50
[2026-06-01 04:51:20,027] DEBUG: No valid transitions from state swing
[2026-06-01 04:51:20,027] WARNING: Velocity attribute does not use the linearization map. Please calculate the velocity using the position attribute.
[2026-06-01 04:51:20,033] INFO: T:7.086, State:swing, Fz:6.78, ThetaRef:60.00, ThetaActual:4.69, EncoderTheta:96.17, EncoderVelocity:-5.38, K:10.00, B:0.50
[2026-06-01 04:51:20,036] DEBUG: No valid transitions from state swing
[2026-06-01 04:51:20,036] WARNING: Velocity attribute does not use the linearization map. Please calculate the velocity using the position attribute.
[2026-06-01 04:51:20,041] INFO: T:7.095, State:swing, Fz:3.34, ThetaRef:60.00, ThetaActual:4.69, EncoderTheta:96.20, EncoderVelocity:2.63, K:10.00, B:0.50
[2026-06-01 04:51:20,044] DEBUG: No valid transitions from state swing
[2026-06-01 04:51:20,044] WARNING: Velocity attribute does not use the linearization map. Please calculate the velocity using the position attribute.
[2026-06-01 04:51:20,049] INFO: T:7.103, State:swing, Fz:2.72, ThetaRef:60.00, ThetaActual:4.69, EncoderTheta:96.26, EncoderVelocity:8.02, K:10.00, B:0.50
[2026-06-01 04:51:20,052] DEBUG: No valid transitions from state swing
[2026-06-01 04:51:20,052] WARNING: Velocity attribute does not use the linearization map. Please calculate the velocity using the position attribute.
[2026-06-01 04:51:20,058] INFO: T:7.111, State:swing, Fz:-0.23, ThetaRef:60.00, ThetaActual:4.69, EncoderTheta:96.31, EncoderVelocity:5.33, K:10.00, B:0.50
[2026-06-01 04:51:20,061] DEBUG: No valid transitions from state swing
[2026-06-01 04:51:20,061] WARNING: Velocity attribute does not use the linearization map. Please calculate the velocity using the position attribute.
[2026-06-01 04:51:20,066] INFO: T:7.120, State:swing, Fz:-0.96, ThetaRef:60.00, ThetaActual:4.69, EncoderTheta:96.31, EncoderVelocity:0.00, K:10.00, B:0.50
[2026-06-01 04:51:20,069] DEBUG: No valid transitions from state swing
[2026-06-01 04:51:20,069] WARNING: Velocity attribute does not use the linearization map. Please calculate the velocity using the position attribute.
[2026-06-01 04:51:20,075] INFO: T:7.128, State:swing, Fz:-2.52, ThetaRef:60.00, ThetaActual:4.69, EncoderTheta:96.35, EncoderVelocity:5.29, K:10.00, B:0.50
[2026-06-01 04:51:20,077] DEBUG: No valid transitions from state swing
[2026-06-01 04:51:20,077] WARNING: Velocity attribute does not use the linearization map. Please calculate the velocity using the position attribute.
[2026-06-01 04:51:20,083] INFO: T:7.137, State:swing, Fz:-2.76, ThetaRef:60.00, ThetaActual:4.69, EncoderTheta:96.46, EncoderVelocity:13.35, K:10.00, B:0.50
[2026-06-01 04:51:20,086] DEBUG: No valid transitions from state swing
[2026-06-01 04:51:20,086] WARNING: Velocity attribute does not use the linearization map. Please calculate the velocity using the position attribute.
[2026-06-01 04:51:20,091] INFO: T:7.145, State:swing, Fz:-5.44, ThetaRef:60.00, ThetaActual:4.69, EncoderTheta:96.66, EncoderVelocity:23.56, K:10.00, B:0.50
[2026-06-01 04:51:20,094] DEBUG: No valid transitions from state swing
[2026-06-01 04:51:20,094] WARNING: Velocity attribute does not use the linearization map. Please calculate the velocity using the position attribute.
[2026-06-01 04:51:20,100] INFO: T:7.153, State:swing, Fz:-9.98, ThetaRef:60.00, ThetaActual:4.69, EncoderTheta:96.90, EncoderVelocity:29.23, K:10.00, B:0.50
[2026-06-01 04:51:20,102] DEBUG: No valid transitions from state swing
[2026-06-01 04:51:20,102] WARNING: Velocity attribute does not use the linearization map. Please calculate the velocity using the position attribute.
[2026-06-01 04:51:20,108] INFO: T:7.162, State:swing, Fz:-27.38, ThetaRef:60.00, ThetaActual:4.68, EncoderTheta:97.14, EncoderVelocity:29.06, K:10.00, B:0.50
[2026-06-01 04:51:20,111] DEBUG: No valid transitions from state swing
[2026-06-01 04:51:20,111] WARNING: Velocity attribute does not use the linearization map. Please calculate the velocity using the position attribute.
[2026-06-01 04:51:20,116] INFO: T:7.170, State:swing, Fz:-43.67, ThetaRef:60.00, ThetaActual:4.61, EncoderTheta:97.16, EncoderVelocity:2.62, K:10.00, B:0.50
[2026-06-01 04:51:20,119] WARNING: Velocity attribute does not use the linearization map. Please calculate the velocity using the position attribute.
[2026-06-01 04:51:20,125] INFO: T:7.178, State:stance, Fz:-48.56, ThetaRef:5.00, ThetaActual:4.53, EncoderTheta:97.32, EncoderVelocity:18.22, K:500.00, B:20.00
[2026-06-01 04:51:20,127] DEBUG: No valid transitions from state stance
[2026-06-01 04:51:20,128] WARNING: Velocity attribute does not use the linearization map. Please calculate the velocity using the position attribute.
[2026-06-01 04:51:20,133] INFO: T:7.187, State:stance, Fz:-53.05, ThetaRef:5.00, ThetaActual:4.31, EncoderTheta:97.43, EncoderVelocity:13.16, K:500.00, B:20.00
[2026-06-01 04:51:20,136] DEBUG: No valid transitions from state stance
[2026-06-01 04:51:20,136] WARNING: Velocity attribute does not use the linearization map. Please calculate the velocity using the position attribute.
[2026-06-01 04:51:20,141] INFO: T:7.195, State:stance, Fz:-46.63, ThetaRef:5.00, ThetaActual:4.05, EncoderTheta:97.80, EncoderVelocity:44.99, K:500.00, B:20.00
[2026-06-01 04:51:20,144] DEBUG: No valid transitions from state stance
[2026-06-01 04:51:20,144] WARNING: Velocity attribute does not use the linearization map. Please calculate the velocity using the position attribute.
[2026-06-01 04:51:20,150] INFO: T:7.203, State:stance, Fz:-36.24, ThetaRef:5.00, ThetaActual:3.81, EncoderTheta:98.28, EncoderVelocity:58.87, K:500.00, B:20.00
[2026-06-01 04:51:20,152] WARNING: Velocity attribute does not use the linearization map. Please calculate the velocity using the position attribute.
[2026-06-01 04:51:20,158] INFO: T:7.211, State:swing, Fz:-29.29, ThetaRef:60.00, ThetaActual:3.03, EncoderTheta:98.90, EncoderVelocity:74.97, K:10.00, B:0.50
[2026-06-01 04:51:20,160] DEBUG: No valid transitions from state swing
[2026-06-01 04:51:20,160] WARNING: Velocity attribute does not use the linearization map. Please calculate the velocity using the position attribute.
[2026-06-01 04:51:20,166] INFO: T:7.220, State:swing, Fz:-27.01, ThetaRef:60.00, ThetaActual:2.25, EncoderTheta:99.69, EncoderVelocity:97.27, K:10.00, B:0.50
[2026-06-01 04:51:20,169] WARNING: Velocity attribute does not use the linearization map. Please calculate the velocity using the position attribute.
[2026-06-01 04:51:20,174] INFO: T:7.228, State:stance, Fz:-45.87, ThetaRef:5.00, ThetaActual:1.94, EncoderTheta:100.06, EncoderVelocity:45.37, K:500.00, B:20.00
[2026-06-01 04:51:20,177] DEBUG: No valid transitions from state stance
[2026-06-01 04:51:20,177] WARNING: Velocity attribute does not use the linearization map. Please calculate the velocity using the position attribute.
[2026-06-01 04:51:20,182] INFO: T:7.236, State:stance, Fz:-90.40, ThetaRef:5.00, ThetaActual:1.38, EncoderTheta:100.04, EncoderVelocity:-2.71, K:500.00, B:20.00
[2026-06-01 04:51:20,185] DEBUG: No valid transitions from state stance
[2026-06-01 04:51:20,185] WARNING: Velocity attribute does not use the linearization map. Please calculate the velocity using the position attribute.
[2026-06-01 04:51:20,190] INFO: T:7.244, State:stance, Fz:-75.64, ThetaRef:5.00, ThetaActual:0.87, EncoderTheta:100.02, EncoderVelocity:-2.67, K:500.00, B:20.00
[2026-06-01 04:51:20,193] DEBUG: No valid transitions from state stance
[2026-06-01 04:51:20,193] WARNING: Velocity attribute does not use the linearization map. Please calculate the velocity using the position attribute.
[2026-06-01 04:51:20,199] INFO: T:7.252, State:stance, Fz:-48.18, ThetaRef:5.00, ThetaActual:0.68, EncoderTheta:100.06, EncoderVelocity:5.37, K:500.00, B:20.00
[2026-06-01 04:51:20,201] DEBUG: No valid transitions from state stance
[2026-06-01 04:51:20,201] WARNING: Velocity attribute does not use the linearization map. Please calculate the velocity using the position attribute.
[2026-06-01 04:51:20,207] INFO: T:7.261, State:stance, Fz:-79.47, ThetaRef:5.00, ThetaActual:0.60, EncoderTheta:100.09, EncoderVelocity:2.68, K:500.00, B:20.00
[2026-06-01 04:51:20,209] DEBUG: No valid transitions from state stance
[2026-06-01 04:51:20,210] WARNING: Velocity attribute does not use the linearization map. Please calculate the velocity using the position attribute.
[2026-06-01 04:51:20,216] INFO: T:7.269, State:stance, Fz:-71.89, ThetaRef:5.00, ThetaActual:0.60, EncoderTheta:100.02, EncoderVelocity:-8.03, K:500.00, B:20.00
[2026-06-01 04:51:20,219] DEBUG: No valid transitions from state stance
[2026-06-01 04:51:20,219] WARNING: Velocity attribute does not use the linearization map. Please calculate the velocity using the position attribute.
[2026-06-01 04:51:20,225] INFO: T:7.278, State:stance, Fz:-56.45, ThetaRef:5.00, ThetaActual:0.60, EncoderTheta:100.11, EncoderVelocity:9.65, K:500.00, B:20.00
[2026-06-01 04:51:20,227] DEBUG: No valid transitions from state stance
[2026-06-01 04:51:20,227] WARNING: Velocity attribute does not use the linearization map. Please calculate the velocity using the position attribute.
[2026-06-01 04:51:20,233] INFO: T:7.287, State:stance, Fz:-71.76, ThetaRef:5.00, ThetaActual:0.60, EncoderTheta:100.09, EncoderVelocity:-2.52, K:500.00, B:20.00
[2026-06-01 04:51:20,236] DEBUG: No valid transitions from state stance
[2026-06-01 04:51:20,236] WARNING: Velocity attribute does not use the linearization map. Please calculate the velocity using the position attribute.
[2026-06-01 04:51:20,241] INFO: T:7.295, State:stance, Fz:-69.51, ThetaRef:5.00, ThetaActual:0.60, EncoderTheta:100.06, EncoderVelocity:-2.64, K:500.00, B:20.00
[2026-06-01 04:51:20,244] DEBUG: No valid transitions from state stance
[2026-06-01 04:51:20,244] WARNING: Velocity attribute does not use the linearization map. Please calculate the velocity using the position attribute.
[2026-06-01 04:51:20,250] INFO: T:7.303, State:stance, Fz:-60.20, ThetaRef:5.00, ThetaActual:0.60, EncoderTheta:100.04, EncoderVelocity:-2.63, K:500.00, B:20.00
[2026-06-01 04:51:20,252] DEBUG: No valid transitions from state stance
[2026-06-01 04:51:20,253] WARNING: Velocity attribute does not use the linearization map. Please calculate the velocity using the position attribute.
[2026-06-01 04:51:20,258] INFO: T:7.312, State:stance, Fz:-63.63, ThetaRef:5.00, ThetaActual:0.60, EncoderTheta:100.06, EncoderVelocity:2.62, K:500.00, B:20.00
[2026-06-01 04:51:20,261] DEBUG: No valid transitions from state stance
[2026-06-01 04:51:20,261] WARNING: Velocity attribute does not use the linearization map. Please calculate the velocity using the position attribute.
[2026-06-01 04:51:20,266] INFO: T:7.320, State:stance, Fz:-65.27, ThetaRef:5.00, ThetaActual:0.60, EncoderTheta:100.09, EncoderVelocity:2.64, K:500.00, B:20.00
[2026-06-01 04:51:20,269] DEBUG: No valid transitions from state stance
[2026-06-01 04:51:20,269] WARNING: Velocity attribute does not use the linearization map. Please calculate the velocity using the position attribute.
[2026-06-01 04:51:20,275] INFO: T:7.328, State:stance, Fz:-59.95, ThetaRef:5.00, ThetaActual:0.60, EncoderTheta:100.11, EncoderVelocity:2.64, K:500.00, B:20.00
[2026-06-01 04:51:20,277] DEBUG: No valid transitions from state stance
[2026-06-01 04:51:20,277] WARNING: Velocity attribute does not use the linearization map. Please calculate the velocity using the position attribute.
[2026-06-01 04:51:20,283] INFO: T:7.337, State:stance, Fz:-63.41, ThetaRef:5.00, ThetaActual:0.60, EncoderTheta:100.09, EncoderVelocity:-2.67, K:500.00, B:20.00
[2026-06-01 04:51:20,285] DEBUG: No valid transitions from state stance
[2026-06-01 04:51:20,286] WARNING: Velocity attribute does not use the linearization map. Please calculate the velocity using the position attribute.
[2026-06-01 04:51:20,291] INFO: T:7.345, State:stance, Fz:-60.55, ThetaRef:5.00, ThetaActual:0.60, EncoderTheta:100.06, EncoderVelocity:-2.68, K:500.00, B:20.00
[2026-06-01 04:51:20,294] DEBUG: No valid transitions from state stance
[2026-06-01 04:51:20,294] WARNING: Velocity attribute does not use the linearization map. Please calculate the velocity using the position attribute.
[2026-06-01 04:51:20,299] INFO: T:7.353, State:stance, Fz:-56.81, ThetaRef:5.00, ThetaActual:0.60, EncoderTheta:100.06, EncoderVelocity:0.00, K:500.00, B:20.00
[2026-06-01 04:51:20,302] DEBUG: No valid transitions from state stance
[2026-06-01 04:51:20,302] WARNING: Velocity attribute does not use the linearization map. Please calculate the velocity using the position attribute.
[2026-06-01 04:51:20,308] INFO: T:7.361, State:stance, Fz:-56.50, ThetaRef:5.00, ThetaActual:0.60, EncoderTheta:100.09, EncoderVelocity:2.65, K:500.00, B:20.00
[2026-06-01 04:51:20,310] DEBUG: No valid transitions from state stance
[2026-06-01 04:51:20,310] WARNING: Velocity attribute does not use the linearization map. Please calculate the velocity using the position attribute.
[2026-06-01 04:51:20,316] INFO: T:7.369, State:stance, Fz:-57.74, ThetaRef:5.00, ThetaActual:0.60, EncoderTheta:100.09, EncoderVelocity:0.00, K:500.00, B:20.00
[2026-06-01 04:51:20,318] DEBUG: No valid transitions from state stance
[2026-06-01 04:51:20,318] WARNING: Velocity attribute does not use the linearization map. Please calculate the velocity using the position attribute.
[2026-06-01 04:51:20,324] INFO: T:7.378, State:stance, Fz:-53.69, ThetaRef:5.00, ThetaActual:0.60, EncoderTheta:100.09, EncoderVelocity:0.00, K:500.00, B:20.00
[2026-06-01 04:51:20,327] DEBUG: No valid transitions from state stance
[2026-06-01 04:51:20,327] WARNING: Velocity attribute does not use the linearization map. Please calculate the velocity using the position attribute.
[2026-06-01 04:51:20,332] INFO: T:7.386, State:stance, Fz:-56.07, ThetaRef:5.00, ThetaActual:0.60, EncoderTheta:100.11, EncoderVelocity:2.67, K:500.00, B:20.00
[2026-06-01 04:51:20,335] DEBUG: No valid transitions from state stance
[2026-06-01 04:51:20,335] WARNING: Velocity attribute does not use the linearization map. Please calculate the velocity using the position attribute.
[2026-06-01 04:51:20,341] INFO: T:7.394, State:stance, Fz:-54.89, ThetaRef:5.00, ThetaActual:0.60, EncoderTheta:100.09, EncoderVelocity:-2.65, K:500.00, B:20.00
[2026-06-01 04:51:20,343] DEBUG: No valid transitions from state stance
[2026-06-01 04:51:20,343] WARNING: Velocity attribute does not use the linearization map. Please calculate the velocity using the position attribute.
[2026-06-01 04:51:20,349] INFO: T:7.402, State:stance, Fz:-53.00, ThetaRef:5.00, ThetaActual:0.60, EncoderTheta:100.04, EncoderVelocity:-5.37, K:500.00, B:20.00
[2026-06-01 04:51:20,351] DEBUG: No valid transitions from state stance
[2026-06-01 04:51:20,351] WARNING: Velocity attribute does not use the linearization map. Please calculate the velocity using the position attribute.
[2026-06-01 04:51:20,357] INFO: T:7.411, State:stance, Fz:-50.10, ThetaRef:5.00, ThetaActual:0.60, EncoderTheta:100.06, EncoderVelocity:2.68, K:500.00, B:20.00
[2026-06-01 04:51:20,360] DEBUG: No valid transitions from state stance
[2026-06-01 04:51:20,360] WARNING: Velocity attribute does not use the linearization map. Please calculate the velocity using the position attribute.
[2026-06-01 04:51:20,365] INFO: T:7.419, State:stance, Fz:-45.88, ThetaRef:5.00, ThetaActual:0.60, EncoderTheta:100.06, EncoderVelocity:0.00, K:500.00, B:20.00
[2026-06-01 04:51:20,368] DEBUG: No valid transitions from state stance
[2026-06-01 04:51:20,368] WARNING: Velocity attribute does not use the linearization map. Please calculate the velocity using the position attribute.
[2026-06-01 04:51:20,374] INFO: T:7.427, State:stance, Fz:-43.13, ThetaRef:5.00, ThetaActual:0.60, EncoderTheta:100.09, EncoderVelocity:2.69, K:500.00, B:20.00
[2026-06-01 04:51:20,379] DEBUG: No valid transitions from state stance
[2026-06-01 04:51:20,379] WARNING: Velocity attribute does not use the linearization map. Please calculate the velocity using the position attribute.
[2026-06-01 04:51:20,386] INFO: T:7.438, State:stance, Fz:-40.53, ThetaRef:5.00, ThetaActual:0.60, EncoderTheta:100.02, EncoderVelocity:-6.02, K:500.00, B:20.00
[2026-06-01 04:51:20,389] DEBUG: No valid transitions from state stance
[2026-06-01 04:51:20,389] WARNING: Velocity attribute does not use the linearization map. Please calculate the velocity using the position attribute.
[2026-06-01 04:51:20,395] INFO: T:7.448, State:stance, Fz:-35.09, ThetaRef:5.00, ThetaActual:0.60, EncoderTheta:100.00, EncoderVelocity:-2.25, K:500.00, B:20.00
[2026-06-01 04:51:20,398] WARNING: Velocity attribute does not use the linearization map. Please calculate the velocity using the position attribute.
[2026-06-01 04:51:20,404] INFO: T:7.457, State:swing, Fz:-28.96, ThetaRef:60.00, ThetaActual:0.60, EncoderTheta:100.02, EncoderVelocity:2.37, K:10.00, B:0.50
[2026-06-01 04:51:20,406] DEBUG: No valid transitions from state swing
[2026-06-01 04:51:20,406] WARNING: Velocity attribute does not use the linearization map. Please calculate the velocity using the position attribute.
[2026-06-01 04:51:20,412] INFO: T:7.466, State:swing, Fz:-24.23, ThetaRef:60.00, ThetaActual:0.60, EncoderTheta:99.98, EncoderVelocity:-5.21, K:10.00, B:0.50
[2026-06-01 04:51:20,415] DEBUG: No valid transitions from state swing
[2026-06-01 04:51:20,415] WARNING: Velocity attribute does not use the linearization map. Please calculate the velocity using the position attribute.
[2026-06-01 04:51:20,420] INFO: T:7.474, State:swing, Fz:-15.64, ThetaRef:60.00, ThetaActual:0.60, EncoderTheta:100.02, EncoderVelocity:5.24, K:10.00, B:0.50
[2026-06-01 04:51:20,423] DEBUG: No valid transitions from state swing
[2026-06-01 04:51:20,423] WARNING: Velocity attribute does not use the linearization map. Please calculate the velocity using the position attribute.
[2026-06-01 04:51:20,429] INFO: T:7.482, State:swing, Fz:-7.58, ThetaRef:60.00, ThetaActual:0.63, EncoderTheta:100.00, EncoderVelocity:-2.65, K:10.00, B:0.50
[2026-06-01 04:51:20,431] DEBUG: No valid transitions from state swing
[2026-06-01 04:51:20,431] WARNING: Velocity attribute does not use the linearization map. Please calculate the velocity using the position attribute.
[2026-06-01 04:51:20,437] INFO: T:7.490, State:swing, Fz:-4.96, ThetaRef:60.00, ThetaActual:0.73, EncoderTheta:99.82, EncoderVelocity:-21.15, K:10.00, B:0.50
[2026-06-01 04:51:20,440] DEBUG: No valid transitions from state swing
[2026-06-01 04:51:20,440] WARNING: Velocity attribute does not use the linearization map. Please calculate the velocity using the position attribute.
[2026-06-01 04:51:20,446] INFO: T:7.499, State:swing, Fz:2.07, ThetaRef:60.00, ThetaActual:0.89, EncoderTheta:99.65, EncoderVelocity:-21.24, K:10.00, B:0.50
[2026-06-01 04:51:20,449] DEBUG: No valid transitions from state swing
[2026-06-01 04:51:20,449] WARNING: Velocity attribute does not use the linearization map. Please calculate the velocity using the position attribute.
[2026-06-01 04:51:20,454] INFO: T:7.508, State:swing, Fz:10.41, ThetaRef:60.00, ThetaActual:0.99, EncoderTheta:99.38, EncoderVelocity:-28.85, K:10.00, B:0.50
[2026-06-01 04:51:20,457] DEBUG: No valid transitions from state swing
[2026-06-01 04:51:20,457] WARNING: Velocity attribute does not use the linearization map. Please calculate the velocity using the position attribute.
[2026-06-01 04:51:20,463] INFO: T:7.516, State:swing, Fz:17.21, ThetaRef:60.00, ThetaActual:1.28, EncoderTheta:99.05, EncoderVelocity:-39.58, K:10.00, B:0.50
[2026-06-01 04:51:20,465] DEBUG: No valid transitions from state swing
[2026-06-01 04:51:20,465] WARNING: Velocity attribute does not use the linearization map. Please calculate the velocity using the position attribute.
[2026-06-01 04:51:20,471] INFO: T:7.525, State:swing, Fz:21.41, ThetaRef:60.00, ThetaActual:1.65, EncoderTheta:98.70, EncoderVelocity:-42.56, K:10.00, B:0.50
[2026-06-01 04:51:20,474] DEBUG: No valid transitions from state swing
[2026-06-01 04:51:20,474] WARNING: Velocity attribute does not use the linearization map. Please calculate the velocity using the position attribute.
[2026-06-01 04:51:20,479] INFO: T:7.533, State:swing, Fz:25.55, ThetaRef:60.00, ThetaActual:1.87, EncoderTheta:98.26, EncoderVelocity:-52.94, K:10.00, B:0.50
[2026-06-01 04:51:20,482] DEBUG: No valid transitions from state swing
[2026-06-01 04:51:20,482] WARNING: Velocity attribute does not use the linearization map. Please calculate the velocity using the position attribute.
[2026-06-01 04:51:20,487] INFO: T:7.541, State:swing, Fz:30.70, ThetaRef:60.00, ThetaActual:2.36, EncoderTheta:97.82, EncoderVelocity:-53.41, K:10.00, B:0.50
[2026-06-01 04:51:20,490] DEBUG: No valid transitions from state swing
[2026-06-01 04:51:20,490] WARNING: Velocity attribute does not use the linearization map. Please calculate the velocity using the position attribute.
[2026-06-01 04:51:20,496] INFO: T:7.549, State:swing, Fz:35.10, ThetaRef:60.00, ThetaActual:2.93, EncoderTheta:97.36, EncoderVelocity:-56.33, K:10.00, B:0.50
[2026-06-01 04:51:20,498] DEBUG: No valid transitions from state swing
[2026-06-01 04:51:20,498] WARNING: Velocity attribute does not use the linearization map. Please calculate the velocity using the position attribute.
[2026-06-01 04:51:20,504] INFO: T:7.558, State:swing, Fz:39.42, ThetaRef:60.00, ThetaActual:3.24, EncoderTheta:96.86, EncoderVelocity:-60.44, K:10.00, B:0.50
[2026-06-01 04:51:20,507] DEBUG: No valid transitions from state swing
[2026-06-01 04:51:20,507] WARNING: Velocity attribute does not use the linearization map. Please calculate the velocity using the position attribute.
[2026-06-01 04:51:20,512] INFO: T:7.566, State:swing, Fz:41.22, ThetaRef:60.00, ThetaActual:3.91, EncoderTheta:96.26, EncoderVelocity:-71.79, K:10.00, B:0.50
[2026-06-01 04:51:20,515] DEBUG: No valid transitions from state swing
[2026-06-01 04:51:20,515] WARNING: Velocity attribute does not use the linearization map. Please calculate the velocity using the position attribute.
[2026-06-01 04:51:20,521] INFO: T:7.574, State:swing, Fz:44.06, ThetaRef:60.00, ThetaActual:4.65, EncoderTheta:95.60, EncoderVelocity:-79.27, K:10.00, B:0.50
[2026-06-01 04:51:20,523] DEBUG: No valid transitions from state swing
[2026-06-01 04:51:20,523] WARNING: Velocity attribute does not use the linearization map. Please calculate the velocity using the position attribute.
[2026-06-01 04:51:20,529] INFO: T:7.582, State:swing, Fz:45.73, ThetaRef:60.00, ThetaActual:5.04, EncoderTheta:94.94, EncoderVelocity:-79.62, K:10.00, B:0.50
[2026-06-01 04:51:20,532] DEBUG: No valid transitions from state swing
[2026-06-01 04:51:20,532] WARNING: Velocity attribute does not use the linearization map. Please calculate the velocity using the position attribute.
[2026-06-01 04:51:20,538] INFO: T:7.591, State:swing, Fz:45.53, ThetaRef:60.00, ThetaActual:5.86, EncoderTheta:94.22, EncoderVelocity:-84.35, K:10.00, B:0.50
[2026-06-01 04:51:20,540] DEBUG: No valid transitions from state swing
[2026-06-01 04:51:20,540] WARNING: Velocity attribute does not use the linearization map. Please calculate the velocity using the position attribute.
[2026-06-01 04:51:20,546] INFO: T:7.599, State:swing, Fz:45.34, ThetaRef:60.00, ThetaActual:6.71, EncoderTheta:93.49, EncoderVelocity:-86.20, K:10.00, B:0.50
[2026-06-01 04:51:20,549] DEBUG: No valid transitions from state swing
[2026-06-01 04:51:20,549] WARNING: Velocity attribute does not use the linearization map. Please calculate the velocity using the position attribute.
[2026-06-01 04:51:20,554] INFO: T:7.608, State:swing, Fz:45.22, ThetaRef:60.00, ThetaActual:7.15, EncoderTheta:92.75, EncoderVelocity:-89.26, K:10.00, B:0.50
[2026-06-01 04:51:20,557] DEBUG: No valid transitions from state swing
[2026-06-01 04:51:20,557] WARNING: Velocity attribute does not use the linearization map. Please calculate the velocity using the position attribute.
[2026-06-01 04:51:20,562] INFO: T:7.616, State:swing, Fz:44.16, ThetaRef:60.00, ThetaActual:8.05, EncoderTheta:92.07, EncoderVelocity:-82.99, K:10.00, B:0.50
[2026-06-01 04:51:20,565] DEBUG: No valid transitions from state swing
[2026-06-01 04:51:20,565] WARNING: Velocity attribute does not use the linearization map. Please calculate the velocity using the position attribute.
[2026-06-01 04:51:20,571] INFO: T:7.624, State:swing, Fz:42.84, ThetaRef:60.00, ThetaActual:8.95, EncoderTheta:91.34, EncoderVelocity:-87.22, K:10.00, B:0.50
[2026-06-01 04:51:20,573] DEBUG: No valid transitions from state swing
[2026-06-01 04:51:20,573] WARNING: Velocity attribute does not use the linearization map. Please calculate the velocity using the position attribute.
[2026-06-01 04:51:20,579] INFO: T:7.633, State:swing, Fz:42.79, ThetaRef:60.00, ThetaActual:9.40, EncoderTheta:90.64, EncoderVelocity:-84.95, K:10.00, B:0.50
[2026-06-01 04:51:20,582] DEBUG: No valid transitions from state swing
[2026-06-01 04:51:20,582] WARNING: Velocity attribute does not use the linearization map. Please calculate the velocity using the position attribute.
[2026-06-01 04:51:20,587] INFO: T:7.641, State:swing, Fz:39.31, ThetaRef:60.00, ThetaActual:10.28, EncoderTheta:90.00, EncoderVelocity:-77.74, K:10.00, B:0.50
[2026-06-01 04:51:20,590] DEBUG: No valid transitions from state swing
[2026-06-01 04:51:20,590] WARNING: Velocity attribute does not use the linearization map. Please calculate the velocity using the position attribute.
[2026-06-01 04:51:20,595] INFO: T:7.649, State:swing, Fz:38.64, ThetaRef:60.00, ThetaActual:11.12, EncoderTheta:89.32, EncoderVelocity:-83.11, K:10.00, B:0.50
[2026-06-01 04:51:20,598] DEBUG: No valid transitions from state swing
[2026-06-01 04:51:20,598] WARNING: Velocity attribute does not use the linearization map. Please calculate the velocity using the position attribute.
[2026-06-01 04:51:20,604] INFO: T:7.657, State:swing, Fz:35.62, ThetaRef:60.00, ThetaActual:11.53, EncoderTheta:88.66, EncoderVelocity:-79.42, K:10.00, B:0.50
[2026-06-01 04:51:20,606] DEBUG: No valid transitions from state swing
[2026-06-01 04:51:20,606] WARNING: Velocity attribute does not use the linearization map. Please calculate the velocity using the position attribute.
[2026-06-01 04:51:20,612] INFO: T:7.666, State:swing, Fz:32.82, ThetaRef:60.00, ThetaActual:12.29, EncoderTheta:88.09, EncoderVelocity:-68.86, K:10.00, B:0.50
[2026-06-01 04:51:20,615] DEBUG: No valid transitions from state swing
[2026-06-01 04:51:20,615] WARNING: Velocity attribute does not use the linearization map. Please calculate the velocity using the position attribute.
[2026-06-01 04:51:20,620] INFO: T:7.674, State:swing, Fz:30.21, ThetaRef:60.00, ThetaActual:12.97, EncoderTheta:87.65, EncoderVelocity:-53.07, K:10.00, B:0.50
[2026-06-01 04:51:20,623] DEBUG: No valid transitions from state swing
[2026-06-01 04:51:20,623] WARNING: Velocity attribute does not use the linearization map. Please calculate the velocity using the position attribute.
[2026-06-01 04:51:20,629] INFO: T:7.682, State:swing, Fz:27.73, ThetaRef:60.00, ThetaActual:13.29, EncoderTheta:87.21, EncoderVelocity:-53.16, K:10.00, B:0.50
[2026-06-01 04:51:20,631] DEBUG: No valid transitions from state swing
[2026-06-01 04:51:20,631] WARNING: Velocity attribute does not use the linearization map. Please calculate the velocity using the position attribute.
[2026-06-01 04:51:20,637] INFO: T:7.690, State:swing, Fz:25.82, ThetaRef:60.00, ThetaActual:13.87, EncoderTheta:86.75, EncoderVelocity:-56.34, K:10.00, B:0.50
[2026-06-01 04:51:20,639] DEBUG: No valid transitions from state swing
[2026-06-01 04:51:20,639] WARNING: Velocity attribute does not use the linearization map. Please calculate the velocity using the position attribute.
[2026-06-01 04:51:20,645] INFO: T:7.699, State:swing, Fz:21.86, ThetaRef:60.00, ThetaActual:14.13, EncoderTheta:86.42, EncoderVelocity:-40.21, K:10.00, B:0.50
[2026-06-01 04:51:20,648] DEBUG: No valid transitions from state swing
[2026-06-01 04:51:20,648] WARNING: Velocity attribute does not use the linearization map. Please calculate the velocity using the position attribute.
[2026-06-01 04:51:20,653] INFO: T:7.707, State:swing, Fz:20.84, ThetaRef:60.00, ThetaActual:14.58, EncoderTheta:86.15, EncoderVelocity:-31.88, K:10.00, B:0.50
[2026-06-01 04:51:20,656] DEBUG: No valid transitions from state swing
[2026-06-01 04:51:20,656] WARNING: Velocity attribute does not use the linearization map. Please calculate the velocity using the position attribute.
[2026-06-01 04:51:20,662] INFO: T:7.715, State:swing, Fz:17.66, ThetaRef:60.00, ThetaActual:14.93, EncoderTheta:85.91, EncoderVelocity:-28.77, K:10.00, B:0.50
[2026-06-01 04:51:20,664] DEBUG: No valid transitions from state swing
[2026-06-01 04:51:20,664] WARNING: Velocity attribute does not use the linearization map. Please calculate the velocity using the position attribute.
[2026-06-01 04:51:20,670] INFO: T:7.724, State:swing, Fz:15.67, ThetaRef:60.00, ThetaActual:15.07, EncoderTheta:85.76, EncoderVelocity:-18.37, K:10.00, B:0.50
[2026-06-01 04:51:20,673] DEBUG: No valid transitions from state swing
[2026-06-01 04:51:20,673] WARNING: Velocity attribute does not use the linearization map. Please calculate the velocity using the position attribute.
[2026-06-01 04:51:20,678] INFO: T:7.732, State:swing, Fz:14.67, ThetaRef:60.00, ThetaActual:15.27, EncoderTheta:85.74, EncoderVelocity:-2.67, K:10.00, B:0.50
[2026-06-01 04:51:20,681] DEBUG: No valid transitions from state swing
[2026-06-01 04:51:20,681] WARNING: Velocity attribute does not use the linearization map. Please calculate the velocity using the position attribute.
[2026-06-01 04:51:20,687] INFO: T:7.740, State:swing, Fz:12.87, ThetaRef:60.00, ThetaActual:15.34, EncoderTheta:85.76, EncoderVelocity:2.59, K:10.00, B:0.50
[2026-06-01 04:51:20,689] DEBUG: No valid transitions from state swing
[2026-06-01 04:51:20,689] WARNING: Velocity attribute does not use the linearization map. Please calculate the velocity using the position attribute.
[2026-06-01 04:51:20,695] INFO: T:7.749, State:swing, Fz:9.53, ThetaRef:60.00, ThetaActual:15.34, EncoderTheta:85.85, EncoderVelocity:10.69, K:10.00, B:0.50
[2026-06-01 04:51:20,698] DEBUG: No valid transitions from state swing
[2026-06-01 04:51:20,698] WARNING: Velocity attribute does not use the linearization map. Please calculate the velocity using the position attribute.
[2026-06-01 04:51:20,703] INFO: T:7.757, State:swing, Fz:6.99, ThetaRef:60.00, ThetaActual:15.29, EncoderTheta:85.87, EncoderVelocity:2.65, K:10.00, B:0.50
[2026-06-01 04:51:20,706] DEBUG: No valid transitions from state swing
[2026-06-01 04:51:20,706] WARNING: Velocity attribute does not use the linearization map. Please calculate the velocity using the position attribute.
[2026-06-01 04:51:20,711] INFO: T:7.765, State:swing, Fz:4.55, ThetaRef:60.00, ThetaActual:15.21, EncoderTheta:86.04, EncoderVelocity:21.54, K:10.00, B:0.50
[2026-06-01 04:51:20,714] DEBUG: No valid transitions from state swing
[2026-06-01 04:51:20,714] WARNING: Velocity attribute does not use the linearization map. Please calculate the velocity using the position attribute.
[2026-06-01 04:51:20,720] INFO: T:7.773, State:swing, Fz:2.67, ThetaRef:60.00, ThetaActual:15.16, EncoderTheta:86.13, EncoderVelocity:10.58, K:10.00, B:0.50
[2026-06-01 04:51:20,722] DEBUG: No valid transitions from state swing
[2026-06-01 04:51:20,722] WARNING: Velocity attribute does not use the linearization map. Please calculate the velocity using the position attribute.
[2026-06-01 04:51:20,728] INFO: T:7.782, State:swing, Fz:-1.24, ThetaRef:60.00, ThetaActual:15.02, EncoderTheta:86.31, EncoderVelocity:21.37, K:10.00, B:0.50
[2026-06-01 04:51:20,731] DEBUG: No valid transitions from state swing
[2026-06-01 04:51:20,731] WARNING: Velocity attribute does not use the linearization map. Please calculate the velocity using the position attribute.
[2026-06-01 04:51:20,736] INFO: T:7.790, State:swing, Fz:-2.73, ThetaRef:60.00, ThetaActual:14.83, EncoderTheta:86.57, EncoderVelocity:32.10, K:10.00, B:0.50
[2026-06-01 04:51:20,739] DEBUG: No valid transitions from state swing
[2026-06-01 04:51:20,739] WARNING: Velocity attribute does not use the linearization map. Please calculate the velocity using the position attribute.
[2026-06-01 04:51:20,744] INFO: T:7.798, State:swing, Fz:-5.83, ThetaRef:60.00, ThetaActual:14.72, EncoderTheta:86.81, EncoderVelocity:29.36, K:10.00, B:0.50
[2026-06-01 04:51:20,747] DEBUG: No valid transitions from state swing
[2026-06-01 04:51:20,747] WARNING: Velocity attribute does not use the linearization map. Please calculate the velocity using the position attribute.
[2026-06-01 04:51:20,753] INFO: T:7.806, State:swing, Fz:-7.71, ThetaRef:60.00, ThetaActual:14.47, EncoderTheta:87.06, EncoderVelocity:29.37, K:10.00, B:0.50
[2026-06-01 04:51:20,755] DEBUG: No valid transitions from state swing
[2026-06-01 04:51:20,755] WARNING: Velocity attribute does not use the linearization map. Please calculate the velocity using the position attribute.
[2026-06-01 04:51:20,761] INFO: T:7.814, State:swing, Fz:-9.15, ThetaRef:60.00, ThetaActual:14.18, EncoderTheta:87.30, EncoderVelocity:29.56, K:10.00, B:0.50
[2026-06-01 04:51:20,763] DEBUG: No valid transitions from state swing
[2026-06-01 04:51:20,764] WARNING: Velocity attribute does not use the linearization map. Please calculate the velocity using the position attribute.
[2026-06-01 04:51:20,769] INFO: T:7.823, State:swing, Fz:-11.77, ThetaRef:60.00, ThetaActual:14.02, EncoderTheta:87.58, EncoderVelocity:34.39, K:10.00, B:0.50
[2026-06-01 04:51:20,772] DEBUG: No valid transitions from state swing
[2026-06-01 04:51:20,772] WARNING: Velocity attribute does not use the linearization map. Please calculate the velocity using the position attribute.
[2026-06-01 04:51:20,777] INFO: T:7.831, State:swing, Fz:-12.29, ThetaRef:60.00, ThetaActual:13.66, EncoderTheta:88.02, EncoderVelocity:53.39, K:10.00, B:0.50
[2026-06-01 04:51:20,780] DEBUG: No valid transitions from state swing
[2026-06-01 04:51:20,780] WARNING: Velocity attribute does not use the linearization map. Please calculate the velocity using the position attribute.
[2026-06-01 04:51:20,786] INFO: T:7.839, State:swing, Fz:-14.15, ThetaRef:60.00, ThetaActual:13.26, EncoderTheta:88.42, EncoderVelocity:47.28, K:10.00, B:0.50
[2026-06-01 04:51:20,788] DEBUG: No valid transitions from state swing
[2026-06-01 04:51:20,788] WARNING: Velocity attribute does not use the linearization map. Please calculate the velocity using the position attribute.
[2026-06-01 04:51:20,794] INFO: T:7.848, State:swing, Fz:-16.57, ThetaRef:60.00, ThetaActual:13.04, EncoderTheta:88.81, EncoderVelocity:47.71, K:10.00, B:0.50
[2026-06-01 04:51:20,797] DEBUG: No valid transitions from state swing
[2026-06-01 04:51:20,797] WARNING: Velocity attribute does not use the linearization map. Please calculate the velocity using the position attribute.
[2026-06-01 04:51:20,802] INFO: T:7.856, State:swing, Fz:-16.47, ThetaRef:60.00, ThetaActual:12.59, EncoderTheta:89.19, EncoderVelocity:44.52, K:10.00, B:0.50
[2026-06-01 04:51:20,805] DEBUG: No valid transitions from state swing
[2026-06-01 04:51:20,805] WARNING: Velocity attribute does not use the linearization map. Please calculate the velocity using the position attribute.
[2026-06-01 04:51:20,811] INFO: T:7.864, State:swing, Fz:-15.41, ThetaRef:60.00, ThetaActual:12.10, EncoderTheta:89.60, EncoderVelocity:49.86, K:10.00, B:0.50
[2026-06-01 04:51:20,813] DEBUG: No valid transitions from state swing
[2026-06-01 04:51:20,813] WARNING: Velocity attribute does not use the linearization map. Please calculate the velocity using the position attribute.
[2026-06-01 04:51:20,819] INFO: T:7.873, State:swing, Fz:-14.10, ThetaRef:60.00, ThetaActual:11.84, EncoderTheta:90.04, EncoderVelocity:53.25, K:10.00, B:0.50
[2026-06-01 04:51:20,822] DEBUG: No valid transitions from state swing
[2026-06-01 04:51:20,822] WARNING: Velocity attribute does not use the linearization map. Please calculate the velocity using the position attribute.
[2026-06-01 04:51:20,827] INFO: T:7.881, State:swing, Fz:-15.53, ThetaRef:60.00, ThetaActual:11.31, EncoderTheta:90.55, EncoderVelocity:61.64, K:10.00, B:0.50
[2026-06-01 04:51:20,830] DEBUG: No valid transitions from state swing
[2026-06-01 04:51:20,830] WARNING: Velocity attribute does not use the linearization map. Please calculate the velocity using the position attribute.
[2026-06-01 04:51:20,835] INFO: T:7.889, State:swing, Fz:-16.63, ThetaRef:60.00, ThetaActual:10.74, EncoderTheta:91.05, EncoderVelocity:61.66, K:10.00, B:0.50
[2026-06-01 04:51:20,838] DEBUG: No valid transitions from state swing
[2026-06-01 04:51:20,838] WARNING: Velocity attribute does not use the linearization map. Please calculate the velocity using the position attribute.
[2026-06-01 04:51:20,844] INFO: T:7.897, State:swing, Fz:-18.46, ThetaRef:60.00, ThetaActual:10.46, EncoderTheta:91.49, EncoderVelocity:53.58, K:10.00, B:0.50
[2026-06-01 04:51:20,846] DEBUG: No valid transitions from state swing
[2026-06-01 04:51:20,846] WARNING: Velocity attribute does not use the linearization map. Please calculate the velocity using the position attribute.
[2026-06-01 04:51:20,852] INFO: T:7.905, State:swing, Fz:-17.88, ThetaRef:60.00, ThetaActual:9.86, EncoderTheta:92.00, EncoderVelocity:61.24, K:10.00, B:0.50
[2026-06-01 04:51:20,854] DEBUG: No valid transitions from state swing
[2026-06-01 04:51:20,854] WARNING: Velocity attribute does not use the linearization map. Please calculate the velocity using the position attribute.
[2026-06-01 04:51:20,860] INFO: T:7.914, State:swing, Fz:-17.92, ThetaRef:60.00, ThetaActual:9.54, EncoderTheta:92.50, EncoderVelocity:61.82, K:10.00, B:0.50
[2026-06-01 04:51:20,863] DEBUG: No valid transitions from state swing
[2026-06-01 04:51:20,863] WARNING: Velocity attribute does not use the linearization map. Please calculate the velocity using the position attribute.
[2026-06-01 04:51:20,868] INFO: T:7.922, State:swing, Fz:-17.44, ThetaRef:60.00, ThetaActual:8.90, EncoderTheta:93.03, EncoderVelocity:63.48, K:10.00, B:0.50
[2026-06-01 04:51:20,871] DEBUG: No valid transitions from state swing
[2026-06-01 04:51:20,871] WARNING: Velocity attribute does not use the linearization map. Please calculate the velocity using the position attribute.
[2026-06-01 04:51:20,876] INFO: T:7.930, State:swing, Fz:-16.14, ThetaRef:60.00, ThetaActual:8.32, EncoderTheta:93.58, EncoderVelocity:67.09, K:10.00, B:0.50
[2026-06-01 04:51:20,879] DEBUG: No valid transitions from state swing
[2026-06-01 04:51:20,879] WARNING: Velocity attribute does not use the linearization map. Please calculate the velocity using the position attribute.
[2026-06-01 04:51:20,885] INFO: T:7.938, State:swing, Fz:-16.63, ThetaRef:60.00, ThetaActual:7.99, EncoderTheta:94.15, EncoderVelocity:69.56, K:10.00, B:0.50
[2026-06-01 04:51:20,887] DEBUG: No valid transitions from state swing
[2026-06-01 04:51:20,887] WARNING: Velocity attribute does not use the linearization map. Please calculate the velocity using the position attribute.
[2026-06-01 04:51:20,893] INFO: T:7.947, State:swing, Fz:-15.00, ThetaRef:60.00, ThetaActual:7.33, EncoderTheta:94.68, EncoderVelocity:64.57, K:10.00, B:0.50
[2026-06-01 04:51:20,896] DEBUG: No valid transitions from state swing
[2026-06-01 04:51:20,896] WARNING: Velocity attribute does not use the linearization map. Please calculate the velocity using the position attribute.
[2026-06-01 04:51:20,901] INFO: T:7.955, State:swing, Fz:-16.74, ThetaRef:60.00, ThetaActual:6.65, EncoderTheta:95.25, EncoderVelocity:68.78, K:10.00, B:0.50
[2026-06-01 04:51:20,904] DEBUG: No valid transitions from state swing
[2026-06-01 04:51:20,904] WARNING: Velocity attribute does not use the linearization map. Please calculate the velocity using the position attribute.
[2026-06-01 04:51:20,910] INFO: T:7.963, State:swing, Fz:-18.51, ThetaRef:60.00, ThetaActual:6.31, EncoderTheta:95.78, EncoderVelocity:64.57, K:10.00, B:0.50
[2026-06-01 04:51:20,912] DEBUG: No valid transitions from state swing
[2026-06-01 04:51:20,912] WARNING: Velocity attribute does not use the linearization map. Please calculate the velocity using the position attribute.
[2026-06-01 04:51:20,918] INFO: T:7.971, State:swing, Fz:-19.41, ThetaRef:60.00, ThetaActual:5.64, EncoderTheta:96.42, EncoderVelocity:74.94, K:10.00, B:0.50
[2026-06-01 04:51:20,921] DEBUG: No valid transitions from state swing
[2026-06-01 04:51:20,921] WARNING: Velocity attribute does not use the linearization map. Please calculate the velocity using the position attribute.
[2026-06-01 04:51:20,927] INFO: T:7.980, State:swing, Fz:-22.59, ThetaRef:60.00, ThetaActual:4.96, EncoderTheta:96.97, EncoderVelocity:64.34, K:10.00, B:0.50
[2026-06-01 04:51:20,929] DEBUG: No valid transitions from state swing
[2026-06-01 04:51:20,929] WARNING: Velocity attribute does not use the linearization map. Please calculate the velocity using the position attribute.
[2026-06-01 04:51:20,935] INFO: T:7.989, State:swing, Fz:-24.48, ThetaRef:60.00, ThetaActual:4.63, EncoderTheta:97.58, EncoderVelocity:71.63, K:10.00, B:0.50
[2026-06-01 04:51:20,938] DEBUG: No valid transitions from state swing
[2026-06-01 04:51:20,938] WARNING: Velocity attribute does not use the linearization map. Please calculate the velocity using the position attribute.
[2026-06-01 04:51:20,943] INFO: T:7.997, State:swing, Fz:-26.45, ThetaRef:60.00, ThetaActual:3.97, EncoderTheta:98.13, EncoderVelocity:65.88, K:10.00, B:0.50
[2026-06-01 04:51:20,946] DEBUG: No valid transitions from state swing
[2026-06-01 04:51:20,946] WARNING: Velocity attribute does not use the linearization map. Please calculate the velocity using the position attribute.
[2026-06-01 04:51:20,952] INFO: T:8.005, State:swing, Fz:-27.44, ThetaRef:60.00, ThetaActual:3.33, EncoderTheta:98.64, EncoderVelocity:60.16, K:10.00, B:0.50
[2026-06-01 04:51:20,954] DEBUG: No valid transitions from state swing
[2026-06-01 04:51:20,955] WARNING: Velocity attribute does not use the linearization map. Please calculate the velocity using the position attribute.
[2026-06-01 04:51:20,960] INFO: T:8.014, State:swing, Fz:-29.14, ThetaRef:60.00, ThetaActual:3.01, EncoderTheta:99.12, EncoderVelocity:58.26, K:10.00, B:0.50
[2026-06-01 04:51:20,963] DEBUG: No valid transitions from state swing
[2026-06-01 04:51:20,963] WARNING: Velocity attribute does not use the linearization map. Please calculate the velocity using the position attribute.
[2026-06-01 04:51:20,968] INFO: T:8.022, State:swing, Fz:-30.93, ThetaRef:60.00, ThetaActual:2.37, EncoderTheta:99.67, EncoderVelocity:66.11, K:10.00, B:0.50
[2026-06-01 04:51:20,971] DEBUG: No valid transitions from state swing
[2026-06-01 04:51:20,971] WARNING: Velocity attribute does not use the linearization map. Please calculate the velocity using the position attribute.
[2026-06-01 04:51:20,977] INFO: T:8.030, State:swing, Fz:-31.33, ThetaRef:60.00, ThetaActual:1.75, EncoderTheta:100.06, EncoderVelocity:47.62, K:10.00, B:0.50
[2026-06-01 04:51:20,979] WARNING: Velocity attribute does not use the linearization map. Please calculate the velocity using the position attribute.
[2026-06-01 04:51:20,985] INFO: T:8.038, State:stance, Fz:-61.74, ThetaRef:5.00, ThetaActual:1.45, EncoderTheta:100.13, EncoderVelocity:8.01, K:500.00, B:20.00
[2026-06-01 04:51:20,987] DEBUG: No valid transitions from state stance
[2026-06-01 04:51:20,988] WARNING: Velocity attribute does not use the linearization map. Please calculate the velocity using the position attribute.
[2026-06-01 04:51:20,993] INFO: T:8.047, State:stance, Fz:-51.29, ThetaRef:5.00, ThetaActual:0.86, EncoderTheta:100.04, EncoderVelocity:-10.73, K:500.00, B:20.00
[2026-06-01 04:51:20,996] WARNING: Velocity attribute does not use the linearization map. Please calculate the velocity using the position attribute.
[2026-06-01 04:51:21,001] INFO: T:8.055, State:swing, Fz:-25.75, ThetaRef:60.00, ThetaActual:0.39, EncoderTheta:100.13, EncoderVelocity:10.63, K:10.00, B:0.50
[2026-06-01 04:51:21,004] WARNING: Velocity attribute does not use the linearization map. Please calculate the velocity using the position attribute.
[2026-06-01 04:51:21,010] INFO: T:8.063, State:stance, Fz:-48.41, ThetaRef:5.00, ThetaActual:0.33, EncoderTheta:100.09, EncoderVelocity:-5.35, K:500.00, B:20.00
[2026-06-01 04:51:21,012] DEBUG: No valid transitions from state stance
[2026-06-01 04:51:21,012] WARNING: Velocity attribute does not use the linearization map. Please calculate the velocity using the position attribute.
[2026-06-01 04:51:21,018] INFO: T:8.071, State:stance, Fz:-47.21, ThetaRef:5.00, ThetaActual:0.48, EncoderTheta:99.98, EncoderVelocity:-13.32, K:500.00, B:20.00
[2026-06-01 04:51:21,020] DEBUG: No valid transitions from state stance
[2026-06-01 04:51:21,021] WARNING: Velocity attribute does not use the linearization map. Please calculate the velocity using the position attribute.
[2026-06-01 04:51:21,026] INFO: T:8.080, State:stance, Fz:-32.18, ThetaRef:5.00, ThetaActual:0.64, EncoderTheta:100.04, EncoderVelocity:7.95, K:500.00, B:20.00
[2026-06-01 04:51:21,029] DEBUG: No valid transitions from state stance
[2026-06-01 04:51:21,029] WARNING: Velocity attribute does not use the linearization map. Please calculate the velocity using the position attribute.
[2026-06-01 04:51:21,034] INFO: T:8.088, State:stance, Fz:-45.72, ThetaRef:5.00, ThetaActual:0.68, EncoderTheta:100.04, EncoderVelocity:0.00, K:500.00, B:20.00
[2026-06-01 04:51:21,037] DEBUG: No valid transitions from state stance
[2026-06-01 04:51:21,037] WARNING: Velocity attribute does not use the linearization map. Please calculate the velocity using the position attribute.
[2026-06-01 04:51:21,043] INFO: T:8.096, State:stance, Fz:-51.11, ThetaRef:5.00, ThetaActual:0.63, EncoderTheta:100.06, EncoderVelocity:2.61, K:500.00, B:20.00
[2026-06-01 04:51:21,046] DEBUG: No valid transitions from state stance
[2026-06-01 04:51:21,046] WARNING: Velocity attribute does not use the linearization map. Please calculate the velocity using the position attribute.
[2026-06-01 04:51:21,051] INFO: T:8.105, State:stance, Fz:-44.63, ThetaRef:5.00, ThetaActual:0.60, EncoderTheta:100.09, EncoderVelocity:2.64, K:500.00, B:20.00
[2026-06-01 04:51:21,054] DEBUG: No valid transitions from state stance
[2026-06-01 04:51:21,054] WARNING: Velocity attribute does not use the linearization map. Please calculate the velocity using the position attribute.
[2026-06-01 04:51:21,060] INFO: T:8.113, State:stance, Fz:-48.66, ThetaRef:5.00, ThetaActual:0.60, EncoderTheta:100.09, EncoderVelocity:0.00, K:500.00, B:20.00
[2026-06-01 04:51:21,062] DEBUG: No valid transitions from state stance
[2026-06-01 04:51:21,062] WARNING: Velocity attribute does not use the linearization map. Please calculate the velocity using the position attribute.
[2026-06-01 04:51:21,068] INFO: T:8.121, State:stance, Fz:-48.87, ThetaRef:5.00, ThetaActual:0.60, EncoderTheta:100.04, EncoderVelocity:-5.27, K:500.00, B:20.00
[2026-06-01 04:51:21,071] DEBUG: No valid transitions from state stance
[2026-06-01 04:51:21,071] WARNING: Velocity attribute does not use the linearization map. Please calculate the velocity using the position attribute.
[2026-06-01 04:51:21,076] INFO: T:8.130, State:stance, Fz:-40.99, ThetaRef:5.00, ThetaActual:0.60, EncoderTheta:100.11, EncoderVelocity:7.83, K:500.00, B:20.00
[2026-06-01 04:51:21,079] DEBUG: No valid transitions from state stance
[2026-06-01 04:51:21,079] WARNING: Velocity attribute does not use the linearization map. Please calculate the velocity using the position attribute.
[2026-06-01 04:51:21,084] INFO: T:8.138, State:stance, Fz:-41.41, ThetaRef:5.00, ThetaActual:0.60, EncoderTheta:100.02, EncoderVelocity:-10.71, K:500.00, B:20.00
[2026-06-01 04:51:21,087] DEBUG: No valid transitions from state stance
[2026-06-01 04:51:21,087] WARNING: Velocity attribute does not use the linearization map. Please calculate the velocity using the position attribute.
[2026-06-01 04:51:21,093] INFO: T:8.146, State:stance, Fz:-41.28, ThetaRef:5.00, ThetaActual:0.60, EncoderTheta:100.04, EncoderVelocity:2.67, K:500.00, B:20.00
[2026-06-01 04:51:21,095] DEBUG: No valid transitions from state stance
[2026-06-01 04:51:21,095] WARNING: Velocity attribute does not use the linearization map. Please calculate the velocity using the position attribute.
[2026-06-01 04:51:21,101] INFO: T:8.155, State:stance, Fz:-36.68, ThetaRef:5.00, ThetaActual:0.60, EncoderTheta:100.04, EncoderVelocity:0.00, K:500.00, B:20.00
[2026-06-01 04:51:21,104] DEBUG: No valid transitions from state stance
[2026-06-01 04:51:21,104] WARNING: Velocity attribute does not use the linearization map. Please calculate the velocity using the position attribute.
[2026-06-01 04:51:21,109] INFO: T:8.163, State:stance, Fz:-35.16, ThetaRef:5.00, ThetaActual:0.60, EncoderTheta:100.09, EncoderVelocity:5.32, K:500.00, B:20.00
[2026-06-01 04:51:21,112] DEBUG: No valid transitions from state stance
[2026-06-01 04:51:21,112] WARNING: Velocity attribute does not use the linearization map. Please calculate the velocity using the position attribute.
[2026-06-01 04:51:21,118] INFO: T:8.171, State:stance, Fz:-33.49, ThetaRef:5.00, ThetaActual:0.60, EncoderTheta:100.06, EncoderVelocity:-2.65, K:500.00, B:20.00
[2026-06-01 04:51:21,120] DEBUG: No valid transitions from state stance
[2026-06-01 04:51:21,120] WARNING: Velocity attribute does not use the linearization map. Please calculate the velocity using the position attribute.
[2026-06-01 04:51:21,126] INFO: T:8.179, State:stance, Fz:-30.74, ThetaRef:5.00, ThetaActual:0.60, EncoderTheta:100.06, EncoderVelocity:0.00, K:500.00, B:20.00
[2026-06-01 04:51:21,128] WARNING: Velocity attribute does not use the linearization map. Please calculate the velocity using the position attribute.
[2026-06-01 04:51:21,134] INFO: T:8.188, State:swing, Fz:-28.63, ThetaRef:60.00, ThetaActual:0.60, EncoderTheta:100.04, EncoderVelocity:-2.66, K:10.00, B:0.50
[2026-06-01 04:51:21,137] DEBUG: No valid transitions from state swing
[2026-06-01 04:51:21,137] WARNING: Velocity attribute does not use the linearization map. Please calculate the velocity using the position attribute.
[2026-06-01 04:51:21,142] INFO: T:8.196, State:swing, Fz:-28.05, ThetaRef:60.00, ThetaActual:0.60, EncoderTheta:100.13, EncoderVelocity:10.81, K:10.00, B:0.50
[2026-06-01 04:51:21,145] DEBUG: No valid transitions from state swing
[2026-06-01 04:51:21,145] WARNING: Velocity attribute does not use the linearization map. Please calculate the velocity using the position attribute.
[2026-06-01 04:51:21,150] INFO: T:8.204, State:swing, Fz:-25.63, ThetaRef:60.00, ThetaActual:0.60, EncoderTheta:100.02, EncoderVelocity:-13.33, K:10.00, B:0.50
[2026-06-01 04:51:21,153] DEBUG: No valid transitions from state swing
[2026-06-01 04:51:21,153] WARNING: Velocity attribute does not use the linearization map. Please calculate the velocity using the position attribute.
[2026-06-01 04:51:21,159] INFO: T:8.212, State:swing, Fz:-23.72, ThetaRef:60.00, ThetaActual:0.62, EncoderTheta:100.02, EncoderVelocity:0.00, K:10.00, B:0.50
[2026-06-01 04:51:21,161] DEBUG: No valid transitions from state swing
[2026-06-01 04:51:21,161] WARNING: Velocity attribute does not use the linearization map. Please calculate the velocity using the position attribute.
[2026-06-01 04:51:21,167] INFO: T:8.221, State:swing, Fz:-22.29, ThetaRef:60.00, ThetaActual:0.69, EncoderTheta:100.06, EncoderVelocity:5.36, K:10.00, B:0.50
[2026-06-01 04:51:21,169] DEBUG: No valid transitions from state swing
[2026-06-01 04:51:21,169] WARNING: Velocity attribute does not use the linearization map. Please calculate the velocity using the position attribute.
[2026-06-01 04:51:21,175] INFO: T:8.229, State:swing, Fz:-20.22, ThetaRef:60.00, ThetaActual:0.78, EncoderTheta:100.09, EncoderVelocity:2.70, K:10.00, B:0.50
[2026-06-01 04:51:21,178] DEBUG: No valid transitions from state swing
[2026-06-01 04:51:21,178] WARNING: Velocity attribute does not use the linearization map. Please calculate the velocity using the position attribute.
[2026-06-01 04:51:21,183] INFO: T:8.237, State:swing, Fz:-19.64, ThetaRef:60.00, ThetaActual:0.81, EncoderTheta:100.04, EncoderVelocity:-5.37, K:10.00, B:0.50
[2026-06-01 04:51:21,186] DEBUG: No valid transitions from state swing
[2026-06-01 04:51:21,186] WARNING: Velocity attribute does not use the linearization map. Please calculate the velocity using the position attribute.
[2026-06-01 04:51:21,191] INFO: T:8.245, State:swing, Fz:-20.17, ThetaRef:60.00, ThetaActual:0.88, EncoderTheta:100.04, EncoderVelocity:0.00, K:10.00, B:0.50
[2026-06-01 04:51:21,194] DEBUG: No valid transitions from state swing
[2026-06-01 04:51:21,194] WARNING: Velocity attribute does not use the linearization map. Please calculate the velocity using the position attribute.
[2026-06-01 04:51:21,200] INFO: T:8.253, State:swing, Fz:-20.59, ThetaRef:60.00, ThetaActual:0.90, EncoderTheta:100.02, EncoderVelocity:-2.66, K:10.00, B:0.50
[2026-06-01 04:51:21,203] DEBUG: No valid transitions from state swing
[2026-06-01 04:51:21,203] WARNING: Velocity attribute does not use the linearization map. Please calculate the velocity using the position attribute.
[2026-06-01 04:51:21,208] INFO: T:8.262, State:swing, Fz:-22.37, ThetaRef:60.00, ThetaActual:0.92, EncoderTheta:100.06, EncoderVelocity:5.20, K:10.00, B:0.50
[2026-06-01 04:51:21,211] DEBUG: No valid transitions from state swing
[2026-06-01 04:51:21,211] WARNING: Velocity attribute does not use the linearization map. Please calculate the velocity using the position attribute.
[2026-06-01 04:51:21,216] INFO: T:8.270, State:swing, Fz:-24.25, ThetaRef:60.00, ThetaActual:0.92, EncoderTheta:99.98, EncoderVelocity:-10.64, K:10.00, B:0.50
[2026-06-01 04:51:21,219] DEBUG: No valid transitions from state swing
[2026-06-01 04:51:21,219] WARNING: Velocity attribute does not use the linearization map. Please calculate the velocity using the position attribute.
[2026-06-01 04:51:21,225] INFO: T:8.278, State:swing, Fz:-24.23, ThetaRef:60.00, ThetaActual:0.92, EncoderTheta:100.04, EncoderVelocity:8.00, K:10.00, B:0.50
[2026-06-01 04:51:21,227] DEBUG: No valid transitions from state swing
[2026-06-01 04:51:21,227] WARNING: Velocity attribute does not use the linearization map. Please calculate the velocity using the position attribute.
[2026-06-01 04:51:21,233] INFO: T:8.287, State:swing, Fz:-22.21, ThetaRef:60.00, ThetaActual:0.92, EncoderTheta:100.00, EncoderVelocity:-5.27, K:10.00, B:0.50
[2026-06-01 04:51:21,236] DEBUG: No valid transitions from state swing
[2026-06-01 04:51:21,236] WARNING: Velocity attribute does not use the linearization map. Please calculate the velocity using the position attribute.
[2026-06-01 04:51:21,241] INFO: T:8.295, State:swing, Fz:-24.11, ThetaRef:60.00, ThetaActual:0.92, EncoderTheta:100.04, EncoderVelocity:5.33, K:10.00, B:0.50
[2026-06-01 04:51:21,244] DEBUG: No valid transitions from state swing
[2026-06-01 04:51:21,244] WARNING: Velocity attribute does not use the linearization map. Please calculate the velocity using the position attribute.
[2026-06-01 04:51:21,250] INFO: T:8.303, State:swing, Fz:-23.60, ThetaRef:60.00, ThetaActual:0.92, EncoderTheta:100.04, EncoderVelocity:0.00, K:10.00, B:0.50
[2026-06-01 04:51:21,252] DEBUG: No valid transitions from state swing
[2026-06-01 04:51:21,252] WARNING: Velocity attribute does not use the linearization map. Please calculate the velocity using the position attribute.
[2026-06-01 04:51:21,258] INFO: T:8.311, State:swing, Fz:-24.65, ThetaRef:60.00, ThetaActual:0.92, EncoderTheta:100.02, EncoderVelocity:-2.62, K:10.00, B:0.50
[2026-06-01 04:51:21,261] DEBUG: No valid transitions from state swing
[2026-06-01 04:51:21,261] WARNING: Velocity attribute does not use the linearization map. Please calculate the velocity using the position attribute.
[2026-06-01 04:51:21,266] INFO: T:8.320, State:swing, Fz:-25.01, ThetaRef:60.00, ThetaActual:0.92, EncoderTheta:100.04, EncoderVelocity:2.66, K:10.00, B:0.50
[2026-06-01 04:51:21,269] DEBUG: No valid transitions from state swing
[2026-06-01 04:51:21,269] WARNING: Velocity attribute does not use the linearization map. Please calculate the velocity using the position attribute.
[2026-06-01 04:51:21,274] INFO: T:8.328, State:swing, Fz:-24.76, ThetaRef:60.00, ThetaActual:0.92, EncoderTheta:100.02, EncoderVelocity:-2.69, K:10.00, B:0.50
[2026-06-01 04:51:21,277] DEBUG: No valid transitions from state swing
[2026-06-01 04:51:21,277] WARNING: Velocity attribute does not use the linearization map. Please calculate the velocity using the position attribute.
[2026-06-01 04:51:21,283] INFO: T:8.336, State:swing, Fz:-23.62, ThetaRef:60.00, ThetaActual:0.92, EncoderTheta:100.00, EncoderVelocity:-2.65, K:10.00, B:0.50
[2026-06-01 04:51:21,285] DEBUG: No valid transitions from state swing
[2026-06-01 04:51:21,285] WARNING: Velocity attribute does not use the linearization map. Please calculate the velocity using the position attribute.
[2026-06-01 04:51:21,291] INFO: T:8.344, State:swing, Fz:-24.21, ThetaRef:60.00, ThetaActual:0.92, EncoderTheta:100.09, EncoderVelocity:10.65, K:10.00, B:0.50
[2026-06-01 04:51:21,293] DEBUG: No valid transitions from state swing
[2026-06-01 04:51:21,293] WARNING: Velocity attribute does not use the linearization map. Please calculate the velocity using the position attribute.
[2026-06-01 04:51:21,299] INFO: T:8.353, State:swing, Fz:-26.67, ThetaRef:60.00, ThetaActual:0.92, EncoderTheta:100.02, EncoderVelocity:-8.04, K:10.00, B:0.50
[2026-06-01 04:51:21,302] DEBUG: No valid transitions from state swing
[2026-06-01 04:51:21,302] WARNING: Velocity attribute does not use the linearization map. Please calculate the velocity using the position attribute.
[2026-06-01 04:51:21,307] INFO: T:8.361, State:swing, Fz:-26.59, ThetaRef:60.00, ThetaActual:0.92, EncoderTheta:100.02, EncoderVelocity:0.00, K:10.00, B:0.50
[2026-06-01 04:51:21,310] DEBUG: No valid transitions from state swing
[2026-06-01 04:51:21,310] WARNING: Velocity attribute does not use the linearization map. Please calculate the velocity using the position attribute.
[2026-06-01 04:51:21,316] INFO: T:8.369, State:swing, Fz:-27.98, ThetaRef:60.00, ThetaActual:0.92, EncoderTheta:100.02, EncoderVelocity:0.00, K:10.00, B:0.50
[2026-06-01 04:51:21,318] DEBUG: No valid transitions from state swing
[2026-06-01 04:51:21,318] WARNING: Velocity attribute does not use the linearization map. Please calculate the velocity using the position attribute.
[2026-06-01 04:51:21,324] INFO: T:8.377, State:swing, Fz:-28.08, ThetaRef:60.00, ThetaActual:0.92, EncoderTheta:100.00, EncoderVelocity:-2.65, K:10.00, B:0.50
[2026-06-01 04:51:21,326] DEBUG: No valid transitions from state swing
[2026-06-01 04:51:21,327] WARNING: Velocity attribute does not use the linearization map. Please calculate the velocity using the position attribute.
[2026-06-01 04:51:21,332] INFO: T:8.386, State:swing, Fz:-27.65, ThetaRef:60.00, ThetaActual:0.92, EncoderTheta:100.00, EncoderVelocity:0.00, K:10.00, B:0.50
[2026-06-01 04:51:21,335] DEBUG: No valid transitions from state swing
[2026-06-01 04:51:21,335] WARNING: Velocity attribute does not use the linearization map. Please calculate the velocity using the position attribute.
[2026-06-01 04:51:21,340] INFO: T:8.394, State:swing, Fz:-29.85, ThetaRef:60.00, ThetaActual:0.92, EncoderTheta:100.04, EncoderVelocity:5.24, K:10.00, B:0.50
[2026-06-01 04:51:21,343] DEBUG: No valid transitions from state swing
[2026-06-01 04:51:21,343] WARNING: Velocity attribute does not use the linearization map. Please calculate the velocity using the position attribute.
[2026-06-01 04:51:21,349] INFO: T:8.403, State:swing, Fz:-28.57, ThetaRef:60.00, ThetaActual:0.92, EncoderTheta:99.98, EncoderVelocity:-7.71, K:10.00, B:0.50
[2026-06-01 04:51:21,352] DEBUG: No valid transitions from state swing
[2026-06-01 04:51:21,352] WARNING: Velocity attribute does not use the linearization map. Please calculate the velocity using the position attribute.
[2026-06-01 04:51:21,357] INFO: T:8.411, State:swing, Fz:-27.08, ThetaRef:60.00, ThetaActual:0.92, EncoderTheta:100.04, EncoderVelocity:7.93, K:10.00, B:0.50
[2026-06-01 04:51:21,360] DEBUG: No valid transitions from state swing
[2026-06-01 04:51:21,360] WARNING: Velocity attribute does not use the linearization map. Please calculate the velocity using the position attribute.
[2026-06-01 04:51:21,366] INFO: T:8.419, State:swing, Fz:-28.93, ThetaRef:60.00, ThetaActual:0.92, EncoderTheta:100.04, EncoderVelocity:0.00, K:10.00, B:0.50
[2026-06-01 04:51:21,368] DEBUG: No valid transitions from state swing
[2026-06-01 04:51:21,368] WARNING: Velocity attribute does not use the linearization map. Please calculate the velocity using the position attribute.
[2026-06-01 04:51:21,374] INFO: T:8.427, State:swing, Fz:-29.35, ThetaRef:60.00, ThetaActual:0.92, EncoderTheta:100.04, EncoderVelocity:0.00, K:10.00, B:0.50
[2026-06-01 04:51:21,376] DEBUG: No valid transitions from state swing
[2026-06-01 04:51:21,376] WARNING: Velocity attribute does not use the linearization map. Please calculate the velocity using the position attribute.
[2026-06-01 04:51:21,382] INFO: T:8.436, State:swing, Fz:-30.12, ThetaRef:60.00, ThetaActual:0.92, EncoderTheta:100.02, EncoderVelocity:-2.68, K:10.00, B:0.50
[2026-06-01 04:51:21,385] DEBUG: No valid transitions from state swing
[2026-06-01 04:51:21,385] WARNING: Velocity attribute does not use the linearization map. Please calculate the velocity using the position attribute.
[2026-06-01 04:51:21,390] INFO: T:8.444, State:swing, Fz:-28.78, ThetaRef:60.00, ThetaActual:0.92, EncoderTheta:100.06, EncoderVelocity:5.38, K:10.00, B:0.50
[2026-06-01 04:51:21,393] DEBUG: No valid transitions from state swing
[2026-06-01 04:51:21,393] WARNING: Velocity attribute does not use the linearization map. Please calculate the velocity using the position attribute.
[2026-06-01 04:51:21,399] INFO: T:8.452, State:swing, Fz:-28.71, ThetaRef:60.00, ThetaActual:0.92, EncoderTheta:100.02, EncoderVelocity:-5.26, K:10.00, B:0.50
[2026-06-01 04:51:21,402] DEBUG: No valid transitions from state swing
[2026-06-01 04:51:21,402] WARNING: Velocity attribute does not use the linearization map. Please calculate the velocity using the position attribute.
[2026-06-01 04:51:21,408] INFO: T:8.461, State:swing, Fz:-25.66, ThetaRef:60.00, ThetaActual:0.92, EncoderTheta:100.11, EncoderVelocity:9.93, K:10.00, B:0.50
[2026-06-01 04:51:21,410] DEBUG: No valid transitions from state swing
[2026-06-01 04:51:21,410] WARNING: Velocity attribute does not use the linearization map. Please calculate the velocity using the position attribute.
[2026-06-01 04:51:21,416] INFO: T:8.469, State:swing, Fz:-25.82, ThetaRef:60.00, ThetaActual:0.92, EncoderTheta:100.02, EncoderVelocity:-10.37, K:10.00, B:0.50
[2026-06-01 04:51:21,419] DEBUG: No valid transitions from state swing
[2026-06-01 04:51:21,419] WARNING: Velocity attribute does not use the linearization map. Please calculate the velocity using the position attribute.
[2026-06-01 04:51:21,424] INFO: T:8.478, State:swing, Fz:-22.94, ThetaRef:60.00, ThetaActual:0.92, EncoderTheta:100.04, EncoderVelocity:2.63, K:10.00, B:0.50
[2026-06-01 04:51:21,427] DEBUG: No valid transitions from state swing
[2026-06-01 04:51:21,427] WARNING: Velocity attribute does not use the linearization map. Please calculate the velocity using the position attribute.
[2026-06-01 04:51:21,433] INFO: T:8.486, State:swing, Fz:-19.75, ThetaRef:60.00, ThetaActual:0.92, EncoderTheta:100.02, EncoderVelocity:-2.65, K:10.00, B:0.50
[2026-06-01 04:51:21,435] DEBUG: No valid transitions from state swing
[2026-06-01 04:51:21,435] WARNING: Velocity attribute does not use the linearization map. Please calculate the velocity using the position attribute.
[2026-06-01 04:51:21,441] INFO: T:8.494, State:swing, Fz:-19.82, ThetaRef:60.00, ThetaActual:0.92, EncoderTheta:99.98, EncoderVelocity:-5.31, K:10.00, B:0.50
[2026-06-01 04:51:21,443] DEBUG: No valid transitions from state swing
[2026-06-01 04:51:21,444] WARNING: Velocity attribute does not use the linearization map. Please calculate the velocity using the position attribute.
[2026-06-01 04:51:21,449] INFO: T:8.503, State:swing, Fz:-18.37, ThetaRef:60.00, ThetaActual:0.92, EncoderTheta:100.00, EncoderVelocity:2.64, K:10.00, B:0.50
[2026-06-01 04:51:21,452] DEBUG: No valid transitions from state swing
[2026-06-01 04:51:21,452] WARNING: Velocity attribute does not use the linearization map. Please calculate the velocity using the position attribute.
[2026-06-01 04:51:21,457] INFO: T:8.511, State:swing, Fz:-16.25, ThetaRef:60.00, ThetaActual:0.92, EncoderTheta:100.04, EncoderVelocity:5.27, K:10.00, B:0.50
[2026-06-01 04:51:21,460] DEBUG: No valid transitions from state swing
[2026-06-01 04:51:21,460] WARNING: Velocity attribute does not use the linearization map. Please calculate the velocity using the position attribute.
[2026-06-01 04:51:21,466] INFO: T:8.519, State:swing, Fz:-15.16, ThetaRef:60.00, ThetaActual:0.92, EncoderTheta:100.02, EncoderVelocity:-2.65, K:10.00, B:0.50
[2026-06-01 04:51:21,468] DEBUG: No valid transitions from state swing
[2026-06-01 04:51:21,468] WARNING: Velocity attribute does not use the linearization map. Please calculate the velocity using the position attribute.
[2026-06-01 04:51:21,474] INFO: T:8.528, State:swing, Fz:-13.84, ThetaRef:60.00, ThetaActual:0.92, EncoderTheta:99.98, EncoderVelocity:-5.35, K:10.00, B:0.50
[2026-06-01 04:51:21,477] DEBUG: No valid transitions from state swing
[2026-06-01 04:51:21,477] WARNING: Velocity attribute does not use the linearization map. Please calculate the velocity using the position attribute.
[2026-06-01 04:51:21,482] INFO: T:8.536, State:swing, Fz:-14.32, ThetaRef:60.00, ThetaActual:0.92, EncoderTheta:100.00, EncoderVelocity:2.68, K:10.00, B:0.50
[2026-06-01 04:51:21,485] DEBUG: No valid transitions from state swing
[2026-06-01 04:51:21,485] WARNING: Velocity attribute does not use the linearization map. Please calculate the velocity using the position attribute.
[2026-06-01 04:51:21,491] INFO: T:8.544, State:swing, Fz:-11.76, ThetaRef:60.00, ThetaActual:0.92, EncoderTheta:100.00, EncoderVelocity:0.00, K:10.00, B:0.50
[2026-06-01 04:51:21,493] DEBUG: No valid transitions from state swing
[2026-06-01 04:51:21,493] WARNING: Velocity attribute does not use the linearization map. Please calculate the velocity using the position attribute.
[2026-06-01 04:51:21,499] INFO: T:8.553, State:swing, Fz:-9.81, ThetaRef:60.00, ThetaActual:0.92, EncoderTheta:100.04, EncoderVelocity:5.22, K:10.00, B:0.50
[2026-06-01 04:51:21,502] DEBUG: No valid transitions from state swing
[2026-06-01 04:51:21,502] WARNING: Velocity attribute does not use the linearization map. Please calculate the velocity using the position attribute.
[2026-06-01 04:51:21,507] INFO: T:8.561, State:swing, Fz:-9.28, ThetaRef:60.00, ThetaActual:0.92, EncoderTheta:99.98, EncoderVelocity:-7.89, K:10.00, B:0.50
[2026-06-01 04:51:21,510] DEBUG: No valid transitions from state swing
[2026-06-01 04:51:21,510] WARNING: Velocity attribute does not use the linearization map. Please calculate the velocity using the position attribute.
[2026-06-01 04:51:21,516] INFO: T:8.569, State:swing, Fz:-6.42, ThetaRef:60.00, ThetaActual:0.92, EncoderTheta:99.95, EncoderVelocity:-2.65, K:10.00, B:0.50
[2026-06-01 04:51:21,518] DEBUG: No valid transitions from state swing
[2026-06-01 04:51:21,519] WARNING: Velocity attribute does not use the linearization map. Please calculate the velocity using the position attribute.
[2026-06-01 04:51:21,524] INFO: T:8.578, State:swing, Fz:-4.69, ThetaRef:60.00, ThetaActual:0.92, EncoderTheta:100.00, EncoderVelocity:5.21, K:10.00, B:0.50
[2026-06-01 04:51:21,527] DEBUG: No valid transitions from state swing
[2026-06-01 04:51:21,527] WARNING: Velocity attribute does not use the linearization map. Please calculate the velocity using the position attribute.
[2026-06-01 04:51:21,532] INFO: T:8.586, State:swing, Fz:-4.40, ThetaRef:60.00, ThetaActual:0.92, EncoderTheta:99.95, EncoderVelocity:-5.22, K:10.00, B:0.50
[2026-06-01 04:51:21,535] DEBUG: No valid transitions from state swing
[2026-06-01 04:51:21,535] WARNING: Velocity attribute does not use the linearization map. Please calculate the velocity using the position attribute.
[2026-06-01 04:51:21,541] INFO: T:8.594, State:swing, Fz:-2.68, ThetaRef:60.00, ThetaActual:0.92, EncoderTheta:100.06, EncoderVelocity:13.24, K:10.00, B:0.50
[2026-06-01 04:51:21,543] DEBUG: No valid transitions from state swing
[2026-06-01 04:51:21,544] WARNING: Velocity attribute does not use the linearization map. Please calculate the velocity using the position attribute.
[2026-06-01 04:51:21,549] INFO: T:8.603, State:swing, Fz:-1.36, ThetaRef:60.00, ThetaActual:0.92, EncoderTheta:100.02, EncoderVelocity:-5.30, K:10.00, B:0.50
[2026-06-01 04:51:21,552] DEBUG: No valid transitions from state swing
[2026-06-01 04:51:21,552] WARNING: Velocity attribute does not use the linearization map. Please calculate the velocity using the position attribute.
[2026-06-01 04:51:21,557] INFO: T:8.611, State:swing, Fz:-1.36, ThetaRef:60.00, ThetaActual:0.92, EncoderTheta:99.98, EncoderVelocity:-5.32, K:10.00, B:0.50
[2026-06-01 04:51:21,560] DEBUG: No valid transitions from state swing
[2026-06-01 04:51:21,560] WARNING: Velocity attribute does not use the linearization map. Please calculate the velocity using the position attribute.
[2026-06-01 04:51:21,566] INFO: T:8.619, State:swing, Fz:0.12, ThetaRef:60.00, ThetaActual:0.92, EncoderTheta:100.02, EncoderVelocity:5.33, K:10.00, B:0.50
[2026-06-01 04:51:21,568] DEBUG: No valid transitions from state swing
[2026-06-01 04:51:21,568] WARNING: Velocity attribute does not use the linearization map. Please calculate the velocity using the position attribute.
[2026-06-01 04:51:21,574] INFO: T:8.627, State:swing, Fz:-1.22, ThetaRef:60.00, ThetaActual:0.92, EncoderTheta:100.02, EncoderVelocity:0.00, K:10.00, B:0.50
[2026-06-01 04:51:21,576] DEBUG: No valid transitions from state swing
[2026-06-01 04:51:21,577] WARNING: Velocity attribute does not use the linearization map. Please calculate the velocity using the position attribute.
[2026-06-01 04:51:21,582] INFO: T:8.636, State:swing, Fz:-0.78, ThetaRef:60.00, ThetaActual:0.92, EncoderTheta:100.00, EncoderVelocity:-2.64, K:10.00, B:0.50
[2026-06-01 04:51:21,585] DEBUG: No valid transitions from state swing
[2026-06-01 04:51:21,585] WARNING: Velocity attribute does not use the linearization map. Please calculate the velocity using the position attribute.
[2026-06-01 04:51:21,591] INFO: T:8.644, State:swing, Fz:-0.42, ThetaRef:60.00, ThetaActual:0.92, EncoderTheta:100.02, EncoderVelocity:2.63, K:10.00, B:0.50
[2026-06-01 04:51:21,593] DEBUG: No valid transitions from state swing
[2026-06-01 04:51:21,593] WARNING: Velocity attribute does not use the linearization map. Please calculate the velocity using the position attribute.
[2026-06-01 04:51:21,599] INFO: T:8.652, State:swing, Fz:-2.11, ThetaRef:60.00, ThetaActual:0.92, EncoderTheta:99.98, EncoderVelocity:-5.28, K:10.00, B:0.50
[2026-06-01 04:51:21,601] DEBUG: No valid transitions from state swing
[2026-06-01 04:51:21,602] WARNING: Velocity attribute does not use the linearization map. Please calculate the velocity using the position attribute.
[2026-06-01 04:51:21,607] INFO: T:8.661, State:swing, Fz:-2.40, ThetaRef:60.00, ThetaActual:0.92, EncoderTheta:99.98, EncoderVelocity:0.00, K:10.00, B:0.50
[2026-06-01 04:51:21,610] DEBUG: No valid transitions from state swing
[2026-06-01 04:51:21,610] WARNING: Velocity attribute does not use the linearization map. Please calculate the velocity using the position attribute.
[2026-06-01 04:51:21,616] INFO: T:8.669, State:swing, Fz:-3.58, ThetaRef:60.00, ThetaActual:0.92, EncoderTheta:99.98, EncoderVelocity:0.00, K:10.00, B:0.50
[2026-06-01 04:51:21,619] DEBUG: No valid transitions from state swing
[2026-06-01 04:51:21,619] WARNING: Velocity attribute does not use the linearization map. Please calculate the velocity using the position attribute.
[2026-06-01 04:51:21,624] INFO: T:8.678, State:swing, Fz:-4.05, ThetaRef:60.00, ThetaActual:0.92, EncoderTheta:100.02, EncoderVelocity:5.23, K:10.00, B:0.50
[2026-06-01 04:51:21,627] DEBUG: No valid transitions from state swing
[2026-06-01 04:51:21,627] WARNING: Velocity attribute does not use the linearization map. Please calculate the velocity using the position attribute.
[2026-06-01 04:51:21,632] INFO: T:8.686, State:swing, Fz:-3.41, ThetaRef:60.00, ThetaActual:0.92, EncoderTheta:100.02, EncoderVelocity:0.00, K:10.00, B:0.50
[2026-06-01 04:51:21,635] DEBUG: No valid transitions from state swing
[2026-06-01 04:51:21,635] WARNING: Velocity attribute does not use the linearization map. Please calculate the velocity using the position attribute.
[2026-06-01 04:51:21,641] INFO: T:8.694, State:swing, Fz:-2.41, ThetaRef:60.00, ThetaActual:0.92, EncoderTheta:100.02, EncoderVelocity:0.00, K:10.00, B:0.50
[2026-06-01 04:51:21,643] DEBUG: No valid transitions from state swing
[2026-06-01 04:51:21,643] WARNING: Velocity attribute does not use the linearization map. Please calculate the velocity using the position attribute.
[2026-06-01 04:51:21,649] INFO: T:8.703, State:swing, Fz:-3.14, ThetaRef:60.00, ThetaActual:0.92, EncoderTheta:100.00, EncoderVelocity:-2.65, K:10.00, B:0.50
[2026-06-01 04:51:21,652] DEBUG: No valid transitions from state swing
[2026-06-01 04:51:21,652] WARNING: Velocity attribute does not use the linearization map. Please calculate the velocity using the position attribute.
[2026-06-01 04:51:21,657] INFO: T:8.711, State:swing, Fz:-2.69, ThetaRef:60.00, ThetaActual:0.92, EncoderTheta:100.02, EncoderVelocity:2.65, K:10.00, B:0.50
[2026-06-01 04:51:21,660] DEBUG: No valid transitions from state swing
[2026-06-01 04:51:21,660] WARNING: Velocity attribute does not use the linearization map. Please calculate the velocity using the position attribute.
[2026-06-01 04:51:21,665] INFO: T:8.719, State:swing, Fz:-4.31, ThetaRef:60.00, ThetaActual:0.92, EncoderTheta:100.00, EncoderVelocity:-2.69, K:10.00, B:0.50
[2026-06-01 04:51:21,668] DEBUG: No valid transitions from state swing
[2026-06-01 04:51:21,668] WARNING: Velocity attribute does not use the linearization map. Please calculate the velocity using the position attribute.
[2026-06-01 04:51:21,674] INFO: T:8.727, State:swing, Fz:-3.60, ThetaRef:60.00, ThetaActual:0.92, EncoderTheta:99.95, EncoderVelocity:-5.29, K:10.00, B:0.50
[2026-06-01 04:51:21,676] DEBUG: No valid transitions from state swing
[2026-06-01 04:51:21,676] WARNING: Velocity attribute does not use the linearization map. Please calculate the velocity using the position attribute.
[2026-06-01 04:51:21,682] INFO: T:8.736, State:swing, Fz:-2.51, ThetaRef:60.00, ThetaActual:0.92, EncoderTheta:100.04, EncoderVelocity:10.72, K:10.00, B:0.50
[2026-06-01 04:51:21,685] DEBUG: No valid transitions from state swing
[2026-06-01 04:51:21,685] WARNING: Velocity attribute does not use the linearization map. Please calculate the velocity using the position attribute.
[2026-06-01 04:51:21,690] INFO: T:8.744, State:swing, Fz:-2.70, ThetaRef:60.00, ThetaActual:0.92, EncoderTheta:100.02, EncoderVelocity:-2.65, K:10.00, B:0.50
[2026-06-01 04:51:21,693] DEBUG: No valid transitions from state swing
[2026-06-01 04:51:21,693] WARNING: Velocity attribute does not use the linearization map. Please calculate the velocity using the position attribute.
[2026-06-01 04:51:21,698] INFO: T:8.752, State:swing, Fz:-1.85, ThetaRef:60.00, ThetaActual:0.92, EncoderTheta:100.04, EncoderVelocity:2.70, K:10.00, B:0.50
[2026-06-01 04:51:21,701] DEBUG: No valid transitions from state swing
[2026-06-01 04:51:21,701] WARNING: Velocity attribute does not use the linearization map. Please calculate the velocity using the position attribute.
[2026-06-01 04:51:21,707] INFO: T:8.760, State:swing, Fz:-2.18, ThetaRef:60.00, ThetaActual:0.92, EncoderTheta:100.00, EncoderVelocity:-5.32, K:10.00, B:0.50
[2026-06-01 04:51:21,709] DEBUG: No valid transitions from state swing
[2026-06-01 04:51:21,709] WARNING: Velocity attribute does not use the linearization map. Please calculate the velocity using the position attribute.
[2026-06-01 04:51:21,715] INFO: T:8.768, State:swing, Fz:-0.98, ThetaRef:60.00, ThetaActual:0.92, EncoderTheta:100.02, EncoderVelocity:2.68, K:10.00, B:0.50
[2026-06-01 04:51:21,717] DEBUG: No valid transitions from state swing
[2026-06-01 04:51:21,717] WARNING: Velocity attribute does not use the linearization map. Please calculate the velocity using the position attribute.
[2026-06-01 04:51:21,723] INFO: T:8.777, State:swing, Fz:-2.03, ThetaRef:60.00, ThetaActual:0.92, EncoderTheta:100.02, EncoderVelocity:0.00, K:10.00, B:0.50
[2026-06-01 04:51:21,726] DEBUG: No valid transitions from state swing
[2026-06-01 04:51:21,726] WARNING: Velocity attribute does not use the linearization map. Please calculate the velocity using the position attribute.
[2026-06-01 04:51:21,731] INFO: T:8.785, State:swing, Fz:-1.84, ThetaRef:60.00, ThetaActual:0.92, EncoderTheta:100.02, EncoderVelocity:0.00, K:10.00, B:0.50
[2026-06-01 04:51:21,734] DEBUG: No valid transitions from state swing
[2026-06-01 04:51:21,734] WARNING: Velocity attribute does not use the linearization map. Please calculate the velocity using the position attribute.
[2026-06-01 04:51:21,740] INFO: T:8.793, State:swing, Fz:0.22, ThetaRef:60.00, ThetaActual:0.92, EncoderTheta:100.04, EncoderVelocity:2.63, K:10.00, B:0.50
[2026-06-01 04:51:21,742] DEBUG: No valid transitions from state swing
[2026-06-01 04:51:21,742] WARNING: Velocity attribute does not use the linearization map. Please calculate the velocity using the position attribute.
[2026-06-01 04:51:21,748] INFO: T:8.802, State:swing, Fz:0.33, ThetaRef:60.00, ThetaActual:0.92, EncoderTheta:100.02, EncoderVelocity:-2.64, K:10.00, B:0.50
[2026-06-01 04:51:21,751] DEBUG: No valid transitions from state swing
[2026-06-01 04:51:21,751] WARNING: Velocity attribute does not use the linearization map. Please calculate the velocity using the position attribute.
[2026-06-01 04:51:21,756] INFO: T:8.810, State:swing, Fz:1.41, ThetaRef:60.00, ThetaActual:0.92, EncoderTheta:100.02, EncoderVelocity:0.00, K:10.00, B:0.50
[2026-06-01 04:51:21,759] DEBUG: No valid transitions from state swing
[2026-06-01 04:51:21,759] WARNING: Velocity attribute does not use the linearization map. Please calculate the velocity using the position attribute.
[2026-06-01 04:51:21,764] INFO: T:8.818, State:swing, Fz:0.29, ThetaRef:60.00, ThetaActual:0.92, EncoderTheta:100.02, EncoderVelocity:0.00, K:10.00, B:0.50
[2026-06-01 04:51:21,767] DEBUG: No valid transitions from state swing
[2026-06-01 04:51:21,767] WARNING: Velocity attribute does not use the linearization map. Please calculate the velocity using the position attribute.
[2026-06-01 04:51:21,773] INFO: T:8.826, State:swing, Fz:-0.08, ThetaRef:60.00, ThetaActual:0.92, EncoderTheta:100.00, EncoderVelocity:-2.68, K:10.00, B:0.50
[2026-06-01 04:51:21,775] DEBUG: No valid transitions from state swing
[2026-06-01 04:51:21,775] WARNING: Velocity attribute does not use the linearization map. Please calculate the velocity using the position attribute.
[2026-06-01 04:51:21,781] INFO: T:8.835, State:swing, Fz:-1.36, ThetaRef:60.00, ThetaActual:0.92, EncoderTheta:100.00, EncoderVelocity:0.00, K:10.00, B:0.50
[2026-06-01 04:51:21,784] DEBUG: No valid transitions from state swing
[2026-06-01 04:51:21,784] WARNING: Velocity attribute does not use the linearization map. Please calculate the velocity using the position attribute.
[2026-06-01 04:51:21,789] INFO: T:8.843, State:swing, Fz:-0.87, ThetaRef:60.00, ThetaActual:0.92, EncoderTheta:100.02, EncoderVelocity:2.64, K:10.00, B:0.50
[2026-06-01 04:51:21,792] DEBUG: No valid transitions from state swing
[2026-06-01 04:51:21,792] WARNING: Velocity attribute does not use the linearization map. Please calculate the velocity using the position attribute.
[2026-06-01 04:51:21,798] INFO: T:8.851, State:swing, Fz:0.02, ThetaRef:60.00, ThetaActual:0.92, EncoderTheta:100.00, EncoderVelocity:-2.67, K:10.00, B:0.50
[2026-06-01 04:51:21,800] DEBUG: No valid transitions from state swing
[2026-06-01 04:51:21,800] WARNING: Velocity attribute does not use the linearization map. Please calculate the velocity using the position attribute.
[2026-06-01 04:51:21,806] INFO: T:8.859, State:swing, Fz:1.21, ThetaRef:60.00, ThetaActual:0.92, EncoderTheta:99.95, EncoderVelocity:-5.32, K:10.00, B:0.50
[2026-06-01 04:51:21,808] DEBUG: No valid transitions from state swing
[2026-06-01 04:51:21,808] WARNING: Velocity attribute does not use the linearization map. Please calculate the velocity using the position attribute.
[2026-06-01 04:51:21,814] INFO: T:8.868, State:swing, Fz:2.62, ThetaRef:60.00, ThetaActual:0.92, EncoderTheta:99.93, EncoderVelocity:-2.67, K:10.00, B:0.50
[2026-06-01 04:51:21,816] DEBUG: No valid transitions from state swing
[2026-06-01 04:51:21,817] WARNING: Velocity attribute does not use the linearization map. Please calculate the velocity using the position attribute.
[2026-06-01 04:51:21,822] INFO: T:8.876, State:swing, Fz:2.17, ThetaRef:60.00, ThetaActual:0.92, EncoderTheta:99.87, EncoderVelocity:-8.05, K:10.00, B:0.50
[2026-06-01 04:51:21,825] DEBUG: No valid transitions from state swing
[2026-06-01 04:51:21,825] WARNING: Velocity attribute does not use the linearization map. Please calculate the velocity using the position attribute.
[2026-06-01 04:51:21,830] INFO: T:8.884, State:swing, Fz:4.84, ThetaRef:60.00, ThetaActual:0.92, EncoderTheta:99.98, EncoderVelocity:13.42, K:10.00, B:0.50
[2026-06-01 04:51:21,833] DEBUG: No valid transitions from state swing
[2026-06-01 04:51:21,833] WARNING: Velocity attribute does not use the linearization map. Please calculate the velocity using the position attribute.
[2026-06-01 04:51:21,839] INFO: T:8.892, State:swing, Fz:4.87, ThetaRef:60.00, ThetaActual:0.92, EncoderTheta:99.93, EncoderVelocity:-5.35, K:10.00, B:0.50
[2026-06-01 04:51:21,841] DEBUG: No valid transitions from state swing
[2026-06-01 04:51:21,841] WARNING: Velocity attribute does not use the linearization map. Please calculate the velocity using the position attribute.
[2026-06-01 04:51:21,847] INFO: T:8.900, State:swing, Fz:5.41, ThetaRef:60.00, ThetaActual:0.92, EncoderTheta:99.98, EncoderVelocity:5.32, K:10.00, B:0.50
[2026-06-01 04:51:21,849] DEBUG: No valid transitions from state swing
[2026-06-01 04:51:21,849] WARNING: Velocity attribute does not use the linearization map. Please calculate the velocity using the position attribute.
[2026-06-01 04:51:21,855] INFO: T:8.909, State:swing, Fz:2.34, ThetaRef:60.00, ThetaActual:0.92, EncoderTheta:100.00, EncoderVelocity:2.68, K:10.00, B:0.50
[2026-06-01 04:51:21,858] DEBUG: No valid transitions from state swing
[2026-06-01 04:51:21,858] WARNING: Velocity attribute does not use the linearization map. Please calculate the velocity using the position attribute.
[2026-06-01 04:51:21,863] INFO: T:8.917, State:swing, Fz:1.95, ThetaRef:60.00, ThetaActual:0.92, EncoderTheta:100.04, EncoderVelocity:5.34, K:10.00, B:0.50
[2026-06-01 04:51:21,866] DEBUG: No valid transitions from state swing
[2026-06-01 04:51:21,866] WARNING: Velocity attribute does not use the linearization map. Please calculate the velocity using the position attribute.
[2026-06-01 04:51:21,872] INFO: T:8.925, State:swing, Fz:1.65, ThetaRef:60.00, ThetaActual:0.92, EncoderTheta:100.02, EncoderVelocity:-2.63, K:10.00, B:0.50
[2026-06-01 04:51:21,874] DEBUG: No valid transitions from state swing
[2026-06-01 04:51:21,874] WARNING: Velocity attribute does not use the linearization map. Please calculate the velocity using the position attribute.
[2026-06-01 04:51:21,880] INFO: T:8.933, State:swing, Fz:-0.06, ThetaRef:60.00, ThetaActual:0.92, EncoderTheta:100.00, EncoderVelocity:-2.65, K:10.00, B:0.50
[2026-06-01 04:51:21,883] DEBUG: No valid transitions from state swing
[2026-06-01 04:51:21,883] WARNING: Velocity attribute does not use the linearization map. Please calculate the velocity using the position attribute.
[2026-06-01 04:51:21,888] INFO: T:8.942, State:swing, Fz:0.14, ThetaRef:60.00, ThetaActual:0.92, EncoderTheta:100.02, EncoderVelocity:2.64, K:10.00, B:0.50
[2026-06-01 04:51:21,891] DEBUG: No valid transitions from state swing
[2026-06-01 04:51:21,891] WARNING: Velocity attribute does not use the linearization map. Please calculate the velocity using the position attribute.
[2026-06-01 04:51:21,896] INFO: T:8.950, State:swing, Fz:-2.16, ThetaRef:60.00, ThetaActual:0.92, EncoderTheta:100.02, EncoderVelocity:0.00, K:10.00, B:0.50
[2026-06-01 04:51:21,899] DEBUG: No valid transitions from state swing
[2026-06-01 04:51:21,899] WARNING: Velocity attribute does not use the linearization map. Please calculate the velocity using the position attribute.
[2026-06-01 04:51:21,905] INFO: T:8.958, State:swing, Fz:-2.98, ThetaRef:60.00, ThetaActual:0.92, EncoderTheta:100.04, EncoderVelocity:2.65, K:10.00, B:0.50
[2026-06-01 04:51:21,907] DEBUG: No valid transitions from state swing
[2026-06-01 04:51:21,907] WARNING: Velocity attribute does not use the linearization map. Please calculate the velocity using the position attribute.
[2026-06-01 04:51:21,913] INFO: T:8.967, State:swing, Fz:-2.59, ThetaRef:60.00, ThetaActual:0.92, EncoderTheta:100.00, EncoderVelocity:-5.31, K:10.00, B:0.50
[2026-06-01 04:51:21,916] DEBUG: No valid transitions from state swing
[2026-06-01 04:51:21,916] WARNING: Velocity attribute does not use the linearization map. Please calculate the velocity using the position attribute.
[2026-06-01 04:51:21,921] INFO: T:8.975, State:swing, Fz:-2.78, ThetaRef:60.00, ThetaActual:0.92, EncoderTheta:99.98, EncoderVelocity:-2.65, K:10.00, B:0.50
[2026-06-01 04:51:21,924] DEBUG: No valid transitions from state swing
[2026-06-01 04:51:21,924] WARNING: Velocity attribute does not use the linearization map. Please calculate the velocity using the position attribute.
[2026-06-01 04:51:21,929] INFO: T:8.983, State:swing, Fz:-2.95, ThetaRef:60.00, ThetaActual:0.92, EncoderTheta:100.02, EncoderVelocity:5.34, K:10.00, B:0.50
[2026-06-01 04:51:21,932] DEBUG: No valid transitions from state swing
[2026-06-01 04:51:21,932] WARNING: Velocity attribute does not use the linearization map. Please calculate the velocity using the position attribute.
[2026-06-01 04:51:21,938] INFO: T:8.991, State:swing, Fz:-5.55, ThetaRef:60.00, ThetaActual:0.92, EncoderTheta:100.02, EncoderVelocity:0.00, K:10.00, B:0.50
[2026-06-01 04:51:21,940] DEBUG: No valid transitions from state swing
[2026-06-01 04:51:21,941] WARNING: Velocity attribute does not use the linearization map. Please calculate the velocity using the position attribute.
[2026-06-01 04:51:21,946] INFO: T:9.000, State:swing, Fz:-7.07, ThetaRef:60.00, ThetaActual:0.92, EncoderTheta:100.02, EncoderVelocity:0.00, K:10.00, B:0.50
[2026-06-01 04:51:21,949] DEBUG: No valid transitions from state swing
[2026-06-01 04:51:21,949] WARNING: Velocity attribute does not use the linearization map. Please calculate the velocity using the position attribute.
[2026-06-01 04:51:21,954] INFO: T:9.008, State:swing, Fz:-8.69, ThetaRef:60.00, ThetaActual:0.92, EncoderTheta:100.00, EncoderVelocity:-2.64, K:10.00, B:0.50
[2026-06-01 04:51:21,957] DEBUG: No valid transitions from state swing
[2026-06-01 04:51:21,957] WARNING: Velocity attribute does not use the linearization map. Please calculate the velocity using the position attribute.
[2026-06-01 04:51:21,963] INFO: T:9.016, State:swing, Fz:-10.90, ThetaRef:60.00, ThetaActual:0.92, EncoderTheta:100.00, EncoderVelocity:0.00, K:10.00, B:0.50
[2026-06-01 04:51:21,966] DEBUG: No valid transitions from state swing
[2026-06-01 04:51:21,966] WARNING: Velocity attribute does not use the linearization map. Please calculate the velocity using the position attribute.
[2026-06-01 04:51:21,971] INFO: T:9.025, State:swing, Fz:-11.11, ThetaRef:60.00, ThetaActual:0.92, EncoderTheta:100.04, EncoderVelocity:5.20, K:10.00, B:0.50
[2026-06-01 04:51:21,974] DEBUG: No valid transitions from state swing
[2026-06-01 04:51:21,974] WARNING: Velocity attribute does not use the linearization map. Please calculate the velocity using the position attribute.
[2026-06-01 04:51:21,980] INFO: T:9.033, State:swing, Fz:-11.25, ThetaRef:60.00, ThetaActual:0.92, EncoderTheta:100.00, EncoderVelocity:-5.32, K:10.00, B:0.50
[2026-06-01 04:51:21,982] DEBUG: No valid transitions from state swing
[2026-06-01 04:51:21,982] WARNING: Velocity attribute does not use the linearization map. Please calculate the velocity using the position attribute.
[2026-06-01 04:51:21,988] INFO: T:9.042, State:swing, Fz:-12.40, ThetaRef:60.00, ThetaActual:0.92, EncoderTheta:100.02, EncoderVelocity:2.62, K:10.00, B:0.50
[2026-06-01 04:51:21,991] DEBUG: No valid transitions from state swing
[2026-06-01 04:51:21,991] WARNING: Velocity attribute does not use the linearization map. Please calculate the velocity using the position attribute.
[2026-06-01 04:51:21,996] INFO: T:9.050, State:swing, Fz:-12.28, ThetaRef:60.00, ThetaActual:0.92, EncoderTheta:100.02, EncoderVelocity:0.00, K:10.00, B:0.50
[2026-06-01 04:51:21,999] DEBUG: No valid transitions from state swing
[2026-06-01 04:51:21,999] WARNING: Velocity attribute does not use the linearization map. Please calculate the velocity using the position attribute.
[2026-06-01 04:51:22,005] INFO: T:9.058, State:swing, Fz:-13.64, ThetaRef:60.00, ThetaActual:0.92, EncoderTheta:99.98, EncoderVelocity:-5.24, K:10.00, B:0.50
[2026-06-01 04:51:22,007] DEBUG: No valid transitions from state swing
[2026-06-01 04:51:22,007] WARNING: Velocity attribute does not use the linearization map. Please calculate the velocity using the position attribute.
[2026-06-01 04:51:22,013] INFO: T:9.067, State:swing, Fz:-14.17, ThetaRef:60.00, ThetaActual:0.92, EncoderTheta:100.02, EncoderVelocity:5.24, K:10.00, B:0.50
[2026-06-01 04:51:22,016] DEBUG: No valid transitions from state swing
[2026-06-01 04:51:22,016] WARNING: Velocity attribute does not use the linearization map. Please calculate the velocity using the position attribute.
[2026-06-01 04:51:22,021] INFO: T:9.075, State:swing, Fz:-14.07, ThetaRef:60.00, ThetaActual:0.92, EncoderTheta:100.04, EncoderVelocity:2.62, K:10.00, B:0.50
[2026-06-01 04:51:22,024] DEBUG: No valid transitions from state swing
[2026-06-01 04:51:22,024] WARNING: Velocity attribute does not use the linearization map. Please calculate the velocity using the position attribute.
[2026-06-01 04:51:22,030] INFO: T:9.083, State:swing, Fz:-13.03, ThetaRef:60.00, ThetaActual:0.92, EncoderTheta:100.02, EncoderVelocity:-2.64, K:10.00, B:0.50
[2026-06-01 04:51:22,033] DEBUG: No valid transitions from state swing
[2026-06-01 04:51:22,033] WARNING: Velocity attribute does not use the linearization map. Please calculate the velocity using the position attribute.
[2026-06-01 04:51:22,038] INFO: T:9.092, State:swing, Fz:-13.77, ThetaRef:60.00, ThetaActual:0.92, EncoderTheta:100.00, EncoderVelocity:-2.59, K:10.00, B:0.50
[2026-06-01 04:51:22,041] DEBUG: No valid transitions from state swing
[2026-06-01 04:51:22,041] WARNING: Velocity attribute does not use the linearization map. Please calculate the velocity using the position attribute.
[2026-06-01 04:51:22,047] INFO: T:9.100, State:swing, Fz:-14.31, ThetaRef:60.00, ThetaActual:0.92, EncoderTheta:100.02, EncoderVelocity:2.63, K:10.00, B:0.50
[2026-06-01 04:51:22,049] DEBUG: No valid transitions from state swing
[2026-06-01 04:51:22,049] WARNING: Velocity attribute does not use the linearization map. Please calculate the velocity using the position attribute.
[2026-06-01 04:51:22,055] INFO: T:9.108, State:swing, Fz:-13.23, ThetaRef:60.00, ThetaActual:0.92, EncoderTheta:100.02, EncoderVelocity:0.00, K:10.00, B:0.50
[2026-06-01 04:51:22,058] DEBUG: No valid transitions from state swing
[2026-06-01 04:51:22,058] WARNING: Velocity attribute does not use the linearization map. Please calculate the velocity using the position attribute.
[2026-06-01 04:51:22,063] INFO: T:9.117, State:swing, Fz:-6.37, ThetaRef:60.00, ThetaActual:0.92, EncoderTheta:100.04, EncoderVelocity:2.63, K:10.00, B:0.50
[2026-06-01 04:51:22,066] DEBUG: No valid transitions from state swing
[2026-06-01 04:51:22,066] WARNING: Velocity attribute does not use the linearization map. Please calculate the velocity using the position attribute.
[2026-06-01 04:51:22,072] INFO: T:9.125, State:swing, Fz:-8.75, ThetaRef:60.00, ThetaActual:0.92, EncoderTheta:100.04, EncoderVelocity:0.00, K:10.00, B:0.50
[2026-06-01 04:51:22,074] DEBUG: No valid transitions from state swing
[2026-06-01 04:51:22,074] WARNING: Velocity attribute does not use the linearization map. Please calculate the velocity using the position attribute.
[2026-06-01 04:51:22,080] INFO: T:9.133, State:swing, Fz:-9.74, ThetaRef:60.00, ThetaActual:0.92, EncoderTheta:100.02, EncoderVelocity:-2.64, K:10.00, B:0.50
[2026-06-01 04:51:22,082] DEBUG: No valid transitions from state swing
[2026-06-01 04:51:22,083] WARNING: Velocity attribute does not use the linearization map. Please calculate the velocity using the position attribute.
[2026-06-01 04:51:22,088] INFO: T:9.142, State:swing, Fz:-8.06, ThetaRef:60.00, ThetaActual:0.92, EncoderTheta:99.98, EncoderVelocity:-5.34, K:10.00, B:0.50
[2026-06-01 04:51:22,091] DEBUG: No valid transitions from state swing
[2026-06-01 04:51:22,091] WARNING: Velocity attribute does not use the linearization map. Please calculate the velocity using the position attribute.
[2026-06-01 04:51:22,096] INFO: T:9.150, State:swing, Fz:-4.32, ThetaRef:60.00, ThetaActual:0.92, EncoderTheta:99.95, EncoderVelocity:-2.66, K:10.00, B:0.50
[2026-06-01 04:51:22,099] DEBUG: No valid transitions from state swing
[2026-06-01 04:51:22,099] WARNING: Velocity attribute does not use the linearization map. Please calculate the velocity using the position attribute.
[2026-06-01 04:51:22,105] INFO: T:9.158, State:swing, Fz:-4.38, ThetaRef:60.00, ThetaActual:0.92, EncoderTheta:99.87, EncoderVelocity:-10.64, K:10.00, B:0.50
[2026-06-01 04:51:22,107] DEBUG: No valid transitions from state swing
[2026-06-01 04:51:22,107] WARNING: Velocity attribute does not use the linearization map. Please calculate the velocity using the position attribute.
[2026-06-01 04:51:22,113] INFO: T:9.166, State:swing, Fz:-6.89, ThetaRef:60.00, ThetaActual:0.92, EncoderTheta:99.98, EncoderVelocity:13.42, K:10.00, B:0.50
[2026-06-01 04:51:22,115] DEBUG: No valid transitions from state swing
[2026-06-01 04:51:22,116] WARNING: Velocity attribute does not use the linearization map. Please calculate the velocity using the position attribute.
[2026-06-01 04:51:22,121] INFO: T:9.175, State:swing, Fz:-13.29, ThetaRef:60.00, ThetaActual:0.92, EncoderTheta:100.09, EncoderVelocity:13.25, K:10.00, B:0.50
[2026-06-01 04:51:22,124] DEBUG: No valid transitions from state swing
[2026-06-01 04:51:22,124] WARNING: Velocity attribute does not use the linearization map. Please calculate the velocity using the position attribute.
[2026-06-01 04:51:22,129] INFO: T:9.183, State:swing, Fz:-35.25, ThetaRef:60.00, ThetaActual:0.92, EncoderTheta:100.02, EncoderVelocity:-8.00, K:10.00, B:0.50
[2026-06-01 04:51:22,132] WARNING: Velocity attribute does not use the linearization map. Please calculate the velocity using the position attribute.
[2026-06-01 04:51:22,138] INFO: T:9.191, State:stance, Fz:-56.52, ThetaRef:5.00, ThetaActual:0.92, EncoderTheta:100.04, EncoderVelocity:2.65, K:500.00, B:20.00
[2026-06-01 04:51:22,140] DEBUG: No valid transitions from state stance
[2026-06-01 04:51:22,140] WARNING: Velocity attribute does not use the linearization map. Please calculate the velocity using the position attribute.
[2026-06-01 04:51:22,146] INFO: T:9.200, State:stance, Fz:-64.66, ThetaRef:5.00, ThetaActual:0.92, EncoderTheta:100.04, EncoderVelocity:0.00, K:500.00, B:20.00
[2026-06-01 04:51:22,149] DEBUG: No valid transitions from state stance
[2026-06-01 04:51:22,149] WARNING: Velocity attribute does not use the linearization map. Please calculate the velocity using the position attribute.
[2026-06-01 04:51:22,154] INFO: T:9.208, State:stance, Fz:-58.78, ThetaRef:5.00, ThetaActual:0.92, EncoderTheta:99.95, EncoderVelocity:-10.62, K:500.00, B:20.00
[2026-06-01 04:51:22,157] DEBUG: No valid transitions from state stance
[2026-06-01 04:51:22,157] WARNING: Velocity attribute does not use the linearization map. Please calculate the velocity using the position attribute.
[2026-06-01 04:51:22,162] INFO: T:9.216, State:stance, Fz:-53.75, ThetaRef:5.00, ThetaActual:0.87, EncoderTheta:100.04, EncoderVelocity:10.83, K:500.00, B:20.00
[2026-06-01 04:51:22,165] DEBUG: No valid transitions from state stance
[2026-06-01 04:51:22,165] WARNING: Velocity attribute does not use the linearization map. Please calculate the velocity using the position attribute.
[2026-06-01 04:51:22,171] INFO: T:9.224, State:stance, Fz:-49.47, ThetaRef:5.00, ThetaActual:0.76, EncoderTheta:100.06, EncoderVelocity:2.64, K:500.00, B:20.00
[2026-06-01 04:51:22,173] DEBUG: No valid transitions from state stance
[2026-06-01 04:51:22,173] WARNING: Velocity attribute does not use the linearization map. Please calculate the velocity using the position attribute.
[2026-06-01 04:51:22,179] INFO: T:9.233, State:stance, Fz:-50.74, ThetaRef:5.00, ThetaActual:0.71, EncoderTheta:100.11, EncoderVelocity:5.32, K:500.00, B:20.00
[2026-06-01 04:51:22,182] DEBUG: No valid transitions from state stance
[2026-06-01 04:51:22,182] WARNING: Velocity attribute does not use the linearization map. Please calculate the velocity using the position attribute.
[2026-06-01 04:51:22,187] INFO: T:9.241, State:stance, Fz:-55.71, ThetaRef:5.00, ThetaActual:0.65, EncoderTheta:100.06, EncoderVelocity:-5.35, K:500.00, B:20.00
[2026-06-01 04:51:22,190] DEBUG: No valid transitions from state stance
[2026-06-01 04:51:22,190] WARNING: Velocity attribute does not use the linearization map. Please calculate the velocity using the position attribute.
[2026-06-01 04:51:22,195] INFO: T:9.249, State:stance, Fz:-62.49, ThetaRef:5.00, ThetaActual:0.63, EncoderTheta:100.13, EncoderVelocity:8.14, K:500.00, B:20.00
[2026-06-01 04:51:22,198] DEBUG: No valid transitions from state stance
[2026-06-01 04:51:22,198] WARNING: Velocity attribute does not use the linearization map. Please calculate the velocity using the position attribute.
[2026-06-01 04:51:22,204] INFO: T:9.257, State:stance, Fz:-69.62, ThetaRef:5.00, ThetaActual:0.63, EncoderTheta:100.11, EncoderVelocity:-2.64, K:500.00, B:20.00
[2026-06-01 04:51:22,206] DEBUG: No valid transitions from state stance
[2026-06-01 04:51:22,206] WARNING: Velocity attribute does not use the linearization map. Please calculate the velocity using the position attribute.
[2026-06-01 04:51:22,212] INFO: T:9.265, State:stance, Fz:-73.52, ThetaRef:5.00, ThetaActual:0.63, EncoderTheta:100.04, EncoderVelocity:-7.97, K:500.00, B:20.00
[2026-06-01 04:51:22,214] DEBUG: No valid transitions from state stance
[2026-06-01 04:51:22,215] WARNING: Velocity attribute does not use the linearization map. Please calculate the velocity using the position attribute.
[2026-06-01 04:51:22,220] INFO: T:9.274, State:stance, Fz:-77.89, ThetaRef:5.00, ThetaActual:0.63, EncoderTheta:100.04, EncoderVelocity:0.00, K:500.00, B:20.00
[2026-06-01 04:51:22,223] DEBUG: No valid transitions from state stance
[2026-06-01 04:51:22,223] WARNING: Velocity attribute does not use the linearization map. Please calculate the velocity using the position attribute.
[2026-06-01 04:51:22,228] INFO: T:9.282, State:stance, Fz:-82.68, ThetaRef:5.00, ThetaActual:0.63, EncoderTheta:100.06, EncoderVelocity:2.66, K:500.00, B:20.00
[2026-06-01 04:51:22,231] DEBUG: No valid transitions from state stance
[2026-06-01 04:51:22,231] WARNING: Velocity attribute does not use the linearization map. Please calculate the velocity using the position attribute.
[2026-06-01 04:51:22,237] INFO: T:9.290, State:stance, Fz:-91.32, ThetaRef:5.00, ThetaActual:0.63, EncoderTheta:100.06, EncoderVelocity:0.00, K:500.00, B:20.00
[2026-06-01 04:51:22,239] DEBUG: No valid transitions from state stance
[2026-06-01 04:51:22,239] WARNING: Velocity attribute does not use the linearization map. Please calculate the velocity using the position attribute.
[2026-06-01 04:51:22,245] INFO: T:9.298, State:stance, Fz:-100.87, ThetaRef:5.00, ThetaActual:0.63, EncoderTheta:100.09, EncoderVelocity:2.65, K:500.00, B:20.00
[2026-06-01 04:51:22,247] DEBUG: No valid transitions from state stance
[2026-06-01 04:51:22,248] WARNING: Velocity attribute does not use the linearization map. Please calculate the velocity using the position attribute.
[2026-06-01 04:51:22,253] INFO: T:9.307, State:stance, Fz:-109.11, ThetaRef:5.00, ThetaActual:0.63, EncoderTheta:100.06, EncoderVelocity:-2.67, K:500.00, B:20.00
[2026-06-01 04:51:22,256] DEBUG: No valid transitions from state stance
[2026-06-01 04:51:22,256] WARNING: Velocity attribute does not use the linearization map. Please calculate the velocity using the position attribute.
[2026-06-01 04:51:22,261] INFO: T:9.315, State:stance, Fz:-119.85, ThetaRef:5.00, ThetaActual:0.63, EncoderTheta:100.04, EncoderVelocity:-2.65, K:500.00, B:20.00
[2026-06-01 04:51:22,264] DEBUG: No valid transitions from state stance
[2026-06-01 04:51:22,264] WARNING: Velocity attribute does not use the linearization map. Please calculate the velocity using the position attribute.
[2026-06-01 04:51:22,270] INFO: T:9.323, State:stance, Fz:-129.47, ThetaRef:5.00, ThetaActual:0.63, EncoderTheta:100.09, EncoderVelocity:5.28, K:500.00, B:20.00
[2026-06-01 04:51:22,272] DEBUG: No valid transitions from state stance
[2026-06-01 04:51:22,272] WARNING: Velocity attribute does not use the linearization map. Please calculate the velocity using the position attribute.
[2026-06-01 04:51:22,278] INFO: T:9.332, State:stance, Fz:-143.27, ThetaRef:5.00, ThetaActual:0.63, EncoderTheta:100.04, EncoderVelocity:-5.28, K:500.00, B:20.00
[2026-06-01 04:51:22,281] DEBUG: No valid transitions from state stance
[2026-06-01 04:51:22,281] WARNING: Velocity attribute does not use the linearization map. Please calculate the velocity using the position attribute.
[2026-06-01 04:51:22,286] INFO: T:9.340, State:stance, Fz:-155.31, ThetaRef:5.00, ThetaActual:0.63, EncoderTheta:100.11, EncoderVelocity:7.93, K:500.00, B:20.00
[2026-06-01 04:51:22,289] DEBUG: No valid transitions from state stance
[2026-06-01 04:51:22,289] WARNING: Velocity attribute does not use the linearization map. Please calculate the velocity using the position attribute.
[2026-06-01 04:51:22,295] INFO: T:9.348, State:stance, Fz:-167.96, ThetaRef:5.00, ThetaActual:0.63, EncoderTheta:100.13, EncoderVelocity:2.64, K:500.00, B:20.00
[2026-06-01 04:51:22,297] DEBUG: No valid transitions from state stance
[2026-06-01 04:51:22,297] WARNING: Velocity attribute does not use the linearization map. Please calculate the velocity using the position attribute.
[2026-06-01 04:51:22,303] INFO: T:9.357, State:stance, Fz:-183.10, ThetaRef:5.00, ThetaActual:0.63, EncoderTheta:100.11, EncoderVelocity:-2.66, K:500.00, B:20.00
[2026-06-01 04:51:22,306] DEBUG: No valid transitions from state stance
[2026-06-01 04:51:22,306] WARNING: Velocity attribute does not use the linearization map. Please calculate the velocity using the position attribute.
[2026-06-01 04:51:22,311] INFO: T:9.365, State:stance, Fz:-198.12, ThetaRef:5.00, ThetaActual:0.62, EncoderTheta:100.11, EncoderVelocity:0.00, K:500.00, B:20.00
[2026-06-01 04:51:22,314] DEBUG: No valid transitions from state stance
[2026-06-01 04:51:22,314] WARNING: Velocity attribute does not use the linearization map. Please calculate the velocity using the position attribute.
[2026-06-01 04:51:22,320] INFO: T:9.373, State:stance, Fz:-211.14, ThetaRef:5.00, ThetaActual:0.62, EncoderTheta:100.06, EncoderVelocity:-5.20, K:500.00, B:20.00
[2026-06-01 04:51:22,322] DEBUG: No valid transitions from state stance
[2026-06-01 04:51:22,322] WARNING: Velocity attribute does not use the linearization map. Please calculate the velocity using the position attribute.
[2026-06-01 04:51:22,328] INFO: T:9.382, State:stance, Fz:-224.02, ThetaRef:5.00, ThetaActual:0.62, EncoderTheta:100.09, EncoderVelocity:2.66, K:500.00, B:20.00
[2026-06-01 04:51:22,331] DEBUG: No valid transitions from state stance
[2026-06-01 04:51:22,331] WARNING: Velocity attribute does not use the linearization map. Please calculate the velocity using the position attribute.
[2026-06-01 04:51:22,336] INFO: T:9.390, State:stance, Fz:-232.88, ThetaRef:5.00, ThetaActual:0.61, EncoderTheta:100.09, EncoderVelocity:0.00, K:500.00, B:20.00
[2026-06-01 04:51:22,339] DEBUG: No valid transitions from state stance
[2026-06-01 04:51:22,339] WARNING: Velocity attribute does not use the linearization map. Please calculate the velocity using the position attribute.
[2026-06-01 04:51:22,344] INFO: T:9.398, State:stance, Fz:-243.56, ThetaRef:5.00, ThetaActual:0.61, EncoderTheta:100.13, EncoderVelocity:5.38, K:500.00, B:20.00
[2026-06-01 04:51:22,347] DEBUG: No valid transitions from state stance
[2026-06-01 04:51:22,347] WARNING: Velocity attribute does not use the linearization map. Please calculate the velocity using the position attribute.
[2026-06-01 04:51:22,353] INFO: T:9.406, State:stance, Fz:-249.75, ThetaRef:5.00, ThetaActual:0.60, EncoderTheta:100.13, EncoderVelocity:0.00, K:500.00, B:20.00
[2026-06-01 04:51:22,355] DEBUG: No valid transitions from state stance
[2026-06-01 04:51:22,355] WARNING: Velocity attribute does not use the linearization map. Please calculate the velocity using the position attribute.
[2026-06-01 04:51:22,361] INFO: T:9.415, State:stance, Fz:-253.47, ThetaRef:5.00, ThetaActual:0.60, EncoderTheta:100.06, EncoderVelocity:-7.99, K:500.00, B:20.00
[2026-06-01 04:51:22,364] DEBUG: No valid transitions from state stance
[2026-06-01 04:51:22,364] WARNING: Velocity attribute does not use the linearization map. Please calculate the velocity using the position attribute.
[2026-06-01 04:51:22,369] INFO: T:9.423, State:stance, Fz:-257.32, ThetaRef:5.00, ThetaActual:0.60, EncoderTheta:100.06, EncoderVelocity:0.00, K:500.00, B:20.00
[2026-06-01 04:51:22,372] DEBUG: No valid transitions from state stance
[2026-06-01 04:51:22,372] WARNING: Velocity attribute does not use the linearization map. Please calculate the velocity using the position attribute.
[2026-06-01 04:51:22,377] INFO: T:9.431, State:stance, Fz:-260.25, ThetaRef:5.00, ThetaActual:0.60, EncoderTheta:100.09, EncoderVelocity:2.70, K:500.00, B:20.00
[2026-06-01 04:51:22,380] DEBUG: No valid transitions from state stance
[2026-06-01 04:51:22,380] WARNING: Velocity attribute does not use the linearization map. Please calculate the velocity using the position attribute.
[2026-06-01 04:51:22,386] INFO: T:9.439, State:stance, Fz:-263.00, ThetaRef:5.00, ThetaActual:0.60, EncoderTheta:100.06, EncoderVelocity:-2.64, K:500.00, B:20.00
[2026-06-01 04:51:22,388] DEBUG: No valid transitions from state stance
[2026-06-01 04:51:22,388] WARNING: Velocity attribute does not use the linearization map. Please calculate the velocity using the position attribute.
[2026-06-01 04:51:22,394] INFO: T:9.447, State:stance, Fz:-265.61, ThetaRef:5.00, ThetaActual:0.60, EncoderTheta:100.11, EncoderVelocity:5.33, K:500.00, B:20.00
[2026-06-01 04:51:22,397] DEBUG: No valid transitions from state stance
[2026-06-01 04:51:22,397] WARNING: Velocity attribute does not use the linearization map. Please calculate the velocity using the position attribute.
[2026-06-01 04:51:22,402] INFO: T:9.456, State:stance, Fz:-276.48, ThetaRef:5.00, ThetaActual:0.60, EncoderTheta:100.06, EncoderVelocity:-5.18, K:500.00, B:20.00
[2026-06-01 04:51:22,405] DEBUG: No valid transitions from state stance
[2026-06-01 04:51:22,405] WARNING: Velocity attribute does not use the linearization map. Please calculate the velocity using the position attribute.
[2026-06-01 04:51:22,411] INFO: T:9.464, State:stance, Fz:-275.93, ThetaRef:5.00, ThetaActual:0.60, EncoderTheta:100.09, EncoderVelocity:2.64, K:500.00, B:20.00
[2026-06-01 04:51:22,413] DEBUG: No valid transitions from state stance
[2026-06-01 04:51:22,413] WARNING: Velocity attribute does not use the linearization map. Please calculate the velocity using the position attribute.
[2026-06-01 04:51:22,419] INFO: T:9.473, State:stance, Fz:-273.06, ThetaRef:5.00, ThetaActual:0.60, EncoderTheta:100.13, EncoderVelocity:5.33, K:500.00, B:20.00
[2026-06-01 04:51:22,422] DEBUG: No valid transitions from state stance
[2026-06-01 04:51:22,422] WARNING: Velocity attribute does not use the linearization map. Please calculate the velocity using the position attribute.
[2026-06-01 04:51:22,427] INFO: T:9.481, State:stance, Fz:-270.82, ThetaRef:5.00, ThetaActual:0.60, EncoderTheta:100.02, EncoderVelocity:-13.12, K:500.00, B:20.00
[2026-06-01 04:51:22,430] DEBUG: No valid transitions from state stance
[2026-06-01 04:51:22,430] WARNING: Velocity attribute does not use the linearization map. Please calculate the velocity using the position attribute.
[2026-06-01 04:51:22,436] INFO: T:9.489, State:stance, Fz:-267.19, ThetaRef:5.00, ThetaActual:0.60, EncoderTheta:100.04, EncoderVelocity:2.64, K:500.00, B:20.00
[2026-06-01 04:51:22,438] DEBUG: No valid transitions from state stance
[2026-06-01 04:51:22,438] WARNING: Velocity attribute does not use the linearization map. Please calculate the velocity using the position attribute.
[2026-06-01 04:51:22,444] INFO: T:9.497, State:stance, Fz:-260.93, ThetaRef:5.00, ThetaActual:0.60, EncoderTheta:100.11, EncoderVelocity:7.96, K:500.00, B:20.00
[2026-06-01 04:51:22,446] DEBUG: No valid transitions from state stance
[2026-06-01 04:51:22,447] WARNING: Velocity attribute does not use the linearization map. Please calculate the velocity using the position attribute.
[2026-06-01 04:51:22,452] INFO: T:9.506, State:stance, Fz:-254.20, ThetaRef:5.00, ThetaActual:0.60, EncoderTheta:100.09, EncoderVelocity:-2.66, K:500.00, B:20.00
[2026-06-01 04:51:22,455] DEBUG: No valid transitions from state stance
[2026-06-01 04:51:22,455] WARNING: Velocity attribute does not use the linearization map. Please calculate the velocity using the position attribute.
[2026-06-01 04:51:22,460] INFO: T:9.514, State:stance, Fz:-246.09, ThetaRef:5.00, ThetaActual:0.60, EncoderTheta:100.11, EncoderVelocity:2.66, K:500.00, B:20.00
[2026-06-01 04:51:22,463] DEBUG: No valid transitions from state stance
[2026-06-01 04:51:22,463] WARNING: Velocity attribute does not use the linearization map. Please calculate the velocity using the position attribute.
[2026-06-01 04:51:22,469] INFO: T:9.522, State:stance, Fz:-238.88, ThetaRef:5.00, ThetaActual:0.60, EncoderTheta:100.11, EncoderVelocity:0.00, K:500.00, B:20.00
[2026-06-01 04:51:22,471] DEBUG: No valid transitions from state stance
[2026-06-01 04:51:22,471] WARNING: Velocity attribute does not use the linearization map. Please calculate the velocity using the position attribute.
[2026-06-01 04:51:22,477] INFO: T:9.531, State:stance, Fz:-230.41, ThetaRef:5.00, ThetaActual:0.60, EncoderTheta:100.04, EncoderVelocity:-7.96, K:500.00, B:20.00
[2026-06-01 04:51:22,480] DEBUG: No valid transitions from state stance
[2026-06-01 04:51:22,480] WARNING: Velocity attribute does not use the linearization map. Please calculate the velocity using the position attribute.
[2026-06-01 04:51:22,485] INFO: T:9.539, State:stance, Fz:-220.99, ThetaRef:5.00, ThetaActual:0.60, EncoderTheta:100.02, EncoderVelocity:-2.65, K:500.00, B:20.00
[2026-06-01 04:51:22,488] DEBUG: No valid transitions from state stance
[2026-06-01 04:51:22,488] WARNING: Velocity attribute does not use the linearization map. Please calculate the velocity using the position attribute.
[2026-06-01 04:51:22,493] INFO: T:9.547, State:stance, Fz:-209.81, ThetaRef:5.00, ThetaActual:0.60, EncoderTheta:100.06, EncoderVelocity:5.31, K:500.00, B:20.00
[2026-06-01 04:51:22,496] DEBUG: No valid transitions from state stance
[2026-06-01 04:51:22,496] WARNING: Velocity attribute does not use the linearization map. Please calculate the velocity using the position attribute.
[2026-06-01 04:51:22,502] INFO: T:9.555, State:stance, Fz:-197.29, ThetaRef:5.00, ThetaActual:0.60, EncoderTheta:100.04, EncoderVelocity:-2.66, K:500.00, B:20.00
[2026-06-01 04:51:22,504] DEBUG: No valid transitions from state stance
[2026-06-01 04:51:22,504] WARNING: Velocity attribute does not use the linearization map. Please calculate the velocity using the position attribute.
[2026-06-01 04:51:22,510] INFO: T:9.564, State:stance, Fz:-187.72, ThetaRef:5.00, ThetaActual:0.60, EncoderTheta:100.09, EncoderVelocity:5.31, K:500.00, B:20.00
[2026-06-01 04:51:22,513] DEBUG: No valid transitions from state stance
[2026-06-01 04:51:22,513] WARNING: Velocity attribute does not use the linearization map. Please calculate the velocity using the position attribute.
[2026-06-01 04:51:22,518] INFO: T:9.572, State:stance, Fz:-176.47, ThetaRef:5.00, ThetaActual:0.60, EncoderTheta:100.09, EncoderVelocity:0.00, K:500.00, B:20.00
[2026-06-01 04:51:22,521] DEBUG: No valid transitions from state stance
[2026-06-01 04:51:22,521] WARNING: Velocity attribute does not use the linearization map. Please calculate the velocity using the position attribute.
[2026-06-01 04:51:22,526] INFO: T:9.580, State:stance, Fz:-171.24, ThetaRef:5.00, ThetaActual:0.60, EncoderTheta:100.06, EncoderVelocity:-2.65, K:500.00, B:20.00
[2026-06-01 04:51:22,529] DEBUG: No valid transitions from state stance
[2026-06-01 04:51:22,529] WARNING: Velocity attribute does not use the linearization map. Please calculate the velocity using the position attribute.
[2026-06-01 04:51:22,535] INFO: T:9.588, State:stance, Fz:-155.92, ThetaRef:5.00, ThetaActual:0.60, EncoderTheta:100.09, EncoderVelocity:2.68, K:500.00, B:20.00
[2026-06-01 04:51:22,538] DEBUG: No valid transitions from state stance
[2026-06-01 04:51:22,538] WARNING: Velocity attribute does not use the linearization map. Please calculate the velocity using the position attribute.
[2026-06-01 04:51:22,543] INFO: T:9.597, State:stance, Fz:-140.24, ThetaRef:5.00, ThetaActual:0.60, EncoderTheta:100.04, EncoderVelocity:-5.24, K:500.00, B:20.00
[2026-06-01 04:51:22,546] DEBUG: No valid transitions from state stance
[2026-06-01 04:51:22,546] WARNING: Velocity attribute does not use the linearization map. Please calculate the velocity using the position attribute.
[2026-06-01 04:51:22,552] INFO: T:9.605, State:stance, Fz:-128.23, ThetaRef:5.00, ThetaActual:0.60, EncoderTheta:100.02, EncoderVelocity:-2.63, K:500.00, B:20.00
[2026-06-01 04:51:22,554] DEBUG: No valid transitions from state stance
[2026-06-01 04:51:22,554] WARNING: Velocity attribute does not use the linearization map. Please calculate the velocity using the position attribute.
[2026-06-01 04:51:22,560] INFO: T:9.613, State:stance, Fz:-115.61, ThetaRef:5.00, ThetaActual:0.60, EncoderTheta:100.02, EncoderVelocity:0.00, K:500.00, B:20.00
[2026-06-01 04:51:22,562] DEBUG: No valid transitions from state stance
[2026-06-01 04:51:22,563] WARNING: Velocity attribute does not use the linearization map. Please calculate the velocity using the position attribute.
[2026-06-01 04:51:22,568] INFO: T:9.622, State:stance, Fz:-109.34, ThetaRef:5.00, ThetaActual:0.60, EncoderTheta:99.98, EncoderVelocity:-5.27, K:500.00, B:20.00
[2026-06-01 04:51:22,571] DEBUG: No valid transitions from state stance
[2026-06-01 04:51:22,571] WARNING: Velocity attribute does not use the linearization map. Please calculate the velocity using the position attribute.
[2026-06-01 04:51:22,576] INFO: T:9.630, State:stance, Fz:-95.73, ThetaRef:5.00, ThetaActual:0.61, EncoderTheta:99.95, EncoderVelocity:-2.65, K:500.00, B:20.00
[2026-06-01 04:51:22,579] DEBUG: No valid transitions from state stance
[2026-06-01 04:51:22,579] WARNING: Velocity attribute does not use the linearization map. Please calculate the velocity using the position attribute.
[2026-06-01 04:51:22,585] INFO: T:9.638, State:stance, Fz:-80.87, ThetaRef:5.00, ThetaActual:0.61, EncoderTheta:99.98, EncoderVelocity:2.65, K:500.00, B:20.00
[2026-06-01 04:51:22,587] DEBUG: No valid transitions from state stance
[2026-06-01 04:51:22,587] WARNING: Velocity attribute does not use the linearization map. Please calculate the velocity using the position attribute.
[2026-06-01 04:51:22,593] INFO: T:9.647, State:stance, Fz:-69.03, ThetaRef:5.00, ThetaActual:0.61, EncoderTheta:99.93, EncoderVelocity:-5.30, K:500.00, B:20.00
[2026-06-01 04:51:22,596] DEBUG: No valid transitions from state stance
[2026-06-01 04:51:22,596] WARNING: Velocity attribute does not use the linearization map. Please calculate the velocity using the position attribute.
[2026-06-01 04:51:22,601] INFO: T:9.655, State:stance, Fz:-58.51, ThetaRef:5.00, ThetaActual:0.63, EncoderTheta:99.82, EncoderVelocity:-13.40, K:500.00, B:20.00
[2026-06-01 04:51:22,604] DEBUG: No valid transitions from state stance
[2026-06-01 04:51:22,604] WARNING: Velocity attribute does not use the linearization map. Please calculate the velocity using the position attribute.
[2026-06-01 04:51:22,609] INFO: T:9.663, State:stance, Fz:-48.48, ThetaRef:5.00, ThetaActual:0.65, EncoderTheta:99.84, EncoderVelocity:2.68, K:500.00, B:20.00
[2026-06-01 04:51:22,612] DEBUG: No valid transitions from state stance
[2026-06-01 04:51:22,612] WARNING: Velocity attribute does not use the linearization map. Please calculate the velocity using the position attribute.
[2026-06-01 04:51:22,617] INFO: T:9.671, State:stance, Fz:-36.88, ThetaRef:5.00, ThetaActual:0.69, EncoderTheta:99.78, EncoderVelocity:-8.06, K:500.00, B:20.00
[2026-06-01 04:51:22,620] WARNING: Velocity attribute does not use the linearization map. Please calculate the velocity using the position attribute.
[2026-06-01 04:51:22,626] INFO: T:9.679, State:swing, Fz:-26.52, ThetaRef:60.00, ThetaActual:0.73, EncoderTheta:99.76, EncoderVelocity:-2.69, K:10.00, B:0.50
[2026-06-01 04:51:22,628] DEBUG: No valid transitions from state swing
[2026-06-01 04:51:22,628] WARNING: Velocity attribute does not use the linearization map. Please calculate the velocity using the position attribute.
[2026-06-01 04:51:22,634] INFO: T:9.688, State:swing, Fz:-16.64, ThetaRef:60.00, ThetaActual:0.75, EncoderTheta:99.67, EncoderVelocity:-10.76, K:10.00, B:0.50
[2026-06-01 04:51:22,636] DEBUG: No valid transitions from state swing
[2026-06-01 04:51:22,637] WARNING: Velocity attribute does not use the linearization map. Please calculate the velocity using the position attribute.
[2026-06-01 04:51:22,642] INFO: T:9.696, State:swing, Fz:-16.98, ThetaRef:60.00, ThetaActual:0.80, EncoderTheta:99.58, EncoderVelocity:-10.69, K:10.00, B:0.50
[2026-06-01 04:51:22,645] DEBUG: No valid transitions from state swing
[2026-06-01 04:51:22,645] WARNING: Velocity attribute does not use the linearization map. Please calculate the velocity using the position attribute.
[2026-06-01 04:51:22,650] INFO: T:9.704, State:swing, Fz:-18.42, ThetaRef:60.00, ThetaActual:0.98, EncoderTheta:99.43, EncoderVelocity:-18.78, K:10.00, B:0.50
[2026-06-01 04:51:22,653] DEBUG: No valid transitions from state swing
[2026-06-01 04:51:22,653] WARNING: Velocity attribute does not use the linearization map. Please calculate the velocity using the position attribute.
[2026-06-01 04:51:22,659] INFO: T:9.712, State:swing, Fz:-27.52, ThetaRef:60.00, ThetaActual:1.14, EncoderTheta:99.10, EncoderVelocity:-39.54, K:10.00, B:0.50
[2026-06-01 04:51:22,661] DEBUG: No valid transitions from state swing
[2026-06-01 04:51:22,661] WARNING: Velocity attribute does not use the linearization map. Please calculate the velocity using the position attribute.
[2026-06-01 04:51:22,667] INFO: T:9.721, State:swing, Fz:-36.97, ThetaRef:60.00, ThetaActual:1.54, EncoderTheta:98.77, EncoderVelocity:-39.79, K:10.00, B:0.50
[2026-06-01 04:51:22,670] DEBUG: No valid transitions from state swing
[2026-06-01 04:51:22,670] WARNING: Velocity attribute does not use the linearization map. Please calculate the velocity using the position attribute.
[2026-06-01 04:51:22,675] INFO: T:9.729, State:swing, Fz:-43.68, ThetaRef:60.00, ThetaActual:2.04, EncoderTheta:98.22, EncoderVelocity:-66.58, K:10.00, B:0.50
[2026-06-01 04:51:22,678] WARNING: Velocity attribute does not use the linearization map. Please calculate the velocity using the position attribute.
[2026-06-01 04:51:22,684] INFO: T:9.737, State:stance, Fz:-51.29, ThetaRef:5.00, ThetaActual:2.32, EncoderTheta:97.76, EncoderVelocity:-55.57, K:500.00, B:20.00
[2026-06-01 04:51:22,686] DEBUG: No valid transitions from state stance
[2026-06-01 04:51:22,686] WARNING: Velocity attribute does not use the linearization map. Please calculate the velocity using the position attribute.
[2026-06-01 04:51:22,692] INFO: T:9.745, State:stance, Fz:-59.15, ThetaRef:5.00, ThetaActual:2.96, EncoderTheta:97.23, EncoderVelocity:-63.83, K:500.00, B:20.00
[2026-06-01 04:51:22,694] DEBUG: No valid transitions from state stance
[2026-06-01 04:51:22,694] WARNING: Velocity attribute does not use the linearization map. Please calculate the velocity using the position attribute.
[2026-06-01 04:51:22,700] INFO: T:9.754, State:stance, Fz:-57.63, ThetaRef:5.00, ThetaActual:3.31, EncoderTheta:96.81, EncoderVelocity:-50.63, K:500.00, B:20.00
[2026-06-01 04:51:22,703] WARNING: Velocity attribute does not use the linearization map. Please calculate the velocity using the position attribute.
[2026-06-01 04:51:22,708] INFO: T:9.762, State:swing, Fz:-27.90, ThetaRef:60.00, ThetaActual:3.64, EncoderTheta:96.88, EncoderVelocity:7.84, K:10.00, B:0.50
[2026-06-01 04:51:22,711] DEBUG: No valid transitions from state swing
[2026-06-01 04:51:22,711] WARNING: Velocity attribute does not use the linearization map. Please calculate the velocity using the position attribute.
[2026-06-01 04:51:22,717] INFO: T:9.770, State:swing, Fz:29.28, ThetaRef:60.00, ThetaActual:3.27, EncoderTheta:97.10, EncoderVelocity:26.27, K:10.00, B:0.50
[2026-06-01 04:51:22,720] DEBUG: No valid transitions from state swing
[2026-06-01 04:51:22,720] WARNING: Velocity attribute does not use the linearization map. Please calculate the velocity using the position attribute.
[2026-06-01 04:51:22,725] INFO: T:9.779, State:swing, Fz:53.83, ThetaRef:60.00, ThetaActual:3.02, EncoderTheta:97.32, EncoderVelocity:26.16, K:10.00, B:0.50
[2026-06-01 04:51:22,728] DEBUG: No valid transitions from state swing
[2026-06-01 04:51:22,728] WARNING: Velocity attribute does not use the linearization map. Please calculate the velocity using the position attribute.
[2026-06-01 04:51:22,734] INFO: T:9.787, State:swing, Fz:30.93, ThetaRef:60.00, ThetaActual:3.02, EncoderTheta:97.38, EncoderVelocity:7.83, K:10.00, B:0.50
[2026-06-01 04:51:22,736] DEBUG: No valid transitions from state swing
[2026-06-01 04:51:22,736] WARNING: Velocity attribute does not use the linearization map. Please calculate the velocity using the position attribute.
[2026-06-01 04:51:22,742] INFO: T:9.796, State:swing, Fz:3.43, ThetaRef:60.00, ThetaActual:3.19, EncoderTheta:97.16, EncoderVelocity:-26.30, K:10.00, B:0.50
[2026-06-01 04:51:22,745] DEBUG: No valid transitions from state swing
[2026-06-01 04:51:22,745] WARNING: Velocity attribute does not use the linearization map. Please calculate the velocity using the position attribute.
[2026-06-01 04:51:22,750] INFO: T:9.804, State:swing, Fz:0.47, ThetaRef:60.00, ThetaActual:3.42, EncoderTheta:96.90, EncoderVelocity:-31.94, K:10.00, B:0.50
[2026-06-01 04:51:22,753] DEBUG: No valid transitions from state swing
[2026-06-01 04:51:22,753] WARNING: Velocity attribute does not use the linearization map. Please calculate the velocity using the position attribute.
[2026-06-01 04:51:22,759] INFO: T:9.812, State:swing, Fz:14.74, ThetaRef:60.00, ThetaActual:3.57, EncoderTheta:96.48, EncoderVelocity:-50.31, K:10.00, B:0.50
[2026-06-01 04:51:22,761] DEBUG: No valid transitions from state swing
[2026-06-01 04:51:22,761] WARNING: Velocity attribute does not use the linearization map. Please calculate the velocity using the position attribute.
[2026-06-01 04:51:22,767] INFO: T:9.820, State:swing, Fz:30.64, ThetaRef:60.00, ThetaActual:4.01, EncoderTheta:95.98, EncoderVelocity:-60.71, K:10.00, B:0.50
[2026-06-01 04:51:22,770] DEBUG: No valid transitions from state swing
[2026-06-01 04:51:22,770] WARNING: Velocity attribute does not use the linearization map. Please calculate the velocity using the position attribute.
[2026-06-01 04:51:22,775] INFO: T:9.829, State:swing, Fz:25.24, ThetaRef:60.00, ThetaActual:4.33, EncoderTheta:95.43, EncoderVelocity:-66.26, K:10.00, B:0.50
[2026-06-01 04:51:22,778] DEBUG: No valid transitions from state swing
[2026-06-01 04:51:22,778] WARNING: Velocity attribute does not use the linearization map. Please calculate the velocity using the position attribute.
[2026-06-01 04:51:22,784] INFO: T:9.837, State:swing, Fz:2.10, ThetaRef:60.00, ThetaActual:5.09, EncoderTheta:94.88, EncoderVelocity:-64.78, K:10.00, B:0.50
[2026-06-01 04:51:22,786] DEBUG: No valid transitions from state swing
[2026-06-01 04:51:22,786] WARNING: Velocity attribute does not use the linearization map. Please calculate the velocity using the position attribute.
[2026-06-01 04:51:22,792] INFO: T:9.846, State:swing, Fz:-22.59, ThetaRef:60.00, ThetaActual:5.95, EncoderTheta:94.13, EncoderVelocity:-88.97, K:10.00, B:0.50
[2026-06-01 04:51:22,795] DEBUG: No valid transitions from state swing
[2026-06-01 04:51:22,795] WARNING: Velocity attribute does not use the linearization map. Please calculate the velocity using the position attribute.
[2026-06-01 04:51:22,800] INFO: T:9.854, State:swing, Fz:-40.86, ThetaRef:60.00, ThetaActual:6.82, EncoderTheta:93.41, EncoderVelocity:-87.24, K:10.00, B:0.50
[2026-06-01 04:51:22,803] WARNING: Velocity attribute does not use the linearization map. Please calculate the velocity using the position attribute.
[2026-06-01 04:51:22,808] INFO: T:9.862, State:stance, Fz:-52.75, ThetaRef:5.00, ThetaActual:7.26, EncoderTheta:92.66, EncoderVelocity:-90.86, K:500.00, B:20.00
[2026-06-01 04:51:22,811] DEBUG: No valid transitions from state stance
[2026-06-01 04:51:22,811] WARNING: Velocity attribute does not use the linearization map. Please calculate the velocity using the position attribute.
[2026-06-01 04:51:22,817] INFO: T:9.870, State:stance, Fz:-61.77, ThetaRef:5.00, ThetaActual:8.16, EncoderTheta:91.91, EncoderVelocity:-90.13, K:500.00, B:20.00
[2026-06-01 04:51:22,819] DEBUG: No valid transitions from state stance
[2026-06-01 04:51:22,820] WARNING: Velocity attribute does not use the linearization map. Please calculate the velocity using the position attribute.
[2026-06-01 04:51:22,825] INFO: T:9.879, State:stance, Fz:-66.08, ThetaRef:5.00, ThetaActual:8.62, EncoderTheta:91.34, EncoderVelocity:-69.21, K:500.00, B:20.00
[2026-06-01 04:51:22,828] WARNING: Velocity attribute does not use the linearization map. Please calculate the velocity using the position attribute.
[2026-06-01 04:51:22,833] INFO: T:9.887, State:swing, Fz:-14.29, ThetaRef:60.00, ThetaActual:9.14, EncoderTheta:91.38, EncoderVelocity:5.29, K:10.00, B:0.50
[2026-06-01 04:51:22,836] DEBUG: No valid transitions from state swing
[2026-06-01 04:51:22,836] WARNING: Velocity attribute does not use the linearization map. Please calculate the velocity using the position attribute.
[2026-06-01 04:51:22,842] INFO: T:9.895, State:swing, Fz:87.38, ThetaRef:60.00, ThetaActual:8.51, EncoderTheta:92.02, EncoderVelocity:77.50, K:10.00, B:0.50
[2026-06-01 04:51:22,844] DEBUG: No valid transitions from state swing
[2026-06-01 04:51:22,844] WARNING: Velocity attribute does not use the linearization map. Please calculate the velocity using the position attribute.
[2026-06-01 04:51:22,850] INFO: T:9.903, State:swing, Fz:170.81, ThetaRef:60.00, ThetaActual:7.94, EncoderTheta:92.92, EncoderVelocity:109.35, K:10.00, B:0.50
[2026-06-01 04:51:22,852] DEBUG: No valid transitions from state swing
[2026-06-01 04:51:22,853] WARNING: Velocity attribute does not use the linearization map. Please calculate the velocity using the position attribute.
[2026-06-01 04:51:22,858] INFO: T:9.912, State:swing, Fz:170.31, ThetaRef:60.00, ThetaActual:7.06, EncoderTheta:93.54, EncoderVelocity:74.45, K:10.00, B:0.50
[2026-06-01 04:51:22,861] DEBUG: No valid transitions from state swing
[2026-06-01 04:51:22,861] WARNING: Velocity attribute does not use the linearization map. Please calculate the velocity using the position attribute.
[2026-06-01 04:51:22,866] INFO: T:9.920, State:swing, Fz:111.22, ThetaRef:60.00, ThetaActual:6.82, EncoderTheta:93.85, EncoderVelocity:37.81, K:10.00, B:0.50
[2026-06-01 04:51:22,869] DEBUG: No valid transitions from state swing
[2026-06-01 04:51:22,869] WARNING: Velocity attribute does not use the linearization map. Please calculate the velocity using the position attribute.
[2026-06-01 04:51:22,874] INFO: T:9.928, State:swing, Fz:67.69, ThetaRef:60.00, ThetaActual:6.81, EncoderTheta:93.74, EncoderVelocity:-13.40, K:10.00, B:0.50
[2026-06-01 04:51:22,877] DEBUG: No valid transitions from state swing
[2026-06-01 04:51:22,877] WARNING: Velocity attribute does not use the linearization map. Please calculate the velocity using the position attribute.
[2026-06-01 04:51:22,883] INFO: T:9.936, State:swing, Fz:55.10, ThetaRef:60.00, ThetaActual:6.82, EncoderTheta:93.47, EncoderVelocity:-32.30, K:10.00, B:0.50
[2026-06-01 04:51:22,885] DEBUG: No valid transitions from state swing
[2026-06-01 04:51:22,885] WARNING: Velocity attribute does not use the linearization map. Please calculate the velocity using the position attribute.
[2026-06-01 04:51:22,891] INFO: T:9.945, State:swing, Fz:83.54, ThetaRef:60.00, ThetaActual:6.93, EncoderTheta:93.05, EncoderVelocity:-50.33, K:10.00, B:0.50
[2026-06-01 04:51:22,894] DEBUG: No valid transitions from state swing
[2026-06-01 04:51:22,894] WARNING: Velocity attribute does not use the linearization map. Please calculate the velocity using the position attribute.
[2026-06-01 04:51:22,899] INFO: T:9.953, State:swing, Fz:106.23, ThetaRef:60.00, ThetaActual:7.10, EncoderTheta:92.61, EncoderVelocity:-53.33, K:10.00, B:0.50
[2026-06-01 04:51:22,902] DEBUG: No valid transitions from state swing
[2026-06-01 04:51:22,902] WARNING: Velocity attribute does not use the linearization map. Please calculate the velocity using the position attribute.
[2026-06-01 04:51:22,907] INFO: T:9.961, State:swing, Fz:93.96, ThetaRef:60.00, ThetaActual:7.73, EncoderTheta:92.07, EncoderVelocity:-66.93, K:10.00, B:0.50
[2026-06-01 04:51:22,910] DEBUG: No valid transitions from state swing
[2026-06-01 04:51:22,910] WARNING: Velocity attribute does not use the linearization map. Please calculate the velocity using the position attribute.
[2026-06-01 04:51:22,916] INFO: T:9.969, State:swing, Fz:54.18, ThetaRef:60.00, ThetaActual:8.61, EncoderTheta:91.45, EncoderVelocity:-74.79, K:10.00, B:0.50
[2026-06-01 04:51:22,918] DEBUG: No valid transitions from state swing
[2026-06-01 04:51:22,918] WARNING: Velocity attribute does not use the linearization map. Please calculate the velocity using the position attribute.
[2026-06-01 04:51:22,924] INFO: T:9.978, State:swing, Fz:14.32, ThetaRef:60.00, ThetaActual:9.09, EncoderTheta:90.68, EncoderVelocity:-92.61, K:10.00, B:0.50
[2026-06-01 04:51:22,927] DEBUG: No valid transitions from state swing
[2026-06-01 04:51:22,927] WARNING: Velocity attribute does not use the linearization map. Please calculate the velocity using the position attribute.
[2026-06-01 04:51:22,932] INFO: T:9.986, State:swing, Fz:-17.57, ThetaRef:60.00, ThetaActual:10.04, EncoderTheta:89.89, EncoderVelocity:-95.46, K:10.00, B:0.50
[2026-06-01 04:51:22,935] DEBUG: No valid transitions from state swing
[2026-06-01 04:51:22,935] WARNING: Velocity attribute does not use the linearization map. Please calculate the velocity using the position attribute.
[2026-06-01 04:51:22,941] INFO: T:9.994, State:swing, Fz:-37.84, ThetaRef:60.00, ThetaActual:10.94, EncoderTheta:89.12, EncoderVelocity:-91.08, K:10.00, B:0.50
[2026-06-01 04:51:22,943] WARNING: Velocity attribute does not use the linearization map. Please calculate the velocity using the position attribute.
[2026-06-01 04:51:22,949] INFO: T:10.003, State:stance, Fz:-49.33, ThetaRef:5.00, ThetaActual:11.40, EncoderTheta:88.40, EncoderVelocity:-87.62, K:500.00, B:20.00
[2026-06-01 04:51:22,951] DEBUG: No valid transitions from state stance
[2026-06-01 04:51:22,952] WARNING: Velocity attribute does not use the linearization map. Please calculate the velocity using the position attribute.
[2026-06-01 04:51:22,957] INFO: T:10.011, State:stance, Fz:-63.03, ThetaRef:5.00, ThetaActual:12.30, EncoderTheta:87.69, EncoderVelocity:-85.86, K:500.00, B:20.00
[2026-06-01 04:51:22,960] DEBUG: No valid transitions from state stance
[2026-06-01 04:51:22,960] WARNING: Velocity attribute does not use the linearization map. Please calculate the velocity using the position attribute.
[2026-06-01 04:51:22,965] INFO: T:10.019, State:stance, Fz:-71.42, ThetaRef:5.00, ThetaActual:13.18, EncoderTheta:87.23, EncoderVelocity:-56.29, K:500.00, B:20.00
[2026-06-01 04:51:22,968] DEBUG: No valid transitions from state stance
[2026-06-01 04:51:22,968] WARNING: Velocity attribute does not use the linearization map. Please calculate the velocity using the position attribute.
[2026-06-01 04:51:22,974] INFO: T:10.027, State:stance, Fz:-30.53, ThetaRef:5.00, ThetaActual:13.29, EncoderTheta:87.34, EncoderVelocity:13.34, K:500.00, B:20.00
[2026-06-01 04:51:22,976] WARNING: Velocity attribute does not use the linearization map. Please calculate the velocity using the position attribute.
[2026-06-01 04:51:22,982] INFO: T:10.035, State:swing, Fz:74.13, ThetaRef:60.00, ThetaActual:12.61, EncoderTheta:88.20, EncoderVelocity:103.64, K:10.00, B:0.50
[2026-06-01 04:51:22,984] DEBUG: No valid transitions from state swing
[2026-06-01 04:51:22,984] WARNING: Velocity attribute does not use the linearization map. Please calculate the velocity using the position attribute.
[2026-06-01 04:51:22,990] INFO: T:10.044, State:swing, Fz:188.41, ThetaRef:60.00, ThetaActual:11.93, EncoderTheta:89.58, EncoderVelocity:169.58, K:10.00, B:0.50
[2026-06-01 04:51:22,993] DEBUG: No valid transitions from state swing
[2026-06-01 04:51:22,993] WARNING: Velocity attribute does not use the linearization map. Please calculate the velocity using the position attribute.
[2026-06-01 04:51:22,998] INFO: T:10.052, State:swing, Fz:242.44, ThetaRef:60.00, ThetaActual:10.25, EncoderTheta:91.05, EncoderVelocity:176.89, K:10.00, B:0.50
[2026-06-01 04:51:23,001] DEBUG: No valid transitions from state swing
[2026-06-01 04:51:23,001] WARNING: Velocity attribute does not use the linearization map. Please calculate the velocity using the position attribute.
[2026-06-01 04:51:23,006] INFO: T:10.060, State:swing, Fz:207.31, ThetaRef:60.00, ThetaActual:8.91, EncoderTheta:92.13, EncoderVelocity:131.29, K:10.00, B:0.50
[2026-06-01 04:51:23,009] DEBUG: No valid transitions from state swing
[2026-06-01 04:51:23,009] WARNING: Velocity attribute does not use the linearization map. Please calculate the velocity using the position attribute.
[2026-06-01 04:51:23,015] INFO: T:10.068, State:swing, Fz:142.84, ThetaRef:60.00, ThetaActual:8.47, EncoderTheta:92.81, EncoderVelocity:82.72, K:10.00, B:0.50
[2026-06-01 04:51:23,017] DEBUG: No valid transitions from state swing
[2026-06-01 04:51:23,018] WARNING: Velocity attribute does not use the linearization map. Please calculate the velocity using the position attribute.
[2026-06-01 04:51:23,023] INFO: T:10.077, State:swing, Fz:110.26, ThetaRef:60.00, ThetaActual:7.78, EncoderTheta:93.10, EncoderVelocity:34.08, K:10.00, B:0.50
[2026-06-01 04:51:23,026] DEBUG: No valid transitions from state swing
[2026-06-01 04:51:23,026] WARNING: Velocity attribute does not use the linearization map. Please calculate the velocity using the position attribute.
[2026-06-01 04:51:23,032] INFO: T:10.085, State:swing, Fz:123.00, ThetaRef:60.00, ThetaActual:7.27, EncoderTheta:93.05, EncoderVelocity:-5.19, K:10.00, B:0.50
[2026-06-01 04:51:23,034] DEBUG: No valid transitions from state swing
[2026-06-01 04:51:23,034] WARNING: Velocity attribute does not use the linearization map. Please calculate the velocity using the position attribute.
[2026-06-01 04:51:23,040] INFO: T:10.094, State:swing, Fz:146.17, ThetaRef:60.00, ThetaActual:7.14, EncoderTheta:92.92, EncoderVelocity:-15.76, K:10.00, B:0.50
[2026-06-01 04:51:23,043] DEBUG: No valid transitions from state swing
[2026-06-01 04:51:23,043] WARNING: Velocity attribute does not use the linearization map. Please calculate the velocity using the position attribute.
[2026-06-01 04:51:23,048] INFO: T:10.102, State:swing, Fz:148.82, ThetaRef:60.00, ThetaActual:7.24, EncoderTheta:92.68, EncoderVelocity:-29.22, K:10.00, B:0.50
[2026-06-01 04:51:23,051] DEBUG: No valid transitions from state swing
[2026-06-01 04:51:23,051] WARNING: Velocity attribute does not use the linearization map. Please calculate the velocity using the position attribute.
[2026-06-01 04:51:23,057] INFO: T:10.110, State:swing, Fz:118.32, ThetaRef:60.00, ThetaActual:7.72, EncoderTheta:92.26, EncoderVelocity:-48.42, K:10.00, B:0.50
[2026-06-01 04:51:23,060] DEBUG: No valid transitions from state swing
[2026-06-01 04:51:23,060] WARNING: Velocity attribute does not use the linearization map. Please calculate the velocity using the position attribute.
[2026-06-01 04:51:23,065] INFO: T:10.119, State:swing, Fz:74.59, ThetaRef:60.00, ThetaActual:8.05, EncoderTheta:91.74, EncoderVelocity:-63.23, K:10.00, B:0.50
[2026-06-01 04:51:23,068] DEBUG: No valid transitions from state swing
[2026-06-01 04:51:23,068] WARNING: Velocity attribute does not use the linearization map. Please calculate the velocity using the position attribute.
[2026-06-01 04:51:23,074] INFO: T:10.127, State:swing, Fz:30.34, ThetaRef:60.00, ThetaActual:8.76, EncoderTheta:91.16, EncoderVelocity:-67.58, K:10.00, B:0.50
[2026-06-01 04:51:23,076] DEBUG: No valid transitions from state swing
[2026-06-01 04:51:23,076] WARNING: Velocity attribute does not use the linearization map. Please calculate the velocity using the position attribute.
[2026-06-01 04:51:23,082] INFO: T:10.136, State:swing, Fz:-4.98, ThetaRef:60.00, ThetaActual:9.51, EncoderTheta:90.53, EncoderVelocity:-76.03, K:10.00, B:0.50
[2026-06-01 04:51:23,085] DEBUG: No valid transitions from state swing
[2026-06-01 04:51:23,085] WARNING: Velocity attribute does not use the linearization map. Please calculate the velocity using the position attribute.
[2026-06-01 04:51:23,090] INFO: T:10.144, State:swing, Fz:-30.90, ThetaRef:60.00, ThetaActual:10.26, EncoderTheta:89.96, EncoderVelocity:-68.15, K:10.00, B:0.50
[2026-06-01 04:51:23,093] WARNING: Velocity attribute does not use the linearization map. Please calculate the velocity using the position attribute.
[2026-06-01 04:51:23,099] INFO: T:10.152, State:stance, Fz:-58.49, ThetaRef:5.00, ThetaActual:10.63, EncoderTheta:89.36, EncoderVelocity:-71.47, K:500.00, B:20.00
[2026-06-01 04:51:23,101] DEBUG: No valid transitions from state stance
[2026-06-01 04:51:23,101] WARNING: Velocity attribute does not use the linearization map. Please calculate the velocity using the position attribute.
[2026-06-01 04:51:23,107] INFO: T:10.161, State:stance, Fz:-83.93, ThetaRef:5.00, ThetaActual:11.36, EncoderTheta:88.84, EncoderVelocity:-63.80, K:500.00, B:20.00
[2026-06-01 04:51:23,110] DEBUG: No valid transitions from state stance
[2026-06-01 04:51:23,110] WARNING: Velocity attribute does not use the linearization map. Please calculate the velocity using the position attribute.
[2026-06-01 04:51:23,115] INFO: T:10.169, State:stance, Fz:-95.25, ThetaRef:5.00, ThetaActual:12.02, EncoderTheta:88.51, EncoderVelocity:-39.78, K:500.00, B:20.00
[2026-06-01 04:51:23,118] DEBUG: No valid transitions from state stance
[2026-06-01 04:51:23,118] WARNING: Velocity attribute does not use the linearization map. Please calculate the velocity using the position attribute.
[2026-06-01 04:51:23,124] INFO: T:10.177, State:stance, Fz:-46.19, ThetaRef:5.00, ThetaActual:11.98, EncoderTheta:88.81, EncoderVelocity:37.04, K:500.00, B:20.00
[2026-06-01 04:51:23,126] WARNING: Velocity attribute does not use the linearization map. Please calculate the velocity using the position attribute.
[2026-06-01 04:51:23,132] INFO: T:10.185, State:swing, Fz:63.28, ThetaRef:60.00, ThetaActual:11.05, EncoderTheta:89.89, EncoderVelocity:128.44, K:10.00, B:0.50
[2026-06-01 04:51:23,135] DEBUG: No valid transitions from state swing
[2026-06-01 04:51:23,135] WARNING: Velocity attribute does not use the linearization map. Please calculate the velocity using the position attribute.
[2026-06-01 04:51:23,140] INFO: T:10.194, State:swing, Fz:150.78, ThetaRef:60.00, ThetaActual:10.28, EncoderTheta:91.23, EncoderVelocity:162.52, K:10.00, B:0.50
[2026-06-01 04:51:23,143] DEBUG: No valid transitions from state swing
[2026-06-01 04:51:23,143] WARNING: Velocity attribute does not use the linearization map. Please calculate the velocity using the position attribute.
[2026-06-01 04:51:23,148] INFO: T:10.202, State:swing, Fz:170.87, ThetaRef:60.00, ThetaActual:8.71, EncoderTheta:92.61, EncoderVelocity:167.89, K:10.00, B:0.50
[2026-06-01 04:51:23,151] DEBUG: No valid transitions from state swing
[2026-06-01 04:51:23,151] WARNING: Velocity attribute does not use the linearization map. Please calculate the velocity using the position attribute.
[2026-06-01 04:51:23,157] INFO: T:10.210, State:swing, Fz:125.44, ThetaRef:60.00, ThetaActual:7.53, EncoderTheta:93.58, EncoderVelocity:116.66, K:10.00, B:0.50
[2026-06-01 04:51:23,159] DEBUG: No valid transitions from state swing
[2026-06-01 04:51:23,159] WARNING: Velocity attribute does not use the linearization map. Please calculate the velocity using the position attribute.
[2026-06-01 04:51:23,165] INFO: T:10.219, State:swing, Fz:72.28, ThetaRef:60.00, ThetaActual:7.09, EncoderTheta:94.26, EncoderVelocity:82.34, K:10.00, B:0.50
[2026-06-01 04:51:23,168] DEBUG: No valid transitions from state swing
[2026-06-01 04:51:23,168] WARNING: Velocity attribute does not use the linearization map. Please calculate the velocity using the position attribute.
[2026-06-01 04:51:23,173] INFO: T:10.227, State:swing, Fz:53.79, ThetaRef:60.00, ThetaActual:6.35, EncoderTheta:94.50, EncoderVelocity:29.16, K:10.00, B:0.50
[2026-06-01 04:51:23,176] DEBUG: No valid transitions from state swing
[2026-06-01 04:51:23,176] WARNING: Velocity attribute does not use the linearization map. Please calculate the velocity using the position attribute.
[2026-06-01 04:51:23,181] INFO: T:10.235, State:swing, Fz:69.84, ThetaRef:60.00, ThetaActual:5.78, EncoderTheta:94.66, EncoderVelocity:18.76, K:10.00, B:0.50
[2026-06-01 04:51:23,184] DEBUG: No valid transitions from state swing
[2026-06-01 04:51:23,184] WARNING: Velocity attribute does not use the linearization map. Please calculate the velocity using the position attribute.
[2026-06-01 04:51:23,190] INFO: T:10.243, State:swing, Fz:86.51, ThetaRef:60.00, ThetaActual:5.62, EncoderTheta:94.68, EncoderVelocity:2.61, K:10.00, B:0.50
[2026-06-01 04:51:23,193] DEBUG: No valid transitions from state swing
[2026-06-01 04:51:23,193] WARNING: Velocity attribute does not use the linearization map. Please calculate the velocity using the position attribute.
[2026-06-01 04:51:23,198] INFO: T:10.252, State:swing, Fz:76.11, ThetaRef:60.00, ThetaActual:5.65, EncoderTheta:94.59, EncoderVelocity:-10.56, K:10.00, B:0.50
[2026-06-01 04:51:23,201] DEBUG: No valid transitions from state swing
[2026-06-01 04:51:23,201] WARNING: Velocity attribute does not use the linearization map. Please calculate the velocity using the position attribute.
[2026-06-01 04:51:23,207] INFO: T:10.260, State:swing, Fz:42.15, ThetaRef:60.00, ThetaActual:5.94, EncoderTheta:94.35, EncoderVelocity:-29.02, K:10.00, B:0.50
[2026-06-01 04:51:23,209] DEBUG: No valid transitions from state swing
[2026-06-01 04:51:23,209] WARNING: Velocity attribute does not use the linearization map. Please calculate the velocity using the position attribute.
[2026-06-01 04:51:23,215] INFO: T:10.268, State:swing, Fz:7.69, ThetaRef:60.00, ThetaActual:6.13, EncoderTheta:94.11, EncoderVelocity:-29.41, K:10.00, B:0.50
[2026-06-01 04:51:23,217] DEBUG: No valid transitions from state swing
[2026-06-01 04:51:23,217] WARNING: Velocity attribute does not use the linearization map. Please calculate the velocity using the position attribute.
[2026-06-01 04:51:23,223] INFO: T:10.277, State:swing, Fz:-23.61, ThetaRef:60.00, ThetaActual:6.54, EncoderTheta:93.76, EncoderVelocity:-42.35, K:10.00, B:0.50
[2026-06-01 04:51:23,226] WARNING: Velocity attribute does not use the linearization map. Please calculate the velocity using the position attribute.
[2026-06-01 04:51:23,231] INFO: T:10.285, State:stance, Fz:-48.47, ThetaRef:5.00, ThetaActual:6.93, EncoderTheta:93.45, EncoderVelocity:-37.23, K:500.00, B:20.00
[2026-06-01 04:51:23,234] DEBUG: No valid transitions from state stance
[2026-06-01 04:51:23,234] WARNING: Velocity attribute does not use the linearization map. Please calculate the velocity using the position attribute.
[2026-06-01 04:51:23,240] INFO: T:10.293, State:stance, Fz:-69.40, ThetaRef:5.00, ThetaActual:7.13, EncoderTheta:93.21, EncoderVelocity:-29.12, K:500.00, B:20.00
[2026-06-01 04:51:23,242] DEBUG: No valid transitions from state stance
[2026-06-01 04:51:23,242] WARNING: Velocity attribute does not use the linearization map. Please calculate the velocity using the position attribute.
[2026-06-01 04:51:23,248] INFO: T:10.302, State:stance, Fz:-82.75, ThetaRef:5.00, ThetaActual:7.50, EncoderTheta:93.14, EncoderVelocity:-7.92, K:500.00, B:20.00
[2026-06-01 04:51:23,251] DEBUG: No valid transitions from state stance
[2026-06-01 04:51:23,251] WARNING: Velocity attribute does not use the linearization map. Please calculate the velocity using the position attribute.
[2026-06-01 04:51:23,256] INFO: T:10.310, State:stance, Fz:-43.88, ThetaRef:5.00, ThetaActual:7.20, EncoderTheta:93.65, EncoderVelocity:61.02, K:500.00, B:20.00
[2026-06-01 04:51:23,259] WARNING: Velocity attribute does not use the linearization map. Please calculate the velocity using the position attribute.
[2026-06-01 04:51:23,264] INFO: T:10.318, State:swing, Fz:21.85, ThetaRef:60.00, ThetaActual:6.65, EncoderTheta:94.53, EncoderVelocity:107.99, K:10.00, B:0.50
[2026-06-01 04:51:23,267] DEBUG: No valid transitions from state swing
[2026-06-01 04:51:23,267] WARNING: Velocity attribute does not use the linearization map. Please calculate the velocity using the position attribute.
[2026-06-01 04:51:23,273] INFO: T:10.326, State:swing, Fz:46.06, ThetaRef:60.00, ThetaActual:5.53, EncoderTheta:95.47, EncoderVelocity:114.68, K:10.00, B:0.50
[2026-06-01 04:51:23,275] DEBUG: No valid transitions from state swing
[2026-06-01 04:51:23,275] WARNING: Velocity attribute does not use the linearization map. Please calculate the velocity using the position attribute.
[2026-06-01 04:51:23,281] INFO: T:10.334, State:swing, Fz:23.98, ThetaRef:60.00, ThetaActual:4.63, EncoderTheta:96.37, EncoderVelocity:108.85, K:10.00, B:0.50
[2026-06-01 04:51:23,283] DEBUG: No valid transitions from state swing
[2026-06-01 04:51:23,284] WARNING: Velocity attribute does not use the linearization map. Please calculate the velocity using the position attribute.
[2026-06-01 04:51:23,289] INFO: T:10.343, State:swing, Fz:-7.45, ThetaRef:60.00, ThetaActual:4.22, EncoderTheta:97.19, EncoderVelocity:98.87, K:10.00, B:0.50
[2026-06-01 04:51:23,292] DEBUG: No valid transitions from state swing
[2026-06-01 04:51:23,292] WARNING: Velocity attribute does not use the linearization map. Please calculate the velocity using the position attribute.
[2026-06-01 04:51:23,298] INFO: T:10.351, State:swing, Fz:-27.90, ThetaRef:60.00, ThetaActual:3.50, EncoderTheta:97.60, EncoderVelocity:49.51, K:10.00, B:0.50
[2026-06-01 04:51:23,300] DEBUG: No valid transitions from state swing
[2026-06-01 04:51:23,300] WARNING: Velocity attribute does not use the linearization map. Please calculate the velocity using the position attribute.
[2026-06-01 04:51:23,306] INFO: T:10.359, State:swing, Fz:-32.44, ThetaRef:60.00, ThetaActual:2.86, EncoderTheta:97.91, EncoderVelocity:36.90, K:10.00, B:0.50
[2026-06-01 04:51:23,308] DEBUG: No valid transitions from state swing
[2026-06-01 04:51:23,309] WARNING: Velocity attribute does not use the linearization map. Please calculate the velocity using the position attribute.
[2026-06-01 04:51:23,314] INFO: T:10.368, State:swing, Fz:-18.95, ThetaRef:60.00, ThetaActual:2.59, EncoderTheta:98.06, EncoderVelocity:18.66, K:10.00, B:0.50
[2026-06-01 04:51:23,317] DEBUG: No valid transitions from state swing
[2026-06-01 04:51:23,317] WARNING: Velocity attribute does not use the linearization map. Please calculate the velocity using the position attribute.
[2026-06-01 04:51:23,322] INFO: T:10.376, State:swing, Fz:-8.71, ThetaRef:60.00, ThetaActual:2.23, EncoderTheta:98.33, EncoderVelocity:31.78, K:10.00, B:0.50
[2026-06-01 04:51:23,325] DEBUG: No valid transitions from state swing
[2026-06-01 04:51:23,325] WARNING: Velocity attribute does not use the linearization map. Please calculate the velocity using the position attribute.
[2026-06-01 04:51:23,331] INFO: T:10.384, State:swing, Fz:-21.46, ThetaRef:60.00, ThetaActual:2.14, EncoderTheta:98.44, EncoderVelocity:13.31, K:10.00, B:0.50
[2026-06-01 04:51:23,333] DEBUG: No valid transitions from state swing
[2026-06-01 04:51:23,334] WARNING: Velocity attribute does not use the linearization map. Please calculate the velocity using the position attribute.
[2026-06-01 04:51:23,339] INFO: T:10.393, State:swing, Fz:-40.72, ThetaRef:60.00, ThetaActual:2.16, EncoderTheta:98.53, EncoderVelocity:10.45, K:10.00, B:0.50
[2026-06-01 04:51:23,342] WARNING: Velocity attribute does not use the linearization map. Please calculate the velocity using the position attribute.
[2026-06-01 04:51:23,347] INFO: T:10.401, State:stance, Fz:-58.43, ThetaRef:5.00, ThetaActual:2.19, EncoderTheta:98.59, EncoderVelocity:7.84, K:500.00, B:20.00
[2026-06-01 04:51:23,350] DEBUG: No valid transitions from state stance
[2026-06-01 04:51:23,350] WARNING: Velocity attribute does not use the linearization map. Please calculate the velocity using the position attribute.
[2026-06-01 04:51:23,356] INFO: T:10.409, State:stance, Fz:-74.41, ThetaRef:5.00, ThetaActual:2.20, EncoderTheta:98.59, EncoderVelocity:0.00, K:500.00, B:20.00
[2026-06-01 04:51:23,358] DEBUG: No valid transitions from state stance
[2026-06-01 04:51:23,359] WARNING: Velocity attribute does not use the linearization map. Please calculate the velocity using the position attribute.
[2026-06-01 04:51:23,364] INFO: T:10.418, State:stance, Fz:-83.15, ThetaRef:5.00, ThetaActual:2.20, EncoderTheta:98.68, EncoderVelocity:10.58, K:500.00, B:20.00
[2026-06-01 04:51:23,367] DEBUG: No valid transitions from state stance
[2026-06-01 04:51:23,367] WARNING: Velocity attribute does not use the linearization map. Please calculate the velocity using the position attribute.
[2026-06-01 04:51:23,372] INFO: T:10.426, State:stance, Fz:-85.79, ThetaRef:5.00, ThetaActual:2.05, EncoderTheta:98.83, EncoderVelocity:18.66, K:500.00, B:20.00
[2026-06-01 04:51:23,375] DEBUG: No valid transitions from state stance
[2026-06-01 04:51:23,375] WARNING: Velocity attribute does not use the linearization map. Please calculate the velocity using the position attribute.
[2026-06-01 04:51:23,381] INFO: T:10.434, State:stance, Fz:-80.35, ThetaRef:5.00, ThetaActual:1.69, EncoderTheta:99.07, EncoderVelocity:29.68, K:500.00, B:20.00
[2026-06-01 04:51:23,383] DEBUG: No valid transitions from state stance
[2026-06-01 04:51:23,383] WARNING: Velocity attribute does not use the linearization map. Please calculate the velocity using the position attribute.
[2026-06-01 04:51:23,389] INFO: T:10.442, State:stance, Fz:-80.17, ThetaRef:5.00, ThetaActual:1.52, EncoderTheta:99.38, EncoderVelocity:37.06, K:500.00, B:20.00
[2026-06-01 04:51:23,391] DEBUG: No valid transitions from state stance
[2026-06-01 04:51:23,391] WARNING: Velocity attribute does not use the linearization map. Please calculate the velocity using the position attribute.
[2026-06-01 04:51:23,397] INFO: T:10.451, State:stance, Fz:-83.52, ThetaRef:5.00, ThetaActual:1.23, EncoderTheta:99.73, EncoderVelocity:42.92, K:500.00, B:20.00
[2026-06-01 04:51:23,400] DEBUG: No valid transitions from state stance
[2026-06-01 04:51:23,400] WARNING: Velocity attribute does not use the linearization map. Please calculate the velocity using the position attribute.
[2026-06-01 04:51:23,405] INFO: T:10.459, State:stance, Fz:-93.09, ThetaRef:5.00, ThetaActual:1.11, EncoderTheta:99.91, EncoderVelocity:21.49, K:500.00, B:20.00
[2026-06-01 04:51:23,408] DEBUG: No valid transitions from state stance
[2026-06-01 04:51:23,408] WARNING: Velocity attribute does not use the linearization map. Please calculate the velocity using the position attribute.
[2026-06-01 04:51:23,413] INFO: T:10.467, State:stance, Fz:-132.41, ThetaRef:5.00, ThetaActual:0.89, EncoderTheta:99.95, EncoderVelocity:5.43, K:500.00, B:20.00
[2026-06-01 04:51:23,416] DEBUG: No valid transitions from state stance
[2026-06-01 04:51:23,416] WARNING: Velocity attribute does not use the linearization map. Please calculate the velocity using the position attribute.
[2026-06-01 04:51:23,422] INFO: T:10.475, State:stance, Fz:-148.33, ThetaRef:5.00, ThetaActual:0.73, EncoderTheta:99.98, EncoderVelocity:2.65, K:500.00, B:20.00
[2026-06-01 04:51:23,424] DEBUG: No valid transitions from state stance
[2026-06-01 04:51:23,424] WARNING: Velocity attribute does not use the linearization map. Please calculate the velocity using the position attribute.
[2026-06-01 04:51:23,430] INFO: T:10.483, State:stance, Fz:-147.42, ThetaRef:5.00, ThetaActual:0.68, EncoderTheta:99.93, EncoderVelocity:-5.30, K:500.00, B:20.00
[2026-06-01 04:51:23,432] DEBUG: No valid transitions from state stance
[2026-06-01 04:51:23,433] WARNING: Velocity attribute does not use the linearization map. Please calculate the velocity using the position attribute.
[2026-06-01 04:51:23,438] INFO: T:10.492, State:stance, Fz:-143.78, ThetaRef:5.00, ThetaActual:0.65, EncoderTheta:99.91, EncoderVelocity:-2.67, K:500.00, B:20.00
[2026-06-01 04:51:23,441] DEBUG: No valid transitions from state stance
[2026-06-01 04:51:23,441] WARNING: Velocity attribute does not use the linearization map. Please calculate the velocity using the position attribute.
[2026-06-01 04:51:23,446] INFO: T:10.500, State:stance, Fz:-152.44, ThetaRef:5.00, ThetaActual:0.64, EncoderTheta:99.93, EncoderVelocity:2.67, K:500.00, B:20.00
[2026-06-01 04:51:23,449] DEBUG: No valid transitions from state stance
[2026-06-01 04:51:23,449] WARNING: Velocity attribute does not use the linearization map. Please calculate the velocity using the position attribute.
[2026-06-01 04:51:23,455] INFO: T:10.508, State:stance, Fz:-173.55, ThetaRef:5.00, ThetaActual:0.63, EncoderTheta:100.00, EncoderVelocity:7.94, K:500.00, B:20.00
[2026-06-01 04:51:23,457] DEBUG: No valid transitions from state stance
[2026-06-01 04:51:23,457] WARNING: Velocity attribute does not use the linearization map. Please calculate the velocity using the position attribute.
[2026-06-01 04:51:23,463] INFO: T:10.516, State:stance, Fz:-196.59, ThetaRef:5.00, ThetaActual:0.63, EncoderTheta:100.00, EncoderVelocity:0.00, K:500.00, B:20.00
[2026-06-01 04:51:23,466] DEBUG: No valid transitions from state stance
[2026-06-01 04:51:23,466] WARNING: Velocity attribute does not use the linearization map. Please calculate the velocity using the position attribute.
[2026-06-01 04:51:23,471] INFO: T:10.525, State:stance, Fz:-210.15, ThetaRef:5.00, ThetaActual:0.63, EncoderTheta:99.95, EncoderVelocity:-5.23, K:500.00, B:20.00
[2026-06-01 04:51:23,474] DEBUG: No valid transitions from state stance
[2026-06-01 04:51:23,474] WARNING: Velocity attribute does not use the linearization map. Please calculate the velocity using the position attribute.
[2026-06-01 04:51:23,479] INFO: T:10.533, State:stance, Fz:-214.49, ThetaRef:5.00, ThetaActual:0.63, EncoderTheta:99.98, EncoderVelocity:2.66, K:500.00, B:20.00
[2026-06-01 04:51:23,482] DEBUG: No valid transitions from state stance
[2026-06-01 04:51:23,482] WARNING: Velocity attribute does not use the linearization map. Please calculate the velocity using the position attribute.
[2026-06-01 04:51:23,488] INFO: T:10.541, State:stance, Fz:-218.27, ThetaRef:5.00, ThetaActual:0.63, EncoderTheta:99.98, EncoderVelocity:0.00, K:500.00, B:20.00
[2026-06-01 04:51:23,490] DEBUG: No valid transitions from state stance
[2026-06-01 04:51:23,491] WARNING: Velocity attribute does not use the linearization map. Please calculate the velocity using the position attribute.
[2026-06-01 04:51:23,496] INFO: T:10.550, State:stance, Fz:-224.66, ThetaRef:5.00, ThetaActual:0.63, EncoderTheta:99.93, EncoderVelocity:-5.29, K:500.00, B:20.00
[2026-06-01 04:51:23,499] DEBUG: No valid transitions from state stance
[2026-06-01 04:51:23,499] WARNING: Velocity attribute does not use the linearization map. Please calculate the velocity using the position attribute.
[2026-06-01 04:51:23,504] INFO: T:10.558, State:stance, Fz:-232.50, ThetaRef:5.00, ThetaActual:0.63, EncoderTheta:99.95, EncoderVelocity:2.67, K:500.00, B:20.00
[2026-06-01 04:51:23,507] DEBUG: No valid transitions from state stance
[2026-06-01 04:51:23,507] WARNING: Velocity attribute does not use the linearization map. Please calculate the velocity using the position attribute.
[2026-06-01 04:51:23,513] INFO: T:10.566, State:stance, Fz:-236.46, ThetaRef:5.00, ThetaActual:0.63, EncoderTheta:99.93, EncoderVelocity:-2.70, K:500.00, B:20.00
[2026-06-01 04:51:23,515] DEBUG: No valid transitions from state stance
[2026-06-01 04:51:23,515] WARNING: Velocity attribute does not use the linearization map. Please calculate the velocity using the position attribute.
[2026-06-01 04:51:23,521] INFO: T:10.574, State:stance, Fz:-235.97, ThetaRef:5.00, ThetaActual:0.63, EncoderTheta:99.98, EncoderVelocity:5.27, K:500.00, B:20.00
[2026-06-01 04:51:23,523] DEBUG: No valid transitions from state stance
[2026-06-01 04:51:23,523] WARNING: Velocity attribute does not use the linearization map. Please calculate the velocity using the position attribute.
[2026-06-01 04:51:23,529] INFO: T:10.583, State:stance, Fz:-237.59, ThetaRef:5.00, ThetaActual:0.63, EncoderTheta:99.95, EncoderVelocity:-2.66, K:500.00, B:20.00
[2026-06-01 04:51:23,532] DEBUG: No valid transitions from state stance
[2026-06-01 04:51:23,532] WARNING: Velocity attribute does not use the linearization map. Please calculate the velocity using the position attribute.
[2026-06-01 04:51:23,537] INFO: T:10.591, State:stance, Fz:-237.84, ThetaRef:5.00, ThetaActual:0.63, EncoderTheta:100.00, EncoderVelocity:5.35, K:500.00, B:20.00
[2026-06-01 04:51:23,540] DEBUG: No valid transitions from state stance
[2026-06-01 04:51:23,540] WARNING: Velocity attribute does not use the linearization map. Please calculate the velocity using the position attribute.
[2026-06-01 04:51:23,545] INFO: T:10.599, State:stance, Fz:-242.96, ThetaRef:5.00, ThetaActual:0.63, EncoderTheta:100.02, EncoderVelocity:2.71, K:500.00, B:20.00
[2026-06-01 04:51:23,548] DEBUG: No valid transitions from state stance
[2026-06-01 04:51:23,548] WARNING: Velocity attribute does not use the linearization map. Please calculate the velocity using the position attribute.
[2026-06-01 04:51:23,554] INFO: T:10.607, State:stance, Fz:-247.38, ThetaRef:5.00, ThetaActual:0.63, EncoderTheta:99.95, EncoderVelocity:-7.95, K:500.00, B:20.00
[2026-06-01 04:51:23,556] DEBUG: No valid transitions from state stance
[2026-06-01 04:51:23,556] WARNING: Velocity attribute does not use the linearization map. Please calculate the velocity using the position attribute.
[2026-06-01 04:51:23,562] INFO: T:10.616, State:stance, Fz:-252.71, ThetaRef:5.00, ThetaActual:0.62, EncoderTheta:99.93, EncoderVelocity:-2.67, K:500.00, B:20.00
[2026-06-01 04:51:23,565] DEBUG: No valid transitions from state stance
[2026-06-01 04:51:23,565] WARNING: Velocity attribute does not use the linearization map. Please calculate the velocity using the position attribute.
[2026-06-01 04:51:23,570] INFO: T:10.624, State:stance, Fz:-255.80, ThetaRef:5.00, ThetaActual:0.62, EncoderTheta:99.95, EncoderVelocity:2.64, K:500.00, B:20.00
[2026-06-01 04:51:23,573] DEBUG: No valid transitions from state stance
[2026-06-01 04:51:23,573] WARNING: Velocity attribute does not use the linearization map. Please calculate the velocity using the position attribute.
[2026-06-01 04:51:23,579] INFO: T:10.632, State:stance, Fz:-258.62, ThetaRef:5.00, ThetaActual:0.62, EncoderTheta:99.98, EncoderVelocity:2.65, K:500.00, B:20.00
[2026-06-01 04:51:23,581] DEBUG: No valid transitions from state stance
[2026-06-01 04:51:23,581] WARNING: Velocity attribute does not use the linearization map. Please calculate the velocity using the position attribute.
[2026-06-01 04:51:23,587] INFO: T:10.640, State:stance, Fz:-262.75, ThetaRef:5.00, ThetaActual:0.62, EncoderTheta:100.00, EncoderVelocity:2.65, K:500.00, B:20.00
[2026-06-01 04:51:23,590] DEBUG: No valid transitions from state stance
[2026-06-01 04:51:23,590] WARNING: Velocity attribute does not use the linearization map. Please calculate the velocity using the position attribute.
[2026-06-01 04:51:23,595] INFO: T:10.649, State:stance, Fz:-268.36, ThetaRef:5.00, ThetaActual:0.61, EncoderTheta:100.02, EncoderVelocity:2.64, K:500.00, B:20.00
[2026-06-01 04:51:23,598] DEBUG: No valid transitions from state stance
[2026-06-01 04:51:23,598] WARNING: Velocity attribute does not use the linearization map. Please calculate the velocity using the position attribute.
[2026-06-01 04:51:23,604] INFO: T:10.657, State:stance, Fz:-270.65, ThetaRef:5.00, ThetaActual:0.60, EncoderTheta:99.98, EncoderVelocity:-5.25, K:500.00, B:20.00
[2026-06-01 04:51:23,606] DEBUG: No valid transitions from state stance
[2026-06-01 04:51:23,606] WARNING: Velocity attribute does not use the linearization map. Please calculate the velocity using the position attribute.
[2026-06-01 04:51:23,612] INFO: T:10.665, State:stance, Fz:-273.38, ThetaRef:5.00, ThetaActual:0.60, EncoderTheta:100.00, EncoderVelocity:2.63, K:500.00, B:20.00
[2026-06-01 04:51:23,615] DEBUG: No valid transitions from state stance
[2026-06-01 04:51:23,615] WARNING: Velocity attribute does not use the linearization map. Please calculate the velocity using the position attribute.
[2026-06-01 04:51:23,620] INFO: T:10.674, State:stance, Fz:-275.46, ThetaRef:5.00, ThetaActual:0.60, EncoderTheta:100.00, EncoderVelocity:0.00, K:500.00, B:20.00
[2026-06-01 04:51:23,623] DEBUG: No valid transitions from state stance
[2026-06-01 04:51:23,623] WARNING: Velocity attribute does not use the linearization map. Please calculate the velocity using the position attribute.
[2026-06-01 04:51:23,628] INFO: T:10.682, State:stance, Fz:-279.48, ThetaRef:5.00, ThetaActual:0.60, EncoderTheta:100.00, EncoderVelocity:0.00, K:500.00, B:20.00
[2026-06-01 04:51:23,631] DEBUG: No valid transitions from state stance
[2026-06-01 04:51:23,631] WARNING: Velocity attribute does not use the linearization map. Please calculate the velocity using the position attribute.
[2026-06-01 04:51:23,637] INFO: T:10.690, State:stance, Fz:-282.57, ThetaRef:5.00, ThetaActual:0.60, EncoderTheta:100.04, EncoderVelocity:5.35, K:500.00, B:20.00
[2026-06-01 04:51:23,639] DEBUG: No valid transitions from state stance
[2026-06-01 04:51:23,639] WARNING: Velocity attribute does not use the linearization map. Please calculate the velocity using the position attribute.
[2026-06-01 04:51:23,645] INFO: T:10.699, State:stance, Fz:-284.45, ThetaRef:5.00, ThetaActual:0.60, EncoderTheta:100.02, EncoderVelocity:-2.65, K:500.00, B:20.00
[2026-06-01 04:51:23,647] DEBUG: No valid transitions from state stance
[2026-06-01 04:51:23,648] WARNING: Velocity attribute does not use the linearization map. Please calculate the velocity using the position attribute.
[2026-06-01 04:51:23,653] INFO: T:10.707, State:stance, Fz:-286.91, ThetaRef:5.00, ThetaActual:0.60, EncoderTheta:100.04, EncoderVelocity:2.68, K:500.00, B:20.00
[2026-06-01 04:51:23,656] DEBUG: No valid transitions from state stance
[2026-06-01 04:51:23,656] WARNING: Velocity attribute does not use the linearization map. Please calculate the velocity using the position attribute.
[2026-06-01 04:51:23,661] INFO: T:10.715, State:stance, Fz:-289.76, ThetaRef:5.00, ThetaActual:0.60, EncoderTheta:100.02, EncoderVelocity:-2.68, K:500.00, B:20.00
[2026-06-01 04:51:23,664] DEBUG: No valid transitions from state stance
[2026-06-01 04:51:23,664] WARNING: Velocity attribute does not use the linearization map. Please calculate the velocity using the position attribute.
[2026-06-01 04:51:23,669] INFO: T:10.723, State:stance, Fz:-292.42, ThetaRef:5.00, ThetaActual:0.60, EncoderTheta:100.02, EncoderVelocity:0.00, K:500.00, B:20.00
[2026-06-01 04:51:23,672] DEBUG: No valid transitions from state stance
[2026-06-01 04:51:23,672] WARNING: Velocity attribute does not use the linearization map. Please calculate the velocity using the position attribute.
[2026-06-01 04:51:23,678] INFO: T:10.731, State:stance, Fz:-294.50, ThetaRef:5.00, ThetaActual:0.60, EncoderTheta:99.98, EncoderVelocity:-5.35, K:500.00, B:20.00
[2026-06-01 04:51:23,680] DEBUG: No valid transitions from state stance
[2026-06-01 04:51:23,680] WARNING: Velocity attribute does not use the linearization map. Please calculate the velocity using the position attribute.
[2026-06-01 04:51:23,686] INFO: T:10.740, State:stance, Fz:-298.57, ThetaRef:5.00, ThetaActual:0.60, EncoderTheta:100.02, EncoderVelocity:5.31, K:500.00, B:20.00
[2026-06-01 04:51:23,689] DEBUG: No valid transitions from state stance
[2026-06-01 04:51:23,689] WARNING: Velocity attribute does not use the linearization map. Please calculate the velocity using the position attribute.
[2026-06-01 04:51:23,694] INFO: T:10.748, State:stance, Fz:-298.72, ThetaRef:5.00, ThetaActual:0.60, EncoderTheta:100.02, EncoderVelocity:0.00, K:500.00, B:20.00
[2026-06-01 04:51:23,697] DEBUG: No valid transitions from state stance
[2026-06-01 04:51:23,697] WARNING: Velocity attribute does not use the linearization map. Please calculate the velocity using the position attribute.
[2026-06-01 04:51:23,702] INFO: T:10.756, State:stance, Fz:-300.80, ThetaRef:5.00, ThetaActual:0.60, EncoderTheta:100.00, EncoderVelocity:-2.68, K:500.00, B:20.00
[2026-06-01 04:51:23,705] DEBUG: No valid transitions from state stance
[2026-06-01 04:51:23,705] WARNING: Velocity attribute does not use the linearization map. Please calculate the velocity using the position attribute.
[2026-06-01 04:51:23,711] INFO: T:10.764, State:stance, Fz:-301.37, ThetaRef:5.00, ThetaActual:0.60, EncoderTheta:99.98, EncoderVelocity:-2.69, K:500.00, B:20.00
[2026-06-01 04:51:23,713] DEBUG: No valid transitions from state stance
[2026-06-01 04:51:23,713] WARNING: Velocity attribute does not use the linearization map. Please calculate the velocity using the position attribute.
[2026-06-01 04:51:23,719] INFO: T:10.772, State:stance, Fz:-301.34, ThetaRef:5.00, ThetaActual:0.60, EncoderTheta:99.98, EncoderVelocity:0.00, K:500.00, B:20.00
[2026-06-01 04:51:23,722] DEBUG: No valid transitions from state stance
[2026-06-01 04:51:23,722] WARNING: Velocity attribute does not use the linearization map. Please calculate the velocity using the position attribute.
[2026-06-01 04:51:23,727] INFO: T:10.781, State:stance, Fz:-299.83, ThetaRef:5.00, ThetaActual:0.60, EncoderTheta:99.98, EncoderVelocity:0.00, K:500.00, B:20.00
[2026-06-01 04:51:23,730] DEBUG: No valid transitions from state stance
[2026-06-01 04:51:23,730] WARNING: Velocity attribute does not use the linearization map. Please calculate the velocity using the position attribute.
[2026-06-01 04:51:23,736] INFO: T:10.789, State:stance, Fz:-295.19, ThetaRef:5.00, ThetaActual:0.60, EncoderTheta:99.98, EncoderVelocity:0.00, K:500.00, B:20.00
[2026-06-01 04:51:23,739] DEBUG: No valid transitions from state stance
[2026-06-01 04:51:23,739] WARNING: Velocity attribute does not use the linearization map. Please calculate the velocity using the position attribute.
[2026-06-01 04:51:23,744] INFO: T:10.798, State:stance, Fz:-290.19, ThetaRef:5.00, ThetaActual:0.60, EncoderTheta:99.98, EncoderVelocity:0.00, K:500.00, B:20.00
[2026-06-01 04:51:23,747] DEBUG: No valid transitions from state stance
[2026-06-01 04:51:23,747] WARNING: Velocity attribute does not use the linearization map. Please calculate the velocity using the position attribute.
[2026-06-01 04:51:23,753] INFO: T:10.806, State:stance, Fz:-287.84, ThetaRef:5.00, ThetaActual:0.60, EncoderTheta:100.02, EncoderVelocity:5.27, K:500.00, B:20.00
[2026-06-01 04:51:23,755] DEBUG: No valid transitions from state stance
[2026-06-01 04:51:23,755] WARNING: Velocity attribute does not use the linearization map. Please calculate the velocity using the position attribute.
[2026-06-01 04:51:23,761] INFO: T:10.814, State:stance, Fz:-284.56, ThetaRef:5.00, ThetaActual:0.60, EncoderTheta:99.95, EncoderVelocity:-7.91, K:500.00, B:20.00
[2026-06-01 04:51:23,764] DEBUG: No valid transitions from state stance
[2026-06-01 04:51:23,764] WARNING: Velocity attribute does not use the linearization map. Please calculate the velocity using the position attribute.
[2026-06-01 04:51:23,769] INFO: T:10.823, State:stance, Fz:-281.55, ThetaRef:5.00, ThetaActual:0.60, EncoderTheta:100.02, EncoderVelocity:7.90, K:500.00, B:20.00
[2026-06-01 04:51:23,772] DEBUG: No valid transitions from state stance
[2026-06-01 04:51:23,772] WARNING: Velocity attribute does not use the linearization map. Please calculate the velocity using the position attribute.
[2026-06-01 04:51:23,778] INFO: T:10.831, State:stance, Fz:-276.78, ThetaRef:5.00, ThetaActual:0.60, EncoderTheta:99.98, EncoderVelocity:-5.32, K:500.00, B:20.00
[2026-06-01 04:51:23,780] DEBUG: No valid transitions from state stance
[2026-06-01 04:51:23,780] WARNING: Velocity attribute does not use the linearization map. Please calculate the velocity using the position attribute.
[2026-06-01 04:51:23,786] INFO: T:10.839, State:stance, Fz:-270.63, ThetaRef:5.00, ThetaActual:0.60, EncoderTheta:99.95, EncoderVelocity:-2.61, K:500.00, B:20.00
[2026-06-01 04:51:23,789] DEBUG: No valid transitions from state stance
[2026-06-01 04:51:23,789] WARNING: Velocity attribute does not use the linearization map. Please calculate the velocity using the position attribute.
[2026-06-01 04:51:23,794] INFO: T:10.848, State:stance, Fz:-263.96, ThetaRef:5.00, ThetaActual:0.60, EncoderTheta:99.95, EncoderVelocity:0.00, K:500.00, B:20.00
[2026-06-01 04:51:23,797] DEBUG: No valid transitions from state stance
[2026-06-01 04:51:23,797] WARNING: Velocity attribute does not use the linearization map. Please calculate the velocity using the position attribute.
[2026-06-01 04:51:23,802] INFO: T:10.856, State:stance, Fz:-258.39, ThetaRef:5.00, ThetaActual:0.60, EncoderTheta:99.93, EncoderVelocity:-2.66, K:500.00, B:20.00
[2026-06-01 04:51:23,805] DEBUG: No valid transitions from state stance
[2026-06-01 04:51:23,805] WARNING: Velocity attribute does not use the linearization map. Please calculate the velocity using the position attribute.
[2026-06-01 04:51:23,811] INFO: T:10.864, State:stance, Fz:-252.15, ThetaRef:5.00, ThetaActual:0.60, EncoderTheta:99.98, EncoderVelocity:5.37, K:500.00, B:20.00
[2026-06-01 04:51:23,813] DEBUG: No valid transitions from state stance
[2026-06-01 04:51:23,813] WARNING: Velocity attribute does not use the linearization map. Please calculate the velocity using the position attribute.
[2026-06-01 04:51:23,819] INFO: T:10.873, State:stance, Fz:-248.88, ThetaRef:5.00, ThetaActual:0.60, EncoderTheta:99.95, EncoderVelocity:-2.66, K:500.00, B:20.00
[2026-06-01 04:51:23,822] DEBUG: No valid transitions from state stance
[2026-06-01 04:51:23,822] WARNING: Velocity attribute does not use the linearization map. Please calculate the velocity using the position attribute.
[2026-06-01 04:51:23,827] INFO: T:10.881, State:stance, Fz:-240.93, ThetaRef:5.00, ThetaActual:0.60, EncoderTheta:100.02, EncoderVelocity:8.01, K:500.00, B:20.00
[2026-06-01 04:51:23,830] DEBUG: No valid transitions from state stance
[2026-06-01 04:51:23,830] WARNING: Velocity attribute does not use the linearization map. Please calculate the velocity using the position attribute.
[2026-06-01 04:51:23,835] INFO: T:10.889, State:stance, Fz:-233.86, ThetaRef:5.00, ThetaActual:0.60, EncoderTheta:99.98, EncoderVelocity:-5.30, K:500.00, B:20.00
[2026-06-01 04:51:23,838] DEBUG: No valid transitions from state stance
[2026-06-01 04:51:23,838] WARNING: Velocity attribute does not use the linearization map. Please calculate the velocity using the position attribute.
[2026-06-01 04:51:23,844] INFO: T:10.897, State:stance, Fz:-226.47, ThetaRef:5.00, ThetaActual:0.60, EncoderTheta:99.93, EncoderVelocity:-5.35, K:500.00, B:20.00
[2026-06-01 04:51:23,846] DEBUG: No valid transitions from state stance
[2026-06-01 04:51:23,846] WARNING: Velocity attribute does not use the linearization map. Please calculate the velocity using the position attribute.
[2026-06-01 04:51:23,852] INFO: T:10.905, State:stance, Fz:-218.84, ThetaRef:5.00, ThetaActual:0.60, EncoderTheta:99.98, EncoderVelocity:5.36, K:500.00, B:20.00
[2026-06-01 04:51:23,854] DEBUG: No valid transitions from state stance
[2026-06-01 04:51:23,854] WARNING: Velocity attribute does not use the linearization map. Please calculate the velocity using the position attribute.
[2026-06-01 04:51:23,860] INFO: T:10.914, State:stance, Fz:-209.57, ThetaRef:5.00, ThetaActual:0.60, EncoderTheta:99.95, EncoderVelocity:-2.68, K:500.00, B:20.00
[2026-06-01 04:51:23,863] DEBUG: No valid transitions from state stance
[2026-06-01 04:51:23,863] WARNING: Velocity attribute does not use the linearization map. Please calculate the velocity using the position attribute.
[2026-06-01 04:51:23,868] INFO: T:10.922, State:stance, Fz:-199.99, ThetaRef:5.00, ThetaActual:0.60, EncoderTheta:99.91, EncoderVelocity:-5.37, K:500.00, B:20.00
[2026-06-01 04:51:23,871] DEBUG: No valid transitions from state stance
[2026-06-01 04:51:23,871] WARNING: Velocity attribute does not use the linearization map. Please calculate the velocity using the position attribute.
[2026-06-01 04:51:23,877] INFO: T:10.930, State:stance, Fz:-190.21, ThetaRef:5.00, ThetaActual:0.60, EncoderTheta:99.98, EncoderVelocity:7.96, K:500.00, B:20.00
[2026-06-01 04:51:23,879] DEBUG: No valid transitions from state stance
[2026-06-01 04:51:23,879] WARNING: Velocity attribute does not use the linearization map. Please calculate the velocity using the position attribute.
[2026-06-01 04:51:23,885] INFO: T:10.939, State:stance, Fz:-180.22, ThetaRef:5.00, ThetaActual:0.60, EncoderTheta:99.93, EncoderVelocity:-5.19, K:500.00, B:20.00
[2026-06-01 04:51:23,888] DEBUG: No valid transitions from state stance
[2026-06-01 04:51:23,888] WARNING: Velocity attribute does not use the linearization map. Please calculate the velocity using the position attribute.
[2026-06-01 04:51:23,893] INFO: T:10.947, State:stance, Fz:-174.52, ThetaRef:5.00, ThetaActual:0.60, EncoderTheta:99.89, EncoderVelocity:-5.24, K:500.00, B:20.00
[2026-06-01 04:51:23,896] DEBUG: No valid transitions from state stance
[2026-06-01 04:51:23,896] WARNING: Velocity attribute does not use the linearization map. Please calculate the velocity using the position attribute.
[2026-06-01 04:51:23,901] INFO: T:10.955, State:stance, Fz:-159.83, ThetaRef:5.00, ThetaActual:0.60, EncoderTheta:99.91, EncoderVelocity:2.69, K:500.00, B:20.00
[2026-06-01 04:51:23,904] DEBUG: No valid transitions from state stance
[2026-06-01 04:51:23,904] WARNING: Velocity attribute does not use the linearization map. Please calculate the velocity using the position attribute.
[2026-06-01 04:51:23,910] INFO: T:10.963, State:stance, Fz:-144.13, ThetaRef:5.00, ThetaActual:0.60, EncoderTheta:99.84, EncoderVelocity:-7.93, K:500.00, B:20.00
[2026-06-01 04:51:23,912] DEBUG: No valid transitions from state stance
[2026-06-01 04:51:23,913] WARNING: Velocity attribute does not use the linearization map. Please calculate the velocity using the position attribute.
[2026-06-01 04:51:23,918] INFO: T:10.972, State:stance, Fz:-131.15, ThetaRef:5.00, ThetaActual:0.61, EncoderTheta:99.89, EncoderVelocity:5.32, K:500.00, B:20.00
[2026-06-01 04:51:23,921] DEBUG: No valid transitions from state stance
[2026-06-01 04:51:23,921] WARNING: Velocity attribute does not use the linearization map. Please calculate the velocity using the position attribute.
[2026-06-01 04:51:23,926] INFO: T:10.980, State:stance, Fz:-116.80, ThetaRef:5.00, ThetaActual:0.61, EncoderTheta:99.82, EncoderVelocity:-8.02, K:500.00, B:20.00
[2026-06-01 04:51:23,929] DEBUG: No valid transitions from state stance
[2026-06-01 04:51:23,929] WARNING: Velocity attribute does not use the linearization map. Please calculate the velocity using the position attribute.
[2026-06-01 04:51:23,935] INFO: T:10.988, State:stance, Fz:-103.35, ThetaRef:5.00, ThetaActual:0.61, EncoderTheta:99.73, EncoderVelocity:-10.64, K:500.00, B:20.00
[2026-06-01 04:51:23,937] DEBUG: No valid transitions from state stance
[2026-06-01 04:51:23,937] WARNING: Velocity attribute does not use the linearization map. Please calculate the velocity using the position attribute.
[2026-06-01 04:51:23,943] INFO: T:10.996, State:stance, Fz:-86.69, ThetaRef:5.00, ThetaActual:0.64, EncoderTheta:99.67, EncoderVelocity:-7.97, K:500.00, B:20.00
[2026-06-01 04:51:23,946] DEBUG: No valid transitions from state stance
[2026-06-01 04:51:23,946] WARNING: Velocity attribute does not use the linearization map. Please calculate the velocity using the position attribute.
[2026-06-01 04:51:23,951] INFO: T:11.005, State:stance, Fz:-69.98, ThetaRef:5.00, ThetaActual:0.69, EncoderTheta:99.60, EncoderVelocity:-7.92, K:500.00, B:20.00
[2026-06-01 04:51:23,954] DEBUG: No valid transitions from state stance
[2026-06-01 04:51:23,954] WARNING: Velocity attribute does not use the linearization map. Please calculate the velocity using the position attribute.
[2026-06-01 04:51:23,959] INFO: T:11.013, State:stance, Fz:-52.25, ThetaRef:5.00, ThetaActual:0.72, EncoderTheta:99.54, EncoderVelocity:-8.01, K:500.00, B:20.00
[2026-06-01 04:51:23,962] DEBUG: No valid transitions from state stance
[2026-06-01 04:51:23,962] WARNING: Velocity attribute does not use the linearization map. Please calculate the velocity using the position attribute.
[2026-06-01 04:51:23,968] INFO: T:11.021, State:stance, Fz:-34.25, ThetaRef:5.00, ThetaActual:0.80, EncoderTheta:99.38, EncoderVelocity:-18.69, K:500.00, B:20.00
[2026-06-01 04:51:23,970] WARNING: Velocity attribute does not use the linearization map. Please calculate the velocity using the position attribute.
[2026-06-01 04:51:23,976] INFO: T:11.029, State:swing, Fz:-18.51, ThetaRef:60.00, ThetaActual:0.89, EncoderTheta:99.34, EncoderVelocity:-5.37, K:10.00, B:0.50
[2026-06-01 04:51:23,978] DEBUG: No valid transitions from state swing
[2026-06-01 04:51:23,978] WARNING: Velocity attribute does not use the linearization map. Please calculate the velocity using the position attribute.
[2026-06-01 04:51:23,984] INFO: T:11.038, State:swing, Fz:-0.02, ThetaRef:60.00, ThetaActual:0.94, EncoderTheta:99.27, EncoderVelocity:-8.09, K:10.00, B:0.50
[2026-06-01 04:51:23,987] DEBUG: No valid transitions from state swing
[2026-06-01 04:51:23,987] WARNING: Velocity attribute does not use the linearization map. Please calculate the velocity using the position attribute.
[2026-06-01 04:51:23,992] INFO: T:11.046, State:swing, Fz:13.08, ThetaRef:60.00, ThetaActual:1.04, EncoderTheta:99.10, EncoderVelocity:-21.20, K:10.00, B:0.50
[2026-06-01 04:51:23,995] DEBUG: No valid transitions from state swing
[2026-06-01 04:51:23,995] WARNING: Velocity attribute does not use the linearization map. Please calculate the velocity using the position attribute.
[2026-06-01 04:51:24,001] INFO: T:11.054, State:swing, Fz:14.01, ThetaRef:60.00, ThetaActual:1.30, EncoderTheta:98.77, EncoderVelocity:-39.74, K:10.00, B:0.50
[2026-06-01 04:51:24,003] DEBUG: No valid transitions from state swing
[2026-06-01 04:51:24,003] WARNING: Velocity attribute does not use the linearization map. Please calculate the velocity using the position attribute.
[2026-06-01 04:51:24,009] INFO: T:11.063, State:swing, Fz:1.66, ThetaRef:60.00, ThetaActual:1.54, EncoderTheta:98.26, EncoderVelocity:-59.79, K:10.00, B:0.50
[2026-06-01 04:51:24,012] DEBUG: No valid transitions from state swing
[2026-06-01 04:51:24,012] WARNING: Velocity attribute does not use the linearization map. Please calculate the velocity using the position attribute.
[2026-06-01 04:51:24,017] INFO: T:11.071, State:swing, Fz:-12.78, ThetaRef:60.00, ThetaActual:2.17, EncoderTheta:97.65, EncoderVelocity:-74.35, K:10.00, B:0.50
[2026-06-01 04:51:24,020] DEBUG: No valid transitions from state swing
[2026-06-01 04:51:24,020] WARNING: Velocity attribute does not use the linearization map. Please calculate the velocity using the position attribute.
[2026-06-01 04:51:24,026] INFO: T:11.079, State:swing, Fz:-19.82, ThetaRef:60.00, ThetaActual:2.97, EncoderTheta:96.86, EncoderVelocity:-94.68, K:10.00, B:0.50
[2026-06-01 04:51:24,028] DEBUG: No valid transitions from state swing
[2026-06-01 04:51:24,028] WARNING: Velocity attribute does not use the linearization map. Please calculate the velocity using the position attribute.
[2026-06-01 04:51:24,034] INFO: T:11.087, State:swing, Fz:-29.65, ThetaRef:60.00, ThetaActual:3.44, EncoderTheta:96.00, EncoderVelocity:-103.70, K:10.00, B:0.50
[2026-06-01 04:51:24,037] DEBUG: No valid transitions from state swing
[2026-06-01 04:51:24,037] WARNING: Velocity attribute does not use the linearization map. Please calculate the velocity using the position attribute.
[2026-06-01 04:51:24,042] INFO: T:11.096, State:swing, Fz:-41.62, ThetaRef:60.00, ThetaActual:4.49, EncoderTheta:95.05, EncoderVelocity:-112.91, K:10.00, B:0.50
[2026-06-01 04:51:24,045] WARNING: Velocity attribute does not use the linearization map. Please calculate the velocity using the position attribute.
[2026-06-01 04:51:24,050] INFO: T:11.104, State:stance, Fz:-57.84, ThetaRef:5.00, ThetaActual:5.71, EncoderTheta:94.09, EncoderVelocity:-117.81, K:500.00, B:20.00
[2026-06-01 04:51:24,053] DEBUG: No valid transitions from state stance
[2026-06-01 04:51:24,053] WARNING: Velocity attribute does not use the linearization map. Please calculate the velocity using the position attribute.
[2026-06-01 04:51:24,059] INFO: T:11.112, State:stance, Fz:-79.20, ThetaRef:5.00, ThetaActual:6.35, EncoderTheta:92.99, EncoderVelocity:-134.35, K:500.00, B:20.00
[2026-06-01 04:51:24,061] DEBUG: No valid transitions from state stance
[2026-06-01 04:51:24,061] WARNING: Velocity attribute does not use the linearization map. Please calculate the velocity using the position attribute.
[2026-06-01 04:51:24,067] INFO: T:11.120, State:stance, Fz:-85.99, ThetaRef:5.00, ThetaActual:7.69, EncoderTheta:92.00, EncoderVelocity:-120.94, K:500.00, B:20.00
[2026-06-01 04:51:24,069] DEBUG: No valid transitions from state stance
[2026-06-01 04:51:24,069] WARNING: Velocity attribute does not use the linearization map. Please calculate the velocity using the position attribute.
[2026-06-01 04:51:24,075] INFO: T:11.129, State:stance, Fz:-53.59, ThetaRef:5.00, ThetaActual:8.25, EncoderTheta:91.47, EncoderVelocity:-64.39, K:500.00, B:20.00
[2026-06-01 04:51:24,078] WARNING: Velocity attribute does not use the linearization map. Please calculate the velocity using the position attribute.
[2026-06-01 04:51:24,083] INFO: T:11.137, State:swing, Fz:45.72, ThetaRef:60.00, ThetaActual:8.56, EncoderTheta:91.60, EncoderVelocity:16.12, K:10.00, B:0.50
[2026-06-01 04:51:24,086] DEBUG: No valid transitions from state swing
[2026-06-01 04:51:24,086] WARNING: Velocity attribute does not use the linearization map. Please calculate the velocity using the position attribute.
[2026-06-01 04:51:24,091] INFO: T:11.145, State:swing, Fz:158.00, ThetaRef:60.00, ThetaActual:7.95, EncoderTheta:92.24, EncoderVelocity:77.90, K:10.00, B:0.50
[2026-06-01 04:51:24,094] DEBUG: No valid transitions from state swing
[2026-06-01 04:51:24,094] WARNING: Velocity attribute does not use the linearization map. Please calculate the velocity using the position attribute.
[2026-06-01 04:51:24,100] INFO: T:11.153, State:swing, Fz:210.43, ThetaRef:60.00, ThetaActual:7.55, EncoderTheta:92.83, EncoderVelocity:72.87, K:10.00, B:0.50
[2026-06-01 04:51:24,103] DEBUG: No valid transitions from state swing
[2026-06-01 04:51:24,103] WARNING: Velocity attribute does not use the linearization map. Please calculate the velocity using the position attribute.
[2026-06-01 04:51:24,108] INFO: T:11.162, State:swing, Fz:170.24, ThetaRef:60.00, ThetaActual:7.08, EncoderTheta:92.99, EncoderVelocity:17.89, K:10.00, B:0.50
[2026-06-01 04:51:24,111] DEBUG: No valid transitions from state swing
[2026-06-01 04:51:24,111] WARNING: Velocity attribute does not use the linearization map. Please calculate the velocity using the position attribute.
[2026-06-01 04:51:24,117] INFO: T:11.170, State:swing, Fz:116.55, ThetaRef:60.00, ThetaActual:7.28, EncoderTheta:92.75, EncoderVelocity:-28.27, K:10.00, B:0.50
[2026-06-01 04:51:24,119] DEBUG: No valid transitions from state swing
[2026-06-01 04:51:24,120] WARNING: Velocity attribute does not use the linearization map. Please calculate the velocity using the position attribute.
[2026-06-01 04:51:24,125] INFO: T:11.179, State:swing, Fz:100.05, ThetaRef:60.00, ThetaActual:7.46, EncoderTheta:92.18, EncoderVelocity:-68.20, K:10.00, B:0.50
[2026-06-01 04:51:24,128] DEBUG: No valid transitions from state swing
[2026-06-01 04:51:24,128] WARNING: Velocity attribute does not use the linearization map. Please calculate the velocity using the position attribute.
[2026-06-01 04:51:24,133] INFO: T:11.187, State:swing, Fz:127.02, ThetaRef:60.00, ThetaActual:8.00, EncoderTheta:91.30, EncoderVelocity:-104.86, K:10.00, B:0.50
[2026-06-01 04:51:24,136] DEBUG: No valid transitions from state swing
[2026-06-01 04:51:24,136] WARNING: Velocity attribute does not use the linearization map. Please calculate the velocity using the position attribute.
[2026-06-01 04:51:24,142] INFO: T:11.195, State:swing, Fz:145.10, ThetaRef:60.00, ThetaActual:8.93, EncoderTheta:90.33, EncoderVelocity:-116.78, K:10.00, B:0.50
[2026-06-01 04:51:24,145] DEBUG: No valid transitions from state swing
[2026-06-01 04:51:24,145] WARNING: Velocity attribute does not use the linearization map. Please calculate the velocity using the position attribute.
[2026-06-01 04:51:24,150] INFO: T:11.204, State:swing, Fz:121.90, ThetaRef:60.00, ThetaActual:9.58, EncoderTheta:89.08, EncoderVelocity:-147.24, K:10.00, B:0.50
[2026-06-01 04:51:24,153] DEBUG: No valid transitions from state swing
[2026-06-01 04:51:24,153] WARNING: Velocity attribute does not use the linearization map. Please calculate the velocity using the position attribute.
[2026-06-01 04:51:24,159] INFO: T:11.212, State:swing, Fz:69.81, ThetaRef:60.00, ThetaActual:11.15, EncoderTheta:87.78, EncoderVelocity:-152.51, K:10.00, B:0.50
[2026-06-01 04:51:24,161] DEBUG: No valid transitions from state swing
[2026-06-01 04:51:24,161] WARNING: Velocity attribute does not use the linearization map. Please calculate the velocity using the position attribute.
[2026-06-01 04:51:24,167] INFO: T:11.221, State:swing, Fz:17.59, ThetaRef:60.00, ThetaActual:12.90, EncoderTheta:86.37, EncoderVelocity:-168.88, K:10.00, B:0.50
[2026-06-01 04:51:24,170] DEBUG: No valid transitions from state swing
[2026-06-01 04:51:24,170] WARNING: Velocity attribute does not use the linearization map. Please calculate the velocity using the position attribute.
[2026-06-01 04:51:24,175] INFO: T:11.229, State:swing, Fz:-20.70, ThetaRef:60.00, ThetaActual:14.70, EncoderTheta:84.86, EncoderVelocity:-181.77, K:10.00, B:0.50
[2026-06-01 04:51:24,178] WARNING: Velocity attribute does not use the linearization map. Please calculate the velocity using the position attribute.
[2026-06-01 04:51:24,184] INFO: T:11.237, State:stance, Fz:-46.38, ThetaRef:5.00, ThetaActual:15.61, EncoderTheta:83.28, EncoderVelocity:-188.64, K:500.00, B:20.00
[2026-06-01 04:51:24,186] DEBUG: No valid transitions from state stance
[2026-06-01 04:51:24,186] WARNING: Velocity attribute does not use the linearization map. Please calculate the velocity using the position attribute.
[2026-06-01 04:51:24,192] INFO: T:11.246, State:stance, Fz:-74.25, ThetaRef:5.00, ThetaActual:17.47, EncoderTheta:81.74, EncoderVelocity:-185.88, K:500.00, B:20.00
[2026-06-01 04:51:24,195] DEBUG: No valid transitions from state stance
[2026-06-01 04:51:24,195] WARNING: Velocity attribute does not use the linearization map. Please calculate the velocity using the position attribute.
[2026-06-01 04:51:24,200] INFO: T:11.254, State:stance, Fz:-85.56, ThetaRef:5.00, ThetaActual:18.42, EncoderTheta:80.35, EncoderVelocity:-168.27, K:500.00, B:20.00
[2026-06-01 04:51:24,203] DEBUG: No valid transitions from state stance
[2026-06-01 04:51:24,203] WARNING: Velocity attribute does not use the linearization map. Please calculate the velocity using the position attribute.
[2026-06-01 04:51:24,209] INFO: T:11.262, State:stance, Fz:-53.00, ThetaRef:5.00, ThetaActual:20.10, EncoderTheta:79.26, EncoderVelocity:-133.36, K:500.00, B:20.00
[2026-06-01 04:51:24,211] WARNING: Velocity attribute does not use the linearization map. Please calculate the velocity using the position attribute.
[2026-06-01 04:51:24,217] INFO: T:11.270, State:swing, Fz:19.92, ThetaRef:60.00, ThetaActual:20.98, EncoderTheta:78.82, EncoderVelocity:-52.80, K:10.00, B:0.50
[2026-06-01 04:51:24,219] DEBUG: No valid transitions from state swing
[2026-06-01 04:51:24,219] WARNING: Velocity attribute does not use the linearization map. Please calculate the velocity using the position attribute.
[2026-06-01 04:51:24,225] INFO: T:11.279, State:swing, Fz:142.57, ThetaRef:60.00, ThetaActual:21.04, EncoderTheta:79.08, EncoderVelocity:32.18, K:10.00, B:0.50
[2026-06-01 04:51:24,228] DEBUG: No valid transitions from state swing
[2026-06-01 04:51:24,228] WARNING: Velocity attribute does not use the linearization map. Please calculate the velocity using the position attribute.
[2026-06-01 04:51:24,233] INFO: T:11.287, State:swing, Fz:251.54, ThetaRef:60.00, ThetaActual:20.57, EncoderTheta:79.58, EncoderVelocity:60.62, K:10.00, B:0.50
[2026-06-01 04:51:24,236] DEBUG: No valid transitions from state swing
[2026-06-01 04:51:24,236] WARNING: Velocity attribute does not use the linearization map. Please calculate the velocity using the position attribute.
[2026-06-01 04:51:24,242] INFO: T:11.295, State:swing, Fz:254.27, ThetaRef:60.00, ThetaActual:20.15, EncoderTheta:79.76, EncoderVelocity:21.36, K:10.00, B:0.50
[2026-06-01 04:51:24,244] DEBUG: No valid transitions from state swing
[2026-06-01 04:51:24,244] WARNING: Velocity attribute does not use the linearization map. Please calculate the velocity using the position attribute.
[2026-06-01 04:51:24,250] INFO: T:11.303, State:swing, Fz:187.08, ThetaRef:60.00, ThetaActual:20.30, EncoderTheta:79.52, EncoderVelocity:-29.14, K:10.00, B:0.50
[2026-06-01 04:51:24,253] DEBUG: No valid transitions from state swing
[2026-06-01 04:51:24,253] WARNING: Velocity attribute does not use the linearization map. Please calculate the velocity using the position attribute.
[2026-06-01 04:51:24,258] INFO: T:11.312, State:swing, Fz:131.30, ThetaRef:60.00, ThetaActual:20.88, EncoderTheta:78.86, EncoderVelocity:-79.29, K:10.00, B:0.50
[2026-06-01 04:51:24,261] DEBUG: No valid transitions from state swing
[2026-06-01 04:51:24,261] WARNING: Velocity attribute does not use the linearization map. Please calculate the velocity using the position attribute.
[2026-06-01 04:51:24,267] INFO: T:11.320, State:swing, Fz:130.33, ThetaRef:60.00, ThetaActual:21.57, EncoderTheta:78.02, EncoderVelocity:-99.67, K:10.00, B:0.50
[2026-06-01 04:51:24,269] DEBUG: No valid transitions from state swing
[2026-06-01 04:51:24,269] WARNING: Velocity attribute does not use the linearization map. Please calculate the velocity using the position attribute.
[2026-06-01 04:51:24,275] INFO: T:11.328, State:swing, Fz:165.63, ThetaRef:60.00, ThetaActual:21.99, EncoderTheta:76.97, EncoderVelocity:-127.10, K:10.00, B:0.50
[2026-06-01 04:51:24,278] DEBUG: No valid transitions from state swing
[2026-06-01 04:51:24,278] WARNING: Velocity attribute does not use the linearization map. Please calculate the velocity using the position attribute.
[2026-06-01 04:51:24,283] INFO: T:11.337, State:swing, Fz:183.99, ThetaRef:60.00, ThetaActual:23.17, EncoderTheta:75.70, EncoderVelocity:-152.23, K:10.00, B:0.50
[2026-06-01 04:51:24,286] DEBUG: No valid transitions from state swing
[2026-06-01 04:51:24,286] WARNING: Velocity attribute does not use the linearization map. Please calculate the velocity using the position attribute.
[2026-06-01 04:51:24,292] INFO: T:11.345, State:swing, Fz:160.03, ThetaRef:60.00, ThetaActual:24.78, EncoderTheta:74.36, EncoderVelocity:-161.62, K:10.00, B:0.50
[2026-06-01 04:51:24,294] DEBUG: No valid transitions from state swing
[2026-06-01 04:51:24,294] WARNING: Velocity attribute does not use the linearization map. Please calculate the velocity using the position attribute.
[2026-06-01 04:51:24,300] INFO: T:11.353, State:swing, Fz:115.89, ThetaRef:60.00, ThetaActual:25.69, EncoderTheta:72.82, EncoderVelocity:-184.80, K:10.00, B:0.50
[2026-06-01 04:51:24,303] DEBUG: No valid transitions from state swing
[2026-06-01 04:51:24,303] WARNING: Velocity attribute does not use the linearization map. Please calculate the velocity using the position attribute.
[2026-06-01 04:51:24,308] INFO: T:11.362, State:swing, Fz:79.82, ThetaRef:60.00, ThetaActual:27.62, EncoderTheta:71.19, EncoderVelocity:-195.74, K:10.00, B:0.50
[2026-06-01 04:51:24,311] DEBUG: No valid transitions from state swing
[2026-06-01 04:51:24,311] WARNING: Velocity attribute does not use the linearization map. Please calculate the velocity using the position attribute.
[2026-06-01 04:51:24,317] INFO: T:11.370, State:swing, Fz:64.34, ThetaRef:60.00, ThetaActual:29.57, EncoderTheta:69.46, EncoderVelocity:-208.47, K:10.00, B:0.50
[2026-06-01 04:51:24,319] DEBUG: No valid transitions from state swing
[2026-06-01 04:51:24,319] WARNING: Velocity attribute does not use the linearization map. Please calculate the velocity using the position attribute.
[2026-06-01 04:51:24,325] INFO: T:11.378, State:swing, Fz:63.57, ThetaRef:60.00, ThetaActual:30.57, EncoderTheta:67.65, EncoderVelocity:-215.58, K:10.00, B:0.50
[2026-06-01 04:51:24,328] DEBUG: No valid transitions from state swing
[2026-06-01 04:51:24,328] WARNING: Velocity attribute does not use the linearization map. Please calculate the velocity using the position attribute.
[2026-06-01 04:51:24,333] INFO: T:11.387, State:swing, Fz:63.10, ThetaRef:60.00, ThetaActual:32.66, EncoderTheta:65.83, EncoderVelocity:-218.83, K:10.00, B:0.50
[2026-06-01 04:51:24,336] DEBUG: No valid transitions from state swing
[2026-06-01 04:51:24,336] WARNING: Velocity attribute does not use the linearization map. Please calculate the velocity using the position attribute.
[2026-06-01 04:51:24,341] INFO: T:11.395, State:swing, Fz:59.84, ThetaRef:60.00, ThetaActual:34.88, EncoderTheta:63.85, EncoderVelocity:-238.00, K:10.00, B:0.50
[2026-06-01 04:51:24,344] DEBUG: No valid transitions from state swing
[2026-06-01 04:51:24,344] WARNING: Velocity attribute does not use the linearization map. Please calculate the velocity using the position attribute.
[2026-06-01 04:51:24,350] INFO: T:11.403, State:swing, Fz:53.92, ThetaRef:60.00, ThetaActual:36.04, EncoderTheta:61.87, EncoderVelocity:-237.35, K:10.00, B:0.50
[2026-06-01 04:51:24,352] DEBUG: No valid transitions from state swing
[2026-06-01 04:51:24,353] WARNING: Velocity attribute does not use the linearization map. Please calculate the velocity using the position attribute.
[2026-06-01 04:51:24,358] INFO: T:11.412, State:swing, Fz:61.37, ThetaRef:60.00, ThetaActual:38.39, EncoderTheta:59.85, EncoderVelocity:-243.77, K:10.00, B:0.50
[2026-06-01 04:51:24,361] DEBUG: No valid transitions from state swing
[2026-06-01 04:51:24,361] WARNING: Velocity attribute does not use the linearization map. Please calculate the velocity using the position attribute.
[2026-06-01 04:51:24,366] INFO: T:11.420, State:swing, Fz:78.94, ThetaRef:60.00, ThetaActual:40.83, EncoderTheta:57.68, EncoderVelocity:-261.99, K:10.00, B:0.50
[2026-06-01 04:51:24,369] DEBUG: No valid transitions from state swing
[2026-06-01 04:51:24,369] WARNING: Velocity attribute does not use the linearization map. Please calculate the velocity using the position attribute.
[2026-06-01 04:51:24,375] INFO: T:11.428, State:swing, Fz:100.21, ThetaRef:60.00, ThetaActual:42.08, EncoderTheta:55.48, EncoderVelocity:-264.59, K:10.00, B:0.50
[2026-06-01 04:51:24,377] DEBUG: No valid transitions from state swing
[2026-06-01 04:51:24,378] WARNING: Velocity attribute does not use the linearization map. Please calculate the velocity using the position attribute.
[2026-06-01 04:51:24,383] INFO: T:11.437, State:swing, Fz:119.33, ThetaRef:60.00, ThetaActual:44.70, EncoderTheta:53.24, EncoderVelocity:-269.22, K:10.00, B:0.50
[2026-06-01 04:51:24,386] DEBUG: No valid transitions from state swing
[2026-06-01 04:51:24,386] WARNING: Velocity attribute does not use the linearization map. Please calculate the velocity using the position attribute.
[2026-06-01 04:51:24,391] INFO: T:11.445, State:swing, Fz:130.42, ThetaRef:60.00, ThetaActual:47.42, EncoderTheta:50.89, EncoderVelocity:-279.30, K:10.00, B:0.50
[2026-06-01 04:51:24,394] DEBUG: No valid transitions from state swing
[2026-06-01 04:51:24,394] WARNING: Velocity attribute does not use the linearization map. Please calculate the velocity using the position attribute.
[2026-06-01 04:51:24,400] INFO: T:11.453, State:swing, Fz:145.31, ThetaRef:60.00, ThetaActual:48.80, EncoderTheta:48.58, EncoderVelocity:-277.59, K:10.00, B:0.50
[2026-06-01 04:51:24,402] DEBUG: No valid transitions from state swing
[2026-06-01 04:51:24,403] WARNING: Velocity attribute does not use the linearization map. Please calculate the velocity using the position attribute.
[2026-06-01 04:51:24,408] INFO: T:11.462, State:swing, Fz:165.10, ThetaRef:60.00, ThetaActual:51.57, EncoderTheta:46.25, EncoderVelocity:-280.01, K:10.00, B:0.50
[2026-06-01 04:51:24,411] DEBUG: No valid transitions from state swing
[2026-06-01 04:51:24,411] WARNING: Velocity attribute does not use the linearization map. Please calculate the velocity using the position attribute.
[2026-06-01 04:51:24,416] INFO: T:11.470, State:swing, Fz:183.69, ThetaRef:60.00, ThetaActual:54.35, EncoderTheta:43.86, EncoderVelocity:-291.40, K:10.00, B:0.50
[2026-06-01 04:51:24,419] DEBUG: No valid transitions from state swing
[2026-06-01 04:51:24,419] WARNING: Velocity attribute does not use the linearization map. Please calculate the velocity using the position attribute.
[2026-06-01 04:51:24,425] INFO: T:11.478, State:swing, Fz:199.83, ThetaRef:60.00, ThetaActual:55.74, EncoderTheta:41.59, EncoderVelocity:-270.06, K:10.00, B:0.50
[2026-06-01 04:51:24,427] DEBUG: No valid transitions from state swing
[2026-06-01 04:51:24,427] WARNING: Velocity attribute does not use the linearization map. Please calculate the velocity using the position attribute.
[2026-06-01 04:51:24,433] INFO: T:11.487, State:swing, Fz:201.74, ThetaRef:60.00, ThetaActual:58.52, EncoderTheta:39.44, EncoderVelocity:-257.87, K:10.00, B:0.50
[2026-06-01 04:51:24,436] DEBUG: No valid transitions from state swing
[2026-06-01 04:51:24,436] WARNING: Velocity attribute does not use the linearization map. Please calculate the velocity using the position attribute.
[2026-06-01 04:51:24,441] INFO: T:11.495, State:swing, Fz:196.72, ThetaRef:60.00, ThetaActual:61.22, EncoderTheta:37.27, EncoderVelocity:-261.34, K:10.00, B:0.50
[2026-06-01 04:51:24,444] DEBUG: No valid transitions from state swing
[2026-06-01 04:51:24,444] WARNING: Velocity attribute does not use the linearization map. Please calculate the velocity using the position attribute.
[2026-06-01 04:51:24,450] INFO: T:11.503, State:swing, Fz:193.89, ThetaRef:60.00, ThetaActual:62.53, EncoderTheta:35.20, EncoderVelocity:-249.37, K:10.00, B:0.50
[2026-06-01 04:51:24,452] DEBUG: No valid transitions from state swing
[2026-06-01 04:51:24,452] WARNING: Velocity attribute does not use the linearization map. Please calculate the velocity using the position attribute.
[2026-06-01 04:51:24,458] INFO: T:11.512, State:swing, Fz:201.19, ThetaRef:60.00, ThetaActual:65.00, EncoderTheta:33.20, EncoderVelocity:-239.34, K:10.00, B:0.50
[2026-06-01 04:51:24,461] DEBUG: No valid transitions from state swing
[2026-06-01 04:51:24,461] WARNING: Velocity attribute does not use the linearization map. Please calculate the velocity using the position attribute.
[2026-06-01 04:51:24,466] INFO: T:11.520, State:swing, Fz:215.78, ThetaRef:60.00, ThetaActual:67.33, EncoderTheta:31.27, EncoderVelocity:-232.73, K:10.00, B:0.50
[2026-06-01 04:51:24,469] DEBUG: No valid transitions from state swing
[2026-06-01 04:51:24,469] WARNING: Velocity attribute does not use the linearization map. Please calculate the velocity using the position attribute.
[2026-06-01 04:51:24,475] INFO: T:11.528, State:swing, Fz:229.84, ThetaRef:60.00, ThetaActual:68.46, EncoderTheta:29.55, EncoderVelocity:-205.60, K:10.00, B:0.50
[2026-06-01 04:51:24,477] DEBUG: No valid transitions from state swing
[2026-06-01 04:51:24,477] WARNING: Velocity attribute does not use the linearization map. Please calculate the velocity using the position attribute.
[2026-06-01 04:51:24,483] INFO: T:11.536, State:swing, Fz:232.05, ThetaRef:60.00, ThetaActual:70.65, EncoderTheta:27.91, EncoderVelocity:-199.40, K:10.00, B:0.50
[2026-06-01 04:51:24,486] DEBUG: No valid transitions from state swing
[2026-06-01 04:51:24,486] WARNING: Velocity attribute does not use the linearization map. Please calculate the velocity using the position attribute.
[2026-06-01 04:51:24,491] INFO: T:11.545, State:swing, Fz:226.73, ThetaRef:60.00, ThetaActual:72.69, EncoderTheta:26.35, EncoderVelocity:-187.43, K:10.00, B:0.50
[2026-06-01 04:51:24,494] DEBUG: No valid transitions from state swing
[2026-06-01 04:51:24,494] WARNING: Velocity attribute does not use the linearization map. Please calculate the velocity using the position attribute.
[2026-06-01 04:51:24,500] INFO: T:11.553, State:swing, Fz:212.17, ThetaRef:60.00, ThetaActual:73.62, EncoderTheta:25.11, EncoderVelocity:-148.19, K:10.00, B:0.50
[2026-06-01 04:51:24,502] DEBUG: No valid transitions from state swing
[2026-06-01 04:51:24,503] WARNING: Velocity attribute does not use the linearization map. Please calculate the velocity using the position attribute.
[2026-06-01 04:51:24,508] INFO: T:11.562, State:swing, Fz:196.12, ThetaRef:60.00, ThetaActual:75.29, EncoderTheta:23.95, EncoderVelocity:-136.11, K:10.00, B:0.50
[2026-06-01 04:51:24,511] DEBUG: No valid transitions from state swing
[2026-06-01 04:51:24,511] WARNING: Velocity attribute does not use the linearization map. Please calculate the velocity using the position attribute.
[2026-06-01 04:51:24,516] INFO: T:11.570, State:swing, Fz:181.95, ThetaRef:60.00, ThetaActual:76.62, EncoderTheta:23.03, EncoderVelocity:-109.83, K:10.00, B:0.50
[2026-06-01 04:51:24,519] DEBUG: No valid transitions from state swing
[2026-06-01 04:51:24,519] WARNING: Velocity attribute does not use the linearization map. Please calculate the velocity using the position attribute.
[2026-06-01 04:51:24,525] INFO: T:11.578, State:swing, Fz:175.62, ThetaRef:60.00, ThetaActual:77.16, EncoderTheta:22.32, EncoderVelocity:-84.56, K:10.00, B:0.50
[2026-06-01 04:51:24,528] DEBUG: No valid transitions from state swing
[2026-06-01 04:51:24,528] WARNING: Velocity attribute does not use the linearization map. Please calculate the velocity using the position attribute.
[2026-06-01 04:51:24,533] INFO: T:11.587, State:swing, Fz:177.86, ThetaRef:60.00, ThetaActual:78.00, EncoderTheta:21.75, EncoderVelocity:-68.03, K:10.00, B:0.50
[2026-06-01 04:51:24,536] DEBUG: No valid transitions from state swing
[2026-06-01 04:51:24,536] WARNING: Velocity attribute does not use the linearization map. Please calculate the velocity using the position attribute.
[2026-06-01 04:51:24,542] INFO: T:11.595, State:swing, Fz:183.55, ThetaRef:60.00, ThetaActual:78.54, EncoderTheta:21.47, EncoderVelocity:-34.30, K:10.00, B:0.50
[2026-06-01 04:51:24,544] DEBUG: No valid transitions from state swing
[2026-06-01 04:51:24,544] WARNING: Velocity attribute does not use the linearization map. Please calculate the velocity using the position attribute.
[2026-06-01 04:51:24,550] INFO: T:11.604, State:swing, Fz:191.36, ThetaRef:60.00, ThetaActual:78.72, EncoderTheta:21.34, EncoderVelocity:-15.58, K:10.00, B:0.50
[2026-06-01 04:51:24,553] DEBUG: No valid transitions from state swing
[2026-06-01 04:51:24,553] WARNING: Velocity attribute does not use the linearization map. Please calculate the velocity using the position attribute.
[2026-06-01 04:51:24,558] INFO: T:11.612, State:swing, Fz:190.85, ThetaRef:60.00, ThetaActual:78.88, EncoderTheta:21.40, EncoderVelocity:7.92, K:10.00, B:0.50
[2026-06-01 04:51:24,561] DEBUG: No valid transitions from state swing
[2026-06-01 04:51:24,561] WARNING: Velocity attribute does not use the linearization map. Please calculate the velocity using the position attribute.
[2026-06-01 04:51:24,567] INFO: T:11.620, State:swing, Fz:192.40, ThetaRef:60.00, ThetaActual:78.82, EncoderTheta:21.47, EncoderVelocity:7.92, K:10.00, B:0.50
[2026-06-01 04:51:24,569] DEBUG: No valid transitions from state swing
[2026-06-01 04:51:24,569] WARNING: Velocity attribute does not use the linearization map. Please calculate the velocity using the position attribute.
[2026-06-01 04:51:24,575] INFO: T:11.629, State:swing, Fz:167.12, ThetaRef:60.00, ThetaActual:78.74, EncoderTheta:21.93, EncoderVelocity:55.24, K:10.00, B:0.50
[2026-06-01 04:51:24,578] DEBUG: No valid transitions from state swing
[2026-06-01 04:51:24,578] WARNING: Velocity attribute does not use the linearization map. Please calculate the velocity using the position attribute.
[2026-06-01 04:51:24,583] INFO: T:11.637, State:swing, Fz:155.30, ThetaRef:60.00, ThetaActual:78.45, EncoderTheta:22.26, EncoderVelocity:39.79, K:10.00, B:0.50
[2026-06-01 04:51:24,586] DEBUG: No valid transitions from state swing
[2026-06-01 04:51:24,586] WARNING: Velocity attribute does not use the linearization map. Please calculate the velocity using the position attribute.
[2026-06-01 04:51:24,592] INFO: T:11.645, State:swing, Fz:161.45, ThetaRef:60.00, ThetaActual:77.90, EncoderTheta:22.63, EncoderVelocity:44.80, K:10.00, B:0.50
[2026-06-01 04:51:24,594] DEBUG: No valid transitions from state swing
[2026-06-01 04:51:24,594] WARNING: Velocity attribute does not use the linearization map. Please calculate the velocity using the position attribute.
[2026-06-01 04:51:24,600] INFO: T:11.654, State:swing, Fz:159.55, ThetaRef:60.00, ThetaActual:77.58, EncoderTheta:23.42, EncoderVelocity:94.81, K:10.00, B:0.50
[2026-06-01 04:51:24,603] DEBUG: No valid transitions from state swing
[2026-06-01 04:51:24,603] WARNING: Velocity attribute does not use the linearization map. Please calculate the velocity using the position attribute.
[2026-06-01 04:51:24,608] INFO: T:11.662, State:swing, Fz:135.06, ThetaRef:60.00, ThetaActual:76.90, EncoderTheta:24.19, EncoderVelocity:92.22, K:10.00, B:0.50
[2026-06-01 04:51:24,611] DEBUG: No valid transitions from state swing
[2026-06-01 04:51:24,611] WARNING: Velocity attribute does not use the linearization map. Please calculate the velocity using the position attribute.
[2026-06-01 04:51:24,617] INFO: T:11.670, State:swing, Fz:147.48, ThetaRef:60.00, ThetaActual:76.04, EncoderTheta:24.61, EncoderVelocity:49.94, K:10.00, B:0.50
[2026-06-01 04:51:24,619] DEBUG: No valid transitions from state swing
[2026-06-01 04:51:24,619] WARNING: Velocity attribute does not use the linearization map. Please calculate the velocity using the position attribute.
[2026-06-01 04:51:24,625] INFO: T:11.679, State:swing, Fz:168.56, ThetaRef:60.00, ThetaActual:75.53, EncoderTheta:25.51, EncoderVelocity:108.36, K:10.00, B:0.50
[2026-06-01 04:51:24,628] DEBUG: No valid transitions from state swing
[2026-06-01 04:51:24,628] WARNING: Velocity attribute does not use the linearization map. Please calculate the velocity using the position attribute.
[2026-06-01 04:51:24,633] INFO: T:11.687, State:swing, Fz:152.36, ThetaRef:60.00, ThetaActual:74.55, EncoderTheta:26.54, EncoderVelocity:123.34, K:10.00, B:0.50
[2026-06-01 04:51:24,636] DEBUG: No valid transitions from state swing
[2026-06-01 04:51:24,636] WARNING: Velocity attribute does not use the linearization map. Please calculate the velocity using the position attribute.
[2026-06-01 04:51:24,642] INFO: T:11.695, State:swing, Fz:151.65, ThetaRef:60.00, ThetaActual:73.57, EncoderTheta:27.14, EncoderVelocity:71.61, K:10.00, B:0.50
[2026-06-01 04:51:24,644] DEBUG: No valid transitions from state swing
[2026-06-01 04:51:24,644] WARNING: Velocity attribute does not use the linearization map. Please calculate the velocity using the position attribute.
[2026-06-01 04:51:24,650] INFO: T:11.704, State:swing, Fz:173.73, ThetaRef:60.00, ThetaActual:73.03, EncoderTheta:28.02, EncoderVelocity:106.00, K:10.00, B:0.50
[2026-06-01 04:51:24,653] DEBUG: No valid transitions from state swing
[2026-06-01 04:51:24,653] WARNING: Velocity attribute does not use the linearization map. Please calculate the velocity using the position attribute.
[2026-06-01 04:51:24,658] INFO: T:11.712, State:swing, Fz:154.28, ThetaRef:60.00, ThetaActual:72.01, EncoderTheta:29.18, EncoderVelocity:137.19, K:10.00, B:0.50
[2026-06-01 04:51:24,661] DEBUG: No valid transitions from state swing
[2026-06-01 04:51:24,661] WARNING: Velocity attribute does not use the linearization map. Please calculate the velocity using the position attribute.
[2026-06-01 04:51:24,667] INFO: T:11.720, State:swing, Fz:128.54, ThetaRef:60.00, ThetaActual:70.98, EncoderTheta:30.17, EncoderVelocity:117.35, K:10.00, B:0.50
[2026-06-01 04:51:24,670] DEBUG: No valid transitions from state swing
[2026-06-01 04:51:24,670] WARNING: Velocity attribute does not use the linearization map. Please calculate the velocity using the position attribute.
[2026-06-01 04:51:24,675] INFO: T:11.729, State:swing, Fz:119.55, ThetaRef:60.00, ThetaActual:70.38, EncoderTheta:31.09, EncoderVelocity:110.58, K:10.00, B:0.50
[2026-06-01 04:51:24,678] DEBUG: No valid transitions from state swing
[2026-06-01 04:51:24,678] WARNING: Velocity attribute does not use the linearization map. Please calculate the velocity using the position attribute.
[2026-06-01 04:51:24,683] INFO: T:11.737, State:swing, Fz:129.25, ThetaRef:60.00, ThetaActual:69.06, EncoderTheta:32.15, EncoderVelocity:127.12, K:10.00, B:0.50
[2026-06-01 04:51:24,686] DEBUG: No valid transitions from state swing
[2026-06-01 04:51:24,686] WARNING: Velocity attribute does not use the linearization map. Please calculate the velocity using the position attribute.
[2026-06-01 04:51:24,692] INFO: T:11.745, State:swing, Fz:125.04, ThetaRef:60.00, ThetaActual:67.69, EncoderTheta:33.44, EncoderVelocity:156.11, K:10.00, B:0.50
[2026-06-01 04:51:24,694] DEBUG: No valid transitions from state swing
[2026-06-01 04:51:24,694] WARNING: Velocity attribute does not use the linearization map. Please calculate the velocity using the position attribute.
[2026-06-01 04:51:24,700] INFO: T:11.754, State:swing, Fz:110.34, ThetaRef:60.00, ThetaActual:66.99, EncoderTheta:34.63, EncoderVelocity:143.80, K:10.00, B:0.50
[2026-06-01 04:51:24,703] DEBUG: No valid transitions from state swing
[2026-06-01 04:51:24,703] WARNING: Velocity attribute does not use the linearization map. Please calculate the velocity using the position attribute.
[2026-06-01 04:51:24,708] INFO: T:11.762, State:swing, Fz:106.71, ThetaRef:60.00, ThetaActual:65.53, EncoderTheta:35.86, EncoderVelocity:149.68, K:10.00, B:0.50
[2026-06-01 04:51:24,711] DEBUG: No valid transitions from state swing
[2026-06-01 04:51:24,711] WARNING: Velocity attribute does not use the linearization map. Please calculate the velocity using the position attribute.
[2026-06-01 04:51:24,716] INFO: T:11.770, State:swing, Fz:108.93, ThetaRef:60.00, ThetaActual:63.99, EncoderTheta:37.16, EncoderVelocity:157.13, K:10.00, B:0.50
[2026-06-01 04:51:24,719] DEBUG: No valid transitions from state swing
[2026-06-01 04:51:24,719] WARNING: Velocity attribute does not use the linearization map. Please calculate the velocity using the position attribute.
[2026-06-01 04:51:24,725] INFO: T:11.778, State:swing, Fz:99.65, ThetaRef:60.00, ThetaActual:63.20, EncoderTheta:38.54, EncoderVelocity:166.78, K:10.00, B:0.50
[2026-06-01 04:51:24,728] DEBUG: No valid transitions from state swing
[2026-06-01 04:51:24,728] WARNING: Velocity attribute does not use the linearization map. Please calculate the velocity using the position attribute.
[2026-06-01 04:51:24,733] INFO: T:11.787, State:swing, Fz:93.07, ThetaRef:60.00, ThetaActual:61.57, EncoderTheta:40.06, EncoderVelocity:180.03, K:10.00, B:0.50
[2026-06-01 04:51:24,736] DEBUG: No valid transitions from state swing
[2026-06-01 04:51:24,736] WARNING: Velocity attribute does not use the linearization map. Please calculate the velocity using the position attribute.
[2026-06-01 04:51:24,742] INFO: T:11.795, State:swing, Fz:81.11, ThetaRef:60.00, ThetaActual:59.89, EncoderTheta:41.55, EncoderVelocity:179.29, K:10.00, B:0.50
[2026-06-01 04:51:24,744] DEBUG: No valid transitions from state swing
[2026-06-01 04:51:24,744] WARNING: Velocity attribute does not use the linearization map. Please calculate the velocity using the position attribute.
[2026-06-01 04:51:24,750] INFO: T:11.803, State:swing, Fz:64.02, ThetaRef:60.00, ThetaActual:59.02, EncoderTheta:43.24, EncoderVelocity:205.39, K:10.00, B:0.50
[2026-06-01 04:51:24,752] DEBUG: No valid transitions from state swing
[2026-06-01 04:51:24,752] WARNING: Velocity attribute does not use the linearization map. Please calculate the velocity using the position attribute.
[2026-06-01 04:51:24,758] INFO: T:11.812, State:swing, Fz:49.98, ThetaRef:60.00, ThetaActual:57.17, EncoderTheta:44.93, EncoderVelocity:205.88, K:10.00, B:0.50
[2026-06-01 04:51:24,761] DEBUG: No valid transitions from state swing
[2026-06-01 04:51:24,761] WARNING: Velocity attribute does not use the linearization map. Please calculate the velocity using the position attribute.
[2026-06-01 04:51:24,766] INFO: T:11.820, State:swing, Fz:38.86, ThetaRef:60.00, ThetaActual:55.18, EncoderTheta:46.63, EncoderVelocity:203.91, K:10.00, B:0.50
[2026-06-01 04:51:24,769] DEBUG: No valid transitions from state swing
[2026-06-01 04:51:24,769] WARNING: Velocity attribute does not use the linearization map. Please calculate the velocity using the position attribute.
[2026-06-01 04:51:24,775] INFO: T:11.828, State:swing, Fz:30.40, ThetaRef:60.00, ThetaActual:54.13, EncoderTheta:48.34, EncoderVelocity:207.11, K:10.00, B:0.50
[2026-06-01 04:51:24,777] DEBUG: No valid transitions from state swing
[2026-06-01 04:51:24,777] WARNING: Velocity attribute does not use the linearization map. Please calculate the velocity using the position attribute.
[2026-06-01 04:51:24,783] INFO: T:11.836, State:swing, Fz:24.45, ThetaRef:60.00, ThetaActual:51.93, EncoderTheta:50.32, EncoderVelocity:237.38, K:10.00, B:0.50
[2026-06-01 04:51:24,786] DEBUG: No valid transitions from state swing
[2026-06-01 04:51:24,786] WARNING: Velocity attribute does not use the linearization map. Please calculate the velocity using the position attribute.
[2026-06-01 04:51:24,791] INFO: T:11.845, State:swing, Fz:18.92, ThetaRef:60.00, ThetaActual:49.64, EncoderTheta:52.27, EncoderVelocity:231.23, K:10.00, B:0.50
[2026-06-01 04:51:24,794] DEBUG: No valid transitions from state swing
[2026-06-01 04:51:24,794] WARNING: Velocity attribute does not use the linearization map. Please calculate the velocity using the position attribute.
[2026-06-01 04:51:24,800] INFO: T:11.853, State:swing, Fz:13.67, ThetaRef:60.00, ThetaActual:48.45, EncoderTheta:54.45, EncoderVelocity:265.65, K:10.00, B:0.50
[2026-06-01 04:51:24,802] DEBUG: No valid transitions from state swing
[2026-06-01 04:51:24,802] WARNING: Velocity attribute does not use the linearization map. Please calculate the velocity using the position attribute.
[2026-06-01 04:51:24,808] INFO: T:11.861, State:swing, Fz:6.24, ThetaRef:60.00, ThetaActual:46.01, EncoderTheta:56.56, EncoderVelocity:255.93, K:10.00, B:0.50
[2026-06-01 04:51:24,810] DEBUG: No valid transitions from state swing
[2026-06-01 04:51:24,811] WARNING: Velocity attribute does not use the linearization map. Please calculate the velocity using the position attribute.
[2026-06-01 04:51:24,816] INFO: T:11.870, State:swing, Fz:0.09, ThetaRef:60.00, ThetaActual:43.48, EncoderTheta:58.80, EncoderVelocity:268.88, K:10.00, B:0.50
[2026-06-01 04:51:24,819] DEBUG: No valid transitions from state swing
[2026-06-01 04:51:24,819] WARNING: Velocity attribute does not use the linearization map. Please calculate the velocity using the position attribute.
[2026-06-01 04:51:24,824] INFO: T:11.878, State:swing, Fz:-4.61, ThetaRef:60.00, ThetaActual:42.18, EncoderTheta:61.13, EncoderVelocity:280.20, K:10.00, B:0.50
[2026-06-01 04:51:24,827] DEBUG: No valid transitions from state swing
[2026-06-01 04:51:24,827] WARNING: Velocity attribute does not use the linearization map. Please calculate the velocity using the position attribute.
[2026-06-01 04:51:24,833] INFO: T:11.886, State:swing, Fz:-10.68, ThetaRef:60.00, ThetaActual:39.50, EncoderTheta:63.39, EncoderVelocity:275.34, K:10.00, B:0.50
[2026-06-01 04:51:24,835] DEBUG: No valid transitions from state swing
[2026-06-01 04:51:24,835] WARNING: Velocity attribute does not use the linearization map. Please calculate the velocity using the position attribute.
[2026-06-01 04:51:24,841] INFO: T:11.895, State:swing, Fz:-14.31, ThetaRef:60.00, ThetaActual:36.76, EncoderTheta:65.81, EncoderVelocity:290.33, K:10.00, B:0.50
[2026-06-01 04:51:24,844] DEBUG: No valid transitions from state swing
[2026-06-01 04:51:24,844] WARNING: Velocity attribute does not use the linearization map. Please calculate the velocity using the position attribute.
[2026-06-01 04:51:24,849] INFO: T:11.903, State:swing, Fz:-18.08, ThetaRef:60.00, ThetaActual:35.35, EncoderTheta:68.20, EncoderVelocity:292.35, K:10.00, B:0.50
[2026-06-01 04:51:24,852] DEBUG: No valid transitions from state swing
[2026-06-01 04:51:24,852] WARNING: Velocity attribute does not use the linearization map. Please calculate the velocity using the position attribute.
[2026-06-01 04:51:24,857] INFO: T:11.911, State:swing, Fz:-20.49, ThetaRef:60.00, ThetaActual:32.49, EncoderTheta:70.58, EncoderVelocity:289.13, K:10.00, B:0.50
[2026-06-01 04:51:24,860] DEBUG: No valid transitions from state swing
[2026-06-01 04:51:24,860] WARNING: Velocity attribute does not use the linearization map. Please calculate the velocity using the position attribute.
[2026-06-01 04:51:24,866] INFO: T:11.919, State:swing, Fz:-20.89, ThetaRef:60.00, ThetaActual:29.57, EncoderTheta:73.10, EncoderVelocity:306.22, K:10.00, B:0.50
[2026-06-01 04:51:24,868] DEBUG: No valid transitions from state swing
[2026-06-01 04:51:24,868] WARNING: Velocity attribute does not use the linearization map. Please calculate the velocity using the position attribute.
[2026-06-01 04:51:24,874] INFO: T:11.928, State:swing, Fz:-23.18, ThetaRef:60.00, ThetaActual:28.09, EncoderTheta:75.61, EncoderVelocity:302.80, K:10.00, B:0.50
[2026-06-01 04:51:24,876] DEBUG: No valid transitions from state swing
[2026-06-01 04:51:24,877] WARNING: Velocity attribute does not use the linearization map. Please calculate the velocity using the position attribute.
[2026-06-01 04:51:24,882] INFO: T:11.936, State:swing, Fz:-23.93, ThetaRef:60.00, ThetaActual:25.12, EncoderTheta:78.05, EncoderVelocity:297.44, K:10.00, B:0.50
[2026-06-01 04:51:24,885] DEBUG: No valid transitions from state swing
[2026-06-01 04:51:24,885] WARNING: Velocity attribute does not use the linearization map. Please calculate the velocity using the position attribute.
[2026-06-01 04:51:24,890] INFO: T:11.944, State:swing, Fz:-25.46, ThetaRef:60.00, ThetaActual:23.91, EncoderTheta:80.51, EncoderVelocity:300.68, K:10.00, B:0.50
[2026-06-01 04:51:24,893] DEBUG: No valid transitions from state swing
[2026-06-01 04:51:24,893] WARNING: Velocity attribute does not use the linearization map. Please calculate the velocity using the position attribute.
[2026-06-01 04:51:24,898] INFO: T:11.952, State:swing, Fz:-24.18, ThetaRef:60.00, ThetaActual:20.91, EncoderTheta:82.95, EncoderVelocity:301.44, K:10.00, B:0.50
[2026-06-01 04:51:24,901] DEBUG: No valid transitions from state swing
[2026-06-01 04:51:24,901] WARNING: Velocity attribute does not use the linearization map. Please calculate the velocity using the position attribute.
[2026-06-01 04:51:24,907] INFO: T:11.960, State:swing, Fz:-25.22, ThetaRef:60.00, ThetaActual:17.92, EncoderTheta:85.39, EncoderVelocity:293.65, K:10.00, B:0.50
[2026-06-01 04:51:24,909] DEBUG: No valid transitions from state swing
[2026-06-01 04:51:24,909] WARNING: Velocity attribute does not use the linearization map. Please calculate the velocity using the position attribute.
[2026-06-01 04:51:24,915] INFO: T:11.969, State:swing, Fz:-24.06, ThetaRef:60.00, ThetaActual:16.44, EncoderTheta:87.78, EncoderVelocity:291.11, K:10.00, B:0.50
[2026-06-01 04:51:24,918] DEBUG: No valid transitions from state swing
[2026-06-01 04:51:24,918] WARNING: Velocity attribute does not use the linearization map. Please calculate the velocity using the position attribute.
[2026-06-01 04:51:24,923] INFO: T:11.977, State:swing, Fz:-24.10, ThetaRef:60.00, ThetaActual:13.48, EncoderTheta:90.31, EncoderVelocity:298.79, K:10.00, B:0.50
[2026-06-01 04:51:24,926] DEBUG: No valid transitions from state swing
[2026-06-01 04:51:24,926] WARNING: Velocity attribute does not use the linearization map. Please calculate the velocity using the position attribute.
[2026-06-01 04:51:24,932] INFO: T:11.985, State:swing, Fz:-23.69, ThetaRef:60.00, ThetaActual:10.58, EncoderTheta:92.68, EncoderVelocity:284.50, K:10.00, B:0.50
[2026-06-01 04:51:24,934] DEBUG: No valid transitions from state swing
[2026-06-01 04:51:24,934] WARNING: Velocity attribute does not use the linearization map. Please calculate the velocity using the position attribute.
[2026-06-01 04:51:24,940] INFO: T:11.994, State:swing, Fz:-23.38, ThetaRef:60.00, ThetaActual:9.15, EncoderTheta:94.97, EncoderVelocity:277.14, K:10.00, B:0.50
[2026-06-01 04:51:24,943] DEBUG: No valid transitions from state swing
[2026-06-01 04:51:24,943] WARNING: Velocity attribute does not use the linearization map. Please calculate the velocity using the position attribute.
[2026-06-01 04:51:24,948] INFO: T:12.002, State:swing, Fz:-25.61, ThetaRef:60.00, ThetaActual:6.37, EncoderTheta:97.14, EncoderVelocity:261.15, K:10.00, B:0.50
[2026-06-01 04:51:24,951] DEBUG: No valid transitions from state swing
[2026-06-01 04:51:24,951] WARNING: Velocity attribute does not use the linearization map. Please calculate the velocity using the position attribute.
[2026-06-01 04:51:24,957] INFO: T:12.010, State:swing, Fz:-24.89, ThetaRef:60.00, ThetaActual:3.66, EncoderTheta:99.36, EncoderVelocity:266.01, K:10.00, B:0.50
[2026-06-01 04:51:24,959] WARNING: Velocity attribute does not use the linearization map. Please calculate the velocity using the position attribute.
[2026-06-01 04:51:24,965] INFO: T:12.018, State:stance, Fz:-67.33, ThetaRef:5.00, ThetaActual:2.35, EncoderTheta:100.31, EncoderVelocity:114.96, K:500.00, B:20.00
[2026-06-01 04:51:24,967] DEBUG: No valid transitions from state stance
[2026-06-01 04:51:24,968] WARNING: Velocity attribute does not use the linearization map. Please calculate the velocity using the position attribute.
[2026-06-01 04:51:24,973] INFO: T:12.027, State:stance, Fz:-163.05, ThetaRef:5.00, ThetaActual:-0.17, EncoderTheta:100.42, EncoderVelocity:13.28, K:500.00, B:20.00
[2026-06-01 04:51:24,976] DEBUG: No valid transitions from state stance
[2026-06-01 04:51:24,976] WARNING: Velocity attribute does not use the linearization map. Please calculate the velocity using the position attribute.
[2026-06-01 04:51:24,981] INFO: T:12.035, State:stance, Fz:-104.86, ThetaRef:5.00, ThetaActual:-1.65, EncoderTheta:100.26, EncoderVelocity:-18.64, K:500.00, B:20.00
[2026-06-01 04:51:24,984] DEBUG: No valid transitions from state stance
[2026-06-01 04:51:24,984] WARNING: Velocity attribute does not use the linearization map. Please calculate the velocity using the position attribute.
[2026-06-01 04:51:24,990] INFO: T:12.043, State:stance, Fz:-89.89, ThetaRef:5.00, ThetaActual:-1.49, EncoderTheta:100.13, EncoderVelocity:-16.05, K:500.00, B:20.00
[2026-06-01 04:51:24,992] DEBUG: No valid transitions from state stance
[2026-06-01 04:51:24,992] WARNING: Velocity attribute does not use the linearization map. Please calculate the velocity using the position attribute.
[2026-06-01 04:51:24,998] INFO: T:12.051, State:stance, Fz:-102.85, ThetaRef:5.00, ThetaActual:-0.13, EncoderTheta:100.04, EncoderVelocity:-10.59, K:500.00, B:20.00
[2026-06-01 04:51:25,001] DEBUG: No valid transitions from state stance
[2026-06-01 04:51:25,001] WARNING: Velocity attribute does not use the linearization map. Please calculate the velocity using the position attribute.
[2026-06-01 04:51:25,006] INFO: T:12.060, State:stance, Fz:-67.04, ThetaRef:5.00, ThetaActual:0.61, EncoderTheta:100.02, EncoderVelocity:-2.65, K:500.00, B:20.00
[2026-06-01 04:51:25,009] DEBUG: No valid transitions from state stance
[2026-06-01 04:51:25,009] WARNING: Velocity attribute does not use the linearization map. Please calculate the velocity using the position attribute.
[2026-06-01 04:51:25,014] INFO: T:12.068, State:stance, Fz:-50.17, ThetaRef:5.00, ThetaActual:0.63, EncoderTheta:100.06, EncoderVelocity:5.41, K:500.00, B:20.00
[2026-06-01 04:51:25,017] DEBUG: No valid transitions from state stance
[2026-06-01 04:51:25,017] WARNING: Velocity attribute does not use the linearization map. Please calculate the velocity using the position attribute.
[2026-06-01 04:51:25,023] INFO: T:12.076, State:stance, Fz:-60.62, ThetaRef:5.00, ThetaActual:0.55, EncoderTheta:100.06, EncoderVelocity:0.00, K:500.00, B:20.00
[2026-06-01 04:51:25,025] DEBUG: No valid transitions from state stance
[2026-06-01 04:51:25,025] WARNING: Velocity attribute does not use the linearization map. Please calculate the velocity using the position attribute.
[2026-06-01 04:51:25,031] INFO: T:12.084, State:stance, Fz:-47.46, ThetaRef:5.00, ThetaActual:0.53, EncoderTheta:100.00, EncoderVelocity:-7.98, K:500.00, B:20.00
[2026-06-01 04:51:25,033] DEBUG: No valid transitions from state stance
[2026-06-01 04:51:25,033] WARNING: Velocity attribute does not use the linearization map. Please calculate the velocity using the position attribute.
[2026-06-01 04:51:25,039] INFO: T:12.093, State:stance, Fz:-32.37, ThetaRef:5.00, ThetaActual:0.53, EncoderTheta:100.02, EncoderVelocity:2.68, K:500.00, B:20.00
[2026-06-01 04:51:25,042] DEBUG: No valid transitions from state stance
[2026-06-01 04:51:25,042] WARNING: Velocity attribute does not use the linearization map. Please calculate the velocity using the position attribute.
[2026-06-01 04:51:25,047] INFO: T:12.101, State:stance, Fz:-32.38, ThetaRef:5.00, ThetaActual:0.53, EncoderTheta:100.04, EncoderVelocity:2.69, K:500.00, B:20.00
[2026-06-01 04:51:25,050] WARNING: Velocity attribute does not use the linearization map. Please calculate the velocity using the position attribute.
[2026-06-01 04:51:25,055] INFO: T:12.109, State:swing, Fz:-25.93, ThetaRef:60.00, ThetaActual:0.53, EncoderTheta:99.98, EncoderVelocity:-7.99, K:10.00, B:0.50
[2026-06-01 04:51:25,058] DEBUG: No valid transitions from state swing
[2026-06-01 04:51:25,058] WARNING: Velocity attribute does not use the linearization map. Please calculate the velocity using the position attribute.
[2026-06-01 04:51:25,064] INFO: T:12.117, State:swing, Fz:-15.48, ThetaRef:60.00, ThetaActual:0.53, EncoderTheta:100.04, EncoderVelocity:8.05, K:10.00, B:0.50
[2026-06-01 04:51:25,066] DEBUG: No valid transitions from state swing
[2026-06-01 04:51:25,067] WARNING: Velocity attribute does not use the linearization map. Please calculate the velocity using the position attribute.
[2026-06-01 04:51:25,072] INFO: T:12.126, State:swing, Fz:-11.56, ThetaRef:60.00, ThetaActual:0.53, EncoderTheta:100.06, EncoderVelocity:2.61, K:10.00, B:0.50
[2026-06-01 04:51:25,075] DEBUG: No valid transitions from state swing
[2026-06-01 04:51:25,075] WARNING: Velocity attribute does not use the linearization map. Please calculate the velocity using the position attribute.
[2026-06-01 04:51:25,081] INFO: T:12.134, State:swing, Fz:-4.06, ThetaRef:60.00, ThetaActual:0.57, EncoderTheta:100.06, EncoderVelocity:0.00, K:10.00, B:0.50
[2026-06-01 04:51:25,083] DEBUG: No valid transitions from state swing
[2026-06-01 04:51:25,083] WARNING: Velocity attribute does not use the linearization map. Please calculate the velocity using the position attribute.
[2026-06-01 04:51:25,089] INFO: T:12.143, State:swing, Fz:-1.28, ThetaRef:60.00, ThetaActual:0.61, EncoderTheta:99.93, EncoderVelocity:-15.81, K:10.00, B:0.50
[2026-06-01 04:51:25,092] DEBUG: No valid transitions from state swing
[2026-06-01 04:51:25,092] WARNING: Velocity attribute does not use the linearization map. Please calculate the velocity using the position attribute.
[2026-06-01 04:51:25,097] INFO: T:12.151, State:swing, Fz:0.78, ThetaRef:60.00, ThetaActual:0.72, EncoderTheta:99.82, EncoderVelocity:-13.03, K:10.00, B:0.50
[2026-06-01 04:51:25,100] DEBUG: No valid transitions from state swing
[2026-06-01 04:51:25,100] WARNING: Velocity attribute does not use the linearization map. Please calculate the velocity using the position attribute.
[2026-06-01 04:51:25,106] INFO: T:12.159, State:swing, Fz:1.33, ThetaRef:60.00, ThetaActual:0.84, EncoderTheta:99.76, EncoderVelocity:-7.89, K:10.00, B:0.50
[2026-06-01 04:51:25,108] DEBUG: No valid transitions from state swing
[2026-06-01 04:51:25,109] WARNING: Velocity attribute does not use the linearization map. Please calculate the velocity using the position attribute.
[2026-06-01 04:51:25,114] INFO: T:12.168, State:swing, Fz:3.75, ThetaRef:60.00, ThetaActual:0.92, EncoderTheta:99.60, EncoderVelocity:-18.49, K:10.00, B:0.50
[2026-06-01 04:51:25,117] DEBUG: No valid transitions from state swing
[2026-06-01 04:51:25,117] WARNING: Velocity attribute does not use the linearization map. Please calculate the velocity using the position attribute.
[2026-06-01 04:51:25,122] INFO: T:12.176, State:swing, Fz:6.55, ThetaRef:60.00, ThetaActual:1.07, EncoderTheta:99.47, EncoderVelocity:-15.90, K:10.00, B:0.50
[2026-06-01 04:51:25,125] DEBUG: No valid transitions from state swing
[2026-06-01 04:51:25,125] WARNING: Velocity attribute does not use the linearization map. Please calculate the velocity using the position attribute.
[2026-06-01 04:51:25,131] INFO: T:12.184, State:swing, Fz:9.20, ThetaRef:60.00, ThetaActual:1.23, EncoderTheta:99.38, EncoderVelocity:-10.62, K:10.00, B:0.50
[2026-06-01 04:51:25,133] DEBUG: No valid transitions from state swing
[2026-06-01 04:51:25,133] WARNING: Velocity attribute does not use the linearization map. Please calculate the velocity using the position attribute.
[2026-06-01 04:51:25,139] INFO: T:12.192, State:swing, Fz:8.77, ThetaRef:60.00, ThetaActual:1.32, EncoderTheta:99.21, EncoderVelocity:-21.20, K:10.00, B:0.50
[2026-06-01 04:51:25,142] DEBUG: No valid transitions from state swing
[2026-06-01 04:51:25,142] WARNING: Velocity attribute does not use the linearization map. Please calculate the velocity using the position attribute.
[2026-06-01 04:51:25,147] INFO: T:12.201, State:swing, Fz:8.86, ThetaRef:60.00, ThetaActual:1.49, EncoderTheta:99.10, EncoderVelocity:-13.28, K:10.00, B:0.50
[2026-06-01 04:51:25,150] DEBUG: No valid transitions from state swing
[2026-06-01 04:51:25,150] WARNING: Velocity attribute does not use the linearization map. Please calculate the velocity using the position attribute.
[2026-06-01 04:51:25,156] INFO: T:12.209, State:swing, Fz:9.91, ThetaRef:60.00, ThetaActual:1.65, EncoderTheta:98.99, EncoderVelocity:-13.22, K:10.00, B:0.50
[2026-06-01 04:51:25,158] DEBUG: No valid transitions from state swing
[2026-06-01 04:51:25,158] WARNING: Velocity attribute does not use the linearization map. Please calculate the velocity using the position attribute.
[2026-06-01 04:51:25,164] INFO: T:12.217, State:swing, Fz:11.23, ThetaRef:60.00, ThetaActual:1.73, EncoderTheta:98.83, EncoderVelocity:-18.50, K:10.00, B:0.50
[2026-06-01 04:51:25,166] DEBUG: No valid transitions from state swing
[2026-06-01 04:51:25,167] WARNING: Velocity attribute does not use the linearization map. Please calculate the velocity using the position attribute.
[2026-06-01 04:51:25,172] INFO: T:12.226, State:swing, Fz:11.26, ThetaRef:60.00, ThetaActual:1.89, EncoderTheta:98.70, EncoderVelocity:-15.88, K:10.00, B:0.50
[2026-06-01 04:51:25,175] DEBUG: No valid transitions from state swing
[2026-06-01 04:51:25,175] WARNING: Velocity attribute does not use the linearization map. Please calculate the velocity using the position attribute.
[2026-06-01 04:51:25,180] INFO: T:12.234, State:swing, Fz:10.33, ThetaRef:60.00, ThetaActual:1.97, EncoderTheta:98.53, EncoderVelocity:-21.22, K:10.00, B:0.50
[2026-06-01 04:51:25,183] DEBUG: No valid transitions from state swing
[2026-06-01 04:51:25,183] WARNING: Velocity attribute does not use the linearization map. Please calculate the velocity using the position attribute.
[2026-06-01 04:51:25,189] INFO: T:12.242, State:swing, Fz:11.13, ThetaRef:60.00, ThetaActual:2.13, EncoderTheta:98.42, EncoderVelocity:-13.04, K:10.00, B:0.50
[2026-06-01 04:51:25,192] DEBUG: No valid transitions from state swing
[2026-06-01 04:51:25,192] WARNING: Velocity attribute does not use the linearization map. Please calculate the velocity using the position attribute.
[2026-06-01 04:51:25,197] INFO: T:12.251, State:swing, Fz:11.67, ThetaRef:60.00, ThetaActual:2.30, EncoderTheta:98.33, EncoderVelocity:-10.29, K:10.00, B:0.50
[2026-06-01 04:51:25,200] DEBUG: No valid transitions from state swing
[2026-06-01 04:51:25,200] WARNING: Velocity attribute does not use the linearization map. Please calculate the velocity using the position attribute.
[2026-06-01 04:51:25,205] INFO: T:12.259, State:swing, Fz:12.58, ThetaRef:60.00, ThetaActual:2.46, EncoderTheta:98.11, EncoderVelocity:-26.87, K:10.00, B:0.50
[2026-06-01 04:51:25,208] DEBUG: No valid transitions from state swing
[2026-06-01 04:51:25,208] WARNING: Velocity attribute does not use the linearization map. Please calculate the velocity using the position attribute.
[2026-06-01 04:51:25,214] INFO: T:12.267, State:swing, Fz:13.29, ThetaRef:60.00, ThetaActual:2.54, EncoderTheta:98.04, EncoderVelocity:-8.15, K:10.00, B:0.50
[2026-06-01 04:51:25,216] DEBUG: No valid transitions from state swing
[2026-06-01 04:51:25,216] WARNING: Velocity attribute does not use the linearization map. Please calculate the velocity using the position attribute.
[2026-06-01 04:51:25,222] INFO: T:12.275, State:swing, Fz:10.91, ThetaRef:60.00, ThetaActual:2.71, EncoderTheta:97.84, EncoderVelocity:-24.40, K:10.00, B:0.50
[2026-06-01 04:51:25,224] DEBUG: No valid transitions from state swing
[2026-06-01 04:51:25,224] WARNING: Velocity attribute does not use the linearization map. Please calculate the velocity using the position attribute.
[2026-06-01 04:51:25,230] INFO: T:12.283, State:swing, Fz:9.58, ThetaRef:60.00, ThetaActual:2.79, EncoderTheta:97.80, EncoderVelocity:-5.47, K:10.00, B:0.50
[2026-06-01 04:51:25,232] DEBUG: No valid transitions from state swing
[2026-06-01 04:51:25,232] WARNING: Velocity attribute does not use the linearization map. Please calculate the velocity using the position attribute.
[2026-06-01 04:51:25,238] INFO: T:12.291, State:swing, Fz:8.04, ThetaRef:60.00, ThetaActual:2.94, EncoderTheta:97.67, EncoderVelocity:-16.27, K:10.00, B:0.50
[2026-06-01 04:51:25,240] DEBUG: No valid transitions from state swing
[2026-06-01 04:51:25,240] WARNING: Velocity attribute does not use the linearization map. Please calculate the velocity using the position attribute.
[2026-06-01 04:51:25,246] INFO: T:12.300, State:swing, Fz:9.39, ThetaRef:60.00, ThetaActual:3.08, EncoderTheta:97.56, EncoderVelocity:-13.66, K:10.00, B:0.50
[2026-06-01 04:51:25,248] DEBUG: No valid transitions from state swing
[2026-06-01 04:51:25,248] WARNING: Velocity attribute does not use the linearization map. Please calculate the velocity using the position attribute.
[2026-06-01 04:51:25,254] INFO: T:12.308, State:swing, Fz:8.90, ThetaRef:60.00, ThetaActual:3.14, EncoderTheta:97.47, EncoderVelocity:-10.96, K:10.00, B:0.50
[2026-06-01 04:51:25,256] DEBUG: No valid transitions from state swing
[2026-06-01 04:51:25,257] WARNING: Velocity attribute does not use the linearization map. Please calculate the velocity using the position attribute.
[2026-06-01 04:51:25,262] INFO: T:12.316, State:swing, Fz:7.54, ThetaRef:60.00, ThetaActual:3.27, EncoderTheta:97.38, EncoderVelocity:-10.81, K:10.00, B:0.50
[2026-06-01 04:51:25,265] DEBUG: No valid transitions from state swing
[2026-06-01 04:51:25,265] WARNING: Velocity attribute does not use the linearization map. Please calculate the velocity using the position attribute.
[2026-06-01 04:51:25,270] INFO: T:12.324, State:swing, Fz:9.98, ThetaRef:60.00, ThetaActual:3.32, EncoderTheta:97.23, EncoderVelocity:-18.99, K:10.00, B:0.50
[2026-06-01 04:51:25,273] DEBUG: No valid transitions from state swing
[2026-06-01 04:51:25,273] WARNING: Velocity attribute does not use the linearization map. Please calculate the velocity using the position attribute.
[2026-06-01 04:51:25,278] INFO: T:12.332, State:swing, Fz:9.85, ThetaRef:60.00, ThetaActual:3.44, EncoderTheta:97.23, EncoderVelocity:0.00, K:10.00, B:0.50
[2026-06-01 04:51:25,281] DEBUG: No valid transitions from state swing
[2026-06-01 04:51:25,281] WARNING: Velocity attribute does not use the linearization map. Please calculate the velocity using the position attribute.
[2026-06-01 04:51:25,286] INFO: T:12.340, State:swing, Fz:10.25, ThetaRef:60.00, ThetaActual:3.54, EncoderTheta:97.12, EncoderVelocity:-13.75, K:10.00, B:0.50
[2026-06-01 04:51:25,288] DEBUG: No valid transitions from state swing
[2026-06-01 04:51:25,289] WARNING: Velocity attribute does not use the linearization map. Please calculate the velocity using the position attribute.
[2026-06-01 04:51:25,294] INFO: T:12.348, State:swing, Fz:11.52, ThetaRef:60.00, ThetaActual:3.59, EncoderTheta:96.97, EncoderVelocity:-19.29, K:10.00, B:0.50
[2026-06-01 04:51:25,297] DEBUG: No valid transitions from state swing
[2026-06-01 04:51:25,297] WARNING: Velocity attribute does not use the linearization map. Please calculate the velocity using the position attribute.
[2026-06-01 04:51:25,302] INFO: T:12.356, State:swing, Fz:11.00, ThetaRef:60.00, ThetaActual:3.67, EncoderTheta:97.01, EncoderVelocity:5.47, K:10.00, B:0.50
[2026-06-01 04:51:25,305] DEBUG: No valid transitions from state swing
[2026-06-01 04:51:25,305] WARNING: Velocity attribute does not use the linearization map. Please calculate the velocity using the position attribute.
[2026-06-01 04:51:25,310] INFO: T:12.364, State:swing, Fz:12.10, ThetaRef:60.00, ThetaActual:3.72, EncoderTheta:96.90, EncoderVelocity:-13.62, K:10.00, B:0.50
[2026-06-01 04:51:25,313] DEBUG: No valid transitions from state swing
[2026-06-01 04:51:25,313] WARNING: Velocity attribute does not use the linearization map. Please calculate the velocity using the position attribute.
[2026-06-01 04:51:25,318] INFO: T:12.372, State:swing, Fz:10.44, ThetaRef:60.00, ThetaActual:3.79, EncoderTheta:96.94, EncoderVelocity:5.46, K:10.00, B:0.50
[2026-06-01 04:51:25,321] DEBUG: No valid transitions from state swing
[2026-06-01 04:51:25,321] WARNING: Velocity attribute does not use the linearization map. Please calculate the velocity using the position attribute.
[2026-06-01 04:51:25,326] INFO: T:12.380, State:swing, Fz:9.26, ThetaRef:60.00, ThetaActual:3.85, EncoderTheta:96.88, EncoderVelocity:-8.19, K:10.00, B:0.50
[2026-06-01 04:51:25,329] DEBUG: No valid transitions from state swing
[2026-06-01 04:51:25,329] WARNING: Velocity attribute does not use the linearization map. Please calculate the velocity using the position attribute.
[2026-06-01 04:51:25,334] INFO: T:12.388, State:swing, Fz:7.80, ThetaRef:60.00, ThetaActual:3.87, EncoderTheta:96.83, EncoderVelocity:-5.50, K:10.00, B:0.50
[2026-06-01 04:51:25,337] DEBUG: No valid transitions from state swing
[2026-06-01 04:51:25,337] WARNING: Velocity attribute does not use the linearization map. Please calculate the velocity using the position attribute.
[2026-06-01 04:51:25,342] INFO: T:12.396, State:swing, Fz:7.14, ThetaRef:60.00, ThetaActual:3.90, EncoderTheta:96.83, EncoderVelocity:0.00, K:10.00, B:0.50
[2026-06-01 04:51:25,345] DEBUG: No valid transitions from state swing
[2026-06-01 04:51:25,345] WARNING: Velocity attribute does not use the linearization map. Please calculate the velocity using the position attribute.
[2026-06-01 04:51:25,350] INFO: T:12.404, State:swing, Fz:7.70, ThetaRef:60.00, ThetaActual:3.92, EncoderTheta:96.81, EncoderVelocity:-2.73, K:10.00, B:0.50
[2026-06-01 04:51:25,353] DEBUG: No valid transitions from state swing
[2026-06-01 04:51:25,353] WARNING: Velocity attribute does not use the linearization map. Please calculate the velocity using the position attribute.
[2026-06-01 04:51:25,358] INFO: T:12.412, State:swing, Fz:6.08, ThetaRef:60.00, ThetaActual:3.92, EncoderTheta:96.83, EncoderVelocity:2.72, K:10.00, B:0.50
[2026-06-01 04:51:25,361] DEBUG: No valid transitions from state swing
[2026-06-01 04:51:25,361] WARNING: Velocity attribute does not use the linearization map. Please calculate the velocity using the position attribute.
[2026-06-01 04:51:25,366] INFO: T:12.420, State:swing, Fz:4.84, ThetaRef:60.00, ThetaActual:3.92, EncoderTheta:96.90, EncoderVelocity:8.24, K:10.00, B:0.50
[2026-06-01 04:51:25,369] DEBUG: No valid transitions from state swing
[2026-06-01 04:51:25,369] WARNING: Velocity attribute does not use the linearization map. Please calculate the velocity using the position attribute.
[2026-06-01 04:51:25,375] INFO: T:12.428, State:swing, Fz:5.40, ThetaRef:60.00, ThetaActual:3.92, EncoderTheta:96.83, EncoderVelocity:-8.30, K:10.00, B:0.50
[2026-06-01 04:51:25,378] DEBUG: No valid transitions from state swing
[2026-06-01 04:51:25,378] WARNING: Velocity attribute does not use the linearization map. Please calculate the velocity using the position attribute.
[2026-06-01 04:51:25,384] INFO: T:12.437, State:swing, Fz:3.36, ThetaRef:60.00, ThetaActual:3.92, EncoderTheta:96.83, EncoderVelocity:0.00, K:10.00, B:0.50
[2026-06-01 04:51:25,387] DEBUG: No valid transitions from state swing
[2026-06-01 04:51:25,387] WARNING: Velocity attribute does not use the linearization map. Please calculate the velocity using the position attribute.
[2026-06-01 04:51:25,393] INFO: T:12.446, State:swing, Fz:1.79, ThetaRef:60.00, ThetaActual:3.92, EncoderTheta:96.86, EncoderVelocity:2.31, K:10.00, B:0.50
[2026-06-01 04:51:25,396] DEBUG: No valid transitions from state swing
[2026-06-01 04:51:25,396] WARNING: Velocity attribute does not use the linearization map. Please calculate the velocity using the position attribute.
[2026-06-01 04:51:25,402] INFO: T:12.455, State:swing, Fz:1.62, ThetaRef:60.00, ThetaActual:3.92, EncoderTheta:96.90, EncoderVelocity:4.94, K:10.00, B:0.50
[2026-06-01 04:51:25,404] DEBUG: No valid transitions from state swing
[2026-06-01 04:51:25,404] WARNING: Velocity attribute does not use the linearization map. Please calculate the velocity using the position attribute.
[2026-06-01 04:51:25,410] INFO: T:12.463, State:swing, Fz:0.93, ThetaRef:60.00, ThetaActual:3.92, EncoderTheta:96.81, EncoderVelocity:-10.75, K:10.00, B:0.50
[2026-06-01 04:51:25,412] DEBUG: No valid transitions from state swing
[2026-06-01 04:51:25,412] WARNING: Velocity attribute does not use the linearization map. Please calculate the velocity using the position attribute.
[2026-06-01 04:51:25,418] INFO: T:12.472, State:swing, Fz:0.95, ThetaRef:60.00, ThetaActual:3.92, EncoderTheta:96.88, EncoderVelocity:8.09, K:10.00, B:0.50
[2026-06-01 04:51:25,421] DEBUG: No valid transitions from state swing
[2026-06-01 04:51:25,421] WARNING: Velocity attribute does not use the linearization map. Please calculate the velocity using the position attribute.
[2026-06-01 04:51:25,426] INFO: T:12.480, State:swing, Fz:-0.01, ThetaRef:60.00, ThetaActual:3.92, EncoderTheta:96.92, EncoderVelocity:5.39, K:10.00, B:0.50
[2026-06-01 04:51:25,429] DEBUG: No valid transitions from state swing
[2026-06-01 04:51:25,429] WARNING: Velocity attribute does not use the linearization map. Please calculate the velocity using the position attribute.
[2026-06-01 04:51:25,434] INFO: T:12.488, State:swing, Fz:-3.29, ThetaRef:60.00, ThetaActual:3.92, EncoderTheta:96.94, EncoderVelocity:2.69, K:10.00, B:0.50
[2026-06-01 04:51:25,437] DEBUG: No valid transitions from state swing
[2026-06-01 04:51:25,437] WARNING: Velocity attribute does not use the linearization map. Please calculate the velocity using the position attribute.
[2026-06-01 04:51:25,442] INFO: T:12.496, State:swing, Fz:-2.28, ThetaRef:60.00, ThetaActual:3.92, EncoderTheta:96.94, EncoderVelocity:0.00, K:10.00, B:0.50
[2026-06-01 04:51:25,445] DEBUG: No valid transitions from state swing
[2026-06-01 04:51:25,445] WARNING: Velocity attribute does not use the linearization map. Please calculate the velocity using the position attribute.
[2026-06-01 04:51:25,450] INFO: T:12.504, State:swing, Fz:-4.48, ThetaRef:60.00, ThetaActual:3.92, EncoderTheta:97.01, EncoderVelocity:8.25, K:10.00, B:0.50
[2026-06-01 04:51:25,453] DEBUG: No valid transitions from state swing
[2026-06-01 04:51:25,453] WARNING: Velocity attribute does not use the linearization map. Please calculate the velocity using the position attribute.
[2026-06-01 04:51:25,458] INFO: T:12.512, State:swing, Fz:-2.72, ThetaRef:60.00, ThetaActual:3.92, EncoderTheta:96.99, EncoderVelocity:-2.72, K:10.00, B:0.50
[2026-06-01 04:51:25,461] DEBUG: No valid transitions from state swing
[2026-06-01 04:51:25,461] WARNING: Velocity attribute does not use the linearization map. Please calculate the velocity using the position attribute.
[2026-06-01 04:51:25,466] INFO: T:12.520, State:swing, Fz:-0.87, ThetaRef:60.00, ThetaActual:3.91, EncoderTheta:97.01, EncoderVelocity:2.74, K:10.00, B:0.50
[2026-06-01 04:51:25,469] DEBUG: No valid transitions from state swing
[2026-06-01 04:51:25,469] WARNING: Velocity attribute does not use the linearization map. Please calculate the velocity using the position attribute.
[2026-06-01 04:51:25,474] INFO: T:12.528, State:swing, Fz:-3.88, ThetaRef:60.00, ThetaActual:3.91, EncoderTheta:97.08, EncoderVelocity:8.29, K:10.00, B:0.50
[2026-06-01 04:51:25,477] DEBUG: No valid transitions from state swing
[2026-06-01 04:51:25,477] WARNING: Velocity attribute does not use the linearization map. Please calculate the velocity using the position attribute.
[2026-06-01 04:51:25,482] INFO: T:12.536, State:swing, Fz:-4.19, ThetaRef:60.00, ThetaActual:3.91, EncoderTheta:97.05, EncoderVelocity:-2.73, K:10.00, B:0.50
[2026-06-01 04:51:25,485] DEBUG: No valid transitions from state swing
[2026-06-01 04:51:25,485] WARNING: Velocity attribute does not use the linearization map. Please calculate the velocity using the position attribute.
[2026-06-01 04:51:25,490] INFO: T:12.544, State:swing, Fz:-5.46, ThetaRef:60.00, ThetaActual:3.91, EncoderTheta:97.14, EncoderVelocity:11.04, K:10.00, B:0.50
[2026-06-01 04:51:25,493] DEBUG: No valid transitions from state swing
[2026-06-01 04:51:25,493] WARNING: Velocity attribute does not use the linearization map. Please calculate the velocity using the position attribute.
[2026-06-01 04:51:25,498] INFO: T:12.552, State:swing, Fz:-7.87, ThetaRef:60.00, ThetaActual:3.91, EncoderTheta:97.14, EncoderVelocity:0.00, K:10.00, B:0.50
[2026-06-01 04:51:25,501] DEBUG: No valid transitions from state swing
[2026-06-01 04:51:25,501] WARNING: Velocity attribute does not use the linearization map. Please calculate the velocity using the position attribute.
[2026-06-01 04:51:25,506] INFO: T:12.560, State:swing, Fz:-8.75, ThetaRef:60.00, ThetaActual:3.91, EncoderTheta:97.19, EncoderVelocity:5.50, K:10.00, B:0.50
[2026-06-01 04:51:25,509] DEBUG: No valid transitions from state swing
[2026-06-01 04:51:25,509] WARNING: Velocity attribute does not use the linearization map. Please calculate the velocity using the position attribute.
[2026-06-01 04:51:25,514] INFO: T:12.568, State:swing, Fz:-10.43, ThetaRef:60.00, ThetaActual:3.91, EncoderTheta:97.19, EncoderVelocity:0.00, K:10.00, B:0.50
[2026-06-01 04:51:25,517] DEBUG: No valid transitions from state swing
[2026-06-01 04:51:25,517] WARNING: Velocity attribute does not use the linearization map. Please calculate the velocity using the position attribute.
[2026-06-01 04:51:25,523] INFO: T:12.576, State:swing, Fz:-11.15, ThetaRef:60.00, ThetaActual:3.91, EncoderTheta:97.27, EncoderVelocity:10.72, K:10.00, B:0.50
[2026-06-01 04:51:25,525] DEBUG: No valid transitions from state swing
[2026-06-01 04:51:25,525] WARNING: Velocity attribute does not use the linearization map. Please calculate the velocity using the position attribute.
[2026-06-01 04:51:25,531] INFO: T:12.585, State:swing, Fz:-12.26, ThetaRef:60.00, ThetaActual:3.91, EncoderTheta:97.25, EncoderVelocity:-2.68, K:10.00, B:0.50
[2026-06-01 04:51:25,534] DEBUG: No valid transitions from state swing
[2026-06-01 04:51:25,534] WARNING: Velocity attribute does not use the linearization map. Please calculate the velocity using the position attribute.
[2026-06-01 04:51:25,539] INFO: T:12.593, State:swing, Fz:-12.62, ThetaRef:60.00, ThetaActual:3.91, EncoderTheta:97.21, EncoderVelocity:-5.32, K:10.00, B:0.50
[2026-06-01 04:51:25,542] DEBUG: No valid transitions from state swing
[2026-06-01 04:51:25,542] WARNING: Velocity attribute does not use the linearization map. Please calculate the velocity using the position attribute.
[2026-06-01 04:51:25,547] INFO: T:12.601, State:swing, Fz:-12.89, ThetaRef:60.00, ThetaActual:3.91, EncoderTheta:97.34, EncoderVelocity:16.19, K:10.00, B:0.50
[2026-06-01 04:51:25,550] DEBUG: No valid transitions from state swing
[2026-06-01 04:51:25,550] WARNING: Velocity attribute does not use the linearization map. Please calculate the velocity using the position attribute.
[2026-06-01 04:51:25,556] INFO: T:12.609, State:swing, Fz:-11.08, ThetaRef:60.00, ThetaActual:3.91, EncoderTheta:97.29, EncoderVelocity:-5.30, K:10.00, B:0.50
[2026-06-01 04:51:25,558] DEBUG: No valid transitions from state swing
[2026-06-01 04:51:25,558] WARNING: Velocity attribute does not use the linearization map. Please calculate the velocity using the position attribute.
[2026-06-01 04:51:25,564] INFO: T:12.617, State:swing, Fz:-13.67, ThetaRef:60.00, ThetaActual:3.91, EncoderTheta:97.36, EncoderVelocity:7.94, K:10.00, B:0.50
[2026-06-01 04:51:25,567] DEBUG: No valid transitions from state swing
[2026-06-01 04:51:25,567] WARNING: Velocity attribute does not use the linearization map. Please calculate the velocity using the position attribute.
[2026-06-01 04:51:25,572] INFO: T:12.626, State:swing, Fz:-14.69, ThetaRef:60.00, ThetaActual:3.91, EncoderTheta:97.38, EncoderVelocity:2.65, K:10.00, B:0.50
[2026-06-01 04:51:25,575] DEBUG: No valid transitions from state swing
[2026-06-01 04:51:25,575] WARNING: Velocity attribute does not use the linearization map. Please calculate the velocity using the position attribute.
[2026-06-01 04:51:25,580] INFO: T:12.634, State:swing, Fz:-16.96, ThetaRef:60.00, ThetaActual:3.91, EncoderTheta:97.43, EncoderVelocity:5.39, K:10.00, B:0.50
[2026-06-01 04:51:25,583] DEBUG: No valid transitions from state swing
[2026-06-01 04:51:25,583] WARNING: Velocity attribute does not use the linearization map. Please calculate the velocity using the position attribute.
[2026-06-01 04:51:25,589] INFO: T:12.642, State:swing, Fz:-17.21, ThetaRef:60.00, ThetaActual:3.91, EncoderTheta:97.45, EncoderVelocity:2.60, K:10.00, B:0.50
[2026-06-01 04:51:25,591] DEBUG: No valid transitions from state swing
[2026-06-01 04:51:25,591] WARNING: Velocity attribute does not use the linearization map. Please calculate the velocity using the position attribute.
[2026-06-01 04:51:25,597] INFO: T:12.651, State:swing, Fz:-15.40, ThetaRef:60.00, ThetaActual:3.91, EncoderTheta:97.40, EncoderVelocity:-5.32, K:10.00, B:0.50
[2026-06-01 04:51:25,600] DEBUG: No valid transitions from state swing
[2026-06-01 04:51:25,600] WARNING: Velocity attribute does not use the linearization map. Please calculate the velocity using the position attribute.
[2026-06-01 04:51:25,605] INFO: T:12.659, State:swing, Fz:-15.99, ThetaRef:60.00, ThetaActual:3.90, EncoderTheta:97.40, EncoderVelocity:0.00, K:10.00, B:0.50
[2026-06-01 04:51:25,608] DEBUG: No valid transitions from state swing
[2026-06-01 04:51:25,608] WARNING: Velocity attribute does not use the linearization map. Please calculate the velocity using the position attribute.
[2026-06-01 04:51:25,613] INFO: T:12.667, State:swing, Fz:-15.44, ThetaRef:60.00, ThetaActual:3.91, EncoderTheta:97.38, EncoderVelocity:-2.69, K:10.00, B:0.50
[2026-06-01 04:51:25,616] DEBUG: No valid transitions from state swing
[2026-06-01 04:51:25,616] WARNING: Velocity attribute does not use the linearization map. Please calculate the velocity using the position attribute.
[2026-06-01 04:51:25,622] INFO: T:12.675, State:swing, Fz:-15.51, ThetaRef:60.00, ThetaActual:3.91, EncoderTheta:97.34, EncoderVelocity:-5.36, K:10.00, B:0.50
[2026-06-01 04:51:25,624] DEBUG: No valid transitions from state swing
[2026-06-01 04:51:25,624] WARNING: Velocity attribute does not use the linearization map. Please calculate the velocity using the position attribute.
[2026-06-01 04:51:25,630] INFO: T:12.684, State:swing, Fz:-13.62, ThetaRef:60.00, ThetaActual:3.91, EncoderTheta:97.32, EncoderVelocity:-2.68, K:10.00, B:0.50
[2026-06-01 04:51:25,633] DEBUG: No valid transitions from state swing
[2026-06-01 04:51:25,633] WARNING: Velocity attribute does not use the linearization map. Please calculate the velocity using the position attribute.
[2026-06-01 04:51:25,638] INFO: T:12.692, State:swing, Fz:-13.08, ThetaRef:60.00, ThetaActual:3.91, EncoderTheta:97.29, EncoderVelocity:-2.65, K:10.00, B:0.50
[2026-06-01 04:51:25,641] DEBUG: No valid transitions from state swing
[2026-06-01 04:51:25,641] WARNING: Velocity attribute does not use the linearization map. Please calculate the velocity using the position attribute.
[2026-06-01 04:51:25,646] INFO: T:12.700, State:swing, Fz:-12.69, ThetaRef:60.00, ThetaActual:3.91, EncoderTheta:97.25, EncoderVelocity:-5.30, K:10.00, B:0.50
[2026-06-01 04:51:25,649] DEBUG: No valid transitions from state swing
[2026-06-01 04:51:25,649] WARNING: Velocity attribute does not use the linearization map. Please calculate the velocity using the position attribute.
[2026-06-01 04:51:25,655] INFO: T:12.708, State:swing, Fz:-10.96, ThetaRef:60.00, ThetaActual:3.91, EncoderTheta:97.21, EncoderVelocity:-5.36, K:10.00, B:0.50
[2026-06-01 04:51:25,657] DEBUG: No valid transitions from state swing
[2026-06-01 04:51:25,657] WARNING: Velocity attribute does not use the linearization map. Please calculate the velocity using the position attribute.
[2026-06-01 04:51:25,663] INFO: T:12.717, State:swing, Fz:-10.09, ThetaRef:60.00, ThetaActual:3.90, EncoderTheta:97.14, EncoderVelocity:-7.93, K:10.00, B:0.50
[2026-06-01 04:51:25,666] DEBUG: No valid transitions from state swing
[2026-06-01 04:51:25,666] WARNING: Velocity attribute does not use the linearization map. Please calculate the velocity using the position attribute.
[2026-06-01 04:51:25,671] INFO: T:12.725, State:swing, Fz:-7.46, ThetaRef:60.00, ThetaActual:3.91, EncoderTheta:97.12, EncoderVelocity:-2.67, K:10.00, B:0.50
[2026-06-01 04:51:25,674] DEBUG: No valid transitions from state swing
[2026-06-01 04:51:25,674] WARNING: Velocity attribute does not use the linearization map. Please calculate the velocity using the position attribute.
[2026-06-01 04:51:25,679] INFO: T:12.733, State:swing, Fz:-5.93, ThetaRef:60.00, ThetaActual:3.91, EncoderTheta:97.08, EncoderVelocity:-5.35, K:10.00, B:0.50
[2026-06-01 04:51:25,682] DEBUG: No valid transitions from state swing
[2026-06-01 04:51:25,682] WARNING: Velocity attribute does not use the linearization map. Please calculate the velocity using the position attribute.
[2026-06-01 04:51:25,688] INFO: T:12.741, State:swing, Fz:-4.76, ThetaRef:60.00, ThetaActual:3.91, EncoderTheta:97.10, EncoderVelocity:2.65, K:10.00, B:0.50
[2026-06-01 04:51:25,690] DEBUG: No valid transitions from state swing
[2026-06-01 04:51:25,690] WARNING: Velocity attribute does not use the linearization map. Please calculate the velocity using the position attribute.
[2026-06-01 04:51:25,696] INFO: T:12.750, State:swing, Fz:-2.44, ThetaRef:60.00, ThetaActual:3.91, EncoderTheta:97.16, EncoderVelocity:8.01, K:10.00, B:0.50
[2026-06-01 04:51:25,699] DEBUG: No valid transitions from state swing
[2026-06-01 04:51:25,699] WARNING: Velocity attribute does not use the linearization map. Please calculate the velocity using the position attribute.
[2026-06-01 04:51:25,704] INFO: T:12.758, State:swing, Fz:-1.64, ThetaRef:60.00, ThetaActual:3.91, EncoderTheta:97.12, EncoderVelocity:-5.38, K:10.00, B:0.50
[2026-06-01 04:51:25,707] DEBUG: No valid transitions from state swing
[2026-06-01 04:51:25,707] WARNING: Velocity attribute does not use the linearization map. Please calculate the velocity using the position attribute.
[2026-06-01 04:51:25,712] INFO: T:12.766, State:swing, Fz:-1.99, ThetaRef:60.00, ThetaActual:3.91, EncoderTheta:97.08, EncoderVelocity:-5.43, K:10.00, B:0.50
[2026-06-01 04:51:25,715] DEBUG: No valid transitions from state swing
[2026-06-01 04:51:25,715] WARNING: Velocity attribute does not use the linearization map. Please calculate the velocity using the position attribute.
[2026-06-01 04:51:25,721] INFO: T:12.774, State:swing, Fz:-3.75, ThetaRef:60.00, ThetaActual:3.91, EncoderTheta:97.16, EncoderVelocity:10.61, K:10.00, B:0.50
[2026-06-01 04:51:25,723] DEBUG: No valid transitions from state swing
[2026-06-01 04:51:25,723] WARNING: Velocity attribute does not use the linearization map. Please calculate the velocity using the position attribute.
[2026-06-01 04:51:25,729] INFO: T:12.782, State:swing, Fz:-1.66, ThetaRef:60.00, ThetaActual:3.91, EncoderTheta:97.12, EncoderVelocity:-5.33, K:10.00, B:0.50
[2026-06-01 04:51:25,731] DEBUG: No valid transitions from state swing
[2026-06-01 04:51:25,732] WARNING: Velocity attribute does not use the linearization map. Please calculate the velocity using the position attribute.
[2026-06-01 04:51:25,737] INFO: T:12.791, State:swing, Fz:-1.03, ThetaRef:60.00, ThetaActual:3.91, EncoderTheta:97.10, EncoderVelocity:-2.64, K:10.00, B:0.50
[2026-06-01 04:51:25,740] DEBUG: No valid transitions from state swing
[2026-06-01 04:51:25,740] WARNING: Velocity attribute does not use the linearization map. Please calculate the velocity using the position attribute.
[2026-06-01 04:51:25,745] INFO: T:12.799, State:swing, Fz:0.43, ThetaRef:60.00, ThetaActual:3.91, EncoderTheta:97.14, EncoderVelocity:5.33, K:10.00, B:0.50
[2026-06-01 04:51:25,748] DEBUG: No valid transitions from state swing
[2026-06-01 04:51:25,748] WARNING: Velocity attribute does not use the linearization map. Please calculate the velocity using the position attribute.
[2026-06-01 04:51:25,754] INFO: T:12.807, State:swing, Fz:-1.40, ThetaRef:60.00, ThetaActual:3.91, EncoderTheta:97.16, EncoderVelocity:2.65, K:10.00, B:0.50
[2026-06-01 04:51:25,756] DEBUG: No valid transitions from state swing
[2026-06-01 04:51:25,756] WARNING: Velocity attribute does not use the linearization map. Please calculate the velocity using the position attribute.
[2026-06-01 04:51:25,762] INFO: T:12.816, State:swing, Fz:-1.32, ThetaRef:60.00, ThetaActual:3.91, EncoderTheta:97.10, EncoderVelocity:-8.00, K:10.00, B:0.50
[2026-06-01 04:51:25,765] DEBUG: No valid transitions from state swing
[2026-06-01 04:51:25,765] WARNING: Velocity attribute does not use the linearization map. Please calculate the velocity using the position attribute.
[2026-06-01 04:51:25,770] INFO: T:12.824, State:swing, Fz:-1.26, ThetaRef:60.00, ThetaActual:3.91, EncoderTheta:97.19, EncoderVelocity:10.58, K:10.00, B:0.50
[2026-06-01 04:51:25,773] DEBUG: No valid transitions from state swing
[2026-06-01 04:51:25,773] WARNING: Velocity attribute does not use the linearization map. Please calculate the velocity using the position attribute.
[2026-06-01 04:51:25,778] INFO: T:12.832, State:swing, Fz:-1.23, ThetaRef:60.00, ThetaActual:3.91, EncoderTheta:97.16, EncoderVelocity:-2.67, K:10.00, B:0.50
[2026-06-01 04:51:25,781] DEBUG: No valid transitions from state swing
[2026-06-01 04:51:25,781] WARNING: Velocity attribute does not use the linearization map. Please calculate the velocity using the position attribute.
[2026-06-01 04:51:25,787] INFO: T:12.840, State:swing, Fz:-0.22, ThetaRef:60.00, ThetaActual:3.91, EncoderTheta:97.16, EncoderVelocity:0.00, K:10.00, B:0.50
[2026-06-01 04:51:25,789] DEBUG: No valid transitions from state swing
[2026-06-01 04:51:25,789] WARNING: Velocity attribute does not use the linearization map. Please calculate the velocity using the position attribute.
[2026-06-01 04:51:25,795] INFO: T:12.849, State:swing, Fz:-1.43, ThetaRef:60.00, ThetaActual:3.91, EncoderTheta:97.21, EncoderVelocity:5.36, K:10.00, B:0.50
[2026-06-01 04:51:25,798] DEBUG: No valid transitions from state swing
[2026-06-01 04:51:25,798] WARNING: Velocity attribute does not use the linearization map. Please calculate the velocity using the position attribute.
[2026-06-01 04:51:25,803] INFO: T:12.857, State:swing, Fz:-3.34, ThetaRef:60.00, ThetaActual:3.91, EncoderTheta:97.19, EncoderVelocity:-2.66, K:10.00, B:0.50
[2026-06-01 04:51:25,806] DEBUG: No valid transitions from state swing
[2026-06-01 04:51:25,806] WARNING: Velocity attribute does not use the linearization map. Please calculate the velocity using the position attribute.
[2026-06-01 04:51:25,811] INFO: T:12.865, State:swing, Fz:-6.28, ThetaRef:60.00, ThetaActual:3.91, EncoderTheta:97.19, EncoderVelocity:0.00, K:10.00, B:0.50
[2026-06-01 04:51:25,814] DEBUG: No valid transitions from state swing
[2026-06-01 04:51:25,814] WARNING: Velocity attribute does not use the linearization map. Please calculate the velocity using the position attribute.
[2026-06-01 04:51:25,820] INFO: T:12.873, State:swing, Fz:-4.59, ThetaRef:60.00, ThetaActual:3.91, EncoderTheta:97.19, EncoderVelocity:0.00, K:10.00, B:0.50
[2026-06-01 04:51:25,822] DEBUG: No valid transitions from state swing
[2026-06-01 04:51:25,822] WARNING: Velocity attribute does not use the linearization map. Please calculate the velocity using the position attribute.
[2026-06-01 04:51:25,828] INFO: T:12.881, State:swing, Fz:-5.26, ThetaRef:60.00, ThetaActual:3.91, EncoderTheta:97.19, EncoderVelocity:0.00, K:10.00, B:0.50
[2026-06-01 04:51:25,830] DEBUG: No valid transitions from state swing
[2026-06-01 04:51:25,830] WARNING: Velocity attribute does not use the linearization map. Please calculate the velocity using the position attribute.
[2026-06-01 04:51:25,836] INFO: T:12.890, State:swing, Fz:-4.77, ThetaRef:60.00, ThetaActual:3.91, EncoderTheta:97.16, EncoderVelocity:-2.69, K:10.00, B:0.50
[2026-06-01 04:51:25,839] DEBUG: No valid transitions from state swing
[2026-06-01 04:51:25,839] WARNING: Velocity attribute does not use the linearization map. Please calculate the velocity using the position attribute.
[2026-06-01 04:51:25,844] INFO: T:12.898, State:swing, Fz:-4.43, ThetaRef:60.00, ThetaActual:3.91, EncoderTheta:97.14, EncoderVelocity:-2.68, K:10.00, B:0.50
[2026-06-01 04:51:25,847] DEBUG: No valid transitions from state swing
[2026-06-01 04:51:25,847] WARNING: Velocity attribute does not use the linearization map. Please calculate the velocity using the position attribute.
[2026-06-01 04:51:25,852] INFO: T:12.906, State:swing, Fz:-3.20, ThetaRef:60.00, ThetaActual:3.91, EncoderTheta:97.14, EncoderVelocity:0.00, K:10.00, B:0.50
[2026-06-01 04:51:25,855] DEBUG: No valid transitions from state swing
[2026-06-01 04:51:25,855] WARNING: Velocity attribute does not use the linearization map. Please calculate the velocity using the position attribute.
[2026-06-01 04:51:25,861] INFO: T:12.914, State:swing, Fz:-1.68, ThetaRef:60.00, ThetaActual:3.91, EncoderTheta:97.14, EncoderVelocity:0.00, K:10.00, B:0.50
[2026-06-01 04:51:25,863] DEBUG: No valid transitions from state swing
[2026-06-01 04:51:25,864] WARNING: Velocity attribute does not use the linearization map. Please calculate the velocity using the position attribute.
[2026-06-01 04:51:25,869] INFO: T:12.923, State:swing, Fz:-0.58, ThetaRef:60.00, ThetaActual:3.91, EncoderTheta:97.14, EncoderVelocity:0.00, K:10.00, B:0.50
[2026-06-01 04:51:25,872] DEBUG: No valid transitions from state swing
[2026-06-01 04:51:25,872] WARNING: Velocity attribute does not use the linearization map. Please calculate the velocity using the position attribute.
[2026-06-01 04:51:25,877] INFO: T:12.931, State:swing, Fz:-0.70, ThetaRef:60.00, ThetaActual:3.91, EncoderTheta:97.08, EncoderVelocity:-7.90, K:10.00, B:0.50
[2026-06-01 04:51:25,880] DEBUG: No valid transitions from state swing
[2026-06-01 04:51:25,880] WARNING: Velocity attribute does not use the linearization map. Please calculate the velocity using the position attribute.
[2026-06-01 04:51:25,886] INFO: T:12.939, State:swing, Fz:0.18, ThetaRef:60.00, ThetaActual:3.91, EncoderTheta:97.05, EncoderVelocity:-2.63, K:10.00, B:0.50
[2026-06-01 04:51:25,888] DEBUG: No valid transitions from state swing
[2026-06-01 04:51:25,889] WARNING: Velocity attribute does not use the linearization map. Please calculate the velocity using the position attribute.
[2026-06-01 04:51:25,894] INFO: T:12.948, State:swing, Fz:0.38, ThetaRef:60.00, ThetaActual:3.91, EncoderTheta:97.01, EncoderVelocity:-5.24, K:10.00, B:0.50
[2026-06-01 04:51:25,897] DEBUG: No valid transitions from state swing
[2026-06-01 04:51:25,897] WARNING: Velocity attribute does not use the linearization map. Please calculate the velocity using the position attribute.
[2026-06-01 04:51:25,902] INFO: T:12.956, State:swing, Fz:4.00, ThetaRef:60.00, ThetaActual:3.91, EncoderTheta:96.99, EncoderVelocity:-2.66, K:10.00, B:0.50
[2026-06-01 04:51:25,905] DEBUG: No valid transitions from state swing
[2026-06-01 04:51:25,905] WARNING: Velocity attribute does not use the linearization map. Please calculate the velocity using the position attribute.
[2026-06-01 04:51:25,911] INFO: T:12.964, State:swing, Fz:4.81, ThetaRef:60.00, ThetaActual:3.91, EncoderTheta:96.97, EncoderVelocity:-2.64, K:10.00, B:0.50
[2026-06-01 04:51:25,913] DEBUG: No valid transitions from state swing
[2026-06-01 04:51:25,913] WARNING: Velocity attribute does not use the linearization map. Please calculate the velocity using the position attribute.
[2026-06-01 04:51:25,919] INFO: T:12.973, State:swing, Fz:5.42, ThetaRef:60.00, ThetaActual:3.91, EncoderTheta:97.01, EncoderVelocity:5.28, K:10.00, B:0.50
[2026-06-01 04:51:25,922] DEBUG: No valid transitions from state swing
[2026-06-01 04:51:25,922] WARNING: Velocity attribute does not use the linearization map. Please calculate the velocity using the position attribute.
[2026-06-01 04:51:25,927] INFO: T:12.981, State:swing, Fz:7.34, ThetaRef:60.00, ThetaActual:3.91, EncoderTheta:96.99, EncoderVelocity:-2.65, K:10.00, B:0.50
[2026-06-01 04:51:25,930] DEBUG: No valid transitions from state swing
[2026-06-01 04:51:25,930] WARNING: Velocity attribute does not use the linearization map. Please calculate the velocity using the position attribute.
[2026-06-01 04:51:25,936] INFO: T:12.989, State:swing, Fz:6.34, ThetaRef:60.00, ThetaActual:3.91, EncoderTheta:96.97, EncoderVelocity:-2.65, K:10.00, B:0.50
[2026-06-01 04:51:25,938] DEBUG: No valid transitions from state swing
[2026-06-01 04:51:25,938] WARNING: Velocity attribute does not use the linearization map. Please calculate the velocity using the position attribute.
[2026-06-01 04:51:25,944] INFO: T:12.998, State:swing, Fz:6.50, ThetaRef:60.00, ThetaActual:3.91, EncoderTheta:96.99, EncoderVelocity:2.64, K:10.00, B:0.50
[2026-06-01 04:51:25,947] DEBUG: No valid transitions from state swing
[2026-06-01 04:51:25,947] WARNING: Velocity attribute does not use the linearization map. Please calculate the velocity using the position attribute.
[2026-06-01 04:51:25,952] INFO: T:13.006, State:swing, Fz:6.66, ThetaRef:60.00, ThetaActual:3.91, EncoderTheta:97.03, EncoderVelocity:5.30, K:10.00, B:0.50
[2026-06-01 04:51:25,955] DEBUG: No valid transitions from state swing
[2026-06-01 04:51:25,955] WARNING: Velocity attribute does not use the linearization map. Please calculate the velocity using the position attribute.
[2026-06-01 04:51:25,960] INFO: T:13.014, State:swing, Fz:5.26, ThetaRef:60.00, ThetaActual:3.91, EncoderTheta:97.03, EncoderVelocity:0.00, K:10.00, B:0.50
[2026-06-01 04:51:25,963] DEBUG: No valid transitions from state swing
[2026-06-01 04:51:25,963] WARNING: Velocity attribute does not use the linearization map. Please calculate the velocity using the position attribute.
[2026-06-01 04:51:25,969] INFO: T:13.022, State:swing, Fz:5.69, ThetaRef:60.00, ThetaActual:3.91, EncoderTheta:97.01, EncoderVelocity:-2.65, K:10.00, B:0.50
[2026-06-01 04:51:25,971] DEBUG: No valid transitions from state swing
[2026-06-01 04:51:25,972] WARNING: Velocity attribute does not use the linearization map. Please calculate the velocity using the position attribute.
[2026-06-01 04:51:25,977] INFO: T:13.031, State:swing, Fz:3.54, ThetaRef:60.00, ThetaActual:3.91, EncoderTheta:97.03, EncoderVelocity:2.64, K:10.00, B:0.50
[2026-06-01 04:51:25,980] DEBUG: No valid transitions from state swing
[2026-06-01 04:51:25,980] WARNING: Velocity attribute does not use the linearization map. Please calculate the velocity using the position attribute.
[2026-06-01 04:51:25,985] INFO: T:13.039, State:swing, Fz:1.88, ThetaRef:60.00, ThetaActual:3.91, EncoderTheta:97.03, EncoderVelocity:0.00, K:10.00, B:0.50
[2026-06-01 04:51:25,988] DEBUG: No valid transitions from state swing
[2026-06-01 04:51:25,988] WARNING: Velocity attribute does not use the linearization map. Please calculate the velocity using the position attribute.
[2026-06-01 04:51:25,994] INFO: T:13.047, State:swing, Fz:3.62, ThetaRef:60.00, ThetaActual:3.91, EncoderTheta:97.03, EncoderVelocity:0.00, K:10.00, B:0.50
[2026-06-01 04:51:25,996] DEBUG: No valid transitions from state swing
[2026-06-01 04:51:25,996] WARNING: Velocity attribute does not use the linearization map. Please calculate the velocity using the position attribute.
[2026-06-01 04:51:26,002] INFO: T:13.056, State:swing, Fz:2.44, ThetaRef:60.00, ThetaActual:3.91, EncoderTheta:97.05, EncoderVelocity:2.65, K:10.00, B:0.50
[2026-06-01 04:51:26,005] DEBUG: No valid transitions from state swing
[2026-06-01 04:51:26,005] WARNING: Velocity attribute does not use the linearization map. Please calculate the velocity using the position attribute.
[2026-06-01 04:51:26,010] INFO: T:13.064, State:swing, Fz:2.05, ThetaRef:60.00, ThetaActual:3.91, EncoderTheta:97.08, EncoderVelocity:2.64, K:10.00, B:0.50
[2026-06-01 04:51:26,013] DEBUG: No valid transitions from state swing
[2026-06-01 04:51:26,013] WARNING: Velocity attribute does not use the linearization map. Please calculate the velocity using the position attribute.
[2026-06-01 04:51:26,018] INFO: T:13.072, State:swing, Fz:1.24, ThetaRef:60.00, ThetaActual:3.91, EncoderTheta:97.08, EncoderVelocity:0.00, K:10.00, B:0.50
[2026-06-01 04:51:26,021] DEBUG: No valid transitions from state swing
[2026-06-01 04:51:26,021] WARNING: Velocity attribute does not use the linearization map. Please calculate the velocity using the position attribute.
[2026-06-01 04:51:26,027] INFO: T:13.080, State:swing, Fz:1.13, ThetaRef:60.00, ThetaActual:3.91, EncoderTheta:97.10, EncoderVelocity:2.65, K:10.00, B:0.50
[2026-06-01 04:51:26,029] DEBUG: No valid transitions from state swing
[2026-06-01 04:51:26,029] WARNING: Velocity attribute does not use the linearization map. Please calculate the velocity using the position attribute.
[2026-06-01 04:51:26,035] INFO: T:13.089, State:swing, Fz:1.58, ThetaRef:60.00, ThetaActual:3.91, EncoderTheta:97.08, EncoderVelocity:-2.67, K:10.00, B:0.50
[2026-06-01 04:51:26,038] DEBUG: No valid transitions from state swing
[2026-06-01 04:51:26,038] WARNING: Velocity attribute does not use the linearization map. Please calculate the velocity using the position attribute.
[2026-06-01 04:51:26,043] INFO: T:13.097, State:swing, Fz:0.87, ThetaRef:60.00, ThetaActual:3.91, EncoderTheta:97.10, EncoderVelocity:2.68, K:10.00, B:0.50
[2026-06-01 04:51:26,046] DEBUG: No valid transitions from state swing
[2026-06-01 04:51:26,046] WARNING: Velocity attribute does not use the linearization map. Please calculate the velocity using the position attribute.
[2026-06-01 04:51:26,051] INFO: T:13.105, State:swing, Fz:-0.15, ThetaRef:60.00, ThetaActual:3.91, EncoderTheta:97.12, EncoderVelocity:2.67, K:10.00, B:0.50
[2026-06-01 04:51:26,054] DEBUG: No valid transitions from state swing
[2026-06-01 04:51:26,054] WARNING: Velocity attribute does not use the linearization map. Please calculate the velocity using the position attribute.
[2026-06-01 04:51:26,060] INFO: T:13.113, State:swing, Fz:0.10, ThetaRef:60.00, ThetaActual:3.91, EncoderTheta:97.10, EncoderVelocity:-2.65, K:10.00, B:0.50
[2026-06-01 04:51:26,063] DEBUG: No valid transitions from state swing
[2026-06-01 04:51:26,063] WARNING: Velocity attribute does not use the linearization map. Please calculate the velocity using the position attribute.
[2026-06-01 04:51:26,068] INFO: T:13.122, State:swing, Fz:-0.76, ThetaRef:60.00, ThetaActual:3.91, EncoderTheta:97.10, EncoderVelocity:0.00, K:10.00, B:0.50
[2026-06-01 04:51:26,071] DEBUG: No valid transitions from state swing
[2026-06-01 04:51:26,071] WARNING: Velocity attribute does not use the linearization map. Please calculate the velocity using the position attribute.
[2026-06-01 04:51:26,077] INFO: T:13.130, State:swing, Fz:-0.88, ThetaRef:60.00, ThetaActual:3.91, EncoderTheta:97.10, EncoderVelocity:0.00, K:10.00, B:0.50
[2026-06-01 04:51:26,079] DEBUG: No valid transitions from state swing
[2026-06-01 04:51:26,079] WARNING: Velocity attribute does not use the linearization map. Please calculate the velocity using the position attribute.
[2026-06-01 04:51:26,085] INFO: T:13.138, State:swing, Fz:-0.96, ThetaRef:60.00, ThetaActual:3.91, EncoderTheta:97.05, EncoderVelocity:-5.24, K:10.00, B:0.50
[2026-06-01 04:51:26,088] DEBUG: No valid transitions from state swing
[2026-06-01 04:51:26,088] WARNING: Velocity attribute does not use the linearization map. Please calculate the velocity using the position attribute.
[2026-06-01 04:51:26,093] INFO: T:13.147, State:swing, Fz:-1.55, ThetaRef:60.00, ThetaActual:3.91, EncoderTheta:97.14, EncoderVelocity:10.56, K:10.00, B:0.50
[2026-06-01 04:51:26,096] DEBUG: No valid transitions from state swing
[2026-06-01 04:51:26,096] WARNING: Velocity attribute does not use the linearization map. Please calculate the velocity using the position attribute.
[2026-06-01 04:51:26,102] INFO: T:13.155, State:swing, Fz:0.02, ThetaRef:60.00, ThetaActual:3.91, EncoderTheta:97.12, EncoderVelocity:-2.66, K:10.00, B:0.50
[2026-06-01 04:51:26,104] DEBUG: No valid transitions from state swing
[2026-06-01 04:51:26,104] WARNING: Velocity attribute does not use the linearization map. Please calculate the velocity using the position attribute.
[2026-06-01 04:51:26,110] INFO: T:13.163, State:swing, Fz:-0.79, ThetaRef:60.00, ThetaActual:3.91, EncoderTheta:97.14, EncoderVelocity:2.63, K:10.00, B:0.50
[2026-06-01 04:51:26,113] DEBUG: No valid transitions from state swing
[2026-06-01 04:51:26,113] WARNING: Velocity attribute does not use the linearization map. Please calculate the velocity using the position attribute.
[2026-06-01 04:51:26,118] INFO: T:13.172, State:swing, Fz:-0.39, ThetaRef:60.00, ThetaActual:3.91, EncoderTheta:97.08, EncoderVelocity:-7.82, K:10.00, B:0.50
[2026-06-01 04:51:26,121] DEBUG: No valid transitions from state swing
[2026-06-01 04:51:26,121] WARNING: Velocity attribute does not use the linearization map. Please calculate the velocity using the position attribute.
[2026-06-01 04:51:26,127] INFO: T:13.180, State:swing, Fz:-0.54, ThetaRef:60.00, ThetaActual:3.91, EncoderTheta:97.10, EncoderVelocity:2.67, K:10.00, B:0.50
[2026-06-01 04:51:26,129] DEBUG: No valid transitions from state swing
[2026-06-01 04:51:26,129] WARNING: Velocity attribute does not use the linearization map. Please calculate the velocity using the position attribute.
[2026-06-01 04:51:26,135] INFO: T:13.189, State:swing, Fz:-2.66, ThetaRef:60.00, ThetaActual:3.91, EncoderTheta:97.08, EncoderVelocity:-2.60, K:10.00, B:0.50
[2026-06-01 04:51:26,138] DEBUG: No valid transitions from state swing
[2026-06-01 04:51:26,138] WARNING: Velocity attribute does not use the linearization map. Please calculate the velocity using the position attribute.
[2026-06-01 04:51:26,143] INFO: T:13.197, State:swing, Fz:-3.30, ThetaRef:60.00, ThetaActual:3.91, EncoderTheta:97.12, EncoderVelocity:5.29, K:10.00, B:0.50
[2026-06-01 04:51:26,146] DEBUG: No valid transitions from state swing
[2026-06-01 04:51:26,146] WARNING: Velocity attribute does not use the linearization map. Please calculate the velocity using the position attribute.
[2026-06-01 04:51:26,152] INFO: T:13.205, State:swing, Fz:-5.75, ThetaRef:60.00, ThetaActual:3.91, EncoderTheta:97.14, EncoderVelocity:2.66, K:10.00, B:0.50
[2026-06-01 04:51:26,154] DEBUG: No valid transitions from state swing
[2026-06-01 04:51:26,154] WARNING: Velocity attribute does not use the linearization map. Please calculate the velocity using the position attribute.
[2026-06-01 04:51:26,160] INFO: T:13.213, State:swing, Fz:-4.18, ThetaRef:60.00, ThetaActual:3.91, EncoderTheta:97.10, EncoderVelocity:-5.36, K:10.00, B:0.50
[2026-06-01 04:51:26,162] DEBUG: No valid transitions from state swing
[2026-06-01 04:51:26,162] WARNING: Velocity attribute does not use the linearization map. Please calculate the velocity using the position attribute.
[2026-06-01 04:51:26,168] INFO: T:13.222, State:swing, Fz:-2.94, ThetaRef:60.00, ThetaActual:3.91, EncoderTheta:97.08, EncoderVelocity:-2.65, K:10.00, B:0.50
[2026-06-01 04:51:26,171] DEBUG: No valid transitions from state swing
[2026-06-01 04:51:26,171] WARNING: Velocity attribute does not use the linearization map. Please calculate the velocity using the position attribute.
[2026-06-01 04:51:26,176] INFO: T:13.230, State:swing, Fz:-1.56, ThetaRef:60.00, ThetaActual:3.91, EncoderTheta:97.05, EncoderVelocity:-2.68, K:10.00, B:0.50
[2026-06-01 04:51:26,179] DEBUG: No valid transitions from state swing
[2026-06-01 04:51:26,179] WARNING: Velocity attribute does not use the linearization map. Please calculate the velocity using the position attribute.
[2026-06-01 04:51:26,185] INFO: T:13.238, State:swing, Fz:4.78, ThetaRef:60.00, ThetaActual:3.91, EncoderTheta:97.03, EncoderVelocity:-2.64, K:10.00, B:0.50
[2026-06-01 04:51:26,187] DEBUG: No valid transitions from state swing
[2026-06-01 04:51:26,187] WARNING: Velocity attribute does not use the linearization map. Please calculate the velocity using the position attribute.
[2026-06-01 04:51:26,193] INFO: T:13.246, State:swing, Fz:19.36, ThetaRef:60.00, ThetaActual:3.91, EncoderTheta:96.72, EncoderVelocity:-37.50, K:10.00, B:0.50
[2026-06-01 04:51:26,195] DEBUG: No valid transitions from state swing
[2026-06-01 04:51:26,195] WARNING: Velocity attribute does not use the linearization map. Please calculate the velocity using the position attribute.
[2026-06-01 04:51:26,201] INFO: T:13.255, State:swing, Fz:49.02, ThetaRef:60.00, ThetaActual:3.95, EncoderTheta:96.39, EncoderVelocity:-39.82, K:10.00, B:0.50
[2026-06-01 04:51:26,204] DEBUG: No valid transitions from state swing
[2026-06-01 04:51:26,204] WARNING: Velocity attribute does not use the linearization map. Please calculate the velocity using the position attribute.
[2026-06-01 04:51:26,209] INFO: T:13.263, State:swing, Fz:52.41, ThetaRef:60.00, ThetaActual:4.03, EncoderTheta:96.42, EncoderVelocity:2.68, K:10.00, B:0.50
[2026-06-01 04:51:26,212] DEBUG: No valid transitions from state swing
[2026-06-01 04:51:26,212] WARNING: Velocity attribute does not use the linearization map. Please calculate the velocity using the position attribute.
[2026-06-01 04:51:26,218] INFO: T:13.271, State:swing, Fz:24.39, ThetaRef:60.00, ThetaActual:4.32, EncoderTheta:96.53, EncoderVelocity:13.26, K:10.00, B:0.50
[2026-06-01 04:51:26,220] DEBUG: No valid transitions from state swing
[2026-06-01 04:51:26,220] WARNING: Velocity attribute does not use the linearization map. Please calculate the velocity using the position attribute.
[2026-06-01 04:51:26,226] INFO: T:13.279, State:swing, Fz:1.95, ThetaRef:60.00, ThetaActual:4.63, EncoderTheta:96.61, EncoderVelocity:10.68, K:10.00, B:0.50
[2026-06-01 04:51:26,228] DEBUG: No valid transitions from state swing
[2026-06-01 04:51:26,229] WARNING: Velocity attribute does not use the linearization map. Please calculate the velocity using the position attribute.
[2026-06-01 04:51:26,234] INFO: T:13.288, State:swing, Fz:-21.59, ThetaRef:60.00, ThetaActual:4.76, EncoderTheta:96.61, EncoderVelocity:0.00, K:10.00, B:0.50
[2026-06-01 04:51:26,237] DEBUG: No valid transitions from state swing
[2026-06-01 04:51:26,237] WARNING: Velocity attribute does not use the linearization map. Please calculate the velocity using the position attribute.
[2026-06-01 04:51:26,243] INFO: T:13.296, State:swing, Fz:-40.99, ThetaRef:60.00, ThetaActual:4.95, EncoderTheta:96.55, EncoderVelocity:-7.95, K:10.00, B:0.50
[2026-06-01 04:51:26,245] WARNING: Velocity attribute does not use the linearization map. Please calculate the velocity using the position attribute.
[2026-06-01 04:51:26,251] INFO: T:13.304, State:stance, Fz:-45.80, ThetaRef:5.00, ThetaActual:4.99, EncoderTheta:96.37, EncoderVelocity:-20.64, K:500.00, B:20.00
[2026-06-01 04:51:26,253] DEBUG: No valid transitions from state stance
[2026-06-01 04:51:26,254] WARNING: Velocity attribute does not use the linearization map. Please calculate the velocity using the position attribute.
[2026-06-01 04:51:26,259] INFO: T:13.313, State:stance, Fz:-42.02, ThetaRef:5.00, ThetaActual:4.98, EncoderTheta:96.04, EncoderVelocity:-39.94, K:500.00, B:20.00
[2026-06-01 04:51:26,262] DEBUG: No valid transitions from state stance
[2026-06-01 04:51:26,262] WARNING: Velocity attribute does not use the linearization map. Please calculate the velocity using the position attribute.
[2026-06-01 04:51:26,267] INFO: T:13.321, State:stance, Fz:-33.64, ThetaRef:5.00, ThetaActual:4.96, EncoderTheta:95.98, EncoderVelocity:-7.94, K:500.00, B:20.00
[2026-06-01 04:51:26,270] WARNING: Velocity attribute does not use the linearization map. Please calculate the velocity using the position attribute.
[2026-06-01 04:51:26,276] INFO: T:13.329, State:swing, Fz:5.35, ThetaRef:60.00, ThetaActual:4.49, EncoderTheta:96.33, EncoderVelocity:42.32, K:10.00, B:0.50
[2026-06-01 04:51:26,278] DEBUG: No valid transitions from state swing
[2026-06-01 04:51:26,278] WARNING: Velocity attribute does not use the linearization map. Please calculate the velocity using the position attribute.
[2026-06-01 04:51:26,284] INFO: T:13.338, State:swing, Fz:61.08, ThetaRef:60.00, ThetaActual:4.09, EncoderTheta:96.90, EncoderVelocity:68.92, K:10.00, B:0.50
[2026-06-01 04:51:26,287] DEBUG: No valid transitions from state swing
[2026-06-01 04:51:26,287] WARNING: Velocity attribute does not use the linearization map. Please calculate the velocity using the position attribute.
[2026-06-01 04:51:26,292] INFO: T:13.346, State:swing, Fz:71.02, ThetaRef:60.00, ThetaActual:3.45, EncoderTheta:97.40, EncoderVelocity:61.24, K:10.00, B:0.50
[2026-06-01 04:51:26,295] DEBUG: No valid transitions from state swing
[2026-06-01 04:51:26,295] WARNING: Velocity attribute does not use the linearization map. Please calculate the velocity using the position attribute.
[2026-06-01 04:51:26,301] INFO: T:13.354, State:swing, Fz:55.00, ThetaRef:60.00, ThetaActual:3.03, EncoderTheta:98.00, EncoderVelocity:71.55, K:10.00, B:0.50
[2026-06-01 04:51:26,303] DEBUG: No valid transitions from state swing
[2026-06-01 04:51:26,303] WARNING: Velocity attribute does not use the linearization map. Please calculate the velocity using the position attribute.
[2026-06-01 04:51:26,309] INFO: T:13.362, State:swing, Fz:29.85, ThetaRef:60.00, ThetaActual:2.88, EncoderTheta:98.46, EncoderVelocity:55.71, K:10.00, B:0.50
[2026-06-01 04:51:26,312] DEBUG: No valid transitions from state swing
[2026-06-01 04:51:26,312] WARNING: Velocity attribute does not use the linearization map. Please calculate the velocity using the position attribute.
[2026-06-01 04:51:26,317] INFO: T:13.371, State:swing, Fz:7.70, ThetaRef:60.00, ThetaActual:2.63, EncoderTheta:98.77, EncoderVelocity:37.13, K:10.00, B:0.50
[2026-06-01 04:51:26,320] DEBUG: No valid transitions from state swing
[2026-06-01 04:51:26,320] WARNING: Velocity attribute does not use the linearization map. Please calculate the velocity using the position attribute.
[2026-06-01 04:51:26,325] INFO: T:13.379, State:swing, Fz:-8.70, ThetaRef:60.00, ThetaActual:2.52, EncoderTheta:98.88, EncoderVelocity:13.38, K:10.00, B:0.50
[2026-06-01 04:51:26,328] DEBUG: No valid transitions from state swing
[2026-06-01 04:51:26,328] WARNING: Velocity attribute does not use the linearization map. Please calculate the velocity using the position attribute.
[2026-06-01 04:51:26,334] INFO: T:13.387, State:swing, Fz:-21.12, ThetaRef:60.00, ThetaActual:2.31, EncoderTheta:98.90, EncoderVelocity:2.66, K:10.00, B:0.50
[2026-06-01 04:51:26,336] DEBUG: No valid transitions from state swing
[2026-06-01 04:51:26,336] WARNING: Velocity attribute does not use the linearization map. Please calculate the velocity using the position attribute.
[2026-06-01 04:51:26,342] INFO: T:13.395, State:swing, Fz:-29.57, ThetaRef:60.00, ThetaActual:2.14, EncoderTheta:98.83, EncoderVelocity:-8.02, K:10.00, B:0.50
[2026-06-01 04:51:26,344] DEBUG: No valid transitions from state swing
[2026-06-01 04:51:26,345] WARNING: Velocity attribute does not use the linearization map. Please calculate the velocity using the position attribute.
[2026-06-01 04:51:26,350] INFO: T:13.404, State:swing, Fz:-35.53, ThetaRef:60.00, ThetaActual:2.08, EncoderTheta:98.83, EncoderVelocity:0.00, K:10.00, B:0.50
[2026-06-01 04:51:26,353] WARNING: Velocity attribute does not use the linearization map. Please calculate the velocity using the position attribute.
[2026-06-01 04:51:26,358] INFO: T:13.412, State:stance, Fz:-45.01, ThetaRef:5.00, ThetaActual:2.00, EncoderTheta:98.85, EncoderVelocity:2.66, K:500.00, B:20.00
[2026-06-01 04:51:26,361] DEBUG: No valid transitions from state stance
[2026-06-01 04:51:26,361] WARNING: Velocity attribute does not use the linearization map. Please calculate the velocity using the position attribute.
[2026-06-01 04:51:26,367] INFO: T:13.420, State:stance, Fz:-55.72, ThetaRef:5.00, ThetaActual:2.01, EncoderTheta:98.88, EncoderVelocity:2.69, K:500.00, B:20.00
[2026-06-01 04:51:26,369] DEBUG: No valid transitions from state stance
[2026-06-01 04:51:26,369] WARNING: Velocity attribute does not use the linearization map. Please calculate the velocity using the position attribute.
[2026-06-01 04:51:26,375] INFO: T:13.428, State:stance, Fz:-69.30, ThetaRef:5.00, ThetaActual:2.02, EncoderTheta:98.99, EncoderVelocity:13.34, K:500.00, B:20.00
[2026-06-01 04:51:26,378] DEBUG: No valid transitions from state stance
[2026-06-01 04:51:26,378] WARNING: Velocity attribute does not use the linearization map. Please calculate the velocity using the position attribute.
[2026-06-01 04:51:26,383] INFO: T:13.437, State:stance, Fz:-78.62, ThetaRef:5.00, ThetaActual:1.90, EncoderTheta:99.18, EncoderVelocity:23.67, K:500.00, B:20.00
[2026-06-01 04:51:26,386] DEBUG: No valid transitions from state stance
[2026-06-01 04:51:26,386] WARNING: Velocity attribute does not use the linearization map. Please calculate the velocity using the position attribute.
[2026-06-01 04:51:26,392] INFO: T:13.445, State:stance, Fz:-82.73, ThetaRef:5.00, ThetaActual:1.56, EncoderTheta:99.40, EncoderVelocity:26.40, K:500.00, B:20.00
[2026-06-01 04:51:26,395] DEBUG: No valid transitions from state stance
[2026-06-01 04:51:26,395] WARNING: Velocity attribute does not use the linearization map. Please calculate the velocity using the position attribute.
[2026-06-01 04:51:26,401] INFO: T:13.454, State:stance, Fz:-87.35, ThetaRef:5.00, ThetaActual:1.39, EncoderTheta:99.69, EncoderVelocity:32.47, K:500.00, B:20.00
[2026-06-01 04:51:26,404] DEBUG: No valid transitions from state stance
[2026-06-01 04:51:26,404] WARNING: Velocity attribute does not use the linearization map. Please calculate the velocity using the position attribute.
[2026-06-01 04:51:26,410] INFO: T:13.463, State:stance, Fz:-93.38, ThetaRef:5.00, ThetaActual:1.12, EncoderTheta:99.98, EncoderVelocity:30.55, K:500.00, B:20.00
[2026-06-01 04:51:26,412] DEBUG: No valid transitions from state stance
[2026-06-01 04:51:26,413] WARNING: Velocity attribute does not use the linearization map. Please calculate the velocity using the position attribute.
[2026-06-01 04:51:26,418] INFO: T:13.472, State:stance, Fz:-105.06, ThetaRef:5.00, ThetaActual:0.91, EncoderTheta:100.06, EncoderVelocity:10.35, K:500.00, B:20.00
[2026-06-01 04:51:26,421] DEBUG: No valid transitions from state stance
[2026-06-01 04:51:26,421] WARNING: Velocity attribute does not use the linearization map. Please calculate the velocity using the position attribute.
[2026-06-01 04:51:26,426] INFO: T:13.480, State:stance, Fz:-132.50, ThetaRef:5.00, ThetaActual:0.76, EncoderTheta:99.98, EncoderVelocity:-10.57, K:500.00, B:20.00
[2026-06-01 04:51:26,429] DEBUG: No valid transitions from state stance
[2026-06-01 04:51:26,429] WARNING: Velocity attribute does not use the linearization map. Please calculate the velocity using the position attribute.
[2026-06-01 04:51:26,435] INFO: T:13.488, State:stance, Fz:-140.87, ThetaRef:5.00, ThetaActual:0.71, EncoderTheta:100.04, EncoderVelocity:7.90, K:500.00, B:20.00
[2026-06-01 04:51:26,437] DEBUG: No valid transitions from state stance
[2026-06-01 04:51:26,437] WARNING: Velocity attribute does not use the linearization map. Please calculate the velocity using the position attribute.
[2026-06-01 04:51:26,443] INFO: T:13.497, State:stance, Fz:-133.28, ThetaRef:5.00, ThetaActual:0.65, EncoderTheta:100.02, EncoderVelocity:-2.67, K:500.00, B:20.00
[2026-06-01 04:51:26,446] DEBUG: No valid transitions from state stance
[2026-06-01 04:51:26,446] WARNING: Velocity attribute does not use the linearization map. Please calculate the velocity using the position attribute.
[2026-06-01 04:51:26,451] INFO: T:13.505, State:stance, Fz:-131.98, ThetaRef:5.00, ThetaActual:0.63, EncoderTheta:100.04, EncoderVelocity:2.65, K:500.00, B:20.00
[2026-06-01 04:51:26,454] DEBUG: No valid transitions from state stance
[2026-06-01 04:51:26,454] WARNING: Velocity attribute does not use the linearization map. Please calculate the velocity using the position attribute.
[2026-06-01 04:51:26,459] INFO: T:13.513, State:stance, Fz:-137.99, ThetaRef:5.00, ThetaActual:0.63, EncoderTheta:100.04, EncoderVelocity:0.00, K:500.00, B:20.00
[2026-06-01 04:51:26,462] DEBUG: No valid transitions from state stance
[2026-06-01 04:51:26,462] WARNING: Velocity attribute does not use the linearization map. Please calculate the velocity using the position attribute.
[2026-06-01 04:51:26,468] INFO: T:13.521, State:stance, Fz:-151.64, ThetaRef:5.00, ThetaActual:0.63, EncoderTheta:100.02, EncoderVelocity:-2.65, K:500.00, B:20.00
[2026-06-01 04:51:26,470] DEBUG: No valid transitions from state stance
[2026-06-01 04:51:26,470] WARNING: Velocity attribute does not use the linearization map. Please calculate the velocity using the position attribute.
[2026-06-01 04:51:26,476] INFO: T:13.530, State:stance, Fz:-163.50, ThetaRef:5.00, ThetaActual:0.63, EncoderTheta:100.02, EncoderVelocity:0.00, K:500.00, B:20.00
[2026-06-01 04:51:26,479] DEBUG: No valid transitions from state stance
[2026-06-01 04:51:26,479] WARNING: Velocity attribute does not use the linearization map. Please calculate the velocity using the position attribute.
[2026-06-01 04:51:26,485] INFO: T:13.538, State:stance, Fz:-163.54, ThetaRef:5.00, ThetaActual:0.63, EncoderTheta:100.04, EncoderVelocity:2.56, K:500.00, B:20.00
[2026-06-01 04:51:26,487] DEBUG: No valid transitions from state stance
[2026-06-01 04:51:26,487] WARNING: Velocity attribute does not use the linearization map. Please calculate the velocity using the position attribute.
[2026-06-01 04:51:26,493] INFO: T:13.546, State:stance, Fz:-163.56, ThetaRef:5.00, ThetaActual:0.63, EncoderTheta:100.02, EncoderVelocity:-2.64, K:500.00, B:20.00
[2026-06-01 04:51:26,496] DEBUG: No valid transitions from state stance
[2026-06-01 04:51:26,496] WARNING: Velocity attribute does not use the linearization map. Please calculate the velocity using the position attribute.
[2026-06-01 04:51:26,501] INFO: T:13.555, State:stance, Fz:-166.03, ThetaRef:5.00, ThetaActual:0.63, EncoderTheta:100.04, EncoderVelocity:2.64, K:500.00, B:20.00
[2026-06-01 04:51:26,504] DEBUG: No valid transitions from state stance
[2026-06-01 04:51:26,504] WARNING: Velocity attribute does not use the linearization map. Please calculate the velocity using the position attribute.
[2026-06-01 04:51:26,510] INFO: T:13.563, State:stance, Fz:-170.92, ThetaRef:5.00, ThetaActual:0.63, EncoderTheta:100.04, EncoderVelocity:0.00, K:500.00, B:20.00
[2026-06-01 04:51:26,512] DEBUG: No valid transitions from state stance
[2026-06-01 04:51:26,512] WARNING: Velocity attribute does not use the linearization map. Please calculate the velocity using the position attribute.
[2026-06-01 04:51:26,518] INFO: T:13.571, State:stance, Fz:-179.53, ThetaRef:5.00, ThetaActual:0.63, EncoderTheta:100.04, EncoderVelocity:0.00, K:500.00, B:20.00
[2026-06-01 04:51:26,520] DEBUG: No valid transitions from state stance
[2026-06-01 04:51:26,520] WARNING: Velocity attribute does not use the linearization map. Please calculate the velocity using the position attribute.
[2026-06-01 04:51:26,526] INFO: T:13.580, State:stance, Fz:-173.23, ThetaRef:5.00, ThetaActual:0.63, EncoderTheta:100.02, EncoderVelocity:-2.67, K:500.00, B:20.00
[2026-06-01 04:51:26,529] DEBUG: No valid transitions from state stance
[2026-06-01 04:51:26,529] WARNING: Velocity attribute does not use the linearization map. Please calculate the velocity using the position attribute.
[2026-06-01 04:51:26,534] INFO: T:13.588, State:stance, Fz:-163.45, ThetaRef:5.00, ThetaActual:0.63, EncoderTheta:100.02, EncoderVelocity:0.00, K:500.00, B:20.00
[2026-06-01 04:51:26,537] DEBUG: No valid transitions from state stance
[2026-06-01 04:51:26,537] WARNING: Velocity attribute does not use the linearization map. Please calculate the velocity using the position attribute.
[2026-06-01 04:51:26,543] INFO: T:13.596, State:stance, Fz:-156.49, ThetaRef:5.00, ThetaActual:0.63, EncoderTheta:100.02, EncoderVelocity:0.00, K:500.00, B:20.00
[2026-06-01 04:51:26,545] DEBUG: No valid transitions from state stance
[2026-06-01 04:51:26,545] WARNING: Velocity attribute does not use the linearization map. Please calculate the velocity using the position attribute.
[2026-06-01 04:51:26,551] INFO: T:13.604, State:stance, Fz:-146.74, ThetaRef:5.00, ThetaActual:0.63, EncoderTheta:100.00, EncoderVelocity:-2.65, K:500.00, B:20.00
[2026-06-01 04:51:26,554] DEBUG: No valid transitions from state stance
[2026-06-01 04:51:26,554] WARNING: Velocity attribute does not use the linearization map. Please calculate the velocity using the position attribute.
[2026-06-01 04:51:26,559] INFO: T:13.613, State:stance, Fz:-141.27, ThetaRef:5.00, ThetaActual:0.63, EncoderTheta:99.98, EncoderVelocity:-2.64, K:500.00, B:20.00
[2026-06-01 04:51:26,562] DEBUG: No valid transitions from state stance
[2026-06-01 04:51:26,562] WARNING: Velocity attribute does not use the linearization map. Please calculate the velocity using the position attribute.
[2026-06-01 04:51:26,567] INFO: T:13.621, State:stance, Fz:-132.18, ThetaRef:5.00, ThetaActual:0.63, EncoderTheta:99.98, EncoderVelocity:0.00, K:500.00, B:20.00
[2026-06-01 04:51:26,570] DEBUG: No valid transitions from state stance
[2026-06-01 04:51:26,570] WARNING: Velocity attribute does not use the linearization map. Please calculate the velocity using the position attribute.
[2026-06-01 04:51:26,575] INFO: T:13.629, State:stance, Fz:-122.73, ThetaRef:5.00, ThetaActual:0.63, EncoderTheta:99.91, EncoderVelocity:-8.03, K:500.00, B:20.00
[2026-06-01 04:51:26,578] DEBUG: No valid transitions from state stance
[2026-06-01 04:51:26,578] WARNING: Velocity attribute does not use the linearization map. Please calculate the velocity using the position attribute.
[2026-06-01 04:51:26,584] INFO: T:13.637, State:stance, Fz:-114.52, ThetaRef:5.00, ThetaActual:0.63, EncoderTheta:99.95, EncoderVelocity:5.37, K:500.00, B:20.00
[2026-06-01 04:51:26,586] DEBUG: No valid transitions from state stance
[2026-06-01 04:51:26,586] WARNING: Velocity attribute does not use the linearization map. Please calculate the velocity using the position attribute.
[2026-06-01 04:51:26,592] INFO: T:13.646, State:stance, Fz:-104.84, ThetaRef:5.00, ThetaActual:0.64, EncoderTheta:99.89, EncoderVelocity:-7.94, K:500.00, B:20.00
[2026-06-01 04:51:26,595] DEBUG: No valid transitions from state stance
[2026-06-01 04:51:26,595] WARNING: Velocity attribute does not use the linearization map. Please calculate the velocity using the position attribute.
[2026-06-01 04:51:26,601] INFO: T:13.654, State:stance, Fz:-95.94, ThetaRef:5.00, ThetaActual:0.64, EncoderTheta:99.82, EncoderVelocity:-7.71, K:500.00, B:20.00
[2026-06-01 04:51:26,603] DEBUG: No valid transitions from state stance
[2026-06-01 04:51:26,604] WARNING: Velocity attribute does not use the linearization map. Please calculate the velocity using the position attribute.
[2026-06-01 04:51:26,609] INFO: T:13.663, State:stance, Fz:-85.72, ThetaRef:5.00, ThetaActual:0.65, EncoderTheta:99.76, EncoderVelocity:-7.76, K:500.00, B:20.00
[2026-06-01 04:51:26,612] DEBUG: No valid transitions from state stance
[2026-06-01 04:51:26,612] WARNING: Velocity attribute does not use the linearization map. Please calculate the velocity using the position attribute.
[2026-06-01 04:51:26,618] INFO: T:13.671, State:stance, Fz:-74.95, ThetaRef:5.00, ThetaActual:0.68, EncoderTheta:99.73, EncoderVelocity:-2.62, K:500.00, B:20.00
[2026-06-01 04:51:26,620] DEBUG: No valid transitions from state stance
[2026-06-01 04:51:26,620] WARNING: Velocity attribute does not use the linearization map. Please calculate the velocity using the position attribute.
[2026-06-01 04:51:26,626] INFO: T:13.679, State:stance, Fz:-63.73, ThetaRef:5.00, ThetaActual:0.73, EncoderTheta:99.65, EncoderVelocity:-10.43, K:500.00, B:20.00
[2026-06-01 04:51:26,629] DEBUG: No valid transitions from state stance
[2026-06-01 04:51:26,629] WARNING: Velocity attribute does not use the linearization map. Please calculate the velocity using the position attribute.
[2026-06-01 04:51:26,634] INFO: T:13.688, State:stance, Fz:-54.17, ThetaRef:5.00, ThetaActual:0.75, EncoderTheta:99.56, EncoderVelocity:-10.61, K:500.00, B:20.00
[2026-06-01 04:51:26,637] DEBUG: No valid transitions from state stance
[2026-06-01 04:51:26,637] WARNING: Velocity attribute does not use the linearization map. Please calculate the velocity using the position attribute.
[2026-06-01 04:51:26,643] INFO: T:13.696, State:stance, Fz:-42.86, ThetaRef:5.00, ThetaActual:0.82, EncoderTheta:99.49, EncoderVelocity:-7.92, K:500.00, B:20.00
[2026-06-01 04:51:26,645] WARNING: Velocity attribute does not use the linearization map. Please calculate the velocity using the position attribute.
[2026-06-01 04:51:26,651] INFO: T:13.705, State:swing, Fz:-29.28, ThetaRef:60.00, ThetaActual:0.89, EncoderTheta:99.47, EncoderVelocity:-2.60, K:10.00, B:0.50
[2026-06-01 04:51:26,654] DEBUG: No valid transitions from state swing
[2026-06-01 04:51:26,654] WARNING: Velocity attribute does not use the linearization map. Please calculate the velocity using the position attribute.
[2026-06-01 04:51:26,659] INFO: T:13.713, State:swing, Fz:-17.94, ThetaRef:60.00, ThetaActual:0.93, EncoderTheta:99.34, EncoderVelocity:-15.78, K:10.00, B:0.50
[2026-06-01 04:51:26,662] DEBUG: No valid transitions from state swing
[2026-06-01 04:51:26,662] WARNING: Velocity attribute does not use the linearization map. Please calculate the velocity using the position attribute.
[2026-06-01 04:51:26,668] INFO: T:13.721, State:swing, Fz:-5.77, ThetaRef:60.00, ThetaActual:1.01, EncoderTheta:99.16, EncoderVelocity:-21.20, K:10.00, B:0.50
[2026-06-01 04:51:26,670] DEBUG: No valid transitions from state swing
[2026-06-01 04:51:26,670] WARNING: Velocity attribute does not use the linearization map. Please calculate the velocity using the position attribute.
[2026-06-01 04:51:26,676] INFO: T:13.730, State:swing, Fz:-7.51, ThetaRef:60.00, ThetaActual:1.27, EncoderTheta:98.88, EncoderVelocity:-34.35, K:10.00, B:0.50
[2026-06-01 04:51:26,679] DEBUG: No valid transitions from state swing
[2026-06-01 04:51:26,679] WARNING: Velocity attribute does not use the linearization map. Please calculate the velocity using the position attribute.
[2026-06-01 04:51:26,684] INFO: T:13.738, State:swing, Fz:-17.36, ThetaRef:60.00, ThetaActual:1.49, EncoderTheta:98.46, EncoderVelocity:-50.41, K:10.00, B:0.50
[2026-06-01 04:51:26,687] DEBUG: No valid transitions from state swing
[2026-06-01 04:51:26,687] WARNING: Velocity attribute does not use the linearization map. Please calculate the velocity using the position attribute.
[2026-06-01 04:51:26,693] INFO: T:13.746, State:swing, Fz:-26.88, ThetaRef:60.00, ThetaActual:2.09, EncoderTheta:97.87, EncoderVelocity:-72.72, K:10.00, B:0.50
[2026-06-01 04:51:26,695] DEBUG: No valid transitions from state swing
[2026-06-01 04:51:26,695] WARNING: Velocity attribute does not use the linearization map. Please calculate the velocity using the position attribute.
[2026-06-01 04:51:26,701] INFO: T:13.754, State:swing, Fz:-37.13, ThetaRef:60.00, ThetaActual:2.86, EncoderTheta:97.10, EncoderVelocity:-90.72, K:10.00, B:0.50
[2026-06-01 04:51:26,703] DEBUG: No valid transitions from state swing
[2026-06-01 04:51:26,704] WARNING: Velocity attribute does not use the linearization map. Please calculate the velocity using the position attribute.
[2026-06-01 04:51:26,709] INFO: T:13.763, State:swing, Fz:-41.96, ThetaRef:60.00, ThetaActual:3.30, EncoderTheta:96.33, EncoderVelocity:-93.29, K:10.00, B:0.50
[2026-06-01 04:51:26,712] WARNING: Velocity attribute does not use the linearization map. Please calculate the velocity using the position attribute.
[2026-06-01 04:51:26,717] INFO: T:13.771, State:stance, Fz:-50.15, ThetaRef:5.00, ThetaActual:4.31, EncoderTheta:95.36, EncoderVelocity:-116.08, K:500.00, B:20.00
[2026-06-01 04:51:26,720] DEBUG: No valid transitions from state stance
[2026-06-01 04:51:26,720] WARNING: Velocity attribute does not use the linearization map. Please calculate the velocity using the position attribute.
[2026-06-01 04:51:26,726] INFO: T:13.779, State:stance, Fz:-63.85, ThetaRef:5.00, ThetaActual:5.47, EncoderTheta:94.44, EncoderVelocity:-112.72, K:500.00, B:20.00
[2026-06-01 04:51:26,728] DEBUG: No valid transitions from state stance
[2026-06-01 04:51:26,728] WARNING: Velocity attribute does not use the linearization map. Please calculate the velocity using the position attribute.
[2026-06-01 04:51:26,734] INFO: T:13.787, State:stance, Fz:-70.30, ThetaRef:5.00, ThetaActual:6.08, EncoderTheta:93.65, EncoderVelocity:-95.41, K:500.00, B:20.00
[2026-06-01 04:51:26,737] WARNING: Velocity attribute does not use the linearization map. Please calculate the velocity using the position attribute.
[2026-06-01 04:51:26,742] INFO: T:13.796, State:swing, Fz:-25.08, ThetaRef:60.00, ThetaActual:6.84, EncoderTheta:93.32, EncoderVelocity:-39.83, K:10.00, B:0.50
[2026-06-01 04:51:26,745] DEBUG: No valid transitions from state swing
[2026-06-01 04:51:26,745] WARNING: Velocity attribute does not use the linearization map. Please calculate the velocity using the position attribute.
[2026-06-01 04:51:26,750] INFO: T:13.804, State:swing, Fz:79.37, ThetaRef:60.00, ThetaActual:6.77, EncoderTheta:93.56, EncoderVelocity:29.30, K:10.00, B:0.50
[2026-06-01 04:51:26,753] DEBUG: No valid transitions from state swing
[2026-06-01 04:51:26,753] WARNING: Velocity attribute does not use the linearization map. Please calculate the velocity using the position attribute.
[2026-06-01 04:51:26,759] INFO: T:13.812, State:swing, Fz:157.04, ThetaRef:60.00, ThetaActual:6.15, EncoderTheta:94.00, EncoderVelocity:53.15, K:10.00, B:0.50
[2026-06-01 04:51:26,761] DEBUG: No valid transitions from state swing
[2026-06-01 04:51:26,761] WARNING: Velocity attribute does not use the linearization map. Please calculate the velocity using the position attribute.
[2026-06-01 04:51:26,767] INFO: T:13.821, State:swing, Fz:153.64, ThetaRef:60.00, ThetaActual:5.98, EncoderTheta:94.04, EncoderVelocity:5.30, K:10.00, B:0.50
[2026-06-01 04:51:26,770] DEBUG: No valid transitions from state swing
[2026-06-01 04:51:26,770] WARNING: Velocity attribute does not use the linearization map. Please calculate the velocity using the position attribute.
[2026-06-01 04:51:26,775] INFO: T:13.829, State:swing, Fz:97.98, ThetaRef:60.00, ThetaActual:6.14, EncoderTheta:93.80, EncoderVelocity:-29.19, K:10.00, B:0.50
[2026-06-01 04:51:26,778] DEBUG: No valid transitions from state swing
[2026-06-01 04:51:26,778] WARNING: Velocity attribute does not use the linearization map. Please calculate the velocity using the position attribute.
[2026-06-01 04:51:26,784] INFO: T:13.837, State:swing, Fz:62.58, ThetaRef:60.00, ThetaActual:6.64, EncoderTheta:93.14, EncoderVelocity:-78.59, K:10.00, B:0.50
[2026-06-01 04:51:26,786] DEBUG: No valid transitions from state swing
[2026-06-01 04:51:26,786] WARNING: Velocity attribute does not use the linearization map. Please calculate the velocity using the position attribute.
[2026-06-01 04:51:26,792] INFO: T:13.846, State:swing, Fz:83.01, ThetaRef:60.00, ThetaActual:7.28, EncoderTheta:92.26, EncoderVelocity:-105.02, K:10.00, B:0.50
[2026-06-01 04:51:26,795] DEBUG: No valid transitions from state swing
[2026-06-01 04:51:26,795] WARNING: Velocity attribute does not use the linearization map. Please calculate the velocity using the position attribute.
[2026-06-01 04:51:26,800] INFO: T:13.854, State:swing, Fz:121.54, ThetaRef:60.00, ThetaActual:7.71, EncoderTheta:91.25, EncoderVelocity:-121.05, K:10.00, B:0.50
[2026-06-01 04:51:26,803] DEBUG: No valid transitions from state swing
[2026-06-01 04:51:26,803] WARNING: Velocity attribute does not use the linearization map. Please calculate the velocity using the position attribute.
[2026-06-01 04:51:26,809] INFO: T:13.862, State:swing, Fz:133.47, ThetaRef:60.00, ThetaActual:8.89, EncoderTheta:90.13, EncoderVelocity:-135.49, K:10.00, B:0.50
[2026-06-01 04:51:26,811] DEBUG: No valid transitions from state swing
[2026-06-01 04:51:26,811] WARNING: Velocity attribute does not use the linearization map. Please calculate the velocity using the position attribute.
[2026-06-01 04:51:26,817] INFO: T:13.871, State:swing, Fz:104.56, ThetaRef:60.00, ThetaActual:10.50, EncoderTheta:88.77, EncoderVelocity:-163.43, K:10.00, B:0.50
[2026-06-01 04:51:26,820] DEBUG: No valid transitions from state swing
[2026-06-01 04:51:26,820] WARNING: Velocity attribute does not use the linearization map. Please calculate the velocity using the position attribute.
[2026-06-01 04:51:26,825] INFO: T:13.879, State:swing, Fz:64.58, ThetaRef:60.00, ThetaActual:11.39, EncoderTheta:87.32, EncoderVelocity:-174.96, K:10.00, B:0.50
[2026-06-01 04:51:26,828] DEBUG: No valid transitions from state swing
[2026-06-01 04:51:26,828] WARNING: Velocity attribute does not use the linearization map. Please calculate the velocity using the position attribute.
[2026-06-01 04:51:26,834] INFO: T:13.887, State:swing, Fz:34.60, ThetaRef:60.00, ThetaActual:13.23, EncoderTheta:85.76, EncoderVelocity:-187.81, K:10.00, B:0.50
[2026-06-01 04:51:26,836] DEBUG: No valid transitions from state swing
[2026-06-01 04:51:26,836] WARNING: Velocity attribute does not use the linearization map. Please calculate the velocity using the position attribute.
[2026-06-01 04:51:26,842] INFO: T:13.895, State:swing, Fz:21.21, ThetaRef:60.00, ThetaActual:15.15, EncoderTheta:84.09, EncoderVelocity:-201.14, K:10.00, B:0.50
[2026-06-01 04:51:26,845] DEBUG: No valid transitions from state swing
[2026-06-01 04:51:26,845] WARNING: Velocity attribute does not use the linearization map. Please calculate the velocity using the position attribute.
[2026-06-01 04:51:26,850] INFO: T:13.904, State:swing, Fz:11.06, ThetaRef:60.00, ThetaActual:16.15, EncoderTheta:82.35, EncoderVelocity:-205.12, K:10.00, B:0.50
[2026-06-01 04:51:26,853] DEBUG: No valid transitions from state swing
[2026-06-01 04:51:26,853] WARNING: Velocity attribute does not use the linearization map. Please calculate the velocity using the position attribute.
[2026-06-01 04:51:26,859] INFO: T:13.912, State:swing, Fz:-1.11, ThetaRef:60.00, ThetaActual:18.22, EncoderTheta:80.60, EncoderVelocity:-213.18, K:10.00, B:0.50
[2026-06-01 04:51:26,861] DEBUG: No valid transitions from state swing
[2026-06-01 04:51:26,861] WARNING: Velocity attribute does not use the linearization map. Please calculate the velocity using the position attribute.
[2026-06-01 04:51:26,867] INFO: T:13.920, State:swing, Fz:-14.85, ThetaRef:60.00, ThetaActual:20.36, EncoderTheta:78.84, EncoderVelocity:-211.25, K:10.00, B:0.50
[2026-06-01 04:51:26,869] DEBUG: No valid transitions from state swing
[2026-06-01 04:51:26,870] WARNING: Velocity attribute does not use the linearization map. Please calculate the velocity using the position attribute.
[2026-06-01 04:51:26,875] INFO: T:13.929, State:swing, Fz:-20.28, ThetaRef:60.00, ThetaActual:21.43, EncoderTheta:76.93, EncoderVelocity:-232.65, K:10.00, B:0.50
[2026-06-01 04:51:26,878] DEBUG: No valid transitions from state swing
[2026-06-01 04:51:26,878] WARNING: Velocity attribute does not use the linearization map. Please calculate the velocity using the position attribute.
[2026-06-01 04:51:26,883] INFO: T:13.937, State:swing, Fz:-10.94, ThetaRef:60.00, ThetaActual:23.61, EncoderTheta:75.15, EncoderVelocity:-214.47, K:10.00, B:0.50
[2026-06-01 04:51:26,886] DEBUG: No valid transitions from state swing
[2026-06-01 04:51:26,886] WARNING: Velocity attribute does not use the linearization map. Please calculate the velocity using the position attribute.
[2026-06-01 04:51:26,892] INFO: T:13.945, State:swing, Fz:7.22, ThetaRef:60.00, ThetaActual:25.86, EncoderTheta:73.17, EncoderVelocity:-240.40, K:10.00, B:0.50
[2026-06-01 04:51:26,894] DEBUG: No valid transitions from state swing
[2026-06-01 04:51:26,894] WARNING: Velocity attribute does not use the linearization map. Please calculate the velocity using the position attribute.
[2026-06-01 04:51:26,900] INFO: T:13.954, State:swing, Fz:24.03, ThetaRef:60.00, ThetaActual:26.79, EncoderTheta:71.10, EncoderVelocity:-248.67, K:10.00, B:0.50
[2026-06-01 04:51:26,903] DEBUG: No valid transitions from state swing
[2026-06-01 04:51:26,903] WARNING: Velocity attribute does not use the linearization map. Please calculate the velocity using the position attribute.
[2026-06-01 04:51:26,908] INFO: T:13.962, State:swing, Fz:42.32, ThetaRef:60.00, ThetaActual:29.21, EncoderTheta:68.95, EncoderVelocity:-256.41, K:10.00, B:0.50
[2026-06-01 04:51:26,911] DEBUG: No valid transitions from state swing
[2026-06-01 04:51:26,911] WARNING: Velocity attribute does not use the linearization map. Please calculate the velocity using the position attribute.
[2026-06-01 04:51:26,917] INFO: T:13.970, State:swing, Fz:61.19, ThetaRef:60.00, ThetaActual:31.71, EncoderTheta:66.82, EncoderVelocity:-253.31, K:10.00, B:0.50
[2026-06-01 04:51:26,919] DEBUG: No valid transitions from state swing
[2026-06-01 04:51:26,920] WARNING: Velocity attribute does not use the linearization map. Please calculate the velocity using the position attribute.
[2026-06-01 04:51:26,925] INFO: T:13.979, State:swing, Fz:83.02, ThetaRef:60.00, ThetaActual:32.99, EncoderTheta:64.53, EncoderVelocity:-275.42, K:10.00, B:0.50
[2026-06-01 04:51:26,928] DEBUG: No valid transitions from state swing
[2026-06-01 04:51:26,928] WARNING: Velocity attribute does not use the linearization map. Please calculate the velocity using the position attribute.
[2026-06-01 04:51:26,933] INFO: T:13.987, State:swing, Fz:107.66, ThetaRef:60.00, ThetaActual:35.62, EncoderTheta:62.31, EncoderVelocity:-266.74, K:10.00, B:0.50
[2026-06-01 04:51:26,936] DEBUG: No valid transitions from state swing
[2026-06-01 04:51:26,936] WARNING: Velocity attribute does not use the linearization map. Please calculate the velocity using the position attribute.
[2026-06-01 04:51:26,942] INFO: T:13.995, State:swing, Fz:129.94, ThetaRef:60.00, ThetaActual:38.32, EncoderTheta:59.96, EncoderVelocity:-282.96, K:10.00, B:0.50
[2026-06-01 04:51:26,944] DEBUG: No valid transitions from state swing
[2026-06-01 04:51:26,944] WARNING: Velocity attribute does not use the linearization map. Please calculate the velocity using the position attribute.
[2026-06-01 04:51:26,950] INFO: T:14.004, State:swing, Fz:150.44, ThetaRef:60.00, ThetaActual:39.69, EncoderTheta:57.68, EncoderVelocity:-276.59, K:10.00, B:0.50
[2026-06-01 04:51:26,953] DEBUG: No valid transitions from state swing
[2026-06-01 04:51:26,953] WARNING: Velocity attribute does not use the linearization map. Please calculate the velocity using the position attribute.
[2026-06-01 04:51:26,958] INFO: T:14.012, State:swing, Fz:168.08, ThetaRef:60.00, ThetaActual:42.48, EncoderTheta:55.37, EncoderVelocity:-276.01, K:10.00, B:0.50
[2026-06-01 04:51:26,961] DEBUG: No valid transitions from state swing
[2026-06-01 04:51:26,961] WARNING: Velocity attribute does not use the linearization map. Please calculate the velocity using the position attribute.
[2026-06-01 04:51:26,966] INFO: T:14.020, State:swing, Fz:180.03, ThetaRef:60.00, ThetaActual:45.30, EncoderTheta:52.93, EncoderVelocity:-296.04, K:10.00, B:0.50
[2026-06-01 04:51:26,969] DEBUG: No valid transitions from state swing
[2026-06-01 04:51:26,969] WARNING: Velocity attribute does not use the linearization map. Please calculate the velocity using the position attribute.
[2026-06-01 04:51:26,975] INFO: T:14.028, State:swing, Fz:191.62, ThetaRef:60.00, ThetaActual:46.72, EncoderTheta:50.62, EncoderVelocity:-280.49, K:10.00, B:0.50
[2026-06-01 04:51:26,977] DEBUG: No valid transitions from state swing
[2026-06-01 04:51:26,978] WARNING: Velocity attribute does not use the linearization map. Please calculate the velocity using the position attribute.
[2026-06-01 04:51:26,983] INFO: T:14.037, State:swing, Fz:191.55, ThetaRef:60.00, ThetaActual:49.52, EncoderTheta:48.41, EncoderVelocity:-267.97, K:10.00, B:0.50
[2026-06-01 04:51:26,986] DEBUG: No valid transitions from state swing
[2026-06-01 04:51:26,986] WARNING: Velocity attribute does not use the linearization map. Please calculate the velocity using the position attribute.
[2026-06-01 04:51:26,991] INFO: T:14.045, State:swing, Fz:192.98, ThetaRef:60.00, ThetaActual:52.26, EncoderTheta:46.12, EncoderVelocity:-276.48, K:10.00, B:0.50
[2026-06-01 04:51:26,994] DEBUG: No valid transitions from state swing
[2026-06-01 04:51:26,994] WARNING: Velocity attribute does not use the linearization map. Please calculate the velocity using the position attribute.
[2026-06-01 04:51:27,000] INFO: T:14.053, State:swing, Fz:205.61, ThetaRef:60.00, ThetaActual:53.60, EncoderTheta:43.95, EncoderVelocity:-264.29, K:10.00, B:0.50
[2026-06-01 04:51:27,002] DEBUG: No valid transitions from state swing
[2026-06-01 04:51:27,002] WARNING: Velocity attribute does not use the linearization map. Please calculate the velocity using the position attribute.
[2026-06-01 04:51:27,008] INFO: T:14.061, State:swing, Fz:221.18, ThetaRef:60.00, ThetaActual:56.21, EncoderTheta:41.77, EncoderVelocity:-263.52, K:10.00, B:0.50
[2026-06-01 04:51:27,010] DEBUG: No valid transitions from state swing
[2026-06-01 04:51:27,011] WARNING: Velocity attribute does not use the linearization map. Please calculate the velocity using the position attribute.
[2026-06-01 04:51:27,016] INFO: T:14.070, State:swing, Fz:239.53, ThetaRef:60.00, ThetaActual:58.78, EncoderTheta:39.62, EncoderVelocity:-259.91, K:10.00, B:0.50
[2026-06-01 04:51:27,019] DEBUG: No valid transitions from state swing
[2026-06-01 04:51:27,019] WARNING: Velocity attribute does not use the linearization map. Please calculate the velocity using the position attribute.
[2026-06-01 04:51:27,024] INFO: T:14.078, State:swing, Fz:252.02, ThetaRef:60.00, ThetaActual:60.05, EncoderTheta:37.53, EncoderVelocity:-252.89, K:10.00, B:0.50
[2026-06-01 04:51:27,027] DEBUG: No valid transitions from state swing
[2026-06-01 04:51:27,027] WARNING: Velocity attribute does not use the linearization map. Please calculate the velocity using the position attribute.
[2026-06-01 04:51:27,033] INFO: T:14.086, State:swing, Fz:255.99, ThetaRef:60.00, ThetaActual:62.57, EncoderTheta:35.55, EncoderVelocity:-239.46, K:10.00, B:0.50
[2026-06-01 04:51:27,035] DEBUG: No valid transitions from state swing
[2026-06-01 04:51:27,035] WARNING: Velocity attribute does not use the linearization map. Please calculate the velocity using the position attribute.
[2026-06-01 04:51:27,041] INFO: T:14.095, State:swing, Fz:260.99, ThetaRef:60.00, ThetaActual:65.02, EncoderTheta:33.55, EncoderVelocity:-237.52, K:10.00, B:0.50
[2026-06-01 04:51:27,044] DEBUG: No valid transitions from state swing
[2026-06-01 04:51:27,044] WARNING: Velocity attribute does not use the linearization map. Please calculate the velocity using the position attribute.
[2026-06-01 04:51:27,049] INFO: T:14.103, State:swing, Fz:254.32, ThetaRef:60.00, ThetaActual:66.22, EncoderTheta:31.68, EncoderVelocity:-223.72, K:10.00, B:0.50
[2026-06-01 04:51:27,052] DEBUG: No valid transitions from state swing
[2026-06-01 04:51:27,052] WARNING: Velocity attribute does not use the linearization map. Please calculate the velocity using the position attribute.
[2026-06-01 04:51:27,058] INFO: T:14.111, State:swing, Fz:258.10, ThetaRef:60.00, ThetaActual:68.52, EncoderTheta:29.77, EncoderVelocity:-225.21, K:10.00, B:0.50
[2026-06-01 04:51:27,061] DEBUG: No valid transitions from state swing
[2026-06-01 04:51:27,061] WARNING: Velocity attribute does not use the linearization map. Please calculate the velocity using the position attribute.
[2026-06-01 04:51:27,066] INFO: T:14.120, State:swing, Fz:251.56, ThetaRef:60.00, ThetaActual:70.67, EncoderTheta:28.26, EncoderVelocity:-180.79, K:10.00, B:0.50
[2026-06-01 04:51:27,069] DEBUG: No valid transitions from state swing
[2026-06-01 04:51:27,069] WARNING: Velocity attribute does not use the linearization map. Please calculate the velocity using the position attribute.
[2026-06-01 04:51:27,075] INFO: T:14.128, State:swing, Fz:242.93, ThetaRef:60.00, ThetaActual:71.69, EncoderTheta:26.61, EncoderVelocity:-198.03, K:10.00, B:0.50
[2026-06-01 04:51:27,077] DEBUG: No valid transitions from state swing
[2026-06-01 04:51:27,077] WARNING: Velocity attribute does not use the linearization map. Please calculate the velocity using the position attribute.
[2026-06-01 04:51:27,083] INFO: T:14.136, State:swing, Fz:239.15, ThetaRef:60.00, ThetaActual:73.57, EncoderTheta:25.22, EncoderVelocity:-166.53, K:10.00, B:0.50
[2026-06-01 04:51:27,085] DEBUG: No valid transitions from state swing
[2026-06-01 04:51:27,086] WARNING: Velocity attribute does not use the linearization map. Please calculate the velocity using the position attribute.
[2026-06-01 04:51:27,091] INFO: T:14.145, State:swing, Fz:223.20, ThetaRef:60.00, ThetaActual:75.27, EncoderTheta:24.10, EncoderVelocity:-135.48, K:10.00, B:0.50
[2026-06-01 04:51:27,094] DEBUG: No valid transitions from state swing
[2026-06-01 04:51:27,094] WARNING: Velocity attribute does not use the linearization map. Please calculate the velocity using the position attribute.
[2026-06-01 04:51:27,099] INFO: T:14.153, State:swing, Fz:232.91, ThetaRef:60.00, ThetaActual:76.02, EncoderTheta:22.81, EncoderVelocity:-156.26, K:10.00, B:0.50
[2026-06-01 04:51:27,102] DEBUG: No valid transitions from state swing
[2026-06-01 04:51:27,102] WARNING: Velocity attribute does not use the linearization map. Please calculate the velocity using the position attribute.
[2026-06-01 04:51:27,108] INFO: T:14.161, State:swing, Fz:215.90, ThetaRef:60.00, ThetaActual:77.35, EncoderTheta:22.10, EncoderVelocity:-84.88, K:10.00, B:0.50
[2026-06-01 04:51:27,110] DEBUG: No valid transitions from state swing
[2026-06-01 04:51:27,110] WARNING: Velocity attribute does not use the linearization map. Please calculate the velocity using the position attribute.
[2026-06-01 04:51:27,116] INFO: T:14.170, State:swing, Fz:195.83, ThetaRef:60.00, ThetaActual:78.47, EncoderTheta:21.40, EncoderVelocity:-84.79, K:10.00, B:0.50
[2026-06-01 04:51:27,119] DEBUG: No valid transitions from state swing
[2026-06-01 04:51:27,119] WARNING: Velocity attribute does not use the linearization map. Please calculate the velocity using the position attribute.
[2026-06-01 04:51:27,124] INFO: T:14.178, State:swing, Fz:212.13, ThetaRef:60.00, ThetaActual:78.90, EncoderTheta:20.59, EncoderVelocity:-98.42, K:10.00, B:0.50
[2026-06-01 04:51:27,127] DEBUG: No valid transitions from state swing
[2026-06-01 04:51:27,127] WARNING: Velocity attribute does not use the linearization map. Please calculate the velocity using the position attribute.
[2026-06-01 04:51:27,133] INFO: T:14.186, State:swing, Fz:214.54, ThetaRef:60.00, ThetaActual:79.56, EncoderTheta:20.26, EncoderVelocity:-39.80, K:10.00, B:0.50
[2026-06-01 04:51:27,135] DEBUG: No valid transitions from state swing
[2026-06-01 04:51:27,135] WARNING: Velocity attribute does not use the linearization map. Please calculate the velocity using the position attribute.
[2026-06-01 04:51:27,141] INFO: T:14.194, State:swing, Fz:183.80, ThetaRef:60.00, ThetaActual:80.07, EncoderTheta:20.24, EncoderVelocity:-2.66, K:10.00, B:0.50
[2026-06-01 04:51:27,143] DEBUG: No valid transitions from state swing
[2026-06-01 04:51:27,144] WARNING: Velocity attribute does not use the linearization map. Please calculate the velocity using the position attribute.
[2026-06-01 04:51:27,149] INFO: T:14.203, State:swing, Fz:222.26, ThetaRef:60.00, ThetaActual:80.20, EncoderTheta:19.73, EncoderVelocity:-60.98, K:10.00, B:0.50
[2026-06-01 04:51:27,152] DEBUG: No valid transitions from state swing
[2026-06-01 04:51:27,152] WARNING: Velocity attribute does not use the linearization map. Please calculate the velocity using the position attribute.
[2026-06-01 04:51:27,157] INFO: T:14.211, State:swing, Fz:234.94, ThetaRef:60.00, ThetaActual:80.22, EncoderTheta:19.91, EncoderVelocity:21.26, K:10.00, B:0.50
[2026-06-01 04:51:27,160] DEBUG: No valid transitions from state swing
[2026-06-01 04:51:27,160] WARNING: Velocity attribute does not use the linearization map. Please calculate the velocity using the position attribute.
[2026-06-01 04:51:27,166] INFO: T:14.219, State:swing, Fz:206.27, ThetaRef:60.00, ThetaActual:80.24, EncoderTheta:20.35, EncoderVelocity:53.50, K:10.00, B:0.50
[2026-06-01 04:51:27,168] DEBUG: No valid transitions from state swing
[2026-06-01 04:51:27,168] WARNING: Velocity attribute does not use the linearization map. Please calculate the velocity using the position attribute.
[2026-06-01 04:51:27,174] INFO: T:14.228, State:swing, Fz:202.49, ThetaRef:60.00, ThetaActual:80.19, EncoderTheta:20.13, EncoderVelocity:-26.21, K:10.00, B:0.50
[2026-06-01 04:51:27,177] DEBUG: No valid transitions from state swing
[2026-06-01 04:51:27,177] WARNING: Velocity attribute does not use the linearization map. Please calculate the velocity using the position attribute.
[2026-06-01 04:51:27,182] INFO: T:14.236, State:swing, Fz:216.41, ThetaRef:60.00, ThetaActual:79.90, EncoderTheta:20.35, EncoderVelocity:26.38, K:10.00, B:0.50
[2026-06-01 04:51:27,185] DEBUG: No valid transitions from state swing
[2026-06-01 04:51:27,185] WARNING: Velocity attribute does not use the linearization map. Please calculate the velocity using the position attribute.
[2026-06-01 04:51:27,190] INFO: T:14.244, State:swing, Fz:203.59, ThetaRef:60.00, ThetaActual:79.58, EncoderTheta:20.94, EncoderVelocity:72.14, K:10.00, B:0.50
[2026-06-01 04:51:27,193] DEBUG: No valid transitions from state swing
[2026-06-01 04:51:27,193] WARNING: Velocity attribute does not use the linearization map. Please calculate the velocity using the position attribute.
[2026-06-01 04:51:27,199] INFO: T:14.252, State:swing, Fz:157.52, ThetaRef:60.00, ThetaActual:79.43, EncoderTheta:21.51, EncoderVelocity:68.93, K:10.00, B:0.50
[2026-06-01 04:51:27,201] DEBUG: No valid transitions from state swing
[2026-06-01 04:51:27,202] WARNING: Velocity attribute does not use the linearization map. Please calculate the velocity using the position attribute.
[2026-06-01 04:51:27,207] INFO: T:14.261, State:swing, Fz:152.52, ThetaRef:60.00, ThetaActual:78.92, EncoderTheta:21.88, EncoderVelocity:44.98, K:10.00, B:0.50
[2026-06-01 04:51:27,210] DEBUG: No valid transitions from state swing
[2026-06-01 04:51:27,210] WARNING: Velocity attribute does not use the linearization map. Please calculate the velocity using the position attribute.
[2026-06-01 04:51:27,215] INFO: T:14.269, State:swing, Fz:157.33, ThetaRef:60.00, ThetaActual:78.55, EncoderTheta:22.50, EncoderVelocity:74.04, K:10.00, B:0.50
[2026-06-01 04:51:27,218] DEBUG: No valid transitions from state swing
[2026-06-01 04:51:27,218] WARNING: Velocity attribute does not use the linearization map. Please calculate the velocity using the position attribute.
[2026-06-01 04:51:27,224] INFO: T:14.277, State:swing, Fz:157.32, ThetaRef:60.00, ThetaActual:77.73, EncoderTheta:23.18, EncoderVelocity:82.33, K:10.00, B:0.50
[2026-06-01 04:51:27,226] DEBUG: No valid transitions from state swing
[2026-06-01 04:51:27,226] WARNING: Velocity attribute does not use the linearization map. Please calculate the velocity using the position attribute.
[2026-06-01 04:51:27,232] INFO: T:14.286, State:swing, Fz:213.80, ThetaRef:60.00, ThetaActual:76.84, EncoderTheta:23.58, EncoderVelocity:47.53, K:10.00, B:0.50
[2026-06-01 04:51:27,235] DEBUG: No valid transitions from state swing
[2026-06-01 04:51:27,235] WARNING: Velocity attribute does not use the linearization map. Please calculate the velocity using the position attribute.
[2026-06-01 04:51:27,240] INFO: T:14.294, State:swing, Fz:212.41, ThetaRef:60.00, ThetaActual:76.41, EncoderTheta:24.50, EncoderVelocity:110.77, K:10.00, B:0.50
[2026-06-01 04:51:27,243] DEBUG: No valid transitions from state swing
[2026-06-01 04:51:27,243] WARNING: Velocity attribute does not use the linearization map. Please calculate the velocity using the position attribute.
[2026-06-01 04:51:27,249] INFO: T:14.302, State:swing, Fz:185.66, ThetaRef:60.00, ThetaActual:75.75, EncoderTheta:25.27, EncoderVelocity:92.57, K:10.00, B:0.50
[2026-06-01 04:51:27,251] DEBUG: No valid transitions from state swing
[2026-06-01 04:51:27,251] WARNING: Velocity attribute does not use the linearization map. Please calculate the velocity using the position attribute.
[2026-06-01 04:51:27,257] INFO: T:14.311, State:swing, Fz:212.44, ThetaRef:60.00, ThetaActual:75.01, EncoderTheta:25.40, EncoderVelocity:15.92, K:10.00, B:0.50
[2026-06-01 04:51:27,260] DEBUG: No valid transitions from state swing
[2026-06-01 04:51:27,260] WARNING: Velocity attribute does not use the linearization map. Please calculate the velocity using the position attribute.
[2026-06-01 04:51:27,265] INFO: T:14.319, State:swing, Fz:212.95, ThetaRef:60.00, ThetaActual:74.59, EncoderTheta:26.28, EncoderVelocity:106.86, K:10.00, B:0.50
[2026-06-01 04:51:27,268] DEBUG: No valid transitions from state swing
[2026-06-01 04:51:27,268] WARNING: Velocity attribute does not use the linearization map. Please calculate the velocity using the position attribute.
[2026-06-01 04:51:27,273] INFO: T:14.327, State:swing, Fz:178.91, ThetaRef:60.00, ThetaActual:73.91, EncoderTheta:27.14, EncoderVelocity:105.54, K:10.00, B:0.50
[2026-06-01 04:51:27,276] DEBUG: No valid transitions from state swing
[2026-06-01 04:51:27,276] WARNING: Velocity attribute does not use the linearization map. Please calculate the velocity using the position attribute.
[2026-06-01 04:51:27,282] INFO: T:14.335, State:swing, Fz:138.50, ThetaRef:60.00, ThetaActual:73.18, EncoderTheta:27.93, EncoderVelocity:95.62, K:10.00, B:0.50
[2026-06-01 04:51:27,284] DEBUG: No valid transitions from state swing
[2026-06-01 04:51:27,284] WARNING: Velocity attribute does not use the linearization map. Please calculate the velocity using the position attribute.
[2026-06-01 04:51:27,290] INFO: T:14.343, State:swing, Fz:105.62, ThetaRef:60.00, ThetaActual:72.72, EncoderTheta:28.85, EncoderVelocity:112.25, K:10.00, B:0.50
[2026-06-01 04:51:27,292] DEBUG: No valid transitions from state swing
[2026-06-01 04:51:27,293] WARNING: Velocity attribute does not use the linearization map. Please calculate the velocity using the position attribute.
[2026-06-01 04:51:27,298] INFO: T:14.352, State:swing, Fz:83.67, ThetaRef:60.00, ThetaActual:71.61, EncoderTheta:29.88, EncoderVelocity:124.49, K:10.00, B:0.50
[2026-06-01 04:51:27,301] DEBUG: No valid transitions from state swing
[2026-06-01 04:51:27,301] WARNING: Velocity attribute does not use the linearization map. Please calculate the velocity using the position attribute.
[2026-06-01 04:51:27,307] INFO: T:14.360, State:swing, Fz:93.93, ThetaRef:60.00, ThetaActual:70.24, EncoderTheta:30.74, EncoderVelocity:102.42, K:10.00, B:0.50
[2026-06-01 04:51:27,309] DEBUG: No valid transitions from state swing
[2026-06-01 04:51:27,309] WARNING: Velocity attribute does not use the linearization map. Please calculate the velocity using the position attribute.
[2026-06-01 04:51:27,315] INFO: T:14.368, State:swing, Fz:163.35, ThetaRef:60.00, ThetaActual:69.48, EncoderTheta:31.60, EncoderVelocity:102.57, K:10.00, B:0.50
[2026-06-01 04:51:27,317] DEBUG: No valid transitions from state swing
[2026-06-01 04:51:27,318] WARNING: Velocity attribute does not use the linearization map. Please calculate the velocity using the position attribute.
[2026-06-01 04:51:27,323] INFO: T:14.377, State:swing, Fz:211.14, ThetaRef:60.00, ThetaActual:68.09, EncoderTheta:32.76, EncoderVelocity:140.58, K:10.00, B:0.50
[2026-06-01 04:51:27,326] DEBUG: No valid transitions from state swing
[2026-06-01 04:51:27,326] WARNING: Velocity attribute does not use the linearization map. Please calculate the velocity using the position attribute.
[2026-06-01 04:51:27,332] INFO: T:14.385, State:swing, Fz:196.77, ThetaRef:60.00, ThetaActual:67.05, EncoderTheta:33.71, EncoderVelocity:112.57, K:10.00, B:0.50
[2026-06-01 04:51:27,334] DEBUG: No valid transitions from state swing
[2026-06-01 04:51:27,334] WARNING: Velocity attribute does not use the linearization map. Please calculate the velocity using the position attribute.
[2026-06-01 04:51:27,340] INFO: T:14.393, State:swing, Fz:195.11, ThetaRef:60.00, ThetaActual:66.58, EncoderTheta:34.39, EncoderVelocity:81.51, K:10.00, B:0.50
[2026-06-01 04:51:27,343] DEBUG: No valid transitions from state swing
[2026-06-01 04:51:27,343] WARNING: Velocity attribute does not use the linearization map. Please calculate the velocity using the position attribute.
[2026-06-01 04:51:27,348] INFO: T:14.402, State:swing, Fz:197.36, ThetaRef:60.00, ThetaActual:65.60, EncoderTheta:35.27, EncoderVelocity:105.52, K:10.00, B:0.50
[2026-06-01 04:51:27,351] DEBUG: No valid transitions from state swing
[2026-06-01 04:51:27,351] WARNING: Velocity attribute does not use the linearization map. Please calculate the velocity using the position attribute.
[2026-06-01 04:51:27,356] INFO: T:14.410, State:swing, Fz:160.27, ThetaRef:60.00, ThetaActual:64.74, EncoderTheta:36.15, EncoderVelocity:106.42, K:10.00, B:0.50
[2026-06-01 04:51:27,359] DEBUG: No valid transitions from state swing
[2026-06-01 04:51:27,359] WARNING: Velocity attribute does not use the linearization map. Please calculate the velocity using the position attribute.
[2026-06-01 04:51:27,365] INFO: T:14.418, State:swing, Fz:125.24, ThetaRef:60.00, ThetaActual:64.31, EncoderTheta:37.00, EncoderVelocity:103.19, K:10.00, B:0.50
[2026-06-01 04:51:27,367] DEBUG: No valid transitions from state swing
[2026-06-01 04:51:27,367] WARNING: Velocity attribute does not use the linearization map. Please calculate the velocity using the position attribute.
[2026-06-01 04:51:27,373] INFO: T:14.427, State:swing, Fz:100.12, ThetaRef:60.00, ThetaActual:63.30, EncoderTheta:37.99, EncoderVelocity:119.83, K:10.00, B:0.50
[2026-06-01 04:51:27,376] DEBUG: No valid transitions from state swing
[2026-06-01 04:51:27,376] WARNING: Velocity attribute does not use the linearization map. Please calculate the velocity using the position attribute.
[2026-06-01 04:51:27,381] INFO: T:14.435, State:swing, Fz:83.45, ThetaRef:60.00, ThetaActual:62.11, EncoderTheta:39.07, EncoderVelocity:129.50, K:10.00, B:0.50
[2026-06-01 04:51:27,384] DEBUG: No valid transitions from state swing
[2026-06-01 04:51:27,384] WARNING: Velocity attribute does not use the linearization map. Please calculate the velocity using the position attribute.
[2026-06-01 04:51:27,389] INFO: T:14.443, State:swing, Fz:70.85, ThetaRef:60.00, ThetaActual:61.45, EncoderTheta:40.25, EncoderVelocity:145.04, K:10.00, B:0.50
[2026-06-01 04:51:27,392] DEBUG: No valid transitions from state swing
[2026-06-01 04:51:27,392] WARNING: Velocity attribute does not use the linearization map. Please calculate the velocity using the position attribute.
[2026-06-01 04:51:27,398] INFO: T:14.451, State:swing, Fz:68.19, ThetaRef:60.00, ThetaActual:60.02, EncoderTheta:41.46, EncoderVelocity:145.28, K:10.00, B:0.50
[2026-06-01 04:51:27,400] DEBUG: No valid transitions from state swing
[2026-06-01 04:51:27,400] WARNING: Velocity attribute does not use the linearization map. Please calculate the velocity using the position attribute.
[2026-06-01 04:51:27,406] INFO: T:14.460, State:swing, Fz:63.25, ThetaRef:60.00, ThetaActual:58.49, EncoderTheta:42.82, EncoderVelocity:164.98, K:10.00, B:0.50
[2026-06-01 04:51:27,409] DEBUG: No valid transitions from state swing
[2026-06-01 04:51:27,409] WARNING: Velocity attribute does not use the linearization map. Please calculate the velocity using the position attribute.
[2026-06-01 04:51:27,414] INFO: T:14.468, State:swing, Fz:61.45, ThetaRef:60.00, ThetaActual:57.69, EncoderTheta:44.17, EncoderVelocity:162.99, K:10.00, B:0.50
[2026-06-01 04:51:27,417] DEBUG: No valid transitions from state swing
[2026-06-01 04:51:27,417] WARNING: Velocity attribute does not use the linearization map. Please calculate the velocity using the position attribute.
[2026-06-01 04:51:27,423] INFO: T:14.476, State:swing, Fz:58.59, ThetaRef:60.00, ThetaActual:56.03, EncoderTheta:45.64, EncoderVelocity:177.78, K:10.00, B:0.50
[2026-06-01 04:51:27,425] DEBUG: No valid transitions from state swing
[2026-06-01 04:51:27,425] WARNING: Velocity attribute does not use the linearization map. Please calculate the velocity using the position attribute.
[2026-06-01 04:51:27,431] INFO: T:14.485, State:swing, Fz:50.36, ThetaRef:60.00, ThetaActual:54.30, EncoderTheta:47.18, EncoderVelocity:182.79, K:10.00, B:0.50
[2026-06-01 04:51:27,434] DEBUG: No valid transitions from state swing
[2026-06-01 04:51:27,434] WARNING: Velocity attribute does not use the linearization map. Please calculate the velocity using the position attribute.
[2026-06-01 04:51:27,439] INFO: T:14.493, State:swing, Fz:40.11, ThetaRef:60.00, ThetaActual:53.40, EncoderTheta:48.87, EncoderVelocity:200.55, K:10.00, B:0.50
[2026-06-01 04:51:27,442] DEBUG: No valid transitions from state swing
[2026-06-01 04:51:27,442] WARNING: Velocity attribute does not use the linearization map. Please calculate the velocity using the position attribute.
[2026-06-01 04:51:27,448] INFO: T:14.501, State:swing, Fz:32.31, ThetaRef:60.00, ThetaActual:51.50, EncoderTheta:50.62, EncoderVelocity:210.27, K:10.00, B:0.50
[2026-06-01 04:51:27,450] DEBUG: No valid transitions from state swing
[2026-06-01 04:51:27,451] WARNING: Velocity attribute does not use the linearization map. Please calculate the velocity using the position attribute.
[2026-06-01 04:51:27,456] INFO: T:14.510, State:swing, Fz:24.37, ThetaRef:60.00, ThetaActual:49.49, EncoderTheta:52.38, EncoderVelocity:211.93, K:10.00, B:0.50
[2026-06-01 04:51:27,459] DEBUG: No valid transitions from state swing
[2026-06-01 04:51:27,459] WARNING: Velocity attribute does not use the linearization map. Please calculate the velocity using the position attribute.
[2026-06-01 04:51:27,464] INFO: T:14.518, State:swing, Fz:18.32, ThetaRef:60.00, ThetaActual:48.44, EncoderTheta:54.25, EncoderVelocity:224.35, K:10.00, B:0.50
[2026-06-01 04:51:27,467] DEBUG: No valid transitions from state swing
[2026-06-01 04:51:27,467] WARNING: Velocity attribute does not use the linearization map. Please calculate the velocity using the position attribute.
[2026-06-01 04:51:27,473] INFO: T:14.526, State:swing, Fz:11.72, ThetaRef:60.00, ThetaActual:46.26, EncoderTheta:56.23, EncoderVelocity:236.96, K:10.00, B:0.50
[2026-06-01 04:51:27,475] DEBUG: No valid transitions from state swing
[2026-06-01 04:51:27,476] WARNING: Velocity attribute does not use the linearization map. Please calculate the velocity using the position attribute.
[2026-06-01 04:51:27,481] INFO: T:14.535, State:swing, Fz:5.69, ThetaRef:60.00, ThetaActual:43.97, EncoderTheta:58.16, EncoderVelocity:232.75, K:10.00, B:0.50
[2026-06-01 04:51:27,484] DEBUG: No valid transitions from state swing
[2026-06-01 04:51:27,484] WARNING: Velocity attribute does not use the linearization map. Please calculate the velocity using the position attribute.
[2026-06-01 04:51:27,489] INFO: T:14.543, State:swing, Fz:2.57, ThetaRef:60.00, ThetaActual:42.79, EncoderTheta:60.29, EncoderVelocity:257.28, K:10.00, B:0.50
[2026-06-01 04:51:27,492] DEBUG: No valid transitions from state swing
[2026-06-01 04:51:27,492] WARNING: Velocity attribute does not use the linearization map. Please calculate the velocity using the position attribute.
[2026-06-01 04:51:27,498] INFO: T:14.551, State:swing, Fz:-2.78, ThetaRef:60.00, ThetaActual:40.36, EncoderTheta:62.38, EncoderVelocity:254.07, K:10.00, B:0.50
[2026-06-01 04:51:27,500] DEBUG: No valid transitions from state swing
[2026-06-01 04:51:27,500] WARNING: Velocity attribute does not use the linearization map. Please calculate the velocity using the position attribute.
[2026-06-01 04:51:27,506] INFO: T:14.559, State:swing, Fz:-5.87, ThetaRef:60.00, ThetaActual:37.84, EncoderTheta:64.47, EncoderVelocity:251.88, K:10.00, B:0.50
[2026-06-01 04:51:27,508] DEBUG: No valid transitions from state swing
[2026-06-01 04:51:27,509] WARNING: Velocity attribute does not use the linearization map. Please calculate the velocity using the position attribute.
[2026-06-01 04:51:27,514] INFO: T:14.568, State:swing, Fz:-6.73, ThetaRef:60.00, ThetaActual:36.56, EncoderTheta:66.67, EncoderVelocity:265.42, K:10.00, B:0.50
[2026-06-01 04:51:27,517] DEBUG: No valid transitions from state swing
[2026-06-01 04:51:27,517] WARNING: Velocity attribute does not use the linearization map. Please calculate the velocity using the position attribute.
[2026-06-01 04:51:27,522] INFO: T:14.576, State:swing, Fz:-7.92, ThetaRef:60.00, ThetaActual:33.95, EncoderTheta:68.93, EncoderVelocity:273.21, K:10.00, B:0.50
[2026-06-01 04:51:27,525] DEBUG: No valid transitions from state swing
[2026-06-01 04:51:27,525] WARNING: Velocity attribute does not use the linearization map. Please calculate the velocity using the position attribute.
[2026-06-01 04:51:27,531] INFO: T:14.584, State:swing, Fz:-6.36, ThetaRef:60.00, ThetaActual:31.30, EncoderTheta:71.08, EncoderVelocity:261.17, K:10.00, B:0.50
[2026-06-01 04:51:27,533] DEBUG: No valid transitions from state swing
[2026-06-01 04:51:27,533] WARNING: Velocity attribute does not use the linearization map. Please calculate the velocity using the position attribute.
[2026-06-01 04:51:27,539] INFO: T:14.593, State:swing, Fz:-10.56, ThetaRef:60.00, ThetaActual:29.97, EncoderTheta:73.32, EncoderVelocity:268.17, K:10.00, B:0.50
[2026-06-01 04:51:27,542] DEBUG: No valid transitions from state swing
[2026-06-01 04:51:27,542] WARNING: Velocity attribute does not use the linearization map. Please calculate the velocity using the position attribute.
[2026-06-01 04:51:27,547] INFO: T:14.601, State:swing, Fz:-12.31, ThetaRef:60.00, ThetaActual:27.30, EncoderTheta:75.56, EncoderVelocity:271.10, K:10.00, B:0.50
[2026-06-01 04:51:27,550] DEBUG: No valid transitions from state swing
[2026-06-01 04:51:27,550] WARNING: Velocity attribute does not use the linearization map. Please calculate the velocity using the position attribute.
[2026-06-01 04:51:27,556] INFO: T:14.609, State:swing, Fz:-14.12, ThetaRef:60.00, ThetaActual:24.62, EncoderTheta:77.78, EncoderVelocity:266.20, K:10.00, B:0.50
[2026-06-01 04:51:27,558] DEBUG: No valid transitions from state swing
[2026-06-01 04:51:27,558] WARNING: Velocity attribute does not use the linearization map. Please calculate the velocity using the position attribute.
[2026-06-01 04:51:27,564] INFO: T:14.617, State:swing, Fz:-17.01, ThetaRef:60.00, ThetaActual:23.29, EncoderTheta:80.00, EncoderVelocity:267.91, K:10.00, B:0.50
[2026-06-01 04:51:27,567] DEBUG: No valid transitions from state swing
[2026-06-01 04:51:27,567] WARNING: Velocity attribute does not use the linearization map. Please calculate the velocity using the position attribute.
[2026-06-01 04:51:27,572] INFO: T:14.626, State:swing, Fz:-17.73, ThetaRef:60.00, ThetaActual:20.63, EncoderTheta:82.31, EncoderVelocity:271.38, K:10.00, B:0.50
[2026-06-01 04:51:27,575] DEBUG: No valid transitions from state swing
[2026-06-01 04:51:27,575] WARNING: Velocity attribute does not use the linearization map. Please calculate the velocity using the position attribute.
[2026-06-01 04:51:27,581] INFO: T:14.634, State:swing, Fz:-16.29, ThetaRef:60.00, ThetaActual:18.00, EncoderTheta:84.42, EncoderVelocity:252.32, K:10.00, B:0.50
[2026-06-01 04:51:27,584] DEBUG: No valid transitions from state swing
[2026-06-01 04:51:27,584] WARNING: Velocity attribute does not use the linearization map. Please calculate the velocity using the position attribute.
[2026-06-01 04:51:27,589] INFO: T:14.643, State:swing, Fz:-19.17, ThetaRef:60.00, ThetaActual:16.70, EncoderTheta:86.64, EncoderVelocity:264.12, K:10.00, B:0.50
[2026-06-01 04:51:27,592] DEBUG: No valid transitions from state swing
[2026-06-01 04:51:27,592] WARNING: Velocity attribute does not use the linearization map. Please calculate the velocity using the position attribute.
[2026-06-01 04:51:27,597] INFO: T:14.651, State:swing, Fz:-19.86, ThetaRef:60.00, ThetaActual:14.14, EncoderTheta:88.70, EncoderVelocity:249.30, K:10.00, B:0.50
[2026-06-01 04:51:27,600] DEBUG: No valid transitions from state swing
[2026-06-01 04:51:27,600] WARNING: Velocity attribute does not use the linearization map. Please calculate the velocity using the position attribute.
[2026-06-01 04:51:27,606] INFO: T:14.659, State:swing, Fz:-18.89, ThetaRef:60.00, ThetaActual:11.64, EncoderTheta:90.68, EncoderVelocity:237.65, K:10.00, B:0.50
[2026-06-01 04:51:27,608] DEBUG: No valid transitions from state swing
[2026-06-01 04:51:27,608] WARNING: Velocity attribute does not use the linearization map. Please calculate the velocity using the position attribute.
[2026-06-01 04:51:27,614] INFO: T:14.668, State:swing, Fz:-20.15, ThetaRef:60.00, ThetaActual:10.41, EncoderTheta:92.61, EncoderVelocity:234.17, K:10.00, B:0.50
[2026-06-01 04:51:27,617] DEBUG: No valid transitions from state swing
[2026-06-01 04:51:27,617] WARNING: Velocity attribute does not use the linearization map. Please calculate the velocity using the position attribute.
[2026-06-01 04:51:27,622] INFO: T:14.676, State:swing, Fz:-17.66, ThetaRef:60.00, ThetaActual:8.03, EncoderTheta:94.42, EncoderVelocity:218.48, K:10.00, B:0.50
[2026-06-01 04:51:27,625] DEBUG: No valid transitions from state swing
[2026-06-01 04:51:27,625] WARNING: Velocity attribute does not use the linearization map. Please calculate the velocity using the position attribute.
[2026-06-01 04:51:27,630] INFO: T:14.684, State:swing, Fz:-17.71, ThetaRef:60.00, ThetaActual:6.87, EncoderTheta:96.24, EncoderVelocity:222.58, K:10.00, B:0.50
[2026-06-01 04:51:27,633] DEBUG: No valid transitions from state swing
[2026-06-01 04:51:27,633] WARNING: Velocity attribute does not use the linearization map. Please calculate the velocity using the position attribute.
[2026-06-01 04:51:27,639] INFO: T:14.692, State:swing, Fz:-18.76, ThetaRef:60.00, ThetaActual:4.63, EncoderTheta:98.04, EncoderVelocity:218.32, K:10.00, B:0.50
[2026-06-01 04:51:27,641] DEBUG: No valid transitions from state swing
[2026-06-01 04:51:27,641] WARNING: Velocity attribute does not use the linearization map. Please calculate the velocity using the position attribute.
[2026-06-01 04:51:27,647] INFO: T:14.701, State:swing, Fz:-20.04, ThetaRef:60.00, ThetaActual:2.51, EncoderTheta:99.69, EncoderVelocity:199.82, K:10.00, B:0.50
[2026-06-01 04:51:27,650] WARNING: Velocity attribute does not use the linearization map. Please calculate the velocity using the position attribute.
[2026-06-01 04:51:27,655] INFO: T:14.709, State:stance, Fz:-65.27, ThetaRef:5.00, ThetaActual:1.49, EncoderTheta:100.26, EncoderVelocity:69.08, K:500.00, B:20.00
[2026-06-01 04:51:27,658] DEBUG: No valid transitions from state stance
[2026-06-01 04:51:27,658] WARNING: Velocity attribute does not use the linearization map. Please calculate the velocity using the position attribute.
[2026-06-01 04:51:27,663] INFO: T:14.717, State:stance, Fz:-100.73, ThetaRef:5.00, ThetaActual:-0.39, EncoderTheta:100.28, EncoderVelocity:2.67, K:500.00, B:20.00
[2026-06-01 04:51:27,666] DEBUG: No valid transitions from state stance
[2026-06-01 04:51:27,666] WARNING: Velocity attribute does not use the linearization map. Please calculate the velocity using the position attribute.
[2026-06-01 04:51:27,672] INFO: T:14.725, State:stance, Fz:-49.06, ThetaRef:5.00, ThetaActual:-1.14, EncoderTheta:100.22, EncoderVelocity:-7.94, K:500.00, B:20.00
[2026-06-01 04:51:27,674] DEBUG: No valid transitions from state stance
[2026-06-01 04:51:27,674] WARNING: Velocity attribute does not use the linearization map. Please calculate the velocity using the position attribute.
[2026-06-01 04:51:27,680] INFO: T:14.734, State:stance, Fz:-53.54, ThetaRef:5.00, ThetaActual:-0.77, EncoderTheta:100.13, EncoderVelocity:-10.61, K:500.00, B:20.00
[2026-06-01 04:51:27,683] DEBUG: No valid transitions from state stance
[2026-06-01 04:51:27,683] WARNING: Velocity attribute does not use the linearization map. Please calculate the velocity using the position attribute.
[2026-06-01 04:51:27,688] INFO: T:14.742, State:stance, Fz:-59.06, ThetaRef:5.00, ThetaActual:0.33, EncoderTheta:100.04, EncoderVelocity:-10.73, K:500.00, B:20.00
[2026-06-01 04:51:27,691] DEBUG: No valid transitions from state stance
[2026-06-01 04:51:27,691] WARNING: Velocity attribute does not use the linearization map. Please calculate the velocity using the position attribute.
[2026-06-01 04:51:27,696] INFO: T:14.750, State:stance, Fz:-35.78, ThetaRef:5.00, ThetaActual:0.61, EncoderTheta:100.06, EncoderVelocity:2.68, K:500.00, B:20.00
[2026-06-01 04:51:27,699] DEBUG: No valid transitions from state stance
[2026-06-01 04:51:27,699] WARNING: Velocity attribute does not use the linearization map. Please calculate the velocity using the position attribute.
[2026-06-01 04:51:27,705] INFO: T:14.758, State:stance, Fz:-38.01, ThetaRef:5.00, ThetaActual:0.56, EncoderTheta:100.06, EncoderVelocity:0.00, K:500.00, B:20.00
[2026-06-01 04:51:27,707] DEBUG: No valid transitions from state stance
[2026-06-01 04:51:27,707] WARNING: Velocity attribute does not use the linearization map. Please calculate the velocity using the position attribute.
[2026-06-01 04:51:27,713] INFO: T:14.766, State:stance, Fz:-42.76, ThetaRef:5.00, ThetaActual:0.51, EncoderTheta:100.04, EncoderVelocity:-2.68, K:500.00, B:20.00
[2026-06-01 04:51:27,715] DEBUG: No valid transitions from state stance
[2026-06-01 04:51:27,716] WARNING: Velocity attribute does not use the linearization map. Please calculate the velocity using the position attribute.
[2026-06-01 04:51:27,721] INFO: T:14.775, State:stance, Fz:-32.82, ThetaRef:5.00, ThetaActual:0.52, EncoderTheta:100.09, EncoderVelocity:5.29, K:500.00, B:20.00
[2026-06-01 04:51:27,724] WARNING: Velocity attribute does not use the linearization map. Please calculate the velocity using the position attribute.
[2026-06-01 04:51:27,729] INFO: T:14.783, State:swing, Fz:-24.29, ThetaRef:60.00, ThetaActual:0.52, EncoderTheta:100.02, EncoderVelocity:-7.97, K:10.00, B:0.50
[2026-06-01 04:51:27,732] DEBUG: No valid transitions from state swing
[2026-06-01 04:51:27,732] WARNING: Velocity attribute does not use the linearization map. Please calculate the velocity using the position attribute.
[2026-06-01 04:51:27,738] INFO: T:14.791, State:swing, Fz:-19.81, ThetaRef:60.00, ThetaActual:0.52, EncoderTheta:100.04, EncoderVelocity:2.67, K:10.00, B:0.50
[2026-06-01 04:51:27,740] DEBUG: No valid transitions from state swing
[2026-06-01 04:51:27,740] WARNING: Velocity attribute does not use the linearization map. Please calculate the velocity using the position attribute.
[2026-06-01 04:51:27,746] INFO: T:14.800, State:swing, Fz:-12.89, ThetaRef:60.00, ThetaActual:0.53, EncoderTheta:100.06, EncoderVelocity:2.64, K:10.00, B:0.50
[2026-06-01 04:51:27,749] DEBUG: No valid transitions from state swing
[2026-06-01 04:51:27,749] WARNING: Velocity attribute does not use the linearization map. Please calculate the velocity using the position attribute.
[2026-06-01 04:51:27,754] INFO: T:14.808, State:swing, Fz:-8.55, ThetaRef:60.00, ThetaActual:0.55, EncoderTheta:99.98, EncoderVelocity:-10.57, K:10.00, B:0.50
[2026-06-01 04:51:27,757] DEBUG: No valid transitions from state swing
[2026-06-01 04:51:27,757] WARNING: Velocity attribute does not use the linearization map. Please calculate the velocity using the position attribute.
[2026-06-01 04:51:27,762] INFO: T:14.816, State:swing, Fz:-8.78, ThetaRef:60.00, ThetaActual:0.65, EncoderTheta:99.93, EncoderVelocity:-5.32, K:10.00, B:0.50
[2026-06-01 04:51:27,765] DEBUG: No valid transitions from state swing
[2026-06-01 04:51:27,765] WARNING: Velocity attribute does not use the linearization map. Please calculate the velocity using the position attribute.
[2026-06-01 04:51:27,771] INFO: T:14.824, State:swing, Fz:-6.97, ThetaRef:60.00, ThetaActual:0.76, EncoderTheta:99.87, EncoderVelocity:-8.03, K:10.00, B:0.50
[2026-06-01 04:51:27,773] DEBUG: No valid transitions from state swing
[2026-06-01 04:51:27,773] WARNING: Velocity attribute does not use the linearization map. Please calculate the velocity using the position attribute.
[2026-06-01 04:51:27,779] INFO: T:14.833, State:swing, Fz:-2.58, ThetaRef:60.00, ThetaActual:0.81, EncoderTheta:99.76, EncoderVelocity:-13.33, K:10.00, B:0.50
[2026-06-01 04:51:27,782] DEBUG: No valid transitions from state swing
[2026-06-01 04:51:27,782] WARNING: Velocity attribute does not use the linearization map. Please calculate the velocity using the position attribute.
[2026-06-01 04:51:27,787] INFO: T:14.841, State:swing, Fz:1.29, ThetaRef:60.00, ThetaActual:0.94, EncoderTheta:99.69, EncoderVelocity:-8.01, K:10.00, B:0.50
[2026-06-01 04:51:27,790] DEBUG: No valid transitions from state swing
[2026-06-01 04:51:27,790] WARNING: Velocity attribute does not use the linearization map. Please calculate the velocity using the position attribute.
[2026-06-01 04:51:27,795] INFO: T:14.849, State:swing, Fz:1.73, ThetaRef:60.00, ThetaActual:1.00, EncoderTheta:99.60, EncoderVelocity:-10.58, K:10.00, B:0.50
[2026-06-01 04:51:27,798] DEBUG: No valid transitions from state swing
[2026-06-01 04:51:27,798] WARNING: Velocity attribute does not use the linearization map. Please calculate the velocity using the position attribute.
[2026-06-01 04:51:27,804] INFO: T:14.857, State:swing, Fz:1.07, ThetaRef:60.00, ThetaActual:1.14, EncoderTheta:99.47, EncoderVelocity:-15.78, K:10.00, B:0.50
[2026-06-01 04:51:27,806] DEBUG: No valid transitions from state swing
[2026-06-01 04:51:27,807] WARNING: Velocity attribute does not use the linearization map. Please calculate the velocity using the position attribute.
[2026-06-01 04:51:27,812] INFO: T:14.866, State:swing, Fz:1.54, ThetaRef:60.00, ThetaActual:1.28, EncoderTheta:99.36, EncoderVelocity:-13.33, K:10.00, B:0.50
[2026-06-01 04:51:27,815] DEBUG: No valid transitions from state swing
[2026-06-01 04:51:27,815] WARNING: Velocity attribute does not use the linearization map. Please calculate the velocity using the position attribute.
[2026-06-01 04:51:27,820] INFO: T:14.874, State:swing, Fz:2.38, ThetaRef:60.00, ThetaActual:1.36, EncoderTheta:99.16, EncoderVelocity:-23.85, K:10.00, B:0.50
[2026-06-01 04:51:27,823] DEBUG: No valid transitions from state swing
[2026-06-01 04:51:27,823] WARNING: Velocity attribute does not use the linearization map. Please calculate the velocity using the position attribute.
[2026-06-01 04:51:27,829] INFO: T:14.882, State:swing, Fz:3.05, ThetaRef:60.00, ThetaActual:1.49, EncoderTheta:99.16, EncoderVelocity:0.00, K:10.00, B:0.50
[2026-06-01 04:51:27,831] DEBUG: No valid transitions from state swing
[2026-06-01 04:51:27,832] WARNING: Velocity attribute does not use the linearization map. Please calculate the velocity using the position attribute.
[2026-06-01 04:51:27,837] INFO: T:14.891, State:swing, Fz:2.55, ThetaRef:60.00, ThetaActual:1.63, EncoderTheta:98.99, EncoderVelocity:-20.90, K:10.00, B:0.50
[2026-06-01 04:51:27,840] DEBUG: No valid transitions from state swing
[2026-06-01 04:51:27,840] WARNING: Velocity attribute does not use the linearization map. Please calculate the velocity using the position attribute.
[2026-06-01 04:51:27,845] INFO: T:14.899, State:swing, Fz:2.18, ThetaRef:60.00, ThetaActual:1.69, EncoderTheta:98.90, EncoderVelocity:-10.54, K:10.00, B:0.50
[2026-06-01 04:51:27,848] DEBUG: No valid transitions from state swing
[2026-06-01 04:51:27,848] WARNING: Velocity attribute does not use the linearization map. Please calculate the velocity using the position attribute.
[2026-06-01 04:51:27,854] INFO: T:14.907, State:swing, Fz:1.39, ThetaRef:60.00, ThetaActual:1.81, EncoderTheta:98.77, EncoderVelocity:-15.99, K:10.00, B:0.50
[2026-06-01 04:51:27,856] DEBUG: No valid transitions from state swing
[2026-06-01 04:51:27,857] WARNING: Velocity attribute does not use the linearization map. Please calculate the velocity using the position attribute.
[2026-06-01 04:51:27,862] INFO: T:14.916, State:swing, Fz:2.74, ThetaRef:60.00, ThetaActual:1.93, EncoderTheta:98.75, EncoderVelocity:-2.60, K:10.00, B:0.50
[2026-06-01 04:51:27,865] DEBUG: No valid transitions from state swing
[2026-06-01 04:51:27,865] WARNING: Velocity attribute does not use the linearization map. Please calculate the velocity using the position attribute.
[2026-06-01 04:51:27,870] INFO: T:14.924, State:swing, Fz:3.80, ThetaRef:60.00, ThetaActual:1.98, EncoderTheta:98.64, EncoderVelocity:-13.35, K:10.00, B:0.50
[2026-06-01 04:51:27,873] DEBUG: No valid transitions from state swing
[2026-06-01 04:51:27,873] WARNING: Velocity attribute does not use the linearization map. Please calculate the velocity using the position attribute.
[2026-06-01 04:51:27,878] INFO: T:14.932, State:swing, Fz:3.62, ThetaRef:60.00, ThetaActual:2.09, EncoderTheta:98.48, EncoderVelocity:-18.92, K:10.00, B:0.50
[2026-06-01 04:51:27,881] DEBUG: No valid transitions from state swing
[2026-06-01 04:51:27,881] WARNING: Velocity attribute does not use the linearization map. Please calculate the velocity using the position attribute.
[2026-06-01 04:51:27,886] INFO: T:14.940, State:swing, Fz:3.48, ThetaRef:60.00, ThetaActual:2.19, EncoderTheta:98.48, EncoderVelocity:0.00, K:10.00, B:0.50
[2026-06-01 04:51:27,889] DEBUG: No valid transitions from state swing
[2026-06-01 04:51:27,889] WARNING: Velocity attribute does not use the linearization map. Please calculate the velocity using the position attribute.
[2026-06-01 04:51:27,894] INFO: T:14.948, State:swing, Fz:5.34, ThetaRef:60.00, ThetaActual:2.24, EncoderTheta:98.42, EncoderVelocity:-8.17, K:10.00, B:0.50
[2026-06-01 04:51:27,897] DEBUG: No valid transitions from state swing
[2026-06-01 04:51:27,897] WARNING: Velocity attribute does not use the linearization map. Please calculate the velocity using the position attribute.
[2026-06-01 04:51:27,903] INFO: T:14.956, State:swing, Fz:6.76, ThetaRef:60.00, ThetaActual:2.33, EncoderTheta:98.31, EncoderVelocity:-13.57, K:10.00, B:0.50
[2026-06-01 04:51:27,905] DEBUG: No valid transitions from state swing
[2026-06-01 04:51:27,905] WARNING: Velocity attribute does not use the linearization map. Please calculate the velocity using the position attribute.
[2026-06-01 04:51:27,911] INFO: T:14.964, State:swing, Fz:8.85, ThetaRef:60.00, ThetaActual:2.43, EncoderTheta:98.17, EncoderVelocity:-16.35, K:10.00, B:0.50
[2026-06-01 04:51:27,913] DEBUG: No valid transitions from state swing
[2026-06-01 04:51:27,913] WARNING: Velocity attribute does not use the linearization map. Please calculate the velocity using the position attribute.
[2026-06-01 04:51:27,919] INFO: T:14.972, State:swing, Fz:9.94, ThetaRef:60.00, ThetaActual:2.48, EncoderTheta:98.15, EncoderVelocity:-2.74, K:10.00, B:0.50
[2026-06-01 04:51:27,921] DEBUG: No valid transitions from state swing
[2026-06-01 04:51:27,921] WARNING: Velocity attribute does not use the linearization map. Please calculate the velocity using the position attribute.
[2026-06-01 04:51:27,927] INFO: T:14.980, State:swing, Fz:7.33, ThetaRef:60.00, ThetaActual:2.58, EncoderTheta:98.04, EncoderVelocity:-13.60, K:10.00, B:0.50
[2026-06-01 04:51:27,929] DEBUG: No valid transitions from state swing
[2026-06-01 04:51:27,929] WARNING: Velocity attribute does not use the linearization map. Please calculate the velocity using the position attribute.
[2026-06-01 04:51:27,935] INFO: T:14.989, State:swing, Fz:6.35, ThetaRef:60.00, ThetaActual:2.63, EncoderTheta:98.02, EncoderVelocity:-2.74, K:10.00, B:0.50
[2026-06-01 04:51:27,937] DEBUG: No valid transitions from state swing
[2026-06-01 04:51:27,937] WARNING: Velocity attribute does not use the linearization map. Please calculate the velocity using the position attribute.
[2026-06-01 04:51:27,943] INFO: T:14.997, State:swing, Fz:5.58, ThetaRef:60.00, ThetaActual:2.73, EncoderTheta:97.87, EncoderVelocity:-19.25, K:10.00, B:0.50
[2026-06-01 04:51:27,945] DEBUG: No valid transitions from state swing
[2026-06-01 04:51:27,945] WARNING: Velocity attribute does not use the linearization map. Please calculate the velocity using the position attribute.
[2026-06-01 04:51:27,951] INFO: T:15.005, State:swing, Fz:6.02, ThetaRef:60.00, ThetaActual:2.83, EncoderTheta:97.80, EncoderVelocity:-8.17, K:10.00, B:0.50
[2026-06-01 04:51:27,953] DEBUG: No valid transitions from state swing
[2026-06-01 04:51:27,953] WARNING: Velocity attribute does not use the linearization map. Please calculate the velocity using the position attribute.
[2026-06-01 04:51:27,959] INFO: T:15.013, State:swing, Fz:5.85, ThetaRef:60.00, ThetaActual:2.88, EncoderTheta:97.73, EncoderVelocity:-8.22, K:10.00, B:0.50
[2026-06-01 04:51:27,961] DEBUG: No valid transitions from state swing
[2026-06-01 04:51:27,961] WARNING: Velocity attribute does not use the linearization map. Please calculate the velocity using the position attribute.
[2026-06-01 04:51:27,967] INFO: T:15.021, State:swing, Fz:3.72, ThetaRef:60.00, ThetaActual:2.97, EncoderTheta:97.62, EncoderVelocity:-13.61, K:10.00, B:0.50
[2026-06-01 04:51:27,969] DEBUG: No valid transitions from state swing
[2026-06-01 04:51:27,969] WARNING: Velocity attribute does not use the linearization map. Please calculate the velocity using the position attribute.
[2026-06-01 04:51:27,975] INFO: T:15.029, State:swing, Fz:5.61, ThetaRef:60.00, ThetaActual:3.02, EncoderTheta:97.60, EncoderVelocity:-2.74, K:10.00, B:0.50
[2026-06-01 04:51:27,978] DEBUG: No valid transitions from state swing
[2026-06-01 04:51:27,978] WARNING: Velocity attribute does not use the linearization map. Please calculate the velocity using the position attribute.
[2026-06-01 04:51:27,983] INFO: T:15.037, State:swing, Fz:5.51, ThetaRef:60.00, ThetaActual:3.11, EncoderTheta:97.54, EncoderVelocity:-8.13, K:10.00, B:0.50
[2026-06-01 04:51:27,986] DEBUG: No valid transitions from state swing
[2026-06-01 04:51:27,986] WARNING: Velocity attribute does not use the linearization map. Please calculate the velocity using the position attribute.
[2026-06-01 04:51:27,991] INFO: T:15.045, State:swing, Fz:6.42, ThetaRef:60.00, ThetaActual:3.18, EncoderTheta:97.47, EncoderVelocity:-8.18, K:10.00, B:0.50
[2026-06-01 04:51:27,994] DEBUG: No valid transitions from state swing
[2026-06-01 04:51:27,994] WARNING: Velocity attribute does not use the linearization map. Please calculate the velocity using the position attribute.
[2026-06-01 04:51:27,999] INFO: T:15.053, State:swing, Fz:7.09, ThetaRef:60.00, ThetaActual:3.22, EncoderTheta:97.45, EncoderVelocity:-2.76, K:10.00, B:0.50
[2026-06-01 04:51:28,001] DEBUG: No valid transitions from state swing
[2026-06-01 04:51:28,002] WARNING: Velocity attribute does not use the linearization map. Please calculate the velocity using the position attribute.
[2026-06-01 04:51:28,007] INFO: T:15.061, State:swing, Fz:7.09, ThetaRef:60.00, ThetaActual:3.28, EncoderTheta:97.38, EncoderVelocity:-8.28, K:10.00, B:0.50
[2026-06-01 04:51:28,010] DEBUG: No valid transitions from state swing
[2026-06-01 04:51:28,010] WARNING: Velocity attribute does not use the linearization map. Please calculate the velocity using the position attribute.
[2026-06-01 04:51:28,015] INFO: T:15.069, State:swing, Fz:6.64, ThetaRef:60.00, ThetaActual:3.31, EncoderTheta:97.34, EncoderVelocity:-5.47, K:10.00, B:0.50
[2026-06-01 04:51:28,017] DEBUG: No valid transitions from state swing
[2026-06-01 04:51:28,018] WARNING: Velocity attribute does not use the linearization map. Please calculate the velocity using the position attribute.
[2026-06-01 04:51:28,023] INFO: T:15.077, State:swing, Fz:7.27, ThetaRef:60.00, ThetaActual:3.36, EncoderTheta:97.34, EncoderVelocity:0.00, K:10.00, B:0.50
[2026-06-01 04:51:28,026] DEBUG: No valid transitions from state swing
[2026-06-01 04:51:28,026] WARNING: Velocity attribute does not use the linearization map. Please calculate the velocity using the position attribute.
[2026-06-01 04:51:28,031] INFO: T:15.085, State:swing, Fz:7.25, ThetaRef:60.00, ThetaActual:3.39, EncoderTheta:97.29, EncoderVelocity:-5.47, K:10.00, B:0.50
[2026-06-01 04:51:28,034] DEBUG: No valid transitions from state swing
[2026-06-01 04:51:28,034] WARNING: Velocity attribute does not use the linearization map. Please calculate the velocity using the position attribute.
[2026-06-01 04:51:28,039] INFO: T:15.093, State:swing, Fz:7.73, ThetaRef:60.00, ThetaActual:3.40, EncoderTheta:97.36, EncoderVelocity:8.19, K:10.00, B:0.50
[2026-06-01 04:51:28,042] DEBUG: No valid transitions from state swing
[2026-06-01 04:51:28,042] WARNING: Velocity attribute does not use the linearization map. Please calculate the velocity using the position attribute.
[2026-06-01 04:51:28,047] INFO: T:15.101, State:swing, Fz:6.59, ThetaRef:60.00, ThetaActual:3.40, EncoderTheta:97.34, EncoderVelocity:-2.73, K:10.00, B:0.50
[2026-06-01 04:51:28,050] DEBUG: No valid transitions from state swing
[2026-06-01 04:51:28,050] WARNING: Velocity attribute does not use the linearization map. Please calculate the velocity using the position attribute.
[2026-06-01 04:51:28,055] INFO: T:15.109, State:swing, Fz:5.22, ThetaRef:60.00, ThetaActual:3.40, EncoderTheta:97.36, EncoderVelocity:2.75, K:10.00, B:0.50
[2026-06-01 04:51:28,058] DEBUG: No valid transitions from state swing
[2026-06-01 04:51:28,058] WARNING: Velocity attribute does not use the linearization map. Please calculate the velocity using the position attribute.
[2026-06-01 04:51:28,063] INFO: T:15.117, State:swing, Fz:5.17, ThetaRef:60.00, ThetaActual:3.40, EncoderTheta:97.38, EncoderVelocity:2.72, K:10.00, B:0.50
[2026-06-01 04:51:28,066] DEBUG: No valid transitions from state swing
[2026-06-01 04:51:28,066] WARNING: Velocity attribute does not use the linearization map. Please calculate the velocity using the position attribute.
[2026-06-01 04:51:28,071] INFO: T:15.125, State:swing, Fz:3.65, ThetaRef:60.00, ThetaActual:3.40, EncoderTheta:97.40, EncoderVelocity:2.72, K:10.00, B:0.50
[2026-06-01 04:51:28,074] DEBUG: No valid transitions from state swing
[2026-06-01 04:51:28,074] WARNING: Velocity attribute does not use the linearization map. Please calculate the velocity using the position attribute.
[2026-06-01 04:51:28,079] INFO: T:15.133, State:swing, Fz:2.53, ThetaRef:60.00, ThetaActual:3.40, EncoderTheta:97.38, EncoderVelocity:-2.74, K:10.00, B:0.50
[2026-06-01 04:51:28,082] DEBUG: No valid transitions from state swing
[2026-06-01 04:51:28,082] WARNING: Velocity attribute does not use the linearization map. Please calculate the velocity using the position attribute.
[2026-06-01 04:51:28,087] INFO: T:15.141, State:swing, Fz:0.66, ThetaRef:60.00, ThetaActual:3.40, EncoderTheta:97.36, EncoderVelocity:-2.72, K:10.00, B:0.50
[2026-06-01 04:51:28,090] DEBUG: No valid transitions from state swing
[2026-06-01 04:51:28,090] WARNING: Velocity attribute does not use the linearization map. Please calculate the velocity using the position attribute.
[2026-06-01 04:51:28,095] INFO: T:15.149, State:swing, Fz:-0.77, ThetaRef:60.00, ThetaActual:3.40, EncoderTheta:97.38, EncoderVelocity:2.73, K:10.00, B:0.50
[2026-06-01 04:51:28,098] DEBUG: No valid transitions from state swing
[2026-06-01 04:51:28,098] WARNING: Velocity attribute does not use the linearization map. Please calculate the velocity using the position attribute.
[2026-06-01 04:51:28,103] INFO: T:15.157, State:swing, Fz:0.16, ThetaRef:60.00, ThetaActual:3.40, EncoderTheta:97.38, EncoderVelocity:0.00, K:10.00, B:0.50
[2026-06-01 04:51:28,106] DEBUG: No valid transitions from state swing
[2026-06-01 04:51:28,106] WARNING: Velocity attribute does not use the linearization map. Please calculate the velocity using the position attribute.
[2026-06-01 04:51:28,111] INFO: T:15.165, State:swing, Fz:0.35, ThetaRef:60.00, ThetaActual:3.40, EncoderTheta:97.38, EncoderVelocity:0.00, K:10.00, B:0.50
[2026-06-01 04:51:28,114] DEBUG: No valid transitions from state swing
[2026-06-01 04:51:28,114] WARNING: Velocity attribute does not use the linearization map. Please calculate the velocity using the position attribute.
[2026-06-01 04:51:28,119] INFO: T:15.173, State:swing, Fz:-2.98, ThetaRef:60.00, ThetaActual:3.40, EncoderTheta:97.40, EncoderVelocity:2.75, K:10.00, B:0.50
[2026-06-01 04:51:28,122] DEBUG: No valid transitions from state swing
[2026-06-01 04:51:28,122] WARNING: Velocity attribute does not use the linearization map. Please calculate the velocity using the position attribute.
[2026-06-01 04:51:28,127] INFO: T:15.181, State:swing, Fz:-2.50, ThetaRef:60.00, ThetaActual:3.40, EncoderTheta:97.38, EncoderVelocity:-2.76, K:10.00, B:0.50
[2026-06-01 04:51:28,130] DEBUG: No valid transitions from state swing
[2026-06-01 04:51:28,130] WARNING: Velocity attribute does not use the linearization map. Please calculate the velocity using the position attribute.
[2026-06-01 04:51:28,135] INFO: T:15.189, State:swing, Fz:-3.62, ThetaRef:60.00, ThetaActual:3.40, EncoderTheta:97.36, EncoderVelocity:-2.77, K:10.00, B:0.50
[2026-06-01 04:51:28,138] DEBUG: No valid transitions from state swing
[2026-06-01 04:51:28,138] WARNING: Velocity attribute does not use the linearization map. Please calculate the velocity using the position attribute.
[2026-06-01 04:51:28,143] INFO: T:15.197, State:swing, Fz:-5.03, ThetaRef:60.00, ThetaActual:3.40, EncoderTheta:97.45, EncoderVelocity:11.03, K:10.00, B:0.50
[2026-06-01 04:51:28,146] DEBUG: No valid transitions from state swing
[2026-06-01 04:51:28,146] WARNING: Velocity attribute does not use the linearization map. Please calculate the velocity using the position attribute.
[2026-06-01 04:51:28,151] INFO: T:15.205, State:swing, Fz:-5.56, ThetaRef:60.00, ThetaActual:3.40, EncoderTheta:97.43, EncoderVelocity:-2.77, K:10.00, B:0.50
[2026-06-01 04:51:28,154] DEBUG: No valid transitions from state swing
[2026-06-01 04:51:28,154] WARNING: Velocity attribute does not use the linearization map. Please calculate the velocity using the position attribute.
[2026-06-01 04:51:28,159] INFO: T:15.213, State:swing, Fz:-4.99, ThetaRef:60.00, ThetaActual:3.40, EncoderTheta:97.40, EncoderVelocity:-2.78, K:10.00, B:0.50
[2026-06-01 04:51:28,162] DEBUG: No valid transitions from state swing
[2026-06-01 04:51:28,162] WARNING: Velocity attribute does not use the linearization map. Please calculate the velocity using the position attribute.
[2026-06-01 04:51:28,167] INFO: T:15.221, State:swing, Fz:-4.58, ThetaRef:60.00, ThetaActual:3.40, EncoderTheta:97.43, EncoderVelocity:2.76, K:10.00, B:0.50
[2026-06-01 04:51:28,170] DEBUG: No valid transitions from state swing
[2026-06-01 04:51:28,170] WARNING: Velocity attribute does not use the linearization map. Please calculate the velocity using the position attribute.
[2026-06-01 04:51:28,175] INFO: T:15.229, State:swing, Fz:-4.24, ThetaRef:60.00, ThetaActual:3.40, EncoderTheta:97.43, EncoderVelocity:0.00, K:10.00, B:0.50
[2026-06-01 04:51:28,177] DEBUG: No valid transitions from state swing
[2026-06-01 04:51:28,178] WARNING: Velocity attribute does not use the linearization map. Please calculate the velocity using the position attribute.
[2026-06-01 04:51:28,183] INFO: T:15.237, State:swing, Fz:-3.99, ThetaRef:60.00, ThetaActual:3.40, EncoderTheta:97.38, EncoderVelocity:-5.52, K:10.00, B:0.50
[2026-06-01 04:51:28,185] DEBUG: No valid transitions from state swing
[2026-06-01 04:51:28,185] WARNING: Velocity attribute does not use the linearization map. Please calculate the velocity using the position attribute.
[2026-06-01 04:51:28,191] INFO: T:15.245, State:swing, Fz:-3.83, ThetaRef:60.00, ThetaActual:3.40, EncoderTheta:97.43, EncoderVelocity:5.54, K:10.00, B:0.50
[2026-06-01 04:51:28,193] DEBUG: No valid transitions from state swing
[2026-06-01 04:51:28,194] WARNING: Velocity attribute does not use the linearization map. Please calculate the velocity using the position attribute.
[2026-06-01 04:51:28,199] INFO: T:15.253, State:swing, Fz:-5.18, ThetaRef:60.00, ThetaActual:3.40, EncoderTheta:97.49, EncoderVelocity:8.19, K:10.00, B:0.50
[2026-06-01 04:51:28,202] DEBUG: No valid transitions from state swing
[2026-06-01 04:51:28,202] WARNING: Velocity attribute does not use the linearization map. Please calculate the velocity using the position attribute.
[2026-06-01 04:51:28,207] INFO: T:15.261, State:swing, Fz:-5.19, ThetaRef:60.00, ThetaActual:3.40, EncoderTheta:97.47, EncoderVelocity:-2.70, K:10.00, B:0.50
[2026-06-01 04:51:28,210] DEBUG: No valid transitions from state swing
[2026-06-01 04:51:28,210] WARNING: Velocity attribute does not use the linearization map. Please calculate the velocity using the position attribute.
[2026-06-01 04:51:28,215] INFO: T:15.269, State:swing, Fz:-5.19, ThetaRef:60.00, ThetaActual:3.40, EncoderTheta:97.49, EncoderVelocity:2.70, K:10.00, B:0.50
[2026-06-01 04:51:28,218] DEBUG: No valid transitions from state swing
[2026-06-01 04:51:28,218] WARNING: Velocity attribute does not use the linearization map. Please calculate the velocity using the position attribute.
[2026-06-01 04:51:28,224] INFO: T:15.277, State:swing, Fz:-7.66, ThetaRef:60.00, ThetaActual:3.40, EncoderTheta:97.49, EncoderVelocity:0.00, K:10.00, B:0.50
[2026-06-01 04:51:28,226] DEBUG: No valid transitions from state swing
[2026-06-01 04:51:28,226] WARNING: Velocity attribute does not use the linearization map. Please calculate the velocity using the position attribute.
[2026-06-01 04:51:28,232] INFO: T:15.285, State:swing, Fz:-7.58, ThetaRef:60.00, ThetaActual:3.40, EncoderTheta:97.47, EncoderVelocity:-2.68, K:10.00, B:0.50
[2026-06-01 04:51:28,234] DEBUG: No valid transitions from state swing
[2026-06-01 04:51:28,234] WARNING: Velocity attribute does not use the linearization map. Please calculate the velocity using the position attribute.
[2026-06-01 04:51:28,240] INFO: T:15.294, State:swing, Fz:-7.54, ThetaRef:60.00, ThetaActual:3.40, EncoderTheta:97.51, EncoderVelocity:5.30, K:10.00, B:0.50
[2026-06-01 04:51:28,243] DEBUG: No valid transitions from state swing
[2026-06-01 04:51:28,243] WARNING: Velocity attribute does not use the linearization map. Please calculate the velocity using the position attribute.
[2026-06-01 04:51:28,248] INFO: T:15.302, State:swing, Fz:-9.01, ThetaRef:60.00, ThetaActual:3.40, EncoderTheta:97.60, EncoderVelocity:10.69, K:10.00, B:0.50
[2026-06-01 04:51:28,251] DEBUG: No valid transitions from state swing
[2026-06-01 04:51:28,251] WARNING: Velocity attribute does not use the linearization map. Please calculate the velocity using the position attribute.
[2026-06-01 04:51:28,257] INFO: T:15.310, State:swing, Fz:-7.64, ThetaRef:60.00, ThetaActual:3.40, EncoderTheta:97.65, EncoderVelocity:5.33, K:10.00, B:0.50
[2026-06-01 04:51:28,259] DEBUG: No valid transitions from state swing
[2026-06-01 04:51:28,259] WARNING: Velocity attribute does not use the linearization map. Please calculate the velocity using the position attribute.
[2026-06-01 04:51:28,265] INFO: T:15.318, State:swing, Fz:-9.08, ThetaRef:60.00, ThetaActual:3.39, EncoderTheta:97.67, EncoderVelocity:2.68, K:10.00, B:0.50
[2026-06-01 04:51:28,267] DEBUG: No valid transitions from state swing
[2026-06-01 04:51:28,267] WARNING: Velocity attribute does not use the linearization map. Please calculate the velocity using the position attribute.
[2026-06-01 04:51:28,273] INFO: T:15.327, State:swing, Fz:-10.15, ThetaRef:60.00, ThetaActual:3.39, EncoderTheta:97.71, EncoderVelocity:5.35, K:10.00, B:0.50
[2026-06-01 04:51:28,275] DEBUG: No valid transitions from state swing
[2026-06-01 04:51:28,276] WARNING: Velocity attribute does not use the linearization map. Please calculate the velocity using the position attribute.
[2026-06-01 04:51:28,281] INFO: T:15.335, State:swing, Fz:-11.98, ThetaRef:60.00, ThetaActual:3.39, EncoderTheta:97.80, EncoderVelocity:10.77, K:10.00, B:0.50
[2026-06-01 04:51:28,284] DEBUG: No valid transitions from state swing
[2026-06-01 04:51:28,284] WARNING: Velocity attribute does not use the linearization map. Please calculate the velocity using the position attribute.
[2026-06-01 04:51:28,289] INFO: T:15.343, State:swing, Fz:-12.91, ThetaRef:60.00, ThetaActual:3.39, EncoderTheta:97.91, EncoderVelocity:13.48, K:10.00, B:0.50
[2026-06-01 04:51:28,292] DEBUG: No valid transitions from state swing
[2026-06-01 04:51:28,292] WARNING: Velocity attribute does not use the linearization map. Please calculate the velocity using the position attribute.
[2026-06-01 04:51:28,297] INFO: T:15.351, State:swing, Fz:-14.11, ThetaRef:60.00, ThetaActual:3.39, EncoderTheta:97.95, EncoderVelocity:5.36, K:10.00, B:0.50
[2026-06-01 04:51:28,300] DEBUG: No valid transitions from state swing
[2026-06-01 04:51:28,300] WARNING: Velocity attribute does not use the linearization map. Please calculate the velocity using the position attribute.
[2026-06-01 04:51:28,306] INFO: T:15.359, State:swing, Fz:-17.53, ThetaRef:60.00, ThetaActual:3.39, EncoderTheta:98.02, EncoderVelocity:7.95, K:10.00, B:0.50
[2026-06-01 04:51:28,308] DEBUG: No valid transitions from state swing
[2026-06-01 04:51:28,308] WARNING: Velocity attribute does not use the linearization map. Please calculate the velocity using the position attribute.
[2026-06-01 04:51:28,314] INFO: T:15.368, State:swing, Fz:-22.14, ThetaRef:60.00, ThetaActual:3.39, EncoderTheta:98.06, EncoderVelocity:5.35, K:10.00, B:0.50
[2026-06-01 04:51:28,317] DEBUG: No valid transitions from state swing
[2026-06-01 04:51:28,317] WARNING: Velocity attribute does not use the linearization map. Please calculate the velocity using the position attribute.
[2026-06-01 04:51:28,322] INFO: T:15.376, State:swing, Fz:-24.65, ThetaRef:60.00, ThetaActual:3.38, EncoderTheta:98.09, EncoderVelocity:2.66, K:10.00, B:0.50
[2026-06-01 04:51:28,325] DEBUG: No valid transitions from state swing
[2026-06-01 04:51:28,325] WARNING: Velocity attribute does not use the linearization map. Please calculate the velocity using the position attribute.
[2026-06-01 04:51:28,330] INFO: T:15.384, State:swing, Fz:-24.06, ThetaRef:60.00, ThetaActual:3.36, EncoderTheta:98.06, EncoderVelocity:-2.67, K:10.00, B:0.50
[2026-06-01 04:51:28,333] DEBUG: No valid transitions from state swing
[2026-06-01 04:51:28,333] WARNING: Velocity attribute does not use the linearization map. Please calculate the velocity using the position attribute.
[2026-06-01 04:51:28,339] INFO: T:15.392, State:swing, Fz:-22.60, ThetaRef:60.00, ThetaActual:3.33, EncoderTheta:98.17, EncoderVelocity:13.42, K:10.00, B:0.50
[2026-06-01 04:51:28,341] DEBUG: No valid transitions from state swing
[2026-06-01 04:51:28,341] WARNING: Velocity attribute does not use the linearization map. Please calculate the velocity using the position attribute.
[2026-06-01 04:51:28,347] INFO: T:15.400, State:swing, Fz:-22.48, ThetaRef:60.00, ThetaActual:3.29, EncoderTheta:98.17, EncoderVelocity:0.00, K:10.00, B:0.50
[2026-06-01 04:51:28,349] DEBUG: No valid transitions from state swing
[2026-06-01 04:51:28,350] WARNING: Velocity attribute does not use the linearization map. Please calculate the velocity using the position attribute.
[2026-06-01 04:51:28,355] INFO: T:15.409, State:swing, Fz:-24.42, ThetaRef:60.00, ThetaActual:3.27, EncoderTheta:98.26, EncoderVelocity:10.63, K:10.00, B:0.50
[2026-06-01 04:51:28,358] DEBUG: No valid transitions from state swing
[2026-06-01 04:51:28,358] WARNING: Velocity attribute does not use the linearization map. Please calculate the velocity using the position attribute.
[2026-06-01 04:51:28,363] INFO: T:15.417, State:swing, Fz:-23.93, ThetaRef:60.00, ThetaActual:3.24, EncoderTheta:98.17, EncoderVelocity:-10.75, K:10.00, B:0.50
[2026-06-01 04:51:28,366] DEBUG: No valid transitions from state swing
[2026-06-01 04:51:28,366] WARNING: Velocity attribute does not use the linearization map. Please calculate the velocity using the position attribute.
[2026-06-01 04:51:28,372] INFO: T:15.425, State:swing, Fz:-23.51, ThetaRef:60.00, ThetaActual:3.20, EncoderTheta:98.22, EncoderVelocity:5.23, K:10.00, B:0.50
[2026-06-01 04:51:28,374] DEBUG: No valid transitions from state swing
[2026-06-01 04:51:28,375] WARNING: Velocity attribute does not use the linearization map. Please calculate the velocity using the position attribute.
[2026-06-01 04:51:28,380] INFO: T:15.434, State:swing, Fz:-22.68, ThetaRef:60.00, ThetaActual:3.19, EncoderTheta:98.24, EncoderVelocity:2.62, K:10.00, B:0.50
[2026-06-01 04:51:28,383] DEBUG: No valid transitions from state swing
[2026-06-01 04:51:28,383] WARNING: Velocity attribute does not use the linearization map. Please calculate the velocity using the position attribute.
[2026-06-01 04:51:28,388] INFO: T:15.442, State:swing, Fz:-21.55, ThetaRef:60.00, ThetaActual:3.16, EncoderTheta:98.26, EncoderVelocity:2.64, K:10.00, B:0.50
[2026-06-01 04:51:28,391] DEBUG: No valid transitions from state swing
[2026-06-01 04:51:28,391] WARNING: Velocity attribute does not use the linearization map. Please calculate the velocity using the position attribute.
[2026-06-01 04:51:28,397] INFO: T:15.450, State:swing, Fz:-23.16, ThetaRef:60.00, ThetaActual:3.15, EncoderTheta:98.22, EncoderVelocity:-5.30, K:10.00, B:0.50
[2026-06-01 04:51:28,399] DEBUG: No valid transitions from state swing
[2026-06-01 04:51:28,399] WARNING: Velocity attribute does not use the linearization map. Please calculate the velocity using the position attribute.
[2026-06-01 04:51:28,405] INFO: T:15.459, State:swing, Fz:-23.42, ThetaRef:60.00, ThetaActual:3.14, EncoderTheta:98.26, EncoderVelocity:5.31, K:10.00, B:0.50
[2026-06-01 04:51:28,408] DEBUG: No valid transitions from state swing
[2026-06-01 04:51:28,408] WARNING: Velocity attribute does not use the linearization map. Please calculate the velocity using the position attribute.
[2026-06-01 04:51:28,413] INFO: T:15.467, State:swing, Fz:-23.06, ThetaRef:60.00, ThetaActual:3.14, EncoderTheta:98.26, EncoderVelocity:0.00, K:10.00, B:0.50
[2026-06-01 04:51:28,416] DEBUG: No valid transitions from state swing
[2026-06-01 04:51:28,416] WARNING: Velocity attribute does not use the linearization map. Please calculate the velocity using the position attribute.
[2026-06-01 04:51:28,422] INFO: T:15.475, State:swing, Fz:-22.35, ThetaRef:60.00, ThetaActual:3.14, EncoderTheta:98.22, EncoderVelocity:-5.31, K:10.00, B:0.50
[2026-06-01 04:51:28,424] DEBUG: No valid transitions from state swing
[2026-06-01 04:51:28,424] WARNING: Velocity attribute does not use the linearization map. Please calculate the velocity using the position attribute.
[2026-06-01 04:51:28,430] INFO: T:15.483, State:swing, Fz:-20.77, ThetaRef:60.00, ThetaActual:3.14, EncoderTheta:98.26, EncoderVelocity:5.31, K:10.00, B:0.50
[2026-06-01 04:51:28,432] DEBUG: No valid transitions from state swing
[2026-06-01 04:51:28,433] WARNING: Velocity attribute does not use the linearization map. Please calculate the velocity using the position attribute.
[2026-06-01 04:51:28,438] INFO: T:15.492, State:swing, Fz:-21.55, ThetaRef:60.00, ThetaActual:3.14, EncoderTheta:98.22, EncoderVelocity:-5.29, K:10.00, B:0.50
[2026-06-01 04:51:28,441] DEBUG: No valid transitions from state swing
[2026-06-01 04:51:28,441] WARNING: Velocity attribute does not use the linearization map. Please calculate the velocity using the position attribute.
[2026-06-01 04:51:28,446] INFO: T:15.500, State:swing, Fz:-19.71, ThetaRef:60.00, ThetaActual:3.14, EncoderTheta:98.24, EncoderVelocity:2.68, K:10.00, B:0.50
[2026-06-01 04:51:28,449] DEBUG: No valid transitions from state swing
[2026-06-01 04:51:28,449] WARNING: Velocity attribute does not use the linearization map. Please calculate the velocity using the position attribute.
[2026-06-01 04:51:28,455] INFO: T:15.508, State:swing, Fz:-18.28, ThetaRef:60.00, ThetaActual:3.14, EncoderTheta:98.24, EncoderVelocity:0.00, K:10.00, B:0.50
[2026-06-01 04:51:28,457] DEBUG: No valid transitions from state swing
[2026-06-01 04:51:28,457] WARNING: Velocity attribute does not use the linearization map. Please calculate the velocity using the position attribute.
[2026-06-01 04:51:28,463] INFO: T:15.516, State:swing, Fz:-17.65, ThetaRef:60.00, ThetaActual:3.14, EncoderTheta:98.22, EncoderVelocity:-2.66, K:10.00, B:0.50
[2026-06-01 04:51:28,465] DEBUG: No valid transitions from state swing
[2026-06-01 04:51:28,466] WARNING: Velocity attribute does not use the linearization map. Please calculate the velocity using the position attribute.
[2026-06-01 04:51:28,471] INFO: T:15.525, State:swing, Fz:-15.20, ThetaRef:60.00, ThetaActual:3.14, EncoderTheta:98.11, EncoderVelocity:-13.34, K:10.00, B:0.50
[2026-06-01 04:51:28,474] DEBUG: No valid transitions from state swing
[2026-06-01 04:51:28,474] WARNING: Velocity attribute does not use the linearization map. Please calculate the velocity using the position attribute.
[2026-06-01 04:51:28,479] INFO: T:15.533, State:swing, Fz:-14.82, ThetaRef:60.00, ThetaActual:3.14, EncoderTheta:98.11, EncoderVelocity:0.00, K:10.00, B:0.50
[2026-06-01 04:51:28,482] DEBUG: No valid transitions from state swing
[2026-06-01 04:51:28,482] WARNING: Velocity attribute does not use the linearization map. Please calculate the velocity using the position attribute.
[2026-06-01 04:51:28,488] INFO: T:15.541, State:swing, Fz:-12.04, ThetaRef:60.00, ThetaActual:3.14, EncoderTheta:98.11, EncoderVelocity:0.00, K:10.00, B:0.50
[2026-06-01 04:51:28,490] DEBUG: No valid transitions from state swing
[2026-06-01 04:51:28,490] WARNING: Velocity attribute does not use the linearization map. Please calculate the velocity using the position attribute.
[2026-06-01 04:51:28,496] INFO: T:15.549, State:swing, Fz:-10.89, ThetaRef:60.00, ThetaActual:3.14, EncoderTheta:98.00, EncoderVelocity:-13.41, K:10.00, B:0.50
[2026-06-01 04:51:28,499] DEBUG: No valid transitions from state swing
[2026-06-01 04:51:28,499] WARNING: Velocity attribute does not use the linearization map. Please calculate the velocity using the position attribute.
[2026-06-01 04:51:28,504] INFO: T:15.558, State:swing, Fz:-9.51, ThetaRef:60.00, ThetaActual:3.14, EncoderTheta:98.00, EncoderVelocity:0.00, K:10.00, B:0.50
[2026-06-01 04:51:28,507] DEBUG: No valid transitions from state swing
[2026-06-01 04:51:28,507] WARNING: Velocity attribute does not use the linearization map. Please calculate the velocity using the position attribute.
[2026-06-01 04:51:28,512] INFO: T:15.566, State:swing, Fz:-7.45, ThetaRef:60.00, ThetaActual:3.14, EncoderTheta:97.95, EncoderVelocity:-5.31, K:10.00, B:0.50
[2026-06-01 04:51:28,515] DEBUG: No valid transitions from state swing
[2026-06-01 04:51:28,515] WARNING: Velocity attribute does not use the linearization map. Please calculate the velocity using the position attribute.
[2026-06-01 04:51:28,521] INFO: T:15.574, State:swing, Fz:-6.41, ThetaRef:60.00, ThetaActual:3.15, EncoderTheta:97.89, EncoderVelocity:-7.89, K:10.00, B:0.50
[2026-06-01 04:51:28,523] DEBUG: No valid transitions from state swing
[2026-06-01 04:51:28,524] WARNING: Velocity attribute does not use the linearization map. Please calculate the velocity using the position attribute.
[2026-06-01 04:51:28,529] INFO: T:15.583, State:swing, Fz:-3.64, ThetaRef:60.00, ThetaActual:3.15, EncoderTheta:97.82, EncoderVelocity:-7.94, K:10.00, B:0.50
[2026-06-01 04:51:28,532] DEBUG: No valid transitions from state swing
[2026-06-01 04:51:28,532] WARNING: Velocity attribute does not use the linearization map. Please calculate the velocity using the position attribute.
[2026-06-01 04:51:28,537] INFO: T:15.591, State:swing, Fz:-3.49, ThetaRef:60.00, ThetaActual:3.15, EncoderTheta:97.89, EncoderVelocity:7.92, K:10.00, B:0.50
[2026-06-01 04:51:28,540] DEBUG: No valid transitions from state swing
[2026-06-01 04:51:28,540] WARNING: Velocity attribute does not use the linearization map. Please calculate the velocity using the position attribute.
[2026-06-01 04:51:28,546] INFO: T:15.599, State:swing, Fz:-2.40, ThetaRef:60.00, ThetaActual:3.15, EncoderTheta:97.89, EncoderVelocity:0.00, K:10.00, B:0.50
[2026-06-01 04:51:28,548] DEBUG: No valid transitions from state swing
[2026-06-01 04:51:28,548] WARNING: Velocity attribute does not use the linearization map. Please calculate the velocity using the position attribute.
[2026-06-01 04:51:28,554] INFO: T:15.608, State:swing, Fz:-1.60, ThetaRef:60.00, ThetaActual:3.15, EncoderTheta:97.93, EncoderVelocity:5.33, K:10.00, B:0.50
[2026-06-01 04:51:28,557] DEBUG: No valid transitions from state swing
[2026-06-01 04:51:28,557] WARNING: Velocity attribute does not use the linearization map. Please calculate the velocity using the position attribute.
[2026-06-01 04:51:28,562] INFO: T:15.616, State:swing, Fz:-2.52, ThetaRef:60.00, ThetaActual:3.15, EncoderTheta:97.87, EncoderVelocity:-7.96, K:10.00, B:0.50
[2026-06-01 04:51:28,565] DEBUG: No valid transitions from state swing
[2026-06-01 04:51:28,565] WARNING: Velocity attribute does not use the linearization map. Please calculate the velocity using the position attribute.
[2026-06-01 04:51:28,571] INFO: T:15.624, State:swing, Fz:-1.24, ThetaRef:60.00, ThetaActual:3.15, EncoderTheta:97.87, EncoderVelocity:0.00, K:10.00, B:0.50
[2026-06-01 04:51:28,573] DEBUG: No valid transitions from state swing
[2026-06-01 04:51:28,573] WARNING: Velocity attribute does not use the linearization map. Please calculate the velocity using the position attribute.
[2026-06-01 04:51:28,579] INFO: T:15.632, State:swing, Fz:-2.72, ThetaRef:60.00, ThetaActual:3.15, EncoderTheta:97.91, EncoderVelocity:5.32, K:10.00, B:0.50
[2026-06-01 04:51:28,581] DEBUG: No valid transitions from state swing
[2026-06-01 04:51:28,582] WARNING: Velocity attribute does not use the linearization map. Please calculate the velocity using the position attribute.
[2026-06-01 04:51:28,587] INFO: T:15.641, State:swing, Fz:-1.36, ThetaRef:60.00, ThetaActual:3.15, EncoderTheta:97.84, EncoderVelocity:-7.96, K:10.00, B:0.50
[2026-06-01 04:51:28,590] DEBUG: No valid transitions from state swing
[2026-06-01 04:51:28,590] WARNING: Velocity attribute does not use the linearization map. Please calculate the velocity using the position attribute.
[2026-06-01 04:51:28,595] INFO: T:15.649, State:swing, Fz:0.15, ThetaRef:60.00, ThetaActual:3.15, EncoderTheta:97.82, EncoderVelocity:-2.66, K:10.00, B:0.50
[2026-06-01 04:51:28,598] DEBUG: No valid transitions from state swing
[2026-06-01 04:51:28,598] WARNING: Velocity attribute does not use the linearization map. Please calculate the velocity using the position attribute.
[2026-06-01 04:51:28,604] INFO: T:15.657, State:swing, Fz:-0.18, ThetaRef:60.00, ThetaActual:3.15, EncoderTheta:97.80, EncoderVelocity:-2.65, K:10.00, B:0.50
[2026-06-01 04:51:28,606] DEBUG: No valid transitions from state swing
[2026-06-01 04:51:28,606] WARNING: Velocity attribute does not use the linearization map. Please calculate the velocity using the position attribute.
[2026-06-01 04:51:28,612] INFO: T:15.666, State:swing, Fz:2.06, ThetaRef:60.00, ThetaActual:3.15, EncoderTheta:97.76, EncoderVelocity:-5.32, K:10.00, B:0.50
[2026-06-01 04:51:28,614] DEBUG: No valid transitions from state swing
[2026-06-01 04:51:28,615] WARNING: Velocity attribute does not use the linearization map. Please calculate the velocity using the position attribute.
[2026-06-01 04:51:28,620] INFO: T:15.674, State:swing, Fz:2.79, ThetaRef:60.00, ThetaActual:3.15, EncoderTheta:97.76, EncoderVelocity:0.00, K:10.00, B:0.50
[2026-06-01 04:51:28,623] DEBUG: No valid transitions from state swing
[2026-06-01 04:51:28,623] WARNING: Velocity attribute does not use the linearization map. Please calculate the velocity using the position attribute.
[2026-06-01 04:51:28,628] INFO: T:15.682, State:swing, Fz:3.86, ThetaRef:60.00, ThetaActual:3.15, EncoderTheta:97.78, EncoderVelocity:2.68, K:10.00, B:0.50
[2026-06-01 04:51:28,631] DEBUG: No valid transitions from state swing
[2026-06-01 04:51:28,631] WARNING: Velocity attribute does not use the linearization map. Please calculate the velocity using the position attribute.
[2026-06-01 04:51:28,637] INFO: T:15.690, State:swing, Fz:4.71, ThetaRef:60.00, ThetaActual:3.15, EncoderTheta:97.65, EncoderVelocity:-16.11, K:10.00, B:0.50
[2026-06-01 04:51:28,639] DEBUG: No valid transitions from state swing
[2026-06-01 04:51:28,639] WARNING: Velocity attribute does not use the linearization map. Please calculate the velocity using the position attribute.
[2026-06-01 04:51:28,645] INFO: T:15.699, State:swing, Fz:6.30, ThetaRef:60.00, ThetaActual:3.15, EncoderTheta:97.62, EncoderVelocity:-2.59, K:10.00, B:0.50
[2026-06-01 04:51:28,648] DEBUG: No valid transitions from state swing
[2026-06-01 04:51:28,648] WARNING: Velocity attribute does not use the linearization map. Please calculate the velocity using the position attribute.
[2026-06-01 04:51:28,653] INFO: T:15.707, State:swing, Fz:7.54, ThetaRef:60.00, ThetaActual:3.15, EncoderTheta:97.73, EncoderVelocity:13.16, K:10.00, B:0.50
[2026-06-01 04:51:28,656] DEBUG: No valid transitions from state swing
[2026-06-01 04:51:28,656] WARNING: Velocity attribute does not use the linearization map. Please calculate the velocity using the position attribute.
[2026-06-01 04:51:28,662] INFO: T:15.715, State:swing, Fz:7.51, ThetaRef:60.00, ThetaActual:3.15, EncoderTheta:97.73, EncoderVelocity:0.00, K:10.00, B:0.50
[2026-06-01 04:51:28,664] DEBUG: No valid transitions from state swing
[2026-06-01 04:51:28,664] WARNING: Velocity attribute does not use the linearization map. Please calculate the velocity using the position attribute.
[2026-06-01 04:51:28,670] INFO: T:15.723, State:swing, Fz:6.97, ThetaRef:60.00, ThetaActual:3.15, EncoderTheta:97.67, EncoderVelocity:-7.96, K:10.00, B:0.50
[2026-06-01 04:51:28,672] DEBUG: No valid transitions from state swing
[2026-06-01 04:51:28,673] WARNING: Velocity attribute does not use the linearization map. Please calculate the velocity using the position attribute.
[2026-06-01 04:51:28,678] INFO: T:15.732, State:swing, Fz:8.54, ThetaRef:60.00, ThetaActual:3.15, EncoderTheta:97.67, EncoderVelocity:0.00, K:10.00, B:0.50
[2026-06-01 04:51:28,681] DEBUG: No valid transitions from state swing
[2026-06-01 04:51:28,681] WARNING: Velocity attribute does not use the linearization map. Please calculate the velocity using the position attribute.
[2026-06-01 04:51:28,686] INFO: T:15.740, State:swing, Fz:9.22, ThetaRef:60.00, ThetaActual:3.15, EncoderTheta:97.67, EncoderVelocity:0.00, K:10.00, B:0.50
[2026-06-01 04:51:28,689] DEBUG: No valid transitions from state swing
[2026-06-01 04:51:28,689] WARNING: Velocity attribute does not use the linearization map. Please calculate the velocity using the position attribute.
[2026-06-01 04:51:28,695] INFO: T:15.748, State:swing, Fz:11.22, ThetaRef:60.00, ThetaActual:3.15, EncoderTheta:97.67, EncoderVelocity:0.00, K:10.00, B:0.50
[2026-06-01 04:51:28,697] DEBUG: No valid transitions from state swing
[2026-06-01 04:51:28,697] WARNING: Velocity attribute does not use the linearization map. Please calculate the velocity using the position attribute.
[2026-06-01 04:51:28,703] INFO: T:15.757, State:swing, Fz:9.81, ThetaRef:60.00, ThetaActual:3.15, EncoderTheta:97.65, EncoderVelocity:-2.67, K:10.00, B:0.50
[2026-06-01 04:51:28,706] DEBUG: No valid transitions from state swing
[2026-06-01 04:51:28,706] WARNING: Velocity attribute does not use the linearization map. Please calculate the velocity using the position attribute.
[2026-06-01 04:51:28,711] INFO: T:15.765, State:swing, Fz:9.22, ThetaRef:60.00, ThetaActual:3.15, EncoderTheta:97.67, EncoderVelocity:2.66, K:10.00, B:0.50
[2026-06-01 04:51:28,714] DEBUG: No valid transitions from state swing
[2026-06-01 04:51:28,714] WARNING: Velocity attribute does not use the linearization map. Please calculate the velocity using the position attribute.
[2026-06-01 04:51:28,719] INFO: T:15.773, State:swing, Fz:8.78, ThetaRef:60.00, ThetaActual:3.15, EncoderTheta:97.65, EncoderVelocity:-2.70, K:10.00, B:0.50
[2026-06-01 04:51:28,722] DEBUG: No valid transitions from state swing
[2026-06-01 04:51:28,722] WARNING: Velocity attribute does not use the linearization map. Please calculate the velocity using the position attribute.
[2026-06-01 04:51:28,727] INFO: T:15.781, State:swing, Fz:9.87, ThetaRef:60.00, ThetaActual:3.15, EncoderTheta:97.67, EncoderVelocity:2.68, K:10.00, B:0.50
[2026-06-01 04:51:28,730] DEBUG: No valid transitions from state swing
[2026-06-01 04:51:28,730] WARNING: Velocity attribute does not use the linearization map. Please calculate the velocity using the position attribute.
[2026-06-01 04:51:28,736] INFO: T:15.789, State:swing, Fz:10.26, ThetaRef:60.00, ThetaActual:3.15, EncoderTheta:97.67, EncoderVelocity:0.00, K:10.00, B:0.50
[2026-06-01 04:51:28,738] DEBUG: No valid transitions from state swing
[2026-06-01 04:51:28,738] WARNING: Velocity attribute does not use the linearization map. Please calculate the velocity using the position attribute.
[2026-06-01 04:51:28,744] INFO: T:15.798, State:swing, Fz:11.02, ThetaRef:60.00, ThetaActual:3.15, EncoderTheta:97.73, EncoderVelocity:8.06, K:10.00, B:0.50
[2026-06-01 04:51:28,746] DEBUG: No valid transitions from state swing
[2026-06-01 04:51:28,747] WARNING: Velocity attribute does not use the linearization map. Please calculate the velocity using the position attribute.
[2026-06-01 04:51:28,752] INFO: T:15.806, State:swing, Fz:11.57, ThetaRef:60.00, ThetaActual:3.15, EncoderTheta:97.69, EncoderVelocity:-5.37, K:10.00, B:0.50
[2026-06-01 04:51:28,755] DEBUG: No valid transitions from state swing
[2026-06-01 04:51:28,755] WARNING: Velocity attribute does not use the linearization map. Please calculate the velocity using the position attribute.
[2026-06-01 04:51:28,760] INFO: T:15.814, State:swing, Fz:11.98, ThetaRef:60.00, ThetaActual:3.15, EncoderTheta:97.73, EncoderVelocity:5.42, K:10.00, B:0.50
[2026-06-01 04:51:28,763] DEBUG: No valid transitions from state swing
[2026-06-01 04:51:28,763] WARNING: Velocity attribute does not use the linearization map. Please calculate the velocity using the position attribute.
[2026-06-01 04:51:28,769] INFO: T:15.822, State:swing, Fz:10.85, ThetaRef:60.00, ThetaActual:3.15, EncoderTheta:97.71, EncoderVelocity:-2.65, K:10.00, B:0.50
[2026-06-01 04:51:28,771] DEBUG: No valid transitions from state swing
[2026-06-01 04:51:28,771] WARNING: Velocity attribute does not use the linearization map. Please calculate the velocity using the position attribute.
[2026-06-01 04:51:28,777] INFO: T:15.830, State:swing, Fz:10.45, ThetaRef:60.00, ThetaActual:3.15, EncoderTheta:97.71, EncoderVelocity:0.00, K:10.00, B:0.50
[2026-06-01 04:51:28,779] DEBUG: No valid transitions from state swing
[2026-06-01 04:51:28,780] WARNING: Velocity attribute does not use the linearization map. Please calculate the velocity using the position attribute.
[2026-06-01 04:51:28,785] INFO: T:15.839, State:swing, Fz:10.64, ThetaRef:60.00, ThetaActual:3.15, EncoderTheta:97.73, EncoderVelocity:2.65, K:10.00, B:0.50
[2026-06-01 04:51:28,788] DEBUG: No valid transitions from state swing
[2026-06-01 04:51:28,788] WARNING: Velocity attribute does not use the linearization map. Please calculate the velocity using the position attribute.
[2026-06-01 04:51:28,793] INFO: T:15.847, State:swing, Fz:9.30, ThetaRef:60.00, ThetaActual:3.15, EncoderTheta:97.71, EncoderVelocity:-2.65, K:10.00, B:0.50
[2026-06-01 04:51:28,796] DEBUG: No valid transitions from state swing
[2026-06-01 04:51:28,796] WARNING: Velocity attribute does not use the linearization map. Please calculate the velocity using the position attribute.
[2026-06-01 04:51:28,802] INFO: T:15.855, State:swing, Fz:7.78, ThetaRef:60.00, ThetaActual:3.15, EncoderTheta:97.73, EncoderVelocity:2.64, K:10.00, B:0.50
[2026-06-01 04:51:28,804] DEBUG: No valid transitions from state swing
[2026-06-01 04:51:28,804] WARNING: Velocity attribute does not use the linearization map. Please calculate the velocity using the position attribute.
[2026-06-01 04:51:28,810] INFO: T:15.864, State:swing, Fz:7.63, ThetaRef:60.00, ThetaActual:3.15, EncoderTheta:97.67, EncoderVelocity:-7.98, K:10.00, B:0.50
[2026-06-01 04:51:28,813] DEBUG: No valid transitions from state swing
[2026-06-01 04:51:28,813] WARNING: Velocity attribute does not use the linearization map. Please calculate the velocity using the position attribute.
[2026-06-01 04:51:28,818] INFO: T:15.872, State:swing, Fz:7.03, ThetaRef:60.00, ThetaActual:3.15, EncoderTheta:97.71, EncoderVelocity:5.25, K:10.00, B:0.50
[2026-06-01 04:51:28,821] DEBUG: No valid transitions from state swing
[2026-06-01 04:51:28,821] WARNING: Velocity attribute does not use the linearization map. Please calculate the velocity using the position attribute.
[2026-06-01 04:51:28,827] INFO: T:15.880, State:swing, Fz:5.56, ThetaRef:60.00, ThetaActual:3.15, EncoderTheta:97.71, EncoderVelocity:0.00, K:10.00, B:0.50
[2026-06-01 04:51:28,829] DEBUG: No valid transitions from state swing
[2026-06-01 04:51:28,829] WARNING: Velocity attribute does not use the linearization map. Please calculate the velocity using the position attribute.
[2026-06-01 04:51:28,835] INFO: T:15.888, State:swing, Fz:4.45, ThetaRef:60.00, ThetaActual:3.15, EncoderTheta:97.76, EncoderVelocity:5.34, K:10.00, B:0.50
[2026-06-01 04:51:28,837] DEBUG: No valid transitions from state swing
[2026-06-01 04:51:28,838] WARNING: Velocity attribute does not use the linearization map. Please calculate the velocity using the position attribute.
[2026-06-01 04:51:28,843] INFO: T:15.897, State:swing, Fz:3.58, ThetaRef:60.00, ThetaActual:3.15, EncoderTheta:97.69, EncoderVelocity:-8.02, K:10.00, B:0.50
[2026-06-01 04:51:28,846] DEBUG: No valid transitions from state swing
[2026-06-01 04:51:28,846] WARNING: Velocity attribute does not use the linearization map. Please calculate the velocity using the position attribute.
[2026-06-01 04:51:28,851] INFO: T:15.905, State:swing, Fz:2.95, ThetaRef:60.00, ThetaActual:3.15, EncoderTheta:97.73, EncoderVelocity:5.31, K:10.00, B:0.50
[2026-06-01 04:51:28,854] DEBUG: No valid transitions from state swing
[2026-06-01 04:51:28,854] WARNING: Velocity attribute does not use the linearization map. Please calculate the velocity using the position attribute.
[2026-06-01 04:51:28,860] INFO: T:15.913, State:swing, Fz:1.98, ThetaRef:60.00, ThetaActual:3.15, EncoderTheta:97.78, EncoderVelocity:5.35, K:10.00, B:0.50
[2026-06-01 04:51:28,862] DEBUG: No valid transitions from state swing
[2026-06-01 04:51:28,862] WARNING: Velocity attribute does not use the linearization map. Please calculate the velocity using the position attribute.
[2026-06-01 04:51:28,868] INFO: T:15.921, State:swing, Fz:1.72, ThetaRef:60.00, ThetaActual:3.15, EncoderTheta:97.80, EncoderVelocity:2.65, K:10.00, B:0.50
[2026-06-01 04:51:28,870] DEBUG: No valid transitions from state swing
[2026-06-01 04:51:28,871] WARNING: Velocity attribute does not use the linearization map. Please calculate the velocity using the position attribute.
[2026-06-01 04:51:28,876] INFO: T:15.930, State:swing, Fz:0.03, ThetaRef:60.00, ThetaActual:3.15, EncoderTheta:97.78, EncoderVelocity:-2.66, K:10.00, B:0.50
[2026-06-01 04:51:28,879] DEBUG: No valid transitions from state swing
[2026-06-01 04:51:28,879] WARNING: Velocity attribute does not use the linearization map. Please calculate the velocity using the position attribute.
[2026-06-01 04:51:28,884] INFO: T:15.938, State:swing, Fz:0.23, ThetaRef:60.00, ThetaActual:3.15, EncoderTheta:97.84, EncoderVelocity:8.11, K:10.00, B:0.50
[2026-06-01 04:51:28,887] DEBUG: No valid transitions from state swing
[2026-06-01 04:51:28,887] WARNING: Velocity attribute does not use the linearization map. Please calculate the velocity using the position attribute.
[2026-06-01 04:51:28,892] INFO: T:15.946, State:swing, Fz:-1.10, ThetaRef:60.00, ThetaActual:3.15, EncoderTheta:97.87, EncoderVelocity:2.68, K:10.00, B:0.50
[2026-06-01 04:51:28,895] DEBUG: No valid transitions from state swing
[2026-06-01 04:51:28,895] WARNING: Velocity attribute does not use the linearization map. Please calculate the velocity using the position attribute.
[2026-06-01 04:51:28,901] INFO: T:15.954, State:swing, Fz:-3.58, ThetaRef:60.00, ThetaActual:3.15, EncoderTheta:97.87, EncoderVelocity:0.00, K:10.00, B:0.50
[2026-06-01 04:51:28,903] DEBUG: No valid transitions from state swing
[2026-06-01 04:51:28,903] WARNING: Velocity attribute does not use the linearization map. Please calculate the velocity using the position attribute.
[2026-06-01 04:51:28,909] INFO: T:15.963, State:swing, Fz:-5.99, ThetaRef:60.00, ThetaActual:3.15, EncoderTheta:97.91, EncoderVelocity:5.30, K:10.00, B:0.50
[2026-06-01 04:51:28,912] DEBUG: No valid transitions from state swing
[2026-06-01 04:51:28,912] WARNING: Velocity attribute does not use the linearization map. Please calculate the velocity using the position attribute.
[2026-06-01 04:51:28,918] INFO: T:15.971, State:swing, Fz:-7.35, ThetaRef:60.00, ThetaActual:3.15, EncoderTheta:98.02, EncoderVelocity:13.09, K:10.00, B:0.50
[2026-06-01 04:51:28,920] DEBUG: No valid transitions from state swing
[2026-06-01 04:51:28,920] WARNING: Velocity attribute does not use the linearization map. Please calculate the velocity using the position attribute.
[2026-06-01 04:51:28,926] INFO: T:15.979, State:swing, Fz:-7.89, ThetaRef:60.00, ThetaActual:3.15, EncoderTheta:98.02, EncoderVelocity:0.00, K:10.00, B:0.50
[2026-06-01 04:51:28,929] DEBUG: No valid transitions from state swing
[2026-06-01 04:51:28,929] WARNING: Velocity attribute does not use the linearization map. Please calculate the velocity using the position attribute.
[2026-06-01 04:51:28,934] INFO: T:15.988, State:swing, Fz:-9.78, ThetaRef:60.00, ThetaActual:3.15, EncoderTheta:98.09, EncoderVelocity:7.84, K:10.00, B:0.50
[2026-06-01 04:51:28,937] DEBUG: No valid transitions from state swing
[2026-06-01 04:51:28,937] WARNING: Velocity attribute does not use the linearization map. Please calculate the velocity using the position attribute.
[2026-06-01 04:51:28,942] INFO: T:15.996, State:swing, Fz:-10.72, ThetaRef:60.00, ThetaActual:3.15, EncoderTheta:98.11, EncoderVelocity:2.69, K:10.00, B:0.50
[2026-06-01 04:51:28,945] DEBUG: No valid transitions from state swing
[2026-06-01 04:51:28,945] WARNING: Velocity attribute does not use the linearization map. Please calculate the velocity using the position attribute.
[2026-06-01 04:51:28,951] INFO: T:16.004, State:swing, Fz:-10.97, ThetaRef:60.00, ThetaActual:3.15, EncoderTheta:98.17, EncoderVelocity:7.93, K:10.00, B:0.50
[2026-06-01 04:51:28,953] DEBUG: No valid transitions from state swing
[2026-06-01 04:51:28,953] WARNING: Velocity attribute does not use the linearization map. Please calculate the velocity using the position attribute.
[2026-06-01 04:51:28,959] INFO: T:16.013, State:swing, Fz:-14.13, ThetaRef:60.00, ThetaActual:3.15, EncoderTheta:98.17, EncoderVelocity:0.00, K:10.00, B:0.50
[2026-06-01 04:51:28,961] DEBUG: No valid transitions from state swing
[2026-06-01 04:51:28,962] WARNING: Velocity attribute does not use the linearization map. Please calculate the velocity using the position attribute.
[2026-06-01 04:51:28,967] INFO: T:16.021, State:swing, Fz:-12.59, ThetaRef:60.00, ThetaActual:3.15, EncoderTheta:98.22, EncoderVelocity:5.36, K:10.00, B:0.50
[2026-06-01 04:51:28,970] DEBUG: No valid transitions from state swing
[2026-06-01 04:51:28,970] WARNING: Velocity attribute does not use the linearization map. Please calculate the velocity using the position attribute.
[2026-06-01 04:51:28,975] INFO: T:16.029, State:swing, Fz:-12.41, ThetaRef:60.00, ThetaActual:3.15, EncoderTheta:98.13, EncoderVelocity:-10.69, K:10.00, B:0.50
[2026-06-01 04:51:28,978] DEBUG: No valid transitions from state swing
[2026-06-01 04:51:28,978] WARNING: Velocity attribute does not use the linearization map. Please calculate the velocity using the position attribute.
[2026-06-01 04:51:28,984] INFO: T:16.037, State:swing, Fz:-10.91, ThetaRef:60.00, ThetaActual:3.15, EncoderTheta:98.11, EncoderVelocity:-2.67, K:10.00, B:0.50
[2026-06-01 04:51:28,986] DEBUG: No valid transitions from state swing
[2026-06-01 04:51:28,986] WARNING: Velocity attribute does not use the linearization map. Please calculate the velocity using the position attribute.
[2026-06-01 04:51:28,992] INFO: T:16.045, State:swing, Fz:-7.54, ThetaRef:60.00, ThetaActual:3.15, EncoderTheta:97.78, EncoderVelocity:-39.86, K:10.00, B:0.50
[2026-06-01 04:51:28,994] DEBUG: No valid transitions from state swing
[2026-06-01 04:51:28,994] WARNING: Velocity attribute does not use the linearization map. Please calculate the velocity using the position attribute.
[2026-06-01 04:51:29,000] INFO: T:16.054, State:swing, Fz:11.37, ThetaRef:60.00, ThetaActual:3.15, EncoderTheta:97.27, EncoderVelocity:-61.74, K:10.00, B:0.50
[2026-06-01 04:51:29,003] DEBUG: No valid transitions from state swing
[2026-06-01 04:51:29,003] WARNING: Velocity attribute does not use the linearization map. Please calculate the velocity using the position attribute.
[2026-06-01 04:51:29,008] INFO: T:16.062, State:swing, Fz:41.58, ThetaRef:60.00, ThetaActual:3.18, EncoderTheta:97.05, EncoderVelocity:-26.81, K:10.00, B:0.50
[2026-06-01 04:51:29,011] DEBUG: No valid transitions from state swing
[2026-06-01 04:51:29,011] WARNING: Velocity attribute does not use the linearization map. Please calculate the velocity using the position attribute.
[2026-06-01 04:51:29,016] INFO: T:16.070, State:swing, Fz:34.35, ThetaRef:60.00, ThetaActual:3.42, EncoderTheta:97.14, EncoderVelocity:10.84, K:10.00, B:0.50
[2026-06-01 04:51:29,019] DEBUG: No valid transitions from state swing
[2026-06-01 04:51:29,019] WARNING: Velocity attribute does not use the linearization map. Please calculate the velocity using the position attribute.
[2026-06-01 04:51:29,025] INFO: T:16.078, State:swing, Fz:-2.77, ThetaRef:60.00, ThetaActual:3.61, EncoderTheta:97.40, EncoderVelocity:32.00, K:10.00, B:0.50
[2026-06-01 04:51:29,027] DEBUG: No valid transitions from state swing
[2026-06-01 04:51:29,027] WARNING: Velocity attribute does not use the linearization map. Please calculate the velocity using the position attribute.
[2026-06-01 04:51:29,033] INFO: T:16.087, State:swing, Fz:-35.16, ThetaRef:60.00, ThetaActual:3.97, EncoderTheta:97.56, EncoderVelocity:18.45, K:10.00, B:0.50
[2026-06-01 04:51:29,036] WARNING: Velocity attribute does not use the linearization map. Please calculate the velocity using the position attribute.
[2026-06-01 04:51:29,041] INFO: T:16.095, State:stance, Fz:-77.38, ThetaRef:5.00, ThetaActual:4.23, EncoderTheta:97.62, EncoderVelocity:7.90, K:500.00, B:20.00
[2026-06-01 04:51:29,044] DEBUG: No valid transitions from state stance
[2026-06-01 04:51:29,044] WARNING: Velocity attribute does not use the linearization map. Please calculate the velocity using the position attribute.
[2026-06-01 04:51:29,050] INFO: T:16.103, State:stance, Fz:-103.00, ThetaRef:5.00, ThetaActual:4.27, EncoderTheta:97.51, EncoderVelocity:-13.26, K:500.00, B:20.00
[2026-06-01 04:51:29,052] DEBUG: No valid transitions from state stance
[2026-06-01 04:51:29,052] WARNING: Velocity attribute does not use the linearization map. Please calculate the velocity using the position attribute.
[2026-06-01 04:51:29,058] INFO: T:16.111, State:stance, Fz:-93.54, ThetaRef:5.00, ThetaActual:4.15, EncoderTheta:97.29, EncoderVelocity:-26.63, K:500.00, B:20.00
[2026-06-01 04:51:29,061] DEBUG: No valid transitions from state stance
[2026-06-01 04:51:29,061] WARNING: Velocity attribute does not use the linearization map. Please calculate the velocity using the position attribute.
[2026-06-01 04:51:29,067] INFO: T:16.120, State:stance, Fz:-72.37, ThetaRef:5.00, ThetaActual:3.65, EncoderTheta:97.43, EncoderVelocity:15.31, K:500.00, B:20.00
[2026-06-01 04:51:29,069] WARNING: Velocity attribute does not use the linearization map. Please calculate the velocity using the position attribute.
[2026-06-01 04:51:29,075] INFO: T:16.128, State:swing, Fz:-14.64, ThetaRef:60.00, ThetaActual:3.24, EncoderTheta:97.80, EncoderVelocity:44.52, K:10.00, B:0.50
[2026-06-01 04:51:29,077] DEBUG: No valid transitions from state swing
[2026-06-01 04:51:29,077] WARNING: Velocity attribute does not use the linearization map. Please calculate the velocity using the position attribute.
[2026-06-01 04:51:29,083] INFO: T:16.137, State:swing, Fz:19.31, ThetaRef:60.00, ThetaActual:2.60, EncoderTheta:98.26, EncoderVelocity:55.99, K:10.00, B:0.50
[2026-06-01 04:51:29,086] DEBUG: No valid transitions from state swing
[2026-06-01 04:51:29,086] WARNING: Velocity attribute does not use the linearization map. Please calculate the velocity using the position attribute.
[2026-06-01 04:51:29,091] INFO: T:16.145, State:swing, Fz:11.59, ThetaRef:60.00, ThetaActual:2.27, EncoderTheta:98.72, EncoderVelocity:56.26, K:10.00, B:0.50
[2026-06-01 04:51:29,094] DEBUG: No valid transitions from state swing
[2026-06-01 04:51:29,094] WARNING: Velocity attribute does not use the linearization map. Please calculate the velocity using the position attribute.
[2026-06-01 04:51:29,099] INFO: T:16.153, State:swing, Fz:-3.23, ThetaRef:60.00, ThetaActual:2.12, EncoderTheta:99.21, EncoderVelocity:59.40, K:10.00, B:0.50
[2026-06-01 04:51:29,102] DEBUG: No valid transitions from state swing
[2026-06-01 04:51:29,102] WARNING: Velocity attribute does not use the linearization map. Please calculate the velocity using the position attribute.
[2026-06-01 04:51:29,108] INFO: T:16.161, State:swing, Fz:-17.98, ThetaRef:60.00, ThetaActual:1.88, EncoderTheta:99.73, EncoderVelocity:62.59, K:10.00, B:0.50
[2026-06-01 04:51:29,111] DEBUG: No valid transitions from state swing
[2026-06-01 04:51:29,111] WARNING: Velocity attribute does not use the linearization map. Please calculate the velocity using the position attribute.
[2026-06-01 04:51:29,116] INFO: T:16.170, State:swing, Fz:-38.26, ThetaRef:60.00, ThetaActual:1.66, EncoderTheta:100.00, EncoderVelocity:31.56, K:10.00, B:0.50
[2026-06-01 04:51:29,119] WARNING: Velocity attribute does not use the linearization map. Please calculate the velocity using the position attribute.
[2026-06-01 04:51:29,125] INFO: T:16.178, State:stance, Fz:-65.73, ThetaRef:5.00, ThetaActual:1.55, EncoderTheta:100.02, EncoderVelocity:2.65, K:500.00, B:20.00
[2026-06-01 04:51:29,127] DEBUG: No valid transitions from state stance
[2026-06-01 04:51:29,127] WARNING: Velocity attribute does not use the linearization map. Please calculate the velocity using the position attribute.
[2026-06-01 04:51:29,133] INFO: T:16.186, State:stance, Fz:-80.64, ThetaRef:5.00, ThetaActual:1.31, EncoderTheta:100.00, EncoderVelocity:-2.60, K:500.00, B:20.00
[2026-06-01 04:51:29,136] DEBUG: No valid transitions from state stance
[2026-06-01 04:51:29,136] WARNING: Velocity attribute does not use the linearization map. Please calculate the velocity using the position attribute.
[2026-06-01 04:51:29,141] INFO: T:16.195, State:stance, Fz:-82.89, ThetaRef:5.00, ThetaActual:1.11, EncoderTheta:99.98, EncoderVelocity:-2.61, K:500.00, B:20.00
[2026-06-01 04:51:29,144] DEBUG: No valid transitions from state stance
[2026-06-01 04:51:29,144] WARNING: Velocity attribute does not use the linearization map. Please calculate the velocity using the position attribute.
[2026-06-01 04:51:29,150] INFO: T:16.203, State:stance, Fz:-85.10, ThetaRef:5.00, ThetaActual:1.02, EncoderTheta:100.02, EncoderVelocity:5.33, K:500.00, B:20.00
[2026-06-01 04:51:29,152] DEBUG: No valid transitions from state stance
[2026-06-01 04:51:29,152] WARNING: Velocity attribute does not use the linearization map. Please calculate the velocity using the position attribute.
[2026-06-01 04:51:29,158] INFO: T:16.211, State:stance, Fz:-94.74, ThetaRef:5.00, ThetaActual:0.84, EncoderTheta:100.04, EncoderVelocity:2.64, K:500.00, B:20.00
[2026-06-01 04:51:29,161] DEBUG: No valid transitions from state stance
[2026-06-01 04:51:29,161] WARNING: Velocity attribute does not use the linearization map. Please calculate the velocity using the position attribute.
[2026-06-01 04:51:29,166] INFO: T:16.220, State:stance, Fz:-113.04, ThetaRef:5.00, ThetaActual:0.71, EncoderTheta:100.04, EncoderVelocity:0.00, K:500.00, B:20.00
[2026-06-01 04:51:29,169] DEBUG: No valid transitions from state stance
[2026-06-01 04:51:29,169] WARNING: Velocity attribute does not use the linearization map. Please calculate the velocity using the position attribute.
[2026-06-01 04:51:29,175] INFO: T:16.228, State:stance, Fz:-134.97, ThetaRef:5.00, ThetaActual:0.67, EncoderTheta:100.06, EncoderVelocity:2.63, K:500.00, B:20.00
[2026-06-01 04:51:29,177] DEBUG: No valid transitions from state stance
[2026-06-01 04:51:29,177] WARNING: Velocity attribute does not use the linearization map. Please calculate the velocity using the position attribute.
[2026-06-01 04:51:29,183] INFO: T:16.237, State:stance, Fz:-150.63, ThetaRef:5.00, ThetaActual:0.63, EncoderTheta:100.00, EncoderVelocity:-7.99, K:500.00, B:20.00
[2026-06-01 04:51:29,186] DEBUG: No valid transitions from state stance
[2026-06-01 04:51:29,186] WARNING: Velocity attribute does not use the linearization map. Please calculate the velocity using the position attribute.
[2026-06-01 04:51:29,191] INFO: T:16.245, State:stance, Fz:-159.97, ThetaRef:5.00, ThetaActual:0.62, EncoderTheta:100.06, EncoderVelocity:7.95, K:500.00, B:20.00
[2026-06-01 04:51:29,194] DEBUG: No valid transitions from state stance
[2026-06-01 04:51:29,194] WARNING: Velocity attribute does not use the linearization map. Please calculate the velocity using the position attribute.
[2026-06-01 04:51:29,199] INFO: T:16.253, State:stance, Fz:-166.08, ThetaRef:5.00, ThetaActual:0.62, EncoderTheta:100.04, EncoderVelocity:-2.68, K:500.00, B:20.00
[2026-06-01 04:51:29,202] DEBUG: No valid transitions from state stance
[2026-06-01 04:51:29,202] WARNING: Velocity attribute does not use the linearization map. Please calculate the velocity using the position attribute.
[2026-06-01 04:51:29,208] INFO: T:16.261, State:stance, Fz:-171.78, ThetaRef:5.00, ThetaActual:0.62, EncoderTheta:100.09, EncoderVelocity:5.32, K:500.00, B:20.00
[2026-06-01 04:51:29,210] DEBUG: No valid transitions from state stance
[2026-06-01 04:51:29,210] WARNING: Velocity attribute does not use the linearization map. Please calculate the velocity using the position attribute.
[2026-06-01 04:51:29,216] INFO: T:16.270, State:stance, Fz:-181.14, ThetaRef:5.00, ThetaActual:0.62, EncoderTheta:100.04, EncoderVelocity:-5.32, K:500.00, B:20.00
[2026-06-01 04:51:29,219] DEBUG: No valid transitions from state stance
[2026-06-01 04:51:29,219] WARNING: Velocity attribute does not use the linearization map. Please calculate the velocity using the position attribute.
[2026-06-01 04:51:29,224] INFO: T:16.278, State:stance, Fz:-189.29, ThetaRef:5.00, ThetaActual:0.62, EncoderTheta:100.02, EncoderVelocity:-2.68, K:500.00, B:20.00
[2026-06-01 04:51:29,227] DEBUG: No valid transitions from state stance
[2026-06-01 04:51:29,227] WARNING: Velocity attribute does not use the linearization map. Please calculate the velocity using the position attribute.
[2026-06-01 04:51:29,232] INFO: T:16.286, State:stance, Fz:-195.46, ThetaRef:5.00, ThetaActual:0.62, EncoderTheta:100.06, EncoderVelocity:5.30, K:500.00, B:20.00
[2026-06-01 04:51:29,235] DEBUG: No valid transitions from state stance
[2026-06-01 04:51:29,235] WARNING: Velocity attribute does not use the linearization map. Please calculate the velocity using the position attribute.
[2026-06-01 04:51:29,241] INFO: T:16.294, State:stance, Fz:-199.69, ThetaRef:5.00, ThetaActual:0.62, EncoderTheta:100.09, EncoderVelocity:2.68, K:500.00, B:20.00
[2026-06-01 04:51:29,243] DEBUG: No valid transitions from state stance
[2026-06-01 04:51:29,243] WARNING: Velocity attribute does not use the linearization map. Please calculate the velocity using the position attribute.
[2026-06-01 04:51:29,249] INFO: T:16.303, State:stance, Fz:-203.89, ThetaRef:5.00, ThetaActual:0.62, EncoderTheta:100.04, EncoderVelocity:-5.31, K:500.00, B:20.00
[2026-06-01 04:51:29,252] DEBUG: No valid transitions from state stance
[2026-06-01 04:51:29,252] WARNING: Velocity attribute does not use the linearization map. Please calculate the velocity using the position attribute.
[2026-06-01 04:51:29,257] INFO: T:16.311, State:stance, Fz:-203.65, ThetaRef:5.00, ThetaActual:0.62, EncoderTheta:100.09, EncoderVelocity:5.34, K:500.00, B:20.00
[2026-06-01 04:51:29,260] DEBUG: No valid transitions from state stance
[2026-06-01 04:51:29,260] WARNING: Velocity attribute does not use the linearization map. Please calculate the velocity using the position attribute.
[2026-06-01 04:51:29,266] INFO: T:16.319, State:stance, Fz:-206.43, ThetaRef:5.00, ThetaActual:0.62, EncoderTheta:100.02, EncoderVelocity:-7.93, K:500.00, B:20.00
[2026-06-01 04:51:29,268] DEBUG: No valid transitions from state stance
[2026-06-01 04:51:29,268] WARNING: Velocity attribute does not use the linearization map. Please calculate the velocity using the position attribute.
[2026-06-01 04:51:29,274] INFO: T:16.327, State:stance, Fz:-206.57, ThetaRef:5.00, ThetaActual:0.62, EncoderTheta:100.04, EncoderVelocity:2.66, K:500.00, B:20.00
[2026-06-01 04:51:29,276] DEBUG: No valid transitions from state stance
[2026-06-01 04:51:29,276] WARNING: Velocity attribute does not use the linearization map. Please calculate the velocity using the position attribute.
[2026-06-01 04:51:29,282] INFO: T:16.336, State:stance, Fz:-206.67, ThetaRef:5.00, ThetaActual:0.62, EncoderTheta:100.00, EncoderVelocity:-5.34, K:500.00, B:20.00
[2026-06-01 04:51:29,285] DEBUG: No valid transitions from state stance
[2026-06-01 04:51:29,285] WARNING: Velocity attribute does not use the linearization map. Please calculate the velocity using the position attribute.
[2026-06-01 04:51:29,290] INFO: T:16.344, State:stance, Fz:-206.76, ThetaRef:5.00, ThetaActual:0.62, EncoderTheta:100.06, EncoderVelocity:7.88, K:500.00, B:20.00
[2026-06-01 04:51:29,293] DEBUG: No valid transitions from state stance
[2026-06-01 04:51:29,293] WARNING: Velocity attribute does not use the linearization map. Please calculate the velocity using the position attribute.
[2026-06-01 04:51:29,298] INFO: T:16.352, State:stance, Fz:-206.30, ThetaRef:5.00, ThetaActual:0.62, EncoderTheta:100.04, EncoderVelocity:-2.69, K:500.00, B:20.00
[2026-06-01 04:51:29,301] DEBUG: No valid transitions from state stance
[2026-06-01 04:51:29,301] WARNING: Velocity attribute does not use the linearization map. Please calculate the velocity using the position attribute.
[2026-06-01 04:51:29,307] INFO: T:16.360, State:stance, Fz:-207.43, ThetaRef:5.00, ThetaActual:0.62, EncoderTheta:100.04, EncoderVelocity:0.00, K:500.00, B:20.00
[2026-06-01 04:51:29,309] DEBUG: No valid transitions from state stance
[2026-06-01 04:51:29,309] WARNING: Velocity attribute does not use the linearization map. Please calculate the velocity using the position attribute.
[2026-06-01 04:51:29,315] INFO: T:16.368, State:stance, Fz:-206.77, ThetaRef:5.00, ThetaActual:0.62, EncoderTheta:100.00, EncoderVelocity:-5.41, K:500.00, B:20.00
[2026-06-01 04:51:29,317] DEBUG: No valid transitions from state stance
[2026-06-01 04:51:29,317] WARNING: Velocity attribute does not use the linearization map. Please calculate the velocity using the position attribute.
[2026-06-01 04:51:29,323] INFO: T:16.376, State:stance, Fz:-209.77, ThetaRef:5.00, ThetaActual:0.62, EncoderTheta:100.06, EncoderVelocity:8.11, K:500.00, B:20.00
[2026-06-01 04:51:29,325] DEBUG: No valid transitions from state stance
[2026-06-01 04:51:29,325] WARNING: Velocity attribute does not use the linearization map. Please calculate the velocity using the position attribute.
[2026-06-01 04:51:29,331] INFO: T:16.385, State:stance, Fz:-211.03, ThetaRef:5.00, ThetaActual:0.62, EncoderTheta:100.06, EncoderVelocity:0.00, K:500.00, B:20.00
[2026-06-01 04:51:29,333] DEBUG: No valid transitions from state stance
[2026-06-01 04:51:29,333] WARNING: Velocity attribute does not use the linearization map. Please calculate the velocity using the position attribute.
[2026-06-01 04:51:29,339] INFO: T:16.393, State:stance, Fz:-212.52, ThetaRef:5.00, ThetaActual:0.62, EncoderTheta:100.06, EncoderVelocity:0.00, K:500.00, B:20.00
[2026-06-01 04:51:29,341] DEBUG: No valid transitions from state stance
[2026-06-01 04:51:29,341] WARNING: Velocity attribute does not use the linearization map. Please calculate the velocity using the position attribute.
[2026-06-01 04:51:29,347] INFO: T:16.401, State:stance, Fz:-215.14, ThetaRef:5.00, ThetaActual:0.62, EncoderTheta:100.02, EncoderVelocity:-5.46, K:500.00, B:20.00
[2026-06-01 04:51:29,349] DEBUG: No valid transitions from state stance
[2026-06-01 04:51:29,349] WARNING: Velocity attribute does not use the linearization map. Please calculate the velocity using the position attribute.
[2026-06-01 04:51:29,355] INFO: T:16.409, State:stance, Fz:-217.14, ThetaRef:5.00, ThetaActual:0.62, EncoderTheta:100.02, EncoderVelocity:0.00, K:500.00, B:20.00
[2026-06-01 04:51:29,357] DEBUG: No valid transitions from state stance
[2026-06-01 04:51:29,358] WARNING: Velocity attribute does not use the linearization map. Please calculate the velocity using the position attribute.
[2026-06-01 04:51:29,363] INFO: T:16.417, State:stance, Fz:-220.16, ThetaRef:5.00, ThetaActual:0.62, EncoderTheta:100.04, EncoderVelocity:2.73, K:500.00, B:20.00
[2026-06-01 04:51:29,365] DEBUG: No valid transitions from state stance
[2026-06-01 04:51:29,366] WARNING: Velocity attribute does not use the linearization map. Please calculate the velocity using the position attribute.
[2026-06-01 04:51:29,371] INFO: T:16.425, State:stance, Fz:-222.92, ThetaRef:5.00, ThetaActual:0.62, EncoderTheta:100.02, EncoderVelocity:-2.73, K:500.00, B:20.00
[2026-06-01 04:51:29,374] DEBUG: No valid transitions from state stance
[2026-06-01 04:51:29,374] WARNING: Velocity attribute does not use the linearization map. Please calculate the velocity using the position attribute.
[2026-06-01 04:51:29,379] INFO: T:16.433, State:stance, Fz:-224.09, ThetaRef:5.00, ThetaActual:0.62, EncoderTheta:100.04, EncoderVelocity:2.74, K:500.00, B:20.00
[2026-06-01 04:51:29,382] DEBUG: No valid transitions from state stance
[2026-06-01 04:51:29,382] WARNING: Velocity attribute does not use the linearization map. Please calculate the velocity using the position attribute.
[2026-06-01 04:51:29,387] INFO: T:16.441, State:stance, Fz:-225.00, ThetaRef:5.00, ThetaActual:0.62, EncoderTheta:100.11, EncoderVelocity:8.18, K:500.00, B:20.00
[2026-06-01 04:51:29,390] DEBUG: No valid transitions from state stance
[2026-06-01 04:51:29,390] WARNING: Velocity attribute does not use the linearization map. Please calculate the velocity using the position attribute.
[2026-06-01 04:51:29,395] INFO: T:16.449, State:stance, Fz:-226.67, ThetaRef:5.00, ThetaActual:0.62, EncoderTheta:100.04, EncoderVelocity:-8.24, K:500.00, B:20.00
[2026-06-01 04:51:29,398] DEBUG: No valid transitions from state stance
[2026-06-01 04:51:29,398] WARNING: Velocity attribute does not use the linearization map. Please calculate the velocity using the position attribute.
[2026-06-01 04:51:29,403] INFO: T:16.457, State:stance, Fz:-226.99, ThetaRef:5.00, ThetaActual:0.62, EncoderTheta:100.04, EncoderVelocity:0.00, K:500.00, B:20.00
[2026-06-01 04:51:29,406] DEBUG: No valid transitions from state stance
[2026-06-01 04:51:29,406] WARNING: Velocity attribute does not use the linearization map. Please calculate the velocity using the position attribute.
[2026-06-01 04:51:29,411] INFO: T:16.465, State:stance, Fz:-229.20, ThetaRef:5.00, ThetaActual:0.62, EncoderTheta:100.06, EncoderVelocity:2.72, K:500.00, B:20.00
[2026-06-01 04:51:29,414] DEBUG: No valid transitions from state stance
[2026-06-01 04:51:29,414] WARNING: Velocity attribute does not use the linearization map. Please calculate the velocity using the position attribute.
[2026-06-01 04:51:29,419] INFO: T:16.473, State:stance, Fz:-228.90, ThetaRef:5.00, ThetaActual:0.62, EncoderTheta:100.04, EncoderVelocity:-2.71, K:500.00, B:20.00
[2026-06-01 04:51:29,422] DEBUG: No valid transitions from state stance
[2026-06-01 04:51:29,422] WARNING: Velocity attribute does not use the linearization map. Please calculate the velocity using the position attribute.
[2026-06-01 04:51:29,428] INFO: T:16.481, State:stance, Fz:-227.20, ThetaRef:5.00, ThetaActual:0.62, EncoderTheta:100.00, EncoderVelocity:-5.34, K:500.00, B:20.00
[2026-06-01 04:51:29,430] DEBUG: No valid transitions from state stance
[2026-06-01 04:51:29,430] WARNING: Velocity attribute does not use the linearization map. Please calculate the velocity using the position attribute.
[2026-06-01 04:51:29,436] INFO: T:16.489, State:stance, Fz:-222.94, ThetaRef:5.00, ThetaActual:0.62, EncoderTheta:100.04, EncoderVelocity:5.40, K:500.00, B:20.00
[2026-06-01 04:51:29,438] DEBUG: No valid transitions from state stance
[2026-06-01 04:51:29,438] WARNING: Velocity attribute does not use the linearization map. Please calculate the velocity using the position attribute.
[2026-06-01 04:51:29,444] INFO: T:16.497, State:stance, Fz:-219.19, ThetaRef:5.00, ThetaActual:0.62, EncoderTheta:100.04, EncoderVelocity:0.00, K:500.00, B:20.00
[2026-06-01 04:51:29,446] DEBUG: No valid transitions from state stance
[2026-06-01 04:51:29,446] WARNING: Velocity attribute does not use the linearization map. Please calculate the velocity using the position attribute.
[2026-06-01 04:51:29,452] INFO: T:16.506, State:stance, Fz:-211.85, ThetaRef:5.00, ThetaActual:0.62, EncoderTheta:100.02, EncoderVelocity:-2.72, K:500.00, B:20.00
[2026-06-01 04:51:29,454] DEBUG: No valid transitions from state stance
[2026-06-01 04:51:29,454] WARNING: Velocity attribute does not use the linearization map. Please calculate the velocity using the position attribute.
[2026-06-01 04:51:29,460] INFO: T:16.514, State:stance, Fz:-203.78, ThetaRef:5.00, ThetaActual:0.62, EncoderTheta:100.00, EncoderVelocity:-2.75, K:500.00, B:20.00
[2026-06-01 04:51:29,462] DEBUG: No valid transitions from state stance
[2026-06-01 04:51:29,462] WARNING: Velocity attribute does not use the linearization map. Please calculate the velocity using the position attribute.
[2026-06-01 04:51:29,468] INFO: T:16.522, State:stance, Fz:-197.61, ThetaRef:5.00, ThetaActual:0.62, EncoderTheta:100.02, EncoderVelocity:2.76, K:500.00, B:20.00
[2026-06-01 04:51:29,470] DEBUG: No valid transitions from state stance
[2026-06-01 04:51:29,470] WARNING: Velocity attribute does not use the linearization map. Please calculate the velocity using the position attribute.
[2026-06-01 04:51:29,476] INFO: T:16.529, State:stance, Fz:-188.43, ThetaRef:5.00, ThetaActual:0.62, EncoderTheta:100.06, EncoderVelocity:5.52, K:500.00, B:20.00
[2026-06-01 04:51:29,478] DEBUG: No valid transitions from state stance
[2026-06-01 04:51:29,478] WARNING: Velocity attribute does not use the linearization map. Please calculate the velocity using the position attribute.
[2026-06-01 04:51:29,484] INFO: T:16.538, State:stance, Fz:-175.00, ThetaRef:5.00, ThetaActual:0.62, EncoderTheta:99.98, EncoderVelocity:-10.88, K:500.00, B:20.00
[2026-06-01 04:51:29,486] DEBUG: No valid transitions from state stance
[2026-06-01 04:51:29,486] WARNING: Velocity attribute does not use the linearization map. Please calculate the velocity using the position attribute.
[2026-06-01 04:51:29,492] INFO: T:16.546, State:stance, Fz:-165.70, ThetaRef:5.00, ThetaActual:0.62, EncoderTheta:99.95, EncoderVelocity:-2.75, K:500.00, B:20.00
[2026-06-01 04:51:29,494] DEBUG: No valid transitions from state stance
[2026-06-01 04:51:29,494] WARNING: Velocity attribute does not use the linearization map. Please calculate the velocity using the position attribute.
[2026-06-01 04:51:29,500] INFO: T:16.554, State:stance, Fz:-152.66, ThetaRef:5.00, ThetaActual:0.62, EncoderTheta:100.00, EncoderVelocity:5.52, K:500.00, B:20.00
[2026-06-01 04:51:29,502] DEBUG: No valid transitions from state stance
[2026-06-01 04:51:29,502] WARNING: Velocity attribute does not use the linearization map. Please calculate the velocity using the position attribute.
[2026-06-01 04:51:29,508] INFO: T:16.561, State:stance, Fz:-140.24, ThetaRef:5.00, ThetaActual:0.63, EncoderTheta:99.95, EncoderVelocity:-5.54, K:500.00, B:20.00
[2026-06-01 04:51:29,510] DEBUG: No valid transitions from state stance
[2026-06-01 04:51:29,510] WARNING: Velocity attribute does not use the linearization map. Please calculate the velocity using the position attribute.
[2026-06-01 04:51:29,516] INFO: T:16.569, State:stance, Fz:-128.26, ThetaRef:5.00, ThetaActual:0.63, EncoderTheta:99.87, EncoderVelocity:-10.93, K:500.00, B:20.00
[2026-06-01 04:51:29,518] DEBUG: No valid transitions from state stance
[2026-06-01 04:51:29,518] WARNING: Velocity attribute does not use the linearization map. Please calculate the velocity using the position attribute.
[2026-06-01 04:51:29,524] INFO: T:16.577, State:stance, Fz:-112.64, ThetaRef:5.00, ThetaActual:0.64, EncoderTheta:99.84, EncoderVelocity:-2.75, K:500.00, B:20.00
[2026-06-01 04:51:29,526] DEBUG: No valid transitions from state stance
[2026-06-01 04:51:29,526] WARNING: Velocity attribute does not use the linearization map. Please calculate the velocity using the position attribute.
[2026-06-01 04:51:29,532] INFO: T:16.585, State:stance, Fz:-96.29, ThetaRef:5.00, ThetaActual:0.65, EncoderTheta:99.82, EncoderVelocity:-2.74, K:500.00, B:20.00
[2026-06-01 04:51:29,534] DEBUG: No valid transitions from state stance
[2026-06-01 04:51:29,534] WARNING: Velocity attribute does not use the linearization map. Please calculate the velocity using the position attribute.
[2026-06-01 04:51:29,540] INFO: T:16.593, State:stance, Fz:-80.30, ThetaRef:5.00, ThetaActual:0.66, EncoderTheta:99.69, EncoderVelocity:-16.57, K:500.00, B:20.00
[2026-06-01 04:51:29,543] DEBUG: No valid transitions from state stance
[2026-06-01 04:51:29,543] WARNING: Velocity attribute does not use the linearization map. Please calculate the velocity using the position attribute.
[2026-06-01 04:51:29,548] INFO: T:16.602, State:stance, Fz:-63.15, ThetaRef:5.00, ThetaActual:0.71, EncoderTheta:99.62, EncoderVelocity:-7.85, K:500.00, B:20.00
[2026-06-01 04:51:29,551] DEBUG: No valid transitions from state stance
[2026-06-01 04:51:29,551] WARNING: Velocity attribute does not use the linearization map. Please calculate the velocity using the position attribute.
[2026-06-01 04:51:29,556] INFO: T:16.610, State:stance, Fz:-47.55, ThetaRef:5.00, ThetaActual:0.78, EncoderTheta:99.56, EncoderVelocity:-8.02, K:500.00, B:20.00
[2026-06-01 04:51:29,559] WARNING: Velocity attribute does not use the linearization map. Please calculate the velocity using the position attribute.
[2026-06-01 04:51:29,565] INFO: T:16.618, State:swing, Fz:-29.22, ThetaRef:60.00, ThetaActual:0.82, EncoderTheta:99.45, EncoderVelocity:-13.41, K:10.00, B:0.50
[2026-06-01 04:51:29,567] DEBUG: No valid transitions from state swing
[2026-06-01 04:51:29,567] WARNING: Velocity attribute does not use the linearization map. Please calculate the velocity using the position attribute.
[2026-06-01 04:51:29,573] INFO: T:16.626, State:swing, Fz:-11.71, ThetaRef:60.00, ThetaActual:0.90, EncoderTheta:99.32, EncoderVelocity:-16.07, K:10.00, B:0.50
[2026-06-01 04:51:29,575] DEBUG: No valid transitions from state swing
[2026-06-01 04:51:29,575] WARNING: Velocity attribute does not use the linearization map. Please calculate the velocity using the position attribute.
[2026-06-01 04:51:29,581] INFO: T:16.635, State:swing, Fz:4.56, ThetaRef:60.00, ThetaActual:1.01, EncoderTheta:99.23, EncoderVelocity:-10.76, K:10.00, B:0.50
[2026-06-01 04:51:29,583] DEBUG: No valid transitions from state swing
[2026-06-01 04:51:29,584] WARNING: Velocity attribute does not use the linearization map. Please calculate the velocity using the position attribute.
[2026-06-01 04:51:29,589] INFO: T:16.643, State:swing, Fz:5.94, ThetaRef:60.00, ThetaActual:1.14, EncoderTheta:98.94, EncoderVelocity:-35.12, K:10.00, B:0.50
[2026-06-01 04:51:29,592] DEBUG: No valid transitions from state swing
[2026-06-01 04:51:29,592] WARNING: Velocity attribute does not use the linearization map. Please calculate the velocity using the position attribute.
[2026-06-01 04:51:29,597] INFO: T:16.651, State:swing, Fz:-4.57, ThetaRef:60.00, ThetaActual:1.59, EncoderTheta:98.44, EncoderVelocity:-61.56, K:10.00, B:0.50
[2026-06-01 04:51:29,600] DEBUG: No valid transitions from state swing
[2026-06-01 04:51:29,600] WARNING: Velocity attribute does not use the linearization map. Please calculate the velocity using the position attribute.
[2026-06-01 04:51:29,605] INFO: T:16.659, State:swing, Fz:-7.57, ThetaRef:60.00, ThetaActual:1.89, EncoderTheta:97.82, EncoderVelocity:-76.03, K:10.00, B:0.50
[2026-06-01 04:51:29,608] DEBUG: No valid transitions from state swing
[2026-06-01 04:51:29,608] WARNING: Velocity attribute does not use the linearization map. Please calculate the velocity using the position attribute.
[2026-06-01 04:51:29,614] INFO: T:16.667, State:swing, Fz:-15.41, ThetaRef:60.00, ThetaActual:2.62, EncoderTheta:97.12, EncoderVelocity:-84.65, K:10.00, B:0.50
[2026-06-01 04:51:29,616] DEBUG: No valid transitions from state swing
[2026-06-01 04:51:29,616] WARNING: Velocity attribute does not use the linearization map. Please calculate the velocity using the position attribute.
[2026-06-01 04:51:29,622] INFO: T:16.676, State:swing, Fz:-22.40, ThetaRef:60.00, ThetaActual:3.50, EncoderTheta:96.31, EncoderVelocity:-98.48, K:10.00, B:0.50
[2026-06-01 04:51:29,625] DEBUG: No valid transitions from state swing
[2026-06-01 04:51:29,625] WARNING: Velocity attribute does not use the linearization map. Please calculate the velocity using the position attribute.
[2026-06-01 04:51:29,630] INFO: T:16.684, State:swing, Fz:-33.22, ThetaRef:60.00, ThetaActual:4.00, EncoderTheta:95.49, EncoderVelocity:-98.95, K:10.00, B:0.50
[2026-06-01 04:51:29,633] WARNING: Velocity attribute does not use the linearization map. Please calculate the velocity using the position attribute.
[2026-06-01 04:51:29,638] INFO: T:16.692, State:stance, Fz:-49.45, ThetaRef:5.00, ThetaActual:5.09, EncoderTheta:94.57, EncoderVelocity:-113.85, K:500.00, B:20.00
[2026-06-01 04:51:29,641] DEBUG: No valid transitions from state stance
[2026-06-01 04:51:29,641] WARNING: Velocity attribute does not use the linearization map. Please calculate the velocity using the position attribute.
[2026-06-01 04:51:29,646] INFO: T:16.700, State:stance, Fz:-65.82, ThetaRef:5.00, ThetaActual:6.29, EncoderTheta:93.56, EncoderVelocity:-124.01, K:500.00, B:20.00
[2026-06-01 04:51:29,649] DEBUG: No valid transitions from state stance
[2026-06-01 04:51:29,649] WARNING: Velocity attribute does not use the linearization map. Please calculate the velocity using the position attribute.
[2026-06-01 04:51:29,655] INFO: T:16.708, State:stance, Fz:-71.28, ThetaRef:5.00, ThetaActual:6.91, EncoderTheta:92.66, EncoderVelocity:-109.22, K:500.00, B:20.00
[2026-06-01 04:51:29,657] WARNING: Velocity attribute does not use the linearization map. Please calculate the velocity using the position attribute.
[2026-06-01 04:51:29,663] INFO: T:16.717, State:swing, Fz:-23.33, ThetaRef:60.00, ThetaActual:7.78, EncoderTheta:92.35, EncoderVelocity:-37.63, K:10.00, B:0.50
[2026-06-01 04:51:29,666] DEBUG: No valid transitions from state swing
[2026-06-01 04:51:29,666] WARNING: Velocity attribute does not use the linearization map. Please calculate the velocity using the position attribute.
[2026-06-01 04:51:29,671] INFO: T:16.725, State:swing, Fz:83.30, ThetaRef:60.00, ThetaActual:7.51, EncoderTheta:92.66, EncoderVelocity:37.16, K:10.00, B:0.50
[2026-06-01 04:51:29,674] DEBUG: No valid transitions from state swing
[2026-06-01 04:51:29,674] WARNING: Velocity attribute does not use the linearization map. Please calculate the velocity using the position attribute.
[2026-06-01 04:51:29,679] INFO: T:16.733, State:swing, Fz:178.13, ThetaRef:60.00, ThetaActual:7.10, EncoderTheta:93.21, EncoderVelocity:66.88, K:10.00, B:0.50
[2026-06-01 04:51:29,682] DEBUG: No valid transitions from state swing
[2026-06-01 04:51:29,682] WARNING: Velocity attribute does not use the linearization map. Please calculate the velocity using the position attribute.
[2026-06-01 04:51:29,688] INFO: T:16.741, State:swing, Fz:176.30, ThetaRef:60.00, ThetaActual:6.65, EncoderTheta:93.47, EncoderVelocity:31.49, K:10.00, B:0.50
[2026-06-01 04:51:29,690] DEBUG: No valid transitions from state swing
[2026-06-01 04:51:29,690] WARNING: Velocity attribute does not use the linearization map. Please calculate the velocity using the position attribute.
[2026-06-01 04:51:29,696] INFO: T:16.750, State:swing, Fz:112.28, ThetaRef:60.00, ThetaActual:6.90, EncoderTheta:93.41, EncoderVelocity:-8.02, K:10.00, B:0.50
[2026-06-01 04:51:29,699] DEBUG: No valid transitions from state swing
[2026-06-01 04:51:29,699] WARNING: Velocity attribute does not use the linearization map. Please calculate the velocity using the position attribute.
[2026-06-01 04:51:29,704] INFO: T:16.758, State:swing, Fz:65.91, ThetaRef:60.00, ThetaActual:7.10, EncoderTheta:92.94, EncoderVelocity:-55.74, K:10.00, B:0.50
[2026-06-01 04:51:29,707] DEBUG: No valid transitions from state swing
[2026-06-01 04:51:29,707] WARNING: Velocity attribute does not use the linearization map. Please calculate the velocity using the position attribute.
[2026-06-01 04:51:29,712] INFO: T:16.766, State:swing, Fz:72.04, ThetaRef:60.00, ThetaActual:7.54, EncoderTheta:92.26, EncoderVelocity:-82.96, K:10.00, B:0.50
[2026-06-01 04:51:29,715] DEBUG: No valid transitions from state swing
[2026-06-01 04:51:29,715] WARNING: Velocity attribute does not use the linearization map. Please calculate the velocity using the position attribute.
[2026-06-01 04:51:29,721] INFO: T:16.774, State:swing, Fz:101.70, ThetaRef:60.00, ThetaActual:8.19, EncoderTheta:91.49, EncoderVelocity:-93.68, K:10.00, B:0.50
[2026-06-01 04:51:29,723] DEBUG: No valid transitions from state swing
[2026-06-01 04:51:29,723] WARNING: Velocity attribute does not use the linearization map. Please calculate the velocity using the position attribute.
[2026-06-01 04:51:29,729] INFO: T:16.782, State:swing, Fz:114.31, ThetaRef:60.00, ThetaActual:8.64, EncoderTheta:90.70, EncoderVelocity:-96.39, K:10.00, B:0.50
[2026-06-01 04:51:29,731] DEBUG: No valid transitions from state swing
[2026-06-01 04:51:29,732] WARNING: Velocity attribute does not use the linearization map. Please calculate the velocity using the position attribute.
[2026-06-01 04:51:29,737] INFO: T:16.791, State:swing, Fz:84.92, ThetaRef:60.00, ThetaActual:9.83, EncoderTheta:89.78, EncoderVelocity:-112.52, K:10.00, B:0.50
[2026-06-01 04:51:29,740] DEBUG: No valid transitions from state swing
[2026-06-01 04:51:29,740] WARNING: Velocity attribute does not use the linearization map. Please calculate the velocity using the position attribute.
[2026-06-01 04:51:29,745] INFO: T:16.799, State:swing, Fz:38.07, ThetaRef:60.00, ThetaActual:10.51, EncoderTheta:88.73, EncoderVelocity:-128.78, K:10.00, B:0.50
[2026-06-01 04:51:29,748] DEBUG: No valid transitions from state swing
[2026-06-01 04:51:29,748] WARNING: Velocity attribute does not use the linearization map. Please calculate the velocity using the position attribute.
[2026-06-01 04:51:29,753] INFO: T:16.807, State:swing, Fz:-3.57, ThetaRef:60.00, ThetaActual:11.89, EncoderTheta:87.58, EncoderVelocity:-139.66, K:10.00, B:0.50
[2026-06-01 04:51:29,756] DEBUG: No valid transitions from state swing
[2026-06-01 04:51:29,756] WARNING: Velocity attribute does not use the linearization map. Please calculate the velocity using the position attribute.
[2026-06-01 04:51:29,762] INFO: T:16.815, State:swing, Fz:-24.81, ThetaRef:60.00, ThetaActual:13.25, EncoderTheta:86.46, EncoderVelocity:-137.48, K:10.00, B:0.50
[2026-06-01 04:51:29,764] DEBUG: No valid transitions from state swing
[2026-06-01 04:51:29,764] WARNING: Velocity attribute does not use the linearization map. Please calculate the velocity using the position attribute.
[2026-06-01 04:51:29,770] INFO: T:16.824, State:swing, Fz:-38.44, ThetaRef:60.00, ThetaActual:13.93, EncoderTheta:85.30, EncoderVelocity:-140.24, K:10.00, B:0.50
[2026-06-01 04:51:29,772] WARNING: Velocity attribute does not use the linearization map. Please calculate the velocity using the position attribute.
[2026-06-01 04:51:29,778] INFO: T:16.832, State:stance, Fz:-51.81, ThetaRef:5.00, ThetaActual:15.34, EncoderTheta:84.16, EncoderVelocity:-139.65, K:500.00, B:20.00
[2026-06-01 04:51:29,781] DEBUG: No valid transitions from state stance
[2026-06-01 04:51:29,781] WARNING: Velocity attribute does not use the linearization map. Please calculate the velocity using the position attribute.
[2026-06-01 04:51:29,786] INFO: T:16.840, State:stance, Fz:-69.92, ThetaRef:5.00, ThetaActual:16.79, EncoderTheta:83.03, EncoderVelocity:-136.74, K:500.00, B:20.00
[2026-06-01 04:51:29,789] DEBUG: No valid transitions from state stance
[2026-06-01 04:51:29,789] WARNING: Velocity attribute does not use the linearization map. Please calculate the velocity using the position attribute.
[2026-06-01 04:51:29,794] INFO: T:16.848, State:stance, Fz:-79.62, ThetaRef:5.00, ThetaActual:17.50, EncoderTheta:82.07, EncoderVelocity:-117.54, K:500.00, B:20.00
[2026-06-01 04:51:29,797] DEBUG: No valid transitions from state stance
[2026-06-01 04:51:29,797] WARNING: Velocity attribute does not use the linearization map. Please calculate the velocity using the position attribute.
[2026-06-01 04:51:29,803] INFO: T:16.856, State:stance, Fz:-36.89, ThetaRef:5.00, ThetaActual:18.55, EncoderTheta:81.50, EncoderVelocity:-69.63, K:500.00, B:20.00
[2026-06-01 04:51:29,805] WARNING: Velocity attribute does not use the linearization map. Please calculate the velocity using the position attribute.
[2026-06-01 04:51:29,811] INFO: T:16.865, State:swing, Fz:76.75, ThetaRef:60.00, ThetaActual:18.51, EncoderTheta:81.67, EncoderVelocity:21.46, K:10.00, B:0.50
[2026-06-01 04:51:29,813] DEBUG: No valid transitions from state swing
[2026-06-01 04:51:29,814] WARNING: Velocity attribute does not use the linearization map. Please calculate the velocity using the position attribute.
[2026-06-01 04:51:29,819] INFO: T:16.873, State:swing, Fz:208.97, ThetaRef:60.00, ThetaActual:18.15, EncoderTheta:82.46, EncoderVelocity:96.19, K:10.00, B:0.50
[2026-06-01 04:51:29,822] DEBUG: No valid transitions from state swing
[2026-06-01 04:51:29,822] WARNING: Velocity attribute does not use the linearization map. Please calculate the velocity using the position attribute.
[2026-06-01 04:51:29,827] INFO: T:16.881, State:swing, Fz:302.65, ThetaRef:60.00, ThetaActual:16.93, EncoderTheta:83.61, EncoderVelocity:139.60, K:10.00, B:0.50
[2026-06-01 04:51:29,830] DEBUG: No valid transitions from state swing
[2026-06-01 04:51:29,830] WARNING: Velocity attribute does not use the linearization map. Please calculate the velocity using the position attribute.
[2026-06-01 04:51:29,835] INFO: T:16.889, State:swing, Fz:290.68, ThetaRef:60.00, ThetaActual:16.33, EncoderTheta:84.46, EncoderVelocity:104.80, K:10.00, B:0.50
[2026-06-01 04:51:29,838] DEBUG: No valid transitions from state swing
[2026-06-01 04:51:29,838] WARNING: Velocity attribute does not use the linearization map. Please calculate the velocity using the position attribute.
[2026-06-01 04:51:29,844] INFO: T:16.897, State:swing, Fz:214.76, ThetaRef:60.00, ThetaActual:15.79, EncoderTheta:84.77, EncoderVelocity:37.76, K:10.00, B:0.50
[2026-06-01 04:51:29,846] DEBUG: No valid transitions from state swing
[2026-06-01 04:51:29,846] WARNING: Velocity attribute does not use the linearization map. Please calculate the velocity using the position attribute.
[2026-06-01 04:51:29,852] INFO: T:16.905, State:swing, Fz:153.91, ThetaRef:60.00, ThetaActual:15.66, EncoderTheta:84.81, EncoderVelocity:5.38, K:10.00, B:0.50
[2026-06-01 04:51:29,855] DEBUG: No valid transitions from state swing
[2026-06-01 04:51:29,855] WARNING: Velocity attribute does not use the linearization map. Please calculate the velocity using the position attribute.
[2026-06-01 04:51:29,860] INFO: T:16.914, State:swing, Fz:134.56, ThetaRef:60.00, ThetaActual:15.65, EncoderTheta:84.55, EncoderVelocity:-31.51, K:10.00, B:0.50
[2026-06-01 04:51:29,863] DEBUG: No valid transitions from state swing
[2026-06-01 04:51:29,863] WARNING: Velocity attribute does not use the linearization map. Please calculate the velocity using the position attribute.
[2026-06-01 04:51:29,869] INFO: T:16.922, State:swing, Fz:153.86, ThetaRef:60.00, ThetaActual:15.78, EncoderTheta:84.05, EncoderVelocity:-60.44, K:10.00, B:0.50
[2026-06-01 04:51:29,871] DEBUG: No valid transitions from state swing
[2026-06-01 04:51:29,871] WARNING: Velocity attribute does not use the linearization map. Please calculate the velocity using the position attribute.
[2026-06-01 04:51:29,877] INFO: T:16.930, State:swing, Fz:161.04, ThetaRef:60.00, ThetaActual:16.26, EncoderTheta:83.61, EncoderVelocity:-53.35, K:10.00, B:0.50
[2026-06-01 04:51:29,879] DEBUG: No valid transitions from state swing
[2026-06-01 04:51:29,879] WARNING: Velocity attribute does not use the linearization map. Please calculate the velocity using the position attribute.
[2026-06-01 04:51:29,885] INFO: T:16.939, State:swing, Fz:133.02, ThetaRef:60.00, ThetaActual:16.63, EncoderTheta:82.95, EncoderVelocity:-80.17, K:10.00, B:0.50
[2026-06-01 04:51:29,888] DEBUG: No valid transitions from state swing
[2026-06-01 04:51:29,888] WARNING: Velocity attribute does not use the linearization map. Please calculate the velocity using the position attribute.
[2026-06-01 04:51:29,893] INFO: T:16.947, State:swing, Fz:82.85, ThetaRef:60.00, ThetaActual:17.56, EncoderTheta:82.22, EncoderVelocity:-87.18, K:10.00, B:0.50
[2026-06-01 04:51:29,896] DEBUG: No valid transitions from state swing
[2026-06-01 04:51:29,896] WARNING: Velocity attribute does not use the linearization map. Please calculate the velocity using the position attribute.
[2026-06-01 04:51:29,902] INFO: T:16.955, State:swing, Fz:39.19, ThetaRef:60.00, ThetaActual:18.46, EncoderTheta:81.43, EncoderVelocity:-95.58, K:10.00, B:0.50
[2026-06-01 04:51:29,904] DEBUG: No valid transitions from state swing
[2026-06-01 04:51:29,904] WARNING: Velocity attribute does not use the linearization map. Please calculate the velocity using the position attribute.
[2026-06-01 04:51:29,910] INFO: T:16.963, State:swing, Fz:11.92, ThetaRef:60.00, ThetaActual:18.96, EncoderTheta:80.51, EncoderVelocity:-111.29, K:10.00, B:0.50
[2026-06-01 04:51:29,913] DEBUG: No valid transitions from state swing
[2026-06-01 04:51:29,913] WARNING: Velocity attribute does not use the linearization map. Please calculate the velocity using the position attribute.
[2026-06-01 04:51:29,918] INFO: T:16.972, State:swing, Fz:-3.31, ThetaRef:60.00, ThetaActual:19.97, EncoderTheta:79.63, EncoderVelocity:-105.79, K:10.00, B:0.50
[2026-06-01 04:51:29,921] DEBUG: No valid transitions from state swing
[2026-06-01 04:51:29,921] WARNING: Velocity attribute does not use the linearization map. Please calculate the velocity using the position attribute.
[2026-06-01 04:51:29,926] INFO: T:16.980, State:swing, Fz:-16.87, ThetaRef:60.00, ThetaActual:21.03, EncoderTheta:78.71, EncoderVelocity:-113.49, K:10.00, B:0.50
[2026-06-01 04:51:29,929] DEBUG: No valid transitions from state swing
[2026-06-01 04:51:29,929] WARNING: Velocity attribute does not use the linearization map. Please calculate the velocity using the position attribute.
[2026-06-01 04:51:29,934] INFO: T:16.988, State:swing, Fz:-33.09, ThetaRef:60.00, ThetaActual:21.58, EncoderTheta:77.78, EncoderVelocity:-112.72, K:10.00, B:0.50
[2026-06-01 04:51:29,937] WARNING: Velocity attribute does not use the linearization map. Please calculate the velocity using the position attribute.
[2026-06-01 04:51:29,943] INFO: T:16.996, State:stance, Fz:-48.89, ThetaRef:5.00, ThetaActual:22.73, EncoderTheta:76.88, EncoderVelocity:-109.02, K:500.00, B:20.00
[2026-06-01 04:51:29,945] DEBUG: No valid transitions from state stance
[2026-06-01 04:51:29,945] WARNING: Velocity attribute does not use the linearization map. Please calculate the velocity using the position attribute.
[2026-06-01 04:51:29,951] INFO: T:17.005, State:stance, Fz:-56.39, ThetaRef:5.00, ThetaActual:23.90, EncoderTheta:75.83, EncoderVelocity:-128.27, K:500.00, B:20.00
[2026-06-01 04:51:29,954] DEBUG: No valid transitions from state stance
[2026-06-01 04:51:29,954] WARNING: Velocity attribute does not use the linearization map. Please calculate the velocity using the position attribute.
[2026-06-01 04:51:29,959] INFO: T:17.013, State:stance, Fz:-39.60, ThetaRef:5.00, ThetaActual:24.49, EncoderTheta:75.01, EncoderVelocity:-96.82, K:500.00, B:20.00
[2026-06-01 04:51:29,962] WARNING: Velocity attribute does not use the linearization map. Please calculate the velocity using the position attribute.
[2026-06-01 04:51:29,968] INFO: T:17.021, State:swing, Fz:39.67, ThetaRef:60.00, ThetaActual:25.30, EncoderTheta:74.73, EncoderVelocity:-34.07, K:10.00, B:0.50
[2026-06-01 04:51:29,970] DEBUG: No valid transitions from state swing
[2026-06-01 04:51:29,971] WARNING: Velocity attribute does not use the linearization map. Please calculate the velocity using the position attribute.
[2026-06-01 04:51:29,976] INFO: T:17.030, State:swing, Fz:160.51, ThetaRef:60.00, ThetaActual:25.05, EncoderTheta:75.15, EncoderVelocity:50.14, K:10.00, B:0.50
[2026-06-01 04:51:29,979] DEBUG: No valid transitions from state swing
[2026-06-01 04:51:29,979] WARNING: Velocity attribute does not use the linearization map. Please calculate the velocity using the position attribute.
[2026-06-01 04:51:29,984] INFO: T:17.038, State:swing, Fz:276.49, ThetaRef:60.00, ThetaActual:24.61, EncoderTheta:75.89, EncoderVelocity:90.40, K:10.00, B:0.50
[2026-06-01 04:51:29,987] DEBUG: No valid transitions from state swing
[2026-06-01 04:51:29,987] WARNING: Velocity attribute does not use the linearization map. Please calculate the velocity using the position attribute.
[2026-06-01 04:51:29,993] INFO: T:17.046, State:swing, Fz:272.20, ThetaRef:60.00, ThetaActual:23.89, EncoderTheta:76.38, EncoderVelocity:58.13, K:10.00, B:0.50
[2026-06-01 04:51:29,995] DEBUG: No valid transitions from state swing
[2026-06-01 04:51:29,995] WARNING: Velocity attribute does not use the linearization map. Please calculate the velocity using the position attribute.
[2026-06-01 04:51:30,001] INFO: T:17.055, State:swing, Fz:186.67, ThetaRef:60.00, ThetaActual:24.00, EncoderTheta:76.51, EncoderVelocity:15.92, K:10.00, B:0.50
[2026-06-01 04:51:30,004] DEBUG: No valid transitions from state swing
[2026-06-01 04:51:30,004] WARNING: Velocity attribute does not use the linearization map. Please calculate the velocity using the position attribute.
[2026-06-01 04:51:30,009] INFO: T:17.063, State:swing, Fz:116.91, ThetaRef:60.00, ThetaActual:24.14, EncoderTheta:76.22, EncoderVelocity:-34.58, K:10.00, B:0.50
[2026-06-01 04:51:30,012] DEBUG: No valid transitions from state swing
[2026-06-01 04:51:30,012] WARNING: Velocity attribute does not use the linearization map. Please calculate the velocity using the position attribute.
[2026-06-01 04:51:30,017] INFO: T:17.071, State:swing, Fz:90.30, ThetaRef:60.00, ThetaActual:24.35, EncoderTheta:75.81, EncoderVelocity:-50.75, K:10.00, B:0.50
[2026-06-01 04:51:30,020] DEBUG: No valid transitions from state swing
[2026-06-01 04:51:30,020] WARNING: Velocity attribute does not use the linearization map. Please calculate the velocity using the position attribute.
[2026-06-01 04:51:30,026] INFO: T:17.079, State:swing, Fz:126.08, ThetaRef:60.00, ThetaActual:24.58, EncoderTheta:75.26, EncoderVelocity:-66.59, K:10.00, B:0.50
[2026-06-01 04:51:30,028] DEBUG: No valid transitions from state swing
[2026-06-01 04:51:30,028] WARNING: Velocity attribute does not use the linearization map. Please calculate the velocity using the position attribute.
[2026-06-01 04:51:30,034] INFO: T:17.088, State:swing, Fz:170.94, ThetaRef:60.00, ThetaActual:24.81, EncoderTheta:74.62, EncoderVelocity:-76.82, K:10.00, B:0.50
[2026-06-01 04:51:30,037] DEBUG: No valid transitions from state swing
[2026-06-01 04:51:30,037] WARNING: Velocity attribute does not use the linearization map. Please calculate the velocity using the position attribute.
[2026-06-01 04:51:30,042] INFO: T:17.096, State:swing, Fz:171.72, ThetaRef:60.00, ThetaActual:25.61, EncoderTheta:73.87, EncoderVelocity:-90.31, K:10.00, B:0.50
[2026-06-01 04:51:30,045] DEBUG: No valid transitions from state swing
[2026-06-01 04:51:30,045] WARNING: Velocity attribute does not use the linearization map. Please calculate the velocity using the position attribute.
[2026-06-01 04:51:30,051] INFO: T:17.104, State:swing, Fz:138.02, ThetaRef:60.00, ThetaActual:26.15, EncoderTheta:73.04, EncoderVelocity:-100.56, K:10.00, B:0.50
[2026-06-01 04:51:30,053] DEBUG: No valid transitions from state swing
[2026-06-01 04:51:30,053] WARNING: Velocity attribute does not use the linearization map. Please calculate the velocity using the position attribute.
[2026-06-01 04:51:30,059] INFO: T:17.112, State:swing, Fz:98.95, ThetaRef:60.00, ThetaActual:27.34, EncoderTheta:72.09, EncoderVelocity:-114.29, K:10.00, B:0.50
[2026-06-01 04:51:30,062] DEBUG: No valid transitions from state swing
[2026-06-01 04:51:30,062] WARNING: Velocity attribute does not use the linearization map. Please calculate the velocity using the position attribute.
[2026-06-01 04:51:30,067] INFO: T:17.121, State:swing, Fz:79.15, ThetaRef:60.00, ThetaActual:28.54, EncoderTheta:70.88, EncoderVelocity:-145.21, K:10.00, B:0.50
[2026-06-01 04:51:30,070] DEBUG: No valid transitions from state swing
[2026-06-01 04:51:30,070] WARNING: Velocity attribute does not use the linearization map. Please calculate the velocity using the position attribute.
[2026-06-01 04:51:30,076] INFO: T:17.129, State:swing, Fz:81.00, ThetaRef:60.00, ThetaActual:29.15, EncoderTheta:69.81, EncoderVelocity:-130.18, K:10.00, B:0.50
[2026-06-01 04:51:30,078] DEBUG: No valid transitions from state swing
[2026-06-01 04:51:30,079] WARNING: Velocity attribute does not use the linearization map. Please calculate the velocity using the position attribute.
[2026-06-01 04:51:30,084] INFO: T:17.138, State:swing, Fz:83.94, ThetaRef:60.00, ThetaActual:30.42, EncoderTheta:68.55, EncoderVelocity:-144.48, K:10.00, B:0.50
[2026-06-01 04:51:30,087] DEBUG: No valid transitions from state swing
[2026-06-01 04:51:30,087] WARNING: Velocity attribute does not use the linearization map. Please calculate the velocity using the position attribute.
[2026-06-01 04:51:30,093] INFO: T:17.146, State:swing, Fz:75.29, ThetaRef:60.00, ThetaActual:31.86, EncoderTheta:67.28, EncoderVelocity:-150.79, K:10.00, B:0.50
[2026-06-01 04:51:30,095] DEBUG: No valid transitions from state swing
[2026-06-01 04:51:30,096] WARNING: Velocity attribute does not use the linearization map. Please calculate the velocity using the position attribute.
[2026-06-01 04:51:30,101] INFO: T:17.155, State:swing, Fz:55.28, ThetaRef:60.00, ThetaActual:33.38, EncoderTheta:66.05, EncoderVelocity:-145.56, K:10.00, B:0.50
[2026-06-01 04:51:30,104] DEBUG: No valid transitions from state swing
[2026-06-01 04:51:30,104] WARNING: Velocity attribute does not use the linearization map. Please calculate the velocity using the position attribute.
[2026-06-01 04:51:30,109] INFO: T:17.163, State:swing, Fz:43.98, ThetaRef:60.00, ThetaActual:34.15, EncoderTheta:64.73, EncoderVelocity:-157.50, K:10.00, B:0.50
[2026-06-01 04:51:30,112] DEBUG: No valid transitions from state swing
[2026-06-01 04:51:30,112] WARNING: Velocity attribute does not use the linearization map. Please calculate the velocity using the position attribute.
[2026-06-01 04:51:30,118] INFO: T:17.171, State:swing, Fz:44.35, ThetaRef:60.00, ThetaActual:35.69, EncoderTheta:63.37, EncoderVelocity:-163.67, K:10.00, B:0.50
[2026-06-01 04:51:30,120] DEBUG: No valid transitions from state swing
[2026-06-01 04:51:30,120] WARNING: Velocity attribute does not use the linearization map. Please calculate the velocity using the position attribute.
[2026-06-01 04:51:30,126] INFO: T:17.180, State:swing, Fz:56.05, ThetaRef:60.00, ThetaActual:37.26, EncoderTheta:61.96, EncoderVelocity:-168.63, K:10.00, B:0.50
[2026-06-01 04:51:30,129] DEBUG: No valid transitions from state swing
[2026-06-01 04:51:30,129] WARNING: Velocity attribute does not use the linearization map. Please calculate the velocity using the position attribute.
[2026-06-01 04:51:30,134] INFO: T:17.188, State:swing, Fz:68.91, ThetaRef:60.00, ThetaActual:38.07, EncoderTheta:60.56, EncoderVelocity:-167.44, K:10.00, B:0.50
[2026-06-01 04:51:30,137] DEBUG: No valid transitions from state swing
[2026-06-01 04:51:30,137] WARNING: Velocity attribute does not use the linearization map. Please calculate the velocity using the position attribute.
[2026-06-01 04:51:30,143] INFO: T:17.196, State:swing, Fz:77.14, ThetaRef:60.00, ThetaActual:39.75, EncoderTheta:59.15, EncoderVelocity:-169.93, K:10.00, B:0.50
[2026-06-01 04:51:30,145] DEBUG: No valid transitions from state swing
[2026-06-01 04:51:30,145] WARNING: Velocity attribute does not use the linearization map. Please calculate the velocity using the position attribute.
[2026-06-01 04:51:30,151] INFO: T:17.205, State:swing, Fz:82.33, ThetaRef:60.00, ThetaActual:41.50, EncoderTheta:57.63, EncoderVelocity:-182.46, K:10.00, B:0.50
[2026-06-01 04:51:30,154] DEBUG: No valid transitions from state swing
[2026-06-01 04:51:30,154] WARNING: Velocity attribute does not use the linearization map. Please calculate the velocity using the position attribute.
[2026-06-01 04:51:30,159] INFO: T:17.213, State:swing, Fz:89.31, ThetaRef:60.00, ThetaActual:42.40, EncoderTheta:56.12, EncoderVelocity:-184.12, K:10.00, B:0.50
[2026-06-01 04:51:30,162] DEBUG: No valid transitions from state swing
[2026-06-01 04:51:30,162] WARNING: Velocity attribute does not use the linearization map. Please calculate the velocity using the position attribute.
[2026-06-01 04:51:30,168] INFO: T:17.221, State:swing, Fz:100.57, ThetaRef:60.00, ThetaActual:44.20, EncoderTheta:54.56, EncoderVelocity:-189.49, K:10.00, B:0.50
[2026-06-01 04:51:30,170] DEBUG: No valid transitions from state swing
[2026-06-01 04:51:30,170] WARNING: Velocity attribute does not use the linearization map. Please calculate the velocity using the position attribute.
[2026-06-01 04:51:30,176] INFO: T:17.229, State:swing, Fz:114.61, ThetaRef:60.00, ThetaActual:46.03, EncoderTheta:53.00, EncoderVelocity:-187.92, K:10.00, B:0.50
[2026-06-01 04:51:30,178] DEBUG: No valid transitions from state swing
[2026-06-01 04:51:30,178] WARNING: Velocity attribute does not use the linearization map. Please calculate the velocity using the position attribute.
[2026-06-01 04:51:30,184] INFO: T:17.238, State:swing, Fz:128.78, ThetaRef:60.00, ThetaActual:46.95, EncoderTheta:51.44, EncoderVelocity:-190.49, K:10.00, B:0.50
[2026-06-01 04:51:30,187] DEBUG: No valid transitions from state swing
[2026-06-01 04:51:30,187] WARNING: Velocity attribute does not use the linearization map. Please calculate the velocity using the position attribute.
[2026-06-01 04:51:30,192] INFO: T:17.246, State:swing, Fz:141.57, ThetaRef:60.00, ThetaActual:48.84, EncoderTheta:49.88, EncoderVelocity:-190.28, K:10.00, B:0.50
[2026-06-01 04:51:30,195] DEBUG: No valid transitions from state swing
[2026-06-01 04:51:30,195] WARNING: Velocity attribute does not use the linearization map. Please calculate the velocity using the position attribute.
[2026-06-01 04:51:30,200] INFO: T:17.254, State:swing, Fz:151.29, ThetaRef:60.00, ThetaActual:49.79, EncoderTheta:48.30, EncoderVelocity:-192.22, K:10.00, B:0.50
[2026-06-01 04:51:30,203] DEBUG: No valid transitions from state swing
[2026-06-01 04:51:30,203] WARNING: Velocity attribute does not use the linearization map. Please calculate the velocity using the position attribute.
[2026-06-01 04:51:30,209] INFO: T:17.262, State:swing, Fz:159.21, ThetaRef:60.00, ThetaActual:51.70, EncoderTheta:46.74, EncoderVelocity:-188.52, K:10.00, B:0.50
[2026-06-01 04:51:30,211] DEBUG: No valid transitions from state swing
[2026-06-01 04:51:30,212] WARNING: Velocity attribute does not use the linearization map. Please calculate the velocity using the position attribute.
[2026-06-01 04:51:30,217] INFO: T:17.271, State:swing, Fz:159.89, ThetaRef:60.00, ThetaActual:53.60, EncoderTheta:45.09, EncoderVelocity:-195.40, K:10.00, B:0.50
[2026-06-01 04:51:30,220] DEBUG: No valid transitions from state swing
[2026-06-01 04:51:30,220] WARNING: Velocity attribute does not use the linearization map. Please calculate the velocity using the position attribute.
[2026-06-01 04:51:30,225] INFO: T:17.279, State:swing, Fz:172.74, ThetaRef:60.00, ThetaActual:54.54, EncoderTheta:43.55, EncoderVelocity:-184.31, K:10.00, B:0.50
[2026-06-01 04:51:30,228] DEBUG: No valid transitions from state swing
[2026-06-01 04:51:30,228] WARNING: Velocity attribute does not use the linearization map. Please calculate the velocity using the position attribute.
[2026-06-01 04:51:30,234] INFO: T:17.287, State:swing, Fz:187.53, ThetaRef:60.00, ThetaActual:56.40, EncoderTheta:42.01, EncoderVelocity:-186.40, K:10.00, B:0.50
[2026-06-01 04:51:30,236] DEBUG: No valid transitions from state swing
[2026-06-01 04:51:30,236] WARNING: Velocity attribute does not use the linearization map. Please calculate the velocity using the position attribute.
[2026-06-01 04:51:30,242] INFO: T:17.296, State:swing, Fz:198.32, ThetaRef:60.00, ThetaActual:58.23, EncoderTheta:40.54, EncoderVelocity:-179.80, K:10.00, B:0.50
[2026-06-01 04:51:30,245] DEBUG: No valid transitions from state swing
[2026-06-01 04:51:30,245] WARNING: Velocity attribute does not use the linearization map. Please calculate the velocity using the position attribute.
[2026-06-01 04:51:30,250] INFO: T:17.304, State:swing, Fz:205.02, ThetaRef:60.00, ThetaActual:59.13, EncoderTheta:39.16, EncoderVelocity:-166.69, K:10.00, B:0.50
[2026-06-01 04:51:30,253] DEBUG: No valid transitions from state swing
[2026-06-01 04:51:30,253] WARNING: Velocity attribute does not use the linearization map. Please calculate the velocity using the position attribute.
[2026-06-01 04:51:30,258] INFO: T:17.312, State:swing, Fz:209.63, ThetaRef:60.00, ThetaActual:60.89, EncoderTheta:37.73, EncoderVelocity:-173.40, K:10.00, B:0.50
[2026-06-01 04:51:30,261] DEBUG: No valid transitions from state swing
[2026-06-01 04:51:30,261] WARNING: Velocity attribute does not use the linearization map. Please calculate the velocity using the position attribute.
[2026-06-01 04:51:30,267] INFO: T:17.320, State:swing, Fz:218.07, ThetaRef:60.00, ThetaActual:62.58, EncoderTheta:36.43, EncoderVelocity:-157.97, K:10.00, B:0.50
[2026-06-01 04:51:30,269] DEBUG: No valid transitions from state swing
[2026-06-01 04:51:30,269] WARNING: Velocity attribute does not use the linearization map. Please calculate the velocity using the position attribute.
[2026-06-01 04:51:30,275] INFO: T:17.328, State:swing, Fz:221.56, ThetaRef:60.00, ThetaActual:63.39, EncoderTheta:35.16, EncoderVelocity:-156.24, K:10.00, B:0.50
[2026-06-01 04:51:30,277] DEBUG: No valid transitions from state swing
[2026-06-01 04:51:30,278] WARNING: Velocity attribute does not use the linearization map. Please calculate the velocity using the position attribute.
[2026-06-01 04:51:30,283] INFO: T:17.337, State:swing, Fz:217.21, ThetaRef:60.00, ThetaActual:64.92, EncoderTheta:34.04, EncoderVelocity:-134.99, K:10.00, B:0.50
[2026-06-01 04:51:30,286] DEBUG: No valid transitions from state swing
[2026-06-01 04:51:30,286] WARNING: Velocity attribute does not use the linearization map. Please calculate the velocity using the position attribute.
[2026-06-01 04:51:30,291] INFO: T:17.345, State:swing, Fz:215.88, ThetaRef:60.00, ThetaActual:66.33, EncoderTheta:32.96, EncoderVelocity:-130.47, K:10.00, B:0.50
[2026-06-01 04:51:30,294] DEBUG: No valid transitions from state swing
[2026-06-01 04:51:30,294] WARNING: Velocity attribute does not use the linearization map. Please calculate the velocity using the position attribute.
[2026-06-01 04:51:30,299] INFO: T:17.353, State:swing, Fz:213.84, ThetaRef:60.00, ThetaActual:66.97, EncoderTheta:32.01, EncoderVelocity:-115.70, K:10.00, B:0.50
[2026-06-01 04:51:30,302] DEBUG: No valid transitions from state swing
[2026-06-01 04:51:30,302] WARNING: Velocity attribute does not use the linearization map. Please calculate the velocity using the position attribute.
[2026-06-01 04:51:30,308] INFO: T:17.361, State:swing, Fz:217.73, ThetaRef:60.00, ThetaActual:68.13, EncoderTheta:31.16, EncoderVelocity:-104.55, K:10.00, B:0.50
[2026-06-01 04:51:30,310] DEBUG: No valid transitions from state swing
[2026-06-01 04:51:30,310] WARNING: Velocity attribute does not use the linearization map. Please calculate the velocity using the position attribute.
[2026-06-01 04:51:30,316] INFO: T:17.370, State:swing, Fz:222.20, ThetaRef:60.00, ThetaActual:69.13, EncoderTheta:30.45, EncoderVelocity:-85.17, K:10.00, B:0.50
[2026-06-01 04:51:30,319] DEBUG: No valid transitions from state swing
[2026-06-01 04:51:30,319] WARNING: Velocity attribute does not use the linearization map. Please calculate the velocity using the position attribute.
[2026-06-01 04:51:30,324] INFO: T:17.378, State:swing, Fz:223.12, ThetaRef:60.00, ThetaActual:69.58, EncoderTheta:29.79, EncoderVelocity:-79.64, K:10.00, B:0.50
[2026-06-01 04:51:30,327] DEBUG: No valid transitions from state swing
[2026-06-01 04:51:30,327] WARNING: Velocity attribute does not use the linearization map. Please calculate the velocity using the position attribute.
[2026-06-01 04:51:30,333] INFO: T:17.386, State:swing, Fz:219.32, ThetaRef:60.00, ThetaActual:70.38, EncoderTheta:29.29, EncoderVelocity:-61.12, K:10.00, B:0.50
[2026-06-01 04:51:30,335] DEBUG: No valid transitions from state swing
[2026-06-01 04:51:30,335] WARNING: Velocity attribute does not use the linearization map. Please calculate the velocity using the position attribute.
[2026-06-01 04:51:30,341] INFO: T:17.394, State:swing, Fz:215.91, ThetaRef:60.00, ThetaActual:71.01, EncoderTheta:28.85, EncoderVelocity:-53.21, K:10.00, B:0.50
[2026-06-01 04:51:30,343] DEBUG: No valid transitions from state swing
[2026-06-01 04:51:30,344] WARNING: Velocity attribute does not use the linearization map. Please calculate the velocity using the position attribute.
[2026-06-01 04:51:30,349] INFO: T:17.403, State:swing, Fz:211.37, ThetaRef:60.00, ThetaActual:71.25, EncoderTheta:28.59, EncoderVelocity:-31.69, K:10.00, B:0.50
[2026-06-01 04:51:30,352] DEBUG: No valid transitions from state swing
[2026-06-01 04:51:30,352] WARNING: Velocity attribute does not use the linearization map. Please calculate the velocity using the position attribute.
[2026-06-01 04:51:30,357] INFO: T:17.411, State:swing, Fz:211.38, ThetaRef:60.00, ThetaActual:71.60, EncoderTheta:28.39, EncoderVelocity:-24.01, K:10.00, B:0.50
[2026-06-01 04:51:30,360] DEBUG: No valid transitions from state swing
[2026-06-01 04:51:30,360] WARNING: Velocity attribute does not use the linearization map. Please calculate the velocity using the position attribute.
[2026-06-01 04:51:30,366] INFO: T:17.419, State:swing, Fz:213.41, ThetaRef:60.00, ThetaActual:71.70, EncoderTheta:28.34, EncoderVelocity:-5.24, K:10.00, B:0.50
[2026-06-01 04:51:30,368] DEBUG: No valid transitions from state swing
[2026-06-01 04:51:30,368] WARNING: Velocity attribute does not use the linearization map. Please calculate the velocity using the position attribute.
[2026-06-01 04:51:30,378] INFO: T:17.428, State:swing, Fz:217.96, ThetaRef:60.00, ThetaActual:71.77, EncoderTheta:28.32, EncoderVelocity:-2.64, K:10.00, B:0.50
[2026-06-01 04:51:30,381] DEBUG: No valid transitions from state swing
[2026-06-01 04:51:30,381] WARNING: Velocity attribute does not use the linearization map. Please calculate the velocity using the position attribute.
[2026-06-01 04:51:30,388] INFO: T:17.440, State:swing, Fz:207.48, ThetaRef:60.00, ThetaActual:71.73, EncoderTheta:28.50, EncoderVelocity:13.78, K:10.00, B:0.50
[2026-06-01 04:51:30,391] DEBUG: No valid transitions from state swing
[2026-06-01 04:51:30,391] WARNING: Velocity attribute does not use the linearization map. Please calculate the velocity using the position attribute.
[2026-06-01 04:51:30,397] INFO: T:17.450, State:swing, Fz:194.48, ThetaRef:60.00, ThetaActual:71.63, EncoderTheta:28.67, EncoderVelocity:17.52, K:10.00, B:0.50
[2026-06-01 04:51:30,400] DEBUG: No valid transitions from state swing
[2026-06-01 04:51:30,400] WARNING: Velocity attribute does not use the linearization map. Please calculate the velocity using the position attribute.
[2026-06-01 04:51:30,406] INFO: T:17.459, State:swing, Fz:173.19, ThetaRef:60.00, ThetaActual:71.52, EncoderTheta:28.98, EncoderVelocity:35.42, K:10.00, B:0.50
[2026-06-01 04:51:30,408] DEBUG: No valid transitions from state swing
[2026-06-01 04:51:30,408] WARNING: Velocity attribute does not use the linearization map. Please calculate the velocity using the position attribute.
[2026-06-01 04:51:30,414] INFO: T:17.468, State:swing, Fz:160.91, ThetaRef:60.00, ThetaActual:71.23, EncoderTheta:29.31, EncoderVelocity:38.71, K:10.00, B:0.50
[2026-06-01 04:51:30,417] DEBUG: No valid transitions from state swing
[2026-06-01 04:51:30,417] WARNING: Velocity attribute does not use the linearization map. Please calculate the velocity using the position attribute.
[2026-06-01 04:51:30,422] INFO: T:17.476, State:swing, Fz:172.61, ThetaRef:60.00, ThetaActual:70.79, EncoderTheta:29.64, EncoderVelocity:39.86, K:10.00, B:0.50
[2026-06-01 04:51:30,425] DEBUG: No valid transitions from state swing
[2026-06-01 04:51:30,425] WARNING: Velocity attribute does not use the linearization map. Please calculate the velocity using the position attribute.
[2026-06-01 04:51:30,431] INFO: T:17.484, State:swing, Fz:161.08, ThetaRef:60.00, ThetaActual:70.54, EncoderTheta:30.28, EncoderVelocity:76.56, K:10.00, B:0.50
[2026-06-01 04:51:30,433] DEBUG: No valid transitions from state swing
[2026-06-01 04:51:30,433] WARNING: Velocity attribute does not use the linearization map. Please calculate the velocity using the position attribute.
[2026-06-01 04:51:30,439] INFO: T:17.493, State:swing, Fz:168.09, ThetaRef:60.00, ThetaActual:70.04, EncoderTheta:30.56, EncoderVelocity:34.40, K:10.00, B:0.50
[2026-06-01 04:51:30,442] DEBUG: No valid transitions from state swing
[2026-06-01 04:51:30,442] WARNING: Velocity attribute does not use the linearization map. Please calculate the velocity using the position attribute.
[2026-06-01 04:51:30,447] INFO: T:17.501, State:swing, Fz:180.68, ThetaRef:60.00, ThetaActual:69.45, EncoderTheta:31.00, EncoderVelocity:52.70, K:10.00, B:0.50
[2026-06-01 04:51:30,450] DEBUG: No valid transitions from state swing
[2026-06-01 04:51:30,450] WARNING: Velocity attribute does not use the linearization map. Please calculate the velocity using the position attribute.
[2026-06-01 04:51:30,456] INFO: T:17.509, State:swing, Fz:163.61, ThetaRef:60.00, ThetaActual:69.17, EncoderTheta:31.71, EncoderVelocity:84.63, K:10.00, B:0.50
[2026-06-01 04:51:30,458] DEBUG: No valid transitions from state swing
[2026-06-01 04:51:30,458] WARNING: Velocity attribute does not use the linearization map. Please calculate the velocity using the position attribute.
[2026-06-01 04:51:30,464] INFO: T:17.517, State:swing, Fz:160.11, ThetaRef:60.00, ThetaActual:68.60, EncoderTheta:32.12, EncoderVelocity:50.23, K:10.00, B:0.50
[2026-06-01 04:51:30,467] DEBUG: No valid transitions from state swing
[2026-06-01 04:51:30,467] WARNING: Velocity attribute does not use the linearization map. Please calculate the velocity using the position attribute.
[2026-06-01 04:51:30,472] INFO: T:17.526, State:swing, Fz:177.44, ThetaRef:60.00, ThetaActual:67.90, EncoderTheta:32.67, EncoderVelocity:66.08, K:10.00, B:0.50
[2026-06-01 04:51:30,475] DEBUG: No valid transitions from state swing
[2026-06-01 04:51:30,475] WARNING: Velocity attribute does not use the linearization map. Please calculate the velocity using the position attribute.
[2026-06-01 04:51:30,481] INFO: T:17.534, State:swing, Fz:155.14, ThetaRef:60.00, ThetaActual:67.55, EncoderTheta:33.44, EncoderVelocity:92.29, K:10.00, B:0.50
[2026-06-01 04:51:30,483] DEBUG: No valid transitions from state swing
[2026-06-01 04:51:30,483] WARNING: Velocity attribute does not use the linearization map. Please calculate the velocity using the position attribute.
[2026-06-01 04:51:30,489] INFO: T:17.542, State:swing, Fz:129.74, ThetaRef:60.00, ThetaActual:66.85, EncoderTheta:34.21, EncoderVelocity:92.79, K:10.00, B:0.50
[2026-06-01 04:51:30,491] DEBUG: No valid transitions from state swing
[2026-06-01 04:51:30,492] WARNING: Velocity attribute does not use the linearization map. Please calculate the velocity using the position attribute.
[2026-06-01 04:51:30,497] INFO: T:17.551, State:swing, Fz:138.95, ThetaRef:60.00, ThetaActual:66.00, EncoderTheta:34.76, EncoderVelocity:66.11, K:10.00, B:0.50
[2026-06-01 04:51:30,500] DEBUG: No valid transitions from state swing
[2026-06-01 04:51:30,500] WARNING: Velocity attribute does not use the linearization map. Please calculate the velocity using the position attribute.
[2026-06-01 04:51:30,505] INFO: T:17.559, State:swing, Fz:147.04, ThetaRef:60.00, ThetaActual:65.52, EncoderTheta:35.53, EncoderVelocity:92.80, K:10.00, B:0.50
[2026-06-01 04:51:30,508] DEBUG: No valid transitions from state swing
[2026-06-01 04:51:30,508] WARNING: Velocity attribute does not use the linearization map. Please calculate the velocity using the position attribute.
[2026-06-01 04:51:30,514] INFO: T:17.567, State:swing, Fz:129.04, ThetaRef:60.00, ThetaActual:64.60, EncoderTheta:36.50, EncoderVelocity:116.17, K:10.00, B:0.50
[2026-06-01 04:51:30,516] DEBUG: No valid transitions from state swing
[2026-06-01 04:51:30,516] WARNING: Velocity attribute does not use the linearization map. Please calculate the velocity using the position attribute.
[2026-06-01 04:51:30,522] INFO: T:17.576, State:swing, Fz:112.93, ThetaRef:60.00, ThetaActual:63.67, EncoderTheta:37.31, EncoderVelocity:98.34, K:10.00, B:0.50
[2026-06-01 04:51:30,525] DEBUG: No valid transitions from state swing
[2026-06-01 04:51:30,525] WARNING: Velocity attribute does not use the linearization map. Please calculate the velocity using the position attribute.
[2026-06-01 04:51:30,530] INFO: T:17.584, State:swing, Fz:114.22, ThetaRef:60.00, ThetaActual:63.15, EncoderTheta:38.08, EncoderVelocity:92.12, K:10.00, B:0.50
[2026-06-01 04:51:30,533] DEBUG: No valid transitions from state swing
[2026-06-01 04:51:30,533] WARNING: Velocity attribute does not use the linearization map. Please calculate the velocity using the position attribute.
[2026-06-01 04:51:30,539] INFO: T:17.592, State:swing, Fz:105.25, ThetaRef:60.00, ThetaActual:62.03, EncoderTheta:39.29, EncoderVelocity:144.94, K:10.00, B:0.50
[2026-06-01 04:51:30,541] DEBUG: No valid transitions from state swing
[2026-06-01 04:51:30,541] WARNING: Velocity attribute does not use the linearization map. Please calculate the velocity using the position attribute.
[2026-06-01 04:51:30,547] INFO: T:17.601, State:swing, Fz:85.86, ThetaRef:60.00, ThetaActual:60.85, EncoderTheta:40.39, EncoderVelocity:133.05, K:10.00, B:0.50
[2026-06-01 04:51:30,550] DEBUG: No valid transitions from state swing
[2026-06-01 04:51:30,550] WARNING: Velocity attribute does not use the linearization map. Please calculate the velocity using the position attribute.
[2026-06-01 04:51:30,555] INFO: T:17.609, State:swing, Fz:70.63, ThetaRef:60.00, ThetaActual:60.23, EncoderTheta:41.62, EncoderVelocity:147.28, K:10.00, B:0.50
[2026-06-01 04:51:30,558] DEBUG: No valid transitions from state swing
[2026-06-01 04:51:30,558] WARNING: Velocity attribute does not use the linearization map. Please calculate the velocity using the position attribute.
[2026-06-01 04:51:30,564] INFO: T:17.617, State:swing, Fz:53.62, ThetaRef:60.00, ThetaActual:58.85, EncoderTheta:42.93, EncoderVelocity:160.51, K:10.00, B:0.50
[2026-06-01 04:51:30,566] DEBUG: No valid transitions from state swing
[2026-06-01 04:51:30,566] WARNING: Velocity attribute does not use the linearization map. Please calculate the velocity using the position attribute.
[2026-06-01 04:51:30,572] INFO: T:17.625, State:swing, Fz:41.57, ThetaRef:60.00, ThetaActual:57.31, EncoderTheta:44.36, EncoderVelocity:170.49, K:10.00, B:0.50
[2026-06-01 04:51:30,575] DEBUG: No valid transitions from state swing
[2026-06-01 04:51:30,575] WARNING: Velocity attribute does not use the linearization map. Please calculate the velocity using the position attribute.
[2026-06-01 04:51:30,580] INFO: T:17.634, State:swing, Fz:33.45, ThetaRef:60.00, ThetaActual:56.48, EncoderTheta:45.77, EncoderVelocity:169.87, K:10.00, B:0.50
[2026-06-01 04:51:30,583] DEBUG: No valid transitions from state swing
[2026-06-01 04:51:30,583] WARNING: Velocity attribute does not use the linearization map. Please calculate the velocity using the position attribute.
[2026-06-01 04:51:30,589] INFO: T:17.642, State:swing, Fz:25.30, ThetaRef:60.00, ThetaActual:54.69, EncoderTheta:47.44, EncoderVelocity:197.15, K:10.00, B:0.50
[2026-06-01 04:51:30,591] DEBUG: No valid transitions from state swing
[2026-06-01 04:51:30,591] WARNING: Velocity attribute does not use the linearization map. Please calculate the velocity using the position attribute.
[2026-06-01 04:51:30,597] INFO: T:17.650, State:swing, Fz:18.58, ThetaRef:60.00, ThetaActual:52.76, EncoderTheta:49.13, EncoderVelocity:207.14, K:10.00, B:0.50
[2026-06-01 04:51:30,599] DEBUG: No valid transitions from state swing
[2026-06-01 04:51:30,599] WARNING: Velocity attribute does not use the linearization map. Please calculate the velocity using the position attribute.
[2026-06-01 04:51:30,605] INFO: T:17.658, State:swing, Fz:11.00, ThetaRef:60.00, ThetaActual:51.74, EncoderTheta:50.95, EncoderVelocity:226.30, K:10.00, B:0.50
[2026-06-01 04:51:30,607] DEBUG: No valid transitions from state swing
[2026-06-01 04:51:30,607] WARNING: Velocity attribute does not use the linearization map. Please calculate the velocity using the position attribute.
[2026-06-01 04:51:30,613] INFO: T:17.667, State:swing, Fz:7.17, ThetaRef:60.00, ThetaActual:49.60, EncoderTheta:52.78, EncoderVelocity:225.11, K:10.00, B:0.50
[2026-06-01 04:51:30,615] DEBUG: No valid transitions from state swing
[2026-06-01 04:51:30,615] WARNING: Velocity attribute does not use the linearization map. Please calculate the velocity using the position attribute.
[2026-06-01 04:51:30,621] INFO: T:17.675, State:swing, Fz:2.25, ThetaRef:60.00, ThetaActual:47.33, EncoderTheta:54.78, EncoderVelocity:247.55, K:10.00, B:0.50
[2026-06-01 04:51:30,623] DEBUG: No valid transitions from state swing
[2026-06-01 04:51:30,623] WARNING: Velocity attribute does not use the linearization map. Please calculate the velocity using the position attribute.
[2026-06-01 04:51:30,629] INFO: T:17.683, State:swing, Fz:-1.49, ThetaRef:60.00, ThetaActual:46.15, EncoderTheta:56.80, EncoderVelocity:251.81, K:10.00, B:0.50
[2026-06-01 04:51:30,632] DEBUG: No valid transitions from state swing
[2026-06-01 04:51:30,632] WARNING: Velocity attribute does not use the linearization map. Please calculate the velocity using the position attribute.
[2026-06-01 04:51:30,637] INFO: T:17.691, State:swing, Fz:-5.85, ThetaRef:60.00, ThetaActual:43.69, EncoderTheta:58.97, EncoderVelocity:266.92, K:10.00, B:0.50
[2026-06-01 04:51:30,640] DEBUG: No valid transitions from state swing
[2026-06-01 04:51:30,640] WARNING: Velocity attribute does not use the linearization map. Please calculate the velocity using the position attribute.
[2026-06-01 04:51:30,645] INFO: T:17.699, State:swing, Fz:-10.12, ThetaRef:60.00, ThetaActual:42.42, EncoderTheta:61.19, EncoderVelocity:274.04, K:10.00, B:0.50
[2026-06-01 04:51:30,648] DEBUG: No valid transitions from state swing
[2026-06-01 04:51:30,648] WARNING: Velocity attribute does not use the linearization map. Please calculate the velocity using the position attribute.
[2026-06-01 04:51:30,653] INFO: T:17.707, State:swing, Fz:-13.89, ThetaRef:60.00, ThetaActual:39.78, EncoderTheta:63.33, EncoderVelocity:265.03, K:10.00, B:0.50
[2026-06-01 04:51:30,656] DEBUG: No valid transitions from state swing
[2026-06-01 04:51:30,656] WARNING: Velocity attribute does not use the linearization map. Please calculate the velocity using the position attribute.
[2026-06-01 04:51:30,661] INFO: T:17.715, State:swing, Fz:-17.27, ThetaRef:60.00, ThetaActual:37.06, EncoderTheta:65.61, EncoderVelocity:284.58, K:10.00, B:0.50
[2026-06-01 04:51:30,664] DEBUG: No valid transitions from state swing
[2026-06-01 04:51:30,664] WARNING: Velocity attribute does not use the linearization map. Please calculate the velocity using the position attribute.
[2026-06-01 04:51:30,669] INFO: T:17.723, State:swing, Fz:-16.37, ThetaRef:60.00, ThetaActual:35.67, EncoderTheta:67.98, EncoderVelocity:293.83, K:10.00, B:0.50
[2026-06-01 04:51:30,672] DEBUG: No valid transitions from state swing
[2026-06-01 04:51:30,672] WARNING: Velocity attribute does not use the linearization map. Please calculate the velocity using the position attribute.
[2026-06-01 04:51:30,677] INFO: T:17.731, State:swing, Fz:-17.20, ThetaRef:60.00, ThetaActual:32.84, EncoderTheta:70.33, EncoderVelocity:294.29, K:10.00, B:0.50
[2026-06-01 04:51:30,680] DEBUG: No valid transitions from state swing
[2026-06-01 04:51:30,680] WARNING: Velocity attribute does not use the linearization map. Please calculate the velocity using the position attribute.
[2026-06-01 04:51:30,685] INFO: T:17.739, State:swing, Fz:-20.80, ThetaRef:60.00, ThetaActual:31.40, EncoderTheta:72.71, EncoderVelocity:294.42, K:10.00, B:0.50
[2026-06-01 04:51:30,688] DEBUG: No valid transitions from state swing
[2026-06-01 04:51:30,688] WARNING: Velocity attribute does not use the linearization map. Please calculate the velocity using the position attribute.
[2026-06-01 04:51:30,693] INFO: T:17.747, State:swing, Fz:-22.13, ThetaRef:60.00, ThetaActual:28.49, EncoderTheta:75.04, EncoderVelocity:291.09, K:10.00, B:0.50
[2026-06-01 04:51:30,696] DEBUG: No valid transitions from state swing
[2026-06-01 04:51:30,696] WARNING: Velocity attribute does not use the linearization map. Please calculate the velocity using the position attribute.
[2026-06-01 04:51:30,701] INFO: T:17.755, State:swing, Fz:-22.14, ThetaRef:60.00, ThetaActual:25.54, EncoderTheta:77.41, EncoderVelocity:298.41, K:10.00, B:0.50
[2026-06-01 04:51:30,704] DEBUG: No valid transitions from state swing
[2026-06-01 04:51:30,704] WARNING: Velocity attribute does not use the linearization map. Please calculate the velocity using the position attribute.
[2026-06-01 04:51:30,709] INFO: T:17.763, State:swing, Fz:-23.14, ThetaRef:60.00, ThetaActual:24.06, EncoderTheta:79.83, EncoderVelocity:304.45, K:10.00, B:0.50
[2026-06-01 04:51:30,712] DEBUG: No valid transitions from state swing
[2026-06-01 04:51:30,712] WARNING: Velocity attribute does not use the linearization map. Please calculate the velocity using the position attribute.
[2026-06-01 04:51:30,717] INFO: T:17.771, State:swing, Fz:-22.42, ThetaRef:60.00, ThetaActual:21.09, EncoderTheta:82.18, EncoderVelocity:292.55, K:10.00, B:0.50
[2026-06-01 04:51:30,720] DEBUG: No valid transitions from state swing
[2026-06-01 04:51:30,720] WARNING: Velocity attribute does not use the linearization map. Please calculate the velocity using the position attribute.
[2026-06-01 04:51:30,725] INFO: T:17.779, State:swing, Fz:-22.37, ThetaRef:60.00, ThetaActual:19.62, EncoderTheta:84.51, EncoderVelocity:291.79, K:10.00, B:0.50
[2026-06-01 04:51:30,728] DEBUG: No valid transitions from state swing
[2026-06-01 04:51:30,728] WARNING: Velocity attribute does not use the linearization map. Please calculate the velocity using the position attribute.
[2026-06-01 04:51:30,733] INFO: T:17.787, State:swing, Fz:-23.85, ThetaRef:60.00, ThetaActual:16.68, EncoderTheta:86.84, EncoderVelocity:292.83, K:10.00, B:0.50
[2026-06-01 04:51:30,736] DEBUG: No valid transitions from state swing
[2026-06-01 04:51:30,736] WARNING: Velocity attribute does not use the linearization map. Please calculate the velocity using the position attribute.
[2026-06-01 04:51:30,741] INFO: T:17.795, State:swing, Fz:-22.47, ThetaRef:60.00, ThetaActual:13.78, EncoderTheta:89.06, EncoderVelocity:279.34, K:10.00, B:0.50
[2026-06-01 04:51:30,744] DEBUG: No valid transitions from state swing
[2026-06-01 04:51:30,744] WARNING: Velocity attribute does not use the linearization map. Please calculate the velocity using the position attribute.
[2026-06-01 04:51:30,749] INFO: T:17.803, State:swing, Fz:-22.45, ThetaRef:60.00, ThetaActual:12.34, EncoderTheta:91.41, EncoderVelocity:287.17, K:10.00, B:0.50
[2026-06-01 04:51:30,752] DEBUG: No valid transitions from state swing
[2026-06-01 04:51:30,752] WARNING: Velocity attribute does not use the linearization map. Please calculate the velocity using the position attribute.
[2026-06-01 04:51:30,758] INFO: T:17.811, State:swing, Fz:-22.94, ThetaRef:60.00, ThetaActual:9.53, EncoderTheta:93.65, EncoderVelocity:273.29, K:10.00, B:0.50
[2026-06-01 04:51:30,760] DEBUG: No valid transitions from state swing
[2026-06-01 04:51:30,761] WARNING: Velocity attribute does not use the linearization map. Please calculate the velocity using the position attribute.
[2026-06-01 04:51:30,766] INFO: T:17.820, State:swing, Fz:-22.80, ThetaRef:60.00, ThetaActual:6.78, EncoderTheta:95.84, EncoderVelocity:263.61, K:10.00, B:0.50
[2026-06-01 04:51:30,769] DEBUG: No valid transitions from state swing
[2026-06-01 04:51:30,769] WARNING: Velocity attribute does not use the linearization map. Please calculate the velocity using the position attribute.
[2026-06-01 04:51:30,774] INFO: T:17.828, State:swing, Fz:-21.22, ThetaRef:60.00, ThetaActual:5.44, EncoderTheta:98.02, EncoderVelocity:261.36, K:10.00, B:0.50
[2026-06-01 04:51:30,777] DEBUG: No valid transitions from state swing
[2026-06-01 04:51:30,777] WARNING: Velocity attribute does not use the linearization map. Please calculate the velocity using the position attribute.
[2026-06-01 04:51:30,783] INFO: T:17.836, State:swing, Fz:-22.96, ThetaRef:60.00, ThetaActual:2.84, EncoderTheta:100.00, EncoderVelocity:238.95, K:10.00, B:0.50
[2026-06-01 04:51:30,785] WARNING: Velocity attribute does not use the linearization map. Please calculate the velocity using the position attribute.
[2026-06-01 04:51:30,791] INFO: T:17.845, State:stance, Fz:-77.92, ThetaRef:5.00, ThetaActual:0.34, EncoderTheta:100.37, EncoderVelocity:45.02, K:500.00, B:20.00
[2026-06-01 04:51:30,794] DEBUG: No valid transitions from state stance
[2026-06-01 04:51:30,794] WARNING: Velocity attribute does not use the linearization map. Please calculate the velocity using the position attribute.
[2026-06-01 04:51:30,799] INFO: T:17.853, State:stance, Fz:-116.60, ThetaRef:5.00, ThetaActual:-0.75, EncoderTheta:100.28, EncoderVelocity:-10.61, K:500.00, B:20.00
[2026-06-01 04:51:30,802] DEBUG: No valid transitions from state stance
[2026-06-01 04:51:30,802] WARNING: Velocity attribute does not use the linearization map. Please calculate the velocity using the position attribute.
[2026-06-01 04:51:30,807] INFO: T:17.861, State:stance, Fz:-46.58, ThetaRef:5.00, ThetaActual:-1.61, EncoderTheta:100.22, EncoderVelocity:-8.09, K:500.00, B:20.00
[2026-06-01 04:51:30,810] DEBUG: No valid transitions from state stance
[2026-06-01 04:51:30,810] WARNING: Velocity attribute does not use the linearization map. Please calculate the velocity using the position attribute.
[2026-06-01 04:51:30,816] INFO: T:17.869, State:stance, Fz:-74.69, ThetaRef:5.00, ThetaActual:-1.17, EncoderTheta:100.11, EncoderVelocity:-13.34, K:500.00, B:20.00
[2026-06-01 04:51:30,818] DEBUG: No valid transitions from state stance
[2026-06-01 04:51:30,818] WARNING: Velocity attribute does not use the linearization map. Please calculate the velocity using the position attribute.
[2026-06-01 04:51:30,824] INFO: T:17.877, State:stance, Fz:-77.78, ThetaRef:5.00, ThetaActual:0.17, EncoderTheta:100.02, EncoderVelocity:-10.73, K:500.00, B:20.00
[2026-06-01 04:51:30,826] DEBUG: No valid transitions from state stance
[2026-06-01 04:51:30,826] WARNING: Velocity attribute does not use the linearization map. Please calculate the velocity using the position attribute.
[2026-06-01 04:51:30,832] INFO: T:17.886, State:stance, Fz:-47.46, ThetaRef:5.00, ThetaActual:0.64, EncoderTheta:100.02, EncoderVelocity:0.00, K:500.00, B:20.00
[2026-06-01 04:51:30,835] DEBUG: No valid transitions from state stance
[2026-06-01 04:51:30,835] WARNING: Velocity attribute does not use the linearization map. Please calculate the velocity using the position attribute.
[2026-06-01 04:51:30,840] INFO: T:17.894, State:stance, Fz:-50.85, ThetaRef:5.00, ThetaActual:0.61, EncoderTheta:100.09, EncoderVelocity:8.06, K:500.00, B:20.00
[2026-06-01 04:51:30,843] DEBUG: No valid transitions from state stance
[2026-06-01 04:51:30,843] WARNING: Velocity attribute does not use the linearization map. Please calculate the velocity using the position attribute.
[2026-06-01 04:51:30,848] INFO: T:17.902, State:stance, Fz:-55.58, ThetaRef:5.00, ThetaActual:0.52, EncoderTheta:100.06, EncoderVelocity:-2.68, K:500.00, B:20.00
[2026-06-01 04:51:30,851] DEBUG: No valid transitions from state stance
[2026-06-01 04:51:30,851] WARNING: Velocity attribute does not use the linearization map. Please calculate the velocity using the position attribute.
[2026-06-01 04:51:30,857] INFO: T:17.910, State:stance, Fz:-43.04, ThetaRef:5.00, ThetaActual:0.52, EncoderTheta:100.09, EncoderVelocity:2.68, K:500.00, B:20.00
[2026-06-01 04:51:30,859] DEBUG: No valid transitions from state stance
[2026-06-01 04:51:30,859] WARNING: Velocity attribute does not use the linearization map. Please calculate the velocity using the position attribute.
[2026-06-01 04:51:30,865] INFO: T:17.918, State:stance, Fz:-34.45, ThetaRef:5.00, ThetaActual:0.53, EncoderTheta:100.04, EncoderVelocity:-5.33, K:500.00, B:20.00
[2026-06-01 04:51:30,867] DEBUG: No valid transitions from state stance
[2026-06-01 04:51:30,868] WARNING: Velocity attribute does not use the linearization map. Please calculate the velocity using the position attribute.
[2026-06-01 04:51:30,873] INFO: T:17.927, State:stance, Fz:-34.49, ThetaRef:5.00, ThetaActual:0.53, EncoderTheta:100.02, EncoderVelocity:-2.66, K:500.00, B:20.00
[2026-06-01 04:51:30,876] WARNING: Velocity attribute does not use the linearization map. Please calculate the velocity using the position attribute.
[2026-06-01 04:51:30,882] INFO: T:17.935, State:swing, Fz:-21.55, ThetaRef:60.00, ThetaActual:0.53, EncoderTheta:100.04, EncoderVelocity:2.59, K:10.00, B:0.50
[2026-06-01 04:51:30,884] DEBUG: No valid transitions from state swing
[2026-06-01 04:51:30,884] WARNING: Velocity attribute does not use the linearization map. Please calculate the velocity using the position attribute.
[2026-06-01 04:51:30,890] INFO: T:17.944, State:swing, Fz:-11.20, ThetaRef:60.00, ThetaActual:0.53, EncoderTheta:100.04, EncoderVelocity:0.00, K:10.00, B:0.50
[2026-06-01 04:51:30,893] DEBUG: No valid transitions from state swing
[2026-06-01 04:51:30,893] WARNING: Velocity attribute does not use the linearization map. Please calculate the velocity using the position attribute.
[2026-06-01 04:51:30,898] INFO: T:17.952, State:swing, Fz:-9.79, ThetaRef:60.00, ThetaActual:0.53, EncoderTheta:100.04, EncoderVelocity:0.00, K:10.00, B:0.50
[2026-06-01 04:51:30,901] DEBUG: No valid transitions from state swing
[2026-06-01 04:51:30,901] WARNING: Velocity attribute does not use the linearization map. Please calculate the velocity using the position attribute.
[2026-06-01 04:51:30,906] INFO: T:17.960, State:swing, Fz:-4.76, ThetaRef:60.00, ThetaActual:0.57, EncoderTheta:99.93, EncoderVelocity:-13.37, K:10.00, B:0.50
[2026-06-01 04:51:30,909] DEBUG: No valid transitions from state swing
[2026-06-01 04:51:30,909] WARNING: Velocity attribute does not use the linearization map. Please calculate the velocity using the position attribute.
[2026-06-01 04:51:30,915] INFO: T:17.968, State:swing, Fz:-0.41, ThetaRef:60.00, ThetaActual:0.61, EncoderTheta:100.00, EncoderVelocity:8.02, K:10.00, B:0.50
[2026-06-01 04:51:30,917] DEBUG: No valid transitions from state swing
[2026-06-01 04:51:30,917] WARNING: Velocity attribute does not use the linearization map. Please calculate the velocity using the position attribute.
[2026-06-01 04:51:30,923] INFO: T:17.977, State:swing, Fz:0.39, ThetaRef:60.00, ThetaActual:0.71, EncoderTheta:99.82, EncoderVelocity:-21.52, K:10.00, B:0.50
[2026-06-01 04:51:30,926] DEBUG: No valid transitions from state swing
[2026-06-01 04:51:30,926] WARNING: Velocity attribute does not use the linearization map. Please calculate the velocity using the position attribute.
[2026-06-01 04:51:30,931] INFO: T:17.985, State:swing, Fz:2.50, ThetaRef:60.00, ThetaActual:0.83, EncoderTheta:99.78, EncoderVelocity:-5.36, K:10.00, B:0.50
[2026-06-01 04:51:30,934] DEBUG: No valid transitions from state swing
[2026-06-01 04:51:30,934] WARNING: Velocity attribute does not use the linearization map. Please calculate the velocity using the position attribute.
[2026-06-01 04:51:30,939] INFO: T:17.993, State:swing, Fz:3.10, ThetaRef:60.00, ThetaActual:0.90, EncoderTheta:99.69, EncoderVelocity:-10.67, K:10.00, B:0.50
[2026-06-01 04:51:30,942] DEBUG: No valid transitions from state swing
[2026-06-01 04:51:30,942] WARNING: Velocity attribute does not use the linearization map. Please calculate the velocity using the position attribute.
[2026-06-01 04:51:30,947] INFO: T:18.001, State:swing, Fz:4.55, ThetaRef:60.00, ThetaActual:1.04, EncoderTheta:99.60, EncoderVelocity:-10.82, K:10.00, B:0.50
[2026-06-01 04:51:30,950] DEBUG: No valid transitions from state swing
[2026-06-01 04:51:30,950] WARNING: Velocity attribute does not use the linearization map. Please calculate the velocity using the position attribute.
[2026-06-01 04:51:30,956] INFO: T:18.009, State:swing, Fz:3.17, ThetaRef:60.00, ThetaActual:1.10, EncoderTheta:99.47, EncoderVelocity:-16.08, K:10.00, B:0.50
[2026-06-01 04:51:30,958] DEBUG: No valid transitions from state swing
[2026-06-01 04:51:30,958] WARNING: Velocity attribute does not use the linearization map. Please calculate the velocity using the position attribute.
[2026-06-01 04:51:30,964] INFO: T:18.018, State:swing, Fz:4.11, ThetaRef:60.00, ThetaActual:1.24, EncoderTheta:99.36, EncoderVelocity:-13.26, K:10.00, B:0.50
[2026-06-01 04:51:30,967] DEBUG: No valid transitions from state swing
[2026-06-01 04:51:30,967] WARNING: Velocity attribute does not use the linearization map. Please calculate the velocity using the position attribute.
[2026-06-01 04:51:30,972] INFO: T:18.026, State:swing, Fz:2.87, ThetaRef:60.00, ThetaActual:1.37, EncoderTheta:99.25, EncoderVelocity:-13.27, K:10.00, B:0.50
[2026-06-01 04:51:30,975] DEBUG: No valid transitions from state swing
[2026-06-01 04:51:30,975] WARNING: Velocity attribute does not use the linearization map. Please calculate the velocity using the position attribute.
[2026-06-01 04:51:30,981] INFO: T:18.034, State:swing, Fz:1.92, ThetaRef:60.00, ThetaActual:1.43, EncoderTheta:99.16, EncoderVelocity:-10.62, K:10.00, B:0.50
[2026-06-01 04:51:30,983] DEBUG: No valid transitions from state swing
[2026-06-01 04:51:30,983] WARNING: Velocity attribute does not use the linearization map. Please calculate the velocity using the position attribute.
[2026-06-01 04:51:30,989] INFO: T:18.042, State:swing, Fz:3.66, ThetaRef:60.00, ThetaActual:1.54, EncoderTheta:99.12, EncoderVelocity:-5.30, K:10.00, B:0.50
[2026-06-01 04:51:30,991] DEBUG: No valid transitions from state swing
[2026-06-01 04:51:30,992] WARNING: Velocity attribute does not use the linearization map. Please calculate the velocity using the position attribute.
[2026-06-01 04:51:30,997] INFO: T:18.051, State:swing, Fz:3.49, ThetaRef:60.00, ThetaActual:1.65, EncoderTheta:99.01, EncoderVelocity:-13.29, K:10.00, B:0.50
[2026-06-01 04:51:31,000] DEBUG: No valid transitions from state swing
[2026-06-01 04:51:31,000] WARNING: Velocity attribute does not use the linearization map. Please calculate the velocity using the position attribute.
[2026-06-01 04:51:31,005] INFO: T:18.059, State:swing, Fz:4.35, ThetaRef:60.00, ThetaActual:1.70, EncoderTheta:98.94, EncoderVelocity:-7.97, K:10.00, B:0.50
[2026-06-01 04:51:31,008] DEBUG: No valid transitions from state swing
[2026-06-01 04:51:31,008] WARNING: Velocity attribute does not use the linearization map. Please calculate the velocity using the position attribute.
[2026-06-01 04:51:31,014] INFO: T:18.067, State:swing, Fz:2.54, ThetaRef:60.00, ThetaActual:1.79, EncoderTheta:98.90, EncoderVelocity:-5.23, K:10.00, B:0.50
[2026-06-01 04:51:31,016] DEBUG: No valid transitions from state swing
[2026-06-01 04:51:31,016] WARNING: Velocity attribute does not use the linearization map. Please calculate the velocity using the position attribute.
[2026-06-01 04:51:31,022] INFO: T:18.076, State:swing, Fz:2.67, ThetaRef:60.00, ThetaActual:1.87, EncoderTheta:98.81, EncoderVelocity:-10.59, K:10.00, B:0.50
[2026-06-01 04:51:31,025] DEBUG: No valid transitions from state swing
[2026-06-01 04:51:31,025] WARNING: Velocity attribute does not use the linearization map. Please calculate the velocity using the position attribute.
[2026-06-01 04:51:31,030] INFO: T:18.084, State:swing, Fz:3.73, ThetaRef:60.00, ThetaActual:1.91, EncoderTheta:98.75, EncoderVelocity:-7.89, K:10.00, B:0.50
[2026-06-01 04:51:31,033] DEBUG: No valid transitions from state swing
[2026-06-01 04:51:31,033] WARNING: Velocity attribute does not use the linearization map. Please calculate the velocity using the position attribute.
[2026-06-01 04:51:31,039] INFO: T:18.092, State:swing, Fz:2.58, ThetaRef:60.00, ThetaActual:1.98, EncoderTheta:98.68, EncoderVelocity:-7.89, K:10.00, B:0.50
[2026-06-01 04:51:31,041] DEBUG: No valid transitions from state swing
[2026-06-01 04:51:31,042] WARNING: Velocity attribute does not use the linearization map. Please calculate the velocity using the position attribute.
[2026-06-01 04:51:31,047] INFO: T:18.101, State:swing, Fz:2.68, ThetaRef:60.00, ThetaActual:2.04, EncoderTheta:98.64, EncoderVelocity:-5.29, K:10.00, B:0.50
[2026-06-01 04:51:31,050] DEBUG: No valid transitions from state swing
[2026-06-01 04:51:31,050] WARNING: Velocity attribute does not use the linearization map. Please calculate the velocity using the position attribute.
[2026-06-01 04:51:31,056] INFO: T:18.109, State:swing, Fz:5.26, ThetaRef:60.00, ThetaActual:2.07, EncoderTheta:98.59, EncoderVelocity:-5.21, K:10.00, B:0.50
[2026-06-01 04:51:31,058] DEBUG: No valid transitions from state swing
[2026-06-01 04:51:31,058] WARNING: Velocity attribute does not use the linearization map. Please calculate the velocity using the position attribute.
[2026-06-01 04:51:31,064] INFO: T:18.117, State:swing, Fz:3.78, ThetaRef:60.00, ThetaActual:2.14, EncoderTheta:98.53, EncoderVelocity:-7.95, K:10.00, B:0.50
[2026-06-01 04:51:31,067] DEBUG: No valid transitions from state swing
[2026-06-01 04:51:31,067] WARNING: Velocity attribute does not use the linearization map. Please calculate the velocity using the position attribute.
[2026-06-01 04:51:31,072] INFO: T:18.126, State:swing, Fz:4.63, ThetaRef:60.00, ThetaActual:2.19, EncoderTheta:98.46, EncoderVelocity:-7.85, K:10.00, B:0.50
[2026-06-01 04:51:31,075] DEBUG: No valid transitions from state swing
[2026-06-01 04:51:31,075] WARNING: Velocity attribute does not use the linearization map. Please calculate the velocity using the position attribute.
[2026-06-01 04:51:31,080] INFO: T:18.134, State:swing, Fz:5.79, ThetaRef:60.00, ThetaActual:2.22, EncoderTheta:98.46, EncoderVelocity:0.00, K:10.00, B:0.50
[2026-06-01 04:51:31,083] DEBUG: No valid transitions from state swing
[2026-06-01 04:51:31,083] WARNING: Velocity attribute does not use the linearization map. Please calculate the velocity using the position attribute.
[2026-06-01 04:51:31,089] INFO: T:18.142, State:swing, Fz:4.67, ThetaRef:60.00, ThetaActual:2.28, EncoderTheta:98.39, EncoderVelocity:-7.98, K:10.00, B:0.50
[2026-06-01 04:51:31,091] DEBUG: No valid transitions from state swing
[2026-06-01 04:51:31,092] WARNING: Velocity attribute does not use the linearization map. Please calculate the velocity using the position attribute.
[2026-06-01 04:51:31,097] INFO: T:18.151, State:swing, Fz:6.76, ThetaRef:60.00, ThetaActual:2.34, EncoderTheta:98.33, EncoderVelocity:-7.94, K:10.00, B:0.50
[2026-06-01 04:51:31,100] DEBUG: No valid transitions from state swing
[2026-06-01 04:51:31,100] WARNING: Velocity attribute does not use the linearization map. Please calculate the velocity using the position attribute.
[2026-06-01 04:51:31,106] INFO: T:18.159, State:swing, Fz:6.42, ThetaRef:60.00, ThetaActual:2.37, EncoderTheta:98.26, EncoderVelocity:-7.84, K:10.00, B:0.50
[2026-06-01 04:51:31,108] DEBUG: No valid transitions from state swing
[2026-06-01 04:51:31,108] WARNING: Velocity attribute does not use the linearization map. Please calculate the velocity using the position attribute.
[2026-06-01 04:51:31,114] INFO: T:18.167, State:swing, Fz:6.13, ThetaRef:60.00, ThetaActual:2.42, EncoderTheta:98.26, EncoderVelocity:0.00, K:10.00, B:0.50
[2026-06-01 04:51:31,116] DEBUG: No valid transitions from state swing
[2026-06-01 04:51:31,117] WARNING: Velocity attribute does not use the linearization map. Please calculate the velocity using the position attribute.
[2026-06-01 04:51:31,122] INFO: T:18.176, State:swing, Fz:5.92, ThetaRef:60.00, ThetaActual:2.47, EncoderTheta:98.24, EncoderVelocity:-2.65, K:10.00, B:0.50
[2026-06-01 04:51:31,125] DEBUG: No valid transitions from state swing
[2026-06-01 04:51:31,125] WARNING: Velocity attribute does not use the linearization map. Please calculate the velocity using the position attribute.
[2026-06-01 04:51:31,130] INFO: T:18.184, State:swing, Fz:5.23, ThetaRef:60.00, ThetaActual:2.50, EncoderTheta:98.17, EncoderVelocity:-7.93, K:10.00, B:0.50
[2026-06-01 04:51:31,133] DEBUG: No valid transitions from state swing
[2026-06-01 04:51:31,133] WARNING: Velocity attribute does not use the linearization map. Please calculate the velocity using the position attribute.
[2026-06-01 04:51:31,139] INFO: T:18.192, State:swing, Fz:5.17, ThetaRef:60.00, ThetaActual:2.56, EncoderTheta:98.11, EncoderVelocity:-7.94, K:10.00, B:0.50
[2026-06-01 04:51:31,142] DEBUG: No valid transitions from state swing
[2026-06-01 04:51:31,142] WARNING: Velocity attribute does not use the linearization map. Please calculate the velocity using the position attribute.
[2026-06-01 04:51:31,147] INFO: T:18.201, State:swing, Fz:7.69, ThetaRef:60.00, ThetaActual:2.61, EncoderTheta:98.11, EncoderVelocity:0.00, K:10.00, B:0.50
[2026-06-01 04:51:31,150] DEBUG: No valid transitions from state swing
[2026-06-01 04:51:31,150] WARNING: Velocity attribute does not use the linearization map. Please calculate the velocity using the position attribute.
[2026-06-01 04:51:31,156] INFO: T:18.209, State:swing, Fz:6.59, ThetaRef:60.00, ThetaActual:2.63, EncoderTheta:98.04, EncoderVelocity:-7.86, K:10.00, B:0.50
[2026-06-01 04:51:31,158] DEBUG: No valid transitions from state swing
[2026-06-01 04:51:31,158] WARNING: Velocity attribute does not use the linearization map. Please calculate the velocity using the position attribute.
[2026-06-01 04:51:31,164] INFO: T:18.217, State:swing, Fz:8.69, ThetaRef:60.00, ThetaActual:2.67, EncoderTheta:98.02, EncoderVelocity:-2.63, K:10.00, B:0.50
[2026-06-01 04:51:31,167] DEBUG: No valid transitions from state swing
[2026-06-01 04:51:31,167] WARNING: Velocity attribute does not use the linearization map. Please calculate the velocity using the position attribute.
[2026-06-01 04:51:31,172] INFO: T:18.226, State:swing, Fz:7.81, ThetaRef:60.00, ThetaActual:2.71, EncoderTheta:98.00, EncoderVelocity:-2.65, K:10.00, B:0.50
[2026-06-01 04:51:31,175] DEBUG: No valid transitions from state swing
[2026-06-01 04:51:31,175] WARNING: Velocity attribute does not use the linearization map. Please calculate the velocity using the position attribute.
[2026-06-01 04:51:31,180] INFO: T:18.234, State:swing, Fz:5.18, ThetaRef:60.00, ThetaActual:2.73, EncoderTheta:97.98, EncoderVelocity:-2.67, K:10.00, B:0.50
[2026-06-01 04:51:31,183] DEBUG: No valid transitions from state swing
[2026-06-01 04:51:31,183] WARNING: Velocity attribute does not use the linearization map. Please calculate the velocity using the position attribute.
[2026-06-01 04:51:31,189] INFO: T:18.242, State:swing, Fz:6.13, ThetaRef:60.00, ThetaActual:2.76, EncoderTheta:97.95, EncoderVelocity:-2.63, K:10.00, B:0.50
[2026-06-01 04:51:31,191] DEBUG: No valid transitions from state swing
[2026-06-01 04:51:31,191] WARNING: Velocity attribute does not use the linearization map. Please calculate the velocity using the position attribute.
[2026-06-01 04:51:31,197] INFO: T:18.251, State:swing, Fz:7.87, ThetaRef:60.00, ThetaActual:2.79, EncoderTheta:97.91, EncoderVelocity:-5.32, K:10.00, B:0.50
[2026-06-01 04:51:31,200] DEBUG: No valid transitions from state swing
[2026-06-01 04:51:31,200] WARNING: Velocity attribute does not use the linearization map. Please calculate the velocity using the position attribute.
[2026-06-01 04:51:31,205] INFO: T:18.259, State:swing, Fz:8.19, ThetaRef:60.00, ThetaActual:2.80, EncoderTheta:97.89, EncoderVelocity:-2.65, K:10.00, B:0.50
[2026-06-01 04:51:31,208] DEBUG: No valid transitions from state swing
[2026-06-01 04:51:31,208] WARNING: Velocity attribute does not use the linearization map. Please calculate the velocity using the position attribute.
[2026-06-01 04:51:31,214] INFO: T:18.267, State:swing, Fz:8.98, ThetaRef:60.00, ThetaActual:2.83, EncoderTheta:97.89, EncoderVelocity:0.00, K:10.00, B:0.50
[2026-06-01 04:51:31,216] DEBUG: No valid transitions from state swing
[2026-06-01 04:51:31,216] WARNING: Velocity attribute does not use the linearization map. Please calculate the velocity using the position attribute.
[2026-06-01 04:51:31,222] INFO: T:18.275, State:swing, Fz:7.59, ThetaRef:60.00, ThetaActual:2.85, EncoderTheta:97.82, EncoderVelocity:-7.97, K:10.00, B:0.50
[2026-06-01 04:51:31,224] DEBUG: No valid transitions from state swing
[2026-06-01 04:51:31,225] WARNING: Velocity attribute does not use the linearization map. Please calculate the velocity using the position attribute.
[2026-06-01 04:51:31,230] INFO: T:18.284, State:swing, Fz:8.48, ThetaRef:60.00, ThetaActual:2.86, EncoderTheta:97.82, EncoderVelocity:0.00, K:10.00, B:0.50
[2026-06-01 04:51:31,233] DEBUG: No valid transitions from state swing
[2026-06-01 04:51:31,233] WARNING: Velocity attribute does not use the linearization map. Please calculate the velocity using the position attribute.
[2026-06-01 04:51:31,238] INFO: T:18.292, State:swing, Fz:10.18, ThetaRef:60.00, ThetaActual:2.89, EncoderTheta:97.80, EncoderVelocity:-2.65, K:10.00, B:0.50
[2026-06-01 04:51:31,241] DEBUG: No valid transitions from state swing
[2026-06-01 04:51:31,241] WARNING: Velocity attribute does not use the linearization map. Please calculate the velocity using the position attribute.
[2026-06-01 04:51:31,247] INFO: T:18.300, State:swing, Fz:10.98, ThetaRef:60.00, ThetaActual:2.91, EncoderTheta:97.80, EncoderVelocity:0.00, K:10.00, B:0.50
[2026-06-01 04:51:31,249] DEBUG: No valid transitions from state swing
[2026-06-01 04:51:31,249] WARNING: Velocity attribute does not use the linearization map. Please calculate the velocity using the position attribute.
[2026-06-01 04:51:31,255] INFO: T:18.308, State:swing, Fz:12.59, ThetaRef:60.00, ThetaActual:2.93, EncoderTheta:97.73, EncoderVelocity:-8.05, K:10.00, B:0.50
[2026-06-01 04:51:31,257] DEBUG: No valid transitions from state swing
[2026-06-01 04:51:31,257] WARNING: Velocity attribute does not use the linearization map. Please calculate the velocity using the position attribute.
[2026-06-01 04:51:31,263] INFO: T:18.317, State:swing, Fz:10.81, ThetaRef:60.00, ThetaActual:2.96, EncoderTheta:97.76, EncoderVelocity:2.69, K:10.00, B:0.50
[2026-06-01 04:51:31,266] DEBUG: No valid transitions from state swing
[2026-06-01 04:51:31,266] WARNING: Velocity attribute does not use the linearization map. Please calculate the velocity using the position attribute.
[2026-06-01 04:51:31,271] INFO: T:18.325, State:swing, Fz:11.00, ThetaRef:60.00, ThetaActual:2.99, EncoderTheta:97.67, EncoderVelocity:-10.72, K:10.00, B:0.50
[2026-06-01 04:51:31,274] DEBUG: No valid transitions from state swing
[2026-06-01 04:51:31,274] WARNING: Velocity attribute does not use the linearization map. Please calculate the velocity using the position attribute.
[2026-06-01 04:51:31,279] INFO: T:18.333, State:swing, Fz:12.10, ThetaRef:60.00, ThetaActual:3.01, EncoderTheta:97.69, EncoderVelocity:2.67, K:10.00, B:0.50
[2026-06-01 04:51:31,282] DEBUG: No valid transitions from state swing
[2026-06-01 04:51:31,282] WARNING: Velocity attribute does not use the linearization map. Please calculate the velocity using the position attribute.
[2026-06-01 04:51:31,288] INFO: T:18.341, State:swing, Fz:11.95, ThetaRef:60.00, ThetaActual:3.04, EncoderTheta:97.71, EncoderVelocity:2.67, K:10.00, B:0.50
[2026-06-01 04:51:31,290] DEBUG: No valid transitions from state swing
[2026-06-01 04:51:31,290] WARNING: Velocity attribute does not use the linearization map. Please calculate the velocity using the position attribute.
[2026-06-01 04:51:31,296] INFO: T:18.349, State:swing, Fz:9.86, ThetaRef:60.00, ThetaActual:3.08, EncoderTheta:97.67, EncoderVelocity:-5.30, K:10.00, B:0.50
[2026-06-01 04:51:31,299] DEBUG: No valid transitions from state swing
[2026-06-01 04:51:31,299] WARNING: Velocity attribute does not use the linearization map. Please calculate the velocity using the position attribute.
[2026-06-01 04:51:31,304] INFO: T:18.358, State:swing, Fz:9.73, ThetaRef:60.00, ThetaActual:3.09, EncoderTheta:97.58, EncoderVelocity:-10.60, K:10.00, B:0.50
[2026-06-01 04:51:31,307] DEBUG: No valid transitions from state swing
[2026-06-01 04:51:31,307] WARNING: Velocity attribute does not use the linearization map. Please calculate the velocity using the position attribute.
[2026-06-01 04:51:31,313] INFO: T:18.366, State:swing, Fz:8.66, ThetaRef:60.00, ThetaActual:3.11, EncoderTheta:97.54, EncoderVelocity:-5.29, K:10.00, B:0.50
[2026-06-01 04:51:31,315] DEBUG: No valid transitions from state swing
[2026-06-01 04:51:31,315] WARNING: Velocity attribute does not use the linearization map. Please calculate the velocity using the position attribute.
[2026-06-01 04:51:31,321] INFO: T:18.374, State:swing, Fz:8.86, ThetaRef:60.00, ThetaActual:3.12, EncoderTheta:97.58, EncoderVelocity:5.31, K:10.00, B:0.50
[2026-06-01 04:51:31,323] DEBUG: No valid transitions from state swing
[2026-06-01 04:51:31,324] WARNING: Velocity attribute does not use the linearization map. Please calculate the velocity using the position attribute.
[2026-06-01 04:51:31,329] INFO: T:18.383, State:swing, Fz:9.46, ThetaRef:60.00, ThetaActual:3.12, EncoderTheta:97.60, EncoderVelocity:2.63, K:10.00, B:0.50
[2026-06-01 04:51:31,332] DEBUG: No valid transitions from state swing
[2026-06-01 04:51:31,332] WARNING: Velocity attribute does not use the linearization map. Please calculate the velocity using the position attribute.
[2026-06-01 04:51:31,337] INFO: T:18.391, State:swing, Fz:8.94, ThetaRef:60.00, ThetaActual:3.13, EncoderTheta:97.58, EncoderVelocity:-2.65, K:10.00, B:0.50
[2026-06-01 04:51:31,340] DEBUG: No valid transitions from state swing
[2026-06-01 04:51:31,340] WARNING: Velocity attribute does not use the linearization map. Please calculate the velocity using the position attribute.
[2026-06-01 04:51:31,346] INFO: T:18.399, State:swing, Fz:7.55, ThetaRef:60.00, ThetaActual:3.12, EncoderTheta:97.60, EncoderVelocity:2.67, K:10.00, B:0.50
[2026-06-01 04:51:31,348] DEBUG: No valid transitions from state swing
[2026-06-01 04:51:31,348] WARNING: Velocity attribute does not use the linearization map. Please calculate the velocity using the position attribute.
[2026-06-01 04:51:31,354] INFO: T:18.407, State:swing, Fz:6.01, ThetaRef:60.00, ThetaActual:3.12, EncoderTheta:97.60, EncoderVelocity:0.00, K:10.00, B:0.50
[2026-06-01 04:51:31,356] DEBUG: No valid transitions from state swing
[2026-06-01 04:51:31,357] WARNING: Velocity attribute does not use the linearization map. Please calculate the velocity using the position attribute.
[2026-06-01 04:51:31,362] INFO: T:18.416, State:swing, Fz:6.30, ThetaRef:60.00, ThetaActual:3.13, EncoderTheta:97.60, EncoderVelocity:0.00, K:10.00, B:0.50
[2026-06-01 04:51:31,365] DEBUG: No valid transitions from state swing
[2026-06-01 04:51:31,365] WARNING: Velocity attribute does not use the linearization map. Please calculate the velocity using the position attribute.
[2026-06-01 04:51:31,370] INFO: T:18.424, State:swing, Fz:5.51, ThetaRef:60.00, ThetaActual:3.12, EncoderTheta:97.62, EncoderVelocity:2.65, K:10.00, B:0.50
[2026-06-01 04:51:31,373] DEBUG: No valid transitions from state swing
[2026-06-01 04:51:31,373] WARNING: Velocity attribute does not use the linearization map. Please calculate the velocity using the position attribute.
[2026-06-01 04:51:31,379] INFO: T:18.432, State:swing, Fz:2.91, ThetaRef:60.00, ThetaActual:3.12, EncoderTheta:97.69, EncoderVelocity:8.02, K:10.00, B:0.50
[2026-06-01 04:51:31,381] DEBUG: No valid transitions from state swing
[2026-06-01 04:51:31,381] WARNING: Velocity attribute does not use the linearization map. Please calculate the velocity using the position attribute.
[2026-06-01 04:51:31,387] INFO: T:18.440, State:swing, Fz:2.45, ThetaRef:60.00, ThetaActual:3.12, EncoderTheta:97.67, EncoderVelocity:-2.66, K:10.00, B:0.50
[2026-06-01 04:51:31,389] DEBUG: No valid transitions from state swing
[2026-06-01 04:51:31,390] WARNING: Velocity attribute does not use the linearization map. Please calculate the velocity using the position attribute.
[2026-06-01 04:51:31,396] INFO: T:18.449, State:swing, Fz:-0.88, ThetaRef:60.00, ThetaActual:3.12, EncoderTheta:97.69, EncoderVelocity:2.68, K:10.00, B:0.50
[2026-06-01 04:51:31,398] DEBUG: No valid transitions from state swing
[2026-06-01 04:51:31,399] WARNING: Velocity attribute does not use the linearization map. Please calculate the velocity using the position attribute.
[2026-06-01 04:51:31,404] INFO: T:18.458, State:swing, Fz:-2.42, ThetaRef:60.00, ThetaActual:3.12, EncoderTheta:97.76, EncoderVelocity:7.35, K:10.00, B:0.50
[2026-06-01 04:51:31,407] DEBUG: No valid transitions from state swing
[2026-06-01 04:51:31,407] WARNING: Velocity attribute does not use the linearization map. Please calculate the velocity using the position attribute.
[2026-06-01 04:51:31,413] INFO: T:18.466, State:swing, Fz:-4.12, ThetaRef:60.00, ThetaActual:3.12, EncoderTheta:97.80, EncoderVelocity:5.08, K:10.00, B:0.50
[2026-06-01 04:51:31,416] DEBUG: No valid transitions from state swing
[2026-06-01 04:51:31,416] WARNING: Velocity attribute does not use the linearization map. Please calculate the velocity using the position attribute.
[2026-06-01 04:51:31,421] INFO: T:18.475, State:swing, Fz:-5.41, ThetaRef:60.00, ThetaActual:3.12, EncoderTheta:97.73, EncoderVelocity:-7.73, K:10.00, B:0.50
[2026-06-01 04:51:31,424] DEBUG: No valid transitions from state swing
[2026-06-01 04:51:31,424] WARNING: Velocity attribute does not use the linearization map. Please calculate the velocity using the position attribute.
[2026-06-01 04:51:31,430] INFO: T:18.483, State:swing, Fz:-5.39, ThetaRef:60.00, ThetaActual:3.12, EncoderTheta:97.80, EncoderVelocity:7.82, K:10.00, B:0.50
[2026-06-01 04:51:31,432] DEBUG: No valid transitions from state swing
[2026-06-01 04:51:31,432] WARNING: Velocity attribute does not use the linearization map. Please calculate the velocity using the position attribute.
[2026-06-01 04:51:31,438] INFO: T:18.492, State:swing, Fz:-5.86, ThetaRef:60.00, ThetaActual:3.12, EncoderTheta:97.76, EncoderVelocity:-5.29, K:10.00, B:0.50
[2026-06-01 04:51:31,441] DEBUG: No valid transitions from state swing
[2026-06-01 04:51:31,441] WARNING: Velocity attribute does not use the linearization map. Please calculate the velocity using the position attribute.
[2026-06-01 04:51:31,446] INFO: T:18.500, State:swing, Fz:-6.24, ThetaRef:60.00, ThetaActual:3.12, EncoderTheta:97.76, EncoderVelocity:0.00, K:10.00, B:0.50
[2026-06-01 04:51:31,449] DEBUG: No valid transitions from state swing
[2026-06-01 04:51:31,449] WARNING: Velocity attribute does not use the linearization map. Please calculate the velocity using the position attribute.
[2026-06-01 04:51:31,455] INFO: T:18.508, State:swing, Fz:-5.02, ThetaRef:60.00, ThetaActual:3.12, EncoderTheta:97.80, EncoderVelocity:5.33, K:10.00, B:0.50
[2026-06-01 04:51:31,457] DEBUG: No valid transitions from state swing
[2026-06-01 04:51:31,457] WARNING: Velocity attribute does not use the linearization map. Please calculate the velocity using the position attribute.
[2026-06-01 04:51:31,463] INFO: T:18.516, State:swing, Fz:-6.05, ThetaRef:60.00, ThetaActual:3.12, EncoderTheta:97.76, EncoderVelocity:-5.31, K:10.00, B:0.50
[2026-06-01 04:51:31,465] DEBUG: No valid transitions from state swing
[2026-06-01 04:51:31,465] WARNING: Velocity attribute does not use the linearization map. Please calculate the velocity using the position attribute.
[2026-06-01 04:51:31,471] INFO: T:18.525, State:swing, Fz:-4.87, ThetaRef:60.00, ThetaActual:3.12, EncoderTheta:97.80, EncoderVelocity:5.33, K:10.00, B:0.50
[2026-06-01 04:51:31,474] DEBUG: No valid transitions from state swing
[2026-06-01 04:51:31,474] WARNING: Velocity attribute does not use the linearization map. Please calculate the velocity using the position attribute.
[2026-06-01 04:51:31,479] INFO: T:18.533, State:swing, Fz:-3.98, ThetaRef:60.00, ThetaActual:3.12, EncoderTheta:97.78, EncoderVelocity:-2.65, K:10.00, B:0.50
[2026-06-01 04:51:31,482] DEBUG: No valid transitions from state swing
[2026-06-01 04:51:31,482] WARNING: Velocity attribute does not use the linearization map. Please calculate the velocity using the position attribute.
[2026-06-01 04:51:31,488] INFO: T:18.541, State:swing, Fz:-4.31, ThetaRef:60.00, ThetaActual:3.12, EncoderTheta:97.73, EncoderVelocity:-5.30, K:10.00, B:0.50
[2026-06-01 04:51:31,490] DEBUG: No valid transitions from state swing
[2026-06-01 04:51:31,490] WARNING: Velocity attribute does not use the linearization map. Please calculate the velocity using the position attribute.
[2026-06-01 04:51:31,496] INFO: T:18.549, State:swing, Fz:-1.59, ThetaRef:60.00, ThetaActual:3.12, EncoderTheta:97.76, EncoderVelocity:2.67, K:10.00, B:0.50
[2026-06-01 04:51:31,499] DEBUG: No valid transitions from state swing
[2026-06-01 04:51:31,499] WARNING: Velocity attribute does not use the linearization map. Please calculate the velocity using the position attribute.
[2026-06-01 04:51:31,504] INFO: T:18.558, State:swing, Fz:-2.48, ThetaRef:60.00, ThetaActual:3.12, EncoderTheta:97.78, EncoderVelocity:2.65, K:10.00, B:0.50
[2026-06-01 04:51:31,507] DEBUG: No valid transitions from state swing
[2026-06-01 04:51:31,507] WARNING: Velocity attribute does not use the linearization map. Please calculate the velocity using the position attribute.
[2026-06-01 04:51:31,512] INFO: T:18.566, State:swing, Fz:-1.64, ThetaRef:60.00, ThetaActual:3.12, EncoderTheta:97.71, EncoderVelocity:-8.09, K:10.00, B:0.50
[2026-06-01 04:51:31,515] DEBUG: No valid transitions from state swing
[2026-06-01 04:51:31,515] WARNING: Velocity attribute does not use the linearization map. Please calculate the velocity using the position attribute.
[2026-06-01 04:51:31,520] INFO: T:18.574, State:swing, Fz:-1.51, ThetaRef:60.00, ThetaActual:3.12, EncoderTheta:97.73, EncoderVelocity:2.68, K:10.00, B:0.50
[2026-06-01 04:51:31,523] DEBUG: No valid transitions from state swing
[2026-06-01 04:51:31,523] WARNING: Velocity attribute does not use the linearization map. Please calculate the velocity using the position attribute.
[2026-06-01 04:51:31,529] INFO: T:18.582, State:swing, Fz:0.03, ThetaRef:60.00, ThetaActual:3.12, EncoderTheta:97.78, EncoderVelocity:5.37, K:10.00, B:0.50
[2026-06-01 04:51:31,531] DEBUG: No valid transitions from state swing
[2026-06-01 04:51:31,531] WARNING: Velocity attribute does not use the linearization map. Please calculate the velocity using the position attribute.
[2026-06-01 04:51:31,537] INFO: T:18.591, State:swing, Fz:0.74, ThetaRef:60.00, ThetaActual:3.12, EncoderTheta:97.73, EncoderVelocity:-5.28, K:10.00, B:0.50
[2026-06-01 04:51:31,540] DEBUG: No valid transitions from state swing
[2026-06-01 04:51:31,540] WARNING: Velocity attribute does not use the linearization map. Please calculate the velocity using the position attribute.
[2026-06-01 04:51:31,545] INFO: T:18.599, State:swing, Fz:0.78, ThetaRef:60.00, ThetaActual:3.12, EncoderTheta:97.76, EncoderVelocity:2.66, K:10.00, B:0.50
[2026-06-01 04:51:31,548] DEBUG: No valid transitions from state swing
[2026-06-01 04:51:31,548] WARNING: Velocity attribute does not use the linearization map. Please calculate the velocity using the position attribute.
[2026-06-01 04:51:31,554] INFO: T:18.607, State:swing, Fz:3.24, ThetaRef:60.00, ThetaActual:3.12, EncoderTheta:97.80, EncoderVelocity:5.26, K:10.00, B:0.50
[2026-06-01 04:51:31,556] DEBUG: No valid transitions from state swing
[2026-06-01 04:51:31,556] WARNING: Velocity attribute does not use the linearization map. Please calculate the velocity using the position attribute.
[2026-06-01 04:51:31,562] INFO: T:18.615, State:swing, Fz:1.16, ThetaRef:60.00, ThetaActual:3.12, EncoderTheta:97.80, EncoderVelocity:0.00, K:10.00, B:0.50
[2026-06-01 04:51:31,565] DEBUG: No valid transitions from state swing
[2026-06-01 04:51:31,565] WARNING: Velocity attribute does not use the linearization map. Please calculate the velocity using the position attribute.
[2026-06-01 04:51:31,570] INFO: T:18.624, State:swing, Fz:0.06, ThetaRef:60.00, ThetaActual:3.12, EncoderTheta:97.76, EncoderVelocity:-5.31, K:10.00, B:0.50
[2026-06-01 04:51:31,573] DEBUG: No valid transitions from state swing
[2026-06-01 04:51:31,573] WARNING: Velocity attribute does not use the linearization map. Please calculate the velocity using the position attribute.
[2026-06-01 04:51:31,578] INFO: T:18.632, State:swing, Fz:-0.76, ThetaRef:60.00, ThetaActual:3.12, EncoderTheta:97.78, EncoderVelocity:2.65, K:10.00, B:0.50
[2026-06-01 04:51:31,581] DEBUG: No valid transitions from state swing
[2026-06-01 04:51:31,581] WARNING: Velocity attribute does not use the linearization map. Please calculate the velocity using the position attribute.
[2026-06-01 04:51:31,587] INFO: T:18.640, State:swing, Fz:-1.41, ThetaRef:60.00, ThetaActual:3.12, EncoderTheta:97.80, EncoderVelocity:2.65, K:10.00, B:0.50
[2026-06-01 04:51:31,589] DEBUG: No valid transitions from state swing
[2026-06-01 04:51:31,589] WARNING: Velocity attribute does not use the linearization map. Please calculate the velocity using the position attribute.
[2026-06-01 04:51:31,595] INFO: T:18.649, State:swing, Fz:-3.37, ThetaRef:60.00, ThetaActual:3.12, EncoderTheta:97.78, EncoderVelocity:-2.65, K:10.00, B:0.50
[2026-06-01 04:51:31,598] DEBUG: No valid transitions from state swing
[2026-06-01 04:51:31,598] WARNING: Velocity attribute does not use the linearization map. Please calculate the velocity using the position attribute.
[2026-06-01 04:51:31,603] INFO: T:18.657, State:swing, Fz:-5.85, ThetaRef:60.00, ThetaActual:3.12, EncoderTheta:97.80, EncoderVelocity:2.65, K:10.00, B:0.50
[2026-06-01 04:51:31,606] DEBUG: No valid transitions from state swing
[2026-06-01 04:51:31,606] WARNING: Velocity attribute does not use the linearization map. Please calculate the velocity using the position attribute.
[2026-06-01 04:51:31,611] INFO: T:18.665, State:swing, Fz:-4.77, ThetaRef:60.00, ThetaActual:3.12, EncoderTheta:97.84, EncoderVelocity:5.39, K:10.00, B:0.50
[2026-06-01 04:51:31,614] DEBUG: No valid transitions from state swing
[2026-06-01 04:51:31,614] WARNING: Velocity attribute does not use the linearization map. Please calculate the velocity using the position attribute.
[2026-06-01 04:51:31,620] INFO: T:18.673, State:swing, Fz:-5.90, ThetaRef:60.00, ThetaActual:3.12, EncoderTheta:97.84, EncoderVelocity:0.00, K:10.00, B:0.50
[2026-06-01 04:51:31,622] DEBUG: No valid transitions from state swing
[2026-06-01 04:51:31,622] WARNING: Velocity attribute does not use the linearization map. Please calculate the velocity using the position attribute.
[2026-06-01 04:51:31,628] INFO: T:18.682, State:swing, Fz:-5.77, ThetaRef:60.00, ThetaActual:3.12, EncoderTheta:97.82, EncoderVelocity:-2.67, K:10.00, B:0.50
[2026-06-01 04:51:31,631] DEBUG: No valid transitions from state swing
[2026-06-01 04:51:31,631] WARNING: Velocity attribute does not use the linearization map. Please calculate the velocity using the position attribute.
[2026-06-01 04:51:31,636] INFO: T:18.690, State:swing, Fz:-5.18, ThetaRef:60.00, ThetaActual:3.12, EncoderTheta:97.87, EncoderVelocity:5.33, K:10.00, B:0.50
[2026-06-01 04:51:31,639] DEBUG: No valid transitions from state swing
[2026-06-01 04:51:31,639] WARNING: Velocity attribute does not use the linearization map. Please calculate the velocity using the position attribute.
[2026-06-01 04:51:31,644] INFO: T:18.698, State:swing, Fz:-5.74, ThetaRef:60.00, ThetaActual:3.12, EncoderTheta:97.87, EncoderVelocity:0.00, K:10.00, B:0.50
[2026-06-01 04:51:31,647] DEBUG: No valid transitions from state swing
[2026-06-01 04:51:31,647] WARNING: Velocity attribute does not use the linearization map. Please calculate the velocity using the position attribute.
[2026-06-01 04:51:31,653] INFO: T:18.706, State:swing, Fz:-4.19, ThetaRef:60.00, ThetaActual:3.12, EncoderTheta:97.91, EncoderVelocity:5.37, K:10.00, B:0.50
[2026-06-01 04:51:31,655] DEBUG: No valid transitions from state swing
[2026-06-01 04:51:31,655] WARNING: Velocity attribute does not use the linearization map. Please calculate the velocity using the position attribute.
[2026-06-01 04:51:31,661] INFO: T:18.715, State:swing, Fz:-7.43, ThetaRef:60.00, ThetaActual:3.12, EncoderTheta:97.91, EncoderVelocity:0.00, K:10.00, B:0.50
[2026-06-01 04:51:31,663] DEBUG: No valid transitions from state swing
[2026-06-01 04:51:31,664] WARNING: Velocity attribute does not use the linearization map. Please calculate the velocity using the position attribute.
[2026-06-01 04:51:31,669] INFO: T:18.723, State:swing, Fz:-7.92, ThetaRef:60.00, ThetaActual:3.12, EncoderTheta:97.87, EncoderVelocity:-5.37, K:10.00, B:0.50
[2026-06-01 04:51:31,672] DEBUG: No valid transitions from state swing
[2026-06-01 04:51:31,672] WARNING: Velocity attribute does not use the linearization map. Please calculate the velocity using the position attribute.
[2026-06-01 04:51:31,677] INFO: T:18.731, State:swing, Fz:-10.28, ThetaRef:60.00, ThetaActual:3.12, EncoderTheta:97.91, EncoderVelocity:5.31, K:10.00, B:0.50
[2026-06-01 04:51:31,680] DEBUG: No valid transitions from state swing
[2026-06-01 04:51:31,680] WARNING: Velocity attribute does not use the linearization map. Please calculate the velocity using the position attribute.
[2026-06-01 04:51:31,686] INFO: T:18.739, State:swing, Fz:-10.13, ThetaRef:60.00, ThetaActual:3.12, EncoderTheta:97.87, EncoderVelocity:-5.34, K:10.00, B:0.50
[2026-06-01 04:51:31,688] DEBUG: No valid transitions from state swing
[2026-06-01 04:51:31,688] WARNING: Velocity attribute does not use the linearization map. Please calculate the velocity using the position attribute.
[2026-06-01 04:51:31,694] INFO: T:18.747, State:swing, Fz:-8.95, ThetaRef:60.00, ThetaActual:3.12, EncoderTheta:97.80, EncoderVelocity:-8.03, K:10.00, B:0.50
[2026-06-01 04:51:31,697] DEBUG: No valid transitions from state swing
[2026-06-01 04:51:31,697] WARNING: Velocity attribute does not use the linearization map. Please calculate the velocity using the position attribute.
[2026-06-01 04:51:31,702] INFO: T:18.756, State:swing, Fz:-7.54, ThetaRef:60.00, ThetaActual:3.12, EncoderTheta:97.84, EncoderVelocity:5.21, K:10.00, B:0.50
[2026-06-01 04:51:31,705] DEBUG: No valid transitions from state swing
[2026-06-01 04:51:31,705] WARNING: Velocity attribute does not use the linearization map. Please calculate the velocity using the position attribute.
[2026-06-01 04:51:31,710] INFO: T:18.764, State:swing, Fz:-6.52, ThetaRef:60.00, ThetaActual:3.12, EncoderTheta:97.82, EncoderVelocity:-2.69, K:10.00, B:0.50
[2026-06-01 04:51:31,713] DEBUG: No valid transitions from state swing
[2026-06-01 04:51:31,713] WARNING: Velocity attribute does not use the linearization map. Please calculate the velocity using the position attribute.
[2026-06-01 04:51:31,719] INFO: T:18.772, State:swing, Fz:-6.22, ThetaRef:60.00, ThetaActual:3.12, EncoderTheta:97.82, EncoderVelocity:0.00, K:10.00, B:0.50
[2026-06-01 04:51:31,721] DEBUG: No valid transitions from state swing
[2026-06-01 04:51:31,721] WARNING: Velocity attribute does not use the linearization map. Please calculate the velocity using the position attribute.
[2026-06-01 04:51:31,727] INFO: T:18.780, State:swing, Fz:-3.03, ThetaRef:60.00, ThetaActual:3.12, EncoderTheta:97.80, EncoderVelocity:-2.69, K:10.00, B:0.50
[2026-06-01 04:51:31,729] DEBUG: No valid transitions from state swing
[2026-06-01 04:51:31,730] WARNING: Velocity attribute does not use the linearization map. Please calculate the velocity using the position attribute.
[2026-06-01 04:51:31,735] INFO: T:18.789, State:swing, Fz:-3.54, ThetaRef:60.00, ThetaActual:3.12, EncoderTheta:97.76, EncoderVelocity:-5.32, K:10.00, B:0.50
[2026-06-01 04:51:31,738] DEBUG: No valid transitions from state swing
[2026-06-01 04:51:31,738] WARNING: Velocity attribute does not use the linearization map. Please calculate the velocity using the position attribute.
[2026-06-01 04:51:31,743] INFO: T:18.797, State:swing, Fz:-2.93, ThetaRef:60.00, ThetaActual:3.12, EncoderTheta:97.78, EncoderVelocity:2.65, K:10.00, B:0.50
[2026-06-01 04:51:31,746] DEBUG: No valid transitions from state swing
[2026-06-01 04:51:31,746] WARNING: Velocity attribute does not use the linearization map. Please calculate the velocity using the position attribute.
[2026-06-01 04:51:31,752] INFO: T:18.805, State:swing, Fz:-2.49, ThetaRef:60.00, ThetaActual:3.12, EncoderTheta:97.76, EncoderVelocity:-2.64, K:10.00, B:0.50
[2026-06-01 04:51:31,754] DEBUG: No valid transitions from state swing
[2026-06-01 04:51:31,754] WARNING: Velocity attribute does not use the linearization map. Please calculate the velocity using the position attribute.
[2026-06-01 04:51:31,760] INFO: T:18.814, State:swing, Fz:-1.18, ThetaRef:60.00, ThetaActual:3.12, EncoderTheta:97.73, EncoderVelocity:-2.65, K:10.00, B:0.50
[2026-06-01 04:51:31,763] DEBUG: No valid transitions from state swing
[2026-06-01 04:51:31,763] WARNING: Velocity attribute does not use the linearization map. Please calculate the velocity using the position attribute.
[2026-06-01 04:51:31,768] INFO: T:18.822, State:swing, Fz:2.31, ThetaRef:60.00, ThetaActual:3.12, EncoderTheta:97.73, EncoderVelocity:0.00, K:10.00, B:0.50
[2026-06-01 04:51:31,771] DEBUG: No valid transitions from state swing
[2026-06-01 04:51:31,771] WARNING: Velocity attribute does not use the linearization map. Please calculate the velocity using the position attribute.
[2026-06-01 04:51:31,776] INFO: T:18.830, State:swing, Fz:2.97, ThetaRef:60.00, ThetaActual:3.12, EncoderTheta:97.80, EncoderVelocity:8.01, K:10.00, B:0.50
[2026-06-01 04:51:31,779] DEBUG: No valid transitions from state swing
[2026-06-01 04:51:31,779] WARNING: Velocity attribute does not use the linearization map. Please calculate the velocity using the position attribute.
[2026-06-01 04:51:31,785] INFO: T:18.838, State:swing, Fz:5.47, ThetaRef:60.00, ThetaActual:3.12, EncoderTheta:97.73, EncoderVelocity:-7.99, K:10.00, B:0.50
[2026-06-01 04:51:31,787] DEBUG: No valid transitions from state swing
[2026-06-01 04:51:31,787] WARNING: Velocity attribute does not use the linearization map. Please calculate the velocity using the position attribute.
[2026-06-01 04:51:31,793] INFO: T:18.847, State:swing, Fz:3.88, ThetaRef:60.00, ThetaActual:3.12, EncoderTheta:97.69, EncoderVelocity:-5.31, K:10.00, B:0.50
[2026-06-01 04:51:31,796] DEBUG: No valid transitions from state swing
[2026-06-01 04:51:31,796] WARNING: Velocity attribute does not use the linearization map. Please calculate the velocity using the position attribute.
[2026-06-01 04:51:31,801] INFO: T:18.855, State:swing, Fz:3.16, ThetaRef:60.00, ThetaActual:3.12, EncoderTheta:97.78, EncoderVelocity:10.57, K:10.00, B:0.50
[2026-06-01 04:51:31,804] DEBUG: No valid transitions from state swing
[2026-06-01 04:51:31,804] WARNING: Velocity attribute does not use the linearization map. Please calculate the velocity using the position attribute.
[2026-06-01 04:51:31,810] INFO: T:18.863, State:swing, Fz:4.64, ThetaRef:60.00, ThetaActual:3.12, EncoderTheta:97.78, EncoderVelocity:0.00, K:10.00, B:0.50
[2026-06-01 04:51:31,812] DEBUG: No valid transitions from state swing
[2026-06-01 04:51:31,813] WARNING: Velocity attribute does not use the linearization map. Please calculate the velocity using the position attribute.
[2026-06-01 04:51:31,818] INFO: T:18.872, State:swing, Fz:3.27, ThetaRef:60.00, ThetaActual:3.12, EncoderTheta:97.76, EncoderVelocity:-2.54, K:10.00, B:0.50
[2026-06-01 04:51:31,821] DEBUG: No valid transitions from state swing
[2026-06-01 04:51:31,821] WARNING: Velocity attribute does not use the linearization map. Please calculate the velocity using the position attribute.
[2026-06-01 04:51:31,826] INFO: T:18.880, State:swing, Fz:1.22, ThetaRef:60.00, ThetaActual:3.12, EncoderTheta:97.73, EncoderVelocity:-2.64, K:10.00, B:0.50
[2026-06-01 04:51:31,829] DEBUG: No valid transitions from state swing
[2026-06-01 04:51:31,829] WARNING: Velocity attribute does not use the linearization map. Please calculate the velocity using the position attribute.
[2026-06-01 04:51:31,834] INFO: T:18.888, State:swing, Fz:-0.86, ThetaRef:60.00, ThetaActual:3.12, EncoderTheta:97.80, EncoderVelocity:8.09, K:10.00, B:0.50
[2026-06-01 04:51:31,837] DEBUG: No valid transitions from state swing
[2026-06-01 04:51:31,837] WARNING: Velocity attribute does not use the linearization map. Please calculate the velocity using the position attribute.
[2026-06-01 04:51:31,843] INFO: T:18.896, State:swing, Fz:-9.45, ThetaRef:60.00, ThetaActual:3.12, EncoderTheta:97.95, EncoderVelocity:18.75, K:10.00, B:0.50
[2026-06-01 04:51:31,845] DEBUG: No valid transitions from state swing
[2026-06-01 04:51:31,845] WARNING: Velocity attribute does not use the linearization map. Please calculate the velocity using the position attribute.
[2026-06-01 04:51:31,851] INFO: T:18.905, State:swing, Fz:-23.94, ThetaRef:60.00, ThetaActual:3.12, EncoderTheta:98.28, EncoderVelocity:39.84, K:10.00, B:0.50
[2026-06-01 04:51:31,854] WARNING: Velocity attribute does not use the linearization map. Please calculate the velocity using the position attribute.
[2026-06-01 04:51:31,859] INFO: T:18.913, State:stance, Fz:-44.90, ThetaRef:5.00, ThetaActual:3.11, EncoderTheta:98.57, EncoderVelocity:34.47, K:500.00, B:20.00
[2026-06-01 04:51:31,862] DEBUG: No valid transitions from state stance
[2026-06-01 04:51:31,862] WARNING: Velocity attribute does not use the linearization map. Please calculate the velocity using the position attribute.
[2026-06-01 04:51:31,867] INFO: T:18.921, State:stance, Fz:-69.02, ThetaRef:5.00, ThetaActual:3.08, EncoderTheta:98.68, EncoderVelocity:13.54, K:500.00, B:20.00
[2026-06-01 04:51:31,870] DEBUG: No valid transitions from state stance
[2026-06-01 04:51:31,870] WARNING: Velocity attribute does not use the linearization map. Please calculate the velocity using the position attribute.
[2026-06-01 04:51:31,876] INFO: T:18.929, State:stance, Fz:-81.43, ThetaRef:5.00, ThetaActual:3.03, EncoderTheta:98.81, EncoderVelocity:16.04, K:500.00, B:20.00
[2026-06-01 04:51:31,878] DEBUG: No valid transitions from state stance
[2026-06-01 04:51:31,878] WARNING: Velocity attribute does not use the linearization map. Please calculate the velocity using the position attribute.
[2026-06-01 04:51:31,884] INFO: T:18.937, State:stance, Fz:-73.31, ThetaRef:5.00, ThetaActual:2.71, EncoderTheta:98.99, EncoderVelocity:21.22, K:500.00, B:20.00
[2026-06-01 04:51:31,886] DEBUG: No valid transitions from state stance
[2026-06-01 04:51:31,887] WARNING: Velocity attribute does not use the linearization map. Please calculate the velocity using the position attribute.
[2026-06-01 04:51:31,892] INFO: T:18.946, State:stance, Fz:-60.96, ThetaRef:5.00, ThetaActual:2.10, EncoderTheta:99.25, EncoderVelocity:31.83, K:500.00, B:20.00
[2026-06-01 04:51:31,895] DEBUG: No valid transitions from state stance
[2026-06-01 04:51:31,895] WARNING: Velocity attribute does not use the linearization map. Please calculate the velocity using the position attribute.
[2026-06-01 04:51:31,900] INFO: T:18.954, State:stance, Fz:-57.57, ThetaRef:5.00, ThetaActual:1.81, EncoderTheta:99.54, EncoderVelocity:34.50, K:500.00, B:20.00
[2026-06-01 04:51:31,903] DEBUG: No valid transitions from state stance
[2026-06-01 04:51:31,903] WARNING: Velocity attribute does not use the linearization map. Please calculate the velocity using the position attribute.
[2026-06-01 04:51:31,909] INFO: T:18.962, State:stance, Fz:-52.56, ThetaRef:5.00, ThetaActual:1.37, EncoderTheta:99.82, EncoderVelocity:34.67, K:500.00, B:20.00
[2026-06-01 04:51:31,911] DEBUG: No valid transitions from state stance
[2026-06-01 04:51:31,911] WARNING: Velocity attribute does not use the linearization map. Please calculate the velocity using the position attribute.
[2026-06-01 04:51:31,917] INFO: T:18.971, State:stance, Fz:-56.30, ThetaRef:5.00, ThetaActual:1.11, EncoderTheta:100.06, EncoderVelocity:29.06, K:500.00, B:20.00
[2026-06-01 04:51:31,920] DEBUG: No valid transitions from state stance
[2026-06-01 04:51:31,920] WARNING: Velocity attribute does not use the linearization map. Please calculate the velocity using the position attribute.
[2026-06-01 04:51:31,925] INFO: T:18.979, State:stance, Fz:-89.32, ThetaRef:5.00, ThetaActual:0.99, EncoderTheta:100.09, EncoderVelocity:2.68, K:500.00, B:20.00
[2026-06-01 04:51:31,928] DEBUG: No valid transitions from state stance
[2026-06-01 04:51:31,928] WARNING: Velocity attribute does not use the linearization map. Please calculate the velocity using the position attribute.
[2026-06-01 04:51:31,934] INFO: T:18.987, State:stance, Fz:-110.38, ThetaRef:5.00, ThetaActual:0.81, EncoderTheta:100.06, EncoderVelocity:-2.64, K:500.00, B:20.00
[2026-06-01 04:51:31,936] DEBUG: No valid transitions from state stance
[2026-06-01 04:51:31,936] WARNING: Velocity attribute does not use the linearization map. Please calculate the velocity using the position attribute.
[2026-06-01 04:51:31,942] INFO: T:18.995, State:stance, Fz:-112.39, ThetaRef:5.00, ThetaActual:0.70, EncoderTheta:100.04, EncoderVelocity:-2.68, K:500.00, B:20.00
[2026-06-01 04:51:31,945] DEBUG: No valid transitions from state stance
[2026-06-01 04:51:31,945] WARNING: Velocity attribute does not use the linearization map. Please calculate the velocity using the position attribute.
[2026-06-01 04:51:31,950] INFO: T:19.004, State:stance, Fz:-112.86, ThetaRef:5.00, ThetaActual:0.67, EncoderTheta:100.11, EncoderVelocity:7.70, K:500.00, B:20.00
[2026-06-01 04:51:31,953] DEBUG: No valid transitions from state stance
[2026-06-01 04:51:31,953] WARNING: Velocity attribute does not use the linearization map. Please calculate the velocity using the position attribute.
[2026-06-01 04:51:31,959] INFO: T:19.012, State:stance, Fz:-117.15, ThetaRef:5.00, ThetaActual:0.63, EncoderTheta:100.04, EncoderVelocity:-7.94, K:500.00, B:20.00
[2026-06-01 04:51:31,961] DEBUG: No valid transitions from state stance
[2026-06-01 04:51:31,961] WARNING: Velocity attribute does not use the linearization map. Please calculate the velocity using the position attribute.
[2026-06-01 04:51:31,967] INFO: T:19.020, State:stance, Fz:-112.01, ThetaRef:5.00, ThetaActual:0.62, EncoderTheta:100.09, EncoderVelocity:5.34, K:500.00, B:20.00
[2026-06-01 04:51:31,969] DEBUG: No valid transitions from state stance
[2026-06-01 04:51:31,969] WARNING: Velocity attribute does not use the linearization map. Please calculate the velocity using the position attribute.
[2026-06-01 04:51:31,975] INFO: T:19.029, State:stance, Fz:-115.08, ThetaRef:5.00, ThetaActual:0.62, EncoderTheta:100.09, EncoderVelocity:0.00, K:500.00, B:20.00
[2026-06-01 04:51:31,978] DEBUG: No valid transitions from state stance
[2026-06-01 04:51:31,978] WARNING: Velocity attribute does not use the linearization map. Please calculate the velocity using the position attribute.
[2026-06-01 04:51:31,983] INFO: T:19.037, State:stance, Fz:-126.43, ThetaRef:5.00, ThetaActual:0.62, EncoderTheta:100.13, EncoderVelocity:5.29, K:500.00, B:20.00
[2026-06-01 04:51:31,986] DEBUG: No valid transitions from state stance
[2026-06-01 04:51:31,986] WARNING: Velocity attribute does not use the linearization map. Please calculate the velocity using the position attribute.
[2026-06-01 04:51:31,992] INFO: T:19.045, State:stance, Fz:-138.13, ThetaRef:5.00, ThetaActual:0.62, EncoderTheta:100.11, EncoderVelocity:-2.66, K:500.00, B:20.00
[2026-06-01 04:51:31,994] DEBUG: No valid transitions from state stance
[2026-06-01 04:51:31,994] WARNING: Velocity attribute does not use the linearization map. Please calculate the velocity using the position attribute.
[2026-06-01 04:51:32,000] INFO: T:19.053, State:stance, Fz:-145.97, ThetaRef:5.00, ThetaActual:0.61, EncoderTheta:100.06, EncoderVelocity:-5.36, K:500.00, B:20.00
[2026-06-01 04:51:32,003] DEBUG: No valid transitions from state stance
[2026-06-01 04:51:32,003] WARNING: Velocity attribute does not use the linearization map. Please calculate the velocity using the position attribute.
[2026-06-01 04:51:32,008] INFO: T:19.062, State:stance, Fz:-149.94, ThetaRef:5.00, ThetaActual:0.60, EncoderTheta:100.09, EncoderVelocity:2.59, K:500.00, B:20.00
[2026-06-01 04:51:32,011] DEBUG: No valid transitions from state stance
[2026-06-01 04:51:32,011] WARNING: Velocity attribute does not use the linearization map. Please calculate the velocity using the position attribute.
[2026-06-01 04:51:32,017] INFO: T:19.070, State:stance, Fz:-154.93, ThetaRef:5.00, ThetaActual:0.60, EncoderTheta:100.09, EncoderVelocity:0.00, K:500.00, B:20.00
[2026-06-01 04:51:32,019] DEBUG: No valid transitions from state stance
[2026-06-01 04:51:32,019] WARNING: Velocity attribute does not use the linearization map. Please calculate the velocity using the position attribute.
[2026-06-01 04:51:32,025] INFO: T:19.078, State:stance, Fz:-159.78, ThetaRef:5.00, ThetaActual:0.60, EncoderTheta:100.09, EncoderVelocity:0.00, K:500.00, B:20.00
[2026-06-01 04:51:32,027] DEBUG: No valid transitions from state stance
[2026-06-01 04:51:32,028] WARNING: Velocity attribute does not use the linearization map. Please calculate the velocity using the position attribute.
[2026-06-01 04:51:32,033] INFO: T:19.087, State:stance, Fz:-167.94, ThetaRef:5.00, ThetaActual:0.60, EncoderTheta:100.09, EncoderVelocity:0.00, K:500.00, B:20.00
[2026-06-01 04:51:32,036] DEBUG: No valid transitions from state stance
[2026-06-01 04:51:32,036] WARNING: Velocity attribute does not use the linearization map. Please calculate the velocity using the position attribute.
[2026-06-01 04:51:32,041] INFO: T:19.095, State:stance, Fz:-179.17, ThetaRef:5.00, ThetaActual:0.60, EncoderTheta:100.04, EncoderVelocity:-5.32, K:500.00, B:20.00
[2026-06-01 04:51:32,044] DEBUG: No valid transitions from state stance
[2026-06-01 04:51:32,044] WARNING: Velocity attribute does not use the linearization map. Please calculate the velocity using the position attribute.
[2026-06-01 04:51:32,050] INFO: T:19.103, State:stance, Fz:-187.25, ThetaRef:5.00, ThetaActual:0.60, EncoderTheta:100.11, EncoderVelocity:8.00, K:500.00, B:20.00
[2026-06-01 04:51:32,052] DEBUG: No valid transitions from state stance
[2026-06-01 04:51:32,052] WARNING: Velocity attribute does not use the linearization map. Please calculate the velocity using the position attribute.
[2026-06-01 04:51:32,058] INFO: T:19.111, State:stance, Fz:-194.83, ThetaRef:5.00, ThetaActual:0.60, EncoderTheta:100.06, EncoderVelocity:-5.33, K:500.00, B:20.00
[2026-06-01 04:51:32,060] DEBUG: No valid transitions from state stance
[2026-06-01 04:51:32,061] WARNING: Velocity attribute does not use the linearization map. Please calculate the velocity using the position attribute.
[2026-06-01 04:51:32,066] INFO: T:19.120, State:stance, Fz:-201.61, ThetaRef:5.00, ThetaActual:0.60, EncoderTheta:100.06, EncoderVelocity:0.00, K:500.00, B:20.00
[2026-06-01 04:51:32,069] DEBUG: No valid transitions from state stance
[2026-06-01 04:51:32,069] WARNING: Velocity attribute does not use the linearization map. Please calculate the velocity using the position attribute.
[2026-06-01 04:51:32,074] INFO: T:19.128, State:stance, Fz:-207.31, ThetaRef:5.00, ThetaActual:0.60, EncoderTheta:100.11, EncoderVelocity:5.34, K:500.00, B:20.00
[2026-06-01 04:51:32,077] DEBUG: No valid transitions from state stance
[2026-06-01 04:51:32,077] WARNING: Velocity attribute does not use the linearization map. Please calculate the velocity using the position attribute.
[2026-06-01 04:51:32,083] INFO: T:19.136, State:stance, Fz:-216.63, ThetaRef:5.00, ThetaActual:0.60, EncoderTheta:100.09, EncoderVelocity:-2.63, K:500.00, B:20.00
[2026-06-01 04:51:32,085] DEBUG: No valid transitions from state stance
[2026-06-01 04:51:32,086] WARNING: Velocity attribute does not use the linearization map. Please calculate the velocity using the position attribute.
[2026-06-01 04:51:32,091] INFO: T:19.145, State:stance, Fz:-225.75, ThetaRef:5.00, ThetaActual:0.60, EncoderTheta:100.09, EncoderVelocity:0.00, K:500.00, B:20.00
[2026-06-01 04:51:32,094] DEBUG: No valid transitions from state stance
[2026-06-01 04:51:32,094] WARNING: Velocity attribute does not use the linearization map. Please calculate the velocity using the position attribute.
[2026-06-01 04:51:32,100] INFO: T:19.153, State:stance, Fz:-234.66, ThetaRef:5.00, ThetaActual:0.60, EncoderTheta:100.09, EncoderVelocity:0.00, K:500.00, B:20.00
[2026-06-01 04:51:32,102] DEBUG: No valid transitions from state stance
[2026-06-01 04:51:32,102] WARNING: Velocity attribute does not use the linearization map. Please calculate the velocity using the position attribute.
[2026-06-01 04:51:32,108] INFO: T:19.161, State:stance, Fz:-244.93, ThetaRef:5.00, ThetaActual:0.60, EncoderTheta:100.15, EncoderVelocity:7.91, K:500.00, B:20.00
[2026-06-01 04:51:32,110] DEBUG: No valid transitions from state stance
[2026-06-01 04:51:32,111] WARNING: Velocity attribute does not use the linearization map. Please calculate the velocity using the position attribute.
[2026-06-01 04:51:32,116] INFO: T:19.170, State:stance, Fz:-255.23, ThetaRef:5.00, ThetaActual:0.60, EncoderTheta:100.06, EncoderVelocity:-10.60, K:500.00, B:20.00
[2026-06-01 04:51:32,119] DEBUG: No valid transitions from state stance
[2026-06-01 04:51:32,119] WARNING: Velocity attribute does not use the linearization map. Please calculate the velocity using the position attribute.
[2026-06-01 04:51:32,124] INFO: T:19.178, State:stance, Fz:-265.57, ThetaRef:5.00, ThetaActual:0.60, EncoderTheta:100.13, EncoderVelocity:7.97, K:500.00, B:20.00
[2026-06-01 04:51:32,127] DEBUG: No valid transitions from state stance
[2026-06-01 04:51:32,127] WARNING: Velocity attribute does not use the linearization map. Please calculate the velocity using the position attribute.
[2026-06-01 04:51:32,133] INFO: T:19.186, State:stance, Fz:-273.98, ThetaRef:5.00, ThetaActual:0.60, EncoderTheta:100.11, EncoderVelocity:-2.63, K:500.00, B:20.00
[2026-06-01 04:51:32,135] DEBUG: No valid transitions from state stance
[2026-06-01 04:51:32,136] WARNING: Velocity attribute does not use the linearization map. Please calculate the velocity using the position attribute.
[2026-06-01 04:51:32,141] INFO: T:19.195, State:stance, Fz:-281.90, ThetaRef:5.00, ThetaActual:0.60, EncoderTheta:100.09, EncoderVelocity:-2.64, K:500.00, B:20.00
[2026-06-01 04:51:32,144] DEBUG: No valid transitions from state stance
[2026-06-01 04:51:32,144] WARNING: Velocity attribute does not use the linearization map. Please calculate the velocity using the position attribute.
[2026-06-01 04:51:32,149] INFO: T:19.203, State:stance, Fz:-293.36, ThetaRef:5.00, ThetaActual:0.60, EncoderTheta:100.11, EncoderVelocity:2.67, K:500.00, B:20.00
[2026-06-01 04:51:32,152] DEBUG: No valid transitions from state stance
[2026-06-01 04:51:32,152] WARNING: Velocity attribute does not use the linearization map. Please calculate the velocity using the position attribute.
[2026-06-01 04:51:32,157] INFO: T:19.211, State:stance, Fz:-305.07, ThetaRef:5.00, ThetaActual:0.60, EncoderTheta:100.09, EncoderVelocity:-2.70, K:500.00, B:20.00
[2026-06-01 04:51:32,160] DEBUG: No valid transitions from state stance
[2026-06-01 04:51:32,160] WARNING: Velocity attribute does not use the linearization map. Please calculate the velocity using the position attribute.
[2026-06-01 04:51:32,166] INFO: T:19.219, State:stance, Fz:-318.99, ThetaRef:5.00, ThetaActual:0.60, EncoderTheta:100.06, EncoderVelocity:-2.66, K:500.00, B:20.00
[2026-06-01 04:51:32,168] DEBUG: No valid transitions from state stance
[2026-06-01 04:51:32,168] WARNING: Velocity attribute does not use the linearization map. Please calculate the velocity using the position attribute.
[2026-06-01 04:51:32,174] INFO: T:19.228, State:stance, Fz:-330.60, ThetaRef:5.00, ThetaActual:0.60, EncoderTheta:100.13, EncoderVelocity:8.02, K:500.00, B:20.00
[2026-06-01 04:51:32,177] DEBUG: No valid transitions from state stance
[2026-06-01 04:51:32,177] WARNING: Velocity attribute does not use the linearization map. Please calculate the velocity using the position attribute.
[2026-06-01 04:51:32,182] INFO: T:19.236, State:stance, Fz:-342.45, ThetaRef:5.00, ThetaActual:0.59, EncoderTheta:100.13, EncoderVelocity:0.00, K:500.00, B:20.00
[2026-06-01 04:51:32,185] DEBUG: No valid transitions from state stance
[2026-06-01 04:51:32,185] WARNING: Velocity attribute does not use the linearization map. Please calculate the velocity using the position attribute.
[2026-06-01 04:51:32,190] INFO: T:19.244, State:stance, Fz:-353.43, ThetaRef:5.00, ThetaActual:0.59, EncoderTheta:100.11, EncoderVelocity:-2.68, K:500.00, B:20.00
[2026-06-01 04:51:32,193] DEBUG: No valid transitions from state stance
[2026-06-01 04:51:32,193] WARNING: Velocity attribute does not use the linearization map. Please calculate the velocity using the position attribute.
[2026-06-01 04:51:32,199] INFO: T:19.252, State:stance, Fz:-365.33, ThetaRef:5.00, ThetaActual:0.59, EncoderTheta:100.04, EncoderVelocity:-8.02, K:500.00, B:20.00
[2026-06-01 04:51:32,201] DEBUG: No valid transitions from state stance
[2026-06-01 04:51:32,201] WARNING: Velocity attribute does not use the linearization map. Please calculate the velocity using the position attribute.
[2026-06-01 04:51:32,207] INFO: T:19.261, State:stance, Fz:-377.36, ThetaRef:5.00, ThetaActual:0.59, EncoderTheta:100.06, EncoderVelocity:2.65, K:500.00, B:20.00
[2026-06-01 04:51:32,210] DEBUG: No valid transitions from state stance
[2026-06-01 04:51:32,210] WARNING: Velocity attribute does not use the linearization map. Please calculate the velocity using the position attribute.
[2026-06-01 04:51:32,215] INFO: T:19.269, State:stance, Fz:-387.57, ThetaRef:5.00, ThetaActual:0.59, EncoderTheta:100.11, EncoderVelocity:5.31, K:500.00, B:20.00
[2026-06-01 04:51:32,218] DEBUG: No valid transitions from state stance
[2026-06-01 04:51:32,218] WARNING: Velocity attribute does not use the linearization map. Please calculate the velocity using the position attribute.
[2026-06-01 04:51:32,224] INFO: T:19.277, State:stance, Fz:-399.80, ThetaRef:5.00, ThetaActual:0.59, EncoderTheta:100.09, EncoderVelocity:-2.62, K:500.00, B:20.00
[2026-06-01 04:51:32,226] DEBUG: No valid transitions from state stance
[2026-06-01 04:51:32,226] WARNING: Velocity attribute does not use the linearization map. Please calculate the velocity using the position attribute.
[2026-06-01 04:51:32,232] INFO: T:19.285, State:stance, Fz:-411.13, ThetaRef:5.00, ThetaActual:0.59, EncoderTheta:100.13, EncoderVelocity:5.31, K:500.00, B:20.00
[2026-06-01 04:51:32,234] DEBUG: No valid transitions from state stance
[2026-06-01 04:51:32,235] WARNING: Velocity attribute does not use the linearization map. Please calculate the velocity using the position attribute.
[2026-06-01 04:51:32,240] INFO: T:19.294, State:stance, Fz:-428.29, ThetaRef:5.00, ThetaActual:0.59, EncoderTheta:100.15, EncoderVelocity:2.67, K:500.00, B:20.00
[2026-06-01 04:51:32,243] DEBUG: No valid transitions from state stance
[2026-06-01 04:51:32,243] WARNING: Velocity attribute does not use the linearization map. Please calculate the velocity using the position attribute.
[2026-06-01 04:51:32,248] INFO: T:19.302, State:stance, Fz:-448.88, ThetaRef:5.00, ThetaActual:0.59, EncoderTheta:100.11, EncoderVelocity:-5.31, K:500.00, B:20.00
[2026-06-01 04:51:32,251] DEBUG: No valid transitions from state stance
[2026-06-01 04:51:32,251] WARNING: Velocity attribute does not use the linearization map. Please calculate the velocity using the position attribute.
[2026-06-01 04:51:32,257] INFO: T:19.310, State:stance, Fz:-465.55, ThetaRef:5.00, ThetaActual:0.58, EncoderTheta:100.17, EncoderVelocity:7.98, K:500.00, B:20.00
[2026-06-01 04:51:32,259] DEBUG: No valid transitions from state stance
[2026-06-01 04:51:32,259] WARNING: Velocity attribute does not use the linearization map. Please calculate the velocity using the position attribute.
[2026-06-01 04:51:32,265] INFO: T:19.319, State:stance, Fz:-483.20, ThetaRef:5.00, ThetaActual:0.58, EncoderTheta:100.15, EncoderVelocity:-2.65, K:500.00, B:20.00
[2026-06-01 04:51:32,268] DEBUG: No valid transitions from state stance
[2026-06-01 04:51:32,268] WARNING: Velocity attribute does not use the linearization map. Please calculate the velocity using the position attribute.
[2026-06-01 04:51:32,273] INFO: T:19.327, State:stance, Fz:-495.18, ThetaRef:5.00, ThetaActual:0.56, EncoderTheta:100.15, EncoderVelocity:0.00, K:500.00, B:20.00
[2026-06-01 04:51:32,276] DEBUG: No valid transitions from state stance
[2026-06-01 04:51:32,276] WARNING: Velocity attribute does not use the linearization map. Please calculate the velocity using the position attribute.
[2026-06-01 04:51:32,281] INFO: T:19.335, State:stance, Fz:-505.36, ThetaRef:5.00, ThetaActual:0.56, EncoderTheta:100.13, EncoderVelocity:-2.64, K:500.00, B:20.00
[2026-06-01 04:51:32,284] DEBUG: No valid transitions from state stance
[2026-06-01 04:51:32,284] WARNING: Velocity attribute does not use the linearization map. Please calculate the velocity using the position attribute.
[2026-06-01 04:51:32,290] INFO: T:19.343, State:stance, Fz:-515.07, ThetaRef:5.00, ThetaActual:0.56, EncoderTheta:100.17, EncoderVelocity:5.33, K:500.00, B:20.00
[2026-06-01 04:51:32,292] DEBUG: No valid transitions from state stance
[2026-06-01 04:51:32,292] WARNING: Velocity attribute does not use the linearization map. Please calculate the velocity using the position attribute.
[2026-06-01 04:51:32,298] INFO: T:19.352, State:stance, Fz:-518.47, ThetaRef:5.00, ThetaActual:0.56, EncoderTheta:100.13, EncoderVelocity:-5.35, K:500.00, B:20.00
[2026-06-01 04:51:32,300] DEBUG: No valid transitions from state stance
[2026-06-01 04:51:32,301] WARNING: Velocity attribute does not use the linearization map. Please calculate the velocity using the position attribute.
[2026-06-01 04:51:32,306] INFO: T:19.360, State:stance, Fz:-522.52, ThetaRef:5.00, ThetaActual:0.56, EncoderTheta:100.15, EncoderVelocity:2.69, K:500.00, B:20.00
[2026-06-01 04:51:32,309] DEBUG: No valid transitions from state stance
[2026-06-01 04:51:32,309] WARNING: Velocity attribute does not use the linearization map. Please calculate the velocity using the position attribute.
[2026-06-01 04:51:32,314] INFO: T:19.368, State:stance, Fz:-524.09, ThetaRef:5.00, ThetaActual:0.56, EncoderTheta:100.20, EncoderVelocity:5.29, K:500.00, B:20.00
[2026-06-01 04:51:32,317] DEBUG: No valid transitions from state stance
[2026-06-01 04:51:32,317] WARNING: Velocity attribute does not use the linearization map. Please calculate the velocity using the position attribute.
[2026-06-01 04:51:32,323] INFO: T:19.376, State:stance, Fz:-525.77, ThetaRef:5.00, ThetaActual:0.56, EncoderTheta:100.11, EncoderVelocity:-10.66, K:500.00, B:20.00
[2026-06-01 04:51:32,325] DEBUG: No valid transitions from state stance
[2026-06-01 04:51:32,325] WARNING: Velocity attribute does not use the linearization map. Please calculate the velocity using the position attribute.
[2026-06-01 04:51:32,331] INFO: T:19.384, State:stance, Fz:-527.10, ThetaRef:5.00, ThetaActual:0.56, EncoderTheta:100.17, EncoderVelocity:8.00, K:500.00, B:20.00
[2026-06-01 04:51:32,334] DEBUG: No valid transitions from state stance
[2026-06-01 04:51:32,334] WARNING: Velocity attribute does not use the linearization map. Please calculate the velocity using the position attribute.
[2026-06-01 04:51:32,339] INFO: T:19.393, State:stance, Fz:-527.11, ThetaRef:5.00, ThetaActual:0.56, EncoderTheta:100.13, EncoderVelocity:-5.31, K:500.00, B:20.00
[2026-06-01 04:51:32,342] DEBUG: No valid transitions from state stance
[2026-06-01 04:51:32,342] WARNING: Velocity attribute does not use the linearization map. Please calculate the velocity using the position attribute.
[2026-06-01 04:51:32,348] INFO: T:19.401, State:stance, Fz:-528.63, ThetaRef:5.00, ThetaActual:0.56, EncoderTheta:100.17, EncoderVelocity:5.34, K:500.00, B:20.00
[2026-06-01 04:51:32,350] DEBUG: No valid transitions from state stance
[2026-06-01 04:51:32,350] WARNING: Velocity attribute does not use the linearization map. Please calculate the velocity using the position attribute.
[2026-06-01 04:51:32,356] INFO: T:19.409, State:stance, Fz:-533.28, ThetaRef:5.00, ThetaActual:0.56, EncoderTheta:100.20, EncoderVelocity:2.60, K:500.00, B:20.00
[2026-06-01 04:51:32,359] DEBUG: No valid transitions from state stance
[2026-06-01 04:51:32,359] WARNING: Velocity attribute does not use the linearization map. Please calculate the velocity using the position attribute.
[2026-06-01 04:51:32,364] INFO: T:19.418, State:stance, Fz:-539.32, ThetaRef:5.00, ThetaActual:0.56, EncoderTheta:100.13, EncoderVelocity:-7.96, K:500.00, B:20.00
[2026-06-01 04:51:32,367] DEBUG: No valid transitions from state stance
[2026-06-01 04:51:32,367] WARNING: Velocity attribute does not use the linearization map. Please calculate the velocity using the position attribute.
[2026-06-01 04:51:32,372] INFO: T:19.426, State:stance, Fz:-545.47, ThetaRef:5.00, ThetaActual:0.56, EncoderTheta:100.22, EncoderVelocity:10.66, K:500.00, B:20.00
[2026-06-01 04:51:32,375] DEBUG: No valid transitions from state stance
[2026-06-01 04:51:32,375] WARNING: Velocity attribute does not use the linearization map. Please calculate the velocity using the position attribute.
[2026-06-01 04:51:32,381] INFO: T:19.434, State:stance, Fz:-549.18, ThetaRef:5.00, ThetaActual:0.56, EncoderTheta:100.15, EncoderVelocity:-7.91, K:500.00, B:20.00
[2026-06-01 04:51:32,383] DEBUG: No valid transitions from state stance
[2026-06-01 04:51:32,383] WARNING: Velocity attribute does not use the linearization map. Please calculate the velocity using the position attribute.
[2026-06-01 04:51:32,389] INFO: T:19.443, State:stance, Fz:-557.95, ThetaRef:5.00, ThetaActual:0.56, EncoderTheta:100.15, EncoderVelocity:0.00, K:500.00, B:20.00
[2026-06-01 04:51:32,392] DEBUG: No valid transitions from state stance
[2026-06-01 04:51:32,392] WARNING: Velocity attribute does not use the linearization map. Please calculate the velocity using the position attribute.
[2026-06-01 04:51:32,397] INFO: T:19.451, State:stance, Fz:-563.66, ThetaRef:5.00, ThetaActual:0.56, EncoderTheta:100.20, EncoderVelocity:5.29, K:500.00, B:20.00
[2026-06-01 04:51:32,400] DEBUG: No valid transitions from state stance
[2026-06-01 04:51:32,400] WARNING: Velocity attribute does not use the linearization map. Please calculate the velocity using the position attribute.
[2026-06-01 04:51:32,405] INFO: T:19.459, State:stance, Fz:-571.00, ThetaRef:5.00, ThetaActual:0.56, EncoderTheta:100.20, EncoderVelocity:0.00, K:500.00, B:20.00
[2026-06-01 04:51:32,408] DEBUG: No valid transitions from state stance
[2026-06-01 04:51:32,408] WARNING: Velocity attribute does not use the linearization map. Please calculate the velocity using the position attribute.
[2026-06-01 04:51:32,414] INFO: T:19.467, State:stance, Fz:-578.59, ThetaRef:5.00, ThetaActual:0.56, EncoderTheta:100.13, EncoderVelocity:-7.94, K:500.00, B:20.00
[2026-06-01 04:51:32,416] DEBUG: No valid transitions from state stance
[2026-06-01 04:51:32,417] WARNING: Velocity attribute does not use the linearization map. Please calculate the velocity using the position attribute.
[2026-06-01 04:51:32,422] INFO: T:19.476, State:stance, Fz:-582.91, ThetaRef:5.00, ThetaActual:0.56, EncoderTheta:100.15, EncoderVelocity:2.65, K:500.00, B:20.00
[2026-06-01 04:51:32,425] DEBUG: No valid transitions from state stance
[2026-06-01 04:51:32,425] WARNING: Velocity attribute does not use the linearization map. Please calculate the velocity using the position attribute.
[2026-06-01 04:51:32,430] INFO: T:19.484, State:stance, Fz:-589.11, ThetaRef:5.00, ThetaActual:0.56, EncoderTheta:100.17, EncoderVelocity:2.65, K:500.00, B:20.00
[2026-06-01 04:51:32,433] DEBUG: No valid transitions from state stance
[2026-06-01 04:51:32,433] WARNING: Velocity attribute does not use the linearization map. Please calculate the velocity using the position attribute.
[2026-06-01 04:51:32,439] INFO: T:19.492, State:stance, Fz:-592.87, ThetaRef:5.00, ThetaActual:0.56, EncoderTheta:100.20, EncoderVelocity:2.65, K:500.00, B:20.00
[2026-06-01 04:51:32,441] DEBUG: No valid transitions from state stance
[2026-06-01 04:51:32,441] WARNING: Velocity attribute does not use the linearization map. Please calculate the velocity using the position attribute.
[2026-06-01 04:51:32,447] INFO: T:19.501, State:stance, Fz:-597.25, ThetaRef:5.00, ThetaActual:0.56, EncoderTheta:100.17, EncoderVelocity:-2.65, K:500.00, B:20.00
[2026-06-01 04:51:32,450] DEBUG: No valid transitions from state stance
[2026-06-01 04:51:32,450] WARNING: Velocity attribute does not use the linearization map. Please calculate the velocity using the position attribute.
[2026-06-01 04:51:32,455] INFO: T:19.509, State:stance, Fz:-600.08, ThetaRef:5.00, ThetaActual:0.56, EncoderTheta:100.13, EncoderVelocity:-5.32, K:500.00, B:20.00
[2026-06-01 04:51:32,458] DEBUG: No valid transitions from state stance
[2026-06-01 04:51:32,458] WARNING: Velocity attribute does not use the linearization map. Please calculate the velocity using the position attribute.
[2026-06-01 04:51:32,463] INFO: T:19.517, State:stance, Fz:-602.70, ThetaRef:5.00, ThetaActual:0.56, EncoderTheta:100.20, EncoderVelocity:8.02, K:500.00, B:20.00
[2026-06-01 04:51:32,466] DEBUG: No valid transitions from state stance
[2026-06-01 04:51:32,466] WARNING: Velocity attribute does not use the linearization map. Please calculate the velocity using the position attribute.
[2026-06-01 04:51:32,472] INFO: T:19.525, State:stance, Fz:-604.72, ThetaRef:5.00, ThetaActual:0.56, EncoderTheta:100.20, EncoderVelocity:0.00, K:500.00, B:20.00
[2026-06-01 04:51:32,475] DEBUG: No valid transitions from state stance
[2026-06-01 04:51:32,475] WARNING: Velocity attribute does not use the linearization map. Please calculate the velocity using the position attribute.
[2026-06-01 04:51:32,480] INFO: T:19.534, State:stance, Fz:-606.72, ThetaRef:5.00, ThetaActual:0.56, EncoderTheta:100.13, EncoderVelocity:-7.84, K:500.00, B:20.00
[2026-06-01 04:51:32,483] DEBUG: No valid transitions from state stance
[2026-06-01 04:51:32,483] WARNING: Velocity attribute does not use the linearization map. Please calculate the velocity using the position attribute.
[2026-06-01 04:51:32,489] INFO: T:19.542, State:stance, Fz:-607.75, ThetaRef:5.00, ThetaActual:0.56, EncoderTheta:100.17, EncoderVelocity:5.23, K:500.00, B:20.00
[2026-06-01 04:51:32,491] DEBUG: No valid transitions from state stance
[2026-06-01 04:51:32,491] WARNING: Velocity attribute does not use the linearization map. Please calculate the velocity using the position attribute.
[2026-06-01 04:51:32,497] INFO: T:19.550, State:stance, Fz:-608.56, ThetaRef:5.00, ThetaActual:0.56, EncoderTheta:100.17, EncoderVelocity:0.00, K:500.00, B:20.00
[2026-06-01 04:51:32,500] DEBUG: No valid transitions from state stance
[2026-06-01 04:51:32,500] WARNING: Velocity attribute does not use the linearization map. Please calculate the velocity using the position attribute.
[2026-06-01 04:51:32,505] INFO: T:19.559, State:stance, Fz:-606.69, ThetaRef:5.00, ThetaActual:0.56, EncoderTheta:100.17, EncoderVelocity:0.00, K:500.00, B:20.00
[2026-06-01 04:51:32,508] DEBUG: No valid transitions from state stance
[2026-06-01 04:51:32,508] WARNING: Velocity attribute does not use the linearization map. Please calculate the velocity using the position attribute.
[2026-06-01 04:51:32,513] INFO: T:19.567, State:stance, Fz:-608.20, ThetaRef:5.00, ThetaActual:0.56, EncoderTheta:100.17, EncoderVelocity:0.00, K:500.00, B:20.00
[2026-06-01 04:51:32,516] DEBUG: No valid transitions from state stance
[2026-06-01 04:51:32,516] WARNING: Velocity attribute does not use the linearization map. Please calculate the velocity using the position attribute.
[2026-06-01 04:51:32,522] INFO: T:19.575, State:stance, Fz:-607.88, ThetaRef:5.00, ThetaActual:0.56, EncoderTheta:100.15, EncoderVelocity:-2.65, K:500.00, B:20.00
[2026-06-01 04:51:32,524] DEBUG: No valid transitions from state stance
[2026-06-01 04:51:32,524] WARNING: Velocity attribute does not use the linearization map. Please calculate the velocity using the position attribute.
[2026-06-01 04:51:32,530] INFO: T:19.584, State:stance, Fz:-607.15, ThetaRef:5.00, ThetaActual:0.56, EncoderTheta:100.20, EncoderVelocity:5.32, K:500.00, B:20.00
[2026-06-01 04:51:32,533] DEBUG: No valid transitions from state stance
[2026-06-01 04:51:32,533] WARNING: Velocity attribute does not use the linearization map. Please calculate the velocity using the position attribute.
[2026-06-01 04:51:32,538] INFO: T:19.592, State:stance, Fz:-608.58, ThetaRef:5.00, ThetaActual:0.56, EncoderTheta:100.22, EncoderVelocity:2.64, K:500.00, B:20.00
[2026-06-01 04:51:32,541] DEBUG: No valid transitions from state stance
[2026-06-01 04:51:32,541] WARNING: Velocity attribute does not use the linearization map. Please calculate the velocity using the position attribute.
[2026-06-01 04:51:32,547] INFO: T:19.600, State:stance, Fz:-607.25, ThetaRef:5.00, ThetaActual:0.56, EncoderTheta:100.20, EncoderVelocity:-2.67, K:500.00, B:20.00
[2026-06-01 04:51:32,549] DEBUG: No valid transitions from state stance
[2026-06-01 04:51:32,549] WARNING: Velocity attribute does not use the linearization map. Please calculate the velocity using the position attribute.
[2026-06-01 04:51:32,555] INFO: T:19.608, State:stance, Fz:-608.16, ThetaRef:5.00, ThetaActual:0.56, EncoderTheta:100.17, EncoderVelocity:-2.66, K:500.00, B:20.00
[2026-06-01 04:51:32,558] DEBUG: No valid transitions from state stance
[2026-06-01 04:51:32,558] WARNING: Velocity attribute does not use the linearization map. Please calculate the velocity using the position attribute.
[2026-06-01 04:51:32,563] INFO: T:19.617, State:stance, Fz:-607.92, ThetaRef:5.00, ThetaActual:0.56, EncoderTheta:100.20, EncoderVelocity:2.64, K:500.00, B:20.00
[2026-06-01 04:51:32,566] DEBUG: No valid transitions from state stance
[2026-06-01 04:51:32,566] WARNING: Velocity attribute does not use the linearization map. Please calculate the velocity using the position attribute.
[2026-06-01 04:51:32,571] INFO: T:19.625, State:stance, Fz:-607.74, ThetaRef:5.00, ThetaActual:0.56, EncoderTheta:100.15, EncoderVelocity:-5.29, K:500.00, B:20.00
[2026-06-01 04:51:32,574] DEBUG: No valid transitions from state stance
[2026-06-01 04:51:32,574] WARNING: Velocity attribute does not use the linearization map. Please calculate the velocity using the position attribute.
[2026-06-01 04:51:32,580] INFO: T:19.633, State:stance, Fz:-609.60, ThetaRef:5.00, ThetaActual:0.56, EncoderTheta:100.20, EncoderVelocity:5.31, K:500.00, B:20.00
[2026-06-01 04:51:32,582] DEBUG: No valid transitions from state stance
[2026-06-01 04:51:32,583] WARNING: Velocity attribute does not use the linearization map. Please calculate the velocity using the position attribute.
[2026-06-01 04:51:32,588] INFO: T:19.642, State:stance, Fz:-610.55, ThetaRef:5.00, ThetaActual:0.56, EncoderTheta:100.22, EncoderVelocity:2.62, K:500.00, B:20.00
[2026-06-01 04:51:32,591] DEBUG: No valid transitions from state stance
[2026-06-01 04:51:32,591] WARNING: Velocity attribute does not use the linearization map. Please calculate the velocity using the position attribute.
[2026-06-01 04:51:32,597] INFO: T:19.650, State:stance, Fz:-610.28, ThetaRef:5.00, ThetaActual:0.56, EncoderTheta:100.15, EncoderVelocity:-7.77, K:500.00, B:20.00
[2026-06-01 04:51:32,599] DEBUG: No valid transitions from state stance
[2026-06-01 04:51:32,599] WARNING: Velocity attribute does not use the linearization map. Please calculate the velocity using the position attribute.
[2026-06-01 04:51:32,605] INFO: T:19.659, State:stance, Fz:-613.02, ThetaRef:5.00, ThetaActual:0.56, EncoderTheta:100.15, EncoderVelocity:0.00, K:500.00, B:20.00
[2026-06-01 04:51:32,608] DEBUG: No valid transitions from state stance
[2026-06-01 04:51:32,608] WARNING: Velocity attribute does not use the linearization map. Please calculate the velocity using the position attribute.
[2026-06-01 04:51:32,613] INFO: T:19.667, State:stance, Fz:-614.14, ThetaRef:5.00, ThetaActual:0.56, EncoderTheta:100.20, EncoderVelocity:5.27, K:500.00, B:20.00
[2026-06-01 04:51:32,616] DEBUG: No valid transitions from state stance
[2026-06-01 04:51:32,616] WARNING: Velocity attribute does not use the linearization map. Please calculate the velocity using the position attribute.
[2026-06-01 04:51:32,621] INFO: T:19.675, State:stance, Fz:-613.05, ThetaRef:5.00, ThetaActual:0.56, EncoderTheta:100.24, EncoderVelocity:5.35, K:500.00, B:20.00
[2026-06-01 04:51:32,624] DEBUG: No valid transitions from state stance
[2026-06-01 04:51:32,624] WARNING: Velocity attribute does not use the linearization map. Please calculate the velocity using the position attribute.
[2026-06-01 04:51:32,630] INFO: T:19.683, State:stance, Fz:-614.19, ThetaRef:5.00, ThetaActual:0.56, EncoderTheta:100.22, EncoderVelocity:-2.67, K:500.00, B:20.00
[2026-06-01 04:51:32,632] DEBUG: No valid transitions from state stance
[2026-06-01 04:51:32,632] WARNING: Velocity attribute does not use the linearization map. Please calculate the velocity using the position attribute.
[2026-06-01 04:51:32,638] INFO: T:19.692, State:stance, Fz:-614.08, ThetaRef:5.00, ThetaActual:0.55, EncoderTheta:100.17, EncoderVelocity:-5.37, K:500.00, B:20.00
[2026-06-01 04:51:32,640] DEBUG: No valid transitions from state stance
[2026-06-01 04:51:32,641] WARNING: Velocity attribute does not use the linearization map. Please calculate the velocity using the position attribute.
[2026-06-01 04:51:32,646] INFO: T:19.700, State:stance, Fz:-614.99, ThetaRef:5.00, ThetaActual:0.55, EncoderTheta:100.17, EncoderVelocity:0.00, K:500.00, B:20.00
[2026-06-01 04:51:32,649] DEBUG: No valid transitions from state stance
[2026-06-01 04:51:32,649] WARNING: Velocity attribute does not use the linearization map. Please calculate the velocity using the position attribute.
[2026-06-01 04:51:32,654] INFO: T:19.708, State:stance, Fz:-616.15, ThetaRef:5.00, ThetaActual:0.55, EncoderTheta:100.26, EncoderVelocity:10.65, K:500.00, B:20.00
[2026-06-01 04:51:32,657] DEBUG: No valid transitions from state stance
[2026-06-01 04:51:32,657] WARNING: Velocity attribute does not use the linearization map. Please calculate the velocity using the position attribute.
[2026-06-01 04:51:32,663] INFO: T:19.716, State:stance, Fz:-620.06, ThetaRef:5.00, ThetaActual:0.55, EncoderTheta:100.20, EncoderVelocity:-7.98, K:500.00, B:20.00
[2026-06-01 04:51:32,665] DEBUG: No valid transitions from state stance
[2026-06-01 04:51:32,665] WARNING: Velocity attribute does not use the linearization map. Please calculate the velocity using the position attribute.
[2026-06-01 04:51:32,671] INFO: T:19.724, State:stance, Fz:-621.06, ThetaRef:5.00, ThetaActual:0.55, EncoderTheta:100.22, EncoderVelocity:2.69, K:500.00, B:20.00
[2026-06-01 04:51:32,673] DEBUG: No valid transitions from state stance
[2026-06-01 04:51:32,673] WARNING: Velocity attribute does not use the linearization map. Please calculate the velocity using the position attribute.
[2026-06-01 04:51:32,679] INFO: T:19.733, State:stance, Fz:-624.25, ThetaRef:5.00, ThetaActual:0.55, EncoderTheta:100.17, EncoderVelocity:-5.37, K:500.00, B:20.00
[2026-06-01 04:51:32,682] DEBUG: No valid transitions from state stance
[2026-06-01 04:51:32,682] WARNING: Velocity attribute does not use the linearization map. Please calculate the velocity using the position attribute.
[2026-06-01 04:51:32,687] INFO: T:19.741, State:stance, Fz:-627.20, ThetaRef:5.00, ThetaActual:0.54, EncoderTheta:100.22, EncoderVelocity:5.39, K:500.00, B:20.00
[2026-06-01 04:51:32,690] DEBUG: No valid transitions from state stance
[2026-06-01 04:51:32,690] WARNING: Velocity attribute does not use the linearization map. Please calculate the velocity using the position attribute.
[2026-06-01 04:51:32,695] INFO: T:19.749, State:stance, Fz:-629.46, ThetaRef:5.00, ThetaActual:0.54, EncoderTheta:100.20, EncoderVelocity:-2.66, K:500.00, B:20.00
[2026-06-01 04:51:32,698] DEBUG: No valid transitions from state stance
[2026-06-01 04:51:32,698] WARNING: Velocity attribute does not use the linearization map. Please calculate the velocity using the position attribute.
[2026-06-01 04:51:32,704] INFO: T:19.757, State:stance, Fz:-631.70, ThetaRef:5.00, ThetaActual:0.53, EncoderTheta:100.20, EncoderVelocity:0.00, K:500.00, B:20.00
[2026-06-01 04:51:32,706] DEBUG: No valid transitions from state stance
[2026-06-01 04:51:32,706] WARNING: Velocity attribute does not use the linearization map. Please calculate the velocity using the position attribute.
[2026-06-01 04:51:32,712] INFO: T:19.766, State:stance, Fz:-631.87, ThetaRef:5.00, ThetaActual:0.53, EncoderTheta:100.15, EncoderVelocity:-5.36, K:500.00, B:20.00
[2026-06-01 04:51:32,715] DEBUG: No valid transitions from state stance
[2026-06-01 04:51:32,715] WARNING: Velocity attribute does not use the linearization map. Please calculate the velocity using the position attribute.
[2026-06-01 04:51:32,720] INFO: T:19.774, State:stance, Fz:-632.53, ThetaRef:5.00, ThetaActual:0.53, EncoderTheta:100.22, EncoderVelocity:7.95, K:500.00, B:20.00
[2026-06-01 04:51:32,723] DEBUG: No valid transitions from state stance
[2026-06-01 04:51:32,723] WARNING: Velocity attribute does not use the linearization map. Please calculate the velocity using the position attribute.
[2026-06-01 04:51:32,729] INFO: T:19.782, State:stance, Fz:-633.06, ThetaRef:5.00, ThetaActual:0.53, EncoderTheta:100.17, EncoderVelocity:-5.23, K:500.00, B:20.00
[2026-06-01 04:51:32,731] DEBUG: No valid transitions from state stance
[2026-06-01 04:51:32,731] WARNING: Velocity attribute does not use the linearization map. Please calculate the velocity using the position attribute.
[2026-06-01 04:51:32,737] INFO: T:19.791, State:stance, Fz:-633.96, ThetaRef:5.00, ThetaActual:0.53, EncoderTheta:100.20, EncoderVelocity:2.65, K:500.00, B:20.00
[2026-06-01 04:51:32,740] DEBUG: No valid transitions from state stance
[2026-06-01 04:51:32,740] WARNING: Velocity attribute does not use the linearization map. Please calculate the velocity using the position attribute.
[2026-06-01 04:51:32,745] INFO: T:19.799, State:stance, Fz:-635.14, ThetaRef:5.00, ThetaActual:0.53, EncoderTheta:100.20, EncoderVelocity:0.00, K:500.00, B:20.00
[2026-06-01 04:51:32,748] DEBUG: No valid transitions from state stance
[2026-06-01 04:51:32,748] WARNING: Velocity attribute does not use the linearization map. Please calculate the velocity using the position attribute.
[2026-06-01 04:51:32,753] INFO: T:19.807, State:stance, Fz:-635.55, ThetaRef:5.00, ThetaActual:0.53, EncoderTheta:100.20, EncoderVelocity:0.00, K:500.00, B:20.00
[2026-06-01 04:51:32,756] DEBUG: No valid transitions from state stance
[2026-06-01 04:51:32,756] WARNING: Velocity attribute does not use the linearization map. Please calculate the velocity using the position attribute.
[2026-06-01 04:51:32,762] INFO: T:19.815, State:stance, Fz:-635.90, ThetaRef:5.00, ThetaActual:0.53, EncoderTheta:100.22, EncoderVelocity:2.66, K:500.00, B:20.00
[2026-06-01 04:51:32,764] DEBUG: No valid transitions from state stance
[2026-06-01 04:51:32,764] WARNING: Velocity attribute does not use the linearization map. Please calculate the velocity using the position attribute.
[2026-06-01 04:51:32,770] INFO: T:19.824, State:stance, Fz:-636.15, ThetaRef:5.00, ThetaActual:0.53, EncoderTheta:100.22, EncoderVelocity:0.00, K:500.00, B:20.00
[2026-06-01 04:51:32,773] DEBUG: No valid transitions from state stance
[2026-06-01 04:51:32,773] WARNING: Velocity attribute does not use the linearization map. Please calculate the velocity using the position attribute.
[2026-06-01 04:51:32,778] INFO: T:19.832, State:stance, Fz:-638.37, ThetaRef:5.00, ThetaActual:0.53, EncoderTheta:100.17, EncoderVelocity:-5.30, K:500.00, B:20.00
[2026-06-01 04:51:32,781] DEBUG: No valid transitions from state stance
[2026-06-01 04:51:32,781] WARNING: Velocity attribute does not use the linearization map. Please calculate the velocity using the position attribute.
[2026-06-01 04:51:32,787] INFO: T:19.840, State:stance, Fz:-639.55, ThetaRef:5.00, ThetaActual:0.53, EncoderTheta:100.22, EncoderVelocity:5.33, K:500.00, B:20.00
[2026-06-01 04:51:32,789] DEBUG: No valid transitions from state stance
[2026-06-01 04:51:32,789] WARNING: Velocity attribute does not use the linearization map. Please calculate the velocity using the position attribute.
[2026-06-01 04:51:32,795] INFO: T:19.848, State:stance, Fz:-641.90, ThetaRef:5.00, ThetaActual:0.53, EncoderTheta:100.22, EncoderVelocity:0.00, K:500.00, B:20.00
[2026-06-01 04:51:32,797] DEBUG: No valid transitions from state stance
[2026-06-01 04:51:32,797] WARNING: Velocity attribute does not use the linearization map. Please calculate the velocity using the position attribute.
[2026-06-01 04:51:32,803] INFO: T:19.857, State:stance, Fz:-643.24, ThetaRef:5.00, ThetaActual:0.53, EncoderTheta:100.20, EncoderVelocity:-2.67, K:500.00, B:20.00
[2026-06-01 04:51:32,806] DEBUG: No valid transitions from state stance
[2026-06-01 04:51:32,806] WARNING: Velocity attribute does not use the linearization map. Please calculate the velocity using the position attribute.
[2026-06-01 04:51:32,811] INFO: T:19.865, State:stance, Fz:-643.29, ThetaRef:5.00, ThetaActual:0.53, EncoderTheta:100.17, EncoderVelocity:-2.66, K:500.00, B:20.00
[2026-06-01 04:51:32,814] DEBUG: No valid transitions from state stance
[2026-06-01 04:51:32,814] WARNING: Velocity attribute does not use the linearization map. Please calculate the velocity using the position attribute.
[2026-06-01 04:51:32,819] INFO: T:19.873, State:stance, Fz:-646.82, ThetaRef:5.00, ThetaActual:0.53, EncoderTheta:100.24, EncoderVelocity:8.00, K:500.00, B:20.00
[2026-06-01 04:51:32,822] DEBUG: No valid transitions from state stance
[2026-06-01 04:51:32,822] WARNING: Velocity attribute does not use the linearization map. Please calculate the velocity using the position attribute.
[2026-06-01 04:51:32,828] INFO: T:19.881, State:stance, Fz:-647.50, ThetaRef:5.00, ThetaActual:0.53, EncoderTheta:100.20, EncoderVelocity:-5.31, K:500.00, B:20.00
[2026-06-01 04:51:32,830] DEBUG: No valid transitions from state stance
[2026-06-01 04:51:32,830] WARNING: Velocity attribute does not use the linearization map. Please calculate the velocity using the position attribute.
[2026-06-01 04:51:32,836] INFO: T:19.890, State:stance, Fz:-650.96, ThetaRef:5.00, ThetaActual:0.53, EncoderTheta:100.22, EncoderVelocity:2.66, K:500.00, B:20.00
[2026-06-01 04:51:32,839] DEBUG: No valid transitions from state stance
[2026-06-01 04:51:32,839] WARNING: Velocity attribute does not use the linearization map. Please calculate the velocity using the position attribute.
[2026-06-01 04:51:32,844] INFO: T:19.898, State:stance, Fz:-653.65, ThetaRef:5.00, ThetaActual:0.53, EncoderTheta:100.22, EncoderVelocity:0.00, K:500.00, B:20.00
[2026-06-01 04:51:32,847] DEBUG: No valid transitions from state stance
[2026-06-01 04:51:32,847] WARNING: Velocity attribute does not use the linearization map. Please calculate the velocity using the position attribute.
[2026-06-01 04:51:32,853] INFO: T:19.906, State:stance, Fz:-653.18, ThetaRef:5.00, ThetaActual:0.53, EncoderTheta:100.31, EncoderVelocity:10.62, K:500.00, B:20.00
[2026-06-01 04:51:32,855] DEBUG: No valid transitions from state stance
[2026-06-01 04:51:32,855] WARNING: Velocity attribute does not use the linearization map. Please calculate the velocity using the position attribute.
[2026-06-01 04:51:32,861] INFO: T:19.914, State:stance, Fz:-654.83, ThetaRef:5.00, ThetaActual:0.53, EncoderTheta:100.20, EncoderVelocity:-13.41, K:500.00, B:20.00
[2026-06-01 04:51:32,864] DEBUG: No valid transitions from state stance
[2026-06-01 04:51:32,864] WARNING: Velocity attribute does not use the linearization map. Please calculate the velocity using the position attribute.
[2026-06-01 04:51:32,869] INFO: T:19.923, State:stance, Fz:-654.13, ThetaRef:5.00, ThetaActual:0.53, EncoderTheta:100.24, EncoderVelocity:5.22, K:500.00, B:20.00
[2026-06-01 04:51:32,872] DEBUG: No valid transitions from state stance
[2026-06-01 04:51:32,872] WARNING: Velocity attribute does not use the linearization map. Please calculate the velocity using the position attribute.
[2026-06-01 04:51:32,877] INFO: T:19.931, State:stance, Fz:-656.51, ThetaRef:5.00, ThetaActual:0.53, EncoderTheta:100.24, EncoderVelocity:0.00, K:500.00, B:20.00
[2026-06-01 04:51:32,880] DEBUG: No valid transitions from state stance
[2026-06-01 04:51:32,880] WARNING: Velocity attribute does not use the linearization map. Please calculate the velocity using the position attribute.
[2026-06-01 04:51:32,886] INFO: T:19.939, State:stance, Fz:-658.36, ThetaRef:5.00, ThetaActual:0.53, EncoderTheta:100.22, EncoderVelocity:-2.67, K:500.00, B:20.00
[2026-06-01 04:51:32,888] DEBUG: No valid transitions from state stance
[2026-06-01 04:51:32,888] WARNING: Velocity attribute does not use the linearization map. Please calculate the velocity using the position attribute.
[2026-06-01 04:51:32,894] INFO: T:19.947, State:stance, Fz:-660.28, ThetaRef:5.00, ThetaActual:0.53, EncoderTheta:100.22, EncoderVelocity:0.00, K:500.00, B:20.00
[2026-06-01 04:51:32,896] DEBUG: No valid transitions from state stance
[2026-06-01 04:51:32,897] WARNING: Velocity attribute does not use the linearization map. Please calculate the velocity using the position attribute.
[2026-06-01 04:51:32,902] INFO: T:19.956, State:stance, Fz:-661.28, ThetaRef:5.00, ThetaActual:0.53, EncoderTheta:100.20, EncoderVelocity:-2.66, K:500.00, B:20.00
[2026-06-01 04:51:32,905] DEBUG: No valid transitions from state stance
[2026-06-01 04:51:32,905] WARNING: Velocity attribute does not use the linearization map. Please calculate the velocity using the position attribute.
[2026-06-01 04:51:32,910] INFO: T:19.964, State:stance, Fz:-663.01, ThetaRef:5.00, ThetaActual:0.53, EncoderTheta:100.22, EncoderVelocity:2.69, K:500.00, B:20.00
[2026-06-01 04:51:32,913] DEBUG: No valid transitions from state stance
[2026-06-01 04:51:32,913] WARNING: Velocity attribute does not use the linearization map. Please calculate the velocity using the position attribute.
[2026-06-01 04:51:32,919] INFO: T:19.972, State:stance, Fz:-663.84, ThetaRef:5.00, ThetaActual:0.53, EncoderTheta:100.22, EncoderVelocity:0.00, K:500.00, B:20.00
[2026-06-01 04:51:32,921] DEBUG: No valid transitions from state stance
[2026-06-01 04:51:32,921] WARNING: Velocity attribute does not use the linearization map. Please calculate the velocity using the position attribute.
[2026-06-01 04:51:32,927] INFO: T:19.980, State:stance, Fz:-665.02, ThetaRef:5.00, ThetaActual:0.53, EncoderTheta:100.22, EncoderVelocity:0.00, K:500.00, B:20.00
[2026-06-01 04:51:32,929] DEBUG: No valid transitions from state stance
[2026-06-01 04:51:32,930] WARNING: Velocity attribute does not use the linearization map. Please calculate the velocity using the position attribute.
[2026-06-01 04:51:32,935] INFO: T:19.989, State:stance, Fz:-667.93, ThetaRef:5.00, ThetaActual:0.53, EncoderTheta:100.22, EncoderVelocity:0.00, K:500.00, B:20.00
[2026-06-01 04:51:32,938] DEBUG: No valid transitions from state stance
[2026-06-01 04:51:32,938] WARNING: Velocity attribute does not use the linearization map. Please calculate the velocity using the position attribute.
[2026-06-01 04:51:32,943] INFO: T:19.997, State:stance, Fz:-670.14, ThetaRef:5.00, ThetaActual:0.53, EncoderTheta:100.22, EncoderVelocity:0.00, K:500.00, B:20.00
[2026-06-01 04:51:32,946] DEBUG: No valid transitions from state stance
[2026-06-01 04:51:32,946] WARNING: Velocity attribute does not use the linearization map. Please calculate the velocity using the position attribute.
[2026-06-01 04:51:32,952] INFO: T:20.005, State:stance, Fz:-673.32, ThetaRef:5.00, ThetaActual:0.53, EncoderTheta:100.17, EncoderVelocity:-5.36, K:500.00, B:20.00
[2026-06-01 04:51:32,954] DEBUG: No valid transitions from state stance
[2026-06-01 04:51:32,954] WARNING: Velocity attribute does not use the linearization map. Please calculate the velocity using the position attribute.
[2026-06-01 04:51:32,960] INFO: T:20.013, State:stance, Fz:-675.77, ThetaRef:5.00, ThetaActual:0.53, EncoderTheta:100.26, EncoderVelocity:10.72, K:500.00, B:20.00
[2026-06-01 04:51:32,960] DEBUG: Calling stop method of knee
[2026-06-01 04:51:32,960] DEBUG: [knee]  Exiting Impedance control mode.
[2026-06-01 04:51:33,777] DEBUG: Calling stop method of LoadcellBase
[2026-06-01 04:51:33,778] DEBUG: Calling stop method of EncoderBase
