[2026-04-08 05:09:53,598] DEBUG: [DephyActuator] Entering Voltage control mode.
[2026-04-08 05:09:53,599] DEBUG: [DephyActuator]  Exiting Voltage control mode.
[2026-04-08 05:09:53,699] DEBUG: [DephyActuator]  Entering Position control mode.
[2026-04-08 05:09:53,704] DEBUG: Started tracking variable: Output Position
[2026-04-08 05:09:53,704] DEBUG: Started tracking variable: Command Position
[2026-04-08 05:09:53,704] DEBUG: Started tracking variable: Time
[2026-04-08 05:09:53,705] INFO: Time: 6.623900000590766e-05; Command Position: 0.5080033042547948; Output Position: 0.5080033042547948
[2026-04-08 05:09:53,707] INFO: Time: 0.0020649040000080277; Command Position: 0.5080050245262289; Output Position: 0.5080033042547948
[2026-04-08 05:09:53,709] INFO: Time: 0.0041249020000009295; Command Position: 0.5080103981121705; Output Position: 0.5080033042547948
[2026-04-08 05:09:53,711] INFO: Time: 0.006187584000002744; Command Position: 0.508019440755032; Output Position: 0.5080033042547948
[2026-04-08 05:09:53,713] INFO: Time: 0.008248506999990468; Command Position: 0.5080321353981079; Output Position: 0.5079606936773535
[2026-04-08 05:09:53,715] INFO: Time: 0.010309318999986772; Command Position: 0.5080484871532096; Output Position: 0.5079606936773535
[2026-04-08 05:09:53,717] INFO: Time: 0.012369427999999516; Command Position: 0.5080684890800138; Output Position: 0.5080033042547948
[2026-04-08 05:09:53,719] INFO: Time: 0.014464720999995961; Command Position: 0.5080925818141749; Output Position: 0.5079606936773535
[2026-04-08 05:09:53,721] INFO: Time: 0.016534976999992068; Command Position: 0.5081200999936362; Output Position: 0.5080033042547948
[2026-04-08 05:09:53,723] INFO: Time: 0.01862052999999264; Command Position: 0.5081515533958716; Output Position: 0.5080033042547948
[2026-04-08 05:09:53,726] INFO: Time: 0.02073528500000066; Command Position: 0.5081872717223682; Output Position: 0.5079606936773535
[2026-04-08 05:09:53,727] INFO: Time: 0.02280748600000493; Command Position: 0.5082260067826962; Output Position: 0.5080033042547948
[2026-04-08 05:09:53,730] INFO: Time: 0.024878298000004406; Command Position: 0.5082684094865041; Output Position: 0.5079606936773535
[2026-04-08 05:09:53,732] INFO: Time: 0.02696146200000271; Command Position: 0.5083147903841575; Output Position: 0.5080033042547948
[2026-04-08 05:09:53,734] INFO: Time: 0.02963485500001184; Command Position: 0.5083797864277249; Output Position: 0.5079606936773535
[2026-04-08 05:09:53,737] INFO: Time: 0.03182946000001152; Command Position: 0.5084377406010571; Output Position: 0.5079606936773535
[2026-04-08 05:09:53,739] INFO: Time: 0.03395614199999386; Command Position: 0.5084978565138086; Output Position: 0.5080033042547948
[2026-04-08 05:09:53,741] INFO: Time: 0.03602765700000532; Command Position: 0.508560155777684; Output Position: 0.5079606936773535
[2026-04-08 05:09:53,743] INFO: Time: 0.0380980989999955; Command Position: 0.5086261132071045; Output Position: 0.5079606936773535
[2026-04-08 05:09:53,745] INFO: Time: 0.0401610959999914; Command Position: 0.5086955027582268; Output Position: 0.5079606936773535
[2026-04-08 05:09:53,747] INFO: Time: 0.04222137100001078; Command Position: 0.5087684558704971; Output Position: 0.5080033042547948
[2026-04-08 05:09:53,749] INFO: Time: 0.044287832000009075; Command Position: 0.5088452968546495; Output Position: 0.5079606936773535
[2026-04-08 05:09:53,752] INFO: Time: 0.04686050399999431; Command Position: 0.5089460953569727; Output Position: 0.5079606936773535
[2026-04-08 05:09:53,754] INFO: Time: 0.048925352999987126; Command Position: 0.50903111593854; Output Position: 0.5079606936773535
[2026-04-08 05:09:53,756] INFO: Time: 0.050991814000013846; Command Position: 0.5091198745610265; Output Position: 0.5080033042547948
[2026-04-08 05:09:53,758] INFO: Time: 0.05305316299998708; Command Position: 0.509212072679903; Output Position: 0.5079606936773535
[2026-04-08 05:09:53,760] INFO: Time: 0.05511253000000238; Command Position: 0.5093078309869076; Output Position: 0.5080033042547948
[2026-04-08 05:09:53,762] INFO: Time: 0.05717915700000731; Command Position: 0.5094075928182769; Output Position: 0.5079606936773535
[2026-04-08 05:09:53,764] INFO: Time: 0.05924258100000657; Command Position: 0.5095108634262014; Output Position: 0.5079606936773535
[2026-04-08 05:09:53,766] INFO: Time: 0.06130202200000667; Command Position: 0.5096175841726527; Output Position: 0.5080459148322362
[2026-04-08 05:09:53,768] INFO: Time: 0.06336481599998933; Command Position: 0.5097281330378308; Output Position: 0.5080033042547948
[2026-04-08 05:09:53,771] INFO: Time: 0.06636859100001402; Command Position: 0.5098956501184747; Output Position: 0.5079606936773535
[2026-04-08 05:09:53,773] INFO: Time: 0.06862801099998705; Command Position: 0.5100267642294978; Output Position: 0.5079606936773535
[2026-04-08 05:09:53,775] INFO: Time: 0.0707138410000141; Command Position: 0.5101516979848294; Output Position: 0.5080033042547948
[2026-04-08 05:09:53,778] INFO: Time: 0.07329040199999781; Command Position: 0.510311183835375; Output Position: 0.5079606936773535
[2026-04-08 05:09:53,780] INFO: Time: 0.07536073299999657; Command Position: 0.510443465615583; Output Position: 0.5080033042547948
[2026-04-08 05:09:53,782] INFO: Time: 0.07742595199999869; Command Position: 0.5105790873818007; Output Position: 0.5080033042547948
[2026-04-08 05:09:53,784] INFO: Time: 0.07949211600001149; Command Position: 0.5107184351640941; Output Position: 0.5079606936773535
[2026-04-08 05:09:53,786] INFO: Time: 0.08155452099998683; Command Position: 0.5108611835804926; Output Position: 0.5080033042547948
[2026-04-08 05:09:53,788] INFO: Time: 0.0836133699999948; Command Position: 0.5110073265935001; Output Position: 0.5080033042547948
[2026-04-08 05:09:53,790] INFO: Time: 0.08567977499998847; Command Position: 0.5111576629003532; Output Position: 0.5079606936773535
[2026-04-08 05:09:53,792] INFO: Time: 0.0877453649999893; Command Position: 0.5113116006895837; Output Position: 0.5080033042547948
[2026-04-08 05:09:53,794] INFO: Time: 0.08980478800000924; Command Position: 0.5114687218465204; Output Position: 0.5079606936773535
[2026-04-08 05:09:53,796] INFO: Time: 0.09186815600000386; Command Position: 0.5116297912231086; Output Position: 0.5080033042547948
[2026-04-08 05:09:53,798] INFO: Time: 0.0939301349999937; Command Position: 0.5117943984669572; Output Position: 0.5079606936773535
[2026-04-08 05:09:53,801] INFO: Time: 0.09598916900000631; Command Position: 0.5119624071080846; Output Position: 0.5079606936773535
[2026-04-08 05:09:53,803] INFO: Time: 0.09805229599999166; Command Position: 0.5121343936763206; Output Position: 0.5080033042547948
[2026-04-08 05:09:53,805] INFO: Time: 0.1001146819999974; Command Position: 0.5123099632800857; Output Position: 0.5080033042547948
[2026-04-08 05:09:53,807] INFO: Time: 0.10217371600001002; Command Position: 0.512488881986366; Output Position: 0.5080033042547948
[2026-04-08 05:09:53,809] INFO: Time: 0.10423736199999212; Command Position: 0.5126718443248229; Output Position: 0.5079606936773535
[2026-04-08 05:09:53,811] INFO: Time: 0.10629974799999786; Command Position: 0.5128583377097758; Output Position: 0.5079606936773535
[2026-04-08 05:09:53,813] INFO: Time: 0.10835837499999457; Command Position: 0.5130481220113868; Output Position: 0.5079606936773535
[2026-04-08 05:09:53,815] INFO: Time: 0.11042105800001423; Command Position: 0.5132419175928032; Output Position: 0.5079606936773535
[2026-04-08 05:09:53,817] INFO: Time: 0.11248337000000674; Command Position: 0.5134393173699388; Output Position: 0.5080033042547948
[2026-04-08 05:09:53,819] INFO: Time: 0.11454279299999826; Command Position: 0.5136400707828728; Output Position: 0.5080033042547948
[2026-04-08 05:09:53,822] INFO: Time: 0.11661538300000984; Command Position: 0.513845769259248; Output Position: 0.5080033042547948
[2026-04-08 05:09:53,823] INFO: Time: 0.11867858400000841; Command Position: 0.5140541832303869; Output Position: 0.5080033042547948
[2026-04-08 05:09:53,825] INFO: Time: 0.12073860000000991; Command Position: 0.514265905120808; Output Position: 0.5080033042547948
[2026-04-08 05:09:53,827] INFO: Time: 0.12279696699999931; Command Position: 0.514481079042135; Output Position: 0.5079606936773535
[2026-04-08 05:09:53,829] INFO: Time: 0.12486283499998763; Command Position: 0.5147006759549125; Output Position: 0.5080033042547948
[2026-04-08 05:09:53,831] INFO: Time: 0.12692190600000686; Command Position: 0.5149231768541678; Output Position: 0.5080033042547948
[2026-04-08 05:09:53,834] INFO: Time: 0.12898333000001116; Command Position: 0.5151495577024595; Output Position: 0.5080459148322362
[2026-04-08 05:09:53,836] INFO: Time: 0.13104827099999738; Command Position: 0.5153799607679566; Output Position: 0.5080459148322362
[2026-04-08 05:09:53,838] INFO: Time: 0.1331080090000114; Command Position: 0.5156134075635384; Output Position: 0.5080459148322362
[2026-04-08 05:09:53,840] INFO: Time: 0.13516750700000557; Command Position: 0.5158504451399403; Output Position: 0.5080459148322362
[2026-04-08 05:09:53,842] INFO: Time: 0.1372345780000046; Command Position: 0.5160919909694952; Output Position: 0.5080459148322362
[2026-04-08 05:09:53,845] INFO: Time: 0.13929979799999614; Command Position: 0.5163369577950694; Output Position: 0.5080459148322362
[2026-04-08 05:09:53,846] INFO: Time: 0.14136136900000906; Command Position: 0.5165851166845608; Output Position: 0.5080459148322362
[2026-04-08 05:09:53,848] INFO: Time: 0.14342679200001385; Command Position: 0.5168373699352762; Output Position: 0.5081311359871186
[2026-04-08 05:09:53,850] INFO: Time: 0.14548936299999582; Command Position: 0.5170929002375015; Output Position: 0.5081311359871186
[2026-04-08 05:09:53,852] INFO: Time: 0.14754793500000574; Command Position: 0.5173515462547733; Output Position: 0.5081311359871186
[2026-04-08 05:09:53,854] INFO: Time: 0.1496099880000088; Command Position: 0.5176142452300124; Output Position: 0.5080885254096774
[2026-04-08 05:09:53,856] INFO: Time: 0.1516715779999913; Command Position: 0.5178805014257023; Output Position: 0.5081311359871186
[2026-04-08 05:09:53,858] INFO: Time: 0.15373044500000788; Command Position: 0.5181500133440007; Output Position: 0.5080885254096774
[2026-04-08 05:09:53,860] INFO: Time: 0.15579292399999645; Command Position: 0.5184236113354597; Output Position: 0.5080885254096774
[2026-04-08 05:09:53,862] INFO: Time: 0.15785971799999743; Command Position: 0.5187014082275968; Output Position: 0.5080885254096774
[2026-04-08 05:09:53,864] INFO: Time: 0.15991956700000287; Command Position: 0.518981882359527; Output Position: 0.5080459148322362
[2026-04-08 05:09:53,867] INFO: Time: 0.1619841010000016; Command Position: 0.5192666100453499; Output Position: 0.5080885254096774
[2026-04-08 05:09:53,869] INFO: Time: 0.16404289499999436; Command Position: 0.519554149440921; Output Position: 0.5081311359871186
[2026-04-08 05:09:53,871] INFO: Time: 0.16610146599998643; Command Position: 0.5198452540880227; Output Position: 0.5081311359871186
[2026-04-08 05:09:53,873] INFO: Time: 0.16817024100001277; Command Position: 0.5201414233127525; Output Position: 0.5081311359871186
[2026-04-08 05:09:53,875] INFO: Time: 0.17023284999999078; Command Position: 0.5204403227804766; Output Position: 0.5081311359871186
[2026-04-08 05:09:53,877] INFO: Time: 0.17229495800000905; Command Position: 0.5207427545224942; Output Position: 0.5081311359871186
[2026-04-08 05:09:53,879] INFO: Time: 0.17436054800000989; Command Position: 0.5210493090975007; Output Position: 0.5081311359871186
[2026-04-08 05:09:53,881] INFO: Time: 0.1764225080000017; Command Position: 0.5213589291953052; Output Position: 0.5081737465645599
[2026-04-08 05:09:53,883] INFO: Time: 0.1784813950000057; Command Position: 0.5216716794523848; Output Position: 0.5081737465645599
[2026-04-08 05:09:53,885] INFO: Time: 0.18054787299999475; Command Position: 0.5219891901270831; Output Position: 0.5082589677194425
[2026-04-08 05:09:53,887] INFO: Time: 0.18261185200000796; Command Position: 0.5223099227630297; Output Position: 0.5083015782968837
[2026-04-08 05:09:53,889] INFO: Time: 0.18467125699999087; Command Position: 0.5226335349039382; Output Position: 0.5083867994517662
[2026-04-08 05:09:53,891] INFO: Time: 0.18673371700000985; Command Position: 0.522961219877604; Output Position: 0.5083867994517662
[2026-04-08 05:09:53,893] INFO: Time: 0.1887954180000122; Command Position: 0.523292376186596; Output Position: 0.5083867994517662
[2026-04-08 05:09:53,895] INFO: Time: 0.19085430399999836; Command Position: 0.5236266627151817; Output Position: 0.5083867994517662
[2026-04-08 05:09:53,898] INFO: Time: 0.1929197649999992; Command Position: 0.5239656123079733; Output Position: 0.5084294100292075
[2026-04-08 05:09:53,900] INFO: Time: 0.19498237299998777; Command Position: 0.5243076859356582; Output Position: 0.5084294100292075
[2026-04-08 05:09:53,902] INFO: Time: 0.19704109299999573; Command Position: 0.5246526927623396; Output Position: 0.5084294100292075
[2026-04-08 05:09:53,904] INFO: Time: 0.19910695999999461; Command Position: 0.5250024889567692; Output Position: 0.5084720206066488
[2026-04-08 05:09:53,906] INFO: Time: 0.20116956900000105; Command Position: 0.5253553212382016; Output Position: 0.5084294100292075
[2026-04-08 05:09:53,908] INFO: Time: 0.20322927000000846; Command Position: 0.525711231759247; Output Position: 0.5084294100292075
[2026-04-08 05:09:53,910] INFO: Time: 0.2052949890000093; Command Position: 0.5260717693465703; Output Position: 0.5084294100292075
[2026-04-08 05:09:53,912] INFO: Time: 0.20736206000000834; Command Position: 0.5264361371491892; Output Position: 0.5084720206066488
[2026-04-08 05:09:53,914] INFO: Time: 0.2094212060000018; Command Position: 0.5268026810682941; Output Position: 0.5084720206066488
[2026-04-08 05:09:53,916] INFO: Time: 0.21148357399999895; Command Position: 0.5271733714050465; Output Position: 0.5085146311840901
[2026-04-08 05:09:53,918] INFO: Time: 0.21354581200000666; Command Position: 0.5275476119793956; Output Position: 0.5085146311840901
[2026-04-08 05:09:53,920] INFO: Time: 0.21560619799998904; Command Position: 0.5279250834020128; Output Position: 0.5085146311840901
[2026-04-08 05:09:53,922] INFO: Time: 0.2176696950000121; Command Position: 0.5283066964233392; Output Position: 0.5085572417615313
[2026-04-08 05:09:53,924] INFO: Time: 0.2197311930000012; Command Position: 0.5286915071340311; Output Position: 0.5085998523389725
[2026-04-08 05:09:53,926] INFO: Time: 0.22179022700001383; Command Position: 0.5290794153664009; Output Position: 0.5086424629164139
[2026-04-08 05:09:53,928] INFO: Time: 0.22385250199999973; Command Position: 0.5294714961091883; Output Position: 0.5087702946487377
[2026-04-08 05:09:53,931] INFO: Time: 0.22591875899999536; Command Position: 0.5298679071376536; Output Position: 0.508812905226179
[2026-04-08 05:09:53,933] INFO: Time: 0.2279782740000087; Command Position: 0.5302665820567529; Output Position: 0.508983347535944
[2026-04-08 05:09:53,935] INFO: Time: 0.2300423089999981; Command Position: 0.5306696933096852; Output Position: 0.5091964004231504
[2026-04-08 05:09:53,937] INFO: Time: 0.2322346740000114; Command Position: 0.5311017702944559; Output Position: 0.5093242321554742
[2026-04-08 05:09:53,939] INFO: Time: 0.23429696799999533; Command Position: 0.531511880073518; Output Position: 0.509622506197563
[2026-04-08 05:09:53,941] INFO: Time: 0.2363658540000131; Command Position: 0.5319268712481964; Output Position: 0.5099633908170932
[2026-04-08 05:09:53,943] INFO: Time: 0.23843099900000198; Command Position: 0.5323446765958061; Output Position: 0.5103894965915059
[2026-04-08 05:09:53,945] INFO: Time: 0.24049073699998758; Command Position: 0.532764933460113; Output Position: 0.51119909756289
[2026-04-08 05:09:53,947] INFO: Time: 0.24255458600001134; Command Position: 0.5331895785269768; Output Position: 0.5114973716049788
[2026-04-08 05:09:53,949] INFO: Time: 0.24462319500000262; Command Position: 0.5336187662498699; Output Position: 0.511838256224509
[2026-04-08 05:09:53,951] INFO: Time: 0.24668374699999163; Command Position: 0.5340498268935503; Output Position: 0.5121365302665978
[2026-04-08 05:09:53,953] INFO: Time: 0.24874752200000216; Command Position: 0.5344851057096264; Output Position: 0.5125200254635692
[2026-04-08 05:09:53,955] INFO: Time: 0.2508090569999979; Command Position: 0.5349234509793106; Output Position: 0.5128609100830993
[2026-04-08 05:09:53,957] INFO: Time: 0.2528687390000073; Command Position: 0.5353649324161102; Output Position: 0.5133296264349533
[2026-04-08 05:09:53,960] INFO: Time: 0.2549338659999876; Command Position: 0.5358111214829325; Output Position: 0.5137131216319247
[2026-04-08 05:09:53,962] INFO: Time: 0.25699693800001455; Command Position: 0.5362604043757705; Output Position: 0.5140113956740135
[2026-04-08 05:09:53,964] INFO: Time: 0.25905680500000017; Command Position: 0.5367125150422626; Output Position: 0.5141392274063374
[2026-04-08 05:09:53,966] INFO: Time: 0.26111921000000393; Command Position: 0.5371687101646121; Output Position: 0.5143522802935437
[2026-04-08 05:09:53,968] INFO: Time: 0.2631815960000097; Command Position: 0.5376284284821914; Output Position: 0.5146079437581913
[2026-04-08 05:09:53,970] INFO: Time: 0.2652413159999867; Command Position: 0.5380910709379914; Output Position: 0.5147783860679565
[2026-04-08 05:09:53,972] INFO: Time: 0.2673037950000037; Command Position: 0.5385578541440627; Output Position: 0.5149914389551628
[2026-04-08 05:09:53,974] INFO: Time: 0.2693661989999896; Command Position: 0.5390281414036777; Output Position: 0.5152471024198104
[2026-04-08 05:09:53,976] INFO: Time: 0.27142738200001304; Command Position: 0.5395016658864822; Output Position: 0.5156305976167818
[2026-04-08 05:09:53,978] INFO: Time: 0.27349465700001474; Command Position: 0.5399801178943526; Output Position: 0.5158862610814293
[2026-04-08 05:09:53,980] INFO: Time: 0.27555883900001277; Command Position: 0.5404613770855992; Output Position: 0.5162697562784008
[2026-04-08 05:09:53,982] INFO: Time: 0.27761915199999976; Command Position: 0.5409452424875991; Output Position: 0.5165680303204897
[2026-04-08 05:09:53,984] INFO: Time: 0.2796818710000082; Command Position: 0.5414331817911503; Output Position: 0.5168236937851373
[2026-04-08 05:09:53,986] INFO: Time: 0.28174179399999844; Command Position: 0.5419239611902409; Output Position: 0.5170367466723436
[2026-04-08 05:09:53,988] INFO: Time: 0.28380160599999726; Command Position: 0.5424182106949231; Output Position: 0.51724979955955
[2026-04-08 05:09:53,990] INFO: Time: 0.28586558500001047; Command Position: 0.5429169648326472; Output Position: 0.5173350207144325
[2026-04-08 05:09:53,993] INFO: Time: 0.2879322489999936; Command Position: 0.54341988061484; Output Position: 0.5175906841790802
[2026-04-08 05:09:53,995] INFO: Time: 0.28999541300001397; Command Position: 0.543925448517975; Output Position: 0.5176759053339626
[2026-04-08 05:09:53,997] INFO: Time: 0.29205931800001395; Command Position: 0.5444346983876016; Output Position: 0.5179741793760515
[2026-04-08 05:09:53,999] INFO: Time: 0.2941194820000135; Command Position: 0.5449465143322894; Output Position: 0.5182298428406991
[2026-04-08 05:09:54,001] INFO: Time: 0.29617938699999513; Command Position: 0.5454617488599048; Output Position: 0.5186559486151118
[2026-04-08 05:09:54,003] INFO: Time: 0.2982407540000054; Command Position: 0.5459808330872742; Output Position: 0.5190394438120832
[2026-04-08 05:09:54,005] INFO: Time: 0.3003028640000025; Command Position: 0.5465035891306569; Output Position: 0.5194655495864959
[2026-04-08 05:09:54,007] INFO: Time: 0.3023617700000045; Command Position: 0.5470290077384043; Output Position: 0.5198490447834673
[2026-04-08 05:09:54,009] INFO: Time: 0.3044239159999904; Command Position: 0.5475587310151881; Output Position: 0.5201047082481148
[2026-04-08 05:09:54,011] INFO: Time: 0.306483304000011; Command Position: 0.5480912169532693; Output Position: 0.5209569197969403
[2026-04-08 05:09:54,013] INFO: Time: 0.3085422460000018; Command Position: 0.5486270527803837; Output Position: 0.5214682467262355
[2026-04-08 05:09:54,015] INFO: Time: 0.31060276299999146; Command Position: 0.5491667648141269; Output Position: 0.5220647948104132
[2026-04-08 05:09:54,017] INFO: Time: 0.3126646320000077; Command Position: 0.5497102995172596; Output Position: 0.5224482900073846
[2026-04-08 05:09:54,019] INFO: Time: 0.31472325999999384; Command Position: 0.5502564388262017; Output Position: 0.5229596169366798
[2026-04-08 05:09:54,021] INFO: Time: 0.31678633300001025; Command Position: 0.5508072222682334; Output Position: 0.523470943865975
[2026-04-08 05:09:54,023] INFO: Time: 0.3188489240000081; Command Position: 0.5513613418892578; Output Position: 0.523939660217829
[2026-04-08 05:09:54,025] INFO: Time: 0.3209078110000121; Command Position: 0.551917918973926; Output Position: 0.5244509871471242
[2026-04-08 05:09:54,028] INFO: Time: 0.32297123500001135; Command Position: 0.5524791808012796; Output Position: 0.525047535231302
[2026-04-08 05:09:54,030] INFO: Time: 0.32503732600000035; Command Position: 0.5530446342220121; Output Position: 0.525516251583156
[2026-04-08 05:09:54,032] INFO: Time: 0.32709941699999945; Command Position: 0.5536124486039173; Output Position: 0.5260275785124511
[2026-04-08 05:09:54,034] INFO: Time: 0.32916471199999364; Command Position: 0.5541846029716213; Output Position: 0.5266241265966288
[2026-04-08 05:09:54,036] INFO: Time: 0.3312277839999922; Command Position: 0.5547595936620675; Output Position: 0.527263285258248
[2026-04-08 05:09:54,038] INFO: Time: 0.33328743100000224; Command Position: 0.5553370688280646; Output Position: 0.5278598333424256
[2026-04-08 05:09:54,040] INFO: Time: 0.33534983699999543; Command Position: 0.5559187579506609; Output Position: 0.5284989920040446
[2026-04-08 05:09:54,042] INFO: Time: 0.33741201999998793; Command Position: 0.5565038236100958; Output Position: 0.5290529295107811
[2026-04-08 05:09:54,044] INFO: Time: 0.3394713890000105; Command Position: 0.5570915203930275; Output Position: 0.5296494775949588
[2026-04-08 05:09:54,046] INFO: Time: 0.34153733200000147; Command Position: 0.5576845340694615; Output Position: 0.5302460256791366
[2026-04-08 05:09:54,048] INFO: Time: 0.34359999700001254; Command Position: 0.558280042165215; Output Position: 0.5307999631858731
[2026-04-08 05:09:54,050] INFO: Time: 0.3456641250000132; Command Position: 0.5588794061276922; Output Position: 0.5313112901151684
[2026-04-08 05:09:54,052] INFO: Time: 0.3477283640000053; Command Position: 0.5594822345024306; Output Position: 0.5318226170444635
[2026-04-08 05:09:54,054] INFO: Time: 0.3497975100000019; Command Position: 0.5600899375813525; Output Position: 0.5323339439737587
[2026-04-08 05:09:54,056] INFO: Time: 0.3518611940000085; Command Position: 0.5606994657935103; Output Position: 0.5329304920579365
[2026-04-08 05:09:54,059] INFO: Time: 0.35393184000000133; Command Position: 0.5613144895571752; Output Position: 0.5335270401421143
[2026-04-08 05:09:54,061] INFO: Time: 0.3559944129999906; Command Position: 0.5619305375392615; Output Position: 0.5340383670714095
[2026-04-08 05:09:54,063] INFO: Time: 0.3580555220000008; Command Position: 0.5625495571241198; Output Position: 0.5345070834232634
[2026-04-08 05:09:54,065] INFO: Time: 0.3601236320000112; Command Position: 0.5631741014807048; Output Position: 0.5350184103525586
[2026-04-08 05:09:54,067] INFO: Time: 0.3621890750000034; Command Position: 0.5638012588288968; Output Position: 0.5355723478592951
[2026-04-08 05:09:54,069] INFO: Time: 0.36424851699999294; Command Position: 0.5644299924098459; Output Position: 0.5361262853660316
[2026-04-08 05:09:54,071] INFO: Time: 0.36631551600001444; Command Position: 0.5650644422958067; Output Position: 0.5365950017178855
[2026-04-08 05:09:54,073] INFO: Time: 0.3683815329999902; Command Position: 0.5657020008122287; Output Position: 0.5370211074922983
[2026-04-08 05:09:54,075] INFO: Time: 0.3704417719999924; Command Position: 0.5663411682577296; Output Position: 0.5373193815343871
[2026-04-08 05:09:54,077] INFO: Time: 0.3725057149999884; Command Position: 0.5669848782125427; Output Position: 0.5382142036606538
[2026-04-08 05:09:54,079] INFO: Time: 0.3745689350000134; Command Position: 0.5676317543177307; Output Position: 0.5386829200125076
[2026-04-08 05:09:54,081] INFO: Time: 0.376628414999999; Command Position: 0.5682808366533788; Output Position: 0.5390664152094791
[2026-04-08 05:09:54,083] INFO: Time: 0.37869400599998926; Command Position: 0.5689352327416656; Output Position: 0.5394499104064505
[2026-04-08 05:09:54,085] INFO: Time: 0.38075646699999766; Command Position: 0.5695920192415937; Output Position: 0.5397907950259806
[2026-04-08 05:09:54,087] INFO: Time: 0.38282176199999185; Command Position: 0.5702530915755496; Output Position: 0.540174290222952
[2026-04-08 05:09:54,089] INFO: Time: 0.38488561200000504; Command Position: 0.5709170804212061; Output Position: 0.540643006574806
[2026-04-08 05:09:54,092] INFO: Time: 0.3869467220000047; Command Position: 0.5715835557799742; Output Position: 0.5411543335041011
[2026-04-08 05:09:54,094] INFO: Time: 0.38900796100000434; Command Position: 0.57225343585928; Output Position: 0.5417082710108376
[2026-04-08 05:09:54,096] INFO: Time: 0.3910725329999991; Command Position: 0.5729277672709512; Output Position: 0.5422622085175742
[2026-04-08 05:09:54,098] INFO: Time: 0.3931319389999999; Command Position: 0.573603766448988; Output Position: 0.5427735354468693
[2026-04-08 05:09:54,100] INFO: Time: 0.3951908820000085; Command Position: 0.574282960256884; Output Position: 0.5433274729536058
[2026-04-08 05:09:54,102] INFO: Time: 0.39725886200000105; Command Position: 0.5749685002579594; Output Position: 0.5440092421926661
[2026-04-08 05:09:54,104] INFO: Time: 0.3993244899999979; Command Position: 0.57565662409249; Output Position: 0.5446484008542851
[2026-04-08 05:09:54,106] INFO: Time: 0.40138463599998886; Command Position: 0.5763462667424598; Output Position: 0.5452023383610216
[2026-04-08 05:09:54,108] INFO: Time: 0.40344763499999203; Command Position: 0.5770402087607005; Output Position: 0.5459267181775231
[2026-04-08 05:09:54,110] INFO: Time: 0.40551044800000113; Command Position: 0.5777374311522623; Output Position: 0.5465658768391423
[2026-04-08 05:09:54,112] INFO: Time: 0.4075709459999928; Command Position: 0.5784372049997122; Output Position: 0.5472902566556438
[2026-04-08 05:09:54,114] INFO: Time: 0.4096344820000013; Command Position: 0.5791413467436634; Output Position: 0.5480572470495866
[2026-04-08 05:09:54,116] INFO: Time: 0.4116970359999925; Command Position: 0.5798484863396512; Output Position: 0.5486537951337643
[2026-04-08 05:09:54,118] INFO: Time: 0.4137564970000085; Command Position: 0.5805578868765227; Output Position: 0.5493355643728246
[2026-04-08 05:09:54,120] INFO: Time: 0.41581877300001224; Command Position: 0.5812715794377953; Output Position: 0.5501451653442087
[2026-04-08 05:09:54,122] INFO: Time: 0.4178809940000008; Command Position: 0.581988574145745; Output Position: 0.5507417134283865
[2026-04-08 05:09:54,124] INFO: Time: 0.41994013999999424; Command Position: 0.5827078101121137; Output Position: 0.5513382615125643
[2026-04-08 05:09:54,127] INFO: Time: 0.4220110459999944; Command Position: 0.5834344866285637; Output Position: 0.5519774201741832
[2026-04-08 05:09:54,129] INFO: Time: 0.42407254500000136; Command Position: 0.5841611785341321; Output Position: 0.5526165788358023
[2026-04-08 05:09:54,131] INFO: Time: 0.42613176500000804; Command Position: 0.5848903669438564; Output Position: 0.5532557374974212
[2026-04-08 05:09:54,133] INFO: Time: 0.42819456000000855; Command Position: 0.5856241245256288; Output Position: 0.5538522855815989
[2026-04-08 05:09:54,135] INFO: Time: 0.43025672499999246; Command Position: 0.5863609591725388; Output Position: 0.5544062230883354
[2026-04-08 05:09:54,137] INFO: Time: 0.43231839000000605; Command Position: 0.5871009111870351; Output Position: 0.554960160595072
[2026-04-08 05:09:54,139] INFO: Time: 0.4343817220000119; Command Position: 0.5878447576716689; Output Position: 0.5556419298341323
[2026-04-08 05:09:54,141] INFO: Time: 0.43644483099998865; Command Position: 0.588591817256769; Output Position: 0.5561532567634274
[2026-04-08 05:09:54,143] INFO: Time: 0.43850421900000924; Command Position: 0.5893408103893715; Output Position: 0.5572611317769005
[2026-04-08 05:09:54,145] INFO: Time: 0.44056734700001243; Command Position: 0.5900944471606333; Output Position: 0.5578576798610781
[2026-04-08 05:09:54,147] INFO: Time: 0.44262997499998846; Command Position: 0.5908511829697921; Output Position: 0.5584542279452559
[2026-04-08 05:09:54,149] INFO: Time: 0.4446890289999885; Command Position: 0.5916098767931197; Output Position: 0.5590933866068749
[2026-04-08 05:09:54,151] INFO: Time: 0.4467572860000075; Command Position: 0.5923752463994717; Output Position: 0.5596047135361701
[2026-04-08 05:09:54,153] INFO: Time: 0.448822951000011; Command Position: 0.5931429391633278; Output Position: 0.5602012616203479
[2026-04-08 05:09:54,155] INFO: Time: 0.4508835420000139; Command Position: 0.5939120108326754; Output Position: 0.5609256414368494
[2026-04-08 05:09:54,158] INFO: Time: 0.45294700299999135; Command Position: 0.5946854175050277; Output Position: 0.5615648000984685
[2026-04-08 05:09:54,160] INFO: Time: 0.45500944599999116; Command Position: 0.5954617027055371; Output Position: 0.5621187376052049
[2026-04-08 05:09:54,162] INFO: Time: 0.4570702219999987; Command Position: 0.5962406121760345; Output Position: 0.562757896266824
[2026-04-08 05:09:54,164] INFO: Time: 0.45913577600001076; Command Position: 0.5970245856508976; Output Position: 0.5633970549284429
[2026-04-08 05:09:54,166] INFO: Time: 0.461199090000008; Command Position: 0.5978109618210004; Output Position: 0.5640788241675032
[2026-04-08 05:09:54,168] INFO: Time: 0.4632577920000074; Command Position: 0.5985988168167207; Output Position: 0.5647179828291223
[2026-04-08 05:09:54,170] INFO: Time: 0.4653601969999954; Command Position: 0.5994067295408354; Output Position: 0.5653145309133001
[2026-04-08 05:09:54,172] INFO: Time: 0.467421121000001; Command Position: 0.6002019669816703; Output Position: 0.565953689574919
[2026-04-08 05:09:54,174] INFO: Time: 0.4694810270000005; Command Position: 0.601000038007132; Output Position: 0.5667206799688619
[2026-04-08 05:09:54,176] INFO: Time: 0.4715471920000027; Command Position: 0.6018037705409948; Output Position: 0.5674024492079222
[2026-04-08 05:09:54,178] INFO: Time: 0.47361252400000353; Command Position: 0.6026104148127349; Output Position: 0.5681268290244237
[2026-04-08 05:09:54,180] INFO: Time: 0.475671540999997; Command Position: 0.6034178092179964; Output Position: 0.5688512088409252
[2026-04-08 05:09:54,182] INFO: Time: 0.47773761299998796; Command Position: 0.6042311944372795; Output Position: 0.5695329780799856
[2026-04-08 05:09:54,184] INFO: Time: 0.4798005739999951; Command Position: 0.6050465736914148; Output Position: 0.5702573578964871
[2026-04-08 05:09:54,186] INFO: Time: 0.48186022100000514; Command Position: 0.6058638479237951; Output Position: 0.5708965165581061
[2026-04-08 05:09:54,188] INFO: Time: 0.483923553000011; Command Position: 0.6066857914087239; Output Position: 0.5715356752197251
[2026-04-08 05:09:54,191] INFO: Time: 0.4859860699999956; Command Position: 0.607510614398102; Output Position: 0.5722174444587854
[2026-04-08 05:09:54,193] INFO: Time: 0.4880455310000116; Command Position: 0.608337407838331; Output Position: 0.5727713819655219
[2026-04-08 05:09:54,195] INFO: Time: 0.4901826020000044; Command Position: 0.6091987273638194; Output Position: 0.5733679300496997
[2026-04-08 05:09:54,197] INFO: Time: 0.49224735999999325; Command Position: 0.6100341568558447; Output Position: 0.5739218675564361
[2026-04-08 05:09:54,199] INFO: Time: 0.49430770999998686; Command Position: 0.6108709874330509; Output Position: 0.5746036367954964
[2026-04-08 05:09:54,201] INFO: Time: 0.4963703559999999; Command Position: 0.6117119331851284; Output Position: 0.5752427954571154
[2026-04-08 05:09:54,203] INFO: Time: 0.49843298400000435; Command Position: 0.6125560520400328; Output Position: 0.5758819541187346
[2026-04-08 05:09:54,205] INFO: Time: 0.5004936500000099; Command Position: 0.6134025399172731; Output Position: 0.5771176608645312
[2026-04-08 05:09:54,207] INFO: Time: 0.5025580919999868; Command Position: 0.614253754127353; Output Position: 0.5778420406810327
[2026-04-08 05:09:54,209] INFO: Time: 0.5046209799999986; Command Position: 0.6151074981518694; Output Position: 0.578523809920093
[2026-04-08 05:09:54,211] INFO: Time: 0.506680571000004; Command Position: 0.6159630354854346; Output Position: 0.5792481897365946
[2026-04-08 05:09:54,213] INFO: Time: 0.5087443650000125; Command Position: 0.6168234796546876; Output Position: 0.5800151801305374
[2026-04-08 05:09:54,215] INFO: Time: 0.5108042530000034; Command Position: 0.6176854465069879; Output Position: 0.580739559947039
[2026-04-08 05:09:54,217] INFO: Time: 0.5128627329999915; Command Position: 0.6185499651429626; Output Position: 0.5814639397635406
[2026-04-08 05:09:54,220] INFO: Time: 0.5149312119999934; Command Position: 0.6194218419031816; Output Position: 0.5821457090026008
[2026-04-08 05:09:54,222] INFO: Time: 0.5169952290000026; Command Position: 0.6202949900024307; Output Position: 0.5828700888191024
[2026-04-08 05:09:54,224] INFO: Time: 0.5190555789999962; Command Position: 0.6211697230796316; Output Position: 0.5835518580581627
[2026-04-08 05:09:54,226] INFO: Time: 0.5211217069999918; Command Position: 0.6220500517898109; Output Position: 0.5842762378746642
[2026-04-08 05:09:54,228] INFO: Time: 0.5231846499999904; Command Position: 0.6229321590186896; Output Position: 0.5850006176911657
[2026-04-08 05:09:54,230] INFO: Time: 0.5252437780000037; Command Position: 0.6238157553300256; Output Position: 0.5857249975076673
[2026-04-08 05:09:54,232] INFO: Time: 0.5273117950000028; Command Position: 0.6247062995642643; Output Position: 0.5865345984790514
[2026-04-08 05:09:54,234] INFO: Time: 0.5293773120000083; Command Position: 0.6255988976735029; Output Position: 0.587258978295553
[2026-04-08 05:09:54,236] INFO: Time: 0.5314373289999992; Command Position: 0.6264922309051224; Output Position: 0.5880259686894957
[2026-04-08 05:09:54,238] INFO: Time: 0.5335046419999969; Command Position: 0.6273918481716705; Output Position: 0.5887929590834386
[2026-04-08 05:09:54,240] INFO: Time: 0.5355737509999869; Command Position: 0.6282953724622068; Output Position: 0.5895173388999402
[2026-04-08 05:09:54,242] INFO: Time: 0.5376356019999946; Command Position: 0.6291988335616373; Output Position: 0.590284329293883
[2026-04-08 05:09:54,244] INFO: Time: 0.5397012299999915; Command Position: 0.630107054684693; Output Position: 0.5909660985329432
[2026-04-08 05:09:54,246] INFO: Time: 0.5417693580000105; Command Position: 0.6310194842632035; Output Position: 0.5917330889268861
[2026-04-08 05:09:54,248] INFO: Time: 0.5438372449999918; Command Position: 0.6319349138238038; Output Position: 0.5924148581659464
[2026-04-08 05:09:54,250] INFO: Time: 0.5459016689999885; Command Position: 0.6328519044035827; Output Position: 0.5931818485598892
[2026-04-08 05:09:54,253] INFO: Time: 0.5479660379999984; Command Position: 0.6337719575978231; Output Position: 0.5939062283763907
[2026-04-08 05:09:54,255] INFO: Time: 0.5500279439999929; Command Position: 0.6346939902667545; Output Position: 0.5946732187703335
[2026-04-08 05:09:54,257] INFO: Time: 0.5520943120000084; Command Position: 0.6356210992565414; Output Position: 0.5953549880093939
[2026-04-08 05:09:54,259] INFO: Time: 0.5541593659999933; Command Position: 0.6365506957813051; Output Position: 0.5960367572484542
[2026-04-08 05:09:54,261] INFO: Time: 0.5562198089999981; Command Position: 0.6374812781144621; Output Position: 0.5967611370649557
[2026-04-08 05:09:54,263] INFO: Time: 0.5582838439999875; Command Position: 0.638416544453156; Output Position: 0.597442906304016
[2026-04-08 05:09:54,265] INFO: Time: 0.5603471020000086; Command Position: 0.6393545169938861; Output Position: 0.5981246755430762
[2026-04-08 05:09:54,267] INFO: Time: 0.5624069520000035; Command Position: 0.640293985999068; Output Position: 0.5988490553595778
[2026-04-08 05:09:54,269] INFO: Time: 0.5644701539999915; Command Position: 0.6412380300999083; Output Position: 0.5997012669084031
[2026-04-08 05:09:54,271] INFO: Time: 0.5665363930000069; Command Position: 0.6421865149084963; Output Position: 0.60127785827373
[2026-04-08 05:09:54,273] INFO: Time: 0.5685974470000019; Command Position: 0.643135657031052; Output Position: 0.6021300698225555
[2026-04-08 05:09:54,275] INFO: Time: 0.570662298000002; Command Position: 0.644089585286151; Output Position: 0.6029822813713808
[2026-04-08 05:09:54,277] INFO: Time: 0.572725351999992; Command Position: 0.6450457152979359; Output Position: 0.6037918823427648
[2026-04-08 05:09:54,279] INFO: Time: 0.574784980000004; Command Position: 0.6460032761441233; Output Position: 0.6046014833141489
[2026-04-08 05:09:54,281] INFO: Time: 0.5768484959999967; Command Position: 0.6469656647881891; Output Position: 0.6054536948629744
[2026-04-08 05:09:54,283] INFO: Time: 0.578910532000009; Command Position: 0.647930378488363; Output Position: 0.6063059064117997
[2026-04-08 05:09:54,286] INFO: Time: 0.5809722159999922; Command Position: 0.6488979364584025; Output Position: 0.6071155073831838
[2026-04-08 05:09:54,288] INFO: Time: 0.5830427880000002; Command Position: 0.6498726892409297; Output Position: 0.6080103295094504
[2026-04-08 05:09:54,290] INFO: Time: 0.5851041200000111; Command Position: 0.6508460974990751; Output Position: 0.6087773199033931
[2026-04-08 05:09:54,292] INFO: Time: 0.5871642289999954; Command Position: 0.6518219196461633; Output Position: 0.6095869208747773
[2026-04-08 05:09:54,294] INFO: Time: 0.5892289870000127; Command Position: 0.6528029400076062; Output Position: 0.6103539112687202
[2026-04-08 05:09:54,296] INFO: Time: 0.5912911700000052; Command Position: 0.6537857262141988; Output Position: 0.611291343972428
[2026-04-08 05:09:54,298] INFO: Time: 0.5933524840000075; Command Position: 0.6547710792365299; Output Position: 0.6121009449438121
[2026-04-08 05:09:54,300] INFO: Time: 0.5954163890000075; Command Position: 0.6557606521641537; Output Position: 0.6129531564926375
[2026-04-08 05:09:54,302] INFO: Time: 0.5974788139999987; Command Position: 0.6567524908823401; Output Position: 0.6138053680414628
[2026-04-08 05:09:54,304] INFO: Time: 0.5995386449999955; Command Position: 0.6577460462301132; Output Position: 0.6145723584354056
[2026-04-08 05:09:54,306] INFO: Time: 0.6016010879999953; Command Position: 0.6587438247144071; Output Position: 0.6153393488293485
[2026-04-08 05:09:54,308] INFO: Time: 0.6036662719999981; Command Position: 0.6597458956238041; Output Position: 0.6161063392232913
[2026-04-08 05:09:54,310] INFO: Time: 0.6057271409999885; Command Position: 0.6607488271815989; Output Position: 0.6169159401946753
[2026-04-08 05:09:54,312] INFO: Time: 0.6077924909999979; Command Position: 0.6617568956664012; Output Position: 0.6175977094337356
[2026-04-08 05:09:54,314] INFO: Time: 0.6098615999999879; Command Position: 0.6627697616607277; Output Position: 0.6183220892502371
[2026-04-08 05:09:54,316] INFO: Time: 0.6119218949999947; Command Position: 0.6637812548946876; Output Position: 0.6191743007990625
[2026-04-08 05:09:54,319] INFO: Time: 0.6139860780000106; Command Position: 0.6647975960809789; Output Position: 0.6199412911930053
[2026-04-08 05:09:54,321] INFO: Time: 0.6160530580000056; Command Position: 0.665818257575431; Output Position: 0.6207082815869482
[2026-04-08 05:09:54,323] INFO: Time: 0.6181144269999947; Command Position: 0.6668390767992133; Output Position: 0.6214752719808909
[2026-04-08 05:09:54,325] INFO: Time: 0.6201790359999961; Command Position: 0.667864427065691; Output Position: 0.6223274835297165
[2026-04-08 05:09:54,327] INFO: Time: 0.6222471830000131; Command Position: 0.6688944659891316; Output Position: 0.6231370845011005
[2026-04-08 05:09:54,329] INFO: Time: 0.6243071439999994; Command Position: 0.6699233397747183; Output Position: 0.6239040748950433
[2026-04-08 05:09:54,331] INFO: Time: 0.6263719760000015; Command Position: 0.6709575580627998; Output Position: 0.6248415075987511
[2026-04-08 05:09:54,333] INFO: Time: 0.6284360479999975; Command Position: 0.6719943043076694; Output Position: 0.6257363297250178
[2026-04-08 05:09:54,335] INFO: Time: 0.6304960649999884; Command Position: 0.673031908492792; Output Position: 0.6276538057098748
[2026-04-08 05:09:54,337] INFO: Time: 0.6325601380000023; Command Position: 0.6740744511778034; Output Position: 0.6284634066812589
[2026-04-08 05:09:54,339] INFO: Time: 0.6346234140000035; Command Position: 0.6751194831557142; Output Position: 0.6293582288075256
[2026-04-08 05:09:54,341] INFO: Time: 0.6366829490000043; Command Position: 0.6761654989179653; Output Position: 0.6302956615112334
[2026-04-08 05:09:54,343] INFO: Time: 0.6387483000000032; Command Position: 0.6772173518217616; Output Position: 0.6311904836375001
[2026-04-08 05:09:54,345] INFO: Time: 0.640813167999994; Command Position: 0.6782718401371044; Output Position: 0.6320426951863254
[2026-04-08 05:09:54,347] INFO: Time: 0.6428724259999967; Command Position: 0.6793263279560271; Output Position: 0.6329375173125921
[2026-04-08 05:09:54,350] INFO: Time: 0.6449353870000039; Command Position: 0.6803855752987755; Output Position: 0.6338749500162999
[2026-04-08 05:09:54,352] INFO: Time: 0.6469978300000037; Command Position: 0.6814474165460849; Output Position: 0.6347271615651253
[2026-04-08 05:09:54,354] INFO: Time: 0.6490570880000064; Command Position: 0.6825104659653792; Output Position: 0.6355793731139507
[2026-04-08 05:09:54,356] INFO: Time: 0.6511297529999922; Command Position: 0.6835833050748397; Output Position: 0.6365168058176586
[2026-04-08 05:09:54,358] INFO: Time: 0.6531939179999995; Command Position: 0.6846545996971241; Output Position: 0.6373690173664839
[2026-04-08 05:09:54,360] INFO: Time: 0.6552547119999872; Command Position: 0.6857269821680056; Output Position: 0.6382212289153092
[2026-04-08 05:09:54,362] INFO: Time: 0.6573179700000082; Command Position: 0.6868034819851327; Output Position: 0.6390734404641346
[2026-04-08 05:09:54,364] INFO: Time: 0.6593804679999948; Command Position: 0.6878824155267518; Output Position: 0.63992565201296
[2026-04-08 05:09:54,366] INFO: Time: 0.6614397820000022; Command Position: 0.6889625016174539; Output Position: 0.6407778635617853
[2026-04-08 05:09:54,368] INFO: Time: 0.6635025209999981; Command Position: 0.6900472020543329; Output Position: 0.6416726856880519
[2026-04-08 05:09:54,370] INFO: Time: 0.6655704270000058; Command Position: 0.6911374454204142; Output Position: 0.6425248972368773
[2026-04-08 05:09:54,372] INFO: Time: 0.6676324249999936; Command Position: 0.6922273861439593; Output Position: 0.6435049405180265
[2026-04-08 05:09:54,374] INFO: Time: 0.6696971640000129; Command Position: 0.6933215843767659; Output Position: 0.6444423732217344
[2026-04-08 05:09:54,376] INFO: Time: 0.6717601990000048; Command Position: 0.6944176815233911; Output Position: 0.6454224165028835
[2026-04-08 05:09:54,378] INFO: Time: 0.6738204199999984; Command Position: 0.6955150735339601; Output Position: 0.6463598492065914
[2026-04-08 05:09:54,380] INFO: Time: 0.675884381000003; Command Position: 0.6966172481996296; Output Position: 0.6472972819102992
[2026-04-08 05:09:54,383] INFO: Time: 0.6779475090000062; Command Position: 0.6977217642497368; Output Position: 0.6482773251914485
[2026-04-08 05:09:54,385] INFO: Time: 0.6800058409999963; Command Position: 0.6988264835253489; Output Position: 0.6491295367402738
[2026-04-08 05:09:54,387] INFO: Time: 0.682073172999992; Command Position: 0.6999388137433589; Output Position: 0.6499817482890992
[2026-04-08 05:09:54,389] INFO: Time: 0.6841336900000101; Command Position: 0.7010502448582474; Output Position: 0.650919180992807
[2026-04-08 05:09:54,391] INFO: Time: 0.6861938730000077; Command Position: 0.7021642531102319; Output Position: 0.6517287819641912
[2026-04-08 05:09:54,393] INFO: Time: 0.6882574459999944; Command Position: 0.7032828531250398; Output Position: 0.6526236040904577
[2026-04-08 05:09:54,395] INFO: Time: 0.6903191659999948; Command Position: 0.7044032007020674; Output Position: 0.6534758156392831
[2026-04-08 05:09:54,397] INFO: Time: 0.6923803690000057; Command Position: 0.7055260118637863; Output Position: 0.6542001954557848
[2026-04-08 05:09:54,399] INFO: Time: 0.6944436820000135; Command Position: 0.7066527155723565; Output Position: 0.6551376281594926
[2026-04-08 05:09:54,401] INFO: Time: 0.6965074759999936; Command Position: 0.7077824221950819; Output Position: 0.6567568301022608
[2026-04-08 05:09:54,403] INFO: Time: 0.6985747150000066; Command Position: 0.7089167567367396; Output Position: 0.6576942628059687
[2026-04-08 05:09:54,405] INFO: Time: 0.7006383810000045; Command Position: 0.7100518627324351; Output Position: 0.6585890849322352
[2026-04-08 05:09:54,407] INFO: Time: 0.7027034900000046; Command Position: 0.7111904896596245; Output Position: 0.6595691282133844
[2026-04-08 05:09:54,409] INFO: Time: 0.704764914000009; Command Position: 0.7123298003777714; Output Position: 0.6605917820719749
[2026-04-08 05:09:54,411] INFO: Time: 0.7068300790000137; Command Position: 0.7134738938795837; Output Position: 0.6615292147756828
[2026-04-08 05:09:54,413] INFO: Time: 0.7088931330000037; Command Position: 0.7146195260562629; Output Position: 0.6624666474793907
[2026-04-08 05:09:54,416] INFO: Time: 0.7109546869999974; Command Position: 0.7157670237524028; Output Position: 0.6635745224928636
[2026-04-08 05:09:54,418] INFO: Time: 0.7130196669999975; Command Position: 0.7169191272849039; Output Position: 0.6645545657740128
[2026-04-08 05:09:54,420] INFO: Time: 0.7150794430000076; Command Position: 0.718071012919528; Output Position: 0.6656198302100444
[2026-04-08 05:09:54,422] INFO: Time: 0.7171389599999998; Command Position: 0.719225430000028; Output Position: 0.6666424840686349
[2026-04-08 05:09:54,424] INFO: Time: 0.7192023290000122; Command Position: 0.7203846844766622; Output Position: 0.6676651379272253
[2026-04-08 05:09:54,426] INFO: Time: 0.7212651609999909; Command Position: 0.7215463115440954; Output Position: 0.6686877917858157
[2026-04-08 05:09:54,428] INFO: Time: 0.7233252890000017; Command Position: 0.7227090792083494; Output Position: 0.6697104456444062
[2026-04-08 05:09:54,430] INFO: Time: 0.7253899540000077; Command Position: 0.7238770725205427; Output Position: 0.6706478783481141
[2026-04-08 05:09:54,432] INFO: Time: 0.7274526740000056; Command Position: 0.72504662414652; Output Position: 0.6716705322067045
[2026-04-08 05:09:54,434] INFO: Time: 0.7295126729999879; Command Position: 0.7262172796371802; Output Position: 0.672565354332971
[2026-04-08 05:09:54,436] INFO: Time: 0.7315757819999931; Command Position: 0.7273923479157286; Output Position: 0.6734601764592377
[2026-04-08 05:09:54,438] INFO: Time: 0.7336389840000095; Command Position: 0.7285701112936132; Output Position: 0.6744828303178282
[2026-04-08 05:09:54,440] INFO: Time: 0.7357007790000125; Command Position: 0.7297497054926083; Output Position: 0.6752924312892122
[2026-04-08 05:09:54,442] INFO: Time: 0.7377650550000112; Command Position: 0.7309333514616918; Output Position: 0.6763150851478027
[2026-04-08 05:09:54,444] INFO: Time: 0.7398272389999931; Command Position: 0.7321184222898802; Output Position: 0.677337739006393
[2026-04-08 05:09:54,446] INFO: Time: 0.7418863110000018; Command Position: 0.7333043163753499; Output Position: 0.678275171710101
[2026-04-08 05:09:54,449] INFO: Time: 0.7439564389999873; Command Position: 0.7344992031479292; Output Position: 0.679383046723574
[2026-04-08 05:09:54,451] INFO: Time: 0.7460216970000033; Command Position: 0.7356938962388031; Output Position: 0.6804057005821644
[2026-04-08 05:09:54,453] INFO: Time: 0.7480837690000044; Command Position: 0.7368893489172744; Output Position: 0.6813431332858723
[2026-04-08 05:09:54,455] INFO: Time: 0.7501486189999866; Command Position: 0.7380890123516561; Output Position: 0.6823657871444627
[2026-04-08 05:09:54,457] INFO: Time: 0.7522124879999978; Command Position: 0.7392907003821644; Output Position: 0.6834310515804944
[2026-04-08 05:09:54,459] INFO: Time: 0.7542716719999873; Command Position: 0.7404922400880289; Output Position: 0.6844110948616435
[2026-04-08 05:09:54,461] INFO: Time: 0.7563348920000124; Command Position: 0.7416987133662635; Output Position: 0.6853911381427927
[2026-04-08 05:09:54,463] INFO: Time: 0.7584015019999981; Command Position: 0.7429097507546745; Output Position: 0.6864564025788245
[2026-04-08 05:09:54,465] INFO: Time: 0.7604621300000076; Command Position: 0.7441198497508018; Output Position: 0.6873938352825323
[2026-04-08 05:09:54,467] INFO: Time: 0.7625274620000084; Command Position: 0.7453352776305829; Output Position: 0.6893113112673893
[2026-04-08 05:09:54,469] INFO: Time: 0.7645908490000011; Command Position: 0.7465521209935807; Output Position: 0.6902913545485385
[2026-04-08 05:09:54,471] INFO: Time: 0.7666509210000072; Command Position: 0.7477695564593105; Output Position: 0.6911861766748051
[2026-04-08 05:09:54,473] INFO: Time: 0.7687165860000107; Command Position: 0.748992846895937; Output Position: 0.6921662199559543
[2026-04-08 05:09:54,475] INFO: Time: 0.7707765110000082; Command Position: 0.7502152749191116; Output Position: 0.6931036526596622
[2026-04-08 05:09:54,477] INFO: Time: 0.7728376020000098; Command Position: 0.7514409246324042; Output Position: 0.6940836959408113
[2026-04-08 05:09:54,479] INFO: Time: 0.7749027479999882; Command Position: 0.7526715179005703; Output Position: 0.694978518067078
[2026-04-08 05:09:54,482] INFO: Time: 0.7769666169999994; Command Position: 0.7539038768201118; Output Position: 0.6959585613482271
[2026-04-08 05:09:54,484] INFO: Time: 0.7790266339999903; Command Position: 0.7551364486805333; Output Position: 0.6969386046293763
[2026-04-08 05:09:54,486] INFO: Time: 0.7810894659999974; Command Position: 0.7563732149022684; Output Position: 0.6978760373330842
[2026-04-08 05:09:54,488] INFO: Time: 0.7831601299999988; Command Position: 0.757617197069283; Output Position: 0.6988986911916747
[2026-04-08 05:09:54,490] INFO: Time: 0.7852285550000033; Command Position: 0.758862349262462; Output Position: 0.6998787344728238
[2026-04-08 05:09:54,492] INFO: Time: 0.7872948680000036; Command Position: 0.7601087341683459; Output Position: 0.7009439989088555
[2026-04-08 05:09:54,494] INFO: Time: 0.789358902999993; Command Position: 0.7613562378550851; Output Position: 0.7020092633448871
[2026-04-08 05:09:54,496] INFO: Time: 0.7914184200000136; Command Position: 0.7626034883581065; Output Position: 0.7031171383583601
[2026-04-08 05:09:54,498] INFO: Time: 0.7934816959999864; Command Position: 0.7638554910616331; Output Position: 0.7041824027943918
[2026-04-08 05:09:54,502] INFO: Time: 0.7970409440000026; Command Position: 0.76602106178923; Output Position: 0.7063129316664551
[2026-04-08 05:09:54,504] INFO: Time: 0.7991103690000045; Command Position: 0.7672835423980935; Output Position: 0.7074208066799282
[2026-04-08 05:09:54,506] INFO: Time: 0.801175274000002; Command Position: 0.7685457282463162; Output Position: 0.7084434605385187
[2026-04-08 05:09:54,508] INFO: Time: 0.8032352170000081; Command Position: 0.7698073263352117; Output Position: 0.709466114397109
[2026-04-08 05:09:54,510] INFO: Time: 0.8053019380000137; Command Position: 0.7710755240728996; Output Position: 0.7105313788331408
[2026-04-08 05:09:54,512] INFO: Time: 0.807365677000007; Command Position: 0.7723443332789224; Output Position: 0.7116392538466136
[2026-04-08 05:09:54,514] INFO: Time: 0.8094274530000121; Command Position: 0.7736143657573926; Output Position: 0.712619297127763
[2026-04-08 05:09:54,516] INFO: Time: 0.8114913960000081; Command Position: 0.7748881599721475; Output Position: 0.7137271721412358
[2026-04-08 05:09:54,518] INFO: Time: 0.8135582650000117; Command Position: 0.7761661873765888; Output Position: 0.7148350471547088
[2026-04-08 05:09:54,520] INFO: Time: 0.8156185409999921; Command Position: 0.7774425495900074; Output Position: 0.7158577010132992
[2026-04-08 05:09:54,522] INFO: Time: 0.8176817060000019; Command Position: 0.7787231083434234; Output Position: 0.716922965449331
[2026-04-08 05:09:54,524] INFO: Time: 0.8197441490000017; Command Position: 0.7800056201940564; Output Position: 0.7179882298853626
[2026-04-08 05:09:54,526] INFO: Time: 0.8218032769999866; Command Position: 0.7812884596963182; Output Position: 0.719010883743953
[2026-04-08 05:09:54,528] INFO: Time: 0.8238689789999967; Command Position: 0.7825777873837616; Output Position: 0.7200761481799848
[2026-04-08 05:09:54,531] INFO: Time: 0.8259337359999961; Command Position: 0.7838689139619209; Output Position: 0.7211414126160164
[2026-04-08 05:09:54,533] INFO: Time: 0.8279930870000101; Command Position: 0.7851590328750488; Output Position: 0.7222492876294894
[2026-04-08 05:09:54,535] INFO: Time: 0.8300572519999889; Command Position: 0.7864545395786052; Output Position: 0.7233571626429623
[2026-04-08 05:09:54,537] INFO: Time: 0.8321206020000034; Command Position: 0.7877519020626502; Output Position: 0.7244650376564352
[2026-04-08 05:09:54,539] INFO: Time: 0.8341800999999975; Command Position: 0.7890491967041728; Output Position: 0.725530302092467
[2026-04-08 05:09:54,541] INFO: Time: 0.836244746999995; Command Position: 0.7903520894660914; Output Position: 0.7266807876833812
[2026-04-08 05:09:54,543] INFO: Time: 0.838307412000006; Command Position: 0.7916560796839348; Output Position: 0.7277886626968542
[2026-04-08 05:09:54,545] INFO: Time: 0.8403684840000096; Command Position: 0.7929614010988792; Output Position: 0.7288539271328859
[2026-04-08 05:09:54,547] INFO: Time: 0.842434241999996; Command Position: 0.7942720294962728; Output Position: 0.7299191915689176
[2026-04-08 05:09:54,549] INFO: Time: 0.8444979630000091; Command Position: 0.7955836978241477; Output Position: 0.7320923310184223
[2026-04-08 05:09:54,551] INFO: Time: 0.8465573130000053; Command Position: 0.796894905671232; Output Position: 0.7331149848770127
[2026-04-08 05:09:54,553] INFO: Time: 0.8486207189999959; Command Position: 0.7982110119327375; Output Position: 0.7342228598904856
[2026-04-08 05:09:54,555] INFO: Time: 0.8506825130000095; Command Position: 0.7995283993600123; Output Position: 0.7352455137490761
[2026-04-08 05:09:54,557] INFO: Time: 0.8527421039999865; Command Position: 0.800846677795021; Output Position: 0.7363533887625491
[2026-04-08 05:09:54,559] INFO: Time: 0.8548092880000127; Command Position: 0.802172120201338; Output Position: 0.737461263776022
[2026-04-08 05:09:54,561] INFO: Time: 0.8568742859999929; Command Position: 0.803498459304425; Output Position: 0.7385265282120537
[2026-04-08 05:09:54,564] INFO: Time: 0.858934655000013; Command Position: 0.8048241084301935; Output Position: 0.7395065714932029
[2026-04-08 05:09:54,566] INFO: Time: 0.8610010980000027; Command Position: 0.8061559501229036; Output Position: 0.7406144465066757
[2026-04-08 05:09:54,568] INFO: Time: 0.863061206999987; Command Position: 0.8074859806848269; Output Position: 0.7417649320975901
[2026-04-08 05:09:54,570] INFO: Time: 0.8651233170000125; Command Position: 0.8088195679182737; Output Position: 0.7429154176885043
[2026-04-08 05:09:54,572] INFO: Time: 0.8671896849999996; Command Position: 0.8101581755275497; Output Position: 0.7440659032794186
[2026-04-08 05:09:54,574] INFO: Time: 0.8692540730000076; Command Position: 0.8114977599884525; Output Position: 0.7452163888703328
[2026-04-08 05:09:54,576] INFO: Time: 0.871313960000009; Command Position: 0.8128366685518654; Output Position: 0.746366874461247
[2026-04-08 05:09:54,578] INFO: Time: 0.8733780139999965; Command Position: 0.814180528538172; Output Position: 0.7474747494747199
[2026-04-08 05:09:54,580] INFO: Time: 0.875440215999987; Command Position: 0.8155254186189993; Output Position: 0.7486678456430754
[2026-04-08 05:09:54,582] INFO: Time: 0.8775064179999958; Command Position: 0.8168751524461246; Output Position: 0.7498609418114309
[2026-04-08 05:09:54,584] INFO: Time: 0.8795713609999893; Command Position: 0.818226292750128; Output Position: 0.7509262062474626
[2026-04-08 05:09:54,586] INFO: Time: 0.8816347480000104; Command Position: 0.8195786343303696; Output Position: 0.7521193024158181
[2026-04-08 05:09:54,588] INFO: Time: 0.8836938210000085; Command Position: 0.8209303538422579; Output Position: 0.7532271774292911
[2026-04-08 05:09:54,590] INFO: Time: 0.8857570600000031; Command Position: 0.8222870116005048; Output Position: 0.7543776630202053
[2026-04-08 05:09:54,592] INFO: Time: 0.8878185030000054; Command Position: 0.823644684842165; Output Position: 0.7555707591885609
[2026-04-08 05:09:54,594] INFO: Time: 0.8898790380000037; Command Position: 0.8250039477629956; Output Position: 0.7567212447794751
[2026-04-08 05:09:54,597] INFO: Time: 0.8919437030000097; Command Position: 0.8263681225368099; Output Position: 0.7579569515252718
[2026-04-08 05:09:54,599] INFO: Time: 0.8940031459999886; Command Position: 0.8277310219900592; Output Position: 0.759107437116186
[2026-04-08 05:09:54,601] INFO: Time: 0.8960615519999919; Command Position: 0.8290953994267848; Output Position: 0.7604283650168653
[2026-04-08 05:09:54,603] INFO: Time: 0.8981244759999925; Command Position: 0.8304649360063732; Output Position: 0.7616640717626622
[2026-04-08 05:09:54,605] INFO: Time: 0.9001866410000048; Command Position: 0.8318361279624698; Output Position: 0.7628997785084589
[2026-04-08 05:09:54,607] INFO: Time: 0.9022471769999925; Command Position: 0.8332083866719917; Output Position: 0.7641354852542556
[2026-04-08 05:09:54,609] INFO: Time: 0.9043112859999951; Command Position: 0.8345851731523954; Output Position: 0.7653711920000524
[2026-04-08 05:09:54,611] INFO: Time: 0.9063740809999956; Command Position: 0.8359632248191176; Output Position: 0.7666495093232905
[2026-04-08 05:09:54,613] INFO: Time: 0.9084335420000116; Command Position: 0.8373411785632408; Output Position: 0.7677999949142047
[2026-04-08 05:09:54,615] INFO: Time: 0.9104960409999876; Command Position: 0.838723290903012; Output Position: 0.7690783122374427
[2026-04-08 05:09:54,617] INFO: Time: 0.9125586129999874; Command Position: 0.8401075733128356; Output Position: 0.7714218939967125
[2026-04-08 05:09:54,619] INFO: Time: 0.9146217599999886; Command Position: 0.841494357245334; Output Position: 0.7725723795876267
[2026-04-08 05:09:54,621] INFO: Time: 0.916686943000002; Command Position: 0.8428846222729434; Output Position: 0.7736802546010996
[2026-04-08 05:09:54,623] INFO: Time: 0.9187505900000019; Command Position: 0.844275958028978; Output Position: 0.7749159613468964
[2026-04-08 05:09:54,625] INFO: Time: 0.920809217999988; Command Position: 0.8456659997433846; Output Position: 0.7761090575152518
[2026-04-08 05:09:54,627] INFO: Time: 0.922872309000013; Command Position: 0.8470611425829411; Output Position: 0.7773447642610487
[2026-04-08 05:09:54,630] INFO: Time: 0.9249405660000036; Command Position: 0.848461870038967; Output Position: 0.7785804710068454
[2026-04-08 05:09:54,632] INFO: Time: 0.9270023789999868; Command Position: 0.8498603107717879; Output Position: 0.7798161777526422
[2026-04-08 05:09:54,634] INFO: Time: 0.9290722300000027; Command Position: 0.8512662831490037; Output Position: 0.781051884498439
[2026-04-08 05:09:54,636] INFO: Time: 0.9311360979999961; Command Position: 0.8526702597638383; Output Position: 0.782330201821677
[2026-04-08 05:09:54,638] INFO: Time: 0.9332085039999924; Command Position: 0.8540821159702332; Output Position: 0.7835659085674738
[2026-04-08 05:09:54,640] INFO: Time: 0.9352814469999942; Command Position: 0.8554964079459602; Output Position: 0.7848016153132705
[2026-04-08 05:09:54,642] INFO: Time: 0.9373518890000128; Command Position: 0.8569110533866182; Output Position: 0.785994711481626
[2026-04-08 05:09:54,644] INFO: Time: 0.9394199429999901; Command Position: 0.8583261155699835; Output Position: 0.7871451970725403
[2026-04-08 05:09:54,646] INFO: Time: 0.9414844599999981; Command Position: 0.8597407928802683; Output Position: 0.7884235143957783
[2026-04-08 05:09:54,648] INFO: Time: 0.9435468099999866; Command Position: 0.8611560090551217; Output Position: 0.7896166105641338
[2026-04-08 05:09:54,650] INFO: Time: 0.9456151969999951; Command Position: 0.8625773928673208; Output Position: 0.7908523173099306
[2026-04-08 05:09:54,652] INFO: Time: 0.9476769739999895; Command Position: 0.8639962459061254; Output Position: 0.7920880240557273
[2026-04-08 05:09:54,654] INFO: Time: 0.9497378609999885; Command Position: 0.865416486919133; Output Position: 0.7932811202240828
[2026-04-08 05:09:54,656] INFO: Time: 0.9518021739999938; Command Position: 0.8668410872955198; Output Position: 0.7945168269698796
[2026-04-08 05:09:54,658] INFO: Time: 0.9538684690000139; Command Position: 0.8682690517104754; Output Position: 0.7957525337156763
[2026-04-08 05:09:54,661] INFO: Time: 0.9559300779999944; Command Position: 0.8696957615050132; Output Position: 0.7970734616163556
[2026-04-08 05:09:54,663] INFO: Time: 0.9579967249999868; Command Position: 0.8711279398710106; Output Position: 0.7983517789395936
[2026-04-08 05:09:54,665] INFO: Time: 0.9600568159999909; Command Position: 0.8725575433654327; Output Position: 0.799672706840273
[2026-04-08 05:09:54,667] INFO: Time: 0.962116146999989; Command Position: 0.8739885769971177; Output Position: 0.800951024163511
[2026-04-08 05:09:54,669] INFO: Time: 0.9641834980000112; Command Position: 0.8754271456682547; Output Position: 0.8023145626416316
[2026-04-08 05:09:54,671] INFO: Time: 0.9662485880000133; Command Position: 0.8768660968127101; Output Position: 0.8035928799648696
[2026-04-08 05:09:54,673] INFO: Time: 0.9683089940000116; Command Position: 0.8783037255274286; Output Position: 0.8048285867106664
[2026-04-08 05:09:54,675] INFO: Time: 0.9703726589999917; Command Position: 0.8797455652335568; Output Position: 0.8061069040339044
[2026-04-08 05:09:54,677] INFO: Time: 0.972436249999987; Command Position: 0.8811892849893367; Output Position: 0.8073000002022599
[2026-04-08 05:09:54,679] INFO: Time: 0.9744954520000135; Command Position: 0.8826318529768153; Output Position: 0.8086209281029393
[2026-04-08 05:09:54,681] INFO: Time: 0.9765623579999954; Command Position: 0.8840817387908294; Output Position: 0.8111349521719741
[2026-04-08 05:09:54,683] INFO: Time: 0.9786257080000098; Command Position: 0.8855310428267492; Output Position: 0.8123706589177708
[2026-04-08 05:09:54,685] INFO: Time: 0.980685244; Command Position: 0.8869795668785768; Output Position: 0.8136489762410088
[2026-04-08 05:09:54,687] INFO: Time: 0.9827480200000025; Command Position: 0.8884322646484294; Output Position: 0.8150551252965706
[2026-04-08 05:09:54,689] INFO: Time: 0.984810073999995; Command Position: 0.889886342620825; Output Position: 0.8163334426198088
[2026-04-08 05:09:54,691] INFO: Time: 0.9868705910000131; Command Position: 0.891341216216009; Output Position: 0.8176117599430468
[2026-04-08 05:09:54,694] INFO: Time: 0.9889348119999966; Command Position: 0.8928005821262948; Output Position: 0.8190179089986086
[2026-04-08 05:09:54,696] INFO: Time: 0.9909993279999867; Command Position: 0.8942620288915177; Output Position: 0.8203388368992879
[2026-04-08 05:09:54,698] INFO: Time: 0.9930582529999867; Command Position: 0.8957213758863111; Output Position: 0.8217023753774084
[2026-04-08 05:09:54,700] INFO: Time: 0.9951236400000028; Command Position: 0.8971871605158671; Output Position: 0.8230659138555291
[2026-04-08 05:09:54,702] INFO: Time: 0.9971831750000035; Command Position: 0.8986506376650014; Output Position: 0.8244294523336495
[2026-04-08 05:09:54,704] INFO: Time: 0.9992439700000091; Command Position: 0.9001168480303627; Output Position: 0.8257503802343289
[2026-04-08 05:09:54,706] INFO: Time: 1.0013092089999986; Command Position: 0.9015880577406381; Output Position: 0.8271565292898907
[2026-04-08 05:09:54,708] INFO: Time: 1.0033764670000096; Command Position: 0.903062541046815; Output Position: 0.82847745719057
[2026-04-08 05:09:54,710] INFO: Time: 1.0054372799999953; Command Position: 0.904534248196183; Output Position: 0.8298409956686906
[2026-04-08 05:09:54,712] INFO: Time: 1.0075015930000006; Command Position: 0.9060102705163224; Output Position: 0.8312471447242524
[2026-04-08 05:09:54,714] INFO: Time: 1.009565758000008; Command Position: 0.9074879971498573; Output Position: 0.8326959043572555
[2026-04-08 05:09:54,716] INFO: Time: 1.0116273120000017; Command Position: 0.9089656543295208; Output Position: 0.8341020534128174
[2026-04-08 05:09:54,718] INFO: Time: 1.0136924770000064; Command Position: 0.9104476961876775; Output Position: 0.8354655918909379
[2026-04-08 05:09:54,720] INFO: Time: 1.0158242150000092; Command Position: 0.9119793919217942; Output Position: 0.8368717409464997
[2026-04-08 05:09:54,722] INFO: Time: 1.0178877319999913; Command Position: 0.9134638801047376; Output Position: 0.8383631111569442
[2026-04-08 05:09:54,725] INFO: Time: 1.0199508599999945; Command Position: 0.9149498620709744; Output Position: 0.8397266496350647
[2026-04-08 05:09:54,728] INFO: Time: 1.0232717419999915; Command Position: 0.9173454571367138; Output Position: 0.8426667794785122
[2026-04-08 05:09:54,730] INFO: Time: 1.0253409260000126; Command Position: 0.9188404124397316; Output Position: 0.844072928534074
[2026-04-08 05:09:54,732] INFO: Time: 1.027408868000009; Command Position: 0.9203362274780343; Output Position: 0.8455216881670772
[2026-04-08 05:09:54,734] INFO: Time: 1.029471921999999; Command Position: 0.9218302501803228; Output Position: 0.8469704478000802
[2026-04-08 05:09:54,736] INFO: Time: 1.0315380499999947; Command Position: 0.9233282371713818; Output Position: 0.8482913757007595
[2026-04-08 05:09:54,738] INFO: Time: 1.033605714999993; Command Position: 0.9248290728961266; Output Position: 0.8496549141788802
[2026-04-08 05:09:54,740] INFO: Time: 1.0356757319999872; Command Position: 0.9263333467769264; Output Position: 0.8511462843893245
[2026-04-08 05:09:54,742] INFO: Time: 1.037753471000002; Command Position: 0.9278449667129008; Output Position: 0.8525524334448863
[2026-04-08 05:09:54,745] INFO: Time: 1.0398377100000005; Command Position: 0.9293630543110359; Output Position: 0.853915971923007
[2026-04-08 05:09:54,747] INFO: Time: 1.0419031520000033; Command Position: 0.930869161656843; Output Position: 0.8553221209785687
[2026-04-08 05:09:54,749] INFO: Time: 1.0439730950000126; Command Position: 0.9323802526618079; Output Position: 0.8567708806115718
[2026-04-08 05:09:54,751] INFO: Time: 1.0460332970000081; Command Position: 0.9338859169542615; Output Position: 0.8582622508220162
[2026-04-08 05:09:54,753] INFO: Time: 1.048093740000013; Command Position: 0.9353934310500801; Output Position: 0.8597110104550194
[2026-04-08 05:09:54,755] INFO: Time: 1.0501711830000033; Command Position: 0.9369150705385496; Output Position: 0.8612023806654636
[2026-04-08 05:09:54,757] INFO: Time: 1.052234550999998; Command Position: 0.9384280707587396; Output Position: 0.8626511402984668
[2026-04-08 05:09:54,759] INFO: Time: 1.0542939389999901; Command Position: 0.9399398051071979; Output Position: 0.8641425105089112
[2026-04-08 05:09:54,761] INFO: Time: 1.0563588070000094; Command Position: 0.9414572126201264; Output Position: 0.8655912701419143
[2026-04-08 05:09:54,763] INFO: Time: 1.0584230089999949; Command Position: 0.9429757754818455; Output Position: 0.8669974191974761
[2026-04-08 05:09:54,765] INFO: Time: 1.0604827859999943; Command Position: 0.9444927151758324; Output Position: 0.8684461788304793
[2026-04-08 05:09:54,767] INFO: Time: 1.0625446360000126; Command Position: 0.9460128073362448; Output Position: 0.8713010875190441
[2026-04-08 05:09:54,769] INFO: Time: 1.0646076900000025; Command Position: 0.9475354080810999; Output Position: 0.8726646259971648
[2026-04-08 05:09:54,771] INFO: Time: 1.0666670589999967; Command Position: 0.9490568991653684; Output Position: 0.8741133856301678
[2026-04-08 05:09:54,773] INFO: Time: 1.068730334999998; Command Position: 0.9505828828219853; Output Position: 0.875562145263171
[2026-04-08 05:09:54,775] INFO: Time: 1.0707915000000128; Command Position: 0.952108903173503; Output Position: 0.8770109048961741
[2026-04-08 05:09:54,777] INFO: Time: 1.072850738999989; Command Position: 0.9536350853956983; Output Position: 0.8785022751066185
[2026-04-08 05:09:54,780] INFO: Time: 1.074917107999994; Command Position: 0.9551681401235024; Output Position: 0.8799936453170628
[2026-04-08 05:09:54,783] INFO: Time: 1.0769823839999901; Command Position: 0.9567019664507201; Output Position: 0.8814850155275072
[2026-04-08 05:09:54,784] INFO: Time: 1.0790466409999908; Command Position: 0.9582366097391353; Output Position: 0.882891164583069
[2026-04-08 05:09:54,786] INFO: Time: 1.081115417999996; Command Position: 0.9597761846866263; Output Position: 0.8843399242160721
[2026-04-08 05:09:54,788] INFO: Time: 1.083465928999999; Command Position: 0.961527324672769; Output Position: 0.8857460732716339
[2026-04-08 05:09:54,790] INFO: Time: 1.0855309830000124; Command Position: 0.9630674576943716; Output Position: 0.8871522223271958
[2026-04-08 05:09:54,792] INFO: Time: 1.087595278000009; Command Position: 0.9646085686005585; Output Position: 0.8885583713827576
[2026-04-08 05:09:54,794] INFO: Time: 1.0896618499999988; Command Position: 0.9661529184204265; Output Position: 0.8900071310157607
[2026-04-08 05:09:54,796] INFO: Time: 1.091722811000011; Command Position: 0.9676946015336548; Output Position: 0.8913706694938814
[2026-04-08 05:09:54,798] INFO: Time: 1.0937871989999906; Command Position: 0.9692403690977414; Output Position: 0.8928620397043256
[2026-04-08 05:09:54,800] INFO: Time: 1.0958501780000063; Command Position: 0.9707865950432386; Output Position: 0.8942681887598876
[2026-04-08 05:09:54,802] INFO: Time: 1.0979098440000143; Command Position: 0.9723318399111809; Output Position: 0.8957595589703319
[2026-04-08 05:09:54,805] INFO: Time: 1.0999725270000056; Command Position: 0.9738808451882719; Output Position: 0.8972509291807762
[2026-04-08 05:09:54,807] INFO: Time: 1.1020389509999973; Command Position: 0.9754341546891522; Output Position: 0.8987849099686619
[2026-04-08 05:09:54,809] INFO: Time: 1.1040993020000087; Command Position: 0.976984381572839; Output Position: 0.9002336696016651
[2026-04-08 05:09:54,811] INFO: Time: 1.106170373999987; Command Position: 0.9785441595277202; Output Position: 0.9016824292346681
[2026-04-08 05:09:54,813] INFO: Time: 1.1082304459999932; Command Position: 0.980097122353499; Output Position: 0.9031737994451124
[2026-04-08 05:09:54,815] INFO: Time: 1.110291036999996; Command Position: 0.981651935075496; Output Position: 0.9046225590781156
[2026-04-08 05:09:54,817] INFO: Time: 1.1123564799999883; Command Position: 0.9832118655831866; Output Position: 0.9060713187111187
[2026-04-08 05:09:54,819] INFO: Time: 1.1144211270000142; Command Position: 0.9847726452169958; Output Position: 0.9074774677666806
[2026-04-08 05:09:54,821] INFO: Time: 1.1164802920000056; Command Position: 0.9863307177028504; Output Position: 0.9088836168222423
[2026-04-08 05:09:54,823] INFO: Time: 1.1185468090000086; Command Position: 0.9878957885799952; Output Position: 0.9118663572431311
[2026-04-08 05:09:54,825] INFO: Time: 1.1206109180000112; Command Position: 0.9894604639870885; Output Position: 0.9133151168761342
[2026-04-08 05:09:54,829] INFO: Time: 1.1240872600000102; Command Position: 0.9920988733528591; Output Position: 0.9147638765091374
[2026-04-08 05:09:54,831] INFO: Time: 1.1261657400000047; Command Position: 0.9936782690861893; Output Position: 0.9162552467195817
[2026-04-08 05:09:54,833] INFO: Time: 1.1282399970000085; Command Position: 0.995255871463228; Output Position: 0.9177466169300261
[2026-04-08 05:09:54,835] INFO: Time: 1.1303099220000092; Command Position: 0.9968315814137996; Output Position: 0.9191953765630293
[2026-04-08 05:09:54,837] INFO: Time: 1.132376346000001; Command Position: 0.9984060161898505; Output Position: 0.9206441361960324
[2026-04-08 05:09:54,839] INFO: Time: 1.1344401030000029; Command Position: 0.999979797648615; Output Position: 0.9221781169839178
[2026-04-08 05:09:54,841] INFO: Time: 1.1365060459999938; Command Position: 1.0015566187446359; Output Position: 0.9250330256724829
[2026-04-08 05:09:54,843] INFO: Time: 1.1385697300000004; Command Position: 1.003133079417291; Output Position: 0.9263965641506035
[2026-04-08 05:09:54,845] INFO: Time: 1.1406294690000038; Command Position: 1.004707878236901; Output Position: 0.9278879343610479
[2026-04-08 05:09:54,847] INFO: Time: 1.1426921339999865; Command Position: 1.006286260157401; Output Position: 0.929336693994051
[2026-04-08 05:09:54,849] INFO: Time: 1.144764594999998; Command Position: 1.0078734872552304; Output Position: 0.9307854536270541
[2026-04-08 05:09:54,851] INFO: Time: 1.146825333999999; Command Position: 1.009453070363434; Output Position: 0.9322342132600573
[2026-04-08 05:09:54,853] INFO: Time: 1.148890018000003; Command Position: 1.0110370034980216; Output Position: 0.9337255834705016
[2026-04-08 05:09:54,856] INFO: Time: 1.150952923999995; Command Position: 1.0126208909292265; Output Position: 0.9352169536809458
[2026-04-08 05:09:54,858] INFO: Time: 1.153012848000003; Command Position: 1.0142037962986232; Output Position: 0.936665713313949
[2026-04-08 05:09:54,860] INFO: Time: 1.1550829200000123; Command Position: 1.015795808475455; Output Position: 0.9381570835243933
[2026-04-08 05:09:54,862] INFO: Time: 1.157145770999989; Command Position: 1.0173835649882654; Output Position: 0.9395632325799552
[2026-04-08 05:09:54,864] INFO: Time: 1.1592051389999938; Command Position: 1.0189699254554676; Output Position: 0.9410546027903995
[2026-04-08 05:09:54,866] INFO: Time: 1.1612696009999866; Command Position: 1.0205614909550782; Output Position: 0.9424607518459615
[2026-04-08 05:09:54,868] INFO: Time: 1.1633313030000068; Command Position: 1.0221522013236242; Output Position: 0.9439095114789645
[2026-04-08 05:09:54,870] INFO: Time: 1.1653923570000018; Command Position: 1.023743675510611; Output Position: 0.9454008816894088
[2026-04-08 05:09:54,872] INFO: Time: 1.1674557069999878; Command Position: 1.0253381808570308; Output Position: 0.9467644201675296
[2026-04-08 05:09:54,874] INFO: Time: 1.169628222; Command Position: 1.02701839864678; Output Position: 0.9482557903779738
[2026-04-08 05:09:54,876] INFO: Time: 1.1716905719999886; Command Position: 1.0286146908929052; Output Position: 0.949704550010977
[2026-04-08 05:09:54,878] INFO: Time: 1.1737524959999917; Command Position: 1.0302118880577222; Output Position: 0.9511106990665389
[2026-04-08 05:09:54,880] INFO: Time: 1.1758191609999926; Command Position: 1.0318139889765627; Output Position: 0.9525168481221006
[2026-04-08 05:09:54,882] INFO: Time: 1.177878937999992; Command Position: 1.0334119693538746; Output Position: 0.9539656077551038
[2026-04-08 05:09:54,885] INFO: Time: 1.1799444730000062; Command Position: 1.0350156315046424; Output Position: 0.9554569779655482
[2026-04-08 05:09:54,887] INFO: Time: 1.1820039529999917; Command Position: 1.036615796207915; Output Position: 0.9569483481759925
[2026-04-08 05:09:54,889] INFO: Time: 1.184062766000011; Command Position: 1.0382166364707928; Output Position: 0.9583971078089957
[2026-04-08 05:09:54,891] INFO: Time: 1.1861258760000055; Command Position: 1.0398220077649232; Output Position: 0.9598884780194399
[2026-04-08 05:09:54,893] INFO: Time: 1.1881933180000033; Command Position: 1.0414319372807541; Output Position: 0.9614224588073257
[2026-04-08 05:09:54,895] INFO: Time: 1.19025348400001; Command Position: 1.0430373757724314; Output Position: 0.9629138290177699
[2026-04-08 05:09:54,897] INFO: Time: 1.1923168520000047; Command Position: 1.044646477509691; Output Position: 0.9643625886507731
[2026-04-08 05:09:54,899] INFO: Time: 1.1943800360000125; Command Position: 1.0462565970019932; Output Position: 0.9658113482837761
[2026-04-08 05:09:54,901] INFO: Time: 1.1964394050000067; Command Position: 1.0478648897331717; Output Position: 0.9672601079167793
[2026-04-08 05:09:54,903] INFO: Time: 1.1985069959999919; Command Position: 1.049480752322484; Output Position: 0.970242848337668
[2026-04-08 05:09:54,905] INFO: Time: 1.2005712529999926; Command Position: 1.0510951500626264; Output Position: 0.9716916079706712
[2026-04-08 05:09:54,907] INFO: Time: 1.202630843999998; Command Position: 1.0527070270923025; Output Position: 0.9731403676036743
[2026-04-08 05:09:54,909] INFO: Time: 1.204695230999988; Command Position: 1.054323781132629; Output Position: 0.9746743483915599
[2026-04-08 05:09:54,911] INFO: Time: 1.2067585450000138; Command Position: 1.0559408112900917; Output Position: 0.9760804974471218
[2026-04-08 05:09:54,913] INFO: Time: 1.2088174870000046; Command Position: 1.0575555201835902; Output Position: 0.9776570888124486
[2026-04-08 05:09:54,915] INFO: Time: 1.2108830409999882; Command Position: 1.0591765161763713; Output Position: 0.9791484590228929
[2026-04-08 05:09:54,918] INFO: Time: 1.2129467059999968; Command Position: 1.0607971241087033; Output Position: 0.9806824398107786
[2026-04-08 05:09:54,920] INFO: Time: 1.2150064090000114; Command Position: 1.0624157038469884; Output Position: 0.9821311994437818
[2026-04-08 05:09:54,922] INFO: Time: 1.2170687960000066; Command Position: 1.0640374694669434; Output Position: 0.9835799590767849
[2026-04-08 05:09:54,924] INFO: Time: 1.2191308680000077; Command Position: 1.065660056990171; Output Position: 0.9850287187097879
[2026-04-08 05:09:54,926] INFO: Time: 1.2211902559999999; Command Position: 1.0672815924351964; Output Position: 0.9864774783427911
[2026-04-08 05:09:54,928] INFO: Time: 1.2232579950000115; Command Position: 1.0689107613969653; Output Position: 0.9879262379757942
[2026-04-08 05:09:54,930] INFO: Time: 1.2253238629999998; Command Position: 1.0705395073343014; Output Position: 0.9894176081862385
[2026-04-08 05:09:54,932] INFO: Time: 1.2273842509999895; Command Position: 1.0721649716916855; Output Position: 0.9908663678192416
[2026-04-08 05:09:54,934] INFO: Time: 1.2294519710000031; Command Position: 1.0737972557852211; Output Position: 0.9924003486071273
[2026-04-08 05:09:54,936] INFO: Time: 1.231512729000002; Command Position: 1.0754250684329052; Output Position: 0.9939769399724542
[2026-04-08 05:09:54,938] INFO: Time: 1.2335720240000114; Command Position: 1.0770527394911613; Output Position: 0.9954256996054573
[2026-04-08 05:09:54,940] INFO: Time: 1.2356387439999992; Command Position: 1.0786872908408787; Output Position: 0.996959680393343
[2026-04-08 05:09:54,942] INFO: Time: 1.2377050759999975; Command Position: 1.0803225407711943; Output Position: 0.9984510506037874
[2026-04-08 05:09:54,944] INFO: Time: 1.239764962999999; Command Position: 1.0819536833094645; Output Position: 0.9999424208142317
[2026-04-08 05:09:54,946] INFO: Time: 1.2418320730000119; Command Position: 1.0835915345171703; Output Position: 1.0013911804472349
[2026-04-08 05:09:54,948] INFO: Time: 1.2438974039999948; Command Position: 1.0852289580162557; Output Position: 1.0028825506576793
[2026-04-08 05:09:54,951] INFO: Time: 1.2459603659999914; Command Position: 1.0868654754445104; Output Position: 1.0043739208681235
[2026-04-08 05:09:54,953] INFO: Time: 1.2480235120000032; Command Position: 1.0885031028733074; Output Position: 1.0057800699236854
[2026-04-08 05:09:54,955] INFO: Time: 1.2500856220000003; Command Position: 1.0901408636904826; Output Position: 1.0072288295566887
[2026-04-08 05:09:54,957] INFO: Time: 1.2521521570000118; Command Position: 1.0917830897987972; Output Position: 1.008720199767133
[2026-04-08 05:09:54,959] INFO: Time: 1.2542166549999934; Command Position: 1.0934246399775884; Output Position: 1.010211569977577
[2026-04-08 05:09:54,961] INFO: Time: 1.256276320000012; Command Position: 1.095063278691582; Output Position: 1.011745550765463
[2026-04-08 05:09:54,963] INFO: Time: 1.2583485410000037; Command Position: 1.0967128379020716; Output Position: 1.0132369209759071
[2026-04-08 05:09:54,965] INFO: Time: 1.2604161870000041; Command Position: 1.0983596784036922; Output Position: 1.014813512341234
[2026-04-08 05:09:54,967] INFO: Time: 1.262476778000007; Command Position: 1.100001809468626; Output Position: 1.0156231133126183
[2026-04-08 05:09:54,969] INFO: Time: 1.2645414060000064; Command Position: 1.1016480608785093; Output Position: 1.0186910748883895
[2026-04-08 05:09:54,971] INFO: Time: 1.2666053119999958; Command Position: 1.1032946324880704; Output Position: 1.020225055676275
[2026-04-08 05:09:54,973] INFO: Time: 1.268666273000008; Command Position: 1.1049397407427366; Output Position: 1.0217164258867195
[2026-04-08 05:09:54,975] INFO: Time: 1.2707313090000127; Command Position: 1.1065889822087855; Output Position: 1.023250406674605
[2026-04-08 05:09:54,977] INFO: Time: 1.2727954739999916; Command Position: 1.1082384011101696; Output Position: 1.0248696086173732
[2026-04-08 05:09:54,979] INFO: Time: 1.2748541939999996; Command Position: 1.1098843308121538; Output Position: 1.0264461999827001
[2026-04-08 05:09:54,981] INFO: Time: 1.2769176189999882; Command Position: 1.111534878002524; Output Position: 1.028022791348027
[2026-04-08 05:09:54,984] INFO: Time: 1.2789801540000099; Command Position: 1.1131855618836537; Output Position: 1.0296419932907954
[2026-04-08 05:09:54,986] INFO: Time: 1.2810417819999884; Command Position: 1.1148363600458011; Output Position: 1.0312185846561224
[2026-04-08 05:09:54,988] INFO: Time: 1.2831077810000124; Command Position: 1.1164914931117886; Output Position: 1.0328803971763318
[2026-04-08 05:09:54,990] INFO: Time: 1.2851674830000093; Command Position: 1.1181424057650036; Output Position: 1.0344995991191
[2026-04-08 05:09:54,992] INFO: Time: 1.2872259439999993; Command Position: 1.1197931383386899; Output Position: 1.036118801061868
[2026-04-08 05:09:54,994] INFO: Time: 1.2892888499999913; Command Position: 1.121448244782563; Output Position: 1.0377380030046364
[2026-04-08 05:09:54,996] INFO: Time: 1.291353995999998; Command Position: 1.123105952188591; Output Position: 1.039314594369963
[2026-04-08 05:09:54,998] INFO: Time: 1.293414012999989; Command Position: 1.1247603360075216; Output Position: 1.04089118573529
[2026-04-08 05:09:55,000] INFO: Time: 1.2954786040000101; Command Position: 1.126419180586538; Output Position: 1.0425103876780581
[2026-04-08 05:09:55,002] INFO: Time: 1.2975437320000083; Command Position: 1.128079237475457; Output Position: 1.044044368465944
[2026-04-08 05:09:55,004] INFO: Time: 1.2996017499999937; Command Position: 1.1297343481814028; Output Position: 1.045620959831271
[2026-04-08 05:09:55,006] INFO: Time: 1.3016645829999902; Command Position: 1.131394094078077; Output Position: 1.0471975511965976
[2026-04-08 05:09:55,008] INFO: Time: 1.3038663940000106; Command Position: 1.1331664949517755; Output Position: 1.048859363716807
[2026-04-08 05:09:55,010] INFO: Time: 1.3059290420000025; Command Position: 1.1348276462032754; Output Position: 1.050435955082134
[2026-04-08 05:09:55,013] INFO: Time: 1.3080047630000138; Command Position: 1.1365000726543206; Output Position: 1.052140378179785
[2026-04-08 05:09:55,015] INFO: Time: 1.3100674480000123; Command Position: 1.138162730281619; Output Position: 1.0537169695451116
[2026-04-08 05:09:55,017] INFO: Time: 1.3121274659999926; Command Position: 1.1398239610409568; Output Position: 1.0553361714878797
[2026-04-08 05:09:55,019] INFO: Time: 1.3141743920000124; Command Position: 1.1414753421288562; Output Position: 1.056955373430648
[2026-04-08 05:09:55,021] INFO: Time: 1.3162365949999923; Command Position: 1.1431397539890558; Output Position: 1.0585745753734161
[2026-04-08 05:09:55,023] INFO: Time: 1.3182958349999865; Command Position: 1.1448024736531512; Output Position: 1.060151166738743
[2026-04-08 05:09:55,025] INFO: Time: 1.320363297; Command Position: 1.146472527264308; Output Position: 1.0618129792589526
[2026-04-08 05:09:55,027] INFO: Time: 1.322425427000013; Command Position: 1.1481389598542828; Output Position: 1.0633469600468384
[2026-04-08 05:09:55,029] INFO: Time: 1.324484573999996; Command Position: 1.1498036577759772; Output Position: 1.064923551412165
[2026-04-08 05:09:55,031] INFO: Time: 1.3265536289999886; Command Position: 1.1514770382382027; Output Position: 1.068076734142819
[2026-04-08 05:09:55,033] INFO: Time: 1.3286192209999967; Command Position: 1.153148282560132; Output Position: 1.0697385466630283
[2026-04-08 05:09:55,035] INFO: Time: 1.3306802760000096; Command Position: 1.1548165101322723; Output Position: 1.0714003591832377
[2026-04-08 05:09:55,037] INFO: Time: 1.3327484980000008; Command Position: 1.156491187653342; Output Position: 1.0729343399711235
[2026-04-08 05:09:55,039] INFO: Time: 1.3348134230000142; Command Position: 1.1581638362273194; Output Position: 1.074596152491333
[2026-04-08 05:09:55,041] INFO: Time: 1.3368719960000135; Command Position: 1.1598319689501868; Output Position: 1.0762579650115423
[2026-04-08 05:09:55,044] INFO: Time: 1.3389400700000067; Command Position: 1.1615084256746608; Output Position: 1.0779197775317517
[2026-04-08 05:09:55,046] INFO: Time: 1.3410063469999898; Command Position: 1.16318404348286; Output Position: 1.0794963688970787
[2026-04-08 05:09:55,048] INFO: Time: 1.3430660500000045; Command Position: 1.164854936983299; Output Position: 1.0811155708398468
[2026-04-08 05:09:55,050] INFO: Time: 1.3451331610000068; Command Position: 1.1665324413337608; Output Position: 1.0826921622051737
[2026-04-08 05:09:55,052] INFO: Time: 1.3471968450000134; Command Position: 1.1682077576120755; Output Position: 1.084311364147942
[2026-04-08 05:09:55,054] INFO: Time: 1.3492564930000128; Command Position: 1.1698803804125242; Output Position: 1.085887955513269
[2026-04-08 05:09:55,056] INFO: Time: 1.3513231219999966; Command Position: 1.171559249964767; Output Position: 1.0873793257237132
[2026-04-08 05:09:55,058] INFO: Time: 1.3533869729999992; Command Position: 1.173236432266905; Output Position: 1.0889559170890402
[2026-04-08 05:09:55,060] INFO: Time: 1.3554472319999888; Command Position: 1.1749112553769758; Output Position: 1.0906603401866908
[2026-04-08 05:09:55,062] INFO: Time: 1.3575098800000092; Command Position: 1.1765885730544139; Output Position: 1.0921943209745766
[2026-04-08 05:09:55,064] INFO: Time: 1.3595728420000057; Command Position: 1.1782666911984743; Output Position: 1.0939413546496684
[2026-04-08 05:09:55,066] INFO: Time: 1.361632027000013; Command Position: 1.1799422728048903; Output Position: 1.0955179460149955
[2026-04-08 05:09:55,068] INFO: Time: 1.3637009699999965; Command Position: 1.1816263259264308; Output Position: 1.0971371479577636
[2026-04-08 05:09:55,070] INFO: Time: 1.3657668769999987; Command Position: 1.1833084313769107; Output Position: 1.0987563499005317
[2026-04-08 05:09:55,072] INFO: Time: 1.3678277280000088; Command Position: 1.1849869335152046; Output Position: 1.1003755518433
[2026-04-08 05:09:55,074] INFO: Time: 1.3698915980000095; Command Position: 1.1866684005835486; Output Position: 1.1019095326311854
[2026-04-08 05:09:55,077] INFO: Time: 1.3719552270000008; Command Position: 1.1883501697821999; Output Position: 1.1034861239965124
[2026-04-08 05:09:55,079] INFO: Time: 1.3740193929999975; Command Position: 1.1900328673971086; Output Position: 1.104977494206957
[2026-04-08 05:09:55,081] INFO: Time: 1.3760839480000016; Command Position: 1.1917163652453335; Output Position: 1.1065540855722837
[2026-04-08 05:09:55,083] INFO: Time: 1.378144189000011; Command Position: 1.19339681914942; Output Position: 1.1080880663601693
[2026-04-08 05:09:55,085] INFO: Time: 1.380203095000013; Command Position: 1.195076649191373; Output Position: 1.1096220471480551
[2026-04-08 05:09:55,087] INFO: Time: 1.3822666499999912; Command Position: 1.1967607309060802; Output Position: 1.1113264702457057
[2026-04-08 05:09:55,089] INFO: Time: 1.3843291679999936; Command Position: 1.198444417262468; Output Position: 1.1129030616110327
[2026-04-08 05:09:55,091] INFO: Time: 1.386388796999995; Command Position: 1.200126187302982; Output Position: 1.1144796529763594
[2026-04-08 05:09:55,093] INFO: Time: 1.3884552600000006; Command Position: 1.201813973645058; Output Position: 1.1160136337642452
[2026-04-08 05:09:55,095] INFO: Time: 1.3905186670000091; Command Position: 1.2034996919406724; Output Position: 1.117547614552131
[2026-04-08 05:09:55,097] INFO: Time: 1.392578407000002; Command Position: 1.2051828330893715; Output Position: 1.1206581867053433
[2026-04-08 05:09:55,099] INFO: Time: 1.3946413689999986; Command Position: 1.2068690185262572; Output Position: 1.1221495569157878
[2026-04-08 05:09:55,101] INFO: Time: 1.3967036649999898; Command Position: 1.2085550632543134; Output Position: 1.1237261482811147
[2026-04-08 05:09:55,103] INFO: Time: 1.3987954600000023; Command Position: 1.2102656293160652; Output Position: 1.1251749079141178
[2026-04-08 05:09:55,105] INFO: Time: 1.4008609040000124; Command Position: 1.2119550382842292; Output Position: 1.1267941098568859
[2026-04-08 05:09:55,108] INFO: Time: 1.4029295329999911; Command Position: 1.2136474342957169; Output Position: 1.1282854800673303
[2026-04-08 05:09:55,110] INFO: Time: 1.4049941060000037; Command Position: 1.2153368851608464; Output Position: 1.1299046820100986
[2026-04-08 05:09:55,112] INFO: Time: 1.4070596429999966; Command Position: 1.2170274900246665; Output Position: 1.1314812733754254
[2026-04-08 05:09:55,114] INFO: Time: 1.4091248089999908; Command Position: 1.218718148465011; Output Position: 1.1331004753181935
[2026-04-08 05:09:55,116] INFO: Time: 1.411188122999988; Command Position: 1.2204076395825538; Output Position: 1.1346770666835204
[2026-04-08 05:09:55,118] INFO: Time: 1.4132508630000018; Command Position: 1.2220970013334593; Output Position: 1.1362110474714062
[2026-04-08 05:09:55,120] INFO: Time: 1.4153126219999876; Command Position: 1.2237858921275397; Output Position: 1.1377876388367332
[2026-04-08 05:09:55,122] INFO: Time: 1.417372102999991; Command Position: 1.2254732408805595; Output Position: 1.1393216196246188
[2026-04-08 05:09:55,124] INFO: Time: 1.4194345280000107; Command Position: 1.2271633183029937; Output Position: 1.1407703792576218
[2026-04-08 05:09:55,126] INFO: Time: 1.4215016939999998; Command Position: 1.2288575908251977; Output Position: 1.1423469706229488
[2026-04-08 05:09:55,128] INFO: Time: 1.4235618790000046; Command Position: 1.2305464425761499; Output Position: 1.1438383408333932
[2026-04-08 05:09:55,130] INFO: Time: 1.4256253970000046; Command Position: 1.232238319840698; Output Position: 1.1454575427761613
[2026-04-08 05:09:55,132] INFO: Time: 1.4276884889999906; Command Position: 1.2339301333436086; Output Position: 1.1469063024091644
[2026-04-08 05:09:55,134] INFO: Time: 1.429747673999998; Command Position: 1.235619019764444; Output Position: 1.14844028319705
[2026-04-08 05:09:55,136] INFO: Time: 1.4318100250000043; Command Position: 1.2373107721517957; Output Position: 1.1499742639849357
[2026-04-08 05:09:55,138] INFO: Time: 1.4338786350000134; Command Position: 1.239007921620085; Output Position: 1.1515934659277038
[2026-04-08 05:09:55,141] INFO: Time: 1.4359395980000045; Command Position: 1.24069905110477; Output Position: 1.153084836138148
[2026-04-08 05:09:55,143] INFO: Time: 1.4380045050000092; Command Position: 1.2423936630375039; Output Position: 1.1546188169260339
[2026-04-08 05:09:55,145] INFO: Time: 1.440064078000006; Command Position: 1.2440841350912126; Output Position: 1.1561527977139194
[2026-04-08 05:09:55,147] INFO: Time: 1.442123022000004; Command Position: 1.2457743201745202; Output Position: 1.1576015573469227
[2026-04-08 05:09:55,149] INFO: Time: 1.4441870770000094; Command Position: 1.2474689231030114; Output Position: 1.159135538134808
[2026-04-08 05:09:55,151] INFO: Time: 1.4462517800000114; Command Position: 1.2491642727393109; Output Position: 1.1606269083452527
[2026-04-08 05:09:55,153] INFO: Time: 1.4483201500000007; Command Position: 1.2508628407393638; Output Position: 1.162118278555697
[2026-04-08 05:09:55,155] INFO: Time: 1.4503858349999916; Command Position: 1.2525594029739437; Output Position: 1.1636096487661414
[2026-04-08 05:09:55,157] INFO: Time: 1.4524494270000048; Command Position: 1.2542544370388071; Output Position: 1.1651010189765858
[2026-04-08 05:09:55,159] INFO: Time: 1.4545089259999884; Command Position: 1.2559462913874546; Output Position: 1.1666349997644714
[2026-04-08 05:09:55,161] INFO: Time: 1.4565714619999994; Command Position: 1.257640815195411; Output Position: 1.1697029613402428
[2026-04-08 05:09:55,163] INFO: Time: 1.458638239999999; Command Position: 1.2593389914521467; Output Position: 1.1712369421281283
[2026-04-08 05:09:55,165] INFO: Time: 1.460701591000003; Command Position: 1.2610345110674994; Output Position: 1.1726857017611314
[2026-04-08 05:09:55,167] INFO: Time: 1.4627647570000022; Command Position: 1.262730029756674; Output Position: 1.174219682549017
[2026-04-08 05:09:55,169] INFO: Time: 1.464827404999994; Command Position: 1.2644252658704425; Output Position: 1.17566844218202
[2026-04-08 05:09:55,171] INFO: Time: 1.466886441000014; Command Position: 1.2661176682174906; Output Position: 1.177245033547347
[2026-04-08 05:09:55,174] INFO: Time: 1.4689505329999974; Command Position: 1.267814353599911; Output Position: 1.17869379318035
[2026-04-08 05:09:55,176] INFO: Time: 1.471039143000013; Command Position: 1.2695313144521405; Output Position: 1.1801425528133533
[2026-04-08 05:09:55,178] INFO: Time: 1.4731034940000143; Command Position: 1.2712284452119151; Output Position: 1.181676533601239
[2026-04-08 05:09:55,180] INFO: Time: 1.4751684569999952; Command Position: 1.2729261827717182; Output Position: 1.183125293234242
[2026-04-08 05:09:55,182] INFO: Time: 1.4773058069999934; Command Position: 1.2746835350327261; Output Position: 1.1845740528672453
[2026-04-08 05:09:55,184] INFO: Time: 1.4793685840000137; Command Position: 1.2763796615846323; Output Position: 1.1861080336551306
[2026-04-08 05:09:55,186] INFO: Time: 1.481431176000001; Command Position: 1.2780757154359177; Output Position: 1.187727235597899
[2026-04-08 05:09:55,188] INFO: Time: 1.4835825259999922; Command Position: 1.2798448303818266; Output Position: 1.1892186058083434
[2026-04-08 05:09:55,190] INFO: Time: 1.4856464140000014; Command Position: 1.2815420876743904; Output Position: 1.1907099760187878
[2026-04-08 05:09:55,192] INFO: Time: 1.487709802000012; Command Position: 1.2832389891655094; Output Position: 1.1922439568066734
[2026-04-08 05:09:55,194] INFO: Time: 1.489774820000008; Command Position: 1.28493727864808; Output Position: 1.193777937594559
[2026-04-08 05:09:55,196] INFO: Time: 1.4918386710000107; Command Position: 1.286634647928552; Output Position: 1.195226697227562
[2026-04-08 05:09:55,198] INFO: Time: 1.4939031709999995; Command Position: 1.288332582587097; Output Position: 1.1967606780154478
[2026-04-08 05:09:55,201] INFO: Time: 1.4959659300000112; Command Position: 1.290029109035617; Output Position: 1.198252048225892
[2026-04-08 05:09:55,203] INFO: Time: 1.498025651000006; Command Position: 1.291723152570735; Output Position: 1.1997860290137778
[2026-04-08 05:09:55,205] INFO: Time: 1.5000954470000067; Command Position: 1.2934254902693523; Output Position: 1.201277399224222
[2026-04-08 05:09:55,207] INFO: Time: 1.5021629459999986; Command Position: 1.2951259386528875; Output Position: 1.2028966011669902
[2026-04-08 05:09:55,209] INFO: Time: 1.5042272229999867; Command Position: 1.2968237289892377; Output Position: 1.2043879713774348
[2026-04-08 05:09:55,211] INFO: Time: 1.506292760000008; Command Position: 1.2985225396199265; Output Position: 1.205879341587879
[2026-04-08 05:09:55,213] INFO: Time: 1.5083560740000053; Command Position: 1.3002194980154527; Output Position: 1.207455932953206
[2026-04-08 05:09:55,215] INFO: Time: 1.5104161849999969; Command Position: 1.3019137903731104; Output Position: 1.2089899137410915
[2026-04-08 05:09:55,217] INFO: Time: 1.512481646999987; Command Position: 1.3036124437626242; Output Position: 1.2105238945289771
[2026-04-08 05:09:55,219] INFO: Time: 1.5145452200000022; Command Position: 1.3053094959201557; Output Position: 1.2135918561047485
[2026-04-08 05:09:55,221] INFO: Time: 1.5166047749999905; Command Position: 1.3070031882929405; Output Position: 1.215083226315193
[2026-04-08 05:09:55,223] INFO: Time: 1.5186676639999916; Command Position: 1.3086995589807136; Output Position: 1.2166172071030785
[2026-04-08 05:09:55,225] INFO: Time: 1.520729423000006; Command Position: 1.3103949291069106; Output Position: 1.218151187890964
[2026-04-08 05:09:55,228] INFO: Time: 1.522934604999989; Command Position: 1.3122081470946108; Output Position: 1.219557336946526
[2026-04-08 05:09:55,230] INFO: Time: 1.5250031779999915; Command Position: 1.3139089469112424; Output Position: 1.2211765388892941
[2026-04-08 05:09:55,232] INFO: Time: 1.527063991999995; Command Position: 1.315603271526991; Output Position: 1.2227105196771797
[2026-04-08 05:09:55,234] INFO: Time: 1.52912345499999; Command Position: 1.3172963821035966; Output Position: 1.2242871110425066
[2026-04-08 05:09:55,236] INFO: Time: 1.5311873240000011; Command Position: 1.3189930034059523; Output Position: 1.225906312985275
[2026-04-08 05:09:55,238] INFO: Time: 1.5332526200000132; Command Position: 1.320690678118906; Output Position: 1.227525514928043
[2026-04-08 05:09:55,240] INFO: Time: 1.5353133600000035; Command Position: 1.3223844805770453; Output Position: 1.22910210629337
[2026-04-08 05:09:55,242] INFO: Time: 1.537382100000002; Command Position: 1.3240847227764554; Output Position: 1.2307213082361381
[2026-04-08 05:09:55,244] INFO: Time: 1.5394496549999985; Command Position: 1.3257838471786194; Output Position: 1.2323405101789064
[2026-04-08 05:09:55,246] INFO: Time: 1.5415112100000101; Command Position: 1.3274778896234016; Output Position: 1.2340023226991157
[2026-04-08 05:09:55,248] INFO: Time: 1.5435760619999996; Command Position: 1.3291744821094946; Output Position: 1.2355363034870015
[2026-04-08 05:09:55,250] INFO: Time: 1.5456416170000011; Command Position: 1.3308714848721768; Output Position: 1.2371555054297696
[2026-04-08 05:09:55,252] INFO: Time: 1.5477023009999868; Command Position: 1.3325643110689154; Output Position: 1.238646875640214
[2026-04-08 05:09:55,254] INFO: Time: 1.5497659300000066; Command Position: 1.334259373781255; Output Position: 1.2403939093153058
[2026-04-08 05:09:55,256] INFO: Time: 1.5518287630000032; Command Position: 1.3359535919634782; Output Position: 1.2419705006806327
[2026-04-08 05:09:55,258] INFO: Time: 1.5538885960000073; Command Position: 1.3376451480962268; Output Position: 1.2436749237782836
[2026-04-08 05:09:55,261] INFO: Time: 1.5559564280000018; Command Position: 1.3393430660192713; Output Position: 1.245336736298493
[2026-04-08 05:09:55,263] INFO: Time: 1.5580220950000125; Command Position: 1.3410389911559533; Output Position: 1.2469985488187025
[2026-04-08 05:09:55,265] INFO: Time: 1.5600818350000054; Command Position: 1.3427298282470717; Output Position: 1.248660361338912
[2026-04-08 05:09:55,267] INFO: Time: 1.5621458159999975; Command Position: 1.3444239165554142; Output Position: 1.2503221738591213
[2026-04-08 05:09:55,269] INFO: Time: 1.5642159450000008; Command Position: 1.346122811628896; Output Position: 1.2519839863793307
[2026-04-08 05:09:55,271] INFO: Time: 1.5662799250000035; Command Position: 1.3478164137423008; Output Position: 1.2536457988995402
[2026-04-08 05:09:55,273] INFO: Time: 1.5683474250000131; Command Position: 1.3495126493359417; Output Position: 1.2552223902648671
[2026-04-08 05:09:55,275] INFO: Time: 1.5704133499999955; Command Position: 1.351207330032124; Output Position: 1.2568415922076352
[2026-04-08 05:09:55,277] INFO: Time: 1.5724739050000096; Command Position: 1.3528973362153198; Output Position: 1.2584607941504036
[2026-04-08 05:09:55,279] INFO: Time: 1.5745407750000027; Command Position: 1.3545922434708602; Output Position: 1.2617418086133811
[2026-04-08 05:09:55,281] INFO: Time: 1.5766064409999956; Command Position: 1.3562858769938626; Output Position: 1.2633610105561492
[2026-04-08 05:09:55,283] INFO: Time: 1.578666365999993; Command Position: 1.3579745104680412; Output Position: 1.2650228230763587
[2026-04-08 05:09:55,285] INFO: Time: 1.5807296060000056; Command Position: 1.3596655602226289; Output Position: 1.2667272461740096
[2026-04-08 05:09:55,287] INFO: Time: 1.5827929760000075; Command Position: 1.3613564071578543; Output Position: 1.2684742798491013
[2026-04-08 05:09:55,289] INFO: Time: 1.5848573279999982; Command Position: 1.3630477413015183; Output Position: 1.2701787029467522
[2026-04-08 05:09:55,291] INFO: Time: 1.5869225490000076; Command Position: 1.3647394617360695; Output Position: 1.2717979048895203
[2026-04-08 05:09:55,294] INFO: Time: 1.5889859739999963; Command Position: 1.3664293777539864; Output Position: 1.2734171068322884
[2026-04-08 05:09:55,296] INFO: Time: 1.5910455110000044; Command Position: 1.368115769547118; Output Position: 1.2749936981976153
[2026-04-08 05:09:55,298] INFO: Time: 1.5931101399999932; Command Position: 1.3698059819433035; Output Position: 1.2766555107178248
[2026-04-08 05:09:55,300] INFO: Time: 1.595170751000012; Command Position: 1.3714925488855334; Output Position: 1.278274712660593
[2026-04-08 05:09:55,302] INFO: Time: 1.59723454600001; Command Position: 1.37318135739546; Output Position: 1.2799365251808024
[2026-04-08 05:09:55,304] INFO: Time: 1.5992978980000032; Command Position: 1.3748694308829617; Output Position: 1.2815983377010118
[2026-04-08 05:09:55,306] INFO: Time: 1.6013666560000104; Command Position: 1.3765615452782587; Output Position: 1.28321753964378
[2026-04-08 05:09:55,308] INFO: Time: 1.6034277299999928; Command Position: 1.3782469865311653; Output Position: 1.2849219627414308
[2026-04-08 05:09:55,310] INFO: Time: 1.6054914329999974; Command Position: 1.3799341816352126; Output Position: 1.286541164684199
[2026-04-08 05:09:55,312] INFO: Time: 1.607557746999987; Command Position: 1.3816231064703373; Output Position: 1.2881603666269672
[2026-04-08 05:09:55,314] INFO: Time: 1.6096173020000037; Command Position: 1.3833060957233305; Output Position: 1.2897795685697355
[2026-04-08 05:09:55,316] INFO: Time: 1.6116807269999924; Command Position: 1.3849918280054887; Output Position: 1.2914839916673861
[2026-04-08 05:09:55,318] INFO: Time: 1.6137431159999949; Command Position: 1.3866762865963382; Output Position: 1.2931458041875954
[2026-04-08 05:09:55,320] INFO: Time: 1.6158024490000003; Command Position: 1.3883578150925695; Output Position: 1.2947223955529223
[2026-04-08 05:09:55,322] INFO: Time: 1.6178695780000112; Command Position: 1.3900452652113953; Output Position: 1.2962989869182495
[2026-04-08 05:09:55,325] INFO: Time: 1.6199341139999888; Command Position: 1.3917301465908674; Output Position: 1.2979181888610176
[2026-04-08 05:09:55,327] INFO: Time: 1.621993558000014; Command Position: 1.3934104144588653; Output Position: 1.2995373908037857
[2026-04-08 05:09:55,329] INFO: Time: 1.6240572609999901; Command Position: 1.3950936905753295; Output Position: 1.3011565927465538
[2026-04-08 05:09:55,331] INFO: Time: 1.6261164459999975; Command Position: 1.396772808172161; Output Position: 1.302775794689322
[2026-04-08 05:09:55,333] INFO: Time: 1.6281754640000088; Command Position: 1.3984513089801334; Output Position: 1.30439499663209
[2026-04-08 05:09:55,335] INFO: Time: 1.6302407219999964; Command Position: 1.4001344059766834; Output Position: 1.3060568091522997
[2026-04-08 05:09:55,337] INFO: Time: 1.632303721999989; Command Position: 1.4018151643870487; Output Position: 1.3076760110950678
[2026-04-08 05:09:55,339] INFO: Time: 1.6343818880000072; Command Position: 1.4035077671750933; Output Position: 1.309295213037836
[2026-04-08 05:09:55,341] INFO: Time: 1.6364555540000083; Command Position: 1.4051961850783097; Output Position: 1.3109570255580456
[2026-04-08 05:09:55,343] INFO: Time: 1.6385255159999872; Command Position: 1.4068810613549176; Output Position: 1.3141954294435818
[2026-04-08 05:09:55,345] INFO: Time: 1.6405947369999865; Command Position: 1.408564801559233; Output Position: 1.3156867996540262
[2026-04-08 05:09:55,347] INFO: Time: 1.6426615519999928; Command Position: 1.4102460441939237; Output Position: 1.3173486121742357
[2026-04-08 05:09:55,349] INFO: Time: 1.6447266440000021; Command Position: 1.4119253385927282; Output Position: 1.3189678141170038
[2026-04-08 05:09:55,351] INFO: Time: 1.6467873470000143; Command Position: 1.4136005114138193; Output Position: 1.320587016059772
[2026-04-08 05:09:55,353] INFO: Time: 1.6488520869999945; Command Position: 1.41527840457147; Output Position: 1.3222488285799814
[2026-04-08 05:09:55,355] INFO: Time: 1.6509155679999878; Command Position: 1.4169547053534641; Output Position: 1.3239106411001909
[2026-04-08 05:09:55,358] INFO: Time: 1.65308275000001; Command Position: 1.4187146279758562; Output Position: 1.3256150641978417
[2026-04-08 05:09:55,360] INFO: Time: 1.6551483050000115; Command Position: 1.4203914208614363; Output Position: 1.3272342661406098
[2026-04-08 05:09:55,362] INFO: Time: 1.6572090090000131; Command Position: 1.4220636837054244; Output Position: 1.3288960786608193
[2026-04-08 05:09:55,364] INFO: Time: 1.6592738600000132; Command Position: 1.4237387108727608; Output Position: 1.330472670026146
[2026-04-08 05:09:55,366] INFO: Time: 1.6613368220000098; Command Position: 1.425411597102527; Output Position: 1.3321344825463557
[2026-04-08 05:09:55,368] INFO: Time: 1.6634007479999866; Command Position: 1.427084648527213; Output Position: 1.3337110739116824
[2026-04-08 05:09:55,370] INFO: Time: 1.6654641910000123; Command Position: 1.4287566841591184; Output Position: 1.335372886431892
[2026-04-08 05:09:55,372] INFO: Time: 1.6675277649999884; Command Position: 1.430428193881783; Output Position: 1.3369494777972188
[2026-04-08 05:09:55,374] INFO: Time: 1.6695871160000024; Command Position: 1.4320956450266769; Output Position: 1.3385260691625458
[2026-04-08 05:09:55,376] INFO: Time: 1.671650115999995; Command Position: 1.4337654040131014; Output Position: 1.3400600499504314
[2026-04-08 05:09:55,378] INFO: Time: 1.6737184479999883; Command Position: 1.435438820980571; Output Position: 1.3416792518931997
[2026-04-08 05:09:55,380] INFO: Time: 1.6757899110000096; Command Position: 1.437114103269197; Output Position: 1.3432984538359678
[2026-04-08 05:09:55,383] INFO: Time: 1.6779058529999986; Command Position: 1.4388246594174314; Output Position: 1.3450454875110598
[2026-04-08 05:09:55,385] INFO: Time: 1.6799668710000049; Command Position: 1.4404901278902233; Output Position: 1.3466220788763867
[2026-04-08 05:09:55,387] INFO: Time: 1.682025686000003; Command Position: 1.442153132090226; Output Position: 1.3482412808191548
[2026-04-08 05:09:55,389] INFO: Time: 1.6840895370000055; Command Position: 1.4438195101265512; Output Position: 1.349860482761923
[2026-04-08 05:09:55,391] INFO: Time: 1.6861535920000108; Command Position: 1.4454853501615368; Output Position: 1.35143707412725
[2026-04-08 05:09:55,393] INFO: Time: 1.6882180540000036; Command Position: 1.4471508079333377; Output Position: 1.3530136654925766
[2026-04-08 05:09:55,395] INFO: Time: 1.6902812760000074; Command Position: 1.448814547417326; Output Position: 1.3545050357030213
[2026-04-08 05:09:55,397] INFO: Time: 1.6923450159999902; Command Position: 1.4504779788333169; Output Position: 1.356081627068348
[2026-04-08 05:09:55,399] INFO: Time: 1.6944046639999897; Command Position: 1.4521373805379831; Output Position: 1.3576156078562336
[2026-04-08 05:09:55,401] INFO: Time: 1.6964681999999982; Command Position: 1.4537991741549159; Output Position: 1.359234809799002
[2026-04-08 05:09:55,403] INFO: Time: 1.6985884949999956; Command Position: 1.4555058963112086; Output Position: 1.3625158242619795
[2026-04-08 05:09:55,405] INFO: Time: 1.7006484199999932; Command Position: 1.4571632586055037; Output Position: 1.364177636782189
[2026-04-08 05:09:55,407] INFO: Time: 1.7027136600000006; Command Position: 1.458824132221964; Output Position: 1.365754228147516
[2026-04-08 05:09:55,409] INFO: Time: 1.7047735859999875; Command Position: 1.4604799615538286; Output Position: 1.3674586512451665
[2026-04-08 05:09:55,411] INFO: Time: 1.7068327519999968; Command Position: 1.4621344029414125; Output Position: 1.3690778531879346
[2026-04-08 05:09:55,413] INFO: Time: 1.7089016589999915; Command Position: 1.4637958805839242; Output Position: 1.370739665708144
[2026-04-08 05:09:55,416] INFO: Time: 1.7109666769999876; Command Position: 1.4654534375210577; Output Position: 1.3722310359185885
[2026-04-08 05:09:55,418] INFO: Time: 1.7130260650000082; Command Position: 1.4671056740705253; Output Position: 1.373765016706474
[2026-04-08 05:09:55,420] INFO: Time: 1.7150962679999964; Command Position: 1.4687657731767958; Output Position: 1.3753842186492422
[2026-04-08 05:09:55,422] INFO: Time: 1.7171619529999873; Command Position: 1.4704214278094438; Output Position: 1.3769608100145692
[2026-04-08 05:09:55,424] INFO: Time: 1.7192211189999966; Command Position: 1.4720710330253486; Output Position: 1.3785800119573375
[2026-04-08 05:09:55,426] INFO: Time: 1.7212885810000103; Command Position: 1.4737264483703718; Output Position: 1.3801566033226644
[2026-04-08 05:09:55,428] INFO: Time: 1.7233530059999964; Command Position: 1.4753785886014272; Output Position: 1.3817758052654325
[2026-04-08 05:09:55,430] INFO: Time: 1.7254125430000045; Command Position: 1.4770259695400074; Output Position: 1.3833950072082009
[2026-04-08 05:09:55,432] INFO: Time: 1.7274762829999872; Command Position: 1.478675855613749; Output Position: 1.385014209150969
[2026-04-08 05:09:55,434] INFO: Time: 1.729539468000013; Command Position: 1.4803244330033585; Output Position: 1.3865481899388545
[2026-04-08 05:09:55,436] INFO: Time: 1.7316033749999917; Command Position: 1.481972714282802; Output Position: 1.3881673918816226
[2026-04-08 05:09:55,438] INFO: Time: 1.7336675219999904; Command Position: 1.4836203062055968; Output Position: 1.3897865938243907
[2026-04-08 05:09:55,440] INFO: Time: 1.735730114000006; Command Position: 1.4852657691660827; Output Position: 1.391405795767159
[2026-04-08 05:09:55,442] INFO: Time: 1.7377896140000075; Command Position: 1.4869078723408138; Output Position: 1.3929397765550449
[2026-04-08 05:09:55,444] INFO: Time: 1.7398522979999882; Command Position: 1.488551612055699; Output Position: 1.3946015890752541
[2026-04-08 05:09:55,446] INFO: Time: 1.7419146679999926; Command Position: 1.49019419123041; Output Position: 1.396178180440581
[2026-04-08 05:09:55,449] INFO: Time: 1.743982815999999; Command Position: 1.4918404505295921; Output Position: 1.3977121612284666
[2026-04-08 05:09:55,451] INFO: Time: 1.746048241000011; Command Position: 1.493483613363316; Output Position: 1.3993313631712347
[2026-04-08 05:09:55,453] INFO: Time: 1.748108129000002; Command Position: 1.4951214389484742; Output Position: 1.4009079545365617
[2026-04-08 05:09:55,455] INFO: Time: 1.7501670549999915; Command Position: 1.4967575616747133; Output Position: 1.40252715647933
[2026-04-08 05:09:55,457] INFO: Time: 1.752230905999994; Command Position: 1.498396649287944; Output Position: 1.4041463584220981
[2026-04-08 05:09:55,459] INFO: Time: 1.7543103680000058; Command Position: 1.5000471665322992; Output Position: 1.405680339209984
[2026-04-08 05:09:55,461] INFO: Time: 1.756374663999992; Command Position: 1.5016846769750534; Output Position: 1.4071717094204281
[2026-04-08 05:09:55,463] INFO: Time: 1.7584407189999922; Command Position: 1.5033226081853397; Output Position: 1.408748300785755
[2026-04-08 05:09:55,465] INFO: Time: 1.7605053480000095; Command Position: 1.5049584272615806; Output Position: 1.410324892151082
[2026-04-08 05:09:55,467] INFO: Time: 1.7625645690000056; Command Position: 1.5065889764962592; Output Position: 1.4134354643042946
[2026-04-08 05:09:55,469] INFO: Time: 1.764628679999987; Command Position: 1.5082224028859414; Output Position: 1.4150120556696215
[2026-04-08 05:09:55,471] INFO: Time: 1.7667610299999978; Command Position: 1.5099087758489809; Output Position: 1.4166312576123896
[2026-04-08 05:09:55,473] INFO: Time: 1.7688208810000106; Command Position: 1.5115367878068442; Output Position: 1.4182078489777163
[2026-04-08 05:09:55,475] INFO: Time: 1.7708848990000092; Command Position: 1.5131670751102813; Output Position: 1.4198270509204847
[2026-04-08 05:09:55,478] INFO: Time: 1.7729686389999983; Command Position: 1.5148118985648442; Output Position: 1.4214036422858116
[2026-04-08 05:09:55,480] INFO: Time: 1.775037397999995; Command Position: 1.516443853713612; Output Position: 1.4230228442285797
[2026-04-08 05:09:55,482] INFO: Time: 1.7771109519999868; Command Position: 1.5180785409824695; Output Position: 1.424642046171348
[2026-04-08 05:09:55,484] INFO: Time: 1.7791779149999911; Command Position: 1.5197069779199222; Output Position: 1.4262612481141161
[2026-04-08 05:09:55,486] INFO: Time: 1.7812384329999986; Command Position: 1.5213292819150999; Output Position: 1.427837839479443
[2026-04-08 05:09:55,488] INFO: Time: 1.7833028020000086; Command Position: 1.5229535537052943; Output Position: 1.4293292096898873
[2026-04-08 05:09:55,490] INFO: Time: 1.785366302; Command Position: 1.5245760696478943; Output Position: 1.4309058010552143
[2026-04-08 05:09:55,492] INFO: Time: 1.787425541999994; Command Position: 1.5261941598683024; Output Position: 1.4324397818431
[2026-04-08 05:09:55,494] INFO: Time: 1.7894930040000077; Command Position: 1.5278176216613932; Output Position: 1.4340589837858682
[2026-04-08 05:09:55,496] INFO: Time: 1.7915557450000108; Command Position: 1.5294362812822708; Output Position: 1.435635575151195
[2026-04-08 05:09:55,498] INFO: Time: 1.7936154109999904; Command Position: 1.5310514290331358; Output Position: 1.4372973876714044
[2026-04-08 05:09:55,500] INFO: Time: 1.7957241869999905; Command Position: 1.532703942343697; Output Position: 1.438788757881849
[2026-04-08 05:09:55,502] INFO: Time: 1.7977884459999984; Command Position: 1.534320440282833; Output Position: 1.4404079598246171
[2026-04-08 05:09:55,504] INFO: Time: 1.7998532780000005; Command Position: 1.535936260674759; Output Position: 1.4420697723448266
[2026-04-08 05:09:55,507] INFO: Time: 1.8020569980000118; Command Position: 1.5376595158053674; Output Position: 1.4436037531327122
[2026-04-08 05:09:55,509] INFO: Time: 1.804123255999997; Command Position: 1.5392740975453822; Output Position: 1.4452229550754803
[2026-04-08 05:09:55,511] INFO: Time: 1.8061895699999866; Command Position: 1.5408875718353978; Output Position: 1.4467995464408072
[2026-04-08 05:09:55,513] INFO: Time: 1.8082561070000054; Command Position: 1.5425000612876172; Output Position: 1.4482909166512516
[2026-04-08 05:09:55,515] INFO: Time: 1.8103204950000134; Command Position: 1.5441097091468472; Output Position: 1.4498248974391372
[2026-04-08 05:09:55,517] INFO: Time: 1.812380327999989; Command Position: 1.5457146375767001; Output Position: 1.4513162676495817
[2026-04-08 05:09:55,519] INFO: Time: 1.8146711379999942; Command Position: 1.5474981536529886; Output Position: 1.454384229225353
[2026-04-08 05:09:55,521] INFO: Time: 1.816737211000003; Command Position: 1.549105446297287; Output Position: 1.4559182100132384
[2026-04-08 05:09:55,523] INFO: Time: 1.8187968590000025; Command Position: 1.5507065492485883; Output Position: 1.4575374119560067
[2026-04-08 05:09:55,525] INFO: Time: 1.8208639880000135; Command Position: 1.5523122641534606; Output Position: 1.4591992244762162
[2026-04-08 05:09:55,528] INFO: Time: 1.8229285799999957; Command Position: 1.5539147973624035; Output Position: 1.460775815841543
[2026-04-08 05:09:55,530] INFO: Time: 1.8249881719999905; Command Position: 1.555512236262392; Output Position: 1.4623524072068699
[2026-04-08 05:09:55,532] INFO: Time: 1.827052172000009; Command Position: 1.5571118708437233; Output Position: 1.4639716091496382
[2026-04-08 05:09:55,534] INFO: Time: 1.8291116530000124; Command Position: 1.5587067751926607; Output Position: 1.4655055899375238
[2026-04-08 05:09:55,536] INFO: Time: 1.8312529099999892; Command Position: 1.5603636999691073; Output Position: 1.4670395707254094
[2026-04-08 05:09:55,538] INFO: Time: 1.8333170760000144; Command Position: 1.5619597004350134; Output Position: 1.4686587726681777
[2026-04-08 05:09:55,540] INFO: Time: 1.8353797970000016; Command Position: 1.5635533301251812; Output Position: 1.4701927534560633
[2026-04-08 05:09:55,542] INFO: Time: 1.837438407999997; Command Position: 1.5651425277468616; Output Position: 1.4716415130890663
[2026-04-08 05:09:55,544] INFO: Time: 1.8395014259999982; Command Position: 1.5667338605253134; Output Position: 1.4732181044543933
[2026-04-08 05:09:55,546] INFO: Time: 1.8416442019999977; Command Position: 1.568385364807244; Output Position: 1.4747094746648377
[2026-04-08 05:09:55,548] INFO: Time: 1.8437082750000116; Command Position: 1.5699749010980257; Output Position: 1.4763286766076058
[2026-04-08 05:09:55,550] INFO: Time: 1.8457719410000095; Command Position: 1.5715628321780053; Output Position: 1.477947878550374
[2026-04-08 05:09:55,552] INFO: Time: 1.8478351070000087; Command Position: 1.573149079924765; Output Position: 1.4796096910705834
[2026-04-08 05:09:55,554] INFO: Time: 1.8498940140000002; Command Position: 1.5747307513756312; Output Position: 1.4812288930133515
[2026-04-08 05:09:55,557] INFO: Time: 1.8519566800000007; Command Position: 1.5763139991244852; Output Position: 1.4828054843786787
[2026-04-08 05:09:55,559] INFO: Time: 1.8540185129999998; Command Position: 1.5778952883059554; Output Position: 1.4844246863214468
[2026-04-08 05:09:55,561] INFO: Time: 1.8560834200000045; Command Position: 1.5794776057853244; Output Position: 1.4859586671093323
[2026-04-08 05:09:55,563] INFO: Time: 1.8581473270000117; Command Position: 1.581057820306102; Output Position: 1.4875778690521004
[2026-04-08 05:09:55,565] INFO: Time: 1.8602070119999894; Command Position: 1.5826334626826517; Output Position: 1.4890692392625449
[2026-04-08 05:09:55,567] INFO: Time: 1.862270566999996; Command Position: 1.5842107162126076; Output Position: 1.4906458306278718
[2026-04-08 05:09:55,569] INFO: Time: 1.8643329180000023; Command Position: 1.5857856926767715; Output Position: 1.4922650325706401
[2026-04-08 05:09:55,571] INFO: Time: 1.8665798209999878; Command Position: 1.587500055315044; Output Position: 1.4954182153012938
[2026-04-08 05:09:55,573] INFO: Time: 1.8686454129999959; Command Position: 1.5890746433917142; Output Position: 1.4969948066666208
[2026-04-08 05:09:55,575] INFO: Time: 1.8707091900000137; Command Position: 1.5906464662972408; Output Position: 1.4986566191868302
[2026-04-08 05:09:55,577] INFO: Time: 1.8727763379999942; Command Position: 1.5922194648868744; Output Position: 1.5003184317070395
[2026-04-08 05:09:55,579] INFO: Time: 1.8748415969999996; Command Position: 1.5937896277064385; Output Position: 1.5018950230723664
[2026-04-08 05:09:55,581] INFO: Time: 1.8769045779999942; Command Position: 1.5953566559074486; Output Position: 1.5034716144376934
[2026-04-08 05:09:55,584] INFO: Time: 1.8789643549999937; Command Position: 1.59691984439768; Output Position: 1.505005595225579
[2026-04-08 05:09:55,586] INFO: Time: 1.881030317000011; Command Position: 1.5984863082261396; Output Position: 1.506582186590906
[2026-04-08 05:09:55,588] INFO: Time: 1.8830901309999888; Command Position: 1.6000466888822449; Output Position: 1.5080735568013504
[2026-04-08 05:09:55,590] INFO: Time: 1.8851492050000047; Command Position: 1.6016050829777102; Output Position: 1.509650148166677
[2026-04-08 05:09:55,592] INFO: Time: 1.8872119080000118; Command Position: 1.6031647868834114; Output Position: 1.5111841289545629
[2026-04-08 05:09:55,594] INFO: Time: 1.8892741299999898; Command Position: 1.604722682280935; Output Position: 1.5127607203198898
[2026-04-08 05:09:55,596] INFO: Time: 1.891337443999987; Command Position: 1.6062799495700544; Output Position: 1.514209479952893
[2026-04-08 05:09:55,598] INFO: Time: 1.8934025549999944; Command Position: 1.6078371105094837; Output Position: 1.5157860713182199
[2026-04-08 05:09:55,600] INFO: Time: 1.8954662209999924; Command Position: 1.6093917128807176; Output Position: 1.5173626626835466
[2026-04-08 05:09:55,602] INFO: Time: 1.897525905000009; Command Position: 1.6109418440630412; Output Position: 1.5189392540488735
[2026-04-08 05:09:55,604] INFO: Time: 1.899588386000005; Command Position: 1.6124926000105155; Output Position: 1.5204732348367593
[2026-04-08 05:09:55,606] INFO: Time: 1.9016512930000147; Command Position: 1.614042187290985; Output Position: 1.5220498262020863
[2026-04-08 05:09:55,608] INFO: Time: 1.9037155890000008; Command Position: 1.615591320072502; Output Position: 1.5236690281448544
[2026-04-08 05:09:55,610] INFO: Time: 1.9057802730000049; Command Position: 1.6171392379889498; Output Position: 1.5251603983552988
[2026-04-08 05:09:55,612] INFO: Time: 1.9078429209999967; Command Position: 1.6186841183188587; Output Position: 1.5266943791431844
[2026-04-08 05:09:55,614] INFO: Time: 1.9099020689999975; Command Position: 1.6202248634484029; Output Position: 1.5281857493536288
[2026-04-08 05:09:55,617] INFO: Time: 1.911965605000006; Command Position: 1.6217673673503827; Output Position: 1.529804951296397
[2026-04-08 05:09:55,619] INFO: Time: 1.9143204140000023; Command Position: 1.6235257256521636; Output Position: 1.531424153239165
[2026-04-08 05:09:55,621] INFO: Time: 1.9163834320000035; Command Position: 1.6250645514560182; Output Position: 1.5329581340270506
[2026-04-08 05:09:55,623] INFO: Time: 1.9184483760000148; Command Position: 1.626603263750157; Output Position: 1.534449504237495
[2026-04-08 05:09:55,625] INFO: Time: 1.9205081720000123; Command Position: 1.6281365877431329; Output Position: 1.5361113167577045
[2026-04-08 05:09:55,627] INFO: Time: 1.922566856000003; Command Position: 1.6296675277954824; Output Position: 1.5393071100657998
[2026-04-08 05:09:55,629] INFO: Time: 1.924629355999997; Command Position: 1.6311997384053223; Output Position: 1.5408410908536851
[2026-04-08 05:09:55,631] INFO: Time: 1.9266958739999893; Command Position: 1.6327333535299777; Output Position: 1.542417682219012
[2026-04-08 05:09:55,633] INFO: Time: 1.9287593169999866; Command Position: 1.6342631010358013; Output Position: 1.5440368841617804
[2026-04-08 05:09:55,635] INFO: Time: 1.9308215210000128; Command Position: 1.6357903398857183; Output Position: 1.545570864949666
[2026-04-08 05:09:55,637] INFO: Time: 1.9328847049999922; Command Position: 1.6373167066089334; Output Position: 1.5471474563149927
[2026-04-08 05:09:55,639] INFO: Time: 1.934944167999987; Command Position: 1.6388387194349971; Output Position: 1.548596215947996
[2026-04-08 05:09:55,642] INFO: Time: 1.9370069999999942; Command Position: 1.6403616114196184; Output Position: 1.5502580284682055
[2026-04-08 05:09:55,644] INFO: Time: 1.9390748890000111; Command Position: 1.641886611720146; Output Position: 1.551792009256091
[2026-04-08 05:09:55,646] INFO: Time: 1.9411394439999867; Command Position: 1.6434075230942637; Output Position: 1.5534112111988592
[2026-04-08 05:09:55,648] INFO: Time: 1.9432028500000058; Command Position: 1.6449259533842522; Output Position: 1.554945191986745
[2026-04-08 05:09:55,650] INFO: Time: 1.9452660720000097; Command Position: 1.6464426072135203; Output Position: 1.5566070045069544
[2026-04-08 05:09:55,652] INFO: Time: 1.947331719999994; Command Position: 1.6479593933955186; Output Position: 1.5582688170271637
[2026-04-08 05:09:55,654] INFO: Time: 1.949395812000006; Command Position: 1.649473379856878; Output Position: 1.5598454083924906
[2026-04-08 05:09:55,656] INFO: Time: 1.9514637739999898; Command Position: 1.650988536615022; Output Position: 1.5614219997578176
[2026-04-08 05:09:55,658] INFO: Time: 1.9535277180000037; Command Position: 1.6524990773843076; Output Position: 1.5629985911231445
[2026-04-08 05:09:55,660] INFO: Time: 1.9555915500000083; Command Position: 1.6540078588096123; Output Position: 1.564660403643354
[2026-04-08 05:09:55,662] INFO: Time: 1.9576569390000031; Command Position: 1.655516092207781; Output Position: 1.5662369950086807
[2026-04-08 05:09:55,664] INFO: Time: 1.9597163089999867; Command Position: 1.6570182437106147; Output Position: 1.5678135863740077
[2026-04-08 05:09:55,666] INFO: Time: 1.9617802340000026; Command Position: 1.6585220210127432; Output Position: 1.5693901777393346
[2026-04-08 05:09:55,668] INFO: Time: 1.9638437330000045; Command Position: 1.6600237828438096; Output Position: 1.5709667691046616
[2026-04-08 05:09:55,670] INFO: Time: 1.9659029370000098; Command Position: 1.661520712305601; Output Position: 1.5725007498925472
[2026-04-08 05:09:55,673] INFO: Time: 1.9679657140000018; Command Position: 1.6630185229167198; Output Position: 1.5741199518353153
[2026-04-08 05:09:55,675] INFO: Time: 1.9700285090000023; Command Position: 1.6645146218750284; Output Position: 1.5757391537780836
[2026-04-08 05:09:55,677] INFO: Time: 1.972087509000005; Command Position: 1.6660062414735544; Output Position: 1.577400966298293
[2026-04-08 05:09:55,679] INFO: Time: 1.974150452999993; Command Position: 1.6674989809936984; Output Position: 1.5790201682410612
[2026-04-08 05:09:55,681] INFO: Time: 1.9762096380000003; Command Position: 1.6689872593974533; Output Position: 1.5806393701838293
[2026-04-08 05:09:55,683] INFO: Time: 1.978268488999987; Command Position: 1.6704735503743513; Output Position: 1.582173350971715
[2026-04-08 05:09:55,685] INFO: Time: 1.9803316180000081; Command Position: 1.6719611713855507; Output Position: 1.5837073317596007
[2026-04-08 05:09:55,687] INFO: Time: 1.98239367299999; Command Position: 1.6734462523376172; Output Position: 1.5853265337023688
[2026-04-08 05:09:55,689] INFO: Time: 1.9844526910000013; Command Position: 1.6749273778582636; Output Position: 1.5869031250676957
[2026-04-08 05:09:55,691] INFO: Time: 1.9865159500000118; Command Position: 1.676409774806923; Output Position: 1.5884797164330227
[2026-04-08 05:09:55,693] INFO: Time: 1.9885788750000017; Command Position: 1.6778901441983463; Output Position: 1.591675509741118
[2026-04-08 05:09:55,695] INFO: Time: 1.990638856000004; Command Position: 1.6793666104459346; Output Position: 1.5933799328387686
[2026-04-08 05:09:55,697] INFO: Time: 1.9927023550000058; Command Position: 1.6808437974651076; Output Position: 1.5949565242040955
[2026-04-08 05:09:55,699] INFO: Time: 1.9947638360000042; Command Position: 1.682317733381646; Output Position: 1.5965757261468636
[2026-04-08 05:09:55,701] INFO: Time: 1.9968228909999937; Command Position: 1.6837881254618616; Output Position: 1.598237538667073
[2026-04-08 05:09:55,703] INFO: Time: 1.9988877979999984; Command Position: 1.6852608737158845; Output Position: 1.5998567406098412
[2026-04-08 05:09:55,706] INFO: Time: 2.000950761000013; Command Position: 1.686730405779449; Output Position: 1.6014759425526095
[2026-04-08 05:09:55,708] INFO: Time: 2.0030107050000083; Command Position: 1.6881959556428008; Output Position: 1.6031377550728187
[2026-04-08 05:09:55,710] INFO: Time: 2.00507638900001; Command Position: 1.6896637444183846; Output Position: 1.6047143464381457
[2026-04-08 05:09:55,712] INFO: Time: 2.00713638900001; Command Position: 1.6911256477865888; Output Position: 1.606333548380914
[2026-04-08 05:09:55,714] INFO: Time: 2.009195683999991; Command Position: 1.6925852009342757; Output Position: 1.6078675291687994
[2026-04-08 05:09:55,716] INFO: Time: 2.011258980000008; Command Position: 1.6940457280460866; Output Position: 1.6094867311115677
[2026-04-08 05:09:55,718] INFO: Time: 2.0133227759999954; Command Position: 1.6955047379882764; Output Position: 1.6111059330543358
[2026-04-08 05:09:55,720] INFO: Time: 2.015382998000007; Command Position: 1.6969593480137637; Output Position: 1.6127677455745453
[2026-04-08 05:09:55,722] INFO: Time: 2.0174461080000015; Command Position: 1.6984141147309173; Output Position: 1.6144295580947547
[2026-04-08 05:09:55,724] INFO: Time: 2.0195105699999942; Command Position: 1.6998679424548047; Output Position: 1.6160487600375228
[2026-04-08 05:09:55,728] INFO: Time: 2.0229998030000047; Command Position: 1.7023207947379264; Output Position: 1.6193297745005006
[2026-04-08 05:09:55,730] INFO: Time: 2.0251820409999937; Command Position: 1.7038520860266662; Output Position: 1.6209063658658274
[2026-04-08 05:09:55,732] INFO: Time: 2.0272505400000114; Command Position: 1.7053015871859047; Output Position: 1.6224403466537132
[2026-04-08 05:09:55,734] INFO: Time: 2.029318799000009; Command Position: 1.7067489878231883; Output Position: 1.6240595485964813
[2026-04-08 05:09:55,736] INFO: Time: 2.031383723999994; Command Position: 1.7081921209438846; Output Position: 1.6256361399618082
[2026-04-08 05:09:55,738] INFO: Time: 2.033545389000011; Command Position: 1.709700785577719; Output Position: 1.627212731327135
[2026-04-08 05:09:55,740] INFO: Time: 2.035616147000013; Command Position: 1.711144004135107; Output Position: 1.6288745438473446
[2026-04-08 05:09:55,742] INFO: Time: 2.0376823869999896; Command Position: 1.7125821159179488; Output Position: 1.6304085246352302
[2026-04-08 05:09:55,744] INFO: Time: 2.0397469979999983; Command Position: 1.7140171336860575; Output Position: 1.631942505423116
[2026-04-08 05:09:55,746] INFO: Time: 2.041811478999989; Command Position: 1.7154500951222884; Output Position: 1.6335617073658841
[2026-04-08 05:09:55,748] INFO: Time: 2.043875404000005; Command Position: 1.716880698824463; Output Position: 1.6352235198860936
[2026-04-08 05:09:55,750] INFO: Time: 2.0459349959999997; Command Position: 1.7183063271190093; Output Position: 1.6366722795190967
[2026-04-08 05:09:55,753] INFO: Time: 2.0479977729999916; Command Position: 1.7197321788816788; Output Position: 1.6382488708844236
[2026-04-08 05:09:55,755] INFO: Time: 2.050135216000001; Command Position: 1.7212075432304097; Output Position: 1.6396976305174267
[2026-04-08 05:09:55,757] INFO: Time: 2.0521962150000093; Command Position: 1.7226281126568823; Output Position: 1.6412742218827536
[2026-04-08 05:09:55,759] INFO: Time: 2.0542606410000133; Command Position: 1.724049039794588; Output Position: 1.6427655920931978
[2026-04-08 05:09:55,761] INFO: Time: 2.0563239550000105; Command Position: 1.7254671904852903; Output Position: 1.644214351726201
[2026-04-08 05:09:55,763] INFO: Time: 2.058382251000012; Command Position: 1.726879882430569; Output Position: 1.6457057219366453
[2026-04-08 05:09:55,765] INFO: Time: 2.060449250000005; Command Position: 1.7282965208864107; Output Position: 1.6471544815696484
[2026-04-08 05:09:55,767] INFO: Time: 2.0625128229999916; Command Position: 1.7297087787509424; Output Position: 1.6486884623575342
[2026-04-08 05:09:55,769] INFO: Time: 2.0645718970000075; Command Position: 1.731115926814546; Output Position: 1.6515433710460992
[2026-04-08 05:09:55,771] INFO: Time: 2.066635673999997; Command Position: 1.7325242467441284; Output Position: 1.6531199624114261
[2026-04-08 05:09:55,773] INFO: Time: 2.0686985259999915; Command Position: 1.7339298858203414; Output Position: 1.6546113326218703
[2026-04-08 05:09:55,775] INFO: Time: 2.0707633400000134; Command Position: 1.7353348031436293; Output Position: 1.6561453134097561
[2026-04-08 05:09:55,777] INFO: Time: 2.0728288020000036; Command Position: 1.736738094182349; Output Position: 1.6576792941976415
[2026-04-08 05:09:55,780] INFO: Time: 2.0753085899999917; Command Position: 1.7384201410778122; Output Position: 1.6592132749855273
[2026-04-08 05:09:55,782] INFO: Time: 2.077370034000012; Command Position: 1.7398161403076213; Output Position: 1.6606194240410892
[2026-04-08 05:09:55,784] INFO: Time: 2.079434940999988; Command Position: 1.7412123990538095; Output Position: 1.6621960154064161
[2026-04-08 05:09:55,786] INFO: Time: 2.0814949960000035; Command Position: 1.7426032904461355; Output Position: 1.6636447750394192
[2026-04-08 05:09:55,788] INFO: Time: 2.0835605880000116; Command Position: 1.7439958212948676; Output Position: 1.6651361452498634
[2026-04-08 05:09:55,790] INFO: Time: 2.0856258100000105; Command Position: 1.745385994975253; Output Position: 1.6665849048828667
[2026-04-08 05:09:55,792] INFO: Time: 2.087685160999996; Command Position: 1.7467701116465073; Output Position: 1.668076275093311
[2026-04-08 05:09:55,794] INFO: Time: 2.089743937999998; Command Position: 1.7481517349278541; Output Position: 1.6696102558811967
[2026-04-08 05:09:55,796] INFO: Time: 2.0918066970000098; Command Position: 1.7495339106206163; Output Position: 1.671101626091641
[2026-04-08 05:09:55,798] INFO: Time: 2.0938690479999877; Command Position: 1.750913685200426; Output Position: 1.672550385724644
[2026-04-08 05:09:55,801] INFO: Time: 2.0959341029999905; Command Position: 1.7522931306823843; Output Position: 1.6740843665125298
[2026-04-08 05:09:55,803] INFO: Time: 2.0979997139999966; Command Position: 1.7536708006981963; Output Position: 1.6756609578778567
[2026-04-08 05:09:55,805] INFO: Time: 2.1000596760000008; Command Position: 1.7550425583106448; Output Position: 1.677152328088301
[2026-04-08 05:09:55,807] INFO: Time: 2.102118934999993; Command Position: 1.756411700659922; Output Position: 1.6786436982987454
[2026-04-08 05:09:55,809] INFO: Time: 2.1041853049999872; Command Position: 1.757783406609811; Output Position: 1.6800924579317487
[2026-04-08 05:09:55,811] INFO: Time: 2.106253062999997; Command Position: 1.7591538573088883; Output Position: 1.6815838281421929
[2026-04-08 05:09:55,813] INFO: Time: 2.1083172479999917; Command Position: 1.7605197617931694; Output Position: 1.683032587775196
[2026-04-08 05:09:55,815] INFO: Time: 2.110380709999987; Command Position: 1.7618830063687207; Output Position: 1.684481347408199
[2026-04-08 05:09:55,817] INFO: Time: 2.1124438209999994; Command Position: 1.7632438321394899; Output Position: 1.6859727176186434
[2026-04-08 05:09:55,819] INFO: Time: 2.114539911999998; Command Position: 1.7646241655013246; Output Position: 1.688912847462091
[2026-04-08 05:09:55,821] INFO: Time: 2.1166091339999866; Command Position: 1.7659845779808774; Output Position: 1.6903616070950942
[2026-04-08 05:09:55,823] INFO: Time: 2.118675077000006; Command Position: 1.7673406209931652; Output Position: 1.6920234196153034
[2026-04-08 05:09:55,825] INFO: Time: 2.120734521000003; Command Position: 1.7686901903770398; Output Position: 1.6934295686708654
[2026-04-08 05:09:55,827] INFO: Time: 2.1227977620000047; Command Position: 1.7700400312204816; Output Position: 1.694963549458751
[2026-04-08 05:09:55,829] INFO: Time: 2.124863354000013; Command Position: 1.7713891812765858; Output Position: 1.696540140824078
[2026-04-08 05:09:55,831] INFO: Time: 2.126927131000002; Command Position: 1.7727349123375182; Output Position: 1.6979462898796396
[2026-04-08 05:09:55,834] INFO: Time: 2.12899018600001; Command Position: 1.7740779349520146; Output Position: 1.6995228812449665
[2026-04-08 05:09:55,836] INFO: Time: 2.131053425999994; Command Position: 1.7754188341689372; Output Position: 1.7009716408779696
[2026-04-08 05:09:55,838] INFO: Time: 2.133112702999995; Command Position: 1.7767549141257137; Output Position: 1.7024204005109729
[2026-04-08 05:09:55,840] INFO: Time: 2.1351798320000057; Command Position: 1.7780938278922824; Output Position: 1.703869160143976
[2026-04-08 05:09:55,842] INFO: Time: 2.137244683000006; Command Position: 1.779428998699911; Output Position: 1.705317919776979
[2026-04-08 05:09:55,844] INFO: Time: 2.139304756999991; Command Position: 1.7807588160402825; Output Position: 1.706766679409982
[2026-04-08 05:09:55,846] INFO: Time: 2.1413684039999907; Command Position: 1.78208866577106; Output Position: 1.7082154390429851
[2026-04-08 05:09:55,848] INFO: Time: 2.143430644999995; Command Position: 1.783415329557386; Output Position: 1.709792030408312
[2026-04-08 05:09:55,850] INFO: Time: 2.145684732999996; Command Position: 1.7848627964545085; Output Position: 1.7113260111961979
[2026-04-08 05:09:55,852] INFO: Time: 2.147749714000014; Command Position: 1.7861864247487116; Output Position: 1.7129026025615248
[2026-04-08 05:09:55,854] INFO: Time: 2.1498133430000053; Command Position: 1.7875068843505106; Output Position: 1.714393972771969
[2026-04-08 05:09:55,856] INFO: Time: 2.1518732129999876; Command Position: 1.7888226374854783; Output Position: 1.715842732404972
[2026-04-08 05:09:55,858] INFO: Time: 2.153937582999987; Command Position: 1.7901389522419024; Output Position: 1.717376713192858
[2026-04-08 05:09:55,861] INFO: Time: 2.1559997859999953; Command Position: 1.7914515674506069; Output Position: 1.718825472825861
[2026-04-08 05:09:55,863] INFO: Time: 2.158064230000008; Command Position: 1.792763282592126; Output Position: 1.7202316218814226
[2026-04-08 05:09:55,865] INFO: Time: 2.1601288770000053; Command Position: 1.7940727924917077; Output Position: 1.7216803815144257
[2026-04-08 05:09:55,867] INFO: Time: 2.1621910990000117; Command Position: 1.795378427989418; Output Position: 1.723001309415105
[2026-04-08 05:09:55,869] INFO: Time: 2.164256709; Command Position: 1.7966838616691585; Output Position: 1.724535290202991
[2026-04-08 05:09:55,871] INFO: Time: 2.166322801000007; Command Position: 1.797987244278711; Output Position: 1.7259414392585528
[2026-04-08 05:09:55,873] INFO: Time: 2.168387115999991; Command Position: 1.7992871468634308; Output Position: 1.727432809468997
[2026-04-08 05:09:55,875] INFO: Time: 2.1704518930000063; Command Position: 1.8005849755004415; Output Position: 1.728881569102
[2026-04-08 05:09:55,877] INFO: Time: 2.1725171330000137; Command Position: 1.8018807231592442; Output Position: 1.7317790883680064
[2026-04-08 05:09:55,879] INFO: Time: 2.174580168999995; Command Position: 1.8031727134933617; Output Position: 1.733313069155892
[2026-04-08 05:09:55,881] INFO: Time: 2.1766403359999913; Command Position: 1.8044605327778656; Output Position: 1.734761828788895
[2026-04-08 05:09:55,883] INFO: Time: 2.1787041309999893; Command Position: 1.805748234986757; Output Position: 1.736167977844457
[2026-04-08 05:09:55,885] INFO: Time: 2.1807639639999934; Command Position: 1.8070310789382398; Output Position: 1.73761673747746
[2026-04-08 05:09:55,887] INFO: Time: 2.1828280379999967; Command Position: 1.8083141669006153; Output Position: 1.739022886533022
[2026-04-08 05:09:55,889] INFO: Time: 2.184892796000014; Command Position: 1.8095952731620364; Output Position: 1.7404290355885836
[2026-04-08 05:09:55,892] INFO: Time: 2.1869560730000046; Command Position: 1.8108730498322627; Output Position: 1.7418351846441456
[2026-04-08 05:09:55,894] INFO: Time: 2.189021795000002; Command Position: 1.812149920593047; Output Position: 1.743198723122266
[2026-04-08 05:09:55,896] INFO: Time: 2.1910868129999983; Command Position: 1.813423929945535; Output Position: 1.7446900933327105
[2026-04-08 05:09:55,898] INFO: Time: 2.19315177499999; Command Position: 1.8146954730534923; Output Position: 1.7460962423882722
[2026-04-08 05:09:55,900] INFO: Time: 2.1952151819999983; Command Position: 1.815963623783905; Output Position: 1.7475023914438341
[2026-04-08 05:09:55,902] INFO: Time: 2.1972782189999975; Command Position: 1.8172291079128096; Output Position: 1.7489511510768372
[2026-04-08 05:09:55,904] INFO: Time: 2.1993822910000063; Command Position: 1.8185172448930738; Output Position: 1.7503999107098405
[2026-04-08 05:09:55,906] INFO: Time: 2.201447809000001; Command Position: 1.819779298979587; Output Position: 1.7518486703428435
[2026-04-08 05:09:55,908] INFO: Time: 2.203513993999991; Command Position: 1.8210392967104156; Output Position: 1.7532974299758466
[2026-04-08 05:09:55,910] INFO: Time: 2.205577734000002; Command Position: 1.8222953376244453; Output Position: 1.7547035790314085
[2026-04-08 05:09:55,912] INFO: Time: 2.207637252000012; Command Position: 1.8235463462891137; Output Position: 1.7561523386644113
[2026-04-08 05:09:55,914] INFO: Time: 2.209700343999998; Command Position: 1.8247970535332159; Output Position: 1.7576010982974146
[2026-04-08 05:09:55,916] INFO: Time: 2.211767694999992; Command Position: 1.8260478546733152; Output Position: 1.7590072473529765
[2026-04-08 05:09:55,918] INFO: Time: 2.213826861000001; Command Position: 1.8272912220301714; Output Position: 1.7604133964085384
[2026-04-08 05:09:55,920] INFO: Time: 2.215890953000013; Command Position: 1.828535072376595; Output Position: 1.7617343243092176
[2026-04-08 05:09:55,923] INFO: Time: 2.2179540269999904; Command Position: 1.8297758108972215; Output Position: 1.763183083942221
[2026-04-08 05:09:55,925] INFO: Time: 2.2200130260000037; Command Position: 1.8310116025770058; Output Position: 1.7645892329977826
[2026-04-08 05:09:55,927] INFO: Time: 2.2220783029999893; Command Position: 1.8322486513982685; Output Position: 1.7660379926307856
[2026-04-08 05:09:55,929] INFO: Time: 2.2241423579999946; Command Position: 1.833482450053006; Output Position: 1.7674867522637887
[2026-04-08 05:09:55,931] INFO: Time: 2.2262022280000053; Command Position: 1.834711231537351; Output Position: 1.7689355118967918
[2026-04-08 05:09:55,933] INFO: Time: 2.2282663020000086; Command Position: 1.8359399943932386; Output Position: 1.7703416609523537
[2026-04-08 05:09:55,935] INFO: Time: 2.230328727; Command Position: 1.8371652438542583; Output Position: 1.7717478100079154
[2026-04-08 05:09:55,937] INFO: Time: 2.23238811600001; Command Position: 1.8383861588485924; Output Position: 1.7731965696409187
[2026-04-08 05:09:55,939] INFO: Time: 2.2344508740000038; Command Position: 1.8396065302876474; Output Position: 1.7746027186964806
[2026-04-08 05:09:55,941] INFO: Time: 2.2367536470000005; Command Position: 1.840965888712994; Output Position: 1.7774150168076042
[2026-04-08 05:09:55,943] INFO: Time: 2.2388171839999984; Command Position: 1.8421813179488895; Output Position: 1.7786933341308422
[2026-04-08 05:09:55,945] INFO: Time: 2.2408815349999998; Command Position: 1.8433946625222495; Output Position: 1.780099483186404
[2026-04-08 05:09:55,948] INFO: Time: 2.2429454790000136; Command Position: 1.8446051983513247; Output Position: 1.7813778005096421
[2026-04-08 05:09:55,950] INFO: Time: 2.2450052739999933; Command Position: 1.8458107335613887; Output Position: 1.78265611783288
[2026-04-08 05:09:55,952] INFO: Time: 2.247069866000004; Command Position: 1.847016497124807; Output Position: 1.7839770457335595
[2026-04-08 05:09:55,954] INFO: Time: 2.2491300510000087; Command Position: 1.8482171073786486; Output Position: 1.7853405842116798
[2026-04-08 05:09:55,956] INFO: Time: 2.2511948840000002; Command Position: 1.8494178352205957; Output Position: 1.786618901534918
[2026-04-08 05:09:55,958] INFO: Time: 2.253266827999994; Command Position: 1.8506200851046959; Output Position: 1.7878972188581561
[2026-04-08 05:09:55,960] INFO: Time: 2.255333530999991; Command Position: 1.8518166805929712; Output Position: 1.7892607573362769
[2026-04-08 05:09:55,962] INFO: Time: 2.2573936779999997; Command Position: 1.853006877082128; Output Position: 1.7905816852369558
[2026-04-08 05:09:55,964] INFO: Time: 2.2594575480000003; Command Position: 1.8541966128039409; Output Position: 1.7919452237150766
[2026-04-08 05:09:55,966] INFO: Time: 2.261520159000014; Command Position: 1.8553830056161584; Output Position: 1.7932235410383146
[2026-04-08 05:09:55,968] INFO: Time: 2.2636751930000116; Command Position: 1.8566197583641912; Output Position: 1.7945444689389936
[2026-04-08 05:09:55,970] INFO: Time: 2.2657404699999972; Command Position: 1.8578023088380236; Output Position: 1.7964619449238508
[2026-04-08 05:09:55,972] INFO: Time: 2.2678043219999893; Command Position: 1.8589814061242764; Output Position: 1.7976550410922063
[2026-04-08 05:09:55,974] INFO: Time: 2.269863617999988; Command Position: 1.8601552674220452; Output Position: 1.7989333584154446
[2026-04-08 05:09:55,977] INFO: Time: 2.2719323210000084; Command Position: 1.8613318372420165; Output Position: 1.8001690651612412
[2026-04-08 05:09:55,979] INFO: Time: 2.2739943009999877; Command Position: 1.8625019310423148; Output Position: 1.801404771907038
[2026-04-08 05:09:55,981] INFO: Time: 2.276054300999988; Command Position: 1.863668251617375; Output Position: 1.8026404786528347
[2026-04-08 05:09:55,983] INFO: Time: 2.2781210230000113; Command Position: 1.864835711202978; Output Position: 1.8038335748211902
[2026-04-08 05:09:55,985] INFO: Time: 2.2801840589999927; Command Position: 1.8659984191587382; Output Position: 1.8049840604121046
[2026-04-08 05:09:55,987] INFO: Time: 2.282243244; Command Position: 1.8671562916960749; Output Position: 1.8062623777353426
[2026-04-08 05:09:55,989] INFO: Time: 2.2843095759999983; Command Position: 1.868315501126233; Output Position: 1.8075406950585804
[2026-04-08 05:09:55,991] INFO: Time: 2.2863748350000037; Command Position: 1.8694714187944173; Output Position: 1.8088190123818184
[2026-04-08 05:09:55,993] INFO: Time: 2.288434983000002; Command Position: 1.870621791334234; Output Position: 1.8101399402824978
[2026-04-08 05:09:55,995] INFO: Time: 2.2904984269999886; Command Position: 1.8717713113306345; Output Position: 1.8113756470282947
[2026-04-08 05:09:55,997] INFO: Time: 2.2925607219999904; Command Position: 1.8729174929648207; Output Position: 1.8126113537740913
[2026-04-08 05:09:55,999] INFO: Time: 2.294621462000009; Command Position: 1.8740601105558135; Output Position: 1.813847060519888
[2026-04-08 05:09:56,001] INFO: Time: 2.2966893319999997; Command Position: 1.8752039633482975; Output Position: 1.8149975461108023
[2026-04-08 05:09:56,003] INFO: Time: 2.2987556470000072; Command Position: 1.8763442308443068; Output Position: 1.8162758634340403
[2026-04-08 05:09:56,005] INFO: Time: 2.3008155359999876; Command Position: 1.8774782355097441; Output Position: 1.8173837384475133
[2026-04-08 05:09:56,007] INFO: Time: 2.302880017999996; Command Position: 1.8786120418187684; Output Position: 1.818576834615869
[2026-04-08 05:09:56,010] INFO: Time: 2.304942369999992; Command Position: 1.879741947357839; Output Position: 1.8197273202067832
[2026-04-08 05:09:56,012] INFO: Time: 2.307001315000008; Command Position: 1.8808672582282582; Output Position: 1.8208778057976973
[2026-04-08 05:09:56,014] INFO: Time: 2.3090655379999987; Command Position: 1.881992712213826; Output Position: 1.8220709019660528
[2026-04-08 05:09:56,016] INFO: Time: 2.3111324090000096; Command Position: 1.8831168543176293; Output Position: 1.8233066087118495
[2026-04-08 05:09:56,018] INFO: Time: 2.3131952049999995; Command Position: 1.8842360256018647; Output Position: 1.824499704880205
[2026-04-08 05:09:56,020] INFO: Time: 2.315256446999996; Command Position: 1.8853515998863197; Output Position: 1.8256928010485605
[2026-04-08 05:09:56,022] INFO: Time: 2.3173187799999937; Command Position: 1.8864650044074716; Output Position: 1.8269285077943573
[2026-04-08 05:09:56,024] INFO: Time: 2.319481389999993; Command Position: 1.8876295748359673; Output Position: 1.8281216039627128
[2026-04-08 05:09:56,026] INFO: Time: 2.3215412979999996; Command Position: 1.8887360060921958; Output Position: 1.8293573107085095
[2026-04-08 05:09:56,028] INFO: Time: 2.323601410000009; Command Position: 1.889839776293508; Output Position: 1.8305930174543061
[2026-04-08 05:09:56,030] INFO: Time: 2.3256673360000093; Command Position: 1.890943873859443; Output Position: 1.8330644309459
[2026-04-08 05:09:56,032] INFO: Time: 2.327731244000006; Command Position: 1.8920441002783952; Output Position: 1.8341723059593729
[2026-04-08 05:09:56,034] INFO: Time: 2.3297904300000027; Command Position: 1.8931390226517113; Output Position: 1.8353654021277284
[2026-04-08 05:09:56,036] INFO: Time: 2.3318535040000086; Command Position: 1.8942332157193515; Output Position: 1.8365584982960839
[2026-04-08 05:09:56,038] INFO: Time: 2.3339161709999985; Command Position: 1.8953243893590708; Output Position: 1.837581152154674
[2026-04-08 05:09:56,041] INFO: Time: 2.3359749870000144; Command Position: 1.8964107252583169; Output Position: 1.8387742483230296
[2026-04-08 05:09:56,043] INFO: Time: 2.338046042000002; Command Position: 1.8975006910670813; Output Position: 1.8398821233365028
[2026-04-08 05:09:56,045] INFO: Time: 2.3401143950000005; Command Position: 1.8985863989073173; Output Position: 1.8411178300822995
[2026-04-08 05:09:56,047] INFO: Time: 2.3422649119999903; Command Position: 1.8997122251177863; Output Position: 1.8422257050957727
[2026-04-08 05:09:56,049] INFO: Time: 2.3443305229999964; Command Position: 1.9007907066607044; Output Position: 1.8435040224190107
[2026-04-08 05:09:56,051] INFO: Time: 2.346391116999996; Command Position: 1.9018637371329246; Output Position: 1.8446118974324834
[2026-04-08 05:09:56,053] INFO: Time: 2.3484505240000146; Command Position: 1.9029333187479782; Output Position: 1.845804993600839
[2026-04-08 05:09:56,055] INFO: Time: 2.3505181540000137; Command Position: 1.9040043191831457; Output Position: 1.8469980897691944
[2026-04-08 05:09:56,057] INFO: Time: 2.3525832660000106; Command Position: 1.9050711579564972; Output Position: 1.8481485753601088
[2026-04-08 05:09:56,059] INFO: Time: 2.3546434700000134; Command Position: 1.9061326108192214; Output Position: 1.8492564503735818
[2026-04-08 05:09:56,061] INFO: Time: 2.356709118999987; Command Position: 1.9071940057331145; Output Position: 1.8504069359644957
[2026-04-08 05:09:56,063] INFO: Time: 2.3587728230000096; Command Position: 1.9082515332538623; Output Position: 1.8515148109779689
[2026-04-08 05:09:56,065] INFO: Time: 2.360832378999987; Command Position: 1.9093040722413588; Output Position: 1.8525800754140005
[2026-04-08 05:09:56,067] INFO: Time: 2.362899008999989; Command Position: 1.9103573466783592; Output Position: 1.8536027292725912
[2026-04-08 05:09:56,070] INFO: Time: 2.3649637320000068; Command Position: 1.9114067636048016; Output Position: 1.8546253831311814
[2026-04-08 05:09:56,072] INFO: Time: 2.367022714000001; Command Position: 1.9124503854833441; Output Position: 1.855690647567213
[2026-04-08 05:09:56,074] INFO: Time: 2.369085769999998; Command Position: 1.9134931857955415; Output Position: 1.8567133014258035
[2026-04-08 05:09:56,076] INFO: Time: 2.3711511959999996; Command Position: 1.9145342848228446; Output Position: 1.8577785658618353
[2026-04-08 05:09:56,078] INFO: Time: 2.3732104739999897; Command Position: 1.915569392086848; Output Position: 1.8587159985655433
[2026-04-08 05:09:56,080] INFO: Time: 2.3752739930000075; Command Position: 1.916603728857269; Output Position: 1.8597812630015749
[2026-04-08 05:09:56,082] INFO: Time: 2.3773363079999967; Command Position: 1.9176345546039704; Output Position: 1.8608465274376067
[2026-04-08 05:09:56,084] INFO: Time: 2.3793960129999903; Command Position: 1.9186611698169553; Output Position: 1.8618265707187558
[2026-04-08 05:09:56,086] INFO: Time: 2.381602861999994; Command Position: 1.9197578976056886; Output Position: 1.8628918351547874
[2026-04-08 05:09:56,088] INFO: Time: 2.3836686779999923; Command Position: 1.9207815056028323; Output Position: 1.8649797534494097
[2026-04-08 05:09:56,090] INFO: Time: 2.3857281969999917; Command Position: 1.9217990707627357; Output Position: 1.8660450178854413
[2026-04-08 05:09:56,092] INFO: Time: 2.3878331409999873; Command Position: 1.9228360590499762; Output Position: 1.8671102823214727
[2026-04-08 05:09:56,094] INFO: Time: 2.3898978450000072; Command Position: 1.923850252148544; Output Position: 1.8681755467575047
[2026-04-08 05:09:56,097] INFO: Time: 2.3919569189999947; Command Position: 1.9248587445233993; Output Position: 1.8692408111935361
[2026-04-08 05:09:56,099] INFO: Time: 2.394024734999988; Command Position: 1.925868563896036; Output Position: 1.870178243897244
[2026-04-08 05:09:56,101] INFO: Time: 2.396088123999988; Command Position: 1.9268732652180507; Output Position: 1.8711582871783934
[2026-04-08 05:09:56,103] INFO: Time: 2.3981479390000118; Command Position: 1.9278732763290956; Output Position: 1.8721383304595425
[2026-04-08 05:09:56,105] INFO: Time: 2.40021123599999; Command Position: 1.928872018345269; Output Position: 1.8731609843181327
[2026-04-08 05:09:56,107] INFO: Time: 2.4022741619999977; Command Position: 1.929867614862638; Output Position: 1.8741410275992818
[2026-04-08 05:09:56,109] INFO: Time: 2.404390940000013; Command Position: 1.9308861134398714; Output Position: 1.8751636814578727
[2026-04-08 05:09:56,111] INFO: Time: 2.406455440000002; Command Position: 1.9318764409137206; Output Position: 1.8761437247390218
[2026-04-08 05:09:56,113] INFO: Time: 2.4085184410000124; Command Position: 1.93286306835817; Output Position: 1.877123768020171
[2026-04-08 05:09:56,115] INFO: Time: 2.4105779040000073; Command Position: 1.9338450269426533; Output Position: 1.8781464218787614
[2026-04-08 05:09:56,117] INFO: Time: 2.4126423859999875; Command Position: 1.9348263888692414; Output Position: 1.8791690757373516
[2026-04-08 05:09:56,119] INFO: Time: 2.4147051459999886; Command Position: 1.9358039380306944; Output Position: 1.8800638978636184
[2026-04-08 05:09:56,121] INFO: Time: 2.416770423999992; Command Position: 1.9367796774713493; Output Position: 1.8810865517222086
[2026-04-08 05:09:56,123] INFO: Time: 2.418834701999998; Command Position: 1.937751937244946; Output Position: 1.882109205580799
[2026-04-08 05:09:56,125] INFO: Time: 2.4208972389999985; Command Position: 1.9387203697962838; Output Position: 1.8831318594393898
[2026-04-08 05:09:56,128] INFO: Time: 2.4229626659999894; Command Position: 1.939687142495805; Output Position: 1.88415451329798
[2026-04-08 05:09:56,130] INFO: Time: 2.4250261290000026; Command Position: 1.9406499767708971; Output Position: 1.8851771671565705
[2026-04-08 05:09:56,132] INFO: Time: 2.4270860739999875; Command Position: 1.9416081550477218; Output Position: 1.8862424315926023
[2026-04-08 05:09:56,134] INFO: Time: 2.4291453890000128; Command Position: 1.942563025315065; Output Position: 1.8872650854511928
[2026-04-08 05:09:56,136] INFO: Time: 2.431212463999998; Command Position: 1.9435184577281093; Output Position: 1.8883729604646655
[2026-04-08 05:09:56,138] INFO: Time: 2.4332768349999867; Command Position: 1.9444696000707622; Output Position: 1.8893530037458146
[2026-04-08 05:09:56,140] INFO: Time: 2.435336150000012; Command Position: 1.9454153813756094; Output Position: 1.8904608787592876
[2026-04-08 05:09:56,142] INFO: Time: 2.4374036129999865; Command Position: 1.946361854574; Output Position: 1.8913983114629955
[2026-04-08 05:09:56,144] INFO: Time: 2.439469317000004; Command Position: 1.9473044657277403; Output Position: 1.8924635758990271
[2026-04-08 05:09:56,146] INFO: Time: 2.441529355; Command Position: 1.948241444088802; Output Position: 1.8935288403350592
[2026-04-08 05:09:56,148] INFO: Time: 2.443593410999995; Command Position: 1.949177193561208; Output Position: 1.8945088836162083
[2026-04-08 05:09:56,150] INFO: Time: 2.4456619670000066; Command Position: 1.9501119093356385; Output Position: 1.896554191333389
[2026-04-08 05:09:56,152] INFO: Time: 2.4477223380000055; Command Position: 1.9510398633118933; Output Position: 1.8975768451919792
[2026-04-08 05:09:56,154] INFO: Time: 2.4497939489999965; Command Position: 1.9519697929701025; Output Position: 1.8986421096280113
[2026-04-08 05:09:56,156] INFO: Time: 2.4518597269999987; Command Position: 1.952894017946821; Output Position: 1.8996647634866015
[2026-04-08 05:09:56,158] INFO: Time: 2.453919560999992; Command Position: 1.9538125106291715; Output Position: 1.9007300279226331
[2026-04-08 05:09:56,161] INFO: Time: 2.4559830430000034; Command Position: 1.9547295489959535; Output Position: 1.9017526817812238
[2026-04-08 05:09:56,163] INFO: Time: 2.458046488000008; Command Position: 1.9556434830159746; Output Position: 1.9026901144849317
[2026-04-08 05:09:56,165] INFO: Time: 2.4601053590000106; Command Position: 1.9565523092693407; Output Position: 1.903712768343522
[2026-04-08 05:09:56,167] INFO: Time: 2.462168136999992; Command Position: 1.9574597686921185; Output Position: 1.9048206433569947
[2026-04-08 05:09:56,169] INFO: Time: 2.4642367859999865; Command Position: 1.95836669902637; Output Position: 1.9058859077930268
[2026-04-08 05:09:56,171] INFO: Time: 2.466297749000006; Command Position: 1.9592671565256818; Output Position: 1.9069511722290582
[2026-04-08 05:09:56,173] INFO: Time: 2.4683611009999993; Command Position: 1.9601655508209754; Output Position: 1.9080164366650902
[2026-04-08 05:09:56,175] INFO: Time: 2.4704236569999978; Command Position: 1.9610604873583908; Output Position: 1.9091669222560042
[2026-04-08 05:09:56,177] INFO: Time: 2.472483084000004; Command Position: 1.9619509585683006; Output Position: 1.910232186692036
[2026-04-08 05:09:56,179] INFO: Time: 2.4745448429999897; Command Position: 1.96283932337264; Output Position: 1.9112122299731853
[2026-04-08 05:09:56,181] INFO: Time: 2.4766112700000065; Command Position: 1.9637265682661016; Output Position: 1.9122774944092167
[2026-04-08 05:09:56,183] INFO: Time: 2.47867523299999; Command Position: 1.9646096218880689; Output Position: 1.9132575376903658
[2026-04-08 05:09:56,185] INFO: Time: 2.4807387890000143; Command Position: 1.9654893667237503; Output Position: 1.914237580971515
[2026-04-08 05:09:56,187] INFO: Time: 2.4827996230000053; Command Position: 1.9663648188593132; Output Position: 1.9152176242526642
[2026-04-08 05:09:56,189] INFO: Time: 2.4848592719999942; Command Position: 1.9672366360485478; Output Position: 1.9162402781112549
[2026-04-08 05:09:56,191] INFO: Time: 2.4869227540000054; Command Position: 1.9681069322196643; Output Position: 1.9172629319698453
[2026-04-08 05:09:56,194] INFO: Time: 2.4891424920000134; Command Position: 1.9690396136265207; Output Position: 1.9183281964058767
[2026-04-08 05:09:56,196] INFO: Time: 2.4912060659999895; Command Position: 1.9699034042502133; Output Position: 1.9193508502644672
[2026-04-08 05:09:56,198] INFO: Time: 2.4932705850000048; Command Position: 1.970764429149503; Output Position: 1.9203735041230579
[2026-04-08 05:09:56,200] INFO: Time: 2.495330456000005; Command Position: 1.9716203602092777; Output Position: 1.9214387685590895
[2026-04-08 05:09:56,202] INFO: Time: 2.497389864000013; Command Position: 1.972472944162459; Output Position: 1.9224614224176797
[2026-04-08 05:09:56,204] INFO: Time: 2.4994525129999943; Command Position: 1.9733237040818974; Output Position: 1.923569297431153
[2026-04-08 05:09:56,206] INFO: Time: 2.501514697999994; Command Position: 1.9741711014437593; Output Position: 1.9246771724446257
[2026-04-08 05:09:56,208] INFO: Time: 2.5035791059999895; Command Position: 1.975016232377007; Output Position: 1.9257424368806575
[2026-04-08 05:09:56,211] INFO: Time: 2.5059563970000056; Command Position: 1.9759855052823188; Output Position: 1.927745134020397
[2026-04-08 05:09:56,213] INFO: Time: 2.508023860999998; Command Position: 1.9768250159459564; Output Position: 1.9288103984564284
[2026-04-08 05:09:56,215] INFO: Time: 2.510090880000007; Command Position: 1.9776611434615532; Output Position: 1.929790441737578
[2026-04-08 05:09:56,217] INFO: Time: 2.512156843000014; Command Position: 1.9784936402475322; Output Position: 1.9307704850187273
[2026-04-08 05:09:56,219] INFO: Time: 2.514219991999994; Command Position: 1.9793218030124082; Output Position: 1.9317505282998764
[2026-04-08 05:09:56,221] INFO: Time: 2.5162844550000045; Command Position: 1.9801472883827635; Output Position: 1.9326879610035843
[2026-04-08 05:09:56,223] INFO: Time: 2.518352789000005; Command Position: 1.9809711028340975; Output Position: 1.9336253937072918
[2026-04-08 05:09:56,225] INFO: Time: 2.5204168820000064; Command Position: 1.9817900123839869; Output Position: 1.9344776052561174
[2026-04-08 05:09:56,227] INFO: Time: 2.5224776409999947; Command Position: 1.9826043907452386; Output Position: 1.9354576485372665
[2026-04-08 05:09:56,230] INFO: Time: 2.5250221699999997; Command Position: 1.9836055184019434; Output Position: 1.9363524706635333
[2026-04-08 05:09:56,232] INFO: Time: 2.52708857799999; Command Position: 1.984414927056902; Output Position: 1.9372046822123583
[2026-04-08 05:09:56,234] INFO: Time: 2.5291494299999897; Command Position: 1.9852189367217719; Output Position: 1.9381847254935076
[2026-04-08 05:09:56,236] INFO: Time: 2.5312137090000135; Command Position: 1.986021053210632; Output Position: 1.9391221581972156
[2026-04-08 05:09:56,238] INFO: Time: 2.533281912999996; Command Position: 1.986821448999709; Output Position: 1.9400169803234821
[2026-04-08 05:09:56,240] INFO: Time: 2.5354067270000087; Command Position: 1.9876403654104902; Output Position: 1.9410396341820726
[2026-04-08 05:09:56,242] INFO: Time: 2.537473411999997; Command Position: 1.9884335811208431; Output Position: 1.9420196774632217
[2026-04-08 05:09:56,244] INFO: Time: 2.539536967999993; Command Position: 1.9892223478328988; Output Position: 1.943042331321812
[2026-04-08 05:09:56,246] INFO: Time: 2.5416022470000144; Command Position: 1.9900085197876933; Output Position: 1.9440223746029612
[2026-04-08 05:09:56,248] INFO: Time: 2.543667340000013; Command Position: 1.9907913629947833; Output Position: 1.9460676823201422
[2026-04-08 05:09:56,250] INFO: Time: 2.5457313219999946; Command Position: 1.9915705262127759; Output Position: 1.9470477256012915
[2026-04-08 05:09:56,252] INFO: Time: 2.5477953589999913; Command Position: 1.9923464484723201; Output Position: 1.9480277688824406
[2026-04-08 05:09:56,254] INFO: Time: 2.5498598039999933; Command Position: 1.9931192577509234; Output Position: 1.9490504227410308
[2026-04-08 05:09:56,256] INFO: Time: 2.551922582000003; Command Position: 1.9938881766690741; Output Position: 1.9499452448672976
[2026-04-08 05:09:56,259] INFO: Time: 2.553982063999996; Command Position: 1.9946526062043004; Output Position: 1.9509678987258878
[2026-04-08 05:09:56,261] INFO: Time: 2.5560465460000046; Command Position: 1.9954156180072409; Output Position: 1.9518627208521546
[2026-04-08 05:09:56,263] INFO: Time: 2.5581111390000046; Command Position: 1.9961753894271528; Output Position: 1.9528001535558626
[2026-04-08 05:09:56,265] INFO: Time: 2.5601734169999872; Command Position: 1.9969310294030556; Output Position: 1.953694975682129
[2026-04-08 05:09:56,267] INFO: Time: 2.562236380999991; Command Position: 1.9976836378901264; Output Position: 1.9545897978083957
[2026-04-08 05:09:56,269] INFO: Time: 2.5643001589999983; Command Position: 1.9984332544894476; Output Position: 1.9555272305121036
[2026-04-08 05:09:56,271] INFO: Time: 2.566359177999999; Command Position: 1.9991778608833646; Output Position: 1.9563794420609288
[2026-04-08 05:09:56,273] INFO: Time: 2.568421938; Command Position: 1.999920529898914; Output Position: 1.9573594853420784
[2026-04-08 05:09:56,275] INFO: Time: 2.5704884939999886; Command Position: 2.000661259813575; Output Position: 1.9582116968909036
[2026-04-08 05:09:56,277] INFO: Time: 2.5725517900000057; Command Position: 2.0013975167538747; Output Position: 1.9591065190171701
[2026-04-08 05:09:56,279] INFO: Time: 2.5746149020000075; Command Position: 2.002130403178008; Output Position: 1.9600013411434365
[2026-04-08 05:09:56,281] INFO: Time: 2.576683069000012; Command Position: 2.002861765004208; Output Position: 1.9608535526922621
[2026-04-08 05:09:56,283] INFO: Time: 2.578746625000008; Command Position: 2.0035881795813215; Output Position: 1.96179098539597
[2026-04-08 05:09:56,285] INFO: Time: 2.5808105330000046; Command Position: 2.0043114008574476; Output Position: 1.962728418099678
[2026-04-08 05:09:56,287] INFO: Time: 2.5828771259999996; Command Position: 2.0050322356358863; Output Position: 1.963708461380827
[2026-04-08 05:09:56,290] INFO: Time: 2.5849413109999944; Command Position: 2.0057489034244393; Output Position: 1.9646032835070935
[2026-04-08 05:09:56,293] INFO: Time: 2.5883056590000137; Command Position: 2.0069098419505655; Output Position: 1.9664781489145093
[2026-04-08 05:09:56,295] INFO: Time: 2.5903755479999973; Command Position: 2.0076197006877403; Output Position: 1.967330360463335
[2026-04-08 05:09:56,297] INFO: Time: 2.5924369010000134; Command Position: 2.0083232970853357; Output Position: 1.9682251825896013
[2026-04-08 05:09:56,299] INFO: Time: 2.5945028820000005; Command Position: 2.00902513056585; Output Position: 1.9690347835609856
[2026-04-08 05:09:56,301] INFO: Time: 2.5965669199999866; Command Position: 2.0097229591043346; Output Position: 1.9698017739549283
[2026-04-08 05:09:56,303] INFO: Time: 2.5986268279999933; Command Position: 2.0104160548011842; Output Position: 1.9706113749263123
[2026-04-08 05:09:56,305] INFO: Time: 2.6006959949999953; Command Position: 2.011108906913204; Output Position: 1.9714209758976966
[2026-04-08 05:09:56,307] INFO: Time: 2.602757254000011; Command Position: 2.0117957606272108; Output Position: 1.9722731874465218
[2026-04-08 05:09:56,309] INFO: Time: 2.6048167550000016; Command Position: 2.0124786855951853; Output Position: 1.9729975672630233
[2026-04-08 05:09:56,311] INFO: Time: 2.6068814040000063; Command Position: 2.0131599603764885; Output Position: 1.9738071682344076
[2026-04-08 05:09:56,314] INFO: Time: 2.6089446819999864; Command Position: 2.013837421496175; Output Position: 1.9746593797832328
[2026-04-08 05:09:56,316] INFO: Time: 2.611004256000001; Command Position: 2.0145103121717196; Output Position: 1.9755115913320584
[2026-04-08 05:09:56,318] INFO: Time: 2.6130745160000117; Command Position: 2.015183313567961; Output Position: 1.9763211923034423
[2026-04-08 05:09:56,320] INFO: Time: 2.615136016000008; Command Position: 2.015850096319092; Output Position: 1.9771734038522675
[2026-04-08 05:09:56,322] INFO: Time: 2.6171961649999957; Command Position: 2.0165130785012724; Output Position: 1.977897783668769
[2026-04-08 05:09:56,324] INFO: Time: 2.6192603879999865; Command Position: 2.0171739961785913; Output Position: 1.9786647740627121
[2026-04-08 05:09:56,326] INFO: Time: 2.6213229440000134; Command Position: 2.017831002226069; Output Position: 1.9794743750340962
[2026-04-08 05:09:56,328] INFO: Time: 2.6233828889999984; Command Position: 2.018483803386807; Output Position: 1.9802413654280389
[2026-04-08 05:09:56,330] INFO: Time: 2.6254518329999996; Command Position: 2.0191360601221615; Output Position: 1.9809231346670992
[2026-04-08 05:09:56,332] INFO: Time: 2.627517296999997; Command Position: 2.0197838216543147; Output Position: 1.9817753462159244
[2026-04-08 05:09:56,334] INFO: Time: 2.62957689000001; Command Position: 2.0204263581602477; Output Position: 1.9825423366098676
[2026-04-08 05:09:56,336] INFO: Time: 2.6316405009999926; Command Position: 2.021066756301473; Output Position: 1.9840337068203118
[2026-04-08 05:09:56,338] INFO: Time: 2.633702743000015; Command Position: 2.0217033348194016; Output Position: 1.9848006972142547
[2026-04-08 05:09:56,340] INFO: Time: 2.6357618170000023; Command Position: 2.022335546628572; Output Position: 1.9856102981856385
[2026-04-08 05:09:56,342] INFO: Time: 2.637829799000002; Command Position: 2.0229670823559163; Output Position: 1.9862494568472577
[2026-04-08 05:09:56,344] INFO: Time: 2.6398947989999897; Command Position: 2.0235942933290767; Output Position: 1.9870590578186418
[2026-04-08 05:09:56,347] INFO: Time: 2.6419548560000123; Command Position: 2.024216600637232; Output Position: 1.9877834376351433
[2026-04-08 05:09:56,349] INFO: Time: 2.6440191519999985; Command Position: 2.024836776837633; Output Position: 1.988550428029086
[2026-04-08 05:09:56,351] INFO: Time: 2.6460785600000065; Command Position: 2.0254520786313726; Output Position: 1.9892321972681464
[2026-04-08 05:09:56,353] INFO: Time: 2.6481379680000146; Command Position: 2.02606397569285; Output Position: 1.989956577084648
[2026-04-08 05:09:56,355] INFO: Time: 2.6503321330000063; Command Position: 2.026712162728107; Output Position: 1.9907235674785906
[2026-04-08 05:09:56,357] INFO: Time: 2.652398244000011; Command Position: 2.027318981670018; Output Position: 1.9914479472950921
[2026-04-08 05:09:56,359] INFO: Time: 2.6544579860000113; Command Position: 2.0279205102314255; Output Position: 1.9920871059567113
[2026-04-08 05:09:56,361] INFO: Time: 2.6565211710000085; Command Position: 2.0285196183933034; Output Position: 1.9927262646183306
[2026-04-08 05:09:56,363] INFO: Time: 2.658582856999999; Command Position: 2.029114863462957; Output Position: 1.993450644434832
[2026-04-08 05:09:56,365] INFO: Time: 2.6606420800000024; Command Position: 2.0297059742232735; Output Position: 1.994089803096451
[2026-04-08 05:09:56,367] INFO: Time: 2.6627044870000134; Command Position: 2.0302945671191583; Output Position: 1.9947715723355113
[2026-04-08 05:09:56,369] INFO: Time: 2.6647708399999885; Command Position: 2.0308808390525837; Output Position: 1.9954107309971303
[2026-04-08 05:09:56,371] INFO: Time: 2.666830785000002; Command Position: 2.0314618557837893; Output Position: 1.9961351108136318
[2026-04-08 05:09:56,373] INFO: Time: 2.6688944329999913; Command Position: 2.0320404732209103; Output Position: 1.9969021012075747
[2026-04-08 05:09:56,376] INFO: Time: 2.670977915000009; Command Position: 2.0326211523945616; Output Position: 1.9976264810240763
[2026-04-08 05:09:56,378] INFO: Time: 2.673038878; Command Position: 2.033192093314418; Output Position: 1.9983082502631366
[2026-04-08 05:09:56,380] INFO: Time: 2.675101933999997; Command Position: 2.0337601628697177; Output Position: 1.9991178512345205
[2026-04-08 05:09:56,382] INFO: Time: 2.6771748970000147; Command Position: 2.0343274798336974; Output Position: 1.9997570098961397
[2026-04-08 05:09:56,384] INFO: Time: 2.6792816560000006; Command Position: 2.0349004685113097; Output Position: 2.0004813897126414
[2026-04-08 05:09:56,386] INFO: Time: 2.681352156999992; Command Position: 2.035460079433873; Output Position: 2.0011631589517016
[2026-04-08 05:09:56,388] INFO: Time: 2.68345961899999; Command Position: 2.0360260975583118; Output Position: 2.0019727599230857
[2026-04-08 05:09:56,390] INFO: Time: 2.6855254900000034; Command Position: 2.0365774346582852; Output Position: 2.002697139739587
[2026-04-08 05:09:56,392] INFO: Time: 2.6875976940000044; Command Position: 2.0371269676840797; Output Position: 2.00414589937259
[2026-04-08 05:09:56,394] INFO: Time: 2.689662731999988; Command Position: 2.0376711163385766; Output Position: 2.0048276686116506
[2026-04-08 05:09:56,396] INFO: Time: 2.6917848049999975; Command Position: 2.038226667962494; Output Position: 2.005466827273269
[2026-04-08 05:09:56,398] INFO: Time: 2.6938502870000036; Command Position: 2.038763871927903; Output Position: 2.0061059859348886
[2026-04-08 05:09:56,400] INFO: Time: 2.695914249999987; Command Position: 2.039297197544449; Output Position: 2.006787755173949
[2026-04-08 05:09:56,403] INFO: Time: 2.6979741209999872; Command Position: 2.039825991662036; Output Position: 2.0075121349904506
[2026-04-08 05:09:56,405] INFO: Time: 2.70003697300001; Command Position: 2.04035207034884; Output Position: 2.008108683074628
[2026-04-08 05:09:56,407] INFO: Time: 2.702099492000002; Command Position: 2.040874579295899; Output Position: 2.008747841736247
[2026-04-08 05:09:56,409] INFO: Time: 2.7041646220000075; Command Position: 2.04139425610354; Output Position: 2.0093870003978664
[2026-04-08 05:09:56,411] INFO: Time: 2.7062276039999915; Command Position: 2.0419098996002067; Output Position: 2.009983548482044
[2026-04-08 05:09:56,413] INFO: Time: 2.708290123000012; Command Position: 2.0424219351754616; Output Position: 2.010665317721104
[2026-04-08 05:09:56,415] INFO: Time: 2.7103495130000113; Command Position: 2.0429297077107424; Output Position: 2.011134034072958
[2026-04-08 05:09:56,417] INFO: Time: 2.712411717000009; Command Position: 2.043434680970409; Output Position: 2.011602750424812
[2026-04-08 05:09:56,419] INFO: Time: 2.714474310000014; Command Position: 2.0439362506478127; Output Position: 2.0121566879315487
[2026-04-08 05:09:56,421] INFO: Time: 2.7165328849999923; Command Position: 2.0444333519704116; Output Position: 2.0127958465931677
[2026-04-08 05:09:56,423] INFO: Time: 2.7185957549999955; Command Position: 2.044927989322442; Output Position: 2.0132645629450217
[2026-04-08 05:09:56,425] INFO: Time: 2.7206646079999928; Command Position: 2.045420538935274; Output Position: 2.0137332792968756
[2026-04-08 05:09:56,427] INFO: Time: 2.722724311999997; Command Position: 2.045907403990084; Output Position: 2.014287216803612
[2026-04-08 05:09:56,429] INFO: Time: 2.7247878310000146; Command Position: 2.046391660211123; Output Position: 2.014798543732907
[2026-04-08 05:09:56,431] INFO: Time: 2.726850868000014; Command Position: 2.0468722884337565; Output Position: 2.015395091817085
[2026-04-08 05:09:56,433] INFO: Time: 2.728910608999996; Command Position: 2.0473486404897194; Output Position: 2.016034250478704
[2026-04-08 05:09:56,436] INFO: Time: 2.730976462000001; Command Position: 2.0478228827185236; Output Position: 2.0164603562531167
[2026-04-08 05:09:56,438] INFO: Time: 2.733044146999987; Command Position: 2.048294010033132; Output Position: 2.017014293759853
[2026-04-08 05:09:56,440] INFO: Time: 2.7351082590000146; Command Position: 2.0487607931526983; Output Position: 2.0175682312665892
[2026-04-08 05:09:56,442] INFO: Time: 2.737171759000006; Command Position: 2.0492239102354075; Output Position: 2.0182073899282087
[2026-04-08 05:09:56,444] INFO: Time: 2.739425423; Command Position: 2.049725674151242; Output Position: 2.018718716857504
[2026-04-08 05:09:56,446] INFO: Time: 2.741490811999995; Command Position: 2.0501818205569777; Output Position: 2.01927265436424
[2026-04-08 05:09:56,448] INFO: Time: 2.7435547389999897; Command Position: 2.0506341076117454; Output Position: 2.019826591870977
[2026-04-08 05:09:56,450] INFO: Time: 2.7456262940000045; Command Position: 2.0510845092966306; Output Position: 2.021104909194215
[2026-04-08 05:09:56,452] INFO: Time: 2.7476925910000034; Command Position: 2.0515302157015736; Output Position: 2.021744067855834
[2026-04-08 05:09:56,454] INFO: Time: 2.7497568880000074; Command Position: 2.051971946203308; Output Position: 2.022425837094894
[2026-04-08 05:09:56,456] INFO: Time: 2.751823535999989; Command Position: 2.052410628881149; Output Position: 2.023022385179072
[2026-04-08 05:09:56,458] INFO: Time: 2.7538870369999984; Command Position: 2.052845096689849; Output Position: 2.0237467649955736
[2026-04-08 05:09:56,461] INFO: Time: 2.755950463000005; Command Position: 2.0532760027109305; Output Position: 2.0242580919248687
[2026-04-08 05:09:56,463] INFO: Time: 2.7580266669999958; Command Position: 2.053705996193763; Output Position: 2.0248546400090466
[2026-04-08 05:09:56,465] INFO: Time: 2.760086668000014; Command Position: 2.0541290818582922; Output Position: 2.025408577515783
[2026-04-08 05:09:56,467] INFO: Time: 2.762152594000014; Command Position: 2.05454982897163; Output Position: 2.0260051255999603
[2026-04-08 05:09:56,469] INFO: Time: 2.764212243000003; Command Position: 2.05496575142251; Output Position: 2.0265590631066974
[2026-04-08 05:09:56,471] INFO: Time: 2.766270743000007; Command Position: 2.0553779019824807; Output Position: 2.0271130006134337
[2026-04-08 05:09:56,473] INFO: Time: 2.768334521000014; Command Position: 2.0557875548750473; Output Position: 2.0275391063878465
[2026-04-08 05:09:56,475] INFO: Time: 2.770396725000012; Command Position: 2.0561933385218345; Output Position: 2.0279226015848177
[2026-04-08 05:09:56,477] INFO: Time: 2.772455818999987; Command Position: 2.0565949609041962; Output Position: 2.02834870735923
[2026-04-08 05:09:56,479] INFO: Time: 2.774519282; Command Position: 2.0569938756546216; Output Position: 2.0288600342885257
[2026-04-08 05:09:56,481] INFO: Time: 2.7765820049999945; Command Position: 2.0573890838329714; Output Position: 2.029371361217821
[2026-04-08 05:09:56,483] INFO: Time: 2.7786409869999886; Command Position: 2.057780020227618; Output Position: 2.0297974669922336
[2026-04-08 05:09:56,485] INFO: Time: 2.7807035799999937; Command Position: 2.058168079266167; Output Position: 2.030180962189205
[2026-04-08 05:09:56,487] INFO: Time: 2.7827651540000033; Command Position: 2.058552381329342; Output Position: 2.030564457386176
[2026-04-08 05:09:56,489] INFO: Time: 2.784824025000006; Command Position: 2.058932620362411; Output Position: 2.030990563160589
[2026-04-08 05:09:56,491] INFO: Time: 2.7868862109999952; Command Position: 2.059309904428312; Output Position: 2.031331447780119
[2026-04-08 05:09:56,493] INFO: Time: 2.788948729999987; Command Position: 2.0596836767322144; Output Position: 2.031842774709414
[2026-04-08 05:09:56,496] INFO: Time: 2.7910083600000064; Command Position: 2.060053358278428; Output Position: 2.032311491061268
[2026-04-08 05:09:56,498] INFO: Time: 2.7930720450000024; Command Position: 2.060420190683393; Output Position: 2.0326523756807986
[2026-04-08 05:09:56,500] INFO: Time: 2.795131249999997; Command Position: 2.060782656198845; Output Position: 2.032950649722887
[2026-04-08 05:09:56,502] INFO: Time: 2.7971900279999886; Command Position: 2.061141479313321; Output Position: 2.033248923764976
[2026-04-08 05:09:56,504] INFO: Time: 2.799253676999996; Command Position: 2.0614975701778215; Output Position: 2.0335898083845065
[2026-04-08 05:09:56,506] INFO: Time: 2.801318492000007; Command Position: 2.06185027209255; Output Position: 2.0339733035814778
[2026-04-08 05:09:56,508] INFO: Time: 2.8033771030000025; Command Position: 2.062198337636992; Output Position: 2.03439940935589
[2026-04-08 05:09:56,510] INFO: Time: 2.8054400849999865; Command Position: 2.062543557961972; Output Position: 2.034868125707744
[2026-04-08 05:09:56,512] INFO: Time: 2.8075133259999916; Command Position: 2.0628868785389485; Output Position: 2.035166399749833
[2026-04-08 05:09:56,514] INFO: Time: 2.809577345000008; Command Position: 2.0632250690766916; Output Position: 2.0355498949468047
[2026-04-08 05:09:56,516] INFO: Time: 2.8116436050000004; Command Position: 2.063560024479829; Output Position: 2.036103832453541
[2026-04-08 05:09:56,518] INFO: Time: 2.8137093089999894; Command Position: 2.06389128536107; Output Position: 2.03640210649563
[2026-04-08 05:09:56,520] INFO: Time: 2.8157699019999995; Command Position: 2.0642181345466533; Output Position: 2.03674299111516
[2026-04-08 05:09:56,522] INFO: Time: 2.8178355690000103; Command Position: 2.064542186137751; Output Position: 2.0371264863121312
[2026-04-08 05:09:56,525] INFO: Time: 2.819908494999993; Command Position: 2.0648637490681496; Output Position: 2.037595202663985
[2026-04-08 05:09:56,527] INFO: Time: 2.8219761619999986; Command Position: 2.0651808747265945; Output Position: 2.037978697860957
[2026-04-08 05:09:56,529] INFO: Time: 2.8240452549999873; Command Position: 2.065494596994225; Output Position: 2.038362193057928
[2026-04-08 05:09:56,531] INFO: Time: 2.8261109960000113; Command Position: 2.0658041950030395; Output Position: 2.0387030776774586
[2026-04-08 05:09:56,533] INFO: Time: 2.828287235999994; Command Position: 2.0661264440319207; Output Position: 2.0392144046067537
[2026-04-08 05:09:56,535] INFO: Time: 2.8303588660000116; Command Position: 2.0664294743387726; Output Position: 2.0396831209586077
[2026-04-08 05:09:56,537] INFO: Time: 2.832428902999993; Command Position: 2.0667286377060248; Output Position: 2.040237058465344
[2026-04-08 05:09:56,539] INFO: Time: 2.8344950510000047; Command Position: 2.06702361533712; Output Position: 2.040833606549522
[2026-04-08 05:09:56,541] INFO: Time: 2.8365595150000047; Command Position: 2.06731473530608; Output Position: 2.041302322901376
[2026-04-08 05:09:56,543] INFO: Time: 2.8386229779999894; Command Position: 2.067602099620873; Output Position: 2.041813649830671
[2026-04-08 05:09:56,545] INFO: Time: 2.840682794000003; Command Position: 2.0678853506580315; Output Position: 2.0423675873374076
[2026-04-08 05:09:56,547] INFO: Time: 2.8427459609999914; Command Position: 2.068165450186747; Output Position: 2.042921524844144
[2026-04-08 05:09:56,549] INFO: Time: 2.8448087019999946; Command Position: 2.0684418764444996; Output Position: 2.043390241195998
[2026-04-08 05:09:56,551] INFO: Time: 2.8468678689999933; Command Position: 2.068714216794501; Output Position: 2.043858957547852
[2026-04-08 05:09:56,553] INFO: Time: 2.8489316470000006; Command Position: 2.0689835497664357; Output Position: 2.044114621012499
[2026-04-08 05:09:56,556] INFO: Time: 2.850994202999999; Command Position: 2.069249103958538; Output Position: 2.0444555056320297
[2026-04-08 05:09:56,558] INFO: Time: 2.8530531479999865; Command Position: 2.06951058326429; Output Position: 2.044839000829001
[2026-04-08 05:09:56,560] INFO: Time: 2.855116759999987; Command Position: 2.069769034962842; Output Position: 2.0451798854485315
[2026-04-08 05:09:56,562] INFO: Time: 2.8571760750000124; Command Position: 2.0700233342066077; Output Position: 2.045520770068061
[2026-04-08 05:09:56,564] INFO: Time: 2.85923442699999; Command Position: 2.070273905360494; Output Position: 2.0459042652650328
[2026-04-08 05:09:56,566] INFO: Time: 2.861297446000009; Command Position: 2.070521422868332; Output Position: 2.0461599287296806
[2026-04-08 05:09:56,568] INFO: Time: 2.8633644839999874; Command Position: 2.0707657849288545; Output Position: 2.046415592194328
[2026-04-08 05:09:56,570] INFO: Time: 2.8654244470000094; Command Position: 2.071005686949839; Output Position: 2.046586034504093
[2026-04-08 05:09:56,572] INFO: Time: 2.867487466; Command Position: 2.0712423182643906; Output Position: 2.046713866236417
[2026-04-08 05:09:56,574] INFO: Time: 2.86955013299999; Command Position: 2.0714752797349227; Output Position: 2.046799087391299
[2026-04-08 05:09:56,576] INFO: Time: 2.8716094490000046; Command Position: 2.071704241333136; Output Position: 2.046969529701064
[2026-04-08 05:09:56,578] INFO: Time: 2.8736716340000044; Command Position: 2.0719298948228815; Output Position: 2.047353024898036
[2026-04-08 05:09:56,580] INFO: Time: 2.8757343009999943; Command Position: 2.072151969112023; Output Position: 2.0476512989401248
[2026-04-08 05:09:56,582] INFO: Time: 2.877793634999989; Command Position: 2.072370059956989; Output Position: 2.047864351827331
[2026-04-08 05:09:56,584] INFO: Time: 2.879855690999989; Command Position: 2.0725848092000887; Output Position: 2.04816262586942
[2026-04-08 05:09:56,586] INFO: Time: 2.881917635999997; Command Position: 2.0727959139069663; Output Position: 2.04850351048895
[2026-04-08 05:09:56,589] INFO: Time: 2.8839826919999894; Command Position: 2.073003695030782; Output Position: 2.048801784531039
[2026-04-08 05:09:56,591] INFO: Time: 2.886048136999989; Command Position: 2.0732078684564996; Output Position: 2.048929616263363
[2026-04-08 05:09:56,593] INFO: Time: 2.8881086929999924; Command Position: 2.073407923401191; Output Position: 2.049100058573128
[2026-04-08 05:09:56,595] INFO: Time: 2.890167859999991; Command Position: 2.0736042153442376; Output Position: 2.04918527972801
[2026-04-08 05:09:56,597] INFO: Time: 2.8922315640000136; Command Position: 2.0737972999451957; Output Position: 2.0492278903054513
[2026-04-08 05:09:56,599] INFO: Time: 2.8942935830000067; Command Position: 2.0739865866145593; Output Position: 2.04918527972801
[2026-04-08 05:09:56,601] INFO: Time: 2.896358584000012; Command Position: 2.074172499446883; Output Position: 2.0492278903054513
[2026-04-08 05:09:56,603] INFO: Time: 2.89842199200001; Command Position: 2.074354622005244; Output Position: 2.049313111460334
[2026-04-08 05:09:56,605] INFO: Time: 2.900485473999993; Command Position: 2.0745331045999684; Output Position: 2.049313111460334
[2026-04-08 05:09:56,607] INFO: Time: 2.9025530289999892; Command Position: 2.0747082812916; Output Position: 2.0493557220377756
[2026-04-08 05:09:56,609] INFO: Time: 2.9046173449999912; Command Position: 2.074879529528683; Output Position: 2.0493983326152168
[2026-04-08 05:09:56,611] INFO: Time: 2.9066846229999896; Command Position: 2.0750473636567293; Output Position: 2.049440943192658
[2026-04-08 05:09:56,613] INFO: Time: 2.9087491969999917; Command Position: 2.0752113222063007; Output Position: 2.0495261643475406
[2026-04-08 05:09:56,615] INFO: Time: 2.910813160999993; Command Position: 2.0753715795066072; Output Position: 2.0496966066573052
[2026-04-08 05:09:56,617] INFO: Time: 2.9128792349999912; Command Position: 2.075528342019785; Output Position: 2.049781827812188
[2026-04-08 05:09:56,620] INFO: Time: 2.914943069000003; Command Position: 2.075681279304504; Output Position: 2.049952270121953
[2026-04-08 05:09:56,622] INFO: Time: 2.917007051000013; Command Position: 2.075830573162015; Output Position: 2.050165323009159
[2026-04-08 05:09:56,624] INFO: Time: 2.9190670879999914; Command Position: 2.075975936916547; Output Position: 2.0505062076286897
[2026-04-08 05:09:56,626] INFO: Time: 2.9211259960000007; Command Position: 2.0761175820582394; Output Position: 2.0508044816707787
[2026-04-08 05:09:56,628] INFO: Time: 2.923194034000005; Command Position: 2.0762561924627967; Output Position: 2.05118797686775
[2026-04-08 05:09:56,630] INFO: Time: 2.9252574600000116; Command Position: 2.076390834422027; Output Position: 2.051571472064721
[2026-04-08 05:09:56,632] INFO: Time: 2.9273174049999966; Command Position: 2.0765216026167046; Output Position: 2.0517845249519278
[2026-04-08 05:09:56,634] INFO: Time: 2.929380608999992; Command Position: 2.07664892489049; Output Position: 2.052168020148899
[2026-04-08 05:09:56,636] INFO: Time: 2.931442610000005; Command Position: 2.0767725198352776; Output Position: 2.0524236836135463
[2026-04-08 05:09:56,638] INFO: Time: 2.933506757999993; Command Position: 2.076892585161058; Output Position: 2.0526793470781945
[2026-04-08 05:09:56,640] INFO: Time: 2.935570740000003; Command Position: 2.0770089804996306; Output Position: 2.052977621120283
[2026-04-08 05:09:56,642] INFO: Time: 2.9376380920000145; Command Position: 2.07712189618567; Output Position: 2.053787222091667
[2026-04-08 05:09:56,644] INFO: Time: 2.9396989999999903; Command Position: 2.077230803845762; Output Position: 2.0541707172886388
[2026-04-08 05:09:56,646] INFO: Time: 2.94176225999999; Command Position: 2.0773361786786233; Output Position: 2.054596823063051
[2026-04-08 05:09:56,648] INFO: Time: 2.9438250009999933; Command Position: 2.0774378686910118; Output Position: 2.054852486527699
[2026-04-08 05:09:56,650] INFO: Time: 2.9458879830000058; Command Position: 2.077535911614706; Output Position: 2.055150760569788
[2026-04-08 05:09:56,653] INFO: Time: 2.9479516869999998; Command Position: 2.07763032728895; Output Position: 2.0554064240344356
[2026-04-08 05:09:56,655] INFO: Time: 2.950015705999988; Command Position: 2.0777210938920536; Output Position: 2.0557473086539653
[2026-04-08 05:09:56,657] INFO: Time: 2.952075336000007; Command Position: 2.0778080149792877; Output Position: 2.056002972118613
[2026-04-08 05:09:56,659] INFO: Time: 2.954138465999989; Command Position: 2.0778914254438536; Output Position: 2.0563438567381436
[2026-04-08 05:09:56,661] INFO: Time: 2.956197503999988; Command Position: 2.0779710195344085; Output Position: 2.0568125730899975
[2026-04-08 05:09:56,663] INFO: Time: 2.9582616710000025; Command Position: 2.078047150566091; Output Position: 2.057153457709527
[2026-04-08 05:09:56,665] INFO: Time: 2.9603253200000097; Command Position: 2.0781195976376017; Output Position: 2.057409121174175
[2026-04-08 05:09:56,667] INFO: Time: 2.962387949999993; Command Position: 2.0781883469161393; Output Position: 2.0577500057937055
[2026-04-08 05:09:56,669] INFO: Time: 2.9644475979999925; Command Position: 2.0782533433023493; Output Position: 2.0579630586809112
[2026-04-08 05:09:56,671] INFO: Time: 2.966510153999991; Command Position: 2.0783147725608204; Output Position: 2.058218722145559
[2026-04-08 05:09:56,673] INFO: Time: 2.9686205430000143; Command Position: 2.078373836302367; Output Position: 2.058516996187648
[2026-04-08 05:09:56,675] INFO: Time: 2.9706843579999997; Command Position: 2.0784278886913614; Output Position: 2.058857880807178
[2026-04-08 05:09:56,677] INFO: Time: 2.9727474700000016; Command Position: 2.078478257778508; Output Position: 2.0592413760041497
[2026-04-08 05:09:56,679] INFO: Time: 2.9748175249999917; Command Position: 2.078525113352971; Output Position: 2.059624871201121
[2026-04-08 05:09:56,681] INFO: Time: 2.976881767000009; Command Position: 2.0785681634500435; Output Position: 2.060008366398092
[2026-04-08 05:09:56,684] INFO: Time: 2.978945175000007; Command Position: 2.0786075294409594; Output Position: 2.060306640440181
[2026-04-08 05:09:56,686] INFO: Time: 2.981011990000013; Command Position: 2.0786432851900285; Output Position: 2.060477082749946
[2026-04-08 05:09:56,688] INFO: Time: 2.9830717119999974; Command Position: 2.078675258704852; Output Position: 2.060647525059711
[2026-04-08 05:09:56,690] INFO: Time: 2.9851372679999884; Command Position: 2.0787036538609294; Output Position: 2.060817967369476
[2026-04-08 05:09:56,692] INFO: Time: 2.9871968060000142; Command Position: 2.078728308087035; Output Position: 2.061031020256683
[2026-04-08 05:09:56,694] INFO: Time: 2.989255713999995; Command Position: 2.0787493034689457; Output Position: 2.061244073143889
[2026-04-08 05:09:56,696] INFO: Time: 2.9916337829999975; Command Position: 2.078769009831288; Output Position: 2.061712789495743
[2026-04-08 05:09:56,698] INFO: Time: 2.9936966719999987; Command Position: 2.078782159342937; Output Position: 2.062011063537832
[2026-04-08 05:09:56,700] INFO: Time: 2.9957559130000107; Command Position: 2.0787916301906244; Output Position: 2.0622667270024793
[2026-04-08 05:09:56,702] INFO: Time: 2.9978210989999923; Command Position: 2.078797460329847; Output Position: 2.062479779889686
[2026-04-08 05:09:56,704] INFO: Time: 2.999884025; Command Position: 2.0787996167515166; Output Position: 2.062565001044568
[2026-04-08 05:09:56,707] INFO: Time: 3.0019488590000094; Command Position: 2.0787996310496912; Output Position: 2.062692832776892
[2026-04-08 05:09:56,709] INFO: Time: 3.0040147299999944; Command Position: 2.0787996310496912; Output Position: 2.0627354433543332
[2026-04-08 05:09:56,711] INFO: Time: 3.0060748600000124; Command Position: 2.0787996310496912; Output Position: 2.0627780539317744
[2026-04-08 05:09:56,713] INFO: Time: 3.0081341750000092; Command Position: 2.0787996310496912; Output Position: 2.0627354433543332
[2026-04-08 05:09:56,715] INFO: Time: 3.010196546000003; Command Position: 2.0787996310496912; Output Position: 2.0627354433543332
[2026-04-08 05:09:56,717] INFO: Time: 3.0122724910000045; Command Position: 2.0787996310496912; Output Position: 2.0627780539317744
[2026-04-08 05:09:56,719] INFO: Time: 3.014335249999988; Command Position: 2.0787996310496912; Output Position: 2.0627780539317744
[2026-04-08 05:09:56,721] INFO: Time: 3.0163972690000094; Command Position: 2.0787996310496912; Output Position: 2.0627354433543332
[2026-04-08 05:09:56,723] INFO: Time: 3.018459825000008; Command Position: 2.0787996310496912; Output Position: 2.062692832776892
[2026-04-08 05:09:56,725] INFO: Time: 3.0205187699999954; Command Position: 2.0787996310496912; Output Position: 2.0627780539317744
[2026-04-08 05:09:56,728] INFO: Time: 3.023249295999989; Command Position: 2.0787996310496912; Output Position: 2.0627780539317744
[2026-04-08 05:09:56,730] INFO: Time: 3.025319462999988; Command Position: 2.0787996310496912; Output Position: 2.0627354433543332
[2026-04-08 05:09:56,732] INFO: Time: 3.0273804450000057; Command Position: 2.0787996310496912; Output Position: 2.0627780539317744
[2026-04-08 05:09:56,734] INFO: Time: 3.029444111999993; Command Position: 2.0787996310496912; Output Position: 2.0627354433543332
[2026-04-08 05:09:56,736] INFO: Time: 3.031507798000007; Command Position: 2.0787996310496912; Output Position: 2.0627354433543332
[2026-04-08 05:09:56,738] INFO: Time: 3.033566780000001; Command Position: 2.0787996310496912; Output Position: 2.0627354433543332
[2026-04-08 05:09:56,740] INFO: Time: 3.035829127999989; Command Position: 2.0787996310496912; Output Position: 2.0627354433543332
[2026-04-08 05:09:56,742] INFO: Time: 3.037893499000006; Command Position: 2.0787996310496912; Output Position: 2.062692832776892
[2026-04-08 05:09:56,745] INFO: Time: 3.039952685000003; Command Position: 2.0787996310496912; Output Position: 2.0627354433543332
[2026-04-08 05:09:56,747] INFO: Time: 3.0420683510000117; Command Position: 2.0787996310496912; Output Position: 2.0627354433543332
[2026-04-08 05:09:56,749] INFO: Time: 3.044133703; Command Position: 2.0787996310496912; Output Position: 2.0627354433543332
[2026-04-08 05:09:56,751] INFO: Time: 3.0461933889999955; Command Position: 2.0787996310496912; Output Position: 2.062692832776892
[2026-04-08 05:09:56,753] INFO: Time: 3.048343461999991; Command Position: 2.0787996310496912; Output Position: 2.062692832776892
[2026-04-08 05:09:56,755] INFO: Time: 3.0504080549999912; Command Position: 2.0787996310496912; Output Position: 2.0627354433543332
[2026-04-08 05:09:56,757] INFO: Time: 3.052467167000003; Command Position: 2.0787996310496912; Output Position: 2.0627354433543332
[2026-04-08 05:09:56,759] INFO: Time: 3.0546853870000064; Command Position: 2.0787996310496912; Output Position: 2.0627780539317744
[2026-04-08 05:09:56,761] INFO: Time: 3.056753683000011; Command Position: 2.0787996310496912; Output Position: 2.0627780539317744
[2026-04-08 05:09:56,763] INFO: Time: 3.058817554000001; Command Position: 2.0787996310496912; Output Position: 2.0627354433543332
[2026-04-08 05:09:56,765] INFO: Time: 3.060882294999999; Command Position: 2.0787996310496912; Output Position: 2.0627354433543332
[2026-04-08 05:09:56,768] INFO: Time: 3.0629458139999883; Command Position: 2.0787996310496912; Output Position: 2.062692832776892
[2026-04-08 05:09:56,770] INFO: Time: 3.0650055369999905; Command Position: 2.0787996310496912; Output Position: 2.0627354433543332
[2026-04-08 05:09:56,772] INFO: Time: 3.0670742410000003; Command Position: 2.0787996310496912; Output Position: 2.062692832776892
[2026-04-08 05:09:56,774] INFO: Time: 3.069135630000005; Command Position: 2.0787996310496912; Output Position: 2.062692832776892
[2026-04-08 05:09:56,776] INFO: Time: 3.0711950200000047; Command Position: 2.0787996310496912; Output Position: 2.0627780539317744
[2026-04-08 05:09:56,778] INFO: Time: 3.0732593529999974; Command Position: 2.0787996310496912; Output Position: 2.062692832776892
[2026-04-08 05:09:56,780] INFO: Time: 3.0753258169999924; Command Position: 2.0787996310496912; Output Position: 2.0627780539317744
[2026-04-08 05:09:56,782] INFO: Time: 3.0773860399999933; Command Position: 2.0787996310496912; Output Position: 2.0627354433543332
[2026-04-08 05:09:56,784] INFO: Time: 3.0794520949999935; Command Position: 2.0787996310496912; Output Position: 2.0627780539317744
[2026-04-08 05:09:56,786] INFO: Time: 3.081516206999993; Command Position: 2.0787996310496912; Output Position: 2.0627354433543332
[2026-04-08 05:09:56,788] INFO: Time: 3.083575319000005; Command Position: 2.0787996310496912; Output Position: 2.0627354433543332
[2026-04-08 05:09:56,790] INFO: Time: 3.08563791200001; Command Position: 2.0787996310496912; Output Position: 2.0627354433543332
[2026-04-08 05:09:56,792] INFO: Time: 3.087699652999987; Command Position: 2.0787996310496912; Output Position: 2.0627354433543332
[2026-04-08 05:09:56,794] INFO: Time: 3.0897587089999945; Command Position: 2.0787996310496912; Output Position: 2.062820664509216
[2026-04-08 05:09:56,796] INFO: Time: 3.091824949999989; Command Position: 2.0787996310496912; Output Position: 2.0627780539317744
[2026-04-08 05:09:56,798] INFO: Time: 3.093888875999994; Command Position: 2.0787996310496912; Output Position: 2.0627354433543332
[2026-04-08 05:09:56,801] INFO: Time: 3.0959483210000087; Command Position: 2.0787996310496912; Output Position: 2.0627354433543332
[2026-04-08 05:09:56,803] INFO: Time: 3.098012802999989; Command Position: 2.0787996310496912; Output Position: 2.0627354433543332
[2026-04-08 05:09:56,805] INFO: Time: 3.1000724149999996; Command Position: 2.0787996310496912; Output Position: 2.0627354433543332
[2026-04-08 05:09:56,807] INFO: Time: 3.102130896999995; Command Position: 2.0787996310496912; Output Position: 2.0627354433543332
[2026-04-08 05:09:56,809] INFO: Time: 3.1041941009999903; Command Position: 2.0787996310496912; Output Position: 2.0627354433543332
[2026-04-08 05:09:56,811] INFO: Time: 3.1062584899999877; Command Position: 2.0787996310496912; Output Position: 2.0627780539317744
[2026-04-08 05:09:56,813] INFO: Time: 3.1083208430000013; Command Position: 2.0787996310496912; Output Position: 2.0627354433543332
[2026-04-08 05:09:56,815] INFO: Time: 3.110385675999993; Command Position: 2.0787996310496912; Output Position: 2.0627354433543332
[2026-04-08 05:09:56,817] INFO: Time: 3.112449231999989; Command Position: 2.0787996310496912; Output Position: 2.0627780539317744
[2026-04-08 05:09:56,819] INFO: Time: 3.1145080290000067; Command Position: 2.0787996310496912; Output Position: 2.0627780539317744
[2026-04-08 05:09:56,821] INFO: Time: 3.116576603999988; Command Position: 2.0787996310496912; Output Position: 2.0627354433543332
[2026-04-08 05:09:56,823] INFO: Time: 3.118641752000002; Command Position: 2.0787996310496912; Output Position: 2.0627780539317744
[2026-04-08 05:09:56,825] INFO: Time: 3.1207010489999902; Command Position: 2.0787996310496912; Output Position: 2.0627354433543332
[2026-04-08 05:09:56,827] INFO: Time: 3.1227679940000144; Command Position: 2.0787996310496912; Output Position: 2.062692832776892
[2026-04-08 05:09:56,829] INFO: Time: 3.1248322350000137; Command Position: 2.0787996310496912; Output Position: 2.0627354433543332
[2026-04-08 05:09:56,831] INFO: Time: 3.126891902000011; Command Position: 2.0787996310496912; Output Position: 2.0627780539317744
[2026-04-08 05:09:56,834] INFO: Time: 3.1289560689999973; Command Position: 2.0787996310496912; Output Position: 2.0627354433543332
[2026-04-08 05:09:56,836] INFO: Time: 3.131018643999994; Command Position: 2.0787996310496912; Output Position: 2.0627354433543332
[2026-04-08 05:09:56,838] INFO: Time: 3.13307760699999; Command Position: 2.0787996310496912; Output Position: 2.062820664509216
[2026-04-08 05:09:56,840] INFO: Time: 3.1351574589999984; Command Position: 2.0787996310496912; Output Position: 2.0627354433543332
[2026-04-08 05:09:56,842] INFO: Time: 3.1372316259999877; Command Position: 2.0787996310496912; Output Position: 2.0627354433543332
[2026-04-08 05:09:56,848] INFO: Time: 3.139302052000005; Command Position: 2.0787996310496912; Output Position: 2.0627354433543332
[2026-04-08 05:09:56,848] INFO: Time: 3.143789250999987; Command Position: 2.0787996310496912; Output Position: 2.0627354433543332
[2026-04-08 05:09:56,850] INFO: Time: 3.1458614919999945; Command Position: 2.0787996310496912; Output Position: 2.0627354433543332
[2026-04-08 05:09:56,853] INFO: Time: 3.147924343999989; Command Position: 2.0787996310496912; Output Position: 2.0627354433543332
[2026-04-08 05:09:56,855] INFO: Time: 3.1499926779999896; Command Position: 2.0787996310496912; Output Position: 2.0627354433543332
[2026-04-08 05:09:56,857] INFO: Time: 3.1520619739999916; Command Position: 2.0787996310496912; Output Position: 2.0627354433543332
[2026-04-08 05:09:56,859] INFO: Time: 3.1541225670000017; Command Position: 2.0787996310496912; Output Position: 2.0627354433543332
[2026-04-08 05:09:56,861] INFO: Time: 3.1561881599999992; Command Position: 2.0787996310496912; Output Position: 2.0627354433543332
[2026-04-08 05:09:56,863] INFO: Time: 3.158426176000006; Command Position: 2.0787996310496912; Output Position: 2.0627354433543332
[2026-04-08 05:09:56,865] INFO: Time: 3.1604899360000047; Command Position: 2.0787996310496912; Output Position: 2.0627354433543332
[2026-04-08 05:09:56,867] INFO: Time: 3.1625530100000105; Command Position: 2.0787996310496912; Output Position: 2.0627354433543332
[2026-04-08 05:09:56,869] INFO: Time: 3.164615639999994; Command Position: 2.0787996310496912; Output Position: 2.062692832776892
[2026-04-08 05:09:56,871] INFO: Time: 3.1666743629999985; Command Position: 2.0787996310496912; Output Position: 2.0627354433543332
[2026-04-08 05:09:56,873] INFO: Time: 3.1687379930000077; Command Position: 2.0787996310496912; Output Position: 2.0627780539317744
[2026-04-08 05:09:56,875] INFO: Time: 3.1708009380000135; Command Position: 2.0787996310496912; Output Position: 2.0627354433543332
[2026-04-08 05:09:56,877] INFO: Time: 3.172865327000011; Command Position: 2.0787996310496912; Output Position: 2.0627354433543332
[2026-04-08 05:09:56,880] INFO: Time: 3.1749347349999937; Command Position: 2.0787996310496912; Output Position: 2.0627354433543332
[2026-04-08 05:09:56,882] INFO: Time: 3.177000217; Command Position: 2.0787996310496912; Output Position: 2.0627354433543332
[2026-04-08 05:09:56,884] INFO: Time: 3.1790603469999894; Command Position: 2.0787996310496912; Output Position: 2.0627354433543332
[2026-04-08 05:09:56,886] INFO: Time: 3.1811241439999947; Command Position: 2.0787996310496912; Output Position: 2.0627354433543332
[2026-04-08 05:09:56,888] INFO: Time: 3.1831866629999865; Command Position: 2.0787996310496912; Output Position: 2.0627354433543332
[2026-04-08 05:09:56,890] INFO: Time: 3.185245478000013; Command Position: 2.0787996310496912; Output Position: 2.0627354433543332
[2026-04-08 05:09:56,892] INFO: Time: 3.187316979000002; Command Position: 2.0787996310496912; Output Position: 2.062692832776892
[2026-04-08 05:09:56,894] INFO: Time: 3.189383109000005; Command Position: 2.0787996310496912; Output Position: 2.0627354433543332
[2026-04-08 05:09:56,896] INFO: Time: 3.191569125000001; Command Position: 2.0787996310496912; Output Position: 2.0627354433543332
[2026-04-08 05:09:56,898] INFO: Time: 3.1936345700000004; Command Position: 2.0787996310496912; Output Position: 2.0627780539317744
[2026-04-08 05:09:56,900] INFO: Time: 3.1956950340000105; Command Position: 2.0787996310496912; Output Position: 2.0627354433543332
[2026-04-08 05:09:56,902] INFO: Time: 3.197753812000002; Command Position: 2.0787996310496912; Output Position: 2.062692832776892
[2026-04-08 05:09:56,904] INFO: Time: 3.1998165900000117; Command Position: 2.0787996310496912; Output Position: 2.0627354433543332
[2026-04-08 05:09:56,906] INFO: Time: 3.201881646000004; Command Position: 2.0787996310496912; Output Position: 2.0627354433543332
[2026-04-08 05:09:56,908] INFO: Time: 3.2039408690000073; Command Position: 2.0787996310496912; Output Position: 2.0627354433543332
[2026-04-08 05:09:56,911] INFO: Time: 3.2060067209999943; Command Position: 2.0787996310496912; Output Position: 2.062692832776892
[2026-04-08 05:09:56,913] INFO: Time: 3.2080659439999977; Command Position: 2.0787996310496912; Output Position: 2.0627354433543332
[2026-04-08 05:09:56,915] INFO: Time: 3.210124981000007; Command Position: 2.0787996310496912; Output Position: 2.0627780539317744
[2026-04-08 05:09:56,917] INFO: Time: 3.2121914630000106; Command Position: 2.0787996310496912; Output Position: 2.0627780539317744
[2026-04-08 05:09:56,919] INFO: Time: 3.2142545750000124; Command Position: 2.0787996310496912; Output Position: 2.0627780539317744
[2026-04-08 05:09:56,921] INFO: Time: 3.216313946000014; Command Position: 2.0787996310496912; Output Position: 2.0627354433543332
[2026-04-08 05:09:56,923] INFO: Time: 3.2183771679999893; Command Position: 2.0787996310496912; Output Position: 2.0627780539317744
[2026-04-08 05:09:56,925] INFO: Time: 3.2204400390000103; Command Position: 2.0787996310496912; Output Position: 2.0627780539317744
[2026-04-08 05:09:56,927] INFO: Time: 3.2224988730000064; Command Position: 2.0787996310496912; Output Position: 2.0627354433543332
[2026-04-08 05:09:56,929] INFO: Time: 3.2245619480000016; Command Position: 2.0787996310496912; Output Position: 2.0627780539317744
[2026-04-08 05:09:56,931] INFO: Time: 3.2266243550000127; Command Position: 2.0787996310496912; Output Position: 2.0627780539317744
[2026-04-08 05:09:56,933] INFO: Time: 3.2286831890000087; Command Position: 2.0787996310496912; Output Position: 2.0627780539317744
[2026-04-08 05:09:56,935] INFO: Time: 3.2307530040000074; Command Position: 2.0787996310496912; Output Position: 2.0627354433543332
[2026-04-08 05:09:56,937] INFO: Time: 3.232812985999999; Command Position: 2.0787996310496912; Output Position: 2.0627354433543332
[2026-04-08 05:09:56,939] INFO: Time: 3.234872246000009; Command Position: 2.0787996310496912; Output Position: 2.0627354433543332
[2026-04-08 05:09:56,942] INFO: Time: 3.2369407090000095; Command Position: 2.0787996310496912; Output Position: 2.0627780539317744
[2026-04-08 05:09:56,944] INFO: Time: 3.2390049509999983; Command Position: 2.0787996310496912; Output Position: 2.0627354433543332
[2026-04-08 05:09:56,946] INFO: Time: 3.241065488000004; Command Position: 2.0787996310496912; Output Position: 2.062692832776892
[2026-04-08 05:09:56,948] INFO: Time: 3.2431287290000057; Command Position: 2.0787996310496912; Output Position: 2.062692832776892
[2026-04-08 05:09:56,950] INFO: Time: 3.2451918959999944; Command Position: 2.0787996310496912; Output Position: 2.0627354433543332
[2026-04-08 05:09:56,952] INFO: Time: 3.247255803999991; Command Position: 2.0787996310496912; Output Position: 2.0627354433543332
[2026-04-08 05:09:56,954] INFO: Time: 3.249323712000006; Command Position: 2.0787996310496912; Output Position: 2.0627354433543332
[2026-04-08 05:09:56,956] INFO: Time: 3.2513860089999866; Command Position: 2.0787996310496912; Output Position: 2.0627780539317744
[2026-04-08 05:09:56,958] INFO: Time: 3.2534454540000013; Command Position: 2.0787996310496912; Output Position: 2.0627354433543332
[2026-04-08 05:09:56,960] INFO: Time: 3.255508305999996; Command Position: 2.0787996310496912; Output Position: 2.0627354433543332
[2026-04-08 05:09:56,962] INFO: Time: 3.2575728429999913; Command Position: 2.0787996310496912; Output Position: 2.0627354433543332
[2026-04-08 05:09:56,964] INFO: Time: 3.259637048000002; Command Position: 2.0787996310496912; Output Position: 2.0627780539317744
[2026-04-08 05:09:56,966] INFO: Time: 3.2617010110000138; Command Position: 2.0787996310496912; Output Position: 2.0627354433543332
[2026-04-08 05:09:56,968] INFO: Time: 3.2637637150000103; Command Position: 2.0787996310496912; Output Position: 2.0627354433543332
[2026-04-08 05:09:56,970] INFO: Time: 3.265822753000009; Command Position: 2.0787996310496912; Output Position: 2.062692832776892
[2026-04-08 05:09:56,972] INFO: Time: 3.2678853639999943; Command Position: 2.0787996310496912; Output Position: 2.0627354433543332
[2026-04-08 05:09:56,975] INFO: Time: 3.2699480500000107; Command Position: 2.0787996310496912; Output Position: 2.0627354433543332
[2026-04-08 05:09:56,977] INFO: Time: 3.272006772999987; Command Position: 2.0787996310496912; Output Position: 2.0627780539317744
[2026-04-08 05:09:56,979] INFO: Time: 3.274075532000012; Command Position: 2.0787996310496912; Output Position: 2.0627354433543332
[2026-04-08 05:09:56,981] INFO: Time: 3.276135791999991; Command Position: 2.0787996310496912; Output Position: 2.062692832776892
[2026-04-08 05:09:56,983] INFO: Time: 3.2781953109999904; Command Position: 2.0787996310496912; Output Position: 2.0627354433543332
[2026-04-08 05:09:56,985] INFO: Time: 3.2802598860000103; Command Position: 2.0787996310496912; Output Position: 2.0627780539317744
[2026-04-08 05:09:56,987] INFO: Time: 3.282323200999997; Command Position: 2.0787996310496912; Output Position: 2.0627780539317744
[2026-04-08 05:09:56,989] INFO: Time: 3.2843828679999945; Command Position: 2.0787996310496912; Output Position: 2.0627354433543332
[2026-04-08 05:09:56,991] INFO: Time: 3.286446146000003; Command Position: 2.0787996310496912; Output Position: 2.0627354433543332
[2026-04-08 05:09:56,993] INFO: Time: 3.288512295000004; Command Position: 2.0787996310496912; Output Position: 2.0627354433543332
[2026-04-08 05:09:56,995] INFO: Time: 3.2905717579999987; Command Position: 2.0787996310496912; Output Position: 2.0627354433543332
[2026-04-08 05:09:56,997] INFO: Time: 3.292636740000006; Command Position: 2.0787996310496912; Output Position: 2.0627354433543332
[2026-04-08 05:09:56,999] INFO: Time: 3.2946993889999874; Command Position: 2.0787996310496912; Output Position: 2.0627354433543332
[2026-04-08 05:09:57,001] INFO: Time: 3.2967964810000012; Command Position: 2.0787996310496912; Output Position: 2.0627354433543332
[2026-04-08 05:09:57,003] INFO: Time: 3.2988626670000087; Command Position: 2.0787996310496912; Output Position: 2.0627354433543332
[2026-04-08 05:09:57,006] INFO: Time: 3.3009354280000025; Command Position: 2.0787996310496912; Output Position: 2.0627780539317744
[2026-04-08 05:09:57,008] INFO: Time: 3.3030005399999993; Command Position: 2.0787996310496912; Output Position: 2.0627780539317744
[2026-04-08 05:09:57,010] INFO: Time: 3.3050669490000075; Command Position: 2.0787996310496912; Output Position: 2.0627354433543332
[2026-04-08 05:09:57,012] INFO: Time: 3.3071277280000118; Command Position: 2.0787996310496912; Output Position: 2.0627354433543332
[2026-04-08 05:09:57,014] INFO: Time: 3.3091871549999894; Command Position: 2.0787996310496912; Output Position: 2.0627354433543332
[2026-04-08 05:09:57,016] INFO: Time: 3.3112562119999893; Command Position: 2.0787996310496912; Output Position: 2.0627354433543332
[2026-04-08 05:09:57,018] INFO: Time: 3.3133209920000013; Command Position: 2.0787996310496912; Output Position: 2.0627354433543332
[2026-04-08 05:09:57,020] INFO: Time: 3.315380548999997; Command Position: 2.0787996310496912; Output Position: 2.0627354433543332
[2026-04-08 05:09:57,022] INFO: Time: 3.3174442540000086; Command Position: 2.0787996310496912; Output Position: 2.062692832776892
[2026-04-08 05:09:57,024] INFO: Time: 3.319506439999998; Command Position: 2.0787996310496912; Output Position: 2.0627780539317744
[2026-04-08 05:09:57,026] INFO: Time: 3.321565238000005; Command Position: 2.0787996310496912; Output Position: 2.062692832776892
[2026-04-08 05:09:57,028] INFO: Time: 3.3236324249999996; Command Position: 2.0787996310496912; Output Position: 2.0627780539317744
[2026-04-08 05:09:57,030] INFO: Time: 3.3256955370000014; Command Position: 2.0787996310496912; Output Position: 2.0627780539317744
[2026-04-08 05:09:57,032] INFO: Time: 3.3277543160000107; Command Position: 2.0787996310496912; Output Position: 2.0627354433543332
[2026-04-08 05:09:57,034] INFO: Time: 3.3298171879999927; Command Position: 2.0787996310496912; Output Position: 2.0627354433543332
[2026-04-08 05:09:57,036] INFO: Time: 3.331879468000011; Command Position: 2.0787996310496912; Output Position: 2.062692832776892
[2026-04-08 05:09:57,038] INFO: Time: 3.3339389129999972; Command Position: 2.0787996310496912; Output Position: 2.0627354433543332
[2026-04-08 05:09:57,041] INFO: Time: 3.336001748000001; Command Position: 2.0787996310496912; Output Position: 2.0627780539317744
[2026-04-08 05:09:57,043] INFO: Time: 3.338068213000014; Command Position: 2.0787996310496912; Output Position: 2.062692832776892
[2026-04-08 05:09:57,045] INFO: Time: 3.3401314179999986; Command Position: 2.0787996310496912; Output Position: 2.0627354433543332
[2026-04-08 05:09:57,047] INFO: Time: 3.3421941779999997; Command Position: 2.0787996310496912; Output Position: 2.0627354433543332
[2026-04-08 05:09:57,049] INFO: Time: 3.344256680000001; Command Position: 2.0787996310496912; Output Position: 2.0627780539317744
[2026-04-08 05:09:57,051] INFO: Time: 3.346315755000006; Command Position: 2.0787996310496912; Output Position: 2.0627780539317744
[2026-04-08 05:09:57,053] INFO: Time: 3.348378978999989; Command Position: 2.0787996310496912; Output Position: 2.0627354433543332
[2026-04-08 05:09:57,055] INFO: Time: 3.350446091000009; Command Position: 2.0787996310496912; Output Position: 2.0627354433543332
[2026-04-08 05:09:57,057] INFO: Time: 3.3525057230000073; Command Position: 2.0787996310496912; Output Position: 2.0627354433543332
[2026-04-08 05:09:57,059] INFO: Time: 3.3545698350000066; Command Position: 2.0787996310496912; Output Position: 2.0627780539317744
[2026-04-08 05:09:57,061] INFO: Time: 3.3566325399999926; Command Position: 2.0787996310496912; Output Position: 2.0627354433543332
[2026-04-08 05:09:57,063] INFO: Time: 3.3586912080000104; Command Position: 2.0787996310496912; Output Position: 2.062692832776892
[2026-04-08 05:09:57,065] INFO: Time: 3.360753987999999; Command Position: 2.0787996310496912; Output Position: 2.0627354433543332
[2026-04-08 05:09:57,067] INFO: Time: 3.362815933999997; Command Position: 2.0787996310496912; Output Position: 2.0627354433543332
[2026-04-08 05:09:57,069] INFO: Time: 3.3648821390000023; Command Position: 2.0787996310496912; Output Position: 2.0627354433543332
[2026-04-08 05:09:57,072] INFO: Time: 3.3669453619999956; Command Position: 2.0787996310496912; Output Position: 2.062820664509216
[2026-04-08 05:09:57,074] INFO: Time: 3.3690083449999975; Command Position: 2.0787996310496912; Output Position: 2.062692832776892
[2026-04-08 05:09:57,076] INFO: Time: 3.3710752540000044; Command Position: 2.0787996310496912; Output Position: 2.0627354433543332
[2026-04-08 05:09:57,078] INFO: Time: 3.3731412369999987; Command Position: 2.0787996310496912; Output Position: 2.062692832776892
[2026-04-08 05:09:57,080] INFO: Time: 3.3752004419999935; Command Position: 2.0787996310496912; Output Position: 2.0627354433543332
[2026-04-08 05:09:57,082] INFO: Time: 3.3772642769999948; Command Position: 2.0787996310496912; Output Position: 2.0627354433543332
[2026-04-08 05:09:57,084] INFO: Time: 3.379328815000008; Command Position: 2.0787996310496912; Output Position: 2.0627354433543332
[2026-04-08 05:09:57,086] INFO: Time: 3.3813917610000033; Command Position: 2.0787996310496912; Output Position: 2.0627780539317744
[2026-04-08 05:09:57,088] INFO: Time: 3.3834505769999907; Command Position: 2.0787996310496912; Output Position: 2.0627354433543332
[2026-04-08 05:09:57,090] INFO: Time: 3.3855797630000097; Command Position: 2.0787996310496912; Output Position: 2.0627780539317744
[2026-04-08 05:09:57,092] INFO: Time: 3.3876438380000025; Command Position: 2.0787996310496912; Output Position: 2.0627354433543332
[2026-04-08 05:09:57,094] INFO: Time: 3.3897034320000046; Command Position: 2.0787996310496912; Output Position: 2.0627354433543332
[2026-04-08 05:09:57,096] INFO: Time: 3.391766619000009; Command Position: 2.0787996310496912; Output Position: 2.0627354433543332
[2026-04-08 05:09:57,098] INFO: Time: 3.393829342999993; Command Position: 2.0787996310496912; Output Position: 2.0627354433543332
[2026-04-08 05:09:57,100] INFO: Time: 3.3958882150000136; Command Position: 2.0787996310496912; Output Position: 2.0627354433543332
[2026-04-08 05:09:57,103] INFO: Time: 3.3979549940000027; Command Position: 2.0787996310496912; Output Position: 2.0627354433543332
[2026-04-08 05:09:57,105] INFO: Time: 3.400018977000002; Command Position: 2.0787996310496912; Output Position: 2.0627354433543332
[2026-04-08 05:09:57,107] INFO: Time: 3.402078108000012; Command Position: 2.0787996310496912; Output Position: 2.0627354433543332
[2026-04-08 05:09:57,109] INFO: Time: 3.404141423999988; Command Position: 2.0787996310496912; Output Position: 2.0627354433543332
[2026-04-08 05:09:57,111] INFO: Time: 3.406204037000009; Command Position: 2.0787996310496912; Output Position: 2.0627354433543332
[2026-04-08 05:09:57,113] INFO: Time: 3.4082626119999873; Command Position: 2.0787996310496912; Output Position: 2.0627354433543332
[2026-04-08 05:09:57,115] INFO: Time: 3.410325427999993; Command Position: 2.0787996310496912; Output Position: 2.0627354433543332
[2026-04-08 05:09:57,117] INFO: Time: 3.4123890410000115; Command Position: 2.0787996310496912; Output Position: 2.0627780539317744
[2026-04-08 05:09:57,119] INFO: Time: 3.414453764000001; Command Position: 2.0787996310496912; Output Position: 2.0627354433543332
[2026-04-08 05:09:57,121] INFO: Time: 3.416518913999994; Command Position: 2.0787996310496912; Output Position: 2.0627354433543332
[2026-04-08 05:09:57,123] INFO: Time: 3.418582119000007; Command Position: 2.0787996310496912; Output Position: 2.0627780539317744
[2026-04-08 05:09:57,125] INFO: Time: 3.4206413610000084; Command Position: 2.0787996310496912; Output Position: 2.0627354433543332
[2026-04-08 05:09:57,127] INFO: Time: 3.422705454999999; Command Position: 2.0787996310496912; Output Position: 2.0627354433543332
[2026-04-08 05:09:57,129] INFO: Time: 3.424765105000006; Command Position: 2.0787996310496912; Output Position: 2.0627354433543332
[2026-04-08 05:09:57,131] INFO: Time: 3.4268243470000073; Command Position: 2.0787996310496912; Output Position: 2.0627780539317744
[2026-04-08 05:09:57,133] INFO: Time: 3.4288876640000012; Command Position: 2.0787996310496912; Output Position: 2.0627354433543332
[2026-04-08 05:09:57,136] INFO: Time: 3.4309549980000043; Command Position: 2.0787996310496912; Output Position: 2.0627354433543332
[2026-04-08 05:09:57,138] INFO: Time: 3.4330151290000117; Command Position: 2.0787996310496912; Output Position: 2.0627354433543332
[2026-04-08 05:09:57,140] INFO: Time: 3.435080370999998; Command Position: 2.0787996310496912; Output Position: 2.0627354433543332
[2026-04-08 05:09:57,142] INFO: Time: 3.437139890999987; Command Position: 2.0787996310496912; Output Position: 2.062692832776892
[2026-04-08 05:09:57,144] INFO: Time: 3.439198836999992; Command Position: 2.0787996310496912; Output Position: 2.0627354433543332
[2026-04-08 05:09:57,146] INFO: Time: 3.441262134999988; Command Position: 2.0787996310496912; Output Position: 2.0627780539317744
[2026-04-08 05:09:57,149] INFO: Time: 3.443329024999997; Command Position: 2.0787996310496912; Output Position: 2.0627780539317744
[2026-04-08 05:09:57,150] INFO: Time: 3.4453902310000046; Command Position: 2.0787996310496912; Output Position: 2.0627780539317744
[2026-04-08 05:09:57,152] INFO: Time: 3.447454936000014; Command Position: 2.0787996310496912; Output Position: 2.0627780539317744
[2026-04-08 05:09:57,154] INFO: Time: 3.4495206409999923; Command Position: 2.0787996310496912; Output Position: 2.0627354433543332
[2026-04-08 05:09:57,156] INFO: Time: 3.451583623999994; Command Position: 2.0787996310496912; Output Position: 2.062692832776892
[2026-04-08 05:09:57,158] INFO: Time: 3.4536477180000134; Command Position: 2.0787996310496912; Output Position: 2.0627354433543332
[2026-04-08 05:09:57,160] INFO: Time: 3.455710589000006; Command Position: 2.0787996310496912; Output Position: 2.0627354433543332
[2026-04-08 05:09:57,162] INFO: Time: 3.4577698690000034; Command Position: 2.0787996310496912; Output Position: 2.0627780539317744
[2026-04-08 05:09:57,164] INFO: Time: 3.4598325549999913; Command Position: 2.0787996310496912; Output Position: 2.062692832776892
[2026-04-08 05:09:57,166] INFO: Time: 3.4618972789999987; Command Position: 2.0787996310496912; Output Position: 2.0627354433543332
[2026-04-08 05:09:57,169] INFO: Time: 3.463956446999987; Command Position: 2.0787996310496912; Output Position: 2.0627354433543332
[2026-04-08 05:09:57,171] INFO: Time: 3.466024078000004; Command Position: 2.0787996310496912; Output Position: 2.0627780539317744
[2026-04-08 05:09:57,173] INFO: Time: 3.4680881170000077; Command Position: 2.0787996310496912; Output Position: 2.0627354433543332
[2026-04-08 05:09:57,175] INFO: Time: 3.4701524879999965; Command Position: 2.0787996310496912; Output Position: 2.0627354433543332
[2026-04-08 05:09:57,177] INFO: Time: 3.472216285999991; Command Position: 2.0787996310496912; Output Position: 2.0627354433543332
[2026-04-08 05:09:57,179] INFO: Time: 3.4742852500000083; Command Position: 2.0787996310496912; Output Position: 2.0627354433543332
[2026-04-08 05:09:57,181] INFO: Time: 3.4763509180000085; Command Position: 2.0787996310496912; Output Position: 2.0627354433543332
[2026-04-08 05:09:57,183] INFO: Time: 3.4784215310000093; Command Position: 2.0787996310496912; Output Position: 2.0627354433543332
[2026-04-08 05:09:57,185] INFO: Time: 3.4804957169999966; Command Position: 2.0787996310496912; Output Position: 2.0627354433543332
[2026-04-08 05:09:57,187] INFO: Time: 3.4825637559999905; Command Position: 2.0787996310496912; Output Position: 2.0627780539317744
[2026-04-08 05:09:57,189] INFO: Time: 3.484635274999988; Command Position: 2.0787996310496912; Output Position: 2.062692832776892
[2026-04-08 05:09:57,191] INFO: Time: 3.4867084429999977; Command Position: 2.0787996310496912; Output Position: 2.0627354433543332
[2026-04-08 05:09:57,193] INFO: Time: 3.4887712039999883; Command Position: 2.0787996310496912; Output Position: 2.0627354433543332
[2026-04-08 05:09:57,195] INFO: Time: 3.49083757599999; Command Position: 2.0787996310496912; Output Position: 2.0627354433543332
[2026-04-08 05:09:57,197] INFO: Time: 3.4929019289999985; Command Position: 2.0787996310496912; Output Position: 2.0627354433543332
[2026-04-08 05:09:57,200] INFO: Time: 3.4949613750000026; Command Position: 2.0787996310496912; Output Position: 2.0627354433543332
[2026-04-08 05:09:57,202] INFO: Time: 3.497025949999994; Command Position: 2.0787996310496912; Output Position: 2.062692832776892
[2026-04-08 05:09:57,204] INFO: Time: 3.499085600000001; Command Position: 2.0787996310496912; Output Position: 2.0627780539317744
[2026-04-08 05:09:57,206] INFO: Time: 3.5011510459999897; Command Position: 2.0787996310496912; Output Position: 2.0627780539317744
[2026-04-08 05:09:57,208] INFO: Time: 3.503215528999988; Command Position: 2.0787996310496912; Output Position: 2.062692832776892
[2026-04-08 05:09:57,210] INFO: Time: 3.5052781040000127; Command Position: 2.0787996310496912; Output Position: 2.0627780539317744
[2026-04-08 05:09:57,212] INFO: Time: 3.5073373280000055; Command Position: 2.0787996310496912; Output Position: 2.0627354433543332
[2026-04-08 05:09:57,214] INFO: Time: 3.509399847999987; Command Position: 2.0787996310496912; Output Position: 2.0627354433543332
[2026-04-08 05:09:57,216] INFO: Time: 3.5114623489999985; Command Position: 2.0787996310496912; Output Position: 2.062692832776892
[2026-04-08 05:09:57,218] INFO: Time: 3.5135213879999867; Command Position: 2.0787996310496912; Output Position: 2.0627354433543332
[2026-04-08 05:09:57,220] INFO: Time: 3.5155905739999866; Command Position: 2.0787996310496912; Output Position: 2.0627354433543332
[2026-04-08 05:09:57,222] INFO: Time: 3.517654649999997; Command Position: 2.0787996310496912; Output Position: 2.0627354433543332
[2026-04-08 05:09:57,224] INFO: Time: 3.5197137440000006; Command Position: 2.0787996310496912; Output Position: 2.0627780539317744
[2026-04-08 05:09:57,226] INFO: Time: 3.521777264000008; Command Position: 2.0787996310496912; Output Position: 2.0627354433543332
[2026-04-08 05:09:57,228] INFO: Time: 3.523840505999999; Command Position: 2.0787996310496912; Output Position: 2.0627354433543332
[2026-04-08 05:09:57,230] INFO: Time: 3.525906211000006; Command Position: 2.0787996310496912; Output Position: 2.0627354433543332
[2026-04-08 05:09:57,233] INFO: Time: 3.527970713000002; Command Position: 2.0787996310496912; Output Position: 2.062692832776892
[2026-04-08 05:09:57,235] INFO: Time: 3.5302948020000144; Command Position: 2.0787996310496912; Output Position: 2.0627354433543332
[2026-04-08 05:09:57,237] INFO: Time: 3.5323550630000113; Command Position: 2.0787996310496912; Output Position: 2.0627354433543332
[2026-04-08 05:09:57,239] INFO: Time: 3.5344183050000026; Command Position: 2.0787996310496912; Output Position: 2.0627354433543332
[2026-04-08 05:09:57,241] INFO: Time: 3.536481417999994; Command Position: 2.0787996310496912; Output Position: 2.0627354433543332
[2026-04-08 05:09:57,243] INFO: Time: 3.5385407519999887; Command Position: 2.0787996310496912; Output Position: 2.0627354433543332
[2026-04-08 05:09:57,245] INFO: Time: 3.5406127169999877; Command Position: 2.0787996310496912; Output Position: 2.0627354433543332
[2026-04-08 05:09:57,247] INFO: Time: 3.542678311000003; Command Position: 2.0787996310496912; Output Position: 2.0627354433543332
[2026-04-08 05:09:57,249] INFO: Time: 3.5447448680000093; Command Position: 2.0787996310496912; Output Position: 2.062692832776892
[2026-04-08 05:09:57,251] INFO: Time: 3.546811109999993; Command Position: 2.0787996310496912; Output Position: 2.0627780539317744
[2026-04-08 05:09:57,253] INFO: Time: 3.5488736670000094; Command Position: 2.0787996310496912; Output Position: 2.0627780539317744
[2026-04-08 05:09:57,255] INFO: Time: 3.5509331869999983; Command Position: 2.0787996310496912; Output Position: 2.0627354433543332
[2026-04-08 05:09:57,258] INFO: Time: 3.552996057999991; Command Position: 2.0787996310496912; Output Position: 2.0627354433543332
[2026-04-08 05:09:57,260] INFO: Time: 3.555066726000007; Command Position: 2.0787996310496912; Output Position: 2.0627354433543332
[2026-04-08 05:09:57,262] INFO: Time: 3.5571268390000057; Command Position: 2.0787996310496912; Output Position: 2.0627354433543332
[2026-04-08 05:09:57,264] INFO: Time: 3.5591904139999997; Command Position: 2.0787996310496912; Output Position: 2.062820664509216
[2026-04-08 05:09:57,266] INFO: Time: 3.5612542309999924; Command Position: 2.0787996310496912; Output Position: 2.0627354433543332
[2026-04-08 05:09:57,268] INFO: Time: 3.5633131769999977; Command Position: 2.0787996310496912; Output Position: 2.0627354433543332
[2026-04-08 05:09:57,270] INFO: Time: 3.565377067000014; Command Position: 2.0787996310496912; Output Position: 2.0627354433543332
[2026-04-08 05:09:57,272] INFO: Time: 3.5674428830000124; Command Position: 2.0787996310496912; Output Position: 2.0627780539317744
[2026-04-08 05:09:57,274] INFO: Time: 3.5695026250000126; Command Position: 2.0787996310496912; Output Position: 2.0627354433543332
[2026-04-08 05:09:57,276] INFO: Time: 3.571566052999998; Command Position: 2.0787996310496912; Output Position: 2.0627354433543332
[2026-04-08 05:09:57,278] INFO: Time: 3.573628238999987; Command Position: 2.0787996310496912; Output Position: 2.062692832776892
[2026-04-08 05:09:57,280] INFO: Time: 3.575687519000013; Command Position: 2.0787996310496912; Output Position: 2.0627354433543332
[2026-04-08 05:09:57,282] INFO: Time: 3.5777519270000084; Command Position: 2.0787996310496912; Output Position: 2.0627354433543332
[2026-04-08 05:09:57,284] INFO: Time: 3.5798179839999875; Command Position: 2.0787996310496912; Output Position: 2.0627354433543332
[2026-04-08 05:09:57,286] INFO: Time: 3.58188130100001; Command Position: 2.0787996310496912; Output Position: 2.0627780539317744
[2026-04-08 05:09:57,289] INFO: Time: 3.583945357999994; Command Position: 2.0787996310496912; Output Position: 2.0627780539317744
[2026-04-08 05:09:57,291] INFO: Time: 3.586008692000007; Command Position: 2.0787996310496912; Output Position: 2.0627354433543332
[2026-04-08 05:09:57,293] INFO: Time: 3.588067472000006; Command Position: 2.0787996310496912; Output Position: 2.062692832776892
[2026-04-08 05:09:57,295] INFO: Time: 3.590132084000004; Command Position: 2.0787996310496912; Output Position: 2.0627354433543332
[2026-04-08 05:09:57,297] INFO: Time: 3.592195011000001; Command Position: 2.0787996310496912; Output Position: 2.062692832776892
[2026-04-08 05:09:57,299] INFO: Time: 3.594257383000013; Command Position: 2.0787996310496912; Output Position: 2.0627354433543332
[2026-04-08 05:09:57,301] INFO: Time: 3.5963204399999995; Command Position: 2.0787996310496912; Output Position: 2.0627354433543332
[2026-04-08 05:09:57,303] INFO: Time: 3.598382423000004; Command Position: 2.0787996310496912; Output Position: 2.062692832776892
[2026-04-08 05:09:57,305] INFO: Time: 3.600447962000004; Command Position: 2.0787996310496912; Output Position: 2.0627354433543332
[2026-04-08 05:09:57,307] INFO: Time: 3.602511832999994; Command Position: 2.0787996310496912; Output Position: 2.0627354433543332
[2026-04-08 05:09:57,309] INFO: Time: 3.6045742610000104; Command Position: 2.0787996310496912; Output Position: 2.0627780539317744
[2026-04-08 05:09:57,311] INFO: Time: 3.6066843909999875; Command Position: 2.0787996310496912; Output Position: 2.0627354433543332
[2026-04-08 05:09:57,313] INFO: Time: 3.6087480959999994; Command Position: 2.0787996310496912; Output Position: 2.0627780539317744
[2026-04-08 05:09:57,315] INFO: Time: 3.61081096800001; Command Position: 2.0787996310496912; Output Position: 2.0627780539317744
[2026-04-08 05:09:57,317] INFO: Time: 3.6128702469999894; Command Position: 2.0787996310496912; Output Position: 2.062692832776892
[2026-04-08 05:09:57,320] INFO: Time: 3.614937970999989; Command Position: 2.0787996310496912; Output Position: 2.0627354433543332
[2026-04-08 05:09:57,322] INFO: Time: 3.6170015460000116; Command Position: 2.0787996310496912; Output Position: 2.062692832776892
[2026-04-08 05:09:57,324] INFO: Time: 3.6190621030000045; Command Position: 2.0787996310496912; Output Position: 2.0627780539317744
[2026-04-08 05:09:57,326] INFO: Time: 3.621128696999989; Command Position: 2.0787996310496912; Output Position: 2.0627354433543332
[2026-04-08 05:09:57,328] INFO: Time: 3.623192791000008; Command Position: 2.0787996310496912; Output Position: 2.0627780539317744
[2026-04-08 05:09:57,330] INFO: Time: 3.625252625999991; Command Position: 2.0787996310496912; Output Position: 2.0627354433543332
[2026-04-08 05:09:57,332] INFO: Time: 3.6273195900000132; Command Position: 2.0787996310496912; Output Position: 2.0627354433543332
[2026-04-08 05:09:57,334] INFO: Time: 3.6293836469999974; Command Position: 2.0787996310496912; Output Position: 2.0627354433543332
[2026-04-08 05:09:57,336] INFO: Time: 3.631443316000002; Command Position: 2.0787996310496912; Output Position: 2.0627354433543332
[2026-04-08 05:09:57,338] INFO: Time: 3.6335109839999973; Command Position: 2.0787996310496912; Output Position: 2.0627354433543332
[2026-04-08 05:09:57,340] INFO: Time: 3.6355746330000045; Command Position: 2.0787996310496912; Output Position: 2.0627354433543332
[2026-04-08 05:09:57,342] INFO: Time: 3.6376339859999973; Command Position: 2.0787996310496912; Output Position: 2.0627780539317744
[2026-04-08 05:09:57,344] INFO: Time: 3.6397015249999924; Command Position: 2.0787996310496912; Output Position: 2.062692832776892
[2026-04-08 05:09:57,346] INFO: Time: 3.641765322999987; Command Position: 2.0787996310496912; Output Position: 2.0627780539317744
[2026-04-08 05:09:57,348] INFO: Time: 3.643824582999997; Command Position: 2.0787996310496912; Output Position: 2.0627354433543332
[2026-04-08 05:09:57,435] INFO: Time: 3.7307732859999874; Command Position: 2.0787996310496912; Output Position: 2.0627354433543332
[2026-04-08 05:09:57,437] INFO: Time: 3.7328355840000143; Command Position: 2.0787996310496912; Output Position: 2.0627354433543332
[2026-04-08 05:09:57,439] INFO: Time: 3.734895456000004; Command Position: 2.0787996310496912; Output Position: 2.0627354433543332
[2026-04-08 05:09:57,442] INFO: Time: 3.7369613650000133; Command Position: 2.0787996310496912; Output Position: 2.0627354433543332
[2026-04-08 05:09:57,444] INFO: Time: 3.739023903000003; Command Position: 2.0787996310496912; Output Position: 2.0627354433543332
[2026-04-08 05:09:57,446] INFO: Time: 3.741083274999994; Command Position: 2.0787996310496912; Output Position: 2.0627354433543332
[2026-04-08 05:09:57,448] INFO: Time: 3.7431464430000005; Command Position: 2.0787996310496912; Output Position: 2.0627354433543332
[2026-04-08 05:09:57,450] INFO: Time: 3.7452090740000017; Command Position: 2.0787996310496912; Output Position: 2.0627354433543332
[2026-04-08 05:09:57,452] INFO: Time: 3.747267853000011; Command Position: 2.0787996310496912; Output Position: 2.0627780539317744
[2026-04-08 05:09:57,454] INFO: Time: 3.749330280999999; Command Position: 2.0787996310496912; Output Position: 2.0627780539317744
[2026-04-08 05:09:57,456] INFO: Time: 3.7513916339999867; Command Position: 2.0787996310496912; Output Position: 2.062692832776892
[2026-04-08 05:09:57,458] INFO: Time: 3.753450431999994; Command Position: 2.0787996310496912; Output Position: 2.062692832776892
[2026-04-08 05:09:57,460] INFO: Time: 3.755513543999996; Command Position: 2.0787996310496912; Output Position: 2.0627780539317744
[2026-04-08 05:09:57,462] INFO: Time: 3.7575772680000057; Command Position: 2.0787996310496912; Output Position: 2.0627780539317744
[2026-04-08 05:09:57,464] INFO: Time: 3.7596361209999998; Command Position: 2.0787996310496912; Output Position: 2.0627354433543332
[2026-04-08 05:09:57,466] INFO: Time: 3.761700770999994; Command Position: 2.0787996310496912; Output Position: 2.0627780539317744
[2026-04-08 05:09:57,468] INFO: Time: 3.763762383999989; Command Position: 2.0787996310496912; Output Position: 2.062692832776892
[2026-04-08 05:09:57,470] INFO: Time: 3.7658214779999923; Command Position: 2.0787996310496912; Output Position: 2.0627354433543332
[2026-04-08 05:09:57,472] INFO: Time: 3.7678883680000013; Command Position: 2.0787996310496912; Output Position: 2.0627354433543332
[2026-04-08 05:09:57,475] INFO: Time: 3.7699535170000047; Command Position: 2.0787996310496912; Output Position: 2.0627354433543332
[2026-04-08 05:09:57,477] INFO: Time: 3.7720139259999996; Command Position: 2.0787996310496912; Output Position: 2.0627354433543332
[2026-04-08 05:09:57,479] INFO: Time: 3.7740803169999992; Command Position: 2.0787996310496912; Output Position: 2.0627354433543332
[2026-04-08 05:09:57,481] INFO: Time: 3.776139669999992; Command Position: 2.0787996310496912; Output Position: 2.0627354433543332
[2026-04-08 05:09:57,483] INFO: Time: 3.7781988570000067; Command Position: 2.0787996310496912; Output Position: 2.0627354433543332
[2026-04-08 05:09:57,485] INFO: Time: 3.780263617000003; Command Position: 2.0787996310496912; Output Position: 2.0627780539317744
[2026-04-08 05:09:57,487] INFO: Time: 3.782326248000004; Command Position: 2.0787996310496912; Output Position: 2.0627354433543332
[2026-04-08 05:09:57,489] INFO: Time: 3.7843862130000048; Command Position: 2.0787996310496912; Output Position: 2.0627780539317744
[2026-04-08 05:09:57,491] INFO: Time: 3.7864498440000034; Command Position: 2.0787996310496912; Output Position: 2.0627354433543332
[2026-04-08 05:09:57,493] INFO: Time: 3.788516049000009; Command Position: 2.0787996310496912; Output Position: 2.0627354433543332
[2026-04-08 05:09:57,495] INFO: Time: 3.7905762169999946; Command Position: 2.0787996310496912; Output Position: 2.0627354433543332
[2026-04-08 05:09:57,497] INFO: Time: 3.7926402370000005; Command Position: 2.0787996310496912; Output Position: 2.062692832776892
[2026-04-08 05:09:57,499] INFO: Time: 3.7947028869999997; Command Position: 2.0787996310496912; Output Position: 2.0627354433543332
[2026-04-08 05:09:57,501] INFO: Time: 3.7967625180000084; Command Position: 2.0787996310496912; Output Position: 2.0627354433543332
[2026-04-08 05:09:57,503] INFO: Time: 3.7988320190000024; Command Position: 2.0787996310496912; Output Position: 2.0627354433543332
[2026-04-08 05:09:57,505] INFO: Time: 3.800898520000004; Command Position: 2.0787996310496912; Output Position: 2.0627354433543332
[2026-04-08 05:09:57,508] INFO: Time: 3.802966225000006; Command Position: 2.0787996310496912; Output Position: 2.062820664509216
[2026-04-08 05:09:57,510] INFO: Time: 3.8050351340000077; Command Position: 2.0787996310496912; Output Position: 2.0627354433543332
[2026-04-08 05:09:57,512] INFO: Time: 3.8071014870000113; Command Position: 2.0787996310496912; Output Position: 2.0627780539317744
[2026-04-08 05:09:57,514] INFO: Time: 3.8091624520000096; Command Position: 2.0787996310496912; Output Position: 2.0627354433543332
[2026-04-08 05:09:57,516] INFO: Time: 3.811226304999991; Command Position: 2.0787996310496912; Output Position: 2.0627354433543332
[2026-04-08 05:09:57,518] INFO: Time: 3.8132886770000027; Command Position: 2.0787996310496912; Output Position: 2.0627354433543332
[2026-04-08 05:09:57,520] INFO: Time: 3.8153472340000008; Command Position: 2.0787996310496912; Output Position: 2.0627780539317744
[2026-04-08 05:09:57,522] INFO: Time: 3.817409698000006; Command Position: 2.0787996310496912; Output Position: 2.0627780539317744
[2026-04-08 05:09:57,524] INFO: Time: 3.819472348000005; Command Position: 2.0787996310496912; Output Position: 2.0627780539317744
[2026-04-08 05:09:57,526] INFO: Time: 3.821531348999997; Command Position: 2.0787996310496912; Output Position: 2.0627354433543332
[2026-04-08 05:09:57,528] INFO: Time: 3.8235943690000056; Command Position: 2.0787996310496912; Output Position: 2.0627354433543332
[2026-04-08 05:09:57,530] INFO: Time: 3.8256563340000014; Command Position: 2.0787996310496912; Output Position: 2.0627354433543332
[2026-04-08 05:09:57,532] INFO: Time: 3.8277154090000067; Command Position: 2.0787996310496912; Output Position: 2.0627354433543332
[2026-04-08 05:09:57,534] INFO: Time: 3.829779169999995; Command Position: 2.0787996310496912; Output Position: 2.0627354433543332
[2026-04-08 05:09:57,536] INFO: Time: 3.831838468000001; Command Position: 2.0787996310496912; Output Position: 2.0627354433543332
[2026-04-08 05:09:57,538] INFO: Time: 3.833897580000013; Command Position: 2.0787996310496912; Output Position: 2.0627354433543332
[2026-04-08 05:09:57,541] INFO: Time: 3.8359613780000075; Command Position: 2.0787996310496912; Output Position: 2.0627354433543332
[2026-04-08 05:09:57,543] INFO: Time: 3.8380229169999893; Command Position: 2.0787996310496912; Output Position: 2.0627780539317744
[2026-04-08 05:09:57,545] INFO: Time: 3.8400819740000145; Command Position: 2.0787996310496912; Output Position: 2.0627780539317744
[2026-04-08 05:09:57,547] INFO: Time: 3.8421507340000005; Command Position: 2.0787996310496912; Output Position: 2.0627354433543332
[2026-04-08 05:09:58,247] INFO: Time: 4.5425847950000104; Command Position: 2.0787996310496912; Output Position: 2.0627354433543332
[2026-04-08 05:09:58,249] INFO: Time: 4.544648260000002; Command Position: 2.0787996310496912; Output Position: 2.0627354433543332
[2026-04-08 05:09:58,251] INFO: Time: 4.5467097629999955; Command Position: 2.0787996310496912; Output Position: 2.0627354433543332
[2026-04-08 05:09:58,253] INFO: Time: 4.548775487; Command Position: 2.0787996310496912; Output Position: 2.0627354433543332
[2026-04-08 05:09:58,255] INFO: Time: 4.550839618999987; Command Position: 2.0787996310496912; Output Position: 2.0627354433543332
[2026-04-08 05:09:58,257] INFO: Time: 4.552899399000012; Command Position: 2.0787996310496912; Output Position: 2.0627354433543332
[2026-04-08 05:09:58,260] INFO: Time: 4.554963716999993; Command Position: 2.0787996310496912; Output Position: 2.0627354433543332
[2026-04-08 05:09:58,262] INFO: Time: 4.557026349000012; Command Position: 2.0787996310496912; Output Position: 2.0627354433543332
[2026-04-08 05:09:58,264] INFO: Time: 4.559086073000003; Command Position: 2.0787996310496912; Output Position: 2.0627354433543332
[2026-04-08 05:09:58,266] INFO: Time: 4.561149556999993; Command Position: 2.0787996310496912; Output Position: 2.0627354433543332
[2026-04-08 05:09:58,268] INFO: Time: 4.563212929999992; Command Position: 2.0787996310496912; Output Position: 2.0627354433543332
[2026-04-08 05:09:58,270] INFO: Time: 4.565272042999993; Command Position: 2.0787996310496912; Output Position: 2.062692832776892
[2026-04-08 05:09:58,272] INFO: Time: 4.567335248999996; Command Position: 2.0787996310496912; Output Position: 2.0627354433543332
[2026-04-08 05:09:58,274] INFO: Time: 4.569397659000003; Command Position: 2.0787996310496912; Output Position: 2.0627354433543332
[2026-04-08 05:09:58,276] INFO: Time: 4.571461588000005; Command Position: 2.0787996310496912; Output Position: 2.0627780539317744
[2026-04-08 05:09:58,278] INFO: Time: 4.5735278680000135; Command Position: 2.0787996310496912; Output Position: 2.0627780539317744
[2026-04-08 05:09:58,280] INFO: Time: 4.575591258999992; Command Position: 2.0787996310496912; Output Position: 2.0627354433543332
[2026-04-08 05:09:58,282] INFO: Time: 4.577651298000006; Command Position: 2.0787996310496912; Output Position: 2.0627354433543332
[2026-04-08 05:09:58,284] INFO: Time: 4.579715004000008; Command Position: 2.0787996310496912; Output Position: 2.0627354433543332
[2026-04-08 05:09:58,286] INFO: Time: 4.581777544000005; Command Position: 2.0787996310496912; Output Position: 2.0627780539317744
[2026-04-08 05:09:58,288] INFO: Time: 4.583836305999995; Command Position: 2.0787996310496912; Output Position: 2.0627354433543332
[2026-04-08 05:09:58,290] INFO: Time: 4.585904862999996; Command Position: 2.0787996310496912; Output Position: 2.0627354433543332
[2026-04-08 05:09:58,293] INFO: Time: 4.587971235999987; Command Position: 2.0787996310496912; Output Position: 2.0627780539317744
[2026-04-08 05:09:58,295] INFO: Time: 4.590033720000008; Command Position: 2.0787996310496912; Output Position: 2.0627354433543332
[2026-04-08 05:09:58,297] INFO: Time: 4.592097834000015; Command Position: 2.0787996310496912; Output Position: 2.0627354433543332
[2026-04-08 05:09:58,299] INFO: Time: 4.594170964999989; Command Position: 2.0787996310496912; Output Position: 2.0627780539317744
[2026-04-08 05:09:58,301] INFO: Time: 4.596233041999994; Command Position: 2.0787996310496912; Output Position: 2.0627354433543332
[2026-04-08 05:09:58,303] INFO: Time: 4.598296395999995; Command Position: 2.0787996310496912; Output Position: 2.0627354433543332
[2026-04-08 05:09:58,305] INFO: Time: 4.600359510000004; Command Position: 2.0787996310496912; Output Position: 2.0627780539317744
[2026-04-08 05:09:58,307] INFO: Time: 4.602420697000014; Command Position: 2.0787996310496912; Output Position: 2.0627354433543332
[2026-04-08 05:09:58,309] INFO: Time: 4.60448760700001; Command Position: 2.0787996310496912; Output Position: 2.062692832776892
[2026-04-08 05:09:58,311] INFO: Time: 4.60655183099999; Command Position: 2.0787996310496912; Output Position: 2.0627354433543332
[2026-04-08 05:09:58,313] INFO: Time: 4.608614093; Command Position: 2.0787996310496912; Output Position: 2.062692832776892
[2026-04-08 05:09:58,315] INFO: Time: 4.610678373000013; Command Position: 2.0787996310496912; Output Position: 2.0627780539317744
[2026-04-08 05:09:58,317] INFO: Time: 4.612741413000009; Command Position: 2.0787996310496912; Output Position: 2.0627354433543332
[2026-04-08 05:09:58,319] INFO: Time: 4.614802526000005; Command Position: 2.0787996310496912; Output Position: 2.0627354433543332
[2026-04-08 05:09:58,321] INFO: Time: 4.61686945400001; Command Position: 2.0787996310496912; Output Position: 2.0627354433543332
[2026-04-08 05:09:58,324] INFO: Time: 4.618933346000006; Command Position: 2.0787996310496912; Output Position: 2.0627354433543332
[2026-04-08 05:09:58,326] INFO: Time: 4.62099594099999; Command Position: 2.0787996310496912; Output Position: 2.0627354433543332
[2026-04-08 05:09:58,328] INFO: Time: 4.623064147000008; Command Position: 2.0787996310496912; Output Position: 2.0627354433543332
[2026-04-08 05:09:58,330] INFO: Time: 4.625127593999991; Command Position: 2.0787996310496912; Output Position: 2.0627354433543332
[2026-04-08 05:09:58,332] INFO: Time: 4.627188947999997; Command Position: 2.0787996310496912; Output Position: 2.0627780539317744
[2026-04-08 05:09:58,334] INFO: Time: 4.6292590429999905; Command Position: 2.0787996310496912; Output Position: 2.0627354433543332
[2026-04-08 05:09:58,336] INFO: Time: 4.631323656000006; Command Position: 2.0787996310496912; Output Position: 2.0627354433543332
[2026-04-08 05:09:58,338] INFO: Time: 4.633384583999998; Command Position: 2.0787996310496912; Output Position: 2.0627780539317744
[2026-04-08 05:09:58,340] INFO: Time: 4.63545251299999; Command Position: 2.0787996310496912; Output Position: 2.0627780539317744
[2026-04-08 05:09:58,343] INFO: Time: 4.638580219000005; Command Position: 2.0787996310496912; Output Position: 2.062692832776892
[2026-04-08 05:09:58,345] INFO: Time: 4.640654998999992; Command Position: 2.0787996310496912; Output Position: 2.0627354433543332
[2026-04-08 05:09:58,347] INFO: Time: 4.642722464999991; Command Position: 2.0787996310496912; Output Position: 2.0627354433543332
[2026-04-08 05:09:58,349] INFO: Time: 4.64480604100001; Command Position: 2.0787996310496912; Output Position: 2.0627354433543332
[2026-04-08 05:09:58,352] INFO: Time: 4.646885653999988; Command Position: 2.0787996310496912; Output Position: 2.0627354433543332
[2026-04-08 05:09:58,354] INFO: Time: 4.648950044999992; Command Position: 2.0787996310496912; Output Position: 2.0627354433543332
[2026-04-08 05:09:58,356] INFO: Time: 4.651028676999999; Command Position: 2.0787996310496912; Output Position: 2.0627780539317744
[2026-04-08 05:09:58,358] INFO: Time: 4.6530886049999935; Command Position: 2.0787996310496912; Output Position: 2.0627780539317744
[2026-04-08 05:09:58,360] INFO: Time: 4.655149682000001; Command Position: 2.0787996310496912; Output Position: 2.0627354433543332
[2026-04-08 05:09:58,362] INFO: Time: 4.657213221000006; Command Position: 2.0787996310496912; Output Position: 2.0627780539317744
[2026-04-08 05:09:58,364] INFO: Time: 4.659276798000008; Command Position: 2.0787996310496912; Output Position: 2.0627780539317744
[2026-04-08 05:09:58,366] INFO: Time: 4.661339448000007; Command Position: 2.0787996310496912; Output Position: 2.0627354433543332
[2026-04-08 05:09:58,368] INFO: Time: 4.663402394999991; Command Position: 2.0787996310496912; Output Position: 2.062692832776892
[2026-04-08 05:09:58,370] INFO: Time: 4.665464823000008; Command Position: 2.0787996310496912; Output Position: 2.0627354433543332
[2026-04-08 05:09:58,372] INFO: Time: 4.667525584999993; Command Position: 2.0787996310496912; Output Position: 2.0627780539317744
[2026-04-08 05:09:58,374] INFO: Time: 4.669588384000008; Command Position: 2.0787996310496912; Output Position: 2.0627354433543332
[2026-04-08 05:09:58,376] INFO: Time: 4.6716499050000095; Command Position: 2.0787996310496912; Output Position: 2.0627780539317744
[2026-04-08 05:09:58,378] INFO: Time: 4.673713499999991; Command Position: 2.0787996310496912; Output Position: 2.0627354433543332
[2026-04-08 05:09:58,380] INFO: Time: 4.675777446000012; Command Position: 2.0787996310496912; Output Position: 2.0627354433543332
[2026-04-08 05:09:58,382] INFO: Time: 4.677839449000004; Command Position: 2.0787996310496912; Output Position: 2.0627354433543332
[2026-04-08 05:09:58,384] INFO: Time: 4.679899581000001; Command Position: 2.0787996310496912; Output Position: 2.0627354433543332
[2026-04-08 05:09:58,387] INFO: Time: 4.681962379999987; Command Position: 2.0787996310496912; Output Position: 2.0627354433543332
[2026-04-08 05:09:58,389] INFO: Time: 4.684024289000007; Command Position: 2.0787996310496912; Output Position: 2.0627780539317744
[2026-04-08 05:09:58,391] INFO: Time: 4.686084792000003; Command Position: 2.0787996310496912; Output Position: 2.0627780539317744
[2026-04-08 05:09:58,393] INFO: Time: 4.688150887000006; Command Position: 2.0787996310496912; Output Position: 2.0627354433543332
[2026-04-08 05:09:58,395] INFO: Time: 4.690171205000013; Command Position: 2.0787996310496912; Output Position: 2.0627354433543332
[2026-04-08 05:09:58,397] INFO: Time: 4.692232206999989; Command Position: 2.0787996310496912; Output Position: 2.0627780539317744
[2026-04-08 05:09:58,399] INFO: Time: 4.694298153999995; Command Position: 2.0787996310496912; Output Position: 2.0627354433543332
[2026-04-08 05:09:58,401] INFO: Time: 4.696368081999992; Command Position: 2.0787996310496912; Output Position: 2.0627780539317744
[2026-04-08 05:09:58,403] INFO: Time: 4.698432620999995; Command Position: 2.0787996310496912; Output Position: 2.0627354433543332
[2026-04-08 05:09:58,405] INFO: Time: 4.700500715999993; Command Position: 2.0787996310496912; Output Position: 2.0627354433543332
[2026-04-08 05:09:58,407] INFO: Time: 4.702565144999994; Command Position: 2.0787996310496912; Output Position: 2.0627354433543332
[2026-04-08 05:09:58,409] INFO: Time: 4.704627479999999; Command Position: 2.0787996310496912; Output Position: 2.0627780539317744
[2026-04-08 05:09:58,412] INFO: Time: 4.706942830000003; Command Position: 2.0787996310496912; Output Position: 2.0627354433543332
[2026-04-08 05:09:58,414] INFO: Time: 4.709004407000009; Command Position: 2.0787996310496912; Output Position: 2.0627354433543332
[2026-04-08 05:09:58,416] INFO: Time: 4.711066834999997; Command Position: 2.0787996310496912; Output Position: 2.0627354433543332
[2026-04-08 05:09:58,418] INFO: Time: 4.713141984999993; Command Position: 2.0787996310496912; Output Position: 2.0627354433543332
[2026-04-08 05:09:58,420] INFO: Time: 4.715206894999994; Command Position: 2.0787996310496912; Output Position: 2.0627354433543332
[2026-04-08 05:09:58,422] INFO: Time: 4.717268971999999; Command Position: 2.0787996310496912; Output Position: 2.0627354433543332
[2026-04-08 05:09:58,424] INFO: Time: 4.719335381000008; Command Position: 2.0787996310496912; Output Position: 2.0627354433543332
[2026-04-08 05:09:58,426] INFO: Time: 4.721398958000009; Command Position: 2.0787996310496912; Output Position: 2.0627354433543332
[2026-04-08 05:09:58,428] INFO: Time: 4.72346121999999; Command Position: 2.0787996310496912; Output Position: 2.0627780539317744
[2026-04-08 05:09:58,430] INFO: Time: 4.725525870000013; Command Position: 2.0787996310496912; Output Position: 2.062692832776892
[2026-04-08 05:09:58,432] INFO: Time: 4.727588521000001; Command Position: 2.0787996310496912; Output Position: 2.0627354433543332
[2026-04-08 05:09:58,434] INFO: Time: 4.729649708000011; Command Position: 2.0787996310496912; Output Position: 2.0627354433543332
[2026-04-08 05:09:58,436] INFO: Time: 4.731716358999989; Command Position: 2.0787996310496912; Output Position: 2.0627354433543332
[2026-04-08 05:09:58,438] INFO: Time: 4.733780009000014; Command Position: 2.0787996310496912; Output Position: 2.062692832776892
[2026-04-08 05:09:58,440] INFO: Time: 4.735841233999992; Command Position: 2.0787996310496912; Output Position: 2.0627354433543332
[2026-04-08 05:09:58,442] INFO: Time: 4.7379045319999875; Command Position: 2.0787996310496912; Output Position: 2.0627780539317744
[2026-04-08 05:09:58,445] INFO: Time: 4.739967052999987; Command Position: 2.0787996310496912; Output Position: 2.062692832776892
[2026-04-08 05:09:58,447] INFO: Time: 4.742027981999996; Command Position: 2.0787996310496912; Output Position: 2.0627354433543332
[2026-04-08 05:09:58,449] INFO: Time: 4.744091779999991; Command Position: 2.0787996310496912; Output Position: 2.0627354433543332
[2026-04-08 05:09:58,451] INFO: Time: 4.7461622460000115; Command Position: 2.0787996310496912; Output Position: 2.0627354433543332
[2026-04-08 05:09:58,453] INFO: Time: 4.748225173999998; Command Position: 2.0787996310496912; Output Position: 2.0627780539317744
[2026-04-08 05:09:58,455] INFO: Time: 4.750288102000013; Command Position: 2.0787996310496912; Output Position: 2.0627780539317744
[2026-04-08 05:09:58,457] INFO: Time: 4.752350919000008; Command Position: 2.0787996310496912; Output Position: 2.0627354433543332
[2026-04-08 05:09:58,459] INFO: Time: 4.754412070000001; Command Position: 2.0787996310496912; Output Position: 2.0627354433543332
[2026-04-08 05:09:58,461] INFO: Time: 4.7564746280000065; Command Position: 2.0787996310496912; Output Position: 2.0627780539317744
[2026-04-08 05:09:58,463] INFO: Time: 4.758536907999996; Command Position: 2.0787996310496912; Output Position: 2.0627354433543332
[2026-04-08 05:09:58,465] INFO: Time: 4.7606021510000005; Command Position: 2.0787996310496912; Output Position: 2.0627354433543332
[2026-04-08 05:09:58,467] INFO: Time: 4.7626668020000125; Command Position: 2.0787996310496912; Output Position: 2.0627354433543332
[2026-04-08 05:09:58,469] INFO: Time: 4.764730119000006; Command Position: 2.0787996310496912; Output Position: 2.0627354433543332
[2026-04-08 05:09:58,471] INFO: Time: 4.766791176999988; Command Position: 2.0787996310496912; Output Position: 2.0627354433543332
[2026-04-08 05:09:58,473] INFO: Time: 4.768855030999987; Command Position: 2.0787996310496912; Output Position: 2.062692832776892
[2026-04-08 05:09:58,475] INFO: Time: 4.770917736999991; Command Position: 2.0787996310496912; Output Position: 2.0627780539317744
[2026-04-08 05:09:58,478] INFO: Time: 4.772978795; Command Position: 2.0787996310496912; Output Position: 2.062692832776892
[2026-04-08 05:09:58,480] INFO: Time: 4.775042815999996; Command Position: 2.0787996310496912; Output Position: 2.0627354433543332
[2026-04-08 05:09:58,482] INFO: Time: 4.77710659600001; Command Position: 2.0787996310496912; Output Position: 2.0627354433543332
[2026-04-08 05:09:58,484] INFO: Time: 4.779169580000001; Command Position: 2.0787996310496912; Output Position: 2.0627354433543332
[2026-04-08 05:09:58,486] INFO: Time: 4.781233286000003; Command Position: 2.0787996310496912; Output Position: 2.0627354433543332
[2026-04-08 05:09:58,488] INFO: Time: 4.783295529000014; Command Position: 2.0787996310496912; Output Position: 2.0627354433543332
[2026-04-08 05:09:58,490] INFO: Time: 4.7853546059999985; Command Position: 2.0787996310496912; Output Position: 2.0627780539317744
[2026-04-08 05:09:58,492] INFO: Time: 4.787423663999988; Command Position: 2.0787996310496912; Output Position: 2.0627780539317744
[2026-04-08 05:09:58,494] INFO: Time: 4.789487406999996; Command Position: 2.0787996310496912; Output Position: 2.062692832776892
[2026-04-08 05:09:58,496] INFO: Time: 4.79154866799999; Command Position: 2.0787996310496912; Output Position: 2.0627354433543332
[2026-04-08 05:09:58,498] INFO: Time: 4.7936117080000145; Command Position: 2.0787996310496912; Output Position: 2.0627354433543332
[2026-04-08 05:09:58,500] INFO: Time: 4.795676098999991; Command Position: 2.0787996310496912; Output Position: 2.0627354433543332
[2026-04-08 05:09:58,502] INFO: Time: 4.797738323999994; Command Position: 2.0787996310496912; Output Position: 2.0627354433543332
[2026-04-08 05:09:58,504] INFO: Time: 4.799797659000006; Command Position: 2.0787996310496912; Output Position: 2.0627780539317744
[2026-04-08 05:09:58,506] INFO: Time: 4.801862217000007; Command Position: 2.0787996310496912; Output Position: 2.0627354433543332
[2026-04-08 05:09:58,508] INFO: Time: 4.803921368000005; Command Position: 2.0787996310496912; Output Position: 2.0627354433543332
[2026-04-08 05:09:58,511] INFO: Time: 4.805985147999991; Command Position: 2.0787996310496912; Output Position: 2.062692832776892
[2026-04-08 05:09:58,513] INFO: Time: 4.808049353999991; Command Position: 2.0787996310496912; Output Position: 2.0627780539317744
[2026-04-08 05:09:58,515] INFO: Time: 4.810108912000004; Command Position: 2.0787996310496912; Output Position: 2.0627780539317744
[2026-04-08 05:09:58,517] INFO: Time: 4.812169710999996; Command Position: 2.0787996310496912; Output Position: 2.0627354433543332
[2026-04-08 05:09:58,519] INFO: Time: 4.814232973000003; Command Position: 2.0787996310496912; Output Position: 2.0627354433543332
[2026-04-08 05:09:58,521] INFO: Time: 4.816295808000007; Command Position: 2.0787996310496912; Output Position: 2.0627780539317744
[2026-04-08 05:09:58,523] INFO: Time: 4.818356513999987; Command Position: 2.0787996310496912; Output Position: 2.0627354433543332
[2026-04-08 05:09:58,525] INFO: Time: 4.820424276000011; Command Position: 2.0787996310496912; Output Position: 2.0627354433543332
[2026-04-08 05:09:58,527] INFO: Time: 4.822488093000004; Command Position: 2.0787996310496912; Output Position: 2.0627780539317744
[2026-04-08 05:09:58,529] INFO: Time: 4.824549002999987; Command Position: 2.0787996310496912; Output Position: 2.0627354433543332
[2026-04-08 05:09:58,531] INFO: Time: 4.826611893999996; Command Position: 2.0787996310496912; Output Position: 2.0627354433543332
[2026-04-08 05:09:58,533] INFO: Time: 4.828675414999992; Command Position: 2.0787996310496912; Output Position: 2.062692832776892
[2026-04-08 05:09:58,535] INFO: Time: 4.830736083999994; Command Position: 2.0787996310496912; Output Position: 2.0627354433543332
[2026-04-08 05:09:58,537] INFO: Time: 4.832803253000009; Command Position: 2.0787996310496912; Output Position: 2.0627354433543332
[2026-04-08 05:09:58,539] INFO: Time: 4.834866941000001; Command Position: 2.0787996310496912; Output Position: 2.0627780539317744
[2026-04-08 05:09:58,542] INFO: Time: 4.83693914700001; Command Position: 2.0787996310496912; Output Position: 2.0627354433543332
[2026-04-08 05:09:58,544] INFO: Time: 4.8390079080000135; Command Position: 2.0787996310496912; Output Position: 2.0627354433543332
[2026-04-08 05:09:58,546] INFO: Time: 4.841068336999996; Command Position: 2.0787996310496912; Output Position: 2.0627780539317744
[2026-04-08 05:09:58,548] INFO: Time: 4.843129561000012; Command Position: 2.0787996310496912; Output Position: 2.0627354433543332
[2026-04-08 05:09:58,550] INFO: Time: 4.845192915000013; Command Position: 2.0787996310496912; Output Position: 2.0627780539317744
[2026-04-08 05:09:58,552] INFO: Time: 4.847259992000005; Command Position: 2.0787996310496912; Output Position: 2.0627354433543332
[2026-04-08 05:09:58,554] INFO: Time: 4.849323827999996; Command Position: 2.0787996310496912; Output Position: 2.0627780539317744
[2026-04-08 05:09:58,556] INFO: Time: 4.851387404000008; Command Position: 2.0787996310496912; Output Position: 2.0627780539317744
[2026-04-08 05:09:58,558] INFO: Time: 4.853787622999988; Command Position: 2.0787996310496912; Output Position: 2.0627354433543332
[2026-04-08 05:09:58,560] INFO: Time: 4.855851903000001; Command Position: 2.0787996310496912; Output Position: 2.0627780539317744
[2026-04-08 05:09:58,562] INFO: Time: 4.8579151460000105; Command Position: 2.0787996310496912; Output Position: 2.0627780539317744
[2026-04-08 05:09:58,565] INFO: Time: 4.859978704000014; Command Position: 2.0787996310496912; Output Position: 2.062650222199451
[2026-04-08 05:09:58,567] INFO: Time: 4.8620428549999986; Command Position: 2.0787996310496912; Output Position: 2.0627354433543332
[2026-04-08 05:09:58,569] INFO: Time: 4.864107560999997; Command Position: 2.0787996310496912; Output Position: 2.062692832776892
[2026-04-08 05:09:58,571] INFO: Time: 4.8661702109999965; Command Position: 2.0787996310496912; Output Position: 2.0627354433543332
[2026-04-08 05:09:58,573] INFO: Time: 4.868229009999993; Command Position: 2.0787996310496912; Output Position: 2.062692832776892
[2026-04-08 05:09:58,575] INFO: Time: 4.870291957000006; Command Position: 2.0787996310496912; Output Position: 2.0627780539317744
[2026-04-08 05:09:58,577] INFO: Time: 4.872399994999995; Command Position: 2.0787996310496912; Output Position: 2.0627780539317744
[2026-04-08 05:09:58,579] INFO: Time: 4.874461719999999; Command Position: 2.0787996310496912; Output Position: 2.0627354433543332
[2026-04-08 05:09:58,581] INFO: Time: 4.876524445000001; Command Position: 2.0787996310496912; Output Position: 2.0627354433543332
[2026-04-08 05:09:58,583] INFO: Time: 4.878585057999999; Command Position: 2.0787996310496912; Output Position: 2.0627354433543332
[2026-04-08 05:09:58,585] INFO: Time: 4.880645837999992; Command Position: 2.0787996310496912; Output Position: 2.0627354433543332
[2026-04-08 05:09:58,587] INFO: Time: 4.8827082109999935; Command Position: 2.0787996310496912; Output Position: 2.0627354433543332
[2026-04-08 05:09:58,589] INFO: Time: 4.8847698250000064; Command Position: 2.0787996310496912; Output Position: 2.062692832776892
[2026-04-08 05:09:58,591] INFO: Time: 4.8868333089999965; Command Position: 2.0787996310496912; Output Position: 2.0627354433543332
[2026-04-08 05:09:58,593] INFO: Time: 4.88889760699999; Command Position: 2.0787996310496912; Output Position: 2.0627354433543332
[2026-04-08 05:09:58,596] INFO: Time: 4.890958869000002; Command Position: 2.0787996310496912; Output Position: 2.0627354433543332
[2026-04-08 05:09:58,598] INFO: Time: 4.8930192789999865; Command Position: 2.0787996310496912; Output Position: 2.062692832776892
[2026-04-08 05:09:58,600] INFO: Time: 4.895082021999997; Command Position: 2.0787996310496912; Output Position: 2.0627354433543332
[2026-04-08 05:09:58,602] INFO: Time: 4.897143690999997; Command Position: 2.0787996310496912; Output Position: 2.0627354433543332
[2026-04-08 05:09:58,604] INFO: Time: 4.8992104710000035; Command Position: 2.0787996310496912; Output Position: 2.0627354433543332
[2026-04-08 05:09:58,606] INFO: Time: 4.9012759359999905; Command Position: 2.0787996310496912; Output Position: 2.0627780539317744
[2026-04-08 05:09:58,608] INFO: Time: 4.903339549999998; Command Position: 2.0787996310496912; Output Position: 2.0627354433543332
[2026-04-08 05:09:58,610] INFO: Time: 4.905400996999987; Command Position: 2.0787996310496912; Output Position: 2.0627780539317744
[2026-04-08 05:09:58,612] INFO: Time: 4.907464425000001; Command Position: 2.0787996310496912; Output Position: 2.062692832776892
[2026-04-08 05:09:58,614] INFO: Time: 4.909526779000004; Command Position: 2.0787996310496912; Output Position: 2.0627354433543332
[2026-04-08 05:09:58,616] INFO: Time: 4.911587058999999; Command Position: 2.0787996310496912; Output Position: 2.062692832776892
[2026-04-08 05:09:58,618] INFO: Time: 4.913653450999988; Command Position: 2.0787996310496912; Output Position: 2.0627354433543332
[2026-04-08 05:09:58,620] INFO: Time: 4.915718286000015; Command Position: 2.0787996310496912; Output Position: 2.062692832776892
[2026-04-08 05:09:58,622] INFO: Time: 4.917778843999997; Command Position: 2.0787996310496912; Output Position: 2.0627780539317744
[2026-04-08 05:09:58,624] INFO: Time: 4.9198418469999865; Command Position: 2.0787996310496912; Output Position: 2.0627354433543332
[2026-04-08 05:09:58,626] INFO: Time: 4.921904385999994; Command Position: 2.0787996310496912; Output Position: 2.0627354433543332
[2026-04-08 05:09:58,629] INFO: Time: 4.9239652029999945; Command Position: 2.0787996310496912; Output Position: 2.0627780539317744
[2026-04-08 05:09:58,631] INFO: Time: 4.926029446000001; Command Position: 2.0787996310496912; Output Position: 2.0627780539317744
[2026-04-08 05:09:58,633] INFO: Time: 4.928091781999996; Command Position: 2.0787996310496912; Output Position: 2.0627354433543332
[2026-04-08 05:09:58,635] INFO: Time: 4.93016354400001; Command Position: 2.0787996310496912; Output Position: 2.0627354433543332
[2026-04-08 05:09:58,637] INFO: Time: 4.932882331000002; Command Position: 2.0787996310496912; Output Position: 2.062692832776892
[2026-04-08 05:09:58,640] INFO: Time: 4.934947074000007; Command Position: 2.0787996310496912; Output Position: 2.0627780539317744
[2026-04-08 05:09:58,642] INFO: Time: 4.937036298999999; Command Position: 2.0787996310496912; Output Position: 2.0627354433543332
[2026-04-08 05:09:58,644] INFO: Time: 4.939101263999987; Command Position: 2.0787996310496912; Output Position: 2.0627780539317744
[2026-04-08 05:09:58,646] INFO: Time: 4.941160303000004; Command Position: 2.0787996310496912; Output Position: 2.0627354433543332
[2026-04-08 05:09:58,648] INFO: Time: 4.943228158000011; Command Position: 2.0787996310496912; Output Position: 2.0627354433543332
[2026-04-08 05:09:58,650] INFO: Time: 4.9452926970000135; Command Position: 2.0787996310496912; Output Position: 2.0627780539317744
[2026-04-08 05:09:58,652] INFO: Time: 4.947355791999996; Command Position: 2.0787996310496912; Output Position: 2.0627780539317744
[2026-04-08 05:09:58,654] INFO: Time: 4.949417108999995; Command Position: 2.0787996310496912; Output Position: 2.0627354433543332
[2026-04-08 05:09:58,656] INFO: Time: 4.951480185999998; Command Position: 2.0787996310496912; Output Position: 2.0627780539317744
[2026-04-08 05:09:58,658] INFO: Time: 4.953545577; Command Position: 2.0787996310496912; Output Position: 2.0627780539317744
[2026-04-08 05:09:58,660] INFO: Time: 4.9556083569999885; Command Position: 2.0787996310496912; Output Position: 2.0627354433543332
[2026-04-08 05:09:58,662] INFO: Time: 4.957672193000008; Command Position: 2.0787996310496912; Output Position: 2.0627780539317744
[2026-04-08 05:09:58,664] INFO: Time: 4.959735251000012; Command Position: 2.0787996310496912; Output Position: 2.0627354433543332
[2026-04-08 05:09:58,666] INFO: Time: 4.9617959379999945; Command Position: 2.0787996310496912; Output Position: 2.0627354433543332
[2026-04-08 05:09:58,668] INFO: Time: 4.963859237000008; Command Position: 2.0787996310496912; Output Position: 2.0627354433543332
[2026-04-08 05:09:58,670] INFO: Time: 4.965921850000001; Command Position: 2.0787996310496912; Output Position: 2.0627780539317744
[2026-04-08 05:09:58,673] INFO: Time: 4.9679825009999945; Command Position: 2.0787996310496912; Output Position: 2.0627780539317744
[2026-04-08 05:09:58,675] INFO: Time: 4.970054355000002; Command Position: 2.0787996310496912; Output Position: 2.0627780539317744
[2026-04-08 05:09:58,677] INFO: Time: 4.972122727999988; Command Position: 2.0787996310496912; Output Position: 2.0627354433543332
[2026-04-08 05:09:58,679] INFO: Time: 4.974176397000008; Command Position: 2.0787996310496912; Output Position: 2.0627780539317744
[2026-04-08 05:09:58,681] INFO: Time: 4.976241213999998; Command Position: 2.0787996310496912; Output Position: 2.0627354433543332
[2026-04-08 05:09:58,683] INFO: Time: 4.978305197999987; Command Position: 2.0787996310496912; Output Position: 2.0627354433543332
[2026-04-08 05:09:58,685] INFO: Time: 4.980366422999992; Command Position: 2.0787996310496912; Output Position: 2.0627780539317744
[2026-04-08 05:09:58,687] INFO: Time: 4.982441128999994; Command Position: 2.0787996310496912; Output Position: 2.0627354433543332
[2026-04-08 05:09:58,689] INFO: Time: 4.984506298000014; Command Position: 2.0787996310496912; Output Position: 2.062650222199451
[2026-04-08 05:09:58,691] INFO: Time: 4.9865684110000075; Command Position: 2.0787996310496912; Output Position: 2.0627354433543332
[2026-04-08 05:09:58,693] INFO: Time: 4.988876186999988; Command Position: 2.0787996310496912; Output Position: 2.0627354433543332
[2026-04-08 05:09:58,696] INFO: Time: 4.990939392999991; Command Position: 2.0787996310496912; Output Position: 2.0627354433543332
[2026-04-08 05:09:58,698] INFO: Time: 4.993001450999998; Command Position: 2.0787996310496912; Output Position: 2.062692832776892
[2026-04-08 05:09:58,700] INFO: Time: 4.995065454000013; Command Position: 2.0787996310496912; Output Position: 2.062650222199451
[2026-04-08 05:09:58,702] INFO: Time: 4.997128771000007; Command Position: 2.0787996310496912; Output Position: 2.062692832776892
[2026-04-08 05:09:58,704] INFO: Time: 4.999190884000001; Command Position: 2.0787996310496912; Output Position: 2.0627780539317744
[2026-04-08 05:09:58,706] INFO: Time: 5.001257127000002; Command Position: 2.0787996310496912; Output Position: 2.0627354433543332
[2026-04-08 05:09:58,708] INFO: Time: 5.003321074000013; Command Position: 2.0787996310496912; Output Position: 2.0627354433543332
[2026-04-08 05:09:58,710] INFO: Time: 5.0053828359999955; Command Position: 2.0787996310496912; Output Position: 2.0627354433543332
[2026-04-08 05:09:58,712] INFO: Time: 5.007448820000008; Command Position: 2.0787996310496912; Output Position: 2.0627354433543332
[2026-04-08 05:09:58,714] INFO: Time: 5.00951335900001; Command Position: 2.0787996310496912; Output Position: 2.0627354433543332
[2026-04-08 05:09:58,716] INFO: Time: 5.011575064999988; Command Position: 2.0787996310496912; Output Position: 2.0627780539317744
[2026-04-08 05:09:58,718] INFO: Time: 5.013685326000001; Command Position: 2.0787996310496912; Output Position: 2.0627354433543332
[2026-04-08 05:09:58,722] INFO: Time: 5.0167656449999924; Command Position: 2.0787996310496912; Output Position: 2.0627354433543332
[2026-04-08 05:09:58,724] INFO: Time: 5.018897850000002; Command Position: 2.0787996310496912; Output Position: 2.062692832776892
[2026-04-08 05:09:58,726] INFO: Time: 5.0211045529999865; Command Position: 2.0787996310496912; Output Position: 2.0627354433543332
[2026-04-08 05:09:58,728] INFO: Time: 5.023326905000005; Command Position: 2.0787996310496912; Output Position: 2.0627780539317744
[2026-04-08 05:09:58,730] INFO: Time: 5.025405629000005; Command Position: 2.0787996310496912; Output Position: 2.0627354433543332
[2026-04-08 05:09:58,733] INFO: Time: 5.027941604999995; Command Position: 2.0787996310496912; Output Position: 2.0627354433543332
[2026-04-08 05:09:58,735] INFO: Time: 5.030030124999996; Command Position: 2.0787996310496912; Output Position: 2.062692832776892
[2026-04-08 05:09:58,737] INFO: Time: 5.032131109000005; Command Position: 2.0787996310496912; Output Position: 2.0627354433543332
[2026-04-08 05:09:58,739] INFO: Time: 5.034520160999989; Command Position: 2.0787996310496912; Output Position: 2.062692832776892
[2026-04-08 05:09:58,742] INFO: Time: 5.036594441000005; Command Position: 2.0787996310496912; Output Position: 2.0627354433543332
[2026-04-08 05:09:58,743] INFO: Time: 5.038657443999995; Command Position: 2.0787996310496912; Output Position: 2.0627354433543332
[2026-04-08 05:09:58,745] INFO: Time: 5.040735205000004; Command Position: 2.0787996310496912; Output Position: 2.062692832776892
[2026-04-08 05:09:58,748] INFO: Time: 5.043011962999998; Command Position: 2.0787996310496912; Output Position: 2.0627780539317744
[2026-04-08 05:09:58,750] INFO: Time: 5.045079224999995; Command Position: 2.0787996310496912; Output Position: 2.0627354433543332
[2026-04-08 05:09:58,752] INFO: Time: 5.047141245000006; Command Position: 2.0787996310496912; Output Position: 2.062692832776892
[2026-04-08 05:09:58,754] INFO: Time: 5.049206063000014; Command Position: 2.0787996310496912; Output Position: 2.0627354433543332
[2026-04-08 05:09:58,756] INFO: Time: 5.051268786999998; Command Position: 2.0787996310496912; Output Position: 2.062692832776892
[2026-04-08 05:09:58,758] INFO: Time: 5.0533350489999975; Command Position: 2.0787996310496912; Output Position: 2.0627354433543332
[2026-04-08 05:09:58,760] INFO: Time: 5.055398773000007; Command Position: 2.0787996310496912; Output Position: 2.0627354433543332
[2026-04-08 05:09:58,762] INFO: Time: 5.057461831000012; Command Position: 2.0787996310496912; Output Position: 2.0627354433543332
[2026-04-08 05:09:58,764] INFO: Time: 5.059521630000006; Command Position: 2.0787996310496912; Output Position: 2.0627354433543332
[2026-04-08 05:09:58,766] INFO: Time: 5.061585094999998; Command Position: 2.0787996310496912; Output Position: 2.062692832776892
[2026-04-08 05:09:58,768] INFO: Time: 5.063647930999991; Command Position: 2.0787996310496912; Output Position: 2.0627354433543332
[2026-04-08 05:09:58,770] INFO: Time: 5.0657088970000075; Command Position: 2.0787996310496912; Output Position: 2.0627354433543332
[2026-04-08 05:09:58,772] INFO: Time: 5.067778825000005; Command Position: 2.0787996310496912; Output Position: 2.062692832776892
[2026-04-08 05:09:58,774] INFO: Time: 5.069842733999991; Command Position: 2.0787996310496912; Output Position: 2.062692832776892
[2026-04-08 05:09:58,776] INFO: Time: 5.071904125999993; Command Position: 2.0787996310496912; Output Position: 2.0627354433543332
[2026-04-08 05:09:58,779] INFO: Time: 5.073969202000001; Command Position: 2.0787996310496912; Output Position: 2.0627354433543332
[2026-04-08 05:09:58,781] INFO: Time: 5.076028557000001; Command Position: 2.0787996310496912; Output Position: 2.062692832776892
[2026-04-08 05:09:58,783] INFO: Time: 5.078088632999993; Command Position: 2.0787996310496912; Output Position: 2.0627354433543332
[2026-04-08 05:09:58,785] INFO: Time: 5.08015807999999; Command Position: 2.0787996310496912; Output Position: 2.0627354433543332
[2026-04-08 05:09:58,787] INFO: Time: 5.0822215270000015; Command Position: 2.0787996310496912; Output Position: 2.0627780539317744
[2026-04-08 05:09:58,789] INFO: Time: 5.084282733000009; Command Position: 2.0787996310496912; Output Position: 2.0627354433543332
[2026-04-08 05:09:58,791] INFO: Time: 5.086342883000015; Command Position: 2.0787996310496912; Output Position: 2.0627354433543332
[2026-04-08 05:09:58,793] INFO: Time: 5.088404625999999; Command Position: 2.0787996310496912; Output Position: 2.0627354433543332
[2026-04-08 05:09:58,795] INFO: Time: 5.090463999000008; Command Position: 2.0787996310496912; Output Position: 2.0627354433543332
[2026-04-08 05:09:58,797] INFO: Time: 5.092526057000015; Command Position: 2.0787996310496912; Output Position: 2.0627354433543332
[2026-04-08 05:09:58,799] INFO: Time: 5.094587171000001; Command Position: 2.0787996310496912; Output Position: 2.0627780539317744
[2026-04-08 05:09:58,801] INFO: Time: 5.09665030299999; Command Position: 2.0787996310496912; Output Position: 2.0627780539317744
[2026-04-08 05:09:58,803] INFO: Time: 5.098713898; Command Position: 2.0787996310496912; Output Position: 2.0627780539317744
[2026-04-08 05:09:58,805] INFO: Time: 5.100775677999991; Command Position: 2.0787996310496912; Output Position: 2.0627354433543332
[2026-04-08 05:09:58,807] INFO: Time: 5.102847790999988; Command Position: 2.0787996310496912; Output Position: 2.0627354433543332
[2026-04-08 05:09:58,810] INFO: Time: 5.104912089999999; Command Position: 2.0787996310496912; Output Position: 2.0627780539317744
[2026-04-08 05:09:58,812] INFO: Time: 5.106971555000001; Command Position: 2.0787996310496912; Output Position: 2.0627354433543332
[2026-04-08 05:09:58,814] INFO: Time: 5.109035094999996; Command Position: 2.0787996310496912; Output Position: 2.0627780539317744
[2026-04-08 05:09:58,816] INFO: Time: 5.1110994670000025; Command Position: 2.0787996310496912; Output Position: 2.0627354433543332
[2026-04-08 05:09:58,818] INFO: Time: 5.113158636999998; Command Position: 2.0787996310496912; Output Position: 2.0627354433543332
[2026-04-08 05:09:58,820] INFO: Time: 5.115221194000014; Command Position: 2.0787996310496912; Output Position: 2.0627780539317744
[2026-04-08 05:09:58,822] INFO: Time: 5.117284751999989; Command Position: 2.0787996310496912; Output Position: 2.0627780539317744
[2026-04-08 05:09:58,824] INFO: Time: 5.119347570000002; Command Position: 2.0787996310496912; Output Position: 2.0627780539317744
[2026-04-08 05:09:58,826] INFO: Time: 5.121408812999988; Command Position: 2.0787996310496912; Output Position: 2.0627354433543332
[2026-04-08 05:09:58,828] INFO: Time: 5.1234757969999976; Command Position: 2.0787996310496912; Output Position: 2.0627780539317744
[2026-04-08 05:09:58,830] INFO: Time: 5.12554046599999; Command Position: 2.0787996310496912; Output Position: 2.0627354433543332
[2026-04-08 05:09:58,832] INFO: Time: 5.127602227000011; Command Position: 2.0787996310496912; Output Position: 2.0627780539317744
[2026-04-08 05:09:58,834] INFO: Time: 5.129666136999987; Command Position: 2.0787996310496912; Output Position: 2.0627354433543332
[2026-04-08 05:09:58,836] INFO: Time: 5.131729158000013; Command Position: 2.0787996310496912; Output Position: 2.0627354433543332
[2026-04-08 05:09:58,838] INFO: Time: 5.1337900119999915; Command Position: 2.0787996310496912; Output Position: 2.062820664509216
[2026-04-08 05:09:58,840] INFO: Time: 5.135853107000003; Command Position: 2.0787996310496912; Output Position: 2.0627780539317744
[2026-04-08 05:09:58,842] INFO: Time: 5.137924645999988; Command Position: 2.0787996310496912; Output Position: 2.062692832776892
[2026-04-08 05:09:58,845] INFO: Time: 5.139987445000003; Command Position: 2.0787996310496912; Output Position: 2.0627354433543332
[2026-04-08 05:09:58,847] INFO: Time: 5.1420522989999995; Command Position: 2.0787996310496912; Output Position: 2.0627354433543332
[2026-04-08 05:09:58,849] INFO: Time: 5.144112024000009; Command Position: 2.0787996310496912; Output Position: 2.0627354433543332
[2026-04-08 05:09:58,851] INFO: Time: 5.146173285999993; Command Position: 2.0787996310496912; Output Position: 2.0627780539317744
[2026-04-08 05:09:58,853] INFO: Time: 5.1482365660000085; Command Position: 2.0787996310496912; Output Position: 2.0627354433543332
[2026-04-08 05:09:58,855] INFO: Time: 5.15029895699999; Command Position: 2.0787996310496912; Output Position: 2.0627354433543332
[2026-04-08 05:09:58,857] INFO: Time: 5.152359256000011; Command Position: 2.0787996310496912; Output Position: 2.0627780539317744
[2026-04-08 05:09:58,859] INFO: Time: 5.154464738999991; Command Position: 2.0787996310496912; Output Position: 2.0627780539317744
[2026-04-08 05:09:58,861] INFO: Time: 5.156528723000008; Command Position: 2.0787996310496912; Output Position: 2.0627780539317744
[2026-04-08 05:09:58,863] INFO: Time: 5.158589744000011; Command Position: 2.0787996310496912; Output Position: 2.0627354433543332
[2026-04-08 05:09:58,865] INFO: Time: 5.160652078999988; Command Position: 2.0787996310496912; Output Position: 2.0627354433543332
[2026-04-08 05:09:58,867] INFO: Time: 5.162714249000004; Command Position: 2.0787996310496912; Output Position: 2.062692832776892
[2026-04-08 05:09:58,869] INFO: Time: 5.164774862000002; Command Position: 2.0787996310496912; Output Position: 2.0627354433543332
[2026-04-08 05:09:58,871] INFO: Time: 5.166837587000003; Command Position: 2.0787996310496912; Output Position: 2.0627780539317744
[2026-04-08 05:09:58,873] INFO: Time: 5.168899904; Command Position: 2.0787996310496912; Output Position: 2.0627354433543332
[2026-04-08 05:09:58,876] INFO: Time: 5.170963035999989; Command Position: 2.0787996310496912; Output Position: 2.0627354433543332
[2026-04-08 05:09:58,878] INFO: Time: 5.173030334999993; Command Position: 2.0787996310496912; Output Position: 2.0627354433543332
[2026-04-08 05:09:58,880] INFO: Time: 5.175094373999997; Command Position: 2.0787996310496912; Output Position: 2.0627780539317744
[2026-04-08 05:09:58,882] INFO: Time: 5.177155636000009; Command Position: 2.0787996310496912; Output Position: 2.062692832776892
[2026-04-08 05:09:58,884] INFO: Time: 5.179219286000006; Command Position: 2.0787996310496912; Output Position: 2.0627354433543332
[2026-04-08 05:09:58,886] INFO: Time: 5.181286750999988; Command Position: 2.0787996310496912; Output Position: 2.0627354433543332
[2026-04-08 05:09:58,888] INFO: Time: 5.183349587000009; Command Position: 2.0787996310496912; Output Position: 2.0627354433543332
[2026-04-08 05:09:58,890] INFO: Time: 5.185415422999995; Command Position: 2.0787996310496912; Output Position: 2.0627780539317744
[2026-04-08 05:09:58,892] INFO: Time: 5.187480313999998; Command Position: 2.0787996310496912; Output Position: 2.0627354433543332
[2026-04-08 05:09:58,894] INFO: Time: 5.189539927999988; Command Position: 2.0787996310496912; Output Position: 2.062820664509216
[2026-04-08 05:09:58,896] INFO: Time: 5.1916076340000075; Command Position: 2.0787996310496912; Output Position: 2.0627354433543332
[2026-04-08 05:09:58,898] INFO: Time: 5.193670803000003; Command Position: 2.0787996310496912; Output Position: 2.0627354433543332
[2026-04-08 05:09:58,900] INFO: Time: 5.195732026999991; Command Position: 2.0787996310496912; Output Position: 2.0627354433543332
[2026-04-08 05:09:58,902] INFO: Time: 5.197795474000003; Command Position: 2.0787996310496912; Output Position: 2.062650222199451
[2026-04-08 05:09:58,904] INFO: Time: 5.199857976000004; Command Position: 2.0787996310496912; Output Position: 2.0627780539317744
[2026-04-08 05:09:58,906] INFO: Time: 5.201921663999997; Command Position: 2.0787996310496912; Output Position: 2.0627354433543332
[2026-04-08 05:09:58,909] INFO: Time: 5.203986925999999; Command Position: 2.0787996310496912; Output Position: 2.0627354433543332
[2026-04-08 05:09:58,911] INFO: Time: 5.206046780000008; Command Position: 2.0787996310496912; Output Position: 2.062692832776892
[2026-04-08 05:09:58,913] INFO: Time: 5.208119245000006; Command Position: 2.0787996310496912; Output Position: 2.0627354433543332
[2026-04-08 05:09:58,915] INFO: Time: 5.210188469999991; Command Position: 2.0787996310496912; Output Position: 2.0627354433543332
[2026-04-08 05:09:58,917] INFO: Time: 5.212336730000004; Command Position: 2.0787996310496912; Output Position: 2.062692832776892
[2026-04-08 05:09:58,919] INFO: Time: 5.214402158000013; Command Position: 2.0787996310496912; Output Position: 2.0627354433543332
[2026-04-08 05:09:58,921] INFO: Time: 5.21646701200001; Command Position: 2.0787996310496912; Output Position: 2.0627354433543332
[2026-04-08 05:09:58,923] INFO: Time: 5.218530718000011; Command Position: 2.0787996310496912; Output Position: 2.0627780539317744
[2026-04-08 05:09:58,925] INFO: Time: 5.2205926469999895; Command Position: 2.0787996310496912; Output Position: 2.0627354433543332
[2026-04-08 05:09:58,928] INFO: Time: 5.223591206999998; Command Position: 2.0787996310496912; Output Position: 2.0627354433543332
[2026-04-08 05:09:58,930] INFO: Time: 5.225656264999998; Command Position: 2.0787996310496912; Output Position: 2.0627354433543332
[2026-04-08 05:09:58,932] INFO: Time: 5.227718564000014; Command Position: 2.0787996310496912; Output Position: 2.0627780539317744
[2026-04-08 05:09:58,934] INFO: Time: 5.2297798630000045; Command Position: 2.0787996310496912; Output Position: 2.0627780539317744
[2026-04-08 05:09:58,936] INFO: Time: 5.2318440690000045; Command Position: 2.0787996310496912; Output Position: 2.0627354433543332
[2026-04-08 05:09:58,938] INFO: Time: 5.233903738000009; Command Position: 2.0787996310496912; Output Position: 2.062692832776892
[2026-04-08 05:09:58,941] INFO: Time: 5.235966907000005; Command Position: 2.0787996310496912; Output Position: 2.0627354433543332
[2026-04-08 05:09:58,943] INFO: Time: 5.238074186000006; Command Position: 2.0787996310496912; Output Position: 2.062692832776892
[2026-04-08 05:09:58,945] INFO: Time: 5.2401338740000085; Command Position: 2.0787996310496912; Output Position: 2.0627780539317744
[2026-04-08 05:09:58,947] INFO: Time: 5.242192987999999; Command Position: 2.0787996310496912; Output Position: 2.0627354433543332
[2026-04-08 05:09:58,949] INFO: Time: 5.24425574899999; Command Position: 2.0787996310496912; Output Position: 2.062692832776892
[2026-04-08 05:09:58,951] INFO: Time: 5.24631764099999; Command Position: 2.0787996310496912; Output Position: 2.0627354433543332
[2026-04-08 05:09:58,953] INFO: Time: 5.248378180000003; Command Position: 2.0787996310496912; Output Position: 2.0627354433543332
[2026-04-08 05:09:58,955] INFO: Time: 5.250445348999989; Command Position: 2.0787996310496912; Output Position: 2.0627354433543332
[2026-04-08 05:09:58,957] INFO: Time: 5.252508943999999; Command Position: 2.0787996310496912; Output Position: 2.0627354433543332
[2026-04-08 05:09:58,959] INFO: Time: 5.254580983000011; Command Position: 2.0787996310496912; Output Position: 2.062692832776892
[2026-04-08 05:09:58,961] INFO: Time: 5.256646171; Command Position: 2.0787996310496912; Output Position: 2.0627354433543332
[2026-04-08 05:09:58,963] INFO: Time: 5.258708654999992; Command Position: 2.0787996310496912; Output Position: 2.0627354433543332
[2026-04-08 05:09:58,965] INFO: Time: 5.260767898000012; Command Position: 2.0787996310496912; Output Position: 2.062692832776892
[2026-04-08 05:09:58,967] INFO: Time: 5.262834048000002; Command Position: 2.0787996310496912; Output Position: 2.062692832776892
[2026-04-08 05:09:58,969] INFO: Time: 5.264898847000012; Command Position: 2.0787996310496912; Output Position: 2.0627354433543332
[2026-04-08 05:09:58,972] INFO: Time: 5.266960516000012; Command Position: 2.0787996310496912; Output Position: 2.0627354433543332
[2026-04-08 05:09:58,974] INFO: Time: 5.269069295000008; Command Position: 2.0787996310496912; Output Position: 2.0627780539317744
[2026-04-08 05:09:58,976] INFO: Time: 5.271129389999999; Command Position: 2.0787996310496912; Output Position: 2.0627354433543332
[2026-04-08 05:09:58,978] INFO: Time: 5.27319043; Command Position: 2.0787996310496912; Output Position: 2.0627780539317744
[2026-04-08 05:09:58,980] INFO: Time: 5.27525426599999; Command Position: 2.0787996310496912; Output Position: 2.0627354433543332
[2026-04-08 05:09:58,982] INFO: Time: 5.277316898000009; Command Position: 2.0787996310496912; Output Position: 2.0627780539317744
[2026-04-08 05:09:58,984] INFO: Time: 5.279376047999989; Command Position: 2.0787996310496912; Output Position: 2.0627780539317744
[2026-04-08 05:09:58,986] INFO: Time: 5.281443236000001; Command Position: 2.0787996310496912; Output Position: 2.0627354433543332
[2026-04-08 05:09:58,988] INFO: Time: 5.283507404999995; Command Position: 2.0787996310496912; Output Position: 2.0627354433543332
[2026-04-08 05:09:58,990] INFO: Time: 5.285566536999994; Command Position: 2.0787996310496912; Output Position: 2.0627354433543332
[2026-04-08 05:09:58,992] INFO: Time: 5.287629484000007; Command Position: 2.0787996310496912; Output Position: 2.0627354433543332
[2026-04-08 05:09:58,994] INFO: Time: 5.289691245; Command Position: 2.0787996310496912; Output Position: 2.062692832776892
[2026-04-08 05:09:58,996] INFO: Time: 5.291750876999998; Command Position: 2.0787996310496912; Output Position: 2.0627354433543332
[2026-04-08 05:09:58,998] INFO: Time: 5.2938197500000115; Command Position: 2.0787996310496912; Output Position: 2.0627354433543332
[2026-04-08 05:09:59,000] INFO: Time: 5.295883104000012; Command Position: 2.0787996310496912; Output Position: 2.0627780539317744
[2026-04-08 05:09:59,003] INFO: Time: 5.29794734699999; Command Position: 2.0787996310496912; Output Position: 2.0627354433543332
[2026-04-08 05:09:59,005] INFO: Time: 5.300012479999992; Command Position: 2.0787996310496912; Output Position: 2.0627780539317744
[2026-04-08 05:09:59,007] INFO: Time: 5.302071297999987; Command Position: 2.0787996310496912; Output Position: 2.0627354433543332
[2026-04-08 05:09:59,009] INFO: Time: 5.304132116000005; Command Position: 2.0787996310496912; Output Position: 2.0627354433543332
[2026-04-08 05:09:59,011] INFO: Time: 5.3061761390000015; Command Position: 2.0787996310496912; Output Position: 2.0627780539317744
[2026-04-08 05:09:59,013] INFO: Time: 5.308240659999996; Command Position: 2.0787996310496912; Output Position: 2.0627354433543332
[2026-04-08 05:09:59,015] INFO: Time: 5.310301366999994; Command Position: 2.0787996310496912; Output Position: 2.0627354433543332
[2026-04-08 05:09:59,017] INFO: Time: 5.312364296999988; Command Position: 2.0787996310496912; Output Position: 2.0627780539317744
[2026-04-08 05:09:59,019] INFO: Time: 5.314427115000001; Command Position: 2.0787996310496912; Output Position: 2.062692832776892
[2026-04-08 05:09:59,021] INFO: Time: 5.316487896000012; Command Position: 2.0787996310496912; Output Position: 2.0627354433543332
[2026-04-08 05:09:59,023] INFO: Time: 5.318549270000005; Command Position: 2.0787996310496912; Output Position: 2.062820664509216
[2026-04-08 05:09:59,025] INFO: Time: 5.320614884000008; Command Position: 2.0787996310496912; Output Position: 2.0627354433543332
[2026-04-08 05:09:59,027] INFO: Time: 5.322675776000011; Command Position: 2.0787996310496912; Output Position: 2.0627354433543332
[2026-04-08 05:09:59,029] INFO: Time: 5.324739002000001; Command Position: 2.0787996310496912; Output Position: 2.0627354433543332
[2026-04-08 05:09:59,031] INFO: Time: 5.3268007460000035; Command Position: 2.0787996310496912; Output Position: 2.062692832776892
[2026-04-08 05:09:59,033] INFO: Time: 5.328861267999997; Command Position: 2.0787996310496912; Output Position: 2.0627354433543332
[2026-04-08 05:09:59,035] INFO: Time: 5.330925567000008; Command Position: 2.0787996310496912; Output Position: 2.0627354433543332
[2026-04-08 05:09:59,038] INFO: Time: 5.332992219000005; Command Position: 2.0787996310496912; Output Position: 2.0627354433543332
[2026-04-08 05:09:59,040] INFO: Time: 5.335055111000003; Command Position: 2.0787996310496912; Output Position: 2.0627354433543332
[2026-04-08 05:09:59,042] INFO: Time: 5.337121133000011; Command Position: 2.0787996310496912; Output Position: 2.0627354433543332
[2026-04-08 05:09:59,044] INFO: Time: 5.3391851169999995; Command Position: 2.0787996310496912; Output Position: 2.0627354433543332
[2026-04-08 05:09:59,046] INFO: Time: 5.341246954000013; Command Position: 2.0787996310496912; Output Position: 2.0627780539317744
[2026-04-08 05:09:59,048] INFO: Time: 5.3433101239999985; Command Position: 2.0787996310496912; Output Position: 2.062650222199451
[2026-04-08 05:09:59,050] INFO: Time: 5.34537210900001; Command Position: 2.0787996310496912; Output Position: 2.0627354433543332
[2026-04-08 05:09:59,052] INFO: Time: 5.347435611999998; Command Position: 2.0787996310496912; Output Position: 2.0627354433543332
[2026-04-08 05:09:59,054] INFO: Time: 5.349498837999988; Command Position: 2.0787996310496912; Output Position: 2.0627354433543332
[2026-04-08 05:09:59,056] INFO: Time: 5.351561489000005; Command Position: 2.0787996310496912; Output Position: 2.0627354433543332
[2026-04-08 05:09:59,058] INFO: Time: 5.353622658999996; Command Position: 2.0787996310496912; Output Position: 2.0627354433543332
[2026-04-08 05:09:59,060] INFO: Time: 5.355686162000012; Command Position: 2.0787996310496912; Output Position: 2.062692832776892
[2026-04-08 05:09:59,062] INFO: Time: 5.357747869999997; Command Position: 2.0787996310496912; Output Position: 2.0627354433543332
[2026-04-08 05:09:59,064] INFO: Time: 5.359808409999999; Command Position: 2.0787996310496912; Output Position: 2.062692832776892
[2026-04-08 05:09:59,066] INFO: Time: 5.361875024; Command Position: 2.0787996310496912; Output Position: 2.062692832776892
[2026-04-08 05:09:59,069] INFO: Time: 5.363938638999997; Command Position: 2.0787996310496912; Output Position: 2.0627780539317744
[2026-04-08 05:09:59,071] INFO: Time: 5.366000105000012; Command Position: 2.0787996310496912; Output Position: 2.0627354433543332
[2026-04-08 05:09:59,073] INFO: Time: 5.368063589999991; Command Position: 2.0787996310496912; Output Position: 2.0627354433543332
[2026-04-08 05:09:59,075] INFO: Time: 5.37012574100001; Command Position: 2.0787996310496912; Output Position: 2.0627354433543332
[2026-04-08 05:09:59,077] INFO: Time: 5.372186856000013; Command Position: 2.0787996310496912; Output Position: 2.0627354433543332
[2026-04-08 05:09:59,079] INFO: Time: 5.374361838999988; Command Position: 2.0787996310496912; Output Position: 2.0627354433543332
[2026-04-08 05:09:59,081] INFO: Time: 5.376426415999987; Command Position: 2.0787996310496912; Output Position: 2.0627780539317744
[2026-04-08 05:09:59,083] INFO: Time: 5.378487196999998; Command Position: 2.0787996310496912; Output Position: 2.0627354433543332
[2026-04-08 05:09:59,085] INFO: Time: 5.380550422999988; Command Position: 2.0787996310496912; Output Position: 2.0627354433543332
[2026-04-08 05:09:59,087] INFO: Time: 5.382613759000009; Command Position: 2.0787996310496912; Output Position: 2.0627780539317744
[2026-04-08 05:09:59,089] INFO: Time: 5.384674706999988; Command Position: 2.0787996310496912; Output Position: 2.0627354433543332
[2026-04-08 05:09:59,091] INFO: Time: 5.386738081000004; Command Position: 2.0787996310496912; Output Position: 2.062692832776892
[2026-04-08 05:09:59,093] INFO: Time: 5.388800879999991; Command Position: 2.0787996310496912; Output Position: 2.0627354433543332
[2026-04-08 05:09:59,095] INFO: Time: 5.39086434699999; Command Position: 2.0787996310496912; Output Position: 2.0627354433543332
[2026-04-08 05:09:59,098] INFO: Time: 5.392930091000011; Command Position: 2.0787996310496912; Output Position: 2.0627354433543332
[2026-04-08 05:09:59,100] INFO: Time: 5.394989909000003; Command Position: 2.0787996310496912; Output Position: 2.0627780539317744
[2026-04-08 05:09:59,102] INFO: Time: 5.397050559999997; Command Position: 2.0787996310496912; Output Position: 2.0627780539317744
[2026-04-08 05:09:59,104] INFO: Time: 5.399114434000012; Command Position: 2.0787996310496912; Output Position: 2.0627354433543332
[2026-04-08 05:09:59,106] INFO: Time: 5.401174419; Command Position: 2.0787996310496912; Output Position: 2.0627780539317744
[2026-04-08 05:09:59,108] INFO: Time: 5.403235477999999; Command Position: 2.0787996310496912; Output Position: 2.0627780539317744
[2026-04-08 05:09:59,110] INFO: Time: 5.405299240000005; Command Position: 2.0787996310496912; Output Position: 2.0627780539317744
[2026-04-08 05:09:59,112] INFO: Time: 5.407361669000011; Command Position: 2.0787996310496912; Output Position: 2.0627354433543332
[2026-04-08 05:09:59,114] INFO: Time: 5.409422543000005; Command Position: 2.0787996310496912; Output Position: 2.062692832776892
[2026-04-08 05:09:59,116] INFO: Time: 5.411486045999993; Command Position: 2.0787996310496912; Output Position: 2.0627354433543332
[2026-04-08 05:09:59,118] INFO: Time: 5.41354843900001; Command Position: 2.0787996310496912; Output Position: 2.0627780539317744
[2026-04-08 05:09:59,120] INFO: Time: 5.415608811999988; Command Position: 2.0787996310496912; Output Position: 2.0627354433543332
[2026-04-08 05:09:59,122] INFO: Time: 5.417672538000005; Command Position: 2.0787996310496912; Output Position: 2.0627354433543332
[2026-04-08 05:09:59,124] INFO: Time: 5.419735226; Command Position: 2.0787996310496912; Output Position: 2.062692832776892
[2026-04-08 05:09:59,126] INFO: Time: 5.421799582000006; Command Position: 2.0787996310496912; Output Position: 2.0627354433543332
[2026-04-08 05:09:59,128] INFO: Time: 5.423864159000004; Command Position: 2.0787996310496912; Output Position: 2.0627780539317744
[2026-04-08 05:09:59,130] INFO: Time: 5.4259277360000056; Command Position: 2.0787996310496912; Output Position: 2.062692832776892
[2026-04-08 05:09:59,133] INFO: Time: 5.427989424999993; Command Position: 2.0787996310496912; Output Position: 2.0627780539317744
[2026-04-08 05:09:59,135] INFO: Time: 5.430053909999998; Command Position: 2.0787996310496912; Output Position: 2.0627354433543332
[2026-04-08 05:09:59,137] INFO: Time: 5.432113543000014; Command Position: 2.0787996310496912; Output Position: 2.062692832776892
[2026-04-08 05:09:59,139] INFO: Time: 5.4341744349999885; Command Position: 2.0787996310496912; Output Position: 2.0627354433543332
[2026-04-08 05:09:59,141] INFO: Time: 5.436237623000011; Command Position: 2.0787996310496912; Output Position: 2.0627780539317744
[2026-04-08 05:09:59,143] INFO: Time: 5.438299922999988; Command Position: 2.0787996310496912; Output Position: 2.0627780539317744
[2026-04-08 05:09:59,145] INFO: Time: 5.440364907999992; Command Position: 2.0787996310496912; Output Position: 2.0627354433543332
[2026-04-08 05:09:59,147] INFO: Time: 5.442428207000006; Command Position: 2.0787996310496912; Output Position: 2.0627780539317744
[2026-04-08 05:09:59,149] INFO: Time: 5.444490339999987; Command Position: 2.0787996310496912; Output Position: 2.0627354433543332
[2026-04-08 05:09:59,151] INFO: Time: 5.446551083999992; Command Position: 2.0787996310496912; Output Position: 2.0627780539317744
[2026-04-08 05:09:59,153] INFO: Time: 5.448614383999995; Command Position: 2.0787996310496912; Output Position: 2.0627354433543332
[2026-04-08 05:09:59,155] INFO: Time: 5.450681831999987; Command Position: 2.0787996310496912; Output Position: 2.0627354433543332
[2026-04-08 05:09:59,157] INFO: Time: 5.452749538999996; Command Position: 2.0787996310496912; Output Position: 2.0627780539317744
[2026-04-08 05:09:59,159] INFO: Time: 5.454815763999989; Command Position: 2.0787996310496912; Output Position: 2.0627354433543332
[2026-04-08 05:09:59,161] INFO: Time: 5.4568809890000125; Command Position: 2.0787996310496912; Output Position: 2.0627354433543332
[2026-04-08 05:09:59,164] INFO: Time: 5.458943419000008; Command Position: 2.0787996310496912; Output Position: 2.0627354433543332
[2026-04-08 05:09:59,166] INFO: Time: 5.46100868100001; Command Position: 2.0787996310496912; Output Position: 2.0627354433543332
[2026-04-08 05:09:59,168] INFO: Time: 5.46306803600001; Command Position: 2.0787996310496912; Output Position: 2.0627354433543332
[2026-04-08 05:09:59,170] INFO: Time: 5.465129224999998; Command Position: 2.0787996310496912; Output Position: 2.0627780539317744
[2026-04-08 05:09:59,172] INFO: Time: 5.46719243199999; Command Position: 2.0787996310496912; Output Position: 2.0627354433543332
[2026-04-08 05:09:59,174] INFO: Time: 5.469254508999995; Command Position: 2.0787996310496912; Output Position: 2.0627354433543332
[2026-04-08 05:09:59,176] INFO: Time: 5.471315142000009; Command Position: 2.0787996310496912; Output Position: 2.062692832776892
[2026-04-08 05:09:59,178] INFO: Time: 5.4733781269999895; Command Position: 2.0787996310496912; Output Position: 2.0627354433543332
[2026-04-08 05:09:59,180] INFO: Time: 5.475445279000013; Command Position: 2.0787996310496912; Output Position: 2.062692832776892
[2026-04-08 05:09:59,182] INFO: Time: 5.477511373999988; Command Position: 2.0787996310496912; Output Position: 2.0627354433543332
[2026-04-08 05:09:59,184] INFO: Time: 5.479575970000013; Command Position: 2.0787996310496912; Output Position: 2.0627780539317744
[2026-04-08 05:09:59,186] INFO: Time: 5.481638473999993; Command Position: 2.0787996310496912; Output Position: 2.0627354433543332
[2026-04-08 05:09:59,188] INFO: Time: 5.483710994999996; Command Position: 2.0787996310496912; Output Position: 2.0627780539317744
[2026-04-08 05:09:59,190] INFO: Time: 5.485800554000008; Command Position: 2.0787996310496912; Output Position: 2.0627780539317744
[2026-04-08 05:09:59,192] INFO: Time: 5.487859946000015; Command Position: 2.0787996310496912; Output Position: 2.0627780539317744
[2026-04-08 05:09:59,195] INFO: Time: 5.489927338000001; Command Position: 2.0787996310496912; Output Position: 2.0627354433543332
[2026-04-08 05:09:59,197] INFO: Time: 5.49199117500001; Command Position: 2.0787996310496912; Output Position: 2.0627780539317744
[2026-04-08 05:09:59,199] INFO: Time: 5.494050084999998; Command Position: 2.0787996310496912; Output Position: 2.0627354433543332
[2026-04-08 05:09:59,201] INFO: Time: 5.496111385000006; Command Position: 2.0787996310496912; Output Position: 2.0627780539317744
[2026-04-08 05:09:59,203] INFO: Time: 5.498240127999992; Command Position: 2.0787996310496912; Output Position: 2.0627354433543332
[2026-04-08 05:09:59,205] INFO: Time: 5.500303519999989; Command Position: 2.0787996310496912; Output Position: 2.0627354433543332
[2026-04-08 05:09:59,207] INFO: Time: 5.502364800999999; Command Position: 2.0787996310496912; Output Position: 2.0627780539317744
[2026-04-08 05:09:59,209] INFO: Time: 5.504428434000005; Command Position: 2.0787996310496912; Output Position: 2.0627780539317744
[2026-04-08 05:09:59,211] INFO: Time: 5.506491086000011; Command Position: 2.0787996310496912; Output Position: 2.0627354433543332
[2026-04-08 05:09:59,213] INFO: Time: 5.508554145000005; Command Position: 2.0787996310496912; Output Position: 2.0627354433543332
[2026-04-08 05:09:59,215] INFO: Time: 5.510616851999998; Command Position: 2.0787996310496912; Output Position: 2.0627780539317744
[2026-04-08 05:09:59,217] INFO: Time: 5.512679818000009; Command Position: 2.0787996310496912; Output Position: 2.0627354433543332
[2026-04-08 05:09:59,219] INFO: Time: 5.51474085800001; Command Position: 2.0787996310496912; Output Position: 2.0627354433543332
[2026-04-08 05:09:59,221] INFO: Time: 5.516804138999987; Command Position: 2.0787996310496912; Output Position: 2.062692832776892
[2026-04-08 05:09:59,223] INFO: Time: 5.518869419999987; Command Position: 2.0787996310496912; Output Position: 2.0627780539317744
[2026-04-08 05:09:59,225] INFO: Time: 5.520932423999994; Command Position: 2.0787996310496912; Output Position: 2.0627780539317744
[2026-04-08 05:09:59,228] INFO: Time: 5.522997131000011; Command Position: 2.0787996310496912; Output Position: 2.0627780539317744
[2026-04-08 05:09:59,230] INFO: Time: 5.525056282000008; Command Position: 2.0787996310496912; Output Position: 2.0627354433543332
[2026-04-08 05:09:59,232] INFO: Time: 5.5271169339999915; Command Position: 2.0787996310496912; Output Position: 2.0627354433543332
[2026-04-08 05:09:59,234] INFO: Time: 5.529180270000012; Command Position: 2.0787996310496912; Output Position: 2.0627354433543332
[2026-04-08 05:09:59,236] INFO: Time: 5.53124631099999; Command Position: 2.0787996310496912; Output Position: 2.0627780539317744
[2026-04-08 05:09:59,238] INFO: Time: 5.5333077580000065; Command Position: 2.0787996310496912; Output Position: 2.0627354433543332
[2026-04-08 05:09:59,240] INFO: Time: 5.535371762000011; Command Position: 2.0787996310496912; Output Position: 2.0627780539317744
[2026-04-08 05:09:59,242] INFO: Time: 5.5374408389999985; Command Position: 2.0787996310496912; Output Position: 2.0627780539317744
[2026-04-08 05:09:59,244] INFO: Time: 5.539505138999999; Command Position: 2.0787996310496912; Output Position: 2.062692832776892
[2026-04-08 05:09:59,246] INFO: Time: 5.541572790000004; Command Position: 2.0787996310496912; Output Position: 2.0627780539317744
[2026-04-08 05:09:59,248] INFO: Time: 5.54363631199999; Command Position: 2.0787996310496912; Output Position: 2.0627354433543332
[2026-04-08 05:09:59,250] INFO: Time: 5.545698684999991; Command Position: 2.0787996310496912; Output Position: 2.0627780539317744
[2026-04-08 05:09:59,252] INFO: Time: 5.547761984999994; Command Position: 2.0787996310496912; Output Position: 2.0627780539317744
[2026-04-08 05:09:59,254] INFO: Time: 5.549824285; Command Position: 2.0787996310496912; Output Position: 2.062692832776892
[2026-04-08 05:09:59,256] INFO: Time: 5.551887787999988; Command Position: 2.0787996310496912; Output Position: 2.0627780539317744
[2026-04-08 05:09:59,259] INFO: Time: 5.55395218000001; Command Position: 2.0787996310496912; Output Position: 2.0627354433543332
[2026-04-08 05:09:59,261] INFO: Time: 5.556012775999989; Command Position: 2.0787996310496912; Output Position: 2.0627354433543332
[2026-04-08 05:09:59,263] INFO: Time: 5.5580733909999935; Command Position: 2.0787996310496912; Output Position: 2.0627354433543332
[2026-04-08 05:09:59,265] INFO: Time: 5.560141783000006; Command Position: 2.0787996310496912; Output Position: 2.0627354433543332
[2026-04-08 05:09:59,267] INFO: Time: 5.562215877999989; Command Position: 2.0787996310496912; Output Position: 2.0627354433543332
[2026-04-08 05:09:59,269] INFO: Time: 5.564284289; Command Position: 2.0787996310496912; Output Position: 2.062692832776892
[2026-04-08 05:09:59,271] INFO: Time: 5.566348551999994; Command Position: 2.0787996310496912; Output Position: 2.0627354433543332
[2026-04-08 05:09:59,273] INFO: Time: 5.568413999000001; Command Position: 2.0787996310496912; Output Position: 2.0627354433543332
[2026-04-08 05:09:59,275] INFO: Time: 5.570476057999997; Command Position: 2.0787996310496912; Output Position: 2.062692832776892
[2026-04-08 05:09:59,277] INFO: Time: 5.572540043000004; Command Position: 2.0787996310496912; Output Position: 2.0627354433543332
[2026-04-08 05:09:59,279] INFO: Time: 5.574602156999987; Command Position: 2.0787996310496912; Output Position: 2.0627354433543332
[2026-04-08 05:09:59,281] INFO: Time: 5.57666171599999; Command Position: 2.0787996310496912; Output Position: 2.0627354433543332
[2026-04-08 05:09:59,283] INFO: Time: 5.5787221829999964; Command Position: 2.0787996310496912; Output Position: 2.0627354433543332
[2026-04-08 05:09:59,285] INFO: Time: 5.5807864079999945; Command Position: 2.0787996310496912; Output Position: 2.062820664509216
[2026-04-08 05:09:59,287] INFO: Time: 5.582908798999995; Command Position: 2.0787996310496912; Output Position: 2.0627780539317744
[2026-04-08 05:09:59,290] INFO: Time: 5.5849716730000125; Command Position: 2.0787996310496912; Output Position: 2.0627354433543332
[2026-04-08 05:09:59,292] INFO: Time: 5.587035250000014; Command Position: 2.0787996310496912; Output Position: 2.0627354433543332
[2026-04-08 05:09:59,294] INFO: Time: 5.589094568999997; Command Position: 2.0787996310496912; Output Position: 2.0627354433543332
[2026-04-08 05:09:59,296] INFO: Time: 5.5911549790000095; Command Position: 2.0787996310496912; Output Position: 2.0627354433543332
[2026-04-08 05:09:59,298] INFO: Time: 5.593217575000011; Command Position: 2.0787996310496912; Output Position: 2.0627354433543332
[2026-04-08 05:09:59,300] INFO: Time: 5.595282781999998; Command Position: 2.0787996310496912; Output Position: 2.0627354433543332
[2026-04-08 05:09:59,302] INFO: Time: 5.597346192999993; Command Position: 2.0787996310496912; Output Position: 2.0627354433543332
[2026-04-08 05:09:59,304] INFO: Time: 5.599410067000008; Command Position: 2.0787996310496912; Output Position: 2.0627354433543332
[2026-04-08 05:09:59,306] INFO: Time: 5.601473311000007; Command Position: 2.0787996310496912; Output Position: 2.0627354433543332
[2026-04-08 05:09:59,308] INFO: Time: 5.603534407000012; Command Position: 2.0787996310496912; Output Position: 2.0627354433543332
[2026-04-08 05:09:59,310] INFO: Time: 5.605597520999993; Command Position: 2.0787996310496912; Output Position: 2.0627354433543332
[2026-04-08 05:09:59,312] INFO: Time: 5.607663765000012; Command Position: 2.0787996310496912; Output Position: 2.0627354433543332
[2026-04-08 05:09:59,314] INFO: Time: 5.6097264530000075; Command Position: 2.0787996310496912; Output Position: 2.0627354433543332
[2026-04-08 05:09:59,316] INFO: Time: 5.611789883; Command Position: 2.0787996310496912; Output Position: 2.0627780539317744
[2026-04-08 05:09:59,318] INFO: Time: 5.613852718999993; Command Position: 2.0787996310496912; Output Position: 2.062692832776892
[2026-04-08 05:09:59,320] INFO: Time: 5.61591138899999; Command Position: 2.0787996310496912; Output Position: 2.0627354433543332
[2026-04-08 05:09:59,323] INFO: Time: 5.617974559000004; Command Position: 2.0787996310496912; Output Position: 2.0627354433543332
[2026-04-08 05:09:59,325] INFO: Time: 5.62004072900001; Command Position: 2.0787996310496912; Output Position: 2.0627780539317744
[2026-04-08 05:09:59,327] INFO: Time: 5.6221026400000085; Command Position: 2.0787996310496912; Output Position: 2.0627354433543332
[2026-04-08 05:09:59,329] INFO: Time: 5.624166309999993; Command Position: 2.0787996310496912; Output Position: 2.0627354433543332
[2026-04-08 05:09:59,331] INFO: Time: 5.626229405999993; Command Position: 2.0787996310496912; Output Position: 2.0627780539317744
[2026-04-08 05:09:59,333] INFO: Time: 5.628290206000003; Command Position: 2.0787996310496912; Output Position: 2.0627354433543332
[2026-04-08 05:09:59,335] INFO: Time: 5.630353689999993; Command Position: 2.0787996310496912; Output Position: 2.0627354433543332
[2026-04-08 05:09:59,337] INFO: Time: 5.632497137000001; Command Position: 2.0787996310496912; Output Position: 2.0627780539317744
[2026-04-08 05:09:59,339] INFO: Time: 5.634559177; Command Position: 2.0787996310496912; Output Position: 2.0627354433543332
[2026-04-08 05:09:59,341] INFO: Time: 5.6366224399999965; Command Position: 2.0787996310496912; Output Position: 2.0627354433543332
[2026-04-08 05:09:59,343] INFO: Time: 5.638684739000013; Command Position: 2.0787996310496912; Output Position: 2.062692832776892
[2026-04-08 05:09:59,345] INFO: Time: 5.640745317000011; Command Position: 2.0787996310496912; Output Position: 2.0627354433543332
[2026-04-08 05:09:59,347] INFO: Time: 5.6428121159999876; Command Position: 2.0787996310496912; Output Position: 2.062692832776892
[2026-04-08 05:09:59,349] INFO: Time: 5.644921062999998; Command Position: 2.0787996310496912; Output Position: 2.0627354433543332
[2026-04-08 05:09:59,352] INFO: Time: 5.646983121999995; Command Position: 2.0787996310496912; Output Position: 2.0627354433543332
[2026-04-08 05:09:59,354] INFO: Time: 5.64904712500001; Command Position: 2.0787996310496912; Output Position: 2.0627780539317744
[2026-04-08 05:09:59,356] INFO: Time: 5.651108295; Command Position: 2.0787996310496912; Output Position: 2.0627780539317744
[2026-04-08 05:09:59,358] INFO: Time: 5.653198558000014; Command Position: 2.0787996310496912; Output Position: 2.0627354433543332
[2026-04-08 05:09:59,360] INFO: Time: 5.655262171999993; Command Position: 2.0787996310496912; Output Position: 2.0627354433543332
[2026-04-08 05:09:59,362] INFO: Time: 5.6573280270000055; Command Position: 2.0787996310496912; Output Position: 2.0627354433543332
[2026-04-08 05:09:59,364] INFO: Time: 5.659390567000003; Command Position: 2.0787996310496912; Output Position: 2.0627354433543332
[2026-04-08 05:09:59,366] INFO: Time: 5.661453496999997; Command Position: 2.0787996310496912; Output Position: 2.0627780539317744
[2026-04-08 05:09:59,368] INFO: Time: 5.6635151300000075; Command Position: 2.0787996310496912; Output Position: 2.0627780539317744
[2026-04-08 05:09:59,370] INFO: Time: 5.665577818000003; Command Position: 2.0787996310496912; Output Position: 2.0627354433543332
[2026-04-08 05:09:59,372] INFO: Time: 5.667641024999995; Command Position: 2.0787996310496912; Output Position: 2.062692832776892
[2026-04-08 05:09:59,374] INFO: Time: 5.669703177000002; Command Position: 2.0787996310496912; Output Position: 2.0627354433543332
[2026-04-08 05:09:59,376] INFO: Time: 5.671763994999992; Command Position: 2.0787996310496912; Output Position: 2.0627354433543332
[2026-04-08 05:09:59,378] INFO: Time: 5.6738274980000085; Command Position: 2.0787996310496912; Output Position: 2.0627354433543332
[2026-04-08 05:09:59,380] INFO: Time: 5.6758898349999924; Command Position: 2.0787996310496912; Output Position: 2.0627354433543332
[2026-04-08 05:09:59,382] INFO: Time: 5.677948227000002; Command Position: 2.0787996310496912; Output Position: 2.0627354433543332
[2026-04-08 05:09:59,385] INFO: Time: 5.680016045000002; Command Position: 2.0787996310496912; Output Position: 2.0627354433543332
[2026-04-08 05:09:59,387] INFO: Time: 5.682074881999995; Command Position: 2.0787996310496912; Output Position: 2.0627354433543332
[2026-04-08 05:09:59,389] INFO: Time: 5.684135848000011; Command Position: 2.0787996310496912; Output Position: 2.0627354433543332
[2026-04-08 05:09:59,391] INFO: Time: 5.686171704000003; Command Position: 2.0787996310496912; Output Position: 2.0627354433543332
[2026-04-08 05:09:59,393] INFO: Time: 5.688233373999992; Command Position: 2.0787996310496912; Output Position: 2.0627780539317744
[2026-04-08 05:09:59,395] INFO: Time: 5.690293284000006; Command Position: 2.0787996310496912; Output Position: 2.0627354433543332
[2026-04-08 05:09:59,397] INFO: Time: 5.692356509999996; Command Position: 2.0787996310496912; Output Position: 2.0627780539317744
[2026-04-08 05:09:59,399] INFO: Time: 5.694420180000009; Command Position: 2.0787996310496912; Output Position: 2.0627354433543332
[2026-04-08 05:09:59,401] INFO: Time: 5.696481405000014; Command Position: 2.0787996310496912; Output Position: 2.0627354433543332
[2026-04-08 05:09:59,403] INFO: Time: 5.6985439830000075; Command Position: 2.0787996310496912; Output Position: 2.0627780539317744
[2026-04-08 05:09:59,405] INFO: Time: 5.700607023000003; Command Position: 2.0787996310496912; Output Position: 2.0627354433543332
[2026-04-08 05:09:59,407] INFO: Time: 5.702667582000004; Command Position: 2.0787996310496912; Output Position: 2.0627354433543332
[2026-04-08 05:09:59,409] INFO: Time: 5.7047301590000075; Command Position: 2.0787996310496912; Output Position: 2.0627780539317744
[2026-04-08 05:09:59,411] INFO: Time: 5.706792014999991; Command Position: 2.0787996310496912; Output Position: 2.0627354433543332
[2026-04-08 05:09:59,413] INFO: Time: 5.708852702999991; Command Position: 2.0787996310496912; Output Position: 2.0627354433543332
[2026-04-08 05:09:59,416] INFO: Time: 5.710921114000001; Command Position: 2.0787996310496912; Output Position: 2.0627780539317744
[2026-04-08 05:09:59,418] INFO: Time: 5.712986117000014; Command Position: 2.0787996310496912; Output Position: 2.0627354433543332
[2026-04-08 05:09:59,420] INFO: Time: 5.715047212999991; Command Position: 2.0787996310496912; Output Position: 2.0627354433543332
[2026-04-08 05:09:59,422] INFO: Time: 5.717110753000014; Command Position: 2.0787996310496912; Output Position: 2.0627354433543332
[2026-04-08 05:09:59,424] INFO: Time: 5.719173385999994; Command Position: 2.0787996310496912; Output Position: 2.062692832776892
[2026-04-08 05:09:59,426] INFO: Time: 5.721235056000012; Command Position: 2.0787996310496912; Output Position: 2.0627780539317744
[2026-04-08 05:09:59,428] INFO: Time: 5.723297763000005; Command Position: 2.0787996310496912; Output Position: 2.0627780539317744
[2026-04-08 05:09:59,430] INFO: Time: 5.725360267000013; Command Position: 2.0787996310496912; Output Position: 2.0627780539317744
[2026-04-08 05:09:59,432] INFO: Time: 5.7274216220000085; Command Position: 2.0787996310496912; Output Position: 2.0627780539317744
[2026-04-08 05:09:59,434] INFO: Time: 5.72948386600001; Command Position: 2.0787996310496912; Output Position: 2.0627354433543332
[2026-04-08 05:09:59,436] INFO: Time: 5.73154575800001; Command Position: 2.0787996310496912; Output Position: 2.0627780539317744
[2026-04-08 05:09:59,438] INFO: Time: 5.73361044699999; Command Position: 2.0787996310496912; Output Position: 2.0627354433543332
[2026-04-08 05:09:59,440] INFO: Time: 5.735673542000001; Command Position: 2.0787996310496912; Output Position: 2.0627780539317744
[2026-04-08 05:09:59,442] INFO: Time: 5.737736471999995; Command Position: 2.0787996310496912; Output Position: 2.062692832776892
[2026-04-08 05:09:59,444] INFO: Time: 5.739796901000005; Command Position: 2.0787996310496912; Output Position: 2.0627354433543332
[2026-04-08 05:09:59,446] INFO: Time: 5.741859849000008; Command Position: 2.0787996310496912; Output Position: 2.0627354433543332
[2026-04-08 05:09:59,448] INFO: Time: 5.743926500000015; Command Position: 2.0787996310496912; Output Position: 2.0627354433543332
[2026-04-08 05:09:59,451] INFO: Time: 5.745990317999997; Command Position: 2.0787996310496912; Output Position: 2.062692832776892
[2026-04-08 05:09:59,453] INFO: Time: 5.748055155000003; Command Position: 2.0787996310496912; Output Position: 2.062692832776892
[2026-04-08 05:09:59,455] INFO: Time: 5.750114695000008; Command Position: 2.0787996310496912; Output Position: 2.0627354433543332
[2026-04-08 05:09:59,457] INFO: Time: 5.752175569000002; Command Position: 2.0787996310496912; Output Position: 2.062692832776892
[2026-04-08 05:09:59,459] INFO: Time: 5.754253478999999; Command Position: 2.0787996310496912; Output Position: 2.062692832776892
[2026-04-08 05:09:59,461] INFO: Time: 5.756317889999991; Command Position: 2.0787996310496912; Output Position: 2.0627354433543332
[2026-04-08 05:09:59,463] INFO: Time: 5.758379042000001; Command Position: 2.0787996310496912; Output Position: 2.0627354433543332
[2026-04-08 05:09:59,465] INFO: Time: 5.760576487000009; Command Position: 2.0787996310496912; Output Position: 2.062692832776892
[2026-04-08 05:09:59,467] INFO: Time: 5.762640231000006; Command Position: 2.0787996310496912; Output Position: 2.0627354433543332
[2026-04-08 05:09:59,469] INFO: Time: 5.764701419999994; Command Position: 2.0787996310496912; Output Position: 2.0627780539317744
[2026-04-08 05:09:59,471] INFO: Time: 5.766764682000002; Command Position: 2.0787996310496912; Output Position: 2.0627354433543332
[2026-04-08 05:09:59,473] INFO: Time: 5.768828815000006; Command Position: 2.0787996310496912; Output Position: 2.0627780539317744
[2026-04-08 05:09:59,475] INFO: Time: 5.770891169999999; Command Position: 2.0787996310496912; Output Position: 2.062692832776892
[2026-04-08 05:09:59,478] INFO: Time: 5.772962210999992; Command Position: 2.0787996310496912; Output Position: 2.0627354433543332
[2026-04-08 05:09:59,480] INFO: Time: 5.7750254919999975; Command Position: 2.0787996310496912; Output Position: 2.0627780539317744
[2026-04-08 05:09:59,482] INFO: Time: 5.777088198999991; Command Position: 2.0787996310496912; Output Position: 2.0627354433543332
[2026-04-08 05:09:59,484] INFO: Time: 5.779152312999997; Command Position: 2.0787996310496912; Output Position: 2.0627780539317744
[2026-04-08 05:09:59,486] INFO: Time: 5.781215113000002; Command Position: 2.0787996310496912; Output Position: 2.0627780539317744
[2026-04-08 05:09:59,488] INFO: Time: 5.783278357; Command Position: 2.0787996310496912; Output Position: 2.0627354433543332
[2026-04-08 05:09:59,490] INFO: Time: 5.7853430639999885; Command Position: 2.0787996310496912; Output Position: 2.0627354433543332
[2026-04-08 05:09:59,492] INFO: Time: 5.787405882000002; Command Position: 2.0787996310496912; Output Position: 2.0627354433543332
[2026-04-08 05:09:59,494] INFO: Time: 5.789467070000001; Command Position: 2.0787996310496912; Output Position: 2.062692832776892
[2026-04-08 05:09:59,496] INFO: Time: 5.7915301479999926; Command Position: 2.0787996310496912; Output Position: 2.0627354433543332
[2026-04-08 05:09:59,498] INFO: Time: 5.793592095999998; Command Position: 2.0787996310496912; Output Position: 2.0627354433543332
[2026-04-08 05:09:59,500] INFO: Time: 5.795652950999994; Command Position: 2.0787996310496912; Output Position: 2.062692832776892
[2026-04-08 05:09:59,502] INFO: Time: 5.797715769000007; Command Position: 2.0787996310496912; Output Position: 2.062692832776892
[2026-04-08 05:09:59,504] INFO: Time: 5.799890825999995; Command Position: 2.0787996310496912; Output Position: 2.0627354433543332
[2026-04-08 05:09:59,507] INFO: Time: 5.801954217999992; Command Position: 2.0787996310496912; Output Position: 2.0627354433543332
[2026-04-08 05:09:59,509] INFO: Time: 5.804018481000014; Command Position: 2.0787996310496912; Output Position: 2.062692832776892
[2026-04-08 05:09:59,511] INFO: Time: 5.806077299000009; Command Position: 2.0787996310496912; Output Position: 2.0627354433543332
[2026-04-08 05:09:59,513] INFO: Time: 5.8081378020000045; Command Position: 2.0787996310496912; Output Position: 2.0627354433543332
[2026-04-08 05:09:59,515] INFO: Time: 5.810171306000001; Command Position: 2.0787996310496912; Output Position: 2.0627354433543332
[2026-04-08 05:09:59,517] INFO: Time: 5.812238234999995; Command Position: 2.0787996310496912; Output Position: 2.0627354433543332
[2026-04-08 05:09:59,519] INFO: Time: 5.814301793999988; Command Position: 2.0787996310496912; Output Position: 2.0627780539317744
[2026-04-08 05:09:59,521] INFO: Time: 5.816365501000007; Command Position: 2.0787996310496912; Output Position: 2.0627780539317744
[2026-04-08 05:09:59,523] INFO: Time: 5.818428114999989; Command Position: 2.0787996310496912; Output Position: 2.062692832776892
[2026-04-08 05:09:59,525] INFO: Time: 5.820491859000015; Command Position: 2.0787996310496912; Output Position: 2.0627354433543332
[2026-04-08 05:09:59,527] INFO: Time: 5.822555066000007; Command Position: 2.0787996310496912; Output Position: 2.0627354433543332
[2026-04-08 05:09:59,529] INFO: Time: 5.824617235999995; Command Position: 2.0787996310496912; Output Position: 2.0627780539317744
[2026-04-08 05:09:59,531] INFO: Time: 5.826678536000003; Command Position: 2.0787996310496912; Output Position: 2.0627354433543332
[2026-04-08 05:09:59,533] INFO: Time: 5.828741299000001; Command Position: 2.0787996310496912; Output Position: 2.0627354433543332
[2026-04-08 05:09:59,535] INFO: Time: 5.830809523999989; Command Position: 2.0787996310496912; Output Position: 2.062692832776892
[2026-04-08 05:09:59,537] INFO: Time: 5.832873398000004; Command Position: 2.0787996310496912; Output Position: 2.0627780539317744
[2026-04-08 05:09:59,540] INFO: Time: 5.834908772000006; Command Position: 2.0787996310496912; Output Position: 2.062692832776892
[2026-04-08 05:09:59,542] INFO: Time: 5.8369686270000045; Command Position: 2.0787996310496912; Output Position: 2.0627780539317744
[2026-04-08 05:09:59,544] INFO: Time: 5.839030315999992; Command Position: 2.0787996310496912; Output Position: 2.0627354433543332
[2026-04-08 05:09:59,546] INFO: Time: 5.841093225999998; Command Position: 2.0787996310496912; Output Position: 2.0627780539317744
[2026-04-08 05:09:59,548] INFO: Time: 5.843158729999999; Command Position: 2.0787996310496912; Output Position: 2.0627780539317744
[2026-04-08 05:09:59,550] INFO: Time: 5.845220511000008; Command Position: 2.0787996310496912; Output Position: 2.0627354433543332
[2026-04-08 05:09:59,552] INFO: Time: 5.847283994999998; Command Position: 2.0787996310496912; Output Position: 2.0627780539317744
[2026-04-08 05:09:59,554] INFO: Time: 5.849346757999996; Command Position: 2.0787996310496912; Output Position: 2.0627354433543332
[2026-04-08 05:09:59,556] INFO: Time: 5.851423834999991; Command Position: 2.0787996310496912; Output Position: 2.0627780539317744
[2026-04-08 05:09:59,558] INFO: Time: 5.85348926399999; Command Position: 2.0787996310496912; Output Position: 2.0627780539317744
[2026-04-08 05:09:59,560] INFO: Time: 5.855553323000009; Command Position: 2.0787996310496912; Output Position: 2.0627354433543332
[2026-04-08 05:09:59,562] INFO: Time: 5.857615455999991; Command Position: 2.0787996310496912; Output Position: 2.0627780539317744
[2026-04-08 05:09:59,564] INFO: Time: 5.8596789220000005; Command Position: 2.0787996310496912; Output Position: 2.0627354433543332
[2026-04-08 05:09:59,566] INFO: Time: 5.861747315000002; Command Position: 2.0787996310496912; Output Position: 2.0627354433543332
[2026-04-08 05:09:59,568] INFO: Time: 5.863810225000009; Command Position: 2.0787996310496912; Output Position: 2.062692832776892
[2026-04-08 05:09:59,570] INFO: Time: 5.865876450999991; Command Position: 2.0787996310496912; Output Position: 2.0627354433543332
[2026-04-08 05:09:59,573] INFO: Time: 5.867940935000007; Command Position: 2.0787996310496912; Output Position: 2.0627354433543332
[2026-04-08 05:09:59,575] INFO: Time: 5.870002586999988; Command Position: 2.0787996310496912; Output Position: 2.0627354433543332
[2026-04-08 05:09:59,578] INFO: Time: 5.873096443999998; Command Position: 2.0787996310496912; Output Position: 2.0627354433543332
[2026-04-08 05:09:59,580] INFO: Time: 5.87517004; Command Position: 2.0787996310496912; Output Position: 2.0627354433543332
[2026-04-08 05:09:59,582] INFO: Time: 5.877231284000004; Command Position: 2.0787996310496912; Output Position: 2.0627354433543332
[2026-04-08 05:09:59,584] INFO: Time: 5.879296619999991; Command Position: 2.0787996310496912; Output Position: 2.0627354433543332
[2026-04-08 05:09:59,586] INFO: Time: 5.881359327000013; Command Position: 2.0787996310496912; Output Position: 2.062692832776892
[2026-04-08 05:09:59,588] INFO: Time: 5.883428108000004; Command Position: 2.0787996310496912; Output Position: 2.0627780539317744
[2026-04-08 05:09:59,590] INFO: Time: 5.885677367999989; Command Position: 2.0787996310496912; Output Position: 2.0627780539317744
[2026-04-08 05:09:59,592] INFO: Time: 5.887742556000006; Command Position: 2.0787996310496912; Output Position: 2.062692832776892
[2026-04-08 05:09:59,594] INFO: Time: 5.889805058999997; Command Position: 2.0787996310496912; Output Position: 2.0627354433543332
[2026-04-08 05:09:59,597] INFO: Time: 5.891869117999988; Command Position: 2.0787996310496912; Output Position: 2.0627354433543332
[2026-04-08 05:09:59,599] INFO: Time: 5.893932548000009; Command Position: 2.0787996310496912; Output Position: 2.0627354433543332
[2026-04-08 05:09:59,601] INFO: Time: 5.895994236000007; Command Position: 2.0787996310496912; Output Position: 2.062692832776892
[2026-04-08 05:09:59,603] INFO: Time: 5.898057276000003; Command Position: 2.0787996310496912; Output Position: 2.062692832776892
[2026-04-08 05:09:59,605] INFO: Time: 5.900119964999988; Command Position: 2.0787996310496912; Output Position: 2.0627354433543332
[2026-04-08 05:09:59,607] INFO: Time: 5.902182431; Command Position: 2.0787996310496912; Output Position: 2.0627354433543332
[2026-04-08 05:09:59,609] INFO: Time: 5.904247064000003; Command Position: 2.0787996310496912; Output Position: 2.0627354433543332
[2026-04-08 05:09:59,611] INFO: Time: 5.906311826999996; Command Position: 2.0787996310496912; Output Position: 2.0627354433543332
[2026-04-08 05:09:59,613] INFO: Time: 5.908371310999996; Command Position: 2.0787996310496912; Output Position: 2.0627780539317744
[2026-04-08 05:09:59,615] INFO: Time: 5.910434704000011; Command Position: 2.0787996310496912; Output Position: 2.0627780539317744
[2026-04-08 05:09:59,617] INFO: Time: 5.912497411000004; Command Position: 2.0787996310496912; Output Position: 2.0627780539317744
[2026-04-08 05:09:59,619] INFO: Time: 5.914558303000007; Command Position: 2.0787996310496912; Output Position: 2.0627354433543332
[2026-04-08 05:09:59,621] INFO: Time: 5.916621305999996; Command Position: 2.0787996310496912; Output Position: 2.0627354433543332
[2026-04-08 05:09:59,623] INFO: Time: 5.91868908699999; Command Position: 2.0787996310496912; Output Position: 2.0627780539317744
[2026-04-08 05:09:59,625] INFO: Time: 5.920751978999988; Command Position: 2.0787996310496912; Output Position: 2.062692832776892
[2026-04-08 05:09:59,627] INFO: Time: 5.922815168; Command Position: 2.0787996310496912; Output Position: 2.0627354433543332
[2026-04-08 05:09:59,629] INFO: Time: 5.924877818999988; Command Position: 2.0787996310496912; Output Position: 2.062692832776892
[2026-04-08 05:09:59,631] INFO: Time: 5.926936675000007; Command Position: 2.0787996310496912; Output Position: 2.0627354433543332
[2026-04-08 05:09:59,634] INFO: Time: 5.929000288999987; Command Position: 2.0787996310496912; Output Position: 2.0627354433543332
[2026-04-08 05:09:59,636] INFO: Time: 5.931059884999996; Command Position: 2.0787996310496912; Output Position: 2.0627354433543332
[2026-04-08 05:09:59,638] INFO: Time: 5.93312427699999; Command Position: 2.0787996310496912; Output Position: 2.0627354433543332
[2026-04-08 05:09:59,640] INFO: Time: 5.935188705999991; Command Position: 2.0787996310496912; Output Position: 2.0627354433543332
[2026-04-08 05:09:59,642] INFO: Time: 5.93725241300001; Command Position: 2.0787996310496912; Output Position: 2.0627780539317744
[2026-04-08 05:09:59,644] INFO: Time: 5.9393134540000005; Command Position: 2.0787996310496912; Output Position: 2.0627354433543332
[2026-04-08 05:09:59,646] INFO: Time: 5.941376345999998; Command Position: 2.0787996310496912; Output Position: 2.0627780539317744
[2026-04-08 05:09:59,648] INFO: Time: 5.94343920099999; Command Position: 2.0787996310496912; Output Position: 2.0627354433543332
[2026-04-08 05:09:59,650] INFO: Time: 5.945500129999999; Command Position: 2.0787996310496912; Output Position: 2.0627354433543332
[2026-04-08 05:09:59,652] INFO: Time: 5.947565134000001; Command Position: 2.0787996310496912; Output Position: 2.0627354433543332
[2026-04-08 05:09:59,654] INFO: Time: 5.949627711000005; Command Position: 2.0787996310496912; Output Position: 2.0627354433543332
[2026-04-08 05:09:59,656] INFO: Time: 5.951686510999991; Command Position: 2.0787996310496912; Output Position: 2.0627354433543332
[2026-04-08 05:09:59,658] INFO: Time: 5.953749533000007; Command Position: 2.0787996310496912; Output Position: 2.0627354433543332
[2026-04-08 05:09:59,660] INFO: Time: 5.955812221000002; Command Position: 2.0787996310496912; Output Position: 2.0627780539317744
[2026-04-08 05:09:59,662] INFO: Time: 5.957872742999996; Command Position: 2.0787996310496912; Output Position: 2.0627354433543332
[2026-04-08 05:09:59,664] INFO: Time: 5.95993593099999; Command Position: 2.0787996310496912; Output Position: 2.0627780539317744
[2026-04-08 05:09:59,667] INFO: Time: 5.961998193999989; Command Position: 2.0787996310496912; Output Position: 2.0627354433543332
[2026-04-08 05:09:59,669] INFO: Time: 5.9640672159999895; Command Position: 2.0787996310496912; Output Position: 2.0627354433543332
[2026-04-08 05:09:59,671] INFO: Time: 5.96613164499999; Command Position: 2.0787996310496912; Output Position: 2.0627354433543332
[2026-04-08 05:09:59,673] INFO: Time: 5.968194592999993; Command Position: 2.0787996310496912; Output Position: 2.0627354433543332
[2026-04-08 05:09:59,675] INFO: Time: 5.970254836999999; Command Position: 2.0787996310496912; Output Position: 2.0627354433543332
[2026-04-08 05:09:59,677] INFO: Time: 5.972318043999991; Command Position: 2.0787996310496912; Output Position: 2.0627354433543332
[2026-04-08 05:09:59,679] INFO: Time: 5.974438157000009; Command Position: 2.0787996310496912; Output Position: 2.0627354433543332
[2026-04-08 05:09:59,681] INFO: Time: 5.976504048999999; Command Position: 2.0787996310496912; Output Position: 2.062692832776892
[2026-04-08 05:09:59,683] INFO: Time: 5.978569275000012; Command Position: 2.0787996310496912; Output Position: 2.0627780539317744
[2026-04-08 05:09:59,685] INFO: Time: 5.980632630000002; Command Position: 2.0787996310496912; Output Position: 2.0627354433543332
[2026-04-08 05:09:59,687] INFO: Time: 5.982697115000008; Command Position: 2.0787996310496912; Output Position: 2.0627780539317744
[2026-04-08 05:09:59,689] INFO: Time: 5.984761840000004; Command Position: 2.0787996310496912; Output Position: 2.0627354433543332
[2026-04-08 05:09:59,691] INFO: Time: 5.986824769999998; Command Position: 2.0787996310496912; Output Position: 2.0627354433543332
[2026-04-08 05:09:59,693] INFO: Time: 5.988886309999998; Command Position: 2.0787996310496912; Output Position: 2.0627354433543332
[2026-04-08 05:09:59,696] INFO: Time: 5.990949943000004; Command Position: 2.0787996310496912; Output Position: 2.0627354433543332
[2026-04-08 05:09:59,698] INFO: Time: 5.993013316999992; Command Position: 2.0787996310496912; Output Position: 2.0627780539317744
[2026-04-08 05:09:59,700] INFO: Time: 5.995078726999992; Command Position: 2.0787996310496912; Output Position: 2.0627354433543332
[2026-04-08 05:09:59,702] INFO: Time: 5.997142416000003; Command Position: 2.0787996310496912; Output Position: 2.0627354433543332
[2026-04-08 05:09:59,704] INFO: Time: 5.999205770999993; Command Position: 2.0787996310496912; Output Position: 2.0627354433543332
[2026-04-08 05:09:59,706] INFO: Time: 6.001267033000005; Command Position: 2.0787996310496912; Output Position: 2.0627780539317744
[2026-04-08 05:09:59,708] INFO: Time: 6.00333018500001; Command Position: 2.0787996310496912; Output Position: 2.0627354433543332
[2026-04-08 05:09:59,710] INFO: Time: 6.005396391999994; Command Position: 2.0787996310496912; Output Position: 2.062692832776892
[2026-04-08 05:09:59,712] INFO: Time: 6.007455858000014; Command Position: 2.0787996310496912; Output Position: 2.062692832776892
[2026-04-08 05:09:59,714] INFO: Time: 6.009518973000013; Command Position: 2.0787996310496912; Output Position: 2.0627354433543332
[2026-04-08 05:09:59,716] INFO: Time: 6.011581346000014; Command Position: 2.0787996310496912; Output Position: 2.0627354433543332
[2026-04-08 05:09:59,718] INFO: Time: 6.013681200999997; Command Position: 2.0787996310496912; Output Position: 2.0627354433543332
[2026-04-08 05:09:59,720] INFO: Time: 6.015744425999998; Command Position: 2.0787996310496912; Output Position: 2.062692832776892
[2026-04-08 05:09:59,722] INFO: Time: 6.017807115000011; Command Position: 2.0787996310496912; Output Position: 2.0627354433543332
[2026-04-08 05:09:59,724] INFO: Time: 6.019870284999996; Command Position: 2.0787996310496912; Output Position: 2.0627780539317744
[2026-04-08 05:09:59,728] INFO: Time: 6.023535057999993; Command Position: 2.0787996310496912; Output Position: 2.0627354433543332
[2026-04-08 05:09:59,730] INFO: Time: 6.0255975620000015; Command Position: 2.0787996310496912; Output Position: 2.0627354433543332
[2026-04-08 05:09:59,732] INFO: Time: 6.02765693500001; Command Position: 2.0787996310496912; Output Position: 2.0627354433543332
[2026-04-08 05:09:59,734] INFO: Time: 6.02973021599999; Command Position: 2.0787996310496912; Output Position: 2.0627780539317744
[2026-04-08 05:09:59,736] INFO: Time: 6.031796831000008; Command Position: 2.0787996310496912; Output Position: 2.0627780539317744
[2026-04-08 05:09:59,738] INFO: Time: 6.03386040800001; Command Position: 2.0787996310496912; Output Position: 2.0627354433543332
[2026-04-08 05:09:59,741] INFO: Time: 6.036120815000004; Command Position: 2.0787996310496912; Output Position: 2.0627780539317744
[2026-04-08 05:09:59,743] INFO: Time: 6.0383685380000145; Command Position: 2.0787996310496912; Output Position: 2.0627354433543332
[2026-04-08 05:09:59,745] INFO: Time: 6.040439485999997; Command Position: 2.0787996310496912; Output Position: 2.0627354433543332
[2026-04-08 05:09:59,747] INFO: Time: 6.042506526000011; Command Position: 2.0787996310496912; Output Position: 2.0627354433543332
[2026-04-08 05:09:59,749] INFO: Time: 6.044571047999995; Command Position: 2.0787996310496912; Output Position: 2.062692832776892
[2026-04-08 05:09:59,751] INFO: Time: 6.046638365999996; Command Position: 2.0787996310496912; Output Position: 2.0627354433543332
[2026-04-08 05:09:59,753] INFO: Time: 6.048703238999991; Command Position: 2.0787996310496912; Output Position: 2.0627354433543332
[2026-04-08 05:09:59,755] INFO: Time: 6.050764724000004; Command Position: 2.0787996310496912; Output Position: 2.0627354433543332
[2026-04-08 05:09:59,757] INFO: Time: 6.052826245999995; Command Position: 2.0787996310496912; Output Position: 2.0627354433543332
[2026-04-08 05:09:59,759] INFO: Time: 6.054893009000011; Command Position: 2.0787996310496912; Output Position: 2.0627354433543332
[2026-04-08 05:09:59,762] INFO: Time: 6.056957363999999; Command Position: 2.0787996310496912; Output Position: 2.0627354433543332
[2026-04-08 05:09:59,764] INFO: Time: 6.059016645000014; Command Position: 2.0787996310496912; Output Position: 2.0627354433543332
[2026-04-08 05:09:59,766] INFO: Time: 6.061079870000015; Command Position: 2.0787996310496912; Output Position: 2.0627354433543332
[2026-04-08 05:09:59,768] INFO: Time: 6.063158224999995; Command Position: 2.0787996310496912; Output Position: 2.0627780539317744
[2026-04-08 05:09:59,770] INFO: Time: 6.065219710000008; Command Position: 2.0787996310496912; Output Position: 2.0627354433543332
[2026-04-08 05:09:59,772] INFO: Time: 6.067282454000008; Command Position: 2.0787996310496912; Output Position: 2.0627354433543332
[2026-04-08 05:09:59,774] INFO: Time: 6.069346660999997; Command Position: 2.0787996310496912; Output Position: 2.0627354433543332
[2026-04-08 05:09:59,776] INFO: Time: 6.071408867999992; Command Position: 2.0787996310496912; Output Position: 2.0627354433543332
[2026-04-08 05:09:59,778] INFO: Time: 6.073472815999992; Command Position: 2.0787996310496912; Output Position: 2.0627354433543332
[2026-04-08 05:09:59,780] INFO: Time: 6.075535467000009; Command Position: 2.0787996310496912; Output Position: 2.0627354433543332
[2026-04-08 05:09:59,782] INFO: Time: 6.077597063000013; Command Position: 2.0787996310496912; Output Position: 2.0627780539317744
[2026-04-08 05:09:59,784] INFO: Time: 6.079663011000008; Command Position: 2.0787996310496912; Output Position: 2.0627354433543332
[2026-04-08 05:09:59,786] INFO: Time: 6.081725274000007; Command Position: 2.0787996310496912; Output Position: 2.0627354433543332
[2026-04-08 05:09:59,788] INFO: Time: 6.083788887999987; Command Position: 2.0787996310496912; Output Position: 2.0627780539317744
[2026-04-08 05:09:59,790] INFO: Time: 6.085853668999988; Command Position: 2.0787996310496912; Output Position: 2.0627780539317744
[2026-04-08 05:09:59,792] INFO: Time: 6.087916191000005; Command Position: 2.0787996310496912; Output Position: 2.0627354433543332
[2026-04-08 05:09:59,795] INFO: Time: 6.089977175999991; Command Position: 2.0787996310496912; Output Position: 2.0627354433543332
[2026-04-08 05:09:59,797] INFO: Time: 6.092044530999999; Command Position: 2.0787996310496912; Output Position: 2.0627780539317744
[2026-04-08 05:09:59,799] INFO: Time: 6.094103848999993; Command Position: 2.0787996310496912; Output Position: 2.0627354433543332
[2026-04-08 05:09:59,801] INFO: Time: 6.096163093000001; Command Position: 2.0787996310496912; Output Position: 2.0627354433543332
[2026-04-08 05:09:59,803] INFO: Time: 6.098226114999989; Command Position: 2.0787996310496912; Output Position: 2.0627780539317744
[2026-04-08 05:09:59,805] INFO: Time: 6.100288674000012; Command Position: 2.0787996310496912; Output Position: 2.0627354433543332
[2026-04-08 05:09:59,807] INFO: Time: 6.102349362000012; Command Position: 2.0787996310496912; Output Position: 2.0627354433543332
[2026-04-08 05:09:59,809] INFO: Time: 6.104415699000015; Command Position: 2.0787996310496912; Output Position: 2.0627354433543332
[2026-04-08 05:09:59,811] INFO: Time: 6.106480664999992; Command Position: 2.0787996310496912; Output Position: 2.0627354433543332
[2026-04-08 05:09:59,813] INFO: Time: 6.108542094000001; Command Position: 2.0787996310496912; Output Position: 2.062692832776892
[2026-04-08 05:09:59,815] INFO: Time: 6.110605356999997; Command Position: 2.0787996310496912; Output Position: 2.0627780539317744
[2026-04-08 05:09:59,817] INFO: Time: 6.112667971000008; Command Position: 2.0787996310496912; Output Position: 2.0627780539317744
[2026-04-08 05:09:59,819] INFO: Time: 6.11472838200001; Command Position: 2.0787996310496912; Output Position: 2.0627354433543332
[2026-04-08 05:09:59,821] INFO: Time: 6.116795273999998; Command Position: 2.0787996310496912; Output Position: 2.0627354433543332
[2026-04-08 05:09:59,823] INFO: Time: 6.118861333000012; Command Position: 2.0787996310496912; Output Position: 2.0627354433543332
[2026-04-08 05:09:59,825] INFO: Time: 6.120923780999988; Command Position: 2.0787996310496912; Output Position: 2.0627780539317744
[2026-04-08 05:09:59,828] INFO: Time: 6.122988488000004; Command Position: 2.0787996310496912; Output Position: 2.0627780539317744
[2026-04-08 05:09:59,830] INFO: Time: 6.12505430600001; Command Position: 2.0787996310496912; Output Position: 2.0627354433543332
[2026-04-08 05:09:59,832] INFO: Time: 6.127116919999992; Command Position: 2.0787996310496912; Output Position: 2.0627780539317744
[2026-04-08 05:09:59,834] INFO: Time: 6.12918016399999; Command Position: 2.0787996310496912; Output Position: 2.0627354433543332
[2026-04-08 05:09:59,836] INFO: Time: 6.131245056000012; Command Position: 2.0787996310496912; Output Position: 2.0627354433543332
[2026-04-08 05:09:59,838] INFO: Time: 6.1333081150000055; Command Position: 2.0787996310496912; Output Position: 2.0627354433543332
[2026-04-08 05:09:59,840] INFO: Time: 6.135371044999999; Command Position: 2.0787996310496912; Output Position: 2.0627354433543332
[2026-04-08 05:09:59,842] INFO: Time: 6.137434899999988; Command Position: 2.0787996310496912; Output Position: 2.0627780539317744
[2026-04-08 05:09:59,844] INFO: Time: 6.139497291999987; Command Position: 2.0787996310496912; Output Position: 2.0627780539317744
[2026-04-08 05:09:59,846] INFO: Time: 6.14156036899999; Command Position: 2.0787996310496912; Output Position: 2.0627354433543332
[2026-04-08 05:09:59,848] INFO: Time: 6.143622464999993; Command Position: 2.0787996310496912; Output Position: 2.0627354433543332
[2026-04-08 05:09:59,850] INFO: Time: 6.14566576499999; Command Position: 2.0787996310496912; Output Position: 2.0627354433543332
[2026-04-08 05:09:59,852] INFO: Time: 6.147729860999988; Command Position: 2.0787996310496912; Output Position: 2.0627780539317744
[2026-04-08 05:09:59,854] INFO: Time: 6.149793124000013; Command Position: 2.0787996310496912; Output Position: 2.062692832776892
[2026-04-08 05:09:59,856] INFO: Time: 6.151857460000002; Command Position: 2.0787996310496912; Output Position: 2.062692832776892
[2026-04-08 05:09:59,858] INFO: Time: 6.153921241000006; Command Position: 2.0787996310496912; Output Position: 2.0627354433543332
[2026-04-08 05:09:59,861] INFO: Time: 6.1559850040000015; Command Position: 2.0787996310496912; Output Position: 2.0627354433543332
[2026-04-08 05:09:59,863] INFO: Time: 6.158047266000011; Command Position: 2.0787996310496912; Output Position: 2.0627354433543332
[2026-04-08 05:09:59,865] INFO: Time: 6.160111733000008; Command Position: 2.0787996310496912; Output Position: 2.0627780539317744
[2026-04-08 05:09:59,867] INFO: Time: 6.162174013999987; Command Position: 2.0787996310496912; Output Position: 2.0627354433543332
[2026-04-08 05:09:59,869] INFO: Time: 6.164237369000006; Command Position: 2.0787996310496912; Output Position: 2.0627354433543332
[2026-04-08 05:09:59,871] INFO: Time: 6.166301650000008; Command Position: 2.0787996310496912; Output Position: 2.0627354433543332
[2026-04-08 05:09:59,873] INFO: Time: 6.168366152999994; Command Position: 2.0787996310496912; Output Position: 2.0627780539317744
[2026-04-08 05:09:59,875] INFO: Time: 6.170428767999994; Command Position: 2.0787996310496912; Output Position: 2.0627354433543332
[2026-04-08 05:09:59,877] INFO: Time: 6.1724931040000115; Command Position: 2.0787996310496912; Output Position: 2.0627780539317744
[2026-04-08 05:09:59,879] INFO: Time: 6.174557144999994; Command Position: 2.0787996310496912; Output Position: 2.0627354433543332
[2026-04-08 05:09:59,881] INFO: Time: 6.1766198519999875; Command Position: 2.0787996310496912; Output Position: 2.0627354433543332
[2026-04-08 05:09:59,883] INFO: Time: 6.178682522000003; Command Position: 2.0787996310496912; Output Position: 2.0627354433543332
[2026-04-08 05:09:59,885] INFO: Time: 6.180744914000002; Command Position: 2.0787996310496912; Output Position: 2.062692832776892
[2026-04-08 05:09:59,887] INFO: Time: 6.182805787999996; Command Position: 2.0787996310496912; Output Position: 2.0627354433543332
[2026-04-08 05:09:59,889] INFO: Time: 6.184868939000012; Command Position: 2.0787996310496912; Output Position: 2.0627354433543332
[2026-04-08 05:09:59,891] INFO: Time: 6.186932960999997; Command Position: 2.0787996310496912; Output Position: 2.0627354433543332
[2026-04-08 05:09:59,894] INFO: Time: 6.188995685999998; Command Position: 2.0787996310496912; Output Position: 2.0627780539317744
[2026-04-08 05:09:59,896] INFO: Time: 6.191059929999994; Command Position: 2.0787996310496912; Output Position: 2.0627354433543332
[2026-04-08 05:09:59,898] INFO: Time: 6.193119470999989; Command Position: 2.0787996310496912; Output Position: 2.062692832776892
[2026-04-08 05:09:59,900] INFO: Time: 6.195265806000009; Command Position: 2.0787996310496912; Output Position: 2.0627780539317744
[2026-04-08 05:09:59,902] INFO: Time: 6.1973303279999925; Command Position: 2.0787996310496912; Output Position: 2.062820664509216
[2026-04-08 05:09:59,904] INFO: Time: 6.199390165000011; Command Position: 2.0787996310496912; Output Position: 2.0627780539317744
[2026-04-08 05:09:59,906] INFO: Time: 6.201453372000003; Command Position: 2.0787996310496912; Output Position: 2.0627354433543332
[2026-04-08 05:09:59,908] INFO: Time: 6.203518486000007; Command Position: 2.0787996310496912; Output Position: 2.0627780539317744
[2026-04-08 05:09:59,910] INFO: Time: 6.205581082000009; Command Position: 2.0787996310496912; Output Position: 2.0627354433543332
[2026-04-08 05:09:59,912] INFO: Time: 6.207641437000007; Command Position: 2.0787996310496912; Output Position: 2.0627354433543332
[2026-04-08 05:09:59,914] INFO: Time: 6.209707459000015; Command Position: 2.0787996310496912; Output Position: 2.0627780539317744
[2026-04-08 05:09:59,916] INFO: Time: 6.211775036000006; Command Position: 2.0787996310496912; Output Position: 2.0627354433543332
[2026-04-08 05:09:59,918] INFO: Time: 6.213834780000013; Command Position: 2.0787996310496912; Output Position: 2.0627354433543332
[2026-04-08 05:09:59,920] INFO: Time: 6.215898228000015; Command Position: 2.0787996310496912; Output Position: 2.0627780539317744
[2026-04-08 05:09:59,923] INFO: Time: 6.217961360999993; Command Position: 2.0787996310496912; Output Position: 2.0627354433543332
[2026-04-08 05:09:59,925] INFO: Time: 6.220022290000003; Command Position: 2.0787996310496912; Output Position: 2.0627780539317744
[2026-04-08 05:09:59,927] INFO: Time: 6.222089941999997; Command Position: 2.0787996310496912; Output Position: 2.0627780539317744
[2026-04-08 05:09:59,929] INFO: Time: 6.224154056000003; Command Position: 2.0787996310496912; Output Position: 2.0627780539317744
[2026-04-08 05:09:59,931] INFO: Time: 6.22621550400001; Command Position: 2.0787996310496912; Output Position: 2.0627354433543332
[2026-04-08 05:09:59,933] INFO: Time: 6.2282786920000035; Command Position: 2.0787996310496912; Output Position: 2.0627354433543332
[2026-04-08 05:09:59,935] INFO: Time: 6.230340769999998; Command Position: 2.0787996310496912; Output Position: 2.0627780539317744
[2026-04-08 05:09:59,937] INFO: Time: 6.232401162000002; Command Position: 2.0787996310496912; Output Position: 2.0627780539317744
[2026-04-08 05:09:59,939] INFO: Time: 6.23446333199999; Command Position: 2.0787996310496912; Output Position: 2.0627780539317744
[2026-04-08 05:09:59,941] INFO: Time: 6.236528706000001; Command Position: 2.0787996310496912; Output Position: 2.062692832776892
[2026-04-08 05:09:59,943] INFO: Time: 6.238591431000003; Command Position: 2.0787996310496912; Output Position: 2.0627354433543332
[2026-04-08 05:09:59,945] INFO: Time: 6.240665193000012; Command Position: 2.0787996310496912; Output Position: 2.0627354433543332
[2026-04-08 05:09:59,947] INFO: Time: 6.242739510999996; Command Position: 2.0787996310496912; Output Position: 2.0627780539317744
[2026-04-08 05:09:59,949] INFO: Time: 6.244806606999987; Command Position: 2.0787996310496912; Output Position: 2.0627354433543332
[2026-04-08 05:09:59,952] INFO: Time: 6.246879073000002; Command Position: 2.0787996310496912; Output Position: 2.0627354433543332
[2026-04-08 05:09:59,954] INFO: Time: 6.248940428999987; Command Position: 2.0787996310496912; Output Position: 2.0627354433543332
[2026-04-08 05:09:59,956] INFO: Time: 6.251008672000012; Command Position: 2.0787996310496912; Output Position: 2.0627354433543332
[2026-04-08 05:09:59,958] INFO: Time: 6.253075601999996; Command Position: 2.0787996310496912; Output Position: 2.0627780539317744
[2026-04-08 05:09:59,960] INFO: Time: 6.255140401000006; Command Position: 2.0787996310496912; Output Position: 2.0627780539317744
[2026-04-08 05:09:59,962] INFO: Time: 6.257201922999997; Command Position: 2.0787996310496912; Output Position: 2.0627354433543332
[2026-04-08 05:09:59,964] INFO: Time: 6.259265445000011; Command Position: 2.0787996310496912; Output Position: 2.062692832776892
[2026-04-08 05:09:59,966] INFO: Time: 6.261328652000003; Command Position: 2.0787996310496912; Output Position: 2.0627354433543332
[2026-04-08 05:09:59,968] INFO: Time: 6.263390025999996; Command Position: 2.0787996310496912; Output Position: 2.0627354433543332
[2026-04-08 05:09:59,970] INFO: Time: 6.265649636999996; Command Position: 2.0787996310496912; Output Position: 2.0627354433543332
[2026-04-08 05:09:59,972] INFO: Time: 6.267713713999996; Command Position: 2.0787996310496912; Output Position: 2.0627780539317744
[2026-04-08 05:09:59,974] INFO: Time: 6.269774718000008; Command Position: 2.0787996310496912; Output Position: 2.062692832776892
[2026-04-08 05:09:59,976] INFO: Time: 6.2718382390000045; Command Position: 2.0787996310496912; Output Position: 2.062692832776892
[2026-04-08 05:09:59,978] INFO: Time: 6.27390042799999; Command Position: 2.0787996310496912; Output Position: 2.0627354433543332
[2026-04-08 05:09:59,981] INFO: Time: 6.275960598000012; Command Position: 2.0787996310496912; Output Position: 2.0627354433543332
[2026-04-08 05:09:59,983] INFO: Time: 6.278023526999988; Command Position: 2.0787996310496912; Output Position: 2.0627354433543332
[2026-04-08 05:09:59,985] INFO: Time: 6.280165455000002; Command Position: 2.0787996310496912; Output Position: 2.0627354433543332
[2026-04-08 05:09:59,987] INFO: Time: 6.282226995000002; Command Position: 2.0787996310496912; Output Position: 2.0627354433543332
[2026-04-08 05:09:59,989] INFO: Time: 6.284289851000011; Command Position: 2.0787996310496912; Output Position: 2.0627354433543332
[2026-04-08 05:09:59,991] INFO: Time: 6.286351112999995; Command Position: 2.0787996310496912; Output Position: 2.0627354433543332
[2026-04-08 05:09:59,993] INFO: Time: 6.288417283000001; Command Position: 2.0787996310496912; Output Position: 2.0627354433543332
[2026-04-08 05:09:59,995] INFO: Time: 6.290479822999998; Command Position: 2.0787996310496912; Output Position: 2.062692832776892
[2026-04-08 05:09:59,997] INFO: Time: 6.292543179000006; Command Position: 2.0787996310496912; Output Position: 2.0627354433543332
[2026-04-08 05:09:59,999] INFO: Time: 6.29460782999999; Command Position: 2.0787996310496912; Output Position: 2.0627354433543332
[2026-04-08 05:10:00,001] INFO: Time: 6.296672795999996; Command Position: 2.0787996310496912; Output Position: 2.0627780539317744
[2026-04-08 05:10:00,003] INFO: Time: 6.298736670000011; Command Position: 2.0787996310496912; Output Position: 2.0627354433543332
[2026-04-08 05:10:00,005] INFO: Time: 6.300797952000011; Command Position: 2.0787996310496912; Output Position: 2.0627780539317744
[2026-04-08 05:10:00,007] INFO: Time: 6.302864827000008; Command Position: 2.0787996310496912; Output Position: 2.0627354433543332
[2026-04-08 05:10:00,009] INFO: Time: 6.304928423000007; Command Position: 2.0787996310496912; Output Position: 2.0627780539317744
[2026-04-08 05:10:00,012] INFO: Time: 6.306988464999989; Command Position: 2.0787996310496912; Output Position: 2.0627780539317744
[2026-04-08 05:10:00,014] INFO: Time: 6.309051635999992; Command Position: 2.0787996310496912; Output Position: 2.062650222199451
[2026-04-08 05:10:00,016] INFO: Time: 6.311112677000011; Command Position: 2.0787996310496912; Output Position: 2.0627780539317744
[2026-04-08 05:10:00,018] INFO: Time: 6.313179848000004; Command Position: 2.0787996310496912; Output Position: 2.0627780539317744
[2026-04-08 05:10:00,020] INFO: Time: 6.315246019; Command Position: 2.0787996310496912; Output Position: 2.062692832776892
[2026-04-08 05:10:00,022] INFO: Time: 6.317310429999992; Command Position: 2.0787996310496912; Output Position: 2.0627354433543332
[2026-04-08 05:10:00,024] INFO: Time: 6.319372471000008; Command Position: 2.0787996310496912; Output Position: 2.0627780539317744
[2026-04-08 05:10:00,026] INFO: Time: 6.321436272; Command Position: 2.0787996310496912; Output Position: 2.0627354433543332
[2026-04-08 05:10:00,028] INFO: Time: 6.32376917900001; Command Position: 2.0787996310496912; Output Position: 2.0627354433543332
[2026-04-08 05:10:00,030] INFO: Time: 6.325832276; Command Position: 2.0787996310496912; Output Position: 2.0627354433543332
[2026-04-08 05:10:00,032] INFO: Time: 6.327896076000002; Command Position: 2.0787996310496912; Output Position: 2.0627354433543332
[2026-04-08 05:10:00,035] INFO: Time: 6.329958635999986; Command Position: 2.0787996310496912; Output Position: 2.062692832776892
[2026-04-08 05:10:00,037] INFO: Time: 6.332019252000009; Command Position: 2.0787996310496912; Output Position: 2.0627780539317744
[2026-04-08 05:10:00,039] INFO: Time: 6.3340815519999865; Command Position: 2.0787996310496912; Output Position: 2.0627354433543332
[2026-04-08 05:10:00,041] INFO: Time: 6.336150185999998; Command Position: 2.0787996310496912; Output Position: 2.0627354433543332
[2026-04-08 05:10:00,043] INFO: Time: 6.338211505000004; Command Position: 2.0787996310496912; Output Position: 2.0627780539317744
[2026-04-08 05:10:00,045] INFO: Time: 6.340274324000006; Command Position: 2.0787996310496912; Output Position: 2.0627780539317744
[2026-04-08 05:10:00,047] INFO: Time: 6.3423357359999954; Command Position: 2.0787996310496912; Output Position: 2.0627780539317744
[2026-04-08 05:10:00,049] INFO: Time: 6.344396128999989; Command Position: 2.0787996310496912; Output Position: 2.0627354433543332
[2026-04-08 05:10:00,051] INFO: Time: 6.346458874000007; Command Position: 2.0787996310496912; Output Position: 2.062692832776892
[2026-04-08 05:10:00,053] INFO: Time: 6.348521656000003; Command Position: 2.0787996310496912; Output Position: 2.0627780539317744
[2026-04-08 05:10:00,055] INFO: Time: 6.3505822710000075; Command Position: 2.0787996310496912; Output Position: 2.062692832776892
[2026-04-08 05:10:00,057] INFO: Time: 6.35264510799999; Command Position: 2.0787996310496912; Output Position: 2.062692832776892
[2026-04-08 05:10:00,059] INFO: Time: 6.354707445999992; Command Position: 2.0787996310496912; Output Position: 2.0627354433543332
[2026-04-08 05:10:00,061] INFO: Time: 6.356768394999989; Command Position: 2.0787996310496912; Output Position: 2.0627780539317744
[2026-04-08 05:10:00,063] INFO: Time: 6.3588309730000105; Command Position: 2.0787996310496912; Output Position: 2.0627780539317744
[2026-04-08 05:10:00,065] INFO: Time: 6.360893161999996; Command Position: 2.0787996310496912; Output Position: 2.0627354433543332
[2026-04-08 05:10:00,068] INFO: Time: 6.362953500000003; Command Position: 2.0787996310496912; Output Position: 2.0627354433543332
[2026-04-08 05:10:00,070] INFO: Time: 6.3650191339999935; Command Position: 2.0787996310496912; Output Position: 2.062692832776892
[2026-04-08 05:10:00,072] INFO: Time: 6.367078507999992; Command Position: 2.0787996310496912; Output Position: 2.0627354433543332
[2026-04-08 05:10:00,074] INFO: Time: 6.369139753000013; Command Position: 2.0787996310496912; Output Position: 2.0627354433543332
[2026-04-08 05:10:00,076] INFO: Time: 6.371203164999997; Command Position: 2.0787996310496912; Output Position: 2.0627354433543332
[2026-04-08 05:10:00,078] INFO: Time: 6.373265909999986; Command Position: 2.0787996310496912; Output Position: 2.0627354433543332
[2026-04-08 05:10:00,080] INFO: Time: 6.375331562000014; Command Position: 2.0787996310496912; Output Position: 2.0627780539317744
[2026-04-08 05:10:00,082] INFO: Time: 6.377396363000003; Command Position: 2.0787996310496912; Output Position: 2.0627354433543332
[2026-04-08 05:10:00,084] INFO: Time: 6.379460125999998; Command Position: 2.0787996310496912; Output Position: 2.0627780539317744
[2026-04-08 05:10:00,086] INFO: Time: 6.381524944999995; Command Position: 2.0787996310496912; Output Position: 2.062692832776892
[2026-04-08 05:10:00,088] INFO: Time: 6.383883962999988; Command Position: 2.0787996310496912; Output Position: 2.0627354433543332
[2026-04-08 05:10:00,091] INFO: Time: 6.38596674499999; Command Position: 2.0787996310496912; Output Position: 2.0627354433543332
[2026-04-08 05:10:00,093] INFO: Time: 6.388039378999991; Command Position: 2.0787996310496912; Output Position: 2.0627780539317744
[2026-04-08 05:10:00,095] INFO: Time: 6.390104067999999; Command Position: 2.0787996310496912; Output Position: 2.0627354433543332
[2026-04-08 05:10:00,097] INFO: Time: 6.3921698130000095; Command Position: 2.0787996310496912; Output Position: 2.0627354433543332
[2026-04-08 05:10:00,099] INFO: Time: 6.39423026099999; Command Position: 2.0787996310496912; Output Position: 2.0627354433543332
[2026-04-08 05:10:00,101] INFO: Time: 6.3962945620000085; Command Position: 2.0787996310496912; Output Position: 2.0627354433543332
[2026-04-08 05:10:00,103] INFO: Time: 6.398359362000008; Command Position: 2.0787996310496912; Output Position: 2.0627354433543332
[2026-04-08 05:10:00,105] INFO: Time: 6.40042218100001; Command Position: 2.0787996310496912; Output Position: 2.0627354433543332
[2026-04-08 05:10:00,107] INFO: Time: 6.402484536999992; Command Position: 2.0787996310496912; Output Position: 2.0627354433543332
[2026-04-08 05:10:00,109] INFO: Time: 6.404549394000014; Command Position: 2.0787996310496912; Output Position: 2.0627780539317744
[2026-04-08 05:10:00,111] INFO: Time: 6.406616009000004; Command Position: 2.0787996310496912; Output Position: 2.062820664509216
[2026-04-08 05:10:00,113] INFO: Time: 6.408677791000002; Command Position: 2.0787996310496912; Output Position: 2.0627780539317744
[2026-04-08 05:10:00,115] INFO: Time: 6.410741758; Command Position: 2.0787996310496912; Output Position: 2.062692832776892
[2026-04-08 05:10:00,117] INFO: Time: 6.412804483999992; Command Position: 2.0787996310496912; Output Position: 2.0627354433543332
[2026-04-08 05:10:00,119] INFO: Time: 6.414865729000013; Command Position: 2.0787996310496912; Output Position: 2.0627354433543332
[2026-04-08 05:10:00,125] INFO: Time: 6.420462603000004; Command Position: 2.0787996310496912; Output Position: 2.0627354433543332
[2026-04-08 05:10:00,127] INFO: Time: 6.422532254999993; Command Position: 2.0787996310496912; Output Position: 2.0627354433543332
[2026-04-08 05:10:00,129] INFO: Time: 6.424593722999987; Command Position: 2.0787996310496912; Output Position: 2.0627354433543332
[2026-04-08 05:10:00,131] INFO: Time: 6.426656374999993; Command Position: 2.0787996310496912; Output Position: 2.0627354433543332
[2026-04-08 05:10:00,133] INFO: Time: 6.428724434999992; Command Position: 2.0787996310496912; Output Position: 2.0627354433543332
[2026-04-08 05:10:00,135] INFO: Time: 6.430789086999994; Command Position: 2.0787996310496912; Output Position: 2.0627354433543332
[2026-04-08 05:10:00,137] INFO: Time: 6.4328485359999945; Command Position: 2.0787996310496912; Output Position: 2.0627354433543332
[2026-04-08 05:10:00,139] INFO: Time: 6.434911706999998; Command Position: 2.0787996310496912; Output Position: 2.062692832776892
[2026-04-08 05:10:00,142] INFO: Time: 6.4369740260000015; Command Position: 2.0787996310496912; Output Position: 2.0627354433543332
[2026-04-08 05:10:00,144] INFO: Time: 6.439037288999998; Command Position: 2.0787996310496912; Output Position: 2.0627354433543332
[2026-04-08 05:10:00,146] INFO: Time: 6.441101312000001; Command Position: 2.0787996310496912; Output Position: 2.0627354433543332
[2026-04-08 05:10:00,148] INFO: Time: 6.443164093999997; Command Position: 2.0787996310496912; Output Position: 2.0627354433543332
[2026-04-08 05:10:00,150] INFO: Time: 6.4452283200000124; Command Position: 2.0787996310496912; Output Position: 2.0627354433543332
[2026-04-08 05:10:00,152] INFO: Time: 6.447291360999998; Command Position: 2.0787996310496912; Output Position: 2.0627780539317744
[2026-04-08 05:10:00,154] INFO: Time: 6.449357921000001; Command Position: 2.0787996310496912; Output Position: 2.0627354433543332
[2026-04-08 05:10:00,156] INFO: Time: 6.45142077700001; Command Position: 2.0787996310496912; Output Position: 2.0627780539317744
[2026-04-08 05:10:00,158] INFO: Time: 6.45348446700001; Command Position: 2.0787996310496912; Output Position: 2.062820664509216
[2026-04-08 05:10:00,160] INFO: Time: 6.455547674000002; Command Position: 2.0787996310496912; Output Position: 2.0627354433543332
[2026-04-08 05:10:00,162] INFO: Time: 6.457608475000001; Command Position: 2.0787996310496912; Output Position: 2.0627354433543332
[2026-04-08 05:10:00,165] INFO: Time: 6.460575854000012; Command Position: 2.0787996310496912; Output Position: 2.0627354433543332
[2026-04-08 05:10:00,167] INFO: Time: 6.462639413000005; Command Position: 2.0787996310496912; Output Position: 2.0627354433543332
[2026-04-08 05:10:00,169] INFO: Time: 6.4647009180000055; Command Position: 2.0787996310496912; Output Position: 2.0627354433543332
[2026-04-08 05:10:00,171] INFO: Time: 6.4667644399999915; Command Position: 2.0787996310496912; Output Position: 2.0627354433543332
[2026-04-08 05:10:00,173] INFO: Time: 6.468826592999989; Command Position: 2.0787996310496912; Output Position: 2.0627780539317744
[2026-04-08 05:10:00,175] INFO: Time: 6.470889782; Command Position: 2.0787996310496912; Output Position: 2.0627780539317744
[2026-04-08 05:10:00,178] INFO: Time: 6.472953711999992; Command Position: 2.0787996310496912; Output Position: 2.0627354433543332
[2026-04-08 05:10:00,180] INFO: Time: 6.47501293900001; Command Position: 2.0787996310496912; Output Position: 2.0627354433543332
[2026-04-08 05:10:00,182] INFO: Time: 6.47709248000001; Command Position: 2.0787996310496912; Output Position: 2.0627354433543332
[2026-04-08 05:10:00,184] INFO: Time: 6.479162446999993; Command Position: 2.0787996310496912; Output Position: 2.0627354433543332
[2026-04-08 05:10:00,186] INFO: Time: 6.481228487999999; Command Position: 2.0787996310496912; Output Position: 2.0627354433543332
[2026-04-08 05:10:00,188] INFO: Time: 6.483289251000002; Command Position: 2.0787996310496912; Output Position: 2.0627780539317744
[2026-04-08 05:10:00,190] INFO: Time: 6.485356625999998; Command Position: 2.0787996310496912; Output Position: 2.062692832776892
[2026-04-08 05:10:00,192] INFO: Time: 6.487419778000003; Command Position: 2.0787996310496912; Output Position: 2.0627354433543332
[2026-04-08 05:10:00,194] INFO: Time: 6.48948098599999; Command Position: 2.0787996310496912; Output Position: 2.0627780539317744
[2026-04-08 05:10:00,196] INFO: Time: 6.491547176000012; Command Position: 2.0787996310496912; Output Position: 2.0627354433543332
[2026-04-08 05:10:00,198] INFO: Time: 6.493610864999994; Command Position: 2.0787996310496912; Output Position: 2.0627780539317744
[2026-04-08 05:10:00,200] INFO: Time: 6.495671517000005; Command Position: 2.0787996310496912; Output Position: 2.0627780539317744
[2026-04-08 05:10:00,202] INFO: Time: 6.497736298999996; Command Position: 2.0787996310496912; Output Position: 2.0627780539317744
[2026-04-08 05:10:00,204] INFO: Time: 6.499798859000009; Command Position: 2.0787996310496912; Output Position: 2.0627354433543332
[2026-04-08 05:10:00,206] INFO: Time: 6.501859566999997; Command Position: 2.0787996310496912; Output Position: 2.0627354433543332
[2026-04-08 05:10:00,208] INFO: Time: 6.5039224600000125; Command Position: 2.0787996310496912; Output Position: 2.0627354433543332
[2026-04-08 05:10:00,211] INFO: Time: 6.505986186000001; Command Position: 2.0787996310496912; Output Position: 2.0627780539317744
[2026-04-08 05:10:00,213] INFO: Time: 6.50804711699999; Command Position: 2.0787996310496912; Output Position: 2.0627354433543332
[2026-04-08 05:10:00,215] INFO: Time: 6.510121158000004; Command Position: 2.0787996310496912; Output Position: 2.062692832776892
[2026-04-08 05:10:00,217] INFO: Time: 6.512185772999999; Command Position: 2.0787996310496912; Output Position: 2.0627354433543332
[2026-04-08 05:10:00,219] INFO: Time: 6.514247425000008; Command Position: 2.0787996310496912; Output Position: 2.0627780539317744
[2026-04-08 05:10:00,221] INFO: Time: 6.516566240000003; Command Position: 2.0787996310496912; Output Position: 2.0627354433543332
[2026-04-08 05:10:00,223] INFO: Time: 6.518629948000012; Command Position: 2.0787996310496912; Output Position: 2.0627354433543332
[2026-04-08 05:10:00,225] INFO: Time: 6.520691897000006; Command Position: 2.0787996310496912; Output Position: 2.0627354433543332
[2026-04-08 05:10:00,227] INFO: Time: 6.522759401000002; Command Position: 2.0787996310496912; Output Position: 2.0627780539317744
[2026-04-08 05:10:00,229] INFO: Time: 6.5248237200000005; Command Position: 2.0787996310496912; Output Position: 2.0627780539317744
[2026-04-08 05:10:00,231] INFO: Time: 6.5268850950000115; Command Position: 2.0787996310496912; Output Position: 2.0627354433543332
[2026-04-08 05:10:00,234] INFO: Time: 6.529073874999995; Command Position: 2.0787996310496912; Output Position: 2.0627780539317744
[2026-04-08 05:10:00,236] INFO: Time: 6.531142194000012; Command Position: 2.0787996310496912; Output Position: 2.0627354433543332
[2026-04-08 05:10:00,238] INFO: Time: 6.533206030999992; Command Position: 2.0787996310496912; Output Position: 2.0627354433543332
[2026-04-08 05:10:00,240] INFO: Time: 6.535270480000008; Command Position: 2.0787996310496912; Output Position: 2.0627354433543332
[2026-04-08 05:10:00,242] INFO: Time: 6.537332799000012; Command Position: 2.0787996310496912; Output Position: 2.0627354433543332
[2026-04-08 05:10:00,244] INFO: Time: 6.539394377000008; Command Position: 2.0787996310496912; Output Position: 2.0627354433543332
[2026-04-08 05:10:00,246] INFO: Time: 6.5414581219999945; Command Position: 2.0787996310496912; Output Position: 2.0627354433543332
[2026-04-08 05:10:00,248] INFO: Time: 6.543522884999987; Command Position: 2.0787996310496912; Output Position: 2.0627780539317744
[2026-04-08 05:10:00,250] INFO: Time: 6.545584316000003; Command Position: 2.0787996310496912; Output Position: 2.0627354433543332
[2026-04-08 05:10:00,252] INFO: Time: 6.547648078999998; Command Position: 2.0787996310496912; Output Position: 2.0627354433543332
[2026-04-08 05:10:00,254] INFO: Time: 6.549709860999997; Command Position: 2.0787996310496912; Output Position: 2.0627354433543332
[2026-04-08 05:10:00,256] INFO: Time: 6.551770753999989; Command Position: 2.0787996310496912; Output Position: 2.0627780539317744
[2026-04-08 05:10:00,258] INFO: Time: 6.553838294999991; Command Position: 2.0787996310496912; Output Position: 2.0627354433543332
[2026-04-08 05:10:00,261] INFO: Time: 6.555914521000005; Command Position: 2.0787996310496912; Output Position: 2.0627354433543332
[2026-04-08 05:10:00,263] INFO: Time: 6.557980025999996; Command Position: 2.0787996310496912; Output Position: 2.0627354433543332
[2026-04-08 05:10:00,265] INFO: Time: 6.560045363; Command Position: 2.0787996310496912; Output Position: 2.0627354433543332
[2026-04-08 05:10:00,267] INFO: Time: 6.562109940999989; Command Position: 2.0787996310496912; Output Position: 2.0627354433543332
[2026-04-08 05:10:00,271] INFO: Time: 6.564175483000014; Command Position: 2.0787996310496912; Output Position: 2.0627780539317744
[2026-04-08 05:10:00,271] INFO: Time: 6.566643276999997; Command Position: 2.0787996310496912; Output Position: 2.0627780539317744
[2026-04-08 05:10:00,273] INFO: Time: 6.568709503000008; Command Position: 2.0787996310496912; Output Position: 2.0627354433543332
[2026-04-08 05:10:00,275] INFO: Time: 6.570769506999994; Command Position: 2.0787996310496912; Output Position: 2.0627354433543332
[2026-04-08 05:10:00,277] INFO: Time: 6.572833473999992; Command Position: 2.0787996310496912; Output Position: 2.0627354433543332
[2026-04-08 05:10:00,279] INFO: Time: 6.574895867999999; Command Position: 2.0787996310496912; Output Position: 2.0627354433543332
[2026-04-08 05:10:00,282] INFO: Time: 6.576956668000008; Command Position: 2.0787996310496912; Output Position: 2.0627354433543332
[2026-04-08 05:10:00,284] INFO: Time: 6.579020098000001; Command Position: 2.0787996310496912; Output Position: 2.062692832776892
[2026-04-08 05:10:00,286] INFO: Time: 6.581084325000006; Command Position: 2.0787996310496912; Output Position: 2.0627780539317744
[2026-04-08 05:10:00,288] INFO: Time: 6.583146625000012; Command Position: 2.0787996310496912; Output Position: 2.0627354433543332
[2026-04-08 05:10:00,290] INFO: Time: 6.585210721999999; Command Position: 2.0787996310496912; Output Position: 2.0627354433543332
[2026-04-08 05:10:00,292] INFO: Time: 6.58727309599999; Command Position: 2.0787996310496912; Output Position: 2.0627354433543332
[2026-04-08 05:10:00,294] INFO: Time: 6.589334527000005; Command Position: 2.0787996310496912; Output Position: 2.0627354433543332
[2026-04-08 05:10:00,296] INFO: Time: 6.591397696999991; Command Position: 2.0787996310496912; Output Position: 2.0627354433543332
[2026-04-08 05:10:00,298] INFO: Time: 6.593459961000008; Command Position: 2.0787996310496912; Output Position: 2.062692832776892
[2026-04-08 05:10:00,300] INFO: Time: 6.595524484000009; Command Position: 2.0787996310496912; Output Position: 2.0627354433543332
[2026-04-08 05:10:00,302] INFO: Time: 6.597591636000004; Command Position: 2.0787996310496912; Output Position: 2.0627780539317744
[2026-04-08 05:10:00,304] INFO: Time: 6.599654973000014; Command Position: 2.0787996310496912; Output Position: 2.062650222199451
[2026-04-08 05:10:00,306] INFO: Time: 6.601720828999987; Command Position: 2.0787996310496912; Output Position: 2.0627780539317744
[2026-04-08 05:10:00,308] INFO: Time: 6.603785907999992; Command Position: 2.0787996310496912; Output Position: 2.0627354433543332
[2026-04-08 05:10:00,310] INFO: Time: 6.605848801000008; Command Position: 2.0787996310496912; Output Position: 2.0627780539317744
[2026-04-08 05:10:00,312] INFO: Time: 6.607912749000008; Command Position: 2.0787996310496912; Output Position: 2.0627780539317744
[2026-04-08 05:10:00,315] INFO: Time: 6.609976383000003; Command Position: 2.0787996310496912; Output Position: 2.0627354433543332
[2026-04-08 05:10:00,317] INFO: Time: 6.612035499000001; Command Position: 2.0787996310496912; Output Position: 2.0627354433543332
[2026-04-08 05:10:00,319] INFO: Time: 6.614084947999999; Command Position: 2.0787996310496912; Output Position: 2.0627780539317744
[2026-04-08 05:10:00,321] INFO: Time: 6.616148804000005; Command Position: 2.0787996310496912; Output Position: 2.0627354433543332
[2026-04-08 05:10:00,323] INFO: Time: 6.618211510999998; Command Position: 2.0787996310496912; Output Position: 2.062692832776892
[2026-04-08 05:10:00,325] INFO: Time: 6.620272459999995; Command Position: 2.0787996310496912; Output Position: 2.0627354433543332
[2026-04-08 05:10:00,327] INFO: Time: 6.622340242000007; Command Position: 2.0787996310496912; Output Position: 2.0627780539317744
[2026-04-08 05:10:00,329] INFO: Time: 6.624404228000003; Command Position: 2.0787996310496912; Output Position: 2.0627354433543332
[2026-04-08 05:10:00,331] INFO: Time: 6.626465028000013; Command Position: 2.0787996310496912; Output Position: 2.0627354433543332
[2026-04-08 05:10:00,333] INFO: Time: 6.62858903099999; Command Position: 2.0787996310496912; Output Position: 2.0627354433543332
[2026-04-08 05:10:00,335] INFO: Time: 6.630652943000001; Command Position: 2.0787996310496912; Output Position: 2.0627354433543332
[2026-04-08 05:10:00,337] INFO: Time: 6.6327138549999916; Command Position: 2.0787996310496912; Output Position: 2.0627354433543332
[2026-04-08 05:10:00,339] INFO: Time: 6.634777025999995; Command Position: 2.0787996310496912; Output Position: 2.0627780539317744
[2026-04-08 05:10:00,341] INFO: Time: 6.636839659000003; Command Position: 2.0787996310496912; Output Position: 2.0627354433543332
[2026-04-08 05:10:00,343] INFO: Time: 6.638900478000011; Command Position: 2.0787996310496912; Output Position: 2.0627354433543332
[2026-04-08 05:10:00,346] INFO: Time: 6.640965816000005; Command Position: 2.0787996310496912; Output Position: 2.0627354433543332
[2026-04-08 05:10:00,348] INFO: Time: 6.643029468000009; Command Position: 2.0787996310496912; Output Position: 2.0627354433543332
[2026-04-08 05:10:00,350] INFO: Time: 6.645090823999993; Command Position: 2.0787996310496912; Output Position: 2.0627354433543332
[2026-04-08 05:10:00,352] INFO: Time: 6.647153309999993; Command Position: 2.0787996310496912; Output Position: 2.0627780539317744
[2026-04-08 05:10:00,354] INFO: Time: 6.649215851000008; Command Position: 2.0787996310496912; Output Position: 2.0627780539317744
[2026-04-08 05:10:00,356] INFO: Time: 6.651276652000007; Command Position: 2.0787996310496912; Output Position: 2.0627354433543332
[2026-04-08 05:10:00,358] INFO: Time: 6.653339563999992; Command Position: 2.0787996310496912; Output Position: 2.0627354433543332
[2026-04-08 05:10:00,360] INFO: Time: 6.655404307999987; Command Position: 2.0787996310496912; Output Position: 2.062692832776892
[2026-04-08 05:10:00,362] INFO: Time: 6.657466793999987; Command Position: 2.0787996310496912; Output Position: 2.0627354433543332
[2026-04-08 05:10:00,364] INFO: Time: 6.659530224000008; Command Position: 2.0787996310496912; Output Position: 2.0627354433543332
[2026-04-08 05:10:00,366] INFO: Time: 6.661592710000008; Command Position: 2.0787996310496912; Output Position: 2.0627780539317744
[2026-04-08 05:10:00,368] INFO: Time: 6.663653584999992; Command Position: 2.0787996310496912; Output Position: 2.0627780539317744
[2026-04-08 05:10:00,370] INFO: Time: 6.665716792000012; Command Position: 2.0787996310496912; Output Position: 2.0627354433543332
[2026-04-08 05:10:00,372] INFO: Time: 6.667777741000009; Command Position: 2.0787996310496912; Output Position: 2.062692832776892
[2026-04-08 05:10:00,374] INFO: Time: 6.669838153000001; Command Position: 2.0787996310496912; Output Position: 2.0627780539317744
[2026-04-08 05:10:00,376] INFO: Time: 6.671905009; Command Position: 2.0787996310496912; Output Position: 2.0627354433543332
[2026-04-08 05:10:00,379] INFO: Time: 6.673968253999988; Command Position: 2.0787996310496912; Output Position: 2.0627354433543332
[2026-04-08 05:10:00,381] INFO: Time: 6.676029368999991; Command Position: 2.0787996310496912; Output Position: 2.0627780539317744
[2026-04-08 05:10:00,383] INFO: Time: 6.678091799000015; Command Position: 2.0787996310496912; Output Position: 2.0627354433543332
[2026-04-08 05:10:00,385] INFO: Time: 6.680333264000012; Command Position: 2.0787996310496912; Output Position: 2.0627354433543332
[2026-04-08 05:10:00,387] INFO: Time: 6.682394490000007; Command Position: 2.0787996310496912; Output Position: 2.0627354433543332
[2026-04-08 05:10:00,389] INFO: Time: 6.684457865000013; Command Position: 2.0787996310496912; Output Position: 2.0627354433543332
[2026-04-08 05:10:00,391] INFO: Time: 6.686594460000009; Command Position: 2.0787996310496912; Output Position: 2.0627354433543332
[2026-04-08 05:10:00,393] INFO: Time: 6.688655427000015; Command Position: 2.0787996310496912; Output Position: 2.0627354433543332
[2026-04-08 05:10:00,395] INFO: Time: 6.690718524000005; Command Position: 2.0787996310496912; Output Position: 2.0627354433543332
[2026-04-08 05:10:00,397] INFO: Time: 6.692780528000014; Command Position: 2.0787996310496912; Output Position: 2.0627780539317744
[2026-04-08 05:10:00,399] INFO: Time: 6.694842050999995; Command Position: 2.0787996310496912; Output Position: 2.0627354433543332
[2026-04-08 05:10:00,401] INFO: Time: 6.696905832999988; Command Position: 2.0787996310496912; Output Position: 2.0627780539317744
[2026-04-08 05:10:00,404] INFO: Time: 6.6989641149999954; Command Position: 2.0787996310496912; Output Position: 2.062692832776892
[2026-04-08 05:10:00,406] INFO: Time: 6.701024711999992; Command Position: 2.0787996310496912; Output Position: 2.062692832776892
[2026-04-08 05:10:00,408] INFO: Time: 6.703088530999992; Command Position: 2.0787996310496912; Output Position: 2.062692832776892
[2026-04-08 05:10:00,410] INFO: Time: 6.705147627999992; Command Position: 2.0787996310496912; Output Position: 2.0627780539317744
[2026-04-08 05:10:00,412] INFO: Time: 6.7072106880000035; Command Position: 2.0787996310496912; Output Position: 2.0627354433543332
[2026-04-08 05:10:00,414] INFO: Time: 6.709274303000001; Command Position: 2.0787996310496912; Output Position: 2.0627354433543332
[2026-04-08 05:10:00,416] INFO: Time: 6.711336880999994; Command Position: 2.0787996310496912; Output Position: 2.0627780539317744
[2026-04-08 05:10:00,418] INFO: Time: 6.713397310999994; Command Position: 2.0787996310496912; Output Position: 2.0627354433543332
[2026-04-08 05:10:00,420] INFO: Time: 6.715460538000002; Command Position: 2.0787996310496912; Output Position: 2.0627354433543332
[2026-04-08 05:10:00,422] INFO: Time: 6.71752256100001; Command Position: 2.0787996310496912; Output Position: 2.062692832776892
[2026-04-08 05:10:00,424] INFO: Time: 6.719583379999989; Command Position: 2.0787996310496912; Output Position: 2.0627780539317744
[2026-04-08 05:10:00,426] INFO: Time: 6.721645642999988; Command Position: 2.0787996310496912; Output Position: 2.0627354433543332
[2026-04-08 05:10:00,428] INFO: Time: 6.723713906; Command Position: 2.0787996310496912; Output Position: 2.0627354433543332
[2026-04-08 05:10:00,430] INFO: Time: 6.725775448000007; Command Position: 2.0787996310496912; Output Position: 2.0627354433543332
[2026-04-08 05:10:00,432] INFO: Time: 6.727838544000008; Command Position: 2.0787996310496912; Output Position: 2.0627780539317744
[2026-04-08 05:10:00,434] INFO: Time: 6.729901288999997; Command Position: 2.0787996310496912; Output Position: 2.0627780539317744
[2026-04-08 05:10:00,437] INFO: Time: 6.731961960000007; Command Position: 2.0787996310496912; Output Position: 2.0627354433543332
[2026-04-08 05:10:00,439] INFO: Time: 6.734025556999995; Command Position: 2.0787996310496912; Output Position: 2.0627354433543332
[2026-04-08 05:10:00,441] INFO: Time: 6.736084524000006; Command Position: 2.0787996310496912; Output Position: 2.0627354433543332
[2026-04-08 05:10:00,443] INFO: Time: 6.738169916999993; Command Position: 2.0787996310496912; Output Position: 2.062692832776892
[2026-04-08 05:10:00,445] INFO: Time: 6.740300716999997; Command Position: 2.0787996310496912; Output Position: 2.0627780539317744
[2026-04-08 05:10:00,447] INFO: Time: 6.742373869000005; Command Position: 2.0787996310496912; Output Position: 2.0627354433543332
[2026-04-08 05:10:00,449] INFO: Time: 6.744437836000003; Command Position: 2.0787996310496912; Output Position: 2.0627780539317744
[2026-04-08 05:10:00,451] INFO: Time: 6.746503710000013; Command Position: 2.0787996310496912; Output Position: 2.0627780539317744
[2026-04-08 05:10:00,453] INFO: Time: 6.748566455000002; Command Position: 2.0787996310496912; Output Position: 2.0627780539317744
[2026-04-08 05:10:00,455] INFO: Time: 6.7506276999999955; Command Position: 2.0787996310496912; Output Position: 2.062692832776892
[2026-04-08 05:10:00,457] INFO: Time: 6.752816184000011; Command Position: 2.0787996310496912; Output Position: 2.0627780539317744
[2026-04-08 05:10:00,459] INFO: Time: 6.754880076999996; Command Position: 2.0787996310496912; Output Position: 2.0627354433543332
[2026-04-08 05:10:00,461] INFO: Time: 6.7569416739999895; Command Position: 2.0787996310496912; Output Position: 2.0627354433543332
[2026-04-08 05:10:00,464] INFO: Time: 6.759007733999994; Command Position: 2.0787996310496912; Output Position: 2.0627780539317744
[2026-04-08 05:10:00,466] INFO: Time: 6.76107184899999; Command Position: 2.0787996310496912; Output Position: 2.0627780539317744
[2026-04-08 05:10:00,468] INFO: Time: 6.763132630999991; Command Position: 2.0787996310496912; Output Position: 2.0627354433543332
[2026-04-08 05:10:00,470] INFO: Time: 6.765196042000014; Command Position: 2.0787996310496912; Output Position: 2.0627354433543332
[2026-04-08 05:10:00,472] INFO: Time: 6.767258510000005; Command Position: 2.0787996310496912; Output Position: 2.0627780539317744
[2026-04-08 05:10:00,474] INFO: Time: 6.769318940000005; Command Position: 2.0787996310496912; Output Position: 2.0627354433543332
[2026-04-08 05:10:00,476] INFO: Time: 6.771385702999993; Command Position: 2.0787996310496912; Output Position: 2.0627354433543332
[2026-04-08 05:10:00,478] INFO: Time: 6.773449892999992; Command Position: 2.0787996310496912; Output Position: 2.0627354433543332
[2026-04-08 05:10:00,480] INFO: Time: 6.775511007999995; Command Position: 2.0787996310496912; Output Position: 2.0627354433543332
[2026-04-08 05:10:00,482] INFO: Time: 6.777573308000001; Command Position: 2.0787996310496912; Output Position: 2.0627780539317744
[2026-04-08 05:10:00,484] INFO: Time: 6.779634998000006; Command Position: 2.0787996310496912; Output Position: 2.0627354433543332
[2026-04-08 05:10:00,486] INFO: Time: 6.781695853999992; Command Position: 2.0787996310496912; Output Position: 2.0627354433543332
[2026-04-08 05:10:00,488] INFO: Time: 6.783757968999993; Command Position: 2.0787996310496912; Output Position: 2.0627354433543332
[2026-04-08 05:10:00,490] INFO: Time: 6.785821066000011; Command Position: 2.0787996310496912; Output Position: 2.0627354433543332
[2026-04-08 05:10:00,492] INFO: Time: 6.787887495999996; Command Position: 2.0787996310496912; Output Position: 2.062692832776892
[2026-04-08 05:10:00,495] INFO: Time: 6.789951352000003; Command Position: 2.0787996310496912; Output Position: 2.0627354433543332
[2026-04-08 05:10:00,497] INFO: Time: 6.7920136710000065; Command Position: 2.0787996310496912; Output Position: 2.0627354433543332
[2026-04-08 05:10:00,499] INFO: Time: 6.794073972000007; Command Position: 2.0787996310496912; Output Position: 2.062692832776892
[2026-04-08 05:10:00,501] INFO: Time: 6.796136808999989; Command Position: 2.0787996310496912; Output Position: 2.0627354433543332
[2026-04-08 05:10:00,503] INFO: Time: 6.7981995359999985; Command Position: 2.0787996310496912; Output Position: 2.0627354433543332
[2026-04-08 05:10:00,505] INFO: Time: 6.8002597439999874; Command Position: 2.0787996310496912; Output Position: 2.0627780539317744
[2026-04-08 05:10:00,507] INFO: Time: 6.802322341000007; Command Position: 2.0787996310496912; Output Position: 2.062692832776892
[2026-04-08 05:10:00,509] INFO: Time: 6.804388141000004; Command Position: 2.0787996310496912; Output Position: 2.0627780539317744
[2026-04-08 05:10:00,511] INFO: Time: 6.80645066400001; Command Position: 2.0787996310496912; Output Position: 2.0627354433543332
[2026-04-08 05:10:00,513] INFO: Time: 6.808515185999994; Command Position: 2.0787996310496912; Output Position: 2.0627354433543332
[2026-04-08 05:10:00,515] INFO: Time: 6.810577894000005; Command Position: 2.0787996310496912; Output Position: 2.0627354433543332
[2026-04-08 05:10:00,517] INFO: Time: 6.812638638999999; Command Position: 2.0787996310496912; Output Position: 2.0627780539317744
[2026-04-08 05:10:00,519] INFO: Time: 6.814703236000014; Command Position: 2.0787996310496912; Output Position: 2.0627780539317744
[2026-04-08 05:10:00,521] INFO: Time: 6.816765350999987; Command Position: 2.0787996310496912; Output Position: 2.0627780539317744
[2026-04-08 05:10:00,523] INFO: Time: 6.818828558999996; Command Position: 2.0787996310496912; Output Position: 2.0627780539317744
[2026-04-08 05:10:00,525] INFO: Time: 6.820893304000009; Command Position: 2.0787996310496912; Output Position: 2.0627354433543332
[2026-04-08 05:10:00,528] INFO: Time: 6.822957123000009; Command Position: 2.0787996310496912; Output Position: 2.0627354433543332
[2026-04-08 05:10:00,530] INFO: Time: 6.825017626999994; Command Position: 2.0787996310496912; Output Position: 2.0627780539317744
[2026-04-08 05:10:00,532] INFO: Time: 6.8270804649999945; Command Position: 2.0787996310496912; Output Position: 2.0627780539317744
[2026-04-08 05:10:00,534] INFO: Time: 6.82914289499999; Command Position: 2.0787996310496912; Output Position: 2.0627354433543332
[2026-04-08 05:10:00,536] INFO: Time: 6.831203418000001; Command Position: 2.0787996310496912; Output Position: 2.0627780539317744
[2026-04-08 05:10:00,538] INFO: Time: 6.833269126000005; Command Position: 2.0787996310496912; Output Position: 2.0627354433543332
[2026-04-08 05:10:00,540] INFO: Time: 6.83533349999999; Command Position: 2.0787996310496912; Output Position: 2.0627354433543332
[2026-04-08 05:10:00,542] INFO: Time: 6.8373940969999865; Command Position: 2.0787996310496912; Output Position: 2.0627780539317744
[2026-04-08 05:10:00,544] INFO: Time: 6.839457564000014; Command Position: 2.0787996310496912; Output Position: 2.062692832776892
[2026-04-08 05:10:00,546] INFO: Time: 6.8415240870000105; Command Position: 2.0787996310496912; Output Position: 2.062692832776892
[2026-04-08 05:10:00,548] INFO: Time: 6.843586832; Command Position: 2.0787996310496912; Output Position: 2.0627354433543332
[2026-04-08 05:10:00,550] INFO: Time: 6.845649651000002; Command Position: 2.0787996310496912; Output Position: 2.0627354433543332
[2026-04-08 05:10:00,552] INFO: Time: 6.8477125249999915; Command Position: 2.0787996310496912; Output Position: 2.0627354433543332
[2026-04-08 05:10:00,554] INFO: Time: 6.84977538199999; Command Position: 2.0787996310496912; Output Position: 2.062692832776892
[2026-04-08 05:10:00,556] INFO: Time: 6.851839700999989; Command Position: 2.0787996310496912; Output Position: 2.0627354433543332
[2026-04-08 05:10:00,558] INFO: Time: 6.853902648999991; Command Position: 2.0787996310496912; Output Position: 2.062820664509216
[2026-04-08 05:10:00,561] INFO: Time: 6.855971356999987; Command Position: 2.0787996310496912; Output Position: 2.062692832776892
[2026-04-08 05:10:00,563] INFO: Time: 6.858038991000001; Command Position: 2.0787996310496912; Output Position: 2.0627354433543332
[2026-04-08 05:10:00,565] INFO: Time: 6.860099162000012; Command Position: 2.0787996310496912; Output Position: 2.0627354433543332
[2026-04-08 05:10:00,570] INFO: Time: 6.8621844060000114; Command Position: 2.0787996310496912; Output Position: 2.0627780539317744
[2026-04-08 05:10:00,571] INFO: Time: 6.866192304999998; Command Position: 2.0787996310496912; Output Position: 2.0627780539317744
[2026-04-08 05:10:00,573] INFO: Time: 6.868280569000007; Command Position: 2.0787996310496912; Output Position: 2.0627354433543332
[2026-04-08 05:10:00,575] INFO: Time: 6.870349127999987; Command Position: 2.0787996310496912; Output Position: 2.062692832776892
[2026-04-08 05:10:00,577] INFO: Time: 6.872404114000005; Command Position: 2.0787996310496912; Output Position: 2.0627780539317744
[2026-04-08 05:10:00,579] INFO: Time: 6.874465710999999; Command Position: 2.0787996310496912; Output Position: 2.062692832776892
[2026-04-08 05:10:00,581] INFO: Time: 6.876525955999995; Command Position: 2.0787996310496912; Output Position: 2.0627780539317744
[2026-04-08 05:10:00,583] INFO: Time: 6.8785905899999875; Command Position: 2.0787996310496912; Output Position: 2.0627354433543332
[2026-04-08 05:10:00,585] INFO: Time: 6.880652520000012; Command Position: 2.0787996310496912; Output Position: 2.0627354433543332
[2026-04-08 05:10:00,587] INFO: Time: 6.882714708999998; Command Position: 2.0787996310496912; Output Position: 2.0627354433543332
[2026-04-08 05:10:00,589] INFO: Time: 6.884780712999998; Command Position: 2.0787996310496912; Output Position: 2.0627354433543332
[2026-04-08 05:10:00,591] INFO: Time: 6.886842865999995; Command Position: 2.0787996310496912; Output Position: 2.0627354433543332
[2026-04-08 05:10:00,593] INFO: Time: 6.888903481; Command Position: 2.0787996310496912; Output Position: 2.0627354433543332
[2026-04-08 05:10:00,596] INFO: Time: 6.890967281999991; Command Position: 2.0787996310496912; Output Position: 2.0627780539317744
[2026-04-08 05:10:00,598] INFO: Time: 6.893033099999997; Command Position: 2.0787996310496912; Output Position: 2.0627354433543332
[2026-04-08 05:10:00,600] INFO: Time: 6.895096364000011; Command Position: 2.0787996310496912; Output Position: 2.0627354433543332
[2026-04-08 05:10:00,602] INFO: Time: 6.897161441999998; Command Position: 2.0787996310496912; Output Position: 2.0627780539317744
[2026-04-08 05:10:00,604] INFO: Time: 6.899224669000006; Command Position: 2.0787996310496912; Output Position: 2.0627354433543332
[2026-04-08 05:10:00,606] INFO: Time: 6.901286951000003; Command Position: 2.0787996310496912; Output Position: 2.0627354433543332
[2026-04-08 05:10:00,608] INFO: Time: 6.903357362000008; Command Position: 2.0787996310496912; Output Position: 2.0627354433543332
[2026-04-08 05:10:00,610] INFO: Time: 6.905425514000001; Command Position: 2.0787996310496912; Output Position: 2.0627354433543332
[2026-04-08 05:10:00,612] INFO: Time: 6.907486870000014; Command Position: 2.0787996310496912; Output Position: 2.0627354433543332
[2026-04-08 05:10:00,614] INFO: Time: 6.909630910000004; Command Position: 2.0787996310496912; Output Position: 2.0627780539317744
[2026-04-08 05:10:00,616] INFO: Time: 6.911691136999991; Command Position: 2.0787996310496912; Output Position: 2.062692832776892
[2026-04-08 05:10:00,618] INFO: Time: 6.913751918999992; Command Position: 2.0787996310496912; Output Position: 2.0627354433543332
[2026-04-08 05:10:00,620] INFO: Time: 6.91581986700001; Command Position: 2.0787996310496912; Output Position: 2.0627354433543332
[2026-04-08 05:10:00,622] INFO: Time: 6.917884242000014; Command Position: 2.0787996310496912; Output Position: 2.0627780539317744
[2026-04-08 05:10:00,625] INFO: Time: 6.9199458200000095; Command Position: 2.0787996310496912; Output Position: 2.0627780539317744
[2026-04-08 05:10:00,627] INFO: Time: 6.9220148240000015; Command Position: 2.0787996310496912; Output Position: 2.0627354433543332
[2026-04-08 05:10:00,629] INFO: Time: 6.92407503199999; Command Position: 2.0787996310496912; Output Position: 2.0627354433543332
[2026-04-08 05:10:00,631] INFO: Time: 6.926136240000005; Command Position: 2.0787996310496912; Output Position: 2.0627354433543332
[2026-04-08 05:10:00,633] INFO: Time: 6.928200059000005; Command Position: 2.0787996310496912; Output Position: 2.0627780539317744
[2026-04-08 05:10:00,635] INFO: Time: 6.930270396999987; Command Position: 2.0787996310496912; Output Position: 2.062692832776892
[2026-04-08 05:10:00,637] INFO: Time: 6.932335123000001; Command Position: 2.0787996310496912; Output Position: 2.0627354433543332
[2026-04-08 05:10:00,639] INFO: Time: 6.934405349000002; Command Position: 2.0787996310496912; Output Position: 2.062692832776892
[2026-04-08 05:10:00,641] INFO: Time: 6.936470428000007; Command Position: 2.0787996310496912; Output Position: 2.0627780539317744
[2026-04-08 05:10:00,643] INFO: Time: 6.938531747000013; Command Position: 2.0787996310496912; Output Position: 2.0627780539317744
[2026-04-08 05:10:00,645] INFO: Time: 6.940595787999996; Command Position: 2.0787996310496912; Output Position: 2.062692832776892
[2026-04-08 05:10:00,647] INFO: Time: 6.942658533000014; Command Position: 2.0787996310496912; Output Position: 2.0627354433543332
[2026-04-08 05:10:00,649] INFO: Time: 6.944721611000006; Command Position: 2.0787996310496912; Output Position: 2.0627780539317744
[2026-04-08 05:10:00,651] INFO: Time: 6.946787596999997; Command Position: 2.0787996310496912; Output Position: 2.0627354433543332
[2026-04-08 05:10:00,653] INFO: Time: 6.948849582999998; Command Position: 2.0787996310496912; Output Position: 2.0627354433543332
[2026-04-08 05:10:00,655] INFO: Time: 6.950910068000013; Command Position: 2.0787996310496912; Output Position: 2.0627354433543332
[2026-04-08 05:10:00,658] INFO: Time: 6.9529732759999945; Command Position: 2.0787996310496912; Output Position: 2.0627354433543332
[2026-04-08 05:10:00,660] INFO: Time: 6.955035317000011; Command Position: 2.0787996310496912; Output Position: 2.0627354433543332
[2026-04-08 05:10:00,662] INFO: Time: 6.957098247999994; Command Position: 2.0787996310496912; Output Position: 2.0627354433543332
[2026-04-08 05:10:00,664] INFO: Time: 6.959163399999994; Command Position: 2.0787996310496912; Output Position: 2.0627354433543332
[2026-04-08 05:10:00,666] INFO: Time: 6.961226551999999; Command Position: 2.0787996310496912; Output Position: 2.0627780539317744
[2026-04-08 05:10:00,668] INFO: Time: 6.963287111999989; Command Position: 2.0787996310496912; Output Position: 2.0627354433543332
[2026-04-08 05:10:00,670] INFO: Time: 6.965350301000001; Command Position: 2.0787996310496912; Output Position: 2.062692832776892
[2026-04-08 05:10:00,672] INFO: Time: 6.967412620000005; Command Position: 2.0787996310496912; Output Position: 2.0627780539317744
[2026-04-08 05:10:00,674] INFO: Time: 6.96947345800001; Command Position: 2.0787996310496912; Output Position: 2.0627780539317744
[2026-04-08 05:10:00,676] INFO: Time: 6.971540183999991; Command Position: 2.0787996310496912; Output Position: 2.0627780539317744
[2026-04-08 05:10:00,678] INFO: Time: 6.973605114000009; Command Position: 2.0787996310496912; Output Position: 2.0627354433543332
[2026-04-08 05:10:00,680] INFO: Time: 6.975665988999992; Command Position: 2.0787996310496912; Output Position: 2.062692832776892
[2026-04-08 05:10:00,682] INFO: Time: 6.977733623000006; Command Position: 2.0787996310496912; Output Position: 2.0627354433543332
[2026-04-08 05:10:00,684] INFO: Time: 6.97979388600001; Command Position: 2.0787996310496912; Output Position: 2.0627354433543332
[2026-04-08 05:10:00,686] INFO: Time: 6.981854483000006; Command Position: 2.0787996310496912; Output Position: 2.0627354433543332
[2026-04-08 05:10:00,688] INFO: Time: 6.983917912999999; Command Position: 2.0787996310496912; Output Position: 2.0627354433543332
[2026-04-08 05:10:00,691] INFO: Time: 6.985983250999993; Command Position: 2.0787996310496912; Output Position: 2.0627354433543332
[2026-04-08 05:10:00,693] INFO: Time: 6.988044792000011; Command Position: 2.0787996310496912; Output Position: 2.0627354433543332
[2026-04-08 05:10:00,695] INFO: Time: 6.99010814799999; Command Position: 2.0787996310496912; Output Position: 2.0627354433543332
[2026-04-08 05:10:00,697] INFO: Time: 6.992171003999999; Command Position: 2.0787996310496912; Output Position: 2.0627354433543332
[2026-04-08 05:10:00,699] INFO: Time: 6.994231379000013; Command Position: 2.0787996310496912; Output Position: 2.0627354433543332
[2026-04-08 05:10:00,701] INFO: Time: 6.996504657000003; Command Position: 2.0787996310496912; Output Position: 2.0627780539317744
[2026-04-08 05:10:00,703] INFO: Time: 6.998565735999989; Command Position: 2.0787996310496912; Output Position: 2.0627354433543332
[2026-04-08 05:10:00,705] INFO: Time: 7.000627129000009; Command Position: 2.0787996310496912; Output Position: 2.0627354433543332
[2026-04-08 05:10:00,707] INFO: Time: 7.00269300299999; Command Position: 2.0787996310496912; Output Position: 2.0627354433543332
[2026-04-08 05:10:00,709] INFO: Time: 7.004756007999987; Command Position: 2.0787996310496912; Output Position: 2.0627780539317744
[2026-04-08 05:10:00,711] INFO: Time: 7.006815734000014; Command Position: 2.0787996310496912; Output Position: 2.0627780539317744
[2026-04-08 05:10:00,713] INFO: Time: 7.00887973799999; Command Position: 2.0787996310496912; Output Position: 2.0627354433543332
[2026-04-08 05:10:00,716] INFO: Time: 7.010943798; Command Position: 2.0787996310496912; Output Position: 2.062692832776892
[2026-04-08 05:10:00,718] INFO: Time: 7.013130152000002; Command Position: 2.0787996310496912; Output Position: 2.0627354433543332
[2026-04-08 05:10:00,720] INFO: Time: 7.015211488999995; Command Position: 2.0787996310496912; Output Position: 2.0627354433543332
[2026-04-08 05:10:00,722] INFO: Time: 7.017273770999992; Command Position: 2.0787996310496912; Output Position: 2.062692832776892
[2026-04-08 05:10:00,724] INFO: Time: 7.019336423999988; Command Position: 2.0787996310496912; Output Position: 2.0627354433543332
[2026-04-08 05:10:00,728] INFO: Time: 7.023290972000012; Command Position: 2.0787996310496912; Output Position: 2.0627354433543332
[2026-04-08 05:10:00,730] INFO: Time: 7.025352438999988; Command Position: 2.0787996310496912; Output Position: 2.0627354433543332
[2026-04-08 05:10:00,732] INFO: Time: 7.027413851000006; Command Position: 2.0787996310496912; Output Position: 2.0627354433543332
[2026-04-08 05:10:00,734] INFO: Time: 7.02947739199999; Command Position: 2.0787996310496912; Output Position: 2.0627354433543332
[2026-04-08 05:10:00,736] INFO: Time: 7.031555969999999; Command Position: 2.0787996310496912; Output Position: 2.062692832776892
[2026-04-08 05:10:00,739] INFO: Time: 7.033625289000014; Command Position: 2.0787996310496912; Output Position: 2.0627354433543332
[2026-04-08 05:10:00,740] INFO: Time: 7.035695163000014; Command Position: 2.0787996310496912; Output Position: 2.062692832776892
[2026-04-08 05:10:00,742] INFO: Time: 7.037761390000014; Command Position: 2.0787996310496912; Output Position: 2.0627354433543332
[2026-04-08 05:10:00,744] INFO: Time: 7.039824837999987; Command Position: 2.0787996310496912; Output Position: 2.062692832776892
[2026-04-08 05:10:00,746] INFO: Time: 7.041890730999995; Command Position: 2.0787996310496912; Output Position: 2.0627354433543332
[2026-04-08 05:10:00,749] INFO: Time: 7.043953327999986; Command Position: 2.0787996310496912; Output Position: 2.062692832776892
[2026-04-08 05:10:00,751] INFO: Time: 7.046013388000006; Command Position: 2.0787996310496912; Output Position: 2.0627780539317744
[2026-04-08 05:10:00,753] INFO: Time: 7.048076540000011; Command Position: 2.0787996310496912; Output Position: 2.0627354433543332
[2026-04-08 05:10:00,755] INFO: Time: 7.050138341000007; Command Position: 2.0787996310496912; Output Position: 2.0627354433543332
[2026-04-08 05:10:00,757] INFO: Time: 7.0522006040000065; Command Position: 2.0787996310496912; Output Position: 2.0627780539317744
[2026-04-08 05:10:00,759] INFO: Time: 7.0542645710000045; Command Position: 2.0787996310496912; Output Position: 2.0627780539317744
[2026-04-08 05:10:00,761] INFO: Time: 7.056327501999988; Command Position: 2.0787996310496912; Output Position: 2.062692832776892
[2026-04-08 05:10:00,763] INFO: Time: 7.058387579999987; Command Position: 2.0787996310496912; Output Position: 2.0627354433543332
[2026-04-08 05:10:00,765] INFO: Time: 7.060450379999992; Command Position: 2.0787996310496912; Output Position: 2.0627780539317744
[2026-04-08 05:10:00,767] INFO: Time: 7.06251542199999; Command Position: 2.0787996310496912; Output Position: 2.0627354433543332
[2026-04-08 05:10:00,769] INFO: Time: 7.064578554999997; Command Position: 2.0787996310496912; Output Position: 2.062692832776892
[2026-04-08 05:10:00,771] INFO: Time: 7.0666430779999985; Command Position: 2.0787996310496912; Output Position: 2.0627354433543332
[2026-04-08 05:10:00,773] INFO: Time: 7.068705268000002; Command Position: 2.0787996310496912; Output Position: 2.0627354433543332
[2026-04-08 05:10:00,775] INFO: Time: 7.070765179000006; Command Position: 2.0787996310496912; Output Position: 2.0627780539317744
[2026-04-08 05:10:00,777] INFO: Time: 7.072838423999997; Command Position: 2.0787996310496912; Output Position: 2.0627354433543332
[2026-04-08 05:10:00,779] INFO: Time: 7.07489846499999; Command Position: 2.0787996310496912; Output Position: 2.062692832776892
[2026-04-08 05:10:00,781] INFO: Time: 7.076957173000011; Command Position: 2.0787996310496912; Output Position: 2.0627354433543332
[2026-04-08 05:10:00,784] INFO: Time: 7.0790231770000105; Command Position: 2.0787996310496912; Output Position: 2.0627354433543332
[2026-04-08 05:10:00,786] INFO: Time: 7.081085440999999; Command Position: 2.0787996310496912; Output Position: 2.062692832776892
[2026-04-08 05:10:00,788] INFO: Time: 7.083145112000011; Command Position: 2.0787996310496912; Output Position: 2.0627354433543332
[2026-04-08 05:10:00,790] INFO: Time: 7.085209948999989; Command Position: 2.0787996310496912; Output Position: 2.0627780539317744
[2026-04-08 05:10:00,792] INFO: Time: 7.087272750000011; Command Position: 2.0787996310496912; Output Position: 2.0627780539317744
[2026-04-08 05:10:00,794] INFO: Time: 7.089333420999992; Command Position: 2.0787996310496912; Output Position: 2.0627354433543332
[2026-04-08 05:10:00,796] INFO: Time: 7.091399368999987; Command Position: 2.0787996310496912; Output Position: 2.0627780539317744
[2026-04-08 05:10:00,798] INFO: Time: 7.0934627809999995; Command Position: 2.0787996310496912; Output Position: 2.0627780539317744
[2026-04-08 05:10:00,800] INFO: Time: 7.095522804000012; Command Position: 2.0787996310496912; Output Position: 2.0627354433543332
[2026-04-08 05:10:00,802] INFO: Time: 7.097588011999989; Command Position: 2.0787996310496912; Output Position: 2.0627354433543332
[2026-04-08 05:10:00,804] INFO: Time: 7.09965144200001; Command Position: 2.0787996310496912; Output Position: 2.0627780539317744
[2026-04-08 05:10:00,806] INFO: Time: 7.101711631000001; Command Position: 2.0787996310496912; Output Position: 2.0627354433543332
[2026-04-08 05:10:00,808] INFO: Time: 7.103776691000007; Command Position: 2.0787996310496912; Output Position: 2.0627354433543332
[2026-04-08 05:10:00,810] INFO: Time: 7.105839306000007; Command Position: 2.0787996310496912; Output Position: 2.0627354433543332
[2026-04-08 05:10:00,812] INFO: Time: 7.107899459000009; Command Position: 2.0787996310496912; Output Position: 2.0627354433543332
[2026-04-08 05:10:00,815] INFO: Time: 7.109962407000012; Command Position: 2.0787996310496912; Output Position: 2.0627354433543332
[2026-04-08 05:10:00,817] INFO: Time: 7.11202287399999; Command Position: 2.0787996310496912; Output Position: 2.0627354433543332
[2026-04-08 05:10:00,819] INFO: Time: 7.114083119000014; Command Position: 2.0787996310496912; Output Position: 2.0627780539317744
[2026-04-08 05:10:00,821] INFO: Time: 7.116149067999999; Command Position: 2.0787996310496912; Output Position: 2.062820664509216
[2026-04-08 05:10:00,823] INFO: Time: 7.118211220000006; Command Position: 2.0787996310496912; Output Position: 2.062820664509216
[2026-04-08 05:10:00,825] INFO: Time: 7.120271409999987; Command Position: 2.0787996310496912; Output Position: 2.0627354433543332
[2026-04-08 05:10:00,827] INFO: Time: 7.122334007000006; Command Position: 2.0787996310496912; Output Position: 2.0627354433543332
[2026-04-08 05:10:00,829] INFO: Time: 7.1243958629999895; Command Position: 2.0787996310496912; Output Position: 2.0627354433543332
[2026-04-08 05:10:00,831] INFO: Time: 7.126455867000004; Command Position: 2.0787996310496912; Output Position: 2.0627780539317744
[2026-04-08 05:10:00,833] INFO: Time: 7.128521519000003; Command Position: 2.0787996310496912; Output Position: 2.0627354433543332
[2026-04-08 05:10:00,835] INFO: Time: 7.1305841900000075; Command Position: 2.0787996310496912; Output Position: 2.0627354433543332
[2026-04-08 05:10:00,837] INFO: Time: 7.132644657000014; Command Position: 2.0787996310496912; Output Position: 2.0627354433543332
[2026-04-08 05:10:00,839] INFO: Time: 7.134707864999996; Command Position: 2.0787996310496912; Output Position: 2.062692832776892
[2026-04-08 05:10:00,841] INFO: Time: 7.1367694619999895; Command Position: 2.0787996310496912; Output Position: 2.0627354433543332
[2026-04-08 05:10:00,843] INFO: Time: 7.138831763000013; Command Position: 2.0787996310496912; Output Position: 2.062692832776892
[2026-04-08 05:10:00,845] INFO: Time: 7.140897915000011; Command Position: 2.0787996310496912; Output Position: 2.0627354433543332
[2026-04-08 05:10:00,848] INFO: Time: 7.142972382000011; Command Position: 2.0787996310496912; Output Position: 2.062692832776892
[2026-04-08 05:10:00,850] INFO: Time: 7.145423361000013; Command Position: 2.0787996310496912; Output Position: 2.0627354433543332
[2026-04-08 05:10:00,852] INFO: Time: 7.1474916059999885; Command Position: 2.0787996310496912; Output Position: 2.0627354433543332
[2026-04-08 05:10:00,855] INFO: Time: 7.1503834309999945; Command Position: 2.0787996310496912; Output Position: 2.0627354433543332
[2026-04-08 05:10:00,857] INFO: Time: 7.152454898000002; Command Position: 2.0787996310496912; Output Position: 2.0627354433543332
[2026-04-08 05:10:00,859] INFO: Time: 7.154527956999999; Command Position: 2.0787996310496912; Output Position: 2.0627354433543332
[2026-04-08 05:10:00,861] INFO: Time: 7.156603219999994; Command Position: 2.0787996310496912; Output Position: 2.0627780539317744
[2026-04-08 05:10:00,864] INFO: Time: 7.159528821999999; Command Position: 2.0787996310496912; Output Position: 2.0627780539317744
[2026-04-08 05:10:00,866] INFO: Time: 7.161594363000006; Command Position: 2.0787996310496912; Output Position: 2.0627780539317744
[2026-04-08 05:10:00,868] INFO: Time: 7.163655330000012; Command Position: 2.0787996310496912; Output Position: 2.0627354433543332
[2026-04-08 05:10:00,870] INFO: Time: 7.165721130999998; Command Position: 2.0787996310496912; Output Position: 2.0627780539317744
[2026-04-08 05:10:00,872] INFO: Time: 7.167783412999995; Command Position: 2.0787996310496912; Output Position: 2.0627354433543332
[2026-04-08 05:10:00,874] INFO: Time: 7.169844121000011; Command Position: 2.0787996310496912; Output Position: 2.0627354433543332
[2026-04-08 05:10:00,876] INFO: Time: 7.17190723600001; Command Position: 2.0787996310496912; Output Position: 2.0627354433543332
[2026-04-08 05:10:00,879] INFO: Time: 7.173969147999998; Command Position: 2.0787996310496912; Output Position: 2.0627354433543332
[2026-04-08 05:10:00,881] INFO: Time: 7.176029577999998; Command Position: 2.0787996310496912; Output Position: 2.062692832776892
[2026-04-08 05:10:00,883] INFO: Time: 7.178093192999995; Command Position: 2.0787996310496912; Output Position: 2.0627780539317744
[2026-04-08 05:10:00,885] INFO: Time: 7.180152622999998; Command Position: 2.0787996310496912; Output Position: 2.0627354433543332
[2026-04-08 05:10:00,887] INFO: Time: 7.182212923999998; Command Position: 2.0787996310496912; Output Position: 2.0627780539317744
[2026-04-08 05:10:00,889] INFO: Time: 7.184276501999989; Command Position: 2.0787996310496912; Output Position: 2.0627354433543332
[2026-04-08 05:10:00,891] INFO: Time: 7.1863386919999925; Command Position: 2.0787996310496912; Output Position: 2.0627354433543332
[2026-04-08 05:10:00,893] INFO: Time: 7.18839891799999; Command Position: 2.0787996310496912; Output Position: 2.0627354433543332
[2026-04-08 05:10:00,895] INFO: Time: 7.190461830000004; Command Position: 2.0787996310496912; Output Position: 2.0627780539317744
[2026-04-08 05:10:00,897] INFO: Time: 7.1925240010000095; Command Position: 2.0787996310496912; Output Position: 2.0627780539317744
[2026-04-08 05:10:00,899] INFO: Time: 7.1945840420000025; Command Position: 2.0787996310496912; Output Position: 2.0627354433543332
[2026-04-08 05:10:00,901] INFO: Time: 7.196646434999991; Command Position: 2.0787996310496912; Output Position: 2.0627354433543332
[2026-04-08 05:10:00,903] INFO: Time: 7.198708753999995; Command Position: 2.0787996310496912; Output Position: 2.0627354433543332
[2026-04-08 05:10:00,905] INFO: Time: 7.200769183999995; Command Position: 2.0787996310496912; Output Position: 2.062692832776892
[2026-04-08 05:10:00,907] INFO: Time: 7.202837614000003; Command Position: 2.0787996310496912; Output Position: 2.0627354433543332
[2026-04-08 05:10:00,909] INFO: Time: 7.204902358999988; Command Position: 2.0787996310496912; Output Position: 2.0627354433543332
[2026-04-08 05:10:00,912] INFO: Time: 7.206963992999988; Command Position: 2.0787996310496912; Output Position: 2.0627354433543332
[2026-04-08 05:10:00,914] INFO: Time: 7.209027923000008; Command Position: 2.0787996310496912; Output Position: 2.0627354433543332
[2026-04-08 05:10:00,916] INFO: Time: 7.2110872050000125; Command Position: 2.0787996310496912; Output Position: 2.0627354433543332
[2026-04-08 05:10:00,918] INFO: Time: 7.213147487000015; Command Position: 2.0787996310496912; Output Position: 2.0627354433543332
[2026-04-08 05:10:00,920] INFO: Time: 7.215210769000009; Command Position: 2.0787996310496912; Output Position: 2.0627354433543332
[2026-04-08 05:10:00,922] INFO: Time: 7.217273570000003; Command Position: 2.0787996310496912; Output Position: 2.0627354433543332
[2026-04-08 05:10:00,924] INFO: Time: 7.219333721999988; Command Position: 2.0787996310496912; Output Position: 2.0627780539317744
[2026-04-08 05:10:00,926] INFO: Time: 7.221396392999992; Command Position: 2.0787996310496912; Output Position: 2.0627354433543332
[2026-04-08 05:10:00,928] INFO: Time: 7.223462267000002; Command Position: 2.0787996310496912; Output Position: 2.0627354433543332
[2026-04-08 05:10:00,930] INFO: Time: 7.225524197999988; Command Position: 2.0787996310496912; Output Position: 2.0627780539317744
[2026-04-08 05:10:00,932] INFO: Time: 7.227588905000005; Command Position: 2.0787996310496912; Output Position: 2.062692832776892
[2026-04-08 05:10:00,934] INFO: Time: 7.2296554650000076; Command Position: 2.0787996310496912; Output Position: 2.062692832776892
[2026-04-08 05:10:00,936] INFO: Time: 7.2317184139999995; Command Position: 2.0787996310496912; Output Position: 2.0627780539317744
[2026-04-08 05:10:00,938] INFO: Time: 7.233782047999995; Command Position: 2.0787996310496912; Output Position: 2.0627780539317744
[2026-04-08 05:10:00,940] INFO: Time: 7.235848293000004; Command Position: 2.0787996310496912; Output Position: 2.062692832776892
[2026-04-08 05:10:00,942] INFO: Time: 7.237909833999993; Command Position: 2.0787996310496912; Output Position: 2.0627354433543332
[2026-04-08 05:10:00,945] INFO: Time: 7.239973485999997; Command Position: 2.0787996310496912; Output Position: 2.0627354433543332
[2026-04-08 05:10:00,947] INFO: Time: 7.242036138000003; Command Position: 2.0787996310496912; Output Position: 2.0627780539317744
[2026-04-08 05:10:00,949] INFO: Time: 7.244097012999987; Command Position: 2.0787996310496912; Output Position: 2.0627354433543332
[2026-04-08 05:10:00,951] INFO: Time: 7.246164757999992; Command Position: 2.0787996310496912; Output Position: 2.0627354433543332
[2026-04-08 05:10:00,953] INFO: Time: 7.248236077000001; Command Position: 2.0787996310496912; Output Position: 2.0627354433543332
[2026-04-08 05:10:00,955] INFO: Time: 7.250299302999991; Command Position: 2.0787996310496912; Output Position: 2.0627780539317744
[2026-04-08 05:10:00,957] INFO: Time: 7.252363419000005; Command Position: 2.0787996310496912; Output Position: 2.0627354433543332
[2026-04-08 05:10:00,959] INFO: Time: 7.2544262929999945; Command Position: 2.0787996310496912; Output Position: 2.0627354433543332
[2026-04-08 05:10:00,961] INFO: Time: 7.256486797000008; Command Position: 2.0787996310496912; Output Position: 2.0627354433543332
[2026-04-08 05:10:00,963] INFO: Time: 7.258549098000003; Command Position: 2.0787996310496912; Output Position: 2.0627354433543332
[2026-04-08 05:10:00,965] INFO: Time: 7.260614675999989; Command Position: 2.0787996310496912; Output Position: 2.0627780539317744
[2026-04-08 05:10:00,967] INFO: Time: 7.2626755690000095; Command Position: 2.0787996310496912; Output Position: 2.0627354433543332
[2026-04-08 05:10:00,969] INFO: Time: 7.264740109999991; Command Position: 2.0787996310496912; Output Position: 2.062692832776892
[2026-04-08 05:10:00,971] INFO: Time: 7.266802447999993; Command Position: 2.0787996310496912; Output Position: 2.0627354433543332
[2026-04-08 05:10:00,973] INFO: Time: 7.268864674000014; Command Position: 2.0787996310496912; Output Position: 2.062692832776892
[2026-04-08 05:10:00,975] INFO: Time: 7.270929956000003; Command Position: 2.0787996310496912; Output Position: 2.0627354433543332
[2026-04-08 05:10:00,978] INFO: Time: 7.272993348999989; Command Position: 2.0787996310496912; Output Position: 2.0627780539317744
[2026-04-08 05:10:00,980] INFO: Time: 7.275053982999992; Command Position: 2.0787996310496912; Output Position: 2.0627780539317744
[2026-04-08 05:10:00,982] INFO: Time: 7.277116968999991; Command Position: 2.0787996310496912; Output Position: 2.0627354433543332
[2026-04-08 05:10:00,984] INFO: Time: 7.279177602999994; Command Position: 2.0787996310496912; Output Position: 2.062692832776892
[2026-04-08 05:10:00,986] INFO: Time: 7.281239884999991; Command Position: 2.0787996310496912; Output Position: 2.0627354433543332
[2026-04-08 05:10:00,988] INFO: Time: 7.2833038889999955; Command Position: 2.0787996310496912; Output Position: 2.0627354433543332
[2026-04-08 05:10:00,990] INFO: Time: 7.285366466999989; Command Position: 2.0787996310496912; Output Position: 2.0627780539317744
[2026-04-08 05:10:00,992] INFO: Time: 7.2874260639999875; Command Position: 2.0787996310496912; Output Position: 2.0627354433543332
[2026-04-08 05:10:00,994] INFO: Time: 7.2894883280000045; Command Position: 2.0787996310496912; Output Position: 2.0627354433543332
[2026-04-08 05:10:00,996] INFO: Time: 7.291549239000005; Command Position: 2.0787996310496912; Output Position: 2.0627354433543332
[2026-04-08 05:10:00,998] INFO: Time: 7.293612577000005; Command Position: 2.0787996310496912; Output Position: 2.062692832776892
[2026-04-08 05:10:01,000] INFO: Time: 7.295677618000013; Command Position: 2.0787996310496912; Output Position: 2.0627354433543332
[2026-04-08 05:10:01,002] INFO: Time: 7.297739621999995; Command Position: 2.0787996310496912; Output Position: 2.0627780539317744
[2026-04-08 05:10:01,004] INFO: Time: 7.299801220000006; Command Position: 2.0787996310496912; Output Position: 2.0627780539317744
[2026-04-08 05:10:01,006] INFO: Time: 7.3018654470000115; Command Position: 2.0787996310496912; Output Position: 2.0627354433543332
[2026-04-08 05:10:01,008] INFO: Time: 7.30392710000001; Command Position: 2.0787996310496912; Output Position: 2.0627354433543332
[2026-04-08 05:10:01,011] INFO: Time: 7.30599175399999; Command Position: 2.0787996310496912; Output Position: 2.0627354433543332
[2026-04-08 05:10:01,013] INFO: Time: 7.308055888000013; Command Position: 2.0787996310496912; Output Position: 2.0627354433543332
[2026-04-08 05:10:01,015] INFO: Time: 7.310144930000007; Command Position: 2.0787996310496912; Output Position: 2.0627354433543332
[2026-04-08 05:10:01,017] INFO: Time: 7.312207175999987; Command Position: 2.0787996310496912; Output Position: 2.0627780539317744
[2026-04-08 05:10:01,019] INFO: Time: 7.314269459000002; Command Position: 2.0787996310496912; Output Position: 2.062692832776892
[2026-04-08 05:10:01,021] INFO: Time: 7.316337427000008; Command Position: 2.0787996310496912; Output Position: 2.0627354433543332
[2026-04-08 05:10:01,023] INFO: Time: 7.3183993389999955; Command Position: 2.0787996310496912; Output Position: 2.0627780539317744
[2026-04-08 05:10:01,025] INFO: Time: 7.3204631769999935; Command Position: 2.0787996310496912; Output Position: 2.0627354433543332
[2026-04-08 05:10:01,027] INFO: Time: 7.322529274999994; Command Position: 2.0787996310496912; Output Position: 2.0627354433543332
[2026-04-08 05:10:01,029] INFO: Time: 7.324591206000008; Command Position: 2.0787996310496912; Output Position: 2.0627354433543332
[2026-04-08 05:10:01,031] INFO: Time: 7.326654896000008; Command Position: 2.0787996310496912; Output Position: 2.0627354433543332
[2026-04-08 05:10:01,033] INFO: Time: 7.328716974999992; Command Position: 2.0787996310496912; Output Position: 2.0627354433543332
[2026-04-08 05:10:01,035] INFO: Time: 7.3307788689999995; Command Position: 2.0787996310496912; Output Position: 2.0627780539317744
[2026-04-08 05:10:01,037] INFO: Time: 7.332844023000007; Command Position: 2.0787996310496912; Output Position: 2.062692832776892
[2026-04-08 05:10:01,039] INFO: Time: 7.334906638999996; Command Position: 2.0787996310496912; Output Position: 2.062692832776892
[2026-04-08 05:10:01,042] INFO: Time: 7.336966866000012; Command Position: 2.0787996310496912; Output Position: 2.0627354433543332
[2026-04-08 05:10:01,044] INFO: Time: 7.3390305560000115; Command Position: 2.0787996310496912; Output Position: 2.062692832776892
[2026-04-08 05:10:01,046] INFO: Time: 7.341090301999998; Command Position: 2.0787996310496912; Output Position: 2.0627354433543332
[2026-04-08 05:10:01,048] INFO: Time: 7.343152400000008; Command Position: 2.0787996310496912; Output Position: 2.0627354433543332
[2026-04-08 05:10:01,050] INFO: Time: 7.345216515999994; Command Position: 2.0787996310496912; Output Position: 2.0627354433543332
[2026-04-08 05:10:01,052] INFO: Time: 7.3472786320000125; Command Position: 2.0787996310496912; Output Position: 2.0627780539317744
[2026-04-08 05:10:01,054] INFO: Time: 7.349339211; Command Position: 2.0787996310496912; Output Position: 2.0627780539317744
[2026-04-08 05:10:01,056] INFO: Time: 7.351405642000003; Command Position: 2.0787996310496912; Output Position: 2.062650222199451
[2026-04-08 05:10:01,058] INFO: Time: 7.353469296000014; Command Position: 2.0787996310496912; Output Position: 2.0627354433543332
[2026-04-08 05:10:01,060] INFO: Time: 7.355530264000009; Command Position: 2.0787996310496912; Output Position: 2.0627354433543332
[2026-04-08 05:10:01,062] INFO: Time: 7.357593490999989; Command Position: 2.0787996310496912; Output Position: 2.062692832776892
[2026-04-08 05:10:01,064] INFO: Time: 7.359656347999987; Command Position: 2.0787996310496912; Output Position: 2.0627780539317744
[2026-04-08 05:10:01,066] INFO: Time: 7.361716871999988; Command Position: 2.0787996310496912; Output Position: 2.0627354433543332
[2026-04-08 05:10:01,068] INFO: Time: 7.363784062000008; Command Position: 2.0787996310496912; Output Position: 2.0627354433543332
[2026-04-08 05:10:01,070] INFO: Time: 7.365846733000012; Command Position: 2.0787996310496912; Output Position: 2.0627354433543332
[2026-04-08 05:10:01,072] INFO: Time: 7.367907626999994; Command Position: 2.0787996310496912; Output Position: 2.0627780539317744
[2026-04-08 05:10:01,075] INFO: Time: 7.369971262000007; Command Position: 2.0787996310496912; Output Position: 2.0627354433543332
[2026-04-08 05:10:01,077] INFO: Time: 7.372034119000006; Command Position: 2.0787996310496912; Output Position: 2.0627354433543332
[2026-04-08 05:10:01,079] INFO: Time: 7.374096457000007; Command Position: 2.0787996310496912; Output Position: 2.0627354433543332
[2026-04-08 05:10:01,081] INFO: Time: 7.376160685000002; Command Position: 2.0787996310496912; Output Position: 2.0627780539317744
[2026-04-08 05:10:01,083] INFO: Time: 7.378223115999987; Command Position: 2.0787996310496912; Output Position: 2.0627354433543332
[2026-04-08 05:10:01,085] INFO: Time: 7.380283565000013; Command Position: 2.0787996310496912; Output Position: 2.0627354433543332
[2026-04-08 05:10:01,087] INFO: Time: 7.382346793000011; Command Position: 2.0787996310496912; Output Position: 2.0627780539317744
[2026-04-08 05:10:01,089] INFO: Time: 7.384409242000004; Command Position: 2.0787996310496912; Output Position: 2.062692832776892
[2026-04-08 05:10:01,091] INFO: Time: 7.386470914; Command Position: 2.0787996310496912; Output Position: 2.0627780539317744
[2026-04-08 05:10:01,093] INFO: Time: 7.38853486299999; Command Position: 2.0787996310496912; Output Position: 2.0627780539317744
[2026-04-08 05:10:01,095] INFO: Time: 7.390601554; Command Position: 2.0787996310496912; Output Position: 2.0627354433543332
[2026-04-08 05:10:01,097] INFO: Time: 7.39266126199999; Command Position: 2.0787996310496912; Output Position: 2.0627354433543332
[2026-04-08 05:10:01,099] INFO: Time: 7.394725174999991; Command Position: 2.0787996310496912; Output Position: 2.0627354433543332
[2026-04-08 05:10:01,101] INFO: Time: 7.396789939000001; Command Position: 2.0787996310496912; Output Position: 2.0627354433543332
[2026-04-08 05:10:01,103] INFO: Time: 7.3988512219999905; Command Position: 2.0787996310496912; Output Position: 2.0627780539317744
[2026-04-08 05:10:01,105] INFO: Time: 7.400914338000007; Command Position: 2.0787996310496912; Output Position: 2.0627780539317744
[2026-04-08 05:10:01,108] INFO: Time: 7.402979251000005; Command Position: 2.0787996310496912; Output Position: 2.0627780539317744
[2026-04-08 05:10:01,110] INFO: Time: 7.40504227400001; Command Position: 2.0787996310496912; Output Position: 2.0627354433543332
[2026-04-08 05:10:01,112] INFO: Time: 7.407106723999988; Command Position: 2.0787996310496912; Output Position: 2.0627354433543332
[2026-04-08 05:10:01,114] INFO: Time: 7.4091661729999885; Command Position: 2.0787996310496912; Output Position: 2.0627354433543332
[2026-04-08 05:10:01,116] INFO: Time: 7.411226975000005; Command Position: 2.0787996310496912; Output Position: 2.0627354433543332
[2026-04-08 05:10:01,118] INFO: Time: 7.413290202000013; Command Position: 2.0787996310496912; Output Position: 2.0627780539317744
[2026-04-08 05:10:01,120] INFO: Time: 7.415352280999997; Command Position: 2.0787996310496912; Output Position: 2.0627354433543332
[2026-04-08 05:10:01,122] INFO: Time: 7.417413360000012; Command Position: 2.0787996310496912; Output Position: 2.0627354433543332
[2026-04-08 05:10:01,124] INFO: Time: 7.419476309999993; Command Position: 2.0787996310496912; Output Position: 2.0627780539317744
[2026-04-08 05:10:01,126] INFO: Time: 7.42153844500001; Command Position: 2.0787996310496912; Output Position: 2.0627354433543332
[2026-04-08 05:10:01,128] INFO: Time: 7.423598690000006; Command Position: 2.0787996310496912; Output Position: 2.0627354433543332
[2026-04-08 05:10:01,130] INFO: Time: 7.425661455000011; Command Position: 2.0787996310496912; Output Position: 2.0627354433543332
[2026-04-08 05:10:01,132] INFO: Time: 7.427723608000008; Command Position: 2.0787996310496912; Output Position: 2.062692832776892
[2026-04-08 05:10:01,134] INFO: Time: 7.429783780000008; Command Position: 2.0787996310496912; Output Position: 2.0627354433543332
[2026-04-08 05:10:01,136] INFO: Time: 7.431847876999996; Command Position: 2.0787996310496912; Output Position: 2.0627354433543332
[2026-04-08 05:10:01,138] INFO: Time: 7.4339104199999895; Command Position: 2.0787996310496912; Output Position: 2.0627780539317744
[2026-04-08 05:10:01,141] INFO: Time: 7.435970387999987; Command Position: 2.0787996310496912; Output Position: 2.0627354433543332
[2026-04-08 05:10:01,143] INFO: Time: 7.438038651999989; Command Position: 2.0787996310496912; Output Position: 2.0627354433543332
[2026-04-08 05:10:01,145] INFO: Time: 7.44009843500001; Command Position: 2.0787996310496912; Output Position: 2.0627780539317744
[2026-04-08 05:10:01,147] INFO: Time: 7.4421645319999925; Command Position: 2.0787996310496912; Output Position: 2.0627780539317744
[2026-04-08 05:10:01,149] INFO: Time: 7.444228667000004; Command Position: 2.0787996310496912; Output Position: 2.0627780539317744
[2026-04-08 05:10:01,151] INFO: Time: 7.446292486999994; Command Position: 2.0787996310496912; Output Position: 2.0627354433543332
[2026-04-08 05:10:01,153] INFO: Time: 7.44835295499999; Command Position: 2.0787996310496912; Output Position: 2.0627354433543332
[2026-04-08 05:10:01,155] INFO: Time: 7.450416181999998; Command Position: 2.0787996310496912; Output Position: 2.0627354433543332
[2026-04-08 05:10:01,157] INFO: Time: 7.452478391; Command Position: 2.0787996310496912; Output Position: 2.0627354433543332
[2026-04-08 05:10:01,159] INFO: Time: 7.454538804000009; Command Position: 2.0787996310496912; Output Position: 2.0627354433543332
[2026-04-08 05:10:01,161] INFO: Time: 7.456602419999996; Command Position: 2.0787996310496912; Output Position: 2.0627780539317744
[2026-04-08 05:10:01,163] INFO: Time: 7.4586641660000055; Command Position: 2.0787996310496912; Output Position: 2.062692832776892
[2026-04-08 05:10:01,165] INFO: Time: 7.460724077999998; Command Position: 2.0787996310496912; Output Position: 2.0627780539317744
[2026-04-08 05:10:01,167] INFO: Time: 7.462786582999996; Command Position: 2.0787996310496912; Output Position: 2.0627354433543332
[2026-04-08 05:10:01,169] INFO: Time: 7.464849848; Command Position: 2.0787996310496912; Output Position: 2.0627354433543332
[2026-04-08 05:10:01,171] INFO: Time: 7.466915964000009; Command Position: 2.0787996310496912; Output Position: 2.0627780539317744
[2026-04-08 05:10:01,174] INFO: Time: 7.468980060999996; Command Position: 2.0787996310496912; Output Position: 2.062692832776892
[2026-04-08 05:10:01,176] INFO: Time: 7.4710524920000125; Command Position: 2.0787996310496912; Output Position: 2.0627780539317744
[2026-04-08 05:10:01,178] INFO: Time: 7.473121015999993; Command Position: 2.0787996310496912; Output Position: 2.0627780539317744
[2026-04-08 05:10:01,180] INFO: Time: 7.475188021000008; Command Position: 2.0787996310496912; Output Position: 2.062692832776892
[2026-04-08 05:10:01,182] INFO: Time: 7.477253933000014; Command Position: 2.0787996310496912; Output Position: 2.0627780539317744
[2026-04-08 05:10:01,184] INFO: Time: 7.479318846000012; Command Position: 2.0787996310496912; Output Position: 2.0627354433543332
[2026-04-08 05:10:01,186] INFO: Time: 7.481383684000008; Command Position: 2.0787996310496912; Output Position: 2.0627780539317744
[2026-04-08 05:10:01,188] INFO: Time: 7.483445818999996; Command Position: 2.0787996310496912; Output Position: 2.0627354433543332
[2026-04-08 05:10:01,190] INFO: Time: 7.485506676; Command Position: 2.0787996310496912; Output Position: 2.062692832776892
[2026-04-08 05:10:01,192] INFO: Time: 7.48760084700001; Command Position: 2.0787996310496912; Output Position: 2.0627780539317744
[2026-04-08 05:10:01,194] INFO: Time: 7.489679314999989; Command Position: 2.0787996310496912; Output Position: 2.0627354433543332
[2026-04-08 05:10:01,198] INFO: Time: 7.49175194899999; Command Position: 2.0787996310496912; Output Position: 2.0627780539317744
[2026-04-08 05:10:01,199] INFO: Time: 7.4944811290000075; Command Position: 2.0787996310496912; Output Position: 2.062692832776892
[2026-04-08 05:10:01,201] INFO: Time: 7.496547060000012; Command Position: 2.0787996310496912; Output Position: 2.0627354433543332
[2026-04-08 05:10:01,203] INFO: Time: 7.498609286999994; Command Position: 2.0787996310496912; Output Position: 2.0627354433543332
[2026-04-08 05:10:01,205] INFO: Time: 7.500673847999991; Command Position: 2.0787996310496912; Output Position: 2.0627354433543332
[2026-04-08 05:10:01,207] INFO: Time: 7.502734852999993; Command Position: 2.0787996310496912; Output Position: 2.0627354433543332
[2026-04-08 05:10:01,209] INFO: Time: 7.504797099000001; Command Position: 2.0787996310496912; Output Position: 2.0627354433543332
[2026-04-08 05:10:01,211] INFO: Time: 7.506861826000005; Command Position: 2.0787996310496912; Output Position: 2.0627780539317744
[2026-04-08 05:10:01,214] INFO: Time: 7.50892472000001; Command Position: 2.0787996310496912; Output Position: 2.0627780539317744
[2026-04-08 05:10:01,216] INFO: Time: 7.510985669999997; Command Position: 2.0787996310496912; Output Position: 2.0627780539317744
[2026-04-08 05:10:01,218] INFO: Time: 7.513053767000002; Command Position: 2.0787996310496912; Output Position: 2.0627354433543332
[2026-04-08 05:10:01,220] INFO: Time: 7.5151165320000075; Command Position: 2.0787996310496912; Output Position: 2.0627780539317744
[2026-04-08 05:10:01,222] INFO: Time: 7.517178314000006; Command Position: 2.0787996310496912; Output Position: 2.062692832776892
[2026-04-08 05:10:01,224] INFO: Time: 7.519242875000003; Command Position: 2.0787996310496912; Output Position: 2.062692832776892
[2026-04-08 05:10:01,226] INFO: Time: 7.521305232000003; Command Position: 2.0787996310496912; Output Position: 2.0627354433543332
[2026-04-08 05:10:01,228] INFO: Time: 7.523365866999995; Command Position: 2.0787996310496912; Output Position: 2.0627354433543332
[2026-04-08 05:10:01,230] INFO: Time: 7.525428075999997; Command Position: 2.0787996310496912; Output Position: 2.0627780539317744
[2026-04-08 05:10:01,232] INFO: Time: 7.527490543999988; Command Position: 2.0787996310496912; Output Position: 2.062692832776892
[2026-04-08 05:10:01,234] INFO: Time: 7.529552123000002; Command Position: 2.0787996310496912; Output Position: 2.0627354433543332
[2026-04-08 05:10:01,236] INFO: Time: 7.531615646000006; Command Position: 2.0787996310496912; Output Position: 2.0627354433543332
[2026-04-08 05:10:01,238] INFO: Time: 7.533678595999987; Command Position: 2.0787996310496912; Output Position: 2.0627780539317744
[2026-04-08 05:10:01,240] INFO: Time: 7.535739416000013; Command Position: 2.0787996310496912; Output Position: 2.0627354433543332
[2026-04-08 05:10:01,242] INFO: Time: 7.53780629100001; Command Position: 2.0787996310496912; Output Position: 2.062692832776892
[2026-04-08 05:10:01,244] INFO: Time: 7.539870037000014; Command Position: 2.0787996310496912; Output Position: 2.0627354433543332
[2026-04-08 05:10:01,246] INFO: Time: 7.541930838000013; Command Position: 2.0787996310496912; Output Position: 2.062692832776892
[2026-04-08 05:10:01,249] INFO: Time: 7.5439937879999945; Command Position: 2.0787996310496912; Output Position: 2.0627354433543332
[2026-04-08 05:10:01,251] INFO: Time: 7.5460560710000095; Command Position: 2.0787996310496912; Output Position: 2.0627780539317744
[2026-04-08 05:10:01,253] INFO: Time: 7.5481301499999915; Command Position: 2.0787996310496912; Output Position: 2.0627354433543332
[2026-04-08 05:10:01,255] INFO: Time: 7.550194191999992; Command Position: 2.0787996310496912; Output Position: 2.0627354433543332
[2026-04-08 05:10:01,257] INFO: Time: 7.552255863999989; Command Position: 2.0787996310496912; Output Position: 2.062692832776892
[2026-04-08 05:10:01,259] INFO: Time: 7.5543170910000015; Command Position: 2.0787996310496912; Output Position: 2.0627354433543332
[2026-04-08 05:10:01,261] INFO: Time: 7.556391595999997; Command Position: 2.0787996310496912; Output Position: 2.0627354433543332
[2026-04-08 05:10:01,263] INFO: Time: 7.558454842000003; Command Position: 2.0787996310496912; Output Position: 2.0627354433543332
[2026-04-08 05:10:01,265] INFO: Time: 7.560516143000001; Command Position: 2.0787996310496912; Output Position: 2.0627354433543332
[2026-04-08 05:10:01,267] INFO: Time: 7.562581370000004; Command Position: 2.0787996310496912; Output Position: 2.0627780539317744
[2026-04-08 05:10:01,269] INFO: Time: 7.564643541999999; Command Position: 2.0787996310496912; Output Position: 2.0627780539317744
[2026-04-08 05:10:01,271] INFO: Time: 7.566705825000014; Command Position: 2.0787996310496912; Output Position: 2.0627354433543332
[2026-04-08 05:10:01,273] INFO: Time: 7.56876968200001; Command Position: 2.0787996310496912; Output Position: 2.0627354433543332
[2026-04-08 05:10:01,275] INFO: Time: 7.570832204999988; Command Position: 2.0787996310496912; Output Position: 2.062820664509216
[2026-04-08 05:10:01,277] INFO: Time: 7.572892896000013; Command Position: 2.0787996310496912; Output Position: 2.0627780539317744
[2026-04-08 05:10:01,280] INFO: Time: 7.574956159999999; Command Position: 2.0787996310496912; Output Position: 2.062692832776892
[2026-04-08 05:10:01,282] INFO: Time: 7.577019720999999; Command Position: 2.0787996310496912; Output Position: 2.0627354433543332
[2026-04-08 05:10:01,284] INFO: Time: 7.579082448000008; Command Position: 2.0787996310496912; Output Position: 2.0627354433543332
[2026-04-08 05:10:01,286] INFO: Time: 7.581145674999988; Command Position: 2.0787996310496912; Output Position: 2.0627354433543332
[2026-04-08 05:10:01,288] INFO: Time: 7.583208439000003; Command Position: 2.0787996310496912; Output Position: 2.0627780539317744
[2026-04-08 05:10:01,290] INFO: Time: 7.585268667000008; Command Position: 2.0787996310496912; Output Position: 2.0627354433543332
[2026-04-08 05:10:01,292] INFO: Time: 7.587331393999989; Command Position: 2.0787996310496912; Output Position: 2.0627354433543332
[2026-04-08 05:10:01,294] INFO: Time: 7.589394343999999; Command Position: 2.0787996310496912; Output Position: 2.0627780539317744
[2026-04-08 05:10:01,301] INFO: Time: 7.595882058000001; Command Position: 2.0787996310496912; Output Position: 2.0627354433543332
[2026-04-08 05:10:01,303] INFO: Time: 7.598052042999996; Command Position: 2.0787996310496912; Output Position: 2.0627354433543332
[2026-04-08 05:10:01,305] INFO: Time: 7.600122381000006; Command Position: 2.0787996310496912; Output Position: 2.0627354433543332
[2026-04-08 05:10:01,307] INFO: Time: 7.602203793000001; Command Position: 2.0787996310496912; Output Position: 2.062692832776892
[2026-04-08 05:10:01,309] INFO: Time: 7.604285779999998; Command Position: 2.0787996310496912; Output Position: 2.0627354433543332
[2026-04-08 05:10:01,311] INFO: Time: 7.606350155000001; Command Position: 2.0787996310496912; Output Position: 2.062692832776892
[2026-04-08 05:10:01,313] INFO: Time: 7.60841506700001; Command Position: 2.0787996310496912; Output Position: 2.0627354433543332
[2026-04-08 05:10:01,315] INFO: Time: 7.610477720999995; Command Position: 2.0787996310496912; Output Position: 2.0627354433543332
[2026-04-08 05:10:01,317] INFO: Time: 7.612538373999996; Command Position: 2.0787996310496912; Output Position: 2.0627354433543332
[2026-04-08 05:10:01,319] INFO: Time: 7.614601120000003; Command Position: 2.0787996310496912; Output Position: 2.0627354433543332
[2026-04-08 05:10:01,321] INFO: Time: 7.616663235999994; Command Position: 2.0787996310496912; Output Position: 2.0627354433543332
[2026-04-08 05:10:01,323] INFO: Time: 7.618745647999987; Command Position: 2.0787996310496912; Output Position: 2.0627354433543332
[2026-04-08 05:10:01,325] INFO: Time: 7.620809801000007; Command Position: 2.0787996310496912; Output Position: 2.0627354433543332
[2026-04-08 05:10:01,327] INFO: Time: 7.622871843000013; Command Position: 2.0787996310496912; Output Position: 2.0627780539317744
[2026-04-08 05:10:01,329] INFO: Time: 7.624935459999989; Command Position: 2.0787996310496912; Output Position: 2.0627354433543332
[2026-04-08 05:10:01,332] INFO: Time: 7.6269990199999995; Command Position: 2.0787996310496912; Output Position: 2.0627354433543332
[2026-04-08 05:10:01,334] INFO: Time: 7.629062062000003; Command Position: 2.0787996310496912; Output Position: 2.0627354433543332
[2026-04-08 05:10:01,336] INFO: Time: 7.63112395600001; Command Position: 2.0787996310496912; Output Position: 2.0627354433543332
[2026-04-08 05:10:01,338] INFO: Time: 7.633188757999989; Command Position: 2.0787996310496912; Output Position: 2.0627780539317744
[2026-04-08 05:10:01,340] INFO: Time: 7.635251522000004; Command Position: 2.0787996310496912; Output Position: 2.0627354433543332
[2026-04-08 05:10:01,342] INFO: Time: 7.637312396999988; Command Position: 2.0787996310496912; Output Position: 2.0627354433543332
[2026-04-08 05:10:01,344] INFO: Time: 7.639377569000004; Command Position: 2.0787996310496912; Output Position: 2.0627354433543332
[2026-04-08 05:10:01,346] INFO: Time: 7.641441444999998; Command Position: 2.0787996310496912; Output Position: 2.0627354433543332
[2026-04-08 05:10:01,348] INFO: Time: 7.643502487000006; Command Position: 2.0787996310496912; Output Position: 2.0627354433543332
[2026-04-08 05:10:01,350] INFO: Time: 7.645566121000002; Command Position: 2.0787996310496912; Output Position: 2.0627354433543332
[2026-04-08 05:10:01,352] INFO: Time: 7.647629404000014; Command Position: 2.0787996310496912; Output Position: 2.0627354433543332
[2026-04-08 05:10:01,354] INFO: Time: 7.649690649999997; Command Position: 2.0787996310496912; Output Position: 2.0627780539317744
[2026-04-08 05:10:01,356] INFO: Time: 7.651788283999991; Command Position: 2.0787996310496912; Output Position: 2.0627354433543332
[2026-04-08 05:10:01,358] INFO: Time: 7.6538520670000025; Command Position: 2.0787996310496912; Output Position: 2.0627354433543332
[2026-04-08 05:10:01,360] INFO: Time: 7.65591262800001; Command Position: 2.0787996310496912; Output Position: 2.062692832776892
[2026-04-08 05:10:01,363] INFO: Time: 7.6579782070000135; Command Position: 2.0787996310496912; Output Position: 2.0627354433543332
[2026-04-08 05:10:01,365] INFO: Time: 7.660042137999994; Command Position: 2.0787996310496912; Output Position: 2.0627780539317744
[2026-04-08 05:10:01,367] INFO: Time: 7.662102976; Command Position: 2.0787996310496912; Output Position: 2.0627354433543332
[2026-04-08 05:10:01,369] INFO: Time: 7.6641668700000025; Command Position: 2.0787996310496912; Output Position: 2.0627354433543332
[2026-04-08 05:10:01,371] INFO: Time: 7.666229949000012; Command Position: 2.0787996310496912; Output Position: 2.0627354433543332
[2026-04-08 05:10:01,373] INFO: Time: 7.6682901400000105; Command Position: 2.0787996310496912; Output Position: 2.0627354433543332
[2026-04-08 05:10:01,378] INFO: Time: 7.673498800000004; Command Position: 2.0787996310496912; Output Position: 2.0627354433543332
[2026-04-08 05:10:01,380] INFO: Time: 7.6755737489999945; Command Position: 2.0787996310496912; Output Position: 2.0627780539317744
[2026-04-08 05:10:01,382] INFO: Time: 7.67763977300001; Command Position: 2.0787996310496912; Output Position: 2.0627354433543332
[2026-04-08 05:10:01,384] INFO: Time: 7.679706369999991; Command Position: 2.0787996310496912; Output Position: 2.0627354433543332
[2026-04-08 05:10:01,390] INFO: Time: 7.681777116000006; Command Position: 2.0787996310496912; Output Position: 2.0627354433543332
[2026-04-08 05:10:01,391] INFO: Time: 7.686175270000007; Command Position: 2.0787996310496912; Output Position: 2.0627354433543332
[2026-04-08 05:10:01,393] INFO: Time: 7.6882466639999905; Command Position: 2.0787996310496912; Output Position: 2.062820664509216
[2026-04-08 05:10:01,395] INFO: Time: 7.690306558000003; Command Position: 2.0787996310496912; Output Position: 2.0627354433543332
[2026-04-08 05:10:01,397] INFO: Time: 7.692386174000006; Command Position: 2.0787996310496912; Output Position: 2.0627354433543332
[2026-04-08 05:10:01,399] INFO: Time: 7.694454344999997; Command Position: 2.0787996310496912; Output Position: 2.0627354433543332
[2026-04-08 05:10:01,401] INFO: Time: 7.696519109999997; Command Position: 2.0787996310496912; Output Position: 2.0627780539317744
[2026-04-08 05:10:01,403] INFO: Time: 7.698578856000012; Command Position: 2.0787996310496912; Output Position: 2.0627354433543332
[2026-04-08 05:10:01,405] INFO: Time: 7.700640953000004; Command Position: 2.0787996310496912; Output Position: 2.0627354433543332
[2026-04-08 05:10:01,407] INFO: Time: 7.702700421000003; Command Position: 2.0787996310496912; Output Position: 2.0627780539317744
[2026-04-08 05:10:01,414] INFO: Time: 7.709070915000012; Command Position: 2.0787996310496912; Output Position: 2.0627780539317744
[2026-04-08 05:10:01,416] INFO: Time: 7.7111450680000075; Command Position: 2.0787996310496912; Output Position: 2.0627354433543332
[2026-04-08 05:10:01,418] INFO: Time: 7.7132139619999975; Command Position: 2.0787996310496912; Output Position: 2.0627780539317744
[2026-04-08 05:10:01,420] INFO: Time: 7.715277912000005; Command Position: 2.0787996310496912; Output Position: 2.0627354433543332
[2026-04-08 05:10:01,422] INFO: Time: 7.717343843000009; Command Position: 2.0787996310496912; Output Position: 2.062692832776892
[2026-04-08 05:10:01,424] INFO: Time: 7.719406217999989; Command Position: 2.0787996310496912; Output Position: 2.062692832776892
[2026-04-08 05:10:01,426] INFO: Time: 7.7214670749999925; Command Position: 2.0787996310496912; Output Position: 2.0627354433543332
[2026-04-08 05:10:01,428] INFO: Time: 7.723530191000009; Command Position: 2.0787996310496912; Output Position: 2.0627354433543332
[2026-04-08 05:10:01,430] INFO: Time: 7.725592233000015; Command Position: 2.0787996310496912; Output Position: 2.0627354433543332
[2026-04-08 05:10:01,432] INFO: Time: 7.7276534609999885; Command Position: 2.0787996310496912; Output Position: 2.0627354433543332
[2026-04-08 05:10:01,434] INFO: Time: 7.729716521; Command Position: 2.0787996310496912; Output Position: 2.0627780539317744
[2026-04-08 05:10:01,436] INFO: Time: 7.731778007999992; Command Position: 2.0787996310496912; Output Position: 2.0627354433543332
[2026-04-08 05:10:01,438] INFO: Time: 7.733838160999994; Command Position: 2.0787996310496912; Output Position: 2.062692832776892
[2026-04-08 05:10:01,440] INFO: Time: 7.735900221999998; Command Position: 2.0787996310496912; Output Position: 2.0627780539317744
[2026-04-08 05:10:01,443] INFO: Time: 7.737961337999991; Command Position: 2.0787996310496912; Output Position: 2.062692832776892
[2026-04-08 05:10:01,445] INFO: Time: 7.740022657999987; Command Position: 2.0787996310496912; Output Position: 2.0627780539317744
[2026-04-08 05:10:01,447] INFO: Time: 7.742085515000014; Command Position: 2.0787996310496912; Output Position: 2.0627780539317744
[2026-04-08 05:10:01,449] INFO: Time: 7.744144519999992; Command Position: 2.0787996310496912; Output Position: 2.062692832776892
[2026-04-08 05:10:01,451] INFO: Time: 7.746204728999999; Command Position: 2.0787996310496912; Output Position: 2.0627354433543332
[2026-04-08 05:10:01,453] INFO: Time: 7.74826732599999; Command Position: 2.0787996310496912; Output Position: 2.0627354433543332
[2026-04-08 05:10:01,455] INFO: Time: 7.750328886999995; Command Position: 2.0787996310496912; Output Position: 2.0627354433543332
[2026-04-08 05:10:01,457] INFO: Time: 7.752390224999999; Command Position: 2.0787996310496912; Output Position: 2.0627354433543332
[2026-04-08 05:10:01,459] INFO: Time: 7.754452952999998; Command Position: 2.0787996310496912; Output Position: 2.0627354433543332
[2026-04-08 05:10:01,461] INFO: Time: 7.756514828000007; Command Position: 2.0787996310496912; Output Position: 2.062692832776892
[2026-04-08 05:10:01,463] INFO: Time: 7.758575425999993; Command Position: 2.0787996310496912; Output Position: 2.0627354433543332
[2026-04-08 05:10:01,465] INFO: Time: 7.760638578999988; Command Position: 2.0787996310496912; Output Position: 2.0627354433543332
[2026-04-08 05:10:01,467] INFO: Time: 7.762700751000011; Command Position: 2.0787996310496912; Output Position: 2.0627354433543332
[2026-04-08 05:10:01,469] INFO: Time: 7.764761588999988; Command Position: 2.0787996310496912; Output Position: 2.0627354433543332
[2026-04-08 05:10:01,471] INFO: Time: 7.7668245019999915; Command Position: 2.0787996310496912; Output Position: 2.0627354433543332
[2026-04-08 05:10:01,473] INFO: Time: 7.768886748; Command Position: 2.0787996310496912; Output Position: 2.0627354433543332
[2026-04-08 05:10:01,475] INFO: Time: 7.770947419000009; Command Position: 2.0787996310496912; Output Position: 2.0627354433543332
[2026-04-08 05:10:01,478] INFO: Time: 7.773011072999992; Command Position: 2.0787996310496912; Output Position: 2.0627780539317744
[2026-04-08 05:10:01,480] INFO: Time: 7.775070354999997; Command Position: 2.0787996310496912; Output Position: 2.0627354433543332
[2026-04-08 05:10:01,482] INFO: Time: 7.7771328420000145; Command Position: 2.0787996310496912; Output Position: 2.0627780539317744
[2026-04-08 05:10:01,484] INFO: Time: 7.779196716999991; Command Position: 2.0787996310496912; Output Position: 2.0627354433543332
[2026-04-08 05:10:01,486] INFO: Time: 7.781258777999994; Command Position: 2.0787996310496912; Output Position: 2.0627354433543332
[2026-04-08 05:10:01,488] INFO: Time: 7.783319839000001; Command Position: 2.0787996310496912; Output Position: 2.0627354433543332
[2026-04-08 05:10:01,490] INFO: Time: 7.785382510000005; Command Position: 2.0787996310496912; Output Position: 2.0627354433543332
[2026-04-08 05:10:01,492] INFO: Time: 7.787444663999992; Command Position: 2.0787996310496912; Output Position: 2.062692832776892
[2026-04-08 05:10:01,494] INFO: Time: 7.7895048729999985; Command Position: 2.0787996310496912; Output Position: 2.0627354433543332
[2026-04-08 05:10:01,496] INFO: Time: 7.791571933; Command Position: 2.0787996310496912; Output Position: 2.0627780539317744
[2026-04-08 05:10:01,498] INFO: Time: 7.793635197000015; Command Position: 2.0787996310496912; Output Position: 2.0627780539317744
[2026-04-08 05:10:01,500] INFO: Time: 7.79569592499999; Command Position: 2.0787996310496912; Output Position: 2.0627780539317744
[2026-04-08 05:10:01,502] INFO: Time: 7.797764188999992; Command Position: 2.0787996310496912; Output Position: 2.0627780539317744
[2026-04-08 05:10:01,504] INFO: Time: 7.7998278789999915; Command Position: 2.0787996310496912; Output Position: 2.062820664509216
[2026-04-08 05:10:01,506] INFO: Time: 7.801889218000014; Command Position: 2.0787996310496912; Output Position: 2.0627780539317744
[2026-04-08 05:10:01,509] INFO: Time: 7.803956408000005; Command Position: 2.0787996310496912; Output Position: 2.0627354433543332
[2026-04-08 05:10:01,511] INFO: Time: 7.806019708999997; Command Position: 2.0787996310496912; Output Position: 2.0627354433543332
[2026-04-08 05:10:01,513] INFO: Time: 7.808079937000002; Command Position: 2.0787996310496912; Output Position: 2.062692832776892
[2026-04-08 05:10:01,515] INFO: Time: 7.810144941999994; Command Position: 2.0787996310496912; Output Position: 2.0627354433543332
[2026-04-08 05:10:01,517] INFO: Time: 7.812207206000011; Command Position: 2.0787996310496912; Output Position: 2.0627354433543332
[2026-04-08 05:10:01,519] INFO: Time: 7.81426789599999; Command Position: 2.0787996310496912; Output Position: 2.0627780539317744
[2026-04-08 05:10:01,521] INFO: Time: 7.81633412299999; Command Position: 2.0787996310496912; Output Position: 2.0627354433543332
[2026-04-08 05:10:01,523] INFO: Time: 7.818398202999987; Command Position: 2.0787996310496912; Output Position: 2.0627354433543332
[2026-04-08 05:10:01,525] INFO: Time: 7.820458855999988; Command Position: 2.0787996310496912; Output Position: 2.0627780539317744
[2026-04-08 05:10:01,527] INFO: Time: 7.822522157000009; Command Position: 2.0787996310496912; Output Position: 2.0627354433543332
[2026-04-08 05:10:01,529] INFO: Time: 7.824584885000007; Command Position: 2.0787996310496912; Output Position: 2.0627780539317744
[2026-04-08 05:10:01,531] INFO: Time: 7.826645778999989; Command Position: 2.0787996310496912; Output Position: 2.0627780539317744
[2026-04-08 05:10:01,533] INFO: Time: 7.828710765000011; Command Position: 2.0787996310496912; Output Position: 2.0627780539317744
[2026-04-08 05:10:01,535] INFO: Time: 7.8307752149999885; Command Position: 2.0787996310496912; Output Position: 2.0627780539317744
[2026-04-08 05:10:01,537] INFO: Time: 7.832836146000005; Command Position: 2.0787996310496912; Output Position: 2.0627780539317744
[2026-04-08 05:10:01,539] INFO: Time: 7.834901150999997; Command Position: 2.0787996310496912; Output Position: 2.0627354433543332
[2026-04-08 05:10:01,542] INFO: Time: 7.836964230000007; Command Position: 2.0787996310496912; Output Position: 2.0627354433543332
[2026-04-08 05:10:01,544] INFO: Time: 7.839025308999993; Command Position: 2.0787996310496912; Output Position: 2.0627780539317744
[2026-04-08 05:10:01,546] INFO: Time: 7.841090498999989; Command Position: 2.0787996310496912; Output Position: 2.0627354433543332
[2026-04-08 05:10:01,548] INFO: Time: 7.843153040999994; Command Position: 2.0787996310496912; Output Position: 2.0627354433543332
[2026-04-08 05:10:01,550] INFO: Time: 7.845213583000003; Command Position: 2.0787996310496912; Output Position: 2.0627780539317744
[2026-04-08 05:10:01,552] INFO: Time: 7.847276181000012; Command Position: 2.0787996310496912; Output Position: 2.0627780539317744
[2026-04-08 05:10:01,554] INFO: Time: 7.849338001000007; Command Position: 2.0787996310496912; Output Position: 2.0627354433543332
[2026-04-08 05:10:01,556] INFO: Time: 7.851398727999992; Command Position: 2.0787996310496912; Output Position: 2.0627780539317744
[2026-04-08 05:10:01,558] INFO: Time: 7.853462492999995; Command Position: 2.0787996310496912; Output Position: 2.0627780539317744
[2026-04-08 05:10:01,560] INFO: Time: 7.855524774999992; Command Position: 2.0787996310496912; Output Position: 2.0627354433543332
[2026-04-08 05:10:01,562] INFO: Time: 7.857585410000013; Command Position: 2.0787996310496912; Output Position: 2.0627780539317744
[2026-04-08 05:10:01,564] INFO: Time: 7.859648378000003; Command Position: 2.0787996310496912; Output Position: 2.0627354433543332
[2026-04-08 05:10:01,566] INFO: Time: 7.861711530999997; Command Position: 2.0787996310496912; Output Position: 2.0627354433543332
[2026-04-08 05:10:01,568] INFO: Time: 7.863776795999996; Command Position: 2.0787996310496912; Output Position: 2.0627780539317744
[2026-04-08 05:10:01,570] INFO: Time: 7.865842504; Command Position: 2.0787996310496912; Output Position: 2.062692832776892
[2026-04-08 05:10:01,573] INFO: Time: 7.8679104720000055; Command Position: 2.0787996310496912; Output Position: 2.0627354433543332
[2026-04-08 05:10:01,575] INFO: Time: 7.869973254999991; Command Position: 2.0787996310496912; Output Position: 2.0627354433543332
[2026-04-08 05:10:01,577] INFO: Time: 7.872040612000006; Command Position: 2.0787996310496912; Output Position: 2.062650222199451
[2026-04-08 05:10:01,579] INFO: Time: 7.874100561999995; Command Position: 2.0787996310496912; Output Position: 2.0627354433543332
[2026-04-08 05:10:01,581] INFO: Time: 7.876162289000007; Command Position: 2.0787996310496912; Output Position: 2.0627354433543332
[2026-04-08 05:10:01,583] INFO: Time: 7.878224627000009; Command Position: 2.0787996310496912; Output Position: 2.0627354433543332
[2026-04-08 05:10:01,585] INFO: Time: 7.88028637299999; Command Position: 2.0787996310496912; Output Position: 2.0627354433543332
[2026-04-08 05:10:01,587] INFO: Time: 7.88234534099999; Command Position: 2.0787996310496912; Output Position: 2.0627780539317744
[2026-04-08 05:10:01,589] INFO: Time: 7.8844118089999995; Command Position: 2.0787996310496912; Output Position: 2.062692832776892
[2026-04-08 05:10:01,591] INFO: Time: 7.8864733510000065; Command Position: 2.0787996310496912; Output Position: 2.0627780539317744
[2026-04-08 05:10:01,593] INFO: Time: 7.888533560000013; Command Position: 2.0787996310496912; Output Position: 2.0627780539317744
[2026-04-08 05:10:01,595] INFO: Time: 7.890595084000012; Command Position: 2.0787996310496912; Output Position: 2.0627780539317744
[2026-04-08 05:10:01,597] INFO: Time: 7.892657144999987; Command Position: 2.0787996310496912; Output Position: 2.0627780539317744
[2026-04-08 05:10:01,599] INFO: Time: 7.894717224000004; Command Position: 2.0787996310496912; Output Position: 2.0627354433543332
[2026-04-08 05:10:01,601] INFO: Time: 7.896783024999991; Command Position: 2.0787996310496912; Output Position: 2.062692832776892
[2026-04-08 05:10:01,603] INFO: Time: 7.89884623399999; Command Position: 2.0787996310496912; Output Position: 2.0627354433543332
[2026-04-08 05:10:01,605] INFO: Time: 7.900906905999989; Command Position: 2.0787996310496912; Output Position: 2.0627354433543332
[2026-04-08 05:10:01,608] INFO: Time: 7.902969688000013; Command Position: 2.0787996310496912; Output Position: 2.0627780539317744
[2026-04-08 05:10:01,610] INFO: Time: 7.9050329529999885; Command Position: 2.0787996310496912; Output Position: 2.0627354433543332
[2026-04-08 05:10:01,612] INFO: Time: 7.907094013000005; Command Position: 2.0787996310496912; Output Position: 2.0627354433543332
[2026-04-08 05:10:01,614] INFO: Time: 7.90915763000001; Command Position: 2.0787996310496912; Output Position: 2.0627354433543332
[2026-04-08 05:10:01,616] INFO: Time: 7.911220023999988; Command Position: 2.0787996310496912; Output Position: 2.0627354433543332
[2026-04-08 05:10:01,618] INFO: Time: 7.913280028999992; Command Position: 2.0787996310496912; Output Position: 2.0627354433543332
[2026-04-08 05:10:01,620] INFO: Time: 7.915342903999999; Command Position: 2.0787996310496912; Output Position: 2.0627780539317744
[2026-04-08 05:10:01,622] INFO: Time: 7.917404575999996; Command Position: 2.0787996310496912; Output Position: 2.0627354433543332
[2026-04-08 05:10:01,624] INFO: Time: 7.919464655000013; Command Position: 2.0787996310496912; Output Position: 2.0627354433543332
[2026-04-08 05:10:01,626] INFO: Time: 7.921527475000005; Command Position: 2.0787996310496912; Output Position: 2.0627354433543332
[2026-04-08 05:10:01,628] INFO: Time: 7.923589553999989; Command Position: 2.0787996310496912; Output Position: 2.0627354433543332
[2026-04-08 05:10:01,630] INFO: Time: 7.925649929999992; Command Position: 2.0787996310496912; Output Position: 2.0627354433543332
[2026-04-08 05:10:01,632] INFO: Time: 7.927713398000009; Command Position: 2.0787996310496912; Output Position: 2.0627354433543332
[2026-04-08 05:10:01,634] INFO: Time: 7.929775605999993; Command Position: 2.0787996310496912; Output Position: 2.0627780539317744
[2026-04-08 05:10:01,636] INFO: Time: 7.931838408000004; Command Position: 2.0787996310496912; Output Position: 2.062692832776892
[2026-04-08 05:10:01,638] INFO: Time: 7.933902950000004; Command Position: 2.0787996310496912; Output Position: 2.0627780539317744
[2026-04-08 05:10:01,641] INFO: Time: 7.9359651400000075; Command Position: 2.0787996310496912; Output Position: 2.0627354433543332
[2026-04-08 05:10:01,643] INFO: Time: 7.938025829999987; Command Position: 2.0787996310496912; Output Position: 2.0627780539317744
[2026-04-08 05:10:01,646] INFO: Time: 7.940100002000008; Command Position: 2.0787996310496912; Output Position: 2.0627354433543332
[2026-04-08 05:10:01,647] INFO: Time: 7.942163580999988; Command Position: 2.0787996310496912; Output Position: 2.0627354433543332
[2026-04-08 05:10:01,649] INFO: Time: 7.944225753000012; Command Position: 2.0787996310496912; Output Position: 2.0627354433543332
[2026-04-08 05:10:01,651] INFO: Time: 7.946286831999998; Command Position: 2.0787996310496912; Output Position: 2.062692832776892
[2026-04-08 05:10:01,653] INFO: Time: 7.948353115000003; Command Position: 2.0787996310496912; Output Position: 2.0627354433543332
[2026-04-08 05:10:01,655] INFO: Time: 7.950412287000006; Command Position: 2.0787996310496912; Output Position: 2.0627780539317744
[2026-04-08 05:10:01,657] INFO: Time: 7.952472346999997; Command Position: 2.0787996310496912; Output Position: 2.0627354433543332
[2026-04-08 05:10:01,659] INFO: Time: 7.954534982000013; Command Position: 2.0787996310496912; Output Position: 2.0627354433543332
[2026-04-08 05:10:01,661] INFO: Time: 7.956597412999997; Command Position: 2.0787996310496912; Output Position: 2.0627354433543332
[2026-04-08 05:10:01,663] INFO: Time: 7.958657584999997; Command Position: 2.0787996310496912; Output Position: 2.0627780539317744
[2026-04-08 05:10:01,665] INFO: Time: 7.960721274999997; Command Position: 2.0787996310496912; Output Position: 2.0627780539317744
[2026-04-08 05:10:01,667] INFO: Time: 7.962786928000014; Command Position: 2.0787996310496912; Output Position: 2.0627354433543332
[2026-04-08 05:10:01,669] INFO: Time: 7.964848506999999; Command Position: 2.0787996310496912; Output Position: 2.0627354433543332
[2026-04-08 05:10:01,671] INFO: Time: 7.966911974999988; Command Position: 2.0787996310496912; Output Position: 2.0627780539317744
[2026-04-08 05:10:01,674] INFO: Time: 7.968978740000011; Command Position: 2.0787996310496912; Output Position: 2.062820664509216
[2026-04-08 05:10:01,676] INFO: Time: 7.971040614999993; Command Position: 2.0787996310496912; Output Position: 2.0627780539317744
[2026-04-08 05:10:01,678] INFO: Time: 7.973103750000007; Command Position: 2.0787996310496912; Output Position: 2.0627354433543332
[2026-04-08 05:10:01,680] INFO: Time: 7.9751678849999905; Command Position: 2.0787996310496912; Output Position: 2.0627354433543332
[2026-04-08 05:10:01,682] INFO: Time: 7.97723001899999; Command Position: 2.0787996310496912; Output Position: 2.0627354433543332
[2026-04-08 05:10:01,684] INFO: Time: 7.97929658000001; Command Position: 2.0787996310496912; Output Position: 2.0627354433543332
[2026-04-08 05:10:01,686] INFO: Time: 7.981360454999987; Command Position: 2.0787996310496912; Output Position: 2.0627780539317744
[2026-04-08 05:10:01,688] INFO: Time: 7.983421163999992; Command Position: 2.0787996310496912; Output Position: 2.0627780539317744
[2026-04-08 05:10:01,690] INFO: Time: 7.9854891880000025; Command Position: 2.0787996310496912; Output Position: 2.0627354433543332
[2026-04-08 05:10:01,692] INFO: Time: 7.987553969999993; Command Position: 2.0787996310496912; Output Position: 2.0627354433543332
[2026-04-08 05:10:01,694] INFO: Time: 7.989615660999988; Command Position: 2.0787996310496912; Output Position: 2.0627780539317744
[2026-04-08 05:10:01,696] INFO: Time: 7.991683091999988; Command Position: 2.0787996310496912; Output Position: 2.0627780539317744
[2026-04-08 05:10:01,698] INFO: Time: 7.9937474669999915; Command Position: 2.0787996310496912; Output Position: 2.062692832776892
[2026-04-08 05:10:01,700] INFO: Time: 7.995809767999987; Command Position: 2.0787996310496912; Output Position: 2.062692832776892
[2026-04-08 05:10:01,702] INFO: Time: 7.997876125000005; Command Position: 2.0787996310496912; Output Position: 2.0627354433543332
[2026-04-08 05:10:01,705] INFO: Time: 7.999940056000014; Command Position: 2.0787996310496912; Output Position: 2.0627354433543332
[2026-04-08 05:10:01,707] INFO: Time: 8.002000895000009; Command Position: 2.0787996310496912; Output Position: 2.062692832776892
[2026-04-08 05:10:01,709] INFO: Time: 8.004064789000012; Command Position: 2.0787996310496912; Output Position: 2.0627780539317744
[2026-04-08 05:10:01,711] INFO: Time: 8.006124572000004; Command Position: 2.0787996310496912; Output Position: 2.0627354433543332
[2026-04-08 05:10:01,713] INFO: Time: 8.008185743000013; Command Position: 2.0787996310496912; Output Position: 2.0627354433543332
[2026-04-08 05:10:01,715] INFO: Time: 8.010248563000005; Command Position: 2.0787996310496912; Output Position: 2.0627354433543332
[2026-04-08 05:10:01,717] INFO: Time: 8.012310735; Command Position: 2.0787996310496912; Output Position: 2.0627354433543332
[2026-04-08 05:10:01,719] INFO: Time: 8.014371221999994; Command Position: 2.0787996310496912; Output Position: 2.0627780539317744
[2026-04-08 05:10:01,721] INFO: Time: 8.01643446700001; Command Position: 2.0787996310496912; Output Position: 2.0627780539317744
[2026-04-08 05:10:01,723] INFO: Time: 8.018500601999989; Command Position: 2.0787996310496912; Output Position: 2.0627354433543332
[2026-04-08 05:10:01,725] INFO: Time: 8.020559866000013; Command Position: 2.0787996310496912; Output Position: 2.0627354433543332
[2026-04-08 05:10:01,728] INFO: Time: 8.023624189000003; Command Position: 2.0787996310496912; Output Position: 2.0627354433543332
[2026-04-08 05:10:01,730] INFO: Time: 8.025686546000003; Command Position: 2.0787996310496912; Output Position: 2.0627780539317744
[2026-04-08 05:10:01,732] INFO: Time: 8.027746514; Command Position: 2.0787996310496912; Output Position: 2.0627354433543332
[2026-04-08 05:10:01,734] INFO: Time: 8.029811426999999; Command Position: 2.0787996310496912; Output Position: 2.0627354433543332
[2026-04-08 05:10:01,736] INFO: Time: 8.031879265000015; Command Position: 2.0787996310496912; Output Position: 2.062692832776892
[2026-04-08 05:10:01,739] INFO: Time: 8.033942139999994; Command Position: 2.0787996310496912; Output Position: 2.0627354433543332
[2026-04-08 05:10:01,741] INFO: Time: 8.036006071000003; Command Position: 2.0787996310496912; Output Position: 2.0627780539317744
[2026-04-08 05:10:01,743] INFO: Time: 8.038067168999987; Command Position: 2.0787996310496912; Output Position: 2.062692832776892
[2026-04-08 05:10:01,745] INFO: Time: 8.040130099999999; Command Position: 2.0787996310496912; Output Position: 2.062692832776892
[2026-04-08 05:10:01,747] INFO: Time: 8.042193642; Command Position: 2.0787996310496912; Output Position: 2.0627354433543332
[2026-04-08 05:10:01,749] INFO: Time: 8.044256888000007; Command Position: 2.0787996310496912; Output Position: 2.0627354433543332
[2026-04-08 05:10:01,751] INFO: Time: 8.046317412000008; Command Position: 2.0787996310496912; Output Position: 2.0627354433543332
[2026-04-08 05:10:01,753] INFO: Time: 8.048381119999988; Command Position: 2.0787996310496912; Output Position: 2.0627354433543332
[2026-04-08 05:10:01,755] INFO: Time: 8.050443347999988; Command Position: 2.0787996310496912; Output Position: 2.0627354433543332
[2026-04-08 05:10:01,757] INFO: Time: 8.052506279; Command Position: 2.0787996310496912; Output Position: 2.0627780539317744
[2026-04-08 05:10:01,759] INFO: Time: 8.054576394999998; Command Position: 2.0787996310496912; Output Position: 2.0627354433543332
[2026-04-08 05:10:01,761] INFO: Time: 8.056677344000008; Command Position: 2.0787996310496912; Output Position: 2.0627780539317744
[2026-04-08 05:10:01,763] INFO: Time: 8.058737608000001; Command Position: 2.0787996310496912; Output Position: 2.0627354433543332
[2026-04-08 05:10:01,765] INFO: Time: 8.060801021000003; Command Position: 2.0787996310496912; Output Position: 2.0627354433543332
[2026-04-08 05:10:01,767] INFO: Time: 8.062864248000011; Command Position: 2.0787996310496912; Output Position: 2.0627354433543332
[2026-04-08 05:10:01,769] INFO: Time: 8.064925216000006; Command Position: 2.0787996310496912; Output Position: 2.0627354433543332
[2026-04-08 05:10:01,772] INFO: Time: 8.066989164999995; Command Position: 2.0787996310496912; Output Position: 2.0627354433543332
[2026-04-08 05:10:01,774] INFO: Time: 8.069048114999987; Command Position: 2.0787996310496912; Output Position: 2.0627354433543332
[2026-04-08 05:10:01,776] INFO: Time: 8.07110775000001; Command Position: 2.0787996310496912; Output Position: 2.0627354433543332
[2026-04-08 05:10:01,778] INFO: Time: 8.073170143999988; Command Position: 2.0787996310496912; Output Position: 2.0627354433543332
[2026-04-08 05:10:01,780] INFO: Time: 8.075233778000012; Command Position: 2.0787996310496912; Output Position: 2.062692832776892
[2026-04-08 05:10:01,782] INFO: Time: 8.077295858000014; Command Position: 2.0787996310496912; Output Position: 2.0627354433543332
[2026-04-08 05:10:01,784] INFO: Time: 8.079359084999993; Command Position: 2.0787996310496912; Output Position: 2.0627780539317744
[2026-04-08 05:10:01,786] INFO: Time: 8.081421126999999; Command Position: 2.0787996310496912; Output Position: 2.0627354433543332
[2026-04-08 05:10:01,788] INFO: Time: 8.083480447; Command Position: 2.0787996310496912; Output Position: 2.0627780539317744
[2026-04-08 05:10:01,790] INFO: Time: 8.085546174000001; Command Position: 2.0787996310496912; Output Position: 2.0627354433543332
[2026-04-08 05:10:01,792] INFO: Time: 8.08760890100001; Command Position: 2.0787996310496912; Output Position: 2.0627354433543332
[2026-04-08 05:10:01,794] INFO: Time: 8.089668407000005; Command Position: 2.0787996310496912; Output Position: 2.0627780539317744
[2026-04-08 05:10:01,796] INFO: Time: 8.091731597000006; Command Position: 2.0787996310496912; Output Position: 2.0627354433543332
[2026-04-08 05:10:01,798] INFO: Time: 8.093793008999995; Command Position: 2.0787996310496912; Output Position: 2.0627780539317744
[2026-04-08 05:10:01,800] INFO: Time: 8.095854884999994; Command Position: 2.0787996310496912; Output Position: 2.0627354433543332
[2026-04-08 05:10:01,802] INFO: Time: 8.097918297000007; Command Position: 2.0787996310496912; Output Position: 2.0627780539317744
[2026-04-08 05:10:01,805] INFO: Time: 8.099981043000014; Command Position: 2.0787996310496912; Output Position: 2.0627780539317744
[2026-04-08 05:10:01,807] INFO: Time: 8.102041603999993; Command Position: 2.0787996310496912; Output Position: 2.0627354433543332
[2026-04-08 05:10:01,809] INFO: Time: 8.104104664000005; Command Position: 2.0787996310496912; Output Position: 2.0627354433543332
[2026-04-08 05:10:01,811] INFO: Time: 8.10616744699999; Command Position: 2.0787996310496912; Output Position: 2.0627354433543332
[2026-04-08 05:10:01,813] INFO: Time: 8.108229822999988; Command Position: 2.0787996310496912; Output Position: 2.062692832776892
[2026-04-08 05:10:01,815] INFO: Time: 8.110293160999987; Command Position: 2.0787996310496912; Output Position: 2.0627354433543332
[2026-04-08 05:10:01,817] INFO: Time: 8.112359203000011; Command Position: 2.0787996310496912; Output Position: 2.0627354433543332
[2026-04-08 05:10:01,819] INFO: Time: 8.114420892999988; Command Position: 2.0787996310496912; Output Position: 2.0627780539317744
[2026-04-08 05:10:01,821] INFO: Time: 8.11648512100001; Command Position: 2.0787996310496912; Output Position: 2.0627780539317744
[2026-04-08 05:10:01,823] INFO: Time: 8.118548384999997; Command Position: 2.0787996310496912; Output Position: 2.0627354433543332
[2026-04-08 05:10:01,825] INFO: Time: 8.120609723000001; Command Position: 2.0787996310496912; Output Position: 2.0627354433543332
[2026-04-08 05:10:01,827] INFO: Time: 8.122672765999994; Command Position: 2.0787996310496912; Output Position: 2.0627354433543332
[2026-04-08 05:10:01,829] INFO: Time: 8.124735270999992; Command Position: 2.0787996310496912; Output Position: 2.0627354433543332
[2026-04-08 05:10:01,831] INFO: Time: 8.126798220000012; Command Position: 2.0787996310496912; Output Position: 2.0627354433543332
[2026-04-08 05:10:01,833] INFO: Time: 8.128862446999989; Command Position: 2.0787996310496912; Output Position: 2.0627354433543332
[2026-04-08 05:10:01,835] INFO: Time: 8.130925453000003; Command Position: 2.0787996310496912; Output Position: 2.0627780539317744
[2026-04-08 05:10:01,838] INFO: Time: 8.132986124000013; Command Position: 2.0787996310496912; Output Position: 2.062692832776892
[2026-04-08 05:10:01,840] INFO: Time: 8.135049500000008; Command Position: 2.0787996310496912; Output Position: 2.0627354433543332
[2026-04-08 05:10:01,842] INFO: Time: 8.137110338000014; Command Position: 2.0787996310496912; Output Position: 2.062692832776892
[2026-04-08 05:10:01,844] INFO: Time: 8.139172046999988; Command Position: 2.0787996310496912; Output Position: 2.0627780539317744
[2026-04-08 05:10:01,846] INFO: Time: 8.141235515000005; Command Position: 2.0787996310496912; Output Position: 2.0627354433543332
[2026-04-08 05:10:01,848] INFO: Time: 8.143297741999987; Command Position: 2.0787996310496912; Output Position: 2.062692832776892
[2026-04-08 05:10:01,850] INFO: Time: 8.14535858100001; Command Position: 2.0787996310496912; Output Position: 2.0627354433543332
[2026-04-08 05:10:01,852] INFO: Time: 8.147421492999996; Command Position: 2.0787996310496912; Output Position: 2.0627354433543332
[2026-04-08 05:10:01,854] INFO: Time: 8.149483795000009; Command Position: 2.0787996310496912; Output Position: 2.0627354433543332
[2026-04-08 05:10:01,856] INFO: Time: 8.151546652000007; Command Position: 2.0787996310496912; Output Position: 2.0627354433543332
[2026-04-08 05:10:01,858] INFO: Time: 8.153610544999992; Command Position: 2.0787996310496912; Output Position: 2.0627780539317744
[2026-04-08 05:10:01,860] INFO: Time: 8.15567256899999; Command Position: 2.0787996310496912; Output Position: 2.0627780539317744
[2026-04-08 05:10:01,862] INFO: Time: 8.157733073999992; Command Position: 2.0787996310496912; Output Position: 2.0627354433543332
[2026-04-08 05:10:01,864] INFO: Time: 8.159795801000001; Command Position: 2.0787996310496912; Output Position: 2.0627354433543332
[2026-04-08 05:10:01,866] INFO: Time: 8.161859899000007; Command Position: 2.0787996310496912; Output Position: 2.0627780539317744
[2026-04-08 05:10:01,868] INFO: Time: 8.163921144999989; Command Position: 2.0787996310496912; Output Position: 2.0627354433543332
[2026-04-08 05:10:01,871] INFO: Time: 8.165985205999988; Command Position: 2.0787996310496912; Output Position: 2.0627354433543332
[2026-04-08 05:10:01,873] INFO: Time: 8.168044525; Command Position: 2.0787996310496912; Output Position: 2.0627354433543332
[2026-04-08 05:10:01,875] INFO: Time: 8.170104753000004; Command Position: 2.0787996310496912; Output Position: 2.0627354433543332
[2026-04-08 05:10:01,877] INFO: Time: 8.172168147000008; Command Position: 2.0787996310496912; Output Position: 2.0627354433543332
[2026-04-08 05:10:01,879] INFO: Time: 8.174230670000014; Command Position: 2.0787996310496912; Output Position: 2.062692832776892
[2026-04-08 05:10:01,881] INFO: Time: 8.176293009000005; Command Position: 2.0787996310496912; Output Position: 2.0627354433543332
[2026-04-08 05:10:01,883] INFO: Time: 8.178356568999988; Command Position: 2.0787996310496912; Output Position: 2.0627780539317744
[2026-04-08 05:10:01,885] INFO: Time: 8.180419204000003; Command Position: 2.0787996310496912; Output Position: 2.0627354433543332
[2026-04-08 05:10:01,887] INFO: Time: 8.18248015399999; Command Position: 2.0787996310496912; Output Position: 2.0627354433543332
[2026-04-08 05:10:01,889] INFO: Time: 8.184547529000014; Command Position: 2.0787996310496912; Output Position: 2.0627780539317744
[2026-04-08 05:10:01,891] INFO: Time: 8.18661103400001; Command Position: 2.0787996310496912; Output Position: 2.0627780539317744
[2026-04-08 05:10:01,893] INFO: Time: 8.188673797999996; Command Position: 2.0787996310496912; Output Position: 2.0627354433543332
[2026-04-08 05:10:01,895] INFO: Time: 8.190737654999992; Command Position: 2.0787996310496912; Output Position: 2.0627780539317744
[2026-04-08 05:10:01,897] INFO: Time: 8.192800123000012; Command Position: 2.0787996310496912; Output Position: 2.0627354433543332
[2026-04-08 05:10:01,899] INFO: Time: 8.194860666000011; Command Position: 2.0787996310496912; Output Position: 2.062692832776892
[2026-04-08 05:10:01,902] INFO: Time: 8.196926281999993; Command Position: 2.0787996310496912; Output Position: 2.0627780539317744
[2026-04-08 05:10:01,904] INFO: Time: 8.198989452999996; Command Position: 2.0787996310496912; Output Position: 2.0627354433543332
[2026-04-08 05:10:01,906] INFO: Time: 8.201050070000008; Command Position: 2.0787996310496912; Output Position: 2.0627780539317744
[2026-04-08 05:10:01,908] INFO: Time: 8.203112593000014; Command Position: 2.0787996310496912; Output Position: 2.0627354433543332
[2026-04-08 05:10:01,910] INFO: Time: 8.205174969000012; Command Position: 2.0787996310496912; Output Position: 2.0627354433543332
[2026-04-08 05:10:01,912] INFO: Time: 8.207237807000013; Command Position: 2.0787996310496912; Output Position: 2.0627354433543332
[2026-04-08 05:10:01,914] INFO: Time: 8.209303145000007; Command Position: 2.0787996310496912; Output Position: 2.0627354433543332
[2026-04-08 05:10:01,916] INFO: Time: 8.21136605800001; Command Position: 2.0787996310496912; Output Position: 2.0627354433543332
[2026-04-08 05:10:01,918] INFO: Time: 8.213426489; Command Position: 2.0787996310496912; Output Position: 2.0627780539317744
[2026-04-08 05:10:01,920] INFO: Time: 8.215489198; Command Position: 2.0787996310496912; Output Position: 2.0627780539317744
[2026-04-08 05:10:01,922] INFO: Time: 8.217551203; Command Position: 2.0787996310496912; Output Position: 2.0627780539317744
[2026-04-08 05:10:01,924] INFO: Time: 8.21961550399999; Command Position: 2.0787996310496912; Output Position: 2.0627354433543332
[2026-04-08 05:10:01,926] INFO: Time: 8.221681565000011; Command Position: 2.0787996310496912; Output Position: 2.0627354433543332
[2026-04-08 05:10:01,928] INFO: Time: 8.22374529199999; Command Position: 2.0787996310496912; Output Position: 2.0627354433543332
[2026-04-08 05:10:01,930] INFO: Time: 8.225805760000014; Command Position: 2.0787996310496912; Output Position: 2.0627780539317744
[2026-04-08 05:10:01,932] INFO: Time: 8.227869005999992; Command Position: 2.0787996310496912; Output Position: 2.0627780539317744
[2026-04-08 05:10:01,934] INFO: Time: 8.229930566999997; Command Position: 2.0787996310496912; Output Position: 2.0627354433543332
[2026-04-08 05:10:01,937] INFO: Time: 8.231992109000004; Command Position: 2.0787996310496912; Output Position: 2.062692832776892
[2026-04-08 05:10:01,939] INFO: Time: 8.234057409999991; Command Position: 2.0787996310496912; Output Position: 2.0627354433543332
[2026-04-08 05:10:01,941] INFO: Time: 8.236116377999991; Command Position: 2.0787996310496912; Output Position: 2.062692832776892
[2026-04-08 05:10:01,943] INFO: Time: 8.23817668000001; Command Position: 2.0787996310496912; Output Position: 2.0627354433543332
[2026-04-08 05:10:01,945] INFO: Time: 8.240240054999987; Command Position: 2.0787996310496912; Output Position: 2.0627780539317744
[2026-04-08 05:10:01,947] INFO: Time: 8.242302338000002; Command Position: 2.0787996310496912; Output Position: 2.0627354433543332
[2026-04-08 05:10:01,949] INFO: Time: 8.244363953999994; Command Position: 2.0787996310496912; Output Position: 2.0627780539317744
[2026-04-08 05:10:01,951] INFO: Time: 8.246427589000007; Command Position: 2.0787996310496912; Output Position: 2.062692832776892
[2026-04-08 05:10:01,953] INFO: Time: 8.248490148999991; Command Position: 2.0787996310496912; Output Position: 2.0627354433543332
[2026-04-08 05:10:01,955] INFO: Time: 8.250550524999994; Command Position: 2.0787996310496912; Output Position: 2.0627780539317744
[2026-04-08 05:10:01,957] INFO: Time: 8.252613677999989; Command Position: 2.0787996310496912; Output Position: 2.0627780539317744
[2026-04-08 05:10:01,959] INFO: Time: 8.254675757000001; Command Position: 2.0787996310496912; Output Position: 2.062692832776892
[2026-04-08 05:10:01,961] INFO: Time: 8.256735910000003; Command Position: 2.0787996310496912; Output Position: 2.062692832776892
[2026-04-08 05:10:01,963] INFO: Time: 8.258802266999993; Command Position: 2.0787996310496912; Output Position: 2.0627354433543332
[2026-04-08 05:10:01,965] INFO: Time: 8.260865402000007; Command Position: 2.0787996310496912; Output Position: 2.0627354433543332
[2026-04-08 05:10:01,967] INFO: Time: 8.262926240000013; Command Position: 2.0787996310496912; Output Position: 2.0627780539317744
[2026-04-08 05:10:01,970] INFO: Time: 8.264992763999999; Command Position: 2.0787996310496912; Output Position: 2.0627354433543332
[2026-04-08 05:10:01,972] INFO: Time: 8.267051990999988; Command Position: 2.0787996310496912; Output Position: 2.062692832776892
[2026-04-08 05:10:01,974] INFO: Time: 8.269114588999997; Command Position: 2.0787996310496912; Output Position: 2.0627354433543332
[2026-04-08 05:10:01,976] INFO: Time: 8.271182519999996; Command Position: 2.0787996310496912; Output Position: 2.0627354433543332
[2026-04-08 05:10:01,978] INFO: Time: 8.27324530300001; Command Position: 2.0787996310496912; Output Position: 2.0627354433543332
[2026-04-08 05:10:01,980] INFO: Time: 8.275306604000008; Command Position: 2.0787996310496912; Output Position: 2.0627354433543332
[2026-04-08 05:10:01,982] INFO: Time: 8.277370850000011; Command Position: 2.0787996310496912; Output Position: 2.0627780539317744
[2026-04-08 05:10:01,984] INFO: Time: 8.279434299999991; Command Position: 2.0787996310496912; Output Position: 2.0627354433543332
[2026-04-08 05:10:01,986] INFO: Time: 8.281496027000003; Command Position: 2.0787996310496912; Output Position: 2.0627354433543332
[2026-04-08 05:10:01,988] INFO: Time: 8.28355914299999; Command Position: 2.0787996310496912; Output Position: 2.0627354433543332
[2026-04-08 05:10:01,990] INFO: Time: 8.285620741000002; Command Position: 2.0787996310496912; Output Position: 2.0627354433543332
[2026-04-08 05:10:01,992] INFO: Time: 8.28768011599999; Command Position: 2.0787996310496912; Output Position: 2.062692832776892
[2026-04-08 05:10:01,994] INFO: Time: 8.289745842999992; Command Position: 2.0787996310496912; Output Position: 2.0627354433543332
[2026-04-08 05:10:01,996] INFO: Time: 8.291809199999989; Command Position: 2.0787996310496912; Output Position: 2.0627354433543332
[2026-04-08 05:10:01,998] INFO: Time: 8.293869927999992; Command Position: 2.0787996310496912; Output Position: 2.0627354433543332
[2026-04-08 05:10:02,000] INFO: Time: 8.295933654999999; Command Position: 2.0787996310496912; Output Position: 2.0627354433543332
[2026-04-08 05:10:02,003] INFO: Time: 8.297998159999992; Command Position: 2.0787996310496912; Output Position: 2.0627354433543332
[2026-04-08 05:10:02,005] INFO: Time: 8.300061943999992; Command Position: 2.0787996310496912; Output Position: 2.0627354433543332
[2026-04-08 05:10:02,007] INFO: Time: 8.30212794900001; Command Position: 2.0787996310496912; Output Position: 2.0627780539317744
[2026-04-08 05:10:02,009] INFO: Time: 8.304190659; Command Position: 2.0787996310496912; Output Position: 2.0627354433543332
[2026-04-08 05:10:02,011] INFO: Time: 8.306251460999988; Command Position: 2.0787996310496912; Output Position: 2.0627354433543332
[2026-04-08 05:10:02,013] INFO: Time: 8.308314411999987; Command Position: 2.0787996310496912; Output Position: 2.0627354433543332
[2026-04-08 05:10:02,015] INFO: Time: 8.31037658400001; Command Position: 2.0787996310496912; Output Position: 2.0627780539317744
[2026-04-08 05:10:02,017] INFO: Time: 8.312439498000003; Command Position: 2.0787996310496912; Output Position: 2.0627354433543332
[2026-04-08 05:10:02,019] INFO: Time: 8.314502484999991; Command Position: 2.0787996310496912; Output Position: 2.0627354433543332
[2026-04-08 05:10:02,021] INFO: Time: 8.316565249999996; Command Position: 2.0787996310496912; Output Position: 2.0627354433543332
[2026-04-08 05:10:02,023] INFO: Time: 8.318625534000006; Command Position: 2.0787996310496912; Output Position: 2.0627780539317744
[2026-04-08 05:10:02,025] INFO: Time: 8.320688724999997; Command Position: 2.0787996310496912; Output Position: 2.0627354433543332
[2026-04-08 05:10:02,027] INFO: Time: 8.322755341999994; Command Position: 2.0787996310496912; Output Position: 2.0627780539317744
[2026-04-08 05:10:02,029] INFO: Time: 8.324816421999998; Command Position: 2.0787996310496912; Output Position: 2.0627780539317744
[2026-04-08 05:10:02,031] INFO: Time: 8.326880057000011; Command Position: 2.0787996310496912; Output Position: 2.0627354433543332
[2026-04-08 05:10:02,033] INFO: Time: 8.328942304000009; Command Position: 2.0787996310496912; Output Position: 2.062692832776892
[2026-04-08 05:10:02,036] INFO: Time: 8.331002458; Command Position: 2.0787996310496912; Output Position: 2.0627780539317744
[2026-04-08 05:10:02,038] INFO: Time: 8.333066446000004; Command Position: 2.0787996310496912; Output Position: 2.0627354433543332
[2026-04-08 05:10:02,040] INFO: Time: 8.335125543999993; Command Position: 2.0787996310496912; Output Position: 2.0627780539317744
[2026-04-08 05:10:02,042] INFO: Time: 8.337189198000004; Command Position: 2.0787996310496912; Output Position: 2.0627780539317744
[2026-04-08 05:10:02,044] INFO: Time: 8.339252407999993; Command Position: 2.0787996310496912; Output Position: 2.0627354433543332
[2026-04-08 05:10:02,046] INFO: Time: 8.341314710000006; Command Position: 2.0787996310496912; Output Position: 2.0627354433543332
[2026-04-08 05:10:02,048] INFO: Time: 8.343375011999996; Command Position: 2.0787996310496912; Output Position: 2.0627780539317744
[2026-04-08 05:10:02,050] INFO: Time: 8.345443388999996; Command Position: 2.0787996310496912; Output Position: 2.0627354433543332
[2026-04-08 05:10:02,052] INFO: Time: 8.347507153999999; Command Position: 2.0787996310496912; Output Position: 2.0627780539317744
[2026-04-08 05:10:02,054] INFO: Time: 8.349568473999994; Command Position: 2.0787996310496912; Output Position: 2.0627354433543332
[2026-04-08 05:10:02,056] INFO: Time: 8.351637110000013; Command Position: 2.0787996310496912; Output Position: 2.0627354433543332
[2026-04-08 05:10:02,058] INFO: Time: 8.353701707999988; Command Position: 2.0787996310496912; Output Position: 2.062692832776892
[2026-04-08 05:10:02,060] INFO: Time: 8.355762473999988; Command Position: 2.0787996310496912; Output Position: 2.0627354433543332
[2026-04-08 05:10:02,062] INFO: Time: 8.357829441999996; Command Position: 2.0787996310496912; Output Position: 2.0627780539317744
[2026-04-08 05:10:02,064] INFO: Time: 8.35989293; Command Position: 2.0787996310496912; Output Position: 2.0627354433543332
[2026-04-08 05:10:02,067] INFO: Time: 8.361953899000014; Command Position: 2.0787996310496912; Output Position: 2.062692832776892
[2026-04-08 05:10:02,069] INFO: Time: 8.36401775600001; Command Position: 2.0787996310496912; Output Position: 2.062692832776892
[2026-04-08 05:10:02,071] INFO: Time: 8.366077114000007; Command Position: 2.0787996310496912; Output Position: 2.062650222199451
[2026-04-08 05:10:02,073] INFO: Time: 8.368137397999988; Command Position: 2.0787996310496912; Output Position: 2.0627354433543332
[2026-04-08 05:10:02,075] INFO: Time: 8.370200071; Command Position: 2.0787996310496912; Output Position: 2.0627780539317744
[2026-04-08 05:10:02,077] INFO: Time: 8.372262298999999; Command Position: 2.0787996310496912; Output Position: 2.062692832776892
[2026-04-08 05:10:02,079] INFO: Time: 8.374325212000002; Command Position: 2.0787996310496912; Output Position: 2.0627354433543332
[2026-04-08 05:10:02,081] INFO: Time: 8.376388848000005; Command Position: 2.0787996310496912; Output Position: 2.062692832776892
[2026-04-08 05:10:02,083] INFO: Time: 8.37845126100001; Command Position: 2.0787996310496912; Output Position: 2.0627354433543332
[2026-04-08 05:10:02,085] INFO: Time: 8.380511508000012; Command Position: 2.0787996310496912; Output Position: 2.0627780539317744
[2026-04-08 05:10:02,087] INFO: Time: 8.382574032000008; Command Position: 2.0787996310496912; Output Position: 2.0627354433543332
[2026-04-08 05:10:02,089] INFO: Time: 8.384636556000004; Command Position: 2.0787996310496912; Output Position: 2.062692832776892
[2026-04-08 05:10:02,091] INFO: Time: 8.386696655000009; Command Position: 2.0787996310496912; Output Position: 2.0627354433543332
[2026-04-08 05:10:02,093] INFO: Time: 8.388763661000013; Command Position: 2.0787996310496912; Output Position: 2.0627354433543332
[2026-04-08 05:10:02,095] INFO: Time: 8.390827777999988; Command Position: 2.0787996310496912; Output Position: 2.0627354433543332
[2026-04-08 05:10:02,097] INFO: Time: 8.392889099000001; Command Position: 2.0787996310496912; Output Position: 2.0627780539317744
[2026-04-08 05:10:02,100] INFO: Time: 8.394952233999987; Command Position: 2.0787996310496912; Output Position: 2.0627780539317744
[2026-04-08 05:10:02,102] INFO: Time: 8.397014629000012; Command Position: 2.0787996310496912; Output Position: 2.0627354433543332
[2026-04-08 05:10:02,104] INFO: Time: 8.399075041999993; Command Position: 2.0787996310496912; Output Position: 2.062692832776892
[2026-04-08 05:10:02,106] INFO: Time: 8.401138306999997; Command Position: 2.0787996310496912; Output Position: 2.0627354433543332
[2026-04-08 05:10:02,108] INFO: Time: 8.403204184000003; Command Position: 2.0787996310496912; Output Position: 2.0627780539317744
[2026-04-08 05:10:02,110] INFO: Time: 8.405266764000004; Command Position: 2.0787996310496912; Output Position: 2.0627354433543332
[2026-04-08 05:10:02,112] INFO: Time: 8.407331639999995; Command Position: 2.0787996310496912; Output Position: 2.0627354433543332
[2026-04-08 05:10:02,114] INFO: Time: 8.409395294000007; Command Position: 2.0787996310496912; Output Position: 2.0627354433543332
[2026-04-08 05:10:02,116] INFO: Time: 8.411455577999988; Command Position: 2.0787996310496912; Output Position: 2.0627780539317744
[2026-04-08 05:10:02,118] INFO: Time: 8.413519046999994; Command Position: 2.0787996310496912; Output Position: 2.0627354433543332
[2026-04-08 05:10:02,120] INFO: Time: 8.415581126999996; Command Position: 2.0787996310496912; Output Position: 2.0627354433543332
[2026-04-08 05:10:02,122] INFO: Time: 8.41764137300001; Command Position: 2.0787996310496912; Output Position: 2.0627354433543332
[2026-04-08 05:10:02,124] INFO: Time: 8.419704453000008; Command Position: 2.0787996310496912; Output Position: 2.062692832776892
[2026-04-08 05:10:02,126] INFO: Time: 8.421770441000007; Command Position: 2.0787996310496912; Output Position: 2.0627354433543332
[2026-04-08 05:10:02,128] INFO: Time: 8.423832223999995; Command Position: 2.0787996310496912; Output Position: 2.0627354433543332
[2026-04-08 05:10:02,130] INFO: Time: 8.425895988999997; Command Position: 2.0787996310496912; Output Position: 2.0627354433543332
[2026-04-08 05:10:02,133] INFO: Time: 8.427958218000015; Command Position: 2.0787996310496912; Output Position: 2.0627354433543332
[2026-04-08 05:10:02,135] INFO: Time: 8.430240516999987; Command Position: 2.0787996310496912; Output Position: 2.0627780539317744
[2026-04-08 05:10:02,137] INFO: Time: 8.432304781999989; Command Position: 2.0787996310496912; Output Position: 2.0627354433543332
[2026-04-08 05:10:02,139] INFO: Time: 8.434364047000003; Command Position: 2.0787996310496912; Output Position: 2.0627354433543332
[2026-04-08 05:10:02,141] INFO: Time: 8.436435460000013; Command Position: 2.0787996310496912; Output Position: 2.062692832776892
[2026-04-08 05:10:02,143] INFO: Time: 8.438510094999998; Command Position: 2.0787996310496912; Output Position: 2.0627780539317744
[2026-04-08 05:10:02,145] INFO: Time: 8.440575878999994; Command Position: 2.0787996310496912; Output Position: 2.0627780539317744
[2026-04-08 05:10:02,147] INFO: Time: 8.4426402; Command Position: 2.0787996310496912; Output Position: 2.0627354433543332
[2026-04-08 05:10:02,155] INFO: Time: 8.450211862999993; Command Position: 2.0787996310496912; Output Position: 2.0627354433543332
[2026-04-08 05:10:02,158] INFO: Time: 8.452295128000003; Command Position: 2.0787996310496912; Output Position: 2.0627780539317744
[2026-04-08 05:10:02,159] INFO: Time: 8.45437033799999; Command Position: 2.0787996310496912; Output Position: 2.062692832776892
[2026-04-08 05:10:02,161] INFO: Time: 8.45643982499999; Command Position: 2.0787996310496912; Output Position: 2.0627354433543332
[2026-04-08 05:10:02,163] INFO: Time: 8.45850625700001; Command Position: 2.0787996310496912; Output Position: 2.0627780539317744
[2026-04-08 05:10:02,165] INFO: Time: 8.4605703; Command Position: 2.0787996310496912; Output Position: 2.0627354433543332
[2026-04-08 05:10:02,167] INFO: Time: 8.46263239800001; Command Position: 2.0787996310496912; Output Position: 2.062692832776892
[2026-04-08 05:10:02,169] INFO: Time: 8.464690848999993; Command Position: 2.0787996310496912; Output Position: 2.0627780539317744
[2026-04-08 05:10:02,171] INFO: Time: 8.46684227899999; Command Position: 2.0787996310496912; Output Position: 2.0627780539317744
[2026-04-08 05:10:02,173] INFO: Time: 8.468906822000008; Command Position: 2.0787996310496912; Output Position: 2.0627354433543332
[2026-04-08 05:10:02,176] INFO: Time: 8.470964847000005; Command Position: 2.0787996310496912; Output Position: 2.0627780539317744
[2026-04-08 05:10:02,178] INFO: Time: 8.473027204000005; Command Position: 2.0787996310496912; Output Position: 2.0627354433543332
[2026-04-08 05:10:02,180] INFO: Time: 8.475084951000014; Command Position: 2.0787996310496912; Output Position: 2.062650222199451
[2026-04-08 05:10:02,182] INFO: Time: 8.477143920000003; Command Position: 2.0787996310496912; Output Position: 2.0627354433543332
[2026-04-08 05:10:02,184] INFO: Time: 8.479387959999997; Command Position: 2.0787996310496912; Output Position: 2.0627354433543332
[2026-04-08 05:10:02,186] INFO: Time: 8.481452133000005; Command Position: 2.0787996310496912; Output Position: 2.062692832776892
[2026-04-08 05:10:02,188] INFO: Time: 8.483511972000002; Command Position: 2.0787996310496912; Output Position: 2.0627780539317744
[2026-04-08 05:10:02,190] INFO: Time: 8.48557144099999; Command Position: 2.0787996310496912; Output Position: 2.0627354433543332
[2026-04-08 05:10:02,192] INFO: Time: 8.487632614000006; Command Position: 2.0787996310496912; Output Position: 2.0627354433543332
[2026-04-08 05:10:02,194] INFO: Time: 8.489698360000006; Command Position: 2.0787996310496912; Output Position: 2.0627354433543332
[2026-04-08 05:10:02,196] INFO: Time: 8.491758903000004; Command Position: 2.0787996310496912; Output Position: 2.062692832776892
[2026-04-08 05:10:02,198] INFO: Time: 8.493833426999998; Command Position: 2.0787996310496912; Output Position: 2.0627780539317744
[2026-04-08 05:10:02,200] INFO: Time: 8.495898933000007; Command Position: 2.0787996310496912; Output Position: 2.0627354433543332
[2026-04-08 05:10:02,203] INFO: Time: 8.497959105999996; Command Position: 2.0787996310496912; Output Position: 2.0627780539317744
[2026-04-08 05:10:02,205] INFO: Time: 8.500028149000002; Command Position: 2.0787996310496912; Output Position: 2.0627354433543332
[2026-04-08 05:10:02,207] INFO: Time: 8.502091468999993; Command Position: 2.0787996310496912; Output Position: 2.0627354433543332
[2026-04-08 05:10:02,209] INFO: Time: 8.504151605000004; Command Position: 2.0787996310496912; Output Position: 2.0627354433543332
[2026-04-08 05:10:02,211] INFO: Time: 8.506211740999987; Command Position: 2.0787996310496912; Output Position: 2.0627354433543332
[2026-04-08 05:10:02,213] INFO: Time: 8.508270635999992; Command Position: 2.0787996310496912; Output Position: 2.0627780539317744
[2026-04-08 05:10:02,215] INFO: Time: 8.510337066999995; Command Position: 2.0787996310496912; Output Position: 2.0627354433543332
[2026-04-08 05:10:02,217] INFO: Time: 8.512400961999987; Command Position: 2.0787996310496912; Output Position: 2.062692832776892
[2026-04-08 05:10:02,219] INFO: Time: 8.514460783000004; Command Position: 2.0787996310496912; Output Position: 2.0627354433543332
[2026-04-08 05:10:02,221] INFO: Time: 8.516520066999988; Command Position: 2.0787996310496912; Output Position: 2.0627354433543332
[2026-04-08 05:10:02,223] INFO: Time: 8.518580869000004; Command Position: 2.0787996310496912; Output Position: 2.0627354433543332
[2026-04-08 05:10:02,225] INFO: Time: 8.520639929999987; Command Position: 2.0787996310496912; Output Position: 2.062692832776892
[2026-04-08 05:10:02,227] INFO: Time: 8.522707381000004; Command Position: 2.0787996310496912; Output Position: 2.0627354433543332
[2026-04-08 05:10:02,229] INFO: Time: 8.524768126999987; Command Position: 2.0787996310496912; Output Position: 2.0627354433543332
[2026-04-08 05:10:02,231] INFO: Time: 8.526827188999988; Command Position: 2.0787996310496912; Output Position: 2.0627780539317744
[2026-04-08 05:10:02,233] INFO: Time: 8.528886473; Command Position: 2.0787996310496912; Output Position: 2.0627354433543332
[2026-04-08 05:10:02,235] INFO: Time: 8.53094638600001; Command Position: 2.0787996310496912; Output Position: 2.062692832776892
[2026-04-08 05:10:02,238] INFO: Time: 8.533005577000011; Command Position: 2.0787996310496912; Output Position: 2.0627780539317744
[2026-04-08 05:10:02,240] INFO: Time: 8.535074342000001; Command Position: 2.0787996310496912; Output Position: 2.0627354433543332
[2026-04-08 05:10:02,242] INFO: Time: 8.537134180999999; Command Position: 2.0787996310496912; Output Position: 2.0627780539317744
[2026-04-08 05:10:02,244] INFO: Time: 8.539193243; Command Position: 2.0787996310496912; Output Position: 2.0627354433543332
[2026-04-08 05:10:02,246] INFO: Time: 8.54125267500001; Command Position: 2.0787996310496912; Output Position: 2.0627354433543332
[2026-04-08 05:10:02,248] INFO: Time: 8.543312329000003; Command Position: 2.0787996310496912; Output Position: 2.0627780539317744
[2026-04-08 05:10:02,250] INFO: Time: 8.545376983000011; Command Position: 2.0787996310496912; Output Position: 2.062692832776892
[2026-04-08 05:10:02,252] INFO: Time: 8.547442173999997; Command Position: 2.0787996310496912; Output Position: 2.0627354433543332
[2026-04-08 05:10:02,254] INFO: Time: 8.549503772999998; Command Position: 2.0787996310496912; Output Position: 2.0627780539317744
[2026-04-08 05:10:02,256] INFO: Time: 8.551562574999991; Command Position: 2.0787996310496912; Output Position: 2.0627354433543332
[2026-04-08 05:10:02,258] INFO: Time: 8.553621988000003; Command Position: 2.0787996310496912; Output Position: 2.062820664509216
[2026-04-08 05:10:02,260] INFO: Time: 8.555683068000008; Command Position: 2.0787996310496912; Output Position: 2.0627780539317744
[2026-04-08 05:10:02,262] INFO: Time: 8.557748666999998; Command Position: 2.0787996310496912; Output Position: 2.0627354433543332
[2026-04-08 05:10:02,264] INFO: Time: 8.559809320999989; Command Position: 2.0787996310496912; Output Position: 2.0627354433543332
[2026-04-08 05:10:02,266] INFO: Time: 8.561870048999992; Command Position: 2.0787996310496912; Output Position: 2.0627354433543332
[2026-04-08 05:10:02,268] INFO: Time: 8.56392903599999; Command Position: 2.0787996310496912; Output Position: 2.0627354433543332
[2026-04-08 05:10:02,271] INFO: Time: 8.565988430999994; Command Position: 2.0787996310496912; Output Position: 2.0627354433543332
[2026-04-08 05:10:02,273] INFO: Time: 8.568054493000005; Command Position: 2.0787996310496912; Output Position: 2.0627354433543332
[2026-04-08 05:10:02,275] INFO: Time: 8.570116036000002; Command Position: 2.0787996310496912; Output Position: 2.0627780539317744
[2026-04-08 05:10:02,277] INFO: Time: 8.57217528199999; Command Position: 2.0787996310496912; Output Position: 2.0627354433543332
[2026-04-08 05:10:02,279] INFO: Time: 8.574235584999997; Command Position: 2.0787996310496912; Output Position: 2.0627354433543332
[2026-04-08 05:10:02,281] INFO: Time: 8.576294294000007; Command Position: 2.0787996310496912; Output Position: 2.0627354433543332
[2026-04-08 05:10:02,283] INFO: Time: 8.578353319000001; Command Position: 2.0787996310496912; Output Position: 2.0627354433543332
[2026-04-08 05:10:02,285] INFO: Time: 8.58041845400001; Command Position: 2.0787996310496912; Output Position: 2.0627354433543332
[2026-04-08 05:10:02,287] INFO: Time: 8.582479868000007; Command Position: 2.0787996310496912; Output Position: 2.0627354433543332
[2026-04-08 05:10:02,289] INFO: Time: 8.584539226000004; Command Position: 2.0787996310496912; Output Position: 2.0627354433543332
[2026-04-08 05:10:02,291] INFO: Time: 8.586600787000009; Command Position: 2.0787996310496912; Output Position: 2.0627780539317744
[2026-04-08 05:10:02,293] INFO: Time: 8.588667348000001; Command Position: 2.0787996310496912; Output Position: 2.0627354433543332
[2026-04-08 05:10:02,295] INFO: Time: 8.590729799000002; Command Position: 2.0787996310496912; Output Position: 2.062692832776892
[2026-04-08 05:10:02,297] INFO: Time: 8.592790619999988; Command Position: 2.0787996310496912; Output Position: 2.062692832776892
[2026-04-08 05:10:02,299] INFO: Time: 8.594857329000007; Command Position: 2.0787996310496912; Output Position: 2.0627354433543332
[2026-04-08 05:10:02,301] INFO: Time: 8.596917057000013; Command Position: 2.0787996310496912; Output Position: 2.0627780539317744
[2026-04-08 05:10:02,304] INFO: Time: 8.598977525999999; Command Position: 2.0787996310496912; Output Position: 2.062692832776892
[2026-04-08 05:10:02,306] INFO: Time: 8.601043290999996; Command Position: 2.0787996310496912; Output Position: 2.062692832776892
[2026-04-08 05:10:02,308] INFO: Time: 8.603105537999994; Command Position: 2.0787996310496912; Output Position: 2.0627354433543332
[2026-04-08 05:10:02,310] INFO: Time: 8.60533706000001; Command Position: 2.0787996310496912; Output Position: 2.0627354433543332
[2026-04-08 05:10:02,312] INFO: Time: 8.607397472999992; Command Position: 2.0787996310496912; Output Position: 2.0627354433543332
[2026-04-08 05:10:02,314] INFO: Time: 8.609458257; Command Position: 2.0787996310496912; Output Position: 2.0627354433543332
[2026-04-08 05:10:02,316] INFO: Time: 8.611517021999987; Command Position: 2.0787996310496912; Output Position: 2.0627780539317744
[2026-04-08 05:10:02,318] INFO: Time: 8.613577324000005; Command Position: 2.0787996310496912; Output Position: 2.0627780539317744
[2026-04-08 05:10:02,320] INFO: Time: 8.615638848999993; Command Position: 2.0787996310496912; Output Position: 2.0627354433543332
[2026-04-08 05:10:02,322] INFO: Time: 8.617697725; Command Position: 2.0787996310496912; Output Position: 2.0627780539317744
[2026-04-08 05:10:02,324] INFO: Time: 8.619756287000001; Command Position: 2.0787996310496912; Output Position: 2.0627354433543332
[2026-04-08 05:10:02,326] INFO: Time: 8.621834237000002; Command Position: 2.0787996310496912; Output Position: 2.0627354433543332
[2026-04-08 05:10:02,328] INFO: Time: 8.623898372000014; Command Position: 2.0787996310496912; Output Position: 2.0627780539317744
[2026-04-08 05:10:02,331] INFO: Time: 8.625961323000013; Command Position: 2.0787996310496912; Output Position: 2.0627354433543332
[2026-04-08 05:10:02,333] INFO: Time: 8.628022310000006; Command Position: 2.0787996310496912; Output Position: 2.0627354433543332
[2026-04-08 05:10:02,335] INFO: Time: 8.630081816; Command Position: 2.0787996310496912; Output Position: 2.0627354433543332
[2026-04-08 05:10:02,337] INFO: Time: 8.63214173; Command Position: 2.0787996310496912; Output Position: 2.0627780539317744
[2026-04-08 05:10:02,339] INFO: Time: 8.63420203199999; Command Position: 2.0787996310496912; Output Position: 2.0627780539317744
[2026-04-08 05:10:02,341] INFO: Time: 8.636279574000014; Command Position: 2.0787996310496912; Output Position: 2.0627780539317744
[2026-04-08 05:10:02,343] INFO: Time: 8.638343617000004; Command Position: 2.0787996310496912; Output Position: 2.0627354433543332
[2026-04-08 05:10:02,345] INFO: Time: 8.640403901000013; Command Position: 2.0787996310496912; Output Position: 2.0627780539317744
[2026-04-08 05:10:02,347] INFO: Time: 8.642462684999998; Command Position: 2.0787996310496912; Output Position: 2.0627354433543332
[2026-04-08 05:10:02,349] INFO: Time: 8.644523208999999; Command Position: 2.0787996310496912; Output Position: 2.0627780539317744
[2026-04-08 05:10:02,351] INFO: Time: 8.646583641000007; Command Position: 2.0787996310496912; Output Position: 2.0627354433543332
[2026-04-08 05:10:02,376] INFO: Time: 8.671248824999992; Command Position: 2.0787996310496912; Output Position: 2.062692832776892
[2026-04-08 05:10:02,378] INFO: Time: 8.673308515999992; Command Position: 2.0787996310496912; Output Position: 2.062650222199451
[2026-04-08 05:10:02,380] INFO: Time: 8.675377725000004; Command Position: 2.0787996310496912; Output Position: 2.0627354433543332
[2026-04-08 05:10:02,382] INFO: Time: 8.677439268; Command Position: 2.0787996310496912; Output Position: 2.0627354433543332
[2026-04-08 05:10:02,384] INFO: Time: 8.679501756000008; Command Position: 2.0787996310496912; Output Position: 2.0627780539317744
[2026-04-08 05:10:02,386] INFO: Time: 8.681560724999997; Command Position: 2.0787996310496912; Output Position: 2.0627354433543332
[2026-04-08 05:10:02,388] INFO: Time: 8.683620119000011; Command Position: 2.0787996310496912; Output Position: 2.0627354433543332
[2026-04-08 05:10:02,390] INFO: Time: 8.685681087999995; Command Position: 2.0787996310496912; Output Position: 2.0627354433543332
[2026-04-08 05:10:02,392] INFO: Time: 8.687739687000004; Command Position: 2.0787996310496912; Output Position: 2.0627354433543332
[2026-04-08 05:10:02,394] INFO: Time: 8.689800711000004; Command Position: 2.0787996310496912; Output Position: 2.0627354433543332
[2026-04-08 05:10:02,396] INFO: Time: 8.691860366000014; Command Position: 2.0787996310496912; Output Position: 2.062692832776892
[2026-04-08 05:10:02,398] INFO: Time: 8.693918760000003; Command Position: 2.0787996310496912; Output Position: 2.0627354433543332
[2026-04-08 05:10:02,401] INFO: Time: 8.695978026000006; Command Position: 2.0787996310496912; Output Position: 2.0627354433543332
[2026-04-08 05:10:02,403] INFO: Time: 8.698037606000014; Command Position: 2.0787996310496912; Output Position: 2.0627354433543332
[2026-04-08 05:10:02,405] INFO: Time: 8.700096075000005; Command Position: 2.0787996310496912; Output Position: 2.0627354433543332
[2026-04-08 05:10:02,407] INFO: Time: 8.702160692000007; Command Position: 2.0787996310496912; Output Position: 2.062820664509216
[2026-04-08 05:10:02,409] INFO: Time: 8.704220604999989; Command Position: 2.0787996310496912; Output Position: 2.0627354433543332
[2026-04-08 05:10:02,411] INFO: Time: 8.706278907000012; Command Position: 2.0787996310496912; Output Position: 2.0627780539317744
[2026-04-08 05:10:02,413] INFO: Time: 8.708338413000007; Command Position: 2.0787996310496912; Output Position: 2.0627780539317744
[2026-04-08 05:10:02,415] INFO: Time: 8.710400604; Command Position: 2.0787996310496912; Output Position: 2.0627780539317744
[2026-04-08 05:10:02,417] INFO: Time: 8.712460518; Command Position: 2.0787996310496912; Output Position: 2.062692832776892
[2026-04-08 05:10:02,419] INFO: Time: 8.71452007900001; Command Position: 2.0787996310496912; Output Position: 2.0627780539317744
[2026-04-08 05:10:02,421] INFO: Time: 8.716581770000005; Command Position: 2.0787996310496912; Output Position: 2.0627780539317744
[2026-04-08 05:10:02,423] INFO: Time: 8.718641423999998; Command Position: 2.0787996310496912; Output Position: 2.0627354433543332
[2026-04-08 05:10:02,425] INFO: Time: 8.720702245000012; Command Position: 2.0787996310496912; Output Position: 2.062692832776892
[2026-04-08 05:10:02,427] INFO: Time: 8.722763140000012; Command Position: 2.0787996310496912; Output Position: 2.0627780539317744
[2026-04-08 05:10:02,429] INFO: Time: 8.724822683000014; Command Position: 2.0787996310496912; Output Position: 2.0627780539317744
[2026-04-08 05:10:02,431] INFO: Time: 8.726881856000006; Command Position: 2.0787996310496912; Output Position: 2.0627354433543332
[2026-04-08 05:10:02,433] INFO: Time: 8.728942120999989; Command Position: 2.0787996310496912; Output Position: 2.0627354433543332
[2026-04-08 05:10:02,436] INFO: Time: 8.731115718000012; Command Position: 2.0787996310496912; Output Position: 2.0627354433543332
[2026-04-08 05:10:02,438] INFO: Time: 8.733190742000005; Command Position: 2.0787996310496912; Output Position: 2.0627354433543332
[2026-04-08 05:10:02,440] INFO: Time: 8.735257711000003; Command Position: 2.0787996310496912; Output Position: 2.0627780539317744
[2026-04-08 05:10:02,442] INFO: Time: 8.73731767999999; Command Position: 2.0787996310496912; Output Position: 2.0627780539317744
[2026-04-08 05:10:02,444] INFO: Time: 8.739383741000012; Command Position: 2.0787996310496912; Output Position: 2.0627780539317744
[2026-04-08 05:10:02,446] INFO: Time: 8.741447284000003; Command Position: 2.0787996310496912; Output Position: 2.0627354433543332
[2026-04-08 05:10:02,448] INFO: Time: 8.74350690099999; Command Position: 2.0787996310496912; Output Position: 2.0627354433543332
[2026-04-08 05:10:02,450] INFO: Time: 8.745567740000013; Command Position: 2.0787996310496912; Output Position: 2.0627354433543332
[2026-04-08 05:10:02,452] INFO: Time: 8.747626413000006; Command Position: 2.0787996310496912; Output Position: 2.062692832776892
[2026-04-08 05:10:02,454] INFO: Time: 8.749685548999992; Command Position: 2.0787996310496912; Output Position: 2.0627354433543332
[2026-04-08 05:10:02,456] INFO: Time: 8.75174573999999; Command Position: 2.0787996310496912; Output Position: 2.062692832776892
[2026-04-08 05:10:02,458] INFO: Time: 8.75380482; Command Position: 2.0787996310496912; Output Position: 2.0627780539317744
[2026-04-08 05:10:02,460] INFO: Time: 8.755863492000003; Command Position: 2.0787996310496912; Output Position: 2.0627780539317744
[2026-04-08 05:10:02,462] INFO: Time: 8.757923887000004; Command Position: 2.0787996310496912; Output Position: 2.0627354433543332
[2026-04-08 05:10:02,465] INFO: Time: 8.759982670999989; Command Position: 2.0787996310496912; Output Position: 2.0627780539317744
[2026-04-08 05:10:02,467] INFO: Time: 8.762042844000007; Command Position: 2.0787996310496912; Output Position: 2.0627354433543332
[2026-04-08 05:10:02,469] INFO: Time: 8.764101479000004; Command Position: 2.0787996310496912; Output Position: 2.0627780539317744
[2026-04-08 05:10:02,471] INFO: Time: 8.766164669999995; Command Position: 2.0787996310496912; Output Position: 2.0627354433543332
[2026-04-08 05:10:02,473] INFO: Time: 8.768222861999988; Command Position: 2.0787996310496912; Output Position: 2.0627780539317744
[2026-04-08 05:10:02,475] INFO: Time: 8.770294682000014; Command Position: 2.0787996310496912; Output Position: 2.0627354433543332
[2026-04-08 05:10:02,477] INFO: Time: 8.772353707000008; Command Position: 2.0787996310496912; Output Position: 2.0627780539317744
[2026-04-08 05:10:02,479] INFO: Time: 8.77441798999999; Command Position: 2.0787996310496912; Output Position: 2.0627780539317744
[2026-04-08 05:10:02,481] INFO: Time: 8.776480496000005; Command Position: 2.0787996310496912; Output Position: 2.0627354433543332
[2026-04-08 05:10:02,483] INFO: Time: 8.77853915; Command Position: 2.0787996310496912; Output Position: 2.0627354433543332
[2026-04-08 05:10:02,485] INFO: Time: 8.780598045000005; Command Position: 2.0787996310496912; Output Position: 2.0627780539317744
[2026-04-08 05:10:02,487] INFO: Time: 8.782658013999992; Command Position: 2.0787996310496912; Output Position: 2.0627780539317744
[2026-04-08 05:10:02,489] INFO: Time: 8.784716335000013; Command Position: 2.0787996310496912; Output Position: 2.062692832776892
[2026-04-08 05:10:02,491] INFO: Time: 8.786785210999994; Command Position: 2.0787996310496912; Output Position: 2.0627354433543332
[2026-04-08 05:10:02,493] INFO: Time: 8.788848013000006; Command Position: 2.0787996310496912; Output Position: 2.0627780539317744
[2026-04-08 05:10:02,495] INFO: Time: 8.790908019; Command Position: 2.0787996310496912; Output Position: 2.0627354433543332
[2026-04-08 05:10:02,498] INFO: Time: 8.79296854399999; Command Position: 2.0787996310496912; Output Position: 2.0627354433543332
[2026-04-08 05:10:02,500] INFO: Time: 8.795028642000005; Command Position: 2.0787996310496912; Output Position: 2.062692832776892
[2026-04-08 05:10:02,502] INFO: Time: 8.797087593000015; Command Position: 2.0787996310496912; Output Position: 2.0627354433543332
[2026-04-08 05:10:02,504] INFO: Time: 8.799146691000004; Command Position: 2.0787996310496912; Output Position: 2.0627354433543332
[2026-04-08 05:10:02,506] INFO: Time: 8.801206549; Command Position: 2.0787996310496912; Output Position: 2.0627354433543332
[2026-04-08 05:10:02,508] INFO: Time: 8.803272703000005; Command Position: 2.0787996310496912; Output Position: 2.0627354433543332
[2026-04-08 05:10:02,510] INFO: Time: 8.805360726999993; Command Position: 2.0787996310496912; Output Position: 2.0627780539317744
[2026-04-08 05:10:02,512] INFO: Time: 8.80742478900001; Command Position: 2.0787996310496912; Output Position: 2.0627354433543332
[2026-04-08 05:10:02,514] INFO: Time: 8.809485590999998; Command Position: 2.0787996310496912; Output Position: 2.0627354433543332
[2026-04-08 05:10:02,516] INFO: Time: 8.811546762999996; Command Position: 2.0787996310496912; Output Position: 2.0627780539317744
[2026-04-08 05:10:02,518] INFO: Time: 8.813615139999996; Command Position: 2.0787996310496912; Output Position: 2.0627354433543332
[2026-04-08 05:10:02,520] INFO: Time: 8.815678831000014; Command Position: 2.0787996310496912; Output Position: 2.062692832776892
[2026-04-08 05:10:02,522] INFO: Time: 8.817739891999992; Command Position: 2.0787996310496912; Output Position: 2.0627780539317744
[2026-04-08 05:10:02,524] INFO: Time: 8.819812213000006; Command Position: 2.0787996310496912; Output Position: 2.0627354433543332
[2026-04-08 05:10:02,526] INFO: Time: 8.821870256000011; Command Position: 2.0787996310496912; Output Position: 2.062692832776892
[2026-04-08 05:10:02,528] INFO: Time: 8.823929983999989; Command Position: 2.0787996310496912; Output Position: 2.0627354433543332
[2026-04-08 05:10:02,531] INFO: Time: 8.825995285999994; Command Position: 2.0787996310496912; Output Position: 2.0627780539317744
[2026-04-08 05:10:02,533] INFO: Time: 8.828054903000009; Command Position: 2.0787996310496912; Output Position: 2.0627354433543332
[2026-04-08 05:10:02,535] INFO: Time: 8.830115871999993; Command Position: 2.0787996310496912; Output Position: 2.0627354433543332
[2026-04-08 05:10:02,537] INFO: Time: 8.832174748; Command Position: 2.0787996310496912; Output Position: 2.0627354433543332
[2026-04-08 05:10:02,539] INFO: Time: 8.834233643000005; Command Position: 2.0787996310496912; Output Position: 2.0627780539317744
[2026-04-08 05:10:02,541] INFO: Time: 8.836300168000008; Command Position: 2.0787996310496912; Output Position: 2.0627354433543332
[2026-04-08 05:10:02,543] INFO: Time: 8.838363211; Command Position: 2.0787996310496912; Output Position: 2.0627354433543332
[2026-04-08 05:10:02,545] INFO: Time: 8.840422402000002; Command Position: 2.0787996310496912; Output Position: 2.0627354433543332
[2026-04-08 05:10:02,547] INFO: Time: 8.842484815000006; Command Position: 2.0787996310496912; Output Position: 2.062692832776892
[2026-04-08 05:10:02,549] INFO: Time: 8.844545710000006; Command Position: 2.0787996310496912; Output Position: 2.0627354433543332
[2026-04-08 05:10:02,551] INFO: Time: 8.846609494000006; Command Position: 2.0787996310496912; Output Position: 2.0627354433543332
[2026-04-08 05:10:02,553] INFO: Time: 8.848672166; Command Position: 2.0787996310496912; Output Position: 2.062692832776892
[2026-04-08 05:10:02,555] INFO: Time: 8.850732617000006; Command Position: 2.0787996310496912; Output Position: 2.062692832776892
[2026-04-08 05:10:02,557] INFO: Time: 8.852796345000002; Command Position: 2.0787996310496912; Output Position: 2.0627354433543332
[2026-04-08 05:10:02,559] INFO: Time: 8.854859554; Command Position: 2.0787996310496912; Output Position: 2.0627354433543332
[2026-04-08 05:10:02,561] INFO: Time: 8.856919634000008; Command Position: 2.0787996310496912; Output Position: 2.062692832776892
[2026-04-08 05:10:02,564] INFO: Time: 8.858978325999999; Command Position: 2.0787996310496912; Output Position: 2.0627354433543332
[2026-04-08 05:10:02,566] INFO: Time: 8.861040609000014; Command Position: 2.0787996310496912; Output Position: 2.0627780539317744
[2026-04-08 05:10:02,568] INFO: Time: 8.863099855999991; Command Position: 2.0787996310496912; Output Position: 2.062820664509216
[2026-04-08 05:10:02,570] INFO: Time: 8.865164343000004; Command Position: 2.0787996310496912; Output Position: 2.0627354433543332
[2026-04-08 05:10:02,572] INFO: Time: 8.867226683000013; Command Position: 2.0787996310496912; Output Position: 2.0627354433543332
[2026-04-08 05:10:02,574] INFO: Time: 8.869287226000012; Command Position: 2.0787996310496912; Output Position: 2.0627354433543332
[2026-04-08 05:10:02,576] INFO: Time: 8.871345953999992; Command Position: 2.0787996310496912; Output Position: 2.062692832776892
[2026-04-08 05:10:02,578] INFO: Time: 8.873405719000004; Command Position: 2.0787996310496912; Output Position: 2.0627780539317744
[2026-04-08 05:10:02,580] INFO: Time: 8.875466114000005; Command Position: 2.0787996310496912; Output Position: 2.0627354433543332
[2026-04-08 05:10:02,582] INFO: Time: 8.877531249000015; Command Position: 2.0787996310496912; Output Position: 2.0627354433543332
[2026-04-08 05:10:02,584] INFO: Time: 8.879591199999993; Command Position: 2.0787996310496912; Output Position: 2.0627354433543332
[2026-04-08 05:10:02,586] INFO: Time: 8.881652558000013; Command Position: 2.0787996310496912; Output Position: 2.0627354433543332
[2026-04-08 05:10:02,588] INFO: Time: 8.88370986000001; Command Position: 2.0787996310496912; Output Position: 2.0627780539317744
[2026-04-08 05:10:02,590] INFO: Time: 8.885769291999992; Command Position: 2.0787996310496912; Output Position: 2.0627354433543332
[2026-04-08 05:10:02,592] INFO: Time: 8.887855223000003; Command Position: 2.0787996310496912; Output Position: 2.0627354433543332
[2026-04-08 05:10:02,594] INFO: Time: 8.889915099999996; Command Position: 2.0787996310496912; Output Position: 2.062692832776892
[2026-04-08 05:10:02,597] INFO: Time: 8.891974124; Command Position: 2.0787996310496912; Output Position: 2.0627780539317744
[2026-04-08 05:10:02,599] INFO: Time: 8.894034148000003; Command Position: 2.0787996310496912; Output Position: 2.0627354433543332
[2026-04-08 05:10:02,601] INFO: Time: 8.896092820999996; Command Position: 2.0787996310496912; Output Position: 2.0627780539317744
[2026-04-08 05:10:02,603] INFO: Time: 8.898152678999992; Command Position: 2.0787996310496912; Output Position: 2.0627354433543332
[2026-04-08 05:10:02,605] INFO: Time: 8.900216037000007; Command Position: 2.0787996310496912; Output Position: 2.062692832776892
[2026-04-08 05:10:02,607] INFO: Time: 8.902277542999997; Command Position: 2.0787996310496912; Output Position: 2.0627780539317744
[2026-04-08 05:10:02,609] INFO: Time: 8.904336919000002; Command Position: 2.0787996310496912; Output Position: 2.0627354433543332
[2026-04-08 05:10:02,611] INFO: Time: 8.906397276999996; Command Position: 2.0787996310496912; Output Position: 2.0627780539317744
[2026-04-08 05:10:02,613] INFO: Time: 8.908456394000012; Command Position: 2.0787996310496912; Output Position: 2.0627354433543332
[2026-04-08 05:10:02,615] INFO: Time: 8.910516381000008; Command Position: 2.0787996310496912; Output Position: 2.0627780539317744
[2026-04-08 05:10:02,617] INFO: Time: 8.912582127999997; Command Position: 2.0787996310496912; Output Position: 2.0627354433543332
[2026-04-08 05:10:02,619] INFO: Time: 8.91464456; Command Position: 2.0787996310496912; Output Position: 2.0627354433543332
[2026-04-08 05:10:02,621] INFO: Time: 8.916704436000003; Command Position: 2.0787996310496912; Output Position: 2.0627354433543332
[2026-04-08 05:10:02,623] INFO: Time: 8.918767237999987; Command Position: 2.0787996310496912; Output Position: 2.0627354433543332
[2026-04-08 05:10:02,625] INFO: Time: 8.920826855000001; Command Position: 2.0787996310496912; Output Position: 2.0627354433543332
[2026-04-08 05:10:02,627] INFO: Time: 8.92289223200001; Command Position: 2.0787996310496912; Output Position: 2.0627354433543332
[2026-04-08 05:10:02,630] INFO: Time: 8.924954793000012; Command Position: 2.0787996310496912; Output Position: 2.0627780539317744
[2026-04-08 05:10:02,632] INFO: Time: 8.927013484000014; Command Position: 2.0787996310496912; Output Position: 2.062692832776892
[2026-04-08 05:10:02,634] INFO: Time: 8.929073305000003; Command Position: 2.0787996310496912; Output Position: 2.062692832776892
[2026-04-08 05:10:02,636] INFO: Time: 8.931133367000001; Command Position: 2.0787996310496912; Output Position: 2.0627354433543332
[2026-04-08 05:10:02,638] INFO: Time: 8.933192335000001; Command Position: 2.0787996310496912; Output Position: 2.0627354433543332
[2026-04-08 05:10:02,640] INFO: Time: 8.935260434000014; Command Position: 2.0787996310496912; Output Position: 2.0627354433543332
[2026-04-08 05:10:02,642] INFO: Time: 8.937321384; Command Position: 2.0787996310496912; Output Position: 2.0627354433543332
[2026-04-08 05:10:02,644] INFO: Time: 8.939381464000007; Command Position: 2.0787996310496912; Output Position: 2.0627354433543332
[2026-04-08 05:10:02,646] INFO: Time: 8.941441636999997; Command Position: 2.0787996310496912; Output Position: 2.0627780539317744
[2026-04-08 05:10:02,648] INFO: Time: 8.943502994999989; Command Position: 2.0787996310496912; Output Position: 2.0627354433543332
[2026-04-08 05:10:02,650] INFO: Time: 8.945568129999998; Command Position: 2.0787996310496912; Output Position: 2.0627354433543332
[2026-04-08 05:10:02,652] INFO: Time: 8.947632524999989; Command Position: 2.0787996310496912; Output Position: 2.0627780539317744
[2026-04-08 05:10:02,654] INFO: Time: 8.949694585999993; Command Position: 2.0787996310496912; Output Position: 2.062692832776892
[2026-04-08 05:10:02,656] INFO: Time: 8.951753574000008; Command Position: 2.0787996310496912; Output Position: 2.0627354433543332
[2026-04-08 05:10:02,658] INFO: Time: 8.95381335799999; Command Position: 2.0787996310496912; Output Position: 2.062692832776892
[2026-04-08 05:10:02,660] INFO: Time: 8.955873066999999; Command Position: 2.0787996310496912; Output Position: 2.0627780539317744
[2026-04-08 05:10:02,663] INFO: Time: 8.957936036000007; Command Position: 2.0787996310496912; Output Position: 2.0627780539317744
[2026-04-08 05:10:02,665] INFO: Time: 8.95999676400001; Command Position: 2.0787996310496912; Output Position: 2.0627780539317744
[2026-04-08 05:10:02,667] INFO: Time: 8.962056751999995; Command Position: 2.0787996310496912; Output Position: 2.0627354433543332
[2026-04-08 05:10:02,669] INFO: Time: 8.96411638699999; Command Position: 2.0787996310496912; Output Position: 2.062692832776892
[2026-04-08 05:10:02,671] INFO: Time: 8.966175485999997; Command Position: 2.0787996310496912; Output Position: 2.0627780539317744
[2026-04-08 05:10:02,673] INFO: Time: 8.968235399000008; Command Position: 2.0787996310496912; Output Position: 2.0627354433543332
[2026-04-08 05:10:02,675] INFO: Time: 8.970294146000015; Command Position: 2.0787996310496912; Output Position: 2.0627354433543332
[2026-04-08 05:10:02,677] INFO: Time: 8.972361782000007; Command Position: 2.0787996310496912; Output Position: 2.0627354433543332
[2026-04-08 05:10:02,679] INFO: Time: 8.974422564999998; Command Position: 2.0787996310496912; Output Position: 2.0627780539317744
[2026-04-08 05:10:02,681] INFO: Time: 8.976481479; Command Position: 2.0787996310496912; Output Position: 2.0627780539317744
[2026-04-08 05:10:02,683] INFO: Time: 8.978540632999994; Command Position: 2.0787996310496912; Output Position: 2.0627780539317744
[2026-04-08 05:10:02,685] INFO: Time: 8.980603398; Command Position: 2.0787996310496912; Output Position: 2.0627354433543332
[2026-04-08 05:10:02,687] INFO: Time: 8.982662922000003; Command Position: 2.0787996310496912; Output Position: 2.0627780539317744
[2026-04-08 05:10:02,689] INFO: Time: 8.98472240999999; Command Position: 2.0787996310496912; Output Position: 2.0627780539317744
[2026-04-08 05:10:02,691] INFO: Time: 8.986788953000001; Command Position: 2.0787996310496912; Output Position: 2.0627354433543332
[2026-04-08 05:10:02,693] INFO: Time: 8.988851033000003; Command Position: 2.0787996310496912; Output Position: 2.0627354433543332
[2026-04-08 05:10:02,695] INFO: Time: 8.990910353999993; Command Position: 2.0787996310496912; Output Position: 2.0627354433543332
[2026-04-08 05:10:02,698] INFO: Time: 8.99296947100001; Command Position: 2.0787996310496912; Output Position: 2.0627780539317744
[2026-04-08 05:10:02,700] INFO: Time: 8.995027864999997; Command Position: 2.0787996310496912; Output Position: 2.0627780539317744
[2026-04-08 05:10:02,702] INFO: Time: 8.99727601699999; Command Position: 2.0787996310496912; Output Position: 2.0627354433543332
[2026-04-08 05:10:02,704] INFO: Time: 8.99933991200001; Command Position: 2.0787996310496912; Output Position: 2.0627354433543332
[2026-04-08 05:10:02,706] INFO: Time: 9.001399195000005; Command Position: 2.0787996310496912; Output Position: 2.0627354433543332
[2026-04-08 05:10:02,708] INFO: Time: 9.003459609000004; Command Position: 2.0787996310496912; Output Position: 2.0627354433543332
[2026-04-08 05:10:02,710] INFO: Time: 9.005527540000003; Command Position: 2.0787996310496912; Output Position: 2.0627780539317744
[2026-04-08 05:10:02,712] INFO: Time: 9.00758956499999; Command Position: 2.0787996310496912; Output Position: 2.0627354433543332
[2026-04-08 05:10:02,714] INFO: Time: 9.009649755999988; Command Position: 2.0787996310496912; Output Position: 2.0627354433543332
[2026-04-08 05:10:02,716] INFO: Time: 9.011715021000015; Command Position: 2.0787996310496912; Output Position: 2.0627354433543332
[2026-04-08 05:10:02,718] INFO: Time: 9.01377599; Command Position: 2.0787996310496912; Output Position: 2.0627354433543332
[2026-04-08 05:10:02,720] INFO: Time: 9.015850236000006; Command Position: 2.0787996310496912; Output Position: 2.0627354433543332
[2026-04-08 05:10:02,722] INFO: Time: 9.01791424199999; Command Position: 2.0787996310496912; Output Position: 2.062820664509216
[2026-04-08 05:10:02,725] INFO: Time: 9.019976100000008; Command Position: 2.0787996310496912; Output Position: 2.0627354433543332
[2026-04-08 05:10:02,727] INFO: Time: 9.022040976; Command Position: 2.0787996310496912; Output Position: 2.0627354433543332
[2026-04-08 05:10:02,729] INFO: Time: 9.024105649000006; Command Position: 2.0787996310496912; Output Position: 2.0627354433543332
[2026-04-08 05:10:02,731] INFO: Time: 9.026167358999999; Command Position: 2.0787996310496912; Output Position: 2.0627354433543332
[2026-04-08 05:10:02,733] INFO: Time: 9.028226624000013; Command Position: 2.0787996310496912; Output Position: 2.0627354433543332
[2026-04-08 05:10:02,735] INFO: Time: 9.030290852000007; Command Position: 2.0787996310496912; Output Position: 2.0627354433543332
[2026-04-08 05:10:02,737] INFO: Time: 9.032350412999989; Command Position: 2.0787996310496912; Output Position: 2.0627780539317744
[2026-04-08 05:10:02,739] INFO: Time: 9.034409253000007; Command Position: 2.0787996310496912; Output Position: 2.0627354433543332
[2026-04-08 05:10:02,741] INFO: Time: 9.036468702999997; Command Position: 2.0787996310496912; Output Position: 2.0627354433543332
[2026-04-08 05:10:02,743] INFO: Time: 9.038529541999992; Command Position: 2.0787996310496912; Output Position: 2.062692832776892
[2026-04-08 05:10:02,745] INFO: Time: 9.040588697000004; Command Position: 2.0787996310496912; Output Position: 2.0627780539317744
[2026-04-08 05:10:02,747] INFO: Time: 9.04265349900001; Command Position: 2.0787996310496912; Output Position: 2.0627354433543332
[2026-04-08 05:10:02,749] INFO: Time: 9.04471889300001; Command Position: 2.0787996310496912; Output Position: 2.0627354433543332
[2026-04-08 05:10:02,751] INFO: Time: 9.046776787999988; Command Position: 2.0787996310496912; Output Position: 2.0627780539317744
[2026-04-08 05:10:02,754] INFO: Time: 9.048855701000008; Command Position: 2.0787996310496912; Output Position: 2.0627354433543332
[2026-04-08 05:10:02,756] INFO: Time: 9.050928929000008; Command Position: 2.0787996310496912; Output Position: 2.0627354433543332
[2026-04-08 05:10:02,758] INFO: Time: 9.052989028000013; Command Position: 2.0787996310496912; Output Position: 2.0627354433543332
[2026-04-08 05:10:02,760] INFO: Time: 9.055052089000014; Command Position: 2.0787996310496912; Output Position: 2.0627780539317744
[2026-04-08 05:10:02,762] INFO: Time: 9.057119242999988; Command Position: 2.0787996310496912; Output Position: 2.062692832776892
[2026-04-08 05:10:02,764] INFO: Time: 9.05917998999999; Command Position: 2.0787996310496912; Output Position: 2.0627780539317744
[2026-04-08 05:10:02,766] INFO: Time: 9.061240217999995; Command Position: 2.0787996310496912; Output Position: 2.0627354433543332
[2026-04-08 05:10:02,768] INFO: Time: 9.063300317; Command Position: 2.0787996310496912; Output Position: 2.062692832776892
[2026-04-08 05:10:02,770] INFO: Time: 9.065359045000008; Command Position: 2.0787996310496912; Output Position: 2.0627354433543332
[2026-04-08 05:10:02,772] INFO: Time: 9.067418347; Command Position: 2.0787996310496912; Output Position: 2.0627354433543332
[2026-04-08 05:10:02,774] INFO: Time: 9.06948698299999; Command Position: 2.0787996310496912; Output Position: 2.0627780539317744
[2026-04-08 05:10:02,776] INFO: Time: 9.071551080999996; Command Position: 2.0787996310496912; Output Position: 2.0627354433543332
[2026-04-08 05:10:02,778] INFO: Time: 9.073618865000014; Command Position: 2.0787996310496912; Output Position: 2.0627780539317744
[2026-04-08 05:10:02,781] INFO: Time: 9.075692000000004; Command Position: 2.0787996310496912; Output Position: 2.0627354433543332
[2026-04-08 05:10:02,782] INFO: Time: 9.077755488000008; Command Position: 2.0787996310496912; Output Position: 2.0627354433543332
[2026-04-08 05:10:02,784] INFO: Time: 9.079816956999991; Command Position: 2.0787996310496912; Output Position: 2.0627780539317744
[2026-04-08 05:10:02,786] INFO: Time: 9.081877055000007; Command Position: 2.0787996310496912; Output Position: 2.0627354433543332
[2026-04-08 05:10:02,788] INFO: Time: 9.083935950000011; Command Position: 2.0787996310496912; Output Position: 2.0627354433543332
[2026-04-08 05:10:02,791] INFO: Time: 9.085999659999999; Command Position: 2.0787996310496912; Output Position: 2.0627780539317744
[2026-04-08 05:10:02,793] INFO: Time: 9.088060240000004; Command Position: 2.0787996310496912; Output Position: 2.0627354433543332
[2026-04-08 05:10:02,795] INFO: Time: 9.090118985999993; Command Position: 2.0787996310496912; Output Position: 2.0627354433543332
[2026-04-08 05:10:02,797] INFO: Time: 9.092185658999995; Command Position: 2.0787996310496912; Output Position: 2.0627354433543332
[2026-04-08 05:10:02,799] INFO: Time: 9.094246349999992; Command Position: 2.0787996310496912; Output Position: 2.0627354433543332
[2026-04-08 05:10:02,801] INFO: Time: 9.096573721999988; Command Position: 2.0787996310496912; Output Position: 2.0627354433543332
[2026-04-08 05:10:02,803] INFO: Time: 9.098664727999989; Command Position: 2.0787996310496912; Output Position: 2.0627354433543332
[2026-04-08 05:10:02,805] INFO: Time: 9.100732085000004; Command Position: 2.0787996310496912; Output Position: 2.0627354433543332
[2026-04-08 05:10:02,807] INFO: Time: 9.102794276999987; Command Position: 2.0787996310496912; Output Position: 2.0627354433543332
[2026-04-08 05:10:02,809] INFO: Time: 9.104854319999987; Command Position: 2.0787996310496912; Output Position: 2.0627354433543332
[2026-04-08 05:10:02,811] INFO: Time: 9.106913862999988; Command Position: 2.0787996310496912; Output Position: 2.0627354433543332
[2026-04-08 05:10:02,814] INFO: Time: 9.108972442999999; Command Position: 2.0787996310496912; Output Position: 2.0627354433543332
[2026-04-08 05:10:02,816] INFO: Time: 9.111033356000007; Command Position: 2.0787996310496912; Output Position: 2.0627354433543332
[2026-04-08 05:10:02,818] INFO: Time: 9.113092176999999; Command Position: 2.0787996310496912; Output Position: 2.062692832776892
[2026-04-08 05:10:02,820] INFO: Time: 9.115156552999991; Command Position: 2.0787996310496912; Output Position: 2.0627354433543332
[2026-04-08 05:10:02,822] INFO: Time: 9.117221244000007; Command Position: 2.0787996310496912; Output Position: 2.0627354433543332
[2026-04-08 05:10:02,824] INFO: Time: 9.119281806000004; Command Position: 2.0787996310496912; Output Position: 2.0627780539317744
[2026-04-08 05:10:02,826] INFO: Time: 9.121341126000004; Command Position: 2.0787996310496912; Output Position: 2.0627354433543332
[2026-04-08 05:10:02,828] INFO: Time: 9.123400429000014; Command Position: 2.0787996310496912; Output Position: 2.0627780539317744
[2026-04-08 05:10:02,830] INFO: Time: 9.12565037600001; Command Position: 2.0787996310496912; Output Position: 2.0627780539317744
[2026-04-08 05:10:02,832] INFO: Time: 9.127709159999995; Command Position: 2.0787996310496912; Output Position: 2.0627354433543332
[2026-04-08 05:10:02,835] INFO: Time: 9.129887405000005; Command Position: 2.0787996310496912; Output Position: 2.0627354433543332
[2026-04-08 05:10:02,837] INFO: Time: 9.132168481000008; Command Position: 2.0787996310496912; Output Position: 2.0627780539317744
[2026-04-08 05:10:02,839] INFO: Time: 9.134233523999995; Command Position: 2.0787996310496912; Output Position: 2.0627780539317744
[2026-04-08 05:10:02,841] INFO: Time: 9.136292993000012; Command Position: 2.0787996310496912; Output Position: 2.062692832776892
[2026-04-08 05:10:02,843] INFO: Time: 9.138351999000008; Command Position: 2.0787996310496912; Output Position: 2.0627354433543332
[2026-04-08 05:10:02,845] INFO: Time: 9.140412134999991; Command Position: 2.0787996310496912; Output Position: 2.0627354433543332
[2026-04-08 05:10:02,847] INFO: Time: 9.142469436999988; Command Position: 2.0787996310496912; Output Position: 2.0627780539317744
[2026-04-08 05:10:02,849] INFO: Time: 9.144534886999992; Command Position: 2.0787996310496912; Output Position: 2.0627354433543332
[2026-04-08 05:10:02,851] INFO: Time: 9.146595596999987; Command Position: 2.0787996310496912; Output Position: 2.0627354433543332
[2026-04-08 05:10:02,853] INFO: Time: 9.148653399000011; Command Position: 2.0787996310496912; Output Position: 2.0627354433543332
[2026-04-08 05:10:02,855] INFO: Time: 9.150711128000012; Command Position: 2.0787996310496912; Output Position: 2.0627354433543332
[2026-04-08 05:10:02,857] INFO: Time: 9.152770448000012; Command Position: 2.0787996310496912; Output Position: 2.0627354433543332
[2026-04-08 05:10:02,859] INFO: Time: 9.154827251; Command Position: 2.0787996310496912; Output Position: 2.0627354433543332
[2026-04-08 05:10:02,861] INFO: Time: 9.156883996999994; Command Position: 2.0787996310496912; Output Position: 2.0627780539317744
[2026-04-08 05:10:02,864] INFO: Time: 9.15895144800001; Command Position: 2.0787996310496912; Output Position: 2.0627354433543332
[2026-04-08 05:10:02,866] INFO: Time: 9.161009971999988; Command Position: 2.0787996310496912; Output Position: 2.0627354433543332
[2026-04-08 05:10:02,868] INFO: Time: 9.163070478000009; Command Position: 2.0787996310496912; Output Position: 2.0627354433543332
[2026-04-08 05:10:02,870] INFO: Time: 9.165127503000008; Command Position: 2.0787996310496912; Output Position: 2.0627354433543332
[2026-04-08 05:10:02,872] INFO: Time: 9.167184361000011; Command Position: 2.0787996310496912; Output Position: 2.062692832776892
[2026-04-08 05:10:02,874] INFO: Time: 9.169346364999996; Command Position: 2.0787996310496912; Output Position: 2.0627354433543332
[2026-04-08 05:10:02,876] INFO: Time: 9.171410019000007; Command Position: 2.0787996310496912; Output Position: 2.0627780539317744
[2026-04-08 05:10:02,878] INFO: Time: 9.173469044; Command Position: 2.0787996310496912; Output Position: 2.0627354433543332
[2026-04-08 05:10:02,880] INFO: Time: 9.175535123000003; Command Position: 2.0787996310496912; Output Position: 2.0627354433543332
[2026-04-08 05:10:02,882] INFO: Time: 9.177598778000004; Command Position: 2.0787996310496912; Output Position: 2.0627780539317744
[2026-04-08 05:10:02,884] INFO: Time: 9.179657283000012; Command Position: 2.0787996310496912; Output Position: 2.0627354433543332
[2026-04-08 05:10:02,886] INFO: Time: 9.181716770999998; Command Position: 2.0787996310496912; Output Position: 2.0627354433543332
[2026-04-08 05:10:02,888] INFO: Time: 9.18377762899999; Command Position: 2.0787996310496912; Output Position: 2.0627354433543332
[2026-04-08 05:10:02,890] INFO: Time: 9.185854597000002; Command Position: 2.0787996310496912; Output Position: 2.0627354433543332
[2026-04-08 05:10:02,893] INFO: Time: 9.187920270000006; Command Position: 2.0787996310496912; Output Position: 2.0627354433543332
[2026-04-08 05:10:02,895] INFO: Time: 9.189981165000006; Command Position: 2.0787996310496912; Output Position: 2.0627780539317744
[2026-04-08 05:10:02,897] INFO: Time: 9.192040208000009; Command Position: 2.0787996310496912; Output Position: 2.0627354433543332
[2026-04-08 05:10:02,899] INFO: Time: 9.194099472999994; Command Position: 2.0787996310496912; Output Position: 2.0627354433543332
[2026-04-08 05:10:02,901] INFO: Time: 9.196159609000006; Command Position: 2.0787996310496912; Output Position: 2.062692832776892
[2026-04-08 05:10:02,903] INFO: Time: 9.198218300000008; Command Position: 2.0787996310496912; Output Position: 2.0627780539317744
[2026-04-08 05:10:02,905] INFO: Time: 9.200276768999998; Command Position: 2.0787996310496912; Output Position: 2.0627354433543332
[2026-04-08 05:10:02,907] INFO: Time: 9.202525494000014; Command Position: 2.0787996310496912; Output Position: 2.0627780539317744
[2026-04-08 05:10:02,909] INFO: Time: 9.204586721999988; Command Position: 2.0787996310496912; Output Position: 2.0627354433543332
[2026-04-08 05:10:02,911] INFO: Time: 9.206645895000008; Command Position: 2.0787996310496912; Output Position: 2.0627354433543332
[2026-04-08 05:10:02,913] INFO: Time: 9.208705363999997; Command Position: 2.0787996310496912; Output Position: 2.0627780539317744
[2026-04-08 05:10:02,915] INFO: Time: 9.210764592000004; Command Position: 2.0787996310496912; Output Position: 2.0627354433543332
[2026-04-08 05:10:02,917] INFO: Time: 9.212823783000005; Command Position: 2.0787996310496912; Output Position: 2.062692832776892
[2026-04-08 05:10:02,919] INFO: Time: 9.214883289; Command Position: 2.0787996310496912; Output Position: 2.0627780539317744
[2026-04-08 05:10:02,922] INFO: Time: 9.216947720999997; Command Position: 2.0787996310496912; Output Position: 2.0627354433543332
[2026-04-08 05:10:02,924] INFO: Time: 9.219009467999996; Command Position: 2.0787996310496912; Output Position: 2.0627354433543332
[2026-04-08 05:10:02,926] INFO: Time: 9.221068250999991; Command Position: 2.0787996310496912; Output Position: 2.062692832776892
[2026-04-08 05:10:02,928] INFO: Time: 9.223127035000005; Command Position: 2.0787996310496912; Output Position: 2.0627780539317744
[2026-04-08 05:10:02,930] INFO: Time: 9.225186318999988; Command Position: 2.0787996310496912; Output Position: 2.0627354433543332
[2026-04-08 05:10:02,932] INFO: Time: 9.227245436000004; Command Position: 2.0787996310496912; Output Position: 2.0627354433543332
[2026-04-08 05:10:02,934] INFO: Time: 9.229309997000001; Command Position: 2.0787996310496912; Output Position: 2.0627780539317744
[2026-04-08 05:10:02,936] INFO: Time: 9.231374337000005; Command Position: 2.0787996310496912; Output Position: 2.0627354433543332
[2026-04-08 05:10:02,938] INFO: Time: 9.233435490999994; Command Position: 2.0787996310496912; Output Position: 2.0627354433543332
[2026-04-08 05:10:02,940] INFO: Time: 9.235496497000014; Command Position: 2.0787996310496912; Output Position: 2.0627354433543332
[2026-04-08 05:10:02,942] INFO: Time: 9.237558094999997; Command Position: 2.0787996310496912; Output Position: 2.0627780539317744
[2026-04-08 05:10:02,944] INFO: Time: 9.239619600999987; Command Position: 2.0787996310496912; Output Position: 2.062692832776892
[2026-04-08 05:10:02,946] INFO: Time: 9.241681551; Command Position: 2.0787996310496912; Output Position: 2.0627780539317744
[2026-04-08 05:10:02,948] INFO: Time: 9.24374496499999; Command Position: 2.0787996310496912; Output Position: 2.0627780539317744
[2026-04-08 05:10:02,950] INFO: Time: 9.245805711000003; Command Position: 2.0787996310496912; Output Position: 2.0627354433543332
[2026-04-08 05:10:02,952] INFO: Time: 9.247864569; Command Position: 2.0787996310496912; Output Position: 2.0627354433543332
[2026-04-08 05:10:02,955] INFO: Time: 9.249929760000015; Command Position: 2.0787996310496912; Output Position: 2.0627780539317744
[2026-04-08 05:10:02,957] INFO: Time: 9.251992488000013; Command Position: 2.0787996310496912; Output Position: 2.0627354433543332
[2026-04-08 05:10:02,959] INFO: Time: 9.254051586999992; Command Position: 2.0787996310496912; Output Position: 2.0627780539317744
[2026-04-08 05:10:02,961] INFO: Time: 9.256110815; Command Position: 2.0787996310496912; Output Position: 2.0627354433543332
[2026-04-08 05:10:02,963] INFO: Time: 9.258170691000004; Command Position: 2.0787996310496912; Output Position: 2.0627354433543332
[2026-04-08 05:10:02,965] INFO: Time: 9.260237289999992; Command Position: 2.0787996310496912; Output Position: 2.0627780539317744
[2026-04-08 05:10:02,967] INFO: Time: 9.262300350999993; Command Position: 2.0787996310496912; Output Position: 2.0627354433543332
[2026-04-08 05:10:02,969] INFO: Time: 9.264360135000004; Command Position: 2.0787996310496912; Output Position: 2.0627354433543332
[2026-04-08 05:10:02,971] INFO: Time: 9.266419547999988; Command Position: 2.0787996310496912; Output Position: 2.062692832776892
[2026-04-08 05:10:02,973] INFO: Time: 9.268478554000012; Command Position: 2.0787996310496912; Output Position: 2.0627354433543332
[2026-04-08 05:10:02,975] INFO: Time: 9.270538041999998; Command Position: 2.0787996310496912; Output Position: 2.0627780539317744
[2026-04-08 05:10:02,977] INFO: Time: 9.272602769999992; Command Position: 2.0787996310496912; Output Position: 2.0627354433543332
[2026-04-08 05:10:02,979] INFO: Time: 9.274664201999997; Command Position: 2.0787996310496912; Output Position: 2.062692832776892
[2026-04-08 05:10:02,981] INFO: Time: 9.276722911999997; Command Position: 2.0787996310496912; Output Position: 2.0627354433543332
[2026-04-08 05:10:02,983] INFO: Time: 9.278782231999998; Command Position: 2.0787996310496912; Output Position: 2.062692832776892
[2026-04-08 05:10:02,985] INFO: Time: 9.28084175699999; Command Position: 2.0787996310496912; Output Position: 2.062692832776892
[2026-04-08 05:10:02,987] INFO: Time: 9.282907206999994; Command Position: 2.0787996310496912; Output Position: 2.0627354433543332
[2026-04-08 05:10:02,990] INFO: Time: 9.284968157999998; Command Position: 2.0787996310496912; Output Position: 2.0627354433543332
[2026-04-08 05:10:02,992] INFO: Time: 9.287027311999992; Command Position: 2.0787996310496912; Output Position: 2.0627354433543332
[2026-04-08 05:10:02,994] INFO: Time: 9.289086798999989; Command Position: 2.0787996310496912; Output Position: 2.062692832776892
[2026-04-08 05:10:02,996] INFO: Time: 9.291145564000004; Command Position: 2.0787996310496912; Output Position: 2.0627354433543332
[2026-04-08 05:10:02,998] INFO: Time: 9.293204347999989; Command Position: 2.0787996310496912; Output Position: 2.0627780539317744
[2026-04-08 05:10:03,000] INFO: Time: 9.295270595000005; Command Position: 2.0787996310496912; Output Position: 2.0627780539317744
[2026-04-08 05:10:03,002] INFO: Time: 9.297363192999995; Command Position: 2.0787996310496912; Output Position: 2.0627354433543332
[2026-04-08 05:10:03,004] INFO: Time: 9.29942436600001; Command Position: 2.0787996310496912; Output Position: 2.062692832776892
[2026-04-08 05:10:03,006] INFO: Time: 9.301484816999988; Command Position: 2.0787996310496912; Output Position: 2.062692832776892
[2026-04-08 05:10:03,008] INFO: Time: 9.30354384200001; Command Position: 2.0787996310496912; Output Position: 2.0627354433543332
[2026-04-08 05:10:03,010] INFO: Time: 9.305609774999994; Command Position: 2.0787996310496912; Output Position: 2.0627780539317744
[2026-04-08 05:10:03,012] INFO: Time: 9.307671134000003; Command Position: 2.0787996310496912; Output Position: 2.062692832776892
[2026-04-08 05:10:03,014] INFO: Time: 9.309729788999988; Command Position: 2.0787996310496912; Output Position: 2.0627780539317744
[2026-04-08 05:10:03,016] INFO: Time: 9.311788183999994; Command Position: 2.0787996310496912; Output Position: 2.0627780539317744
[2026-04-08 05:10:03,018] INFO: Time: 9.313862282999992; Command Position: 2.0787996310496912; Output Position: 2.0627354433543332
[2026-04-08 05:10:03,020] INFO: Time: 9.31592014200001; Command Position: 2.0787996310496912; Output Position: 2.0627780539317744
[2026-04-08 05:10:03,023] INFO: Time: 9.318138368999996; Command Position: 2.0787996310496912; Output Position: 2.062692832776892
[2026-04-08 05:10:03,025] INFO: Time: 9.320201782999987; Command Position: 2.0787996310496912; Output Position: 2.062692832776892
[2026-04-08 05:10:03,027] INFO: Time: 9.322261493000013; Command Position: 2.0787996310496912; Output Position: 2.0627354433543332
[2026-04-08 05:10:03,029] INFO: Time: 9.324320795999995; Command Position: 2.0787996310496912; Output Position: 2.0627354433543332
[2026-04-08 05:10:03,031] INFO: Time: 9.326384061999988; Command Position: 2.0787996310496912; Output Position: 2.062820664509216
[2026-04-08 05:10:03,033] INFO: Time: 9.328445310000006; Command Position: 2.0787996310496912; Output Position: 2.0627354433543332
[2026-04-08 05:10:03,035] INFO: Time: 9.330611241000014; Command Position: 2.0787996310496912; Output Position: 2.0627354433543332
[2026-04-08 05:10:03,037] INFO: Time: 9.332673561999997; Command Position: 2.0787996310496912; Output Position: 2.0627354433543332
[2026-04-08 05:10:03,039] INFO: Time: 9.334733236000005; Command Position: 2.0787996310496912; Output Position: 2.0627354433543332
[2026-04-08 05:10:03,041] INFO: Time: 9.336800186999994; Command Position: 2.0787996310496912; Output Position: 2.0627354433543332
[2026-04-08 05:10:03,043] INFO: Time: 9.33886291600001; Command Position: 2.0787996310496912; Output Position: 2.0627780539317744
[2026-04-08 05:10:03,045] INFO: Time: 9.340922626000008; Command Position: 2.0787996310496912; Output Position: 2.0627354433543332
[2026-04-08 05:10:03,048] INFO: Time: 9.342981984999994; Command Position: 2.0787996310496912; Output Position: 2.0627354433543332
[2026-04-08 05:10:03,050] INFO: Time: 9.34504182500001; Command Position: 2.0787996310496912; Output Position: 2.0627354433543332
[2026-04-08 05:10:03,052] INFO: Time: 9.34729205100001; Command Position: 2.0787996310496912; Output Position: 2.0627354433543332
[2026-04-08 05:10:03,054] INFO: Time: 9.349356317000002; Command Position: 2.0787996310496912; Output Position: 2.0627354433543332
[2026-04-08 05:10:03,056] INFO: Time: 9.351416749999999; Command Position: 2.0787996310496912; Output Position: 2.0627780539317744
[2026-04-08 05:10:03,058] INFO: Time: 9.353475830999997; Command Position: 2.0787996310496912; Output Position: 2.0627354433543332
[2026-04-08 05:10:03,060] INFO: Time: 9.35553620799999; Command Position: 2.0787996310496912; Output Position: 2.0627354433543332
[2026-04-08 05:10:03,062] INFO: Time: 9.357597067; Command Position: 2.0787996310496912; Output Position: 2.0627354433543332
[2026-04-08 05:10:03,064] INFO: Time: 9.359656481000002; Command Position: 2.0787996310496912; Output Position: 2.0627354433543332
[2026-04-08 05:10:03,066] INFO: Time: 9.36172439500001; Command Position: 2.0787996310496912; Output Position: 2.0627354433543332
[2026-04-08 05:10:03,068] INFO: Time: 9.363785124000003; Command Position: 2.0787996310496912; Output Position: 2.0627780539317744
[2026-04-08 05:10:03,070] INFO: Time: 9.365845094000008; Command Position: 2.0787996310496912; Output Position: 2.0627354433543332
[2026-04-08 05:10:03,072] INFO: Time: 9.367904823000003; Command Position: 2.0787996310496912; Output Position: 2.0627354433543332
[2026-04-08 05:10:03,075] INFO: Time: 9.369964237000005; Command Position: 2.0787996310496912; Output Position: 2.0627780539317744
[2026-04-08 05:10:03,077] INFO: Time: 9.372022687999987; Command Position: 2.0787996310496912; Output Position: 2.0627780539317744
[2026-04-08 05:10:03,079] INFO: Time: 9.374089047000012; Command Position: 2.0787996310496912; Output Position: 2.0627780539317744
[2026-04-08 05:10:03,081] INFO: Time: 9.376149442000013; Command Position: 2.0787996310496912; Output Position: 2.0627354433543332
[2026-04-08 05:10:03,083] INFO: Time: 9.37820819000001; Command Position: 2.0787996310496912; Output Position: 2.0627354433543332
[2026-04-08 05:10:03,085] INFO: Time: 9.380268492999988; Command Position: 2.0787996310496912; Output Position: 2.0627780539317744
[2026-04-08 05:10:03,087] INFO: Time: 9.38232837000001; Command Position: 2.0787996310496912; Output Position: 2.0627354433543332
[2026-04-08 05:10:03,089] INFO: Time: 9.38438708000001; Command Position: 2.0787996310496912; Output Position: 2.0627354433543332
[2026-04-08 05:10:03,091] INFO: Time: 9.386455882999996; Command Position: 2.0787996310496912; Output Position: 2.0627354433543332
[2026-04-08 05:10:03,093] INFO: Time: 9.388516909000003; Command Position: 2.0787996310496912; Output Position: 2.0627354433543332
[2026-04-08 05:10:03,095] INFO: Time: 9.390575712000015; Command Position: 2.0787996310496912; Output Position: 2.062692832776892
[2026-04-08 05:10:03,097] INFO: Time: 9.392639347999989; Command Position: 2.0787996310496912; Output Position: 2.062820664509216
[2026-04-08 05:10:03,099] INFO: Time: 9.394701966000014; Command Position: 2.0787996310496912; Output Position: 2.062692832776892
[2026-04-08 05:10:03,101] INFO: Time: 9.396769860999996; Command Position: 2.0787996310496912; Output Position: 2.0627354433543332
[2026-04-08 05:10:03,103] INFO: Time: 9.398834590000007; Command Position: 2.0787996310496912; Output Position: 2.0627354433543332
[2026-04-08 05:10:03,105] INFO: Time: 9.400894893000014; Command Position: 2.0787996310496912; Output Position: 2.0627780539317744
[2026-04-08 05:10:03,108] INFO: Time: 9.402958047999988; Command Position: 2.0787996310496912; Output Position: 2.0627354433543332
[2026-04-08 05:10:03,110] INFO: Time: 9.40502120299999; Command Position: 2.0787996310496912; Output Position: 2.0627354433543332
[2026-04-08 05:10:03,112] INFO: Time: 9.407080691000004; Command Position: 2.0787996310496912; Output Position: 2.0627354433543332
[2026-04-08 05:10:03,114] INFO: Time: 9.409140345999987; Command Position: 2.0787996310496912; Output Position: 2.0627354433543332
[2026-04-08 05:10:03,116] INFO: Time: 9.411200186000002; Command Position: 2.0787996310496912; Output Position: 2.0627780539317744
[2026-04-08 05:10:03,118] INFO: Time: 9.413260489999999; Command Position: 2.0787996310496912; Output Position: 2.0627780539317744
[2026-04-08 05:10:03,120] INFO: Time: 9.415340422000014; Command Position: 2.0787996310496912; Output Position: 2.0627780539317744
[2026-04-08 05:10:03,122] INFO: Time: 9.417405817000002; Command Position: 2.0787996310496912; Output Position: 2.0627780539317744
[2026-04-08 05:10:03,124] INFO: Time: 9.419467360999988; Command Position: 2.0787996310496912; Output Position: 2.062692832776892
[2026-04-08 05:10:03,126] INFO: Time: 9.421526738000011; Command Position: 2.0787996310496912; Output Position: 2.0627354433543332
[2026-04-08 05:10:03,128] INFO: Time: 9.423586059999991; Command Position: 2.0787996310496912; Output Position: 2.0627354433543332
[2026-04-08 05:10:03,130] INFO: Time: 9.425649641000007; Command Position: 2.0787996310496912; Output Position: 2.0627354433543332
[2026-04-08 05:10:03,132] INFO: Time: 9.427714425000005; Command Position: 2.0787996310496912; Output Position: 2.062692832776892
[2026-04-08 05:10:03,134] INFO: Time: 9.429775043000006; Command Position: 2.0787996310496912; Output Position: 2.0627780539317744
[2026-04-08 05:10:03,136] INFO: Time: 9.431836419999996; Command Position: 2.0787996310496912; Output Position: 2.0627780539317744
[2026-04-08 05:10:03,138] INFO: Time: 9.43389446399999; Command Position: 2.0787996310496912; Output Position: 2.0627780539317744
[2026-04-08 05:10:03,141] INFO: Time: 9.435953841000014; Command Position: 2.0787996310496912; Output Position: 2.0627354433543332
[2026-04-08 05:10:03,143] INFO: Time: 9.438037810999987; Command Position: 2.0787996310496912; Output Position: 2.0627354433543332
[2026-04-08 05:10:03,145] INFO: Time: 9.440098854000013; Command Position: 2.0787996310496912; Output Position: 2.0627354433543332
[2026-04-08 05:10:03,147] INFO: Time: 9.442164434999995; Command Position: 2.0787996310496912; Output Position: 2.0627354433543332
[2026-04-08 05:10:03,149] INFO: Time: 9.444223959999988; Command Position: 2.0787996310496912; Output Position: 2.062692832776892
[2026-04-08 05:10:03,151] INFO: Time: 9.446282948999993; Command Position: 2.0787996310496912; Output Position: 2.0627780539317744
[2026-04-08 05:10:03,153] INFO: Time: 9.448342437000008; Command Position: 2.0787996310496912; Output Position: 2.0627780539317744
[2026-04-08 05:10:03,155] INFO: Time: 9.450559590000012; Command Position: 2.0787996310496912; Output Position: 2.0627354433543332
[2026-04-08 05:10:03,157] INFO: Time: 9.452621596; Command Position: 2.0787996310496912; Output Position: 2.0627780539317744
[2026-04-08 05:10:03,159] INFO: Time: 9.454681399000009; Command Position: 2.0787996310496912; Output Position: 2.062692832776892
[2026-04-08 05:10:03,161] INFO: Time: 9.456741480000005; Command Position: 2.0787996310496912; Output Position: 2.0627354433543332
[2026-04-08 05:10:03,163] INFO: Time: 9.458800376; Command Position: 2.0787996310496912; Output Position: 2.0627780539317744
[2026-04-08 05:10:03,165] INFO: Time: 9.460860216000015; Command Position: 2.0787996310496912; Output Position: 2.062692832776892
[2026-04-08 05:10:03,167] INFO: Time: 9.462926038000006; Command Position: 2.0787996310496912; Output Position: 2.0627780539317744
[2026-04-08 05:10:03,170] INFO: Time: 9.464987395999998; Command Position: 2.0787996310496912; Output Position: 2.0627354433543332
[2026-04-08 05:10:03,172] INFO: Time: 9.467048809999994; Command Position: 2.0787996310496912; Output Position: 2.0627780539317744
[2026-04-08 05:10:03,174] INFO: Time: 9.469109798999995; Command Position: 2.0787996310496912; Output Position: 2.0627354433543332
[2026-04-08 05:10:03,176] INFO: Time: 9.471169268000011; Command Position: 2.0787996310496912; Output Position: 2.0627354433543332
[2026-04-08 05:10:03,178] INFO: Time: 9.473228218999992; Command Position: 2.0787996310496912; Output Position: 2.062692832776892
[2026-04-08 05:10:03,180] INFO: Time: 9.475295447999997; Command Position: 2.0787996310496912; Output Position: 2.0627780539317744
[2026-04-08 05:10:03,182] INFO: Time: 9.477355640000013; Command Position: 2.0787996310496912; Output Position: 2.0627354433543332
[2026-04-08 05:10:03,184] INFO: Time: 9.47942044300001; Command Position: 2.0787996310496912; Output Position: 2.0627354433543332
[2026-04-08 05:10:03,186] INFO: Time: 9.481487117; Command Position: 2.0787996310496912; Output Position: 2.062692832776892
[2026-04-08 05:10:03,188] INFO: Time: 9.483548938000013; Command Position: 2.0787996310496912; Output Position: 2.0627354433543332
[2026-04-08 05:10:03,190] INFO: Time: 9.485609075000013; Command Position: 2.0787996310496912; Output Position: 2.0627354433543332
[2026-04-08 05:10:03,192] INFO: Time: 9.487669710999995; Command Position: 2.0787996310496912; Output Position: 2.062692832776892
[2026-04-08 05:10:03,194] INFO: Time: 9.489729272999995; Command Position: 2.0787996310496912; Output Position: 2.0627354433543332
[2026-04-08 05:10:03,196] INFO: Time: 9.491793021000007; Command Position: 2.0787996310496912; Output Position: 2.062692832776892
[2026-04-08 05:10:03,198] INFO: Time: 9.493870157000003; Command Position: 2.0787996310496912; Output Position: 2.0627354433543332
[2026-04-08 05:10:03,200] INFO: Time: 9.495929015999991; Command Position: 2.0787996310496912; Output Position: 2.062692832776892
[2026-04-08 05:10:03,203] INFO: Time: 9.497994855999991; Command Position: 2.0787996310496912; Output Position: 2.0627354433543332
[2026-04-08 05:10:03,205] INFO: Time: 9.500057622000014; Command Position: 2.0787996310496912; Output Position: 2.0627780539317744
[2026-04-08 05:10:03,207] INFO: Time: 9.502116443000006; Command Position: 2.0787996310496912; Output Position: 2.0627354433543332
[2026-04-08 05:10:03,209] INFO: Time: 9.504180467999987; Command Position: 2.0787996310496912; Output Position: 2.0627354433543332
[2026-04-08 05:10:03,211] INFO: Time: 9.506242457000013; Command Position: 2.0787996310496912; Output Position: 2.0627780539317744
[2026-04-08 05:10:03,213] INFO: Time: 9.508301130000007; Command Position: 2.0787996310496912; Output Position: 2.0627354433543332
[2026-04-08 05:10:03,215] INFO: Time: 9.510360507000001; Command Position: 2.0787996310496912; Output Position: 2.0627354433543332
[2026-04-08 05:10:03,217] INFO: Time: 9.512423476999999; Command Position: 2.0787996310496912; Output Position: 2.0627354433543332
[2026-04-08 05:10:03,219] INFO: Time: 9.514484686999992; Command Position: 2.0787996310496912; Output Position: 2.0627780539317744
[2026-04-08 05:10:03,221] INFO: Time: 9.516544342000003; Command Position: 2.0787996310496912; Output Position: 2.0627780539317744
[2026-04-08 05:10:03,223] INFO: Time: 9.51860464500001; Command Position: 2.0787996310496912; Output Position: 2.0627780539317744
[2026-04-08 05:10:03,225] INFO: Time: 9.520663393000007; Command Position: 2.0787996310496912; Output Position: 2.0627354433543332
[2026-04-08 05:10:03,227] INFO: Time: 9.522727602999993; Command Position: 2.0787996310496912; Output Position: 2.0627354433543332
[2026-04-08 05:10:03,229] INFO: Time: 9.52478718399999; Command Position: 2.0787996310496912; Output Position: 2.062692832776892
[2026-04-08 05:10:03,231] INFO: Time: 9.526906096999994; Command Position: 2.0787996310496912; Output Position: 2.0627354433543332
[2026-04-08 05:10:03,234] INFO: Time: 9.528965789000011; Command Position: 2.0787996310496912; Output Position: 2.0627354433543332
[2026-04-08 05:10:03,236] INFO: Time: 9.531025499999998; Command Position: 2.0787996310496912; Output Position: 2.0627780539317744
[2026-04-08 05:10:03,238] INFO: Time: 9.533084024999994; Command Position: 2.0787996310496912; Output Position: 2.062692832776892
[2026-04-08 05:10:03,240] INFO: Time: 9.53514336500001; Command Position: 2.0787996310496912; Output Position: 2.0627354433543332
[2026-04-08 05:10:03,242] INFO: Time: 9.537202667999992; Command Position: 2.0787996310496912; Output Position: 2.0627354433543332
[2026-04-08 05:10:03,244] INFO: Time: 9.53926743400001; Command Position: 2.0787996310496912; Output Position: 2.0627354433543332
[2026-04-08 05:10:03,246] INFO: Time: 9.541326959999992; Command Position: 2.0787996310496912; Output Position: 2.0627354433543332
[2026-04-08 05:10:03,248] INFO: Time: 9.543386300000009; Command Position: 2.0787996310496912; Output Position: 2.0627354433543332
[2026-04-08 05:10:03,250] INFO: Time: 9.545444714000013; Command Position: 2.0787996310496912; Output Position: 2.0627780539317744
[2026-04-08 05:10:03,252] INFO: Time: 9.547503331999991; Command Position: 2.0787996310496912; Output Position: 2.0627354433543332
[2026-04-08 05:10:03,254] INFO: Time: 9.549564061000012; Command Position: 2.0787996310496912; Output Position: 2.0627354433543332
[2026-04-08 05:10:03,256] INFO: Time: 9.551628179000005; Command Position: 2.0787996310496912; Output Position: 2.0627780539317744
[2026-04-08 05:10:03,258] INFO: Time: 9.553687574000008; Command Position: 2.0787996310496912; Output Position: 2.0627780539317744
[2026-04-08 05:10:03,260] INFO: Time: 9.555748636999994; Command Position: 2.0787996310496912; Output Position: 2.0627354433543332
[2026-04-08 05:10:03,262] INFO: Time: 9.557807606000011; Command Position: 2.0787996310496912; Output Position: 2.0627354433543332
[2026-04-08 05:10:03,264] INFO: Time: 9.559884224000001; Command Position: 2.0787996310496912; Output Position: 2.0627354433543332
[2026-04-08 05:10:03,267] INFO: Time: 9.561944860000011; Command Position: 2.0787996310496912; Output Position: 2.062692832776892
[2026-04-08 05:10:03,269] INFO: Time: 9.564021884999988; Command Position: 2.0787996310496912; Output Position: 2.0627354433543332
[2026-04-08 05:10:03,271] INFO: Time: 9.566085114000003; Command Position: 2.0787996310496912; Output Position: 2.0627354433543332
[2026-04-08 05:10:03,273] INFO: Time: 9.568145824999988; Command Position: 2.0787996310496912; Output Position: 2.0627354433543332
[2026-04-08 05:10:03,275] INFO: Time: 9.570204571999994; Command Position: 2.0787996310496912; Output Position: 2.0627780539317744
[2026-04-08 05:10:03,277] INFO: Time: 9.572268097999995; Command Position: 2.0787996310496912; Output Position: 2.0627354433543332
[2026-04-08 05:10:03,279] INFO: Time: 9.574330327000013; Command Position: 2.0787996310496912; Output Position: 2.0627780539317744
[2026-04-08 05:10:03,281] INFO: Time: 9.576389425999992; Command Position: 2.0787996310496912; Output Position: 2.0627354433543332
[2026-04-08 05:10:03,283] INFO: Time: 9.578448006999992; Command Position: 2.0787996310496912; Output Position: 2.0627780539317744
[2026-04-08 05:10:03,285] INFO: Time: 9.580507699000009; Command Position: 2.0787996310496912; Output Position: 2.0627354433543332
[2026-04-08 05:10:03,287] INFO: Time: 9.58256626100001; Command Position: 2.0787996310496912; Output Position: 2.0627354433543332
[2026-04-08 05:10:03,289] INFO: Time: 9.58463041600001; Command Position: 2.0787996310496912; Output Position: 2.062692832776892
[2026-04-08 05:10:03,291] INFO: Time: 9.586692719000013; Command Position: 2.0787996310496912; Output Position: 2.0627780539317744
[2026-04-08 05:10:03,293] INFO: Time: 9.588752596000006; Command Position: 2.0787996310496912; Output Position: 2.0627354433543332
[2026-04-08 05:10:03,295] INFO: Time: 9.590813010000005; Command Position: 2.0787996310496912; Output Position: 2.0627354433543332
[2026-04-08 05:10:03,297] INFO: Time: 9.592873386999997; Command Position: 2.0787996310496912; Output Position: 2.0627354433543332
[2026-04-08 05:10:03,299] INFO: Time: 9.594932061000009; Command Position: 2.0787996310496912; Output Position: 2.0627354433543332
[2026-04-08 05:10:03,302] INFO: Time: 9.596999605000008; Command Position: 2.0787996310496912; Output Position: 2.0627354433543332
[2026-04-08 05:10:03,304] INFO: Time: 9.599059444999995; Command Position: 2.0787996310496912; Output Position: 2.062692832776892
[2026-04-08 05:10:03,306] INFO: Time: 9.60111834; Command Position: 2.0787996310496912; Output Position: 2.0627780539317744
[2026-04-08 05:10:03,308] INFO: Time: 9.603177662000007; Command Position: 2.0787996310496912; Output Position: 2.0627354433543332
[2026-04-08 05:10:03,310] INFO: Time: 9.605237261000013; Command Position: 2.0787996310496912; Output Position: 2.0627780539317744
[2026-04-08 05:10:03,312] INFO: Time: 9.607295805000007; Command Position: 2.0787996310496912; Output Position: 2.0627780539317744
[2026-04-08 05:10:03,314] INFO: Time: 9.609363570999989; Command Position: 2.0787996310496912; Output Position: 2.062692832776892
[2026-04-08 05:10:03,316] INFO: Time: 9.611426077999994; Command Position: 2.0787996310496912; Output Position: 2.0627354433543332
[2026-04-08 05:10:03,318] INFO: Time: 9.613485510999993; Command Position: 2.0787996310496912; Output Position: 2.0627780539317744
[2026-04-08 05:10:03,320] INFO: Time: 9.615545053999995; Command Position: 2.0787996310496912; Output Position: 2.0627780539317744
[2026-04-08 05:10:03,322] INFO: Time: 9.617606005999988; Command Position: 2.0787996310496912; Output Position: 2.0627354433543332
[2026-04-08 05:10:03,324] INFO: Time: 9.619821046999988; Command Position: 2.0787996310496912; Output Position: 2.0627354433543332
[2026-04-08 05:10:03,326] INFO: Time: 9.62188333200001; Command Position: 2.0787996310496912; Output Position: 2.062692832776892
[2026-04-08 05:10:03,328] INFO: Time: 9.623943542000006; Command Position: 2.0787996310496912; Output Position: 2.0627780539317744
[2026-04-08 05:10:03,331] INFO: Time: 9.626002623000005; Command Position: 2.0787996310496912; Output Position: 2.062692832776892
[2026-04-08 05:10:03,333] INFO: Time: 9.628062443999994; Command Position: 2.0787996310496912; Output Position: 2.0627354433543332
[2026-04-08 05:10:03,335] INFO: Time: 9.630121024999994; Command Position: 2.0787996310496912; Output Position: 2.0627354433543332
[2026-04-08 05:10:03,337] INFO: Time: 9.632180105999993; Command Position: 2.0787996310496912; Output Position: 2.0627780539317744
[2026-04-08 05:10:03,339] INFO: Time: 9.634239242999996; Command Position: 2.0787996310496912; Output Position: 2.0627780539317744
[2026-04-08 05:10:03,341] INFO: Time: 9.636299619999988; Command Position: 2.0787996310496912; Output Position: 2.0627780539317744
[2026-04-08 05:10:03,343] INFO: Time: 9.638358423; Command Position: 2.0787996310496912; Output Position: 2.0627354433543332
[2026-04-08 05:10:03,345] INFO: Time: 9.640417356; Command Position: 2.0787996310496912; Output Position: 2.062692832776892
[2026-04-08 05:10:03,347] INFO: Time: 9.642477084999996; Command Position: 2.0787996310496912; Output Position: 2.0627354433543332
[2026-04-08 05:10:03,349] INFO: Time: 9.644535536000006; Command Position: 2.0787996310496912; Output Position: 2.0627354433543332
[2026-04-08 05:10:03,351] INFO: Time: 9.646594542999992; Command Position: 2.0787996310496912; Output Position: 2.0627780539317744
[2026-04-08 05:10:03,353] INFO: Time: 9.648653956999993; Command Position: 2.0787996310496912; Output Position: 2.0627780539317744
[2026-04-08 05:10:03,355] INFO: Time: 9.650712814999991; Command Position: 2.0787996310496912; Output Position: 2.0627354433543332
[2026-04-08 05:10:03,357] INFO: Time: 9.652771599999994; Command Position: 2.0787996310496912; Output Position: 2.062692832776892
[2026-04-08 05:10:03,359] INFO: Time: 9.654831180999992; Command Position: 2.0787996310496912; Output Position: 2.0627780539317744
[2026-04-08 05:10:03,361] INFO: Time: 9.656890057999988; Command Position: 2.0787996310496912; Output Position: 2.0627354433543332
[2026-04-08 05:10:03,364] INFO: Time: 9.658952416999995; Command Position: 2.0787996310496912; Output Position: 2.0627354433543332
[2026-04-08 05:10:03,366] INFO: Time: 9.661015442000007; Command Position: 2.0787996310496912; Output Position: 2.0627354433543332
[2026-04-08 05:10:03,368] INFO: Time: 9.663081170999988; Command Position: 2.0787996310496912; Output Position: 2.0627780539317744
[2026-04-08 05:10:03,370] INFO: Time: 9.665141677000008; Command Position: 2.0787996310496912; Output Position: 2.0627780539317744
[2026-04-08 05:10:03,372] INFO: Time: 9.667201758000004; Command Position: 2.0787996310496912; Output Position: 2.062692832776892
[2026-04-08 05:10:03,374] INFO: Time: 9.669260395000009; Command Position: 2.0787996310496912; Output Position: 2.0627354433543332
[2026-04-08 05:10:03,376] INFO: Time: 9.671319642000014; Command Position: 2.0787996310496912; Output Position: 2.0627780539317744
[2026-04-08 05:10:03,378] INFO: Time: 9.673379407999988; Command Position: 2.0787996310496912; Output Position: 2.0627780539317744
[2026-04-08 05:10:03,380] INFO: Time: 9.675437971000008; Command Position: 2.0787996310496912; Output Position: 2.0627354433543332
[2026-04-08 05:10:03,382] INFO: Time: 9.677498533000005; Command Position: 2.0787996310496912; Output Position: 2.0627354433543332
[2026-04-08 05:10:03,384] INFO: Time: 9.679559076999993; Command Position: 2.0787996310496912; Output Position: 2.0627780539317744
[2026-04-08 05:10:03,386] INFO: Time: 9.681617472; Command Position: 2.0787996310496912; Output Position: 2.062820664509216
[2026-04-08 05:10:03,388] INFO: Time: 9.68367616399999; Command Position: 2.0787996310496912; Output Position: 2.0627780539317744
[2026-04-08 05:10:03,390] INFO: Time: 9.685746152000007; Command Position: 2.0787996310496912; Output Position: 2.0627354433543332
[2026-04-08 05:10:03,392] INFO: Time: 9.687810899999988; Command Position: 2.0787996310496912; Output Position: 2.0627354433543332
[2026-04-08 05:10:03,394] INFO: Time: 9.689881331999999; Command Position: 2.0787996310496912; Output Position: 2.062692832776892
[2026-04-08 05:10:03,396] INFO: Time: 9.691941968999998; Command Position: 2.0787996310496912; Output Position: 2.0627354433543332
[2026-04-08 05:10:03,399] INFO: Time: 9.694000993999992; Command Position: 2.0787996310496912; Output Position: 2.0627354433543332
[2026-04-08 05:10:03,401] INFO: Time: 9.696205424999988; Command Position: 2.0787996310496912; Output Position: 2.0627354433543332
[2026-04-08 05:10:03,403] INFO: Time: 9.698265617000004; Command Position: 2.0787996310496912; Output Position: 2.0627780539317744
[2026-04-08 05:10:03,405] INFO: Time: 9.70033103099999; Command Position: 2.0787996310496912; Output Position: 2.0627780539317744
[2026-04-08 05:10:03,407] INFO: Time: 9.702391204000008; Command Position: 2.0787996310496912; Output Position: 2.0627354433543332
[2026-04-08 05:10:03,409] INFO: Time: 9.704460654999991; Command Position: 2.0787996310496912; Output Position: 2.0627780539317744
[2026-04-08 05:10:03,411] INFO: Time: 9.706525365999994; Command Position: 2.0787996310496912; Output Position: 2.0627780539317744
[2026-04-08 05:10:03,413] INFO: Time: 9.708585946; Command Position: 2.0787996310496912; Output Position: 2.0627354433543332
[2026-04-08 05:10:03,415] INFO: Time: 9.710650490000006; Command Position: 2.0787996310496912; Output Position: 2.0627354433543332
[2026-04-08 05:10:03,417] INFO: Time: 9.712712514999993; Command Position: 2.0787996310496912; Output Position: 2.0627780539317744
[2026-04-08 05:10:03,419] INFO: Time: 9.71477209599999; Command Position: 2.0787996310496912; Output Position: 2.0627354433543332
[2026-04-08 05:10:03,421] INFO: Time: 9.71683151100001; Command Position: 2.0787996310496912; Output Position: 2.0627354433543332
[2026-04-08 05:10:03,423] INFO: Time: 9.718895535999991; Command Position: 2.0787996310496912; Output Position: 2.0627780539317744
[2026-04-08 05:10:03,426] INFO: Time: 9.720957171999999; Command Position: 2.0787996310496912; Output Position: 2.0627354433543332
[2026-04-08 05:10:03,428] INFO: Time: 9.723016048999995; Command Position: 2.0787996310496912; Output Position: 2.0627354433543332
[2026-04-08 05:10:03,430] INFO: Time: 9.725074425999992; Command Position: 2.0787996310496912; Output Position: 2.0627354433543332
[2026-04-08 05:10:03,432] INFO: Time: 9.72713434100001; Command Position: 2.0787996310496912; Output Position: 2.062692832776892
[2026-04-08 05:10:03,434] INFO: Time: 9.729200421000002; Command Position: 2.0787996310496912; Output Position: 2.0627354433543332
[2026-04-08 05:10:03,436] INFO: Time: 9.731266205999987; Command Position: 2.0787996310496912; Output Position: 2.0627354433543332
[2026-04-08 05:10:03,438] INFO: Time: 9.733326639000012; Command Position: 2.0787996310496912; Output Position: 2.0627354433543332
[2026-04-08 05:10:03,440] INFO: Time: 9.735387701000008; Command Position: 2.0787996310496912; Output Position: 2.0627354433543332
[2026-04-08 05:10:03,442] INFO: Time: 9.737446874; Command Position: 2.0787996310496912; Output Position: 2.0627354433543332
[2026-04-08 05:10:03,444] INFO: Time: 9.739505863000005; Command Position: 2.0787996310496912; Output Position: 2.0627354433543332
[2026-04-08 05:10:03,446] INFO: Time: 9.741571647; Command Position: 2.0787996310496912; Output Position: 2.0627354433543332
[2026-04-08 05:10:03,448] INFO: Time: 9.743634079999993; Command Position: 2.0787996310496912; Output Position: 2.0627354433543332
[2026-04-08 05:10:03,450] INFO: Time: 9.745695438000013; Command Position: 2.0787996310496912; Output Position: 2.0627780539317744
[2026-04-08 05:10:03,452] INFO: Time: 9.747759112000011; Command Position: 2.0787996310496912; Output Position: 2.0627354433543332
[2026-04-08 05:10:03,454] INFO: Time: 9.74982378499999; Command Position: 2.0787996310496912; Output Position: 2.0627780539317744
[2026-04-08 05:10:03,456] INFO: Time: 9.751883846999988; Command Position: 2.0787996310496912; Output Position: 2.0627354433543332
[2026-04-08 05:10:03,459] INFO: Time: 9.753950057999987; Command Position: 2.0787996310496912; Output Position: 2.0627780539317744
[2026-04-08 05:10:03,461] INFO: Time: 9.75601030499999; Command Position: 2.0787996310496912; Output Position: 2.0627354433543332
[2026-04-08 05:10:03,463] INFO: Time: 9.75807188600001; Command Position: 2.0787996310496912; Output Position: 2.0627780539317744
[2026-04-08 05:10:03,465] INFO: Time: 9.760130651999987; Command Position: 2.0787996310496912; Output Position: 2.0627354433543332
[2026-04-08 05:10:03,467] INFO: Time: 9.762188955; Command Position: 2.0787996310496912; Output Position: 2.0627354433543332
[2026-04-08 05:10:03,469] INFO: Time: 9.76424764699999; Command Position: 2.0787996310496912; Output Position: 2.0627354433543332
[2026-04-08 05:10:03,471] INFO: Time: 9.766314523999995; Command Position: 2.0787996310496912; Output Position: 2.0627354433543332
[2026-04-08 05:10:03,473] INFO: Time: 9.76837412399999; Command Position: 2.0787996310496912; Output Position: 2.0627354433543332
[2026-04-08 05:10:03,475] INFO: Time: 9.770433964000006; Command Position: 2.0787996310496912; Output Position: 2.0627780539317744
[2026-04-08 05:10:03,477] INFO: Time: 9.772493674000003; Command Position: 2.0787996310496912; Output Position: 2.0627780539317744
[2026-04-08 05:10:03,479] INFO: Time: 9.774552477000015; Command Position: 2.0787996310496912; Output Position: 2.0627354433543332
[2026-04-08 05:10:03,481] INFO: Time: 9.776619928000002; Command Position: 2.0787996310496912; Output Position: 2.0627354433543332
[2026-04-08 05:10:03,483] INFO: Time: 9.778680898000005; Command Position: 2.0787996310496912; Output Position: 2.0627780539317744
[2026-04-08 05:10:03,485] INFO: Time: 9.780740608999992; Command Position: 2.0787996310496912; Output Position: 2.0627780539317744
[2026-04-08 05:10:03,487] INFO: Time: 9.782800003999995; Command Position: 2.0787996310496912; Output Position: 2.0627780539317744
[2026-04-08 05:10:03,489] INFO: Time: 9.784859826000002; Command Position: 2.0787996310496912; Output Position: 2.062692832776892
[2026-04-08 05:10:03,492] INFO: Time: 9.78700216499999; Command Position: 2.0787996310496912; Output Position: 2.0627780539317744
[2026-04-08 05:10:03,494] INFO: Time: 9.78906644899999; Command Position: 2.0787996310496912; Output Position: 2.0627780539317744
[2026-04-08 05:10:03,496] INFO: Time: 9.791125345000012; Command Position: 2.0787996310496912; Output Position: 2.0627354433543332
[2026-04-08 05:10:03,498] INFO: Time: 9.793183406999987; Command Position: 2.0787996310496912; Output Position: 2.0627354433543332
[2026-04-08 05:10:03,500] INFO: Time: 9.795245303000002; Command Position: 2.0787996310496912; Output Position: 2.0627354433543332
[2026-04-08 05:10:03,502] INFO: Time: 9.797305254000008; Command Position: 2.0787996310496912; Output Position: 2.0627780539317744
[2026-04-08 05:10:03,504] INFO: Time: 9.799472648000005; Command Position: 2.0787996310496912; Output Position: 2.0627780539317744
[2026-04-08 05:10:03,506] INFO: Time: 9.801538265999994; Command Position: 2.0787996310496912; Output Position: 2.0627354433543332
[2026-04-08 05:10:03,508] INFO: Time: 9.803597810000014; Command Position: 2.0787996310496912; Output Position: 2.0627354433543332
[2026-04-08 05:10:03,510] INFO: Time: 9.805662576000003; Command Position: 2.0787996310496912; Output Position: 2.0627780539317744
[2026-04-08 05:10:03,512] INFO: Time: 9.807727305000014; Command Position: 2.0787996310496912; Output Position: 2.0627780539317744
[2026-04-08 05:10:03,514] INFO: Time: 9.809788459999993; Command Position: 2.0787996310496912; Output Position: 2.0627354433543332
[2026-04-08 05:10:03,516] INFO: Time: 9.811848225999995; Command Position: 2.0787996310496912; Output Position: 2.0627780539317744
[2026-04-08 05:10:03,518] INFO: Time: 9.813907583999992; Command Position: 2.0787996310496912; Output Position: 2.0627780539317744
[2026-04-08 05:10:03,521] INFO: Time: 9.81597103499999; Command Position: 2.0787996310496912; Output Position: 2.0627354433543332
[2026-04-08 05:10:03,523] INFO: Time: 9.818032783000007; Command Position: 2.0787996310496912; Output Position: 2.0627354433543332
[2026-04-08 05:10:03,525] INFO: Time: 9.820092585999987; Command Position: 2.0787996310496912; Output Position: 2.062650222199451
[2026-04-08 05:10:03,527] INFO: Time: 9.82215137; Command Position: 2.0787996310496912; Output Position: 2.0627354433543332
[2026-04-08 05:10:03,529] INFO: Time: 9.824210025000014; Command Position: 2.0787996310496912; Output Position: 2.0627780539317744
[2026-04-08 05:10:03,531] INFO: Time: 9.826268940000006; Command Position: 2.0787996310496912; Output Position: 2.0627780539317744
[2026-04-08 05:10:03,533] INFO: Time: 9.828336038999993; Command Position: 2.0787996310496912; Output Position: 2.0627354433543332
[2026-04-08 05:10:03,535] INFO: Time: 9.83039574899999; Command Position: 2.0787996310496912; Output Position: 2.0627354433543332
[2026-04-08 05:10:03,537] INFO: Time: 9.832455422999999; Command Position: 2.0787996310496912; Output Position: 2.0627354433543332
[2026-04-08 05:10:03,539] INFO: Time: 9.834514837; Command Position: 2.0787996310496912; Output Position: 2.0627780539317744
[2026-04-08 05:10:03,541] INFO: Time: 9.836573621000014; Command Position: 2.0787996310496912; Output Position: 2.0627354433543332
[2026-04-08 05:10:03,543] INFO: Time: 9.83863962800001; Command Position: 2.0787996310496912; Output Position: 2.0627780539317744
[2026-04-08 05:10:03,545] INFO: Time: 9.840702579000009; Command Position: 2.0787996310496912; Output Position: 2.0627780539317744
[2026-04-08 05:10:03,547] INFO: Time: 9.842761900999989; Command Position: 2.0787996310496912; Output Position: 2.062692832776892
[2026-04-08 05:10:03,549] INFO: Time: 9.844821166999992; Command Position: 2.0787996310496912; Output Position: 2.0627354433543332
[2026-04-08 05:10:03,551] INFO: Time: 9.846881155000005; Command Position: 2.0787996310496912; Output Position: 2.0627354433543332
[2026-04-08 05:10:03,553] INFO: Time: 9.84894284699999; Command Position: 2.0787996310496912; Output Position: 2.0627354433543332
[2026-04-08 05:10:03,556] INFO: Time: 9.85100783499999; Command Position: 2.0787996310496912; Output Position: 2.0627354433543332
[2026-04-08 05:10:03,558] INFO: Time: 9.85306737900001; Command Position: 2.0787996310496912; Output Position: 2.0627354433543332
[2026-04-08 05:10:03,560] INFO: Time: 9.855125775000005; Command Position: 2.0787996310496912; Output Position: 2.0627780539317744
[2026-04-08 05:10:03,562] INFO: Time: 9.857184837000005; Command Position: 2.0787996310496912; Output Position: 2.0627354433543332
[2026-04-08 05:10:03,564] INFO: Time: 9.859244214; Command Position: 2.0787996310496912; Output Position: 2.0627780539317744
[2026-04-08 05:10:03,566] INFO: Time: 9.861310128000014; Command Position: 2.0787996310496912; Output Position: 2.0627354433543332
[2026-04-08 05:10:03,568] INFO: Time: 9.863369580000011; Command Position: 2.0787996310496912; Output Position: 2.062692832776892
[2026-04-08 05:10:03,570] INFO: Time: 9.865432512000012; Command Position: 2.0787996310496912; Output Position: 2.062692832776892
[2026-04-08 05:10:03,572] INFO: Time: 9.86749318599999; Command Position: 2.0787996310496912; Output Position: 2.0627780539317744
[2026-04-08 05:10:03,574] INFO: Time: 9.869552599999992; Command Position: 2.0787996310496912; Output Position: 2.062692832776892
[2026-04-08 05:10:03,576] INFO: Time: 9.871617772999997; Command Position: 2.0787996310496912; Output Position: 2.0627780539317744
[2026-04-08 05:10:03,578] INFO: Time: 9.87368611299999; Command Position: 2.0787996310496912; Output Position: 2.0627780539317744
[2026-04-08 05:10:03,580] INFO: Time: 9.875746934999995; Command Position: 2.0787996310496912; Output Position: 2.0627354433543332
[2026-04-08 05:10:03,582] INFO: Time: 9.877808552999994; Command Position: 2.0787996310496912; Output Position: 2.0627354433543332
[2026-04-08 05:10:03,584] INFO: Time: 9.879883578000005; Command Position: 2.0787996310496912; Output Position: 2.062692832776892
[2026-04-08 05:10:03,587] INFO: Time: 9.881948120999994; Command Position: 2.0787996310496912; Output Position: 2.0627354433543332
[2026-04-08 05:10:03,589] INFO: Time: 9.884010757999988; Command Position: 2.0787996310496912; Output Position: 2.0627354433543332
[2026-04-08 05:10:03,591] INFO: Time: 9.88606978300001; Command Position: 2.0787996310496912; Output Position: 2.0627354433543332
[2026-04-08 05:10:03,593] INFO: Time: 9.888129401000015; Command Position: 2.0787996310496912; Output Position: 2.0627780539317744
[2026-04-08 05:10:03,595] INFO: Time: 9.890189334000013; Command Position: 2.0787996310496912; Output Position: 2.0627354433543332
[2026-04-08 05:10:03,597] INFO: Time: 9.892251025999997; Command Position: 2.0787996310496912; Output Position: 2.0627780539317744
[2026-04-08 05:10:03,599] INFO: Time: 9.894312903000014; Command Position: 2.0787996310496912; Output Position: 2.0627780539317744
[2026-04-08 05:10:03,601] INFO: Time: 9.896373224000001; Command Position: 2.0787996310496912; Output Position: 2.0627780539317744
[2026-04-08 05:10:03,603] INFO: Time: 9.898431657000003; Command Position: 2.0787996310496912; Output Position: 2.0627354433543332
[2026-04-08 05:10:03,605] INFO: Time: 9.900490681999997; Command Position: 2.0787996310496912; Output Position: 2.0627354433543332
[2026-04-08 05:10:03,607] INFO: Time: 9.9025508; Command Position: 2.0787996310496912; Output Position: 2.0627354433543332
[2026-04-08 05:10:03,609] INFO: Time: 9.904616177000008; Command Position: 2.0787996310496912; Output Position: 2.062692832776892
[2026-04-08 05:10:03,611] INFO: Time: 9.906677720999994; Command Position: 2.0787996310496912; Output Position: 2.0627354433543332
[2026-04-08 05:10:03,613] INFO: Time: 9.908737876000004; Command Position: 2.0787996310496912; Output Position: 2.0627780539317744
[2026-04-08 05:10:03,615] INFO: Time: 9.910796753; Command Position: 2.0787996310496912; Output Position: 2.0627354433543332
[2026-04-08 05:10:03,617] INFO: Time: 9.912856908000009; Command Position: 2.0787996310496912; Output Position: 2.0627354433543332
[2026-04-08 05:10:03,619] INFO: Time: 9.914918895999989; Command Position: 2.0787996310496912; Output Position: 2.0627354433543332
[2026-04-08 05:10:03,622] INFO: Time: 9.916982477000005; Command Position: 2.0787996310496912; Output Position: 2.0627780539317744
[2026-04-08 05:10:03,624] INFO: Time: 9.919043501999994; Command Position: 2.0787996310496912; Output Position: 2.0627780539317744
[2026-04-08 05:10:03,626] INFO: Time: 9.921102176000005; Command Position: 2.0787996310496912; Output Position: 2.0627354433543332
[2026-04-08 05:10:03,628] INFO: Time: 9.923160442000011; Command Position: 2.0787996310496912; Output Position: 2.0627780539317744
[2026-04-08 05:10:03,630] INFO: Time: 9.925220134; Command Position: 2.0787996310496912; Output Position: 2.0627354433543332
[2026-04-08 05:10:03,632] INFO: Time: 9.927292066000007; Command Position: 2.0787996310496912; Output Position: 2.0627354433543332
[2026-04-08 05:10:03,634] INFO: Time: 9.92935677700001; Command Position: 2.0787996310496912; Output Position: 2.062692832776892
[2026-04-08 05:10:03,636] INFO: Time: 9.931416727999988; Command Position: 2.0787996310496912; Output Position: 2.062692832776892
[2026-04-08 05:10:03,638] INFO: Time: 9.933478457000007; Command Position: 2.0787996310496912; Output Position: 2.0627354433543332
[2026-04-08 05:10:03,640] INFO: Time: 9.935537482; Command Position: 2.0787996310496912; Output Position: 2.0627354433543332
[2026-04-08 05:10:03,642] INFO: Time: 9.937597396000001; Command Position: 2.0787996310496912; Output Position: 2.0627354433543332
[2026-04-08 05:10:03,644] INFO: Time: 9.939664013999987; Command Position: 2.0787996310496912; Output Position: 2.0627354433543332
[2026-04-08 05:10:03,646] INFO: Time: 9.94172752099999; Command Position: 2.0787996310496912; Output Position: 2.0627354433543332
[2026-04-08 05:10:03,648] INFO: Time: 9.943787101999987; Command Position: 2.0787996310496912; Output Position: 2.0627354433543332
[2026-04-08 05:10:03,650] INFO: Time: 9.945850016000009; Command Position: 2.0787996310496912; Output Position: 2.0627780539317744
[2026-04-08 05:10:03,652] INFO: Time: 9.947909836999997; Command Position: 2.0787996310496912; Output Position: 2.0627354433543332
[2026-04-08 05:10:03,655] INFO: Time: 9.949969307000003; Command Position: 2.0787996310496912; Output Position: 2.0627354433543332
[2026-04-08 05:10:03,657] INFO: Time: 9.95203505500001; Command Position: 2.0787996310496912; Output Position: 2.0627780539317744
[2026-04-08 05:10:03,659] INFO: Time: 9.95409463499999; Command Position: 2.0787996310496912; Output Position: 2.0627354433543332
[2026-04-08 05:10:03,661] INFO: Time: 9.956154494000003; Command Position: 2.0787996310496912; Output Position: 2.0627354433543332
[2026-04-08 05:10:03,663] INFO: Time: 9.95821398199999; Command Position: 2.0787996310496912; Output Position: 2.062692832776892
[2026-04-08 05:10:03,665] INFO: Time: 9.960277933000015; Command Position: 2.0787996310496912; Output Position: 2.062692832776892
[2026-04-08 05:10:03,667] INFO: Time: 9.962337866000013; Command Position: 2.0787996310496912; Output Position: 2.0627354433543332
[2026-04-08 05:10:03,669] INFO: Time: 9.964404021000007; Command Position: 2.0787996310496912; Output Position: 2.0627780539317744
[2026-04-08 05:10:03,671] INFO: Time: 9.966463102000006; Command Position: 2.0787996310496912; Output Position: 2.0627354433543332
[2026-04-08 05:10:03,673] INFO: Time: 9.968522868000008; Command Position: 2.0787996310496912; Output Position: 2.0627354433543332
[2026-04-08 05:10:03,675] INFO: Time: 9.970589004000004; Command Position: 2.0787996310496912; Output Position: 2.062692832776892
[2026-04-08 05:10:03,677] INFO: Time: 9.972655325999995; Command Position: 2.0787996310496912; Output Position: 2.0627780539317744
[2026-04-08 05:10:03,679] INFO: Time: 9.974715331999988; Command Position: 2.0787996310496912; Output Position: 2.0627780539317744
[2026-04-08 05:10:03,681] INFO: Time: 9.976780912999999; Command Position: 2.0787996310496912; Output Position: 2.062692832776892
[2026-04-08 05:10:03,683] INFO: Time: 9.978842660999987; Command Position: 2.0787996310496912; Output Position: 2.0627354433543332
[2026-04-08 05:10:03,685] INFO: Time: 9.98090277899999; Command Position: 2.0787996310496912; Output Position: 2.0627354433543332
[2026-04-08 05:10:03,688] INFO: Time: 9.982972063000005; Command Position: 2.0787996310496912; Output Position: 2.0627354433543332
[2026-04-08 05:10:03,690] INFO: Time: 9.985032273000002; Command Position: 2.0787996310496912; Output Position: 2.0627354433543332
[2026-04-08 05:10:03,692] INFO: Time: 9.987095428000003; Command Position: 2.0787996310496912; Output Position: 2.0627354433543332
[2026-04-08 05:10:03,694] INFO: Time: 9.989160083000002; Command Position: 2.0787996310496912; Output Position: 2.0627354433543332
[2026-04-08 05:10:03,696] INFO: Time: 9.991219497000003; Command Position: 2.0787996310496912; Output Position: 2.0627354433543332
[2026-04-08 05:10:03,698] INFO: Time: 9.99327931900001; Command Position: 2.0787996310496912; Output Position: 2.0627354433543332
[2026-04-08 05:10:03,700] INFO: Time: 9.995346603000002; Command Position: 2.0787996310496912; Output Position: 2.0627354433543332
[2026-04-08 05:10:03,702] INFO: Time: 9.997411518000007; Command Position: 2.0787996310496912; Output Position: 2.0627780539317744
[2026-04-08 05:10:03,704] INFO: Time: 9.999479691000005; Command Position: 2.0787996310496912; Output Position: 2.062692832776892
[2026-04-08 05:10:03,706] INFO: Time: 10.001558345000007; Command Position: 2.0787996310496912; Output Position: 2.0627780539317744
[2026-04-08 05:10:03,708] INFO: Time: 10.003620167000008; Command Position: 2.0787996310496912; Output Position: 2.0627354433543332
[2026-04-08 05:10:03,710] INFO: Time: 10.005682839999992; Command Position: 2.0787996310496912; Output Position: 2.0627354433543332
[2026-04-08 05:10:03,712] INFO: Time: 10.007744846999998; Command Position: 2.0787996310496912; Output Position: 2.0627354433543332
[2026-04-08 05:10:03,714] INFO: Time: 10.009804798000005; Command Position: 2.0787996310496912; Output Position: 2.0627354433543332
[2026-04-08 05:10:03,716] INFO: Time: 10.01186512000001; Command Position: 2.0787996310496912; Output Position: 2.062692832776892
[2026-04-08 05:10:03,719] INFO: Time: 10.013986662999997; Command Position: 2.0787996310496912; Output Position: 2.0627354433543332
[2026-04-08 05:10:03,721] INFO: Time: 10.016076131999995; Command Position: 2.0787996310496912; Output Position: 2.062692832776892
[2026-04-08 05:10:03,725] INFO: Time: 10.019937037999995; Command Position: 2.0787996310496912; Output Position: 2.0627780539317744
[2026-04-08 05:10:03,727] INFO: Time: 10.022010638000012; Command Position: 2.0787996310496912; Output Position: 2.0627354433543332
[2026-04-08 05:10:03,729] INFO: Time: 10.024084791999996; Command Position: 2.0787996310496912; Output Position: 2.0627354433543332
[2026-04-08 05:10:03,732] INFO: Time: 10.02737407699999; Command Position: 2.0787996310496912; Output Position: 2.0627354433543332
[2026-04-08 05:10:03,734] INFO: Time: 10.029451380000012; Command Position: 2.0787996310496912; Output Position: 2.062692832776892
[2026-04-08 05:10:03,737] INFO: Time: 10.03193043600001; Command Position: 2.0787996310496912; Output Position: 2.0627354433543332
[2026-04-08 05:10:03,739] INFO: Time: 10.034013423999994; Command Position: 2.0787996310496912; Output Position: 2.0627354433543332
[2026-04-08 05:10:03,741] INFO: Time: 10.036090857000005; Command Position: 2.0787996310496912; Output Position: 2.0627354433543332
[2026-04-08 05:10:03,743] INFO: Time: 10.038166382000014; Command Position: 2.0787996310496912; Output Position: 2.0627354433543332
[2026-04-08 05:10:03,745] INFO: Time: 10.040224240000015; Command Position: 2.0787996310496912; Output Position: 2.062692832776892
[2026-04-08 05:10:03,747] INFO: Time: 10.042292747000005; Command Position: 2.0787996310496912; Output Position: 2.0627354433543332
[2026-04-08 05:10:03,749] INFO: Time: 10.044353290999993; Command Position: 2.0787996310496912; Output Position: 2.0627354433543332
[2026-04-08 05:10:03,751] INFO: Time: 10.046410279000014; Command Position: 2.0787996310496912; Output Position: 2.0627354433543332
[2026-04-08 05:10:03,753] INFO: Time: 10.048472414999992; Command Position: 2.0787996310496912; Output Position: 2.062692832776892
[2026-04-08 05:10:03,755] INFO: Time: 10.050533459000007; Command Position: 2.0787996310496912; Output Position: 2.0627354433543332
[2026-04-08 05:10:03,757] INFO: Time: 10.052592059000006; Command Position: 2.0787996310496912; Output Position: 2.0627780539317744
[2026-04-08 05:10:03,759] INFO: Time: 10.054656862000002; Command Position: 2.0787996310496912; Output Position: 2.062692832776892
[2026-04-08 05:10:03,761] INFO: Time: 10.056719515999987; Command Position: 2.0787996310496912; Output Position: 2.0627780539317744
[2026-04-08 05:10:03,763] INFO: Time: 10.058778689999997; Command Position: 2.0787996310496912; Output Position: 2.0627354433543332
[2026-04-08 05:10:03,765] INFO: Time: 10.060841771000014; Command Position: 2.0787996310496912; Output Position: 2.0627780539317744
[2026-04-08 05:10:03,767] INFO: Time: 10.062902814000012; Command Position: 2.0787996310496912; Output Position: 2.0627780539317744
[2026-04-08 05:10:03,770] INFO: Time: 10.064961506000003; Command Position: 2.0787996310496912; Output Position: 2.0627354433543332
[2026-04-08 05:10:03,772] INFO: Time: 10.067025253999986; Command Position: 2.0787996310496912; Output Position: 2.062692832776892
[2026-04-08 05:10:03,774] INFO: Time: 10.069084687000014; Command Position: 2.0787996310496912; Output Position: 2.0627354433543332
[2026-04-08 05:10:03,776] INFO: Time: 10.071142785999996; Command Position: 2.0787996310496912; Output Position: 2.0627354433543332
[2026-04-08 05:10:03,778] INFO: Time: 10.073201774000012; Command Position: 2.0787996310496912; Output Position: 2.0627780539317744
[2026-04-08 05:10:03,780] INFO: Time: 10.075260539999988; Command Position: 2.0787996310496912; Output Position: 2.0627780539317744
[2026-04-08 05:10:03,782] INFO: Time: 10.077324140000002; Command Position: 2.0787996310496912; Output Position: 2.0627780539317744
[2026-04-08 05:10:03,784] INFO: Time: 10.07938601699999; Command Position: 2.0787996310496912; Output Position: 2.062692832776892
[2026-04-08 05:10:03,786] INFO: Time: 10.081445634999994; Command Position: 2.0787996310496912; Output Position: 2.0627354433543332
[2026-04-08 05:10:03,788] INFO: Time: 10.08350501199999; Command Position: 2.0787996310496912; Output Position: 2.0627780539317744
[2026-04-08 05:10:03,790] INFO: Time: 10.085564037000012; Command Position: 2.0787996310496912; Output Position: 2.0627354433543332
[2026-04-08 05:10:03,792] INFO: Time: 10.087631081000012; Command Position: 2.0787996310496912; Output Position: 2.0627354433543332
[2026-04-08 05:10:03,794] INFO: Time: 10.089690735999994; Command Position: 2.0787996310496912; Output Position: 2.062650222199451
[2026-04-08 05:10:03,796] INFO: Time: 10.091749630999999; Command Position: 2.0787996310496912; Output Position: 2.0627354433543332
[2026-04-08 05:10:03,798] INFO: Time: 10.093808470999988; Command Position: 2.0787996310496912; Output Position: 2.0627354433543332
[2026-04-08 05:10:03,800] INFO: Time: 10.095868571000011; Command Position: 2.0787996310496912; Output Position: 2.0627354433543332
[2026-04-08 05:10:03,802] INFO: Time: 10.097926948000008; Command Position: 2.0787996310496912; Output Position: 2.062692832776892
[2026-04-08 05:10:03,805] INFO: Time: 10.099985677000006; Command Position: 2.0787996310496912; Output Position: 2.0627354433543332
[2026-04-08 05:10:03,807] INFO: Time: 10.102048776000004; Command Position: 2.0787996310496912; Output Position: 2.0627780539317744
[2026-04-08 05:10:03,809] INFO: Time: 10.104107709000004; Command Position: 2.0787996310496912; Output Position: 2.0627780539317744
[2026-04-08 05:10:03,811] INFO: Time: 10.106166679000012; Command Position: 2.0787996310496912; Output Position: 2.0627354433543332
[2026-04-08 05:10:03,813] INFO: Time: 10.108225629999993; Command Position: 2.0787996310496912; Output Position: 2.0627354433543332
[2026-04-08 05:10:03,815] INFO: Time: 10.110284229000001; Command Position: 2.0787996310496912; Output Position: 2.0627780539317744
[2026-04-08 05:10:03,817] INFO: Time: 10.112351031999992; Command Position: 2.0787996310496912; Output Position: 2.0627354433543332
[2026-04-08 05:10:03,819] INFO: Time: 10.114411131999987; Command Position: 2.0787996310496912; Output Position: 2.0627780539317744
[2026-04-08 05:10:03,821] INFO: Time: 10.116471101000002; Command Position: 2.0787996310496912; Output Position: 2.0627780539317744
[2026-04-08 05:10:03,823] INFO: Time: 10.118533737999996; Command Position: 2.0787996310496912; Output Position: 2.0627354433543332
[2026-04-08 05:10:03,825] INFO: Time: 10.12059287400001; Command Position: 2.0787996310496912; Output Position: 2.0627354433543332
[2026-04-08 05:10:03,827] INFO: Time: 10.122651695999991; Command Position: 2.0787996310496912; Output Position: 2.0627354433543332
[2026-04-08 05:10:03,829] INFO: Time: 10.124710961999995; Command Position: 2.0787996310496912; Output Position: 2.0627354433543332
[2026-04-08 05:10:03,831] INFO: Time: 10.126775245999994; Command Position: 2.0787996310496912; Output Position: 2.0627354433543332
[2026-04-08 05:10:03,833] INFO: Time: 10.128835363999997; Command Position: 2.0787996310496912; Output Position: 2.0627354433543332
[2026-04-08 05:10:03,835] INFO: Time: 10.130893944999997; Command Position: 2.0787996310496912; Output Position: 2.0627354433543332
[2026-04-08 05:10:03,837] INFO: Time: 10.132952415000005; Command Position: 2.0787996310496912; Output Position: 2.0627354433543332
[2026-04-08 05:10:03,840] INFO: Time: 10.135010625000007; Command Position: 2.0787996310496912; Output Position: 2.0627354433543332
[2026-04-08 05:10:03,842] INFO: Time: 10.137074447000003; Command Position: 2.0787996310496912; Output Position: 2.0627780539317744
[2026-04-08 05:10:03,844] INFO: Time: 10.139136804999993; Command Position: 2.0787996310496912; Output Position: 2.0627354433543332
[2026-04-08 05:10:03,846] INFO: Time: 10.14119516400001; Command Position: 2.0787996310496912; Output Position: 2.062692832776892
[2026-04-08 05:10:03,848] INFO: Time: 10.143253856000001; Command Position: 2.0787996310496912; Output Position: 2.0627354433543332
[2026-04-08 05:10:03,850] INFO: Time: 10.145312751999995; Command Position: 2.0787996310496912; Output Position: 2.0627354433543332
[2026-04-08 05:10:03,852] INFO: Time: 10.14737138800001; Command Position: 2.0787996310496912; Output Position: 2.0627780539317744
[2026-04-08 05:10:03,854] INFO: Time: 10.149435764999993; Command Position: 2.0787996310496912; Output Position: 2.0627354433543332
[2026-04-08 05:10:03,856] INFO: Time: 10.151497715999994; Command Position: 2.0787996310496912; Output Position: 2.0627354433543332
[2026-04-08 05:10:03,858] INFO: Time: 10.153556557000002; Command Position: 2.0787996310496912; Output Position: 2.0627354433543332
[2026-04-08 05:10:03,860] INFO: Time: 10.155615710999996; Command Position: 2.0787996310496912; Output Position: 2.0627354433543332
[2026-04-08 05:10:03,862] INFO: Time: 10.157674662999995; Command Position: 2.0787996310496912; Output Position: 2.0627354433543332
[2026-04-08 05:10:03,864] INFO: Time: 10.159732910000002; Command Position: 2.0787996310496912; Output Position: 2.0627354433543332
[2026-04-08 05:10:03,866] INFO: Time: 10.161789880000015; Command Position: 2.0787996310496912; Output Position: 2.062692832776892
[2026-04-08 05:10:03,868] INFO: Time: 10.163853515999989; Command Position: 2.0787996310496912; Output Position: 2.062692832776892
[2026-04-08 05:10:03,870] INFO: Time: 10.165913375000002; Command Position: 2.0787996310496912; Output Position: 2.062692832776892
[2026-04-08 05:10:03,873] INFO: Time: 10.167971993000009; Command Position: 2.0787996310496912; Output Position: 2.0627780539317744
[2026-04-08 05:10:03,875] INFO: Time: 10.170030703000009; Command Position: 2.0787996310496912; Output Position: 2.0627354433543332
[2026-04-08 05:10:03,877] INFO: Time: 10.172089543999988; Command Position: 2.0787996310496912; Output Position: 2.0627354433543332
[2026-04-08 05:10:03,879] INFO: Time: 10.17414775399999; Command Position: 2.0787996310496912; Output Position: 2.0627354433543332
[2026-04-08 05:10:03,881] INFO: Time: 10.176212705000012; Command Position: 2.0787996310496912; Output Position: 2.0627354433543332
[2026-04-08 05:10:03,883] INFO: Time: 10.178271064; Command Position: 2.0787996310496912; Output Position: 2.0627354433543332
[2026-04-08 05:10:03,885] INFO: Time: 10.180329792999999; Command Position: 2.0787996310496912; Output Position: 2.0627354433543332
[2026-04-08 05:10:03,887] INFO: Time: 10.182390096000006; Command Position: 2.0787996310496912; Output Position: 2.0627354433543332
[2026-04-08 05:10:03,889] INFO: Time: 10.184448898999989; Command Position: 2.0787996310496912; Output Position: 2.0627354433543332
[2026-04-08 05:10:03,891] INFO: Time: 10.186514886999987; Command Position: 2.0787996310496912; Output Position: 2.0627780539317744
[2026-04-08 05:10:03,893] INFO: Time: 10.18857413500001; Command Position: 2.0787996310496912; Output Position: 2.0627354433543332
[2026-04-08 05:10:03,895] INFO: Time: 10.190632752999988; Command Position: 2.0787996310496912; Output Position: 2.0627354433543332
[2026-04-08 05:10:03,897] INFO: Time: 10.192691259000014; Command Position: 2.0787996310496912; Output Position: 2.0627354433543332
[2026-04-08 05:10:03,899] INFO: Time: 10.194749636000012; Command Position: 2.0787996310496912; Output Position: 2.0627354433543332
[2026-04-08 05:10:03,901] INFO: Time: 10.19681623599999; Command Position: 2.0787996310496912; Output Position: 2.0627354433543332
[2026-04-08 05:10:03,903] INFO: Time: 10.198884372000009; Command Position: 2.0787996310496912; Output Position: 2.0627354433543332
[2026-04-08 05:10:03,905] INFO: Time: 10.200944101000005; Command Position: 2.0787996310496912; Output Position: 2.0627780539317744
[2026-04-08 05:10:03,908] INFO: Time: 10.203002773999998; Command Position: 2.0787996310496912; Output Position: 2.0627354433543332
[2026-04-08 05:10:03,910] INFO: Time: 10.20506146599999; Command Position: 2.0787996310496912; Output Position: 2.0627354433543332
[2026-04-08 05:10:03,912] INFO: Time: 10.20712015800001; Command Position: 2.0787996310496912; Output Position: 2.0627354433543332
[2026-04-08 05:10:03,914] INFO: Time: 10.209184590999996; Command Position: 2.0787996310496912; Output Position: 2.0627354433543332
[2026-04-08 05:10:03,916] INFO: Time: 10.211247504999989; Command Position: 2.0787996310496912; Output Position: 2.0627780539317744
[2026-04-08 05:10:03,918] INFO: Time: 10.213306734000014; Command Position: 2.0787996310496912; Output Position: 2.0627354433543332
[2026-04-08 05:10:03,920] INFO: Time: 10.215365222000003; Command Position: 2.0787996310496912; Output Position: 2.0627354433543332
[2026-04-08 05:10:03,922] INFO: Time: 10.217424117999997; Command Position: 2.0787996310496912; Output Position: 2.0627780539317744
[2026-04-08 05:10:03,924] INFO: Time: 10.219482958000015; Command Position: 2.0787996310496912; Output Position: 2.0627354433543332
[2026-04-08 05:10:03,926] INFO: Time: 10.221543169; Command Position: 2.0787996310496912; Output Position: 2.062692832776892
[2026-04-08 05:10:03,928] INFO: Time: 10.22360623099999; Command Position: 2.0787996310496912; Output Position: 2.062692832776892
[2026-04-08 05:10:03,930] INFO: Time: 10.22567170100001; Command Position: 2.0787996310496912; Output Position: 2.0627354433543332
[2026-04-08 05:10:03,932] INFO: Time: 10.227734392999992; Command Position: 2.0787996310496912; Output Position: 2.0627780539317744
[2026-04-08 05:10:03,934] INFO: Time: 10.229795195999998; Command Position: 2.0787996310496912; Output Position: 2.062692832776892
[2026-04-08 05:10:03,936] INFO: Time: 10.23185483200001; Command Position: 2.0787996310496912; Output Position: 2.0627780539317744
[2026-04-08 05:10:03,938] INFO: Time: 10.233913967999996; Command Position: 2.0787996310496912; Output Position: 2.0627354433543332
[2026-04-08 05:10:03,941] INFO: Time: 10.235981271000014; Command Position: 2.0787996310496912; Output Position: 2.062692832776892
[2026-04-08 05:10:03,943] INFO: Time: 10.238040704000014; Command Position: 2.0787996310496912; Output Position: 2.0627354433543332
[2026-04-08 05:10:03,945] INFO: Time: 10.240099396000005; Command Position: 2.0787996310496912; Output Position: 2.062692832776892
[2026-04-08 05:10:03,947] INFO: Time: 10.24216277299999; Command Position: 2.0787996310496912; Output Position: 2.0627354433543332
[2026-04-08 05:10:03,949] INFO: Time: 10.244221484000008; Command Position: 2.0787996310496912; Output Position: 2.0627354433543332
[2026-04-08 05:10:03,951] INFO: Time: 10.24627993499999; Command Position: 2.0787996310496912; Output Position: 2.0627354433543332
[2026-04-08 05:10:03,953] INFO: Time: 10.24833864499999; Command Position: 2.0787996310496912; Output Position: 2.0627354433543332
[2026-04-08 05:10:03,955] INFO: Time: 10.250401503999996; Command Position: 2.0787996310496912; Output Position: 2.062820664509216
[2026-04-08 05:10:03,957] INFO: Time: 10.252462269999995; Command Position: 2.0787996310496912; Output Position: 2.0627354433543332
[2026-04-08 05:10:03,959] INFO: Time: 10.254521146999991; Command Position: 2.0787996310496912; Output Position: 2.0627780539317744
[2026-04-08 05:10:03,961] INFO: Time: 10.256579894999987; Command Position: 2.0787996310496912; Output Position: 2.062692832776892
[2026-04-08 05:10:03,963] INFO: Time: 10.258638141999995; Command Position: 2.0787996310496912; Output Position: 2.0627354433543332
[2026-04-08 05:10:03,965] INFO: Time: 10.260700130000004; Command Position: 2.0787996310496912; Output Position: 2.0627354433543332
[2026-04-08 05:10:03,967] INFO: Time: 10.262759396000007; Command Position: 2.0787996310496912; Output Position: 2.0627780539317744
[2026-04-08 05:10:03,969] INFO: Time: 10.264828754999996; Command Position: 2.0787996310496912; Output Position: 2.0627354433543332
[2026-04-08 05:10:03,971] INFO: Time: 10.26688948399999; Command Position: 2.0787996310496912; Output Position: 2.0627354433543332
[2026-04-08 05:10:03,973] INFO: Time: 10.268948287; Command Position: 2.0787996310496912; Output Position: 2.0627354433543332
[2026-04-08 05:10:03,976] INFO: Time: 10.271006811999996; Command Position: 2.0787996310496912; Output Position: 2.062692832776892
[2026-04-08 05:10:03,978] INFO: Time: 10.273074134000012; Command Position: 2.0787996310496912; Output Position: 2.0627354433543332
[2026-04-08 05:10:03,980] INFO: Time: 10.275134492000007; Command Position: 2.0787996310496912; Output Position: 2.0627354433543332
[2026-04-08 05:10:03,982] INFO: Time: 10.27719329499999; Command Position: 2.0787996310496912; Output Position: 2.0627354433543332
[2026-04-08 05:10:03,984] INFO: Time: 10.279252079999992; Command Position: 2.0787996310496912; Output Position: 2.0627354433543332
[2026-04-08 05:10:03,986] INFO: Time: 10.281310956999988; Command Position: 2.0787996310496912; Output Position: 2.0627780539317744
[2026-04-08 05:10:03,988] INFO: Time: 10.28336985300001; Command Position: 2.0787996310496912; Output Position: 2.0627354433543332
[2026-04-08 05:10:03,990] INFO: Time: 10.285435433999993; Command Position: 2.0787996310496912; Output Position: 2.0627780539317744
[2026-04-08 05:10:03,992] INFO: Time: 10.287497922; Command Position: 2.0787996310496912; Output Position: 2.0627780539317744
[2026-04-08 05:10:03,994] INFO: Time: 10.289556392000009; Command Position: 2.0787996310496912; Output Position: 2.0627354433543332
[2026-04-08 05:10:03,996] INFO: Time: 10.291615065000002; Command Position: 2.0787996310496912; Output Position: 2.0627354433543332
[2026-04-08 05:10:03,998] INFO: Time: 10.29367405299999; Command Position: 2.0787996310496912; Output Position: 2.0627354433543332
[2026-04-08 05:10:04,000] INFO: Time: 10.295734818999989; Command Position: 2.0787996310496912; Output Position: 2.0627780539317744
[2026-04-08 05:10:04,002] INFO: Time: 10.297803084999998; Command Position: 2.0787996310496912; Output Position: 2.0627780539317744
[2026-04-08 05:10:04,004] INFO: Time: 10.29986585200001; Command Position: 2.0787996310496912; Output Position: 2.0627354433543332
[2026-04-08 05:10:04,006] INFO: Time: 10.30192384099999; Command Position: 2.0787996310496912; Output Position: 2.0627354433543332
[2026-04-08 05:10:04,009] INFO: Time: 10.303986089000006; Command Position: 2.0787996310496912; Output Position: 2.0627354433543332
[2026-04-08 05:10:04,011] INFO: Time: 10.306044466999992; Command Position: 2.0787996310496912; Output Position: 2.0627354433543332
[2026-04-08 05:10:04,013] INFO: Time: 10.30810258599999; Command Position: 2.0787996310496912; Output Position: 2.0627354433543332
[2026-04-08 05:10:04,015] INFO: Time: 10.310172814999987; Command Position: 2.0787996310496912; Output Position: 2.0627354433543332
[2026-04-08 05:10:04,017] INFO: Time: 10.312231730000008; Command Position: 2.0787996310496912; Output Position: 2.0627354433543332
[2026-04-08 05:10:04,019] INFO: Time: 10.31429038600001; Command Position: 2.0787996310496912; Output Position: 2.0627780539317744
[2026-04-08 05:10:04,021] INFO: Time: 10.316350819999997; Command Position: 2.0787996310496912; Output Position: 2.062650222199451
[2026-04-08 05:10:04,023] INFO: Time: 10.318409975000009; Command Position: 2.0787996310496912; Output Position: 2.0627354433543332
[2026-04-08 05:10:04,025] INFO: Time: 10.32046865000001; Command Position: 2.0787996310496912; Output Position: 2.0627354433543332
[2026-04-08 05:10:04,027] INFO: Time: 10.322535713000008; Command Position: 2.0787996310496912; Output Position: 2.0627354433543332
[2026-04-08 05:10:04,029] INFO: Time: 10.32459536799999; Command Position: 2.0787996310496912; Output Position: 2.0627780539317744
[2026-04-08 05:10:04,031] INFO: Time: 10.32665393100001; Command Position: 2.0787996310496912; Output Position: 2.0627354433543332
[2026-04-08 05:10:04,033] INFO: Time: 10.328712939000013; Command Position: 2.0787996310496912; Output Position: 2.0627780539317744
[2026-04-08 05:10:04,035] INFO: Time: 10.330771816999999; Command Position: 2.0787996310496912; Output Position: 2.0627354433543332
[2026-04-08 05:10:04,037] INFO: Time: 10.332830268999999; Command Position: 2.0787996310496912; Output Position: 2.0627780539317744
[2026-04-08 05:10:04,039] INFO: Time: 10.33489692500001; Command Position: 2.0787996310496912; Output Position: 2.0627354433543332
[2026-04-08 05:10:04,042] INFO: Time: 10.33695793199999; Command Position: 2.0787996310496912; Output Position: 2.0627780539317744
[2026-04-08 05:10:04,044] INFO: Time: 10.33901649500001; Command Position: 2.0787996310496912; Output Position: 2.0627354433543332
[2026-04-08 05:10:04,046] INFO: Time: 10.341076780999998; Command Position: 2.0787996310496912; Output Position: 2.0627780539317744
[2026-04-08 05:10:04,048] INFO: Time: 10.343136640000012; Command Position: 2.0787996310496912; Output Position: 2.0627354433543332
[2026-04-08 05:10:04,050] INFO: Time: 10.345195517999997; Command Position: 2.0787996310496912; Output Position: 2.0627354433543332
[2026-04-08 05:10:04,052] INFO: Time: 10.34726239599999; Command Position: 2.0787996310496912; Output Position: 2.0627354433543332
[2026-04-08 05:10:04,054] INFO: Time: 10.349321996000015; Command Position: 2.0787996310496912; Output Position: 2.062820664509216
[2026-04-08 05:10:04,056] INFO: Time: 10.351381169999996; Command Position: 2.0787996310496912; Output Position: 2.0627354433543332
[2026-04-08 05:10:04,058] INFO: Time: 10.353447326000008; Command Position: 2.0787996310496912; Output Position: 2.062692832776892
[2026-04-08 05:10:04,060] INFO: Time: 10.35550685199999; Command Position: 2.0787996310496912; Output Position: 2.0627780539317744
[2026-04-08 05:10:04,062] INFO: Time: 10.35756541500001; Command Position: 2.0787996310496912; Output Position: 2.0627354433543332
[2026-04-08 05:10:04,064] INFO: Time: 10.359624236999991; Command Position: 2.0787996310496912; Output Position: 2.0627354433543332
[2026-04-08 05:10:04,066] INFO: Time: 10.361683134000003; Command Position: 2.0787996310496912; Output Position: 2.0627780539317744
[2026-04-08 05:10:04,068] INFO: Time: 10.36374210400001; Command Position: 2.0787996310496912; Output Position: 2.062692832776892
[2026-04-08 05:10:04,070] INFO: Time: 10.365801667999989; Command Position: 2.0787996310496912; Output Position: 2.0627354433543332
[2026-04-08 05:10:04,072] INFO: Time: 10.36786785999999; Command Position: 2.0787996310496912; Output Position: 2.0627354433543332
[2026-04-08 05:10:04,074] INFO: Time: 10.369926405000001; Command Position: 2.0787996310496912; Output Position: 2.0627354433543332
[2026-04-08 05:10:04,077] INFO: Time: 10.371985819999992; Command Position: 2.0787996310496912; Output Position: 2.0627354433543332
[2026-04-08 05:10:04,079] INFO: Time: 10.374044308999999; Command Position: 2.0787996310496912; Output Position: 2.0627780539317744
[2026-04-08 05:10:04,081] INFO: Time: 10.376102965000001; Command Position: 2.0787996310496912; Output Position: 2.0627354433543332
[2026-04-08 05:10:04,083] INFO: Time: 10.37833228400001; Command Position: 2.0787996310496912; Output Position: 2.0627354433543332
[2026-04-08 05:10:04,085] INFO: Time: 10.380393661999989; Command Position: 2.0787996310496912; Output Position: 2.0627780539317744
[2026-04-08 05:10:04,087] INFO: Time: 10.382452300000011; Command Position: 2.0787996310496912; Output Position: 2.0627354433543332
[2026-04-08 05:10:04,089] INFO: Time: 10.384511288999988; Command Position: 2.0787996310496912; Output Position: 2.0627780539317744
[2026-04-08 05:10:04,091] INFO: Time: 10.386569963; Command Position: 2.0787996310496912; Output Position: 2.0627354433543332
[2026-04-08 05:10:04,093] INFO: Time: 10.388628841000013; Command Position: 2.0787996310496912; Output Position: 2.062692832776892
[2026-04-08 05:10:04,095] INFO: Time: 10.390701495999991; Command Position: 2.0787996310496912; Output Position: 2.0627780539317744
[2026-04-08 05:10:04,097] INFO: Time: 10.392763782000003; Command Position: 2.0787996310496912; Output Position: 2.0627780539317744
[2026-04-08 05:10:04,099] INFO: Time: 10.394821511000004; Command Position: 2.0787996310496912; Output Position: 2.0627354433543332
[2026-04-08 05:10:04,101] INFO: Time: 10.396880240999991; Command Position: 2.0787996310496912; Output Position: 2.062692832776892
[2026-04-08 05:10:04,103] INFO: Time: 10.398938896999994; Command Position: 2.0787996310496912; Output Position: 2.0627354433543332
[2026-04-08 05:10:04,106] INFO: Time: 10.400997423000007; Command Position: 2.0787996310496912; Output Position: 2.0627354433543332
[2026-04-08 05:10:04,108] INFO: Time: 10.40306235700001; Command Position: 2.0787996310496912; Output Position: 2.0627354433543332
[2026-04-08 05:10:04,110] INFO: Time: 10.40512264200001; Command Position: 2.0787996310496912; Output Position: 2.0627354433543332
[2026-04-08 05:10:04,112] INFO: Time: 10.407181075000011; Command Position: 2.0787996310496912; Output Position: 2.0627354433543332
[2026-04-08 05:10:04,114] INFO: Time: 10.40924075000001; Command Position: 2.0787996310496912; Output Position: 2.0627354433543332
[2026-04-08 05:10:04,116] INFO: Time: 10.411299998000004; Command Position: 2.0787996310496912; Output Position: 2.0627354433543332
[2026-04-08 05:10:04,118] INFO: Time: 10.413359283000005; Command Position: 2.0787996310496912; Output Position: 2.0627780539317744
[2026-04-08 05:10:04,120] INFO: Time: 10.415418587000005; Command Position: 2.0787996310496912; Output Position: 2.0627354433543332
[2026-04-08 05:10:04,122] INFO: Time: 10.417483538999988; Command Position: 2.0787996310496912; Output Position: 2.0627354433543332
[2026-04-08 05:10:04,124] INFO: Time: 10.419542379999996; Command Position: 2.0787996310496912; Output Position: 2.0627354433543332
[2026-04-08 05:10:04,126] INFO: Time: 10.421602368999999; Command Position: 2.0787996310496912; Output Position: 2.0627354433543332
[2026-04-08 05:10:04,128] INFO: Time: 10.423662653999997; Command Position: 2.0787996310496912; Output Position: 2.0627354433543332
[2026-04-08 05:10:04,130] INFO: Time: 10.425727773000006; Command Position: 2.0787996310496912; Output Position: 2.0627354433543332
[2026-04-08 05:10:04,132] INFO: Time: 10.427790224999995; Command Position: 2.0787996310496912; Output Position: 2.0627780539317744
[2026-04-08 05:10:04,134] INFO: Time: 10.429850732000006; Command Position: 2.0787996310496912; Output Position: 2.0627354433543332
[2026-04-08 05:10:04,136] INFO: Time: 10.431914962000008; Command Position: 2.0787996310496912; Output Position: 2.0627354433543332
[2026-04-08 05:10:04,141] INFO: Time: 10.435947534000007; Command Position: 2.0787996310496912; Output Position: 2.0627354433543332
[2026-04-08 05:10:04,143] INFO: Time: 10.438027782000006; Command Position: 2.0787996310496912; Output Position: 2.0627780539317744
[2026-04-08 05:10:04,145] INFO: Time: 10.440102585999995; Command Position: 2.0787996310496912; Output Position: 2.0627354433543332
[2026-04-08 05:10:04,147] INFO: Time: 10.44217248199999; Command Position: 2.0787996310496912; Output Position: 2.0627354433543332
[2026-04-08 05:10:04,149] INFO: Time: 10.444238823000006; Command Position: 2.0787996310496912; Output Position: 2.0627780539317744
[2026-04-08 05:10:04,151] INFO: Time: 10.446296496999992; Command Position: 2.0787996310496912; Output Position: 2.0627354433543332
[2026-04-08 05:10:04,153] INFO: Time: 10.448361153000008; Command Position: 2.0787996310496912; Output Position: 2.0627780539317744
[2026-04-08 05:10:04,155] INFO: Time: 10.450421401; Command Position: 2.0787996310496912; Output Position: 2.0627780539317744
[2026-04-08 05:10:04,157] INFO: Time: 10.452478872; Command Position: 2.0787996310496912; Output Position: 2.0627354433543332
[2026-04-08 05:10:04,159] INFO: Time: 10.454536082999994; Command Position: 2.0787996310496912; Output Position: 2.0627354433543332
[2026-04-08 05:10:04,161] INFO: Time: 10.456593201999993; Command Position: 2.0787996310496912; Output Position: 2.0627354433543332
[2026-04-08 05:10:04,163] INFO: Time: 10.458656431000009; Command Position: 2.0787996310496912; Output Position: 2.062692832776892
[2026-04-08 05:10:04,165] INFO: Time: 10.460717920000008; Command Position: 2.0787996310496912; Output Position: 2.0627354433543332
[2026-04-08 05:10:04,167] INFO: Time: 10.46277609500001; Command Position: 2.0787996310496912; Output Position: 2.0627354433543332
[2026-04-08 05:10:04,169] INFO: Time: 10.464833139000007; Command Position: 2.0787996310496912; Output Position: 2.0627354433543332
[2026-04-08 05:10:04,171] INFO: Time: 10.466892424999998; Command Position: 2.0787996310496912; Output Position: 2.0627354433543332
[2026-04-08 05:10:04,174] INFO: Time: 10.468956375999994; Command Position: 2.0787996310496912; Output Position: 2.0627354433543332
[2026-04-08 05:10:04,176] INFO: Time: 10.471016494999986; Command Position: 2.0787996310496912; Output Position: 2.0627354433543332
[2026-04-08 05:10:04,178] INFO: Time: 10.473076150999987; Command Position: 2.0787996310496912; Output Position: 2.0627354433543332
[2026-04-08 05:10:04,180] INFO: Time: 10.475135306999988; Command Position: 2.0787996310496912; Output Position: 2.0627354433543332
[2026-04-08 05:10:04,182] INFO: Time: 10.47719459199999; Command Position: 2.0787996310496912; Output Position: 2.0627354433543332
[2026-04-08 05:10:04,184] INFO: Time: 10.47925352499999; Command Position: 2.0787996310496912; Output Position: 2.0627780539317744
[2026-04-08 05:10:04,186] INFO: Time: 10.481318550999987; Command Position: 2.0787996310496912; Output Position: 2.0627354433543332
[2026-04-08 05:10:04,188] INFO: Time: 10.483378576999996; Command Position: 2.0787996310496912; Output Position: 2.0627354433543332
[2026-04-08 05:10:04,190] INFO: Time: 10.485438751999993; Command Position: 2.0787996310496912; Output Position: 2.0627354433543332
[2026-04-08 05:10:04,192] INFO: Time: 10.487497907000005; Command Position: 2.0787996310496912; Output Position: 2.0627780539317744
[2026-04-08 05:10:04,194] INFO: Time: 10.48955763699999; Command Position: 2.0787996310496912; Output Position: 2.0627780539317744
[2026-04-08 05:10:04,196] INFO: Time: 10.49161607100001; Command Position: 2.0787996310496912; Output Position: 2.0627354433543332
[2026-04-08 05:10:04,198] INFO: Time: 10.493677356000006; Command Position: 2.0787996310496912; Output Position: 2.062692832776892
[2026-04-08 05:10:04,200] INFO: Time: 10.495740030000007; Command Position: 2.0787996310496912; Output Position: 2.0627354433543332
[2026-04-08 05:10:04,202] INFO: Time: 10.497799592999996; Command Position: 2.0787996310496912; Output Position: 2.062692832776892
[2026-04-08 05:10:04,204] INFO: Time: 10.499858601; Command Position: 2.0787996310496912; Output Position: 2.0627354433543332
[2026-04-08 05:10:04,206] INFO: Time: 10.501917182999989; Command Position: 2.0787996310496912; Output Position: 2.0627780539317744
[2026-04-08 05:10:04,209] INFO: Time: 10.50397576399999; Command Position: 2.0787996310496912; Output Position: 2.0627780539317744
[2026-04-08 05:10:04,211] INFO: Time: 10.50603529; Command Position: 2.0787996310496912; Output Position: 2.0627354433543332
[2026-04-08 05:10:04,213] INFO: Time: 10.508094187000012; Command Position: 2.0787996310496912; Output Position: 2.0627780539317744
[2026-04-08 05:10:04,215] INFO: Time: 10.510152898000001; Command Position: 2.0787996310496912; Output Position: 2.0627354433543332
[2026-04-08 05:10:04,217] INFO: Time: 10.512212127999987; Command Position: 2.0787996310496912; Output Position: 2.0627354433543332
[2026-04-08 05:10:04,219] INFO: Time: 10.51427078399999; Command Position: 2.0787996310496912; Output Position: 2.0627354433543332
[2026-04-08 05:10:04,221] INFO: Time: 10.516329976000009; Command Position: 2.0787996310496912; Output Position: 2.0627354433543332
[2026-04-08 05:10:04,223] INFO: Time: 10.518389262; Command Position: 2.0787996310496912; Output Position: 2.062692832776892
[2026-04-08 05:10:04,225] INFO: Time: 10.520447565000012; Command Position: 2.0787996310496912; Output Position: 2.0627354433543332
[2026-04-08 05:10:04,227] INFO: Time: 10.522506665999998; Command Position: 2.0787996310496912; Output Position: 2.0627354433543332
[2026-04-08 05:10:04,229] INFO: Time: 10.524565469999999; Command Position: 2.0787996310496912; Output Position: 2.0627354433543332
[2026-04-08 05:10:04,231] INFO: Time: 10.526623773000011; Command Position: 2.0787996310496912; Output Position: 2.062692832776892
[2026-04-08 05:10:04,233] INFO: Time: 10.528682521999997; Command Position: 2.0787996310496912; Output Position: 2.0627780539317744
[2026-04-08 05:10:04,235] INFO: Time: 10.53074191799999; Command Position: 2.0787996310496912; Output Position: 2.062692832776892
[2026-04-08 05:10:04,237] INFO: Time: 10.532800444000003; Command Position: 2.0787996310496912; Output Position: 2.0627354433543332
[2026-04-08 05:10:04,239] INFO: Time: 10.534859415; Command Position: 2.0787996310496912; Output Position: 2.0627780539317744
[2026-04-08 05:10:04,241] INFO: Time: 10.536918533000005; Command Position: 2.0787996310496912; Output Position: 2.0627780539317744
[2026-04-08 05:10:04,244] INFO: Time: 10.53904928099999; Command Position: 2.0787996310496912; Output Position: 2.0627354433543332
[2026-04-08 05:10:04,246] INFO: Time: 10.541111085000011; Command Position: 2.0787996310496912; Output Position: 2.0627354433543332
[2026-04-08 05:10:04,248] INFO: Time: 10.543170406999991; Command Position: 2.0787996310496912; Output Position: 2.0627354433543332
[2026-04-08 05:10:04,250] INFO: Time: 10.545229506999988; Command Position: 2.0787996310496912; Output Position: 2.0627354433543332
[2026-04-08 05:10:04,252] INFO: Time: 10.547288237000004; Command Position: 2.0787996310496912; Output Position: 2.0627354433543332
[2026-04-08 05:10:04,254] INFO: Time: 10.54934781899999; Command Position: 2.0787996310496912; Output Position: 2.0627780539317744
[2026-04-08 05:10:04,256] INFO: Time: 10.55140639999999; Command Position: 2.0787996310496912; Output Position: 2.0627354433543332
[2026-04-08 05:10:04,258] INFO: Time: 10.553466074; Command Position: 2.0787996310496912; Output Position: 2.0627780539317744
[2026-04-08 05:10:04,260] INFO: Time: 10.555524971000011; Command Position: 2.0787996310496912; Output Position: 2.0627354433543332
[2026-04-08 05:10:04,262] INFO: Time: 10.557585238000001; Command Position: 2.0787996310496912; Output Position: 2.0627354433543332
[2026-04-08 05:10:04,264] INFO: Time: 10.559652634000003; Command Position: 2.0787996310496912; Output Position: 2.0627354433543332
[2026-04-08 05:10:04,266] INFO: Time: 10.561711344999992; Command Position: 2.0787996310496912; Output Position: 2.0627780539317744
[2026-04-08 05:10:04,268] INFO: Time: 10.56376981599999; Command Position: 2.0787996310496912; Output Position: 2.0627354433543332
[2026-04-08 05:10:04,270] INFO: Time: 10.565829064000013; Command Position: 2.0787996310496912; Output Position: 2.0627354433543332
[2026-04-08 05:10:04,272] INFO: Time: 10.567888552999989; Command Position: 2.0787996310496912; Output Position: 2.0627354433543332
[2026-04-08 05:10:04,275] INFO: Time: 10.569952930999989; Command Position: 2.0787996310496912; Output Position: 2.0627780539317744
[2026-04-08 05:10:04,279] INFO: Time: 10.574228962000007; Command Position: 2.0787996310496912; Output Position: 2.0627354433543332
[2026-04-08 05:10:04,281] INFO: Time: 10.576297970000013; Command Position: 2.0787996310496912; Output Position: 2.0627354433543332
[2026-04-08 05:10:04,283] INFO: Time: 10.578356385000006; Command Position: 2.0787996310496912; Output Position: 2.0627780539317744
[2026-04-08 05:10:04,285] INFO: Time: 10.580414354999988; Command Position: 2.0787996310496912; Output Position: 2.0627780539317744
[2026-04-08 05:10:04,287] INFO: Time: 10.582478196000011; Command Position: 2.0787996310496912; Output Position: 2.0627780539317744
[2026-04-08 05:10:04,289] INFO: Time: 10.584535351999989; Command Position: 2.0787996310496912; Output Position: 2.062692832776892
[2026-04-08 05:10:04,291] INFO: Time: 10.586592636999995; Command Position: 2.0787996310496912; Output Position: 2.0627354433543332
[2026-04-08 05:10:04,293] INFO: Time: 10.588649922999991; Command Position: 2.0787996310496912; Output Position: 2.062692832776892
[2026-04-08 05:10:04,295] INFO: Time: 10.590706966999988; Command Position: 2.0787996310496912; Output Position: 2.0627354433543332
[2026-04-08 05:10:04,297] INFO: Time: 10.592771475000006; Command Position: 2.0787996310496912; Output Position: 2.0627354433543332
[2026-04-08 05:10:04,299] INFO: Time: 10.594830316000014; Command Position: 2.0787996310496912; Output Position: 2.0627354433543332
[2026-04-08 05:10:04,301] INFO: Time: 10.596887785999996; Command Position: 2.0787996310496912; Output Position: 2.0627780539317744
[2026-04-08 05:10:04,303] INFO: Time: 10.598944998000007; Command Position: 2.0787996310496912; Output Position: 2.062692832776892
[2026-04-08 05:10:04,306] INFO: Time: 10.60100209800001; Command Position: 2.0787996310496912; Output Position: 2.0627354433543332
[2026-04-08 05:10:04,308] INFO: Time: 10.60306769799999; Command Position: 2.0787996310496912; Output Position: 2.0627354433543332
[2026-04-08 05:10:04,310] INFO: Time: 10.60512529799999; Command Position: 2.0787996310496912; Output Position: 2.0627354433543332
[2026-04-08 05:10:04,312] INFO: Time: 10.607182658; Command Position: 2.0787996310496912; Output Position: 2.0627354433543332
[2026-04-08 05:10:04,314] INFO: Time: 10.609242461000008; Command Position: 2.0787996310496912; Output Position: 2.0627354433543332
[2026-04-08 05:10:04,316] INFO: Time: 10.611301321000013; Command Position: 2.0787996310496912; Output Position: 2.062692832776892
[2026-04-08 05:10:04,318] INFO: Time: 10.613365920999996; Command Position: 2.0787996310496912; Output Position: 2.0627354433543332
[2026-04-08 05:10:04,320] INFO: Time: 10.61542831700001; Command Position: 2.0787996310496912; Output Position: 2.0627780539317744
[2026-04-08 05:10:04,322] INFO: Time: 10.617487232000002; Command Position: 2.0787996310496912; Output Position: 2.0627354433543332
[2026-04-08 05:10:04,324] INFO: Time: 10.619546517999993; Command Position: 2.0787996310496912; Output Position: 2.0627780539317744
[2026-04-08 05:10:04,326] INFO: Time: 10.621606839999998; Command Position: 2.0787996310496912; Output Position: 2.062692832776892
[2026-04-08 05:10:04,328] INFO: Time: 10.62366540299999; Command Position: 2.0787996310496912; Output Position: 2.0627354433543332
[2026-04-08 05:10:04,330] INFO: Time: 10.625732096000007; Command Position: 2.0787996310496912; Output Position: 2.062692832776892
[2026-04-08 05:10:04,332] INFO: Time: 10.627794418000008; Command Position: 2.0787996310496912; Output Position: 2.0627354433543332
[2026-04-08 05:10:04,334] INFO: Time: 10.629854018000003; Command Position: 2.0787996310496912; Output Position: 2.0627354433543332
[2026-04-08 05:10:04,336] INFO: Time: 10.631918117999987; Command Position: 2.0787996310496912; Output Position: 2.0627354433543332
[2026-04-08 05:10:04,339] INFO: Time: 10.63397712599999; Command Position: 2.0787996310496912; Output Position: 2.0627354433543332
[2026-04-08 05:10:04,341] INFO: Time: 10.636035244999988; Command Position: 2.0787996310496912; Output Position: 2.0627354433543332
[2026-04-08 05:10:04,343] INFO: Time: 10.638101973999994; Command Position: 2.0787996310496912; Output Position: 2.0627780539317744
[2026-04-08 05:10:04,345] INFO: Time: 10.640161037000013; Command Position: 2.0787996310496912; Output Position: 2.0627780539317744
[2026-04-08 05:10:04,347] INFO: Time: 10.642219544999989; Command Position: 2.0787996310496912; Output Position: 2.0627354433543332
[2026-04-08 05:10:04,349] INFO: Time: 10.644278404000005; Command Position: 2.0787996310496912; Output Position: 2.0627780539317744
[2026-04-08 05:10:04,351] INFO: Time: 10.646338060000005; Command Position: 2.0787996310496912; Output Position: 2.0627780539317744
[2026-04-08 05:10:04,353] INFO: Time: 10.648396679000001; Command Position: 2.0787996310496912; Output Position: 2.0627354433543332
[2026-04-08 05:10:04,355] INFO: Time: 10.650460594000009; Command Position: 2.0787996310496912; Output Position: 2.062692832776892
[2026-04-08 05:10:04,357] INFO: Time: 10.652522083000008; Command Position: 2.0787996310496912; Output Position: 2.0627354433543332
[2026-04-08 05:10:04,359] INFO: Time: 10.654581312999994; Command Position: 2.0787996310496912; Output Position: 2.0627354433543332
[2026-04-08 05:10:04,361] INFO: Time: 10.656642301999995; Command Position: 2.0787996310496912; Output Position: 2.062692832776892
[2026-04-08 05:10:04,363] INFO: Time: 10.658700976000006; Command Position: 2.0787996310496912; Output Position: 2.0627780539317744
[2026-04-08 05:10:04,365] INFO: Time: 10.660759890999998; Command Position: 2.0787996310496912; Output Position: 2.0627780539317744
[2026-04-08 05:10:04,367] INFO: Time: 10.662826861000013; Command Position: 2.0787996310496912; Output Position: 2.0627354433543332
[2026-04-08 05:10:04,369] INFO: Time: 10.664886517000014; Command Position: 2.0787996310496912; Output Position: 2.0627354433543332
[2026-04-08 05:10:04,371] INFO: Time: 10.666944876000002; Command Position: 2.0787996310496912; Output Position: 2.062692832776892
[2026-04-08 05:10:04,374] INFO: Time: 10.66901132800001; Command Position: 2.0787996310496912; Output Position: 2.0627780539317744
[2026-04-08 05:10:04,376] INFO: Time: 10.67107087299999; Command Position: 2.0787996310496912; Output Position: 2.0627354433543332
[2026-04-08 05:10:04,378] INFO: Time: 10.673129992000014; Command Position: 2.0787996310496912; Output Position: 2.0627780539317744
[2026-04-08 05:10:04,380] INFO: Time: 10.67519468399999; Command Position: 2.0787996310496912; Output Position: 2.0627780539317744
[2026-04-08 05:10:04,382] INFO: Time: 10.677256024999991; Command Position: 2.0787996310496912; Output Position: 2.062692832776892
[2026-04-08 05:10:04,384] INFO: Time: 10.679314865999999; Command Position: 2.0787996310496912; Output Position: 2.0627354433543332
[2026-04-08 05:10:04,386] INFO: Time: 10.681398725000008; Command Position: 2.0787996310496912; Output Position: 2.0627780539317744
[2026-04-08 05:10:04,388] INFO: Time: 10.68345812199999; Command Position: 2.0787996310496912; Output Position: 2.0627780539317744
[2026-04-08 05:10:04,390] INFO: Time: 10.685517406999992; Command Position: 2.0787996310496912; Output Position: 2.0627354433543332
[2026-04-08 05:10:04,392] INFO: Time: 10.68757611800001; Command Position: 2.0787996310496912; Output Position: 2.0627354433543332
[2026-04-08 05:10:04,394] INFO: Time: 10.689651921999996; Command Position: 2.0787996310496912; Output Position: 2.0627354433543332
[2026-04-08 05:10:04,396] INFO: Time: 10.691710169999993; Command Position: 2.0787996310496912; Output Position: 2.062692832776892
[2026-04-08 05:10:04,398] INFO: Time: 10.69376960400001; Command Position: 2.0787996310496912; Output Position: 2.0627354433543332
[2026-04-08 05:10:04,400] INFO: Time: 10.695828610999996; Command Position: 2.0787996310496912; Output Position: 2.0627354433543332
[2026-04-08 05:10:04,402] INFO: Time: 10.697887619; Command Position: 2.0787996310496912; Output Position: 2.0627354433543332
[2026-04-08 05:10:04,404] INFO: Time: 10.69994629300001; Command Position: 2.0787996310496912; Output Position: 2.062692832776892
[2026-04-08 05:10:04,407] INFO: Time: 10.70201165200001; Command Position: 2.0787996310496912; Output Position: 2.0627354433543332
[2026-04-08 05:10:04,409] INFO: Time: 10.704072585999995; Command Position: 2.0787996310496912; Output Position: 2.0627354433543332
[2026-04-08 05:10:04,411] INFO: Time: 10.706137167000009; Command Position: 2.0787996310496912; Output Position: 2.0627354433543332
[2026-04-08 05:10:04,413] INFO: Time: 10.708196729999997; Command Position: 2.0787996310496912; Output Position: 2.062692832776892
[2026-04-08 05:10:04,415] INFO: Time: 10.710256015999988; Command Position: 2.0787996310496912; Output Position: 2.062692832776892
[2026-04-08 05:10:04,417] INFO: Time: 10.712315448999988; Command Position: 2.0787996310496912; Output Position: 2.062692832776892
[2026-04-08 05:10:04,419] INFO: Time: 10.714374272000015; Command Position: 2.0787996310496912; Output Position: 2.0627780539317744
[2026-04-08 05:10:04,421] INFO: Time: 10.716436372000004; Command Position: 2.0787996310496912; Output Position: 2.0627354433543332
[2026-04-08 05:10:04,423] INFO: Time: 10.718498156999999; Command Position: 2.0787996310496912; Output Position: 2.062692832776892
[2026-04-08 05:10:04,425] INFO: Time: 10.720557054000011; Command Position: 2.0787996310496912; Output Position: 2.0627354433543332
[2026-04-08 05:10:04,427] INFO: Time: 10.722615875999992; Command Position: 2.0787996310496912; Output Position: 2.0627354433543332
[2026-04-08 05:10:04,429] INFO: Time: 10.724674754000006; Command Position: 2.0787996310496912; Output Position: 2.0627780539317744
[2026-04-08 05:10:04,431] INFO: Time: 10.726734687000004; Command Position: 2.0787996310496912; Output Position: 2.062692832776892
[2026-04-08 05:10:04,433] INFO: Time: 10.728793083999989; Command Position: 2.0787996310496912; Output Position: 2.0627354433543332
[2026-04-08 05:10:04,435] INFO: Time: 10.730852795000004; Command Position: 2.0787996310496912; Output Position: 2.0627780539317744
[2026-04-08 05:10:04,437] INFO: Time: 10.732913932000002; Command Position: 2.0787996310496912; Output Position: 2.0627354433543332
[2026-04-08 05:10:04,440] INFO: Time: 10.734988828000013; Command Position: 2.0787996310496912; Output Position: 2.0627354433543332
[2026-04-08 05:10:04,442] INFO: Time: 10.737057762000006; Command Position: 2.0787996310496912; Output Position: 2.0627354433543332
[2026-04-08 05:10:04,444] INFO: Time: 10.739120103000005; Command Position: 2.0787996310496912; Output Position: 2.0627354433543332
[2026-04-08 05:10:04,446] INFO: Time: 10.741180665999991; Command Position: 2.0787996310496912; Output Position: 2.0627354433543332
[2026-04-08 05:10:04,448] INFO: Time: 10.743239173000006; Command Position: 2.0787996310496912; Output Position: 2.0627780539317744
[2026-04-08 05:10:04,450] INFO: Time: 10.745304440000012; Command Position: 2.0787996310496912; Output Position: 2.062692832776892
[2026-04-08 05:10:04,452] INFO: Time: 10.747364113999993; Command Position: 2.0787996310496912; Output Position: 2.0627354433543332
[2026-04-08 05:10:04,454] INFO: Time: 10.749423659000001; Command Position: 2.0787996310496912; Output Position: 2.062692832776892
[2026-04-08 05:10:04,456] INFO: Time: 10.751482815000003; Command Position: 2.0787996310496912; Output Position: 2.0627354433543332
[2026-04-08 05:10:04,458] INFO: Time: 10.753541562999999; Command Position: 2.0787996310496912; Output Position: 2.0627354433543332
[2026-04-08 05:10:04,460] INFO: Time: 10.755600514999998; Command Position: 2.0787996310496912; Output Position: 2.062692832776892
[2026-04-08 05:10:04,462] INFO: Time: 10.7576593; Command Position: 2.0787996310496912; Output Position: 2.0627354433543332
[2026-04-08 05:10:04,464] INFO: Time: 10.759726492999988; Command Position: 2.0787996310496912; Output Position: 2.0627354433543332
[2026-04-08 05:10:04,466] INFO: Time: 10.761787018999996; Command Position: 2.0787996310496912; Output Position: 2.0627354433543332
[2026-04-08 05:10:04,468] INFO: Time: 10.76384554500001; Command Position: 2.0787996310496912; Output Position: 2.062692832776892
[2026-04-08 05:10:04,470] INFO: Time: 10.765918255999992; Command Position: 2.0787996310496912; Output Position: 2.0627354433543332
[2026-04-08 05:10:04,473] INFO: Time: 10.767977486000007; Command Position: 2.0787996310496912; Output Position: 2.0627354433543332
[2026-04-08 05:10:04,475] INFO: Time: 10.77004001200001; Command Position: 2.0787996310496912; Output Position: 2.0627354433543332
[2026-04-08 05:10:04,477] INFO: Time: 10.772107890000001; Command Position: 2.0787996310496912; Output Position: 2.0627354433543332
[2026-04-08 05:10:04,479] INFO: Time: 10.774167304999992; Command Position: 2.0787996310496912; Output Position: 2.0627780539317744
[2026-04-08 05:10:04,481] INFO: Time: 10.776226127000001; Command Position: 2.0787996310496912; Output Position: 2.0627354433543332
[2026-04-08 05:10:04,483] INFO: Time: 10.778284764000006; Command Position: 2.0787996310496912; Output Position: 2.0627780539317744
[2026-04-08 05:10:04,485] INFO: Time: 10.780343420000008; Command Position: 2.0787996310496912; Output Position: 2.0627780539317744
[2026-04-08 05:10:04,487] INFO: Time: 10.782401797999995; Command Position: 2.0787996310496912; Output Position: 2.0627354433543332
[2026-04-08 05:10:04,489] INFO: Time: 10.784466508999998; Command Position: 2.0787996310496912; Output Position: 2.0627354433543332
[2026-04-08 05:10:04,491] INFO: Time: 10.786527554000003; Command Position: 2.0787996310496912; Output Position: 2.062820664509216
[2026-04-08 05:10:04,493] INFO: Time: 10.78858593199999; Command Position: 2.0787996310496912; Output Position: 2.0627780539317744
[2026-04-08 05:10:04,495] INFO: Time: 10.790644439000005; Command Position: 2.0787996310496912; Output Position: 2.0627780539317744
[2026-04-08 05:10:04,497] INFO: Time: 10.792702910000003; Command Position: 2.0787996310496912; Output Position: 2.0627354433543332
[2026-04-08 05:10:04,499] INFO: Time: 10.79476128799999; Command Position: 2.0787996310496912; Output Position: 2.0627354433543332
[2026-04-08 05:10:04,501] INFO: Time: 10.796820109999999; Command Position: 2.0787996310496912; Output Position: 2.0627780539317744
[2026-04-08 05:10:04,503] INFO: Time: 10.798878691999988; Command Position: 2.0787996310496912; Output Position: 2.0627354433543332
[2026-04-08 05:10:04,506] INFO: Time: 10.800943366000013; Command Position: 2.0787996310496912; Output Position: 2.0627780539317744
[2026-04-08 05:10:04,508] INFO: Time: 10.803006411000013; Command Position: 2.0787996310496912; Output Position: 2.0627354433543332
[2026-04-08 05:10:04,510] INFO: Time: 10.805065659000007; Command Position: 2.0787996310496912; Output Position: 2.0627354433543332
[2026-04-08 05:10:04,512] INFO: Time: 10.807124388999995; Command Position: 2.0787996310496912; Output Position: 2.0627354433543332
[2026-04-08 05:10:04,514] INFO: Time: 10.809183026; Command Position: 2.0787996310496912; Output Position: 2.062650222199451
[2026-04-08 05:10:04,516] INFO: Time: 10.811241848000009; Command Position: 2.0787996310496912; Output Position: 2.0627780539317744
[2026-04-08 05:10:04,518] INFO: Time: 10.813302577999991; Command Position: 2.0787996310496912; Output Position: 2.0627354433543332
[2026-04-08 05:10:04,520] INFO: Time: 10.815362252; Command Position: 2.0787996310496912; Output Position: 2.0627354433543332
[2026-04-08 05:10:04,522] INFO: Time: 10.81742129700001; Command Position: 2.0787996310496912; Output Position: 2.0627354433543332
[2026-04-08 05:10:04,524] INFO: Time: 10.819488064000012; Command Position: 2.0787996310496912; Output Position: 2.0627780539317744
[2026-04-08 05:10:04,526] INFO: Time: 10.821547701000014; Command Position: 2.0787996310496912; Output Position: 2.062692832776892
[2026-04-08 05:10:04,528] INFO: Time: 10.823606708; Command Position: 2.0787996310496912; Output Position: 2.0627780539317744
[2026-04-08 05:10:04,530] INFO: Time: 10.825665253000011; Command Position: 2.0787996310496912; Output Position: 2.0627780539317744
[2026-04-08 05:10:04,532] INFO: Time: 10.827730464000012; Command Position: 2.0787996310496912; Output Position: 2.0627354433543332
[2026-04-08 05:10:04,534] INFO: Time: 10.829791693999994; Command Position: 2.0787996310496912; Output Position: 2.0627354433543332
[2026-04-08 05:10:04,536] INFO: Time: 10.831850368000005; Command Position: 2.0787996310496912; Output Position: 2.0627354433543332
[2026-04-08 05:10:04,538] INFO: Time: 10.833930245999994; Command Position: 2.0787996310496912; Output Position: 2.062692832776892
[2026-04-08 05:10:04,541] INFO: Time: 10.83599092; Command Position: 2.0787996310496912; Output Position: 2.0627354433543332
[2026-04-08 05:10:04,543] INFO: Time: 10.838049872; Command Position: 2.0787996310496912; Output Position: 2.0627354433543332
[2026-04-08 05:10:04,545] INFO: Time: 10.84011400899999; Command Position: 2.0787996310496912; Output Position: 2.0627354433543332
[2026-04-08 05:10:04,547] INFO: Time: 10.84217233199999; Command Position: 2.0787996310496912; Output Position: 2.0627780539317744
[2026-04-08 05:10:04,549] INFO: Time: 10.844231487000002; Command Position: 2.0787996310496912; Output Position: 2.0627354433543332
[2026-04-08 05:10:04,551] INFO: Time: 10.846298364999996; Command Position: 2.0787996310496912; Output Position: 2.0627354433543332
[2026-04-08 05:10:04,553] INFO: Time: 10.84835966899999; Command Position: 2.0787996310496912; Output Position: 2.0627354433543332
[2026-04-08 05:10:04,555] INFO: Time: 10.85041812099999; Command Position: 2.0787996310496912; Output Position: 2.062820664509216
[2026-04-08 05:10:04,557] INFO: Time: 10.852477017000012; Command Position: 2.0787996310496912; Output Position: 2.0627780539317744
[2026-04-08 05:10:04,559] INFO: Time: 10.854535524999989; Command Position: 2.0787996310496912; Output Position: 2.0627780539317744
[2026-04-08 05:10:04,561] INFO: Time: 10.856594625000014; Command Position: 2.0787996310496912; Output Position: 2.0627780539317744
[2026-04-08 05:10:04,563] INFO: Time: 10.858661039999987; Command Position: 2.0787996310496912; Output Position: 2.062692832776892
[2026-04-08 05:10:04,565] INFO: Time: 10.860720603000004; Command Position: 2.0787996310496912; Output Position: 2.0627354433543332
[2026-04-08 05:10:04,567] INFO: Time: 10.862779313999994; Command Position: 2.0787996310496912; Output Position: 2.0627354433543332
[2026-04-08 05:10:04,569] INFO: Time: 10.864837859000005; Command Position: 2.0787996310496912; Output Position: 2.0627354433543332
[2026-04-08 05:10:04,571] INFO: Time: 10.866896644000008; Command Position: 2.0787996310496912; Output Position: 2.062692832776892
[2026-04-08 05:10:04,574] INFO: Time: 10.868961059000014; Command Position: 2.0787996310496912; Output Position: 2.0627780539317744
[2026-04-08 05:10:04,576] INFO: Time: 10.871021066999987; Command Position: 2.0787996310496912; Output Position: 2.0627780539317744
[2026-04-08 05:10:04,578] INFO: Time: 10.873079926000003; Command Position: 2.0787996310496912; Output Position: 2.0627354433543332
[2026-04-08 05:10:04,580] INFO: Time: 10.875138267000011; Command Position: 2.0787996310496912; Output Position: 2.0627354433543332
[2026-04-08 05:10:04,582] INFO: Time: 10.877197940999991; Command Position: 2.0787996310496912; Output Position: 2.0627780539317744
[2026-04-08 05:10:04,584] INFO: Time: 10.879261633999988; Command Position: 2.0787996310496912; Output Position: 2.0627354433543332
[2026-04-08 05:10:04,586] INFO: Time: 10.881321622999991; Command Position: 2.0787996310496912; Output Position: 2.0627354433543332
[2026-04-08 05:10:04,588] INFO: Time: 10.883381796999998; Command Position: 2.0787996310496912; Output Position: 2.0627780539317744
[2026-04-08 05:10:04,590] INFO: Time: 10.885442379000011; Command Position: 2.0787996310496912; Output Position: 2.0627780539317744
[2026-04-08 05:10:04,592] INFO: Time: 10.887501256999997; Command Position: 2.0787996310496912; Output Position: 2.0627780539317744
[2026-04-08 05:10:04,594] INFO: Time: 10.889560689999996; Command Position: 2.0787996310496912; Output Position: 2.0627354433543332
[2026-04-08 05:10:04,596] INFO: Time: 10.89162623499999; Command Position: 2.0787996310496912; Output Position: 2.0627354433543332
[2026-04-08 05:10:04,598] INFO: Time: 10.893686556999995; Command Position: 2.0787996310496912; Output Position: 2.062692832776892
[2026-04-08 05:10:04,600] INFO: Time: 10.895745527999992; Command Position: 2.0787996310496912; Output Position: 2.0627354433543332
[2026-04-08 05:10:04,602] INFO: Time: 10.897803312999997; Command Position: 2.0787996310496912; Output Position: 2.0627780539317744
[2026-04-08 05:10:04,604] INFO: Time: 10.899862747000014; Command Position: 2.0787996310496912; Output Position: 2.0627780539317744
[2026-04-08 05:10:04,606] INFO: Time: 10.90192488400001; Command Position: 2.0787996310496912; Output Position: 2.0627780539317744
[2026-04-08 05:10:04,609] INFO: Time: 10.903983557999993; Command Position: 2.0787996310496912; Output Position: 2.0627354433543332
[2026-04-08 05:10:04,611] INFO: Time: 10.906041936000008; Command Position: 2.0787996310496912; Output Position: 2.0627354433543332
[2026-04-08 05:10:04,613] INFO: Time: 10.908101740000006; Command Position: 2.0787996310496912; Output Position: 2.0627354433543332
[2026-04-08 05:10:04,615] INFO: Time: 10.910168303000006; Command Position: 2.0787996310496912; Output Position: 2.062820664509216
[2026-04-08 05:10:04,615] DEBUG: [DephyActuator]  Exiting Position control mode.
