[2026-05-11 05:50:52,901] DEBUG: Started tracking variable: Encoder Position
[2026-05-11 05:50:52,901] INFO: Opening encoder communication: EncoderBase
[2026-05-11 05:50:52,903] INFO: Time: 5.485200017574243e-05; Encoder Angle: 99.931640625;
[2026-05-11 05:50:52,913] INFO: Time: 0.01006260500003009; Encoder Angle: 99.931640625;
[2026-05-11 05:50:52,923] INFO: Time: 0.020122654000033435; Encoder Angle: 99.931640625;
[2026-05-11 05:50:52,934] INFO: Time: 0.030187684000111403; Encoder Angle: 99.90966796875;
[2026-05-11 05:50:52,944] INFO: Time: 0.04025062200003049; Encoder Angle: 99.90966796875;
[2026-05-11 05:50:52,954] INFO: Time: 0.05031196700019791; Encoder Angle: 99.95361328125;
[2026-05-11 05:50:52,964] INFO: Time: 0.060376387000133036; Encoder Angle: 99.95361328125;
[2026-05-11 05:50:52,974] INFO: Time: 0.07044108400009463; Encoder Angle: 99.95361328125;
[2026-05-11 05:50:52,984] INFO: Time: 0.0805027250000876; Encoder Angle: 99.95361328125;
[2026-05-11 05:50:52,994] INFO: Time: 0.09056084799999553; Encoder Angle: 99.931640625;
[2026-05-11 05:50:53,004] INFO: Time: 0.10062360100005208; Encoder Angle: 99.90966796875;
[2026-05-11 05:50:53,014] INFO: Time: 0.11069146500017268; Encoder Angle: 99.95361328125;
[2026-05-11 05:50:53,024] INFO: Time: 0.12075955099999192; Encoder Angle: 99.95361328125;
[2026-05-11 05:50:53,034] INFO: Time: 0.13083121099998607; Encoder Angle: 99.95361328125;
[2026-05-11 05:50:53,044] INFO: Time: 0.14090040800010684; Encoder Angle: 99.95361328125;
[2026-05-11 05:50:53,054] INFO: Time: 0.1509664940001585; Encoder Angle: 99.931640625;
[2026-05-11 05:50:53,064] INFO: Time: 0.16104328400001577; Encoder Angle: 99.95361328125;
[2026-05-11 05:50:53,074] INFO: Time: 0.17111242600003607; Encoder Angle: 99.9755859375;
[2026-05-11 05:50:53,085] INFO: Time: 0.18117891900010363; Encoder Angle: 99.8876953125;
[2026-05-11 05:50:53,095] INFO: Time: 0.19124648700017133; Encoder Angle: 99.931640625;
[2026-05-11 05:50:53,105] INFO: Time: 0.20131699900002786; Encoder Angle: 99.9755859375;
[2026-05-11 05:50:53,115] INFO: Time: 0.21138221500018517; Encoder Angle: 99.9755859375;
[2026-05-11 05:50:53,125] INFO: Time: 0.22144950400002017; Encoder Angle: 99.90966796875;
[2026-05-11 05:50:53,135] INFO: Time: 0.23151555300000837; Encoder Angle: 99.9755859375;
[2026-05-11 05:50:53,145] INFO: Time: 0.24158113900011813; Encoder Angle: 99.90966796875;
[2026-05-11 05:50:53,155] INFO: Time: 0.25164878100008536; Encoder Angle: 99.9755859375;
[2026-05-11 05:50:53,165] INFO: Time: 0.26171444100009467; Encoder Angle: 99.931640625;
[2026-05-11 05:50:53,175] INFO: Time: 0.27178015700019387; Encoder Angle: 99.9755859375;
[2026-05-11 05:50:53,185] INFO: Time: 0.2818421690001287; Encoder Angle: 99.9755859375;
[2026-05-11 05:50:53,195] INFO: Time: 0.29190312500008986; Encoder Angle: 99.9755859375;
[2026-05-11 05:50:53,205] INFO: Time: 0.301967563000062; Encoder Angle: 99.95361328125;
[2026-05-11 05:50:53,215] INFO: Time: 0.31203111200011335; Encoder Angle: 99.90966796875;
[2026-05-11 05:50:53,225] INFO: Time: 0.3221090310000818; Encoder Angle: 99.95361328125;
[2026-05-11 05:50:53,235] INFO: Time: 0.33217296900011206; Encoder Angle: 99.95361328125;
[2026-05-11 05:50:53,246] INFO: Time: 0.34223755500011066; Encoder Angle: 99.90966796875;
[2026-05-11 05:50:53,256] INFO: Time: 0.35230290100003003; Encoder Angle: 99.931640625;
[2026-05-11 05:50:53,266] INFO: Time: 0.36236478299997543; Encoder Angle: 99.90966796875;
[2026-05-11 05:50:53,276] INFO: Time: 0.3724268880000636; Encoder Angle: 99.95361328125;
[2026-05-11 05:50:53,286] INFO: Time: 0.382488770000009; Encoder Angle: 99.9755859375;
[2026-05-11 05:50:53,296] INFO: Time: 0.3925506890000179; Encoder Angle: 99.931640625;
[2026-05-11 05:50:53,306] INFO: Time: 0.4026124230001642; Encoder Angle: 99.95361328125;
[2026-05-11 05:50:53,316] INFO: Time: 0.41267780600014703; Encoder Angle: 99.931640625;
[2026-05-11 05:50:53,326] INFO: Time: 0.4227382070000658; Encoder Angle: 99.9755859375;
[2026-05-11 05:50:53,336] INFO: Time: 0.4328008110001065; Encoder Angle: 99.9755859375;
[2026-05-11 05:50:53,346] INFO: Time: 0.4428645640000468; Encoder Angle: 99.931640625;
[2026-05-11 05:50:53,356] INFO: Time: 0.45292607600003976; Encoder Angle: 99.931640625;
[2026-05-11 05:50:53,366] INFO: Time: 0.46299206900016543; Encoder Angle: 99.95361328125;
[2026-05-11 05:50:53,376] INFO: Time: 0.47305317400014246; Encoder Angle: 99.931640625;
[2026-05-11 05:50:53,386] INFO: Time: 0.4831162039999981; Encoder Angle: 99.931640625;
[2026-05-11 05:50:53,396] INFO: Time: 0.4931797900001129; Encoder Angle: 99.95361328125;
[2026-05-11 05:50:53,407] INFO: Time: 0.5032438020000427; Encoder Angle: 99.9755859375;
[2026-05-11 05:50:53,417] INFO: Time: 0.5133095370001683; Encoder Angle: 99.931640625;
[2026-05-11 05:50:53,427] INFO: Time: 0.5233706040000925; Encoder Angle: 99.931640625;
[2026-05-11 05:50:53,437] INFO: Time: 0.5334306720001223; Encoder Angle: 99.90966796875;
[2026-05-11 05:50:53,447] INFO: Time: 0.5434922580000148; Encoder Angle: 99.931640625;
[2026-05-11 05:50:53,457] INFO: Time: 0.5535530470001504; Encoder Angle: 99.931640625;
[2026-05-11 05:50:53,467] INFO: Time: 0.5636226700000861; Encoder Angle: 99.931640625;
[2026-05-11 05:50:53,477] INFO: Time: 0.5736845900000844; Encoder Angle: 99.95361328125;
[2026-05-11 05:50:53,487] INFO: Time: 0.5837514910001573; Encoder Angle: 99.90966796875;
[2026-05-11 05:50:53,497] INFO: Time: 0.5938133360000393; Encoder Angle: 99.931640625;
[2026-05-11 05:50:53,507] INFO: Time: 0.6038757370001804; Encoder Angle: 99.95361328125;
[2026-05-11 05:50:53,517] INFO: Time: 0.6139382860001206; Encoder Angle: 99.931640625;
[2026-05-11 05:50:53,527] INFO: Time: 0.624008779000178; Encoder Angle: 99.90966796875;
[2026-05-11 05:50:53,537] INFO: Time: 0.634084588000178; Encoder Angle: 99.90966796875;
[2026-05-11 05:50:53,548] INFO: Time: 0.6441592850001143; Encoder Angle: 99.90966796875;
[2026-05-11 05:50:53,558] INFO: Time: 0.6542277230000764; Encoder Angle: 99.95361328125;
[2026-05-11 05:50:53,568] INFO: Time: 0.6643327720000798; Encoder Angle: 99.90966796875;
[2026-05-11 05:50:53,578] INFO: Time: 0.6744028210000579; Encoder Angle: 99.931640625;
[2026-05-11 05:50:53,588] INFO: Time: 0.6844865370001116; Encoder Angle: 99.95361328125;
[2026-05-11 05:50:53,598] INFO: Time: 0.6945654010000908; Encoder Angle: 99.931640625;
[2026-05-11 05:50:53,608] INFO: Time: 0.7046364310001536; Encoder Angle: 99.84375;
[2026-05-11 05:50:53,618] INFO: Time: 0.714703739000015; Encoder Angle: 99.90966796875;
[2026-05-11 05:50:53,628] INFO: Time: 0.7247694920001777; Encoder Angle: 99.931640625;
[2026-05-11 05:50:53,638] INFO: Time: 0.7348359669999809; Encoder Angle: 99.931640625;
[2026-05-11 05:50:53,648] INFO: Time: 0.7448992570000428; Encoder Angle: 99.931640625;
[2026-05-11 05:50:53,658] INFO: Time: 0.7549660470001527; Encoder Angle: 99.8876953125;
[2026-05-11 05:50:53,668] INFO: Time: 0.7650300770001195; Encoder Angle: 99.931640625;
[2026-05-11 05:50:53,678] INFO: Time: 0.7750958110000283; Encoder Angle: 99.95361328125;
[2026-05-11 05:50:53,688] INFO: Time: 0.7851594710000427; Encoder Angle: 99.95361328125;
[2026-05-11 05:50:53,699] INFO: Time: 0.7952262240000891; Encoder Angle: 100.01953125;
[2026-05-11 05:50:53,709] INFO: Time: 0.8052901800001564; Encoder Angle: 99.95361328125;
[2026-05-11 05:50:53,719] INFO: Time: 0.8153574890000073; Encoder Angle: 99.9755859375;
[2026-05-11 05:50:53,729] INFO: Time: 0.825423408000006; Encoder Angle: 99.9755859375;
[2026-05-11 05:50:53,739] INFO: Time: 0.8354876610001156; Encoder Angle: 99.90966796875;
[2026-05-11 05:50:53,749] INFO: Time: 0.8455527650000931; Encoder Angle: 99.95361328125;
[2026-05-11 05:50:53,759] INFO: Time: 0.8556170550000388; Encoder Angle: 99.90966796875;
[2026-05-11 05:50:53,769] INFO: Time: 0.8656803999999738; Encoder Angle: 99.95361328125;
[2026-05-11 05:50:53,779] INFO: Time: 0.8757472639999833; Encoder Angle: 99.8876953125;
[2026-05-11 05:50:53,789] INFO: Time: 0.8858119430001352; Encoder Angle: 99.95361328125;
[2026-05-11 05:50:53,799] INFO: Time: 0.8958791400000337; Encoder Angle: 99.931640625;
[2026-05-11 05:50:53,809] INFO: Time: 0.9059420590001537; Encoder Angle: 99.90966796875;
[2026-05-11 05:50:53,819] INFO: Time: 0.9160081080001419; Encoder Angle: 99.90966796875;
[2026-05-11 05:50:53,829] INFO: Time: 0.9260789910001677; Encoder Angle: 99.9755859375;
[2026-05-11 05:50:53,839] INFO: Time: 0.936144984000066; Encoder Angle: 99.95361328125;
[2026-05-11 05:50:53,850] INFO: Time: 0.9462091070001861; Encoder Angle: 99.9755859375;
[2026-05-11 05:50:53,860] INFO: Time: 0.9562747670001954; Encoder Angle: 99.86572265625;
[2026-05-11 05:50:53,870] INFO: Time: 0.9663388720000512; Encoder Angle: 99.90966796875;
[2026-05-11 05:50:53,880] INFO: Time: 0.9764037360000657; Encoder Angle: 99.95361328125;
[2026-05-11 05:50:53,890] INFO: Time: 0.9864677479999955; Encoder Angle: 99.90966796875;
[2026-05-11 05:50:53,900] INFO: Time: 0.996534223000026; Encoder Angle: 99.90966796875;
[2026-05-11 05:50:53,910] INFO: Time: 1.0065978830000404; Encoder Angle: 99.931640625;
[2026-05-11 05:50:53,920] INFO: Time: 1.0166627470000549; Encoder Angle: 99.90966796875;
[2026-05-11 05:50:53,930] INFO: Time: 1.026728703000117; Encoder Angle: 99.95361328125;
[2026-05-11 05:50:53,940] INFO: Time: 1.0367933630000152; Encoder Angle: 99.90966796875;
[2026-05-11 05:50:53,950] INFO: Time: 1.0468568570001935; Encoder Angle: 99.90966796875;
[2026-05-11 05:50:53,960] INFO: Time: 1.0569223130000864; Encoder Angle: 99.99755859375;
[2026-05-11 05:50:53,970] INFO: Time: 1.066987270000027; Encoder Angle: 99.90966796875;
[2026-05-11 05:50:53,980] INFO: Time: 1.0770525960001578; Encoder Angle: 99.931640625;
[2026-05-11 05:50:53,990] INFO: Time: 1.087118645000146; Encoder Angle: 99.931640625;
[2026-05-11 05:50:54,001] INFO: Time: 1.097185287000002; Encoder Angle: 99.931640625;
[2026-05-11 05:50:54,011] INFO: Time: 1.1072477620000427; Encoder Angle: 99.931640625;
[2026-05-11 05:50:54,021] INFO: Time: 1.1173208850000265; Encoder Angle: 99.9755859375;
[2026-05-11 05:50:54,031] INFO: Time: 1.1273908970001685; Encoder Angle: 99.95361328125;
[2026-05-11 05:50:54,041] INFO: Time: 1.1374586130000353; Encoder Angle: 99.90966796875;
[2026-05-11 05:50:54,051] INFO: Time: 1.1475289390000398; Encoder Angle: 99.931640625;
[2026-05-11 05:50:54,061] INFO: Time: 1.1575979330000337; Encoder Angle: 99.931640625;
[2026-05-11 05:50:54,071] INFO: Time: 1.1676658339999904; Encoder Angle: 99.931640625;
[2026-05-11 05:50:54,081] INFO: Time: 1.177729994000174; Encoder Angle: 99.931640625;
[2026-05-11 05:50:54,091] INFO: Time: 1.1878077840001424; Encoder Angle: 99.8876953125;
[2026-05-11 05:50:54,101] INFO: Time: 1.197881796000047; Encoder Angle: 99.9755859375;
[2026-05-11 05:50:54,111] INFO: Time: 1.207950622999988; Encoder Angle: 99.9755859375;
[2026-05-11 05:50:54,121] INFO: Time: 1.2180154120001134; Encoder Angle: 99.9755859375;
[2026-05-11 05:50:54,131] INFO: Time: 1.228080202000001; Encoder Angle: 99.90966796875;
[2026-05-11 05:50:54,141] INFO: Time: 1.2381424360000892; Encoder Angle: 99.9755859375;
[2026-05-11 05:50:54,152] INFO: Time: 1.248206226000093; Encoder Angle: 99.9755859375;
[2026-05-11 05:50:54,162] INFO: Time: 1.2582665160000488; Encoder Angle: 99.90966796875;
[2026-05-11 05:50:54,172] INFO: Time: 1.2683286569999837; Encoder Angle: 99.931640625;
[2026-05-11 05:50:54,182] INFO: Time: 1.278388484000061; Encoder Angle: 99.931640625;
[2026-05-11 05:50:54,192] INFO: Time: 1.2884495150001385; Encoder Angle: 99.9755859375;
[2026-05-11 05:50:54,202] INFO: Time: 1.2985108039999886; Encoder Angle: 99.931640625;
[2026-05-11 05:50:54,212] INFO: Time: 1.3085725750001984; Encoder Angle: 99.95361328125;
[2026-05-11 05:50:54,222] INFO: Time: 1.3186345500000698; Encoder Angle: 99.90966796875;
[2026-05-11 05:50:54,232] INFO: Time: 1.3287015440000687; Encoder Angle: 99.95361328125;
[2026-05-11 05:50:54,242] INFO: Time: 1.3387606480000613; Encoder Angle: 99.95361328125;
[2026-05-11 05:50:54,252] INFO: Time: 1.3488278639999862; Encoder Angle: 99.95361328125;
[2026-05-11 05:50:54,262] INFO: Time: 1.3588909500001591; Encoder Angle: 99.95361328125;
[2026-05-11 05:50:54,272] INFO: Time: 1.3689536840001892; Encoder Angle: 99.931640625;
[2026-05-11 05:50:54,282] INFO: Time: 1.379018288999987; Encoder Angle: 99.90966796875;
[2026-05-11 05:50:54,292] INFO: Time: 1.3890802640000857; Encoder Angle: 99.95361328125;
[2026-05-11 05:50:54,302] INFO: Time: 1.399147757000037; Encoder Angle: 99.931640625;
[2026-05-11 05:50:54,313] INFO: Time: 1.40921047300003; Encoder Angle: 99.931640625;
[2026-05-11 05:50:54,323] INFO: Time: 1.4192732260000867; Encoder Angle: 99.86572265625;
[2026-05-11 05:50:54,333] INFO: Time: 1.429338275000191; Encoder Angle: 99.931640625;
[2026-05-11 05:50:54,343] INFO: Time: 1.4394012870000097; Encoder Angle: 99.9755859375;
[2026-05-11 05:50:54,353] INFO: Time: 1.4494647060000716; Encoder Angle: 99.8876953125;
[2026-05-11 05:50:54,363] INFO: Time: 1.4595312550000017; Encoder Angle: 99.931640625;
[2026-05-11 05:50:54,373] INFO: Time: 1.469593211000074; Encoder Angle: 99.99755859375;
[2026-05-11 05:50:54,383] INFO: Time: 1.4796597970000676; Encoder Angle: 99.95361328125;
[2026-05-11 05:50:54,393] INFO: Time: 1.489722864999976; Encoder Angle: 99.931640625;
[2026-05-11 05:50:54,403] INFO: Time: 1.4997878579999906; Encoder Angle: 99.9755859375;
[2026-05-11 05:50:54,413] INFO: Time: 1.5098506300000736; Encoder Angle: 99.95361328125;
[2026-05-11 05:50:54,423] INFO: Time: 1.5199154930000986; Encoder Angle: 99.9755859375;
[2026-05-11 05:50:54,433] INFO: Time: 1.5299828199999865; Encoder Angle: 99.9755859375;
[2026-05-11 05:50:54,443] INFO: Time: 1.5400468880000062; Encoder Angle: 99.931640625;
[2026-05-11 05:50:54,453] INFO: Time: 1.5501093810000839; Encoder Angle: 99.95361328125;
[2026-05-11 05:50:54,464] INFO: Time: 1.5601840599999832; Encoder Angle: 99.90966796875;
[2026-05-11 05:50:54,474] INFO: Time: 1.570244313000103; Encoder Angle: 99.931640625;
[2026-05-11 05:50:54,484] INFO: Time: 1.5803091210000275; Encoder Angle: 99.9755859375;
[2026-05-11 05:50:54,494] INFO: Time: 1.5903721510001105; Encoder Angle: 99.9755859375;
[2026-05-11 05:50:54,504] INFO: Time: 1.6004346820000137; Encoder Angle: 99.95361328125;
[2026-05-11 05:50:54,514] INFO: Time: 1.610503860000108; Encoder Angle: 99.95361328125;
[2026-05-11 05:50:54,524] INFO: Time: 1.6205679839999902; Encoder Angle: 99.90966796875;
[2026-05-11 05:50:54,534] INFO: Time: 1.6306294210000942; Encoder Angle: 99.931640625;
[2026-05-11 05:50:54,544] INFO: Time: 1.6406905070000448; Encoder Angle: 99.931640625;
[2026-05-11 05:50:54,554] INFO: Time: 1.6507550010001069; Encoder Angle: 99.931640625;
[2026-05-11 05:50:54,564] INFO: Time: 1.6608231050001905; Encoder Angle: 99.931640625;
[2026-05-11 05:50:54,574] INFO: Time: 1.6709323400000358; Encoder Angle: 99.9755859375;
[2026-05-11 05:50:54,584] INFO: Time: 1.6810082409999723; Encoder Angle: 99.931640625;
[2026-05-11 05:50:54,594] INFO: Time: 1.691088438000179; Encoder Angle: 99.931640625;
[2026-05-11 05:50:54,605] INFO: Time: 1.701169802000095; Encoder Angle: 99.95361328125;
[2026-05-11 05:50:54,615] INFO: Time: 1.7112375920000886; Encoder Angle: 99.95361328125;
[2026-05-11 05:50:54,625] INFO: Time: 1.721302641000193; Encoder Angle: 99.931640625;
[2026-05-11 05:50:54,635] INFO: Time: 1.7313626340001065; Encoder Angle: 99.90966796875;
[2026-05-11 05:50:54,645] INFO: Time: 1.7414214980001361; Encoder Angle: 99.9755859375;
[2026-05-11 05:50:54,655] INFO: Time: 1.7514891770001668; Encoder Angle: 99.95361328125;
[2026-05-11 05:50:54,665] INFO: Time: 1.7615495960001226; Encoder Angle: 99.931640625;
[2026-05-11 05:50:54,675] INFO: Time: 1.7716089600000942; Encoder Angle: 99.9755859375;
[2026-05-11 05:50:54,685] INFO: Time: 1.7816758980000031; Encoder Angle: 99.90966796875;
[2026-05-11 05:50:54,695] INFO: Time: 1.7917417430001024; Encoder Angle: 99.931640625;
[2026-05-11 05:50:54,705] INFO: Time: 1.801802921999979; Encoder Angle: 99.931640625;
[2026-05-11 05:50:54,715] INFO: Time: 1.8118712479999886; Encoder Angle: 99.9755859375;
[2026-05-11 05:50:54,725] INFO: Time: 1.8219315010001083; Encoder Angle: 99.95361328125;
[2026-05-11 05:50:54,735] INFO: Time: 1.8319917349999741; Encoder Angle: 99.90966796875;
[2026-05-11 05:50:54,745] INFO: Time: 1.8420511360000091; Encoder Angle: 99.90966796875;
[2026-05-11 05:50:54,755] INFO: Time: 1.8521196670001245; Encoder Angle: 99.931640625;
[2026-05-11 05:50:54,765] INFO: Time: 1.8621805120001227; Encoder Angle: 99.9755859375;
[2026-05-11 05:50:54,776] INFO: Time: 1.8722410420000415; Encoder Angle: 99.90966796875;
[2026-05-11 05:50:54,786] INFO: Time: 1.8823081100001673; Encoder Angle: 99.95361328125;
[2026-05-11 05:50:54,796] INFO: Time: 1.8923726030000125; Encoder Angle: 99.95361328125;
[2026-05-11 05:50:54,806] INFO: Time: 1.902433856000016; Encoder Angle: 99.931640625;
[2026-05-11 05:50:54,816] INFO: Time: 1.9125003310000466; Encoder Angle: 99.95361328125;
[2026-05-11 05:50:54,826] INFO: Time: 1.922560398000087; Encoder Angle: 99.9755859375;
[2026-05-11 05:50:54,836] INFO: Time: 1.9326285590000225; Encoder Angle: 99.8876953125;
[2026-05-11 05:50:54,846] INFO: Time: 1.9426938670001164; Encoder Angle: 99.90966796875;
[2026-05-11 05:50:54,856] INFO: Time: 1.9527592310000728; Encoder Angle: 99.95361328125;
[2026-05-11 05:50:54,866] INFO: Time: 1.9628204650000498; Encoder Angle: 99.9755859375;
[2026-05-11 05:50:54,876] INFO: Time: 1.9728808470001695; Encoder Angle: 99.90966796875;
[2026-05-11 05:50:54,886] INFO: Time: 1.982945729999983; Encoder Angle: 99.931640625;
[2026-05-11 05:50:54,896] INFO: Time: 1.9930097970000134; Encoder Angle: 99.95361328125;
[2026-05-11 05:50:54,906] INFO: Time: 2.00307273500016; Encoder Angle: 99.95361328125;
[2026-05-11 05:50:54,916] INFO: Time: 2.0131361360001847; Encoder Angle: 99.95361328125;
[2026-05-11 05:50:54,927] INFO: Time: 2.0231994440000562; Encoder Angle: 99.9755859375;
[2026-05-11 05:50:54,937] INFO: Time: 2.033261641000081; Encoder Angle: 99.95361328125;
[2026-05-11 05:50:54,947] INFO: Time: 2.043328486000064; Encoder Angle: 99.9755859375;
[2026-05-11 05:50:54,957] INFO: Time: 2.0533889430000727; Encoder Angle: 99.9755859375;
[2026-05-11 05:50:54,967] INFO: Time: 2.063451899000029; Encoder Angle: 99.9755859375;
[2026-05-11 05:50:54,977] INFO: Time: 2.073515929999985; Encoder Angle: 99.931640625;
[2026-05-11 05:50:54,987] INFO: Time: 2.083578256999999; Encoder Angle: 99.931640625;
[2026-05-11 05:50:54,997] INFO: Time: 2.093641972000114; Encoder Angle: 99.95361328125;
[2026-05-11 05:50:55,007] INFO: Time: 2.103703540000197; Encoder Angle: 99.95361328125;
[2026-05-11 05:50:55,017] INFO: Time: 2.1137672740001108; Encoder Angle: 99.90966796875;
[2026-05-11 05:50:55,027] INFO: Time: 2.1238356930000464; Encoder Angle: 99.9755859375;
[2026-05-11 05:50:55,037] INFO: Time: 2.133898668000029; Encoder Angle: 99.95361328125;
[2026-05-11 05:50:55,047] INFO: Time: 2.1439659580000807; Encoder Angle: 99.90966796875;
[2026-05-11 05:50:55,057] INFO: Time: 2.154029229000116; Encoder Angle: 99.95361328125;
[2026-05-11 05:50:55,067] INFO: Time: 2.164091426000141; Encoder Angle: 99.95361328125;
[2026-05-11 05:50:55,077] INFO: Time: 2.1741552160001447; Encoder Angle: 99.931640625;
[2026-05-11 05:50:55,088] INFO: Time: 2.1842178020001484; Encoder Angle: 99.9755859375;
[2026-05-11 05:50:55,098] INFO: Time: 2.194289981000111; Encoder Angle: 99.9755859375;
[2026-05-11 05:50:55,108] INFO: Time: 2.204354326000157; Encoder Angle: 99.931640625;
[2026-05-11 05:50:55,118] INFO: Time: 2.2144167080000443; Encoder Angle: 99.931640625;
[2026-05-11 05:50:55,128] INFO: Time: 2.2244786460000796; Encoder Angle: 99.9755859375;
[2026-05-11 05:50:55,138] INFO: Time: 2.23454499200011; Encoder Angle: 99.90966796875;
[2026-05-11 05:50:55,148] INFO: Time: 2.244613837000088; Encoder Angle: 99.95361328125;
[2026-05-11 05:50:55,158] INFO: Time: 2.2546762930001023; Encoder Angle: 99.931640625;
[2026-05-11 05:50:55,168] INFO: Time: 2.2647418420001486; Encoder Angle: 99.95361328125;
[2026-05-11 05:50:55,178] INFO: Time: 2.274805095000147; Encoder Angle: 99.931640625;
[2026-05-11 05:50:55,188] INFO: Time: 2.2848658479999813; Encoder Angle: 99.931640625;
[2026-05-11 05:50:55,198] INFO: Time: 2.294929063000154; Encoder Angle: 99.95361328125;
[2026-05-11 05:50:55,208] INFO: Time: 2.3049894089999725; Encoder Angle: 99.95361328125;
[2026-05-11 05:50:55,218] INFO: Time: 2.315054198000098; Encoder Angle: 99.95361328125;
[2026-05-11 05:50:55,228] INFO: Time: 2.3251198400000703; Encoder Angle: 99.931640625;
[2026-05-11 05:50:55,238] INFO: Time: 2.3351819450001585; Encoder Angle: 99.95361328125;
[2026-05-11 05:50:55,249] INFO: Time: 2.3452450120000776; Encoder Angle: 99.931640625;
[2026-05-11 05:50:55,259] INFO: Time: 2.355306543000097; Encoder Angle: 99.90966796875;
[2026-05-11 05:50:55,269] INFO: Time: 2.3653669249999894; Encoder Angle: 100.01953125;
[2026-05-11 05:50:55,279] INFO: Time: 2.3754320479999933; Encoder Angle: 99.9755859375;
[2026-05-11 05:50:55,289] INFO: Time: 2.385492708000129; Encoder Angle: 99.931640625;
[2026-05-11 05:50:55,299] INFO: Time: 2.3955552940001326; Encoder Angle: 99.9755859375;
[2026-05-11 05:50:55,309] INFO: Time: 2.4056162130000303; Encoder Angle: 99.9755859375;
[2026-05-11 05:50:55,319] INFO: Time: 2.4156771330001447; Encoder Angle: 99.95361328125;
[2026-05-11 05:50:55,329] INFO: Time: 2.4257415340000534; Encoder Angle: 99.931640625;
[2026-05-11 05:50:55,339] INFO: Time: 2.4358037860001787; Encoder Angle: 99.95361328125;
[2026-05-11 05:50:55,349] INFO: Time: 2.4458662430001823; Encoder Angle: 99.95361328125;
[2026-05-11 05:50:55,359] INFO: Time: 2.455927662000022; Encoder Angle: 99.9755859375;
[2026-05-11 05:50:55,369] INFO: Time: 2.465989692999983; Encoder Angle: 99.9755859375;
[2026-05-11 05:50:55,379] INFO: Time: 2.4760529270001825; Encoder Angle: 99.9755859375;
[2026-05-11 05:50:55,389] INFO: Time: 2.4860875130000295; Encoder Angle: 99.95361328125;
[2026-05-11 05:50:55,399] INFO: Time: 2.496151080000118; Encoder Angle: 99.931640625;
[2026-05-11 05:50:55,410] INFO: Time: 2.506212407000021; Encoder Angle: 99.90966796875;
[2026-05-11 05:50:55,420] INFO: Time: 2.5162751780001145; Encoder Angle: 99.9755859375;
[2026-05-11 05:50:55,430] INFO: Time: 2.526337635000118; Encoder Angle: 99.931640625;
[2026-05-11 05:50:55,440] INFO: Time: 2.536399498000037; Encoder Angle: 99.95361328125;
[2026-05-11 05:50:55,450] INFO: Time: 2.5464623070001835; Encoder Angle: 99.95361328125;
[2026-05-11 05:50:55,460] INFO: Time: 2.556523689000187; Encoder Angle: 99.90966796875;
[2026-05-11 05:50:55,470] INFO: Time: 2.566584794000164; Encoder Angle: 99.95361328125;
[2026-05-11 05:50:55,480] INFO: Time: 2.576649267999983; Encoder Angle: 99.90966796875;
[2026-05-11 05:50:55,490] INFO: Time: 2.5867123919999813; Encoder Angle: 99.931640625;
[2026-05-11 05:50:55,500] INFO: Time: 2.59677951499998; Encoder Angle: 99.95361328125;
[2026-05-11 05:50:55,510] INFO: Time: 2.6068407490001846; Encoder Angle: 99.9755859375;
[2026-05-11 05:50:55,520] INFO: Time: 2.616904446000035; Encoder Angle: 99.95361328125;
[2026-05-11 05:50:55,530] INFO: Time: 2.6269669210000757; Encoder Angle: 99.90966796875;
[2026-05-11 05:50:55,540] INFO: Time: 2.637037803000112; Encoder Angle: 99.95361328125;
[2026-05-11 05:50:55,550] INFO: Time: 2.647102019000158; Encoder Angle: 99.931640625;
[2026-05-11 05:50:55,560] INFO: Time: 2.65716386400004; Encoder Angle: 99.9755859375;
[2026-05-11 05:50:55,571] INFO: Time: 2.667228265000176; Encoder Angle: 100.01953125;
[2026-05-11 05:50:55,581] INFO: Time: 2.6773040360001232; Encoder Angle: 99.90966796875;
[2026-05-11 05:50:55,591] INFO: Time: 2.687369993000175; Encoder Angle: 99.931640625;
[2026-05-11 05:50:55,601] INFO: Time: 2.6974374119999993; Encoder Angle: 99.90966796875;
[2026-05-11 05:50:55,611] INFO: Time: 2.7075021460000244; Encoder Angle: 99.9755859375;
[2026-05-11 05:50:55,621] INFO: Time: 2.7175654180000492; Encoder Angle: 99.99755859375;
[2026-05-11 05:50:55,631] INFO: Time: 2.7276462070001344; Encoder Angle: 99.90966796875;
[2026-05-11 05:50:55,641] INFO: Time: 2.737716608000028; Encoder Angle: 99.931640625;
[2026-05-11 05:50:55,651] INFO: Time: 2.747782324000127; Encoder Angle: 99.931640625;
[2026-05-11 05:50:55,661] INFO: Time: 2.757846132000168; Encoder Angle: 99.95361328125;
[2026-05-11 05:50:55,671] INFO: Time: 2.767908552000108; Encoder Angle: 99.90966796875;
[2026-05-11 05:50:55,681] INFO: Time: 2.7779727300001014; Encoder Angle: 99.95361328125;
[2026-05-11 05:50:55,691] INFO: Time: 2.7880377240001053; Encoder Angle: 99.99755859375;
[2026-05-11 05:50:55,701] INFO: Time: 2.798104847000104; Encoder Angle: 99.9755859375;
[2026-05-11 05:50:55,711] INFO: Time: 2.8081698030000553; Encoder Angle: 99.9755859375;
[2026-05-11 05:50:55,722] INFO: Time: 2.818233760000112; Encoder Angle: 99.95361328125;
[2026-05-11 05:50:55,732] INFO: Time: 2.828298937999989; Encoder Angle: 99.9755859375;
[2026-05-11 05:50:55,742] INFO: Time: 2.8383644130001358; Encoder Angle: 99.95361328125;
[2026-05-11 05:50:55,752] INFO: Time: 2.8484269069999755; Encoder Angle: 99.9755859375;
[2026-05-11 05:50:55,762] INFO: Time: 2.858491696000101; Encoder Angle: 99.95361328125;
[2026-05-11 05:50:55,772] INFO: Time: 2.8685551529999884; Encoder Angle: 99.90966796875;
[2026-05-11 05:50:55,782] INFO: Time: 2.878616591000082; Encoder Angle: 99.90966796875;
[2026-05-11 05:50:55,792] INFO: Time: 2.8886762690001433; Encoder Angle: 99.931640625;
[2026-05-11 05:50:55,802] INFO: Time: 2.898740615000179; Encoder Angle: 99.9755859375;
[2026-05-11 05:50:55,812] INFO: Time: 2.908805015000098; Encoder Angle: 99.931640625;
[2026-05-11 05:50:55,822] INFO: Time: 2.918866027000149; Encoder Angle: 99.9755859375;
[2026-05-11 05:50:55,832] INFO: Time: 2.9289278360001845; Encoder Angle: 99.931640625;
[2026-05-11 05:50:55,842] INFO: Time: 2.9389926250000826; Encoder Angle: 99.931640625;
[2026-05-11 05:50:55,852] INFO: Time: 2.9490546930001074; Encoder Angle: 99.95361328125;
[2026-05-11 05:50:55,862] INFO: Time: 2.9591197419999844; Encoder Angle: 99.931640625;
[2026-05-11 05:50:55,872] INFO: Time: 2.9691809390001254; Encoder Angle: 99.9755859375;
[2026-05-11 05:50:55,883] INFO: Time: 2.9792456550001134; Encoder Angle: 99.9755859375;
[2026-05-11 05:50:55,893] INFO: Time: 2.9893095180000273; Encoder Angle: 99.95361328125;
[2026-05-11 05:50:55,903] INFO: Time: 2.999371604000089; Encoder Angle: 99.99755859375;
[2026-05-11 05:50:55,913] INFO: Time: 3.0094359500001246; Encoder Angle: 99.931640625;
[2026-05-11 05:50:55,923] INFO: Time: 3.0194978690001335; Encoder Angle: 99.931640625;
[2026-05-11 05:50:55,933] INFO: Time: 3.0295605660001; Encoder Angle: 99.90966796875;
[2026-05-11 05:50:55,943] INFO: Time: 3.0396259120000195; Encoder Angle: 99.90966796875;
[2026-05-11 05:50:55,953] INFO: Time: 3.049688794000076; Encoder Angle: 99.9755859375;
[2026-05-11 05:50:55,963] INFO: Time: 3.059753695000154; Encoder Angle: 99.90966796875;
[2026-05-11 05:50:55,973] INFO: Time: 3.069815836000089; Encoder Angle: 99.95361328125;
[2026-05-11 05:50:55,983] INFO: Time: 3.0798770710000554; Encoder Angle: 99.931640625;
[2026-05-11 05:50:55,993] INFO: Time: 3.0899398230001225; Encoder Angle: 99.9755859375;
[2026-05-11 05:50:56,003] INFO: Time: 3.100004187000195; Encoder Angle: 99.95361328125;
[2026-05-11 05:50:56,013] INFO: Time: 3.1100847730001533; Encoder Angle: 99.95361328125;
[2026-05-11 05:50:56,023] INFO: Time: 3.120150581000189; Encoder Angle: 99.90966796875;
[2026-05-11 05:50:56,034] INFO: Time: 3.1302236490000723; Encoder Angle: 99.90966796875;
[2026-05-11 05:50:56,044] INFO: Time: 3.140289457000108; Encoder Angle: 99.95361328125;
[2026-05-11 05:50:56,054] INFO: Time: 3.1503598210001655; Encoder Angle: 99.9755859375;
[2026-05-11 05:50:56,064] INFO: Time: 3.160431647999985; Encoder Angle: 99.99755859375;
[2026-05-11 05:50:56,074] INFO: Time: 3.1704983080001057; Encoder Angle: 99.931640625;
[2026-05-11 05:50:56,084] INFO: Time: 3.1805626720001783; Encoder Angle: 99.95361328125;
[2026-05-11 05:50:56,094] INFO: Time: 3.1906272210001134; Encoder Angle: 99.9755859375;
[2026-05-11 05:50:56,104] INFO: Time: 3.200689751000027; Encoder Angle: 99.9755859375;
[2026-05-11 05:50:56,114] INFO: Time: 3.2107557630001793; Encoder Angle: 99.95361328125;
[2026-05-11 05:50:56,124] INFO: Time: 3.220821757000067; Encoder Angle: 99.931640625;
[2026-05-11 05:50:56,134] INFO: Time: 3.230887991000145; Encoder Angle: 100.01953125;
[2026-05-11 05:50:56,144] INFO: Time: 3.2409506510000483; Encoder Angle: 99.931640625;
[2026-05-11 05:50:56,154] INFO: Time: 3.251014662999978; Encoder Angle: 99.9755859375;
[2026-05-11 05:50:56,164] INFO: Time: 3.261076842000193; Encoder Angle: 99.9755859375;
[2026-05-11 05:50:56,174] INFO: Time: 3.2711413350000385; Encoder Angle: 99.9755859375;
[2026-05-11 05:50:56,185] INFO: Time: 3.2812033659999997; Encoder Angle: 99.9755859375;
[2026-05-11 05:50:56,195] INFO: Time: 3.291267229000141; Encoder Angle: 99.9755859375;
[2026-05-11 05:50:56,205] INFO: Time: 3.3013298530001975; Encoder Angle: 99.931640625;
[2026-05-11 05:50:56,215] INFO: Time: 3.311395235000191; Encoder Angle: 99.931640625;
[2026-05-11 05:50:56,225] INFO: Time: 3.321457469000052; Encoder Angle: 99.931640625;
[2026-05-11 05:50:56,235] INFO: Time: 3.3315221479999764; Encoder Angle: 99.931640625;
[2026-05-11 05:50:56,245] INFO: Time: 3.3415844560001915; Encoder Angle: 99.9755859375;
[2026-05-11 05:50:56,255] INFO: Time: 3.351648968000063; Encoder Angle: 99.931640625;
[2026-05-11 05:50:56,265] INFO: Time: 3.361710609000056; Encoder Angle: 99.931640625;
[2026-05-11 05:50:56,275] INFO: Time: 3.371772344000192; Encoder Angle: 99.931640625;
[2026-05-11 05:50:56,285] INFO: Time: 3.381835633000037; Encoder Angle: 99.931640625;
[2026-05-11 05:50:56,295] INFO: Time: 3.391905238000163; Encoder Angle: 99.9755859375;
[2026-05-11 05:50:56,305] INFO: Time: 3.401968972000077; Encoder Angle: 99.931640625;
[2026-05-11 05:50:56,315] INFO: Time: 3.4120330400000967; Encoder Angle: 99.95361328125;
[2026-05-11 05:50:56,325] INFO: Time: 3.4220944410001266; Encoder Angle: 99.95361328125;
[2026-05-11 05:50:56,335] INFO: Time: 3.4321596750000936; Encoder Angle: 100.01953125;
[2026-05-11 05:50:56,346] INFO: Time: 3.4422277240000767; Encoder Angle: 99.931640625;
[2026-05-11 05:50:56,356] INFO: Time: 3.4522905500000434; Encoder Angle: 99.95361328125;
[2026-05-11 05:50:56,366] INFO: Time: 3.462356525000132; Encoder Angle: 99.931640625;
[2026-05-11 05:50:56,376] INFO: Time: 3.472418723000146; Encoder Angle: 99.95361328125;
[2026-05-11 05:50:56,386] INFO: Time: 3.48248130900015; Encoder Angle: 99.95361328125;
[2026-05-11 05:50:56,396] INFO: Time: 3.4925454320000426; Encoder Angle: 99.9755859375;
[2026-05-11 05:50:56,406] INFO: Time: 3.50260799900002; Encoder Angle: 99.931640625;
[2026-05-11 05:50:56,416] INFO: Time: 3.5126723630000924; Encoder Angle: 99.95361328125;
[2026-05-11 05:50:56,426] INFO: Time: 3.522735152999985; Encoder Angle: 99.931640625;
[2026-05-11 05:50:56,436] INFO: Time: 3.53279855400001; Encoder Angle: 99.9755859375;
[2026-05-11 05:50:56,446] INFO: Time: 3.542861806000019; Encoder Angle: 99.9755859375;
[2026-05-11 05:50:56,456] INFO: Time: 3.5529237810001177; Encoder Angle: 99.9755859375;
[2026-05-11 05:50:56,466] INFO: Time: 3.562988608000069; Encoder Angle: 99.931640625;
[2026-05-11 05:50:56,476] INFO: Time: 3.5730521200000567; Encoder Angle: 99.95361328125;
[2026-05-11 05:50:56,486] INFO: Time: 3.5831163730001663; Encoder Angle: 99.9755859375;
[2026-05-11 05:50:56,496] INFO: Time: 3.5931794960001753; Encoder Angle: 99.99755859375;
[2026-05-11 05:50:56,507] INFO: Time: 3.60324532300001; Encoder Angle: 99.9755859375;
[2026-05-11 05:50:56,517] INFO: Time: 3.613308927000162; Encoder Angle: 99.931640625;
[2026-05-11 05:50:56,527] INFO: Time: 3.6233773460000975; Encoder Angle: 99.90966796875;
[2026-05-11 05:50:56,537] INFO: Time: 3.633440895000149; Encoder Angle: 99.90966796875;
[2026-05-11 05:50:56,547] INFO: Time: 3.6435150560000693; Encoder Angle: 99.931640625;
[2026-05-11 05:50:56,557] INFO: Time: 3.653579196999999; Encoder Angle: 99.95361328125;
[2026-05-11 05:50:56,567] INFO: Time: 3.6636459680000826; Encoder Angle: 99.95361328125;
[2026-05-11 05:50:56,577] INFO: Time: 3.6737098510000123; Encoder Angle: 99.95361328125;
[2026-05-11 05:50:56,587] INFO: Time: 3.6837745850000374; Encoder Angle: 99.931640625;
[2026-05-11 05:50:56,597] INFO: Time: 3.693846653000037; Encoder Angle: 99.8876953125;
[2026-05-11 05:50:56,607] INFO: Time: 3.703909183000178; Encoder Angle: 99.9755859375;
[2026-05-11 05:50:56,617] INFO: Time: 3.713971936000007; Encoder Angle: 99.8876953125;
[2026-05-11 05:50:56,627] INFO: Time: 3.724034429000085; Encoder Angle: 99.95361328125;
[2026-05-11 05:50:56,637] INFO: Time: 3.7340977930000463; Encoder Angle: 99.9755859375;
[2026-05-11 05:50:56,647] INFO: Time: 3.744162657000061; Encoder Angle: 99.95361328125;
[2026-05-11 05:50:56,658] INFO: Time: 3.754225558000144; Encoder Angle: 99.95361328125;
[2026-05-11 05:50:56,668] INFO: Time: 3.7642877920000046; Encoder Angle: 99.90966796875;
[2026-05-11 05:50:56,678] INFO: Time: 3.7743549330000405; Encoder Angle: 99.95361328125;
[2026-05-11 05:50:56,688] INFO: Time: 3.7844204450000234; Encoder Angle: 99.931640625;
[2026-05-11 05:50:56,698] INFO: Time: 3.7944832719999795; Encoder Angle: 99.95361328125;
[2026-05-11 05:50:56,708] INFO: Time: 3.804545432000168; Encoder Angle: 99.95361328125;
[2026-05-11 05:50:56,718] INFO: Time: 3.814608055000008; Encoder Angle: 99.931640625;
[2026-05-11 05:50:56,728] INFO: Time: 3.8246714010001597; Encoder Angle: 99.931640625;
[2026-05-11 05:50:56,738] INFO: Time: 3.834735783000042; Encoder Angle: 99.95361328125;
[2026-05-11 05:50:56,748] INFO: Time: 3.84479788800013; Encoder Angle: 99.90966796875;
[2026-05-11 05:50:56,758] INFO: Time: 3.8548597700000755; Encoder Angle: 99.95361328125;
[2026-05-11 05:50:56,768] INFO: Time: 3.8649224480000157; Encoder Angle: 99.8876953125;
[2026-05-11 05:50:56,778] INFO: Time: 3.8749853310000617; Encoder Angle: 99.9755859375;
[2026-05-11 05:50:56,788] INFO: Time: 3.885046287000023; Encoder Angle: 99.931640625;
[2026-05-11 05:50:56,798] INFO: Time: 3.895107466000127; Encoder Angle: 99.90966796875;
[2026-05-11 05:50:56,808] INFO: Time: 3.905170811000062; Encoder Angle: 99.86572265625;
[2026-05-11 05:50:56,819] INFO: Time: 3.9152347120000286; Encoder Angle: 99.82177734375;
[2026-05-11 05:50:56,829] INFO: Time: 3.925297465000085; Encoder Angle: 99.82177734375;
[2026-05-11 05:50:56,839] INFO: Time: 3.9353586619999987; Encoder Angle: 99.77783203125;
[2026-05-11 05:50:56,849] INFO: Time: 3.9454290630001196; Encoder Angle: 99.68994140625;
[2026-05-11 05:50:56,859] INFO: Time: 3.955493037999986; Encoder Angle: 99.7119140625;
[2026-05-11 05:50:56,869] INFO: Time: 3.965555161000111; Encoder Angle: 99.7119140625;
[2026-05-11 05:50:56,879] INFO: Time: 3.9756166360000407; Encoder Angle: 99.68994140625;
[2026-05-11 05:50:56,889] INFO: Time: 3.9856768510001075; Encoder Angle: 99.66796875;
[2026-05-11 05:50:56,899] INFO: Time: 3.9957389370001692; Encoder Angle: 99.68994140625;
[2026-05-11 05:50:56,909] INFO: Time: 4.005800097000019; Encoder Angle: 99.66796875;
[2026-05-11 05:50:56,919] INFO: Time: 4.015864646000182; Encoder Angle: 99.68994140625;
[2026-05-11 05:50:56,929] INFO: Time: 4.025925380999979; Encoder Angle: 99.66796875;
[2026-05-11 05:50:56,939] INFO: Time: 4.035986263000041; Encoder Angle: 99.68994140625;
[2026-05-11 05:50:56,949] INFO: Time: 4.046050034000018; Encoder Angle: 99.64599609375;
[2026-05-11 05:50:56,959] INFO: Time: 4.056111639000164; Encoder Angle: 99.66796875;
[2026-05-11 05:50:56,969] INFO: Time: 4.066175910000084; Encoder Angle: 99.7119140625;
[2026-05-11 05:50:56,980] INFO: Time: 4.076238088000082; Encoder Angle: 99.66796875;
[2026-05-11 05:50:56,990] INFO: Time: 4.086299656000165; Encoder Angle: 99.66796875;
[2026-05-11 05:50:57,000] INFO: Time: 4.096360742000115; Encoder Angle: 99.66796875;
[2026-05-11 05:50:57,010] INFO: Time: 4.106425810000019; Encoder Angle: 99.64599609375;
[2026-05-11 05:50:57,020] INFO: Time: 4.11648567300017; Encoder Angle: 99.66796875;
[2026-05-11 05:50:57,030] INFO: Time: 4.126551667000058; Encoder Angle: 99.64599609375;
[2026-05-11 05:50:57,040] INFO: Time: 4.136614401000088; Encoder Angle: 99.64599609375;
[2026-05-11 05:50:57,050] INFO: Time: 4.146694135000189; Encoder Angle: 99.6240234375;
[2026-05-11 05:50:57,060] INFO: Time: 4.156757740000103; Encoder Angle: 99.68994140625;
[2026-05-11 05:50:57,070] INFO: Time: 4.166822937000006; Encoder Angle: 99.66796875;
[2026-05-11 05:50:57,080] INFO: Time: 4.176893227000164; Encoder Angle: 99.66796875;
[2026-05-11 05:50:57,090] INFO: Time: 4.186962128000005; Encoder Angle: 99.7119140625;
[2026-05-11 05:50:57,100] INFO: Time: 4.197025047000125; Encoder Angle: 99.64599609375;
[2026-05-11 05:50:57,110] INFO: Time: 4.2070871700000225; Encoder Angle: 99.64599609375;
[2026-05-11 05:50:57,120] INFO: Time: 4.217148497000153; Encoder Angle: 99.66796875;
[2026-05-11 05:50:57,131] INFO: Time: 4.227213861000109; Encoder Angle: 99.66796875;
[2026-05-11 05:50:57,141] INFO: Time: 4.237280836000082; Encoder Angle: 99.64599609375;
[2026-05-11 05:50:57,151] INFO: Time: 4.247344014000191; Encoder Angle: 99.66796875;
[2026-05-11 05:50:57,161] INFO: Time: 4.257405471000084; Encoder Angle: 99.66796875;
[2026-05-11 05:50:57,171] INFO: Time: 4.267469871000003; Encoder Angle: 99.6240234375;
[2026-05-11 05:50:57,181] INFO: Time: 4.277531976000091; Encoder Angle: 99.68994140625;
[2026-05-11 05:50:57,191] INFO: Time: 4.287593691999973; Encoder Angle: 99.66796875;
[2026-05-11 05:50:57,201] INFO: Time: 4.297654518000172; Encoder Angle: 99.64599609375;
[2026-05-11 05:50:57,211] INFO: Time: 4.307714827000154; Encoder Angle: 99.66796875;
[2026-05-11 05:50:57,221] INFO: Time: 4.317776135000031; Encoder Angle: 99.66796875;
[2026-05-11 05:50:57,231] INFO: Time: 4.327836536000177; Encoder Angle: 99.6240234375;
[2026-05-11 05:50:57,241] INFO: Time: 4.337898103000043; Encoder Angle: 99.64599609375;
[2026-05-11 05:50:57,251] INFO: Time: 4.3479581340000095; Encoder Angle: 99.60205078125;
[2026-05-11 05:50:57,261] INFO: Time: 4.358018016000187; Encoder Angle: 99.66796875;
[2026-05-11 05:50:57,271] INFO: Time: 4.368081545999985; Encoder Angle: 99.64599609375;
[2026-05-11 05:50:57,281] INFO: Time: 4.378143133000094; Encoder Angle: 99.66796875;
[2026-05-11 05:50:57,292] INFO: Time: 4.388204293000172; Encoder Angle: 99.68994140625;
[2026-05-11 05:50:57,302] INFO: Time: 4.3982650269999795; Encoder Angle: 99.64599609375;
[2026-05-11 05:50:57,312] INFO: Time: 4.408326965000015; Encoder Angle: 99.64599609375;
[2026-05-11 05:50:57,322] INFO: Time: 4.418386254000097; Encoder Angle: 99.6240234375;
[2026-05-11 05:50:57,332] INFO: Time: 4.428449544000159; Encoder Angle: 99.66796875;
[2026-05-11 05:50:57,342] INFO: Time: 4.438511204000179; Encoder Angle: 99.6240234375;
[2026-05-11 05:50:57,352] INFO: Time: 4.448571605000097; Encoder Angle: 99.64599609375;
[2026-05-11 05:50:57,362] INFO: Time: 4.45863730200017; Encoder Angle: 99.55810546875;
[2026-05-11 05:50:57,372] INFO: Time: 4.468699147000052; Encoder Angle: 99.4921875;
[2026-05-11 05:50:57,382] INFO: Time: 4.478763307999998; Encoder Angle: 99.5361328125;
[2026-05-11 05:50:57,392] INFO: Time: 4.48882665300016; Encoder Angle: 99.5361328125;
[2026-05-11 05:50:57,402] INFO: Time: 4.498887757000148; Encoder Angle: 99.5361328125;
[2026-05-11 05:50:57,412] INFO: Time: 4.508950473000141; Encoder Angle: 99.55810546875;
[2026-05-11 05:50:57,422] INFO: Time: 4.519012522000139; Encoder Angle: 99.51416015625;
[2026-05-11 05:50:57,432] INFO: Time: 4.529073775000143; Encoder Angle: 99.51416015625;
[2026-05-11 05:50:57,442] INFO: Time: 4.539140231000147; Encoder Angle: 99.51416015625;
[2026-05-11 05:50:57,453] INFO: Time: 4.5492076320001615; Encoder Angle: 99.51416015625;
[2026-05-11 05:50:57,463] INFO: Time: 4.559271237000075; Encoder Angle: 99.5361328125;
[2026-05-11 05:50:57,473] INFO: Time: 4.569333823000079; Encoder Angle: 99.51416015625;
[2026-05-11 05:50:57,483] INFO: Time: 4.579396464000183; Encoder Angle: 99.5361328125;
[2026-05-11 05:50:57,493] INFO: Time: 4.5894587350001075; Encoder Angle: 99.55810546875;
[2026-05-11 05:50:57,503] INFO: Time: 4.599522191999995; Encoder Angle: 99.55810546875;
[2026-05-11 05:50:57,513] INFO: Time: 4.6095887779999885; Encoder Angle: 99.55810546875;
[2026-05-11 05:50:57,523] INFO: Time: 4.619652864000045; Encoder Angle: 99.580078125;
[2026-05-11 05:50:57,533] INFO: Time: 4.6297147459999906; Encoder Angle: 99.5361328125;
[2026-05-11 05:50:57,543] INFO: Time: 4.639784166000027; Encoder Angle: 99.51416015625;
[2026-05-11 05:50:57,553] INFO: Time: 4.649850622000031; Encoder Angle: 99.51416015625;
[2026-05-11 05:50:57,563] INFO: Time: 4.659913301000188; Encoder Angle: 99.580078125;
[2026-05-11 05:50:57,573] INFO: Time: 4.669989923999992; Encoder Angle: 99.55810546875;
[2026-05-11 05:50:57,583] INFO: Time: 4.680054010000049; Encoder Angle: 99.60205078125;
[2026-05-11 05:50:57,593] INFO: Time: 4.690082577000112; Encoder Angle: 99.580078125;
[2026-05-11 05:50:57,603] INFO: Time: 4.700145571000121; Encoder Angle: 99.60205078125;
[2026-05-11 05:50:57,614] INFO: Time: 4.710227990000021; Encoder Angle: 99.60205078125;
[2026-05-11 05:50:57,624] INFO: Time: 4.720296669000163; Encoder Angle: 99.6240234375;
[2026-05-11 05:50:57,634] INFO: Time: 4.730358346999992; Encoder Angle: 99.66796875;
[2026-05-11 05:50:57,644] INFO: Time: 4.740420600000107; Encoder Angle: 99.66796875;
[2026-05-11 05:50:57,654] INFO: Time: 4.750488444999974; Encoder Angle: 99.755859375;
[2026-05-11 05:50:57,664] INFO: Time: 4.760549438999988; Encoder Angle: 99.7119140625;
[2026-05-11 05:50:57,674] INFO: Time: 4.770615432000113; Encoder Angle: 99.755859375;
[2026-05-11 05:50:57,684] INFO: Time: 4.780677592000075; Encoder Angle: 99.77783203125;
[2026-05-11 05:50:57,694] INFO: Time: 4.790739549000136; Encoder Angle: 99.82177734375;
[2026-05-11 05:50:57,704] INFO: Time: 4.800803653000003; Encoder Angle: 99.7998046875;
[2026-05-11 05:50:57,714] INFO: Time: 4.8108653320000485; Encoder Angle: 99.7998046875;
[2026-05-11 05:50:57,724] INFO: Time: 4.820928381000158; Encoder Angle: 99.84375;
[2026-05-11 05:50:57,734] INFO: Time: 4.830999540999983; Encoder Angle: 99.931640625;
[2026-05-11 05:50:57,744] INFO: Time: 4.841065553000135; Encoder Angle: 99.8876953125;
[2026-05-11 05:50:57,754] INFO: Time: 4.851130695000165; Encoder Angle: 99.90966796875;
[2026-05-11 05:50:57,765] INFO: Time: 4.861201466000011; Encoder Angle: 99.9755859375;
[2026-05-11 05:50:57,775] INFO: Time: 4.87126725600001; Encoder Angle: 99.90966796875;
[2026-05-11 05:50:57,785] INFO: Time: 4.881338323000136; Encoder Angle: 99.8876953125;
[2026-05-11 05:50:57,795] INFO: Time: 4.89140326100005; Encoder Angle: 99.8876953125;
[2026-05-11 05:50:57,805] INFO: Time: 4.901468883999996; Encoder Angle: 99.95361328125;
[2026-05-11 05:50:57,815] INFO: Time: 4.911534044000064; Encoder Angle: 99.95361328125;
[2026-05-11 05:50:57,825] INFO: Time: 4.921606853000185; Encoder Angle: 99.90966796875;
[2026-05-11 05:50:57,835] INFO: Time: 4.931676642000184; Encoder Angle: 99.95361328125;
[2026-05-11 05:50:57,845] INFO: Time: 4.941742358000056; Encoder Angle: 99.931640625;
[2026-05-11 05:50:57,855] INFO: Time: 4.951812239999981; Encoder Angle: 99.931640625;
[2026-05-11 05:50:57,865] INFO: Time: 4.961883956000065; Encoder Angle: 99.95361328125;
[2026-05-11 05:50:57,875] INFO: Time: 4.971952524000017; Encoder Angle: 99.931640625;
[2026-05-11 05:50:57,885] INFO: Time: 4.982024369000101; Encoder Angle: 99.931640625;
[2026-05-11 05:50:57,895] INFO: Time: 4.992095955000195; Encoder Angle: 99.9755859375;
[2026-05-11 05:50:57,905] INFO: Time: 5.002162078000083; Encoder Angle: 99.99755859375;
[2026-05-11 05:50:57,916] INFO: Time: 5.012232405000077; Encoder Angle: 99.931640625;
[2026-05-11 05:50:57,926] INFO: Time: 5.022297102000039; Encoder Angle: 99.931640625;
[2026-05-11 05:50:57,936] INFO: Time: 5.032366484000022; Encoder Angle: 99.931640625;
[2026-05-11 05:50:57,946] INFO: Time: 5.042437645000064; Encoder Angle: 99.95361328125;
[2026-05-11 05:50:57,956] INFO: Time: 5.052506749000031; Encoder Angle: 99.95361328125;
[2026-05-11 05:50:57,966] INFO: Time: 5.0625719090000985; Encoder Angle: 99.931640625;
[2026-05-11 05:50:57,976] INFO: Time: 5.072637569000108; Encoder Angle: 100.01953125;
[2026-05-11 05:50:57,986] INFO: Time: 5.082702452000149; Encoder Angle: 99.9755859375;
[2026-05-11 05:50:57,996] INFO: Time: 5.092767649000052; Encoder Angle: 99.9755859375;
[2026-05-11 05:50:58,006] INFO: Time: 5.1028331980000985; Encoder Angle: 99.931640625;
[2026-05-11 05:50:58,016] INFO: Time: 5.112900951000029; Encoder Angle: 99.9755859375;
[2026-05-11 05:50:58,026] INFO: Time: 5.122972333000007; Encoder Angle: 99.9755859375;
[2026-05-11 05:50:58,036] INFO: Time: 5.133037789000127; Encoder Angle: 99.9755859375;
[2026-05-11 05:50:58,046] INFO: Time: 5.143104931000153; Encoder Angle: 99.95361328125;
[2026-05-11 05:50:58,056] INFO: Time: 5.15316990600013; Encoder Angle: 99.931640625;
[2026-05-11 05:50:58,067] INFO: Time: 5.163244251000151; Encoder Angle: 99.95361328125;
[2026-05-11 05:50:58,077] INFO: Time: 5.17332959700002; Encoder Angle: 99.90966796875;
[2026-05-11 05:50:58,087] INFO: Time: 5.183438739000167; Encoder Angle: 99.9755859375;
[2026-05-11 05:50:58,097] INFO: Time: 5.193528510000078; Encoder Angle: 99.95361328125;
[2026-05-11 05:50:58,107] INFO: Time: 5.203649003999999; Encoder Angle: 99.95361328125;
[2026-05-11 05:50:58,117] INFO: Time: 5.213724645000184; Encoder Angle: 99.931640625;
[2026-05-11 05:50:58,127] INFO: Time: 5.223802972000158; Encoder Angle: 100.01953125;
[2026-05-11 05:50:58,137] INFO: Time: 5.233882892000111; Encoder Angle: 99.95361328125;
[2026-05-11 05:50:58,147] INFO: Time: 5.243963478000069; Encoder Angle: 99.90966796875;
[2026-05-11 05:50:58,157] INFO: Time: 5.2540367860001425; Encoder Angle: 99.9755859375;
[2026-05-11 05:50:58,167] INFO: Time: 5.264108760999989; Encoder Angle: 99.95361328125;
[2026-05-11 05:50:58,178] INFO: Time: 5.274176384000157; Encoder Angle: 99.931640625;
[2026-05-11 05:50:58,188] INFO: Time: 5.284245748000103; Encoder Angle: 99.9755859375;
[2026-05-11 05:50:58,198] INFO: Time: 5.294315630000028; Encoder Angle: 99.95361328125;
[2026-05-11 05:50:58,208] INFO: Time: 5.304383031000043; Encoder Angle: 99.90966796875;
[2026-05-11 05:50:58,218] INFO: Time: 5.314452617000143; Encoder Angle: 99.90966796875;
[2026-05-11 05:50:58,228] INFO: Time: 5.324521888000163; Encoder Angle: 99.9755859375;
[2026-05-11 05:50:58,238] INFO: Time: 5.334589844999982; Encoder Angle: 99.931640625;
[2026-05-11 05:50:58,248] INFO: Time: 5.3446591160000025; Encoder Angle: 99.9755859375;
[2026-05-11 05:50:58,258] INFO: Time: 5.354725998000049; Encoder Angle: 99.95361328125;
[2026-05-11 05:50:58,268] INFO: Time: 5.364794307000011; Encoder Angle: 99.99755859375;
[2026-05-11 05:50:58,278] INFO: Time: 5.374861226000121; Encoder Angle: 99.95361328125;
[2026-05-11 05:50:58,288] INFO: Time: 5.384925442000167; Encoder Angle: 99.9755859375;
[2026-05-11 05:50:58,298] INFO: Time: 5.394994491000034; Encoder Angle: 99.95361328125;
[2026-05-11 05:50:58,308] INFO: Time: 5.405060281000033; Encoder Angle: 99.8876953125;
[2026-05-11 05:50:58,318] INFO: Time: 5.415126515000111; Encoder Angle: 99.99755859375;
[2026-05-11 05:50:58,329] INFO: Time: 5.425197934000153; Encoder Angle: 99.99755859375;
[2026-05-11 05:50:58,339] INFO: Time: 5.435264650000136; Encoder Angle: 99.90966796875;
[2026-05-11 05:50:58,349] INFO: Time: 5.445330458000171; Encoder Angle: 99.95361328125;
[2026-05-11 05:50:58,359] INFO: Time: 5.455393377000064; Encoder Angle: 99.90966796875;
[2026-05-11 05:50:58,369] INFO: Time: 5.4654631120001795; Encoder Angle: 99.95361328125;
[2026-05-11 05:50:58,379] INFO: Time: 5.475530975000083; Encoder Angle: 99.931640625;
[2026-05-11 05:50:58,389] INFO: Time: 5.485601043000088; Encoder Angle: 99.90966796875;
[2026-05-11 05:50:58,399] INFO: Time: 5.495670462000135; Encoder Angle: 99.931640625;
[2026-05-11 05:50:58,409] INFO: Time: 5.505738734000033; Encoder Angle: 99.931640625;
[2026-05-11 05:50:58,419] INFO: Time: 5.515808820000075; Encoder Angle: 99.9755859375;
[2026-05-11 05:50:58,429] INFO: Time: 5.525877850000143; Encoder Angle: 99.9755859375;
[2026-05-11 05:50:58,439] INFO: Time: 5.535947270000179; Encoder Angle: 99.95361328125;
[2026-05-11 05:50:58,449] INFO: Time: 5.54601596700013; Encoder Angle: 99.8876953125;
[2026-05-11 05:50:58,459] INFO: Time: 5.556088219999992; Encoder Angle: 99.9755859375;
[2026-05-11 05:50:58,469] INFO: Time: 5.566157046000171; Encoder Angle: 99.9755859375;
[2026-05-11 05:50:58,480] INFO: Time: 5.576225577000059; Encoder Angle: 99.90966796875;
[2026-05-11 05:50:58,490] INFO: Time: 5.586291607000021; Encoder Angle: 99.9755859375;
[2026-05-11 05:50:58,500] INFO: Time: 5.59636297100019; Encoder Angle: 99.9755859375;
[2026-05-11 05:50:58,510] INFO: Time: 5.606428241999993; Encoder Angle: 99.90966796875;
[2026-05-11 05:50:58,520] INFO: Time: 5.616496290999976; Encoder Angle: 99.8876953125;
[2026-05-11 05:50:58,530] INFO: Time: 5.62656800700006; Encoder Angle: 99.90966796875;
[2026-05-11 05:50:58,540] INFO: Time: 5.636635575000128; Encoder Angle: 99.931640625;
[2026-05-11 05:50:58,550] INFO: Time: 5.646702364000021; Encoder Angle: 99.931640625;
[2026-05-11 05:50:58,560] INFO: Time: 5.656782451000026; Encoder Angle: 99.931640625;
[2026-05-11 05:50:58,570] INFO: Time: 5.666852722000158; Encoder Angle: 99.8876953125;
[2026-05-11 05:50:58,581] INFO: Time: 5.67756538499998; Encoder Angle: 99.86572265625;
[2026-05-11 05:50:58,591] INFO: Time: 5.687639267000122; Encoder Angle: 99.84375;
[2026-05-11 05:50:58,601] INFO: Time: 5.697711094000169; Encoder Angle: 99.8876953125;
[2026-05-11 05:50:58,611] INFO: Time: 5.707775958000184; Encoder Angle: 99.86572265625;
[2026-05-11 05:50:58,621] INFO: Time: 5.717845340000167; Encoder Angle: 99.82177734375;
[2026-05-11 05:50:58,631] INFO: Time: 5.727919130000146; Encoder Angle: 99.77783203125;
[2026-05-11 05:50:58,641] INFO: Time: 5.738047235000067; Encoder Angle: 99.77783203125;
[2026-05-11 05:50:58,651] INFO: Time: 5.748115766000183; Encoder Angle: 99.66796875;
[2026-05-11 05:50:58,662] INFO: Time: 5.7581837220000125; Encoder Angle: 99.68994140625;
[2026-05-11 05:50:58,672] INFO: Time: 5.768253586000128; Encoder Angle: 99.7119140625;
[2026-05-11 05:50:58,682] INFO: Time: 5.778323283000191; Encoder Angle: 99.68994140625;
[2026-05-11 05:50:58,692] INFO: Time: 5.788388553999994; Encoder Angle: 99.7119140625;
[2026-05-11 05:50:58,702] INFO: Time: 5.798457196000072; Encoder Angle: 99.755859375;
[2026-05-11 05:50:58,712] INFO: Time: 5.808528504000151; Encoder Angle: 99.77783203125;
[2026-05-11 05:50:58,722] INFO: Time: 5.818595590000086; Encoder Angle: 99.755859375;
[2026-05-11 05:50:58,732] INFO: Time: 5.828660991000106; Encoder Angle: 99.73388671875;
[2026-05-11 05:50:58,742] INFO: Time: 5.838726298999973; Encoder Angle: 99.755859375;
[2026-05-11 05:50:58,752] INFO: Time: 5.848796015000062; Encoder Angle: 99.755859375;
[2026-05-11 05:50:58,762] INFO: Time: 5.858864120000135; Encoder Angle: 99.77783203125;
[2026-05-11 05:50:58,772] INFO: Time: 5.868934631999991; Encoder Angle: 99.7998046875;
[2026-05-11 05:50:58,782] INFO: Time: 5.878999644000032; Encoder Angle: 99.77783203125;
[2026-05-11 05:50:58,792] INFO: Time: 5.889069156000005; Encoder Angle: 99.73388671875;
[2026-05-11 05:50:58,802] INFO: Time: 5.899134982000078; Encoder Angle: 99.7119140625;
[2026-05-11 05:50:58,813] INFO: Time: 5.909203568000066; Encoder Angle: 99.68994140625;
[2026-05-11 05:50:58,823] INFO: Time: 5.919272321000108; Encoder Angle: 99.73388671875;
[2026-05-11 05:50:58,833] INFO: Time: 5.9293381659999795; Encoder Angle: 99.66796875;
[2026-05-11 05:50:58,843] INFO: Time: 5.939407530000153; Encoder Angle: 99.6240234375;
[2026-05-11 05:50:58,853] INFO: Time: 5.949473320000152; Encoder Angle: 99.68994140625;
[2026-05-11 05:50:58,863] INFO: Time: 5.959539295000013; Encoder Angle: 99.6240234375;
[2026-05-11 05:50:58,873] INFO: Time: 5.969609048000166; Encoder Angle: 99.6240234375;
[2026-05-11 05:50:58,883] INFO: Time: 5.979679171000043; Encoder Angle: 99.6240234375;
[2026-05-11 05:50:58,893] INFO: Time: 5.989750126999979; Encoder Angle: 99.66796875;
[2026-05-11 05:50:58,903] INFO: Time: 5.999818121000089; Encoder Angle: 99.60205078125;
[2026-05-11 05:50:58,913] INFO: Time: 6.009893522000084; Encoder Angle: 99.6240234375;
[2026-05-11 05:50:58,923] INFO: Time: 6.019963589000099; Encoder Angle: 99.6240234375;
[2026-05-11 05:50:58,933] INFO: Time: 6.030031194000003; Encoder Angle: 99.60205078125;
[2026-05-11 05:50:58,943] INFO: Time: 6.040095242999996; Encoder Angle: 99.64599609375;
[2026-05-11 05:50:58,953] INFO: Time: 6.0501659030001065; Encoder Angle: 99.60205078125;
[2026-05-11 05:50:58,964] INFO: Time: 6.060235044000137; Encoder Angle: 99.55810546875;
[2026-05-11 05:50:58,974] INFO: Time: 6.070303519000163; Encoder Angle: 99.51416015625;
[2026-05-11 05:50:58,984] INFO: Time: 6.080373050000162; Encoder Angle: 99.5361328125;
[2026-05-11 05:50:58,994] INFO: Time: 6.090438099000039; Encoder Angle: 99.580078125;
[2026-05-11 05:50:59,004] INFO: Time: 6.100507574000176; Encoder Angle: 99.64599609375;
[2026-05-11 05:50:59,014] INFO: Time: 6.110579753000138; Encoder Angle: 99.580078125;
[2026-05-11 05:50:59,024] INFO: Time: 6.1206477460000315; Encoder Angle: 99.60205078125;
[2026-05-11 05:50:59,034] INFO: Time: 6.130719443000089; Encoder Angle: 99.55810546875;
[2026-05-11 05:50:59,044] INFO: Time: 6.140791622000052; Encoder Angle: 99.55810546875;
[2026-05-11 05:50:59,054] INFO: Time: 6.15086318900012; Encoder Angle: 99.580078125;
[2026-05-11 05:50:59,064] INFO: Time: 6.160940961000051; Encoder Angle: 99.55810546875;
[2026-05-11 05:50:59,074] INFO: Time: 6.171012583999982; Encoder Angle: 99.580078125;
[2026-05-11 05:50:59,085] INFO: Time: 6.181094337000104; Encoder Angle: 99.580078125;
[2026-05-11 05:50:59,095] INFO: Time: 6.191169719000072; Encoder Angle: 99.580078125;
[2026-05-11 05:50:59,105] INFO: Time: 6.20123443500006; Encoder Angle: 99.580078125;
[2026-05-11 05:50:59,115] INFO: Time: 6.2113152060001084; Encoder Angle: 99.580078125;
[2026-05-11 05:50:59,125] INFO: Time: 6.221389459000193; Encoder Angle: 99.5361328125;
[2026-05-11 05:50:59,135] INFO: Time: 6.231461674000002; Encoder Angle: 99.580078125;
[2026-05-11 05:50:59,145] INFO: Time: 6.241529463999996; Encoder Angle: 99.55810546875;
[2026-05-11 05:50:59,155] INFO: Time: 6.251598495000053; Encoder Angle: 99.51416015625;
[2026-05-11 05:50:59,165] INFO: Time: 6.261664081000163; Encoder Angle: 99.580078125;
[2026-05-11 05:50:59,175] INFO: Time: 6.271733704000098; Encoder Angle: 99.5361328125;
[2026-05-11 05:50:59,185] INFO: Time: 6.281800197000166; Encoder Angle: 99.60205078125;
[2026-05-11 05:50:59,195] INFO: Time: 6.291873543000065; Encoder Angle: 99.6240234375;
[2026-05-11 05:50:59,205] INFO: Time: 6.30205094400003; Encoder Angle: 99.580078125;
[2026-05-11 05:50:59,215] INFO: Time: 6.31211888200005; Encoder Angle: 99.580078125;
[2026-05-11 05:50:59,226] INFO: Time: 6.322191283000166; Encoder Angle: 99.55810546875;
[2026-05-11 05:50:59,236] INFO: Time: 6.3322534240001005; Encoder Angle: 99.6240234375;
[2026-05-11 05:50:59,246] INFO: Time: 6.342326251000031; Encoder Angle: 99.55810546875;
[2026-05-11 05:50:59,256] INFO: Time: 6.352397819000089; Encoder Angle: 99.55810546875;
[2026-05-11 05:50:59,266] INFO: Time: 6.362459571000045; Encoder Angle: 99.5361328125;
[2026-05-11 05:50:59,276] INFO: Time: 6.372530083000129; Encoder Angle: 99.60205078125;
[2026-05-11 05:50:59,286] INFO: Time: 6.382592281000143; Encoder Angle: 99.580078125;
[2026-05-11 05:50:59,296] INFO: Time: 6.392664293000053; Encoder Angle: 99.55810546875;
[2026-05-11 05:50:59,306] INFO: Time: 6.40273593400002; Encoder Angle: 99.5361328125;
[2026-05-11 05:50:59,316] INFO: Time: 6.412799391000135; Encoder Angle: 99.55810546875;
[2026-05-11 05:50:59,326] INFO: Time: 6.422860921000165; Encoder Angle: 99.580078125;
[2026-05-11 05:50:59,336] INFO: Time: 6.432926415000111; Encoder Angle: 99.55810546875;
[2026-05-11 05:50:59,346] INFO: Time: 6.44299772300019; Encoder Angle: 99.55810546875;
[2026-05-11 05:50:59,356] INFO: Time: 6.45306680900012; Encoder Angle: 99.55810546875;
[2026-05-11 05:50:59,366] INFO: Time: 6.463130339000145; Encoder Angle: 99.55810546875;
[2026-05-11 05:50:59,377] INFO: Time: 6.473199888000181; Encoder Angle: 99.55810546875;
[2026-05-11 05:50:59,387] INFO: Time: 6.483269215000064; Encoder Angle: 99.580078125;
[2026-05-11 05:50:59,397] INFO: Time: 6.493333615999973; Encoder Angle: 99.55810546875;
[2026-05-11 05:50:59,407] INFO: Time: 6.503403535000189; Encoder Angle: 99.55810546875;
[2026-05-11 05:50:59,417] INFO: Time: 6.513472436000029; Encoder Angle: 99.580078125;
[2026-05-11 05:50:59,427] INFO: Time: 6.523536652000075; Encoder Angle: 99.55810546875;
[2026-05-11 05:50:59,437] INFO: Time: 6.533598385999994; Encoder Angle: 99.55810546875;
[2026-05-11 05:50:59,447] INFO: Time: 6.543669806000025; Encoder Angle: 99.5361328125;
[2026-05-11 05:50:59,457] INFO: Time: 6.553733298999987; Encoder Angle: 99.4921875;
[2026-05-11 05:50:59,467] INFO: Time: 6.56379771800016; Encoder Angle: 99.580078125;
[2026-05-11 05:50:59,477] INFO: Time: 6.573859619000132; Encoder Angle: 99.55810546875;
[2026-05-11 05:50:59,487] INFO: Time: 6.583940798000185; Encoder Angle: 99.51416015625;
[2026-05-11 05:50:59,497] INFO: Time: 6.594009440000036; Encoder Angle: 99.580078125;
[2026-05-11 05:50:59,507] INFO: Time: 6.604078155000025; Encoder Angle: 99.55810546875;
[2026-05-11 05:50:59,517] INFO: Time: 6.614142981999976; Encoder Angle: 99.60205078125;
[2026-05-11 05:50:59,528] INFO: Time: 6.624211494000065; Encoder Angle: 99.5361328125;
[2026-05-11 05:50:59,538] INFO: Time: 6.634283154000059; Encoder Angle: 99.55810546875;
[2026-05-11 05:50:59,548] INFO: Time: 6.64434955500019; Encoder Angle: 99.55810546875;
[2026-05-11 05:50:59,558] INFO: Time: 6.6544122340001195; Encoder Angle: 99.5361328125;
[2026-05-11 05:50:59,568] INFO: Time: 6.664487559999998; Encoder Angle: 99.580078125;
[2026-05-11 05:50:59,578] INFO: Time: 6.674561684000082; Encoder Angle: 99.5361328125;
[2026-05-11 05:50:59,588] INFO: Time: 6.68466238100018; Encoder Angle: 99.580078125;
[2026-05-11 05:50:59,598] INFO: Time: 6.694738485000016; Encoder Angle: 99.55810546875;
[2026-05-11 05:50:59,608] INFO: Time: 6.70481838600017; Encoder Angle: 99.51416015625;
[2026-05-11 05:50:59,618] INFO: Time: 6.71490734300005; Encoder Angle: 99.5361328125;
[2026-05-11 05:50:59,628] INFO: Time: 6.724984096000071; Encoder Angle: 99.55810546875;
[2026-05-11 05:50:59,638] INFO: Time: 6.735054552000065; Encoder Angle: 99.580078125;
[2026-05-11 05:50:59,648] INFO: Time: 6.745122563999985; Encoder Angle: 99.55810546875;
[2026-05-11 05:50:59,659] INFO: Time: 6.755193724000037; Encoder Angle: 99.55810546875;
[2026-05-11 05:50:59,669] INFO: Time: 6.7652618660001735; Encoder Angle: 99.55810546875;
[2026-05-11 05:50:59,679] INFO: Time: 6.77533237800003; Encoder Angle: 99.55810546875;
[2026-05-11 05:50:59,689] INFO: Time: 6.785399705000145; Encoder Angle: 99.5361328125;
[2026-05-11 05:50:59,699] INFO: Time: 6.795482328000162; Encoder Angle: 99.580078125;
[2026-05-11 05:50:59,709] INFO: Time: 6.805550413999981; Encoder Angle: 99.580078125;
[2026-05-11 05:50:59,719] INFO: Time: 6.815621000000192; Encoder Angle: 99.60205078125;
[2026-05-11 05:50:59,729] INFO: Time: 6.825685827000143; Encoder Angle: 99.580078125;
[2026-05-11 05:50:59,739] INFO: Time: 6.835757172000058; Encoder Angle: 99.60205078125;
[2026-05-11 05:50:59,749] INFO: Time: 6.845828443000073; Encoder Angle: 99.6240234375;
[2026-05-11 05:50:59,759] INFO: Time: 6.855895696000061; Encoder Angle: 99.6240234375;
[2026-05-11 05:50:59,769] INFO: Time: 6.8659655410001506; Encoder Angle: 99.5361328125;
[2026-05-11 05:50:59,779] INFO: Time: 6.876033220000181; Encoder Angle: 99.5361328125;
[2026-05-11 05:50:59,789] INFO: Time: 6.8860920839999835; Encoder Angle: 99.51416015625;
[2026-05-11 05:50:59,799] INFO: Time: 6.896159133000083; Encoder Angle: 99.580078125;
[2026-05-11 05:50:59,810] INFO: Time: 6.906228997000198; Encoder Angle: 99.60205078125;
[2026-05-11 05:50:59,820] INFO: Time: 6.916301786000076; Encoder Angle: 99.5361328125;
[2026-05-11 05:50:59,830] INFO: Time: 6.926369260999991; Encoder Angle: 99.55810546875;
[2026-05-11 05:50:59,840] INFO: Time: 6.93644151400008; Encoder Angle: 99.580078125;
[2026-05-11 05:50:59,850] INFO: Time: 6.9465066740001475; Encoder Angle: 99.580078125;
[2026-05-11 05:50:59,860] INFO: Time: 6.956576427000073; Encoder Angle: 99.580078125;
[2026-05-11 05:50:59,870] INFO: Time: 6.966756884000006; Encoder Angle: 99.580078125;
[2026-05-11 05:50:59,880] INFO: Time: 6.976823248000073; Encoder Angle: 99.580078125;
[2026-05-11 05:50:59,890] INFO: Time: 6.986895518999972; Encoder Angle: 99.51416015625;
[2026-05-11 05:50:59,900] INFO: Time: 6.996962401000019; Encoder Angle: 99.60205078125;
[2026-05-11 05:50:59,910] INFO: Time: 7.0070335620000606; Encoder Angle: 99.580078125;
[2026-05-11 05:50:59,920] INFO: Time: 7.017104573000097; Encoder Angle: 99.5361328125;
[2026-05-11 05:50:59,930] INFO: Time: 7.02717128900008; Encoder Angle: 99.580078125;
[2026-05-11 05:50:59,941] INFO: Time: 7.037243635000095; Encoder Angle: 99.5361328125;
[2026-05-11 05:50:59,951] INFO: Time: 7.0473099060000095; Encoder Angle: 99.5361328125;
[2026-05-11 05:50:59,961] INFO: Time: 7.057384973000126; Encoder Angle: 99.4921875;
[2026-05-11 05:50:59,971] INFO: Time: 7.067452800000183; Encoder Angle: 99.55810546875;
[2026-05-11 05:50:59,981] INFO: Time: 7.077522775000034; Encoder Angle: 99.5361328125;
[2026-05-11 05:50:59,991] INFO: Time: 7.087591509000049; Encoder Angle: 99.60205078125;
[2026-05-11 05:51:00,001] INFO: Time: 7.097655762000159; Encoder Angle: 99.5361328125;
[2026-05-11 05:51:00,011] INFO: Time: 7.107726644000195; Encoder Angle: 99.5361328125;
[2026-05-11 05:51:00,021] INFO: Time: 7.117794341000035; Encoder Angle: 99.4921875;
[2026-05-11 05:51:00,031] INFO: Time: 7.127862668000034; Encoder Angle: 99.5361328125;
[2026-05-11 05:51:00,041] INFO: Time: 7.137933828000087; Encoder Angle: 99.55810546875;
[2026-05-11 05:51:00,051] INFO: Time: 7.148012376999986; Encoder Angle: 99.4921875;
[2026-05-11 05:51:00,061] INFO: Time: 7.1580945190000875; Encoder Angle: 99.51416015625;
[2026-05-11 05:51:00,072] INFO: Time: 7.168169698000156; Encoder Angle: 99.580078125;
[2026-05-11 05:51:00,082] INFO: Time: 7.178241191000097; Encoder Angle: 99.55810546875;
[2026-05-11 05:51:00,092] INFO: Time: 7.188318277000008; Encoder Angle: 99.60205078125;
[2026-05-11 05:51:00,102] INFO: Time: 7.198394252000071; Encoder Angle: 99.51416015625;
[2026-05-11 05:51:00,112] INFO: Time: 7.208466061000081; Encoder Angle: 99.51416015625;
[2026-05-11 05:51:00,122] INFO: Time: 7.2185364250001385; Encoder Angle: 99.55810546875;
[2026-05-11 05:51:00,132] INFO: Time: 7.228608658999974; Encoder Angle: 99.55810546875;
[2026-05-11 05:51:00,142] INFO: Time: 7.238679004000005; Encoder Angle: 99.51416015625;
[2026-05-11 05:51:00,152] INFO: Time: 7.248746645999972; Encoder Angle: 99.5361328125;
[2026-05-11 05:51:00,162] INFO: Time: 7.258817954000051; Encoder Angle: 99.51416015625;
[2026-05-11 05:51:00,172] INFO: Time: 7.268884502999981; Encoder Angle: 99.55810546875;
[2026-05-11 05:51:00,182] INFO: Time: 7.278963885000167; Encoder Angle: 99.51416015625;
[2026-05-11 05:51:00,192] INFO: Time: 7.289031879000049; Encoder Angle: 99.51416015625;
[2026-05-11 05:51:00,202] INFO: Time: 7.299096835; Encoder Angle: 99.5361328125;
[2026-05-11 05:51:00,212] INFO: Time: 7.309165069000073; Encoder Angle: 99.51416015625;
[2026-05-11 05:51:00,223] INFO: Time: 7.31923169300012; Encoder Angle: 99.55810546875;
[2026-05-11 05:51:00,233] INFO: Time: 7.329298964000145; Encoder Angle: 99.5361328125;
[2026-05-11 05:51:00,243] INFO: Time: 7.339370550000012; Encoder Angle: 99.580078125;
[2026-05-11 05:51:00,253] INFO: Time: 7.349437303000059; Encoder Angle: 99.5361328125;
[2026-05-11 05:51:00,263] INFO: Time: 7.359509500000058; Encoder Angle: 99.55810546875;
[2026-05-11 05:51:00,273] INFO: Time: 7.369576771000084; Encoder Angle: 99.51416015625;
[2026-05-11 05:51:00,283] INFO: Time: 7.379647357000067; Encoder Angle: 99.55810546875;
[2026-05-11 05:51:00,293] INFO: Time: 7.3897181100001035; Encoder Angle: 99.51416015625;
[2026-05-11 05:51:00,303] INFO: Time: 7.399782288000097; Encoder Angle: 99.580078125;
[2026-05-11 05:51:00,313] INFO: Time: 7.40984780000008; Encoder Angle: 99.5361328125;
[2026-05-11 05:51:00,323] INFO: Time: 7.419918701000142; Encoder Angle: 99.55810546875;
[2026-05-11 05:51:00,333] INFO: Time: 7.429982473000109; Encoder Angle: 99.51416015625;
[2026-05-11 05:51:00,343] INFO: Time: 7.440054133000103; Encoder Angle: 99.60205078125;
[2026-05-11 05:51:00,353] INFO: Time: 7.450118255999996; Encoder Angle: 99.55810546875;
[2026-05-11 05:51:00,364] INFO: Time: 7.460195453000097; Encoder Angle: 99.580078125;
[2026-05-11 05:51:00,374] INFO: Time: 7.470265724000001; Encoder Angle: 99.55810546875;
[2026-05-11 05:51:00,384] INFO: Time: 7.480331014000058; Encoder Angle: 99.4921875;
[2026-05-11 05:51:00,394] INFO: Time: 7.4904051190001155; Encoder Angle: 99.5361328125;
[2026-05-11 05:51:00,404] INFO: Time: 7.500470890000088; Encoder Angle: 99.5361328125;
[2026-05-11 05:51:00,414] INFO: Time: 7.510542735000172; Encoder Angle: 99.51416015625;
[2026-05-11 05:51:00,424] INFO: Time: 7.520611506000023; Encoder Angle: 99.55810546875;
[2026-05-11 05:51:00,434] INFO: Time: 7.530677166000032; Encoder Angle: 99.5361328125;
[2026-05-11 05:51:00,444] INFO: Time: 7.540741845000184; Encoder Angle: 99.5361328125;
[2026-05-11 05:51:00,454] INFO: Time: 7.5508075050001935; Encoder Angle: 99.4921875;
[2026-05-11 05:51:00,464] INFO: Time: 7.560872832000086; Encoder Angle: 99.51416015625;
[2026-05-11 05:51:00,474] INFO: Time: 7.570935585000143; Encoder Angle: 99.55810546875;
[2026-05-11 05:51:00,484] INFO: Time: 7.581003874000089; Encoder Angle: 99.4921875;
[2026-05-11 05:51:00,494] INFO: Time: 7.591069942000104; Encoder Angle: 99.47021484375;
[2026-05-11 05:51:00,504] INFO: Time: 7.601134621000028; Encoder Angle: 99.4921875;
[2026-05-11 05:51:00,515] INFO: Time: 7.611198818000048; Encoder Angle: 99.5361328125;
[2026-05-11 05:51:00,525] INFO: Time: 7.621265552000068; Encoder Angle: 99.51416015625;
[2026-05-11 05:51:00,535] INFO: Time: 7.631332916000019; Encoder Angle: 99.5361328125;
[2026-05-11 05:51:00,545] INFO: Time: 7.6413974829999916; Encoder Angle: 99.5361328125;
[2026-05-11 05:51:00,555] INFO: Time: 7.651463680000006; Encoder Angle: 99.4921875;
[2026-05-11 05:51:00,565] INFO: Time: 7.6615291000000525; Encoder Angle: 99.5361328125;
[2026-05-11 05:51:00,575] INFO: Time: 7.671596093000062; Encoder Angle: 99.4921875;
[2026-05-11 05:51:00,585] INFO: Time: 7.681674624000152; Encoder Angle: 99.51416015625;
[2026-05-11 05:51:00,595] INFO: Time: 7.691756580000174; Encoder Angle: 99.4921875;
[2026-05-11 05:51:00,605] INFO: Time: 7.701827814000126; Encoder Angle: 99.55810546875;
[2026-05-11 05:51:00,615] INFO: Time: 7.7119008260001465; Encoder Angle: 99.5361328125;
[2026-05-11 05:51:00,625] INFO: Time: 7.7219711530001405; Encoder Angle: 99.47021484375;
[2026-05-11 05:51:00,635] INFO: Time: 7.7320393690001765; Encoder Angle: 99.47021484375;
[2026-05-11 05:51:00,645] INFO: Time: 7.742107454999996; Encoder Angle: 99.47021484375;
[2026-05-11 05:51:00,655] INFO: Time: 7.752172115000121; Encoder Angle: 99.4921875;
[2026-05-11 05:51:00,666] INFO: Time: 7.762239072000057; Encoder Angle: 99.42626953125;
[2026-05-11 05:51:00,676] INFO: Time: 7.772306084000093; Encoder Angle: 99.4482421875;
[2026-05-11 05:51:00,686] INFO: Time: 7.782391077000057; Encoder Angle: 99.42626953125;
[2026-05-11 05:51:00,696] INFO: Time: 7.792461830000093; Encoder Angle: 99.4482421875;
[2026-05-11 05:51:00,706] INFO: Time: 7.802527138000187; Encoder Angle: 99.4482421875;
[2026-05-11 05:51:00,716] INFO: Time: 7.812591817000111; Encoder Angle: 99.47021484375;
[2026-05-11 05:51:00,726] INFO: Time: 7.822658903000047; Encoder Angle: 99.404296875;
[2026-05-11 05:51:00,736] INFO: Time: 7.832725062999998; Encoder Angle: 99.404296875;
[2026-05-11 05:51:00,746] INFO: Time: 7.842798334000008; Encoder Angle: 99.38232421875;
[2026-05-11 05:51:00,756] INFO: Time: 7.85286842000005; Encoder Angle: 99.3603515625;
[2026-05-11 05:51:00,766] INFO: Time: 7.862938525000118; Encoder Angle: 99.3603515625;
[2026-05-11 05:51:00,776] INFO: Time: 7.873010352000165; Encoder Angle: 99.33837890625;
[2026-05-11 05:51:00,786] INFO: Time: 7.883077641; Encoder Angle: 99.33837890625;
[2026-05-11 05:51:00,796] INFO: Time: 7.893146246000015; Encoder Angle: 99.25048828125;
[2026-05-11 05:51:00,807] INFO: Time: 7.90321490600013; Encoder Angle: 99.25048828125;
[2026-05-11 05:51:00,817] INFO: Time: 7.913280955000118; Encoder Angle: 99.20654296875;
[2026-05-11 05:51:00,827] INFO: Time: 7.9233512260000225; Encoder Angle: 99.140625;
[2026-05-11 05:51:00,837] INFO: Time: 7.933416479000016; Encoder Angle: 99.0966796875;
[2026-05-11 05:51:00,847] INFO: Time: 7.943483880000031; Encoder Angle: 99.0966796875;
[2026-05-11 05:51:00,857] INFO: Time: 7.953548151000177; Encoder Angle: 98.96484375;
[2026-05-11 05:51:00,867] INFO: Time: 7.963623867000024; Encoder Angle: 99.03076171875;
[2026-05-11 05:51:00,877] INFO: Time: 7.9736919530000705; Encoder Angle: 98.96484375;
[2026-05-11 05:51:00,888] INFO: Time: 7.984597784000016; Encoder Angle: 98.9208984375;
[2026-05-11 05:51:00,898] INFO: Time: 7.994665388000158; Encoder Angle: 98.89892578125;
[2026-05-11 05:51:00,908] INFO: Time: 8.005053030999989; Encoder Angle: 98.76708984375;
[2026-05-11 05:51:00,918] INFO: Time: 8.015114413999981; Encoder Angle: 98.701171875;
[2026-05-11 05:51:00,929] INFO: Time: 8.025182944000107; Encoder Angle: 98.67919921875;
[2026-05-11 05:51:00,939] INFO: Time: 8.035244789999979; Encoder Angle: 98.701171875;
[2026-05-11 05:51:00,949] INFO: Time: 8.045308542000157; Encoder Angle: 98.63525390625;
[2026-05-11 05:51:00,959] INFO: Time: 8.055368128000055; Encoder Angle: 98.5693359375;
[2026-05-11 05:51:00,969] INFO: Time: 8.065434270000196; Encoder Angle: 98.50341796875;
[2026-05-11 05:51:00,979] INFO: Time: 8.075496430000157; Encoder Angle: 98.4375;
[2026-05-11 05:51:00,989] INFO: Time: 8.085557090000066; Encoder Angle: 98.3935546875;
[2026-05-11 05:51:00,999] INFO: Time: 8.095624861000033; Encoder Angle: 98.3056640625;
[2026-05-11 05:51:01,009] INFO: Time: 8.105685225000116; Encoder Angle: 98.28369140625;
[2026-05-11 05:51:01,019] INFO: Time: 8.11575142200013; Encoder Angle: 98.19580078125;
[2026-05-11 05:51:01,029] INFO: Time: 8.12581156400006; Encoder Angle: 98.10791015625;
[2026-05-11 05:51:01,039] INFO: Time: 8.135875076000048; Encoder Angle: 98.0419921875;
[2026-05-11 05:51:01,049] INFO: Time: 8.145944421000195; Encoder Angle: 97.998046875;
[2026-05-11 05:51:01,059] INFO: Time: 8.156009544000199; Encoder Angle: 97.9541015625;
[2026-05-11 05:51:01,069] INFO: Time: 8.166080630000124; Encoder Angle: 97.80029296875;
[2026-05-11 05:51:01,080] INFO: Time: 8.176160679000077; Encoder Angle: 97.734375;
[2026-05-11 05:51:01,090] INFO: Time: 8.186225599000181; Encoder Angle: 97.646484375;
[2026-05-11 05:51:01,100] INFO: Time: 8.196297111000149; Encoder Angle: 97.53662109375;
[2026-05-11 05:51:01,110] INFO: Time: 8.206370882000101; Encoder Angle: 97.44873046875;
[2026-05-11 05:51:01,120] INFO: Time: 8.216439227000137; Encoder Angle: 97.3828125;
[2026-05-11 05:51:01,130] INFO: Time: 8.22651127600011; Encoder Angle: 97.27294921875;
[2026-05-11 05:51:01,140] INFO: Time: 8.23657827000011; Encoder Angle: 97.18505859375;
[2026-05-11 05:51:01,150] INFO: Time: 8.246650189000093; Encoder Angle: 97.05322265625;
[2026-05-11 05:51:01,160] INFO: Time: 8.256720405000124; Encoder Angle: 97.00927734375;
[2026-05-11 05:51:01,170] INFO: Time: 8.266804658000183; Encoder Angle: 96.87744140625;
[2026-05-11 05:51:01,180] INFO: Time: 8.27688029900014; Encoder Angle: 96.8115234375;
[2026-05-11 05:51:01,190] INFO: Time: 8.286947458999975; Encoder Angle: 96.6796875;
[2026-05-11 05:51:01,200] INFO: Time: 8.297018675000118; Encoder Angle: 96.591796875;
[2026-05-11 05:51:01,210] INFO: Time: 8.307086409000021; Encoder Angle: 96.4599609375;
[2026-05-11 05:51:01,220] INFO: Time: 8.317152088000057; Encoder Angle: 96.39404296875;
[2026-05-11 05:51:01,231] INFO: Time: 8.327218563000088; Encoder Angle: 96.240234375;
[2026-05-11 05:51:01,241] INFO: Time: 8.337287686000082; Encoder Angle: 96.1083984375;
[2026-05-11 05:51:01,251] INFO: Time: 8.347351846000038; Encoder Angle: 96.0205078125;
[2026-05-11 05:51:01,261] INFO: Time: 8.357421079999995; Encoder Angle: 95.888671875;
[2026-05-11 05:51:01,271] INFO: Time: 8.367485240000178; Encoder Angle: 95.7568359375;
[2026-05-11 05:51:01,281] INFO: Time: 8.377553030000172; Encoder Angle: 95.712890625;
[2026-05-11 05:51:01,291] INFO: Time: 8.387617653000007; Encoder Angle: 95.55908203125;
[2026-05-11 05:51:01,301] INFO: Time: 8.397690517000001; Encoder Angle: 95.42724609375;
[2026-05-11 05:51:01,311] INFO: Time: 8.407760473000053; Encoder Angle: 95.3173828125;
[2026-05-11 05:51:01,321] INFO: Time: 8.417827930000158; Encoder Angle: 95.16357421875;
[2026-05-11 05:51:01,331] INFO: Time: 8.427892127000177; Encoder Angle: 95.07568359375;
[2026-05-11 05:51:01,341] INFO: Time: 8.437960601999976; Encoder Angle: 94.94384765625;
[2026-05-11 05:51:01,351] INFO: Time: 8.448023910000074; Encoder Angle: 94.76806640625;
[2026-05-11 05:51:01,361] INFO: Time: 8.45809790400017; Encoder Angle: 94.63623046875;
[2026-05-11 05:51:01,371] INFO: Time: 8.46816680500001; Encoder Angle: 94.54833984375;
[2026-05-11 05:51:01,382] INFO: Time: 8.47822800200015; Encoder Angle: 94.482421875;
[2026-05-11 05:51:01,392] INFO: Time: 8.488289291000001; Encoder Angle: 94.306640625;
[2026-05-11 05:51:01,402] INFO: Time: 8.498356229000137; Encoder Angle: 94.15283203125;
[2026-05-11 05:51:01,412] INFO: Time: 8.508417925999993; Encoder Angle: 94.04296875;
[2026-05-11 05:51:01,422] INFO: Time: 8.518478512999991; Encoder Angle: 93.93310546875;
[2026-05-11 05:51:01,432] INFO: Time: 8.528546599000038; Encoder Angle: 93.8232421875;
[2026-05-11 05:51:01,442] INFO: Time: 8.538611629000115; Encoder Angle: 93.66943359375;
[2026-05-11 05:51:01,452] INFO: Time: 8.548685011000089; Encoder Angle: 93.4716796875;
[2026-05-11 05:51:01,462] INFO: Time: 8.558759375000136; Encoder Angle: 93.36181640625;
[2026-05-11 05:51:01,472] INFO: Time: 8.568824461000077; Encoder Angle: 93.251953125;
[2026-05-11 05:51:01,482] INFO: Time: 8.578897029000018; Encoder Angle: 93.1201171875;
[2026-05-11 05:51:01,492] INFO: Time: 8.588959800000111; Encoder Angle: 93.01025390625;
[2026-05-11 05:51:01,502] INFO: Time: 8.599027385999989; Encoder Angle: 92.83447265625;
[2026-05-11 05:51:01,512] INFO: Time: 8.609099268000136; Encoder Angle: 92.724609375;
[2026-05-11 05:51:01,522] INFO: Time: 8.619164762000082; Encoder Angle: 92.61474609375;
[2026-05-11 05:51:01,533] INFO: Time: 8.629236959000082; Encoder Angle: 92.43896484375;
[2026-05-11 05:51:01,543] INFO: Time: 8.639309138000044; Encoder Angle: 92.30712890625;
[2026-05-11 05:51:01,553] INFO: Time: 8.649377242000128; Encoder Angle: 92.1533203125;
[2026-05-11 05:51:01,563] INFO: Time: 8.659443828000121; Encoder Angle: 92.0654296875;
[2026-05-11 05:51:01,573] INFO: Time: 8.669522248000021; Encoder Angle: 91.95556640625;
[2026-05-11 05:51:01,583] INFO: Time: 8.679592538000179; Encoder Angle: 91.8896484375;
[2026-05-11 05:51:01,593] INFO: Time: 8.689660550000099; Encoder Angle: 91.69189453125;
[2026-05-11 05:51:01,603] INFO: Time: 8.699736690999998; Encoder Angle: 91.5380859375;
[2026-05-11 05:51:01,613] INFO: Time: 8.709811314000035; Encoder Angle: 91.42822265625;
[2026-05-11 05:51:01,623] INFO: Time: 8.719881456000167; Encoder Angle: 91.29638671875;
[2026-05-11 05:51:01,633] INFO: Time: 8.729946375000054; Encoder Angle: 91.142578125;
[2026-05-11 05:51:01,643] INFO: Time: 8.740011053999979; Encoder Angle: 91.03271484375;
[2026-05-11 05:51:01,653] INFO: Time: 8.750083473000132; Encoder Angle: 90.966796875;
[2026-05-11 05:51:01,664] INFO: Time: 8.760374116000094; Encoder Angle: 90.791015625;
[2026-05-11 05:51:01,674] INFO: Time: 8.770469665000064; Encoder Angle: 90.68115234375;
[2026-05-11 05:51:01,684] INFO: Time: 8.780580177000047; Encoder Angle: 90.52734375;
[2026-05-11 05:51:01,694] INFO: Time: 8.790677189999997; Encoder Angle: 90.32958984375;
[2026-05-11 05:51:01,704] INFO: Time: 8.800788035000096; Encoder Angle: 90.263671875;
[2026-05-11 05:51:01,714] INFO: Time: 8.810885251000173; Encoder Angle: 90.10986328125;
[2026-05-11 05:51:01,724] INFO: Time: 8.820997393000198; Encoder Angle: 89.9560546875;
[2026-05-11 05:51:01,735] INFO: Time: 8.831094609000047; Encoder Angle: 89.89013671875;
[2026-05-11 05:51:01,745] INFO: Time: 8.841655790000004; Encoder Angle: 89.736328125;
[2026-05-11 05:51:01,758] INFO: Time: 8.85412835000011; Encoder Angle: 89.560546875;
[2026-05-11 05:51:01,768] INFO: Time: 8.864236066000103; Encoder Angle: 89.4287109375;
[2026-05-11 05:51:01,778] INFO: Time: 8.87433157800001; Encoder Angle: 89.27490234375;
[2026-05-11 05:51:01,788] INFO: Time: 8.884426146000123; Encoder Angle: 89.14306640625;
[2026-05-11 05:51:01,798] INFO: Time: 8.89452178800002; Encoder Angle: 89.01123046875;
[2026-05-11 05:51:01,811] INFO: Time: 8.906126937000181; Encoder Angle: 88.857421875;
[2026-05-11 05:51:01,821] INFO: Time: 8.917880975000116; Encoder Angle: 88.74755859375;
[2026-05-11 05:51:01,832] INFO: Time: 8.92801115400016; Encoder Angle: 88.59375;
[2026-05-11 05:51:01,842] INFO: Time: 8.938136519000182; Encoder Angle: 88.48388671875;
[2026-05-11 05:51:01,852] INFO: Time: 8.948225882000088; Encoder Angle: 88.30810546875;
[2026-05-11 05:51:01,862] INFO: Time: 8.958403691000058; Encoder Angle: 88.22021484375;
[2026-05-11 05:51:01,872] INFO: Time: 8.968488574000048; Encoder Angle: 88.08837890625;
[2026-05-11 05:51:01,882] INFO: Time: 8.978576308000129; Encoder Angle: 87.978515625;
[2026-05-11 05:51:01,892] INFO: Time: 8.988656098000092; Encoder Angle: 87.86865234375;
[2026-05-11 05:51:01,902] INFO: Time: 8.998727035999991; Encoder Angle: 87.73681640625;
[2026-05-11 05:51:01,912] INFO: Time: 9.008793974000127; Encoder Angle: 87.5390625;
[2026-05-11 05:51:01,922] INFO: Time: 9.018857133999973; Encoder Angle: 87.4072265625;
[2026-05-11 05:51:01,932] INFO: Time: 9.028920275000019; Encoder Angle: 87.34130859375;
[2026-05-11 05:51:01,942] INFO: Time: 9.038983435000091; Encoder Angle: 87.1435546875;
[2026-05-11 05:51:01,952] INFO: Time: 9.049045670000169; Encoder Angle: 87.03369140625;
[2026-05-11 05:51:01,962] INFO: Time: 9.059108756000114; Encoder Angle: 86.94580078125;
[2026-05-11 05:51:01,972] INFO: Time: 9.069172082000023; Encoder Angle: 86.8359375;
[2026-05-11 05:51:01,983] INFO: Time: 9.07923990900008; Encoder Angle: 86.7041015625;
[2026-05-11 05:51:01,993] INFO: Time: 9.089304125000126; Encoder Angle: 86.572265625;
[2026-05-11 05:51:02,003] INFO: Time: 9.099367415000188; Encoder Angle: 86.4404296875;
[2026-05-11 05:51:02,013] INFO: Time: 9.109430427000007; Encoder Angle: 86.28662109375;
[2026-05-11 05:51:02,023] INFO: Time: 9.119492068; Encoder Angle: 86.15478515625;
[2026-05-11 05:51:02,033] INFO: Time: 9.129559395000115; Encoder Angle: 86.02294921875;
[2026-05-11 05:51:02,043] INFO: Time: 9.139623833000087; Encoder Angle: 85.89111328125;
[2026-05-11 05:51:02,053] INFO: Time: 9.149689419000197; Encoder Angle: 85.8251953125;
[2026-05-11 05:51:02,063] INFO: Time: 9.159752449000052; Encoder Angle: 85.6494140625;
[2026-05-11 05:51:02,073] INFO: Time: 9.169822924000073; Encoder Angle: 85.49560546875;
[2026-05-11 05:51:02,083] INFO: Time: 9.179886269999997; Encoder Angle: 85.3857421875;
[2026-05-11 05:51:02,093] INFO: Time: 9.189956763000055; Encoder Angle: 85.23193359375;
[2026-05-11 05:51:02,103] INFO: Time: 9.200018738000153; Encoder Angle: 85.10009765625;
[2026-05-11 05:51:02,113] INFO: Time: 9.210085472000173; Encoder Angle: 84.990234375;
[2026-05-11 05:51:02,124] INFO: Time: 9.220166947000052; Encoder Angle: 84.83642578125;
[2026-05-11 05:51:02,134] INFO: Time: 9.23023584800012; Encoder Angle: 84.7265625;
[2026-05-11 05:51:02,144] INFO: Time: 9.24029852700005; Encoder Angle: 84.57275390625;
[2026-05-11 05:51:02,154] INFO: Time: 9.250359593999974; Encoder Angle: 84.44091796875;
[2026-05-11 05:51:02,164] INFO: Time: 9.260426994999989; Encoder Angle: 84.26513671875;
[2026-05-11 05:51:02,174] INFO: Time: 9.27049054400004; Encoder Angle: 84.111328125;
[2026-05-11 05:51:02,184] INFO: Time: 9.280550760000096; Encoder Angle: 84.04541015625;
[2026-05-11 05:51:02,194] INFO: Time: 9.290616290000116; Encoder Angle: 83.86962890625;
[2026-05-11 05:51:02,204] INFO: Time: 9.300676321000083; Encoder Angle: 83.759765625;
[2026-05-11 05:51:02,214] INFO: Time: 9.310743036000076; Encoder Angle: 83.583984375;
[2026-05-11 05:51:02,224] INFO: Time: 9.320803233000106; Encoder Angle: 83.5400390625;
[2026-05-11 05:51:02,234] INFO: Time: 9.330863375000035; Encoder Angle: 83.34228515625;
[2026-05-11 05:51:02,244] INFO: Time: 9.340930257000082; Encoder Angle: 83.21044921875;
[2026-05-11 05:51:02,254] INFO: Time: 9.35099008400016; Encoder Angle: 83.056640625;
[2026-05-11 05:51:02,264] INFO: Time: 9.36105624400011; Encoder Angle: 82.90283203125;
[2026-05-11 05:51:02,274] INFO: Time: 9.371116238000013; Encoder Angle: 82.8369140625;
[2026-05-11 05:51:02,284] INFO: Time: 9.381181268000091; Encoder Angle: 82.6611328125;
[2026-05-11 05:51:02,295] INFO: Time: 9.391242853999984; Encoder Angle: 82.50732421875;
[2026-05-11 05:51:02,305] INFO: Time: 9.401301885000066; Encoder Angle: 82.46337890625;
[2026-05-11 05:51:02,315] INFO: Time: 9.411368692999986; Encoder Angle: 82.24365234375;
[2026-05-11 05:51:02,325] INFO: Time: 9.421428705000153; Encoder Angle: 82.11181640625;
[2026-05-11 05:51:02,335] INFO: Time: 9.431495976000178; Encoder Angle: 82.001953125;
[2026-05-11 05:51:02,345] INFO: Time: 9.441555895000192; Encoder Angle: 81.826171875;
[2026-05-11 05:51:02,355] INFO: Time: 9.451615518000153; Encoder Angle: 81.67236328125;
[2026-05-11 05:51:02,365] INFO: Time: 9.461681438000141; Encoder Angle: 81.5625;
[2026-05-11 05:51:02,375] INFO: Time: 9.471741227000166; Encoder Angle: 81.45263671875;
[2026-05-11 05:51:02,385] INFO: Time: 9.481806516999995; Encoder Angle: 81.3427734375;
[2026-05-11 05:51:02,395] INFO: Time: 9.491865899000004; Encoder Angle: 81.14501953125;
[2026-05-11 05:51:02,405] INFO: Time: 9.501931745000093; Encoder Angle: 81.03515625;
[2026-05-11 05:51:02,415] INFO: Time: 9.511991886000033; Encoder Angle: 80.83740234375;
[2026-05-11 05:51:02,425] INFO: Time: 9.522056435000195; Encoder Angle: 80.7275390625;
[2026-05-11 05:51:02,435] INFO: Time: 9.532116744000177; Encoder Angle: 80.6396484375;
[2026-05-11 05:51:02,445] INFO: Time: 9.542182700000012; Encoder Angle: 80.48583984375;
[2026-05-11 05:51:02,456] INFO: Time: 9.55224380499999; Encoder Angle: 80.31005859375;
[2026-05-11 05:51:02,466] INFO: Time: 9.56230392800012; Encoder Angle: 80.2001953125;
[2026-05-11 05:51:02,476] INFO: Time: 9.572366458000033; Encoder Angle: 80.04638671875;
[2026-05-11 05:51:02,486] INFO: Time: 9.582427451000058; Encoder Angle: 79.9365234375;
[2026-05-11 05:51:02,496] INFO: Time: 9.59249327800012; Encoder Angle: 79.78271484375;
[2026-05-11 05:51:02,506] INFO: Time: 9.602553049000107; Encoder Angle: 79.65087890625;
[2026-05-11 05:51:02,516] INFO: Time: 9.612616247000005; Encoder Angle: 79.541015625;
[2026-05-11 05:51:02,526] INFO: Time: 9.622676017999993; Encoder Angle: 79.34326171875;
[2026-05-11 05:51:02,536] INFO: Time: 9.632735863000107; Encoder Angle: 79.2333984375;
[2026-05-11 05:51:02,546] INFO: Time: 9.642804597000122; Encoder Angle: 79.07958984375;
[2026-05-11 05:51:02,556] INFO: Time: 9.652866701999983; Encoder Angle: 78.94775390625;
[2026-05-11 05:51:02,566] INFO: Time: 9.662927917000161; Encoder Angle: 78.75;
[2026-05-11 05:51:02,576] INFO: Time: 9.672988170000053; Encoder Angle: 78.6181640625;
[2026-05-11 05:51:02,586] INFO: Time: 9.683053867000126; Encoder Angle: 78.4423828125;
[2026-05-11 05:51:02,596] INFO: Time: 9.69311506400004; Encoder Angle: 78.3544921875;
[2026-05-11 05:51:02,607] INFO: Time: 9.703185613000187; Encoder Angle: 78.24462890625;
[2026-05-11 05:51:02,617] INFO: Time: 9.713252551000096; Encoder Angle: 78.046875;
[2026-05-11 05:51:02,627] INFO: Time: 9.723315748000005; Encoder Angle: 77.9150390625;
[2026-05-11 05:51:02,637] INFO: Time: 9.73338694600011; Encoder Angle: 77.783203125;
[2026-05-11 05:51:02,647] INFO: Time: 9.743454401999998; Encoder Angle: 77.62939453125;
[2026-05-11 05:51:02,657] INFO: Time: 9.753518155000165; Encoder Angle: 77.4755859375;
[2026-05-11 05:51:02,667] INFO: Time: 9.763581295999984; Encoder Angle: 77.34375;
[2026-05-11 05:51:02,677] INFO: Time: 9.773641234000024; Encoder Angle: 77.16796875;
[2026-05-11 05:51:02,687] INFO: Time: 9.783704228000033; Encoder Angle: 77.0361328125;
[2026-05-11 05:51:02,697] INFO: Time: 9.79377490600018; Encoder Angle: 76.8603515625;
[2026-05-11 05:51:02,707] INFO: Time: 9.803839826000058; Encoder Angle: 76.728515625;
[2026-05-11 05:51:02,717] INFO: Time: 9.813905429999977; Encoder Angle: 76.552734375;
[2026-05-11 05:51:02,727] INFO: Time: 9.82396705300016; Encoder Angle: 76.46484375;
[2026-05-11 05:51:02,737] INFO: Time: 9.834029028000032; Encoder Angle: 76.26708984375;
[2026-05-11 05:51:02,747] INFO: Time: 9.844090318000099; Encoder Angle: 76.11328125;
[2026-05-11 05:51:02,757] INFO: Time: 9.854150904000107; Encoder Angle: 76.025390625;
[2026-05-11 05:51:02,768] INFO: Time: 9.864213156999995; Encoder Angle: 75.87158203125;
[2026-05-11 05:51:02,778] INFO: Time: 9.874275928000088; Encoder Angle: 75.673828125;
[2026-05-11 05:51:02,788] INFO: Time: 9.884341847000087; Encoder Angle: 75.5859375;
[2026-05-11 05:51:02,798] INFO: Time: 9.894403137000154; Encoder Angle: 75.41015625;
[2026-05-11 05:51:02,808] INFO: Time: 9.904465982000147; Encoder Angle: 75.234375;
[2026-05-11 05:51:02,818] INFO: Time: 9.914525994000087; Encoder Angle: 75.1025390625;
[2026-05-11 05:51:02,828] INFO: Time: 9.924586413000043; Encoder Angle: 74.970703125;
[2026-05-11 05:51:02,838] INFO: Time: 9.934646870000051; Encoder Angle: 74.794921875;
[2026-05-11 05:51:02,848] INFO: Time: 9.94470738200016; Encoder Angle: 74.6630859375;
[2026-05-11 05:51:02,858] INFO: Time: 9.954767059999995; Encoder Angle: 74.53125;
[2026-05-11 05:51:02,868] INFO: Time: 9.964833739000142; Encoder Angle: 74.37744140625;
[2026-05-11 05:51:02,878] INFO: Time: 9.97489534400006; Encoder Angle: 74.24560546875;
[2026-05-11 05:51:02,888] INFO: Time: 9.984956022000006; Encoder Angle: 74.11376953125;
[2026-05-11 05:51:02,898] INFO: Time: 9.995020664000094; Encoder Angle: 74.00390625;
[2026-05-11 05:51:02,908] INFO: Time: 10.005080694000071; Encoder Angle: 73.76220703125;
[2026-05-11 05:51:02,918] INFO: Time: 10.015144373000112; Encoder Angle: 73.6962890625;
[2026-05-11 05:51:02,928] INFO: Time: 10.025204533000078; Encoder Angle: 73.54248046875;
[2026-05-11 05:51:02,939] INFO: Time: 10.035265915000082; Encoder Angle: 73.4326171875;
[2026-05-11 05:51:02,949] INFO: Time: 10.045328890000064; Encoder Angle: 73.32275390625;
[2026-05-11 05:51:02,959] INFO: Time: 10.055390106000004; Encoder Angle: 73.19091796875;
[2026-05-11 05:51:02,969] INFO: Time: 10.065450321000071; Encoder Angle: 73.01513671875;
[2026-05-11 05:51:02,979] INFO: Time: 10.075511796; Encoder Angle: 72.861328125;
[2026-05-11 05:51:02,989] INFO: Time: 10.085573679000163; Encoder Angle: 72.7294921875;
[2026-05-11 05:51:02,999] INFO: Time: 10.095634524000161; Encoder Angle: 72.59765625;
[2026-05-11 05:51:03,009] INFO: Time: 10.105699535999975; Encoder Angle: 72.48779296875;
[2026-05-11 05:51:03,019] INFO: Time: 10.1157603260001; Encoder Angle: 72.35595703125;
[2026-05-11 05:51:03,029] INFO: Time: 10.125822689000188; Encoder Angle: 72.22412109375;
[2026-05-11 05:51:03,039] INFO: Time: 10.135884424000096; Encoder Angle: 72.0263671875;
[2026-05-11 05:51:03,049] INFO: Time: 10.145946380000169; Encoder Angle: 71.91650390625;
[2026-05-11 05:51:03,059] INFO: Time: 10.156010040000183; Encoder Angle: 71.74072265625;
[2026-05-11 05:51:03,069] INFO: Time: 10.166070404000038; Encoder Angle: 71.65283203125;
[2026-05-11 05:51:03,080] INFO: Time: 10.176143323000133; Encoder Angle: 71.4990234375;
[2026-05-11 05:51:03,090] INFO: Time: 10.18622702100015; Encoder Angle: 71.43310546875;
[2026-05-11 05:51:03,100] INFO: Time: 10.196331792000137; Encoder Angle: 71.25732421875;
[2026-05-11 05:51:03,110] INFO: Time: 10.206399322000152; Encoder Angle: 71.12548828125;
[2026-05-11 05:51:03,120] INFO: Time: 10.216468316000146; Encoder Angle: 70.99365234375;
[2026-05-11 05:51:03,130] INFO: Time: 10.226532439000039; Encoder Angle: 70.7958984375;
[2026-05-11 05:51:03,140] INFO: Time: 10.236592710000195; Encoder Angle: 70.7080078125;
[2026-05-11 05:51:03,150] INFO: Time: 10.246656906999988; Encoder Angle: 70.55419921875;
[2026-05-11 05:51:03,160] INFO: Time: 10.256717492999996; Encoder Angle: 70.400390625;
[2026-05-11 05:51:03,170] INFO: Time: 10.266783746000101; Encoder Angle: 70.2685546875;
[2026-05-11 05:51:03,181] INFO: Time: 10.277400909000107; Encoder Angle: 70.11474609375;
[2026-05-11 05:51:03,191] INFO: Time: 10.287472625000191; Encoder Angle: 70.02685546875;
[2026-05-11 05:51:03,201] INFO: Time: 10.297539766; Encoder Angle: 69.8291015625;
[2026-05-11 05:51:03,211] INFO: Time: 10.30760522300011; Encoder Angle: 69.67529296875;
[2026-05-11 05:51:03,221] INFO: Time: 10.317669531000092; Encoder Angle: 69.5654296875;
[2026-05-11 05:51:03,231] INFO: Time: 10.327736080000022; Encoder Angle: 69.345703125;
[2026-05-11 05:51:03,241] INFO: Time: 10.337799684000174; Encoder Angle: 69.23583984375;
[2026-05-11 05:51:03,251] INFO: Time: 10.347863863000157; Encoder Angle: 69.10400390625;
[2026-05-11 05:51:03,261] INFO: Time: 10.357929579000029; Encoder Angle: 68.9501953125;
[2026-05-11 05:51:03,271] INFO: Time: 10.367993220000017; Encoder Angle: 68.7744140625;
[2026-05-11 05:51:03,281] INFO: Time: 10.378059306000068; Encoder Angle: 68.6865234375;
[2026-05-11 05:51:03,291] INFO: Time: 10.388122448000104; Encoder Angle: 68.48876953125;
[2026-05-11 05:51:03,301] INFO: Time: 10.398185923000028; Encoder Angle: 68.3349609375;
[2026-05-11 05:51:03,312] INFO: Time: 10.408249545999979; Encoder Angle: 68.2470703125;
[2026-05-11 05:51:03,322] INFO: Time: 10.418312538999999; Encoder Angle: 68.02734375;
[2026-05-11 05:51:03,332] INFO: Time: 10.428380699000172; Encoder Angle: 67.82958984375;
[2026-05-11 05:51:03,342] INFO: Time: 10.438444860000118; Encoder Angle: 67.78564453125;
[2026-05-11 05:51:03,352] INFO: Time: 10.448506223000095; Encoder Angle: 67.587890625;
[2026-05-11 05:51:03,362] INFO: Time: 10.458569032000014; Encoder Angle: 67.4560546875;
[2026-05-11 05:51:03,372] INFO: Time: 10.468634192000081; Encoder Angle: 67.2802734375;
[2026-05-11 05:51:03,382] INFO: Time: 10.478698574000191; Encoder Angle: 67.12646484375;
[2026-05-11 05:51:03,392] INFO: Time: 10.48876462300018; Encoder Angle: 66.95068359375;
[2026-05-11 05:51:03,402] INFO: Time: 10.498827283000082; Encoder Angle: 66.8408203125;
[2026-05-11 05:51:03,412] INFO: Time: 10.508889942999986; Encoder Angle: 66.68701171875;
[2026-05-11 05:51:03,422] INFO: Time: 10.5189535290001; Encoder Angle: 66.4453125;
[2026-05-11 05:51:03,432] INFO: Time: 10.52902026300012; Encoder Angle: 66.3134765625;
[2026-05-11 05:51:03,442] INFO: Time: 10.539091738000025; Encoder Angle: 66.20361328125;
[2026-05-11 05:51:03,452] INFO: Time: 10.549157787000013; Encoder Angle: 66.07177734375;
[2026-05-11 05:51:03,463] INFO: Time: 10.559221818000196; Encoder Angle: 65.8740234375;
[2026-05-11 05:51:03,473] INFO: Time: 10.569289052000158; Encoder Angle: 65.7861328125;
[2026-05-11 05:51:03,483] INFO: Time: 10.579355434000036; Encoder Angle: 65.58837890625;
[2026-05-11 05:51:03,493] INFO: Time: 10.589423261000093; Encoder Angle: 65.478515625;
[2026-05-11 05:51:03,503] INFO: Time: 10.599490366000055; Encoder Angle: 65.302734375;
[2026-05-11 05:51:03,513] INFO: Time: 10.609553600000027; Encoder Angle: 65.1708984375;
[2026-05-11 05:51:03,523] INFO: Time: 10.619616593000046; Encoder Angle: 65.01708984375;
[2026-05-11 05:51:03,533] INFO: Time: 10.629680920000055; Encoder Angle: 64.8193359375;
[2026-05-11 05:51:03,543] INFO: Time: 10.63974476500016; Encoder Angle: 64.7314453125;
[2026-05-11 05:51:03,553] INFO: Time: 10.649812740000016; Encoder Angle: 64.5556640625;
[2026-05-11 05:51:03,563] INFO: Time: 10.659877012000152; Encoder Angle: 64.3798828125;
[2026-05-11 05:51:03,573] INFO: Time: 10.669941135000045; Encoder Angle: 64.22607421875;
[2026-05-11 05:51:03,583] INFO: Time: 10.680014368999991; Encoder Angle: 64.072265625;
[2026-05-11 05:51:03,593] INFO: Time: 10.69009080700016; Encoder Angle: 63.896484375;
[2026-05-11 05:51:03,604] INFO: Time: 10.700168708000092; Encoder Angle: 63.78662109375001;
[2026-05-11 05:51:03,614] INFO: Time: 10.710426869000003; Encoder Angle: 63.6328125;
[2026-05-11 05:51:03,624] INFO: Time: 10.720496120999996; Encoder Angle: 63.39111328125;
[2026-05-11 05:51:03,634] INFO: Time: 10.730566541000144; Encoder Angle: 63.32519531250001;
[2026-05-11 05:51:03,644] INFO: Time: 10.740633201000037; Encoder Angle: 63.12744140625;
[2026-05-11 05:51:03,654] INFO: Time: 10.750701269000047; Encoder Angle: 62.99560546875;
[2026-05-11 05:51:03,664] INFO: Time: 10.760765521000167; Encoder Angle: 62.84179687500001;
[2026-05-11 05:51:03,674] INFO: Time: 10.770832700000028; Encoder Angle: 62.64404296875;
[2026-05-11 05:51:03,686] INFO: Time: 10.782122050999988; Encoder Angle: 62.49023437499999;
[2026-05-11 05:51:03,696] INFO: Time: 10.79219161900005; Encoder Angle: 62.42431640625;
[2026-05-11 05:51:03,706] INFO: Time: 10.802264020000166; Encoder Angle: 62.24853515624999;
[2026-05-11 05:51:03,716] INFO: Time: 10.812331106000101; Encoder Angle: 62.09472656250001;
[2026-05-11 05:51:03,726] INFO: Time: 10.822394099000121; Encoder Angle: 61.9189453125;
[2026-05-11 05:51:03,736] INFO: Time: 10.832454796000093; Encoder Angle: 61.74316406250001;
[2026-05-11 05:51:03,746] INFO: Time: 10.842517030000181; Encoder Angle: 61.58935546875;
[2026-05-11 05:51:03,756] INFO: Time: 10.85257748700019; Encoder Angle: 61.45751953125;
[2026-05-11 05:51:03,766] INFO: Time: 10.862639332000072; Encoder Angle: 61.28173828124999;
[2026-05-11 05:51:03,776] INFO: Time: 10.872699622000027; Encoder Angle: 61.12792968750001;
[2026-05-11 05:51:03,786] INFO: Time: 10.882758948000173; Encoder Angle: 60.97412109375;
[2026-05-11 05:51:03,796] INFO: Time: 10.89282120100006; Encoder Angle: 60.88623046875001;
[2026-05-11 05:51:03,806] INFO: Time: 10.902883158000122; Encoder Angle: 60.64453125000001;
[2026-05-11 05:51:03,816] INFO: Time: 10.912947447000079; Encoder Angle: 60.53466796875001;
[2026-05-11 05:51:03,826] INFO: Time: 10.923009718000003; Encoder Angle: 60.380859375;
[2026-05-11 05:51:03,836] INFO: Time: 10.93307011900015; Encoder Angle: 60.27099609375;
[2026-05-11 05:51:03,846] INFO: Time: 10.943131520000179; Encoder Angle: 60.09521484375;
[2026-05-11 05:51:03,856] INFO: Time: 10.953192920999982; Encoder Angle: 59.96337890624999;
[2026-05-11 05:51:03,867] INFO: Time: 10.96325374800017; Encoder Angle: 59.83154296874999;
[2026-05-11 05:51:03,877] INFO: Time: 10.97331516700001; Encoder Angle: 59.65576171875;
[2026-05-11 05:51:03,887] INFO: Time: 10.983379661000072; Encoder Angle: 59.52392578125;
[2026-05-11 05:51:03,897] INFO: Time: 10.993444098000055; Encoder Angle: 59.32617187500001;
[2026-05-11 05:51:03,907] INFO: Time: 11.003505203000032; Encoder Angle: 59.21630859374999;
[2026-05-11 05:51:03,917] INFO: Time: 11.013568307000014; Encoder Angle: 58.99658203124999;
[2026-05-11 05:51:03,927] INFO: Time: 11.023630449000166; Encoder Angle: 58.95263671875001;
[2026-05-11 05:51:03,937] INFO: Time: 11.033691887000032; Encoder Angle: 58.71093750000001;
[2026-05-11 05:51:03,947] INFO: Time: 11.043755362000184; Encoder Angle: 58.55712890625;
[2026-05-11 05:51:03,957] INFO: Time: 11.053816300000108; Encoder Angle: 58.447265625;
[2026-05-11 05:51:03,967] INFO: Time: 11.063879812000096; Encoder Angle: 58.24951171874999;
[2026-05-11 05:51:03,977] INFO: Time: 11.073940472000004; Encoder Angle: 58.13964843749999;
[2026-05-11 05:51:03,987] INFO: Time: 11.084002558000066; Encoder Angle: 58.0517578125;
[2026-05-11 05:51:03,997] INFO: Time: 11.094067533000043; Encoder Angle: 57.85400390625;
[2026-05-11 05:51:04,007] INFO: Time: 11.10412882200012; Encoder Angle: 57.67822265625;
[2026-05-11 05:51:04,017] INFO: Time: 11.114193242000056; Encoder Angle: 57.568359375;
[2026-05-11 05:51:04,028] INFO: Time: 11.124257661000001; Encoder Angle: 57.37060546875;
[2026-05-11 05:51:04,038] INFO: Time: 11.134319673000164; Encoder Angle: 57.23876953125;
[2026-05-11 05:51:04,048] INFO: Time: 11.144382796000173; Encoder Angle: 57.041015625;
[2026-05-11 05:51:04,058] INFO: Time: 11.154445512000166; Encoder Angle: 56.953125;
[2026-05-11 05:51:04,068] INFO: Time: 11.16450785699999; Encoder Angle: 56.79931640625;
[2026-05-11 05:51:04,078] INFO: Time: 11.174570684000173; Encoder Angle: 56.6015625;
[2026-05-11 05:51:04,088] INFO: Time: 11.184637622000082; Encoder Angle: 56.53564453125;
[2026-05-11 05:51:04,098] INFO: Time: 11.194701430000123; Encoder Angle: 56.2939453125;
[2026-05-11 05:51:04,108] INFO: Time: 11.204786035000097; Encoder Angle: 56.18408203125;
[2026-05-11 05:51:04,118] INFO: Time: 11.214856435999991; Encoder Angle: 56.00830078125;
[2026-05-11 05:51:04,128] INFO: Time: 11.22492400300007; Encoder Angle: 55.92041015625;
[2026-05-11 05:51:04,138] INFO: Time: 11.234986311000057; Encoder Angle: 55.70068359375;
[2026-05-11 05:51:04,148] INFO: Time: 11.245047360000171; Encoder Angle: 55.56884765625;
[2026-05-11 05:51:04,158] INFO: Time: 11.25510909400009; Encoder Angle: 55.458984375;
[2026-05-11 05:51:04,168] INFO: Time: 11.26517049500012; Encoder Angle: 55.26123046875;
[2026-05-11 05:51:04,179] INFO: Time: 11.275246804000062; Encoder Angle: 55.08544921875;
[2026-05-11 05:51:04,189] INFO: Time: 11.285314779000146; Encoder Angle: 54.99755859375;
[2026-05-11 05:51:04,199] INFO: Time: 11.295380402000092; Encoder Angle: 54.7998046875;
[2026-05-11 05:51:04,209] INFO: Time: 11.305441525000106; Encoder Angle: 54.68994140625;
[2026-05-11 05:51:04,219] INFO: Time: 11.31550664800011; Encoder Angle: 54.51416015625;
[2026-05-11 05:51:04,229] INFO: Time: 11.325585826000179; Encoder Angle: 54.33837890625;
[2026-05-11 05:51:04,239] INFO: Time: 11.335650190000024; Encoder Angle: 54.140625;
[2026-05-11 05:51:04,249] INFO: Time: 11.345714647000023; Encoder Angle: 54.0087890625;
[2026-05-11 05:51:04,259] INFO: Time: 11.355778806999979; Encoder Angle: 53.89892578125;
[2026-05-11 05:51:04,269] INFO: Time: 11.365850873999989; Encoder Angle: 53.701171875;
[2026-05-11 05:51:04,279] INFO: Time: 11.375914757000146; Encoder Angle: 53.54736328125;
[2026-05-11 05:51:04,289] INFO: Time: 11.38597747200015; Encoder Angle: 53.41552734375;
[2026-05-11 05:51:04,299] INFO: Time: 11.396041910000122; Encoder Angle: 53.26171875;
[2026-05-11 05:51:04,309] INFO: Time: 11.406105311000147; Encoder Angle: 53.06396484375;
[2026-05-11 05:51:04,319] INFO: Time: 11.416167564000034; Encoder Angle: 52.97607421875;
[2026-05-11 05:51:04,330] INFO: Time: 11.42623083500007; Encoder Angle: 52.7783203125;
[2026-05-11 05:51:04,340] INFO: Time: 11.436291884000184; Encoder Angle: 52.58056640625;
[2026-05-11 05:51:04,350] INFO: Time: 11.446355691999997; Encoder Angle: 52.44873046875;
[2026-05-11 05:51:04,360] INFO: Time: 11.456417834000149; Encoder Angle: 52.31689453125;
[2026-05-11 05:51:04,370] INFO: Time: 11.466481252999984; Encoder Angle: 52.14111328125;
[2026-05-11 05:51:04,380] INFO: Time: 11.476544821000061; Encoder Angle: 51.8994140625;
[2026-05-11 05:51:04,390] INFO: Time: 11.486605647000033; Encoder Angle: 51.83349609375;
[2026-05-11 05:51:04,400] INFO: Time: 11.496668178000164; Encoder Angle: 51.70166015625;
[2026-05-11 05:51:04,410] INFO: Time: 11.506733059999988; Encoder Angle: 51.50390625;
[2026-05-11 05:51:04,420] INFO: Time: 11.516794998000023; Encoder Angle: 51.3720703125;
[2026-05-11 05:51:04,430] INFO: Time: 11.526858973000117; Encoder Angle: 51.1962890625;
[2026-05-11 05:51:04,440] INFO: Time: 11.53692030000002; Encoder Angle: 50.99853515625;
[2026-05-11 05:51:04,450] INFO: Time: 11.54698410800006; Encoder Angle: 50.888671875;
[2026-05-11 05:51:04,460] INFO: Time: 11.557047879000038; Encoder Angle: 50.69091796875;
[2026-05-11 05:51:04,470] INFO: Time: 11.567110317000015; Encoder Angle: 50.51513671875;
[2026-05-11 05:51:04,480] INFO: Time: 11.57717282900012; Encoder Angle: 50.4052734375;
[2026-05-11 05:51:04,491] INFO: Time: 11.587235082000007; Encoder Angle: 50.16357421875;
[2026-05-11 05:51:04,501] INFO: Time: 11.597301612000138; Encoder Angle: 50.0537109375;
[2026-05-11 05:51:04,511] INFO: Time: 11.607366735000141; Encoder Angle: 49.921875;
[2026-05-11 05:51:04,521] INFO: Time: 11.617429488000198; Encoder Angle: 49.74609375;
[2026-05-11 05:51:04,531] INFO: Time: 11.627490351999995; Encoder Angle: 49.63623046875;
[2026-05-11 05:51:04,541] INFO: Time: 11.6375541970001; Encoder Angle: 49.46044921875;
[2026-05-11 05:51:04,551] INFO: Time: 11.647614876000034; Encoder Angle: 49.306640625;
[2026-05-11 05:51:04,561] INFO: Time: 11.657680147000065; Encoder Angle: 49.10888671875;
[2026-05-11 05:51:04,571] INFO: Time: 11.667741714000158; Encoder Angle: 48.93310546875;
[2026-05-11 05:51:04,581] INFO: Time: 11.677806300000157; Encoder Angle: 48.80126953125;
[2026-05-11 05:51:04,591] INFO: Time: 11.687866609000139; Encoder Angle: 48.62548828125;
[2026-05-11 05:51:04,601] INFO: Time: 11.697933454000122; Encoder Angle: 48.4716796875;
[2026-05-11 05:51:04,611] INFO: Time: 11.707998207000173; Encoder Angle: 48.31787109375;
[2026-05-11 05:51:04,621] INFO: Time: 11.718060311000045; Encoder Angle: 48.18603515625;
[2026-05-11 05:51:04,631] INFO: Time: 11.728134138000087; Encoder Angle: 48.05419921875;
[2026-05-11 05:51:04,642] INFO: Time: 11.738198520000196; Encoder Angle: 47.87841796875;
[2026-05-11 05:51:04,652] INFO: Time: 11.748262866000005; Encoder Angle: 47.6806640625;
[2026-05-11 05:51:04,662] INFO: Time: 11.758327415000167; Encoder Angle: 47.548828125;
[2026-05-11 05:51:04,672] INFO: Time: 11.76839046400005; Encoder Angle: 47.39501953125;
[2026-05-11 05:51:04,682] INFO: Time: 11.778455513000154; Encoder Angle: 47.17529296875;
[2026-05-11 05:51:04,692] INFO: Time: 11.78853452500016; Encoder Angle: 47.0654296875;
[2026-05-11 05:51:04,702] INFO: Time: 11.798604259000058; Encoder Angle: 46.91162109375;
[2026-05-11 05:51:04,712] INFO: Time: 11.80866901100012; Encoder Angle: 46.7138671875;
[2026-05-11 05:51:04,722] INFO: Time: 11.818731911999976; Encoder Angle: 46.58203125;
[2026-05-11 05:51:04,732] INFO: Time: 11.828797795000128; Encoder Angle: 46.494140625;
[2026-05-11 05:51:04,742] INFO: Time: 11.83885977; Encoder Angle: 46.2744140625;
[2026-05-11 05:51:04,752] INFO: Time: 11.84892237400004; Encoder Angle: 46.12060546875;
[2026-05-11 05:51:04,762] INFO: Time: 11.858987867999986; Encoder Angle: 45.94482421875;
[2026-05-11 05:51:04,772] INFO: Time: 11.869052546000148; Encoder Angle: 45.76904296875;
[2026-05-11 05:51:04,782] INFO: Time: 11.879116262000025; Encoder Angle: 45.6591796875;
[2026-05-11 05:51:04,792] INFO: Time: 11.889178958999992; Encoder Angle: 45.46142578125;
[2026-05-11 05:51:04,803] INFO: Time: 11.899240489000022; Encoder Angle: 45.3515625;
[2026-05-11 05:51:04,813] INFO: Time: 11.90930379800011; Encoder Angle: 45.15380859375;
[2026-05-11 05:51:04,823] INFO: Time: 11.919368643000098; Encoder Angle: 45.0;
[2026-05-11 05:51:04,833] INFO: Time: 11.929429859000038; Encoder Angle: 44.84619140625;
[2026-05-11 05:51:04,843] INFO: Time: 11.939498593000053; Encoder Angle: 44.71435546875;
[2026-05-11 05:51:04,853] INFO: Time: 11.949561012000004; Encoder Angle: 44.560546875;
[2026-05-11 05:51:04,863] INFO: Time: 11.959624394000002; Encoder Angle: 44.40673828125;
[2026-05-11 05:51:04,873] INFO: Time: 11.969685536000043; Encoder Angle: 44.296875;
[2026-05-11 05:51:04,883] INFO: Time: 11.979746289000104; Encoder Angle: 44.12109375;
[2026-05-11 05:51:04,893] INFO: Time: 11.989808670999992; Encoder Angle: 43.9453125;
[2026-05-11 05:51:04,903] INFO: Time: 11.999870072000022; Encoder Angle: 43.83544921875;
[2026-05-11 05:51:04,913] INFO: Time: 12.009929750000083; Encoder Angle: 43.6376953125;
[2026-05-11 05:51:04,923] INFO: Time: 12.019989929000076; Encoder Angle: 43.5498046875;
[2026-05-11 05:51:04,933] INFO: Time: 12.030053404; Encoder Angle: 43.39599609375;
[2026-05-11 05:51:04,943] INFO: Time: 12.040114009000035; Encoder Angle: 43.2861328125;
[2026-05-11 05:51:04,953] INFO: Time: 12.050176187000034; Encoder Angle: 43.13232421875;
[2026-05-11 05:51:04,964] INFO: Time: 12.060237458000074; Encoder Angle: 42.9345703125;
[2026-05-11 05:51:04,974] INFO: Time: 12.070297637000067; Encoder Angle: 42.7587890625;
[2026-05-11 05:51:04,984] INFO: Time: 12.08036022300007; Encoder Angle: 42.71484375;
[2026-05-11 05:51:04,994] INFO: Time: 12.090422587000148; Encoder Angle: 42.51708984375;
[2026-05-11 05:51:05,004] INFO: Time: 12.100486469000089; Encoder Angle: 42.4072265625;
[2026-05-11 05:51:05,014] INFO: Time: 12.110547074000124; Encoder Angle: 42.275390625;
[2026-05-11 05:51:05,024] INFO: Time: 12.120607808000159; Encoder Angle: 42.12158203125;
[2026-05-11 05:51:05,034] INFO: Time: 12.130671542000073; Encoder Angle: 41.98974609375;
[2026-05-11 05:51:05,044] INFO: Time: 12.140736424000124; Encoder Angle: 41.748046875;
[2026-05-11 05:51:05,054] INFO: Time: 12.15079773299999; Encoder Angle: 41.63818359375;
[2026-05-11 05:51:05,064] INFO: Time: 12.160865282000032; Encoder Angle: 41.46240234375;
[2026-05-11 05:51:05,074] INFO: Time: 12.170926349000183; Encoder Angle: 41.37451171875;
[2026-05-11 05:51:05,084] INFO: Time: 12.180986694000012; Encoder Angle: 41.24267578125;
[2026-05-11 05:51:05,094] INFO: Time: 12.191050984000185; Encoder Angle: 41.044921875;
[2026-05-11 05:51:05,104] INFO: Time: 12.201114033000067; Encoder Angle: 40.93505859375;
[2026-05-11 05:51:05,115] INFO: Time: 12.211184564000177; Encoder Angle: 40.78125;
[2026-05-11 05:51:05,125] INFO: Time: 12.221251890000076; Encoder Angle: 40.58349609375;
[2026-05-11 05:51:05,135] INFO: Time: 12.23131332800017; Encoder Angle: 40.517578125;
[2026-05-11 05:51:05,145] INFO: Time: 12.241387266000174; Encoder Angle: 40.341796875;
[2026-05-11 05:51:05,155] INFO: Time: 12.251454241000147; Encoder Angle: 40.23193359375;
[2026-05-11 05:51:05,165] INFO: Time: 12.261518253000077; Encoder Angle: 40.05615234375;
[2026-05-11 05:51:05,175] INFO: Time: 12.271582728000112; Encoder Angle: 39.90234375;
[2026-05-11 05:51:05,185] INFO: Time: 12.28164775800019; Encoder Angle: 39.7265625;
[2026-05-11 05:51:05,195] INFO: Time: 12.291716769999994; Encoder Angle: 39.638671875;
[2026-05-11 05:51:05,205] INFO: Time: 12.301786579000009; Encoder Angle: 39.52880859375;
[2026-05-11 05:51:05,215] INFO: Time: 12.311849757000118; Encoder Angle: 39.35302734375;
[2026-05-11 05:51:05,225] INFO: Time: 12.321910825000032; Encoder Angle: 39.22119140625;
[2026-05-11 05:51:05,235] INFO: Time: 12.331972559000178; Encoder Angle: 39.08935546875;
[2026-05-11 05:51:05,245] INFO: Time: 12.342037738000045; Encoder Angle: 39.0234375;
[2026-05-11 05:51:05,255] INFO: Time: 12.35210100900008; Encoder Angle: 38.91357421875;
[2026-05-11 05:51:05,265] INFO: Time: 12.362162965000152; Encoder Angle: 38.671875;
[2026-05-11 05:51:05,276] INFO: Time: 12.37222388500004; Encoder Angle: 38.5400390625;
[2026-05-11 05:51:05,286] INFO: Time: 12.382290656000123; Encoder Angle: 38.38623046875;
[2026-05-11 05:51:05,296] INFO: Time: 12.392354186000148; Encoder Angle: 38.29833984375;
[2026-05-11 05:51:05,306] INFO: Time: 12.402415124000072; Encoder Angle: 38.14453125;
[2026-05-11 05:51:05,316] INFO: Time: 12.412475340000128; Encoder Angle: 37.99072265625;
[2026-05-11 05:51:05,326] INFO: Time: 12.42254503700019; Encoder Angle: 37.8369140625;
[2026-05-11 05:51:05,336] INFO: Time: 12.432608475000052; Encoder Angle: 37.77099609375;
[2026-05-11 05:51:05,346] INFO: Time: 12.442673542000193; Encoder Angle: 37.63916015625;
[2026-05-11 05:51:05,356] INFO: Time: 12.452737684000112; Encoder Angle: 37.44140625;
[2026-05-11 05:51:05,366] INFO: Time: 12.462801677000016; Encoder Angle: 37.33154296875;
[2026-05-11 05:51:05,376] INFO: Time: 12.472865152000168; Encoder Angle: 37.177734375;
[2026-05-11 05:51:05,386] INFO: Time: 12.482927664000044; Encoder Angle: 37.11181640625;
[2026-05-11 05:51:05,396] INFO: Time: 12.492991102000133; Encoder Angle: 36.93603515625;
[2026-05-11 05:51:05,406] INFO: Time: 12.50305963300002; Encoder Angle: 36.7822265625;
[2026-05-11 05:51:05,416] INFO: Time: 12.513121274000014; Encoder Angle: 36.6943359375;
[2026-05-11 05:51:05,426] INFO: Time: 12.523187305000192; Encoder Angle: 36.54052734375;
[2026-05-11 05:51:05,437] INFO: Time: 12.533249093999984; Encoder Angle: 36.49658203125;
[2026-05-11 05:51:05,447] INFO: Time: 12.543313977000025; Encoder Angle: 36.32080078125;
[2026-05-11 05:51:05,457] INFO: Time: 12.553377081000008; Encoder Angle: 36.2109375;
[2026-05-11 05:51:05,467] INFO: Time: 12.563439797000001; Encoder Angle: 36.05712890625;
[2026-05-11 05:51:05,477] INFO: Time: 12.573502605000158; Encoder Angle: 35.88134765625;
[2026-05-11 05:51:05,487] INFO: Time: 12.58356571000013; Encoder Angle: 35.771484375;
[2026-05-11 05:51:05,497] INFO: Time: 12.593628499000033; Encoder Angle: 35.70556640625;
[2026-05-11 05:51:05,507] INFO: Time: 12.603689067000005; Encoder Angle: 35.52978515625;
[2026-05-11 05:51:05,517] INFO: Time: 12.613750041999992; Encoder Angle: 35.419921875;
[2026-05-11 05:51:05,527] INFO: Time: 12.623813980000023; Encoder Angle: 35.2880859375;
[2026-05-11 05:51:05,537] INFO: Time: 12.63387425100018; Encoder Angle: 35.13427734375;
[2026-05-11 05:51:05,547] INFO: Time: 12.643935651999982; Encoder Angle: 35.0244140625;
[2026-05-11 05:51:05,557] INFO: Time: 12.653998052000134; Encoder Angle: 34.87060546875;
[2026-05-11 05:51:05,567] INFO: Time: 12.66406221300008; Encoder Angle: 34.8046875;
[2026-05-11 05:51:05,577] INFO: Time: 12.674126113000057; Encoder Angle: 34.6728515625;
[2026-05-11 05:51:05,587] INFO: Time: 12.684189477000018; Encoder Angle: 34.47509765625;
[2026-05-11 05:51:05,598] INFO: Time: 12.694256063000012; Encoder Angle: 34.4091796875;
[2026-05-11 05:51:05,608] INFO: Time: 12.704321223000079; Encoder Angle: 34.3212890625;
[2026-05-11 05:51:05,618] INFO: Time: 12.714384012999972; Encoder Angle: 34.189453125;
[2026-05-11 05:51:05,628] INFO: Time: 12.724456988000156; Encoder Angle: 34.0576171875;
[2026-05-11 05:51:05,638] INFO: Time: 12.734525945000087; Encoder Angle: 33.90380859375;
[2026-05-11 05:51:05,648] INFO: Time: 12.744590531000085; Encoder Angle: 33.7939453125;
[2026-05-11 05:51:05,658] INFO: Time: 12.754656839000063; Encoder Angle: 33.68408203125;
[2026-05-11 05:51:05,668] INFO: Time: 12.764721851000104; Encoder Angle: 33.55224609375;
[2026-05-11 05:51:05,678] INFO: Time: 12.774788585000124; Encoder Angle: 33.50830078125;
[2026-05-11 05:51:05,688] INFO: Time: 12.784858412000176; Encoder Angle: 33.33251953125;
[2026-05-11 05:51:05,698] INFO: Time: 12.794923905000132; Encoder Angle: 33.24462890625;
[2026-05-11 05:51:05,708] INFO: Time: 12.804989362000015; Encoder Angle: 33.0908203125;
[2026-05-11 05:51:05,718] INFO: Time: 12.815051818000029; Encoder Angle: 32.958984375;
[2026-05-11 05:51:05,728] INFO: Time: 12.825117941000144; Encoder Angle: 32.87109375;
[2026-05-11 05:51:05,738] INFO: Time: 12.835180620000074; Encoder Angle: 32.7392578125;
[2026-05-11 05:51:05,749] INFO: Time: 12.845248169000115; Encoder Angle: 32.58544921875;
[2026-05-11 05:51:05,759] INFO: Time: 12.855310792000182; Encoder Angle: 32.4755859375;
[2026-05-11 05:51:05,769] INFO: Time: 12.86537291500008; Encoder Angle: 32.36572265625;
[2026-05-11 05:51:05,779] INFO: Time: 12.875435315999994; Encoder Angle: 32.23388671875;
[2026-05-11 05:51:05,789] INFO: Time: 12.885497698000108; Encoder Angle: 32.10205078125;
[2026-05-11 05:51:05,799] INFO: Time: 12.895560062000186; Encoder Angle: 31.9921875;
[2026-05-11 05:51:05,809] INFO: Time: 12.90562207400012; Encoder Angle: 31.88232421875;
[2026-05-11 05:51:05,819] INFO: Time: 12.915685752000172; Encoder Angle: 31.728515624999996;
[2026-05-11 05:51:05,829] INFO: Time: 12.925750487000187; Encoder Angle: 31.57470703125;
[2026-05-11 05:51:05,839] INFO: Time: 12.935814887000106; Encoder Angle: 31.5087890625;
[2026-05-11 05:51:05,849] INFO: Time: 12.945877825000025; Encoder Angle: 31.39892578125;
[2026-05-11 05:51:05,859] INFO: Time: 12.955941041000187; Encoder Angle: 31.3330078125;
[2026-05-11 05:51:05,869] INFO: Time: 12.966003386000011; Encoder Angle: 31.201171875;
[2026-05-11 05:51:05,879] INFO: Time: 12.976065750000089; Encoder Angle: 31.069335937499996;
[2026-05-11 05:51:05,889] INFO: Time: 12.986128466000082; Encoder Angle: 30.849609375;
[2026-05-11 05:51:05,899] INFO: Time: 12.996189885000149; Encoder Angle: 30.871582031250004;
[2026-05-11 05:51:05,910] INFO: Time: 13.006251471000041; Encoder Angle: 30.761718749999996;
[2026-05-11 05:51:05,920] INFO: Time: 13.016316446000019; Encoder Angle: 30.60791015625;
[2026-05-11 05:51:05,930] INFO: Time: 13.026378513000054; Encoder Angle: 30.498046875;
[2026-05-11 05:51:05,940] INFO: Time: 13.036442062000106; Encoder Angle: 30.388183593750004;
[2026-05-11 05:51:05,950] INFO: Time: 13.046505019000051; Encoder Angle: 30.322265625000004;
[2026-05-11 05:51:05,960] INFO: Time: 13.056566846000123; Encoder Angle: 30.16845703125;
[2026-05-11 05:51:05,970] INFO: Time: 13.06663093200018; Encoder Angle: 30.102539062499996;
[2026-05-11 05:51:05,980] INFO: Time: 13.076708110000027; Encoder Angle: 29.970703124999996;
[2026-05-11 05:51:05,990] INFO: Time: 13.08677208500012; Encoder Angle: 29.860839843749996;
[2026-05-11 05:51:06,000] INFO: Time: 13.096835116000193; Encoder Angle: 29.7509765625;
[2026-05-11 05:51:06,010] INFO: Time: 13.106898294000075; Encoder Angle: 29.619140624999996;
[2026-05-11 05:51:06,020] INFO: Time: 13.116961102999994; Encoder Angle: 29.487304687499996;
[2026-05-11 05:51:06,030] INFO: Time: 13.127024076999987; Encoder Angle: 29.33349609375;
[2026-05-11 05:51:06,040] INFO: Time: 13.137087219000023; Encoder Angle: 29.245605468749996;
[2026-05-11 05:51:06,050] INFO: Time: 13.147152620000043; Encoder Angle: 29.135742187499996;
[2026-05-11 05:51:06,061] INFO: Time: 13.157214058000136; Encoder Angle: 29.069824218749996;
[2026-05-11 05:51:06,071] INFO: Time: 13.167276680999976; Encoder Angle: 28.937988281250004;
[2026-05-11 05:51:06,081] INFO: Time: 13.177341341000101; Encoder Angle: 28.828124999999996;
[2026-05-11 05:51:06,091] INFO: Time: 13.187405094000042; Encoder Angle: 28.740234375;
[2026-05-11 05:51:06,101] INFO: Time: 13.197472124000114; Encoder Angle: 28.6083984375;
[2026-05-11 05:51:06,111] INFO: Time: 13.207536451000124; Encoder Angle: 28.49853515625;
[2026-05-11 05:51:06,121] INFO: Time: 13.217598759000111; Encoder Angle: 28.4326171875;
[2026-05-11 05:51:06,131] INFO: Time: 13.227672827000106; Encoder Angle: 28.32275390625;
[2026-05-11 05:51:06,141] INFO: Time: 13.237738598000078; Encoder Angle: 28.2568359375;
[2026-05-11 05:51:06,151] INFO: Time: 13.247807739000109; Encoder Angle: 28.0810546875;
[2026-05-11 05:51:06,161] INFO: Time: 13.257872455000097; Encoder Angle: 27.97119140625;
[2026-05-11 05:51:06,171] INFO: Time: 13.267935708000095; Encoder Angle: 27.88330078125;
[2026-05-11 05:51:06,181] INFO: Time: 13.278002590000142; Encoder Angle: 27.7734375;
[2026-05-11 05:51:06,191] INFO: Time: 13.28808628700017; Encoder Angle: 27.685546875;
[2026-05-11 05:51:06,202] INFO: Time: 13.298164040000074; Encoder Angle: 27.57568359375;
[2026-05-11 05:51:06,212] INFO: Time: 13.308233311000095; Encoder Angle: 27.44384765625;
[2026-05-11 05:51:06,222] INFO: Time: 13.318298046000109; Encoder Angle: 27.35595703125;
[2026-05-11 05:51:06,232] INFO: Time: 13.32836344600014; Encoder Angle: 27.24609375;
[2026-05-11 05:51:06,242] INFO: Time: 13.338426292000122; Encoder Angle: 27.24609375;
[2026-05-11 05:51:06,252] INFO: Time: 13.348489062999988; Encoder Angle: 27.04833984375;
[2026-05-11 05:51:06,262] INFO: Time: 13.358554242000082; Encoder Angle: 27.0263671875;
[2026-05-11 05:51:06,272] INFO: Time: 13.368617087000075; Encoder Angle: 26.87255859375;
[2026-05-11 05:51:06,282] INFO: Time: 13.37868169100011; Encoder Angle: 26.78466796875;
[2026-05-11 05:51:06,292] INFO: Time: 13.388744648000056; Encoder Angle: 26.6748046875;
[2026-05-11 05:51:06,302] INFO: Time: 13.398807400000123; Encoder Angle: 26.60888671875;
[2026-05-11 05:51:06,312] INFO: Time: 13.408902635000004; Encoder Angle: 26.54296875;
[2026-05-11 05:51:06,322] INFO: Time: 13.418966536000198; Encoder Angle: 26.3671875;
[2026-05-11 05:51:06,332] INFO: Time: 13.429028899000059; Encoder Angle: 26.279296875;
[2026-05-11 05:51:06,342] INFO: Time: 13.439092800000026; Encoder Angle: 26.25732421875;
[2026-05-11 05:51:06,352] INFO: Time: 13.449156442000003; Encoder Angle: 26.08154296875;
[2026-05-11 05:51:06,363] INFO: Time: 13.45921912000017; Encoder Angle: 25.9716796875;
[2026-05-11 05:51:06,373] INFO: Time: 13.469281132000106; Encoder Angle: 25.8837890625;
[2026-05-11 05:51:06,383] INFO: Time: 13.479342977999977; Encoder Angle: 25.86181640625;
[2026-05-11 05:51:06,393] INFO: Time: 13.489405045000012; Encoder Angle: 25.72998046875;
[2026-05-11 05:51:06,403] INFO: Time: 13.499466483000106; Encoder Angle: 25.6640625;
[2026-05-11 05:51:06,413] INFO: Time: 13.509528532000104; Encoder Angle: 25.59814453125;
[2026-05-11 05:51:06,423] INFO: Time: 13.51959243300007; Encoder Angle: 25.51025390625;
[2026-05-11 05:51:06,433] INFO: Time: 13.529655241; Encoder Angle: 25.42236328125;
[2026-05-11 05:51:06,443] INFO: Time: 13.539717901000131; Encoder Angle: 25.400390625;
[2026-05-11 05:51:06,453] INFO: Time: 13.549782209000114; Encoder Angle: 25.33447265625;
[2026-05-11 05:51:06,463] INFO: Time: 13.559844814000144; Encoder Angle: 25.2685546875;
[2026-05-11 05:51:06,473] INFO: Time: 13.569916363000175; Encoder Angle: 25.15869140625;
[2026-05-11 05:51:06,483] INFO: Time: 13.579980505000094; Encoder Angle: 25.048828125;
[2026-05-11 05:51:06,493] INFO: Time: 13.590044646000024; Encoder Angle: 25.02685546875;
[2026-05-11 05:51:06,503] INFO: Time: 13.600108880000107; Encoder Angle: 24.9169921875;
[2026-05-11 05:51:06,513] INFO: Time: 13.610172892000037; Encoder Angle: 24.89501953125;
[2026-05-11 05:51:06,524] INFO: Time: 13.620235238000078; Encoder Angle: 24.80712890625;
[2026-05-11 05:51:06,534] INFO: Time: 13.630297750000182; Encoder Angle: 24.76318359375;
[2026-05-11 05:51:06,544] INFO: Time: 13.640359632000127; Encoder Angle: 24.6533203125;
[2026-05-11 05:51:06,554] INFO: Time: 13.65042281000001; Encoder Angle: 24.58740234375;
[2026-05-11 05:51:06,564] INFO: Time: 13.660491545000014; Encoder Angle: 24.4775390625;
[2026-05-11 05:51:06,574] INFO: Time: 13.670554408000044; Encoder Angle: 24.4775390625;
[2026-05-11 05:51:06,584] INFO: Time: 13.680615143000068; Encoder Angle: 24.3896484375;
[2026-05-11 05:51:06,594] INFO: Time: 13.69067469200013; Encoder Angle: 24.27978515625;
[2026-05-11 05:51:06,604] INFO: Time: 13.700739426000155; Encoder Angle: 24.2138671875;
[2026-05-11 05:51:06,614] INFO: Time: 13.710801882000169; Encoder Angle: 24.14794921875;
[2026-05-11 05:51:06,624] INFO: Time: 13.720866598000157; Encoder Angle: 24.08203125;
[2026-05-11 05:51:06,634] INFO: Time: 13.730937999000162; Encoder Angle: 24.0380859375;
[2026-05-11 05:51:06,644] INFO: Time: 13.74100265900006; Encoder Angle: 23.92822265625;
[2026-05-11 05:51:06,654] INFO: Time: 13.751067949000117; Encoder Angle: 23.79638671875;
[2026-05-11 05:51:06,664] INFO: Time: 13.761131738000131; Encoder Angle: 23.75244140625;
[2026-05-11 05:51:06,675] INFO: Time: 13.771203491000051; Encoder Angle: 23.66455078125;
[2026-05-11 05:51:06,685] INFO: Time: 13.781269040000097; Encoder Angle: 23.62060546875;
[2026-05-11 05:51:06,695] INFO: Time: 13.791359219000014; Encoder Angle: 23.53271484375;
[2026-05-11 05:51:06,705] INFO: Time: 13.801434175000168; Encoder Angle: 23.466796875;
[2026-05-11 05:51:06,715] INFO: Time: 13.811500354000145; Encoder Angle: 23.44482421875;
[2026-05-11 05:51:06,725] INFO: Time: 13.821564644000091; Encoder Angle: 23.3349609375;
[2026-05-11 05:51:06,735] INFO: Time: 13.831627656000137; Encoder Angle: 23.22509765625;
[2026-05-11 05:51:06,745] INFO: Time: 13.841695445000141; Encoder Angle: 23.115234375;
[2026-05-11 05:51:06,755] INFO: Time: 13.851764661000061; Encoder Angle: 23.13720703125;
[2026-05-11 05:51:06,765] INFO: Time: 13.861831766000023; Encoder Angle: 23.02734375;
[2026-05-11 05:51:06,775] INFO: Time: 13.871901037000043; Encoder Angle: 23.00537109375;
[2026-05-11 05:51:06,785] INFO: Time: 13.881968438000058; Encoder Angle: 22.8515625;
[2026-05-11 05:51:06,795] INFO: Time: 13.892035283000041; Encoder Angle: 22.8076171875;
[2026-05-11 05:51:06,805] INFO: Time: 13.902102295000077; Encoder Angle: 22.74169921875;
[2026-05-11 05:51:06,815] INFO: Time: 13.91216901100006; Encoder Angle: 22.67578125;
[2026-05-11 05:51:06,826] INFO: Time: 13.92223681900009; Encoder Angle: 22.6318359375;
[2026-05-11 05:51:06,836] INFO: Time: 13.932304257000169; Encoder Angle: 22.52197265625;
[2026-05-11 05:51:06,846] INFO: Time: 13.942372676000105; Encoder Angle: 22.4560546875;
[2026-05-11 05:51:06,856] INFO: Time: 13.952439057999982; Encoder Angle: 22.412109375;
[2026-05-11 05:51:06,866] INFO: Time: 13.962509052000087; Encoder Angle: 22.2802734375;
[2026-05-11 05:51:06,876] INFO: Time: 13.972581916000081; Encoder Angle: 22.236328125;
[2026-05-11 05:51:06,886] INFO: Time: 13.982651798000006; Encoder Angle: 22.17041015625;
[2026-05-11 05:51:06,896] INFO: Time: 13.992720105999979; Encoder Angle: 22.12646484375;
[2026-05-11 05:51:06,906] INFO: Time: 14.002787729000147; Encoder Angle: 22.060546875;
[2026-05-11 05:51:06,916] INFO: Time: 14.012854759999982; Encoder Angle: 21.97265625;
[2026-05-11 05:51:06,926] INFO: Time: 14.022926679000193; Encoder Angle: 21.95068359375;
[2026-05-11 05:51:06,936] INFO: Time: 14.03299395099998; Encoder Angle: 21.86279296875;
[2026-05-11 05:51:06,946] INFO: Time: 14.043064518000165; Encoder Angle: 21.796875;
[2026-05-11 05:51:06,956] INFO: Time: 14.05313254900011; Encoder Angle: 21.77490234375;
[2026-05-11 05:51:06,967] INFO: Time: 14.06320094900002; Encoder Angle: 21.7529296875;
[2026-05-11 05:51:06,977] INFO: Time: 14.073270239000067; Encoder Angle: 21.68701171875;
[2026-05-11 05:51:06,987] INFO: Time: 14.083337288000166; Encoder Angle: 21.55517578125;
[2026-05-11 05:51:06,997] INFO: Time: 14.093404059000022; Encoder Angle: 21.55517578125;
[2026-05-11 05:51:07,007] INFO: Time: 14.103473441999995; Encoder Angle: 21.46728515625;
[2026-05-11 05:51:07,017] INFO: Time: 14.113541509000015; Encoder Angle: 21.46728515625;
[2026-05-11 05:51:07,027] INFO: Time: 14.123611077000078; Encoder Angle: 21.357421875;
[2026-05-11 05:51:07,037] INFO: Time: 14.133678810999982; Encoder Angle: 21.24755859375;
[2026-05-11 05:51:07,047] INFO: Time: 14.143746527000076; Encoder Angle: 21.20361328125;
[2026-05-11 05:51:07,057] INFO: Time: 14.153813668000112; Encoder Angle: 21.1376953125;
[2026-05-11 05:51:07,067] INFO: Time: 14.163881440000068; Encoder Angle: 21.11572265625;
[2026-05-11 05:51:07,077] INFO: Time: 14.173954303000073; Encoder Angle: 20.98388671875;
[2026-05-11 05:51:07,087] INFO: Time: 14.184023075000141; Encoder Angle: 20.9619140625;
[2026-05-11 05:51:07,097] INFO: Time: 14.19409547600003; Encoder Angle: 20.89599609375;
[2026-05-11 05:51:07,107] INFO: Time: 14.204164895000076; Encoder Angle: 20.830078125;
[2026-05-11 05:51:07,118] INFO: Time: 14.214249129000109; Encoder Angle: 20.6982421875;
[2026-05-11 05:51:07,128] INFO: Time: 14.224326234000046; Encoder Angle: 20.654296875;
[2026-05-11 05:51:07,138] INFO: Time: 14.234395672000119; Encoder Angle: 20.56640625;
[2026-05-11 05:51:07,148] INFO: Time: 14.244480738999982; Encoder Angle: 20.50048828125;
[2026-05-11 05:51:07,158] INFO: Time: 14.254556935999972; Encoder Angle: 20.478515625;
[2026-05-11 05:51:07,168] INFO: Time: 14.264625226000135; Encoder Angle: 20.36865234375;
[2026-05-11 05:51:07,178] INFO: Time: 14.274697849000177; Encoder Angle: 20.302734375;
[2026-05-11 05:51:07,188] INFO: Time: 14.284763880000128; Encoder Angle: 20.1708984375;
[2026-05-11 05:51:07,198] INFO: Time: 14.29483365100009; Encoder Angle: 20.10498046875;
[2026-05-11 05:51:07,208] INFO: Time: 14.304899200000136; Encoder Angle: 20.126953125;
[2026-05-11 05:51:07,218] INFO: Time: 14.31503337900017; Encoder Angle: 20.01708984375;
[2026-05-11 05:51:07,228] INFO: Time: 14.32510487200011; Encoder Angle: 19.92919921875;
[2026-05-11 05:51:07,239] INFO: Time: 14.335177661999978; Encoder Angle: 19.86328125;
[2026-05-11 05:51:07,249] INFO: Time: 14.345248230000152; Encoder Angle: 19.775390625;
[2026-05-11 05:51:07,259] INFO: Time: 14.35531861200002; Encoder Angle: 19.6875;
[2026-05-11 05:51:07,269] INFO: Time: 14.365385420000166; Encoder Angle: 19.6435546875;
[2026-05-11 05:51:07,279] INFO: Time: 14.375454877000038; Encoder Angle: 19.57763671875;
[2026-05-11 05:51:07,289] INFO: Time: 14.38552483300009; Encoder Angle: 19.51171875;
[2026-05-11 05:51:07,299] INFO: Time: 14.395594734000042; Encoder Angle: 19.4677734375;
[2026-05-11 05:51:07,309] INFO: Time: 14.405661524000152; Encoder Angle: 19.3798828125;
[2026-05-11 05:51:07,319] INFO: Time: 14.415731147000088; Encoder Angle: 19.31396484375;
[2026-05-11 05:51:07,329] INFO: Time: 14.425800880999986; Encoder Angle: 19.248046875;
[2026-05-11 05:51:07,339] INFO: Time: 14.435866708000049; Encoder Angle: 19.18212890625;
[2026-05-11 05:51:07,349] INFO: Time: 14.445931256999984; Encoder Angle: 19.16015625;
[2026-05-11 05:51:07,359] INFO: Time: 14.456001084000036; Encoder Angle: 19.05029296875;
[2026-05-11 05:51:07,369] INFO: Time: 14.466069243999982; Encoder Angle: 18.96240234375;
[2026-05-11 05:51:07,379] INFO: Time: 14.476136534000034; Encoder Angle: 18.896484375;
[2026-05-11 05:51:07,390] INFO: Time: 14.486203657000033; Encoder Angle: 18.83056640625;
[2026-05-11 05:51:07,400] INFO: Time: 14.496273965; Encoder Angle: 18.7646484375;
[2026-05-11 05:51:07,410] INFO: Time: 14.50634360700019; Encoder Angle: 18.69873046875;
[2026-05-11 05:51:07,420] INFO: Time: 14.51641402600012; Encoder Angle: 18.65478515625;
[2026-05-11 05:51:07,430] INFO: Time: 14.526484668000194; Encoder Angle: 18.56689453125;
[2026-05-11 05:51:07,440] INFO: Time: 14.536555068000098; Encoder Angle: 18.5009765625;
[2026-05-11 05:51:07,450] INFO: Time: 14.546624229000145; Encoder Angle: 18.39111328125;
[2026-05-11 05:51:07,460] INFO: Time: 14.556690648000085; Encoder Angle: 18.3251953125;
[2026-05-11 05:51:07,470] INFO: Time: 14.566760438000074; Encoder Angle: 18.30322265625;
[2026-05-11 05:51:07,480] INFO: Time: 14.57682859800002; Encoder Angle: 18.193359375;
[2026-05-11 05:51:07,490] INFO: Time: 14.586899221000067; Encoder Angle: 18.1494140625;
[2026-05-11 05:51:07,500] INFO: Time: 14.59696740000004; Encoder Angle: 18.10546875;
[2026-05-11 05:51:07,510] INFO: Time: 14.607039319000023; Encoder Angle: 18.03955078125;
[2026-05-11 05:51:07,520] INFO: Time: 14.617106146000197; Encoder Angle: 17.9296875;
[2026-05-11 05:51:07,530] INFO: Time: 14.627172565000137; Encoder Angle: 17.81982421875;
[2026-05-11 05:51:07,541] INFO: Time: 14.637237577000178; Encoder Angle: 17.81982421875;
[2026-05-11 05:51:07,551] INFO: Time: 14.647307182000077; Encoder Angle: 17.75390625;
[2026-05-11 05:51:07,561] INFO: Time: 14.657373157000166; Encoder Angle: 17.64404296875;
[2026-05-11 05:51:07,571] INFO: Time: 14.667440057000022; Encoder Angle: 17.5341796875;
[2026-05-11 05:51:07,581] INFO: Time: 14.677512718000116; Encoder Angle: 17.490234375;
[2026-05-11 05:51:07,591] INFO: Time: 14.687577322000152; Encoder Angle: 17.40234375;
[2026-05-11 05:51:07,601] INFO: Time: 14.697643908000146; Encoder Angle: 17.3583984375;
[2026-05-11 05:51:07,611] INFO: Time: 14.707715550000103; Encoder Angle: 17.33642578125;
[2026-05-11 05:51:07,621] INFO: Time: 14.717783043000054; Encoder Angle: 17.2265625;
[2026-05-11 05:51:07,631] INFO: Time: 14.727861944000097; Encoder Angle: 17.11669921875;
[2026-05-11 05:51:07,641] INFO: Time: 14.73793373400008; Encoder Angle: 17.07275390625;
[2026-05-11 05:51:07,651] INFO: Time: 14.74800211600018; Encoder Angle: 17.02880859375;
[2026-05-11 05:51:07,661] INFO: Time: 14.758094388000018; Encoder Angle: 16.98486328125;
[2026-05-11 05:51:07,672] INFO: Time: 14.768172548000166; Encoder Angle: 16.8310546875;
[2026-05-11 05:51:07,682] INFO: Time: 14.778244671000039; Encoder Angle: 16.76513671875;
[2026-05-11 05:51:07,692] INFO: Time: 14.788317387000006; Encoder Angle: 16.72119140625;
[2026-05-11 05:51:07,702] INFO: Time: 14.798386176000122; Encoder Angle: 16.67724609375;
[2026-05-11 05:51:07,712] INFO: Time: 14.808453596000163; Encoder Angle: 16.58935546875;
[2026-05-11 05:51:07,722] INFO: Time: 14.818536997000137; Encoder Angle: 16.50146484375;
[2026-05-11 05:51:07,732] INFO: Time: 14.82860562000019; Encoder Angle: 16.45751953125;
[2026-05-11 05:51:07,742] INFO: Time: 14.838682760999973; Encoder Angle: 16.41357421875;
[2026-05-11 05:51:07,752] INFO: Time: 14.848750996000035; Encoder Angle: 16.3037109375;
[2026-05-11 05:51:07,762] INFO: Time: 14.85882245200014; Encoder Angle: 16.28173828125;
[2026-05-11 05:51:07,772] INFO: Time: 14.868892834000007; Encoder Angle: 16.14990234375;
[2026-05-11 05:51:07,782] INFO: Time: 14.878958753999996; Encoder Angle: 16.1279296875;
[2026-05-11 05:51:07,792] INFO: Time: 14.889022877000116; Encoder Angle: 16.06201171875;
[2026-05-11 05:51:07,802] INFO: Time: 14.899089111000194; Encoder Angle: 16.0400390625;
[2026-05-11 05:51:07,813] INFO: Time: 14.909162327000104; Encoder Angle: 15.97412109375;
[2026-05-11 05:51:07,823] INFO: Time: 14.919232061000002; Encoder Angle: 15.908203125;
[2026-05-11 05:51:07,833] INFO: Time: 14.929301777000092; Encoder Angle: 15.8203125;
[2026-05-11 05:51:07,843] INFO: Time: 14.939367048000122; Encoder Angle: 15.798339843750002;
[2026-05-11 05:51:07,853] INFO: Time: 14.949439467000047; Encoder Angle: 15.710449218750002;
[2026-05-11 05:51:07,863] INFO: Time: 14.959507868000173; Encoder Angle: 15.710449218750002;
[2026-05-11 05:51:07,873] INFO: Time: 14.969578212999977; Encoder Angle: 15.556640625000002;
[2026-05-11 05:51:07,883] INFO: Time: 14.979645540000092; Encoder Angle: 15.57861328125;
[2026-05-11 05:51:07,893] INFO: Time: 14.98971164500017; Encoder Angle: 15.5126953125;
[2026-05-11 05:51:07,903] INFO: Time: 14.999782490000143; Encoder Angle: 15.402832031250002;
[2026-05-11 05:51:07,913] INFO: Time: 15.009852982999973; Encoder Angle: 15.292968749999998;
[2026-05-11 05:51:07,923] INFO: Time: 15.019919218000041; Encoder Angle: 15.2490234375;
[2026-05-11 05:51:07,933] INFO: Time: 15.029993767000178; Encoder Angle: 15.205078125;
[2026-05-11 05:51:07,943] INFO: Time: 15.04006653800002; Encoder Angle: 15.139160156249998;
[2026-05-11 05:51:07,953] INFO: Time: 15.050093235000077; Encoder Angle: 15.1171875;
[2026-05-11 05:51:07,964] INFO: Time: 15.060163099000192; Encoder Angle: 15.029296875;
[2026-05-11 05:51:07,974] INFO: Time: 15.070227703; Encoder Angle: 14.919433593750002;
[2026-05-11 05:51:07,984] INFO: Time: 15.080298288999984; Encoder Angle: 14.831542968750002;
[2026-05-11 05:51:07,994] INFO: Time: 15.090362283000104; Encoder Angle: 14.78759765625;
[2026-05-11 05:51:08,004] INFO: Time: 15.100431128000082; Encoder Angle: 14.78759765625;
[2026-05-11 05:51:08,014] INFO: Time: 15.110500992000198; Encoder Angle: 14.655761718749998;
[2026-05-11 05:51:08,024] INFO: Time: 15.120568745000128; Encoder Angle: 14.589843750000002;
[2026-05-11 05:51:08,034] INFO: Time: 15.130633868000132; Encoder Angle: 14.47998046875;
[2026-05-11 05:51:08,044] INFO: Time: 15.140696009000067; Encoder Angle: 14.414062499999998;
[2026-05-11 05:51:08,054] INFO: Time: 15.150771966000093; Encoder Angle: 14.3701171875;
[2026-05-11 05:51:08,064] INFO: Time: 15.160843440999997; Encoder Angle: 14.30419921875;
[2026-05-11 05:51:08,074] INFO: Time: 15.170907786000043; Encoder Angle: 14.23828125;
[2026-05-11 05:51:08,084] INFO: Time: 15.180995983000003; Encoder Angle: 14.21630859375;
[2026-05-11 05:51:08,095] INFO: Time: 15.19108862500002; Encoder Angle: 14.1064453125;
[2026-05-11 05:51:08,105] INFO: Time: 15.201193470000135; Encoder Angle: 14.1064453125;
[2026-05-11 05:51:08,115] INFO: Time: 15.211268259999997; Encoder Angle: 14.08447265625;
[2026-05-11 05:51:08,125] INFO: Time: 15.221350420000135; Encoder Angle: 14.0185546875;
[2026-05-11 05:51:08,135] INFO: Time: 15.231423506000056; Encoder Angle: 13.88671875;
[2026-05-11 05:51:08,145] INFO: Time: 15.241505406999977; Encoder Angle: 13.82080078125;
[2026-05-11 05:51:08,155] INFO: Time: 15.251584068000057; Encoder Angle: 13.798828125;
[2026-05-11 05:51:08,165] INFO: Time: 15.261648691000119; Encoder Angle: 13.7548828125;
[2026-05-11 05:51:08,175] INFO: Time: 15.271720813999991; Encoder Angle: 13.73291015625;
[2026-05-11 05:51:08,185] INFO: Time: 15.281784770000058; Encoder Angle: 13.60107421875;
[2026-05-11 05:51:08,195] INFO: Time: 15.291856078000137; Encoder Angle: 13.55712890625;
[2026-05-11 05:51:08,205] INFO: Time: 15.301935146000005; Encoder Angle: 13.46923828125;
[2026-05-11 05:51:08,215] INFO: Time: 15.312015065000196; Encoder Angle: 13.42529296875;
[2026-05-11 05:51:08,225] INFO: Time: 15.322092707000138; Encoder Angle: 13.38134765625;
[2026-05-11 05:51:08,236] INFO: Time: 15.33216642299999; Encoder Angle: 13.3154296875;
[2026-05-11 05:51:08,246] INFO: Time: 15.342229990000078; Encoder Angle: 13.20556640625;
[2026-05-11 05:51:08,256] INFO: Time: 15.352296910000177; Encoder Angle: 13.18359375;
[2026-05-11 05:51:08,266] INFO: Time: 15.362360348000038; Encoder Angle: 13.095703125;
[2026-05-11 05:51:08,276] INFO: Time: 15.372428360000185; Encoder Angle: 13.02978515625;
[2026-05-11 05:51:08,286] INFO: Time: 15.382490168000004; Encoder Angle: 12.919921875;
[2026-05-11 05:51:08,296] INFO: Time: 15.392553587000066; Encoder Angle: 12.81005859375;
[2026-05-11 05:51:08,306] INFO: Time: 15.402614173000075; Encoder Angle: 12.7880859375;
[2026-05-11 05:51:08,316] INFO: Time: 15.412684741000021; Encoder Angle: 12.76611328125;
[2026-05-11 05:51:08,326] INFO: Time: 15.422752660000015; Encoder Angle: 12.59033203125;
[2026-05-11 05:51:08,336] INFO: Time: 15.432815524000034; Encoder Angle: 12.568359375;
[2026-05-11 05:51:08,346] INFO: Time: 15.44287612800008; Encoder Angle: 12.5244140625;
[2026-05-11 05:51:08,356] INFO: Time: 15.452943288000142; Encoder Angle: 12.37060546875;
[2026-05-11 05:51:08,366] INFO: Time: 15.463006041000199; Encoder Angle: 12.37060546875;
[2026-05-11 05:51:08,376] INFO: Time: 15.473066831000096; Encoder Angle: 12.3046875;
[2026-05-11 05:51:08,386] INFO: Time: 15.483128880000095; Encoder Angle: 12.23876953125;
[2026-05-11 05:51:08,397] INFO: Time: 15.493197836000036; Encoder Angle: 12.12890625;
[2026-05-11 05:51:08,407] INFO: Time: 15.503263626000034; Encoder Angle: 12.0849609375;
[2026-05-11 05:51:08,417] INFO: Time: 15.51332924899998; Encoder Angle: 12.01904296875;
[2026-05-11 05:51:08,427] INFO: Time: 15.523400390999996; Encoder Angle: 11.9091796875;
[2026-05-11 05:51:08,437] INFO: Time: 15.533463069000163; Encoder Angle: 11.88720703125;
[2026-05-11 05:51:08,447] INFO: Time: 15.543533674000173; Encoder Angle: 11.77734375;
[2026-05-11 05:51:08,457] INFO: Time: 15.553604001000167; Encoder Angle: 11.75537109375;
[2026-05-11 05:51:08,467] INFO: Time: 15.563674105000018; Encoder Angle: 11.689453125;
[2026-05-11 05:51:08,477] INFO: Time: 15.57374398800016; Encoder Angle: 11.6015625;
[2026-05-11 05:51:08,487] INFO: Time: 15.583811500000138; Encoder Angle: 11.5576171875;
[2026-05-11 05:51:08,497] INFO: Time: 15.59388145600019; Encoder Angle: 11.44775390625;
[2026-05-11 05:51:08,507] INFO: Time: 15.603948524000089; Encoder Angle: 11.40380859375;
[2026-05-11 05:51:08,517] INFO: Time: 15.614017869000008; Encoder Angle: 11.31591796875;
[2026-05-11 05:51:08,527] INFO: Time: 15.624085380999986; Encoder Angle: 11.25;
[2026-05-11 05:51:08,537] INFO: Time: 15.634152874000165; Encoder Angle: 11.14013671875;
[2026-05-11 05:51:08,548] INFO: Time: 15.644219626999984; Encoder Angle: 11.162109375;
[2026-05-11 05:51:08,558] INFO: Time: 15.65430630600008; Encoder Angle: 11.07421875;
[2026-05-11 05:51:08,568] INFO: Time: 15.66438085499999; Encoder Angle: 11.0302734375;
[2026-05-11 05:51:08,578] INFO: Time: 15.67445558899999; Encoder Angle: 10.92041015625;
[2026-05-11 05:51:08,588] INFO: Time: 15.684529953000037; Encoder Angle: 10.8984375;
[2026-05-11 05:51:08,598] INFO: Time: 15.694595817000163; Encoder Angle: 10.83251953125;
[2026-05-11 05:51:08,608] INFO: Time: 15.70466486600003; Encoder Angle: 10.74462890625;
[2026-05-11 05:51:08,618] INFO: Time: 15.714733804000161; Encoder Angle: 10.70068359375;
[2026-05-11 05:51:08,628] INFO: Time: 15.724810703999992; Encoder Angle: 10.65673828125;
[2026-05-11 05:51:08,638] INFO: Time: 15.734882124000023; Encoder Angle: 10.546875;
[2026-05-11 05:51:08,648] INFO: Time: 15.744945636000011; Encoder Angle: 10.5029296875;
[2026-05-11 05:51:08,658] INFO: Time: 15.755026852000128; Encoder Angle: 10.4150390625;
[2026-05-11 05:51:08,668] INFO: Time: 15.765103438000097; Encoder Angle: 10.4150390625;
[2026-05-11 05:51:08,679] INFO: Time: 15.775177857000017; Encoder Angle: 10.30517578125;
[2026-05-11 05:51:08,689] INFO: Time: 15.785246758000085; Encoder Angle: 10.26123046875;
[2026-05-11 05:51:08,699] INFO: Time: 15.795315899000116; Encoder Angle: 10.26123046875;
[2026-05-11 05:51:08,709] INFO: Time: 15.805384688999993; Encoder Angle: 10.1513671875;
[2026-05-11 05:51:08,719] INFO: Time: 15.815459738000072; Encoder Angle: 10.0634765625;
[2026-05-11 05:51:08,729] INFO: Time: 15.825534213000083; Encoder Angle: 10.01953125;
[2026-05-11 05:51:08,739] INFO: Time: 15.835607262000167; Encoder Angle: 9.99755859375;
[2026-05-11 05:51:08,749] INFO: Time: 15.84567792200005; Encoder Angle: 9.95361328125;
[2026-05-11 05:51:08,759] INFO: Time: 15.855747360000123; Encoder Angle: 9.8876953125;
[2026-05-11 05:51:08,769] INFO: Time: 15.865817650000054; Encoder Angle: 9.7998046875;
[2026-05-11 05:51:08,779] INFO: Time: 15.87588675500001; Encoder Angle: 9.68994140625;
[2026-05-11 05:51:08,789] INFO: Time: 15.885956136999994; Encoder Angle: 9.68994140625;
[2026-05-11 05:51:08,799] INFO: Time: 15.896035168000026; Encoder Angle: 9.66796875;
[2026-05-11 05:51:08,809] INFO: Time: 15.906103734999988; Encoder Angle: 9.580078125;
[2026-05-11 05:51:08,820] INFO: Time: 15.916176080000014; Encoder Angle: 9.55810546875;
[2026-05-11 05:51:08,830] INFO: Time: 15.926248241000167; Encoder Angle: 9.51416015625;
[2026-05-11 05:51:08,840] INFO: Time: 15.936320178000187; Encoder Angle: 9.4482421875;
[2026-05-11 05:51:08,850] INFO: Time: 15.946389653000097; Encoder Angle: 9.38232421875;
[2026-05-11 05:51:08,860] INFO: Time: 15.956458036000186; Encoder Angle: 9.29443359375;
[2026-05-11 05:51:08,870] INFO: Time: 15.966525492000073; Encoder Angle: 9.25048828125;
[2026-05-11 05:51:08,880] INFO: Time: 15.976595652000015; Encoder Angle: 9.2724609375;
[2026-05-11 05:51:08,890] INFO: Time: 15.98665738600016; Encoder Angle: 9.228515625;
[2026-05-11 05:51:08,900] INFO: Time: 15.996727620999991; Encoder Angle: 9.1845703125;
[2026-05-11 05:51:08,910] INFO: Time: 16.00678959600009; Encoder Angle: 9.140625;
[2026-05-11 05:51:08,920] INFO: Time: 16.016850773999977; Encoder Angle: 9.07470703125;
[2026-05-11 05:51:08,930] INFO: Time: 16.026921879000156; Encoder Angle: 9.07470703125;
[2026-05-11 05:51:08,940] INFO: Time: 16.036984113000017; Encoder Angle: 9.0087890625;
[2026-05-11 05:51:08,950] INFO: Time: 16.04704682900001; Encoder Angle: 8.98681640625;
[2026-05-11 05:51:08,960] INFO: Time: 16.05711184000006; Encoder Angle: 8.94287109375;
[2026-05-11 05:51:08,970] INFO: Time: 16.06717329700018; Encoder Angle: 8.9208984375;
[2026-05-11 05:51:08,981] INFO: Time: 16.077236124000137; Encoder Angle: 8.85498046875;
[2026-05-11 05:51:08,991] INFO: Time: 16.087298802000078; Encoder Angle: 8.8330078125;
[2026-05-11 05:51:09,001] INFO: Time: 16.09736431400006; Encoder Angle: 8.85498046875;
[2026-05-11 05:51:09,011] INFO: Time: 16.107426734; Encoder Angle: 8.7890625;
[2026-05-11 05:51:09,021] INFO: Time: 16.11749459700013; Encoder Angle: 8.81103515625;
[2026-05-11 05:51:09,031] INFO: Time: 16.12755766500004; Encoder Angle: 8.7890625;
[2026-05-11 05:51:09,041] INFO: Time: 16.137619473000086; Encoder Angle: 8.7451171875;
[2026-05-11 05:51:09,051] INFO: Time: 16.147682337000106; Encoder Angle: 8.72314453125;
[2026-05-11 05:51:09,061] INFO: Time: 16.1577463860001; Encoder Angle: 8.72314453125;
[2026-05-11 05:51:09,071] INFO: Time: 16.167820953000046; Encoder Angle: 8.67919921875;
[2026-05-11 05:51:09,081] INFO: Time: 16.177895632000173; Encoder Angle: 8.72314453125;
[2026-05-11 05:51:09,091] INFO: Time: 16.187968921999982; Encoder Angle: 8.67919921875;
[2026-05-11 05:51:09,101] INFO: Time: 16.198036971000192; Encoder Angle: 8.63525390625;
[2026-05-11 05:51:09,112] INFO: Time: 16.208149020000064; Encoder Angle: 8.63525390625;
[2026-05-11 05:51:09,122] INFO: Time: 16.21822588400005; Encoder Angle: 8.63525390625;
[2026-05-11 05:51:09,132] INFO: Time: 16.228306915000076; Encoder Angle: 8.67919921875;
[2026-05-11 05:51:09,142] INFO: Time: 16.238380259999985; Encoder Angle: 8.61328125;
[2026-05-11 05:51:09,152] INFO: Time: 16.248451883000143; Encoder Angle: 8.63525390625;
[2026-05-11 05:51:09,162] INFO: Time: 16.25853883900004; Encoder Angle: 8.63525390625;
[2026-05-11 05:51:09,172] INFO: Time: 16.268613537000192; Encoder Angle: 8.5693359375;
[2026-05-11 05:51:09,182] INFO: Time: 16.278683160000128; Encoder Angle: 8.61328125;
[2026-05-11 05:51:09,192] INFO: Time: 16.28875107900012; Encoder Angle: 8.525390625;
[2026-05-11 05:51:09,202] INFO: Time: 16.298821276000126; Encoder Angle: 8.54736328125;
[2026-05-11 05:51:09,212] INFO: Time: 16.308890195999993; Encoder Angle: 8.54736328125;
[2026-05-11 05:51:09,222] INFO: Time: 16.31896146700001; Encoder Angle: 8.50341796875;
[2026-05-11 05:51:09,232] INFO: Time: 16.32903027500015; Encoder Angle: 8.50341796875;
[2026-05-11 05:51:09,242] INFO: Time: 16.339095398000154; Encoder Angle: 8.50341796875;
[2026-05-11 05:51:09,252] INFO: Time: 16.34916557700012; Encoder Angle: 8.525390625;
[2026-05-11 05:51:09,263] INFO: Time: 16.35923081100009; Encoder Angle: 8.50341796875;
[2026-05-11 05:51:09,273] INFO: Time: 16.36929804500005; Encoder Angle: 8.54736328125;
[2026-05-11 05:51:09,283] INFO: Time: 16.379365205000113; Encoder Angle: 8.4814453125;
[2026-05-11 05:51:09,293] INFO: Time: 16.389431495000053; Encoder Angle: 8.5693359375;
[2026-05-11 05:51:09,303] INFO: Time: 16.399497506999978; Encoder Angle: 8.525390625;
[2026-05-11 05:51:09,313] INFO: Time: 16.409566593000136; Encoder Angle: 8.50341796875;
[2026-05-11 05:51:09,323] INFO: Time: 16.41967886500015; Encoder Angle: 8.4814453125;
[2026-05-11 05:51:09,333] INFO: Time: 16.429745154000102; Encoder Angle: 8.525390625;
[2026-05-11 05:51:09,343] INFO: Time: 16.439811740000096; Encoder Angle: 8.54736328125;
[2026-05-11 05:51:09,353] INFO: Time: 16.44987641900002; Encoder Angle: 8.525390625;
[2026-05-11 05:51:09,363] INFO: Time: 16.459947690000035; Encoder Angle: 8.45947265625;
[2026-05-11 05:51:09,373] INFO: Time: 16.470020591000093; Encoder Angle: 8.45947265625;
[2026-05-11 05:51:09,383] INFO: Time: 16.480089085000145; Encoder Angle: 8.525390625;
[2026-05-11 05:51:09,393] INFO: Time: 16.490158041000086; Encoder Angle: 8.4814453125;
[2026-05-11 05:51:09,404] INFO: Time: 16.500225460000138; Encoder Angle: 8.50341796875;
[2026-05-11 05:51:09,414] INFO: Time: 16.510295380000116; Encoder Angle: 8.525390625;
[2026-05-11 05:51:09,424] INFO: Time: 16.520370188000015; Encoder Angle: 8.525390625;
[2026-05-11 05:51:09,434] INFO: Time: 16.530439533000163; Encoder Angle: 8.45947265625;
[2026-05-11 05:51:09,444] INFO: Time: 16.540514453000014; Encoder Angle: 8.50341796875;
[2026-05-11 05:51:09,454] INFO: Time: 16.550580557000103; Encoder Angle: 8.45947265625;
[2026-05-11 05:51:09,464] INFO: Time: 16.56065586600016; Encoder Angle: 8.37158203125;
[2026-05-11 05:51:09,474] INFO: Time: 16.570731174000002; Encoder Angle: 8.4814453125;
[2026-05-11 05:51:09,484] INFO: Time: 16.580799241000022; Encoder Angle: 8.4814453125;
[2026-05-11 05:51:09,494] INFO: Time: 16.590874901999996; Encoder Angle: 8.45947265625;
[2026-05-11 05:51:09,504] INFO: Time: 16.60094826500017; Encoder Angle: 8.4814453125;
[2026-05-11 05:51:09,514] INFO: Time: 16.611024352000186; Encoder Angle: 8.525390625;
[2026-05-11 05:51:09,524] INFO: Time: 16.62109854900018; Encoder Angle: 8.4814453125;
[2026-05-11 05:51:09,534] INFO: Time: 16.63116833800018; Encoder Angle: 8.4814453125;
[2026-05-11 05:51:09,545] INFO: Time: 16.641235036000126; Encoder Angle: 8.4375;
[2026-05-11 05:51:09,555] INFO: Time: 16.651300436000156; Encoder Angle: 8.45947265625;
[2026-05-11 05:51:09,565] INFO: Time: 16.661366208000118; Encoder Angle: 8.4814453125;
[2026-05-11 05:51:09,575] INFO: Time: 16.67143203400019; Encoder Angle: 8.525390625;
[2026-05-11 05:51:09,585] INFO: Time: 16.681496824000078; Encoder Angle: 8.4375;
[2026-05-11 05:51:09,595] INFO: Time: 16.69156861400006; Encoder Angle: 8.525390625;
[2026-05-11 05:51:09,605] INFO: Time: 16.701634867000166; Encoder Angle: 8.45947265625;
[2026-05-11 05:51:09,615] INFO: Time: 16.711700397000186; Encoder Angle: 8.4814453125;
[2026-05-11 05:51:09,625] INFO: Time: 16.721775408999974; Encoder Angle: 8.4814453125;
[2026-05-11 05:51:09,635] INFO: Time: 16.73185160600019; Encoder Angle: 8.4814453125;
[2026-05-11 05:51:09,645] INFO: Time: 16.74193511800013; Encoder Angle: 8.50341796875;
[2026-05-11 05:51:09,655] INFO: Time: 16.752011723000123; Encoder Angle: 8.525390625;
[2026-05-11 05:51:09,665] INFO: Time: 16.76210062400014; Encoder Angle: 8.4375;
[2026-05-11 05:51:09,676] INFO: Time: 16.77217315400003; Encoder Angle: 8.4375;
[2026-05-11 05:51:09,686] INFO: Time: 16.782252814999993; Encoder Angle: 8.45947265625;
[2026-05-11 05:51:09,696] INFO: Time: 16.792326344999992; Encoder Angle: 8.45947265625;
[2026-05-11 05:51:09,706] INFO: Time: 16.802393894000033; Encoder Angle: 8.525390625;
[2026-05-11 05:51:09,716] INFO: Time: 16.812461369000175; Encoder Angle: 8.45947265625;
[2026-05-11 05:51:09,726] INFO: Time: 16.82252827000002; Encoder Angle: 8.4814453125;
[2026-05-11 05:51:09,736] INFO: Time: 16.832599114999994; Encoder Angle: 8.4375;
[2026-05-11 05:51:09,746] INFO: Time: 16.84266929400019; Encoder Angle: 8.4375;
[2026-05-11 05:51:09,756] INFO: Time: 16.852737917000013; Encoder Angle: 8.45947265625;
[2026-05-11 05:51:09,766] INFO: Time: 16.862807633000102; Encoder Angle: 8.4814453125;
[2026-05-11 05:51:09,776] INFO: Time: 16.87287336700001; Encoder Angle: 8.4814453125;
[2026-05-11 05:51:09,786] INFO: Time: 16.882941971000037; Encoder Angle: 8.4375;
[2026-05-11 05:51:09,796] INFO: Time: 16.89300887200011; Encoder Angle: 8.4814453125;
[2026-05-11 05:51:09,806] INFO: Time: 16.903073514000198; Encoder Angle: 8.45947265625;
[2026-05-11 05:51:09,816] INFO: Time: 16.913140211000155; Encoder Angle: 8.4814453125;
[2026-05-11 05:51:09,827] INFO: Time: 16.923209240999995; Encoder Angle: 8.525390625;
[2026-05-11 05:51:09,837] INFO: Time: 16.933271198000057; Encoder Angle: 8.5693359375;
[2026-05-11 05:51:09,847] INFO: Time: 16.943336210000098; Encoder Angle: 8.4375;
[2026-05-11 05:51:09,857] INFO: Time: 16.95340298100018; Encoder Angle: 8.45947265625;
[2026-05-11 05:51:09,867] INFO: Time: 16.963470604000122; Encoder Angle: 8.50341796875;
[2026-05-11 05:51:09,877] INFO: Time: 16.973537782999983; Encoder Angle: 8.45947265625;
[2026-05-11 05:51:09,887] INFO: Time: 16.983610035000083; Encoder Angle: 8.4814453125;
[2026-05-11 05:51:09,897] INFO: Time: 16.993673639999997; Encoder Angle: 8.4814453125;
[2026-05-11 05:51:09,907] INFO: Time: 17.00374454100006; Encoder Angle: 8.4375;
[2026-05-11 05:51:09,917] INFO: Time: 17.013812497000117; Encoder Angle: 8.525390625;
[2026-05-11 05:51:09,927] INFO: Time: 17.023882713000148; Encoder Angle: 8.4814453125;
[2026-05-11 05:51:09,937] INFO: Time: 17.033948466000083; Encoder Angle: 8.4375;
[2026-05-11 05:51:09,947] INFO: Time: 17.04401929200003; Encoder Angle: 8.50341796875;
[2026-05-11 05:51:09,957] INFO: Time: 17.054092064000088; Encoder Angle: 8.45947265625;
[2026-05-11 05:51:09,967] INFO: Time: 17.064161150000018; Encoder Angle: 8.45947265625;
[2026-05-11 05:51:09,978] INFO: Time: 17.07423256900006; Encoder Angle: 8.4375;
[2026-05-11 05:51:09,988] INFO: Time: 17.08430304400008; Encoder Angle: 8.45947265625;
[2026-05-11 05:51:09,998] INFO: Time: 17.094375204000016; Encoder Angle: 8.525390625;
[2026-05-11 05:51:10,008] INFO: Time: 17.10444490100008; Encoder Angle: 8.50341796875;
[2026-05-11 05:51:10,018] INFO: Time: 17.11451828400004; Encoder Angle: 8.50341796875;
[2026-05-11 05:51:10,028] INFO: Time: 17.124589703000083; Encoder Angle: 8.4814453125;
[2026-05-11 05:51:10,038] INFO: Time: 17.134662697000067; Encoder Angle: 8.45947265625;
[2026-05-11 05:51:10,048] INFO: Time: 17.14473354200004; Encoder Angle: 8.4814453125;
[2026-05-11 05:51:10,058] INFO: Time: 17.154809720999992; Encoder Angle: 8.50341796875;
[2026-05-11 05:51:10,068] INFO: Time: 17.164884991999998; Encoder Angle: 8.45947265625;
[2026-05-11 05:51:10,078] INFO: Time: 17.17494974500005; Encoder Angle: 8.525390625;
[2026-05-11 05:51:10,088] INFO: Time: 17.1850210340001; Encoder Angle: 8.45947265625;
[2026-05-11 05:51:10,098] INFO: Time: 17.19509508300007; Encoder Angle: 8.45947265625;
[2026-05-11 05:51:10,109] INFO: Time: 17.205163262000042; Encoder Angle: 8.4375;
[2026-05-11 05:51:10,119] INFO: Time: 17.215241478000053; Encoder Angle: 8.525390625;
[2026-05-11 05:51:10,129] INFO: Time: 17.22531495300018; Encoder Angle: 8.4814453125;
[2026-05-11 05:51:10,139] INFO: Time: 17.235379686999977; Encoder Angle: 8.45947265625;
[2026-05-11 05:51:10,149] INFO: Time: 17.24545921700019; Encoder Angle: 8.4814453125;
[2026-05-11 05:51:10,159] INFO: Time: 17.255531691999977; Encoder Angle: 8.4814453125;
[2026-05-11 05:51:10,169] INFO: Time: 17.265597908000018; Encoder Angle: 8.50341796875;
[2026-05-11 05:51:10,179] INFO: Time: 17.275660345999995; Encoder Angle: 8.54736328125;
[2026-05-11 05:51:10,189] INFO: Time: 17.28573002500002; Encoder Angle: 8.50341796875;
[2026-05-11 05:51:10,199] INFO: Time: 17.29579414800014; Encoder Angle: 8.45947265625;
[2026-05-11 05:51:10,209] INFO: Time: 17.305860030000076; Encoder Angle: 8.4814453125;
[2026-05-11 05:51:10,219] INFO: Time: 17.31592756000009; Encoder Angle: 8.4814453125;
[2026-05-11 05:51:10,229] INFO: Time: 17.32599138700016; Encoder Angle: 8.45947265625;
[2026-05-11 05:51:10,239] INFO: Time: 17.336054862000083; Encoder Angle: 8.45947265625;
[2026-05-11 05:51:10,249] INFO: Time: 17.346125522000193; Encoder Angle: 8.54736328125;
[2026-05-11 05:51:10,260] INFO: Time: 17.35620029300003; Encoder Angle: 8.50341796875;
[2026-05-11 05:51:10,270] INFO: Time: 17.366268935000107; Encoder Angle: 8.4814453125;
[2026-05-11 05:51:10,280] INFO: Time: 17.37633920600001; Encoder Angle: 8.50341796875;
[2026-05-11 05:51:10,290] INFO: Time: 17.386409791999995; Encoder Angle: 8.525390625;
[2026-05-11 05:51:10,300] INFO: Time: 17.396479823000163; Encoder Angle: 8.50341796875;
[2026-05-11 05:51:10,310] INFO: Time: 17.406553778999978; Encoder Angle: 8.5693359375;
[2026-05-11 05:51:10,320] INFO: Time: 17.416621606000035; Encoder Angle: 8.50341796875;
[2026-05-11 05:51:10,330] INFO: Time: 17.42669206300002; Encoder Angle: 8.525390625;
[2026-05-11 05:51:10,340] INFO: Time: 17.436758629999986; Encoder Angle: 8.54736328125;
[2026-05-11 05:51:10,350] INFO: Time: 17.446826198000053; Encoder Angle: 8.50341796875;
[2026-05-11 05:51:10,360] INFO: Time: 17.456895339000084; Encoder Angle: 8.50341796875;
[2026-05-11 05:51:10,370] INFO: Time: 17.466964296000015; Encoder Angle: 8.50341796875;
[2026-05-11 05:51:10,380] INFO: Time: 17.4770311220002; Encoder Angle: 8.54736328125;
[2026-05-11 05:51:10,390] INFO: Time: 17.487099801000113; Encoder Angle: 8.525390625;
[2026-05-11 05:51:10,401] INFO: Time: 17.49716809100005; Encoder Angle: 8.5693359375;
[2026-05-11 05:51:10,411] INFO: Time: 17.507246640000176; Encoder Angle: 8.5693359375;
[2026-05-11 05:51:10,421] INFO: Time: 17.517318652000085; Encoder Angle: 8.50341796875;
[2026-05-11 05:51:10,431] INFO: Time: 17.527389071000016; Encoder Angle: 8.525390625;
[2026-05-11 05:51:10,441] INFO: Time: 17.537458175999973; Encoder Angle: 8.525390625;
[2026-05-11 05:51:10,451] INFO: Time: 17.54752804000009; Encoder Angle: 8.54736328125;
[2026-05-11 05:51:10,461] INFO: Time: 17.55759451500012; Encoder Angle: 8.525390625;
[2026-05-11 05:51:10,471] INFO: Time: 17.56766561900008; Encoder Angle: 8.59130859375;
[2026-05-11 05:51:10,481] INFO: Time: 17.577731705000133; Encoder Angle: 8.59130859375;
[2026-05-11 05:51:10,491] INFO: Time: 17.58780049500001; Encoder Angle: 8.50341796875;
[2026-05-11 05:51:10,501] INFO: Time: 17.597864636000168; Encoder Angle: 8.54736328125;
[2026-05-11 05:51:10,511] INFO: Time: 17.60793516700005; Encoder Angle: 8.59130859375;
[2026-05-11 05:51:10,521] INFO: Time: 17.61801188300001; Encoder Angle: 8.59130859375;
[2026-05-11 05:51:10,531] INFO: Time: 17.628084413000124; Encoder Angle: 8.59130859375;
[2026-05-11 05:51:10,541] INFO: Time: 17.638154962000044; Encoder Angle: 8.5693359375;
[2026-05-11 05:51:10,552] INFO: Time: 17.64822164100019; Encoder Angle: 8.5693359375;
[2026-05-11 05:51:10,562] INFO: Time: 17.658292374999974; Encoder Angle: 8.5693359375;
[2026-05-11 05:51:10,572] INFO: Time: 17.668361628000184; Encoder Angle: 8.525390625;
[2026-05-11 05:51:10,582] INFO: Time: 17.6784291030001; Encoder Angle: 8.54736328125;
[2026-05-11 05:51:10,592] INFO: Time: 17.688497744000188; Encoder Angle: 8.54736328125;
[2026-05-11 05:51:10,602] INFO: Time: 17.698569627000097; Encoder Angle: 8.61328125;
[2026-05-11 05:51:10,612] INFO: Time: 17.708638545999975; Encoder Angle: 8.54736328125;
[2026-05-11 05:51:10,622] INFO: Time: 17.718707946999984; Encoder Angle: 8.61328125;
[2026-05-11 05:51:10,632] INFO: Time: 17.72878657000001; Encoder Angle: 8.59130859375;
[2026-05-11 05:51:10,642] INFO: Time: 17.73886034100019; Encoder Angle: 8.59130859375;
[2026-05-11 05:51:10,652] INFO: Time: 17.748929835000126; Encoder Angle: 8.59130859375;
[2026-05-11 05:51:10,662] INFO: Time: 17.75901025400003; Encoder Angle: 8.54736328125;
[2026-05-11 05:51:10,673] INFO: Time: 17.769089933000032; Encoder Angle: 8.61328125;
[2026-05-11 05:51:10,683] INFO: Time: 17.779161574; Encoder Angle: 8.5693359375;
[2026-05-11 05:51:10,693] INFO: Time: 17.78923064200012; Encoder Angle: 8.54736328125;
[2026-05-11 05:51:10,703] INFO: Time: 17.799297172000024; Encoder Angle: 8.63525390625;
[2026-05-11 05:51:10,713] INFO: Time: 17.80936735099999; Encoder Angle: 8.59130859375;
[2026-05-11 05:51:10,723] INFO: Time: 17.81945471500012; Encoder Angle: 8.54736328125;
[2026-05-11 05:51:10,733] INFO: Time: 17.829533079000157; Encoder Angle: 8.63525390625;
[2026-05-11 05:51:10,743] INFO: Time: 17.839603146000172; Encoder Angle: 8.61328125;
[2026-05-11 05:51:10,753] INFO: Time: 17.849671455000134; Encoder Angle: 8.59130859375;
[2026-05-11 05:51:10,763] INFO: Time: 17.859739596000054; Encoder Angle: 8.61328125;
[2026-05-11 05:51:10,773] INFO: Time: 17.86980959000016; Encoder Angle: 8.5693359375;
[2026-05-11 05:51:10,783] INFO: Time: 17.87987689800002; Encoder Angle: 8.59130859375;
[2026-05-11 05:51:10,793] INFO: Time: 17.889942188000077; Encoder Angle: 8.61328125;
[2026-05-11 05:51:10,803] INFO: Time: 17.90000701500003; Encoder Angle: 8.59130859375;
[2026-05-11 05:51:10,813] INFO: Time: 17.910093823000125; Encoder Angle: 8.59130859375;
[2026-05-11 05:51:10,823] INFO: Time: 17.92016135300014; Encoder Angle: 8.59130859375;
[2026-05-11 05:51:10,834] INFO: Time: 17.93022960600001; Encoder Angle: 8.59130859375;
[2026-05-11 05:51:10,844] INFO: Time: 17.94030022900006; Encoder Angle: 8.59130859375;
[2026-05-11 05:51:10,854] INFO: Time: 17.950366593000126; Encoder Angle: 8.63525390625;
[2026-05-11 05:51:10,864] INFO: Time: 17.960436457000014; Encoder Angle: 8.61328125;
[2026-05-11 05:51:10,874] INFO: Time: 17.97050467300005; Encoder Angle: 8.54736328125;
[2026-05-11 05:51:10,884] INFO: Time: 17.980570796000166; Encoder Angle: 8.61328125;
[2026-05-11 05:51:10,894] INFO: Time: 17.990640196000186; Encoder Angle: 8.59130859375;
[2026-05-11 05:51:10,904] INFO: Time: 18.000706375000163; Encoder Angle: 8.61328125;
[2026-05-11 05:51:10,914] INFO: Time: 18.010771776000183; Encoder Angle: 8.63525390625;
[2026-05-11 05:51:10,924] INFO: Time: 18.020841232000066; Encoder Angle: 8.61328125;
[2026-05-11 05:51:10,934] INFO: Time: 18.030906522000123; Encoder Angle: 8.5693359375;
[2026-05-11 05:51:10,944] INFO: Time: 18.040977460000022; Encoder Angle: 8.59130859375;
[2026-05-11 05:51:10,954] INFO: Time: 18.05104350900001; Encoder Angle: 8.59130859375;
[2026-05-11 05:51:10,964] INFO: Time: 18.0611081510001; Encoder Angle: 8.67919921875;
[2026-05-11 05:51:10,975] INFO: Time: 18.071176366000145; Encoder Angle: 8.5693359375;
[2026-05-11 05:51:10,985] INFO: Time: 18.081242971000165; Encoder Angle: 8.61328125;
[2026-05-11 05:51:10,995] INFO: Time: 18.091309575000196; Encoder Angle: 8.61328125;
[2026-05-11 05:51:11,005] INFO: Time: 18.10137506900014; Encoder Angle: 8.59130859375;
[2026-05-11 05:51:11,015] INFO: Time: 18.111447580999993; Encoder Angle: 8.59130859375;
[2026-05-11 05:51:11,025] INFO: Time: 18.121517019000066; Encoder Angle: 8.5693359375;
[2026-05-11 05:51:11,035] INFO: Time: 18.13158938200013; Encoder Angle: 8.5693359375;
[2026-05-11 05:51:11,045] INFO: Time: 18.141656006000176; Encoder Angle: 8.59130859375;
[2026-05-11 05:51:11,055] INFO: Time: 18.151723518000153; Encoder Angle: 8.54736328125;
[2026-05-11 05:51:11,065] INFO: Time: 18.16179452900019; Encoder Angle: 8.59130859375;
[2026-05-11 05:51:11,075] INFO: Time: 18.171861616000115; Encoder Angle: 8.63525390625;
[2026-05-11 05:51:11,085] INFO: Time: 18.18192546099999; Encoder Angle: 8.59130859375;
[2026-05-11 05:51:11,095] INFO: Time: 18.191996658000107; Encoder Angle: 8.59130859375;
[2026-05-11 05:51:11,105] INFO: Time: 18.20211022600006; Encoder Angle: 8.63525390625;
[2026-05-11 05:51:11,116] INFO: Time: 18.212192164000044; Encoder Angle: 8.5693359375;
[2026-05-11 05:51:11,126] INFO: Time: 18.222266953000144; Encoder Angle: 8.54736328125;
[2026-05-11 05:51:11,136] INFO: Time: 18.23234444700006; Encoder Angle: 8.5693359375;
[2026-05-11 05:51:11,146] INFO: Time: 18.242415459000085; Encoder Angle: 8.5693359375;
[2026-05-11 05:51:11,156] INFO: Time: 18.2524853970001; Encoder Angle: 8.5693359375;
[2026-05-11 05:51:11,166] INFO: Time: 18.26257979800016; Encoder Angle: 8.59130859375;
[2026-05-11 05:51:11,176] INFO: Time: 18.27265306900017; Encoder Angle: 8.59130859375;
[2026-05-11 05:51:11,186] INFO: Time: 18.282721451000043; Encoder Angle: 8.59130859375;
[2026-05-11 05:51:11,196] INFO: Time: 18.292792612000085; Encoder Angle: 8.59130859375;
[2026-05-11 05:51:11,206] INFO: Time: 18.30286186400008; Encoder Angle: 8.5693359375;
[2026-05-11 05:51:11,216] INFO: Time: 18.3129296730001; Encoder Angle: 8.5693359375;
[2026-05-11 05:51:11,226] INFO: Time: 18.32302114800018; Encoder Angle: 8.54736328125;
[2026-05-11 05:51:11,236] INFO: Time: 18.333093567000105; Encoder Angle: 8.525390625;
[2026-05-11 05:51:11,247] INFO: Time: 18.34316694900008; Encoder Angle: 8.50341796875;
[2026-05-11 05:51:11,257] INFO: Time: 18.35323499800006; Encoder Angle: 8.525390625;
[2026-05-11 05:51:11,267] INFO: Time: 18.363305770000125; Encoder Angle: 8.525390625;
[2026-05-11 05:51:11,277] INFO: Time: 18.373376207000092; Encoder Angle: 8.50341796875;
[2026-05-11 05:51:11,287] INFO: Time: 18.383445590000065; Encoder Angle: 8.525390625;
[2026-05-11 05:51:11,297] INFO: Time: 18.39351426799999; Encoder Angle: 8.4814453125;
[2026-05-11 05:51:11,307] INFO: Time: 18.403587503000153; Encoder Angle: 8.45947265625;
[2026-05-11 05:51:11,317] INFO: Time: 18.413658478000116; Encoder Angle: 8.41552734375;
[2026-05-11 05:51:11,327] INFO: Time: 18.423726027000157; Encoder Angle: 8.3935546875;
[2026-05-11 05:51:11,337] INFO: Time: 18.43379248300016; Encoder Angle: 8.3935546875;
[2026-05-11 05:51:11,347] INFO: Time: 18.443863254000007; Encoder Angle: 8.349609375;
[2026-05-11 05:51:11,357] INFO: Time: 18.453930137000043; Encoder Angle: 8.32763671875;
[2026-05-11 05:51:11,367] INFO: Time: 18.463999056000148; Encoder Angle: 8.26171875;
[2026-05-11 05:51:11,377] INFO: Time: 18.474068549000094; Encoder Angle: 8.26171875;
[2026-05-11 05:51:11,387] INFO: Time: 18.48413715400011; Encoder Angle: 8.19580078125;
[2026-05-11 05:51:11,398] INFO: Time: 18.494210870000188; Encoder Angle: 8.28369140625;
[2026-05-11 05:51:11,408] INFO: Time: 18.504281437000145; Encoder Angle: 8.1298828125;
[2026-05-11 05:51:11,418] INFO: Time: 18.514353894000124; Encoder Angle: 8.1298828125;
[2026-05-11 05:51:11,428] INFO: Time: 18.52442477600016; Encoder Angle: 8.10791015625;
[2026-05-11 05:51:11,438] INFO: Time: 18.534496695000144; Encoder Angle: 8.06396484375;
[2026-05-11 05:51:11,448] INFO: Time: 18.54456746699998; Encoder Angle: 7.976074218750001;
[2026-05-11 05:51:11,458] INFO: Time: 18.554639868000095; Encoder Angle: 7.976074218750001;
[2026-05-11 05:51:11,468] INFO: Time: 18.56471000900001; Encoder Angle: 7.9541015625;
[2026-05-11 05:51:11,478] INFO: Time: 18.574778780000088; Encoder Angle: 7.9541015625;
[2026-05-11 05:51:11,488] INFO: Time: 18.58484632900013; Encoder Angle: 7.932128906249999;
[2026-05-11 05:51:11,498] INFO: Time: 18.594916840999986; Encoder Angle: 7.8662109375;
[2026-05-11 05:51:11,508] INFO: Time: 18.604985390000138; Encoder Angle: 7.80029296875;
[2026-05-11 05:51:11,518] INFO: Time: 18.61505458800002; Encoder Angle: 7.75634765625;
[2026-05-11 05:51:11,528] INFO: Time: 18.62512550700012; Encoder Angle: 7.734374999999999;
[2026-05-11 05:51:11,539] INFO: Time: 18.635195667000062; Encoder Angle: 7.66845703125;
[2026-05-11 05:51:11,549] INFO: Time: 18.645266901000014; Encoder Angle: 7.71240234375;
[2026-05-11 05:51:11,559] INFO: Time: 18.655336487000113; Encoder Angle: 7.66845703125;
[2026-05-11 05:51:11,569] INFO: Time: 18.665403851000065; Encoder Angle: 7.6025390625;
[2026-05-11 05:51:11,579] INFO: Time: 18.67547619600009; Encoder Angle: 7.62451171875;
[2026-05-11 05:51:11,589] INFO: Time: 18.68554472699998; Encoder Angle: 7.55859375;
[2026-05-11 05:51:11,599] INFO: Time: 18.695612794; Encoder Angle: 7.5146484375;
[2026-05-11 05:51:11,609] INFO: Time: 18.705687120999983; Encoder Angle: 7.470703125;
[2026-05-11 05:51:11,619] INFO: Time: 18.715755837000188; Encoder Angle: 7.3828125;
[2026-05-11 05:51:11,629] INFO: Time: 18.725826905000076; Encoder Angle: 7.338867187500001;
[2026-05-11 05:51:11,639] INFO: Time: 18.73589552800013; Encoder Angle: 7.22900390625;
[2026-05-11 05:51:11,649] INFO: Time: 18.745975003000012; Encoder Angle: 7.163085937499999;
[2026-05-11 05:51:11,659] INFO: Time: 18.756048755000165; Encoder Angle: 7.119140625;
[2026-05-11 05:51:11,669] INFO: Time: 18.766124749000028; Encoder Angle: 7.119140625;
[2026-05-11 05:51:11,680] INFO: Time: 18.776208928000187; Encoder Angle: 7.03125;
[2026-05-11 05:51:11,690] INFO: Time: 18.78628777300014; Encoder Angle: 6.943359375;
[2026-05-11 05:51:11,700] INFO: Time: 18.796358396000187; Encoder Angle: 6.8994140625;
[2026-05-11 05:51:11,710] INFO: Time: 18.80643020399998; Encoder Angle: 6.87744140625;
[2026-05-11 05:51:11,720] INFO: Time: 18.8164980680001; Encoder Angle: 6.74560546875;
[2026-05-11 05:51:11,730] INFO: Time: 18.826567969000052; Encoder Angle: 6.83349609375;
[2026-05-11 05:51:11,740] INFO: Time: 18.836639296000158; Encoder Angle: 6.74560546875;
[2026-05-11 05:51:11,750] INFO: Time: 18.846707381999977; Encoder Angle: 6.70166015625;
[2026-05-11 05:51:11,760] INFO: Time: 18.856789283000126; Encoder Angle: 6.6796875;
[2026-05-11 05:51:11,770] INFO: Time: 18.866863184000067; Encoder Angle: 6.65771484375;
[2026-05-11 05:51:11,780] INFO: Time: 18.876930807000008; Encoder Angle: 6.61376953125;
[2026-05-11 05:51:11,790] INFO: Time: 18.887000800000123; Encoder Angle: 6.61376953125;
[2026-05-11 05:51:11,800] INFO: Time: 18.89706996000018; Encoder Angle: 6.5478515625;
[2026-05-11 05:51:11,810] INFO: Time: 18.907146194000006; Encoder Angle: 6.4599609375;
[2026-05-11 05:51:11,821] INFO: Time: 18.91721809500018; Encoder Angle: 6.43798828125;
[2026-05-11 05:51:11,831] INFO: Time: 18.927287274000037; Encoder Angle: 6.39404296875;
[2026-05-11 05:51:11,841] INFO: Time: 18.937356378999993; Encoder Angle: 6.39404296875;
[2026-05-11 05:51:11,851] INFO: Time: 18.947424705000003; Encoder Angle: 6.328125;
[2026-05-11 05:51:11,861] INFO: Time: 18.957493810000187; Encoder Angle: 6.2841796875;
[2026-05-11 05:51:11,871] INFO: Time: 18.967561785000044; Encoder Angle: 6.26220703125;
[2026-05-11 05:51:11,881] INFO: Time: 18.977631926000186; Encoder Angle: 6.1962890625;
[2026-05-11 05:51:11,891] INFO: Time: 18.987703364000026; Encoder Angle: 6.1962890625;
[2026-05-11 05:51:11,901] INFO: Time: 18.997772247000057; Encoder Angle: 6.17431640625;
[2026-05-11 05:51:11,911] INFO: Time: 19.007844055000078; Encoder Angle: 6.1083984375;
[2026-05-11 05:51:11,921] INFO: Time: 19.017913104000172; Encoder Angle: 6.13037109375;
[2026-05-11 05:51:11,931] INFO: Time: 19.02798543100016; Encoder Angle: 6.1083984375;
[2026-05-11 05:51:11,941] INFO: Time: 19.03805705400009; Encoder Angle: 6.0205078125;
[2026-05-11 05:51:11,951] INFO: Time: 19.048126250999985; Encoder Angle: 6.1083984375;
[2026-05-11 05:51:11,962] INFO: Time: 19.058198615000038; Encoder Angle: 6.04248046875;
[2026-05-11 05:51:11,972] INFO: Time: 19.06826920100002; Encoder Angle: 6.0205078125;
[2026-05-11 05:51:11,982] INFO: Time: 19.07834032400001; Encoder Angle: 6.0205078125;
[2026-05-11 05:51:11,992] INFO: Time: 19.088412466000136; Encoder Angle: 6.08642578125;
[2026-05-11 05:51:12,002] INFO: Time: 19.098482310999998; Encoder Angle: 5.99853515625;
[2026-05-11 05:51:12,012] INFO: Time: 19.108555138000156; Encoder Angle: 5.95458984375;
[2026-05-11 05:51:12,022] INFO: Time: 19.11862374200018; Encoder Angle: 5.95458984375;
[2026-05-11 05:51:12,032] INFO: Time: 19.128695847000017; Encoder Angle: 5.95458984375;
[2026-05-11 05:51:12,042] INFO: Time: 19.138768192000043; Encoder Angle: 5.91064453125;
[2026-05-11 05:51:12,052] INFO: Time: 19.148836612000196; Encoder Angle: 5.95458984375;
[2026-05-11 05:51:12,062] INFO: Time: 19.1589056790001; Encoder Angle: 5.91064453125;
[2026-05-11 05:51:12,072] INFO: Time: 19.168973191000077; Encoder Angle: 5.9326171875;
[2026-05-11 05:51:12,082] INFO: Time: 19.179042351000135; Encoder Angle: 5.91064453125;
[2026-05-11 05:51:12,092] INFO: Time: 19.189110862999996; Encoder Angle: 5.86669921875;
[2026-05-11 05:51:12,103] INFO: Time: 19.199183357000038; Encoder Angle: 5.888671875;
[2026-05-11 05:51:12,113] INFO: Time: 19.209256202000006; Encoder Angle: 5.91064453125;
[2026-05-11 05:51:12,123] INFO: Time: 19.219326862000116; Encoder Angle: 5.888671875;
[2026-05-11 05:51:12,133] INFO: Time: 19.22939909600018; Encoder Angle: 5.91064453125;
[2026-05-11 05:51:12,143] INFO: Time: 19.23946881200004; Encoder Angle: 5.86669921875;
[2026-05-11 05:51:12,153] INFO: Time: 19.249544213000036; Encoder Angle: 5.86669921875;
[2026-05-11 05:51:12,163] INFO: Time: 19.259614262000014; Encoder Angle: 5.82275390625;
[2026-05-11 05:51:12,173] INFO: Time: 19.269694774000072; Encoder Angle: 5.8447265625;
[2026-05-11 05:51:12,183] INFO: Time: 19.279764416000035; Encoder Angle: 5.86669921875;
[2026-05-11 05:51:12,193] INFO: Time: 19.28982990899999; Encoder Angle: 5.82275390625;
[2026-05-11 05:51:12,203] INFO: Time: 19.299900476000175; Encoder Angle: 5.86669921875;
[2026-05-11 05:51:12,213] INFO: Time: 19.30996947000017; Encoder Angle: 5.8447265625;
[2026-05-11 05:51:12,223] INFO: Time: 19.32005150000009; Encoder Angle: 5.80078125;
[2026-05-11 05:51:12,233] INFO: Time: 19.330105012000104; Encoder Angle: 5.80078125;
[2026-05-11 05:51:12,244] INFO: Time: 19.340173691000018; Encoder Angle: 5.8447265625;
[2026-05-11 05:51:12,254] INFO: Time: 19.350241388000086; Encoder Angle: 5.86669921875;
[2026-05-11 05:51:12,264] INFO: Time: 19.360308178000196; Encoder Angle: 5.7568359375;
[2026-05-11 05:51:12,274] INFO: Time: 19.370374727000126; Encoder Angle: 5.80078125;
[2026-05-11 05:51:12,284] INFO: Time: 19.380442943000162; Encoder Angle: 5.80078125;
[2026-05-11 05:51:12,294] INFO: Time: 19.390512639999997; Encoder Angle: 5.82275390625;
[2026-05-11 05:51:12,304] INFO: Time: 19.400580763000107; Encoder Angle: 5.82275390625;
[2026-05-11 05:51:12,314] INFO: Time: 19.410651015999974; Encoder Angle: 5.73486328125;
[2026-05-11 05:51:12,324] INFO: Time: 19.42071852800018; Encoder Angle: 5.7568359375;
[2026-05-11 05:51:12,334] INFO: Time: 19.430785484000126; Encoder Angle: 5.73486328125;
[2026-05-11 05:51:12,344] INFO: Time: 19.44085377400006; Encoder Angle: 5.73486328125;
[2026-05-11 05:51:12,354] INFO: Time: 19.45092171200008; Encoder Angle: 5.7568359375;
[2026-05-11 05:51:12,364] INFO: Time: 19.460989445999985; Encoder Angle: 5.7568359375;
[2026-05-11 05:51:12,374] INFO: Time: 19.47105640200016; Encoder Angle: 5.69091796875;
[2026-05-11 05:51:12,384] INFO: Time: 19.481123173000015; Encoder Angle: 5.69091796875;
[2026-05-11 05:51:12,395] INFO: Time: 19.491191221999998; Encoder Angle: 5.6689453125;
[2026-05-11 05:51:12,405] INFO: Time: 19.501259179000044; Encoder Angle: 5.6689453125;
[2026-05-11 05:51:12,415] INFO: Time: 19.511329894000028; Encoder Angle: 5.625;
[2026-05-11 05:51:12,425] INFO: Time: 19.521397535999995; Encoder Angle: 5.64697265625;
[2026-05-11 05:51:12,435] INFO: Time: 19.531465789000094; Encoder Angle: 5.625;
[2026-05-11 05:51:12,445] INFO: Time: 19.541534616000035; Encoder Angle: 5.6689453125;
[2026-05-11 05:51:12,455] INFO: Time: 19.55160233100014; Encoder Angle: 5.69091796875;
[2026-05-11 05:51:12,465] INFO: Time: 19.561669565000102; Encoder Angle: 5.6689453125;
[2026-05-11 05:51:12,475] INFO: Time: 19.571737226000096; Encoder Angle: 5.625;
[2026-05-11 05:51:12,485] INFO: Time: 19.581804645000148; Encoder Angle: 5.69091796875;
[2026-05-11 05:51:12,495] INFO: Time: 19.591873120000173; Encoder Angle: 5.64697265625;
[2026-05-11 05:51:12,505] INFO: Time: 19.60194216900004; Encoder Angle: 5.6689453125;
[2026-05-11 05:51:12,515] INFO: Time: 19.61201099599998; Encoder Angle: 5.6689453125;
[2026-05-11 05:51:12,525] INFO: Time: 19.622091359000024; Encoder Angle: 5.625;
[2026-05-11 05:51:12,535] INFO: Time: 19.632158575000176; Encoder Angle: 5.69091796875;
[2026-05-11 05:51:12,546] INFO: Time: 19.642231661000096; Encoder Angle: 5.69091796875;
[2026-05-11 05:51:12,556] INFO: Time: 19.652300803000117; Encoder Angle: 5.64697265625;
[2026-05-11 05:51:12,566] INFO: Time: 19.662370352000153; Encoder Angle: 5.6689453125;
[2026-05-11 05:51:12,576] INFO: Time: 19.672438586; Encoder Angle: 5.64697265625;
[2026-05-11 05:51:12,586] INFO: Time: 19.682505894000087; Encoder Angle: 5.6689453125;
[2026-05-11 05:51:12,596] INFO: Time: 19.69257305400015; Encoder Angle: 5.64697265625;
[2026-05-11 05:51:12,606] INFO: Time: 19.702643252000144; Encoder Angle: 5.625;
[2026-05-11 05:51:12,616] INFO: Time: 19.712714356000106; Encoder Angle: 5.712890625;
[2026-05-11 05:51:12,626] INFO: Time: 19.72278385000004; Encoder Angle: 5.6689453125;
[2026-05-11 05:51:12,636] INFO: Time: 19.732853306000152; Encoder Angle: 5.69091796875;
[2026-05-11 05:51:12,646] INFO: Time: 19.7429227250002; Encoder Angle: 5.6689453125;
[2026-05-11 05:51:12,656] INFO: Time: 19.75299725600007; Encoder Angle: 5.64697265625;
[2026-05-11 05:51:12,666] INFO: Time: 19.763067601000103; Encoder Angle: 5.73486328125;
[2026-05-11 05:51:12,676] INFO: Time: 19.773139464999986; Encoder Angle: 5.712890625;
[2026-05-11 05:51:12,687] INFO: Time: 19.783220329000187; Encoder Angle: 5.73486328125;
[2026-05-11 05:51:12,697] INFO: Time: 19.793296673999976; Encoder Angle: 5.64697265625;
[2026-05-11 05:51:12,707] INFO: Time: 19.803369038000028; Encoder Angle: 5.712890625;
[2026-05-11 05:51:12,717] INFO: Time: 19.813440606000086; Encoder Angle: 5.6689453125;
[2026-05-11 05:51:12,727] INFO: Time: 19.823510969000154; Encoder Angle: 5.712890625;
[2026-05-11 05:51:12,737] INFO: Time: 19.833588555999995; Encoder Angle: 5.7568359375;
[2026-05-11 05:51:12,747] INFO: Time: 19.84366934500008; Encoder Angle: 5.7568359375;
[2026-05-11 05:51:12,757] INFO: Time: 19.853747283000075; Encoder Angle: 5.77880859375;
[2026-05-11 05:51:12,767] INFO: Time: 19.863822905999996; Encoder Angle: 5.80078125;
[2026-05-11 05:51:12,777] INFO: Time: 19.87390040000014; Encoder Angle: 5.8447265625;
[2026-05-11 05:51:12,787] INFO: Time: 19.883974338000144; Encoder Angle: 5.80078125;
[2026-05-11 05:51:12,797] INFO: Time: 19.894059202000108; Encoder Angle: 5.77880859375;
[2026-05-11 05:51:12,808] INFO: Time: 19.904137510000055; Encoder Angle: 5.8447265625;
[2026-05-11 05:51:12,818] INFO: Time: 19.914207985000075; Encoder Angle: 5.86669921875;
[2026-05-11 05:51:12,828] INFO: Time: 19.924275201; Encoder Angle: 5.91064453125;
[2026-05-11 05:51:12,838] INFO: Time: 19.934347398; Encoder Angle: 5.888671875;
[2026-05-11 05:51:12,848] INFO: Time: 19.94441729900018; Encoder Angle: 5.8447265625;
[2026-05-11 05:51:12,858] INFO: Time: 19.954484514000114; Encoder Angle: 5.95458984375;
[2026-05-11 05:51:12,868] INFO: Time: 19.964547619000086; Encoder Angle: 5.95458984375;
[2026-05-11 05:51:12,878] INFO: Time: 19.974614685999995; Encoder Angle: 5.95458984375;
[2026-05-11 05:51:12,888] INFO: Time: 19.984677272; Encoder Angle: 5.9326171875;
[2026-05-11 05:51:12,898] INFO: Time: 19.99474163600007; Encoder Angle: 5.99853515625;
[2026-05-11 05:51:12,908] INFO: Time: 20.004803648000006; Encoder Angle: 6.0205078125;
[2026-05-11 05:51:12,918] INFO: Time: 20.01486767900019; Encoder Angle: 6.064453125;
[2026-05-11 05:51:12,928] INFO: Time: 20.024929820000125; Encoder Angle: 6.0205078125;
[2026-05-11 05:51:12,938] INFO: Time: 20.034993406000012; Encoder Angle: 6.064453125;
[2026-05-11 05:51:12,948] INFO: Time: 20.04505495500007; Encoder Angle: 6.08642578125;
[2026-05-11 05:51:12,958] INFO: Time: 20.05511957800013; Encoder Angle: 6.08642578125;
[2026-05-11 05:51:12,968] INFO: Time: 20.06518084900017; Encoder Angle: 6.1083984375;
[2026-05-11 05:51:12,979] INFO: Time: 20.075244621000138; Encoder Angle: 6.15234375;
[2026-05-11 05:51:12,989] INFO: Time: 20.08530646600002; Encoder Angle: 6.13037109375;
[2026-05-11 05:51:12,999] INFO: Time: 20.09536933000004; Encoder Angle: 6.17431640625;
[2026-05-11 05:51:13,009] INFO: Time: 20.10542952700007; Encoder Angle: 6.1962890625;
[2026-05-11 05:51:13,019] INFO: Time: 20.11549137200018; Encoder Angle: 6.21826171875;
[2026-05-11 05:51:13,029] INFO: Time: 20.125552995000135; Encoder Angle: 6.240234375;
[2026-05-11 05:51:13,039] INFO: Time: 20.13561461800009; Encoder Angle: 6.26220703125;
[2026-05-11 05:51:13,049] INFO: Time: 20.145681593000063; Encoder Angle: 6.2841796875;
[2026-05-11 05:51:13,059] INFO: Time: 20.155743512000072; Encoder Angle: 6.2841796875;
[2026-05-11 05:51:13,069] INFO: Time: 20.165804858; Encoder Angle: 6.328125;
[2026-05-11 05:51:13,079] INFO: Time: 20.17587279600002; Encoder Angle: 6.3720703125;
[2026-05-11 05:51:13,089] INFO: Time: 20.18597382600001; Encoder Angle: 6.35009765625;
[2026-05-11 05:51:13,099] INFO: Time: 20.19607785700009; Encoder Angle: 6.416015625;
[2026-05-11 05:51:13,110] INFO: Time: 20.206163332000187; Encoder Angle: 6.48193359375;
[2026-05-11 05:51:13,120] INFO: Time: 20.21623012200007; Encoder Angle: 6.43798828125;
[2026-05-11 05:51:13,130] INFO: Time: 20.226296485000148; Encoder Angle: 6.52587890625;
[2026-05-11 05:51:13,140] INFO: Time: 20.236368960000163; Encoder Angle: 6.50390625;
[2026-05-11 05:51:13,150] INFO: Time: 20.246433417000162; Encoder Angle: 6.4599609375;
[2026-05-11 05:51:13,160] INFO: Time: 20.256507892000172; Encoder Angle: 6.52587890625;
[2026-05-11 05:51:13,170] INFO: Time: 20.26657521900006; Encoder Angle: 6.5478515625;
[2026-05-11 05:51:13,180] INFO: Time: 20.276642416000186; Encoder Angle: 6.591796875;
[2026-05-11 05:51:13,190] INFO: Time: 20.28670818700016; Encoder Angle: 6.56982421875;
[2026-05-11 05:51:13,200] INFO: Time: 20.296769440000162; Encoder Angle: 6.6796875;
[2026-05-11 05:51:13,210] INFO: Time: 20.306833359000166; Encoder Angle: 6.65771484375;
[2026-05-11 05:51:13,220] INFO: Time: 20.316949464000118; Encoder Angle: 6.70166015625;
[2026-05-11 05:51:13,230] INFO: Time: 20.327021420000165; Encoder Angle: 6.70166015625;
[2026-05-11 05:51:13,240] INFO: Time: 20.337091025000063; Encoder Angle: 6.70166015625;
[2026-05-11 05:51:13,250] INFO: Time: 20.347158555000078; Encoder Angle: 6.74560546875;
[2026-05-11 05:51:13,261] INFO: Time: 20.357224141000188; Encoder Angle: 6.74560546875;
[2026-05-11 05:51:13,271] INFO: Time: 20.367289505000144; Encoder Angle: 6.83349609375;
[2026-05-11 05:51:13,281] INFO: Time: 20.377354980000064; Encoder Angle: 6.83349609375;
[2026-05-11 05:51:13,291] INFO: Time: 20.387420122000094; Encoder Angle: 6.85546875;
[2026-05-11 05:51:13,301] INFO: Time: 20.39748480000003; Encoder Angle: 6.8994140625;
[2026-05-11 05:51:13,311] INFO: Time: 20.407549145000075; Encoder Angle: 6.92138671875;
[2026-05-11 05:51:13,321] INFO: Time: 20.41761380600019; Encoder Angle: 6.92138671875;
[2026-05-11 05:51:13,331] INFO: Time: 20.427678854000078; Encoder Angle: 7.00927734375;
[2026-05-11 05:51:13,341] INFO: Time: 20.437741848000087; Encoder Angle: 7.03125;
[2026-05-11 05:51:13,351] INFO: Time: 20.447802878000175; Encoder Angle: 7.05322265625;
[2026-05-11 05:51:13,361] INFO: Time: 20.45786781600009; Encoder Angle: 7.05322265625;
[2026-05-11 05:51:13,371] INFO: Time: 20.467931550000003; Encoder Angle: 7.09716796875;
[2026-05-11 05:51:13,381] INFO: Time: 20.477994673000012; Encoder Angle: 7.119140625;
[2026-05-11 05:51:13,391] INFO: Time: 20.48805816700019; Encoder Angle: 7.18505859375;
[2026-05-11 05:51:13,401] INFO: Time: 20.498126790000015; Encoder Angle: 7.22900390625;
[2026-05-11 05:51:13,412] INFO: Time: 20.50819324600002; Encoder Angle: 7.207031249999999;
[2026-05-11 05:51:13,422] INFO: Time: 20.51825551800016; Encoder Angle: 7.27294921875;
[2026-05-11 05:51:13,432] INFO: Time: 20.528322604000095; Encoder Angle: 7.338867187500001;
[2026-05-11 05:51:13,442] INFO: Time: 20.53838550400019; Encoder Angle: 7.294921875000001;
[2026-05-11 05:51:13,452] INFO: Time: 20.548449294000193; Encoder Angle: 7.36083984375;
[2026-05-11 05:51:13,462] INFO: Time: 20.558514621000086; Encoder Angle: 7.3828125;
[2026-05-11 05:51:13,472] INFO: Time: 20.568575837000026; Encoder Angle: 7.492675781249999;
[2026-05-11 05:51:13,482] INFO: Time: 20.578637700000172; Encoder Angle: 7.5146484375;
[2026-05-11 05:51:13,492] INFO: Time: 20.58870287900004; Encoder Angle: 7.5146484375;
[2026-05-11 05:51:13,502] INFO: Time: 20.598764817000074; Encoder Angle: 7.580566406250001;
[2026-05-11 05:51:13,512] INFO: Time: 20.608828829000004; Encoder Angle: 7.55859375;
[2026-05-11 05:51:13,522] INFO: Time: 20.61889545200006; Encoder Angle: 7.580566406250001;
[2026-05-11 05:51:13,532] INFO: Time: 20.62895983400017; Encoder Angle: 7.66845703125;
[2026-05-11 05:51:13,542] INFO: Time: 20.63902658699999; Encoder Angle: 7.66845703125;
[2026-05-11 05:51:13,552] INFO: Time: 20.64909496900009; Encoder Angle: 7.734374999999999;
[2026-05-11 05:51:13,562] INFO: Time: 20.659159426000087; Encoder Angle: 7.75634765625;
[2026-05-11 05:51:13,573] INFO: Time: 20.66922177100014; Encoder Angle: 7.822265625000001;
[2026-05-11 05:51:13,583] INFO: Time: 20.679282263999994; Encoder Angle: 7.84423828125;
[2026-05-11 05:51:13,593] INFO: Time: 20.689347165000072; Encoder Angle: 7.888183593749999;
[2026-05-11 05:51:13,603] INFO: Time: 20.69940934400006; Encoder Angle: 7.9541015625;
[2026-05-11 05:51:13,613] INFO: Time: 20.70947030000002; Encoder Angle: 7.9541015625;
[2026-05-11 05:51:13,623] INFO: Time: 20.7195338680001; Encoder Angle: 8.02001953125;
[2026-05-11 05:51:13,633] INFO: Time: 20.72960167600013; Encoder Angle: 8.0419921875;
[2026-05-11 05:51:13,643] INFO: Time: 20.739665725000123; Encoder Angle: 8.10791015625;
[2026-05-11 05:51:13,653] INFO: Time: 20.74973743999999; Encoder Angle: 8.173828125;
[2026-05-11 05:51:13,663] INFO: Time: 20.759805267000047; Encoder Angle: 8.19580078125;
[2026-05-11 05:51:13,673] INFO: Time: 20.76987279800005; Encoder Angle: 8.26171875;
[2026-05-11 05:51:13,683] INFO: Time: 20.779936958000008; Encoder Angle: 8.3056640625;
[2026-05-11 05:51:13,693] INFO: Time: 20.790013674000193; Encoder Angle: 8.41552734375;
[2026-05-11 05:51:13,703] INFO: Time: 20.800082574000044; Encoder Angle: 8.4375;
[2026-05-11 05:51:13,713] INFO: Time: 20.81014927199999; Encoder Angle: 8.4375;
[2026-05-11 05:51:13,724] INFO: Time: 20.82022024700018; Encoder Angle: 8.59130859375;
[2026-05-11 05:51:13,734] INFO: Time: 20.830288018000147; Encoder Angle: 8.63525390625;
[2026-05-11 05:51:13,744] INFO: Time: 20.840354326000124; Encoder Angle: 8.6572265625;
[2026-05-11 05:51:13,754] INFO: Time: 20.850419355999975; Encoder Angle: 8.76708984375;
[2026-05-11 05:51:13,764] INFO: Time: 20.86048840500007; Encoder Angle: 8.72314453125;
[2026-05-11 05:51:13,774] INFO: Time: 20.870554899000126; Encoder Angle: 8.85498046875;
[2026-05-11 05:51:13,784] INFO: Time: 20.880621837000035; Encoder Angle: 8.89892578125;
[2026-05-11 05:51:13,794] INFO: Time: 20.890701145000094; Encoder Angle: 9.03076171875;
[2026-05-11 05:51:13,804] INFO: Time: 20.90076663900004; Encoder Angle: 9.0966796875;
[2026-05-11 05:51:13,814] INFO: Time: 20.91083509500004; Encoder Angle: 9.140625;
[2026-05-11 05:51:13,824] INFO: Time: 20.9208997180001; Encoder Angle: 9.25048828125;
[2026-05-11 05:51:13,834] INFO: Time: 20.930968193000126; Encoder Angle: 9.33837890625;
[2026-05-11 05:51:13,844] INFO: Time: 20.941029557000093; Encoder Angle: 9.33837890625;
[2026-05-11 05:51:13,854] INFO: Time: 20.951093661000186; Encoder Angle: 9.42626953125;
[2026-05-11 05:51:13,864] INFO: Time: 20.961156858000095; Encoder Angle: 9.580078125;
[2026-05-11 05:51:13,875] INFO: Time: 20.97122687000001; Encoder Angle: 9.66796875;
[2026-05-11 05:51:13,885] INFO: Time: 20.981289715999992; Encoder Angle: 9.755859375;
[2026-05-11 05:51:13,895] INFO: Time: 20.991356376000113; Encoder Angle: 9.86572265625;
[2026-05-11 05:51:13,905] INFO: Time: 21.00142046200017; Encoder Angle: 9.9755859375;
[2026-05-11 05:51:13,915] INFO: Time: 21.011484677; Encoder Angle: 10.04150390625;
[2026-05-11 05:51:13,925] INFO: Time: 21.021544188999997; Encoder Angle: 10.1513671875;
[2026-05-11 05:51:13,935] INFO: Time: 21.031602405000058; Encoder Angle: 10.2392578125;
[2026-05-11 05:51:13,945] INFO: Time: 21.041664138999977; Encoder Angle: 10.34912109375;
[2026-05-11 05:51:13,955] INFO: Time: 21.05172437300007; Encoder Angle: 10.39306640625;
[2026-05-11 05:51:13,965] INFO: Time: 21.06178744099998; Encoder Angle: 10.458984375;
[2026-05-11 05:51:13,975] INFO: Time: 21.071846155999992; Encoder Angle: 10.546875;
[2026-05-11 05:51:13,985] INFO: Time: 21.08190439100008; Encoder Angle: 10.61279296875;
[2026-05-11 05:51:13,995] INFO: Time: 21.091963810000152; Encoder Angle: 10.65673828125;
[2026-05-11 05:51:14,005] INFO: Time: 21.102025007000066; Encoder Angle: 10.7666015625;
[2026-05-11 05:51:14,015] INFO: Time: 21.112086834000138; Encoder Angle: 10.87646484375;
[2026-05-11 05:51:14,025] INFO: Time: 21.122147235000057; Encoder Angle: 10.92041015625;
[2026-05-11 05:51:14,035] INFO: Time: 21.132207654000013; Encoder Angle: 11.07421875;
[2026-05-11 05:51:14,046] INFO: Time: 21.14227007300019; Encoder Angle: 11.1181640625;
[2026-05-11 05:51:14,056] INFO: Time: 21.15232977000005; Encoder Angle: 11.25;
[2026-05-11 05:51:14,066] INFO: Time: 21.162392542000134; Encoder Angle: 11.35986328125;
[2026-05-11 05:51:14,076] INFO: Time: 21.172450887000196; Encoder Angle: 11.4697265625;
[2026-05-11 05:51:14,086] INFO: Time: 21.182513213999982; Encoder Angle: 11.513671875;
[2026-05-11 05:51:14,096] INFO: Time: 21.19257602200014; Encoder Angle: 11.5576171875;
[2026-05-11 05:51:14,106] INFO: Time: 21.202661256000056; Encoder Angle: 11.62353515625;
[2026-05-11 05:51:14,116] INFO: Time: 21.21272910100015; Encoder Angle: 11.71142578125;
[2026-05-11 05:51:14,126] INFO: Time: 21.22279494700001; Encoder Angle: 11.865234375;
[2026-05-11 05:51:14,136] INFO: Time: 21.232861533000005; Encoder Angle: 11.9091796875;
[2026-05-11 05:51:14,146] INFO: Time: 21.24292713700015; Encoder Angle: 12.01904296875;
[2026-05-11 05:51:14,156] INFO: Time: 21.253004852999993; Encoder Angle: 12.10693359375;
[2026-05-11 05:51:14,166] INFO: Time: 21.263079958000162; Encoder Angle: 12.216796875;
[2026-05-11 05:51:14,176] INFO: Time: 21.27314848800006; Encoder Angle: 12.2607421875;
[2026-05-11 05:51:14,187] INFO: Time: 21.283213574; Encoder Angle: 12.37060546875;
[2026-05-11 05:51:14,197] INFO: Time: 21.293277493000005; Encoder Angle: 12.4365234375;
[2026-05-11 05:51:14,207] INFO: Time: 21.303340265000088; Encoder Angle: 12.6123046875;
[2026-05-11 05:51:14,217] INFO: Time: 21.313417888000004; Encoder Angle: 12.65625;
[2026-05-11 05:51:14,227] INFO: Time: 21.323493437000025; Encoder Angle: 12.81005859375;
[2026-05-11 05:51:14,237] INFO: Time: 21.333562578000056; Encoder Angle: 12.94189453125;
[2026-05-11 05:51:14,247] INFO: Time: 21.343629387000192; Encoder Angle: 13.02978515625;
[2026-05-11 05:51:14,257] INFO: Time: 21.353694732000122; Encoder Angle: 13.11767578125;
[2026-05-11 05:51:14,267] INFO: Time: 21.36376059600002; Encoder Angle: 13.24951171875;
[2026-05-11 05:51:14,277] INFO: Time: 21.373826219000193; Encoder Angle: 13.33740234375;
[2026-05-11 05:51:14,287] INFO: Time: 21.38389226800018; Encoder Angle: 13.51318359375;
[2026-05-11 05:51:14,297] INFO: Time: 21.393958020000127; Encoder Angle: 13.5791015625;
[2026-05-11 05:51:14,307] INFO: Time: 21.40402538400008; Encoder Angle: 13.77685546875;
[2026-05-11 05:51:14,317] INFO: Time: 21.414092451999977; Encoder Angle: 13.77685546875;
[2026-05-11 05:51:14,327] INFO: Time: 21.42415961200004; Encoder Angle: 13.974609375;
[2026-05-11 05:51:14,338] INFO: Time: 21.43422480900017; Encoder Angle: 14.0625;
[2026-05-11 05:51:14,348] INFO: Time: 21.444289376000143; Encoder Angle: 14.12841796875;
[2026-05-11 05:51:14,358] INFO: Time: 21.454354314000057; Encoder Angle: 14.26025390625;
[2026-05-11 05:51:14,368] INFO: Time: 21.464417808000007; Encoder Angle: 14.3701171875;
[2026-05-11 05:51:14,378] INFO: Time: 21.474482394000006; Encoder Angle: 14.501953124999998;
[2026-05-11 05:51:14,388] INFO: Time: 21.484546258000137; Encoder Angle: 14.589843750000002;
[2026-05-11 05:51:14,398] INFO: Time: 21.49461082500011; Encoder Angle: 14.765625;
[2026-05-11 05:51:14,408] INFO: Time: 21.504674300000033; Encoder Angle: 14.87548828125;
[2026-05-11 05:51:14,418] INFO: Time: 21.514737349000143; Encoder Angle: 14.985351562499998;
[2026-05-11 05:51:14,428] INFO: Time: 21.524800083000173; Encoder Angle: 15.073242187500002;
[2026-05-11 05:51:14,438] INFO: Time: 21.534869151000066; Encoder Angle: 15.18310546875;
[2026-05-11 05:51:14,448] INFO: Time: 21.54493286600018; Encoder Angle: 15.292968749999998;
[2026-05-11 05:51:14,458] INFO: Time: 21.554996767000148; Encoder Angle: 15.4248046875;
[2026-05-11 05:51:14,468] INFO: Time: 21.565062242000067; Encoder Angle: 15.6005859375;
[2026-05-11 05:51:14,478] INFO: Time: 21.57512895800005; Encoder Angle: 15.644531250000002;
[2026-05-11 05:51:14,489] INFO: Time: 21.585194081000054; Encoder Angle: 15.776367187499998;
[2026-05-11 05:51:14,499] INFO: Time: 21.595260685000085; Encoder Angle: 15.886230468750002;
[2026-05-11 05:51:14,509] INFO: Time: 21.605326068000068; Encoder Angle: 15.99609375;
[2026-05-11 05:51:14,519] INFO: Time: 21.615390931000093; Encoder Angle: 16.14990234375;
[2026-05-11 05:51:14,529] INFO: Time: 21.625457073000007; Encoder Angle: 16.28173828125;
[2026-05-11 05:51:14,539] INFO: Time: 21.635528622000038; Encoder Angle: 16.36962890625;
[2026-05-11 05:51:14,549] INFO: Time: 21.64559133800003; Encoder Angle: 16.45751953125;
[2026-05-11 05:51:14,559] INFO: Time: 21.655657720000136; Encoder Angle: 16.58935546875;
[2026-05-11 05:51:14,569] INFO: Time: 21.665719454000055; Encoder Angle: 16.72119140625;
[2026-05-11 05:51:14,579] INFO: Time: 21.67578266999999; Encoder Angle: 16.85302734375;
[2026-05-11 05:51:14,589] INFO: Time: 21.68585027400013; Encoder Angle: 16.962890625;
[2026-05-11 05:51:14,599] INFO: Time: 21.695915157000172; Encoder Angle: 17.0947265625;
[2026-05-11 05:51:14,609] INFO: Time: 21.705981132000034; Encoder Angle: 17.1826171875;
[2026-05-11 05:51:14,619] INFO: Time: 21.716043680999974; Encoder Angle: 17.33642578125;
[2026-05-11 05:51:14,629] INFO: Time: 21.726109563000136; Encoder Angle: 17.490234375;
[2026-05-11 05:51:14,640] INFO: Time: 21.736214464000113; Encoder Angle: 17.578125;
[2026-05-11 05:51:14,650] INFO: Time: 21.746277587000122; Encoder Angle: 17.68798828125;
[2026-05-11 05:51:14,660] INFO: Time: 21.756349692000185; Encoder Angle: 17.841796875;
[2026-05-11 05:51:14,670] INFO: Time: 21.766420185000015; Encoder Angle: 17.95166015625;
[2026-05-11 05:51:14,680] INFO: Time: 21.776497142000153; Encoder Angle: 18.0615234375;
[2026-05-11 05:51:14,690] INFO: Time: 21.786566413000173; Encoder Angle: 18.1494140625;
[2026-05-11 05:51:14,700] INFO: Time: 21.79663514700019; Encoder Angle: 18.34716796875;
[2026-05-11 05:51:14,710] INFO: Time: 21.806701326000166; Encoder Angle: 18.45703125;
[2026-05-11 05:51:14,720] INFO: Time: 21.816768207999985; Encoder Angle: 18.52294921875;
[2026-05-11 05:51:14,730] INFO: Time: 21.826834090000148; Encoder Angle: 18.69873046875;
[2026-05-11 05:51:14,740] INFO: Time: 21.83689886100001; Encoder Angle: 18.80859375;
[2026-05-11 05:51:14,750] INFO: Time: 21.846973929000114; Encoder Angle: 18.896484375;
[2026-05-11 05:51:14,760] INFO: Time: 21.857044404000135; Encoder Angle: 19.05029296875;
[2026-05-11 05:51:14,770] INFO: Time: 21.86711334200004; Encoder Angle: 19.09423828125;
[2026-05-11 05:51:14,781] INFO: Time: 21.877177520000032; Encoder Angle: 19.248046875;
[2026-05-11 05:51:14,791] INFO: Time: 21.88723975500011; Encoder Angle: 19.35791015625;
[2026-05-11 05:51:14,801] INFO: Time: 21.897305396000093; Encoder Angle: 19.48974609375;
[2026-05-11 05:51:14,811] INFO: Time: 21.90736872299999; Encoder Angle: 19.53369140625;
[2026-05-11 05:51:14,821] INFO: Time: 21.917433827000195; Encoder Angle: 19.6435546875;
[2026-05-11 05:51:14,831] INFO: Time: 21.92749630200001; Encoder Angle: 19.75341796875;
[2026-05-11 05:51:14,841] INFO: Time: 21.937557777000166; Encoder Angle: 19.951171875;
[2026-05-11 05:51:14,851] INFO: Time: 21.94762188200002; Encoder Angle: 19.9951171875;
[2026-05-11 05:51:14,861] INFO: Time: 21.957680394000135; Encoder Angle: 20.126953125;
[2026-05-11 05:51:14,871] INFO: Time: 21.967742295000107; Encoder Angle: 20.23681640625;
[2026-05-11 05:51:14,881] INFO: Time: 21.97780234300012; Encoder Angle: 20.36865234375;
[2026-05-11 05:51:14,891] INFO: Time: 21.987861615000156; Encoder Angle: 20.478515625;
[2026-05-11 05:51:14,901] INFO: Time: 21.99792114500019; Encoder Angle: 20.56640625;
[2026-05-11 05:51:14,911] INFO: Time: 22.007990250000148; Encoder Angle: 20.67626953125;
[2026-05-11 05:51:14,921] INFO: Time: 22.01805152100019; Encoder Angle: 20.7861328125;
[2026-05-11 05:51:14,931] INFO: Time: 22.028111588; Encoder Angle: 20.91796875;
[2026-05-11 05:51:14,941] INFO: Time: 22.038175378000005; Encoder Angle: 21.0498046875;
[2026-05-11 05:51:14,952] INFO: Time: 22.048235760000125; Encoder Angle: 21.15966796875;
[2026-05-11 05:51:14,962] INFO: Time: 22.058298013000012; Encoder Angle: 21.24755859375;
[2026-05-11 05:51:14,972] INFO: Time: 22.068360155000164; Encoder Angle: 21.357421875;
[2026-05-11 05:51:14,982] INFO: Time: 22.07841937000012; Encoder Angle: 21.46728515625;
[2026-05-11 05:51:14,992] INFO: Time: 22.088479271000097; Encoder Angle: 21.62109375;
[2026-05-11 05:51:15,002] INFO: Time: 22.098537838000084; Encoder Angle: 21.73095703125;
[2026-05-11 05:51:15,012] INFO: Time: 22.108598295000093; Encoder Angle: 21.86279296875;
[2026-05-11 05:51:15,022] INFO: Time: 22.118658973000038; Encoder Angle: 22.03857421875;
[2026-05-11 05:51:15,032] INFO: Time: 22.128721152000026; Encoder Angle: 22.12646484375;
[2026-05-11 05:51:15,042] INFO: Time: 22.138780720000113; Encoder Angle: 22.25830078125;
[2026-05-11 05:51:15,052] INFO: Time: 22.148842546000196; Encoder Angle: 22.43408203125;
[2026-05-11 05:51:15,062] INFO: Time: 22.15890176200014; Encoder Angle: 22.5439453125;
[2026-05-11 05:51:15,072] INFO: Time: 22.168963126000108; Encoder Angle: 22.67578125;
[2026-05-11 05:51:15,082] INFO: Time: 22.17902395200008; Encoder Angle: 22.763671875;
[2026-05-11 05:51:15,092] INFO: Time: 22.18908711300014; Encoder Angle: 22.939453125;
[2026-05-11 05:51:15,102] INFO: Time: 22.199148680000008; Encoder Angle: 23.0712890625;
[2026-05-11 05:51:15,113] INFO: Time: 22.20920969200006; Encoder Angle: 23.18115234375;
[2026-05-11 05:51:15,123] INFO: Time: 22.21927172200003; Encoder Angle: 23.291015625;
[2026-05-11 05:51:15,133] INFO: Time: 22.229335568000124; Encoder Angle: 23.44482421875;
[2026-05-11 05:51:15,143] INFO: Time: 22.239400969000144; Encoder Angle: 23.53271484375;
[2026-05-11 05:51:15,153] INFO: Time: 22.249460147000036; Encoder Angle: 23.6865234375;
[2026-05-11 05:51:15,163] INFO: Time: 22.259533548000036; Encoder Angle: 23.84033203125;
[2026-05-11 05:51:15,173] INFO: Time: 22.269597097000087; Encoder Angle: 23.90625;
[2026-05-11 05:51:15,183] INFO: Time: 22.27966057200001; Encoder Angle: 24.08203125;
[2026-05-11 05:51:15,193] INFO: Time: 22.289734325000154; Encoder Angle: 24.23583984375;
[2026-05-11 05:51:15,203] INFO: Time: 22.29979633700009; Encoder Angle: 24.345703125;
[2026-05-11 05:51:15,213] INFO: Time: 22.309862256000088; Encoder Angle: 24.43359375;
[2026-05-11 05:51:15,223] INFO: Time: 22.319926805000023; Encoder Angle: 24.58740234375;
[2026-05-11 05:51:15,233] INFO: Time: 22.329988058000026; Encoder Angle: 24.71923828125;
[2026-05-11 05:51:15,243] INFO: Time: 22.340046329000188; Encoder Angle: 24.80712890625;
[2026-05-11 05:51:15,253] INFO: Time: 22.350107211000022; Encoder Angle: 24.98291015625;
[2026-05-11 05:51:15,263] INFO: Time: 22.36016900100003; Encoder Angle: 25.07080078125;
[2026-05-11 05:51:15,274] INFO: Time: 22.37025656800006; Encoder Angle: 25.24658203125;
[2026-05-11 05:51:15,284] INFO: Time: 22.380320340000026; Encoder Angle: 25.29052734375;
[2026-05-11 05:51:15,294] INFO: Time: 22.390390833000083; Encoder Angle: 25.3564453125;
[2026-05-11 05:51:15,304] INFO: Time: 22.400456845000008; Encoder Angle: 25.5322265625;
[2026-05-11 05:51:15,314] INFO: Time: 22.41052248699998; Encoder Angle: 25.68603515625;
[2026-05-11 05:51:15,324] INFO: Time: 22.420585313000174; Encoder Angle: 25.751953125;
[2026-05-11 05:51:15,334] INFO: Time: 22.4306475840001; Encoder Angle: 25.927734375;
[2026-05-11 05:51:15,344] INFO: Time: 22.440713059000018; Encoder Angle: 25.927734375;
[2026-05-11 05:51:15,354] INFO: Time: 22.450777516000016; Encoder Angle: 26.03759765625;
[2026-05-11 05:51:15,364] INFO: Time: 22.460840380000036; Encoder Angle: 26.25732421875;
[2026-05-11 05:51:15,374] INFO: Time: 22.47090365100007; Encoder Angle: 26.279296875;
[2026-05-11 05:51:15,384] INFO: Time: 22.48096988500015; Encoder Angle: 26.455078125;
[2026-05-11 05:51:15,394] INFO: Time: 22.49103263799998; Encoder Angle: 26.52099609375;
[2026-05-11 05:51:15,404] INFO: Time: 22.50109757500013; Encoder Angle: 26.65283203125;
[2026-05-11 05:51:15,414] INFO: Time: 22.511161161000018; Encoder Angle: 26.806640625;
[2026-05-11 05:51:15,425] INFO: Time: 22.521226322000075; Encoder Angle: 26.82861328125;
[2026-05-11 05:51:15,435] INFO: Time: 22.531289815000036; Encoder Angle: 26.96044921875;
[2026-05-11 05:51:15,445] INFO: Time: 22.54135219700015; Encoder Angle: 27.04833984375;
[2026-05-11 05:51:15,455] INFO: Time: 22.551415616999975; Encoder Angle: 27.22412109375;
[2026-05-11 05:51:15,465] INFO: Time: 22.561479221000127; Encoder Angle: 27.26806640625;
[2026-05-11 05:51:15,475] INFO: Time: 22.571540826000046; Encoder Angle: 27.333984375;
[2026-05-11 05:51:15,485] INFO: Time: 22.581605338000145; Encoder Angle: 27.48779296875;
[2026-05-11 05:51:15,495] INFO: Time: 22.591668387000027; Encoder Angle: 27.59765625;
[2026-05-11 05:51:15,505] INFO: Time: 22.60173326900008; Encoder Angle: 27.66357421875;
[2026-05-11 05:51:15,515] INFO: Time: 22.61179663300004; Encoder Angle: 27.75146484375;
[2026-05-11 05:51:15,525] INFO: Time: 22.62185797799998; Encoder Angle: 27.83935546875;
[2026-05-11 05:51:15,535] INFO: Time: 22.63191854500019; Encoder Angle: 27.97119140625;
[2026-05-11 05:51:15,545] INFO: Time: 22.64198318700005; Encoder Angle: 28.0810546875;
[2026-05-11 05:51:15,555] INFO: Time: 22.652046606000113; Encoder Angle: 28.212890625;
[2026-05-11 05:51:15,565] INFO: Time: 22.6620936920001; Encoder Angle: 28.27880859375;
[2026-05-11 05:51:15,575] INFO: Time: 22.67215337100015; Encoder Angle: 28.41064453125;
[2026-05-11 05:51:15,586] INFO: Time: 22.682215235000058; Encoder Angle: 28.4765625;
[2026-05-11 05:51:15,596] INFO: Time: 22.692275006000045; Encoder Angle: 28.564453125;
[2026-05-11 05:51:15,606] INFO: Time: 22.702339703000007; Encoder Angle: 28.696289062500004;
[2026-05-11 05:51:15,616] INFO: Time: 22.71240464100015; Encoder Angle: 28.762207031249996;
[2026-05-11 05:51:15,626] INFO: Time: 22.722471263999978; Encoder Angle: 28.872070312500004;
[2026-05-11 05:51:15,636] INFO: Time: 22.732535590999987; Encoder Angle: 28.9599609375;
[2026-05-11 05:51:15,646] INFO: Time: 22.74260204699999; Encoder Angle: 29.069824218749996;
[2026-05-11 05:51:15,656] INFO: Time: 22.752667226000085; Encoder Angle: 29.15771484375;
[2026-05-11 05:51:15,666] INFO: Time: 22.76273062700011; Encoder Angle: 29.245605468749996;
[2026-05-11 05:51:15,676] INFO: Time: 22.772805342000083; Encoder Angle: 29.28955078125;
[2026-05-11 05:51:15,686] INFO: Time: 22.782873075999987; Encoder Angle: 29.421386718750004;
[2026-05-11 05:51:15,696] INFO: Time: 22.792941070000097; Encoder Angle: 29.50927734375;
[2026-05-11 05:51:15,706] INFO: Time: 22.80302517500013; Encoder Angle: 29.597167968750004;
[2026-05-11 05:51:15,716] INFO: Time: 22.813098798000055; Encoder Angle: 29.70703125;
[2026-05-11 05:51:15,726] INFO: Time: 22.823165143000097; Encoder Angle: 29.7509765625;
[2026-05-11 05:51:15,737] INFO: Time: 22.833228951000137; Encoder Angle: 29.81689453125;
[2026-05-11 05:51:15,747] INFO: Time: 22.84329516700018; Encoder Angle: 29.9267578125;
[2026-05-11 05:51:15,757] INFO: Time: 22.85335719700015; Encoder Angle: 30.0146484375;
[2026-05-11 05:51:15,767] INFO: Time: 22.863421969; Encoder Angle: 30.12451171875;
[2026-05-11 05:51:15,777] INFO: Time: 22.873490405999974; Encoder Angle: 30.1904296875;
[2026-05-11 05:51:15,787] INFO: Time: 22.883572159000096; Encoder Angle: 30.30029296875;
[2026-05-11 05:51:15,797] INFO: Time: 22.893643597000164; Encoder Angle: 30.3662109375;
[2026-05-11 05:51:15,807] INFO: Time: 22.903711665000174; Encoder Angle: 30.498046875;
[2026-05-11 05:51:15,817] INFO: Time: 22.913778009999987; Encoder Angle: 30.563964843750004;
[2026-05-11 05:51:15,827] INFO: Time: 22.92384217000017; Encoder Angle: 30.761718749999996;
[2026-05-11 05:51:15,837] INFO: Time: 22.933907349000037; Encoder Angle: 30.78369140625;
[2026-05-11 05:51:15,847] INFO: Time: 22.943970416000184; Encoder Angle: 30.91552734375;
[2026-05-11 05:51:15,857] INFO: Time: 22.954037261000167; Encoder Angle: 31.025390625;
[2026-05-11 05:51:15,867] INFO: Time: 22.96410062500013; Encoder Angle: 31.13525390625;
[2026-05-11 05:51:15,877] INFO: Time: 22.974166119000074; Encoder Angle: 31.22314453125;
[2026-05-11 05:51:15,888] INFO: Time: 22.98422826000001; Encoder Angle: 31.311035156249996;
[2026-05-11 05:51:15,898] INFO: Time: 22.99429414300016; Encoder Angle: 31.46484375;
[2026-05-11 05:51:15,908] INFO: Time: 23.004361747000075; Encoder Angle: 31.596679687500004;
[2026-05-11 05:51:15,918] INFO: Time: 23.014426759000116; Encoder Angle: 31.61865234375;
[2026-05-11 05:51:15,928] INFO: Time: 23.02449341900001; Encoder Angle: 31.81640625;
[2026-05-11 05:51:15,938] INFO: Time: 23.0345579870002; Encoder Angle: 31.8603515625;
[2026-05-11 05:51:15,948] INFO: Time: 23.04462370200008; Encoder Angle: 31.970214843749996;
[2026-05-11 05:51:15,958] INFO: Time: 23.05468751100011; Encoder Angle: 32.080078125;
[2026-05-11 05:51:15,968] INFO: Time: 23.064751041000136; Encoder Angle: 32.23388671875;
[2026-05-11 05:51:15,978] INFO: Time: 23.07481388600013; Encoder Angle: 32.32177734375;
[2026-05-11 05:51:15,988] INFO: Time: 23.084877990999985; Encoder Angle: 32.36572265625;
[2026-05-11 05:51:15,998] INFO: Time: 23.09494105800013; Encoder Angle: 32.4755859375;
[2026-05-11 05:51:16,008] INFO: Time: 23.105004015000077; Encoder Angle: 32.62939453125;
[2026-05-11 05:51:16,018] INFO: Time: 23.115070360000118; Encoder Angle: 32.7392578125;
[2026-05-11 05:51:16,028] INFO: Time: 23.125133483000127; Encoder Angle: 32.783203125;
[2026-05-11 05:51:16,039] INFO: Time: 23.135198847000083; Encoder Angle: 32.9150390625;
[2026-05-11 05:51:16,049] INFO: Time: 23.145261506999987; Encoder Angle: 33.02490234375;
[2026-05-11 05:51:16,059] INFO: Time: 23.15532764800014; Encoder Angle: 33.11279296875;
[2026-05-11 05:51:16,069] INFO: Time: 23.165389827000126; Encoder Angle: 33.24462890625;
[2026-05-11 05:51:16,079] INFO: Time: 23.175452580000183; Encoder Angle: 33.310546875;
[2026-05-11 05:51:16,089] INFO: Time: 23.185518166000065; Encoder Angle: 33.46435546875;
[2026-05-11 05:51:16,099] INFO: Time: 23.195580215000064; Encoder Angle: 33.5302734375;
[2026-05-11 05:51:16,109] INFO: Time: 23.205645301000004; Encoder Angle: 33.6181640625;
[2026-05-11 05:51:16,119] INFO: Time: 23.21570818300006; Encoder Angle: 33.6181640625;
[2026-05-11 05:51:16,129] INFO: Time: 23.225772806000123; Encoder Angle: 33.7939453125;
[2026-05-11 05:51:16,139] INFO: Time: 23.23583772500001; Encoder Angle: 33.85986328125;
[2026-05-11 05:51:16,149] INFO: Time: 23.245902829999977; Encoder Angle: 34.03564453125;
[2026-05-11 05:51:16,159] INFO: Time: 23.255965212000092; Encoder Angle: 34.0576171875;
[2026-05-11 05:51:16,169] INFO: Time: 23.266038149999986; Encoder Angle: 34.12353515625;
[2026-05-11 05:51:16,179] INFO: Time: 23.27611460700018; Encoder Angle: 34.21142578125;
[2026-05-11 05:51:16,190] INFO: Time: 23.28618778500004; Encoder Angle: 34.3212890625;
[2026-05-11 05:51:16,200] INFO: Time: 23.296254481999995; Encoder Angle: 34.43115234375;
[2026-05-11 05:51:16,210] INFO: Time: 23.30632262400013; Encoder Angle: 34.51904296875;
[2026-05-11 05:51:16,220] INFO: Time: 23.31638632099998; Encoder Angle: 34.5849609375;
[2026-05-11 05:51:16,230] INFO: Time: 23.326452185000107; Encoder Angle: 34.716796875;
[2026-05-11 05:51:16,240] INFO: Time: 23.336518845; Encoder Angle: 34.8046875;
[2026-05-11 05:51:16,250] INFO: Time: 23.34660474600014; Encoder Angle: 34.95849609375;
[2026-05-11 05:51:16,260] INFO: Time: 23.356685276999997; Encoder Angle: 35.0244140625;
[2026-05-11 05:51:16,270] INFO: Time: 23.36674715900017; Encoder Angle: 35.13427734375;
[2026-05-11 05:51:16,280] INFO: Time: 23.376806930000157; Encoder Angle: 35.244140625;
[2026-05-11 05:51:16,290] INFO: Time: 23.386865868000086; Encoder Angle: 35.31005859375;
[2026-05-11 05:51:16,300] INFO: Time: 23.396924435000074; Encoder Angle: 35.39794921875;
[2026-05-11 05:51:16,310] INFO: Time: 23.40699272500001; Encoder Angle: 35.52978515625;
[2026-05-11 05:51:16,320] INFO: Time: 23.417051421999986; Encoder Angle: 35.6396484375;
[2026-05-11 05:51:16,330] INFO: Time: 23.42711039699998; Encoder Angle: 35.771484375;
[2026-05-11 05:51:16,340] INFO: Time: 23.437177002; Encoder Angle: 35.771484375;
[2026-05-11 05:51:16,351] INFO: Time: 23.447237865000034; Encoder Angle: 35.947265625;
[2026-05-11 05:51:16,361] INFO: Time: 23.457296785000153; Encoder Angle: 36.0791015625;
[2026-05-11 05:51:16,371] INFO: Time: 23.4673561300001; Encoder Angle: 36.2109375;
[2026-05-11 05:51:16,381] INFO: Time: 23.477415772000086; Encoder Angle: 36.32080078125;
[2026-05-11 05:51:16,391] INFO: Time: 23.487476858000036; Encoder Angle: 36.4306640625;
[2026-05-11 05:51:16,401] INFO: Time: 23.497536351000008; Encoder Angle: 36.5185546875;
[2026-05-11 05:51:16,411] INFO: Time: 23.507598344000144; Encoder Angle: 36.62841796875;
[2026-05-11 05:51:16,421] INFO: Time: 23.517657838000105; Encoder Angle: 36.71630859375;
[2026-05-11 05:51:16,431] INFO: Time: 23.527719609000087; Encoder Angle: 36.826171875;
[2026-05-11 05:51:16,441] INFO: Time: 23.537779510000064; Encoder Angle: 36.9580078125;
[2026-05-11 05:51:16,451] INFO: Time: 23.547839485000168; Encoder Angle: 37.11181640625;
[2026-05-11 05:51:16,461] INFO: Time: 23.55789973700007; Encoder Angle: 37.177734375;
[2026-05-11 05:51:16,471] INFO: Time: 23.567961175000164; Encoder Angle: 37.3095703125;
[2026-05-11 05:51:16,481] INFO: Time: 23.578019854000104; Encoder Angle: 37.46337890625;
[2026-05-11 05:51:16,491] INFO: Time: 23.588079273000176; Encoder Angle: 37.55126953125;
[2026-05-11 05:51:16,501] INFO: Time: 23.598138970000036; Encoder Angle: 37.63916015625;
[2026-05-11 05:51:16,511] INFO: Time: 23.608200630000056; Encoder Angle: 37.77099609375;
[2026-05-11 05:51:16,522] INFO: Time: 23.61826175300007; Encoder Angle: 37.8369140625;
[2026-05-11 05:51:16,532] INFO: Time: 23.628321987000163; Encoder Angle: 37.99072265625;
[2026-05-11 05:51:16,542] INFO: Time: 23.63838342500003; Encoder Angle: 38.1005859375;
[2026-05-11 05:51:16,552] INFO: Time: 23.64844362200006; Encoder Angle: 38.21044921875;
[2026-05-11 05:51:16,562] INFO: Time: 23.658503320000136; Encoder Angle: 38.25439453125;
[2026-05-11 05:51:16,572] INFO: Time: 23.668565165000018; Encoder Angle: 38.47412109375;
[2026-05-11 05:51:16,582] INFO: Time: 23.67862489900017; Encoder Angle: 38.60595703125;
[2026-05-11 05:51:16,592] INFO: Time: 23.688686207000046; Encoder Angle: 38.671875;
[2026-05-11 05:51:16,602] INFO: Time: 23.69874492300005; Encoder Angle: 38.73779296875;
[2026-05-11 05:51:16,612] INFO: Time: 23.70880493499999; Encoder Angle: 38.84765625;
[2026-05-11 05:51:16,622] INFO: Time: 23.71886405800001; Encoder Angle: 39.00146484375;
[2026-05-11 05:51:16,632] INFO: Time: 23.728924588000154; Encoder Angle: 39.04541015625;
[2026-05-11 05:51:16,642] INFO: Time: 23.738985545000105; Encoder Angle: 39.287109375;
[2026-05-11 05:51:16,652] INFO: Time: 23.749046168000177; Encoder Angle: 39.3310546875;
[2026-05-11 05:51:16,662] INFO: Time: 23.759108291000075; Encoder Angle: 39.4189453125;
[2026-05-11 05:51:16,672] INFO: Time: 23.769167710000147; Encoder Angle: 39.55078125;
[2026-05-11 05:51:16,683] INFO: Time: 23.779233592000082; Encoder Angle: 39.7265625;
[2026-05-11 05:51:16,693] INFO: Time: 23.789294641000197; Encoder Angle: 39.7265625;
[2026-05-11 05:51:16,703] INFO: Time: 23.79936422700007; Encoder Angle: 39.8583984375;
[2026-05-11 05:51:16,713] INFO: Time: 23.809427739000057; Encoder Angle: 40.01220703125;
[2026-05-11 05:51:16,723] INFO: Time: 23.819488954999997; Encoder Angle: 40.1220703125;
[2026-05-11 05:51:16,733] INFO: Time: 23.829548595999995; Encoder Angle: 40.25390625;
[2026-05-11 05:51:16,743] INFO: Time: 23.839608553000062; Encoder Angle: 40.40771484375;
[2026-05-11 05:51:16,753] INFO: Time: 23.849669731000176; Encoder Angle: 40.517578125;
[2026-05-11 05:51:16,763] INFO: Time: 23.85973276200002; Encoder Angle: 40.517578125;
[2026-05-11 05:51:16,773] INFO: Time: 23.869814311000027; Encoder Angle: 40.71533203125;
[2026-05-11 05:51:16,783] INFO: Time: 23.879874582000184; Encoder Angle: 40.8251953125;
[2026-05-11 05:51:16,793] INFO: Time: 23.88993766800013; Encoder Angle: 40.93505859375;
[2026-05-11 05:51:16,803] INFO: Time: 23.899998476000064; Encoder Angle: 41.06689453125;
[2026-05-11 05:51:16,813] INFO: Time: 23.910058155000115; Encoder Angle: 41.19873046875;
[2026-05-11 05:51:16,823] INFO: Time: 23.920120388999976; Encoder Angle: 41.28662109375;
[2026-05-11 05:51:16,833] INFO: Time: 23.930181734000143; Encoder Angle: 41.484375;
[2026-05-11 05:51:16,844] INFO: Time: 23.940242950000084; Encoder Angle: 41.50634765625;
[2026-05-11 05:51:16,854] INFO: Time: 23.950306388000172; Encoder Angle: 41.68212890625;
[2026-05-11 05:51:16,864] INFO: Time: 23.96036684400019; Encoder Angle: 41.8359375;
[2026-05-11 05:51:16,874] INFO: Time: 23.970429189000015; Encoder Angle: 41.8798828125;
[2026-05-11 05:51:16,884] INFO: Time: 23.98049183100011; Encoder Angle: 41.9677734375;
[2026-05-11 05:51:16,894] INFO: Time: 23.99055317600005; Encoder Angle: 42.16552734375;
[2026-05-11 05:51:16,904] INFO: Time: 24.000617503000058; Encoder Angle: 42.25341796875;
[2026-05-11 05:51:16,914] INFO: Time: 24.010680830000183; Encoder Angle: 42.34130859375;
[2026-05-11 05:51:16,924] INFO: Time: 24.02074067500007; Encoder Angle: 42.5390625;
[2026-05-11 05:51:16,934] INFO: Time: 24.03079992800008; Encoder Angle: 42.5830078125;
[2026-05-11 05:51:16,944] INFO: Time: 24.040861847000087; Encoder Angle: 42.69287109375;
[2026-05-11 05:51:16,954] INFO: Time: 24.05092322900009; Encoder Angle: 42.8466796875;
[2026-05-11 05:51:16,964] INFO: Time: 24.06098222300011; Encoder Angle: 42.978515625;
[2026-05-11 05:51:16,974] INFO: Time: 24.07104236400005; Encoder Angle: 43.00048828125;
[2026-05-11 05:51:16,984] INFO: Time: 24.08110180200015; Encoder Angle: 43.17626953125;
[2026-05-11 05:51:16,994] INFO: Time: 24.09116985100013; Encoder Angle: 43.22021484375;
[2026-05-11 05:51:17,005] INFO: Time: 24.101232751999987; Encoder Angle: 43.39599609375;
[2026-05-11 05:51:17,015] INFO: Time: 24.111293596999985; Encoder Angle: 43.5498046875;
[2026-05-11 05:51:17,025] INFO: Time: 24.12135699800001; Encoder Angle: 43.61572265625;
[2026-05-11 05:51:17,035] INFO: Time: 24.131417751000072; Encoder Angle: 43.70361328125;
[2026-05-11 05:51:17,045] INFO: Time: 24.141478170000028; Encoder Angle: 43.9013671875;
[2026-05-11 05:51:17,055] INFO: Time: 24.151541052000084; Encoder Angle: 43.87939453125;
[2026-05-11 05:51:17,065] INFO: Time: 24.16160299000012; Encoder Angle: 44.0771484375;
[2026-05-11 05:51:17,075] INFO: Time: 24.17166459500004; Encoder Angle: 44.14306640625;
[2026-05-11 05:51:17,085] INFO: Time: 24.181728884999984; Encoder Angle: 44.2529296875;
[2026-05-11 05:51:17,095] INFO: Time: 24.191789508000056; Encoder Angle: 44.36279296875;
[2026-05-11 05:51:17,105] INFO: Time: 24.201852834000192; Encoder Angle: 44.47265625;
[2026-05-11 05:51:17,115] INFO: Time: 24.211914105000005; Encoder Angle: 44.62646484375;
[2026-05-11 05:51:17,125] INFO: Time: 24.221978413999977; Encoder Angle: 44.75830078125;
[2026-05-11 05:51:17,135] INFO: Time: 24.232039833000044; Encoder Angle: 44.8681640625;
[2026-05-11 05:51:17,145] INFO: Time: 24.24210253000001; Encoder Angle: 44.912109375;
[2026-05-11 05:51:17,155] INFO: Time: 24.252166561000195; Encoder Angle: 45.0439453125;
[2026-05-11 05:51:17,166] INFO: Time: 24.262227961000008; Encoder Angle: 45.087890625;
[2026-05-11 05:51:17,176] INFO: Time: 24.272298307000028; Encoder Angle: 45.2197265625;
[2026-05-11 05:51:17,186] INFO: Time: 24.2823626710001; Encoder Angle: 45.263671875;
[2026-05-11 05:51:17,196] INFO: Time: 24.292434942; Encoder Angle: 45.3955078125;
[2026-05-11 05:51:17,206] INFO: Time: 24.302498083000046; Encoder Angle: 45.4833984375;
[2026-05-11 05:51:17,216] INFO: Time: 24.312559984000018; Encoder Angle: 45.52734375;
[2026-05-11 05:51:17,226] INFO: Time: 24.32262468099998; Encoder Angle: 45.63720703125;
[2026-05-11 05:51:17,236] INFO: Time: 24.332686304000163; Encoder Angle: 45.6591796875;
[2026-05-11 05:51:17,246] INFO: Time: 24.342746724000108; Encoder Angle: 45.63720703125;
[2026-05-11 05:51:17,256] INFO: Time: 24.35280723599999; Encoder Angle: 45.7470703125;
[2026-05-11 05:51:17,266] INFO: Time: 24.362869877000094; Encoder Angle: 45.68115234375;
[2026-05-11 05:51:17,276] INFO: Time: 24.37293498200006; Encoder Angle: 45.791015625;
[2026-05-11 05:51:17,287] INFO: Time: 24.383057846000156; Encoder Angle: 45.7470703125;
[2026-05-11 05:51:17,297] INFO: Time: 24.393141284000194; Encoder Angle: 45.8349609375;
[2026-05-11 05:51:17,307] INFO: Time: 24.403210240000135; Encoder Angle: 45.76904296875;
[2026-05-11 05:51:17,317] INFO: Time: 24.413275826000017; Encoder Angle: 45.81298828125;
[2026-05-11 05:51:17,327] INFO: Time: 24.42334074600012; Encoder Angle: 45.85693359375;
[2026-05-11 05:51:17,337] INFO: Time: 24.433407276000025; Encoder Angle: 45.87890625;
[2026-05-11 05:51:17,347] INFO: Time: 24.44347034400016; Encoder Angle: 45.8349609375;
[2026-05-11 05:51:17,357] INFO: Time: 24.453538652000134; Encoder Angle: 45.8349609375;
[2026-05-11 05:51:17,367] INFO: Time: 24.463601108000148; Encoder Angle: 45.87890625;
[2026-05-11 05:51:17,377] INFO: Time: 24.473663490000035; Encoder Angle: 45.8349609375;
[2026-05-11 05:51:17,387] INFO: Time: 24.483728575999976; Encoder Angle: 45.8349609375;
[2026-05-11 05:51:17,397] INFO: Time: 24.493794365999975; Encoder Angle: 45.85693359375;
[2026-05-11 05:51:17,407] INFO: Time: 24.50386111900002; Encoder Angle: 45.87890625;
[2026-05-11 05:51:17,417] INFO: Time: 24.513927260000173; Encoder Angle: 45.85693359375;
[2026-05-11 05:51:17,427] INFO: Time: 24.52399356900014; Encoder Angle: 45.8349609375;
[2026-05-11 05:51:17,437] INFO: Time: 24.53405865500008; Encoder Angle: 45.85693359375;
[2026-05-11 05:51:17,447] INFO: Time: 24.5441241850001; Encoder Angle: 45.81298828125;
[2026-05-11 05:51:17,457] INFO: Time: 24.554189253000004; Encoder Angle: 45.8349609375;
[2026-05-11 05:51:17,468] INFO: Time: 24.564249061000055; Encoder Angle: 45.85693359375;
[2026-05-11 05:51:17,478] INFO: Time: 24.574314388000175; Encoder Angle: 45.87890625;
[2026-05-11 05:51:17,488] INFO: Time: 24.584378714000195; Encoder Angle: 45.87890625;
[2026-05-11 05:51:17,498] INFO: Time: 24.59444567100013; Encoder Angle: 45.81298828125;
[2026-05-11 05:51:17,508] INFO: Time: 24.604503257000033; Encoder Angle: 45.8349609375;
[2026-05-11 05:51:17,518] INFO: Time: 24.614571047000027; Encoder Angle: 45.791015625;
[2026-05-11 05:51:17,528] INFO: Time: 24.624635133000083; Encoder Angle: 45.85693359375;
[2026-05-11 05:51:17,538] INFO: Time: 24.63469592199999; Encoder Angle: 45.81298828125;
[2026-05-11 05:51:17,548] INFO: Time: 24.644753433999995; Encoder Angle: 45.87890625;
[2026-05-11 05:51:17,558] INFO: Time: 24.654820520000158; Encoder Angle: 45.85693359375;
[2026-05-11 05:51:17,568] INFO: Time: 24.664877884000134; Encoder Angle: 45.8349609375;
[2026-05-11 05:51:17,578] INFO: Time: 24.674945896000054; Encoder Angle: 45.81298828125;
[2026-05-11 05:51:17,588] INFO: Time: 24.685003888999972; Encoder Angle: 45.8349609375;
[2026-05-11 05:51:17,598] INFO: Time: 24.69507043800013; Encoder Angle: 45.85693359375;
[2026-05-11 05:51:17,608] INFO: Time: 24.705129228000033; Encoder Angle: 45.76904296875;
[2026-05-11 05:51:17,618] INFO: Time: 24.715193517999978; Encoder Angle: 45.8349609375;
[2026-05-11 05:51:17,629] INFO: Time: 24.725252030000092; Encoder Angle: 45.85693359375;
[2026-05-11 05:51:17,639] INFO: Time: 24.735316782000154; Encoder Angle: 45.8349609375;
[2026-05-11 05:51:17,649] INFO: Time: 24.745375776000174; Encoder Angle: 45.85693359375;
[2026-05-11 05:51:17,659] INFO: Time: 24.75543541700017; Encoder Angle: 45.87890625;
[2026-05-11 05:51:17,669] INFO: Time: 24.765496114000143; Encoder Angle: 45.9228515625;
[2026-05-11 05:51:17,679] INFO: Time: 24.775558441000157; Encoder Angle: 45.8349609375;
[2026-05-11 05:51:17,689] INFO: Time: 24.785631583000168; Encoder Angle: 45.85693359375;
[2026-05-11 05:51:17,699] INFO: Time: 24.795692891000044; Encoder Angle: 45.8349609375;
[2026-05-11 05:51:17,709] INFO: Time: 24.805761514000096; Encoder Angle: 45.8349609375;
[2026-05-11 05:51:17,719] INFO: Time: 24.815840248000086; Encoder Angle: 45.81298828125;
[2026-05-11 05:51:17,729] INFO: Time: 24.82591122300005; Encoder Angle: 45.81298828125;
[2026-05-11 05:51:17,739] INFO: Time: 24.835979476000148; Encoder Angle: 45.85693359375;
[2026-05-11 05:51:17,749] INFO: Time: 24.846042894999982; Encoder Angle: 45.8349609375;
[2026-05-11 05:51:17,759] INFO: Time: 24.856104406999975; Encoder Angle: 45.85693359375;
[2026-05-11 05:51:17,769] INFO: Time: 24.866165178000074; Encoder Angle: 45.85693359375;
[2026-05-11 05:51:17,780] INFO: Time: 24.87622628300005; Encoder Angle: 45.85693359375;
[2026-05-11 05:51:17,790] INFO: Time: 24.88630494300014; Encoder Angle: 45.81298828125;
[2026-05-11 05:51:17,800] INFO: Time: 24.896381454999982; Encoder Angle: 45.90087890625;
[2026-05-11 05:51:17,810] INFO: Time: 24.906453986000088; Encoder Angle: 45.8349609375;
[2026-05-11 05:51:17,820] INFO: Time: 24.916520738000145; Encoder Angle: 45.87890625;
[2026-05-11 05:51:17,830] INFO: Time: 24.92658769500008; Encoder Angle: 45.85693359375;
[2026-05-11 05:51:17,840] INFO: Time: 24.936658522000016; Encoder Angle: 45.791015625;
[2026-05-11 05:51:17,850] INFO: Time: 24.946725515000026; Encoder Angle: 45.87890625;
[2026-05-11 05:51:17,860] INFO: Time: 24.956796823000104; Encoder Angle: 45.9228515625;
[2026-05-11 05:51:17,870] INFO: Time: 24.966865482999992; Encoder Angle: 45.85693359375;
[2026-05-11 05:51:17,880] INFO: Time: 24.97693210600005; Encoder Angle: 45.87890625;
[2026-05-11 05:51:17,890] INFO: Time: 24.98700315500014; Encoder Angle: 45.87890625;
[2026-05-11 05:51:17,900] INFO: Time: 24.9970677230001; Encoder Angle: 45.87890625;
[2026-05-11 05:51:17,910] INFO: Time: 25.007133438999972; Encoder Angle: 45.87890625;
[2026-05-11 05:51:17,921] INFO: Time: 25.017208450999988; Encoder Angle: 45.966796875;
[2026-05-11 05:51:17,931] INFO: Time: 25.027273240000113; Encoder Angle: 45.90087890625;
[2026-05-11 05:51:17,941] INFO: Time: 25.03734540000005; Encoder Angle: 45.90087890625;
[2026-05-11 05:51:17,951] INFO: Time: 25.047415172; Encoder Angle: 45.90087890625;
[2026-05-11 05:51:17,961] INFO: Time: 25.057479387000058; Encoder Angle: 45.94482421875;
[2026-05-11 05:51:17,971] INFO: Time: 25.067548436000152; Encoder Angle: 45.90087890625;
[2026-05-11 05:51:17,981] INFO: Time: 25.077614115000188; Encoder Angle: 45.966796875;
[2026-05-11 05:51:17,991] INFO: Time: 25.087680479000028; Encoder Angle: 45.966796875;
[2026-05-11 05:51:18,001] INFO: Time: 25.09775278699999; Encoder Angle: 45.966796875;
[2026-05-11 05:51:18,011] INFO: Time: 25.10781494700018; Encoder Angle: 46.03271484375;
[2026-05-11 05:51:18,021] INFO: Time: 25.117885404000162; Encoder Angle: 45.98876953125;
[2026-05-11 05:51:18,031] INFO: Time: 25.127948397000182; Encoder Angle: 45.98876953125;
[2026-05-11 05:51:18,041] INFO: Time: 25.138018039000144; Encoder Angle: 45.966796875;
[2026-05-11 05:51:18,051] INFO: Time: 25.14808468000001; Encoder Angle: 45.966796875;
[2026-05-11 05:51:18,061] INFO: Time: 25.158159265999984; Encoder Angle: 45.98876953125;
[2026-05-11 05:51:18,072] INFO: Time: 25.168221537000136; Encoder Angle: 46.0546875;
[2026-05-11 05:51:18,082] INFO: Time: 25.178287623000188; Encoder Angle: 46.03271484375;
[2026-05-11 05:51:18,092] INFO: Time: 25.188427302000036; Encoder Angle: 46.0546875;
[2026-05-11 05:51:18,102] INFO: Time: 25.198526222000055; Encoder Angle: 46.142578125;
[2026-05-11 05:51:18,112] INFO: Time: 25.208609567000167; Encoder Angle: 46.0986328125;
[2026-05-11 05:51:18,122] INFO: Time: 25.218683227000156; Encoder Angle: 46.07666015625;
[2026-05-11 05:51:18,132] INFO: Time: 25.228750128; Encoder Angle: 46.16455078125;
[2026-05-11 05:51:18,142] INFO: Time: 25.238812270000153; Encoder Angle: 46.16455078125;
[2026-05-11 05:51:18,152] INFO: Time: 25.248876837000125; Encoder Angle: 46.16455078125;
[2026-05-11 05:51:18,162] INFO: Time: 25.258938738000097; Encoder Angle: 46.20849609375;
[2026-05-11 05:51:18,172] INFO: Time: 25.26900817600017; Encoder Angle: 46.29638671875;
[2026-05-11 05:51:18,182] INFO: Time: 25.279074447000085; Encoder Angle: 46.2744140625;
[2026-05-11 05:51:18,193] INFO: Time: 25.2891457180001; Encoder Angle: 46.40625;
[2026-05-11 05:51:18,203] INFO: Time: 25.299212693000072; Encoder Angle: 46.47216796875;
[2026-05-11 05:51:18,213] INFO: Time: 25.30927702000008; Encoder Angle: 46.47216796875;
[2026-05-11 05:51:18,223] INFO: Time: 25.319342162000112; Encoder Angle: 46.56005859375;
[2026-05-11 05:51:18,233] INFO: Time: 25.32942013700017; Encoder Angle: 46.73583984375;
[2026-05-11 05:51:18,243] INFO: Time: 25.339494186000138; Encoder Angle: 46.77978515625;
[2026-05-11 05:51:18,253] INFO: Time: 25.349567420000085; Encoder Angle: 46.845703125;
[2026-05-11 05:51:18,263] INFO: Time: 25.35963602400011; Encoder Angle: 46.99951171875;
[2026-05-11 05:51:18,273] INFO: Time: 25.36970244400004; Encoder Angle: 47.08740234375;
[2026-05-11 05:51:18,283] INFO: Time: 25.37976764100017; Encoder Angle: 47.109375;
[2026-05-11 05:51:18,293] INFO: Time: 25.389841097000044; Encoder Angle: 47.30712890625;
[2026-05-11 05:51:18,303] INFO: Time: 25.39992670200013; Encoder Angle: 47.373046875;
[2026-05-11 05:51:18,313] INFO: Time: 25.40999738100004; Encoder Angle: 47.4609375;
[2026-05-11 05:51:18,323] INFO: Time: 25.42007013300008; Encoder Angle: 47.5927734375;
[2026-05-11 05:51:18,333] INFO: Time: 25.43013916400014; Encoder Angle: 47.724609375;
[2026-05-11 05:51:18,344] INFO: Time: 25.440206954000132; Encoder Angle: 47.8125;
[2026-05-11 05:51:18,354] INFO: Time: 25.45027681700003; Encoder Angle: 47.9443359375;
[2026-05-11 05:51:18,364] INFO: Time: 25.460340847999987; Encoder Angle: 48.076171875;
[2026-05-11 05:51:18,374] INFO: Time: 25.470410507999986; Encoder Angle: 48.14208984375;
[2026-05-11 05:51:18,384] INFO: Time: 25.480475409000064; Encoder Angle: 48.251953125;
[2026-05-11 05:51:18,394] INFO: Time: 25.490538513000047; Encoder Angle: 48.33984375;
[2026-05-11 05:51:18,404] INFO: Time: 25.50061226600019; Encoder Angle: 48.4716796875;
[2026-05-11 05:51:18,414] INFO: Time: 25.510678870999982; Encoder Angle: 48.58154296875;
[2026-05-11 05:51:18,424] INFO: Time: 25.520747475000007; Encoder Angle: 48.7353515625;
[2026-05-11 05:51:18,434] INFO: Time: 25.530812820000165; Encoder Angle: 48.8232421875;
[2026-05-11 05:51:18,444] INFO: Time: 25.540882740000143; Encoder Angle: 48.955078125;
[2026-05-11 05:51:18,454] INFO: Time: 25.550951289000068; Encoder Angle: 49.02099609375;
[2026-05-11 05:51:18,464] INFO: Time: 25.56101896700011; Encoder Angle: 49.19677734375;
[2026-05-11 05:51:18,474] INFO: Time: 25.571084165000002; Encoder Angle: 49.28466796875;
[2026-05-11 05:51:18,485] INFO: Time: 25.581160399000055; Encoder Angle: 49.4384765625;
[2026-05-11 05:51:18,495] INFO: Time: 25.591230115000144; Encoder Angle: 49.5703125;
[2026-05-11 05:51:18,505] INFO: Time: 25.60130716399999; Encoder Angle: 49.72412109375;
[2026-05-11 05:51:18,515] INFO: Time: 25.61137713800008; Encoder Angle: 49.81201171875;
[2026-05-11 05:51:18,525] INFO: Time: 25.62144596500002; Encoder Angle: 49.9658203125;
[2026-05-11 05:51:18,535] INFO: Time: 25.63151353300009; Encoder Angle: 50.09765625;
[2026-05-11 05:51:18,545] INFO: Time: 25.64158147100011; Encoder Angle: 50.20751953125;
[2026-05-11 05:51:18,555] INFO: Time: 25.651654631000156; Encoder Angle: 50.33935546875;
[2026-05-11 05:51:18,565] INFO: Time: 25.6617189210001; Encoder Angle: 50.4931640625;
[2026-05-11 05:51:18,575] INFO: Time: 25.671783525000137; Encoder Angle: 50.5810546875;
[2026-05-11 05:51:18,585] INFO: Time: 25.681854926000142; Encoder Angle: 50.7568359375;
[2026-05-11 05:51:18,595] INFO: Time: 25.69191760500007; Encoder Angle: 50.80078125;
[2026-05-11 05:51:18,605] INFO: Time: 25.701990913000145; Encoder Angle: 50.99853515625;
[2026-05-11 05:51:18,615] INFO: Time: 25.712053295000032; Encoder Angle: 51.1083984375;
[2026-05-11 05:51:18,625] INFO: Time: 25.72212695500002; Encoder Angle: 51.1962890625;
[2026-05-11 05:51:18,636] INFO: Time: 25.732192226000052; Encoder Angle: 51.39404296875;
[2026-05-11 05:51:18,646] INFO: Time: 25.742263516000094; Encoder Angle: 51.50390625;
[2026-05-11 05:51:18,656] INFO: Time: 25.75232673200003; Encoder Angle: 51.56982421875;
[2026-05-11 05:51:18,666] INFO: Time: 25.762391021999974; Encoder Angle: 51.74560546875;
[2026-05-11 05:51:18,676] INFO: Time: 25.772461034000116; Encoder Angle: 51.8994140625;
[2026-05-11 05:51:18,686] INFO: Time: 25.78252521200011; Encoder Angle: 51.9873046875;
[2026-05-11 05:51:18,696] INFO: Time: 25.792603132000067; Encoder Angle: 52.119140625;
[2026-05-11 05:51:18,706] INFO: Time: 25.8026746810001; Encoder Angle: 52.31689453125;
[2026-05-11 05:51:18,716] INFO: Time: 25.81275378500004; Encoder Angle: 52.3388671875;
[2026-05-11 05:51:18,726] INFO: Time: 25.82282185300005; Encoder Angle: 52.53662109375;
[2026-05-11 05:51:18,736] INFO: Time: 25.832887087000017; Encoder Angle: 52.62451171875;
[2026-05-11 05:51:18,746] INFO: Time: 25.84296496900015; Encoder Angle: 52.7783203125;
[2026-05-11 05:51:18,756] INFO: Time: 25.85302885200008; Encoder Angle: 52.8662109375;
[2026-05-11 05:51:18,766] INFO: Time: 25.863094549000152; Encoder Angle: 53.0419921875;
[2026-05-11 05:51:18,778] INFO: Time: 25.87413613900003; Encoder Angle: 53.15185546875;
[2026-05-11 05:51:18,788] INFO: Time: 25.884216670000114; Encoder Angle: 53.28369140625;
[2026-05-11 05:51:18,798] INFO: Time: 25.894288849000077; Encoder Angle: 53.4375;
[2026-05-11 05:51:18,808] INFO: Time: 25.904354768000076; Encoder Angle: 53.54736328125;
[2026-05-11 05:51:18,818] INFO: Time: 25.914426058000117; Encoder Angle: 53.6572265625;
[2026-05-11 05:51:18,828] INFO: Time: 25.924490533000153; Encoder Angle: 53.8330078125;
[2026-05-11 05:51:18,838] INFO: Time: 25.934562471000163; Encoder Angle: 53.96484375;
[2026-05-11 05:51:18,848] INFO: Time: 25.944631279000077; Encoder Angle: 54.07470703125;
[2026-05-11 05:51:18,858] INFO: Time: 25.95469864300003; Encoder Angle: 54.20654296875;
[2026-05-11 05:51:18,868] INFO: Time: 25.96476650600016; Encoder Angle: 54.31640625;
[2026-05-11 05:51:18,878] INFO: Time: 25.974833722000085; Encoder Angle: 54.51416015625;
[2026-05-11 05:51:18,888] INFO: Time: 25.984901716000195; Encoder Angle: 54.60205078125;
[2026-05-11 05:51:18,898] INFO: Time: 25.99496659800002; Encoder Angle: 54.68994140625;
[2026-05-11 05:51:18,908] INFO: Time: 26.005035258000134; Encoder Angle: 54.77783203125;
[2026-05-11 05:51:18,918] INFO: Time: 26.015104307; Encoder Angle: 54.9755859375;
[2026-05-11 05:51:18,929] INFO: Time: 26.025174745000186; Encoder Angle: 55.12939453125;
[2026-05-11 05:51:18,939] INFO: Time: 26.035244146000196; Encoder Angle: 55.1953125;
[2026-05-11 05:51:18,949] INFO: Time: 26.045312417000105; Encoder Angle: 55.3271484375;
[2026-05-11 05:51:18,959] INFO: Time: 26.055382651000173; Encoder Angle: 55.48095703125;
[2026-05-11 05:51:18,969] INFO: Time: 26.06545023700005; Encoder Angle: 55.56884765625;
[2026-05-11 05:51:18,979] INFO: Time: 26.075519453000197; Encoder Angle: 55.72265625;
[2026-05-11 05:51:18,989] INFO: Time: 26.085595465000097; Encoder Angle: 55.87646484375;
[2026-05-11 05:51:18,999] INFO: Time: 26.09566688400014; Encoder Angle: 55.9423828125;
[2026-05-11 05:51:19,009] INFO: Time: 26.105739081000138; Encoder Angle: 56.07421875;
[2026-05-11 05:51:19,019] INFO: Time: 26.11581057500007; Encoder Angle: 56.2939453125;
[2026-05-11 05:51:19,029] INFO: Time: 26.125879420000047; Encoder Angle: 56.40380859375;
[2026-05-11 05:51:19,039] INFO: Time: 26.13595087700014; Encoder Angle: 56.4697265625;
[2026-05-11 05:51:19,049] INFO: Time: 26.146018851000008; Encoder Angle: 56.62353515625;
[2026-05-11 05:51:19,059] INFO: Time: 26.156087178000007; Encoder Angle: 56.79931640625;
[2026-05-11 05:51:19,070] INFO: Time: 26.166152449000037; Encoder Angle: 56.93115234375;
[2026-05-11 05:51:19,080] INFO: Time: 26.17622283200012; Encoder Angle: 57.041015625;
[2026-05-11 05:51:19,090] INFO: Time: 26.18629567700009; Encoder Angle: 57.1728515625;
[2026-05-11 05:51:19,100] INFO: Time: 26.196367967000015; Encoder Angle: 57.28271484375;
[2026-05-11 05:51:19,110] INFO: Time: 26.20645472000001; Encoder Angle: 57.45849609375;
[2026-05-11 05:51:19,120] INFO: Time: 26.216540065000117; Encoder Angle: 57.52441406249999;
[2026-05-11 05:51:19,130] INFO: Time: 26.22661465100009; Encoder Angle: 57.67822265625;
[2026-05-11 05:51:19,140] INFO: Time: 26.23668577400008; Encoder Angle: 57.83203125;
[2026-05-11 05:51:19,150] INFO: Time: 26.246756527000116; Encoder Angle: 57.9638671875;
[2026-05-11 05:51:19,160] INFO: Time: 26.256829243000084; Encoder Angle: 58.13964843749999;
[2026-05-11 05:51:19,170] INFO: Time: 26.266895792000014; Encoder Angle: 58.24951171874999;
[2026-05-11 05:51:19,180] INFO: Time: 26.276962563000097; Encoder Angle: 58.33740234375;
[2026-05-11 05:51:19,190] INFO: Time: 26.28703118600015; Encoder Angle: 58.51318359374999;
[2026-05-11 05:51:19,200] INFO: Time: 26.297102253000048; Encoder Angle: 58.60107421875001;
[2026-05-11 05:51:19,211] INFO: Time: 26.30717302500011; Encoder Angle: 58.798828125;
[2026-05-11 05:51:19,221] INFO: Time: 26.317245851000052; Encoder Angle: 58.9306640625;
[2026-05-11 05:51:19,231] INFO: Time: 26.327314641000157; Encoder Angle: 59.04052734375;
[2026-05-11 05:51:19,241] INFO: Time: 26.337381653000193; Encoder Angle: 59.21630859374999;
[2026-05-11 05:51:19,251] INFO: Time: 26.347449535000123; Encoder Angle: 59.32617187500001;
[2026-05-11 05:51:19,261] INFO: Time: 26.3575182510001; Encoder Angle: 59.501953125;
[2026-05-11 05:51:19,271] INFO: Time: 26.367592910999974; Encoder Angle: 59.56787109375001;
[2026-05-11 05:51:19,281] INFO: Time: 26.37766753400001; Encoder Angle: 59.765625;
[2026-05-11 05:51:19,291] INFO: Time: 26.387738508999973; Encoder Angle: 59.91943359375001;
[2026-05-11 05:51:19,301] INFO: Time: 26.397807077000152; Encoder Angle: 59.9853515625;
[2026-05-11 05:51:19,311] INFO: Time: 26.407873348000066; Encoder Angle: 60.09521484375;
[2026-05-11 05:51:19,321] INFO: Time: 26.41794445300002; Encoder Angle: 60.2490234375;
[2026-05-11 05:51:19,331] INFO: Time: 26.42802353900015; Encoder Angle: 60.42480468749999;
[2026-05-11 05:51:19,341] INFO: Time: 26.43809942100006; Encoder Angle: 60.57861328125;
[2026-05-11 05:51:19,352] INFO: Time: 26.448173229000076; Encoder Angle: 60.66650390624999;
[2026-05-11 05:51:19,362] INFO: Time: 26.458244778000108; Encoder Angle: 60.79833984374999;
[2026-05-11 05:51:19,372] INFO: Time: 26.46831575300007; Encoder Angle: 60.97412109375;
[2026-05-11 05:51:19,382] INFO: Time: 26.478387839000106; Encoder Angle: 61.083984375;
[2026-05-11 05:51:19,392] INFO: Time: 26.488456296000095; Encoder Angle: 61.25976562500001;
[2026-05-11 05:51:19,402] INFO: Time: 26.498525937000068; Encoder Angle: 61.36962890625001;
[2026-05-11 05:51:19,412] INFO: Time: 26.508592931000067; Encoder Angle: 61.5673828125;
[2026-05-11 05:51:19,422] INFO: Time: 26.518663795000066; Encoder Angle: 61.61132812500001;
[2026-05-11 05:51:19,432] INFO: Time: 26.528734233000023; Encoder Angle: 61.72119140625;
[2026-05-11 05:51:19,442] INFO: Time: 26.538802652000186; Encoder Angle: 61.80908203125;
[2026-05-11 05:51:19,452] INFO: Time: 26.548870664000106; Encoder Angle: 62.09472656250001;
[2026-05-11 05:51:19,462] INFO: Time: 26.55893871300009; Encoder Angle: 62.20458984375;
[2026-05-11 05:51:19,472] INFO: Time: 26.56900552100001; Encoder Angle: 62.33642578125001;
[2026-05-11 05:51:19,482] INFO: Time: 26.579073181000012; Encoder Angle: 62.51220703125;
[2026-05-11 05:51:19,492] INFO: Time: 26.589139304000128; Encoder Angle: 62.64404296875;
[2026-05-11 05:51:19,503] INFO: Time: 26.599205779000158; Encoder Angle: 62.73193359374999;
[2026-05-11 05:51:19,513] INFO: Time: 26.60927505000018; Encoder Angle: 62.84179687500001;
[2026-05-11 05:51:19,523] INFO: Time: 26.619342118000077; Encoder Angle: 63.06152343750001;
[2026-05-11 05:51:19,533] INFO: Time: 26.629410074000134; Encoder Angle: 63.1494140625;
[2026-05-11 05:51:19,543] INFO: Time: 26.63948095700016; Encoder Angle: 63.25927734375;
[2026-05-11 05:51:19,553] INFO: Time: 26.64955263500019; Encoder Angle: 63.45703124999999;
[2026-05-11 05:51:19,563] INFO: Time: 26.659621314000105; Encoder Angle: 63.56689453125001;
[2026-05-11 05:51:19,573] INFO: Time: 26.66970236300017; Encoder Angle: 63.67675781250001;
[2026-05-11 05:51:19,583] INFO: Time: 26.67977100500002; Encoder Angle: 63.83056640624999;
[2026-05-11 05:51:19,593] INFO: Time: 26.689841720000004; Encoder Angle: 63.94042968749999;
[2026-05-11 05:51:19,603] INFO: Time: 26.69991234300005; Encoder Angle: 64.072265625;
[2026-05-11 05:51:19,613] INFO: Time: 26.709980559000087; Encoder Angle: 64.22607421875;
[2026-05-11 05:51:19,623] INFO: Time: 26.720053774999997; Encoder Angle: 64.3798828125;
[2026-05-11 05:51:19,633] INFO: Time: 26.730122360999985; Encoder Angle: 64.4677734375;
[2026-05-11 05:51:19,644] INFO: Time: 26.740191095; Encoder Angle: 64.62158203125;
[2026-05-11 05:51:19,654] INFO: Time: 26.750261607000084; Encoder Angle: 64.70947265625;
[2026-05-11 05:51:19,664] INFO: Time: 26.76033610000013; Encoder Angle: 64.88525390625;
[2026-05-11 05:51:19,674] INFO: Time: 26.77040390900015; Encoder Angle: 64.97314453125;
[2026-05-11 05:51:19,684] INFO: Time: 26.78047249500014; Encoder Angle: 65.14892578125;
[2026-05-11 05:51:19,694] INFO: Time: 26.790547210000113; Encoder Angle: 65.23681640625;
[2026-05-11 05:51:19,704] INFO: Time: 26.800617241000054; Encoder Angle: 65.3466796875;
[2026-05-11 05:51:19,714] INFO: Time: 26.8106854560001; Encoder Angle: 65.56640625;
[2026-05-11 05:51:19,724] INFO: Time: 26.820765283000128; Encoder Angle: 65.7421875;
[2026-05-11 05:51:19,734] INFO: Time: 26.830842629000017; Encoder Angle: 65.80810546875;
[2026-05-11 05:51:19,744] INFO: Time: 26.84091175200001; Encoder Angle: 66.005859375;
[2026-05-11 05:51:19,754] INFO: Time: 26.85098076400004; Encoder Angle: 66.11572265625;
[2026-05-11 05:51:19,764] INFO: Time: 26.861048515999983; Encoder Angle: 66.24755859375;
[2026-05-11 05:51:19,774] INFO: Time: 26.87111828800016; Encoder Angle: 66.357421875;
[2026-05-11 05:51:19,785] INFO: Time: 26.881186392000018; Encoder Angle: 66.51123046875;
[2026-05-11 05:51:19,795] INFO: Time: 26.891254867000043; Encoder Angle: 66.64306640625;
[2026-05-11 05:51:19,805] INFO: Time: 26.901333138000155; Encoder Angle: 66.77490234375;
[2026-05-11 05:51:19,815] INFO: Time: 26.911410928000123; Encoder Angle: 66.884765625;
[2026-05-11 05:51:19,825] INFO: Time: 26.92147958800001; Encoder Angle: 67.03857421875;
[2026-05-11 05:51:19,835] INFO: Time: 26.931550415000174; Encoder Angle: 67.17041015625;
[2026-05-11 05:51:19,845] INFO: Time: 26.941618945000073; Encoder Angle: 67.3681640625;
[2026-05-11 05:51:19,855] INFO: Time: 26.951686532000167; Encoder Angle: 67.5;
[2026-05-11 05:51:19,865] INFO: Time: 26.961752599000192; Encoder Angle: 67.60986328125;
[2026-05-11 05:51:19,875] INFO: Time: 26.97181966700009; Encoder Angle: 67.74169921875;
[2026-05-11 05:51:19,885] INFO: Time: 26.981888234000053; Encoder Angle: 67.8955078125;
[2026-05-11 05:51:19,895] INFO: Time: 26.991956598000115; Encoder Angle: 68.0712890625;
[2026-05-11 05:51:19,905] INFO: Time: 27.002029516999983; Encoder Angle: 68.203125;
[2026-05-11 05:51:19,915] INFO: Time: 27.01209740000013; Encoder Angle: 68.35693359375;
[2026-05-11 05:51:19,925] INFO: Time: 27.02216580000004; Encoder Angle: 68.5107421875;
[2026-05-11 05:51:19,936] INFO: Time: 27.03223949800008; Encoder Angle: 68.642578125;
[2026-05-11 05:51:19,946] INFO: Time: 27.0423063610001; Encoder Angle: 68.7744140625;
[2026-05-11 05:51:19,956] INFO: Time: 27.052378077000185; Encoder Angle: 68.9501953125;
[2026-05-11 05:51:19,966] INFO: Time: 27.062447163000115; Encoder Angle: 69.0380859375;
[2026-05-11 05:51:19,976] INFO: Time: 27.072522286000094; Encoder Angle: 69.2138671875;
[2026-05-11 05:51:19,986] INFO: Time: 27.082590354000104; Encoder Angle: 69.41162109375;
[2026-05-11 05:51:19,996] INFO: Time: 27.0926646060002; Encoder Angle: 69.54345703125;
[2026-05-11 05:51:20,006] INFO: Time: 27.10273304400016; Encoder Angle: 69.58740234375;
[2026-05-11 05:51:20,016] INFO: Time: 27.11280055600014; Encoder Angle: 69.80712890625;
[2026-05-11 05:51:20,026] INFO: Time: 27.122873013000117; Encoder Angle: 69.9169921875;
[2026-05-11 05:51:20,036] INFO: Time: 27.132945525000196; Encoder Angle: 70.07080078125;
[2026-05-11 05:51:20,046] INFO: Time: 27.143014703000063; Encoder Angle: 70.20263671875;
[2026-05-11 05:51:20,056] INFO: Time: 27.153081438000072; Encoder Angle: 70.33447265625;
[2026-05-11 05:51:20,066] INFO: Time: 27.1631525050002; Encoder Angle: 70.4443359375;
[2026-05-11 05:51:20,077] INFO: Time: 27.173216350000075; Encoder Angle: 70.55419921875;
[2026-05-11 05:51:20,087] INFO: Time: 27.183288529000038; Encoder Angle: 70.751953125;
[2026-05-11 05:51:20,097] INFO: Time: 27.193358134000164; Encoder Angle: 70.81787109375;
[2026-05-11 05:51:20,107] INFO: Time: 27.203429830999994; Encoder Angle: 70.99365234375;
[2026-05-11 05:51:20,117] INFO: Time: 27.213493083000003; Encoder Angle: 71.16943359375;
[2026-05-11 05:51:20,127] INFO: Time: 27.223561651000182; Encoder Angle: 71.25732421875;
[2026-05-11 05:51:20,137] INFO: Time: 27.233624885000154; Encoder Angle: 71.38916015625;
[2026-05-11 05:51:20,147] INFO: Time: 27.24369228600017; Encoder Angle: 71.56494140625;
[2026-05-11 05:51:20,157] INFO: Time: 27.253755483000077; Encoder Angle: 71.69677734375;
[2026-05-11 05:51:20,167] INFO: Time: 27.263832088000072; Encoder Angle: 71.78466796875;
[2026-05-11 05:51:20,177] INFO: Time: 27.273896062000176; Encoder Angle: 71.96044921875;
[2026-05-11 05:51:20,187] INFO: Time: 27.283960130000196; Encoder Angle: 72.09228515625;
[2026-05-11 05:51:20,197] INFO: Time: 27.294026309000174; Encoder Angle: 72.18017578125;
[2026-05-11 05:51:20,207] INFO: Time: 27.304100523999978; Encoder Angle: 72.35595703125;
[2026-05-11 05:51:20,217] INFO: Time: 27.31416559200011; Encoder Angle: 72.4658203125;
[2026-05-11 05:51:20,228] INFO: Time: 27.324239863000003; Encoder Angle: 72.5537109375;
[2026-05-11 05:51:20,238] INFO: Time: 27.33430450500009; Encoder Angle: 72.7294921875;
[2026-05-11 05:51:20,248] INFO: Time: 27.34436673900018; Encoder Angle: 72.8173828125;
[2026-05-11 05:51:20,258] INFO: Time: 27.354429066000193; Encoder Angle: 72.92724609375;
[2026-05-11 05:51:20,268] INFO: Time: 27.364493948000018; Encoder Angle: 73.05908203125;
[2026-05-11 05:51:20,278] INFO: Time: 27.374560126000006; Encoder Angle: 73.19091796875;
[2026-05-11 05:51:20,288] INFO: Time: 27.38462556400009; Encoder Angle: 73.32275390625;
[2026-05-11 05:51:20,298] INFO: Time: 27.39468803900013; Encoder Angle: 73.4765625;
[2026-05-11 05:51:20,308] INFO: Time: 27.404754033000017; Encoder Angle: 73.6083984375;
[2026-05-11 05:51:20,318] INFO: Time: 27.41481763700017; Encoder Angle: 73.71826171875;
[2026-05-11 05:51:20,328] INFO: Time: 27.424881668000126; Encoder Angle: 73.8720703125;
[2026-05-11 05:51:20,338] INFO: Time: 27.434944828000198; Encoder Angle: 73.9599609375;
[2026-05-11 05:51:20,348] INFO: Time: 27.445025729000008; Encoder Angle: 74.1357421875;
[2026-05-11 05:51:20,358] INFO: Time: 27.455093092000197; Encoder Angle: 74.28955078125;
[2026-05-11 05:51:20,369] INFO: Time: 27.46516482700008; Encoder Angle: 74.42138671875;
[2026-05-11 05:51:20,379] INFO: Time: 27.475237616000186; Encoder Angle: 74.55322265625;
[2026-05-11 05:51:20,389] INFO: Time: 27.48530896200009; Encoder Angle: 74.68505859375;
[2026-05-11 05:51:20,399] INFO: Time: 27.495379992000153; Encoder Angle: 74.77294921875;
[2026-05-11 05:51:20,409] INFO: Time: 27.505449893000105; Encoder Angle: 74.9267578125;
[2026-05-11 05:51:20,419] INFO: Time: 27.51551805300005; Encoder Angle: 75.05859375;
[2026-05-11 05:51:20,429] INFO: Time: 27.525586212999997; Encoder Angle: 75.16845703125;
[2026-05-11 05:51:20,439] INFO: Time: 27.535651299000165; Encoder Angle: 75.30029296875;
[2026-05-11 05:51:20,449] INFO: Time: 27.54571953300001; Encoder Angle: 75.498046875;
[2026-05-11 05:51:20,459] INFO: Time: 27.55578511900012; Encoder Angle: 75.5859375;
[2026-05-11 05:51:20,469] INFO: Time: 27.565854483000066; Encoder Angle: 75.7177734375;
[2026-05-11 05:51:20,479] INFO: Time: 27.57591966200016; Encoder Angle: 75.9375;
[2026-05-11 05:51:20,489] INFO: Time: 27.58598437800015; Encoder Angle: 76.04736328125;
[2026-05-11 05:51:20,499] INFO: Time: 27.59605594499999; Encoder Angle: 76.17919921875;
[2026-05-11 05:51:20,509] INFO: Time: 27.60609493800007; Encoder Angle: 76.2890625;
[2026-05-11 05:51:20,519] INFO: Time: 27.616164561000005; Encoder Angle: 76.48681640625;
[2026-05-11 05:51:20,530] INFO: Time: 27.6262272030001; Encoder Angle: 76.5966796875;
[2026-05-11 05:51:20,540] INFO: Time: 27.636298382000177; Encoder Angle: 76.70654296875;
[2026-05-11 05:51:20,550] INFO: Time: 27.646360616000038; Encoder Angle: 76.81640625;
[2026-05-11 05:51:20,560] INFO: Time: 27.656424702000095; Encoder Angle: 76.9482421875;
[2026-05-11 05:51:20,570] INFO: Time: 27.666492714000015; Encoder Angle: 77.14599609375;
[2026-05-11 05:51:20,580] INFO: Time: 27.67655496600014; Encoder Angle: 77.27783203125;
[2026-05-11 05:51:20,590] INFO: Time: 27.686623497000028; Encoder Angle: 77.431640625;
[2026-05-11 05:51:20,600] INFO: Time: 27.696693750000122; Encoder Angle: 77.49755859375;
[2026-05-11 05:51:20,610] INFO: Time: 27.706757095000057; Encoder Angle: 77.6953125;
[2026-05-11 05:51:20,620] INFO: Time: 27.716825255000003; Encoder Angle: 77.80517578125;
[2026-05-11 05:51:20,630] INFO: Time: 27.72689130399999; Encoder Angle: 77.93701171875;
[2026-05-11 05:51:20,640] INFO: Time: 27.73695403800002; Encoder Angle: 78.0908203125;
[2026-05-11 05:51:20,650] INFO: Time: 27.747015846000068; Encoder Angle: 78.22265625;
[2026-05-11 05:51:20,660] INFO: Time: 27.757087099000046; Encoder Angle: 78.310546875;
[2026-05-11 05:51:20,670] INFO: Time: 27.76715716700005; Encoder Angle: 78.50830078125;
[2026-05-11 05:51:20,681] INFO: Time: 27.777221567000197; Encoder Angle: 78.59619140625;
[2026-05-11 05:51:20,691] INFO: Time: 27.787292578999995; Encoder Angle: 78.72802734375;
[2026-05-11 05:51:20,701] INFO: Time: 27.797355684000195; Encoder Angle: 78.8818359375;
[2026-05-11 05:51:20,711] INFO: Time: 27.80743412200013; Encoder Angle: 79.013671875;
[2026-05-11 05:51:20,721] INFO: Time: 27.817504892999978; Encoder Angle: 79.16748046875;
[2026-05-11 05:51:20,731] INFO: Time: 27.82757433100005; Encoder Angle: 79.34326171875;
[2026-05-11 05:51:20,741] INFO: Time: 27.837650473000167; Encoder Angle: 79.453125;
[2026-05-11 05:51:20,751] INFO: Time: 27.84772818800002; Encoder Angle: 79.56298828125;
[2026-05-11 05:51:20,761] INFO: Time: 27.857796978000124; Encoder Angle: 79.65087890625;
[2026-05-11 05:51:20,771] INFO: Time: 27.867868638000118; Encoder Angle: 79.82666015625;
[2026-05-11 05:51:20,781] INFO: Time: 27.87793566900018; Encoder Angle: 79.95849609375;
[2026-05-11 05:51:20,791] INFO: Time: 27.888003662000074; Encoder Angle: 80.1123046875;
[2026-05-11 05:51:20,801] INFO: Time: 27.89808248899999; Encoder Angle: 80.22216796875;
[2026-05-11 05:51:20,811] INFO: Time: 27.908150890000115; Encoder Angle: 80.33203125;
[2026-05-11 05:51:20,842] INFO: Time: 27.93834066600016; Encoder Angle: 80.7275390625;
[2026-05-11 05:51:20,852] INFO: Time: 27.94840410400002; Encoder Angle: 80.859375;
[2026-05-11 05:51:20,862] INFO: Time: 27.958471598000187; Encoder Angle: 81.01318359375;
[2026-05-11 05:51:20,872] INFO: Time: 27.968535443000064; Encoder Angle: 81.18896484375;
[2026-05-11 05:51:20,882] INFO: Time: 27.97859889900019; Encoder Angle: 81.298828125;
[2026-05-11 05:51:20,892] INFO: Time: 27.98866291100012; Encoder Angle: 81.45263671875;
[2026-05-11 05:51:20,902] INFO: Time: 27.998731386000145; Encoder Angle: 81.5185546875;
[2026-05-11 05:51:20,912] INFO: Time: 28.008798065000065; Encoder Angle: 81.6943359375;
[2026-05-11 05:51:20,922] INFO: Time: 28.018862205999994; Encoder Angle: 81.73828125;
[2026-05-11 05:51:20,932] INFO: Time: 28.028927774000067; Encoder Angle: 81.93603515625;
[2026-05-11 05:51:20,942] INFO: Time: 28.03899258199999; Encoder Angle: 82.06787109375;
[2026-05-11 05:51:20,952] INFO: Time: 28.049063224000065; Encoder Angle: 82.19970703125;
[2026-05-11 05:51:20,962] INFO: Time: 28.059130902000106; Encoder Angle: 82.353515625;
[2026-05-11 05:51:20,973] INFO: Time: 28.069194673000084; Encoder Angle: 82.50732421875;
[2026-05-11 05:51:20,983] INFO: Time: 28.079258093000135; Encoder Angle: 82.63916015625;
[2026-05-11 05:51:20,993] INFO: Time: 28.089325530999986; Encoder Angle: 82.7490234375;
[2026-05-11 05:51:21,003] INFO: Time: 28.0993891170001; Encoder Angle: 82.90283203125;
[2026-05-11 05:51:21,013] INFO: Time: 28.109454277000168; Encoder Angle: 83.07861328125;
[2026-05-11 05:51:21,023] INFO: Time: 28.119518491999997; Encoder Angle: 83.16650390625;
[2026-05-11 05:51:21,033] INFO: Time: 28.129586671000197; Encoder Angle: 83.3203125;
[2026-05-11 05:51:21,043] INFO: Time: 28.139661609000086; Encoder Angle: 83.47412109375;
[2026-05-11 05:51:21,053] INFO: Time: 28.149741806000065; Encoder Angle: 83.583984375;
[2026-05-11 05:51:21,063] INFO: Time: 28.15981809599998; Encoder Angle: 83.73779296875;
[2026-05-11 05:51:21,073] INFO: Time: 28.169887663000054; Encoder Angle: 83.91357421875;
[2026-05-11 05:51:21,083] INFO: Time: 28.1799581570001; Encoder Angle: 84.00146484375;
[2026-05-11 05:51:21,093] INFO: Time: 28.190025706000142; Encoder Angle: 84.17724609375;
[2026-05-11 05:51:21,103] INFO: Time: 28.200097051000057; Encoder Angle: 84.26513671875;
[2026-05-11 05:51:21,113] INFO: Time: 28.210164304000045; Encoder Angle: 84.39697265625;
[2026-05-11 05:51:21,124] INFO: Time: 28.22022796400006; Encoder Angle: 84.55078125;
[2026-05-11 05:51:21,134] INFO: Time: 28.23029571699999; Encoder Angle: 84.74853515625;
[2026-05-11 05:51:21,144] INFO: Time: 28.240364266000142; Encoder Angle: 84.83642578125;
[2026-05-11 05:51:21,154] INFO: Time: 28.250430888999972; Encoder Angle: 84.990234375;
[2026-05-11 05:51:21,164] INFO: Time: 28.26049775299998; Encoder Angle: 85.14404296875;
[2026-05-11 05:51:21,174] INFO: Time: 28.270570894000002; Encoder Angle: 85.25390625;
[2026-05-11 05:51:21,184] INFO: Time: 28.280637147000107; Encoder Angle: 85.40771484375;
[2026-05-11 05:51:21,194] INFO: Time: 28.29070475100002; Encoder Angle: 85.517578125;
[2026-05-11 05:51:21,204] INFO: Time: 28.300771023000152; Encoder Angle: 85.693359375;
[2026-05-11 05:51:21,214] INFO: Time: 28.31085103500004; Encoder Angle: 85.8251953125;
[2026-05-11 05:51:21,224] INFO: Time: 28.32092254700001; Encoder Angle: 85.97900390625;
[2026-05-11 05:51:21,234] INFO: Time: 28.330990854999982; Encoder Angle: 86.0888671875;
[2026-05-11 05:51:21,244] INFO: Time: 28.341073199999983; Encoder Angle: 86.220703125;
[2026-05-11 05:51:21,254] INFO: Time: 28.351145508000172; Encoder Angle: 86.396484375;
[2026-05-11 05:51:21,265] INFO: Time: 28.36121740900012; Encoder Angle: 86.5283203125;
[2026-05-11 05:51:21,275] INFO: Time: 28.371289329000092; Encoder Angle: 86.748046875;
[2026-05-11 05:51:21,285] INFO: Time: 28.3813561930001; Encoder Angle: 86.81396484375;
[2026-05-11 05:51:21,295] INFO: Time: 28.39142257499998; Encoder Angle: 86.94580078125;
[2026-05-11 05:51:21,305] INFO: Time: 28.401626921000116; Encoder Angle: 87.12158203125;
[2026-05-11 05:51:21,315] INFO: Time: 28.411698674000036; Encoder Angle: 87.25341796875;
[2026-05-11 05:51:21,328] INFO: Time: 28.424418847000197; Encoder Angle: 87.451171875;
[2026-05-11 05:51:21,338] INFO: Time: 28.434505673000103; Encoder Angle: 87.5390625;
[2026-05-11 05:51:21,348] INFO: Time: 28.44457744500005; Encoder Angle: 87.69287109375;
[2026-05-11 05:51:21,358] INFO: Time: 28.45464956800015; Encoder Angle: 87.82470703125;
[2026-05-11 05:51:21,368] INFO: Time: 28.464723450000065; Encoder Angle: 87.95654296875;
[2026-05-11 05:51:21,378] INFO: Time: 28.47478983200017; Encoder Angle: 88.13232421875;
[2026-05-11 05:51:21,388] INFO: Time: 28.484858881000036; Encoder Angle: 88.1982421875;
[2026-05-11 05:51:21,398] INFO: Time: 28.494930115999978; Encoder Angle: 88.39599609375;
[2026-05-11 05:51:21,408] INFO: Time: 28.504999461000125; Encoder Angle: 88.505859375;
[2026-05-11 05:51:21,418] INFO: Time: 28.515068936000034; Encoder Angle: 88.65966796875;
[2026-05-11 05:51:21,428] INFO: Time: 28.525136503000112; Encoder Angle: 88.79150390625;
[2026-05-11 05:51:21,439] INFO: Time: 28.53520827500006; Encoder Angle: 88.857421875;
[2026-05-11 05:51:21,449] INFO: Time: 28.545274990000053; Encoder Angle: 89.01123046875;
[2026-05-11 05:51:21,459] INFO: Time: 28.555342612999993; Encoder Angle: 89.18701171875;
[2026-05-11 05:51:21,469] INFO: Time: 28.565414033000025; Encoder Angle: 89.296875;
[2026-05-11 05:51:21,479] INFO: Time: 28.57548389600015; Encoder Angle: 89.47265625;
[2026-05-11 05:51:21,489] INFO: Time: 28.58555196400016; Encoder Angle: 89.58251953125;
[2026-05-11 05:51:21,499] INFO: Time: 28.59561882800017; Encoder Angle: 89.71435546875;
[2026-05-11 05:51:21,509] INFO: Time: 28.605691450999984; Encoder Angle: 89.84619140625;
[2026-05-11 05:51:21,519] INFO: Time: 28.61575948100017; Encoder Angle: 89.9560546875;
[2026-05-11 05:51:21,529] INFO: Time: 28.625827178999998; Encoder Angle: 90.1318359375;
[2026-05-11 05:51:21,539] INFO: Time: 28.635900783000125; Encoder Angle: 90.2197265625;
[2026-05-11 05:51:21,549] INFO: Time: 28.64597153600016; Encoder Angle: 90.32958984375;
[2026-05-11 05:51:21,559] INFO: Time: 28.656041807000065; Encoder Angle: 90.50537109375;
[2026-05-11 05:51:21,569] INFO: Time: 28.66611433800017; Encoder Angle: 90.63720703125;
[2026-05-11 05:51:21,580] INFO: Time: 28.676184998000053; Encoder Angle: 90.72509765625;
[2026-05-11 05:51:21,590] INFO: Time: 28.686254047000148; Encoder Angle: 90.87890625;
[2026-05-11 05:51:21,600] INFO: Time: 28.696322798999972; Encoder Angle: 91.07666015625;
[2026-05-11 05:51:21,610] INFO: Time: 28.706396293000125; Encoder Angle: 91.1865234375;
[2026-05-11 05:51:21,620] INFO: Time: 28.716465046000167; Encoder Angle: 91.34033203125;
[2026-05-11 05:51:21,630] INFO: Time: 28.72653437200006; Encoder Angle: 91.4501953125;
[2026-05-11 05:51:21,640] INFO: Time: 28.73660694; Encoder Angle: 91.5380859375;
[2026-05-11 05:51:21,650] INFO: Time: 28.74668191500018; Encoder Angle: 91.73583984375;
[2026-05-11 05:51:21,660] INFO: Time: 28.756755279000117; Encoder Angle: 91.91162109375;
[2026-05-11 05:51:21,670] INFO: Time: 28.766825919999974; Encoder Angle: 91.95556640625;
[2026-05-11 05:51:21,680] INFO: Time: 28.776897727999994; Encoder Angle: 92.109375;
[2026-05-11 05:51:21,690] INFO: Time: 28.78696944400008; Encoder Angle: 92.28515625;
[2026-05-11 05:51:21,700] INFO: Time: 28.797034975000088; Encoder Angle: 92.43896484375;
[2026-05-11 05:51:21,711] INFO: Time: 28.80711541300002; Encoder Angle: 92.548828125;
[2026-05-11 05:51:21,721] INFO: Time: 28.817186610000135; Encoder Angle: 92.63671875;
[2026-05-11 05:51:21,731] INFO: Time: 28.82725102900008; Encoder Angle: 92.8125;
[2026-05-11 05:51:21,741] INFO: Time: 28.83732215200007; Encoder Angle: 92.96630859375;
[2026-05-11 05:51:21,751] INFO: Time: 28.84739688600007; Encoder Angle: 93.076171875;
[2026-05-11 05:51:21,761] INFO: Time: 28.857475639000086; Encoder Angle: 93.22998046875;
[2026-05-11 05:51:21,771] INFO: Time: 28.86754965099999; Encoder Angle: 93.33984375;
[2026-05-11 05:51:21,781] INFO: Time: 28.877621310999984; Encoder Angle: 93.427734375;
[2026-05-11 05:51:21,791] INFO: Time: 28.887690897000084; Encoder Angle: 93.62548828125;
[2026-05-11 05:51:21,801] INFO: Time: 28.897757556999977; Encoder Angle: 93.75732421875;
[2026-05-11 05:51:21,811] INFO: Time: 28.90782286600006; Encoder Angle: 93.9111328125;
[2026-05-11 05:51:21,821] INFO: Time: 28.917894210999975; Encoder Angle: 94.0869140625;
[2026-05-11 05:51:21,831] INFO: Time: 28.927974593000044; Encoder Angle: 94.130859375;
[2026-05-11 05:51:21,841] INFO: Time: 28.938048346000187; Encoder Angle: 94.24072265625;
[2026-05-11 05:51:21,851] INFO: Time: 28.948120173000007; Encoder Angle: 94.46044921875;
[2026-05-11 05:51:21,862] INFO: Time: 28.958189296; Encoder Angle: 94.5703125;
[2026-05-11 05:51:21,872] INFO: Time: 28.968259234000016; Encoder Angle: 94.7021484375;
[2026-05-11 05:51:21,882] INFO: Time: 28.978329246000158; Encoder Angle: 94.81201171875;
[2026-05-11 05:51:21,892] INFO: Time: 28.988400813; Encoder Angle: 94.9658203125;
[2026-05-11 05:51:21,902] INFO: Time: 28.998471251000183; Encoder Angle: 95.09765625;
[2026-05-11 05:51:21,912] INFO: Time: 29.008545152000124; Encoder Angle: 95.185546875;
[2026-05-11 05:51:21,922] INFO: Time: 29.018617423000023; Encoder Angle: 95.361328125;
[2026-05-11 05:51:21,932] INFO: Time: 29.028689139000107; Encoder Angle: 95.42724609375;
[2026-05-11 05:51:21,942] INFO: Time: 29.038755650999974; Encoder Angle: 95.625;
[2026-05-11 05:51:21,952] INFO: Time: 29.04882557000019; Encoder Angle: 95.712890625;
[2026-05-11 05:51:21,962] INFO: Time: 29.058893119000004; Encoder Angle: 95.91064453125;
[2026-05-11 05:51:21,972] INFO: Time: 29.06896259400014; Encoder Angle: 95.99853515625;
[2026-05-11 05:51:21,982] INFO: Time: 29.079031143000066; Encoder Angle: 96.17431640625;
[2026-05-11 05:51:21,992] INFO: Time: 29.089098655000043; Encoder Angle: 96.26220703125;
[2026-05-11 05:51:22,002] INFO: Time: 29.099164167000026; Encoder Angle: 96.416015625;
[2026-05-11 05:51:22,013] INFO: Time: 29.109230846000173; Encoder Angle: 96.52587890625;
[2026-05-11 05:51:22,023] INFO: Time: 29.119304098000157; Encoder Angle: 96.70166015625;
[2026-05-11 05:51:22,033] INFO: Time: 29.129371924999987; Encoder Angle: 96.85546875;
[2026-05-11 05:51:22,043] INFO: Time: 29.139442456000097; Encoder Angle: 96.96533203125;
[2026-05-11 05:51:22,053] INFO: Time: 29.149516208000023; Encoder Angle: 97.05322265625;
[2026-05-11 05:51:22,063] INFO: Time: 29.159583924000117; Encoder Angle: 97.18505859375;
[2026-05-11 05:51:22,073] INFO: Time: 29.169648843000004; Encoder Angle: 97.36083984375;
[2026-05-11 05:51:22,083] INFO: Time: 29.179714374000014; Encoder Angle: 97.470703125;
[2026-05-11 05:51:22,093] INFO: Time: 29.189781719000166; Encoder Angle: 97.58056640625;
[2026-05-11 05:51:22,103] INFO: Time: 29.199853176000033; Encoder Angle: 97.75634765625;
[2026-05-11 05:51:22,113] INFO: Time: 29.2099247430001; Encoder Angle: 97.84423828125;
[2026-05-11 05:51:22,123] INFO: Time: 29.219990440000174; Encoder Angle: 97.97607421875;
[2026-05-11 05:51:22,133] INFO: Time: 29.230056730000115; Encoder Angle: 98.10791015625;
[2026-05-11 05:51:22,143] INFO: Time: 29.240126260000125; Encoder Angle: 98.23974609375;
[2026-05-11 05:51:22,154] INFO: Time: 29.250192513000002; Encoder Angle: 98.349609375;
[2026-05-11 05:51:22,164] INFO: Time: 29.260261784000022; Encoder Angle: 98.4814453125;
[2026-05-11 05:51:22,174] INFO: Time: 29.270329889000095; Encoder Angle: 98.59130859375;
[2026-05-11 05:51:22,184] INFO: Time: 29.280398901000126; Encoder Angle: 98.72314453125;
[2026-05-11 05:51:22,194] INFO: Time: 29.290466580000157; Encoder Angle: 98.7890625;
[2026-05-11 05:51:22,204] INFO: Time: 29.3005419430001; Encoder Angle: 98.96484375;
[2026-05-11 05:51:22,214] INFO: Time: 29.310615659000177; Encoder Angle: 99.11865234375;
[2026-05-11 05:51:22,224] INFO: Time: 29.320702782000126; Encoder Angle: 99.25048828125;
[2026-05-11 05:51:22,234] INFO: Time: 29.330782238999973; Encoder Angle: 99.38232421875;
[2026-05-11 05:51:22,244] INFO: Time: 29.340852806000157; Encoder Angle: 99.47021484375;
[2026-05-11 05:51:22,254] INFO: Time: 29.35092398500001; Encoder Angle: 99.64599609375;
[2026-05-11 05:51:22,264] INFO: Time: 29.361003571000083; Encoder Angle: 99.68994140625;
[2026-05-11 05:51:22,274] INFO: Time: 29.371078546000035; Encoder Angle: 99.86572265625;
[2026-05-11 05:51:22,285] INFO: Time: 29.381148817000167; Encoder Angle: 99.931640625;
[2026-05-11 05:51:22,295] INFO: Time: 29.391215848; Encoder Angle: 99.90966796875;
[2026-05-11 05:51:22,305] INFO: Time: 29.40128545200014; Encoder Angle: 99.95361328125;
[2026-05-11 05:51:22,315] INFO: Time: 29.41135496400011; Encoder Angle: 99.99755859375;
[2026-05-11 05:51:22,325] INFO: Time: 29.421424772000137; Encoder Angle: 99.931640625;
[2026-05-11 05:51:22,335] INFO: Time: 29.431493135999972; Encoder Angle: 99.931640625;
[2026-05-11 05:51:22,345] INFO: Time: 29.44156183300015; Encoder Angle: 99.90966796875;
[2026-05-11 05:51:22,355] INFO: Time: 29.451627975000065; Encoder Angle: 99.95361328125;
[2026-05-11 05:51:22,365] INFO: Time: 29.46169519099999; Encoder Angle: 99.90966796875;
[2026-05-11 05:51:22,375] INFO: Time: 29.471761758000184; Encoder Angle: 99.9755859375;
[2026-05-11 05:51:22,385] INFO: Time: 29.481829511000115; Encoder Angle: 99.9755859375;
[2026-05-11 05:51:22,395] INFO: Time: 29.491894856000044; Encoder Angle: 99.95361328125;
[2026-05-11 05:51:22,405] INFO: Time: 29.501961590000064; Encoder Angle: 99.90966796875;
[2026-05-11 05:51:22,415] INFO: Time: 29.51202517600018; Encoder Angle: 99.99755859375;
[2026-05-11 05:51:22,425] INFO: Time: 29.522092317999977; Encoder Angle: 99.9755859375;
[2026-05-11 05:51:22,435] INFO: Time: 29.53215883000007; Encoder Angle: 99.9755859375;
[2026-05-11 05:51:22,446] INFO: Time: 29.542229286000065; Encoder Angle: 99.9755859375;
[2026-05-11 05:51:22,456] INFO: Time: 29.55229528000018; Encoder Angle: 99.9755859375;
[2026-05-11 05:51:22,466] INFO: Time: 29.562364291999984; Encoder Angle: 99.931640625;
[2026-05-11 05:51:22,476] INFO: Time: 29.572430711000152; Encoder Angle: 99.931640625;
[2026-05-11 05:51:22,486] INFO: Time: 29.582503889999998; Encoder Angle: 99.931640625;
[2026-05-11 05:51:22,496] INFO: Time: 29.59257156800004; Encoder Angle: 99.95361328125;
[2026-05-11 05:51:22,506] INFO: Time: 29.602649136000082; Encoder Angle: 99.95361328125;
[2026-05-11 05:51:22,516] INFO: Time: 29.61271605500019; Encoder Angle: 99.95361328125;
[2026-05-11 05:51:22,526] INFO: Time: 29.622789234000038; Encoder Angle: 99.95361328125;
[2026-05-11 05:51:22,536] INFO: Time: 29.632855209000127; Encoder Angle: 99.9755859375;
[2026-05-11 05:51:22,546] INFO: Time: 29.642922480000152; Encoder Angle: 99.99755859375;
[2026-05-11 05:51:22,556] INFO: Time: 29.652992751000056; Encoder Angle: 99.90966796875;
[2026-05-11 05:51:22,566] INFO: Time: 29.66305805900015; Encoder Angle: 99.95361328125;
[2026-05-11 05:51:22,576] INFO: Time: 29.673127349000197; Encoder Angle: 99.95361328125;
[2026-05-11 05:51:22,587] INFO: Time: 29.683195194000064; Encoder Angle: 99.931640625;
[2026-05-11 05:51:22,597] INFO: Time: 29.693264336000084; Encoder Angle: 99.90966796875;
[2026-05-11 05:51:22,607] INFO: Time: 29.703330069999993; Encoder Angle: 99.931640625;
[2026-05-11 05:51:22,617] INFO: Time: 29.713398749000135; Encoder Angle: 99.95361328125;
[2026-05-11 05:51:22,627] INFO: Time: 29.72346551999999; Encoder Angle: 99.9755859375;
[2026-05-11 05:51:22,637] INFO: Time: 29.733534124000016; Encoder Angle: 99.90966796875;
[2026-05-11 05:51:22,647] INFO: Time: 29.74360121000018; Encoder Angle: 99.90966796875;
[2026-05-11 05:51:22,657] INFO: Time: 29.753666629999998; Encoder Angle: 99.95361328125;
[2026-05-11 05:51:22,667] INFO: Time: 29.763737179000145; Encoder Angle: 99.9755859375;
[2026-05-11 05:51:22,677] INFO: Time: 29.7738210980001; Encoder Angle: 99.9755859375;
[2026-05-11 05:51:22,687] INFO: Time: 29.78389766600003; Encoder Angle: 99.9755859375;
[2026-05-11 05:51:22,697] INFO: Time: 29.793969937000156; Encoder Angle: 99.9755859375;
[2026-05-11 05:51:22,707] INFO: Time: 29.80404219000002; Encoder Angle: 99.90966796875;
[2026-05-11 05:51:22,717] INFO: Time: 29.81411240500006; Encoder Angle: 99.95361328125;
[2026-05-11 05:51:22,728] INFO: Time: 29.82418873200004; Encoder Angle: 99.90966796875;
[2026-05-11 05:51:22,738] INFO: Time: 29.834259355000086; Encoder Angle: 99.9755859375;
[2026-05-11 05:51:22,748] INFO: Time: 29.844343367000192; Encoder Angle: 99.931640625;
[2026-05-11 05:51:22,758] INFO: Time: 29.854422509000187; Encoder Angle: 99.95361328125;
[2026-05-11 05:51:22,768] INFO: Time: 29.864498464999997; Encoder Angle: 99.9755859375;
[2026-05-11 05:51:22,778] INFO: Time: 29.87457203300005; Encoder Angle: 99.931640625;
[2026-05-11 05:51:22,788] INFO: Time: 29.88463571200009; Encoder Angle: 99.931640625;
[2026-05-11 05:51:22,798] INFO: Time: 29.894697335000046; Encoder Angle: 99.931640625;
[2026-05-11 05:51:22,808] INFO: Time: 29.90478079100012; Encoder Angle: 99.931640625;
[2026-05-11 05:51:22,818] INFO: Time: 29.91484430300011; Encoder Angle: 99.95361328125;
[2026-05-11 05:51:22,828] INFO: Time: 29.92492322200019; Encoder Angle: 99.8876953125;
[2026-05-11 05:51:22,838] INFO: Time: 29.934994697000093; Encoder Angle: 99.95361328125;
[2026-05-11 05:51:22,848] INFO: Time: 29.94506100600006; Encoder Angle: 99.9755859375;
[2026-05-11 05:51:22,858] INFO: Time: 29.955134962000102; Encoder Angle: 99.931640625;
[2026-05-11 05:51:22,869] INFO: Time: 29.965204417999985; Encoder Angle: 99.95361328125;
[2026-05-11 05:51:22,879] INFO: Time: 29.975276523000048; Encoder Angle: 99.95361328125;
[2026-05-11 05:51:22,889] INFO: Time: 29.98533923900004; Encoder Angle: 99.95361328125;
[2026-05-11 05:51:22,899] INFO: Time: 29.99540934300012; Encoder Angle: 99.9755859375;
[2026-05-11 05:51:22,909] INFO: Time: 30.00547144799998; Encoder Angle: 99.9755859375;
[2026-05-11 05:51:22,919] INFO: Time: 30.015542219000054; Encoder Angle: 99.9755859375;
[2026-05-11 05:51:22,929] INFO: Time: 30.025605453000026; Encoder Angle: 99.9755859375;
[2026-05-11 05:51:22,939] INFO: Time: 30.035680058000025; Encoder Angle: 99.9755859375;
[2026-05-11 05:51:22,949] INFO: Time: 30.04574097700015; Encoder Angle: 99.99755859375;
[2026-05-11 05:51:22,959] INFO: Time: 30.05581210000014; Encoder Angle: 99.931640625;
[2026-05-11 05:51:22,969] INFO: Time: 30.065875353000138; Encoder Angle: 99.90966796875;
[2026-05-11 05:51:22,979] INFO: Time: 30.075939568000194; Encoder Angle: 99.95361328125;
[2026-05-11 05:51:22,989] INFO: Time: 30.08600819200001; Encoder Angle: 99.931640625;
[2026-05-11 05:51:22,999] INFO: Time: 30.096076592000145; Encoder Angle: 99.9755859375;
[2026-05-11 05:51:23,009] INFO: Time: 30.10613853000018; Encoder Angle: 99.90966796875;
[2026-05-11 05:51:23,020] INFO: Time: 30.11620926400019; Encoder Angle: 99.931640625;
[2026-05-11 05:51:23,030] INFO: Time: 30.1262710540002; Encoder Angle: 99.9755859375;
[2026-05-11 05:51:23,040] INFO: Time: 30.13634254800013; Encoder Angle: 99.9755859375;
[2026-05-11 05:51:23,050] INFO: Time: 30.146420245000172; Encoder Angle: 99.931640625;
[2026-05-11 05:51:23,060] INFO: Time: 30.156485312000086; Encoder Angle: 99.90966796875;
[2026-05-11 05:51:23,070] INFO: Time: 30.166557453999985; Encoder Angle: 99.95361328125;
[2026-05-11 05:51:23,080] INFO: Time: 30.176629058000117; Encoder Angle: 99.95361328125;
[2026-05-11 05:51:23,090] INFO: Time: 30.186714645000166; Encoder Angle: 99.9755859375;
[2026-05-11 05:51:23,100] INFO: Time: 30.196808564000094; Encoder Angle: 99.90966796875;
[2026-05-11 05:51:23,110] INFO: Time: 30.20689564999998; Encoder Angle: 99.931640625;
[2026-05-11 05:51:23,120] INFO: Time: 30.216971050999973; Encoder Angle: 99.90966796875;
[2026-05-11 05:51:23,130] INFO: Time: 30.227039470000136; Encoder Angle: 99.931640625;
[2026-05-11 05:51:23,140] INFO: Time: 30.23710511200011; Encoder Angle: 99.99755859375;
[2026-05-11 05:51:23,151] INFO: Time: 30.247180716999992; Encoder Angle: 99.931640625;
[2026-05-11 05:51:23,161] INFO: Time: 30.25725019100014; Encoder Angle: 99.9755859375;
[2026-05-11 05:51:23,171] INFO: Time: 30.267321537000043; Encoder Angle: 100.01953125;
[2026-05-11 05:51:23,181] INFO: Time: 30.277391178000016; Encoder Angle: 99.90966796875;
[2026-05-11 05:51:23,191] INFO: Time: 30.28745813500018; Encoder Angle: 99.95361328125;
[2026-05-11 05:51:23,201] INFO: Time: 30.29752811000003; Encoder Angle: 99.95361328125;
[2026-05-11 05:51:23,211] INFO: Time: 30.307595696000135; Encoder Angle: 99.9755859375;
[2026-05-11 05:51:23,221] INFO: Time: 30.31767293000007; Encoder Angle: 99.90966796875;
[2026-05-11 05:51:23,231] INFO: Time: 30.327745238000034; Encoder Angle: 99.931640625;
[2026-05-11 05:51:23,241] INFO: Time: 30.337831750000078; Encoder Angle: 99.931640625;
[2026-05-11 05:51:23,251] INFO: Time: 30.34791013300014; Encoder Angle: 99.9755859375;
[2026-05-11 05:51:23,261] INFO: Time: 30.35798284800012; Encoder Angle: 99.95361328125;
[2026-05-11 05:51:23,271] INFO: Time: 30.36805352700003; Encoder Angle: 99.931640625;
[2026-05-11 05:51:23,281] INFO: Time: 30.378123834999997; Encoder Angle: 99.8876953125;
[2026-05-11 05:51:23,292] INFO: Time: 30.388190588000043; Encoder Angle: 99.95361328125;
[2026-05-11 05:51:23,302] INFO: Time: 30.39825919200007; Encoder Angle: 99.8876953125;
[2026-05-11 05:51:23,312] INFO: Time: 30.40832953800009; Encoder Angle: 99.95361328125;
[2026-05-11 05:51:23,322] INFO: Time: 30.418418198000154; Encoder Angle: 99.95361328125;
[2026-05-11 05:51:23,332] INFO: Time: 30.428496469000038; Encoder Angle: 99.84375;
[2026-05-11 05:51:23,342] INFO: Time: 30.438571611000043; Encoder Angle: 99.8876953125;
[2026-05-11 05:51:23,352] INFO: Time: 30.4486446410001; Encoder Angle: 99.931640625;
[2026-05-11 05:51:23,362] INFO: Time: 30.458709246000126; Encoder Angle: 99.90966796875;
[2026-05-11 05:51:23,372] INFO: Time: 30.46877772100015; Encoder Angle: 99.90966796875;
[2026-05-11 05:51:23,382] INFO: Time: 30.478849158999992; Encoder Angle: 99.95361328125;
[2026-05-11 05:51:23,392] INFO: Time: 30.488919041000145; Encoder Angle: 99.9755859375;
[2026-05-11 05:51:23,402] INFO: Time: 30.49898797900005; Encoder Angle: 99.8876953125;
[2026-05-11 05:51:23,412] INFO: Time: 30.509057102000043; Encoder Angle: 99.95361328125;
[2026-05-11 05:51:23,422] INFO: Time: 30.51912257700019; Encoder Angle: 99.90966796875;
[2026-05-11 05:51:23,433] INFO: Time: 30.529192070000136; Encoder Angle: 99.931640625;
[2026-05-11 05:51:23,443] INFO: Time: 30.53925763799998; Encoder Angle: 99.931640625;
[2026-05-11 05:51:23,453] INFO: Time: 30.549325020000197; Encoder Angle: 99.9755859375;
[2026-05-11 05:51:23,463] INFO: Time: 30.559388458000058; Encoder Angle: 99.86572265625;
[2026-05-11 05:51:23,473] INFO: Time: 30.56945669200013; Encoder Angle: 99.90966796875;
[2026-05-11 05:51:23,483] INFO: Time: 30.579526334000093; Encoder Angle: 99.90966796875;
[2026-05-11 05:51:23,493] INFO: Time: 30.589590123000107; Encoder Angle: 99.90966796875;
[2026-05-11 05:51:23,503] INFO: Time: 30.599659672000143; Encoder Angle: 99.86572265625;
[2026-05-11 05:51:23,513] INFO: Time: 30.60972344400011; Encoder Angle: 99.931640625;
[2026-05-11 05:51:23,523] INFO: Time: 30.61978669600012; Encoder Angle: 99.90966796875;
[2026-05-11 05:51:23,533] INFO: Time: 30.629859949000092; Encoder Angle: 99.90966796875;
[2026-05-11 05:51:23,543] INFO: Time: 30.63992377600016; Encoder Angle: 99.90966796875;
[2026-05-11 05:51:23,553] INFO: Time: 30.64999464000016; Encoder Angle: 99.90966796875;
[2026-05-11 05:51:23,563] INFO: Time: 30.660057337000126; Encoder Angle: 99.9755859375;
[2026-05-11 05:51:23,573] INFO: Time: 30.670122034000087; Encoder Angle: 99.90966796875;
[2026-05-11 05:51:23,584] INFO: Time: 30.680192638000108; Encoder Angle: 99.90966796875;
[2026-05-11 05:51:23,594] INFO: Time: 30.690255965000006; Encoder Angle: 99.90966796875;
[2026-05-11 05:51:23,604] INFO: Time: 30.70031771800018; Encoder Angle: 99.931640625;
[2026-05-11 05:51:23,614] INFO: Time: 30.710381118999976; Encoder Angle: 99.8876953125;
[2026-05-11 05:51:23,624] INFO: Time: 30.720456038000066; Encoder Angle: 99.90966796875;
[2026-05-11 05:51:23,634] INFO: Time: 30.730523735000133; Encoder Angle: 99.931640625;
[2026-05-11 05:51:23,644] INFO: Time: 30.740596117999985; Encoder Angle: 99.8876953125;
[2026-05-11 05:51:23,654] INFO: Time: 30.750669185000106; Encoder Angle: 99.90966796875;
[2026-05-11 05:51:23,664] INFO: Time: 30.76073341900019; Encoder Angle: 99.931640625;
[2026-05-11 05:51:23,674] INFO: Time: 30.77080446800005; Encoder Angle: 99.931640625;
[2026-05-11 05:51:23,684] INFO: Time: 30.780875239000125; Encoder Angle: 99.95361328125;
[2026-05-11 05:51:23,694] INFO: Time: 30.790943474000187; Encoder Angle: 99.8876953125;
[2026-05-11 05:51:23,704] INFO: Time: 30.801014504000022; Encoder Angle: 99.931640625;
[2026-05-11 05:51:23,714] INFO: Time: 30.81107768300012; Encoder Angle: 99.90966796875;
[2026-05-11 05:51:23,725] INFO: Time: 30.821153602000095; Encoder Angle: 99.95361328125;
[2026-05-11 05:51:23,735] INFO: Time: 30.831220707000057; Encoder Angle: 99.9755859375;
[2026-05-11 05:51:23,745] INFO: Time: 30.841292033000173; Encoder Angle: 99.931640625;
[2026-05-11 05:51:23,755] INFO: Time: 30.851372860000083; Encoder Angle: 99.931640625;
[2026-05-11 05:51:23,765] INFO: Time: 30.86144640900011; Encoder Angle: 99.8876953125;
[2026-05-11 05:51:23,775] INFO: Time: 30.871522939999977; Encoder Angle: 99.90966796875;
[2026-05-11 05:51:23,785] INFO: Time: 30.88159991500015; Encoder Angle: 99.8876953125;
[2026-05-11 05:51:23,795] INFO: Time: 30.89167237100014; Encoder Angle: 99.8876953125;
[2026-05-11 05:51:23,805] INFO: Time: 30.901743642000156; Encoder Angle: 99.86572265625;
[2026-05-11 05:51:23,815] INFO: Time: 30.911815062000187; Encoder Angle: 99.931640625;
[2026-05-11 05:51:23,825] INFO: Time: 30.92189035199999; Encoder Angle: 99.90966796875;
[2026-05-11 05:51:23,835] INFO: Time: 30.931964697000012; Encoder Angle: 99.90966796875;
[2026-05-11 05:51:23,845] INFO: Time: 30.94204839400004; Encoder Angle: 99.90966796875;
[2026-05-11 05:51:23,856] INFO: Time: 30.95213181400004; Encoder Angle: 99.90966796875;
[2026-05-11 05:51:23,866] INFO: Time: 30.962207400000125; Encoder Angle: 99.931640625;
[2026-05-11 05:51:23,876] INFO: Time: 30.972280930000124; Encoder Angle: 99.90966796875;
[2026-05-11 05:51:23,886] INFO: Time: 30.982351831000187; Encoder Angle: 99.931640625;
[2026-05-11 05:51:23,896] INFO: Time: 30.992423473000144; Encoder Angle: 99.931640625;
[2026-05-11 05:51:23,906] INFO: Time: 31.002491910000117; Encoder Angle: 99.931640625;
[2026-05-11 05:51:23,916] INFO: Time: 31.012562071000048; Encoder Angle: 99.84375;
[2026-05-11 05:51:23,926] INFO: Time: 31.022629026999994; Encoder Angle: 99.90966796875;
[2026-05-11 05:51:23,936] INFO: Time: 31.032699595000167; Encoder Angle: 99.90966796875;
[2026-05-11 05:51:23,946] INFO: Time: 31.04277818100013; Encoder Angle: 99.86572265625;
[2026-05-11 05:51:23,956] INFO: Time: 31.05284847000007; Encoder Angle: 99.8876953125;
[2026-05-11 05:51:23,966] INFO: Time: 31.06292098200015; Encoder Angle: 99.9755859375;
[2026-05-11 05:51:23,976] INFO: Time: 31.07298847600009; Encoder Angle: 99.931640625;
[2026-05-11 05:51:23,986] INFO: Time: 31.08305820999999; Encoder Angle: 99.86572265625;
[2026-05-11 05:51:23,996] INFO: Time: 31.093125370000052; Encoder Angle: 99.8876953125;
[2026-05-11 05:51:24,007] INFO: Time: 31.10319267800014; Encoder Angle: 99.86572265625;
[2026-05-11 05:51:24,017] INFO: Time: 31.113260523999998; Encoder Angle: 99.86572265625;
[2026-05-11 05:51:24,027] INFO: Time: 31.123330684000166; Encoder Angle: 99.8876953125;
[2026-05-11 05:51:24,037] INFO: Time: 31.133398714000123; Encoder Angle: 99.82177734375;
[2026-05-11 05:51:24,047] INFO: Time: 31.143600393000042; Encoder Angle: 99.82177734375;
[2026-05-11 05:51:24,057] INFO: Time: 31.15366853500018; Encoder Angle: 99.86572265625;
[2026-05-11 05:51:24,067] INFO: Time: 31.163741140000184; Encoder Angle: 99.7998046875;
[2026-05-11 05:51:24,077] INFO: Time: 31.173811763000003; Encoder Angle: 99.82177734375;
[2026-05-11 05:51:24,087] INFO: Time: 31.18388016400013; Encoder Angle: 99.77783203125;
[2026-05-11 05:51:24,097] INFO: Time: 31.193947898000033; Encoder Angle: 99.755859375;
[2026-05-11 05:51:24,107] INFO: Time: 31.204016021000143; Encoder Angle: 99.77783203125;
[2026-05-11 05:51:24,118] INFO: Time: 31.214115106999998; Encoder Angle: 99.755859375;
[2026-05-11 05:51:24,128] INFO: Time: 31.224192341000162; Encoder Angle: 99.7119140625;
[2026-05-11 05:51:24,138] INFO: Time: 31.234266372000093; Encoder Angle: 99.68994140625;
[2026-05-11 05:51:24,148] INFO: Time: 31.244335458000023; Encoder Angle: 99.6240234375;
[2026-05-11 05:51:24,158] INFO: Time: 31.25440582200008; Encoder Angle: 99.580078125;
[2026-05-11 05:51:24,168] INFO: Time: 31.264477704; Encoder Angle: 99.580078125;
[2026-05-11 05:51:24,178] INFO: Time: 31.27454754900009; Encoder Angle: 99.580078125;
[2026-05-11 05:51:24,188] INFO: Time: 31.28461763500013; Encoder Angle: 99.580078125;
[2026-05-11 05:51:24,198] INFO: Time: 31.294689536000078; Encoder Angle: 99.55810546875;
[2026-05-11 05:51:24,208] INFO: Time: 31.30476197400003; Encoder Angle: 99.55810546875;
[2026-05-11 05:51:24,218] INFO: Time: 31.31483709700001; Encoder Angle: 99.6240234375;
[2026-05-11 05:51:24,228] INFO: Time: 31.324906905000034; Encoder Angle: 99.5361328125;
[2026-05-11 05:51:24,238] INFO: Time: 31.334977084000002; Encoder Angle: 99.55810546875;
[2026-05-11 05:51:24,248] INFO: Time: 31.345061744000077; Encoder Angle: 99.5361328125;
[2026-05-11 05:51:24,259] INFO: Time: 31.35513779300004; Encoder Angle: 99.55810546875;
[2026-05-11 05:51:24,269] INFO: Time: 31.365208435000113; Encoder Angle: 99.580078125;
[2026-05-11 05:51:24,279] INFO: Time: 31.375277169000128; Encoder Angle: 99.5361328125;
[2026-05-11 05:51:24,289] INFO: Time: 31.385343848000048; Encoder Angle: 99.60205078125;
[2026-05-11 05:51:24,299] INFO: Time: 31.395409599999994; Encoder Angle: 99.580078125;
[2026-05-11 05:51:24,309] INFO: Time: 31.405478427000162; Encoder Angle: 99.5361328125;
[2026-05-11 05:51:24,319] INFO: Time: 31.41554510600008; Encoder Angle: 99.4921875;
[2026-05-11 05:51:24,329] INFO: Time: 31.425627692000035; Encoder Angle: 99.51416015625;
[2026-05-11 05:51:24,339] INFO: Time: 31.435702925999976; Encoder Angle: 99.5361328125;
[2026-05-11 05:51:24,349] INFO: Time: 31.445774105000055; Encoder Angle: 99.51416015625;
[2026-05-11 05:51:24,359] INFO: Time: 31.455842468000128; Encoder Angle: 99.55810546875;
[2026-05-11 05:51:24,369] INFO: Time: 31.465912073000027; Encoder Angle: 99.55810546875;
[2026-05-11 05:51:24,379] INFO: Time: 31.475980844000105; Encoder Angle: 99.51416015625;
[2026-05-11 05:51:24,389] INFO: Time: 31.486049171000104; Encoder Angle: 99.55810546875;
[2026-05-11 05:51:24,399] INFO: Time: 31.49611694200007; Encoder Angle: 99.51416015625;
[2026-05-11 05:51:24,410] INFO: Time: 31.506183695000118; Encoder Angle: 99.5361328125;
[2026-05-11 05:51:24,420] INFO: Time: 31.516250503000037; Encoder Angle: 99.4921875;
[2026-05-11 05:51:24,430] INFO: Time: 31.526320700000042; Encoder Angle: 99.47021484375;
[2026-05-11 05:51:24,440] INFO: Time: 31.5363871940001; Encoder Angle: 99.580078125;
[2026-05-11 05:51:24,450] INFO: Time: 31.546453946000156; Encoder Angle: 99.51416015625;
[2026-05-11 05:51:24,460] INFO: Time: 31.556518143000176; Encoder Angle: 99.5361328125;
[2026-05-11 05:51:24,470] INFO: Time: 31.566586970000117; Encoder Angle: 99.51416015625;
[2026-05-11 05:51:24,480] INFO: Time: 31.57665577800003; Encoder Angle: 99.5361328125;
[2026-05-11 05:51:24,490] INFO: Time: 31.586722475999977; Encoder Angle: 99.4482421875;
[2026-05-11 05:51:24,500] INFO: Time: 31.596787765000045; Encoder Angle: 99.4921875;
[2026-05-11 05:51:24,510] INFO: Time: 31.60685637000006; Encoder Angle: 99.51416015625;
[2026-05-11 05:51:24,520] INFO: Time: 31.616922697000064; Encoder Angle: 99.51416015625;
[2026-05-11 05:51:24,530] INFO: Time: 31.627006764000043; Encoder Angle: 99.5361328125;
[2026-05-11 05:51:24,540] INFO: Time: 31.637072832000058; Encoder Angle: 99.5361328125;
[2026-05-11 05:51:24,550] INFO: Time: 31.647141621000173; Encoder Angle: 99.5361328125;
[2026-05-11 05:51:24,561] INFO: Time: 31.65720754100016; Encoder Angle: 99.51416015625;
[2026-05-11 05:51:24,571] INFO: Time: 31.66727620100005; Encoder Angle: 99.60205078125;
[2026-05-11 05:51:24,581] INFO: Time: 31.677343009000197; Encoder Angle: 99.55810546875;
[2026-05-11 05:51:24,591] INFO: Time: 31.687411040000143; Encoder Angle: 99.55810546875;
[2026-05-11 05:51:24,601] INFO: Time: 31.697478903000047; Encoder Angle: 99.580078125;
[2026-05-11 05:51:24,611] INFO: Time: 31.707546508000178; Encoder Angle: 99.580078125;
[2026-05-11 05:51:24,621] INFO: Time: 31.717614835000177; Encoder Angle: 99.55810546875;
[2026-05-11 05:51:24,631] INFO: Time: 31.727682865000133; Encoder Angle: 99.6240234375;
[2026-05-11 05:51:24,641] INFO: Time: 31.73775158100011; Encoder Angle: 99.6240234375;
[2026-05-11 05:51:24,651] INFO: Time: 31.74782079700003; Encoder Angle: 99.60205078125;
[2026-05-11 05:51:24,661] INFO: Time: 31.75788804900003; Encoder Angle: 99.6240234375;
[2026-05-11 05:51:24,671] INFO: Time: 31.767955895000114; Encoder Angle: 99.55810546875;
[2026-05-11 05:51:24,681] INFO: Time: 31.778021351000007; Encoder Angle: 99.66796875;
[2026-05-11 05:51:24,691] INFO: Time: 31.78808845499998; Encoder Angle: 99.60205078125;
[2026-05-11 05:51:24,702] INFO: Time: 31.79816209700016; Encoder Angle: 99.66796875;
[2026-05-11 05:51:24,712] INFO: Time: 31.80822786800013; Encoder Angle: 99.66796875;
[2026-05-11 05:51:24,722] INFO: Time: 31.818298954000056; Encoder Angle: 99.6240234375;
[2026-05-11 05:51:24,732] INFO: Time: 31.828364929000145; Encoder Angle: 99.6240234375;
[2026-05-11 05:51:24,742] INFO: Time: 31.838434923000023; Encoder Angle: 99.64599609375;
[2026-05-11 05:51:24,752] INFO: Time: 31.84851080500016; Encoder Angle: 99.64599609375;
[2026-05-11 05:51:24,762] INFO: Time: 31.858581187000027; Encoder Angle: 99.66796875;
[2026-05-11 05:51:24,772] INFO: Time: 31.868662273000155; Encoder Angle: 99.66796875;
[2026-05-11 05:51:24,783] INFO: Time: 31.878731804000154; Encoder Angle: 99.7119140625;
[2026-05-11 05:51:24,792] INFO: Time: 31.888799816000073; Encoder Angle: 99.64599609375;
[2026-05-11 05:51:24,802] INFO: Time: 31.898871365000105; Encoder Angle: 99.6240234375;
[2026-05-11 05:51:24,812] INFO: Time: 31.90894250600013; Encoder Angle: 99.66796875;
[2026-05-11 05:51:24,822] INFO: Time: 31.919007555000007; Encoder Angle: 99.60205078125;
[2026-05-11 05:51:24,832] INFO: Time: 31.929075827000133; Encoder Angle: 99.64599609375;
[2026-05-11 05:51:24,842] INFO: Time: 31.939143690000037; Encoder Angle: 99.68994140625;
[2026-05-11 05:51:24,853] INFO: Time: 31.949214814000015; Encoder Angle: 99.7119140625;
[2026-05-11 05:51:24,863] INFO: Time: 31.959296881; Encoder Angle: 99.68994140625;
[2026-05-11 05:51:24,873] INFO: Time: 31.969378893000112; Encoder Angle: 99.73388671875;
[2026-05-11 05:51:24,883] INFO: Time: 31.979449535000185; Encoder Angle: 99.68994140625;
[2026-05-11 05:51:24,893] INFO: Time: 31.989521287000116; Encoder Angle: 99.7119140625;
[2026-05-11 05:51:24,903] INFO: Time: 31.999587948; Encoder Angle: 99.66796875;
[2026-05-11 05:51:24,913] INFO: Time: 32.009654255999976; Encoder Angle: 99.755859375;
[2026-05-11 05:51:24,923] INFO: Time: 32.01972052700012; Encoder Angle: 99.7119140625;
[2026-05-11 05:51:24,933] INFO: Time: 32.02978679800003; Encoder Angle: 99.7119140625;
[2026-05-11 05:51:24,943] INFO: Time: 32.03985384700013; Encoder Angle: 99.73388671875;
[2026-05-11 05:51:24,953] INFO: Time: 32.049918785000045; Encoder Angle: 99.66796875;
[2026-05-11 05:51:24,963] INFO: Time: 32.059989649000045; Encoder Angle: 99.66796875;
[2026-05-11 05:51:24,973] INFO: Time: 32.07005814200011; Encoder Angle: 99.73388671875;
[2026-05-11 05:51:24,983] INFO: Time: 32.08012404300007; Encoder Angle: 99.68994140625;
[2026-05-11 05:51:24,994] INFO: Time: 32.090192259000105; Encoder Angle: 99.7119140625;
[2026-05-11 05:51:25,004] INFO: Time: 32.10025573400003; Encoder Angle: 99.7119140625;
[2026-05-11 05:51:25,014] INFO: Time: 32.11031991200002; Encoder Angle: 99.66796875;
[2026-05-11 05:51:25,024] INFO: Time: 32.12039103500001; Encoder Angle: 99.73388671875;
[2026-05-11 05:51:25,034] INFO: Time: 32.13046117700014; Encoder Angle: 99.66796875;
[2026-05-11 05:51:25,044] INFO: Time: 32.14052924400016; Encoder Angle: 99.7119140625;
[2026-05-11 05:51:25,054] INFO: Time: 32.150600793000194; Encoder Angle: 99.7119140625;
[2026-05-11 05:51:25,064] INFO: Time: 32.16066834200001; Encoder Angle: 99.66796875;
[2026-05-11 05:51:25,074] INFO: Time: 32.17074229900004; Encoder Angle: 99.68994140625;
[2026-05-11 05:51:25,084] INFO: Time: 32.180811218000144; Encoder Angle: 99.73388671875;
[2026-05-11 05:51:25,094] INFO: Time: 32.190877952000164; Encoder Angle: 99.7119140625;
[2026-05-11 05:51:25,104] INFO: Time: 32.20094992700001; Encoder Angle: 99.66796875;
[2026-05-11 05:51:25,114] INFO: Time: 32.21101825400001; Encoder Angle: 99.68994140625;
[2026-05-11 05:51:25,124] INFO: Time: 32.221085581000125; Encoder Angle: 99.66796875;
[2026-05-11 05:51:25,134] INFO: Time: 32.231151500000124; Encoder Angle: 99.68994140625;
[2026-05-11 05:51:25,145] INFO: Time: 32.24122356800012; Encoder Angle: 99.66796875;
[2026-05-11 05:51:25,155] INFO: Time: 32.2512973580001; Encoder Angle: 99.73388671875;
[2026-05-11 05:51:25,165] INFO: Time: 32.26136524000003; Encoder Angle: 99.7119140625;
[2026-05-11 05:51:25,175] INFO: Time: 32.271433289000015; Encoder Angle: 99.68994140625;
[2026-05-11 05:51:25,185] INFO: Time: 32.28150728200012; Encoder Angle: 99.68994140625;
[2026-05-11 05:51:25,195] INFO: Time: 32.29157427600012; Encoder Angle: 99.66796875;
[2026-05-11 05:51:25,205] INFO: Time: 32.30164343600018; Encoder Angle: 99.66796875;
[2026-05-11 05:51:25,215] INFO: Time: 32.31171598500009; Encoder Angle: 99.73388671875;
[2026-05-11 05:51:25,225] INFO: Time: 32.321793738; Encoder Angle: 99.7119140625;
[2026-05-11 05:51:25,235] INFO: Time: 32.3318626570001; Encoder Angle: 99.68994140625;
[2026-05-11 05:51:25,245] INFO: Time: 32.341933873000016; Encoder Angle: 99.7119140625;
[2026-05-11 05:51:25,256] INFO: Time: 32.35233262700012; Encoder Angle: 99.7119140625;
[2026-05-11 05:51:25,266] INFO: Time: 32.36240706500007; Encoder Angle: 99.7119140625;
[2026-05-11 05:51:25,276] INFO: Time: 32.37248035500011; Encoder Angle: 99.73388671875;
[2026-05-11 05:51:25,286] INFO: Time: 32.38255051500005; Encoder Angle: 99.7119140625;
[2026-05-11 05:51:25,296] INFO: Time: 32.39262211900018; Encoder Angle: 99.68994140625;
[2026-05-11 05:51:25,306] INFO: Time: 32.40269792800018; Encoder Angle: 99.66796875;
[2026-05-11 05:51:25,316] INFO: Time: 32.41276893999998; Encoder Angle: 99.755859375;
[2026-05-11 05:51:25,326] INFO: Time: 32.42284517400003; Encoder Angle: 99.68994140625;
[2026-05-11 05:51:25,336] INFO: Time: 32.43292014899998; Encoder Angle: 99.68994140625;
[2026-05-11 05:51:25,346] INFO: Time: 32.44298967899999; Encoder Angle: 99.73388671875;
[2026-05-11 05:51:25,356] INFO: Time: 32.45305643200004; Encoder Angle: 99.73388671875;
[2026-05-11 05:51:25,367] INFO: Time: 32.46329607400003; Encoder Angle: 99.7119140625;
[2026-05-11 05:51:25,377] INFO: Time: 32.473379438000165; Encoder Angle: 99.73388671875;
[2026-05-11 05:51:25,387] INFO: Time: 32.48345578300018; Encoder Angle: 99.7119140625;
[2026-05-11 05:51:25,397] INFO: Time: 32.493530184000065; Encoder Angle: 99.755859375;
[2026-05-11 05:51:25,407] INFO: Time: 32.50360162200013; Encoder Angle: 99.73388671875;
[2026-05-11 05:51:25,417] INFO: Time: 32.51367217100005; Encoder Angle: 99.68994140625;
[2026-05-11 05:51:25,427] INFO: Time: 32.523744350000015; Encoder Angle: 99.7119140625;
[2026-05-11 05:51:25,437] INFO: Time: 32.53381593600011; Encoder Angle: 99.755859375;
[2026-05-11 05:51:25,447] INFO: Time: 32.54388376300017; Encoder Angle: 99.7119140625;
[2026-05-11 05:51:25,457] INFO: Time: 32.55395399700001; Encoder Angle: 99.7119140625;
[2026-05-11 05:51:25,467] INFO: Time: 32.564020805000155; Encoder Angle: 99.73388671875;
[2026-05-11 05:51:25,477] INFO: Time: 32.57409179900014; Encoder Angle: 99.755859375;
[2026-05-11 05:51:25,488] INFO: Time: 32.584245495999994; Encoder Angle: 99.68994140625;
[2026-05-11 05:51:25,498] INFO: Time: 32.59431534100008; Encoder Angle: 99.7119140625;
[2026-05-11 05:51:25,508] INFO: Time: 32.6043838720002; Encoder Angle: 99.7119140625;
[2026-05-11 05:51:25,518] INFO: Time: 32.614454699000134; Encoder Angle: 99.73388671875;
[2026-05-11 05:51:25,528] INFO: Time: 32.62452487700011; Encoder Angle: 99.7119140625;
[2026-05-11 05:51:25,538] INFO: Time: 32.634594592999974; Encoder Angle: 99.66796875;
[2026-05-11 05:51:25,548] INFO: Time: 32.64465980900013; Encoder Angle: 99.68994140625;
[2026-05-11 05:51:25,558] INFO: Time: 32.65473156100006; Encoder Angle: 99.68994140625;
[2026-05-11 05:51:25,568] INFO: Time: 32.66480009200018; Encoder Angle: 99.68994140625;
[2026-05-11 05:51:25,578] INFO: Time: 32.67486801100017; Encoder Angle: 99.68994140625;
[2026-05-11 05:51:25,588] INFO: Time: 32.68493715300019; Encoder Angle: 99.755859375;
[2026-05-11 05:51:25,598] INFO: Time: 32.69500303500013; Encoder Angle: 99.7119140625;
[2026-05-11 05:51:25,608] INFO: Time: 32.70507299100018; Encoder Angle: 99.7119140625;
[2026-05-11 05:51:25,618] INFO: Time: 32.71514263300014; Encoder Angle: 99.755859375;
[2026-05-11 05:51:25,629] INFO: Time: 32.72520957100005; Encoder Angle: 99.7119140625;
[2026-05-11 05:51:25,639] INFO: Time: 32.73528300900011; Encoder Angle: 99.68994140625;
[2026-05-11 05:51:25,649] INFO: Time: 32.74535074300002; Encoder Angle: 99.68994140625;
[2026-05-11 05:51:25,659] INFO: Time: 32.755419699000186; Encoder Angle: 99.7119140625;
[2026-05-11 05:51:25,669] INFO: Time: 32.76549023000007; Encoder Angle: 99.73388671875;
[2026-05-11 05:51:25,679] INFO: Time: 32.77555655700007; Encoder Angle: 99.68994140625;
[2026-05-11 05:51:25,689] INFO: Time: 32.785626254000135; Encoder Angle: 99.7119140625;
[2026-05-11 05:51:25,699] INFO: Time: 32.79569265500004; Encoder Angle: 99.7119140625;
[2026-05-11 05:51:25,709] INFO: Time: 32.80576161099998; Encoder Angle: 99.73388671875;
[2026-05-11 05:51:25,719] INFO: Time: 32.81583143800003; Encoder Angle: 99.68994140625;
[2026-05-11 05:51:25,729] INFO: Time: 32.82589907900001; Encoder Angle: 99.68994140625;
[2026-05-11 05:51:25,739] INFO: Time: 32.83597816600013; Encoder Angle: 99.755859375;
[2026-05-11 05:51:25,749] INFO: Time: 32.84605210300015; Encoder Angle: 99.73388671875;
[2026-05-11 05:51:25,760] INFO: Time: 32.856136560000095; Encoder Angle: 99.73388671875;
[2026-05-11 05:51:25,770] INFO: Time: 32.86621118300013; Encoder Angle: 99.7119140625;
[2026-05-11 05:51:25,780] INFO: Time: 32.87628569499998; Encoder Angle: 99.66796875;
[2026-05-11 05:51:25,790] INFO: Time: 32.886354281000195; Encoder Angle: 99.68994140625;
[2026-05-11 05:51:25,800] INFO: Time: 32.896420960000114; Encoder Angle: 99.77783203125;
[2026-05-11 05:51:25,810] INFO: Time: 32.90649076800014; Encoder Angle: 99.77783203125;
[2026-05-11 05:51:25,820] INFO: Time: 32.916576391000035; Encoder Angle: 99.7119140625;
[2026-05-11 05:51:25,830] INFO: Time: 32.9266428840001; Encoder Angle: 99.7119140625;
[2026-05-11 05:51:25,840] INFO: Time: 32.93672873000014; Encoder Angle: 99.7119140625;
[2026-05-11 05:51:25,850] INFO: Time: 32.94680803799997; Encoder Angle: 99.7119140625;
[2026-05-11 05:51:25,860] INFO: Time: 32.956882939000025; Encoder Angle: 99.755859375;
[2026-05-11 05:51:25,870] INFO: Time: 32.96695756200006; Encoder Angle: 99.755859375;
[2026-05-11 05:51:25,880] INFO: Time: 32.977030296000066; Encoder Angle: 99.77783203125;
[2026-05-11 05:51:25,890] INFO: Time: 32.98710216000018; Encoder Angle: 99.73388671875;
[2026-05-11 05:51:25,901] INFO: Time: 32.99717200500004; Encoder Angle: 99.77783203125;
[2026-05-11 05:51:25,911] INFO: Time: 33.00724379500002; Encoder Angle: 99.7998046875;
[2026-05-11 05:51:25,921] INFO: Time: 33.017312362999974; Encoder Angle: 99.7998046875;
[2026-05-11 05:51:25,931] INFO: Time: 33.02738242999999; Encoder Angle: 99.82177734375;
[2026-05-11 05:51:25,941] INFO: Time: 33.037451590000046; Encoder Angle: 99.86572265625;
[2026-05-11 05:51:25,951] INFO: Time: 33.04751951000003; Encoder Angle: 99.86572265625;
[2026-05-11 05:51:25,961] INFO: Time: 33.05758602200012; Encoder Angle: 99.82177734375;
[2026-05-11 05:51:25,971] INFO: Time: 33.06765536700004; Encoder Angle: 99.86572265625;
[2026-05-11 05:51:25,981] INFO: Time: 33.07772423100005; Encoder Angle: 99.86572265625;
[2026-05-11 05:51:25,991] INFO: Time: 33.087789465000014; Encoder Angle: 99.8876953125;
[2026-05-11 05:51:26,001] INFO: Time: 33.097857014000056; Encoder Angle: 99.90966796875;
[2026-05-11 05:51:26,011] INFO: Time: 33.10792339600016; Encoder Angle: 99.86572265625;
[2026-05-11 05:51:26,021] INFO: Time: 33.11799329700011; Encoder Angle: 99.931640625;
[2026-05-11 05:51:26,031] INFO: Time: 33.128058494000015; Encoder Angle: 99.86572265625;
[2026-05-11 05:51:26,041] INFO: Time: 33.13812621000011; Encoder Angle: 99.931640625;
[2026-05-11 05:51:26,052] INFO: Time: 33.148199277; Encoder Angle: 99.90966796875;
[2026-05-11 05:51:26,062] INFO: Time: 33.15826758600019; Encoder Angle: 99.9755859375;
[2026-05-11 05:51:26,072] INFO: Time: 33.16833683800019; Encoder Angle: 99.931640625;
[2026-05-11 05:51:26,082] INFO: Time: 33.17840836900018; Encoder Angle: 99.931640625;
[2026-05-11 05:51:26,092] INFO: Time: 33.188478066000016; Encoder Angle: 99.8876953125;
[2026-05-11 05:51:26,102] INFO: Time: 33.19854820800015; Encoder Angle: 99.8876953125;
[2026-05-11 05:51:26,112] INFO: Time: 33.20861409000008; Encoder Angle: 99.931640625;
[2026-05-11 05:51:26,122] INFO: Time: 33.218683602000056; Encoder Angle: 99.8876953125;
[2026-05-11 05:51:26,132] INFO: Time: 33.22875337300002; Encoder Angle: 99.90966796875;
[2026-05-11 05:51:26,142] INFO: Time: 33.23882181099998; Encoder Angle: 99.90966796875;
[2026-05-11 05:51:26,152] INFO: Time: 33.24889139700008; Encoder Angle: 99.931640625;
[2026-05-11 05:51:26,162] INFO: Time: 33.258956761000036; Encoder Angle: 99.95361328125;
[2026-05-11 05:51:26,172] INFO: Time: 33.26902240200002; Encoder Angle: 99.8876953125;
[2026-05-11 05:51:26,182] INFO: Time: 33.27908974800016; Encoder Angle: 99.95361328125;
[2026-05-11 05:51:26,192] INFO: Time: 33.28915674100017; Encoder Angle: 99.90966796875;
[2026-05-11 05:51:26,203] INFO: Time: 33.29922241999998; Encoder Angle: 99.931640625;
[2026-05-11 05:51:26,213] INFO: Time: 33.30928994999999; Encoder Angle: 99.931640625;
[2026-05-11 05:51:26,223] INFO: Time: 33.31936192500007; Encoder Angle: 99.90966796875;
[2026-05-11 05:51:26,233] INFO: Time: 33.329429011; Encoder Angle: 99.931640625;
[2026-05-11 05:51:26,243] INFO: Time: 33.33950756000013; Encoder Angle: 99.931640625;
[2026-05-11 05:51:26,253] INFO: Time: 33.349579404999986; Encoder Angle: 99.8876953125;
[2026-05-11 05:51:26,263] INFO: Time: 33.35981158499999; Encoder Angle: 99.9755859375;
[2026-05-11 05:51:26,273] INFO: Time: 33.369889578000084; Encoder Angle: 99.95361328125;
[2026-05-11 05:51:26,283] INFO: Time: 33.37996396100016; Encoder Angle: 99.90966796875;
[2026-05-11 05:51:26,293] INFO: Time: 33.39003728700004; Encoder Angle: 99.95361328125;
[2026-05-11 05:51:26,303] INFO: Time: 33.400107744000024; Encoder Angle: 99.931640625;
[2026-05-11 05:51:26,314] INFO: Time: 33.410173830000076; Encoder Angle: 99.99755859375;
[2026-05-11 05:51:26,324] INFO: Time: 33.42024280500004; Encoder Angle: 99.90966796875;
[2026-05-11 05:51:26,334] INFO: Time: 33.43031157600012; Encoder Angle: 99.90966796875;
[2026-05-11 05:51:26,344] INFO: Time: 33.44038138400015; Encoder Angle: 99.95361328125;
[2026-05-11 05:51:26,354] INFO: Time: 33.4504726560001; Encoder Angle: 99.931640625;
[2026-05-11 05:51:26,364] INFO: Time: 33.460562223000125; Encoder Angle: 99.95361328125;
[2026-05-11 05:51:26,374] INFO: Time: 33.47063719800008; Encoder Angle: 99.931640625;
[2026-05-11 05:51:26,384] INFO: Time: 33.4807056730001; Encoder Angle: 99.90966796875;
[2026-05-11 05:51:26,394] INFO: Time: 33.4907752040001; Encoder Angle: 99.931640625;
[2026-05-11 05:51:26,404] INFO: Time: 33.50084164100008; Encoder Angle: 99.931640625;
[2026-05-11 05:51:26,414] INFO: Time: 33.51091096800019; Encoder Angle: 99.8876953125;
[2026-05-11 05:51:26,424] INFO: Time: 33.52098022100017; Encoder Angle: 99.90966796875;
[2026-05-11 05:51:26,434] INFO: Time: 33.53104799200014; Encoder Angle: 99.95361328125;
[2026-05-11 05:51:26,444] INFO: Time: 33.54111344800003; Encoder Angle: 99.95361328125;
[2026-05-11 05:51:26,455] INFO: Time: 33.55118631200003; Encoder Angle: 99.95361328125;
[2026-05-11 05:51:26,465] INFO: Time: 33.56126078700004; Encoder Angle: 99.90966796875;
[2026-05-11 05:51:26,475] INFO: Time: 33.57133185500015; Encoder Angle: 99.90966796875;
[2026-05-11 05:51:26,485] INFO: Time: 33.581401367000126; Encoder Angle: 99.90966796875;
[2026-05-11 05:51:26,495] INFO: Time: 33.59146656400003; Encoder Angle: 99.931640625;
[2026-05-11 05:51:26,505] INFO: Time: 33.60153387200012; Encoder Angle: 99.931640625;
[2026-05-11 05:51:26,515] INFO: Time: 33.61159823600019; Encoder Angle: 99.86572265625;
[2026-05-11 05:51:26,525] INFO: Time: 33.62166874800005; Encoder Angle: 99.931640625;
[2026-05-11 05:51:26,535] INFO: Time: 33.63173561200006; Encoder Angle: 99.931640625;
[2026-05-11 05:51:26,545] INFO: Time: 33.64180212400015; Encoder Angle: 99.9755859375;
[2026-05-11 05:51:26,555] INFO: Time: 33.65186945000005; Encoder Angle: 99.9755859375;
[2026-05-11 05:51:26,565] INFO: Time: 33.66193949900003; Encoder Angle: 99.9755859375;
[2026-05-11 05:51:26,575] INFO: Time: 33.67200551100018; Encoder Angle: 99.90966796875;
[2026-05-11 05:51:26,585] INFO: Time: 33.68208543100013; Encoder Angle: 99.931640625;
[2026-05-11 05:51:26,595] INFO: Time: 33.69215042400015; Encoder Angle: 99.95361328125;
[2026-05-11 05:51:26,606] INFO: Time: 33.70221519500001; Encoder Angle: 99.931640625;
[2026-05-11 05:51:26,616] INFO: Time: 33.71228750400019; Encoder Angle: 99.931640625;
[2026-05-11 05:51:26,626] INFO: Time: 33.722353423000186; Encoder Angle: 99.931640625;
[2026-05-11 05:51:26,636] INFO: Time: 33.73242510199998; Encoder Angle: 99.931640625;
[2026-05-11 05:51:26,646] INFO: Time: 33.74249413200005; Encoder Angle: 99.86572265625;
[2026-05-11 05:51:26,656] INFO: Time: 33.75256471800003; Encoder Angle: 99.931640625;
[2026-05-11 05:51:26,666] INFO: Time: 33.762632304000135; Encoder Angle: 99.931640625;
[2026-05-11 05:51:26,676] INFO: Time: 33.77269792700008; Encoder Angle: 99.95361328125;
[2026-05-11 05:51:26,686] INFO: Time: 33.78277112400019; Encoder Angle: 99.90966796875;
[2026-05-11 05:51:26,696] INFO: Time: 33.79283715500014; Encoder Angle: 99.90966796875;
[2026-05-11 05:51:26,706] INFO: Time: 33.80290314800004; Encoder Angle: 99.90966796875;
[2026-05-11 05:51:26,716] INFO: Time: 33.812968456000135; Encoder Angle: 99.95361328125;
[2026-05-11 05:51:26,726] INFO: Time: 33.82304061700006; Encoder Angle: 99.931640625;
[2026-05-11 05:51:26,736] INFO: Time: 33.83310585100003; Encoder Angle: 99.90966796875;
[2026-05-11 05:51:26,747] INFO: Time: 33.843183881000186; Encoder Angle: 99.9755859375;
[2026-05-11 05:51:26,757] INFO: Time: 33.85325978200012; Encoder Angle: 99.931640625;
[2026-05-11 05:51:26,767] INFO: Time: 33.86333022000008; Encoder Angle: 99.95361328125;
[2026-05-11 05:51:26,777] INFO: Time: 33.87341547300002; Encoder Angle: 99.95361328125;
[2026-05-11 05:51:26,787] INFO: Time: 33.88349302200004; Encoder Angle: 99.931640625;
[2026-05-11 05:51:26,797] INFO: Time: 33.8935634410002; Encoder Angle: 99.931640625;
[2026-05-11 05:51:26,807] INFO: Time: 33.90363010100009; Encoder Angle: 99.86572265625;
[2026-05-11 05:51:26,817] INFO: Time: 33.91370500200014; Encoder Angle: 99.95361328125;
[2026-05-11 05:51:26,827] INFO: Time: 33.923773514000004; Encoder Angle: 99.90966796875;
[2026-05-11 05:51:26,837] INFO: Time: 33.93384341500018; Encoder Angle: 99.90966796875;
[2026-05-11 05:51:26,847] INFO: Time: 33.94391200100017; Encoder Angle: 99.90966796875;
[2026-05-11 05:51:26,857] INFO: Time: 33.953988550000076; Encoder Angle: 99.8876953125;
[2026-05-11 05:51:26,867] INFO: Time: 33.96406191400001; Encoder Angle: 99.8876953125;
[2026-05-11 05:51:26,877] INFO: Time: 33.97413201800009; Encoder Angle: 99.9755859375;
[2026-05-11 05:51:26,888] INFO: Time: 33.984198956; Encoder Angle: 99.90966796875;
[2026-05-11 05:51:26,898] INFO: Time: 33.99428726500014; Encoder Angle: 99.90966796875;
[2026-05-11 05:51:26,908] INFO: Time: 34.00436668400016; Encoder Angle: 99.8876953125;
[2026-05-11 05:51:26,918] INFO: Time: 34.01444014000003; Encoder Angle: 99.8876953125;
[2026-05-11 05:51:26,928] INFO: Time: 34.02451076400007; Encoder Angle: 99.931640625;
[2026-05-11 05:51:26,938] INFO: Time: 34.03457894200005; Encoder Angle: 99.9755859375;
[2026-05-11 05:51:26,948] INFO: Time: 34.04464888000007; Encoder Angle: 99.95361328125;
[2026-05-11 05:51:26,958] INFO: Time: 34.05471750300012; Encoder Angle: 99.95361328125;
[2026-05-11 05:51:26,968] INFO: Time: 34.064790867000056; Encoder Angle: 99.90966796875;
[2026-05-11 05:51:26,978] INFO: Time: 34.07485978600016; Encoder Angle: 99.8876953125;
[2026-05-11 05:51:26,988] INFO: Time: 34.084930743000086; Encoder Angle: 99.90966796875;
[2026-05-11 05:51:26,998] INFO: Time: 34.095000217999996; Encoder Angle: 99.90966796875;
[2026-05-11 05:51:27,008] INFO: Time: 34.105070266999974; Encoder Angle: 99.931640625;
[2026-05-11 05:51:27,018] INFO: Time: 34.11513616700017; Encoder Angle: 99.8876953125;
[2026-05-11 05:51:27,029] INFO: Time: 34.12520423500018; Encoder Angle: 99.931640625;
[2026-05-11 05:51:27,039] INFO: Time: 34.13527517300008; Encoder Angle: 99.90966796875;
[2026-05-11 05:51:27,049] INFO: Time: 34.145352166000066; Encoder Angle: 99.931640625;
[2026-05-11 05:51:27,059] INFO: Time: 34.15542043800019; Encoder Angle: 99.8876953125;
[2026-05-11 05:51:27,069] INFO: Time: 34.16549157899999; Encoder Angle: 99.95361328125;
[2026-05-11 05:51:27,079] INFO: Time: 34.17555766500004; Encoder Angle: 99.931640625;
[2026-05-11 05:51:27,089] INFO: Time: 34.185627807000174; Encoder Angle: 99.90966796875;
[2026-05-11 05:51:27,099] INFO: Time: 34.195698856000035; Encoder Angle: 99.95361328125;
[2026-05-11 05:51:27,109] INFO: Time: 34.20576816400012; Encoder Angle: 99.90966796875;
[2026-05-11 05:51:27,119] INFO: Time: 34.215839380000034; Encoder Angle: 99.95361328125;
[2026-05-11 05:51:27,129] INFO: Time: 34.22590929900002; Encoder Angle: 99.931640625;
[2026-05-11 05:51:27,139] INFO: Time: 34.23597829200003; Encoder Angle: 99.9755859375;
[2026-05-11 05:51:27,149] INFO: Time: 34.246050212; Encoder Angle: 99.931640625;
[2026-05-11 05:51:27,159] INFO: Time: 34.25611851999997; Encoder Angle: 99.90966796875;
[2026-05-11 05:51:27,170] INFO: Time: 34.26618851400008; Encoder Angle: 99.8876953125;
[2026-05-11 05:51:27,180] INFO: Time: 34.27625871100008; Encoder Angle: 99.931640625;
[2026-05-11 05:51:27,190] INFO: Time: 34.28632766700002; Encoder Angle: 99.931640625;
[2026-05-11 05:51:27,200] INFO: Time: 34.29639649400019; Encoder Angle: 99.86572265625;
[2026-05-11 05:51:27,210] INFO: Time: 34.306466838999995; Encoder Angle: 99.95361328125;
[2026-05-11 05:51:27,220] INFO: Time: 34.31654007300017; Encoder Angle: 99.931640625;
[2026-05-11 05:51:27,230] INFO: Time: 34.32660682599999; Encoder Angle: 99.931640625;
[2026-05-11 05:51:27,240] INFO: Time: 34.33667565300016; Encoder Angle: 99.8876953125;
[2026-05-11 05:51:27,250] INFO: Time: 34.34675181300008; Encoder Angle: 99.90966796875;
[2026-05-11 05:51:27,260] INFO: Time: 34.35682008399999; Encoder Angle: 99.95361328125;
[2026-05-11 05:51:27,270] INFO: Time: 34.366891873999975; Encoder Angle: 99.931640625;
[2026-05-11 05:51:27,280] INFO: Time: 34.376959923000186; Encoder Angle: 99.931640625;
[2026-05-11 05:51:27,290] INFO: Time: 34.38704430500002; Encoder Angle: 99.931640625;
[2026-05-11 05:51:27,301] INFO: Time: 34.39712335400009; Encoder Angle: 99.931640625;
[2026-05-11 05:51:27,311] INFO: Time: 34.40719495899998; Encoder Angle: 99.90966796875;
[2026-05-11 05:51:27,321] INFO: Time: 34.417264749000196; Encoder Angle: 99.931640625;
[2026-05-11 05:51:27,331] INFO: Time: 34.42733511200004; Encoder Angle: 99.931640625;
[2026-05-11 05:51:27,341] INFO: Time: 34.43740351300016; Encoder Angle: 99.90966796875;
[2026-05-11 05:51:27,351] INFO: Time: 34.447468840000056; Encoder Angle: 99.8876953125;
[2026-05-11 05:51:27,361] INFO: Time: 34.45753757400007; Encoder Angle: 99.90966796875;
[2026-05-11 05:51:27,371] INFO: Time: 34.46762036400014; Encoder Angle: 99.8876953125;
[2026-05-11 05:51:27,381] INFO: Time: 34.47770196900001; Encoder Angle: 99.90966796875;
[2026-05-11 05:51:27,391] INFO: Time: 34.4877756840001; Encoder Angle: 99.931640625;
[2026-05-11 05:51:27,401] INFO: Time: 34.497843269999976; Encoder Angle: 99.86572265625;
[2026-05-11 05:51:27,411] INFO: Time: 34.50791231900007; Encoder Angle: 99.9755859375;
[2026-05-11 05:51:27,421] INFO: Time: 34.51797981300001; Encoder Angle: 99.8876953125;
[2026-05-11 05:51:27,431] INFO: Time: 34.52805023200017; Encoder Angle: 99.931640625;
[2026-05-11 05:51:27,441] INFO: Time: 34.53809367000008; Encoder Angle: 99.95361328125;
[2026-05-11 05:51:27,451] INFO: Time: 34.54816277400005; Encoder Angle: 99.931640625;
[2026-05-11 05:51:27,462] INFO: Time: 34.55823463800016; Encoder Angle: 99.95361328125;
[2026-05-11 05:51:27,472] INFO: Time: 34.568305076000115; Encoder Angle: 99.90966796875;
[2026-05-11 05:51:27,482] INFO: Time: 34.578373847000194; Encoder Angle: 99.90966796875;
[2026-05-11 05:51:27,492] INFO: Time: 34.588441841000076; Encoder Angle: 99.931640625;
[2026-05-11 05:51:27,502] INFO: Time: 34.59850842700007; Encoder Angle: 99.931640625;
[2026-05-11 05:51:27,512] INFO: Time: 34.608573605000174; Encoder Angle: 99.90966796875;
[2026-05-11 05:51:27,522] INFO: Time: 34.61864430300011; Encoder Angle: 99.8876953125;
[2026-05-11 05:51:27,532] INFO: Time: 34.62871025900017; Encoder Angle: 99.931640625;
[2026-05-11 05:51:27,542] INFO: Time: 34.63877732600008; Encoder Angle: 99.9755859375;
[2026-05-11 05:51:27,552] INFO: Time: 34.648846449000075; Encoder Angle: 99.8876953125;
[2026-05-11 05:51:27,562] INFO: Time: 34.65891173900013; Encoder Angle: 99.8876953125;
[2026-05-11 05:51:27,572] INFO: Time: 34.66898102900018; Encoder Angle: 99.8876953125;
[2026-05-11 05:51:27,582] INFO: Time: 34.6790490410001; Encoder Angle: 99.8876953125;
[2026-05-11 05:51:27,592] INFO: Time: 34.689118145000066; Encoder Angle: 99.9755859375;
[2026-05-11 05:51:27,603] INFO: Time: 34.699186343000065; Encoder Angle: 99.931640625;
[2026-05-11 05:51:27,613] INFO: Time: 34.70925331700005; Encoder Angle: 99.90966796875;
[2026-05-11 05:51:27,623] INFO: Time: 34.71932588499999; Encoder Angle: 99.931640625;
[2026-05-11 05:51:27,633] INFO: Time: 34.72939304500005; Encoder Angle: 99.90966796875;
[2026-05-11 05:51:27,643] INFO: Time: 34.739471113000036; Encoder Angle: 99.90966796875;
[2026-05-11 05:51:27,653] INFO: Time: 34.74954740200019; Encoder Angle: 99.95361328125;
[2026-05-11 05:51:27,663] INFO: Time: 34.75962247000007; Encoder Angle: 99.931640625;
[2026-05-11 05:51:27,673] INFO: Time: 34.7696915370002; Encoder Angle: 99.931640625;
[2026-05-11 05:51:27,683] INFO: Time: 34.779761235000024; Encoder Angle: 99.82177734375;
[2026-05-11 05:51:27,693] INFO: Time: 34.78983039500008; Encoder Angle: 99.931640625;
[2026-05-11 05:51:27,703] INFO: Time: 34.79990131400018; Encoder Angle: 99.90966796875;
[2026-05-11 05:51:27,713] INFO: Time: 34.80997090000005; Encoder Angle: 99.8876953125;
[2026-05-11 05:51:27,723] INFO: Time: 34.82004078199998; Encoder Angle: 99.931640625;
[2026-05-11 05:51:27,733] INFO: Time: 34.83010996100006; Encoder Angle: 99.95361328125;
[2026-05-11 05:51:27,744] INFO: Time: 34.84018286200012; Encoder Angle: 99.90966796875;
[2026-05-11 05:51:27,754] INFO: Time: 34.85025268900017; Encoder Angle: 99.8876953125;
[2026-05-11 05:51:27,764] INFO: Time: 34.860322645; Encoder Angle: 99.90966796875;
[2026-05-11 05:51:27,774] INFO: Time: 34.87039093500016; Encoder Angle: 99.931640625;
[2026-05-11 05:51:27,784] INFO: Time: 34.88045950200012; Encoder Angle: 99.8876953125;
[2026-05-11 05:51:27,794] INFO: Time: 34.89053012500017; Encoder Angle: 99.90966796875;
[2026-05-11 05:51:27,804] INFO: Time: 34.90059817400015; Encoder Angle: 99.95361328125;
[2026-05-11 05:51:27,814] INFO: Time: 34.91067057500004; Encoder Angle: 99.95361328125;
[2026-05-11 05:51:27,824] INFO: Time: 34.92073736500015; Encoder Angle: 99.95361328125;
[2026-05-11 05:51:27,834] INFO: Time: 34.93080569200015; Encoder Angle: 99.8876953125;
[2026-05-11 05:51:27,844] INFO: Time: 34.940886426000134; Encoder Angle: 99.90966796875;
[2026-05-11 05:51:27,854] INFO: Time: 34.95095847500011; Encoder Angle: 99.90966796875;
[2026-05-11 05:51:27,864] INFO: Time: 34.96102548700014; Encoder Angle: 99.8876953125;
[2026-05-11 05:51:27,874] INFO: Time: 34.97110009200014; Encoder Angle: 99.8876953125;
[2026-05-11 05:51:27,885] INFO: Time: 34.98117091800009; Encoder Angle: 99.90966796875;
[2026-05-11 05:51:27,895] INFO: Time: 34.991242801; Encoder Angle: 99.931640625;
[2026-05-11 05:51:27,905] INFO: Time: 35.00132375700014; Encoder Angle: 99.9755859375;
[2026-05-11 05:51:27,915] INFO: Time: 35.01139969500014; Encoder Angle: 99.9755859375;
[2026-05-11 05:51:27,925] INFO: Time: 35.021474244000046; Encoder Angle: 99.90966796875;
[2026-05-11 05:51:27,935] INFO: Time: 35.03154114500012; Encoder Angle: 99.95361328125;
[2026-05-11 05:51:27,945] INFO: Time: 35.041610564000166; Encoder Angle: 99.90966796875;
[2026-05-11 05:51:27,955] INFO: Time: 35.05167653900003; Encoder Angle: 99.90966796875;
[2026-05-11 05:51:27,965] INFO: Time: 35.06174497699999; Encoder Angle: 99.95361328125;
[2026-05-11 05:51:27,975] INFO: Time: 35.07181132200003; Encoder Angle: 99.90966796875;
[2026-05-11 05:51:27,985] INFO: Time: 35.08187737100002; Encoder Angle: 99.90966796875;
[2026-05-11 05:51:27,995] INFO: Time: 35.091950587000156; Encoder Angle: 99.86572265625;
[2026-05-11 05:51:28,005] INFO: Time: 35.102019932000076; Encoder Angle: 99.90966796875;
[2026-05-11 05:51:28,015] INFO: Time: 35.11209379600018; Encoder Angle: 99.931640625;
[2026-05-11 05:51:28,025] INFO: Time: 35.122161271000095; Encoder Angle: 99.9755859375;
[2026-05-11 05:51:28,036] INFO: Time: 35.132233153000016; Encoder Angle: 99.90966796875;
[2026-05-11 05:51:28,046] INFO: Time: 35.14229762800005; Encoder Angle: 99.95361328125;
[2026-05-11 05:51:28,056] INFO: Time: 35.15236339900002; Encoder Angle: 99.9755859375;
[2026-05-11 05:51:28,066] INFO: Time: 35.162433226000076; Encoder Angle: 99.90966796875;
[2026-05-11 05:51:28,076] INFO: Time: 35.17249938600003; Encoder Angle: 99.90966796875;
[2026-05-11 05:51:28,086] INFO: Time: 35.1828208070001; Encoder Angle: 99.8876953125;
[2026-05-11 05:51:28,096] INFO: Time: 35.192909078000184; Encoder Angle: 99.90966796875;
[2026-05-11 05:51:28,107] INFO: Time: 35.20342970299998; Encoder Angle: 99.8876953125;
[2026-05-11 05:51:28,117] INFO: Time: 35.21350001200017; Encoder Angle: 99.931640625;
[2026-05-11 05:51:28,127] INFO: Time: 35.22356943099999; Encoder Angle: 99.90966796875;
[2026-05-11 05:51:28,137] INFO: Time: 35.23363364700003; Encoder Angle: 99.90966796875;
[2026-05-11 05:51:28,147] INFO: Time: 35.243695862000095; Encoder Angle: 99.90966796875;
[2026-05-11 05:51:28,157] INFO: Time: 35.25375678199998; Encoder Angle: 99.931640625;
[2026-05-11 05:51:28,167] INFO: Time: 35.263819942000055; Encoder Angle: 99.90966796875;
[2026-05-11 05:51:28,177] INFO: Time: 35.27388269400012; Encoder Angle: 99.90966796875;
[2026-05-11 05:51:28,187] INFO: Time: 35.283949410000105; Encoder Angle: 99.90966796875;
[2026-05-11 05:51:28,197] INFO: Time: 35.294011959000045; Encoder Angle: 99.86572265625;
[2026-05-11 05:51:28,207] INFO: Time: 35.304074304000096; Encoder Angle: 99.931640625;
[2026-05-11 05:51:28,217] INFO: Time: 35.31413822400009; Encoder Angle: 99.931640625;
[2026-05-11 05:51:28,228] INFO: Time: 35.324202087; Encoder Angle: 99.8876953125;
[2026-05-11 05:51:28,238] INFO: Time: 35.33426669200003; Encoder Angle: 99.8876953125;
[2026-05-11 05:51:28,248] INFO: Time: 35.34432927800003; Encoder Angle: 99.95361328125;
[2026-05-11 05:51:28,258] INFO: Time: 35.35439823399997; Encoder Angle: 99.8876953125;
[2026-05-11 05:51:28,268] INFO: Time: 35.36446261700007; Encoder Angle: 99.8876953125;
[2026-05-11 05:51:28,278] INFO: Time: 35.374524517000054; Encoder Angle: 99.90966796875;
[2026-05-11 05:51:28,288] INFO: Time: 35.38459730700015; Encoder Angle: 99.95361328125;
[2026-05-11 05:51:28,298] INFO: Time: 35.39467487500019; Encoder Angle: 99.90966796875;
[2026-05-11 05:51:28,308] INFO: Time: 35.40475159000016; Encoder Angle: 99.90966796875;
[2026-05-11 05:51:28,318] INFO: Time: 35.414824399000054; Encoder Angle: 99.90966796875;
[2026-05-11 05:51:28,328] INFO: Time: 35.424894170000016; Encoder Angle: 99.86572265625;
[2026-05-11 05:51:28,338] INFO: Time: 35.4349634780001; Encoder Angle: 99.95361328125;
[2026-05-11 05:51:28,348] INFO: Time: 35.44503102700014; Encoder Angle: 99.90966796875;
[2026-05-11 05:51:28,358] INFO: Time: 35.45510159500009; Encoder Angle: 99.90966796875;
[2026-05-11 05:51:28,369] INFO: Time: 35.46517357000016; Encoder Angle: 99.931640625;
[2026-05-11 05:51:28,379] INFO: Time: 35.47525995199999; Encoder Angle: 99.931640625;
[2026-05-11 05:51:28,389] INFO: Time: 35.48533840800019; Encoder Angle: 99.95361328125;
[2026-05-11 05:51:28,399] INFO: Time: 35.49540968000019; Encoder Angle: 99.8876953125;
[2026-05-11 05:51:28,409] INFO: Time: 35.50547817300003; Encoder Angle: 99.931640625;
[2026-05-11 05:51:28,419] INFO: Time: 35.51554890700004; Encoder Angle: 99.90966796875;
[2026-05-11 05:51:28,429] INFO: Time: 35.52561749300003; Encoder Angle: 99.8876953125;
[2026-05-11 05:51:28,439] INFO: Time: 35.535687024000026; Encoder Angle: 99.8876953125;
[2026-05-11 05:51:28,449] INFO: Time: 35.54575559099999; Encoder Angle: 99.8876953125;
[2026-05-11 05:51:28,459] INFO: Time: 35.55582523300018; Encoder Angle: 99.931640625;
[2026-05-11 05:51:28,469] INFO: Time: 35.56589398599999; Encoder Angle: 99.84375;
[2026-05-11 05:51:28,479] INFO: Time: 35.57596275700007; Encoder Angle: 99.931640625;
[2026-05-11 05:51:28,489] INFO: Time: 35.586031547000175; Encoder Angle: 99.95361328125;
[2026-05-11 05:51:28,499] INFO: Time: 35.59609926200005; Encoder Angle: 99.95361328125;
[2026-05-11 05:51:28,509] INFO: Time: 35.60616594099997; Encoder Angle: 99.90966796875;
[2026-05-11 05:51:28,520] INFO: Time: 35.61623458200006; Encoder Angle: 99.95361328125;
[2026-05-11 05:51:28,530] INFO: Time: 35.626302076; Encoder Angle: 99.8876953125;
[2026-05-11 05:51:28,540] INFO: Time: 35.63637116200016; Encoder Angle: 99.8876953125;
[2026-05-11 05:51:28,550] INFO: Time: 35.646437933000016; Encoder Angle: 99.90966796875;
[2026-05-11 05:51:28,560] INFO: Time: 35.65650481500006; Encoder Angle: 99.931640625;
[2026-05-11 05:51:28,570] INFO: Time: 35.666576790000136; Encoder Angle: 99.931640625;
[2026-05-11 05:51:28,580] INFO: Time: 35.67664491300002; Encoder Angle: 99.90966796875;
[2026-05-11 05:51:28,590] INFO: Time: 35.68671324000002; Encoder Angle: 99.8876953125;
[2026-05-11 05:51:28,600] INFO: Time: 35.696782530000064; Encoder Angle: 99.9755859375;
[2026-05-11 05:51:28,610] INFO: Time: 35.70684993100008; Encoder Angle: 99.86572265625;
[2026-05-11 05:51:28,620] INFO: Time: 35.71692012800008; Encoder Angle: 99.90966796875;
[2026-05-11 05:51:28,630] INFO: Time: 35.726991232000046; Encoder Angle: 99.90966796875;
[2026-05-11 05:51:28,640] INFO: Time: 35.73706035500004; Encoder Angle: 99.8876953125;
[2026-05-11 05:51:28,650] INFO: Time: 35.74713044100008; Encoder Angle: 99.90966796875;
[2026-05-11 05:51:28,661] INFO: Time: 35.75719891600011; Encoder Angle: 99.90966796875;
[2026-05-11 05:51:28,671] INFO: Time: 35.76727000200003; Encoder Angle: 99.86572265625;
[2026-05-11 05:51:28,681] INFO: Time: 35.77733788500018; Encoder Angle: 99.931640625;
[2026-05-11 05:51:28,691] INFO: Time: 35.78740652600004; Encoder Angle: 99.90966796875;
[2026-05-11 05:51:28,701] INFO: Time: 35.797475964000114; Encoder Angle: 99.931640625;
[2026-05-11 05:51:28,711] INFO: Time: 35.807546254000044; Encoder Angle: 99.86572265625;
[2026-05-11 05:51:28,721] INFO: Time: 35.81761382100012; Encoder Angle: 99.90966796875;
[2026-05-11 05:51:28,731] INFO: Time: 35.827683019000006; Encoder Angle: 99.931640625;
[2026-05-11 05:51:28,741] INFO: Time: 35.83775410500016; Encoder Angle: 99.90966796875;
[2026-05-11 05:51:28,751] INFO: Time: 35.84782317200006; Encoder Angle: 99.90966796875;
[2026-05-11 05:51:28,761] INFO: Time: 35.857908036000026; Encoder Angle: 99.90966796875;
[2026-05-11 05:51:28,771] INFO: Time: 35.867981363000126; Encoder Angle: 99.8876953125;
[2026-05-11 05:51:28,781] INFO: Time: 35.87806259700005; Encoder Angle: 99.90966796875;
[2026-05-11 05:51:28,791] INFO: Time: 35.88813027600008; Encoder Angle: 99.8876953125;
[2026-05-11 05:51:28,802] INFO: Time: 35.898204047000036; Encoder Angle: 99.90966796875;
[2026-05-11 05:51:28,812] INFO: Time: 35.90827067000009; Encoder Angle: 99.90966796875;
[2026-05-11 05:51:28,822] INFO: Time: 35.91833716300016; Encoder Angle: 99.90966796875;
[2026-05-11 05:51:28,832] INFO: Time: 35.92840402700017; Encoder Angle: 99.90966796875;
[2026-05-11 05:51:28,842] INFO: Time: 35.93848098400008; Encoder Angle: 99.90966796875;
[2026-05-11 05:51:28,852] INFO: Time: 35.94854582900007; Encoder Angle: 99.931640625;
[2026-05-11 05:51:28,862] INFO: Time: 35.958609656000135; Encoder Angle: 99.90966796875;
[2026-05-11 05:51:28,872] INFO: Time: 35.9686723530001; Encoder Angle: 99.90966796875;
[2026-05-11 05:51:28,884] INFO: Time: 35.980145223000136; Encoder Angle: 99.8876953125;
[2026-05-11 05:51:28,894] INFO: Time: 35.9902136610001; Encoder Angle: 99.90966796875;
[2026-05-11 05:51:28,904] INFO: Time: 36.0002831180002; Encoder Angle: 99.9755859375;
[2026-05-11 05:51:28,914] INFO: Time: 36.010352426000054; Encoder Angle: 99.86572265625;
[2026-05-11 05:51:28,924] INFO: Time: 36.02041753000003; Encoder Angle: 99.90966796875;
[2026-05-11 05:51:28,934] INFO: Time: 36.03048369099997; Encoder Angle: 99.90966796875;
[2026-05-11 05:51:28,944] INFO: Time: 36.04055105400016; Encoder Angle: 99.90966796875;
[2026-05-11 05:51:28,954] INFO: Time: 36.050617251000176; Encoder Angle: 99.931640625;
[2026-05-11 05:51:28,964] INFO: Time: 36.06068554100011; Encoder Angle: 99.90966796875;
[2026-05-11 05:51:28,974] INFO: Time: 36.070751998000105; Encoder Angle: 99.90966796875;
[2026-05-11 05:51:28,984] INFO: Time: 36.08082097300007; Encoder Angle: 99.8876953125;
[2026-05-11 05:51:28,994] INFO: Time: 36.09088735500018; Encoder Angle: 99.90966796875;
[2026-05-11 05:51:29,004] INFO: Time: 36.10095586700004; Encoder Angle: 99.931640625;
[2026-05-11 05:51:29,014] INFO: Time: 36.11102345300014; Encoder Angle: 99.86572265625;
[2026-05-11 05:51:29,024] INFO: Time: 36.121088668000084; Encoder Angle: 99.931640625;
[2026-05-11 05:51:29,034] INFO: Time: 36.131154699000035; Encoder Angle: 99.90966796875;
[2026-05-11 05:51:29,045] INFO: Time: 36.141220229000055; Encoder Angle: 99.8876953125;
[2026-05-11 05:51:29,055] INFO: Time: 36.15128642600007; Encoder Angle: 99.86572265625;
[2026-05-11 05:51:29,065] INFO: Time: 36.16135201200018; Encoder Angle: 99.8876953125;
[2026-05-11 05:51:29,075] INFO: Time: 36.17141924700013; Encoder Angle: 99.931640625;
[2026-05-11 05:51:29,085] INFO: Time: 36.181488055000045; Encoder Angle: 99.86572265625;
[2026-05-11 05:51:29,095] INFO: Time: 36.19155501099999; Encoder Angle: 99.90966796875;
[2026-05-11 05:51:29,105] INFO: Time: 36.20162587499999; Encoder Angle: 99.8876953125;
[2026-05-11 05:51:29,115] INFO: Time: 36.211708313000145; Encoder Angle: 99.95361328125;
[2026-05-11 05:51:29,125] INFO: Time: 36.221785232; Encoder Angle: 99.95361328125;
[2026-05-11 05:51:29,135] INFO: Time: 36.23185615200009; Encoder Angle: 99.931640625;
[2026-05-11 05:51:29,145] INFO: Time: 36.24192662700011; Encoder Angle: 99.8876953125;
[2026-05-11 05:51:29,155] INFO: Time: 36.251993416000005; Encoder Angle: 99.84375;
[2026-05-11 05:51:29,165] INFO: Time: 36.262061669000104; Encoder Angle: 99.90966796875;
[2026-05-11 05:51:29,175] INFO: Time: 36.27212923700017; Encoder Angle: 99.86572265625;
[2026-05-11 05:51:29,186] INFO: Time: 36.282195711999975; Encoder Angle: 99.8876953125;
[2026-05-11 05:51:29,196] INFO: Time: 36.292263205000154; Encoder Angle: 99.86572265625;
[2026-05-11 05:51:29,206] INFO: Time: 36.30233131; Encoder Angle: 99.8876953125;
[2026-05-11 05:51:29,216] INFO: Time: 36.31239898800004; Encoder Angle: 99.931640625;
[2026-05-11 05:51:29,226] INFO: Time: 36.3224648150001; Encoder Angle: 99.95361328125;
[2026-05-11 05:51:29,236] INFO: Time: 36.33253417900005; Encoder Angle: 99.8876953125;
[2026-05-11 05:51:29,246] INFO: Time: 36.342602080000006; Encoder Angle: 99.8876953125;
[2026-05-11 05:51:29,256] INFO: Time: 36.35266901700015; Encoder Angle: 99.9755859375;
[2026-05-11 05:51:29,266] INFO: Time: 36.36274188100015; Encoder Angle: 99.86572265625;
[2026-05-11 05:51:29,276] INFO: Time: 36.37280841200004; Encoder Angle: 99.931640625;
[2026-05-11 05:51:29,286] INFO: Time: 36.38287670099999; Encoder Angle: 99.84375;
[2026-05-11 05:51:29,296] INFO: Time: 36.39294332400004; Encoder Angle: 99.8876953125;
[2026-05-11 05:51:29,306] INFO: Time: 36.40302455900019; Encoder Angle: 99.95361328125;
[2026-05-11 05:51:29,316] INFO: Time: 36.41310460800014; Encoder Angle: 99.8876953125;
[2026-05-11 05:51:29,327] INFO: Time: 36.423172841999985; Encoder Angle: 99.931640625;
[2026-05-11 05:51:29,337] INFO: Time: 36.43324837199998; Encoder Angle: 99.84375;
[2026-05-11 05:51:29,347] INFO: Time: 36.44331762500019; Encoder Angle: 99.90966796875;
[2026-05-11 05:51:29,357] INFO: Time: 36.45338432200015; Encoder Angle: 99.8876953125;
[2026-05-11 05:51:29,367] INFO: Time: 36.46345087100008; Encoder Angle: 99.931640625;
[2026-05-11 05:51:29,377] INFO: Time: 36.47352021699999; Encoder Angle: 99.8876953125;
[2026-05-11 05:51:29,387] INFO: Time: 36.4835960800001; Encoder Angle: 99.8876953125;
[2026-05-11 05:51:29,397] INFO: Time: 36.49368103699999; Encoder Angle: 99.9755859375;
[2026-05-11 05:51:29,407] INFO: Time: 36.503763918999994; Encoder Angle: 99.90966796875;
[2026-05-11 05:51:29,417] INFO: Time: 36.51383344999999; Encoder Angle: 99.931640625;
[2026-05-11 05:51:29,427] INFO: Time: 36.52390527600005; Encoder Angle: 99.95361328125;
[2026-05-11 05:51:29,437] INFO: Time: 36.53397289999998; Encoder Angle: 99.8876953125;
[2026-05-11 05:51:29,447] INFO: Time: 36.54403970800013; Encoder Angle: 99.8876953125;
[2026-05-11 05:51:29,457] INFO: Time: 36.554106275000095; Encoder Angle: 99.8876953125;
[2026-05-11 05:51:29,468] INFO: Time: 36.56417684300004; Encoder Angle: 99.90966796875;
[2026-05-11 05:51:29,478] INFO: Time: 36.5742433920002; Encoder Angle: 99.931640625;
[2026-05-11 05:51:29,488] INFO: Time: 36.58431033000011; Encoder Angle: 99.9755859375;
[2026-05-11 05:51:29,498] INFO: Time: 36.59437774900016; Encoder Angle: 99.90966796875;
[2026-05-11 05:51:29,508] INFO: Time: 36.604446112999995; Encoder Angle: 99.8876953125;
[2026-05-11 05:51:29,518] INFO: Time: 36.614515772999994; Encoder Angle: 99.8876953125;
[2026-05-11 05:51:29,528] INFO: Time: 36.624582692000104; Encoder Angle: 99.8876953125;
[2026-05-11 05:51:29,538] INFO: Time: 36.63465179700006; Encoder Angle: 99.8876953125;
[2026-05-11 05:51:29,548] INFO: Time: 36.644722752999996; Encoder Angle: 99.86572265625;
[2026-05-11 05:51:29,558] INFO: Time: 36.65479078400017; Encoder Angle: 99.95361328125;
[2026-05-11 05:51:29,568] INFO: Time: 36.66485931400007; Encoder Angle: 99.90966796875;
[2026-05-11 05:51:29,578] INFO: Time: 36.67492503000017; Encoder Angle: 99.90966796875;
[2026-05-11 05:51:29,588] INFO: Time: 36.68499028200017; Encoder Angle: 99.90966796875;
[2026-05-11 05:51:29,598] INFO: Time: 36.695056554000075; Encoder Angle: 99.931640625;
[2026-05-11 05:51:29,608] INFO: Time: 36.70512565800004; Encoder Angle: 99.931640625;
[2026-05-11 05:51:29,619] INFO: Time: 36.715192874000195; Encoder Angle: 99.931640625;
[2026-05-11 05:51:29,629] INFO: Time: 36.725265145000094; Encoder Angle: 99.90966796875;
[2026-05-11 05:51:29,639] INFO: Time: 36.7353314720001; Encoder Angle: 99.90966796875;
[2026-05-11 05:51:29,649] INFO: Time: 36.74540202100002; Encoder Angle: 99.8876953125;
[2026-05-11 05:51:29,659] INFO: Time: 36.75546827400012; Encoder Angle: 99.90966796875;
[2026-05-11 05:51:29,669] INFO: Time: 36.76553865599999; Encoder Angle: 99.84375;
[2026-05-11 05:51:29,679] INFO: Time: 36.77561007500003; Encoder Angle: 99.90966796875;
[2026-05-11 05:51:29,689] INFO: Time: 36.78567727200016; Encoder Angle: 99.931640625;
[2026-05-11 05:51:29,699] INFO: Time: 36.79574685800003; Encoder Angle: 99.90966796875;
[2026-05-11 05:51:29,709] INFO: Time: 36.80581224100001; Encoder Angle: 99.90966796875;
[2026-05-11 05:51:29,719] INFO: Time: 36.815880790000165; Encoder Angle: 99.9755859375;
[2026-05-11 05:51:29,729] INFO: Time: 36.825952987000164; Encoder Angle: 99.95361328125;
[2026-05-11 05:51:29,739] INFO: Time: 36.83602157300015; Encoder Angle: 99.8876953125;
[2026-05-11 05:51:29,749] INFO: Time: 36.84609158500007; Encoder Angle: 99.95361328125;
[2026-05-11 05:51:29,759] INFO: Time: 36.856157634000056; Encoder Angle: 99.931640625;
[2026-05-11 05:51:29,770] INFO: Time: 36.86623429400015; Encoder Angle: 99.84375;
[2026-05-11 05:51:29,780] INFO: Time: 36.87630660200011; Encoder Angle: 99.90966796875;
[2026-05-11 05:51:29,790] INFO: Time: 36.88680748700017; Encoder Angle: 99.90966796875;
[2026-05-11 05:51:29,800] INFO: Time: 36.896887461999995; Encoder Angle: 99.95361328125;
[2026-05-11 05:51:29,810] INFO: Time: 36.90696178799999; Encoder Angle: 99.86572265625;
[2026-05-11 05:51:29,820] INFO: Time: 36.917033188999994; Encoder Angle: 99.84375;
[2026-05-11 05:51:29,830] INFO: Time: 36.92710210900009; Encoder Angle: 99.90966796875;
[2026-05-11 05:51:29,840] INFO: Time: 36.937167861000034; Encoder Angle: 99.95361328125;
[2026-05-11 05:51:29,851] INFO: Time: 36.947234595000054; Encoder Angle: 99.8876953125;
[2026-05-11 05:51:29,861] INFO: Time: 36.95730097800015; Encoder Angle: 99.90966796875;
[2026-05-11 05:51:29,874] INFO: Time: 36.97013028100014; Encoder Angle: 99.90966796875;
[2026-05-11 05:51:29,884] INFO: Time: 36.980207774000064; Encoder Angle: 99.95361328125;
[2026-05-11 05:51:29,894] INFO: Time: 36.9902797310001; Encoder Angle: 99.86572265625;
[2026-05-11 05:51:29,904] INFO: Time: 37.00034950200006; Encoder Angle: 99.90966796875;
[2026-05-11 05:51:29,914] INFO: Time: 37.010420866000004; Encoder Angle: 99.90966796875;
[2026-05-11 05:51:29,924] INFO: Time: 37.020490637000194; Encoder Angle: 99.90966796875;
[2026-05-11 05:51:29,934] INFO: Time: 37.030561742000145; Encoder Angle: 99.90966796875;
[2026-05-11 05:51:29,944] INFO: Time: 37.040632865000134; Encoder Angle: 99.95361328125;
[2026-05-11 05:51:29,954] INFO: Time: 37.05070304300011; Encoder Angle: 99.90966796875;
[2026-05-11 05:51:29,964] INFO: Time: 37.060773444000006; Encoder Angle: 99.931640625;
[2026-05-11 05:51:29,974] INFO: Time: 37.070842401000164; Encoder Angle: 99.90966796875;
[2026-05-11 05:51:29,984] INFO: Time: 37.08091111600015; Encoder Angle: 99.90966796875;
[2026-05-11 05:51:29,994] INFO: Time: 37.09098207300008; Encoder Angle: 99.84375;
[2026-05-11 05:51:30,004] INFO: Time: 37.10105534400009; Encoder Angle: 99.90966796875;
[2026-05-11 05:51:30,014] INFO: Time: 37.111123374000044; Encoder Angle: 99.8876953125;
[2026-05-11 05:51:30,025] INFO: Time: 37.12119553399998; Encoder Angle: 99.90966796875;
[2026-05-11 05:51:30,035] INFO: Time: 37.13126276900016; Encoder Angle: 99.8876953125;
[2026-05-11 05:51:30,045] INFO: Time: 37.141329799000005; Encoder Angle: 99.86572265625;
[2026-05-11 05:51:30,055] INFO: Time: 37.15139623699997; Encoder Angle: 99.86572265625;
[2026-05-11 05:51:30,065] INFO: Time: 37.16146913800003; Encoder Angle: 99.86572265625;
[2026-05-11 05:51:30,075] INFO: Time: 37.17153961300005; Encoder Angle: 99.84375;
[2026-05-11 05:51:30,085] INFO: Time: 37.18160743900012; Encoder Angle: 99.931640625;
[2026-05-11 05:51:30,095] INFO: Time: 37.19167454400008; Encoder Angle: 99.95361328125;
[2026-05-11 05:51:30,105] INFO: Time: 37.20174685200004; Encoder Angle: 99.90966796875;
[2026-05-11 05:51:30,115] INFO: Time: 37.21181392000017; Encoder Angle: 99.86572265625;
[2026-05-11 05:51:30,125] INFO: Time: 37.22188987599998; Encoder Angle: 99.90966796875;
[2026-05-11 05:51:30,135] INFO: Time: 37.231959147; Encoder Angle: 99.90966796875;
[2026-05-11 05:51:30,145] INFO: Time: 37.24203532600018; Encoder Angle: 99.90966796875;
[2026-05-11 05:51:30,155] INFO: Time: 37.25210472700019; Encoder Angle: 99.86572265625;
[2026-05-11 05:51:30,166] INFO: Time: 37.262177961000134; Encoder Angle: 99.90966796875;
[2026-05-11 05:51:30,176] INFO: Time: 37.272246158000144; Encoder Angle: 99.84375;
[2026-05-11 05:51:30,186] INFO: Time: 37.282312763000164; Encoder Angle: 99.90966796875;
[2026-05-11 05:51:30,196] INFO: Time: 37.29238049700007; Encoder Angle: 99.86572265625;
[2026-05-11 05:51:30,206] INFO: Time: 37.30244587900006; Encoder Angle: 99.82177734375;
[2026-05-11 05:51:30,216] INFO: Time: 37.31251813200015; Encoder Angle: 99.8876953125;
[2026-05-11 05:51:30,226] INFO: Time: 37.3225829590001; Encoder Angle: 99.86572265625;
[2026-05-11 05:51:30,236] INFO: Time: 37.33265210000013; Encoder Angle: 99.90966796875;
[2026-05-11 05:51:30,246] INFO: Time: 37.34272216800014; Encoder Angle: 99.84375;
[2026-05-11 05:51:30,256] INFO: Time: 37.352789939000104; Encoder Angle: 99.82177734375;
[2026-05-11 05:51:30,266] INFO: Time: 37.362869932000194; Encoder Angle: 99.86572265625;
[2026-05-11 05:51:30,276] INFO: Time: 37.37294235200011; Encoder Angle: 99.90966796875;
[2026-05-11 05:51:30,286] INFO: Time: 37.3830109930002; Encoder Angle: 99.90966796875;
[2026-05-11 05:51:30,296] INFO: Time: 37.39308291300017; Encoder Angle: 99.84375;
[2026-05-11 05:51:30,307] INFO: Time: 37.403163554; Encoder Angle: 99.82177734375;
[2026-05-11 05:51:30,317] INFO: Time: 37.413241381000034; Encoder Angle: 99.84375;
[2026-05-11 05:51:30,327] INFO: Time: 37.42331531900004; Encoder Angle: 99.77783203125;
[2026-05-11 05:51:30,337] INFO: Time: 37.43338764600003; Encoder Angle: 99.82177734375;
[2026-05-11 05:51:30,347] INFO: Time: 37.443458083999985; Encoder Angle: 99.84375;
[2026-05-11 05:51:30,357] INFO: Time: 37.453526392000185; Encoder Angle: 99.84375;
[2026-05-11 05:51:30,367] INFO: Time: 37.4635952000001; Encoder Angle: 99.7998046875;
[2026-05-11 05:51:30,377] INFO: Time: 37.47366385999999; Encoder Angle: 99.755859375;
[2026-05-11 05:51:30,387] INFO: Time: 37.48374865000005; Encoder Angle: 99.7998046875;
[2026-05-11 05:51:30,397] INFO: Time: 37.493824440000026; Encoder Angle: 99.7998046875;
[2026-05-11 05:51:30,407] INFO: Time: 37.503895100000136; Encoder Angle: 99.755859375;
[2026-05-11 05:51:30,417] INFO: Time: 37.513966094000125; Encoder Angle: 99.73388671875;
[2026-05-11 05:51:30,427] INFO: Time: 37.524033087000134; Encoder Angle: 99.73388671875;
[2026-05-11 05:51:30,437] INFO: Time: 37.53410304300019; Encoder Angle: 99.73388671875;
[2026-05-11 05:51:30,448] INFO: Time: 37.544172018000154; Encoder Angle: 99.755859375;
[2026-05-11 05:51:30,458] INFO: Time: 37.554239123000116; Encoder Angle: 99.73388671875;
[2026-05-11 05:51:30,468] INFO: Time: 37.564312339000026; Encoder Angle: 99.7119140625;
[2026-05-11 05:51:30,478] INFO: Time: 37.574380536000035; Encoder Angle: 99.68994140625;
[2026-05-11 05:51:30,488] INFO: Time: 37.58445182500009; Encoder Angle: 99.68994140625;
[2026-05-11 05:51:30,498] INFO: Time: 37.594522948000076; Encoder Angle: 99.68994140625;
[2026-05-11 05:51:30,508] INFO: Time: 37.60459440500017; Encoder Angle: 99.73388671875;
[2026-05-11 05:51:30,518] INFO: Time: 37.61466197200002; Encoder Angle: 99.6240234375;
[2026-05-11 05:51:30,528] INFO: Time: 37.62473152100006; Encoder Angle: 99.68994140625;
[2026-05-11 05:51:30,538] INFO: Time: 37.634797959000025; Encoder Angle: 99.66796875;
[2026-05-11 05:51:30,548] INFO: Time: 37.64486572999999; Encoder Angle: 99.66796875;
[2026-05-11 05:51:30,558] INFO: Time: 37.654931428000054; Encoder Angle: 99.64599609375;
[2026-05-11 05:51:30,568] INFO: Time: 37.66500256900008; Encoder Angle: 99.7119140625;
[2026-05-11 05:51:30,578] INFO: Time: 37.67506928500006; Encoder Angle: 99.66796875;
[2026-05-11 05:51:30,588] INFO: Time: 37.685139760000084; Encoder Angle: 99.66796875;
[2026-05-11 05:51:30,599] INFO: Time: 37.695206049000035; Encoder Angle: 99.7119140625;
[2026-05-11 05:51:30,609] INFO: Time: 37.705274302000134; Encoder Angle: 99.66796875;
[2026-05-11 05:51:30,619] INFO: Time: 37.71534587000019; Encoder Angle: 99.66796875;
[2026-05-11 05:51:30,629] INFO: Time: 37.72541091900007; Encoder Angle: 99.6240234375;
[2026-05-11 05:51:30,639] INFO: Time: 37.73547750500006; Encoder Angle: 99.64599609375;
[2026-05-11 05:51:30,649] INFO: Time: 37.74554877600008; Encoder Angle: 99.580078125;
[2026-05-11 05:51:30,659] INFO: Time: 37.755616214000156; Encoder Angle: 99.6240234375;
[2026-05-11 05:51:30,669] INFO: Time: 37.76568776300019; Encoder Angle: 99.55810546875;
[2026-05-11 05:51:30,679] INFO: Time: 37.77575662700019; Encoder Angle: 99.5361328125;
[2026-05-11 05:51:30,689] INFO: Time: 37.78582230500001; Encoder Angle: 99.4921875;
[2026-05-11 05:51:30,699] INFO: Time: 37.79589368699999; Encoder Angle: 99.47021484375;
[2026-05-11 05:51:30,709] INFO: Time: 37.805961959000115; Encoder Angle: 99.4482421875;
[2026-05-11 05:51:30,719] INFO: Time: 37.81602919300008; Encoder Angle: 99.404296875;
[2026-05-11 05:51:30,729] INFO: Time: 37.82609448300013; Encoder Angle: 99.33837890625;
[2026-05-11 05:51:30,740] INFO: Time: 37.83616560600012; Encoder Angle: 99.404296875;
[2026-05-11 05:51:30,750] INFO: Time: 37.84623521000003; Encoder Angle: 99.3603515625;
[2026-05-11 05:51:30,760] INFO: Time: 37.85630116700008; Encoder Angle: 99.404296875;
[2026-05-11 05:51:30,770] INFO: Time: 37.86637084500012; Encoder Angle: 99.33837890625;
[2026-05-11 05:51:30,780] INFO: Time: 37.876438116000145; Encoder Angle: 99.3603515625;
[2026-05-11 05:51:30,790] INFO: Time: 37.88651390600012; Encoder Angle: 99.3603515625;
[2026-05-11 05:51:30,800] INFO: Time: 37.8965825480002; Encoder Angle: 99.38232421875;
[2026-05-11 05:51:30,810] INFO: Time: 37.906649356000116; Encoder Angle: 99.3603515625;
[2026-05-11 05:51:30,820] INFO: Time: 37.916720423000015; Encoder Angle: 99.3603515625;
[2026-05-11 05:51:30,830] INFO: Time: 37.92679860200019; Encoder Angle: 99.33837890625;
[2026-05-11 05:51:30,840] INFO: Time: 37.93687391000003; Encoder Angle: 99.33837890625;
[2026-05-11 05:51:30,850] INFO: Time: 37.94694497800015; Encoder Angle: 99.38232421875;
[2026-05-11 05:51:30,860] INFO: Time: 37.95701345300017; Encoder Angle: 99.31640625;
[2026-05-11 05:51:30,870] INFO: Time: 37.96708274299999; Encoder Angle: 99.33837890625;
[2026-05-11 05:51:30,880] INFO: Time: 37.97714734700003; Encoder Angle: 99.3603515625;
[2026-05-11 05:51:30,891] INFO: Time: 37.98721474800004; Encoder Angle: 99.3603515625;
[2026-05-11 05:51:30,901] INFO: Time: 37.99728364900011; Encoder Angle: 99.29443359375;
[2026-05-11 05:51:30,911] INFO: Time: 38.00734973500016; Encoder Angle: 99.38232421875;
[2026-05-11 05:51:30,921] INFO: Time: 38.017436062000115; Encoder Angle: 99.38232421875;
[2026-05-11 05:51:30,934] INFO: Time: 38.030152642000076; Encoder Angle: 99.404296875;
[2026-05-11 05:51:30,944] INFO: Time: 38.04026656200017; Encoder Angle: 99.3603515625;
[2026-05-11 05:51:30,954] INFO: Time: 38.05036261100008; Encoder Angle: 99.3603515625;
[2026-05-11 05:51:30,964] INFO: Time: 38.060481364; Encoder Angle: 99.42626953125;
[2026-05-11 05:51:30,978] INFO: Time: 38.07412868900019; Encoder Angle: 99.404296875;
[2026-05-11 05:51:30,988] INFO: Time: 38.08423255299999; Encoder Angle: 99.38232421875;
[2026-05-11 05:51:30,998] INFO: Time: 38.09432752800012; Encoder Angle: 99.404296875;
[2026-05-11 05:51:31,008] INFO: Time: 38.104432059000146; Encoder Angle: 99.33837890625;
[2026-05-11 05:51:31,018] INFO: Time: 38.114521978000084; Encoder Angle: 99.3603515625;
[2026-05-11 05:51:31,028] INFO: Time: 38.12461761999998; Encoder Angle: 99.38232421875;
[2026-05-11 05:51:31,041] INFO: Time: 38.13471818800008; Encoder Angle: 99.3603515625;
[2026-05-11 05:51:31,048] INFO: Time: 38.14480577400013; Encoder Angle: 99.3603515625;
[2026-05-11 05:51:31,058] INFO: Time: 38.15490089700006; Encoder Angle: 99.38232421875;
[2026-05-11 05:51:31,069] INFO: Time: 38.16498889100012; Encoder Angle: 99.3603515625;
[2026-05-11 05:51:31,084] INFO: Time: 38.18033366899999; Encoder Angle: 99.3603515625;
[2026-05-11 05:51:31,094] INFO: Time: 38.19043066300014; Encoder Angle: 99.404296875;
[2026-05-11 05:51:31,104] INFO: Time: 38.20051113800014; Encoder Angle: 99.38232421875;
[2026-05-11 05:51:31,114] INFO: Time: 38.21058331600011; Encoder Angle: 99.38232421875;
[2026-05-11 05:51:31,124] INFO: Time: 38.220648884000184; Encoder Angle: 99.42626953125;
[2026-05-11 05:51:31,134] INFO: Time: 38.23071550700001; Encoder Angle: 99.4482421875;
[2026-05-11 05:51:31,144] INFO: Time: 38.24077925900019; Encoder Angle: 99.47021484375;
[2026-05-11 05:51:31,154] INFO: Time: 38.25084297500007; Encoder Angle: 99.38232421875;
[2026-05-11 05:51:31,164] INFO: Time: 38.260905154000056; Encoder Angle: 99.42626953125;
[2026-05-11 05:51:31,174] INFO: Time: 38.27096777700012; Encoder Angle: 99.404296875;
[2026-05-11 05:51:31,184] INFO: Time: 38.28103327000008; Encoder Angle: 99.4482421875;
[2026-05-11 05:51:31,194] INFO: Time: 38.29110444900016; Encoder Angle: 99.3603515625;
[2026-05-11 05:51:31,204] INFO: Time: 38.30117046100008; Encoder Angle: 99.42626953125;
[2026-05-11 05:51:31,215] INFO: Time: 38.31123660200001; Encoder Angle: 99.404296875;
[2026-05-11 05:51:31,225] INFO: Time: 38.32130229900008; Encoder Angle: 99.42626953125;
[2026-05-11 05:51:31,235] INFO: Time: 38.33136573700017; Encoder Angle: 99.42626953125;
[2026-05-11 05:51:31,245] INFO: Time: 38.34143006400018; Encoder Angle: 99.404296875;
[2026-05-11 05:51:31,255] INFO: Time: 38.35149509400003; Encoder Angle: 99.4482421875;
[2026-05-11 05:51:31,265] INFO: Time: 38.361558921000096; Encoder Angle: 99.42626953125;
[2026-05-11 05:51:31,275] INFO: Time: 38.37162254400005; Encoder Angle: 99.4482421875;
[2026-05-11 05:51:31,285] INFO: Time: 38.381694982; Encoder Angle: 99.404296875;
[2026-05-11 05:51:31,295] INFO: Time: 38.39176219800015; Encoder Angle: 99.51416015625;
[2026-05-11 05:51:31,305] INFO: Time: 38.40182702400011; Encoder Angle: 99.6240234375;
[2026-05-11 05:51:31,315] INFO: Time: 38.41189211000005; Encoder Angle: 99.60205078125;
[2026-05-11 05:51:31,325] INFO: Time: 38.42195569600017; Encoder Angle: 99.66796875;
[2026-05-11 05:51:31,335] INFO: Time: 38.432031338000115; Encoder Angle: 99.60205078125;
[2026-05-11 05:51:31,345] INFO: Time: 38.4420884430001; Encoder Angle: 99.64599609375;
[2026-05-11 05:51:31,355] INFO: Time: 38.45215241699998; Encoder Angle: 99.6240234375;
[2026-05-11 05:51:31,366] INFO: Time: 38.4622177440001; Encoder Angle: 99.60205078125;
[2026-05-11 05:51:31,376] INFO: Time: 38.47228171900019; Encoder Angle: 99.6240234375;
[2026-05-11 05:51:31,386] INFO: Time: 38.48234341600005; Encoder Angle: 99.68994140625;
[2026-05-11 05:51:31,396] INFO: Time: 38.492404391000036; Encoder Angle: 99.60205078125;
[2026-05-11 05:51:31,406] INFO: Time: 38.50246564400004; Encoder Angle: 99.64599609375;
[2026-05-11 05:51:31,416] INFO: Time: 38.51252874800002; Encoder Angle: 99.66796875;
[2026-05-11 05:51:31,426] INFO: Time: 38.52261039000018; Encoder Angle: 99.6240234375;
[2026-05-11 05:51:31,436] INFO: Time: 38.53268088300001; Encoder Angle: 99.64599609375;
[2026-05-11 05:51:31,446] INFO: Time: 38.54274548800004; Encoder Angle: 99.66796875;
[2026-05-11 05:51:31,456] INFO: Time: 38.552808537000146; Encoder Angle: 99.60205078125;
[2026-05-11 05:51:31,466] INFO: Time: 38.56287180800018; Encoder Angle: 99.580078125;
[2026-05-11 05:51:31,476] INFO: Time: 38.57293443100002; Encoder Angle: 99.580078125;
[2026-05-11 05:51:31,486] INFO: Time: 38.58299661000001; Encoder Angle: 99.6240234375;
[2026-05-11 05:51:31,496] INFO: Time: 38.59306132500001; Encoder Angle: 99.66796875;
[2026-05-11 05:51:31,506] INFO: Time: 38.60312428200018; Encoder Angle: 99.6240234375;
[2026-05-11 05:51:31,516] INFO: Time: 38.613186756000005; Encoder Angle: 99.64599609375;
[2026-05-11 05:51:31,527] INFO: Time: 38.623248805; Encoder Angle: 99.66796875;
[2026-05-11 05:51:31,537] INFO: Time: 38.633310725; Encoder Angle: 99.68994140625;
[2026-05-11 05:51:31,547] INFO: Time: 38.643373626000084; Encoder Angle: 99.66796875;
[2026-05-11 05:51:31,557] INFO: Time: 38.65343534099998; Encoder Angle: 99.66796875;
[2026-05-11 05:51:31,567] INFO: Time: 38.66349703800006; Encoder Angle: 99.64599609375;
[2026-05-11 05:51:31,577] INFO: Time: 38.673558087000174; Encoder Angle: 99.66796875;
[2026-05-11 05:51:31,587] INFO: Time: 38.683623173000115; Encoder Angle: 99.64599609375;
[2026-05-11 05:51:31,597] INFO: Time: 38.69368505500006; Encoder Angle: 99.66796875;
[2026-05-11 05:51:31,607] INFO: Time: 38.70374736400004; Encoder Angle: 99.68994140625;
[2026-05-11 05:51:31,617] INFO: Time: 38.713809598000125; Encoder Angle: 99.7119140625;
[2026-05-11 05:51:31,627] INFO: Time: 38.723877869000034; Encoder Angle: 99.7119140625;
[2026-05-11 05:51:31,637] INFO: Time: 38.73394145500015; Encoder Angle: 99.755859375;
[2026-05-11 05:51:31,647] INFO: Time: 38.744003208000095; Encoder Angle: 99.73388671875;
[2026-05-11 05:51:31,657] INFO: Time: 38.75406501600014; Encoder Angle: 99.77783203125;
[2026-05-11 05:51:31,667] INFO: Time: 38.76412802800019; Encoder Angle: 99.77783203125;
[2026-05-11 05:51:31,678] INFO: Time: 38.77419335500008; Encoder Angle: 99.82177734375;
[2026-05-11 05:51:31,688] INFO: Time: 38.78425590400002; Encoder Angle: 99.84375;
[2026-05-11 05:51:31,698] INFO: Time: 38.79432208200001; Encoder Angle: 99.86572265625;
[2026-05-11 05:51:31,708] INFO: Time: 38.80438409400017; Encoder Angle: 99.7998046875;
[2026-05-11 05:51:31,718] INFO: Time: 38.81444849500008; Encoder Angle: 99.82177734375;
[2026-05-11 05:51:31,728] INFO: Time: 38.824508581000146; Encoder Angle: 99.86572265625;
[2026-05-11 05:51:31,738] INFO: Time: 38.83456868500002; Encoder Angle: 99.82177734375;
[2026-05-11 05:51:31,748] INFO: Time: 38.844629308000094; Encoder Angle: 99.8876953125;
[2026-05-11 05:51:31,758] INFO: Time: 38.85469722800008; Encoder Angle: 99.86572265625;
[2026-05-11 05:51:31,768] INFO: Time: 38.86476046200005; Encoder Angle: 99.7998046875;
[2026-05-11 05:51:31,778] INFO: Time: 38.87482230700016; Encoder Angle: 99.86572265625;
[2026-05-11 05:51:31,788] INFO: Time: 38.88488644900008; Encoder Angle: 99.86572265625;
[2026-05-11 05:51:31,798] INFO: Time: 38.8949481640002; Encoder Angle: 99.8876953125;
[2026-05-11 05:51:31,808] INFO: Time: 38.90502580600014; Encoder Angle: 99.931640625;
[2026-05-11 05:51:31,818] INFO: Time: 38.91509252200012; Encoder Angle: 99.90966796875;
[2026-05-11 05:51:31,828] INFO: Time: 38.92515425600004; Encoder Angle: 99.90966796875;
[2026-05-11 05:51:31,839] INFO: Time: 38.93522993400006; Encoder Angle: 99.931640625;
[2026-05-11 05:51:31,849] INFO: Time: 38.945292706000146; Encoder Angle: 99.8876953125;
[2026-05-11 05:51:31,859] INFO: Time: 38.955354236000176; Encoder Angle: 99.931640625;
[2026-05-11 05:51:31,869] INFO: Time: 38.965414378000105; Encoder Angle: 99.8876953125;
[2026-05-11 05:51:31,879] INFO: Time: 38.975481186000025; Encoder Angle: 99.90966796875;
[2026-05-11 05:51:31,889] INFO: Time: 38.9855460870001; Encoder Angle: 99.86572265625;
[2026-05-11 05:51:31,899] INFO: Time: 38.99560808000001; Encoder Angle: 99.8876953125;
[2026-05-11 05:51:31,909] INFO: Time: 39.00566909200006; Encoder Angle: 99.8876953125;
[2026-05-11 05:51:31,919] INFO: Time: 39.01573464100011; Encoder Angle: 99.9755859375;
[2026-05-11 05:51:31,929] INFO: Time: 39.0258018940001; Encoder Angle: 99.90966796875;
[2026-05-11 05:51:31,939] INFO: Time: 39.035867054000164; Encoder Angle: 99.931640625;
[2026-05-11 05:51:31,949] INFO: Time: 39.04592865800009; Encoder Angle: 99.90966796875;
[2026-05-11 05:51:31,959] INFO: Time: 39.055991207000034; Encoder Angle: 99.931640625;
[2026-05-11 05:51:31,970] INFO: Time: 39.066108571000086; Encoder Angle: 99.90966796875;
[2026-05-11 05:51:31,980] INFO: Time: 39.076172713000005; Encoder Angle: 99.931640625;
[2026-05-11 05:51:31,990] INFO: Time: 39.086237539000194; Encoder Angle: 99.90966796875;
[2026-05-11 05:51:32,000] INFO: Time: 39.096300033000034; Encoder Angle: 99.8876953125;
[2026-05-11 05:51:32,010] INFO: Time: 39.10636200800013; Encoder Angle: 99.9755859375;
[2026-05-11 05:51:32,020] INFO: Time: 39.116423983000004; Encoder Angle: 99.931640625;
[2026-05-11 05:51:32,030] INFO: Time: 39.12649030900002; Encoder Angle: 99.95361328125;
[2026-05-11 05:51:32,040] INFO: Time: 39.136552803000086; Encoder Angle: 99.931640625;
[2026-05-11 05:51:32,050] INFO: Time: 39.14661874100011; Encoder Angle: 99.95361328125;
[2026-05-11 05:51:32,060] INFO: Time: 39.15668121500016; Encoder Angle: 99.931640625;
[2026-05-11 05:51:32,070] INFO: Time: 39.16674676399998; Encoder Angle: 99.931640625;
[2026-05-11 05:51:32,080] INFO: Time: 39.176808016999985; Encoder Angle: 99.931640625;
[2026-05-11 05:51:32,090] INFO: Time: 39.18687078800008; Encoder Angle: 99.90966796875;
[2026-05-11 05:51:32,100] INFO: Time: 39.196934819000035; Encoder Angle: 99.8876953125;
[2026-05-11 05:51:32,110] INFO: Time: 39.206999275000044; Encoder Angle: 99.90966796875;
[2026-05-11 05:51:32,120] INFO: Time: 39.21706147200007; Encoder Angle: 99.9755859375;
[2026-05-11 05:51:32,130] INFO: Time: 39.227127892; Encoder Angle: 99.931640625;
[2026-05-11 05:51:32,140] INFO: Time: 39.23718947800012; Encoder Angle: 99.90966796875;
[2026-05-11 05:51:32,151] INFO: Time: 39.24725106400001; Encoder Angle: 99.90966796875;
[2026-05-11 05:51:32,161] INFO: Time: 39.25731226100015; Encoder Angle: 99.95361328125;
[2026-05-11 05:51:32,171] INFO: Time: 39.26737436500002; Encoder Angle: 99.8876953125;
[2026-05-11 05:51:32,181] INFO: Time: 39.27743900700011; Encoder Angle: 99.8876953125;
[2026-05-11 05:51:32,191] INFO: Time: 39.287500833000195; Encoder Angle: 99.931640625;
[2026-05-11 05:51:32,201] INFO: Time: 39.29757173400003; Encoder Angle: 99.90966796875;
[2026-05-11 05:51:32,211] INFO: Time: 39.30763624600013; Encoder Angle: 99.931640625;
[2026-05-11 05:51:32,221] INFO: Time: 39.31770044300015; Encoder Angle: 99.931640625;
[2026-05-11 05:51:32,231] INFO: Time: 39.32776364000006; Encoder Angle: 99.931640625;
[2026-05-11 05:51:32,241] INFO: Time: 39.33782570800008; Encoder Angle: 99.84375;
[2026-05-11 05:51:32,251] INFO: Time: 39.347889498000086; Encoder Angle: 99.8876953125;
[2026-05-11 05:51:32,261] INFO: Time: 39.35795478700015; Encoder Angle: 99.8876953125;
[2026-05-11 05:51:32,271] INFO: Time: 39.36801779899997; Encoder Angle: 99.8876953125;
[2026-05-11 05:51:32,281] INFO: Time: 39.37807966300011; Encoder Angle: 99.90966796875;
[2026-05-11 05:51:32,291] INFO: Time: 39.38815082300016; Encoder Angle: 99.86572265625;
[2026-05-11 05:51:32,302] INFO: Time: 39.398212779000005; Encoder Angle: 99.84375;
[2026-05-11 05:51:32,312] INFO: Time: 39.40827794000006; Encoder Angle: 99.86572265625;
[2026-05-11 05:51:32,322] INFO: Time: 39.41834022900002; Encoder Angle: 99.84375;
[2026-05-11 05:51:32,332] INFO: Time: 39.428401982000196; Encoder Angle: 99.86572265625;
[2026-05-11 05:51:32,342] INFO: Time: 39.43846356800009; Encoder Angle: 99.84375;
[2026-05-11 05:51:32,352] INFO: Time: 39.44853808000016; Encoder Angle: 99.7998046875;
[2026-05-11 05:51:32,362] INFO: Time: 39.458602203000055; Encoder Angle: 99.86572265625;
[2026-05-11 05:51:32,372] INFO: Time: 39.468664548000106; Encoder Angle: 99.77783203125;
[2026-05-11 05:51:32,382] INFO: Time: 39.47872463400017; Encoder Angle: 99.82177734375;
[2026-05-11 05:51:32,392] INFO: Time: 39.48878966500001; Encoder Angle: 99.82177734375;
[2026-05-11 05:51:32,402] INFO: Time: 39.498849214000074; Encoder Angle: 99.7998046875;
[2026-05-11 05:51:32,412] INFO: Time: 39.508907744; Encoder Angle: 99.82177734375;
[2026-05-11 05:51:32,423] INFO: Time: 39.51898596000001; Encoder Angle: 99.82177734375;
[2026-05-11 05:51:32,432] INFO: Time: 39.529062046000035; Encoder Angle: 99.77783203125;
[2026-05-11 05:51:32,442] INFO: Time: 39.53913172400007; Encoder Angle: 99.82177734375;
[2026-05-11 05:51:32,453] INFO: Time: 39.549195570000165; Encoder Angle: 99.84375;
[2026-05-11 05:51:32,463] INFO: Time: 39.55926208200003; Encoder Angle: 99.82177734375;
[2026-05-11 05:51:32,473] INFO: Time: 39.569326186000126; Encoder Angle: 99.82177734375;
[2026-05-11 05:51:32,483] INFO: Time: 39.57938790200001; Encoder Angle: 99.84375;
[2026-05-11 05:51:32,493] INFO: Time: 39.589452432000144; Encoder Angle: 99.7998046875;
[2026-05-11 05:51:32,503] INFO: Time: 39.59951303700018; Encoder Angle: 99.86572265625;
[2026-05-11 05:51:32,513] INFO: Time: 39.609578715; Encoder Angle: 99.82177734375;
[2026-05-11 05:51:32,523] INFO: Time: 39.61963944900003; Encoder Angle: 99.82177734375;
[2026-05-11 05:51:32,533] INFO: Time: 39.62970516500013; Encoder Angle: 99.77783203125;
[2026-05-11 05:51:32,543] INFO: Time: 39.63976625100008; Encoder Angle: 99.82177734375;
[2026-05-11 05:51:32,553] INFO: Time: 39.649825355000075; Encoder Angle: 99.77783203125;
[2026-05-11 05:51:32,563] INFO: Time: 39.659883960000116; Encoder Angle: 99.77783203125;
[2026-05-11 05:51:32,573] INFO: Time: 39.669950898000025; Encoder Angle: 99.82177734375;
[2026-05-11 05:51:32,583] INFO: Time: 39.680011354000044; Encoder Angle: 99.82177734375;
[2026-05-11 05:51:32,593] INFO: Time: 39.69007025500014; Encoder Angle: 99.84375;
[2026-05-11 05:51:32,603] INFO: Time: 39.70013661899998; Encoder Angle: 99.82177734375;
[2026-05-11 05:51:32,613] INFO: Time: 39.71019672300008; Encoder Angle: 99.82177734375;
[2026-05-11 05:51:32,624] INFO: Time: 39.72026169800006; Encoder Angle: 99.7998046875;
[2026-05-11 05:51:32,634] INFO: Time: 39.730323377000104; Encoder Angle: 99.77783203125;
[2026-05-11 05:51:32,644] INFO: Time: 39.74038337000002; Encoder Angle: 99.755859375;
[2026-05-11 05:51:32,654] INFO: Time: 39.75044990100014; Encoder Angle: 99.7998046875;
[2026-05-11 05:51:32,664] INFO: Time: 39.76051163500006; Encoder Angle: 99.77783203125;
[2026-05-11 05:51:32,674] INFO: Time: 39.770578758000056; Encoder Angle: 99.82177734375;
[2026-05-11 05:51:32,684] INFO: Time: 39.7806386220002; Encoder Angle: 99.77783203125;
[2026-05-11 05:51:32,694] INFO: Time: 39.79069872600007; Encoder Angle: 99.7998046875;
[2026-05-11 05:51:32,704] INFO: Time: 39.800765942; Encoder Angle: 99.82177734375;
[2026-05-11 05:51:32,714] INFO: Time: 39.810827045999986; Encoder Angle: 99.7998046875;
[2026-05-11 05:51:32,724] INFO: Time: 39.820886836; Encoder Angle: 99.82177734375;
[2026-05-11 05:51:32,734] INFO: Time: 39.830954033000125; Encoder Angle: 99.82177734375;
[2026-05-11 05:51:32,744] INFO: Time: 39.84101587800001; Encoder Angle: 99.82177734375;
[2026-05-11 05:51:32,754] INFO: Time: 39.851078372000075; Encoder Angle: 99.7998046875;
[2026-05-11 05:51:32,764] INFO: Time: 39.86114469800009; Encoder Angle: 99.77783203125;
[2026-05-11 05:51:32,775] INFO: Time: 39.871206581000024; Encoder Angle: 99.7998046875;
[2026-05-11 05:51:32,785] INFO: Time: 39.88127340699998; Encoder Angle: 99.7998046875;
[2026-05-11 05:51:32,795] INFO: Time: 39.89133543800017; Encoder Angle: 99.86572265625;
[2026-05-11 05:51:32,805] INFO: Time: 39.90140300500002; Encoder Angle: 99.77783203125;
[2026-05-11 05:51:32,815] INFO: Time: 39.91146631400011; Encoder Angle: 99.84375;
[2026-05-11 05:51:32,825] INFO: Time: 39.92154999200011; Encoder Angle: 99.7998046875;
[2026-05-11 05:51:32,835] INFO: Time: 39.93161946700002; Encoder Angle: 99.7998046875;
[2026-05-11 05:51:32,845] INFO: Time: 39.941688571999975; Encoder Angle: 99.77783203125;
[2026-05-11 05:51:32,855] INFO: Time: 39.951752065000164; Encoder Angle: 99.7998046875;
[2026-05-11 05:51:32,865] INFO: Time: 39.96181428099999; Encoder Angle: 99.82177734375;
[2026-05-11 05:51:32,875] INFO: Time: 39.9718747930001; Encoder Angle: 99.7998046875;
[2026-05-11 05:51:32,885] INFO: Time: 39.981934249000005; Encoder Angle: 99.7998046875;
[2026-05-11 05:51:32,895] INFO: Time: 39.99199855699999; Encoder Angle: 99.84375;
[2026-05-11 05:51:32,905] INFO: Time: 40.002059977000044; Encoder Angle: 99.84375;
[2026-05-11 05:51:32,915] INFO: Time: 40.012120488000164; Encoder Angle: 99.82177734375;
[2026-05-11 05:51:32,926] INFO: Time: 40.02219442600017; Encoder Angle: 99.7998046875;
[2026-05-11 05:51:32,936] INFO: Time: 40.03225864199999; Encoder Angle: 99.7998046875;
[2026-05-11 05:51:32,946] INFO: Time: 40.04232217200001; Encoder Angle: 99.7998046875;
[2026-05-11 05:51:32,956] INFO: Time: 40.0523926100002; Encoder Angle: 99.82177734375;
[2026-05-11 05:51:32,966] INFO: Time: 40.062467122000044; Encoder Angle: 99.82177734375;
[2026-05-11 05:51:32,976] INFO: Time: 40.07253065300006; Encoder Angle: 99.82177734375;
[2026-05-11 05:51:32,986] INFO: Time: 40.082594683000025; Encoder Angle: 99.82177734375;
[2026-05-11 05:51:32,996] INFO: Time: 40.092658232000076; Encoder Angle: 99.77783203125;
[2026-05-11 05:51:33,006] INFO: Time: 40.10271854000007; Encoder Angle: 99.82177734375;
[2026-05-11 05:51:33,016] INFO: Time: 40.112781811000104; Encoder Angle: 99.84375;
[2026-05-11 05:51:33,026] INFO: Time: 40.12284330500006; Encoder Angle: 99.77783203125;
[2026-05-11 05:51:33,036] INFO: Time: 40.13290490899999; Encoder Angle: 99.7998046875;
[2026-05-11 05:51:33,046] INFO: Time: 40.14296508799998; Encoder Angle: 99.7998046875;
[2026-05-11 05:51:33,056] INFO: Time: 40.153026711000166; Encoder Angle: 99.7998046875;
[2026-05-11 05:51:33,066] INFO: Time: 40.16308774100003; Encoder Angle: 99.77783203125;
[2026-05-11 05:51:33,076] INFO: Time: 40.17315108700018; Encoder Angle: 99.82177734375;
[2026-05-11 05:51:33,087] INFO: Time: 40.183236524999984; Encoder Angle: 99.755859375;
[2026-05-11 05:51:33,098] INFO: Time: 40.19387737300008; Encoder Angle: 99.7998046875;
[2026-05-11 05:51:33,107] INFO: Time: 40.203946792000124; Encoder Angle: 99.77783203125;
[2026-05-11 05:51:33,117] INFO: Time: 40.21401837799999; Encoder Angle: 99.77783203125;
[2026-05-11 05:51:33,127] INFO: Time: 40.22408605700002; Encoder Angle: 99.82177734375;
[2026-05-11 05:51:33,137] INFO: Time: 40.23415008699999; Encoder Angle: 99.82177734375;
[2026-05-11 05:51:33,148] INFO: Time: 40.24421239499998; Encoder Angle: 99.77783203125;
[2026-05-11 05:51:33,158] INFO: Time: 40.2542789260001; Encoder Angle: 99.82177734375;
[2026-05-11 05:51:33,168] INFO: Time: 40.26434169700019; Encoder Angle: 99.7998046875;
[2026-05-11 05:51:33,178] INFO: Time: 40.27440513500005; Encoder Angle: 99.82177734375;
[2026-05-11 05:51:33,188] INFO: Time: 40.28446853600008; Encoder Angle: 99.7998046875;
[2026-05-11 05:51:33,198] INFO: Time: 40.29453512200007; Encoder Angle: 99.82177734375;
[2026-05-11 05:51:33,208] INFO: Time: 40.304596447999984; Encoder Angle: 99.77783203125;
[2026-05-11 05:51:33,218] INFO: Time: 40.31466034900018; Encoder Angle: 99.7998046875;
[2026-05-11 05:51:33,228] INFO: Time: 40.3247224910001; Encoder Angle: 99.77783203125;
[2026-05-11 05:51:33,238] INFO: Time: 40.334784614; Encoder Angle: 99.82177734375;
[2026-05-11 05:51:33,248] INFO: Time: 40.34484886600012; Encoder Angle: 99.82177734375;
[2026-05-11 05:51:33,258] INFO: Time: 40.35491010100009; Encoder Angle: 99.77783203125;
[2026-05-11 05:51:33,268] INFO: Time: 40.36497879800004; Encoder Angle: 99.82177734375;
[2026-05-11 05:51:33,278] INFO: Time: 40.375040402000195; Encoder Angle: 99.77783203125;
[2026-05-11 05:51:33,288] INFO: Time: 40.38510524800017; Encoder Angle: 99.77783203125;
[2026-05-11 05:51:33,299] INFO: Time: 40.395166759000176; Encoder Angle: 99.73388671875;
[2026-05-11 05:51:33,309] INFO: Time: 40.40523053100014; Encoder Angle: 99.7998046875;
[2026-05-11 05:51:33,319] INFO: Time: 40.41529533900007; Encoder Angle: 99.7998046875;
[2026-05-11 05:51:33,329] INFO: Time: 40.425357517000066; Encoder Angle: 99.755859375;
[2026-05-11 05:51:33,339] INFO: Time: 40.43543690000001; Encoder Angle: 99.755859375;
[2026-05-11 05:51:33,349] INFO: Time: 40.445504060000076; Encoder Angle: 99.73388671875;
[2026-05-11 05:51:33,359] INFO: Time: 40.45556688700003; Encoder Angle: 99.7119140625;
[2026-05-11 05:51:33,369] INFO: Time: 40.46563362100005; Encoder Angle: 99.7119140625;
[2026-05-11 05:51:33,379] INFO: Time: 40.475695318000135; Encoder Angle: 99.7119140625;
[2026-05-11 05:51:33,389] INFO: Time: 40.48575695900013; Encoder Angle: 99.68994140625;
[2026-05-11 05:51:33,399] INFO: Time: 40.495818823000036; Encoder Angle: 99.64599609375;
[2026-05-11 05:51:33,409] INFO: Time: 40.50588116800009; Encoder Angle: 99.66796875;
[2026-05-11 05:51:33,419] INFO: Time: 40.51595962500005; Encoder Angle: 99.68994140625;
[2026-05-11 05:51:33,429] INFO: Time: 40.52603119200012; Encoder Angle: 99.68994140625;
[2026-05-11 05:51:33,439] INFO: Time: 40.53610501900016; Encoder Angle: 99.64599609375;
[2026-05-11 05:51:33,449] INFO: Time: 40.54616799400014; Encoder Angle: 99.64599609375;
[2026-05-11 05:51:33,460] INFO: Time: 40.5562321540001; Encoder Angle: 99.55810546875;
[2026-05-11 05:51:33,470] INFO: Time: 40.56629505500018; Encoder Angle: 99.60205078125;
[2026-05-11 05:51:33,480] INFO: Time: 40.57635973400011; Encoder Angle: 99.6240234375;
[2026-05-11 05:51:33,490] INFO: Time: 40.58642259700014; Encoder Angle: 99.64599609375;
[2026-05-11 05:51:33,500] INFO: Time: 40.59648431300002; Encoder Angle: 99.60205078125;
[2026-05-11 05:51:33,510] INFO: Time: 40.60654804700016; Encoder Angle: 99.55810546875;
[2026-05-11 05:51:33,520] INFO: Time: 40.616610059000095; Encoder Angle: 99.6240234375;
[2026-05-11 05:51:33,530] INFO: Time: 40.62667499700001; Encoder Angle: 99.580078125;
[2026-05-11 05:51:33,540] INFO: Time: 40.63673754600018; Encoder Angle: 99.580078125;
[2026-05-11 05:51:33,550] INFO: Time: 40.646801761000006; Encoder Angle: 99.580078125;
[2026-05-11 05:51:33,560] INFO: Time: 40.656863218000126; Encoder Angle: 99.6240234375;
[2026-05-11 05:51:33,570] INFO: Time: 40.66692574800004; Encoder Angle: 99.6240234375;
[2026-05-11 05:51:33,580] INFO: Time: 40.676987370999996; Encoder Angle: 99.55810546875;
[2026-05-11 05:51:33,590] INFO: Time: 40.68704790200013; Encoder Angle: 99.580078125;
[2026-05-11 05:51:33,600] INFO: Time: 40.69711132100019; Encoder Angle: 99.580078125;
[2026-05-11 05:51:33,610] INFO: Time: 40.707175888000165; Encoder Angle: 99.64599609375;
[2026-05-11 05:51:33,621] INFO: Time: 40.71724089999998; Encoder Angle: 99.580078125;
[2026-05-11 05:51:33,631] INFO: Time: 40.72730507900019; Encoder Angle: 99.55810546875;
[2026-05-11 05:51:33,641] INFO: Time: 40.737370572000145; Encoder Angle: 99.580078125;
[2026-05-11 05:51:33,651] INFO: Time: 40.74743615800003; Encoder Angle: 99.60205078125;
[2026-05-11 05:51:33,661] INFO: Time: 40.757501115000196; Encoder Angle: 99.580078125;
[2026-05-11 05:51:33,671] INFO: Time: 40.76756346000002; Encoder Angle: 99.6240234375;
[2026-05-11 05:51:33,681] INFO: Time: 40.777626472000065; Encoder Angle: 99.64599609375;
[2026-05-11 05:51:33,691] INFO: Time: 40.78768626200008; Encoder Angle: 99.6240234375;
[2026-05-11 05:51:33,701] INFO: Time: 40.79775297700007; Encoder Angle: 99.60205078125;
[2026-05-11 05:51:33,711] INFO: Time: 40.807895934000044; Encoder Angle: 99.580078125;
[2026-05-11 05:51:33,721] INFO: Time: 40.817959094000116; Encoder Angle: 99.580078125;
[2026-05-11 05:51:33,731] INFO: Time: 40.82802197600017; Encoder Angle: 99.64599609375;
[2026-05-11 05:51:33,741] INFO: Time: 40.838081970000076; Encoder Angle: 99.64599609375;
[2026-05-11 05:51:33,751] INFO: Time: 40.84814094500007; Encoder Angle: 99.60205078125;
[2026-05-11 05:51:33,762] INFO: Time: 40.85820303100013; Encoder Angle: 99.6240234375;
[2026-05-11 05:51:33,772] INFO: Time: 40.86826613500011; Encoder Angle: 99.60205078125;
[2026-05-11 05:51:33,782] INFO: Time: 40.878331703000185; Encoder Angle: 99.6240234375;
[2026-05-11 05:51:33,792] INFO: Time: 40.88839041799997; Encoder Angle: 99.580078125;
[2026-05-11 05:51:33,802] INFO: Time: 40.8984651520002; Encoder Angle: 99.60205078125;
[2026-05-11 05:51:33,812] INFO: Time: 40.90853109; Encoder Angle: 99.60205078125;
[2026-05-11 05:51:33,822] INFO: Time: 40.91861028700009; Encoder Angle: 99.6240234375;
[2026-05-11 05:51:33,832] INFO: Time: 40.928686207000055; Encoder Angle: 99.64599609375;
[2026-05-11 05:51:33,842] INFO: Time: 40.93874783000001; Encoder Angle: 99.64599609375;
[2026-05-11 05:51:33,852] INFO: Time: 40.94880967500012; Encoder Angle: 99.64599609375;
[2026-05-11 05:51:33,862] INFO: Time: 40.958870539000145; Encoder Angle: 99.60205078125;
[2026-05-11 05:51:33,872] INFO: Time: 40.96893014300008; Encoder Angle: 99.60205078125;
[2026-05-11 05:51:33,882] INFO: Time: 40.97899032200007; Encoder Angle: 99.6240234375;
[2026-05-11 05:51:33,894] INFO: Time: 40.99011719100008; Encoder Angle: 99.6240234375;
[2026-05-11 05:51:33,904] INFO: Time: 41.000190629000144; Encoder Angle: 99.60205078125;
[2026-05-11 05:51:33,914] INFO: Time: 41.01025778899998; Encoder Angle: 99.580078125;
[2026-05-11 05:51:33,924] INFO: Time: 41.02032341200015; Encoder Angle: 99.6240234375;
[2026-05-11 05:51:33,934] INFO: Time: 41.030386128000146; Encoder Angle: 99.66796875;
[2026-05-11 05:51:33,944] INFO: Time: 41.04044943600002; Encoder Angle: 99.6240234375;
[2026-05-11 05:51:33,954] INFO: Time: 41.050510669999994; Encoder Angle: 99.64599609375;
[2026-05-11 05:51:33,964] INFO: Time: 41.060573960000056; Encoder Angle: 99.64599609375;
[2026-05-11 05:51:33,974] INFO: Time: 41.07063691600001; Encoder Angle: 99.6240234375;
[2026-05-11 05:51:33,984] INFO: Time: 41.08070152100004; Encoder Angle: 99.64599609375;
[2026-05-11 05:51:33,994] INFO: Time: 41.09077058800017; Encoder Angle: 99.64599609375;
[2026-05-11 05:51:34,004] INFO: Time: 41.10084091500016; Encoder Angle: 99.64599609375;
[2026-05-11 05:51:34,014] INFO: Time: 41.1109117970002; Encoder Angle: 99.6240234375;
[2026-05-11 05:51:34,024] INFO: Time: 41.12097779100009; Encoder Angle: 99.64599609375;
[2026-05-11 05:51:34,034] INFO: Time: 41.13105624700006; Encoder Angle: 99.66796875;
[2026-05-11 05:51:34,045] INFO: Time: 41.14119900000014; Encoder Angle: 99.580078125;
[2026-05-11 05:51:34,055] INFO: Time: 41.15126760500016; Encoder Angle: 99.64599609375;
[2026-05-11 05:51:34,065] INFO: Time: 41.16134056100009; Encoder Angle: 99.6240234375;
[2026-05-11 05:51:34,075] INFO: Time: 41.17141364700001; Encoder Angle: 99.6240234375;
[2026-05-11 05:51:34,085] INFO: Time: 41.181482992000156; Encoder Angle: 99.64599609375;
[2026-05-11 05:51:34,095] INFO: Time: 41.19154643000002; Encoder Angle: 99.6240234375;
[2026-05-11 05:51:34,105] INFO: Time: 41.201668257000165; Encoder Angle: 99.60205078125;
[2026-05-11 05:51:34,115] INFO: Time: 41.21173434299999; Encoder Angle: 99.64599609375;
[2026-05-11 05:51:34,125] INFO: Time: 41.22180309600003; Encoder Angle: 99.60205078125;
[2026-05-11 05:51:34,135] INFO: Time: 41.23186658899999; Encoder Angle: 99.6240234375;
[2026-05-11 05:51:34,145] INFO: Time: 41.24193249000018; Encoder Angle: 99.66796875;
[2026-05-11 05:51:34,155] INFO: Time: 41.25199535399997; Encoder Angle: 99.64599609375;
[2026-05-11 05:51:34,165] INFO: Time: 41.26206084700016; Encoder Angle: 99.66796875;
[2026-05-11 05:51:34,175] INFO: Time: 41.27212428500002; Encoder Angle: 99.6240234375;
[2026-05-11 05:51:34,185] INFO: Time: 41.28218783400007; Encoder Angle: 99.580078125;
[2026-05-11 05:51:34,196] INFO: Time: 41.292253383000116; Encoder Angle: 99.6240234375;
[2026-05-11 05:51:34,206] INFO: Time: 41.30231850600012; Encoder Angle: 99.6240234375;
[2026-05-11 05:51:34,216] INFO: Time: 41.312385296; Encoder Angle: 99.6240234375;
[2026-05-11 05:51:34,226] INFO: Time: 41.322448678; Encoder Angle: 99.6240234375;
[2026-05-11 05:51:34,236] INFO: Time: 41.332515522999984; Encoder Angle: 99.66796875;
[2026-05-11 05:51:34,246] INFO: Time: 41.34257829500007; Encoder Angle: 99.6240234375;
[2026-05-11 05:51:34,256] INFO: Time: 41.352641418000076; Encoder Angle: 99.60205078125;
[2026-05-11 05:51:34,266] INFO: Time: 41.36270705900006; Encoder Angle: 99.64599609375;
[2026-05-11 05:51:34,276] INFO: Time: 41.372771219000015; Encoder Angle: 99.60205078125;
[2026-05-11 05:51:34,286] INFO: Time: 41.38283410200006; Encoder Angle: 99.60205078125;
[2026-05-11 05:51:34,296] INFO: Time: 41.392899983999996; Encoder Angle: 99.5361328125;
[2026-05-11 05:51:34,306] INFO: Time: 41.40297327400003; Encoder Angle: 99.60205078125;
[2026-05-11 05:51:34,316] INFO: Time: 41.41303921100007; Encoder Angle: 99.60205078125;
[2026-05-11 05:51:34,326] INFO: Time: 41.423104501000125; Encoder Angle: 99.66796875;
[2026-05-11 05:51:34,337] INFO: Time: 41.43318499500015; Encoder Angle: 99.6240234375;
[2026-05-11 05:51:34,347] INFO: Time: 41.44324887700009; Encoder Angle: 99.580078125;
[2026-05-11 05:51:34,357] INFO: Time: 41.453316648000055; Encoder Angle: 99.60205078125;
[2026-05-11 05:51:34,367] INFO: Time: 41.46338125300008; Encoder Angle: 99.6240234375;
[2026-05-11 05:51:34,377] INFO: Time: 41.47344322800018; Encoder Angle: 99.64599609375;
[2026-05-11 05:51:34,387] INFO: Time: 41.48350464700002; Encoder Angle: 99.66796875;
[2026-05-11 05:51:34,397] INFO: Time: 41.49356541800012; Encoder Angle: 99.580078125;
[2026-05-11 05:51:34,407] INFO: Time: 41.50363452300007; Encoder Angle: 99.68994140625;
[2026-05-11 05:51:34,417] INFO: Time: 41.51369907200001; Encoder Angle: 99.64599609375;
[2026-05-11 05:51:34,427] INFO: Time: 41.523768102000076; Encoder Angle: 99.6240234375;
[2026-05-11 05:51:34,437] INFO: Time: 41.53382820600018; Encoder Angle: 99.60205078125;
[2026-05-11 05:51:34,447] INFO: Time: 41.54388816300002; Encoder Angle: 99.64599609375;
[2026-05-11 05:51:34,457] INFO: Time: 41.55394630400019; Encoder Angle: 99.60205078125;
[2026-05-11 05:51:34,470] INFO: Time: 41.566145215999995; Encoder Angle: 99.6240234375;
[2026-05-11 05:51:34,480] INFO: Time: 41.57622180200019; Encoder Angle: 99.64599609375;
[2026-05-11 05:51:34,490] INFO: Time: 41.586317536000024; Encoder Angle: 99.64599609375;
[2026-05-11 05:51:34,500] INFO: Time: 41.59638360300005; Encoder Angle: 99.60205078125;
[2026-05-11 05:51:34,510] INFO: Time: 41.606449614999974; Encoder Angle: 99.66796875;
[2026-05-11 05:51:34,520] INFO: Time: 41.616514238000036; Encoder Angle: 99.68994140625;
[2026-05-11 05:51:34,530] INFO: Time: 41.62657928700014; Encoder Angle: 99.68994140625;
[2026-05-11 05:51:34,540] INFO: Time: 41.63664474400002; Encoder Angle: 99.68994140625;
[2026-05-11 05:51:34,550] INFO: Time: 41.646710773999985; Encoder Angle: 99.7119140625;
[2026-05-11 05:51:34,560] INFO: Time: 41.65677695300019; Encoder Angle: 99.6240234375;
[2026-05-11 05:51:34,570] INFO: Time: 41.66684185400004; Encoder Angle: 99.68994140625;
[2026-05-11 05:51:34,580] INFO: Time: 41.676905198999975; Encoder Angle: 99.7119140625;
[2026-05-11 05:51:34,590] INFO: Time: 41.68696960000011; Encoder Angle: 99.64599609375;
[2026-05-11 05:51:34,600] INFO: Time: 41.69703366700014; Encoder Angle: 99.68994140625;
[2026-05-11 05:51:34,610] INFO: Time: 41.707094548999976; Encoder Angle: 99.66796875;
[2026-05-11 05:51:34,620] INFO: Time: 41.717160450000165; Encoder Angle: 99.68994140625;
[2026-05-11 05:51:34,631] INFO: Time: 41.72722183200017; Encoder Angle: 99.68994140625;
[2026-05-11 05:51:34,641] INFO: Time: 41.73728256700019; Encoder Angle: 99.66796875;
[2026-05-11 05:51:34,651] INFO: Time: 41.74734693000005; Encoder Angle: 99.68994140625;
[2026-05-11 05:51:34,661] INFO: Time: 41.75740960899998; Encoder Angle: 99.7119140625;
[2026-05-11 05:51:34,671] INFO: Time: 41.76747041700014; Encoder Angle: 99.7119140625;
[2026-05-11 05:51:34,681] INFO: Time: 41.777533503000086; Encoder Angle: 99.68994140625;
[2026-05-11 05:51:34,691] INFO: Time: 41.78759438500015; Encoder Angle: 99.755859375;
[2026-05-11 05:51:34,701] INFO: Time: 41.797659305000025; Encoder Angle: 99.7119140625;
[2026-05-11 05:51:34,711] INFO: Time: 41.80772105699998; Encoder Angle: 99.66796875;
[2026-05-11 05:51:34,721] INFO: Time: 41.817783383999995; Encoder Angle: 99.7998046875;
[2026-05-11 05:51:34,731] INFO: Time: 41.82784615500009; Encoder Angle: 99.77783203125;
[2026-05-11 05:51:34,741] INFO: Time: 41.83790766700008; Encoder Angle: 99.7119140625;
[2026-05-11 05:51:34,751] INFO: Time: 41.84796875300003; Encoder Angle: 99.68994140625;
[2026-05-11 05:51:34,761] INFO: Time: 41.85803167300014; Encoder Angle: 99.68994140625;
[2026-05-11 05:51:34,771] INFO: Time: 41.86809775900019; Encoder Angle: 99.73388671875;
[2026-05-11 05:51:34,781] INFO: Time: 41.87816021499998; Encoder Angle: 99.7119140625;
[2026-05-11 05:51:34,792] INFO: Time: 41.88822559699997; Encoder Angle: 99.7119140625;
[2026-05-11 05:51:34,802] INFO: Time: 41.89829122000015; Encoder Angle: 99.68994140625;
[2026-05-11 05:51:34,812] INFO: Time: 41.90835801000003; Encoder Angle: 99.68994140625;
[2026-05-11 05:51:34,822] INFO: Time: 41.91841878100013; Encoder Angle: 99.73388671875;
[2026-05-11 05:51:34,832] INFO: Time: 41.928494941000054; Encoder Angle: 99.68994140625;
[2026-05-11 05:51:34,842] INFO: Time: 41.938562693999984; Encoder Angle: 99.755859375;
[2026-05-11 05:51:34,852] INFO: Time: 41.94862752100016; Encoder Angle: 99.7119140625;
[2026-05-11 05:51:34,862] INFO: Time: 41.958689551000134; Encoder Angle: 99.73388671875;
[2026-05-11 05:51:34,872] INFO: Time: 41.96875080400014; Encoder Angle: 99.755859375;
[2026-05-11 05:51:34,882] INFO: Time: 41.97881287100017; Encoder Angle: 99.68994140625;
[2026-05-11 05:51:34,892] INFO: Time: 41.988876920000166; Encoder Angle: 99.755859375;
[2026-05-11 05:51:34,902] INFO: Time: 41.99893741400001; Encoder Angle: 99.7998046875;
[2026-05-11 05:51:34,912] INFO: Time: 42.00901824000016; Encoder Angle: 99.68994140625;
[2026-05-11 05:51:34,922] INFO: Time: 42.01909095600013; Encoder Angle: 99.77783203125;
[2026-05-11 05:51:34,932] INFO: Time: 42.029159542000116; Encoder Angle: 99.7119140625;
[2026-05-11 05:51:34,943] INFO: Time: 42.03922575800016; Encoder Angle: 99.755859375;
[2026-05-11 05:51:34,953] INFO: Time: 42.049291176999986; Encoder Angle: 99.73388671875;
[2026-05-11 05:51:34,963] INFO: Time: 42.05935413300017; Encoder Angle: 99.7119140625;
[2026-05-11 05:51:34,973] INFO: Time: 42.06941660799998; Encoder Angle: 99.7119140625;
[2026-05-11 05:51:34,983] INFO: Time: 42.07948208300013; Encoder Angle: 99.73388671875;
[2026-05-11 05:51:34,993] INFO: Time: 42.08954579900001; Encoder Angle: 99.73388671875;
[2026-05-11 05:51:35,003] INFO: Time: 42.09960686600016; Encoder Angle: 99.755859375;
[2026-05-11 05:51:35,013] INFO: Time: 42.10967467500018; Encoder Angle: 99.73388671875;
[2026-05-11 05:51:35,023] INFO: Time: 42.119736298000134; Encoder Angle: 99.77783203125;
[2026-05-11 05:51:35,033] INFO: Time: 42.12980053199999; Encoder Angle: 99.7119140625;
[2026-05-11 05:51:35,043] INFO: Time: 42.13986306200013; Encoder Angle: 99.73388671875;
[2026-05-11 05:51:35,053] INFO: Time: 42.14993651899999; Encoder Angle: 99.73388671875;
