state_time,accelx,accely,accelz,gyrox,gyroy,gyroz,mot_ang,mot_vel,mot_acc,mot_cur,mot_volt,batt_volt,batt_curr,temperature,status_mn,status_ex,status_re,genvar_0,genvar_1,genvar_2,genvar_3,genvar_4,genvar_5,genvar_6,genvar_7,genvar_8,genvar_9,ank_ang,ank_vel,sys_time,event flags
83254,-530,8136,226,69,-6,25,-67972,0,0,2,0,37480,118,31,144,0,0,0,0,0,0,0,0,-32303,0,0,0,0,0,1294,0
83259,-570,8150,216,72,-7,30,-67972,5,1,3,0,37480,118,31,144,0,0,0,0,0,0,0,0,-32304,0,0,0,0,0,83259,0
83264,-512,8114,218,72,-9,24,-67972,4,0,3,0,37479,120,31,144,0,0,0,0,0,0,0,0,-32304,0,0,0,0,0,83264,0
83269,-542,8122,210,64,-5,25,-67974,-1,-2,3,0,37479,120,31,144,0,0,0,0,0,0,0,0,-32304,0,0,0,0,0,83269,0
83274,-520,8128,202,66,-10,29,-67973,-3,-3,3,0,37476,123,31,144,0,0,0,0,0,0,0,0,-32304,0,0,0,0,0,83274,0
83279,-540,8112,224,67,-8,28,-67973,-2,1,3,0,37476,123,31,144,0,0,0,0,0,0,0,0,-32304,0,0,0,0,0,83279,0
83284,-520,8130,198,68,-5,29,-67973,0,4,3,0,37474,131,31,144,0,0,0,0,0,0,0,0,-32304,0,0,0,0,0,83284,0
83289,-542,8120,206,68,-14,25,-67973,0,-1,2,0,37474,131,31,144,0,0,0,0,0,0,0,0,-32304,0,0,0,0,0,83289,0
83294,-530,8112,212,66,-5,32,-67973,-6,-1,2,0,37473,132,31,144,0,0,0,0,0,0,0,0,-32304,0,0,0,0,0,83294,0
83299,-522,8110,198,68,-9,29,-67974,-4,-2,4,0,37473,132,31,144,0,0,0,0,0,0,0,0,-32304,0,0,0,0,0,83299,0
83304,-542,8098,216,66,-11,26,-67973,-3,-3,6,0,37476,120,31,144,0,0,0,0,0,0,0,0,-32303,0,0,0,0,0,83304,0
83309,-544,8104,206,67,-12,33,-67973,0,-1,4,0,37476,120,31,144,0,0,0,0,0,0,0,0,-32304,0,0,0,0,0,83309,0
83314,-546,8102,220,70,-11,28,-67974,-4,5,2,0,37475,114,31,144,0,0,0,0,0,0,0,0,-32303,0,0,0,0,0,83314,0
83319,-532,8090,186,73,-12,32,-67972,-5,0,3,0,37475,114,31,144,0,0,0,0,0,0,0,0,-32303,0,0,0,0,0,83319,0
83324,-526,8112,170,66,-6,30,-67973,-3,-2,3,0,37476,121,31,144,0,0,0,0,0,0,0,0,-32303,0,0,0,0,0,83324,0
83329,-524,8116,196,65,-13,26,-67972,4,2,2,0,37476,121,31,144,0,0,0,0,0,0,0,0,-32304,0,0,0,0,0,83329,0
83334,-526,8136,174,69,-16,28,-67972,4,1,3,0,37471,124,31,144,0,0,0,0,0,0,0,0,-32304,0,0,0,0,0,83334,0
83339,-548,8118,192,70,-11,24,-67973,-3,1,1,0,37471,124,31,144,0,0,0,0,0,0,0,0,-32304,0,0,0,0,0,83339,0
83344,-512,8124,198,65,-13,26,-67973,-6,0,2,0,37470,125,31,144,0,0,0,0,0,0,0,0,-32304,0,0,0,0,0,83344,0
83349,-526,8122,210,66,-9,27,-67974,3,-1,2,0,37470,125,31,144,0,0,0,0,0,0,0,0,-32304,0,0,0,0,0,83349,0
83354,-532,8122,186,63,-6,27,-67972,-2,1,2,0,37473,121,31,144,0,0,0,0,0,0,0,0,-32304,0,0,0,0,0,83354,0
83359,-530,8138,178,67,-10,28,-67973,1,0,2,0,37473,121,31,144,0,0,0,0,0,0,0,0,-32304,0,0,0,0,0,83359,0
83364,-518,8102,196,63,-4,27,-67972,2,1,2,0,37473,110,31,144,0,0,0,0,0,0,0,0,-32304,0,0,0,0,0,83364,0
83369,-532,8136,192,61,-7,29,-67972,3,0,2,0,37473,110,31,144,0,0,0,0,0,0,0,0,-32303,0,0,0,0,0,83369,0
83374,-500,8124,180,61,-10,28,-67972,0,-4,1,0,37472,112,31,144,0,0,0,0,0,0,0,0,-32304,0,0,0,0,0,83374,0
83379,-524,8116,202,57,-9,28,-67973,6,1,2,0,37472,112,31,144,0,0,0,0,0,0,0,0,-32303,0,0,0,0,0,83379,0
83384,-548,8118,212,63,-11,28,-67973,0,-3,3,0,37468,109,31,144,0,0,0,0,0,0,0,0,-32303,0,0,0,0,0,83384,0
83389,-506,8122,184,68,-5,26,-67972,0,2,2,0,37468,109,31,144,0,0,0,0,0,0,0,0,-32303,0,0,0,0,0,83389,0
83394,-534,8132,218,61,-11,26,-67973,-4,0,2,0,37467,118,31,144,0,0,0,0,0,0,0,0,-32303,0,0,0,0,0,83394,0
83399,-484,8130,184,60,-8,28,-67974,-1,4,3,0,37467,118,31,144,0,0,0,0,0,0,0,0,-32304,0,0,0,0,0,83399,0
83404,-512,8126,208,64,-9,26,-67973,-4,-4,3,0,37470,117,31,144,0,0,0,0,0,0,0,0,-32304,0,0,0,0,0,83404,0
83409,-512,8116,222,56,-7,27,-67972,3,-2,2,0,37470,117,31,144,0,0,0,0,0,0,0,0,-32304,0,0,0,0,0,83409,0
83414,-514,8110,204,57,-9,30,-67973,-3,1,0,0,37475,120,31,144,0,0,0,0,0,0,0,0,-32304,0,0,0,0,0,83414,0
83419,-490,8134,200,60,-8,27,-67973,6,4,1,0,37475,120,31,144,0,0,0,0,0,0,0,0,-32304,0,0,0,0,0,83419,0
83424,-520,8134,210,63,-10,27,-67973,-3,-3,3,0,37476,124,31,144,0,0,0,0,0,0,0,0,-32304,0,0,0,0,0,83424,0
83429,-526,8138,228,59,-8,28,-67972,-1,1,3,0,37476,124,31,144,0,0,0,0,0,0,0,0,-32304,0,0,0,0,0,83429,0
83434,-520,8122,220,62,-11,25,-67973,-1,-2,1,0,37476,124,31,144,0,0,0,0,0,0,0,0,-32304,0,0,0,0,0,83434,0
83439,-518,8138,234,62,-11,25,-67973,-1,5,0,0,37476,124,31,144,0,0,0,0,0,0,0,0,-32304,0,0,0,0,0,83439,0
83444,-524,8100,194,62,-9,23,-67973,-4,-8,1,0,37473,121,31,144,0,0,0,0,0,0,0,0,-32304,0,0,0,0,0,83444,0
83449,-538,8128,236,64,-4,25,-67972,0,1,2,0,37473,121,31,144,0,0,0,0,0,0,0,0,-32304,0,0,0,0,0,83449,0
83454,-510,8108,212,62,-9,25,-67973,5,0,3,0,37470,115,31,144,0,0,0,0,0,0,0,0,-32303,0,0,0,0,0,83455,0
83459,-536,8124,222,63,-4,17,-67974,-5,1,2,0,37470,115,31,144,0,0,0,0,0,0,0,0,-32304,0,0,0,0,0,83460,0
83464,-558,8118,214,63,-8,21,-67973,0,-4,2,0,37468,119,31,144,0,0,0,0,0,0,0,0,-32303,0,0,0,0,0,83465,0
83469,-524,8106,226,60,-5,25,-67974,-11,2,3,0,37468,119,31,144,0,0,0,0,0,0,0,0,-32303,0,0,0,0,0,83470,0
83474,-538,8112,216,60,-10,26,-67972,-3,3,3,0,37469,131,31,144,0,0,0,0,0,0,0,0,-32303,0,0,0,0,0,83475,0
83479,-528,8110,228,61,-10,25,-67973,-1,-3,3,0,37469,131,31,144,0,0,0,0,0,0,0,0,-32304,0,0,0,0,0,83480,0
83484,-548,8118,222,63,-12,25,-67974,-4,3,4,0,37471,129,31,144,0,0,0,0,0,0,0,0,-32304,0,0,0,0,0,83485,0
83489,-532,8112,216,55,-11,31,-67972,1,-3,1,0,37471,129,31,144,0,0,0,0,0,0,0,0,-32304,0,0,0,0,0,83490,0
83494,-520,8110,218,68,-11,31,-67974,-1,2,2,0,37471,123,31,144,0,0,0,0,0,0,0,0,-32304,0,0,0,0,0,83495,0
83499,-534,8136,236,67,-11,28,-67972,0,2,2,0,37471,123,31,144,0,0,0,0,0,0,0,0,-32304,0,0,0,0,0,83500,0
83504,-520,8120,228,65,-9,29,-67972,3,0,3,0,37471,115,31,144,0,0,0,0,0,0,0,0,-32304,0,0,0,0,0,83505,0
83509,-546,8112,220,64,-7,23,-67972,3,1,4,0,37471,115,31,144,0,0,0,0,0,0,0,0,-32304,0,0,0,0,0,83510,0
83514,-532,8108,230,64,-7,26,-67973,0,1,2,0,37472,115,31,144,0,0,0,0,0,0,0,0,-32304,0,0,0,0,0,83515,0
83519,-528,8114,202,62,-9,29,-67974,-11,-4,3,0,37472,115,31,144,0,0,0,0,0,0,0,0,-32304,0,0,0,0,0,83520,0
83524,-528,8112,220,65,-11,31,-67973,0,-2,0,0,37472,114,31,144,0,0,0,0,0,0,0,0,-32304,0,0,0,0,0,83525,0
83529,-526,8114,230,65,-11,32,-67972,5,1,1,0,37472,114,31,144,0,0,0,0,0,0,0,0,-32304,0,0,0,0,0,83530,0
83534,-536,8110,224,66,-8,28,-67973,-2,4,2,0,37474,119,31,144,0,0,0,0,0,0,0,0,-32304,0,0,0,0,0,83535,0
83539,-516,8130,214,62,-8,27,-67973,-2,-3,1,0,37474,119,31,144,0,0,0,0,0,0,0,0,-32304,0,0,0,0,0,83540,0
83544,-504,8132,232,63,-9,24,-67973,0,0,3,0,37472,123,31,144,0,0,0,0,0,0,0,0,-32303,0,0,0,0,0,83545,0
83549,-546,8144,216,58,-10,31,-67973,4,2,3,0,37472,123,31,144,0,0,0,0,0,0,0,0,-32303,0,0,0,0,0,83550,0
83554,-508,8130,212,67,-10,31,-67974,-4,-1,4,0,37470,127,31,144,0,0,0,0,0,0,0,0,-32304,0,0,0,0,0,83555,0
83559,-548,8128,224,61,-13,32,-67973,-8,2,3,0,37470,127,31,144,0,0,0,0,0,0,0,0,-32303,0,0,0,0,0,83560,0
83564,-516,8116,204,64,-10,29,-67973,3,0,1,0,37470,119,31,144,0,0,0,0,0,0,0,0,-32304,0,0,0,0,0,83565,0
83569,-530,8124,216,68,-13,32,-67973,-6,-2,2,0,37470,119,31,144,0,0,0,0,0,0,0,0,-32304,0,0,0,0,0,83570,0
83574,-540,8116,220,62,-9,29,-67972,1,1,2,0,37472,119,31,144,0,0,0,0,0,0,0,0,-32304,0,0,0,0,0,83575,0
83579,-520,8114,204,65,-12,32,-67972,6,3,1,0,37472,119,31,144,0,0,0,0,0,0,0,0,-32304,0,0,0,0,0,83580,0
83584,-520,8124,226,62,-13,32,-67972,7,2,2,0,37473,118,31,144,0,0,0,0,0,0,0,0,-32304,0,0,0,0,0,83585,0
83589,-540,8116,214,62,-12,27,-67973,-3,-1,1,0,37473,118,31,144,0,0,0,0,0,0,0,0,-32304,0,0,0,0,0,83590,0
83594,-536,8108,208,62,-13,29,-67975,-9,2,1,0,37467,120,31,144,0,0,0,0,0,0,0,0,-32304,0,0,0,0,0,83595,0
83599,-532,8108,188,64,-10,27,-67973,4,-2,3,0,37467,120,31,144,0,0,0,0,0,0,0,0,-32304,0,0,0,0,0,83600,0
83604,-528,8106,224,68,-17,30,-67973,5,-1,2,0,37461,113,31,144,0,0,0,0,0,0,0,0,-32304,0,0,0,0,0,83605,0
83609,-502,8124,248,60,-9,29,-67973,1,0,2,0,37461,113,31,144,0,0,0,0,0,0,0,0,-32304,0,0,0,0,0,83610,0
83614,-504,8126,222,61,-7,32,-67973,1,0,3,0,37459,111,31,144,0,0,0,0,0,0,0,0,-32304,0,0,0,0,0,83615,0
83619,-540,8114,218,56,-9,28,-67973,-1,0,2,0,37459,111,31,144,0,0,0,0,0,0,0,0,-32304,0,0,0,0,0,83620,0
83624,-516,8130,202,66,-10,24,-67974,-11,-2,3,0,37468,119,31,144,0,0,0,0,0,0,0,0,-32304,0,0,0,0,0,83625,0
83629,-528,8124,222,60,-12,28,-67973,0,-4,6,0,37468,119,31,144,0,0,0,0,0,0,0,0,-32304,0,0,0,0,0,83630,0
83634,-532,8136,200,64,-10,29,-67973,1,-6,1,0,37472,126,31,144,0,0,0,0,0,0,0,0,-32304,0,0,0,0,0,83635,0
83639,-508,8124,226,53,-9,29,-67972,6,2,1,0,37472,126,31,144,0,0,0,0,0,0,0,0,-32304,0,0,0,0,0,83640,0
83644,-530,8128,214,64,-10,30,-67973,10,3,3,0,37471,130,31,144,0,0,0,0,0,0,0,0,-32304,0,0,0,0,0,83645,0
83649,-550,8118,216,61,-8,30,-67973,2,0,2,0,37471,130,31,144,0,0,0,0,0,0,0,0,-32304,0,0,0,0,0,83650,0
83654,-524,8126,242,64,-11,27,-67973,2,5,1,0,37470,124,31,144,0,0,0,0,0,0,0,0,-32304,0,0,0,0,0,83655,0
83659,-530,8124,230,56,-13,22,-67973,0,3,2,0,37470,124,31,144,0,0,0,0,0,0,0,0,-32304,0,0,0,0,0,83660,0
83664,-504,8116,218,67,-12,29,-67974,-9,-2,3,0,37467,125,31,144,0,0,0,0,0,0,0,0,-32304,0,0,0,0,0,83665,0
83669,-516,8136,206,54,-11,28,-67974,-3,-3,2,0,37467,125,31,144,0,0,0,0,0,0,0,0,-32304,0,0,0,0,0,83670,0
83674,-526,8126,206,59,-12,30,-67973,0,-1,0,0,37467,114,31,144,0,0,0,0,0,0,0,0,-32304,0,0,0,0,0,83675,0
83679,-518,8104,224,58,-6,25,-67972,2,0,1,0,37467,114,31,144,0,0,0,0,0,0,0,0,-32304,0,0,0,0,0,83680,0
83684,-526,8122,220,58,-6,27,-67973,-1,0,2,0,37466,121,31,144,0,0,0,0,0,0,0,0,-32304,0,0,0,0,0,83685,0
83689,-514,8120,210,58,-5,24,-67973,2,3,2,0,37466,121,31,144,0,0,0,0,0,0,0,0,-32303,0,0,0,0,0,83690,0
83694,-520,8140,216,62,-10,25,-67972,0,2,3,0,37467,126,31,144,0,0,0,0,0,0,0,0,-32304,0,0,0,0,0,83695,0
83699,-512,8110,198,59,-10,28,-67973,-1,1,3,0,37467,126,31,144,0,0,0,0,0,0,0,0,-32304,0,0,0,0,0,83700,0
83704,-494,8134,222,52,-9,27,-67974,-5,-4,2,0,37468,120,31,144,0,0,0,0,0,0,0,0,-32304,0,0,0,0,0,83705,0
83709,-548,8114,216,54,-9,31,-67973,-5,3,2,0,37468,120,31,144,0,0,0,0,0,0,0,0,-32304,0,0,0,0,0,83710,0
83714,-516,8142,230,59,-9,29,-67973,0,0,2,0,37474,125,31,144,0,0,0,0,0,0,0,0,-32304,0,0,0,0,0,83715,0
83719,-500,8132,208,56,-7,26,-67972,1,2,3,0,37474,125,31,144,0,0,0,0,0,0,0,0,-32304,0,0,0,0,0,83720,0
83724,-512,8118,210,57,-8,24,-67972,0,1,2,0,37485,126,31,144,0,0,0,0,0,0,0,0,-32304,0,0,0,0,0,83725,0
83729,-514,8110,218,59,-7,24,-67972,3,3,1,0,37485,126,31,144,0,0,0,0,0,0,0,0,-32304,0,0,0,0,0,83730,0
83734,-486,8120,200,55,-11,23,-67973,0,-2,0,0,37485,135,31,144,0,0,0,0,0,0,0,0,-32304,0,0,0,0,0,83735,0
83739,-514,8126,228,56,-13,25,-67972,5,3,1,0,37485,135,31,144,0,0,0,0,0,0,0,0,-32304,0,0,0,0,0,83740,0
83744,-486,8116,218,55,-11,22,-67973,-1,4,3,0,37478,135,31,144,0,0,0,0,0,0,0,0,-32304,0,0,0,0,0,83745,0
83749,-502,8122,212,61,-11,26,-67974,-3,0,3,0,37478,135,31,144,0,0,0,0,0,0,0,0,-32304,0,0,0,0,0,83750,0
83754,-506,8126,206,61,-10,20,-67973,0,2,3,0,37466,134,31,144,0,0,0,0,0,0,0,0,-32304,0,0,0,0,0,83755,0
83759,-526,8158,188,57,-14,21,-67973,-1,2,1,0,37466,134,31,144,0,0,0,0,0,0,0,0,-32304,0,0,0,0,0,83760,0
83764,-504,8112,198,58,-10,23,-67972,-2,5,3,0,37464,131,31,144,0,0,0,0,0,0,0,0,-32304,0,0,0,0,0,83765,0
83769,-518,8112,214,55,-12,22,-67974,-8,-2,4,0,37464,131,31,144,0,0,0,0,0,0,0,0,-32304,0,0,0,0,0,83770,0
83774,-508,8116,208,51,-12,24,-67972,1,0,2,0,37468,132,31,144,0,0,0,0,0,0,0,0,-32304,0,0,0,0,0,83775,0
83779,-506,8118,218,58,-12,17,-67973,5,0,2,0,37468,132,31,144,0,0,0,0,0,0,0,0,-32304,0,0,0,0,0,83780,0
83784,-530,8116,230,59,-7,20,-67973,0,0,4,0,37469,125,31,144,0,0,0,0,0,0,0,0,-32303,0,0,0,0,0,83785,0
83789,-532,8128,210,57,-12,24,-67972,4,4,2,0,37469,125,31,144,0,0,0,0,0,0,0,0,-32304,0,0,0,0,0,83790,0
83794,-536,8116,230,54,-10,22,-67973,-1,0,3,0,37469,124,31,144,0,0,0,0,0,0,0,0,-32304,0,0,0,0,0,83795,0
83799,-508,8112,212,61,-7,22,-67972,4,2,3,0,37469,124,31,144,0,0,0,0,0,0,0,0,-32304,0,0,0,0,0,83800,0
83804,-542,8108,198,52,-7,17,-67973,-1,0,2,0,37467,120,31,144,0,0,0,0,0,0,0,0,-32304,0,0,0,0,0,83805,0
83809,-536,8126,244,59,-12,21,-67974,-2,-3,1,0,37467,120,31,144,0,0,0,0,0,0,0,0,-32304,0,0,0,0,0,83810,0
83814,-534,8152,240,54,-6,18,-67973,-1,1,2,0,37467,116,31,144,0,0,0,0,0,0,0,0,-32304,0,0,0,0,0,83815,0
83819,-522,8124,230,54,-9,23,-67974,-1,-3,3,0,37467,116,31,144,0,0,0,0,0,0,0,0,-32304,0,0,0,0,0,83820,0
83824,-508,8136,256,56,-12,24,-67973,-3,-1,2,0,37471,121,31,144,0,0,0,0,0,0,0,0,-32304,0,0,0,0,0,83825,0
83829,-556,8116,226,57,-9,25,-67972,-2,5,4,0,37471,121,31,144,0,0,0,0,0,0,0,0,-32303,0,0,0,0,0,83830,0
83834,-540,8104,232,54,-11,23,-67973,0,-3,0,0,37477,125,31,144,0,0,0,0,0,0,0,0,-32303,0,0,0,0,0,83835,0
83839,-518,8108,252,57,-8,24,-67972,1,0,-1,0,37477,125,31,144,0,0,0,0,0,0,0,0,-32304,0,0,0,0,0,83840,0
83844,-534,8124,252,61,-8,25,-67972,8,2,3,0,37476,126,31,144,0,0,0,0,0,0,0,0,-32304,0,0,0,0,0,83845,0
83849,-518,8094,238,56,-5,23,-67974,-3,-5,2,0,37476,126,31,144,0,0,0,0,0,0,0,0,-32304,0,0,0,0,0,83850,0
83854,-544,8108,232,56,-9,24,-67972,5,6,2,0,37474,120,31,144,0,0,0,0,0,0,0,0,-32304,0,0,0,0,0,83855,0
83859,-534,8114,238,52,-4,22,-67973,-7,1,2,0,37474,120,31,144,0,0,0,0,0,0,0,0,-32304,0,0,0,0,0,83860,0
83864,-524,8124,236,62,-9,24,-67972,9,2,2,0,37470,118,31,144,0,0,0,0,0,0,0,0,-32304,0,0,0,0,0,83865,0
83869,-512,8098,244,60,-6,23,-67971,6,-1,2,0,37470,118,31,144,0,0,0,0,0,0,0,0,-32304,0,0,0,0,0,83870,0
83874,-490,8110,224,56,-6,25,-67973,-2,-2,2,0,37469,119,31,144,0,0,0,0,0,0,0,0,-32304,0,0,0,0,0,83875,0
83879,-536,8114,212,57,-13,27,-67973,-1,-6,1,0,37469,119,31,144,0,0,0,0,0,0,0,0,-32304,0,0,0,0,0,83880,0
83884,-522,8120,232,54,-6,25,-67973,-3,-4,1,0,37469,117,31,144,0,0,0,0,0,0,0,0,-32303,0,0,0,0,0,83885,0
83889,-514,8108,230,61,-11,24,-67972,8,-1,2,0,37469,117,31,144,0,0,0,0,0,0,0,0,-32304,0,0,0,0,0,83890,0
83894,-508,8128,212,55,-16,26,-67973,-1,3,4,0,37467,112,31,144,0,0,0,0,0,0,0,0,-32304,0,0,0,0,0,83895,0
83899,-558,8114,222,59,-10,26,-67972,5,4,3,0,37467,112,31,144,0,0,0,0,0,0,0,0,-32303,0,0,0,0,0,83900,0
83904,-530,8110,206,60,-9,26,-67973,1,-4,1,0,37466,112,31,144,0,0,0,0,0,0,0,0,-32304,0,0,0,0,0,83905,0
83909,-516,8124,226,52,-11,24,-67973,-4,-2,2,0,37466,112,31,144,0,0,0,0,0,0,0,0,-32304,0,0,0,0,0,83910,0
83914,-544,8162,222,53,-8,27,-67974,-4,-1,2,0,37468,121,31,144,0,0,0,0,0,0,0,0,-32304,0,0,0,0,0,83915,0
83919,-524,8120,232,59,-12,27,-67972,3,0,3,0,37468,121,31,144,0,0,0,0,0,0,0,0,-32303,0,0,0,0,0,83920,0
83924,-556,8148,218,59,-10,26,-67972,2,-2,2,0,37469,127,31,144,0,0,0,0,0,0,0,0,-32304,0,0,0,0,0,83925,0
83929,-538,8118,240,53,-10,23,-67973,1,2,4,0,37469,127,31,144,0,0,0,0,0,0,0,0,-32304,0,0,0,0,0,83930,0
83934,-526,8130,218,62,-11,30,-67972,5,0,3,0,37467,126,31,144,0,0,0,0,0,0,0,0,-32304,0,0,0,0,0,83935,0
83939,-546,8118,234,60,-5,30,-67973,-3,-4,0,0,37467,126,31,144,0,0,0,0,0,0,0,0,-32304,0,0,0,0,0,83940,0
83944,-546,8136,218,57,-13,26,-67972,10,2,2,0,37469,122,31,144,0,0,0,0,0,0,0,0,-32304,0,0,0,0,0,83945,0
83949,-528,8102,230,53,-8,22,-67972,0,2,3,0,37469,122,31,144,0,0,0,0,0,0,0,0,-32304,0,0,0,0,0,83950,0
83954,-552,8100,216,56,-12,28,-67973,1,-1,2,0,37470,121,31,144,0,0,0,0,0,0,0,0,-32304,0,0,0,0,0,83955,0
83959,-540,8124,220,55,-10,32,-67973,5,-1,3,0,37470,121,31,144,0,0,0,0,0,0,0,0,-32304,0,0,0,0,0,83960,0
83964,-542,8142,226,58,-14,27,-67973,0,-3,4,0,37470,124,31,144,0,0,0,0,0,0,0,0,-32304,0,0,0,0,0,83965,0
83969,-534,8126,214,58,-15,30,-67972,8,1,4,0,37470,124,31,144,0,0,0,0,0,0,0,0,-32303,0,0,0,0,0,83970,0
83974,-520,8122,228,58,-6,28,-67973,-3,0,3,0,37467,122,31,144,0,0,0,0,0,0,0,0,-32304,0,0,0,0,0,83975,0
83979,-538,8116,224,56,-8,31,-67973,0,-3,3,0,37467,122,31,144,0,0,0,0,0,0,0,0,-32303,0,0,0,0,0,83980,0
83984,-536,8112,200,57,-8,27,-67973,6,-2,2,0,37465,118,31,144,0,0,0,0,0,0,0,0,-32304,0,0,0,0,0,83985,0
83989,-516,8132,228,54,-14,29,-67973,0,3,2,0,37465,118,31,144,0,0,0,0,0,0,0,0,-32304,0,0,0,0,0,83990,0
83994,-514,8102,246,58,-14,31,-67973,1,-1,3,0,37467,127,31,144,0,0,0,0,0,0,0,0,-32304,0,0,0,0,0,83995,0
83999,-516,8136,230,63,-11,36,-67974,-7,5,3,0,37467,127,31,144,0,0,0,0,0,0,0,0,-32304,0,0,0,0,0,84000,0
84004,-530,8106,228,60,-9,29,-67974,-8,-4,1,0,37466,130,31,144,0,0,0,0,0,0,0,0,-32303,0,0,0,0,0,84005,0
84009,-514,8116,232,52,-14,30,-67973,0,-2,2,0,37466,130,31,144,0,0,0,0,0,0,0,0,-32304,0,0,0,0,0,84010,0
84014,-496,8136,242,59,-11,26,-67973,-7,4,2,0,37464,133,31,144,0,0,0,0,0,0,0,0,-32304,0,0,0,0,0,84015,0
84019,-532,8114,218,59,-15,26,-67972,-1,4,4,0,37464,133,31,144,0,0,0,0,0,0,0,0,-32304,0,0,0,0,0,84020,0
84024,-532,8144,238,60,-10,22,-67974,-2,2,1,0,37463,129,31,144,0,0,0,0,0,0,0,0,-32304,0,0,0,0,0,84025,0
84029,-546,8102,236,63,-9,31,-67973,1,2,3,0,37463,129,31,144,0,0,0,0,0,0,0,0,-32304,0,0,0,0,0,84030,0
84034,-544,8106,232,59,-13,23,-67973,-1,-1,2,0,37463,127,31,144,0,0,0,0,0,0,0,0,-32304,0,0,0,0,0,84035,0
84039,-534,8116,220,51,-9,31,-67972,11,8,1,0,37463,127,31,144,0,0,0,0,0,0,0,0,-32304,0,0,0,0,0,84040,0
84044,-552,8112,242,63,-11,29,-67974,-5,2,5,0,37467,129,31,144,0,0,0,0,0,0,0,0,-32303,0,0,0,0,0,84045,0
84049,-530,8126,242,55,-15,27,-67973,-2,3,4,0,37467,129,31,144,0,0,0,0,0,0,0,0,-32303,0,0,0,0,0,84050,0
84054,-550,8118,244,59,-12,30,-67973,-1,-2,2,0,37470,129,31,144,0,0,0,0,0,0,0,0,-32304,0,0,0,0,0,84055,0
84059,-536,8108,218,53,-14,31,-67971,4,5,1,0,37470,129,31,144,0,0,0,0,0,0,0,0,-32304,0,0,0,0,0,84060,0
84064,-542,8114,246,60,-14,30,-67973,1,0,3,0,37473,128,31,144,0,0,0,0,0,0,0,0,-32303,0,0,0,0,0,84065,0
84069,-538,8094,212,60,-15,28,-67973,-1,-1,3,0,37473,128,31,144,0,0,0,0,0,0,0,0,-32304,0,0,0,0,0,84070,0
84074,-552,8118,236,57,-14,26,-67974,-5,0,2,0,37472,117,31,144,0,0,0,0,0,0,0,0,-32304,0,0,0,0,0,84075,0
84079,-536,8126,242,60,-16,30,-67973,3,1,2,0,37472,117,31,144,0,0,0,0,0,0,0,0,-32303,0,0,0,0,0,84080,0
84084,-524,8134,244,57,-15,26,-67972,3,3,2,0,37471,120,31,144,0,0,0,0,0,0,0,0,-32304,0,0,0,0,0,84085,0
84089,-528,8138,226,56,-11,28,-67973,-2,-3,2,0,37471,120,31,144,0,0,0,0,0,0,0,0,-32303,0,0,0,0,0,84090,0
84094,-520,8104,220,63,-8,33,-67973,3,0,3,0,37468,117,31,144,0,0,0,0,0,0,0,0,-32304,0,0,0,0,0,84095,0
84099,-536,8128,238,57,-5,28,-67975,-6,-3,3,0,37468,117,31,144,0,0,0,0,0,0,0,0,-32304,0,0,0,0,0,84100,0
84104,-518,8130,234,59,-8,29,-67973,-3,-1,4,0,37465,124,31,144,0,0,0,0,0,0,0,0,-32304,0,0,0,0,0,84105,0
84109,-524,8126,248,63,-7,31,-67974,1,0,3,0,37465,124,31,144,0,0,0,0,0,0,0,0,-32304,0,0,0,0,0,84110,0
84114,-532,8132,234,54,-11,27,-67974,-9,3,2,0,37465,123,31,144,0,0,0,0,0,0,0,0,-32304,0,0,0,0,0,84115,0
84119,-526,8112,248,57,-14,29,-67974,-11,-4,3,0,37465,123,31,144,0,0,0,0,0,0,0,0,-32303,0,0,0,0,0,84120,0
84124,-516,8120,238,58,-13,29,-67974,-3,2,3,0,37467,125,31,144,0,0,0,0,0,0,0,0,-32304,0,0,0,0,0,84125,0
84129,-530,8116,240,59,-8,29,-67972,-1,2,3,0,37467,125,31,144,0,0,0,0,0,0,0,0,-32303,0,0,0,0,0,84130,0
84134,-528,8130,242,59,-6,31,-67973,5,0,2,0,37468,132,31,144,0,0,0,0,0,0,0,0,-32304,0,0,0,0,0,84135,0
84139,-530,8118,240,55,-10,23,-67972,4,5,1,0,37468,132,31,144,0,0,0,0,0,0,0,0,-32303,0,0,0,0,0,84140,0
84144,-514,8100,234,62,-11,23,-67973,1,2,3,0,37473,130,31,144,0,0,0,0,0,0,0,0,-32303,0,0,0,0,0,84145,0
84149,-518,8138,250,55,-14,27,-67973,0,0,3,0,37473,130,31,144,0,0,0,0,0,0,0,0,-32304,0,0,0,0,0,84150,0
84154,-502,8098,240,57,-9,26,-67973,-6,-4,3,0,37472,119,31,144,0,0,0,0,0,0,0,0,-32304,0,0,0,0,0,84155,0
84159,-530,8140,230,58,-13,27,-67973,-3,-2,1,0,37472,119,31,144,0,0,0,0,0,0,0,0,-32305,0,0,0,0,0,84160,0
84164,-536,8102,254,60,-14,24,-67973,-1,-1,2,0,37474,114,31,144,0,0,0,0,0,0,0,0,-32305,0,0,0,0,0,84165,0
84169,-548,8120,240,58,-11,29,-67975,-7,0,2,0,37474,114,31,144,0,0,0,0,0,0,0,0,-32303,0,0,0,0,0,84170,0
84174,-522,8126,236,60,-7,23,-67973,0,1,2,0,37474,117,31,144,0,0,0,0,0,0,0,0,-32304,0,0,0,0,0,84175,0
84179,-530,8096,220,54,-9,31,-67972,0,2,3,0,37474,117,31,144,0,0,0,0,0,0,0,0,-32304,0,0,0,0,0,84180,0
84184,-520,8136,248,62,-2,27,-67975,-9,3,2,0,37469,124,31,144,0,0,0,0,0,0,0,0,-32304,0,0,0,0,0,84185,0
84189,-510,8130,246,55,-4,29,-67972,3,0,1,0,37469,124,31,144,0,0,0,0,0,0,0,0,-32304,0,0,0,0,0,84190,0
84194,-546,8100,242,54,-7,29,-67972,6,-1,2,0,37464,122,31,144,0,0,0,0,0,0,0,0,-32304,0,0,0,0,0,84195,0
84199,-526,8120,250,52,-11,31,-67972,5,2,4,0,37464,122,31,144,0,0,0,0,0,0,0,0,-32303,0,0,0,0,0,84200,0
84204,-530,8118,240,59,-8,25,-67973,1,-4,4,0,37465,116,31,144,0,0,0,0,0,0,0,0,-32304,0,0,0,0,0,84205,0
84209,-568,8090,258,61,-5,34,-67973,0,-2,3,0,37465,116,31,144,0,0,0,0,0,0,0,0,-32304,0,0,0,0,0,84210,0
84214,-548,8092,252,57,-14,27,-67973,1,-1,2,0,37467,119,31,144,0,0,0,0,0,0,0,0,-32304,0,0,0,0,0,84215,0
84219,-558,8100,238,62,-12,31,-67973,-4,-2,4,0,37467,119,31,144,0,0,0,0,0,0,0,0,-32304,0,0,0,0,0,84220,0
84224,-540,8124,248,64,-7,37,-67973,0,-3,3,0,37467,118,31,144,0,0,0,0,0,0,0,0,-32304,0,0,0,0,0,84225,0
84229,-538,8116,256,56,-12,31,-67973,-1,-2,4,0,37467,118,31,144,0,0,0,0,0,0,0,0,-32304,0,0,0,0,0,84230,0
84234,-550,8102,284,61,-14,31,-67972,-3,0,3,0,37464,120,31,144,0,0,0,0,0,0,0,0,-32304,0,0,0,0,0,84235,0
84239,-540,8106,254,64,-9,33,-67973,2,-2,2,0,37464,120,31,144,0,0,0,0,0,0,0,0,-32304,0,0,0,0,0,84240,0
84244,-550,8116,280,64,-13,35,-67973,-1,-2,3,0,37464,124,31,144,0,0,0,0,0,0,0,0,-32304,0,0,0,0,0,84245,0
84249,-524,8122,254,58,-10,36,-67973,1,-2,3,0,37464,124,31,144,0,0,0,0,0,0,0,0,-32304,0,0,0,0,0,84250,0
84254,-536,8118,254,63,-6,33,-67973,-5,0,4,0,37468,136,31,144,0,0,0,0,0,0,0,0,-32304,0,0,0,0,0,84255,0
84259,-538,8116,284,62,-10,35,-67973,2,1,3,0,37468,136,31,144,0,0,0,0,0,0,0,0,-32304,0,0,0,0,0,84260,0
84264,-552,8092,286,67,-9,34,-67973,2,-4,3,0,37469,143,31,144,0,0,0,0,0,0,0,0,-32304,0,0,0,0,0,84265,0
84269,-508,8098,270,62,-14,35,-67972,1,4,4,0,37469,143,31,144,0,0,0,0,0,0,0,0,-32304,0,0,0,0,0,84270,0
84274,-544,8126,270,69,-2,34,-67974,-2,-2,3,0,37466,146,31,144,0,0,0,0,0,0,0,0,-32304,0,0,0,0,0,84275,0
84279,-520,8120,264,70,-9,38,-67972,-2,-1,2,0,37466,146,31,144,0,0,0,0,0,0,0,0,-32303,0,0,0,0,0,84280,0
84284,-554,8108,268,69,-11,36,-67973,5,1,2,0,37462,131,31,144,0,0,0,0,0,0,0,0,-32304,0,0,0,0,0,84285,0
84289,-548,8114,248,69,-3,37,-67973,-2,2,2,0,37462,131,31,144,0,0,0,0,0,0,0,0,-32304,0,0,0,0,0,84290,0
84294,-550,8104,240,69,-13,39,-67973,-1,-2,1,0,37466,129,31,144,0,0,0,0,0,0,0,0,-32303,0,0,0,0,0,84295,0
84299,-532,8108,262,72,-9,41,-67971,5,-2,3,0,37466,129,31,144,0,0,0,0,0,0,0,0,-32304,0,0,0,0,0,84300,0
84304,-564,8118,248,67,-11,40,-67973,2,4,3,0,37469,115,31,144,0,0,0,0,0,0,0,0,-32304,0,0,0,0,0,84305,0
84309,-556,8110,270,71,-5,42,-67974,-6,-3,2,0,37469,115,31,144,0,0,0,0,0,0,0,0,-32304,0,0,0,0,0,84310,0
84314,-526,8116,254,72,-13,44,-67973,1,-1,2,0,37469,112,31,144,0,0,0,0,0,0,0,0,-32304,0,0,0,0,0,84315,0
84319,-552,8118,272,72,-14,40,-67972,1,1,3,0,37469,112,31,144,0,0,0,0,0,0,0,0,-32304,0,0,0,0,0,84320,0
84324,-524,8098,246,70,-12,44,-67972,2,6,1,0,37467,117,31,144,0,0,0,0,0,0,0,0,-32304,0,0,0,0,0,84325,0
84329,-522,8108,258,68,-14,42,-67973,-1,-4,3,0,37467,117,31,144,0,0,0,0,0,0,0,0,-32303,0,0,0,0,0,84331,0
84334,-520,8120,256,74,-6,42,-67974,-5,-1,3,0,37465,121,31,144,0,0,0,0,0,0,0,0,-32304,0,0,0,0,0,84336,0
84339,-508,8112,256,72,-8,43,-67972,3,-3,0,0,37465,121,31,144,0,0,0,0,0,0,0,0,-32303,0,0,0,0,0,84341,0
84344,-532,8138,250,70,-10,44,-67973,-4,1,3,0,37465,121,31,144,0,0,0,0,0,0,0,0,-32304,0,0,0,0,0,84346,0
84349,-512,8110,246,66,-5,43,-67972,4,6,2,0,37465,121,31,144,0,0,0,0,0,0,0,0,-32304,0,0,0,0,0,84351,0
84354,-542,8118,242,72,-13,42,-67973,3,-1,3,0,37468,130,31,144,0,0,0,0,0,0,0,0,-32304,0,0,0,0,0,84356,0
84359,-512,8110,220,73,-8,42,-67972,5,1,5,0,37468,130,31,144,0,0,0,0,0,0,0,0,-32304,0,0,0,0,0,84361,0
84364,-496,8128,256,72,-12,39,-67972,3,-5,3,0,37476,143,31,144,0,0,0,0,0,0,0,0,-32304,0,0,0,0,0,84366,0
84369,-506,8106,210,74,-13,39,-67973,1,0,2,0,37476,143,31,144,0,0,0,0,0,0,0,0,-32304,0,0,0,0,0,84371,0
84374,-494,8116,254,70,-16,41,-67973,3,-1,3,0,37477,140,31,144,0,0,0,0,0,0,0,0,-32304,0,0,0,0,0,84376,0
84379,-510,8124,250,71,-10,31,-67973,2,-2,4,0,37477,140,31,144,0,0,0,0,0,0,0,0,-32304,0,0,0,0,0,84381,0
84384,-516,8128,236,72,-11,37,-67973,-3,0,3,0,37477,134,31,144,0,0,0,0,0,0,0,0,-32304,0,0,0,0,0,84386,0
84389,-512,8096,250,71,-7,43,-67974,-6,-5,1,0,37477,134,31,144,0,0,0,0,0,0,0,0,-32304,0,0,0,0,0,84391,0
84394,-510,8130,232,69,-13,36,-67973,-1,-2,0,0,37468,126,31,144,0,0,0,0,0,0,0,0,-32304,0,0,0,0,0,84396,0
84399,-520,8112,238,69,-14,40,-67973,5,0,2,0,37468,126,31,144,0,0,0,0,0,0,0,0,-32304,0,0,0,0,0,84401,0
84404,-502,8126,230,69,-13,32,-67973,3,1,1,0,37467,131,31,144,0,0,0,0,0,0,0,0,-32304,0,0,0,0,0,84406,0
84409,-470,8142,236,69,-11,40,-67973,2,3,2,0,37467,131,31,144,0,0,0,0,0,0,0,0,-32304,0,0,0,0,0,84411,0
84414,-492,8118,230,68,-11,36,-67973,6,1,2,0,37467,130,31,144,0,0,0,0,0,0,0,0,-32304,0,0,0,0,0,84416,0
84419,-498,8116,228,65,-14,35,-67973,-1,-2,1,0,37467,130,31,144,0,0,0,0,0,0,0,0,-32304,0,0,0,0,0,84421,0
84424,-460,8128,230,70,-7,32,-67972,0,-2,1,0,37468,129,31,144,0,0,0,0,0,0,0,0,-32304,0,0,0,0,0,84426,0
84429,-486,8130,226,69,-14,31,-67972,8,3,2,0,37468,129,31,144,0,0,0,0,0,0,0,0,-32304,0,0,0,0,0,84431,0
84434,-464,8124,228,67,-12,34,-67973,-1,-4,2,0,37470,133,31,144,0,0,0,0,0,0,0,0,-32304,0,0,0,0,0,84436,0
84439,-478,8124,242,68,-11,30,-67973,2,-5,1,0,37470,133,31,144,0,0,0,0,0,0,0,0,-32304,0,0,0,0,0,84441,0
84444,-480,8124,232,64,-10,29,-67973,7,-2,4,0,37470,130,31,144,0,0,0,0,0,0,0,0,-32304,0,0,0,0,0,84446,0
84449,-468,8124,238,69,-9,28,-67972,5,5,1,0,37470,130,31,144,0,0,0,0,0,0,0,0,-32304,0,0,0,0,0,84451,0
84454,-492,8114,248,65,-2,27,-67972,8,0,3,0,37467,129,31,144,0,0,0,0,0,0,0,0,-32304,0,0,0,0,0,84456,0
84459,-496,8114,244,58,-12,26,-67973,0,5,6,0,37467,129,31,144,0,0,0,0,0,0,0,0,-32303,0,0,0,0,0,84461,0
84464,-502,8114,240,63,-4,28,-67973,5,-3,4,0,37473,127,31,144,0,0,0,0,0,0,0,0,-32304,0,0,0,0,0,84466,0
84469,-522,8116,262,59,-7,27,-67973,-5,-11,3,0,37473,127,31,144,0,0,0,0,0,0,0,0,-32304,0,0,0,0,0,84471,0
84474,-516,8140,252,67,-6,22,-67972,-1,-1,3,0,37474,131,31,144,0,0,0,0,0,0,0,0,-32304,0,0,0,0,0,84476,0
84479,-502,8136,248,65,-8,23,-67972,1,-3,3,0,37474,131,31,144,0,0,0,0,0,0,0,0,-32303,0,0,0,0,0,84481,0
84484,-494,8134,230,67,-5,20,-67973,0,3,2,0,37474,131,31,144,0,0,0,0,0,0,0,0,-32304,0,0,0,0,0,84486,0
84489,-492,8122,230,71,-2,21,-67973,-9,-6,1,0,37474,131,31,144,0,0,0,0,0,0,0,0,-32304,0,0,0,0,0,84491,0
84494,-526,8114,226,63,-7,24,-67974,-9,2,0,0,37467,130,31,144,0,0,0,0,0,0,0,0,-32304,0,0,0,0,0,84496,0
84499,-540,8118,250,62,-10,26,-67972,3,1,1,0,37467,130,31,144,0,0,0,0,0,0,0,0,-32304,0,0,0,0,0,84501,0
84504,-542,8108,268,59,-11,22,-67974,-1,-2,2,0,37468,125,31,144,0,0,0,0,0,0,0,0,-32304,0,0,0,0,0,84506,0
84509,-538,8112,238,65,-7,23,-67972,3,5,2,0,37468,125,31,144,0,0,0,0,0,0,0,0,-32304,0,0,0,0,0,84511,0
84514,-534,8102,228,67,-6,24,-67972,3,1,3,0,37469,115,31,144,0,0,0,0,0,0,0,0,-32304,0,0,0,0,0,84516,0
84519,-530,8128,246,70,-11,29,-67972,5,3,3,0,37469,115,31,144,0,0,0,0,0,0,0,0,-32304,0,0,0,0,0,84521,0
84524,-522,8124,244,69,-9,23,-67974,1,0,2,0,37470,116,31,144,0,0,0,0,0,0,0,0,-32304,0,0,0,0,0,84526,0
84529,-518,8128,244,62,-12,30,-67973,1,-2,3,0,37470,116,31,144,0,0,0,0,0,0,0,0,-32303,0,0,0,0,0,84531,0
84534,-506,8114,238,63,-4,28,-67972,3,-5,1,0,37470,118,31,144,0,0,0,0,0,0,0,0,-32303,0,0,0,0,0,84536,0
84539,-538,8138,252,67,-6,23,-67972,4,1,0,0,37470,118,31,144,0,0,0,0,0,0,0,0,-32303,0,0,0,0,0,84541,0
84544,-536,8124,252,72,-5,31,-67973,0,0,4,0,37472,122,31,144,0,0,0,0,0,0,0,0,-32304,0,0,0,0,0,84546,0
84549,-512,8128,236,68,-13,27,-67972,2,-1,2,0,37472,122,31,144,0,0,0,0,0,0,0,0,-32303,0,0,0,0,0,84551,0
84554,-522,8110,244,66,-11,24,-67973,-3,-1,3,0,37473,121,31,144,0,0,0,0,0,0,0,0,-32304,0,0,0,0,0,84556,0
84559,-490,8138,246,70,-8,24,-67972,5,-1,2,0,37473,121,31,144,0,0,0,0,0,0,0,0,-32303,0,0,0,0,0,84561,0
84564,-514,8118,258,63,-8,28,-67973,-1,-3,2,0,37473,117,31,144,0,0,0,0,0,0,0,0,-32303,0,0,0,0,0,84566,0
84569,-506,8122,232,66,-8,28,-67973,1,0,2,0,37473,117,31,144,0,0,0,0,0,0,0,0,-32304,0,0,0,0,0,84571,0
84574,-510,8126,262,71,-14,30,-67973,0,0,1,0,37472,124,31,144,0,0,0,0,0,0,0,0,-32304,0,0,0,0,0,84576,0
84579,-518,8114,256,68,-7,25,-67974,-5,-1,2,0,37472,124,31,144,0,0,0,0,0,0,0,0,-32304,0,0,0,0,0,84581,0
84584,-532,8072,242,72,-7,24,-67973,-2,1,2,0,37471,126,31,144,0,0,0,0,0,0,0,0,-32304,0,0,0,0,0,84586,0
84589,-532,8086,264,69,-14,24,-67973,-3,0,1,0,37471,126,31,144,0,0,0,0,0,0,0,0,-32304,0,0,0,0,0,84591,0
84594,-534,8122,266,72,-10,31,-67972,7,4,3,0,37468,124,31,144,0,0,0,0,0,0,0,0,-32304,0,0,0,0,0,84596,0
84599,-546,8134,250,73,-10,26,-67973,-6,0,4,0,37468,124,31,144,0,0,0,0,0,0,0,0,-32304,0,0,0,0,0,84602,0
84604,-544,8132,258,70,-12,29,-67973,-6,1,3,0,37466,119,31,144,0,0,0,0,0,0,0,0,-32304,0,0,0,0,0,84607,0
84609,-526,8112,266,71,-10,30,-67973,0,2,5,0,37466,119,31,144,0,0,0,0,0,0,0,0,-32303,0,0,0,0,0,84611,0
84614,-556,8114,258,77,-9,36,-67973,-4,-3,2,0,37463,118,31,144,0,0,0,0,0,0,0,0,-32304,0,0,0,0,0,84616,0
84619,-542,8086,266,70,-8,30,-67973,-3,-1,2,0,37463,118,31,144,0,0,0,0,0,0,0,0,-32304,0,0,0,0,0,84621,0
84624,-542,8112,264,79,-14,30,-67973,-1,0,2,0,37463,124,31,144,0,0,0,0,0,0,0,0,-32304,0,0,0,0,0,84626,0
84629,-534,8118,260,78,-12,31,-67973,-3,-1,2,0,37463,124,31,144,0,0,0,0,0,0,0,0,-32303,0,0,0,0,0,84631,0
84634,-522,8092,270,74,-4,32,-67974,0,-5,3,0,37464,124,31,144,0,0,0,0,0,0,0,0,-32304,0,0,0,0,0,84636,0
84639,-512,8130,254,74,-17,32,-67973,-1,0,1,0,37464,124,31,144,0,0,0,0,0,0,0,0,-32304,0,0,0,0,0,84641,0
84644,-506,8108,256,72,-14,32,-67974,-11,-2,2,0,37466,119,31,144,0,0,0,0,0,0,0,0,-32304,0,0,0,0,0,84646,0
84649,-490,8130,252,75,-18,31,-67973,0,1,2,0,37466,119,31,144,0,0,0,0,0,0,0,0,-32304,0,0,0,0,0,84651,0
84654,-490,8116,244,77,-15,34,-67973,0,-5,4,0,37466,120,31,144,0,0,0,0,0,0,0,0,-32304,0,0,0,0,0,84656,0
84659,-480,8126,276,71,-11,30,-67972,1,4,3,0,37466,120,31,144,0,0,0,0,0,0,0,0,-32304,0,0,0,0,0,84662,0
84664,-492,8122,248,79,-16,29,-67972,-1,2,1,0,37467,128,31,144,0,0,0,0,0,0,0,0,-32304,0,0,0,0,0,84666,0
84669,-488,8152,242,79,-9,26,-67973,-4,1,4,0,37467,128,31,144,0,0,0,0,0,0,0,0,-32303,0,0,0,0,0,84671,0
84674,-484,8126,238,80,-14,29,-67972,0,2,5,0,37466,131,31,144,0,0,0,0,0,0,0,0,-32304,0,0,0,0,0,84676,0
84679,-518,8126,238,82,-12,25,-67973,1,1,3,0,37466,131,31,144,0,0,0,0,0,0,0,0,-32304,0,0,0,0,0,84681,0
84684,-500,8102,232,77,-12,27,-67973,-3,1,2,0,37466,129,31,144,0,0,0,0,0,0,0,0,-32304,0,0,0,0,0,84686,0
84689,-500,8128,240,80,-14,23,-67974,-5,-1,1,0,37466,129,31,144,0,0,0,0,0,0,0,0,-32304,0,0,0,0,0,84691,0
84694,-502,8136,248,81,-15,26,-67972,-1,0,2,0,37465,130,31,144,0,0,0,0,0,0,0,0,-32304,0,0,0,0,0,84696,0
84699,-512,8118,248,71,-11,27,-67973,-3,2,3,0,37465,130,31,144,0,0,0,0,0,0,0,0,-32304,0,0,0,0,0,84701,0
84704,-496,8124,240,76,-13,27,-67972,0,-4,2,0,37465,133,31,144,0,0,0,0,0,0,0,0,-32304,0,0,0,0,0,84706,0
84709,-496,8120,208,74,-10,28,-67973,-4,-1,3,0,37465,133,31,144,0,0,0,0,0,0,0,0,-32304,0,0,0,0,0,84711,0
84714,-508,8090,228,82,-8,27,-67973,-2,1,3,0,37465,134,31,144,0,0,0,0,0,0,0,0,-32304,0,0,0,0,0,84716,0
84719,-508,8152,236,72,-11,31,-67974,-5,-6,3,0,37465,134,31,144,0,0,0,0,0,0,0,0,-32304,0,0,0,0,0,84721,0
84724,-516,8130,214,70,-9,24,-67973,5,4,3,0,37467,136,31,144,0,0,0,0,0,0,0,0,-32304,0,0,0,0,0,84726,0
84729,-522,8126,218,74,-13,24,-67973,1,1,3,0,37467,136,31,144,0,0,0,0,0,0,0,0,-32304,0,0,0,0,0,84731,0
84734,-518,8112,218,79,-9,27,-67973,-1,0,3,0,37468,131,31,144,0,0,0,0,0,0,0,0,-32304,0,0,0,0,0,84736,0
84739,-508,8124,246,76,-9,26,-67974,0,1,1,0,37468,131,31,144,0,0,0,0,0,0,0,0,-32304,0,0,0,0,0,84741,0
84744,-514,8104,210,67,-8,28,-67972,-1,2,2,0,37465,125,31,144,0,0,0,0,0,0,0,0,-32304,0,0,0,0,0,84746,0
84749,-514,8152,218,73,-9,26,-67974,-3,-2,0,0,37465,125,31,144,0,0,0,0,0,0,0,0,-32303,0,0,0,0,0,84751,0
84754,-492,8136,210,73,-4,24,-67972,3,1,2,0,37466,125,31,144,0,0,0,0,0,0,0,0,-32304,0,0,0,0,0,84757,0
84759,-506,8134,234,66,-8,25,-67972,1,-3,2,0,37466,125,31,144,0,0,0,0,0,0,0,0,-32304,0,0,0,0,0,84761,0
84764,-510,8106,248,71,-7,28,-67973,1,0,2,0,37467,128,31,144,0,0,0,0,0,0,0,0,-32304,0,0,0,0,0,84766,0
84769,-512,8146,220,69,-4,25,-67973,1,0,3,0,37467,128,31,144,0,0,0,0,0,0,0,0,-32304,0,0,0,0,0,84772,0
84774,-504,8126,222,64,-6,23,-67973,2,-2,4,0,37479,140,31,144,0,0,0,0,0,0,0,0,-32303,0,0,0,0,0,84776,0
84779,-522,8130,204,67,-2,27,-67972,5,2,3,0,37479,140,31,144,0,0,0,0,0,0,0,0,-32304,0,0,0,0,0,84781,0
84784,-540,8116,226,69,2,30,-67972,-1,4,2,0,37476,137,31,144,0,0,0,0,0,0,0,0,-32304,0,0,0,0,0,84786,0
84789,-518,8122,238,65,-2,28,-67973,-5,-2,0,0,37476,137,31,144,0,0,0,0,0,0,0,0,-32304,0,0,0,0,0,84792,0
84794,-512,8108,236,68,-4,25,-67974,-5,-2,3,0,37473,130,31,144,0,0,0,0,0,0,0,0,-32304,0,0,0,0,0,84796,0
84799,-514,8110,230,63,-11,25,-67973,-1,-2,4,0,37473,130,31,144,0,0,0,0,0,0,0,0,-32304,0,0,0,0,0,84801,0
84804,-520,8118,228,67,-4,22,-67973,0,0,2,0,37466,122,31,144,0,0,0,0,0,0,0,0,-32304,0,0,0,0,0,84806,0
84809,-510,8138,234,70,-6,25,-67974,0,-1,2,0,37466,122,31,144,0,0,0,0,0,0,0,0,-32304,0,0,0,0,0,84811,0
84814,-524,8132,258,64,-8,26,-67973,3,0,2,0,37463,112,31,144,0,0,0,0,0,0,0,0,-32304,0,0,0,0,0,84816,0
84819,-506,8144,234,66,-12,32,-67974,1,1,1,0,37463,112,31,144,0,0,0,0,0,0,0,0,-32304,0,0,0,0,0,84821,0
84824,-520,8118,254,64,-11,25,-67971,5,4,2,0,37464,113,31,144,0,0,0,0,0,0,0,0,-32304,0,0,0,0,0,84826,0
84829,-520,8126,230,65,-6,24,-67972,7,5,2,0,37464,113,31,144,0,0,0,0,0,0,0,0,-32304,0,0,0,0,0,84832,0
84834,-496,8114,222,68,-10,25,-67973,1,0,1,0,37464,116,31,144,0,0,0,0,0,0,0,0,-32303,0,0,0,0,0,84837,0
84839,-508,8094,244,65,-12,25,-67973,1,-1,0,0,37464,116,31,144,0,0,0,0,0,0,0,0,-32304,0,0,0,0,0,84841,0
84844,-544,8136,260,67,-8,28,-67973,2,2,2,0,37465,124,31,144,0,0,0,0,0,0,0,0,-32304,0,0,0,0,0,84846,0
84849,-500,8088,254,67,-16,27,-67974,-5,0,3,0,37465,124,31,144,0,0,0,0,0,0,0,0,-32304,0,0,0,0,0,84852,0
84854,-514,8114,244,67,-17,26,-67973,0,3,3,0,37466,127,31,144,0,0,0,0,0,0,0,0,-32304,0,0,0,0,0,84856,0
84859,-518,8120,232,64,-11,20,-67973,5,3,4,0,37466,127,31,144,0,0,0,0,0,0,0,0,-32303,0,0,0,0,0,84862,0
84864,-502,8126,260,69,-11,26,-67974,-5,4,4,0,37466,121,31,144,0,0,0,0,0,0,0,0,-32304,0,0,0,0,0,84867,0
84869,-508,8144,230,72,-12,29,-67973,-5,0,3,0,37466,121,31,144,0,0,0,0,0,0,0,0,-32304,0,0,0,0,0,84872,0
84874,-516,8138,216,67,-5,20,-67973,-3,4,2,0,37471,118,31,144,0,0,0,0,0,0,0,0,-32304,0,0,0,0,0,84877,0
84879,-530,8122,242,68,-6,25,-67973,5,1,3,0,37471,118,31,144,0,0,0,0,0,0,0,0,-32304,0,0,0,0,0,84882,0
84884,-522,8106,234,66,-11,25,-67973,0,0,3,0,37470,120,31,144,0,0,0,0,0,0,0,0,-32304,0,0,0,0,0,84887,0
84889,-522,8120,224,66,-11,20,-67973,2,1,3,0,37470,120,31,144,0,0,0,0,0,0,0,0,-32304,0,0,0,0,0,84892,0
84894,-522,8120,226,75,-8,24,-67973,-2,0,1,0,37471,123,31,144,0,0,0,0,0,0,0,0,-32304,0,0,0,0,0,84897,0
84899,-498,8130,220,73,-3,25,-67973,0,3,2,0,37471,123,31,144,0,0,0,0,0,0,0,0,-32304,0,0,0,0,0,84902,0
84904,-552,8132,230,67,-6,26,-67972,3,3,3,0,37471,123,31,144,0,0,0,0,0,0,0,0,-32304,0,0,0,0,0,84907,0
84909,-514,8096,222,71,-4,24,-67972,5,1,3,0,37471,123,31,144,0,0,0,0,0,0,0,0,-32303,0,0,0,0,0,84912,0
84914,-512,8122,222,68,-6,23,-67974,0,1,2,0,37464,133,31,144,0,0,0,0,0,0,0,0,-32304,0,0,0,0,0,84917,0
84919,-522,8112,226,64,-9,25,-67974,-7,0,1,0,37464,133,31,144,0,0,0,0,0,0,0,0,-32304,0,0,0,0,0,84922,0
84924,-568,8140,228,65,-7,26,-67973,5,-4,1,0,37465,133,31,144,0,0,0,0,0,0,0,0,-32304,0,0,0,0,0,84927,0
84929,-532,8120,240,72,-9,22,-67971,5,5,1,0,37465,133,31,144,0,0,0,0,0,0,0,0,-32304,0,0,0,0,0,84932,0
84934,-546,8094,238,73,-9,25,-67972,4,-1,2,0,37466,131,31,144,0,0,0,0,0,0,0,0,-32303,0,0,0,0,0,84937,0
84939,-510,8094,230,67,-7,31,-67973,4,2,2,0,37466,131,31,144,0,0,0,0,0,0,0,0,-32304,0,0,0,0,0,84942,0
84944,-540,8116,222,72,-8,25,-67972,3,-1,3,0,37465,127,31,144,0,0,0,0,0,0,0,0,-32304,0,0,0,0,0,84947,0
84949,-526,8128,232,69,-9,33,-67973,1,-5,1,0,37465,127,31,144,0,0,0,0,0,0,0,0,-32304,0,0,0,0,0,84952,0
84954,-540,8114,220,69,-10,29,-67973,-2,-2,2,0,37466,123,31,144,0,0,0,0,0,0,0,0,-32304,0,0,0,0,0,84957,0
84959,-544,8124,242,61,-5,28,-67972,4,-1,4,0,37466,123,31,144,0,0,0,0,0,0,0,0,-32304,0,0,0,0,0,84962,0
84964,-530,8092,244,71,-8,30,-67973,3,3,2,0,37465,127,31,144,0,0,0,0,0,0,0,0,-32304,0,0,0,0,0,84967,0
84969,-548,8126,242,67,-6,33,-67973,3,2,2,0,37465,127,31,144,0,0,0,0,0,0,0,0,-32304,0,0,0,0,0,84972,0
84974,-552,8128,268,63,-11,29,-67974,-1,2,2,0,37464,125,31,144,0,0,0,0,0,0,0,0,-32303,0,0,0,0,0,84977,0
84979,-532,8130,236,66,-11,31,-67974,-3,5,4,0,37464,125,31,144,0,0,0,0,0,0,0,0,-32304,0,0,0,0,0,84982,0
84984,-494,8110,244,66,-15,32,-67973,0,-1,2,0,37469,124,31,144,0,0,0,0,0,0,0,0,-32303,0,0,0,0,0,84987,0
84989,-516,8100,246,68,-16,28,-67973,1,3,2,0,37469,124,31,144,0,0,0,0,0,0,0,0,-32303,0,0,0,0,0,84992,0
84994,-514,8116,232,66,-14,28,-67972,0,4,2,0,37475,126,31,144,0,0,0,0,0,0,0,0,-32304,0,0,0,0,0,84997,0
84999,-504,8100,242,72,-14,28,-67973,1,-3,2,0,37475,126,31,144,0,0,0,0,0,0,0,0,-32304,0,0,0,0,0,85002,0
85004,-482,8152,260,74,-16,31,-67972,1,-3,2,0,37490,133,31,144,0,0,0,0,0,0,0,0,-32303,0,0,0,0,0,85007,0
85009,-482,8106,234,72,-16,29,-67972,1,-3,3,0,37490,133,31,144,0,0,0,0,0,0,0,0,-32304,0,0,0,0,0,85012,0
85014,-472,8142,222,68,-11,28,-67972,1,0,2,0,37496,117,31,144,0,0,0,0,0,0,0,0,-32304,0,0,0,0,0,85017,0
85019,-498,8132,262,67,-21,24,-67972,3,-2,1,0,37496,117,31,144,0,0,0,0,0,0,0,0,-32304,0,0,0,0,0,85022,0
85024,-478,8116,244,63,-16,28,-67972,0,-4,2,0,37492,117,31,144,0,0,0,0,0,0,0,0,-32304,0,0,0,0,0,85027,0
85029,-484,8118,250,68,-11,25,-67972,1,-1,0,0,37492,117,31,144,0,0,0,0,0,0,0,0,-32304,0,0,0,0,0,85032,0
85034,-500,8100,260,66,-11,27,-67973,3,-2,1,0,37481,113,31,144,0,0,0,0,0,0,0,0,-32304,0,0,0,0,0,85037,0
85039,-516,8126,230,74,-11,27,-67973,2,0,2,0,37481,113,31,144,0,0,0,0,0,0,0,0,-32304,0,0,0,0,0,85042,0
85044,-524,8132,206,72,-9,22,-67972,3,-2,3,0,37464,118,31,144,0,0,0,0,0,0,0,0,-32304,0,0,0,0,0,85047,0
85049,-538,8112,234,72,-11,25,-67973,0,3,2,0,37464,118,31,144,0,0,0,0,0,0,0,0,-32304,0,0,0,0,0,85052,0
85054,-544,8134,234,72,-10,23,-67973,4,1,2,0,37462,125,31,144,0,0,0,0,0,0,0,0,-32304,0,0,0,0,0,85057,0
85059,-544,8098,222,73,-3,22,-67973,2,-3,1,0,37462,125,31,144,0,0,0,0,0,0,0,0,-32304,0,0,0,0,0,85062,0
85064,-522,8116,256,71,-7,26,-67973,-1,0,0,0,37464,128,31,144,0,0,0,0,0,0,0,0,-32304,0,0,0,0,0,85066,0
85069,-538,8122,234,64,-15,30,-67972,4,-4,1,0,37464,128,31,144,0,0,0,0,0,0,0,0,-32304,0,0,0,0,0,85071,0
85074,-540,8122,232,64,-7,29,-67972,0,-3,2,0,37466,131,31,144,0,0,0,0,0,0,0,0,-32304,0,0,0,0,0,85076,0
85079,-518,8112,244,68,-11,30,-67974,-1,-1,3,0,37466,131,31,144,0,0,0,0,0,0,0,0,-32304,0,0,0,0,0,85081,0
85084,-526,8108,218,65,-9,30,-67972,4,-2,2,0,37467,124,31,144,0,0,0,0,0,0,0,0,-32304,0,0,0,0,0,85086,0
85089,-530,8110,244,69,-4,31,-67972,7,-1,0,0,37467,124,31,144,0,0,0,0,0,0,0,0,-32304,0,0,0,0,0,85091,0
85094,-506,8140,228,61,-1,29,-67972,6,0,0,0,37470,120,31,144,0,0,0,0,0,0,0,0,-32304,0,0,0,0,0,85096,0
85099,-524,8120,226,67,-4,29,-67972,5,-1,3,0,37470,120,31,144,0,0,0,0,0,0,0,0,-32303,0,0,0,0,0,85101,0
85104,-514,8128,222,66,-6,31,-67973,-4,-2,2,0,37470,122,31,144,0,0,0,0,0,0,0,0,-32304,0,0,0,0,0,85106,0
85109,-506,8130,230,66,-8,30,-67972,5,-4,2,0,37470,122,31,144,0,0,0,0,0,0,0,0,-32304,0,0,0,0,0,85111,0
85114,-502,8132,226,63,-12,31,-67972,9,-2,2,0,37469,125,31,144,0,0,0,0,0,0,0,0,-32303,0,0,0,0,0,85116,0
85119,-504,8110,222,63,-7,29,-67973,3,0,2,0,37469,125,31,144,0,0,0,0,0,0,0,0,-32304,0,0,0,0,0,85121,0
85124,-508,8104,232,58,-11,30,-67973,4,-1,2,0,37464,120,31,144,0,0,0,0,0,0,0,0,-32304,0,0,0,0,0,85126,0
85129,-530,8144,230,64,-8,35,-67973,2,0,1,0,37464,120,31,144,0,0,0,0,0,0,0,0,-32304,0,0,0,0,0,85131,0
85134,-508,8104,240,63,-11,27,-67973,1,-1,0,0,37462,117,31,144,0,0,0,0,0,0,0,0,-32304,0,0,0,0,0,85136,0
85139,-522,8120,216,61,-12,32,-67973,0,-3,1,0,37462,117,31,144,0,0,0,0,0,0,0,0,-32304,0,0,0,0,0,85141,0
85144,-474,8136,228,70,-8,31,-67973,-5,-3,3,0,37462,115,31,144,0,0,0,0,0,0,0,0,-32304,0,0,0,0,0,85146,0
85149,-506,8140,226,61,-7,24,-67973,-6,-4,3,0,37462,115,31,144,0,0,0,0,0,0,0,0,-32304,0,0,0,0,0,85151,0
85154,-518,8128,240,64,-9,26,-67972,5,0,3,0,37463,120,31,144,0,0,0,0,0,0,0,0,-32304,0,0,0,0,0,85156,0
85159,-490,8110,230,63,-13,30,-67974,-2,0,4,0,37463,120,31,144,0,0,0,0,0,0,0,0,-32304,0,0,0,0,0,85161,0
85164,-514,8120,236,69,-8,25,-67974,0,2,4,0,37465,120,31,144,0,0,0,0,0,0,0,0,-32305,0,0,0,0,0,85166,0
85169,-502,8146,228,62,-11,25,-67973,-5,-3,3,0,37465,120,31,144,0,0,0,0,0,0,0,0,-32304,0,0,0,0,0,85171,0
85174,-538,8106,254,63,-8,30,-67973,4,0,1,0,37466,125,31,144,0,0,0,0,0,0,0,0,-32304,0,0,0,0,0,85176,0
85179,-514,8124,254,64,-10,26,-67973,0,1,1,0,37466,125,31,144,0,0,0,0,0,0,0,0,-32304,0,0,0,0,0,85181,0
85184,-524,8100,236,63,-9,28,-67972,0,-2,2,0,37466,123,31,144,0,0,0,0,0,0,0,0,-32304,0,0,0,0,0,85186,0
85189,-514,8110,254,66,-11,30,-67973,0,0,2,0,37466,123,31,144,0,0,0,0,0,0,0,0,-32304,0,0,0,0,0,85191,0
85194,-506,8138,256,68,-11,31,-67973,-2,0,0,0,37466,135,31,144,0,0,0,0,0,0,0,0,-32304,0,0,0,0,0,85196,0
85199,-506,8104,246,66,-11,29,-67971,9,-3,3,0,37466,135,31,144,0,0,0,0,0,0,0,0,-32303,0,0,0,0,0,85201,0
85204,-542,8126,260,66,-8,23,-67973,0,0,2,0,37464,129,31,144,0,0,0,0,0,0,0,0,-32304,0,0,0,0,0,85206,0
85209,-554,8094,266,67,-6,33,-67974,-3,2,3,0,37464,129,31,144,0,0,0,0,0,0,0,0,-32304,0,0,0,0,0,85211,0
85214,-530,8122,242,63,-12,32,-67972,-2,-6,2,0,37463,128,31,144,0,0,0,0,0,0,0,0,-32304,0,0,0,0,0,85216,0
85219,-540,8126,256,64,-5,30,-67973,0,1,2,0,37463,128,31,144,0,0,0,0,0,0,0,0,-32304,0,0,0,0,0,85221,0
85224,-536,8124,242,73,-9,29,-67974,-5,4,3,0,37465,126,31,144,0,0,0,0,0,0,0,0,-32304,0,0,0,0,0,85226,0
85229,-534,8122,270,61,-8,32,-67973,-4,-4,1,0,37465,126,31,144,0,0,0,0,0,0,0,0,-32304,0,0,0,0,0,85231,0
85234,-526,8102,246,73,-8,30,-67972,2,1,3,0,37470,128,31,144,0,0,0,0,0,0,0,0,-32304,0,0,0,0,0,85236,0
85239,-492,8146,264,59,-14,36,-67973,-2,4,1,0,37470,128,31,144,0,0,0,0,0,0,0,0,-32304,0,0,0,0,0,85241,0
85244,-512,8112,244,62,-10,35,-67973,-1,0,2,0,37471,129,31,144,0,0,0,0,0,0,0,0,-32304,0,0,0,0,0,85246,0
85249,-492,8124,236,65,-13,32,-67973,0,-5,1,0,37471,129,31,144,0,0,0,0,0,0,0,0,-32304,0,0,0,0,0,85251,0
85254,-496,8132,238,64,-15,37,-67972,6,2,3,0,37470,123,31,144,0,0,0,0,0,0,0,0,-32304,0,0,0,0,0,85256,0
85259,-518,8112,242,68,-10,30,-67973,1,0,4,0,37470,123,31,144,0,0,0,0,0,0,0,0,-32304,0,0,0,0,0,85261,0
85264,-504,8122,254,67,-9,36,-67972,4,2,5,0,37467,127,31,144,0,0,0,0,0,0,0,0,-32304,0,0,0,0,0,85266,0
85269,-520,8118,224,65,-10,36,-67973,7,-1,3,0,37467,127,31,144,0,0,0,0,0,0,0,0,-32304,0,0,0,0,0,85271,0
85274,-500,8130,226,67,-13,32,-67972,3,1,2,0,37467,131,31,144,0,0,0,0,0,0,0,0,-32304,0,0,0,0,0,85276,0
85279,-522,8124,216,73,-12,32,-67973,3,-3,3,0,37467,131,31,144,0,0,0,0,0,0,0,0,-32303,0,0,0,0,0,85281,0
85284,-532,8152,226,66,-12,30,-67973,5,0,3,0,37467,136,31,144,0,0,0,0,0,0,0,0,-32304,0,0,0,0,0,85286,0
85289,-526,8126,260,65,-12,32,-67972,4,-4,1,0,37467,136,31,144,0,0,0,0,0,0,0,0,-32304,0,0,0,0,0,85291,0
85294,-496,8124,234,68,-12,28,-67974,-3,-4,2,0,37469,130,31,144,0,0,0,0,0,0,0,0,-32304,0,0,0,0,0,85296,0
85299,-498,8114,242,62,-14,26,-67973,0,0,4,0,37469,130,31,144,0,0,0,0,0,0,0,0,-32304,0,0,0,0,0,85301,0
85304,-500,8096,222,61,-10,29,-67973,4,-3,2,0,37470,121,31,144,0,0,0,0,0,0,0,0,-32304,0,0,0,0,0,85306,0
85309,-510,8124,230,66,-9,26,-67973,-3,-2,3,0,37470,121,31,144,0,0,0,0,0,0,0,0,-32304,0,0,0,0,0,85311,0
85314,-490,8128,236,66,-10,25,-67974,0,-2,2,0,37470,111,31,144,0,0,0,0,0,0,0,0,-32304,0,0,0,0,0,85316,0
85319,-468,8128,230,65,-7,31,-67974,-6,-2,3,0,37470,111,31,144,0,0,0,0,0,0,0,0,-32304,0,0,0,0,0,85321,0
85324,-524,8118,240,63,-7,28,-67973,-5,1,2,0,37473,113,31,144,0,0,0,0,0,0,0,0,-32304,0,0,0,0,0,85326,0
85329,-498,8122,226,66,-13,27,-67973,5,-1,2,0,37473,113,31,144,0,0,0,0,0,0,0,0,-32304,0,0,0,0,0,85331,0
85334,-500,8142,234,60,-3,25,-67972,5,4,3,0,37465,121,31,144,0,0,0,0,0,0,0,0,-32304,0,0,0,0,0,85336,0
85339,-512,8114,214,66,-13,27,-67973,-2,-2,1,0,37465,121,31,144,0,0,0,0,0,0,0,0,-32304,0,0,0,0,0,85341,0
85344,-504,8122,230,56,-10,29,-67974,-3,4,3,0,37463,122,31,144,0,0,0,0,0,0,0,0,-32304,0,0,0,0,0,85346,0
85349,-490,8120,234,65,-3,22,-67974,-5,0,2,0,37463,122,31,144,0,0,0,0,0,0,0,0,-32304,0,0,0,0,0,85351,0
85354,-514,8112,216,59,-9,27,-67973,-5,-1,3,0,37464,121,31,144,0,0,0,0,0,0,0,0,-32304,0,0,0,0,0,85356,0
85359,-536,8096,216,68,-1,25,-67973,0,1,2,0,37464,121,31,144,0,0,0,0,0,0,0,0,-32304,0,0,0,0,0,85361,0
85364,-548,8104,242,58,-3,30,-67973,5,4,2,0,37467,121,31,144,0,0,0,0,0,0,0,0,-32304,0,0,0,0,0,85366,0
85369,-546,8112,236,67,-10,27,-67972,6,0,2,0,37467,121,31,144,0,0,0,0,0,0,0,0,-32304,0,0,0,0,0,85371,0
85374,-542,8102,230,60,-8,30,-67973,-2,5,3,0,37469,118,31,144,0,0,0,0,0,0,0,0,-32304,0,0,0,0,0,85376,0
85379,-530,8136,232,61,-3,23,-67974,-4,3,2,0,37469,118,31,144,0,0,0,0,0,0,0,0,-32304,0,0,0,0,0,85381,0
85384,-532,8110,238,56,-3,30,-67974,-7,-5,2,0,37469,123,31,144,0,0,0,0,0,0,0,0,-32304,0,0,0,0,0,85386,0
85389,-544,8120,232,60,-5,27,-67974,-7,-3,2,0,37469,123,31,144,0,0,0,0,0,0,0,0,-32304,0,0,0,0,0,85391,0
85394,-536,8142,240,63,-3,29,-67972,1,4,1,0,37474,122,31,144,0,0,0,0,0,0,0,0,-32304,0,0,0,0,0,85396,0
85399,-508,8116,244,59,-5,30,-67974,-6,6,5,0,37474,122,31,144,0,0,0,0,0,0,0,0,-32304,0,0,0,0,0,85401,0
85404,-542,8134,248,60,-3,30,-67973,0,1,3,0,37478,123,31,144,0,0,0,0,0,0,0,0,-32304,0,0,0,0,0,85406,0
85409,-528,8134,212,62,-8,27,-67973,-2,-1,3,0,37478,123,31,144,0,0,0,0,0,0,0,0,-32304,0,0,0,0,0,85411,0
85414,-520,8134,242,59,-5,34,-67973,1,4,3,0,37480,127,31,144,0,0,0,0,0,0,0,0,-32303,0,0,0,0,0,85416,0
85419,-506,8142,246,65,-4,23,-67973,-4,1,2,0,37480,127,31,144,0,0,0,0,0,0,0,0,-32304,0,0,0,0,0,85421,0
85424,-508,8116,254,60,-4,31,-67973,1,1,3,0,37480,131,31,144,0,0,0,0,0,0,0,0,-32304,0,0,0,0,0,85426,0
85429,-504,8128,244,62,-10,27,-67973,0,-2,4,0,37480,131,31,144,0,0,0,0,0,0,0,0,-32303,0,0,0,0,0,85431,0
85434,-512,8128,248,55,-4,31,-67974,0,0,3,0,37475,129,31,144,0,0,0,0,0,0,0,0,-32304,0,0,0,0,0,85436,0
85439,-516,8124,258,61,-11,29,-67973,-1,2,1,0,37475,129,31,144,0,0,0,0,0,0,0,0,-32303,0,0,0,0,0,85441,0
85444,-498,8118,250,63,-12,31,-67972,3,3,2,0,37476,130,31,144,0,0,0,0,0,0,0,0,-32303,0,0,0,0,0,85446,0
85449,-530,8136,254,64,-11,33,-67972,5,0,3,0,37476,130,31,144,0,0,0,0,0,0,0,0,-32304,0,0,0,0,0,85451,0
85454,-508,8122,250,64,-13,30,-67974,2,-2,2,0,37474,119,31,144,0,0,0,0,0,0,0,0,-32304,0,0,0,0,0,85458,0
85459,-520,8130,238,62,-12,32,-67973,6,-4,3,0,37474,119,31,144,0,0,0,0,0,0,0,0,-32304,0,0,0,0,0,85463,0
85464,-492,8110,250,61,-10,30,-67973,0,0,2,0,37475,119,31,144,0,0,0,0,0,0,0,0,-32304,0,0,0,0,0,85468,0
85469,-522,8102,238,60,-8,28,-67972,-1,2,3,0,37475,119,31,144,0,0,0,0,0,0,0,0,-32304,0,0,0,0,0,85473,0
85474,-518,8114,242,58,-7,33,-67972,3,-3,2,0,37475,118,31,144,0,0,0,0,0,0,0,0,-32304,0,0,0,0,0,85478,0
85479,-530,8124,242,62,-7,29,-67972,5,-2,4,0,37475,118,31,144,0,0,0,0,0,0,0,0,-32304,0,0,0,0,0,85483,0
85484,-514,8160,226,64,-7,28,-67972,5,-4,4,0,37476,118,31,144,0,0,0,0,0,0,0,0,-32304,0,0,0,0,0,85488,0
85489,-500,8120,228,66,0,29,-67973,-3,1,1,0,37476,118,31,144,0,0,0,0,0,0,0,0,-32304,0,0,0,0,0,85493,0
85494,-528,8126,234,63,-6,26,-67973,-5,-2,2,0,37473,117,31,144,0,0,0,0,0,0,0,0,-32304,0,0,0,0,0,85498,0
85499,-524,8128,230,56,-4,31,-67972,-3,-5,3,0,37473,117,31,144,0,0,0,0,0,0,0,0,-32304,0,0,0,0,0,85503,0
85504,-522,8142,220,61,-4,30,-67973,-3,0,3,0,37468,128,31,144,0,0,0,0,0,0,0,0,-32304,0,0,0,0,0,85508,0
85509,-528,8126,238,57,-5,29,-67972,0,-1,4,0,37468,128,31,144,0,0,0,0,0,0,0,0,-32303,0,0,0,0,0,85513,0
85514,-532,8146,238,57,-7,34,-67972,7,1,1,0,37466,130,31,144,0,0,0,0,0,0,0,0,-32304,0,0,0,0,0,85518,0
85519,-542,8146,208,55,-4,30,-67973,1,4,2,0,37466,130,31,144,0,0,0,0,0,0,0,0,-32304,0,0,0,0,0,85523,0
85524,-536,8108,240,51,-3,31,-67975,-8,-2,3,0,37468,130,31,144,0,0,0,0,0,0,0,0,-32304,0,0,0,0,0,85528,0
85529,-556,8148,220,54,-4,32,-67973,1,-5,2,0,37468,130,31,144,0,0,0,0,0,0,0,0,-32303,0,0,0,0,0,85533,0
85534,-534,8116,244,57,-7,34,-67972,1,2,2,0,37467,120,31,144,0,0,0,0,0,0,0,0,-32304,0,0,0,0,0,85538,0
85539,-548,8104,212,53,-5,38,-67973,-1,3,2,0,37467,120,31,144,0,0,0,0,0,0,0,0,-32304,0,0,0,0,0,85543,0
85544,-544,8116,216,55,-8,35,-67972,2,0,4,0,37469,129,31,144,0,0,0,0,0,0,0,0,-32304,0,0,0,0,0,85548,0
85549,-536,8134,230,48,-10,42,-67973,-1,-4,3,0,37469,129,31,144,0,0,0,0,0,0,0,0,-32304,0,0,0,0,0,85553,0
85554,-540,8120,218,54,-7,36,-67972,-1,-2,3,0,37466,129,31,144,0,0,0,0,0,0,0,0,-32304,0,0,0,0,0,85558,0
85559,-560,8130,220,57,-5,40,-67972,1,-1,3,0,37466,129,31,144,0,0,0,0,0,0,0,0,-32304,0,0,0,0,0,85563,0
85564,-546,8114,240,55,-9,40,-67973,0,1,3,0,37465,127,31,144,0,0,0,0,0,0,0,0,-32304,0,0,0,0,0,85568,0
85569,-570,8116,224,49,-10,42,-67974,0,-3,1,0,37465,127,31,144,0,0,0,0,0,0,0,0,-32304,0,0,0,0,0,85573,0
85574,-542,8108,240,51,-15,47,-67973,5,0,2,0,37466,123,31,144,0,0,0,0,0,0,0,0,-32304,0,0,0,0,0,85578,0
85579,-570,8124,242,45,-7,46,-67974,0,-1,1,0,37466,123,31,144,0,0,0,0,0,0,0,0,-32303,0,0,0,0,0,85583,0
85584,-576,8114,244,52,-11,47,-67973,0,3,3,0,37467,133,31,144,0,0,0,0,0,0,0,0,-32304,0,0,0,0,0,85588,0
85589,-570,8112,236,51,-10,48,-67973,-2,4,3,0,37467,133,31,144,0,0,0,0,0,0,0,0,-32304,0,0,0,0,0,85593,0
85594,-576,8100,244,51,-13,50,-67973,0,-3,3,0,37464,133,31,144,0,0,0,0,0,0,0,0,-32304,0,0,0,0,0,85598,0
85599,-550,8110,240,48,-9,53,-67972,0,0,1,0,37464,133,31,144,0,0,0,0,0,0,0,0,-32304,0,0,0,0,0,85603,0
85604,-528,8096,250,49,-15,51,-67972,6,1,2,0,37466,130,31,144,0,0,0,0,0,0,0,0,-32303,0,0,0,0,0,85608,0
85609,-534,8098,246,46,-16,51,-67974,-6,-2,3,0,37466,130,31,144,0,0,0,0,0,0,0,0,-32304,0,0,0,0,0,85613,0
85614,-518,8126,234,54,-12,57,-67973,2,1,2,0,37467,119,31,144,0,0,0,0,0,0,0,0,-32304,0,0,0,0,0,85618,0
85619,-546,8116,234,49,-12,57,-67973,-1,-1,2,0,37467,119,31,144,0,0,0,0,0,0,0,0,-32304,0,0,0,0,0,85623,0
85624,-500,8122,244,53,-15,56,-67973,2,1,3,0,37469,115,31,144,0,0,0,0,0,0,0,0,-32304,0,0,0,0,0,85628,0
85629,-500,8132,206,39,-11,60,-67973,2,-1,3,0,37469,115,31,144,0,0,0,0,0,0,0,0,-32304,0,0,0,0,0,85633,0
85634,-500,8120,242,46,-11,60,-67973,-5,3,2,0,37469,122,31,144,0,0,0,0,0,0,0,0,-32304,0,0,0,0,0,85638,0
85639,-500,8102,218,44,-16,56,-67973,-4,4,1,0,37469,122,31,144,0,0,0,0,0,0,0,0,-32303,0,0,0,0,0,85643,0
85644,-482,8136,230,44,-8,55,-67973,-1,-2,2,0,37461,127,31,144,0,0,0,0,0,0,0,0,-32304,0,0,0,0,0,85648,0
85649,-506,8132,242,43,-14,55,-67974,-4,-2,1,0,37461,127,31,144,0,0,0,0,0,0,0,0,-32304,0,0,0,0,0,85653,0
85654,-512,8138,214,42,-10,59,-67973,-6,1,2,0,37461,130,31,144,0,0,0,0,0,0,0,0,-32304,0,0,0,0,0,85658,0
85659,-496,8120,230,42,-9,55,-67972,0,1,5,0,37461,130,31,144,0,0,0,0,0,0,0,0,-32304,0,0,0,0,0,85663,0
85664,-486,8134,230,39,-6,56,-67973,4,-1,2,0,37463,127,31,144,0,0,0,0,0,0,0,0,-32304,0,0,0,0,0,85668,0
85669,-508,8100,244,36,-4,58,-67973,0,1,3,0,37463,127,31,144,0,0,0,0,0,0,0,0,-32304,0,0,0,0,0,85673,0
85674,-478,8136,244,39,-8,58,-67974,-3,-2,2,0,37462,125,31,144,0,0,0,0,0,0,0,0,-32304,0,0,0,0,0,85678,0
85679,-488,8144,242,37,-7,55,-67972,10,4,3,0,37462,125,31,144,0,0,0,0,0,0,0,0,-32304,0,0,0,0,0,85683,0
85684,-500,8126,214,39,-10,56,-67973,3,3,2,0,37461,131,31,144,0,0,0,0,0,0,0,0,-32304,0,0,0,0,0,85688,0
85689,-482,8120,234,29,-5,57,-67972,4,1,1,0,37461,131,31,144,0,0,0,0,0,0,0,0,-32304,0,0,0,0,0,85693,0
85694,-498,8124,238,31,-2,55,-67972,9,3,3,0,37464,134,31,144,0,0,0,0,0,0,0,0,-32304,0,0,0,0,0,85698,0
85699,-518,8118,236,33,-14,55,-67974,5,-1,4,0,37464,134,31,144,0,0,0,0,0,0,0,0,-32304,0,0,0,0,0,85703,0
85704,-484,8134,226,31,-6,55,-67973,0,0,2,0,37467,135,31,144,0,0,0,0,0,0,0,0,-32304,0,0,0,0,0,85708,0
85709,-474,8110,250,37,-7,54,-67973,-1,1,3,0,37467,135,31,144,0,0,0,0,0,0,0,0,-32304,0,0,0,0,0,85713,0
85714,-484,8104,244,24,-5,53,-67973,0,0,1,0,37470,134,31,144,0,0,0,0,0,0,0,0,-32304,0,0,0,0,0,85718,0
85719,-494,8146,232,30,-11,57,-67973,3,2,1,0,37470,134,31,144,0,0,0,0,0,0,0,0,-32304,0,0,0,0,0,85723,0
85724,-496,8148,258,32,-8,55,-67972,3,0,3,0,37470,133,31,144,0,0,0,0,0,0,0,0,-32304,0,0,0,0,0,85728,0
85729,-486,8142,250,18,-11,53,-67973,2,1,3,0,37470,133,31,144,0,0,0,0,0,0,0,0,-32304,0,0,0,0,0,85733,0
85734,-482,8142,244,21,-7,57,-67973,-7,0,3,0,37467,138,31,144,0,0,0,0,0,0,0,0,-32304,0,0,0,0,0,85738,0
85739,-464,8110,266,24,-9,56,-67973,-5,1,1,0,37467,138,31,144,0,0,0,0,0,0,0,0,-32303,0,0,0,0,0,85743,0
85744,-454,8142,266,20,-11,47,-67974,-3,-1,2,0,37465,133,31,144,0,0,0,0,0,0,0,0,-32303,0,0,0,0,0,85748,0
85749,-456,8128,226,25,-3,50,-67972,0,-5,2,0,37465,133,31,144,0,0,0,0,0,0,0,0,-32303,0,0,0,0,0,85753,0
85754,-466,8168,240,26,-5,53,-67973,-3,-2,2,0,37465,123,31,144,0,0,0,0,0,0,0,0,-32303,0,0,0,0,0,85758,0
85759,-460,8144,264,27,-4,53,-67974,-1,-5,2,0,37465,123,31,144,0,0,0,0,0,0,0,0,-32304,0,0,0,0,0,85763,0
85764,-460,8116,282,21,-10,50,-67973,-1,-2,2,0,37464,116,31,144,0,0,0,0,0,0,0,0,-32304,0,0,0,0,0,85768,0
85769,-474,8136,250,22,-8,48,-67975,-6,-1,3,0,37464,116,31,144,0,0,0,0,0,0,0,0,-32304,0,0,0,0,0,85773,0
85774,-478,8146,250,24,-6,46,-67974,-1,-1,2,0,37464,121,31,144,0,0,0,0,0,0,0,0,-32304,0,0,0,0,0,85778,0
85779,-470,8130,268,17,-10,48,-67973,1,2,3,0,37464,121,31,144,0,0,0,0,0,0,0,0,-32304,0,0,0,0,0,85783,0
85784,-474,8102,266,19,-8,45,-67973,6,1,3,0,37463,126,31,144,0,0,0,0,0,0,0,0,-32304,0,0,0,0,0,85788,0
85789,-488,8078,290,18,-8,49,-67973,0,-2,1,0,37463,126,31,144,0,0,0,0,0,0,0,0,-32304,0,0,0,0,0,85793,0
85794,-480,8162,266,17,-10,49,-67973,0,1,3,0,37464,126,31,144,0,0,0,0,0,0,0,0,-32304,0,0,0,0,0,85798,0
85799,-528,8114,260,22,-4,48,-67973,0,0,4,0,37464,126,31,144,0,0,0,0,0,0,0,0,-32304,0,0,0,0,0,85803,0
85804,-522,8120,256,22,-12,48,-67973,0,-3,3,0,37462,128,31,144,0,0,0,0,0,0,0,0,-32304,0,0,0,0,0,85808,0
85809,-518,8108,270,18,-15,48,-67973,1,-2,3,0,37462,128,31,144,0,0,0,0,0,0,0,0,-32304,0,0,0,0,0,85813,0
85814,-514,8114,274,19,-11,51,-67973,1,-1,2,0,37463,123,31,144,0,0,0,0,0,0,0,0,-32304,0,0,0,0,0,85818,0
85819,-514,8110,290,22,-13,53,-67974,-6,-1,2,0,37463,123,31,144,0,0,0,0,0,0,0,0,-32303,0,0,0,0,0,85823,0
85824,-488,8128,284,19,-11,51,-67973,-3,-2,5,0,37464,119,31,144,0,0,0,0,0,0,0,0,-32304,0,0,0,0,0,85828,0
85829,-464,8104,280,15,-8,51,-67973,0,-1,6,0,37464,119,31,144,0,0,0,0,0,0,0,0,-32304,0,0,0,0,0,85833,0
85834,-498,8128,282,19,-13,55,-67974,-1,-4,3,0,37464,116,31,144,0,0,0,0,0,0,0,0,-32303,0,0,0,0,0,85838,0
85839,-500,8128,308,22,-9,53,-67972,0,2,1,0,37464,116,31,144,0,0,0,0,0,0,0,0,-32304,0,0,0,0,0,85843,0
85844,-486,8044,282,11,-9,48,-67973,1,0,2,0,37465,116,31,144,0,0,0,0,0,0,0,0,-32304,0,0,0,0,0,85848,0
85849,-600,8056,260,17,-8,54,-67973,5,-2,3,0,37465,116,31,144,0,0,0,0,0,0,0,0,-32304,0,0,0,0,0,85853,0
85854,-488,8110,286,20,-7,55,-67974,-2,-2,3,0,37462,121,31,144,0,0,0,0,0,0,0,0,-32303,0,0,0,0,0,85858,0
85859,-496,8112,250,12,-7,61,-67973,-3,-1,3,0,37462,121,31,144,0,0,0,0,0,0,0,0,-32304,0,0,0,0,0,85863,0
85864,-498,8110,296,17,-9,56,-67973,0,3,2,0,37462,121,31,144,0,0,0,0,0,0,0,0,-32304,0,0,0,0,0,85868,0
85869,-474,8114,278,14,-6,61,-67973,0,1,2,0,37462,121,31,144,0,0,0,0,0,0,0,0,-32304,0,0,0,0,0,85873,0
85874,-490,8136,274,14,-8,56,-67973,-1,-6,2,0,37464,125,31,144,0,0,0,0,0,0,0,0,-32304,0,0,0,0,0,85878,0
85879,-412,8116,386,9,-8,61,-67973,-7,0,3,0,37464,125,31,144,0,0,0,0,0,0,0,0,-32304,0,0,0,0,0,85883,0
85884,-434,8166,258,15,-8,57,-67974,-6,-1,3,0,37467,124,31,144,0,0,0,0,0,0,0,0,-32303,0,0,0,0,0,85888,0
85889,-428,8154,268,8,-5,57,-67973,0,2,2,0,37467,124,31,144,0,0,0,0,0,0,0,0,-32303,0,0,0,0,0,85893,0
85894,-416,8156,256,14,-3,53,-67973,0,-2,1,0,37465,128,31,144,0,0,0,0,0,0,0,0,-32304,0,0,0,0,0,85898,0
85899,-412,8184,280,9,-6,50,-67973,0,-1,2,0,37465,128,31,144,0,0,0,0,0,0,0,0,-32304,0,0,0,0,0,85903,0
85904,-464,8126,326,3,-6,56,-67973,-1,1,3,0,37463,132,31,144,0,0,0,0,0,0,0,0,-32304,0,0,0,0,0,85908,0
85909,-446,8154,272,12,-6,46,-67974,-4,3,2,0,37463,132,31,144,0,0,0,0,0,0,0,0,-32304,0,0,0,0,0,85913,0
85914,-468,8142,276,4,-6,54,-67973,-6,-3,3,0,37462,134,31,144,0,0,0,0,0,0,0,0,-32304,0,0,0,0,0,85918,0
85919,-418,8168,256,7,-6,48,-67972,0,1,2,0,37462,134,31,144,0,0,0,0,0,0,0,0,-32304,0,0,0,0,0,85923,0
85924,-448,8166,294,1,-11,44,-67973,-2,2,3,0,37464,137,31,144,0,0,0,0,0,0,0,0,-32304,0,0,0,0,0,85928,0
85929,-462,8132,302,2,-2,45,-67973,3,2,1,0,37464,137,31,144,0,0,0,0,0,0,0,0,-32304,0,0,0,0,0,85933,0
85934,-460,8124,260,8,-4,42,-67974,0,1,2,0,37469,139,31,144,0,0,0,0,0,0,0,0,-32304,0,0,0,0,0,85938,0
85939,-442,8114,288,1,-11,42,-67974,-4,2,0,0,37469,139,31,144,0,0,0,0,0,0,0,0,-32304,0,0,0,0,0,85943,0
85944,-472,8128,308,-3,-4,44,-67972,4,-1,2,0,37471,136,31,144,0,0,0,0,0,0,0,0,-32304,0,0,0,0,0,85948,0
85949,-484,8124,300,-1,-6,45,-67972,7,6,2,0,37471,136,31,144,0,0,0,0,0,0,0,0,-32304,0,0,0,0,0,85953,0
85954,-438,8112,298,-2,-12,38,-67973,0,0,1,0,37469,123,31,144,0,0,0,0,0,0,0,0,-32304,0,0,0,0,0,85958,0
85959,-476,8130,294,5,-13,43,-67974,-5,-1,2,0,37469,123,31,144,0,0,0,0,0,0,0,0,-32304,0,0,0,0,0,85963,0
85964,-456,8152,308,-4,-11,39,-67973,0,-1,3,0,37464,111,31,144,0,0,0,0,0,0,0,0,-32304,0,0,0,0,0,85968,0
85969,-430,8128,292,4,-11,39,-67972,-1,2,2,0,37464,111,31,144,0,0,0,0,0,0,0,0,-32303,0,0,0,0,0,85973,0
85974,-420,8108,300,2,-11,36,-67973,-4,0,2,0,37463,108,31,144,0,0,0,0,0,0,0,0,-32304,0,0,0,0,0,85978,0
85979,-430,8112,314,1,-6,38,-67973,0,-3,3,0,37463,108,31,144,0,0,0,0,0,0,0,0,-32304,0,0,0,0,0,85983,0
85984,-428,8126,308,1,-9,37,-67974,-2,-1,4,0,37463,117,31,144,0,0,0,0,0,0,0,0,-32304,0,0,0,0,0,85988,0
85989,-418,8128,314,-2,-9,36,-67973,-1,1,1,0,37463,117,31,144,0,0,0,0,0,0,0,0,-32304,0,0,0,0,0,85993,0
85994,-440,8130,324,-7,-7,35,-67972,-2,1,1,0,37462,130,31,144,0,0,0,0,0,0,0,0,-32304,0,0,0,0,0,85998,0
85999,-428,8138,314,-10,-4,36,-67973,4,4,2,0,37462,130,31,144,0,0,0,0,0,0,0,0,-32304,0,0,0,0,0,86003,0
86004,-430,8126,316,-10,-5,28,-67974,0,3,2,0,37462,131,31,144,0,0,0,0,0,0,0,0,-32304,0,0,0,0,0,86008,0
86009,-428,8116,336,-7,-2,32,-67974,-7,-1,2,0,37462,131,31,144,0,0,0,0,0,0,0,0,-32303,0,0,0,0,0,86013,0
86014,-442,8108,316,-3,-1,27,-67973,-1,2,3,0,37462,123,31,144,0,0,0,0,0,0,0,0,-32303,0,0,0,0,0,86018,0
86019,-440,8096,334,-7,-6,31,-67974,-6,4,1,0,37462,123,31,144,0,0,0,0,0,0,0,0,-32303,0,0,0,0,0,86023,0
86024,-484,8102,346,-11,-9,30,-67973,0,0,2,0,37462,119,31,144,0,0,0,0,0,0,0,0,-32304,0,0,0,0,0,86028,0
86029,-448,8150,354,-1,-5,25,-67973,-1,-2,3,0,37462,119,31,144,0,0,0,0,0,0,0,0,-32304,0,0,0,0,0,86033,0
86034,-470,8136,374,-4,-8,29,-67972,-3,2,5,0,37466,123,31,144,0,0,0,0,0,0,0,0,-32304,0,0,0,0,0,86038,0
86039,-452,8134,330,-6,-10,30,-67974,-2,4,5,0,37466,123,31,144,0,0,0,0,0,0,0,0,-32304,0,0,0,0,0,86043,0
86044,-428,8136,368,-4,-7,28,-67973,-4,1,3,0,37467,118,31,144,0,0,0,0,0,0,0,0,-32304,0,0,0,0,0,86048,0
86049,-444,8132,362,-5,-8,28,-67973,4,-4,2,0,37467,118,31,144,0,0,0,0,0,0,0,0,-32304,0,0,0,0,0,86053,0
86054,-448,8114,362,-8,-7,33,-67973,3,1,3,0,37467,122,31,144,0,0,0,0,0,0,0,0,-32304,0,0,0,0,0,86058,0
86059,-460,8124,332,0,-9,24,-67973,-5,2,4,0,37467,122,31,144,0,0,0,0,0,0,0,0,-32304,0,0,0,0,0,86063,0
86064,-422,8126,362,-3,-9,28,-67973,0,-3,2,0,37466,126,31,144,0,0,0,0,0,0,0,0,-32304,0,0,0,0,0,86068,0
86069,-424,8130,360,-9,-6,23,-67973,-1,4,2,0,37466,126,31,144,0,0,0,0,0,0,0,0,-32304,0,0,0,0,0,86073,0
86074,-448,8132,370,-4,-3,21,-67973,3,1,2,0,37463,131,31,144,0,0,0,0,0,0,0,0,-32304,0,0,0,0,0,86078,0
86079,-454,8134,354,2,-6,25,-67974,-7,-1,2,0,37463,131,31,144,0,0,0,0,0,0,0,0,-32303,0,0,0,0,0,86083,0
86084,-460,8122,368,-1,-6,19,-67972,0,2,2,0,37465,134,31,144,0,0,0,0,0,0,0,0,-32304,0,0,0,0,0,86088,0
86089,-470,8134,378,-1,-8,25,-67972,3,0,0,0,37465,134,31,144,0,0,0,0,0,0,0,0,-32304,0,0,0,0,0,86093,0
86094,-450,8134,352,-4,-8,24,-67973,-1,6,1,0,37465,134,31,144,0,0,0,0,0,0,0,0,-32305,0,0,0,0,0,86098,0
86099,-486,8126,374,0,-6,20,-67974,-4,-5,3,0,37465,134,31,144,0,0,0,0,0,0,0,0,-32304,0,0,0,0,0,86103,0
86104,-480,8108,358,-7,-8,26,-67973,-3,0,2,0,37464,123,31,144,0,0,0,0,0,0,0,0,-32304,0,0,0,0,0,86108,0
86109,-452,8110,346,-15,-15,17,-67973,-1,-3,2,0,37464,123,31,144,0,0,0,0,0,0,0,0,-32304,0,0,0,0,0,86113,0
86114,-484,8136,374,1,-15,21,-67972,3,4,1,0,37462,120,31,144,0,0,0,0,0,0,0,0,-32304,0,0,0,0,0,86118,0
86119,-486,8104,374,-10,-20,19,-67973,0,1,2,0,37462,120,31,144,0,0,0,0,0,0,0,0,-32304,0,0,0,0,0,86123,0
86124,-470,8136,358,-2,-18,15,-67973,1,1,3,0,37461,114,31,144,0,0,0,0,0,0,0,0,-32304,0,0,0,0,0,86128,0
86129,-474,8126,362,0,-25,18,-67972,3,0,3,0,37461,114,31,144,0,0,0,0,0,0,0,0,-32304,0,0,0,0,0,86133,0
86134,-452,8114,354,-3,-20,17,-67973,-1,1,2,0,37462,122,31,144,0,0,0,0,0,0,0,0,-32304,0,0,0,0,0,86138,0
86139,-472,8126,338,-8,-25,21,-67972,7,-2,1,0,37462,122,31,144,0,0,0,0,0,0,0,0,-32304,0,0,0,0,0,86143,0
86144,-468,8100,348,-12,-19,23,-67973,5,-2,0,0,37466,129,31,144,0,0,0,0,0,0,0,0,-32304,0,0,0,0,0,86148,0
86149,-492,8132,332,-11,-18,22,-67972,2,-2,2,0,37466,129,31,144,0,0,0,0,0,0,0,0,-32304,0,0,0,0,0,86153,0
86154,-498,8140,362,-8,-23,19,-67972,1,-5,3,0,37463,124,31,144,0,0,0,0,0,0,0,0,-32304,0,0,0,0,0,86158,0
86159,-532,8110,348,-11,-15,20,-67973,-5,2,4,0,37463,124,31,144,0,0,0,0,0,0,0,0,-32304,0,0,0,0,0,86163,0
86164,-500,8128,348,-17,-23,29,-67972,-2,-2,2,0,37465,124,31,144,0,0,0,0,0,0,0,0,-32305,0,0,0,0,0,86168,0
86169,-472,8128,358,-20,-24,25,-67973,0,-5,2,0,37465,124,31,144,0,0,0,0,0,0,0,0,-32304,0,0,0,0,0,86173,0
86174,-502,8118,332,-25,-21,24,-67972,7,2,3,0,37466,125,31,144,0,0,0,0,0,0,0,0,-32304,0,0,0,0,0,86178,0
86179,-520,8084,354,-13,-26,25,-67973,3,0,2,0,37466,125,31,144,0,0,0,0,0,0,0,0,-32304,0,0,0,0,0,86183,0
86184,-520,8120,348,-13,-18,25,-67973,-5,2,1,0,37470,125,31,144,0,0,0,0,0,0,0,0,-32304,0,0,0,0,0,86188,0
86189,-502,8126,350,-22,-23,30,-67972,1,-1,0,0,37470,125,31,144,0,0,0,0,0,0,0,0,-32304,0,0,0,0,0,86193,0
86194,-510,8108,358,-20,-25,26,-67972,2,-1,2,0,37468,116,31,144,0,0,0,0,0,0,0,0,-32304,0,0,0,0,0,86198,0
86199,-542,8114,318,-22,-21,29,-67972,0,0,3,0,37468,116,31,144,0,0,0,0,0,0,0,0,-32304,0,0,0,0,0,86203,0
86204,-502,8140,320,-21,-31,32,-67973,0,-1,2,0,37465,118,31,144,0,0,0,0,0,0,0,0,-32303,0,0,0,0,0,86208,0
86209,-514,8130,334,-30,-35,32,-67974,-6,2,2,0,37465,118,31,144,0,0,0,0,0,0,0,0,-32304,0,0,0,0,0,86213,0
86214,-494,8124,320,-29,-31,30,-67974,-6,2,3,0,37464,125,31,144,0,0,0,0,0,0,0,0,-32304,0,0,0,0,0,86218,0
86219,-550,8118,332,-35,-30,34,-67973,-1,0,2,0,37464,125,31,144,0,0,0,0,0,0,0,0,-32304,0,0,0,0,0,86223,0
86224,-524,8084,312,-31,-34,41,-67973,-4,5,1,0,37465,136,31,144,0,0,0,0,0,0,0,0,-32304,0,0,0,0,0,86228,0
86229,-524,8104,328,-38,-35,40,-67972,2,1,1,0,37465,136,31,144,0,0,0,0,0,0,0,0,-32304,0,0,0,0,0,86233,0
86234,-534,8094,316,-43,-40,43,-67972,0,5,2,0,37464,129,31,144,0,0,0,0,0,0,0,0,-32304,0,0,0,0,0,86238,0
86239,-500,8110,352,-38,-38,44,-67973,0,2,1,0,37464,129,31,144,0,0,0,0,0,0,0,0,-32304,0,0,0,0,0,86243,0
86244,-508,8118,356,-40,-38,40,-67973,0,-1,2,0,37464,128,31,144,0,0,0,0,0,0,0,0,-32304,0,0,0,0,0,86248,0
86249,-506,8104,362,-44,-36,45,-67972,1,-1,3,0,37464,128,31,144,0,0,0,0,0,0,0,0,-32304,0,0,0,0,0,86253,0
86254,-492,8104,348,-50,-37,44,-67973,-1,3,6,0,37466,133,31,144,0,0,0,0,0,0,0,0,-32304,0,0,0,0,0,86258,0
86259,-486,8118,338,-46,-36,45,-67972,0,5,2,0,37466,133,31,144,0,0,0,0,0,0,0,0,-32304,0,0,0,0,0,86263,0
86264,-474,8118,332,-53,-38,47,-67971,1,2,2,0,37466,130,31,144,0,0,0,0,0,0,0,0,-32304,0,0,0,0,0,86268,0
86269,-460,8158,328,-64,-34,46,-67973,3,2,2,0,37466,130,31,144,0,0,0,0,0,0,0,0,-32304,0,0,0,0,0,86273,0
86274,-468,8172,342,-60,-31,46,-67972,-1,1,1,0,37470,125,31,144,0,0,0,0,0,0,0,0,-32304,0,0,0,0,0,86278,0
86279,-438,8160,332,-65,-33,44,-67972,1,0,2,0,37470,125,31,144,0,0,0,0,0,0,0,0,-32304,0,0,0,0,0,86283,0
86284,-412,8126,328,-68,-36,41,-67972,0,5,2,0,37475,118,31,144,0,0,0,0,0,0,0,0,-32304,0,0,0,0,0,86288,0
86289,-442,8110,346,-76,-31,40,-67970,7,3,1,0,37475,118,31,144,0,0,0,0,0,0,0,0,-32304,0,0,0,0,0,86293,0
86294,-454,8090,340,-78,-37,39,-67972,0,0,1,0,37475,128,31,144,0,0,0,0,0,0,0,0,-32304,0,0,0,0,0,86298,0
86299,-474,8124,344,-76,-35,36,-67972,-2,2,1,0,37475,128,31,144,0,0,0,0,0,0,0,0,-32304,0,0,0,0,0,86303,0
86304,-452,8130,352,-87,-29,41,-67972,3,-1,0,0,37471,129,31,144,0,0,0,0,0,0,0,0,-32304,0,0,0,0,0,86308,0
86309,-462,8130,358,-86,-27,43,-67972,-1,2,1,0,37471,129,31,144,0,0,0,0,0,0,0,0,-32304,0,0,0,0,0,86313,0
86314,-484,8156,362,-94,-28,45,-67972,-1,3,1,0,37460,130,31,144,0,0,0,0,0,0,0,0,-32304,0,0,0,0,0,86318,0
86319,-456,8142,360,-85,-33,43,-67972,-2,2,2,0,37460,130,31,144,0,0,0,0,0,0,0,0,-32304,0,0,0,0,0,86323,0
86324,-490,8118,348,-99,-29,44,-67972,-8,-1,3,0,37461,122,31,144,0,0,0,0,0,0,0,0,-32303,0,0,0,0,0,86328,0
86329,-450,8144,350,-96,-28,42,-67972,-4,0,3,0,37461,122,31,144,0,0,0,0,0,0,0,0,-32304,0,0,0,0,0,86333,0
86334,-454,8148,362,-105,-22,43,-67971,-3,3,2,0,37463,120,31,144,0,0,0,0,0,0,0,0,-32304,0,0,0,0,0,86338,0
86339,-428,8118,348,-103,-25,40,-67971,0,0,2,0,37463,120,31,144,0,0,0,0,0,0,0,0,-32304,0,0,0,0,0,86343,0
86344,-410,8152,332,-117,-23,34,-67972,-1,2,2,0,37463,117,31,144,0,0,0,0,0,0,0,0,-32303,0,0,0,0,0,86348,0
86349,-368,8166,350,-117,-25,34,-67971,0,0,2,0,37463,117,31,144,0,0,0,0,0,0,0,0,-32304,0,0,0,0,0,86353,0
86354,-366,8150,368,-120,-21,32,-67971,1,0,1,0,37465,119,31,144,0,0,0,0,0,0,0,0,-32304,0,0,0,0,0,86358,0
86359,-372,8158,368,-125,-18,30,-67971,3,2,3,0,37465,119,31,144,0,0,0,0,0,0,0,0,-32304,0,0,0,0,0,86363,0
86364,-306,8168,370,-134,-24,23,-67971,1,0,2,0,37464,122,31,144,0,0,0,0,0,0,0,0,-32303,0,0,0,0,0,86368,0
86369,-308,8176,398,-139,-19,22,-67970,7,0,3,0,37464,122,31,144,0,0,0,0,0,0,0,0,-32304,0,0,0,0,0,86373,0
86374,-378,8178,336,-134,-23,10,-67971,-2,-1,3,0,37464,122,31,144,0,0,0,0,0,0,0,0,-32304,0,0,0,0,0,86378,0
86379,-270,8132,406,-140,-21,14,-67970,-2,-1,4,0,37464,122,31,144,0,0,0,0,0,0,0,0,-32304,0,0,0,0,0,86383,0
86384,-274,8114,412,-149,-13,3,-67971,1,-4,4,0,37466,120,31,144,0,0,0,0,0,0,0,0,-32303,0,0,0,0,0,86388,0
86389,-278,8158,430,-148,-14,0,-67971,0,-2,1,0,37466,120,31,144,0,0,0,0,0,0,0,0,-32304,0,0,0,0,0,86393,0
86394,-344,8176,382,-153,-5,-12,-67971,-3,-1,1,0,37463,122,31,144,0,0,0,0,0,0,0,0,-32304,0,0,0,0,0,86398,0
86399,-302,8128,430,-153,-10,-10,-67972,2,3,3,0,37463,122,31,144,0,0,0,0,0,0,0,0,-32304,0,0,0,0,0,86403,0
86404,-290,8152,492,-157,-10,-22,-67972,4,5,3,0,37462,127,31,144,0,0,0,0,0,0,0,0,-32304,0,0,0,0,0,86408,0
86409,-426,8154,438,-153,-14,-28,-67971,1,2,3,0,37462,127,31,144,0,0,0,0,0,0,0,0,-32304,0,0,0,0,0,86413,0
86414,-352,8100,502,-167,-13,-26,-67971,3,1,3,0,37462,124,31,144,0,0,0,0,0,0,0,0,-32304,0,0,0,0,0,86418,0
86419,-334,8116,544,-161,-14,-38,-67970,6,1,3,0,37462,124,31,144,0,0,0,0,0,0,0,0,-32304,0,0,0,0,0,86423,0
86424,-338,8090,516,-164,-15,-40,-67971,1,-3,3,0,37467,127,31,144,0,0,0,0,0,0,0,0,-32304,0,0,0,0,0,86428,0
86429,-338,8168,580,-162,-26,-42,-67971,-1,-4,2,0,37467,127,31,144,0,0,0,0,0,0,0,0,-32304,0,0,0,0,0,86433,0
86434,-430,8116,528,-160,-24,-50,-67971,-1,-1,2,0,37467,119,31,144,0,0,0,0,0,0,0,0,-32304,0,0,0,0,0,86438,0
86439,-392,8050,578,-161,-19,-55,-67971,-6,-5,2,0,37467,119,31,144,0,0,0,0,0,0,0,0,-32304,0,0,0,0,0,86443,0
86444,-320,8108,598,-166,-18,-49,-67972,-7,1,4,0,37465,125,31,144,0,0,0,0,0,0,0,0,-32304,0,0,0,0,0,86448,0
86449,-352,8154,612,-158,-22,-55,-67971,-5,-1,1,0,37465,125,31,144,0,0,0,0,0,0,0,0,-32303,0,0,0,0,0,86453,0
86454,-398,8142,636,-159,-24,-64,-67970,7,-1,3,0,37461,124,31,144,0,0,0,0,0,0,0,0,-32304,0,0,0,0,0,86459,0
86459,-434,8098,648,-160,-18,-61,-67971,3,3,3,0,37461,124,31,144,0,0,0,0,0,0,0,0,-32304,0,0,0,0,0,86464,0
86464,-426,8042,572,-152,-21,-62,-67971,-1,0,5,0,37466,117,31,144,0,0,0,0,0,0,0,0,-32304,0,0,0,0,0,86469,0
86469,-408,8132,630,-157,-18,-67,-67971,3,0,5,0,37466,117,31,144,0,0,0,0,0,0,0,0,-32304,0,0,0,0,0,86474,0
86474,-336,8118,672,-160,-17,-63,-67972,-5,0,2,0,37468,121,31,144,0,0,0,0,0,0,0,0,-32304,0,0,0,0,0,86479,0
86479,-420,8156,680,-150,-18,-64,-67971,-2,-2,3,0,37468,121,31,144,0,0,0,0,0,0,0,0,-32303,0,0,0,0,0,86484,0
86484,-482,8144,708,-153,-19,-71,-67972,-6,-3,4,0,37470,122,31,144,0,0,0,0,0,0,0,0,-32304,0,0,0,0,0,86489,0
86489,-360,8162,698,-149,-10,-72,-67971,-3,0,2,0,37470,122,31,144,0,0,0,0,0,0,0,0,-32304,0,0,0,0,0,86494,0
86494,-502,8112,694,-156,-15,-72,-67971,0,-4,1,0,37463,125,31,144,0,0,0,0,0,0,0,0,-32304,0,0,0,0,0,86499,0
86499,-426,8108,678,-152,-10,-71,-67972,-1,2,3,0,37463,125,31,144,0,0,0,0,0,0,0,0,-32303,0,0,0,0,0,86504,0
86504,-468,8088,694,-144,-14,-68,-67971,-6,3,2,0,37463,124,31,144,0,0,0,0,0,0,0,0,-32303,0,0,0,0,0,86509,0
86509,-574,8062,730,-142,-18,-69,-67971,5,-1,3,0,37463,124,31,144,0,0,0,0,0,0,0,0,-32304,0,0,0,0,0,86514,0
86514,-488,8102,692,-146,-15,-68,-67971,1,3,2,0,37464,126,31,144,0,0,0,0,0,0,0,0,-32304,0,0,0,0,0,86519,0
86519,-582,8068,742,-140,-15,-65,-67972,-10,-2,1,0,37464,126,31,144,0,0,0,0,0,0,0,0,-32303,0,0,0,0,0,86524,0
86524,-630,8072,724,-141,-7,-65,-67971,-4,-2,3,0,37466,120,31,144,0,0,0,0,0,0,0,0,-32304,0,0,0,0,0,86529,0
86529,-644,8062,684,-141,-11,-68,-67970,6,1,2,0,37466,120,31,144,0,0,0,0,0,0,0,0,-32304,0,0,0,0,0,86534,0
86534,-624,7974,710,-136,-18,-63,-67972,1,4,3,0,37464,120,31,144,0,0,0,0,0,0,0,0,-32304,0,0,0,0,0,86539,0
86539,-698,8044,654,-135,-16,-62,-67970,4,-3,1,0,37464,120,31,144,0,0,0,0,0,0,0,0,-32304,0,0,0,0,0,86544,0
86544,-632,8074,690,-127,-16,-58,-67970,3,1,2,0,37461,113,31,144,0,0,0,0,0,0,0,0,-32304,0,0,0,0,0,86549,0
86549,-572,8040,754,-127,-15,-46,-67970,5,4,1,0,37461,113,31,144,0,0,0,0,0,0,0,0,-32304,0,0,0,0,0,86554,0
86554,-568,8120,744,-126,-12,-51,-67970,8,-3,2,0,37462,117,31,144,0,0,0,0,0,0,0,0,-32304,0,0,0,0,0,86559,0
86559,-472,8114,816,-127,-19,-43,-67972,-3,0,2,0,37462,117,31,144,0,0,0,0,0,0,0,0,-32304,0,0,0,0,0,86564,0
86564,-618,8102,788,-128,-18,-41,-67972,0,-5,2,0,37463,118,31,144,0,0,0,0,0,0,0,0,-32303,0,0,0,0,0,86569,0
86569,-682,8024,758,-121,-18,-40,-67971,-9,-2,0,0,37463,118,31,144,0,0,0,0,0,0,0,0,-32303,0,0,0,0,0,86574,0
86574,-738,8070,690,-117,-15,-39,-67971,1,1,1,0,37463,126,31,144,0,0,0,0,0,0,0,0,-32304,0,0,0,0,0,86579,0
86579,-638,7980,744,-118,-16,-28,-67972,-6,-7,3,0,37463,126,31,144,0,0,0,0,0,0,0,0,-32303,0,0,0,0,0,86584,0
86584,-538,8098,794,-119,-21,-13,-67971,0,2,2,0,37462,128,31,144,0,0,0,0,0,0,0,0,-32304,0,0,0,0,0,86589,0
86589,-654,8074,792,-118,-22,-17,-67971,0,2,1,0,37462,128,31,144,0,0,0,0,0,0,0,0,-32303,0,0,0,0,0,86594,0
86594,-714,8058,766,-110,-20,-24,-67971,-2,1,2,0,37462,131,31,144,0,0,0,0,0,0,0,0,-32303,0,0,0,0,0,86599,0
86599,-720,7966,762,-107,-18,-12,-67972,-1,-4,3,0,37462,131,31,144,0,0,0,0,0,0,0,0,-32304,0,0,0,0,0,86604,0
86604,-610,8038,768,-109,-19,-3,-67971,-3,0,2,0,37461,120,31,144,0,0,0,0,0,0,0,0,-32304,0,0,0,0,0,86609,0
86609,-730,7996,782,-106,-18,-1,-67970,-1,3,2,0,37461,120,31,144,0,0,0,0,0,0,0,0,-32304,0,0,0,0,0,86614,0
86614,-694,7986,814,-111,-23,9,-67971,-4,1,1,0,37460,114,31,144,0,0,0,0,0,0,0,0,-32304,0,0,0,0,0,86619,0
86619,-760,8016,722,-103,-15,6,-67970,0,-3,0,0,37460,114,31,144,0,0,0,0,0,0,0,0,-32303,0,0,0,0,0,86624,0
86624,-676,7998,846,-101,-19,28,-67971,7,3,0,0,37460,116,31,144,0,0,0,0,0,0,0,0,-32304,0,0,0,0,0,86629,0
86629,-720,7994,838,-101,-18,29,-67971,-3,-3,2,0,37460,116,31,144,0,0,0,0,0,0,0,0,-32304,0,0,0,0,0,86634,0
86634,-734,8044,778,-101,-19,32,-67971,0,3,1,0,37461,115,31,144,0,0,0,0,0,0,0,0,-32304,0,0,0,0,0,86639,0
86639,-722,8074,806,-97,-12,41,-67970,6,6,0,0,37461,115,31,144,0,0,0,0,0,0,0,0,-32303,0,0,0,0,0,86644,0
86644,-722,8096,818,-95,-14,48,-67969,1,0,1,0,37463,124,31,144,0,0,0,0,0,0,0,0,-32304,0,0,0,0,0,86649,0
86649,-556,8114,784,-91,-7,61,-67969,4,1,0,0,37463,124,31,144,0,0,0,0,0,0,0,0,-32304,0,0,0,0,0,86654,0
86654,-718,8064,826,-90,-13,59,-67971,1,-4,0,0,37465,126,31,144,0,0,0,0,0,0,0,0,-32304,0,0,0,0,0,86659,0
86659,-662,8052,826,-85,-12,64,-67969,3,2,2,0,37465,126,31,144,0,0,0,0,0,0,0,0,-32304,0,0,0,0,0,86664,0
86664,-632,8080,798,-91,-10,73,-67969,-1,3,1,0,37466,126,31,144,0,0,0,0,0,0,0,0,-32303,0,0,0,0,0,86669,0
86669,-596,8040,840,-83,-5,71,-67969,0,3,0,0,37466,126,31,144,0,0,0,0,0,0,0,0,-32304,0,0,0,0,0,86674,0
86674,-616,8022,836,-80,-3,74,-67968,6,-2,0,0,37467,123,31,144,0,0,0,0,0,0,0,0,-32304,0,0,0,0,0,86679,0
86679,-608,8060,848,-82,-1,80,-67969,2,0,2,0,37467,123,31,144,0,0,0,0,0,0,0,0,-32304,0,0,0,0,0,86684,0
86684,-630,8036,832,-79,2,82,-67968,0,-1,1,0,37470,126,31,144,0,0,0,0,0,0,0,0,-32303,0,0,0,0,0,86689,0
86689,-656,8032,856,-71,3,92,-67968,1,0,-2,0,37470,126,31,144,0,0,0,0,0,0,0,0,-32304,0,0,0,0,0,86694,0
86694,-650,8046,844,-64,-4,93,-67967,6,2,-1,0,37468,132,31,144,0,0,0,0,0,0,0,0,-32304,0,0,0,0,0,86699,0
86699,-668,8060,850,-69,-2,98,-67966,4,-1,-3,0,37468,132,31,144,0,0,0,0,0,0,0,0,-32304,0,0,0,0,0,86704,0
86704,-632,8072,860,-65,0,105,-67964,4,5,-4,0,37468,135,31,144,0,0,0,0,0,0,0,0,-32304,0,0,0,0,0,86709,0
86709,-660,8048,866,-60,3,109,-67963,6,5,-4,0,37468,135,31,144,0,0,0,0,0,0,0,0,-32304,0,0,0,0,0,86714,0
86714,-596,8060,872,-61,-1,111,-67963,10,0,-7,0,37461,130,31,144,0,0,0,0,0,0,0,0,-32304,0,0,0,0,0,86719,0
86719,-632,8110,884,-53,-6,117,-67962,8,0,-9,0,37461,130,31,144,0,0,0,0,0,0,0,0,-32304,0,0,0,0,0,86724,0
86724,-558,8102,842,-53,0,121,-67960,5,6,-11,0,37463,131,31,144,0,0,0,0,0,0,0,0,-32304,0,0,0,0,0,86729,0
86729,-566,8136,856,-40,-1,117,-67957,11,6,-16,0,37463,131,31,144,0,0,0,0,0,0,0,0,-32304,0,0,0,0,0,86734,0
86734,-558,8126,868,-47,-7,120,-67953,15,12,-26,0,37465,133,31,144,0,0,0,0,0,0,0,0,-32304,0,0,0,0,0,86739,0
86739,-690,8110,816,-46,-10,115,-67946,32,20,-45,0,37465,133,31,144,0,0,0,0,0,0,0,0,-32304,0,0,0,0,0,86744,0
86744,-474,8018,918,-40,-14,121,-67935,54,30,-80,0,37464,128,31,144,0,0,0,0,0,0,0,0,-32304,0,0,0,0,0,86749,0
86749,-446,8006,918,-43,-15,119,-67913,101,64,-137,0,37464,128,31,144,0,0,0,0,0,0,0,0,-32303,0,0,0,0,0,86754,0
86754,-410,8078,848,-35,-17,115,-67886,116,84,-165,0,37463,121,31,144,0,0,0,0,0,0,0,0,-32303,0,0,0,0,0,86759,0
86759,-370,8088,888,-37,-22,115,-67861,117,82,-170,0,37463,121,31,144,0,0,0,0,0,0,0,0,-32304,0,0,0,0,0,86764,0
86764,-402,8022,886,-37,-19,108,-67826,148,80,-214,0,37463,109,31,144,0,0,0,0,0,0,0,0,-32304,0,0,0,0,0,86769,0
86769,-400,8064,850,-35,-16,102,-67792,151,53,-222,0,37463,109,31,144,0,0,0,0,0,0,0,0,-32304,0,0,0,0,0,86774,0
86774,-404,8108,782,-30,-14,99,-67755,163,45,-244,0,37467,107,31,144,0,0,0,0,0,0,0,0,-32304,0,0,0,0,0,86779,0
86779,-366,8094,880,-28,-2,100,-67717,174,42,-269,0,37467,107,31,144,0,0,0,0,0,0,0,0,-32304,0,0,0,0,0,86784,0
86784,-328,8154,938,-28,38,104,-67676,174,33,-286,0,37467,121,31,144,0,0,0,0,0,0,0,0,-32304,0,0,0,0,0,86789,0
86789,-244,8218,900,-13,56,95,-67631,192,34,-281,0,37467,121,31,144,0,0,0,0,0,0,0,0,-32304,0,0,0,0,0,86794,0
86794,-308,8110,884,-16,82,95,-67586,199,28,-291,0,37467,128,31,144,0,0,0,0,0,0,0,0,-32304,0,0,0,0,0,86799,0
86799,-356,8098,886,-20,112,93,-67539,206,35,-307,0,37467,128,31,144,0,0,0,0,0,0,0,0,-32304,0,0,0,0,0,86804,0
86804,-276,8152,892,-16,159,88,-67490,212,26,-313,0,37465,129,31,144,0,0,0,0,0,0,0,0,-32304,0,0,0,0,0,86809,0
86809,-302,8168,924,-23,180,98,-67444,205,16,-325,0,37465,129,31,144,0,0,0,0,0,0,0,0,-32304,0,0,0,0,0,86814,0
86814,-458,8198,876,-19,188,88,-67397,212,9,-325,0,37467,114,31,144,0,0,0,0,0,0,0,0,-32304,0,0,0,0,0,86819,0
86819,-480,8246,872,-18,195,95,-67348,221,3,-320,0,37467,114,31,144,0,0,0,0,0,0,0,0,-32304,0,0,0,0,0,86824,0
86824,-568,8192,788,-18,192,82,-67295,228,19,-319,0,37467,109,31,144,0,0,0,0,0,0,0,0,-32304,0,0,0,0,0,86829,0
86829,-452,8250,822,-18,188,88,-67239,247,29,-333,0,37467,109,31,144,0,0,0,0,0,0,0,0,-32304,0,0,0,0,0,86834,0
86834,-298,8338,828,-20,189,83,-67182,251,39,-364,0,37466,114,31,144,0,0,0,0,0,0,0,0,-32303,0,0,0,0,0,86839,0
86839,-436,8232,794,-16,189,77,-67129,232,22,-348,0,37466,114,31,144,0,0,0,0,0,0,0,0,-32304,0,0,0,0,0,86844,0
86844,-430,8202,834,-21,193,80,-67078,220,-1,-319,0,37464,117,31,144,0,0,0,0,0,0,0,0,-32304,0,0,0,0,0,86849,0
86849,-440,8114,820,-17,204,82,-67029,215,-23,-312,0,37464,117,31,144,0,0,0,0,0,0,0,0,-32304,0,0,0,0,0,86854,0
86854,-422,8086,840,-16,201,83,-66979,219,-31,-309,0,37463,113,31,144,0,0,0,0,0,0,0,0,-32304,0,0,0,0,0,86859,0
86859,-404,8100,836,-23,211,75,-66932,209,-26,-324,0,37463,113,31,144,0,0,0,0,0,0,0,0,-32304,0,0,0,0,0,86864,0
86864,-418,8046,818,-20,222,80,-66889,194,-22,-311,0,37465,117,31,144,0,0,0,0,0,0,0,0,-32305,0,0,0,0,0,86869,0
86869,-428,8032,804,-23,230,75,-66843,193,-41,-294,0,37465,117,31,144,0,0,0,0,0,0,0,0,-32304,0,0,0,0,0,86874,0
86874,-354,8036,816,-21,226,74,-66794,223,-15,-310,0,37466,116,31,144,0,0,0,0,0,0,0,0,-32304,0,0,0,0,0,86879,0
86879,-338,8030,816,-22,231,69,-66744,214,20,-320,0,37466,116,31,144,0,0,0,0,0,0,0,0,-32303,0,0,0,0,0,86884,0
86884,-298,7978,834,-23,231,69,-66701,183,19,-311,0,37473,124,31,144,0,0,0,0,0,0,0,0,-32304,0,0,0,0,0,86889,0
86889,-388,7968,780,-25,230,70,-66660,174,12,-292,0,37473,124,31,144,0,0,0,0,0,0,0,0,-32303,0,0,0,0,0,86894,0
86894,-448,7952,832,-32,237,69,-66623,167,-37,-262,0,37476,119,31,144,0,0,0,0,0,0,0,0,-32304,0,0,0,0,0,86899,0
86899,-502,7962,848,-34,239,66,-66586,166,-44,-247,0,37476,119,31,144,0,0,0,0,0,0,0,0,-32303,0,0,0,0,0,86904,0
86904,-536,7932,830,-37,247,75,-66549,158,-43,-231,0,37474,112,31,144,0,0,0,0,0,0,0,0,-32304,0,0,0,0,0,86909,0
86909,-544,7948,828,-34,256,72,-66514,154,-14,-231,0,37474,112,31,144,0,0,0,0,0,0,0,0,-32304,0,0,0,0,0,86914,0
86914,-490,7984,838,-35,249,75,-66473,178,0,-239,0,37467,110,31,144,0,0,0,0,0,0,0,0,-32304,0,0,0,0,0,86919,0
86919,-434,7998,814,-42,258,83,-66433,171,4,-258,0,37467,110,31,144,0,0,0,0,0,0,0,0,-32304,0,0,0,0,0,86924,0
86924,-386,8018,778,-49,258,79,-66393,173,19,-263,0,37465,117,31,144,0,0,0,0,0,0,0,0,-32304,0,0,0,0,0,86929,0
86929,-402,8018,758,-50,263,81,-66354,179,10,-252,0,37465,117,31,144,0,0,0,0,0,0,0,0,-32304,0,0,0,0,0,86934,0
86934,-434,8028,730,-53,270,74,-66315,169,9,-247,0,37464,114,31,144,0,0,0,0,0,0,0,0,-32304,0,0,0,0,0,86939,0
86939,-420,7950,742,-56,274,82,-66276,169,-7,-244,0,37464,114,31,144,0,0,0,0,0,0,0,0,-32304,0,0,0,0,0,86944,0
86944,-488,7956,776,-61,277,82,-66242,143,-13,-230,0,37465,110,31,144,0,0,0,0,0,0,0,0,-32304,0,0,0,0,0,86949,0
86949,-490,7984,828,-63,289,86,-66206,158,-15,-228,0,37465,110,31,144,0,0,0,0,0,0,0,0,-32304,0,0,0,0,0,86954,0
86954,-632,7998,748,-62,289,86,-66177,129,-33,-216,0,37465,114,31,144,0,0,0,0,0,0,0,0,-32304,0,0,0,0,0,86959,0
86959,-654,7960,732,-71,299,94,-66146,131,-27,-218,0,37465,114,31,144,0,0,0,0,0,0,0,0,-32304,0,0,0,0,0,86964,0
86964,-616,8048,750,-79,298,104,-66122,102,-40,-181,0,37465,118,31,144,0,0,0,0,0,0,0,0,-32304,0,0,0,0,0,86969,0
86969,-616,8054,724,-78,308,105,-66098,114,-34,-177,0,37465,118,31,144,0,0,0,0,0,0,0,0,-32304,0,0,0,0,0,86974,0
86974,-552,8098,698,-79,307,108,-66071,110,-28,-188,0,37464,114,31,144,0,0,0,0,0,0,0,0,-32304,0,0,0,0,0,86979,0
86979,-492,8144,740,-83,311,103,-66044,117,-8,-182,0,37464,114,31,144,0,0,0,0,0,0,0,0,-32304,0,0,0,0,0,86984,0
86984,-348,8296,722,-98,318,99,-66013,132,19,-204,0,37464,105,31,144,0,0,0,0,0,0,0,0,-32304,0,0,0,0,0,86989,0
86989,-360,8224,736,-100,328,101,-65989,97,13,-178,0,37464,105,31,144,0,0,0,0,0,0,0,0,-32303,0,0,0,0,0,86994,0
86994,-362,8136,770,-99,332,102,-65962,114,-1,-171,0,37467,109,31,144,0,0,0,0,0,0,0,0,-32304,0,0,0,0,0,86999,0
86999,-374,8138,748,-99,343,103,-65943,79,-20,-156,0,37467,109,31,144,0,0,0,0,0,0,0,0,-32304,0,0,0,0,0,87004,0
87004,-460,8158,806,-110,357,111,-65929,63,-42,-118,0,37466,117,31,144,0,0,0,0,0,0,0,0,-32304,0,0,0,0,0,87009,0
87009,-472,8120,814,-113,370,106,-65910,81,-46,-140,0,37466,117,31,144,0,0,0,0,0,0,0,0,-32304,0,0,0,0,0,87014,0
87014,-504,8128,834,-111,371,105,-65888,93,-17,-170,0,37464,119,31,144,0,0,0,0,0,0,0,0,-32303,0,0,0,0,0,87019,0
87019,-462,8080,790,-124,377,108,-65873,58,-13,-127,0,37464,119,31,144,0,0,0,0,0,0,0,0,-32304,0,0,0,0,0,87024,0
87024,-472,8104,820,-119,393,110,-65866,32,-21,-80,0,37461,118,31,144,0,0,0,0,0,0,0,0,-32303,0,0,0,0,0,87029,0
87029,-474,8056,836,-116,392,106,-65856,44,-35,-75,0,37461,118,31,144,0,0,0,0,0,0,0,0,-32304,0,0,0,0,0,87034,0
87034,-404,8102,882,-116,403,107,-65842,61,-42,-96,0,37463,120,31,144,0,0,0,0,0,0,0,0,-32303,0,0,0,0,0,87039,0
87039,-344,8060,906,-124,401,115,-65831,47,-17,-92,0,37463,120,31,144,0,0,0,0,0,0,0,0,-32304,0,0,0,0,0,87044,0
87044,-326,8068,978,-120,419,110,-65828,7,-11,-41,0,37463,121,31,144,0,0,0,0,0,0,0,0,-32304,0,0,0,0,0,87049,0
87049,-350,8088,982,-124,423,111,-65828,0,-26,-4,0,37463,121,31,144,0,0,0,0,0,0,0,0,-32304,0,0,0,0,0,87054,0
87054,-384,8048,1002,-119,431,114,-65828,-2,-51,0,0,37459,120,31,144,0,0,0,0,0,0,0,0,-32303,0,0,0,0,0,87059,0
87059,-454,8072,1036,-118,447,108,-65828,-3,-45,0,0,37459,120,31,144,0,0,0,0,0,0,0,0,-32304,0,0,0,0,0,87064,0
87064,-480,8104,1032,-109,454,113,-65828,1,-27,-1,0,37457,113,31,144,0,0,0,0,0,0,0,0,-32304,0,0,0,0,0,87069,0
87069,-470,8062,1078,-111,466,111,-65827,2,-2,-1,0,37457,113,31,144,0,0,0,0,0,0,0,0,-32304,0,0,0,0,0,87074,0
87074,-406,8124,1068,-108,475,118,-65828,2,-2,0,0,37458,116,31,144,0,0,0,0,0,0,0,0,-32304,0,0,0,0,0,87079,0
87079,-474,8092,1048,-99,485,111,-65829,-9,4,0,0,37458,116,31,144,0,0,0,0,0,0,0,0,-32304,0,0,0,0,0,87084,0
87084,-352,8208,1170,-88,508,122,-65828,0,4,0,0,37459,118,31,144,0,0,0,0,0,0,0,0,-32304,0,0,0,0,0,87089,0
87089,-404,8192,1174,-82,512,124,-65827,0,-1,-1,0,37459,118,31,144,0,0,0,0,0,0,0,0,-32304,0,0,0,0,0,87094,0
87094,-444,8160,1154,-77,527,119,-65828,3,2,-1,0,37462,118,31,144,0,0,0,0,0,0,0,0,-32303,0,0,0,0,0,87099,0
87099,-476,8144,1176,-73,539,124,-65829,-3,-5,-3,0,37462,118,31,144,0,0,0,0,0,0,0,0,-32304,0,0,0,0,0,87104,0
87104,-518,8108,1212,-58,556,134,-65829,-4,2,0,0,37463,119,31,144,0,0,0,0,0,0,0,0,-32304,0,0,0,0,0,87109,0
87109,-586,8132,1266,-53,567,138,-65828,2,1,0,0,37463,119,31,144,0,0,0,0,0,0,0,0,-32303,0,0,0,0,0,87114,0
87114,-594,8058,1192,-45,572,142,-65827,0,0,0,0,37465,115,31,144,0,0,0,0,0,0,0,0,-32304,0,0,0,0,0,87119,0
87119,-612,8022,1230,-45,579,140,-65829,-3,2,0,0,37465,115,31,144,0,0,0,0,0,0,0,0,-32304,0,0,0,0,0,87124,0
87124,-662,8040,1246,-29,592,158,-65827,6,2,-1,0,37467,113,31,144,0,0,0,0,0,0,0,0,-32303,0,0,0,0,0,87129,0
87129,-684,8022,1216,-23,596,159,-65828,4,-2,-1,0,37467,113,31,144,0,0,0,0,0,0,0,0,-32304,0,0,0,0,0,87134,0
87134,-666,8002,1248,-17,600,168,-65828,1,1,-1,0,37464,112,31,144,0,0,0,0,0,0,0,0,-32304,0,0,0,0,0,87139,0
87139,-670,8024,1214,-13,600,176,-65827,-1,-2,0,0,37464,112,31,144,0,0,0,0,0,0,0,0,-32304,0,0,0,0,0,87144,0
87144,-688,8008,1214,2,612,188,-65827,0,-1,0,0,37465,118,31,144,0,0,0,0,0,0,0,0,-32303,0,0,0,0,0,87149,0
87149,-682,8012,1200,9,610,196,-65829,-3,-2,-2,0,37465,118,31,144,0,0,0,0,0,0,0,0,-32304,0,0,0,0,0,87154,0
87154,-712,8050,1196,14,614,198,-65830,-8,-8,0,0,37463,116,31,144,0,0,0,0,0,0,0,0,-32304,0,0,0,0,0,87159,0
87159,-696,8054,1180,22,616,210,-65827,3,0,1,0,37463,116,31,144,0,0,0,0,0,0,0,0,-32304,0,0,0,0,0,87164,0
87164,-758,8040,1146,31,622,225,-65829,-2,6,0,0,37464,109,31,144,0,0,0,0,0,0,0,0,-32305,0,0,0,0,0,87169,0
87169,-736,8054,1166,36,626,230,-65829,-4,4,0,0,37464,109,31,144,0,0,0,0,0,0,0,0,-32305,0,0,0,0,0,87174,0
87174,-758,8060,1130,40,624,240,-65828,2,-3,0,0,37464,112,31,144,0,0,0,0,0,0,0,0,-32304,0,0,0,0,0,87179,0
87179,-772,8040,1126,43,628,248,-65828,3,0,1,0,37464,112,31,144,0,0,0,0,0,0,0,0,-32303,0,0,0,0,0,87184,0
87184,-776,8062,1078,50,632,256,-65829,2,1,2,0,37465,122,31,144,0,0,0,0,0,0,0,0,-32304,0,0,0,0,0,87189,0
87189,-770,8024,1094,59,629,266,-65830,-7,-2,2,0,37465,122,31,144,0,0,0,0,0,0,0,0,-32304,0,0,0,0,0,87194,0
87194,-756,8034,1104,52,628,279,-65830,-2,-1,2,0,37464,122,31,144,0,0,0,0,0,0,0,0,-32304,0,0,0,0,0,87199,0
87199,-792,8054,1112,60,623,289,-65830,4,-1,0,0,37464,122,31,144,0,0,0,0,0,0,0,0,-32304,0,0,0,0,0,87204,0
87204,-728,8040,1072,63,623,298,-65830,-2,0,1,0,37466,112,31,144,0,0,0,0,0,0,0,0,-32304,0,0,0,0,0,87209,0
87209,-708,8024,1048,73,619,304,-65831,0,-2,1,0,37466,112,31,144,0,0,0,0,0,0,0,0,-32303,0,0,0,0,0,87214,0
87214,-718,8026,1038,70,623,309,-65831,1,-2,3,0,37464,110,31,144,0,0,0,0,0,0,0,0,-32304,0,0,0,0,0,87219,0
87219,-706,8010,1002,70,620,311,-65833,-3,1,5,0,37464,110,31,144,0,0,0,0,0,0,0,0,-32304,0,0,0,0,0,87224,0
87224,-764,7932,848,83,608,298,-65834,-10,-2,5,0,37464,120,31,144,0,0,0,0,0,0,0,0,-32304,0,0,0,0,0,87229,0
87229,-754,7914,814,89,602,283,-65832,-4,-4,5,0,37464,120,31,144,0,0,0,0,0,0,0,0,-32304,0,0,0,0,0,87234,0
87234,-768,7914,720,97,600,260,-65833,0,-2,6,0,37461,130,31,144,0,0,0,0,0,0,0,0,-32304,0,0,0,0,0,87239,0
87239,-846,7976,708,103,593,234,-65835,-3,-3,5,0,37461,130,31,144,0,0,0,0,0,0,0,0,-32304,0,0,0,0,0,87244,0
87244,-892,7952,668,123,590,155,-65836,-5,-4,4,0,37461,128,31,144,0,0,0,0,0,0,0,0,-32304,0,0,0,0,0,87249,0
87249,-948,8020,672,129,582,121,-65834,0,-2,3,0,37461,128,31,144,0,0,0,0,0,0,0,0,-32304,0,0,0,0,0,87254,0
87254,-988,8054,702,141,579,84,-65836,2,3,2,0,37462,125,31,144,0,0,0,0,0,0,0,0,-32304,0,0,0,0,0,87259,0
87259,-1056,8026,690,140,570,37,-65836,-5,7,1,0,37462,125,31,144,0,0,0,0,0,0,0,0,-32304,0,0,0,0,0,87264,0
87264,-1104,8042,714,145,543,-30,-65835,1,-5,0,0,37463,115,31,144,0,0,0,0,0,0,0,0,-32304,0,0,0,0,0,87269,0
87269,-1160,8034,744,149,526,-60,-65835,4,2,-1,0,37463,115,31,144,0,0,0,0,0,0,0,0,-32303,0,0,0,0,0,87274,0
87274,-1212,8056,750,156,522,-84,-65835,0,1,0,0,37463,106,31,144,0,0,0,0,0,0,0,0,-32304,0,0,0,0,0,87279,0
87279,-1244,8054,752,154,504,-101,-65836,2,-2,0,0,37463,106,31,144,0,0,0,0,0,0,0,0,-32304,0,0,0,0,0,87284,0
87284,-1172,8090,760,161,471,-142,-65835,5,2,0,0,37464,109,31,144,0,0,0,0,0,0,0,0,-32304,0,0,0,0,0,87289,0
87289,-1134,8112,772,160,452,-159,-65836,0,-2,1,0,37464,109,31,144,0,0,0,0,0,0,0,0,-32304,0,0,0,0,0,87294,0
87294,-1060,8146,798,166,431,-179,-65836,1,-2,-1,0,37465,117,31,144,0,0,0,0,0,0,0,0,-32304,0,0,0,0,0,87299,0
87299,-1010,8132,784,168,417,-205,-65836,4,3,-3,0,37465,117,31,144,0,0,0,0,0,0,0,0,-32304,0,0,0,0,0,87304,0
87304,-934,8146,804,171,372,-248,-65836,1,2,0,0,37465,123,31,144,0,0,0,0,0,0,0,0,-32304,0,0,0,0,0,87309,0
87309,-922,8120,812,173,352,-275,-65834,2,0,1,0,37465,123,31,144,0,0,0,0,0,0,0,0,-32304,0,0,0,0,0,87314,0
87314,-900,8138,802,174,329,-290,-65836,2,0,0,0,37464,126,31,144,0,0,0,0,0,0,0,0,-32304,0,0,0,0,0,87319,0
87319,-906,8116,812,177,304,-308,-65836,-5,0,-3,0,37464,126,31,144,0,0,0,0,0,0,0,0,-32304,0,0,0,0,0,87324,0
87324,-830,8100,840,172,261,-331,-65836,2,-6,-2,0,37465,124,31,144,0,0,0,0,0,0,0,0,-32303,0,0,0,0,0,87329,0
87329,-804,8124,838,182,241,-344,-65836,3,2,-1,0,37465,124,31,144,0,0,0,0,0,0,0,0,-32304,0,0,0,0,0,87334,0
87334,-766,8108,876,183,218,-355,-65835,6,3,-3,0,37465,117,31,144,0,0,0,0,0,0,0,0,-32304,0,0,0,0,0,87339,0
87339,-756,8124,854,184,203,-362,-65836,0,-2,-2,0,37465,117,31,144,0,0,0,0,0,0,0,0,-32304,0,0,0,0,0,87344,0
87344,-724,8108,880,182,154,-375,-65837,-1,0,-1,0,37462,112,31,144,0,0,0,0,0,0,0,0,-32304,0,0,0,0,0,87349,0
87349,-716,8102,886,185,136,-382,-65835,5,-5,-2,0,37462,112,31,144,0,0,0,0,0,0,0,0,-32303,0,0,0,0,0,87354,0
87354,-698,8060,898,187,111,-384,-65835,2,2,-2,0,37461,116,31,144,0,0,0,0,0,0,0,0,-32304,0,0,0,0,0,87359,0
87359,-670,8062,866,198,88,-386,-65836,0,1,0,0,37461,116,31,144,0,0,0,0,0,0,0,0,-32304,0,0,0,0,0,87364,0
87364,-628,8080,890,205,50,-383,-65836,0,-5,-1,0,37464,122,31,144,0,0,0,0,0,0,0,0,-32304,0,0,0,0,0,87369,0
87369,-634,8056,888,203,28,-383,-65835,0,-1,0,0,37464,122,31,144,0,0,0,0,0,0,0,0,-32303,0,0,0,0,0,87374,0
87374,-620,8040,902,207,2,-377,-65835,4,-1,0,0,37468,126,31,144,0,0,0,0,0,0,0,0,-32303,0,0,0,0,0,87379,0
87379,-610,8012,912,209,-13,-378,-65835,-4,3,0,0,37468,126,31,144,0,0,0,0,0,0,0,0,-32303,0,0,0,0,0,87384,0
87384,-568,8020,922,216,-60,-362,-65836,0,-1,-1,0,37468,122,31,144,0,0,0,0,0,0,0,0,-32304,0,0,0,0,0,87389,0
87389,-500,8072,926,211,-78,-313,-65882,-252,-49,-1548,-2000,37468,122,31,144,0,0,0,0,0,0,0,0,-32302,0,0,0,0,0,87394,0
87394,-538,8078,956,220,-107,-313,-66063,-823,-416,-2238,-2000,37448,158,31,144,0,0,0,0,0,0,0,0,-32304,0,0,0,0,0,87399,0
87399,-984,7876,968,208,-113,-253,-66271,-925,-754,-796,-2000,37448,158,31,144,0,0,0,0,0,0,0,0,-32304,0,0,0,0,0,87404,0
87404,-1292,7876,944,221,-161,-49,-66483,-927,-899,-583,-2000,37443,175,31,144,0,0,0,0,0,0,0,0,-32304,0,0,0,0,0,87409,0
87409,-1342,7710,916,219,-186,95,-66690,-912,-723,-642,-2000,37443,175,31,144,0,0,0,0,0,0,0,0,-32303,0,0,0,0,0,87414,0
87414,-1072,7778,920,217,-204,241,-66894,-891,-318,-701,-2000,37436,184,31,144,0,0,0,0,0,0,0,0,-32304,0,0,0,0,0,87419,0
87419,-554,7840,944,215,-230,355,-67100,-915,-14,-695,-2000,37436,184,31,144,0,0,0,0,0,0,0,0,-32304,0,0,0,0,0,87424,0
87424,270,8058,1014,216,-254,464,-67307,-921,17,-648,-2000,37445,159,31,144,0,0,0,0,0,0,0,0,-32303,0,0,0,0,0,87429,0
87429,404,8144,1030,212,-264,470,-67520,-944,-9,-577,-2000,37445,159,31,144,0,0,0,0,0,0,0,0,-32303,0,0,0,0,0,87434,0
87434,422,8132,1042,211,-269,454,-67739,-958,-37,-516,-2000,37444,158,31,144,0,0,0,0,0,0,0,0,-32304,0,0,0,0,0,87439,0
87439,426,8074,1046,211,-279,439,-67959,-969,-58,-478,-2000,37444,158,31,144,0,0,0,0,0,0,0,0,-32304,0,0,0,0,0,87444,0
87444,174,7828,1016,203,-297,422,-68181,-987,-55,-443,-2000,37444,156,31,144,0,0,0,0,0,0,0,0,-32303,0,0,0,0,0,87449,0
87449,90,7768,1070,204,-308,424,-68403,-978,-39,-456,-2000,37444,156,31,144,0,0,0,0,0,0,0,0,-32303,0,0,0,0,0,87454,0
87454,-18,7662,1046,192,-317,436,-68624,-975,-22,-468,-2000,37447,158,31,144,0,0,0,0,0,0,0,0,-32303,0,0,0,0,0,87460,0
87459,-138,7586,1082,195,-324,461,-68845,-969,-12,-463,-2000,37447,158,31,144,0,0,0,0,0,0,0,0,-32304,0,0,0,0,0,87465,0
87464,1510,7376,1256,186,-359,343,-69065,-963,0,-488,-2000,37446,147,31,144,0,0,0,0,0,0,0,0,-32303,0,0,0,0,0,87470,0
87469,2500,7932,1038,176,-327,147,-69275,-916,27,-609,-2000,37446,147,31,144,0,0,0,0,0,0,0,0,-32304,0,0,0,0,0,87475,0
87474,1254,8158,1178,159,-297,-57,-69468,-837,68,-836,-2000,37443,150,31,144,0,0,0,0,0,0,0,0,-32304,0,0,0,0,0,87480,0
87479,-1954,7778,1248,156,-246,-91,-69635,-724,160,-1301,-2000,37443,150,31,144,0,0,0,0,0,0,0,0,-32303,0,0,0,0,0,87485,0
87484,-1608,7554,932,168,-348,123,-69781,-627,251,-1848,-2000,37434,170,31,144,0,0,0,0,0,0,0,0,-32302,0,0,0,0,0,87490,0
87489,102,7644,958,149,-369,134,-69906,-548,312,-2389,-2000,37434,170,31,144,0,0,0,0,0,0,0,0,-32303,0,0,0,0,0,87495,0
87494,966,7672,966,128,-368,49,-70017,-471,320,-2760,-2000,37420,211,31,144,0,0,0,0,0,0,0,0,-32304,0,0,0,0,0,87500,0
87499,418,7686,1146,126,-367,-52,-70114,-415,296,-3084,-2000,37420,211,31,144,0,0,0,0,0,0,0,0,-32305,0,0,0,0,0,87505,0
87504,-1310,7784,1166,141,-409,-17,-70197,-362,253,-3455,-2000,37403,269,31,144,0,0,0,0,0,0,0,0,-32305,0,0,0,0,0,87510,0
87509,-646,7944,1042,143,-441,36,-70269,-303,222,-3739,-2000,37403,269,31,144,0,0,0,0,0,0,0,0,-32304,0,0,0,0,0,87515,0
87514,264,8084,976,131,-456,26,-70333,-284,190,-3973,-2000,37385,307,31,144,0,0,0,0,0,0,0,0,-32304,0,0,0,0,0,87520,0
87519,618,8102,994,106,-464,-28,-70390,-231,167,-4098,-2000,37385,307,31,144,0,0,0,0,0,0,0,0,-32302,0,0,0,0,0,87525,0
87524,-396,7940,1146,102,-506,-57,-70442,-220,131,-4410,-2000,37368,340,31,144,0,0,0,0,0,0,0,0,-32302,0,0,0,0,0,87530,0
87529,-540,7952,1134,106,-527,-24,-70483,-174,120,-4471,-2000,37368,340,31,144,0,0,0,0,0,0,0,0,-32302,0,0,0,0,0,87535,0
87534,-90,8020,1080,103,-551,13,-70511,-134,122,-4806,-2000,37356,366,31,144,0,0,0,0,0,0,0,0,-32301,0,0,0,0,0,87540,0
87539,380,8132,996,93,-554,19,-70550,-160,108,-5001,-2000,37356,366,31,144,0,0,0,0,0,0,0,0,-32301,0,0,0,0,0,87545,0
87544,162,8158,1090,73,-574,-4,-70577,-120,84,-5016,-2000,37341,389,31,144,0,0,0,0,0,0,0,0,-32302,0,0,0,0,0,87550,0
87549,-98,8160,1124,68,-581,20,-70603,-103,59,-4975,-2000,37341,389,31,144,0,0,0,0,0,0,0,0,-32302,0,0,0,0,0,87555,0
87554,-58,8192,1104,68,-589,42,-70609,-22,69,-4541,0,37345,378,31,144,0,0,0,0,0,0,0,0,-32302,0,0,0,0,0,87560,0
87559,566,8284,1074,65,-588,25,-70461,720,360,-2086,0,37345,378,31,144,0,0,0,0,0,0,0,0,-32303,0,0,0,0,0,87565,0
87564,534,8442,1056,40,-572,-26,-70265,859,774,-2516,0,37393,280,31,144,0,0,0,0,0,0,0,0,-32304,0,0,0,0,0,87570,0
87569,-62,8342,1096,41,-568,-28,-70125,768,930,-2406,0,37393,280,31,144,0,0,0,0,0,0,0,0,-32305,0,0,0,0,0,87575,0
87574,-554,8172,1068,46,-558,24,-69971,667,693,-1849,0,37446,176,31,144,0,0,0,0,0,0,0,0,-32304,0,0,0,0,0,87580,0
87579,-266,8240,1056,36,-564,83,-69837,580,233,-1379,0,37446,176,31,144,0,0,0,0,0,0,0,0,-32303,0,0,0,0,0,87585,0
87584,380,8260,1000,22,-549,93,-69723,493,-241,-993,0,37486,87,31,144,0,0,0,0,0,0,0,0,-32304,0,0,0,0,0,87590,0
87589,272,8280,1018,10,-529,89,-69624,434,-312,-741,0,37486,87,31,144,0,0,0,0,0,0,0,0,-32303,0,0,0,0,0,87595,0
87594,-52,8272,1050,4,-523,93,-69536,380,-267,-584,0,37478,101,31,144,0,0,0,0,0,0,0,0,-32304,0,0,0,0,0,87600,0
87599,-244,8236,1020,6,-518,110,-69462,318,-231,-480,0,37478,101,31,144,0,0,0,0,0,0,0,0,-32304,0,0,0,0,0,87605,0
87604,36,8290,914,-3,-502,145,-69404,252,-214,-373,0,37463,104,31,144,0,0,0,0,0,0,0,0,-32304,0,0,0,0,0,87610,0
87609,58,8224,894,-16,-498,142,-69360,188,-211,-300,0,37463,104,31,144,0,0,0,0,0,0,0,0,-32304,0,0,0,0,0,87615,0
87614,24,8210,916,-21,-491,146,-69323,154,-204,-238,0,37465,109,31,144,0,0,0,0,0,0,0,0,-32303,0,0,0,0,0,87620,0
87619,-36,8216,942,-25,-482,144,-69303,87,-198,-165,0,37465,109,31,144,0,0,0,0,0,0,0,0,-32304,0,0,0,0,0,87625,0
87624,-104,8220,898,-31,-480,174,-69285,80,-172,-136,0,37466,107,31,144,0,0,0,0,0,0,0,0,-32304,0,0,0,0,0,87630,0
87629,-32,8248,854,-30,-486,185,-69274,49,-142,-106,0,37466,107,31,144,0,0,0,0,0,0,0,0,-32304,0,0,0,0,0,87635,0
87634,-22,8266,832,-37,-480,191,-69269,11,-112,-44,0,37466,113,31,144,0,0,0,0,0,0,0,0,-32304,0,0,0,0,0,87640,0
87639,-6,8272,828,-34,-485,192,-69270,0,-94,-4,0,37466,113,31,144,0,0,0,0,0,0,0,0,-32304,0,0,0,0,0,87645,0
87644,-54,8302,842,-33,-480,200,-69269,3,-74,-1,0,37464,115,31,144,0,0,0,0,0,0,0,0,-32304,0,0,0,0,0,87650,0
87649,-12,8284,832,-20,-475,211,-69269,5,-53,0,0,37464,115,31,144,0,0,0,0,0,0,0,0,-32304,0,0,0,0,0,87656,0
87654,-42,8288,806,-21,-472,211,-69269,1,-17,0,0,37460,118,31,144,0,0,0,0,0,0,0,0,-32303,0,0,0,0,0,87661,0
87659,-14,8300,826,-24,-466,218,-69269,5,-1,-1,0,37460,118,31,144,0,0,0,0,0,0,0,0,-32303,0,0,0,0,0,87666,0
87664,-50,8278,800,-14,-456,222,-69270,-2,1,0,0,37458,119,31,144,0,0,0,0,0,0,0,0,-32304,0,0,0,0,0,87671,0
87669,-56,8264,830,-13,-448,221,-69269,7,1,-3,0,37458,119,31,144,0,0,0,0,0,0,0,0,-32303,0,0,0,0,0,87676,0
87674,-70,8256,806,-9,-440,230,-69269,5,4,-2,0,37458,125,31,144,0,0,0,0,0,0,0,0,-32304,0,0,0,0,0,87681,0
87679,-52,8252,794,-1,-437,224,-69269,3,0,0,0,37458,125,31,144,0,0,0,0,0,0,0,0,-32304,0,0,0,0,0,87686,0
87684,-68,8204,796,5,-411,230,-69269,-1,3,0,0,37457,126,31,144,0,0,0,0,0,0,0,0,-32303,0,0,0,0,0,87691,0
87689,-42,8210,818,12,-401,236,-69270,0,-1,-1,0,37457,126,31,144,0,0,0,0,0,0,0,0,-32303,0,0,0,0,0,87696,0
87694,-56,8186,798,19,-389,227,-69270,-5,-4,-1,0,37460,132,31,144,0,0,0,0,0,0,0,0,-32304,0,0,0,0,0,87701,0
87699,-78,8150,818,19,-373,235,-69269,0,0,0,0,37460,132,31,144,0,0,0,0,0,0,0,0,-32304,0,0,0,0,0,87706,0
87704,-74,8130,802,25,-341,234,-69270,1,0,0,0,37462,132,31,144,0,0,0,0,0,0,0,0,-32304,0,0,0,0,0,87711,0
87709,-58,8136,812,33,-328,236,-69270,-1,-3,0,0,37462,132,31,144,0,0,0,0,0,0,0,0,-32304,0,0,0,0,0,87716,0
87714,-64,8134,798,41,-312,242,-69270,-5,0,0,0,37465,130,31,144,0,0,0,0,0,0,0,0,-32304,0,0,0,0,0,87721,0
87719,-66,8094,798,46,-300,236,-69269,6,1,0,0,37465,130,31,144,0,0,0,0,0,0,0,0,-32304,0,0,0,0,0,87726,0
87724,-86,8068,802,54,-270,243,-69270,1,-2,0,0,37465,128,31,144,0,0,0,0,0,0,0,0,-32304,0,0,0,0,0,87731,0
87729,-104,8046,782,58,-256,236,-69270,-4,-1,-1,0,37465,128,31,144,0,0,0,0,0,0,0,0,-32303,0,0,0,0,0,87736,0
87734,-78,8046,786,52,-250,246,-69269,0,1,-1,0,37464,126,31,144,0,0,0,0,0,0,0,0,-32304,0,0,0,0,0,87741,0
87739,-76,8002,812,61,-225,242,-69268,0,4,-2,0,37464,126,31,144,0,0,0,0,0,0,0,0,-32304,0,0,0,0,0,87746,0
87744,-92,7994,812,69,-201,245,-69269,0,-2,-2,0,37463,138,31,144,0,0,0,0,0,0,0,0,-32304,0,0,0,0,0,87751,0
87749,-88,7988,786,72,-194,254,-69270,-11,-1,0,0,37463,138,31,144,0,0,0,0,0,0,0,0,-32304,0,0,0,0,0,87756,0
87754,-98,7960,786,79,-180,247,-69268,6,2,0,0,37459,129,31,144,0,0,0,0,0,0,0,0,-32304,0,0,0,0,0,87761,0
87759,-136,7936,810,77,-163,253,-69268,3,0,-1,0,37459,129,31,144,0,0,0,0,0,0,0,0,-32304,0,0,0,0,0,87766,0
87764,-128,7908,786,85,-138,252,-69269,-1,3,-1,0,37460,123,31,144,0,0,0,0,0,0,0,0,-32304,0,0,0,0,0,87771,0
87769,-142,7894,806,83,-128,254,-69269,-1,1,0,0,37460,123,31,144,0,0,0,0,0,0,0,0,-32304,0,0,0,0,0,87776,0
87774,-170,7892,790,95,-113,251,-69270,0,0,0,0,37460,116,31,144,0,0,0,0,0,0,0,0,-32304,0,0,0,0,0,87781,0
87779,-164,7896,768,92,-99,250,-69270,0,-3,0,0,37460,116,31,144,0,0,0,0,0,0,0,0,-32304,0,0,0,0,0,87786,0
87784,-184,7874,782,96,-76,245,-69269,-1,2,0,0,37461,118,31,144,0,0,0,0,0,0,0,0,-32304,0,0,0,0,0,87791,0
87789,-198,7866,784,102,-69,249,-69268,7,3,-1,0,37461,118,31,144,0,0,0,0,0,0,0,0,-32303,0,0,0,0,0,87796,0
87794,-206,7862,790,106,-60,250,-69269,7,2,-1,0,37461,125,31,144,0,0,0,0,0,0,0,0,-32304,0,0,0,0,0,87801,0
87799,-252,7870,798,104,-47,244,-69269,-4,4,0,0,37461,125,31,144,0,0,0,0,0,0,0,0,-32304,0,0,0,0,0,87806,0
87804,-240,7872,796,100,-29,240,-69269,-4,0,0,0,37461,130,31,144,0,0,0,0,0,0,0,0,-32304,0,0,0,0,0,87811,0
87809,-220,7892,794,111,-19,246,-69268,3,1,-1,0,37461,130,31,144,0,0,0,0,0,0,0,0,-32304,0,0,0,0,0,87816,0
87814,-238,7886,784,113,-10,243,-69268,10,0,-2,0,37459,128,31,144,0,0,0,0,0,0,0,0,-32304,0,0,0,0,0,87821,0
87819,-236,7880,826,112,3,240,-69270,-1,-5,0,0,37459,128,31,144,0,0,0,0,0,0,0,0,-32304,0,0,0,0,0,87826,0
87824,-258,7924,824,116,26,230,-69268,0,4,-1,0,37461,115,31,144,0,0,0,0,0,0,0,0,-32304,0,0,0,0,0,87831,0
87829,-242,7902,822,119,37,230,-69269,3,-1,0,0,37461,115,31,144,0,0,0,0,0,0,0,0,-32304,0,0,0,0,0,87836,0
87834,-236,7954,816,118,45,229,-69269,0,-4,0,0,37463,108,31,144,0,0,0,0,0,0,0,0,-32304,0,0,0,0,0,87841,0
87839,-260,7936,848,122,58,225,-69267,0,1,-1,0,37463,108,31,144,0,0,0,0,0,0,0,0,-32304,0,0,0,0,0,87846,0
87844,-248,7926,838,126,86,221,-69269,0,-1,-1,0,37467,116,31,144,0,0,0,0,0,0,0,0,-32304,0,0,0,0,0,87851,0
87849,-244,7920,838,126,91,223,-69268,3,2,-1,0,37467,116,31,144,0,0,0,0,0,0,0,0,-32304,0,0,0,0,0,87856,0
87854,-262,7964,860,124,103,214,-69268,6,1,-2,0,37466,116,31,144,0,0,0,0,0,0,0,0,-32304,0,0,0,0,0,87861,0
87859,-276,7982,840,130,115,208,-69269,0,-1,0,0,37466,116,31,144,0,0,0,0,0,0,0,0,-32304,0,0,0,0,0,87866,0
87864,-236,8016,824,137,137,200,-69270,2,1,0,0,37465,117,31,144,0,0,0,0,0,0,0,0,-32304,0,0,0,0,0,87871,0
87869,-272,8050,854,129,151,199,-69269,-7,0,-1,0,37465,117,31,144,0,0,0,0,0,0,0,0,-32304,0,0,0,0,0,87876,0
87874,-288,8054,832,130,160,189,-69268,9,-1,-1,0,37465,119,31,144,0,0,0,0,0,0,0,0,-32304,0,0,0,0,0,87881,0
87879,-282,8092,836,131,169,183,-69269,-1,1,-2,0,37465,119,31,144,0,0,0,0,0,0,0,0,-32304,0,0,0,0,0,87886,0
87884,-304,8090,816,133,186,170,-69268,1,-1,-1,0,37464,125,31,144,0,0,0,0,0,0,0,0,-32304,0,0,0,0,0,87891,0
87889,-328,8098,824,137,195,165,-69269,2,-1,0,0,37464,125,31,144,0,0,0,0,0,0,0,0,-32303,0,0,0,0,0,87896,0
87894,-336,8110,812,140,207,159,-69267,7,0,0,0,37463,130,31,144,0,0,0,0,0,0,0,0,-32304,0,0,0,0,0,87901,0
87899,-326,8118,818,145,205,151,-69268,-2,-4,0,0,37463,130,31,144,0,0,0,0,0,0,0,0,-32303,0,0,0,0,0,87906,0
87904,-362,8130,794,138,221,141,-69269,0,3,-2,0,37461,131,31,144,0,0,0,0,0,0,0,0,-32304,0,0,0,0,0,87911,0
87909,-344,8126,804,142,224,130,-69269,-5,-6,0,0,37461,131,31,144,0,0,0,0,0,0,0,0,-32304,0,0,0,0,0,87916,0
87914,-340,8102,824,149,234,119,-69269,3,-2,0,0,37459,120,31,144,0,0,0,0,0,0,0,0,-32304,0,0,0,0,0,87921,0
87919,-362,8094,822,145,240,123,-69268,-9,-1,0,0,37459,120,31,144,0,0,0,0,0,0,0,0,-32304,0,0,0,0,0,87926,0
87924,-360,8062,812,155,246,104,-69268,0,1,-3,0,37464,117,31,144,0,0,0,0,0,0,0,0,-32304,0,0,0,0,0,87931,0
87929,-346,8068,806,155,252,93,-69267,7,3,-3,0,37464,117,31,144,0,0,0,0,0,0,0,0,-32304,0,0,0,0,0,87936,0
87934,-338,8050,774,157,252,93,-69268,2,2,0,0,37464,116,31,144,0,0,0,0,0,0,0,0,-32304,0,0,0,0,0,87941,0
87939,-334,8022,800,162,257,86,-69267,4,1,0,0,37464,116,31,144,0,0,0,0,0,0,0,0,-32303,0,0,0,0,0,87946,0
87944,-334,7970,816,165,268,75,-69267,4,1,-1,0,37462,116,31,144,0,0,0,0,0,0,0,0,-32304,0,0,0,0,0,87951,0
87949,-336,7968,778,167,280,67,-69269,2,0,-1,0,37462,116,31,144,0,0,0,0,0,0,0,0,-32304,0,0,0,0,0,87956,0
87954,-310,7980,792,177,282,67,-69268,1,-4,0,0,37458,127,31,144,0,0,0,0,0,0,0,0,-32304,0,0,0,0,0,87961,0
87959,-314,7950,810,174,284,57,-69267,2,-2,-1,0,37458,127,31,144,0,0,0,0,0,0,0,0,-32303,0,0,0,0,0,87966,0
87964,-328,7962,794,175,290,47,-69267,7,2,0,0,37461,123,31,144,0,0,0,0,0,0,0,0,-32304,0,0,0,0,0,87971,0
87969,-326,7970,820,178,303,46,-69269,-3,-2,-1,0,37461,123,31,144,0,0,0,0,0,0,0,0,-32304,0,0,0,0,0,87976,0
87974,-320,8044,824,181,300,40,-69268,0,-7,-2,0,37463,122,31,144,0,0,0,0,0,0,0,0,-32304,0,0,0,0,0,87981,0
87979,-338,8072,886,173,306,35,-69266,9,-4,-1,0,37463,122,31,144,0,0,0,0,0,0,0,0,-32304,0,0,0,0,0,87986,0
87984,-374,8192,1068,159,314,24,-69268,-1,2,-1,0,37461,125,31,144,0,0,0,0,0,0,0,0,-32304,0,0,0,0,0,87991,0
87989,-372,8268,1216,142,317,21,-69268,-7,-2,0,0,37461,125,31,144,0,0,0,0,0,0,0,0,-32304,0,0,0,0,0,87996,0
87994,-356,8336,1362,128,317,17,-69269,-2,-4,-2,0,37462,122,31,144,0,0,0,0,0,0,0,0,-32304,0,0,0,0,0,88001,0
87999,-370,8362,1508,111,323,17,-69268,0,0,-2,0,37462,122,31,144,0,0,0,0,0,0,0,0,-32303,0,0,0,0,0,88006,0
88004,-268,8358,1654,67,328,16,-69267,-3,2,-3,0,37460,117,31,144,0,0,0,0,0,0,0,0,-32303,0,0,0,0,0,88011,0
88009,-274,8358,1696,45,331,16,-69268,-6,0,-2,0,37460,117,31,144,0,0,0,0,0,0,0,0,-32303,0,0,0,0,0,88016,0
88014,-252,8302,1700,14,331,22,-69267,2,2,-2,0,37460,120,31,144,0,0,0,0,0,0,0,0,-32304,0,0,0,0,0,88021,0
88019,-246,8248,1572,7,325,17,-69266,6,-3,0,0,37460,120,31,144,0,0,0,0,0,0,0,0,-32304,0,0,0,0,0,88026,0
88024,-158,8082,986,14,316,16,-69267,5,1,0,0,37462,126,31,144,0,0,0,0,0,0,0,0,-32304,0,0,0,0,0,88031,0
88029,-152,8070,708,22,314,17,-69267,-1,1,1,0,37462,126,31,144,0,0,0,0,0,0,0,0,-32304,0,0,0,0,0,88036,0
88034,-140,8056,538,33,310,20,-69268,0,-1,0,0,37462,138,31,144,0,0,0,0,0,0,0,0,-32304,0,0,0,0,0,88041,0
88039,-134,8070,554,43,306,15,-69267,6,2,-2,0,37462,138,31,144,0,0,0,0,0,0,0,0,-32304,0,0,0,0,0,88046,0
88044,-114,8120,878,65,307,20,-69267,-6,1,-2,0,37463,138,31,144,0,0,0,0,0,0,0,0,-32304,0,0,0,0,0,88051,0
88049,-160,8152,1102,66,304,17,-69268,-3,0,0,0,37463,138,31,144,0,0,0,0,0,0,0,0,-32304,0,0,0,0,0,88056,0
88054,-184,8136,1250,69,314,9,-69267,-1,-1,0,0,37464,137,31,144,0,0,0,0,0,0,0,0,-32303,0,0,0,0,0,88061,0
88059,-218,8156,1324,70,302,14,-69267,3,-1,0,0,37464,137,31,144,0,0,0,0,0,0,0,0,-32304,0,0,0,0,0,88066,0
88064,-266,8090,1242,67,294,6,-69267,-5,-1,0,0,37458,131,31,144,0,0,0,0,0,0,0,0,-32303,0,0,0,0,0,88071,0
88069,-274,8064,1102,69,285,11,-69266,3,0,-1,0,37458,131,31,144,0,0,0,0,0,0,0,0,-32304,0,0,0,0,0,88076,0
88074,-258,8074,996,76,278,8,-69268,-3,0,0,0,37461,136,31,144,0,0,0,0,0,0,0,0,-32304,0,0,0,0,0,88081,0
88079,-246,8046,920,85,267,7,-69266,5,0,0,0,37461,136,31,144,0,0,0,0,0,0,0,0,-32303,0,0,0,0,0,88086,0
88084,-188,8036,908,99,253,9,-69268,-1,-2,0,0,37462,127,31,144,0,0,0,0,0,0,0,0,-32304,0,0,0,0,0,88091,0
88089,-178,8020,970,103,245,7,-69267,0,3,0,0,37462,127,31,144,0,0,0,0,0,0,0,0,-32303,0,0,0,0,0,88096,0
88094,-184,8010,1016,103,235,5,-69267,3,-2,-2,0,37465,125,31,144,0,0,0,0,0,0,0,0,-32304,0,0,0,0,0,88101,0
88099,-170,8014,1056,107,223,4,-69267,3,3,-1,0,37465,125,31,144,0,0,0,0,0,0,0,0,-32304,0,0,0,0,0,88106,0
88104,-242,8040,1090,108,209,5,-69267,1,-1,-1,0,37463,118,31,144,0,0,0,0,0,0,0,0,-32304,0,0,0,0,0,88111,0
88109,-266,8016,1012,108,199,5,-69267,-5,-1,-2,0,37463,118,31,144,0,0,0,0,0,0,0,0,-32304,0,0,0,0,0,88116,0
88114,-300,8038,974,106,184,5,-69266,8,-1,-3,0,37460,117,31,144,0,0,0,0,0,0,0,0,-32304,0,0,0,0,0,88121,0
88119,-294,8092,924,118,185,7,-69267,-1,0,-1,0,37460,117,31,144,0,0,0,0,0,0,0,0,-32304,0,0,0,0,0,88126,0
88124,-298,8102,850,120,173,5,-69264,9,-4,-2,0,37461,115,31,144,0,0,0,0,0,0,0,0,-32304,0,0,0,0,0,88131,0
88129,-306,8096,846,122,160,1,-69266,3,0,-1,0,37461,115,31,144,0,0,0,0,0,0,0,0,-32304,0,0,0,0,0,88136,0
88134,-280,8110,842,123,161,7,-69266,12,3,-2,0,37464,113,31,144,0,0,0,0,0,0,0,0,-32304,0,0,0,0,0,88141,0
88139,-300,8110,850,118,156,10,-69268,-4,-7,-1,0,37464,113,31,144,0,0,0,0,0,0,0,0,-32304,0,0,0,0,0,88146,0
88144,-254,8080,890,120,148,9,-69267,-1,5,-2,0,37465,119,31,144,0,0,0,0,0,0,0,0,-32304,0,0,0,0,0,88151,0
88149,-272,8052,858,126,140,8,-69265,-1,-2,-1,0,37465,119,31,144,0,0,0,0,0,0,0,0,-32304,0,0,0,0,0,88156,0
88154,-282,8020,870,119,138,11,-69265,2,3,-2,0,37465,121,31,144,0,0,0,0,0,0,0,0,-32304,0,0,0,0,0,88161,0
88159,-264,7998,838,119,128,9,-69265,0,-1,-1,0,37465,121,31,144,0,0,0,0,0,0,0,0,-32304,0,0,0,0,0,88166,0
88164,-262,7982,832,120,120,12,-69266,4,-2,-2,0,37459,123,31,144,0,0,0,0,0,0,0,0,-32304,0,0,0,0,0,88171,0
88169,-284,7964,812,118,109,12,-69266,-2,-1,-2,0,37459,123,31,144,0,0,0,0,0,0,0,0,-32305,0,0,0,0,0,88176,0
88174,-304,7948,818,116,106,13,-69264,1,-2,-2,0,37462,123,31,144,0,0,0,0,0,0,0,0,-32304,0,0,0,0,0,88181,0
88179,-236,7958,836,115,99,16,-69265,-7,1,-2,0,37462,123,31,144,0,0,0,0,0,0,0,0,-32304,0,0,0,0,0,88186,0
88184,-228,7956,838,115,92,15,-69264,-4,-2,-1,0,37464,126,31,144,0,0,0,0,0,0,0,0,-32304,0,0,0,0,0,88191,0
88189,-198,7948,842,116,91,13,-69265,1,-2,-1,0,37464,126,31,144,0,0,0,0,0,0,0,0,-32304,0,0,0,0,0,88196,0
88194,-184,7952,842,113,90,15,-69264,2,0,0,0,37463,126,31,144,0,0,0,0,0,0,0,0,-32303,0,0,0,0,0,88201,0
88199,-178,7994,824,120,87,9,-69266,-3,-2,0,0,37463,126,31,144,0,0,0,0,0,0,0,0,-32303,0,0,0,0,0,88206,0
88204,-148,7994,800,105,85,11,-69266,-5,4,-1,0,37461,126,31,144,0,0,0,0,0,0,0,0,-32304,0,0,0,0,0,88211,0
88209,-148,8010,804,116,82,11,-69264,1,0,-2,0,37461,126,31,144,0,0,0,0,0,0,0,0,-32304,0,0,0,0,0,88216,0
88214,-144,8054,814,107,75,14,-69265,1,1,-1,0,37459,120,31,144,0,0,0,0,0,0,0,0,-32304,0,0,0,0,0,88221,0
88219,-134,8054,806,113,81,10,-69265,1,3,-1,0,37459,120,31,144,0,0,0,0,0,0,0,0,-32304,0,0,0,0,0,88226,0
88224,-150,8112,836,107,77,6,-69266,1,1,0,0,37460,120,31,144,0,0,0,0,0,0,0,0,-32304,0,0,0,0,0,88231,0
88229,-168,8130,816,107,71,7,-69265,0,-1,0,0,37460,120,31,144,0,0,0,0,0,0,0,0,-32304,0,0,0,0,0,88236,0
88234,-148,8140,836,111,68,-1,-69265,1,3,0,0,37466,121,31,144,0,0,0,0,0,0,0,0,-32304,0,0,0,0,0,88241,0
88239,-180,8170,804,112,77,2,-69266,-6,-1,0,0,37466,121,31,144,0,0,0,0,0,0,0,0,-32304,0,0,0,0,0,88246,0
88244,-140,8162,818,106,68,-4,-69265,1,-1,0,0,37467,123,31,144,0,0,0,0,0,0,0,0,-32304,0,0,0,0,0,88251,0
88249,-172,8180,820,105,67,-10,-69265,1,-3,0,0,37467,123,31,144,0,0,0,0,0,0,0,0,-32304,0,0,0,0,0,88256,0
88254,-170,8190,798,106,64,-13,-69265,-6,2,0,0,37466,125,31,144,0,0,0,0,0,0,0,0,-32304,0,0,0,0,0,88261,0
88259,-152,8210,786,110,66,-10,-69266,-7,0,0,0,37466,125,31,144,0,0,0,0,0,0,0,0,-32303,0,0,0,0,0,88266,0
88264,-122,8182,812,108,65,-14,-69264,0,3,0,0,37468,127,31,144,0,0,0,0,0,0,0,0,-32303,0,0,0,0,0,88271,0
88269,-134,8176,788,114,64,-21,-69265,0,1,-1,0,37468,127,31,144,0,0,0,0,0,0,0,0,-32304,0,0,0,0,0,88276,0
88274,-184,8182,804,107,63,-20,-69264,-1,0,-1,0,37461,118,31,144,0,0,0,0,0,0,0,0,-32304,0,0,0,0,0,88281,0
88279,-146,8190,832,104,71,-22,-69266,-3,2,-1,0,37461,118,31,144,0,0,0,0,0,0,0,0,-32304,0,0,0,0,0,88286,0
88284,-142,8172,832,110,81,-26,-69265,0,3,-2,0,37461,122,31,144,0,0,0,0,0,0,0,0,-32304,0,0,0,0,0,88291,0
88289,-130,8156,866,113,87,-33,-69265,-3,1,-1,0,37461,122,31,144,0,0,0,0,0,0,0,0,-32304,0,0,0,0,0,88296,0
88294,-178,8110,824,116,87,-32,-69265,0,3,-1,0,37458,123,31,144,0,0,0,0,0,0,0,0,-32304,0,0,0,0,0,88301,0
88299,-120,8068,844,111,101,-33,-69264,1,5,-1,0,37458,123,31,144,0,0,0,0,0,0,0,0,-32304,0,0,0,0,0,88306,0
88304,-104,8126,890,115,106,-36,-69263,2,0,-1,0,37458,122,31,144,0,0,0,0,0,0,0,0,-32304,0,0,0,0,0,88311,0
88309,-76,8080,880,114,116,-33,-69265,-3,1,0,0,37458,122,31,144,0,0,0,0,0,0,0,0,-32304,0,0,0,0,0,88316,0
88314,-124,8028,854,120,122,-41,-69264,0,1,-2,0,37462,119,31,144,0,0,0,0,0,0,0,0,-32304,0,0,0,0,0,88321,0
88319,-122,7960,822,118,128,-38,-69264,-1,-1,-2,0,37462,119,31,144,0,0,0,0,0,0,0,0,-32304,0,0,0,0,0,88326,0
88324,-114,8034,848,118,131,-38,-69263,0,1,-3,0,37465,121,31,144,0,0,0,0,0,0,0,0,-32304,0,0,0,0,0,88331,0
88329,-158,8004,862,122,137,-43,-69263,0,1,-3,0,37465,121,31,144,0,0,0,0,0,0,0,0,-32303,0,0,0,0,0,88336,0
88334,-192,8030,848,119,146,-36,-69263,0,-2,-4,0,37466,115,31,144,0,0,0,0,0,0,0,0,-32304,0,0,0,0,0,88341,0
88339,-280,7956,828,115,148,-43,-69262,2,-3,-4,0,37466,115,31,144,0,0,0,0,0,0,0,0,-32304,0,0,0,0,0,88346,0
88344,-238,8064,816,126,150,-38,-69262,1,-1,-5,0,37468,120,31,144,0,0,0,0,0,0,0,0,-32304,0,0,0,0,0,88351,0
88349,-272,8036,780,120,157,-39,-69262,0,2,-4,0,37468,120,31,144,0,0,0,0,0,0,0,0,-32304,0,0,0,0,0,88356,0
88354,-234,8078,814,121,164,-39,-69262,-1,-1,-6,0,37465,119,31,144,0,0,0,0,0,0,0,0,-32304,0,0,0,0,0,88361,0
88359,-230,8100,830,123,165,-36,-69260,3,1,-9,0,37465,119,31,144,0,0,0,0,0,0,0,0,-32304,0,0,0,0,0,88366,0
88364,-272,8136,840,121,171,-34,-69258,7,1,-11,0,37463,130,31,144,0,0,0,0,0,0,0,0,-32304,0,0,0,0,0,88371,0
88369,-276,8126,810,128,175,-34,-69257,9,4,-15,0,37463,130,31,144,0,0,0,0,0,0,0,0,-32304,0,0,0,0,0,88376,0
88374,-270,8116,792,126,177,-31,-69255,10,4,-21,0,37463,137,31,144,0,0,0,0,0,0,0,0,-32304,0,0,0,0,0,88381,0
88379,-306,8138,782,125,181,-35,-69252,15,8,-32,0,37463,137,31,144,0,0,0,0,0,0,0,0,-32304,0,0,0,0,0,88386,0
88384,-276,8158,802,129,182,-35,-69244,31,17,-54,0,37461,132,31,144,0,0,0,0,0,0,0,0,-32304,0,0,0,0,0,88391,0
88389,-326,8092,810,131,188,-37,-69230,62,31,-90,0,37461,132,31,144,0,0,0,0,0,0,0,0,-32304,0,0,0,0,0,88396,0
88394,-258,8126,782,128,192,-28,-69212,76,53,-123,0,37461,129,31,144,0,0,0,0,0,0,0,0,-32304,0,0,0,0,0,88401,0
88399,-352,8076,826,129,194,-29,-69199,54,51,-101,0,37461,129,31,144,0,0,0,0,0,0,0,0,-32304,0,0,0,0,0,88406,0
88404,-302,8090,852,125,205,-31,-69196,12,7,-46,0,37462,131,31,144,0,0,0,0,0,0,0,0,-32304,0,0,0,0,0,88411,0
88409,-368,8162,832,126,214,-21,-69198,-1,-36,-10,0,37462,131,31,144,0,0,0,0,0,0,0,0,-32303,0,0,0,0,0,88416,0
88414,-360,8076,814,130,219,-18,-69197,5,-69,-4,0,37462,122,31,144,0,0,0,0,0,0,0,0,-32304,0,0,0,0,0,88421,0
88419,-294,8070,764,132,224,-21,-69198,-1,-59,-1,0,37462,122,31,144,0,0,0,0,0,0,0,0,-32304,0,0,0,0,0,88426,0
88424,-256,8086,770,130,235,-16,-69197,-1,-24,-2,0,37460,113,31,144,0,0,0,0,0,0,0,0,-32304,0,0,0,0,0,88431,0
88429,-224,8068,816,129,247,-19,-69198,5,-3,-2,0,37460,113,31,144,0,0,0,0,0,0,0,0,-32304,0,0,0,0,0,88436,0
88434,-242,8120,848,134,247,-14,-69197,0,4,-2,0,37461,114,31,144,0,0,0,0,0,0,0,0,-32304,0,0,0,0,0,88441,0
88439,-196,8170,830,130,249,-12,-69198,-1,-2,-2,0,37461,114,31,144,0,0,0,0,0,0,0,0,-32304,0,0,0,0,0,88446,0
88444,-290,8052,782,135,262,-15,-69197,-2,2,-2,0,37463,119,31,144,0,0,0,0,0,0,0,0,-32304,0,0,0,0,0,88451,0
88449,-262,8044,780,134,256,-11,-69198,-4,1,-2,0,37463,119,31,144,0,0,0,0,0,0,0,0,-32304,0,0,0,0,0,88456,0
88454,-198,8072,794,126,258,-13,-69198,1,1,-3,0,37462,120,31,144,0,0,0,0,0,0,0,0,-32304,0,0,0,0,0,88462,0
88459,-298,8040,812,142,261,-11,-69197,-2,1,-3,0,37462,120,31,144,0,0,0,0,0,0,0,0,-32304,0,0,0,0,0,88467,0
88464,-312,8026,784,142,254,-13,-69198,-2,1,0,0,37462,122,31,144,0,0,0,0,0,0,0,0,-32303,0,0,0,0,0,88472,0
88469,-262,8106,784,137,257,-15,-69197,0,1,-2,0,37462,122,31,144,0,0,0,0,0,0,0,0,-32304,0,0,0,0,0,88477,0
88474,-242,8098,806,137,248,-12,-69198,-1,-1,-2,0,37464,125,31,144,0,0,0,0,0,0,0,0,-32304,0,0,0,0,0,88482,0
88479,-296,8132,784,135,250,-14,-69197,0,-2,-1,0,37464,125,31,144,0,0,0,0,0,0,0,0,-32303,0,0,0,0,0,88487,0
88484,-276,8070,704,143,235,-15,-69198,-2,1,-2,0,37464,117,31,144,0,0,0,0,0,0,0,0,-32304,0,0,0,0,0,88492,0
88489,-292,8066,710,139,238,-13,-69197,-1,1,-1,0,37464,117,31,144,0,0,0,0,0,0,0,0,-32304,0,0,0,0,0,88497,0
88494,-336,8072,684,137,236,-10,-69198,1,-2,-2,0,37464,114,31,144,0,0,0,0,0,0,0,0,-32304,0,0,0,0,0,88502,0
88499,-314,8072,706,139,232,-14,-69198,-1,2,-1,0,37464,114,31,144,0,0,0,0,0,0,0,0,-32304,0,0,0,0,0,88507,0
88504,-328,8102,702,129,225,-14,-69198,-4,1,0,0,37463,111,31,144,0,0,0,0,0,0,0,0,-32303,0,0,0,0,0,88512,0
88509,-358,8140,742,132,221,-15,-69197,0,0,-2,0,37463,111,31,144,0,0,0,0,0,0,0,0,-32304,0,0,0,0,0,88517,0
88514,-354,8222,752,131,212,-11,-69198,-6,6,-2,0,37462,116,31,144,0,0,0,0,0,0,0,0,-32304,0,0,0,0,0,88522,0
88519,-300,8236,782,124,217,-13,-69198,-8,-1,0,0,37462,116,31,144,0,0,0,0,0,0,0,0,-32303,0,0,0,0,0,88527,0
88524,-342,8170,706,141,206,-16,-69198,-5,0,0,0,37461,119,31,144,0,0,0,0,0,0,0,0,-32304,0,0,0,0,0,88532,0
88529,-238,8218,758,128,205,-18,-69198,-1,3,-1,0,37461,119,31,144,0,0,0,0,0,0,0,0,-32304,0,0,0,0,0,88537,0
88534,-282,8188,730,134,205,-13,-69197,0,8,-1,0,37459,122,31,144,0,0,0,0,0,0,0,0,-32304,0,0,0,0,0,88542,0
88539,-370,8150,718,133,192,-24,-69197,-1,1,-2,0,37459,122,31,144,0,0,0,0,0,0,0,0,-32304,0,0,0,0,0,88547,0
88544,-334,8138,694,131,182,-23,-69197,0,4,-2,0,37457,122,31,144,0,0,0,0,0,0,0,0,-32304,0,0,0,0,0,88552,0
88549,-320,8128,726,121,173,-19,-69197,0,-1,-2,0,37457,122,31,144,0,0,0,0,0,0,0,0,-32304,0,0,0,0,0,88557,0
88554,-348,8072,720,132,168,-21,-69197,0,-2,-3,0,37464,130,31,144,0,0,0,0,0,0,0,0,-32304,0,0,0,0,0,88562,0
88559,-364,8040,682,129,167,-19,-69197,-3,5,-4,0,37464,130,31,144,0,0,0,0,0,0,0,0,-32304,0,0,0,0,0,88567,0
88564,-290,8086,750,126,154,-17,-69199,-5,0,-3,0,37468,129,31,144,0,0,0,0,0,0,0,0,-32304,0,0,0,0,0,88572,0
88569,-370,8048,660,128,145,-19,-69197,1,2,-1,0,37468,129,31,144,0,0,0,0,0,0,0,0,-32304,0,0,0,0,0,88577,0
88574,-344,8078,680,126,150,-20,-69198,-1,-1,-3,0,37469,117,31,144,0,0,0,0,0,0,0,0,-32303,0,0,0,0,0,88582,0
88579,-344,8096,686,115,139,-18,-69199,-6,0,-3,0,37469,117,31,144,0,0,0,0,0,0,0,0,-32304,0,0,0,0,0,88587,0
88584,-332,8040,692,126,125,-22,-69197,-1,2,-2,0,37467,111,31,144,0,0,0,0,0,0,0,0,-32304,0,0,0,0,0,88592,0
88589,-412,8040,676,125,126,-18,-69197,2,1,0,0,37467,111,31,144,0,0,0,0,0,0,0,0,-32303,0,0,0,0,0,88597,0
88594,-344,8078,666,120,118,-20,-69197,5,-3,-1,0,37457,105,31,144,0,0,0,0,0,0,0,0,-32304,0,0,0,0,0,88602,0
88599,-356,8090,770,119,118,-18,-69197,3,1,-2,0,37457,105,31,144,0,0,0,0,0,0,0,0,-32304,0,0,0,0,0,88607,0
88604,-450,8102,704,121,100,-17,-69197,4,1,-1,0,37450,108,31,144,0,0,0,0,0,0,0,0,-32304,0,0,0,0,0,88612,0
88609,-368,8088,720,114,102,-16,-69197,0,1,-2,0,37450,108,31,144,0,0,0,0,0,0,0,0,-32304,0,0,0,0,0,88617,0
88614,-362,8100,658,119,88,-14,-69197,3,2,-3,0,37449,109,31,144,0,0,0,0,0,0,0,0,-32304,0,0,0,0,0,88622,0
88619,-452,8072,664,115,83,-15,-69197,0,1,-3,0,37449,109,31,144,0,0,0,0,0,0,0,0,-32304,0,0,0,0,0,88626,0
88624,-406,8042,780,109,66,-13,-69197,-4,5,-3,0,37452,105,31,144,0,0,0,0,0,0,0,0,-32304,0,0,0,0,0,88631,0
88629,-406,8116,744,113,71,-9,-69197,1,-2,-3,0,37452,105,31,144,0,0,0,0,0,0,0,0,-32304,0,0,0,0,0,88636,0
88634,-464,8090,716,120,58,-9,-69198,-5,-1,-4,0,37457,101,31,144,0,0,0,0,0,0,0,0,-32304,0,0,0,0,0,88641,0
88639,-454,8076,710,108,53,-1,-69197,0,-1,-4,0,37457,101,31,144,0,0,0,0,0,0,0,0,-32304,0,0,0,0,0,88646,0
88644,-458,8084,682,123,50,-7,-69196,1,2,-5,0,37458,107,31,144,0,0,0,0,0,0,0,0,-32304,0,0,0,0,0,88651,0
88649,-370,8094,686,106,44,-1,-69197,-6,-2,-3,0,37458,107,31,144,0,0,0,0,0,0,0,0,-32304,0,0,0,0,0,88656,0
88654,-406,8038,626,114,39,-5,-69197,-1,-3,-4,0,37463,110,31,144,0,0,0,0,0,0,0,0,-32304,0,0,0,0,0,88661,0
88659,-414,8094,678,114,32,4,-69196,2,-1,-6,0,37463,110,31,144,0,0,0,0,0,0,0,0,-32304,0,0,0,0,0,88666,0
88664,-380,8060,638,112,24,5,-69196,4,-1,-2,0,37464,121,31,144,0,0,0,0,0,0,0,0,-32304,0,0,0,0,0,88671,0
88669,-412,8146,676,111,24,0,-69195,2,2,-2,0,37464,121,31,144,0,0,0,0,0,0,0,0,-32304,0,0,0,0,0,88676,0
88674,-298,8156,714,105,28,8,-69195,-1,4,-2,0,37462,122,31,144,0,0,0,0,0,0,0,0,-32304,0,0,0,0,0,88681,0
88679,-388,8092,660,118,29,3,-69195,5,4,-5,0,37462,122,31,144,0,0,0,0,0,0,0,0,-32304,0,0,0,0,0,88686,0
88684,-352,8086,682,110,23,4,-69196,-6,-3,-4,0,37463,123,31,144,0,0,0,0,0,0,0,0,-32304,0,0,0,0,0,88691,0
88689,-420,8066,756,106,25,10,-69195,0,4,-1,0,37463,123,31,144,0,0,0,0,0,0,0,0,-32304,0,0,0,0,0,88696,0
88694,-366,8184,764,106,18,8,-69196,-5,-2,-2,0,37459,121,31,144,0,0,0,0,0,0,0,0,-32304,0,0,0,0,0,88701,0
88699,-410,8108,706,104,21,9,-69196,0,-3,-4,0,37459,121,31,144,0,0,0,0,0,0,0,0,-32304,0,0,0,0,0,88706,0
88704,-314,8152,810,102,12,17,-69195,-1,0,-3,0,37459,124,31,144,0,0,0,0,0,0,0,0,-32304,0,0,0,0,0,88711,0
88709,-376,8124,764,113,12,10,-69195,-1,0,-3,0,37459,124,31,144,0,0,0,0,0,0,0,0,-32304,0,0,0,0,0,88716,0
88714,-396,8054,702,120,10,8,-69195,-1,-2,-3,0,37458,119,31,144,0,0,0,0,0,0,0,0,-32304,0,0,0,0,0,88721,0
88719,-334,8120,706,109,11,14,-69195,-3,1,-1,0,37458,119,31,144,0,0,0,0,0,0,0,0,-32304,0,0,0,0,0,88726,0
88724,-340,8000,684,109,10,14,-69194,1,3,-1,0,37457,117,31,144,0,0,0,0,0,0,0,0,-32304,0,0,0,0,0,88731,0
88729,-376,8018,688,115,9,18,-69194,-1,2,-1,0,37457,117,31,144,0,0,0,0,0,0,0,0,-32304,0,0,0,0,0,88736,0
88734,-286,8036,672,113,10,13,-69195,1,0,-3,0,37460,127,31,144,0,0,0,0,0,0,0,0,-32304,0,0,0,0,0,88741,0
88739,-308,8034,762,115,11,17,-69196,0,-2,-3,0,37460,127,31,144,0,0,0,0,0,0,0,0,-32303,0,0,0,0,0,88746,0
88744,-368,8032,700,121,14,10,-69194,1,5,-3,0,37459,127,31,144,0,0,0,0,0,0,0,0,-32304,0,0,0,0,0,88751,0
88749,-336,8082,778,115,8,16,-69193,5,5,-1,0,37459,127,31,144,0,0,0,0,0,0,0,0,-32304,0,0,0,0,0,88756,0
88754,-312,8124,736,110,8,15,-69194,-3,1,-2,0,37457,120,31,144,0,0,0,0,0,0,0,0,-32304,0,0,0,0,0,88761,0
88759,-310,8098,716,120,15,14,-69194,-1,1,-6,0,37457,120,31,144,0,0,0,0,0,0,0,0,-32303,0,0,0,0,0,88766,0
88764,-332,8128,706,113,-2,17,-69195,0,-2,-5,0,37459,113,31,144,0,0,0,0,0,0,0,0,-32304,0,0,0,0,0,88771,0
88769,-256,8128,774,113,0,18,-69195,1,-2,-2,0,37459,113,31,144,0,0,0,0,0,0,0,0,-32304,0,0,0,0,0,88776,0
88774,-284,8144,698,117,-2,18,-69195,-6,1,-1,0,37461,117,31,144,0,0,0,0,0,0,0,0,-32304,0,0,0,0,0,88781,0
88779,-354,8138,686,118,-2,13,-69195,-1,2,-3,0,37461,117,31,144,0,0,0,0,0,0,0,0,-32304,0,0,0,0,0,88786,0
88784,-324,8130,684,123,-10,14,-69193,7,5,-3,0,37462,119,31,144,0,0,0,0,0,0,0,0,-32304,0,0,0,0,0,88791,0
88789,-376,8150,654,120,-13,9,-69194,1,1,-4,0,37462,119,31,144,0,0,0,0,0,0,0,0,-32304,0,0,0,0,0,88796,0
88794,-338,8110,690,122,-14,9,-69195,5,3,-4,0,37456,115,31,144,0,0,0,0,0,0,0,0,-32303,0,0,0,0,0,88801,0
88799,-410,8056,696,117,-16,13,-69195,0,0,-3,0,37456,115,31,144,0,0,0,0,0,0,0,0,-32304,0,0,0,0,0,88806,0
88804,-320,8126,644,121,-26,11,-69194,-1,3,-1,0,37459,109,31,144,0,0,0,0,0,0,0,0,-32304,0,0,0,0,0,88811,0
88809,-340,8116,644,126,-24,10,-69195,2,0,-2,0,37459,109,31,144,0,0,0,0,0,0,0,0,-32304,0,0,0,0,0,88816,0
88814,-262,8112,762,115,-28,12,-69194,7,2,-2,0,37461,108,31,144,0,0,0,0,0,0,0,0,-32304,0,0,0,0,0,88821,0
88819,-352,8126,716,116,-32,10,-69195,-2,-1,-1,0,37461,108,31,144,0,0,0,0,0,0,0,0,-32304,0,0,0,0,0,88826,0
88824,-350,8114,672,121,-33,8,-69194,0,-1,-2,0,37461,111,31,144,0,0,0,0,0,0,0,0,-32304,0,0,0,0,0,88831,0
88829,-304,8090,686,118,-31,5,-69194,3,3,-3,0,37461,111,31,144,0,0,0,0,0,0,0,0,-32303,0,0,0,0,0,88836,0
88834,-364,8034,672,116,-33,0,-69194,-3,-1,-2,0,37465,110,31,144,0,0,0,0,0,0,0,0,-32304,0,0,0,0,0,88841,0
88839,-288,8104,672,115,-36,3,-69194,5,3,0,0,37465,110,31,144,0,0,0,0,0,0,0,0,-32304,0,0,0,0,0,88846,0
88844,-278,8122,640,121,-33,-3,-69194,2,1,-2,0,37472,116,31,144,0,0,0,0,0,0,0,0,-32304,0,0,0,0,0,88851,0
88849,-250,8128,724,109,-23,1,-69194,0,2,-2,0,37472,116,31,144,0,0,0,0,0,0,0,0,-32303,0,0,0,0,0,88856,0
88854,-290,8114,682,111,-32,-5,-69194,2,-2,-3,0,37473,125,31,144,0,0,0,0,0,0,0,0,-32304,0,0,0,0,0,88861,0
88859,-328,8088,624,114,-26,-4,-69194,0,1,-3,0,37473,125,31,144,0,0,0,0,0,0,0,0,-32304,0,0,0,0,0,88866,0
88864,-258,8110,670,118,-23,-4,-69194,0,-2,0,0,37474,125,31,144,0,0,0,0,0,0,0,0,-32304,0,0,0,0,0,88871,0
88869,-236,8086,740,108,-22,-3,-69193,0,1,-1,0,37474,125,31,144,0,0,0,0,0,0,0,0,-32304,0,0,0,0,0,88876,0
88874,-320,8130,678,115,-24,-8,-69193,0,-3,-5,0,37463,120,31,144,0,0,0,0,0,0,0,0,-32304,0,0,0,0,0,88881,0
88879,-316,8082,606,112,-15,-5,-69193,-1,2,-5,0,37463,120,31,144,0,0,0,0,0,0,0,0,-32303,0,0,0,0,0,88886,0
88884,-278,8130,630,106,-19,-14,-69194,-2,-2,-6,0,37463,121,31,144,0,0,0,0,0,0,0,0,-32304,0,0,0,0,0,88891,0
88889,-254,8096,696,105,-14,-10,-69192,0,2,-5,0,37463,121,31,144,0,0,0,0,0,0,0,0,-32304,0,0,0,0,0,88896,0
88894,-296,8132,668,109,-12,-11,-69192,1,4,-7,0,37461,123,31,144,0,0,0,0,0,0,0,0,-32304,0,0,0,0,0,88901,0
88899,-328,8120,624,108,-10,-14,-69191,5,3,-10,0,37461,123,31,144,0,0,0,0,0,0,0,0,-32303,0,0,0,0,0,88906,0
88904,-272,8142,650,107,-8,-22,-69189,9,4,-14,0,37460,131,31,144,0,0,0,0,0,0,0,0,-32304,0,0,0,0,0,88911,0
88909,-334,8072,684,104,-2,-14,-69188,13,10,-19,0,37460,131,31,144,0,0,0,0,0,0,0,0,-32304,0,0,0,0,0,88916,0
88914,-270,8134,640,100,-13,-19,-69186,7,10,-27,0,37460,133,31,144,0,0,0,0,0,0,0,0,-32304,0,0,0,0,0,88921,0
88919,-318,8146,606,107,-11,-23,-69180,20,8,-39,0,37460,133,31,144,0,0,0,0,0,0,0,0,-32304,0,0,0,0,0,88926,0
88924,-214,8166,626,107,-6,-33,-69171,43,20,-64,0,37461,127,31,144,0,0,0,0,0,0,0,0,-32304,0,0,0,0,0,88931,0
88929,-164,8152,604,100,-6,-33,-69157,65,34,-97,0,37461,127,31,144,0,0,0,0,0,0,0,0,-32304,0,0,0,0,0,88936,0
88934,-166,8108,610,103,-9,-37,-69144,60,44,-103,0,37461,111,31,144,0,0,0,0,0,0,0,0,-32304,0,0,0,0,0,88941,0
88939,-134,8070,680,90,-2,-38,-69137,33,33,-68,0,37461,111,31,144,0,0,0,0,0,0,0,0,-32304,0,0,0,0,0,88946,0
88944,-366,8014,612,93,1,-39,-69136,8,-10,-27,0,37460,102,31,144,0,0,0,0,0,0,0,0,-32304,0,0,0,0,0,88951,0
88949,-372,8032,626,97,7,-39,-69136,3,-46,-7,0,37460,102,31,144,0,0,0,0,0,0,0,0,-32303,0,0,0,0,0,88956,0
88954,-434,8034,622,96,9,-37,-69135,1,-56,-8,0,37459,112,31,144,0,0,0,0,0,0,0,0,-32304,0,0,0,0,0,88961,0
88959,-456,7940,626,97,15,-36,-69134,8,-32,-13,0,37459,112,31,144,0,0,0,0,0,0,0,0,-32304,0,0,0,0,0,88966,0
88964,-420,8064,650,92,9,-33,-69133,1,-11,-15,0,37458,117,31,144,0,0,0,0,0,0,0,0,-32304,0,0,0,0,0,88971,0
88969,-374,8060,626,96,8,-28,-69132,3,0,-15,0,37458,117,31,144,0,0,0,0,0,0,0,0,-32303,0,0,0,0,0,88976,0
88974,-380,8016,626,96,6,-31,-69129,8,6,-16,0,37463,113,31,144,0,0,0,0,0,0,0,0,-32304,0,0,0,0,0,88981,0
88979,-280,8140,656,87,11,-30,-69129,9,2,-16,0,37463,113,31,144,0,0,0,0,0,0,0,0,-32304,0,0,0,0,0,88986,0
88984,-264,8170,634,94,3,-43,-69128,5,-1,-15,0,37465,113,31,144,0,0,0,0,0,0,0,0,-32303,0,0,0,0,0,88991,0
88989,-284,8096,604,94,16,-43,-69127,10,0,-18,0,37465,113,31,144,0,0,0,0,0,0,0,0,-32304,0,0,0,0,0,88996,0
88994,-300,8094,698,85,16,-42,-69124,9,4,-25,0,37467,123,31,144,0,0,0,0,0,0,0,0,-32304,0,0,0,0,0,89001,0
88999,-282,8176,668,91,17,-43,-69120,18,12,-38,0,37467,123,31,144,0,0,0,0,0,0,0,0,-32304,0,0,0,0,0,89006,0
89004,-242,8144,712,86,25,-50,-69110,43,20,-62,0,37461,121,31,144,0,0,0,0,0,0,0,0,-32304,0,0,0,0,0,89011,0
89009,-236,8146,666,90,25,-54,-69095,70,41,-104,0,37461,121,31,144,0,0,0,0,0,0,0,0,-32303,0,0,0,0,0,89016,0
89014,-226,8184,614,85,27,-56,-69077,78,59,-130,0,37459,123,31,144,0,0,0,0,0,0,0,0,-32304,0,0,0,0,0,89021,0
89019,-198,8220,624,89,29,-58,-69068,38,46,-92,0,37459,123,31,144,0,0,0,0,0,0,0,0,-32304,0,0,0,0,0,89026,0
89024,-390,8090,630,92,45,-62,-69065,4,0,-35,0,37459,121,31,144,0,0,0,0,0,0,0,0,-32303,0,0,0,0,0,89031,0
89029,-570,8022,654,81,44,-53,-69065,3,-49,-7,0,37459,121,31,144,0,0,0,0,0,0,0,0,-32304,0,0,0,0,0,89036,0
89034,-534,8076,642,89,50,-56,-69064,6,-67,-6,0,37462,126,31,144,0,0,0,0,0,0,0,0,-32304,0,0,0,0,0,89041,0
89039,-532,8100,644,92,52,-51,-69064,4,-52,-8,0,37462,126,31,144,0,0,0,0,0,0,0,0,-32304,0,0,0,0,0,89046,0
89044,-446,8164,680,89,52,-48,-69064,4,-16,-9,0,37463,129,31,144,0,0,0,0,0,0,0,0,-32304,0,0,0,0,0,89051,0
89049,-376,8154,682,87,57,-46,-69062,6,0,-7,0,37463,129,31,144,0,0,0,0,0,0,0,0,-32303,0,0,0,0,0,89056,0
89054,-324,8170,650,86,53,-47,-69063,0,1,-3,0,37460,123,31,144,0,0,0,0,0,0,0,0,-32304,0,0,0,0,0,89061,0
89059,-244,8140,666,90,57,-54,-69064,-5,0,-1,0,37460,123,31,144,0,0,0,0,0,0,0,0,-32304,0,0,0,0,0,89066,0
89064,-228,8080,658,86,63,-57,-69062,1,-6,-2,0,37457,115,31,144,0,0,0,0,0,0,0,0,-32304,0,0,0,0,0,89071,0
89069,-248,8080,662,91,68,-62,-69064,-2,-1,-2,0,37457,115,31,144,0,0,0,0,0,0,0,0,-32304,0,0,0,0,0,89076,0
89074,-280,8048,668,82,66,-61,-69062,3,1,0,0,37461,117,31,144,0,0,0,0,0,0,0,0,-32304,0,0,0,0,0,89081,0
89079,-338,8046,652,91,71,-58,-69065,-5,-1,-3,0,37461,117,31,144,0,0,0,0,0,0,0,0,-32304,0,0,0,0,0,89086,0
89084,-434,8062,646,93,78,-68,-69062,6,6,-6,0,37462,116,31,144,0,0,0,0,0,0,0,0,-32304,0,0,0,0,0,89091,0
89089,-446,8078,664,95,83,-57,-69062,5,2,-7,0,37462,116,31,144,0,0,0,0,0,0,0,0,-32304,0,0,0,0,0,89096,0
89094,-430,8096,680,85,81,-63,-69061,0,3,-10,0,37460,124,31,144,0,0,0,0,0,0,0,0,-32304,0,0,0,0,0,89101,0
89099,-446,8132,674,98,82,-63,-69060,6,1,-15,0,37460,124,31,144,0,0,0,0,0,0,0,0,-32304,0,0,0,0,0,89106,0
89104,-430,8142,680,96,87,-68,-69057,13,6,-20,0,37455,129,31,144,0,0,0,0,0,0,0,0,-32304,0,0,0,0,0,89111,0
89109,-396,8136,674,99,85,-63,-69053,19,5,-28,0,37455,129,31,144,0,0,0,0,0,0,0,0,-32303,0,0,0,0,0,89116,0
89114,-394,8150,668,96,87,-63,-69049,27,13,-48,0,37456,123,31,144,0,0,0,0,0,0,0,0,-32304,0,0,0,0,0,89121,0
89119,-376,8126,644,97,90,-70,-69038,48,26,-77,0,37456,123,31,144,0,0,0,0,0,0,0,0,-32303,0,0,0,0,0,89126,0
89124,-292,8146,660,95,90,-72,-69023,71,42,-113,0,37458,123,31,144,0,0,0,0,0,0,0,0,-32303,0,0,0,0,0,89131,0
89129,-282,8154,662,93,86,-74,-69011,50,42,-109,0,37458,123,31,144,0,0,0,0,0,0,0,0,-32304,0,0,0,0,0,89136,0
89134,-380,8102,644,95,99,-65,-69007,21,15,-57,0,37459,117,31,144,0,0,0,0,0,0,0,0,-32304,0,0,0,0,0,89141,0
89139,-496,8106,654,93,93,-66,-69007,0,-24,-13,0,37459,117,31,144,0,0,0,0,0,0,0,0,-32304,0,0,0,0,0,89146,0
89144,-672,8100,658,93,102,-60,-69006,0,-53,-3,0,37460,118,31,144,0,0,0,0,0,0,0,0,-32304,0,0,0,0,0,89151,0
89149,-720,8094,638,98,96,-54,-69006,7,-58,-9,0,37460,118,31,144,0,0,0,0,0,0,0,0,-32303,0,0,0,0,0,89156,0
89154,-686,8110,638,100,92,-53,-69004,4,-30,-11,0,37460,115,31,144,0,0,0,0,0,0,0,0,-32304,0,0,0,0,0,89161,0
89159,-652,8132,648,100,90,-49,-69004,0,-12,-9,0,37460,115,31,144,0,0,0,0,0,0,0,0,-32304,0,0,0,0,0,89166,0
89164,-550,8154,660,104,90,-45,-69004,-4,-1,-8,0,37459,113,31,144,0,0,0,0,0,0,0,0,-32304,0,0,0,0,0,89171,0
89169,-484,8164,662,94,87,-43,-69004,0,-1,-3,0,37459,113,31,144,0,0,0,0,0,0,0,0,-32305,0,0,0,0,0,89176,0
89174,-454,8142,652,99,83,-43,-69004,-5,-4,0,0,37465,124,31,144,0,0,0,0,0,0,0,0,-32305,0,0,0,0,0,89181,0
89179,-410,8108,646,102,85,-42,-69003,-1,-4,0,0,37465,124,31,144,0,0,0,0,0,0,0,0,-32303,0,0,0,0,0,89186,0
89184,-428,8118,632,95,87,-42,-69003,8,1,-3,0,37465,133,31,144,0,0,0,0,0,0,0,0,-32303,0,0,0,0,0,89191,0
89189,-476,8092,654,103,85,-41,-69003,5,4,-1,0,37465,133,31,144,0,0,0,0,0,0,0,0,-32304,0,0,0,0,0,89196,0
89194,-474,8088,642,94,88,-44,-69004,-1,-3,-2,0,37466,135,31,144,0,0,0,0,0,0,0,0,-32304,0,0,0,0,0,89201,0
89199,-526,8058,644,98,89,-37,-69003,4,3,-2,0,37466,135,31,144,0,0,0,0,0,0,0,0,-32304,0,0,0,0,0,89206,0
89204,-572,8096,644,103,88,-39,-69004,0,3,-2,0,37463,132,31,144,0,0,0,0,0,0,0,0,-32304,0,0,0,0,0,89211,0
89209,-578,8118,634,98,86,-33,-69003,0,-1,-3,0,37463,132,31,144,0,0,0,0,0,0,0,0,-32304,0,0,0,0,0,89216,0
89214,-580,8096,598,96,79,-30,-69002,3,-1,-2,0,37458,127,31,144,0,0,0,0,0,0,0,0,-32304,0,0,0,0,0,89221,0
89219,-580,8084,610,96,79,-33,-69003,3,2,-2,0,37458,127,31,144,0,0,0,0,0,0,0,0,-32303,0,0,0,0,0,89226,0
89224,-522,8124,580,93,71,-32,-69004,-1,-3,-3,0,37457,123,31,144,0,0,0,0,0,0,0,0,-32304,0,0,0,0,0,89231,0
89229,-500,8088,576,96,71,-25,-69004,-7,2,-1,0,37457,123,31,144,0,0,0,0,0,0,0,0,-32303,0,0,0,0,0,89236,0
89234,-510,8114,560,96,67,-26,-69003,1,2,-1,0,37457,125,31,144,0,0,0,0,0,0,0,0,-32304,0,0,0,0,0,89241,0
89239,-522,8080,556,94,69,-23,-69001,8,4,0,0,37457,125,31,144,0,0,0,0,0,0,0,0,-32304,0,0,0,0,0,89246,0
89244,-522,8108,548,90,65,-23,-69003,1,3,-1,0,37456,116,31,144,0,0,0,0,0,0,0,0,-32304,0,0,0,0,0,89251,0
89249,-550,8116,538,88,62,-22,-69003,0,0,-2,0,37456,116,31,144,0,0,0,0,0,0,0,0,-32304,0,0,0,0,0,89256,0
89254,-558,8134,522,92,55,-16,-69003,-1,-4,-2,0,37457,131,31,144,0,0,0,0,0,0,0,0,-32304,0,0,0,0,0,89261,0
89259,-502,8164,550,82,58,-20,-69002,2,1,-1,0,37457,131,31,144,0,0,0,0,0,0,0,0,-32304,0,0,0,0,0,89266,0
89264,-610,8154,566,75,50,-17,-69003,0,-1,-2,0,37456,130,31,144,0,0,0,0,0,0,0,0,-32304,0,0,0,0,0,89271,0
89269,-618,8142,520,74,42,-18,-69003,0,-2,-2,0,37456,130,31,144,0,0,0,0,0,0,0,0,-32304,0,0,0,0,0,89276,0
89274,-588,8098,544,80,40,-17,-69003,5,1,-1,0,37458,126,31,144,0,0,0,0,0,0,0,0,-32304,0,0,0,0,0,89281,0
89279,-550,8124,582,72,38,-8,-69003,3,-1,-2,0,37458,126,31,144,0,0,0,0,0,0,0,0,-32303,0,0,0,0,0,89286,0
89284,-580,8046,496,77,27,-11,-69003,3,2,0,0,37464,113,31,144,0,0,0,0,0,0,0,0,-32304,0,0,0,0,0,89291,0
89289,-514,8144,582,68,23,-4,-69002,4,-1,0,0,37464,113,31,144,0,0,0,0,0,0,0,0,-32304,0,0,0,0,0,89296,0
89294,-524,8158,536,74,23,-6,-69004,3,2,0,0,37465,108,31,144,0,0,0,0,0,0,0,0,-32304,0,0,0,0,0,89301,0
89299,-534,8030,522,71,24,-6,-69003,-3,-2,-2,0,37465,108,31,144,0,0,0,0,0,0,0,0,-32304,0,0,0,0,0,89306,0
89304,-428,8190,600,65,21,-2,-69003,-1,-3,-2,0,37463,103,31,144,0,0,0,0,0,0,0,0,-32304,0,0,0,0,0,89311,0
89309,-510,8056,580,62,21,-6,-69003,3,4,-2,0,37463,103,31,144,0,0,0,0,0,0,0,0,-32304,0,0,0,0,0,89316,0
89314,-570,8074,526,64,21,-4,-69004,1,-1,-2,0,37458,110,31,144,0,0,0,0,0,0,0,0,-32304,0,0,0,0,0,89321,0
89319,-456,8168,582,53,16,-2,-69003,-4,0,-1,0,37458,110,31,144,0,0,0,0,0,0,0,0,-32304,0,0,0,0,0,89326,0
89324,-568,8106,488,58,14,-14,-69003,4,2,0,0,37458,113,31,144,0,0,0,0,0,0,0,0,-32304,0,0,0,0,0,89331,0
89329,-520,8076,530,62,9,-5,-69004,-3,1,-1,0,37458,113,31,144,0,0,0,0,0,0,0,0,-32304,0,0,0,0,0,89336,0
89334,-440,8176,614,54,9,-3,-69003,0,-2,-2,0,37460,111,31,144,0,0,0,0,0,0,0,0,-32304,0,0,0,0,0,89341,0
89339,-446,8216,490,57,7,-10,-69003,0,-2,-2,0,37460,111,31,144,0,0,0,0,0,0,0,0,-32304,0,0,0,0,0,89346,0
89344,-534,8144,486,50,9,-6,-69003,-9,4,-1,0,37459,115,31,144,0,0,0,0,0,0,0,0,-32304,0,0,0,0,0,89351,0
89349,-440,8166,538,44,2,1,-69004,-2,-3,-2,0,37459,115,31,144,0,0,0,0,0,0,0,0,-32304,0,0,0,0,0,89356,0
89354,-442,8156,526,49,1,-7,-69004,-1,1,-2,0,37458,115,31,144,0,0,0,0,0,0,0,0,-32303,0,0,0,0,0,89361,0
89359,-450,8172,554,44,0,-8,-69004,-2,-2,-1,0,37458,115,31,144,0,0,0,0,0,0,0,0,-32304,0,0,0,0,0,89366,0
89364,-476,8204,572,40,-6,-9,-69002,2,3,-3,0,37458,120,31,144,0,0,0,0,0,0,0,0,-32304,0,0,0,0,0,89371,0
89369,-504,8216,564,36,-5,-12,-69002,13,8,-1,0,37458,120,31,144,0,0,0,0,0,0,0,0,-32304,0,0,0,0,0,89376,0
89374,-500,8198,562,36,-6,-7,-69003,0,6,-2,0,37459,117,31,144,0,0,0,0,0,0,0,0,-32304,0,0,0,0,0,89381,0
89379,-512,8190,532,39,-4,-13,-69003,-3,-4,-2,0,37459,117,31,144,0,0,0,0,0,0,0,0,-32304,0,0,0,0,0,89386,0
89384,-426,8218,600,28,-8,-16,-69003,0,-3,-1,0,37457,123,31,144,0,0,0,0,0,0,0,0,-32303,0,0,0,0,0,89391,0
89389,-498,8164,540,31,-5,-17,-69003,-6,0,0,0,37457,123,31,144,0,0,0,0,0,0,0,0,-32304,0,0,0,0,0,89396,0
89394,-526,8094,512,24,-5,-15,-69003,3,-3,-1,0,37456,118,31,144,0,0,0,0,0,0,0,0,-32303,0,0,0,0,0,89401,0
89399,-420,8224,618,19,-6,-11,-69003,-2,0,-3,0,37456,118,31,144,0,0,0,0,0,0,0,0,-32304,0,0,0,0,0,89406,0
89404,-566,8132,536,24,3,-17,-69003,0,1,-2,0,37456,124,31,144,0,0,0,0,0,0,0,0,-32304,0,0,0,0,0,89411,0
89409,-512,8178,572,18,-2,-12,-69002,3,0,-2,0,37456,124,31,144,0,0,0,0,0,0,0,0,-32304,0,0,0,0,0,89416,0
89414,-506,8146,560,16,-2,-14,-69003,3,1,-2,0,37458,120,31,144,0,0,0,0,0,0,0,0,-32304,0,0,0,0,0,89421,0
89419,-514,8118,564,18,-4,-14,-69002,8,-3,-2,0,37458,120,31,144,0,0,0,0,0,0,0,0,-32304,0,0,0,0,0,89426,0
89424,-546,8150,562,9,-3,-10,-69004,0,-2,-1,0,37460,118,31,144,0,0,0,0,0,0,0,0,-32304,0,0,0,0,0,89431,0
89429,-552,8126,566,15,-12,-13,-69002,10,0,-2,0,37460,118,31,144,0,0,0,0,0,0,0,0,-32304,0,0,0,0,0,89436,0
89434,-554,8098,564,7,-13,-9,-69002,2,-6,-1,0,37459,119,31,144,0,0,0,0,0,0,0,0,-32304,0,0,0,0,0,89441,0
89439,-562,8116,590,11,-10,-5,-69002,4,1,-2,0,37459,119,31,144,0,0,0,0,0,0,0,0,-32304,0,0,0,0,0,89446,0
89444,-602,8072,594,4,-14,1,-69003,0,-5,-1,0,37460,117,31,144,0,0,0,0,0,0,0,0,-32304,0,0,0,0,0,89451,0
89449,-636,8082,604,2,-16,-2,-69003,0,-4,-2,0,37460,117,31,144,0,0,0,0,0,0,0,0,-32304,0,0,0,0,0,89456,0
89454,-636,8094,600,2,-18,2,-69002,3,-4,-1,0,37459,115,31,144,0,0,0,0,0,0,0,0,-32304,0,0,0,0,0,89462,0
89459,-638,8104,604,3,-17,3,-69002,0,-3,0,0,37459,115,31,144,0,0,0,0,0,0,0,0,-32304,0,0,0,0,0,89467,0
89464,-658,8108,578,1,-24,17,-69002,-3,-1,-2,0,37461,112,31,144,0,0,0,0,0,0,0,0,-32304,0,0,0,0,0,89472,0
89469,-674,8154,578,-5,-22,15,-69003,0,0,-3,0,37461,112,31,144,0,0,0,0,0,0,0,0,-32304,0,0,0,0,0,89477,0
89474,-708,8184,560,-2,-24,17,-69002,1,-5,-3,0,37459,112,31,144,0,0,0,0,0,0,0,0,-32304,0,0,0,0,0,89482,0
89479,-696,8206,574,-10,-24,22,-69002,1,-1,-3,0,37459,112,31,144,0,0,0,0,0,0,0,0,-32304,0,0,0,0,0,89487,0
89484,-716,8244,556,-14,-24,35,-69002,4,1,-2,0,37459,117,31,144,0,0,0,0,0,0,0,0,-32304,0,0,0,0,0,89492,0
89489,-752,8248,562,-12,-25,38,-69003,0,0,-4,0,37459,117,31,144,0,0,0,0,0,0,0,0,-32304,0,0,0,0,0,89497,0
89494,-778,8252,574,-10,-25,45,-69002,0,-1,-3,0,37462,121,31,144,0,0,0,0,0,0,0,0,-32303,0,0,0,0,0,89502,0
89499,-786,8264,596,-9,-26,49,-69003,0,0,-1,0,37462,121,31,144,0,0,0,0,0,0,0,0,-32304,0,0,0,0,0,89507,0
89504,-790,8274,580,-17,-26,59,-69001,4,4,-2,0,37464,124,31,144,0,0,0,0,0,0,0,0,-32304,0,0,0,0,0,89512,0
89509,-840,8262,592,-14,-26,64,-69002,-2,-1,-1,0,37464,124,31,144,0,0,0,0,0,0,0,0,-32304,0,0,0,0,0,89517,0
89514,-816,8278,604,-4,-30,70,-69002,0,-2,-1,0,37466,127,31,144,0,0,0,0,0,0,0,0,-32304,0,0,0,0,0,89522,0
89519,-776,8274,622,-15,-29,78,-69002,-1,-3,0,0,37466,127,31,144,0,0,0,0,0,0,0,0,-32304,0,0,0,0,0,89527,0
89524,-750,8210,602,-5,-35,86,-69003,-3,1,-1,0,37465,130,31,144,0,0,0,0,0,0,0,0,-32304,0,0,0,0,0,89532,0
89529,-710,8204,618,-11,-35,91,-69001,1,0,-1,0,37465,130,31,144,0,0,0,0,0,0,0,0,-32304,0,0,0,0,0,89537,0
89534,-722,8208,628,-5,-32,94,-69002,0,-2,-1,0,37463,123,31,144,0,0,0,0,0,0,0,0,-32304,0,0,0,0,0,89542,0
89539,-694,8182,634,-14,-32,100,-69002,1,3,-3,0,37463,123,31,144,0,0,0,0,0,0,0,0,-32304,0,0,0,0,0,89547,0
89544,-648,8176,662,-16,-31,110,-69002,0,-1,-1,0,37460,118,31,144,0,0,0,0,0,0,0,0,-32304,0,0,0,0,0,89552,0
89549,-700,8126,632,-13,-28,116,-69003,0,-1,-3,0,37460,118,31,144,0,0,0,0,0,0,0,0,-32303,0,0,0,0,0,89557,0
89554,-662,8144,686,-9,-24,119,-69003,-2,0,-1,0,37458,117,31,144,0,0,0,0,0,0,0,0,-32304,0,0,0,0,0,89562,0
89559,-662,8140,684,-21,-34,124,-69003,0,0,0,0,37458,117,31,144,0,0,0,0,0,0,0,0,-32304,0,0,0,0,0,89567,0
89564,-628,8152,666,-19,-23,137,-69004,-1,2,2,0,37455,117,31,144,0,0,0,0,0,0,0,0,-32304,0,0,0,0,0,89572,0
89569,-640,8186,662,-17,-22,138,-69004,-4,0,3,0,37455,117,31,144,0,0,0,0,0,0,0,0,-32304,0,0,0,0,0,89577,0
89574,-620,8218,738,-26,-19,148,-69004,0,-1,4,0,37456,113,31,144,0,0,0,0,0,0,0,0,-32304,0,0,0,0,0,89582,0
89579,-572,8268,816,-40,-16,151,-69005,0,1,4,0,37456,113,31,144,0,0,0,0,0,0,0,0,-32304,0,0,0,0,0,89587,0
89584,-190,8442,926,-57,-20,76,-69005,-5,0,2,0,37458,112,31,144,0,0,0,0,0,0,0,0,-32304,0,0,0,0,0,89592,0
89589,-386,8574,882,-62,-6,36,-69006,-1,-1,-1,0,37458,112,31,144,0,0,0,0,0,0,0,0,-32304,0,0,0,0,0,89597,0
89594,-788,8604,892,-61,-8,21,-69005,1,1,-2,0,37460,113,31,144,0,0,0,0,0,0,0,0,-32304,0,0,0,0,0,89602,0
89599,-1052,8588,836,-72,-15,27,-69005,0,0,-4,0,37460,113,31,144,0,0,0,0,0,0,0,0,-32304,0,0,0,0,0,89607,0
89604,-868,8538,794,-96,-26,52,-69006,-2,-1,0,0,37461,114,31,144,0,0,0,0,0,0,0,0,-32304,0,0,0,0,0,89612,0
89609,-612,8554,796,-100,-34,42,-69006,-2,0,-3,0,37461,114,31,144,0,0,0,0,0,0,0,0,-32304,0,0,0,0,0,89617,0
89614,-578,8590,796,-103,-36,15,-69006,2,-4,-1,0,37456,112,31,144,0,0,0,0,0,0,0,0,-32304,0,0,0,0,0,89622,0
89619,-678,8622,800,-106,-31,-17,-69005,0,-3,-2,0,37456,112,31,144,0,0,0,0,0,0,0,0,-32304,0,0,0,0,0,89627,0
89624,-906,8534,708,-109,-43,-31,-69005,0,4,-2,0,37456,115,31,144,0,0,0,0,0,0,0,0,-32304,0,0,0,0,0,89632,0
89629,-844,8520,666,-117,-51,-32,-69006,-7,-5,-1,0,37456,115,31,144,0,0,0,0,0,0,0,0,-32304,0,0,0,0,0,89637,0
89634,-770,8416,640,-117,-59,-50,-69005,1,-4,-2,0,37455,111,31,144,0,0,0,0,0,0,0,0,-32304,0,0,0,0,0,89642,0
89639,-684,8364,656,-115,-68,-58,-69004,7,1,-1,0,37455,111,31,144,0,0,0,0,0,0,0,0,-32304,0,0,0,0,0,89647,0
89644,-662,8334,642,-109,-76,-91,-69005,7,0,-2,0,37456,113,31,144,0,0,0,0,0,0,0,0,-32304,0,0,0,0,0,89652,0
89649,-678,8308,644,-105,-79,-95,-69004,0,1,-3,0,37456,113,31,144,0,0,0,0,0,0,0,0,-32304,0,0,0,0,0,89657,0
89654,-688,8270,594,-101,-85,-99,-69006,-2,0,-1,0,37455,120,31,144,0,0,0,0,0,0,0,0,-32304,0,0,0,0,0,89662,0
89659,-662,8282,580,-89,-92,-100,-69005,-5,-2,0,0,37455,120,31,144,0,0,0,0,0,0,0,0,-32304,0,0,0,0,0,89667,0
89664,-484,8220,600,-77,-98,-112,-69006,-1,-3,-1,0,37456,119,31,144,0,0,0,0,0,0,0,0,-32304,0,0,0,0,0,89672,0
89669,-524,8176,596,-73,-103,-117,-69005,-2,-6,-1,0,37456,119,31,144,0,0,0,0,0,0,0,0,-32304,0,0,0,0,0,89677,0
89674,-502,8160,580,-62,-107,-113,-69004,4,2,-2,0,37456,119,31,144,0,0,0,0,0,0,0,0,-32304,0,0,0,0,0,89682,0
89679,-512,8150,588,-51,-117,-112,-69006,-1,-4,-1,0,37456,119,31,144,0,0,0,0,0,0,0,0,-32304,0,0,0,0,0,89687,0
89684,-508,8084,568,-40,-120,-104,-69005,0,1,-2,0,37457,120,31,144,0,0,0,0,0,0,0,0,-32304,0,0,0,0,0,89692,0
89689,-452,8084,580,-26,-131,-96,-69004,0,2,-3,0,37457,120,31,144,0,0,0,0,0,0,0,0,-32303,0,0,0,0,0,89697,0
89694,-452,8074,604,-15,-132,-91,-69005,2,2,-2,0,37457,123,31,144,0,0,0,0,0,0,0,0,-32303,0,0,0,0,0,89702,0
89699,-434,8018,596,-3,-134,-89,-69006,-5,-2,-2,0,37457,123,31,144,0,0,0,0,0,0,0,0,-32304,0,0,0,0,0,89707,0
89704,-422,8006,594,6,-152,-76,-69005,1,1,-3,0,37460,123,31,144,0,0,0,0,0,0,0,0,-32304,0,0,0,0,0,89712,0
89709,-448,7998,634,20,-158,-71,-69006,-4,-3,-4,0,37460,123,31,144,0,0,0,0,0,0,0,0,-32304,0,0,0,0,0,89717,0
89714,-420,7980,652,25,-163,-63,-69006,-5,2,0,0,37461,118,31,144,0,0,0,0,0,0,0,0,-32304,0,0,0,0,0,89722,0
89719,-414,7988,682,29,-167,-49,-69005,-8,-1,-1,0,37461,118,31,144,0,0,0,0,0,0,0,0,-32304,0,0,0,0,0,89727,0
89724,-430,7984,716,36,-185,-32,-69006,-1,-5,-3,0,37461,111,31,144,0,0,0,0,0,0,0,0,-32304,0,0,0,0,0,89732,0
89729,-434,7992,722,39,-192,-29,-69006,2,-5,-2,0,37461,111,31,144,0,0,0,0,0,0,0,0,-32304,0,0,0,0,0,89737,0
89734,-428,7992,730,42,-193,-22,-69006,2,-1,-2,0,37461,120,31,144,0,0,0,0,0,0,0,0,-32304,0,0,0,0,0,89742,0
89739,-424,8028,740,45,-205,-11,-69005,0,4,-2,0,37461,120,31,144,0,0,0,0,0,0,0,0,-32303,0,0,0,0,0,89747,0
89744,-490,8032,768,45,-223,5,-69005,-1,2,-1,0,37459,128,31,144,0,0,0,0,0,0,0,0,-32304,0,0,0,0,0,89752,0
89749,-432,8062,780,43,-235,5,-69005,2,3,-3,0,37459,128,31,144,0,0,0,0,0,0,0,0,-32304,0,0,0,0,0,89757,0
89754,-452,8018,812,48,-232,18,-69005,-5,-3,-1,0,37461,121,31,144,0,0,0,0,0,0,0,0,-32304,0,0,0,0,0,89762,0
89759,-472,8036,828,38,-244,27,-69006,1,-4,-1,0,37461,121,31,144,0,0,0,0,0,0,0,0,-32304,0,0,0,0,0,89767,0
89764,-444,8030,864,42,-249,35,-69005,-3,0,-2,0,37459,123,31,144,0,0,0,0,0,0,0,0,-32304,0,0,0,0,0,89772,0
89769,-458,8018,898,34,-255,42,-69004,0,2,-2,0,37459,123,31,144,0,0,0,0,0,0,0,0,-32304,0,0,0,0,0,89777,0
89774,-488,8042,914,29,-257,43,-69005,-1,-4,-2,0,37457,122,31,144,0,0,0,0,0,0,0,0,-32304,0,0,0,0,0,89782,0
89779,-480,8050,886,21,-256,45,-69006,-3,-5,-2,0,37457,122,31,144,0,0,0,0,0,0,0,0,-32303,0,0,0,0,0,89787,0
89784,-518,8050,920,18,-256,49,-69005,4,1,-2,0,37455,117,31,144,0,0,0,0,0,0,0,0,-32304,0,0,0,0,0,89792,0
89789,-514,8020,900,9,-255,48,-69005,0,-2,-2,0,37455,117,31,144,0,0,0,0,0,0,0,0,-32304,0,0,0,0,0,89797,0
89794,-516,8028,918,4,-257,51,-69005,-1,0,0,0,37456,114,31,144,0,0,0,0,0,0,0,0,-32304,0,0,0,0,0,89802,0
89799,-516,7986,918,-1,-254,51,-69005,3,3,-1,0,37456,114,31,144,0,0,0,0,0,0,0,0,-32303,0,0,0,0,0,89807,0
89804,-534,7950,938,-14,-246,47,-69006,-3,-4,-2,0,37456,114,31,144,0,0,0,0,0,0,0,0,-32303,0,0,0,0,0,89812,0
89809,-516,7974,954,-19,-241,45,-69006,1,0,0,0,37456,114,31,144,0,0,0,0,0,0,0,0,-32303,0,0,0,0,0,89817,0
89814,-524,7934,942,-14,-239,42,-69004,3,7,2,0,37458,116,31,144,0,0,0,0,0,0,0,0,-32304,0,0,0,0,0,89822,0
89819,-572,7906,938,-20,-226,36,-69004,4,3,-1,0,37458,116,31,144,0,0,0,0,0,0,0,0,-32303,0,0,0,0,0,89827,0
89824,-608,7950,926,-33,-226,34,-69005,1,0,-1,0,37457,114,31,144,0,0,0,0,0,0,0,0,-32304,0,0,0,0,0,89832,0
89829,-612,7912,960,-29,-223,28,-69005,7,0,-1,0,37457,114,31,144,0,0,0,0,0,0,0,0,-32304,0,0,0,0,0,89837,0
89834,-586,7914,936,-33,-220,21,-69005,-1,1,-3,0,37457,116,31,144,0,0,0,0,0,0,0,0,-32304,0,0,0,0,0,89842,0
89839,-610,7918,958,-44,-212,19,-69005,1,3,-2,0,37457,116,31,144,0,0,0,0,0,0,0,0,-32304,0,0,0,0,0,89847,0
89844,-614,7918,960,-47,-208,10,-69005,-3,0,-2,0,37456,116,31,144,0,0,0,0,0,0,0,0,-32304,0,0,0,0,0,89852,0
89849,-606,7924,948,-52,-204,6,-69005,3,0,-2,0,37456,116,31,144,0,0,0,0,0,0,0,0,-32304,0,0,0,0,0,89857,0
89854,-624,7912,968,-46,-199,-3,-69005,-2,4,-2,0,37458,122,31,144,0,0,0,0,0,0,0,0,-32304,0,0,0,0,0,89862,0
89859,-638,7922,964,-57,-195,-2,-69004,0,3,-1,0,37458,122,31,144,0,0,0,0,0,0,0,0,-32304,0,0,0,0,0,89867,0
89864,-626,7904,938,-62,-192,-10,-69006,0,-3,-4,0,37456,118,31,144,0,0,0,0,0,0,0,0,-32303,0,0,0,0,0,89872,0
89869,-628,7902,936,-67,-186,-14,-69005,-2,3,-1,0,37456,118,31,144,0,0,0,0,0,0,0,0,-32304,0,0,0,0,0,89877,0
89874,-584,7910,940,-65,-175,-20,-69005,3,2,-1,0,37455,112,31,144,0,0,0,0,0,0,0,0,-32304,0,0,0,0,0,89882,0
89879,-632,7888,944,-66,-170,-24,-69006,0,1,-3,0,37455,112,31,144,0,0,0,0,0,0,0,0,-32304,0,0,0,0,0,89887,0
89884,-650,7912,946,-63,-163,-33,-69005,-2,1,-3,0,37455,115,31,144,0,0,0,0,0,0,0,0,-32304,0,0,0,0,0,89892,0
89889,-656,7920,962,-73,-160,-35,-69004,5,-1,-2,0,37455,115,31,144,0,0,0,0,0,0,0,0,-32303,0,0,0,0,0,89897,0
89894,-616,7894,942,-76,-157,-39,-69004,6,3,-1,0,37456,118,31,144,0,0,0,0,0,0,0,0,-32304,0,0,0,0,0,89902,0
89899,-624,7894,950,-70,-149,-43,-69006,-8,-4,-2,0,37456,118,31,144,0,0,0,0,0,0,0,0,-32303,0,0,0,0,0,89907,0
89904,-624,7928,956,-74,-140,-52,-69005,1,-4,-1,0,37454,118,31,144,0,0,0,0,0,0,0,0,-32304,0,0,0,0,0,89912,0
89909,-608,7942,938,-77,-128,-53,-69006,-1,1,-2,0,37454,118,31,144,0,0,0,0,0,0,0,0,-32304,0,0,0,0,0,89917,0
89914,-588,7950,948,-82,-121,-53,-69006,2,2,-1,0,37456,118,31,144,0,0,0,0,0,0,0,0,-32304,0,0,0,0,0,89922,0
89919,-592,7960,936,-77,-111,-60,-69004,3,-1,0,0,37456,118,31,144,0,0,0,0,0,0,0,0,-32304,0,0,0,0,0,89927,0
89924,-606,7946,930,-80,-103,-61,-69005,5,2,0,0,37457,115,31,144,0,0,0,0,0,0,0,0,-32303,0,0,0,0,0,89932,0
89929,-594,7910,894,-88,-95,-63,-69005,7,6,-2,0,37457,115,31,144,0,0,0,0,0,0,0,0,-32304,0,0,0,0,0,89937,0
89934,-602,7938,948,-76,-83,-62,-69005,-5,-2,-2,0,37460,113,31,144,0,0,0,0,0,0,0,0,-32304,0,0,0,0,0,89942,0
89939,-598,7962,918,-86,-76,-60,-69005,0,-1,-2,0,37460,113,31,144,0,0,0,0,0,0,0,0,-32304,0,0,0,0,0,89947,0
89944,-610,7948,908,-86,-63,-65,-69005,-3,-5,-2,0,37457,112,31,144,0,0,0,0,0,0,0,0,-32304,0,0,0,0,0,89952,0
89949,-586,7924,902,-81,-67,-71,-69005,5,-2,-3,0,37457,112,31,144,0,0,0,0,0,0,0,0,-32304,0,0,0,0,0,89957,0
89954,-610,7942,892,-77,-54,-70,-69006,-1,-2,-3,0,37456,112,31,144,0,0,0,0,0,0,0,0,-32304,0,0,0,0,0,89962,0
89959,-612,7920,892,-81,-48,-69,-69005,0,0,-1,0,37456,112,31,144,0,0,0,0,0,0,0,0,-32304,0,0,0,0,0,89967,0
89964,-596,7934,876,-80,-37,-72,-69005,-1,0,-2,0,37457,120,31,144,0,0,0,0,0,0,0,0,-32304,0,0,0,0,0,89972,0
89969,-614,7952,878,-79,-34,-72,-69005,4,-2,-2,0,37457,120,31,144,0,0,0,0,0,0,0,0,-32304,0,0,0,0,0,89977,0
89974,-608,7954,828,-70,-29,-72,-69005,-4,-2,-2,0,37457,124,31,144,0,0,0,0,0,0,0,0,-32303,0,0,0,0,0,89982,0
89979,-614,7944,846,-75,-23,-75,-69005,0,1,-2,0,37457,124,31,144,0,0,0,0,0,0,0,0,-32304,0,0,0,0,0,89987,0
89984,-610,7932,844,-67,-11,-77,-69004,0,1,-3,0,37457,124,31,144,0,0,0,0,0,0,0,0,-32304,0,0,0,0,0,89992,0
89989,-620,7920,824,-66,1,-75,-69004,0,-1,-3,0,37457,124,31,144,0,0,0,0,0,0,0,0,-32304,0,0,0,0,0,89997,0
89994,-584,7898,792,-59,8,-78,-69006,-4,-3,0,0,37460,125,31,144,0,0,0,0,0,0,0,0,-32304,0,0,0,0,0,90002,0
89999,-584,7862,804,-55,17,-83,-69005,3,1,-1,0,37460,125,31,144,0,0,0,0,0,0,0,0,-32304,0,0,0,0,0,90007,0
90004,-594,7812,784,-49,32,-81,-69006,0,0,-2,0,37461,122,31,144,0,0,0,0,0,0,0,0,-32304,0,0,0,0,0,90012,0
90009,-550,7794,816,-42,36,-87,-69006,0,0,-2,0,37461,122,31,144,0,0,0,0,0,0,0,0,-32304,0,0,0,0,0,90017,0
90014,-580,7774,782,-33,46,-84,-69005,-2,0,-2,0,37461,119,31,144,0,0,0,0,0,0,0,0,-32304,0,0,0,0,0,90022,0
90019,-556,7718,802,-29,56,-81,-69005,-5,-1,-2,0,37461,119,31,144,0,0,0,0,0,0,0,0,-32304,0,0,0,0,0,90027,0
90024,-536,7722,796,-19,58,-89,-69005,-1,2,0,0,37458,120,31,144,0,0,0,0,0,0,0,0,-32303,0,0,0,0,0,90032,0
90029,-530,7732,810,-15,63,-93,-69005,-1,-3,0,0,37458,120,31,144,0,0,0,0,0,0,0,0,-32304,0,0,0,0,0,90037,0
90034,-510,7702,836,-4,68,-91,-69005,2,0,-2,0,37456,118,31,144,0,0,0,0,0,0,0,0,-32304,0,0,0,0,0,90042,0
90039,-526,7738,816,3,68,-90,-69005,-1,-1,-3,0,37456,118,31,144,0,0,0,0,0,0,0,0,-32303,0,0,0,0,0,90047,0
90044,-530,7764,828,12,63,-93,-69005,3,1,-1,0,37457,122,31,144,0,0,0,0,0,0,0,0,-32304,0,0,0,0,0,90052,0
90049,-520,7760,828,7,66,-93,-69005,0,2,-2,0,37457,122,31,144,0,0,0,0,0,0,0,0,-32304,0,0,0,0,0,90057,0
90054,-528,7762,814,16,63,-96,-69006,-2,3,0,0,37456,123,31,144,0,0,0,0,0,0,0,0,-32304,0,0,0,0,0,90062,0
90059,-542,7790,844,16,56,-91,-69004,0,0,-1,0,37456,123,31,144,0,0,0,0,0,0,0,0,-32304,0,0,0,0,0,90067,0
90064,-526,7838,836,22,40,-96,-69006,-1,0,-2,0,37457,121,31,144,0,0,0,0,0,0,0,0,-32304,0,0,0,0,0,90072,0
90069,-536,7830,800,27,43,-94,-69006,2,4,-2,0,37457,121,31,144,0,0,0,0,0,0,0,0,-32304,0,0,0,0,0,90077,0
90074,-518,7822,830,30,37,-95,-69005,3,1,-1,0,37457,119,31,144,0,0,0,0,0,0,0,0,-32304,0,0,0,0,0,90082,0
90079,-492,7826,852,32,23,-91,-69004,8,2,-1,0,37457,119,31,144,0,0,0,0,0,0,0,0,-32304,0,0,0,0,0,90087,0
90084,-498,7860,860,43,14,-92,-69005,0,3,-2,0,37458,114,31,144,0,0,0,0,0,0,0,0,-32304,0,0,0,0,0,90092,0
90089,-492,7892,838,39,2,-92,-69004,6,1,-3,0,37458,114,31,144,0,0,0,0,0,0,0,0,-32304,0,0,0,0,0,90097,0
90094,-468,7900,868,44,-3,-92,-69005,0,-3,-2,0,37459,111,31,144,0,0,0,0,0,0,0,0,-32304,0,0,0,0,0,90102,0
90099,-456,7910,864,41,-8,-90,-69005,6,-2,-2,0,37459,111,31,144,0,0,0,0,0,0,0,0,-32304,0,0,0,0,0,90107,0
90104,-446,7936,876,47,-26,-86,-69005,4,-2,-1,0,37460,115,31,144,0,0,0,0,0,0,0,0,-32303,0,0,0,0,0,90112,0
90109,-426,7938,874,56,-35,-83,-69006,3,0,-3,0,37460,115,31,144,0,0,0,0,0,0,0,0,-32304,0,0,0,0,0,90117,0
90114,-422,7908,894,59,-44,-80,-69005,0,-3,-2,0,37464,124,31,144,0,0,0,0,0,0,0,0,-32304,0,0,0,0,0,90122,0
90119,-422,7892,876,61,-52,-78,-69005,3,0,-2,0,37464,124,31,144,0,0,0,0,0,0,0,0,-32304,0,0,0,0,0,90127,0
90124,-390,7870,874,64,-67,-70,-69006,-1,1,-1,0,37474,123,31,144,0,0,0,0,0,0,0,0,-32303,0,0,0,0,0,90132,0
90129,-374,7862,866,67,-80,-72,-69005,9,4,-2,0,37474,123,31,144,0,0,0,0,0,0,0,0,-32304,0,0,0,0,0,90137,0
90134,-400,7848,870,71,-85,-62,-69006,-5,-5,-2,0,37489,126,31,144,0,0,0,0,0,0,0,0,-32304,0,0,0,0,0,90142,0
90139,-396,7842,880,73,-97,-60,-69006,-5,2,-1,0,37489,126,31,144,0,0,0,0,0,0,0,0,-32304,0,0,0,0,0,90147,0
90144,-392,7836,866,76,-120,-53,-69005,-9,-3,0,0,37484,135,31,144,0,0,0,0,0,0,0,0,-32303,0,0,0,0,0,90152,0
90149,-372,7808,862,84,-125,-48,-69005,0,1,-2,0,37484,135,31,144,0,0,0,0,0,0,0,0,-32303,0,0,0,0,0,90157,0
90154,-350,7834,862,81,-138,-45,-69006,0,2,-2,0,37473,134,31,144,0,0,0,0,0,0,0,0,-32304,0,0,0,0,0,90162,0
90159,-370,7820,878,78,-149,-39,-69005,3,-3,-1,0,37473,134,31,144,0,0,0,0,0,0,0,0,-32304,0,0,0,0,0,90167,0
90164,-354,7892,856,87,-163,-31,-69005,7,1,-3,0,37455,126,31,144,0,0,0,0,0,0,0,0,-32304,0,0,0,0,0,90172,0
90169,-340,7914,894,87,-166,-24,-69005,0,2,-2,0,37455,126,31,144,0,0,0,0,0,0,0,0,-32304,0,0,0,0,0,90177,0
90174,-334,7996,878,86,-175,-16,-69006,-6,-1,-2,0,37456,118,31,144,0,0,0,0,0,0,0,0,-32305,0,0,0,0,0,90182,0
90179,-342,7986,886,88,-184,-14,-69006,-1,-4,-2,0,37456,118,31,144,0,0,0,0,0,0,0,0,-32304,0,0,0,0,0,90187,0
90184,-316,8040,886,99,-197,-2,-69005,3,-2,-1,0,37457,125,31,144,0,0,0,0,0,0,0,0,-32304,0,0,0,0,0,90192,0
90189,-332,8044,874,100,-193,5,-69006,-2,1,-1,0,37457,125,31,144,0,0,0,0,0,0,0,0,-32304,0,0,0,0,0,90197,0
90194,-310,8070,876,106,-206,10,-69005,3,0,-1,0,37456,135,31,144,0,0,0,0,0,0,0,0,-32304,0,0,0,0,0,90202,0
90199,-316,8088,886,101,-209,16,-69006,-2,0,-1,0,37456,135,31,144,0,0,0,0,0,0,0,0,-32304,0,0,0,0,0,90207,0
90204,-302,8070,922,103,-215,29,-69006,-3,1,-2,0,37455,130,31,144,0,0,0,0,0,0,0,0,-32304,0,0,0,0,0,90212,0
90209,-280,8082,920,107,-214,31,-69007,-11,-2,-2,0,37455,130,31,144,0,0,0,0,0,0,0,0,-32304,0,0,0,0,0,90217,0
90214,-308,8098,908,113,-217,42,-69005,0,-1,-1,0,37457,124,31,144,0,0,0,0,0,0,0,0,-32304,0,0,0,0,0,90222,0
90219,-256,8122,916,112,-218,46,-69005,1,-2,-3,0,37457,124,31,144,0,0,0,0,0,0,0,0,-32304,0,0,0,0,0,90227,0
90224,-276,8092,920,118,-224,59,-69006,1,7,-3,0,37461,125,31,144,0,0,0,0,0,0,0,0,-32303,0,0,0,0,0,90232,0
90229,-262,8114,916,118,-214,67,-69005,0,-2,-1,0,37461,125,31,144,0,0,0,0,0,0,0,0,-32303,0,0,0,0,0,90237,0
90234,-262,8086,902,121,-219,72,-69005,1,1,-3,0,37462,127,31,144,0,0,0,0,0,0,0,0,-32304,0,0,0,0,0,90242,0
90239,-252,8094,922,118,-226,80,-69005,-1,-2,-1,0,37462,127,31,144,0,0,0,0,0,0,0,0,-32304,0,0,0,0,0,90247,0
90244,-234,8004,934,124,-215,92,-69005,-1,0,-1,0,37459,127,31,144,0,0,0,0,0,0,0,0,-32304,0,0,0,0,0,90252,0
90249,-220,8008,952,126,-212,94,-69005,6,1,-4,0,37459,127,31,144,0,0,0,0,0,0,0,0,-32304,0,0,0,0,0,90257,0
90254,-214,7942,952,122,-210,102,-69003,10,2,-1,0,37457,122,31,144,0,0,0,0,0,0,0,0,-32304,0,0,0,0,0,90262,0
90259,-160,7924,948,132,-209,111,-69005,9,2,0,0,37457,122,31,144,0,0,0,0,0,0,0,0,-32304,0,0,0,0,0,90267,0
90264,-158,7892,950,125,-199,123,-69006,-1,-1,-2,0,37457,115,31,144,0,0,0,0,0,0,0,0,-32304,0,0,0,0,0,90272,0
90269,-138,7880,976,128,-193,126,-69006,-7,-4,0,0,37457,115,31,144,0,0,0,0,0,0,0,0,-32304,0,0,0,0,0,90277,0
90274,-106,7880,976,125,-192,133,-69005,0,-4,-1,0,37456,116,31,144,0,0,0,0,0,0,0,0,-32303,0,0,0,0,0,90282,0
90279,-86,7920,1006,133,-184,136,-69004,2,3,-2,0,37456,116,31,144,0,0,0,0,0,0,0,0,-32304,0,0,0,0,0,90287,0
90284,-38,8018,986,124,-168,152,-69005,1,0,-1,0,37455,108,31,144,0,0,0,0,0,0,0,0,-32304,0,0,0,0,0,90292,0
90289,-44,8012,980,123,-160,163,-69004,6,-3,-2,0,37455,108,31,144,0,0,0,0,0,0,0,0,-32304,0,0,0,0,0,90297,0
90294,-30,8086,982,126,-149,165,-69005,5,1,-1,0,37456,110,31,144,0,0,0,0,0,0,0,0,-32304,0,0,0,0,0,90302,0
90299,-14,8130,954,121,-143,176,-69005,-4,-3,-4,0,37456,110,31,144,0,0,0,0,0,0,0,0,-32303,0,0,0,0,0,90307,0
90304,-26,8168,988,114,-126,190,-69005,-1,-2,-2,0,37458,111,31,144,0,0,0,0,0,0,0,0,-32303,0,0,0,0,0,90312,0
90309,-16,8240,986,107,-122,198,-69005,2,1,-1,0,37458,111,31,144,0,0,0,0,0,0,0,0,-32304,0,0,0,0,0,90317,0
90314,-38,8286,942,110,-115,206,-69005,2,0,-1,0,37458,115,31,144,0,0,0,0,0,0,0,0,-32304,0,0,0,0,0,90322,0
90319,-44,8334,958,107,-116,209,-69005,0,-4,-2,0,37458,115,31,144,0,0,0,0,0,0,0,0,-32304,0,0,0,0,0,90327,0
90324,-60,8378,948,101,-108,218,-69006,-10,1,-3,0,37456,118,31,144,0,0,0,0,0,0,0,0,-32304,0,0,0,0,0,90332,0
90329,-92,8424,922,101,-109,226,-69005,0,-1,-5,0,37456,118,31,144,0,0,0,0,0,0,0,0,-32303,0,0,0,0,0,90337,0
90334,-100,8408,928,100,-113,227,-69005,0,-1,-5,0,37459,121,31,144,0,0,0,0,0,0,0,0,-32304,0,0,0,0,0,90342,0
90339,-84,8394,892,101,-112,236,-69006,1,2,-1,0,37459,121,31,144,0,0,0,0,0,0,0,0,-32303,0,0,0,0,0,90347,0
90344,-158,8418,920,94,-110,247,-69007,-10,-2,0,0,37459,120,31,144,0,0,0,0,0,0,0,0,-32304,0,0,0,0,0,90352,0
90349,-146,8414,908,93,-116,247,-69005,-1,1,-1,0,37459,120,31,144,0,0,0,0,0,0,0,0,-32304,0,0,0,0,0,90357,0
90354,-126,8392,894,95,-119,248,-69005,0,1,-2,0,37460,118,31,144,0,0,0,0,0,0,0,0,-32304,0,0,0,0,0,90362,0
90359,-120,8368,884,99,-124,248,-69004,0,0,-1,0,37460,118,31,144,0,0,0,0,0,0,0,0,-32303,0,0,0,0,0,90367,0
90364,-122,8350,870,100,-115,256,-69005,3,-7,-1,0,37456,119,31,144,0,0,0,0,0,0,0,0,-32304,0,0,0,0,0,90372,0
90369,-154,8336,876,101,-123,255,-69006,-4,3,-1,0,37456,119,31,144,0,0,0,0,0,0,0,0,-32304,0,0,0,0,0,90377,0
90374,-158,8328,888,103,-117,259,-69006,-3,-1,-1,0,37457,118,31,144,0,0,0,0,0,0,0,0,-32304,0,0,0,0,0,90382,0
90379,-170,8290,876,101,-114,259,-69005,-1,1,-3,0,37457,118,31,144,0,0,0,0,0,0,0,0,-32304,0,0,0,0,0,90387,0
90384,-198,8248,880,106,-113,273,-69006,-10,0,-1,0,37458,111,31,144,0,0,0,0,0,0,0,0,-32304,0,0,0,0,0,90392,0
90389,-170,8230,892,113,-106,275,-69005,0,-3,-1,0,37458,111,31,144,0,0,0,0,0,0,0,0,-32303,0,0,0,0,0,90397,0
90394,-192,8206,924,107,-106,280,-69005,-1,-2,0,0,37459,111,31,144,0,0,0,0,0,0,0,0,-32304,0,0,0,0,0,90402,0
90399,-174,8194,896,109,-100,281,-69005,0,-1,-2,0,37459,111,31,144,0,0,0,0,0,0,0,0,-32304,0,0,0,0,0,90407,0
90404,-186,8162,892,102,-94,288,-69005,0,-2,-3,0,37460,122,31,144,0,0,0,0,0,0,0,0,-32304,0,0,0,0,0,90412,0
90409,-198,8168,894,106,-86,298,-69005,4,-1,-3,0,37460,122,31,144,0,0,0,0,0,0,0,0,-32303,0,0,0,0,0,90417,0
90414,-192,8146,870,102,-89,308,-69004,0,1,-1,0,37457,127,31,144,0,0,0,0,0,0,0,0,-32304,0,0,0,0,0,90422,0
90419,-186,8166,914,105,-78,312,-69005,-4,-1,-1,0,37457,127,31,144,0,0,0,0,0,0,0,0,-32304,0,0,0,0,0,90427,0
90424,-180,8190,884,100,-73,327,-69005,-8,-2,-2,0,37455,125,31,144,0,0,0,0,0,0,0,0,-32304,0,0,0,0,0,90432,0
90429,-202,8192,872,103,-63,341,-69005,2,-6,-3,0,37455,125,31,144,0,0,0,0,0,0,0,0,-32303,0,0,0,0,0,90437,0
90434,-208,8190,874,105,-62,347,-69006,-6,-3,-3,0,37456,116,31,144,0,0,0,0,0,0,0,0,-32303,0,0,0,0,0,90442,0
90439,-202,8178,870,95,-55,355,-69005,0,1,-4,0,37456,116,31,144,0,0,0,0,0,0,0,0,-32304,0,0,0,0,0,90447,0
90444,-228,8162,846,102,-41,368,-69005,1,-2,-2,0,37461,122,31,144,0,0,0,0,0,0,0,0,-32303,0,0,0,0,0,90452,0
90449,-232,8158,866,105,-38,374,-69005,0,-2,-3,0,37461,122,31,144,0,0,0,0,0,0,0,0,-32304,0,0,0,0,0,90457,0
90454,-232,8160,840,99,-25,380,-69005,-1,-1,-2,0,37462,118,31,144,0,0,0,0,0,0,0,0,-32304,0,0,0,0,0,90463,0
90459,-280,8128,818,101,-24,386,-69005,-1,3,-1,0,37462,118,31,144,0,0,0,0,0,0,0,0,-32304,0,0,0,0,0,90468,0
90464,-298,8058,838,106,-13,388,-69006,1,0,-1,0,37462,128,31,144,0,0,0,0,0,0,0,0,-32304,0,0,0,0,0,90473,0
90469,-318,8032,824,111,-7,400,-69005,2,-2,0,0,37462,128,31,144,0,0,0,0,0,0,0,0,-32304,0,0,0,0,0,90478,0
90474,-276,7996,830,107,-4,401,-69006,0,3,-2,0,37462,122,31,144,0,0,0,0,0,0,0,0,-32304,0,0,0,0,0,90483,0
90479,-316,7974,832,116,8,401,-69005,-1,6,-1,0,37462,122,31,144,0,0,0,0,0,0,0,0,-32304,0,0,0,0,0,90488,0
90484,-328,8020,854,120,24,403,-69005,2,-1,-2,0,37464,118,31,144,0,0,0,0,0,0,0,0,-32304,0,0,0,0,0,90493,0
90489,-330,7996,842,123,32,403,-69005,-3,0,-3,0,37464,118,31,144,0,0,0,0,0,0,0,0,-32304,0,0,0,0,0,90498,0
90494,-366,8034,848,122,40,402,-69006,-5,-2,0,0,37462,120,31,144,0,0,0,0,0,0,0,0,-32304,0,0,0,0,0,90503,0
90499,-388,7980,816,126,41,402,-69005,1,3,-1,0,37462,120,31,144,0,0,0,0,0,0,0,0,-32304,0,0,0,0,0,90508,0
90504,-448,7940,826,135,61,398,-69005,-5,2,-1,0,37459,126,31,144,0,0,0,0,0,0,0,0,-32304,0,0,0,0,0,90513,0
90509,-414,7928,838,138,64,391,-69004,0,-1,-3,0,37459,126,31,144,0,0,0,0,0,0,0,0,-32304,0,0,0,0,0,90518,0
90514,-454,7946,834,139,74,388,-69004,8,3,-2,0,37457,129,31,144,0,0,0,0,0,0,0,0,-32304,0,0,0,0,0,90523,0
90519,-448,7900,830,139,79,382,-69005,-1,2,-1,0,37457,129,31,144,0,0,0,0,0,0,0,0,-32304,0,0,0,0,0,90528,0
90524,-470,7888,840,135,88,372,-69004,0,-5,-2,0,37459,123,31,144,0,0,0,0,0,0,0,0,-32304,0,0,0,0,0,90533,0
90529,-464,7886,842,141,93,364,-69005,1,1,-2,0,37459,123,31,144,0,0,0,0,0,0,0,0,-32304,0,0,0,0,0,90538,0
90534,-494,7912,840,140,103,356,-69005,7,2,-4,0,37458,120,31,144,0,0,0,0,0,0,0,0,-32303,0,0,0,0,0,90543,0
90539,-494,7916,816,144,101,347,-69004,11,-3,-2,0,37458,120,31,144,0,0,0,0,0,0,0,0,-32304,0,0,0,0,0,90548,0
90544,-502,7920,818,146,113,333,-69005,2,0,-2,0,37456,119,31,144,0,0,0,0,0,0,0,0,-32303,0,0,0,0,0,90553,0
90549,-522,7942,848,143,116,329,-69007,-5,1,-2,0,37456,119,31,144,0,0,0,0,0,0,0,0,-32304,0,0,0,0,0,90558,0
90554,-528,7932,836,144,118,326,-69005,-1,-2,-2,0,37451,126,31,144,0,0,0,0,0,0,0,0,-32304,0,0,0,0,0,90563,0
90559,-560,7928,840,135,126,318,-69005,0,-6,0,0,37451,126,31,144,0,0,0,0,0,0,0,0,-32304,0,0,0,0,0,90568,0
90564,-562,7970,836,150,130,305,-69005,-3,0,-2,0,37445,119,31,144,0,0,0,0,0,0,0,0,-32303,0,0,0,0,0,90570,0
90569,-564,7972,842,140,130,295,-69004,3,0,-3,0,37445,119,31,144,0,0,0,0,0,0,0,0,-32303,0,0,0,0,0,90575,0
90574,-562,7962,824,143,133,283,-69005,0,-1,-2,0,37434,112,31,144,0,0,0,0,0,0,0,0,-32304,0,0,0,0,0,90577,0
90579,-564,7966,832,138,136,282,-69004,6,-3,-2,0,37434,112,31,144,0,0,0,0,0,0,0,0,-32304,0,0,0,0,0,90582,0
90584,-568,7970,826,145,139,269,-69005,0,-5,-3,0,37432,113,31,144,0,0,0,0,0,0,0,0,-32304,0,0,0,0,0,90587,0
90589,-546,7988,846,146,139,258,-69006,-1,-4,-2,0,37432,113,31,144,0,0,0,0,0,0,0,0,-32303,0,0,0,0,0,90592,0
90594,-558,7970,826,144,146,256,-69005,0,-2,0,0,37433,119,31,144,0,0,0,0,0,0,0,0,-32303,0,0,0,0,0,90597,0
90599,-588,7980,838,141,146,245,-69004,-1,0,-1,0,37433,119,31,144,0,0,0,0,0,0,0,0,-32303,0,0,0,0,0,90602,0
90604,-586,7998,834,133,148,237,-69005,-2,-2,-2,0,37440,121,31,144,0,0,0,0,0,0,0,0,-32304,0,0,0,0,0,90607,0
90609,-628,8002,830,135,146,224,-69005,3,-4,-2,0,37440,121,31,144,0,0,0,0,0,0,0,0,-32304,0,0,0,0,0,90612,0
90614,-608,8032,836,134,149,220,-69005,4,-4,-1,0,37443,121,31,144,0,0,0,0,0,0,0,0,-32304,0,0,0,0,0,90617,0
90619,-626,8038,854,133,148,215,-69005,-1,3,-1,0,37443,121,31,144,0,0,0,0,0,0,0,0,-32304,0,0,0,0,0,90622,0
90624,-606,8056,834,132,148,199,-69005,-5,1,-2,0,37444,114,31,144,0,0,0,0,0,0,0,0,-32304,0,0,0,0,0,90627,0
90629,-626,8074,824,136,153,190,-69006,-6,-1,-3,0,37444,114,31,144,0,0,0,0,0,0,0,0,-32304,0,0,0,0,0,90632,0
90634,-640,8088,832,129,156,182,-69005,3,0,-2,0,37449,115,31,144,0,0,0,0,0,0,0,0,-32304,0,0,0,0,0,90637,0
90639,-648,8130,836,126,155,173,-69007,0,-4,-2,0,37449,115,31,144,0,0,0,0,0,0,0,0,-32304,0,0,0,0,0,90642,0
90644,-656,8136,826,119,159,162,-69005,3,1,-2,0,37455,125,31,144,0,0,0,0,0,0,0,0,-32303,0,0,0,0,0,90647,0
90649,-624,8138,806,121,162,144,-69006,-3,-2,-4,0,37455,125,31,144,0,0,0,0,0,0,0,0,-32304,0,0,0,0,0,90652,0
90654,-644,8138,796,121,165,136,-69006,-5,-3,-2,0,37456,131,31,144,0,0,0,0,0,0,0,0,-32303,0,0,0,0,0,90657,0
90659,-664,8136,824,119,165,126,-69006,-5,-2,0,0,37456,131,31,144,0,0,0,0,0,0,0,0,-32303,0,0,0,0,0,90662,0
90664,-656,8166,798,114,168,110,-69005,3,-4,0,0,37457,129,31,144,0,0,0,0,0,0,0,0,-32304,0,0,0,0,0,90667,0
90669,-638,8148,786,105,171,101,-69006,-3,0,-1,0,37457,129,31,144,0,0,0,0,0,0,0,0,-32304,0,0,0,0,0,90672,0
90674,-652,8182,790,112,173,92,-69005,-2,2,-2,0,37451,123,31,144,0,0,0,0,0,0,0,0,-32304,0,0,0,0,0,90677,0
90679,-636,8184,788,110,172,82,-69005,1,-1,0,0,37451,123,31,144,0,0,0,0,0,0,0,0,-32304,0,0,0,0,0,90682,0
90684,-614,8198,788,111,175,64,-69005,4,1,-1,0,37451,121,31,144,0,0,0,0,0,0,0,0,-32304,0,0,0,0,0,90687,0
90689,-604,8236,770,115,176,52,-69005,0,3,-1,0,37451,121,31,144,0,0,0,0,0,0,0,0,-32304,0,0,0,0,0,90692,0
90694,-636,8206,772,113,171,44,-69006,-6,0,-2,0,37454,124,31,144,0,0,0,0,0,0,0,0,-32304,0,0,0,0,0,90697,0
90699,-610,8246,760,116,178,44,-69004,2,4,-3,0,37454,124,31,144,0,0,0,0,0,0,0,0,-32304,0,0,0,0,0,90702,0
90704,-608,8260,752,115,171,21,-69005,0,1,-1,0,37458,126,31,144,0,0,0,0,0,0,0,0,-32303,0,0,0,0,0,90707,0
90709,-612,8262,754,120,170,10,-69004,10,1,-1,0,37458,126,31,144,0,0,0,0,0,0,0,0,-32303,0,0,0,0,0,90712,0
90714,-626,8236,756,115,170,2,-69005,-4,1,-2,0,37458,128,31,144,0,0,0,0,0,0,0,0,-32303,0,0,0,0,0,90717,0
90719,-614,8248,746,119,167,0,-69004,3,5,-2,0,37458,128,31,144,0,0,0,0,0,0,0,0,-32303,0,0,0,0,0,90722,0
90724,-582,8212,762,130,159,-20,-69005,4,-2,-2,0,37456,124,31,144,0,0,0,0,0,0,0,0,-32304,0,0,0,0,0,90727,0
90729,-552,8222,750,133,157,-23,-69005,1,-1,-2,0,37456,124,31,144,0,0,0,0,0,0,0,0,-32303,0,0,0,0,0,90732,0
90734,-578,8172,774,132,150,-28,-69005,2,1,-2,0,37456,116,31,144,0,0,0,0,0,0,0,0,-32304,0,0,0,0,0,90737,0
90739,-570,8170,762,138,145,-37,-69005,0,1,-1,0,37456,116,31,144,0,0,0,0,0,0,0,0,-32303,0,0,0,0,0,90742,0
90744,-556,8130,802,151,142,-47,-69006,-5,2,-1,0,37456,116,31,144,0,0,0,0,0,0,0,0,-32303,0,0,0,0,0,90747,0
90749,-536,8080,812,141,138,-50,-69004,3,0,-4,0,37456,116,31,144,0,0,0,0,0,0,0,0,-32304,0,0,0,0,0,90752,0
90754,-568,8070,806,145,139,-56,-69005,6,2,-5,0,37459,114,31,144,0,0,0,0,0,0,0,0,-32304,0,0,0,0,0,90757,0
90759,-558,8050,836,146,135,-62,-69003,9,1,-1,0,37459,114,31,144,0,0,0,0,0,0,0,0,-32304,0,0,0,0,0,90762,0
90764,-546,7982,854,143,112,-71,-69005,-3,-2,-1,0,37457,116,31,144,0,0,0,0,0,0,0,0,-32303,0,0,0,0,0,90767,0
90769,-532,7962,880,154,106,-71,-69005,2,4,-1,0,37457,116,31,144,0,0,0,0,0,0,0,0,-32304,0,0,0,0,0,90772,0
90774,-540,7950,890,141,106,-80,-69005,4,-3,-2,0,37458,113,31,144,0,0,0,0,0,0,0,0,-32304,0,0,0,0,0,90777,0
90779,-542,7948,904,146,102,-86,-69004,5,3,-2,0,37458,113,31,144,0,0,0,0,0,0,0,0,-32304,0,0,0,0,0,90782,0
90784,-540,7972,900,144,90,-92,-69007,-2,-1,-2,0,37454,112,31,144,0,0,0,0,0,0,0,0,-32304,0,0,0,0,0,90787,0
90789,-512,7928,936,138,77,-91,-69005,-1,2,-1,0,37454,112,31,144,0,0,0,0,0,0,0,0,-32304,0,0,0,0,0,90792,0
90794,-534,7950,902,129,74,-95,-69006,0,0,-2,0,37454,111,31,144,0,0,0,0,0,0,0,0,-32304,0,0,0,0,0,90797,0
90799,-540,7956,934,134,70,-94,-69005,5,0,-2,0,37454,111,31,144,0,0,0,0,0,0,0,0,-32303,0,0,0,0,0,90802,0
90804,-528,7992,938,119,65,-101,-69006,3,0,-3,0,37454,112,31,144,0,0,0,0,0,0,0,0,-32304,0,0,0,0,0,90807,0
90809,-550,8024,968,114,57,-105,-69005,2,1,-2,0,37454,112,31,144,0,0,0,0,0,0,0,0,-32304,0,0,0,0,0,90812,0
90814,-528,7996,972,110,49,-109,-69005,0,0,-1,0,37455,114,31,144,0,0,0,0,0,0,0,0,-32304,0,0,0,0,0,90817,0
90819,-546,8004,1006,111,47,-112,-69005,0,4,-2,0,37455,114,31,144,0,0,0,0,0,0,0,0,-32303,0,0,0,0,0,90822,0
90824,-534,8008,992,96,36,-119,-69006,-3,-2,-3,0,37456,111,31,144,0,0,0,0,0,0,0,0,-32303,0,0,0,0,0,90827,0
90829,-506,8028,972,91,28,-125,-69005,2,-1,-2,0,37456,111,31,144,0,0,0,0,0,0,0,0,-32304,0,0,0,0,0,90832,0
90834,-510,8060,990,85,29,-125,-69005,-4,-2,-1,0,37456,115,31,144,0,0,0,0,0,0,0,0,-32303,0,0,0,0,0,90837,0
90839,-532,8062,986,75,20,-125,-69005,-1,4,-1,0,37456,115,31,144,0,0,0,0,0,0,0,0,-32304,0,0,0,0,0,90842,0
90844,-512,8076,986,73,11,-141,-69006,-1,-3,0,0,37456,118,31,144,0,0,0,0,0,0,0,0,-32304,0,0,0,0,0,90847,0
90849,-526,8032,956,73,2,-148,-69006,-1,-2,-3,0,37456,118,31,144,0,0,0,0,0,0,0,0,-32304,0,0,0,0,0,90852,0
90854,-528,8050,964,71,-8,-152,-69005,0,1,1,0,37460,131,31,144,0,0,0,0,0,0,0,0,-32303,0,0,0,0,0,90857,0
90859,-528,8058,976,67,-13,-152,-69005,-4,1,0,0,37460,131,31,144,0,0,0,0,0,0,0,0,-32304,0,0,0,0,0,90862,0
90864,-488,8100,972,53,-28,-166,-69006,-1,-5,-2,0,37461,132,31,144,0,0,0,0,0,0,0,0,-32304,0,0,0,0,0,90867,0
90869,-502,8148,978,57,-24,-179,-69004,5,1,-2,0,37461,132,31,144,0,0,0,0,0,0,0,0,-32303,0,0,0,0,0,90872,0
90874,-466,8184,968,51,-24,-178,-69005,5,-4,-2,0,37460,122,31,144,0,0,0,0,0,0,0,0,-32303,0,0,0,0,0,90877,0
90879,-454,8212,960,53,-34,-193,-69005,0,-5,-2,0,37460,122,31,144,0,0,0,0,0,0,0,0,-32304,0,0,0,0,0,90882,0
90884,-478,8222,934,52,-38,-198,-69006,-5,4,-1,0,37455,117,31,144,0,0,0,0,0,0,0,0,-32304,0,0,0,0,0,90887,0
90889,-474,8218,932,48,-48,-204,-69005,0,-2,0,0,37455,117,31,144,0,0,0,0,0,0,0,0,-32303,0,0,0,0,0,90892,0
90894,-468,8228,928,45,-51,-208,-69005,-1,0,-1,0,37455,115,31,144,0,0,0,0,0,0,0,0,-32303,0,0,0,0,0,90897,0
90899,-404,8186,916,48,-58,-212,-69006,-1,3,-3,0,37455,115,31,144,0,0,0,0,0,0,0,0,-32304,0,0,0,0,0,90902,0
90904,-380,8168,924,53,-66,-220,-69005,-1,-3,-4,0,37454,119,31,144,0,0,0,0,0,0,0,0,-32304,0,0,0,0,0,90907,0
90909,-364,8180,912,48,-73,-218,-69005,-4,2,-2,0,37454,119,31,144,0,0,0,0,0,0,0,0,-32303,0,0,0,0,0,90912,0
90914,-332,8186,920,49,-81,-221,-69005,-3,6,-3,0,37454,125,31,144,0,0,0,0,0,0,0,0,-32304,0,0,0,0,0,90917,0
90919,-340,8204,896,47,-83,-223,-69005,-1,-1,-1,0,37454,125,31,144,0,0,0,0,0,0,0,0,-32304,0,0,0,0,0,90923,0
90924,-306,8228,900,43,-94,-219,-69005,-1,0,-1,0,37451,127,31,144,0,0,0,0,0,0,0,0,-32304,0,0,0,0,0,90930,0
90929,-300,8242,908,43,-97,-213,-69005,-2,-2,-2,0,37451,127,31,144,0,0,0,0,0,0,0,0,-32304,0,0,0,0,0,90934,0
90934,-290,8224,928,36,-104,-212,-69004,3,1,-2,0,37446,120,31,144,0,0,0,0,0,0,0,0,-32303,0,0,0,0,0,90940,0
90939,-282,8210,924,45,-113,-205,-69005,7,2,-1,0,37446,120,31,144,0,0,0,0,0,0,0,0,-32303,0,0,0,0,0,90946,0
90944,-262,8206,902,38,-113,-195,-69005,-5,-2,-1,0,37447,117,31,144,0,0,0,0,0,0,0,0,-32304,0,0,0,0,0,90951,0
90949,-222,8218,906,34,-120,-188,-69005,3,-1,-2,0,37447,117,31,144,0,0,0,0,0,0,0,0,-32304,0,0,0,0,0,90956,0
90954,-260,8206,892,31,-122,-176,-69005,-3,2,-1,0,37449,114,31,144,0,0,0,0,0,0,0,0,-32304,0,0,0,0,0,90962,0
90959,-268,8182,896,34,-127,-171,-69005,0,-2,1,0,37449,114,31,144,0,0,0,0,0,0,0,0,-32304,0,0,0,0,0,90967,0
90964,-268,8122,880,34,-136,-160,-69006,-8,-2,-2,0,37454,121,31,144,0,0,0,0,0,0,0,0,-32304,0,0,0,0,0,90972,0
90969,-264,8096,890,24,-149,-158,-69005,7,5,-2,0,37454,121,31,144,0,0,0,0,0,0,0,0,-32304,0,0,0,0,0,90978,0
90974,-254,8102,892,23,-159,-152,-69005,1,-3,-2,0,37453,124,31,144,0,0,0,0,0,0,0,0,-32304,0,0,0,0,0,90983,0
90979,-250,8054,902,26,-157,-146,-69005,5,2,-3,0,37453,124,31,144,0,0,0,0,0,0,0,0,-32303,0,0,0,0,0,90988,0
90984,-234,8046,900,20,-168,-138,-69005,-1,0,-1,0,37451,125,31,144,0,0,0,0,0,0,0,0,-32304,0,0,0,0,0,90994,0
90989,-250,8026,892,19,-172,-134,-69005,4,1,-1,0,37451,125,31,144,0,0,0,0,0,0,0,0,-32304,0,0,0,0,0,90999,0
90994,-272,8014,904,21,-178,-128,-69006,-3,0,-1,0,37450,128,31,144,0,0,0,0,0,0,0,0,-32304,0,0,0,0,0,91004,0
90999,-234,8004,900,23,-186,-120,-69006,-4,-1,-3,0,37450,128,31,144,0,0,0,0,0,0,0,0,-32304,0,0,0,0,0,91010,0
91004,-246,8022,874,15,-188,-114,-69004,6,-4,-1,0,37449,124,31,144,0,0,0,0,0,0,0,0,-32304,0,0,0,0,0,91015,0
91009,-204,8092,888,23,-192,-104,-69005,-1,3,-1,0,37449,124,31,144,0,0,0,0,0,0,0,0,-32304,0,0,0,0,0,91020,0
91014,-252,8088,904,20,-194,-101,-69005,-7,-2,-1,0,37447,126,31,144,0,0,0,0,0,0,0,0,-32304,0,0,0,0,0,91026,0
91019,-236,8118,902,24,-195,-101,-69006,-5,-2,-1,0,37447,126,31,144,0,0,0,0,0,0,0,0,-32303,0,0,0,0,0,91031,0
91024,-222,8138,922,21,-197,-85,-69005,1,0,-2,0,37448,118,31,144,0,0,0,0,0,0,0,0,-32304,0,0,0,0,0,91036,0
91029,-226,8126,940,21,-193,-84,-69004,8,0,0,0,37448,118,31,144,0,0,0,0,0,0,0,0,-32304,0,0,0,0,0,91042,0
91034,-226,8160,926,22,-196,-73,-69006,-1,0,-1,0,37450,118,31,144,0,0,0,0,0,0,0,0,-32304,0,0,0,0,0,91047,0
91039,-244,8144,932,18,-195,-75,-69006,0,1,-1,0,37450,118,31,144,0,0,0,0,0,0,0,0,-32304,0,0,0,0,0,91052,0
91044,-254,8148,954,18,-195,-64,-69005,1,-3,-1,0,37451,120,31,144,0,0,0,0,0,0,0,0,-32304,0,0,0,0,0,91058,0
91049,-274,8132,956,19,-194,-62,-69005,0,-1,-4,0,37451,120,31,144,0,0,0,0,0,0,0,0,-32304,0,0,0,0,0,91063,0
91054,-288,8138,948,17,-204,-58,-69006,-1,-3,-2,0,37449,121,31,144,0,0,0,0,0,0,0,0,-32304,0,0,0,0,0,91068,0
91059,-318,8118,950,15,-207,-55,-69005,7,1,1,0,37449,121,31,144,0,0,0,0,0,0,0,0,-32304,0,0,0,0,0,91074,0
91064,-326,8152,988,2,-204,-48,-69005,2,1,-1,0,37447,121,31,144,0,0,0,0,0,0,0,0,-32304,0,0,0,0,0,91079,0
91069,-340,8142,980,1,-209,-50,-69007,-8,1,0,0,37447,121,31,144,0,0,0,0,0,0,0,0,-32304,0,0,0,0,0,91084,0
91074,-354,8136,992,6,-203,-51,-69004,2,-3,0,0,37447,121,31,144,0,0,0,0,0,0,0,0,-32304,0,0,0,0,0,91090,0
91079,-348,8146,988,-3,-198,-49,-69006,2,3,-2,0,37447,121,31,144,0,0,0,0,0,0,0,0,-32304,0,0,0,0,0,91095,0
91084,-374,8116,986,-11,-194,-53,-69004,5,-1,-2,0,37449,118,31,144,0,0,0,0,0,0,0,0,-32304,0,0,0,0,0,91100,0
91089,-400,8090,978,-14,-191,-52,-69006,0,1,-1,0,37449,118,31,144,0,0,0,0,0,0,0,0,-32304,0,0,0,0,0,91106,0
91094,-406,8072,980,-12,-189,-61,-69004,1,-1,-2,0,37449,111,31,144,0,0,0,0,0,0,0,0,-32304,0,0,0,0,0,91111,0
91099,-380,8048,952,-19,-181,-61,-69006,3,1,-3,0,37449,111,31,144,0,0,0,0,0,0,0,0,-32304,0,0,0,0,0,91116,0
91104,-366,8016,948,-24,-172,-63,-69005,3,1,-2,0,37450,112,31,144,0,0,0,0,0,0,0,0,-32304,0,0,0,0,0,91122,0
91109,-396,7982,962,-21,-174,-66,-69005,3,0,-1,0,37450,112,31,144,0,0,0,0,0,0,0,0,-32304,0,0,0,0,0,91127,0
91114,-380,7944,928,-24,-169,-71,-69006,-6,3,-1,0,37452,114,31,144,0,0,0,0,0,0,0,0,-32304,0,0,0,0,0,91132,0
91119,-386,7942,940,-30,-165,-71,-69005,3,4,-1,0,37452,114,31,144,0,0,0,0,0,0,0,0,-32304,0,0,0,0,0,91138,0
91124,-358,7918,910,-29,-159,-76,-69006,-5,-3,-2,0,37452,116,31,144,0,0,0,0,0,0,0,0,-32304,0,0,0,0,0,91143,0
91129,-338,7866,910,-33,-154,-81,-69006,-6,1,-2,0,37452,116,31,144,0,0,0,0,0,0,0,0,-32304,0,0,0,0,0,91148,0
91134,-354,7888,900,-31,-157,-78,-69005,2,-1,0,0,37450,116,31,144,0,0,0,0,0,0,0,0,-32304,0,0,0,0,0,91154,0
91139,-326,7856,916,-33,-148,-82,-69005,-2,2,-1,0,37450,116,31,144,0,0,0,0,0,0,0,0,-32304,0,0,0,0,0,91159,0
91144,-306,7902,876,-35,-147,-86,-69006,-4,3,-1,0,37448,126,31,144,0,0,0,0,0,0,0,0,-32304,0,0,0,0,0,91164,0
91149,-294,7926,886,-34,-151,-81,-69005,2,0,-2,0,37448,126,31,144,0,0,0,0,0,0,0,0,-32304,0,0,0,0,0,91170,0
91154,-322,7890,888,-39,-148,-85,-69006,-4,0,-2,0,37447,124,31,144,0,0,0,0,0,0,0,0,-32304,0,0,0,0,0,91175,0
91159,-304,7914,872,-39,-145,-87,-69006,0,4,0,0,37447,124,31,144,0,0,0,0,0,0,0,0,-32304,0,0,0,0,0,91180,0
91164,-280,7924,856,-44,-145,-88,-69005,2,0,-1,0,37456,129,31,144,0,0,0,0,0,0,0,0,-32304,0,0,0,0,0,91186,0
91169,-270,7910,882,-41,-145,-87,-69005,0,6,-2,0,37456,129,31,144,0,0,0,0,0,0,0,0,-32304,0,0,0,0,0,91191,0
91174,-264,7918,874,-43,-143,-84,-69005,-1,0,-1,0,37460,123,31,144,0,0,0,0,0,0,0,0,-32305,0,0,0,0,0,91196,0
91179,-244,7908,860,-45,-141,-85,-69005,6,3,-1,0,37460,123,31,144,0,0,0,0,0,0,0,0,-32304,0,0,0,0,0,91202,0
91184,-216,7926,848,-51,-134,-86,-69006,-6,0,-1,0,37460,120,31,144,0,0,0,0,0,0,0,0,-32303,0,0,0,0,0,91207,0
91189,-226,7906,828,-60,-139,-84,-69006,1,1,-2,0,37460,120,31,144,0,0,0,0,0,0,0,0,-32303,0,0,0,0,0,91212,0
91194,-200,7934,828,-57,-128,-87,-69005,0,-3,-2,0,37460,117,31,144,0,0,0,0,0,0,0,0,-32304,0,0,0,0,0,91217,0
91199,-198,7928,834,-56,-128,-80,-69006,0,1,-2,0,37460,117,31,144,0,0,0,0,0,0,0,0,-32303,0,0,0,0,0,91223,0
91204,-180,7994,790,-67,-116,-79,-69005,3,2,-2,0,37451,118,31,144,0,0,0,0,0,0,0,0,-32304,0,0,0,0,0,91228,0
91209,-156,8010,798,-66,-109,-76,-69005,5,3,-2,0,37451,118,31,144,0,0,0,0,0,0,0,0,-32304,0,0,0,0,0,91233,0
91214,-150,7984,784,-59,-99,-68,-69005,3,0,-3,0,37450,121,31,144,0,0,0,0,0,0,0,0,-32304,0,0,0,0,0,91239,0
91219,-146,8018,788,-61,-93,-70,-69006,1,2,-1,0,37450,121,31,144,0,0,0,0,0,0,0,0,-32304,0,0,0,0,0,91244,0
91224,-118,8088,764,-71,-75,-64,-69004,0,-3,-2,0,37449,122,31,144,0,0,0,0,0,0,0,0,-32304,0,0,0,0,0,91249,0
91229,-132,8088,750,-65,-73,-55,-69006,-2,-2,-1,0,37449,122,31,144,0,0,0,0,0,0,0,0,-32303,0,0,0,0,0,91255,0
91234,-128,8104,750,-64,-62,-52,-69005,1,3,-2,0,37449,117,31,144,0,0,0,0,0,0,0,0,-32304,0,0,0,0,0,91260,0
91239,-118,8142,730,-65,-53,-48,-69005,0,-4,-2,0,37449,117,31,144,0,0,0,0,0,0,0,0,-32304,0,0,0,0,0,91265,0
91244,-126,8190,698,-62,-43,-36,-69005,1,-2,0,0,37453,118,31,144,0,0,0,0,0,0,0,0,-32304,0,0,0,0,0,91271,0
91249,-110,8220,686,-54,-32,-32,-69005,1,-2,-3,0,37453,118,31,144,0,0,0,0,0,0,0,0,-32304,0,0,0,0,0,91276,0
91254,-142,8216,682,-50,-24,-22,-69006,-7,-2,-3,0,37452,121,31,144,0,0,0,0,0,0,0,0,-32303,0,0,0,0,0,91281,0
91259,-128,8220,652,-50,-18,-19,-69005,1,0,-2,0,37452,121,31,144,0,0,0,0,0,0,0,0,-32304,0,0,0,0,0,91287,0
91264,-122,8262,636,-41,-5,-1,-69005,0,3,-2,0,37451,115,31,144,0,0,0,0,0,0,0,0,-32304,0,0,0,0,0,91292,0
91269,-112,8282,634,-32,1,8,-69006,-4,0,-3,0,37451,115,31,144,0,0,0,0,0,0,0,0,-32304,0,0,0,0,0,91297,0
91274,-116,8248,622,-23,4,15,-69005,1,-3,-3,0,37455,106,31,144,0,0,0,0,0,0,0,0,-32304,0,0,0,0,0,91303,0
91279,-122,8248,602,-26,13,20,-69004,-4,-2,-3,0,37455,106,31,144,0,0,0,0,0,0,0,0,-32304,0,0,0,0,0,91308,0
91284,-122,8274,602,-10,25,45,-69006,-1,1,-2,0,37455,102,31,144,0,0,0,0,0,0,0,0,-32304,0,0,0,0,0,91313,0
91289,-106,8288,584,2,35,48,-69005,-5,-1,-2,0,37455,102,31,144,0,0,0,0,0,0,0,0,-32303,0,0,0,0,0,91319,0
91294,-156,8290,592,10,43,56,-69005,6,-2,-2,0,37458,110,31,144,0,0,0,0,0,0,0,0,-32304,0,0,0,0,0,91324,0
91299,-148,8298,576,13,49,64,-69006,6,3,-3,0,37458,110,31,144,0,0,0,0,0,0,0,0,-32304,0,0,0,0,0,91329,0
91304,-160,8278,598,30,68,81,-69006,-3,0,-2,0,37451,119,31,144,0,0,0,0,0,0,0,0,-32304,0,0,0,0,0,91335,0
91309,-172,8304,602,47,75,88,-69005,-2,-3,-1,0,37451,119,31,144,0,0,0,0,0,0,0,0,-32304,0,0,0,0,0,91340,0
91314,-178,8278,600,55,89,95,-69006,1,1,-1,0,37448,120,31,144,0,0,0,0,0,0,0,0,-32304,0,0,0,0,0,91345,0
91319,-192,8286,600,61,96,101,-69004,3,0,0,0,37448,120,31,144,0,0,0,0,0,0,0,0,-32304,0,0,0,0,0,91350,0
91324,-228,8280,620,84,112,114,-69004,7,-2,-1,0,37449,116,31,144,0,0,0,0,0,0,0,0,-32304,0,0,0,0,0,91356,0
91329,-236,8286,636,93,112,121,-69005,3,1,-2,0,37449,116,31,144,0,0,0,0,0,0,0,0,-32305,0,0,0,0,0,91361,0
91334,-240,8272,652,99,123,121,-69006,-6,-3,-1,0,37453,115,31,144,0,0,0,0,0,0,0,0,-32304,0,0,0,0,0,91366,0
91339,-236,8276,662,113,123,129,-69004,-3,-4,-2,0,37453,115,31,144,0,0,0,0,0,0,0,0,-32304,0,0,0,0,0,91372,0
91344,-284,8250,682,119,126,140,-69005,6,0,-2,0,37455,117,31,144,0,0,0,0,0,0,0,0,-32304,0,0,0,0,0,91377,0
91349,-304,8256,710,121,129,149,-69005,-3,-2,-4,0,37455,117,31,144,0,0,0,0,0,0,0,0,-32304,0,0,0,0,0,91382,0
91354,-306,8220,706,129,130,146,-69005,3,-5,-2,0,37453,122,31,144,0,0,0,0,0,0,0,0,-32304,0,0,0,0,0,91388,0
91359,-310,8238,732,126,133,147,-69005,3,1,-1,0,37453,122,31,144,0,0,0,0,0,0,0,0,-32304,0,0,0,0,0,91393,0
91364,-356,8186,766,138,135,157,-69006,0,2,-2,0,37452,130,31,144,0,0,0,0,0,0,0,0,-32304,0,0,0,0,0,91398,0
91369,-366,8182,772,135,138,151,-69005,3,1,-4,0,37452,130,31,144,0,0,0,0,0,0,0,0,-32304,0,0,0,0,0,91404,0
91374,-376,8168,770,136,139,158,-69005,-2,2,-5,0,37458,126,31,144,0,0,0,0,0,0,0,0,-32304,0,0,0,0,0,91409,0
91379,-378,8172,784,138,137,158,-69005,5,5,-1,0,37458,126,31,144,0,0,0,0,0,0,0,0,-32303,0,0,0,0,0,91414,0
91384,-420,8138,798,137,138,156,-69005,-2,-3,-2,0,37458,125,31,144,0,0,0,0,0,0,0,0,-32304,0,0,0,0,0,91420,0
91389,-436,8142,796,140,138,156,-69005,2,-2,-2,0,37458,125,31,144,0,0,0,0,0,0,0,0,-32304,0,0,0,0,0,91425,0
91394,-444,8106,818,135,132,160,-69005,-2,-2,-2,0,37461,122,31,144,0,0,0,0,0,0,0,0,-32304,0,0,0,0,0,91430,0
91399,-480,8106,844,139,135,158,-69005,0,2,-2,0,37461,122,31,144,0,0,0,0,0,0,0,0,-32304,0,0,0,0,0,91436,0
91404,-488,8064,838,139,126,158,-69006,-1,-1,-1,0,37464,126,31,144,0,0,0,0,0,0,0,0,-32304,0,0,0,0,0,91441,0
91409,-528,8014,806,142,124,154,-69005,0,-2,-1,0,37464,126,31,144,0,0,0,0,0,0,0,0,-32304,0,0,0,0,0,91446,0
91414,-532,7980,830,141,126,151,-69005,0,-2,-1,0,37467,126,31,144,0,0,0,0,0,0,0,0,-32304,0,0,0,0,0,91452,0
91419,-540,7936,834,141,124,149,-69004,9,1,-1,0,37467,126,31,144,0,0,0,0,0,0,0,0,-32304,0,0,0,0,0,91457,0
91424,-540,7886,844,137,119,137,-69005,5,-4,-2,0,37464,122,31,144,0,0,0,0,0,0,0,0,-32304,0,0,0,0,0,91462,0
91429,-550,7854,816,145,114,141,-69006,3,0,-3,0,37464,122,31,144,0,0,0,0,0,0,0,0,-32304,0,0,0,0,0,91468,0
91434,-564,7866,824,142,110,133,-69004,-2,-4,-2,0,37453,115,31,144,0,0,0,0,0,0,0,0,-32304,0,0,0,0,0,91473,0
91439,-578,7852,838,139,105,129,-69004,0,1,-3,0,37453,115,31,144,0,0,0,0,0,0,0,0,-32304,0,0,0,0,0,91478,0
91444,-558,7864,826,138,98,117,-69006,1,-1,-2,0,37452,114,31,144,0,0,0,0,0,0,0,0,-32304,0,0,0,0,0,91484,0
91449,-584,7862,844,142,87,116,-69005,4,-3,-2,0,37452,114,31,144,0,0,0,0,0,0,0,0,-32304,0,0,0,0,0,91489,0
91454,-606,7890,858,147,85,114,-69005,-1,-7,-3,0,37451,115,31,144,0,0,0,0,0,0,0,0,-32304,0,0,0,0,0,91495,0
91459,-622,7888,864,136,84,112,-69005,2,3,-2,0,37451,115,31,144,0,0,0,0,0,0,0,0,-32304,0,0,0,0,0,91500,0
91464,-620,7918,880,139,74,104,-69005,2,3,-3,0,37451,116,31,144,0,0,0,0,0,0,0,0,-32304,0,0,0,0,0,91506,0
91469,-602,7908,866,143,71,99,-69005,6,-2,-2,0,37451,116,31,144,0,0,0,0,0,0,0,0,-32304,0,0,0,0,0,91511,0
91474,-574,7918,894,137,68,96,-69005,3,-1,-3,0,37450,119,31,144,0,0,0,0,0,0,0,0,-32304,0,0,0,0,0,91517,0
91479,-584,7924,894,135,61,99,-69005,5,0,-3,0,37450,119,31,144,0,0,0,0,0,0,0,0,-32304,0,0,0,0,0,91522,0
91484,-596,7932,890,133,49,88,-69006,-1,1,-2,0,37451,120,31,144,0,0,0,0,0,0,0,0,-32304,0,0,0,0,0,91527,0
91489,-594,7964,926,131,47,84,-69005,6,-2,-2,0,37451,120,31,144,0,0,0,0,0,0,0,0,-32304,0,0,0,0,0,91532,0
91494,-598,7940,908,130,46,82,-69006,-4,-2,-1,0,37452,123,31,144,0,0,0,0,0,0,0,0,-32304,0,0,0,0,0,91538,0
91499,-600,7962,896,131,38,77,-69005,-3,2,-3,0,37452,123,31,144,0,0,0,0,0,0,0,0,-32304,0,0,0,0,0,91543,0
91504,-576,7986,906,121,32,72,-69005,0,2,-2,0,37452,121,31,144,0,0,0,0,0,0,0,0,-32304,0,0,0,0,0,91549,0
91509,-602,7984,896,120,29,65,-69005,0,1,-3,0,37452,121,31,144,0,0,0,0,0,0,0,0,-32304,0,0,0,0,0,91554,0
91514,-598,7950,890,124,24,62,-69005,4,-1,-1,0,37454,122,31,144,0,0,0,0,0,0,0,0,-32304,0,0,0,0,0,91559,0
91519,-606,7976,904,117,19,62,-69005,1,1,-1,0,37454,122,31,144,0,0,0,0,0,0,0,0,-32304,0,0,0,0,0,91564,0
91524,-630,7994,912,114,17,46,-69006,-3,4,-2,0,37452,124,31,144,0,0,0,0,0,0,0,0,-32304,0,0,0,0,0,91570,0
91529,-604,8010,912,115,17,41,-69005,2,1,-2,0,37452,124,31,144,0,0,0,0,0,0,0,0,-32304,0,0,0,0,0,91575,0
91534,-610,8026,900,113,17,41,-69006,-2,2,-1,0,37450,117,31,144,0,0,0,0,0,0,0,0,-32304,0,0,0,0,0,91581,0
91539,-586,8016,898,122,11,30,-69005,6,2,-1,0,37450,117,31,144,0,0,0,0,0,0,0,0,-32304,0,0,0,0,0,91586,0
91544,-624,8032,884,118,14,21,-69006,-6,-2,-1,0,37449,107,31,144,0,0,0,0,0,0,0,0,-32304,0,0,0,0,0,91591,0
91549,-614,8036,888,114,9,18,-69004,3,1,-2,0,37449,107,31,144,0,0,0,0,0,0,0,0,-32304,0,0,0,0,0,91597,0
91554,-608,8044,896,119,12,14,-69006,0,0,-1,0,37449,112,31,144,0,0,0,0,0,0,0,0,-32304,0,0,0,0,0,91602,0
91559,-594,8074,894,118,11,12,-69005,0,6,-2,0,37449,112,31,144,0,0,0,0,0,0,0,0,-32303,0,0,0,0,0,91607,0
91564,-598,8116,916,117,9,2,-69005,4,-7,-3,0,37449,116,31,144,0,0,0,0,0,0,0,0,-32304,0,0,0,0,0,91613,0
91569,-550,8126,912,116,12,-1,-69006,-1,4,-1,0,37449,116,31,144,0,0,0,0,0,0,0,0,-32304,0,0,0,0,0,91618,0
91574,-582,8102,908,120,13,-5,-69005,-1,1,-2,0,37448,118,31,144,0,0,0,0,0,0,0,0,-32304,0,0,0,0,0,91623,0
91579,-550,8134,900,117,11,-6,-69005,0,2,-5,0,37448,118,31,144,0,0,0,0,0,0,0,0,-32303,0,0,0,0,0,91629,0
91584,-552,8096,890,114,13,-9,-69006,0,0,-3,0,37453,112,31,144,0,0,0,0,0,0,0,0,-32304,0,0,0,0,0,91634,0
91589,-520,8130,906,117,14,-7,-69005,1,-1,-1,0,37453,112,31,144,0,0,0,0,0,0,0,0,-32304,0,0,0,0,0,91639,0
91594,-526,8166,904,108,17,-9,-69005,0,4,-1,0,37456,113,31,144,0,0,0,0,0,0,0,0,-32304,0,0,0,0,0,91645,0
91599,-492,8186,904,112,17,-17,-69006,-6,-2,-2,0,37456,113,31,144,0,0,0,0,0,0,0,0,-32304,0,0,0,0,0,91650,0
91604,-526,8246,902,113,23,-13,-69006,0,-1,-2,0,37456,118,31,144,0,0,0,0,0,0,0,0,-32304,0,0,0,0,0,91655,0
91609,-498,8216,906,108,23,-16,-69005,4,-5,-2,0,37456,118,31,144,0,0,0,0,0,0,0,0,-32303,0,0,0,0,0,91661,0
91614,-536,8212,916,110,27,-15,-69006,-4,0,-3,0,37448,120,31,144,0,0,0,0,0,0,0,0,-32304,0,0,0,0,0,91666,0
91619,-522,8204,894,107,22,-16,-69006,-6,0,-3,0,37448,120,31,144,0,0,0,0,0,0,0,0,-32304,0,0,0,0,0,91671,0
91624,-514,8160,924,106,23,-19,-69006,-2,-3,-2,0,37447,117,31,144,0,0,0,0,0,0,0,0,-32304,0,0,0,0,0,91677,0
91629,-516,8182,900,105,22,-20,-69006,-2,-5,-3,0,37447,117,31,144,0,0,0,0,0,0,0,0,-32304,0,0,0,0,0,91682,0
91634,-492,8168,930,98,22,-24,-69006,-3,0,-3,0,37450,122,31,144,0,0,0,0,0,0,0,0,-32304,0,0,0,0,0,91687,0
91639,-502,8166,904,100,20,-23,-69005,1,-2,-2,0,37450,122,31,144,0,0,0,0,0,0,0,0,-32304,0,0,0,0,0,91693,0
91644,-498,8186,900,100,20,-25,-69006,2,-3,0,0,37454,128,31,144,0,0,0,0,0,0,0,0,-32304,0,0,0,0,0,91698,0
91649,-516,8142,896,102,19,-29,-69006,0,2,-2,0,37454,128,31,144,0,0,0,0,0,0,0,0,-32304,0,0,0,0,0,91703,0
91654,-490,8116,922,101,13,-22,-69006,-8,1,-1,0,37455,131,31,144,0,0,0,0,0,0,0,0,-32304,0,0,0,0,0,91709,0
91659,-476,8108,908,100,12,-29,-69007,-9,-4,-2,0,37455,131,31,144,0,0,0,0,0,0,0,0,-32304,0,0,0,0,0,91714,0
91664,-490,8044,912,103,1,-25,-69005,5,1,-1,0,37452,128,31,144,0,0,0,0,0,0,0,0,-32304,0,0,0,0,0,91719,0
91669,-454,8048,916,97,-6,-31,-69005,-5,-2,-1,0,37452,128,31,144,0,0,0,0,0,0,0,0,-32303,0,0,0,0,0,91724,0
91674,-478,7992,916,97,-9,-26,-69005,1,1,-1,0,37450,129,31,144,0,0,0,0,0,0,0,0,-32304,0,0,0,0,0,91730,0
91679,-416,8050,956,99,-12,-31,-69005,6,-4,-1,0,37450,129,31,144,0,0,0,0,0,0,0,0,-32304,0,0,0,0,0,91735,0
91684,-466,8096,952,94,-23,-25,-69004,0,3,-3,0,37452,116,31,144,0,0,0,0,0,0,0,0,-32304,0,0,0,0,0,91740,0
91689,-420,8146,932,97,-24,-25,-69006,1,-2,-5,0,37452,116,31,144,0,0,0,0,0,0,0,0,-32303,0,0,0,0,0,91746,0
91694,-428,8134,940,99,-27,-24,-69005,0,0,-1,0,37451,128,31,144,0,0,0,0,0,0,0,0,-32304,0,0,0,0,0,91751,0
91699,-434,8142,948,99,-29,-20,-69005,5,3,-3,0,37451,128,31,144,0,0,0,0,0,0,0,0,-32304,0,0,0,0,0,91756,0
91704,-466,8074,944,93,-39,-22,-69004,0,5,-2,0,37451,125,31,144,0,0,0,0,0,0,0,0,-32304,0,0,0,0,0,91762,0
91709,-454,8048,934,97,-45,-18,-69005,2,5,-1,0,37451,125,31,144,0,0,0,0,0,0,0,0,-32304,0,0,0,0,0,91767,0
91714,-416,7996,944,88,-47,-18,-69004,7,1,-2,0,37450,122,31,144,0,0,0,0,0,0,0,0,-32304,0,0,0,0,0,91772,0
91719,-436,7948,948,85,-57,-20,-69005,-2,0,-2,0,37450,122,31,144,0,0,0,0,0,0,0,0,-32304,0,0,0,0,0,91778,0
91724,-454,7880,922,83,-66,-12,-69005,-4,-1,-3,0,37449,122,31,144,0,0,0,0,0,0,0,0,-32304,0,0,0,0,0,91783,0
91729,-440,7866,928,85,-82,-6,-69005,-6,1,-2,0,37449,122,31,144,0,0,0,0,0,0,0,0,-32304,0,0,0,0,0,91788,0
91734,-418,7882,916,86,-86,-9,-69005,0,-3,-1,0,37450,119,31,144,0,0,0,0,0,0,0,0,-32304,0,0,0,0,0,91794,0
91739,-414,7932,948,82,-90,-4,-69005,-4,-7,-2,0,37450,119,31,144,0,0,0,0,0,0,0,0,-32303,0,0,0,0,0,91799,0
91744,-406,7976,934,80,-95,-1,-69006,-2,-2,-1,0,37451,123,31,144,0,0,0,0,0,0,0,0,-32304,0,0,0,0,0,91804,0
91749,-430,8012,922,84,-100,-3,-69006,-2,-4,-3,0,37451,123,31,144,0,0,0,0,0,0,0,0,-32304,0,0,0,0,0,91810,0
91754,-410,8010,912,77,-108,3,-69005,2,0,-2,0,37451,120,31,144,0,0,0,0,0,0,0,0,-32304,0,0,0,0,0,91815,0
91759,-434,8034,926,76,-106,2,-69006,-1,-2,-2,0,37451,120,31,144,0,0,0,0,0,0,0,0,-32304,0,0,0,0,0,91820,0
91764,-438,8004,942,73,-109,1,-69004,2,3,-3,0,37451,117,31,144,0,0,0,0,0,0,0,0,-32304,0,0,0,0,0,91826,0
91769,-436,7954,916,73,-106,5,-69005,-6,1,0,0,37451,117,31,144,0,0,0,0,0,0,0,0,-32304,0,0,0,0,0,91831,0
91774,-436,7928,906,69,-118,1,-69005,-4,-4,-2,0,37450,121,31,144,0,0,0,0,0,0,0,0,-32304,0,0,0,0,0,91836,0
91779,-414,7892,912,71,-116,3,-69005,1,-2,-2,0,37450,121,31,144,0,0,0,0,0,0,0,0,-32304,0,0,0,0,0,91841,0
91784,-412,7842,884,70,-131,6,-69004,6,-2,0,0,37451,124,31,144,0,0,0,0,0,0,0,0,-32304,0,0,0,0,0,91847,0
91789,-416,7826,880,74,-142,10,-69004,1,3,-2,0,37451,124,31,144,0,0,0,0,0,0,0,0,-32304,0,0,0,0,0,91852,0
91794,-364,7890,920,71,-140,9,-69006,-1,1,0,0,37454,118,31,144,0,0,0,0,0,0,0,0,-32304,0,0,0,0,0,91857,0
91799,-376,7952,896,66,-138,13,-69005,0,-1,0,0,37454,118,31,144,0,0,0,0,0,0,0,0,-32304,0,0,0,0,0,91863,0
91804,-326,8078,914,66,-133,16,-69004,3,4,-1,0,37454,120,31,144,0,0,0,0,0,0,0,0,-32304,0,0,0,0,0,91868,0
91809,-372,8056,900,65,-130,23,-69005,-2,2,-2,0,37454,120,31,144,0,0,0,0,0,0,0,0,-32303,0,0,0,0,0,91873,0
91814,-368,8122,886,61,-130,20,-69006,0,-4,-2,0,37453,125,31,144,0,0,0,0,0,0,0,0,-32304,0,0,0,0,0,91879,0
91819,-354,8130,882,62,-127,25,-69003,1,4,-1,0,37453,125,31,144,0,0,0,0,0,0,0,0,-32304,0,0,0,0,0,91884,0
91824,-368,8112,872,59,-126,25,-69007,-5,-5,-2,0,37450,132,31,144,0,0,0,0,0,0,0,0,-32304,0,0,0,0,0,91889,0
91829,-346,8082,904,61,-125,26,-69006,-3,-6,-2,0,37450,132,31,144,0,0,0,0,0,0,0,0,-32304,0,0,0,0,0,91895,0
91834,-362,8140,904,60,-126,22,-69005,3,3,0,0,37450,120,31,144,0,0,0,0,0,0,0,0,-32304,0,0,0,0,0,91900,0
91839,-362,8166,902,58,-123,30,-69005,4,-4,-1,0,37450,120,31,144,0,0,0,0,0,0,0,0,-32303,0,0,0,0,0,91905,0
91844,-354,8198,896,61,-116,28,-69004,1,5,-1,0,37451,124,31,144,0,0,0,0,0,0,0,0,-32304,0,0,0,0,0,91911,0
91849,-358,8224,876,59,-123,24,-69005,0,3,-2,0,37451,124,31,144,0,0,0,0,0,0,0,0,-32304,0,0,0,0,0,91916,0
91854,-396,8234,882,60,-117,31,-69006,-2,-2,-2,0,37452,125,31,144,0,0,0,0,0,0,0,0,-32303,0,0,0,0,0,91921,0
91859,-356,8244,884,53,-118,25,-69006,-3,1,-2,0,37452,125,31,144,0,0,0,0,0,0,0,0,-32304,0,0,0,0,0,91927,0
91864,-352,8258,870,59,-112,28,-69006,-2,-2,-1,0,37450,135,31,144,0,0,0,0,0,0,0,0,-32304,0,0,0,0,0,91932,0
91869,-340,8312,866,56,-115,26,-69006,-1,-3,-1,0,37450,135,31,144,0,0,0,0,0,0,0,0,-32303,0,0,0,0,0,91937,0
91874,-360,8294,848,54,-112,29,-69005,0,-4,0,0,37450,132,31,144,0,0,0,0,0,0,0,0,-32304,0,0,0,0,0,91942,0
91879,-380,8260,836,53,-108,32,-69005,-3,-4,-1,0,37450,132,31,144,0,0,0,0,0,0,0,0,-32304,0,0,0,0,0,91948,0
91884,-398,8242,818,62,-107,29,-69005,-3,-1,-2,0,37453,122,31,144,0,0,0,0,0,0,0,0,-32304,0,0,0,0,0,91953,0
91889,-414,8256,822,58,-106,33,-69005,2,2,-2,0,37453,122,31,144,0,0,0,0,0,0,0,0,-32304,0,0,0,0,0,91958,0
91894,-388,8272,838,63,-105,34,-69005,0,2,-2,0,37455,113,31,144,0,0,0,0,0,0,0,0,-32304,0,0,0,0,0,91964,0
91899,-398,8228,810,55,-103,28,-69004,6,5,-1,0,37455,113,31,144,0,0,0,0,0,0,0,0,-32304,0,0,0,0,0,91969,0
91904,-380,8248,838,58,-98,33,-69005,1,1,-2,0,37458,108,31,144,0,0,0,0,0,0,0,0,-32304,0,0,0,0,0,91975,0
91909,-372,8212,834,65,-92,22,-69005,-3,0,-2,0,37458,108,31,144,0,0,0,0,0,0,0,0,-32304,0,0,0,0,0,91980,0
91914,-376,8208,836,67,-83,26,-69005,-6,1,-1,0,37453,119,31,144,0,0,0,0,0,0,0,0,-32304,0,0,0,0,0,91985,0
91919,-380,8188,842,66,-84,27,-69005,-2,-4,-1,0,37453,119,31,144,0,0,0,0,0,0,0,0,-32304,0,0,0,0,0,91991,0
91924,-356,8180,856,74,-68,28,-69005,1,-1,-1,0,37449,123,31,144,0,0,0,0,0,0,0,0,-32303,0,0,0,0,0,91996,0
91929,-396,8140,824,77,-66,27,-69005,0,-2,-2,0,37449,123,31,144,0,0,0,0,0,0,0,0,-32304,0,0,0,0,0,92002,0
91934,-388,8142,820,81,-57,29,-69006,-2,3,-1,0,37443,120,31,144,0,0,0,0,0,0,0,0,-32304,0,0,0,0,0,92007,0
91939,-410,8132,860,80,-52,27,-69005,0,2,-2,0,37443,120,31,144,0,0,0,0,0,0,0,0,-32304,0,0,0,0,0,92013,0
91944,-412,8074,836,83,-48,29,-69006,-1,-3,-1,0,37440,113,31,144,0,0,0,0,0,0,0,0,-32304,0,0,0,0,0,92018,0
91949,-384,8058,850,84,-41,32,-69006,0,3,-2,0,37440,113,31,144,0,0,0,0,0,0,0,0,-32304,0,0,0,0,0,92024,0
91954,-432,8060,862,91,-35,33,-69005,1,1,-2,0,37442,118,31,144,0,0,0,0,0,0,0,0,-32304,0,0,0,0,0,92029,0
91959,-422,8042,856,82,-42,34,-69004,1,0,-2,0,37442,118,31,144,0,0,0,0,0,0,0,0,-32303,0,0,0,0,0,92034,0
91964,-450,8026,866,90,-26,33,-69005,-1,-1,-2,0,37444,119,31,144,0,0,0,0,0,0,0,0,-32303,0,0,0,0,0,92040,0
91969,-416,8020,886,97,-26,29,-69005,4,-5,-1,0,37444,119,31,144,0,0,0,0,0,0,0,0,-32304,0,0,0,0,0,92045,0
91974,-438,8024,874,94,-18,36,-69004,0,-3,-1,0,37449,119,31,144,0,0,0,0,0,0,0,0,-32304,0,0,0,0,0,92050,0
91979,-450,8040,898,93,-23,31,-69006,-2,1,-2,0,37449,119,31,144,0,0,0,0,0,0,0,0,-32303,0,0,0,0,0,92055,0
91984,-446,8044,902,91,-9,30,-69005,1,-1,-1,0,37449,111,31,144,0,0,0,0,0,0,0,0,-32304,0,0,0,0,0,92061,0
91989,-454,8020,922,97,-5,29,-69004,3,-5,-3,0,37449,111,31,144,0,0,0,0,0,0,0,0,-32304,0,0,0,0,0,92066,0
91994,-452,8044,936,93,-6,31,-69005,-2,-2,-3,0,37449,117,31,144,0,0,0,0,0,0,0,0,-32304,0,0,0,0,0,92071,0
91999,-454,8034,930,97,-4,29,-69005,2,2,-2,0,37449,117,31,144,0,0,0,0,0,0,0,0,-32304,0,0,0,0,0,92077,0
92004,-436,8030,946,92,7,27,-69005,0,-8,0,0,37450,125,31,144,0,0,0,0,0,0,0,0,-32303,0,0,0,0,0,92082,0
92009,-450,8044,948,88,11,29,-69005,5,-2,-3,0,37450,125,31,144,0,0,0,0,0,0,0,0,-32304,0,0,0,0,0,92087,0
92014,-470,7996,944,87,12,21,-69006,0,-1,-5,0,37454,123,31,144,0,0,0,0,0,0,0,0,-32304,0,0,0,0,0,92093,0
92019,-464,7990,972,88,11,23,-69004,1,-5,-3,0,37454,123,31,144,0,0,0,0,0,0,0,0,-32303,0,0,0,0,0,92098,0
92024,-446,7978,968,81,14,22,-69005,1,2,-3,0,37455,118,31,144,0,0,0,0,0,0,0,0,-32304,0,0,0,0,0,92103,0
92029,-476,7972,966,85,16,23,-69004,-2,1,-2,0,37455,118,31,144,0,0,0,0,0,0,0,0,-32304,0,0,0,0,0,92109,0
92034,-456,7992,978,78,23,20,-69004,7,-6,0,0,37455,115,31,144,0,0,0,0,0,0,0,0,-32304,0,0,0,0,0,92114,0
92039,-464,7960,980,72,27,17,-69005,-3,1,-1,0,37455,115,31,144,0,0,0,0,0,0,0,0,-32304,0,0,0,0,0,92119,0
92044,-472,7998,974,71,35,17,-69006,2,-3,-2,0,37450,115,31,144,0,0,0,0,0,0,0,0,-32304,0,0,0,0,0,92125,0
92049,-498,8000,978,71,39,8,-69007,-1,-1,-3,0,37450,115,31,144,0,0,0,0,0,0,0,0,-32304,0,0,0,0,0,92130,0
92054,-480,7994,972,64,36,8,-69005,-9,2,-3,0,37449,119,31,144,0,0,0,0,0,0,0,0,-32304,0,0,0,0,0,92135,0
92059,-464,8030,986,65,41,5,-69005,-2,-3,-3,0,37449,119,31,144,0,0,0,0,0,0,0,0,-32303,0,0,0,0,0,92141,0
92064,-480,8036,962,53,48,4,-69006,-2,5,-3,0,37448,127,31,144,0,0,0,0,0,0,0,0,-32303,0,0,0,0,0,92146,0
92069,-516,8052,956,54,50,-2,-69006,0,-3,-2,0,37448,127,31,144,0,0,0,0,0,0,0,0,-32304,0,0,0,0,0,92151,0
92074,-496,8030,982,50,48,-5,-69005,10,0,-1,0,37446,127,31,144,0,0,0,0,0,0,0,0,-32304,0,0,0,0,0,92157,0
92079,-502,8088,970,46,49,-12,-69006,-8,4,-3,0,37446,127,31,144,0,0,0,0,0,0,0,0,-32304,0,0,0,0,0,92162,0
92084,-472,8094,956,32,48,-18,-69005,-3,0,-1,0,37449,127,31,144,0,0,0,0,0,0,0,0,-32304,0,0,0,0,0,92167,0
92089,-466,8096,982,28,51,-17,-69005,-1,-3,-3,0,37449,127,31,144,0,0,0,0,0,0,0,0,-32304,0,0,0,0,0,92173,0
92094,-452,8098,964,30,51,-22,-69006,1,4,-1,0,37447,121,31,144,0,0,0,0,0,0,0,0,-32304,0,0,0,0,0,92178,0
92099,-450,8074,944,19,58,-19,-69005,3,-5,-1,0,37447,121,31,144,0,0,0,0,0,0,0,0,-32303,0,0,0,0,0,92183,0
92104,-430,8058,932,13,52,-29,-69004,-2,-1,-1,0,37452,119,31,144,0,0,0,0,0,0,0,0,-32304,0,0,0,0,0,92189,0
92109,-450,8084,910,8,54,-26,-69005,0,1,-2,0,37452,119,31,144,0,0,0,0,0,0,0,0,-32304,0,0,0,0,0,92194,0
92114,-442,8116,920,-1,50,-29,-69005,5,3,-4,0,37457,125,31,144,0,0,0,0,0,0,0,0,-32304,0,0,0,0,0,92199,0
92119,-416,8134,896,1,56,-29,-69006,-9,-2,-2,0,37457,125,31,144,0,0,0,0,0,0,0,0,-32304,0,0,0,0,0,92205,0
92124,-406,8120,874,-3,59,-28,-69005,0,-3,-2,0,37459,117,31,144,0,0,0,0,0,0,0,0,-32304,0,0,0,0,0,92210,0
92129,-408,8142,872,-8,58,-23,-69006,-6,0,-1,0,37459,117,31,144,0,0,0,0,0,0,0,0,-32304,0,0,0,0,0,92215,0
92134,-424,8170,846,-9,56,-26,-69004,3,2,-2,0,37456,122,31,144,0,0,0,0,0,0,0,0,-32304,0,0,0,0,0,92221,0
92139,-418,8138,840,-6,57,-26,-69005,-2,0,-2,0,37456,122,31,144,0,0,0,0,0,0,0,0,-32303,0,0,0,0,0,92226,0
92144,-394,8130,830,-1,61,-21,-69004,5,5,-2,0,37451,127,31,144,0,0,0,0,0,0,0,0,-32304,0,0,0,0,0,92231,0
92149,-382,8136,804,1,67,-19,-69005,5,-3,-2,0,37451,127,31,144,0,0,0,0,0,0,0,0,-32304,0,0,0,0,0,92236,0
92154,-398,8094,802,6,66,-12,-69006,5,2,-2,0,37451,134,31,144,0,0,0,0,0,0,0,0,-32304,0,0,0,0,0,92242,0
92159,-392,8134,784,4,71,-16,-69004,2,-5,-1,0,37451,134,31,144,0,0,0,0,0,0,0,0,-32304,0,0,0,0,0,92247,0
92164,-414,8112,776,21,63,-14,-69005,5,1,-2,0,37450,132,31,144,0,0,0,0,0,0,0,0,-32304,0,0,0,0,0,92252,0
92169,-382,8100,754,23,65,-12,-69005,5,-1,-1,0,37450,132,31,144,0,0,0,0,0,0,0,0,-32304,0,0,0,0,0,92258,0
92174,-418,8092,742,26,63,-8,-69005,-5,-3,-1,0,37451,128,31,144,0,0,0,0,0,0,0,0,-32305,0,0,0,0,0,92263,0
92179,-394,8068,756,27,67,-8,-69005,0,-3,-2,0,37451,128,31,144,0,0,0,0,0,0,0,0,-32305,0,0,0,0,0,92268,0
92184,-406,8054,776,43,55,0,-69006,-10,-3,-3,0,37450,118,31,144,0,0,0,0,0,0,0,0,-32304,0,0,0,0,0,92274,0
92189,-408,8012,756,49,61,1,-69004,3,-1,-1,0,37450,118,31,144,0,0,0,0,0,0,0,0,-32304,0,0,0,0,0,92279,0
92194,-382,8040,782,49,58,2,-69005,9,0,-1,0,37451,126,31,144,0,0,0,0,0,0,0,0,-32304,0,0,0,0,0,92284,0
92199,-384,8088,830,52,57,5,-69005,-4,6,-3,0,37451,126,31,144,0,0,0,0,0,0,0,0,-32304,0,0,0,0,0,92290,0
92204,-386,8158,820,62,58,11,-69004,1,-5,-3,0,37450,121,31,144,0,0,0,0,0,0,0,0,-32304,0,0,0,0,0,92295,0
92209,-406,8166,814,59,60,14,-69005,-3,-2,-2,0,37450,121,31,144,0,0,0,0,0,0,0,0,-32304,0,0,0,0,0,92300,0
92214,-408,8168,836,68,54,12,-69006,-5,-1,-2,0,37452,123,31,144,0,0,0,0,0,0,0,0,-32303,0,0,0,0,0,92306,0
92219,-408,8182,838,65,58,15,-69005,-3,-4,0,0,37452,123,31,144,0,0,0,0,0,0,0,0,-32304,0,0,0,0,0,92311,0
92224,-404,8122,864,69,60,15,-69006,-1,6,-1,0,37453,129,31,144,0,0,0,0,0,0,0,0,-32304,0,0,0,0,0,92316,0
92229,-388,8134,866,70,56,18,-69004,3,5,-2,0,37453,129,31,144,0,0,0,0,0,0,0,0,-32303,0,0,0,0,0,92322,0
92234,-410,8086,868,70,53,20,-69005,3,2,-2,0,37453,129,31,144,0,0,0,0,0,0,0,0,-32304,0,0,0,0,0,92327,0
92239,-398,8078,870,64,49,17,-69005,1,4,-1,0,37453,129,31,144,0,0,0,0,0,0,0,0,-32303,0,0,0,0,0,92332,0
92244,-428,8088,902,57,52,25,-69005,-5,-2,-1,0,37453,126,31,144,0,0,0,0,0,0,0,0,-32304,0,0,0,0,0,92337,0
92249,-420,8110,904,66,48,26,-69006,-4,2,-2,0,37453,126,31,144,0,0,0,0,0,0,0,0,-32304,0,0,0,0,0,92343,0
92254,-416,8174,924,58,51,27,-69005,1,-1,0,0,37452,120,31,144,0,0,0,0,0,0,0,0,-32303,0,0,0,0,0,92348,0
92259,-404,8180,910,63,50,27,-69005,5,-1,0,0,37452,120,31,144,0,0,0,0,0,0,0,0,-32303,0,0,0,0,0,92353,0
92264,-440,8186,892,58,54,24,-69005,1,3,-2,0,37453,122,31,144,0,0,0,0,0,0,0,0,-32304,0,0,0,0,0,92359,0
92269,-436,8172,896,48,52,26,-69004,10,6,-4,0,37453,122,31,144,0,0,0,0,0,0,0,0,-32304,0,0,0,0,0,92364,0
92274,-442,8164,896,50,58,24,-69005,5,-1,-3,0,37452,121,31,144,0,0,0,0,0,0,0,0,-32304,0,0,0,0,0,92369,0
92279,-442,8126,890,50,56,26,-69005,10,2,-3,0,37452,121,31,144,0,0,0,0,0,0,0,0,-32304,0,0,0,0,0,92375,0
92284,-414,8040,898,40,54,25,-69006,-2,-4,-2,0,37451,116,31,144,0,0,0,0,0,0,0,0,-32304,0,0,0,0,0,92380,0
92289,-444,8016,894,45,48,32,-69005,5,2,0,0,37451,116,31,144,0,0,0,0,0,0,0,0,-32303,0,0,0,0,0,92385,0
92294,-444,8022,900,40,42,33,-69005,1,-2,-1,0,37451,119,31,144,0,0,0,0,0,0,0,0,-32303,0,0,0,0,0,92391,0
92299,-462,8006,918,42,41,34,-69005,2,1,-1,0,37451,119,31,144,0,0,0,0,0,0,0,0,-32304,0,0,0,0,0,92396,0
92304,-474,8050,892,41,38,38,-69005,-3,-2,-1,0,37452,125,31,144,0,0,0,0,0,0,0,0,-32303,0,0,0,0,0,92401,0
92309,-456,8054,904,48,36,42,-69006,-4,-3,-2,0,37452,125,31,144,0,0,0,0,0,0,0,0,-32304,0,0,0,0,0,92407,0
92314,-472,8024,890,45,42,42,-69006,-7,-2,-1,0,37453,130,31,144,0,0,0,0,0,0,0,0,-32304,0,0,0,0,0,92412,0
92319,-490,8034,882,43,34,49,-69005,1,-2,-1,0,37453,130,31,144,0,0,0,0,0,0,0,0,-32304,0,0,0,0,0,92417,0
92324,-510,7944,838,49,29,46,-69004,3,0,-3,0,37456,122,31,144,0,0,0,0,0,0,0,0,-32304,0,0,0,0,0,92423,0
92329,-514,7924,842,52,29,51,-69005,0,4,-2,0,37456,122,31,144,0,0,0,0,0,0,0,0,-32304,0,0,0,0,0,92428,0
92334,-502,7874,818,53,19,58,-69005,0,-3,-2,0,37457,115,31,144,0,0,0,0,0,0,0,0,-32304,0,0,0,0,0,92433,0
92339,-534,7842,800,58,14,57,-69004,-3,-3,-3,0,37457,115,31,144,0,0,0,0,0,0,0,0,-32303,0,0,0,0,0,92439,0
92344,-588,7822,816,63,2,68,-69005,-3,-2,-2,0,37459,113,31,144,0,0,0,0,0,0,0,0,-32304,0,0,0,0,0,92444,0
92349,-594,7844,794,70,1,69,-69004,8,3,-2,0,37459,113,31,144,0,0,0,0,0,0,0,0,-32304,0,0,0,0,0,92449,0
92354,-596,7844,780,80,-4,70,-69005,2,-1,-3,0,37456,111,31,144,0,0,0,0,0,0,0,0,-32304,0,0,0,0,0,92455,0
92359,-602,7828,776,81,-7,66,-69005,0,0,-4,0,37456,111,31,144,0,0,0,0,0,0,0,0,-32304,0,0,0,0,0,92460,0
92364,-612,7876,752,97,-13,69,-69006,-5,0,-3,0,37455,116,31,144,0,0,0,0,0,0,0,0,-32304,0,0,0,0,0,92465,0
92369,-624,7876,784,99,-19,65,-69005,-3,1,-3,0,37455,116,31,144,0,0,0,0,0,0,0,0,-32303,0,0,0,0,0,92470,0
92374,-652,7896,794,98,-18,68,-69006,3,-2,-2,0,37452,114,31,144,0,0,0,0,0,0,0,0,-32304,0,0,0,0,0,92476,0
92379,-632,7886,792,111,-20,65,-69004,4,-2,-2,0,37452,114,31,144,0,0,0,0,0,0,0,0,-32304,0,0,0,0,0,92481,0
92384,-666,7904,806,122,-30,58,-69005,0,-1,-2,0,37451,119,31,144,0,0,0,0,0,0,0,0,-32304,0,0,0,0,0,92486,0
92389,-654,7918,838,121,-31,50,-69006,-2,5,-2,0,37451,119,31,144,0,0,0,0,0,0,0,0,-32304,0,0,0,0,0,92492,0
92394,-650,7936,810,122,-39,53,-69006,0,0,-1,0,37452,117,31,144,0,0,0,0,0,0,0,0,-32304,0,0,0,0,0,92497,0
92399,-682,7958,852,114,-41,38,-69005,-1,-5,-1,0,37452,117,31,144,0,0,0,0,0,0,0,0,-32304,0,0,0,0,0,92502,0
92404,-626,7994,862,116,-40,26,-69006,0,2,0,0,37453,114,31,144,0,0,0,0,0,0,0,0,-32304,0,0,0,0,0,92508,0
92409,-658,8018,870,113,-47,19,-69005,-1,1,-2,0,37453,114,31,144,0,0,0,0,0,0,0,0,-32304,0,0,0,0,0,92513,0
92414,-620,8048,878,113,-49,14,-69006,0,4,-2,0,37452,113,31,144,0,0,0,0,0,0,0,0,-32304,0,0,0,0,0,92518,0
92419,-656,8098,880,101,-49,14,-69005,-2,0,-2,0,37452,113,31,144,0,0,0,0,0,0,0,0,-32304,0,0,0,0,0,92524,0
92424,-618,8110,916,101,-40,-3,-69005,0,0,-1,0,37455,122,31,144,0,0,0,0,0,0,0,0,-32304,0,0,0,0,0,92529,0
92429,-602,8130,904,89,-46,-15,-69005,0,2,0,0,37455,122,31,144,0,0,0,0,0,0,0,0,-32304,0,0,0,0,0,92534,0
92434,-616,8124,892,88,-45,-17,-69005,-1,2,-2,0,37455,124,31,144,0,0,0,0,0,0,0,0,-32303,0,0,0,0,0,92540,0
92439,-588,8150,912,83,-42,-26,-69005,0,-2,-2,0,37455,124,31,144,0,0,0,0,0,0,0,0,-32304,0,0,0,0,0,92545,0
92444,-560,8140,878,74,-36,-35,-69004,1,-2,-1,0,37457,126,31,144,0,0,0,0,0,0,0,0,-32303,0,0,0,0,0,92550,0
92449,-546,8162,866,63,-40,-39,-69006,0,3,-2,0,37457,126,31,144,0,0,0,0,0,0,0,0,-32303,0,0,0,0,0,92556,0
92454,-554,8164,856,54,-39,-45,-69006,-5,2,-2,0,37454,134,31,144,0,0,0,0,0,0,0,0,-32304,0,0,0,0,0,92562,0
92459,-524,8126,864,57,-41,-52,-69005,7,-1,-1,0,37454,134,31,144,0,0,0,0,0,0,0,0,-32304,0,0,0,0,0,92567,0
92464,-496,8134,838,48,-44,-56,-69006,0,1,0,0,37450,118,31,144,0,0,0,0,0,0,0,0,-32304,0,0,0,0,0,92573,0
92469,-474,8108,814,47,-48,-59,-69005,1,2,-1,0,37450,118,31,144,0,0,0,0,0,0,0,0,-32304,0,0,0,0,0,92578,0
92474,-460,8114,824,51,-51,-56,-69006,2,-2,-3,0,37450,117,31,144,0,0,0,0,0,0,0,0,-32304,0,0,0,0,0,92583,0
92479,-466,8144,796,46,-39,-58,-69005,0,5,-3,0,37450,117,31,144,0,0,0,0,0,0,0,0,-32304,0,0,0,0,0,92589,0
92484,-456,8120,788,51,-49,-59,-69005,-1,-3,-3,0,37450,124,31,144,0,0,0,0,0,0,0,0,-32304,0,0,0,0,0,92594,0
92489,-456,8114,776,51,-47,-54,-69005,-3,0,-3,0,37450,124,31,144,0,0,0,0,0,0,0,0,-32304,0,0,0,0,0,92599,0
92494,-452,8100,744,52,-51,-52,-69006,-8,-2,-3,0,37452,123,31,144,0,0,0,0,0,0,0,0,-32303,0,0,0,0,0,92605,0
92499,-446,8050,754,55,-51,-54,-69005,-4,0,-3,0,37452,123,31,144,0,0,0,0,0,0,0,0,-32303,0,0,0,0,0,92610,0
92504,-410,8044,740,66,-55,-44,-69005,3,4,-2,0,37450,121,31,144,0,0,0,0,0,0,0,0,-32304,0,0,0,0,0,92615,0
92509,-426,8080,736,66,-62,-40,-69005,5,1,-2,0,37450,121,31,144,0,0,0,0,0,0,0,0,-32304,0,0,0,0,0,92621,0
92514,-414,8070,752,73,-60,-35,-69005,6,-1,-2,0,37451,123,31,144,0,0,0,0,0,0,0,0,-32303,0,0,0,0,0,92626,0
92519,-404,8054,728,69,-64,-34,-69006,1,2,-2,0,37451,123,31,144,0,0,0,0,0,0,0,0,-32304,0,0,0,0,0,92631,0
92524,-446,8068,746,78,-62,-25,-69006,-1,1,-2,0,37451,126,31,144,0,0,0,0,0,0,0,0,-32303,0,0,0,0,0,92637,0
92529,-410,8054,734,84,-71,-25,-69005,-5,-4,-4,0,37451,126,31,144,0,0,0,0,0,0,0,0,-32303,0,0,0,0,0,92642,0
92534,-424,8054,752,87,-65,-18,-69005,0,-2,-4,0,37454,120,31,144,0,0,0,0,0,0,0,0,-32304,0,0,0,0,0,92647,0
92539,-436,8102,764,83,-70,-12,-69006,1,2,-2,0,37454,120,31,144,0,0,0,0,0,0,0,0,-32303,0,0,0,0,0,92653,0
92544,-422,8130,800,95,-62,-7,-69004,5,-3,-1,0,37449,109,31,144,0,0,0,0,0,0,0,0,-32304,0,0,0,0,0,92658,0
92549,-438,8150,772,90,-68,-6,-69004,-4,-4,-3,0,37449,109,31,144,0,0,0,0,0,0,0,0,-32304,0,0,0,0,0,92664,0
92554,-434,8158,800,97,-66,-2,-69004,0,0,-2,0,37446,107,31,144,0,0,0,0,0,0,0,0,-32304,0,0,0,0,0,92669,0
92559,-456,8140,782,90,-64,-2,-69006,-6,0,-2,0,37446,107,31,144,0,0,0,0,0,0,0,0,-32303,0,0,0,0,0,92674,0
92564,-432,8146,796,96,-67,3,-69007,-15,0,-1,0,37444,115,31,144,0,0,0,0,0,0,0,0,-32303,0,0,0,0,0,92680,0
92569,-442,8106,836,93,-62,8,-69005,-8,-3,-1,0,37444,115,31,144,0,0,0,0,0,0,0,0,-32304,0,0,0,0,0,92685,0
92574,-442,8112,828,92,-65,6,-69006,-3,2,-2,0,37447,125,31,144,0,0,0,0,0,0,0,0,-32304,0,0,0,0,0,92690,0
92579,-438,8114,824,95,-61,10,-69005,6,3,-4,0,37447,125,31,144,0,0,0,0,0,0,0,0,-32304,0,0,0,0,0,92696,0
92584,-438,8192,878,93,-59,17,-69005,1,4,-2,0,37451,120,31,144,0,0,0,0,0,0,0,0,-32304,0,0,0,0,0,92701,0
92589,-448,8222,866,97,-59,13,-69006,-4,3,-2,0,37451,120,31,144,0,0,0,0,0,0,0,0,-32303,0,0,0,0,0,92706,0
92594,-450,8252,864,92,-59,13,-69006,-5,0,-1,0,37453,116,31,144,0,0,0,0,0,0,0,0,-32304,0,0,0,0,0,92712,0
92599,-466,8230,856,94,-63,14,-69005,-5,3,-1,0,37453,116,31,144,0,0,0,0,0,0,0,0,-32304,0,0,0,0,0,92717,0
92604,-442,8212,860,95,-61,15,-69005,0,-2,-1,0,37452,111,31,144,0,0,0,0,0,0,0,0,-32304,0,0,0,0,0,92722,0
92609,-452,8194,874,95,-59,17,-69005,4,-2,-1,0,37452,111,31,144,0,0,0,0,0,0,0,0,-32304,0,0,0,0,0,92728,0
92614,-468,8200,868,94,-56,21,-69006,-7,-4,-1,0,37450,112,31,144,0,0,0,0,0,0,0,0,-32304,0,0,0,0,0,92733,0
92619,-452,8160,874,89,-58,16,-69005,-1,4,-2,0,37450,112,31,144,0,0,0,0,0,0,0,0,-32304,0,0,0,0,0,92738,0
92624,-460,8138,906,93,-63,16,-69005,2,-2,-1,0,37447,114,31,144,0,0,0,0,0,0,0,0,-32303,0,0,0,0,0,92744,0
92629,-430,8108,908,85,-59,10,-69005,-2,1,-1,0,37447,114,31,144,0,0,0,0,0,0,0,0,-32304,0,0,0,0,0,92749,0
92634,-458,8128,916,86,-60,9,-69006,0,-5,-2,0,37451,108,31,144,0,0,0,0,0,0,0,0,-32304,0,0,0,0,0,92754,0
92639,-464,8154,904,86,-72,13,-69006,-2,-1,-2,0,37451,108,31,144,0,0,0,0,0,0,0,0,-32303,0,0,0,0,0,92759,0
92644,-482,8176,944,74,-75,12,-69005,0,2,-2,0,37453,108,31,144,0,0,0,0,0,0,0,0,-32304,0,0,0,0,0,92765,0
92649,-422,8184,932,69,-74,15,-69006,0,-3,-3,0,37453,108,31,144,0,0,0,0,0,0,0,0,-32303,0,0,0,0,0,92770,0
92654,-466,8178,946,66,-78,15,-69005,-1,2,-1,0,37456,110,31,144,0,0,0,0,0,0,0,0,-32304,0,0,0,0,0,92775,0
92659,-448,8208,946,66,-68,17,-69006,0,-3,0,0,37456,110,31,144,0,0,0,0,0,0,0,0,-32304,0,0,0,0,0,92781,0
92664,-396,8204,952,58,-76,16,-69005,0,-3,-1,0,37457,123,31,144,0,0,0,0,0,0,0,0,-32304,0,0,0,0,0,92786,0
92669,-438,8186,978,50,-71,23,-69005,2,0,-1,0,37457,123,31,144,0,0,0,0,0,0,0,0,-32303,0,0,0,0,0,92791,0
92674,-430,8170,950,53,-71,17,-69005,3,0,-1,0,37457,134,31,144,0,0,0,0,0,0,0,0,-32304,0,0,0,0,0,92797,0
92679,-446,8158,960,52,-69,24,-69006,0,-1,-1,0,37457,134,31,144,0,0,0,0,0,0,0,0,-32304,0,0,0,0,0,92802,0
92684,-418,8152,942,40,-64,26,-69005,0,-3,-1,0,37468,127,31,144,0,0,0,0,0,0,0,0,-32304,0,0,0,0,0,92807,0
92689,-440,8136,960,44,-69,24,-69004,3,2,0,0,37468,127,31,144,0,0,0,0,0,0,0,0,-32304,0,0,0,0,0,92813,0
92694,-420,8124,968,37,-77,28,-69005,-2,2,-1,0,37480,125,31,144,0,0,0,0,0,0,0,0,-32304,0,0,0,0,0,92818,0
92699,-460,8100,964,33,-76,31,-69004,3,1,-1,0,37480,125,31,144,0,0,0,0,0,0,0,0,-32303,0,0,0,0,0,92823,0
92704,-470,8110,942,27,-84,33,-69004,0,1,-2,0,37476,132,31,144,0,0,0,0,0,0,0,0,-32304,0,0,0,0,0,92829,0
92709,-456,8088,948,31,-97,38,-69004,6,3,-3,0,37476,132,31,144,0,0,0,0,0,0,0,0,-32304,0,0,0,0,0,92834,0
92714,-482,8090,952,31,-104,41,-69005,5,-2,-2,0,37461,129,31,144,0,0,0,0,0,0,0,0,-32304,0,0,0,0,0,92839,0
92719,-510,8098,950,23,-110,43,-69005,4,2,-1,0,37461,129,31,144,0,0,0,0,0,0,0,0,-32303,0,0,0,0,0,92845,0
92724,-530,8080,922,27,-125,40,-69006,0,2,0,0,37449,119,31,144,0,0,0,0,0,0,0,0,-32304,0,0,0,0,0,92850,0
92729,-528,8084,940,21,-128,49,-69005,3,1,-1,0,37449,119,31,144,0,0,0,0,0,0,0,0,-32304,0,0,0,0,0,92855,0
92734,-572,8068,932,15,-142,45,-69005,4,2,-1,0,37448,114,31,144,0,0,0,0,0,0,0,0,-32304,0,0,0,0,0,92861,0
92739,-548,8018,920,28,-141,47,-69005,-2,3,-2,0,37448,114,31,144,0,0,0,0,0,0,0,0,-32304,0,0,0,0,0,92866,0
92744,-586,8014,902,22,-147,49,-69005,-5,1,-2,0,37457,112,31,144,0,0,0,0,0,0,0,0,-32304,0,0,0,0,0,92871,0
92749,-576,8024,896,12,-152,48,-69005,5,-4,-3,0,37457,112,31,144,0,0,0,0,0,0,0,0,-32304,0,0,0,0,0,92876,0
92754,-572,8026,904,15,-159,49,-69004,-1,0,-2,0,37456,119,31,144,0,0,0,0,0,0,0,0,-32304,0,0,0,0,0,92882,0
92759,-540,8026,890,16,-153,42,-69007,-8,-3,-2,0,37456,119,31,144,0,0,0,0,0,0,0,0,-32303,0,0,0,0,0,92887,0
92764,-552,8034,880,11,-154,45,-69005,0,0,-2,0,37456,115,31,144,0,0,0,0,0,0,0,0,-32304,0,0,0,0,0,92892,0
92769,-582,8060,894,9,-154,39,-69006,-3,0,-2,0,37456,115,31,144,0,0,0,0,0,0,0,0,-32304,0,0,0,0,0,92898,0
92774,-564,8094,884,12,-154,35,-69006,-1,-3,-1,0,37451,118,31,144,0,0,0,0,0,0,0,0,-32304,0,0,0,0,0,92903,0
92779,-542,8098,862,16,-155,34,-69006,-2,0,-3,0,37451,118,31,144,0,0,0,0,0,0,0,0,-32304,0,0,0,0,0,92908,0
92784,-554,8138,878,15,-148,31,-69006,-7,-3,-2,0,37452,115,31,144,0,0,0,0,0,0,0,0,-32304,0,0,0,0,0,92914,0
92789,-566,8128,880,2,-148,28,-69006,0,0,-2,0,37452,115,31,144,0,0,0,0,0,0,0,0,-32304,0,0,0,0,0,92919,0
92794,-540,8140,880,13,-143,27,-69005,0,2,-2,0,37452,129,31,144,0,0,0,0,0,0,0,0,-32304,0,0,0,0,0,92924,0
92799,-552,8154,876,0,-145,25,-69005,2,-1,-3,0,37452,129,31,144,0,0,0,0,0,0,0,0,-32304,0,0,0,0,0,92930,0
92804,-526,8106,874,2,-130,19,-69006,0,-1,-3,0,37452,131,31,144,0,0,0,0,0,0,0,0,-32304,0,0,0,0,0,92935,0
92809,-528,8118,866,3,-130,17,-69005,2,1,-1,0,37452,131,31,144,0,0,0,0,0,0,0,0,-32303,0,0,0,0,0,92940,0
92814,-510,8106,870,3,-119,15,-69005,-4,3,0,0,37454,133,31,144,0,0,0,0,0,0,0,0,-32304,0,0,0,0,0,92946,0
92819,-492,8066,880,1,-113,10,-69005,5,2,-2,0,37454,133,31,144,0,0,0,0,0,0,0,0,-32304,0,0,0,0,0,92951,0
92824,-470,8052,842,-3,-100,5,-69005,3,-1,-2,0,37458,119,31,144,0,0,0,0,0,0,0,0,-32304,0,0,0,0,0,92956,0
92829,-462,8008,852,5,-95,-7,-69005,3,-1,-3,0,37458,119,31,144,0,0,0,0,0,0,0,0,-32304,0,0,0,0,0,92962,0
92834,-464,7988,848,-2,-86,-3,-69006,-3,-1,-2,0,37457,112,31,144,0,0,0,0,0,0,0,0,-32304,0,0,0,0,0,92967,0
92839,-432,7982,838,-1,-84,-5,-69006,0,-2,-3,0,37457,112,31,144,0,0,0,0,0,0,0,0,-32304,0,0,0,0,0,92972,0
92844,-428,7940,822,2,-67,-10,-69007,-8,-4,-4,0,37455,113,31,144,0,0,0,0,0,0,0,0,-32304,0,0,0,0,0,92978,0
92849,-404,7918,796,5,-56,-11,-69006,-3,0,-3,0,37455,113,31,144,0,0,0,0,0,0,0,0,-32303,0,0,0,0,0,92983,0
92854,-414,7924,808,0,-53,-14,-69006,-6,-7,-2,0,37454,124,31,144,0,0,0,0,0,0,0,0,-32304,0,0,0,0,0,92988,0
92859,-420,7906,782,5,-55,-14,-69006,0,-4,-1,0,37454,124,31,144,0,0,0,0,0,0,0,0,-32304,0,0,0,0,0,92994,0
92864,-438,7850,778,10,-49,-9,-69006,-1,-2,-1,0,37454,127,31,144,0,0,0,0,0,0,0,0,-32304,0,0,0,0,0,92999,0
92869,-424,7848,782,12,-44,-5,-69006,-7,1,-1,0,37454,127,31,144,0,0,0,0,0,0,0,0,-32304,0,0,0,0,0,93004,0
92874,-426,7810,762,16,-52,-1,-69005,-4,0,-3,0,37450,125,31,144,0,0,0,0,0,0,0,0,-32303,0,0,0,0,0,93009,0
92879,-380,7808,754,19,-47,1,-69005,0,0,-2,0,37450,125,31,144,0,0,0,0,0,0,0,0,-32303,0,0,0,0,0,93015,0
92884,-396,7820,762,25,-48,8,-69006,-4,0,-1,0,37449,120,31,144,0,0,0,0,0,0,0,0,-32304,0,0,0,0,0,93020,0
92889,-406,7818,778,29,-58,15,-69005,-4,1,-3,0,37449,120,31,144,0,0,0,0,0,0,0,0,-32304,0,0,0,0,0,93025,0
92894,-392,7788,762,29,-56,21,-69005,3,-4,-2,0,37450,121,31,144,0,0,0,0,0,0,0,0,-32304,0,0,0,0,0,93031,0
92899,-396,7776,756,34,-62,23,-69005,2,2,-2,0,37450,121,31,144,0,0,0,0,0,0,0,0,-32303,0,0,0,0,0,93036,0
92904,-404,7802,764,39,-65,40,-69006,-1,-1,-2,0,37451,117,31,144,0,0,0,0,0,0,0,0,-32304,0,0,0,0,0,93041,0
92909,-368,7838,770,41,-66,50,-69004,4,0,-2,0,37451,117,31,144,0,0,0,0,0,0,0,0,-32304,0,0,0,0,0,93047,0
92914,-386,7878,784,42,-66,53,-69006,-1,1,-2,0,37451,117,31,144,0,0,0,0,0,0,0,0,-32304,0,0,0,0,0,93052,0
92919,-368,7936,768,38,-67,52,-69006,-1,2,-3,0,37451,117,31,144,0,0,0,0,0,0,0,0,-32304,0,0,0,0,0,93057,0
92924,-416,7996,784,43,-72,62,-69005,2,-4,-2,0,37450,120,31,144,0,0,0,0,0,0,0,0,-32304,0,0,0,0,0,93063,0
92929,-434,7980,774,46,-74,62,-69005,6,2,-1,0,37450,120,31,144,0,0,0,0,0,0,0,0,-32304,0,0,0,0,0,93068,0
92934,-432,8036,770,43,-76,63,-69005,1,2,0,0,37451,120,31,144,0,0,0,0,0,0,0,0,-32304,0,0,0,0,0,93073,0
92939,-446,8056,778,52,-73,68,-69005,-1,-1,0,0,37451,120,31,144,0,0,0,0,0,0,0,0,-32304,0,0,0,0,0,93079,0
92944,-434,8106,766,58,-71,67,-69005,0,-3,0,0,37456,123,31,144,0,0,0,0,0,0,0,0,-32304,0,0,0,0,0,93085,0
92949,-470,8164,784,52,-70,66,-69006,-11,-2,-2,0,37456,123,31,144,0,0,0,0,0,0,0,0,-32304,0,0,0,0,0,93090,0
92954,-458,8172,776,52,-74,64,-69005,4,-3,-2,0,37456,123,31,144,0,0,0,0,0,0,0,0,-32304,0,0,0,0,0,93095,0
92959,-442,8192,770,50,-73,64,-69004,0,-4,-1,0,37456,123,31,144,0,0,0,0,0,0,0,0,-32304,0,0,0,0,0,93100,0
92964,-420,8216,756,52,-70,63,-69004,6,-3,-1,0,37457,126,31,144,0,0,0,0,0,0,0,0,-32304,0,0,0,0,0,93106,0
92969,-430,8196,772,58,-66,55,-69006,-1,1,-2,0,37457,126,31,144,0,0,0,0,0,0,0,0,-32304,0,0,0,0,0,93111,0
92974,-440,8228,756,55,-68,50,-69005,5,2,-4,0,37451,128,31,144,0,0,0,0,0,0,0,0,-32304,0,0,0,0,0,93116,0
92979,-410,8234,774,56,-57,51,-69004,11,-3,-4,0,37451,128,31,144,0,0,0,0,0,0,0,0,-32304,0,0,0,0,0,93122,0
92984,-402,8272,730,61,-36,39,-69005,2,6,-2,0,37452,123,31,144,0,0,0,0,0,0,0,0,-32304,0,0,0,0,0,93127,0
92989,-424,8274,766,61,-34,33,-69005,5,0,-1,0,37452,123,31,144,0,0,0,0,0,0,0,0,-32304,0,0,0,0,0,93132,0
92994,-436,8228,760,62,-26,33,-69005,1,-2,0,0,37452,122,31,144,0,0,0,0,0,0,0,0,-32304,0,0,0,0,0,93138,0
92999,-440,8268,746,63,-25,28,-69005,4,1,-1,0,37452,122,31,144,0,0,0,0,0,0,0,0,-32304,0,0,0,0,0,93143,0
93004,-408,8220,738,73,-6,20,-69005,3,1,-2,0,37452,123,31,144,0,0,0,0,0,0,0,0,-32304,0,0,0,0,0,93148,0
93009,-400,8220,738,76,3,20,-69004,5,0,-1,0,37452,123,31,144,0,0,0,0,0,0,0,0,-32304,0,0,0,0,0,93154,0
93014,-394,8224,736,73,12,17,-69006,0,-3,0,0,37448,125,31,144,0,0,0,0,0,0,0,0,-32304,0,0,0,0,0,93159,0
93019,-360,8206,746,79,17,16,-69005,-1,-3,-2,0,37448,125,31,144,0,0,0,0,0,0,0,0,-32304,0,0,0,0,0,93164,0
93024,-392,8138,742,91,27,12,-69005,-8,-3,-2,0,37446,127,31,144,0,0,0,0,0,0,0,0,-32304,0,0,0,0,0,93170,0
93029,-386,8084,718,87,23,7,-69005,5,3,-2,0,37446,127,31,144,0,0,0,0,0,0,0,0,-32304,0,0,0,0,0,93175,0
93034,-364,8064,736,94,28,11,-69005,3,1,-2,0,37449,133,31,144,0,0,0,0,0,0,0,0,-32304,0,0,0,0,0,93180,0
93039,-358,8024,734,99,37,4,-69005,-6,-3,0,0,37449,133,31,144,0,0,0,0,0,0,0,0,-32304,0,0,0,0,0,93186,0
93044,-316,7992,750,115,45,8,-69005,1,2,-3,0,37462,123,31,144,0,0,0,0,0,0,0,0,-32304,0,0,0,0,0,93191,0
93049,-292,8004,724,108,47,8,-69004,2,3,-5,0,37462,123,31,144,0,0,0,0,0,0,0,0,-32304,0,0,0,0,0,93196,0
93054,-284,8008,750,115,50,10,-69005,0,-3,-2,0,37465,118,31,144,0,0,0,0,0,0,0,0,-32304,0,0,0,0,0,93202,0
93059,-302,8010,738,117,48,7,-69005,0,1,-2,0,37465,118,31,144,0,0,0,0,0,0,0,0,-32304,0,0,0,0,0,93207,0
93064,-272,8000,768,126,61,16,-69004,5,2,-3,0,37462,110,31,144,0,0,0,0,0,0,0,0,-32304,0,0,0,0,0,93212,0
93069,-278,8008,776,126,61,19,-69005,0,1,-1,0,37462,110,31,144,0,0,0,0,0,0,0,0,-32304,0,0,0,0,0,93218,0
93074,-244,8000,784,138,68,21,-69006,0,1,0,0,37455,115,31,144,0,0,0,0,0,0,0,0,-32304,0,0,0,0,0,93223,0
93079,-252,7990,788,135,72,29,-69005,-1,-4,-2,0,37455,115,31,144,0,0,0,0,0,0,0,0,-32304,0,0,0,0,0,93228,0
93084,-254,8026,794,140,78,38,-69005,2,0,-3,0,37453,113,31,144,0,0,0,0,0,0,0,0,-32304,0,0,0,0,0,93233,0
93089,-236,8046,794,138,83,48,-69005,-1,1,-1,0,37453,113,31,144,0,0,0,0,0,0,0,0,-32304,0,0,0,0,0,93239,0
93094,-246,8038,792,141,81,53,-69004,9,0,-1,0,37454,121,31,144,0,0,0,0,0,0,0,0,-32304,0,0,0,0,0,93244,0
93099,-246,8026,794,144,78,56,-69005,1,-1,-3,0,37454,121,31,144,0,0,0,0,0,0,0,0,-32304,0,0,0,0,0,93250,0
93104,-272,8016,814,148,81,68,-69006,0,0,-2,0,37453,122,31,144,0,0,0,0,0,0,0,0,-32304,0,0,0,0,0,93255,0
93109,-234,8032,800,148,79,72,-69004,1,-5,-2,0,37453,122,31,144,0,0,0,0,0,0,0,0,-32304,0,0,0,0,0,93260,0
93114,-234,8044,834,149,79,87,-69005,2,1,-1,0,37451,121,31,144,0,0,0,0,0,0,0,0,-32304,0,0,0,0,0,93265,0
93119,-240,8058,810,156,78,88,-69005,1,0,-3,0,37451,121,31,144,0,0,0,0,0,0,0,0,-32304,0,0,0,0,0,93271,0
93124,-280,8106,858,162,77,95,-69004,4,-3,-2,0,37452,114,31,144,0,0,0,0,0,0,0,0,-32304,0,0,0,0,0,93276,0
93129,-262,8046,860,158,75,103,-69004,10,-4,-2,0,37452,114,31,144,0,0,0,0,0,0,0,0,-32304,0,0,0,0,0,93281,0
93134,-288,8074,868,154,70,107,-69005,2,0,-2,0,37451,110,31,144,0,0,0,0,0,0,0,0,-32304,0,0,0,0,0,93287,0
93139,-272,8050,872,155,70,109,-69006,3,-3,-1,0,37451,110,31,144,0,0,0,0,0,0,0,0,-32303,0,0,0,0,0,93292,0
93144,-288,8052,892,151,72,118,-69005,0,-3,-2,0,37450,119,31,144,0,0,0,0,0,0,0,0,-32304,0,0,0,0,0,93297,0
93149,-298,8048,900,159,68,119,-69005,-4,0,-3,0,37450,119,31,144,0,0,0,0,0,0,0,0,-32304,0,0,0,0,0,93303,0
93154,-282,8054,906,158,74,122,-69004,4,-2,-6,0,37452,131,31,144,0,0,0,0,0,0,0,0,-32304,0,0,0,0,0,93308,0
93159,-316,8068,938,154,68,126,-69005,-1,-3,-2,0,37452,131,31,144,0,0,0,0,0,0,0,0,-32303,0,0,0,0,0,93313,0
93164,-322,8042,910,150,63,125,-69005,1,4,-3,0,37453,126,31,144,0,0,0,0,0,0,0,0,-32304,0,0,0,0,0,93319,0
93169,-336,8030,936,158,58,132,-69005,3,-4,-2,0,37453,126,31,144,0,0,0,0,0,0,0,0,-32303,0,0,0,0,0,93324,0
93174,-338,8052,942,148,55,133,-69005,-4,1,-1,0,37455,128,31,144,0,0,0,0,0,0,0,0,-32304,0,0,0,0,0,93329,0
93179,-362,8024,952,149,59,136,-69005,1,-3,-1,0,37455,128,31,144,0,0,0,0,0,0,0,0,-32305,0,0,0,0,0,93335,0
93184,-352,8076,952,150,49,136,-69005,3,-2,-1,0,37454,124,31,144,0,0,0,0,0,0,0,0,-32304,0,0,0,0,0,93340,0
93189,-354,8100,954,145,40,138,-69005,3,-1,-3,0,37454,124,31,144,0,0,0,0,0,0,0,0,-32304,0,0,0,0,0,93345,0
93194,-376,8126,962,149,38,142,-69005,0,2,-2,0,37453,123,31,144,0,0,0,0,0,0,0,0,-32304,0,0,0,0,0,93351,0
93199,-400,8124,948,143,35,142,-69005,-6,-1,-1,0,37453,123,31,144,0,0,0,0,0,0,0,0,-32304,0,0,0,0,0,93356,0
93204,-386,8156,1002,136,27,147,-69004,5,1,-1,0,37453,123,31,144,0,0,0,0,0,0,0,0,-32304,0,0,0,0,0,93361,0
93209,-394,8194,1020,132,21,152,-69005,-4,-2,0,0,37453,123,31,144,0,0,0,0,0,0,0,0,-32304,0,0,0,0,0,93367,0
93214,-386,8214,1020,134,21,151,-69005,3,1,-2,0,37452,114,31,144,0,0,0,0,0,0,0,0,-32304,0,0,0,0,0,93372,0
93219,-384,8166,996,129,18,150,-69005,5,-2,-2,0,37452,114,31,144,0,0,0,0,0,0,0,0,-32304,0,0,0,0,0,93377,0
93224,-370,8200,1020,128,10,151,-69005,2,5,-1,0,37451,111,31,144,0,0,0,0,0,0,0,0,-32304,0,0,0,0,0,93382,0
93229,-380,8190,1046,120,9,157,-69005,3,1,-2,0,37451,111,31,144,0,0,0,0,0,0,0,0,-32303,0,0,0,0,0,93388,0
93234,-390,8218,1054,130,7,157,-69005,-2,-1,-2,0,37451,106,31,144,0,0,0,0,0,0,0,0,-32304,0,0,0,0,0,93393,0
93239,-380,8190,1054,124,6,157,-69004,2,-1,-2,0,37451,106,31,144,0,0,0,0,0,0,0,0,-32304,0,0,0,0,0,93398,0
93244,-400,8176,1062,114,0,159,-69006,0,0,-1,0,37449,100,31,144,0,0,0,0,0,0,0,0,-32304,0,0,0,0,0,93404,0
93249,-382,8172,1080,115,2,152,-69005,-1,4,-3,0,37449,100,31,144,0,0,0,0,0,0,0,0,-32304,0,0,0,0,0,93409,0
93254,-372,8146,1046,104,1,151,-69006,-1,-4,-1,0,37454,109,31,144,0,0,0,0,0,0,0,0,-32303,0,0,0,0,0,93414,0
93259,-390,8152,1044,101,1,154,-69005,0,4,-1,0,37454,109,31,144,0,0,0,0,0,0,0,0,-32304,0,0,0,0,0,93420,0
93264,-444,8122,1042,98,-3,151,-69005,3,-1,-2,0,37455,115,31,144,0,0,0,0,0,0,0,0,-32304,0,0,0,0,0,93425,0
93269,-422,8136,1040,85,-11,152,-69005,3,0,-2,0,37455,115,31,144,0,0,0,0,0,0,0,0,-32304,0,0,0,0,0,93430,0
93274,-444,8108,1022,84,-10,144,-69005,-1,2,-1,0,37456,121,31,144,0,0,0,0,0,0,0,0,-32303,0,0,0,0,0,93436,0
93279,-452,8116,1034,86,-15,148,-69006,2,-1,-3,0,37456,121,31,144,0,0,0,0,0,0,0,0,-32304,0,0,0,0,0,93441,0
93284,-472,8090,1038,82,-22,142,-69005,-3,0,-2,0,37455,113,31,144,0,0,0,0,0,0,0,0,-32304,0,0,0,0,0,93446,0
93289,-454,8088,1030,80,-24,141,-69006,-4,-6,-2,0,37455,113,31,144,0,0,0,0,0,0,0,0,-32304,0,0,0,0,0,93452,0
93294,-498,8078,1034,80,-31,134,-69006,-1,0,-1,0,37457,117,31,144,0,0,0,0,0,0,0,0,-32304,0,0,0,0,0,93457,0
93299,-474,8070,1032,75,-31,131,-69004,6,3,-2,0,37457,117,31,144,0,0,0,0,0,0,0,0,-32304,0,0,0,0,0,93462,0
93304,-460,8040,1006,71,-41,130,-69005,3,4,-1,0,37456,121,31,144,0,0,0,0,0,0,0,0,-32304,0,0,0,0,0,93468,0
93309,-476,8030,1016,67,-46,124,-69006,-2,3,0,0,37456,121,31,144,0,0,0,0,0,0,0,0,-32304,0,0,0,0,0,93473,0
93314,-480,8016,1016,67,-48,119,-69005,-3,0,0,0,37452,126,31,144,0,0,0,0,0,0,0,0,-32304,0,0,0,0,0,93478,0
93319,-468,8020,1046,59,-50,119,-69005,3,0,-1,0,37452,126,31,144,0,0,0,0,0,0,0,0,-32304,0,0,0,0,0,93483,0
93324,-464,8040,1014,60,-46,110,-69007,-7,2,-2,0,37452,121,31,144,0,0,0,0,0,0,0,0,-32304,0,0,0,0,0,93489,0
93329,-480,8054,1026,55,-49,103,-69005,0,-2,-2,0,37452,121,31,144,0,0,0,0,0,0,0,0,-32304,0,0,0,0,0,93494,0
93334,-450,8050,1008,55,-51,108,-69005,-2,1,-2,0,37452,115,31,144,0,0,0,0,0,0,0,0,-32304,0,0,0,0,0,93499,0
93339,-478,8054,1012,54,-52,104,-69004,7,4,-1,0,37452,115,31,144,0,0,0,0,0,0,0,0,-32304,0,0,0,0,0,93505,0
93344,-444,8080,1032,50,-41,98,-69005,1,-1,-2,0,37453,110,31,144,0,0,0,0,0,0,0,0,-32304,0,0,0,0,0,93510,0
93349,-468,8074,1006,52,-43,98,-69006,-1,-2,-3,0,37453,110,31,144,0,0,0,0,0,0,0,0,-32304,0,0,0,0,0,93515,0
93354,-480,8110,1042,47,-38,94,-69006,-7,-2,-4,0,37458,105,31,144,0,0,0,0,0,0,0,0,-32303,0,0,0,0,0,93521,0
93359,-448,8136,1016,41,-28,94,-69005,3,-1,-3,0,37458,105,31,144,0,0,0,0,0,0,0,0,-32304,0,0,0,0,0,93526,0
93364,-492,8134,1022,33,-27,94,-69005,0,-1,-3,0,37455,109,31,144,0,0,0,0,0,0,0,0,-32304,0,0,0,0,0,93531,0
93369,-484,8116,1004,39,-21,87,-69005,-1,1,-1,0,37455,109,31,144,0,0,0,0,0,0,0,0,-32303,0,0,0,0,0,93537,0
93374,-494,8084,990,36,-20,92,-69005,-3,2,-1,0,37455,113,31,144,0,0,0,0,0,0,0,0,-32304,0,0,0,0,0,93542,0
93379,-508,8072,988,34,-20,88,-69005,2,2,-5,0,37455,113,31,144,0,0,0,0,0,0,0,0,-32304,0,0,0,0,0,93547,0
93384,-478,8106,974,29,-14,86,-69006,-1,1,-3,0,37451,115,31,144,0,0,0,0,0,0,0,0,-32303,0,0,0,0,0,93553,0
93389,-494,8096,994,22,-11,85,-69006,-2,4,0,0,37451,115,31,144,0,0,0,0,0,0,0,0,-32304,0,0,0,0,0,93558,0
93394,-498,8076,972,22,-6,85,-69005,-1,0,-1,0,37451,113,31,144,0,0,0,0,0,0,0,0,-32303,0,0,0,0,0,93563,0
93399,-510,8064,988,25,-4,82,-69005,0,3,-3,0,37451,113,31,144,0,0,0,0,0,0,0,0,-32303,0,0,0,0,0,93569,0
93404,-530,8018,972,12,-3,74,-69004,4,3,-1,0,37453,120,31,144,0,0,0,0,0,0,0,0,-32303,0,0,0,0,0,93574,0
93409,-518,8060,946,21,4,72,-69005,0,0,0,0,37453,120,31,144,0,0,0,0,0,0,0,0,-32303,0,0,0,0,0,93579,0
93414,-526,8036,976,7,9,67,-69007,-4,-2,-1,0,37454,125,31,144,0,0,0,0,0,0,0,0,-32304,0,0,0,0,0,93585,0
93419,-518,8042,956,14,17,66,-69006,-2,2,-3,0,37454,125,31,144,0,0,0,0,0,0,0,0,-32304,0,0,0,0,0,93590,0
93424,-548,8066,940,8,31,59,-69004,0,1,-2,0,37454,122,31,144,0,0,0,0,0,0,0,0,-32304,0,0,0,0,0,93595,0
93429,-554,8066,922,12,33,59,-69006,1,5,-3,0,37454,122,31,144,0,0,0,0,0,0,0,0,-32304,0,0,0,0,0,93600,0
93434,-538,8010,920,9,36,50,-69005,1,2,-3,0,37453,113,31,144,0,0,0,0,0,0,0,0,-32304,0,0,0,0,0,93606,0
93439,-522,8018,950,10,42,47,-69006,-1,-2,-2,0,37453,113,31,144,0,0,0,0,0,0,0,0,-32303,0,0,0,0,0,93611,0
93444,-538,8056,938,3,47,39,-69006,1,2,-1,0,37452,117,31,144,0,0,0,0,0,0,0,0,-32304,0,0,0,0,0,93616,0
93449,-520,8054,930,1,56,33,-69005,1,1,-3,0,37452,117,31,144,0,0,0,0,0,0,0,0,-32304,0,0,0,0,0,93622,0
93454,-510,8052,948,-2,64,27,-69006,-8,0,-2,0,37454,120,31,144,0,0,0,0,0,0,0,0,-32304,0,0,0,0,0,93628,0
93459,-518,8084,906,1,67,22,-69005,-4,4,-3,0,37454,120,31,144,0,0,0,0,0,0,0,0,-32304,0,0,0,0,0,93633,0
93464,-528,8050,910,-5,72,14,-69006,-2,-1,-2,0,37457,123,31,144,0,0,0,0,0,0,0,0,-32304,0,0,0,0,0,93639,0
93469,-520,8068,900,-5,75,15,-69005,0,2,-2,0,37457,123,31,144,0,0,0,0,0,0,0,0,-32304,0,0,0,0,0,93644,0
93474,-508,8024,882,-7,70,7,-69006,-6,-3,-1,0,37457,124,31,144,0,0,0,0,0,0,0,0,-32304,0,0,0,0,0,93649,0
93479,-480,8004,864,-4,81,4,-69005,9,2,-2,0,37457,124,31,144,0,0,0,0,0,0,0,0,-32304,0,0,0,0,0,93655,0
93484,-502,7976,848,-1,81,-1,-69005,-3,1,0,0,37455,120,31,144,0,0,0,0,0,0,0,0,-32304,0,0,0,0,0,93660,0
93489,-478,8008,862,-2,89,-8,-69004,3,3,-1,0,37455,120,31,144,0,0,0,0,0,0,0,0,-32304,0,0,0,0,0,93665,0
93494,-466,8018,864,3,75,-10,-69005,1,-2,-2,0,37449,119,31,144,0,0,0,0,0,0,0,0,-32304,0,0,0,0,0,93671,0
93499,-498,8026,856,0,82,-11,-69005,1,-1,-2,0,37449,119,31,144,0,0,0,0,0,0,0,0,-32304,0,0,0,0,0,93676,0
93504,-502,8024,854,-2,81,-18,-69005,4,-8,0,0,37450,118,31,144,0,0,0,0,0,0,0,0,-32304,0,0,0,0,0,93681,0
93509,-484,8010,836,3,79,-19,-69005,7,5,-2,0,37450,118,31,144,0,0,0,0,0,0,0,0,-32304,0,0,0,0,0,93687,0
93514,-482,8022,840,9,75,-17,-69006,-7,-1,-3,0,37452,120,31,144,0,0,0,0,0,0,0,0,-32304,0,0,0,0,0,93692,0
93519,-466,8004,826,6,78,-22,-69007,-9,-4,-2,0,37452,120,31,144,0,0,0,0,0,0,0,0,-32304,0,0,0,0,0,93697,0
93524,-466,8036,846,7,72,-27,-69004,0,-5,-2,0,37454,113,31,144,0,0,0,0,0,0,0,0,-32304,0,0,0,0,0,93703,0
93529,-450,7994,828,13,64,-27,-69006,0,1,-2,0,37454,113,31,144,0,0,0,0,0,0,0,0,-32304,0,0,0,0,0,93708,0
93534,-442,8018,872,14,60,-24,-69005,3,3,-3,0,37453,103,31,144,0,0,0,0,0,0,0,0,-32304,0,0,0,0,0,93713,0
93539,-436,8010,862,14,58,-23,-69006,-2,-1,-1,0,37453,103,31,144,0,0,0,0,0,0,0,0,-32303,0,0,0,0,0,93718,0
93544,-432,8030,882,16,52,-25,-69006,0,2,-1,0,37453,102,31,144,0,0,0,0,0,0,0,0,-32304,0,0,0,0,0,93723,0
93549,-432,8030,890,13,51,-28,-69006,-5,3,-1,0,37453,102,31,144,0,0,0,0,0,0,0,0,-32303,0,0,0,0,0,93728,0
93554,-422,8014,882,19,45,-24,-69005,-1,-2,-1,0,37453,104,31,144,0,0,0,0,0,0,0,0,-32304,0,0,0,0,0,93733,0
93559,-400,8024,896,17,41,-25,-69006,-1,2,-2,0,37453,104,31,144,0,0,0,0,0,0,0,0,-32303,0,0,0,0,0,93738,0
93564,-404,8050,890,16,33,-24,-69005,-2,0,-6,0,37457,109,31,144,0,0,0,0,0,0,0,0,-32304,0,0,0,0,0,93743,0
93569,-408,8050,868,12,24,-19,-69005,5,-2,-5,0,37457,109,31,144,0,0,0,0,0,0,0,0,-32303,0,0,0,0,0,93748,0
93574,-370,8044,864,16,26,-20,-69006,0,0,-3,0,37455,108,31,144,0,0,0,0,0,0,0,0,-32304,0,0,0,0,0,93753,0
93579,-376,8054,870,12,24,-21,-69005,-1,3,-4,0,37455,108,31,144,0,0,0,0,0,0,0,0,-32303,0,0,0,0,0,93758,0
93584,-412,8060,856,17,12,-19,-69005,-3,-2,-2,0,37455,107,31,144,0,0,0,0,0,0,0,0,-32304,0,0,0,0,0,93763,0
93589,-374,8052,864,16,8,-18,-69006,-5,2,0,0,37455,107,31,144,0,0,0,0,0,0,0,0,-32304,0,0,0,0,0,93768,0
93594,-390,8054,862,15,6,-17,-69004,1,2,-1,0,37451,109,31,144,0,0,0,0,0,0,0,0,-32303,0,0,0,0,0,93773,0
93599,-398,8032,858,18,2,-22,-69005,7,0,-3,0,37451,109,31,144,0,0,0,0,0,0,0,0,-32304,0,0,0,0,0,93779,0
93604,-398,8074,876,12,-11,-14,-69005,-1,2,-2,0,37448,119,31,144,0,0,0,0,0,0,0,0,-32304,0,0,0,0,0,93783,0
93609,-376,8072,868,16,-11,-12,-69005,0,3,-1,0,37448,119,31,144,0,0,0,0,0,0,0,0,-32304,0,0,0,0,0,93788,0
93614,-372,8086,868,16,-12,-16,-69005,0,2,-2,0,37445,123,31,144,0,0,0,0,0,0,0,0,-32303,0,0,0,0,0,93793,0
93619,-368,8094,850,13,-13,-11,-69004,1,2,-3,0,37445,123,31,144,0,0,0,0,0,0,0,0,-32303,0,0,0,0,0,93798,0
93624,-402,8120,844,10,-17,-14,-69004,10,-1,-3,0,37446,123,31,144,0,0,0,0,0,0,0,0,-32304,0,0,0,0,0,93803,0
93629,-382,8096,846,18,-17,-9,-69005,5,-1,-1,0,37446,123,31,144,0,0,0,0,0,0,0,0,-32304,0,0,0,0,0,93808,0
93634,-400,8078,838,14,-16,-12,-69005,3,2,-1,0,37450,112,31,144,0,0,0,0,0,0,0,0,-32304,0,0,0,0,0,93813,0
93639,-400,8090,810,16,-19,-9,-69005,4,-1,-1,0,37450,112,31,144,0,0,0,0,0,0,0,0,-32304,0,0,0,0,0,93818,0
93644,-376,8086,842,17,-28,-13,-69005,1,-1,-1,0,37452,111,31,144,0,0,0,0,0,0,0,0,-32304,0,0,0,0,0,93823,0
93649,-376,8094,820,19,-23,-7,-69007,-10,-3,-1,0,37452,111,31,144,0,0,0,0,0,0,0,0,-32303,0,0,0,0,0,93828,0
93654,-382,8112,842,27,-30,-11,-69006,-5,-5,-1,0,37452,110,31,144,0,0,0,0,0,0,0,0,-32304,0,0,0,0,0,93833,0
93659,-398,8150,826,21,-31,-10,-69004,9,3,-1,0,37452,110,31,144,0,0,0,0,0,0,0,0,-32304,0,0,0,0,0,93838,0
93664,-378,8170,838,30,-42,-7,-69005,4,0,-3,0,37448,111,31,144,0,0,0,0,0,0,0,0,-32304,0,0,0,0,0,93843,0
93669,-402,8132,822,28,-38,-3,-69005,6,2,0,0,37448,111,31,144,0,0,0,0,0,0,0,0,-32304,0,0,0,0,0,93848,0
93674,-338,8160,828,30,-41,-7,-69006,-1,3,-1,0,37449,124,31,144,0,0,0,0,0,0,0,0,-32304,0,0,0,0,0,93853,0
93679,-396,8150,816,26,-38,-7,-69006,-2,-1,-3,0,37449,124,31,144,0,0,0,0,0,0,0,0,-32303,0,0,0,0,0,93858,0
93684,-380,8166,828,34,-46,-5,-69005,3,3,-2,0,37448,129,31,144,0,0,0,0,0,0,0,0,-32304,0,0,0,0,0,93863,0
93689,-356,8136,814,40,-44,-1,-69005,4,-2,-3,0,37448,129,31,144,0,0,0,0,0,0,0,0,-32304,0,0,0,0,0,93868,0
93694,-384,8172,830,42,-49,1,-69006,-3,-1,-3,0,37447,128,31,144,0,0,0,0,0,0,0,0,-32304,0,0,0,0,0,93873,0
93699,-364,8196,822,44,-53,4,-69004,0,4,-3,0,37447,128,31,144,0,0,0,0,0,0,0,0,-32303,0,0,0,0,0,93878,0
93704,-380,8176,804,54,-54,8,-69005,3,-2,-3,0,37450,118,31,144,0,0,0,0,0,0,0,0,-32304,0,0,0,0,0,93883,0
93709,-368,8184,780,54,-58,12,-69005,-5,-2,-2,0,37450,118,31,144,0,0,0,0,0,0,0,0,-32304,0,0,0,0,0,93888,0
93714,-370,8184,774,57,-62,10,-69006,-1,1,-2,0,37451,120,31,144,0,0,0,0,0,0,0,0,-32304,0,0,0,0,0,93893,0
93719,-354,8162,810,63,-57,17,-69005,4,0,-4,0,37451,120,31,144,0,0,0,0,0,0,0,0,-32304,0,0,0,0,0,93898,0
93724,-352,8172,794,68,-63,20,-69005,5,1,-2,0,37451,116,31,144,0,0,0,0,0,0,0,0,-32304,0,0,0,0,0,93903,0
93729,-360,8128,806,75,-69,25,-69005,-2,0,-3,0,37451,116,31,144,0,0,0,0,0,0,0,0,-32304,0,0,0,0,0,93908,0
93734,-376,8142,822,80,-71,26,-69004,0,6,-2,0,37452,119,31,144,0,0,0,0,0,0,0,0,-32304,0,0,0,0,0,93913,0
93739,-368,8086,842,87,-72,32,-69006,-3,-1,-1,0,37452,119,31,144,0,0,0,0,0,0,0,0,-32304,0,0,0,0,0,93918,0
93744,-378,8108,852,90,-72,38,-69006,-3,-4,-1,0,37454,118,31,144,0,0,0,0,0,0,0,0,-32304,0,0,0,0,0,93923,0
93749,-402,8100,874,91,-72,35,-69006,-1,-4,-1,0,37454,118,31,144,0,0,0,0,0,0,0,0,-32304,0,0,0,0,0,93928,0
93754,-392,8082,872,101,-68,41,-69004,0,2,-2,0,37456,120,31,144,0,0,0,0,0,0,0,0,-32304,0,0,0,0,0,93933,0
93759,-404,8066,894,100,-75,40,-69006,-7,-1,-1,0,37456,120,31,144,0,0,0,0,0,0,0,0,-32304,0,0,0,0,0,93938,0
93764,-428,8042,884,102,-75,39,-69006,-2,-4,-2,0,37458,117,31,144,0,0,0,0,0,0,0,0,-32303,0,0,0,0,0,93943,0
93769,-428,8052,908,102,-60,40,-69005,0,-2,-2,0,37458,117,31,144,0,0,0,0,0,0,0,0,-32304,0,0,0,0,0,93948,0
93774,-440,8036,934,101,-64,38,-69005,-4,-2,-4,0,37461,109,31,144,0,0,0,0,0,0,0,0,-32304,0,0,0,0,0,93953,0
93779,-422,8018,908,95,-54,37,-69005,-5,1,-4,0,37461,109,31,144,0,0,0,0,0,0,0,0,-32304,0,0,0,0,0,93958,0
93784,-452,7982,906,106,-58,32,-69005,0,-4,-1,0,37458,107,31,144,0,0,0,0,0,0,0,0,-32304,0,0,0,0,0,93963,0
93789,-446,7974,912,103,-55,33,-69005,8,-1,0,0,37458,107,31,144,0,0,0,0,0,0,0,0,-32304,0,0,0,0,0,93968,0
93794,-480,7986,920,100,-51,31,-69005,1,2,-3,0,37458,111,31,144,0,0,0,0,0,0,0,0,-32304,0,0,0,0,0,93973,0
93799,-434,7994,936,102,-42,30,-69006,1,0,-3,0,37458,111,31,144,0,0,0,0,0,0,0,0,-32304,0,0,0,0,0,93978,0
93804,-468,8032,956,102,-35,30,-69006,-1,1,-1,0,37455,108,31,144,0,0,0,0,0,0,0,0,-32303,0,0,0,0,0,93983,0
93809,-470,8016,926,99,-34,28,-69004,0,3,-1,0,37455,108,31,144,0,0,0,0,0,0,0,0,-32304,0,0,0,0,0,93988,0
93814,-450,8004,930,95,-24,24,-69005,5,0,-2,0,37457,118,31,144,0,0,0,0,0,0,0,0,-32304,0,0,0,0,0,93993,0
93819,-446,8014,946,88,-22,22,-69005,3,0,-3,0,37457,118,31,144,0,0,0,0,0,0,0,0,-32304,0,0,0,0,0,93998,0
93824,-454,7998,954,83,-14,19,-69005,-7,-1,-3,0,37455,118,31,144,0,0,0,0,0,0,0,0,-32304,0,0,0,0,0,94003,0
93829,-442,7950,938,84,-13,17,-69006,-5,-3,-2,0,37455,118,31,144,0,0,0,0,0,0,0,0,-32303,0,0,0,0,0,94008,0
93834,-424,7952,934,78,-11,18,-69004,4,2,-1,0,37454,113,31,144,0,0,0,0,0,0,0,0,-32303,0,0,0,0,0,94013,0
93839,-424,7930,938,77,-1,13,-69004,0,0,-2,0,37454,113,31,144,0,0,0,0,0,0,0,0,-32303,0,0,0,0,0,94018,0
93844,-430,7928,938,71,10,7,-69006,-3,-2,-1,0,37453,108,31,144,0,0,0,0,0,0,0,0,-32304,0,0,0,0,0,94023,0
93849,-412,7950,944,68,15,4,-69004,2,2,-1,0,37453,108,31,144,0,0,0,0,0,0,0,0,-32304,0,0,0,0,0,94028,0
93854,-426,7976,956,67,19,3,-69007,-4,-8,-3,0,37454,102,31,144,0,0,0,0,0,0,0,0,-32304,0,0,0,0,0,94033,0
93859,-418,7934,960,66,23,0,-69005,0,2,-3,0,37454,102,31,144,0,0,0,0,0,0,0,0,-32304,0,0,0,0,0,94038,0
93864,-430,7960,914,60,26,-7,-69006,2,-2,-2,0,37452,110,31,144,0,0,0,0,0,0,0,0,-32304,0,0,0,0,0,94043,0
93869,-406,7936,932,59,35,-12,-69006,0,3,-1,0,37452,110,31,144,0,0,0,0,0,0,0,0,-32304,0,0,0,0,0,94048,0
93874,-404,7970,916,57,38,-13,-69004,1,4,-2,0,37451,106,31,144,0,0,0,0,0,0,0,0,-32303,0,0,0,0,0,94053,0
93879,-392,7988,908,53,41,-16,-69006,-3,-2,0,0,37451,106,31,144,0,0,0,0,0,0,0,0,-32303,0,0,0,0,0,94058,0
93884,-374,7994,894,55,45,-22,-69005,-2,2,0,0,37456,105,31,144,0,0,0,0,0,0,0,0,-32303,0,0,0,0,0,94063,0
93889,-370,7986,856,54,40,-23,-69006,-1,-3,-1,0,37456,105,31,144,0,0,0,0,0,0,0,0,-32303,0,0,0,0,0,94068,0
93894,-396,7976,858,55,42,-32,-69006,0,-2,-1,0,37459,110,31,144,0,0,0,0,0,0,0,0,-32304,0,0,0,0,0,94073,0
93899,-376,7962,858,57,42,-32,-69004,3,1,-2,0,37459,110,31,144,0,0,0,0,0,0,0,0,-32304,0,0,0,0,0,94078,0
93904,-334,8036,838,57,42,-30,-69006,-5,-1,-2,0,37459,110,31,144,0,0,0,0,0,0,0,0,-32304,0,0,0,0,0,94083,0
93909,-376,8030,834,61,43,-26,-69004,3,0,-2,0,37459,110,31,144,0,0,0,0,0,0,0,0,-32304,0,0,0,0,0,94088,0
93914,-322,8040,836,61,44,-27,-69005,-1,-4,-2,0,37453,111,31,144,0,0,0,0,0,0,0,0,-32304,0,0,0,0,0,94093,0
93919,-306,8056,838,57,44,-27,-69006,-1,0,-2,0,37453,111,31,144,0,0,0,0,0,0,0,0,-32304,0,0,0,0,0,94098,0
93924,-332,8062,810,65,47,-26,-69005,0,-1,-2,0,37451,115,31,144,0,0,0,0,0,0,0,0,-32304,0,0,0,0,0,94103,0
93929,-310,8052,820,68,43,-21,-69006,-4,1,-2,0,37451,115,31,144,0,0,0,0,0,0,0,0,-32304,0,0,0,0,0,94108,0
93934,-314,8078,842,76,42,-15,-69006,-7,-2,-3,0,37453,114,31,144,0,0,0,0,0,0,0,0,-32304,0,0,0,0,0,94113,0
93939,-300,8058,806,70,47,-11,-69005,-10,0,-2,0,37453,114,31,144,0,0,0,0,0,0,0,0,-32304,0,0,0,0,0,94118,0
93944,-318,8062,802,77,39,-13,-69004,4,4,-1,0,37455,122,31,144,0,0,0,0,0,0,0,0,-32304,0,0,0,0,0,94123,0
93949,-318,8092,804,76,38,-7,-69005,3,4,-3,0,37455,122,31,144,0,0,0,0,0,0,0,0,-32304,0,0,0,0,0,94128,0
93954,-308,8066,808,80,40,-4,-69005,2,1,-2,0,37460,121,31,144,0,0,0,0,0,0,0,0,-32304,0,0,0,0,0,94133,0
93959,-338,8088,812,83,38,-3,-69005,3,0,-2,0,37460,121,31,144,0,0,0,0,0,0,0,0,-32304,0,0,0,0,0,94138,0
93964,-326,8120,790,91,38,9,-69005,10,3,-3,0,37467,124,31,144,0,0,0,0,0,0,0,0,-32304,0,0,0,0,0,94143,0
93969,-318,8132,820,80,43,11,-69006,0,0,-3,0,37467,124,31,144,0,0,0,0,0,0,0,0,-32304,0,0,0,0,0,94148,0
93974,-310,8146,830,96,37,8,-69006,0,0,-2,0,37468,121,31,144,0,0,0,0,0,0,0,0,-32304,0,0,0,0,0,94153,0
93979,-290,8158,826,90,38,12,-69005,2,3,-2,0,37468,121,31,144,0,0,0,0,0,0,0,0,-32304,0,0,0,0,0,94158,0
93984,-308,8186,790,92,41,22,-69006,-4,4,-1,0,37469,107,31,144,0,0,0,0,0,0,0,0,-32304,0,0,0,0,0,94163,0
93989,-298,8208,800,100,40,20,-69005,-4,-4,-1,0,37469,107,31,144,0,0,0,0,0,0,0,0,-32304,0,0,0,0,0,94168,0
93994,-294,8196,802,102,49,24,-69005,5,-1,-1,0,37461,102,31,144,0,0,0,0,0,0,0,0,-32304,0,0,0,0,0,94173,0
93999,-304,8184,824,106,45,30,-69005,-1,3,-3,0,37461,102,31,144,0,0,0,0,0,0,0,0,-32304,0,0,0,0,0,94178,0
94004,-326,8164,826,109,50,35,-69006,-3,0,-2,0,37459,102,31,144,0,0,0,0,0,0,0,0,-32304,0,0,0,0,0,94183,0
94009,-346,8176,834,116,46,31,-69005,6,0,-1,0,37459,102,31,144,0,0,0,0,0,0,0,0,-32304,0,0,0,0,0,94188,0
94014,-304,8162,824,118,50,37,-69005,1,2,-2,0,37455,107,31,144,0,0,0,0,0,0,0,0,-32304,0,0,0,0,0,94193,0
94019,-356,8154,836,117,47,36,-69005,0,3,-2,0,37455,107,31,144,0,0,0,0,0,0,0,0,-32304,0,0,0,0,0,94198,0
94024,-306,8176,854,122,51,39,-69006,-5,3,-2,0,37453,108,31,144,0,0,0,0,0,0,0,0,-32304,0,0,0,0,0,94203,0
94029,-336,8140,846,121,53,38,-69005,-9,-1,-2,0,37453,108,31,144,0,0,0,0,0,0,0,0,-32304,0,0,0,0,0,94208,0
94034,-328,8134,872,119,47,43,-69005,-4,-4,-2,0,37452,118,31,144,0,0,0,0,0,0,0,0,-32304,0,0,0,0,0,94213,0
94039,-342,8144,866,119,48,45,-69006,-3,2,-1,0,37452,118,31,144,0,0,0,0,0,0,0,0,-32303,0,0,0,0,0,94218,0
94044,-320,8188,864,119,55,42,-69005,-5,-2,0,0,37454,118,31,144,0,0,0,0,0,0,0,0,-32303,0,0,0,0,0,94223,0
94049,-322,8138,866,113,55,44,-69005,3,1,-2,0,37454,118,31,144,0,0,0,0,0,0,0,0,-32303,0,0,0,0,0,94228,0
94054,-310,8154,842,125,53,47,-69006,-4,5,-1,0,37454,115,31,144,0,0,0,0,0,0,0,0,-32304,0,0,0,0,0,94233,0
94059,-324,8152,874,124,62,47,-69006,-1,0,-1,0,37454,115,31,144,0,0,0,0,0,0,0,0,-32304,0,0,0,0,0,94238,0
94064,-328,8134,882,119,64,53,-69005,0,0,-3,0,37454,113,31,144,0,0,0,0,0,0,0,0,-32304,0,0,0,0,0,94243,0
94069,-312,8166,858,117,63,56,-69005,-1,4,-3,0,37454,113,31,144,0,0,0,0,0,0,0,0,-32304,0,0,0,0,0,94248,0
94074,-324,8142,872,117,69,58,-69005,5,-2,-3,0,37454,112,31,144,0,0,0,0,0,0,0,0,-32304,0,0,0,0,0,94253,0
94079,-308,8138,872,119,64,58,-69005,-9,1,-4,0,37454,112,31,144,0,0,0,0,0,0,0,0,-32304,0,0,0,0,0,94258,0
94084,-316,8080,868,122,69,65,-69005,-6,2,-4,0,37458,117,31,144,0,0,0,0,0,0,0,0,-32304,0,0,0,0,0,94263,0
94089,-330,8102,872,120,68,67,-69005,0,-3,-4,0,37458,117,31,144,0,0,0,0,0,0,0,0,-32304,0,0,0,0,0,94268,0
94094,-310,8050,892,120,71,67,-69005,2,2,-1,0,37458,114,31,144,0,0,0,0,0,0,0,0,-32304,0,0,0,0,0,94273,0
94099,-270,8062,884,124,83,71,-69005,1,0,-2,0,37458,114,31,144,0,0,0,0,0,0,0,0,-32303,0,0,0,0,0,94278,0
94104,-304,8000,898,131,79,72,-69005,1,5,-2,0,37458,113,31,144,0,0,0,0,0,0,0,0,-32304,0,0,0,0,0,94283,0
94109,-330,7996,898,131,83,73,-69005,0,3,-2,0,37458,113,31,144,0,0,0,0,0,0,0,0,-32304,0,0,0,0,0,94288,0
94114,-344,8010,886,125,87,74,-69006,-1,-1,-2,0,37458,112,31,144,0,0,0,0,0,0,0,0,-32304,0,0,0,0,0,94293,0
94119,-352,8020,886,138,91,71,-69004,-1,-4,-3,0,37458,112,31,144,0,0,0,0,0,0,0,0,-32304,0,0,0,0,0,94298,0
94124,-362,7974,894,131,97,70,-69004,5,1,-2,0,37455,115,31,144,0,0,0,0,0,0,0,0,-32304,0,0,0,0,0,94303,0
94129,-394,7966,906,134,98,64,-69005,-5,-1,-4,0,37455,115,31,144,0,0,0,0,0,0,0,0,-32303,0,0,0,0,0,94308,0
94134,-382,7978,912,130,99,67,-69005,-4,-2,-2,0,37452,111,31,144,0,0,0,0,0,0,0,0,-32303,0,0,0,0,0,94313,0
94139,-402,7982,898,131,107,63,-69003,7,-5,0,0,37452,111,31,144,0,0,0,0,0,0,0,0,-32303,0,0,0,0,0,94318,0
94144,-374,8038,922,131,117,57,-69005,0,0,-2,0,37453,110,31,144,0,0,0,0,0,0,0,0,-32303,0,0,0,0,0,94323,0
94149,-362,8028,920,126,124,53,-69006,1,0,-3,0,37453,110,31,144,0,0,0,0,0,0,0,0,-32304,0,0,0,0,0,94328,0
94154,-364,8026,932,132,126,53,-69004,4,-5,-2,0,37454,116,31,144,0,0,0,0,0,0,0,0,-32304,0,0,0,0,0,94333,0
94159,-380,8050,916,132,136,47,-69005,2,2,-1,0,37454,116,31,144,0,0,0,0,0,0,0,0,-32304,0,0,0,0,0,94338,0
94164,-338,8084,932,129,155,41,-69005,-4,-1,-2,0,37453,115,31,144,0,0,0,0,0,0,0,0,-32304,0,0,0,0,0,94343,0
94169,-306,8104,926,121,164,38,-69005,0,-3,-1,0,37453,115,31,144,0,0,0,0,0,0,0,0,-32303,0,0,0,0,0,94348,0
94174,-288,8100,932,128,173,44,-69005,-2,0,-2,0,37452,118,31,144,0,0,0,0,0,0,0,0,-32303,0,0,0,0,0,94353,0
94179,-294,8142,928,124,180,41,-69006,5,1,-3,0,37452,118,31,144,0,0,0,0,0,0,0,0,-32305,0,0,0,0,0,94358,0
94184,-256,8132,954,121,216,38,-69005,-3,-1,-2,0,37453,112,31,144,0,0,0,0,0,0,0,0,-32304,0,0,0,0,0,94363,0
94189,-234,8160,932,126,233,39,-69005,-4,0,-2,0,37453,112,31,144,0,0,0,0,0,0,0,0,-32304,0,0,0,0,0,94368,0
94194,-202,8160,936,126,246,36,-69005,-1,3,0,0,37463,102,31,144,0,0,0,0,0,0,0,0,-32303,0,0,0,0,0,94373,0
94199,-178,8190,944,119,273,37,-69005,1,0,-2,0,37463,102,31,144,0,0,0,0,0,0,0,0,-32304,0,0,0,0,0,94378,0
94204,-166,8156,936,120,316,35,-69006,0,2,-1,0,37463,110,31,144,0,0,0,0,0,0,0,0,-32304,0,0,0,0,0,94383,0
94209,-158,8140,938,115,343,39,-69006,0,0,-1,0,37463,110,31,144,0,0,0,0,0,0,0,0,-32303,0,0,0,0,0,94388,0
94214,-146,8200,942,119,366,31,-69004,2,-2,-2,0,37461,112,31,144,0,0,0,0,0,0,0,0,-32304,0,0,0,0,0,94393,0
94219,-126,8184,928,120,397,32,-69005,0,2,-3,0,37461,112,31,144,0,0,0,0,0,0,0,0,-32303,0,0,0,0,0,94398,0
94224,-124,8248,922,124,465,32,-69005,0,-1,-3,0,37454,123,31,144,0,0,0,0,0,0,0,0,-32304,0,0,0,0,0,94403,0
94229,-66,8260,932,119,500,26,-69006,-1,-7,-3,0,37454,123,31,144,0,0,0,0,0,0,0,0,-32304,0,0,0,0,0,94408,0
94234,-50,8268,930,117,538,23,-69005,-5,-4,0,0,37456,110,31,144,0,0,0,0,0,0,0,0,-32304,0,0,0,0,0,94413,0
94239,-54,8286,914,118,581,24,-69005,0,1,-1,0,37456,110,31,144,0,0,0,0,0,0,0,0,-32304,0,0,0,0,0,94418,0
94244,-10,8316,908,114,664,20,-69006,-3,1,-2,0,37456,103,31,144,0,0,0,0,0,0,0,0,-32303,0,0,0,0,0,94423,0
94249,10,8300,888,124,713,22,-69004,4,-1,-2,0,37456,103,31,144,0,0,0,0,0,0,0,0,-32304,0,0,0,0,0,94428,0
94254,26,8294,886,114,767,18,-69005,-1,-4,-2,0,37454,104,31,144,0,0,0,0,0,0,0,0,-32304,0,0,0,0,0,94433,0
94259,78,8286,898,116,825,15,-69005,5,4,-1,0,37454,104,31,144,0,0,0,0,0,0,0,0,-32304,0,0,0,0,0,94438,0
94264,142,8298,870,119,943,14,-69006,-4,-1,-3,0,37453,116,31,144,0,0,0,0,0,0,0,0,-32303,0,0,0,0,0,94443,0
94269,158,8294,896,122,1010,14,-69005,-4,-5,-1,0,37453,116,31,144,0,0,0,0,0,0,0,0,-32304,0,0,0,0,0,94448,0
94274,212,8286,900,123,1088,20,-69005,-1,0,-1,0,37453,111,31,144,0,0,0,0,0,0,0,0,-32304,0,0,0,0,0,94453,0
94279,268,8284,884,121,1159,11,-69005,0,1,-3,0,37453,111,31,144,0,0,0,0,0,0,0,0,-32304,0,0,0,0,0,94458,0
94284,356,8286,878,124,1329,16,-69004,-3,-5,-1,0,37452,107,31,144,0,0,0,0,0,0,0,0,-32303,0,0,0,0,0,94463,0
94289,410,8262,892,122,1412,19,-69006,-9,-3,-1,0,37452,107,31,144,0,0,0,0,0,0,0,0,-32304,0,0,0,0,0,94468,0
94294,452,8252,868,124,1519,19,-69005,0,4,0,0,37455,111,31,144,0,0,0,0,0,0,0,0,-32304,0,0,0,0,0,94473,0
94299,452,8230,894,126,1612,21,-69005,2,-5,-1,0,37455,111,31,144,0,0,0,0,0,0,0,0,-32304,0,0,0,0,0,94478,0
94304,470,8240,882,128,1809,40,-69006,-6,0,0,0,37456,117,31,144,0,0,0,0,0,0,0,0,-32304,0,0,0,0,0,94483,0
94309,468,8240,872,130,1903,45,-69005,0,2,-1,0,37456,117,31,144,0,0,0,0,0,0,0,0,-32304,0,0,0,0,0,94488,0
94314,452,8228,876,126,2004,51,-69005,0,-1,-1,0,37458,124,31,144,0,0,0,0,0,0,0,0,-32304,0,0,0,0,0,94493,0
94319,454,8194,860,136,2096,57,-69006,-8,5,-1,0,37458,124,31,144,0,0,0,0,0,0,0,0,-32304,0,0,0,0,0,94498,0
94324,442,8170,844,136,2290,73,-69006,0,0,-2,0,37455,125,31,144,0,0,0,0,0,0,0,0,-32304,0,0,0,0,0,94503,0
94329,472,8150,840,131,2383,84,-69006,-5,-2,-3,0,37455,125,31,144,0,0,0,0,0,0,0,0,-32304,0,0,0,0,0,94508,0
94334,426,8146,830,133,2473,94,-69005,2,0,-2,0,37455,117,31,144,0,0,0,0,0,0,0,0,-32303,0,0,0,0,0,94513,0
94339,408,8126,820,133,2564,104,-69006,0,5,0,0,37455,117,31,144,0,0,0,0,0,0,0,0,-32304,0,0,0,0,0,94518,0
94344,380,8098,768,128,2743,123,-69005,4,7,0,0,37454,117,31,144,0,0,0,0,0,0,0,0,-32304,0,0,0,0,0,94523,0
94349,384,8078,784,125,2826,128,-69004,6,-1,0,0,37454,117,31,144,0,0,0,0,0,0,0,0,-32304,0,0,0,0,0,94528,0
94354,346,8084,766,122,2921,140,-69006,-4,4,-2,0,37453,108,31,144,0,0,0,0,0,0,0,0,-32304,0,0,0,0,0,94533,0
94359,366,8102,754,119,3010,141,-69004,4,-1,-2,0,37453,108,31,144,0,0,0,0,0,0,0,0,-32303,0,0,0,0,0,94538,0
94364,328,8086,740,112,3192,161,-69006,-4,-3,-3,0,37453,110,31,144,0,0,0,0,0,0,0,0,-32304,0,0,0,0,0,94543,0
94369,294,8084,736,104,3276,171,-69005,-1,-1,-1,0,37453,110,31,144,0,0,0,0,0,0,0,0,-32304,0,0,0,0,0,94548,0
94374,284,8084,720,104,3369,177,-69004,12,-4,-3,0,37453,110,31,144,0,0,0,0,0,0,0,0,-32304,0,0,0,0,0,94553,0
94379,252,8080,716,99,3459,182,-69004,3,4,-4,0,37453,110,31,144,0,0,0,0,0,0,0,0,-32303,0,0,0,0,0,94558,0
94384,254,8126,686,89,3644,199,-69005,-3,-1,-3,0,37450,113,31,144,0,0,0,0,0,0,0,0,-32304,0,0,0,0,0,94563,0
94389,216,8102,656,89,3733,201,-69005,-3,-3,-1,0,37450,113,31,144,0,0,0,0,0,0,0,0,-32304,0,0,0,0,0,94568,0
94394,208,8082,652,84,3818,208,-69005,-4,-2,-2,0,37451,118,31,144,0,0,0,0,0,0,0,0,-32304,0,0,0,0,0,94573,0
94399,182,8096,658,73,3903,213,-69006,-2,-3,-3,0,37451,118,31,144,0,0,0,0,0,0,0,0,-32303,0,0,0,0,0,94578,0
94404,148,8066,588,65,4068,223,-69006,-5,0,-4,0,37459,112,31,144,0,0,0,0,0,0,0,0,-32304,0,0,0,0,0,94583,0
94409,86,8078,586,58,4149,231,-69005,0,1,-2,0,37459,112,31,144,0,0,0,0,0,0,0,0,-32304,0,0,0,0,0,94588,0
94414,52,8088,568,54,4222,237,-69007,-2,5,-2,0,37461,111,31,144,0,0,0,0,0,0,0,0,-32303,0,0,0,0,0,94593,0
94419,-22,8052,562,58,4298,238,-69006,-2,5,-3,0,37461,111,31,144,0,0,0,0,0,0,0,0,-32304,0,0,0,0,0,94598,0
94424,-98,8030,468,49,4437,241,-69005,-5,-2,-2,0,37460,108,31,144,0,0,0,0,0,0,0,0,-32304,0,0,0,0,0,94603,0
94429,-108,8004,434,48,4497,245,-69004,7,2,-3,0,37460,108,31,144,0,0,0,0,0,0,0,0,-32303,0,0,0,0,0,94608,0
94434,-138,8020,402,38,4560,240,-69005,2,-2,-3,0,37451,112,31,144,0,0,0,0,0,0,0,0,-32304,0,0,0,0,0,94613,0
94439,-236,8008,416,45,4623,237,-69005,0,-2,-3,0,37451,112,31,144,0,0,0,0,0,0,0,0,-32304,0,0,0,0,0,94618,0
94444,-300,7980,344,38,4724,238,-69005,-5,-4,-3,0,37450,113,31,144,0,0,0,0,0,0,0,0,-32304,0,0,0,0,0,94623,0
94449,-332,7942,306,36,4778,234,-69006,0,5,-3,0,37450,113,31,144,0,0,0,0,0,0,0,0,-32303,0,0,0,0,0,94628,0
94454,-406,7940,250,34,4814,232,-69005,1,-4,-2,0,37453,121,31,144,0,0,0,0,0,0,0,0,-32304,0,0,0,0,0,94634,0
94459,-436,7956,248,38,4852,230,-69006,-2,-3,-2,0,37453,121,31,144,0,0,0,0,0,0,0,0,-32303,0,0,0,0,0,94639,0
94464,-508,7942,208,40,4922,210,-69006,1,5,-2,0,37456,123,31,144,0,0,0,0,0,0,0,0,-32304,0,0,0,0,0,94644,0
94469,-540,7928,210,50,4947,208,-69005,1,2,-2,0,37456,123,31,144,0,0,0,0,0,0,0,0,-32304,0,0,0,0,0,94649,0
94474,-540,7964,206,52,4973,196,-69005,0,1,-2,0,37457,119,31,144,0,0,0,0,0,0,0,0,-32304,0,0,0,0,0,94654,0
94479,-584,7960,162,62,4992,191,-69006,-2,-1,-1,0,37457,119,31,144,0,0,0,0,0,0,0,0,-32304,0,0,0,0,0,94659,0
94484,-624,7940,146,77,5032,170,-69006,1,1,-1,0,37457,116,31,144,0,0,0,0,0,0,0,0,-32303,0,0,0,0,0,94664,0
94489,-656,7930,162,81,5049,160,-69005,-2,0,-2,0,37457,116,31,144,0,0,0,0,0,0,0,0,-32304,0,0,0,0,0,94669,0
94494,-640,7886,136,87,5057,149,-69006,5,-2,-1,0,37456,113,31,144,0,0,0,0,0,0,0,0,-32304,0,0,0,0,0,94674,0
94499,-656,7838,120,98,5072,138,-69005,-4,3,-3,0,37456,113,31,144,0,0,0,0,0,0,0,0,-32304,0,0,0,0,0,94679,0
94504,-796,7832,138,123,5074,126,-69005,0,-2,0,0,37460,106,31,144,0,0,0,0,0,0,0,0,-32304,0,0,0,0,0,94684,0
94509,-806,7794,116,130,5070,115,-69006,0,4,0,0,37460,106,31,144,0,0,0,0,0,0,0,0,-32304,0,0,0,0,0,94689,0
94514,-778,7828,90,135,5059,105,-69006,-5,2,-1,0,37456,111,31,144,0,0,0,0,0,0,0,0,-32303,0,0,0,0,0,94694,0
94519,-840,7788,96,143,5050,93,-69005,1,-1,-1,0,37456,111,31,144,0,0,0,0,0,0,0,0,-32304,0,0,0,0,0,94699,0
94524,-930,7664,40,163,4997,69,-69006,1,3,-2,0,37456,120,31,144,0,0,0,0,0,0,0,0,-32304,0,0,0,0,0,94704,0
94529,-974,7652,38,169,4964,61,-69005,0,1,-2,0,37456,120,31,144,0,0,0,0,0,0,0,0,-32303,0,0,0,0,0,94709,0
94534,-998,7606,20,181,4936,51,-69005,1,-4,-3,0,37450,124,31,144,0,0,0,0,0,0,0,0,-32304,0,0,0,0,0,94714,0
94539,-1012,7568,16,185,4887,38,-69005,-1,2,-1,0,37450,124,31,144,0,0,0,0,0,0,0,0,-32303,0,0,0,0,0,94719,0
94544,-1006,7478,8,193,4793,18,-69006,-6,-3,-1,0,37449,121,31,144,0,0,0,0,0,0,0,0,-32304,0,0,0,0,0,94724,0
94549,-1036,7436,-2,198,4738,3,-69006,-2,-2,-1,0,37449,121,31,144,0,0,0,0,0,0,0,0,-32304,0,0,0,0,0,94729,0
94554,-1100,7420,24,204,4678,-2,-69005,0,-4,-3,0,37450,115,31,144,0,0,0,0,0,0,0,0,-32304,0,0,0,0,0,94734,0
94559,-1092,7382,46,207,4622,-7,-69005,0,-2,-1,0,37450,115,31,144,0,0,0,0,0,0,0,0,-32304,0,0,0,0,0,94739,0
94564,-1068,7304,10,218,4496,-27,-69005,2,2,-1,0,37451,122,31,144,0,0,0,0,0,0,0,0,-32303,0,0,0,0,0,94744,0
94569,-1050,7224,12,222,4437,-31,-69005,1,1,-2,0,37451,122,31,144,0,0,0,0,0,0,0,0,-32304,0,0,0,0,0,94749,0
94574,-1048,7158,42,224,4371,-36,-69006,1,0,-2,0,37452,119,31,144,0,0,0,0,0,0,0,0,-32304,0,0,0,0,0,94754,0
94579,-1050,7076,28,224,4301,-47,-69005,2,-3,-2,0,37452,119,31,144,0,0,0,0,0,0,0,0,-32303,0,0,0,0,0,94759,0
94584,-984,6946,-2,236,4158,-45,-69005,0,0,0,0,37453,115,31,144,0,0,0,0,0,0,0,0,-32304,0,0,0,0,0,94764,0
94589,-934,6940,20,238,4094,-46,-69006,2,-2,-2,0,37453,115,31,144,0,0,0,0,0,0,0,0,-32304,0,0,0,0,0,94769,0
94594,-934,6950,12,245,4028,-44,-69005,2,3,0,0,37453,118,31,144,0,0,0,0,0,0,0,0,-32304,0,0,0,0,0,94774,0
94599,-928,6914,-4,247,3947,-50,-69005,5,-2,-2,0,37453,118,31,144,0,0,0,0,0,0,0,0,-32304,0,0,0,0,0,94779,0
94604,-860,6916,-2,264,3799,-41,-69006,0,-4,-4,0,37453,124,31,144,0,0,0,0,0,0,0,0,-32303,0,0,0,0,0,94784,0
94609,-794,6918,-34,267,3729,-31,-69006,-6,-3,-2,0,37453,124,31,144,0,0,0,0,0,0,0,0,-32303,0,0,0,0,0,94789,0
94614,-746,6910,-28,274,3665,-32,-69005,0,2,-1,0,37452,135,31,144,0,0,0,0,0,0,0,0,-32304,0,0,0,0,0,94794,0
94619,-746,6866,-38,280,3589,-22,-69005,-1,-4,-2,0,37452,135,31,144,0,0,0,0,0,0,0,0,-32304,0,0,0,0,0,94799,0
94624,-658,6878,-50,303,3454,-1,-69006,-7,-3,-3,0,37450,132,31,144,0,0,0,0,0,0,0,0,-32303,0,0,0,0,0,94804,0
94629,-576,6888,-30,309,3385,16,-69005,0,2,-3,0,37450,132,31,144,0,0,0,0,0,0,0,0,-32303,0,0,0,0,0,94809,0
94634,-518,6892,-78,315,3326,30,-69005,2,1,-2,0,37448,123,31,144,0,0,0,0,0,0,0,0,-32304,0,0,0,0,0,94814,0
94639,-496,6912,-72,323,3266,46,-69005,-3,5,0,0,37448,123,31,144,0,0,0,0,0,0,0,0,-32304,0,0,0,0,0,94819,0
94644,-424,6958,-128,332,3147,87,-69005,3,3,-1,0,37448,109,31,144,0,0,0,0,0,0,0,0,-32304,0,0,0,0,0,94824,0
94649,-362,7012,-144,344,3096,104,-69006,0,-4,-2,0,37448,109,31,144,0,0,0,0,0,0,0,0,-32303,0,0,0,0,0,94829,0
94654,-332,7080,-190,344,3037,128,-69004,0,6,-3,0,37448,113,31,144,0,0,0,0,0,0,0,0,-32304,0,0,0,0,0,94834,0
94659,-300,7146,-220,348,2982,155,-69005,7,3,-2,0,37448,113,31,144,0,0,0,0,0,0,0,0,-32303,0,0,0,0,0,94839,0
94664,-266,7184,-322,366,2867,198,-69006,1,-1,-2,0,37450,115,31,144,0,0,0,0,0,0,0,0,-32304,0,0,0,0,0,94844,0
94669,-766,7404,-366,365,2770,207,-69005,1,2,-2,0,37450,115,31,144,0,0,0,0,0,0,0,0,-32304,0,0,0,0,0,94849,0
94674,-30,7982,-102,342,2724,307,-69006,-3,3,-2,0,37447,124,31,144,0,0,0,0,0,0,0,0,-32304,0,0,0,0,0,94854,0
94679,-1178,9348,808,290,2580,288,-69004,2,2,-3,0,37447,124,31,144,0,0,0,0,0,0,0,0,-32303,0,0,0,0,0,94859,0
94684,-7564,20576,4322,2,2122,241,-69005,0,-2,-1,0,37447,124,31,144,0,0,0,0,0,0,0,0,-32304,0,0,0,0,0,94864,0
94689,-10386,20830,6036,-144,1678,-178,-69006,-2,-2,-3,0,37447,124,31,144,0,0,0,0,0,0,0,0,-32303,0,0,0,0,0,94869,0
94694,-6652,14680,1652,56,1316,47,-69004,0,-1,-1,0,37449,119,31,144,0,0,0,0,0,0,0,0,-32304,0,0,0,0,0,94874,0
94699,-2006,11786,1264,-3,1318,225,-69005,4,0,-1,0,37449,119,31,144,0,0,0,0,0,0,0,0,-32303,0,0,0,0,0,94879,0
94704,1104,6742,-1504,-98,1511,113,-69004,1,2,0,0,37453,117,31,144,0,0,0,0,0,0,0,0,-32304,0,0,0,0,0,94884,0
94709,-658,6814,-1220,-70,1458,105,-69005,-2,2,-1,0,37453,117,31,144,0,0,0,0,0,0,0,0,-32304,0,0,0,0,0,94889,0
94714,-1808,6708,-972,-15,1303,68,-69005,3,1,-1,0,37456,111,31,144,0,0,0,0,0,0,0,0,-32304,0,0,0,0,0,94894,0
94719,-2080,6956,-688,37,1136,40,-69006,-2,-4,0,0,37456,111,31,144,0,0,0,0,0,0,0,0,-32304,0,0,0,0,0,94899,0
94724,-1324,7246,-398,102,894,-10,-69005,0,1,-1,0,37454,109,31,144,0,0,0,0,0,0,0,0,-32304,0,0,0,0,0,94904,0
94729,-908,7192,-132,131,805,-25,-69004,4,2,-4,0,37454,109,31,144,0,0,0,0,0,0,0,0,-32303,0,0,0,0,0,94909,0
94734,-750,7356,52,168,750,-33,-69005,4,0,-4,0,37452,108,31,144,0,0,0,0,0,0,0,0,-32303,0,0,0,0,0,94914,0
94739,-922,7660,372,202,707,-38,-69005,4,3,0,0,37452,108,31,144,0,0,0,0,0,0,0,0,-32304,0,0,0,0,0,94919,0
94744,-1642,8242,828,242,658,-10,-69005,6,-2,-1,0,37455,123,31,144,0,0,0,0,0,0,0,0,-32304,0,0,0,0,0,94924,0
94749,-2018,8350,834,262,638,14,-69005,2,2,-2,0,37455,123,31,144,0,0,0,0,0,0,0,0,-32304,0,0,0,0,0,94929,0
94754,-2122,8356,784,266,616,42,-69006,0,-6,-2,0,37452,123,31,144,0,0,0,0,0,0,0,0,-32304,0,0,0,0,0,94934,0
94759,-2192,8200,548,277,591,68,-69006,-2,1,-1,0,37452,123,31,144,0,0,0,0,0,0,0,0,-32304,0,0,0,0,0,94939,0
94764,-1896,7836,78,299,516,93,-69004,2,3,-2,0,37452,115,31,144,0,0,0,0,0,0,0,0,-32304,0,0,0,0,0,94944,0
94769,-1734,7634,-176,317,465,105,-69005,-1,0,-3,0,37452,115,31,144,0,0,0,0,0,0,0,0,-32304,0,0,0,0,0,94949,0
94774,-1654,7528,-348,335,414,114,-69004,9,2,-2,0,37450,113,31,144,0,0,0,0,0,0,0,0,-32304,0,0,0,0,0,94954,0
94779,-1618,7550,-412,352,362,117,-69005,6,-1,-2,0,37450,113,31,144,0,0,0,0,0,0,0,0,-32303,0,0,0,0,0,94959,0
94784,-1874,7556,-356,371,259,136,-69005,7,1,-2,0,37451,112,31,144,0,0,0,0,0,0,0,0,-32304,0,0,0,0,0,94964,0
94789,-1944,7684,-246,374,216,152,-69005,-2,0,-2,0,37451,112,31,144,0,0,0,0,0,0,0,0,-32303,0,0,0,0,0,94969,0
94794,-1956,7758,-222,382,176,167,-69005,-2,2,-1,0,37451,113,31,144,0,0,0,0,0,0,0,0,-32304,0,0,0,0,0,94974,0
94799,-1958,7820,-186,384,142,192,-69006,-2,-3,-1,0,37451,113,31,144,0,0,0,0,0,0,0,0,-32304,0,0,0,0,0,94979,0
94804,-1762,7976,-204,382,87,229,-69003,3,1,-2,0,37452,109,31,144,0,0,0,0,0,0,0,0,-32304,0,0,0,0,0,94984,0
94809,-1656,8044,-218,379,66,237,-69004,5,2,-1,0,37452,109,31,144,0,0,0,0,0,0,0,0,-32304,0,0,0,0,0,94989,0
94814,-1500,8080,-290,369,38,258,-69006,-6,-1,-2,0,37450,105,31,144,0,0,0,0,0,0,0,0,-32304,0,0,0,0,0,94994,0
94819,-1368,8050,-298,365,26,268,-69006,-7,-2,-2,0,37450,105,31,144,0,0,0,0,0,0,0,0,-32303,0,0,0,0,0,94999,0
94824,-1176,7990,-296,353,14,285,-69006,-10,-1,-2,0,37454,114,31,144,0,0,0,0,0,0,0,0,-32304,0,0,0,0,0,95004,0
94829,-1160,7954,-316,351,4,301,-69005,2,0,-4,0,37454,114,31,144,0,0,0,0,0,0,0,0,-32304,0,0,0,0,0,95009,0
94834,-1204,7842,-298,338,10,303,-69006,-4,-4,-2,0,37453,114,31,144,0,0,0,0,0,0,0,0,-32304,0,0,0,0,0,95014,0
94839,-1248,7788,-298,326,21,317,-69005,1,0,0,0,37453,114,31,144,0,0,0,0,0,0,0,0,-32304,0,0,0,0,0,95019,0
94844,-1278,7810,-282,301,38,330,-69006,0,-1,0,0,37451,114,31,144,0,0,0,0,0,0,0,0,-32304,0,0,0,0,0,95024,0
94849,-1146,7958,-264,295,40,339,-69005,-1,-1,-1,0,37451,114,31,144,0,0,0,0,0,0,0,0,-32303,0,0,0,0,0,95029,0
94854,-892,8190,-240,292,30,345,-69007,0,2,-1,0,37451,112,31,144,0,0,0,0,0,0,0,0,-32304,0,0,0,0,0,95034,0
94859,-602,8382,-190,288,28,342,-69005,3,3,-1,0,37451,112,31,144,0,0,0,0,0,0,0,0,-32303,0,0,0,0,0,95039,0
94864,-372,8482,-178,281,24,336,-69006,0,2,-1,0,37450,113,31,144,0,0,0,0,0,0,0,0,-32303,0,0,0,0,0,95044,0
94869,-374,8444,-144,277,21,327,-69006,0,4,-1,0,37450,113,31,144,0,0,0,0,0,0,0,0,-32304,0,0,0,0,0,95049,0
94874,-390,8440,-172,273,16,320,-69006,5,4,0,0,37451,115,31,144,0,0,0,0,0,0,0,0,-32303,0,0,0,0,0,95054,0
94879,-412,8410,-192,270,9,313,-69006,5,2,-3,0,37451,115,31,144,0,0,0,0,0,0,0,0,-32304,0,0,0,0,0,95059,0
94884,-370,8272,-128,266,2,300,-69008,-6,0,0,0,37449,111,31,144,0,0,0,0,0,0,0,0,-32304,0,0,0,0,0,95064,0
94889,-432,8240,-124,259,-4,292,-69006,1,1,0,0,37449,111,31,144,0,0,0,0,0,0,0,0,-32304,0,0,0,0,0,95069,0
94894,-504,8194,-100,265,-7,277,-69007,-1,-2,0,0,37449,108,31,144,0,0,0,0,0,0,0,0,-32303,0,0,0,0,0,95074,0
94899,-542,8186,-94,257,-16,268,-69007,5,-1,-1,0,37449,108,31,144,0,0,0,0,0,0,0,0,-32303,0,0,0,0,0,95079,0
94904,-602,8134,-72,262,-16,265,-69006,0,-3,-2,0,37449,105,31,144,0,0,0,0,0,0,0,0,-32304,0,0,0,0,0,95084,0
94909,-564,8128,-68,254,-17,256,-69007,-7,0,-2,0,37449,105,31,144,0,0,0,0,0,0,0,0,-32303,0,0,0,0,0,95089,0
94914,-586,8090,-42,248,-8,254,-69006,-2,-3,-2,0,37449,110,31,144,0,0,0,0,0,0,0,0,-32303,0,0,0,0,0,95094,0
94919,-592,8076,-68,258,-6,250,-69006,0,-4,-1,0,37449,110,31,144,0,0,0,0,0,0,0,0,-32304,0,0,0,0,0,95099,0
94924,-636,8072,-54,249,-4,249,-69007,1,1,-1,0,37451,125,31,144,0,0,0,0,0,0,0,0,-32304,0,0,0,0,0,95104,0
94929,-650,8066,-26,252,1,244,-69007,2,0,2,0,37451,125,31,144,0,0,0,0,0,0,0,0,-32304,0,0,0,0,0,95109,0
94934,-638,8040,-20,249,5,242,-69007,1,-1,0,0,37457,124,31,144,0,0,0,0,0,0,0,0,-32304,0,0,0,0,0,95114,0
94939,-630,8020,-36,254,6,236,-69006,0,1,-3,0,37457,124,31,144,0,0,0,0,0,0,0,0,-32304,0,0,0,0,0,95119,0
94944,-708,8008,16,251,10,232,-69006,0,1,0,0,37458,125,31,144,0,0,0,0,0,0,0,0,-32304,0,0,0,0,0,95124,0
94949,-716,7978,-6,258,12,234,-69008,-1,1,0,0,37458,125,31,144,0,0,0,0,0,0,0,0,-32304,0,0,0,0,0,95129,0
94954,-664,8040,-12,252,14,233,-69007,-3,-5,0,0,37459,112,31,144,0,0,0,0,0,0,0,0,-32304,0,0,0,0,0,95134,0
94959,-596,8082,-14,259,12,229,-69008,-4,-2,0,0,37459,112,31,144,0,0,0,0,0,0,0,0,-32304,0,0,0,0,0,95139,0
94964,-498,8180,-46,250,11,221,-69008,2,4,-1,0,37452,119,31,144,0,0,0,0,0,0,0,0,-32303,0,0,0,0,0,95144,0
94969,-418,8258,-78,258,15,211,-69007,3,1,0,0,37452,119,31,144,0,0,0,0,0,0,0,0,-32303,0,0,0,0,0,95149,0
94974,-350,8254,-118,256,9,211,-69007,-4,-2,0,0,37449,116,31,144,0,0,0,0,0,0,0,0,-32304,0,0,0,0,0,95154,0
94979,-352,8260,-138,257,10,198,-69007,0,1,-2,0,37449,116,31,144,0,0,0,0,0,0,0,0,-32304,0,0,0,0,0,95159,0
94984,-164,8368,-182,253,11,177,-69007,4,-1,-1,0,37448,117,31,144,0,0,0,0,0,0,0,0,-32304,0,0,0,0,0,95164,0
94989,-166,8304,-170,259,7,169,-69008,7,-1,-2,0,37448,117,31,144,0,0,0,0,0,0,0,0,-32304,0,0,0,0,0,95169,0
94994,-204,8290,-182,252,9,158,-69008,6,-1,-1,0,37449,113,31,144,0,0,0,0,0,0,0,0,-32304,0,0,0,0,0,95174,0
94999,-200,8276,-206,251,15,141,-69008,-1,2,-1,0,37449,113,31,144,0,0,0,0,0,0,0,0,-32304,0,0,0,0,0,95179,0
95004,-200,8244,-234,239,20,122,-69008,3,1,-2,0,37451,110,31,144,0,0,0,0,0,0,0,0,-32304,0,0,0,0,0,95184,0
95009,-192,8256,-246,240,17,109,-69009,-2,-2,-1,0,37451,110,31,144,0,0,0,0,0,0,0,0,-32304,0,0,0,0,0,95189,0
95014,-232,8238,-268,242,22,101,-69008,4,0,-1,0,37449,114,31,144,0,0,0,0,0,0,0,0,-32304,0,0,0,0,0,95194,0
95019,-242,8264,-286,236,18,88,-69008,-2,-1,-1,0,37449,114,31,144,0,0,0,0,0,0,0,0,-32304,0,0,0,0,0,95199,0
95024,-250,8274,-222,227,26,65,-69009,-5,3,-2,0,37447,108,31,144,0,0,0,0,0,0,0,0,-32304,0,0,0,0,0,95204,0
95029,-306,8250,-232,226,19,56,-69008,0,-1,-2,0,37447,108,31,144,0,0,0,0,0,0,0,0,-32304,0,0,0,0,0,95209,0
95034,-298,8254,-180,224,15,53,-69009,0,-2,-1,0,37449,108,31,144,0,0,0,0,0,0,0,0,-32303,0,0,0,0,0,95214,0
95039,-314,8268,-192,232,8,34,-69009,-2,6,0,0,37449,108,31,144,0,0,0,0,0,0,0,0,-32304,0,0,0,0,0,95219,0
95044,-198,8046,-324,228,-1,23,-69008,2,-1,-2,0,37452,113,31,144,0,0,0,0,0,0,0,0,-32304,0,0,0,0,0,95224,0
95049,-374,8362,10,232,-12,14,-69009,-4,4,-2,0,37452,113,31,144,0,0,0,0,0,0,0,0,-32303,0,0,0,0,0,95229,0
95054,-362,8196,-98,231,-16,3,-69009,1,3,0,0,37453,114,31,144,0,0,0,0,0,0,0,0,-32304,0,0,0,0,0,95234,0
95059,-444,8204,-158,229,-21,1,-69008,1,0,-2,0,37453,114,31,144,0,0,0,0,0,0,0,0,-32304,0,0,0,0,0,95239,0
95064,-448,8216,-32,236,-16,-10,-69009,6,1,-3,0,37448,119,31,144,0,0,0,0,0,0,0,0,-32304,0,0,0,0,0,95244,0
95069,-442,8212,-24,244,-25,-12,-69009,1,2,-1,0,37448,119,31,144,0,0,0,0,0,0,0,0,-32304,0,0,0,0,0,95249,0
95074,-424,8210,-54,245,-23,-21,-69008,2,1,0,0,37448,119,31,144,0,0,0,0,0,0,0,0,-32304,0,0,0,0,0,95254,0
95079,-480,8178,-20,251,-27,-21,-69009,2,-1,-1,0,37448,119,31,144,0,0,0,0,0,0,0,0,-32303,0,0,0,0,0,95259,0
95084,-518,8196,4,259,-22,-18,-69009,1,2,0,0,37449,119,31,144,0,0,0,0,0,0,0,0,-32304,0,0,0,0,0,95264,0
95089,-564,8150,22,272,-23,-25,-69008,1,-4,-2,0,37449,119,31,144,0,0,0,0,0,0,0,0,-32304,0,0,0,0,0,95269,0
95094,-626,8114,58,266,-29,-27,-69009,0,-3,-1,0,37450,126,31,144,0,0,0,0,0,0,0,0,-32304,0,0,0,0,0,95274,0
95099,-672,8092,48,275,-27,-22,-69009,0,-1,-1,0,37450,126,31,144,0,0,0,0,0,0,0,0,-32304,0,0,0,0,0,95279,0
95104,-724,8092,72,288,-25,-23,-69009,-1,-2,-2,0,37450,128,31,144,0,0,0,0,0,0,0,0,-32304,0,0,0,0,0,95284,0
95109,-702,8090,60,294,-24,-20,-69009,0,2,-1,0,37450,128,31,144,0,0,0,0,0,0,0,0,-32304,0,0,0,0,0,95289,0
95114,-684,8078,22,304,-23,-13,-69009,-1,-4,-3,0,37448,128,31,144,0,0,0,0,0,0,0,0,-32303,0,0,0,0,0,95294,0
95119,-720,8096,8,307,-21,-8,-69010,0,0,-1,0,37448,128,31,144,0,0,0,0,0,0,0,0,-32303,0,0,0,0,0,95299,0
95124,-780,8040,14,314,-12,0,-69011,-4,4,-1,0,37449,131,31,144,0,0,0,0,0,0,0,0,-32304,0,0,0,0,0,95304,0
95129,-804,8022,36,319,-10,5,-69010,0,5,-1,0,37449,131,31,144,0,0,0,0,0,0,0,0,-32303,0,0,0,0,0,95309,0
95134,-882,8010,-2,335,-6,12,-69009,3,5,-3,0,37450,123,31,144,0,0,0,0,0,0,0,0,-32304,0,0,0,0,0,95314,0
95139,-914,8016,-8,336,-1,18,-69008,3,5,-1,0,37450,123,31,144,0,0,0,0,0,0,0,0,-32303,0,0,0,0,0,95319,0
95144,-948,7988,0,351,-5,35,-69010,-1,3,-1,0,37448,121,31,144,0,0,0,0,0,0,0,0,-32304,0,0,0,0,0,95324,0
95149,-886,8002,18,349,-6,42,-69010,0,-2,-2,0,37448,121,31,144,0,0,0,0,0,0,0,0,-32304,0,0,0,0,0,95329,0
95154,-864,8018,12,360,-3,53,-69010,-5,0,-2,0,37449,117,31,144,0,0,0,0,0,0,0,0,-32304,0,0,0,0,0,95334,0
95159,-814,8052,-44,359,-3,56,-69009,0,3,-3,0,37449,117,31,144,0,0,0,0,0,0,0,0,-32303,0,0,0,0,0,95339,0
95164,-774,8062,-68,373,0,62,-69009,2,1,-2,0,37452,115,31,144,0,0,0,0,0,0,0,0,-32304,0,0,0,0,0,95344,0
95169,-742,8024,-120,375,-3,70,-69009,3,0,-1,0,37452,115,31,144,0,0,0,0,0,0,0,0,-32304,0,0,0,0,0,95349,0
95174,-786,8076,-136,382,3,68,-69010,0,1,0,0,37452,118,31,144,0,0,0,0,0,0,0,0,-32304,0,0,0,0,0,95354,0
95179,-782,8060,-146,382,-2,75,-69009,0,3,-2,0,37452,118,31,144,0,0,0,0,0,0,0,0,-32304,0,0,0,0,0,95359,0
95184,-728,8078,-162,390,-2,81,-69009,5,3,-2,0,37454,117,31,144,0,0,0,0,0,0,0,0,-32304,0,0,0,0,0,95364,0
95189,-690,8098,-174,392,-8,83,-69009,3,0,0,0,37454,117,31,144,0,0,0,0,0,0,0,0,-32303,0,0,0,0,0,95369,0
95194,-654,8112,-198,400,-5,82,-69010,0,2,0,0,37452,110,31,144,0,0,0,0,0,0,0,0,-32303,0,0,0,0,0,95374,0
95199,-592,8118,-240,401,-9,87,-69009,-3,0,-1,0,37452,110,31,144,0,0,0,0,0,0,0,0,-32303,0,0,0,0,0,95379,0
95204,-566,8168,-232,406,-10,83,-69009,1,1,-2,0,37451,107,31,144,0,0,0,0,0,0,0,0,-32304,0,0,0,0,0,95384,0
95209,-550,8108,-308,411,-5,81,-69009,6,-2,-2,0,37451,107,31,144,0,0,0,0,0,0,0,0,-32303,0,0,0,0,0,95389,0
95214,-550,8116,-262,411,-1,83,-69009,-1,1,-3,0,37451,106,31,144,0,0,0,0,0,0,0,0,-32303,0,0,0,0,0,95394,0
95219,-610,8122,-266,412,-5,84,-69008,11,0,-1,0,37451,106,31,144,0,0,0,0,0,0,0,0,-32304,0,0,0,0,0,95399,0
95224,-636,8104,-308,412,0,86,-69010,0,2,-2,0,37452,118,31,144,0,0,0,0,0,0,0,0,-32303,0,0,0,0,0,95404,0
95229,-642,8098,-324,412,-5,84,-69010,-1,0,-2,0,37452,118,31,144,0,0,0,0,0,0,0,0,-32303,0,0,0,0,0,95409,0
95234,-630,8096,-354,412,0,82,-69010,-1,-5,-1,0,37456,123,31,144,0,0,0,0,0,0,0,0,-32304,0,0,0,0,0,95414,0
95239,-854,8312,-412,394,-19,84,-69009,0,0,0,0,37456,123,31,144,0,0,0,0,0,0,0,0,-32303,0,0,0,0,0,95419,0
95244,-722,8454,56,396,-5,78,-69009,1,-4,-1,0,37467,119,31,144,0,0,0,0,0,0,0,0,-32304,0,0,0,0,0,95424,0
95249,-556,8184,-372,411,4,84,-69010,-1,1,-2,0,37467,119,31,144,0,0,0,0,0,0,0,0,-32304,0,0,0,0,0,95429,0
95254,-638,8092,-502,412,11,80,-69009,-1,0,-1,0,37478,115,31,144,0,0,0,0,0,0,0,0,-32303,0,0,0,0,0,95434,0
95259,-524,8172,-410,412,17,76,-69010,1,0,0,0,37478,115,31,144,0,0,0,0,0,0,0,0,-32304,0,0,0,0,0,95439,0
95264,-390,8476,-536,385,29,73,-69009,0,-1,-1,0,37478,122,31,144,0,0,0,0,0,0,0,0,-32303,0,0,0,0,0,95444,0
95269,-366,8126,-344,416,13,69,-69009,-3,-3,-1,0,37478,122,31,144,0,0,0,0,0,0,0,0,-32304,0,0,0,0,0,95449,0
95274,-684,8182,-318,398,-1,69,-69010,2,1,-2,0,37464,124,31,144,0,0,0,0,0,0,0,0,-32304,0,0,0,0,0,95454,0
95279,-518,8118,-506,395,7,72,-69009,-1,-3,-4,0,37464,124,31,144,0,0,0,0,0,0,0,0,-32304,0,0,0,0,0,95459,0
95284,-660,8076,-524,390,15,68,-69009,-8,-5,-3,0,37449,121,31,144,0,0,0,0,0,0,0,0,-32304,0,0,0,0,0,95464,0
95289,-648,8072,-520,387,14,67,-69010,-3,4,-2,0,37449,121,31,144,0,0,0,0,0,0,0,0,-32303,0,0,0,0,0,95469,0
95294,-648,8064,-604,385,13,65,-69009,2,3,0,0,37445,112,31,144,0,0,0,0,0,0,0,0,-32304,0,0,0,0,0,95474,0
95299,-442,8504,-856,363,33,71,-69009,0,-2,-1,0,37445,112,31,144,0,0,0,0,0,0,0,0,-32304,0,0,0,0,0,95479,0
95304,-450,8382,-238,366,0,70,-69010,0,0,-1,0,37447,121,31,144,0,0,0,0,0,0,0,0,-32304,0,0,0,0,0,95484,0
95309,-422,8020,-616,367,5,55,-69009,-5,0,-1,0,37447,121,31,144,0,0,0,0,0,0,0,0,-32303,0,0,0,0,0,95489,0
95314,-498,8128,-816,374,23,65,-69010,-6,2,-1,0,37446,123,31,144,0,0,0,0,0,0,0,0,-32303,0,0,0,0,0,95494,0
95319,-480,8170,-640,362,23,60,-69010,1,4,-1,0,37446,123,31,144,0,0,0,0,0,0,0,0,-32304,0,0,0,0,0,95499,0
95324,-528,8146,-722,352,12,55,-69010,-5,-2,-2,0,37443,128,31,144,0,0,0,0,0,0,0,0,-32303,0,0,0,0,0,95504,0
95329,-560,8134,-764,350,17,54,-69009,8,1,-2,0,37443,128,31,144,0,0,0,0,0,0,0,0,-32303,0,0,0,0,0,95509,0
95334,-588,8146,-670,346,12,53,-69009,4,5,-3,0,37443,120,31,144,0,0,0,0,0,0,0,0,-32303,0,0,0,0,0,95514,0
95339,-1026,7432,-812,353,-3,49,-69010,-2,3,-1,0,37443,120,31,144,0,0,0,0,0,0,0,0,-32304,0,0,0,0,0,95519,0
95344,-588,8166,-582,331,3,45,-69009,1,-4,-1,0,37448,117,31,144,0,0,0,0,0,0,0,0,-32304,0,0,0,0,0,95524,0
95349,-632,8078,-714,333,11,46,-69009,0,0,-2,0,37448,117,31,144,0,0,0,0,0,0,0,0,-32304,0,0,0,0,0,95529,0
95354,-586,8134,-574,323,8,52,-69008,5,0,-2,0,37449,122,31,144,0,0,0,0,0,0,0,0,-32304,0,0,0,0,0,95534,0
95359,-588,8182,-630,315,15,47,-69008,6,0,-1,0,37449,122,31,144,0,0,0,0,0,0,0,0,-32304,0,0,0,0,0,95539,0
95364,-532,8214,-732,312,16,47,-69009,3,-1,-3,0,37448,121,31,144,0,0,0,0,0,0,0,0,-32303,0,0,0,0,0,95544,0
95369,-498,8240,-746,296,15,45,-69009,1,-4,-2,0,37448,121,31,144,0,0,0,0,0,0,0,0,-32303,0,0,0,0,0,95549,0
95374,-514,8188,-766,298,11,46,-69009,0,-2,-2,0,37445,123,31,144,0,0,0,0,0,0,0,0,-32304,0,0,0,0,0,95554,0
95379,-528,8186,-788,291,17,46,-69010,1,1,-2,0,37445,123,31,144,0,0,0,0,0,0,0,0,-32303,0,0,0,0,0,95559,0
95384,-608,8170,-756,282,20,49,-69009,3,-1,0,0,37446,116,31,144,0,0,0,0,0,0,0,0,-32304,0,0,0,0,0,95564,0
95389,-1122,7494,-856,286,5,47,-69009,-7,-3,-1,0,37446,116,31,144,0,0,0,0,0,0,0,0,-32304,0,0,0,0,0,95569,0
95394,-206,7774,-790,279,22,46,-69010,1,1,-3,0,37449,120,31,144,0,0,0,0,0,0,0,0,-32304,0,0,0,0,0,95574,0
95399,-630,8480,-324,250,12,53,-69010,0,1,-1,0,37449,120,31,144,0,0,0,0,0,0,0,0,-32304,0,0,0,0,0,95579,0
95404,-770,8118,-736,248,20,57,-69009,1,-2,-1,0,37451,122,31,144,0,0,0,0,0,0,0,0,-32304,0,0,0,0,0,95584,0
95409,-634,8142,-602,247,23,63,-69010,0,-2,-2,0,37451,122,31,144,0,0,0,0,0,0,0,0,-32304,0,0,0,0,0,95589,0
95414,-712,8104,-676,249,21,57,-69008,1,3,-2,0,37452,123,31,144,0,0,0,0,0,0,0,0,-32304,0,0,0,0,0,95594,0
95419,-654,8076,-766,250,22,64,-69009,-2,-2,-1,0,37452,123,31,144,0,0,0,0,0,0,0,0,-32304,0,0,0,0,0,95599,0
95424,-678,8076,-654,237,19,66,-69011,-7,2,-2,0,37455,117,31,144,0,0,0,0,0,0,0,0,-32303,0,0,0,0,0,95604,0
95429,-676,8070,-664,246,23,67,-69008,4,-4,-2,0,37455,117,31,144,0,0,0,0,0,0,0,0,-32303,0,0,0,0,0,95609,0
95434,-646,8094,-656,236,20,71,-69009,0,-3,-2,0,37455,112,31,144,0,0,0,0,0,0,0,0,-32304,0,0,0,0,0,95614,0
95439,-596,8092,-622,240,21,69,-69009,-6,2,-2,0,37455,112,31,144,0,0,0,0,0,0,0,0,-32303,0,0,0,0,0,95619,0
95444,-562,8152,-612,235,29,70,-69010,1,-2,-2,0,37452,114,31,144,0,0,0,0,0,0,0,0,-32304,0,0,0,0,0,95624,0
95449,-824,7646,-906,219,43,70,-69009,1,2,-2,0,37452,114,31,144,0,0,0,0,0,0,0,0,-32303,0,0,0,0,0,95629,0
95454,-586,8330,-520,242,24,71,-69009,1,-3,-2,0,37456,120,31,144,0,0,0,0,0,0,0,0,-32304,0,0,0,0,0,95635,0
95459,-432,8090,-650,232,26,65,-69010,-1,2,-3,0,37456,120,31,144,0,0,0,0,0,0,0,0,-32303,0,0,0,0,0,95640,0
95464,-440,8184,-610,234,30,66,-69009,3,4,-3,0,37457,123,31,144,0,0,0,0,0,0,0,0,-32304,0,0,0,0,0,95645,0
95469,-506,8166,-558,226,24,63,-69008,7,-5,-2,0,37457,123,31,144,0,0,0,0,0,0,0,0,-32303,0,0,0,0,0,95650,0
95474,-548,8106,-632,229,23,61,-69010,-3,3,-1,0,37456,118,31,144,0,0,0,0,0,0,0,0,-32303,0,0,0,0,0,95655,0
95479,-572,8098,-616,232,23,56,-69009,0,0,-1,0,37456,118,31,144,0,0,0,0,0,0,0,0,-32303,0,0,0,0,0,95660,0
95484,-542,8082,-588,235,20,53,-69010,-6,-5,-2,0,37451,123,31,144,0,0,0,0,0,0,0,0,-32304,0,0,0,0,0,95665,0
95489,-556,8094,-590,232,16,54,-69009,0,-2,-2,0,37451,123,31,144,0,0,0,0,0,0,0,0,-32303,0,0,0,0,0,95670,0
95494,-526,8110,-594,231,24,49,-69009,4,-2,-2,0,37452,124,31,144,0,0,0,0,0,0,0,0,-32304,0,0,0,0,0,95675,0
95499,-456,8172,-614,241,19,49,-69010,-1,3,0,0,37452,124,31,144,0,0,0,0,0,0,0,0,-32304,0,0,0,0,0,95680,0
95504,-126,7834,-688,228,0,48,-69010,-2,0,-1,0,37451,117,31,144,0,0,0,0,0,0,0,0,-32303,0,0,0,0,0,95685,0
95509,-328,8504,-306,241,23,46,-69009,0,-1,-1,0,37451,117,31,144,0,0,0,0,0,0,0,0,-32304,0,0,0,0,0,95690,0
95514,-490,7992,-720,225,24,41,-69009,1,0,-3,0,37451,114,31,144,0,0,0,0,0,0,0,0,-32303,0,0,0,0,0,95695,0
95519,-530,8224,-678,231,27,44,-69009,1,0,-1,0,37451,114,31,144,0,0,0,0,0,0,0,0,-32303,0,0,0,0,0,95700,0
95524,-548,8188,-668,233,27,32,-69009,4,-2,-1,0,37451,113,31,144,0,0,0,0,0,0,0,0,-32303,0,0,0,0,0,95705,0
95529,-904,7422,-976,228,33,35,-69009,1,-2,-3,0,37451,113,31,144,0,0,0,0,0,0,0,0,-32304,0,0,0,0,0,95710,0
95534,-662,8302,-620,236,14,28,-69008,4,2,-3,0,37450,120,31,144,0,0,0,0,0,0,0,0,-32304,0,0,0,0,0,95715,0
95539,-550,8108,-742,230,8,26,-69009,-3,-5,0,0,37450,120,31,144,0,0,0,0,0,0,0,0,-32304,0,0,0,0,0,95720,0
95544,-602,8128,-696,230,7,24,-69010,-3,0,-1,0,37449,121,31,144,0,0,0,0,0,0,0,0,-32304,0,0,0,0,0,95725,0
95549,-598,8144,-692,227,-1,24,-69010,-6,-3,-2,0,37449,121,31,144,0,0,0,0,0,0,0,0,-32304,0,0,0,0,0,95730,0
95554,-556,8142,-792,226,3,26,-69010,-1,1,-1,0,37453,117,31,144,0,0,0,0,0,0,0,0,-32304,0,0,0,0,0,95735,0
95559,-588,8164,-850,221,-2,32,-69009,7,1,-3,0,37453,117,31,144,0,0,0,0,0,0,0,0,-32304,0,0,0,0,0,95740,0
95564,-1012,7466,-1094,219,2,31,-69010,-1,3,-2,0,37459,119,31,144,0,0,0,0,0,0,0,0,-32304,0,0,0,0,0,95745,0
95569,-744,8398,-780,210,-13,34,-69009,-1,3,-2,0,37459,119,31,144,0,0,0,0,0,0,0,0,-32304,0,0,0,0,0,95750,0
95574,-644,8090,-878,203,-18,39,-69009,-3,1,-3,0,37457,126,31,144,0,0,0,0,0,0,0,0,-32304,0,0,0,0,0,95755,0
95579,-672,8000,-970,194,-25,41,-69009,0,-2,-2,0,37457,126,31,144,0,0,0,0,0,0,0,0,-32304,0,0,0,0,0,95760,0
95584,-756,8158,-870,190,-28,45,-69009,-3,-2,-2,0,37456,122,31,144,0,0,0,0,0,0,0,0,-32303,0,0,0,0,0,95765,0
95589,-730,8142,-946,182,-26,51,-69009,3,-1,-1,0,37456,122,31,144,0,0,0,0,0,0,0,0,-32303,0,0,0,0,0,95770,0
95594,-824,7942,-936,185,-32,54,-69009,-2,2,-1,0,37449,123,31,144,0,0,0,0,0,0,0,0,-32304,0,0,0,0,0,95775,0
95599,-572,8092,-652,169,-42,59,-69009,5,2,-1,0,37449,123,31,144,0,0,0,0,0,0,0,0,-32303,0,0,0,0,0,95780,0
95604,-770,8080,-1046,156,-3,73,-69010,-3,-3,-1,0,37451,125,31,144,0,0,0,0,0,0,0,0,-32304,0,0,0,0,0,95785,0
95609,-716,8142,-984,148,9,75,-69010,-2,-3,-1,0,37451,125,31,144,0,0,0,0,0,0,0,0,-32303,0,0,0,0,0,95790,0
95614,-926,7894,-918,146,7,84,-69009,0,-2,-3,0,37447,122,31,144,0,0,0,0,0,0,0,0,-32303,0,0,0,0,0,95795,0
95619,-822,8290,-730,126,8,91,-69009,3,-2,-2,0,37447,122,31,144,0,0,0,0,0,0,0,0,-32304,0,0,0,0,0,95801,0
95624,-812,8110,-1044,120,12,103,-69010,-3,-6,-2,0,37437,122,31,144,0,0,0,0,0,0,0,0,-32303,0,0,0,0,0,95805,0
95629,-744,8134,-890,114,16,112,-69010,-1,1,-4,0,37437,122,31,144,0,0,0,0,0,0,0,0,-32304,0,0,0,0,0,95807,0
95634,-728,8086,-912,102,14,114,-69010,-3,-6,-4,0,37427,120,31,144,0,0,0,0,0,0,0,0,-32304,0,0,0,0,0,95811,0
95639,-788,8076,-954,96,29,123,-69009,-1,-1,-1,0,37427,120,31,144,0,0,0,0,0,0,0,0,-32304,0,0,0,0,0,95816,0
95644,-774,8080,-884,88,30,138,-69009,-5,1,0,0,37423,120,31,144,0,0,0,0,0,0,0,0,-32304,0,0,0,0,0,95821,0
95649,-784,8078,-918,82,28,143,-69009,1,0,-2,0,37423,120,31,144,0,0,0,0,0,0,0,0,-32304,0,0,0,0,0,95826,0
95654,-792,8072,-926,67,36,153,-69009,0,-1,-2,0,37427,119,31,144,0,0,0,0,0,0,0,0,-32304,0,0,0,0,0,95831,0
95659,-758,8072,-958,68,35,159,-69009,1,1,-2,0,37427,119,31,144,0,0,0,0,0,0,0,0,-32304,0,0,0,0,0,95836,0
95664,-814,8074,-976,52,30,172,-69008,0,5,-4,0,37432,124,31,144,0,0,0,0,0,0,0,0,-32304,0,0,0,0,0,95841,0
95669,-774,8062,-988,48,32,180,-69009,0,1,-2,0,37432,124,31,144,0,0,0,0,0,0,0,0,-32304,0,0,0,0,0,95846,0
95674,-758,8064,-1000,42,21,185,-69009,2,1,-1,0,37435,118,31,144,0,0,0,0,0,0,0,0,-32304,0,0,0,0,0,95851,0
95679,-698,8064,-988,33,23,188,-69009,0,0,-3,0,37435,118,31,144,0,0,0,0,0,0,0,0,-32303,0,0,0,0,0,95856,0
95684,-602,8122,-972,22,26,191,-69010,-2,-3,-2,0,37437,112,31,144,0,0,0,0,0,0,0,0,-32304,0,0,0,0,0,95861,0
95689,-582,8118,-952,16,31,198,-69009,1,0,-2,0,37437,112,31,144,0,0,0,0,0,0,0,0,-32304,0,0,0,0,0,95866,0
95694,-550,8146,-926,9,33,200,-69009,-1,0,-2,0,37439,101,31,144,0,0,0,0,0,0,0,0,-32304,0,0,0,0,0,95871,0
95699,-522,8156,-944,-1,35,201,-69010,-6,-3,-2,0,37439,101,31,144,0,0,0,0,0,0,0,0,-32304,0,0,0,0,0,95876,0
95704,-516,8170,-946,-10,45,201,-69009,1,-1,-2,0,37442,108,31,144,0,0,0,0,0,0,0,0,-32304,0,0,0,0,0,95881,0
95709,-472,8182,-964,-27,51,204,-69009,2,1,-2,0,37442,108,31,144,0,0,0,0,0,0,0,0,-32303,0,0,0,0,0,95886,0
95714,-464,8178,-966,-24,53,204,-69010,-5,-3,-4,0,37444,122,31,144,0,0,0,0,0,0,0,0,-32304,0,0,0,0,0,95891,0
95719,-476,8156,-984,-40,55,208,-69008,0,6,-3,0,37444,122,31,144,0,0,0,0,0,0,0,0,-32304,0,0,0,0,0,95896,0
95724,-484,8172,-990,-44,66,205,-69010,-3,-4,-2,0,37445,121,31,144,0,0,0,0,0,0,0,0,-32304,0,0,0,0,0,95901,0
95729,-494,8152,-962,-59,68,211,-69008,2,3,-1,0,37445,121,31,144,0,0,0,0,0,0,0,0,-32304,0,0,0,0,0,95906,0
95734,-492,8166,-946,-64,68,205,-69009,-1,0,-2,0,37447,121,31,144,0,0,0,0,0,0,0,0,-32303,0,0,0,0,0,95911,0
95739,-488,8148,-936,-68,69,208,-69009,0,-2,-3,0,37447,121,31,144,0,0,0,0,0,0,0,0,-32304,0,0,0,0,0,95916,0
95744,-486,8174,-914,-82,75,209,-69009,-1,-2,-2,0,37446,120,31,144,0,0,0,0,0,0,0,0,-32304,0,0,0,0,0,95921,0
95749,-502,8160,-912,-91,71,212,-69010,-2,-2,-1,0,37446,120,31,144,0,0,0,0,0,0,0,0,-32303,0,0,0,0,0,95926,0
95754,-506,8134,-908,-86,74,211,-69009,0,-3,-1,0,37446,127,31,144,0,0,0,0,0,0,0,0,-32304,0,0,0,0,0,95931,0
95759,-534,8140,-882,-102,73,219,-69009,0,0,-1,0,37446,127,31,144,0,0,0,0,0,0,0,0,-32304,0,0,0,0,0,95936,0
95764,-400,8146,-806,-106,71,219,-69010,0,1,-2,0,37447,127,31,144,0,0,0,0,0,0,0,0,-32304,0,0,0,0,0,95941,0
95769,-396,8128,-826,-106,78,216,-69009,4,0,-3,0,37447,127,31,144,0,0,0,0,0,0,0,0,-32304,0,0,0,0,0,95946,0
95774,-368,8186,-826,-110,88,212,-69009,-5,3,-3,0,37451,128,31,144,0,0,0,0,0,0,0,0,-32304,0,0,0,0,0,95951,0
95779,-344,8200,-786,-115,96,212,-69009,0,3,-2,0,37451,128,31,144,0,0,0,0,0,0,0,0,-32304,0,0,0,0,0,95956,0
95784,-256,8204,-818,-125,125,214,-69010,-2,-2,0,0,37450,120,31,144,0,0,0,0,0,0,0,0,-32304,0,0,0,0,0,95961,0
95789,-226,8166,-794,-126,141,211,-69008,-6,2,-1,0,37450,120,31,144,0,0,0,0,0,0,0,0,-32304,0,0,0,0,0,95966,0
95794,-218,8196,-790,-135,161,209,-69009,1,2,-2,0,37450,115,31,144,0,0,0,0,0,0,0,0,-32304,0,0,0,0,0,95971,0
95799,-254,8134,-916,-137,184,208,-69009,1,0,-1,0,37450,115,31,144,0,0,0,0,0,0,0,0,-32304,0,0,0,0,0,95976,0
95804,-28,8116,-788,-141,247,210,-69010,1,-1,-1,0,37445,111,31,144,0,0,0,0,0,0,0,0,-32304,0,0,0,0,0,95981,0
95809,-58,8152,-822,-143,289,206,-69008,3,3,-2,0,37445,111,31,144,0,0,0,0,0,0,0,0,-32304,0,0,0,0,0,95986,0
95814,-176,7894,-766,-140,352,206,-69009,-6,2,-2,0,37447,112,31,144,0,0,0,0,0,0,0,0,-32304,0,0,0,0,0,95991,0
95819,-128,8186,-670,-147,404,207,-69008,4,4,-2,0,37447,112,31,144,0,0,0,0,0,0,0,0,-32304,0,0,0,0,0,95996,0
95824,-50,8106,-728,-151,529,215,-69009,-1,-3,-3,0,37447,117,31,144,0,0,0,0,0,0,0,0,-32303,0,0,0,0,0,96001,0
95829,24,8046,-742,-161,602,213,-69009,-2,1,-2,0,37447,117,31,144,0,0,0,0,0,0,0,0,-32304,0,0,0,0,0,96006,0
95834,34,8140,-760,-158,676,219,-69009,1,-3,-2,0,37447,118,31,144,0,0,0,0,0,0,0,0,-32304,0,0,0,0,0,96011,0
95839,106,8140,-724,-165,768,222,-69009,1,0,-2,0,37447,118,31,144,0,0,0,0,0,0,0,0,-32304,0,0,0,0,0,96016,0
95844,110,8146,-784,-175,953,228,-69009,1,-1,-1,0,37446,120,31,144,0,0,0,0,0,0,0,0,-32304,0,0,0,0,0,96021,0
95849,124,8094,-786,-188,1051,230,-69010,0,-2,-2,0,37446,120,31,144,0,0,0,0,0,0,0,0,-32304,0,0,0,0,0,96026,0
95854,272,8058,-782,-187,1162,229,-69008,0,3,-4,0,37449,126,31,144,0,0,0,0,0,0,0,0,-32304,0,0,0,0,0,96031,0
95859,384,8104,-862,-199,1274,233,-69009,-4,2,-3,0,37449,126,31,144,0,0,0,0,0,0,0,0,-32304,0,0,0,0,0,96036,0
95864,424,8244,-884,-216,1526,236,-69009,-4,-3,-5,0,37450,126,31,144,0,0,0,0,0,0,0,0,-32304,0,0,0,0,0,96041,0
95869,488,8240,-888,-224,1658,241,-69009,-2,-3,-5,0,37450,126,31,144,0,0,0,0,0,0,0,0,-32304,0,0,0,0,0,96046,0
95874,764,8180,-1002,-233,1793,219,-69008,6,-3,-7,0,37452,119,31,144,0,0,0,0,0,0,0,0,-32303,0,0,0,0,0,96051,0
95879,1050,8310,-1118,-242,1944,213,-69008,0,1,-13,0,37452,119,31,144,0,0,0,0,0,0,0,0,-32303,0,0,0,0,0,96056,0
95884,694,8548,-1206,-272,2218,198,-69002,16,13,-23,0,37453,121,31,144,0,0,0,0,0,0,0,0,-32304,0,0,0,0,0,96061,0
95889,488,8606,-1194,-292,2356,204,-68997,25,17,-49,0,37453,121,31,144,0,0,0,0,0,0,0,0,-32304,0,0,0,0,0,96066,0
95894,340,8654,-1272,-310,2487,204,-68980,78,35,-111,0,37455,119,31,144,0,0,0,0,0,0,0,0,-32304,0,0,0,0,0,96071,0
95899,368,8614,-1298,-320,2623,204,-68943,171,88,-213,0,37455,119,31,144,0,0,0,0,0,0,0,0,-32304,0,0,0,0,0,96076,0
95904,378,8600,-1354,-345,2920,203,-68897,223,145,-288,0,37455,130,31,144,0,0,0,0,0,0,0,0,-32304,0,0,0,0,0,96081,0
95909,294,8622,-1226,-372,3056,203,-68836,264,195,-346,0,37455,130,31,144,0,0,0,0,0,0,0,0,-32303,0,0,0,0,0,96086,0
95914,414,8564,-1316,-391,3176,198,-68766,321,202,-415,0,37452,112,31,144,0,0,0,0,0,0,0,0,-32304,0,0,0,0,0,96091,0
95919,638,8558,-1496,-412,3301,191,-68690,338,185,-487,0,37452,112,31,144,0,0,0,0,0,0,0,0,-32304,0,0,0,0,0,96096,0
95924,950,8518,-1544,-444,3575,176,-68608,368,143,-520,0,37452,109,31,144,0,0,0,0,0,0,0,0,-32304,0,0,0,0,0,96101,0
95929,966,8532,-1524,-466,3707,171,-68522,378,113,-563,0,37452,109,31,144,0,0,0,0,0,0,0,0,-32303,0,0,0,0,0,96106,0
95934,960,8420,-1488,-484,3846,164,-68438,366,80,-571,0,37452,108,31,144,0,0,0,0,0,0,0,0,-32304,0,0,0,0,0,96111,0
95939,854,8402,-1474,-508,3995,159,-68350,379,42,-577,0,37452,108,31,144,0,0,0,0,0,0,0,0,-32304,0,0,0,0,0,96116,0
95944,684,8254,-1454,-553,4243,143,-68262,398,30,-620,0,37454,111,31,144,0,0,0,0,0,0,0,0,-32304,0,0,0,0,0,96121,0
95949,606,8202,-1504,-572,4364,141,-68168,415,29,-653,0,37454,111,31,144,0,0,0,0,0,0,0,0,-32304,0,0,0,0,0,96126,0
95954,524,8150,-1510,-585,4477,131,-68071,427,35,-679,0,37452,103,31,144,0,0,0,0,0,0,0,0,-32303,0,0,0,0,0,96131,0
95959,454,8104,-1494,-605,4591,133,-67973,432,48,-696,0,37452,103,31,144,0,0,0,0,0,0,0,0,-32303,0,0,0,0,0,96136,0
95964,302,7964,-1430,-635,4789,132,-67876,430,44,-692,0,37452,97,31,144,0,0,0,0,0,0,0,0,-32304,0,0,0,0,0,96141,0
95969,334,7894,-1390,-651,4886,128,-67779,423,18,-693,0,37452,97,31,144,0,0,0,0,0,0,0,0,-32304,0,0,0,0,0,96146,0
95974,350,7798,-1342,-665,4962,126,-67682,427,2,-699,0,37452,103,31,144,0,0,0,0,0,0,0,0,-32304,0,0,0,0,0,96151,0
95979,394,7766,-1252,-680,5050,123,-67587,414,-4,-692,0,37452,103,31,144,0,0,0,0,0,0,0,0,-32303,0,0,0,0,0,96156,0
95984,488,7756,-1158,-696,5196,117,-67494,407,-12,-663,0,37457,104,31,144,0,0,0,0,0,0,0,0,-32303,0,0,0,0,0,96161,0
95989,490,7770,-1170,-708,5269,112,-67409,379,-29,-624,0,37457,104,31,144,0,0,0,0,0,0,0,0,-32303,0,0,0,0,0,96166,0
95994,422,7826,-1100,-722,5338,97,-67320,381,-38,-593,0,37457,108,31,144,0,0,0,0,0,0,0,0,-32304,0,0,0,0,0,96171,0
95999,496,7844,-1040,-724,5407,92,-67234,378,-40,-577,0,37457,108,31,144,0,0,0,0,0,0,0,0,-32303,0,0,0,0,0,96177,0
96004,454,7908,-980,-738,5520,67,-67148,379,-19,-578,0,37453,101,31,144,0,0,0,0,0,0,0,0,-32303,0,0,0,0,0,96181,0
96009,392,7970,-968,-742,5566,59,-67065,365,-18,-541,0,37453,101,31,144,0,0,0,0,0,0,0,0,-32304,0,0,0,0,0,96186,0
96014,348,8018,-948,-750,5607,45,-66986,354,-22,-519,0,37448,104,31,144,0,0,0,0,0,0,0,0,-32304,0,0,0,0,0,96191,0
96019,236,8010,-926,-758,5642,36,-66908,343,-31,-515,0,37448,104,31,144,0,0,0,0,0,0,0,0,-32303,0,0,0,0,0,96196,0
96024,158,8086,-832,-759,5686,5,-66835,327,-43,-496,0,37447,99,31,144,0,0,0,0,0,0,0,0,-32304,0,0,0,0,0,96201,0
96029,198,8116,-850,-761,5694,-13,-66756,338,-28,-506,0,37447,99,31,144,0,0,0,0,0,0,0,0,-32303,0,0,0,0,0,96206,0
96034,160,8124,-794,-760,5698,-23,-66680,330,-17,-505,0,37450,104,31,144,0,0,0,0,0,0,0,0,-32303,0,0,0,0,0,96211,0
96039,80,8126,-704,-762,5690,-47,-66611,305,-18,-480,0,37450,104,31,144,0,0,0,0,0,0,0,0,-32303,0,0,0,0,0,96216,0
96044,-16,8170,-634,-770,5652,-72,-66542,291,-27,-428,0,37450,103,31,144,0,0,0,0,0,0,0,0,-32304,0,0,0,0,0,96221,0
96049,-48,8192,-652,-758,5625,-96,-66476,300,-38,-413,0,37450,103,31,144,0,0,0,0,0,0,0,0,-32303,0,0,0,0,0,96226,0
96054,-58,8194,-570,-751,5591,-114,-66406,303,-27,-433,0,37452,109,31,144,0,0,0,0,0,0,0,0,-32304,0,0,0,0,0,96231,0
96059,-24,8190,-488,-748,5564,-127,-66336,310,-14,-438,0,37452,109,31,144,0,0,0,0,0,0,0,0,-32304,0,0,0,0,0,96236,0
96064,-86,8164,-388,-739,5457,-170,-66266,306,6,-433,0,37453,109,31,144,0,0,0,0,0,0,0,0,-32304,0,0,0,0,0,96241,0
96069,-146,8154,-330,-724,5398,-185,-66198,304,13,-435,0,37453,109,31,144,0,0,0,0,0,0,0,0,-32303,0,0,0,0,0,96246,0
96074,-288,8102,-270,-723,5339,-206,-66131,288,-7,-438,0,37454,115,31,144,0,0,0,0,0,0,0,0,-32304,0,0,0,0,0,96251,0
96079,-378,8056,-198,-703,5273,-226,-66067,286,-21,-416,0,37454,115,31,144,0,0,0,0,0,0,0,0,-32304,0,0,0,0,0,96256,0
96084,-348,8020,-100,-687,5133,-256,-65998,312,-11,-434,0,37453,113,31,144,0,0,0,0,0,0,0,0,-32304,0,0,0,0,0,96261,0
96089,-376,8018,-56,-668,5055,-276,-65925,324,6,-464,0,37453,113,31,144,0,0,0,0,0,0,0,0,-32303,0,0,0,0,0,96266,0
96094,-478,7984,4,-655,4967,-292,-65850,335,28,-497,0,37459,112,31,144,0,0,0,0,0,0,0,0,-32304,0,0,0,0,0,96271,0
96099,-526,7920,62,-640,4879,-308,-65774,334,41,-484,0,37459,112,31,144,0,0,0,0,0,0,0,0,-32303,0,0,0,0,0,96276,0
96104,-584,7960,216,-613,4696,-342,-65697,338,37,-475,0,37460,116,31,144,0,0,0,0,0,0,0,0,-32304,0,0,0,0,0,96281,0
96109,-618,7898,218,-586,4601,-355,-65619,350,25,-495,0,37460,116,31,144,0,0,0,0,0,0,0,0,-32303,0,0,0,0,0,96286,0
96114,-602,7910,306,-579,4521,-366,-65538,362,23,-513,0,37460,118,31,144,0,0,0,0,0,0,0,0,-32304,0,0,0,0,0,96291,0
96119,-636,7902,354,-559,4439,-384,-65454,371,24,-536,0,37460,118,31,144,0,0,0,0,0,0,0,0,-32304,0,0,0,0,0,96296,0
96124,-952,8010,338,-512,4234,-409,-65367,385,38,-575,0,37453,126,31,144,0,0,0,0,0,0,0,0,-32304,0,0,0,0,0,96301,0
96129,-1264,8162,434,-509,4103,-420,-65283,374,29,-574,0,37453,126,31,144,0,0,0,0,0,0,0,0,-32304,0,0,0,0,0,96306,0
96134,-1360,8194,254,-479,3944,-431,-65198,369,22,-570,0,37454,116,31,144,0,0,0,0,0,0,0,0,-32303,0,0,0,0,0,96311,0
96139,-1504,8136,238,-470,3768,-448,-65113,369,1,-575,0,37454,116,31,144,0,0,0,0,0,0,0,0,-32304,0,0,0,0,0,96316,0
96144,-1692,8192,160,-441,3374,-474,-65028,375,-3,-574,0,37455,104,31,144,0,0,0,0,0,0,0,0,-32304,0,0,0,0,0,96321,0
96149,-1772,8138,384,-430,3153,-486,-64944,376,0,-564,0,37455,104,31,144,0,0,0,0,0,0,0,0,-32303,0,0,0,0,0,96326,0
96154,-1740,8154,556,-418,2932,-495,-64856,383,1,-569,0,37456,99,31,144,0,0,0,0,0,0,0,0,-32303,0,0,0,0,0,96331,0
96159,-1876,8108,422,-397,2705,-501,-64770,375,4,-565,0,37456,99,31,144,0,0,0,0,0,0,0,0,-32304,0,0,0,0,0,96336,0
96164,-2264,8362,664,-370,2281,-512,-64686,372,11,-560,0,37454,101,31,144,0,0,0,0,0,0,0,0,-32304,0,0,0,0,0,96341,0
96169,-2492,8330,730,-352,2062,-521,-64598,387,-3,-582,0,37454,101,31,144,0,0,0,0,0,0,0,0,-32304,0,0,0,0,0,96346,0
96174,-2680,8592,764,-335,1834,-508,-64513,373,-6,-586,0,37452,102,31,144,0,0,0,0,0,0,0,0,-32304,0,0,0,0,0,96351,0
96179,-2584,8556,776,-320,1605,-514,-64426,377,1,-584,0,37452,102,31,144,0,0,0,0,0,0,0,0,-32304,0,0,0,0,0,96356,0
96184,-2374,8294,434,-269,1173,-504,-64347,359,-4,-553,0,37452,105,31,144,0,0,0,0,0,0,0,0,-32304,0,0,0,0,0,96361,0
96189,-2300,8146,484,-244,966,-496,-64275,308,-38,-501,0,37452,105,31,144,0,0,0,0,0,0,0,0,-32304,0,0,0,0,0,96366,0
96194,-2142,7974,570,-224,762,-489,-64207,290,-70,-426,0,37458,101,31,144,0,0,0,0,0,0,0,0,-32304,0,0,0,0,0,96371,0
96199,-1990,7938,668,-205,597,-481,-64146,269,-82,-392,0,37458,101,31,144,0,0,0,0,0,0,0,0,-32304,0,0,0,0,0,96376,0
96204,-1924,7744,846,-158,285,-470,-64084,261,-79,-381,0,37458,99,31,144,0,0,0,0,0,0,0,0,-32304,0,0,0,0,0,96381,0
96209,-1882,7700,836,-138,159,-463,-64025,250,-68,-384,0,37458,99,31,144,0,0,0,0,0,0,0,0,-32304,0,0,0,0,0,96386,0
96214,-1848,7714,830,-119,44,-443,-63968,243,-43,-345,0,37455,98,31,144,0,0,0,0,0,0,0,0,-32304,0,0,0,0,0,96391,0
96219,-1890,7726,766,-93,-36,-430,-63917,225,-36,-331,0,37455,98,31,144,0,0,0,0,0,0,0,0,-32304,0,0,0,0,0,96396,0
96224,-1706,7730,746,-40,-142,-388,-63866,223,-42,-321,0,37451,103,31,144,0,0,0,0,0,0,0,0,-32305,0,0,0,0,0,96401,0
96229,-1648,7724,800,-22,-172,-360,-63823,187,-52,-306,0,37451,103,31,144,0,0,0,0,0,0,0,0,-32303,0,0,0,0,0,96406,0
96234,-1530,7728,818,2,-185,-338,-63786,154,-61,-275,0,37451,102,31,144,0,0,0,0,0,0,0,0,-32304,0,0,0,0,0,96411,0
96239,-1508,7700,856,24,-190,-314,-63752,153,-77,-237,0,37451,102,31,144,0,0,0,0,0,0,0,0,-32304,0,0,0,0,0,96416,0
96244,-1278,7716,782,49,-183,-269,-63722,126,-72,-216,0,37453,109,31,144,0,0,0,0,0,0,0,0,-32304,0,0,0,0,0,96421,0
96249,-1222,7748,740,66,-179,-246,-63695,119,-73,-184,0,37453,109,31,144,0,0,0,0,0,0,0,0,-32304,0,0,0,0,0,96426,0
96254,-1190,7758,690,67,-165,-224,-63671,99,-54,-172,0,37452,110,31,144,0,0,0,0,0,0,0,0,-32304,0,0,0,0,0,96431,0
96259,-1184,7800,676,83,-156,-201,-63657,61,-59,-119,0,37452,110,31,144,0,0,0,0,0,0,0,0,-32304,0,0,0,0,0,96436,0
96264,-1178,7814,568,95,-123,-160,-63642,69,-71,-102,0,37451,116,31,144,0,0,0,0,0,0,0,0,-32304,0,0,0,0,0,96441,0
96269,-1200,7840,520,102,-104,-140,-63626,77,-55,-120,0,37451,116,31,144,0,0,0,0,0,0,0,0,-32304,0,0,0,0,0,96446,0
96274,-1228,7822,508,109,-86,-119,-63615,39,-42,-105,0,37452,121,31,144,0,0,0,0,0,0,0,0,-32304,0,0,0,0,0,96451,0
96279,-1340,7864,486,105,-81,-92,-63614,-3,-41,-39,0,37452,121,31,144,0,0,0,0,0,0,0,0,-32304,0,0,0,0,0,96456,0
96284,-1410,7912,416,120,-55,-45,-63613,6,-52,-2,0,37450,120,31,144,0,0,0,0,0,0,0,0,-32304,0,0,0,0,0,96461,0
96289,-1422,7862,402,128,-50,-19,-63613,-6,-65,-2,0,37450,120,31,144,0,0,0,0,0,0,0,0,-32304,0,0,0,0,0,96466,0
96294,-1434,7852,420,130,-35,4,-63613,-2,-52,1,0,37454,118,31,144,0,0,0,0,0,0,0,0,-32304,0,0,0,0,0,96471,0
96299,-1416,7834,402,134,-26,31,-63613,-1,-23,0,0,37454,118,31,144,0,0,0,0,0,0,0,0,-32304,0,0,0,0,0,96476,0
96304,-1474,7816,460,146,8,85,-63613,-1,-1,0,0,37455,120,31,144,0,0,0,0,0,0,0,0,-32304,0,0,0,0,0,96481,0
96309,-1508,7800,468,143,28,110,-63614,-1,-4,1,0,37455,120,31,144,0,0,0,0,0,0,0,0,-32304,0,0,0,0,0,96486,0
96314,-1540,7778,492,157,39,145,-63614,-1,2,0,0,37454,112,31,144,0,0,0,0,0,0,0,0,-32303,0,0,0,0,0,96491,0
96319,-1596,7786,486,154,56,176,-63616,-7,-6,2,0,37454,112,31,144,0,0,0,0,0,0,0,0,-32304,0,0,0,0,0,96496,0
96324,-1664,7760,438,169,74,235,-63616,-5,-3,3,0,37450,120,31,144,0,0,0,0,0,0,0,0,-32304,0,0,0,0,0,96501,0
96329,-1696,7770,438,169,75,270,-63618,-5,-4,4,0,37450,120,31,144,0,0,0,0,0,0,0,0,-32304,0,0,0,0,0,96506,0
96334,-1756,7754,468,176,79,303,-63618,-5,-3,7,0,37449,121,31,144,0,0,0,0,0,0,0,0,-32304,0,0,0,0,0,96511,0
96339,-1744,7752,434,186,63,331,-63621,-9,-2,13,0,37449,121,31,144,0,0,0,0,0,0,0,0,-32304,0,0,0,0,0,96516,0
96344,-1222,7786,332,202,46,359,-63624,-18,-4,23,0,37447,130,31,144,0,0,0,0,0,0,0,0,-32304,0,0,0,0,0,96521,0
96349,-650,7838,322,204,39,359,-63632,-31,-13,43,0,37447,130,31,144,0,0,0,0,0,0,0,0,-32304,0,0,0,0,0,96526,0
96354,-206,7946,244,207,25,348,-63646,-65,-36,83,0,37450,121,31,144,0,0,0,0,0,0,0,0,-32304,0,0,0,0,0,96531,0
96359,166,8150,212,213,20,326,-63674,-128,-70,160,0,37450,121,31,144,0,0,0,0,0,0,0,0,-32304,0,0,0,0,0,96536,0
96364,504,8478,164,219,22,288,-63726,-239,-140,297,0,37454,117,31,144,0,0,0,0,0,0,0,0,-32304,0,0,0,0,0,96541,0
96369,398,8522,190,218,29,267,-63801,-337,-224,421,0,37454,117,31,144,0,0,0,0,0,0,0,0,-32304,0,0,0,0,0,96546,0
96374,372,8598,158,219,35,249,-63897,-420,-291,609,0,37458,114,31,144,0,0,0,0,0,0,0,0,-32304,0,0,0,0,0,96551,0
96379,220,8600,124,210,44,237,-64000,-457,-309,779,0,37458,114,31,144,0,0,0,0,0,0,0,0,-32304,0,0,0,0,0,96556,0
96384,-106,8466,14,215,30,207,-64107,-461,-254,837,0,37460,108,31,144,0,0,0,0,0,0,0,0,-32304,0,0,0,0,0,96561,0
96389,-176,8330,-52,211,15,196,-64210,-460,-156,805,0,37460,108,31,144,0,0,0,0,0,0,0,0,-32304,0,0,0,0,0,96566,0
96394,-198,8340,-104,211,-1,184,-64318,-463,-76,817,0,37458,98,31,144,0,0,0,0,0,0,0,0,-32304,0,0,0,0,0,96571,0
96399,-206,8258,-116,206,-9,175,-64425,-481,-24,848,0,37458,98,31,144,0,0,0,0,0,0,0,0,-32304,0,0,0,0,0,96576,0
96404,-56,8176,-52,204,-27,148,-64533,-469,-13,827,0,37458,113,31,144,0,0,0,0,0,0,0,0,-32304,0,0,0,0,0,96581,0
96409,90,8136,20,200,-19,130,-64640,-472,-8,802,0,37458,113,31,144,0,0,0,0,0,0,0,0,-32304,0,0,0,0,0,96586,0
96414,26,8136,-38,193,-15,116,-64748,-475,-6,850,0,37461,125,31,144,0,0,0,0,0,0,0,0,-32303,0,0,0,0,0,96591,0
96419,24,8070,20,181,-1,106,-64856,-482,-9,863,0,37461,125,31,144,0,0,0,0,0,0,0,0,-32303,0,0,0,0,0,96596,0
96424,-50,8228,-28,168,20,81,-64963,-469,0,843,0,37461,123,31,144,0,0,0,0,0,0,0,0,-32304,0,0,0,0,0,96601,0
96429,-142,8218,-130,174,24,66,-65071,-465,-3,839,0,37461,123,31,144,0,0,0,0,0,0,0,0,-32304,0,0,0,0,0,96606,0
96434,-204,8286,-116,164,20,59,-65182,-475,-3,852,0,37458,105,31,144,0,0,0,0,0,0,0,0,-32304,0,0,0,0,0,96611,0
96439,-320,8290,-168,164,5,52,-65292,-488,-8,860,0,37458,105,31,144,0,0,0,0,0,0,0,0,-32303,0,0,0,0,0,96616,0
96444,-394,8280,-188,151,-6,40,-65407,-500,-19,882,0,37457,97,31,144,0,0,0,0,0,0,0,0,-32304,0,0,0,0,0,96621,0
96449,-426,8170,-190,140,-14,35,-65522,-514,-25,950,0,37457,97,31,144,0,0,0,0,0,0,0,0,-32303,0,0,0,0,0,96626,0
96454,-424,8148,-140,140,-20,30,-65640,-521,-37,995,0,37458,93,31,144,0,0,0,0,0,0,0,0,-32304,0,0,0,0,0,96632,0
96459,-370,8194,-116,136,-21,25,-65760,-536,-39,1025,0,37458,93,31,144,0,0,0,0,0,0,0,0,-32304,0,0,0,0,0,96637,0
96464,-350,8112,-60,119,-20,20,-65886,-552,-40,1106,0,37458,101,31,144,0,0,0,0,0,0,0,0,-32304,0,0,0,0,0,96642,0
96469,-326,8188,-86,123,-11,14,-66013,-559,-44,1157,0,37458,101,31,144,0,0,0,0,0,0,0,0,-32304,0,0,0,0,0,96647,0
96474,-314,8156,-72,111,-4,8,-66141,-558,-41,1145,0,37457,101,31,144,0,0,0,0,0,0,0,0,-32304,0,0,0,0,0,96652,0
96479,-270,8168,-86,100,0,7,-66272,-585,-41,1211,0,37457,101,31,144,0,0,0,0,0,0,0,0,-32303,0,0,0,0,0,96657,0
96484,-380,8288,-124,98,9,-4,-66404,-575,-34,1303,0,37458,105,31,144,0,0,0,0,0,0,0,0,-32304,0,0,0,0,0,96662,0
96489,-264,8328,-114,86,15,-2,-66537,-581,-23,1279,0,37458,105,31,144,0,0,0,0,0,0,0,0,-32304,0,0,0,0,0,96667,0
96494,-302,8252,-98,81,16,-6,-66673,-601,-24,1329,0,37464,93,31,144,0,0,0,0,0,0,0,0,-32304,0,0,0,0,0,96672,0
96499,-364,8278,-66,74,19,-10,-66812,-611,-33,1411,0,37464,93,31,144,0,0,0,0,0,0,0,0,-32304,0,0,0,0,0,96677,0
96504,-426,8206,-114,69,23,-17,-66950,-608,-23,1381,0,37472,85,31,144,0,0,0,0,0,0,0,0,-32304,0,0,0,0,0,96682,0
96509,-92,8254,-68,66,17,-76,-67091,-620,-29,1443,0,37472,85,31,144,0,0,0,0,0,0,0,0,-32303,0,0,0,0,0,96687,0
96514,1266,7852,8,62,9,-130,-67222,-574,-12,1403,0,37478,90,31,144,0,0,0,0,0,0,0,0,-32304,0,0,0,0,0,96692,0
96519,1828,8192,-66,47,18,-163,-67340,-507,42,1100,0,37478,90,31,144,0,0,0,0,0,0,0,0,-32304,0,0,0,0,0,96697,0
96524,488,8994,-10,40,67,-210,-67441,-444,113,832,0,37485,97,31,144,0,0,0,0,0,0,0,0,-32304,0,0,0,0,0,96702,0
96529,276,8880,54,46,77,-219,-67528,-379,179,648,0,37485,97,31,144,0,0,0,0,0,0,0,0,-32304,0,0,0,0,0,96707,0
96534,70,8546,160,31,85,-231,-67601,-321,217,505,0,37476,101,31,144,0,0,0,0,0,0,0,0,-32304,0,0,0,0,0,96712,0
96539,-270,8352,136,28,73,-234,-67658,-241,225,397,0,37476,101,31,144,0,0,0,0,0,0,0,0,-32303,0,0,0,0,0,96717,0
96544,-1084,8186,-128,37,23,-230,-67703,-185,223,290,0,37469,109,31,144,0,0,0,0,0,0,0,0,-32304,0,0,0,0,0,96722,0
96549,-1170,8064,-66,40,5,-232,-67736,-143,212,230,0,37469,109,31,144,0,0,0,0,0,0,0,0,-32304,0,0,0,0,0,96727,0
96554,-888,7946,-60,43,-20,-223,-67754,-72,209,157,0,37453,110,31,144,0,0,0,0,0,0,0,0,-32304,0,0,0,0,0,96732,0
96559,-646,7910,18,39,-36,-229,-67771,-73,184,115,0,37453,110,31,144,0,0,0,0,0,0,0,0,-32303,0,0,0,0,0,96737,0
96564,-452,7980,132,41,-29,-230,-67787,-66,136,117,0,37451,125,31,144,0,0,0,0,0,0,0,0,-32304,0,0,0,0,0,96742,0
96569,-462,8042,176,50,-26,-230,-67795,-37,93,84,0,37451,125,31,144,0,0,0,0,0,0,0,0,-32304,0,0,0,0,0,96747,0
96574,-490,8070,192,41,-11,-229,-67795,0,78,26,0,37451,133,31,144,0,0,0,0,0,0,0,0,-32304,0,0,0,0,0,96752,0
96579,-624,8080,138,39,1,-228,-67795,6,67,3,0,37451,133,31,144,0,0,0,0,0,0,0,0,-32304,0,0,0,0,0,96757,0
96584,-1002,8096,38,52,-4,-211,-67796,6,69,3,0,37450,136,31,144,0,0,0,0,0,0,0,0,-32304,0,0,0,0,0,96762,0
96589,-1034,8060,8,48,-18,-203,-67797,0,41,1,0,37450,136,31,144,0,0,0,0,0,0,0,0,-32304,0,0,0,0,0,96767,0
96594,-1010,8006,38,48,-28,-193,-67796,0,13,0,0,37451,139,31,144,0,0,0,0,0,0,0,0,-32304,0,0,0,0,0,96772,0
96599,-996,8014,68,45,-40,-186,-67795,2,5,1,0,37451,139,31,144,0,0,0,0,0,0,0,0,-32304,0,0,0,0,0,96777,0
96604,-862,7966,136,52,-43,-170,-67796,2,2,0,0,37455,133,31,144,0,0,0,0,0,0,0,0,-32304,0,0,0,0,0,96782,0
96609,-804,7994,180,52,-40,-165,-67797,0,-2,0,0,37455,133,31,144,0,0,0,0,0,0,0,0,-32304,0,0,0,0,0,96787,0
96614,-746,8038,256,51,-35,-159,-67797,-3,-2,1,0,37457,126,31,144,0,0,0,0,0,0,0,0,-32303,0,0,0,0,0,96792,0
96619,-746,8056,228,56,-25,-147,-67796,1,0,2,0,37457,126,31,144,0,0,0,0,0,0,0,0,-32304,0,0,0,0,0,96797,0
96624,-856,8042,196,60,-20,-138,-67796,4,0,3,0,37453,117,31,144,0,0,0,0,0,0,0,0,-32304,0,0,0,0,0,96802,0
96629,-830,8104,236,57,-22,-127,-67795,-2,0,5,0,37453,117,31,144,0,0,0,0,0,0,0,0,-32304,0,0,0,0,0,96807,0
96634,-784,8104,196,64,-17,-123,-67796,5,2,5,0,37448,116,31,144,0,0,0,0,0,0,0,0,-32304,0,0,0,0,0,96812,0
96639,-858,8062,118,72,-13,-121,-67798,-2,-3,5,0,37448,116,31,144,0,0,0,0,0,0,0,0,-32304,0,0,0,0,0,96817,0
96644,-734,8116,166,64,-17,-106,-67798,2,1,5,0,37445,119,31,144,0,0,0,0,0,0,0,0,-32304,0,0,0,0,0,96822,0
96649,-776,8042,128,76,-12,-98,-67798,-4,1,7,0,37445,119,31,144,0,0,0,0,0,0,0,0,-32304,0,0,0,0,0,96827,0
96654,-754,8090,222,72,-13,-92,-67799,-7,0,7,0,37444,120,31,144,0,0,0,0,0,0,0,0,-32303,0,0,0,0,0,96832,0
96659,-820,8072,108,71,-18,-90,-67801,-7,-4,7,0,37444,120,31,144,0,0,0,0,0,0,0,0,-32304,0,0,0,0,0,96837,0
96664,-726,8098,162,75,-21,-75,-67802,-10,-4,9,0,37446,119,31,144,0,0,0,0,0,0,0,0,-32304,0,0,0,0,0,96842,0
96669,-884,8006,134,80,-19,-77,-67801,-4,-2,9,0,37446,119,31,144,0,0,0,0,0,0,0,0,-32304,0,0,0,0,0,96847,0
96674,-882,8026,158,78,-20,-68,-67803,-6,-4,11,0,37449,122,31,144,0,0,0,0,0,0,0,0,-32304,0,0,0,0,0,96852,0
96679,-922,8008,174,82,-27,-59,-67805,-9,-1,15,0,37449,122,31,144,0,0,0,0,0,0,0,0,-32304,0,0,0,0,0,96857,0
96684,-894,8014,152,79,-28,-50,-67806,-1,-5,19,0,37449,121,31,144,0,0,0,0,0,0,0,0,-32304,0,0,0,0,0,96862,0
96689,-858,8090,154,81,-26,-43,-67809,-18,-7,27,0,37449,121,31,144,0,0,0,0,0,0,0,0,-32304,0,0,0,0,0,96867,0
96694,-830,8080,74,87,-29,-34,-67813,-22,-4,40,0,37447,119,31,144,0,0,0,0,0,0,0,0,-32304,0,0,0,0,0,96872,0
96699,-788,8066,116,83,-20,-33,-67822,-40,-27,67,0,37447,119,31,144,0,0,0,0,0,0,0,0,-32304,0,0,0,0,0,96877,0
96704,-766,8138,72,82,-35,-25,-67836,-59,-40,104,0,37446,113,31,144,0,0,0,0,0,0,0,0,-32304,0,0,0,0,0,96882,0
96709,-756,8118,88,83,-34,-29,-67850,-57,-46,112,0,37446,113,31,144,0,0,0,0,0,0,0,0,-32304,0,0,0,0,0,96887,0
96714,-716,8160,66,83,-35,-19,-67855,-16,-20,64,0,37451,118,31,144,0,0,0,0,0,0,0,0,-32303,0,0,0,0,0,96892,0
96719,-690,8172,70,81,-35,-15,-67855,3,21,10,0,37451,118,31,144,0,0,0,0,0,0,0,0,-32304,0,0,0,0,0,96897,0
96724,-692,8122,52,86,-36,-21,-67855,1,53,4,0,37450,118,31,144,0,0,0,0,0,0,0,0,-32304,0,0,0,0,0,96902,0
96729,-684,8208,54,84,-32,-15,-67856,-3,51,2,0,37450,118,31,144,0,0,0,0,0,0,0,0,-32303,0,0,0,0,0,96907,0
96734,-654,8178,94,75,-31,-10,-67855,4,29,1,0,37449,118,31,144,0,0,0,0,0,0,0,0,-32304,0,0,0,0,0,96912,0
96739,-652,8114,50,72,-32,-6,-67854,5,7,0,0,37449,118,31,144,0,0,0,0,0,0,0,0,-32303,0,0,0,0,0,96917,0
96744,-678,8184,40,69,-26,-6,-67856,-5,-3,1,0,37448,114,31,144,0,0,0,0,0,0,0,0,-32304,0,0,0,0,0,96922,0
96749,-730,8084,58,69,-23,-5,-67855,1,-1,0,0,37448,114,31,144,0,0,0,0,0,0,0,0,-32303,0,0,0,0,0,96927,0
96754,-740,8092,20,61,-27,4,-67855,2,-1,1,0,37449,113,31,144,0,0,0,0,0,0,0,0,-32304,0,0,0,0,0,96932,0
96759,-804,8082,-12,68,-23,1,-67854,7,1,3,0,37449,113,31,144,0,0,0,0,0,0,0,0,-32304,0,0,0,0,0,96937,0
96764,-754,8106,44,54,-23,9,-67855,3,-1,3,0,37449,121,31,144,0,0,0,0,0,0,0,0,-32304,0,0,0,0,0,96942,0
96769,-768,8058,22,61,-19,11,-67855,5,1,1,0,37449,121,31,144,0,0,0,0,0,0,0,0,-32303,0,0,0,0,0,96947,0
96774,-778,8070,20,50,-16,8,-67855,4,1,2,0,37445,127,31,144,0,0,0,0,0,0,0,0,-32304,0,0,0,0,0,96952,0
96779,-774,8080,8,52,-14,17,-67856,0,-4,2,0,37445,127,31,144,0,0,0,0,0,0,0,0,-32304,0,0,0,0,0,96957,0
96784,-756,8078,4,50,-17,23,-67854,0,2,2,0,37445,131,31,144,0,0,0,0,0,0,0,0,-32304,0,0,0,0,0,96962,0
96789,-732,8112,4,52,-19,23,-67855,3,2,3,0,37445,131,31,144,0,0,0,0,0,0,0,0,-32303,0,0,0,0,0,96967,0
96794,-726,8088,16,41,-20,23,-67855,-3,-3,4,0,37447,126,31,144,0,0,0,0,0,0,0,0,-32304,0,0,0,0,0,96972,0
96799,-716,8110,16,47,-22,31,-67855,5,2,4,0,37447,126,31,144,0,0,0,0,0,0,0,0,-32304,0,0,0,0,0,96977,0
96804,-662,8138,32,40,-23,25,-67855,3,-2,3,0,37449,119,31,144,0,0,0,0,0,0,0,0,-32303,0,0,0,0,0,96982,0
96809,-650,8106,42,38,-22,26,-67854,6,1,3,0,37449,119,31,144,0,0,0,0,0,0,0,0,-32303,0,0,0,0,0,96987,0
96814,-630,8138,54,42,-26,19,-67856,0,0,3,0,37450,120,31,144,0,0,0,0,0,0,0,0,-32304,0,0,0,0,0,96992,0
96819,-588,8136,60,39,-28,25,-67855,4,2,0,0,37450,120,31,144,0,0,0,0,0,0,0,0,-32304,0,0,0,0,0,96997,0
96824,-564,8198,22,32,-21,18,-67855,1,-2,1,0,37450,125,31,144,0,0,0,0,0,0,0,0,-32304,0,0,0,0,0,97002,0
96829,-514,8190,34,34,-21,19,-67856,0,2,2,0,37450,125,31,144,0,0,0,0,0,0,0,0,-32304,0,0,0,0,0,97007,0
96834,-568,8150,34,29,-26,8,-67855,-2,-3,3,0,37451,123,31,144,0,0,0,0,0,0,0,0,-32304,0,0,0,0,0,97012,0
96839,-554,8170,68,28,-29,14,-67856,-5,-3,2,0,37451,123,31,144,0,0,0,0,0,0,0,0,-32304,0,0,0,0,0,97017,0
96844,-610,8098,98,28,-29,5,-67856,-2,-4,2,0,37453,112,31,144,0,0,0,0,0,0,0,0,-32304,0,0,0,0,0,97022,0
96849,-630,8068,116,28,-28,4,-67856,-1,-3,3,0,37453,112,31,144,0,0,0,0,0,0,0,0,-32304,0,0,0,0,0,97027,0
96854,-652,8074,126,37,-30,-1,-67856,-6,-3,3,0,37453,104,31,144,0,0,0,0,0,0,0,0,-32304,0,0,0,0,0,97032,0
96859,-666,8054,154,33,-32,-2,-67855,-2,1,3,0,37453,104,31,144,0,0,0,0,0,0,0,0,-32303,0,0,0,0,0,97037,0
96864,-672,8066,184,32,-29,-1,-67855,2,1,2,0,37452,111,31,144,0,0,0,0,0,0,0,0,-32304,0,0,0,0,0,97042,0
96869,-642,8082,210,33,-28,-6,-67856,-4,-3,2,0,37452,111,31,144,0,0,0,0,0,0,0,0,-32304,0,0,0,0,0,97047,0
96874,-638,8080,172,37,-26,-9,-67855,-4,-1,4,0,37450,109,31,144,0,0,0,0,0,0,0,0,-32304,0,0,0,0,0,97052,0
96879,-578,8138,178,40,-21,-8,-67855,-6,0,4,0,37450,109,31,144,0,0,0,0,0,0,0,0,-32303,0,0,0,0,0,97057,0
96884,-520,8162,182,48,-20,-12,-67856,-6,0,3,0,37448,109,31,144,0,0,0,0,0,0,0,0,-32303,0,0,0,0,0,97062,0
96889,-522,8174,210,34,-20,-20,-67855,8,0,5,0,37448,109,31,144,0,0,0,0,0,0,0,0,-32304,0,0,0,0,0,97067,0
96894,-472,8192,190,49,-21,-27,-67856,0,-3,6,0,37447,117,31,144,0,0,0,0,0,0,0,0,-32303,0,0,0,0,0,97072,0
96899,-454,8200,172,50,-21,-30,-67857,1,4,6,0,37447,117,31,144,0,0,0,0,0,0,0,0,-32304,0,0,0,0,0,97077,0
96904,-458,8182,208,55,-24,-37,-67857,-1,2,6,0,37448,125,31,144,0,0,0,0,0,0,0,0,-32304,0,0,0,0,0,97082,0
96909,-482,8164,232,57,-23,-40,-67856,-2,3,7,0,37448,125,31,144,0,0,0,0,0,0,0,0,-32304,0,0,0,0,0,97087,0
96914,-562,8150,178,64,-22,-47,-67858,-3,-4,7,0,37450,132,31,144,0,0,0,0,0,0,0,0,-32303,0,0,0,0,0,97092,0
96919,-484,8098,262,61,-23,-55,-67858,-4,-3,7,0,37450,132,31,144,0,0,0,0,0,0,0,0,-32304,0,0,0,0,0,97097,0
96924,-442,8190,214,67,-22,-61,-67858,2,-4,7,0,37451,132,31,144,0,0,0,0,0,0,0,0,-32304,0,0,0,0,0,97102,0
96929,-498,8164,218,65,-19,-62,-67858,0,5,5,0,37451,132,31,144,0,0,0,0,0,0,0,0,-32304,0,0,0,0,0,97107,0
96934,-454,8174,212,68,-21,-69,-67858,-2,-1,4,0,37448,133,31,144,0,0,0,0,0,0,0,0,-32304,0,0,0,0,0,97112,0
96939,-534,8154,186,71,-16,-71,-67858,-1,0,4,0,37448,133,31,144,0,0,0,0,0,0,0,0,-32304,0,0,0,0,0,97117,0
96944,-626,8132,164,79,-16,-80,-67859,-1,3,2,0,37447,128,31,144,0,0,0,0,0,0,0,0,-32304,0,0,0,0,0,97122,0
96949,-624,8126,198,75,-17,-78,-67858,1,2,4,0,37447,128,31,144,0,0,0,0,0,0,0,0,-32304,0,0,0,0,0,97127,0
96954,-626,8116,126,75,-12,-82,-67858,-3,-2,2,0,37445,119,31,144,0,0,0,0,0,0,0,0,-32304,0,0,0,0,0,97132,0
96959,-626,8116,104,78,-11,-83,-67859,-1,-1,3,0,37445,119,31,144,0,0,0,0,0,0,0,0,-32304,0,0,0,0,0,97137,0
96964,-690,8092,66,78,-8,-84,-67860,-9,1,4,0,37447,118,31,144,0,0,0,0,0,0,0,0,-32303,0,0,0,0,0,97142,0
96969,-674,8114,112,73,-9,-88,-67858,-1,-2,2,0,37447,118,31,144,0,0,0,0,0,0,0,0,-32304,0,0,0,0,0,97147,0
96974,-576,8184,124,74,-18,-89,-67860,-1,1,3,0,37445,116,31,144,0,0,0,0,0,0,0,0,-32304,0,0,0,0,0,97152,0
96979,-672,8100,56,75,-4,-91,-67859,-3,4,4,0,37445,116,31,144,0,0,0,0,0,0,0,0,-32304,0,0,0,0,0,97157,0
96984,-596,8198,92,71,-13,-91,-67859,-2,0,3,0,37444,114,31,144,0,0,0,0,0,0,0,0,-32304,0,0,0,0,0,97162,0
96989,-730,8042,34,71,-8,-95,-67861,-3,4,3,0,37444,114,31,144,0,0,0,0,0,0,0,0,-32304,0,0,0,0,0,97167,0
96994,-708,8122,94,66,-8,-96,-67859,2,1,2,0,37444,115,31,144,0,0,0,0,0,0,0,0,-32303,0,0,0,0,0,97172,0
96999,-658,8174,78,67,-8,-90,-67858,8,-1,3,0,37444,115,31,144,0,0,0,0,0,0,0,0,-32303,0,0,0,0,0,97177,0
97004,-752,8112,44,67,-1,-94,-67859,3,3,4,0,37447,116,31,144,0,0,0,0,0,0,0,0,-32304,0,0,0,0,0,97182,0
97009,-674,8174,60,62,-1,-86,-67859,6,2,3,0,37447,116,31,144,0,0,0,0,0,0,0,0,-32303,0,0,0,0,0,97187,0
97014,-814,8082,-2,63,-4,-92,-67859,5,-7,5,0,37449,120,31,144,0,0,0,0,0,0,0,0,-32303,0,0,0,0,0,97192,0
97019,-774,8120,62,58,-3,-89,-67860,3,0,4,0,37449,120,31,144,0,0,0,0,0,0,0,0,-32304,0,0,0,0,0,97197,0
97024,-800,8080,30,55,4,-85,-67859,6,-4,1,0,37455,110,31,144,0,0,0,0,0,0,0,0,-32304,0,0,0,0,0,97202,0
97029,-770,8116,108,48,-3,-85,-67860,2,-1,2,0,37455,110,31,144,0,0,0,0,0,0,0,0,-32303,0,0,0,0,0,97207,0
97034,-764,8144,84,59,0,-87,-67859,0,-4,4,0,37453,107,31,144,0,0,0,0,0,0,0,0,-32303,0,0,0,0,0,97212,0
97039,-814,8038,30,52,-7,-85,-67860,-1,-3,3,0,37453,107,31,144,0,0,0,0,0,0,0,0,-32303,0,0,0,0,0,97217,0
97044,-788,8122,68,51,-11,-79,-67860,2,-1,2,0,37453,116,31,144,0,0,0,0,0,0,0,0,-32304,0,0,0,0,0,97222,0
97049,-808,8058,50,51,-12,-81,-67860,1,-1,2,0,37453,116,31,144,0,0,0,0,0,0,0,0,-32304,0,0,0,0,0,97227,0
97054,-796,8144,118,50,-17,-75,-67861,2,-2,3,0,37448,129,31,144,0,0,0,0,0,0,0,0,-32304,0,0,0,0,0,97232,0
97059,-838,8104,38,49,-17,-78,-67861,-3,-1,2,0,37448,129,31,144,0,0,0,0,0,0,0,0,-32303,0,0,0,0,0,97237,0
97064,-732,8144,96,47,-16,-74,-67861,-1,-2,5,0,37447,133,31,144,0,0,0,0,0,0,0,0,-32303,0,0,0,0,0,97242,0
97069,-810,8078,80,47,-17,-75,-67861,-2,-2,4,0,37447,133,31,144,0,0,0,0,0,0,0,0,-32303,0,0,0,0,0,97247,0
97074,-792,8102,126,52,-10,-72,-67862,-5,2,4,0,37447,130,31,144,0,0,0,0,0,0,0,0,-32304,0,0,0,0,0,97252,0
97079,-812,8086,108,53,-26,-73,-67861,-3,0,4,0,37447,130,31,144,0,0,0,0,0,0,0,0,-32303,0,0,0,0,0,97257,0
97084,-718,8118,178,50,-17,-69,-67862,-3,2,4,0,37450,134,31,144,0,0,0,0,0,0,0,0,-32304,0,0,0,0,0,97262,0
97089,-842,8062,116,54,-22,-70,-67862,-5,-1,3,0,37450,134,31,144,0,0,0,0,0,0,0,0,-32304,0,0,0,0,0,97267,0
97094,-830,8086,160,51,-22,-62,-67862,-11,-1,4,0,37452,126,31,144,0,0,0,0,0,0,0,0,-32304,0,0,0,0,0,97272,0
97099,-690,8132,176,46,-23,-65,-67862,0,0,3,0,37452,126,31,144,0,0,0,0,0,0,0,0,-32303,0,0,0,0,0,97277,0
97104,-782,8082,196,54,-16,-66,-67861,0,3,6,0,37451,117,31,144,0,0,0,0,0,0,0,0,-32304,0,0,0,0,0,97282,0
97109,-830,8056,162,56,-19,-61,-67862,2,0,5,0,37451,117,31,144,0,0,0,0,0,0,0,0,-32303,0,0,0,0,0,97287,0
97114,-832,8038,184,61,-19,-61,-67863,0,-1,6,0,37450,113,31,144,0,0,0,0,0,0,0,0,-32304,0,0,0,0,0,97292,0
97119,-854,8010,146,60,-17,-64,-67863,-7,-4,6,0,37450,113,31,144,0,0,0,0,0,0,0,0,-32304,0,0,0,0,0,97297,0
97124,-832,8100,212,64,-13,-59,-67862,0,-1,5,0,37448,120,31,144,0,0,0,0,0,0,0,0,-32303,0,0,0,0,0,97302,0
97129,-736,8066,214,62,-11,-54,-67864,-5,2,7,0,37448,120,31,144,0,0,0,0,0,0,0,0,-32304,0,0,0,0,0,97307,0
97134,-798,8036,210,72,-12,-57,-67865,-2,-5,8,0,37450,125,31,144,0,0,0,0,0,0,0,0,-32304,0,0,0,0,0,97312,0
97139,-824,8068,190,74,-11,-60,-67865,0,-6,9,0,37450,125,31,144,0,0,0,0,0,0,0,0,-32304,0,0,0,0,0,97317,0
97144,-720,8144,248,73,-17,-57,-67865,2,1,10,0,37449,120,31,144,0,0,0,0,0,0,0,0,-32304,0,0,0,0,0,97322,0
97149,-742,8146,232,77,-14,-60,-67868,-5,0,13,0,37449,120,31,144,0,0,0,0,0,0,0,0,-32303,0,0,0,0,0,97327,0
97154,-748,8100,256,79,-13,-64,-67869,-10,-3,18,0,37449,115,31,144,0,0,0,0,0,0,0,0,-32304,0,0,0,0,0,97332,0
97159,-744,8098,220,86,-13,-57,-67872,-18,-10,23,0,37449,115,31,144,0,0,0,0,0,0,0,0,-32303,0,0,0,0,0,97337,0
97164,-724,8124,218,92,-14,-67,-67876,-17,-10,35,0,37447,112,31,144,0,0,0,0,0,0,0,0,-32304,0,0,0,0,0,97342,0
97169,-724,8092,246,92,-9,-63,-67884,-35,-14,54,0,37447,112,31,144,0,0,0,0,0,0,0,0,-32304,0,0,0,0,0,97347,0
97174,-720,8142,208,94,-14,-66,-67896,-58,-31,91,0,37448,107,31,144,0,0,0,0,0,0,0,0,-32304,0,0,0,0,0,97352,0
97179,-730,8106,264,97,-12,-68,-67913,-77,-49,126,0,37448,107,31,144,0,0,0,0,0,0,0,0,-32303,0,0,0,0,0,97357,0
97184,-752,8076,206,100,-15,-65,-67927,-62,-45,111,0,37447,113,31,144,0,0,0,0,0,0,0,0,-32305,0,0,0,0,0,97362,0
97189,-716,8138,250,102,-9,-63,-67930,-16,-16,56,0,37447,113,31,144,0,0,0,0,0,0,0,0,-32305,0,0,0,0,0,97367,0
97194,-688,8138,212,105,-16,-72,-67931,-2,32,12,0,37447,113,31,144,0,0,0,0,0,0,0,0,-32304,0,0,0,0,0,97372,0
97199,-784,8046,172,107,-11,-72,-67931,-4,65,2,0,37447,113,31,144,0,0,0,0,0,0,0,0,-32303,0,0,0,0,0,97377,0
97204,-792,8114,206,111,-9,-69,-67931,0,59,3,0,37445,118,31,144,0,0,0,0,0,0,0,0,-32304,0,0,0,0,0,97382,0
97209,-806,8070,208,115,-10,-72,-67930,-3,36,3,0,37445,118,31,144,0,0,0,0,0,0,0,0,-32304,0,0,0,0,0,97387,0
97214,-872,8026,190,124,-2,-76,-67931,-1,7,3,0,37445,123,31,144,0,0,0,0,0,0,0,0,-32304,0,0,0,0,0,97392,0
97219,-916,8014,176,118,-10,-67,-67930,3,0,3,0,37445,123,31,144,0,0,0,0,0,0,0,0,-32303,0,0,0,0,0,97397,0
97224,-922,8070,208,128,-11,-66,-67929,4,-1,3,0,37445,126,31,144,0,0,0,0,0,0,0,0,-32304,0,0,0,0,0,97402,0
97229,-970,7998,184,126,-11,-61,-67931,-2,2,2,0,37445,126,31,144,0,0,0,0,0,0,0,0,-32304,0,0,0,0,0,97407,0
97234,-972,7998,218,129,-8,-53,-67931,-3,0,2,0,37447,120,31,144,0,0,0,0,0,0,0,0,-32303,0,0,0,0,0,97412,0
97239,-952,8054,176,138,-8,-53,-67931,-5,-3,3,0,37447,120,31,144,0,0,0,0,0,0,0,0,-32303,0,0,0,0,0,97417,0
97244,-980,8070,142,138,-2,-51,-67931,-6,-2,3,0,37447,118,31,144,0,0,0,0,0,0,0,0,-32304,0,0,0,0,0,97422,0
97249,-952,8032,186,134,-5,-42,-67930,-1,-2,3,0,37447,118,31,144,0,0,0,0,0,0,0,0,-32304,0,0,0,0,0,97427,0
97254,-918,8114,168,138,-5,-41,-67931,4,2,4,0,37447,118,31,144,0,0,0,0,0,0,0,0,-32303,0,0,0,0,0,97432,0
97259,-908,8090,130,141,-10,-35,-67931,1,3,3,0,37447,118,31,144,0,0,0,0,0,0,0,0,-32304,0,0,0,0,0,97437,0
97264,-932,8108,154,134,-6,-31,-67931,0,0,3,0,37446,118,31,144,0,0,0,0,0,0,0,0,-32304,0,0,0,0,0,97442,0
97269,-916,8092,142,144,-2,-26,-67931,-1,1,3,0,37446,118,31,144,0,0,0,0,0,0,0,0,-32304,0,0,0,0,0,97447,0
97274,-936,8062,110,146,-10,-26,-67931,0,-1,3,0,37446,120,31,144,0,0,0,0,0,0,0,0,-32304,0,0,0,0,0,97452,0
97279,-954,8078,88,142,-10,-22,-67931,4,-1,3,0,37446,120,31,144,0,0,0,0,0,0,0,0,-32304,0,0,0,0,0,97457,0
97284,-912,8052,74,147,-11,-15,-67931,1,-1,3,0,37445,117,31,144,0,0,0,0,0,0,0,0,-32303,0,0,0,0,0,97462,0
97289,-944,8074,78,141,-10,-10,-67930,5,-2,4,0,37445,117,31,144,0,0,0,0,0,0,0,0,-32304,0,0,0,0,0,97467,0
97294,-946,8018,70,146,-11,-11,-67932,3,-1,5,0,37446,113,31,144,0,0,0,0,0,0,0,0,-32304,0,0,0,0,0,97472,0
97299,-918,8084,110,146,-6,-8,-67931,3,-3,3,0,37446,113,31,144,0,0,0,0,0,0,0,0,-32303,0,0,0,0,0,97477,0
97304,-882,8106,84,140,-7,-2,-67931,0,-3,5,0,37448,115,31,144,0,0,0,0,0,0,0,0,-32304,0,0,0,0,0,97482,0
97309,-900,8102,44,143,2,3,-67932,-5,0,5,0,37448,115,31,144,0,0,0,0,0,0,0,0,-32304,0,0,0,0,0,97487,0
97314,-894,8122,58,137,-6,-1,-67931,0,-1,4,0,37449,115,31,144,0,0,0,0,0,0,0,0,-32304,0,0,0,0,0,97492,0
97319,-874,8112,42,138,-4,7,-67931,1,-5,4,0,37449,115,31,144,0,0,0,0,0,0,0,0,-32304,0,0,0,0,0,97497,0
97324,-906,8086,22,133,-4,14,-67934,-4,-2,5,0,37447,110,31,144,0,0,0,0,0,0,0,0,-32304,0,0,0,0,0,97502,0
97329,-938,8068,28,130,0,17,-67932,-5,-2,5,0,37447,110,31,144,0,0,0,0,0,0,0,0,-32304,0,0,0,0,0,97507,0
97334,-938,8092,46,135,1,21,-67933,0,-2,4,0,37453,115,31,144,0,0,0,0,0,0,0,0,-32304,0,0,0,0,0,97512,0
97339,-954,8044,22,138,2,20,-67933,1,6,5,0,37453,115,31,144,0,0,0,0,0,0,0,0,-32304,0,0,0,0,0,97517,0
97344,-958,8054,22,121,-6,30,-67934,-3,0,6,0,37455,109,31,144,0,0,0,0,0,0,0,0,-32304,0,0,0,0,0,97522,0
97349,-1004,8060,34,130,-4,30,-67934,0,-2,6,0,37455,109,31,144,0,0,0,0,0,0,0,0,-32304,0,0,0,0,0,97527,0
97354,-954,8050,26,125,-3,33,-67934,-8,2,8,0,37455,115,31,144,0,0,0,0,0,0,0,0,-32304,0,0,0,0,0,97532,0
97359,-946,8056,8,125,-1,36,-67935,-5,2,8,0,37455,115,31,144,0,0,0,0,0,0,0,0,-32304,0,0,0,0,0,97537,0
97364,-934,8044,6,129,-2,43,-67935,0,-1,13,0,37448,113,31,144,0,0,0,0,0,0,0,0,-32303,0,0,0,0,0,97542,0
97369,-918,8092,0,126,-2,41,-67937,-8,-5,17,0,37448,113,31,144,0,0,0,0,0,0,0,0,-32303,0,0,0,0,0,97547,0
97374,-910,8104,24,126,-9,50,-67941,-14,-12,24,0,37449,123,31,144,0,0,0,0,0,0,0,0,-32304,0,0,0,0,0,97552,0
97379,-884,8118,32,123,-6,53,-67944,-21,-6,37,0,37449,123,31,144,0,0,0,0,0,0,0,0,-32304,0,0,0,0,0,97557,0
97384,-908,8106,48,128,-6,58,-67952,-41,-16,56,0,37448,123,31,144,0,0,0,0,0,0,0,0,-32304,0,0,0,0,0,97562,0
97389,-852,8146,46,124,-8,61,-67964,-60,-32,84,0,37448,123,31,144,0,0,0,0,0,0,0,0,-32304,0,0,0,0,0,97567,0
97394,-862,8102,26,122,-6,61,-67976,-58,-41,98,0,37448,126,31,144,0,0,0,0,0,0,0,0,-32304,0,0,0,0,0,97572,0
97399,-878,8112,24,125,-12,61,-67983,-23,-31,67,0,37448,126,31,144,0,0,0,0,0,0,0,0,-32304,0,0,0,0,0,97577,0
97404,-912,8078,22,117,-4,64,-67982,1,10,16,0,37446,127,31,144,0,0,0,0,0,0,0,0,-32304,0,0,0,0,0,97582,0
97409,-928,8076,30,117,-6,69,-67983,0,45,2,0,37446,127,31,144,0,0,0,0,0,0,0,0,-32304,0,0,0,0,0,97587,0
97414,-934,8048,4,118,-6,72,-67984,-6,54,2,0,37447,130,31,144,0,0,0,0,0,0,0,0,-32303,0,0,0,0,0,97592,0
97419,-938,8050,-2,113,-5,67,-67984,-7,34,1,0,37447,130,31,144,0,0,0,0,0,0,0,0,-32304,0,0,0,0,0,97597,0
97424,-922,8034,-2,112,-1,78,-67984,-5,4,3,0,37446,130,31,144,0,0,0,0,0,0,0,0,-32304,0,0,0,0,0,97602,0
97429,-904,8070,-20,111,-3,81,-67984,-7,3,3,0,37446,130,31,144,0,0,0,0,0,0,0,0,-32304,0,0,0,0,0,97607,0
97434,-904,8092,-22,111,-12,81,-67983,-5,3,2,0,37448,127,31,144,0,0,0,0,0,0,0,0,-32304,0,0,0,0,0,97612,0
97439,-902,8100,-30,106,-3,84,-67984,-12,2,0,0,37448,127,31,144,0,0,0,0,0,0,0,0,-32303,0,0,0,0,0,97617,0
97444,-814,8102,-22,108,-3,81,-67983,-2,3,0,0,37451,122,31,144,0,0,0,0,0,0,0,0,-32304,0,0,0,0,0,97622,0
97449,-828,8116,-34,103,2,86,-67982,3,-1,2,0,37451,122,31,144,0,0,0,0,0,0,0,0,-32304,0,0,0,0,0,97627,0
97454,-814,8136,-18,101,-4,87,-67984,-2,3,1,0,37450,122,31,144,0,0,0,0,0,0,0,0,-32304,0,0,0,0,0,97633,0
97459,-816,8148,-36,97,3,91,-67982,0,5,3,0,37450,122,31,144,0,0,0,0,0,0,0,0,-32304,0,0,0,0,0,97638,0
97464,-818,8148,-46,95,0,87,-67982,0,2,3,0,37450,124,31,144,0,0,0,0,0,0,0,0,-32304,0,0,0,0,0,97643,0
97469,-812,8132,-32,88,-2,88,-67983,8,1,1,0,37450,124,31,144,0,0,0,0,0,0,0,0,-32304,0,0,0,0,0,97648,0
97474,-858,8150,-94,87,-5,90,-67983,-6,-3,3,0,37445,128,31,144,0,0,0,0,0,0,0,0,-32304,0,0,0,0,0,97653,0
97479,-846,8112,-18,86,0,91,-67983,1,-4,4,0,37445,128,31,144,0,0,0,0,0,0,0,0,-32304,0,0,0,0,0,97658,0
97484,-876,8074,-32,83,-5,93,-67982,5,3,2,0,37446,135,31,144,0,0,0,0,0,0,0,0,-32304,0,0,0,0,0,97663,0
97489,-876,8064,-36,78,-5,97,-67983,0,3,2,0,37446,135,31,144,0,0,0,0,0,0,0,0,-32304,0,0,0,0,0,97668,0
97494,-840,8088,-14,77,-9,97,-67983,-1,-1,2,0,37446,133,31,144,0,0,0,0,0,0,0,0,-32303,0,0,0,0,0,97673,0
97499,-862,8082,-42,83,-6,101,-67982,-1,-1,1,0,37446,133,31,144,0,0,0,0,0,0,0,0,-32304,0,0,0,0,0,97678,0
97504,-874,8108,-32,74,-8,97,-67982,2,0,4,0,37447,127,31,144,0,0,0,0,0,0,0,0,-32304,0,0,0,0,0,97683,0
97509,-862,8086,-48,71,-13,96,-67984,1,3,3,0,37447,127,31,144,0,0,0,0,0,0,0,0,-32304,0,0,0,0,0,97688,0
97514,-758,8178,-18,64,-10,97,-67982,3,1,3,0,37448,116,31,144,0,0,0,0,0,0,0,0,-32304,0,0,0,0,0,97693,0
97519,-764,8156,-34,69,-12,101,-67982,-2,-2,1,0,37448,116,31,144,0,0,0,0,0,0,0,0,-32304,0,0,0,0,0,97698,0
97524,-688,8178,-32,58,-16,99,-67982,1,2,1,0,37450,124,31,144,0,0,0,0,0,0,0,0,-32304,0,0,0,0,0,97703,0
97529,-692,8178,-60,60,-20,93,-67982,-1,-2,2,0,37450,124,31,144,0,0,0,0,0,0,0,0,-32303,0,0,0,0,0,97708,0
97534,-714,8192,-14,51,-15,94,-67984,-5,-3,4,0,37449,119,31,144,0,0,0,0,0,0,0,0,-32304,0,0,0,0,0,97713,0
97539,-724,8206,-20,54,-17,91,-67982,0,-4,3,0,37449,119,31,144,0,0,0,0,0,0,0,0,-32303,0,0,0,0,0,97718,0
97544,-700,8174,-26,49,-21,84,-67982,10,2,0,0,37453,121,31,144,0,0,0,0,0,0,0,0,-32304,0,0,0,0,0,97723,0
97549,-690,8124,-20,54,-17,80,-67982,4,1,0,0,37453,121,31,144,0,0,0,0,0,0,0,0,-32304,0,0,0,0,0,97728,0
97554,-660,8116,-20,53,-18,81,-67983,-4,-1,1,0,37453,127,31,144,0,0,0,0,0,0,0,0,-32304,0,0,0,0,0,97733,0
97559,-676,8126,20,52,-23,75,-67983,-2,-1,1,0,37453,127,31,144,0,0,0,0,0,0,0,0,-32304,0,0,0,0,0,97738,0
97564,-736,8110,16,49,-22,69,-67983,2,-1,2,0,37456,142,31,144,0,0,0,0,0,0,0,0,-32304,0,0,0,0,0,97743,0
97569,-714,8134,28,48,-21,73,-67982,0,3,2,0,37456,142,31,144,0,0,0,0,0,0,0,0,-32304,0,0,0,0,0,97748,0
97574,-700,8144,82,51,-21,69,-67983,-3,-2,1,0,37451,141,31,144,0,0,0,0,0,0,0,0,-32304,0,0,0,0,0,97753,0
97579,-716,8124,82,51,-26,70,-67982,-1,0,3,0,37451,141,31,144,0,0,0,0,0,0,0,0,-32304,0,0,0,0,0,97758,0
97584,-730,8108,98,53,-22,61,-67983,2,1,3,0,37450,133,31,144,0,0,0,0,0,0,0,0,-32304,0,0,0,0,0,97763,0
97589,-718,8112,112,45,-24,63,-67983,-3,1,4,0,37450,133,31,144,0,0,0,0,0,0,0,0,-32304,0,0,0,0,0,97768,0
97594,-716,8100,104,53,-25,59,-67983,5,-4,2,0,37449,122,31,144,0,0,0,0,0,0,0,0,-32303,0,0,0,0,0,97773,0
97599,-722,8118,100,58,-24,55,-67982,3,2,2,0,37449,122,31,144,0,0,0,0,0,0,0,0,-32304,0,0,0,0,0,97778,0
97604,-688,8144,96,56,-18,57,-67983,0,2,3,0,37450,120,31,144,0,0,0,0,0,0,0,0,-32303,0,0,0,0,0,97783,0
97609,-682,8136,94,55,-21,51,-67983,-3,0,3,0,37450,120,31,144,0,0,0,0,0,0,0,0,-32304,0,0,0,0,0,97788,0
97614,-652,8118,96,60,-18,49,-67983,-1,3,3,0,37448,127,31,144,0,0,0,0,0,0,0,0,-32304,0,0,0,0,0,97793,0
97619,-654,8144,96,58,-18,49,-67983,-1,-3,1,0,37448,127,31,144,0,0,0,0,0,0,0,0,-32304,0,0,0,0,0,97798,0
97624,-688,8126,88,61,-16,42,-67983,5,-1,1,0,37444,131,31,144,0,0,0,0,0,0,0,0,-32304,0,0,0,0,0,97803,0
97629,-658,8174,78,61,-18,40,-67983,-3,0,1,0,37444,131,31,144,0,0,0,0,0,0,0,0,-32304,0,0,0,0,0,97808,0
97634,-682,8124,70,60,-10,38,-67983,-3,3,3,0,37443,125,31,144,0,0,0,0,0,0,0,0,-32303,0,0,0,0,0,97813,0
97639,-706,8104,68,59,-10,35,-67983,-7,-1,4,0,37443,125,31,144,0,0,0,0,0,0,0,0,-32304,0,0,0,0,0,97818,0
97644,-690,8112,38,59,-7,31,-67983,-5,-1,5,0,37446,120,31,144,0,0,0,0,0,0,0,0,-32303,0,0,0,0,0,97823,0
97649,-722,8118,72,60,-4,27,-67984,-3,-7,5,0,37446,120,31,144,0,0,0,0,0,0,0,0,-32304,0,0,0,0,0,97828,0
97654,-726,8102,40,61,-6,31,-67984,-4,-4,3,0,37446,112,31,144,0,0,0,0,0,0,0,0,-32304,0,0,0,0,0,97833,0
97659,-706,8136,38,59,-5,25,-67982,0,2,3,0,37446,112,31,144,0,0,0,0,0,0,0,0,-32304,0,0,0,0,0,97838,0
97664,-724,8116,22,59,2,22,-67982,10,-1,3,0,37445,120,31,144,0,0,0,0,0,0,0,0,-32304,0,0,0,0,0,97843,0
97669,-760,8134,26,59,-2,23,-67982,7,2,2,0,37445,120,31,144,0,0,0,0,0,0,0,0,-32303,0,0,0,0,0,97848,0
97674,-756,8110,42,64,-2,22,-67983,7,0,3,0,37447,121,31,144,0,0,0,0,0,0,0,0,-32304,0,0,0,0,0,97853,0
97679,-750,8140,30,52,-6,21,-67982,7,1,3,0,37447,121,31,144,0,0,0,0,0,0,0,0,-32303,0,0,0,0,0,97858,0
97684,-740,8114,14,52,-1,18,-67982,10,1,1,0,37444,121,31,144,0,0,0,0,0,0,0,0,-32303,0,0,0,0,0,97863,0
97689,-762,8124,14,52,-1,21,-67983,-1,2,3,0,37444,121,31,144,0,0,0,0,0,0,0,0,-32304,0,0,0,0,0,97868,0
97694,-770,8120,14,50,-11,18,-67982,3,-1,2,0,37445,124,31,144,0,0,0,0,0,0,0,0,-32303,0,0,0,0,0,97873,0
97699,-782,8110,26,55,-4,12,-67982,6,0,1,0,37445,124,31,144,0,0,0,0,0,0,0,0,-32304,0,0,0,0,0,97878,0
97704,-778,8104,26,51,-5,14,-67982,2,0,1,0,37444,127,31,144,0,0,0,0,0,0,0,0,-32304,0,0,0,0,0,97883,0
97709,-764,8122,20,56,-4,17,-67981,1,1,2,0,37444,127,31,144,0,0,0,0,0,0,0,0,-32304,0,0,0,0,0,97888,0
97714,-766,8104,28,56,-4,18,-67982,-2,0,3,0,37444,127,31,144,0,0,0,0,0,0,0,0,-32304,0,0,0,0,0,97893,0
97719,-742,8110,34,47,-10,21,-67984,-2,-5,2,0,37444,127,31,144,0,0,0,0,0,0,0,0,-32303,0,0,0,0,0,97898,0
97724,-784,8132,34,51,-8,17,-67983,4,-2,2,0,37444,127,31,144,0,0,0,0,0,0,0,0,-32304,0,0,0,0,0,97903,0
97729,-772,8112,26,45,-10,18,-67982,4,0,2,0,37444,127,31,144,0,0,0,0,0,0,0,0,-32304,0,0,0,0,0,97908,0
97734,-774,8126,56,49,-10,17,-67983,-4,2,2,0,37444,121,31,144,0,0,0,0,0,0,0,0,-32304,0,0,0,0,0,97914,0
97739,-762,8130,52,50,-8,12,-67983,3,-2,2,0,37444,121,31,144,0,0,0,0,0,0,0,0,-32304,0,0,0,0,0,97919,0
97744,-766,8108,62,53,-13,18,-67982,2,-2,1,0,37447,128,31,144,0,0,0,0,0,0,0,0,-32303,0,0,0,0,0,97924,0
97749,-834,8106,72,52,-11,20,-67982,1,2,1,0,37447,128,31,144,0,0,0,0,0,0,0,0,-32304,0,0,0,0,0,97930,0
97754,-818,8080,66,55,-13,24,-67984,-7,-3,-419,-1216,37445,136,31,144,0,0,0,0,0,0,0,0,-32304,0,0,0,0,0,97936,0
97759,-1044,8132,104,48,-3,33,-68074,-447,-204,-1639,-1944,37445,136,31,144,0,0,0,0,0,0,0,0,-32303,0,0,0,0,0,97941,0
97764,-904,8000,96,51,-9,25,-68258,-844,-573,-1369,-2080,37433,153,31,144,0,0,0,0,0,0,0,0,-32303,0,0,0,0,0,97947,0
97769,-696,8062,-18,52,-12,36,-68488,-1022,-887,-687,-1800,37433,153,31,144,0,0,0,0,0,0,0,0,-32303,0,0,0,0,0,97952,0
97774,-802,8078,52,57,-5,31,-68722,-1020,-918,-189,-1168,37430,157,31,144,0,0,0,0,0,0,0,0,-32304,0,0,0,0,0,97957,0
97779,-810,8088,64,46,-8,35,-68932,-911,-608,33,-496,37430,157,31,144,0,0,0,0,0,0,0,0,-32303,0,0,0,0,0,97963,0
97784,-804,8080,78,50,-15,29,-69111,-763,-105,185,-232,37425,154,31,144,0,0,0,0,0,0,0,0,-32304,0,0,0,0,0,97968,0
97789,-792,8100,72,55,-13,38,-69239,-531,297,241,-184,37425,154,31,144,0,0,0,0,0,0,0,0,-32303,0,0,0,0,0,97973,0
97794,-816,8094,86,53,-11,37,-69318,-333,536,59,-272,37438,133,31,144,0,0,0,0,0,0,0,0,-32304,0,0,0,0,0,97979,0
97799,-836,8116,74,54,-12,38,-69368,-225,627,-295,-328,37438,133,31,144,0,0,0,0,0,0,0,0,-32304,0,0,0,0,0,97984,0
97804,-792,8076,66,54,-10,39,-69401,-144,580,-524,-344,37457,126,31,144,0,0,0,0,0,0,0,0,-32304,0,0,0,0,0,97990,0
97809,-760,8094,70,57,-19,36,-69429,-115,430,-629,-320,37457,126,31,144,0,0,0,0,0,0,0,0,-32304,0,0,0,0,0,97995,0
97814,-776,8126,90,56,-10,37,-69446,-61,272,-690,-304,37471,120,31,144,0,0,0,0,0,0,0,0,-32304,0,0,0,0,0,98000,0
97819,-764,8122,64,57,-10,44,-69456,-44,173,-747,-304,37471,120,31,144,0,0,0,0,0,0,0,0,-32304,0,0,0,0,0,98006,0
97824,-816,8086,94,55,-8,44,-69469,-60,109,-766,-280,37468,125,31,144,0,0,0,0,0,0,0,0,-32304,0,0,0,0,0,98011,0
97829,-826,8098,96,58,-13,44,-69481,-46,64,-734,-288,37468,125,31,144,0,0,0,0,0,0,0,0,-32303,0,0,0,0,0,98017,0
97834,-852,8068,78,63,-4,43,-69484,-11,43,-751,-264,37454,117,31,144,0,0,0,0,0,0,0,0,-32304,0,0,0,0,0,98022,0
97839,-826,8082,70,57,-3,43,-69485,-6,43,-804,-264,37454,117,31,144,0,0,0,0,0,0,0,0,-32304,0,0,0,0,0,98028,0
97844,-854,8054,96,60,-6,51,-69484,3,52,-821,-272,37436,112,31,144,0,0,0,0,0,0,0,0,-32304,0,0,0,0,0,98033,0
97849,-802,8084,106,60,-5,45,-69484,5,48,-823,-272,37436,112,31,144,0,0,0,0,0,0,0,0,-32304,0,0,0,0,0,98039,0
97854,-808,8094,112,61,-8,53,-69485,0,25,-820,-264,37442,118,31,144,0,0,0,0,0,0,0,0,-32304,0,0,0,0,0,98044,0
97859,-788,8116,104,57,-6,56,-69486,-4,-1,-820,-256,37442,118,31,144,0,0,0,0,0,0,0,0,-32303,0,0,0,0,0,98050,0
97864,-754,8130,98,66,-11,52,-69485,0,6,-820,-264,37443,124,31,144,0,0,0,0,0,0,0,0,-32304,0,0,0,0,0,98055,0
97869,-760,8110,80,67,-4,50,-69485,-3,-1,-824,-264,37443,124,31,144,0,0,0,0,0,0,0,0,-32304,0,0,0,0,0,98061,0
97874,-712,8108,90,66,-8,49,-69485,0,2,-820,-264,37444,125,31,144,0,0,0,0,0,0,0,0,-32304,0,0,0,0,0,98066,0
97879,-724,8106,100,69,-3,49,-69485,2,3,-817,-272,37444,125,31,144,0,0,0,0,0,0,0,0,-32303,0,0,0,0,0,98072,0
97884,-704,8118,114,71,-7,50,-69485,-3,0,-826,-264,37432,123,31,144,0,0,0,0,0,0,0,0,-32304,0,0,0,0,0,98078,0
97889,-726,8122,130,71,-12,46,-69484,6,1,-820,-272,37432,123,31,144,0,0,0,0,0,0,0,0,-32304,0,0,0,0,0,98083,0
97894,-718,8110,96,72,-9,39,-69484,3,5,-823,-272,37427,120,31,144,0,0,0,0,0,0,0,0,-32304,0,0,0,0,0,98089,0
97899,-728,8120,88,75,-11,42,-69485,0,0,-818,-272,37427,120,31,144,0,0,0,0,0,0,0,0,-32304,0,0,0,0,0,98094,0
97904,-734,8086,88,74,-10,43,-69484,3,-3,-814,-272,37426,118,31,144,0,0,0,0,0,0,0,0,-32304,0,0,0,0,0,98100,0
97909,-742,8110,76,79,-14,41,-69484,1,-2,-819,-272,37426,118,31,144,0,0,0,0,0,0,0,0,-32304,0,0,0,0,0,98105,0
97914,-750,8090,78,75,-8,45,-69486,0,0,-817,-264,37429,119,31,144,0,0,0,0,0,0,0,0,-32304,0,0,0,0,0,98111,0
97919,-744,8112,94,84,-12,41,-69485,0,-3,-817,-264,37429,119,31,144,0,0,0,0,0,0,0,0,-32304,0,0,0,0,0,98116,0
97924,-790,8086,108,83,-4,42,-69485,-5,0,-823,-264,37434,124,31,144,0,0,0,0,0,0,0,0,-32304,0,0,0,0,0,98122,0
97929,-804,8096,70,78,-6,43,-69485,2,1,-821,-264,37434,124,31,144,0,0,0,0,0,0,0,0,-32304,0,0,0,0,0,98127,0
97934,-820,8094,74,81,-10,42,-69485,6,1,-818,-264,37436,124,31,144,0,0,0,0,0,0,0,0,-32303,0,0,0,0,0,98133,0
97939,-828,8064,90,80,-6,41,-69486,1,-2,-820,-264,37436,124,31,144,0,0,0,0,0,0,0,0,-32304,0,0,0,0,0,98138,0
97944,-830,8034,70,85,-9,47,-69485,4,-1,-816,-272,37437,122,31,144,0,0,0,0,0,0,0,0,-32304,0,0,0,0,0,98144,0
97949,-836,8092,90,87,-9,46,-69485,4,1,-818,-280,37437,122,31,144,0,0,0,0,0,0,0,0,-32304,0,0,0,0,0,98149,0
97954,-854,8100,70,87,-8,47,-69486,-5,-3,-821,-264,37436,118,31,144,0,0,0,0,0,0,0,0,-32303,0,0,0,0,0,98156,0
97959,-804,8074,90,84,-7,55,-69486,-8,-1,-821,-248,37436,118,31,144,0,0,0,0,0,0,0,0,-32304,0,0,0,0,0,98161,0
97964,-806,8118,78,90,-15,49,-69486,-2,-4,-820,-256,37436,116,31,144,0,0,0,0,0,0,0,0,-32304,0,0,0,0,0,98166,0
97969,-784,8106,78,88,-2,58,-69485,-2,0,-821,-264,37436,116,31,144,0,0,0,0,0,0,0,0,-32304,0,0,0,0,0,98172,0
97974,-784,8088,90,88,-15,57,-69486,-3,-1,-818,-264,37432,115,31,144,0,0,0,0,0,0,0,0,-32303,0,0,0,0,0,98177,0
97979,-816,8102,82,89,-12,54,-69485,0,0,-818,-272,37432,115,31,144,0,0,0,0,0,0,0,0,-32304,0,0,0,0,0,98182,0
97984,-838,8072,72,91,-12,66,-69486,-1,-1,-823,-264,37430,110,31,144,0,0,0,0,0,0,0,0,-32304,0,0,0,0,0,98188,0
97989,-858,8076,64,88,-15,63,-69487,-5,1,-819,-256,37430,110,31,144,0,0,0,0,0,0,0,0,-32304,0,0,0,0,0,98194,0
97994,-870,8030,60,95,-12,63,-69484,7,2,-816,-272,37429,112,31,144,0,0,0,0,0,0,0,0,-32304,0,0,0,0,0,98198,0
97999,-886,8020,74,92,-17,68,-69485,-1,1,-820,-272,37429,112,31,144,0,0,0,0,0,0,0,0,-32304,0,0,0,0,0,98204,0
98004,-798,8074,146,90,-17,72,-69486,-1,1,-813,-264,37430,114,31,144,0,0,0,0,0,0,0,0,-32304,0,0,0,0,0,98210,0
98009,-802,8080,82,93,-19,76,-69485,5,-3,-818,-264,37430,114,31,144,0,0,0,0,0,0,0,0,-32304,0,0,0,0,0,98215,0
98014,-846,8086,48,99,-19,77,-69485,3,1,-821,-264,37431,125,31,144,0,0,0,0,0,0,0,0,-32303,0,0,0,0,0,98220,0
98019,-752,8156,136,93,-20,77,-69486,0,2,-818,-264,37431,125,31,144,0,0,0,0,0,0,0,0,-32304,0,0,0,0,0,98226,0
98024,-754,8118,30,95,-18,78,-69486,0,0,-817,-264,37429,125,31,144,0,0,0,0,0,0,0,0,-32304,0,0,0,0,0,98232,0
98029,-720,8132,92,90,-21,78,-69486,0,1,-818,-264,37429,125,31,144,0,0,0,0,0,0,0,0,-32304,0,0,0,0,0,98237,0
98034,-734,8138,38,100,-20,77,-69485,8,-2,-813,-264,37431,130,31,144,0,0,0,0,0,0,0,0,-32304,0,0,0,0,0,98243,0
98039,-772,8138,28,101,-26,73,-69485,5,2,-815,-272,37431,130,31,144,0,0,0,0,0,0,0,0,-32304,0,0,0,0,0,98248,0
98044,-770,8056,32,98,-25,78,-69486,3,1,-819,-272,37433,129,31,144,0,0,0,0,0,0,0,0,-32304,0,0,0,0,0,98253,0
98049,-812,8070,50,99,-33,74,-69485,6,0,-818,-272,37433,129,31,144,0,0,0,0,0,0,0,0,-32304,0,0,0,0,0,98259,0
98054,-810,8132,52,99,-22,80,-69486,-8,-2,-820,-264,37438,126,31,144,0,0,0,0,0,0,0,0,-32303,0,0,0,0,0,98264,0
98059,-814,8054,60,100,-31,78,-69487,0,0,-813,-264,37438,126,31,144,0,0,0,0,0,0,0,0,-32304,0,0,0,0,0,98270,0
98064,-826,8064,60,99,-31,82,-69486,-3,-2,-820,-256,37437,126,31,144,0,0,0,0,0,0,0,0,-32304,0,0,0,0,0,98275,0
98069,-806,8102,36,95,-25,85,-69487,-4,0,-819,-264,37437,126,31,144,0,0,0,0,0,0,0,0,-32304,0,0,0,0,0,98281,0
98074,-794,8014,42,102,-27,79,-69486,0,1,-817,-264,37436,122,31,144,0,0,0,0,0,0,0,0,-32303,0,0,0,0,0,98286,0
98079,-810,8076,36,107,-27,85,-69486,0,4,-818,-256,37436,122,31,144,0,0,0,0,0,0,0,0,-32304,0,0,0,0,0,98292,0
98084,-716,8100,76,94,-19,86,-69485,6,0,-815,-272,37432,118,31,144,0,0,0,0,0,0,0,0,-32304,0,0,0,0,0,98297,0
98089,-726,8130,30,98,-27,84,-69486,1,0,-815,-272,37432,118,31,144,0,0,0,0,0,0,0,0,-32304,0,0,0,0,0,98303,0
98094,-736,8082,54,103,-19,87,-69487,3,1,-821,-248,37429,115,31,144,0,0,0,0,0,0,0,0,-32304,0,0,0,0,0,98308,0
98099,-718,8130,56,101,-24,87,-69487,0,-2,-825,-264,37429,115,31,144,0,0,0,0,0,0,0,0,-32304,0,0,0,0,0,98314,0
98104,-746,8112,32,99,-18,86,-69487,-1,5,-817,-256,37430,115,31,144,0,0,0,0,0,0,0,0,-32304,0,0,0,0,0,98319,0
98109,-714,8110,62,105,-14,89,-69487,-2,4,-819,-248,37430,115,31,144,0,0,0,0,0,0,0,0,-32304,0,0,0,0,0,98325,0
98114,-684,8126,64,104,-13,84,-69486,0,-2,-818,-264,37430,113,31,144,0,0,0,0,0,0,0,0,-32304,0,0,0,0,0,98330,0
98119,-762,8112,58,102,-15,79,-69486,2,-1,-819,-272,37430,113,31,144,0,0,0,0,0,0,0,0,-32304,0,0,0,0,0,98335,0
98124,-720,8102,44,99,-11,83,-69486,0,-2,-814,-272,37430,111,31,144,0,0,0,0,0,0,0,0,-32304,0,0,0,0,0,98341,0
98129,-710,8096,60,96,-8,81,-69486,0,0,-814,-272,37430,111,31,144,0,0,0,0,0,0,0,0,-32304,0,0,0,0,0,98346,0
98134,-710,8102,40,101,-4,83,-69486,0,-2,-820,-264,37430,112,31,144,0,0,0,0,0,0,0,0,-32303,0,0,0,0,0,98352,0
98139,-666,8126,48,99,0,82,-69487,-3,-1,-817,-264,37430,112,31,144,0,0,0,0,0,0,0,0,-32303,0,0,0,0,0,98357,0
98144,-648,8106,78,101,0,78,-69486,-1,-3,-817,-264,37430,117,31,144,0,0,0,0,0,0,0,0,-32304,0,0,0,0,0,98363,0
98149,-656,8136,20,101,4,79,-69486,7,0,-820,-272,37430,117,31,144,0,0,0,0,0,0,0,0,-32304,0,0,0,0,0,98368,0
98154,-682,8118,60,98,7,73,-69486,3,2,-819,-272,37432,118,31,144,0,0,0,0,0,0,0,0,-32304,0,0,0,0,0,98374,0
98159,-662,8118,54,97,4,69,-69488,-7,-2,-815,-256,37432,118,31,144,0,0,0,0,0,0,0,0,-32304,0,0,0,0,0,98379,0
98164,-640,8130,60,105,6,68,-69488,-7,3,-815,-248,37432,116,31,144,0,0,0,0,0,0,0,0,-32303,0,0,0,0,0,98385,0
98169,-640,8128,68,96,13,66,-69488,-3,1,-821,-256,37432,116,31,144,0,0,0,0,0,0,0,0,-32304,0,0,0,0,0,98390,0
98174,-622,8142,46,102,8,66,-69488,-1,3,-820,-256,37438,114,31,144,0,0,0,0,0,0,0,0,-32303,0,0,0,0,0,98396,0
98179,-600,8182,40,102,14,63,-69487,0,6,-817,-272,37438,114,31,144,0,0,0,0,0,0,0,0,-32303,0,0,0,0,0,98401,0
98184,-578,8182,12,106,6,55,-69488,-8,2,-816,-248,37438,112,31,144,0,0,0,0,0,0,0,0,-32304,0,0,0,0,0,98406,0
98189,-538,8148,28,111,8,55,-69487,1,5,-817,-256,37438,112,31,144,0,0,0,0,0,0,0,0,-32305,0,0,0,0,0,98412,0
98194,-534,8166,4,104,12,49,-69488,-4,-6,-818,-256,37441,116,31,144,0,0,0,0,0,0,0,0,-32304,0,0,0,0,0,98417,0
98199,-562,8158,22,103,11,40,-69488,-9,-1,-821,-264,37441,116,31,144,0,0,0,0,0,0,0,0,-32304,0,0,0,0,0,98423,0
98204,-590,8116,8,101,3,32,-69488,-3,-2,-817,-256,37438,122,31,144,0,0,0,0,0,0,0,0,-32303,0,0,0,0,0,98428,0
98209,-582,8114,12,98,-2,22,-69488,-1,1,-818,-264,37438,122,31,144,0,0,0,0,0,0,0,0,-32304,0,0,0,0,0,98434,0
98214,-560,8156,6,98,3,20,-69489,-3,1,-816,-264,37438,122,31,144,0,0,0,0,0,0,0,0,-32304,0,0,0,0,0,98439,0
98219,-546,8142,6,104,-2,16,-69489,-4,-2,-817,-256,37438,122,31,144,0,0,0,0,0,0,0,0,-32304,0,0,0,0,0,98444,0
98224,-510,8162,8,104,-1,1,-69489,0,2,-815,-264,37435,122,31,144,0,0,0,0,0,0,0,0,-32304,0,0,0,0,0,98450,0
98229,-468,8182,-18,102,2,-8,-69489,1,1,-810,-272,37435,122,31,144,0,0,0,0,0,0,0,0,-32304,0,0,0,0,0,98456,0
98234,-442,8176,2,103,-4,-14,-69490,-6,3,-814,-264,37435,129,31,144,0,0,0,0,0,0,0,0,-32304,0,0,0,0,0,98461,0
98239,-428,8208,8,98,-5,-25,-69489,-2,-3,-813,-256,37435,129,31,144,0,0,0,0,0,0,0,0,-32304,0,0,0,0,0,98466,0
98244,-392,8240,20,101,-5,-39,-69490,1,0,-814,-264,37433,129,31,144,0,0,0,0,0,0,0,0,-32304,0,0,0,0,0,98472,0
98249,-356,8230,-16,97,-5,-46,-69491,-5,4,-816,-256,37433,129,31,144,0,0,0,0,0,0,0,0,-32304,0,0,0,0,0,98477,0
98254,-404,8250,4,99,-10,-57,-69491,-2,-4,-811,-256,37433,125,31,144,0,0,0,0,0,0,0,0,-32304,0,0,0,0,0,98483,0
98259,-366,8218,-20,100,-4,-68,-69492,-9,-1,-814,-264,37433,125,31,144,0,0,0,0,0,0,0,0,-32304,0,0,0,0,0,98488,0
98264,-412,8236,-28,93,6,-84,-69491,2,1,-806,-264,37434,123,31,144,0,0,0,0,0,0,0,0,-32304,0,0,0,0,0,98494,0
98269,-428,8212,-26,92,-1,-87,-69492,5,2,-810,-256,37434,123,31,144,0,0,0,0,0,0,0,0,-32304,0,0,0,0,0,98499,0
98274,-428,8202,-46,91,4,-101,-69493,-6,2,-809,-256,37441,119,31,144,0,0,0,0,0,0,0,0,-32304,0,0,0,0,0,98505,0
98279,-410,8210,-20,86,3,-103,-69493,-6,-3,-811,-248,37441,119,31,144,0,0,0,0,0,0,0,0,-32304,0,0,0,0,0,98510,0
98284,-484,8218,-16,85,9,-125,-69493,2,0,-810,-264,37442,123,31,144,0,0,0,0,0,0,0,0,-32304,0,0,0,0,0,98516,0
98289,-484,8220,-76,86,8,-130,-69494,-2,4,-811,-272,37442,123,31,144,0,0,0,0,0,0,0,0,-32304,0,0,0,0,0,98521,0
98294,-542,8166,-82,78,5,-134,-69494,-5,0,-814,-280,37443,117,31,144,0,0,0,0,0,0,0,0,-32303,0,0,0,0,0,98527,0
98299,-606,8164,-48,83,8,-138,-69494,1,0,-815,-272,37443,117,31,144,0,0,0,0,0,0,0,0,-32304,0,0,0,0,0,98532,0
98304,-650,8114,-48,82,7,-145,-69495,1,3,-811,-280,37437,120,31,144,0,0,0,0,0,0,0,0,-32303,0,0,0,0,0,98537,0
98309,-682,8106,-14,81,3,-147,-69495,-1,2,-804,-256,37437,120,31,144,0,0,0,0,0,0,0,0,-32303,0,0,0,0,0,98543,0
98314,-650,8150,0,74,11,-150,-69495,-6,1,-812,-256,37437,115,31,144,0,0,0,0,0,0,0,0,-32303,0,0,0,0,0,98548,0
98319,-652,8112,16,76,11,-155,-69495,0,3,-808,-256,37437,115,31,144,0,0,0,0,0,0,0,0,-32304,0,0,0,0,0,98553,0
98324,-688,8154,-8,74,17,-160,-69495,-4,3,-813,-264,37438,118,31,144,0,0,0,0,0,0,0,0,-32304,0,0,0,0,0,98559,0
98329,-672,8130,28,77,14,-163,-69495,3,-5,-810,-264,37438,118,31,144,0,0,0,0,0,0,0,0,-32303,0,0,0,0,0,98564,0
98334,-700,8124,32,73,20,-168,-69496,-5,-1,-809,-264,37438,114,31,144,0,0,0,0,0,0,0,0,-32304,0,0,0,0,0,98570,0
98339,-726,8144,20,72,19,-162,-69497,-5,2,-806,-264,37438,114,31,144,0,0,0,0,0,0,0,0,-32304,0,0,0,0,0,98576,0
98344,-718,8144,36,75,14,-172,-69495,0,-3,-809,-256,37436,116,31,144,0,0,0,0,0,0,0,0,-32303,0,0,0,0,0,98581,0
98349,-706,8112,8,78,17,-172,-69496,1,1,-807,-272,37436,116,31,144,0,0,0,0,0,0,0,0,-32303,0,0,0,0,0,98586,0
98354,-746,8098,38,71,18,-175,-69497,3,-1,-806,-264,37433,118,31,144,0,0,0,0,0,0,0,0,-32303,0,0,0,0,0,98592,0
98359,-774,8116,38,80,13,-178,-69498,-1,0,-806,-272,37433,118,31,144,0,0,0,0,0,0,0,0,-32303,0,0,0,0,0,98598,0
98364,-810,8086,34,79,11,-179,-69498,-3,-4,-803,-256,37433,126,31,144,0,0,0,0,0,0,0,0,-32304,0,0,0,0,0,98603,0
98369,-782,8116,24,75,9,-176,-69498,-7,-1,-804,-264,37433,126,31,144,0,0,0,0,0,0,0,0,-32304,0,0,0,0,0,98608,0
98374,-802,8122,30,77,11,-176,-69500,-12,-4,-805,-256,37438,132,31,144,0,0,0,0,0,0,0,0,-32303,0,0,0,0,0,98614,0
98379,-772,8114,32,78,11,-177,-69500,2,1,-803,-296,37438,132,31,144,0,0,0,0,0,0,0,0,-32304,0,0,0,0,0,98619,0
98384,-802,8114,18,74,4,-184,-69500,2,-1,-804,-272,37440,136,31,144,0,0,0,0,0,0,0,0,-32304,0,0,0,0,0,98625,0
98389,-818,8108,-12,81,11,-181,-69500,1,0,-800,-272,37440,136,31,144,0,0,0,0,0,0,0,0,-32303,0,0,0,0,0,98630,0
98394,-840,8096,-6,75,4,-175,-69502,-5,5,-799,-272,37440,131,31,144,0,0,0,0,0,0,0,0,-32304,0,0,0,0,0,98636,0
98399,-846,8122,-38,83,0,-176,-69503,-4,0,-797,-256,37440,131,31,144,0,0,0,0,0,0,0,0,-32303,0,0,0,0,0,98641,0
98404,-860,8100,-52,82,-3,-177,-69504,-8,-4,-795,-264,37439,125,31,144,0,0,0,0,0,0,0,0,-32303,0,0,0,0,0,98652,0
98409,-914,8070,-52,78,-6,-178,-69506,-9,0,-796,-272,37439,125,31,144,0,0,0,0,0,0,0,0,-32303,0,0,0,0,0,98652,0
98414,-954,8058,-58,72,-9,-178,-69508,-7,-5,-784,-272,37432,118,31,144,0,0,0,0,0,0,0,0,-32303,0,0,0,0,0,98657,0
98419,-968,8044,-44,71,-10,-173,-69511,-17,-8,-781,-264,37432,118,31,144,0,0,0,0,0,0,0,0,-32303,0,0,0,0,0,98663,0
98424,-998,8076,-74,71,-10,-173,-69516,-23,-15,-767,-264,37431,124,31,144,0,0,0,0,0,0,0,0,-32304,0,0,0,0,0,98668,0
98429,-1008,8048,-52,72,-13,-167,-69523,-35,-20,-744,-280,37431,124,31,144,0,0,0,0,0,0,0,0,-32303,0,0,0,0,0,98674,0
98434,-960,8086,-58,65,-21,-166,-69533,-40,-25,-719,-288,37431,128,31,144,0,0,0,0,0,0,0,0,-32304,0,0,0,0,0,98680,0
98439,-998,8052,-58,63,-19,-162,-69542,-32,-25,-703,-264,37431,128,31,144,0,0,0,0,0,0,0,0,-32304,0,0,0,0,0,98685,0
98444,-948,8094,-66,69,-29,-158,-69542,0,-2,-715,-272,37433,125,31,144,0,0,0,0,0,0,0,0,-32303,0,0,0,0,0,98690,0
98449,-944,8108,-44,60,-21,-161,-69543,3,24,-758,-272,37433,125,31,144,0,0,0,0,0,0,0,0,-32304,0,0,0,0,0,98696,0
98454,-894,8108,-82,59,-27,-163,-69543,-7,37,-767,-256,37434,123,31,144,0,0,0,0,0,0,0,0,-32304,0,0,0,0,0,98702,0
98459,-898,8106,-86,54,-23,-163,-69544,-4,34,-764,-272,37434,123,31,144,0,0,0,0,0,0,0,0,-32304,0,0,0,0,0,98708,0
98464,-892,8132,-104,55,-28,-152,-69544,1,20,-762,-280,37435,120,31,144,0,0,0,0,0,0,0,0,-32304,0,0,0,0,0,98713,0
98469,-882,8136,-98,51,-22,-162,-69544,-7,3,-765,-264,37435,120,31,144,0,0,0,0,0,0,0,0,-32304,0,0,0,0,0,98719,0
98474,-872,8136,-70,53,-26,-158,-69543,-4,0,-760,-272,37434,120,31,144,0,0,0,0,0,0,0,0,-32304,0,0,0,0,0,98724,0
98479,-882,8120,-58,46,-26,-160,-69544,1,4,-762,-272,37434,120,31,144,0,0,0,0,0,0,0,0,-32304,0,0,0,0,0,98730,0
98484,-878,8118,-58,37,-29,-162,-69544,2,3,-761,-264,37438,121,31,144,0,0,0,0,0,0,0,0,-32303,0,0,0,0,0,98735,0
98489,-896,8102,-70,39,-30,-162,-69543,3,-4,-764,-256,37438,121,31,144,0,0,0,0,0,0,0,0,-32303,0,0,0,0,0,98740,0
98494,-882,8090,-46,36,-35,-165,-69545,0,1,-758,-256,37438,122,31,144,0,0,0,0,0,0,0,0,-32304,0,0,0,0,0,98746,0
98499,-910,8054,-8,39,-30,-168,-69544,0,2,-763,-256,37438,122,31,144,0,0,0,0,0,0,0,0,-32303,0,0,0,0,0,98751,0
98504,-940,8056,8,35,-36,-170,-69545,-6,-4,-765,-256,37442,122,31,144,0,0,0,0,0,0,0,0,-32304,0,0,0,0,0,98757,0
98509,-942,8076,26,37,-40,-171,-69545,0,-1,-757,-264,37442,122,31,144,0,0,0,0,0,0,0,0,-32303,0,0,0,0,0,98762,0
98514,-902,8092,38,32,-41,-171,-69546,-3,0,-762,-264,37440,123,31,144,0,0,0,0,0,0,0,0,-32303,0,0,0,0,0,98768,0
98519,-886,8094,48,33,-38,-176,-69547,-5,-1,-758,-264,37440,123,31,144,0,0,0,0,0,0,0,0,-32303,0,0,0,0,0,98773,0
98524,-848,8120,54,37,-39,-181,-69547,0,0,-757,-272,37442,124,31,144,0,0,0,0,0,0,0,0,-32304,0,0,0,0,0,98779,0
98529,-820,8132,48,44,-47,-187,-69548,-3,1,-755,-272,37442,124,31,144,0,0,0,0,0,0,0,0,-32303,0,0,0,0,0,98784,0
98534,-776,8118,80,42,-49,-187,-69547,0,2,-754,-256,37442,124,31,144,0,0,0,0,0,0,0,0,-32304,0,0,0,0,0,98790,0
98539,-808,8108,70,36,-47,-197,-69548,-1,0,-759,-256,37442,124,31,144,0,0,0,0,0,0,0,0,-32303,0,0,0,0,0,98795,0
98544,-792,8112,104,47,-49,-208,-69549,3,2,-755,-272,37442,126,31,144,0,0,0,0,0,0,0,0,-32303,0,0,0,0,0,98800,0
98549,-778,8108,118,43,-46,-216,-69551,-4,0,-752,-264,37442,126,31,144,0,0,0,0,0,0,0,0,-32303,0,0,0,0,0,98806,0
98554,-778,8116,164,48,-42,-219,-69549,-3,2,-754,-272,37438,129,31,144,0,0,0,0,0,0,0,0,-32303,0,0,0,0,0,98811,0
98559,-770,8084,134,54,-46,-226,-69551,-6,0,-756,-264,37438,129,31,144,0,0,0,0,0,0,0,0,-32303,0,0,0,0,0,98817,0
98564,-762,8130,138,54,-38,-238,-69551,0,2,-749,-264,37438,135,31,144,0,0,0,0,0,0,0,0,-32304,0,0,0,0,0,98822,0
98569,-736,8132,110,62,-38,-246,-69551,2,-2,-755,-264,37438,135,31,144,0,0,0,0,0,0,0,0,-32304,0,0,0,0,0,98828,0
98574,-746,8154,82,59,-34,-248,-69553,-8,3,-757,-264,37438,129,31,144,0,0,0,0,0,0,0,0,-32304,0,0,0,0,0,98833,0
98579,-702,8174,72,61,-32,-261,-69551,-1,1,-750,-272,37438,129,31,144,0,0,0,0,0,0,0,0,-32303,0,0,0,0,0,98839,0
98584,-648,8216,44,59,-20,-272,-69553,-5,3,-753,-264,37444,128,31,144,0,0,0,0,0,0,0,0,-32303,0,0,0,0,0,98844,0
98589,-652,8216,26,63,-17,-278,-69554,-6,5,-754,-264,37444,128,31,144,0,0,0,0,0,0,0,0,-32304,0,0,0,0,0,98849,0
98594,-636,8266,-18,58,-7,-285,-69553,-5,-5,-755,-264,37443,129,31,144,0,0,0,0,0,0,0,0,-32304,0,0,0,0,0,98855,0
98599,-684,8250,-72,51,-8,-293,-69554,-3,0,-747,-256,37443,129,31,144,0,0,0,0,0,0,0,0,-32303,0,0,0,0,0,98860,0
98604,-644,8224,-98,52,-6,-313,-69554,-1,4,-754,-264,37442,130,31,144,0,0,0,0,0,0,0,0,-32304,0,0,0,0,0,98866,0
98609,-720,8186,-80,46,-1,-319,-69554,0,-1,-749,-264,37442,130,31,144,0,0,0,0,0,0,0,0,-32303,0,0,0,0,0,98871,0
98614,-800,8188,-72,51,-4,-327,-69554,0,0,-747,-264,37441,133,31,144,0,0,0,0,0,0,0,0,-32303,0,0,0,0,0,98877,0
98619,-788,8148,-84,42,0,-338,-69555,5,2,-750,-264,37441,133,31,144,0,0,0,0,0,0,0,0,-32304,0,0,0,0,0,98882,0
98624,-842,8146,-122,35,-7,-354,-69555,0,-1,-750,-264,37436,128,31,144,0,0,0,0,0,0,0,0,-32304,0,0,0,0,0,98887,0
98629,-828,8178,-126,30,-7,-357,-69554,3,4,-750,-256,37436,128,31,144,0,0,0,0,0,0,0,0,-32304,0,0,0,0,0,98893,0
98634,-830,8130,-100,29,-7,-371,-69554,5,2,-749,-264,37436,130,31,144,0,0,0,0,0,0,0,0,-32304,0,0,0,0,0,98898,0
98639,-856,8118,-134,26,-2,-374,-69556,-1,-4,-751,-264,37436,130,31,144,0,0,0,0,0,0,0,0,-32303,0,0,0,0,0,98904,0
98644,-918,8164,-80,18,-11,-386,-69556,-2,0,-749,-256,37430,130,31,144,0,0,0,0,0,0,0,0,-32303,0,0,0,0,0,98910,0
98649,-878,8178,-100,11,-11,-391,-69556,-1,-1,-749,-264,37430,130,31,144,0,0,0,0,0,0,0,0,-32303,0,0,0,0,0,98915,0
98654,-846,8176,-142,8,-14,-397,-69555,3,1,-750,-264,37423,127,31,144,0,0,0,0,0,0,0,0,-32303,0,0,0,0,0,98921,0
98659,-884,8160,-118,11,-12,-404,-69557,-2,-2,-753,-256,37423,127,31,144,0,0,0,0,0,0,0,0,-32304,0,0,0,0,0,98926,0
98664,-920,8146,-84,0,-9,-413,-69556,-4,3,-746,-264,37422,126,31,144,0,0,0,0,0,0,0,0,-32303,0,0,0,0,0,98932,0
98669,-964,8110,-42,1,-5,-418,-69557,5,1,-747,-264,37422,126,31,144,0,0,0,0,0,0,0,0,-32304,0,0,0,0,0,98938,0
98674,-1028,8122,12,-3,-6,-423,-69557,0,-1,-751,-264,37426,129,31,144,0,0,0,0,0,0,0,0,-32303,0,0,0,0,0,98943,0
98679,-1042,8090,26,-1,6,-427,-69557,5,2,-746,-256,37426,129,31,144,0,0,0,0,0,0,0,0,-32304,0,0,0,0,0,98949,0
98684,-1192,8026,66,-9,-1,-428,-69559,-8,-1,-750,-256,37434,128,31,144,0,0,0,0,0,0,0,0,-32303,0,0,0,0,0,98954,0
98689,-1218,8016,28,-12,2,-429,-69558,-5,2,-740,-264,37434,128,31,144,0,0,0,0,0,0,0,0,-32304,0,0,0,0,0,98960,0
98694,-1262,7996,74,-7,-6,-431,-69559,-7,-4,-744,-264,37434,130,31,144,0,0,0,0,0,0,0,0,-32304,0,0,0,0,0,98965,0
98699,-1268,7980,44,-10,-1,-438,-69559,-7,-3,-748,-256,37434,130,31,144,0,0,0,0,0,0,0,0,-32304,0,0,0,0,0,98971,0
98704,-1276,8004,70,-8,-4,-433,-69558,8,5,-746,-264,37433,127,31,144,0,0,0,0,0,0,0,0,-32304,0,0,0,0,0,98976,0
98709,-1278,7998,94,-6,-12,-433,-69560,-12,-5,-748,-256,37433,127,31,144,0,0,0,0,0,0,0,0,-32304,0,0,0,0,0,98981,0
98714,-1208,8028,108,-2,-19,-439,-69560,-8,-1,-740,-264,37434,127,31,144,0,0,0,0,0,0,0,0,-32303,0,0,0,0,0,98987,0
98719,-1194,8044,122,-4,-19,-437,-69561,1,-2,-745,-264,37434,127,31,144,0,0,0,0,0,0,0,0,-32304,0,0,0,0,0,98993,0
98724,-1120,8126,132,8,-24,-443,-69563,-12,-5,-743,-248,37432,127,31,144,0,0,0,0,0,0,0,0,-32303,0,0,0,0,0,98998,0
98729,-1098,8124,134,8,-22,-443,-69562,1,0,-738,-256,37432,127,31,144,0,0,0,0,0,0,0,0,-32303,0,0,0,0,0,99004,0
98734,-1052,8142,152,10,-24,-450,-69563,-2,2,-743,-264,37431,133,31,144,0,0,0,0,0,0,0,0,-32304,0,0,0,0,0,99009,0
98739,-1092,8140,196,20,-28,-450,-69564,0,2,-731,-272,37431,133,31,144,0,0,0,0,0,0,0,0,-32304,0,0,0,0,0,99015,0
98744,-1050,8114,188,15,-32,-453,-69566,-9,-1,-736,-264,37433,130,31,144,0,0,0,0,0,0,0,0,-32303,0,0,0,0,0,99020,0
98749,-1110,8078,168,26,-26,-453,-69566,-5,3,-735,-248,37433,130,31,144,0,0,0,0,0,0,0,0,-32304,0,0,0,0,0,99026,0
98754,-1166,8076,152,29,-26,-460,-69570,-12,-4,-736,-256,37438,132,31,144,0,0,0,0,0,0,0,0,-32304,0,0,0,0,0,99031,0
98759,-1186,8032,160,30,-25,-467,-69571,-8,-5,-720,-256,37438,132,31,144,0,0,0,0,0,0,0,0,-32303,0,0,0,0,0,99036,0
98764,-1282,8020,164,34,-19,-468,-69575,-12,-8,-718,-264,37438,123,31,144,0,0,0,0,0,0,0,0,-32303,0,0,0,0,0,99042,0
98769,-1322,8000,256,27,-15,-468,-69578,-20,-5,-707,-256,37438,123,31,144,0,0,0,0,0,0,0,0,-32303,0,0,0,0,0,99047,0
98774,-1310,8006,222,37,-12,-475,-69587,-34,-16,-673,-280,37435,121,31,144,0,0,0,0,0,0,0,0,-32304,0,0,0,0,0,99053,0
98779,-1370,7924,194,36,-9,-477,-69602,-55,-39,-624,-264,37435,121,31,144,0,0,0,0,0,0,0,0,-32303,0,0,0,0,0,99059,0
98784,-1334,7984,162,50,-10,-480,-69616,-49,-46,-593,-240,37432,123,31,144,0,0,0,0,0,0,0,0,-32304,0,0,0,0,0,99064,0
98789,-1324,7998,174,49,-8,-478,-69620,-12,-11,-619,-232,37432,123,31,144,0,0,0,0,0,0,0,0,-32303,0,0,0,0,0,99070,0
98794,-1324,8038,166,46,-4,-481,-69619,-1,32,-668,-216,37432,118,31,144,0,0,0,0,0,0,0,0,-32304,0,0,0,0,0,99075,0
98799,-1324,8034,182,56,-3,-483,-69619,-1,55,-689,-240,37432,118,31,144,0,0,0,0,0,0,0,0,-32304,0,0,0,0,0,99081,0
98804,-1308,8010,242,57,-6,-487,-69620,-3,46,-688,-224,37435,121,31,144,0,0,0,0,0,0,0,0,-32304,0,0,0,0,0,99086,0
98809,-1302,8050,192,58,-9,-483,-69620,-2,21,-690,-232,37435,121,31,144,0,0,0,0,0,0,0,0,-32303,0,0,0,0,0,99092,0
98814,-1292,8068,196,71,-13,-492,-69620,5,4,-687,-232,37435,121,31,144,0,0,0,0,0,0,0,0,-32303,0,0,0,0,0,99097,0
98819,-1318,8034,228,67,-5,-495,-69619,2,2,-691,-224,37435,121,31,144,0,0,0,0,0,0,0,0,-32303,0,0,0,0,0,99102,0
98824,-1366,8014,212,74,-3,-500,-69621,-2,1,-688,-216,37435,122,31,144,0,0,0,0,0,0,0,0,-32304,0,0,0,0,0,99108,0
98829,-1374,8040,242,84,-4,-499,-69621,-12,-2,-692,-208,37435,122,31,144,0,0,0,0,0,0,0,0,-32304,0,0,0,0,0,99113,0
98834,-1390,8038,234,89,-9,-507,-69620,-2,-1,-692,-224,37435,121,31,144,0,0,0,0,0,0,0,0,-32304,0,0,0,0,0,99119,0
98839,-1394,8000,244,87,-4,-502,-69620,2,-2,-690,-224,37435,121,31,144,0,0,0,0,0,0,0,0,-32303,0,0,0,0,0,99124,0
98844,-1348,8044,226,100,-8,-512,-69620,-8,-2,-688,-224,37435,123,31,144,0,0,0,0,0,0,0,0,-32304,0,0,0,0,0,99130,0
98849,-1364,8036,252,102,-7,-517,-69620,0,3,-682,-224,37435,123,31,144,0,0,0,0,0,0,0,0,-32303,0,0,0,0,0,99135,0
98854,-1382,8028,232,105,7,-513,-69620,3,2,-687,-224,37433,121,31,144,0,0,0,0,0,0,0,0,-32303,0,0,0,0,0,99141,0
98859,-1340,8046,238,108,3,-523,-69623,-4,-6,-687,-216,37433,121,31,144,0,0,0,0,0,0,0,0,-32303,0,0,0,0,0,99147,0
98864,-1342,8088,244,109,11,-523,-69620,-3,0,-689,-216,37434,125,31,144,0,0,0,0,0,0,0,0,-32303,0,0,0,0,0,99152,0
98869,-1328,8094,216,109,22,-530,-69620,4,5,-690,-240,37434,125,31,144,0,0,0,0,0,0,0,0,-32303,0,0,0,0,0,99157,0
98874,-1400,8102,218,113,26,-527,-69621,1,-1,-689,-224,37434,121,31,144,0,0,0,0,0,0,0,0,-32303,0,0,0,0,0,99163,0
98879,-1436,8208,138,120,28,-527,-69621,-3,-2,-688,-232,37434,121,31,144,0,0,0,0,0,0,0,0,-32303,0,0,0,0,0,99168,0
98884,-1406,8144,18,121,27,-532,-69621,2,2,-681,-216,37435,121,31,144,0,0,0,0,0,0,0,0,-32303,0,0,0,0,0,99174,0
98889,-1452,8150,14,122,26,-535,-69620,0,6,-689,-224,37435,121,31,144,0,0,0,0,0,0,0,0,-32303,0,0,0,0,0,99179,0
98894,-1530,8088,-2,122,26,-533,-69621,-1,-1,-685,-232,37438,125,31,144,0,0,0,0,0,0,0,0,-32303,0,0,0,0,0,99185,0
98899,-1586,8056,34,117,21,-539,-69621,0,1,-685,-224,37438,125,31,144,0,0,0,0,0,0,0,0,-32303,0,0,0,0,0,99190,0
98904,-1580,7944,66,119,13,-541,-69621,2,-1,-689,-232,37435,120,31,144,0,0,0,0,0,0,0,0,-32304,0,0,0,0,0,99196,0
98909,-1602,7934,102,125,22,-543,-69622,-4,-2,-683,-224,37435,120,31,144,0,0,0,0,0,0,0,0,-32303,0,0,0,0,0,99201,0
98914,-1644,7918,114,124,21,-544,-69620,3,-2,-687,-224,37437,119,31,144,0,0,0,0,0,0,0,0,-32303,0,0,0,0,0,99206,0
98919,-1654,7904,94,120,25,-547,-69621,-3,-2,-688,-232,37437,119,31,144,0,0,0,0,0,0,0,0,-32303,0,0,0,0,0,99212,0
98924,-1654,7938,26,123,23,-556,-69621,-1,1,-682,-240,37435,115,31,144,0,0,0,0,0,0,0,0,-32303,0,0,0,0,0,99218,0
98929,-1646,7954,36,118,27,-561,-69621,2,-7,-686,-232,37435,115,31,144,0,0,0,0,0,0,0,0,-32303,0,0,0,0,0,99223,0
98934,-1626,7954,34,118,26,-562,-69623,-2,1,-687,-224,37435,128,31,144,0,0,0,0,0,0,0,0,-32303,0,0,0,0,0,99228,0
98939,-1596,7984,10,124,31,-568,-69622,3,0,-685,-232,37435,128,31,144,0,0,0,0,0,0,0,0,-32303,0,0,0,0,0,99234,0
98944,-1580,8016,0,117,21,-578,-69623,-2,4,-688,-232,37432,129,31,144,0,0,0,0,0,0,0,0,-32303,0,0,0,0,0,99239,0
98949,-1566,8032,6,120,19,-583,-69623,-7,2,-686,-216,37432,129,31,144,0,0,0,0,0,0,0,0,-32303,0,0,0,0,0,99245,0
98954,-1538,8068,-8,119,20,-589,-69623,-12,-2,-687,-208,37432,124,31,144,0,0,0,0,0,0,0,0,-32304,0,0,0,0,0,99250,0
98959,-1534,8090,-30,118,17,-596,-69622,2,0,-683,-224,37432,124,31,144,0,0,0,0,0,0,0,0,-32303,0,0,0,0,0,99255,0
98964,-1512,8102,-6,118,27,-606,-69623,0,1,-688,-232,37433,119,31,144,0,0,0,0,0,0,0,0,-32304,0,0,0,0,0,99261,0
98969,-1576,8068,-18,111,32,-611,-69622,2,0,-685,-240,37433,119,31,144,0,0,0,0,0,0,0,0,-32303,0,0,0,0,0,99266,0
98974,-1582,8058,-10,111,35,-616,-69622,4,0,-687,-232,37436,126,31,144,0,0,0,0,0,0,0,0,-32303,0,0,0,0,0,99272,0
98979,-1616,8052,2,107,35,-618,-69622,6,4,-686,-232,37436,126,31,144,0,0,0,0,0,0,0,0,-32304,0,0,0,0,0,99277,0
98984,-1574,8050,40,101,46,-628,-69623,0,0,-688,-232,37437,126,31,144,0,0,0,0,0,0,0,0,-32303,0,0,0,0,0,99283,0
98989,-1608,8032,54,98,42,-637,-69623,-3,-2,-676,-232,37437,126,31,144,0,0,0,0,0,0,0,0,-32303,0,0,0,0,0,99288,0
98994,-1636,8054,24,97,51,-645,-69623,0,-1,-681,-232,37441,123,31,144,0,0,0,0,0,0,0,0,-32303,0,0,0,0,0,99294,0
98999,-1668,8024,16,91,56,-647,-69622,2,-3,-686,-224,37441,123,31,144,0,0,0,0,0,0,0,0,-32303,0,0,0,0,0,99299,0
99004,-1764,7994,80,91,58,-659,-69622,2,-2,-685,-240,37442,119,31,144,0,0,0,0,0,0,0,0,-32304,0,0,0,0,0,99305,0
99009,-1788,7974,90,94,58,-666,-69623,-2,-3,-684,-232,37442,119,31,144,0,0,0,0,0,0,0,0,-32303,0,0,0,0,0,99310,0
99014,-1798,7948,74,94,59,-663,-69623,1,3,-685,-224,37442,120,31,144,0,0,0,0,0,0,0,0,-32303,0,0,0,0,0,99315,0
99019,-1742,7956,114,97,58,-671,-69623,0,-3,-688,-224,37442,120,31,144,0,0,0,0,0,0,0,0,-32303,0,0,0,0,0,99321,0
99024,-1794,7926,116,102,68,-681,-69622,4,-1,-680,-240,37438,124,31,144,0,0,0,0,0,0,0,0,-32304,0,0,0,0,0,99326,0
99029,-1814,7932,144,104,68,-683,-69623,-2,0,-686,-216,37438,124,31,144,0,0,0,0,0,0,0,0,-32303,0,0,0,0,0,99332,0
99034,-1866,7944,104,107,70,-688,-69623,0,2,-686,-240,37434,129,31,144,0,0,0,0,0,0,0,0,-32303,0,0,0,0,0,99337,0
99039,-1892,7926,140,103,70,-693,-69622,7,-3,-682,-232,37434,129,31,144,0,0,0,0,0,0,0,0,-32303,0,0,0,0,0,99343,0
99044,-1942,7912,172,109,74,-695,-69623,0,0,-684,-224,37434,131,31,144,0,0,0,0,0,0,0,0,-32303,0,0,0,0,0,99348,0
99049,-1966,7930,188,119,66,-705,-69623,5,-1,-683,-224,37434,131,31,144,0,0,0,0,0,0,0,0,-32303,0,0,0,0,0,99354,0
99054,-1916,7914,200,120,69,-709,-69624,-5,-2,-690,-216,37435,130,31,144,0,0,0,0,0,0,0,0,-32304,0,0,0,0,0,99359,0
99059,-1908,7958,164,123,69,-712,-69624,3,2,-685,-232,37435,130,31,144,0,0,0,0,0,0,0,0,-32303,0,0,0,0,0,99364,0
99064,-1952,7974,150,128,70,-712,-69623,1,-1,-689,-224,37436,123,31,144,0,0,0,0,0,0,0,0,-32303,0,0,0,0,0,99370,0
99069,-1954,7978,118,135,73,-720,-69624,-3,0,-688,-224,37436,123,31,144,0,0,0,0,0,0,0,0,-32304,0,0,0,0,0,99376,0
99074,-1946,7968,136,135,74,-723,-69623,-4,0,-687,-232,37441,124,31,144,0,0,0,0,0,0,0,0,-32303,0,0,0,0,0,99381,0
99079,-2004,7958,166,139,72,-723,-69623,-1,-2,-685,-224,37441,124,31,144,0,0,0,0,0,0,0,0,-32303,0,0,0,0,0,99387,0
99084,-1986,7952,150,142,72,-732,-69624,-9,-3,-688,-224,37447,123,31,144,0,0,0,0,0,0,0,0,-32304,0,0,0,0,0,99392,0
99089,-2002,7962,168,143,80,-737,-69624,-7,-4,-686,-224,37447,123,31,144,0,0,0,0,0,0,0,0,-32303,0,0,0,0,0,99398,0
99094,-1974,7948,170,147,83,-738,-69624,0,-3,-685,-232,37447,120,31,144,0,0,0,0,0,0,0,0,-32303,0,0,0,0,0,99403,0
99099,-2024,7960,184,153,85,-743,-69624,-1,0,-681,-224,37447,120,31,144,0,0,0,0,0,0,0,0,-32303,0,0,0,0,0,99409,0
99104,-2006,7984,154,156,107,-751,-69624,-2,4,-683,-224,37445,121,31,144,0,0,0,0,0,0,0,0,-32303,0,0,0,0,0,99414,0
99109,-2056,7906,128,152,106,-750,-69624,5,2,-687,-232,37445,121,31,144,0,0,0,0,0,0,0,0,-32303,0,0,0,0,0,99419,0
99114,-2090,7886,130,157,113,-755,-69623,5,4,-687,-224,37434,120,31,144,0,0,0,0,0,0,0,0,-32303,0,0,0,0,0,99425,0
99119,-2122,7844,74,152,109,-754,-69624,-3,-1,-682,-232,37434,120,31,144,0,0,0,0,0,0,0,0,-32303,0,0,0,0,0,99430,0
99124,-2192,7844,68,162,121,-767,-69624,3,1,-681,-232,37434,125,31,144,0,0,0,0,0,0,0,0,-32303,0,0,0,0,0,99436,0
99129,-2242,7850,30,159,117,-766,-69623,7,4,-689,-240,37434,125,31,144,0,0,0,0,0,0,0,0,-32303,0,0,0,0,0,99441,0
99134,-2222,7834,14,155,116,-764,-69623,0,-1,-684,-240,37435,114,31,144,0,0,0,0,0,0,0,0,-32304,0,0,0,0,0,99447,0
99139,-1956,8460,-432,138,135,-765,-69624,2,-1,-683,-216,37435,114,31,144,0,0,0,0,0,0,0,0,-32303,0,0,0,0,0,99452,0
99144,-2160,7988,-168,167,99,-770,-69624,-4,0,-684,-232,37435,112,31,144,0,0,0,0,0,0,0,0,-32304,0,0,0,0,0,99458,0
99149,-2228,7782,-172,155,108,-779,-69624,0,-4,-686,-224,37435,112,31,144,0,0,0,0,0,0,0,0,-32303,0,0,0,0,0,99463,0
99154,-2232,7836,-226,154,106,-779,-69625,-5,0,-683,-224,37436,112,31,144,0,0,0,0,0,0,0,0,-32303,0,0,0,0,0,99469,0
99159,-2244,7948,-178,157,104,-782,-69624,-4,0,-682,-224,37436,112,31,144,0,0,0,0,0,0,0,0,-32304,0,0,0,0,0,99474,0
99164,-1936,8062,178,161,99,-795,-69625,-4,-2,-684,-224,37435,114,31,144,0,0,0,0,0,0,0,0,-32303,0,0,0,0,0,99480,0
99169,-2340,7950,-394,152,78,-790,-69622,0,3,-690,-224,37435,114,31,144,0,0,0,0,0,0,0,0,-32303,0,0,0,0,0,99485,0
99174,-2356,7828,-366,131,83,-800,-69625,-1,2,-683,-232,37436,116,31,144,0,0,0,0,0,0,0,0,-32303,0,0,0,0,0,99490,0
99179,-2378,7868,-372,134,85,-792,-69624,0,8,-687,-216,37436,116,31,144,0,0,0,0,0,0,0,0,-32303,0,0,0,0,0,99496,0
99184,-2740,7342,-656,115,92,-800,-69624,0,-3,-689,-216,37435,116,31,144,0,0,0,0,0,0,0,0,-32303,0,0,0,0,0,99501,0
99189,-2540,7990,-236,113,69,-806,-69623,8,-1,-680,-240,37435,116,31,144,0,0,0,0,0,0,0,0,-32304,0,0,0,0,0,99507,0
99194,-2296,8066,-414,94,70,-803,-69623,1,2,-684,-232,37436,121,31,144,0,0,0,0,0,0,0,0,-32305,0,0,0,0,0,99512,0
99199,-2348,7954,-526,91,72,-808,-69624,-1,-2,-688,-224,37436,121,31,144,0,0,0,0,0,0,0,0,-32304,0,0,0,0,0,99518,0
99204,-2258,8350,-554,49,81,-811,-69625,-2,-3,-687,-216,37435,128,31,144,0,0,0,0,0,0,0,0,-32304,0,0,0,0,0,99523,0
99209,-2194,8076,-248,59,71,-824,-69623,0,-2,-686,-232,37435,128,31,144,0,0,0,0,0,0,0,0,-32303,0,0,0,0,0,99529,0
99214,-2394,7946,-722,43,56,-819,-69623,5,3,-689,-232,37438,125,31,144,0,0,0,0,0,0,0,0,-32304,0,0,0,0,0,99535,0
99219,-2428,7874,-624,17,60,-829,-69624,2,3,-687,-240,37438,125,31,144,0,0,0,0,0,0,0,0,-32304,0,0,0,0,0,99540,0
99224,-2420,7900,-678,1,66,-838,-69624,-1,-2,-687,-224,37437,124,31,144,0,0,0,0,0,0,0,0,-32303,0,0,0,0,0,99545,0
99229,-2444,7932,-684,-18,61,-845,-69623,0,-5,-683,-216,37437,124,31,144,0,0,0,0,0,0,0,0,-32303,0,0,0,0,0,99551,0
99234,-2402,7868,-744,-39,59,-853,-69623,1,1,-685,-224,37440,116,31,144,0,0,0,0,0,0,0,0,-32304,0,0,0,0,0,99556,0
99239,-2728,7462,-646,-42,38,-859,-69624,-5,0,-688,-232,37440,116,31,144,0,0,0,0,0,0,0,0,-32303,0,0,0,0,0,99562,0
99244,-2432,7926,-698,-95,34,-872,-69624,-5,-6,-686,-216,37437,115,31,144,0,0,0,0,0,0,0,0,-32303,0,0,0,0,0,99567,0
99249,-2492,7950,-764,-102,32,-880,-69623,1,-4,-688,-224,37437,115,31,144,0,0,0,0,0,0,0,0,-32303,0,0,0,0,0,99573,0
99254,-2534,8018,-822,-113,31,-886,-69624,0,-1,-683,-232,37436,116,31,144,0,0,0,0,0,0,0,0,-32304,0,0,0,0,0,99578,0
99259,-2470,8074,-758,-130,17,-898,-69623,4,1,-683,-224,37436,116,31,144,0,0,0,0,0,0,0,0,-32303,0,0,0,0,0,99584,0
99264,-2422,8232,-810,-166,8,-913,-69624,1,-2,-688,-232,37435,120,31,144,0,0,0,0,0,0,0,0,-32303,0,0,0,0,0,99589,0
99269,-2404,8300,-798,-186,2,-913,-69623,1,2,-691,-224,37435,120,31,144,0,0,0,0,0,0,0,0,-32304,0,0,0,0,0,99594,0
99274,-2422,8382,-744,-203,-2,-919,-69624,-2,0,-684,-240,37435,120,31,144,0,0,0,0,0,0,0,0,-32303,0,0,0,0,0,99600,0
99279,-2432,8410,-760,-219,-5,-928,-69623,3,-2,-679,-240,37435,120,31,144,0,0,0,0,0,0,0,0,-32304,0,0,0,0,0,99606,0
99284,-2124,8678,-452,-247,-15,-941,-69624,-1,0,-686,-224,37433,114,31,144,0,0,0,0,0,0,0,0,-32303,0,0,0,0,0,99611,0
99289,-2466,8606,-850,-269,-23,-944,-69623,0,1,-686,-240,37433,114,31,144,0,0,0,0,0,0,0,0,-32304,0,0,0,0,0,99617,0
99294,-2414,8570,-690,-294,-16,-945,-69623,0,-2,-685,-224,37430,111,31,144,0,0,0,0,0,0,0,0,-32303,0,0,0,0,0,99622,0
99299,-2440,8568,-684,-311,-16,-954,-69623,7,2,-684,-216,37430,111,31,144,0,0,0,0,0,0,0,0,-32303,0,0,0,0,0,99627,0
99304,-2582,8640,-570,-346,-9,-961,-69623,4,0,-688,-232,37431,109,31,144,0,0,0,0,0,0,0,0,-32304,0,0,0,0,0,99633,0
99309,-2570,8444,-544,-366,-7,-962,-69622,-1,0,-687,-216,37431,109,31,144,0,0,0,0,0,0,0,0,-32303,0,0,0,0,0,99638,0
99314,-2548,8508,-514,-382,4,-966,-69622,-1,0,-691,-224,37440,114,31,144,0,0,0,0,0,0,0,0,-32303,0,0,0,0,0,99644,0
99319,-2590,8424,-464,-392,12,-974,-69621,10,0,-686,-224,37440,114,31,144,0,0,0,0,0,0,0,0,-32303,0,0,0,0,0,99649,0
99324,-2440,8398,-104,-427,32,-966,-69622,4,0,-691,-224,37439,113,31,144,0,0,0,0,0,0,0,0,-32303,0,0,0,0,0,99656,0
99329,-2750,8166,-410,-445,36,-975,-69620,-2,-2,-698,-216,37439,113,31,144,0,0,0,0,0,0,0,0,-32303,0,0,0,0,0,99660,0
99334,-2758,8082,-332,-461,47,-976,-69618,2,-2,-698,-224,37437,117,31,144,0,0,0,0,0,0,0,0,-32303,0,0,0,0,0,99666,0
99339,-2820,8012,-276,-476,59,-969,-69617,14,7,-697,-240,37437,117,31,144,0,0,0,0,0,0,0,0,-32303,0,0,0,0,0,99672,0
99344,-3010,7918,-242,-499,80,-972,-69617,8,-2,-699,-232,37432,122,31,144,0,0,0,0,0,0,0,0,-32303,0,0,0,0,0,99677,0
99349,-3054,7886,-226,-518,85,-964,-69616,10,-6,-688,-216,37432,122,31,144,0,0,0,0,0,0,0,0,-32303,0,0,0,0,0,99682,0
99354,-3114,7782,-206,-532,94,-962,-69615,1,0,-697,-224,37433,121,31,144,0,0,0,0,0,0,0,0,-32303,0,0,0,0,0,99688,0
99359,-3152,7694,-198,-539,107,-963,-69614,4,1,-705,-224,37433,121,31,144,0,0,0,0,0,0,0,0,-32303,0,0,0,0,0,99693,0
99364,-3290,7622,-208,-573,134,-950,-69613,5,0,-702,-248,37433,122,31,144,0,0,0,0,0,0,0,0,-32303,0,0,0,0,0,99698,0
99369,-3262,7608,-38,-580,153,-941,-69612,-4,1,-705,-248,37433,122,31,144,0,0,0,0,0,0,0,0,-32303,0,0,0,0,0,99704,0
99374,-3312,7610,-104,-605,164,-945,-69610,6,-5,-707,-248,37434,124,31,144,0,0,0,0,0,0,0,0,-32303,0,0,0,0,0,99710,0
99379,-3642,7786,-92,-626,192,-924,-69608,11,6,-711,-224,37434,124,31,144,0,0,0,0,0,0,0,0,-32303,0,0,0,0,0,99715,0
99384,-3194,7716,118,-665,234,-907,-69608,2,2,-714,-224,37432,130,31,144,0,0,0,0,0,0,0,0,-32303,0,0,0,0,0,99721,0
99389,-3080,7720,78,-685,261,-899,-69605,9,-2,-707,-232,37432,130,31,144,0,0,0,0,0,0,0,0,-32303,0,0,0,0,0,99726,0
99394,-3190,7760,94,-704,299,-893,-69604,12,5,-714,-224,37434,127,31,144,0,0,0,0,0,0,0,0,-32303,0,0,0,0,0,99732,0
99399,-3378,7838,176,-721,323,-881,-69602,8,2,-724,-232,37434,127,31,144,0,0,0,0,0,0,0,0,-32303,0,0,0,0,0,99737,0
99404,-3332,7688,310,-762,382,-863,-69600,10,1,-715,-216,37434,115,31,144,0,0,0,0,0,0,0,0,-32304,0,0,0,0,0,99742,0
99409,-3318,7620,272,-775,415,-851,-69596,12,6,-732,-224,37434,115,31,144,0,0,0,0,0,0,0,0,-32303,0,0,0,0,0,99748,0
99414,-3390,7592,290,-787,440,-843,-69593,15,5,-738,-232,37438,121,31,144,0,0,0,0,0,0,0,0,-32304,0,0,0,0,0,99753,0
99419,-3444,7536,308,-803,470,-835,-69586,29,8,-742,-232,37438,121,31,144,0,0,0,0,0,0,0,0,-32303,0,0,0,0,0,99759,0
99424,-3484,7350,364,-826,506,-816,-69578,42,19,-773,-216,37436,128,31,144,0,0,0,0,0,0,0,0,-32303,0,0,0,0,0,99764,0
99429,-3474,7254,378,-831,527,-815,-69562,72,34,-807,-208,37436,128,31,144,0,0,0,0,0,0,0,0,-32304,0,0,0,0,0,99769,0
99434,-3392,7140,420,-827,540,-803,-69539,98,61,-874,-240,37436,132,31,144,0,0,0,0,0,0,0,0,-32303,0,0,0,0,0,99775,0
99439,-3438,7052,486,-833,546,-799,-69526,45,58,-924,-272,37436,132,31,144,0,0,0,0,0,0,0,0,-32304,0,0,0,0,0,99780,0
99444,-3592,6766,588,-833,564,-788,-69526,-4,-3,-861,-256,37438,131,31,144,0,0,0,0,0,0,0,0,-32303,0,0,0,0,0,99786,0
99449,-3620,6606,606,-822,566,-786,-69525,3,-54,-790,-256,37438,131,31,144,0,0,0,0,0,0,0,0,-32304,0,0,0,0,0,99791,0
99454,-3508,6458,660,-817,571,-789,-69523,16,-78,-790,-264,37438,124,31,144,0,0,0,0,0,0,0,0,-32304,0,0,0,0,0,99798,0
99459,-3426,6374,672,-806,571,-790,-69518,24,-53,-806,-240,37438,124,31,144,0,0,0,0,0,0,0,0,-32303,0,0,0,0,0,99803,0
99464,-3340,6382,716,-775,571,-807,-69509,38,7,-834,-216,37440,123,31,144,0,0,0,0,0,0,0,0,-32304,0,0,0,0,0,99808,0
99469,-3282,6426,726,-770,568,-820,-69489,89,52,-889,-208,37440,123,31,144,0,0,0,0,0,0,0,0,-32304,0,0,0,0,0,99814,0
99474,-3182,6494,776,-750,565,-828,-69467,104,74,-962,-232,37441,120,31,144,0,0,0,0,0,0,0,0,-32304,0,0,0,0,0,99819,0
99479,-3036,6580,796,-744,563,-846,-69453,57,61,-985,-256,37441,120,31,144,0,0,0,0,0,0,0,0,-32304,0,0,0,0,0,99825,0
99484,-3010,6834,872,-714,561,-879,-69436,73,24,-983,-224,37439,117,31,144,0,0,0,0,0,0,0,0,-32304,0,0,0,0,0,99830,0
99489,-2988,6922,938,-708,566,-901,-69405,149,29,-1022,-224,37439,117,31,144,0,0,0,0,0,0,0,0,-32304,0,0,0,0,0,99836,0
99494,-3052,7042,968,-690,566,-916,-69367,165,50,-1057,240,37437,113,31,144,0,0,0,0,0,0,0,0,-32304,0,0,0,0,0,99841,0
99499,-3014,7102,956,-668,562,-953,-69262,505,187,-246,864,37437,113,31,144,0,0,0,0,0,0,0,0,-32303,0,0,0,0,0,99847,0
99504,-1558,7454,904,-630,537,-1093,-69066,909,490,55,1864,37435,119,31,144,0,0,0,0,0,0,0,0,-32304,0,0,0,0,0,99852,0
99509,-846,7766,822,-617,516,-1172,-68788,1258,837,79,2568,37435,119,31,144,0,0,0,0,0,0,0,0,-32303,0,0,0,0,0,99858,0
99514,-454,8060,728,-590,490,-1254,-68437,1576,1096,81,3144,37434,129,31,144,0,0,0,0,0,0,0,0,-32304,0,0,0,0,0,99863,0
99519,-390,8212,718,-569,475,-1343,-68022,1859,1218,57,3656,37434,129,31,144,0,0,0,0,0,0,0,0,-32304,0,0,0,0,0,99869,0
99524,-916,8474,782,-507,441,-1499,-67545,2130,1133,26,4152,37438,136,31,144,0,0,0,0,0,0,0,0,-32304,0,0,0,0,0,99874,0
99529,-1300,8526,988,-496,433,-1573,-67009,2391,1025,-14,4616,37438,136,31,144,0,0,0,0,0,0,0,0,-32304,0,0,0,0,0,99879,0
99534,-1716,8558,1092,-471,418,-1634,-66403,2691,980,-55,5184,37435,137,31,144,0,0,0,0,0,0,0,0,-32304,0,0,0,0,0,99885,0
99539,-2090,8482,1034,-465,409,-1691,-65726,3006,981,-88,5768,37435,137,31,144,0,0,0,0,0,0,0,0,-32304,0,0,0,0,0,99890,0
99544,-2236,8620,878,-428,393,-1804,-64980,3307,1024,-128,6264,37436,131,31,144,0,0,0,0,0,0,0,0,-32304,0,0,0,0,0,99895,0
99549,-2234,8628,778,-420,364,-1856,-64177,3555,1035,-181,6592,37436,131,31,144,0,0,0,0,0,0,0,0,-32304,0,0,0,0,0,99902,0
99554,-2166,8596,570,-398,354,-1902,-63324,3769,989,-249,6976,37434,120,31,144,0,0,0,0,0,0,0,0,-32304,0,0,0,0,0,99907,0
99559,-2138,8414,482,-382,326,-1954,-62424,3983,897,-311,7336,37434,120,31,144,0,0,0,0,0,0,0,0,-32303,0,0,0,0,0,99912,0
99564,-2190,8196,356,-337,277,-2056,-61471,4217,816,-349,7680,37441,102,31,144,0,0,0,0,0,0,0,0,-32303,0,0,0,0,0,99918,0
99569,-2242,8104,340,-309,241,-2110,-60475,4406,769,-396,7944,37441,102,31,144,0,0,0,0,0,0,0,0,-32304,0,0,0,0,0,99923,0
99574,-2438,7954,194,-289,208,-2156,-59443,4544,722,-471,8136,37452,83,31,144,0,0,0,0,0,0,0,0,-32304,0,0,0,0,0,99928,0
99579,-2554,7880,218,-278,169,-2209,-58383,4680,654,-560,8368,37452,83,31,144,0,0,0,0,0,0,0,0,-32304,0,0,0,0,0,99934,0
99584,-2736,7804,168,-249,92,-2289,-57287,4842,579,-627,8600,37465,49,31,144,0,0,0,0,0,0,0,0,-32304,0,0,0,0,0,99940,0
99589,-2662,7770,108,-218,63,-2337,-56156,4985,531,-673,8768,37465,49,31,144,0,0,0,0,0,0,0,0,-32303,0,0,0,0,0,99945,0
99594,-2850,7788,70,-218,22,-2380,-55003,5077,495,-754,8896,37481,9,31,144,0,0,0,0,0,0,0,0,-32303,0,0,0,0,0,99950,0
99599,-3120,7622,118,-200,-16,-2413,-54065,5188,462,-850,9048,37481,9,31,144,0,0,0,0,0,0,0,0,-32304,0,0,0,0,0,99956,0
99604,-3314,7564,162,-168,-95,-2475,-52859,5325,440,-905,9224,37500,-32,31,144,0,0,0,0,0,0,0,0,-32304,0,0,0,0,0,99961,0
99609,-3390,7658,326,-155,-130,-2504,-51632,5406,411,-967,9344,37500,-32,31,144,0,0,0,0,0,0,0,0,-32304,0,0,0,0,0,99967,0
99614,-3352,7492,244,-134,-165,-2536,-50396,5442,367,-1100,9512,37522,-77,31,144,0,0,0,0,0,0,0,0,-32304,0,0,0,0,0,99972,0
99619,-3324,7500,306,-125,-183,-2565,-49140,5535,324,-1177,9616,37522,-77,31,144,0,0,0,0,0,0,0,0,-32303,0,0,0,0,0,99978,0
99624,-3508,7348,310,-114,-245,-2610,-47869,5590,270,-1210,9680,37545,-118,31,144,0,0,0,0,0,0,0,0,-32304,0,0,0,0,0,99983,0
99629,-3654,7184,394,-101,-260,-2622,-46594,5609,210,-1343,9792,37545,-118,31,144,0,0,0,0,0,0,0,0,-32303,0,0,0,0,0,99989,0
99634,-3722,7064,420,-95,-273,-2641,-45297,5724,209,-1373,9976,37574,-167,31,144,0,0,0,0,0,0,0,0,-32303,0,0,0,0,0,99994,0
99639,-3730,6936,500,-92,-286,-2669,-43972,5846,247,-1399,10104,37574,-167,31,144,0,0,0,0,0,0,0,0,-32304,0,0,0,0,0,99999,0
99644,-3696,6956,366,-77,-313,-2723,-42637,5876,266,-1532,10256,37598,-212,31,144,0,0,0,0,0,0,0,0,-32304,0,0,0,0,0,100005,0
99649,-3512,6754,352,-94,-316,-2737,-41293,5923,274,-1675,10296,37598,-212,31,144,0,0,0,0,0,0,0,0,-32303,0,0,0,0,0,100011,0
99654,-3684,6662,394,-81,-330,-2755,-39932,5995,245,-1679,10392,37625,-266,31,144,0,0,0,0,0,0,0,0,-32304,0,0,0,0,0,100016,0
99659,-3744,6732,394,-93,-327,-2768,-38570,5989,178,-1761,10256,37625,-266,31,144,0,0,0,0,0,0,0,0,-32304,0,0,0,0,0,100022,0
99664,-4096,6478,460,-93,-345,-2788,-37204,6019,130,-1870,10344,37641,-316,31,144,0,0,0,0,0,0,0,0,-32303,0,0,0,0,0,100028,0
99669,-4102,6274,572,-101,-338,-2795,-35818,6105,138,-1899,10280,37641,-316,31,144,0,0,0,0,0,0,0,0,-32304,0,0,0,0,0,100033,0
99674,-4386,6070,634,-106,-349,-2798,-34443,6042,101,-2011,10280,37666,-365,31,144,0,0,0,0,0,0,0,0,-32304,0,0,0,0,0,100039,0
99679,-4564,6188,674,-96,-342,-2810,-33072,6037,55,-2153,10160,37666,-365,31,144,0,0,0,0,0,0,0,0,-32304,0,0,0,0,0,100044,0
99684,-4562,5882,654,-126,-344,-2804,-31700,6037,17,-2144,10136,37690,-407,31,144,0,0,0,0,0,0,0,0,-32303,0,0,0,0,0,100049,0
99689,-4624,5618,712,-123,-332,-2775,-30344,5951,-61,-2285,10000,37690,-407,31,144,0,0,0,0,0,0,0,0,-32303,0,0,0,0,0,100055,0
99694,-4676,5620,552,-112,-325,-2737,-28990,5960,-94,-2358,10048,37719,-452,31,144,0,0,0,0,0,0,0,0,-32304,0,0,0,0,0,100061,0
99699,-4572,5656,862,-141,-301,-2691,-27635,5965,-74,-2407,9872,37719,-452,31,144,0,0,0,0,0,0,0,0,-32304,0,0,0,0,0,100066,0
99704,-4076,5962,910,-145,-283,-2578,-26297,5873,-94,-2499,9744,37743,-496,31,144,0,0,0,0,0,0,0,0,-32303,0,0,0,0,0,100072,0
99709,-4042,6198,900,-151,-271,-2518,-24982,5782,-140,-2606,9568,37743,-496,31,144,0,0,0,0,0,0,0,0,-32304,0,0,0,0,0,100077,0
99714,-3956,6442,756,-154,-264,-2452,-23680,5723,-188,-2623,9120,37761,-536,31,144,0,0,0,0,0,0,0,0,-32305,0,0,0,0,0,100082,0
99719,-3894,6562,678,-157,-230,-2371,-22407,5580,-278,-2695,8832,37761,-536,31,144,0,0,0,0,0,0,0,0,-32303,0,0,0,0,0,100088,0
99724,-4312,6768,742,-169,-179,-2182,-21171,5430,-354,-2812,8576,37771,-563,31,144,0,0,0,0,0,0,0,0,-32304,0,0,0,0,0,100094,0
99729,-4426,6714,788,-179,-158,-2046,-19953,5349,-387,-2826,8240,37771,-563,31,144,0,0,0,0,0,0,0,0,-32303,0,0,0,0,0,100099,0
99734,-4356,6940,758,-178,-145,-1913,-18772,5171,-433,-2903,7864,37777,-573,31,144,0,0,0,0,0,0,0,0,-32304,0,0,0,0,0,100105,0
99739,-4618,6808,726,-185,-107,-1775,-17642,4946,-506,-3050,7440,37777,-573,31,144,0,0,0,0,0,0,0,0,-32303,0,0,0,0,0,100110,0
99744,-5044,7014,616,-152,-78,-1493,-16551,4779,-561,-3068,7008,37777,-542,31,144,0,0,0,0,0,0,0,0,-32304,0,0,0,0,0,100115,0
99749,-5488,7198,688,-150,-78,-1340,-15502,4590,-626,-3091,6552,37777,-542,31,144,0,0,0,0,0,0,0,0,-32302,0,0,0,0,0,100121,0
99754,-5518,7080,716,-135,-67,-1195,-14509,4348,-690,-3193,5968,37770,-509,31,144,0,0,0,0,0,0,0,0,-32304,0,0,0,0,0,100126,0
99759,-5686,6884,754,-113,-71,-1034,-13571,4104,-720,-3253,5536,37770,-509,31,144,0,0,0,0,0,0,0,0,-32305,0,0,0,0,0,100132,0
99764,-5832,6822,704,-78,-73,-683,-12677,3912,-752,-3307,4992,37756,-473,31,144,0,0,0,0,0,0,0,0,-32305,0,0,0,0,0,100138,0
99769,-6050,6792,698,-64,-73,-537,-11827,3721,-756,-3308,4544,37756,-473,31,144,0,0,0,0,0,0,0,0,-32303,0,0,0,0,0,100143,0
99774,-6202,6620,622,-33,-89,-401,-11030,3486,-743,-3360,4000,37736,-446,31,144,0,0,0,0,0,0,0,0,-32303,0,0,0,0,0,100148,0
99779,-6626,6598,706,-17,-104,-286,-10290,3237,-750,-3427,3456,37736,-446,31,144,0,0,0,0,0,0,0,0,-32303,0,0,0,0,0,100154,0
99784,-6734,6260,664,37,-111,4,-9604,2996,-786,-3472,3088,37711,-391,31,144,0,0,0,0,0,0,0,0,-32305,0,0,0,0,0,100159,0
99789,-6582,6290,730,58,-124,154,-8970,2762,-817,-3469,2560,37711,-391,31,144,0,0,0,0,0,0,0,0,-32305,0,0,0,0,0,100165,0
99794,-6694,6442,758,84,-135,289,-8385,2548,-815,-3531,2104,37678,-325,31,144,0,0,0,0,0,0,0,0,-32304,0,0,0,0,0,100171,0
99799,-6556,6444,850,98,-141,431,-7851,2321,-803,-3534,1488,37678,-325,31,144,0,0,0,0,0,0,0,0,-32302,0,0,0,0,0,100176,0
99804,-6288,6700,744,153,-145,776,-7372,2082,-789,-3560,984,37645,-253,31,144,0,0,0,0,0,0,0,0,-32305,0,0,0,0,0,100182,0
99809,-6130,6840,718,171,-135,939,-6952,1820,-806,-3578,392,37645,-253,31,144,0,0,0,0,0,0,0,0,-32304,0,0,0,0,0,100187,0
99814,-5874,6856,572,198,-125,1156,-6596,1532,-857,-3704,144,37606,-166,31,144,0,0,0,0,0,0,0,0,-32304,0,0,0,0,0,100192,0
99819,-5956,6868,626,218,-114,1338,-6314,1209,-934,-3835,80,37606,-166,31,144,0,0,0,0,0,0,0,0,-32302,0,0,0,0,0,100198,0
99824,-5448,6686,568,277,-97,1853,-6109,866,-1025,-3855,-208,37564,-62,31,144,0,0,0,0,0,0,0,0,-32305,0,0,0,0,0,100204,0
99829,-5090,6722,496,313,-86,2143,-5982,522,-1108,-3820,-624,37564,-62,31,144,0,0,0,0,0,0,0,0,-32305,0,0,0,0,0,100209,0
99834,-4704,6828,540,337,-90,2415,-5933,183,-1161,-3679,-1264,37508,47,31,144,0,0,0,0,0,0,0,0,-32304,0,0,0,0,0,100215,0
99839,-4282,6878,492,377,-83,2692,-5951,-108,-1167,-3496,-1728,37508,47,31,144,0,0,0,0,0,0,0,0,-32303,0,0,0,0,0,100220,0
99844,-3758,7130,514,432,-85,3109,-6009,-268,-1062,-3517,-1968,37456,162,31,144,0,0,0,0,0,0,0,0,-32304,0,0,0,0,0,100225,0
99849,-3716,7258,578,451,-98,3263,-6106,-458,-903,-3527,-2488,37456,162,31,144,0,0,0,0,0,0,0,0,-32305,0,0,0,0,0,100231,0
99854,-3788,7186,586,478,-79,3430,-6255,-676,-773,-3576,-2904,37402,265,31,144,0,0,0,0,0,0,0,0,-32305,0,0,0,0,0,100237,0
99859,-4090,7030,628,485,-79,3554,-6453,-901,-708,-3573,-3536,37402,265,31,144,0,0,0,0,0,0,0,0,-32303,0,0,0,0,0,100242,0
99864,-3060,6502,418,536,-70,4035,-6706,-1136,-735,-3602,-4008,37354,361,31,144,0,0,0,0,0,0,0,0,-32302,0,0,0,0,0,100248,0
99869,-2836,6574,318,556,-53,4229,-7012,-1371,-785,-3534,-4368,37354,361,31,144,0,0,0,0,0,0,0,0,-32305,0,0,0,0,0,100253,0
99874,-2588,6886,356,563,-31,4417,-7376,-1625,-818,-3530,-4928,37304,457,31,144,0,0,0,0,0,0,0,0,-32302,0,0,0,0,0,100258,0
99879,-3188,6914,678,570,-32,4551,-7799,-1895,-846,-3500,-5536,37304,457,31,144,0,0,0,0,0,0,0,0,-32305,0,0,0,0,0,100264,0
99884,-3860,6560,676,590,3,4901,-8280,-2137,-869,-3472,-5992,37254,548,31,144,0,0,0,0,0,0,0,0,-32302,0,0,0,0,0,100270,0
99889,-3110,6616,518,606,8,5150,-8810,-2360,-872,-3427,-6408,37254,548,31,144,0,0,0,0,0,0,0,0,-32304,0,0,0,0,0,100275,0
99894,-1618,6716,336,629,-1,5485,-9401,-2619,-864,-3359,-7120,37209,638,31,144,0,0,0,0,0,0,0,0,-32305,0,0,0,0,0,100280,0
99899,-1532,7482,518,638,-6,5663,-10059,-2921,-882,-3349,-7704,37209,638,31,144,0,0,0,0,0,0,0,0,-32304,0,0,0,0,0,100286,0
99904,-1366,7484,264,678,-35,6187,-10792,-3268,-601,-3266,-8408,37162,727,31,144,0,0,0,0,0,0,0,0,-32303,0,0,0,0,0,100292,0
99909,124,7434,318,724,30,6542,-11616,-3657,-689,-3271,-9272,37162,727,31,144,0,0,0,0,0,0,0,0,-32303,0,0,0,0,0,100297,0
99914,-158,7882,-378,748,-67,6895,-12534,-4082,-978,-3175,-10304,37112,829,31,144,0,0,0,0,0,0,0,0,-32305,0,0,0,0,0,100303,0
99919,800,8448,24,738,-87,7218,-13549,-4505,-1429,-3081,-11184,37112,829,31,144,0,0,0,0,0,0,0,0,-32305,0,0,0,0,0,100308,0
99924,678,8320,-2,771,-86,7726,-14661,-4934,-1530,-3028,-12064,37058,941,31,144,0,0,0,0,0,0,0,0,-32302,0,0,0,0,0,100313,0
99929,-40,8532,-196,774,-99,7966,-15882,-5424,-1806,-2978,-13232,37058,941,31,144,0,0,0,0,0,0,0,0,-32305,0,0,0,0,0,100319,0
99934,-204,8386,6,762,-109,8286,-17217,-5917,-1565,-2938,-13880,36996,1061,31,144,0,0,0,0,0,0,0,0,-32303,0,0,0,0,0,100324,0
99939,-388,8610,4,780,-126,8577,-18644,-6318,-1600,-2858,-14968,36996,1061,31,144,0,0,0,0,0,0,0,0,-32302,0,0,0,0,0,100330,0
99944,-272,8094,62,785,-159,9141,-20174,-6782,-1605,-2703,-15792,36946,1168,31,144,0,0,0,0,0,0,0,0,-32303,0,0,0,0,0,100335,0
99949,-270,8364,-62,765,-173,9423,-21793,-7141,-1566,-2666,-16432,36946,1168,31,144,0,0,0,0,0,0,0,0,-32303,0,0,0,0,0,100341,0
99954,66,8670,230,744,-200,9686,-23475,-7438,-1434,-2440,-16928,36905,1227,31,144,0,0,0,0,0,0,0,0,-32303,0,0,0,0,0,100346,0
99959,560,8636,182,777,-213,9886,-25253,-7862,-1346,-2418,-17808,36905,1227,31,144,0,0,0,0,0,0,0,0,-32303,0,0,0,0,0,100352,0
99964,576,9188,222,724,-214,10220,-27104,-8168,-1269,-2274,-18488,36878,1267,31,144,0,0,0,0,0,0,0,0,-32304,0,0,0,0,0,100357,0
99969,18,9250,54,690,-206,10407,-29036,-8538,-1230,-2136,-19120,36878,1267,31,144,0,0,0,0,0,0,0,0,-32303,0,0,0,0,0,100363,0
99974,-60,9100,294,691,-227,10614,-31012,-8697,-1180,-2082,-19352,36871,1265,31,144,0,0,0,0,0,0,0,0,-32304,0,0,0,0,0,100368,0
99979,-4,8822,254,712,-254,10793,-33041,-8956,-1054,-1900,-19848,36871,1265,31,144,0,0,0,0,0,0,0,0,-32303,0,0,0,0,0,100374,0
99984,972,9274,146,688,-267,11058,-35112,-9119,-892,-1811,-20016,36878,1222,31,144,0,0,0,0,0,0,0,0,-32303,0,0,0,0,0,100379,0
99989,1124,9406,394,668,-256,11143,-37244,-9414,-811,-1573,-20880,36878,1222,31,144,0,0,0,0,0,0,0,0,-32304,0,0,0,0,0,100385,0
99994,914,9338,254,660,-259,11230,-39394,-9450,-710,-1564,-20680,36700,1134,31,144,0,0,0,0,0,0,0,0,-32303,0,0,0,0,0,100390,0
99999,554,9354,300,634,-237,11347,-41590,-9677,-687,-1461,-21000,36700,1134,31,144,0,0,0,0,0,0,0,0,-32303,0,0,0,0,0,100396,0
100004,794,9822,268,634,-204,11483,-43806,-9764,-576,-1312,-21152,36521,1058,31,144,0,0,0,0,0,0,0,0,-32303,0,0,0,0,0,100401,0
100009,1262,9596,232,593,-151,11547,-46058,-9914,-536,-1165,-21144,36521,1058,31,144,0,0,0,0,0,0,0,0,-32304,0,0,0,0,0,100407,0
100014,798,9918,218,583,-147,11560,-48302,-9865,-399,-1028,-21112,36361,947,31,144,0,0,0,0,0,0,0,0,-32304,0,0,0,0,0,100412,0
100019,892,9736,350,580,-135,11612,-50560,-9934,-335,-862,-21120,36361,947,31,144,0,0,0,0,0,0,0,0,-32304,0,0,0,0,0,100418,0
100024,1084,9990,292,598,-141,11604,-52819,-9953,-173,-749,-21048,36372,823,31,144,0,0,0,0,0,0,0,0,-32303,0,0,0,0,0,100423,0
100029,1412,10028,208,551,-112,11580,-55082,-9928,-121,-660,-20624,36372,823,31,144,0,0,0,0,0,0,0,0,-32303,0,0,0,0,0,100428,0
100034,990,10018,246,569,-113,11543,-57330,-9908,-24,-519,-20496,36441,680,31,144,0,0,0,0,0,0,0,0,-32303,0,0,0,0,0,100434,0
100039,1002,10072,226,564,-110,11502,-59563,-9805,24,-388,-20144,36441,680,31,144,0,0,0,0,0,0,0,0,-32303,0,0,0,0,0,100440,0
100044,1634,10336,252,560,-69,11384,-61782,-9770,122,-222,-19864,36517,527,31,144,0,0,0,0,0,0,0,0,-32304,0,0,0,0,0,100445,0
100049,1602,10418,128,538,-76,11307,-63956,-9534,245,-147,-19144,36517,527,31,144,0,0,0,0,0,0,0,0,-32304,0,0,0,0,0,100451,0
100054,1594,10412,254,552,-77,11203,-66099,-9423,349,37,-18784,36598,380,31,144,0,0,0,0,0,0,0,0,-32303,0,0,0,0,0,100456,0
100059,1462,10512,160,537,-74,11092,-68190,-9176,494,147,-18184,36598,380,31,144,0,0,0,0,0,0,0,0,-32303,0,0,0,0,0,100461,0
100064,13976,8512,658,638,-621,8542,-70234,-8970,570,190,-17112,36672,246,31,144,0,0,0,0,0,0,0,0,-32304,0,0,0,0,0,100467,0
100069,32511,11602,404,495,277,6221,-71969,-7436,1076,-164,-11656,36672,246,31,144,0,0,0,0,0,0,0,0,-32303,0,0,0,0,0,100473,0
100074,14828,11598,1546,515,719,4466,-72975,-4039,2746,-71,-592,36711,191,31,144,0,0,0,0,0,0,0,0,-32303,0,0,0,0,0,100478,0
100079,-9446,12378,2476,575,711,4351,-72870,989,6226,1476,7000,36711,191,31,144,0,0,0,0,0,0,0,0,-32302,0,0,0,0,0,100484,0
100084,-7494,8224,248,609,311,6004,-71869,4680,10268,197,7624,36806,184,31,144,0,0,0,0,0,0,0,0,-32303,0,0,0,0,0,100489,0
100089,4624,10638,-1596,543,373,5472,-70683,5180,12051,-2968,8824,36806,184,31,144,0,0,0,0,0,0,0,0,-32304,0,0,0,0,0,100494,0
100094,10290,10770,-230,411,464,4816,-69474,5344,10218,-1007,10152,38241,109,31,144,0,0,0,0,0,0,0,0,-32304,0,0,0,0,0,100500,0
100099,756,12682,302,401,519,3894,-68290,5190,6110,-401,10424,38241,109,31,144,0,0,0,0,0,0,0,0,-32304,0,0,0,0,0,100506,0
100104,-2062,9306,68,560,74,3613,-67167,4901,2037,-184,9520,38559,21,31,144,0,0,0,0,0,0,0,0,-32304,0,0,0,0,0,100511,0
100109,1034,8118,-472,530,29,2827,-66132,4503,-186,76,1632,38559,21,31,144,0,0,0,0,0,0,0,0,-32303,0,0,0,0,0,100516,0
100114,3940,9194,-110,523,-4,2277,-65425,2817,-1115,-4624,-2152,38889,-53,31,144,0,0,0,0,0,0,0,0,-32303,0,0,0,0,0,100522,0
100119,-508,9440,-568,507,-7,2015,-65360,-2,-3048,-6369,-1104,38889,-53,31,144,0,0,0,0,0,0,0,0,-32304,0,0,0,0,0,100527,0
100124,-6090,9184,234,612,-298,2096,-65462,-460,-4624,-803,-3112,37579,57,31,144,0,0,0,0,0,0,0,0,-32304,0,0,0,0,0,100533,0
100129,-6550,8338,-144,643,-363,2492,-65641,-884,-5053,-2179,-4008,37579,57,31,144,0,0,0,0,0,0,0,0,-32304,0,0,0,0,0,100538,0
100134,-6344,7488,-518,638,-386,2787,-65980,-1544,-4317,-2311,-3168,37050,180,31,144,0,0,0,0,0,0,0,0,-32303,0,0,0,0,0,100544,0
100139,-6274,7966,204,602,-467,3227,-66296,-1370,-2598,-488,-2144,37050,180,31,144,0,0,0,0,0,0,0,0,-32304,0,0,0,0,0,100549,0
100144,-1626,7838,110,664,-560,4035,-66547,-1081,-1030,-148,-1368,36856,202,31,144,0,0,0,0,0,0,0,0,-32304,0,0,0,0,0,100555,0
100149,860,8250,-450,695,-490,3985,-66760,-915,-321,-44,-1016,36856,202,31,144,0,0,0,0,0,0,0,0,-32304,0,0,0,0,0,100560,0
100154,2414,9382,944,674,-473,3964,-66952,-825,303,-11,-832,36743,197,31,144,0,0,0,0,0,0,0,0,-32303,0,0,0,0,0,100566,0
100159,1774,10772,756,685,-462,3835,-67127,-770,582,-1,-752,36743,197,31,144,0,0,0,0,0,0,0,0,-32303,0,0,0,0,0,100571,0
100164,2938,9908,336,704,-468,3295,-67294,-734,423,3,-664,36781,125,31,144,0,0,0,0,0,0,0,0,-32304,0,0,0,0,0,100577,0
100169,3858,10266,344,687,-447,2964,-67467,-756,235,9,-760,36781,125,31,144,0,0,0,0,0,0,0,0,-32304,0,0,0,0,0,100582,0
100174,3200,10540,538,667,-436,2563,-67653,-822,78,25,-912,36791,114,31,144,0,0,0,0,0,0,0,0,-32304,0,0,0,0,0,100588,0
100179,2152,9656,520,655,-424,2236,-67847,-852,-42,24,-952,36791,114,31,144,0,0,0,0,0,0,0,0,-32303,0,0,0,0,0,100593,0
100184,452,8040,586,643,-380,1940,-68035,-817,-86,6,-1560,36794,118,31,144,0,0,0,0,0,0,0,0,-32304,0,0,0,0,0,100598,0
100189,62,7544,488,623,-349,1836,-68224,-836,-68,-337,-1904,36794,118,31,144,0,0,0,0,0,0,0,0,-32303,0,0,0,0,0,100604,0
100194,-28,7054,420,603,-297,1838,-68425,-887,-58,-397,-1248,36788,121,31,144,0,0,0,0,0,0,0,0,-32305,0,0,0,0,0,100609,0
100199,-208,6994,370,590,-237,1845,-68616,-828,-27,-85,-824,36788,121,31,144,0,0,0,0,0,0,0,0,-32304,0,0,0,0,0,100615,0
100204,-468,6976,372,554,-110,1841,-68788,-738,24,-4,-448,36787,124,31,144,0,0,0,0,0,0,0,0,-32303,0,0,0,0,0,100620,0
100209,290,7016,370,539,-57,1791,-68931,-617,110,59,-184,36787,124,31,144,0,0,0,0,0,0,0,0,-32304,0,0,0,0,0,100626,0
100214,1572,7612,322,512,21,1636,-69040,-464,272,165,-24,36788,127,31,144,0,0,0,0,0,0,0,0,-32304,0,0,0,0,0,100631,0
100219,1670,7662,474,489,103,1412,-69100,-253,427,220,8,36788,127,31,144,0,0,0,0,0,0,0,0,-32304,0,0,0,0,0,100637,0
100224,-260,7750,316,472,242,1200,-69111,-14,554,159,48,36788,118,31,144,0,0,0,0,0,0,0,0,-32303,0,0,0,0,0,100642,0
100229,-480,7412,296,447,307,1186,-69085,127,645,93,88,36788,118,31,144,0,0,0,0,0,0,0,0,-32303,0,0,0,0,0,100648,0
100234,30,7222,174,427,374,1168,-69048,162,623,86,88,36788,124,31,144,0,0,0,0,0,0,0,0,-32304,0,0,0,0,0,100653,0
100239,718,7360,168,395,448,1089,-69008,183,481,83,96,36788,124,31,144,0,0,0,0,0,0,0,0,-32303,0,0,0,0,0,100659,0
100244,808,7178,280,369,593,878,-68968,164,283,85,88,36788,119,31,144,0,0,0,0,0,0,0,0,-32304,0,0,0,0,0,100664,0
100249,348,7336,292,364,651,803,-68931,162,106,76,64,36788,119,31,144,0,0,0,0,0,0,0,0,-32304,0,0,0,0,0,100670,0
100254,18,7322,240,353,711,746,-68904,122,-1,72,64,36790,125,31,144,0,0,0,0,0,0,0,0,-32304,0,0,0,0,0,100675,0
100259,26,7226,102,333,749,705,-68880,104,-44,71,40,36790,125,31,144,0,0,0,0,0,0,0,0,-32304,0,0,0,0,0,100680,0
100264,466,7264,-10,300,817,570,-68868,42,-89,81,8,36795,122,31,144,0,0,0,0,0,0,0,0,-32303,0,0,0,0,0,100686,0
100269,516,7074,-12,296,841,479,-68871,-11,-117,72,16,36795,122,31,144,0,0,0,0,0,0,0,0,-32304,0,0,0,0,0,100692,0
100274,438,6982,-62,297,838,408,-68874,-14,-138,73,16,36795,128,31,144,0,0,0,0,0,0,0,0,-32303,0,0,0,0,0,100697,0
100279,370,6854,-124,301,832,344,-68875,2,-116,72,24,36795,128,31,144,0,0,0,0,0,0,0,0,-32304,0,0,0,0,0,100703,0
100284,486,6588,-328,304,802,249,-68874,2,-61,75,24,36795,115,31,144,0,0,0,0,0,0,0,0,-32303,0,0,0,0,0,100708,0
100289,684,6550,-348,310,780,205,-68874,3,-12,75,24,36795,115,31,144,0,0,0,0,0,0,0,0,-32304,0,0,0,0,0,100714,0
100294,880,6514,-320,323,763,161,-68874,3,12,75,24,36788,108,31,144,0,0,0,0,0,0,0,0,-32303,0,0,0,0,0,100719,0
100299,1080,6498,-310,337,751,102,-68875,2,6,74,24,36788,108,31,144,0,0,0,0,0,0,0,0,-32304,0,0,0,0,0,100725,0
100304,1370,6540,-324,371,728,-15,-68874,5,-1,77,16,36788,105,31,144,0,0,0,0,0,0,0,0,-32304,0,0,0,0,0,100730,0
100309,1486,6540,-342,393,722,-76,-68875,-3,0,75,24,36788,105,31,144,0,0,0,0,0,0,0,0,-32304,0,0,0,0,0,100736,0
100314,1542,6544,-342,413,727,-126,-68874,0,2,76,16,36788,109,31,144,0,0,0,0,0,0,0,0,-32304,0,0,0,0,0,100741,0
100319,1586,6486,-268,425,731,-177,-68874,10,-1,74,16,36788,109,31,144,0,0,0,0,0,0,0,0,-32304,0,0,0,0,0,100747,0
100324,1648,6392,-212,468,746,-259,-68874,3,0,72,24,36790,111,31,144,0,0,0,0,0,0,0,0,-32303,0,0,0,0,0,100752,0
100329,1682,6380,-170,481,760,-284,-68875,1,0,72,32,36790,111,31,144,0,0,0,0,0,0,0,0,-32303,0,0,0,0,0,100758,0
100334,1676,6340,-124,507,778,-315,-68874,0,6,73,24,36793,112,31,144,0,0,0,0,0,0,0,0,-32304,0,0,0,0,0,100763,0
100339,1678,6352,-86,520,798,-334,-68873,0,2,73,16,36793,112,31,144,0,0,0,0,0,0,0,0,-32303,0,0,0,0,0,100769,0
100344,1664,6314,26,542,828,-360,-68874,-2,-1,74,24,36793,120,31,144,0,0,0,0,0,0,0,0,-32304,0,0,0,0,0,100774,0
100349,1716,6292,82,556,845,-369,-68872,-2,1,74,24,36793,120,31,144,0,0,0,0,0,0,0,0,-32303,0,0,0,0,0,100779,0
100354,1770,6298,114,570,862,-392,-68871,1,-2,74,16,36798,126,31,144,0,0,0,0,0,0,0,0,-32304,0,0,0,0,0,100785,0
100359,1850,6308,168,575,889,-412,-68872,2,5,76,32,36798,126,31,144,0,0,0,0,0,0,0,0,-32303,0,0,0,0,0,100791,0
100364,1922,6312,204,584,921,-466,-68871,1,-4,76,16,36809,128,31,144,0,0,0,0,0,0,0,0,-32304,0,0,0,0,0,100796,0
100369,1942,6356,218,591,938,-498,-68872,2,-3,73,24,36809,128,31,144,0,0,0,0,0,0,0,0,-32303,0,0,0,0,0,100802,0
100374,1976,6394,236,593,959,-535,-68873,0,3,74,16,36823,134,31,144,0,0,0,0,0,0,0,0,-32303,0,0,0,0,0,100807,0
100379,2038,6424,216,600,973,-576,-68873,-2,0,74,32,36823,134,31,144,0,0,0,0,0,0,0,0,-32303,0,0,0,0,0,100812,0
100384,2076,6518,224,587,991,-636,-68873,-1,-2,73,32,36823,135,31,144,0,0,0,0,0,0,0,0,-32304,0,0,0,0,0,100818,0
100389,2088,6522,198,585,992,-673,-68872,0,3,73,16,36823,135,31,144,0,0,0,0,0,0,0,0,-32303,0,0,0,0,0,100824,0
100394,2092,6554,236,588,993,-704,-68872,0,2,75,24,36811,134,31,144,0,0,0,0,0,0,0,0,-32303,0,0,0,0,0,100829,0
100399,2120,6642,250,574,983,-726,-68870,11,2,74,16,36811,134,31,144,0,0,0,0,0,0,0,0,-32304,0,0,0,0,0,100834,0
100404,2100,6820,250,565,973,-765,-68869,7,8,78,24,36799,123,31,144,0,0,0,0,0,0,0,0,-32304,0,0,0,0,0,100840,0
100409,2100,6970,266,558,962,-779,-68868,7,1,73,24,36799,123,31,144,0,0,0,0,0,0,0,0,-32303,0,0,0,0,0,100845,0
100414,2082,7040,286,548,944,-797,-68868,4,5,73,16,36797,102,31,144,0,0,0,0,0,0,0,0,-32304,0,0,0,0,0,100851,0
100419,2086,7118,278,538,918,-808,-68866,3,6,72,24,36797,102,31,144,0,0,0,0,0,0,0,0,-32303,0,0,0,0,0,100857,0
100424,2066,7244,252,516,854,-834,-68859,22,6,71,32,36796,96,31,144,0,0,0,0,0,0,0,0,-32304,0,0,0,0,0,100862,0
100429,2056,7300,260,508,812,-856,-68848,48,24,70,48,36796,96,31,144,0,0,0,0,0,0,0,0,-32303,0,0,0,0,0,100867,0
100434,2090,7340,276,495,766,-878,-68822,118,64,64,80,36792,102,31,144,0,0,0,0,0,0,0,0,-32304,0,0,0,0,0,100873,0
100439,2176,7386,278,481,718,-912,-68789,148,106,67,80,36792,102,31,144,0,0,0,0,0,0,0,0,-32303,0,0,0,0,0,100878,0
100444,2214,7486,258,458,612,-1002,-68744,202,141,68,128,36789,115,31,144,0,0,0,0,0,0,0,0,-32304,0,0,0,0,0,100884,0
100449,2224,7556,278,441,563,-1052,-68690,240,154,73,144,36789,115,31,144,0,0,0,0,0,0,0,0,-32303,0,0,0,0,0,100889,0
100454,2198,7612,258,421,511,-1102,-68631,265,153,61,168,36789,117,31,144,0,0,0,0,0,0,0,0,-32304,0,0,0,0,0,100896,0
100459,2290,7710,270,406,467,-1157,-68560,308,130,65,184,36789,117,31,144,0,0,0,0,0,0,0,0,-32303,0,0,0,0,0,100901,0
100464,2270,7828,268,379,373,-1258,-68486,331,126,62,192,36791,116,31,144,0,0,0,0,0,0,0,0,-32304,0,0,0,0,0,100907,0
100469,2248,7902,296,359,328,-1298,-68405,350,115,51,200,36791,116,31,144,0,0,0,0,0,0,0,0,-32303,0,0,0,0,0,100912,0
100474,2290,7976,302,347,279,-1339,-68317,384,96,40,248,36793,109,31,144,0,0,0,0,0,0,0,0,-32303,0,0,0,0,0,100917,0
100479,2338,8068,308,331,242,-1374,-68222,427,101,36,296,36793,109,31,144,0,0,0,0,0,0,0,0,-32304,0,0,0,0,0,100923,0
100484,2448,8216,348,294,166,-1452,-68120,454,101,35,328,36793,115,31,144,0,0,0,0,0,0,0,0,-32303,0,0,0,0,0,100929,0
100489,2474,8252,356,283,141,-1496,-68011,481,109,41,304,36793,115,31,144,0,0,0,0,0,0,0,0,-32303,0,0,0,0,0,100934,0
100494,2564,8332,394,264,119,-1541,-67896,498,114,40,304,36792,118,31,144,0,0,0,0,0,0,0,0,-32303,0,0,0,0,0,100940,0
100499,2574,8384,406,259,96,-1591,-67776,526,97,24,360,36792,118,31,144,0,0,0,0,0,0,0,0,-32304,0,0,0,0,0,100945,0
100504,2604,8412,384,212,53,-1683,-67655,540,81,8,376,36790,129,31,144,0,0,0,0,0,0,0,0,-32304,0,0,0,0,0,100950,0
100509,2634,8392,350,199,35,-1729,-67527,560,70,-1,392,36790,129,31,144,0,0,0,0,0,0,0,0,-32304,0,0,0,0,0,100956,0
100514,2662,8420,358,181,16,-1767,-67397,572,58,-2,376,36789,119,31,144,0,0,0,0,0,0,0,0,-32303,0,0,0,0,0,100962,0
100519,2698,8408,318,156,-2,-1807,-67264,589,61,-12,400,36789,119,31,144,0,0,0,0,0,0,0,0,-32304,0,0,0,0,0,100967,0
100524,2800,8472,274,130,-35,-1879,-67126,618,57,-13,424,36790,118,31,144,0,0,0,0,0,0,0,0,-32304,0,0,0,0,0,100973,0
100529,2854,8524,234,113,-47,-1914,-66983,629,60,-24,416,36790,118,31,144,0,0,0,0,0,0,0,0,-32304,0,0,0,0,0,100978,0
100534,2900,8536,196,108,-55,-1949,-66837,640,63,-39,432,36789,118,31,144,0,0,0,0,0,0,0,0,-32303,0,0,0,0,0,100984,0
100539,2960,8582,198,99,-62,-1978,-66685,672,68,-53,488,36789,118,31,144,0,0,0,0,0,0,0,0,-32303,0,0,0,0,0,100989,0
100544,3070,8604,144,81,-81,-2038,-66530,681,64,-56,464,36791,117,31,144,0,0,0,0,0,0,0,0,-32303,0,0,0,0,0,100995,0
100549,3096,8564,150,81,-81,-2067,-66372,697,60,-68,464,36791,117,31,144,0,0,0,0,0,0,0,0,-32304,0,0,0,0,0,101000,0
100554,3128,8540,104,80,-87,-2092,-66207,728,66,-76,488,36793,114,31,144,0,0,0,0,0,0,0,0,-32304,0,0,0,0,0,101006,0
100559,3148,8506,78,72,-97,-2115,-66042,726,61,-82,480,36793,114,31,144,0,0,0,0,0,0,0,0,-32304,0,0,0,0,0,101011,0
100564,3184,8422,68,79,-103,-2155,-65871,754,57,-109,512,36791,114,31,144,0,0,0,0,0,0,0,0,-32304,0,0,0,0,0,101016,0
100569,3178,8374,80,88,-108,-2169,-65698,760,57,-105,472,36791,114,31,144,0,0,0,0,0,0,0,0,-32303,0,0,0,0,0,101022,0
100574,3176,8310,68,97,-109,-2182,-65521,776,56,-116,488,36793,116,31,144,0,0,0,0,0,0,0,0,-32303,0,0,0,0,0,101028,0
100579,3138,8252,64,102,-116,-2191,-65343,786,47,-130,472,36793,116,31,144,0,0,0,0,0,0,0,0,-32304,0,0,0,0,0,101033,0
100584,3084,8102,40,117,-127,-2197,-65165,777,42,-143,464,36797,114,31,144,0,0,0,0,0,0,0,0,-32303,0,0,0,0,0,101039,0
100589,3048,8068,60,125,-133,-2202,-64986,778,23,-160,456,36797,114,31,144,0,0,0,0,0,0,0,0,-32304,0,0,0,0,0,101044,0
100594,3074,8008,36,139,-136,-2206,-64807,783,13,-158,416,36799,111,31,144,0,0,0,0,0,0,0,0,-32304,0,0,0,0,0,101049,0
100599,3084,7974,42,149,-132,-2206,-64633,767,-1,-174,368,36799,111,31,144,0,0,0,0,0,0,0,0,-32304,0,0,0,0,0,101055,0
100604,3014,7790,42,152,-131,-2198,-64496,753,-19,-200,368,36799,111,31,144,0,0,0,0,0,0,0,0,-32304,0,0,0,0,0,101060,0
100609,2908,7750,52,166,-127,-2191,-64327,743,-32,-211,352,36799,111,31,144,0,0,0,0,0,0,0,0,-32304,0,0,0,0,0,101066,0
100614,2910,7702,56,171,-124,-2179,-64163,724,-45,-215,312,36795,117,31,144,0,0,0,0,0,0,0,0,-32304,0,0,0,0,0,101072,0
100619,2850,7652,58,176,-117,-2157,-64003,703,-56,-230,288,36795,117,31,144,0,0,0,0,0,0,0,0,-32304,0,0,0,0,0,101077,0
100624,2890,7620,28,185,-96,-2122,-63848,680,-59,-230,264,36798,127,31,144,0,0,0,0,0,0,0,0,-32304,0,0,0,0,0,101082,0
100629,2880,7666,14,188,-80,-2105,-63702,643,-81,-257,216,36798,127,31,144,0,0,0,0,0,0,0,0,-32304,0,0,0,0,0,101088,0
100634,2894,7700,18,189,-64,-2094,-63559,623,-87,-266,216,36801,121,31,144,0,0,0,0,0,0,0,0,-32303,0,0,0,0,0,101093,0
100639,2870,7756,26,192,-47,-2076,-63422,596,-91,-263,160,36801,121,31,144,0,0,0,0,0,0,0,0,-32304,0,0,0,0,0,101099,0
100644,2792,7806,50,192,-5,-2030,-63295,557,-102,-291,136,36800,113,31,144,0,0,0,0,0,0,0,0,-32304,0,0,0,0,0,101105,0
100649,2742,7800,50,193,18,-2009,-63176,526,-108,-303,136,36800,113,31,144,0,0,0,0,0,0,0,0,-32304,0,0,0,0,0,101110,0
100654,2650,7708,40,195,38,-1972,-63060,502,-109,-298,120,36799,107,31,144,0,0,0,0,0,0,0,0,-32304,0,0,0,0,0,101115,0
100659,2660,7742,64,191,59,-1942,-62953,460,-109,-308,88,36799,107,31,144,0,0,0,0,0,0,0,0,-32303,0,0,0,0,0,101121,0
100664,2538,7612,60,191,91,-1873,-62857,423,-113,-325,80,36793,108,31,144,0,0,0,0,0,0,0,0,-32303,0,0,0,0,0,101126,0
100669,2506,7562,70,189,111,-1840,-62769,383,-126,-311,56,36793,108,31,144,0,0,0,0,0,0,0,0,-32303,0,0,0,0,0,101132,0
100674,2494,7486,60,191,116,-1807,-62691,348,-137,-309,40,36791,108,31,144,0,0,0,0,0,0,0,0,-32303,0,0,0,0,0,101137,0
100679,2448,7438,52,185,130,-1786,-62619,307,-132,-305,24,36791,108,31,144,0,0,0,0,0,0,0,0,-32303,0,0,0,0,0,101144,0
100684,2294,7300,52,184,148,-1730,-62562,258,-140,-319,-8,36794,108,31,144,0,0,0,0,0,0,0,0,-32303,0,0,0,0,0,101149,0
100689,2216,7198,54,181,162,-1701,-62519,186,-158,-323,-32,36794,108,31,144,0,0,0,0,0,0,0,0,-32303,0,0,0,0,0,101155,0
100694,2074,7082,40,178,173,-1675,-62492,113,-186,-313,-56,36788,114,31,144,0,0,0,0,0,0,0,0,-32303,0,0,0,0,0,101161,0
100699,1976,7026,50,177,181,-1626,-62479,58,-216,-305,-64,36788,114,31,144,0,0,0,0,0,0,0,0,-32303,0,0,0,0,0,101165,0
100704,2480,7768,128,171,204,-1524,-62470,30,-202,-294,-88,36776,115,31,144,0,0,0,0,0,0,0,0,-32304,0,0,0,0,0,101165,0
100709,4036,9342,428,145,195,-1078,-62471,-8,-177,-293,-104,36776,115,31,144,0,0,0,0,0,0,0,0,-32304,0,0,0,0,0,101170,0
100714,6342,11370,1138,99,168,-648,-62478,-28,-144,-299,-112,36766,123,31,144,0,0,0,0,0,0,0,0,-32303,0,0,0,0,0,101176,0
100719,7586,11324,1950,16,182,152,-62496,-71,-119,-291,-144,36766,123,31,144,0,0,0,0,0,0,0,0,-32303,0,0,0,0,0,101182,0
100724,9188,12738,3364,-174,196,1112,-62531,-168,-143,-268,-280,36764,118,31,144,0,0,0,0,0,0,0,0,-32303,0,0,0,0,0,101187,0
100729,8814,11872,2448,-191,271,317,-62606,-343,-235,-246,-624,36764,118,31,144,0,0,0,0,0,0,0,0,-32304,0,0,0,0,0,101193,0
100734,9158,12722,1832,-205,296,-210,-62738,-607,-412,-220,-1360,36766,122,31,144,0,0,0,0,0,0,0,0,-32303,0,0,0,0,0,101199,0
100739,8388,12590,52,-170,229,78,-62928,-860,-614,-264,-1880,36766,122,31,144,0,0,0,0,0,0,0,0,-32303,0,0,0,0,0,101204,0
100744,3038,10328,-1610,-119,202,-199,-63155,-1024,-729,-289,-2136,36767,125,31,144,0,0,0,0,0,0,0,0,-32304,0,0,0,0,0,101210,0
100749,1826,8982,-1286,-118,173,-330,-63403,-1088,-700,-280,-2136,36767,125,31,144,0,0,0,0,0,0,0,0,-32303,0,0,0,0,0,101215,0
100754,1800,7866,-1102,-100,153,-210,-63653,-1102,-523,-260,-2072,36769,130,31,144,0,0,0,0,0,0,0,0,-32303,0,0,0,0,0,101221,0
100759,1690,7300,-448,-96,190,-228,-63897,-1072,-278,-231,-1952,36769,130,31,144,0,0,0,0,0,0,0,0,-32304,0,0,0,0,0,101226,0
100764,1428,6436,788,-141,286,-200,-64132,-1024,-73,-203,-1784,36773,139,31,144,0,0,0,0,0,0,0,0,-32303,0,0,0,0,0,101232,0
100769,1070,6608,516,-119,322,-142,-64353,-962,68,-193,-1600,36773,139,31,144,0,0,0,0,0,0,0,0,-32304,0,0,0,0,0,101238,0
100774,738,6950,352,-125,348,-100,-64555,-892,157,-182,-1392,36777,134,31,144,0,0,0,0,0,0,0,0,-32304,0,0,0,0,0,101243,0
100779,644,7084,318,-120,366,-65,-64739,-800,217,-172,-1152,36777,134,31,144,0,0,0,0,0,0,0,0,-32304,0,0,0,0,0,101248,0
100784,1130,7386,-128,-89,363,-36,-64906,-728,254,-146,-984,36779,132,31,144,0,0,0,0,0,0,0,0,-32304,0,0,0,0,0,101254,0
100789,1680,7572,40,-82,357,-5,-65061,-672,256,-142,-840,36779,132,31,144,0,0,0,0,0,0,0,0,-32303,0,0,0,0,0,101259,0
100794,1972,7628,352,-78,349,1,-65204,-629,236,-144,-720,36785,125,31,144,0,0,0,0,0,0,0,0,-32304,0,0,0,0,0,101265,0
100799,2120,7588,486,-78,335,-1,-65340,-596,197,-136,-616,36785,125,31,144,0,0,0,0,0,0,0,0,-32304,0,0,0,0,0,101271,0
100804,3088,7828,612,-66,298,-64,-65475,-588,137,-123,-600,36789,123,31,144,0,0,0,0,0,0,0,0,-32304,0,0,0,0,0,101276,0
100809,3906,7978,626,-58,276,-137,-65610,-601,86,-98,-672,36789,123,31,144,0,0,0,0,0,0,0,0,-32303,0,0,0,0,0,101282,0
100814,4538,8144,504,-53,244,-193,-65756,-655,20,-76,-864,36789,123,31,144,0,0,0,0,0,0,0,0,-32304,0,0,0,0,0,101287,0
100819,4886,8242,306,-42,207,-247,-65924,-751,-85,-67,-1088,36789,123,31,144,0,0,0,0,0,0,0,0,-32304,0,0,0,0,0,101293,0
100824,4212,8168,184,-33,157,-363,-66117,-853,-200,-74,-1312,36786,132,31,144,0,0,0,0,0,0,0,0,-32304,0,0,0,0,0,101298,0
100829,3430,8000,194,-19,126,-388,-66325,-924,-271,-65,-1448,36786,132,31,144,0,0,0,0,0,0,0,0,-32304,0,0,0,0,0,101304,0
100834,2644,7766,228,-16,108,-422,-66544,-963,-286,-62,-1464,36785,132,31,144,0,0,0,0,0,0,0,0,-32303,0,0,0,0,0,101309,0
100839,2126,7590,314,-15,98,-443,-66763,-965,-221,-68,-1392,36785,132,31,144,0,0,0,0,0,0,0,0,-32304,0,0,0,0,0,101314,0
100844,1588,7284,304,-11,69,-439,-66978,-938,-122,-53,-1240,36782,133,31,144,0,0,0,0,0,0,0,0,-32304,0,0,0,0,0,101320,0
100849,1554,7284,224,-10,56,-438,-67182,-891,-8,-32,-1104,36782,133,31,144,0,0,0,0,0,0,0,0,-32304,0,0,0,0,0,101326,0
100854,1572,7334,196,-9,45,-431,-67374,-835,82,-17,-912,36782,126,31,144,0,0,0,0,0,0,0,0,-32303,0,0,0,0,0,101331,0
100859,1592,7458,142,-2,32,-420,-67554,-777,140,-13,-728,36782,126,31,144,0,0,0,0,0,0,0,0,-32303,0,0,0,0,0,101336,0
100864,1656,7762,180,-1,6,-409,-67720,-721,180,-8,-536,36785,119,31,144,0,0,0,0,0,0,0,0,-32303,0,0,0,0,0,101342,0
100869,1788,7918,216,2,-20,-409,-67872,-656,197,18,-384,36785,119,31,144,0,0,0,0,0,0,0,0,-32303,0,0,0,0,0,101348,0
100874,1942,7994,280,14,-42,-412,-68010,-604,204,50,-312,36787,117,31,144,0,0,0,0,0,0,0,0,-32304,0,0,0,0,0,101353,0
100879,2104,7946,264,4,-61,-436,-68135,-540,207,67,-216,36787,117,31,144,0,0,0,0,0,0,0,0,-32304,0,0,0,0,0,101358,0
100884,5606,8194,154,1,-102,-625,-68239,-452,219,110,-136,36788,112,31,144,0,0,0,0,0,0,0,0,-32304,0,0,0,0,0,101364,0
100889,5606,8074,124,2,-118,-609,-68320,-342,260,119,-96,36788,112,31,144,0,0,0,0,0,0,0,0,-32304,0,0,0,0,0,101369,0
100894,4146,7682,36,10,-116,-687,-68379,-247,293,99,-64,36791,119,31,144,0,0,0,0,0,0,0,0,-32304,0,0,0,0,0,101375,0
100899,2262,7184,24,18,-114,-676,-68410,-122,343,98,-32,36791,119,31,144,0,0,0,0,0,0,0,0,-32304,0,0,0,0,0,101381,0
100904,154,6074,56,19,-73,-595,-68426,-60,347,66,-8,36789,112,31,144,0,0,0,0,0,0,0,0,-32304,0,0,0,0,0,101386,0
100909,108,5598,172,4,-16,-642,-68427,-3,326,40,16,36789,112,31,144,0,0,0,0,0,0,0,0,-32304,0,0,0,0,0,101391,0
100914,1054,6002,182,5,25,-619,-68424,10,258,48,16,36789,115,31,144,0,0,0,0,0,0,0,0,-32303,0,0,0,0,0,101397,0
100919,3050,6916,-42,13,38,-597,-68424,6,164,50,16,36789,115,31,144,0,0,0,0,0,0,0,0,-32303,0,0,0,0,0,101402,0
100924,4060,7994,104,9,71,-634,-68424,-6,70,47,16,36790,109,31,144,0,0,0,0,0,0,0,0,-32304,0,0,0,0,0,101408,0
100929,3164,8102,72,19,82,-652,-68425,-6,18,47,16,36790,109,31,144,0,0,0,0,0,0,0,0,-32304,0,0,0,0,0,101414,0
100934,2168,8052,16,19,94,-665,-68426,-6,-7,50,16,36788,112,31,144,0,0,0,0,0,0,0,0,-32304,0,0,0,0,0,101419,0
100939,1506,8168,96,22,110,-674,-68423,9,-2,46,16,36788,112,31,144,0,0,0,0,0,0,0,0,-32303,0,0,0,0,0,101424,0
100944,1642,8532,72,15,116,-694,-68425,-5,0,46,16,36788,105,31,144,0,0,0,0,0,0,0,0,-32303,0,0,0,0,0,101430,0
100949,2046,8610,-26,14,110,-707,-68425,0,6,46,16,36788,105,31,144,0,0,0,0,0,0,0,0,-32303,0,0,0,0,0,101435,0
100954,2174,8684,-26,14,110,-723,-68425,3,2,46,16,36785,103,31,144,0,0,0,0,0,0,0,0,-32304,0,0,0,0,0,101441,0
100959,2182,8650,-26,19,108,-736,-68425,-2,2,48,16,36785,103,31,144,0,0,0,0,0,0,0,0,-32303,0,0,0,0,0,101447,0
100964,1856,8658,86,19,108,-758,-68424,-1,3,46,24,36786,109,31,144,0,0,0,0,0,0,0,0,-32304,0,0,0,0,0,101452,0
100969,1798,8692,152,15,112,-770,-68424,-2,3,48,16,36786,109,31,144,0,0,0,0,0,0,0,0,-32304,0,0,0,0,0,101458,0
100974,1798,8688,148,18,118,-787,-68425,-6,0,47,16,36788,112,31,144,0,0,0,0,0,0,0,0,-32304,0,0,0,0,0,101463,0
100979,1908,8634,94,9,124,-801,-68425,1,-1,48,16,36788,112,31,144,0,0,0,0,0,0,0,0,-32303,0,0,0,0,0,101468,0
100984,2178,8380,0,18,150,-828,-68426,-5,-2,47,8,36788,114,31,144,0,0,0,0,0,0,0,0,-32303,0,0,0,0,0,101474,0
100989,2258,8276,44,25,172,-845,-68424,-2,2,47,16,36788,114,31,144,0,0,0,0,0,0,0,0,-32303,0,0,0,0,0,101480,0
100994,2296,8178,68,22,188,-856,-68425,-4,0,45,16,36790,120,31,144,0,0,0,0,0,0,0,0,-32303,0,0,0,0,0,101485,0
100999,2206,8122,102,31,220,-865,-68424,0,4,46,16,36790,120,31,144,0,0,0,0,0,0,0,0,-32304,0,0,0,0,0,101491,0
101004,2026,7996,164,32,270,-884,-68424,4,0,44,16,36795,122,31,144,0,0,0,0,0,0,0,0,-32304,0,0,0,0,0,101496,0
101009,1910,7886,180,36,297,-893,-68425,-4,2,45,24,36795,122,31,144,0,0,0,0,0,0,0,0,-32304,0,0,0,0,0,101501,0
101014,1838,7806,178,37,321,-901,-68424,1,2,48,16,36794,123,31,144,0,0,0,0,0,0,0,0,-32303,0,0,0,0,0,101507,0
101019,1760,7754,192,45,349,-905,-68425,3,0,49,16,36794,123,31,144,0,0,0,0,0,0,0,0,-32303,0,0,0,0,0,101513,0
101024,1692,7696,252,54,403,-907,-68425,-3,4,50,16,36793,125,31,144,0,0,0,0,0,0,0,0,-32304,0,0,0,0,0,101518,0
101029,1672,7636,276,55,426,-909,-68424,-2,-2,49,8,36793,125,31,144,0,0,0,0,0,0,0,0,-32304,0,0,0,0,0,101524,0
101034,1642,7624,272,64,458,-907,-68424,3,3,51,16,36787,119,31,144,0,0,0,0,0,0,0,0,-32304,0,0,0,0,0,101529,0
101039,1610,7586,284,67,482,-903,-68424,0,5,49,16,36787,119,31,144,0,0,0,0,0,0,0,0,-32304,0,0,0,0,0,101534,0
101044,1590,7542,266,76,539,-898,-68424,3,-4,46,8,36788,117,31,144,0,0,0,0,0,0,0,0,-32303,0,0,0,0,0,101540,0
101049,1548,7500,248,88,571,-900,-68423,5,2,46,8,36788,117,31,144,0,0,0,0,0,0,0,0,-32304,0,0,0,0,0,101546,0
101054,1518,7462,302,96,598,-894,-68424,1,2,46,16,36789,111,31,144,0,0,0,0,0,0,0,0,-32304,0,0,0,0,0,101551,0
101059,1456,7498,310,97,624,-885,-68425,0,-2,48,24,36789,111,31,144,0,0,0,0,0,0,0,0,-32303,0,0,0,0,0,101556,0
101064,1410,7708,286,107,674,-874,-68425,-3,-3,47,16,36789,118,31,144,0,0,0,0,0,0,0,0,-32304,0,0,0,0,0,101562,0
101069,1344,7842,238,113,694,-876,-68424,0,1,49,16,36789,118,31,144,0,0,0,0,0,0,0,0,-32303,0,0,0,0,0,101568,0
101074,1256,7898,172,114,710,-870,-68424,-1,2,46,16,36788,119,31,144,0,0,0,0,0,0,0,0,-32304,0,0,0,0,0,101573,0
101079,1256,8026,140,112,718,-866,-68424,5,2,47,16,36788,119,31,144,0,0,0,0,0,0,0,0,-32303,0,0,0,0,0,101579,0
101084,1256,8340,34,112,740,-870,-68425,-7,-1,48,16,36788,119,31,144,0,0,0,0,0,0,0,0,-32303,0,0,0,0,0,101584,0
101089,1228,8450,8,117,746,-874,-68424,0,-6,45,16,36788,119,31,144,0,0,0,0,0,0,0,0,-32303,0,0,0,0,0,101589,0
101094,1160,8536,-18,114,754,-876,-68425,-3,-2,47,8,36790,116,31,144,0,0,0,0,0,0,0,0,-32304,0,0,0,0,0,101595,0
101099,1086,8540,-36,107,744,-880,-68424,3,3,50,16,36790,116,31,144,0,0,0,0,0,0,0,0,-32304,0,0,0,0,0,101601,0
101104,998,8512,-56,100,732,-890,-68424,4,-3,47,24,36788,115,31,144,0,0,0,0,0,0,0,0,-32304,0,0,0,0,0,101606,0
101109,968,8406,-110,95,725,-898,-68425,-1,6,46,8,36788,115,31,144,0,0,0,0,0,0,0,0,-32304,0,0,0,0,0,101612,0
101114,974,8312,-114,88,711,-898,-68425,0,-2,48,16,36787,110,31,144,0,0,0,0,0,0,0,0,-32303,0,0,0,0,0,101618,0
101119,996,8240,-92,85,704,-902,-68424,3,3,49,16,36787,110,31,144,0,0,0,0,0,0,0,0,-32303,0,0,0,0,0,101623,0
101124,1060,8110,-140,73,701,-907,-68423,6,0,48,16,36784,117,31,144,0,0,0,0,0,0,0,0,-32304,0,0,0,0,0,101629,0
101129,1000,7960,14,63,688,-906,-68425,-3,4,47,8,36784,117,31,144,0,0,0,0,0,0,0,0,-32303,0,0,0,0,0,101634,0
101134,982,7878,-34,48,678,-910,-68424,4,0,48,16,36788,115,31,144,0,0,0,0,0,0,0,0,-32303,0,0,0,0,0,101639,0
101139,988,7846,-152,49,667,-909,-68424,0,-5,46,16,36788,115,31,144,0,0,0,0,0,0,0,0,-32303,0,0,0,0,0,101645,0
101144,1076,7918,-130,27,669,-911,-68423,6,1,47,8,36789,113,31,144,0,0,0,0,0,0,0,0,-32303,0,0,0,0,0,101651,0
101149,1104,7972,-304,27,675,-911,-68424,-1,0,47,16,36789,113,31,144,0,0,0,0,0,0,0,0,-32304,0,0,0,0,0,101656,0
101154,1052,8068,-256,19,695,-915,-68425,-6,-3,46,16,36790,109,31,144,0,0,0,0,0,0,0,0,-32304,0,0,0,0,0,101662,0
101159,1070,8150,-200,9,712,-911,-68424,2,-5,48,16,36790,109,31,144,0,0,0,0,0,0,0,0,-32304,0,0,0,0,0,101667,0
101164,972,8308,-208,-11,724,-917,-68424,0,-5,48,16,36789,115,31,144,0,0,0,0,0,0,0,0,-32304,0,0,0,0,0,101673,0
101169,910,8364,-226,-21,724,-930,-68424,0,2,46,16,36789,115,31,144,0,0,0,0,0,0,0,0,-32304,0,0,0,0,0,101678,0
101174,918,8342,-292,-31,726,-926,-68424,1,0,47,8,36788,116,31,144,0,0,0,0,0,0,0,0,-32304,0,0,0,0,0,101687,0
101179,944,8378,-312,-41,721,-932,-68425,-3,1,46,8,36788,116,31,144,0,0,0,0,0,0,0,0,-32303,0,0,0,0,0,101689,0
101184,866,8386,-274,-66,702,-947,-68424,-3,-2,48,16,36785,111,31,144,0,0,0,0,0,0,0,0,-32303,0,0,0,0,0,101695,0
101189,900,8312,-284,-72,694,-954,-68423,7,-1,46,16,36785,111,31,144,0,0,0,0,0,0,0,0,-32303,0,0,0,0,0,101700,0
101194,934,8264,-276,-86,675,-960,-68423,4,2,48,8,36785,114,31,144,0,0,0,0,0,0,0,0,-32305,0,0,0,0,0,101706,0
101199,998,8190,-250,-95,671,-970,-68425,5,-2,49,16,36785,114,31,144,0,0,0,0,0,0,0,0,-32304,0,0,0,0,0,101713,0
101204,1048,8080,-202,-114,648,-989,-68425,0,0,46,16,36780,114,31,144,0,0,0,0,0,0,0,0,-32303,0,0,0,0,0,101717,0
101209,1032,8042,-152,-122,635,-1000,-68424,4,4,48,16,36780,114,31,144,0,0,0,0,0,0,0,0,-32304,0,0,0,0,0,101723,0
101214,992,8000,-88,-131,629,-1011,-68425,0,1,47,16,36785,106,31,144,0,0,0,0,0,0,0,0,-32303,0,0,0,0,0,101728,0
101219,896,7900,-74,-144,602,-1021,-68424,-2,2,48,16,36785,106,31,144,0,0,0,0,0,0,0,0,-32303,0,0,0,0,0,101734,0
101224,728,7824,-14,-156,546,-1044,-68425,-9,-5,47,16,36785,110,31,144,0,0,0,0,0,0,0,0,-32304,0,0,0,0,0,101739,0
101229,606,7808,2,-163,504,-1051,-68424,-4,0,47,16,36785,110,31,144,0,0,0,0,0,0,0,0,-32303,0,0,0,0,0,101745,0
101234,560,7838,56,-161,457,-1061,-68424,3,0,48,16,36786,115,31,144,0,0,0,0,0,0,0,0,-32303,0,0,0,0,0,101751,0
101239,498,7842,104,-162,400,-1075,-68424,0,0,48,16,36786,115,31,144,0,0,0,0,0,0,0,0,-32304,0,0,0,0,0,101756,0
101244,424,7930,270,-167,279,-1092,-68424,-3,-1,47,24,36787,120,31,144,0,0,0,0,0,0,0,0,-32303,0,0,0,0,0,101761,0
101249,458,7972,344,-158,218,-1109,-68424,0,0,46,16,36787,120,31,144,0,0,0,0,0,0,0,0,-32303,0,0,0,0,0,101767,0
101254,518,8054,366,-162,160,-1113,-68424,-2,0,49,16,36788,111,31,144,0,0,0,0,0,0,0,0,-32304,0,0,0,0,0,101772,0
101259,542,8118,470,-149,109,-1130,-68425,-5,-1,48,16,36788,111,31,144,0,0,0,0,0,0,0,0,-32303,0,0,0,0,0,101778,0
101264,620,8190,600,-137,10,-1165,-68424,4,1,48,16,36790,105,31,144,0,0,0,0,0,0,0,0,-32303,0,0,0,0,0,101783,0
101269,642,8246,652,-124,-26,-1178,-68424,2,1,49,16,36790,105,31,144,0,0,0,0,0,0,0,0,-32303,0,0,0,0,0,101789,0
101274,674,8246,712,-118,-73,-1197,-68423,0,3,47,16,36794,110,31,144,0,0,0,0,0,0,0,0,-32304,0,0,0,0,0,101794,0
101279,688,8276,766,-99,-107,-1214,-68426,-6,-1,48,8,36794,110,31,144,0,0,0,0,0,0,0,0,-32303,0,0,0,0,0,101800,0
101284,678,8270,800,-79,-171,-1249,-68424,0,-2,48,16,36792,114,31,144,0,0,0,0,0,0,0,0,-32303,0,0,0,0,0,101805,0
101289,650,8266,804,-60,-192,-1264,-68424,3,-6,48,16,36792,114,31,144,0,0,0,0,0,0,0,0,-32303,0,0,0,0,0,101811,0
101294,634,8284,796,-54,-224,-1281,-68426,-6,6,47,16,36788,116,31,144,0,0,0,0,0,0,0,0,-32304,0,0,0,0,0,101816,0
101299,658,8252,806,-42,-246,-1296,-68424,0,1,48,16,36788,116,31,144,0,0,0,0,0,0,0,0,-32303,0,0,0,0,0,101822,0
101304,592,8134,752,-16,-280,-1329,-68424,0,-1,49,16,36788,115,31,144,0,0,0,0,0,0,0,0,-32303,0,0,0,0,0,101827,0
101309,588,8084,760,-8,-299,-1340,-68425,-2,4,46,16,36788,115,31,144,0,0,0,0,0,0,0,0,-32303,0,0,0,0,0,101833,0
101314,616,7998,674,7,-311,-1356,-68424,6,1,47,16,36789,118,31,144,0,0,0,0,0,0,0,0,-32304,0,0,0,0,0,101838,0
101319,586,8028,714,19,-321,-1364,-68426,-3,-2,48,16,36789,118,31,144,0,0,0,0,0,0,0,0,-32303,0,0,0,0,0,101844,0
101324,524,7956,640,38,-319,-1390,-68424,-1,0,50,16,36796,126,31,144,0,0,0,0,0,0,0,0,-32304,0,0,0,0,0,101849,0
101329,220,8294,742,46,-314,-1410,-68425,0,-1,47,16,36796,126,31,144,0,0,0,0,0,0,0,0,-32303,0,0,0,0,0,101855,0
101334,-428,9076,776,53,-283,-1423,-68424,0,3,47,16,36798,127,31,144,0,0,0,0,0,0,0,0,-32303,0,0,0,0,0,101860,0
101339,-1464,10476,1250,48,-223,-1455,-68425,-8,-5,47,16,36798,127,31,144,0,0,0,0,0,0,0,0,-32304,0,0,0,0,0,101866,0
101344,-208,9654,486,99,-58,-1402,-68425,0,-2,46,16,36798,122,31,144,0,0,0,0,0,0,0,0,-32304,0,0,0,0,0,101871,0
101349,546,9104,684,80,-56,-1405,-68425,3,2,47,8,36798,122,31,144,0,0,0,0,0,0,0,0,-32303,0,0,0,0,0,101877,0
101354,848,8548,254,104,-75,-1403,-68424,2,-2,47,24,36793,107,31,144,0,0,0,0,0,0,0,0,-32304,0,0,0,0,0,101882,0
101359,426,8502,194,110,-81,-1423,-68425,4,2,47,16,36793,107,31,144,0,0,0,0,0,0,0,0,-32304,0,0,0,0,0,101888,0
101364,378,7826,556,105,-69,-1434,-68424,0,5,47,8,36792,109,31,144,0,0,0,0,0,0,0,0,-32304,0,0,0,0,0,101893,0
101369,224,7572,454,106,-41,-1427,-68424,-1,0,47,16,36792,109,31,144,0,0,0,0,0,0,0,0,-32303,0,0,0,0,0,101899,0
101374,-450,7724,550,108,-18,-1413,-68425,-5,1,46,8,36789,114,31,144,0,0,0,0,0,0,0,0,-32303,0,0,0,0,0,101905,0
101379,-1252,7886,710,106,5,-1390,-68423,7,-1,47,8,36789,114,31,144,0,0,0,0,0,0,0,0,-32304,0,0,0,0,0,101910,0
101384,-1626,7788,622,124,36,-1328,-68424,1,-3,49,16,36787,116,31,144,0,0,0,0,0,0,0,0,-32303,0,0,0,0,0,101915,0
101389,-1422,7744,582,129,48,-1303,-68425,-10,4,46,16,36787,116,31,144,0,0,0,0,0,0,0,0,-32303,0,0,0,0,0,101921,0
101394,-1258,7780,580,137,48,-1275,-68424,-3,-3,44,16,36788,111,31,144,0,0,0,0,0,0,0,0,-32304,0,0,0,0,0,101926,0
101399,-1164,7824,506,142,56,-1249,-68424,6,1,46,16,36788,111,31,144,0,0,0,0,0,0,0,0,-32304,0,0,0,0,0,101931,0
101404,-1090,7846,492,145,62,-1205,-68425,-2,-1,48,24,36790,112,31,144,0,0,0,0,0,0,0,0,-32304,0,0,0,0,0,101937,0
101409,-1150,7820,556,153,72,-1184,-68425,-2,-1,46,8,36790,112,31,144,0,0,0,0,0,0,0,0,-32304,0,0,0,0,0,101943,0
101414,-1214,7838,592,157,74,-1156,-68425,-6,2,47,8,36791,115,31,144,0,0,0,0,0,0,0,0,-32304,0,0,0,0,0,101948,0
101419,-1334,7878,636,165,88,-1134,-68425,-2,4,47,16,36791,115,31,144,0,0,0,0,0,0,0,0,-32304,0,0,0,0,0,101954,0
101424,-1346,7874,692,184,100,-1081,-68424,3,1,49,16,36798,129,31,144,0,0,0,0,0,0,0,0,-32303,0,0,0,0,0,101959,0
101429,-1296,7866,642,190,97,-1056,-68424,4,2,48,8,36798,129,31,144,0,0,0,0,0,0,0,0,-32304,0,0,0,0,0,101964,0
101434,-1266,7838,560,200,88,-1038,-68424,-2,0,48,16,36796,127,31,144,0,0,0,0,0,0,0,0,-32304,0,0,0,0,0,101970,0
101439,-1268,7812,598,208,87,-1018,-68440,-82,-10,-583,-1016,36796,127,31,144,0,0,0,0,0,0,0,0,-32304,0,0,0,0,0,101975,0
101444,-1202,7764,606,233,54,-989,-68536,-455,-191,-1498,-1584,36784,138,31,144,0,0,0,0,0,0,0,0,-32304,0,0,0,0,0,101982,0
101449,-1276,7854,694,244,48,-973,-68695,-713,-477,-1068,-1656,36784,138,31,144,0,0,0,0,0,0,0,0,-32304,0,0,0,0,0,101988,0
101454,-1230,7818,668,263,37,-956,-68880,-809,-714,-567,-1336,36765,143,31,144,0,0,0,0,0,0,0,0,-32304,0,0,0,0,0,101994,0
101459,-1212,7806,706,272,23,-945,-69059,-779,-701,-195,-760,36765,143,31,144,0,0,0,0,0,0,0,0,-32303,0,0,0,0,0,102000,0
101464,-1208,7838,702,299,-6,-927,-69213,-664,-431,-29,-216,36759,139,31,144,0,0,0,0,0,0,0,0,-32304,0,0,0,0,0,102005,0
101469,-1060,7888,680,313,-23,-916,-69331,-495,-18,109,-72,36759,139,31,144,0,0,0,0,0,0,0,0,-32303,0,0,0,0,0,102011,0
101474,-1042,7930,652,332,-29,-907,-69407,-315,299,83,-184,36768,127,31,144,0,0,0,0,0,0,0,0,-32304,0,0,0,0,0,102017,0
101479,-980,7976,624,344,-43,-908,-69454,-193,471,-199,-264,36768,127,31,144,0,0,0,0,0,0,0,0,-32304,0,0,0,0,0,102022,0
101484,-836,8068,546,367,-69,-899,-69487,-138,507,-432,-296,36784,120,31,144,0,0,0,0,0,0,0,0,-32304,0,0,0,0,0,102027,0
101489,-714,8074,470,376,-82,-894,-69510,-89,418,-564,-272,36784,120,31,144,0,0,0,0,0,0,0,0,-32304,0,0,0,0,0,102033,0
101494,-708,8058,460,391,-86,-903,-69524,-58,297,-624,-296,36791,125,31,144,0,0,0,0,0,0,0,0,-32304,0,0,0,0,0,102038,0
101499,-722,8114,434,394,-90,-900,-69539,-65,174,-659,-288,36791,125,31,144,0,0,0,0,0,0,0,0,-32304,0,0,0,0,0,102044,0
101504,-640,8134,422,415,-87,-907,-69550,-38,99,-658,-256,36790,132,31,144,0,0,0,0,0,0,0,0,-32304,0,0,0,0,0,102049,0
101509,-598,8144,428,417,-85,-911,-69551,1,77,-688,-264,36790,132,31,144,0,0,0,0,0,0,0,0,-32303,0,0,0,0,0,102055,0
101514,-618,8156,392,414,-77,-919,-69552,-2,64,-742,-256,36789,135,31,144,0,0,0,0,0,0,0,0,-32304,0,0,0,0,0,102060,0
101519,-612,8150,296,419,-64,-919,-69551,8,63,-749,-264,36789,135,31,144,0,0,0,0,0,0,0,0,-32304,0,0,0,0,0,102066,0
101524,-698,8180,206,420,-58,-927,-69552,4,49,-753,-264,36789,134,31,144,0,0,0,0,0,0,0,0,-32304,0,0,0,0,0,102071,0
101529,-718,8132,182,416,-51,-923,-69552,0,18,-752,-256,36789,134,31,144,0,0,0,0,0,0,0,0,-32303,0,0,0,0,0,102077,0
101534,-816,8090,140,414,-44,-935,-69552,2,2,-752,-264,36792,135,31,144,0,0,0,0,0,0,0,0,-32303,0,0,0,0,0,102082,0
101539,-900,8042,120,413,-32,-933,-69551,0,0,-754,-256,36792,135,31,144,0,0,0,0,0,0,0,0,-32303,0,0,0,0,0,102088,0
101544,-1012,7996,140,408,-27,-933,-69553,-4,-2,-752,-264,36789,133,31,144,0,0,0,0,0,0,0,0,-32303,0,0,0,0,0,102093,0
101549,-1078,8002,88,409,-20,-934,-69552,-2,-1,-754,-256,36789,133,31,144,0,0,0,0,0,0,0,0,-32304,0,0,0,0,0,102099,0
101554,-1166,7954,94,405,-20,-934,-69551,6,0,-758,-264,36789,134,31,144,0,0,0,0,0,0,0,0,-32303,0,0,0,0,0,102104,0
101559,-1224,7964,60,406,-15,-928,-69552,0,1,-755,-248,36789,134,31,144,0,0,0,0,0,0,0,0,-32303,0,0,0,0,0,102110,0
101564,-1276,7962,20,400,-20,-922,-69552,-1,4,-752,-256,36787,127,31,144,0,0,0,0,0,0,0,0,-32304,0,0,0,0,0,102115,0
101569,-1246,7950,40,400,-16,-921,-69552,-4,-5,-756,-256,36787,127,31,144,0,0,0,0,0,0,0,0,-32303,0,0,0,0,0,102121,0
101574,-1246,7960,28,398,-15,-918,-69552,3,5,-752,-264,36793,128,31,144,0,0,0,0,0,0,0,0,-32303,0,0,0,0,0,102126,0
101579,-1290,7956,22,399,-17,-923,-69553,0,-3,-754,-256,36793,128,31,144,0,0,0,0,0,0,0,0,-32303,0,0,0,0,0,102132,0
101584,-1260,8030,6,391,-16,-914,-69553,-2,0,-749,-256,36794,118,31,144,0,0,0,0,0,0,0,0,-32303,0,0,0,0,0,102137,0
101589,-1252,8068,-26,385,-17,-914,-69554,-2,0,-750,-272,36794,118,31,144,0,0,0,0,0,0,0,0,-32303,0,0,0,0,0,102143,0
101594,-1258,8050,-34,389,-13,-909,-69554,-5,1,-750,-256,36790,130,31,144,0,0,0,0,0,0,0,0,-32304,0,0,0,0,0,102148,0
101599,-1238,8056,-46,382,-17,-907,-69554,-4,-3,-751,-256,36790,130,31,144,0,0,0,0,0,0,0,0,-32304,0,0,0,0,0,102154,0
101604,-1286,8054,-132,376,-20,-907,-69554,1,-1,-747,-264,36787,128,31,144,0,0,0,0,0,0,0,0,-32303,0,0,0,0,0,102159,0
101609,-1152,8080,-626,356,-2,-904,-69554,1,5,-751,-264,36787,128,31,144,0,0,0,0,0,0,0,0,-32303,0,0,0,0,0,102165,0
101614,-1510,8074,-88,376,-20,-909,-69554,1,0,-746,-264,36784,131,31,144,0,0,0,0,0,0,0,0,-32304,0,0,0,0,0,102170,0
101619,-1314,7958,-150,361,-31,-907,-69555,1,1,-749,-264,36784,131,31,144,0,0,0,0,0,0,0,0,-32304,0,0,0,0,0,102176,0
101624,-1464,7958,-288,357,-31,-900,-69556,-1,0,-746,-256,36786,131,31,144,0,0,0,0,0,0,0,0,-32304,0,0,0,0,0,102181,0
101629,-1484,8002,-202,354,-41,-901,-69557,-4,-1,-746,-264,36786,131,31,144,0,0,0,0,0,0,0,0,-32304,0,0,0,0,0,102187,0
101634,-1484,7996,-266,337,-53,-903,-69557,-5,-5,-747,-256,36794,135,31,144,0,0,0,0,0,0,0,0,-32304,0,0,0,0,0,102192,0
101639,-1814,7344,-624,352,-61,-896,-69557,5,0,-749,-264,36794,135,31,144,0,0,0,0,0,0,0,0,-32303,0,0,0,0,0,102198,0
101644,-1286,8018,-340,325,-83,-904,-69558,0,-4,-746,-264,36809,140,31,144,0,0,0,0,0,0,0,0,-32303,0,0,0,0,0,102203,0
101649,-1356,7998,-460,323,-83,-902,-69558,5,-1,-743,-256,36809,140,31,144,0,0,0,0,0,0,0,0,-32304,0,0,0,0,0,102209,0
101654,-1408,8120,-410,315,-87,-903,-69559,-3,1,-748,-256,36809,135,31,144,0,0,0,0,0,0,0,0,-32304,0,0,0,0,0,102214,0
101659,-1412,8204,-320,310,-98,-904,-69559,-5,2,-741,-256,36809,135,31,144,0,0,0,0,0,0,0,0,-32303,0,0,0,0,0,102220,0
101664,-1880,7284,-754,320,-122,-904,-69560,-2,0,-740,-256,36806,130,31,144,0,0,0,0,0,0,0,0,-32304,0,0,0,0,0,102225,0
101669,-1826,8266,-470,306,-168,-908,-69561,-1,-7,-741,-264,36806,130,31,144,0,0,0,0,0,0,0,0,-32303,0,0,0,0,0,102231,0
101674,-1554,8152,-432,285,-186,-909,-69562,-7,-1,-743,-248,36792,130,31,144,0,0,0,0,0,0,0,0,-32303,0,0,0,0,0,102236,0
101679,-1492,8186,-568,291,-197,-910,-69561,3,4,-741,-264,36792,130,31,144,0,0,0,0,0,0,0,0,-32304,0,0,0,0,0,102241,0
101684,-1412,8378,-234,270,-199,-904,-69562,-6,-5,-742,-256,36788,130,31,144,0,0,0,0,0,0,0,0,-32303,0,0,0,0,0,102247,0
101689,-1204,8298,-248,258,-195,-906,-69562,1,6,-738,-272,36788,130,31,144,0,0,0,0,0,0,0,0,-32303,0,0,0,0,0,102253,0
101694,-1220,8362,-260,258,-189,-911,-69563,4,-2,-739,-264,36788,124,31,144,0,0,0,0,0,0,0,0,-32303,0,0,0,0,0,102258,0
101699,-1054,8412,-934,235,-160,-913,-69564,0,-3,-738,-248,36788,124,31,144,0,0,0,0,0,0,0,0,-32304,0,0,0,0,0,102263,0
101704,-1134,8358,-264,220,-190,-926,-69562,9,7,-739,-264,36786,123,31,144,0,0,0,0,0,0,0,0,-32303,0,0,0,0,0,102269,0
101709,-1366,8098,-514,228,-188,-931,-69563,0,4,-745,-264,36786,123,31,144,0,0,0,0,0,0,0,0,-32303,0,0,0,0,0,102275,0
101714,-1480,8106,-494,235,-181,-939,-69564,4,0,-734,-272,36786,125,31,144,0,0,0,0,0,0,0,0,-32303,0,0,0,0,0,102280,0
101719,-1646,8172,-350,219,-194,-936,-69564,0,2,-740,-264,36786,125,31,144,0,0,0,0,0,0,0,0,-32303,0,0,0,0,0,102286,0
101724,-1762,7980,-400,214,-210,-942,-69565,-6,-2,-746,-264,36788,128,31,144,0,0,0,0,0,0,0,0,-32303,0,0,0,0,0,102291,0
101729,-1790,7870,-346,211,-215,-943,-69565,0,0,-741,-248,36788,128,31,144,0,0,0,0,0,0,0,0,-32303,0,0,0,0,0,102296,0
101734,-1872,7808,-226,211,-218,-943,-69564,0,-2,-741,-256,36790,124,31,144,0,0,0,0,0,0,0,0,-32303,0,0,0,0,0,102302,0
101739,-1918,7772,-154,211,-226,-949,-69564,1,2,-737,-256,36790,124,31,144,0,0,0,0,0,0,0,0,-32304,0,0,0,0,0,102307,0
101744,-2350,7990,312,201,-238,-950,-69564,-3,1,-744,-264,36792,126,31,144,0,0,0,0,0,0,0,0,-32304,0,0,0,0,0,102313,0
101749,-1764,7914,6,201,-246,-953,-69564,5,-4,-736,-256,36792,126,31,144,0,0,0,0,0,0,0,0,-32304,0,0,0,0,0,102318,0
101754,-2034,7642,-138,209,-248,-959,-69564,10,-1,-738,-256,36792,122,31,144,0,0,0,0,0,0,0,0,-32304,0,0,0,0,0,102324,0
101759,-2070,7694,-104,217,-252,-958,-69564,1,0,-744,-256,36792,122,31,144,0,0,0,0,0,0,0,0,-32303,0,0,0,0,0,102329,0
101764,-2050,7744,-14,222,-289,-958,-69565,6,-1,-741,-264,36792,130,31,144,0,0,0,0,0,0,0,0,-32303,0,0,0,0,0,102335,0
101769,-2034,7696,-104,241,-302,-959,-69565,-2,3,-741,-256,36792,130,31,144,0,0,0,0,0,0,0,0,-32304,0,0,0,0,0,102340,0
101774,-2054,7772,-78,240,-313,-964,-69566,-7,-3,-739,-256,36785,130,31,144,0,0,0,0,0,0,0,0,-32303,0,0,0,0,0,102345,0
101779,-1904,8022,-42,227,-325,-968,-69565,0,-1,-741,-256,36785,130,31,144,0,0,0,0,0,0,0,0,-32303,0,0,0,0,0,102351,0
101784,-1840,7952,-154,273,-383,-974,-69566,-4,-4,-745,-256,36787,133,31,144,0,0,0,0,0,0,0,0,-32304,0,0,0,0,0,102357,0
101789,-1734,7968,-72,268,-384,-989,-69565,-3,0,-737,-264,36787,133,31,144,0,0,0,0,0,0,0,0,-32303,0,0,0,0,0,102362,0
101794,-1684,8138,-100,274,-393,-995,-69565,8,0,-740,-264,36789,133,31,144,0,0,0,0,0,0,0,0,-32303,0,0,0,0,0,102368,0
101799,-1716,8310,-212,279,-393,-995,-69565,-1,2,-747,-264,36789,133,31,144,0,0,0,0,0,0,0,0,-32303,0,0,0,0,0,102373,0
101804,-1616,8820,114,285,-414,-1011,-69566,0,0,-736,-248,36792,130,31,144,0,0,0,0,0,0,0,0,-32304,0,0,0,0,0,102378,0
101809,-1390,8860,-380,283,-427,-1016,-69565,4,3,-738,-264,36792,130,31,144,0,0,0,0,0,0,0,0,-32303,0,0,0,0,0,102384,0
101814,-1604,8762,-430,277,-428,-1019,-69566,-5,2,-743,-240,36789,126,31,144,0,0,0,0,0,0,0,0,-32303,0,0,0,0,0,102390,0
101819,-1398,9334,-620,254,-407,-1018,-69566,1,2,-738,-264,36789,126,31,144,0,0,0,0,0,0,0,0,-32303,0,0,0,0,0,102395,0
101824,-1718,8964,-644,256,-443,-1021,-69567,-9,-2,-743,-240,36791,126,31,144,0,0,0,0,0,0,0,0,-32304,0,0,0,0,0,102401,0
101829,-1730,8838,-614,233,-434,-1021,-69566,2,1,-738,-248,36791,126,31,144,0,0,0,0,0,0,0,0,-32303,0,0,0,0,0,102406,0
101834,-2210,8594,-562,237,-426,-1020,-69567,2,-6,-741,-264,36789,129,31,144,0,0,0,0,0,0,0,0,-32304,0,0,0,0,0,102412,0
101839,-1744,8716,-540,222,-433,-1017,-69567,-3,0,-737,-264,36789,129,31,144,0,0,0,0,0,0,0,0,-32304,0,0,0,0,0,102417,0
101844,-1574,8702,-224,180,-387,-1021,-69566,0,3,-741,-264,36789,129,31,144,0,0,0,0,0,0,0,0,-32303,0,0,0,0,0,102423,0
101849,-2036,8608,-672,158,-376,-1024,-69567,-3,-2,-746,-248,36789,129,31,144,0,0,0,0,0,0,0,0,-32304,0,0,0,0,0,102428,0
101854,-2132,8550,-706,124,-344,-1009,-69566,1,0,-740,-272,36788,126,31,144,0,0,0,0,0,0,0,0,-32304,0,0,0,0,0,102434,0
101859,-2300,8644,-318,100,-321,-1000,-69568,-6,-5,-741,-256,36788,126,31,144,0,0,0,0,0,0,0,0,-32304,0,0,0,0,0,102439,0
101864,-2440,8024,-658,57,-275,-979,-69567,-7,2,-741,-240,36789,115,31,144,0,0,0,0,0,0,0,0,-32304,0,0,0,0,0,102444,0
101869,-2490,8280,-634,26,-250,-965,-69566,1,-1,-742,-248,36789,115,31,144,0,0,0,0,0,0,0,0,-32303,0,0,0,0,0,102450,0
101874,-2486,8356,-690,-15,-222,-949,-69565,3,2,-744,-264,36789,120,31,144,0,0,0,0,0,0,0,0,-32303,0,0,0,0,0,102456,0
101879,-2658,8014,-572,-28,-196,-929,-69566,0,-1,-741,-248,36789,120,31,144,0,0,0,0,0,0,0,0,-32304,0,0,0,0,0,102461,0
101884,-2832,7922,-614,-93,-151,-895,-69565,2,2,-738,-256,36788,119,31,144,0,0,0,0,0,0,0,0,-32303,0,0,0,0,0,102466,0
101889,-2984,7560,-522,-103,-128,-881,-69565,7,2,-740,-264,36788,119,31,144,0,0,0,0,0,0,0,0,-32304,0,0,0,0,0,102472,0
101894,-3036,7586,-496,-127,-110,-864,-69565,0,2,-746,-248,36787,124,31,144,0,0,0,0,0,0,0,0,-32303,0,0,0,0,0,102477,0
101899,-2966,7538,-414,-163,-86,-839,-69564,0,3,-747,-248,36787,124,31,144,0,0,0,0,0,0,0,0,-32303,0,0,0,0,0,102483,0
101904,-3174,7314,-364,-202,-37,-806,-69564,0,1,-747,-256,36787,125,31,144,0,0,0,0,0,0,0,0,-32303,0,0,0,0,0,102488,0
101909,-3124,7218,-374,-229,-11,-787,-69563,3,0,-750,-264,36787,125,31,144,0,0,0,0,0,0,0,0,-32303,0,0,0,0,0,102494,0
101914,-3142,7148,-328,-240,6,-772,-69562,3,-1,-749,-248,36788,125,31,144,0,0,0,0,0,0,0,0,-32304,0,0,0,0,0,102499,0
101919,-3134,7062,-334,-256,18,-754,-69562,3,5,-752,-256,36788,125,31,144,0,0,0,0,0,0,0,0,-32303,0,0,0,0,0,102505,0
101924,-3180,6982,-260,-282,38,-729,-69561,2,1,-751,-256,36788,127,31,144,0,0,0,0,0,0,0,0,-32304,0,0,0,0,0,102510,0
101929,-3184,6966,-258,-296,46,-716,-69560,0,0,-750,-256,36788,127,31,144,0,0,0,0,0,0,0,0,-32304,0,0,0,0,0,102516,0
101934,-3118,6948,-162,-302,44,-699,-69559,11,4,-753,-256,36789,128,31,144,0,0,0,0,0,0,0,0,-32303,0,0,0,0,0,102521,0
101939,-3108,6894,-116,-309,46,-692,-69559,6,0,-755,-264,36789,128,31,144,0,0,0,0,0,0,0,0,-32304,0,0,0,0,0,102527,0
101944,-3090,6904,28,-308,40,-672,-69560,-2,-2,-748,-256,36794,141,31,144,0,0,0,0,0,0,0,0,-32304,0,0,0,0,0,102532,0
101949,-3060,6930,96,-307,36,-669,-69558,0,-2,-753,-256,36794,141,31,144,0,0,0,0,0,0,0,0,-32303,0,0,0,0,0,102538,0
101954,-3024,7000,102,-296,25,-664,-69557,1,-1,-753,-256,36794,136,31,144,0,0,0,0,0,0,0,0,-32303,0,0,0,0,0,102543,0
101959,-2918,7088,178,-292,18,-666,-69558,0,1,-750,-256,36794,136,31,144,0,0,0,0,0,0,0,0,-32304,0,0,0,0,0,102548,0
101964,-2796,7244,300,-272,6,-658,-69558,1,-1,-753,-248,36794,133,31,144,0,0,0,0,0,0,0,0,-32303,0,0,0,0,0,102554,0
101969,-2726,7270,366,-262,-2,-660,-69557,1,-6,-754,-256,36794,133,31,144,0,0,0,0,0,0,0,0,-32304,0,0,0,0,0,102559,0
101974,-2672,7388,410,-247,-3,-663,-69557,0,-2,-749,-264,36789,128,31,144,0,0,0,0,0,0,0,0,-32303,0,0,0,0,0,102565,0
101979,-2580,7466,440,-237,-15,-673,-69556,6,0,-749,-256,36789,128,31,144,0,0,0,0,0,0,0,0,-32303,0,0,0,0,0,102570,0
101984,-2452,7650,490,-209,-25,-685,-69556,5,-2,-755,-264,36789,133,31,144,0,0,0,0,0,0,0,0,-32303,0,0,0,0,0,102576,0
101989,-2410,7674,458,-198,-33,-694,-69556,0,-3,-750,-264,36789,133,31,144,0,0,0,0,0,0,0,0,-32304,0,0,0,0,0,102581,0
101994,-2394,7696,472,-178,-34,-708,-69556,-5,-6,-752,-256,36789,135,31,144,0,0,0,0,0,0,0,0,-32303,0,0,0,0,0,102587,0
101999,-2424,7618,488,-167,-46,-717,-69555,8,-3,-750,-264,36789,135,31,144,0,0,0,0,0,0,0,0,-32303,0,0,0,0,0,102592,0
102004,-2336,7612,468,-143,-54,-745,-69556,3,-2,-751,-256,36789,134,31,144,0,0,0,0,0,0,0,0,-32303,0,0,0,0,0,102597,0
102009,-2298,7594,490,-123,-60,-763,-69555,2,0,-749,-256,36789,134,31,144,0,0,0,0,0,0,0,0,-32304,0,0,0,0,0,102603,0
102014,-2274,7648,458,-115,-66,-781,-69555,1,-1,-751,-256,36788,133,31,144,0,0,0,0,0,0,0,0,-32303,0,0,0,0,0,102608,0
102019,-2244,7772,468,-107,-66,-798,-69557,-5,1,-750,-256,36788,133,31,144,0,0,0,0,0,0,0,0,-32303,0,0,0,0,0,102614,0
102024,-2208,7978,494,-76,-61,-833,-69555,8,-1,-747,-256,36790,130,31,144,0,0,0,0,0,0,0,0,-32304,0,0,0,0,0,102619,0
102029,-2222,8088,484,-67,-60,-846,-69555,3,-3,-753,-264,36790,130,31,144,0,0,0,0,0,0,0,0,-32303,0,0,0,0,0,102625,0
102034,-2212,8216,502,-59,-52,-855,-69556,-2,6,-752,-256,36791,127,31,144,0,0,0,0,0,0,0,0,-32304,0,0,0,0,0,102630,0
102039,-2214,8312,484,-62,-42,-870,-69554,5,0,-754,-264,36791,127,31,144,0,0,0,0,0,0,0,0,-32304,0,0,0,0,0,102636,0
102044,-2222,8398,484,-56,-17,-894,-69554,7,2,-754,-264,36790,122,31,144,0,0,0,0,0,0,0,0,-32303,0,0,0,0,0,102641,0
102049,-2202,8412,504,-55,6,-906,-69553,4,4,-759,-264,36790,122,31,144,0,0,0,0,0,0,0,0,-32304,0,0,0,0,0,102647,0
102054,-2190,8384,462,-56,23,-917,-69553,5,-3,-755,-256,36791,131,31,144,0,0,0,0,0,0,0,0,-32304,0,0,0,0,0,102652,0
102059,-2220,8348,428,-58,44,-927,-69552,3,-2,-759,-256,36791,131,31,144,0,0,0,0,0,0,0,0,-32303,0,0,0,0,0,102658,0
102064,-2334,8220,432,-60,80,-946,-69552,0,-3,-764,-256,36790,133,31,144,0,0,0,0,0,0,0,0,-32303,0,0,0,0,0,102663,0
102069,-2388,8136,398,-63,103,-961,-69551,0,3,-764,-256,36790,133,31,144,0,0,0,0,0,0,0,0,-32303,0,0,0,0,0,102668,0
102074,-2458,8042,404,-70,117,-963,-69548,10,1,-763,-272,36793,135,31,144,0,0,0,0,0,0,0,0,-32303,0,0,0,0,0,102674,0
102079,-2554,7950,400,-70,142,-969,-69548,3,0,-767,-264,36793,135,31,144,0,0,0,0,0,0,0,0,-32303,0,0,0,0,0,102679,0
102084,-2644,7748,472,-71,167,-990,-69547,8,0,-765,-264,36791,128,31,144,0,0,0,0,0,0,0,0,-32304,0,0,0,0,0,102685,0
102089,-2678,7662,454,-76,183,-993,-69547,2,-1,-769,-264,36791,128,31,144,0,0,0,0,0,0,0,0,-32303,0,0,0,0,0,102690,0
102094,-3024,7702,432,-78,195,-998,-69547,-4,0,-768,-248,36791,127,31,144,0,0,0,0,0,0,0,0,-32304,0,0,0,0,0,102696,0
102099,-2772,7536,378,-74,222,-1003,-69544,2,1,-770,-256,36791,127,31,144,0,0,0,0,0,0,0,0,-32304,0,0,0,0,0,102701,0
102104,-2738,7370,406,-85,244,-1017,-69543,9,1,-768,-272,36786,123,31,144,0,0,0,0,0,0,0,0,-32304,0,0,0,0,0,102707,0
102109,-2828,7404,370,-85,263,-1025,-69543,9,2,-769,-264,36786,123,31,144,0,0,0,0,0,0,0,0,-32303,0,0,0,0,0,102712,0
102114,-2978,7380,364,-88,280,-1021,-69542,2,-1,-774,-264,36786,126,31,144,0,0,0,0,0,0,0,0,-32304,0,0,0,0,0,102717,0
102119,-3022,7374,344,-90,301,-1033,-69540,7,0,-773,-264,36786,126,31,144,0,0,0,0,0,0,0,0,-32304,0,0,0,0,0,102724,0
102124,-2902,7400,382,-97,330,-1036,-69539,6,5,-779,-264,36784,129,31,144,0,0,0,0,0,0,0,0,-32303,0,0,0,0,0,102729,0
102129,-2930,7468,356,-99,346,-1036,-69537,2,0,-774,-256,36784,129,31,144,0,0,0,0,0,0,0,0,-32304,0,0,0,0,0,102735,0
102134,-2928,7508,384,-102,366,-1040,-69535,14,-1,-778,-272,36782,137,31,144,0,0,0,0,0,0,0,0,-32304,0,0,0,0,0,102741,0
102139,-2994,7506,436,-110,389,-1048,-69533,6,2,-787,-264,36782,137,31,144,0,0,0,0,0,0,0,0,-32303,0,0,0,0,0,102746,0
102144,-3124,7488,474,-115,426,-1043,-69531,11,2,-787,-264,36781,134,31,144,0,0,0,0,0,0,0,0,-32304,0,0,0,0,0,102751,0
102149,-3168,7482,460,-115,443,-1044,-69529,8,1,-795,-248,36781,134,31,144,0,0,0,0,0,0,0,0,-32304,0,0,0,0,0,102757,0
102154,-3196,7478,454,-132,468,-1042,-69524,17,6,-802,-256,36787,134,31,144,0,0,0,0,0,0,0,0,-32303,0,0,0,0,0,102762,0
102159,-3192,7496,442,-130,484,-1041,-69518,34,14,-822,-240,36787,134,31,144,0,0,0,0,0,0,0,0,-32304,0,0,0,0,0,102768,0
102164,-3032,7482,352,-144,518,-1058,-69508,45,27,-853,-240,36792,131,31,144,0,0,0,0,0,0,0,0,-32304,0,0,0,0,0,102774,0
102169,-2842,7530,274,-147,537,-1069,-69486,98,49,-915,-200,36792,131,31,144,0,0,0,0,0,0,0,0,-32304,0,0,0,0,0,102779,0
102174,-2732,7546,266,-150,548,-1080,-69458,117,81,-1007,-232,36790,130,31,144,0,0,0,0,0,0,0,0,-32304,0,0,0,0,0,102784,0
102179,-2778,7562,242,-149,564,-1083,-69432,111,87,-1054,-232,36790,130,31,144,0,0,0,0,0,0,0,0,-32304,0,0,0,0,0,102790,0
102184,-2904,7506,280,-164,598,-1100,-69394,173,95,-1116,-200,36785,123,31,144,0,0,0,0,0,0,0,0,-32304,0,0,0,0,0,102796,0
102189,-3008,7486,304,-164,617,-1107,-69349,207,91,-1230,-168,36785,123,31,144,0,0,0,0,0,0,0,0,-32304,0,0,0,0,0,102801,0
102194,-3156,7442,308,-178,629,-1117,-69294,239,103,-1336,-192,36785,120,31,144,0,0,0,0,0,0,0,0,-32305,0,0,0,0,0,102806,0
102199,-3246,7424,310,-180,646,-1122,-69220,331,128,-899,512,36785,120,31,144,0,0,0,0,0,0,0,0,-32305,0,0,0,0,0,102812,0
102204,-2252,7424,250,-185,655,-1238,-69043,817,330,60,1736,36787,122,31,144,0,0,0,0,0,0,0,0,-32304,0,0,0,0,0,102817,0
102209,-1082,7666,26,-176,653,-1317,-68767,1262,679,57,2664,36787,122,31,144,0,0,0,0,0,0,0,0,-32303,0,0,0,0,0,102823,0
102214,-164,8022,-68,-173,636,-1403,-68402,1643,1080,75,3376,36788,125,31,144,0,0,0,0,0,0,0,0,-32304,0,0,0,0,0,102828,0
102219,312,8288,-154,-165,628,-1499,-67964,1954,1317,57,3880,36788,125,31,144,0,0,0,0,0,0,0,0,-32304,0,0,0,0,0,102834,0
102224,-150,8428,14,-155,624,-1673,-67462,2242,1339,28,4384,36785,130,31,144,0,0,0,0,0,0,0,0,-32303,0,0,0,0,0,102839,0
102229,-672,8378,144,-148,626,-1749,-66900,2510,1169,-23,4872,36785,130,31,144,0,0,0,0,0,0,0,0,-32304,0,0,0,0,0,102845,0
102234,-1306,8278,330,-153,638,-1815,-66267,2813,1048,-71,5424,36783,131,31,144,0,0,0,0,0,0,0,0,-32303,0,0,0,0,0,102850,0
102239,-1774,8094,402,-148,641,-1881,-65562,3131,1016,-105,6000,36783,131,31,144,0,0,0,0,0,0,0,0,-32303,0,0,0,0,0,102856,0
102244,-2216,8154,426,-159,647,-1997,-64790,3426,1039,-152,6504,36787,119,31,144,0,0,0,0,0,0,0,0,-32304,0,0,0,0,0,102861,0
102249,-2124,8250,280,-144,649,-2050,-63959,3681,1038,-202,6904,36787,119,31,144,0,0,0,0,0,0,0,0,-32304,0,0,0,0,0,102866,0
102254,-2006,8330,100,-134,640,-2107,-63080,3890,987,-267,7272,36797,106,31,144,0,0,0,0,0,0,0,0,-32304,0,0,0,0,0,102872,0
102259,-1870,8294,-106,-119,622,-2155,-62154,4099,899,-321,7576,36797,106,31,144,0,0,0,0,0,0,0,0,-32303,0,0,0,0,0,102878,0
102264,-1928,8288,-332,-95,585,-2274,-61183,4291,799,-370,7856,36808,83,31,144,0,0,0,0,0,0,0,0,-32303,0,0,0,0,0,102883,0
102269,-1900,8108,-386,-72,555,-2330,-60177,4442,723,-423,7984,36808,83,31,144,0,0,0,0,0,0,0,0,-32304,0,0,0,0,0,102889,0
102274,-2152,8134,-458,-56,507,-2385,-59150,4524,625,-499,8048,36823,63,31,144,0,0,0,0,0,0,0,0,-32304,0,0,0,0,0,102894,0
102279,-2328,8114,-480,-37,481,-2435,-58101,4630,519,-602,8224,36823,63,31,144,0,0,0,0,0,0,0,0,-32303,0,0,0,0,0,102899,0
102284,-2814,8154,-496,-12,387,-2536,-57022,4759,429,-658,8400,36841,33,31,144,0,0,0,0,0,0,0,0,-32304,0,0,0,0,0,102905,0
102289,-3038,8150,-350,14,331,-2571,-55919,4862,391,-705,8464,36841,33,31,144,0,0,0,0,0,0,0,0,-32304,0,0,0,0,0,102911,0
102294,-2964,8218,-422,39,298,-2610,-54802,4919,367,-793,8624,36861,0,31,144,0,0,0,0,0,0,0,0,-32304,0,0,0,0,0,102916,0
102299,-3198,8184,-380,57,243,-2641,-53661,5031,353,-865,8800,36861,0,31,144,0,0,0,0,0,0,0,0,-32304,0,0,0,0,0,102921,0
102304,-3276,8242,-352,121,136,-2722,-52488,5170,347,-886,8960,36886,-32,31,144,0,0,0,0,0,0,0,0,-32304,0,0,0,0,0,102927,0
102309,-3226,8116,-248,133,73,-2748,-51301,5224,346,-978,9008,36886,-32,31,144,0,0,0,0,0,0,0,0,-32303,0,0,0,0,0,102932,0
102314,-3224,8182,-392,161,17,-2785,-50106,5262,319,-1105,9176,36926,-65,31,144,0,0,0,0,0,0,0,0,-32304,0,0,0,0,0,102938,0
102319,-3262,8134,-386,177,-35,-2821,-48887,5377,299,-1159,9328,36926,-65,31,144,0,0,0,0,0,0,0,0,-32303,0,0,0,0,0,102944,0
102324,-3420,8022,-470,248,-164,-2888,-47653,5436,262,-1195,9328,37022,-100,31,144,0,0,0,0,0,0,0,0,-32304,0,0,0,0,0,102949,0
102329,-3364,7760,-474,268,-204,-2914,-46404,5495,240,-1284,9344,37022,-100,31,144,0,0,0,0,0,0,0,0,-32303,0,0,0,0,0,102954,0
102334,-3502,7568,-366,298,-282,-2949,-45123,5653,278,-1380,9720,37403,-125,31,144,0,0,0,0,0,0,0,0,-32304,0,0,0,0,0,102960,0
102339,-3502,7510,-500,321,-337,-2985,-43805,5813,353,-1373,9704,37403,-125,31,144,0,0,0,0,0,0,0,0,-32304,0,0,0,0,0,102966,0
102344,-3378,7476,-498,354,-443,-3072,-42461,5913,406,-1514,9984,38303,-127,31,144,0,0,0,0,0,0,0,0,-32303,0,0,0,0,0,102971,0
102349,-3050,7494,-378,370,-498,-3102,-41093,6037,450,-1611,9856,38303,-127,31,144,0,0,0,0,0,0,0,0,-32304,0,0,0,0,0,102976,0
102354,-3070,7162,-488,413,-547,-3152,-39685,6199,478,-1657,10160,40010,-122,31,144,0,0,0,0,0,0,0,0,-32304,0,0,0,0,0,102982,0
102359,-3264,7208,-224,426,-612,-3185,-38264,6261,430,-1770,10040,40010,-122,31,144,0,0,0,0,0,0,0,0,-32304,0,0,0,0,0,102987,0
102364,-3380,6714,-354,464,-701,-3253,-36805,6448,432,-1848,10296,42563,-128,31,144,0,0,0,0,0,0,0,0,-32304,0,0,0,0,0,102993,0
102369,-3450,6458,-478,466,-732,-3288,-35315,6569,446,-1897,10192,42563,-128,31,144,0,0,0,0,0,0,0,0,-32304,0,0,0,0,0,102998,0
102374,-3468,6484,40,479,-767,-3316,-33814,6616,428,-2039,10600,45830,-139,31,144,0,0,0,0,0,0,0,0,-32305,0,0,0,0,0,103004,0
102379,-3796,6310,-10,474,-804,-3340,-32293,6717,385,-2226,10784,45830,-139,31,144,0,0,0,0,0,0,0,0,-32304,0,0,0,0,0,103009,0
102384,-3800,6000,22,508,-885,-3380,-30756,6761,338,-2243,11000,48996,-189,31,144,0,2,0,0,0,0,0,0,-32303,0,0,0,0,0,103015,0
102389,-4064,6068,112,502,-907,-3372,-29210,6817,243,-2414,11168,48996,-189,31,144,0,2,0,0,0,0,0,0,-32303,0,0,0,0,0,103020,0
102394,-4132,5924,116,498,-928,-3365,-27631,6963,260,-2430,11440,51416,-261,31,144,0,2,0,0,0,0,0,0,-32304,0,0,0,0,0,103026,0
102399,-3884,5906,252,499,-949,-3330,-26042,6992,277,-2491,11416,51416,-261,31,144,0,2,0,0,0,0,0,0,-32304,0,0,0,0,0,103031,0
102404,-3488,6432,570,488,-1026,-3237,-24440,7058,268,-2625,11568,52896,-340,31,144,0,2,0,0,0,0,0,0,-32304,0,0,0,0,0,103036,0
102409,-3310,6610,608,464,-1075,-3165,-22829,7087,255,-2667,11384,52896,-340,31,144,0,2,0,0,0,0,0,0,-32305,0,0,0,0,0,103042,0
102414,-3278,6802,806,450,-1112,-3063,-21297,6715,134,-5906,20640,53750,-385,31,144,0,2,0,0,0,0,0,0,-32308,0,0,0,0,0,103047,0
102419,-5836,4948,1198,412,-1061,-2599,-20405,3606,-1233,-13017,12688,53750,-385,31,144,0,2,0,0,0,0,0,0,-32303,0,0,0,0,0,103053,0
102424,-10088,1888,2182,300,-1070,-1087,-19920,2039,-3457,-7001,2320,53880,-335,31,144,0,0,0,0,0,0,0,0,-32304,0,0,0,0,0,103059,0
102429,-5322,2240,2208,331,-958,-404,-19253,2983,-4429,-1597,3856,53880,-335,31,144,0,0,0,0,0,0,0,0,-32304,0,0,0,0,0,103064,0
102434,-2738,6776,1408,312,-994,-133,-18485,3417,-3541,-2538,4096,53192,-241,31,144,0,0,0,0,0,0,0,0,-32304,0,0,0,0,0,103069,0
102439,-3880,10454,696,264,-1082,-336,-17680,3544,-1369,-2713,3992,53192,-241,31,144,0,0,0,0,0,0,0,0,-32304,0,0,0,0,0,103075,0
102444,-9256,11122,508,184,-1126,-949,-16876,3532,663,-2942,3816,52618,-155,31,144,0,2,0,0,0,0,0,0,-32304,0,0,0,0,0,103081,0
102449,-9510,8938,516,205,-1062,-1067,-16075,3533,894,-3062,3840,52618,-155,31,144,0,2,0,0,0,0,0,0,-32304,0,0,0,0,0,103086,0
102454,-8030,6884,248,224,-1018,-1019,-15264,3578,304,-3152,4008,52314,-144,31,144,0,2,0,0,0,0,0,0,-32304,0,0,0,0,0,103092,0
102459,-5682,5764,266,233,-1010,-830,-14429,3687,112,-3210,4360,52314,-144,31,144,0,2,0,0,0,0,0,0,-32304,0,0,0,0,0,103098,0
102464,-4650,6018,370,266,-1084,-304,-13565,3815,169,-3198,4576,52957,-195,31,144,0,2,0,0,0,0,0,0,-32305,0,0,0,0,0,103103,0
102469,-4542,7084,640,266,-1122,-81,-12684,3883,281,-3203,4488,52957,-195,31,144,0,2,0,0,0,0,0,0,-32304,0,0,0,0,0,103109,0
102474,-4110,7884,704,305,-1134,51,-11813,3824,287,-3230,4112,53302,-225,31,144,0,2,0,0,0,0,0,0,-32304,0,0,0,0,0,103114,0
102479,-4170,8282,740,296,-1126,80,-10989,3604,116,-3302,3456,53302,-225,31,144,0,2,0,0,0,0,0,0,-32303,0,0,0,0,0,103120,0
102484,-4374,6900,554,290,-1059,235,-10223,3343,-201,-3401,2960,53508,-228,31,144,0,2,0,0,0,0,0,0,-32302,0,0,0,0,0,103125,0
102489,-4026,5896,522,313,-1044,465,-9514,3093,-535,-3486,2552,53508,-228,31,144,0,2,0,0,0,0,0,0,-32303,0,0,0,0,0,103131,0
102494,-3852,5372,610,303,-996,703,-8847,2913,-742,-3492,2152,53572,-215,31,144,0,2,0,0,0,0,0,0,-32305,0,0,0,0,0,103136,0
102499,-3966,5366,664,320,-945,933,-8222,2740,-781,-3533,1712,53572,-215,31,144,0,2,0,0,0,0,0,0,-32305,0,0,0,0,0,103141,0
102504,-5830,6202,714,320,-834,1204,-7634,2559,-713,-3536,1424,53458,-195,31,144,0,2,0,0,0,0,0,0,-32304,0,0,0,0,0,103147,0
102509,-6866,6226,878,320,-794,1263,-7091,2361,-655,-3581,904,53458,-195,31,144,0,2,0,0,0,0,0,0,-32302,0,0,0,0,0,103152,0
102514,-7810,6132,786,315,-754,1273,-6594,2169,-636,-3619,608,53175,-166,31,144,0,2,0,0,0,0,0,0,-32304,0,0,0,0,0,103158,0
102519,-8558,5734,784,321,-705,1261,-6135,2002,-648,-3700,392,53175,-166,31,144,0,2,0,0,0,0,0,0,-32304,0,0,0,0,0,103163,0
102524,-8982,4712,756,331,-665,1325,-5706,1883,-634,-3736,360,52758,-125,31,144,0,0,0,0,0,0,0,0,-32303,0,0,0,0,0,103169,0
102529,-8456,4562,656,354,-664,1443,-5296,1801,-558,-3734,344,52758,-125,31,144,0,0,0,0,0,0,0,0,-32304,0,0,0,0,0,103174,0
102534,-7792,5024,776,374,-681,1547,-4903,1724,-450,-3719,248,52181,-100,31,144,0,0,0,0,0,0,0,0,-32303,0,0,0,0,0,103180,0
102539,-7582,5478,748,391,-682,1636,-4544,1563,-374,-3774,80,52181,-100,31,144,0,0,0,0,0,0,0,0,-32305,0,0,0,0,0,103185,0
102544,-6850,6090,680,427,-695,1853,-4231,1345,-396,-3849,-48,51290,-94,31,144,0,0,0,0,0,0,0,0,-32304,0,0,0,0,0,103190,0
102549,-6308,6154,624,445,-696,2012,-3984,1061,-535,-3938,-144,51290,-94,31,144,0,0,0,0,0,0,0,0,-32303,0,0,0,0,0,103196,0
102554,-5602,6082,544,458,-694,2214,-3808,735,-726,-3986,-424,49686,-91,31,144,0,0,0,0,0,0,0,0,-32305,0,0,0,0,0,103202,0
102559,-5206,6050,588,474,-689,2414,-3710,398,-929,-3937,-792,49686,-91,31,144,0,0,0,0,0,0,0,0,-32306,0,0,0,0,0,103207,0
102564,-4494,5952,666,487,-669,2912,-3684,87,-1051,-3832,-1336,46709,-102,31,144,0,0,0,0,0,0,0,0,-32304,0,0,0,0,0,103212,0
102569,-3722,6208,656,499,-658,3173,-3700,-89,-1071,-3631,-1728,46709,-102,31,144,0,0,0,0,0,0,0,0,-32305,0,0,0,0,0,103218,0
102574,-3310,6692,642,508,-667,3348,-3747,-227,-948,-3626,-2048,42535,-18,31,144,0,0,0,0,0,0,0,0,-32305,0,0,0,0,0,103223,0
102579,-3134,6896,624,513,-661,3546,-3853,-491,-802,-3677,-2536,42535,-18,31,144,0,0,0,0,0,0,0,0,-32306,0,0,0,0,0,103229,0
102584,-3340,6872,678,512,-685,3900,-4021,-770,-737,-3682,-3296,39024,129,31,144,0,0,0,0,0,0,0,0,-32304,0,0,0,0,0,103234,0
102589,-3034,6548,564,519,-683,4161,-4268,-1116,-812,-3732,-3944,39024,129,31,144,0,0,0,0,0,0,0,0,-32302,0,0,0,0,0,103240,0
102594,-2856,6546,608,506,-684,4359,-4593,-1458,-972,-3695,-4560,36924,326,31,144,0,0,0,0,0,0,0,0,-32304,0,0,0,0,0,103245,0
102599,-3136,6294,598,506,-671,4538,-4989,-1783,-1104,-3666,-5168,36924,326,31,144,0,0,0,0,0,0,0,0,-32303,0,0,0,0,0,103251,0
102604,-3022,5744,564,488,-645,5003,-5457,-2086,-1140,-3649,-5912,36615,507,31,144,0,0,0,0,0,0,0,0,-32304,0,0,0,0,0,103256,0
102609,-2150,5788,506,485,-640,5320,-5880,-2326,-1126,-3598,-6656,36615,507,31,144,0,0,0,0,0,0,0,0,-32302,0,0,0,0,0,103262,0
102614,-1796,6232,584,465,-631,5574,-6479,-2673,-1113,-3560,-7304,36538,640,31,144,0,0,0,0,0,0,0,0,-32304,0,0,0,0,0,103268,0
102619,-1168,6606,424,473,-622,5904,-7170,-3077,-1150,-3471,-8168,36538,640,31,144,0,0,0,0,0,0,0,0,-32305,0,0,0,0,0,103273,0
102624,-872,7226,560,443,-606,6465,-7961,-3529,-1253,-3474,-9080,36467,777,31,144,0,0,0,0,0,0,0,0,-32305,0,0,0,0,0,103278,0
102629,-698,7404,566,432,-601,6788,-8854,-3975,-1385,-3458,-10184,36467,777,31,144,0,0,0,0,0,0,0,0,-32304,0,0,0,0,0,103284,0
102634,-118,7228,416,422,-606,7122,-9850,-4421,-1505,-3325,-11008,36391,918,31,144,0,0,0,0,0,0,0,0,-32302,0,0,0,0,0,103289,0
102639,116,7286,326,392,-596,7469,-10952,-4904,-1562,-3257,-12016,36391,918,31,144,0,0,0,0,0,0,0,0,-32303,0,0,0,0,0,103295,0
102644,-86,7756,110,400,-556,8129,-12169,-5402,-1613,-3204,-12928,36318,1070,31,144,0,0,0,0,0,0,0,0,-32304,0,0,0,0,0,103300,0
102649,-58,8342,210,377,-555,8486,-13486,-5836,-1636,-3128,-13968,36318,1070,31,144,0,0,0,0,0,0,0,0,-32304,0,0,0,0,0,103306,0
102654,352,8092,474,354,-585,8756,-14894,-6230,-1602,-2949,-14728,36245,1202,31,144,0,0,0,0,0,0,0,0,-32303,0,0,0,0,0,103311,0
102659,72,8062,690,357,-571,8994,-16415,-6742,-1583,-2946,-15640,36245,1202,31,144,0,0,0,0,0,0,0,0,-32302,0,0,0,0,0,103317,0
102664,-638,9302,330,334,-601,9566,-18038,-7183,-1566,-2858,-16648,36184,1306,31,144,0,0,0,0,0,0,0,0,-32302,0,0,0,0,0,103322,0
102669,-464,8862,10,357,-639,9832,-19762,-7634,-1569,-2721,-17680,36184,1306,31,144,0,0,0,0,0,0,0,0,-32303,0,0,0,0,0,103328,0
102674,-1104,8780,400,297,-657,10078,-21591,-8079,-1599,-2699,-18368,36133,1376,31,144,0,0,0,0,0,0,0,0,-32304,0,0,0,0,0,103333,0
102679,-790,8940,282,342,-677,10359,-23483,-8356,-1501,-2485,-19056,36133,1376,31,144,0,0,0,0,0,0,0,0,-32302,0,0,0,0,0,103339,0
102684,96,9546,150,308,-719,10830,-25466,-8765,-1391,-2360,-19720,36118,1409,31,144,0,0,0,0,0,0,0,0,-32304,0,0,0,0,0,103344,0
102689,276,9616,38,279,-705,10991,-27518,-9059,-1285,-2215,-20296,36118,1409,31,144,0,0,0,0,0,0,0,0,-32303,0,0,0,0,0,103350,0
102694,164,9988,146,263,-700,11148,-29652,-9414,-1212,-2109,-20880,36112,1397,31,144,0,0,0,0,0,0,0,0,-32304,0,0,0,0,0,103355,0
102699,-458,9946,148,299,-702,11332,-31821,-9560,-1106,-2007,-21104,36112,1397,31,144,0,0,0,0,0,0,0,0,-32304,0,0,0,0,0,103360,0
102704,458,10020,-90,280,-736,11650,-34053,-9843,-1001,-1855,-21608,36128,1344,31,144,0,0,0,0,0,0,0,0,-32304,0,0,0,0,0,103366,0
102709,824,10534,-256,265,-726,11716,-36329,-10048,-867,-1665,-22144,36128,1344,31,144,0,0,0,0,0,0,0,0,-32303,0,0,0,0,0,103371,0
102714,508,10148,-134,264,-735,11819,-38652,-10224,-788,-1604,-22352,36151,1277,31,144,0,0,0,0,0,0,0,0,-32303,0,0,0,0,0,103377,0
102719,824,10698,148,255,-732,11898,-41004,-10374,-708,-1429,-22424,36151,1277,31,144,0,0,0,0,0,0,0,0,-32303,0,0,0,0,0,103383,0
102724,1150,10852,-100,250,-724,12015,-43381,-10463,-613,-1306,-22680,36206,1143,31,144,0,0,0,0,0,0,0,0,-32303,0,0,0,0,0,103388,0
102729,1296,10688,-44,255,-723,12057,-45789,-10617,-521,-1125,-22664,36206,1143,31,144,0,0,0,0,0,0,0,0,-32303,0,0,0,0,0,103393,0
102734,926,10902,122,232,-704,12094,-48187,-10543,-354,-1036,-22424,36271,1000,31,144,0,0,0,0,0,0,0,0,-32303,0,0,0,0,0,103399,0
102739,1012,10866,98,287,-730,12126,-50594,-10595,-261,-845,-22288,36271,1000,31,144,0,0,0,0,0,0,0,0,-32304,0,0,0,0,0,103404,0
102744,1664,11198,0,288,-713,12082,-53000,-10609,-107,-731,-22224,36345,840,31,144,0,0,0,0,0,0,0,0,-32304,0,0,0,0,0,103410,0
102749,1496,11016,-44,311,-701,12054,-55396,-10514,-33,-586,-21784,36345,840,31,144,0,0,0,0,0,0,0,0,-32304,0,0,0,0,0,103415,0
102754,1578,10902,106,267,-683,12016,-57778,-10489,56,-439,-21592,36426,685,31,144,0,0,0,0,0,0,0,0,-32303,0,0,0,0,0,103421,0
102759,1848,10810,20,285,-649,11962,-60131,-10347,156,-343,-21216,36426,685,31,144,0,0,0,0,0,0,0,0,-32304,0,0,0,0,0,103426,0
102764,2142,11002,170,324,-591,11788,-62472,-10290,220,-191,-20864,36508,524,31,144,0,0,0,0,0,0,0,0,-32304,0,0,0,0,0,103432,0
102769,1970,11086,68,320,-583,11685,-64752,-10013,391,-39,-20176,36508,524,31,144,0,0,0,0,0,0,0,0,-32304,0,0,0,0,0,103437,0
102774,1918,10830,182,339,-583,11575,-67003,-9877,453,67,-19648,36595,371,31,144,0,0,0,0,0,0,0,0,-32303,0,0,0,0,0,103443,0
102779,1956,10868,-18,302,-596,11469,-69201,-9668,595,204,-19056,36595,371,31,144,0,0,0,0,0,0,0,0,-32303,0,0,0,0,0,103448,0
102784,32511,13092,2052,343,-556,7623,-71268,-8987,852,17,-15992,36660,267,31,144,0,0,0,0,0,0,0,0,-32303,0,0,0,0,0,103454,0
102789,26436,11720,-2264,353,-196,5415,-72810,-6490,2119,-413,-8736,36660,267,31,144,0,0,0,0,0,0,0,0,-32303,0,0,0,0,0,103459,0
102794,-2976,12298,1724,225,94,4129,-73410,-2178,5041,-1245,760,36686,246,31,144,0,0,0,0,0,0,0,0,-32304,0,0,0,0,0,103465,0
102799,-21334,10050,2848,391,-218,5148,-72938,2566,9077,-93,8872,36686,246,31,144,0,0,0,0,0,0,0,0,-32303,0,0,0,0,0,103470,0
102804,1178,9940,-1006,412,-446,5829,-71717,5587,12253,-1184,6816,37030,206,31,144,0,0,0,0,0,0,0,0,-32303,0,0,0,0,0,103475,0
102809,7864,11634,200,232,-274,5082,-70486,5333,11751,-5474,8096,37030,206,31,144,0,0,0,0,0,0,0,0,-32306,0,0,0,0,0,103481,0
102814,5444,12460,274,182,-206,4429,-69501,4270,7639,-5380,1104,40907,112,31,144,0,0,0,0,0,0,0,0,-32303,0,0,0,0,0,103486,0
102819,-4040,8854,134,263,-316,3884,-68932,2309,1863,-6781,0,40907,112,31,144,0,0,0,0,0,0,0,0,-32304,0,0,0,0,0,103491,0
102824,-4562,8216,262,359,-632,4404,-68730,799,-2825,-3723,0,45368,-26,31,144,0,0,0,0,0,0,0,0,-32303,0,0,0,0,0,103496,0
102829,-2706,8594,26,287,-635,4229,-68623,440,-4508,-807,0,45368,-26,31,144,0,0,0,0,0,0,0,0,-32304,0,0,0,0,0,103501,0
102834,-4184,7944,-218,292,-673,4487,-68563,247,-3834,-393,0,48558,-104,31,144,0,0,0,0,0,0,0,0,-32304,0,0,0,0,0,103506,0
102839,-2700,8544,794,284,-761,4383,-68535,103,-2470,-203,0,48558,-104,31,144,0,0,0,0,0,0,0,0,-32304,0,0,0,0,0,103511,0
102844,3760,8260,618,331,-618,3473,-68536,-5,-1112,-30,0,47235,-103,31,144,0,0,0,0,0,0,0,0,-32304,0,0,0,0,0,103516,0
102849,1078,8816,230,402,-543,3054,-68543,-33,-510,39,0,47235,-103,31,144,0,0,0,0,0,0,0,0,-32303,0,0,0,0,0,103521,0
102854,-2524,9584,308,422,-550,2814,-68549,-31,-311,46,0,43103,-83,31,144,0,0,0,0,0,0,0,0,-32304,0,0,0,0,0,103526,0
102859,-3240,8692,114,448,-650,2857,-68552,-12,-150,33,0,43103,-83,31,144,0,0,0,0,0,0,0,0,-32303,0,0,0,0,0,103531,0
102864,-494,8632,-168,432,-621,2868,-68552,3,-25,14,0,39617,-22,31,144,0,0,0,0,0,0,0,0,-32304,0,0,0,0,0,103536,0
102869,886,8256,152,404,-624,2690,-68553,-1,17,2,0,39617,-22,31,144,0,0,0,0,0,0,0,0,-32304,0,0,0,0,0,103541,0
102874,1882,8180,232,400,-605,2476,-68552,7,29,0,0,37478,44,31,144,0,0,0,0,0,0,0,0,-32303,0,0,0,0,0,103546,0
102879,1330,8450,396,423,-578,2288,-68553,6,15,0,0,37478,44,31,144,0,0,0,0,0,0,0,0,-32303,0,0,0,0,0,103551,0
102884,-178,8226,416,447,-546,2060,-68552,0,6,1,0,36803,112,31,144,0,0,0,0,0,0,0,0,-32304,0,0,0,0,0,103556,0
102889,70,8246,112,450,-503,2017,-68552,0,6,0,0,36803,112,31,144,0,0,0,0,0,0,0,0,-32304,0,0,0,0,0,103561,0
102894,-218,8504,48,446,-473,1972,-68553,-1,-3,-1,0,36800,102,31,144,0,0,0,0,0,0,0,0,-32304,0,0,0,0,0,103566,0
102899,-56,8126,324,425,-454,1935,-68553,-6,1,0,0,36800,102,31,144,0,0,0,0,0,0,0,0,-32304,0,0,0,0,0,103571,0
102904,958,7590,512,420,-398,1736,-68554,-7,-4,0,0,36797,104,31,144,0,0,0,0,0,0,0,0,-32304,0,0,0,0,0,103576,0
