state_time,accelx,accely,accelz,gyrox,gyroy,gyroz,mot_ang,mot_vel,mot_acc,mot_cur,mot_volt,batt_volt,batt_curr,temperature,status_mn,status_ex,status_re,genvar_0,genvar_1,genvar_2,genvar_3,genvar_4,genvar_5,genvar_6,genvar_7,genvar_8,genvar_9,ank_ang,ank_vel,sys_time,event flags
724497,-1904,7880,-330,61,-28,10,53195,-2,-2,2,0,37131,138,30,65,0,0,0,0,0,0,0,0,-32306,0,0,0,0,0,858,0
724502,-1920,7920,-306,65,-26,14,53195,-5,-1,3,0,37131,129,30,65,0,0,0,0,0,0,0,0,-32305,0,0,0,0,0,724502,0
724507,-1940,7938,-318,73,-24,11,53195,4,-3,2,0,37131,129,30,65,0,0,0,0,0,0,0,0,-32306,0,0,0,0,0,724507,0
724512,-1948,7932,-316,71,-26,13,53195,2,-3,2,0,37130,129,30,65,0,0,0,0,0,0,0,0,-32306,0,0,0,0,0,724512,0
724517,-1970,7944,-308,73,-24,15,53196,0,2,2,0,37130,129,30,65,0,0,0,0,0,0,0,0,-32305,0,0,0,0,0,724517,0
724522,-1920,7950,-340,72,-25,17,53194,-5,-3,1,0,37128,129,30,65,0,0,0,0,0,0,0,0,-32306,0,0,0,0,0,724522,0
724527,-1908,7932,-324,64,-28,12,53197,5,5,1,0,37128,129,30,65,0,0,0,0,0,0,0,0,-32305,0,0,0,0,0,724527,0
724532,-1902,7924,-338,58,-16,14,53194,1,-3,2,0,37128,128,30,65,0,0,0,0,0,0,0,0,-32306,0,0,0,0,0,724532,0
724537,-1888,7934,-324,59,-14,15,53196,3,6,1,0,37128,128,30,65,0,0,0,0,0,0,0,0,-32305,0,0,0,0,0,724537,0
724542,-1892,7924,-340,57,-10,18,53196,2,4,0,0,37132,130,30,65,0,0,0,0,0,0,0,0,-32306,0,0,0,0,0,724542,0
724547,-1912,7902,-322,58,-5,17,53195,5,3,2,0,37132,130,30,65,0,0,0,0,0,0,0,0,-32306,0,0,0,0,0,724547,0
724552,-1924,7902,-324,56,9,20,53195,-1,-1,3,0,37133,139,30,65,0,0,0,0,0,0,0,0,-32306,0,0,0,0,0,724552,0
724557,-1946,7922,-314,52,0,19,53194,-3,1,2,0,37133,139,30,65,0,0,0,0,0,0,0,0,-32306,0,0,0,0,0,724557,0
724562,-1926,7916,-338,51,5,16,53194,-3,-2,3,0,37131,137,30,65,0,0,0,0,0,0,0,0,-32305,0,0,0,0,0,724562,0
724567,-1904,7938,-334,58,9,16,53195,2,2,2,0,37131,137,30,65,0,0,0,0,0,0,0,0,-32306,0,0,0,0,0,724568,0
724572,-1924,7902,-336,54,0,22,53196,-1,1,3,0,37122,133,30,65,0,0,0,0,0,0,0,0,-32306,0,0,0,0,0,724573,0
724577,-1910,7868,-322,59,7,22,53195,-4,-4,2,0,37122,133,30,65,0,0,0,0,0,0,0,0,-32306,0,0,0,0,0,724578,0
724582,-1904,7902,-336,54,12,19,53194,-2,1,2,0,37118,130,30,65,0,0,0,0,0,0,0,0,-32306,0,0,0,0,0,724583,0
724587,-1928,7914,-338,54,8,20,53195,0,-6,2,0,37118,130,30,65,0,0,0,0,0,0,0,0,-32306,0,0,0,0,0,724588,0
724592,-1968,7898,-320,54,8,22,53194,-4,-2,1,0,37113,132,30,65,0,0,0,0,0,0,0,0,-32305,0,0,0,0,0,724593,0
724597,-1954,7912,-332,57,10,22,53196,4,-1,3,0,37113,132,30,65,0,0,0,0,0,0,0,0,-32306,0,0,0,0,0,724598,0
724602,-1966,7886,-338,53,8,27,53196,2,4,3,0,37107,135,30,65,0,0,0,0,0,0,0,0,-32306,0,0,0,0,0,724603,0
724607,-1970,7906,-354,58,4,21,53194,-4,-3,3,0,37107,135,30,65,0,0,0,0,0,0,0,0,-32306,0,0,0,0,0,724608,0
724612,-1944,7914,-326,54,2,26,53196,0,1,3,0,37103,131,30,65,0,0,0,0,0,0,0,0,-32306,0,0,0,0,0,724613,0
724617,-1900,7920,-330,53,9,28,53196,5,5,2,0,37103,131,30,65,0,0,0,0,0,0,0,0,-32306,0,0,0,0,0,724618,0
724622,-1942,7932,-334,54,10,23,53195,-6,1,3,0,37103,133,30,65,0,0,0,0,0,0,0,0,-32305,0,0,0,0,0,724623,0
724627,-1894,7908,-328,54,14,30,53195,-3,4,3,0,37103,133,30,65,0,0,0,0,0,0,0,0,-32306,0,0,0,0,0,724628,0
724632,-1966,7932,-330,56,14,30,53196,0,-3,4,0,37104,129,30,65,0,0,0,0,0,0,0,0,-32306,0,0,0,0,0,724633,0
724637,-1964,7928,-336,54,9,31,53194,3,1,3,0,37104,129,30,65,0,0,0,0,0,0,0,0,-32305,0,0,0,0,0,724638,0
724642,-1974,7918,-340,56,10,32,53195,0,1,2,0,37105,135,30,65,0,0,0,0,0,0,0,0,-32306,0,0,0,0,0,724643,0
724647,-1944,7930,-334,67,9,29,53195,-9,-1,5,0,37105,135,30,65,0,0,0,0,0,0,0,0,-32305,0,0,0,0,0,724648,0
724652,-1966,7930,-330,64,3,33,53196,7,5,5,0,37104,145,30,65,0,0,0,0,0,0,0,0,-32306,0,0,0,0,0,724653,0
724657,-1952,7952,-336,55,-2,33,53195,2,5,3,0,37104,145,30,65,0,0,0,0,0,0,0,0,-32306,0,0,0,0,0,724658,0
724662,-1970,7946,-324,59,0,35,53195,0,0,2,0,37104,149,30,65,0,0,0,0,0,0,0,0,-32306,0,0,0,0,0,724663,0
724667,-1952,7940,-330,64,1,30,53195,3,-1,1,0,37104,149,30,65,0,0,0,0,0,0,0,0,-32306,0,0,0,0,0,724668,0
724672,-1972,7946,-344,62,-1,31,53195,1,1,1,0,37106,137,30,65,0,0,0,0,0,0,0,0,-32306,0,0,0,0,0,724673,0
724677,-1964,7920,-348,70,-6,26,53194,-1,2,2,0,37106,137,30,65,0,0,0,0,0,0,0,0,-32306,0,0,0,0,0,724678,0
724682,-1958,7924,-334,62,-9,29,53194,0,-1,2,0,37107,124,30,65,0,0,0,0,0,0,0,0,-32305,0,0,0,0,0,724683,0
724687,-1930,7908,-344,67,-13,28,53195,0,2,2,0,37107,124,30,65,0,0,0,0,0,0,0,0,-32306,0,0,0,0,0,724688,0
724692,-1928,7904,-346,64,-2,24,53195,-2,1,1,0,37105,126,30,65,0,0,0,0,0,0,0,0,-32305,0,0,0,0,0,724693,0
724697,-1936,7928,-384,59,-7,27,53196,0,1,1,0,37105,126,30,65,0,0,0,0,0,0,0,0,-32306,0,0,0,0,0,724698,0
724702,-1948,7918,-316,68,-2,25,53195,0,0,3,0,37101,129,30,65,0,0,0,0,0,0,0,0,-32306,0,0,0,0,0,724703,0
724707,-1966,7930,-312,67,-2,22,53196,6,1,2,0,37101,129,30,65,0,0,0,0,0,0,0,0,-32306,0,0,0,0,0,724708,0
724712,-1942,7884,-330,64,-4,27,53195,-6,-1,3,0,37100,132,30,65,0,0,0,0,0,0,0,0,-32306,0,0,0,0,0,724713,0
724717,-1964,7902,-350,69,-6,27,53197,5,2,2,0,37100,132,30,65,0,0,0,0,0,0,0,0,-32305,0,0,0,0,0,724718,0
724722,-1966,7884,-336,69,-11,24,53195,-3,-5,2,0,37101,124,30,65,0,0,0,0,0,0,0,0,-32305,0,0,0,0,0,724723,0
724727,-1950,7900,-338,70,-8,29,53196,1,1,3,0,37101,124,30,65,0,0,0,0,0,0,0,0,-32306,0,0,0,0,0,724728,0
724732,-1950,7894,-318,73,-6,31,53195,1,-7,2,0,37100,127,30,65,0,0,0,0,0,0,0,0,-32305,0,0,0,0,0,724733,0
724737,-1946,7904,-336,77,-7,33,53194,1,4,3,0,37100,127,30,65,0,0,0,0,0,0,0,0,-32305,0,0,0,0,0,724738,0
724742,-1968,7910,-338,77,-8,34,53195,-4,-4,2,0,37102,133,30,65,0,0,0,0,0,0,0,0,-32305,0,0,0,0,0,724743,0
724747,-1946,7910,-350,68,-11,38,53195,4,5,3,0,37102,133,30,65,0,0,0,0,0,0,0,0,-32305,0,0,0,0,0,724748,0
724752,-1932,7916,-348,74,-13,37,53195,4,4,4,0,37108,133,30,65,0,0,0,0,0,0,0,0,-32306,0,0,0,0,0,724753,0
724757,-1940,7946,-348,77,-17,36,53195,4,4,2,0,37108,133,30,65,0,0,0,0,0,0,0,0,-32306,0,0,0,0,0,724758,0
724762,-1914,7896,-360,74,-20,33,53195,-3,0,2,0,37107,127,30,65,0,0,0,0,0,0,0,0,-32306,0,0,0,0,0,724763,0
724767,-1958,7912,-340,82,-17,33,53195,-2,0,2,0,37107,127,30,65,0,0,0,0,0,0,0,0,-32305,0,0,0,0,0,724768,0
724772,-1926,7914,-340,81,-15,32,53196,0,-3,2,0,37105,127,30,65,0,0,0,0,0,0,0,0,-32306,0,0,0,0,0,724773,0
724777,-1936,7908,-320,80,-18,34,53195,-2,3,1,0,37105,127,30,65,0,0,0,0,0,0,0,0,-32306,0,0,0,0,0,724778,0
724782,-1964,7878,-332,81,-13,33,53195,-4,-2,1,0,37099,123,30,65,0,0,0,0,0,0,0,0,-32306,0,0,0,0,0,724783,0
724787,-1930,7892,-316,82,-12,41,53197,1,-1,2,0,37099,123,30,65,0,0,0,0,0,0,0,0,-32306,0,0,0,0,0,724788,0
724792,-1968,7894,-336,85,-12,37,53195,0,-1,3,0,37098,125,30,65,0,0,0,0,0,0,0,0,-32306,0,0,0,0,0,724793,0
724797,-1912,7892,-326,80,-17,38,53196,6,-1,3,0,37098,125,30,65,0,0,0,0,0,0,0,0,-32305,0,0,0,0,0,724798,0
724802,-1958,7916,-308,73,-18,37,53195,4,-5,3,0,37099,122,30,65,0,0,0,0,0,0,0,0,-32306,0,0,0,0,0,724803,0
724807,-1940,7898,-334,74,-21,34,53195,2,-1,1,0,37099,122,30,65,0,0,0,0,0,0,0,0,-32306,0,0,0,0,0,724808,0
724812,-1910,7920,-346,72,-21,38,53195,5,2,1,0,37098,126,30,65,0,0,0,0,0,0,0,0,-32306,0,0,0,0,0,724813,0
724817,-1920,7908,-322,72,-10,36,53195,-1,2,3,0,37098,126,30,65,0,0,0,0,0,0,0,0,-32306,0,0,0,0,0,724818,0
724822,-1928,7906,-332,69,-14,43,53196,3,-1,3,0,37098,123,30,65,0,0,0,0,0,0,0,0,-32305,0,0,0,0,0,724823,0
724827,-1968,7908,-312,71,-14,38,53195,-1,-5,2,0,37098,123,30,65,0,0,0,0,0,0,0,0,-32306,0,0,0,0,0,724828,0
724832,-1992,7912,-344,76,-16,41,53195,-4,-3,1,0,37096,122,30,65,0,0,0,0,0,0,0,0,-32306,0,0,0,0,0,724833,0
724837,-1956,7908,-324,75,-14,36,53194,-4,0,2,0,37096,122,30,65,0,0,0,0,0,0,0,0,-32306,0,0,0,0,0,724838,0
724842,-1956,7940,-346,73,-14,39,53194,0,4,1,0,37098,128,30,65,0,0,0,0,0,0,0,0,-32306,0,0,0,0,0,724843,0
724847,-1950,7940,-340,78,-12,42,53196,3,0,3,0,37098,128,30,65,0,0,0,0,0,0,0,0,-32305,0,0,0,0,0,724848,0
724852,-1928,7886,-326,75,-3,45,53194,-9,0,3,0,37101,126,30,65,0,0,0,0,0,0,0,0,-32306,0,0,0,0,0,724853,0
724857,-1914,7932,-350,71,2,45,53196,9,6,2,0,37101,126,30,65,0,0,0,0,0,0,0,0,-32306,0,0,0,0,0,724858,0
724862,-1922,7940,-330,70,-3,44,53194,-3,1,3,0,37105,129,30,65,0,0,0,0,0,0,0,0,-32306,0,0,0,0,0,724863,0
724867,-1944,7906,-322,72,9,43,53197,11,-2,2,0,37105,129,30,65,0,0,0,0,0,0,0,0,-32306,0,0,0,0,0,724868,0
724872,-1950,7880,-336,63,3,43,53195,1,-1,2,0,37103,125,30,65,0,0,0,0,0,0,0,0,-32306,0,0,0,0,0,724873,0
724877,-1928,7884,-328,72,10,45,53195,0,2,2,0,37103,125,30,65,0,0,0,0,0,0,0,0,-32306,0,0,0,0,0,724878,0
724882,-1968,7902,-338,63,13,46,53195,-4,-3,4,0,37102,128,30,65,0,0,0,0,0,0,0,0,-32306,0,0,0,0,0,724883,0
724887,-1940,7888,-320,66,10,49,53195,2,0,3,0,37102,128,30,65,0,0,0,0,0,0,0,0,-32305,0,0,0,0,0,724888,0
724892,-1958,7878,-312,67,6,47,53195,0,-1,1,0,37099,131,30,65,0,0,0,0,0,0,0,0,-32306,0,0,0,0,0,724893,0
724897,-1954,7896,-336,63,1,44,53195,-2,0,3,0,37099,131,30,65,0,0,0,0,0,0,0,0,-32305,0,0,0,0,0,724898,0
724902,-1994,7906,-328,70,5,48,53195,-5,3,4,0,37098,134,30,65,0,0,0,0,0,0,0,0,-32306,0,0,0,0,0,724903,0
724907,-1978,7892,-338,67,-3,47,53196,5,3,2,0,37098,134,30,65,0,0,0,0,0,0,0,0,-32306,0,0,0,0,0,724908,0
724912,-1980,7908,-314,72,-9,41,53195,-2,0,4,0,37097,139,30,65,0,0,0,0,0,0,0,0,-32306,0,0,0,0,0,724913,0
724917,-1940,7920,-316,67,-12,40,53196,6,1,4,0,37097,139,30,65,0,0,0,0,0,0,0,0,-32306,0,0,0,0,0,724918,0
724922,-1944,7874,-340,67,-10,43,53194,-5,-1,2,0,37099,140,30,65,0,0,0,0,0,0,0,0,-32305,0,0,0,0,0,724923,0
724927,-1982,7920,-312,70,-11,49,53196,0,0,3,0,37099,140,30,65,0,0,0,0,0,0,0,0,-32305,0,0,0,0,0,724928,0
724932,-1978,7872,-350,67,-9,45,53195,-2,-5,3,0,37104,128,30,65,0,0,0,0,0,0,0,0,-32306,0,0,0,0,0,724933,0
724937,-1978,7874,-326,73,-9,43,53195,0,3,2,0,37104,128,30,65,0,0,0,0,0,0,0,0,-32306,0,0,0,0,0,724938,0
724942,-1972,7864,-318,71,-9,39,53195,1,-1,1,0,37105,126,30,65,0,0,0,0,0,0,0,0,-32306,0,0,0,0,0,724943,0
724947,-1982,7900,-338,67,-6,42,53195,0,2,2,0,37105,126,30,65,0,0,0,0,0,0,0,0,-32306,0,0,0,0,0,724948,0
724952,-1972,7908,-332,70,-7,44,53195,4,2,3,0,37101,124,30,65,0,0,0,0,0,0,0,0,-32306,0,0,0,0,0,724953,0
724957,-1990,7880,-338,75,-11,44,53196,4,1,2,0,37101,124,30,65,0,0,0,0,0,0,0,0,-32305,0,0,0,0,0,724958,0
724962,-1968,7900,-354,72,-9,41,53196,0,1,0,0,37102,131,30,65,0,0,0,0,0,0,0,0,-32306,0,0,0,0,0,724963,0
724967,-1974,7892,-310,69,-1,37,53195,0,-1,2,0,37102,131,30,65,0,0,0,0,0,0,0,0,-32306,0,0,0,0,0,724968,0
724972,-1970,7910,-344,67,-5,40,53194,-5,2,2,0,37101,129,30,65,0,0,0,0,0,0,0,0,-32306,0,0,0,0,0,724973,0
724977,-1948,7928,-336,76,-7,36,53196,0,-8,1,0,37101,129,30,65,0,0,0,0,0,0,0,0,-32306,0,0,0,0,0,724978,0
724982,-1962,7922,-320,74,-7,35,53195,1,-2,1,0,37102,122,30,65,0,0,0,0,0,0,0,0,-32306,0,0,0,0,0,724983,0
724987,-1974,7916,-344,71,-5,36,53196,3,7,3,0,37102,122,30,65,0,0,0,0,0,0,0,0,-32306,0,0,0,0,0,724988,0
724992,-1956,7892,-318,79,-8,33,53196,0,-1,2,0,37113,122,30,65,0,0,0,0,0,0,0,0,-32306,0,0,0,0,0,724993,0
724997,-1986,7894,-310,70,-14,32,53195,-5,-2,3,0,37113,122,30,65,0,0,0,0,0,0,0,0,-32306,0,0,0,0,0,724998,0
725002,-1960,7904,-344,71,-16,29,53194,-2,-5,2,0,37125,125,30,65,0,0,0,0,0,0,0,0,-32306,0,0,0,0,0,725003,0
725007,-1960,7888,-318,76,-9,34,53194,-1,-4,2,0,37125,125,30,65,0,0,0,0,0,0,0,0,-32305,0,0,0,0,0,725008,0
725012,-1986,7898,-298,79,-12,33,53196,1,4,3,0,37127,129,30,65,0,0,0,0,0,0,0,0,-32306,0,0,0,0,0,725013,0
725017,-1970,7872,-312,79,-14,35,53195,-1,3,3,0,37127,129,30,65,0,0,0,0,0,0,0,0,-32306,0,0,0,0,0,725018,0
725022,-1970,7888,-318,84,-17,30,53195,-6,4,1,0,37115,125,30,65,0,0,0,0,0,0,0,0,-32306,0,0,0,0,0,725023,0
725027,-1968,7878,-308,68,-24,36,53196,0,-2,2,0,37115,125,30,65,0,0,0,0,0,0,0,0,-32306,0,0,0,0,0,725028,0
725032,-1956,7910,-308,73,-15,30,53196,4,0,2,0,37104,141,30,65,0,0,0,0,0,0,0,0,-32305,0,0,0,0,0,725033,0
725037,-1992,7952,-330,77,-22,28,53194,-10,-1,2,0,37104,141,30,65,0,0,0,0,0,0,0,0,-32306,0,0,0,0,0,725038,0
725042,-1972,7930,-302,68,-10,30,53196,0,0,2,0,37098,142,30,65,0,0,0,0,0,0,0,0,-32306,0,0,0,0,0,725043,0
725047,-1986,7920,-324,71,-12,35,53195,2,-1,3,0,37098,142,30,65,0,0,0,0,0,0,0,0,-32306,0,0,0,0,0,725048,0
725052,-1940,7914,-320,70,-16,28,53195,0,4,3,0,37098,143,30,65,0,0,0,0,0,0,0,0,-32306,0,0,0,0,0,725053,0
725057,-1944,7872,-324,64,-9,25,53196,0,-3,3,0,37098,143,30,65,0,0,0,0,0,0,0,0,-32306,0,0,0,0,0,725058,0
725062,-1942,7908,-320,70,-4,26,53196,2,3,1,0,37101,137,30,65,0,0,0,0,0,0,0,0,-32306,0,0,0,0,0,725063,0
725067,-1950,7918,-306,70,-7,21,53195,0,2,0,0,37101,137,30,65,0,0,0,0,0,0,0,0,-32306,0,0,0,0,0,725068,0
725072,-1970,7940,-302,54,-3,25,53195,0,-4,2,0,37102,130,30,65,0,0,0,0,0,0,0,0,-32306,0,0,0,0,0,725073,0
725077,-1964,7914,-322,62,-6,20,53195,-2,-2,1,0,37102,130,30,65,0,0,0,0,0,0,0,0,-32305,0,0,0,0,0,725078,0
725082,-1942,7926,-334,62,3,26,53195,-3,0,2,0,37103,129,30,65,0,0,0,0,0,0,0,0,-32306,0,0,0,0,0,725083,0
725087,-1972,7890,-330,59,-3,20,53196,8,2,1,0,37103,129,30,65,0,0,0,0,0,0,0,0,-32306,0,0,0,0,0,725088,0
725092,-1936,7898,-308,63,3,21,53196,2,1,2,0,37100,129,30,65,0,0,0,0,0,0,0,0,-32306,0,0,0,0,0,725093,0
725097,-1942,7888,-302,54,-2,17,53196,0,-2,3,0,37100,129,30,65,0,0,0,0,0,0,0,0,-32306,0,0,0,0,0,725098,0
725102,-1950,7906,-314,59,4,19,53197,7,-6,5,0,37099,129,30,65,0,0,0,0,0,0,0,0,-32306,0,0,0,0,0,725103,0
725107,-1954,7898,-318,61,0,21,53195,1,-1,3,0,37099,129,30,65,0,0,0,0,0,0,0,0,-32306,0,0,0,0,0,725108,0
725112,-1938,7898,-310,52,7,17,53195,-1,-4,4,0,37098,134,30,65,0,0,0,0,0,0,0,0,-32306,0,0,0,0,0,725113,0
725117,-1950,7918,-320,58,7,19,53196,3,-5,2,0,37098,134,30,65,0,0,0,0,0,0,0,0,-32305,0,0,0,0,0,725118,0
725122,-1932,7892,-322,59,13,18,53195,0,-3,1,0,37099,133,30,65,0,0,0,0,0,0,0,0,-32305,0,0,0,0,0,725123,0
725127,-1948,7880,-336,58,9,17,53195,0,2,1,0,37099,133,30,65,0,0,0,0,0,0,0,0,-32306,0,0,0,0,0,725128,0
725132,-1950,7868,-314,55,1,20,53196,9,-4,1,0,37098,126,30,65,0,0,0,0,0,0,0,0,-32305,0,0,0,0,0,725133,0
725137,-1964,7882,-342,57,11,16,53196,1,0,2,0,37098,126,30,65,0,0,0,0,0,0,0,0,-32306,0,0,0,0,0,725138,0
725142,-1964,7884,-338,57,9,17,53193,-4,2,2,0,37101,131,30,65,0,0,0,0,0,0,0,0,-32306,0,0,0,0,0,725143,0
725147,-1944,7896,-322,57,-1,15,53196,0,-2,2,0,37101,131,30,65,0,0,0,0,0,0,0,0,-32305,0,0,0,0,0,725148,0
725152,-1968,7894,-322,61,3,22,53194,1,3,1,0,37100,118,30,65,0,0,0,0,0,0,0,0,-32306,0,0,0,0,0,725153,0
725157,-1968,7874,-358,66,-6,17,53196,1,4,3,0,37100,118,30,65,0,0,0,0,0,0,0,0,-32305,0,0,0,0,0,725158,0
725162,-1934,7888,-324,60,-1,19,53195,4,-1,3,0,37097,121,30,65,0,0,0,0,0,0,0,0,-32306,0,0,0,0,0,725163,0
725167,-1960,7908,-340,57,-4,22,53196,0,1,2,0,37097,121,30,65,0,0,0,0,0,0,0,0,-32305,0,0,0,0,0,725168,0
725172,-1946,7892,-340,58,1,18,53196,5,0,1,0,37095,130,30,65,0,0,0,0,0,0,0,0,-32306,0,0,0,0,0,725173,0
725177,-1950,7894,-340,57,-3,18,53196,-1,-2,2,0,37095,130,30,65,0,0,0,0,0,0,0,0,-32306,0,0,0,0,0,725178,0
725182,-1944,7870,-328,60,-5,16,53196,8,-1,2,0,37099,138,30,65,0,0,0,0,0,0,0,0,-32306,0,0,0,0,0,725183,0
725187,-1952,7910,-334,57,0,18,53196,7,-2,2,0,37099,138,30,65,0,0,0,0,0,0,0,0,-32306,0,0,0,0,0,725188,0
725192,-1964,7892,-356,62,1,18,53195,1,1,2,0,37104,142,30,65,0,0,0,0,0,0,0,0,-32305,0,0,0,0,0,725193,0
725197,-1960,7918,-340,60,-5,15,53196,-3,-6,4,0,37104,142,30,65,0,0,0,0,0,0,0,0,-32306,0,0,0,0,0,725198,0
725202,-1954,7914,-338,64,-2,18,53195,-1,0,4,0,37105,124,30,65,0,0,0,0,0,0,0,0,-32305,0,0,0,0,0,725203,0
725207,-1954,7928,-338,66,-8,18,53195,-9,-3,2,0,37105,124,30,65,0,0,0,0,0,0,0,0,-32306,0,0,0,0,0,725208,0
725212,-1950,7920,-336,61,-7,19,53196,3,-5,2,0,37102,128,30,65,0,0,0,0,0,0,0,0,-32306,0,0,0,0,0,725213,0
725217,-1978,7876,-338,66,-8,14,53196,-5,-3,2,0,37102,128,30,65,0,0,0,0,0,0,0,0,-32306,0,0,0,0,0,725218,0
725222,-1954,7902,-326,68,-9,17,53195,2,1,2,0,37100,130,30,65,0,0,0,0,0,0,0,0,-32306,0,0,0,0,0,725223,0
725227,-1978,7906,-352,66,-10,15,53195,-5,-3,1,0,37100,130,30,65,0,0,0,0,0,0,0,0,-32306,0,0,0,0,0,725228,0
725232,-1954,7930,-346,68,-14,10,53196,5,0,3,0,37101,139,30,65,0,0,0,0,0,0,0,0,-32306,0,0,0,0,0,725233,0
725237,-1952,7926,-322,70,-13,10,53196,6,-1,2,0,37101,139,30,65,0,0,0,0,0,0,0,0,-32306,0,0,0,0,0,725238,0
725242,-1946,7920,-318,69,-17,10,53196,5,3,2,0,37101,126,30,65,0,0,0,0,0,0,0,0,-32305,0,0,0,0,0,725243,0
725247,-1956,7902,-316,66,-19,16,53195,1,0,2,0,37101,126,30,65,0,0,0,0,0,0,0,0,-32306,0,0,0,0,0,725248,0
725252,-1938,7888,-324,70,-17,11,53195,-1,-2,3,0,37101,123,30,65,0,0,0,0,0,0,0,0,-32305,0,0,0,0,0,725253,0
725257,-1920,7924,-332,69,-21,17,53195,0,-2,4,0,37101,123,30,65,0,0,0,0,0,0,0,0,-32306,0,0,0,0,0,725258,0
725262,-1956,7882,-324,68,-20,16,53195,-4,-1,3,0,37100,120,30,65,0,0,0,0,0,0,0,0,-32305,0,0,0,0,0,725263,0
725267,-1906,7870,-314,69,-16,14,53195,0,0,2,0,37100,120,30,65,0,0,0,0,0,0,0,0,-32306,0,0,0,0,0,725268,0
725272,-1924,7896,-310,63,-11,16,53195,3,-2,2,0,37101,126,30,65,0,0,0,0,0,0,0,0,-32305,0,0,0,0,0,725273,0
725277,-1934,7910,-308,66,-6,27,53195,5,2,1,0,37101,126,30,65,0,0,0,0,0,0,0,0,-32305,0,0,0,0,0,725278,0
725282,-1922,7942,-334,68,-7,22,53195,3,-1,4,0,37099,128,30,65,0,0,0,0,0,0,0,0,-32305,0,0,0,0,0,725283,0
725287,-1918,7914,-340,71,-3,23,53195,-4,1,3,0,37099,128,30,65,0,0,0,0,0,0,0,0,-32306,0,0,0,0,0,725288,0
725292,-1934,7938,-332,60,-8,24,53194,-4,-3,3,0,37103,122,30,65,0,0,0,0,0,0,0,0,-32306,0,0,0,0,0,725293,0
725297,-1946,7892,-334,67,-3,18,53195,7,0,2,0,37103,122,30,65,0,0,0,0,0,0,0,0,-32305,0,0,0,0,0,725298,0
725302,-1918,7940,-328,65,-4,21,53196,6,2,2,0,37104,125,30,65,0,0,0,0,0,0,0,0,-32306,0,0,0,0,0,725303,0
725307,-1910,7908,-328,62,-3,19,53196,10,4,2,0,37104,125,30,65,0,0,0,0,0,0,0,0,-32306,0,0,0,0,0,725308,0
725312,-1936,7940,-332,64,-6,16,53195,0,-2,1,0,37101,123,30,65,0,0,0,0,0,0,0,0,-32305,0,0,0,0,0,725313,0
725317,-1938,7922,-326,66,3,14,53195,0,-3,2,0,37101,123,30,65,0,0,0,0,0,0,0,0,-32306,0,0,0,0,0,725318,0
725322,-1950,7928,-344,59,-2,14,53195,-5,-4,2,0,37097,129,30,65,0,0,0,0,0,0,0,0,-32305,0,0,0,0,0,725323,0
725327,-1934,7912,-314,67,-4,13,53195,7,3,3,0,37097,129,30,65,0,0,0,0,0,0,0,0,-32305,0,0,0,0,0,725328,0
725332,-1950,7912,-322,60,-5,18,53195,1,-2,2,0,37097,130,30,65,0,0,0,0,0,0,0,0,-32305,0,0,0,0,0,725333,0
725337,-1924,7934,-306,63,-1,20,53195,2,0,2,0,37097,130,30,65,0,0,0,0,0,0,0,0,-32305,0,0,0,0,0,725338,0
725342,-1934,7920,-336,68,-4,17,53197,0,5,1,0,37098,131,30,65,0,0,0,0,0,0,0,0,-32305,0,0,0,0,0,725343,0
725347,-1932,7938,-318,64,-10,20,53196,5,1,1,0,37098,131,30,65,0,0,0,0,0,0,0,0,-32306,0,0,0,0,0,725348,0
725352,-1942,7948,-314,71,-4,22,53196,4,-3,1,0,37098,128,30,65,0,0,0,0,0,0,0,0,-32306,0,0,0,0,0,725353,0
725357,-1924,7948,-314,63,-2,22,53195,-6,0,3,0,37098,128,30,65,0,0,0,0,0,0,0,0,-32306,0,0,0,0,0,725358,0
725362,-1956,7948,-312,72,-7,19,53194,0,-2,2,0,37096,131,30,65,0,0,0,0,0,0,0,0,-32305,0,0,0,0,0,725363,0
725367,-1928,7946,-324,64,-11,25,53195,0,0,2,0,37096,131,30,65,0,0,0,0,0,0,0,0,-32305,0,0,0,0,0,725368,0
725372,-1936,7910,-334,60,-4,20,53194,-5,-2,2,0,37095,131,30,65,0,0,0,0,0,0,0,0,-32306,0,0,0,0,0,725373,0
725377,-1926,7920,-300,61,-10,21,53195,1,0,5,0,37095,131,30,65,0,0,0,0,0,0,0,0,-32306,0,0,0,0,0,725378,0
725382,-1954,7896,-294,65,-7,26,53196,6,0,5,0,37101,130,30,65,0,0,0,0,0,0,0,0,-32306,0,0,0,0,0,725383,0
725387,-1930,7930,-320,69,-2,25,53195,-3,-1,2,0,37101,130,30,65,0,0,0,0,0,0,0,0,-32305,0,0,0,0,0,725388,0
725392,-1926,7926,-334,59,-1,28,53195,-4,-3,0,0,37103,127,30,65,0,0,0,0,0,0,0,0,-32306,0,0,0,0,0,725393,0
725397,-1920,7902,-318,54,-1,20,53194,-1,-2,2,0,37103,127,30,65,0,0,0,0,0,0,0,0,-32306,0,0,0,0,0,725398,0
725402,-1932,7916,-316,60,-3,26,53195,2,-4,4,0,37103,128,30,65,0,0,0,0,0,0,0,0,-32305,0,0,0,0,0,725403,0
725407,-1918,7900,-326,57,-3,24,53195,-3,-2,2,0,37103,128,30,65,0,0,0,0,0,0,0,0,-32306,0,0,0,0,0,725408,0
725412,-1886,7896,-316,58,2,22,53195,4,1,2,0,37098,129,30,65,0,0,0,0,0,0,0,0,-32305,0,0,0,0,0,725413,0
725417,-1898,7866,-346,58,-3,18,53195,-2,3,4,0,37098,129,30,65,0,0,0,0,0,0,0,0,-32306,0,0,0,0,0,725418,0
725422,-1920,7876,-324,59,3,23,53194,1,-1,3,0,37096,125,30,65,0,0,0,0,0,0,0,0,-32306,0,0,0,0,0,725423,0
725427,-1942,7884,-336,64,-4,18,53195,-2,1,3,0,37096,125,30,65,0,0,0,0,0,0,0,0,-32306,0,0,0,0,0,725428,0
725432,-1948,7874,-334,66,3,23,53196,1,3,3,0,37098,123,30,65,0,0,0,0,0,0,0,0,-32305,0,0,0,0,0,725433,0
725437,-1902,7846,-362,60,1,26,53195,0,3,5,0,37098,123,30,65,0,0,0,0,0,0,0,0,-32306,0,0,0,0,0,725438,0
725442,-1926,7890,-330,66,-4,26,53195,0,0,1,0,37104,129,30,65,0,0,0,0,0,0,0,0,-32307,0,0,0,0,0,725443,0
725447,-1932,7890,-338,57,-4,29,53195,0,2,2,0,37104,129,30,65,0,0,0,0,0,0,0,0,-32305,0,0,0,0,0,725448,0
725452,-1918,7900,-338,62,-2,29,53196,4,5,3,0,37107,129,30,65,0,0,0,0,0,0,0,0,-32306,0,0,0,0,0,725453,0
725457,-1954,7894,-312,63,-1,28,53196,-1,4,2,0,37107,129,30,65,0,0,0,0,0,0,0,0,-32306,0,0,0,0,0,725458,0
725462,-1946,7892,-310,64,0,34,53196,1,4,3,0,37105,115,30,65,0,0,0,0,0,0,0,0,-32306,0,0,0,0,0,725463,0
725467,-1948,7888,-306,72,-4,30,53194,-2,-5,3,0,37105,115,30,65,0,0,0,0,0,0,0,0,-32306,0,0,0,0,0,725468,0
725472,-1976,7890,-318,64,-7,32,53194,0,-1,2,0,37102,119,30,65,0,0,0,0,0,0,0,0,-32306,0,0,0,0,0,725473,0
725477,-1956,7904,-328,59,-9,27,53195,-3,2,1,0,37102,119,30,65,0,0,0,0,0,0,0,0,-32306,0,0,0,0,0,725478,0
725482,-1956,7876,-304,67,-14,30,53195,0,-1,5,0,37109,124,30,65,0,0,0,0,0,0,0,0,-32306,0,0,0,0,0,725483,0
725487,-1954,7894,-324,69,-17,28,53195,-5,-3,2,0,37109,124,30,65,0,0,0,0,0,0,0,0,-32305,0,0,0,0,0,725488,0
725492,-1978,7896,-314,66,-15,30,53195,2,-1,2,0,37110,132,30,65,0,0,0,0,0,0,0,0,-32305,0,0,0,0,0,725493,0
725497,-1942,7914,-322,70,-12,28,53195,0,-4,1,0,37110,132,30,65,0,0,0,0,0,0,0,0,-32305,0,0,0,0,0,725498,0
725502,-1948,7886,-332,64,-18,34,53195,-1,1,2,0,37108,133,30,65,0,0,0,0,0,0,0,0,-32306,0,0,0,0,0,725503,0
725507,-1944,7872,-318,68,-13,25,53194,-3,-1,1,0,37108,133,30,65,0,0,0,0,0,0,0,0,-32306,0,0,0,0,0,725508,0
725512,-1960,7896,-352,64,-15,26,53195,-5,-1,2,0,37103,129,30,65,0,0,0,0,0,0,0,0,-32306,0,0,0,0,0,725513,0
725517,-1960,7890,-330,71,-8,26,53196,0,-1,3,0,37103,129,30,65,0,0,0,0,0,0,0,0,-32305,0,0,0,0,0,725518,0
725522,-1958,7910,-334,71,-12,26,53196,3,1,2,0,37103,131,30,65,0,0,0,0,0,0,0,0,-32306,0,0,0,0,0,725523,0
725527,-1944,7908,-320,73,-5,26,53195,0,-1,3,0,37103,131,30,65,0,0,0,0,0,0,0,0,-32306,0,0,0,0,0,725528,0
725532,-1954,7912,-312,72,-9,25,53196,0,2,2,0,37104,133,30,65,0,0,0,0,0,0,0,0,-32306,0,0,0,0,0,725533,0
725537,-1990,7904,-344,74,-6,18,53195,0,2,2,0,37104,133,30,65,0,0,0,0,0,0,0,0,-32306,0,0,0,0,0,725538,0
725542,-1980,7872,-320,73,-9,21,53195,0,2,2,0,37102,135,30,65,0,0,0,0,0,0,0,0,-32306,0,0,0,0,0,725543,0
725547,-1972,7888,-326,79,-10,23,53194,-4,-2,2,0,37102,135,30,65,0,0,0,0,0,0,0,0,-32305,0,0,0,0,0,725548,0
725552,-1976,7908,-324,73,-11,25,53197,9,3,4,0,37100,137,30,65,0,0,0,0,0,0,0,0,-32306,0,0,0,0,0,725553,0
725557,-1976,7894,-340,76,-12,23,53195,1,-2,3,0,37100,137,30,65,0,0,0,0,0,0,0,0,-32306,0,0,0,0,0,725558,0
725562,-1976,7894,-328,75,-12,17,53196,-1,0,3,0,37100,129,30,65,0,0,0,0,0,0,0,0,-32306,0,0,0,0,0,725563,0
725567,-1980,7904,-318,69,-14,23,53194,0,-3,2,0,37100,129,30,65,0,0,0,0,0,0,0,0,-32306,0,0,0,0,0,725568,0
725572,-1978,7902,-308,75,-16,21,53195,-2,-2,2,0,37101,124,30,65,0,0,0,0,0,0,0,0,-32306,0,0,0,0,0,725574,0
725577,-1986,7896,-298,68,-15,24,53195,1,-2,1,0,37101,124,30,65,0,0,0,0,0,0,0,0,-32305,0,0,0,0,0,725579,0
725582,-1992,7920,-328,75,-24,25,53195,0,-1,3,0,37100,121,30,65,0,0,0,0,0,0,0,0,-32305,0,0,0,0,0,725584,0
725587,-1986,7910,-288,76,-19,22,53195,0,-2,5,0,37100,121,30,65,0,0,0,0,0,0,0,0,-32305,0,0,0,0,0,725589,0
725592,-1972,7912,-294,82,-29,21,53196,4,3,2,0,37104,128,30,65,0,0,0,0,0,0,0,0,-32306,0,0,0,0,0,725594,0
725597,-1960,7946,-302,77,-30,20,53195,1,-1,5,0,37104,128,30,65,0,0,0,0,0,0,0,0,-32306,0,0,0,0,0,725599,0
725602,-1996,7920,-296,82,-30,25,53195,0,-4,4,0,37104,127,30,65,0,0,0,0,0,0,0,0,-32306,0,0,0,0,0,725604,0
725607,-1992,7916,-314,85,-29,22,53195,-1,0,3,0,37104,127,30,65,0,0,0,0,0,0,0,0,-32305,0,0,0,0,0,725609,0
725612,-1974,7916,-312,84,-35,21,53195,0,-1,3,0,37104,125,30,65,0,0,0,0,0,0,0,0,-32306,0,0,0,0,0,725614,0
725617,-2000,7930,-320,85,-43,18,53194,-2,-5,3,0,37104,125,30,65,0,0,0,0,0,0,0,0,-32306,0,0,0,0,0,725619,0
725622,-1976,7946,-290,85,-43,17,53195,-2,2,2,0,37100,132,30,65,0,0,0,0,0,0,0,0,-32306,0,0,0,0,0,725624,0
725627,-1978,7910,-290,77,-40,19,53195,0,2,2,0,37100,132,30,65,0,0,0,0,0,0,0,0,-32306,0,0,0,0,0,725629,0
725632,-1980,7884,-290,83,-34,19,53196,0,0,4,0,37098,130,30,65,0,0,0,0,0,0,0,0,-32306,0,0,0,0,0,725634,0
725637,-1932,7912,-306,80,-40,10,53195,-3,-2,4,0,37098,130,30,65,0,0,0,0,0,0,0,0,-32306,0,0,0,0,0,725639,0
725642,-1946,7914,-312,81,-36,13,53196,0,0,2,0,37098,126,30,65,0,0,0,0,0,0,0,0,-32306,0,0,0,0,0,725644,0
725647,-1950,7924,-296,77,-41,16,53196,4,-1,2,0,37098,126,30,65,0,0,0,0,0,0,0,0,-32306,0,0,0,0,0,725649,0
725652,-1952,7946,-316,71,-31,10,53195,0,0,3,0,37097,120,30,65,0,0,0,0,0,0,0,0,-32305,0,0,0,0,0,725654,0
725657,-1946,7924,-326,74,-24,10,53196,1,-2,4,0,37097,120,30,65,0,0,0,0,0,0,0,0,-32305,0,0,0,0,0,725659,0
725662,-1920,7924,-292,63,-29,15,53195,-2,-3,4,0,37097,120,30,65,0,0,0,0,0,0,0,0,-32306,0,0,0,0,0,725664,0
725667,-1970,7930,-304,65,-23,13,53196,3,1,2,0,37097,120,30,65,0,0,0,0,0,0,0,0,-32305,0,0,0,0,0,725669,0
725672,-1956,7944,-298,55,-15,12,53194,-3,1,2,0,37096,125,30,65,0,0,0,0,0,0,0,0,-32305,0,0,0,0,0,725674,0
725677,-1964,7922,-312,58,-11,7,53195,-1,-2,2,0,37096,125,30,65,0,0,0,0,0,0,0,0,-32306,0,0,0,0,0,725679,0
725682,-1954,7942,-300,53,-10,10,53196,2,0,2,0,37094,121,30,65,0,0,0,0,0,0,0,0,-32306,0,0,0,0,0,725684,0
725687,-1948,7916,-312,61,-9,8,53195,0,2,3,0,37094,121,30,65,0,0,0,0,0,0,0,0,-32305,0,0,0,0,0,725689,0
725692,-1938,7912,-328,45,-4,9,53195,0,0,3,0,37098,135,30,65,0,0,0,0,0,0,0,0,-32306,0,0,0,0,0,725694,0
725697,-1964,7916,-324,51,-1,5,53196,0,-2,1,0,37098,135,30,65,0,0,0,0,0,0,0,0,-32305,0,0,0,0,0,725700,0
725702,-1966,7914,-322,45,2,4,53195,-1,0,2,0,37101,144,30,65,0,0,0,0,0,0,0,0,-32306,0,0,0,0,0,725705,0
725707,-1958,7904,-328,47,0,4,53196,0,0,3,0,37101,144,30,65,0,0,0,0,0,0,0,0,-32305,0,0,0,0,0,725710,0
725712,-1972,7878,-302,48,-3,2,53195,-2,0,2,0,37104,142,30,65,0,0,0,0,0,0,0,0,-32306,0,0,0,0,0,725715,0
725717,-1938,7884,-304,40,-3,1,53195,-2,3,3,0,37104,142,30,65,0,0,0,0,0,0,0,0,-32306,0,0,0,0,0,725720,0
725722,-1960,7884,-304,49,-10,0,53195,-2,1,1,0,37102,129,30,65,0,0,0,0,0,0,0,0,-32305,0,0,0,0,0,725725,0
725727,-1948,7878,-328,52,-15,2,53196,5,0,2,0,37102,129,30,65,0,0,0,0,0,0,0,0,-32305,0,0,0,0,0,725730,0
725732,-1954,7876,-330,59,-20,5,53195,0,2,3,0,37101,117,30,65,0,0,0,0,0,0,0,0,-32306,0,0,0,0,0,725735,0
725737,-1980,7860,-340,62,-23,3,53195,-4,1,3,0,37101,117,30,65,0,0,0,0,0,0,0,0,-32306,0,0,0,0,0,725740,0
725742,-1936,7892,-324,70,-27,2,53196,6,2,1,0,37100,114,30,65,0,0,0,0,0,0,0,0,-32306,0,0,0,0,0,725745,0
725747,-2014,7910,-318,68,-30,4,53195,0,3,1,0,37100,114,30,65,0,0,0,0,0,0,0,0,-32305,0,0,0,0,0,725750,0
725752,-2008,7934,-348,70,-39,5,53196,-2,3,3,0,37098,125,30,65,0,0,0,0,0,0,0,0,-32306,0,0,0,0,0,725755,0
725757,-2002,7892,-346,75,-46,12,53196,2,-2,2,0,37098,125,30,65,0,0,0,0,0,0,0,0,-32306,0,0,0,0,0,725760,0
725762,-1976,7886,-346,78,-47,7,53196,-1,1,1,0,37095,135,30,65,0,0,0,0,0,0,0,0,-32306,0,0,0,0,0,725765,0
725767,-1974,7890,-330,81,-51,10,53195,3,-1,2,0,37095,135,30,65,0,0,0,0,0,0,0,0,-32306,0,0,0,0,0,725770,0
725772,-1898,7902,-336,77,-52,4,53195,-2,-2,2,0,37095,138,30,65,0,0,0,0,0,0,0,0,-32306,0,0,0,0,0,725775,0
725777,-1938,7896,-342,79,-54,8,53195,0,2,3,0,37095,138,30,65,0,0,0,0,0,0,0,0,-32306,0,0,0,0,0,725780,0
725782,-1912,7948,-366,74,-52,4,53195,4,1,3,0,37099,138,30,65,0,0,0,0,0,0,0,0,-32306,0,0,0,0,0,725785,0
725787,-1910,7886,-360,75,-52,4,53194,-5,4,3,0,37099,138,30,65,0,0,0,0,0,0,0,0,-32305,0,0,0,0,0,725790,0
725792,-1918,7948,-356,77,-40,4,53195,-1,-4,1,0,37103,136,30,65,0,0,0,0,0,0,0,0,-32306,0,0,0,0,0,725795,0
725797,-1922,7944,-364,65,-36,6,53194,-1,1,0,0,37103,136,30,65,0,0,0,0,0,0,0,0,-32306,0,0,0,0,0,725800,0
725802,-1896,7918,-376,76,-37,3,53194,2,2,3,0,37103,135,30,65,0,0,0,0,0,0,0,0,-32306,0,0,0,0,0,725805,0
725807,-1900,7908,-360,70,-25,0,53196,2,-1,3,0,37103,135,30,65,0,0,0,0,0,0,0,0,-32306,0,0,0,0,0,725810,0
725812,-1894,7928,-338,60,-12,1,53195,-1,4,1,0,37101,131,30,65,0,0,0,0,0,0,0,0,-32306,0,0,0,0,0,725815,0
725817,-1886,7944,-366,59,-8,5,53196,0,6,2,0,37101,131,30,65,0,0,0,0,0,0,0,0,-32306,0,0,0,0,0,725820,0
725822,-1900,7928,-350,53,3,5,53195,-3,-4,1,0,37099,129,30,65,0,0,0,0,0,0,0,0,-32306,0,0,0,0,0,725825,0
725827,-1952,7954,-364,59,8,5,53195,-5,1,1,0,37099,129,30,65,0,0,0,0,0,0,0,0,-32305,0,0,0,0,0,725830,0
725832,-1926,7924,-366,49,11,7,53194,-2,2,3,0,37095,131,30,65,0,0,0,0,0,0,0,0,-32306,0,0,0,0,0,725835,0
725837,-1950,7930,-352,56,17,4,53196,-1,-4,3,0,37095,131,30,65,0,0,0,0,0,0,0,0,-32306,0,0,0,0,0,725840,0
725842,-1920,7942,-346,49,15,10,53195,-4,0,3,0,37095,133,30,65,0,0,0,0,0,0,0,0,-32306,0,0,0,0,0,725845,0
725847,-1918,7946,-332,49,13,10,53195,-2,1,3,0,37095,133,30,65,0,0,0,0,0,0,0,0,-32305,0,0,0,0,0,725850,0
725852,-1912,7920,-336,45,13,7,53195,0,-1,4,0,37095,137,30,65,0,0,0,0,0,0,0,0,-32306,0,0,0,0,0,725855,0
725857,-1928,7928,-346,51,13,10,53196,0,4,3,0,37095,137,30,65,0,0,0,0,0,0,0,0,-32306,0,0,0,0,0,725860,0
725862,-1934,7926,-346,54,14,9,53196,6,-1,3,0,37095,136,30,65,0,0,0,0,0,0,0,0,-32306,0,0,0,0,0,725865,0
725867,-1916,7910,-332,52,9,8,53196,3,2,3,0,37095,136,30,65,0,0,0,0,0,0,0,0,-32306,0,0,0,0,0,725870,0
725872,-1922,7902,-316,56,7,11,53195,0,-6,3,0,37097,130,30,65,0,0,0,0,0,0,0,0,-32306,0,0,0,0,0,725875,0
725877,-1938,7912,-342,55,3,12,53196,5,-5,2,0,37097,130,30,65,0,0,0,0,0,0,0,0,-32305,0,0,0,0,0,725880,0
725882,-1920,7888,-320,62,0,14,53196,5,2,2,0,37096,124,30,65,0,0,0,0,0,0,0,0,-32306,0,0,0,0,0,725885,0
725887,-1916,7894,-322,59,1,16,53194,-4,1,1,0,37096,124,30,65,0,0,0,0,0,0,0,0,-32306,0,0,0,0,0,725890,0
725892,-1928,7866,-328,64,-7,23,53196,3,-4,1,0,37096,124,30,65,0,0,0,0,0,0,0,0,-32306,0,0,0,0,0,725895,0
725897,-1934,7888,-314,63,-7,17,53195,-1,-4,4,0,37096,124,30,65,0,0,0,0,0,0,0,0,-32306,0,0,0,0,0,725900,0
725902,-1938,7872,-330,68,-7,19,53195,-5,-2,3,0,37101,124,30,65,0,0,0,0,0,0,0,0,-32306,0,0,0,0,0,725905,0
725907,-1912,7882,-352,56,-15,25,53195,3,-4,1,0,37101,124,30,65,0,0,0,0,0,0,0,0,-32306,0,0,0,0,0,725910,0
725912,-1924,7906,-338,67,-12,28,53196,1,-1,3,0,37101,124,30,65,0,0,0,0,0,0,0,0,-32306,0,0,0,0,0,725915,0
725917,-1922,7912,-342,69,-13,28,53195,0,-1,2,0,37101,124,30,65,0,0,0,0,0,0,0,0,-32305,0,0,0,0,0,725920,0
725922,-1924,7908,-324,68,-14,33,53195,1,0,2,0,37101,134,30,65,0,0,0,0,0,0,0,0,-32305,0,0,0,0,0,725925,0
725927,-1952,7918,-354,66,-6,34,53195,-5,-2,2,0,37101,134,30,65,0,0,0,0,0,0,0,0,-32306,0,0,0,0,0,725930,0
725932,-1928,7918,-326,59,-10,36,53194,0,-2,3,0,37096,137,30,65,0,0,0,0,0,0,0,0,-32306,0,0,0,0,0,725935,0
725937,-1936,7928,-344,66,-15,35,53195,1,1,4,0,37096,137,30,65,0,0,0,0,0,0,0,0,-32306,0,0,0,0,0,725940,0
725942,-1928,7930,-336,61,-8,36,53195,-3,4,1,0,37095,133,30,65,0,0,0,0,0,0,0,0,-32306,0,0,0,0,0,725945,0
725947,-1910,7930,-338,59,-5,36,53195,-4,-1,2,0,37095,133,30,65,0,0,0,0,0,0,0,0,-32305,0,0,0,0,0,725950,0
725952,-1930,7918,-350,62,-1,35,53195,4,4,2,0,37094,121,30,65,0,0,0,0,0,0,0,0,-32306,0,0,0,0,0,725955,0
725957,-1944,7936,-336,53,4,32,53196,9,-1,2,0,37094,121,30,65,0,0,0,0,0,0,0,0,-32306,0,0,0,0,0,725960,0
725962,-1926,7894,-358,55,2,33,53195,-7,-1,3,0,37095,124,30,65,0,0,0,0,0,0,0,0,-32306,0,0,0,0,0,725965,0
725967,-1902,7910,-352,55,-2,30,53194,-1,2,2,0,37095,124,30,65,0,0,0,0,0,0,0,0,-32305,0,0,0,0,0,725970,0
725972,-1950,7926,-344,55,5,32,53195,0,-2,2,0,37096,135,30,65,0,0,0,0,0,0,0,0,-32306,0,0,0,0,0,725975,0
725977,-1970,7920,-372,51,9,28,53194,-8,-4,1,0,37096,135,30,65,0,0,0,0,0,0,0,0,-32305,0,0,0,0,0,725980,0
725982,-1974,7940,-342,54,6,34,53196,1,0,3,0,37098,129,30,65,0,0,0,0,0,0,0,0,-32305,0,0,0,0,0,725985,0
725987,-1930,7944,-354,52,7,32,53196,-2,3,3,0,37098,129,30,65,0,0,0,0,0,0,0,0,-32306,0,0,0,0,0,725990,0
725992,-1948,7930,-338,54,13,34,53196,3,0,1,0,37099,123,30,65,0,0,0,0,0,0,0,0,-32306,0,0,0,0,0,725995,0
725997,-1950,7938,-328,56,13,35,53195,0,-2,2,0,37099,123,30,65,0,0,0,0,0,0,0,0,-32306,0,0,0,0,0,726000,0
726002,-1914,7940,-342,52,15,34,53195,4,2,1,0,37097,113,30,65,0,0,0,0,0,0,0,0,-32305,0,0,0,0,0,726005,0
726007,-1882,7930,-344,49,18,36,53195,7,0,0,0,37097,113,30,65,0,0,0,0,0,0,0,0,-32305,0,0,0,0,0,726010,0
726012,-1936,7914,-352,53,15,37,53197,1,2,2,0,37097,116,30,65,0,0,0,0,0,0,0,0,-32306,0,0,0,0,0,726015,0
726017,-1954,7914,-342,54,15,37,53195,2,-1,4,0,37097,116,30,65,0,0,0,0,0,0,0,0,-32306,0,0,0,0,0,726020,0
726022,-1944,7938,-352,52,15,39,53195,-1,-3,2,0,37094,126,30,65,0,0,0,0,0,0,0,0,-32306,0,0,0,0,0,726025,0
726027,-1956,7942,-340,55,19,39,53195,-5,-2,1,0,37094,126,30,65,0,0,0,0,0,0,0,0,-32305,0,0,0,0,0,726030,0
726032,-1930,7946,-346,55,23,43,53195,1,-1,1,0,37094,128,30,65,0,0,0,0,0,0,0,0,-32306,0,0,0,0,0,726035,0
726037,-1960,7918,-332,57,20,37,53196,0,2,3,0,37094,128,30,65,0,0,0,0,0,0,0,0,-32306,0,0,0,0,0,726040,0
726042,-1954,7914,-340,58,17,42,53194,-10,-5,1,0,37095,137,30,65,0,0,0,0,0,0,0,0,-32306,0,0,0,0,0,726045,0
726047,-1970,7924,-352,58,15,38,53195,-3,-2,2,0,37095,137,30,65,0,0,0,0,0,0,0,0,-32305,0,0,0,0,0,726050,0
726052,-1974,7900,-348,58,18,38,53194,-10,-3,4,0,37095,137,30,65,0,0,0,0,0,0,0,0,-32306,0,0,0,0,0,726055,0
726057,-1936,7898,-356,54,15,35,53196,1,4,3,0,37095,137,30,65,0,0,0,0,0,0,0,0,-32305,0,0,0,0,0,726060,0
726062,-1948,7878,-354,65,15,34,53194,-4,1,2,0,37095,136,30,65,0,0,0,0,0,0,0,0,-32305,0,0,0,0,0,726065,0
726067,-1966,7904,-350,62,12,34,53195,0,6,2,0,37095,136,30,65,0,0,0,0,0,0,0,0,-32305,0,0,0,0,0,726070,0
726072,-1942,7914,-346,62,17,31,53195,-3,0,3,0,37095,132,30,65,0,0,0,0,0,0,0,0,-32305,0,0,0,0,0,726075,0
726077,-1960,7932,-352,64,10,34,53196,4,4,0,0,37095,132,30,65,0,0,0,0,0,0,0,0,-32305,0,0,0,0,0,726080,0
726082,-1974,7934,-334,74,13,31,53196,1,1,2,0,37095,126,30,65,0,0,0,0,0,0,0,0,-32306,0,0,0,0,0,726085,0
726087,-1978,7912,-334,73,6,34,53194,0,-3,3,0,37095,126,30,65,0,0,0,0,0,0,0,0,-32306,0,0,0,0,0,726090,0
726092,-2004,7882,-324,76,-11,34,53193,-8,0,2,0,37096,123,30,65,0,0,0,0,0,0,0,0,-32305,0,0,0,0,0,726095,0
726097,-1980,7898,-316,77,-15,38,53195,-2,-2,2,0,37096,123,30,65,0,0,0,0,0,0,0,0,-32306,0,0,0,0,0,726100,0
726102,-1976,7876,-334,81,-26,32,53195,1,2,3,0,37094,118,30,65,0,0,0,0,0,0,0,0,-32305,0,0,0,0,0,726105,0
726107,-1982,7860,-336,77,-19,35,53195,0,6,2,0,37094,118,30,65,0,0,0,0,0,0,0,0,-32305,0,0,0,0,0,726110,0
726112,-1954,7878,-330,85,-19,46,53196,-1,-2,1,0,37099,117,30,65,0,0,0,0,0,0,0,0,-32305,0,0,0,0,0,726115,0
726117,-1954,7878,-338,80,-16,45,53196,1,2,2,0,37099,117,30,65,0,0,0,0,0,0,0,0,-32305,0,0,0,0,0,726120,0
726122,-1968,7906,-332,86,-14,50,53195,3,0,2,0,37098,117,30,65,0,0,0,0,0,0,0,0,-32306,0,0,0,0,0,726125,0
726127,-1976,7912,-312,80,-18,49,53194,-6,-2,2,0,37098,117,30,65,0,0,0,0,0,0,0,0,-32305,0,0,0,0,0,726130,0
726132,-1962,7922,-344,86,-7,51,53196,3,0,2,0,37101,112,30,65,0,0,0,0,0,0,0,0,-32305,0,0,0,0,0,726135,0
726137,-1970,7910,-326,87,-14,45,53194,-1,5,2,0,37101,112,30,65,0,0,0,0,0,0,0,0,-32306,0,0,0,0,0,726140,0
726142,-1932,7922,-326,82,-17,50,53195,-1,4,1,0,37097,122,30,65,0,0,0,0,0,0,0,0,-32305,0,0,0,0,0,726145,0
726147,-1958,7912,-338,81,-7,43,53195,-3,-2,2,0,37097,122,30,65,0,0,0,0,0,0,0,0,-32306,0,0,0,0,0,726150,0
726152,-1954,7938,-338,77,-5,50,53195,-3,2,2,0,37098,125,30,65,0,0,0,0,0,0,0,0,-32305,0,0,0,0,0,726155,0
726157,-1962,7938,-340,83,-2,45,53196,2,2,2,0,37098,125,30,65,0,0,0,0,0,0,0,0,-32306,0,0,0,0,0,726160,0
726162,-2000,7924,-334,81,0,44,53195,-1,0,2,0,37097,125,30,65,0,0,0,0,0,0,0,0,-32305,0,0,0,0,0,726165,0
726167,-1978,7948,-336,83,-4,40,53195,-8,-2,2,0,37097,125,30,65,0,0,0,0,0,0,0,0,-32306,0,0,0,0,0,726170,0
726172,-1966,7892,-326,80,-7,39,53195,-6,3,2,0,37097,130,30,65,0,0,0,0,0,0,0,0,-32306,0,0,0,0,0,726175,0
726177,-1966,7926,-312,80,-9,30,53196,4,2,3,0,37097,130,30,65,0,0,0,0,0,0,0,0,-32306,0,0,0,0,0,726180,0
726182,-1958,7926,-330,78,-9,36,53195,1,3,3,0,37095,134,30,65,0,0,0,0,0,0,0,0,-32306,0,0,0,0,0,726185,0
726187,-1970,7914,-336,81,-6,33,53196,1,0,2,0,37095,134,30,65,0,0,0,0,0,0,0,0,-32306,0,0,0,0,0,726190,0
726192,-1978,7918,-318,74,-4,32,53196,2,1,4,0,37095,137,30,65,0,0,0,0,0,0,0,0,-32306,0,0,0,0,0,726195,0
726197,-1978,7926,-338,77,-5,31,53196,3,1,3,0,37095,137,30,65,0,0,0,0,0,0,0,0,-32305,0,0,0,0,0,726200,0
726202,-1974,7906,-326,73,-7,37,53196,5,-4,2,0,37096,141,30,65,0,0,0,0,0,0,0,0,-32306,0,0,0,0,0,726205,0
726207,-1958,7908,-352,76,-9,31,53195,0,-2,2,0,37096,141,30,65,0,0,0,0,0,0,0,0,-32305,0,0,0,0,0,726210,0
726212,-1946,7880,-320,69,-1,40,53195,3,-3,3,0,37095,136,30,65,0,0,0,0,0,0,0,0,-32306,0,0,0,0,0,726215,0
726217,-1936,7896,-326,69,-2,39,53195,2,-1,1,0,37095,136,30,65,0,0,0,0,0,0,0,0,-32305,0,0,0,0,0,726220,0
726222,-1922,7906,-320,68,0,35,53197,7,0,0,0,37102,131,30,65,0,0,0,0,0,0,0,0,-32306,0,0,0,0,0,726225,0
726227,-1950,7878,-350,68,13,41,53195,0,-2,3,0,37102,131,30,65,0,0,0,0,0,0,0,0,-32306,0,0,0,0,0,726230,0
726232,-1950,7890,-328,71,9,37,53194,-2,2,3,0,37103,125,30,65,0,0,0,0,0,0,0,0,-32305,0,0,0,0,0,726235,0
726237,-1948,7880,-340,70,8,36,53195,-2,-5,3,0,37103,125,30,65,0,0,0,0,0,0,0,0,-32305,0,0,0,0,0,726240,0
726242,-1970,7908,-314,74,7,36,53195,-1,-3,1,0,37104,116,30,65,0,0,0,0,0,0,0,0,-32306,0,0,0,0,0,726245,0
726247,-1976,7912,-322,71,13,39,53195,4,0,2,0,37104,116,30,65,0,0,0,0,0,0,0,0,-32305,0,0,0,0,0,726250,0
726252,-1966,7896,-308,74,10,43,53196,0,3,2,0,37098,113,30,65,0,0,0,0,0,0,0,0,-32306,0,0,0,0,0,726255,0
726257,-1970,7906,-328,73,7,39,53195,1,0,3,0,37098,113,30,65,0,0,0,0,0,0,0,0,-32305,0,0,0,0,0,726260,0
726262,-1954,7920,-318,68,9,40,53195,3,3,3,0,37092,120,30,65,0,0,0,0,0,0,0,0,-32306,0,0,0,0,0,726265,0
726267,-1940,7922,-316,77,7,40,53195,0,1,3,0,37092,120,30,65,0,0,0,0,0,0,0,0,-32305,0,0,0,0,0,726270,0
726272,-1980,7912,-334,70,6,40,53194,-7,-2,2,0,37098,119,30,65,0,0,0,0,0,0,0,0,-32306,0,0,0,0,0,726275,0
726277,-1984,7932,-328,80,-1,44,53196,5,3,1,0,37098,119,30,65,0,0,0,0,0,0,0,0,-32305,0,0,0,0,0,726280,0
726282,-1974,7922,-336,74,-1,42,53195,0,-2,1,0,37099,121,30,65,0,0,0,0,0,0,0,0,-32306,0,0,0,0,0,726285,0
726287,-1994,7910,-300,80,-9,47,53196,8,2,2,0,37099,121,30,65,0,0,0,0,0,0,0,0,-32306,0,0,0,0,0,726290,0
726292,-1992,7922,-316,77,-13,44,53195,0,1,1,0,37105,122,30,65,0,0,0,0,0,0,0,0,-32306,0,0,0,0,0,726295,0
726297,-1998,7904,-324,80,-17,44,53194,0,3,0,0,37105,122,30,65,0,0,0,0,0,0,0,0,-32305,0,0,0,0,0,726300,0
726302,-1968,7910,-330,82,-12,41,53195,-5,-2,2,0,37103,121,30,65,0,0,0,0,0,0,0,0,-32306,0,0,0,0,0,726305,0
726307,-2002,7914,-324,78,-21,36,53195,0,2,2,0,37103,121,30,65,0,0,0,0,0,0,0,0,-32305,0,0,0,0,0,726310,0
726312,-1976,7912,-310,78,-23,39,53195,2,5,3,0,37098,130,30,65,0,0,0,0,0,0,0,0,-32306,0,0,0,0,0,726315,0
726317,-1954,7934,-314,84,-13,41,53196,7,2,2,0,37098,130,30,65,0,0,0,0,0,0,0,0,-32305,0,0,0,0,0,726320,0
726322,-1966,7884,-334,79,-21,45,53194,-3,3,1,0,37097,126,30,65,0,0,0,0,0,0,0,0,-32306,0,0,0,0,0,726325,0
726327,-1966,7914,-326,81,-16,43,53195,-1,0,5,0,37097,126,30,65,0,0,0,0,0,0,0,0,-32305,0,0,0,0,0,726330,0
726332,-1950,7936,-326,79,-15,43,53196,1,0,3,0,37098,127,30,65,0,0,0,0,0,0,0,0,-32305,0,0,0,0,0,726335,0
726337,-1988,7928,-328,74,-6,41,53196,9,5,1,0,37098,127,30,65,0,0,0,0,0,0,0,0,-32306,0,0,0,0,0,726340,0
726342,-1982,7934,-336,81,-4,41,53196,2,1,1,0,37101,131,30,65,0,0,0,0,0,0,0,0,-32305,0,0,0,0,0,726345,0
726347,-1982,7900,-312,80,-7,40,53194,1,1,3,0,37101,131,30,65,0,0,0,0,0,0,0,0,-32305,0,0,0,0,0,726350,0
726352,-1960,7914,-322,82,-10,35,53195,0,2,3,0,37101,133,30,65,0,0,0,0,0,0,0,0,-32306,0,0,0,0,0,726355,0
726357,-1968,7902,-336,83,-17,33,53195,0,3,2,0,37101,133,30,65,0,0,0,0,0,0,0,0,-32305,0,0,0,0,0,726360,0
726362,-1976,7884,-318,77,-14,35,53196,2,-3,2,0,37096,144,30,65,0,0,0,0,0,0,0,0,-32305,0,0,0,0,0,726365,0
726367,-1998,7900,-304,79,-15,33,53196,-1,3,2,0,37096,144,30,65,0,0,0,0,0,0,0,0,-32306,0,0,0,0,0,726370,0
726372,-1932,7906,-330,81,-8,33,53195,3,-3,3,0,37095,144,30,65,0,0,0,0,0,0,0,0,-32306,0,0,0,0,0,726375,0
726377,-1948,7882,-340,78,-10,32,53196,5,-3,1,0,37095,144,30,65,0,0,0,0,0,0,0,0,-32305,0,0,0,0,0,726380,0
726382,-1932,7898,-316,72,-3,34,53196,1,5,3,0,37095,136,30,65,0,0,0,0,0,0,0,0,-32306,0,0,0,0,0,726385,0
726387,-1978,7890,-332,70,-3,38,53194,-7,-2,3,0,37095,136,30,65,0,0,0,0,0,0,0,0,-32305,0,0,0,0,0,726390,0
726392,-1974,7890,-312,72,-2,38,53195,3,0,2,0,37095,131,30,65,0,0,0,0,0,0,0,0,-32305,0,0,0,0,0,726395,0
726397,-1968,7878,-320,74,-5,42,53194,-1,-1,2,0,37095,131,30,65,0,0,0,0,0,0,0,0,-32306,0,0,0,0,0,726400,0
726402,-1976,7882,-326,74,-1,40,53195,-1,-3,2,0,37094,123,30,65,0,0,0,0,0,0,0,0,-32305,0,0,0,0,0,726405,0
726407,-1958,7888,-294,74,-7,44,53195,0,3,3,0,37094,123,30,65,0,0,0,0,0,0,0,0,-32306,0,0,0,0,0,726410,0
726412,-1972,7904,-314,71,-5,45,53195,0,0,2,0,37094,131,30,65,0,0,0,0,0,0,0,0,-32305,0,0,0,0,0,726415,0
726417,-1968,7882,-332,74,-3,42,53196,7,2,3,0,37094,131,30,65,0,0,0,0,0,0,0,0,-32306,0,0,0,0,0,726420,0
726422,-1974,7904,-312,73,0,32,53194,-7,-1,2,0,37095,133,30,65,0,0,0,0,0,0,0,0,-32306,0,0,0,0,0,726425,0
726427,-1982,7904,-322,77,-8,40,53195,5,1,5,0,37095,133,30,65,0,0,0,0,0,0,0,0,-32305,0,0,0,0,0,726430,0
726432,-1988,7890,-322,71,-5,40,53195,4,-4,5,0,37096,128,30,65,0,0,0,0,0,0,0,0,-32306,0,0,0,0,0,726435,0
726437,-1994,7900,-318,72,-2,38,53195,4,0,3,0,37096,128,30,65,0,0,0,0,0,0,0,0,-32306,0,0,0,0,0,726440,0
726442,-1980,7880,-306,71,-4,35,53195,-1,1,3,0,37098,123,30,65,0,0,0,0,0,0,0,0,-32307,0,0,0,0,0,726445,0
726447,-1988,7888,-308,68,-4,37,53196,-6,6,3,0,37098,123,30,65,0,0,0,0,0,0,0,0,-32305,0,0,0,0,0,726450,0
726452,-1986,7896,-316,64,-2,34,53195,-4,0,2,0,37098,125,30,65,0,0,0,0,0,0,0,0,-32306,0,0,0,0,0,726455,0
726457,-1994,7888,-314,67,1,34,53195,0,-3,2,0,37098,125,30,65,0,0,0,0,0,0,0,0,-32305,0,0,0,0,0,726460,0
726462,-2012,7896,-316,57,-2,35,53194,-1,-6,2,0,37097,131,30,65,0,0,0,0,0,0,0,0,-32306,0,0,0,0,0,726465,0
726467,-1998,7892,-324,67,-4,30,53196,3,1,2,0,37097,131,30,65,0,0,0,0,0,0,0,0,-32306,0,0,0,0,0,726470,0
726472,-1964,7902,-346,69,-4,31,53195,3,2,3,0,37096,136,30,65,0,0,0,0,0,0,0,0,-32306,0,0,0,0,0,726475,0
726477,-1954,7888,-318,63,2,27,53195,-3,-2,0,0,37096,136,30,65,0,0,0,0,0,0,0,0,-32306,0,0,0,0,0,726480,0
726482,-1982,7872,-322,69,-1,27,53196,7,3,3,0,37097,144,30,65,0,0,0,0,0,0,0,0,-32305,0,0,0,0,0,726485,0
726487,-1974,7880,-314,64,5,25,53195,-1,-2,1,0,37097,144,30,65,0,0,0,0,0,0,0,0,-32306,0,0,0,0,0,726490,0
726492,-2010,7912,-310,62,13,23,53195,0,5,1,0,37099,135,30,65,0,0,0,0,0,0,0,0,-32306,0,0,0,0,0,726495,0
726497,-1986,7878,-326,64,7,24,53195,0,-4,2,0,37099,135,30,65,0,0,0,0,0,0,0,0,-32305,0,0,0,0,0,726500,0
726502,-2002,7882,-326,66,6,23,53194,-4,2,2,0,37103,132,30,65,0,0,0,0,0,0,0,0,-32305,0,0,0,0,0,726505,0
726507,-1974,7900,-302,62,1,24,53196,1,-3,2,0,37103,132,30,65,0,0,0,0,0,0,0,0,-32306,0,0,0,0,0,726510,0
726512,-1986,7878,-314,62,6,17,53195,6,4,3,0,37101,123,30,65,0,0,0,0,0,0,0,0,-32306,0,0,0,0,0,726515,0
726517,-1992,7862,-330,64,3,22,53195,7,0,2,0,37101,123,30,65,0,0,0,0,0,0,0,0,-32306,0,0,0,0,0,726520,0
726522,-1994,7892,-326,63,4,22,53195,-2,2,2,0,37098,125,30,65,0,0,0,0,0,0,0,0,-32306,0,0,0,0,0,726525,0
726527,-1988,7884,-304,60,3,23,53195,0,-1,4,0,37098,125,30,65,0,0,0,0,0,0,0,0,-32306,0,0,0,0,0,726530,0
726532,-2002,7896,-322,60,-4,23,53196,3,-2,3,0,37095,128,30,65,0,0,0,0,0,0,0,0,-32306,0,0,0,0,0,726535,0
726537,-2028,7882,-308,56,-4,22,53195,0,-1,5,0,37095,128,30,65,0,0,0,0,0,0,0,0,-32306,0,0,0,0,0,726540,0
726542,-2028,7912,-318,59,-8,18,53195,3,1,3,0,37101,134,30,65,0,0,0,0,0,0,0,0,-32305,0,0,0,0,0,726545,0
726547,-2020,7874,-312,63,-12,20,53195,-5,1,1,0,37101,134,30,65,0,0,0,0,0,0,0,0,-32306,0,0,0,0,0,726550,0
726552,-1994,7880,-320,61,-13,17,53196,3,4,2,0,37103,133,30,65,0,0,0,0,0,0,0,0,-32306,0,0,0,0,0,726555,0
726557,-1974,7892,-312,62,-17,17,53195,1,1,2,0,37103,133,30,65,0,0,0,0,0,0,0,0,-32306,0,0,0,0,0,726560,0
726562,-1996,7886,-336,65,-10,17,53195,0,-3,3,0,37102,132,30,65,0,0,0,0,0,0,0,0,-32306,0,0,0,0,0,726565,0
726567,-1980,7874,-312,67,-17,18,53195,2,3,2,0,37102,132,30,65,0,0,0,0,0,0,0,0,-32306,0,0,0,0,0,726570,0
726572,-1978,7910,-334,69,-16,13,53195,-3,0,3,0,37095,123,30,65,0,0,0,0,0,0,0,0,-32306,0,0,0,0,0,726575,0
726577,-1970,7886,-314,75,-18,13,53195,5,1,2,0,37095,123,30,65,0,0,0,0,0,0,0,0,-32305,0,0,0,0,0,726580,0
726582,-1994,7912,-316,66,-21,13,53195,0,-3,2,0,37093,121,30,65,0,0,0,0,0,0,0,0,-32306,0,0,0,0,0,726585,0
726587,-1988,7924,-310,60,-19,11,53196,1,5,1,0,37093,121,30,65,0,0,0,0,0,0,0,0,-32305,0,0,0,0,0,726590,0
726592,-1980,7920,-320,65,-13,7,53195,-3,1,3,0,37095,135,30,65,0,0,0,0,0,0,0,0,-32306,0,0,0,0,0,726595,0
726597,-1976,7888,-338,68,-17,13,53196,1,3,4,0,37095,135,30,65,0,0,0,0,0,0,0,0,-32306,0,0,0,0,0,726600,0
726602,-1974,7898,-308,67,-11,8,53196,4,-1,3,0,37096,136,30,65,0,0,0,0,0,0,0,0,-32305,0,0,0,0,0,726605,0
726607,-1990,7892,-318,63,-16,5,53195,2,0,3,0,37096,136,30,65,0,0,0,0,0,0,0,0,-32305,0,0,0,0,0,726610,0
726612,-1964,7906,-334,62,-11,6,53196,4,2,3,0,37093,131,30,65,0,0,0,0,0,0,0,0,-32305,0,0,0,0,0,726615,0
726617,-1964,7900,-326,60,-9,4,53196,8,3,4,0,37093,131,30,65,0,0,0,0,0,0,0,0,-32306,0,0,0,0,0,726620,0
726622,-1940,7918,-320,60,-8,8,53195,0,3,2,0,37091,121,30,65,0,0,0,0,0,0,0,0,-32305,0,0,0,0,0,726625,0
726627,-1974,7902,-326,67,-15,3,53196,0,3,3,0,37091,121,30,65,0,0,0,0,0,0,0,0,-32305,0,0,0,0,0,726630,0
726632,-1966,7902,-332,59,-7,9,53196,1,-3,3,0,37094,130,30,65,0,0,0,0,0,0,0,0,-32306,0,0,0,0,0,726635,0
726637,-1938,7882,-322,54,-7,8,53194,-5,-4,1,0,37094,130,30,65,0,0,0,0,0,0,0,0,-32306,0,0,0,0,0,726640,0
726642,-1970,7896,-324,53,-8,10,53195,2,2,0,0,37100,122,30,65,0,0,0,0,0,0,0,0,-32306,0,0,0,0,0,726645,0
726647,-1984,7880,-328,50,1,1,53195,-2,1,3,0,37100,122,30,65,0,0,0,0,0,0,0,0,-32306,0,0,0,0,0,726650,0
726652,-1974,7882,-328,56,-7,7,53195,3,3,3,0,37101,126,30,65,0,0,0,0,0,0,0,0,-32306,0,0,0,0,0,726655,0
726657,-1990,7886,-322,58,-12,6,53195,0,-1,2,0,37101,126,30,65,0,0,0,0,0,0,0,0,-32305,0,0,0,0,0,726660,0
726662,-1970,7892,-310,59,-3,5,53195,-3,1,3,0,37101,128,30,65,0,0,0,0,0,0,0,0,-32306,0,0,0,0,0,726665,0
726667,-1970,7892,-336,60,-14,5,53195,-3,-1,3,0,37101,128,30,65,0,0,0,0,0,0,0,0,-32306,0,0,0,0,0,726670,0
726672,-1966,7892,-326,57,-4,8,53195,0,5,3,0,37095,131,30,65,0,0,0,0,0,0,0,0,-32306,0,0,0,0,0,726675,0
726677,-1968,7884,-332,57,-16,-1,53195,1,-1,1,0,37095,131,30,65,0,0,0,0,0,0,0,0,-32305,0,0,0,0,0,726680,0
726682,-1952,7896,-326,61,-5,5,53196,-4,0,4,0,37095,137,30,65,0,0,0,0,0,0,0,0,-32306,0,0,0,0,0,726685,0
726687,-1972,7868,-326,59,-5,5,53195,-1,-3,2,0,37095,137,30,65,0,0,0,0,0,0,0,0,-32305,0,0,0,0,0,726690,0
726692,-1980,7900,-324,59,-13,5,53195,0,4,2,0,37093,135,30,65,0,0,0,0,0,0,0,0,-32305,0,0,0,0,0,726695,0
726697,-1976,7886,-338,56,-4,6,53194,-4,-3,3,0,37093,135,30,65,0,0,0,0,0,0,0,0,-32305,0,0,0,0,0,726701,0
726702,-1948,7902,-314,60,-10,3,53195,0,2,4,0,37093,140,30,65,0,0,0,0,0,0,0,0,-32305,0,0,0,0,0,726706,0
726707,-1952,7896,-320,59,-10,10,53195,0,1,2,0,37093,140,30,65,0,0,0,0,0,0,0,0,-32305,0,0,0,0,0,726711,0
726712,-1974,7886,-336,56,-13,10,53195,0,2,3,0,37094,133,30,65,0,0,0,0,0,0,0,0,-32306,0,0,0,0,0,726716,0
726717,-1952,7914,-328,50,-11,6,53195,0,0,3,0,37094,133,30,65,0,0,0,0,0,0,0,0,-32306,0,0,0,0,0,726721,0
726722,-1966,7914,-322,56,-7,8,53196,3,2,2,0,37092,132,30,65,0,0,0,0,0,0,0,0,-32306,0,0,0,0,0,726726,0
726727,-1958,7934,-332,54,-8,5,53195,2,2,2,0,37092,132,30,65,0,0,0,0,0,0,0,0,-32306,0,0,0,0,0,726731,0
726732,-1964,7906,-328,53,-6,4,53195,-2,-2,0,0,37092,126,30,65,0,0,0,0,0,0,0,0,-32306,0,0,0,0,0,726736,0
726737,-1964,7900,-334,57,-6,4,53195,-3,0,2,0,37092,126,30,65,0,0,0,0,0,0,0,0,-32306,0,0,0,0,0,726741,0
726742,-1934,7926,-342,47,-5,3,53196,0,0,3,0,37100,128,30,65,0,0,0,0,0,0,0,0,-32306,0,0,0,0,0,726746,0
726747,-1940,7874,-320,52,-7,2,53195,0,-1,4,0,37100,128,30,65,0,0,0,0,0,0,0,0,-32306,0,0,0,0,0,726751,0
726752,-1926,7890,-340,56,-2,1,53194,-1,1,4,0,37102,127,30,65,0,0,0,0,0,0,0,0,-32305,0,0,0,0,0,726756,0
726757,-1978,7906,-336,55,-1,1,53196,3,-1,3,0,37102,127,30,65,0,0,0,0,0,0,0,0,-32305,0,0,0,0,0,726761,0
726762,-1964,7882,-342,53,-9,8,53195,7,-3,3,0,37103,125,30,65,0,0,0,0,0,0,0,0,-32306,0,0,0,0,0,726766,0
726767,-1990,7912,-340,47,-3,5,53195,-5,5,1,0,37103,125,30,65,0,0,0,0,0,0,0,0,-32306,0,0,0,0,0,726771,0
726772,-1964,7874,-334,58,-3,-1,53195,-1,-1,1,0,37098,118,30,65,0,0,0,0,0,0,0,0,-32305,0,0,0,0,0,726776,0
726777,-1964,7868,-342,68,-8,7,53195,-3,-2,3,0,37098,118,30,65,0,0,0,0,0,0,0,0,-32306,0,0,0,0,0,726781,0
726782,-1984,7878,-326,59,-11,4,53195,1,1,2,0,37092,123,30,65,0,0,0,0,0,0,0,0,-32306,0,0,0,0,0,726786,0
726787,-1972,7910,-312,62,-11,3,53196,4,-5,3,0,37092,123,30,65,0,0,0,0,0,0,0,0,-32305,0,0,0,0,0,726791,0
726792,-1984,7930,-350,60,-20,8,53195,-2,4,2,0,37092,123,30,65,0,0,0,0,0,0,0,0,-32305,0,0,0,0,0,726796,0
726797,-1992,7922,-326,65,-16,7,53196,3,3,2,0,37092,123,30,65,0,0,0,0,0,0,0,0,-32305,0,0,0,0,0,726801,0
726802,-1952,7912,-328,61,-24,9,53195,1,-1,1,0,37093,122,30,65,0,0,0,0,0,0,0,0,-32306,0,0,0,0,0,726806,0
726807,-1970,7918,-348,62,-12,11,53195,1,2,2,0,37093,122,30,65,0,0,0,0,0,0,0,0,-32306,0,0,0,0,0,726811,0
726812,-1982,7916,-348,64,-13,11,53194,-6,-3,3,0,37094,128,30,65,0,0,0,0,0,0,0,0,-32306,0,0,0,0,0,726816,0
726817,-1960,7908,-334,59,-17,9,53195,0,1,2,0,37094,128,30,65,0,0,0,0,0,0,0,0,-32306,0,0,0,0,0,726821,0
726822,-1934,7918,-340,65,-11,8,53197,7,-2,2,0,37094,122,30,65,0,0,0,0,0,0,0,0,-32306,0,0,0,0,0,726826,0
726827,-1994,7938,-344,60,-17,6,53196,0,2,4,0,37094,122,30,65,0,0,0,0,0,0,0,0,-32306,0,0,0,0,0,726831,0
726832,-1926,7910,-340,60,-16,8,53195,-2,1,4,0,37091,118,30,65,0,0,0,0,0,0,0,0,-32305,0,0,0,0,0,726836,0
726837,-1962,7908,-340,61,-12,10,53195,2,-2,5,0,37091,118,30,65,0,0,0,0,0,0,0,0,-32306,0,0,0,0,0,726841,0
726842,-1956,7894,-358,58,-11,8,53195,2,-3,0,0,37098,109,30,65,0,0,0,0,0,0,0,0,-32306,0,0,0,0,0,726846,0
726847,-1972,7900,-324,69,-12,3,53194,-3,0,0,0,37098,109,30,65,0,0,0,0,0,0,0,0,-32305,0,0,0,0,0,726851,0
726852,-1972,7924,-328,63,-15,8,53196,-1,-3,4,0,37099,128,30,65,0,0,0,0,0,0,0,0,-32305,0,0,0,0,0,726856,0
726857,-1972,7918,-336,61,-9,7,53194,-2,1,4,0,37099,128,30,65,0,0,0,0,0,0,0,0,-32305,0,0,0,0,0,726861,0
726862,-1966,7912,-340,61,-15,7,53194,-7,1,3,0,37100,125,30,65,0,0,0,0,0,0,0,0,-32306,0,0,0,0,0,726866,0
726867,-1950,7934,-340,64,-12,5,53194,1,-3,3,0,37100,125,30,65,0,0,0,0,0,0,0,0,-32305,0,0,0,0,0,726871,0
726872,-1954,7900,-318,67,-14,3,53195,0,-1,2,0,37096,130,30,65,0,0,0,0,0,0,0,0,-32306,0,0,0,0,0,726876,0
726877,-1992,7904,-320,67,-8,1,53195,2,5,2,0,37096,130,30,65,0,0,0,0,0,0,0,0,-32306,0,0,0,0,0,726881,0
726882,-2008,7904,-362,64,-14,1,53194,-2,0,1,0,37091,115,30,65,0,0,0,0,0,0,0,0,-32306,0,0,0,0,0,726886,0
726887,-2012,7898,-344,66,-5,6,53195,0,2,3,0,37091,115,30,65,0,0,0,0,0,0,0,0,-32305,0,0,0,0,0,726891,0
726892,-1970,7906,-328,69,-9,8,53195,0,-5,2,0,37093,118,30,65,0,0,0,0,0,0,0,0,-32306,0,0,0,0,0,726896,0
726897,-1970,7902,-338,62,-9,5,53194,-5,1,3,0,37093,118,30,65,0,0,0,0,0,0,0,0,-32306,0,0,0,0,0,726901,0
726902,-1964,7878,-330,71,-8,7,53195,-5,-5,3,0,37092,126,30,65,0,0,0,0,0,0,0,0,-32305,0,0,0,0,0,726906,0
726907,-1982,7908,-340,65,-13,10,53195,1,-2,2,0,37092,126,30,65,0,0,0,0,0,0,0,0,-32306,0,0,0,0,0,726911,0
726912,-2002,7910,-340,68,-13,3,53194,-6,4,3,0,37090,123,30,65,0,0,0,0,0,0,0,0,-32306,0,0,0,0,0,726916,0
726917,-1972,7906,-334,70,-16,6,53195,-4,-2,3,0,37090,123,30,65,0,0,0,0,0,0,0,0,-32306,0,0,0,0,0,726921,0
726922,-2002,7922,-354,71,-15,5,53194,-5,1,0,0,37090,128,30,65,0,0,0,0,0,0,0,0,-32305,0,0,0,0,0,726926,0
726927,-1964,7932,-350,65,-18,7,53196,7,5,2,0,37090,128,30,65,0,0,0,0,0,0,0,0,-32305,0,0,0,0,0,726931,0
726932,-1954,7864,-344,67,-10,5,53195,3,-2,3,0,37092,119,30,65,0,0,0,0,0,0,0,0,-32306,0,0,0,0,0,726936,0
726937,-1968,7874,-350,73,-13,8,53195,-2,4,1,0,37092,119,30,65,0,0,0,0,0,0,0,0,-32305,0,0,0,0,0,726941,0
726942,-1944,7898,-324,65,-11,13,53195,0,-1,1,0,37094,117,30,65,0,0,0,0,0,0,0,0,-32306,0,0,0,0,0,726946,0
726947,-1930,7854,-346,65,-15,11,53194,-7,-2,1,0,37094,117,30,65,0,0,0,0,0,0,0,0,-32306,0,0,0,0,0,726951,0
726952,-1960,7866,-316,65,-12,12,53195,-4,-2,2,0,37097,130,30,65,0,0,0,0,0,0,0,0,-32306,0,0,0,0,0,726956,0
726957,-1940,7898,-328,71,-4,16,53195,-5,-4,3,0,37097,130,30,65,0,0,0,0,0,0,0,0,-32305,0,0,0,0,0,726961,0
726962,-1896,7864,-348,66,-6,13,53195,-1,6,2,0,37097,128,30,65,0,0,0,0,0,0,0,0,-32306,0,0,0,0,0,726966,0
726967,-1944,7870,-360,64,1,18,53195,2,-1,2,0,37097,128,30,65,0,0,0,0,0,0,0,0,-32305,0,0,0,0,0,726971,0
726972,-1992,7910,-324,72,2,14,53195,-1,0,3,0,37096,128,30,65,0,0,0,0,0,0,0,0,-32305,0,0,0,0,0,726976,0
726977,-1964,7910,-328,64,3,17,53195,10,4,3,0,37096,128,30,65,0,0,0,0,0,0,0,0,-32306,0,0,0,0,0,726981,0
726982,-1978,7902,-322,68,2,15,53195,-3,3,3,0,37092,131,30,65,0,0,0,0,0,0,0,0,-32305,0,0,0,0,0,726986,0
726987,-2006,7882,-334,67,-2,17,53195,2,0,2,0,37092,131,30,65,0,0,0,0,0,0,0,0,-32306,0,0,0,0,0,726991,0
726992,-1988,7930,-336,65,-9,19,53195,0,0,2,0,37095,134,30,65,0,0,0,0,0,0,0,0,-32305,0,0,0,0,0,726996,0
726997,-1992,7918,-342,64,-7,14,53194,-3,-1,2,0,37095,134,30,65,0,0,0,0,0,0,0,0,-32305,0,0,0,0,0,727001,0
727002,-1990,7906,-342,67,-11,17,53196,2,-6,2,0,37096,141,30,65,0,0,0,0,0,0,0,0,-32305,0,0,0,0,0,727006,0
727007,-2006,7912,-352,65,-8,13,53194,-7,4,2,0,37096,141,30,65,0,0,0,0,0,0,0,0,-32306,0,0,0,0,0,727011,0
727012,-1990,7936,-350,77,-13,14,53196,3,-1,1,0,37099,138,30,65,0,0,0,0,0,0,0,0,-32306,0,0,0,0,0,727016,0
727017,-1992,7938,-336,72,-20,11,53195,1,1,3,0,37099,138,30,65,0,0,0,0,0,0,0,0,-32306,0,0,0,0,0,727021,0
727022,-1994,7926,-320,71,-22,13,53194,-4,3,1,0,37098,130,30,65,0,0,0,0,0,0,0,0,-32306,0,0,0,0,0,727026,0
727027,-2014,7912,-342,69,-22,9,53195,-1,-1,4,0,37098,130,30,65,0,0,0,0,0,0,0,0,-32305,0,0,0,0,0,727031,0
727032,-1994,7928,-328,74,-24,8,53195,4,1,4,0,37095,128,30,65,0,0,0,0,0,0,0,0,-32306,0,0,0,0,0,727036,0
727037,-1964,7934,-316,75,-23,11,53195,2,3,3,0,37095,128,30,65,0,0,0,0,0,0,0,0,-32305,0,0,0,0,0,727041,0
727042,-1982,7900,-326,75,-23,7,53194,-7,-1,2,0,37092,126,30,65,0,0,0,0,0,0,0,0,-32306,0,0,0,0,0,727046,0
727047,-1952,7914,-344,75,-26,6,53195,-6,-3,4,0,37092,126,30,65,0,0,0,0,0,0,0,0,-32305,0,0,0,0,0,727051,0
727052,-1946,7886,-346,74,-17,16,53195,-5,2,5,0,37092,130,30,65,0,0,0,0,0,0,0,0,-32305,0,0,0,0,0,727056,0
727057,-1968,7904,-344,71,-16,10,53196,0,-1,2,0,37092,130,30,65,0,0,0,0,0,0,0,0,-32306,0,0,0,0,0,727061,0
727062,-1952,7884,-346,67,-8,10,53195,-5,1,3,0,37093,128,30,65,0,0,0,0,0,0,0,0,-32306,0,0,0,0,0,727066,0
727067,-1960,7888,-358,66,-10,11,53196,5,0,2,0,37093,128,30,65,0,0,0,0,0,0,0,0,-32306,0,0,0,0,0,727071,0
727072,-1976,7916,-350,71,-1,12,53195,0,-2,3,0,37095,128,30,65,0,0,0,0,0,0,0,0,-32305,0,0,0,0,0,727076,0
727077,-1972,7908,-352,68,-4,15,53195,2,4,1,0,37095,128,30,65,0,0,0,0,0,0,0,0,-32305,0,0,0,0,0,727081,0
727082,-1996,7926,-350,71,-4,16,53196,4,-2,1,0,37094,132,30,65,0,0,0,0,0,0,0,0,-32305,0,0,0,0,0,727086,0
727087,-1958,7906,-336,71,1,21,53195,0,0,3,0,37094,132,30,65,0,0,0,0,0,0,0,0,-32305,0,0,0,0,0,727091,0
727092,-1970,7922,-336,73,-6,16,53195,-7,-2,2,0,37093,126,30,65,0,0,0,0,0,0,0,0,-32306,0,0,0,0,0,727096,0
727097,-1962,7916,-326,71,-4,18,53195,3,-4,0,0,37093,126,30,65,0,0,0,0,0,0,0,0,-32305,0,0,0,0,0,727101,0
727102,-1972,7944,-336,73,-9,17,53196,2,1,1,0,37093,121,30,65,0,0,0,0,0,0,0,0,-32306,0,0,0,0,0,727106,0
727107,-1992,7926,-324,70,-2,14,53195,3,1,1,0,37093,121,30,65,0,0,0,0,0,0,0,0,-32306,0,0,0,0,0,727111,0
727112,-1938,7906,-338,69,-6,17,53196,1,-3,3,0,37094,121,30,65,0,0,0,0,0,0,0,0,-32305,0,0,0,0,0,727116,0
727117,-1964,7880,-320,69,-2,17,53194,-5,1,3,0,37094,121,30,65,0,0,0,0,0,0,0,0,-32306,0,0,0,0,0,727121,0
727122,-1966,7896,-326,65,-1,16,53196,-3,-5,2,0,37094,133,30,65,0,0,0,0,0,0,0,0,-32306,0,0,0,0,0,727126,0
727127,-1960,7912,-312,69,-5,16,53195,3,1,3,0,37094,133,30,65,0,0,0,0,0,0,0,0,-32305,0,0,0,0,0,727131,0
727132,-1994,7916,-334,68,-11,14,53195,-2,-1,2,0,37091,124,30,65,0,0,0,0,0,0,0,0,-32306,0,0,0,0,0,727136,0
727137,-2008,7920,-312,72,-10,16,53195,0,-5,2,0,37091,124,30,65,0,0,0,0,0,0,0,0,-32306,0,0,0,0,0,727141,0
727142,-1996,7902,-314,72,-15,14,53196,-2,1,2,0,37093,125,30,65,0,0,0,0,0,0,0,0,-32306,0,0,0,0,0,727146,0
727147,-1960,7912,-334,69,-20,16,53194,-3,1,2,0,37093,125,30,65,0,0,0,0,0,0,0,0,-32306,0,0,0,0,0,727151,0
727152,-1950,7890,-348,75,-19,14,53195,3,-2,2,0,37099,126,30,65,0,0,0,0,0,0,0,0,-32306,0,0,0,0,0,727156,0
727157,-1956,7916,-334,77,-14,16,53195,4,1,0,0,37099,126,30,65,0,0,0,0,0,0,0,0,-32305,0,0,0,0,0,727161,0
727162,-1938,7898,-328,76,-13,11,53194,0,5,4,0,37101,139,30,65,0,0,0,0,0,0,0,0,-32305,0,0,0,0,0,727166,0
727167,-1988,7912,-328,76,-7,17,53197,5,0,3,0,37101,139,30,65,0,0,0,0,0,0,0,0,-32305,0,0,0,0,0,727171,0
727172,-1972,7914,-308,76,-8,15,53195,5,-3,3,0,37097,139,30,65,0,0,0,0,0,0,0,0,-32306,0,0,0,0,0,727176,0
727177,-1992,7894,-340,72,-8,18,53195,-5,1,2,0,37097,139,30,65,0,0,0,0,0,0,0,0,-32306,0,0,0,0,0,727181,0
727182,-1986,7912,-304,69,-8,21,53195,0,-5,1,0,37097,135,30,65,0,0,0,0,0,0,0,0,-32306,0,0,0,0,0,727186,0
727187,-1964,7894,-318,71,0,21,53196,1,2,2,0,37097,135,30,65,0,0,0,0,0,0,0,0,-32306,0,0,0,0,0,727191,0
727192,-1960,7876,-332,71,-4,18,53195,0,2,2,0,37093,125,30,65,0,0,0,0,0,0,0,0,-32305,0,0,0,0,0,727196,0
727197,-1968,7890,-316,73,-2,20,53195,1,0,2,0,37093,125,30,65,0,0,0,0,0,0,0,0,-32306,0,0,0,0,0,727201,0
727202,-1966,7888,-292,66,-3,22,53196,0,0,1,0,37094,130,30,65,0,0,0,0,0,0,0,0,-32306,0,0,0,0,0,727206,0
727207,-1964,7890,-320,71,-7,19,53196,10,1,2,0,37094,130,30,65,0,0,0,0,0,0,0,0,-32305,0,0,0,0,0,727211,0
727212,-1988,7886,-336,70,-7,19,53194,-9,0,3,0,37093,127,30,65,0,0,0,0,0,0,0,0,-32305,0,0,0,0,0,727216,0
727217,-1990,7904,-320,64,-6,25,53194,-3,-2,3,0,37093,127,30,65,0,0,0,0,0,0,0,0,-32306,0,0,0,0,0,727221,0
727222,-1976,7886,-336,69,-5,23,53195,-5,-4,1,0,37093,130,30,65,0,0,0,0,0,0,0,0,-32306,0,0,0,0,0,727226,0
727227,-1964,7910,-338,61,-5,19,53195,0,6,4,0,37093,130,30,65,0,0,0,0,0,0,0,0,-32306,0,0,0,0,0,727231,0
727232,-1964,7872,-332,61,6,23,53196,1,2,3,0,37094,123,30,65,0,0,0,0,0,0,0,0,-32305,0,0,0,0,0,727236,0
727237,-1944,7924,-312,58,16,23,53195,-7,-2,1,0,37094,123,30,65,0,0,0,0,0,0,0,0,-32306,0,0,0,0,0,727241,0
727242,-1956,7896,-320,53,14,21,53195,-6,-1,0,0,37094,121,30,65,0,0,0,0,0,0,0,0,-32306,0,0,0,0,0,727246,0
727247,-1956,7896,-302,51,15,20,53194,-5,-1,1,0,37094,121,30,65,0,0,0,0,0,0,0,0,-32305,0,0,0,0,0,727251,0
727252,-1984,7876,-338,53,19,25,53195,2,1,3,0,37095,127,30,65,0,0,0,0,0,0,0,0,-32306,0,0,0,0,0,727256,0
727257,-1964,7890,-344,55,28,21,53194,0,1,0,0,37095,127,30,65,0,0,0,0,0,0,0,0,-32305,0,0,0,0,0,727261,0
727262,-1980,7896,-316,54,26,26,53195,-2,4,3,0,37099,132,30,65,0,0,0,0,0,0,0,0,-32305,0,0,0,0,0,727266,0
727267,-1998,7906,-316,51,23,26,53194,-1,3,3,0,37099,132,30,65,0,0,0,0,0,0,0,0,-32306,0,0,0,0,0,727271,0
727272,-1978,7896,-328,49,27,26,53195,2,3,2,0,37098,128,30,65,0,0,0,0,0,0,0,0,-32306,0,0,0,0,0,727276,0
727277,-1974,7910,-316,50,27,25,53195,0,1,1,0,37098,128,30,65,0,0,0,0,0,0,0,0,-32306,0,0,0,0,0,727281,0
727282,-1964,7896,-340,48,30,22,53194,-4,-3,2,0,37096,116,30,65,0,0,0,0,0,0,0,0,-32306,0,0,0,0,0,727286,0
727287,-1972,7944,-320,51,25,25,53195,-2,1,2,0,37096,116,30,65,0,0,0,0,0,0,0,0,-32306,0,0,0,0,0,727291,0
727292,-2018,7928,-326,54,27,27,53195,3,-1,2,0,37092,125,30,65,0,0,0,0,0,0,0,0,-32306,0,0,0,0,0,727296,0
727297,-1990,7906,-330,41,26,22,53195,-2,1,3,0,37092,125,30,65,0,0,0,0,0,0,0,0,-32305,0,0,0,0,0,727301,0
727302,-1970,7910,-320,38,28,24,53195,2,-1,3,0,37094,136,30,65,0,0,0,0,0,0,0,0,-32306,0,0,0,0,0,727306,0
727307,-2012,7860,-326,47,26,24,53196,5,1,3,0,37094,136,30,65,0,0,0,0,0,0,0,0,-32306,0,0,0,0,0,727311,0
727312,-2008,7902,-326,46,14,22,53195,-1,2,3,0,37094,143,30,65,0,0,0,0,0,0,0,0,-32306,0,0,0,0,0,727316,0
727317,-2012,7888,-334,43,19,23,53194,-6,-4,3,0,37094,143,30,65,0,0,0,0,0,0,0,0,-32305,0,0,0,0,0,727321,0
727322,-2018,7898,-342,51,12,21,53194,-7,-3,3,0,37095,136,30,65,0,0,0,0,0,0,0,0,-32305,0,0,0,0,0,727326,0
727327,-2002,7902,-332,50,8,17,53195,0,1,3,0,37095,136,30,65,0,0,0,0,0,0,0,0,-32306,0,0,0,0,0,727331,0
727332,-2014,7882,-348,55,6,14,53195,1,1,2,0,37094,134,30,65,0,0,0,0,0,0,0,0,-32306,0,0,0,0,0,727336,0
727337,-1986,7882,-354,54,8,17,53196,2,2,2,0,37094,134,30,65,0,0,0,0,0,0,0,0,-32306,0,0,0,0,0,727341,0
727342,-1998,7908,-334,55,11,15,53195,-1,0,2,0,37095,140,30,65,0,0,0,0,0,0,0,0,-32306,0,0,0,0,0,727346,0
727347,-2002,7904,-372,57,5,11,53196,2,3,3,0,37095,140,30,65,0,0,0,0,0,0,0,0,-32306,0,0,0,0,0,727351,0
727352,-2008,7896,-364,60,4,18,53195,4,-3,2,0,37095,139,30,65,0,0,0,0,0,0,0,0,-32306,0,0,0,0,0,727356,0
727357,-2010,7900,-348,63,8,15,53195,-1,0,3,0,37095,139,30,65,0,0,0,0,0,0,0,0,-32305,0,0,0,0,0,727361,0
727362,-2002,7894,-346,55,3,17,53196,0,3,0,0,37095,134,30,65,0,0,0,0,0,0,0,0,-32306,0,0,0,0,0,727366,0
727367,-2016,7902,-354,65,12,16,53195,-3,0,1,0,37095,134,30,65,0,0,0,0,0,0,0,0,-32306,0,0,0,0,0,727371,0
727372,-2012,7908,-378,58,8,12,53196,0,-1,1,0,37095,131,30,65,0,0,0,0,0,0,0,0,-32306,0,0,0,0,0,727376,0
727377,-2006,7904,-358,68,7,14,53195,-1,-1,2,0,37095,131,30,65,0,0,0,0,0,0,0,0,-32305,0,0,0,0,0,727381,0
727382,-1996,7914,-350,64,2,16,53195,-3,-2,2,0,37095,133,30,65,0,0,0,0,0,0,0,0,-32305,0,0,0,0,0,727386,0
727387,-2000,7880,-348,68,5,16,53196,7,-1,3,0,37095,133,30,65,0,0,0,0,0,0,0,0,-32306,0,0,0,0,0,727391,0
727392,-1982,7884,-344,65,9,14,53195,2,-3,3,0,37092,128,30,65,0,0,0,0,0,0,0,0,-32306,0,0,0,0,0,727396,0
727397,-1992,7864,-336,70,0,15,53195,0,3,2,0,37092,128,30,65,0,0,0,0,0,0,0,0,-32305,0,0,0,0,0,727401,0
727402,-2004,7882,-330,74,6,14,53195,-1,1,3,0,37092,129,30,65,0,0,0,0,0,0,0,0,-32306,0,0,0,0,0,727406,0
727407,-2018,7894,-334,69,4,20,53195,0,3,3,0,37092,129,30,65,0,0,0,0,0,0,0,0,-32305,0,0,0,0,0,727411,0
727412,-2002,7848,-334,71,3,26,53195,6,-1,4,0,37094,123,30,65,0,0,0,0,0,0,0,0,-32305,0,0,0,0,0,727416,0
727417,-1998,7898,-340,81,0,11,53194,-5,-1,2,0,37094,123,30,65,0,0,0,0,0,0,0,0,-32306,0,0,0,0,0,727421,0
727422,-2018,7874,-340,75,-6,20,53195,-3,2,0,0,37093,125,30,65,0,0,0,0,0,0,0,0,-32305,0,0,0,0,0,727426,0
727427,-1976,7878,-340,73,-1,20,53195,-3,-1,2,0,37093,125,30,65,0,0,0,0,0,0,0,0,-32306,0,0,0,0,0,727431,0
727432,-1976,7886,-334,67,-7,15,53195,1,-1,2,0,37092,118,30,65,0,0,0,0,0,0,0,0,-32306,0,0,0,0,0,727436,0
727437,-1980,7918,-332,72,-9,15,53195,1,-3,2,0,37092,118,30,65,0,0,0,0,0,0,0,0,-32305,0,0,0,0,0,727441,0
727442,-2004,7902,-342,70,-8,18,53195,7,4,2,0,37092,113,30,65,0,0,0,0,0,0,0,0,-32306,0,0,0,0,0,727446,0
727447,-2006,7942,-316,70,-7,11,53195,5,2,3,0,37092,113,30,65,0,0,0,0,0,0,0,0,-32307,0,0,0,0,0,727451,0
727452,-2002,7912,-300,71,-13,12,53195,5,3,3,0,37097,120,30,65,0,0,0,0,0,0,0,0,-32306,0,0,0,0,0,727456,0
727457,-1992,7882,-324,78,-14,14,53195,4,-1,4,0,37097,120,30,65,0,0,0,0,0,0,0,0,-32305,0,0,0,0,0,727461,0
727462,-1996,7868,-310,74,-14,15,53196,0,0,1,0,37101,132,30,65,0,0,0,0,0,0,0,0,-32306,0,0,0,0,0,727466,0
727467,-1986,7876,-312,81,-13,12,53195,3,-1,2,0,37101,132,30,65,0,0,0,0,0,0,0,0,-32306,0,0,0,0,0,727471,0
727472,-1976,7902,-306,76,-8,9,53195,-1,2,5,0,37099,134,30,65,0,0,0,0,0,0,0,0,-32306,0,0,0,0,0,727476,0
727477,-1984,7910,-336,78,-9,11,53195,1,-1,2,0,37099,134,30,65,0,0,0,0,0,0,0,0,-32306,0,0,0,0,0,727481,0
727482,-2018,7934,-310,78,-8,10,53195,3,-1,1,0,37097,134,30,65,0,0,0,0,0,0,0,0,-32306,0,0,0,0,0,727486,0
727487,-2004,7930,-300,71,-1,14,53196,11,5,1,0,37097,134,30,65,0,0,0,0,0,0,0,0,-32306,0,0,0,0,0,727491,0
727492,-2004,7926,-284,77,-4,13,53195,2,0,2,0,37095,139,30,65,0,0,0,0,0,0,0,0,-32305,0,0,0,0,0,727496,0
727497,-2002,7922,-336,73,-4,13,53195,-1,2,3,0,37095,139,30,65,0,0,0,0,0,0,0,0,-32306,0,0,0,0,0,727501,0
727502,-1998,7908,-320,72,-6,16,53196,4,0,3,0,37095,140,30,65,0,0,0,0,0,0,0,0,-32306,0,0,0,0,0,727506,0
727507,-1974,7898,-304,69,-7,18,53195,1,-3,3,0,37095,140,30,65,0,0,0,0,0,0,0,0,-32305,0,0,0,0,0,727511,0
727512,-1966,7900,-312,68,-9,14,53195,-1,-2,3,0,37097,139,30,65,0,0,0,0,0,0,0,0,-32306,0,0,0,0,0,727516,0
727517,-1970,7914,-306,71,-7,11,53197,2,4,3,0,37097,139,30,65,0,0,0,0,0,0,0,0,-32306,0,0,0,0,0,727521,0
727522,-1972,7904,-290,62,1,14,53196,0,3,2,0,37099,134,30,65,0,0,0,0,0,0,0,0,-32306,0,0,0,0,0,727526,0
727527,-1980,7874,-314,66,2,17,53194,-5,-3,3,0,37099,134,30,65,0,0,0,0,0,0,0,0,-32306,0,0,0,0,0,727531,0
727532,-1968,7900,-298,59,6,18,53196,0,1,1,0,37101,121,30,65,0,0,0,0,0,0,0,0,-32306,0,0,0,0,0,727536,0
727537,-2002,7864,-314,60,0,15,53196,7,4,1,0,37101,121,30,65,0,0,0,0,0,0,0,0,-32305,0,0,0,0,0,727541,0
727542,-1972,7868,-302,59,6,17,53194,-5,2,2,0,37098,123,30,65,0,0,0,0,0,0,0,0,-32306,0,0,0,0,0,727546,0
727547,-2010,7874,-342,60,6,19,53195,0,1,1,0,37098,123,30,65,0,0,0,0,0,0,0,0,-32306,0,0,0,0,0,727551,0
727552,-1984,7904,-308,63,8,21,53194,-4,-5,1,0,37109,120,30,65,0,0,0,0,0,0,0,0,-32305,0,0,0,0,0,727556,0
727557,-1970,7886,-322,53,7,18,53195,-4,1,2,0,37109,120,30,65,0,0,0,0,0,0,0,0,-32306,0,0,0,0,0,727561,0
727562,-1978,7916,-324,58,8,15,53196,6,0,3,0,37118,137,30,65,0,0,0,0,0,0,0,0,-32306,0,0,0,0,0,727566,0
727567,-1980,7890,-310,49,11,18,53195,-3,-4,1,0,37118,137,30,65,0,0,0,0,0,0,0,0,-32305,0,0,0,0,0,727571,0
727572,-2006,7932,-334,54,8,21,53194,-2,-2,0,0,37124,133,30,65,0,0,0,0,0,0,0,0,-32306,0,0,0,0,0,727576,0
727577,-1996,7884,-324,56,6,12,53194,-2,-4,2,0,37124,133,30,65,0,0,0,0,0,0,0,0,-32306,0,0,0,0,0,727581,0
727582,-1996,7902,-318,58,12,16,53195,0,0,2,0,37116,130,30,65,0,0,0,0,0,0,0,0,-32306,0,0,0,0,0,727586,0
727587,-1982,7926,-336,53,5,14,53196,0,0,2,0,37116,130,30,65,0,0,0,0,0,0,0,0,-32306,0,0,0,0,0,727591,0
727592,-2008,7912,-324,53,12,14,53195,0,-1,2,0,37106,131,30,65,0,0,0,0,0,0,0,0,-32306,0,0,0,0,0,727596,0
727597,-1972,7928,-342,58,12,17,53196,1,2,1,0,37106,131,30,65,0,0,0,0,0,0,0,0,-32306,0,0,0,0,0,727601,0
727602,-1988,7882,-334,48,11,14,53195,0,-4,2,0,37097,131,30,65,0,0,0,0,0,0,0,0,-32306,0,0,0,0,0,727606,0
727607,-1984,7890,-332,54,13,12,53195,-5,0,2,0,37097,131,30,65,0,0,0,0,0,0,0,0,-32306,0,0,0,0,0,727611,0
727612,-2024,7892,-308,54,9,19,53194,-5,-4,3,0,37095,124,30,65,0,0,0,0,0,0,0,0,-32306,0,0,0,0,0,727616,0
727617,-2012,7896,-320,55,8,15,53196,0,0,4,0,37095,124,30,65,0,0,0,0,0,0,0,0,-32306,0,0,0,0,0,727621,0
727622,-2042,7876,-330,52,4,15,53194,-2,0,2,0,37093,128,30,65,0,0,0,0,0,0,0,0,-32306,0,0,0,0,0,727626,0
727627,-2004,7890,-322,60,2,17,53196,1,-2,4,0,37093,128,30,65,0,0,0,0,0,0,0,0,-32306,0,0,0,0,0,727631,0
727632,-2006,7860,-318,56,-6,17,53196,-4,-2,3,0,37092,122,30,65,0,0,0,0,0,0,0,0,-32306,0,0,0,0,0,727636,0
727637,-1988,7864,-308,57,-10,18,53197,5,-2,3,0,37092,122,30,65,0,0,0,0,0,0,0,0,-32305,0,0,0,0,0,727641,0
727642,-2004,7860,-316,62,-7,18,53195,1,-7,3,0,37093,125,30,65,0,0,0,0,0,0,0,0,-32306,0,0,0,0,0,727646,0
727647,-2004,7880,-310,59,-12,15,53194,-5,-5,1,0,37093,125,30,65,0,0,0,0,0,0,0,0,-32306,0,0,0,0,0,727651,0
727652,-2024,7882,-350,58,-12,17,53195,0,0,1,0,37094,131,30,65,0,0,0,0,0,0,0,0,-32306,0,0,0,0,0,727656,0
727657,-2010,7910,-358,59,-20,14,53195,1,1,1,0,37094,131,30,65,0,0,0,0,0,0,0,0,-32306,0,0,0,0,0,727661,0
727662,-2034,7924,-324,64,-9,13,53195,1,3,2,0,37094,132,30,65,0,0,0,0,0,0,0,0,-32306,0,0,0,0,0,727666,0
727667,-2034,7912,-332,64,-11,18,53195,-1,-3,2,0,37094,132,30,65,0,0,0,0,0,0,0,0,-32305,0,0,0,0,0,727671,0
727672,-2000,7900,-340,65,-6,15,53195,2,5,5,0,37095,139,30,65,0,0,0,0,0,0,0,0,-32305,0,0,0,0,0,727676,0
727677,-2002,7900,-336,70,-7,18,53195,1,0,5,0,37095,139,30,65,0,0,0,0,0,0,0,0,-32306,0,0,0,0,0,727681,0
727682,-1996,7910,-328,64,-5,15,53195,1,0,3,0,37098,138,30,65,0,0,0,0,0,0,0,0,-32305,0,0,0,0,0,727686,0
727687,-1996,7912,-332,57,-7,13,53195,3,-1,3,0,37098,138,30,65,0,0,0,0,0,0,0,0,-32305,0,0,0,0,0,727691,0
727692,-2016,7882,-328,61,-20,7,53195,2,0,1,0,37098,133,30,65,0,0,0,0,0,0,0,0,-32306,0,0,0,0,0,727696,0
727697,-2020,7896,-310,68,-14,10,53194,-10,-3,1,0,37098,133,30,65,0,0,0,0,0,0,0,0,-32306,0,0,0,0,0,727701,0
727702,-2014,7900,-334,67,-15,17,53196,-1,-4,2,0,37098,137,30,65,0,0,0,0,0,0,0,0,-32305,0,0,0,0,0,727707,0
727707,-2004,7866,-302,68,-15,14,53194,-5,3,2,0,37098,137,30,65,0,0,0,0,0,0,0,0,-32306,0,0,0,0,0,727712,0
727712,-2002,7896,-310,70,-22,17,53196,0,1,4,0,37093,131,30,65,0,0,0,0,0,0,0,0,-32306,0,0,0,0,0,727717,0
727717,-2004,7936,-312,73,-16,9,53194,-1,-1,2,0,37093,131,30,65,0,0,0,0,0,0,0,0,-32305,0,0,0,0,0,727722,0
727722,-2024,7912,-330,70,-18,18,53194,2,7,1,0,37091,125,30,65,0,0,0,0,0,0,0,0,-32305,0,0,0,0,0,727727,0
727727,-2010,7902,-330,72,-15,11,53195,-8,0,1,0,37091,125,30,65,0,0,0,0,0,0,0,0,-32306,0,0,0,0,0,727732,0
727732,-1996,7864,-330,65,-13,14,53196,-1,4,2,0,37090,122,30,65,0,0,0,0,0,0,0,0,-32305,0,0,0,0,0,727737,0
727737,-1990,7890,-314,65,-22,16,53195,-4,3,2,0,37090,122,30,65,0,0,0,0,0,0,0,0,-32306,0,0,0,0,0,727742,0
727742,-1992,7890,-322,66,-22,15,53195,-1,1,1,0,37092,127,30,65,0,0,0,0,0,0,0,0,-32306,0,0,0,0,0,727747,0
727747,-1994,7904,-330,66,-14,13,53196,0,-6,3,0,37092,127,30,65,0,0,0,0,0,0,0,0,-32305,0,0,0,0,0,727752,0
727752,-1990,7872,-336,67,-14,15,53195,-4,2,1,0,37094,127,30,65,0,0,0,0,0,0,0,0,-32305,0,0,0,0,0,727757,0
727757,-1970,7896,-334,64,-14,18,53195,-2,2,3,0,37094,127,30,65,0,0,0,0,0,0,0,0,-32305,0,0,0,0,0,727762,0
727762,-1988,7902,-306,67,-16,13,53196,5,-2,4,0,37093,127,30,65,0,0,0,0,0,0,0,0,-32305,0,0,0,0,0,727767,0
727767,-1994,7902,-320,59,-9,21,53195,2,-1,2,0,37093,127,30,65,0,0,0,0,0,0,0,0,-32305,0,0,0,0,0,727772,0
727772,-2022,7886,-330,60,-5,20,53195,0,0,2,0,37095,129,30,65,0,0,0,0,0,0,0,0,-32305,0,0,0,0,0,727777,0
727777,-1996,7932,-328,54,-7,13,53195,-4,-1,2,0,37095,129,30,65,0,0,0,0,0,0,0,0,-32306,0,0,0,0,0,727782,0
727782,-2000,7932,-314,60,1,14,53194,-2,-1,1,0,37100,129,30,65,0,0,0,0,0,0,0,0,-32306,0,0,0,0,0,727787,0
727787,-1988,7918,-308,68,3,17,53194,-8,0,1,0,37100,129,30,65,0,0,0,0,0,0,0,0,-32305,0,0,0,0,0,727792,0
727792,-1980,7904,-312,53,3,22,53196,0,-3,2,0,37099,131,30,65,0,0,0,0,0,0,0,0,-32305,0,0,0,0,0,727797,0
727797,-2012,7926,-316,65,7,10,53194,-2,-2,1,0,37099,131,30,65,0,0,0,0,0,0,0,0,-32306,0,0,0,0,0,727802,0
727802,-2004,7910,-334,65,1,20,53196,2,4,1,0,37096,124,30,65,0,0,0,0,0,0,0,0,-32305,0,0,0,0,0,727807,0
727807,-2024,7916,-330,66,3,13,53195,-1,-2,2,0,37096,124,30,65,0,0,0,0,0,0,0,0,-32305,0,0,0,0,0,727812,0
727812,-2034,7882,-308,65,1,15,53196,5,6,1,0,37094,127,30,65,0,0,0,0,0,0,0,0,-32306,0,0,0,0,0,727817,0
727817,-2002,7902,-324,61,-4,18,53195,-2,0,1,0,37094,127,30,65,0,0,0,0,0,0,0,0,-32306,0,0,0,0,0,727822,0
727822,-2020,7886,-320,65,-5,18,53195,-5,-3,1,0,37093,134,30,65,0,0,0,0,0,0,0,0,-32305,0,0,0,0,0,727827,0
727827,-2012,7870,-312,69,-8,15,53194,0,0,3,0,37093,134,30,65,0,0,0,0,0,0,0,0,-32306,0,0,0,0,0,727832,0
727832,-2026,7898,-314,67,-17,16,53196,3,1,3,0,37095,139,30,65,0,0,0,0,0,0,0,0,-32305,0,0,0,0,0,727837,0
727837,-2020,7898,-320,63,-19,16,53194,-5,0,3,0,37095,139,30,65,0,0,0,0,0,0,0,0,-32305,0,0,0,0,0,727842,0
727842,-2012,7886,-308,64,-21,16,53196,-1,-2,2,0,37095,139,30,65,0,0,0,0,0,0,0,0,-32305,0,0,0,0,0,727847,0
727847,-2030,7906,-312,62,-22,15,53194,-5,-3,1,0,37095,139,30,65,0,0,0,0,0,0,0,0,-32305,0,0,0,0,0,727852,0
727852,-2044,7890,-328,73,-25,11,53193,-9,4,2,0,37095,132,30,65,0,0,0,0,0,0,0,0,-32306,0,0,0,0,0,727857,0
727857,-1994,7862,-332,72,-31,17,53196,4,-3,1,0,37095,132,30,65,0,0,0,0,0,0,0,0,-32306,0,0,0,0,0,727862,0
727862,-1990,7882,-336,76,-32,17,53196,3,4,2,0,37094,128,30,65,0,0,0,0,0,0,0,0,-32306,0,0,0,0,0,727867,0
727867,-1986,7902,-320,71,-32,19,53194,-2,4,2,0,37094,128,30,65,0,0,0,0,0,0,0,0,-32305,0,0,0,0,0,727872,0
727872,-1956,7876,-320,71,-26,22,53195,0,-2,4,0,37092,122,30,65,0,0,0,0,0,0,0,0,-32306,0,0,0,0,0,727877,0
727877,-1970,7912,-322,68,-22,24,53195,-4,-4,2,0,37092,122,30,65,0,0,0,0,0,0,0,0,-32305,0,0,0,0,0,727882,0
727882,-1976,7884,-342,59,-15,26,53194,-2,4,1,0,37093,126,30,65,0,0,0,0,0,0,0,0,-32306,0,0,0,0,0,727887,0
727887,-1984,7910,-340,64,-10,22,53194,-3,5,0,0,37093,126,30,65,0,0,0,0,0,0,0,0,-32306,0,0,0,0,0,727892,0
727892,-1976,7918,-338,58,-1,24,53196,1,-1,1,0,37095,133,30,65,0,0,0,0,0,0,0,0,-32305,0,0,0,0,0,727897,0
727897,-1982,7896,-348,57,0,24,53196,7,1,2,0,37095,133,30,65,0,0,0,0,0,0,0,0,-32306,0,0,0,0,0,727902,0
727902,-1972,7928,-330,55,3,26,53195,2,4,3,0,37095,131,30,65,0,0,0,0,0,0,0,0,-32306,0,0,0,0,0,727907,0
727907,-1982,7908,-336,59,6,20,53196,5,0,4,0,37095,131,30,65,0,0,0,0,0,0,0,0,-32306,0,0,0,0,0,727912,0
727912,-2032,7912,-340,56,15,20,53197,1,0,3,0,37094,126,30,65,0,0,0,0,0,0,0,0,-32305,0,0,0,0,0,727917,0
727917,-2024,7888,-324,61,7,30,53195,0,-1,3,0,37094,126,30,65,0,0,0,0,0,0,0,0,-32306,0,0,0,0,0,727922,0
727922,-2030,7890,-334,61,6,21,53195,1,0,2,0,37090,124,30,65,0,0,0,0,0,0,0,0,-32306,0,0,0,0,0,727927,0
727927,-2028,7882,-332,57,9,20,53195,2,-8,3,0,37090,124,30,65,0,0,0,0,0,0,0,0,-32305,0,0,0,0,0,727932,0
727932,-2020,7914,-348,59,1,21,53195,1,4,2,0,37090,131,30,65,0,0,0,0,0,0,0,0,-32306,0,0,0,0,0,727937,0
727937,-2026,7866,-328,62,-11,22,53195,-2,-1,3,0,37090,131,30,65,0,0,0,0,0,0,0,0,-32306,0,0,0,0,0,727942,0
727942,-2044,7870,-326,64,-8,21,53194,-3,0,1,0,37093,125,30,65,0,0,0,0,0,0,0,0,-32306,0,0,0,0,0,727947,0
727947,-2016,7886,-308,68,-11,22,53195,-2,-2,1,0,37093,125,30,65,0,0,0,0,0,0,0,0,-32306,0,0,0,0,0,727952,0
727952,-2030,7890,-324,65,-20,23,53196,5,1,3,0,37095,122,30,65,0,0,0,0,0,0,0,0,-32306,0,0,0,0,0,727957,0
727957,-2006,7890,-334,71,-24,22,53195,-1,1,2,0,37095,122,30,65,0,0,0,0,0,0,0,0,-32306,0,0,0,0,0,727962,0
727962,-2014,7898,-318,67,-22,19,53194,0,0,3,0,37094,119,30,65,0,0,0,0,0,0,0,0,-32306,0,0,0,0,0,727967,0
727967,-2034,7902,-342,70,-23,21,53196,0,-4,3,0,37094,119,30,65,0,0,0,0,0,0,0,0,-32306,0,0,0,0,0,727972,0
727972,-2036,7890,-322,62,-23,18,53195,-5,1,3,0,37093,120,30,65,0,0,0,0,0,0,0,0,-32306,0,0,0,0,0,727977,0
727977,-2038,7902,-350,70,-23,21,53195,-1,0,2,0,37093,120,30,65,0,0,0,0,0,0,0,0,-32306,0,0,0,0,0,727982,0
727982,-2024,7920,-340,74,-19,18,53195,-2,-2,2,0,37091,130,30,65,0,0,0,0,0,0,0,0,-32305,0,0,0,0,0,727987,0
727987,-2026,7926,-336,72,-18,17,53196,5,-2,3,0,37091,130,30,65,0,0,0,0,0,0,0,0,-32306,0,0,0,0,0,727992,0
727992,-1986,7912,-340,72,-23,22,53195,2,-1,4,0,37097,133,30,65,0,0,0,0,0,0,0,0,-32306,0,0,0,0,0,727997,0
727997,-2006,7900,-324,67,-19,14,53195,1,4,3,0,37097,133,30,65,0,0,0,0,0,0,0,0,-32306,0,0,0,0,0,728002,0
728002,-2008,7888,-350,65,-15,20,53195,-4,-3,4,0,37098,145,30,65,0,0,0,0,0,0,0,0,-32306,0,0,0,0,0,728007,0
728007,-1996,7904,-330,67,-10,22,53196,1,2,2,0,37098,145,30,65,0,0,0,0,0,0,0,0,-32306,0,0,0,0,0,728012,0
728012,-2014,7914,-344,62,-9,23,53195,2,2,2,0,37098,142,30,65,0,0,0,0,0,0,0,0,-32306,0,0,0,0,0,728017,0
728017,-2008,7920,-322,65,0,25,53195,-1,3,3,0,37098,142,30,65,0,0,0,0,0,0,0,0,-32306,0,0,0,0,0,728022,0
728022,-1996,7946,-324,62,-1,23,53195,-2,-4,3,0,37096,134,30,65,0,0,0,0,0,0,0,0,-32306,0,0,0,0,0,728027,0
728027,-2014,7908,-342,66,1,25,53195,0,2,3,0,37096,134,30,65,0,0,0,0,0,0,0,0,-32306,0,0,0,0,0,728032,0
728032,-1992,7910,-338,62,3,25,53195,0,2,2,0,37096,124,30,65,0,0,0,0,0,0,0,0,-32306,0,0,0,0,0,728037,0
728037,-2024,7904,-332,62,8,29,53195,0,2,3,0,37096,124,30,65,0,0,0,0,0,0,0,0,-32305,0,0,0,0,0,728042,0
728042,-2012,7892,-330,62,5,29,53195,3,-1,2,0,37100,128,30,65,0,0,0,0,0,0,0,0,-32306,0,0,0,0,0,728047,0
728047,-2016,7918,-344,65,4,27,53194,-6,1,2,0,37100,128,30,65,0,0,0,0,0,0,0,0,-32306,0,0,0,0,0,728052,0
728052,-2008,7902,-336,56,3,26,53195,0,0,3,0,37098,127,30,65,0,0,0,0,0,0,0,0,-32305,0,0,0,0,0,728057,0
728057,-1994,7910,-334,63,2,26,53195,1,2,3,0,37098,127,30,65,0,0,0,0,0,0,0,0,-32306,0,0,0,0,0,728062,0
728062,-2002,7886,-342,61,5,25,53196,5,2,4,0,37093,125,30,65,0,0,0,0,0,0,0,0,-32306,0,0,0,0,0,728067,0
728067,-1986,7880,-352,64,10,24,53195,0,0,2,0,37093,125,30,65,0,0,0,0,0,0,0,0,-32306,0,0,0,0,0,728072,0
728072,-2004,7898,-346,58,6,23,53195,5,-1,4,0,37091,133,30,65,0,0,0,0,0,0,0,0,-32306,0,0,0,0,0,728077,0
728077,-2018,7892,-334,64,4,24,53195,0,2,3,0,37091,133,30,65,0,0,0,0,0,0,0,0,-32305,0,0,0,0,0,728082,0
728082,-2036,7912,-334,60,4,20,53197,1,-4,3,0,37091,134,30,65,0,0,0,0,0,0,0,0,-32306,0,0,0,0,0,728087,0
728087,-1998,7916,-342,62,0,27,53196,2,-1,4,0,37091,134,30,65,0,0,0,0,0,0,0,0,-32305,0,0,0,0,0,728092,0
728092,-2018,7872,-336,65,3,24,53195,5,-1,2,0,37092,130,30,65,0,0,0,0,0,0,0,0,-32306,0,0,0,0,0,728097,0
728097,-2002,7870,-320,65,4,29,53195,1,-1,1,0,37092,130,30,65,0,0,0,0,0,0,0,0,-32305,0,0,0,0,0,728102,0
728102,-2006,7908,-314,63,5,28,53196,3,1,3,0,37095,129,30,65,0,0,0,0,0,0,0,0,-32306,0,0,0,0,0,728107,0
728107,-2016,7876,-344,64,3,26,53195,0,3,1,0,37095,129,30,65,0,0,0,0,0,0,0,0,-32306,0,0,0,0,0,728112,0
728112,-2040,7890,-344,66,0,26,53195,-3,-2,2,0,37095,121,30,65,0,0,0,0,0,0,0,0,-32305,0,0,0,0,0,728117,0
728117,-2030,7890,-346,65,4,33,53195,3,-5,2,0,37095,121,30,65,0,0,0,0,0,0,0,0,-32306,0,0,0,0,0,728122,0
728122,-2020,7884,-328,64,3,33,53195,5,4,2,0,37093,128,30,65,0,0,0,0,0,0,0,0,-32306,0,0,0,0,0,728127,0
728127,-2028,7896,-328,69,-8,31,53196,0,0,4,0,37093,128,30,65,0,0,0,0,0,0,0,0,-32306,0,0,0,0,0,728132,0
728132,-2026,7866,-294,77,-16,32,53195,-2,-5,2,0,37088,131,30,65,0,0,0,0,0,0,0,0,-32306,0,0,0,0,0,728137,0
728137,-2024,7860,-322,73,-13,32,53196,4,1,1,0,37088,131,30,65,0,0,0,0,0,0,0,0,-32306,0,0,0,0,0,728142,0
728142,-2018,7866,-336,75,-11,31,53196,4,-1,2,0,37088,126,30,65,0,0,0,0,0,0,0,0,-32306,0,0,0,0,0,728147,0
728147,-2042,7874,-312,75,-17,29,53194,-4,-1,1,0,37088,126,30,65,0,0,0,0,0,0,0,0,-32306,0,0,0,0,0,728152,0
728152,-2054,7876,-318,77,-16,27,53194,-6,0,1,0,37088,124,30,65,0,0,0,0,0,0,0,0,-32306,0,0,0,0,0,728157,0
728157,-2030,7862,-310,76,-18,32,53195,0,0,3,0,37088,124,30,65,0,0,0,0,0,0,0,0,-32306,0,0,0,0,0,728162,0
728162,-1998,7864,-336,78,-23,28,53195,0,0,2,0,37090,122,30,65,0,0,0,0,0,0,0,0,-32305,0,0,0,0,0,728167,0
728167,-1992,7872,-306,78,-16,28,53195,1,6,2,0,37090,122,30,65,0,0,0,0,0,0,0,0,-32306,0,0,0,0,0,728172,0
728172,-1990,7866,-302,75,-10,31,53195,0,-2,4,0,37091,122,30,65,0,0,0,0,0,0,0,0,-32306,0,0,0,0,0,728177,0
728177,-2010,7884,-322,71,-9,35,53195,0,-2,3,0,37091,122,30,65,0,0,0,0,0,0,0,0,-32306,0,0,0,0,0,728182,0
728182,-1994,7930,-322,70,-2,31,53195,-1,2,1,0,37093,122,30,65,0,0,0,0,0,0,0,0,-32306,0,0,0,0,0,728187,0
728187,-1998,7896,-340,69,-5,33,53196,3,-2,2,0,37093,122,30,65,0,0,0,0,0,0,0,0,-32305,0,0,0,0,0,728192,0
728192,-1968,7896,-308,62,3,33,53194,3,-1,2,0,37093,123,30,65,0,0,0,0,0,0,0,0,-32306,0,0,0,0,0,728197,0
728197,-2002,7904,-326,65,10,32,53195,1,-3,2,0,37093,123,30,65,0,0,0,0,0,0,0,0,-32306,0,0,0,0,0,728202,0
728202,-2016,7922,-316,61,11,30,53193,-9,-2,4,0,37102,122,30,65,0,0,0,0,0,0,0,0,-32305,0,0,0,0,0,728207,0
728207,-2010,7900,-308,64,15,32,53195,3,3,2,0,37102,122,30,65,0,0,0,0,0,0,0,0,-32306,0,0,0,0,0,728212,0
728212,-2028,7888,-324,56,12,32,53195,3,2,1,0,37101,123,30,65,0,0,0,0,0,0,0,0,-32305,0,0,0,0,0,728217,0
728217,-2000,7876,-338,56,20,31,53196,0,0,2,0,37101,123,30,65,0,0,0,0,0,0,0,0,-32306,0,0,0,0,0,728222,0
728222,-2018,7904,-308,62,16,31,53196,-3,-2,2,0,37102,123,30,65,0,0,0,0,0,0,0,0,-32306,0,0,0,0,0,728227,0
728227,-2028,7878,-328,64,15,31,53195,-1,-1,4,0,37102,123,30,65,0,0,0,0,0,0,0,0,-32306,0,0,0,0,0,728232,0
728232,-2040,7898,-310,60,7,31,53195,0,-2,3,0,37099,134,30,65,0,0,0,0,0,0,0,0,-32305,0,0,0,0,0,728237,0
728237,-2060,7906,-308,65,10,29,53196,2,-4,2,0,37099,134,30,65,0,0,0,0,0,0,0,0,-32306,0,0,0,0,0,728242,0
728242,-2060,7872,-316,66,4,33,53195,-2,-1,1,0,37095,129,30,65,0,0,0,0,0,0,0,0,-32306,0,0,0,0,0,728247,0
728247,-2044,7886,-304,60,2,31,53195,-1,2,2,0,37095,129,30,65,0,0,0,0,0,0,0,0,-32306,0,0,0,0,0,728252,0
728252,-2040,7858,-304,66,4,32,53196,1,-2,2,0,37096,129,30,65,0,0,0,0,0,0,0,0,-32305,0,0,0,0,0,728257,0
728257,-2016,7878,-312,64,5,33,53194,-5,-1,2,0,37096,129,30,65,0,0,0,0,0,0,0,0,-32306,0,0,0,0,0,728262,0
728262,-2040,7870,-326,66,-1,30,53196,-3,-2,2,0,37096,126,30,65,0,0,0,0,0,0,0,0,-32306,0,0,0,0,0,728267,0
728267,-2038,7876,-332,69,3,29,53195,-4,-3,2,0,37096,126,30,65,0,0,0,0,0,0,0,0,-32306,0,0,0,0,0,728272,0
728272,-2020,7890,-326,65,-2,28,53194,-3,4,2,0,37096,125,30,65,0,0,0,0,0,0,0,0,-32305,0,0,0,0,0,728277,0
728277,-2030,7884,-314,68,-6,27,53196,5,-5,2,0,37096,125,30,65,0,0,0,0,0,0,0,0,-32305,0,0,0,0,0,728282,0
728282,-2048,7870,-326,70,2,30,53195,1,2,3,0,37095,130,30,65,0,0,0,0,0,0,0,0,-32305,0,0,0,0,0,728287,0
728287,-2050,7864,-310,68,-9,28,53195,-1,5,2,0,37095,130,30,65,0,0,0,0,0,0,0,0,-32306,0,0,0,0,0,728292,0
728292,-2024,7880,-314,71,-3,28,53195,2,3,2,0,37099,136,30,65,0,0,0,0,0,0,0,0,-32305,0,0,0,0,0,728297,0
728297,-2030,7888,-322,68,-10,29,53194,-1,1,2,0,37099,136,30,65,0,0,0,0,0,0,0,0,-32305,0,0,0,0,0,728302,0
728302,-2028,7888,-338,71,-5,25,53195,-1,-1,3,0,37099,142,30,65,0,0,0,0,0,0,0,0,-32305,0,0,0,0,0,728307,0
728307,-2068,7874,-332,71,-9,22,53195,2,1,4,0,37099,142,30,65,0,0,0,0,0,0,0,0,-32305,0,0,0,0,0,728312,0
728312,-2050,7864,-316,72,-10,21,53196,-1,6,2,0,37101,137,30,65,0,0,0,0,0,0,0,0,-32306,0,0,0,0,0,728317,0
728317,-2028,7882,-334,62,-14,21,53195,-3,-1,2,0,37101,137,30,65,0,0,0,0,0,0,0,0,-32306,0,0,0,0,0,728322,0
728322,-2026,7858,-324,71,-17,19,53195,1,2,1,0,37098,133,30,65,0,0,0,0,0,0,0,0,-32305,0,0,0,0,0,728327,0
728327,-2038,7914,-314,73,-10,17,53195,3,-1,3,0,37098,133,30,65,0,0,0,0,0,0,0,0,-32305,0,0,0,0,0,728332,0
728332,-2034,7934,-320,71,-9,21,53195,-2,1,3,0,37098,129,30,65,0,0,0,0,0,0,0,0,-32305,0,0,0,0,0,728337,0
728337,-2042,7912,-338,66,-3,26,53195,2,1,3,0,37098,129,30,65,0,0,0,0,0,0,0,0,-32305,0,0,0,0,0,728342,0
728342,-2032,7910,-304,70,-11,23,53195,-1,0,2,0,37094,129,30,65,0,0,0,0,0,0,0,0,-32305,0,0,0,0,0,728347,0
728347,-2062,7906,-330,67,-5,20,53195,-3,1,2,0,37094,129,30,65,0,0,0,0,0,0,0,0,-32305,0,0,0,0,0,728352,0
728352,-2066,7908,-318,65,-10,17,53195,2,-2,2,0,37095,130,30,65,0,0,0,0,0,0,0,0,-32306,0,0,0,0,0,728357,0
728357,-2062,7902,-318,68,-7,22,53195,-3,0,2,0,37095,130,30,65,0,0,0,0,0,0,0,0,-32306,0,0,0,0,0,728362,0
728362,-2030,7886,-320,67,-7,17,53196,3,1,3,0,37092,132,30,65,0,0,0,0,0,0,0,0,-32306,0,0,0,0,0,728367,0
728367,-2014,7906,-316,63,-11,17,53195,2,0,2,0,37092,132,30,65,0,0,0,0,0,0,0,0,-32306,0,0,0,0,0,728372,0
728372,-2050,7886,-318,66,-8,15,53195,-1,-1,1,0,37092,130,30,65,0,0,0,0,0,0,0,0,-32306,0,0,0,0,0,728377,0
728377,-2042,7882,-320,69,-9,15,53196,9,4,1,0,37092,130,30,65,0,0,0,0,0,0,0,0,-32306,0,0,0,0,0,728382,0
728382,-2038,7876,-326,62,-9,19,53195,3,0,2,0,37095,131,30,65,0,0,0,0,0,0,0,0,-32306,0,0,0,0,0,728387,0
728387,-2050,7900,-322,67,-13,16,53195,-1,2,3,0,37095,131,30,65,0,0,0,0,0,0,0,0,-32306,0,0,0,0,0,728392,0
728392,-2044,7904,-310,63,-12,17,53195,-3,0,3,0,37096,126,30,65,0,0,0,0,0,0,0,0,-32306,0,0,0,0,0,728397,0
728397,-2042,7902,-310,64,-9,16,53195,0,3,1,0,37096,126,30,65,0,0,0,0,0,0,0,0,-32306,0,0,0,0,0,728402,0
728402,-2048,7900,-292,65,-18,14,53195,-7,-1,3,0,37095,131,30,65,0,0,0,0,0,0,0,0,-32305,0,0,0,0,0,728407,0
728407,-2062,7904,-316,70,-18,15,53196,0,2,2,0,37095,131,30,65,0,0,0,0,0,0,0,0,-32306,0,0,0,0,0,728412,0
728412,-2062,7892,-308,62,-21,12,53195,1,4,3,0,37099,126,30,65,0,0,0,0,0,0,0,0,-32306,0,0,0,0,0,728417,0
728417,-2048,7890,-322,70,-11,17,53196,7,5,4,0,37099,126,30,65,0,0,0,0,0,0,0,0,-32306,0,0,0,0,0,728422,0
728422,-1990,7874,-316,64,-17,13,53195,6,0,3,0,37100,123,30,65,0,0,0,0,0,0,0,0,-32306,0,0,0,0,0,728427,0
728427,-2020,7882,-316,66,-11,12,53195,-7,4,3,0,37100,123,30,65,0,0,0,0,0,0,0,0,-32305,0,0,0,0,0,728432,0
728432,-2014,7900,-332,62,-15,11,53195,0,4,3,0,37101,121,30,65,0,0,0,0,0,0,0,0,-32305,0,0,0,0,0,728437,0
728437,-2020,7892,-314,67,-10,13,53195,0,1,2,0,37101,121,30,65,0,0,0,0,0,0,0,0,-32306,0,0,0,0,0,728442,0
728442,-2000,7874,-316,63,-7,14,53194,0,-1,3,0,37099,125,30,65,0,0,0,0,0,0,0,0,-32305,0,0,0,0,0,728447,0
728447,-2042,7872,-336,61,-10,12,53195,0,-1,3,0,37099,125,30,65,0,0,0,0,0,0,0,0,-32306,0,0,0,0,0,728452,0
728452,-2026,7870,-330,58,-4,13,53195,-1,5,2,0,37098,135,30,65,0,0,0,0,0,0,0,0,-32306,0,0,0,0,0,728457,0
728457,-2034,7868,-326,59,-5,8,53195,-2,-2,2,0,37098,135,30,65,0,0,0,0,0,0,0,0,-32306,0,0,0,0,0,728462,0
728462,-2000,7888,-310,55,-7,16,53196,3,4,2,0,37098,130,30,65,0,0,0,0,0,0,0,0,-32306,0,0,0,0,0,728467,0
728467,-2046,7880,-322,58,-3,13,53194,0,-1,2,0,37098,130,30,65,0,0,0,0,0,0,0,0,-32305,0,0,0,0,0,728472,0
728472,-2038,7880,-322,63,-2,7,53196,-2,-1,2,0,37098,128,30,65,0,0,0,0,0,0,0,0,-32305,0,0,0,0,0,728477,0
728477,-2002,7896,-318,56,-4,10,53194,-1,-2,2,0,37098,128,30,65,0,0,0,0,0,0,0,0,-32306,0,0,0,0,0,728482,0
728482,-2038,7868,-328,56,-2,15,53196,-3,1,3,0,37097,127,30,65,0,0,0,0,0,0,0,0,-32306,0,0,0,0,0,728487,0
728487,-2044,7880,-328,56,-7,16,53195,0,-2,3,0,37097,127,30,65,0,0,0,0,0,0,0,0,-32306,0,0,0,0,0,728492,0
728492,-2058,7896,-322,55,-9,16,53196,2,-3,3,0,37096,133,30,65,0,0,0,0,0,0,0,0,-32306,0,0,0,0,0,728497,0
728497,-2074,7896,-300,63,-6,17,53194,-7,3,1,0,37096,133,30,65,0,0,0,0,0,0,0,0,-32306,0,0,0,0,0,728502,0
728502,-2058,7884,-298,59,-8,18,53195,-2,2,3,0,37097,132,30,65,0,0,0,0,0,0,0,0,-32306,0,0,0,0,0,728507,0
728507,-2046,7896,-326,64,-8,15,53196,3,0,3,0,37097,132,30,65,0,0,0,0,0,0,0,0,-32305,0,0,0,0,0,728512,0
728512,-2022,7886,-354,61,-11,14,53195,-6,0,3,0,37097,134,30,65,0,0,0,0,0,0,0,0,-32306,0,0,0,0,0,728517,0
728517,-2024,7890,-316,63,-14,14,53195,0,0,3,0,37097,134,30,65,0,0,0,0,0,0,0,0,-32305,0,0,0,0,0,728522,0
728522,-2026,7906,-344,65,-12,12,53195,0,-1,1,0,37101,139,30,65,0,0,0,0,0,0,0,0,-32306,0,0,0,0,0,728527,0
728527,-2042,7884,-312,64,-19,15,53195,5,0,2,0,37101,139,30,65,0,0,0,0,0,0,0,0,-32306,0,0,0,0,0,728532,0
728532,-2038,7890,-348,66,-21,9,53194,-7,-7,1,0,37099,136,30,65,0,0,0,0,0,0,0,0,-32306,0,0,0,0,0,728537,0
728537,-2014,7884,-340,63,-18,10,53194,3,-3,3,0,37099,136,30,65,0,0,0,0,0,0,0,0,-32306,0,0,0,0,0,728542,0
728542,-2048,7898,-336,65,-22,10,53195,-3,-2,3,0,37101,135,30,65,0,0,0,0,0,0,0,0,-32306,0,0,0,0,0,728547,0
728547,-1996,7888,-326,68,-19,8,53196,3,0,2,0,37101,135,30,65,0,0,0,0,0,0,0,0,-32306,0,0,0,0,0,728552,0
728552,-2024,7902,-332,64,-20,6,53196,6,-1,2,0,37101,135,30,65,0,0,0,0,0,0,0,0,-32306,0,0,0,0,0,728557,0
728557,-1994,7876,-340,68,-20,11,53195,5,2,3,0,37101,135,30,65,0,0,0,0,0,0,0,0,-32306,0,0,0,0,0,728562,0
728562,-2028,7904,-342,63,-13,12,53196,-1,0,4,0,37101,126,30,65,0,0,0,0,0,0,0,0,-32306,0,0,0,0,0,728567,0
728567,-2010,7884,-338,64,-14,13,53195,1,5,3,0,37101,126,30,65,0,0,0,0,0,0,0,0,-32305,0,0,0,0,0,728572,0
728572,-2030,7910,-348,60,-10,13,53196,0,-1,4,0,37098,129,30,65,0,0,0,0,0,0,0,0,-32305,0,0,0,0,0,728577,0
728577,-2010,7884,-342,59,-10,17,53196,-1,3,3,0,37098,129,30,65,0,0,0,0,0,0,0,0,-32305,0,0,0,0,0,728582,0
728582,-2026,7866,-346,56,-9,16,53194,-5,-3,3,0,37095,124,30,65,0,0,0,0,0,0,0,0,-32306,0,0,0,0,0,728587,0
728587,-2038,7872,-344,61,-10,13,53195,0,-2,2,0,37095,124,30,65,0,0,0,0,0,0,0,0,-32306,0,0,0,0,0,728592,0
728592,-2000,7878,-346,61,-10,16,53196,1,2,1,0,37095,123,30,65,0,0,0,0,0,0,0,0,-32305,0,0,0,0,0,728597,0
728597,-2008,7900,-352,59,-4,15,53195,-2,2,1,0,37095,123,30,65,0,0,0,0,0,0,0,0,-32305,0,0,0,0,0,728602,0
728602,-2016,7908,-344,61,-6,20,53196,4,3,2,0,37096,118,30,65,0,0,0,0,0,0,0,0,-32306,0,0,0,0,0,728607,0
728607,-2020,7876,-368,58,-2,12,53195,-5,-2,2,0,37096,118,30,65,0,0,0,0,0,0,0,0,-32305,0,0,0,0,0,728612,0
728612,-2026,7906,-330,59,1,12,53196,2,3,3,0,37095,121,30,65,0,0,0,0,0,0,0,0,-32305,0,0,0,0,0,728617,0
728617,-2006,7910,-348,65,-2,12,53195,4,0,2,0,37095,121,30,65,0,0,0,0,0,0,0,0,-32305,0,0,0,0,0,728622,0
728622,-2008,7860,-334,57,-1,11,53195,3,-1,2,0,37093,129,30,65,0,0,0,0,0,0,0,0,-32306,0,0,0,0,0,728627,0
728627,-2016,7890,-358,63,-2,14,53196,5,4,5,0,37093,129,30,65,0,0,0,0,0,0,0,0,-32306,0,0,0,0,0,728632,0
728632,-2034,7866,-348,64,-2,16,53195,-1,4,4,0,37098,142,30,65,0,0,0,0,0,0,0,0,-32306,0,0,0,0,0,728637,0
728637,-2044,7882,-346,63,-2,21,53195,-1,-1,3,0,37098,142,30,65,0,0,0,0,0,0,0,0,-32306,0,0,0,0,0,728642,0
728642,-2010,7872,-328,63,-4,20,53195,0,-2,2,0,37100,136,30,65,0,0,0,0,0,0,0,0,-32306,0,0,0,0,0,728647,0
728647,-2028,7848,-330,63,0,17,53196,-7,-3,1,0,37100,136,30,65,0,0,0,0,0,0,0,0,-32306,0,0,0,0,0,728652,0
728652,-2036,7884,-322,57,-2,14,53195,-3,-3,1,0,37101,139,30,65,0,0,0,0,0,0,0,0,-32306,0,0,0,0,0,728657,0
728657,-2040,7888,-306,63,-8,10,53194,-2,4,3,0,37101,139,30,65,0,0,0,0,0,0,0,0,-32306,0,0,0,0,0,728662,0
728662,-2056,7896,-332,67,-1,16,53197,-1,-4,4,0,37098,139,30,65,0,0,0,0,0,0,0,0,-32306,0,0,0,0,0,728667,0
728667,-2044,7892,-322,68,-10,20,53196,0,1,4,0,37098,139,30,65,0,0,0,0,0,0,0,0,-32305,0,0,0,0,0,728672,0
728672,-2044,7898,-324,64,-6,19,53195,0,5,3,0,37097,145,30,65,0,0,0,0,0,0,0,0,-32305,0,0,0,0,0,728677,0
728677,-2044,7882,-328,67,-16,19,53195,-2,-3,1,0,37097,145,30,65,0,0,0,0,0,0,0,0,-32305,0,0,0,0,0,728682,0
728682,-2034,7880,-306,73,-16,21,53196,6,-4,2,0,37097,136,30,65,0,0,0,0,0,0,0,0,-32306,0,0,0,0,0,728687,0
728687,-2040,7906,-346,66,-16,16,53194,0,3,2,0,37097,136,30,65,0,0,0,0,0,0,0,0,-32305,0,0,0,0,0,728692,0
728692,-2044,7900,-320,65,-23,14,53195,2,2,3,0,37096,123,30,65,0,0,0,0,0,0,0,0,-32306,0,0,0,0,0,728697,0
728697,-2012,7898,-318,71,-18,14,53194,-9,0,3,0,37096,123,30,65,0,0,0,0,0,0,0,0,-32306,0,0,0,0,0,728703,0
728702,-2010,7896,-332,64,-21,20,53194,-1,5,3,0,37095,118,30,65,0,0,0,0,0,0,0,0,-32305,0,0,0,0,0,728708,0
728707,-2006,7876,-342,74,-19,16,53195,-4,0,2,0,37095,118,30,65,0,0,0,0,0,0,0,0,-32306,0,0,0,0,0,728713,0
728712,-2024,7884,-352,72,-17,15,53194,-5,1,3,0,37095,123,30,65,0,0,0,0,0,0,0,0,-32306,0,0,0,0,0,728718,0
728717,-2018,7920,-342,70,-23,15,53195,2,0,4,0,37095,123,30,65,0,0,0,0,0,0,0,0,-32306,0,0,0,0,0,728723,0
728722,-2018,7890,-330,65,-11,18,53195,-2,5,2,0,37093,129,30,65,0,0,0,0,0,0,0,0,-32306,0,0,0,0,0,728728,0
728727,-2016,7906,-350,63,-19,17,53196,6,3,3,0,37093,129,30,65,0,0,0,0,0,0,0,0,-32306,0,0,0,0,0,728733,0
728732,-2006,7884,-314,65,-13,16,53194,-1,2,0,0,37098,125,30,65,0,0,0,0,0,0,0,0,-32306,0,0,0,0,0,728738,0
728737,-2014,7886,-338,68,-10,15,53195,0,0,-1,0,37098,125,30,65,0,0,0,0,0,0,0,0,-32305,0,0,0,0,0,728743,0
728742,-1986,7898,-344,69,-8,18,53195,3,-1,2,0,37098,132,30,65,0,0,0,0,0,0,0,0,-32306,0,0,0,0,0,728748,0
728747,-2012,7922,-336,66,-3,17,53196,0,2,2,0,37098,132,30,65,0,0,0,0,0,0,0,0,-32305,0,0,0,0,0,728753,0
728752,-2032,7914,-320,66,-4,19,53195,-2,2,2,0,37100,123,30,65,0,0,0,0,0,0,0,0,-32306,0,0,0,0,0,728758,0
728757,-2042,7910,-324,62,-1,20,53196,3,0,2,0,37100,123,30,65,0,0,0,0,0,0,0,0,-32305,0,0,0,0,0,728763,0
728762,-2032,7912,-332,61,-10,23,53196,6,-1,3,0,37099,120,30,65,0,0,0,0,0,0,0,0,-32306,0,0,0,0,0,728768,0
728767,-2006,7918,-334,63,-7,23,53195,5,-1,3,0,37099,120,30,65,0,0,0,0,0,0,0,0,-32306,0,0,0,0,0,728773,0
728772,-2016,7902,-304,61,-3,23,53195,1,3,3,0,37095,122,30,65,0,0,0,0,0,0,0,0,-32306,0,0,0,0,0,728778,0
728777,-2010,7884,-330,65,-3,24,53195,-3,-4,3,0,37095,122,30,65,0,0,0,0,0,0,0,0,-32305,0,0,0,0,0,728783,0
728782,-2000,7900,-320,67,-4,21,53195,0,1,3,0,37095,131,30,65,0,0,0,0,0,0,0,0,-32306,0,0,0,0,0,728788,0
728787,-2034,7880,-326,66,2,24,53194,-5,0,3,0,37095,131,30,65,0,0,0,0,0,0,0,0,-32305,0,0,0,0,0,728793,0
728792,-2034,7898,-342,61,1,21,53196,2,1,1,0,37095,133,30,65,0,0,0,0,0,0,0,0,-32306,0,0,0,0,0,728798,0
728797,-2038,7886,-354,63,0,20,53196,-2,0,1,0,37095,133,30,65,0,0,0,0,0,0,0,0,-32306,0,0,0,0,0,728803,0
728802,-2052,7890,-342,63,-2,23,53195,0,2,3,0,37093,132,30,65,0,0,0,0,0,0,0,0,-32306,0,0,0,0,0,728809,0
728807,-2040,7898,-316,67,-1,21,53194,-2,0,2,0,37093,132,30,65,0,0,0,0,0,0,0,0,-32305,0,0,0,0,0,728814,0
728812,-2032,7890,-318,69,-5,23,53196,2,-2,4,0,37089,125,30,65,0,0,0,0,0,0,0,0,-32306,0,0,0,0,0,728816,0
728817,-2032,7888,-334,63,-9,18,53196,1,-1,3,0,37089,125,30,65,0,0,0,0,0,0,0,0,-32305,0,0,0,0,0,728816,0
728822,-2042,7870,-324,67,-14,20,53196,6,3,4,0,37078,127,30,65,0,0,0,0,0,0,0,0,-32306,0,0,0,0,0,728820,0
728827,-2008,7896,-338,72,-17,19,53194,0,-1,4,0,37078,127,30,65,0,0,0,0,0,0,0,0,-32306,0,0,0,0,0,728825,0
728832,-2030,7868,-350,59,-15,28,53195,-2,-2,2,0,37082,126,30,65,0,0,0,0,0,0,0,0,-32305,0,0,0,0,0,728830,0
728837,-2000,7882,-340,68,-15,23,53195,-3,0,2,0,37082,126,30,65,0,0,0,0,0,0,0,0,-32306,0,0,0,0,0,728835,0
728842,-2008,7884,-322,70,-13,27,53196,-1,1,4,0,37083,128,30,65,0,0,0,0,0,0,0,0,-32306,0,0,0,0,0,728840,0
728847,-2030,7882,-336,68,-6,28,53195,-1,0,3,0,37083,128,30,65,0,0,0,0,0,0,0,0,-32306,0,0,0,0,0,728845,0
728852,-2014,7922,-338,64,-5,31,53196,1,-4,2,0,37088,134,30,65,0,0,0,0,0,0,0,0,-32306,0,0,0,0,0,728852,0
728857,-2032,7910,-350,63,-6,26,53195,-2,2,2,0,37088,134,30,65,0,0,0,0,0,0,0,0,-32306,0,0,0,0,0,728855,0
728862,-2002,7902,-352,69,-5,26,53194,-9,-2,2,0,37084,138,30,65,0,0,0,0,0,0,0,0,-32306,0,0,0,0,0,728860,0
728867,-2030,7920,-338,67,6,29,53196,-3,-3,2,0,37084,138,30,65,0,0,0,0,0,0,0,0,-32306,0,0,0,0,0,728865,0
728872,-2014,7902,-348,61,11,31,53195,1,-4,0,0,37081,133,30,65,0,0,0,0,0,0,0,0,-32306,0,0,0,0,0,728870,0
728877,-1990,7924,-318,63,6,25,53193,-10,7,1,0,37081,133,30,65,0,0,0,0,0,0,0,0,-32306,0,0,0,0,0,728875,0
728882,-2040,7914,-344,58,1,30,53196,-1,-1,3,0,37087,138,30,65,0,0,0,0,0,0,0,0,-32306,0,0,0,0,0,728880,0
728887,-2054,7908,-328,65,0,25,53195,-5,-2,2,0,37087,138,30,65,0,0,0,0,0,0,0,0,-32306,0,0,0,0,0,728885,0
728892,-2050,7898,-314,68,-2,21,53196,-3,4,1,0,37092,136,30,65,0,0,0,0,0,0,0,0,-32305,0,0,0,0,0,728890,0
728897,-2046,7896,-306,63,-5,23,53195,0,-3,2,0,37092,136,30,65,0,0,0,0,0,0,0,0,-32306,0,0,0,0,0,728895,0
728902,-2048,7888,-336,68,-9,17,53195,-3,-1,3,0,37093,133,30,65,0,0,0,0,0,0,0,0,-32305,0,0,0,0,0,728900,0
728907,-2034,7904,-364,66,-4,13,53195,-4,2,2,0,37093,133,30,65,0,0,0,0,0,0,0,0,-32305,0,0,0,0,0,728905,0
728912,-2030,7876,-332,66,-8,18,53195,-1,0,1,0,37091,121,30,65,0,0,0,0,0,0,0,0,-32305,0,0,0,0,0,728910,0
728917,-2002,7878,-310,63,-9,20,53194,-2,4,2,0,37091,121,30,65,0,0,0,0,0,0,0,0,-32305,0,0,0,0,0,728915,0
728922,-2004,7880,-322,71,-9,20,53195,0,4,1,0,37089,118,30,65,0,0,0,0,0,0,0,0,-32306,0,0,0,0,0,728920,0
728927,-2024,7888,-294,70,-7,23,53195,2,0,2,0,37089,118,30,65,0,0,0,0,0,0,0,0,-32306,0,0,0,0,0,728925,0
728932,-1988,7874,-326,65,-7,32,53195,-5,0,2,0,37091,126,30,65,0,0,0,0,0,0,0,0,-32306,0,0,0,0,0,728930,0
728937,-1988,7864,-324,69,-7,29,53195,1,3,3,0,37091,126,30,65,0,0,0,0,0,0,0,0,-32306,0,0,0,0,0,728935,0
728942,-2006,7872,-326,66,-4,31,53196,1,0,2,0,37093,128,30,65,0,0,0,0,0,0,0,0,-32305,0,0,0,0,0,728940,0
728947,-2026,7858,-308,66,1,33,53195,3,1,5,0,37093,128,30,65,0,0,0,0,0,0,0,0,-32306,0,0,0,0,0,728945,0
728952,-1980,7862,-310,63,1,36,53195,3,0,2,0,37097,126,30,65,0,0,0,0,0,0,0,0,-32305,0,0,0,0,0,728953,0
728957,-1990,7896,-348,74,4,41,53196,6,-1,2,0,37097,126,30,65,0,0,0,0,0,0,0,0,-32305,0,0,0,0,0,728955,0
728962,-2000,7904,-298,56,-1,38,53196,0,0,2,0,37093,124,30,65,0,0,0,0,0,0,0,0,-32306,0,0,0,0,0,728960,0
728967,-2026,7870,-346,59,-2,31,53195,-1,-1,3,0,37093,124,30,65,0,0,0,0,0,0,0,0,-32306,0,0,0,0,0,728965,0
728972,-2026,7858,-326,69,2,34,53194,-4,-1,3,0,37090,125,30,65,0,0,0,0,0,0,0,0,-32306,0,0,0,0,0,728970,0
728977,-2008,7874,-322,70,5,35,53193,-7,1,1,0,37090,125,30,65,0,0,0,0,0,0,0,0,-32306,0,0,0,0,0,728975,0
728982,-2016,7892,-324,71,3,34,53195,1,-2,3,0,37083,129,30,65,0,0,0,0,0,0,0,0,-32306,0,0,0,0,0,728980,0
728987,-2042,7876,-346,66,-2,34,53195,-1,3,2,0,37083,129,30,65,0,0,0,0,0,0,0,0,-32306,0,0,0,0,0,728985,0
728992,-2026,7886,-340,62,-5,32,53196,7,2,2,0,37087,130,30,65,0,0,0,0,0,0,0,0,-32306,0,0,0,0,0,728990,0
728997,-2052,7898,-326,60,-3,33,53195,-9,2,2,0,37087,130,30,65,0,0,0,0,0,0,0,0,-32306,0,0,0,0,0,728995,0
729002,-2054,7888,-328,64,-5,33,53195,0,0,2,0,37092,131,30,65,0,0,0,0,0,0,0,0,-32306,0,0,0,0,0,729000,0
729007,-2020,7934,-336,66,1,33,53195,3,0,3,0,37092,131,30,65,0,0,0,0,0,0,0,0,-32306,0,0,0,0,0,729005,0
729012,-2044,7908,-350,68,-6,32,53194,-8,-2,2,0,37092,124,30,65,0,0,0,0,0,0,0,0,-32305,0,0,0,0,0,729010,0
729017,-2052,7918,-328,65,1,33,53195,0,2,2,0,37092,124,30,65,0,0,0,0,0,0,0,0,-32306,0,0,0,0,0,729015,0
729022,-2058,7916,-312,67,-1,31,53195,-4,4,2,0,37092,123,30,65,0,0,0,0,0,0,0,0,-32306,0,0,0,0,0,729020,0
729027,-2020,7902,-330,64,-1,30,53194,-2,4,3,0,37092,123,30,65,0,0,0,0,0,0,0,0,-32305,0,0,0,0,0,729025,0
729032,-2032,7884,-322,71,-3,29,53196,2,0,3,0,37090,123,30,65,0,0,0,0,0,0,0,0,-32305,0,0,0,0,0,729030,0
729037,-2044,7888,-342,71,-2,30,53195,-7,1,1,0,37090,123,30,65,0,0,0,0,0,0,0,0,-32306,0,0,0,0,0,729035,0
729042,-1990,7918,-336,69,-1,32,53196,6,0,1,0,37091,131,30,65,0,0,0,0,0,0,0,0,-32306,0,0,0,0,0,729040,0
729047,-2018,7890,-330,70,-4,36,53195,0,-2,1,0,37091,131,30,65,0,0,0,0,0,0,0,0,-32305,0,0,0,0,0,729045,0
729052,-2044,7886,-328,64,0,30,53195,3,3,2,0,37094,125,30,65,0,0,0,0,0,0,0,0,-32306,0,0,0,0,0,729050,0
729057,-2038,7910,-326,70,4,29,53195,2,-2,2,0,37094,125,30,65,0,0,0,0,0,0,0,0,-32305,0,0,0,0,0,729055,0
729062,-2026,7876,-310,70,-3,33,53196,0,2,2,0,37101,121,30,65,0,0,0,0,0,0,0,0,-32306,0,0,0,0,0,729060,0
729067,-2066,7884,-314,74,0,31,53196,0,-4,2,0,37101,121,30,65,0,0,0,0,0,0,0,0,-32306,0,0,0,0,0,729065,0
729072,-2024,7880,-320,63,-7,34,53195,0,-1,3,0,37100,117,30,65,0,0,0,0,0,0,0,0,-32306,0,0,0,0,0,729070,0
729077,-2048,7874,-306,73,-4,36,53195,0,-2,3,0,37100,117,30,65,0,0,0,0,0,0,0,0,-32306,0,0,0,0,0,729075,0
729082,-2022,7866,-320,66,-3,36,53196,4,-1,4,0,37098,117,30,65,0,0,0,0,0,0,0,0,-32306,0,0,0,0,0,729080,0
729087,-2020,7906,-318,68,-3,39,53194,1,1,3,0,37098,117,30,65,0,0,0,0,0,0,0,0,-32306,0,0,0,0,0,729085,0
729092,-2024,7878,-308,71,1,37,53195,-2,0,2,0,37091,112,30,65,0,0,0,0,0,0,0,0,-32306,0,0,0,0,0,729090,0
729097,-2036,7870,-334,69,2,38,53196,0,-4,2,0,37091,112,30,65,0,0,0,0,0,0,0,0,-32306,0,0,0,0,0,729095,0
729102,-2032,7864,-312,66,-1,39,53194,-2,5,3,0,37093,112,30,65,0,0,0,0,0,0,0,0,-32305,0,0,0,0,0,729100,0
729107,-2020,7844,-322,65,-3,36,53196,1,2,3,0,37093,112,30,65,0,0,0,0,0,0,0,0,-32305,0,0,0,0,0,729105,0
729112,-2006,7866,-322,63,6,35,53196,0,-2,2,0,37096,121,30,65,0,0,0,0,0,0,0,0,-32306,0,0,0,0,0,729110,0
729117,-2006,7908,-320,71,-2,39,53195,-1,7,3,0,37096,121,30,65,0,0,0,0,0,0,0,0,-32305,0,0,0,0,0,729115,0
729122,-2026,7908,-336,69,6,31,53195,0,0,3,0,37096,127,30,65,0,0,0,0,0,0,0,0,-32306,0,0,0,0,0,729120,0
729127,-2032,7900,-316,69,8,34,53195,0,-2,2,0,37096,127,30,65,0,0,0,0,0,0,0,0,-32306,0,0,0,0,0,729125,0
729132,-2048,7878,-318,65,4,37,53197,9,1,2,0,37093,131,30,65,0,0,0,0,0,0,0,0,-32306,0,0,0,0,0,729130,0
729137,-2062,7864,-312,67,-1,27,53195,-3,-2,3,0,37093,131,30,65,0,0,0,0,0,0,0,0,-32306,0,0,0,0,0,729135,0
729142,-2064,7886,-300,68,-2,26,53195,-1,1,2,0,37092,130,30,65,0,0,0,0,0,0,0,0,-32306,0,0,0,0,0,729140,0
729147,-2074,7882,-300,70,-8,27,53195,-2,-2,2,0,37092,130,30,65,0,0,0,0,0,0,0,0,-32306,0,0,0,0,0,729145,0
729152,-2044,7880,-300,69,-4,24,53194,-7,-3,2,0,37095,130,30,65,0,0,0,0,0,0,0,0,-32306,0,0,0,0,0,729150,0
729157,-2082,7916,-310,73,-8,30,53194,-6,-3,1,0,37095,130,30,65,0,0,0,0,0,0,0,0,-32306,0,0,0,0,0,729155,0
729162,-2072,7906,-304,69,-12,26,53194,-4,5,2,0,37101,135,30,65,0,0,0,0,0,0,0,0,-32306,0,0,0,0,0,729160,0
729167,-2070,7892,-284,70,-11,28,53196,5,3,2,0,37101,135,30,65,0,0,0,0,0,0,0,0,-32305,0,0,0,0,0,729165,0
729172,-2060,7892,-294,67,-23,30,53194,1,4,3,0,37098,126,30,65,0,0,0,0,0,0,0,0,-32306,0,0,0,0,0,729170,0
729177,-2070,7876,-292,68,-19,34,53195,-3,4,2,0,37098,126,30,65,0,0,0,0,0,0,0,0,-32306,0,0,0,0,0,729175,0
729182,-2048,7884,-306,70,-19,27,53195,-3,-2,1,0,37098,124,30,65,0,0,0,0,0,0,0,0,-32306,0,0,0,0,0,729180,0
729187,-2034,7892,-304,68,-26,34,53195,0,2,2,0,37098,124,30,65,0,0,0,0,0,0,0,0,-32306,0,0,0,0,0,729185,0
729192,-2048,7902,-312,69,-22,29,53195,-6,2,3,0,37099,115,30,65,0,0,0,0,0,0,0,0,-32305,0,0,0,0,0,729190,0
729197,-2036,7908,-320,69,-24,31,53194,-4,0,2,0,37099,115,30,65,0,0,0,0,0,0,0,0,-32306,0,0,0,0,0,729196,0
729202,-2048,7892,-300,68,-20,28,53196,7,2,2,0,37091,116,30,65,0,0,0,0,0,0,0,0,-32306,0,0,0,0,0,729200,0
729207,-2046,7922,-310,69,-17,30,53195,-3,0,3,0,37091,116,30,65,0,0,0,0,0,0,0,0,-32306,0,0,0,0,0,729205,0
729212,-2022,7878,-344,60,-16,32,53195,-2,3,4,0,37086,118,30,65,0,0,0,0,0,0,0,0,-32306,0,0,0,0,0,729210,0
729217,-2002,7884,-318,68,-15,26,53194,-7,-1,3,0,37086,118,30,65,0,0,0,0,0,0,0,0,-32305,0,0,0,0,0,729215,0
729222,-2004,7868,-324,64,-6,28,53195,-1,2,2,0,37085,122,30,65,0,0,0,0,0,0,0,0,-32306,0,0,0,0,0,729220,0
729227,-2026,7866,-314,55,-3,27,53196,1,-4,3,0,37085,122,30,65,0,0,0,0,0,0,0,0,-32306,0,0,0,0,0,729225,0
729232,-2020,7866,-308,57,-5,24,53194,-11,2,3,0,37089,123,30,65,0,0,0,0,0,0,0,0,-32305,0,0,0,0,0,729230,0
729237,-2010,7890,-300,55,-3,22,53196,0,-1,3,0,37089,123,30,65,0,0,0,0,0,0,0,0,-32305,0,0,0,0,0,729235,0
729242,-2026,7886,-310,49,4,28,53195,-9,0,0,0,37092,116,30,65,0,0,0,0,0,0,0,0,-32306,0,0,0,0,0,729240,0
729247,-2014,7866,-312,48,5,25,53195,-1,1,2,0,37092,116,30,65,0,0,0,0,0,0,0,0,-32305,0,0,0,0,0,729245,0
729252,-2036,7862,-320,60,0,19,53194,-7,-4,3,0,37095,121,30,65,0,0,0,0,0,0,0,0,-32306,0,0,0,0,0,729250,0
729257,-2044,7872,-314,51,-1,24,53195,1,5,3,0,37095,121,30,65,0,0,0,0,0,0,0,0,-32305,0,0,0,0,0,729255,0
729262,-2020,7922,-300,54,0,26,53195,-1,3,3,0,37095,121,30,65,0,0,0,0,0,0,0,0,-32306,0,0,0,0,0,729260,0
729267,-2026,7872,-316,55,9,19,53195,1,5,3,0,37095,121,30,65,0,0,0,0,0,0,0,0,-32305,0,0,0,0,0,729265,0
729272,-2032,7874,-304,53,0,23,53195,0,-2,3,0,37099,118,30,65,0,0,0,0,0,0,0,0,-32306,0,0,0,0,0,729270,0
729277,-2052,7862,-326,49,1,21,53195,-4,0,4,0,37099,118,30,65,0,0,0,0,0,0,0,0,-32306,0,0,0,0,0,729275,0
729282,-2036,7864,-310,61,-5,22,53195,-4,2,4,0,37098,121,30,65,0,0,0,0,0,0,0,0,-32306,0,0,0,0,0,729280,0
729287,-2030,7852,-330,60,-8,23,53196,8,2,3,0,37098,121,30,65,0,0,0,0,0,0,0,0,-32306,0,0,0,0,0,729285,0
729292,-2040,7876,-306,63,-12,27,53196,0,-3,2,0,37098,129,30,65,0,0,0,0,0,0,0,0,-32306,0,0,0,0,0,729290,0
729297,-2038,7876,-306,62,-11,24,53196,0,0,2,0,37098,129,30,65,0,0,0,0,0,0,0,0,-32306,0,0,0,0,0,729295,0
729302,-2056,7904,-304,58,-15,27,53195,3,2,3,0,37100,138,30,65,0,0,0,0,0,0,0,0,-32305,0,0,0,0,0,729300,0
729307,-2034,7886,-316,65,-15,26,53195,2,1,2,0,37100,138,30,65,0,0,0,0,0,0,0,0,-32305,0,0,0,0,0,729305,0
729312,-2030,7902,-322,57,-20,27,53195,0,-2,2,0,37098,140,30,65,0,0,0,0,0,0,0,0,-32306,0,0,0,0,0,729310,0
729317,-2016,7898,-316,63,-17,27,53195,3,4,3,0,37098,140,30,65,0,0,0,0,0,0,0,0,-32306,0,0,0,0,0,729315,0
729322,-2018,7886,-304,65,-17,27,53194,-5,4,2,0,37101,138,30,65,0,0,0,0,0,0,0,0,-32306,0,0,0,0,0,729320,0
729327,-2034,7890,-310,59,-14,28,53195,0,2,3,0,37101,138,30,65,0,0,0,0,0,0,0,0,-32305,0,0,0,0,0,729325,0
729332,-2034,7892,-322,61,-20,25,53195,3,1,4,0,37100,129,30,65,0,0,0,0,0,0,0,0,-32306,0,0,0,0,0,729330,0
729337,-2070,7874,-318,59,-9,23,53196,5,3,2,0,37100,129,30,65,0,0,0,0,0,0,0,0,-32305,0,0,0,0,0,729335,0
729342,-2042,7904,-318,56,-18,27,53195,1,-1,2,0,37099,119,30,65,0,0,0,0,0,0,0,0,-32306,0,0,0,0,0,729340,0
729347,-2024,7872,-314,56,-12,25,53194,2,0,2,0,37099,119,30,65,0,0,0,0,0,0,0,0,-32306,0,0,0,0,0,729345,0
729352,-2042,7862,-318,59,-18,25,53195,-5,1,2,0,37096,114,30,65,0,0,0,0,0,0,0,0,-32306,0,0,0,0,0,729350,0
729357,-2050,7876,-316,62,-18,24,53194,-4,-1,4,0,37096,114,30,65,0,0,0,0,0,0,0,0,-32305,0,0,0,0,0,729355,0
729362,-2072,7900,-312,60,-16,25,53194,-7,-1,2,0,37096,112,30,65,0,0,0,0,0,0,0,0,-32305,0,0,0,0,0,729360,0
729367,-2050,7878,-314,60,-22,22,53196,5,-1,2,0,37096,112,30,65,0,0,0,0,0,0,0,0,-32305,0,0,0,0,0,729365,0
729372,-2038,7900,-322,68,-21,22,53196,0,0,3,0,37096,127,30,65,0,0,0,0,0,0,0,0,-32306,0,0,0,0,0,729370,0
729377,-2052,7888,-296,54,-25,22,53195,-1,0,2,0,37096,127,30,65,0,0,0,0,0,0,0,0,-32306,0,0,0,0,0,729375,0
729382,-2040,7882,-310,70,-21,24,53195,-8,-1,2,0,37101,132,30,65,0,0,0,0,0,0,0,0,-32305,0,0,0,0,0,729380,0
729387,-2012,7902,-318,67,-25,19,53194,-6,-2,2,0,37101,132,30,65,0,0,0,0,0,0,0,0,-32305,0,0,0,0,0,729385,0
729392,-2048,7892,-306,69,-22,22,53195,2,-5,2,0,37098,129,30,65,0,0,0,0,0,0,0,0,-32306,0,0,0,0,0,729390,0
729397,-2038,7866,-306,65,-18,20,53195,-8,0,3,0,37098,129,30,65,0,0,0,0,0,0,0,0,-32305,0,0,0,0,0,729395,0
729402,-2038,7878,-330,63,-15,28,53196,5,4,2,0,37098,120,30,65,0,0,0,0,0,0,0,0,-32306,0,0,0,0,0,729400,0
729407,-2020,7908,-320,59,-20,21,53194,-1,-7,1,0,37098,120,30,65,0,0,0,0,0,0,0,0,-32305,0,0,0,0,0,729405,0
729412,-2014,7884,-318,64,-21,20,53195,3,-1,2,0,37095,123,30,65,0,0,0,0,0,0,0,0,-32306,0,0,0,0,0,729410,0
729417,-2020,7858,-316,64,-22,21,53194,0,-4,3,0,37095,123,30,65,0,0,0,0,0,0,0,0,-32305,0,0,0,0,0,729415,0
729422,-2020,7862,-304,64,-16,20,53195,0,-1,2,0,37097,126,30,65,0,0,0,0,0,0,0,0,-32306,0,0,0,0,0,729420,0
729427,-2022,7860,-316,58,-24,18,53195,-1,-1,3,0,37097,126,30,65,0,0,0,0,0,0,0,0,-32305,0,0,0,0,0,729425,0
729432,-2044,7884,-324,64,-18,22,53195,-1,-1,3,0,37094,134,30,65,0,0,0,0,0,0,0,0,-32305,0,0,0,0,0,729430,0
729437,-2026,7890,-320,59,-20,21,53195,2,0,3,0,37094,134,30,65,0,0,0,0,0,0,0,0,-32306,0,0,0,0,0,729435,0
729442,-2042,7922,-312,54,-16,19,53195,-1,0,3,0,37092,128,30,65,0,0,0,0,0,0,0,0,-32306,0,0,0,0,0,729440,0
729447,-2044,7876,-314,56,-19,21,53195,4,3,3,0,37092,128,30,65,0,0,0,0,0,0,0,0,-32306,0,0,0,0,0,729445,0
729452,-2050,7864,-324,56,-15,23,53195,2,-1,1,0,37096,127,30,65,0,0,0,0,0,0,0,0,-32305,0,0,0,0,0,729450,0
729457,-2064,7888,-346,56,-10,22,53196,5,7,2,0,37096,127,30,65,0,0,0,0,0,0,0,0,-32305,0,0,0,0,0,729455,0
729462,-2058,7888,-326,57,-15,24,53196,0,4,3,0,37097,129,30,65,0,0,0,0,0,0,0,0,-32306,0,0,0,0,0,729460,0
729467,-2024,7900,-326,61,-11,21,53194,0,3,2,0,37097,129,30,65,0,0,0,0,0,0,0,0,-32306,0,0,0,0,0,729465,0
729472,-2054,7888,-328,46,-9,31,53196,2,0,3,0,37096,131,30,65,0,0,0,0,0,0,0,0,-32306,0,0,0,0,0,729470,0
729477,-2024,7890,-324,50,-7,24,53196,3,3,4,0,37096,131,30,65,0,0,0,0,0,0,0,0,-32306,0,0,0,0,0,729475,0
729482,-2018,7884,-328,56,-5,21,53195,1,1,1,0,37097,123,30,65,0,0,0,0,0,0,0,0,-32306,0,0,0,0,0,729480,0
729487,-2002,7878,-302,59,-5,23,53195,0,0,0,0,37097,123,30,65,0,0,0,0,0,0,0,0,-32306,0,0,0,0,0,729485,0
729492,-2050,7882,-338,51,-2,27,53195,-4,-4,2,0,37100,115,30,65,0,0,0,0,0,0,0,0,-32305,0,0,0,0,0,729490,0
729497,-2044,7894,-330,57,-3,27,53195,4,3,2,0,37100,115,30,65,0,0,0,0,0,0,0,0,-32306,0,0,0,0,0,729495,0
729502,-2048,7888,-342,54,0,15,53196,-3,0,2,0,37100,118,30,65,0,0,0,0,0,0,0,0,-32305,0,0,0,0,0,729500,0
729507,-2046,7870,-322,54,-1,22,53195,-1,1,2,0,37100,118,30,65,0,0,0,0,0,0,0,0,-32306,0,0,0,0,0,729505,0
729512,-2056,7890,-320,58,-4,15,53193,-8,-5,3,0,37096,122,30,65,0,0,0,0,0,0,0,0,-32306,0,0,0,0,0,729510,0
729517,-2066,7862,-332,57,-14,19,53195,-1,-2,2,0,37096,122,30,65,0,0,0,0,0,0,0,0,-32306,0,0,0,0,0,729515,0
729522,-2032,7884,-328,61,-10,11,53195,-8,2,1,0,37096,129,30,65,0,0,0,0,0,0,0,0,-32305,0,0,0,0,0,729520,0
729527,-2064,7892,-328,63,-13,14,53196,2,3,2,0,37096,129,30,65,0,0,0,0,0,0,0,0,-32306,0,0,0,0,0,729525,0
729532,-2072,7902,-320,67,-11,12,53195,0,-3,2,0,37096,129,30,65,0,0,0,0,0,0,0,0,-32305,0,0,0,0,0,729530,0
729537,-2042,7902,-324,76,-16,17,53196,6,4,1,0,37096,129,30,65,0,0,0,0,0,0,0,0,-32306,0,0,0,0,0,729535,0
729542,-2044,7894,-320,68,-19,13,53196,3,4,1,0,37095,118,30,65,0,0,0,0,0,0,0,0,-32306,0,0,0,0,0,729540,0
729547,-2012,7894,-342,57,-19,15,53195,7,2,2,0,37095,118,30,65,0,0,0,0,0,0,0,0,-32305,0,0,0,0,0,729545,0
729552,-2012,7876,-314,67,-17,19,53196,-4,7,2,0,37095,124,30,65,0,0,0,0,0,0,0,0,-32306,0,0,0,0,0,729550,0
729557,-2016,7864,-314,68,-21,14,53195,2,4,3,0,37095,124,30,65,0,0,0,0,0,0,0,0,-32306,0,0,0,0,0,729555,0
729562,-2042,7892,-344,60,-16,15,53196,0,3,3,0,37097,120,30,65,0,0,0,0,0,0,0,0,-32306,0,0,0,0,0,729560,0
729567,-2008,7894,-348,61,-10,16,53195,-2,1,2,0,37097,120,30,65,0,0,0,0,0,0,0,0,-32305,0,0,0,0,0,729565,0
729572,-2022,7898,-334,60,-10,18,53195,0,0,3,0,37097,121,30,65,0,0,0,0,0,0,0,0,-32305,0,0,0,0,0,729570,0
729577,-2012,7888,-330,63,-13,25,53196,5,2,6,0,37097,121,30,65,0,0,0,0,0,0,0,0,-32306,0,0,0,0,0,729575,0
729582,-2028,7884,-328,58,-9,23,53195,2,-3,6,0,37101,113,30,65,0,0,0,0,0,0,0,0,-32305,0,0,0,0,0,729580,0
729587,-1998,7866,-326,61,-5,23,53196,1,6,3,0,37101,113,30,65,0,0,0,0,0,0,0,0,-32306,0,0,0,0,0,729585,0
729592,-2014,7900,-322,59,3,23,53194,-4,-2,2,0,37101,115,30,65,0,0,0,0,0,0,0,0,-32306,0,0,0,0,0,729590,0
729597,-2030,7910,-328,61,2,18,53194,-6,-3,2,0,37101,115,30,65,0,0,0,0,0,0,0,0,-32305,0,0,0,0,0,729595,0
729602,-2020,7918,-346,60,-4,22,53195,0,2,2,0,37101,124,30,65,0,0,0,0,0,0,0,0,-32305,0,0,0,0,0,729600,0
729607,-2074,7896,-334,64,-1,18,53196,4,2,1,0,37101,124,30,65,0,0,0,0,0,0,0,0,-32305,0,0,0,0,0,729605,0
729612,-2048,7870,-348,68,-2,18,53194,-1,-4,3,0,37096,127,30,65,0,0,0,0,0,0,0,0,-32305,0,0,0,0,0,729610,0
729617,-2042,7892,-336,63,-3,23,53197,9,7,3,0,37096,127,30,65,0,0,0,0,0,0,0,0,-32306,0,0,0,0,0,729615,0
729622,-2042,7880,-340,65,-1,23,53194,-3,-6,2,0,37095,131,30,65,0,0,0,0,0,0,0,0,-32306,0,0,0,0,0,729620,0
729627,-2018,7874,-334,64,1,17,53195,3,0,3,0,37095,131,30,65,0,0,0,0,0,0,0,0,-32305,0,0,0,0,0,729625,0
729632,-2046,7890,-332,64,-4,19,53194,-6,-2,2,0,37094,131,30,65,0,0,0,0,0,0,0,0,-32305,0,0,0,0,0,729630,0
729637,-2042,7884,-346,70,-7,20,53195,-5,0,4,0,37094,131,30,65,0,0,0,0,0,0,0,0,-32305,0,0,0,0,0,729635,0
729642,-2050,7896,-326,67,-3,19,53195,-9,0,1,0,37094,134,30,65,0,0,0,0,0,0,0,0,-32306,0,0,0,0,0,729640,0
729647,-2028,7906,-344,64,-11,20,53196,5,-3,2,0,37094,134,30,65,0,0,0,0,0,0,0,0,-32306,0,0,0,0,0,729645,0
729652,-2032,7880,-334,71,-7,20,53195,0,-1,2,0,37093,123,30,65,0,0,0,0,0,0,0,0,-32305,0,0,0,0,0,729650,0
729657,-2018,7880,-332,67,-10,22,53195,3,0,1,0,37093,123,30,65,0,0,0,0,0,0,0,0,-32306,0,0,0,0,0,729655,0
729662,-2034,7858,-336,73,-7,20,53195,-5,-1,2,0,37092,122,30,65,0,0,0,0,0,0,0,0,-32305,0,0,0,0,0,729660,0
729667,-2048,7886,-338,71,-11,20,53194,-2,1,3,0,37092,122,30,65,0,0,0,0,0,0,0,0,-32306,0,0,0,0,0,729665,0
729672,-2042,7892,-316,68,-10,23,53195,-5,-1,3,0,37095,113,30,65,0,0,0,0,0,0,0,0,-32306,0,0,0,0,0,729670,0
729677,-2038,7892,-350,69,-5,24,53196,1,-3,1,0,37095,113,30,65,0,0,0,0,0,0,0,0,-32306,0,0,0,0,0,729675,0
729682,-2024,7896,-330,74,-9,24,53194,-4,2,1,0,37096,119,30,65,0,0,0,0,0,0,0,0,-32306,0,0,0,0,0,729680,0
729687,-2022,7878,-344,72,-8,23,53195,-3,4,2,0,37096,119,30,65,0,0,0,0,0,0,0,0,-32306,0,0,0,0,0,729685,0
729692,-2028,7898,-330,66,-7,24,53195,-5,-1,2,0,37098,118,30,65,0,0,0,0,0,0,0,0,-32305,0,0,0,0,0,729690,0
729697,-2030,7892,-322,69,-1,24,53196,6,2,3,0,37098,118,30,65,0,0,0,0,0,0,0,0,-32305,0,0,0,0,0,729696,0
729702,-2028,7902,-334,70,-5,22,53196,7,-1,2,0,37096,117,30,65,0,0,0,0,0,0,0,0,-32306,0,0,0,0,0,729701,0
729707,-2036,7888,-348,66,-4,26,53195,1,1,3,0,37096,117,30,65,0,0,0,0,0,0,0,0,-32306,0,0,0,0,0,729706,0
729712,-2028,7892,-318,74,0,23,53195,0,1,4,0,37097,117,30,65,0,0,0,0,0,0,0,0,-32306,0,0,0,0,0,729711,0
729717,-2012,7868,-304,69,5,22,53195,3,-4,4,0,37097,117,30,65,0,0,0,0,0,0,0,0,-32306,0,0,0,0,0,729716,0
729722,-2004,7858,-328,63,-5,26,53195,-4,-5,3,0,37094,119,30,65,0,0,0,0,0,0,0,0,-32306,0,0,0,0,0,729721,0
729727,-2044,7856,-332,70,4,29,53195,3,1,3,0,37094,119,30,65,0,0,0,0,0,0,0,0,-32305,0,0,0,0,0,729726,0
729732,-2048,7882,-328,71,6,30,53194,0,2,2,0,37092,122,30,65,0,0,0,0,0,0,0,0,-32306,0,0,0,0,0,729731,0
729737,-2054,7888,-302,66,10,27,53196,0,-3,1,0,37092,122,30,65,0,0,0,0,0,0,0,0,-32305,0,0,0,0,0,729736,0
729742,-2064,7856,-338,64,5,28,53195,0,0,0,0,37092,124,30,65,0,0,0,0,0,0,0,0,-32306,0,0,0,0,0,729741,0
729747,-2044,7840,-302,71,6,32,53195,1,5,1,0,37092,124,30,65,0,0,0,0,0,0,0,0,-32305,0,0,0,0,0,729746,0
729752,-2056,7864,-302,76,-2,25,53194,1,1,1,0,37093,123,30,65,0,0,0,0,0,0,0,0,-32306,0,0,0,0,0,729751,0
729757,-2026,7874,-318,79,-7,27,53195,0,0,2,0,37093,123,30,65,0,0,0,0,0,0,0,0,-32306,0,0,0,0,0,729756,0
729762,-2022,7882,-310,75,-5,27,53195,0,1,4,0,37094,126,30,65,0,0,0,0,0,0,0,0,-32305,0,0,0,0,0,729761,0
729767,-2062,7880,-314,73,-5,25,53196,0,2,3,0,37094,126,30,65,0,0,0,0,0,0,0,0,-32305,0,0,0,0,0,729766,0
729772,-2070,7872,-314,67,0,25,53194,-5,-1,4,0,37092,127,30,65,0,0,0,0,0,0,0,0,-32306,0,0,0,0,0,729771,0
729777,-2054,7880,-314,74,-3,31,53196,4,1,3,0,37092,127,30,65,0,0,0,0,0,0,0,0,-32306,0,0,0,0,0,729776,0
729782,-2066,7866,-322,75,-12,27,53195,1,-3,3,0,37090,128,30,65,0,0,0,0,0,0,0,0,-32305,0,0,0,0,0,729781,0
729787,-2070,7884,-308,73,-4,32,53195,0,2,6,0,37090,128,30,65,0,0,0,0,0,0,0,0,-32306,0,0,0,0,0,729786,0
729792,-2068,7894,-324,77,-7,26,53195,-6,-5,3,0,37092,118,30,65,0,0,0,0,0,0,0,0,-32306,0,0,0,0,0,729791,0
729797,-2046,7916,-326,72,-7,24,53194,-1,2,3,0,37092,118,30,65,0,0,0,0,0,0,0,0,-32305,0,0,0,0,0,729796,0
729802,-2076,7902,-320,75,-4,24,53196,4,3,2,0,37092,120,30,65,0,0,0,0,0,0,0,0,-32305,0,0,0,0,0,729801,0
729807,-2064,7928,-306,67,-3,27,53196,3,-2,1,0,37092,120,30,65,0,0,0,0,0,0,0,0,-32306,0,0,0,0,0,729806,0
729812,-2060,7890,-312,76,-2,25,53196,7,-3,3,0,37094,124,30,65,0,0,0,0,0,0,0,0,-32305,0,0,0,0,0,729811,0
729817,-2062,7898,-312,70,-4,25,53194,-1,-1,2,0,37094,124,30,65,0,0,0,0,0,0,0,0,-32305,0,0,0,0,0,729816,0
729822,-2060,7884,-310,70,1,21,53195,-4,-3,2,0,37094,140,30,65,0,0,0,0,0,0,0,0,-32306,0,0,0,0,0,729821,0
729827,-2070,7882,-318,67,-4,23,53196,3,-2,3,0,37094,140,30,65,0,0,0,0,0,0,0,0,-32306,0,0,0,0,0,729826,0
729832,-2062,7890,-314,73,0,21,53195,0,3,2,0,37098,126,30,65,0,0,0,0,0,0,0,0,-32306,0,0,0,0,0,729831,0
729837,-2050,7870,-328,68,1,16,53195,-9,-6,1,0,37098,126,30,65,0,0,0,0,0,0,0,0,-32306,0,0,0,0,0,729836,0
729842,-2068,7878,-316,71,5,20,53196,0,-4,2,0,37097,112,30,65,0,0,0,0,0,0,0,0,-32305,0,0,0,0,0,729841,0
729847,-2062,7886,-304,73,-1,18,53195,-1,2,2,0,37097,112,30,65,0,0,0,0,0,0,0,0,-32305,0,0,0,0,0,729846,0
729852,-2038,7868,-318,65,0,18,53197,10,0,1,0,37096,110,30,65,0,0,0,0,0,0,0,0,-32305,0,0,0,0,0,729851,0
729857,-2038,7848,-326,66,0,18,53196,7,-2,1,0,37096,110,30,65,0,0,0,0,0,0,0,0,-32305,0,0,0,0,0,729856,0
729862,-2058,7854,-296,69,2,18,53196,2,1,5,0,37092,122,30,65,0,0,0,0,0,0,0,0,-32305,0,0,0,0,0,729861,0
729867,-2040,7886,-334,72,7,13,53195,1,-3,4,0,37092,122,30,65,0,0,0,0,0,0,0,0,-32305,0,0,0,0,0,729866,0
729872,-2046,7876,-322,64,0,16,53194,-1,0,3,0,37092,122,30,65,0,0,0,0,0,0,0,0,-32305,0,0,0,0,0,729871,0
729877,-2058,7876,-314,64,-1,19,53196,3,-6,2,0,37092,122,30,65,0,0,0,0,0,0,0,0,-32305,0,0,0,0,0,729876,0
729882,-2048,7868,-290,69,4,16,53196,9,1,3,0,37091,122,30,65,0,0,0,0,0,0,0,0,-32306,0,0,0,0,0,729881,0
729887,-2066,7886,-306,74,5,15,53196,3,6,3,0,37091,122,30,65,0,0,0,0,0,0,0,0,-32305,0,0,0,0,0,729886,0
729892,-2080,7924,-304,68,0,20,53194,-6,0,2,0,37095,118,30,65,0,0,0,0,0,0,0,0,-32306,0,0,0,0,0,729891,0
729897,-2060,7900,-310,70,-2,18,53194,-5,-3,2,0,37095,118,30,65,0,0,0,0,0,0,0,0,-32306,0,0,0,0,0,729896,0
729902,-2062,7908,-298,64,-2,14,53196,4,-3,2,0,37095,118,30,65,0,0,0,0,0,0,0,0,-32305,0,0,0,0,0,729901,0
729907,-2082,7888,-296,68,-1,15,53195,1,0,1,0,37095,118,30,65,0,0,0,0,0,0,0,0,-32306,0,0,0,0,0,729906,0
729912,-2070,7886,-308,78,-1,19,53195,-1,3,2,0,37097,119,30,65,0,0,0,0,0,0,0,0,-32305,0,0,0,0,0,729911,0
729917,-2084,7892,-308,74,-11,19,53196,-4,-2,3,0,37097,119,30,65,0,0,0,0,0,0,0,0,-32305,0,0,0,0,0,729916,0
729922,-2068,7892,-306,74,-9,15,53194,0,1,2,0,37094,115,30,65,0,0,0,0,0,0,0,0,-32305,0,0,0,0,0,729921,0
729927,-2068,7914,-310,72,-14,19,53195,0,-1,2,0,37094,115,30,65,0,0,0,0,0,0,0,0,-32306,0,0,0,0,0,729926,0
729932,-2064,7910,-316,68,-15,16,53195,-1,-6,2,0,37092,117,30,65,0,0,0,0,0,0,0,0,-32306,0,0,0,0,0,729931,0
729937,-2048,7862,-318,76,-12,13,53194,-3,1,3,0,37092,117,30,65,0,0,0,0,0,0,0,0,-32305,0,0,0,0,0,729936,0
729942,-2050,7892,-326,74,-14,16,53195,-6,1,3,0,37091,116,30,65,0,0,0,0,0,0,0,0,-32305,0,0,0,0,0,729941,0
729947,-2054,7894,-314,79,-15,17,53194,-1,-1,2,0,37091,116,30,65,0,0,0,0,0,0,0,0,-32305,0,0,0,0,0,729946,0
729952,-2044,7914,-310,73,-19,17,53195,-2,3,1,0,37092,122,30,65,0,0,0,0,0,0,0,0,-32306,0,0,0,0,0,729951,0
729957,-2024,7904,-330,76,-15,15,53195,1,0,2,0,37092,122,30,65,0,0,0,0,0,0,0,0,-32305,0,0,0,0,0,729956,0
729962,-2048,7896,-334,77,-13,18,53195,0,0,3,0,37094,128,30,65,0,0,0,0,0,0,0,0,-32306,0,0,0,0,0,729961,0
729967,-2040,7898,-322,68,-14,17,53195,-2,-1,2,0,37094,128,30,65,0,0,0,0,0,0,0,0,-32306,0,0,0,0,0,729966,0
729972,-2014,7916,-304,72,-9,20,53196,-1,-1,1,0,37094,131,30,65,0,0,0,0,0,0,0,0,-32306,0,0,0,0,0,729971,0
729977,-2020,7910,-314,68,-2,18,53195,3,3,3,0,37094,131,30,65,0,0,0,0,0,0,0,0,-32305,0,0,0,0,0,729976,0
729982,-2054,7896,-312,72,-5,19,53194,-7,0,4,0,37092,116,30,65,0,0,0,0,0,0,0,0,-32306,0,0,0,0,0,729981,0
729987,-2014,7906,-326,64,2,20,53194,-4,-4,3,0,37092,116,30,65,0,0,0,0,0,0,0,0,-32305,0,0,0,0,0,729986,0
729992,-2062,7886,-308,64,-5,18,53195,6,3,3,0,37090,109,30,65,0,0,0,0,0,0,0,0,-32306,0,0,0,0,0,729991,0
729997,-2060,7900,-314,64,-6,19,53197,5,3,5,0,37090,109,30,65,0,0,0,0,0,0,0,0,-32306,0,0,0,0,0,729996,0
730002,-2024,7898,-316,65,-1,16,53195,-5,-3,6,0,37096,116,30,65,0,0,0,0,0,0,0,0,-32306,0,0,0,0,0,730001,0
730007,-1994,7874,-320,58,2,17,53195,1,2,2,0,37096,116,30,65,0,0,0,0,0,0,0,0,-32305,0,0,0,0,0,730006,0
730012,-2032,7856,-322,61,-4,18,53196,7,-5,3,0,37098,119,30,65,0,0,0,0,0,0,0,0,-32306,0,0,0,0,0,730011,0
730017,-2018,7852,-318,64,-3,14,53196,0,-2,3,0,37098,119,30,65,0,0,0,0,0,0,0,0,-32305,0,0,0,0,0,730016,0
730022,-2044,7864,-308,62,0,15,53195,-5,-2,3,0,37097,125,30,65,0,0,0,0,0,0,0,0,-32306,0,0,0,0,0,730021,0
730027,-2062,7876,-300,61,1,15,53195,-3,-5,3,0,37097,125,30,65,0,0,0,0,0,0,0,0,-32306,0,0,0,0,0,730026,0
730032,-2024,7838,-334,61,-4,15,53195,-1,-1,4,0,37091,122,30,65,0,0,0,0,0,0,0,0,-32305,0,0,0,0,0,730031,0
730037,-2032,7878,-322,60,1,14,53195,-1,-3,2,0,37091,122,30,65,0,0,0,0,0,0,0,0,-32306,0,0,0,0,0,730036,0
730042,-2036,7888,-318,67,0,23,53195,0,3,3,0,37092,127,30,65,0,0,0,0,0,0,0,0,-32305,0,0,0,0,0,730041,0
730047,-2044,7874,-314,66,-1,19,53196,1,0,3,0,37092,127,30,65,0,0,0,0,0,0,0,0,-32306,0,0,0,0,0,730046,0
730052,-2042,7878,-294,64,-1,21,53196,0,0,2,0,37094,127,30,65,0,0,0,0,0,0,0,0,-32306,0,0,0,0,0,730051,0
730057,-2054,7902,-320,68,-2,24,53196,4,1,1,0,37094,127,30,65,0,0,0,0,0,0,0,0,-32306,0,0,0,0,0,730056,0
730062,-2070,7874,-292,69,-4,21,53194,-5,-3,2,0,37093,129,30,65,0,0,0,0,0,0,0,0,-32306,0,0,0,0,0,730061,0
730067,-2050,7880,-322,66,-7,24,53195,-5,0,2,0,37093,129,30,65,0,0,0,0,0,0,0,0,-32305,0,0,0,0,0,730066,0
730072,-2046,7914,-296,66,-11,23,53195,1,-3,2,0,37095,126,30,65,0,0,0,0,0,0,0,0,-32305,0,0,0,0,0,730071,0
730077,-2058,7888,-314,70,-12,21,53196,0,2,2,0,37095,126,30,65,0,0,0,0,0,0,0,0,-32306,0,0,0,0,0,730076,0
730082,-2038,7900,-306,71,-12,24,53195,0,0,3,0,37096,130,30,65,0,0,0,0,0,0,0,0,-32305,0,0,0,0,0,730081,0
730087,-2056,7896,-312,69,-11,24,53195,-1,2,3,0,37096,130,30,65,0,0,0,0,0,0,0,0,-32305,0,0,0,0,0,730086,0
730092,-2022,7912,-330,73,-20,25,53196,4,0,1,0,37097,117,30,65,0,0,0,0,0,0,0,0,-32306,0,0,0,0,0,730091,0
730097,-2062,7912,-320,69,-19,20,53195,3,1,0,0,37097,117,30,65,0,0,0,0,0,0,0,0,-32306,0,0,0,0,0,730096,0
730102,-2042,7912,-340,69,-24,21,53195,1,2,4,0,37094,114,30,65,0,0,0,0,0,0,0,0,-32305,0,0,0,0,0,730101,0
730107,-2028,7906,-314,74,-19,23,53195,4,0,2,0,37094,114,30,65,0,0,0,0,0,0,0,0,-32305,0,0,0,0,0,730106,0
730112,-2030,7918,-342,74,-15,18,53195,-7,0,1,0,37106,118,30,65,0,0,0,0,0,0,0,0,-32305,0,0,0,0,0,730111,0
730117,-2012,7924,-324,60,-14,21,53195,-1,-1,1,0,37106,118,30,65,0,0,0,0,0,0,0,0,-32306,0,0,0,0,0,730116,0
730122,-2034,7910,-332,65,-10,20,53195,0,-1,1,0,37116,128,30,65,0,0,0,0,0,0,0,0,-32305,0,0,0,0,0,730121,0
730127,-2028,7904,-332,60,-11,18,53194,-5,0,4,0,37116,128,30,65,0,0,0,0,0,0,0,0,-32306,0,0,0,0,0,730126,0
730132,-2044,7866,-328,64,-6,20,53195,0,-1,5,0,37125,123,30,65,0,0,0,0,0,0,0,0,-32306,0,0,0,0,0,730131,0
730137,-2080,7890,-320,59,-6,22,53196,3,1,5,0,37125,123,30,65,0,0,0,0,0,0,0,0,-32305,0,0,0,0,0,730136,0
730142,-2048,7898,-326,65,-6,19,53195,2,3,3,0,37115,117,30,65,0,0,0,0,0,0,0,0,-32306,0,0,0,0,0,730141,0
730147,-2046,7874,-338,62,-6,17,53196,0,-1,2,0,37115,117,30,65,0,0,0,0,0,0,0,0,-32306,0,0,0,0,0,730146,0
730152,-2056,7898,-332,63,-4,20,53194,-7,-3,0,0,37103,114,30,65,0,0,0,0,0,0,0,0,-32306,0,0,0,0,0,730151,0
730157,-2058,7854,-302,63,-13,19,53195,-2,-4,2,0,37103,114,30,65,0,0,0,0,0,0,0,0,-32306,0,0,0,0,0,730156,0
730162,-2046,7872,-326,63,-7,20,53195,0,1,3,0,37092,122,30,65,0,0,0,0,0,0,0,0,-32306,0,0,0,0,0,730161,0
730167,-2030,7842,-332,63,-6,14,53195,4,0,2,0,37092,122,30,65,0,0,0,0,0,0,0,0,-32306,0,0,0,0,0,730166,0
730172,-2044,7858,-302,67,0,20,53196,2,1,3,0,37091,123,30,65,0,0,0,0,0,0,0,0,-32306,0,0,0,0,0,730171,0
730177,-2058,7868,-314,67,-17,19,53195,0,1,2,0,37091,123,30,65,0,0,0,0,0,0,0,0,-32306,0,0,0,0,0,730176,0
730182,-2078,7852,-308,62,-8,21,53196,1,-1,3,0,37091,120,30,65,0,0,0,0,0,0,0,0,-32305,0,0,0,0,0,730181,0
730187,-2030,7868,-308,68,-20,21,53194,-3,-4,3,0,37091,120,30,65,0,0,0,0,0,0,0,0,-32306,0,0,0,0,0,730186,0
730192,-2052,7838,-298,73,-22,20,53195,3,0,2,0,37092,121,30,65,0,0,0,0,0,0,0,0,-32305,0,0,0,0,0,730191,0
730197,-2044,7856,-306,70,-25,25,53195,0,-2,3,0,37092,121,30,65,0,0,0,0,0,0,0,0,-32306,0,0,0,0,0,730196,0
730202,-2040,7890,-304,69,-24,22,53195,1,3,3,0,37093,110,30,65,0,0,0,0,0,0,0,0,-32306,0,0,0,0,0,730201,0
730207,-2062,7870,-314,78,-25,29,53195,-5,-3,2,0,37093,110,30,65,0,0,0,0,0,0,0,0,-32306,0,0,0,0,0,730206,0
730212,-2042,7870,-302,70,-24,32,53196,0,-1,2,0,37095,120,30,65,0,0,0,0,0,0,0,0,-32305,0,0,0,0,0,730211,0
730217,-2048,7892,-314,70,-22,27,53195,4,1,0,0,37095,120,30,65,0,0,0,0,0,0,0,0,-32306,0,0,0,0,0,730216,0
730222,-2054,7878,-326,64,-16,27,53194,-7,1,1,0,37095,120,30,65,0,0,0,0,0,0,0,0,-32306,0,0,0,0,0,730221,0
730227,-2020,7910,-304,70,-19,29,53196,1,-2,3,0,37095,120,30,65,0,0,0,0,0,0,0,0,-32306,0,0,0,0,0,730226,0
730232,-2026,7888,-316,67,-22,24,53196,3,3,3,0,37092,126,30,65,0,0,0,0,0,0,0,0,-32306,0,0,0,0,0,730231,0
730237,-2040,7912,-312,65,-16,27,53195,8,4,3,0,37092,126,30,65,0,0,0,0,0,0,0,0,-32305,0,0,0,0,0,730236,0
730242,-2056,7922,-320,66,-23,23,53194,-4,-4,2,0,37093,125,30,65,0,0,0,0,0,0,0,0,-32305,0,0,0,0,0,730241,0
730247,-2058,7894,-334,60,-21,27,53194,-5,-3,2,0,37093,125,30,65,0,0,0,0,0,0,0,0,-32306,0,0,0,0,0,730246,0
730252,-2050,7910,-314,61,-14,22,53195,0,-1,1,0,37092,130,30,65,0,0,0,0,0,0,0,0,-32306,0,0,0,0,0,730251,0
730257,-2028,7916,-312,68,-12,22,53195,2,4,1,0,37092,130,30,65,0,0,0,0,0,0,0,0,-32306,0,0,0,0,0,730256,0
730262,-2050,7906,-306,57,-9,19,53196,0,-1,3,0,37095,133,30,65,0,0,0,0,0,0,0,0,-32306,0,0,0,0,0,730261,0
730267,-2036,7890,-314,62,-6,17,53195,4,0,3,0,37095,133,30,65,0,0,0,0,0,0,0,0,-32306,0,0,0,0,0,730266,0
730272,-2072,7896,-330,62,-4,14,53195,-3,-1,2,0,37093,128,30,65,0,0,0,0,0,0,0,0,-32306,0,0,0,0,0,730271,0
730277,-2078,7880,-340,60,-4,18,53196,0,-2,3,0,37093,128,30,65,0,0,0,0,0,0,0,0,-32306,0,0,0,0,0,730276,0
730282,-2066,7904,-322,57,-9,21,53195,-2,-2,4,0,37092,120,30,65,0,0,0,0,0,0,0,0,-32306,0,0,0,0,0,730281,0
730287,-2070,7900,-314,60,-4,20,53195,3,-1,4,0,37092,120,30,65,0,0,0,0,0,0,0,0,-32306,0,0,0,0,0,730286,0
730292,-2066,7868,-312,53,-10,22,53195,-1,-3,2,0,37090,113,30,65,0,0,0,0,0,0,0,0,-32306,0,0,0,0,0,730291,0
730297,-2084,7870,-314,61,-8,23,53195,0,2,2,0,37090,113,30,65,0,0,0,0,0,0,0,0,-32306,0,0,0,0,0,730296,0
730302,-2098,7872,-322,61,-15,23,53195,0,2,2,0,37092,127,30,65,0,0,0,0,0,0,0,0,-32306,0,0,0,0,0,730301,0
730307,-2050,7860,-330,65,-17,22,53195,0,-2,2,0,37092,127,30,65,0,0,0,0,0,0,0,0,-32305,0,0,0,0,0,730306,0
730312,-2066,7864,-332,63,-14,21,53195,-4,0,3,0,37094,136,30,65,0,0,0,0,0,0,0,0,-32306,0,0,0,0,0,730311,0
730317,-2050,7874,-318,60,-17,27,53194,0,-1,1,0,37094,136,30,65,0,0,0,0,0,0,0,0,-32306,0,0,0,0,0,730316,0
730322,-2044,7880,-342,70,-20,25,53195,2,3,2,0,37100,130,30,65,0,0,0,0,0,0,0,0,-32305,0,0,0,0,0,730321,0
730327,-2078,7874,-326,67,-22,27,53196,7,0,2,0,37100,130,30,65,0,0,0,0,0,0,0,0,-32305,0,0,0,0,0,730326,0
730332,-2046,7870,-324,65,-19,22,53195,4,4,2,0,37103,120,30,65,0,0,0,0,0,0,0,0,-32306,0,0,0,0,0,730331,0
730337,-2058,7880,-338,67,-22,26,53195,-2,1,2,0,37103,120,30,65,0,0,0,0,0,0,0,0,-32306,0,0,0,0,0,730336,0
730342,-2066,7878,-326,62,-20,18,53195,-3,-4,2,0,37106,118,30,65,0,0,0,0,0,0,0,0,-32306,0,0,0,0,0,730341,0
730347,-2070,7878,-332,67,-19,24,53195,-5,1,2,0,37106,118,30,65,0,0,0,0,0,0,0,0,-32306,0,0,0,0,0,730346,0
730352,-2078,7882,-314,61,-16,26,53195,4,0,4,0,37104,115,30,65,0,0,0,0,0,0,0,0,-32305,0,0,0,0,0,730351,0
730357,-2042,7876,-322,69,-15,22,53195,1,-2,3,0,37104,115,30,65,0,0,0,0,0,0,0,0,-32306,0,0,0,0,0,730356,0
730362,-2054,7894,-342,62,-15,24,53196,6,4,3,0,37093,118,30,65,0,0,0,0,0,0,0,0,-32306,0,0,0,0,0,730361,0
730367,-2046,7884,-324,65,-20,23,53196,-2,5,2,0,37093,118,30,65,0,0,0,0,0,0,0,0,-32306,0,0,0,0,0,730366,0
730372,-2060,7882,-324,58,-10,21,53196,3,4,3,0,37091,114,30,65,0,0,0,0,0,0,0,0,-32305,0,0,0,0,0,730371,0
730377,-2048,7898,-336,62,-13,24,53195,-6,-4,2,0,37091,114,30,65,0,0,0,0,0,0,0,0,-32306,0,0,0,0,0,730376,0
730382,-2036,7924,-318,60,-8,18,53195,-2,-1,4,0,37090,114,30,65,0,0,0,0,0,0,0,0,-32306,0,0,0,0,0,730381,0
730387,-2056,7876,-340,61,-13,19,53195,0,0,4,0,37090,114,30,65,0,0,0,0,0,0,0,0,-32305,0,0,0,0,0,730386,0
730392,-2060,7854,-338,59,-6,18,53196,1,2,2,0,37092,111,30,65,0,0,0,0,0,0,0,0,-32306,0,0,0,0,0,730391,0
730397,-2054,7860,-336,59,-13,16,53195,-1,4,2,0,37092,111,30,65,0,0,0,0,0,0,0,0,-32306,0,0,0,0,0,730396,0
730402,-2046,7888,-322,66,-9,14,53196,7,2,2,0,37090,111,30,65,0,0,0,0,0,0,0,0,-32305,0,0,0,0,0,730401,0
730407,-2036,7864,-328,64,-4,15,53195,6,-3,2,0,37090,111,30,65,0,0,0,0,0,0,0,0,-32305,0,0,0,0,0,730406,0
730412,-2062,7864,-330,65,-6,16,53195,-3,4,2,0,37091,112,30,65,0,0,0,0,0,0,0,0,-32306,0,0,0,0,0,730411,0
730417,-2058,7886,-318,68,-13,14,53196,1,5,2,0,37091,112,30,65,0,0,0,0,0,0,0,0,-32306,0,0,0,0,0,730416,0
730422,-2072,7860,-326,67,-10,16,53195,4,-1,2,0,37090,114,30,65,0,0,0,0,0,0,0,0,-32306,0,0,0,0,0,730421,0
730427,-2054,7854,-310,60,-10,12,53195,-6,-1,4,0,37090,114,30,65,0,0,0,0,0,0,0,0,-32306,0,0,0,0,0,730426,0
730432,-2058,7856,-332,66,-9,23,53195,-1,-1,6,0,37094,116,30,65,0,0,0,0,0,0,0,0,-32305,0,0,0,0,0,730431,0
730437,-2058,7890,-332,63,-8,17,53195,2,1,7,0,37094,116,30,65,0,0,0,0,0,0,0,0,-32306,0,0,0,0,0,730436,0
730442,-2052,7886,-318,66,-9,18,53196,6,1,4,0,37094,122,30,65,0,0,0,0,0,0,0,0,-32306,0,0,0,0,0,730441,0
730447,-2038,7870,-338,63,-5,22,53195,3,0,3,0,37094,122,30,65,0,0,0,0,0,0,0,0,-32306,0,0,0,0,0,730446,0
730452,-2062,7878,-336,63,-7,23,53195,6,4,2,0,37096,120,30,65,0,0,0,0,0,0,0,0,-32307,0,0,0,0,0,730451,0
730457,-2020,7890,-334,58,-7,20,53196,5,4,1,0,37096,120,30,65,0,0,0,0,0,0,0,0,-32306,0,0,0,0,0,730456,0
730462,-2052,7872,-320,60,-5,22,53194,3,-3,3,0,37097,128,30,65,0,0,0,0,0,0,0,0,-32306,0,0,0,0,0,730461,0
730467,-2088,7876,-328,57,-3,22,53196,5,3,3,0,37097,128,30,65,0,0,0,0,0,0,0,0,-32306,0,0,0,0,0,730466,0
730472,-2080,7858,-338,64,-3,18,53196,6,6,3,0,37093,122,30,65,0,0,0,0,0,0,0,0,-32306,0,0,0,0,0,730471,0
730477,-2066,7864,-324,59,-6,20,53196,7,1,1,0,37093,122,30,65,0,0,0,0,0,0,0,0,-32305,0,0,0,0,0,730476,0
730482,-2080,7870,-324,66,-5,16,53195,-3,2,2,0,37092,121,30,65,0,0,0,0,0,0,0,0,-32305,0,0,0,0,0,730481,0
730487,-2066,7858,-310,73,-11,17,53195,-8,0,2,0,37092,121,30,65,0,0,0,0,0,0,0,0,-32305,0,0,0,0,0,730486,0
730492,-2086,7858,-334,71,-12,18,53195,-3,1,2,0,37091,123,30,65,0,0,0,0,0,0,0,0,-32306,0,0,0,0,0,730491,0
730497,-2076,7858,-318,60,-19,17,53195,-1,-3,3,0,37091,123,30,65,0,0,0,0,0,0,0,0,-32305,0,0,0,0,0,730496,0
730502,-2096,7868,-318,64,-18,19,53196,8,2,3,0,37091,122,30,65,0,0,0,0,0,0,0,0,-32306,0,0,0,0,0,730501,0
730507,-2064,7900,-318,72,-24,21,53195,-3,0,1,0,37091,122,30,65,0,0,0,0,0,0,0,0,-32306,0,0,0,0,0,730506,0
730512,-2068,7882,-334,71,-25,16,53195,4,4,2,0,37092,124,30,65,0,0,0,0,0,0,0,0,-32305,0,0,0,0,0,730511,0
730517,-2064,7876,-322,69,-25,18,53195,-2,-1,2,0,37092,124,30,65,0,0,0,0,0,0,0,0,-32306,0,0,0,0,0,730516,0
730522,-2046,7878,-316,71,-22,15,53195,1,-2,1,0,37091,134,30,65,0,0,0,0,0,0,0,0,-32305,0,0,0,0,0,730521,0
730527,-2060,7888,-314,65,-28,15,53194,3,-6,3,0,37091,134,30,65,0,0,0,0,0,0,0,0,-32306,0,0,0,0,0,730526,0
730532,-2052,7906,-318,71,-10,16,53193,-4,-6,3,0,37091,134,30,65,0,0,0,0,0,0,0,0,-32306,0,0,0,0,0,730531,0
730537,-2040,7864,-332,72,-11,16,53195,-4,2,0,0,37091,134,30,65,0,0,0,0,0,0,0,0,-32306,0,0,0,0,0,730536,0
730542,-2048,7888,-332,61,-7,17,53196,2,2,0,0,37097,139,30,65,0,0,0,0,0,0,0,0,-32306,0,0,0,0,0,730541,0
730547,-2030,7894,-350,63,0,14,53195,2,-1,2,0,37097,139,30,65,0,0,0,0,0,0,0,0,-32305,0,0,0,0,0,730546,0
730552,-2040,7878,-330,57,2,13,53195,-3,-6,3,0,37098,129,30,65,0,0,0,0,0,0,0,0,-32305,0,0,0,0,0,730551,0
730557,-2046,7884,-344,63,-3,16,53196,5,1,2,0,37098,129,30,65,0,0,0,0,0,0,0,0,-32306,0,0,0,0,0,730556,0
730562,-2054,7912,-342,67,3,11,53196,12,2,2,0,37099,131,30,65,0,0,0,0,0,0,0,0,-32306,0,0,0,0,0,730561,0
730567,-2086,7898,-322,52,2,11,53195,1,-3,3,0,37099,131,30,65,0,0,0,0,0,0,0,0,-32306,0,0,0,0,0,730566,0
730572,-2076,7888,-346,59,-1,19,53196,0,2,3,0,37092,122,30,65,0,0,0,0,0,0,0,0,-32306,0,0,0,0,0,730571,0
730577,-2076,7882,-328,66,-3,17,53195,2,-1,2,0,37092,122,30,65,0,0,0,0,0,0,0,0,-32305,0,0,0,0,0,730576,0
730582,-2076,7862,-306,57,-4,11,53195,-7,-2,3,0,37092,125,30,65,0,0,0,0,0,0,0,0,-32306,0,0,0,0,0,730581,0
730587,-2074,7866,-322,56,-3,13,53195,-4,-3,2,0,37092,125,30,65,0,0,0,0,0,0,0,0,-32306,0,0,0,0,0,730586,0
730592,-2074,7878,-310,55,-4,12,53194,-3,-10,1,0,37095,123,30,65,0,0,0,0,0,0,0,0,-32306,0,0,0,0,0,730591,0
730597,-2058,7900,-326,57,-2,16,53196,-1,-3,2,0,37095,123,30,65,0,0,0,0,0,0,0,0,-32305,0,0,0,0,0,730596,0
730602,-2062,7880,-348,66,3,13,53196,-1,1,3,0,37097,122,30,65,0,0,0,0,0,0,0,0,-32305,0,0,0,0,0,730601,0
730607,-2066,7880,-326,63,-3,13,53196,2,1,1,0,37097,122,30,65,0,0,0,0,0,0,0,0,-32305,0,0,0,0,0,730606,0
730612,-2052,7890,-320,62,-4,19,53195,2,-1,3,0,37095,134,30,65,0,0,0,0,0,0,0,0,-32306,0,0,0,0,0,730611,0
730617,-2056,7848,-348,58,-2,18,53195,3,-2,2,0,37095,134,30,65,0,0,0,0,0,0,0,0,-32306,0,0,0,0,0,730616,0
730622,-2064,7874,-322,59,0,18,53195,5,3,1,0,37093,132,30,65,0,0,0,0,0,0,0,0,-32306,0,0,0,0,0,730621,0
730627,-2036,7902,-332,65,-2,14,53195,0,2,2,0,37093,132,30,65,0,0,0,0,0,0,0,0,-32306,0,0,0,0,0,730626,0
730632,-2074,7856,-318,59,1,12,53194,-3,-5,2,0,37091,128,30,65,0,0,0,0,0,0,0,0,-32306,0,0,0,0,0,730631,0
730637,-2062,7876,-348,63,0,12,53195,0,-2,1,0,37091,128,30,65,0,0,0,0,0,0,0,0,-32306,0,0,0,0,0,730636,0
730642,-2068,7858,-328,60,1,12,53196,6,4,2,0,37090,119,30,65,0,0,0,0,0,0,0,0,-32306,0,0,0,0,0,730641,0
730647,-2086,7850,-334,67,-4,9,53196,8,1,3,0,37090,119,30,65,0,0,0,0,0,0,0,0,-32305,0,0,0,0,0,730646,0
730652,-2068,7852,-342,69,-5,14,53195,-3,-4,3,0,37092,118,30,65,0,0,0,0,0,0,0,0,-32306,0,0,0,0,0,730651,0
730657,-2080,7856,-326,63,-2,8,53196,3,-1,1,0,37092,118,30,65,0,0,0,0,0,0,0,0,-32305,0,0,0,0,0,730656,0
730662,-2092,7860,-318,65,-9,12,53195,3,2,2,0,37091,124,30,65,0,0,0,0,0,0,0,0,-32305,0,0,0,0,0,730661,0
730667,-2086,7852,-328,63,-7,10,53193,-9,-3,3,0,37091,124,30,65,0,0,0,0,0,0,0,0,-32306,0,0,0,0,0,730666,0
730672,-2070,7842,-342,71,-16,7,53195,-4,-4,4,0,37089,129,30,65,0,0,0,0,0,0,0,0,-32306,0,0,0,0,0,730671,0
730677,-2076,7890,-342,71,-9,9,53194,-7,-1,4,0,37089,129,30,65,0,0,0,0,0,0,0,0,-32306,0,0,0,0,0,730676,0
730682,-2076,7860,-330,73,-10,12,53195,-3,5,2,0,37090,126,30,65,0,0,0,0,0,0,0,0,-32305,0,0,0,0,0,730681,0
730687,-2072,7884,-314,72,-8,12,53196,0,-1,3,0,37090,126,30,65,0,0,0,0,0,0,0,0,-32305,0,0,0,0,0,730686,0
730692,-2090,7856,-320,77,-12,8,53195,0,2,2,0,37091,125,30,65,0,0,0,0,0,0,0,0,-32305,0,0,0,0,0,730691,0
730697,-2090,7874,-326,76,-8,10,53196,3,1,2,0,37091,125,30,65,0,0,0,0,0,0,0,0,-32305,0,0,0,0,0,730697,0
730702,-2078,7892,-316,72,-14,10,53195,2,-1,2,0,37091,125,30,65,0,0,0,0,0,0,0,0,-32305,0,0,0,0,0,730702,0
730707,-2116,7866,-328,78,-17,13,53194,-2,3,2,0,37091,125,30,65,0,0,0,0,0,0,0,0,-32306,0,0,0,0,0,730707,0
730712,-2098,7896,-334,75,-19,8,53195,4,-1,3,0,37090,125,30,65,0,0,0,0,0,0,0,0,-32306,0,0,0,0,0,730712,0
730717,-2086,7904,-304,80,-21,9,53194,-4,2,2,0,37090,125,30,65,0,0,0,0,0,0,0,0,-32306,0,0,0,0,0,730717,0
730722,-2088,7908,-308,77,-21,12,53194,-5,3,1,0,37088,116,30,65,0,0,0,0,0,0,0,0,-32306,0,0,0,0,0,730722,0
730727,-2098,7912,-306,79,-18,13,53195,-4,1,1,0,37088,116,30,65,0,0,0,0,0,0,0,0,-32306,0,0,0,0,0,730727,0
730732,-2080,7884,-292,79,-15,7,53196,2,0,2,0,37086,117,30,65,0,0,0,0,0,0,0,0,-32305,0,0,0,0,0,730732,0
730737,-2104,7900,-328,68,-21,11,53195,-2,4,1,0,37086,117,30,65,0,0,0,0,0,0,0,0,-32305,0,0,0,0,0,730737,0
730742,-2068,7862,-304,69,-20,9,53195,-3,2,2,0,37086,124,30,65,0,0,0,0,0,0,0,0,-32306,0,0,0,0,0,730742,0
730747,-2052,7888,-306,71,-19,5,53196,1,2,2,0,37086,124,30,65,0,0,0,0,0,0,0,0,-32306,0,0,0,0,0,730747,0
730752,-2084,7844,-318,70,-19,6,53195,-1,-1,3,0,37090,132,30,65,0,0,0,0,0,0,0,0,-32306,0,0,0,0,0,730752,0
730757,-2066,7866,-306,73,-10,5,53196,4,0,1,0,37090,132,30,65,0,0,0,0,0,0,0,0,-32306,0,0,0,0,0,730757,0
730762,-2062,7872,-322,74,-11,7,53195,0,-1,2,0,37091,130,30,65,0,0,0,0,0,0,0,0,-32306,0,0,0,0,0,730762,0
730767,-2074,7856,-314,66,-11,7,53195,-5,2,4,0,37091,130,30,65,0,0,0,0,0,0,0,0,-32305,0,0,0,0,0,730767,0
730772,-2074,7872,-302,70,-13,7,53195,11,-1,4,0,37092,126,30,65,0,0,0,0,0,0,0,0,-32305,0,0,0,0,0,730772,0
730777,-2080,7864,-300,67,-4,6,53196,1,4,2,0,37092,126,30,65,0,0,0,0,0,0,0,0,-32306,0,0,0,0,0,730777,0
730782,-2070,7864,-304,62,-7,6,53196,0,0,2,0,37089,128,30,65,0,0,0,0,0,0,0,0,-32305,0,0,0,0,0,730782,0
730787,-2078,7860,-312,67,-3,8,53195,2,-1,2,0,37089,128,30,65,0,0,0,0,0,0,0,0,-32305,0,0,0,0,0,730787,0
730792,-2106,7852,-302,67,-3,7,53194,-5,2,1,0,37088,133,30,65,0,0,0,0,0,0,0,0,-32306,0,0,0,0,0,730792,0
730797,-2078,7884,-304,70,-8,1,53195,-5,-6,1,0,37088,133,30,65,0,0,0,0,0,0,0,0,-32305,0,0,0,0,0,730797,0
730802,-2084,7872,-298,69,-10,6,53195,-6,-1,3,0,37087,133,30,65,0,0,0,0,0,0,0,0,-32305,0,0,0,0,0,730802,0
730807,-2082,7870,-290,65,-5,4,53195,-1,2,3,0,37087,133,30,65,0,0,0,0,0,0,0,0,-32305,0,0,0,0,0,730807,0
730812,-2100,7882,-294,68,-7,3,53196,5,-1,3,0,37086,128,30,65,0,0,0,0,0,0,0,0,-32306,0,0,0,0,0,730812,0
730817,-2060,7864,-280,67,-11,4,53194,-6,2,2,0,37086,128,30,65,0,0,0,0,0,0,0,0,-32305,0,0,0,0,0,730817,0
730822,-2082,7894,-300,63,-9,3,53196,0,1,3,0,37087,130,30,65,0,0,0,0,0,0,0,0,-32306,0,0,0,0,0,730822,0
730827,-2090,7868,-308,62,-11,5,53195,-1,0,4,0,37087,130,30,65,0,0,0,0,0,0,0,0,-32306,0,0,0,0,0,730827,0
730832,-2120,7862,-300,67,-11,5,53196,4,0,4,0,37087,133,30,65,0,0,0,0,0,0,0,0,-32305,0,0,0,0,0,730832,0
730837,-2112,7860,-290,68,-12,3,53196,1,-5,3,0,37087,133,30,65,0,0,0,0,0,0,0,0,-32306,0,0,0,0,0,730837,0
730842,-2098,7888,-312,66,-17,2,53195,0,3,2,0,37088,125,30,65,0,0,0,0,0,0,0,0,-32306,0,0,0,0,0,730842,0
730847,-2076,7882,-292,67,-20,6,53196,-1,-2,1,0,37088,125,30,65,0,0,0,0,0,0,0,0,-32306,0,0,0,0,0,730847,0
730852,-2088,7886,-308,71,-13,8,53196,-1,-2,3,0,37088,120,30,65,0,0,0,0,0,0,0,0,-32306,0,0,0,0,0,730852,0
730857,-2064,7866,-324,75,-12,3,53196,2,-2,3,0,37088,120,30,65,0,0,0,0,0,0,0,0,-32306,0,0,0,0,0,730857,0
730862,-2072,7888,-318,68,-17,5,53195,1,0,3,0,37089,112,30,65,0,0,0,0,0,0,0,0,-32305,0,0,0,0,0,730862,0
730867,-2064,7876,-320,64,-13,6,53194,0,1,3,0,37089,112,30,65,0,0,0,0,0,0,0,0,-32306,0,0,0,0,0,730867,0
730872,-2094,7880,-320,65,-7,5,53196,2,0,3,0,37087,117,30,65,0,0,0,0,0,0,0,0,-32305,0,0,0,0,0,730872,0
730877,-2078,7878,-318,71,-11,4,53196,-4,-1,2,0,37087,117,30,65,0,0,0,0,0,0,0,0,-32306,0,0,0,0,0,730877,0
730882,-2088,7864,-312,72,-8,7,53196,5,-1,2,0,37084,123,30,65,0,0,0,0,0,0,0,0,-32305,0,0,0,0,0,730882,0
730887,-2090,7868,-312,71,-13,6,53195,-2,-5,2,0,37084,123,30,65,0,0,0,0,0,0,0,0,-32306,0,0,0,0,0,730887,0
730892,-2102,7876,-318,67,-10,4,53195,2,-1,1,0,37082,121,30,65,0,0,0,0,0,0,0,0,-32306,0,0,0,0,0,730892,0
730897,-2084,7870,-306,66,-9,6,53195,-3,-5,1,0,37082,121,30,65,0,0,0,0,0,0,0,0,-32306,0,0,0,0,0,730897,0
730902,-2100,7862,-320,65,-13,3,53195,0,-1,2,0,37084,114,30,65,0,0,0,0,0,0,0,0,-32305,0,0,0,0,0,730902,0
730907,-2078,7864,-304,68,-13,3,53195,-4,-1,1,0,37084,114,30,65,0,0,0,0,0,0,0,0,-32306,0,0,0,0,0,730907,0
730912,-2082,7878,-310,70,-12,9,53195,0,2,3,0,37084,121,30,65,0,0,0,0,0,0,0,0,-32305,0,0,0,0,0,730912,0
730917,-2084,7856,-312,74,-14,5,53196,1,-3,3,0,37084,121,30,65,0,0,0,0,0,0,0,0,-32305,0,0,0,0,0,730917,0
730922,-2090,7856,-314,70,-17,4,53195,0,1,2,0,37085,119,30,65,0,0,0,0,0,0,0,0,-32305,0,0,0,0,0,730922,0
730927,-2086,7862,-322,66,-14,2,53195,-1,3,4,0,37085,119,30,65,0,0,0,0,0,0,0,0,-32305,0,0,0,0,0,730927,0
730932,-2068,7874,-330,62,-12,4,53196,6,-1,3,0,37085,124,30,65,0,0,0,0,0,0,0,0,-32305,0,0,0,0,0,730932,0
730937,-2066,7848,-332,66,-16,2,53195,4,-1,2,0,37085,124,30,65,0,0,0,0,0,0,0,0,-32306,0,0,0,0,0,730937,0
730942,-2074,7862,-320,69,-10,2,53195,-6,-2,1,0,37087,123,30,65,0,0,0,0,0,0,0,0,-32306,0,0,0,0,0,730942,0
730947,-2076,7886,-322,63,-7,-6,53195,0,-1,1,0,37087,123,30,65,0,0,0,0,0,0,0,0,-32306,0,0,0,0,0,730947,0
730952,-2088,7876,-338,65,-5,-7,53195,-3,-2,2,0,37087,124,30,65,0,0,0,0,0,0,0,0,-32306,0,0,0,0,0,730952,0
730957,-2104,7844,-338,58,-8,-1,53195,0,-2,0,0,37087,124,30,65,0,0,0,0,0,0,0,0,-32306,0,0,0,0,0,730957,0
730962,-2086,7868,-338,59,2,4,53195,0,-5,1,0,37091,129,30,65,0,0,0,0,0,0,0,0,-32306,0,0,0,0,0,730962,0
730967,-2076,7862,-338,64,5,2,53195,1,2,3,0,37091,129,30,65,0,0,0,0,0,0,0,0,-32306,0,0,0,0,0,730967,0
730972,-2102,7882,-322,65,2,4,53195,0,0,3,0,37091,132,30,65,0,0,0,0,0,0,0,0,-32306,0,0,0,0,0,730972,0
730977,-2078,7880,-320,60,4,2,53195,0,0,1,0,37091,132,30,65,0,0,0,0,0,0,0,0,-32305,0,0,0,0,0,730977,0
730982,-2088,7884,-330,66,1,2,53196,1,-3,3,0,37092,126,30,65,0,0,0,0,0,0,0,0,-32305,0,0,0,0,0,730982,0
730987,-2092,7870,-322,64,-1,4,53196,2,-1,3,0,37092,126,30,65,0,0,0,0,0,0,0,0,-32305,0,0,0,0,0,730987,0
730992,-2110,7878,-324,63,-4,7,53196,2,-2,2,0,37087,117,30,65,0,0,0,0,0,0,0,0,-32306,0,0,0,0,0,730992,0
730997,-2108,7882,-308,71,-6,9,53195,4,-2,2,0,37087,117,30,65,0,0,0,0,0,0,0,0,-32306,0,0,0,0,0,730997,0
731002,-2106,7894,-310,65,-8,9,53195,5,1,2,0,37088,121,30,65,0,0,0,0,0,0,0,0,-32305,0,0,0,0,0,731002,0
731007,-2106,7902,-306,72,-16,5,53195,-3,-2,0,0,37088,121,30,65,0,0,0,0,0,0,0,0,-32305,0,0,0,0,0,731007,0
731012,-2100,7866,-310,74,-13,10,53196,1,2,2,0,37086,124,30,65,0,0,0,0,0,0,0,0,-32305,0,0,0,0,0,731012,0
731017,-2114,7870,-322,68,-18,8,53196,-1,-5,3,0,37086,124,30,65,0,0,0,0,0,0,0,0,-32305,0,0,0,0,0,731017,0
731022,-2092,7906,-290,75,-25,9,53195,0,-1,2,0,37086,128,30,65,0,0,0,0,0,0,0,0,-32305,0,0,0,0,0,731022,0
731027,-2118,7904,-310,76,-24,8,53195,0,-6,3,0,37086,128,30,65,0,0,0,0,0,0,0,0,-32305,0,0,0,0,0,731027,0
731032,-2102,7896,-310,80,-25,3,53195,0,-1,3,0,37086,128,30,65,0,0,0,0,0,0,0,0,-32305,0,0,0,0,0,731032,0
731037,-2076,7890,-326,81,-28,7,53195,-6,4,3,0,37086,128,30,65,0,0,0,0,0,0,0,0,-32305,0,0,0,0,0,731037,0
731042,-2116,7930,-314,69,-30,2,53194,-5,-2,2,0,37088,126,30,65,0,0,0,0,0,0,0,0,-32306,0,0,0,0,0,731042,0
731047,-2086,7902,-294,69,-32,10,53196,6,-2,2,0,37088,126,30,65,0,0,0,0,0,0,0,0,-32306,0,0,0,0,0,731047,0
731052,-2100,7900,-322,71,-37,7,53196,10,2,3,0,37087,123,30,65,0,0,0,0,0,0,0,0,-32305,0,0,0,0,0,731052,0
731057,-2102,7926,-308,68,-30,8,53194,-5,2,0,0,37087,123,30,65,0,0,0,0,0,0,0,0,-32305,0,0,0,0,0,731057,0
731062,-2072,7894,-308,71,-26,3,53194,-3,1,0,0,37092,117,30,65,0,0,0,0,0,0,0,0,-32306,0,0,0,0,0,731062,0
731067,-2068,7874,-326,69,-32,4,53195,-2,-1,3,0,37092,117,30,65,0,0,0,0,0,0,0,0,-32306,0,0,0,0,0,731067,0
731072,-2062,7892,-324,65,-19,6,53195,-7,1,3,0,37091,119,30,65,0,0,0,0,0,0,0,0,-32305,0,0,0,0,0,731072,0
731077,-2036,7882,-328,62,-12,7,53196,0,-1,3,0,37091,119,30,65,0,0,0,0,0,0,0,0,-32306,0,0,0,0,0,731077,0
731082,-2020,7880,-344,63,-12,8,53195,2,0,3,0,37091,130,30,65,0,0,0,0,0,0,0,0,-32305,0,0,0,0,0,731082,0
731087,-2066,7894,-316,62,-14,6,53197,2,-3,3,0,37091,130,30,65,0,0,0,0,0,0,0,0,-32306,0,0,0,0,0,731087,0
731092,-2040,7892,-330,63,0,6,53194,-2,1,1,0,37089,130,30,65,0,0,0,0,0,0,0,0,-32305,0,0,0,0,0,731092,0
731097,-2064,7888,-312,58,-3,6,53195,1,-1,1,0,37089,130,30,65,0,0,0,0,0,0,0,0,-32306,0,0,0,0,0,731097,0
731102,-2058,7906,-326,57,1,11,53196,4,-4,1,0,37092,131,30,65,0,0,0,0,0,0,0,0,-32306,0,0,0,0,0,731102,0
731107,-2054,7900,-314,64,5,10,53194,-1,6,1,0,37092,131,30,65,0,0,0,0,0,0,0,0,-32305,0,0,0,0,0,731107,0
731112,-2066,7934,-320,59,6,14,53195,0,2,3,0,37095,122,30,65,0,0,0,0,0,0,0,0,-32306,0,0,0,0,0,731112,0
731117,-2054,7912,-332,60,6,10,53196,-3,-1,3,0,37095,122,30,65,0,0,0,0,0,0,0,0,-32305,0,0,0,0,0,731117,0
731122,-2022,7894,-330,57,6,15,53195,-1,0,2,0,37092,128,30,65,0,0,0,0,0,0,0,0,-32306,0,0,0,0,0,731122,0
731127,-2052,7852,-322,56,12,15,53194,-7,2,2,0,37092,128,30,65,0,0,0,0,0,0,0,0,-32305,0,0,0,0,0,731127,0
731132,-2078,7880,-308,53,5,16,53195,1,-3,2,0,37088,127,30,65,0,0,0,0,0,0,0,0,-32306,0,0,0,0,0,731132,0
731137,-2110,7892,-316,58,12,16,53195,0,2,1,0,37088,127,30,65,0,0,0,0,0,0,0,0,-32305,0,0,0,0,0,731137,0
731142,-2052,7898,-308,59,9,16,53195,-6,5,2,0,37086,118,30,65,0,0,0,0,0,0,0,0,-32306,0,0,0,0,0,731142,0
731147,-2064,7896,-296,59,6,20,53195,1,0,2,0,37086,118,30,65,0,0,0,0,0,0,0,0,-32305,0,0,0,0,0,731147,0
731152,-2062,7896,-312,60,1,18,53195,1,0,4,0,37086,119,30,65,0,0,0,0,0,0,0,0,-32305,0,0,0,0,0,731152,0
731157,-2070,7888,-308,65,8,17,53195,-4,-1,1,0,37086,119,30,65,0,0,0,0,0,0,0,0,-32306,0,0,0,0,0,731157,0
731162,-2076,7886,-334,61,0,18,53196,5,1,3,0,37090,126,30,65,0,0,0,0,0,0,0,0,-32306,0,0,0,0,0,731162,0
731167,-2082,7890,-310,61,-7,18,53195,3,1,6,0,37090,126,30,65,0,0,0,0,0,0,0,0,-32305,0,0,0,0,0,731167,0
731172,-2108,7890,-300,63,-9,16,53195,1,3,3,0,37091,136,30,65,0,0,0,0,0,0,0,0,-32306,0,0,0,0,0,731172,0
731177,-2112,7884,-340,63,-9,12,53195,-7,-1,2,0,37091,136,30,65,0,0,0,0,0,0,0,0,-32305,0,0,0,0,0,731177,0
731182,-2096,7880,-334,71,-10,13,53195,0,3,4,0,37090,138,30,65,0,0,0,0,0,0,0,0,-32305,0,0,0,0,0,731182,0
731187,-2110,7914,-326,70,-19,17,53195,-3,-1,2,0,37090,138,30,65,0,0,0,0,0,0,0,0,-32305,0,0,0,0,0,731187,0
731192,-2088,7918,-318,74,-18,17,53196,5,-1,1,0,37091,139,30,65,0,0,0,0,0,0,0,0,-32305,0,0,0,0,0,731192,0
731197,-2078,7888,-328,66,-21,23,53194,-7,0,0,0,37091,139,30,65,0,0,0,0,0,0,0,0,-32305,0,0,0,0,0,731197,0
731202,-2086,7930,-334,72,-19,26,53195,-3,5,3,0,37089,124,30,65,0,0,0,0,0,0,0,0,-32305,0,0,0,0,0,731202,0
731207,-2046,7898,-332,71,-20,26,53195,5,-3,3,0,37089,124,30,65,0,0,0,0,0,0,0,0,-32306,0,0,0,0,0,731207,0
731212,-2090,7900,-334,64,-18,29,53195,5,2,4,0,37089,116,30,65,0,0,0,0,0,0,0,0,-32306,0,0,0,0,0,731212,0
731217,-2070,7908,-346,75,-10,25,53195,0,0,3,0,37089,116,30,65,0,0,0,0,0,0,0,0,-32306,0,0,0,0,0,731217,0
731222,-2070,7910,-310,71,-13,28,53195,0,-1,1,0,37089,117,30,65,0,0,0,0,0,0,0,0,-32305,0,0,0,0,0,731222,0
731227,-2102,7880,-358,69,-10,35,53195,3,4,3,0,37089,117,30,65,0,0,0,0,0,0,0,0,-32306,0,0,0,0,0,731227,0
731232,-2098,7896,-348,76,-15,37,53195,1,-2,3,0,37089,121,30,65,0,0,0,0,0,0,0,0,-32306,0,0,0,0,0,731232,0
731237,-2086,7880,-338,76,-15,37,53196,0,-1,3,0,37089,121,30,65,0,0,0,0,0,0,0,0,-32306,0,0,0,0,0,731237,0
731242,-2104,7884,-314,79,-10,34,53194,0,2,2,0,37088,123,30,65,0,0,0,0,0,0,0,0,-32305,0,0,0,0,0,731242,0
731247,-2060,7886,-320,76,-17,36,53196,3,1,3,0,37088,123,30,65,0,0,0,0,0,0,0,0,-32305,0,0,0,0,0,731247,0
731252,-2084,7870,-330,78,-12,34,53195,1,0,3,0,37087,134,30,65,0,0,0,0,0,0,0,0,-32305,0,0,0,0,0,731252,0
731257,-2062,7882,-334,76,-14,33,53194,-4,3,1,0,37087,134,30,65,0,0,0,0,0,0,0,0,-32306,0,0,0,0,0,731257,0
731262,-2092,7876,-348,83,-15,34,53195,4,-2,3,0,37084,136,30,65,0,0,0,0,0,0,0,0,-32305,0,0,0,0,0,731262,0
731267,-2074,7886,-340,80,-21,37,53195,-2,-2,4,0,37084,136,30,65,0,0,0,0,0,0,0,0,-32305,0,0,0,0,0,731267,0
731272,-2072,7856,-334,86,-12,35,53195,-2,1,4,0,37086,137,30,65,0,0,0,0,0,0,0,0,-32305,0,0,0,0,0,731272,0
731277,-2092,7882,-320,81,-19,39,53195,1,0,1,0,37086,137,30,65,0,0,0,0,0,0,0,0,-32305,0,0,0,0,0,731277,0
731282,-2094,7870,-342,91,-18,33,53194,0,3,2,0,37085,133,30,65,0,0,0,0,0,0,0,0,-32306,0,0,0,0,0,731282,0
731287,-2086,7882,-318,85,-17,37,53195,-1,-4,1,0,37085,133,30,65,0,0,0,0,0,0,0,0,-32306,0,0,0,0,0,731287,0
731292,-2092,7874,-318,87,-20,37,53196,3,1,0,0,37091,121,30,65,0,0,0,0,0,0,0,0,-32306,0,0,0,0,0,731292,0
731297,-2084,7882,-330,81,-23,38,53195,2,3,1,0,37091,121,30,65,0,0,0,0,0,0,0,0,-32305,0,0,0,0,0,731297,0
731302,-2072,7904,-338,81,-22,35,53194,-1,1,2,0,37087,119,30,65,0,0,0,0,0,0,0,0,-32305,0,0,0,0,0,731302,0
731307,-2068,7920,-322,84,-22,40,53195,1,0,2,0,37087,119,30,65,0,0,0,0,0,0,0,0,-32305,0,0,0,0,0,731307,0
731312,-2058,7922,-338,86,-13,41,53195,-4,0,2,0,37088,121,30,65,0,0,0,0,0,0,0,0,-32305,0,0,0,0,0,731312,0
731317,-2098,7932,-336,73,-16,39,53195,-5,3,2,0,37088,121,30,65,0,0,0,0,0,0,0,0,-32306,0,0,0,0,0,731317,0
731322,-2052,7928,-336,86,-13,40,53196,0,-1,2,0,37087,119,30,65,0,0,0,0,0,0,0,0,-32306,0,0,0,0,0,731322,0
731327,-2104,7902,-320,73,-14,41,53196,-1,-2,3,0,37087,119,30,65,0,0,0,0,0,0,0,0,-32306,0,0,0,0,0,731327,0
731332,-2090,7888,-336,78,-12,41,53196,5,-1,3,0,37087,125,30,65,0,0,0,0,0,0,0,0,-32305,0,0,0,0,0,731332,0
731337,-2078,7876,-338,78,-15,42,53195,0,-3,3,0,37087,125,30,65,0,0,0,0,0,0,0,0,-32306,0,0,0,0,0,731337,0
731342,-2096,7886,-314,83,-10,37,53195,-5,0,3,0,37086,123,30,65,0,0,0,0,0,0,0,0,-32306,0,0,0,0,0,731342,0
731347,-2134,7908,-332,83,-18,47,53197,6,3,1,0,37086,123,30,65,0,0,0,0,0,0,0,0,-32305,0,0,0,0,0,731347,0
731352,-2122,7930,-342,72,-11,50,53195,1,0,2,0,37088,122,30,65,0,0,0,0,0,0,0,0,-32305,0,0,0,0,0,731352,0
731357,-2102,7928,-338,82,-16,50,53195,0,-2,0,0,37088,122,30,65,0,0,0,0,0,0,0,0,-32305,0,0,0,0,0,731357,0
731362,-2104,7900,-334,79,-12,46,53196,-5,2,1,0,37092,119,30,65,0,0,0,0,0,0,0,0,-32306,0,0,0,0,0,731362,0
731367,-2068,7910,-330,79,-15,47,53195,2,1,6,0,37092,119,30,65,0,0,0,0,0,0,0,0,-32306,0,0,0,0,0,731367,0
731372,-2156,7918,-334,93,-20,50,53195,2,-3,3,0,37100,119,30,65,0,0,0,0,0,0,0,0,-32305,0,0,0,0,0,731372,0
731377,-2154,7940,-326,89,-30,50,53196,5,6,1,0,37100,119,30,65,0,0,0,0,0,0,0,0,-32306,0,0,0,0,0,731377,0
731382,-2132,7942,-358,94,-36,49,53194,-2,0,2,0,37098,123,30,65,0,0,0,0,0,0,0,0,-32305,0,0,0,0,0,731382,0
731387,-2134,7934,-338,97,-30,48,53195,1,3,4,0,37098,123,30,65,0,0,0,0,0,0,0,0,-32305,0,0,0,0,0,731387,0
731392,-2110,7970,-352,101,-39,51,53196,7,0,3,0,37107,120,30,65,0,0,0,0,0,0,0,0,-32306,0,0,0,0,0,731392,0
731397,-2126,7978,-360,99,-35,46,53195,-2,1,2,0,37107,120,30,65,0,0,0,0,0,0,0,0,-32306,0,0,0,0,0,731397,0
731402,-2116,7970,-368,96,-32,48,53195,3,0,1,0,37101,123,30,65,0,0,0,0,0,0,0,0,-32306,0,0,0,0,0,731402,0
731407,-2130,7988,-352,105,-35,48,53195,0,0,1,0,37101,123,30,65,0,0,0,0,0,0,0,0,-32305,0,0,0,0,0,731407,0
731412,-2146,8004,-346,106,-42,51,53195,0,3,3,0,37101,125,30,65,0,0,0,0,0,0,0,0,-32305,0,0,0,0,0,731412,0
731417,-2120,8034,-362,110,-39,46,53195,0,-5,3,0,37101,125,30,65,0,0,0,0,0,0,0,0,-32305,0,0,0,0,0,731417,0
731422,-2132,8008,-390,103,-40,45,53196,5,3,2,0,37092,131,30,65,0,0,0,0,0,0,0,0,-32305,0,0,0,0,0,731422,0
731427,-2066,8014,-368,108,-49,42,53195,2,1,3,0,37092,131,30,65,0,0,0,0,0,0,0,0,-32306,0,0,0,0,0,731427,0
731432,-2048,7986,-384,104,-44,36,53195,-5,-2,3,0,37087,127,30,65,0,0,0,0,0,0,0,0,-32305,0,0,0,0,0,731432,0
731437,-2032,7994,-336,92,-36,33,53196,4,0,3,0,37087,127,30,65,0,0,0,0,0,0,0,0,-32306,0,0,0,0,0,731437,0
731442,-2038,8002,-344,94,-23,38,53195,0,3,3,0,37087,126,30,65,0,0,0,0,0,0,0,0,-32306,0,0,0,0,0,731442,0
731447,-2048,7962,-340,97,-13,31,53195,-5,-3,4,0,37087,126,30,65,0,0,0,0,0,0,0,0,-32306,0,0,0,0,0,731447,0
731452,-2078,7956,-346,92,-14,30,53195,4,2,3,0,37088,132,30,65,0,0,0,0,0,0,0,0,-32307,0,0,0,0,0,731452,0
731457,-2060,7926,-324,88,-21,31,53196,5,0,0,0,37088,132,30,65,0,0,0,0,0,0,0,0,-32306,0,0,0,0,0,731457,0
731462,-2072,7796,-282,84,-29,32,53196,2,5,2,0,37089,130,30,65,0,0,0,0,0,0,0,0,-32305,0,0,0,0,0,731462,0
731467,-2012,7858,-268,92,-44,35,53196,7,7,2,0,37089,130,30,65,0,0,0,0,0,0,0,0,-32305,0,0,0,0,0,731467,0
731472,-2054,7916,-306,87,-53,36,53196,1,3,1,0,37092,135,30,65,0,0,0,0,0,0,0,0,-32305,0,0,0,0,0,731472,0
731477,-2054,7880,-264,94,-61,39,53195,-1,1,2,0,37092,135,30,65,0,0,0,0,0,0,0,0,-32306,0,0,0,0,0,731477,0
731482,-2008,7868,-274,90,-56,40,53195,-3,1,4,0,37092,124,30,65,0,0,0,0,0,0,0,0,-32305,0,0,0,0,0,731482,0
731487,-2004,7892,-248,85,-59,44,53196,5,5,2,0,37092,124,30,65,0,0,0,0,0,0,0,0,-32305,0,0,0,0,0,731487,0
731492,-2006,7912,-270,83,-49,53,53196,8,-1,1,0,37092,122,30,65,0,0,0,0,0,0,0,0,-32305,0,0,0,0,0,731492,0
731497,-2026,7904,-288,84,-50,51,53195,1,0,3,0,37092,122,30,65,0,0,0,0,0,0,0,0,-32306,0,0,0,0,0,731497,0
731502,-1942,7766,-264,79,-53,53,53194,-2,0,4,0,37092,117,30,65,0,0,0,0,0,0,0,0,-32305,0,0,0,0,0,731502,0
731507,-1784,7646,-366,74,-46,52,53196,2,1,1,0,37092,117,30,65,0,0,0,0,0,0,0,0,-32306,0,0,0,0,0,731507,0
731512,-1870,7866,-342,40,-14,53,53195,-1,-1,3,0,37088,125,30,65,0,0,0,0,0,0,0,0,-32305,0,0,0,0,0,731512,0
731517,-1874,7974,-342,32,10,53,53195,-3,0,3,0,37088,125,30,65,0,0,0,0,0,0,0,0,-32305,0,0,0,0,0,731517,0
731522,-1846,8014,-348,24,26,47,53195,1,1,2,0,37089,131,30,65,0,0,0,0,0,0,0,0,-32306,0,0,0,0,0,731522,0
731527,-1938,8070,-280,14,40,53,53195,1,-1,4,0,37089,131,30,65,0,0,0,0,0,0,0,0,-32305,0,0,0,0,0,731527,0
731532,-1946,8128,-288,5,74,39,53196,0,5,4,0,37089,129,30,65,0,0,0,0,0,0,0,0,-32306,0,0,0,0,0,731532,0
731537,-1958,8128,-298,-4,79,45,53195,2,1,3,0,37089,129,30,65,0,0,0,0,0,0,0,0,-32306,0,0,0,0,0,731537,0
731542,-2030,8162,-292,-12,87,36,53195,1,-1,3,0,37087,121,30,65,0,0,0,0,0,0,0,0,-32305,0,0,0,0,0,731542,0
731547,-2036,8120,-268,-15,93,44,53195,6,-1,3,0,37087,121,30,65,0,0,0,0,0,0,0,0,-32305,0,0,0,0,0,731547,0
731552,-2072,8140,-212,-22,100,54,53195,0,-1,3,0,37085,116,30,65,0,0,0,0,0,0,0,0,-32306,0,0,0,0,0,731552,0
731557,-2102,8158,-210,-23,109,58,53195,5,5,1,0,37085,116,30,65,0,0,0,0,0,0,0,0,-32305,0,0,0,0,0,731557,0
731562,-2090,8142,-224,-25,107,64,53195,-2,-1,2,0,37086,118,30,65,0,0,0,0,0,0,0,0,-32306,0,0,0,0,0,731562,0
731567,-2058,8136,-214,-26,104,67,53195,0,-1,2,0,37086,118,30,65,0,0,0,0,0,0,0,0,-32305,0,0,0,0,0,731567,0
731572,-1988,8082,-248,-33,103,74,53195,-9,0,2,0,37087,122,30,65,0,0,0,0,0,0,0,0,-32305,0,0,0,0,0,731572,0
731577,-1940,8062,-262,-39,108,71,53194,-4,-1,1,0,37087,122,30,65,0,0,0,0,0,0,0,0,-32306,0,0,0,0,0,731577,0
731582,-1916,8068,-268,-45,118,75,53195,-5,1,4,0,37092,130,30,65,0,0,0,0,0,0,0,0,-32305,0,0,0,0,0,731582,0
731587,-1860,8026,-280,-51,126,79,53195,-6,1,2,0,37092,130,30,65,0,0,0,0,0,0,0,0,-32305,0,0,0,0,0,731587,0
731592,-1814,8012,-284,-73,161,82,53195,-1,1,1,0,37092,138,30,65,0,0,0,0,0,0,0,0,-32306,0,0,0,0,0,731592,0
731597,-1794,8004,-302,-78,179,85,53195,0,-2,1,0,37092,138,30,65,0,0,0,0,0,0,0,0,-32305,0,0,0,0,0,731597,0
731602,-1800,7956,-252,-86,208,83,53195,0,-1,1,0,37091,138,30,65,0,0,0,0,0,0,0,0,-32306,0,0,0,0,0,731602,0
731607,-1772,7942,-300,-87,223,90,53195,-2,2,1,0,37091,138,30,65,0,0,0,0,0,0,0,0,-32306,0,0,0,0,0,731607,0
731612,-1794,7900,-314,-107,254,95,53194,-5,-1,2,0,37089,139,30,65,0,0,0,0,0,0,0,0,-32306,0,0,0,0,0,731612,0
731617,-1812,7854,-308,-113,265,98,53194,-7,-4,2,0,37089,139,30,65,0,0,0,0,0,0,0,0,-32305,0,0,0,0,0,731617,0
731622,-1826,7886,-320,-130,281,103,53195,6,-1,1,0,37089,135,30,65,0,0,0,0,0,0,0,0,-32306,0,0,0,0,0,731622,0
731627,-1832,7882,-322,-126,288,112,53196,7,1,2,0,37089,135,30,65,0,0,0,0,0,0,0,0,-32305,0,0,0,0,0,731627,0
731632,-1812,7826,-282,-137,315,119,53194,-1,0,3,0,37092,129,30,65,0,0,0,0,0,0,0,0,-32306,0,0,0,0,0,731632,0
731637,-1774,7842,-296,-130,329,126,53194,-3,-5,5,0,37092,129,30,65,0,0,0,0,0,0,0,0,-32305,0,0,0,0,0,731637,0
731642,-1826,7812,-276,-124,339,122,53196,3,2,1,0,37090,125,30,65,0,0,0,0,0,0,0,0,-32305,0,0,0,0,0,731642,0
731647,-1814,7822,-300,-133,355,125,53195,-3,-2,1,0,37090,125,30,65,0,0,0,0,0,0,0,0,-32306,0,0,0,0,0,731647,0
731652,-1822,7816,-342,-132,365,124,53195,-3,-1,3,0,37089,109,30,65,0,0,0,0,0,0,0,0,-32306,0,0,0,0,0,731652,0
731657,-1866,7826,-296,-139,374,126,53194,0,0,1,0,37089,109,30,65,0,0,0,0,0,0,0,0,-32306,0,0,0,0,0,731657,0
731662,-1838,7816,-314,-138,381,124,53196,4,3,3,0,37087,109,30,65,0,0,0,0,0,0,0,0,-32306,0,0,0,0,0,731662,0
731667,-1828,7806,-326,-139,387,126,53195,5,-3,3,0,37087,109,30,65,0,0,0,0,0,0,0,0,-32305,0,0,0,0,0,731667,0
731672,-1786,7842,-332,-157,411,128,53194,-1,3,2,0,37086,118,30,65,0,0,0,0,0,0,0,0,-32305,0,0,0,0,0,731672,0
731677,-1790,7820,-344,-155,420,129,53197,1,2,4,0,37086,118,30,65,0,0,0,0,0,0,0,0,-32306,0,0,0,0,0,731677,0
731682,-1780,7842,-334,-170,436,126,53194,-4,2,5,0,37088,125,30,65,0,0,0,0,0,0,0,0,-32306,0,0,0,0,0,731682,0
731687,-1774,7886,-316,-167,452,126,53195,-2,0,5,0,37088,125,30,65,0,0,0,0,0,0,0,0,-32306,0,0,0,0,0,731687,0
731692,-1870,7936,-294,-186,481,135,53195,-3,-5,1,0,37086,128,30,65,0,0,0,0,0,0,0,0,-32305,0,0,0,0,0,731692,0
731697,-1916,7890,-282,-181,486,140,53196,4,0,3,0,37086,128,30,65,0,0,0,0,0,0,0,0,-32305,0,0,0,0,0,731698,0
731702,-1974,7908,-264,-184,492,146,53195,0,1,3,0,37087,122,30,65,0,0,0,0,0,0,0,0,-32306,0,0,0,0,0,731703,0
731707,-1978,7922,-218,-183,488,147,53195,1,1,2,0,37087,122,30,65,0,0,0,0,0,0,0,0,-32306,0,0,0,0,0,731708,0
731712,-2072,7892,-176,-174,462,145,53195,4,1,2,0,37090,123,30,65,0,0,0,0,0,0,0,0,-32305,0,0,0,0,0,731713,0
731717,-2084,7894,-182,-168,443,147,53196,0,2,2,0,37090,123,30,65,0,0,0,0,0,0,0,0,-32305,0,0,0,0,0,731718,0
731722,-2132,7922,-148,-163,415,148,53196,4,3,1,0,37087,129,30,65,0,0,0,0,0,0,0,0,-32306,0,0,0,0,0,731723,0
731727,-2188,7950,-156,-160,391,153,53196,7,1,3,0,37087,129,30,65,0,0,0,0,0,0,0,0,-32305,0,0,0,0,0,731728,0
731732,-2308,7980,-90,-140,315,151,53195,0,-6,2,0,37084,132,30,65,0,0,0,0,0,0,0,0,-32305,0,0,0,0,0,731733,0
731737,-2228,7960,-132,-127,279,149,53193,-5,-4,3,0,37084,132,30,65,0,0,0,0,0,0,0,0,-32306,0,0,0,0,0,731738,0
731742,-2194,7986,-122,-120,249,145,53195,0,3,2,0,37084,130,30,65,0,0,0,0,0,0,0,0,-32305,0,0,0,0,0,731743,0
731747,-2144,7964,-94,-103,220,138,53195,0,0,0,0,37084,130,30,65,0,0,0,0,0,0,0,0,-32305,0,0,0,0,0,731748,0
731752,-2114,7888,-54,-78,174,134,53195,0,0,2,0,37085,132,30,65,0,0,0,0,0,0,0,0,-32306,0,0,0,0,0,731753,0
731757,-2072,7828,-60,-56,155,130,53194,-1,1,1,0,37085,132,30,65,0,0,0,0,0,0,0,0,-32305,0,0,0,0,0,731758,0
731762,-2070,7784,-52,-40,133,132,53195,0,3,0,0,37087,136,30,65,0,0,0,0,0,0,0,0,-32306,0,0,0,0,0,731763,0
731767,-2086,7752,-10,-28,101,125,53194,-4,1,3,0,37087,136,30,65,0,0,0,0,0,0,0,0,-32306,0,0,0,0,0,731768,0
731772,-2114,7686,0,-4,48,129,53197,9,4,2,0,37086,139,30,65,0,0,0,0,0,0,0,0,-32306,0,0,0,0,0,731773,0
731777,-2136,7676,2,20,17,131,53195,-1,-1,3,0,37086,139,30,65,0,0,0,0,0,0,0,0,-32305,0,0,0,0,0,731778,0
731782,-2134,7684,-38,36,-13,133,53195,-3,0,4,0,37086,135,30,65,0,0,0,0,0,0,0,0,-32306,0,0,0,0,0,731783,0
731787,-2188,7666,-2,52,-40,141,53195,2,-3,0,0,37086,135,30,65,0,0,0,0,0,0,0,0,-32305,0,0,0,0,0,731788,0
731792,-2182,7716,-16,75,-112,145,53195,-7,0,0,0,37089,139,30,65,0,0,0,0,0,0,0,0,-32306,0,0,0,0,0,731793,0
731797,-2166,7674,-28,91,-148,154,53194,-1,-1,2,0,37089,139,30,65,0,0,0,0,0,0,0,0,-32305,0,0,0,0,0,731798,0
731802,-2190,7696,-30,107,-180,155,53195,-5,-3,2,0,37086,127,30,65,0,0,0,0,0,0,0,0,-32305,0,0,0,0,0,731803,0
731807,-2162,7708,-42,115,-213,157,53195,-8,-1,2,0,37086,127,30,65,0,0,0,0,0,0,0,0,-32305,0,0,0,0,0,731808,0
731812,-2096,7620,-62,141,-285,148,53195,1,3,3,0,37084,135,30,65,0,0,0,0,0,0,0,0,-32306,0,0,0,0,0,731813,0
731817,-2110,7616,-18,148,-316,148,53196,3,5,3,0,37084,135,30,65,0,0,0,0,0,0,0,0,-32305,0,0,0,0,0,731818,0
731822,-2148,7590,-8,160,-356,142,53195,0,2,3,0,37080,129,30,65,0,0,0,0,0,0,0,0,-32306,0,0,0,0,0,731823,0
731827,-2192,7618,-8,172,-392,139,53195,0,3,5,0,37080,129,30,65,0,0,0,0,0,0,0,0,-32305,0,0,0,0,0,731828,0
731832,-2336,7748,-66,202,-499,132,53197,5,-1,5,0,37083,126,30,65,0,0,0,0,0,0,0,0,-32306,0,0,0,0,0,731833,0
731837,-2354,7746,-112,213,-556,125,53195,-4,0,3,0,37083,126,30,65,0,0,0,0,0,0,0,0,-32305,0,0,0,0,0,731838,0
731842,-2378,7840,-158,232,-607,116,53195,-4,-1,1,0,37083,129,30,65,0,0,0,0,0,0,0,0,-32306,0,0,0,0,0,731843,0
731847,-2332,7874,-198,233,-653,113,53196,4,-3,2,0,37083,129,30,65,0,0,0,0,0,0,0,0,-32305,0,0,0,0,0,731848,0
731852,-2278,7998,-268,247,-702,111,53195,0,-3,4,0,37083,129,30,65,0,0,0,0,0,0,0,0,-32306,0,0,0,0,0,731853,0
731857,-2254,8032,-372,262,-710,107,53196,3,0,3,0,37083,129,30,65,0,0,0,0,0,0,0,0,-32305,0,0,0,0,0,731858,0
731862,-2158,8058,-394,254,-712,103,53197,11,-6,4,0,37084,137,30,65,0,0,0,0,0,0,0,0,-32306,0,0,0,0,0,731863,0
731867,-2090,7986,-376,263,-706,101,53194,-3,1,3,0,37084,137,30,65,0,0,0,0,0,0,0,0,-32305,0,0,0,0,0,731868,0
731872,-2016,7806,-322,268,-686,84,53196,3,-3,4,0,37086,131,30,65,0,0,0,0,0,0,0,0,-32305,0,0,0,0,0,731873,0
731877,-2012,7742,-308,282,-688,73,53194,0,-3,3,0,37086,131,30,65,0,0,0,0,0,0,0,0,-32305,0,0,0,0,0,731878,0
731882,-1978,7710,-302,291,-680,63,53196,0,0,5,0,37089,124,30,65,0,0,0,0,0,0,0,0,-32305,0,0,0,0,0,731883,0
731887,-1994,7672,-294,305,-676,56,53195,0,-5,3,0,37089,124,30,65,0,0,0,0,0,0,0,0,-32306,0,0,0,0,0,731888,0
731892,-2042,7632,-312,330,-683,38,53195,-2,3,5,0,37089,132,30,65,0,0,0,0,0,0,0,0,-32305,0,0,0,0,0,731893,0
731897,-2096,7616,-334,330,-683,42,53195,0,-3,4,0,37089,132,30,65,0,0,0,0,0,0,0,0,-32306,0,0,0,0,0,731898,0
731902,-2168,7604,-324,344,-688,40,53196,0,-3,2,0,37088,130,30,65,0,0,0,0,0,0,0,0,-32305,0,0,0,0,0,731903,0
731907,-2176,7634,-348,356,-690,44,53195,-3,3,1,0,37088,130,30,65,0,0,0,0,0,0,0,0,-32306,0,0,0,0,0,731908,0
731912,-2136,7612,-360,369,-694,56,53195,0,3,2,0,37086,135,30,65,0,0,0,0,0,0,0,0,-32305,0,0,0,0,0,731913,0
731917,-2128,7660,-384,372,-692,56,53195,0,0,2,0,37086,135,30,65,0,0,0,0,0,0,0,0,-32306,0,0,0,0,0,731918,0
731922,-2104,7694,-414,381,-684,66,53195,-4,-3,1,0,37086,130,30,65,0,0,0,0,0,0,0,0,-32305,0,0,0,0,0,731923,0
731927,-2042,7730,-434,378,-676,65,53194,-8,1,3,0,37086,130,30,65,0,0,0,0,0,0,0,0,-32306,0,0,0,0,0,731928,0
731932,-2072,7804,-466,377,-658,65,53195,3,0,2,0,37085,130,30,65,0,0,0,0,0,0,0,0,-32306,0,0,0,0,0,731933,0
731937,-2042,7848,-466,380,-655,61,53195,-2,0,3,0,37085,130,30,65,0,0,0,0,0,0,0,0,-32305,0,0,0,0,0,731938,0
731942,-2012,7872,-474,382,-629,67,53195,-1,2,2,0,37084,125,30,65,0,0,0,0,0,0,0,0,-32306,0,0,0,0,0,731943,0
731947,-2004,7892,-476,376,-602,66,53195,-4,2,1,0,37084,125,30,65,0,0,0,0,0,0,0,0,-32305,0,0,0,0,0,731948,0
731952,-2054,8014,-518,375,-552,63,53195,4,2,3,0,37083,122,30,65,0,0,0,0,0,0,0,0,-32305,0,0,0,0,0,731953,0
731957,-2058,8036,-546,381,-525,67,53194,-1,1,2,0,37083,122,30,65,0,0,0,0,0,0,0,0,-32305,0,0,0,0,0,731958,0
731962,-2082,8064,-588,371,-498,70,53195,0,3,3,0,37083,112,30,65,0,0,0,0,0,0,0,0,-32305,0,0,0,0,0,731963,0
731967,-2102,8040,-568,362,-467,78,53196,-1,-2,2,0,37083,112,30,65,0,0,0,0,0,0,0,0,-32306,0,0,0,0,0,731968,0
731972,-2096,8002,-604,345,-422,84,53194,-2,5,3,0,37084,119,30,65,0,0,0,0,0,0,0,0,-32305,0,0,0,0,0,731973,0
731977,-2048,7984,-604,339,-396,87,53195,0,-1,3,0,37084,119,30,65,0,0,0,0,0,0,0,0,-32305,0,0,0,0,0,731978,0
731982,-2092,7998,-596,342,-377,86,53196,2,-6,4,0,37083,124,30,65,0,0,0,0,0,0,0,0,-32305,0,0,0,0,0,731983,0
731987,-2122,7936,-586,332,-362,86,53196,7,4,5,0,37083,124,30,65,0,0,0,0,0,0,0,0,-32305,0,0,0,0,0,731988,0
731992,-2084,7876,-560,329,-333,84,53195,8,1,3,0,37083,129,30,65,0,0,0,0,0,0,0,0,-32305,0,0,0,0,0,731993,0
731997,-2084,7840,-552,327,-319,77,53194,1,-1,5,0,37083,129,30,65,0,0,0,0,0,0,0,0,-32306,0,0,0,0,0,731998,0
732002,-2112,7810,-554,326,-305,71,53195,0,-1,1,0,37086,122,30,65,0,0,0,0,0,0,0,0,-32306,0,0,0,0,0,732003,0
732007,-2096,7788,-528,333,-298,69,53196,0,-1,0,0,37086,122,30,65,0,0,0,0,0,0,0,0,-32305,0,0,0,0,0,732008,0
732012,-2096,7784,-560,343,-281,58,53195,-6,1,2,0,37091,120,30,65,0,0,0,0,0,0,0,0,-32305,0,0,0,0,0,732013,0
732017,-2120,7776,-570,343,-280,57,53194,-1,-4,3,0,37091,120,30,65,0,0,0,0,0,0,0,0,-32305,0,0,0,0,0,732018,0
732022,-2150,7760,-590,344,-280,50,53196,-2,-6,3,0,37091,113,30,65,0,0,0,0,0,0,0,0,-32306,0,0,0,0,0,732023,0
732027,-2138,7742,-620,345,-276,45,53195,1,4,2,0,37091,113,30,65,0,0,0,0,0,0,0,0,-32306,0,0,0,0,0,732028,0
732032,-2110,7746,-590,351,-266,30,53195,2,2,3,0,37086,127,30,65,0,0,0,0,0,0,0,0,-32306,0,0,0,0,0,732033,0
732037,-2126,7770,-604,348,-264,24,53196,-2,-3,3,0,37086,127,30,65,0,0,0,0,0,0,0,0,-32306,0,0,0,0,0,732038,0
732042,-2130,7782,-598,351,-262,12,53195,0,-1,2,0,37084,121,30,65,0,0,0,0,0,0,0,0,-32305,0,0,0,0,0,732043,0
732047,-2146,7766,-592,352,-265,9,53194,-6,6,1,0,37084,121,30,65,0,0,0,0,0,0,0,0,-32306,0,0,0,0,0,732048,0
732052,-2170,7778,-596,360,-262,-19,53196,5,-2,3,0,37084,123,30,65,0,0,0,0,0,0,0,0,-32305,0,0,0,0,0,732053,0
732057,-2184,7796,-598,367,-262,-28,53195,3,2,2,0,37084,123,30,65,0,0,0,0,0,0,0,0,-32306,0,0,0,0,0,732058,0
732062,-2184,7818,-606,365,-277,-42,53195,0,3,2,0,37084,126,30,65,0,0,0,0,0,0,0,0,-32305,0,0,0,0,0,732063,0
732067,-2202,7826,-620,364,-279,-57,53195,2,0,2,0,37084,126,30,65,0,0,0,0,0,0,0,0,-32305,0,0,0,0,0,732068,0
732072,-2176,7838,-630,361,-284,-88,53194,-4,2,1,0,37086,126,30,65,0,0,0,0,0,0,0,0,-32306,0,0,0,0,0,732073,0
732077,-2144,7828,-610,369,-279,-90,53195,2,-3,3,0,37086,126,30,65,0,0,0,0,0,0,0,0,-32305,0,0,0,0,0,732078,0
732082,-2150,7856,-642,361,-275,-107,53195,-3,-2,3,0,37086,132,30,65,0,0,0,0,0,0,0,0,-32305,0,0,0,0,0,732083,0
732087,-2140,7868,-660,360,-266,-112,53195,-3,1,1,0,37086,132,30,65,0,0,0,0,0,0,0,0,-32305,0,0,0,0,0,732088,0
732092,-2206,7908,-656,351,-249,-137,53196,1,1,1,0,37087,129,30,65,0,0,0,0,0,0,0,0,-32305,0,0,0,0,0,732093,0
732097,-2236,7954,-682,350,-247,-150,53194,0,1,4,0,37087,129,30,65,0,0,0,0,0,0,0,0,-32305,0,0,0,0,0,732098,0
732102,-2218,7970,-696,340,-237,-153,53195,-3,-3,6,0,37086,130,30,65,0,0,0,0,0,0,0,0,-32305,0,0,0,0,0,732103,0
732107,-2198,7946,-716,340,-235,-168,53195,3,0,1,0,37086,130,30,65,0,0,0,0,0,0,0,0,-32306,0,0,0,0,0,732108,0
732112,-2160,7928,-732,319,-211,-192,53196,7,2,2,0,37084,133,30,65,0,0,0,0,0,0,0,0,-32305,0,0,0,0,0,732113,0
732117,-2100,7874,-738,314,-194,-206,53195,5,0,3,0,37084,133,30,65,0,0,0,0,0,0,0,0,-32306,0,0,0,0,0,732118,0
732122,-2046,7880,-758,315,-162,-219,53195,0,-2,3,0,37085,140,30,65,0,0,0,0,0,0,0,0,-32305,0,0,0,0,0,732123,0
732127,-2018,7902,-758,303,-134,-240,53195,-1,0,4,0,37085,140,30,65,0,0,0,0,0,0,0,0,-32305,0,0,0,0,0,732128,0
732132,-1904,7872,-846,270,-54,-281,53196,-6,-1,2,0,37085,133,30,65,0,0,0,0,0,0,0,0,-32306,0,0,0,0,0,732133,0
732137,-1986,7772,-864,250,-18,-298,53196,5,-4,2,0,37085,133,30,65,0,0,0,0,0,0,0,0,-32306,0,0,0,0,0,732138,0
732142,-1956,7624,-948,239,15,-313,53196,9,-2,3,0,37087,130,30,65,0,0,0,0,0,0,0,0,-32306,0,0,0,0,0,732143,0
732147,-1838,7642,-912,220,64,-339,53195,1,-2,2,0,37087,130,30,65,0,0,0,0,0,0,0,0,-32306,0,0,0,0,0,732148,0
732152,-1880,7746,-892,175,178,-374,53195,0,2,1,0,37089,118,30,65,0,0,0,0,0,0,0,0,-32306,0,0,0,0,0,732153,0
732157,-1912,7708,-946,152,227,-400,53195,3,1,0,0,37089,118,30,65,0,0,0,0,0,0,0,0,-32306,0,0,0,0,0,732158,0
732162,-1844,7782,-938,124,287,-417,53197,2,-6,3,0,37089,124,30,65,0,0,0,0,0,0,0,0,-32306,0,0,0,0,0,732163,0
732167,-1876,7796,-972,95,343,-436,53195,2,-2,3,0,37089,124,30,65,0,0,0,0,0,0,0,0,-32305,0,0,0,0,0,732168,0
732172,-1732,7814,-984,36,475,-492,53195,-2,0,2,0,37087,121,30,65,0,0,0,0,0,0,0,0,-32306,0,0,0,0,0,732173,0
732177,-1606,7674,-1024,8,548,-525,53196,0,-7,4,0,37087,121,30,65,0,0,0,0,0,0,0,0,-32306,0,0,0,0,0,732178,0
732182,-1656,7606,-988,-20,621,-553,53195,0,-1,4,0,37084,126,30,65,0,0,0,0,0,0,0,0,-32306,0,0,0,0,0,732183,0
732187,-1626,7564,-1006,-49,698,-576,53195,1,1,3,0,37084,126,30,65,0,0,0,0,0,0,0,0,-32306,0,0,0,0,0,732188,0
732192,-1622,7594,-1040,-117,893,-617,53195,1,-3,1,0,37084,127,30,65,0,0,0,0,0,0,0,0,-32305,0,0,0,0,0,732193,0
732197,-1592,7616,-1094,-145,984,-636,53195,-1,4,2,0,37084,127,30,65,0,0,0,0,0,0,0,0,-32306,0,0,0,0,0,732198,0
732202,-1656,7600,-1120,-190,1079,-662,53195,-4,-2,3,0,37085,128,30,65,0,0,0,0,0,0,0,0,-32305,0,0,0,0,0,732203,0
732207,-1714,7618,-1130,-216,1156,-679,53195,-3,0,1,0,37085,128,30,65,0,0,0,0,0,0,0,0,-32305,0,0,0,0,0,732208,0
732212,-1794,7618,-1090,-284,1321,-720,53194,0,-2,3,0,37090,124,30,65,0,0,0,0,0,0,0,0,-32305,0,0,0,0,0,732213,0
732217,-1826,7616,-1046,-305,1394,-742,53195,4,2,3,0,37090,124,30,65,0,0,0,0,0,0,0,0,-32305,0,0,0,0,0,732218,0
732222,-1902,7516,-1050,-333,1464,-759,53195,-1,0,1,0,37091,128,30,65,0,0,0,0,0,0,0,0,-32305,0,0,0,0,0,732223,0
732227,-1984,7538,-1002,-357,1524,-772,53195,2,2,2,0,37091,128,30,65,0,0,0,0,0,0,0,0,-32305,0,0,0,0,0,732228,0
732232,-2108,7524,-1016,-395,1628,-800,53196,8,3,1,0,37091,133,30,65,0,0,0,0,0,0,0,0,-32306,0,0,0,0,0,732233,0
732237,-2210,7524,-1028,-417,1668,-815,53195,1,-3,2,0,37091,133,30,65,0,0,0,0,0,0,0,0,-32305,0,0,0,0,0,732238,0
732242,-2180,7550,-1000,-435,1710,-823,53194,0,1,3,0,37085,131,30,65,0,0,0,0,0,0,0,0,-32305,0,0,0,0,0,732243,0
732247,-2310,7616,-944,-448,1739,-828,53194,-2,-1,2,0,37085,131,30,65,0,0,0,0,0,0,0,0,-32306,0,0,0,0,0,732248,0
732252,-2398,7628,-998,-486,1799,-852,53195,2,0,1,0,37086,138,30,65,0,0,0,0,0,0,0,0,-32306,0,0,0,0,0,732253,0
732257,-2422,7640,-968,-502,1821,-859,53195,-5,-2,0,0,37086,138,30,65,0,0,0,0,0,0,0,0,-32305,0,0,0,0,0,732258,0
732262,-2484,7696,-1032,-518,1840,-870,53195,4,3,1,0,37086,136,30,65,0,0,0,0,0,0,0,0,-32305,0,0,0,0,0,732263,0
732267,-2536,7774,-1010,-539,1860,-885,53196,1,-1,3,0,37086,136,30,65,0,0,0,0,0,0,0,0,-32305,0,0,0,0,0,732268,0
732272,-2550,7782,-1012,-556,1906,-895,53195,-2,-3,2,0,37085,139,30,65,0,0,0,0,0,0,0,0,-32305,0,0,0,0,0,732273,0
732277,-2644,7910,-892,-572,1903,-906,53196,11,0,3,0,37085,139,30,65,0,0,0,0,0,0,0,0,-32306,0,0,0,0,0,732278,0
732282,-2696,7892,-914,-578,1918,-913,53194,-1,2,3,0,37082,133,30,65,0,0,0,0,0,0,0,0,-32306,0,0,0,0,0,732283,0
732287,-2774,7860,-922,-577,1913,-920,53196,5,-4,3,0,37082,133,30,65,0,0,0,0,0,0,0,0,-32306,0,0,0,0,0,732288,0
732292,-2854,7844,-852,-585,1888,-937,53194,3,0,2,0,37081,125,30,65,0,0,0,0,0,0,0,0,-32306,0,0,0,0,0,732293,0
732297,-2894,7822,-848,-586,1877,-944,53195,0,3,3,0,37081,125,30,65,0,0,0,0,0,0,0,0,-32305,0,0,0,0,0,732298,0
732302,-2894,7770,-844,-585,1860,-946,53194,-3,-7,3,0,37083,120,30,65,0,0,0,0,0,0,0,0,-32305,0,0,0,0,0,732303,0
732307,-2902,7742,-826,-588,1850,-946,53195,1,0,2,0,37083,120,30,65,0,0,0,0,0,0,0,0,-32305,0,0,0,0,0,732308,0
732312,-2834,7726,-826,-582,1831,-949,53195,2,-4,3,0,37086,120,30,65,0,0,0,0,0,0,0,0,-32305,0,0,0,0,0,732313,0
732317,-2766,7676,-880,-578,1831,-947,53196,1,0,1,0,37086,120,30,65,0,0,0,0,0,0,0,0,-32305,0,0,0,0,0,732318,0
732322,-2822,7824,-762,-585,1816,-951,53195,-2,-3,2,0,37088,132,30,65,0,0,0,0,0,0,0,0,-32305,0,0,0,0,0,732323,0
732327,-2524,7658,-1072,-588,1859,-950,53195,6,3,3,0,37088,132,30,65,0,0,0,0,0,0,0,0,-32305,0,0,0,0,0,732328,0
732332,-2540,7628,-840,-586,1917,-961,53194,0,3,4,0,37086,137,30,65,0,0,0,0,0,0,0,0,-32305,0,0,0,0,0,732333,0
732337,-2512,7688,-850,-594,1953,-959,53195,-2,-2,3,0,37086,137,30,65,0,0,0,0,0,0,0,0,-32305,0,0,0,0,0,732338,0
732342,-2570,7646,-880,-589,1988,-965,53194,-5,-1,3,0,37086,141,30,65,0,0,0,0,0,0,0,0,-32306,0,0,0,0,0,732343,0
732347,-2630,7608,-874,-587,2007,-972,53195,-5,1,3,0,37086,141,30,65,0,0,0,0,0,0,0,0,-32305,0,0,0,0,0,732348,0
732352,-2778,7568,-916,-583,2029,-970,53195,2,1,2,0,37086,126,30,65,0,0,0,0,0,0,0,0,-32305,0,0,0,0,0,732353,0
732357,-2850,7578,-924,-574,2025,-963,53194,-2,-4,0,0,37086,126,30,65,0,0,0,0,0,0,0,0,-32306,0,0,0,0,0,732358,0
732362,-2796,7568,-938,-568,2038,-953,53195,3,4,2,0,37086,120,30,65,0,0,0,0,0,0,0,0,-32305,0,0,0,0,0,732363,0
732367,-2782,7580,-914,-567,2048,-954,53195,-2,2,2,0,37086,120,30,65,0,0,0,0,0,0,0,0,-32306,0,0,0,0,0,732368,0
732372,-2676,7622,-946,-572,2084,-949,53194,-6,-2,3,0,37086,118,30,65,0,0,0,0,0,0,0,0,-32305,0,0,0,0,0,732373,0
732377,-2638,7636,-948,-574,2118,-943,53196,5,-2,3,0,37086,118,30,65,0,0,0,0,0,0,0,0,-32306,0,0,0,0,0,732378,0
732382,-2652,7676,-914,-573,2142,-944,53194,1,-3,3,0,37084,121,30,65,0,0,0,0,0,0,0,0,-32306,0,0,0,0,0,732383,0
732387,-2648,7686,-940,-569,2176,-942,53194,-9,0,4,0,37084,121,30,65,0,0,0,0,0,0,0,0,-32305,0,0,0,0,0,732388,0
732392,-2740,7730,-1002,-577,2230,-932,53195,1,3,2,0,37086,121,30,65,0,0,0,0,0,0,0,0,-32306,0,0,0,0,0,732393,0
732397,-2768,7816,-962,-579,2257,-927,53195,1,3,2,0,37086,121,30,65,0,0,0,0,0,0,0,0,-32305,0,0,0,0,0,732398,0
732402,-2766,7808,-984,-589,2289,-924,53195,4,0,1,0,37088,125,30,65,0,0,0,0,0,0,0,0,-32306,0,0,0,0,0,732403,0
732407,-2758,7840,-980,-598,2320,-917,53195,1,1,2,0,37088,125,30,65,0,0,0,0,0,0,0,0,-32305,0,0,0,0,0,732408,0
732412,-2752,7830,-940,-605,2385,-911,53194,-2,1,2,0,37090,133,30,65,0,0,0,0,0,0,0,0,-32305,0,0,0,0,0,732413,0
732417,-2704,7820,-920,-613,2424,-907,53195,3,-2,1,0,37090,133,30,65,0,0,0,0,0,0,0,0,-32305,0,0,0,0,0,732418,0
732422,-2772,7768,-890,-611,2457,-898,53195,-1,0,4,0,37097,137,30,65,0,0,0,0,0,0,0,0,-32305,0,0,0,0,0,732423,0
732427,-2876,7708,-870,-605,2481,-888,53195,4,2,3,0,37097,137,30,65,0,0,0,0,0,0,0,0,-32305,0,0,0,0,0,732428,0
732432,-2964,7662,-896,-603,2499,-856,53195,0,0,2,0,37096,136,30,65,0,0,0,0,0,0,0,0,-32305,0,0,0,0,0,732433,0
732437,-3116,7782,-752,-602,2492,-841,53195,-7,2,2,0,37096,136,30,65,0,0,0,0,0,0,0,0,-32305,0,0,0,0,0,732438,0
732442,-3188,7746,-794,-595,2482,-826,53195,-2,-1,2,0,37093,123,30,65,0,0,0,0,0,0,0,0,-32305,0,0,0,0,0,732443,0
732447,-3238,7670,-886,-591,2455,-805,53195,2,-1,1,0,37093,123,30,65,0,0,0,0,0,0,0,0,-32306,0,0,0,0,0,732448,0
732452,-3240,7800,-744,-582,2385,-776,53194,-7,-2,2,0,37087,127,30,65,0,0,0,0,0,0,0,0,-32306,0,0,0,0,0,732453,0
732457,-3306,7828,-686,-574,2361,-760,53194,-2,-2,2,0,37087,127,30,65,0,0,0,0,0,0,0,0,-32307,0,0,0,0,0,732458,0
732462,-3280,7910,-632,-566,2325,-742,53195,1,-2,3,0,37085,122,30,65,0,0,0,0,0,0,0,0,-32306,0,0,0,0,0,732463,0
732467,-3366,7922,-608,-555,2301,-732,53195,1,0,3,0,37085,122,30,65,0,0,0,0,0,0,0,0,-32306,0,0,0,0,0,732468,0
732472,-3460,7942,-526,-533,2252,-695,53195,4,3,2,0,37085,126,30,65,0,0,0,0,0,0,0,0,-32306,0,0,0,0,0,732473,0
732477,-3526,7950,-444,-510,2219,-674,53195,4,-2,2,0,37085,126,30,65,0,0,0,0,0,0,0,0,-32305,0,0,0,0,0,732478,0
732482,-3580,8014,-460,-489,2194,-642,53195,3,3,4,0,37086,123,30,65,0,0,0,0,0,0,0,0,-32306,0,0,0,0,0,732483,0
732487,-3724,8050,-250,-472,2155,-614,53195,-3,2,2,0,37086,123,30,65,0,0,0,0,0,0,0,0,-32306,0,0,0,0,0,732488,0
732492,-3898,8162,-214,-416,2040,-533,53195,4,2,2,0,37088,124,30,65,0,0,0,0,0,0,0,0,-32305,0,0,0,0,0,732493,0
732497,-4024,8126,-232,-396,1977,-495,53195,3,-1,3,0,37088,124,30,65,0,0,0,0,0,0,0,0,-32305,0,0,0,0,0,732498,0
732502,-4008,8188,-124,-364,1912,-454,53196,7,5,2,0,37088,125,30,65,0,0,0,0,0,0,0,0,-32306,0,0,0,0,0,732503,0
732507,-4032,8224,-42,-344,1843,-417,53194,-1,-1,2,0,37088,125,30,65,0,0,0,0,0,0,0,0,-32305,0,0,0,0,0,732508,0
732512,-4008,8248,20,-294,1707,-340,53194,-1,1,2,0,37088,127,30,65,0,0,0,0,0,0,0,0,-32305,0,0,0,0,0,732513,0
732517,-4012,7966,158,-261,1630,-314,53194,-1,-1,3,0,37088,127,30,65,0,0,0,0,0,0,0,0,-32305,0,0,0,0,0,732518,0
732522,-4096,8258,198,-227,1545,-281,53194,-1,-4,0,0,37097,130,30,65,0,0,0,0,0,0,0,0,-32306,0,0,0,0,0,732523,0
732527,-4136,8574,48,-214,1465,-251,53195,4,2,2,0,37097,130,30,65,0,0,0,0,0,0,0,0,-32306,0,0,0,0,0,732528,0
732532,-3978,8654,-68,-224,1359,-200,53195,4,1,2,0,37097,132,30,65,0,0,0,0,0,0,0,0,-32305,0,0,0,0,0,732533,0
732537,-3852,8756,-116,-240,1305,-176,53194,0,-4,2,0,37097,132,30,65,0,0,0,0,0,0,0,0,-32305,0,0,0,0,0,732538,0
732542,-3648,8934,-176,-274,1285,-163,53195,5,3,5,0,37095,131,30,65,0,0,0,0,0,0,0,0,-32306,0,0,0,0,0,732543,0
732547,-3448,8976,-218,-317,1283,-156,53194,-1,-2,4,0,37095,131,30,65,0,0,0,0,0,0,0,0,-32306,0,0,0,0,0,732548,0
732552,-3178,8798,-188,-413,1303,-165,53194,0,-1,4,0,37087,125,30,65,0,0,0,0,0,0,0,0,-32306,0,0,0,0,0,732553,0
732557,-3128,8616,-138,-457,1307,-177,53194,4,-3,2,0,37087,125,30,65,0,0,0,0,0,0,0,0,-32305,0,0,0,0,0,732558,0
732562,-3078,8494,-100,-499,1328,-172,53194,1,1,3,0,37085,136,30,65,0,0,0,0,0,0,0,0,-32306,0,0,0,0,0,732563,0
732567,-3082,8302,-98,-538,1332,-172,53194,0,3,2,0,37085,136,30,65,0,0,0,0,0,0,0,0,-32306,0,0,0,0,0,732568,0
732572,-3124,8000,-60,-610,1352,-145,53195,2,8,3,0,37087,137,30,65,0,0,0,0,0,0,0,0,-32305,0,0,0,0,0,732573,0
732577,-3194,7892,-38,-646,1344,-130,53195,2,2,2,0,37087,137,30,65,0,0,0,0,0,0,0,0,-32306,0,0,0,0,0,732578,0
732582,-3178,7810,-28,-677,1337,-102,53196,11,2,1,0,37086,138,30,65,0,0,0,0,0,0,0,0,-32305,0,0,0,0,0,732583,0
732587,-3120,7748,-20,-705,1322,-85,53195,5,4,2,0,37086,138,30,65,0,0,0,0,0,0,0,0,-32305,0,0,0,0,0,732588,0
732592,-2958,7678,-34,-767,1306,-50,53194,-1,0,2,0,37086,122,30,65,0,0,0,0,0,0,0,0,-32306,0,0,0,0,0,732593,0
732597,-2878,7726,-10,-795,1321,-34,53195,-1,4,2,0,37086,122,30,65,0,0,0,0,0,0,0,0,-32306,0,0,0,0,0,732598,0
732602,-2726,7738,-42,-840,1343,-18,53193,-2,-5,2,0,37086,126,30,65,0,0,0,0,0,0,0,0,-32305,0,0,0,0,0,732603,0
732607,-2670,7724,-50,-873,1390,-9,53194,-2,0,1,0,37086,126,30,65,0,0,0,0,0,0,0,0,-32306,0,0,0,0,0,732608,0
732612,-2638,7730,106,-938,1467,0,53196,4,4,2,0,37087,126,30,65,0,0,0,0,0,0,0,0,-32306,0,0,0,0,0,732613,0
732617,-2632,7974,-52,-978,1524,1,53194,3,-5,3,0,37087,126,30,65,0,0,0,0,0,0,0,0,-32306,0,0,0,0,0,732618,0
732622,-2722,8104,-148,-1014,1581,-3,53194,3,-2,3,0,37089,126,30,65,0,0,0,0,0,0,0,0,-32306,0,0,0,0,0,732623,0
732627,-2794,7912,-170,-1065,1625,7,53195,6,1,2,0,37089,126,30,65,0,0,0,0,0,0,0,0,-32306,0,0,0,0,0,732628,0
732632,-2766,7982,-102,-1162,1697,15,53194,3,0,3,0,37086,123,30,65,0,0,0,0,0,0,0,0,-32306,0,0,0,0,0,732633,0
732637,-2746,7982,-78,-1205,1752,23,53194,0,0,2,0,37086,123,30,65,0,0,0,0,0,0,0,0,-32306,0,0,0,0,0,732638,0
732642,-2768,7900,-78,-1244,1804,31,53194,-1,0,2,0,37086,125,30,65,0,0,0,0,0,0,0,0,-32305,0,0,0,0,0,732643,0
732647,-2744,7816,-42,-1290,1854,41,53195,5,0,1,0,37086,125,30,65,0,0,0,0,0,0,0,0,-32306,0,0,0,0,0,732648,0
732652,-2786,7670,62,-1353,1937,65,53194,0,-2,1,0,37084,125,30,65,0,0,0,0,0,0,0,0,-32306,0,0,0,0,0,732653,0
732657,-2788,7620,70,-1374,1970,81,53194,0,4,2,0,37084,125,30,65,0,0,0,0,0,0,0,0,-32306,0,0,0,0,0,732658,0
732662,-2800,7642,100,-1406,2003,85,53193,1,1,2,0,37085,118,30,65,0,0,0,0,0,0,0,0,-32306,0,0,0,0,0,732663,0
732667,-2792,7604,72,-1433,2022,89,53195,-2,-2,3,0,37085,118,30,65,0,0,0,0,0,0,0,0,-32305,0,0,0,0,0,732668,0
732672,-2632,7694,-76,-1502,2085,84,53195,0,0,3,0,37099,124,30,65,0,0,0,0,0,0,0,0,-32306,0,0,0,0,0,732673,0
732677,-2808,7818,180,-1538,2109,73,53193,-3,0,2,0,37099,124,30,65,0,0,0,0,0,0,0,0,-32306,0,0,0,0,0,732678,0
732682,-2790,7668,182,-1556,2134,77,53195,1,-2,1,0,37112,123,30,65,0,0,0,0,0,0,0,0,-32305,0,0,0,0,0,732683,0
732687,-2746,7664,230,-1570,2177,77,53194,-1,0,2,0,37112,123,30,65,0,0,0,0,0,0,0,0,-32306,0,0,0,0,0,732688,0
732692,-2960,7552,196,-1606,2236,103,53194,-5,1,2,0,37116,122,30,65,0,0,0,0,0,0,0,0,-32306,0,0,0,0,0,732693,0
732697,-3070,7526,240,-1616,2246,120,53194,-1,2,3,0,37116,122,30,65,0,0,0,0,0,0,0,0,-32306,0,0,0,0,0,732699,0
732702,-3182,7498,262,-1631,2244,133,53194,1,0,1,0,37104,125,30,65,0,0,0,0,0,0,0,0,-32306,0,0,0,0,0,732704,0
732707,-3218,7480,238,-1634,2236,158,53195,-1,1,1,0,37104,125,30,65,0,0,0,0,0,0,0,0,-32306,0,0,0,0,0,732709,0
732712,-3126,7476,238,-1661,2203,179,53194,5,3,2,0,37092,130,30,65,0,0,0,0,0,0,0,0,-32306,0,0,0,0,0,732714,0
732717,-3072,7500,282,-1671,2193,190,53195,4,2,3,0,37092,130,30,65,0,0,0,0,0,0,0,0,-32306,0,0,0,0,0,732719,0
732722,-2980,7522,310,-1681,2187,189,53195,7,-1,2,0,37084,129,30,65,0,0,0,0,0,0,0,0,-32306,0,0,0,0,0,732724,0
732727,-2912,7484,316,-1693,2180,191,53194,1,0,4,0,37084,129,30,65,0,0,0,0,0,0,0,0,-32305,0,0,0,0,0,732729,0
732732,-2742,7408,178,-1730,2184,178,53196,8,-1,3,0,37088,123,30,65,0,0,0,0,0,0,0,0,-32306,0,0,0,0,0,732734,0
732737,-2672,7522,50,-1761,2218,174,53194,-2,-3,2,0,37088,123,30,65,0,0,0,0,0,0,0,0,-32306,0,0,0,0,0,732739,0
732742,-2924,7596,344,-1781,2225,168,53194,-8,-2,2,0,37089,123,30,65,0,0,0,0,0,0,0,0,-32305,0,0,0,0,0,732744,0
732747,-2910,7434,320,-1788,2228,161,53194,-3,-5,0,0,37089,123,30,65,0,0,0,0,0,0,0,0,-32305,0,0,0,0,0,732749,0
732752,-2948,7348,340,-1814,2262,180,53196,-1,-4,1,0,37088,131,30,65,0,0,0,0,0,0,0,0,-32306,0,0,0,0,0,732754,0
732757,-3078,7312,284,-1821,2271,197,53194,-4,-2,1,0,37088,131,30,65,0,0,0,0,0,0,0,0,-32306,0,0,0,0,0,732759,0
732762,-3066,7264,270,-1831,2261,209,53194,0,1,3,0,37086,134,30,65,0,0,0,0,0,0,0,0,-32306,0,0,0,0,0,732764,0
732767,-3034,7348,244,-1844,2252,213,53194,6,1,2,0,37086,134,30,65,0,0,0,0,0,0,0,0,-32305,0,0,0,0,0,732769,0
732772,-3016,7256,450,-1835,2220,217,53194,2,2,3,0,37085,134,30,65,0,0,0,0,0,0,0,0,-32306,0,0,0,0,0,732774,0
732777,-2960,7264,504,-1826,2211,217,53194,-5,4,2,0,37085,134,30,65,0,0,0,0,0,0,0,0,-32306,0,0,0,0,0,732779,0
732782,-2954,7180,500,-1818,2210,214,53194,-2,1,3,0,37083,132,30,65,0,0,0,0,0,0,0,0,-32305,0,0,0,0,0,732784,0
732787,-3054,7172,528,-1810,2189,221,53194,-2,0,2,0,37083,132,30,65,0,0,0,0,0,0,0,0,-32306,0,0,0,0,0,732790,0
732792,-3184,7120,558,-1779,2125,230,53194,0,1,3,0,37083,132,30,65,0,0,0,0,0,0,0,0,-32305,0,0,0,0,0,732794,0
732797,-3246,7106,570,-1763,2082,230,53193,-10,-2,2,0,37083,132,30,65,0,0,0,0,0,0,0,0,-32306,0,0,0,0,0,732799,0
732802,-3228,7142,600,-1745,2029,236,53194,2,3,2,0,37081,124,30,65,0,0,0,0,0,0,0,0,-32306,0,0,0,0,0,732804,0
732807,-3214,7106,610,-1724,1984,235,53194,-2,1,1,0,37081,124,30,65,0,0,0,0,0,0,0,0,-32306,0,0,0,0,0,732809,0
732812,-3092,7066,634,-1686,1901,226,53195,4,6,2,0,37083,124,30,65,0,0,0,0,0,0,0,0,-32306,0,0,0,0,0,732814,0
732817,-3024,7068,672,-1670,1859,223,53194,1,1,3,0,37083,124,30,65,0,0,0,0,0,0,0,0,-32306,0,0,0,0,0,732819,0
732822,-2858,6940,648,-1657,1827,209,53194,1,6,3,0,37083,131,30,65,0,0,0,0,0,0,0,0,-32305,0,0,0,0,0,732824,0
732827,-2716,7056,398,-1669,1830,204,53194,-1,-2,3,0,37083,131,30,65,0,0,0,0,0,0,0,0,-32306,0,0,0,0,0,732829,0
732832,-3022,7298,732,-1663,1781,172,53195,3,0,3,0,37083,132,30,65,0,0,0,0,0,0,0,0,-32306,0,0,0,0,0,732834,0
732837,-2960,7208,766,-1645,1758,156,53195,1,0,3,0,37083,132,30,65,0,0,0,0,0,0,0,0,-32306,0,0,0,0,0,732839,0
732842,-3040,7124,814,-1623,1732,150,53194,-2,1,2,0,37091,133,30,65,0,0,0,0,0,0,0,0,-32306,0,0,0,0,0,732844,0
732847,-3118,7014,822,-1601,1710,157,53194,2,-2,1,0,37091,133,30,65,0,0,0,0,0,0,0,0,-32306,0,0,0,0,0,732849,0
732852,-3306,6822,840,-1566,1633,181,53194,2,0,1,0,37093,127,30,65,0,0,0,0,0,0,0,0,-32305,0,0,0,0,0,732854,0
732857,-3408,6726,1010,-1537,1558,190,53195,2,-1,1,0,37093,127,30,65,0,0,0,0,0,0,0,0,-32306,0,0,0,0,0,732859,0
732862,-3360,6842,1052,-1493,1474,188,53194,3,2,2,0,37096,132,30,65,0,0,0,0,0,0,0,0,-32306,0,0,0,0,0,732864,0
732867,-3270,6806,1042,-1449,1388,185,53194,0,5,4,0,37096,132,30,65,0,0,0,0,0,0,0,0,-32306,0,0,0,0,0,732869,0
732872,-3124,6922,964,-1401,1254,162,53194,2,-3,2,0,37090,136,30,65,0,0,0,0,0,0,0,0,-32306,0,0,0,0,0,732874,0
732877,-3102,6944,978,-1383,1192,152,53193,-5,-3,3,0,37090,136,30,65,0,0,0,0,0,0,0,0,-32306,0,0,0,0,0,732879,0
732882,-3110,6938,1012,-1355,1138,133,53194,3,0,2,0,37085,122,30,65,0,0,0,0,0,0,0,0,-32306,0,0,0,0,0,732884,0
732887,-3180,6812,1052,-1333,1065,122,53193,-5,0,2,0,37085,122,30,65,0,0,0,0,0,0,0,0,-32305,0,0,0,0,0,732889,0
732892,-3138,6896,1034,-1291,942,105,53195,1,3,1,0,37082,123,30,65,0,0,0,0,0,0,0,0,-32306,0,0,0,0,0,732894,0
732897,-3118,6922,1028,-1272,891,100,53195,-3,-4,3,0,37082,123,30,65,0,0,0,0,0,0,0,0,-32305,0,0,0,0,0,732899,0
732902,-3136,6864,956,-1260,841,95,53194,-1,2,3,0,37083,132,30,65,0,0,0,0,0,0,0,0,-32306,0,0,0,0,0,732904,0
732907,-3006,6792,978,-1237,801,98,53194,-9,0,1,0,37083,132,30,65,0,0,0,0,0,0,0,0,-32306,0,0,0,0,0,732909,0
732912,-3066,6832,1074,-1216,744,99,53195,4,-1,1,0,37084,137,30,65,0,0,0,0,0,0,0,0,-32306,0,0,0,0,0,732914,0
732917,-3006,6792,1000,-1208,697,106,53194,0,1,2,0,37084,137,30,65,0,0,0,0,0,0,0,0,-32305,0,0,0,0,0,732919,0
732922,-3026,6846,984,-1199,672,107,53193,-5,0,3,0,37084,145,30,65,0,0,0,0,0,0,0,0,-32305,0,0,0,0,0,732924,0
732927,-2992,6924,962,-1205,646,111,53194,0,0,2,0,37084,145,30,65,0,0,0,0,0,0,0,0,-32305,0,0,0,0,0,732929,0
732932,-2960,7048,1032,-1194,616,116,53195,0,5,3,0,37086,133,30,65,0,0,0,0,0,0,0,0,-32306,0,0,0,0,0,732934,0
732937,-2902,7144,1048,-1191,619,113,53194,0,2,3,0,37086,133,30,65,0,0,0,0,0,0,0,0,-32306,0,0,0,0,0,732939,0
732942,-2924,7206,1076,-1186,627,118,53193,-10,2,4,0,37088,127,30,65,0,0,0,0,0,0,0,0,-32305,0,0,0,0,0,732944,0
732947,-2928,7294,1060,-1190,633,113,53195,1,-2,3,0,37088,127,30,65,0,0,0,0,0,0,0,0,-32306,0,0,0,0,0,732949,0
732952,-3008,7364,988,-1194,627,104,53194,4,2,2,0,37089,115,30,65,0,0,0,0,0,0,0,0,-32305,0,0,0,0,0,732954,0
732957,-3032,7432,1000,-1198,627,99,53194,1,5,1,0,37089,115,30,65,0,0,0,0,0,0,0,0,-32305,0,0,0,0,0,732959,0
732962,-3006,7478,1074,-1202,631,91,53195,5,-1,0,0,37086,117,30,65,0,0,0,0,0,0,0,0,-32306,0,0,0,0,0,732964,0
732967,-3012,7448,1066,-1203,636,83,53194,0,3,3,0,37086,117,30,65,0,0,0,0,0,0,0,0,-32305,0,0,0,0,0,732969,0
732972,-3054,7510,1066,-1206,656,77,53195,5,0,2,0,37086,117,30,65,0,0,0,0,0,0,0,0,-32306,0,0,0,0,0,732974,0
732977,-3020,7508,1092,-1209,667,72,53194,-2,-1,2,0,37086,117,30,65,0,0,0,0,0,0,0,0,-32305,0,0,0,0,0,732979,0
732982,-3050,7510,1128,-1210,690,84,53194,0,0,2,0,37083,122,30,65,0,0,0,0,0,0,0,0,-32305,0,0,0,0,0,732984,0
732987,-3046,7498,1160,-1209,719,85,53194,-5,-3,3,0,37083,122,30,65,0,0,0,0,0,0,0,0,-32306,0,0,0,0,0,732989,0
732992,-3070,7474,1186,-1212,778,104,53194,-1,-1,4,0,37083,125,30,65,0,0,0,0,0,0,0,0,-32306,0,0,0,0,0,732994,0
732997,-3050,7474,1162,-1204,802,110,53193,-1,0,3,0,37083,125,30,65,0,0,0,0,0,0,0,0,-32306,0,0,0,0,0,732999,0
733002,-3144,7486,1198,-1202,822,117,53195,1,0,3,0,37082,132,30,65,0,0,0,0,0,0,0,0,-32305,0,0,0,0,0,733004,0
733007,-3170,7508,1218,-1202,844,121,53194,-1,0,3,0,37082,132,30,65,0,0,0,0,0,0,0,0,-32306,0,0,0,0,0,733009,0
733012,-3312,7514,1182,-1195,849,146,53194,7,6,4,0,37083,128,30,65,0,0,0,0,0,0,0,0,-32306,0,0,0,0,0,733014,0
733017,-3342,7520,1204,-1200,839,148,53195,0,-2,2,0,37083,128,30,65,0,0,0,0,0,0,0,0,-32306,0,0,0,0,0,733019,0
733022,-3402,7512,1200,-1203,838,163,53193,2,2,2,0,37083,125,30,65,0,0,0,0,0,0,0,0,-32306,0,0,0,0,0,733024,0
733027,-3396,7504,1212,-1209,824,162,53195,2,1,2,0,37083,125,30,65,0,0,0,0,0,0,0,0,-32305,0,0,0,0,0,733029,0
733032,-3542,7548,1202,-1214,778,162,53194,0,-3,3,0,37083,121,30,65,0,0,0,0,0,0,0,0,-32305,0,0,0,0,0,733034,0
733037,-3510,7596,1154,-1216,725,158,53195,3,-1,4,0,37083,121,30,65,0,0,0,0,0,0,0,0,-32305,0,0,0,0,0,733039,0
733042,-3526,7568,1112,-1218,685,153,53195,4,0,2,0,37085,128,30,65,0,0,0,0,0,0,0,0,-32306,0,0,0,0,0,733044,0
733047,-3510,7568,1044,-1234,649,147,53194,-2,-1,2,0,37085,128,30,65,0,0,0,0,0,0,0,0,-32305,0,0,0,0,0,733049,0
733052,-3382,7578,1174,-1248,592,133,53194,-3,-5,1,0,37086,137,30,65,0,0,0,0,0,0,0,0,-32305,0,0,0,0,0,733054,0
733057,-3310,7572,1228,-1249,578,124,53193,-1,3,0,0,37086,137,30,65,0,0,0,0,0,0,0,0,-32305,0,0,0,0,0,733059,0
733062,-3254,7662,1188,-1252,581,111,53195,0,-1,0,0,37086,140,30,65,0,0,0,0,0,0,0,0,-32306,0,0,0,0,0,733064,0
733067,-3194,7734,1102,-1270,598,104,53193,-1,2,1,0,37086,140,30,65,0,0,0,0,0,0,0,0,-32305,0,0,0,0,0,733069,0
733072,-2992,7758,1094,-1307,671,77,53193,-4,1,4,0,37086,132,30,65,0,0,0,0,0,0,0,0,-32306,0,0,0,0,0,733074,0
733077,-2956,7806,1180,-1325,731,66,53193,-4,1,3,0,37086,132,30,65,0,0,0,0,0,0,0,0,-32305,0,0,0,0,0,733079,0
733082,-3032,7836,1202,-1333,777,50,53193,-2,0,3,0,37083,132,30,65,0,0,0,0,0,0,0,0,-32306,0,0,0,0,0,733084,0
733087,-3126,7906,1214,-1344,831,35,53194,0,3,3,0,37083,132,30,65,0,0,0,0,0,0,0,0,-32306,0,0,0,0,0,733089,0
733092,-3154,7946,1170,-1371,915,3,53194,-4,-2,3,0,37085,127,30,65,0,0,0,0,0,0,0,0,-32306,0,0,0,0,0,733094,0
733097,-3112,7920,1164,-1381,950,-20,53193,-1,-1,2,0,37085,127,30,65,0,0,0,0,0,0,0,0,-32305,0,0,0,0,0,733099,0
733102,-2996,7844,1158,-1390,995,-42,53194,1,1,4,0,37084,124,30,65,0,0,0,0,0,0,0,0,-32305,0,0,0,0,0,733104,0
733107,-2892,7782,1182,-1401,1057,-69,53193,0,-1,3,0,37084,124,30,65,0,0,0,0,0,0,0,0,-32306,0,0,0,0,0,733109,0
733112,-2832,7712,1194,-1412,1159,-126,53193,0,-2,2,0,37085,121,30,65,0,0,0,0,0,0,0,0,-32305,0,0,0,0,0,733114,0
733117,-2844,7614,1160,-1420,1207,-161,53193,3,0,2,0,37085,121,30,65,0,0,0,0,0,0,0,0,-32305,0,0,0,0,0,733119,0
733122,-2844,7554,1160,-1419,1244,-192,53193,3,1,3,0,37085,124,30,65,0,0,0,0,0,0,0,0,-32305,0,0,0,0,0,733124,0
733127,-2864,7516,1158,-1426,1282,-214,53194,10,1,3,0,37085,124,30,65,0,0,0,0,0,0,0,0,-32305,0,0,0,0,0,733129,0
733132,-2888,7430,1140,-1421,1355,-261,53193,-2,2,3,0,37084,126,30,65,0,0,0,0,0,0,0,0,-32306,0,0,0,0,0,733134,0
733137,-2862,7400,1104,-1427,1384,-289,53193,1,0,2,0,37084,126,30,65,0,0,0,0,0,0,0,0,-32305,0,0,0,0,0,733139,0
733142,-2778,7330,1062,-1431,1410,-312,53193,-2,-5,3,0,37082,135,30,65,0,0,0,0,0,0,0,0,-32305,0,0,0,0,0,733144,0
733147,-2736,7272,1064,-1435,1436,-341,53193,1,-2,1,0,37082,135,30,65,0,0,0,0,0,0,0,0,-32305,0,0,0,0,0,733149,0
733152,-2590,7132,1060,-1435,1505,-396,53193,-2,-2,2,0,37083,131,30,65,0,0,0,0,0,0,0,0,-32305,0,0,0,0,0,733154,0
733157,-2628,7088,1032,-1442,1534,-417,53193,0,2,2,0,37083,131,30,65,0,0,0,0,0,0,0,0,-32305,0,0,0,0,0,733159,0
733162,-2640,7048,1040,-1448,1564,-433,53194,6,0,5,0,37087,118,30,65,0,0,0,0,0,0,0,0,-32306,0,0,0,0,0,733164,0
733167,-2738,7026,1074,-1441,1584,-445,53194,4,3,3,0,37087,118,30,65,0,0,0,0,0,0,0,0,-32305,0,0,0,0,0,733169,0
733172,-2856,6948,1096,-1426,1618,-450,53193,-1,-3,2,0,37087,121,30,65,0,0,0,0,0,0,0,0,-32306,0,0,0,0,0,733174,0
733177,-2772,6800,1106,-1437,1632,-446,53193,-4,-1,3,0,37087,121,30,65,0,0,0,0,0,0,0,0,-32306,0,0,0,0,0,733179,0
733182,-2582,7088,594,-1480,1684,-447,53193,-1,-3,3,0,37086,122,30,65,0,0,0,0,0,0,0,0,-32305,0,0,0,0,0,733184,0
733187,-2778,7408,1024,-1498,1720,-455,53194,8,-2,2,0,37086,122,30,65,0,0,0,0,0,0,0,0,-32305,0,0,0,0,0,733189,0
733192,-2444,7236,1190,-1483,1790,-494,53193,2,0,1,0,37088,131,30,65,0,0,0,0,0,0,0,0,-32305,0,0,0,0,0,733194,0
733197,-2734,7182,1244,-1493,1852,-498,53193,-1,-1,2,0,37088,131,30,65,0,0,0,0,0,0,0,0,-32306,0,0,0,0,0,733199,0
733202,-2950,7120,1156,-1483,1895,-487,53194,6,1,3,0,37090,136,30,65,0,0,0,0,0,0,0,0,-32306,0,0,0,0,0,733204,0
733207,-3232,7100,1106,-1484,1911,-464,53195,10,1,1,0,37090,136,30,65,0,0,0,0,0,0,0,0,-32306,0,0,0,0,0,733209,0
733212,-3352,7002,1082,-1473,1887,-414,53194,-2,-1,0,0,37092,128,30,65,0,0,0,0,0,0,0,0,-32306,0,0,0,0,0,733214,0
733217,-3228,6970,1076,-1469,1867,-381,53194,0,-6,1,0,37092,128,30,65,0,0,0,0,0,0,0,0,-32305,0,0,0,0,0,733219,0
733222,-3182,6962,1202,-1460,1867,-369,53194,5,-6,1,0,37091,123,30,65,0,0,0,0,0,0,0,0,-32306,0,0,0,0,0,733224,0
733227,-3094,6940,1272,-1445,1868,-343,53192,-3,-2,2,0,37091,123,30,65,0,0,0,0,0,0,0,0,-32305,0,0,0,0,0,733229,0
733232,-3042,6872,1234,-1402,1880,-318,53193,4,-3,3,0,37087,119,30,65,0,0,0,0,0,0,0,0,-32306,0,0,0,0,0,733234,0
733237,-3102,6858,1192,-1392,1871,-309,53194,1,0,4,0,37087,119,30,65,0,0,0,0,0,0,0,0,-32305,0,0,0,0,0,733239,0
733242,-3106,6772,1160,-1372,1845,-299,53193,0,1,2,0,37085,128,30,65,0,0,0,0,0,0,0,0,-32306,0,0,0,0,0,733244,0
733247,-3140,6654,1164,-1346,1814,-285,53193,0,-2,2,0,37085,128,30,65,0,0,0,0,0,0,0,0,-32305,0,0,0,0,0,733249,0
733252,-3080,6402,1186,-1297,1745,-261,53194,2,0,2,0,37086,131,30,65,0,0,0,0,0,0,0,0,-32306,0,0,0,0,0,733254,0
733257,-3124,6352,1302,-1258,1715,-241,53193,0,-3,2,0,37086,131,30,65,0,0,0,0,0,0,0,0,-32306,0,0,0,0,0,733259,0
733262,-3190,6358,1338,-1212,1690,-207,53193,-1,0,1,0,37086,132,30,65,0,0,0,0,0,0,0,0,-32305,0,0,0,0,0,733264,0
733267,-3250,6392,1400,-1159,1668,-175,53194,3,-2,2,0,37086,132,30,65,0,0,0,0,0,0,0,0,-32306,0,0,0,0,0,733269,0
733272,-3392,6588,1394,-1072,1610,-109,53194,3,-3,2,0,37086,128,30,65,0,0,0,0,0,0,0,0,-32306,0,0,0,0,0,733274,0
733277,-3386,6664,1436,-1025,1566,-88,53194,2,-2,2,0,37086,128,30,65,0,0,0,0,0,0,0,0,-32305,0,0,0,0,0,733279,0
733282,-3290,6722,1472,-973,1535,-69,53193,0,-2,3,0,37086,123,30,65,0,0,0,0,0,0,0,0,-32305,0,0,0,0,0,733284,0
733287,-3250,6762,1558,-922,1520,-60,53193,1,-2,3,0,37086,123,30,65,0,0,0,0,0,0,0,0,-32305,0,0,0,0,0,733289,0
733292,-3254,6904,1562,-811,1500,-48,53193,-2,-1,3,0,37085,118,30,65,0,0,0,0,0,0,0,0,-32306,0,0,0,0,0,733294,0
733297,-3296,6962,1590,-778,1484,-39,53194,4,-1,3,0,37085,118,30,65,0,0,0,0,0,0,0,0,-32305,0,0,0,0,0,733299,0
733302,-3338,7020,1590,-715,1466,-37,53193,-5,-5,1,0,37084,120,30,65,0,0,0,0,0,0,0,0,-32305,0,0,0,0,0,733304,0
733307,-3370,7032,1588,-667,1444,-34,53193,3,3,2,0,37084,120,30,65,0,0,0,0,0,0,0,0,-32306,0,0,0,0,0,733309,0
733312,-3424,7028,1632,-559,1395,-19,53193,3,-1,3,0,37086,127,30,65,0,0,0,0,0,0,0,0,-32306,0,0,0,0,0,733314,0
733317,-3562,7052,1636,-507,1370,-19,53192,-5,1,2,0,37086,127,30,65,0,0,0,0,0,0,0,0,-32306,0,0,0,0,0,733319,0
733322,-3552,7038,1646,-449,1333,-2,53193,1,0,2,0,37085,128,30,65,0,0,0,0,0,0,0,0,-32306,0,0,0,0,0,733324,0
733327,-3650,7030,1660,-394,1299,6,53193,-5,2,1,0,37085,128,30,65,0,0,0,0,0,0,0,0,-32306,0,0,0,0,0,733329,0
733332,-3678,7082,1738,-290,1229,44,53193,-2,1,1,0,37086,123,30,65,0,0,0,0,0,0,0,0,-32305,0,0,0,0,0,733334,0
733337,-3658,7128,1756,-239,1199,61,53193,0,2,3,0,37086,123,30,65,0,0,0,0,0,0,0,0,-32306,0,0,0,0,0,733339,0
733342,-3686,7146,1728,-179,1170,74,53193,0,0,4,0,37087,128,30,65,0,0,0,0,0,0,0,0,-32306,0,0,0,0,0,733344,0
733347,-3644,7196,1696,-128,1138,95,53194,5,2,3,0,37087,128,30,65,0,0,0,0,0,0,0,0,-32306,0,0,0,0,0,733349,0
733352,-3466,7172,1710,-40,1089,99,53193,4,3,3,0,37087,121,30,65,0,0,0,0,0,0,0,0,-32305,0,0,0,0,0,733354,0
733357,-3446,7282,1750,4,1072,106,53193,-4,1,1,0,37087,121,30,65,0,0,0,0,0,0,0,0,-32306,0,0,0,0,0,733359,0
733362,-3344,7240,1750,47,1069,108,53194,5,3,2,0,37086,118,30,65,0,0,0,0,0,0,0,0,-32305,0,0,0,0,0,733364,0
733367,-3250,7182,1604,87,1069,106,53193,-2,-2,0,0,37086,118,30,65,0,0,0,0,0,0,0,0,-32305,0,0,0,0,0,733369,0
733372,-3516,7384,1810,165,1047,120,53193,0,2,0,0,37089,112,30,65,0,0,0,0,0,0,0,0,-32305,0,0,0,0,0,733374,0
733377,-3616,7292,1638,193,1034,126,53192,-4,-3,1,0,37089,112,30,65,0,0,0,0,0,0,0,0,-32306,0,0,0,0,0,733379,0
733382,-3388,7396,1404,204,1024,138,53193,-3,0,2,0,37089,116,30,65,0,0,0,0,0,0,0,0,-32305,0,0,0,0,0,733384,0
733387,-3502,7560,1706,232,1025,151,53192,-6,-2,2,0,37089,116,30,65,0,0,0,0,0,0,0,0,-32306,0,0,0,0,0,733389,0
733392,-3538,7436,1786,312,1009,167,53193,-1,2,2,0,37089,125,30,65,0,0,0,0,0,0,0,0,-32306,0,0,0,0,0,733394,0
733397,-3876,7534,1726,340,986,193,53194,2,2,2,0,37089,125,30,65,0,0,0,0,0,0,0,0,-32306,0,0,0,0,0,733399,0
733402,-4068,7494,1694,367,942,226,53193,2,0,1,0,37084,125,30,65,0,0,0,0,0,0,0,0,-32306,0,0,0,0,0,733404,0
733407,-4244,7528,1710,396,881,264,53192,-4,-3,0,0,37084,125,30,65,0,0,0,0,0,0,0,0,-32305,0,0,0,0,0,733409,0
733412,-4182,7524,1770,441,732,347,53193,-5,3,1,0,37085,124,30,65,0,0,0,0,0,0,0,0,-32306,0,0,0,0,0,733414,0
733417,-3930,7496,1466,460,695,382,53193,0,-3,3,0,37085,124,30,65,0,0,0,0,0,0,0,0,-32305,0,0,0,0,0,733419,0
733422,-3952,7676,1842,484,669,408,53194,2,-1,3,0,37085,122,30,65,0,0,0,0,0,0,0,0,-32306,0,0,0,0,0,733424,0
733427,-3820,7750,1934,505,641,435,53192,-1,-4,4,0,37085,122,30,65,0,0,0,0,0,0,0,0,-32306,0,0,0,0,0,733429,0
733432,-3892,7794,1724,545,640,492,53194,0,3,2,0,37083,126,30,65,0,0,0,0,0,0,0,0,-32306,0,0,0,0,0,733434,0
733437,-3906,7822,1744,560,636,531,53193,0,0,1,0,37083,126,30,65,0,0,0,0,0,0,0,0,-32306,0,0,0,0,0,733439,0
733442,-3964,7858,1806,570,615,570,53194,6,3,2,0,37083,131,30,65,0,0,0,0,0,0,0,0,-32306,0,0,0,0,0,733444,0
733447,-3884,7804,1774,587,618,622,53194,4,5,2,0,37083,131,30,65,0,0,0,0,0,0,0,0,-32305,0,0,0,0,0,733449,0
733452,-3682,7750,1648,590,623,700,53193,1,-3,3,0,37084,132,30,65,0,0,0,0,0,0,0,0,-32306,0,0,0,0,0,733454,0
733457,-3516,7708,1596,572,637,730,53194,1,3,2,0,37084,132,30,65,0,0,0,0,0,0,0,0,-32306,0,0,0,0,0,733459,0
733462,-3338,7662,1562,559,664,753,53192,0,-4,2,0,37091,134,30,65,0,0,0,0,0,0,0,0,-32305,0,0,0,0,0,733464,0
733467,-3188,7650,1574,536,701,771,53193,0,-2,2,0,37091,134,30,65,0,0,0,0,0,0,0,0,-32306,0,0,0,0,0,733469,0
733472,-3106,7562,1486,499,768,789,53193,-3,-1,4,0,37096,128,30,65,0,0,0,0,0,0,0,0,-32306,0,0,0,0,0,733474,0
733477,-3164,7564,1448,463,798,793,53192,-5,2,6,0,37096,128,30,65,0,0,0,0,0,0,0,0,-32306,0,0,0,0,0,733479,0
733482,-3264,7580,1418,432,821,806,53194,6,-1,4,0,37096,128,30,65,0,0,0,0,0,0,0,0,-32306,0,0,0,0,0,733484,0
733487,-3364,7640,1434,403,831,819,53193,0,-2,3,0,37096,128,30,65,0,0,0,0,0,0,0,0,-32306,0,0,0,0,0,733489,0
733492,-3410,7738,1398,323,831,837,53193,3,1,2,0,37094,130,30,65,0,0,0,0,0,0,0,0,-32305,0,0,0,0,0,733494,0
733497,-3412,7822,1412,292,830,842,53193,-2,3,2,0,37094,130,30,65,0,0,0,0,0,0,0,0,-32305,0,0,0,0,0,733499,0
733502,-3696,7934,1354,245,808,845,53193,2,-3,3,0,37092,129,30,65,0,0,0,0,0,0,0,0,-32306,0,0,0,0,0,733504,0
733507,-4012,7504,852,221,678,838,53193,0,-1,2,0,37092,129,30,65,0,0,0,0,0,0,0,0,-32306,0,0,0,0,0,733509,0
733512,-3186,8182,1574,139,690,820,53193,5,2,3,0,37087,131,30,65,0,0,0,0,0,0,0,0,-32306,0,0,0,0,0,733514,0
733517,-3520,8598,1384,96,708,805,53193,0,0,3,0,37087,131,30,65,0,0,0,0,0,0,0,0,-32305,0,0,0,0,0,733519,0
733522,-3838,8618,1030,26,669,775,53192,-2,2,5,0,37087,130,30,65,0,0,0,0,0,0,0,0,-32305,0,0,0,0,0,733524,0
733527,-3656,8858,1278,-37,646,742,53192,-7,0,8,0,37087,130,30,65,0,0,0,0,0,0,0,0,-32306,0,0,0,0,0,733529,0
733532,-3440,9040,1392,-163,677,680,53192,3,-1,7,0,37086,134,30,65,0,0,0,0,0,0,0,0,-32305,0,0,0,0,0,733534,0
733537,-3338,9018,1340,-217,711,641,53191,-7,-3,6,0,37086,134,30,65,0,0,0,0,0,0,0,0,-32305,0,0,0,0,0,733539,0
733542,-3604,8966,1390,-277,749,616,53193,5,6,6,0,37087,133,30,65,0,0,0,0,0,0,0,0,-32306,0,0,0,0,0,733544,0
733547,-3432,9096,1394,-339,802,590,53191,-5,-4,4,0,37087,133,30,65,0,0,0,0,0,0,0,0,-32306,0,0,0,0,0,733549,0
733552,-3078,9204,1372,-475,960,523,53191,-6,-1,4,0,37086,128,30,65,0,0,0,0,0,0,0,0,-32305,0,0,0,0,0,733554,0
733557,-3248,9212,1288,-525,1033,480,53190,-6,-2,5,0,37086,128,30,65,0,0,0,0,0,0,0,0,-32306,0,0,0,0,0,733559,0
733562,-3104,9122,1252,-592,1102,442,53190,-5,-3,5,0,37086,128,30,65,0,0,0,0,0,0,0,0,-32305,0,0,0,0,0,733564,0
733567,-2944,9010,1276,-655,1184,406,53190,1,0,2,0,37086,128,30,65,0,0,0,0,0,0,0,0,-32305,0,0,0,0,0,733569,0
733572,-2326,8294,1180,-766,1397,339,53190,1,4,2,0,37085,130,30,65,0,0,0,0,0,0,0,0,-32306,0,0,0,0,0,733574,0
733577,-2556,8380,1564,-806,1533,319,53190,3,3,1,0,37085,130,30,65,0,0,0,0,0,0,0,0,-32306,0,0,0,0,0,733579,0
733582,-2730,8400,1432,-838,1641,298,53190,-1,4,0,0,37090,128,30,65,0,0,0,0,0,0,0,0,-32305,0,0,0,0,0,733584,0
733587,-3064,8392,1202,-888,1705,282,53191,-9,5,0,0,37090,128,30,65,0,0,0,0,0,0,0,0,-32306,0,0,0,0,0,733589,0
733592,-2908,8272,1184,-985,1755,240,53189,-4,0,1,0,37092,130,30,65,0,0,0,0,0,0,0,0,-32305,0,0,0,0,0,733594,0
733597,-2706,8166,1462,-1017,1815,219,53191,1,-3,2,0,37092,130,30,65,0,0,0,0,0,0,0,0,-32306,0,0,0,0,0,733599,0
733602,-2548,8040,1432,-1037,1902,196,53191,6,4,1,0,37092,121,30,65,0,0,0,0,0,0,0,0,-32306,0,0,0,0,0,733604,0
733607,-2598,7968,1312,-1065,1962,173,53190,1,2,2,0,37092,121,30,65,0,0,0,0,0,0,0,0,-32306,0,0,0,0,0,733609,0
733612,-2664,7704,1252,-1118,2047,134,53189,-1,0,2,0,37090,118,30,65,0,0,0,0,0,0,0,0,-32306,0,0,0,0,0,733614,0
733617,-2390,7294,1302,-1151,2088,112,53190,5,2,2,0,37090,118,30,65,0,0,0,0,0,0,0,0,-32306,0,0,0,0,0,733619,0
733622,-2026,7268,720,-1201,2173,91,53191,0,2,3,0,37081,118,30,65,0,0,0,0,0,0,0,0,-32305,0,0,0,0,0,733624,0
733627,-2286,7398,1362,-1233,2247,69,53191,8,4,3,0,37081,118,30,65,0,0,0,0,0,0,0,0,-32306,0,0,0,0,0,733629,0
733632,-2254,7050,1460,-1227,2368,32,53190,3,2,3,0,37078,125,30,65,0,0,0,0,0,0,0,0,-32306,0,0,0,0,0,733634,0
733637,-2726,6876,1374,-1228,2396,29,53190,-4,2,2,0,37078,125,30,65,0,0,0,0,0,0,0,0,-32306,0,0,0,0,0,733639,0
733642,-2768,6694,1292,-1225,2405,48,53191,0,2,1,0,37080,125,30,65,0,0,0,0,0,0,0,0,-32305,0,0,0,0,0,733644,0
733647,-3030,6610,1314,-1234,2369,62,53191,5,2,2,0,37080,125,30,65,0,0,0,0,0,0,0,0,-32305,0,0,0,0,0,733649,0
733652,-3118,6334,1446,-1208,2296,125,53190,-1,-4,2,0,37080,123,30,65,0,0,0,0,0,0,0,0,-32305,0,0,0,0,0,733654,0
733657,-3152,6336,1484,-1180,2239,147,53190,-2,5,1,0,37080,123,30,65,0,0,0,0,0,0,0,0,-32305,0,0,0,0,0,733659,0
733662,-3232,6340,1448,-1163,2177,183,53191,0,2,0,0,37080,123,30,65,0,0,0,0,0,0,0,0,-32305,0,0,0,0,0,733664,0
733667,-3222,6260,1362,-1148,2095,196,53191,2,1,2,0,37080,123,30,65,0,0,0,0,0,0,0,0,-32306,0,0,0,0,0,733669,0
733672,-3250,6284,1304,-1106,1902,223,53190,0,1,1,0,37080,125,30,65,0,0,0,0,0,0,0,0,-32306,0,0,0,0,0,733674,0
733677,-3536,6374,1284,-1077,1785,225,53190,2,-4,2,0,37080,125,30,65,0,0,0,0,0,0,0,0,-32305,0,0,0,0,0,733679,0
733682,-3238,6096,1318,-1039,1670,231,53190,-1,1,3,0,37080,129,30,65,0,0,0,0,0,0,0,0,-32306,0,0,0,0,0,733684,0
733687,-2892,6012,1478,-1004,1595,234,53190,-5,1,2,0,37080,129,30,65,0,0,0,0,0,0,0,0,-32306,0,0,0,0,0,733689,0
733692,-2986,5804,1374,-935,1434,242,53190,0,2,4,0,37080,122,30,65,0,0,0,0,0,0,0,0,-32306,0,0,0,0,0,733694,0
733697,-3028,5658,1324,-890,1336,254,53191,1,-1,1,0,37080,122,30,65,0,0,0,0,0,0,0,0,-32305,0,0,0,0,0,733700,0
733702,-3080,5646,1374,-848,1239,275,53191,-5,-3,1,0,37083,129,30,65,0,0,0,0,0,0,0,0,-32306,0,0,0,0,0,733705,0
733707,-3160,5622,1418,-802,1145,301,53190,-2,-3,1,0,37083,129,30,65,0,0,0,0,0,0,0,0,-32305,0,0,0,0,0,733710,0
733712,-3182,5740,1606,-684,959,369,53191,-1,-1,0,0,37087,135,30,65,0,0,0,0,0,0,0,0,-32306,0,0,0,0,0,733715,0
733717,-3258,5738,1554,-616,878,411,53191,0,-4,1,0,37087,135,30,65,0,0,0,0,0,0,0,0,-32306,0,0,0,0,0,733720,0
733722,-3380,5890,1620,-563,781,453,53190,-7,2,2,0,37089,137,30,65,0,0,0,0,0,0,0,0,-32306,0,0,0,0,0,733725,0
733727,-3442,6064,1622,-496,681,488,53190,4,-1,4,0,37089,137,30,65,0,0,0,0,0,0,0,0,-32305,0,0,0,0,0,733730,0
733732,-3508,6398,1674,-345,474,549,53191,-1,0,2,0,37088,131,30,65,0,0,0,0,0,0,0,0,-32305,0,0,0,0,0,733735,0
733737,-3474,6592,1696,-283,361,573,53190,-1,0,3,0,37088,131,30,65,0,0,0,0,0,0,0,0,-32305,0,0,0,0,0,733740,0
733742,-3490,6750,1746,-220,250,589,53191,0,2,2,0,37087,129,30,65,0,0,0,0,0,0,0,0,-32306,0,0,0,0,0,733745,0
733747,-3520,6948,1788,-148,148,603,53190,-10,0,2,0,37087,129,30,65,0,0,0,0,0,0,0,0,-32305,0,0,0,0,0,733750,0
733752,-3672,7214,1788,7,-77,626,53190,-1,-1,2,0,37085,129,30,65,0,0,0,0,0,0,0,0,-32306,0,0,0,0,0,733755,0
733757,-3720,7396,1776,67,-199,642,53191,-5,-3,1,0,37085,129,30,65,0,0,0,0,0,0,0,0,-32306,0,0,0,0,0,733760,0
733762,-3678,7578,1804,142,-307,657,53191,-1,0,2,0,37084,128,30,65,0,0,0,0,0,0,0,0,-32306,0,0,0,0,0,733765,0
733767,-3626,7716,1820,207,-404,659,53190,1,2,3,0,37084,128,30,65,0,0,0,0,0,0,0,0,-32305,0,0,0,0,0,733770,0
733772,-3614,8150,1848,336,-591,675,53192,3,-1,1,0,37083,127,30,65,0,0,0,0,0,0,0,0,-32306,0,0,0,0,0,733775,0
733777,-3668,8432,1876,403,-677,682,53189,-6,-3,2,0,37083,127,30,65,0,0,0,0,0,0,0,0,-32306,0,0,0,0,0,733780,0
733782,-3704,8684,1814,456,-757,685,53191,3,0,2,0,37081,127,30,65,0,0,0,0,0,0,0,0,-32306,0,0,0,0,0,733785,0
733787,-3812,8944,1740,509,-847,684,53191,4,-2,2,0,37081,127,30,65,0,0,0,0,0,0,0,0,-32306,0,0,0,0,0,733790,0
733792,-3864,9392,1648,592,-1032,671,53190,-6,0,1,0,37086,130,30,65,0,0,0,0,0,0,0,0,-32305,0,0,0,0,0,733795,0
733797,-3790,9556,1562,620,-1108,657,53190,5,2,0,0,37086,130,30,65,0,0,0,0,0,0,0,0,-32306,0,0,0,0,0,733800,0
733802,-3632,9714,1508,652,-1165,641,53191,6,-3,0,0,37089,126,30,65,0,0,0,0,0,0,0,0,-32305,0,0,0,0,0,733805,0
733807,-3434,9848,1374,665,-1202,617,53190,-2,2,1,0,37089,126,30,65,0,0,0,0,0,0,0,0,-32305,0,0,0,0,0,733810,0
733812,-3074,9862,1100,670,-1247,565,53191,-1,0,3,0,37088,118,30,65,0,0,0,0,0,0,0,0,-32306,0,0,0,0,0,733815,0
733817,-3010,9690,888,659,-1259,537,53191,6,2,2,0,37088,118,30,65,0,0,0,0,0,0,0,0,-32305,0,0,0,0,0,733820,0
733822,-2974,9460,762,651,-1266,522,53191,0,-1,2,0,37089,116,30,65,0,0,0,0,0,0,0,0,-32305,0,0,0,0,0,733825,0
733827,-2838,9398,788,628,-1254,517,53191,0,-2,3,0,37089,116,30,65,0,0,0,0,0,0,0,0,-32306,0,0,0,0,0,733830,0
733832,-2716,8970,732,605,-1198,533,53190,3,-1,3,0,37085,127,30,65,0,0,0,0,0,0,0,0,-32306,0,0,0,0,0,733835,0
733837,-2720,8858,838,597,-1155,555,53190,-7,-1,1,0,37085,127,30,65,0,0,0,0,0,0,0,0,-32305,0,0,0,0,0,733840,0
733842,-2612,8704,888,594,-1115,574,53190,-6,-1,3,0,37084,136,30,65,0,0,0,0,0,0,0,0,-32306,0,0,0,0,0,733845,0
733847,-2572,8502,920,597,-1065,603,53190,-2,1,1,0,37084,136,30,65,0,0,0,0,0,0,0,0,-32306,0,0,0,0,0,733850,0
733852,-2434,8326,898,591,-960,662,53190,1,4,2,0,37083,132,30,65,0,0,0,0,0,0,0,0,-32306,0,0,0,0,0,733855,0
733857,-2402,8230,906,594,-910,689,53192,0,0,1,0,37083,132,30,65,0,0,0,0,0,0,0,0,-32305,0,0,0,0,0,733860,0
733862,-2352,8152,902,594,-859,719,53191,-3,4,0,0,37082,131,30,65,0,0,0,0,0,0,0,0,-32305,0,0,0,0,0,733865,0
733867,-2304,8122,914,597,-811,743,53191,-7,0,1,0,37082,131,30,65,0,0,0,0,0,0,0,0,-32305,0,0,0,0,0,733870,0
733872,-2300,7982,858,599,-703,803,53190,-1,-1,1,0,37077,130,30,65,0,0,0,0,0,0,0,0,-32305,0,0,0,0,0,733875,0
733877,-2272,7936,802,591,-659,828,53191,2,-2,2,0,37077,130,30,65,0,0,0,0,0,0,0,0,-32305,0,0,0,0,0,733879,0
733882,-2278,7838,786,596,-612,859,53191,1,-2,3,0,37069,140,30,65,0,0,0,0,0,0,0,0,-32305,0,0,0,0,0,733881,0
733887,-2256,7820,792,596,-574,884,53190,0,4,3,0,37069,140,30,65,0,0,0,0,0,0,0,0,-32306,0,0,0,0,0,733885,0
733892,-2238,7814,714,594,-497,935,53191,0,5,2,0,37058,132,30,65,0,0,0,0,0,0,0,0,-32306,0,0,0,0,0,733890,0
733897,-2212,7748,662,588,-454,961,53191,2,0,5,0,37058,132,30,65,0,0,0,0,0,0,0,0,-32305,0,0,0,0,0,733895,0
733902,-2180,7778,700,587,-420,979,53191,7,2,4,0,37062,134,30,65,0,0,0,0,0,0,0,0,-32305,0,0,0,0,0,733900,0
733907,-2148,7760,700,586,-382,999,53191,0,-4,1,0,37062,134,30,65,0,0,0,0,0,0,0,0,-32305,0,0,0,0,0,733905,0
733912,-2096,7716,704,596,-321,1025,53191,1,-2,3,0,37062,128,30,65,0,0,0,0,0,0,0,0,-32306,0,0,0,0,0,733910,0
733917,-2134,7752,712,605,-297,1036,53191,-2,-3,2,0,37062,128,30,65,0,0,0,0,0,0,0,0,-32306,0,0,0,0,0,733917,0
733922,-2072,7820,682,597,-263,1048,53191,1,0,2,0,37067,124,30,65,0,0,0,0,0,0,0,0,-32306,0,0,0,0,0,733920,0
733927,-2092,7748,728,603,-240,1056,53191,-3,-4,3,0,37067,124,30,65,0,0,0,0,0,0,0,0,-32305,0,0,0,0,0,733925,0
733932,-2010,7730,662,616,-186,1050,53190,-4,0,3,0,37065,127,30,65,0,0,0,0,0,0,0,0,-32306,0,0,0,0,0,733930,0
733937,-2088,7772,726,614,-173,1045,53190,1,-5,2,0,37065,127,30,65,0,0,0,0,0,0,0,0,-32305,0,0,0,0,0,733935,0
733942,-1916,7768,702,618,-144,1024,53192,1,-3,2,0,37069,126,30,65,0,0,0,0,0,0,0,0,-32306,0,0,0,0,0,733940,0
733947,-1840,7848,570,616,-94,1011,53190,-4,-1,1,0,37069,126,30,65,0,0,0,0,0,0,0,0,-32305,0,0,0,0,0,733945,0
733952,-1922,7850,794,619,-17,967,53191,-4,-1,0,0,37085,130,30,65,0,0,0,0,0,0,0,0,-32305,0,0,0,0,0,733950,0
733957,-1966,7810,660,616,27,945,53191,0,-2,2,0,37085,130,30,65,0,0,0,0,0,0,0,0,-32306,0,0,0,0,0,733955,0
733962,-2054,7886,680,627,48,930,53189,-7,0,2,0,37090,131,30,65,0,0,0,0,0,0,0,0,-32305,0,0,0,0,0,733960,0
733967,-2228,7856,712,626,73,921,53191,0,-1,2,0,37090,131,30,65,0,0,0,0,0,0,0,0,-32306,0,0,0,0,0,733965,0
733972,-2226,7744,664,627,126,918,53191,-1,1,3,0,37095,127,30,65,0,0,0,0,0,0,0,0,-32305,0,0,0,0,0,733970,0
733977,-2264,7650,574,632,145,921,53192,11,7,3,0,37095,127,30,65,0,0,0,0,0,0,0,0,-32305,0,0,0,0,0,733975,0
733982,-2128,7706,622,630,166,932,53190,-1,0,3,0,37086,136,30,65,0,0,0,0,0,0,0,0,-32305,0,0,0,0,0,733980,0
733987,-2092,7792,698,632,202,933,53190,1,2,3,0,37086,136,30,65,0,0,0,0,0,0,0,0,-32305,0,0,0,0,0,733985,0
733992,-2144,7938,620,621,287,946,53191,7,-2,3,0,37080,127,30,65,0,0,0,0,0,0,0,0,-32306,0,0,0,0,0,733990,0
733997,-2118,8032,654,613,323,940,53191,-3,0,2,0,37080,127,30,65,0,0,0,0,0,0,0,0,-32305,0,0,0,0,0,733995,0
734002,-2082,8052,618,607,367,941,53191,-1,-3,2,0,37078,124,30,65,0,0,0,0,0,0,0,0,-32306,0,0,0,0,0,734000,0
734007,-2052,8080,640,604,415,935,53190,0,0,4,0,37078,124,30,65,0,0,0,0,0,0,0,0,-32306,0,0,0,0,0,734005,0
734012,-2042,8120,684,582,508,922,53191,2,-3,2,0,37085,124,30,65,0,0,0,0,0,0,0,0,-32305,0,0,0,0,0,734010,0
734017,-2084,8178,694,569,550,916,53190,-3,-5,2,0,37085,124,30,65,0,0,0,0,0,0,0,0,-32305,0,0,0,0,0,734015,0
734022,-2162,8170,680,560,594,914,53190,-2,2,2,0,37086,124,30,65,0,0,0,0,0,0,0,0,-32305,0,0,0,0,0,734020,0
734027,-2180,8238,622,547,634,904,53190,-5,-2,2,0,37086,124,30,65,0,0,0,0,0,0,0,0,-32306,0,0,0,0,0,734025,0
734032,-2242,8324,656,518,692,894,53192,-2,-1,3,0,37084,121,30,65,0,0,0,0,0,0,0,0,-32306,0,0,0,0,0,734030,0
734037,-2254,8340,652,504,725,886,53190,-3,2,2,0,37084,121,30,65,0,0,0,0,0,0,0,0,-32305,0,0,0,0,0,734035,0
734042,-2248,8356,646,496,754,874,53190,-4,1,1,0,37078,117,30,65,0,0,0,0,0,0,0,0,-32306,0,0,0,0,0,734040,0
734047,-2294,8354,648,481,786,872,53191,0,0,1,0,37078,117,30,65,0,0,0,0,0,0,0,0,-32306,0,0,0,0,0,734045,0
734052,-2282,8244,646,459,834,864,53191,3,4,2,0,37079,127,30,65,0,0,0,0,0,0,0,0,-32305,0,0,0,0,0,734050,0
734057,-2258,8198,602,449,859,857,53190,0,6,2,0,37079,127,30,65,0,0,0,0,0,0,0,0,-32306,0,0,0,0,0,734055,0
734062,-2266,8190,602,439,887,852,53192,11,4,2,0,37082,129,30,65,0,0,0,0,0,0,0,0,-32306,0,0,0,0,0,734060,0
734067,-2236,8140,660,427,914,855,53190,-2,1,2,0,37082,129,30,65,0,0,0,0,0,0,0,0,-32305,0,0,0,0,0,734065,0
734072,-2288,8052,640,416,952,854,53191,2,4,3,0,37084,134,30,65,0,0,0,0,0,0,0,0,-32306,0,0,0,0,0,734070,0
734077,-2268,8064,656,411,969,858,53190,3,-2,2,0,37084,134,30,65,0,0,0,0,0,0,0,0,-32305,0,0,0,0,0,734075,0
734082,-2302,7948,646,412,988,856,53191,1,1,3,0,37084,127,30,65,0,0,0,0,0,0,0,0,-32306,0,0,0,0,0,734080,0
734087,-2190,7876,608,399,1003,858,53191,2,-8,2,0,37084,127,30,65,0,0,0,0,0,0,0,0,-32306,0,0,0,0,0,734085,0
734092,-2188,7836,612,390,1039,854,53190,-4,4,2,0,37084,127,30,65,0,0,0,0,0,0,0,0,-32306,0,0,0,0,0,734090,0
734097,-2178,7798,630,386,1054,851,53190,-5,-3,2,0,37084,127,30,65,0,0,0,0,0,0,0,0,-32306,0,0,0,0,0,734095,0
734102,-2176,7828,646,375,1064,847,53191,0,-3,1,0,37083,119,30,65,0,0,0,0,0,0,0,0,-32305,0,0,0,0,0,734100,0
734107,-2124,7804,622,374,1083,845,53191,2,1,1,0,37083,119,30,65,0,0,0,0,0,0,0,0,-32306,0,0,0,0,0,734105,0
734112,-2016,7858,548,349,1131,828,53191,2,0,4,0,37086,108,30,65,0,0,0,0,0,0,0,0,-32306,0,0,0,0,0,734110,0
734117,-2022,7894,588,331,1175,827,53191,-1,1,4,0,37086,108,30,65,0,0,0,0,0,0,0,0,-32306,0,0,0,0,0,734115,0
734122,-2020,7902,600,321,1206,822,53191,0,-1,1,0,37086,108,30,65,0,0,0,0,0,0,0,0,-32306,0,0,0,0,0,734120,0
734127,-2018,7970,566,298,1251,819,53192,1,-2,3,0,37086,108,30,65,0,0,0,0,0,0,0,0,-32306,0,0,0,0,0,734125,0
734132,-2102,7976,526,256,1317,817,53191,-5,-1,3,0,37087,115,30,65,0,0,0,0,0,0,0,0,-32306,0,0,0,0,0,734130,0
734137,-2124,8010,486,230,1338,815,53190,-4,-3,3,0,37087,115,30,65,0,0,0,0,0,0,0,0,-32306,0,0,0,0,0,734135,0
734142,-2102,7990,554,210,1364,815,53191,0,-3,2,0,37082,118,30,65,0,0,0,0,0,0,0,0,-32306,0,0,0,0,0,734140,0
734147,-2042,7906,530,183,1395,815,53191,-3,-1,1,0,37082,118,30,65,0,0,0,0,0,0,0,0,-32306,0,0,0,0,0,734145,0
734152,-1938,7824,532,135,1470,804,53191,1,0,2,0,37082,127,30,65,0,0,0,0,0,0,0,0,-32306,0,0,0,0,0,734150,0
734157,-1880,7782,522,106,1524,806,53191,0,-2,3,0,37082,127,30,65,0,0,0,0,0,0,0,0,-32305,0,0,0,0,0,734155,0
734162,-1834,7690,488,77,1573,799,53190,-5,-4,2,0,37082,126,30,65,0,0,0,0,0,0,0,0,-32306,0,0,0,0,0,734160,0
734167,-1752,7684,482,40,1637,802,53190,0,-1,1,0,37082,126,30,65,0,0,0,0,0,0,0,0,-32306,0,0,0,0,0,734165,0
734172,-1694,7704,418,-24,1754,792,53191,3,1,2,0,37083,124,30,65,0,0,0,0,0,0,0,0,-32306,0,0,0,0,0,734170,0
734177,-1718,7748,434,-56,1820,781,53191,1,0,2,0,37083,124,30,65,0,0,0,0,0,0,0,0,-32306,0,0,0,0,0,734175,0
734182,-1676,7750,438,-85,1885,774,53191,4,1,3,0,37082,122,30,65,0,0,0,0,0,0,0,0,-32306,0,0,0,0,0,734180,0
734187,-1670,7766,416,-127,1950,760,53191,2,1,2,0,37082,122,30,65,0,0,0,0,0,0,0,0,-32306,0,0,0,0,0,734185,0
734192,-1728,7714,394,-198,2075,747,53190,-1,-2,2,0,37081,128,30,65,0,0,0,0,0,0,0,0,-32306,0,0,0,0,0,734190,0
734197,-1702,7690,416,-229,2130,734,53190,2,-2,3,0,37081,128,30,65,0,0,0,0,0,0,0,0,-32306,0,0,0,0,0,734195,0
734202,-1642,7656,454,-256,2188,722,53190,1,-3,2,0,37080,135,30,65,0,0,0,0,0,0,0,0,-32306,0,0,0,0,0,734200,0
734207,-1594,7586,450,-292,2267,715,53191,3,1,2,0,37080,135,30,65,0,0,0,0,0,0,0,0,-32305,0,0,0,0,0,734205,0
734212,-1596,7462,476,-354,2426,702,53191,1,3,4,0,37085,134,30,65,0,0,0,0,0,0,0,0,-32306,0,0,0,0,0,734210,0
734217,-1690,7402,488,-386,2493,707,53190,-2,-2,3,0,37085,134,30,65,0,0,0,0,0,0,0,0,-32306,0,0,0,0,0,734215,0
734222,-1702,7396,470,-415,2555,705,53192,5,-1,1,0,37090,136,30,65,0,0,0,0,0,0,0,0,-32305,0,0,0,0,0,734220,0
734227,-1668,7360,472,-455,2625,702,53191,5,-2,4,0,37090,136,30,65,0,0,0,0,0,0,0,0,-32306,0,0,0,0,0,734225,0
734232,-1678,7396,486,-521,2756,701,53190,3,2,3,0,37094,139,30,65,0,0,0,0,0,0,0,0,-32306,0,0,0,0,0,734230,0
734237,-1694,7434,450,-554,2815,707,53190,0,-6,3,0,37094,139,30,65,0,0,0,0,0,0,0,0,-32306,0,0,0,0,0,734235,0
734242,-1750,7480,464,-588,2873,699,53191,3,3,2,0,37093,129,30,65,0,0,0,0,0,0,0,0,-32305,0,0,0,0,0,734240,0
734247,-1744,7524,470,-622,2924,694,53190,0,4,2,0,37093,129,30,65,0,0,0,0,0,0,0,0,-32306,0,0,0,0,0,734245,0
734252,-1810,7580,508,-696,3042,691,53191,5,1,3,0,37085,117,30,65,0,0,0,0,0,0,0,0,-32306,0,0,0,0,0,734250,0
734257,-1860,7620,514,-728,3098,685,53191,4,-3,2,0,37085,117,30,65,0,0,0,0,0,0,0,0,-32306,0,0,0,0,0,734255,0
734262,-1866,7678,518,-766,3145,681,53191,0,-2,2,0,37083,112,30,65,0,0,0,0,0,0,0,0,-32305,0,0,0,0,0,734260,0
734267,-1906,7660,542,-797,3202,673,53190,-7,3,3,0,37083,112,30,65,0,0,0,0,0,0,0,0,-32306,0,0,0,0,0,734265,0
734272,-1982,7702,576,-861,3281,663,53191,-2,-3,3,0,37083,122,30,65,0,0,0,0,0,0,0,0,-32306,0,0,0,0,0,734270,0
734277,-2010,7670,560,-893,3322,656,53190,-1,-5,3,0,37083,122,30,65,0,0,0,0,0,0,0,0,-32306,0,0,0,0,0,734275,0
734282,-2114,7614,526,-934,3348,655,53192,3,0,4,0,37084,123,30,65,0,0,0,0,0,0,0,0,-32306,0,0,0,0,0,734280,0
734287,-2110,7080,176,-964,3344,652,53191,4,-4,2,0,37084,123,30,65,0,0,0,0,0,0,0,0,-32306,0,0,0,0,0,734285,0
734292,-1770,7000,602,-1021,3469,655,53190,-5,4,1,0,37081,128,30,65,0,0,0,0,0,0,0,0,-32305,0,0,0,0,0,734290,0
734297,-1362,7026,508,-1050,3562,653,53191,-1,-1,4,0,37081,128,30,65,0,0,0,0,0,0,0,0,-32305,0,0,0,0,0,734296,0
734302,-1702,7212,666,-1087,3650,658,53191,0,-4,2,0,37078,126,30,65,0,0,0,0,0,0,0,0,-32306,0,0,0,0,0,734300,0
734307,-1890,7328,534,-1109,3721,668,53190,0,2,1,0,37078,126,30,65,0,0,0,0,0,0,0,0,-32305,0,0,0,0,0,734305,0
734312,-2256,7608,588,-1174,3807,669,53189,-8,-1,2,0,37071,120,30,65,0,0,0,0,0,0,0,0,-32306,0,0,0,0,0,734310,0
734317,-2362,7692,580,-1205,3815,665,53191,4,0,3,0,37071,120,30,65,0,0,0,0,0,0,0,0,-32306,0,0,0,0,0,734315,0
734322,-2342,7756,660,-1237,3835,660,53190,0,0,3,0,37067,119,30,65,0,0,0,0,0,0,0,0,-32306,0,0,0,0,0,734320,0
734327,-2372,7844,724,-1267,3845,651,53191,-2,5,3,0,37067,119,30,65,0,0,0,0,0,0,0,0,-32306,0,0,0,0,0,734325,0
734332,-2612,7904,770,-1315,3863,642,53190,0,-2,2,0,37067,119,30,65,0,0,0,0,0,0,0,0,-32305,0,0,0,0,0,734330,0
734337,-2648,7934,818,-1336,3870,641,53190,-4,5,2,0,37067,119,30,65,0,0,0,0,0,0,0,0,-32306,0,0,0,0,0,734335,0
734342,-2680,7890,846,-1356,3873,638,53190,-2,-5,4,0,37075,127,30,65,0,0,0,0,0,0,0,0,-32306,0,0,0,0,0,734340,0
734347,-2778,7782,886,-1373,3869,638,53191,-6,3,2,0,37075,127,30,65,0,0,0,0,0,0,0,0,-32305,0,0,0,0,0,734345,0
734352,-2716,7582,880,-1391,3858,627,53192,6,4,1,0,37080,124,30,65,0,0,0,0,0,0,0,0,-32305,0,0,0,0,0,734350,0
734357,-2678,7438,898,-1392,3853,625,53191,0,2,0,0,37080,124,30,65,0,0,0,0,0,0,0,0,-32306,0,0,0,0,0,734355,0
734362,-2702,7370,908,-1394,3849,616,53191,4,3,1,0,37081,121,30,65,0,0,0,0,0,0,0,0,-32306,0,0,0,0,0,734360,0
734367,-2686,7332,934,-1390,3841,606,53191,0,2,2,0,37081,121,30,65,0,0,0,0,0,0,0,0,-32306,0,0,0,0,0,734365,0
734372,-2730,7320,918,-1395,3816,584,53191,-4,4,2,0,37081,129,30,65,0,0,0,0,0,0,0,0,-32306,0,0,0,0,0,734370,0
734377,-2710,7364,926,-1391,3797,570,53191,4,-2,3,0,37081,129,30,65,0,0,0,0,0,0,0,0,-32306,0,0,0,0,0,734375,0
734382,-2718,7340,920,-1376,3777,553,53190,0,-2,3,0,37083,131,30,65,0,0,0,0,0,0,0,0,-32306,0,0,0,0,0,734380,0
734387,-2774,7326,912,-1381,3748,534,53191,-2,-1,2,0,37083,131,30,65,0,0,0,0,0,0,0,0,-32306,0,0,0,0,0,734385,0
734392,-2836,7404,932,-1359,3676,486,53190,-3,3,3,0,37084,131,30,65,0,0,0,0,0,0,0,0,-32306,0,0,0,0,0,734390,0
734397,-2914,7402,954,-1346,3630,467,53191,2,0,2,0,37084,131,30,65,0,0,0,0,0,0,0,0,-32305,0,0,0,0,0,734395,0
734402,-2984,7378,992,-1338,3587,446,53191,-1,-1,1,0,37084,120,30,65,0,0,0,0,0,0,0,0,-32306,0,0,0,0,0,734400,0
734407,-3002,7364,986,-1321,3530,425,53191,3,2,2,0,37084,120,30,65,0,0,0,0,0,0,0,0,-32305,0,0,0,0,0,734405,0
734412,-3178,7264,1066,-1281,3396,404,53190,-1,-3,2,0,37082,118,30,65,0,0,0,0,0,0,0,0,-32305,0,0,0,0,0,734410,0
734417,-3252,7234,1094,-1261,3326,394,53190,0,1,1,0,37082,118,30,65,0,0,0,0,0,0,0,0,-32306,0,0,0,0,0,734415,0
734422,-3310,7230,1122,-1234,3251,378,53191,5,3,1,0,37087,124,30,65,0,0,0,0,0,0,0,0,-32306,0,0,0,0,0,734420,0
734427,-3350,7228,1154,-1216,3175,381,53190,1,1,4,0,37087,124,30,65,0,0,0,0,0,0,0,0,-32305,0,0,0,0,0,734425,0
734432,-3522,7302,1210,-1158,2995,369,53189,-6,-2,4,0,37088,124,30,65,0,0,0,0,0,0,0,0,-32305,0,0,0,0,0,734430,0
734437,-3582,7324,1224,-1125,2895,360,53190,-8,-1,3,0,37088,124,30,65,0,0,0,0,0,0,0,0,-32306,0,0,0,0,0,734435,0
734442,-3572,7388,1268,-1093,2806,349,53191,2,1,2,0,37087,123,30,65,0,0,0,0,0,0,0,0,-32305,0,0,0,0,0,734440,0
734447,-3524,7416,1250,-1063,2712,347,53190,0,-4,1,0,37087,123,30,65,0,0,0,0,0,0,0,0,-32306,0,0,0,0,0,734445,0
734452,-3466,7330,1106,-1003,2532,314,53190,-7,2,1,0,37080,126,30,65,0,0,0,0,0,0,0,0,-32305,0,0,0,0,0,734450,0
734457,-3178,7050,956,-972,2441,287,53191,3,2,1,0,37080,126,30,65,0,0,0,0,0,0,0,0,-32307,0,0,0,0,0,734455,0
734462,-2464,7052,1354,-940,2427,262,53190,-3,-5,2,0,37081,128,30,65,0,0,0,0,0,0,0,0,-32306,0,0,0,0,0,734460,0
734467,-2708,7038,1376,-909,2432,232,53190,0,0,2,0,37081,128,30,65,0,0,0,0,0,0,0,0,-32305,0,0,0,0,0,734465,0
734472,-3034,7242,1260,-853,2427,188,53190,-6,-3,2,0,37082,131,30,65,0,0,0,0,0,0,0,0,-32306,0,0,0,0,0,734470,0
734477,-3126,7316,1302,-816,2384,175,53191,0,2,4,0,37082,131,30,65,0,0,0,0,0,0,0,0,-32306,0,0,0,0,0,734475,0
734482,-3154,7254,1290,-802,2335,150,53191,4,-1,3,0,37084,130,30,65,0,0,0,0,0,0,0,0,-32306,0,0,0,0,0,734480,0
734487,-2986,7170,1276,-766,2278,122,53191,2,3,2,0,37084,130,30,65,0,0,0,0,0,0,0,0,-32306,0,0,0,0,0,734485,0
734492,-2870,6960,1320,-716,2219,81,53189,-5,-4,2,0,37087,125,30,65,0,0,0,0,0,0,0,0,-32305,0,0,0,0,0,734490,0
734497,-3048,7008,1354,-700,2186,57,53191,1,0,3,0,37087,125,30,65,0,0,0,0,0,0,0,0,-32305,0,0,0,0,0,734495,0
734502,-3226,6888,1350,-671,2142,62,53190,1,0,2,0,37086,118,30,65,0,0,0,0,0,0,0,0,-32306,0,0,0,0,0,734500,0
734507,-3384,7120,1512,-648,2085,67,53190,-7,-3,3,0,37086,118,30,65,0,0,0,0,0,0,0,0,-32305,0,0,0,0,0,734505,0
734512,-2886,7046,1700,-614,2046,78,53190,1,1,2,0,37085,120,30,65,0,0,0,0,0,0,0,0,-32306,0,0,0,0,0,734510,0
734517,-2916,7200,1328,-627,1993,73,53191,5,1,2,0,37085,120,30,65,0,0,0,0,0,0,0,0,-32305,0,0,0,0,0,734515,0
734522,-3196,6924,1078,-596,1912,31,53189,-2,-3,4,0,37085,122,30,65,0,0,0,0,0,0,0,0,-32305,0,0,0,0,0,734520,0
734527,-2640,6900,1566,-601,1904,25,53190,-1,1,6,0,37085,122,30,65,0,0,0,0,0,0,0,0,-32306,0,0,0,0,0,734525,0
734532,-2972,6984,1380,-591,1899,15,53189,-7,-2,2,0,37088,126,30,65,0,0,0,0,0,0,0,0,-32305,0,0,0,0,0,734530,0
734537,-3168,7084,1304,-607,1877,6,53191,-5,2,3,0,37088,126,30,65,0,0,0,0,0,0,0,0,-32306,0,0,0,0,0,734535,0
734542,-2954,7134,1306,-616,1848,-7,53191,1,0,3,0,37086,122,30,65,0,0,0,0,0,0,0,0,-32306,0,0,0,0,0,734540,0
734547,-2794,7112,1344,-630,1849,-28,53188,-12,-10,1,0,37086,122,30,65,0,0,0,0,0,0,0,0,-32305,0,0,0,0,0,734545,0
734552,-2574,7106,1326,-647,1868,-82,53190,3,0,2,0,37084,124,30,65,0,0,0,0,0,0,0,0,-32305,0,0,0,0,0,734550,0
734557,-2498,7066,1318,-663,1894,-110,53191,0,-1,3,0,37084,124,30,65,0,0,0,0,0,0,0,0,-32305,0,0,0,0,0,734555,0
734562,-2526,7048,1288,-677,1909,-145,53190,-1,-1,3,0,37080,125,30,65,0,0,0,0,0,0,0,0,-32306,0,0,0,0,0,734560,0
734567,-2486,7018,1310,-689,1931,-178,53191,0,2,1,0,37080,125,30,65,0,0,0,0,0,0,0,0,-32305,0,0,0,0,0,734565,0
734572,-2446,6988,1340,-714,1995,-224,53191,3,2,2,0,37083,133,30,65,0,0,0,0,0,0,0,0,-32306,0,0,0,0,0,734570,0
734577,-2506,6970,1358,-726,2027,-250,53191,4,1,3,0,37083,133,30,65,0,0,0,0,0,0,0,0,-32306,0,0,0,0,0,734575,0
734582,-2484,7006,1394,-730,2055,-271,53190,0,2,3,0,37084,126,30,65,0,0,0,0,0,0,0,0,-32306,0,0,0,0,0,734580,0
734587,-2564,7054,1414,-744,2085,-295,53190,-6,2,3,0,37084,126,30,65,0,0,0,0,0,0,0,0,-32306,0,0,0,0,0,734585,0
734592,-2524,7178,1466,-766,2147,-347,53190,-3,-2,2,0,37082,131,30,65,0,0,0,0,0,0,0,0,-32306,0,0,0,0,0,734590,0
734597,-2578,7162,1446,-778,2177,-372,53191,3,2,2,0,37082,131,30,65,0,0,0,0,0,0,0,0,-32305,0,0,0,0,0,734595,0
734602,-2584,7182,1516,-782,2199,-387,53192,2,2,1,0,37082,123,30,65,0,0,0,0,0,0,0,0,-32306,0,0,0,0,0,734600,0
734607,-2718,7180,1516,-798,2220,-410,53191,3,1,1,0,37082,123,30,65,0,0,0,0,0,0,0,0,-32305,0,0,0,0,0,734605,0
734612,-2842,7162,1568,-811,2251,-442,53191,1,-1,2,0,37083,119,30,65,0,0,0,0,0,0,0,0,-32305,0,0,0,0,0,734610,0
734617,-2854,7174,1590,-812,2254,-451,53190,0,-2,2,0,37083,119,30,65,0,0,0,0,0,0,0,0,-32306,0,0,0,0,0,734615,0
734622,-2916,7220,1638,-824,2262,-464,53189,-4,-4,2,0,37084,124,30,65,0,0,0,0,0,0,0,0,-32305,0,0,0,0,0,734620,0
734627,-2964,7256,1686,-822,2253,-467,53191,6,-2,3,0,37084,124,30,65,0,0,0,0,0,0,0,0,-32305,0,0,0,0,0,734625,0
734632,-3112,7316,1682,-840,2228,-487,53191,0,-1,2,0,37085,132,30,65,0,0,0,0,0,0,0,0,-32306,0,0,0,0,0,734630,0
734637,-3128,7360,1740,-839,2208,-490,53191,2,1,2,0,37085,132,30,65,0,0,0,0,0,0,0,0,-32306,0,0,0,0,0,734635,0
734642,-3184,7410,1746,-845,2191,-510,53189,-11,-3,3,0,37083,136,30,65,0,0,0,0,0,0,0,0,-32306,0,0,0,0,0,734640,0
734647,-3136,7430,1748,-851,2171,-518,53191,-2,5,1,0,37083,136,30,65,0,0,0,0,0,0,0,0,-32306,0,0,0,0,0,734645,0
734652,-3192,7424,1798,-850,2127,-536,53190,-3,-5,2,0,37082,127,30,65,0,0,0,0,0,0,0,0,-32306,0,0,0,0,0,734650,0
734657,-3182,7344,1772,-851,2088,-546,53190,3,-1,2,0,37082,127,30,65,0,0,0,0,0,0,0,0,-32305,0,0,0,0,0,734655,0
734662,-3226,7394,1782,-858,2062,-553,53191,0,-1,3,0,37082,120,30,65,0,0,0,0,0,0,0,0,-32306,0,0,0,0,0,734660,0
734667,-3106,7368,1770,-851,2033,-561,53191,7,3,1,0,37082,120,30,65,0,0,0,0,0,0,0,0,-32305,0,0,0,0,0,734665,0
734672,-3032,7160,1662,-849,1981,-573,53191,2,4,2,0,37084,123,30,65,0,0,0,0,0,0,0,0,-32306,0,0,0,0,0,734670,0
734677,-3080,7166,1778,-844,1951,-572,53191,1,-2,4,0,37084,123,30,65,0,0,0,0,0,0,0,0,-32305,0,0,0,0,0,734675,0
734682,-3092,7142,1770,-838,1941,-577,53191,3,-1,4,0,37084,123,30,65,0,0,0,0,0,0,0,0,-32306,0,0,0,0,0,734680,0
734687,-3068,7146,1668,-833,1922,-578,53190,-9,-1,3,0,37084,123,30,65,0,0,0,0,0,0,0,0,-32305,0,0,0,0,0,734685,0
734692,-3106,7176,1800,-816,1894,-585,53189,-11,-4,3,0,37083,126,30,65,0,0,0,0,0,0,0,0,-32305,0,0,0,0,0,734690,0
734697,-2974,7168,1730,-803,1892,-590,53191,2,0,3,0,37083,126,30,65,0,0,0,0,0,0,0,0,-32306,0,0,0,0,0,734695,0
734702,-3024,7144,1838,-795,1882,-594,53191,0,-1,1,0,37080,121,30,65,0,0,0,0,0,0,0,0,-32306,0,0,0,0,0,734701,0
734707,-3000,7128,1804,-778,1866,-599,53190,-3,1,2,0,37080,121,30,65,0,0,0,0,0,0,0,0,-32305,0,0,0,0,0,734706,0
734712,-3076,7116,1924,-748,1835,-614,53190,0,1,4,0,37079,133,30,65,0,0,0,0,0,0,0,0,-32305,0,0,0,0,0,734711,0
734717,-3104,7098,1828,-732,1815,-614,53191,5,0,3,0,37079,133,30,65,0,0,0,0,0,0,0,0,-32305,0,0,0,0,0,734716,0
734722,-3236,7160,1928,-723,1795,-615,53191,3,1,1,0,37080,141,30,65,0,0,0,0,0,0,0,0,-32306,0,0,0,0,0,734721,0
734727,-3260,7206,1886,-710,1767,-612,53190,1,6,5,0,37080,141,30,65,0,0,0,0,0,0,0,0,-32305,0,0,0,0,0,734726,0
734732,-3348,7342,1918,-691,1717,-604,53192,11,1,6,0,37084,140,30,65,0,0,0,0,0,0,0,0,-32305,0,0,0,0,0,734731,0
734737,-3288,7402,1904,-679,1685,-605,53190,3,-1,3,0,37084,140,30,65,0,0,0,0,0,0,0,0,-32305,0,0,0,0,0,734736,0
734742,-3312,7452,1922,-681,1659,-606,53190,-4,-2,4,0,37087,128,30,65,0,0,0,0,0,0,0,0,-32305,0,0,0,0,0,734741,0
734747,-3296,7474,1932,-673,1625,-603,53191,6,-4,3,0,37087,128,30,65,0,0,0,0,0,0,0,0,-32305,0,0,0,0,0,734746,0
734752,-3326,7406,1896,-666,1568,-604,53190,-9,4,2,0,37087,117,30,65,0,0,0,0,0,0,0,0,-32305,0,0,0,0,0,734751,0
734757,-3280,7376,1930,-667,1550,-609,53190,-4,-3,2,0,37087,117,30,65,0,0,0,0,0,0,0,0,-32305,0,0,0,0,0,734756,0
734762,-3234,7334,1888,-660,1526,-601,53191,1,-4,1,0,37082,117,30,65,0,0,0,0,0,0,0,0,-32305,0,0,0,0,0,734761,0
734767,-3190,7306,1920,-661,1517,-607,53191,4,-3,1,0,37082,117,30,65,0,0,0,0,0,0,0,0,-32305,0,0,0,0,0,734766,0
734772,-3106,7246,1864,-666,1497,-596,53191,-4,-1,0,0,37081,125,30,65,0,0,0,0,0,0,0,0,-32305,0,0,0,0,0,734771,0
734777,-2942,7126,1734,-671,1481,-597,53191,5,0,2,0,37081,125,30,65,0,0,0,0,0,0,0,0,-32305,0,0,0,0,0,734776,0
734782,-2838,7176,1834,-674,1488,-601,53190,-4,1,2,0,37081,131,30,65,0,0,0,0,0,0,0,0,-32306,0,0,0,0,0,734781,0
734787,-2774,7234,1884,-677,1518,-595,53190,2,-2,2,0,37081,131,30,65,0,0,0,0,0,0,0,0,-32306,0,0,0,0,0,734786,0
734792,-3010,7026,1706,-680,1527,-601,53191,1,-4,2,0,37080,137,30,65,0,0,0,0,0,0,0,0,-32306,0,0,0,0,0,734791,0
734797,-2724,6818,1758,-670,1528,-608,53190,-5,3,1,0,37080,137,30,65,0,0,0,0,0,0,0,0,-32305,0,0,0,0,0,734796,0
734802,-3110,6976,2008,-665,1531,-597,53191,0,3,2,0,37081,134,30,65,0,0,0,0,0,0,0,0,-32305,0,0,0,0,0,734801,0
734807,-3000,7116,1912,-655,1541,-592,53191,2,-2,2,0,37081,134,30,65,0,0,0,0,0,0,0,0,-32305,0,0,0,0,0,734806,0
734812,-3308,7416,1868,-635,1500,-583,53191,2,-3,2,0,37082,123,30,65,0,0,0,0,0,0,0,0,-32306,0,0,0,0,0,734811,0
734817,-3382,7514,1832,-629,1456,-592,53191,1,0,1,0,37082,123,30,65,0,0,0,0,0,0,0,0,-32305,0,0,0,0,0,734816,0
734822,-3244,7562,1946,-611,1408,-604,53191,0,1,0,0,37085,122,30,65,0,0,0,0,0,0,0,0,-32306,0,0,0,0,0,734821,0
734827,-3280,7548,2008,-592,1380,-623,53190,0,1,4,0,37085,122,30,65,0,0,0,0,0,0,0,0,-32305,0,0,0,0,0,734826,0
734832,-3500,7522,2004,-561,1295,-631,53190,0,-2,2,0,37087,118,30,65,0,0,0,0,0,0,0,0,-32305,0,0,0,0,0,734831,0
734837,-3540,7464,2018,-530,1245,-634,53191,0,0,2,0,37087,118,30,65,0,0,0,0,0,0,0,0,-32306,0,0,0,0,0,734836,0
734842,-3572,7408,2060,-516,1185,-629,53190,-2,2,4,0,37083,122,30,65,0,0,0,0,0,0,0,0,-32305,0,0,0,0,0,734841,0
734847,-3590,7322,2048,-480,1117,-616,53191,3,-1,3,0,37083,122,30,65,0,0,0,0,0,0,0,0,-32305,0,0,0,0,0,734846,0
734852,-3506,7274,2088,-419,1006,-601,53190,2,1,4,0,37081,130,30,65,0,0,0,0,0,0,0,0,-32305,0,0,0,0,0,734851,0
734857,-3474,7274,2104,-400,946,-598,53191,2,2,3,0,37081,130,30,65,0,0,0,0,0,0,0,0,-32306,0,0,0,0,0,734856,0
734862,-3496,7288,2092,-362,900,-591,53191,7,-1,3,0,37082,139,30,65,0,0,0,0,0,0,0,0,-32305,0,0,0,0,0,734861,0
734867,-3522,7274,2090,-334,838,-580,53189,-5,2,3,0,37082,139,30,65,0,0,0,0,0,0,0,0,-32306,0,0,0,0,0,734866,0
734872,-3596,7332,2058,-281,714,-568,53190,-2,-1,3,0,37083,142,30,65,0,0,0,0,0,0,0,0,-32306,0,0,0,0,0,734871,0
734877,-3580,7330,2058,-260,641,-566,53192,5,-3,3,0,37083,142,30,65,0,0,0,0,0,0,0,0,-32306,0,0,0,0,0,734876,0
734882,-3528,7360,2066,-238,589,-560,53190,1,6,3,0,37083,138,30,65,0,0,0,0,0,0,0,0,-32306,0,0,0,0,0,734881,0
734887,-3498,7346,2042,-214,526,-556,53190,-6,-1,2,0,37083,138,30,65,0,0,0,0,0,0,0,0,-32306,0,0,0,0,0,734886,0
734892,-3442,7358,2040,-164,418,-555,53190,4,-4,2,0,37081,137,30,65,0,0,0,0,0,0,0,0,-32305,0,0,0,0,0,734891,0
734897,-3384,7354,2010,-132,362,-553,53191,8,2,2,0,37081,137,30,65,0,0,0,0,0,0,0,0,-32305,0,0,0,0,0,734896,0
734902,-3376,7356,2000,-118,316,-547,53191,0,0,1,0,37081,132,30,65,0,0,0,0,0,0,0,0,-32305,0,0,0,0,0,734901,0
734907,-3338,7328,2014,-102,275,-544,53190,-6,0,2,0,37081,132,30,65,0,0,0,0,0,0,0,0,-32305,0,0,0,0,0,734906,0
734912,-3326,7338,2002,-55,210,-527,53190,-9,-2,3,0,37082,131,30,65,0,0,0,0,0,0,0,0,-32306,0,0,0,0,0,734911,0
734917,-3260,7356,2028,-35,181,-514,53191,-3,-3,3,0,37082,131,30,65,0,0,0,0,0,0,0,0,-32306,0,0,0,0,0,734916,0
734922,-3266,7334,2004,-14,147,-509,53189,0,-1,3,0,37081,123,30,65,0,0,0,0,0,0,0,0,-32305,0,0,0,0,0,734921,0
734927,-3306,7296,2012,3,120,-495,53190,-1,1,4,0,37081,123,30,65,0,0,0,0,0,0,0,0,-32306,0,0,0,0,0,734926,0
734932,-3328,7338,2006,42,55,-476,53191,0,1,3,0,37081,126,30,65,0,0,0,0,0,0,0,0,-32306,0,0,0,0,0,734931,0
734937,-3328,7368,2012,64,18,-463,53191,1,4,2,0,37081,126,30,65,0,0,0,0,0,0,0,0,-32305,0,0,0,0,0,734936,0
734942,-3346,7418,2022,82,-25,-451,53191,-5,4,3,0,37085,128,30,65,0,0,0,0,0,0,0,0,-32305,0,0,0,0,0,734941,0
734947,-3382,7434,1974,97,-65,-449,53190,2,-1,2,0,37085,128,30,65,0,0,0,0,0,0,0,0,-32305,0,0,0,0,0,734946,0
734952,-3304,7464,1998,131,-147,-441,53191,1,-4,1,0,37085,131,30,65,0,0,0,0,0,0,0,0,-32305,0,0,0,0,0,734951,0
734957,-3284,7526,1988,139,-180,-436,53190,-5,-6,2,0,37085,131,30,65,0,0,0,0,0,0,0,0,-32305,0,0,0,0,0,734956,0
734962,-3278,7502,2012,155,-215,-434,53190,0,2,3,0,37084,126,30,65,0,0,0,0,0,0,0,0,-32306,0,0,0,0,0,734961,0
734967,-3294,7470,1980,169,-250,-435,53191,0,1,4,0,37084,126,30,65,0,0,0,0,0,0,0,0,-32306,0,0,0,0,0,734966,0
734972,-3298,7410,1988,204,-330,-431,53192,3,-1,5,0,37081,130,30,65,0,0,0,0,0,0,0,0,-32306,0,0,0,0,0,734971,0
734977,-3302,7392,2000,225,-366,-433,53190,-5,0,3,0,37081,130,30,65,0,0,0,0,0,0,0,0,-32305,0,0,0,0,0,734976,0
734982,-3304,7364,2008,248,-401,-431,53192,1,-3,2,0,37082,135,30,65,0,0,0,0,0,0,0,0,-32305,0,0,0,0,0,734981,0
734987,-3310,7358,1998,260,-439,-429,53190,1,-2,2,0,37082,135,30,65,0,0,0,0,0,0,0,0,-32306,0,0,0,0,0,734986,0
734992,-3236,7404,1956,292,-508,-426,53191,-1,5,2,0,37084,132,30,65,0,0,0,0,0,0,0,0,-32306,0,0,0,0,0,734991,0
734997,-3240,7458,1960,309,-542,-425,53191,7,1,2,0,37084,132,30,65,0,0,0,0,0,0,0,0,-32305,0,0,0,0,0,734996,0
735002,-3214,7408,1924,322,-575,-429,53190,-1,3,2,0,37083,121,30,65,0,0,0,0,0,0,0,0,-32306,0,0,0,0,0,735001,0
735007,-3214,7410,1968,331,-605,-417,53190,0,0,3,0,37083,121,30,65,0,0,0,0,0,0,0,0,-32305,0,0,0,0,0,735006,0
735012,-3248,7400,1948,357,-661,-413,53190,-1,-1,2,0,37082,119,30,65,0,0,0,0,0,0,0,0,-32305,0,0,0,0,0,735011,0
735017,-3212,7404,1974,362,-690,-408,53190,1,3,3,0,37082,119,30,65,0,0,0,0,0,0,0,0,-32305,0,0,0,0,0,735016,0
735022,-3160,7424,1952,373,-702,-399,53190,-3,0,2,0,37081,125,30,65,0,0,0,0,0,0,0,0,-32306,0,0,0,0,0,735021,0
735027,-3134,7458,1926,384,-716,-393,53191,3,0,1,0,37081,125,30,65,0,0,0,0,0,0,0,0,-32306,0,0,0,0,0,735026,0
735032,-3078,7508,1878,391,-741,-377,53190,0,-1,2,0,37081,130,30,65,0,0,0,0,0,0,0,0,-32306,0,0,0,0,0,735031,0
735037,-3074,7524,1904,394,-755,-375,53190,-4,3,3,0,37081,130,30,65,0,0,0,0,0,0,0,0,-32305,0,0,0,0,0,735036,0
735042,-3088,7556,1878,400,-756,-365,53191,3,-3,2,0,37086,125,30,65,0,0,0,0,0,0,0,0,-32306,0,0,0,0,0,735041,0
735047,-3074,7592,1896,401,-763,-352,53192,3,0,1,0,37086,125,30,65,0,0,0,0,0,0,0,0,-32306,0,0,0,0,0,735046,0
735052,-3052,7564,1890,404,-771,-338,53191,0,-5,1,0,37086,123,30,65,0,0,0,0,0,0,0,0,-32306,0,0,0,0,0,735051,0
735057,-3070,7548,1882,396,-780,-331,53191,4,-5,2,0,37086,123,30,65,0,0,0,0,0,0,0,0,-32306,0,0,0,0,0,735056,0
735062,-3078,7544,1884,407,-786,-327,53189,-7,0,3,0,37086,123,30,65,0,0,0,0,0,0,0,0,-32306,0,0,0,0,0,735061,0
735067,-3064,7496,1864,402,-793,-308,53190,-5,-3,2,0,37086,123,30,65,0,0,0,0,0,0,0,0,-32306,0,0,0,0,0,735066,0
735072,-2970,7496,1996,404,-791,-286,53191,-3,-3,2,0,37082,134,30,65,0,0,0,0,0,0,0,0,-32306,0,0,0,0,0,735071,0
735077,-3110,7476,1938,414,-788,-267,53191,-5,1,2,0,37082,134,30,65,0,0,0,0,0,0,0,0,-32305,0,0,0,0,0,735076,0
735082,-3246,7438,1878,415,-807,-254,53191,3,-3,3,0,37081,140,30,65,0,0,0,0,0,0,0,0,-32305,0,0,0,0,0,735081,0
735087,-3210,7484,1886,411,-836,-235,53191,0,-1,2,0,37081,140,30,65,0,0,0,0,0,0,0,0,-32305,0,0,0,0,0,735086,0
735092,-3114,7440,1946,420,-871,-212,53190,0,2,2,0,37080,134,30,65,0,0,0,0,0,0,0,0,-32306,0,0,0,0,0,735091,0
735097,-3060,7414,1910,420,-880,-196,53191,1,1,4,0,37080,134,30,65,0,0,0,0,0,0,0,0,-32306,0,0,0,0,0,735096,0
735102,-3062,7454,1890,418,-883,-183,53191,-5,3,2,0,37080,124,30,65,0,0,0,0,0,0,0,0,-32306,0,0,0,0,0,735101,0
735107,-3048,7408,1880,420,-899,-173,53189,-4,0,2,0,37080,124,30,65,0,0,0,0,0,0,0,0,-32306,0,0,0,0,0,735106,0
735112,-3034,7390,1844,420,-911,-155,53191,0,-1,2,0,37081,114,30,65,0,0,0,0,0,0,0,0,-32306,0,0,0,0,0,735111,0
735117,-2994,7426,1858,417,-916,-150,53191,2,-5,2,0,37081,114,30,65,0,0,0,0,0,0,0,0,-32306,0,0,0,0,0,735116,0
735122,-2970,7392,1852,416,-919,-140,53191,7,2,0,0,37083,116,30,65,0,0,0,0,0,0,0,0,-32306,0,0,0,0,0,735121,0
735127,-2934,7398,1822,411,-920,-133,53191,5,-1,1,0,37083,116,30,65,0,0,0,0,0,0,0,0,-32305,0,0,0,0,0,735126,0
735132,-2884,7450,1808,403,-914,-122,53191,2,0,2,0,37082,126,30,65,0,0,0,0,0,0,0,0,-32305,0,0,0,0,0,735131,0
735137,-2874,7478,1798,401,-902,-113,53191,0,-1,3,0,37082,126,30,65,0,0,0,0,0,0,0,0,-32305,0,0,0,0,0,735136,0
735142,-2876,7498,1808,389,-892,-114,53190,-1,-1,1,0,37087,123,30,65,0,0,0,0,0,0,0,0,-32306,0,0,0,0,0,735141,0
735147,-2880,7494,1790,381,-881,-112,53190,-7,-4,0,0,37087,123,30,65,0,0,0,0,0,0,0,0,-32306,0,0,0,0,0,735146,0
735152,-2912,7492,1826,367,-857,-89,53191,0,-4,2,0,37087,121,30,65,0,0,0,0,0,0,0,0,-32305,0,0,0,0,0,735151,0
735157,-2932,7448,1802,359,-849,-87,53190,-2,0,3,0,37087,121,30,65,0,0,0,0,0,0,0,0,-32305,0,0,0,0,0,735156,0
735162,-2926,7418,1810,349,-840,-77,53190,-2,-1,3,0,37090,121,30,65,0,0,0,0,0,0,0,0,-32306,0,0,0,0,0,735161,0
735167,-2916,7402,1806,339,-834,-60,53191,0,-3,3,0,37090,121,30,65,0,0,0,0,0,0,0,0,-32305,0,0,0,0,0,735166,0
735172,-2902,7400,1794,324,-812,-45,53190,-3,0,2,0,37086,124,30,65,0,0,0,0,0,0,0,0,-32306,0,0,0,0,0,735171,0
735177,-2866,7386,1792,314,-798,-41,53190,1,-2,2,0,37086,124,30,65,0,0,0,0,0,0,0,0,-32305,0,0,0,0,0,735176,0
735182,-2868,7408,1770,302,-785,-34,53191,0,-4,3,0,37082,130,30,65,0,0,0,0,0,0,0,0,-32306,0,0,0,0,0,735181,0
735187,-2836,7428,1764,291,-766,-25,53192,13,5,2,0,37082,130,30,65,0,0,0,0,0,0,0,0,-32306,0,0,0,0,0,735186,0
735192,-2828,7452,1750,270,-726,-12,53192,9,-2,3,0,37082,132,30,65,0,0,0,0,0,0,0,0,-32306,0,0,0,0,0,735191,0
735197,-2846,7480,1720,260,-707,-9,53190,3,-3,2,0,37082,132,30,65,0,0,0,0,0,0,0,0,-32305,0,0,0,0,0,735196,0
735202,-2826,7494,1754,245,-696,-3,53190,-1,-5,1,0,37081,136,30,65,0,0,0,0,0,0,0,0,-32305,0,0,0,0,0,735201,0
735207,-2850,7474,1772,235,-667,-3,53190,2,0,2,0,37081,136,30,65,0,0,0,0,0,0,0,0,-32306,0,0,0,0,0,735206,0
735212,-2870,7502,1768,209,-624,10,53190,-6,-2,2,0,37082,139,30,65,0,0,0,0,0,0,0,0,-32305,0,0,0,0,0,735211,0
735217,-2868,7446,1764,203,-611,19,53191,-3,-1,1,0,37082,139,30,65,0,0,0,0,0,0,0,0,-32306,0,0,0,0,0,735216,0
735222,-2894,7482,1762,197,-582,23,53191,-3,-2,2,0,37082,135,30,65,0,0,0,0,0,0,0,0,-32305,0,0,0,0,0,735221,0
735227,-2884,7480,1778,186,-570,30,53190,1,-2,3,0,37082,135,30,65,0,0,0,0,0,0,0,0,-32306,0,0,0,0,0,735226,0
735232,-2940,7458,1782,171,-550,46,53190,-6,-1,2,0,37093,133,30,65,0,0,0,0,0,0,0,0,-32305,0,0,0,0,0,735231,0
735237,-2976,7482,1788,168,-545,48,53190,-2,-4,3,0,37093,133,30,65,0,0,0,0,0,0,0,0,-32305,0,0,0,0,0,735236,0
735242,-2994,7438,1786,164,-543,57,53191,4,-2,4,0,37106,128,30,65,0,0,0,0,0,0,0,0,-32306,0,0,0,0,0,735241,0
735247,-3042,7452,1796,164,-533,61,53192,11,5,2,0,37106,128,30,65,0,0,0,0,0,0,0,0,-32306,0,0,0,0,0,735246,0
735252,-3078,7460,1810,157,-541,78,53192,5,0,0,0,37116,141,30,65,0,0,0,0,0,0,0,0,-32306,0,0,0,0,0,735251,0
735257,-3072,7430,1794,155,-550,86,53191,6,0,2,0,37116,141,30,65,0,0,0,0,0,0,0,0,-32306,0,0,0,0,0,735256,0
735262,-3114,7468,1808,156,-553,93,53190,-2,-6,3,0,37109,134,30,65,0,0,0,0,0,0,0,0,-32305,0,0,0,0,0,735261,0
735267,-3102,7478,1802,154,-561,97,53191,0,-5,2,0,37109,134,30,65,0,0,0,0,0,0,0,0,-32305,0,0,0,0,0,735266,0
735272,-3080,7444,1806,161,-571,107,53190,6,-1,2,0,37095,132,30,65,0,0,0,0,0,0,0,0,-32305,0,0,0,0,0,735271,0
735277,-3094,7434,1798,160,-582,115,53191,-3,-1,2,0,37095,132,30,65,0,0,0,0,0,0,0,0,-32305,0,0,0,0,0,735276,0
735282,-3066,7400,1790,166,-586,121,53190,-8,-4,4,0,37082,122,30,65,0,0,0,0,0,0,0,0,-32306,0,0,0,0,0,735281,0
735287,-3080,7404,1790,170,-587,121,53191,7,1,3,0,37082,122,30,65,0,0,0,0,0,0,0,0,-32306,0,0,0,0,0,735286,0
735292,-3078,7392,1782,175,-597,144,53190,0,0,3,0,37080,119,30,65,0,0,0,0,0,0,0,0,-32305,0,0,0,0,0,735291,0
735297,-3078,7382,1794,177,-610,151,53191,1,-1,2,0,37080,119,30,65,0,0,0,0,0,0,0,0,-32306,0,0,0,0,0,735296,0
735302,-3068,7364,1780,183,-609,153,53190,-1,1,2,0,37080,128,30,65,0,0,0,0,0,0,0,0,-32305,0,0,0,0,0,735301,0
735307,-3026,7370,1784,185,-614,158,53189,-7,1,4,0,37080,128,30,65,0,0,0,0,0,0,0,0,-32305,0,0,0,0,0,735306,0
735312,-3010,7398,1762,184,-610,166,53189,-4,1,2,0,37081,120,30,65,0,0,0,0,0,0,0,0,-32305,0,0,0,0,0,735311,0
735317,-3040,7398,1766,181,-612,172,53190,0,3,2,0,37081,120,30,65,0,0,0,0,0,0,0,0,-32306,0,0,0,0,0,735316,0
735322,-3042,7374,1756,187,-614,180,53190,4,4,2,0,37082,120,30,65,0,0,0,0,0,0,0,0,-32305,0,0,0,0,0,735321,0
735327,-3026,7372,1754,182,-607,181,53190,0,3,3,0,37082,120,30,65,0,0,0,0,0,0,0,0,-32305,0,0,0,0,0,735326,0
735332,-3020,7388,1768,187,-608,189,53190,1,1,3,0,37083,124,30,65,0,0,0,0,0,0,0,0,-32306,0,0,0,0,0,735331,0
735337,-3040,7350,1784,188,-609,194,53191,0,4,2,0,37083,124,30,65,0,0,0,0,0,0,0,0,-32305,0,0,0,0,0,735336,0
735342,-3058,7350,1776,183,-610,198,53189,-8,0,2,0,37084,130,30,65,0,0,0,0,0,0,0,0,-32306,0,0,0,0,0,735341,0
735347,-3044,7334,1762,183,-610,206,53190,-2,0,2,0,37084,130,30,65,0,0,0,0,0,0,0,0,-32305,0,0,0,0,0,735346,0
735352,-3024,7326,1728,179,-619,213,53191,0,3,1,0,37085,133,30,65,0,0,0,0,0,0,0,0,-32306,0,0,0,0,0,735351,0
735357,-2998,7318,1736,186,-621,212,53192,5,4,0,0,37085,133,30,65,0,0,0,0,0,0,0,0,-32305,0,0,0,0,0,735356,0
735362,-2994,7336,1722,179,-619,214,53192,7,5,0,0,37088,119,30,65,0,0,0,0,0,0,0,0,-32306,0,0,0,0,0,735361,0
735367,-2978,7332,1718,175,-622,217,53191,1,5,2,0,37088,119,30,65,0,0,0,0,0,0,0,0,-32306,0,0,0,0,0,735366,0
735372,-2984,7322,1706,175,-619,216,53191,-1,2,1,0,37089,118,30,65,0,0,0,0,0,0,0,0,-32306,0,0,0,0,0,735371,0
735377,-2998,7276,1732,182,-612,216,53190,0,1,2,0,37089,118,30,65,0,0,0,0,0,0,0,0,-32306,0,0,0,0,0,735376,0
735382,-2934,7294,1706,178,-604,219,53190,1,0,2,0,37089,128,30,65,0,0,0,0,0,0,0,0,-32306,0,0,0,0,0,735381,0
735387,-2940,7328,1728,176,-597,218,53193,9,5,1,0,37089,128,30,65,0,0,0,0,0,0,0,0,-32305,0,0,0,0,0,735386,0
735392,-2956,7336,1706,173,-579,225,53191,1,1,2,0,37083,126,30,65,0,0,0,0,0,0,0,0,-32306,0,0,0,0,0,735391,0
735397,-2954,7336,1704,167,-567,225,53191,0,1,3,0,37083,126,30,65,0,0,0,0,0,0,0,0,-32305,0,0,0,0,0,735396,0
735402,-2962,7340,1690,156,-561,230,53191,2,4,3,0,37081,124,30,65,0,0,0,0,0,0,0,0,-32305,0,0,0,0,0,735401,0
735407,-2932,7366,1682,155,-552,234,53190,-3,-3,3,0,37081,124,30,65,0,0,0,0,0,0,0,0,-32306,0,0,0,0,0,735406,0
735412,-2914,7374,1668,131,-526,241,53190,-5,1,2,0,37080,113,30,65,0,0,0,0,0,0,0,0,-32306,0,0,0,0,0,735411,0
735417,-2886,7422,1680,123,-500,247,53191,-2,0,2,0,37080,113,30,65,0,0,0,0,0,0,0,0,-32305,0,0,0,0,0,735416,0
735422,-2846,7386,1664,115,-479,249,53192,3,4,1,-2000,37080,115,30,65,0,0,0,0,0,0,0,0,-32306,0,0,0,0,0,735421,0
735427,-2824,7440,1672,100,-455,280,53136,-294,-121,-1768,-2000,37080,115,30,65,0,0,0,0,0,0,0,0,-32308,0,0,0,0,0,735426,0
735432,-3514,6906,1686,92,-406,431,52946,-868,-534,-1621,-2000,37066,153,30,65,0,0,0,0,0,0,0,0,-32306,0,0,0,0,0,735431,0
735437,-3206,6892,1628,81,-383,499,52725,-977,-859,-515,-2000,37066,153,30,65,0,0,0,0,0,0,0,0,-32305,0,0,0,0,0,735436,0
735442,-3330,6736,1506,77,-349,589,52497,-1009,-935,-370,-2000,37059,163,30,65,0,0,0,0,0,0,0,0,-32306,0,0,0,0,0,735441,0
735447,-3176,6770,1584,63,-325,686,52268,-1011,-717,-322,-2000,37059,163,30,65,0,0,0,0,0,0,0,0,-32305,0,0,0,0,0,735446,0
735452,-3000,6840,1580,41,-257,849,52037,-1012,-283,-311,-2000,37055,170,30,65,0,0,0,0,0,0,0,0,-32306,0,0,0,0,0,735451,0
735457,-2864,6974,1600,36,-213,914,51806,-1022,-66,-313,-2000,37055,170,30,65,0,0,0,0,0,0,0,0,-32306,0,0,0,0,0,735456,0
735462,-2864,7074,1606,18,-176,970,51573,-1028,-21,-294,-2000,37075,149,30,65,0,0,0,0,0,0,0,0,-32307,0,0,0,0,0,735461,0
735467,-2744,7240,1580,3,-132,1012,51339,-1027,-18,-268,-2000,37075,149,30,65,0,0,0,0,0,0,0,0,-32305,0,0,0,0,0,735466,0
735472,-2714,7462,1632,-15,-72,1056,51100,-1047,-23,-241,-2000,37078,155,30,65,0,0,0,0,0,0,0,0,-32306,0,0,0,0,0,735471,0
735477,-2574,7486,1654,-19,-44,1055,50859,-1060,-35,-212,-2000,37078,155,30,65,0,0,0,0,0,0,0,0,-32306,0,0,0,0,0,735476,0
735482,-2624,7564,1646,-19,-23,1045,50615,-1074,-46,-188,-2000,37078,155,30,65,0,0,0,0,0,0,0,0,-32306,0,0,0,0,0,735481,0
735487,-2652,7616,1694,-30,-13,1035,50370,-1078,-42,-178,-2000,37078,155,30,65,0,0,0,0,0,0,0,0,-32305,0,0,0,0,0,735486,0
735492,-2750,7502,1674,-26,-11,991,50118,-1099,-50,-164,-2000,37078,151,30,65,0,0,0,0,0,0,0,0,-32306,0,0,0,0,0,735491,0
735497,-2790,7498,1688,-28,-20,973,49866,-1114,-47,-149,-2000,37078,151,30,65,0,0,0,0,0,0,0,0,-32306,0,0,0,0,0,735496,0
735502,-2870,7470,1712,-33,-41,961,49611,-1120,-46,-139,-2000,37075,147,30,65,0,0,0,0,0,0,0,0,-32305,0,0,0,0,0,735501,0
735507,-2902,7426,1700,-14,-68,955,49357,-1118,-36,-145,-2000,37075,147,30,65,0,0,0,0,0,0,0,0,-32306,0,0,0,0,0,735506,0
735512,-2916,7346,1716,-9,-113,945,49100,-1124,-28,-139,-2000,37080,148,30,65,0,0,0,0,0,0,0,0,-32306,0,0,0,0,0,735511,0
735517,-2984,7350,1734,1,-147,942,48845,-1124,-15,-137,-2000,37080,148,30,65,0,0,0,0,0,0,0,0,-32306,0,0,0,0,0,735516,0
735522,-2944,7328,1692,13,-169,942,48589,-1128,-6,-137,-2000,37083,147,30,65,0,0,0,0,0,0,0,0,-32305,0,0,0,0,0,735521,0
735527,-2894,7330,1696,16,-196,944,48331,-1133,-7,-128,-2000,37083,147,30,65,0,0,0,0,0,0,0,0,-32305,0,0,0,0,0,735526,0
735532,-2818,7304,1724,40,-248,952,48076,-1126,-3,-129,-2000,37082,135,30,65,0,0,0,0,0,0,0,0,-32305,0,0,0,0,0,735531,0
735537,-2804,7300,1746,59,-261,945,47819,-1127,-3,-128,-2000,37082,135,30,65,0,0,0,0,0,0,0,0,-32306,0,0,0,0,0,735536,0
735542,-2750,7334,1700,65,-271,948,47561,-1129,-2,-125,-2000,37081,135,30,65,0,0,0,0,0,0,0,0,-32305,0,0,0,0,0,735541,0
735547,-2750,7294,1696,77,-286,951,47305,-1136,1,-122,-2000,37081,135,30,65,0,0,0,0,0,0,0,0,-32305,0,0,0,0,0,735546,0
735552,-2654,7320,1666,104,-297,946,47049,-1133,0,-121,-2000,37078,134,30,65,0,0,0,0,0,0,0,0,-32306,0,0,0,0,0,735551,0
735557,-2640,7334,1682,106,-295,953,46790,-1143,-6,-116,-2000,37078,134,30,65,0,0,0,0,0,0,0,0,-32306,0,0,0,0,0,735556,0
735562,-2596,7390,1650,115,-294,956,46529,-1145,-16,-119,-2000,37077,138,30,65,0,0,0,0,0,0,0,0,-32306,0,0,0,0,0,735562,0
735567,-2538,7360,1634,107,-282,962,46268,-1150,-19,-119,-2000,37077,138,30,65,0,0,0,0,0,0,0,0,-32306,0,0,0,0,0,735567,0
735572,-2492,7460,1634,119,-256,958,46007,-1156,-18,-115,-2000,37081,141,30,65,0,0,0,0,0,0,0,0,-32306,0,0,0,0,0,735572,0
735577,-2450,7514,1618,112,-233,959,45744,-1160,-16,-110,-2000,37081,141,30,65,0,0,0,0,0,0,0,0,-32305,0,0,0,0,0,735577,0
735582,-2460,7524,1616,110,-217,957,45480,-1160,-19,-112,-2000,37081,134,30,65,0,0,0,0,0,0,0,0,-32306,0,0,0,0,0,735582,0
735587,-2406,7534,1622,118,-200,957,45218,-1158,-10,-112,-2000,37081,134,30,65,0,0,0,0,0,0,0,0,-32305,0,0,0,0,0,735587,0
735592,-2382,7580,1626,109,-149,955,44956,-1150,-3,-114,-2000,37081,130,30,65,0,0,0,0,0,0,0,0,-32306,0,0,0,0,0,735592,0
735597,-2414,7570,1644,100,-130,957,44695,-1147,7,-121,-2000,37081,130,30,65,0,0,0,0,0,0,0,0,-32306,0,0,0,0,0,735597,0
735602,-2382,7578,1632,92,-117,961,44436,-1142,18,-122,-2000,37077,136,30,65,0,0,0,0,0,0,0,0,-32306,0,0,0,0,0,735602,0
735607,-2402,7596,1678,99,-89,956,44180,-1130,17,-127,-2000,37077,136,30,65,0,0,0,0,0,0,0,0,-32305,0,0,0,0,0,735607,0
735612,-2394,7638,1656,93,-63,951,43924,-1126,22,-132,-2000,37077,138,30,65,0,0,0,0,0,0,0,0,-32306,0,0,0,0,0,735612,0
735617,-2418,7636,1674,85,-52,948,43670,-1118,27,-130,-2000,37077,138,30,65,0,0,0,0,0,0,0,0,-32306,0,0,0,0,0,735617,0
735622,-2392,7640,1654,84,-47,944,43414,-1120,16,-126,-2000,37078,133,30,65,0,0,0,0,0,0,0,0,-32306,0,0,0,0,0,735622,0
735627,-2446,7620,1658,77,-64,945,43159,-1122,10,-129,-2000,37078,133,30,65,0,0,0,0,0,0,0,0,-32306,0,0,0,0,0,735627,0
735632,-2452,7592,1654,78,-27,933,42903,-1127,1,-126,-2000,37077,126,30,65,0,0,0,0,0,0,0,0,-32306,0,0,0,0,0,735632,0
735637,-2374,7562,1676,84,-25,932,42645,-1126,-6,-119,-2000,37077,126,30,65,0,0,0,0,0,0,0,0,-32305,0,0,0,0,0,735637,0
735642,-2424,7572,1654,76,-23,932,42387,-1134,-12,-118,-2000,37078,129,30,65,0,0,0,0,0,0,0,0,-32306,0,0,0,0,0,735642,0
735647,-2334,7542,1682,80,-22,931,42127,-1144,-13,-122,-2000,37078,129,30,65,0,0,0,0,0,0,0,0,-32306,0,0,0,0,0,735647,0
735652,-2336,7516,1668,86,-14,929,41867,-1144,-15,-116,-2000,37077,137,30,65,0,0,0,0,0,0,0,0,-32306,0,0,0,0,0,735652,0
735657,-2298,7474,1672,93,-5,931,41607,-1147,102,-113,-2000,37077,137,30,65,0,0,0,0,0,0,0,0,-32305,0,0,0,0,0,735657,0
735662,-2312,7448,1674,92,3,932,41347,-1146,102,-112,-2000,37077,135,30,65,0,0,0,0,0,0,0,0,-32306,0,0,0,0,0,735662,0
735667,-2260,7478,1672,97,5,931,41088,-1138,55,-118,-2000,37077,135,30,65,0,0,0,0,0,0,0,0,-32305,0,0,0,0,0,735667,0
735672,-2208,7542,1650,103,30,922,40833,-1127,-51,-131,-2000,37078,133,30,65,0,0,0,0,0,0,0,0,-32305,0,0,0,0,0,735672,0
735677,-2212,7554,1654,105,38,920,40575,-1122,-99,-134,-2000,37078,133,30,65,0,0,0,0,0,0,0,0,-32305,0,0,0,0,0,735677,0
735682,-2128,7606,1658,108,52,916,40321,-1114,-94,-135,-2000,37085,131,30,65,0,0,0,0,0,0,0,0,-32306,0,0,0,0,0,735682,0
735687,-2164,7622,1648,107,68,909,40068,-1111,17,-142,-2000,37085,131,30,65,0,0,0,0,0,0,0,0,-32306,0,0,0,0,0,735687,0
735692,-2114,7652,1682,99,95,897,39817,-1099,21,-151,-2000,37084,138,30,65,0,0,0,0,0,0,0,0,-32305,0,0,0,0,0,735692,0
735697,-2104,7646,1676,92,106,894,39565,-1104,19,-151,-2000,37084,138,30,65,0,0,0,0,0,0,0,0,-32306,0,0,0,0,0,735697,0
735702,-2104,7658,1672,95,120,886,39317,-1100,21,-159,-2000,37081,144,30,65,0,0,0,0,0,0,0,0,-32305,0,0,0,0,0,735703,0
735707,-2150,7648,1666,100,128,882,39068,-1093,16,-169,-2000,37081,144,30,65,0,0,0,0,0,0,0,0,-32306,0,0,0,0,0,735708,0
735712,-2130,7628,1682,90,137,870,38822,-1080,16,-165,-2000,37074,139,30,65,0,0,0,0,0,0,0,0,-32306,0,0,0,0,0,735713,0
735717,-2098,7616,1688,88,136,869,38576,-1076,16,-178,-2000,37074,139,30,65,0,0,0,0,0,0,0,0,-32305,0,0,0,0,0,735718,0
735722,-2118,7598,1702,87,148,858,38331,-1077,13,-192,-2000,37074,144,30,65,0,0,0,0,0,0,0,0,-32305,0,0,0,0,0,735723,0
735727,-2138,7636,1704,87,151,854,38087,-1066,18,-198,-2000,37074,144,30,65,0,0,0,0,0,0,0,0,-32305,0,0,0,0,0,735728,0
735732,-2056,7608,1680,81,158,848,37843,-1075,15,-205,-2000,37072,139,30,65,0,0,0,0,0,0,0,0,-32306,0,0,0,0,0,735733,0
735737,-2060,7636,1682,90,156,840,37599,-1076,9,-214,-2000,37072,139,30,65,0,0,0,0,0,0,0,0,-32306,0,0,0,0,0,735738,0
735742,-2050,7610,1668,82,159,836,37357,-1072,3,-215,-2000,37070,146,30,65,0,0,0,0,0,0,0,0,-32306,0,0,0,0,0,735743,0
735747,-1984,7586,1696,80,165,830,37113,-1063,2,-218,-2000,37070,146,30,65,0,0,0,0,0,0,0,0,-32305,0,0,0,0,0,735748,0
735752,-2000,7572,1672,79,175,815,36872,-1063,7,-223,-2000,37068,140,30,65,0,0,0,0,0,0,0,0,-32306,0,0,0,0,0,735753,0
735757,-1946,7584,1646,79,186,813,36631,-1055,7,-234,-2000,37068,140,30,65,0,0,0,0,0,0,0,0,-32306,0,0,0,0,0,735758,0
735762,-1918,7548,1648,85,191,802,36391,-1054,14,-230,-2000,37070,140,30,65,0,0,0,0,0,0,0,0,-32305,0,0,0,0,0,735763,0
735767,-1940,7580,1678,84,199,794,36151,-1055,9,-241,-2000,37070,140,30,65,0,0,0,0,0,0,0,0,-32306,0,0,0,0,0,735768,0
735772,-1874,7500,1686,92,213,783,35912,-1048,8,-245,-2000,37072,138,30,65,0,0,0,0,0,0,0,0,-32306,0,0,0,0,0,735773,0
735777,-1890,7548,1670,92,211,772,35677,-1032,16,-252,-2000,37072,138,30,65,0,0,0,0,0,0,0,0,-32306,0,0,0,0,0,735778,0
735782,-1938,7544,1688,90,224,768,35440,-1033,14,-261,-2000,37075,145,30,65,0,0,0,0,0,0,0,0,-32305,0,0,0,0,0,735783,0
735787,-1892,7512,1688,96,228,760,35205,-1032,19,-264,-2000,37075,145,30,65,0,0,0,0,0,0,0,0,-32306,0,0,0,0,0,735788,0
735792,-1910,7540,1668,106,227,755,34970,-1028,14,-269,-2000,37076,142,30,65,0,0,0,0,0,0,0,0,-32306,0,0,0,0,0,735793,0
735797,-1938,7508,1678,113,227,753,34737,-1034,14,-274,-2000,37076,142,30,65,0,0,0,0,0,0,0,0,-32306,0,0,0,0,0,735798,0
735802,-1920,7508,1674,118,234,752,34503,-1027,8,-284,-2000,37075,138,30,65,0,0,0,0,0,0,0,0,-32306,0,0,0,0,0,735803,0
735807,-1886,7572,1676,115,236,755,34270,-1029,8,-278,-2000,37075,138,30,65,0,0,0,0,0,0,0,0,-32306,0,0,0,0,0,735808,0
735812,-1900,7604,1680,115,239,753,34037,-1018,3,-277,-2000,37074,127,30,65,0,0,0,0,0,0,0,0,-32306,0,0,0,0,0,735813,0
735817,-1852,7656,1692,113,249,756,33802,-1031,0,-284,-2000,37074,127,30,65,0,0,0,0,0,0,0,0,-32306,0,0,0,0,0,735818,0
735822,-1822,7674,1686,115,253,750,33568,-1027,0,-280,-2000,37071,139,30,65,0,0,0,0,0,0,0,0,-32306,0,0,0,0,0,735823,0
735827,-1868,7676,1682,116,252,753,33333,-1035,-6,-274,-2000,37071,139,30,65,0,0,0,0,0,0,0,0,-32306,0,0,0,0,0,735828,0
735832,-1816,7676,1662,121,259,750,33097,-1037,-8,-280,-2000,37067,146,30,65,0,0,0,0,0,0,0,0,-32306,0,0,0,0,0,735834,0
735837,-1804,7672,1658,116,263,751,32862,-1041,-7,-274,-2000,37067,146,30,65,0,0,0,0,0,0,0,0,-32305,0,0,0,0,0,735839,0
735842,-1824,7676,1666,116,260,749,32625,-1039,-8,-265,-2000,37068,142,30,65,0,0,0,0,0,0,0,0,-32305,0,0,0,0,0,735844,0
735847,-1750,7666,1698,113,272,751,32385,-1046,-11,-262,-2000,37068,142,30,65,0,0,0,0,0,0,0,0,-32305,0,0,0,0,0,735849,0
735852,-1768,7670,1682,115,276,751,32150,-1041,-12,-267,-2000,37068,138,30,65,0,0,0,0,0,0,0,0,-32305,0,0,0,0,0,735854,0
735857,-1780,7618,1686,113,285,751,31910,-1049,-10,-248,-2000,37068,138,30,65,0,0,0,0,0,0,0,0,-32306,0,0,0,0,0,735859,0
735862,-1740,7644,1676,118,282,751,31673,-1044,0,-244,-2000,37070,136,30,65,0,0,0,0,0,0,0,0,-32306,0,0,0,0,0,735864,0
735867,-1756,7674,1674,120,288,749,31434,-1054,-4,-241,-2000,37070,136,30,65,0,0,0,0,0,0,0,0,-32305,0,0,0,0,0,735869,0
735872,-1694,7666,1698,132,282,744,31198,-1044,2,-235,-2000,37071,138,30,65,0,0,0,0,0,0,0,0,-32306,0,0,0,0,0,735874,0
735877,-1756,7620,1696,134,282,734,30959,-1049,-3,-231,-2000,37071,138,30,65,0,0,0,0,0,0,0,0,-32306,0,0,0,0,0,735879,0
735882,-1716,7656,1686,143,275,736,30722,-1039,2,-236,-2000,37077,136,30,65,0,0,0,0,0,0,0,0,-32306,0,0,0,0,0,735884,0
735887,-1734,7640,1694,147,276,732,30482,-1048,-6,-227,-2000,37077,136,30,65,0,0,0,0,0,0,0,0,-32306,0,0,0,0,0,735889,0
735892,-1694,7652,1692,157,252,726,30242,-1061,-11,-224,-2000,37077,134,30,65,0,0,0,0,0,0,0,0,-32306,0,0,0,0,0,735894,0
735897,-1712,7702,1720,164,252,722,30001,-1056,-10,-223,-2000,37077,134,30,65,0,0,0,0,0,0,0,0,-32306,0,0,0,0,0,735899,0
735902,-1704,7714,1690,172,248,717,29759,-1068,-11,-222,-2000,37077,136,30,65,0,0,0,0,0,0,0,0,-32306,0,0,0,0,0,735904,0
735907,-1704,7716,1718,172,237,711,29517,-1059,-15,-221,-2000,37077,136,30,65,0,0,0,0,0,0,0,0,-32305,0,0,0,0,0,735909,0
735912,-1670,7794,1668,183,212,703,29274,-1067,-12,-225,-2000,37075,138,30,65,0,0,0,0,0,0,0,0,-32305,0,0,0,0,0,735914,0
735917,-1658,7800,1682,180,213,699,29032,-1068,-3,-240,-2000,37075,138,30,65,0,0,0,0,0,0,0,0,-32306,0,0,0,0,0,735919,0
735922,-1670,7834,1708,185,197,688,28790,-1070,-9,-237,-2000,37072,136,30,65,0,0,0,0,0,0,0,0,-32306,0,0,0,0,0,735924,0
735927,-1670,7818,1688,179,194,684,28550,-1062,1,-233,-2000,37072,136,30,65,0,0,0,0,0,0,0,0,-32306,0,0,0,0,0,735929,0
735932,-1624,7790,1688,194,174,675,28311,-1055,3,-244,-2000,37072,136,30,65,0,0,0,0,0,0,0,0,-32306,0,0,0,0,0,735934,0
735937,-1582,7824,1682,190,171,674,28071,-1050,9,-245,-2000,37072,136,30,65,0,0,0,0,0,0,0,0,-32306,0,0,0,0,0,735939,0
735942,-1626,7812,1686,187,163,666,27833,-1039,12,-242,-2000,37071,137,30,65,0,0,0,0,0,0,0,0,-32306,0,0,0,0,0,735944,0
735947,-1582,7798,1676,200,153,662,27597,-1034,12,-256,-2000,37071,137,30,65,0,0,0,0,0,0,0,0,-32305,0,0,0,0,0,735949,0
735952,-1606,7814,1698,200,145,657,27361,-1034,18,-254,-2000,37069,130,30,65,0,0,0,0,0,0,0,0,-32306,0,0,0,0,0,735954,0
735957,-1566,7796,1698,211,134,656,27123,-1044,15,-245,-2000,37069,130,30,65,0,0,0,0,0,0,0,0,-32306,0,0,0,0,0,735959,0
735962,-1552,7786,1716,207,131,651,26888,-1048,2,-246,-2000,37069,135,30,65,0,0,0,0,0,0,0,0,-32306,0,0,0,0,0,735964,0
735967,-1556,7810,1706,209,125,649,26651,-1043,-6,-247,-2000,37069,135,30,65,0,0,0,0,0,0,0,0,-32305,0,0,0,0,0,735969,0
735972,-1528,7808,1696,218,108,641,26411,-1058,-7,-235,-2000,37070,140,30,65,0,0,0,0,0,0,0,0,-32306,0,0,0,0,0,735974,0
735977,-1542,7832,1688,221,97,635,26173,-1048,-11,-232,-2000,37070,140,30,65,0,0,0,0,0,0,0,0,-32306,0,0,0,0,0,735979,0
735982,-1608,7846,1694,223,96,642,25935,-1046,-13,-235,-2000,37072,145,30,65,0,0,0,0,0,0,0,0,-32306,0,0,0,0,0,735984,0
735987,-1520,7820,1712,226,89,640,25695,-1048,-2,-231,-2000,37072,145,30,65,0,0,0,0,0,0,0,0,-32306,0,0,0,0,0,735989,0
735992,-1492,7892,1686,232,80,645,25457,-1049,-6,-221,-2000,37074,150,30,65,0,0,0,0,0,0,0,0,-32306,0,0,0,0,0,735994,0
735997,-1522,7864,1686,226,85,647,25216,-1056,-8,-234,-2000,37074,150,30,65,0,0,0,0,0,0,0,0,-32306,0,0,0,0,0,735999,0
736002,-1486,7896,1668,224,81,644,24977,-1048,-4,-240,-2000,37073,144,30,65,0,0,0,0,0,0,0,0,-32306,0,0,0,0,0,736004,0
736007,-1444,7902,1676,222,78,649,24738,-1050,-2,-242,-2000,37073,144,30,65,0,0,0,0,0,0,0,0,-32306,0,0,0,0,0,736009,0
736012,-1372,7932,1660,224,88,647,24500,-1044,3,-255,-2000,37074,149,30,65,0,0,0,0,0,0,0,0,-32306,0,0,0,0,0,736014,0
736017,-1368,7904,1668,212,92,641,24264,-1047,5,-260,-2000,37074,149,30,65,0,0,0,0,0,0,0,0,-32306,0,0,0,0,0,736019,0
736022,-1364,7860,1688,212,101,638,24025,-1041,11,-257,-2000,37075,152,30,65,0,0,0,0,0,0,0,0,-32305,0,0,0,0,0,736024,0
736027,-1280,7850,1662,213,103,632,23791,-1036,9,-261,-2000,37075,152,30,65,0,0,0,0,0,0,0,0,-32306,0,0,0,0,0,736029,0
736032,-1318,7814,1682,216,109,629,23557,-1025,7,-280,-2000,37073,153,30,65,0,0,0,0,0,0,0,0,-32306,0,0,0,0,0,736034,0
736037,-1324,7764,1672,203,106,621,23322,-1038,14,-291,-2000,37073,153,30,65,0,0,0,0,0,0,0,0,-32305,0,0,0,0,0,736039,0
736042,-1308,7792,1684,214,110,617,23089,-1021,15,-276,-2000,37073,156,30,65,0,0,0,0,0,0,0,0,-32305,0,0,0,0,0,736044,0
736047,-1320,7772,1670,210,111,613,22856,-1030,8,-288,-2000,37073,156,30,65,0,0,0,0,0,0,0,0,-32305,0,0,0,0,0,736049,0
736052,-1308,7792,1664,218,111,603,22624,-1031,9,-288,-2000,37075,149,30,65,0,0,0,0,0,0,0,0,-32305,0,0,0,0,0,736054,0
736057,-1300,7768,1668,214,102,601,22391,-1027,3,-285,-2000,37075,149,30,65,0,0,0,0,0,0,0,0,-32305,0,0,0,0,0,736059,0
736062,-1268,7820,1664,210,104,599,22160,-1015,7,-314,-2000,37074,144,30,65,0,0,0,0,0,0,0,0,-32306,0,0,0,0,0,736064,0
736067,-1276,7820,1660,215,100,590,21929,-1019,3,-322,-2000,37074,144,30,65,0,0,0,0,0,0,0,0,-32306,0,0,0,0,0,736069,0
736072,-1206,7840,1648,210,99,579,21700,-1009,6,-329,-2000,37072,139,30,65,0,0,0,0,0,0,0,0,-32306,0,0,0,0,0,736074,0
736077,-1248,7770,1634,208,96,571,21470,-1009,14,-334,-2000,37072,139,30,65,0,0,0,0,0,0,0,0,-32305,0,0,0,0,0,736079,0
736082,-1246,7778,1654,198,96,565,21240,-1010,9,-347,-2000,37069,138,30,65,0,0,0,0,0,0,0,0,-32306,0,0,0,0,0,736084,0
736087,-1256,7786,1676,197,86,556,21009,-1017,-4,-339,-2000,37069,138,30,65,0,0,0,0,0,0,0,0,-32305,0,0,0,0,0,736089,0
736092,-1256,7752,1626,199,76,559,20778,-1015,-3,-336,-2000,37065,157,30,65,0,0,0,0,0,0,0,0,-32306,0,0,0,0,0,736094,0
736097,-1262,7700,1650,193,69,552,20550,-1007,0,-354,-2000,37065,157,30,65,0,0,0,0,0,0,0,0,-32306,0,0,0,0,0,736100,0
736102,-1168,7682,1630,198,68,551,20320,-1005,2,-364,-2000,37065,160,30,65,0,0,0,0,0,0,0,0,-32306,0,0,0,0,0,736105,0
736107,-1188,7716,1648,201,60,540,20092,-1005,6,-354,-2000,37065,160,30,65,0,0,0,0,0,0,0,0,-32306,0,0,0,0,0,736110,0
736112,-1150,7768,1640,199,58,530,19863,-1000,7,-356,-2000,37065,157,30,65,0,0,0,0,0,0,0,0,-32306,0,0,0,0,0,736115,0
736117,-1130,7756,1624,196,60,525,19638,-999,6,-366,-2000,37065,157,30,65,0,0,0,0,0,0,0,0,-32306,0,0,0,0,0,736120,0
736122,-1090,7798,1630,205,60,524,19412,-984,14,-369,-2000,37066,151,30,65,0,0,0,0,0,0,0,0,-32306,0,0,0,0,0,736125,0
736127,-1102,7806,1636,197,63,518,19188,-987,14,-368,-2000,37066,151,30,65,0,0,0,0,0,0,0,0,-32306,0,0,0,0,0,736130,0
736132,-1106,7762,1618,198,57,507,18963,-986,9,-375,-2000,37068,144,30,65,0,0,0,0,0,0,0,0,-32305,0,0,0,0,0,736135,0
736137,-1098,7776,1614,204,49,501,18737,-997,6,-381,-2000,37068,144,30,65,0,0,0,0,0,0,0,0,-32306,0,0,0,0,0,736140,0
736142,-1110,7746,1628,208,49,500,18515,-979,8,-385,-2000,37068,136,30,65,0,0,0,0,0,0,0,0,-32306,0,0,0,0,0,736145,0
736147,-1106,7766,1648,209,41,501,18292,-980,3,-385,-2000,37068,136,30,65,0,0,0,0,0,0,0,0,-32306,0,0,0,0,0,736150,0
736152,-1072,7764,1624,214,32,490,18069,-975,7,-389,-2000,37067,139,30,65,0,0,0,0,0,0,0,0,-32306,0,0,0,0,0,736155,0
736157,-1088,7750,1624,214,27,490,17845,-982,3,-396,-2000,37067,139,30,65,0,0,0,0,0,0,0,0,-32306,0,0,0,0,0,736160,0
736162,-1084,7768,1620,217,20,489,17623,-986,1,-398,-2000,37067,145,30,65,0,0,0,0,0,0,0,0,-32306,0,0,0,0,0,736165,0
736167,-1074,7786,1630,222,18,486,17400,-985,0,-400,-2000,37067,145,30,65,0,0,0,0,0,0,0,0,-32306,0,0,0,0,0,736170,0
736172,-1018,7798,1614,221,18,482,17177,-974,0,-400,-2000,37067,152,30,65,0,0,0,0,0,0,0,0,-32306,0,0,0,0,0,736175,0
736177,-996,7844,1608,218,19,486,16952,-988,-1,-401,-2000,37067,152,30,65,0,0,0,0,0,0,0,0,-32305,0,0,0,0,0,736180,0
736182,-980,7836,1606,220,9,487,16730,-975,-3,-398,-2000,37068,153,30,65,0,0,0,0,0,0,0,0,-32306,0,0,0,0,0,736185,0
736187,-974,7848,1614,220,17,481,16504,-989,-6,-395,-2000,37068,153,30,65,0,0,0,0,0,0,0,0,-32305,0,0,0,0,0,736190,0
736192,-992,7860,1656,212,21,474,16279,-997,-7,-398,-2000,37069,158,30,65,0,0,0,0,0,0,0,0,-32306,0,0,0,0,0,736195,0
736197,-956,7836,1616,217,16,467,16053,-996,-9,-392,-2000,37069,158,30,65,0,0,0,0,0,0,0,0,-32306,0,0,0,0,0,736200,0
736202,-974,7818,1582,223,16,463,15828,-994,-11,-386,-2000,37073,154,30,65,0,0,0,0,0,0,0,0,-32306,0,0,0,0,0,736205,0
736207,-938,7802,1602,218,9,461,15602,-997,-8,-378,-2000,37073,154,30,65,0,0,0,0,0,0,0,0,-32305,0,0,0,0,0,736210,0
736212,-936,7776,1610,224,3,456,15377,-984,0,-375,-2000,37073,149,30,65,0,0,0,0,0,0,0,0,-32306,0,0,0,0,0,736215,0
736217,-918,7740,1588,221,0,454,15153,-989,7,-380,-2000,37073,149,30,65,0,0,0,0,0,0,0,0,-32305,0,0,0,0,0,736220,0
736222,-946,7768,1580,228,-4,450,14927,-982,8,-371,-2000,37072,141,30,65,0,0,0,0,0,0,0,0,-32306,0,0,0,0,0,736225,0
736227,-946,7778,1604,233,-9,450,14703,-992,5,-376,-2000,37072,141,30,65,0,0,0,0,0,0,0,0,-32306,0,0,0,0,0,736230,0
736232,-908,7810,1558,228,-30,447,14479,-988,0,-380,-2000,37068,146,30,65,0,0,0,0,0,0,0,0,-32306,0,0,0,0,0,736235,0
736237,-974,7808,1554,227,-37,436,14254,-994,-2,-365,-2000,37068,146,30,65,0,0,0,0,0,0,0,0,-32306,0,0,0,0,0,736240,0
736242,-932,7834,1578,222,-45,444,14028,-991,0,-356,-2000,37068,154,30,65,0,0,0,0,0,0,0,0,-32306,0,0,0,0,0,736245,0
736247,-920,7878,1572,222,-51,445,13800,-1005,-15,-363,-2000,37068,154,30,65,0,0,0,0,0,0,0,0,-32306,0,0,0,0,0,736250,0
736252,-902,7884,1562,219,-69,439,13575,-991,-8,-369,-2000,37067,153,30,65,0,0,0,0,0,0,0,0,-32305,0,0,0,0,0,736255,0
736257,-874,7860,1566,214,-74,437,13344,-1008,-10,-358,-2000,37067,153,30,65,0,0,0,0,0,0,0,0,-32305,0,0,0,0,0,736260,0
736262,2084,7858,1598,218,-96,220,13118,-1002,-9,-365,-2000,37066,145,30,65,0,0,0,0,0,0,0,0,-32306,0,0,0,0,0,736265,0
736267,-1354,7730,1274,194,-64,300,12898,-967,3,-435,-2000,37066,145,30,65,0,0,0,0,0,0,0,0,-32305,0,0,0,0,0,736270,0
736272,-1714,8138,1562,203,-101,63,12691,-905,45,-592,-2000,37066,149,30,65,0,0,0,0,0,0,0,0,-32306,0,0,0,0,0,736275,0
736277,746,7984,1624,223,-135,24,12503,-816,114,-880,-2000,37066,149,30,65,0,0,0,0,0,0,0,0,-32306,0,0,0,0,0,736280,0
736282,-1258,8104,1708,223,-157,-113,12340,-701,196,-1325,-2000,37060,159,30,65,0,0,0,0,0,0,0,0,-32306,0,0,0,0,0,736285,0
736287,-286,7754,1612,254,-206,-118,12201,-603,277,-1869,-2000,37060,159,30,65,0,0,0,0,0,0,0,0,-32305,0,0,0,0,0,736290,0
736292,-1058,7602,1472,270,-294,-200,12081,-525,330,-2390,-2000,37046,192,30,65,0,0,0,0,0,0,0,0,-32305,0,0,0,0,0,736295,0
736297,-1136,7644,1588,281,-342,-230,11977,-463,325,-2836,-2000,37046,192,30,65,0,0,0,0,0,0,0,0,-32305,0,0,0,0,0,736300,0
736302,-1204,7604,1480,286,-370,-226,11885,-394,295,-3208,-2000,37027,240,30,65,0,0,0,0,0,0,0,0,-32306,0,0,0,0,0,736305,0
736307,-1058,7742,1512,283,-406,-229,11807,-338,251,-3519,-2000,37027,240,30,65,0,0,0,0,0,0,0,0,-32307,0,0,0,0,0,736310,0
736312,-994,7876,1516,279,-425,-224,11740,-295,210,-3872,-2000,37011,293,30,65,0,0,0,0,0,0,0,0,-32307,0,0,0,0,0,736315,0
736317,-1024,7944,1506,269,-424,-219,11682,-244,192,-4021,-2000,37011,293,30,65,0,0,0,0,0,0,0,0,-32307,0,0,0,0,0,736320,0
736322,-838,7970,1532,257,-405,-213,11628,-234,165,-4324,-2000,36994,324,30,65,0,0,0,0,0,0,0,0,-32306,0,0,0,0,0,736325,0
736327,-864,7974,1552,251,-382,-207,11580,-205,130,-4359,-2000,36994,324,30,65,0,0,0,0,0,0,0,0,-32306,0,0,0,0,0,736330,0
736332,-728,7960,1530,242,-337,-208,11546,-148,117,-4505,-2000,36977,349,30,65,0,0,0,0,0,0,0,0,-32305,0,0,0,0,0,736335,0
736337,-836,7966,1520,241,-309,-215,11510,-158,102,-4807,-2000,36977,349,30,65,0,0,0,0,0,0,0,0,-32304,0,0,0,0,0,736340,0
736342,-698,7958,1488,234,-288,-217,11479,-118,90,-4896,-2000,36957,369,30,65,0,0,0,0,0,0,0,0,-32304,0,0,0,0,0,736345,0
736347,-818,7962,1498,234,-257,-222,11453,-111,78,-4880,-2000,36957,369,30,65,0,0,0,0,0,0,0,0,-32303,0,0,0,0,0,736350,0
736352,-758,7996,1502,235,-204,-232,11437,-66,71,-5066,-2000,36946,392,30,65,0,0,0,0,0,0,0,0,-32304,0,0,0,0,0,736355,0
736357,-776,7996,1488,233,-173,-234,11425,-46,85,-5288,-2000,36946,392,30,65,0,0,0,0,0,0,0,0,-32303,0,0,0,0,0,736360,0
736362,-864,7986,1500,228,-152,-235,11412,-70,81,-5340,-2000,36937,408,30,65,0,0,0,0,0,0,0,0,-32303,0,0,0,0,0,736366,0
736367,-834,8004,1502,230,-132,-230,11401,-49,51,-4043,0,36937,408,30,65,0,0,0,0,0,0,0,0,-32304,0,0,0,0,0,736371,0
736372,-798,8108,1514,229,-91,-268,11548,728,391,-1687,0,36955,345,30,65,0,0,0,0,0,0,0,0,-32305,0,0,0,0,0,736376,0
736377,-958,8132,1498,230,-101,-292,11745,857,749,-2652,0,36955,345,30,65,0,0,0,0,0,0,0,0,-32306,0,0,0,0,0,736381,0
736382,-1208,8070,1474,230,-89,-286,11919,753,882,-2345,0,36998,243,30,65,0,0,0,0,0,0,0,0,-32306,0,0,0,0,0,736386,0
736387,-852,8122,1512,232,-90,-282,12068,645,620,-1758,0,36998,243,30,65,0,0,0,0,0,0,0,0,-32305,0,0,0,0,0,736391,0
736392,-1026,8096,1504,235,-101,-267,12195,553,131,-1256,0,37044,144,30,65,0,0,0,0,0,0,0,0,-32305,0,0,0,0,0,736396,0
736397,-1268,8078,1454,237,-113,-281,12305,477,-287,-932,0,37044,144,30,65,0,0,0,0,0,0,0,0,-32305,0,0,0,0,0,736401,0
736402,-1110,8098,1458,237,-123,-259,12403,432,-302,-726,0,37077,88,30,65,0,0,0,0,0,0,0,0,-32306,0,0,0,0,0,736406,0
736407,-1252,8096,1500,242,-140,-262,12485,355,-265,-562,0,37077,88,30,65,0,0,0,0,0,0,0,0,-32305,0,0,0,0,0,736411,0
736412,-1206,8100,1474,242,-176,-257,12554,291,-225,-434,0,37080,104,30,65,0,0,0,0,0,0,0,0,-32306,0,0,0,0,0,736416,0
736417,-1208,8106,1450,243,-193,-253,12604,225,-226,-342,0,37080,104,30,65,0,0,0,0,0,0,0,0,-32306,0,0,0,0,0,736421,0
736422,-1244,8104,1476,242,-219,-253,12642,161,-234,-269,0,37081,117,30,65,0,0,0,0,0,0,0,0,-32306,0,0,0,0,0,736428,0
736427,-1264,8096,1456,242,-229,-250,12665,99,-227,-189,0,37081,117,30,65,0,0,0,0,0,0,0,0,-32306,0,0,0,0,0,736431,0
736432,-1240,8104,1448,251,-273,-264,12683,71,-203,-128,0,37075,117,30,65,0,0,0,0,0,0,0,0,-32305,0,0,0,0,0,736436,0
736437,-1216,8086,1456,251,-295,-272,12702,84,-149,-135,0,37075,117,30,65,0,0,0,0,0,0,0,0,-32305,0,0,0,0,0,736441,0
736442,-1270,8044,1448,258,-326,-278,12719,64,-88,-114,0,37066,118,30,65,0,0,0,0,0,0,0,0,-32305,0,0,0,0,0,736446,0
736447,-1224,8016,1446,267,-351,-286,12725,30,-68,-59,0,37066,118,30,65,0,0,0,0,0,0,0,0,-32306,0,0,0,0,0,736451,0
736452,-1244,7960,1438,279,-394,-304,12728,4,-60,-21,0,37064,113,30,65,0,0,0,0,0,0,0,0,-32306,0,0,0,0,0,736456,0
736457,-1252,7890,1454,291,-432,-317,12729,5,-69,-6,0,37064,113,30,65,0,0,0,0,0,0,0,0,-32305,0,0,0,0,0,736461,0
736462,-1250,7876,1440,296,-449,-323,12731,9,-61,-4,0,37069,116,30,65,0,0,0,0,0,0,0,0,-32306,0,0,0,0,0,736466,0
736467,-1222,7864,1442,311,-469,-334,12730,6,-34,-7,0,37069,116,30,65,0,0,0,0,0,0,0,0,-32305,0,0,0,0,0,736471,0
736472,-1156,7850,1414,317,-501,-349,12733,9,-5,-16,0,37074,120,30,65,0,0,0,0,0,0,0,0,-32305,0,0,0,0,0,736476,0
736477,-1098,7834,1404,316,-505,-359,12738,22,10,-27,0,37074,120,30,65,0,0,0,0,0,0,0,0,-32305,0,0,0,0,0,736481,0
736482,-1070,7814,1402,312,-508,-368,12744,35,15,-46,0,37077,127,30,65,0,0,0,0,0,0,0,0,-32306,0,0,0,0,0,736486,0
736487,-1046,7826,1406,318,-502,-376,12755,53,30,-74,0,37077,127,30,65,0,0,0,0,0,0,0,0,-32306,0,0,0,0,0,736491,0
736492,-984,7828,1388,312,-479,-392,12769,63,46,-94,0,37080,130,30,65,0,0,0,0,0,0,0,0,-32306,0,0,0,0,0,736496,0
736497,-966,7804,1378,309,-476,-400,12777,32,30,-71,0,37080,130,30,65,0,0,0,0,0,0,0,0,-32305,0,0,0,0,0,736501,0
736502,-938,7786,1366,308,-456,-409,12780,3,-3,-23,0,37081,130,30,65,0,0,0,0,0,0,0,0,-32305,0,0,0,0,0,736506,0
736507,-956,7784,1352,297,-441,-411,12780,-1,-45,1,0,37081,130,30,65,0,0,0,0,0,0,0,0,-32306,0,0,0,0,0,736511,0
736512,-870,7810,1350,286,-401,-421,12779,0,-54,4,0,37091,125,30,65,0,0,0,0,0,0,0,0,-32306,0,0,0,0,0,736516,0
736517,-916,7830,1368,282,-382,-428,12780,-3,-39,2,0,37091,125,30,65,0,0,0,0,0,0,0,0,-32305,0,0,0,0,0,736521,0
736522,-924,7802,1336,276,-362,-431,12781,8,-12,2,0,37099,120,30,65,0,0,0,0,0,0,0,0,-32305,0,0,0,0,0,736526,0
736527,-954,7836,1328,274,-349,-434,12780,1,-1,3,0,37099,120,30,65,0,0,0,0,0,0,0,0,-32306,0,0,0,0,0,736531,0
736532,-1040,7828,1344,260,-323,-430,12780,0,0,3,0,37100,128,30,65,0,0,0,0,0,0,0,0,-32305,0,0,0,0,0,736536,0
736537,-1042,7800,1326,264,-320,-427,12780,-1,1,4,0,37100,128,30,65,0,0,0,0,0,0,0,0,-32305,0,0,0,0,0,736541,0
736542,-1092,7776,1336,265,-314,-421,12780,0,0,3,0,37090,127,30,65,0,0,0,0,0,0,0,0,-32306,0,0,0,0,0,736546,0
736547,-1126,7780,1342,261,-316,-419,12780,2,0,4,0,37090,127,30,65,0,0,0,0,0,0,0,0,-32305,0,0,0,0,0,736551,0
736552,-1114,7798,1358,264,-312,-410,12780,1,0,3,0,37078,126,30,65,0,0,0,0,0,0,0,0,-32306,0,0,0,0,0,736556,0
736557,-1114,7802,1374,264,-317,-409,12779,-5,2,4,0,37078,126,30,65,0,0,0,0,0,0,0,0,-32305,0,0,0,0,0,736561,0
