state_time,accelx,accely,accelz,gyrox,gyroy,gyroz,mot_ang,mot_vel,mot_acc,mot_cur,mot_volt,batt_volt,batt_curr,temperature,status_mn,status_ex,status_re,genvar_0,genvar_1,genvar_2,genvar_3,genvar_4,genvar_5,genvar_6,genvar_7,genvar_8,genvar_9,ank_ang,ank_vel,sys_time,event flags
79299,900,8098,262,75,-3,24,-2392,-3,0,-3,0,36558,135,32,65,0,0,0,0,0,0,0,0,-32302,0,0,0,0,0,1215,0
79304,918,8086,256,75,-6,25,-2391,-4,1,-1,0,36558,135,32,65,0,0,0,0,0,0,0,0,-32303,0,0,0,0,0,79304,0
79309,916,8076,254,74,-4,24,-2390,3,1,-1,0,36557,136,32,65,0,0,0,0,0,0,0,0,-32302,0,0,0,0,0,79309,0
79314,906,8112,258,74,-3,26,-2391,-1,3,-2,0,36557,136,32,65,0,0,0,0,0,0,0,0,-32302,0,0,0,0,0,79314,0
79319,898,8090,272,73,-1,25,-2390,0,0,-2,0,36556,144,32,65,0,0,0,0,0,0,0,0,-32302,0,0,0,0,0,79319,0
79324,892,8094,260,72,2,19,-2391,1,1,-3,0,36556,144,32,65,0,0,0,0,0,0,0,0,-32302,0,0,0,0,0,79324,0
79329,898,8092,262,73,1,22,-2391,-1,0,-2,0,36562,146,32,65,0,0,0,0,0,0,0,0,-32302,0,0,0,0,0,79329,0
79334,894,8086,246,71,5,25,-2391,-1,-3,-1,0,36562,146,32,65,0,0,0,0,0,0,0,0,-32302,0,0,0,0,0,79334,0
79339,914,8064,264,70,6,22,-2390,9,1,-2,0,36562,146,32,65,0,0,0,0,0,0,0,0,-32302,0,0,0,0,0,79339,0
79344,916,8072,254,73,3,22,-2391,6,6,-2,0,36562,146,32,65,0,0,0,0,0,0,0,0,-32302,0,0,0,0,0,79344,0
79349,898,8078,260,73,3,22,-2390,2,-2,-2,0,36562,139,32,65,0,0,0,0,0,0,0,0,-32302,0,0,0,0,0,79349,0
79354,904,8080,252,72,2,24,-2391,3,-2,-1,0,36562,139,32,65,0,0,0,0,0,0,0,0,-32302,0,0,0,0,0,79354,0
79359,898,8058,250,71,1,25,-2391,-3,1,-2,0,36556,136,32,65,0,0,0,0,0,0,0,0,-32302,0,0,0,0,0,79359,0
79364,894,8074,270,75,0,20,-2391,0,-5,0,0,36556,136,32,65,0,0,0,0,0,0,0,0,-32302,0,0,0,0,0,79364,0
79369,862,8082,270,72,4,21,-2392,-10,-3,-1,0,36554,135,32,65,0,0,0,0,0,0,0,0,-32302,0,0,0,0,0,79370,0
79374,884,8088,264,67,-3,26,-2391,2,0,-3,0,36554,135,32,65,0,0,0,0,0,0,0,0,-32302,0,0,0,0,0,79375,0
79379,894,8074,252,69,1,19,-2391,0,-1,-1,0,36554,129,32,65,0,0,0,0,0,0,0,0,-32302,0,0,0,0,0,79380,0
79384,908,8096,262,73,-4,21,-2391,-1,5,-1,0,36554,129,32,65,0,0,0,0,0,0,0,0,-32302,0,0,0,0,0,79385,0
79389,912,8074,278,66,-3,20,-2392,-7,-3,-1,0,36554,124,32,65,0,0,0,0,0,0,0,0,-32302,0,0,0,0,0,79390,0
79394,886,8060,288,68,0,18,-2390,1,4,-2,0,36554,124,32,65,0,0,0,0,0,0,0,0,-32302,0,0,0,0,0,79395,0
79399,886,8090,256,74,0,21,-2391,1,-5,-2,0,36554,123,32,65,0,0,0,0,0,0,0,0,-32302,0,0,0,0,0,79400,0
79404,880,8084,270,73,-2,20,-2391,0,1,-2,0,36554,123,32,65,0,0,0,0,0,0,0,0,-32302,0,0,0,0,0,79405,0
79409,874,8052,250,70,-5,21,-2392,-4,-3,-2,0,36552,125,32,65,0,0,0,0,0,0,0,0,-32302,0,0,0,0,0,79410,0
79414,876,8102,264,70,-5,23,-2391,-5,3,-2,0,36552,125,32,65,0,0,0,0,0,0,0,0,-32302,0,0,0,0,0,79415,0
79419,868,8096,262,65,-9,20,-2391,1,0,-1,0,36545,134,32,65,0,0,0,0,0,0,0,0,-32302,0,0,0,0,0,79420,0
79424,862,8074,264,68,-6,26,-2390,-1,1,-3,0,36545,134,32,65,0,0,0,0,0,0,0,0,-32302,0,0,0,0,0,79425,0
79429,880,8096,278,67,-16,21,-2391,-5,-1,-4,0,36543,136,32,65,0,0,0,0,0,0,0,0,-32302,0,0,0,0,0,79430,0
79434,888,8082,274,70,-11,26,-2391,-3,0,-4,0,36543,136,32,65,0,0,0,0,0,0,0,0,-32302,0,0,0,0,0,79435,0
79439,882,8094,266,72,-14,26,-2390,1,-2,-2,0,36540,123,32,65,0,0,0,0,0,0,0,0,-32302,0,0,0,0,0,79440,0
79444,890,8100,264,71,-9,22,-2391,-4,0,-1,0,36540,123,32,65,0,0,0,0,0,0,0,0,-32302,0,0,0,0,0,79445,0
79449,882,8086,254,75,-13,24,-2390,4,4,-1,0,36539,116,32,65,0,0,0,0,0,0,0,0,-32302,0,0,0,0,0,79450,0
79454,890,8078,268,71,-13,24,-2392,-9,-1,-1,0,36539,116,32,65,0,0,0,0,0,0,0,0,-32302,0,0,0,0,0,79455,0
79459,852,8106,262,73,-18,24,-2390,3,2,-3,0,36540,118,32,65,0,0,0,0,0,0,0,0,-32302,0,0,0,0,0,79460,0
79464,882,8092,260,71,-15,24,-2392,-3,-3,-2,0,36540,118,32,65,0,0,0,0,0,0,0,0,-32302,0,0,0,0,0,79465,0
79469,894,8082,252,70,-14,25,-2390,7,0,-2,0,36536,127,32,65,0,0,0,0,0,0,0,0,-32302,0,0,0,0,0,79470,0
79474,898,8084,266,70,-18,25,-2390,2,3,-2,0,36536,127,32,65,0,0,0,0,0,0,0,0,-32302,0,0,0,0,0,79475,0
79479,860,8090,272,73,-12,26,-2392,-1,-1,-2,0,36535,129,32,65,0,0,0,0,0,0,0,0,-32302,0,0,0,0,0,79480,0
79484,900,8088,262,66,-16,22,-2392,-1,-4,-2,0,36535,129,32,65,0,0,0,0,0,0,0,0,-32302,0,0,0,0,0,79485,0
79489,908,8080,248,72,-18,26,-2390,1,1,-3,0,36536,129,32,65,0,0,0,0,0,0,0,0,-32302,0,0,0,0,0,79490,0
79494,892,8090,272,67,-8,24,-2392,-2,-5,-2,0,36536,129,32,65,0,0,0,0,0,0,0,0,-32302,0,0,0,0,0,79495,0
79499,888,8074,274,69,-13,24,-2392,-9,-5,-3,0,36535,136,32,65,0,0,0,0,0,0,0,0,-32302,0,0,0,0,0,79500,0
79504,880,8082,260,73,-13,24,-2391,0,0,-2,0,36535,136,32,65,0,0,0,0,0,0,0,0,-32303,0,0,0,0,0,79505,0
79509,902,8112,236,68,-15,22,-2392,3,-4,-1,0,36536,138,32,65,0,0,0,0,0,0,0,0,-32302,0,0,0,0,0,79510,0
79514,868,8084,272,69,-12,23,-2391,-1,0,-2,0,36536,138,32,65,0,0,0,0,0,0,0,0,-32302,0,0,0,0,0,79515,0
79519,884,8064,260,69,-13,22,-2391,0,-1,-1,0,36534,135,32,65,0,0,0,0,0,0,0,0,-32302,0,0,0,0,0,79520,0
79524,900,8060,266,63,-13,27,-2391,-2,-1,-2,0,36534,135,32,65,0,0,0,0,0,0,0,0,-32303,0,0,0,0,0,79525,0
79529,890,8056,244,70,-19,21,-2391,-3,3,-2,0,36532,134,32,65,0,0,0,0,0,0,0,0,-32302,0,0,0,0,0,79530,0
79534,900,8090,278,67,-19,21,-2392,-4,-5,0,0,36532,134,32,65,0,0,0,0,0,0,0,0,-32302,0,0,0,0,0,79535,0
79539,890,8082,260,69,-15,25,-2391,0,1,0,0,36536,134,32,65,0,0,0,0,0,0,0,0,-32302,0,0,0,0,0,79540,0
79544,886,8068,274,70,-14,26,-2390,2,2,-1,0,36536,134,32,65,0,0,0,0,0,0,0,0,-32302,0,0,0,0,0,79545,0
79549,904,8068,250,71,-16,17,-2389,10,6,-1,0,36538,138,32,65,0,0,0,0,0,0,0,0,-32302,0,0,0,0,0,79550,0
79554,904,8062,260,71,-14,27,-2391,1,1,-1,0,36538,138,32,65,0,0,0,0,0,0,0,0,-32302,0,0,0,0,0,79555,0
79559,900,8082,246,69,-8,23,-2392,-1,-3,-3,0,36539,140,32,65,0,0,0,0,0,0,0,0,-32302,0,0,0,0,0,79560,0
79564,876,8114,250,74,-15,31,-2391,-2,1,0,0,36539,140,32,65,0,0,0,0,0,0,0,0,-32302,0,0,0,0,0,79565,0
79569,880,8100,254,72,-11,21,-2390,4,2,-1,0,36540,133,32,65,0,0,0,0,0,0,0,0,-32302,0,0,0,0,0,79570,0
79574,896,8072,262,70,-10,23,-2391,-1,-3,-2,0,36540,133,32,65,0,0,0,0,0,0,0,0,-32302,0,0,0,0,0,79575,0
79579,918,8110,266,70,-11,30,-2392,-8,-3,-2,0,36537,125,32,65,0,0,0,0,0,0,0,0,-32302,0,0,0,0,0,79580,0
79584,876,8088,258,70,-14,22,-2391,0,-2,-3,0,36537,125,32,65,0,0,0,0,0,0,0,0,-32302,0,0,0,0,0,79585,0
79589,882,8086,254,64,-8,27,-2391,3,-4,-2,0,36536,121,32,65,0,0,0,0,0,0,0,0,-32302,0,0,0,0,0,79590,0
79594,892,8082,262,63,-12,23,-2391,-5,1,-2,0,36536,121,32,65,0,0,0,0,0,0,0,0,-32302,0,0,0,0,0,79595,0
79599,874,8092,252,68,-15,26,-2391,6,2,-1,0,36534,123,32,65,0,0,0,0,0,0,0,0,-32302,0,0,0,0,0,79600,0
79604,884,8076,248,70,-5,22,-2391,0,3,-1,0,36534,123,32,65,0,0,0,0,0,0,0,0,-32302,0,0,0,0,0,79605,0
79609,898,8082,256,67,-9,25,-2392,-7,-3,-2,0,36534,126,32,65,0,0,0,0,0,0,0,0,-32302,0,0,0,0,0,79610,0
79614,902,8088,256,68,-9,26,-2390,1,3,-1,0,36534,126,32,65,0,0,0,0,0,0,0,0,-32302,0,0,0,0,0,79615,0
79619,876,8068,232,68,-9,23,-2391,4,3,-1,0,36532,131,32,65,0,0,0,0,0,0,0,0,-32302,0,0,0,0,0,79620,0
79624,892,8074,246,64,-10,21,-2390,5,-1,-1,0,36532,131,32,65,0,0,0,0,0,0,0,0,-32302,0,0,0,0,0,79625,0
79629,896,8074,258,66,-5,23,-2391,0,3,-2,0,36531,139,32,65,0,0,0,0,0,0,0,0,-32302,0,0,0,0,0,79630,0
79634,882,8090,268,67,-8,27,-2391,0,-1,-1,0,36531,139,32,65,0,0,0,0,0,0,0,0,-32302,0,0,0,0,0,79635,0
79639,864,8070,280,61,-5,27,-2391,-5,0,-2,0,36531,138,32,65,0,0,0,0,0,0,0,0,-32302,0,0,0,0,0,79640,0
79644,856,8072,266,61,-6,24,-2390,6,0,0,0,36531,138,32,65,0,0,0,0,0,0,0,0,-32302,0,0,0,0,0,79645,0
79649,884,8088,256,73,-12,23,-2392,2,-2,-3,0,36535,142,32,65,0,0,0,0,0,0,0,0,-32302,0,0,0,0,0,79650,0
79654,908,8092,238,67,-4,30,-2391,-5,1,-1,0,36535,142,32,65,0,0,0,0,0,0,0,0,-32302,0,0,0,0,0,79655,0
79659,866,8094,262,66,-9,22,-2391,-3,2,-1,0,36537,146,32,65,0,0,0,0,0,0,0,0,-32302,0,0,0,0,0,79660,0
79664,884,8094,246,66,-6,23,-2390,-4,4,-1,0,36537,146,32,65,0,0,0,0,0,0,0,0,-32302,0,0,0,0,0,79665,0
79669,864,8082,266,68,-12,25,-2391,3,0,-2,0,36535,147,32,65,0,0,0,0,0,0,0,0,-32302,0,0,0,0,0,79670,0
79674,880,8086,252,63,-4,24,-2391,-3,-2,-2,0,36535,147,32,65,0,0,0,0,0,0,0,0,-32302,0,0,0,0,0,79675,0
79679,874,8088,250,64,-11,24,-2391,-3,6,-1,0,36530,136,32,65,0,0,0,0,0,0,0,0,-32302,0,0,0,0,0,79680,0
79684,866,8086,268,64,-7,29,-2391,0,2,-2,0,36530,136,32,65,0,0,0,0,0,0,0,0,-32302,0,0,0,0,0,79685,0
79689,860,8094,268,67,-11,23,-2392,-4,1,-2,0,36530,131,32,65,0,0,0,0,0,0,0,0,-32302,0,0,0,0,0,79690,0
79694,876,8080,282,65,-9,28,-2390,3,4,-2,0,36530,131,32,65,0,0,0,0,0,0,0,0,-32302,0,0,0,0,0,79695,0
79699,890,8078,282,67,-11,24,-2391,5,0,0,0,36530,125,32,65,0,0,0,0,0,0,0,0,-32302,0,0,0,0,0,79700,0
79704,898,8096,264,65,-6,24,-2391,5,0,0,0,36530,125,32,65,0,0,0,0,0,0,0,0,-32302,0,0,0,0,0,79705,0
79709,862,8084,282,70,-5,30,-2391,3,3,-1,0,36529,122,32,65,0,0,0,0,0,0,0,0,-32302,0,0,0,0,0,79710,0
79714,862,8090,258,66,-8,25,-2391,-1,3,-2,0,36529,122,32,65,0,0,0,0,0,0,0,0,-32302,0,0,0,0,0,79715,0
79719,888,8090,296,71,-5,30,-2391,4,-1,-2,0,36527,120,32,65,0,0,0,0,0,0,0,0,-32302,0,0,0,0,0,79720,0
79724,858,8078,262,67,-8,31,-2391,-4,-1,0,0,36527,120,32,65,0,0,0,0,0,0,0,0,-32302,0,0,0,0,0,79725,0
79729,878,8094,250,62,-8,28,-2390,11,5,-1,0,36530,129,32,65,0,0,0,0,0,0,0,0,-32302,0,0,0,0,0,79730,0
79734,882,8116,262,66,1,33,-2391,0,-2,0,0,36530,129,32,65,0,0,0,0,0,0,0,0,-32302,0,0,0,0,0,79735,0
79739,884,8084,276,61,-5,33,-2391,-4,0,-1,0,36531,133,32,65,0,0,0,0,0,0,0,0,-32302,0,0,0,0,0,79740,0
79744,876,8098,246,63,-2,32,-2391,-6,0,-1,0,36531,133,32,65,0,0,0,0,0,0,0,0,-32303,0,0,0,0,0,79745,0
79749,860,8102,268,64,-2,35,-2390,1,1,-4,0,36534,125,32,65,0,0,0,0,0,0,0,0,-32303,0,0,0,0,0,79750,0
79754,862,8074,260,69,2,33,-2391,-4,-5,-2,0,36534,125,32,65,0,0,0,0,0,0,0,0,-32302,0,0,0,0,0,79755,0
79759,860,8106,278,69,1,33,-2391,-2,3,-3,0,36534,135,32,65,0,0,0,0,0,0,0,0,-32302,0,0,0,0,0,79760,0
79764,860,8106,252,67,8,33,-2392,-6,-4,-2,0,36534,135,32,65,0,0,0,0,0,0,0,0,-32302,0,0,0,0,0,79765,0
79769,868,8074,280,66,5,33,-2390,0,0,-2,0,36536,139,32,65,0,0,0,0,0,0,0,0,-32302,0,0,0,0,0,79770,0
79774,850,8100,266,70,3,34,-2391,0,1,-2,0,36536,139,32,65,0,0,0,0,0,0,0,0,-32302,0,0,0,0,0,79775,0
79779,860,8078,272,65,11,36,-2391,4,0,-2,0,36531,140,32,65,0,0,0,0,0,0,0,0,-32302,0,0,0,0,0,79780,0
79784,874,8076,282,65,13,39,-2390,5,2,-3,0,36531,140,32,65,0,0,0,0,0,0,0,0,-32302,0,0,0,0,0,79785,0
79789,862,8086,256,69,10,43,-2390,5,4,-2,0,36532,137,32,65,0,0,0,0,0,0,0,0,-32302,0,0,0,0,0,79790,0
79794,862,8066,272,69,18,38,-2391,0,1,-2,0,36532,137,32,65,0,0,0,0,0,0,0,0,-32302,0,0,0,0,0,79795,0
79799,868,8076,250,64,14,41,-2391,0,4,-2,0,36534,129,32,65,0,0,0,0,0,0,0,0,-32302,0,0,0,0,0,79800,0
79804,884,8054,260,73,18,47,-2391,2,-3,-3,0,36534,129,32,65,0,0,0,0,0,0,0,0,-32303,0,0,0,0,0,79805,0
79809,866,8074,256,68,19,42,-2390,8,6,-1,0,36537,134,32,65,0,0,0,0,0,0,0,0,-32302,0,0,0,0,0,79810,0
79814,896,8102,266,71,23,43,-2392,-2,-4,-1,0,36537,134,32,65,0,0,0,0,0,0,0,0,-32302,0,0,0,0,0,79815,0
79819,864,8092,260,67,21,41,-2391,5,4,-2,0,36534,128,32,65,0,0,0,0,0,0,0,0,-32302,0,0,0,0,0,79820,0
79824,872,8076,268,63,22,49,-2390,4,2,-2,0,36534,128,32,65,0,0,0,0,0,0,0,0,-32302,0,0,0,0,0,79825,0
79829,898,8090,252,67,17,43,-2392,-5,-4,-2,0,36533,133,32,65,0,0,0,0,0,0,0,0,-32302,0,0,0,0,0,79830,0
79834,872,8092,250,66,29,42,-2392,-8,-2,-1,0,36533,133,32,65,0,0,0,0,0,0,0,0,-32302,0,0,0,0,0,79835,0
79839,858,8090,242,64,28,44,-2390,7,-1,-2,0,36530,130,32,65,0,0,0,0,0,0,0,0,-32302,0,0,0,0,0,79840,0
79844,876,8090,248,66,27,48,-2390,2,-3,-2,0,36530,130,32,65,0,0,0,0,0,0,0,0,-32302,0,0,0,0,0,79845,0
79849,884,8094,244,72,22,47,-2391,-2,3,-2,0,36531,138,32,65,0,0,0,0,0,0,0,0,-32302,0,0,0,0,0,79850,0
79854,878,8096,240,63,21,44,-2391,1,1,0,0,36531,138,32,65,0,0,0,0,0,0,0,0,-32302,0,0,0,0,0,79855,0
79859,890,8096,244,68,24,42,-2391,2,2,-2,0,36532,136,32,65,0,0,0,0,0,0,0,0,-32302,0,0,0,0,0,79860,0
79864,890,8092,252,61,25,52,-2391,1,-2,-1,0,36532,136,32,65,0,0,0,0,0,0,0,0,-32302,0,0,0,0,0,79865,0
79869,878,8060,242,63,21,47,-2390,4,6,-3,0,36533,138,32,65,0,0,0,0,0,0,0,0,-32302,0,0,0,0,0,79872,0
79874,906,8082,244,63,24,50,-2392,-2,-2,-4,0,36533,138,32,65,0,0,0,0,0,0,0,0,-32302,0,0,0,0,0,79875,0
79879,866,8066,258,66,24,55,-2391,-4,-1,-1,0,36540,133,32,65,0,0,0,0,0,0,0,0,-32302,0,0,0,0,0,79880,0
79884,868,8078,266,71,21,48,-2389,6,0,-3,0,36540,133,32,65,0,0,0,0,0,0,0,0,-32302,0,0,0,0,0,79885,0
79889,906,8072,248,62,18,48,-2391,-10,0,-2,0,36550,128,32,65,0,0,0,0,0,0,0,0,-32302,0,0,0,0,0,79890,0
79894,880,8080,264,62,17,48,-2389,2,0,-2,0,36550,128,32,65,0,0,0,0,0,0,0,0,-32303,0,0,0,0,0,79895,0
79899,884,8078,248,58,13,48,-2393,-5,-2,-1,0,36554,133,32,65,0,0,0,0,0,0,0,0,-32302,0,0,0,0,0,79900,0
79904,898,8062,246,66,12,48,-2392,-1,2,-1,0,36554,133,32,65,0,0,0,0,0,0,0,0,-32302,0,0,0,0,0,79905,0
79909,884,8046,266,56,10,50,-2390,11,-2,-2,0,36550,134,32,65,0,0,0,0,0,0,0,0,-32302,0,0,0,0,0,79910,0
79914,878,8046,260,65,10,51,-2390,3,4,-2,0,36550,134,32,65,0,0,0,0,0,0,0,0,-32302,0,0,0,0,0,79915,0
79919,916,8074,248,64,1,47,-2390,3,3,-2,0,36537,133,32,65,0,0,0,0,0,0,0,0,-32302,0,0,0,0,0,79920,0
79924,914,8064,262,63,6,53,-2390,5,-3,-2,0,36537,133,32,65,0,0,0,0,0,0,0,0,-32302,0,0,0,0,0,79925,0
79929,892,8054,270,58,-1,47,-2391,2,2,-2,0,36529,126,32,65,0,0,0,0,0,0,0,0,-32302,0,0,0,0,0,79930,0
79934,916,8068,272,63,-4,47,-2391,11,-1,-1,0,36529,126,32,65,0,0,0,0,0,0,0,0,-32302,0,0,0,0,0,79935,0
79939,926,8084,258,63,-4,49,-2391,1,-3,-3,0,36530,125,32,65,0,0,0,0,0,0,0,0,-32302,0,0,0,0,0,79940,0
79944,948,8078,252,59,-3,50,-2391,0,-1,-3,0,36530,125,32,65,0,0,0,0,0,0,0,0,-32302,0,0,0,0,0,79945,0
79949,932,8104,238,58,-2,45,-2391,0,1,-3,0,36531,135,32,65,0,0,0,0,0,0,0,0,-32302,0,0,0,0,0,79950,0
79954,924,8124,226,52,-4,47,-2390,0,2,-2,0,36531,135,32,65,0,0,0,0,0,0,0,0,-32302,0,0,0,0,0,79955,0
79959,920,8118,222,58,1,44,-2391,1,0,-5,0,36534,130,32,65,0,0,0,0,0,0,0,0,-32303,0,0,0,0,0,79960,0
79964,910,8096,210,49,0,44,-2391,4,-1,-1,0,36534,130,32,65,0,0,0,0,0,0,0,0,-32302,0,0,0,0,0,79965,0
79969,944,8146,194,52,7,46,-2391,2,-5,0,0,36531,122,32,65,0,0,0,0,0,0,0,0,-32302,0,0,0,0,0,79970,0
79974,896,8134,212,54,1,43,-2392,0,0,-2,0,36531,122,32,65,0,0,0,0,0,0,0,0,-32302,0,0,0,0,0,79975,0
79979,906,8140,226,46,8,43,-2391,0,2,-2,0,36532,124,32,65,0,0,0,0,0,0,0,0,-32302,0,0,0,0,0,79980,0
79984,910,8122,232,45,16,47,-2391,2,-1,-3,0,36532,124,32,65,0,0,0,0,0,0,0,0,-32302,0,0,0,0,0,79985,0
79989,886,8108,232,45,15,43,-2389,11,0,-3,0,36533,132,32,65,0,0,0,0,0,0,0,0,-32302,0,0,0,0,0,79990,0
79994,890,8106,218,43,17,45,-2391,0,0,-2,0,36533,132,32,65,0,0,0,0,0,0,0,0,-32302,0,0,0,0,0,79995,0
79999,874,8114,262,42,16,47,-2390,5,-1,-1,0,36530,139,32,65,0,0,0,0,0,0,0,0,-32303,0,0,0,0,0,80000,0
80004,866,8078,266,46,22,49,-2391,5,-4,-1,0,36530,139,32,65,0,0,0,0,0,0,0,0,-32302,0,0,0,0,0,80005,0
80009,874,8078,260,43,20,49,-2392,0,-3,-2,0,36527,139,32,65,0,0,0,0,0,0,0,0,-32302,0,0,0,0,0,80010,0
80014,872,8048,264,47,22,46,-2392,-7,-1,-1,0,36527,139,32,65,0,0,0,0,0,0,0,0,-32302,0,0,0,0,0,80015,0
80019,860,8044,278,36,23,52,-2391,-3,-4,-2,0,36526,138,32,65,0,0,0,0,0,0,0,0,-32302,0,0,0,0,0,80020,0
80024,864,8052,280,45,20,54,-2391,-1,1,-1,0,36526,138,32,65,0,0,0,0,0,0,0,0,-32302,0,0,0,0,0,80025,0
80029,862,8030,290,40,25,54,-2391,0,-3,-2,0,36529,137,32,65,0,0,0,0,0,0,0,0,-32302,0,0,0,0,0,80030,0
80034,880,8012,280,36,19,59,-2393,-4,-2,-1,0,36529,137,32,65,0,0,0,0,0,0,0,0,-32302,0,0,0,0,0,80035,0
80039,892,8022,278,44,19,58,-2390,1,3,-3,0,36531,133,32,65,0,0,0,0,0,0,0,0,-32302,0,0,0,0,0,80040,0
80044,868,8006,274,40,17,63,-2391,4,0,-1,0,36531,133,32,65,0,0,0,0,0,0,0,0,-32302,0,0,0,0,0,80045,0
80049,894,8054,278,42,14,61,-2391,2,4,-1,0,36534,124,32,65,0,0,0,0,0,0,0,0,-32302,0,0,0,0,0,80050,0
80054,900,8064,286,42,10,63,-2390,3,0,-3,0,36534,124,32,65,0,0,0,0,0,0,0,0,-32302,0,0,0,0,0,80055,0
80059,876,8054,274,40,6,64,-2391,1,-1,-3,0,36534,129,32,65,0,0,0,0,0,0,0,0,-32302,0,0,0,0,0,80060,0
80064,900,8072,282,42,1,66,-2390,1,1,-1,0,36534,129,32,65,0,0,0,0,0,0,0,0,-32302,0,0,0,0,0,80065,0
80069,894,8104,280,43,2,59,-2391,0,-5,1,0,36540,129,32,65,0,0,0,0,0,0,0,0,-32302,0,0,0,0,0,80070,0
80074,952,8118,324,35,-2,63,-2392,1,0,-1,0,36540,129,32,65,0,0,0,0,0,0,0,0,-32302,0,0,0,0,0,80075,0
80079,896,8174,310,31,-12,64,-2391,0,-1,-1,0,36537,125,32,65,0,0,0,0,0,0,0,0,-32302,0,0,0,0,0,80080,0
80084,868,8154,298,40,-14,58,-2390,-1,4,-3,0,36537,125,32,65,0,0,0,0,0,0,0,0,-32302,0,0,0,0,0,80085,0
80089,828,8084,356,39,-20,67,-2390,1,0,-2,0,36535,120,32,65,0,0,0,0,0,0,0,0,-32302,0,0,0,0,0,80090,0
80094,870,8090,340,36,-30,65,-2391,1,-2,-1,0,36535,120,32,65,0,0,0,0,0,0,0,0,-32302,0,0,0,0,0,80095,0
80099,858,8162,324,33,-37,67,-2391,0,-5,-2,0,36530,121,32,65,0,0,0,0,0,0,0,0,-32302,0,0,0,0,0,80100,0
80104,862,8114,328,43,-42,63,-2390,3,1,-2,0,36530,121,32,65,0,0,0,0,0,0,0,0,-32302,0,0,0,0,0,80105,0
80109,840,8168,362,41,-49,66,-2391,3,3,-3,0,36532,127,32,65,0,0,0,0,0,0,0,0,-32302,0,0,0,0,0,80110,0
80114,820,8080,322,44,-59,66,-2389,1,0,-3,0,36532,127,32,65,0,0,0,0,0,0,0,0,-32302,0,0,0,0,0,80115,0
80119,856,8054,336,43,-61,66,-2391,1,-4,-3,0,36531,129,32,65,0,0,0,0,0,0,0,0,-32302,0,0,0,0,0,80120,0
80124,854,8092,336,47,-74,71,-2391,-1,0,-2,0,36531,129,32,65,0,0,0,0,0,0,0,0,-32302,0,0,0,0,0,80125,0
80129,842,8058,360,45,-75,76,-2391,-1,-4,-3,0,36531,141,32,65,0,0,0,0,0,0,0,0,-32302,0,0,0,0,0,80130,0
80134,892,8048,356,50,-78,75,-2392,-3,1,-2,0,36531,141,32,65,0,0,0,0,0,0,0,0,-32302,0,0,0,0,0,80135,0
80139,922,8050,416,43,-81,76,-2390,0,2,-1,0,36528,139,32,65,0,0,0,0,0,0,0,0,-32302,0,0,0,0,0,80140,0
80144,924,8024,266,54,-83,75,-2391,5,1,0,0,36528,139,32,65,0,0,0,0,0,0,0,0,-32302,0,0,0,0,0,80145,0
80149,948,8086,328,53,-80,72,-2392,-1,6,-2,0,36530,143,32,65,0,0,0,0,0,0,0,0,-32302,0,0,0,0,0,80150,0
80154,934,8098,340,54,-75,76,-2391,-1,-2,-3,0,36530,143,32,65,0,0,0,0,0,0,0,0,-32303,0,0,0,0,0,80155,0
80159,948,8080,312,52,-73,77,-2390,3,0,-2,0,36529,138,32,65,0,0,0,0,0,0,0,0,-32302,0,0,0,0,0,80160,0
80164,996,8136,354,56,-62,78,-2392,-8,5,-2,0,36529,138,32,65,0,0,0,0,0,0,0,0,-32302,0,0,0,0,0,80165,0
80169,1026,8104,282,54,-60,74,-2391,-3,-5,-1,0,36530,140,32,65,0,0,0,0,0,0,0,0,-32302,0,0,0,0,0,80170,0
80174,980,8042,246,56,-56,66,-2391,-7,-3,-1,0,36530,140,32,65,0,0,0,0,0,0,0,0,-32302,0,0,0,0,0,80175,0
80179,1018,8102,280,58,-43,69,-2391,-3,4,-2,0,36533,151,32,65,0,0,0,0,0,0,0,0,-32302,0,0,0,0,0,80180,0
80184,1068,8072,304,54,-30,65,-2392,-2,2,-2,0,36533,151,32,65,0,0,0,0,0,0,0,0,-32302,0,0,0,0,0,80185,0
80189,1088,8124,270,49,-20,67,-2391,-3,1,-1,0,36534,138,32,65,0,0,0,0,0,0,0,0,-32302,0,0,0,0,0,80190,0
80194,1072,8104,252,52,-17,62,-2391,0,3,-2,0,36534,138,32,65,0,0,0,0,0,0,0,0,-32302,0,0,0,0,0,80195,0
80199,1120,8124,274,54,-7,59,-2390,1,6,-3,0,36534,131,32,65,0,0,0,0,0,0,0,0,-32302,0,0,0,0,0,80200,0
80204,1122,8104,258,48,9,54,-2391,1,3,-3,0,36534,131,32,65,0,0,0,0,0,0,0,0,-32302,0,0,0,0,0,80205,0
80209,1134,8118,264,50,21,50,-2391,-3,0,-1,0,36531,124,32,65,0,0,0,0,0,0,0,0,-32302,0,0,0,0,0,80210,0
80214,1110,8110,256,50,28,46,-2392,1,3,0,0,36531,124,32,65,0,0,0,0,0,0,0,0,-32302,0,0,0,0,0,80215,0
80219,1128,8088,252,53,41,45,-2391,-2,-3,-1,0,36530,130,32,65,0,0,0,0,0,0,0,0,-32302,0,0,0,0,0,80220,0
80224,1122,8114,258,49,63,37,-2392,1,1,-1,0,36530,130,32,65,0,0,0,0,0,0,0,0,-32302,0,0,0,0,0,80225,0
80229,1134,8086,264,50,76,35,-2391,7,4,-2,0,36528,127,32,65,0,0,0,0,0,0,0,0,-32302,0,0,0,0,0,80230,0
80234,1106,8066,252,49,81,36,-2391,0,3,-2,0,36528,127,32,65,0,0,0,0,0,0,0,0,-32302,0,0,0,0,0,80235,0
80239,1116,8082,266,46,96,31,-2391,-4,0,-4,0,36530,122,32,65,0,0,0,0,0,0,0,0,-32302,0,0,0,0,0,80240,0
80244,1110,8078,260,47,110,24,-2391,0,0,-2,0,36530,122,32,65,0,0,0,0,0,0,0,0,-32302,0,0,0,0,0,80245,0
80249,1094,8060,286,51,121,26,-2391,2,0,-2,0,36532,121,32,65,0,0,0,0,0,0,0,0,-32302,0,0,0,0,0,80250,0
80254,1088,8070,274,46,130,22,-2391,8,0,-3,0,36532,121,32,65,0,0,0,0,0,0,0,0,-32302,0,0,0,0,0,80255,0
80259,1088,8068,294,51,137,16,-2390,0,-3,-4,0,36532,128,32,65,0,0,0,0,0,0,0,0,-32302,0,0,0,0,0,80260,0
80264,1052,8096,296,49,148,14,-2391,-2,0,-2,0,36532,128,32,65,0,0,0,0,0,0,0,0,-32302,0,0,0,0,0,80265,0
80269,1044,8074,292,48,155,16,-2391,6,1,-2,0,36531,133,32,65,0,0,0,0,0,0,0,0,-32302,0,0,0,0,0,80270,0
80274,1032,8074,320,46,159,9,-2392,-9,-3,-3,0,36531,133,32,65,0,0,0,0,0,0,0,0,-32302,0,0,0,0,0,80275,0
80279,1010,8092,302,45,164,10,-2392,-8,-3,-1,0,36532,130,32,65,0,0,0,0,0,0,0,0,-32302,0,0,0,0,0,80280,0
80284,1006,8086,316,53,172,8,-2391,3,1,0,0,36532,130,32,65,0,0,0,0,0,0,0,0,-32302,0,0,0,0,0,80285,0
80289,990,8078,326,46,177,6,-2390,0,1,0,0,36539,132,32,65,0,0,0,0,0,0,0,0,-32302,0,0,0,0,0,80290,0
80294,1004,8078,310,52,177,9,-2391,0,0,-1,0,36539,132,32,65,0,0,0,0,0,0,0,0,-32302,0,0,0,0,0,80295,0
80299,938,8066,310,47,181,9,-2390,1,-1,-1,0,36540,127,32,65,0,0,0,0,0,0,0,0,-32302,0,0,0,0,0,80300,0
80304,956,8086,308,46,184,6,-2390,1,0,-2,0,36540,127,32,65,0,0,0,0,0,0,0,0,-32302,0,0,0,0,0,80305,0
80309,942,8050,320,45,184,7,-2391,-1,1,-2,0,36536,133,32,65,0,0,0,0,0,0,0,0,-32302,0,0,0,0,0,80310,0
80314,960,8084,318,44,179,4,-2391,3,0,-2,0,36536,133,32,65,0,0,0,0,0,0,0,0,-32302,0,0,0,0,0,80315,0
80319,924,8074,314,52,186,4,-2392,-8,-5,-4,0,36533,131,32,65,0,0,0,0,0,0,0,0,-32302,0,0,0,0,0,80320,0
80324,926,8074,324,48,179,4,-2391,1,-3,-2,0,36533,131,32,65,0,0,0,0,0,0,0,0,-32302,0,0,0,0,0,80325,0
80329,906,8058,320,50,182,4,-2391,2,4,-3,0,36531,137,32,65,0,0,0,0,0,0,0,0,-32302,0,0,0,0,0,80330,0
80334,904,8054,340,45,177,8,-2390,-6,1,-2,0,36531,137,32,65,0,0,0,0,0,0,0,0,-32302,0,0,0,0,0,80335,0
80339,876,8090,306,47,172,3,-2391,-3,-5,-2,0,36531,131,32,65,0,0,0,0,0,0,0,0,-32302,0,0,0,0,0,80340,0
80344,876,8086,312,47,161,6,-2391,0,1,-1,0,36531,131,32,65,0,0,0,0,0,0,0,0,-32302,0,0,0,0,0,80345,0
80349,860,8078,308,42,158,8,-2391,-1,-6,-1,0,36529,136,32,65,0,0,0,0,0,0,0,0,-32302,0,0,0,0,0,80350,0
80354,852,8086,308,48,150,4,-2392,-6,2,-2,0,36529,136,32,65,0,0,0,0,0,0,0,0,-32302,0,0,0,0,0,80355,0
80359,856,8090,334,44,137,11,-2391,0,4,-3,0,36530,136,32,65,0,0,0,0,0,0,0,0,-32303,0,0,0,0,0,80360,0
80364,822,8078,326,48,128,11,-2391,0,1,-1,0,36530,136,32,65,0,0,0,0,0,0,0,0,-32302,0,0,0,0,0,80365,0
80369,838,8094,334,44,118,11,-2391,-2,0,-2,0,36530,132,32,65,0,0,0,0,0,0,0,0,-32302,0,0,0,0,0,80370,0
80374,824,8070,328,48,104,8,-2392,-4,0,-2,0,36530,132,32,65,0,0,0,0,0,0,0,0,-32302,0,0,0,0,0,80376,0
80379,808,8056,344,50,102,13,-2392,0,4,-2,0,36528,129,32,65,0,0,0,0,0,0,0,0,-32303,0,0,0,0,0,80381,0
80384,798,8066,316,46,84,18,-2391,4,1,-4,0,36528,129,32,65,0,0,0,0,0,0,0,0,-32302,0,0,0,0,0,80386,0
80389,780,8062,330,44,66,15,-2390,4,4,-2,0,36532,132,32,65,0,0,0,0,0,0,0,0,-32302,0,0,0,0,0,80391,0
80394,804,8082,338,44,64,16,-2391,1,1,-2,0,36532,132,32,65,0,0,0,0,0,0,0,0,-32302,0,0,0,0,0,80396,0
80399,818,8090,318,47,50,18,-2391,0,2,-1,0,36533,136,32,65,0,0,0,0,0,0,0,0,-32302,0,0,0,0,0,80401,0
80404,838,8050,324,49,34,21,-2391,-4,-3,-2,0,36533,136,32,65,0,0,0,0,0,0,0,0,-32302,0,0,0,0,0,80406,0
80409,848,8084,342,46,25,20,-2390,1,1,0,0,36535,139,32,65,0,0,0,0,0,0,0,0,-32301,0,0,0,0,0,80411,0
80414,840,8056,338,46,14,18,-2391,-2,-4,-1,0,36535,139,32,65,0,0,0,0,0,0,0,0,-32302,0,0,0,0,0,80416,0
80419,838,8084,338,44,9,22,-2391,-1,-1,-3,0,36531,134,32,65,0,0,0,0,0,0,0,0,-32302,0,0,0,0,0,80421,0
80424,844,8096,324,44,-3,25,-2391,-5,2,-2,0,36531,134,32,65,0,0,0,0,0,0,0,0,-32302,0,0,0,0,0,80426,0
80429,858,8080,336,42,-9,20,-2391,1,1,-3,0,36532,139,32,65,0,0,0,0,0,0,0,0,-32302,0,0,0,0,0,80431,0
80434,850,8092,304,42,-25,25,-2390,3,0,-2,0,36532,139,32,65,0,0,0,0,0,0,0,0,-32302,0,0,0,0,0,80436,0
80439,848,8082,304,45,-26,25,-2390,3,2,-2,0,36531,140,32,65,0,0,0,0,0,0,0,0,-32302,0,0,0,0,0,80441,0
80444,874,8090,326,40,-39,21,-2390,7,1,-2,0,36531,140,32,65,0,0,0,0,0,0,0,0,-32302,0,0,0,0,0,80446,0
80449,872,8084,348,43,-42,21,-2390,0,-1,-1,0,36531,138,32,65,0,0,0,0,0,0,0,0,-32302,0,0,0,0,0,80451,0
80454,884,8080,346,36,-52,21,-2392,-3,-4,-1,0,36531,138,32,65,0,0,0,0,0,0,0,0,-32302,0,0,0,0,0,80456,0
80459,886,8072,306,42,-55,26,-2391,7,0,-3,0,36531,133,32,65,0,0,0,0,0,0,0,0,-32302,0,0,0,0,0,80461,0
80464,922,8084,302,37,-56,26,-2391,3,3,-1,0,36531,133,32,65,0,0,0,0,0,0,0,0,-32302,0,0,0,0,0,80466,0
80469,906,8048,332,38,-62,25,-2391,-3,2,-1,0,36531,136,32,65,0,0,0,0,0,0,0,0,-32302,0,0,0,0,0,80471,0
80474,904,8072,308,34,-59,22,-2390,2,-1,-2,0,36531,136,32,65,0,0,0,0,0,0,0,0,-32302,0,0,0,0,0,80476,0
80479,906,8076,324,38,-67,30,-2391,0,-1,-1,0,36531,138,32,65,0,0,0,0,0,0,0,0,-32302,0,0,0,0,0,80481,0
80484,924,8098,336,35,-71,28,-2391,2,-3,-2,0,36531,138,32,65,0,0,0,0,0,0,0,0,-32302,0,0,0,0,0,80486,0
80489,926,8090,356,35,-68,26,-2390,2,3,-3,0,36534,139,32,65,0,0,0,0,0,0,0,0,-32302,0,0,0,0,0,80491,0
80494,912,8086,348,33,-69,30,-2392,-2,-1,0,0,36534,139,32,65,0,0,0,0,0,0,0,0,-32302,0,0,0,0,0,80496,0
80499,926,8082,334,34,-65,32,-2391,-5,2,-2,0,36534,133,32,65,0,0,0,0,0,0,0,0,-32301,0,0,0,0,0,80502,0
80504,912,8060,348,30,-68,27,-2390,0,1,-3,0,36534,133,32,65,0,0,0,0,0,0,0,0,-32301,0,0,0,0,0,80507,0
80509,912,8082,338,34,-70,26,-2391,-2,1,-2,0,36536,138,32,65,0,0,0,0,0,0,0,0,-32302,0,0,0,0,0,80512,0
80514,896,8096,336,32,-66,30,-2391,2,-1,-2,0,36536,138,32,65,0,0,0,0,0,0,0,0,-32302,0,0,0,0,0,80517,0
80519,930,8090,356,38,-67,25,-2390,2,3,-2,0,36532,133,32,65,0,0,0,0,0,0,0,0,-32302,0,0,0,0,0,80522,0
80524,940,8092,378,31,-67,27,-2391,2,2,-1,0,36532,133,32,65,0,0,0,0,0,0,0,0,-32302,0,0,0,0,0,80527,0
80529,940,8068,362,37,-67,22,-2392,-8,-1,0,0,36533,128,32,65,0,0,0,0,0,0,0,0,-32302,0,0,0,0,0,80532,0
80534,942,8088,378,36,-71,27,-2391,-2,-2,-1,0,36533,128,32,65,0,0,0,0,0,0,0,0,-32302,0,0,0,0,0,80537,0
80539,940,8064,394,42,-73,26,-2392,-10,-4,-2,0,36535,123,32,65,0,0,0,0,0,0,0,0,-32302,0,0,0,0,0,80542,0
80544,944,8060,384,36,-73,25,-2392,-5,-4,-1,0,36535,123,32,65,0,0,0,0,0,0,0,0,-32302,0,0,0,0,0,80547,0
80549,936,8072,374,37,-75,22,-2389,9,5,-1,0,36536,125,32,65,0,0,0,0,0,0,0,0,-32302,0,0,0,0,0,80552,0
80554,940,8060,392,37,-67,24,-2390,1,1,-3,0,36536,125,32,65,0,0,0,0,0,0,0,0,-32302,0,0,0,0,0,80557,0
80559,962,8082,366,46,-72,23,-2392,2,0,-3,0,36533,129,32,65,0,0,0,0,0,0,0,0,-32302,0,0,0,0,0,80562,0
80564,958,8112,382,48,-73,19,-2391,1,1,-1,0,36533,129,32,65,0,0,0,0,0,0,0,0,-32302,0,0,0,0,0,80567,0
80569,962,8100,386,42,-78,20,-2392,0,-1,-2,0,36530,131,32,65,0,0,0,0,0,0,0,0,-32302,0,0,0,0,0,80572,0
80574,976,8112,388,41,-78,15,-2390,2,0,-3,0,36530,131,32,65,0,0,0,0,0,0,0,0,-32302,0,0,0,0,0,80577,0
80579,942,8128,426,46,-72,19,-2391,0,0,-2,0,36531,124,32,65,0,0,0,0,0,0,0,0,-32302,0,0,0,0,0,80582,0
80584,984,8106,400,47,-81,11,-2390,0,3,-2,0,36531,124,32,65,0,0,0,0,0,0,0,0,-32302,0,0,0,0,0,80587,0
80589,960,8104,414,50,-86,11,-2391,1,-1,-2,0,36532,132,32,65,0,0,0,0,0,0,0,0,-32302,0,0,0,0,0,80592,0
80594,968,8118,408,54,-88,9,-2390,3,3,-1,0,36532,132,32,65,0,0,0,0,0,0,0,0,-32302,0,0,0,0,0,80597,0
80599,960,8094,430,57,-88,12,-2390,6,-1,-1,0,36532,131,32,65,0,0,0,0,0,0,0,0,-32302,0,0,0,0,0,80602,0
80604,984,8068,426,54,-89,2,-2391,0,2,-2,0,36532,131,32,65,0,0,0,0,0,0,0,0,-32301,0,0,0,0,0,80607,0
80609,980,8086,434,61,-90,4,-2390,0,3,-1,0,36531,135,32,65,0,0,0,0,0,0,0,0,-32302,0,0,0,0,0,80612,0
80614,996,8062,408,58,-99,4,-2390,2,2,-1,0,36531,135,32,65,0,0,0,0,0,0,0,0,-32302,0,0,0,0,0,80617,0
80619,972,8080,388,61,-93,1,-2391,-3,-1,-1,0,36530,136,32,65,0,0,0,0,0,0,0,0,-32302,0,0,0,0,0,80622,0
80624,984,8080,376,61,-88,1,-2390,-3,-3,-2,0,36530,136,32,65,0,0,0,0,0,0,0,0,-32302,0,0,0,0,0,80627,0
80629,964,8038,376,66,-92,-5,-2390,3,3,-2,0,36530,134,32,65,0,0,0,0,0,0,0,0,-32302,0,0,0,0,0,80632,0
80634,952,8044,368,65,-91,0,-2392,-3,-7,-1,0,36530,134,32,65,0,0,0,0,0,0,0,0,-32302,0,0,0,0,0,80637,0
80639,960,8050,358,69,-88,-2,-2391,-6,3,-2,0,36530,129,32,65,0,0,0,0,0,0,0,0,-32302,0,0,0,0,0,80642,0
80644,920,8050,344,71,-85,-6,-2391,0,-2,-2,0,36530,129,32,65,0,0,0,0,0,0,0,0,-32302,0,0,0,0,0,80647,0
80649,930,8004,378,71,-80,-5,-2391,-3,-2,-2,0,36529,135,32,65,0,0,0,0,0,0,0,0,-32302,0,0,0,0,0,80652,0
80654,948,8016,390,65,-80,-4,-2392,-4,-2,-3,0,36529,135,32,65,0,0,0,0,0,0,0,0,-32302,0,0,0,0,0,80657,0
80659,962,8024,364,64,-82,-5,-2391,2,-1,-2,0,36528,145,32,65,0,0,0,0,0,0,0,0,-32302,0,0,0,0,0,80662,0
80664,940,8004,366,74,-76,-4,-2392,0,-3,-2,0,36528,145,32,65,0,0,0,0,0,0,0,0,-32302,0,0,0,0,0,80667,0
80669,936,8048,416,66,-73,-1,-2392,-2,-4,-2,0,36528,139,32,65,0,0,0,0,0,0,0,0,-32302,0,0,0,0,0,80672,0
80674,954,7996,366,68,-73,-11,-2391,-4,1,-2,0,36528,139,32,65,0,0,0,0,0,0,0,0,-32302,0,0,0,0,0,80677,0
80679,928,7998,330,73,-72,-6,-2390,1,-1,0,0,36527,126,32,65,0,0,0,0,0,0,0,0,-32302,0,0,0,0,0,80682,0
80684,932,8008,342,72,-61,-6,-2390,4,3,-1,0,36527,126,32,65,0,0,0,0,0,0,0,0,-32302,0,0,0,0,0,80687,0
80689,902,8046,322,70,-61,0,-2392,-2,-5,-3,0,36528,121,32,65,0,0,0,0,0,0,0,0,-32302,0,0,0,0,0,80692,0
80694,914,8024,336,68,-58,1,-2390,0,2,-1,0,36528,121,32,65,0,0,0,0,0,0,0,0,-32302,0,0,0,0,0,80697,0
80699,908,8042,324,63,-54,-1,-2391,6,-3,-3,0,36531,120,32,65,0,0,0,0,0,0,0,0,-32302,0,0,0,0,0,80702,0
80704,918,8050,336,64,-49,2,-2392,-3,-2,-2,0,36531,120,32,65,0,0,0,0,0,0,0,0,-32302,0,0,0,0,0,80707,0
80709,920,8062,330,66,-37,3,-2392,-4,-2,-3,0,36530,121,32,65,0,0,0,0,0,0,0,0,-32302,0,0,0,0,0,80712,0
80714,898,8058,334,66,-41,6,-2390,0,2,-3,0,36530,121,32,65,0,0,0,0,0,0,0,0,-32302,0,0,0,0,0,80717,0
80719,920,8052,330,65,-38,4,-2391,-4,1,-3,0,36530,122,32,65,0,0,0,0,0,0,0,0,-32302,0,0,0,0,0,80722,0
80724,874,8094,340,66,-26,8,-2390,-2,3,-3,0,36530,122,32,65,0,0,0,0,0,0,0,0,-32302,0,0,0,0,0,80727,0
80729,870,8092,384,70,-28,5,-2391,-6,-3,-3,0,36527,125,32,65,0,0,0,0,0,0,0,0,-32302,0,0,0,0,0,80732,0
80734,884,8098,346,66,-23,11,-2391,-4,-5,-2,0,36527,125,32,65,0,0,0,0,0,0,0,0,-32302,0,0,0,0,0,80737,0
80739,886,8096,394,62,-27,10,-2392,-6,-2,-1,0,36528,132,32,65,0,0,0,0,0,0,0,0,-32302,0,0,0,0,0,80742,0
80744,896,8084,404,71,-20,8,-2392,-3,-3,-2,0,36528,132,32,65,0,0,0,0,0,0,0,0,-32302,0,0,0,0,0,80747,0
80749,872,8084,422,73,-21,14,-2390,4,3,-2,0,36528,129,32,65,0,0,0,0,0,0,0,0,-32302,0,0,0,0,0,80752,0
80754,890,8082,398,70,-22,16,-2390,2,3,-2,0,36528,129,32,65,0,0,0,0,0,0,0,0,-32303,0,0,0,0,0,80757,0
80759,878,8088,428,70,-23,11,-2392,-3,-3,-4,0,36531,132,32,65,0,0,0,0,0,0,0,0,-32302,0,0,0,0,0,80762,0
80764,888,8072,436,74,-24,15,-2391,-5,-1,-3,0,36531,132,32,65,0,0,0,0,0,0,0,0,-32302,0,0,0,0,0,80767,0
80769,874,8070,438,78,-25,15,-2391,1,-1,-2,0,36533,130,32,65,0,0,0,0,0,0,0,0,-32302,0,0,0,0,0,80772,0
80774,884,8050,436,77,-18,15,-2392,-1,-2,-2,0,36533,130,32,65,0,0,0,0,0,0,0,0,-32302,0,0,0,0,0,80777,0
80779,856,8062,458,87,-23,14,-2391,0,3,-1,0,36534,128,32,65,0,0,0,0,0,0,0,0,-32302,0,0,0,0,0,80782,0
80784,876,8038,452,87,-25,17,-2391,0,0,-3,0,36534,128,32,65,0,0,0,0,0,0,0,0,-32302,0,0,0,0,0,80787,0
80789,888,8064,448,87,-32,15,-2390,0,5,-3,0,36532,127,32,65,0,0,0,0,0,0,0,0,-32302,0,0,0,0,0,80792,0
80794,872,8038,436,90,-36,21,-2391,6,2,-1,0,36532,127,32,65,0,0,0,0,0,0,0,0,-32302,0,0,0,0,0,80797,0
80799,900,8062,424,93,-28,22,-2392,-3,-5,-1,0,36533,132,32,65,0,0,0,0,0,0,0,0,-32302,0,0,0,0,0,80802,0
80804,894,8062,446,93,-34,16,-2392,-5,-2,-2,0,36533,132,32,65,0,0,0,0,0,0,0,0,-32302,0,0,0,0,0,80807,0
80809,878,8060,438,99,-41,17,-2391,-7,1,-1,0,36535,147,32,65,0,0,0,0,0,0,0,0,-32302,0,0,0,0,0,80812,0
80814,898,8072,414,100,-44,16,-2391,-7,-1,-1,0,36535,147,32,65,0,0,0,0,0,0,0,0,-32302,0,0,0,0,0,80817,0
80819,910,8078,388,107,-45,19,-2391,2,-1,-2,0,36533,149,32,65,0,0,0,0,0,0,0,0,-32302,0,0,0,0,0,80822,0
80824,954,8090,422,105,-49,17,-2392,-1,-7,-3,0,36533,149,32,65,0,0,0,0,0,0,0,0,-32302,0,0,0,0,0,80827,0
80829,910,8050,428,104,-55,20,-2390,4,4,-2,0,36532,148,32,65,0,0,0,0,0,0,0,0,-32302,0,0,0,0,0,80832,0
80834,870,8066,400,112,-54,14,-2390,-1,3,-2,0,36532,148,32,65,0,0,0,0,0,0,0,0,-32302,0,0,0,0,0,80837,0
80839,902,8078,372,104,-61,19,-2391,-6,-1,-3,0,36529,143,32,65,0,0,0,0,0,0,0,0,-32302,0,0,0,0,0,80842,0
80844,872,8070,386,106,-60,16,-2391,-5,-2,-3,0,36529,143,32,65,0,0,0,0,0,0,0,0,-32302,0,0,0,0,0,80847,0
80849,896,8058,362,111,-60,18,-2391,0,-2,-2,0,36531,139,32,65,0,0,0,0,0,0,0,0,-32302,0,0,0,0,0,80852,0
80854,876,8104,352,108,-64,17,-2391,6,-3,-2,0,36531,139,32,65,0,0,0,0,0,0,0,0,-32302,0,0,0,0,0,80857,0
80859,860,8070,356,115,-62,15,-2391,-3,2,-3,0,36529,132,32,65,0,0,0,0,0,0,0,0,-32302,0,0,0,0,0,80862,0
80864,912,8068,354,115,-71,15,-2392,0,-2,-1,0,36529,132,32,65,0,0,0,0,0,0,0,0,-32303,0,0,0,0,0,80867,0
80869,872,8084,350,115,-69,20,-2392,4,-2,-2,0,36527,132,32,65,0,0,0,0,0,0,0,0,-32302,0,0,0,0,0,80872,0
80874,902,8068,294,112,-64,18,-2392,-1,-3,-2,0,36527,132,32,65,0,0,0,0,0,0,0,0,-32302,0,0,0,0,0,80877,0
80879,882,8048,316,111,-72,14,-2390,0,5,-2,0,36526,139,32,65,0,0,0,0,0,0,0,0,-32302,0,0,0,0,0,80882,0
80884,896,8078,324,114,-72,17,-2391,-1,0,-3,0,36526,139,32,65,0,0,0,0,0,0,0,0,-32302,0,0,0,0,0,80887,0
80889,906,8148,318,111,-72,22,-2390,8,-1,-2,0,36526,137,32,65,0,0,0,0,0,0,0,0,-32302,0,0,0,0,0,80892,0
80894,860,8088,282,118,-74,16,-2392,-6,-6,-2,0,36526,137,32,65,0,0,0,0,0,0,0,0,-32302,0,0,0,0,0,80897,0
80899,876,8058,320,117,-76,15,-2391,2,5,-1,0,36527,132,32,65,0,0,0,0,0,0,0,0,-32302,0,0,0,0,0,80902,0
80904,880,8082,312,108,-76,19,-2390,4,-1,-4,0,36527,132,32,65,0,0,0,0,0,0,0,0,-32302,0,0,0,0,0,80907,0
80909,878,8026,284,109,-77,14,-2391,1,2,-1,0,36533,141,32,65,0,0,0,0,0,0,0,0,-32302,0,0,0,0,0,80912,0
80914,882,8066,316,107,-79,20,-2392,0,2,-2,0,36533,141,32,65,0,0,0,0,0,0,0,0,-32302,0,0,0,0,0,80917,0
80919,896,8066,330,110,-78,24,-2390,0,-1,-2,0,36534,147,32,65,0,0,0,0,0,0,0,0,-32302,0,0,0,0,0,80922,0
80924,896,8060,338,110,-75,12,-2392,-3,-1,-3,0,36534,147,32,65,0,0,0,0,0,0,0,0,-32302,0,0,0,0,0,80927,0
80929,884,8018,308,106,-79,22,-2391,-1,3,-2,0,36533,144,32,65,0,0,0,0,0,0,0,0,-32302,0,0,0,0,0,80932,0
80934,890,8044,336,113,-80,21,-2392,-2,-3,-1,0,36533,144,32,65,0,0,0,0,0,0,0,0,-32302,0,0,0,0,0,80937,0
80939,888,8040,328,109,-75,21,-2390,-5,2,-3,0,36528,134,32,65,0,0,0,0,0,0,0,0,-32302,0,0,0,0,0,80942,0
80944,902,8030,340,112,-79,21,-2391,-2,1,-1,0,36528,134,32,65,0,0,0,0,0,0,0,0,-32302,0,0,0,0,0,80947,0
80949,898,8040,344,113,-87,19,-2390,3,0,-2,0,36528,129,32,65,0,0,0,0,0,0,0,0,-32302,0,0,0,0,0,80952,0
80954,926,8034,346,117,-80,24,-2391,-2,-3,0,0,36528,129,32,65,0,0,0,0,0,0,0,0,-32302,0,0,0,0,0,80957,0
80959,926,8046,356,112,-86,21,-2390,0,1,-1,0,36524,134,32,65,0,0,0,0,0,0,0,0,-32302,0,0,0,0,0,80963,0
80964,956,8022,332,116,-81,24,-2391,4,1,-1,0,36524,134,32,65,0,0,0,0,0,0,0,0,-32302,0,0,0,0,0,80967,0
80969,940,8048,324,120,-76,19,-2390,5,-1,-2,0,36520,137,32,65,0,0,0,0,0,0,0,0,-32302,0,0,0,0,0,80972,0
80974,940,8086,334,113,-78,18,-2391,-1,-1,-2,0,36520,137,32,65,0,0,0,0,0,0,0,0,-32302,0,0,0,0,0,80977,0
80979,972,8098,346,115,-74,18,-2391,-5,-3,-1,0,36519,139,32,65,0,0,0,0,0,0,0,0,-32302,0,0,0,0,0,80982,0
80984,956,8102,324,112,-77,10,-2390,0,-1,-1,0,36519,139,32,65,0,0,0,0,0,0,0,0,-32303,0,0,0,0,0,80987,0
80989,950,8130,332,118,-70,12,-2391,-1,1,-2,0,36523,139,32,65,0,0,0,0,0,0,0,0,-32302,0,0,0,0,0,80992,0
80994,962,8120,320,117,-70,12,-2392,-5,-4,-3,0,36523,139,32,65,0,0,0,0,0,0,0,0,-32302,0,0,0,0,0,80997,0
80999,964,8130,316,121,-64,6,-2391,1,2,-2,0,36530,130,32,65,0,0,0,0,0,0,0,0,-32302,0,0,0,0,0,81002,0
81004,938,8126,316,118,-58,9,-2390,2,-1,0,0,36530,130,32,65,0,0,0,0,0,0,0,0,-32302,0,0,0,0,0,81007,0
81009,942,8148,330,123,-56,4,-2390,-1,3,-1,0,36535,127,32,65,0,0,0,0,0,0,0,0,-32302,0,0,0,0,0,81012,0
81014,958,8122,316,114,-53,1,-2391,-1,1,0,0,36535,127,32,65,0,0,0,0,0,0,0,0,-32302,0,0,0,0,0,81017,0
81019,972,8114,310,123,-47,1,-2390,1,-2,0,0,36532,124,32,65,0,0,0,0,0,0,0,0,-32302,0,0,0,0,0,81022,0
81024,950,8092,298,119,-44,-1,-2390,6,2,-2,0,36532,124,32,65,0,0,0,0,0,0,0,0,-32302,0,0,0,0,0,81027,0
81029,944,8094,296,122,-38,-1,-2392,0,-1,-1,0,36530,123,32,65,0,0,0,0,0,0,0,0,-32302,0,0,0,0,0,81032,0
81034,952,8072,300,119,-36,0,-2391,4,1,-1,0,36530,123,32,65,0,0,0,0,0,0,0,0,-32302,0,0,0,0,0,81037,0
81039,936,8104,276,120,-31,0,-2391,3,-2,-1,0,36526,127,32,65,0,0,0,0,0,0,0,0,-32302,0,0,0,0,0,81042,0
81044,942,8094,270,124,-25,4,-2392,0,8,-1,0,36526,127,32,65,0,0,0,0,0,0,0,0,-32302,0,0,0,0,0,81047,0
81049,918,8046,254,116,-23,-1,-2392,-1,1,-3,0,36528,130,32,65,0,0,0,0,0,0,0,0,-32302,0,0,0,0,0,81052,0
81054,920,8052,270,113,-18,1,-2391,1,-3,-2,0,36528,130,32,65,0,0,0,0,0,0,0,0,-32302,0,0,0,0,0,81057,0
81059,900,8050,260,114,-13,-3,-2391,-1,2,-3,0,36528,134,32,65,0,0,0,0,0,0,0,0,-32302,0,0,0,0,0,81062,0
81064,906,8046,262,114,-11,-1,-2391,-2,3,-2,0,36528,134,32,65,0,0,0,0,0,0,0,0,-32302,0,0,0,0,0,81067,0
81069,896,8058,274,121,-4,4,-2390,-1,-4,-1,0,36529,131,32,65,0,0,0,0,0,0,0,0,-32302,0,0,0,0,0,81072,0
81074,876,8078,276,115,-8,4,-2392,-5,-1,-1,0,36529,131,32,65,0,0,0,0,0,0,0,0,-32302,0,0,0,0,0,81077,0
81079,880,8062,264,116,-6,1,-2391,-5,-3,-1,0,36528,128,32,65,0,0,0,0,0,0,0,0,-32302,0,0,0,0,0,81082,0
81084,870,8068,270,112,-3,2,-2391,3,1,-2,0,36528,128,32,65,0,0,0,0,0,0,0,0,-32302,0,0,0,0,0,81087,0
81089,868,8092,266,109,5,8,-2391,-5,4,-1,0,36527,124,32,65,0,0,0,0,0,0,0,0,-32302,0,0,0,0,0,81092,0
81094,862,8072,250,112,1,6,-2391,0,0,0,0,36527,124,32,65,0,0,0,0,0,0,0,0,-32302,0,0,0,0,0,81097,0
81099,864,8108,262,108,1,9,-2392,-5,3,-1,0,36528,133,32,65,0,0,0,0,0,0,0,0,-32302,0,0,0,0,0,81102,0
81104,838,8104,284,103,5,11,-2391,-1,0,-2,0,36528,133,32,65,0,0,0,0,0,0,0,0,-32302,0,0,0,0,0,81107,0
81109,856,8088,254,114,3,9,-2392,-4,-1,-3,0,36531,136,32,65,0,0,0,0,0,0,0,0,-32302,0,0,0,0,0,81112,0
81114,840,8088,286,104,7,13,-2390,5,7,-1,0,36531,136,32,65,0,0,0,0,0,0,0,0,-32302,0,0,0,0,0,81117,0
81119,878,8088,258,116,3,9,-2391,2,-1,-2,0,36531,133,32,65,0,0,0,0,0,0,0,0,-32302,0,0,0,0,0,81122,0
81124,852,8114,274,105,5,12,-2390,4,2,-2,0,36531,133,32,65,0,0,0,0,0,0,0,0,-32302,0,0,0,0,0,81127,0
81129,866,8108,276,103,4,12,-2391,-4,-3,-2,0,36531,135,32,65,0,0,0,0,0,0,0,0,-32302,0,0,0,0,0,81132,0
81134,868,8084,280,105,3,16,-2391,-5,-1,-2,0,36531,135,32,65,0,0,0,0,0,0,0,0,-32302,0,0,0,0,0,81137,0
81139,856,8088,314,110,5,17,-2391,1,-1,-3,0,36530,139,32,65,0,0,0,0,0,0,0,0,-32302,0,0,0,0,0,81142,0
81144,866,8064,282,112,6,19,-2391,-1,0,-2,0,36530,139,32,65,0,0,0,0,0,0,0,0,-32302,0,0,0,0,0,81147,0
81149,852,8086,282,113,8,20,-2390,0,-1,-3,0,36527,141,32,65,0,0,0,0,0,0,0,0,-32302,0,0,0,0,0,81152,0
81154,830,8082,294,109,5,15,-2391,-1,-1,-3,0,36527,141,32,65,0,0,0,0,0,0,0,0,-32303,0,0,0,0,0,81157,0
81159,858,8086,274,110,4,22,-2393,-9,2,-1,0,36537,142,32,65,0,0,0,0,0,0,0,0,-32302,0,0,0,0,0,81162,0
81164,844,8072,286,105,0,23,-2390,7,-4,-1,0,36537,142,32,65,0,0,0,0,0,0,0,0,-32302,0,0,0,0,0,81167,0
81169,864,8064,274,109,1,23,-2392,-5,2,-3,0,36542,139,32,65,0,0,0,0,0,0,0,0,-32302,0,0,0,0,0,81172,0
81174,860,8058,294,109,0,23,-2392,-1,2,-1,0,36542,139,32,65,0,0,0,0,0,0,0,0,-32301,0,0,0,0,0,81177,0
81179,836,8056,298,105,-6,23,-2392,-5,-5,-1,0,36542,138,32,65,0,0,0,0,0,0,0,0,-32302,0,0,0,0,0,81182,0
81184,864,8060,280,111,-4,28,-2390,12,6,-1,0,36542,138,32,65,0,0,0,0,0,0,0,0,-32302,0,0,0,0,0,81187,0
81189,882,8074,272,110,-9,21,-2390,7,0,-3,0,36533,130,32,65,0,0,0,0,0,0,0,0,-32302,0,0,0,0,0,81192,0
81194,856,8076,280,112,-8,24,-2391,-2,1,-4,0,36533,130,32,65,0,0,0,0,0,0,0,0,-32302,0,0,0,0,0,81197,0
81199,882,8080,274,116,-7,27,-2391,4,-3,-3,0,36526,120,32,65,0,0,0,0,0,0,0,0,-32302,0,0,0,0,0,81202,0
81204,894,8072,266,111,-12,26,-2391,1,-1,-2,0,36526,120,32,65,0,0,0,0,0,0,0,0,-32302,0,0,0,0,0,81207,0
81209,884,8072,266,107,-14,27,-2391,0,-2,-2,0,36527,126,32,65,0,0,0,0,0,0,0,0,-32302,0,0,0,0,0,81212,0
81214,908,8098,262,109,-15,24,-2391,3,-3,-2,0,36527,126,32,65,0,0,0,0,0,0,0,0,-32302,0,0,0,0,0,81217,0
81219,914,8084,250,112,-13,26,-2390,1,1,0,0,36529,135,32,65,0,0,0,0,0,0,0,0,-32302,0,0,0,0,0,81222,0
81224,896,8116,236,106,-17,22,-2391,7,0,0,0,36529,135,32,65,0,0,0,0,0,0,0,0,-32302,0,0,0,0,0,81227,0
81229,888,8098,236,108,-11,24,-2391,-4,0,-2,0,36530,136,32,65,0,0,0,0,0,0,0,0,-32302,0,0,0,0,0,81232,0
81234,914,8114,230,111,-13,24,-2391,-2,-6,-1,0,36530,136,32,65,0,0,0,0,0,0,0,0,-32302,0,0,0,0,0,81237,0
81239,900,8098,252,108,-16,25,-2392,-12,1,0,0,36532,135,32,65,0,0,0,0,0,0,0,0,-32302,0,0,0,0,0,81242,0
81244,892,8118,218,109,-16,22,-2391,0,5,-2,0,36532,135,32,65,0,0,0,0,0,0,0,0,-32302,0,0,0,0,0,81247,0
81249,900,8116,222,105,-11,24,-2390,3,-2,-3,0,36530,120,32,65,0,0,0,0,0,0,0,0,-32302,0,0,0,0,0,81252,0
81254,898,8120,232,104,-11,21,-2391,8,3,-2,0,36530,120,32,65,0,0,0,0,0,0,0,0,-32302,0,0,0,0,0,81257,0
81259,900,8122,240,106,-12,21,-2391,0,1,-3,0,36531,117,32,65,0,0,0,0,0,0,0,0,-32302,0,0,0,0,0,81262,0
81264,914,8104,228,100,-13,21,-2392,-3,0,-1,0,36531,117,32,65,0,0,0,0,0,0,0,0,-32302,0,0,0,0,0,81267,0
81269,926,8120,206,99,-8,21,-2391,-1,4,-2,0,36529,125,32,65,0,0,0,0,0,0,0,0,-32302,0,0,0,0,0,81272,0
81274,906,8124,214,98,-8,19,-2391,-1,-2,-3,0,36529,125,32,65,0,0,0,0,0,0,0,0,-32302,0,0,0,0,0,81277,0
81279,916,8088,224,102,-5,17,-2391,2,-1,-1,0,36529,136,32,65,0,0,0,0,0,0,0,0,-32302,0,0,0,0,0,81282,0
81284,896,8082,228,95,-6,19,-2390,4,-1,-2,0,36529,136,32,65,0,0,0,0,0,0,0,0,-32302,0,0,0,0,0,81287,0
81289,934,8084,228,96,-5,21,-2390,1,-3,-1,0,36528,143,32,65,0,0,0,0,0,0,0,0,-32302,0,0,0,0,0,81292,0
81294,906,8072,242,97,-4,15,-2391,-5,-1,-1,0,36528,143,32,65,0,0,0,0,0,0,0,0,-32302,0,0,0,0,0,81297,0
81299,930,8096,220,93,-5,21,-2392,3,2,-1,0,36529,146,32,65,0,0,0,0,0,0,0,0,-32302,0,0,0,0,0,81302,0
81304,902,8078,224,95,-1,19,-2392,-3,-4,-2,0,36529,146,32,65,0,0,0,0,0,0,0,0,-32302,0,0,0,0,0,81307,0
81309,914,8066,230,91,-3,16,-2390,-2,-3,-1,0,36529,141,32,65,0,0,0,0,0,0,0,0,-32302,0,0,0,0,0,81312,0
81314,902,8078,220,95,0,15,-2392,-5,1,0,0,36529,141,32,65,0,0,0,0,0,0,0,0,-32302,0,0,0,0,0,81317,0
81319,908,8058,266,93,-2,15,-2391,-1,4,-1,0,36529,144,32,65,0,0,0,0,0,0,0,0,-32302,0,0,0,0,0,81322,0
81324,900,8082,228,89,3,11,-2390,0,-7,0,0,36529,144,32,65,0,0,0,0,0,0,0,0,-32302,0,0,0,0,0,81327,0
81329,890,8070,228,89,2,15,-2391,1,3,-2,0,36530,146,32,65,0,0,0,0,0,0,0,0,-32302,0,0,0,0,0,81332,0
81334,902,8084,230,86,3,14,-2390,5,5,-1,0,36530,146,32,65,0,0,0,0,0,0,0,0,-32302,0,0,0,0,0,81337,0
81339,914,8128,228,84,4,15,-2390,14,0,-1,0,36530,139,32,65,0,0,0,0,0,0,0,0,-32303,0,0,0,0,0,81342,0
81344,912,8110,254,84,9,14,-2391,-5,-3,-2,0,36530,139,32,65,0,0,0,0,0,0,0,0,-32302,0,0,0,0,0,81347,0
81349,926,8116,250,88,5,9,-2389,12,-1,-2,0,36530,134,32,65,0,0,0,0,0,0,0,0,-32302,0,0,0,0,0,81352,0
81354,902,8102,242,82,10,17,-2392,1,2,-1,0,36530,134,32,65,0,0,0,0,0,0,0,0,-32302,0,0,0,0,0,81357,0
81359,910,8104,246,83,15,11,-2390,7,4,-1,0,36527,133,32,65,0,0,0,0,0,0,0,0,-32302,0,0,0,0,0,81362,0
81364,908,8084,242,89,20,8,-2391,-4,-8,0,0,36527,133,32,65,0,0,0,0,0,0,0,0,-32302,0,0,0,0,0,81367,0
81369,896,8112,232,88,20,12,-2392,-1,3,-1,0,36525,132,32,65,0,0,0,0,0,0,0,0,-32302,0,0,0,0,0,81372,0
81374,882,8104,250,88,18,11,-2390,3,-5,-2,0,36525,132,32,65,0,0,0,0,0,0,0,0,-32302,0,0,0,0,0,81377,0
81379,886,8082,228,85,20,9,-2391,0,-2,-2,0,36523,133,32,65,0,0,0,0,0,0,0,0,-32302,0,0,0,0,0,81382,0
81384,902,8076,240,81,26,14,-2391,3,-1,-1,0,36523,133,32,65,0,0,0,0,0,0,0,0,-32302,0,0,0,0,0,81387,0
81389,874,8090,234,83,28,11,-2390,1,0,-2,0,36526,129,32,65,0,0,0,0,0,0,0,0,-32302,0,0,0,0,0,81392,0
81394,892,8090,244,81,36,11,-2391,5,0,-2,0,36526,129,32,65,0,0,0,0,0,0,0,0,-32302,0,0,0,0,0,81397,0
81399,870,8094,218,86,31,6,-2391,-9,-2,-1,0,36529,132,32,65,0,0,0,0,0,0,0,0,-32302,0,0,0,0,0,81402,0
81404,880,8068,240,83,32,8,-2390,6,0,-3,0,36529,132,32,65,0,0,0,0,0,0,0,0,-32302,0,0,0,0,0,81407,0
81409,880,8078,250,84,35,14,-2390,0,-4,-3,0,36529,128,32,65,0,0,0,0,0,0,0,0,-32302,0,0,0,0,0,81412,0
81414,904,8066,206,82,39,14,-2390,0,3,-2,0,36529,128,32,65,0,0,0,0,0,0,0,0,-32302,0,0,0,0,0,81417,0
81419,912,8074,220,82,32,11,-2391,0,-3,-2,0,36527,125,32,65,0,0,0,0,0,0,0,0,-32302,0,0,0,0,0,81422,0
81424,892,8074,236,80,40,12,-2392,-4,-4,-2,0,36527,125,32,65,0,0,0,0,0,0,0,0,-32302,0,0,0,0,0,81427,0
81429,866,8074,216,82,43,10,-2391,0,0,-2,0,36527,128,32,65,0,0,0,0,0,0,0,0,-32302,0,0,0,0,0,81432,0
81434,886,8098,214,76,42,12,-2393,-7,-7,0,0,36527,128,32,65,0,0,0,0,0,0,0,0,-32303,0,0,0,0,0,81437,0
81439,928,8074,208,80,36,7,-2391,-6,0,0,0,36534,127,32,65,0,0,0,0,0,0,0,0,-32302,0,0,0,0,0,81442,0
81444,904,8090,214,78,41,7,-2391,0,-2,-2,0,36534,127,32,65,0,0,0,0,0,0,0,0,-32302,0,0,0,0,0,81447,0
81449,900,8088,212,79,40,8,-2391,0,-5,-3,0,36535,129,32,65,0,0,0,0,0,0,0,0,-32302,0,0,0,0,0,81452,0
81454,898,8114,214,76,34,9,-2390,-2,1,-1,0,36535,129,32,65,0,0,0,0,0,0,0,0,-32302,0,0,0,0,0,81457,0
81459,896,8084,216,71,40,5,-2391,-4,-1,-1,0,36536,139,32,65,0,0,0,0,0,0,0,0,-32302,0,0,0,0,0,81462,0
81464,880,8130,228,70,45,2,-2391,4,2,-2,0,36536,139,32,65,0,0,0,0,0,0,0,0,-32302,0,0,0,0,0,81467,0
81469,880,8136,192,70,39,6,-2389,9,2,-4,0,36534,138,32,65,0,0,0,0,0,0,0,0,-32302,0,0,0,0,0,81472,0
81474,870,8128,220,76,39,2,-2391,6,7,-3,0,36534,138,32,65,0,0,0,0,0,0,0,0,-32302,0,0,0,0,0,81477,0
81479,862,8106,204,65,36,2,-2391,-3,0,0,0,36535,136,32,65,0,0,0,0,0,0,0,0,-32302,0,0,0,0,0,81482,0
81484,854,8090,218,66,36,1,-2391,-5,4,-1,0,36535,136,32,65,0,0,0,0,0,0,0,0,-32302,0,0,0,0,0,81487,0
81489,856,8086,214,66,37,5,-2391,-6,-2,-3,0,36532,124,32,65,0,0,0,0,0,0,0,0,-32302,0,0,0,0,0,81492,0
81494,836,8094,226,63,35,9,-2391,-2,-4,-3,0,36532,124,32,65,0,0,0,0,0,0,0,0,-32302,0,0,0,0,0,81497,0
81499,836,8076,222,69,27,6,-2392,-6,-6,-2,0,36529,126,32,65,0,0,0,0,0,0,0,0,-32302,0,0,0,0,0,81503,0
81504,834,8070,228,62,22,7,-2390,0,0,-1,0,36529,126,32,65,0,0,0,0,0,0,0,0,-32302,0,0,0,0,0,81508,0
81509,818,8054,228,62,23,6,-2390,11,1,-1,0,36527,130,32,65,0,0,0,0,0,0,0,0,-32302,0,0,0,0,0,81513,0
81514,804,8082,236,62,17,7,-2390,6,-1,-2,0,36527,130,32,65,0,0,0,0,0,0,0,0,-32302,0,0,0,0,0,81518,0
81519,832,8082,228,62,23,9,-2391,2,1,-2,0,36528,131,32,65,0,0,0,0,0,0,0,0,-32302,0,0,0,0,0,81523,0
81524,820,8088,254,56,13,11,-2391,-3,3,-2,0,36528,131,32,65,0,0,0,0,0,0,0,0,-32302,0,0,0,0,0,81528,0
81529,794,8074,214,56,8,9,-2392,-5,-2,-5,0,36527,129,32,65,0,0,0,0,0,0,0,0,-32302,0,0,0,0,0,81533,0
81534,816,8084,226,59,12,12,-2391,0,-2,-3,0,36527,129,32,65,0,0,0,0,0,0,0,0,-32302,0,0,0,0,0,81538,0
81539,798,8078,246,56,7,14,-2392,-6,-1,0,0,36529,135,32,65,0,0,0,0,0,0,0,0,-32302,0,0,0,0,0,81543,0
81544,810,8102,244,54,-7,19,-2391,0,-3,-2,0,36529,135,32,65,0,0,0,0,0,0,0,0,-32302,0,0,0,0,0,81548,0
81549,820,8102,240,59,-3,14,-2390,-4,4,-3,0,36531,140,32,65,0,0,0,0,0,0,0,0,-32302,0,0,0,0,0,81553,0
81554,798,8132,234,54,-4,15,-2391,2,2,-2,0,36531,140,32,65,0,0,0,0,0,0,0,0,-32302,0,0,0,0,0,81558,0
81559,802,8086,240,53,-9,23,-2391,-1,-4,-2,0,36531,137,32,65,0,0,0,0,0,0,0,0,-32302,0,0,0,0,0,81563,0
81564,822,8126,238,62,-18,15,-2392,-4,-4,0,0,36531,137,32,65,0,0,0,0,0,0,0,0,-32302,0,0,0,0,0,81568,0
81569,824,8120,266,53,-14,24,-2392,0,-5,-3,0,36532,131,32,65,0,0,0,0,0,0,0,0,-32302,0,0,0,0,0,81573,0
81574,794,8122,264,57,-15,20,-2390,7,2,-2,0,36532,131,32,65,0,0,0,0,0,0,0,0,-32302,0,0,0,0,0,81578,0
81579,806,8094,264,50,-18,23,-2392,2,-4,-1,0,36530,138,32,65,0,0,0,0,0,0,0,0,-32302,0,0,0,0,0,81583,0
81584,816,8122,258,52,-24,25,-2391,6,1,-2,0,36530,138,32,65,0,0,0,0,0,0,0,0,-32302,0,0,0,0,0,81588,0
81589,824,8114,252,53,-23,29,-2391,0,2,-1,0,36528,142,32,65,0,0,0,0,0,0,0,0,-32302,0,0,0,0,0,81593,0
81594,812,8106,234,46,-26,30,-2391,1,4,-1,0,36528,142,32,65,0,0,0,0,0,0,0,0,-32302,0,0,0,0,0,81598,0
81599,792,8086,268,52,-26,28,-2390,-1,3,-2,0,36529,140,32,65,0,0,0,0,0,0,0,0,-32303,0,0,0,0,0,81603,0
81604,826,8102,252,50,-29,27,-2391,1,-3,-2,0,36529,140,32,65,0,0,0,0,0,0,0,0,-32302,0,0,0,0,0,81608,0
81609,826,8084,250,57,-34,31,-2390,-3,-3,-4,0,36529,138,32,65,0,0,0,0,0,0,0,0,-32302,0,0,0,0,0,81613,0
81614,822,8076,232,50,-27,30,-2390,5,7,-3,0,36529,138,32,65,0,0,0,0,0,0,0,0,-32302,0,0,0,0,0,81618,0
81619,832,8074,254,45,-30,31,-2392,-3,-3,-3,0,36531,138,32,65,0,0,0,0,0,0,0,0,-32302,0,0,0,0,0,81623,0
81624,848,8070,256,49,-38,36,-2391,-3,0,-1,0,36531,138,32,65,0,0,0,0,0,0,0,0,-32302,0,0,0,0,0,81628,0
81629,844,8086,218,46,-38,36,-2391,2,1,-2,0,36529,140,32,65,0,0,0,0,0,0,0,0,-32302,0,0,0,0,0,81633,0
81634,826,8096,246,45,-36,34,-2390,11,3,-1,0,36529,140,32,65,0,0,0,0,0,0,0,0,-32302,0,0,0,0,0,81638,0
81639,852,8114,248,46,-36,31,-2390,0,2,-4,0,36528,132,32,65,0,0,0,0,0,0,0,0,-32302,0,0,0,0,0,81643,0
81644,850,8084,226,41,-39,36,-2391,-2,4,-3,0,36528,132,32,65,0,0,0,0,0,0,0,0,-32302,0,0,0,0,0,81648,0
81649,862,8088,258,42,-44,41,-2390,-1,3,-4,0,36531,134,32,65,0,0,0,0,0,0,0,0,-32302,0,0,0,0,0,81653,0
81654,838,8148,238,50,-44,40,-2392,-1,-4,-1,0,36531,134,32,65,0,0,0,0,0,0,0,0,-32303,0,0,0,0,0,81658,0
81659,926,8156,278,38,-43,37,-2391,0,-2,-2,0,36530,139,32,65,0,0,0,0,0,0,0,0,-32302,0,0,0,0,0,81663,0
81664,868,8084,294,38,-44,33,-2390,7,4,-2,0,36530,139,32,65,0,0,0,0,0,0,0,0,-32302,0,0,0,0,0,81668,0
81669,880,8094,268,47,-46,33,-2390,0,4,-4,0,36530,145,32,65,0,0,0,0,0,0,0,0,-32302,0,0,0,0,0,81673,0
81674,900,8062,208,41,-40,34,-2391,-2,1,-2,0,36530,145,32,65,0,0,0,0,0,0,0,0,-32302,0,0,0,0,0,81678,0
81679,876,8072,272,38,-41,37,-2392,-8,-6,-1,0,36524,143,32,65,0,0,0,0,0,0,0,0,-32302,0,0,0,0,0,81683,0
81684,880,8078,250,36,-45,30,-2390,0,0,-2,0,36524,143,32,65,0,0,0,0,0,0,0,0,-32302,0,0,0,0,0,81688,0
81689,888,8070,240,43,-48,32,-2391,-1,-1,-2,0,36526,137,32,65,0,0,0,0,0,0,0,0,-32302,0,0,0,0,0,81693,0
81694,892,8068,254,43,-45,31,-2392,0,-6,-3,0,36526,137,32,65,0,0,0,0,0,0,0,0,-32302,0,0,0,0,0,81698,0
81699,882,8082,268,42,-42,34,-2391,0,-1,-2,0,36529,130,32,65,0,0,0,0,0,0,0,0,-32302,0,0,0,0,0,81703,0
81704,896,8098,268,45,-46,32,-2391,-5,3,-2,0,36529,130,32,65,0,0,0,0,0,0,0,0,-32303,0,0,0,0,0,81708,0
81709,900,8086,250,42,-45,36,-2391,3,0,-2,0,36531,125,32,65,0,0,0,0,0,0,0,0,-32302,0,0,0,0,0,81713,0
81714,894,8072,244,39,-43,30,-2391,-2,-5,-2,0,36531,125,32,65,0,0,0,0,0,0,0,0,-32302,0,0,0,0,0,81718,0
81719,866,8044,272,40,-39,31,-2392,-5,0,-2,0,36528,131,32,65,0,0,0,0,0,0,0,0,-32302,0,0,0,0,0,81723,0
81724,882,8074,264,44,-40,31,-2391,-3,-3,-1,0,36528,131,32,65,0,0,0,0,0,0,0,0,-32302,0,0,0,0,0,81728,0
81729,874,8080,246,39,-43,29,-2392,-1,-3,-2,0,36526,131,32,65,0,0,0,0,0,0,0,0,-32302,0,0,0,0,0,81733,0
81734,868,8100,260,37,-40,30,-2391,-1,-2,-1,0,36526,131,32,65,0,0,0,0,0,0,0,0,-32302,0,0,0,0,0,81738,0
81739,878,8090,260,42,-43,27,-2391,-2,-1,-1,0,36525,139,32,65,0,0,0,0,0,0,0,0,-32302,0,0,0,0,0,81743,0
81744,870,8094,264,41,-37,30,-2391,-2,1,0,0,36525,139,32,65,0,0,0,0,0,0,0,0,-32302,0,0,0,0,0,81748,0
81749,850,8084,272,35,-40,29,-2390,2,4,-2,0,36525,139,32,65,0,0,0,0,0,0,0,0,-32302,0,0,0,0,0,81753,0
81754,854,8094,258,33,-42,30,-2392,-4,-5,-3,0,36525,139,32,65,0,0,0,0,0,0,0,0,-32302,0,0,0,0,0,81758,0
81759,858,8086,286,35,-41,32,-2391,1,-2,-4,0,36529,132,32,65,0,0,0,0,0,0,0,0,-32302,0,0,0,0,0,81763,0
81764,860,8104,272,36,-36,32,-2390,7,0,-1,0,36529,132,32,65,0,0,0,0,0,0,0,0,-32302,0,0,0,0,0,81768,0
81769,860,8074,270,43,-36,34,-2390,3,3,-2,0,36528,134,32,65,0,0,0,0,0,0,0,0,-32302,0,0,0,0,0,81773,0
81774,868,8090,290,38,-32,30,-2391,0,2,-3,0,36528,134,32,65,0,0,0,0,0,0,0,0,-32302,0,0,0,0,0,81778,0
81779,860,8096,284,35,-31,37,-2390,-4,2,-1,0,36528,135,32,65,0,0,0,0,0,0,0,0,-32302,0,0,0,0,0,81783,0
81784,856,8062,292,33,-34,36,-2393,-7,-5,-2,0,36528,135,32,65,0,0,0,0,0,0,0,0,-32302,0,0,0,0,0,81788,0
81789,850,8102,264,37,-30,31,-2390,-3,1,-2,0,36522,135,32,65,0,0,0,0,0,0,0,0,-32303,0,0,0,0,0,81793,0
81794,872,8092,274,38,-32,37,-2391,0,-2,-2,0,36522,135,32,65,0,0,0,0,0,0,0,0,-32302,0,0,0,0,0,81798,0
81799,868,8092,264,37,-28,33,-2391,0,-2,-1,0,36522,142,32,65,0,0,0,0,0,0,0,0,-32302,0,0,0,0,0,81803,0
81804,856,8094,276,42,-25,34,-2391,0,-1,-1,0,36522,142,32,65,0,0,0,0,0,0,0,0,-32303,0,0,0,0,0,81808,0
81809,866,8088,298,35,-26,34,-2391,-1,-2,-3,0,36523,142,32,65,0,0,0,0,0,0,0,0,-32302,0,0,0,0,0,81813,0
81814,858,8062,288,41,-29,34,-2391,3,0,-3,0,36523,142,32,65,0,0,0,0,0,0,0,0,-32302,0,0,0,0,0,81818,0
81819,834,8060,306,40,-25,37,-2391,-1,2,-3,0,36524,138,32,65,0,0,0,0,0,0,0,0,-32302,0,0,0,0,0,81823,0
81824,882,8088,294,40,-26,33,-2391,1,1,-3,0,36524,138,32,65,0,0,0,0,0,0,0,0,-32302,0,0,0,0,0,81828,0
81829,852,8064,300,40,-25,45,-2392,-3,-4,-2,0,36526,134,32,65,0,0,0,0,0,0,0,0,-32302,0,0,0,0,0,81833,0
81834,872,8070,304,38,-22,37,-2391,-3,-1,-1,0,36526,134,32,65,0,0,0,0,0,0,0,0,-32302,0,0,0,0,0,81838,0
81839,862,8084,294,38,-24,41,-2391,0,0,-4,0,36528,126,32,65,0,0,0,0,0,0,0,0,-32302,0,0,0,0,0,81843,0
81844,882,8068,324,39,-22,39,-2392,-5,-4,-2,0,36528,126,32,65,0,0,0,0,0,0,0,0,-32301,0,0,0,0,0,81848,0
81849,886,8082,280,42,-26,41,-2390,0,-1,-3,0,36528,129,32,65,0,0,0,0,0,0,0,0,-32302,0,0,0,0,0,81853,0
81854,892,8072,288,38,-27,44,-2391,-1,0,-4,0,36528,129,32,65,0,0,0,0,0,0,0,0,-32302,0,0,0,0,0,81858,0
81859,884,8106,292,41,-25,39,-2390,6,-3,-2,0,36527,127,32,65,0,0,0,0,0,0,0,0,-32302,0,0,0,0,0,81863,0
81864,880,8104,312,43,-19,40,-2391,-3,1,0,0,36527,127,32,65,0,0,0,0,0,0,0,0,-32302,0,0,0,0,0,81868,0
81869,882,8096,312,44,-18,38,-2392,-5,-1,-1,0,36527,137,32,65,0,0,0,0,0,0,0,0,-32302,0,0,0,0,0,81873,0
81874,876,8090,298,42,-17,39,-2391,-6,-2,-3,0,36527,137,32,65,0,0,0,0,0,0,0,0,-32302,0,0,0,0,0,81878,0
81879,892,8094,282,42,-19,36,-2392,-7,-5,-3,0,36527,138,32,65,0,0,0,0,0,0,0,0,-32302,0,0,0,0,0,81883,0
81884,908,8168,296,38,-23,41,-2391,-2,0,-2,0,36527,138,32,65,0,0,0,0,0,0,0,0,-32302,0,0,0,0,0,81888,0
81889,836,8128,252,42,-23,37,-2391,-4,-1,-2,0,36528,137,32,65,0,0,0,0,0,0,0,0,-32302,0,0,0,0,0,81893,0
81894,856,8060,284,42,-17,34,-2390,5,-1,-3,0,36528,137,32,65,0,0,0,0,0,0,0,0,-32302,0,0,0,0,0,81898,0
81899,840,8120,304,37,-16,36,-2391,-9,-2,-1,0,36527,126,32,65,0,0,0,0,0,0,0,0,-32302,0,0,0,0,0,81903,0
81904,840,8044,240,40,-15,36,-2390,1,2,-3,0,36527,126,32,65,0,0,0,0,0,0,0,0,-32302,0,0,0,0,0,81908,0
81909,866,8096,282,38,-16,40,-2391,-3,-4,-1,0,36527,125,32,65,0,0,0,0,0,0,0,0,-32302,0,0,0,0,0,81913,0
81914,842,8106,294,38,-14,35,-2391,-4,0,0,0,36527,125,32,65,0,0,0,0,0,0,0,0,-32302,0,0,0,0,0,81918,0
81919,886,8108,288,39,-15,39,-2391,-1,-3,-2,0,36530,129,32,65,0,0,0,0,0,0,0,0,-32302,0,0,0,0,0,81923,0
81924,830,8060,238,44,-23,37,-2391,2,3,-2,0,36530,129,32,65,0,0,0,0,0,0,0,0,-32302,0,0,0,0,0,81928,0
81929,836,8022,286,41,-13,36,-2390,16,3,-2,0,36530,135,32,65,0,0,0,0,0,0,0,0,-32302,0,0,0,0,0,81933,0
81934,868,8110,352,35,-17,41,-2391,0,-2,0,0,36530,135,32,65,0,0,0,0,0,0,0,0,-32302,0,0,0,0,0,81938,0
81939,922,8062,322,38,-23,35,-2390,1,-2,-1,0,36533,135,32,65,0,0,0,0,0,0,0,0,-32302,0,0,0,0,0,81943,0
81944,904,8070,294,38,-26,39,-2391,-1,-3,-2,0,36533,135,32,65,0,0,0,0,0,0,0,0,-32302,0,0,0,0,0,81948,0
81949,882,8046,312,40,-22,36,-2391,0,3,-2,0,36534,129,32,65,0,0,0,0,0,0,0,0,-32302,0,0,0,0,0,81953,0
81954,908,8068,310,44,-20,32,-2390,2,-6,-1,0,36534,129,32,65,0,0,0,0,0,0,0,0,-32302,0,0,0,0,0,81958,0
81959,912,8072,314,37,-20,38,-2391,0,-4,-2,0,36533,136,32,65,0,0,0,0,0,0,0,0,-32302,0,0,0,0,0,81963,0
81964,896,8052,304,40,-28,33,-2389,1,-2,-3,0,36533,136,32,65,0,0,0,0,0,0,0,0,-32302,0,0,0,0,0,81968,0
81969,906,8090,328,41,-21,34,-2391,4,0,-4,0,36528,139,32,65,0,0,0,0,0,0,0,0,-32302,0,0,0,0,0,81973,0
81974,882,8044,318,40,-21,34,-2391,1,2,0,0,36528,139,32,65,0,0,0,0,0,0,0,0,-32302,0,0,0,0,0,81978,0
81979,910,8024,282,45,-22,33,-2391,-2,-4,1,0,36527,142,32,65,0,0,0,0,0,0,0,0,-32302,0,0,0,0,0,81983,0
81984,968,8134,334,43,-19,33,-2391,-1,2,-2,0,36527,142,32,65,0,0,0,0,0,0,0,0,-32302,0,0,0,0,0,81988,0
81989,926,8058,324,43,-20,32,-2391,0,1,-2,0,36527,133,32,65,0,0,0,0,0,0,0,0,-32302,0,0,0,0,0,81993,0
81994,906,8066,322,48,-22,33,-2391,-3,-1,-2,0,36527,133,32,65,0,0,0,0,0,0,0,0,-32302,0,0,0,0,0,81998,0
81999,910,8092,288,49,-19,30,-2391,3,1,-1,0,36530,133,32,65,0,0,0,0,0,0,0,0,-32302,0,0,0,0,0,82003,0
82004,914,8098,346,46,-15,30,-2391,-1,2,-3,0,36530,133,32,65,0,0,0,0,0,0,0,0,-32302,0,0,0,0,0,82008,0
82009,894,8056,338,44,-16,32,-2390,-1,-1,-2,0,36529,124,32,65,0,0,0,0,0,0,0,0,-32302,0,0,0,0,0,82013,0
82014,880,8048,322,48,-11,32,-2392,-3,2,-1,0,36529,124,32,65,0,0,0,0,0,0,0,0,-32302,0,0,0,0,0,82018,0
82019,878,8072,330,50,-14,37,-2391,3,3,-2,0,36527,122,32,65,0,0,0,0,0,0,0,0,-32302,0,0,0,0,0,82023,0
82024,908,8070,330,51,-11,31,-2390,8,0,-2,0,36527,122,32,65,0,0,0,0,0,0,0,0,-32302,0,0,0,0,0,82028,0
82029,908,8068,332,53,-3,27,-2392,0,5,-3,0,36527,128,32,65,0,0,0,0,0,0,0,0,-32302,0,0,0,0,0,82033,0
82034,900,8068,330,50,-5,28,-2390,2,0,-2,0,36527,128,32,65,0,0,0,0,0,0,0,0,-32302,0,0,0,0,0,82038,0
82039,874,8038,340,48,-4,30,-2391,5,3,-2,0,36529,130,32,65,0,0,0,0,0,0,0,0,-32302,0,0,0,0,0,82043,0
82044,902,8046,342,50,-2,30,-2391,-2,3,-2,0,36529,130,32,65,0,0,0,0,0,0,0,0,-32302,0,0,0,0,0,82048,0
82049,900,8068,322,51,1,26,-2390,3,-5,-3,0,36529,130,32,65,0,0,0,0,0,0,0,0,-32303,0,0,0,0,0,82053,0
82054,896,8058,310,53,2,30,-2391,1,0,-3,0,36529,130,32,65,0,0,0,0,0,0,0,0,-32303,0,0,0,0,0,82058,0
82059,888,8068,302,56,4,27,-2391,1,-1,-4,0,36531,131,32,65,0,0,0,0,0,0,0,0,-32302,0,0,0,0,0,82063,0
82064,892,8066,332,57,7,30,-2392,0,-2,-1,0,36531,131,32,65,0,0,0,0,0,0,0,0,-32302,0,0,0,0,0,82068,0
82069,878,8100,324,54,5,31,-2391,1,-2,-2,0,36532,135,32,65,0,0,0,0,0,0,0,0,-32302,0,0,0,0,0,82073,0
82074,870,8074,328,57,9,32,-2390,4,1,-4,0,36532,135,32,65,0,0,0,0,0,0,0,0,-32302,0,0,0,0,0,82078,0
82079,866,8096,320,57,7,32,-2390,-4,0,-2,0,36534,143,32,65,0,0,0,0,0,0,0,0,-32302,0,0,0,0,0,82083,0
82084,880,8056,318,57,9,30,-2391,5,-2,-1,0,36534,143,32,65,0,0,0,0,0,0,0,0,-32302,0,0,0,0,0,82088,0
82089,850,8086,330,57,6,33,-2390,2,-2,-2,0,36533,140,32,65,0,0,0,0,0,0,0,0,-32302,0,0,0,0,0,82093,0
82094,864,8088,336,60,6,33,-2390,2,-2,-2,0,36533,140,32,65,0,0,0,0,0,0,0,0,-32302,0,0,0,0,0,82098,0
82099,896,8102,298,57,6,37,-2392,-10,-2,-2,0,36533,145,32,65,0,0,0,0,0,0,0,0,-32302,0,0,0,0,0,82103,0
82104,868,8080,330,55,-2,32,-2391,-1,3,-1,0,36533,145,32,65,0,0,0,0,0,0,0,0,-32302,0,0,0,0,0,82108,0
82109,872,8096,318,58,-1,34,-2390,0,-6,-2,0,36530,136,32,65,0,0,0,0,0,0,0,0,-32302,0,0,0,0,0,82113,0
82114,860,8098,320,58,0,34,-2391,0,0,-2,0,36530,136,32,65,0,0,0,0,0,0,0,0,-32302,0,0,0,0,0,82118,0
82119,860,8076,326,66,-7,34,-2392,0,2,-2,0,36531,133,32,65,0,0,0,0,0,0,0,0,-32302,0,0,0,0,0,82123,0
82124,846,8064,344,61,-8,36,-2392,-7,0,-2,0,36531,133,32,65,0,0,0,0,0,0,0,0,-32302,0,0,0,0,0,82128,0
82129,886,8078,352,58,-6,34,-2390,3,2,-2,0,36530,133,32,65,0,0,0,0,0,0,0,0,-32302,0,0,0,0,0,82133,0
82134,880,8068,340,63,-12,29,-2391,3,5,-2,0,36530,133,32,65,0,0,0,0,0,0,0,0,-32303,0,0,0,0,0,82138,0
82139,858,8066,324,55,-17,32,-2391,2,-2,-1,0,36529,130,32,65,0,0,0,0,0,0,0,0,-32302,0,0,0,0,0,82143,0
82144,874,8058,342,60,-18,32,-2391,-1,-1,-2,0,36529,130,32,65,0,0,0,0,0,0,0,0,-32302,0,0,0,0,0,82148,0
82149,864,8074,340,59,-20,36,-2392,-3,1,-3,0,36527,130,32,65,0,0,0,0,0,0,0,0,-32302,0,0,0,0,0,82153,0
82154,874,8056,338,62,-20,30,-2390,0,-1,-2,0,36527,130,32,65,0,0,0,0,0,0,0,0,-32303,0,0,0,0,0,82158,0
82159,884,8078,338,63,-26,30,-2390,2,1,-3,0,36530,131,32,65,0,0,0,0,0,0,0,0,-32303,0,0,0,0,0,82163,0
82164,880,8078,326,66,-28,27,-2391,0,1,-1,0,36530,131,32,65,0,0,0,0,0,0,0,0,-32303,0,0,0,0,0,82168,0
82169,904,8074,324,66,-35,27,-2391,5,-2,-3,0,36533,128,32,65,0,0,0,0,0,0,0,0,-32302,0,0,0,0,0,82173,0
82174,884,8064,326,68,-28,27,-2391,-4,-5,-3,0,36533,128,32,65,0,0,0,0,0,0,0,0,-32302,0,0,0,0,0,82178,0
82179,902,8058,336,65,-21,30,-2391,-2,2,-5,0,36541,126,32,65,0,0,0,0,0,0,0,0,-32302,0,0,0,0,0,82183,0
82184,900,8086,332,63,-27,28,-2391,5,1,-2,0,36541,126,32,65,0,0,0,0,0,0,0,0,-32302,0,0,0,0,0,82188,0
82189,896,8052,324,69,-29,27,-2392,-5,-1,-3,0,36537,114,32,65,0,0,0,0,0,0,0,0,-32302,0,0,0,0,0,82193,0
82194,896,8062,302,65,-27,28,-2392,0,-1,-2,0,36537,114,32,65,0,0,0,0,0,0,0,0,-32302,0,0,0,0,0,82198,0
82199,906,8072,294,64,-19,23,-2391,4,4,-2,0,36535,124,32,65,0,0,0,0,0,0,0,0,-32302,0,0,0,0,0,82203,0
82204,922,8064,328,67,-20,23,-2390,7,7,-2,0,36535,124,32,65,0,0,0,0,0,0,0,0,-32302,0,0,0,0,0,82208,0
82209,900,8092,310,68,-21,27,-2392,1,3,-2,0,36529,128,32,65,0,0,0,0,0,0,0,0,-32302,0,0,0,0,0,82213,0
82214,902,8082,318,64,-12,25,-2391,3,5,-1,0,36529,128,32,65,0,0,0,0,0,0,0,0,-32303,0,0,0,0,0,82218,0
82219,914,8072,320,71,-17,23,-2391,0,-1,-1,0,36530,135,32,65,0,0,0,0,0,0,0,0,-32302,0,0,0,0,0,82223,0
82224,912,8088,344,69,-12,24,-2390,1,2,-1,0,36530,135,32,65,0,0,0,0,0,0,0,0,-32302,0,0,0,0,0,82228,0
82229,910,8090,324,69,-10,22,-2392,0,1,-1,0,36527,128,32,65,0,0,0,0,0,0,0,0,-32303,0,0,0,0,0,82233,0
82234,934,8104,330,69,-8,25,-2390,0,-1,0,0,36527,128,32,65,0,0,0,0,0,0,0,0,-32302,0,0,0,0,0,82238,0
82239,874,8110,292,71,-6,26,-2391,1,1,0,0,36527,120,32,65,0,0,0,0,0,0,0,0,-32302,0,0,0,0,0,82243,0
82244,878,8070,324,68,1,26,-2392,-2,5,-1,0,36527,120,32,65,0,0,0,0,0,0,0,0,-32302,0,0,0,0,0,82248,0
82249,880,8100,316,64,4,28,-2391,0,-2,-1,0,36529,120,32,65,0,0,0,0,0,0,0,0,-32302,0,0,0,0,0,82253,0
82254,852,8064,330,70,6,27,-2391,-3,-2,-2,0,36529,120,32,65,0,0,0,0,0,0,0,0,-32302,0,0,0,0,0,82258,0
82259,876,8102,316,73,8,27,-2391,6,3,-2,0,36531,123,32,65,0,0,0,0,0,0,0,0,-32302,0,0,0,0,0,82263,0
82264,882,8076,334,68,11,28,-2392,-3,2,-2,0,36531,123,32,65,0,0,0,0,0,0,0,0,-32302,0,0,0,0,0,82268,0
82269,864,8064,312,66,8,29,-2392,-6,1,-2,0,36528,125,32,65,0,0,0,0,0,0,0,0,-32302,0,0,0,0,0,82273,0
82274,892,8076,324,71,13,25,-2392,0,-1,-3,0,36528,125,32,65,0,0,0,0,0,0,0,0,-32302,0,0,0,0,0,82278,0
82279,902,8090,340,67,9,29,-2391,1,6,-2,0,36533,129,32,65,0,0,0,0,0,0,0,0,-32302,0,0,0,0,0,82283,0
82284,878,8070,336,75,10,26,-2391,3,0,-1,0,36533,129,32,65,0,0,0,0,0,0,0,0,-32302,0,0,0,0,0,82288,0
82289,880,8076,340,71,9,29,-2391,2,6,-2,0,36534,138,32,65,0,0,0,0,0,0,0,0,-32302,0,0,0,0,0,82293,0
82294,908,8100,330,76,8,26,-2392,-1,1,-1,0,36534,138,32,65,0,0,0,0,0,0,0,0,-32302,0,0,0,0,0,82298,0
82299,868,8064,336,71,13,31,-2391,0,-2,-2,0,36536,139,32,65,0,0,0,0,0,0,0,0,-32302,0,0,0,0,0,82303,0
82304,910,8094,322,69,11,29,-2392,-4,0,-2,0,36536,139,32,65,0,0,0,0,0,0,0,0,-32302,0,0,0,0,0,82308,0
82309,916,8078,320,74,7,31,-2392,2,4,0,0,36530,136,32,65,0,0,0,0,0,0,0,0,-32302,0,0,0,0,0,82313,0
82314,890,8080,320,74,13,25,-2391,-7,-2,-1,0,36530,136,32,65,0,0,0,0,0,0,0,0,-32302,0,0,0,0,0,82318,0
82319,880,8084,352,73,6,24,-2392,-11,1,-2,0,36528,136,32,65,0,0,0,0,0,0,0,0,-32302,0,0,0,0,0,82323,0
82324,896,8100,308,72,10,26,-2391,5,0,-1,0,36528,136,32,65,0,0,0,0,0,0,0,0,-32302,0,0,0,0,0,82328,0
82329,908,8104,326,79,7,26,-2389,4,-4,-2,0,36529,139,32,65,0,0,0,0,0,0,0,0,-32302,0,0,0,0,0,82333,0
82334,900,8070,314,78,7,24,-2391,-2,2,-3,0,36529,139,32,65,0,0,0,0,0,0,0,0,-32302,0,0,0,0,0,82338,0
82339,904,8100,312,75,4,26,-2391,0,5,-3,0,36527,136,32,65,0,0,0,0,0,0,0,0,-32302,0,0,0,0,0,82343,0
82344,902,8080,312,76,7,23,-2391,6,1,-3,0,36527,136,32,65,0,0,0,0,0,0,0,0,-32302,0,0,0,0,0,82348,0
82349,894,8116,308,72,0,20,-2392,-3,-3,-2,0,36527,133,32,65,0,0,0,0,0,0,0,0,-32302,0,0,0,0,0,82353,0
82354,900,8090,302,70,3,26,-2392,-5,-2,-2,0,36527,133,32,65,0,0,0,0,0,0,0,0,-32302,0,0,0,0,0,82358,0
82359,906,8112,344,71,-4,17,-2390,3,1,-2,0,36528,135,32,65,0,0,0,0,0,0,0,0,-32302,0,0,0,0,0,82363,0
82364,910,8094,336,77,-6,16,-2392,-4,1,-1,0,36528,135,32,65,0,0,0,0,0,0,0,0,-32303,0,0,0,0,0,82368,0
82369,880,8090,318,69,-7,16,-2392,1,2,-1,0,36529,131,32,65,0,0,0,0,0,0,0,0,-32302,0,0,0,0,0,82373,0
82374,894,8064,338,75,-7,19,-2390,0,-4,-3,0,36529,131,32,65,0,0,0,0,0,0,0,0,-32303,0,0,0,0,0,82378,0
82379,868,8078,314,80,-5,16,-2391,-1,0,-1,0,36528,131,32,65,0,0,0,0,0,0,0,0,-32302,0,0,0,0,0,82383,0
82384,898,8060,300,78,-7,21,-2391,0,3,-2,0,36528,131,32,65,0,0,0,0,0,0,0,0,-32302,0,0,0,0,0,82388,0
82389,884,8098,314,75,-10,15,-2391,-3,-3,-1,0,36536,132,32,65,0,0,0,0,0,0,0,0,-32302,0,0,0,0,0,82393,0
82394,850,8084,312,78,-14,19,-2391,3,-1,-1,0,36536,132,32,65,0,0,0,0,0,0,0,0,-32302,0,0,0,0,0,82398,0
82399,862,8100,314,68,-6,19,-2391,-1,-3,-1,0,36538,129,32,65,0,0,0,0,0,0,0,0,-32302,0,0,0,0,0,82403,0
82404,856,8100,308,71,-12,21,-2391,0,1,-2,0,36538,129,32,65,0,0,0,0,0,0,0,0,-32303,0,0,0,0,0,82408,0
82409,888,8086,320,75,-13,20,-2391,-2,-1,-1,0,36542,125,32,65,0,0,0,0,0,0,0,0,-32303,0,0,0,0,0,82413,0
82414,868,8088,332,71,-7,22,-2390,8,4,-1,0,36542,125,32,65,0,0,0,0,0,0,0,0,-32302,0,0,0,0,0,82418,0
82419,862,8088,322,69,-12,22,-2393,-5,-3,-1,0,36535,120,32,65,0,0,0,0,0,0,0,0,-32302,0,0,0,0,0,82423,0
82424,860,8106,328,69,-15,17,-2391,0,-1,-1,0,36535,120,32,65,0,0,0,0,0,0,0,0,-32302,0,0,0,0,0,82428,0
82429,864,8058,318,75,-14,19,-2391,-4,1,-2,0,36534,118,32,65,0,0,0,0,0,0,0,0,-32302,0,0,0,0,0,82433,0
82434,850,8088,314,73,-14,21,-2390,-1,1,-3,0,36534,118,32,65,0,0,0,0,0,0,0,0,-32302,0,0,0,0,0,82438,0
82439,878,8112,340,75,-8,20,-2391,-3,-4,-4,0,36541,127,32,65,0,0,0,0,0,0,0,0,-32302,0,0,0,0,0,82443,0
82444,866,8084,304,69,-7,21,-2391,1,-3,-2,0,36541,127,32,65,0,0,0,0,0,0,0,0,-32302,0,0,0,0,0,82448,0
82449,866,8080,346,71,-10,18,-2392,-10,-1,-2,0,36551,133,32,65,0,0,0,0,0,0,0,0,-32303,0,0,0,0,0,82453,0
82454,856,8086,342,76,-14,19,-2392,-6,-2,-2,0,36551,133,32,65,0,0,0,0,0,0,0,0,-32302,0,0,0,0,0,82458,0
82459,888,8068,312,72,-12,24,-2391,0,-1,0,0,36558,141,32,65,0,0,0,0,0,0,0,0,-32302,0,0,0,0,0,82463,0
82464,864,8078,330,75,-10,22,-2391,-2,2,0,0,36558,141,32,65,0,0,0,0,0,0,0,0,-32302,0,0,0,0,0,82468,0
82469,876,8076,328,76,-7,19,-2390,4,-1,-2,0,36550,145,32,65,0,0,0,0,0,0,0,0,-32302,0,0,0,0,0,82473,0
82474,886,8050,344,77,-13,24,-2391,-3,3,-2,0,36550,145,32,65,0,0,0,0,0,0,0,0,-32302,0,0,0,0,0,82478,0
82479,878,8066,348,71,-11,15,-2391,3,1,-1,0,36539,140,32,65,0,0,0,0,0,0,0,0,-32302,0,0,0,0,0,82483,0
82484,870,8050,340,80,-10,22,-2389,4,2,-2,0,36539,140,32,65,0,0,0,0,0,0,0,0,-32302,0,0,0,0,0,82488,0
82489,882,8092,314,79,-14,19,-2390,2,2,0,0,36531,129,32,65,0,0,0,0,0,0,0,0,-32302,0,0,0,0,0,82493,0
82494,908,8064,324,82,-4,20,-2390,4,-1,0,0,36531,129,32,65,0,0,0,0,0,0,0,0,-32302,0,0,0,0,0,82498,0
82499,890,8072,338,81,-12,18,-2391,-3,-2,-3,0,36534,126,32,65,0,0,0,0,0,0,0,0,-32303,0,0,0,0,0,82504,0
82504,910,8088,334,75,-5,18,-2391,0,1,-2,0,36534,126,32,65,0,0,0,0,0,0,0,0,-32302,0,0,0,0,0,82509,0
82509,884,8050,324,78,-9,22,-2390,10,0,-2,0,36535,126,32,65,0,0,0,0,0,0,0,0,-32303,0,0,0,0,0,82514,0
82514,880,8054,294,78,-5,19,-2391,-5,0,-2,0,36535,126,32,65,0,0,0,0,0,0,0,0,-32302,0,0,0,0,0,82519,0
82519,908,8078,320,71,-11,27,-2420,-149,-63,-1565,-2000,36529,149,32,65,0,0,0,0,0,0,0,0,-32303,0,0,0,0,0,82524,0
82524,848,8170,338,71,-8,23,-2597,-818,-459,-2033,-2000,36529,149,32,65,0,0,0,0,0,0,0,0,-32302,0,0,0,0,0,82529,0
82529,898,8116,244,78,-6,29,-2814,-968,-805,-635,-2000,36513,174,32,65,0,0,0,0,0,0,0,0,-32302,0,0,0,0,0,82534,0
82534,1016,8090,330,74,-12,26,-3043,-1012,-955,-455,-2000,36513,174,32,65,0,0,0,0,0,0,0,0,-32302,0,0,0,0,0,82539,0
82539,880,8078,300,81,-11,23,-3273,-1013,-783,-399,-2000,36509,173,32,65,0,0,0,0,0,0,0,0,-32302,0,0,0,0,0,82544,0
82544,854,8078,286,75,1,30,-3501,-999,-368,-417,-2000,36509,173,32,65,0,0,0,0,0,0,0,0,-32302,0,0,0,0,0,82549,0
82549,724,8126,304,73,0,40,-3719,-958,-47,-536,-2000,36507,178,32,65,0,0,0,0,0,0,0,0,-32303,0,0,0,0,0,82554,0
82554,554,8104,304,79,-3,48,-3922,-885,66,-770,-2000,36507,178,32,65,0,0,0,0,0,0,0,0,-32302,0,0,0,0,0,82559,0
82559,590,8088,306,71,-1,43,-4105,-786,157,-1170,-2000,36514,162,32,65,0,0,0,0,0,0,0,0,-32302,0,0,0,0,0,82564,0
82564,918,8074,320,72,1,48,-4262,-679,244,-1718,-2000,36514,162,32,65,0,0,0,0,0,0,0,0,-32301,0,0,0,0,0,82569,0
82569,984,8038,288,74,4,52,-4398,-596,312,-2205,-2000,36502,191,32,65,0,0,0,0,0,0,0,0,-32301,0,0,0,0,0,82574,0
82574,1072,8126,312,74,5,46,-4517,-510,322,-2629,-2000,36502,191,32,65,0,0,0,0,0,0,0,0,-32303,0,0,0,0,0,82579,0
82579,1056,8056,316,75,7,40,-4622,-454,302,-3080,-2000,36483,239,32,65,0,0,0,0,0,0,0,0,-32304,0,0,0,0,0,82584,0
82584,1048,8060,298,70,8,41,-4711,-388,265,-3402,-2000,36483,239,32,65,0,0,0,0,0,0,0,0,-32303,0,0,0,0,0,82589,0
82589,918,8042,308,72,4,34,-4793,-352,224,-3636,-2000,36464,285,32,65,0,0,0,0,0,0,0,0,-32302,0,0,0,0,0,82594,0
82594,894,8104,304,72,6,35,-4861,-297,199,-3870,-2000,36464,285,32,65,0,0,0,0,0,0,0,0,-32301,0,0,0,0,0,82599,0
82599,780,8102,320,73,7,31,-4921,-272,171,-4146,-2000,36450,324,32,65,0,0,0,0,0,0,0,0,-32301,0,0,0,0,0,82604,0
82604,856,8132,322,74,2,30,-4972,-207,160,-4383,-2000,36450,324,32,65,0,0,0,0,0,0,0,0,-32300,0,0,0,0,0,82609,0
82609,884,8130,306,71,2,37,-5021,-215,128,-4688,-2000,36433,360,32,65,0,0,0,0,0,0,0,0,-32300,0,0,0,0,0,82614,0
82614,962,8100,296,73,2,30,-5062,-176,118,-4658,-2000,36433,360,32,65,0,0,0,0,0,0,0,0,-32301,0,0,0,0,0,82620,0
82619,946,8092,322,73,0,28,-5092,-133,102,-4859,-2000,36422,386,32,65,0,0,0,0,0,0,0,0,-32301,0,0,0,0,0,82625,0
82624,918,8030,308,73,-9,28,-5126,-157,83,-5056,-2000,36422,386,32,65,0,0,0,0,0,0,0,0,-32301,0,0,0,0,0,82630,0
82629,902,8076,320,77,-11,26,-5159,-141,61,-5036,-2000,36407,409,32,65,0,0,0,0,0,0,0,0,-32302,0,0,0,0,0,82635,0
82634,844,8056,328,70,-9,22,-5185,-116,45,-4939,-2000,36407,409,32,65,0,0,0,0,0,0,0,0,-32302,0,0,0,0,0,82640,0
82639,872,8042,348,77,-11,21,-5170,103,126,-3152,0,36411,383,32,65,0,0,0,0,0,0,0,0,-32302,0,0,0,0,0,82645,0
82644,1370,7966,308,75,-22,-10,-4996,804,562,-1781,0,36411,383,32,65,0,0,0,0,0,0,0,0,-32302,0,0,0,0,0,82650,0
82649,1464,8008,350,72,-19,-10,-4803,846,888,-2688,0,36449,278,32,65,0,0,0,0,0,0,0,0,-32301,0,0,0,0,0,82655,0
82654,1260,8054,296,73,-9,-20,-4635,717,886,-2212,0,36449,278,32,65,0,0,0,0,0,0,0,0,-32303,0,0,0,0,0,82660,0
82659,980,8102,284,78,-12,-11,-4492,619,526,-1624,0,36492,174,32,65,0,0,0,0,0,0,0,0,-32303,0,0,0,0,0,82665,0
82664,586,8144,310,74,-20,-9,-4366,544,-6,-1246,0,36492,174,32,65,0,0,0,0,0,0,0,0,-32302,0,0,0,0,0,82670,0
82669,504,8110,328,73,-26,-5,-4256,471,-301,-929,0,36531,87,32,65,0,0,0,0,0,0,0,0,-32302,0,0,0,0,0,82675,0
82674,560,8092,344,73,-25,-1,-4164,401,-295,-680,0,36531,87,32,65,0,0,0,0,0,0,0,0,-32302,0,0,0,0,0,82680,0
82679,634,8112,338,74,-18,4,-4086,342,-257,-525,0,36531,104,32,65,0,0,0,0,0,0,0,0,-32302,0,0,0,0,0,82685,0
82684,804,8070,340,77,-16,5,-4018,292,-228,-431,0,36531,104,32,65,0,0,0,0,0,0,0,0,-32302,0,0,0,0,0,82690,0
82689,952,8056,278,74,-22,9,-3961,244,-205,-379,0,36529,115,32,65,0,0,0,0,0,0,0,0,-32302,0,0,0,0,0,82695,0
82694,1034,8028,268,76,-24,7,-3915,190,-185,-291,0,36529,115,32,65,0,0,0,0,0,0,0,0,-32302,0,0,0,0,0,82700,0
82699,958,8022,248,79,-21,7,-3884,132,-179,-223,0,36528,121,32,65,0,0,0,0,0,0,0,0,-32302,0,0,0,0,0,82705,0
82704,810,8064,308,77,-17,12,-3858,102,-169,-184,0,36528,121,32,65,0,0,0,0,0,0,0,0,-32303,0,0,0,0,0,82710,0
82709,726,8080,290,72,-15,14,-3845,55,-169,-111,0,36531,112,32,65,0,0,0,0,0,0,0,0,-32302,0,0,0,0,0,82715,0
82714,696,8090,290,70,-14,14,-3834,47,-144,-82,0,36531,112,32,65,0,0,0,0,0,0,0,0,-32302,0,0,0,0,0,82720,0
82719,750,8114,282,73,-11,18,-3820,64,-93,-97,0,36529,120,32,65,0,0,0,0,0,0,0,0,-32302,0,0,0,0,0,82725,0
82724,856,8128,270,66,-10,22,-3808,54,-53,-100,0,36529,120,32,65,0,0,0,0,0,0,0,0,-32302,0,0,0,0,0,82730,0
82729,932,8140,266,72,-6,19,-3803,14,-29,-56,0,36531,128,32,65,0,0,0,0,0,0,0,0,-32302,0,0,0,0,0,82735,0
82734,964,8116,272,68,-3,24,-3804,1,-40,-9,0,36531,128,32,65,0,0,0,0,0,0,0,0,-32303,0,0,0,0,0,82740,0
82739,986,8116,282,67,4,19,-3803,-1,-53,-4,0,36526,141,32,65,0,0,0,0,0,0,0,0,-32302,0,0,0,0,0,82745,0
82744,920,8092,312,68,7,19,-3803,-2,-44,-4,0,36526,141,32,65,0,0,0,0,0,0,0,0,-32303,0,0,0,0,0,82750,0
82749,868,8068,326,70,9,19,-3804,0,-30,-5,0,36524,140,32,65,0,0,0,0,0,0,0,0,-32302,0,0,0,0,0,82755,0
82754,842,8084,322,69,9,21,-3802,-1,-4,-4,0,36524,140,32,65,0,0,0,0,0,0,0,0,-32302,0,0,0,0,0,82760,0
82759,808,8080,314,66,5,19,-3803,1,0,-4,0,36523,129,32,65,0,0,0,0,0,0,0,0,-32303,0,0,0,0,0,82765,0
82764,776,8082,316,60,6,13,-3804,0,-6,-3,0,36523,129,32,65,0,0,0,0,0,0,0,0,-32303,0,0,0,0,0,82770,0
82769,790,8054,332,74,2,21,-3802,0,2,-3,0,36524,136,32,65,0,0,0,0,0,0,0,0,-32303,0,0,0,0,0,82775,0
82774,818,8062,306,67,1,24,-3803,-2,2,-3,0,36524,136,32,65,0,0,0,0,0,0,0,0,-32302,0,0,0,0,0,82780,0
82779,830,8060,336,68,-3,24,-3804,-7,-3,-2,0,36526,137,32,65,0,0,0,0,0,0,0,0,-32302,0,0,0,0,0,82785,0
82784,844,8078,322,71,-8,24,-3803,3,-2,-3,0,36526,137,32,65,0,0,0,0,0,0,0,0,-32302,0,0,0,0,0,82790,0
82789,886,8096,336,71,-1,28,-3804,-3,-3,-3,0,36524,132,32,65,0,0,0,0,0,0,0,0,-32303,0,0,0,0,0,82795,0
82794,874,8098,330,71,-9,21,-3802,3,5,-5,0,36524,132,32,65,0,0,0,0,0,0,0,0,-32303,0,0,0,0,0,82800,0
82799,902,8086,332,67,-7,22,-3803,0,2,-5,0,36524,127,32,65,0,0,0,0,0,0,0,0,-32302,0,0,0,0,0,82805,0
82804,922,8096,330,74,-1,20,-3802,4,2,-5,0,36524,127,32,65,0,0,0,0,0,0,0,0,-32302,0,0,0,0,0,82810,0
82809,924,8078,334,71,1,20,-3804,-4,-1,-3,0,36531,127,32,65,0,0,0,0,0,0,0,0,-32302,0,0,0,0,0,82815,0
82814,926,8122,340,73,4,26,-3803,-2,3,-4,0,36531,127,32,65,0,0,0,0,0,0,0,0,-32302,0,0,0,0,0,82820,0
82819,934,8098,312,77,0,24,-3802,5,2,-3,0,36532,125,32,65,0,0,0,0,0,0,0,0,-32302,0,0,0,0,0,82825,0
82824,894,8106,290,66,7,25,-3802,7,4,-3,0,36532,125,32,65,0,0,0,0,0,0,0,0,-32302,0,0,0,0,0,82830,0
82829,878,8082,300,75,2,21,-3803,-4,-3,-3,0,36531,125,32,65,0,0,0,0,0,0,0,0,-32302,0,0,0,0,0,82835,0
82834,902,8100,302,69,-1,19,-3804,-2,0,-4,0,36531,125,32,65,0,0,0,0,0,0,0,0,-32302,0,0,0,0,0,82840,0
82839,850,8096,304,72,-4,18,-3803,0,0,-6,0,36524,124,32,65,0,0,0,0,0,0,0,0,-32302,0,0,0,0,0,82845,0
82844,842,8110,300,70,2,19,-3802,3,-1,-5,0,36524,124,32,65,0,0,0,0,0,0,0,0,-32302,0,0,0,0,0,82850,0
82849,836,8088,316,67,-11,20,-3804,3,-2,-4,0,36524,124,32,65,0,0,0,0,0,0,0,0,-32302,0,0,0,0,0,82855,0
82854,832,8110,298,72,-6,21,-3803,-3,-2,-4,0,36524,124,32,65,0,0,0,0,0,0,0,0,-32302,0,0,0,0,0,82860,0
82859,832,8084,288,66,-5,20,-3802,4,3,-5,0,36526,129,32,65,0,0,0,0,0,0,0,0,-32302,0,0,0,0,0,82865,0
82864,874,8092,280,71,-12,21,-3804,-4,-5,-4,0,36526,129,32,65,0,0,0,0,0,0,0,0,-32302,0,0,0,0,0,82870,0
82869,864,8106,300,63,-10,22,-3802,-1,2,-4,0,36527,135,32,65,0,0,0,0,0,0,0,0,-32302,0,0,0,0,0,82875,0
82874,850,8104,320,65,-9,19,-3804,-3,-4,-3,0,36527,135,32,65,0,0,0,0,0,0,0,0,-32302,0,0,0,0,0,82880,0
82879,886,8078,278,66,-8,21,-3803,-5,1,-4,0,36530,138,32,65,0,0,0,0,0,0,0,0,-32302,0,0,0,0,0,82885,0
82884,878,8076,302,66,-13,16,-3803,-2,1,-5,0,36530,138,32,65,0,0,0,0,0,0,0,0,-32302,0,0,0,0,0,82890,0
82889,912,8066,304,66,-5,21,-3804,-2,-5,-4,0,36530,130,32,65,0,0,0,0,0,0,0,0,-32302,0,0,0,0,0,82895,0
82894,900,8142,312,63,-9,20,-3802,4,6,-5,0,36530,130,32,65,0,0,0,0,0,0,0,0,-32302,0,0,0,0,0,82900,0
82899,956,8160,332,65,-3,17,-3803,2,3,-5,0,36529,122,32,65,0,0,0,0,0,0,0,0,-32302,0,0,0,0,0,82905,0
82904,860,8062,362,62,-7,16,-3803,-3,0,-4,0,36529,122,32,65,0,0,0,0,0,0,0,0,-32303,0,0,0,0,0,82910,0
82909,850,8084,330,62,-1,17,-3803,4,-4,-5,0,36527,125,32,65,0,0,0,0,0,0,0,0,-32302,0,0,0,0,0,82915,0
82914,840,8036,262,62,-4,16,-3803,4,1,-1,0,36527,125,32,65,0,0,0,0,0,0,0,0,-32302,0,0,0,0,0,82920,0
82919,858,8038,316,62,4,15,-3802,1,1,-2,0,36530,132,32,65,0,0,0,0,0,0,0,0,-32302,0,0,0,0,0,82925,0
82924,820,8036,294,65,-3,21,-3802,5,-3,-5,0,36530,132,32,65,0,0,0,0,0,0,0,0,-32302,0,0,0,0,0,82930,0
82929,806,8060,316,60,-4,23,-3802,2,-2,-4,0,36530,136,32,65,0,0,0,0,0,0,0,0,-32302,0,0,0,0,0,82935,0
82934,852,8070,324,64,-2,16,-3803,3,-1,-4,0,36530,136,32,65,0,0,0,0,0,0,0,0,-32302,0,0,0,0,0,82940,0
82939,816,8060,314,66,-3,23,-3802,6,-2,-4,0,36530,134,32,65,0,0,0,0,0,0,0,0,-32302,0,0,0,0,0,82945,0
82944,834,8080,324,57,-10,23,-3803,0,2,-4,0,36530,134,32,65,0,0,0,0,0,0,0,0,-32302,0,0,0,0,0,82950,0
82949,854,8068,314,64,-5,20,-3803,-5,-2,-5,0,36527,135,32,65,0,0,0,0,0,0,0,0,-32302,0,0,0,0,0,82955,0
82954,846,8110,300,57,-6,24,-3803,-3,0,-4,0,36527,135,32,65,0,0,0,0,0,0,0,0,-32302,0,0,0,0,0,82960,0
82959,838,8082,304,63,-5,21,-3802,7,-1,-3,0,36527,139,32,65,0,0,0,0,0,0,0,0,-32302,0,0,0,0,0,82965,0
82964,868,8096,334,63,-12,20,-3803,3,2,-3,0,36527,139,32,65,0,0,0,0,0,0,0,0,-32302,0,0,0,0,0,82970,0
82969,884,8076,320,61,-6,24,-3803,0,1,-4,0,36526,139,32,65,0,0,0,0,0,0,0,0,-32302,0,0,0,0,0,82975,0
82974,870,8084,318,62,-10,22,-3803,4,1,-4,0,36526,139,32,65,0,0,0,0,0,0,0,0,-32302,0,0,0,0,0,82980,0
82979,864,8088,304,61,-10,21,-3803,-7,4,-5,0,36525,131,32,65,0,0,0,0,0,0,0,0,-32302,0,0,0,0,0,82985,0
82984,872,8090,346,61,-8,25,-3803,5,1,-4,0,36525,131,32,65,0,0,0,0,0,0,0,0,-32303,0,0,0,0,0,82990,0
82989,876,8072,328,63,-8,21,-3804,-4,-3,-4,0,36525,129,32,65,0,0,0,0,0,0,0,0,-32302,0,0,0,0,0,82995,0
82994,860,8084,330,64,-8,22,-3803,0,2,-4,0,36525,129,32,65,0,0,0,0,0,0,0,0,-32302,0,0,0,0,0,83000,0
82999,856,8078,330,64,-11,17,-3803,-1,-1,-5,0,36525,128,32,65,0,0,0,0,0,0,0,0,-32303,0,0,0,0,0,83005,0
83004,836,8088,322,58,-14,25,-3803,0,7,-4,0,36525,128,32,65,0,0,0,0,0,0,0,0,-32302,0,0,0,0,0,83010,0
83009,856,8102,322,61,-11,22,-3802,8,-2,-5,0,36525,130,32,65,0,0,0,0,0,0,0,0,-32302,0,0,0,0,0,83015,0
83014,862,8078,312,64,-15,21,-3804,-3,1,-4,0,36525,130,32,65,0,0,0,0,0,0,0,0,-32302,0,0,0,0,0,83020,0
83019,846,8072,328,56,-15,22,-3801,5,0,-4,0,36524,128,32,65,0,0,0,0,0,0,0,0,-32302,0,0,0,0,0,83025,0
83024,876,8096,308,64,-15,21,-3803,-3,-1,-7,0,36524,128,32,65,0,0,0,0,0,0,0,0,-32302,0,0,0,0,0,83030,0
83029,868,8082,314,61,-12,19,-3803,1,0,-5,0,36530,127,32,65,0,0,0,0,0,0,0,0,-32303,0,0,0,0,0,83035,0
83034,884,8088,292,61,-18,17,-3803,0,-2,-3,0,36530,127,32,65,0,0,0,0,0,0,0,0,-32302,0,0,0,0,0,83040,0
83039,874,8088,294,63,-20,20,-3804,-6,2,-5,0,36531,118,32,65,0,0,0,0,0,0,0,0,-32302,0,0,0,0,0,83045,0
83044,880,8068,300,62,-14,21,-3802,5,5,-5,0,36531,118,32,65,0,0,0,0,0,0,0,0,-32302,0,0,0,0,0,83050,0
83049,846,8068,292,63,-16,17,-3802,0,3,-3,0,36530,117,32,65,0,0,0,0,0,0,0,0,-32302,0,0,0,0,0,83055,0
83054,874,8080,288,59,-12,16,-3801,1,2,-4,0,36530,117,32,65,0,0,0,0,0,0,0,0,-32302,0,0,0,0,0,83060,0
83059,874,8076,304,60,-18,20,-3803,0,-1,-5,0,36525,117,32,65,0,0,0,0,0,0,0,0,-32302,0,0,0,0,0,83065,0
83064,866,8066,306,58,-9,20,-3803,1,-3,-4,0,36525,117,32,65,0,0,0,0,0,0,0,0,-32302,0,0,0,0,0,83070,0
83069,848,8092,306,52,-10,19,-3802,0,-6,-5,0,36526,127,32,65,0,0,0,0,0,0,0,0,-32302,0,0,0,0,0,83075,0
83074,866,8098,296,58,-8,29,-3803,5,5,-3,0,36526,127,32,65,0,0,0,0,0,0,0,0,-32302,0,0,0,0,0,83080,0
83079,836,8098,278,59,-18,20,-3802,-1,3,-3,0,36524,129,32,65,0,0,0,0,0,0,0,0,-32302,0,0,0,0,0,83085,0
83084,870,8096,310,57,-9,20,-3803,-4,-1,-3,0,36524,129,32,65,0,0,0,0,0,0,0,0,-32302,0,0,0,0,0,83090,0
83089,858,8076,310,56,-13,25,-3803,-7,-2,-3,0,36523,128,32,65,0,0,0,0,0,0,0,0,-32302,0,0,0,0,0,83095,0
83094,848,8078,314,56,-13,20,-3803,0,-3,-4,0,36523,128,32,65,0,0,0,0,0,0,0,0,-32302,0,0,0,0,0,83100,0
83099,830,8074,308,55,-8,25,-3802,7,-2,-4,0,36524,131,32,65,0,0,0,0,0,0,0,0,-32302,0,0,0,0,0,83105,0
83104,858,8076,326,57,-8,19,-3803,-8,3,-5,0,36524,131,32,65,0,0,0,0,0,0,0,0,-32302,0,0,0,0,0,83110,0
83109,838,8106,322,59,-11,22,-3803,-5,-3,-4,0,36528,137,32,65,0,0,0,0,0,0,0,0,-32302,0,0,0,0,0,83115,0
83114,854,8108,316,60,-9,25,-3802,4,-3,-4,0,36528,137,32,65,0,0,0,0,0,0,0,0,-32302,0,0,0,0,0,83120,0
83119,820,8098,324,53,-12,22,-3802,1,-2,-2,0,36530,137,32,65,0,0,0,0,0,0,0,0,-32302,0,0,0,0,0,83125,0
83124,864,8122,358,53,-11,23,-3804,-4,-3,-4,0,36530,137,32,65,0,0,0,0,0,0,0,0,-32302,0,0,0,0,0,83130,0
83129,850,8054,322,53,-7,24,-3804,-3,0,-3,0,36534,133,32,65,0,0,0,0,0,0,0,0,-32302,0,0,0,0,0,83135,0
83134,852,8046,318,58,-13,24,-3803,-5,-4,-5,0,36534,133,32,65,0,0,0,0,0,0,0,0,-32302,0,0,0,0,0,83140,0
83139,874,8078,334,59,-6,27,-3803,0,4,-4,0,36536,131,32,65,0,0,0,0,0,0,0,0,-32302,0,0,0,0,0,83145,0
83144,860,8072,332,64,-12,20,-3803,-2,-2,-5,0,36536,131,32,65,0,0,0,0,0,0,0,0,-32302,0,0,0,0,0,83150,0
83149,852,8048,312,54,-12,25,-3803,0,1,-5,0,36533,120,32,65,0,0,0,0,0,0,0,0,-32302,0,0,0,0,0,83155,0
83154,836,8080,346,59,-14,22,-3803,0,0,-4,0,36533,120,32,65,0,0,0,0,0,0,0,0,-32302,0,0,0,0,0,83160,0
83159,838,8060,328,53,-17,24,-3803,-3,1,-4,0,36533,124,32,65,0,0,0,0,0,0,0,0,-32303,0,0,0,0,0,83165,0
83164,836,8076,334,57,-19,27,-3803,-1,0,-5,0,36533,124,32,65,0,0,0,0,0,0,0,0,-32302,0,0,0,0,0,83170,0
83169,858,8076,342,60,-17,25,-3803,1,1,-4,0,36526,126,32,65,0,0,0,0,0,0,0,0,-32302,0,0,0,0,0,83175,0
83174,836,8070,336,57,-22,29,-3804,-5,-1,-5,0,36526,126,32,65,0,0,0,0,0,0,0,0,-32302,0,0,0,0,0,83180,0
83179,834,8066,310,57,-20,25,-3802,-1,-2,-5,0,36525,134,32,65,0,0,0,0,0,0,0,0,-32302,0,0,0,0,0,83185,0
83184,844,8094,308,59,-21,28,-3803,4,3,-5,0,36525,134,32,65,0,0,0,0,0,0,0,0,-32302,0,0,0,0,0,83190,0
83189,848,8080,324,53,-25,28,-3802,2,4,-3,0,36524,128,32,65,0,0,0,0,0,0,0,0,-32302,0,0,0,0,0,83195,0
83194,884,8080,332,56,-26,29,-3803,0,1,-4,0,36524,128,32,65,0,0,0,0,0,0,0,0,-32302,0,0,0,0,0,83200,0
83199,848,8056,330,60,-25,29,-3803,1,3,-4,0,36524,120,32,65,0,0,0,0,0,0,0,0,-32302,0,0,0,0,0,83205,0
83204,854,8086,338,53,-23,27,-3802,5,1,-5,0,36524,120,32,65,0,0,0,0,0,0,0,0,-32302,0,0,0,0,0,83210,0
83209,840,8104,308,56,-24,29,-3802,7,-1,-4,0,36525,113,32,65,0,0,0,0,0,0,0,0,-32302,0,0,0,0,0,83215,0
83214,846,8084,334,59,-26,27,-3802,0,1,-4,0,36525,113,32,65,0,0,0,0,0,0,0,0,-32302,0,0,0,0,0,83220,0
83219,890,8096,340,58,-23,29,-3802,1,-6,-4,0,36527,122,32,65,0,0,0,0,0,0,0,0,-32302,0,0,0,0,0,83225,0
83224,848,8076,316,56,-29,29,-3802,5,-4,-4,0,36527,122,32,65,0,0,0,0,0,0,0,0,-32302,0,0,0,0,0,83230,0
83229,832,8100,320,61,-28,33,-3803,-3,0,-4,0,36526,128,32,65,0,0,0,0,0,0,0,0,-32302,0,0,0,0,0,83235,0
83234,846,8068,340,54,-31,27,-3802,1,-5,-5,0,36526,128,32,65,0,0,0,0,0,0,0,0,-32302,0,0,0,0,0,83240,0
83239,850,8088,338,52,-30,32,-3803,0,0,-6,0,36531,132,32,65,0,0,0,0,0,0,0,0,-32302,0,0,0,0,0,83245,0
83244,840,8098,322,54,-27,31,-3803,-3,1,-5,0,36531,132,32,65,0,0,0,0,0,0,0,0,-32302,0,0,0,0,0,83250,0
83249,824,8058,352,57,-30,32,-3802,-5,-5,-4,0,36531,132,32,65,0,0,0,0,0,0,0,0,-32303,0,0,0,0,0,83255,0
83254,850,8068,346,56,-29,29,-3802,2,2,-4,0,36531,132,32,65,0,0,0,0,0,0,0,0,-32302,0,0,0,0,0,83260,0
83259,850,8084,332,52,-32,33,-3803,-1,-3,-4,0,36532,135,32,65,0,0,0,0,0,0,0,0,-32302,0,0,0,0,0,83265,0
83264,862,8052,334,56,-33,30,-3802,2,-2,-3,0,36532,135,32,65,0,0,0,0,0,0,0,0,-32302,0,0,0,0,0,83270,0
83269,860,8060,340,52,-25,28,-3803,3,-3,-4,0,36526,142,32,65,0,0,0,0,0,0,0,0,-32302,0,0,0,0,0,83275,0
83274,872,8092,316,56,-34,33,-3803,0,4,-3,0,36526,142,32,65,0,0,0,0,0,0,0,0,-32302,0,0,0,0,0,83280,0
83279,846,8060,342,51,-33,38,-3803,-2,0,-2,0,36524,142,32,65,0,0,0,0,0,0,0,0,-32302,0,0,0,0,0,83285,0
83284,874,8062,324,62,-36,30,-3802,1,-2,-3,0,36524,142,32,65,0,0,0,0,0,0,0,0,-32302,0,0,0,0,0,83290,0
83289,860,8084,334,49,-37,31,-3802,5,2,-4,0,36523,141,32,65,0,0,0,0,0,0,0,0,-32302,0,0,0,0,0,83295,0
83294,880,8078,332,58,-43,33,-3803,2,-2,-5,0,36523,141,32,65,0,0,0,0,0,0,0,0,-32302,0,0,0,0,0,83300,0
83299,840,8080,324,58,-37,34,-3803,-4,-5,-5,0,36524,135,32,65,0,0,0,0,0,0,0,0,-32302,0,0,0,0,0,83305,0
83304,828,8100,320,55,-38,36,-3803,0,-3,-5,0,36524,135,32,65,0,0,0,0,0,0,0,0,-32302,0,0,0,0,0,83310,0
83309,840,8084,310,54,-41,37,-3802,1,1,-4,0,36525,133,32,65,0,0,0,0,0,0,0,0,-32302,0,0,0,0,0,83315,0
83314,876,8096,316,57,-36,31,-3803,-3,1,-4,0,36525,133,32,65,0,0,0,0,0,0,0,0,-32302,0,0,0,0,0,83320,0
83319,902,8126,314,56,-23,34,-3803,0,2,-4,0,36525,131,32,65,0,0,0,0,0,0,0,0,-32302,0,0,0,0,0,83325,0
83324,874,8122,306,54,-25,34,-3802,1,0,-5,0,36525,131,32,65,0,0,0,0,0,0,0,0,-32302,0,0,0,0,0,83330,0
83329,860,8118,320,53,-15,35,-3802,-2,-3,-5,0,36523,127,32,65,0,0,0,0,0,0,0,0,-32302,0,0,0,0,0,83335,0
83334,914,8140,318,53,-11,33,-3804,-1,1,-4,0,36523,127,32,65,0,0,0,0,0,0,0,0,-32302,0,0,0,0,0,83340,0
83339,906,8170,362,56,-7,33,-3803,-4,3,-5,0,36524,124,32,65,0,0,0,0,0,0,0,0,-32302,0,0,0,0,0,83345,0
83344,944,8132,294,52,7,29,-3803,-1,2,-4,0,36524,124,32,65,0,0,0,0,0,0,0,0,-32302,0,0,0,0,0,83350,0
83349,1010,8190,334,55,23,36,-3803,-9,1,-5,0,36530,121,32,65,0,0,0,0,0,0,0,0,-32302,0,0,0,0,0,83355,0
83354,1030,8232,312,57,28,27,-3803,-1,1,-5,0,36530,121,32,65,0,0,0,0,0,0,0,0,-32302,0,0,0,0,0,83360,0
83359,942,8078,314,61,42,23,-3803,3,-3,-5,0,36534,126,32,65,0,0,0,0,0,0,0,0,-32302,0,0,0,0,0,83365,0
83364,1018,8160,292,51,66,24,-3802,1,1,-4,0,36534,126,32,65,0,0,0,0,0,0,0,0,-32302,0,0,0,0,0,83370,0
83369,1090,8084,306,57,73,22,-3802,0,4,-5,0,36535,125,32,65,0,0,0,0,0,0,0,0,-32302,0,0,0,0,0,83375,0
83374,1050,8058,282,55,90,22,-3803,0,3,-5,0,36535,125,32,65,0,0,0,0,0,0,0,0,-32302,0,0,0,0,0,83380,0
83379,1026,8038,312,47,104,20,-3802,5,-2,-5,0,36528,124,32,65,0,0,0,0,0,0,0,0,-32302,0,0,0,0,0,83385,0
83384,1104,7988,224,43,124,13,-3803,-2,-3,-6,0,36528,124,32,65,0,0,0,0,0,0,0,0,-32302,0,0,0,0,0,83390,0
83389,1102,8026,302,43,148,16,-3802,0,0,-5,0,36527,123,32,65,0,0,0,0,0,0,0,0,-32302,0,0,0,0,0,83395,0
83394,1100,7994,280,47,158,11,-3802,5,2,-3,0,36527,123,32,65,0,0,0,0,0,0,0,0,-32302,0,0,0,0,0,83400,0
83399,1070,7992,252,43,165,3,-3804,0,-2,-5,0,36527,126,32,65,0,0,0,0,0,0,0,0,-32302,0,0,0,0,0,83405,0
83404,1078,8038,228,36,183,3,-3802,0,-1,-4,0,36527,126,32,65,0,0,0,0,0,0,0,0,-32302,0,0,0,0,0,83410,0
83409,1080,8044,290,39,195,-1,-3802,-2,-2,-5,0,36527,129,32,65,0,0,0,0,0,0,0,0,-32302,0,0,0,0,0,83415,0
83414,1070,8038,264,39,203,4,-3802,1,2,-4,0,36527,129,32,65,0,0,0,0,0,0,0,0,-32302,0,0,0,0,0,83420,0
83419,1006,7990,292,35,212,1,-3803,3,-1,-3,0,36525,129,32,65,0,0,0,0,0,0,0,0,-32302,0,0,0,0,0,83425,0
83424,998,8016,246,34,219,-12,-3803,0,-5,-5,0,36525,129,32,65,0,0,0,0,0,0,0,0,-32302,0,0,0,0,0,83430,0
83429,990,8052,304,30,226,-13,-3802,1,3,-4,0,36525,134,32,65,0,0,0,0,0,0,0,0,-32302,0,0,0,0,0,83435,0
83434,984,8040,322,32,226,-16,-3803,-2,0,-5,0,36525,134,32,65,0,0,0,0,0,0,0,0,-32301,0,0,0,0,0,83440,0
83439,980,8056,292,28,226,-17,-3803,1,0,-5,0,36525,140,32,65,0,0,0,0,0,0,0,0,-32302,0,0,0,0,0,83445,0
83444,898,8098,306,22,230,-18,-3802,-3,2,-7,0,36525,140,32,65,0,0,0,0,0,0,0,0,-32303,0,0,0,0,0,83450,0
83449,864,8114,316,26,223,-19,-3802,-1,-2,-5,0,36529,141,32,65,0,0,0,0,0,0,0,0,-32302,0,0,0,0,0,83455,0
83454,838,8100,334,26,226,-24,-3803,-5,-2,-5,0,36529,141,32,65,0,0,0,0,0,0,0,0,-32302,0,0,0,0,0,83460,0
83459,816,8114,350,21,223,-21,-3803,-6,-2,-5,0,36530,130,32,65,0,0,0,0,0,0,0,0,-32302,0,0,0,0,0,83465,0
83464,772,8070,352,23,203,-20,-3803,0,-4,-4,0,36530,130,32,65,0,0,0,0,0,0,0,0,-32302,0,0,0,0,0,83470,0
83469,784,8062,364,19,207,-18,-3802,-2,2,-4,0,36530,130,32,65,0,0,0,0,0,0,0,0,-32302,0,0,0,0,0,83475,0
83474,784,8012,378,20,193,-20,-3804,-2,-2,-6,0,36530,130,32,65,0,0,0,0,0,0,0,0,-32302,0,0,0,0,0,83480,0
83479,780,8066,364,21,181,-27,-3803,-1,-4,-4,0,36525,127,32,65,0,0,0,0,0,0,0,0,-32302,0,0,0,0,0,83485,0
83484,770,8042,390,22,162,-24,-3802,-3,7,-5,0,36525,127,32,65,0,0,0,0,0,0,0,0,-32302,0,0,0,0,0,83490,0
83489,750,8026,424,14,143,-16,-3802,1,2,-3,0,36524,132,32,65,0,0,0,0,0,0,0,0,-32302,0,0,0,0,0,83495,0
83494,718,7980,448,20,129,-21,-3802,0,2,-5,0,36524,132,32,65,0,0,0,0,0,0,0,0,-32303,0,0,0,0,0,83500,0
83499,736,7984,452,21,109,-21,-3802,0,2,-4,0,36523,127,32,65,0,0,0,0,0,0,0,0,-32302,0,0,0,0,0,83506,0
83504,728,7948,458,23,63,-25,-3804,1,-4,-4,0,36523,127,32,65,0,0,0,0,0,0,0,0,-32302,0,0,0,0,0,83511,0
83509,722,7948,470,26,45,-25,-3803,-1,-1,-4,0,36525,131,32,65,0,0,0,0,0,0,0,0,-32302,0,0,0,0,0,83516,0
83514,752,7966,462,25,19,-27,-3803,-3,4,-4,0,36525,131,32,65,0,0,0,0,0,0,0,0,-32302,0,0,0,0,0,83521,0
83519,738,7934,466,25,-5,-27,-3803,4,-3,-4,0,36523,134,32,65,0,0,0,0,0,0,0,0,-32302,0,0,0,0,0,83526,0
83524,750,7912,526,33,-53,-28,-3803,0,-1,-4,0,36523,134,32,65,0,0,0,0,0,0,0,0,-32302,0,0,0,0,0,83531,0
83529,746,7960,536,26,-80,-30,-3803,3,1,-4,0,36518,136,32,65,0,0,0,0,0,0,0,0,-32302,0,0,0,0,0,83536,0
83534,754,7840,422,38,-107,-34,-3803,-7,-2,-4,0,36518,136,32,65,0,0,0,0,0,0,0,0,-32302,0,0,0,0,0,83541,0
83539,706,7836,552,28,-136,-40,-3803,1,3,-5,0,36516,135,32,65,0,0,0,0,0,0,0,0,-32302,0,0,0,0,0,83546,0
83544,864,7950,502,36,-185,-41,-3802,0,1,-5,0,36516,135,32,65,0,0,0,0,0,0,0,0,-32302,0,0,0,0,0,83551,0
83549,888,7954,514,43,-211,-43,-3802,9,0,-7,0,36518,133,32,65,0,0,0,0,0,0,0,0,-32302,0,0,0,0,0,83556,0
83554,864,8028,514,47,-239,-49,-3802,1,4,-6,0,36518,133,32,65,0,0,0,0,0,0,0,0,-32302,0,0,0,0,0,83561,0
83559,854,7978,446,48,-258,-56,-3802,2,3,-3,0,36524,142,32,65,0,0,0,0,0,0,0,0,-32302,0,0,0,0,0,83566,0
83564,828,8074,476,49,-298,-67,-3801,7,3,-3,0,36524,142,32,65,0,0,0,0,0,0,0,0,-32302,0,0,0,0,0,83571,0
83569,852,8134,448,46,-323,-65,-3803,0,1,-3,0,36526,134,32,65,0,0,0,0,0,0,0,0,-32302,0,0,0,0,0,83576,0
83574,812,8180,436,50,-335,-73,-3804,-4,0,-4,0,36526,134,32,65,0,0,0,0,0,0,0,0,-32302,0,0,0,0,0,83581,0
83579,846,8212,394,44,-347,-74,-3803,-5,-1,-4,0,36526,142,32,65,0,0,0,0,0,0,0,0,-32302,0,0,0,0,0,83586,0
83584,802,8270,368,44,-376,-85,-3802,8,1,-4,0,36526,142,32,65,0,0,0,0,0,0,0,0,-32302,0,0,0,0,0,83591,0
83589,834,8312,342,44,-381,-85,-3802,2,-5,-4,0,36525,137,32,65,0,0,0,0,0,0,0,0,-32302,0,0,0,0,0,83596,0
83594,780,8296,314,41,-398,-90,-3803,-4,3,-5,0,36525,137,32,65,0,0,0,0,0,0,0,0,-32302,0,0,0,0,0,83601,0
83599,752,8270,234,42,-406,-95,-3802,5,-1,-5,0,36525,131,32,65,0,0,0,0,0,0,0,0,-32302,0,0,0,0,0,83606,0
83604,734,8346,236,30,-425,-99,-3803,-2,-4,-4,0,36525,131,32,65,0,0,0,0,0,0,0,0,-32302,0,0,0,0,0,83611,0
83609,702,8304,196,38,-448,-97,-3803,1,0,-5,0,36524,131,32,65,0,0,0,0,0,0,0,0,-32302,0,0,0,0,0,83616,0
83614,656,8402,216,20,-454,-101,-3803,-2,0,-5,0,36524,131,32,65,0,0,0,0,0,0,0,0,-32302,0,0,0,0,0,83621,0
83619,626,8374,94,27,-471,-103,-3802,-3,4,-5,0,36523,137,32,65,0,0,0,0,0,0,0,0,-32302,0,0,0,0,0,83626,0
83624,688,8426,268,6,-488,-103,-3801,3,2,-6,0,36523,137,32,65,0,0,0,0,0,0,0,0,-32302,0,0,0,0,0,83631,0
83629,618,8370,222,3,-498,-103,-3803,0,-3,-4,0,36520,137,32,65,0,0,0,0,0,0,0,0,-32302,0,0,0,0,0,83636,0
83634,590,8328,126,-5,-502,-96,-3802,3,2,-4,0,36520,137,32,65,0,0,0,0,0,0,0,0,-32302,0,0,0,0,0,83641,0
83639,554,8328,100,-13,-513,-94,-3802,3,1,-6,0,36519,126,32,65,0,0,0,0,0,0,0,0,-32302,0,0,0,0,0,83646,0
83644,486,8300,96,-23,-523,-84,-3803,-6,-2,-6,0,36519,126,32,65,0,0,0,0,0,0,0,0,-32302,0,0,0,0,0,83651,0
83649,472,8262,104,-34,-535,-78,-3802,-2,3,-8,0,36521,118,32,65,0,0,0,0,0,0,0,0,-32302,0,0,0,0,0,83656,0
83654,408,8214,114,-40,-543,-75,-3802,-4,-5,-8,0,36521,118,32,65,0,0,0,0,0,0,0,0,-32302,0,0,0,0,0,83661,0
83659,368,8190,124,-51,-550,-67,-3801,1,0,-9,0,36524,127,32,65,0,0,0,0,0,0,0,0,-32302,0,0,0,0,0,83666,0
83664,342,8164,88,-65,-558,-46,-3800,6,-2,-9,0,36524,127,32,65,0,0,0,0,0,0,0,0,-32302,0,0,0,0,0,83671,0
83669,350,8158,94,-75,-567,-28,-3800,5,0,-8,0,36525,134,32,65,0,0,0,0,0,0,0,0,-32302,0,0,0,0,0,83676,0
83674,336,8138,96,-84,-565,-23,-3800,6,2,-6,0,36525,134,32,65,0,0,0,0,0,0,0,0,-32302,0,0,0,0,0,83681,0
83679,348,8142,102,-94,-576,-9,-3800,2,0,-6,0,36524,126,32,65,0,0,0,0,0,0,0,0,-32302,0,0,0,0,0,83686,0
83684,392,8152,80,-109,-569,14,-3799,4,1,-7,0,36524,126,32,65,0,0,0,0,0,0,0,0,-32302,0,0,0,0,0,83691,0
83689,392,8168,64,-121,-570,20,-3799,9,0,-5,0,36525,123,32,65,0,0,0,0,0,0,0,0,-32302,0,0,0,0,0,83696,0
83694,378,8212,58,-126,-562,30,-3800,-1,-1,-5,0,36525,123,32,65,0,0,0,0,0,0,0,0,-32302,0,0,0,0,0,83701,0
83699,408,8284,72,-135,-557,39,-3801,-5,-5,-4,0,36523,125,32,65,0,0,0,0,0,0,0,0,-32302,0,0,0,0,0,83706,0
83704,432,8338,108,-147,-546,62,-3800,-1,-2,-5,0,36523,125,32,65,0,0,0,0,0,0,0,0,-32302,0,0,0,0,0,83711,0
83709,428,8312,128,-157,-539,60,-3799,2,-2,-5,0,36524,129,32,65,0,0,0,0,0,0,0,0,-32303,0,0,0,0,0,83716,0
83714,546,8300,170,-163,-539,77,-3800,-1,-4,-4,0,36524,129,32,65,0,0,0,0,0,0,0,0,-32302,0,0,0,0,0,83721,0
83719,576,8348,198,-177,-534,71,-3799,-1,4,-5,0,36530,135,32,65,0,0,0,0,0,0,0,0,-32302,0,0,0,0,0,83726,0
83724,586,8380,228,-187,-525,89,-3799,6,-2,-5,0,36530,135,32,65,0,0,0,0,0,0,0,0,-32302,0,0,0,0,0,83731,0
83729,680,8408,300,-186,-517,92,-3801,-3,-3,-4,0,36534,136,32,65,0,0,0,0,0,0,0,0,-32302,0,0,0,0,0,83736,0
83734,544,8314,218,-191,-518,100,-3800,-5,3,-5,0,36534,136,32,65,0,0,0,0,0,0,0,0,-32302,0,0,0,0,0,83741,0
83739,610,8306,322,-200,-515,105,-3800,1,0,-6,0,36535,141,32,65,0,0,0,0,0,0,0,0,-32303,0,0,0,0,0,83746,0
83744,568,8242,308,-204,-512,109,-3801,-5,-2,-5,0,36535,141,32,65,0,0,0,0,0,0,0,0,-32302,0,0,0,0,0,83751,0
83749,592,8238,334,-208,-517,114,-3799,-2,1,-5,0,36530,139,32,65,0,0,0,0,0,0,0,0,-32302,0,0,0,0,0,83756,0
83754,660,8186,332,-212,-519,117,-3800,-5,-2,-2,0,36530,139,32,65,0,0,0,0,0,0,0,0,-32302,0,0,0,0,0,83761,0
83759,660,8156,342,-215,-522,119,-3801,-2,-6,-4,0,36524,139,32,65,0,0,0,0,0,0,0,0,-32302,0,0,0,0,0,83766,0
83764,730,8170,356,-221,-521,122,-3800,-4,-2,-7,0,36524,139,32,65,0,0,0,0,0,0,0,0,-32303,0,0,0,0,0,83771,0
83769,746,8114,330,-230,-525,125,-3799,7,3,-5,0,36529,140,32,65,0,0,0,0,0,0,0,0,-32302,0,0,0,0,0,83776,0
83774,726,8114,360,-231,-532,126,-3800,0,0,-4,0,36529,140,32,65,0,0,0,0,0,0,0,0,-32302,0,0,0,0,0,83781,0
83779,730,8076,362,-236,-531,126,-3800,4,0,-4,0,36529,144,32,65,0,0,0,0,0,0,0,0,-32302,0,0,0,0,0,83786,0
83784,624,7786,222,-247,-536,131,-3800,1,-1,-3,0,36529,144,32,65,0,0,0,0,0,0,0,0,-32302,0,0,0,0,0,83791,0
83789,708,8124,452,-245,-537,135,-3800,1,0,-2,0,36527,142,32,65,0,0,0,0,0,0,0,0,-32302,0,0,0,0,0,83796,0
83794,844,8052,332,-249,-550,135,-3799,1,2,-5,0,36527,142,32,65,0,0,0,0,0,0,0,0,-32302,0,0,0,0,0,83801,0
83799,774,8086,306,-259,-552,132,-3799,4,2,-5,0,36521,139,32,65,0,0,0,0,0,0,0,0,-32302,0,0,0,0,0,83806,0
83804,868,8090,268,-263,-553,139,-3800,-2,0,-6,0,36521,139,32,65,0,0,0,0,0,0,0,0,-32302,0,0,0,0,0,83811,0
83809,856,8132,252,-264,-554,130,-3800,0,0,-5,0,36522,141,32,65,0,0,0,0,0,0,0,0,-32302,0,0,0,0,0,83816,0
83814,850,8136,266,-270,-554,133,-3799,0,-2,-5,0,36522,141,32,65,0,0,0,0,0,0,0,0,-32302,0,0,0,0,0,83821,0
83819,840,8126,316,-278,-556,132,-3800,2,0,-5,0,36523,136,32,65,0,0,0,0,0,0,0,0,-32302,0,0,0,0,0,83826,0
83824,804,8120,288,-297,-563,135,-3800,-5,1,-4,0,36523,136,32,65,0,0,0,0,0,0,0,0,-32302,0,0,0,0,0,83831,0
83829,796,8148,300,-295,-558,137,-3800,0,-3,-4,0,36524,135,32,65,0,0,0,0,0,0,0,0,-32302,0,0,0,0,0,83836,0
83834,822,8164,284,-304,-563,133,-3800,-1,0,-3,0,36524,135,32,65,0,0,0,0,0,0,0,0,-32302,0,0,0,0,0,83841,0
83839,856,8158,306,-309,-565,132,-3800,3,-2,-6,0,36525,137,32,65,0,0,0,0,0,0,0,0,-32302,0,0,0,0,0,83846,0
83844,858,8164,330,-317,-566,134,-3799,0,1,-4,0,36525,137,32,65,0,0,0,0,0,0,0,0,-32302,0,0,0,0,0,83851,0
83849,880,8170,356,-322,-569,126,-3799,0,3,-5,0,36526,134,32,65,0,0,0,0,0,0,0,0,-32302,0,0,0,0,0,83856,0
83854,880,8168,382,-328,-575,132,-3800,-1,0,-3,0,36526,134,32,65,0,0,0,0,0,0,0,0,-32302,0,0,0,0,0,83861,0
83859,920,8174,390,-330,-572,132,-3799,6,0,-4,0,36524,128,32,65,0,0,0,0,0,0,0,0,-32302,0,0,0,0,0,83866,0
83864,882,8204,438,-341,-580,128,-3800,1,-3,-4,0,36524,128,32,65,0,0,0,0,0,0,0,0,-32302,0,0,0,0,0,83871,0
83869,886,8240,480,-343,-591,122,-3799,0,2,-7,0,36525,125,32,65,0,0,0,0,0,0,0,0,-32302,0,0,0,0,0,83876,0
83874,878,8268,520,-343,-590,119,-3798,12,8,-4,0,36525,125,32,65,0,0,0,0,0,0,0,0,-32302,0,0,0,0,0,83881,0
83879,860,8274,506,-345,-594,119,-3799,0,3,-4,0,36526,133,32,65,0,0,0,0,0,0,0,0,-32302,0,0,0,0,0,83886,0
83884,872,8360,562,-347,-601,119,-3801,1,-1,-4,0,36526,133,32,65,0,0,0,0,0,0,0,0,-32302,0,0,0,0,0,83891,0
83889,852,8318,530,-347,-611,114,-3800,2,0,-4,0,36525,144,32,65,0,0,0,0,0,0,0,0,-32302,0,0,0,0,0,83896,0
83894,838,8346,572,-354,-611,109,-3800,-2,7,-4,0,36525,144,32,65,0,0,0,0,0,0,0,0,-32302,0,0,0,0,0,83901,0
83899,796,8358,600,-354,-623,107,-3799,0,-1,-3,0,36523,134,32,65,0,0,0,0,0,0,0,0,-32302,0,0,0,0,0,83906,0
83904,824,8320,638,-348,-636,103,-3800,-3,0,-5,0,36523,134,32,65,0,0,0,0,0,0,0,0,-32302,0,0,0,0,0,83911,0
83909,832,8330,668,-346,-646,97,-3801,-6,1,-5,0,36523,133,32,65,0,0,0,0,0,0,0,0,-32301,0,0,0,0,0,83916,0
83914,820,8316,710,-354,-655,100,-3800,-6,-4,-5,0,36523,133,32,65,0,0,0,0,0,0,0,0,-32303,0,0,0,0,0,83921,0
83919,834,8254,740,-347,-661,93,-3800,-4,-2,-5,0,36525,137,32,65,0,0,0,0,0,0,0,0,-32302,0,0,0,0,0,83926,0
83924,880,8264,782,-341,-679,91,-3799,6,7,-6,0,36525,137,32,65,0,0,0,0,0,0,0,0,-32302,0,0,0,0,0,83931,0
83929,918,8236,824,-339,-689,88,-3801,-3,3,-5,0,36524,140,32,65,0,0,0,0,0,0,0,0,-32302,0,0,0,0,0,83936,0
83934,948,8214,830,-333,-690,86,-3801,-3,4,-4,0,36524,140,32,65,0,0,0,0,0,0,0,0,-32303,0,0,0,0,0,83941,0
83939,966,8160,854,-328,-695,81,-3799,1,2,-5,0,36522,137,32,65,0,0,0,0,0,0,0,0,-32302,0,0,0,0,0,83946,0
83944,1082,8092,842,-323,-716,75,-3800,-4,5,-4,0,36522,137,32,65,0,0,0,0,0,0,0,0,-32302,0,0,0,0,0,83951,0
83949,924,8080,836,-316,-726,70,-3799,1,1,-4,0,36521,132,32,65,0,0,0,0,0,0,0,0,-32302,0,0,0,0,0,83956,0
83954,874,8036,866,-315,-735,70,-3799,3,1,-5,0,36521,132,32,65,0,0,0,0,0,0,0,0,-32302,0,0,0,0,0,83961,0
83959,852,7994,860,-306,-745,69,-3800,0,2,-5,0,36522,129,32,65,0,0,0,0,0,0,0,0,-32302,0,0,0,0,0,83966,0
83964,886,7894,880,-297,-762,61,-3799,2,-2,-5,0,36522,129,32,65,0,0,0,0,0,0,0,0,-32302,0,0,0,0,0,83971,0
83969,866,7898,878,-296,-778,57,-3799,0,0,-7,0,36525,139,32,65,0,0,0,0,0,0,0,0,-32302,0,0,0,0,0,83976,0
83974,882,7880,878,-300,-787,55,-3799,-3,0,-5,0,36525,139,32,65,0,0,0,0,0,0,0,0,-32302,0,0,0,0,0,83981,0
83979,912,7874,872,-289,-796,49,-3799,3,-5,-4,0,36524,138,32,65,0,0,0,0,0,0,0,0,-32302,0,0,0,0,0,83986,0
83984,940,7846,882,-283,-818,44,-3800,-1,0,-5,0,36524,138,32,65,0,0,0,0,0,0,0,0,-32302,0,0,0,0,0,83991,0
83989,960,7876,876,-282,-825,35,-3800,-5,-2,-3,0,36524,133,32,65,0,0,0,0,0,0,0,0,-32302,0,0,0,0,0,83996,0
83994,982,7842,870,-280,-833,29,-3799,2,-3,-5,0,36524,133,32,65,0,0,0,0,0,0,0,0,-32302,0,0,0,0,0,84001,0
83999,1044,7812,840,-278,-835,29,-3799,1,2,-5,0,36523,128,32,65,0,0,0,0,0,0,0,0,-32302,0,0,0,0,0,84006,0
84004,1190,7866,834,-272,-845,17,-3800,0,0,-5,0,36523,128,32,65,0,0,0,0,0,0,0,0,-32302,0,0,0,0,0,84011,0
84009,1264,7918,858,-274,-848,11,-3800,-1,-3,-4,0,36522,122,32,65,0,0,0,0,0,0,0,0,-32302,0,0,0,0,0,84016,0
84014,1332,7980,844,-268,-854,8,-3799,4,0,-3,0,36522,122,32,65,0,0,0,0,0,0,0,0,-32302,0,0,0,0,0,84021,0
84019,1416,8054,850,-264,-851,0,-3800,3,2,-3,0,36521,126,32,65,0,0,0,0,0,0,0,0,-32302,0,0,0,0,0,84026,0
84024,1394,8092,784,-257,-843,-16,-3800,-1,0,-4,0,36521,126,32,65,0,0,0,0,0,0,0,0,-32302,0,0,0,0,0,84031,0
84029,1338,8126,762,-254,-844,-29,-3799,1,-1,-4,0,36521,131,32,65,0,0,0,0,0,0,0,0,-32302,0,0,0,0,0,84036,0
84034,1280,8170,754,-247,-842,-39,-3800,1,1,-4,0,36521,131,32,65,0,0,0,0,0,0,0,0,-32303,0,0,0,0,0,84041,0
84039,1142,8172,770,-247,-833,-64,-3800,2,1,-5,0,36522,133,32,65,0,0,0,0,0,0,0,0,-32302,0,0,0,0,0,84046,0
84044,514,8162,850,-242,-807,-141,-3801,-5,-5,-3,0,36522,133,32,65,0,0,0,0,0,0,0,0,-32302,0,0,0,0,0,84051,0
84049,58,8198,892,-245,-796,-193,-3799,0,1,-5,0,36522,129,32,65,0,0,0,0,0,0,0,0,-32302,0,0,0,0,0,84056,0
84054,-306,8204,840,-242,-788,-241,-3801,-3,6,-6,0,36522,129,32,65,0,0,0,0,0,0,0,0,-32302,0,0,0,0,0,84061,0
84059,-570,8236,798,-245,-778,-298,-3800,-5,2,-4,0,36523,133,32,65,0,0,0,0,0,0,0,0,-32302,0,0,0,0,0,84066,0
84064,-802,8290,658,-241,-754,-425,-3798,4,-4,-5,0,36523,133,32,65,0,0,0,0,0,0,0,0,-32302,0,0,0,0,0,84071,0
84069,-950,8334,672,-235,-745,-503,-3799,1,5,-5,0,36525,135,32,65,0,0,0,0,0,0,0,0,-32302,0,0,0,0,0,84076,0
84074,-1140,8378,608,-231,-728,-570,-3799,2,4,-12,0,36525,135,32,65,0,0,0,0,0,0,0,0,-32302,0,0,0,0,0,84081,0
84079,-1300,8424,528,-219,-713,-631,-3797,8,1,-13,0,36530,133,32,65,0,0,0,0,0,0,0,0,-32302,0,0,0,0,0,84086,0
84084,-1044,8658,464,-199,-680,-713,-3797,5,6,-18,0,36530,133,32,65,0,0,0,0,0,0,0,0,-32301,0,0,0,0,0,84091,0
84089,-832,8710,454,-187,-658,-760,-3794,6,6,-19,0,36528,128,32,65,0,0,0,0,0,0,0,0,-32302,0,0,0,0,0,84096,0
84094,-658,8746,496,-173,-629,-802,-3792,5,2,-19,0,36528,128,32,65,0,0,0,0,0,0,0,0,-32302,0,0,0,0,0,84101,0
84099,-498,8810,506,-162,-600,-835,-3791,3,2,-20,0,36526,131,32,65,0,0,0,0,0,0,0,0,-32302,0,0,0,0,0,84106,0
84104,-392,8716,446,-131,-520,-883,-3787,13,-4,-23,0,36526,131,32,65,0,0,0,0,0,0,0,0,-32302,0,0,0,0,0,84111,0
84109,-372,8730,426,-106,-484,-899,-3785,17,0,-29,0,36521,138,32,65,0,0,0,0,0,0,0,0,-32302,0,0,0,0,0,84116,0
84114,-358,8568,434,-92,-439,-906,-3781,23,7,-38,0,36521,138,32,65,0,0,0,0,0,0,0,0,-32302,0,0,0,0,0,84121,0
84119,-234,8514,432,-71,-404,-914,-3776,23,8,-54,0,36521,136,32,65,0,0,0,0,0,0,0,0,-32302,0,0,0,0,0,84126,0
84124,-174,8348,440,-28,-322,-937,-3764,51,20,-88,0,36521,136,32,65,0,0,0,0,0,0,0,0,-32302,0,0,0,0,0,84131,0
84129,-234,8186,420,-2,-285,-947,-3748,74,41,-119,0,36520,128,32,65,0,0,0,0,0,0,0,0,-32302,0,0,0,0,0,84136,0
84134,-242,8186,448,16,-248,-951,-3736,58,43,-109,0,36520,128,32,65,0,0,0,0,0,0,0,0,-32302,0,0,0,0,0,84141,0
84139,-306,8092,438,39,-216,-953,-3733,8,6,-53,0,36521,126,32,65,0,0,0,0,0,0,0,0,-32302,0,0,0,0,0,84146,0
84144,-310,7996,462,79,-156,-956,-3732,2,-25,-9,0,36521,126,32,65,0,0,0,0,0,0,0,0,-32302,0,0,0,0,0,84151,0
84149,-308,8012,524,103,-127,-962,-3733,-6,-60,-3,0,36522,127,32,65,0,0,0,0,0,0,0,0,-32302,0,0,0,0,0,84156,0
84154,-352,7918,526,120,-99,-970,-3733,1,-55,-3,0,36522,127,32,65,0,0,0,0,0,0,0,0,-32302,0,0,0,0,0,84161,0
84159,-324,7942,560,144,-75,-983,-3731,7,-33,-3,0,36522,124,32,65,0,0,0,0,0,0,0,0,-32303,0,0,0,0,0,84166,0
84164,-482,7954,594,181,-39,-998,-3732,1,-6,-3,0,36522,124,32,65,0,0,0,0,0,0,0,0,-32303,0,0,0,0,0,84171,0
84169,-448,7958,652,190,-23,-993,-3732,-1,3,-1,0,36523,127,32,65,0,0,0,0,0,0,0,0,-32302,0,0,0,0,0,84176,0
84174,-454,7976,680,208,-13,-1000,-3731,5,1,-3,0,36523,127,32,65,0,0,0,0,0,0,0,0,-32302,0,0,0,0,0,84181,0
84179,-422,7964,700,223,4,-1005,-3732,0,-3,-2,0,36524,129,32,65,0,0,0,0,0,0,0,0,-32302,0,0,0,0,0,84186,0
84184,-466,8060,760,234,13,-1019,-3732,-4,-5,-2,0,36524,129,32,65,0,0,0,0,0,0,0,0,-32302,0,0,0,0,0,84191,0
84189,-510,8030,774,243,25,-1031,-3732,-1,-6,-2,0,36526,133,32,65,0,0,0,0,0,0,0,0,-32302,0,0,0,0,0,84196,0
84194,-166,7808,838,257,44,-1033,-3732,5,3,-5,0,36526,133,32,65,0,0,0,0,0,0,0,0,-32302,0,0,0,0,0,84201,0
84199,-1080,8392,958,245,17,-1042,-3732,4,1,-4,0,36525,127,32,65,0,0,0,0,0,0,0,0,-32302,0,0,0,0,0,84206,0
84204,-574,8132,860,253,18,-1052,-3732,-1,0,-3,0,36525,127,32,65,0,0,0,0,0,0,0,0,-32302,0,0,0,0,0,84211,0
84209,-396,7988,714,252,9,-1060,-3734,-9,0,-3,0,36525,125,32,65,0,0,0,0,0,0,0,0,-32302,0,0,0,0,0,84216,0
84214,-478,8090,892,253,-10,-1071,-3732,0,0,-4,0,36525,125,32,65,0,0,0,0,0,0,0,0,-32302,0,0,0,0,0,84221,0
84219,-434,8036,908,244,-33,-1079,-3733,-1,0,-3,0,36524,122,32,65,0,0,0,0,0,0,0,0,-32302,0,0,0,0,0,84226,0
84224,-332,7992,912,242,-67,-1083,-3733,-1,5,-3,0,36524,122,32,65,0,0,0,0,0,0,0,0,-32302,0,0,0,0,0,84231,0
84229,-272,8012,934,241,-81,-1082,-3731,0,0,-4,0,36522,131,32,65,0,0,0,0,0,0,0,0,-32302,0,0,0,0,0,84236,0
84234,-244,8036,940,240,-100,-1089,-3732,3,3,-4,0,36522,131,32,65,0,0,0,0,0,0,0,0,-32302,0,0,0,0,0,84241,0
84239,-244,8002,956,244,-119,-1094,-3732,-2,3,-2,0,36520,131,32,65,0,0,0,0,0,0,0,0,-32302,0,0,0,0,0,84246,0
84244,-166,8026,962,239,-145,-1098,-3732,-4,-4,-2,0,36520,131,32,65,0,0,0,0,0,0,0,0,-32302,0,0,0,0,0,84251,0
84249,-170,8026,948,236,-165,-1100,-3731,5,0,-3,0,36518,132,32,65,0,0,0,0,0,0,0,0,-32302,0,0,0,0,0,84256,0
84254,-128,8008,930,231,-177,-1098,-3732,0,1,-3,0,36518,132,32,65,0,0,0,0,0,0,0,0,-32302,0,0,0,0,0,84261,0
84259,-82,8036,916,229,-199,-1106,-3732,0,-3,-3,0,36520,131,32,65,0,0,0,0,0,0,0,0,-32302,0,0,0,0,0,84266,0
84264,-76,7996,944,229,-238,-1112,-3733,-5,0,-3,0,36520,131,32,65,0,0,0,0,0,0,0,0,-32302,0,0,0,0,0,84271,0
84269,-64,8012,940,232,-261,-1108,-3732,0,-1,-3,0,36521,134,32,65,0,0,0,0,0,0,0,0,-32302,0,0,0,0,0,84276,0
84274,-18,8004,936,231,-272,-1104,-3733,-5,0,-2,0,36521,134,32,65,0,0,0,0,0,0,0,0,-32302,0,0,0,0,0,84281,0
84279,-4,7978,944,226,-298,-1104,-3731,1,-1,-3,0,36520,139,32,65,0,0,0,0,0,0,0,0,-32302,0,0,0,0,0,84286,0
84284,60,7950,942,228,-343,-1100,-3733,-6,-1,-5,0,36520,139,32,65,0,0,0,0,0,0,0,0,-32302,0,0,0,0,0,84291,0
84289,44,7900,952,226,-365,-1089,-3732,0,2,-3,0,36521,143,32,65,0,0,0,0,0,0,0,0,-32302,0,0,0,0,0,84296,0
84294,66,7914,974,223,-382,-1083,-3732,1,-4,-3,0,36521,143,32,65,0,0,0,0,0,0,0,0,-32302,0,0,0,0,0,84301,0
84299,126,7870,966,225,-404,-1075,-3733,-2,4,-3,0,36521,135,32,65,0,0,0,0,0,0,0,0,-32302,0,0,0,0,0,84306,0
84304,168,7850,948,219,-453,-1056,-3733,-1,1,-3,0,36521,135,32,65,0,0,0,0,0,0,0,0,-32302,0,0,0,0,0,84311,0
84309,186,7862,972,214,-473,-1045,-3732,-5,-1,-4,0,36524,132,32,65,0,0,0,0,0,0,0,0,-32302,0,0,0,0,0,84316,0
84314,224,7888,962,212,-499,-1036,-3732,-4,2,-3,0,36524,132,32,65,0,0,0,0,0,0,0,0,-32302,0,0,0,0,0,84321,0
84319,240,7896,984,209,-518,-1016,-3732,4,3,-3,0,36527,129,32,65,0,0,0,0,0,0,0,0,-32302,0,0,0,0,0,84326,0
84324,280,7886,998,205,-563,-996,-3731,2,-4,-3,0,36527,129,32,65,0,0,0,0,0,0,0,0,-32302,0,0,0,0,0,84331,0
84329,312,7926,998,201,-588,-973,-3733,-5,2,-4,0,36526,136,32,65,0,0,0,0,0,0,0,0,-32302,0,0,0,0,0,84336,0
84334,302,7902,1016,195,-613,-957,-3731,-1,1,-4,0,36526,136,32,65,0,0,0,0,0,0,0,0,-32302,0,0,0,0,0,84341,0
84339,350,7908,1044,189,-628,-936,-3732,0,-1,-4,0,36524,133,32,65,0,0,0,0,0,0,0,0,-32302,0,0,0,0,0,84346,0
84344,384,7920,1034,176,-674,-895,-3731,0,0,-5,0,36524,133,32,65,0,0,0,0,0,0,0,0,-32302,0,0,0,0,0,84351,0
84349,390,7910,1066,174,-697,-880,-3731,0,-1,-5,0,36522,128,32,65,0,0,0,0,0,0,0,0,-32302,0,0,0,0,0,84356,0
84354,412,7936,1084,160,-713,-865,-3731,5,-1,-5,0,36522,128,32,65,0,0,0,0,0,0,0,0,-32302,0,0,0,0,0,84361,0
84359,448,7912,1096,157,-731,-838,-3731,4,3,-4,0,36522,127,32,65,0,0,0,0,0,0,0,0,-32302,0,0,0,0,0,84366,0
84364,496,7918,1112,144,-756,-794,-3731,6,0,-5,0,36522,127,32,65,0,0,0,0,0,0,0,0,-32302,0,0,0,0,0,84371,0
84369,514,7958,1116,138,-772,-771,-3730,6,-2,-4,0,36523,134,32,65,0,0,0,0,0,0,0,0,-32302,0,0,0,0,0,84376,0
84374,522,7970,1122,128,-789,-749,-3730,3,-2,-5,0,36523,134,32,65,0,0,0,0,0,0,0,0,-32302,0,0,0,0,0,84381,0
84379,536,7944,1146,116,-802,-722,-3731,4,1,-5,0,36523,133,32,65,0,0,0,0,0,0,0,0,-32302,0,0,0,0,0,84386,0
84384,598,7942,1146,101,-823,-677,-3730,4,-3,-7,0,36523,133,32,65,0,0,0,0,0,0,0,0,-32302,0,0,0,0,0,84391,0
84389,580,7944,1172,97,-836,-659,-3732,-1,-1,-6,0,36525,133,32,65,0,0,0,0,0,0,0,0,-32302,0,0,0,0,0,84396,0
84394,594,7936,1172,84,-845,-642,-3730,-1,-1,-6,0,36525,133,32,65,0,0,0,0,0,0,0,0,-32302,0,0,0,0,0,84401,0
84399,582,8002,1184,78,-850,-611,-3731,0,-4,-5,0,36526,136,32,65,0,0,0,0,0,0,0,0,-32302,0,0,0,0,0,84406,0
84404,612,7942,1218,53,-868,-567,-3730,4,3,-5,0,36526,136,32,65,0,0,0,0,0,0,0,0,-32302,0,0,0,0,0,84411,0
84409,624,7978,1216,41,-881,-546,-3730,-1,0,-5,0,36527,132,32,65,0,0,0,0,0,0,0,0,-32302,0,0,0,0,0,84416,0
84414,604,7964,1246,37,-884,-533,-3730,0,-1,-6,0,36527,132,32,65,0,0,0,0,0,0,0,0,-32302,0,0,0,0,0,84421,0
84419,614,7954,1262,18,-896,-508,-3730,2,2,-5,0,36523,137,32,65,0,0,0,0,0,0,0,0,-32302,0,0,0,0,0,84426,0
84424,602,7894,1300,-3,-907,-469,-3731,-7,-5,-5,0,36523,137,32,65,0,0,0,0,0,0,0,0,-32302,0,0,0,0,0,84431,0
84429,620,7848,1302,-18,-912,-449,-3729,1,4,-4,0,36523,138,32,65,0,0,0,0,0,0,0,0,-32302,0,0,0,0,0,84436,0
84434,624,7836,1328,-39,-920,-428,-3730,-1,-2,-5,0,36523,138,32,65,0,0,0,0,0,0,0,0,-32302,0,0,0,0,0,84441,0
84439,640,7786,1338,-48,-925,-414,-3729,0,1,-5,0,36521,139,32,65,0,0,0,0,0,0,0,0,-32302,0,0,0,0,0,84446,0
84444,654,7708,1372,-79,-929,-378,-3730,-9,0,-2,0,36521,139,32,65,0,0,0,0,0,0,0,0,-32302,0,0,0,0,0,84451,0
84449,654,7682,1374,-93,-935,-358,-3730,1,-2,-4,0,36522,134,32,65,0,0,0,0,0,0,0,0,-32302,0,0,0,0,0,84456,0
84454,616,7666,1364,-107,-936,-342,-3729,2,-4,-4,0,36522,134,32,65,0,0,0,0,0,0,0,0,-32302,0,0,0,0,0,84461,0
84459,654,7622,1372,-126,-940,-323,-3729,3,0,-4,0,36521,128,32,65,0,0,0,0,0,0,0,0,-32302,0,0,0,0,0,84466,0
84464,660,7610,1396,-157,-956,-285,-3730,0,-3,-4,0,36521,128,32,65,0,0,0,0,0,0,0,0,-32303,0,0,0,0,0,84471,0
84469,628,7592,1384,-172,-957,-267,-3730,0,0,-3,0,36522,131,32,65,0,0,0,0,0,0,0,0,-32302,0,0,0,0,0,84476,0
84474,640,7640,1368,-182,-961,-250,-3730,-9,-6,-5,0,36522,131,32,65,0,0,0,0,0,0,0,0,-32302,0,0,0,0,0,84481,0
84479,630,7660,1358,-204,-972,-230,-3729,3,2,-6,0,36522,133,32,65,0,0,0,0,0,0,0,0,-32302,0,0,0,0,0,84486,0
84484,694,7716,1358,-228,-977,-186,-3730,0,-5,-3,0,36522,133,32,65,0,0,0,0,0,0,0,0,-32303,0,0,0,0,0,84491,0
84489,666,7744,1358,-240,-978,-168,-3729,-2,0,-2,0,36526,133,32,65,0,0,0,0,0,0,0,0,-32302,0,0,0,0,0,84496,0
84494,702,7802,1342,-257,-982,-143,-3729,2,-1,-4,0,36526,133,32,65,0,0,0,0,0,0,0,0,-32302,0,0,0,0,0,84501,0
84499,712,7810,1322,-271,-983,-119,-3729,-2,0,-5,0,36525,129,32,65,0,0,0,0,0,0,0,0,-32302,0,0,0,0,0,84507,0
84504,710,7920,1316,-293,-979,-71,-3728,6,1,-4,0,36525,129,32,65,0,0,0,0,0,0,0,0,-32302,0,0,0,0,0,84512,0
84509,744,7948,1274,-304,-983,-45,-3728,0,-1,-3,0,36524,130,32,65,0,0,0,0,0,0,0,0,-32302,0,0,0,0,0,84517,0
84514,748,7958,1260,-306,-976,-21,-3731,-9,0,-6,0,36524,130,32,65,0,0,0,0,0,0,0,0,-32302,0,0,0,0,0,84522,0
84519,752,8014,1230,-321,-970,1,-3728,4,1,-4,0,36524,132,32,65,0,0,0,0,0,0,0,0,-32302,0,0,0,0,0,84527,0
84524,742,8120,1196,-330,-961,52,-3729,0,-3,-5,0,36524,132,32,65,0,0,0,0,0,0,0,0,-32302,0,0,0,0,0,84532,0
84529,800,8162,1152,-331,-959,77,-3730,-5,-4,-3,0,36516,139,32,65,0,0,0,0,0,0,0,0,-32302,0,0,0,0,0,84537,0
84534,780,8158,1138,-337,-949,103,-3728,-4,0,-3,0,36516,139,32,65,0,0,0,0,0,0,0,0,-32302,0,0,0,0,0,84542,0
84539,810,8202,1148,-341,-943,129,-3728,0,-4,-5,0,36517,144,32,65,0,0,0,0,0,0,0,0,-32302,0,0,0,0,0,84547,0
84544,814,8288,1104,-342,-919,175,-3728,5,-1,-4,0,36517,144,32,65,0,0,0,0,0,0,0,0,-32302,0,0,0,0,0,84552,0
84549,814,8316,1094,-344,-913,199,-3728,-3,-3,-5,0,36521,152,32,65,0,0,0,0,0,0,0,0,-32302,0,0,0,0,0,84557,0
84554,782,8354,1086,-341,-896,222,-3728,-7,1,-4,0,36521,152,32,65,0,0,0,0,0,0,0,0,-32302,0,0,0,0,0,84562,0
84559,804,8388,1074,-339,-881,243,-3727,0,-2,-6,0,36522,149,32,65,0,0,0,0,0,0,0,0,-32302,0,0,0,0,0,84567,0
84564,750,8486,1042,-332,-849,287,-3728,-2,1,-6,0,36522,149,32,65,0,0,0,0,0,0,0,0,-32302,0,0,0,0,0,84572,0
84569,762,8550,1074,-335,-837,310,-3728,0,-7,-3,0,36521,147,32,65,0,0,0,0,0,0,0,0,-32302,0,0,0,0,0,84577,0
84574,784,8586,1052,-329,-819,326,-3726,7,1,-3,0,36521,147,32,65,0,0,0,0,0,0,0,0,-32302,0,0,0,0,0,84582,0
84579,762,8638,1068,-326,-803,348,-3727,3,-1,-4,0,36518,142,32,65,0,0,0,0,0,0,0,0,-32302,0,0,0,0,0,84587,0
84584,714,8786,1056,-316,-776,387,-3728,-2,-2,-3,0,36518,142,32,65,0,0,0,0,0,0,0,0,-32302,0,0,0,0,0,84592,0
84589,686,8838,1044,-320,-758,403,-3727,-1,0,-2,0,36519,148,32,65,0,0,0,0,0,0,0,0,-32302,0,0,0,0,0,84597,0
84594,674,8904,1074,-312,-733,425,-3727,0,1,-5,0,36519,148,32,65,0,0,0,0,0,0,0,0,-32302,0,0,0,0,0,84602,0
84599,674,8998,1050,-307,-717,437,-3727,0,-5,-3,0,36517,138,32,65,0,0,0,0,0,0,0,0,-32302,0,0,0,0,0,84607,0
84604,618,9026,1050,-301,-678,468,-3728,-2,-2,-4,0,36517,138,32,65,0,0,0,0,0,0,0,0,-32302,0,0,0,0,0,84612,0
84609,606,9050,1044,-286,-654,487,-3727,0,2,-3,0,36513,133,32,65,0,0,0,0,0,0,0,0,-32302,0,0,0,0,0,84617,0
84614,558,9076,1048,-299,-627,505,-3727,2,-1,-3,0,36513,133,32,65,0,0,0,0,0,0,0,0,-32302,0,0,0,0,0,84621,0
84619,540,9074,1060,-288,-609,519,-3726,0,3,-2,0,36503,129,32,65,0,0,0,0,0,0,0,0,-32302,0,0,0,0,0,84625,0
84624,512,9060,1084,-288,-564,542,-3727,-2,3,-4,0,36503,129,32,65,0,0,0,0,0,0,0,0,-32302,0,0,0,0,0,84630,0
84629,492,9052,1108,-278,-541,552,-3727,0,-2,-5,0,36494,130,32,65,0,0,0,0,0,0,0,0,-32302,0,0,0,0,0,84635,0
84634,436,8978,1108,-282,-515,561,-3726,1,2,-3,0,36494,130,32,65,0,0,0,0,0,0,0,0,-32302,0,0,0,0,0,84643,0
84639,422,8928,1094,-275,-487,565,-3727,2,0,-2,0,36491,126,32,65,0,0,0,0,0,0,0,0,-32302,0,0,0,0,0,84645,0
84644,354,8762,1144,-274,-439,586,-3727,0,-2,-1,0,36491,126,32,65,0,0,0,0,0,0,0,0,-32302,0,0,0,0,0,84650,0
84649,306,8726,1136,-260,-415,583,-3726,7,2,-2,0,36493,128,32,65,0,0,0,0,0,0,0,0,-32302,0,0,0,0,0,84655,0
84654,318,8654,1152,-264,-384,587,-3728,-7,-3,-2,0,36493,128,32,65,0,0,0,0,0,0,0,0,-32302,0,0,0,0,0,84660,0
84659,442,8608,1392,-246,-336,581,-3726,1,4,-2,0,36499,125,32,65,0,0,0,0,0,0,0,0,-32302,0,0,0,0,0,84665,0
84664,234,8414,1112,-258,-290,585,-3727,-1,-3,-3,0,36499,125,32,65,0,0,0,0,0,0,0,0,-32302,0,0,0,0,0,84670,0
84669,132,8506,1194,-262,-276,582,-3727,0,2,-2,0,36505,132,32,65,0,0,0,0,0,0,0,0,-32302,0,0,0,0,0,84675,0
84674,118,8432,1238,-258,-251,578,-3728,-1,-3,-3,0,36505,132,32,65,0,0,0,0,0,0,0,0,-32302,0,0,0,0,0,84680,0
84679,90,8310,1190,-252,-231,575,-3727,-1,0,-4,0,36510,136,32,65,0,0,0,0,0,0,0,0,-32302,0,0,0,0,0,84685,0
84684,32,8292,1190,-258,-190,565,-3727,0,-1,-3,0,36510,136,32,65,0,0,0,0,0,0,0,0,-32302,0,0,0,0,0,84690,0
84689,-10,8264,1200,-250,-165,562,-3727,0,-2,-4,0,36513,135,32,65,0,0,0,0,0,0,0,0,-32302,0,0,0,0,0,84695,0
84694,-30,8162,1208,-260,-137,563,-3728,-2,0,-1,0,36513,135,32,65,0,0,0,0,0,0,0,0,-32302,0,0,0,0,0,84700,0
84699,-14,8100,1216,-259,-116,553,-3727,2,-3,-3,0,36517,137,32,65,0,0,0,0,0,0,0,0,-32302,0,0,0,0,0,84705,0
84704,-74,7978,1226,-258,-75,543,-3726,5,2,-3,0,36517,137,32,65,0,0,0,0,0,0,0,0,-32302,0,0,0,0,0,84710,0
84709,-92,7936,1230,-265,-62,544,-3726,0,4,-2,0,36517,137,32,65,0,0,0,0,0,0,0,0,-32302,0,0,0,0,0,84715,0
84714,-126,7860,1224,-264,-34,538,-3727,3,-1,-2,0,36517,137,32,65,0,0,0,0,0,0,0,0,-32302,0,0,0,0,0,84720,0
84719,-148,7820,1230,-266,-16,527,-3728,-6,-7,-2,0,36519,136,32,65,0,0,0,0,0,0,0,0,-32302,0,0,0,0,0,84725,0
84724,-174,7692,1222,-272,18,512,-3727,-3,-1,-4,0,36519,136,32,65,0,0,0,0,0,0,0,0,-32302,0,0,0,0,0,84730,0
84729,-206,7638,1204,-273,39,503,-3726,4,1,-3,0,36516,135,32,65,0,0,0,0,0,0,0,0,-32302,0,0,0,0,0,84735,0
84734,-230,7546,1236,-273,46,492,-3726,0,0,-2,0,36516,135,32,65,0,0,0,0,0,0,0,0,-32302,0,0,0,0,0,84740,0
84739,-268,7510,1224,-277,61,480,-3727,0,1,-2,0,36518,135,32,65,0,0,0,0,0,0,0,0,-32302,0,0,0,0,0,84745,0
84744,-304,7396,1260,-282,84,456,-3726,6,0,-3,0,36518,135,32,65,0,0,0,0,0,0,0,0,-32302,0,0,0,0,0,84750,0
84749,-248,7324,1326,-275,103,439,-3727,2,4,-2,0,36517,133,32,65,0,0,0,0,0,0,0,0,-32302,0,0,0,0,0,84755,0
84754,-338,7326,1304,-277,115,422,-3726,7,4,-2,0,36517,133,32,65,0,0,0,0,0,0,0,0,-32302,0,0,0,0,0,84760,0
84759,-392,7278,1280,-283,121,407,-3728,-6,0,-3,0,36516,137,32,65,0,0,0,0,0,0,0,0,-32302,0,0,0,0,0,84765,0
84764,-528,7338,1274,-287,118,385,-3727,-5,-1,-3,0,36516,137,32,65,0,0,0,0,0,0,0,0,-32302,0,0,0,0,0,84770,0
84769,-514,7354,1332,-290,110,372,-3727,-1,2,-4,0,36517,140,32,65,0,0,0,0,0,0,0,0,-32302,0,0,0,0,0,84775,0
84774,-542,7352,1334,-296,97,353,-3726,3,1,-2,0,36517,140,32,65,0,0,0,0,0,0,0,0,-32302,0,0,0,0,0,84780,0
84779,-536,7412,1344,-297,94,342,-3727,9,0,-3,0,36518,141,32,65,0,0,0,0,0,0,0,0,-32302,0,0,0,0,0,84785,0
84784,-576,7506,1322,-304,84,303,-3726,0,3,-3,0,36518,141,32,65,0,0,0,0,0,0,0,0,-32302,0,0,0,0,0,84790,0
84789,-596,7536,1340,-308,84,292,-3727,-2,2,-2,0,36521,142,32,65,0,0,0,0,0,0,0,0,-32302,0,0,0,0,0,84795,0
84794,-566,7552,1336,-314,68,272,-3727,0,-1,-5,0,36521,142,32,65,0,0,0,0,0,0,0,0,-32303,0,0,0,0,0,84800,0
84799,-564,7558,1296,-314,61,263,-3726,2,1,0,0,36525,130,32,65,0,0,0,0,0,0,0,0,-32302,0,0,0,0,0,84805,0
84804,-496,7598,1242,-326,57,236,-3728,-1,-6,-1,0,36525,130,32,65,0,0,0,0,0,0,0,0,-32303,0,0,0,0,0,84810,0
84809,-474,7680,1194,-320,49,218,-3727,4,-2,-4,0,36527,131,32,65,0,0,0,0,0,0,0,0,-32302,0,0,0,0,0,84815,0
84814,-462,7672,1166,-329,52,211,-3727,-1,0,-3,0,36527,131,32,65,0,0,0,0,0,0,0,0,-32302,0,0,0,0,0,84820,0
84819,-420,7682,1114,-332,47,195,-3727,0,2,-2,0,36527,134,32,65,0,0,0,0,0,0,0,0,-32302,0,0,0,0,0,84825,0
84824,-392,7688,988,-326,44,167,-3726,0,1,-3,0,36527,134,32,65,0,0,0,0,0,0,0,0,-32302,0,0,0,0,0,84830,0
84829,-324,7762,924,-323,47,152,-3727,-7,0,-3,0,36524,139,32,65,0,0,0,0,0,0,0,0,-32302,0,0,0,0,0,84835,0
84834,-318,7814,892,-316,48,141,-3726,1,2,-2,0,36524,139,32,65,0,0,0,0,0,0,0,0,-32302,0,0,0,0,0,84840,0
84839,-294,7850,842,-299,52,131,-3727,-5,-4,-3,0,36519,136,32,65,0,0,0,0,0,0,0,0,-32302,0,0,0,0,0,84845,0
84844,-270,7936,762,-279,53,111,-3727,7,0,-2,0,36519,136,32,65,0,0,0,0,0,0,0,0,-32302,0,0,0,0,0,84850,0
84849,-230,7966,720,-263,55,101,-3726,4,0,-2,0,36519,136,32,65,0,0,0,0,0,0,0,0,-32302,0,0,0,0,0,84855,0
84854,-244,7976,662,-245,61,85,-3727,0,5,-2,0,36519,136,32,65,0,0,0,0,0,0,0,0,-32302,0,0,0,0,0,84860,0
84859,-240,7982,664,-226,61,84,-3727,2,-1,-2,0,36519,127,32,65,0,0,0,0,0,0,0,0,-32302,0,0,0,0,0,84865,0
84864,-184,7990,600,-178,73,72,-3726,-1,3,-2,0,36519,127,32,65,0,0,0,0,0,0,0,0,-32302,0,0,0,0,0,84870,0
84869,-182,7986,570,-161,75,64,-3727,-5,-1,-2,0,36517,131,32,65,0,0,0,0,0,0,0,0,-32302,0,0,0,0,0,84875,0
84874,-172,7992,576,-140,86,58,-3728,-3,-3,-3,0,36517,131,32,65,0,0,0,0,0,0,0,0,-32302,0,0,0,0,0,84880,0
84879,-178,7938,544,-119,81,51,-3726,3,-1,-3,0,36518,133,32,65,0,0,0,0,0,0,0,0,-32302,0,0,0,0,0,84885,0
84884,-162,7942,496,-69,79,47,-3728,4,-3,-2,0,36518,133,32,65,0,0,0,0,0,0,0,0,-32302,0,0,0,0,0,84890,0
84889,-156,7940,492,-50,88,41,-3728,-7,0,-2,0,36519,137,32,65,0,0,0,0,0,0,0,0,-32302,0,0,0,0,0,84895,0
84894,-184,7900,490,-28,83,40,-3726,3,6,-4,0,36519,137,32,65,0,0,0,0,0,0,0,0,-32302,0,0,0,0,0,84900,0
84899,-182,7916,454,-3,84,33,-3727,1,0,-2,0,36520,138,32,65,0,0,0,0,0,0,0,0,-32302,0,0,0,0,0,84905,0
84904,-174,7894,464,44,83,34,-3728,0,1,0,0,36520,138,32,65,0,0,0,0,0,0,0,0,-32302,0,0,0,0,0,84910,0
84909,-194,7918,480,64,75,32,-3727,3,2,-3,0,36521,139,32,65,0,0,0,0,0,0,0,0,-32302,0,0,0,0,0,84915,0
84914,-136,7928,474,84,70,31,-3727,0,3,-4,0,36521,139,32,65,0,0,0,0,0,0,0,0,-32302,0,0,0,0,0,84920,0
84919,-168,7914,510,100,67,31,-3727,1,4,-3,0,36521,145,32,65,0,0,0,0,0,0,0,0,-32302,0,0,0,0,0,84925,0
84924,-152,7894,526,143,53,30,-3727,1,1,-4,0,36521,145,32,65,0,0,0,0,0,0,0,0,-32302,0,0,0,0,0,84930,0
84929,-138,7908,548,157,50,34,-3726,0,-5,-3,0,36521,147,32,65,0,0,0,0,0,0,0,0,-32302,0,0,0,0,0,84935,0
84934,-108,7892,576,170,47,31,-3726,1,-3,-3,0,36521,147,32,65,0,0,0,0,0,0,0,0,-32302,0,0,0,0,0,84940,0
84939,-108,7874,584,184,42,33,-3727,2,-1,-3,0,36518,136,32,65,0,0,0,0,0,0,0,0,-32302,0,0,0,0,0,84945,0
84944,-84,7884,598,218,31,39,-3727,1,-2,-4,0,36518,136,32,65,0,0,0,0,0,0,0,0,-32302,0,0,0,0,0,84950,0
84949,-104,7886,638,229,29,35,-3726,-2,-2,-4,0,36517,129,32,65,0,0,0,0,0,0,0,0,-32302,0,0,0,0,0,84955,0
84954,-62,7880,618,243,22,33,-3727,-5,-1,-3,0,36517,129,32,65,0,0,0,0,0,0,0,0,-32302,0,0,0,0,0,84960,0
84959,-92,7930,632,254,12,38,-3727,0,0,-2,0,36518,127,32,65,0,0,0,0,0,0,0,0,-32302,0,0,0,0,0,84965,0
84964,-46,7926,658,281,9,38,-3727,3,-6,-3,0,36518,127,32,65,0,0,0,0,0,0,0,0,-32302,0,0,0,0,0,84970,0
84969,-44,7896,670,291,5,38,-3726,4,1,-3,0,36519,125,32,65,0,0,0,0,0,0,0,0,-32303,0,0,0,0,0,84975,0
84974,-56,7922,682,302,-1,41,-3727,-3,2,-4,0,36519,125,32,65,0,0,0,0,0,0,0,0,-32302,0,0,0,0,0,84980,0
84979,-34,7928,706,316,-4,39,-3727,0,1,-3,0,36518,131,32,65,0,0,0,0,0,0,0,0,-32302,0,0,0,0,0,84985,0
84984,-26,7926,710,337,-9,37,-3727,1,1,-4,0,36518,131,32,65,0,0,0,0,0,0,0,0,-32302,0,0,0,0,0,84990,0
84989,-16,7964,736,346,-10,36,-3727,-1,-1,-3,0,36513,137,32,65,0,0,0,0,0,0,0,0,-32302,0,0,0,0,0,84995,0
84994,-18,7920,770,359,-17,36,-3727,6,2,-3,0,36513,137,32,65,0,0,0,0,0,0,0,0,-32302,0,0,0,0,0,85000,0
84999,-4,7920,762,369,-21,34,-3726,5,4,-2,0,36523,144,32,65,0,0,0,0,0,0,0,0,-32302,0,0,0,0,0,85005,0
85004,-4,7864,784,390,-27,38,-3726,5,-2,-3,0,36523,144,32,65,0,0,0,0,0,0,0,0,-32302,0,0,0,0,0,85010,0
85009,-22,7892,802,399,-26,39,-3728,-5,2,-3,0,36536,142,32,65,0,0,0,0,0,0,0,0,-32302,0,0,0,0,0,85015,0
85014,-20,7904,820,414,-33,39,-3726,5,-2,-4,0,36536,142,32,65,0,0,0,0,0,0,0,0,-32302,0,0,0,0,0,85020,0
85019,-24,7888,822,421,-29,38,-3727,1,-4,-3,0,36553,125,32,65,0,0,0,0,0,0,0,0,-32302,0,0,0,0,0,85025,0
85024,-8,7884,870,444,-35,44,-3726,3,-1,-3,0,36553,125,32,65,0,0,0,0,0,0,0,0,-32303,0,0,0,0,0,85030,0
85029,-2,7916,884,453,-39,46,-3727,0,-5,-3,0,36548,129,32,65,0,0,0,0,0,0,0,0,-32302,0,0,0,0,0,85035,0
85034,-6,7916,918,468,-42,47,-3727,-1,1,-3,0,36548,129,32,65,0,0,0,0,0,0,0,0,-32302,0,0,0,0,0,85040,0
85039,-2,7944,956,470,-42,52,-3728,3,0,-4,0,36537,130,32,65,0,0,0,0,0,0,0,0,-32302,0,0,0,0,0,85045,0
85044,-38,7992,988,487,-42,54,-3727,2,-4,-3,0,36537,130,32,65,0,0,0,0,0,0,0,0,-32302,0,0,0,0,0,85050,0
85049,-24,7958,1012,496,-36,56,-3726,-1,-4,-3,0,36523,134,32,65,0,0,0,0,0,0,0,0,-32302,0,0,0,0,0,85055,0
85054,-44,7992,1044,498,-43,59,-3726,2,2,-3,0,36523,134,32,65,0,0,0,0,0,0,0,0,-32302,0,0,0,0,0,85060,0
85059,-60,8008,1084,508,-34,60,-3727,-4,-3,-5,0,36519,135,32,65,0,0,0,0,0,0,0,0,-32302,0,0,0,0,0,85065,0
85064,-72,8016,1116,516,-42,71,-3726,-2,-5,-4,0,36519,135,32,65,0,0,0,0,0,0,0,0,-32302,0,0,0,0,0,85070,0
85069,-92,7988,1142,516,-32,71,-3727,0,-7,-3,0,36521,148,32,65,0,0,0,0,0,0,0,0,-32302,0,0,0,0,0,85075,0
85074,-98,8004,1140,520,-34,69,-3727,7,3,-2,0,36521,148,32,65,0,0,0,0,0,0,0,0,-32302,0,0,0,0,0,85080,0
85079,-94,8012,1164,517,-34,72,-3727,4,-1,-3,0,36520,151,32,65,0,0,0,0,0,0,0,0,-32302,0,0,0,0,0,85085,0
85084,-158,8026,1212,514,-39,71,-3727,-2,1,-2,0,36520,151,32,65,0,0,0,0,0,0,0,0,-32302,0,0,0,0,0,85090,0
85089,-190,8036,1206,524,-32,70,-3727,0,0,-2,0,36519,150,32,65,0,0,0,0,0,0,0,0,-32302,0,0,0,0,0,85095,0
85094,-188,8048,1238,521,-38,70,-3726,0,-1,-2,0,36519,150,32,65,0,0,0,0,0,0,0,0,-32302,0,0,0,0,0,85100,0
85099,-224,8016,1260,517,-31,72,-3728,2,1,-1,0,36519,143,32,65,0,0,0,0,0,0,0,0,-32302,0,0,0,0,0,85105,0
85104,-270,8038,1312,516,-27,68,-3727,5,-1,-3,0,36519,143,32,65,0,0,0,0,0,0,0,0,-32302,0,0,0,0,0,85110,0
85109,-314,8016,1342,523,-23,61,-3727,-2,-2,-7,0,36526,133,32,65,0,0,0,0,0,0,0,0,-32301,0,0,0,0,0,85115,0
85114,-316,8012,1360,515,-19,63,-3727,1,1,-6,0,36526,133,32,65,0,0,0,0,0,0,0,0,-32302,0,0,0,0,0,85120,0
85119,-356,8004,1368,514,-15,48,-3727,1,2,-2,0,36527,134,32,65,0,0,0,0,0,0,0,0,-32302,0,0,0,0,0,85125,0
85124,-404,7958,1448,512,-6,38,-3727,-3,0,-3,0,36527,134,32,65,0,0,0,0,0,0,0,0,-32302,0,0,0,0,0,85130,0
85129,-436,7958,1438,505,-13,33,-3727,1,-1,-2,0,36527,135,32,65,0,0,0,0,0,0,0,0,-32302,0,0,0,0,0,85135,0
85134,-478,7986,1488,502,-8,17,-3728,1,0,-2,0,36527,135,32,65,0,0,0,0,0,0,0,0,-32302,0,0,0,0,0,85140,0
85139,-456,7974,1488,493,-9,10,-3727,0,1,-3,0,36525,133,32,65,0,0,0,0,0,0,0,0,-32302,0,0,0,0,0,85145,0
85144,-464,8018,1530,481,-6,-13,-3727,-4,-1,-3,0,36525,133,32,65,0,0,0,0,0,0,0,0,-32302,0,0,0,0,0,85150,0
85149,-472,8068,1520,481,-4,-34,-3727,-1,3,-4,0,36519,133,32,65,0,0,0,0,0,0,0,0,-32302,0,0,0,0,0,85155,0
85154,-480,8102,1564,471,-2,-48,-3728,-7,-1,-2,0,36519,133,32,65,0,0,0,0,0,0,0,0,-32302,0,0,0,0,0,85160,0
85159,-468,8132,1570,457,-1,-62,-3726,2,0,-3,0,36519,128,32,65,0,0,0,0,0,0,0,0,-32302,0,0,0,0,0,85165,0
85164,-412,8212,1628,445,0,-91,-3727,-5,1,-3,0,36519,128,32,65,0,0,0,0,0,0,0,0,-32303,0,0,0,0,0,85170,0
85169,-400,8232,1636,431,0,-101,-3727,0,1,-4,0,36519,134,32,65,0,0,0,0,0,0,0,0,-32302,0,0,0,0,0,85175,0
85174,-386,8262,1640,414,0,-114,-3726,0,-2,-3,0,36519,134,32,65,0,0,0,0,0,0,0,0,-32302,0,0,0,0,0,85180,0
85179,-382,8292,1670,403,-5,-130,-3727,0,2,-3,0,36519,137,32,65,0,0,0,0,0,0,0,0,-32302,0,0,0,0,0,85185,0
85184,-286,8338,1650,373,2,-149,-3726,0,0,-2,0,36519,137,32,65,0,0,0,0,0,0,0,0,-32302,0,0,0,0,0,85190,0
85189,-262,8366,1652,348,-1,-159,-3727,1,1,-2,0,36520,141,32,65,0,0,0,0,0,0,0,0,-32302,0,0,0,0,0,85195,0
85194,-222,8394,1664,333,-2,-173,-3727,-2,1,-3,0,36520,141,32,65,0,0,0,0,0,0,0,0,-32302,0,0,0,0,0,85200,0
85199,-190,8392,1668,315,0,-180,-3726,0,-2,-2,0,36521,135,32,65,0,0,0,0,0,0,0,0,-32302,0,0,0,0,0,85205,0
85204,-118,8450,1666,288,-1,-192,-3726,1,0,-4,0,36521,135,32,65,0,0,0,0,0,0,0,0,-32302,0,0,0,0,0,85210,0
85209,-88,8438,1652,273,3,-196,-3727,-1,1,-4,0,36522,136,32,65,0,0,0,0,0,0,0,0,-32302,0,0,0,0,0,85215,0
85214,-56,8476,1656,257,3,-194,-3727,-5,-3,-1,0,36522,136,32,65,0,0,0,0,0,0,0,0,-32302,0,0,0,0,0,85220,0
85219,-4,8496,1652,243,7,-196,-3726,-3,-4,-2,0,36525,135,32,65,0,0,0,0,0,0,0,0,-32302,0,0,0,0,0,85225,0
85224,38,8506,1612,217,8,-184,-3727,0,2,-3,0,36525,135,32,65,0,0,0,0,0,0,0,0,-32302,0,0,0,0,0,85230,0
85229,36,8480,1634,213,8,-180,-3728,-3,-2,-2,0,36524,141,32,65,0,0,0,0,0,0,0,0,-32302,0,0,0,0,0,85235,0
85234,42,8478,1620,201,5,-175,-3727,-7,0,-3,0,36524,141,32,65,0,0,0,0,0,0,0,0,-32302,0,0,0,0,0,85240,0
85239,68,8450,1618,195,1,-164,-3726,0,1,-4,0,36521,138,32,65,0,0,0,0,0,0,0,0,-32302,0,0,0,0,0,85245,0
85244,80,8412,1588,171,3,-142,-3727,-1,1,-4,0,36521,138,32,65,0,0,0,0,0,0,0,0,-32302,0,0,0,0,0,85250,0
85249,68,8380,1610,163,-1,-130,-3727,0,-2,-3,0,36519,143,32,65,0,0,0,0,0,0,0,0,-32302,0,0,0,0,0,85255,0
85254,74,8370,1616,160,-2,-121,-3727,0,0,-2,0,36519,143,32,65,0,0,0,0,0,0,0,0,-32302,0,0,0,0,0,85260,0
85259,74,8378,1620,152,-10,-112,-3727,-1,5,-3,0,36521,149,32,65,0,0,0,0,0,0,0,0,-32302,0,0,0,0,0,85265,0
85264,40,8290,1626,133,-26,-89,-3727,5,-2,-3,0,36521,149,32,65,0,0,0,0,0,0,0,0,-32302,0,0,0,0,0,85270,0
85269,38,8280,1628,126,-26,-75,-3727,1,3,-2,0,36524,139,32,65,0,0,0,0,0,0,0,0,-32302,0,0,0,0,0,85275,0
85274,6,8256,1636,117,-36,-65,-3727,-1,0,-3,0,36524,139,32,65,0,0,0,0,0,0,0,0,-32302,0,0,0,0,0,85280,0
85279,24,8232,1658,111,-43,-60,-3726,0,0,-3,0,36524,130,32,65,0,0,0,0,0,0,0,0,-32302,0,0,0,0,0,85285,0
85284,-40,8192,1650,83,-55,-46,-3726,4,0,-3,0,36524,130,32,65,0,0,0,0,0,0,0,0,-32302,0,0,0,0,0,85290,0
85289,-28,8146,1644,72,-67,-40,-3726,4,0,-3,0,36521,125,32,65,0,0,0,0,0,0,0,0,-32302,0,0,0,0,0,85295,0
85294,-20,8164,1654,62,-79,-40,-3727,-1,-2,-2,0,36521,125,32,65,0,0,0,0,0,0,0,0,-32303,0,0,0,0,0,85300,0
85299,-44,8104,1644,49,-90,-39,-3728,-2,-2,-2,0,36518,131,32,65,0,0,0,0,0,0,0,0,-32302,0,0,0,0,0,85305,0
85304,-74,8068,1644,26,-108,-34,-3728,-7,-2,-5,0,36518,131,32,65,0,0,0,0,0,0,0,0,-32302,0,0,0,0,0,85310,0
85309,-64,8040,1688,9,-118,-33,-3727,-2,3,-4,0,36518,133,32,65,0,0,0,0,0,0,0,0,-32302,0,0,0,0,0,85315,0
85314,-72,8022,1664,2,-130,-37,-3727,-2,1,-3,0,36518,133,32,65,0,0,0,0,0,0,0,0,-32302,0,0,0,0,0,85320,0
85319,-66,7988,1650,-15,-143,-37,-3727,-4,1,-6,0,36523,132,32,65,0,0,0,0,0,0,0,0,-32302,0,0,0,0,0,85325,0
85324,-40,7930,1674,-41,-165,-35,-3726,3,2,-5,0,36523,132,32,65,0,0,0,0,0,0,0,0,-32302,0,0,0,0,0,85330,0
85329,-30,7952,1680,-61,-178,-42,-3727,-2,3,-2,0,36523,138,32,65,0,0,0,0,0,0,0,0,-32302,0,0,0,0,0,85335,0
85334,-46,7928,1680,-76,-189,-37,-3727,3,2,-3,0,36523,138,32,65,0,0,0,0,0,0,0,0,-32302,0,0,0,0,0,85340,0
85339,32,7892,1674,-95,-197,-38,-3726,4,-4,-3,0,36522,139,32,65,0,0,0,0,0,0,0,0,-32302,0,0,0,0,0,85345,0
85344,34,7904,1660,-122,-211,-36,-3727,4,2,-2,0,36522,139,32,65,0,0,0,0,0,0,0,0,-32302,0,0,0,0,0,85350,0
85349,50,7920,1648,-137,-218,-34,-3727,-3,-1,-5,0,36517,134,32,65,0,0,0,0,0,0,0,0,-32302,0,0,0,0,0,85355,0
85354,80,7902,1644,-154,-234,-27,-3727,-4,0,-4,0,36517,134,32,65,0,0,0,0,0,0,0,0,-32302,0,0,0,0,0,85360,0
85359,96,7902,1644,-171,-246,-29,-3727,0,-2,-4,0,36519,128,32,65,0,0,0,0,0,0,0,0,-32302,0,0,0,0,0,85365,0
85364,114,7944,1574,-200,-265,-23,-3727,-1,-6,-4,0,36519,128,32,65,0,0,0,0,0,0,0,0,-32302,0,0,0,0,0,85370,0
85369,106,7944,1568,-218,-272,-17,-3727,-2,-2,-4,0,36521,128,32,65,0,0,0,0,0,0,0,0,-32302,0,0,0,0,0,85375,0
85374,128,7940,1522,-230,-274,-8,-3727,1,-3,-4,0,36521,128,32,65,0,0,0,0,0,0,0,0,-32302,0,0,0,0,0,85380,0
85379,124,7982,1516,-244,-289,-9,-3726,4,-1,-4,0,36521,136,32,65,0,0,0,0,0,0,0,0,-32302,0,0,0,0,0,85385,0
85384,126,8000,1438,-270,-299,4,-3727,0,0,-4,0,36521,136,32,65,0,0,0,0,0,0,0,0,-32302,0,0,0,0,0,85390,0
85389,130,8042,1408,-273,-313,13,-3728,-5,1,-4,0,36520,141,32,65,0,0,0,0,0,0,0,0,-32302,0,0,0,0,0,85395,0
85394,126,8076,1386,-279,-318,24,-3726,6,0,-4,0,36520,141,32,65,0,0,0,0,0,0,0,0,-32302,0,0,0,0,0,85400,0
85399,138,8118,1328,-288,-325,29,-3727,-7,-3,-4,0,36519,143,32,65,0,0,0,0,0,0,0,0,-32302,0,0,0,0,0,85405,0
85404,136,8194,1270,-291,-334,47,-3727,1,1,-3,0,36519,143,32,65,0,0,0,0,0,0,0,0,-32302,0,0,0,0,0,85410,0
85409,166,8222,1244,-293,-341,51,-3727,-3,-2,-3,0,36520,133,32,65,0,0,0,0,0,0,0,0,-32302,0,0,0,0,0,85415,0
85414,154,8226,1192,-290,-344,54,-3727,2,2,-4,0,36520,133,32,65,0,0,0,0,0,0,0,0,-32302,0,0,0,0,0,85420,0
85419,186,8268,1158,-290,-355,66,-3727,-4,-3,-3,0,36521,136,32,65,0,0,0,0,0,0,0,0,-32302,0,0,0,0,0,85425,0
85424,210,8302,1084,-289,-362,83,-3727,0,7,-1,0,36521,136,32,65,0,0,0,0,0,0,0,0,-32302,0,0,0,0,0,85430,0
85429,206,8296,1056,-282,-370,89,-3726,-1,0,-1,0,36526,137,32,65,0,0,0,0,0,0,0,0,-32302,0,0,0,0,0,85435,0
85434,206,8336,1068,-279,-372,95,-3727,1,-2,-2,0,36526,137,32,65,0,0,0,0,0,0,0,0,-32302,0,0,0,0,0,85440,0
85439,230,8340,1064,-271,-375,101,-3726,7,2,-4,0,36525,140,32,65,0,0,0,0,0,0,0,0,-32302,0,0,0,0,0,85445,0
85444,216,8332,1020,-256,-379,111,-3727,0,-2,-3,0,36525,140,32,65,0,0,0,0,0,0,0,0,-32302,0,0,0,0,0,85450,0
85449,212,8332,978,-254,-384,121,-3726,1,5,-3,0,36526,137,32,65,0,0,0,0,0,0,0,0,-32302,0,0,0,0,0,85455,0
85454,208,8360,1004,-253,-391,121,-3727,3,-1,-3,0,36526,137,32,65,0,0,0,0,0,0,0,0,-32302,0,0,0,0,0,85460,0
85459,222,8376,1000,-241,-386,134,-3727,1,-2,-3,0,36521,131,32,65,0,0,0,0,0,0,0,0,-32302,0,0,0,0,0,85465,0
85464,198,8386,974,-229,-386,144,-3727,-6,4,-2,0,36521,131,32,65,0,0,0,0,0,0,0,0,-32302,0,0,0,0,0,85470,0
85469,192,8364,956,-226,-386,146,-3727,-5,3,-3,0,36520,126,32,65,0,0,0,0,0,0,0,0,-32302,0,0,0,0,0,85475,0
85474,160,8360,984,-213,-386,149,-3726,2,-1,-3,0,36520,126,32,65,0,0,0,0,0,0,0,0,-32302,0,0,0,0,0,85480,0
85479,110,8322,966,-212,-381,152,-3727,3,-1,-2,0,36518,137,32,65,0,0,0,0,0,0,0,0,-32302,0,0,0,0,0,85485,0
85484,108,8268,988,-201,-383,157,-3726,-4,-1,-3,0,36518,137,32,65,0,0,0,0,0,0,0,0,-32302,0,0,0,0,0,85490,0
85489,114,8268,992,-197,-380,157,-3728,-3,0,-2,0,36521,144,32,65,0,0,0,0,0,0,0,0,-32302,0,0,0,0,0,85495,0
85494,84,8208,1002,-193,-376,155,-3727,-4,-2,-3,0,36521,144,32,65,0,0,0,0,0,0,0,0,-32302,0,0,0,0,0,85500,0
85499,78,8188,1018,-185,-369,158,-3726,7,1,-3,0,36524,138,32,65,0,0,0,0,0,0,0,0,-32302,0,0,0,0,0,85506,0
85504,56,8154,990,-178,-362,154,-3726,4,3,-3,0,36524,138,32,65,0,0,0,0,0,0,0,0,-32302,0,0,0,0,0,85511,0
85509,90,8090,990,-172,-360,153,-3727,0,5,-2,0,36526,134,32,65,0,0,0,0,0,0,0,0,-32302,0,0,0,0,0,85516,0
85514,68,8064,990,-172,-355,152,-3727,1,3,-2,0,36526,134,32,65,0,0,0,0,0,0,0,0,-32302,0,0,0,0,0,85521,0
85519,36,8064,992,-165,-356,154,-3727,-4,0,-2,0,36526,128,32,65,0,0,0,0,0,0,0,0,-32302,0,0,0,0,0,85526,0
85524,62,7984,990,-154,-352,149,-3726,0,0,-5,0,36526,128,32,65,0,0,0,0,0,0,0,0,-32302,0,0,0,0,0,85531,0
85529,80,7962,984,-151,-345,145,-3727,-5,1,-4,0,36525,128,32,65,0,0,0,0,0,0,0,0,-32302,0,0,0,0,0,85536,0
85534,104,7924,972,-146,-346,145,-3727,1,-4,-4,0,36525,128,32,65,0,0,0,0,0,0,0,0,-32302,0,0,0,0,0,85541,0
85539,86,7874,970,-134,-346,144,-3728,-4,-5,-3,0,36522,132,32,65,0,0,0,0,0,0,0,0,-32302,0,0,0,0,0,85546,0
85544,134,7814,934,-127,-335,139,-3727,-3,-3,-3,0,36522,132,32,65,0,0,0,0,0,0,0,0,-32302,0,0,0,0,0,85551,0
85549,124,7804,950,-117,-330,139,-3726,6,3,-3,0,36522,135,32,65,0,0,0,0,0,0,0,0,-32302,0,0,0,0,0,85556,0
85554,130,7742,946,-112,-324,136,-3728,-8,0,-3,0,36522,135,32,65,0,0,0,0,0,0,0,0,-32302,0,0,0,0,0,85561,0
85559,124,7780,932,-99,-322,133,-3728,-5,-4,-3,0,36522,141,32,65,0,0,0,0,0,0,0,0,-32302,0,0,0,0,0,85566,0
85564,168,7744,914,-86,-314,129,-3726,0,5,-4,0,36522,141,32,65,0,0,0,0,0,0,0,0,-32302,0,0,0,0,0,85572,0
85569,148,7746,904,-79,-312,129,-3727,1,0,-4,0,36519,148,32,65,0,0,0,0,0,0,0,0,-32302,0,0,0,0,0,85577,0
85574,192,7770,888,-73,-307,125,-3727,1,-4,-3,0,36519,148,32,65,0,0,0,0,0,0,0,0,-32302,0,0,0,0,0,85582,0
85579,198,7740,910,-64,-297,128,-3726,6,2,-2,0,36518,145,32,65,0,0,0,0,0,0,0,0,-32302,0,0,0,0,0,85588,0
85584,246,7736,918,-42,-280,126,-3728,-6,0,-2,0,36518,145,32,65,0,0,0,0,0,0,0,0,-32302,0,0,0,0,0,85593,0
85589,224,7730,894,-35,-277,130,-3727,0,1,-3,0,36516,143,32,65,0,0,0,0,0,0,0,0,-32302,0,0,0,0,0,85599,0
85594,278,7730,916,-27,-271,131,-3727,-2,-3,-3,0,36516,143,32,65,0,0,0,0,0,0,0,0,-32302,0,0,0,0,0,85604,0
85599,238,7702,900,-23,-255,130,-3726,-2,4,-3,0,36515,140,32,65,0,0,0,0,0,0,0,0,-32302,0,0,0,0,0,85609,0
85604,298,7704,904,-2,-241,133,-3727,2,-2,-2,0,36515,140,32,65,0,0,0,0,0,0,0,0,-32302,0,0,0,0,0,85615,0
85609,274,7716,922,7,-234,129,-3728,-5,-2,-4,0,36514,131,32,65,0,0,0,0,0,0,0,0,-32302,0,0,0,0,0,85620,0
85614,282,7704,902,11,-219,136,-3725,0,7,-4,0,36514,131,32,65,0,0,0,0,0,0,0,0,-32302,0,0,0,0,0,85625,0
85619,282,7694,936,19,-215,133,-3727,0,0,-4,0,36514,136,32,65,0,0,0,0,0,0,0,0,-32302,0,0,0,0,0,85631,0
85624,268,7712,922,31,-200,138,-3727,0,-3,-5,0,36514,136,32,65,0,0,0,0,0,0,0,0,-32302,0,0,0,0,0,85636,0
85629,262,7708,954,45,-193,140,-3727,-2,-1,0,0,36516,129,32,65,0,0,0,0,0,0,0,0,-32302,0,0,0,0,0,85641,0
85634,274,7746,950,51,-182,142,-3725,6,2,0,0,36516,129,32,65,0,0,0,0,0,0,0,0,-32302,0,0,0,0,0,85647,0
85639,254,7738,960,59,-171,141,-3727,5,0,-4,0,36516,129,32,65,0,0,0,0,0,0,0,0,-32302,0,0,0,0,0,85652,0
85644,224,7804,980,68,-153,143,-3727,-7,-2,-2,0,36516,129,32,65,0,0,0,0,0,0,0,0,-32302,0,0,0,0,0,85657,0
85649,178,7824,964,77,-141,143,-3727,0,2,-2,0,36516,124,32,65,0,0,0,0,0,0,0,0,-32302,0,0,0,0,0,85663,0
85654,160,7818,980,84,-137,144,-3726,1,1,-3,0,36516,124,32,65,0,0,0,0,0,0,0,0,-32302,0,0,0,0,0,85668,0
85659,140,7842,988,93,-119,139,-3725,5,4,-4,0,36516,126,32,65,0,0,0,0,0,0,0,0,-32302,0,0,0,0,0,85673,0
85664,106,7846,980,104,-110,141,-3727,-5,-1,-4,0,36516,126,32,65,0,0,0,0,0,0,0,0,-32302,0,0,0,0,0,85679,0
85669,122,7848,1002,104,-99,139,-3728,-10,0,-2,0,36516,126,32,65,0,0,0,0,0,0,0,0,-32302,0,0,0,0,0,85684,0
85674,68,7860,1004,117,-100,133,-3727,0,0,-3,0,36516,126,32,65,0,0,0,0,0,0,0,0,-32302,0,0,0,0,0,85689,0
85679,64,7858,996,124,-87,125,-3727,-4,-2,-2,0,36514,121,32,65,0,0,0,0,0,0,0,0,-32303,0,0,0,0,0,85695,0
85684,24,7880,988,131,-77,122,-3727,2,0,-2,0,36514,121,32,65,0,0,0,0,0,0,0,0,-32302,0,0,0,0,0,85700,0
85689,34,7870,1010,143,-69,117,-3728,-6,-3,-3,0,36514,127,32,65,0,0,0,0,0,0,0,0,-32302,0,0,0,0,0,85705,0
85694,44,7878,1002,144,-68,112,-3727,0,1,-3,0,36514,127,32,65,0,0,0,0,0,0,0,0,-32302,0,0,0,0,0,85711,0
85699,12,7864,998,152,-62,103,-3726,0,2,-2,0,36515,138,32,65,0,0,0,0,0,0,0,0,-32302,0,0,0,0,0,85716,0
85704,46,7884,998,162,-42,92,-3726,3,-1,-3,0,36515,138,32,65,0,0,0,0,0,0,0,0,-32302,0,0,0,0,0,85721,0
85709,14,7902,1018,167,-28,84,-3727,0,-2,-3,0,36516,147,32,65,0,0,0,0,0,0,0,0,-32302,0,0,0,0,0,85726,0
85714,34,7888,1006,177,-22,80,-3727,-2,-1,-3,0,36516,147,32,65,0,0,0,0,0,0,0,0,-32302,0,0,0,0,0,85732,0
85719,18,7916,1022,180,-18,69,-3727,-1,-1,-4,0,36514,142,32,65,0,0,0,0,0,0,0,0,-32302,0,0,0,0,0,85737,0
85724,32,7982,1038,190,-1,56,-3727,5,1,-4,0,36514,142,32,65,0,0,0,0,0,0,0,0,-32302,0,0,0,0,0,85742,0
85729,26,8004,1036,199,16,51,-3726,5,3,-2,0,36515,149,32,65,0,0,0,0,0,0,0,0,-32302,0,0,0,0,0,85748,0
85734,22,8062,1042,205,27,33,-3727,-3,4,-4,0,36515,149,32,65,0,0,0,0,0,0,0,0,-32302,0,0,0,0,0,85753,0
85739,18,8112,1066,214,47,23,-3727,0,1,-6,0,36522,145,32,65,0,0,0,0,0,0,0,0,-32302,0,0,0,0,0,85758,0
85744,42,8146,1074,223,58,16,-3727,-1,0,-4,0,36522,145,32,65,0,0,0,0,0,0,0,0,-32302,0,0,0,0,0,85764,0
85749,48,8168,1100,229,73,1,-3726,-1,2,-3,0,36523,136,32,65,0,0,0,0,0,0,0,0,-32302,0,0,0,0,0,85769,0
85754,50,8186,1114,231,82,0,-3727,-3,0,-2,0,36523,136,32,65,0,0,0,0,0,0,0,0,-32302,0,0,0,0,0,85774,0
85759,58,8148,1126,238,91,-10,-3726,-3,3,-3,0,36520,124,32,65,0,0,0,0,0,0,0,0,-32302,0,0,0,0,0,85780,0
85764,82,8182,1136,240,105,-16,-3726,2,0,-4,0,36520,124,32,65,0,0,0,0,0,0,0,0,-32302,0,0,0,0,0,85785,0
85769,108,8202,1134,243,120,-26,-3728,-6,-3,-3,0,36515,130,32,65,0,0,0,0,0,0,0,0,-32302,0,0,0,0,0,85790,0
85774,116,8202,1140,244,121,-27,-3727,0,2,-5,0,36515,130,32,65,0,0,0,0,0,0,0,0,-32302,0,0,0,0,0,85796,0
85779,96,8200,1180,243,136,-31,-3727,-2,-1,-4,0,36512,134,32,65,0,0,0,0,0,0,0,0,-32302,0,0,0,0,0,85801,0
85784,128,8188,1170,251,146,-30,-3727,-2,-2,-3,0,36512,134,32,65,0,0,0,0,0,0,0,0,-32303,0,0,0,0,0,85806,0
85789,154,8236,1180,243,150,-36,-3727,-1,2,-2,0,36512,135,32,65,0,0,0,0,0,0,0,0,-32302,0,0,0,0,0,85812,0
85794,158,8232,1196,245,158,-34,-3727,2,2,-2,0,36512,135,32,65,0,0,0,0,0,0,0,0,-32302,0,0,0,0,0,85817,0
85799,144,8226,1202,245,160,-34,-3727,-1,0,-2,0,36513,132,32,65,0,0,0,0,0,0,0,0,-32302,0,0,0,0,0,85822,0
85804,124,8218,1232,254,173,-30,-3727,-1,1,-4,0,36513,132,32,65,0,0,0,0,0,0,0,0,-32302,0,0,0,0,0,85827,0
85809,138,8180,1242,253,172,-30,-3727,-6,0,-3,0,36513,135,32,65,0,0,0,0,0,0,0,0,-32303,0,0,0,0,0,85833,0
85814,124,8216,1250,260,174,-30,-3727,2,-2,-3,0,36513,135,32,65,0,0,0,0,0,0,0,0,-32302,0,0,0,0,0,85838,0
85819,114,8182,1242,261,177,-28,-3725,7,4,-3,0,36515,142,32,65,0,0,0,0,0,0,0,0,-32302,0,0,0,0,0,85843,0
85824,88,8152,1254,261,171,-21,-3726,4,3,-3,0,36515,142,32,65,0,0,0,0,0,0,0,0,-32302,0,0,0,0,0,85849,0
85829,92,8128,1306,263,172,-20,-3728,-6,-3,-3,0,36516,139,32,65,0,0,0,0,0,0,0,0,-32302,0,0,0,0,0,85854,0
85834,104,8138,1290,265,167,-16,-3727,-6,-1,-4,0,36516,139,32,65,0,0,0,0,0,0,0,0,-32302,0,0,0,0,0,85859,0
85839,132,8104,1314,260,159,-12,-3727,1,0,-1,0,36521,143,32,65,0,0,0,0,0,0,0,0,-32302,0,0,0,0,0,85865,0
85844,136,8082,1296,261,153,-11,-3726,1,2,-1,0,36521,143,32,65,0,0,0,0,0,0,0,0,-32302,0,0,0,0,0,85870,0
85849,138,8056,1324,261,151,-6,-3726,-4,3,-2,0,36523,135,32,65,0,0,0,0,0,0,0,0,-32301,0,0,0,0,0,85875,0
85854,116,8054,1338,266,144,-9,-3727,4,1,-3,0,36523,135,32,65,0,0,0,0,0,0,0,0,-32302,0,0,0,0,0,85881,0
85859,142,8062,1376,258,133,-7,-3727,0,-8,-3,0,36523,132,32,65,0,0,0,0,0,0,0,0,-32302,0,0,0,0,0,85886,0
85864,116,8014,1388,258,132,-2,-3726,6,5,-3,0,36523,132,32,65,0,0,0,0,0,0,0,0,-32302,0,0,0,0,0,85891,0
85869,126,8034,1390,249,123,1,-3726,4,2,-1,0,36523,131,32,65,0,0,0,0,0,0,0,0,-32302,0,0,0,0,0,85897,0
85874,116,8030,1414,241,123,2,-3726,10,1,-3,0,36523,131,32,65,0,0,0,0,0,0,0,0,-32302,0,0,0,0,0,85902,0
85879,112,8030,1426,241,118,0,-3727,0,2,-2,0,36515,139,32,65,0,0,0,0,0,0,0,0,-32302,0,0,0,0,0,85907,0
85884,90,8012,1448,231,105,2,-3727,-5,2,-2,0,36515,139,32,65,0,0,0,0,0,0,0,0,-32302,0,0,0,0,0,85912,0
85889,90,7984,1440,229,96,0,-3727,0,-3,-2,0,36516,140,32,65,0,0,0,0,0,0,0,0,-32302,0,0,0,0,0,85918,0
85894,82,7998,1456,224,93,-1,-3725,8,1,-1,0,36516,140,32,65,0,0,0,0,0,0,0,0,-32302,0,0,0,0,0,85923,0
85899,94,7970,1462,222,86,-1,-3727,6,4,-2,0,36514,138,32,65,0,0,0,0,0,0,0,0,-32302,0,0,0,0,0,85928,0
85904,86,7976,1468,210,68,-2,-3727,-3,-4,-2,0,36514,138,32,65,0,0,0,0,0,0,0,0,-32302,0,0,0,0,0,85934,0
85909,86,7976,1484,200,61,3,-3727,-2,5,-2,0,36515,137,32,65,0,0,0,0,0,0,0,0,-32302,0,0,0,0,0,85939,0
85914,68,7984,1472,201,52,-4,-3728,-3,2,-2,0,36515,137,32,65,0,0,0,0,0,0,0,0,-32302,0,0,0,0,0,85944,0
85919,66,7946,1448,190,43,-1,-3727,0,0,-3,0,36515,137,32,65,0,0,0,0,0,0,0,0,-32302,0,0,0,0,0,85950,0
85924,104,7944,1444,177,27,-4,-3726,7,4,-3,0,36515,137,32,65,0,0,0,0,0,0,0,0,-32302,0,0,0,0,0,85955,0
85929,90,7960,1430,170,11,-10,-3727,-1,2,-2,0,36515,141,32,65,0,0,0,0,0,0,0,0,-32302,0,0,0,0,0,85960,0
85934,112,7952,1428,169,8,-7,-3727,-2,3,-4,0,36515,141,32,65,0,0,0,0,0,0,0,0,-32302,0,0,0,0,0,85966,0
85939,120,7952,1416,160,-1,-8,-3727,0,-2,-3,0,36513,133,32,65,0,0,0,0,0,0,0,0,-32302,0,0,0,0,0,85971,0
85944,120,7964,1424,156,-15,-3,-3727,5,4,-5,0,36513,133,32,65,0,0,0,0,0,0,0,0,-32303,0,0,0,0,0,85976,0
85949,150,7954,1358,149,-24,-5,-3727,0,2,-1,0,36516,135,32,65,0,0,0,0,0,0,0,0,-32303,0,0,0,0,0,85982,0
85954,172,7958,1374,148,-23,-4,-3727,5,1,-3,0,36516,135,32,65,0,0,0,0,0,0,0,0,-32302,0,0,0,0,0,85987,0
85959,138,7946,1364,139,-31,1,-3727,0,4,-4,0,36517,136,32,65,0,0,0,0,0,0,0,0,-32302,0,0,0,0,0,85992,0
85964,144,7930,1342,139,-37,-3,-3726,4,1,-3,0,36517,136,32,65,0,0,0,0,0,0,0,0,-32302,0,0,0,0,0,85998,0
85969,134,7908,1336,129,-37,-2,-3727,-7,-4,-4,0,36519,148,32,65,0,0,0,0,0,0,0,0,-32302,0,0,0,0,0,86003,0
85974,160,7932,1364,129,-38,-7,-3728,0,0,-4,0,36519,148,32,65,0,0,0,0,0,0,0,0,-32302,0,0,0,0,0,86008,0
85979,158,7928,1344,129,-35,-5,-3727,2,-2,-3,0,36516,142,32,65,0,0,0,0,0,0,0,0,-32302,0,0,0,0,0,86013,0
85984,224,7968,1340,126,-29,-4,-3727,-2,-1,-3,0,36516,142,32,65,0,0,0,0,0,0,0,0,-32302,0,0,0,0,0,86019,0
85989,210,7962,1322,119,-19,-6,-3726,2,1,-2,0,36518,142,32,65,0,0,0,0,0,0,0,0,-32302,0,0,0,0,0,86024,0
85994,206,7974,1354,115,-14,-12,-3726,-1,0,-2,0,36518,142,32,65,0,0,0,0,0,0,0,0,-32302,0,0,0,0,0,86029,0
85999,240,7968,1314,122,-2,-6,-3726,6,0,-2,0,36517,134,32,65,0,0,0,0,0,0,0,0,-32302,0,0,0,0,0,86035,0
86004,248,8004,1306,109,17,-9,-3727,-5,-2,-4,0,36517,134,32,65,0,0,0,0,0,0,0,0,-32302,0,0,0,0,0,86040,0
86009,244,8028,1282,107,24,-11,-3728,-5,-2,-3,0,36516,129,32,65,0,0,0,0,0,0,0,0,-32302,0,0,0,0,0,86045,0
86014,242,8040,1264,106,39,-8,-3727,0,-3,-2,0,36516,129,32,65,0,0,0,0,0,0,0,0,-32302,0,0,0,0,0,86051,0
86019,246,8064,1278,106,46,-11,-3726,0,3,-2,0,36513,120,32,65,0,0,0,0,0,0,0,0,-32302,0,0,0,0,0,86056,0
86024,274,8082,1276,95,64,-8,-3726,2,2,-3,0,36513,120,32,65,0,0,0,0,0,0,0,0,-32302,0,0,0,0,0,86061,0
86029,280,8136,1238,96,69,-9,-3726,2,0,-2,0,36515,124,32,65,0,0,0,0,0,0,0,0,-32302,0,0,0,0,0,86067,0
86034,266,8144,1244,93,82,-8,-3727,-1,0,-3,0,36515,124,32,65,0,0,0,0,0,0,0,0,-32302,0,0,0,0,0,86072,0
86039,226,8152,1252,93,84,-4,-3727,-5,-3,-3,0,36515,129,32,65,0,0,0,0,0,0,0,0,-32302,0,0,0,0,0,86077,0
86044,216,8192,1244,89,99,0,-3727,-3,-5,-2,0,36515,129,32,65,0,0,0,0,0,0,0,0,-32302,0,0,0,0,0,86083,0
86049,228,8156,1224,96,99,3,-3726,-2,0,-3,0,36515,134,32,65,0,0,0,0,0,0,0,0,-32302,0,0,0,0,0,86088,0
86054,200,8174,1208,84,100,3,-3727,1,0,-4,0,36515,134,32,65,0,0,0,0,0,0,0,0,-32302,0,0,0,0,0,86093,0
86059,242,8160,1202,82,101,1,-3727,-3,0,-3,0,36522,145,32,65,0,0,0,0,0,0,0,0,-32302,0,0,0,0,0,86099,0
86064,236,8150,1192,86,111,11,-3727,1,1,-4,0,36522,145,32,65,0,0,0,0,0,0,0,0,-32302,0,0,0,0,0,86104,0
86069,196,8154,1172,88,109,13,-3726,-2,-3,-4,0,36523,149,32,65,0,0,0,0,0,0,0,0,-32302,0,0,0,0,0,86109,0
86074,202,8136,1166,90,109,16,-3727,5,1,-4,0,36523,149,32,65,0,0,0,0,0,0,0,0,-32302,0,0,0,0,0,86115,0
86079,206,8144,1160,94,115,17,-3728,-3,3,-3,0,36523,155,32,65,0,0,0,0,0,0,0,0,-32302,0,0,0,0,0,86120,0
86084,226,8162,1160,93,116,21,-3728,-7,-3,-2,0,36523,155,32,65,0,0,0,0,0,0,0,0,-32302,0,0,0,0,0,86125,0
86089,238,8138,1144,93,118,20,-3727,1,1,-3,0,36515,139,32,65,0,0,0,0,0,0,0,0,-32302,0,0,0,0,0,86130,0
86094,262,8172,1164,99,117,28,-3726,0,6,-4,0,36515,139,32,65,0,0,0,0,0,0,0,0,-32302,0,0,0,0,0,86136,0
86099,256,8136,1160,98,123,30,-3726,5,1,-2,0,36514,139,32,65,0,0,0,0,0,0,0,0,-32302,0,0,0,0,0,86141,0
86104,240,8172,1164,101,126,37,-3727,-1,1,-2,0,36514,139,32,65,0,0,0,0,0,0,0,0,-32302,0,0,0,0,0,86146,0
86109,256,8152,1152,105,131,42,-3727,0,-2,-1,0,36513,130,32,65,0,0,0,0,0,0,0,0,-32302,0,0,0,0,0,86152,0
86114,222,8140,1166,108,136,43,-3727,3,-3,-2,0,36513,130,32,65,0,0,0,0,0,0,0,0,-32302,0,0,0,0,0,86157,0
86119,222,8116,1160,107,131,46,-3726,4,0,-2,0,36514,128,32,65,0,0,0,0,0,0,0,0,-32302,0,0,0,0,0,86162,0
86124,230,8096,1174,114,139,51,-3727,1,0,-2,0,36514,128,32,65,0,0,0,0,0,0,0,0,-32302,0,0,0,0,0,86168,0
86129,242,8084,1186,110,145,50,-3727,0,-1,-3,0,36515,132,32,65,0,0,0,0,0,0,0,0,-32302,0,0,0,0,0,86173,0
86134,218,8060,1164,107,134,57,-3727,2,0,-3,0,36515,132,32,65,0,0,0,0,0,0,0,0,-32302,0,0,0,0,0,86178,0
86139,212,8080,1180,108,139,66,-3728,-3,2,-3,0,36515,136,32,65,0,0,0,0,0,0,0,0,-32302,0,0,0,0,0,86184,0
86144,248,8032,1168,108,134,67,-3727,-3,-1,-2,0,36515,136,32,65,0,0,0,0,0,0,0,0,-32302,0,0,0,0,0,86189,0
86149,226,8008,1180,98,136,72,-3728,0,2,-2,0,36514,137,32,65,0,0,0,0,0,0,0,0,-32302,0,0,0,0,0,86194,0
86154,246,8000,1192,107,130,77,-3726,0,1,-3,0,36514,137,32,65,0,0,0,0,0,0,0,0,-32302,0,0,0,0,0,86200,0
86159,230,8016,1198,103,132,77,-3726,-1,-1,-1,0,36518,130,32,65,0,0,0,0,0,0,0,0,-32302,0,0,0,0,0,86205,0
86164,246,8008,1212,96,129,81,-3727,0,5,-2,0,36518,130,32,65,0,0,0,0,0,0,0,0,-32303,0,0,0,0,0,86210,0
86169,196,7974,1214,95,133,86,-3727,-2,1,-4,0,36521,126,32,65,0,0,0,0,0,0,0,0,-32302,0,0,0,0,0,86216,0
86174,216,7992,1232,90,126,86,-3727,0,-2,-4,0,36521,126,32,65,0,0,0,0,0,0,0,0,-32302,0,0,0,0,0,86221,0
86179,202,7968,1244,89,119,85,-3727,0,-2,-2,0,36521,136,32,65,0,0,0,0,0,0,0,0,-32302,0,0,0,0,0,86226,0
86184,210,7982,1302,84,119,85,-3727,-3,4,-2,0,36521,136,32,65,0,0,0,0,0,0,0,0,-32302,0,0,0,0,0,86232,0
86189,194,7962,1320,77,117,89,-3727,0,-2,-3,0,36515,141,32,65,0,0,0,0,0,0,0,0,-32302,0,0,0,0,0,86237,0
86194,222,7940,1346,71,118,87,-3727,1,3,-3,0,36515,141,32,65,0,0,0,0,0,0,0,0,-32302,0,0,0,0,0,86242,0
86199,232,7956,1340,63,116,91,-3727,-1,1,-1,0,36513,141,32,65,0,0,0,0,0,0,0,0,-32303,0,0,0,0,0,86248,0
86204,270,7956,1368,53,121,94,-3726,1,-3,-3,0,36513,141,32,65,0,0,0,0,0,0,0,0,-32302,0,0,0,0,0,86253,0
86209,308,7960,1400,44,118,96,-3726,0,0,-3,0,36516,136,32,65,0,0,0,0,0,0,0,0,-32302,0,0,0,0,0,86258,0
86214,326,7934,1412,38,126,97,-3726,6,0,-3,0,36516,136,32,65,0,0,0,0,0,0,0,0,-32302,0,0,0,0,0,86264,0
86219,326,7944,1408,21,126,106,-3726,2,-4,-3,0,36520,140,32,65,0,0,0,0,0,0,0,0,-32302,0,0,0,0,0,86269,0
86224,328,7892,1414,4,126,120,-3727,2,-4,-3,0,36520,140,32,65,0,0,0,0,0,0,0,0,-32302,0,0,0,0,0,86274,0
86229,332,7944,1424,6,129,118,-3727,0,-3,-2,0,36518,142,32,65,0,0,0,0,0,0,0,0,-32302,0,0,0,0,0,86280,0
86234,342,7898,1412,-10,131,124,-3726,1,-3,-2,0,36518,142,32,65,0,0,0,0,0,0,0,0,-32302,0,0,0,0,0,86285,0
86239,318,7884,1412,-18,131,133,-3727,0,3,-2,0,36516,148,32,65,0,0,0,0,0,0,0,0,-32302,0,0,0,0,0,86290,0
86244,320,7902,1394,-31,126,148,-3727,0,-4,-2,0,36516,148,32,65,0,0,0,0,0,0,0,0,-32302,0,0,0,0,0,86296,0
86249,278,7898,1378,-35,121,156,-3727,-4,-2,-3,0,36514,138,32,65,0,0,0,0,0,0,0,0,-32302,0,0,0,0,0,86301,0
86254,300,7906,1374,-41,122,163,-3727,-3,-1,-3,0,36514,138,32,65,0,0,0,0,0,0,0,0,-32302,0,0,0,0,0,86306,0
86259,312,7938,1338,-41,113,169,-3726,-1,0,0,0,36519,135,32,65,0,0,0,0,0,0,0,0,-32302,0,0,0,0,0,86311,0
86264,288,7956,1332,-48,105,186,-3727,0,2,-3,0,36519,135,32,65,0,0,0,0,0,0,0,0,-32302,0,0,0,0,0,86317,0
86269,294,8004,1278,-54,97,191,-3728,-7,3,-3,0,36520,137,32,65,0,0,0,0,0,0,0,0,-32302,0,0,0,0,0,86322,0
86274,268,8034,1258,-56,98,201,-3727,-3,-1,-1,0,36520,137,32,65,0,0,0,0,0,0,0,0,-32302,0,0,0,0,0,86327,0
86279,248,8080,1244,-49,89,209,-3727,0,3,-2,0,36529,136,32,65,0,0,0,0,0,0,0,0,-32302,0,0,0,0,0,86333,0
86284,246,8100,1214,-49,79,220,-3727,2,4,-3,0,36529,136,32,65,0,0,0,0,0,0,0,0,-32302,0,0,0,0,0,86338,0
86289,234,8116,1180,-51,79,228,-3727,0,3,-2,0,36531,139,32,65,0,0,0,0,0,0,0,0,-32302,0,0,0,0,0,86343,0
86294,224,8176,1164,-45,69,236,-3727,1,2,-2,0,36531,139,32,65,0,0,0,0,0,0,0,0,-32302,0,0,0,0,0,86349,0
86299,208,8242,1146,-45,71,240,-3726,-3,-2,-1,0,36530,136,32,65,0,0,0,0,0,0,0,0,-32302,0,0,0,0,0,86354,0
86304,194,8292,1126,-36,62,248,-3727,4,2,-3,0,36530,136,32,65,0,0,0,0,0,0,0,0,-32302,0,0,0,0,0,86359,0
86309,154,8302,1076,-31,59,253,-3726,4,0,-3,0,36521,135,32,65,0,0,0,0,0,0,0,0,-32302,0,0,0,0,0,86365,0
86314,144,8360,1096,-27,66,250,-3727,1,-1,-4,0,36521,135,32,65,0,0,0,0,0,0,0,0,-32302,0,0,0,0,0,86370,0
86319,168,8370,1074,-20,63,257,-3727,0,1,-3,0,36514,136,32,65,0,0,0,0,0,0,0,0,-32302,0,0,0,0,0,86375,0
86324,130,8400,1046,-14,69,261,-3727,-4,-2,-4,0,36514,136,32,65,0,0,0,0,0,0,0,0,-32302,0,0,0,0,0,86381,0
86329,126,8396,1040,-2,71,254,-3727,-8,-3,-4,0,36514,140,32,65,0,0,0,0,0,0,0,0,-32303,0,0,0,0,0,86386,0
86334,108,8390,1054,-4,71,250,-3726,3,-1,-3,0,36514,140,32,65,0,0,0,0,0,0,0,0,-32302,0,0,0,0,0,86391,0
86339,90,8426,1040,5,68,252,-3727,-2,-1,-2,0,36514,138,32,65,0,0,0,0,0,0,0,0,-32302,0,0,0,0,0,86397,0
86344,34,8372,1020,16,80,247,-3728,-1,3,-2,0,36514,138,32,65,0,0,0,0,0,0,0,0,-32302,0,0,0,0,0,86402,0
86349,72,8356,1020,20,82,239,-3727,0,-1,-3,0,36514,138,32,65,0,0,0,0,0,0,0,0,-32302,0,0,0,0,0,86407,0
86354,16,8322,1014,24,82,237,-3726,5,4,-3,0,36514,138,32,65,0,0,0,0,0,0,0,0,-32302,0,0,0,0,0,86412,0
86359,10,8280,1024,31,76,228,-3727,1,1,-3,0,36513,136,32,65,0,0,0,0,0,0,0,0,-32302,0,0,0,0,0,86418,0
86364,-16,8234,1016,38,83,219,-3727,-1,-1,-2,0,36513,136,32,65,0,0,0,0,0,0,0,0,-32302,0,0,0,0,0,86423,0
86369,-38,8198,1020,40,77,213,-3727,-4,-3,-1,0,36520,128,32,65,0,0,0,0,0,0,0,0,-32302,0,0,0,0,0,86428,0
86374,-48,8162,1024,38,82,206,-3727,-3,0,-3,0,36520,128,32,65,0,0,0,0,0,0,0,0,-32302,0,0,0,0,0,86434,0
86379,-50,8152,1010,41,76,201,-3726,0,-1,-4,0,36520,130,32,65,0,0,0,0,0,0,0,0,-32302,0,0,0,0,0,86439,0
86384,-60,8086,1038,48,70,187,-3726,0,0,-2,0,36520,130,32,65,0,0,0,0,0,0,0,0,-32302,0,0,0,0,0,86444,0
86389,-86,8062,1056,43,66,189,-3726,0,1,-2,0,36520,129,32,65,0,0,0,0,0,0,0,0,-32302,0,0,0,0,0,86450,0
86394,-50,8064,1048,48,69,176,-3728,-1,1,-3,0,36520,129,32,65,0,0,0,0,0,0,0,0,-32302,0,0,0,0,0,86455,0
86399,-52,8004,1044,49,69,175,-3726,0,-1,-3,0,36515,141,32,65,0,0,0,0,0,0,0,0,-32302,0,0,0,0,0,86460,0
86404,-58,7922,1058,55,58,166,-3727,0,-4,-3,0,36515,141,32,65,0,0,0,0,0,0,0,0,-32302,0,0,0,0,0,86466,0
86409,-38,7870,1084,59,61,159,-3727,0,1,-4,0,36516,146,32,65,0,0,0,0,0,0,0,0,-32302,0,0,0,0,0,86471,0
86414,-50,7832,1086,52,57,162,-3726,-2,2,-3,0,36516,146,32,65,0,0,0,0,0,0,0,0,-32303,0,0,0,0,0,86476,0
86419,-32,7792,1072,56,52,150,-3727,2,0,-3,0,36515,138,32,65,0,0,0,0,0,0,0,0,-32302,0,0,0,0,0,86482,0
86424,-18,7728,1054,59,45,144,-3728,-7,-5,-2,0,36515,138,32,65,0,0,0,0,0,0,0,0,-32302,0,0,0,0,0,86487,0
86429,-22,7706,1072,64,45,145,-3726,-1,4,-3,0,36515,142,32,65,0,0,0,0,0,0,0,0,-32303,0,0,0,0,0,86492,0
86434,-4,7708,1090,63,41,140,-3727,-1,-1,-2,0,36515,142,32,65,0,0,0,0,0,0,0,0,-32302,0,0,0,0,0,86498,0
86439,-26,7692,1084,72,30,134,-3726,-3,-5,-3,0,36516,140,32,65,0,0,0,0,0,0,0,0,-32302,0,0,0,0,0,86503,0
86444,-18,7708,1070,75,19,128,-3726,4,1,-2,0,36516,140,32,65,0,0,0,0,0,0,0,0,-32302,0,0,0,0,0,86508,0
86449,-6,7738,1062,79,8,126,-3727,1,-3,-2,0,36518,136,32,65,0,0,0,0,0,0,0,0,-32302,0,0,0,0,0,86514,0
86454,2,7768,1060,83,5,120,-3726,0,5,-3,0,36518,136,32,65,0,0,0,0,0,0,0,0,-32302,0,0,0,0,0,86519,0
86459,14,7778,1048,90,0,111,-3726,0,4,-3,0,36517,129,32,65,0,0,0,0,0,0,0,0,-32302,0,0,0,0,0,86524,0
86464,72,7822,1028,98,-19,106,-3726,0,2,-3,0,36517,129,32,65,0,0,0,0,0,0,0,0,-32302,0,0,0,0,0,86529,0
86469,110,7854,1026,106,-29,99,-3727,0,-3,-5,0,36518,123,32,65,0,0,0,0,0,0,0,0,-32303,0,0,0,0,0,86535,0
86474,142,7858,1022,116,-49,103,-3727,-3,-2,-3,0,36518,123,32,65,0,0,0,0,0,0,0,0,-32302,0,0,0,0,0,86540,0
86479,134,7858,1046,121,-59,91,-3727,-5,1,-2,0,36518,130,32,65,0,0,0,0,0,0,0,0,-32302,0,0,0,0,0,86545,0
86484,200,7854,1020,131,-87,91,-3727,-1,1,-2,0,36518,130,32,65,0,0,0,0,0,0,0,0,-32302,0,0,0,0,0,86551,0
86489,226,7870,1040,132,-101,92,-3726,1,1,-2,0,36515,136,32,65,0,0,0,0,0,0,0,0,-32302,0,0,0,0,0,86556,0
86494,226,7846,1058,139,-119,94,-3727,4,-1,-3,0,36515,136,32,65,0,0,0,0,0,0,0,0,-32302,0,0,0,0,0,86561,0
86499,250,7796,1044,142,-134,97,-3727,0,-2,-1,0,36513,138,32,65,0,0,0,0,0,0,0,0,-32302,0,0,0,0,0,86568,0
86504,228,7768,1074,144,-158,103,-3726,0,5,-2,0,36513,138,32,65,0,0,0,0,0,0,0,0,-32302,0,0,0,0,0,86573,0
86509,262,7768,1102,146,-171,102,-3726,0,2,-2,0,36513,137,32,65,0,0,0,0,0,0,0,0,-32302,0,0,0,0,0,86578,0
86514,248,7732,1092,140,-184,107,-3727,0,0,-2,0,36513,137,32,65,0,0,0,0,0,0,0,0,-32303,0,0,0,0,0,86584,0
86519,256,7712,1122,134,-192,114,-3728,-4,-6,-2,0,36515,137,32,65,0,0,0,0,0,0,0,0,-32302,0,0,0,0,0,86589,0
86524,262,7750,1120,125,-219,114,-3727,0,1,-4,0,36515,137,32,65,0,0,0,0,0,0,0,0,-32302,0,0,0,0,0,86594,0
86529,226,7748,1084,124,-221,113,-3727,-5,0,-3,0,36514,135,32,65,0,0,0,0,0,0,0,0,-32303,0,0,0,0,0,86600,0
86534,246,7810,1100,116,-226,117,-3726,0,2,-2,0,36514,135,32,65,0,0,0,0,0,0,0,0,-32302,0,0,0,0,0,86605,0
86539,258,7826,1138,113,-226,117,-3726,-4,1,-3,0,36512,140,32,65,0,0,0,0,0,0,0,0,-32302,0,0,0,0,0,86610,0
86544,264,7912,1092,101,-228,121,-3727,-1,-2,-2,0,36512,140,32,65,0,0,0,0,0,0,0,0,-32302,0,0,0,0,0,86615,0
86549,256,7948,1066,100,-232,125,-3727,-1,-2,-3,0,36512,135,32,65,0,0,0,0,0,0,0,0,-32302,0,0,0,0,0,86621,0
86554,264,7998,1076,93,-227,122,-3727,-2,-2,-4,0,36512,135,32,65,0,0,0,0,0,0,0,0,-32302,0,0,0,0,0,86626,0
86559,282,8038,1054,91,-222,126,-3727,0,0,-3,0,36513,140,32,65,0,0,0,0,0,0,0,0,-32302,0,0,0,0,0,86632,0
86564,282,8094,1002,97,-216,131,-3727,0,-1,-2,0,36513,140,32,65,0,0,0,0,0,0,0,0,-32302,0,0,0,0,0,86637,0
86569,326,8126,986,99,-211,133,-3726,1,2,-2,0,36511,147,32,65,0,0,0,0,0,0,0,0,-32302,0,0,0,0,0,86643,0
86574,330,8174,974,98,-206,134,-3726,1,2,-5,0,36511,147,32,65,0,0,0,0,0,0,0,0,-32303,0,0,0,0,0,86649,0
86579,320,8216,952,105,-201,129,-3726,3,3,-3,0,36512,161,32,65,0,0,0,0,0,0,0,0,-32302,0,0,0,0,0,86654,0
86584,378,8310,938,114,-188,134,-3727,1,2,-3,0,36512,161,32,65,0,0,0,0,0,0,0,0,-32302,0,0,0,0,0,86660,0
86589,362,8304,926,123,-180,135,-3727,0,-1,-3,0,36510,156,32,65,0,0,0,0,0,0,0,0,-32302,0,0,0,0,0,86665,0
86594,362,8350,916,132,-170,136,-3726,1,4,-4,0,36510,156,32,65,0,0,0,0,0,0,0,0,-32302,0,0,0,0,0,86670,0
86599,372,8366,926,135,-165,134,-3727,0,0,-3,0,36512,144,32,65,0,0,0,0,0,0,0,0,-32302,0,0,0,0,0,86676,0
86604,362,8434,920,156,-152,136,-3727,2,-2,-3,0,36512,144,32,65,0,0,0,0,0,0,0,0,-32302,0,0,0,0,0,86681,0
86609,392,8484,924,162,-144,131,-3726,-1,3,-3,0,36511,128,32,65,0,0,0,0,0,0,0,0,-32302,0,0,0,0,0,86686,0
86614,378,8458,940,176,-126,122,-3726,2,3,-4,0,36511,128,32,65,0,0,0,0,0,0,0,0,-32302,0,0,0,0,0,86692,0
86619,376,8488,962,173,-126,121,-3728,-8,-3,-4,0,36514,133,32,65,0,0,0,0,0,0,0,0,-32302,0,0,0,0,0,86697,0
86624,338,8436,962,187,-102,109,-3727,-5,-2,-3,0,36514,133,32,65,0,0,0,0,0,0,0,0,-32302,0,0,0,0,0,86702,0
86629,368,8420,968,199,-91,106,-3727,-2,-2,-3,0,36514,138,32,65,0,0,0,0,0,0,0,0,-32303,0,0,0,0,0,86708,0
86634,376,8394,1002,194,-83,101,-3726,-9,2,-3,0,36514,138,32,65,0,0,0,0,0,0,0,0,-32302,0,0,0,0,0,86713,0
86639,356,8374,996,189,-77,92,-3727,0,0,-3,0,36514,134,32,65,0,0,0,0,0,0,0,0,-32302,0,0,0,0,0,86718,0
86644,392,8266,1024,190,-59,87,-3726,5,0,-2,0,36514,134,32,65,0,0,0,0,0,0,0,0,-32302,0,0,0,0,0,86723,0
86649,408,8250,1086,197,-58,84,-3727,0,-1,-2,0,36512,123,32,65,0,0,0,0,0,0,0,0,-32302,0,0,0,0,0,86729,0
86654,372,8218,1078,198,-48,80,-3727,-2,2,-4,0,36512,123,32,65,0,0,0,0,0,0,0,0,-32302,0,0,0,0,0,86734,0
86659,434,8154,1118,195,-45,82,-3727,-3,0,-3,0,36513,122,32,65,0,0,0,0,0,0,0,0,-32302,0,0,0,0,0,86739,0
86664,438,8114,1132,188,-36,88,-3726,2,0,-2,0,36513,122,32,65,0,0,0,0,0,0,0,0,-32302,0,0,0,0,0,86745,0
86669,420,8126,1164,189,-31,89,-3727,1,-1,-2,0,36515,129,32,65,0,0,0,0,0,0,0,0,-32302,0,0,0,0,0,86750,0
86674,482,8076,1182,185,-26,95,-3727,2,-1,-4,0,36515,129,32,65,0,0,0,0,0,0,0,0,-32302,0,0,0,0,0,86755,0
86679,460,8040,1172,181,-29,106,-3727,0,1,-4,0,36520,138,32,65,0,0,0,0,0,0,0,0,-32302,0,0,0,0,0,86761,0
86684,466,7998,1186,180,-15,117,-3727,0,1,-4,0,36520,138,32,65,0,0,0,0,0,0,0,0,-32302,0,0,0,0,0,86766,0
86689,448,7962,1214,175,-13,129,-3727,-4,2,-1,0,36521,136,32,65,0,0,0,0,0,0,0,0,-32303,0,0,0,0,0,86771,0
86694,464,7930,1202,170,-23,130,-3727,-1,-4,-3,0,36521,136,32,65,0,0,0,0,0,0,0,0,-32302,0,0,0,0,0,86777,0
86699,490,7944,1188,175,-16,135,-3726,3,-1,-2,0,36518,134,32,65,0,0,0,0,0,0,0,0,-32302,0,0,0,0,0,86782,0
86704,500,7890,1200,171,-20,147,-3726,6,3,-4,0,36518,134,32,65,0,0,0,0,0,0,0,0,-32302,0,0,0,0,0,86787,0
86709,472,7856,1214,171,-22,151,-3727,-3,-2,-3,0,36514,138,32,65,0,0,0,0,0,0,0,0,-32302,0,0,0,0,0,86793,0
86714,458,7892,1206,167,-23,155,-3727,3,-1,-3,0,36514,138,32,65,0,0,0,0,0,0,0,0,-32302,0,0,0,0,0,86798,0
86719,472,7912,1204,168,-22,166,-3726,0,2,-2,0,36509,142,32,65,0,0,0,0,0,0,0,0,-32302,0,0,0,0,0,86803,0
86724,426,7966,1224,163,-29,174,-3727,-2,0,-2,0,36509,142,32,65,0,0,0,0,0,0,0,0,-32302,0,0,0,0,0,86809,0
86729,432,7950,1222,161,-32,179,-3727,-6,0,-3,0,36510,140,32,65,0,0,0,0,0,0,0,0,-32302,0,0,0,0,0,86814,0
86734,442,7962,1206,159,-37,179,-3727,-3,-2,-2,0,36510,140,32,65,0,0,0,0,0,0,0,0,-32302,0,0,0,0,0,86819,0
86739,402,7956,1212,165,-38,180,-3727,-3,-1,-2,0,36512,142,32,65,0,0,0,0,0,0,0,0,-32302,0,0,0,0,0,86825,0
86744,406,7984,1226,156,-50,188,-3726,1,1,-1,0,36512,142,32,65,0,0,0,0,0,0,0,0,-32302,0,0,0,0,0,86830,0
86749,382,7966,1232,151,-56,181,-3727,-2,-2,-3,0,36515,147,32,65,0,0,0,0,0,0,0,0,-32302,0,0,0,0,0,86835,0
86754,384,7990,1212,156,-65,184,-3727,1,2,-2,0,36515,147,32,65,0,0,0,0,0,0,0,0,-32302,0,0,0,0,0,86841,0
86759,378,7998,1200,143,-70,188,-3726,9,-1,-3,0,36513,139,32,65,0,0,0,0,0,0,0,0,-32302,0,0,0,0,0,86846,0
86764,398,7940,1192,143,-83,178,-3727,2,1,-3,0,36513,139,32,65,0,0,0,0,0,0,0,0,-32302,0,0,0,0,0,86851,0
86769,392,7912,1202,146,-93,172,-3727,-1,-1,-3,0,36514,141,32,65,0,0,0,0,0,0,0,0,-32302,0,0,0,0,0,86857,0
86774,406,7946,1212,142,-94,178,-3726,-3,0,-4,0,36514,141,32,65,0,0,0,0,0,0,0,0,-32302,0,0,0,0,0,86862,0
86779,384,7924,1180,136,-99,176,-3726,0,4,-3,0,36514,139,32,65,0,0,0,0,0,0,0,0,-32302,0,0,0,0,0,86867,0
86784,416,7914,1184,132,-109,169,-3727,-6,0,-2,0,36514,139,32,65,0,0,0,0,0,0,0,0,-32302,0,0,0,0,0,86873,0
86789,448,7942,1184,121,-118,169,-3727,-1,-4,0,0,36517,139,32,65,0,0,0,0,0,0,0,0,-32302,0,0,0,0,0,86878,0
86794,424,7880,1174,130,-124,166,-3726,1,3,-2,0,36517,139,32,65,0,0,0,0,0,0,0,0,-32302,0,0,0,0,0,86883,0
86799,444,7904,1194,115,-123,165,-3726,1,0,-1,0,36515,136,32,65,0,0,0,0,0,0,0,0,-32302,0,0,0,0,0,86889,0
86804,440,7898,1164,116,-133,166,-3727,-4,-1,-2,0,36515,136,32,65,0,0,0,0,0,0,0,0,-32303,0,0,0,0,0,86894,0
86809,440,7882,1172,118,-133,162,-3727,1,-1,-3,0,36516,136,32,65,0,0,0,0,0,0,0,0,-32302,0,0,0,0,0,86899,0
86814,454,7886,1176,118,-135,158,-3726,1,-1,-3,0,36516,136,32,65,0,0,0,0,0,0,0,0,-32302,0,0,0,0,0,86905,0
86819,470,7848,1164,111,-143,163,-3726,3,1,-2,0,36517,131,32,65,0,0,0,0,0,0,0,0,-32302,0,0,0,0,0,86910,0
86824,470,7834,1180,105,-153,167,-3726,2,3,-3,0,36517,131,32,65,0,0,0,0,0,0,0,0,-32303,0,0,0,0,0,86915,0
86829,456,7804,1168,93,-153,165,-3726,4,-1,-3,0,36514,131,32,65,0,0,0,0,0,0,0,0,-32302,0,0,0,0,0,86920,0
86834,482,7788,1170,95,-157,159,-3726,0,1,-2,0,36514,131,32,65,0,0,0,0,0,0,0,0,-32302,0,0,0,0,0,86926,0
86839,504,7766,1140,93,-160,167,-3727,-8,-4,-3,0,36514,135,32,65,0,0,0,0,0,0,0,0,-32302,0,0,0,0,0,86931,0
86844,510,7794,1146,81,-164,170,-3727,0,2,-1,0,36514,135,32,65,0,0,0,0,0,0,0,0,-32302,0,0,0,0,0,86936,0
86849,468,7810,1160,77,-159,167,-3726,-1,-1,-2,0,36514,143,32,65,0,0,0,0,0,0,0,0,-32302,0,0,0,0,0,86942,0
86854,506,7808,1134,72,-165,173,-3726,12,1,-3,0,36514,143,32,65,0,0,0,0,0,0,0,0,-32302,0,0,0,0,0,86947,0
86859,512,7838,1134,69,-161,176,-3726,4,4,-5,0,36513,140,32,65,0,0,0,0,0,0,0,0,-32302,0,0,0,0,0,86952,0
86864,536,7884,1118,63,-158,178,-3727,0,3,-3,0,36513,140,32,65,0,0,0,0,0,0,0,0,-32302,0,0,0,0,0,86958,0
86869,536,7898,1128,55,-149,178,-3726,1,4,-3,0,36511,144,32,65,0,0,0,0,0,0,0,0,-32302,0,0,0,0,0,86963,0
86874,522,7902,1110,56,-149,187,-3727,0,2,-4,0,36511,144,32,65,0,0,0,0,0,0,0,0,-32302,0,0,0,0,0,86968,0
86879,532,7952,1088,59,-136,187,-3727,-4,1,-4,0,36511,151,32,65,0,0,0,0,0,0,0,0,-32302,0,0,0,0,0,86974,0
86884,538,8008,1052,50,-135,188,-3726,0,4,-3,0,36511,151,32,65,0,0,0,0,0,0,0,0,-32302,0,0,0,0,0,86979,0
86889,548,8030,1064,52,-124,193,-3727,0,-1,-2,0,36511,157,32,65,0,0,0,0,0,0,0,0,-32302,0,0,0,0,0,86984,0
86894,534,8070,1050,50,-122,195,-3728,3,-3,-4,0,36511,157,32,65,0,0,0,0,0,0,0,0,-32302,0,0,0,0,0,86990,0
86899,542,8050,1038,43,-116,197,-3727,-9,1,-1,0,36515,149,32,65,0,0,0,0,0,0,0,0,-32302,0,0,0,0,0,86995,0
86904,586,8130,1018,51,-108,202,-3726,1,3,-3,0,36515,149,32,65,0,0,0,0,0,0,0,0,-32302,0,0,0,0,0,87000,0
86909,576,8122,996,51,-93,196,-3726,3,-1,-4,0,36517,144,32,65,0,0,0,0,0,0,0,0,-32302,0,0,0,0,0,87006,0
86914,566,8156,996,54,-93,202,-3726,9,1,-2,0,36517,144,32,65,0,0,0,0,0,0,0,0,-32302,0,0,0,0,0,87011,0
86919,594,8166,968,56,-88,205,-3726,0,2,-1,0,36519,131,32,65,0,0,0,0,0,0,0,0,-32302,0,0,0,0,0,87016,0
86924,580,8194,980,54,-73,204,-3727,0,-2,-3,0,36519,131,32,65,0,0,0,0,0,0,0,0,-32302,0,0,0,0,0,87022,0
86929,580,8242,990,69,-68,201,-3727,0,1,-3,0,36519,134,32,65,0,0,0,0,0,0,0,0,-32302,0,0,0,0,0,87027,0
86934,556,8212,972,72,-66,201,-3726,-5,-1,-3,0,36519,134,32,65,0,0,0,0,0,0,0,0,-32302,0,0,0,0,0,87032,0
86939,560,8222,992,69,-64,198,-3725,8,-2,-4,0,36513,124,32,65,0,0,0,0,0,0,0,0,-32302,0,0,0,0,0,87038,0
86944,562,8234,1008,78,-55,197,-3727,-8,0,-4,0,36513,124,32,65,0,0,0,0,0,0,0,0,-32303,0,0,0,0,0,87043,0
86949,558,8264,1012,77,-59,198,-3726,5,-2,-4,0,36511,124,32,65,0,0,0,0,0,0,0,0,-32302,0,0,0,0,0,87048,0
86954,552,8270,1032,76,-51,192,-3727,-3,-4,-3,0,36511,124,32,65,0,0,0,0,0,0,0,0,-32302,0,0,0,0,0,87053,0
86959,560,8258,1040,79,-51,187,-3726,-3,3,-3,0,36512,129,32,65,0,0,0,0,0,0,0,0,-32302,0,0,0,0,0,87059,0
86964,564,8268,1040,82,-54,187,-3726,0,0,-3,0,36512,129,32,65,0,0,0,0,0,0,0,0,-32302,0,0,0,0,0,87064,0
86969,556,8294,1058,81,-53,185,-3726,3,4,-2,0,36514,131,32,65,0,0,0,0,0,0,0,0,-32302,0,0,0,0,0,87069,0
86974,584,8322,1052,82,-54,182,-3727,-1,-3,-3,0,36514,131,32,65,0,0,0,0,0,0,0,0,-32302,0,0,0,0,0,87075,0
86979,586,8322,1094,81,-45,191,-3726,-1,0,-2,0,36515,138,32,65,0,0,0,0,0,0,0,0,-32302,0,0,0,0,0,87080,0
86984,556,8370,1080,77,-49,184,-3726,0,-1,-2,0,36515,138,32,65,0,0,0,0,0,0,0,0,-32302,0,0,0,0,0,87085,0
86989,566,8396,1086,76,-44,183,-3726,0,4,-4,0,36513,140,32,65,0,0,0,0,0,0,0,0,-32302,0,0,0,0,0,87091,0
86994,564,8424,1070,76,-44,185,-3726,-5,1,-3,0,36513,140,32,65,0,0,0,0,0,0,0,0,-32302,0,0,0,0,0,87096,0
86999,556,8434,1078,69,-34,185,-3726,0,-2,-1,0,36514,136,32,65,0,0,0,0,0,0,0,0,-32303,0,0,0,0,0,87101,0
87004,574,8504,1076,68,-31,190,-3727,0,-2,-2,0,36514,136,32,65,0,0,0,0,0,0,0,0,-32303,0,0,0,0,0,87107,0
87009,578,8540,1044,71,-21,184,-3728,-9,-1,-3,0,36515,130,32,65,0,0,0,0,0,0,0,0,-32303,0,0,0,0,0,87112,0
87014,570,8556,1054,71,-12,191,-3726,2,0,-5,0,36515,130,32,65,0,0,0,0,0,0,0,0,-32302,0,0,0,0,0,87117,0
87019,556,8580,1054,70,-12,190,-3726,1,4,-4,0,36515,134,32,65,0,0,0,0,0,0,0,0,-32301,0,0,0,0,0,87123,0
87024,550,8604,1006,72,-4,194,-3728,-3,4,-4,0,36515,134,32,65,0,0,0,0,0,0,0,0,-32302,0,0,0,0,0,87128,0
87029,520,8622,992,77,8,194,-3726,0,-1,-3,0,36515,140,32,65,0,0,0,0,0,0,0,0,-32302,0,0,0,0,0,87133,0
87034,524,8678,1010,76,11,190,-3726,5,-1,-3,0,36515,140,32,65,0,0,0,0,0,0,0,0,-32302,0,0,0,0,0,87139,0
87039,562,8662,1004,86,19,191,-3727,0,1,-2,0,36512,147,32,65,0,0,0,0,0,0,0,0,-32302,0,0,0,0,0,87144,0
87044,494,8664,1010,96,26,181,-3728,-3,-1,-2,0,36512,147,32,65,0,0,0,0,0,0,0,0,-32302,0,0,0,0,0,87149,0
87049,458,8634,990,100,27,181,-3726,0,-3,-4,0,36510,144,32,65,0,0,0,0,0,0,0,0,-32302,0,0,0,0,0,87155,0
87054,478,8586,996,100,37,180,-3726,11,3,-3,0,36510,144,32,65,0,0,0,0,0,0,0,0,-32302,0,0,0,0,0,87160,0
87059,458,8554,1022,104,41,175,-3727,-1,0,-3,0,36511,138,32,65,0,0,0,0,0,0,0,0,-32302,0,0,0,0,0,87165,0
87064,444,8514,1052,112,52,167,-3727,0,2,-2,0,36511,138,32,65,0,0,0,0,0,0,0,0,-32302,0,0,0,0,0,87170,0
87069,440,8478,1048,114,57,157,-3726,-2,-3,-2,0,36512,143,32,65,0,0,0,0,0,0,0,0,-32302,0,0,0,0,0,87176,0
87074,432,8460,1048,120,72,153,-3726,0,4,-3,0,36512,143,32,65,0,0,0,0,0,0,0,0,-32302,0,0,0,0,0,87181,0
87079,400,8404,1080,117,76,145,-3725,7,-2,-3,0,36513,147,32,65,0,0,0,0,0,0,0,0,-32302,0,0,0,0,0,87186,0
87084,382,8330,1122,118,94,136,-3728,0,3,-3,0,36513,147,32,65,0,0,0,0,0,0,0,0,-32302,0,0,0,0,0,87192,0
87089,356,8292,1122,114,105,126,-3725,3,-2,-3,0,36512,137,32,65,0,0,0,0,0,0,0,0,-32302,0,0,0,0,0,87197,0
87094,386,8228,1136,112,108,125,-3727,0,2,-3,0,36512,137,32,65,0,0,0,0,0,0,0,0,-32302,0,0,0,0,0,87202,0
87099,356,8174,1184,105,115,121,-3727,-9,4,-1,0,36511,129,32,65,0,0,0,0,0,0,0,0,-32302,0,0,0,0,0,87208,0
87104,324,8098,1206,103,136,107,-3727,0,-6,-3,0,36511,129,32,65,0,0,0,0,0,0,0,0,-32302,0,0,0,0,0,87213,0
87109,310,8070,1208,99,140,101,-3726,-4,0,-3,0,36512,126,32,65,0,0,0,0,0,0,0,0,-32302,0,0,0,0,0,87218,0
87114,318,8038,1230,96,148,94,-3725,4,5,-3,0,36512,126,32,65,0,0,0,0,0,0,0,0,-32302,0,0,0,0,0,87224,0
87119,296,7976,1244,85,150,86,-3726,2,1,-4,0,36513,132,32,65,0,0,0,0,0,0,0,0,-32302,0,0,0,0,0,87229,0
87124,280,7910,1256,76,156,82,-3726,0,1,-3,0,36513,132,32,65,0,0,0,0,0,0,0,0,-32302,0,0,0,0,0,87234,0
87129,248,7858,1250,72,152,68,-3727,-4,-4,-2,0,36512,141,32,65,0,0,0,0,0,0,0,0,-32302,0,0,0,0,0,87240,0
87134,270,7822,1274,64,159,64,-3726,1,0,-3,0,36512,141,32,65,0,0,0,0,0,0,0,0,-32302,0,0,0,0,0,87245,0
87139,260,7780,1258,52,164,65,-3726,0,1,-2,0,36514,149,32,65,0,0,0,0,0,0,0,0,-32302,0,0,0,0,0,87250,0
87144,236,7724,1296,45,159,51,-3726,0,-2,-2,0,36514,149,32,65,0,0,0,0,0,0,0,0,-32302,0,0,0,0,0,87256,0
87149,254,7696,1296,36,159,46,-3727,0,2,-2,0,36517,151,32,65,0,0,0,0,0,0,0,0,-32302,0,0,0,0,0,87261,0
87154,228,7686,1288,34,163,44,-3727,-1,0,-2,0,36517,151,32,65,0,0,0,0,0,0,0,0,-32303,0,0,0,0,0,87266,0
87159,228,7660,1302,26,158,35,-3726,0,-1,-3,0,36517,135,32,65,0,0,0,0,0,0,0,0,-32302,0,0,0,0,0,87272,0
87164,208,7664,1312,17,156,21,-3727,-4,3,-3,0,36517,135,32,65,0,0,0,0,0,0,0,0,-32303,0,0,0,0,0,87277,0
87169,206,7662,1308,12,156,8,-3726,1,2,-3,0,36514,122,32,65,0,0,0,0,0,0,0,0,-32303,0,0,0,0,0,87282,0
87174,188,7662,1296,8,145,6,-3725,8,0,-3,0,36514,122,32,65,0,0,0,0,0,0,0,0,-32301,0,0,0,0,0,87287,0
87179,192,7690,1268,7,137,-1,-3726,0,5,-3,0,36513,124,32,65,0,0,0,0,0,0,0,0,-32302,0,0,0,0,0,87293,0
87184,198,7686,1310,3,130,-22,-3727,1,2,-3,0,36513,124,32,65,0,0,0,0,0,0,0,0,-32302,0,0,0,0,0,87298,0
87189,208,7702,1282,-8,123,-27,-3727,-5,-2,-2,0,36513,133,32,65,0,0,0,0,0,0,0,0,-32301,0,0,0,0,0,87303,0
87194,212,7728,1276,-11,120,-36,-3726,1,1,-3,0,36513,133,32,65,0,0,0,0,0,0,0,0,-32302,0,0,0,0,0,87309,0
87199,202,7724,1268,-13,111,-46,-3726,0,-2,-2,0,36513,142,32,65,0,0,0,0,0,0,0,0,-32302,0,0,0,0,0,87314,0
87204,222,7806,1242,-22,95,-62,-3726,-4,2,-3,0,36513,142,32,65,0,0,0,0,0,0,0,0,-32302,0,0,0,0,0,87319,0
87209,214,7814,1216,-24,87,-63,-3726,-5,-4,-4,0,36517,144,32,65,0,0,0,0,0,0,0,0,-32301,0,0,0,0,0,87325,0
87214,236,7850,1230,-29,78,-74,-3727,-3,-2,-4,0,36517,144,32,65,0,0,0,0,0,0,0,0,-32302,0,0,0,0,0,87330,0
87219,282,7876,1200,-31,68,-77,-3727,0,3,-3,0,36520,146,32,65,0,0,0,0,0,0,0,0,-32302,0,0,0,0,0,87335,0
87224,252,7928,1204,-32,58,-98,-3726,-2,0,-3,0,36520,146,32,65,0,0,0,0,0,0,0,0,-32302,0,0,0,0,0,87341,0
87229,266,7956,1182,-37,48,-102,-3727,-3,0,-2,0,36519,148,32,65,0,0,0,0,0,0,0,0,-32302,0,0,0,0,0,87346,0
87234,280,7980,1162,-41,37,-104,-3726,-3,2,-2,0,36519,148,32,65,0,0,0,0,0,0,0,0,-32302,0,0,0,0,0,87351,0
87239,274,8032,1116,-41,35,-113,-3726,-4,-2,-3,0,36518,144,32,65,0,0,0,0,0,0,0,0,-32302,0,0,0,0,0,87357,0
87244,296,8028,1102,-38,16,-125,-3726,-3,0,-2,0,36518,144,32,65,0,0,0,0,0,0,0,0,-32302,0,0,0,0,0,87362,0
87249,322,8042,1120,-39,11,-130,-3726,1,0,-2,0,36511,141,32,65,0,0,0,0,0,0,0,0,-32302,0,0,0,0,0,87367,0
87254,336,8022,1076,-43,0,-132,-3726,0,0,-1,0,36511,141,32,65,0,0,0,0,0,0,0,0,-32302,0,0,0,0,0,87373,0
87259,366,8066,1064,-42,-8,-139,-3726,-1,-2,-3,0,36510,133,32,65,0,0,0,0,0,0,0,0,-32302,0,0,0,0,0,87378,0
87264,386,8046,1040,-38,-22,-143,-3726,-2,-1,-3,0,36510,133,32,65,0,0,0,0,0,0,0,0,-32302,0,0,0,0,0,87383,0
87269,352,8036,1034,-32,-32,-146,-3727,-2,0,-2,0,36511,133,32,65,0,0,0,0,0,0,0,0,-32302,0,0,0,0,0,87389,0
87274,380,7992,1016,-33,-39,-153,-3726,-1,0,-3,0,36511,133,32,65,0,0,0,0,0,0,0,0,-32302,0,0,0,0,0,87394,0
87279,396,8002,1024,-31,-49,-153,-3727,-2,0,-3,0,36510,128,32,65,0,0,0,0,0,0,0,0,-32302,0,0,0,0,0,87399,0
87284,424,8034,1000,-31,-60,-154,-3727,-4,5,-2,0,36510,128,32,65,0,0,0,0,0,0,0,0,-32302,0,0,0,0,0,87405,0
87289,416,8028,974,-32,-63,-156,-3726,0,0,-2,0,36511,138,32,65,0,0,0,0,0,0,0,0,-32302,0,0,0,0,0,87410,0
87294,406,8058,966,-24,-66,-153,-3726,-1,3,-2,0,36511,138,32,65,0,0,0,0,0,0,0,0,-32301,0,0,0,0,0,87415,0
87299,440,8088,958,-25,-67,-155,-3725,3,2,-2,0,36510,141,32,65,0,0,0,0,0,0,0,0,-32302,0,0,0,0,0,87421,0
87304,438,8064,932,-23,-75,-149,-3726,1,1,-5,0,36510,141,32,65,0,0,0,0,0,0,0,0,-32302,0,0,0,0,0,87426,0
87309,450,8076,958,-17,-71,-147,-3726,0,-1,-4,0,36509,141,32,65,0,0,0,0,0,0,0,0,-32302,0,0,0,0,0,87431,0
87314,464,8094,926,-14,-79,-147,-3726,1,-2,-3,0,36509,141,32,65,0,0,0,0,0,0,0,0,-32302,0,0,0,0,0,87436,0
87319,498,8106,908,-15,-75,-146,-3727,0,2,0,0,36516,131,32,65,0,0,0,0,0,0,0,0,-32302,0,0,0,0,0,87442,0
87324,524,8100,898,0,-78,-141,-3725,-1,-5,-1,0,36516,131,32,65,0,0,0,0,0,0,0,0,-32302,0,0,0,0,0,87447,0
87329,492,8082,876,4,-78,-140,-3726,4,-2,-2,0,36516,133,32,65,0,0,0,0,0,0,0,0,-32302,0,0,0,0,0,87452,0
87334,512,8052,872,15,-85,-137,-3726,0,0,-2,0,36516,133,32,65,0,0,0,0,0,0,0,0,-32302,0,0,0,0,0,87458,0
87339,514,8022,858,25,-87,-131,-3726,5,-1,-3,0,36515,134,32,65,0,0,0,0,0,0,0,0,-32301,0,0,0,0,0,87463,0
87344,544,8026,884,33,-92,-125,-3727,-5,-4,-1,0,36515,134,32,65,0,0,0,0,0,0,0,0,-32302,0,0,0,0,0,87468,0
87349,566,7998,892,41,-85,-123,-3727,3,5,-2,0,36510,138,32,65,0,0,0,0,0,0,0,0,-32302,0,0,0,0,0,87474,0
87354,568,7988,906,44,-92,-122,-3726,1,-2,-3,0,36510,138,32,65,0,0,0,0,0,0,0,0,-32302,0,0,0,0,0,87479,0
87359,572,7964,920,44,-90,-117,-3726,-1,0,-4,0,36507,144,32,65,0,0,0,0,0,0,0,0,-32301,0,0,0,0,0,87484,0
87364,564,7970,896,65,-94,-119,-3725,0,-1,-3,0,36507,144,32,65,0,0,0,0,0,0,0,0,-32302,0,0,0,0,0,87490,0
87369,562,7962,916,65,-96,-116,-3726,0,0,-3,0,36511,144,32,65,0,0,0,0,0,0,0,0,-32302,0,0,0,0,0,87495,0
87374,572,7976,922,72,-98,-114,-3725,11,-2,-3,0,36511,144,32,65,0,0,0,0,0,0,0,0,-32302,0,0,0,0,0,87500,0
87379,558,7944,956,74,-98,-115,-3728,-3,0,-2,0,36514,147,32,65,0,0,0,0,0,0,0,0,-32302,0,0,0,0,0,87506,0
87384,584,7966,964,77,-97,-116,-3726,4,1,-2,0,36514,147,32,65,0,0,0,0,0,0,0,0,-32302,0,0,0,0,0,87511,0
87389,552,7984,992,84,-96,-118,-3725,2,-1,-3,0,36515,135,32,65,0,0,0,0,0,0,0,0,-32302,0,0,0,0,0,87516,0
87394,564,7944,992,87,-99,-111,-3725,3,3,-4,0,36515,135,32,65,0,0,0,0,0,0,0,0,-32302,0,0,0,0,0,87522,0
87399,556,7946,976,81,-101,-115,-3725,3,0,-2,0,36513,131,32,65,0,0,0,0,0,0,0,0,-32302,0,0,0,0,0,87527,0
87404,548,7916,974,84,-108,-115,-3726,3,-5,-3,0,36513,131,32,65,0,0,0,0,0,0,0,0,-32302,0,0,0,0,0,87532,0
87409,548,7900,1008,81,-109,-118,-3726,-5,-3,-3,0,36513,126,32,65,0,0,0,0,0,0,0,0,-32302,0,0,0,0,0,87538,0
87414,578,7870,1006,77,-113,-113,-3726,1,-2,-3,0,36513,126,32,65,0,0,0,0,0,0,0,0,-32302,0,0,0,0,0,87543,0
87419,552,7844,1000,80,-119,-112,-3726,-2,1,-3,0,36512,130,32,65,0,0,0,0,0,0,0,0,-32303,0,0,0,0,0,87548,0
87424,600,7856,990,79,-123,-111,-3727,-3,0,-2,0,36512,130,32,65,0,0,0,0,0,0,0,0,-32302,0,0,0,0,0,87554,0
87429,582,7838,970,74,-131,-113,-3726,0,-4,0,0,36515,131,32,65,0,0,0,0,0,0,0,0,-32302,0,0,0,0,0,87559,0
87434,612,7858,978,80,-134,-108,-3726,3,3,-2,0,36515,131,32,65,0,0,0,0,0,0,0,0,-32302,0,0,0,0,0,87564,0
87439,598,7836,996,79,-140,-114,-3726,3,6,-3,0,36514,134,32,65,0,0,0,0,0,0,0,0,-32302,0,0,0,0,0,87570,0
87444,618,7796,984,84,-137,-105,-3726,3,-2,-3,0,36514,134,32,65,0,0,0,0,0,0,0,0,-32302,0,0,0,0,0,87575,0
87449,648,7784,996,86,-143,-103,-3727,-1,1,-3,0,36515,133,32,65,0,0,0,0,0,0,0,0,-32302,0,0,0,0,0,87580,0
87454,608,7802,1008,87,-143,-98,-3726,5,1,-3,0,36515,133,32,65,0,0,0,0,0,0,0,0,-32302,0,0,0,0,0,87585,0
87459,664,7844,990,87,-145,-96,-3727,-5,-1,-3,0,36513,128,32,65,0,0,0,0,0,0,0,0,-32302,0,0,0,0,0,87591,0
87464,678,7858,1000,93,-137,-94,-3726,7,0,-2,0,36513,128,32,65,0,0,0,0,0,0,0,0,-32302,0,0,0,0,0,87596,0
87469,672,7878,978,99,-141,-91,-3726,1,-1,-3,0,36513,132,32,65,0,0,0,0,0,0,0,0,-32302,0,0,0,0,0,87601,0
87474,668,7894,988,98,-137,-84,-3726,5,4,-3,0,36513,132,32,65,0,0,0,0,0,0,0,0,-32302,0,0,0,0,0,87607,0
87479,702,7894,994,103,-139,-80,-3726,0,0,-3,0,36513,134,32,65,0,0,0,0,0,0,0,0,-32302,0,0,0,0,0,87612,0
87484,678,7952,984,105,-130,-70,-3727,-4,-1,-2,0,36513,134,32,65,0,0,0,0,0,0,0,0,-32302,0,0,0,0,0,87617,0
87489,714,7980,984,105,-126,-61,-3725,4,2,-2,0,36514,136,32,65,0,0,0,0,0,0,0,0,-32302,0,0,0,0,0,87623,0
87494,692,8020,982,102,-124,-58,-3726,0,2,-4,0,36514,136,32,65,0,0,0,0,0,0,0,0,-32302,0,0,0,0,0,87628,0
87499,702,8064,958,105,-113,-52,-3726,5,1,-2,0,36513,134,32,65,0,0,0,0,0,0,0,0,-32302,0,0,0,0,0,87634,0
87504,660,8112,958,107,-105,-42,-3726,-3,-3,-3,0,36513,134,32,65,0,0,0,0,0,0,0,0,-32302,0,0,0,0,0,87640,0
87509,666,8146,940,106,-100,-34,-3725,2,6,-3,0,36511,139,32,65,0,0,0,0,0,0,0,0,-32302,0,0,0,0,0,87645,0
87514,656,8180,930,109,-95,-27,-3727,-4,-3,-2,0,36511,139,32,65,0,0,0,0,0,0,0,0,-32302,0,0,0,0,0,87650,0
87519,618,8188,926,119,-94,-23,-3726,-1,0,-2,0,36511,144,32,65,0,0,0,0,0,0,0,0,-32302,0,0,0,0,0,87656,0
87524,596,8218,912,115,-73,-14,-3725,0,3,-3,0,36511,144,32,65,0,0,0,0,0,0,0,0,-32302,0,0,0,0,0,87661,0
87529,552,8222,912,124,-64,-15,-3726,1,-1,-4,0,36511,152,32,65,0,0,0,0,0,0,0,0,-32302,0,0,0,0,0,87666,0
87534,560,8240,926,129,-54,-12,-3726,1,-1,-4,0,36511,152,32,65,0,0,0,0,0,0,0,0,-32302,0,0,0,0,0,87672,0
87539,556,8220,900,135,-49,-13,-3725,-1,2,-3,0,36511,149,32,65,0,0,0,0,0,0,0,0,-32302,0,0,0,0,0,87677,0
87544,540,8166,892,144,-29,-12,-3725,4,4,-3,0,36511,149,32,65,0,0,0,0,0,0,0,0,-32302,0,0,0,0,0,87682,0
87549,522,8164,918,152,-20,-17,-3726,-4,0,-3,0,36511,153,32,65,0,0,0,0,0,0,0,0,-32302,0,0,0,0,0,87688,0
87554,524,8126,920,164,-10,-17,-3726,3,-3,-3,0,36511,153,32,65,0,0,0,0,0,0,0,0,-32302,0,0,0,0,0,87693,0
87559,512,8110,940,167,-5,-23,-3725,4,1,-4,0,36518,150,32,65,0,0,0,0,0,0,0,0,-32302,0,0,0,0,0,87698,0
87564,486,8042,948,176,11,-31,-3727,-8,3,-5,0,36518,150,32,65,0,0,0,0,0,0,0,0,-32302,0,0,0,0,0,87704,0
87569,450,8000,950,178,12,-31,-3726,1,-1,-3,0,36532,146,32,65,0,0,0,0,0,0,0,0,-32302,0,0,0,0,0,87709,0
87574,434,7966,1000,180,15,-39,-3726,4,0,-3,0,36532,146,32,65,0,0,0,0,0,0,0,0,-32302,0,0,0,0,0,87714,0
87579,428,7962,1002,180,24,-38,-3726,-3,1,-2,0,36537,138,32,65,0,0,0,0,0,0,0,0,-32302,0,0,0,0,0,87720,0
87584,446,7946,1012,190,27,-39,-3726,-1,3,-2,0,36537,138,32,65,0,0,0,0,0,0,0,0,-32302,0,0,0,0,0,87725,0
87589,424,7912,1058,188,30,-43,-3726,-1,0,-2,0,36527,139,32,65,0,0,0,0,0,0,0,0,-32302,0,0,0,0,0,87731,0
87594,430,7892,1044,189,31,-51,-3725,2,4,-3,0,36527,139,32,65,0,0,0,0,0,0,0,0,-32302,0,0,0,0,0,87736,0
87599,418,7870,1068,190,30,-49,-3727,-4,-1,-1,0,36516,141,32,65,0,0,0,0,0,0,0,0,-32302,0,0,0,0,0,87741,0
87604,408,7854,1108,180,35,-43,-3726,3,-2,-4,0,36516,141,32,65,0,0,0,0,0,0,0,0,-32302,0,0,0,0,0,87747,0
87609,434,7848,1126,180,38,-45,-3727,-8,-4,-4,0,36508,137,32,65,0,0,0,0,0,0,0,0,-32302,0,0,0,0,0,87752,0
87614,422,7832,1148,172,36,-40,-3726,-1,0,-3,0,36508,137,32,65,0,0,0,0,0,0,0,0,-32302,0,0,0,0,0,87757,0
87619,454,7800,1154,170,42,-38,-3725,0,-1,-4,0,36513,130,32,65,0,0,0,0,0,0,0,0,-32302,0,0,0,0,0,87763,0
87624,448,7758,1176,160,46,-33,-3728,-7,-11,-5,0,36513,130,32,65,0,0,0,0,0,0,0,0,-32302,0,0,0,0,0,87768,0
87629,446,7736,1160,160,45,-34,-3726,-4,3,-3,0,36513,131,32,65,0,0,0,0,0,0,0,0,-32302,0,0,0,0,0,87774,0
87634,448,7722,1142,151,50,-32,-3727,-2,-5,-5,0,36513,131,32,65,0,0,0,0,0,0,0,0,-32302,0,0,0,0,0,87779,0
87639,448,7682,1138,141,49,-27,-3726,4,-5,-3,0,36517,135,32,65,0,0,0,0,0,0,0,0,-32302,0,0,0,0,0,87784,0
87644,420,7646,1122,143,57,-24,-3726,0,1,-3,0,36517,135,32,65,0,0,0,0,0,0,0,0,-32302,0,0,0,0,0,87790,0
87649,440,7610,1108,140,55,-23,-3725,3,6,-2,0,36514,141,32,65,0,0,0,0,0,0,0,0,-32302,0,0,0,0,0,87795,0
87654,446,7594,1092,139,56,-22,-3725,6,1,-1,0,36514,141,32,65,0,0,0,0,0,0,0,0,-32302,0,0,0,0,0,87800,0
87659,442,7606,1054,135,61,-27,-3726,2,-2,-3,0,36513,138,32,65,0,0,0,0,0,0,0,0,-32302,0,0,0,0,0,87805,0
87664,446,7634,1026,130,77,-29,-3727,-3,3,-4,0,36513,138,32,65,0,0,0,0,0,0,0,0,-32302,0,0,0,0,0,87811,0
87669,432,7682,1008,135,82,-35,-3726,0,2,-3,0,36511,141,32,65,0,0,0,0,0,0,0,0,-32302,0,0,0,0,0,87816,0
87674,386,7740,972,131,86,-42,-3725,2,0,-4,0,36511,141,32,65,0,0,0,0,0,0,0,0,-32302,0,0,0,0,0,87821,0
87679,376,7802,972,131,81,-39,-3726,3,-4,-3,0,36511,140,32,65,0,0,0,0,0,0,0,0,-32302,0,0,0,0,0,87827,0
87684,384,7908,942,146,81,-48,-3726,0,0,-2,0,36511,140,32,65,0,0,0,0,0,0,0,0,-32302,0,0,0,0,0,87832,0
87689,370,7934,918,145,77,-54,-3726,1,2,-2,0,36511,144,32,65,0,0,0,0,0,0,0,0,-32302,0,0,0,0,0,87837,0
87694,390,8014,938,153,72,-53,-3726,2,-1,-3,0,36511,144,32,65,0,0,0,0,0,0,0,0,-32302,0,0,0,0,0,87843,0
87699,384,8036,936,157,64,-57,-3726,-1,2,-4,0,36509,135,32,65,0,0,0,0,0,0,0,0,-32302,0,0,0,0,0,87848,0
87704,474,8094,924,163,57,-64,-3727,1,-2,-4,0,36509,135,32,65,0,0,0,0,0,0,0,0,-32302,0,0,0,0,0,87853,0
87709,502,8094,926,166,49,-64,-3726,-7,-3,-3,0,36510,131,32,65,0,0,0,0,0,0,0,0,-32302,0,0,0,0,0,87859,0
87714,496,8120,936,171,48,-70,-3726,4,-1,-2,0,36510,131,32,65,0,0,0,0,0,0,0,0,-32302,0,0,0,0,0,87864,0
87719,542,8128,942,177,42,-67,-3725,1,0,-3,0,36509,131,32,65,0,0,0,0,0,0,0,0,-32302,0,0,0,0,0,87869,0
87724,624,8180,962,181,27,-64,-3725,7,3,-4,0,36509,131,32,65,0,0,0,0,0,0,0,0,-32302,0,0,0,0,0,87875,0
87729,632,8204,954,189,27,-55,-3726,-1,-3,-2,0,36510,135,32,65,0,0,0,0,0,0,0,0,-32302,0,0,0,0,0,87880,0
87734,648,8224,976,191,24,-56,-3726,0,4,-3,0,36510,135,32,65,0,0,0,0,0,0,0,0,-32302,0,0,0,0,0,87885,0
87739,708,8274,970,193,27,-45,-3727,-3,1,-7,0,36515,137,32,65,0,0,0,0,0,0,0,0,-32302,0,0,0,0,0,87891,0
87744,746,8304,1010,197,30,-35,-3726,0,0,-4,0,36515,137,32,65,0,0,0,0,0,0,0,0,-32302,0,0,0,0,0,87896,0
87749,734,8340,1010,189,33,-25,-3726,-1,0,-3,0,36514,137,32,65,0,0,0,0,0,0,0,0,-32302,0,0,0,0,0,87901,0
87754,740,8372,1012,198,38,-17,-3727,-2,-2,-3,0,36514,137,32,65,0,0,0,0,0,0,0,0,-32302,0,0,0,0,0,87907,0
87759,748,8402,1026,191,28,-10,-3726,-4,-1,-4,0,36513,131,32,65,0,0,0,0,0,0,0,0,-32302,0,0,0,0,0,87912,0
87764,748,8432,1046,190,39,10,-3725,0,0,-5,0,36513,131,32,65,0,0,0,0,0,0,0,0,-32302,0,0,0,0,0,87917,0
87769,748,8478,1052,188,40,19,-3726,0,0,-5,0,36508,138,32,65,0,0,0,0,0,0,0,0,-32302,0,0,0,0,0,87923,0
87774,768,8472,1040,190,35,34,-3725,-2,2,-6,0,36508,138,32,65,0,0,0,0,0,0,0,0,-32302,0,0,0,0,0,87928,0
87779,770,8460,1056,185,37,42,-3725,13,-3,-4,0,36508,141,32,65,0,0,0,0,0,0,0,0,-32302,0,0,0,0,0,87933,0
87784,734,8472,1048,186,34,61,-3725,-3,1,-5,0,36508,141,32,65,0,0,0,0,0,0,0,0,-32302,0,0,0,0,0,87938,0
87789,734,8490,1050,182,28,70,-3724,3,4,-6,0,36508,141,32,65,0,0,0,0,0,0,0,0,-32302,0,0,0,0,0,87944,0
87794,734,8474,1062,175,18,77,-3723,5,6,-5,0,36508,141,32,65,0,0,0,0,0,0,0,0,-32302,0,0,0,0,0,87949,0
87799,714,8448,1084,179,19,86,-3725,0,-2,-3,0,36509,135,32,65,0,0,0,0,0,0,0,0,-32302,0,0,0,0,0,87954,0
87804,708,8426,1078,178,4,101,-3724,5,-1,-4,0,36509,135,32,65,0,0,0,0,0,0,0,0,-32302,0,0,0,0,0,87960,0
87809,706,8420,1108,169,-4,110,-3725,-2,3,-4,0,36509,131,32,65,0,0,0,0,0,0,0,0,-32302,0,0,0,0,0,87965,0
87814,690,8414,1112,173,-12,121,-3724,3,-1,-4,0,36509,131,32,65,0,0,0,0,0,0,0,0,-32302,0,0,0,0,0,87970,0
87819,680,8384,1104,166,-16,126,-3724,-2,1,-5,0,36508,131,32,65,0,0,0,0,0,0,0,0,-32302,0,0,0,0,0,87976,0
87824,678,8386,1150,165,-29,141,-3724,-1,-1,-5,0,36508,131,32,65,0,0,0,0,0,0,0,0,-32302,0,0,0,0,0,87981,0
87829,614,8376,1164,157,-36,150,-3724,-5,-5,-5,0,36511,135,32,65,0,0,0,0,0,0,0,0,-32302,0,0,0,0,0,87986,0
87834,596,8396,1156,151,-36,156,-3723,13,1,-3,0,36511,135,32,65,0,0,0,0,0,0,0,0,-32302,0,0,0,0,0,87992,0
87839,584,8376,1156,148,-32,165,-3724,1,-4,-6,0,36519,133,32,65,0,0,0,0,0,0,0,0,-32302,0,0,0,0,0,87997,0
87844,572,8382,1190,148,-38,170,-3723,5,6,-6,0,36519,133,32,65,0,0,0,0,0,0,0,0,-32302,0,0,0,0,0,88002,0
87849,532,8378,1186,144,-38,175,-3723,-2,2,-5,0,36523,133,32,65,0,0,0,0,0,0,0,0,-32302,0,0,0,0,0,88008,0
87854,516,8362,1198,136,-38,181,-3724,0,-1,-3,0,36523,133,32,65,0,0,0,0,0,0,0,0,-32302,0,0,0,0,0,88013,0
87859,518,8320,1202,132,-32,184,-3723,-3,0,-3,0,36522,136,32,65,0,0,0,0,0,0,0,0,-32302,0,0,0,0,0,88018,0
87864,478,8342,1248,133,-29,188,-3722,3,2,-3,0,36522,136,32,65,0,0,0,0,0,0,0,0,-32302,0,0,0,0,0,88023,0
87869,480,8302,1248,121,-25,188,-3723,3,-4,-3,0,36520,131,32,65,0,0,0,0,0,0,0,0,-32302,0,0,0,0,0,88029,0
87874,458,8290,1250,122,-24,189,-3722,5,2,-4,0,36520,131,32,65,0,0,0,0,0,0,0,0,-32302,0,0,0,0,0,88034,0
87879,456,8248,1256,115,-28,192,-3724,-1,0,-3,0,36511,136,32,65,0,0,0,0,0,0,0,0,-32302,0,0,0,0,0,88039,0
87884,418,8154,1258,110,-18,191,-3723,-2,2,-3,0,36511,136,32,65,0,0,0,0,0,0,0,0,-32302,0,0,0,0,0,88045,0
87889,388,8116,1296,104,-15,194,-3723,-2,-2,-2,0,36510,139,32,65,0,0,0,0,0,0,0,0,-32302,0,0,0,0,0,88050,0
87894,386,8094,1272,99,-20,192,-3722,6,3,-3,0,36510,139,32,65,0,0,0,0,0,0,0,0,-32302,0,0,0,0,0,88055,0
87899,362,8042,1308,98,-18,189,-3723,0,-3,-2,0,36509,140,32,65,0,0,0,0,0,0,0,0,-32302,0,0,0,0,0,88061,0
87904,328,7960,1330,82,-9,185,-3722,8,2,-4,0,36509,140,32,65,0,0,0,0,0,0,0,0,-32302,0,0,0,0,0,88066,0
87909,302,7938,1334,80,-8,176,-3724,-1,1,-3,0,36509,134,32,65,0,0,0,0,0,0,0,0,-32302,0,0,0,0,0,88071,0
87914,270,7910,1350,67,-8,170,-3723,1,-1,-2,0,36509,134,32,65,0,0,0,0,0,0,0,0,-32302,0,0,0,0,0,88077,0
87919,246,7902,1356,64,1,172,-3723,-1,1,-3,0,36510,128,32,65,0,0,0,0,0,0,0,0,-32302,0,0,0,0,0,88082,0
87924,214,7834,1360,47,2,154,-3723,-3,3,-4,0,36510,128,32,65,0,0,0,0,0,0,0,0,-32302,0,0,0,0,0,88087,0
87929,160,7778,1384,40,7,148,-3722,0,-1,-2,0,36512,130,32,65,0,0,0,0,0,0,0,0,-32302,0,0,0,0,0,88093,0
87934,160,7760,1358,32,8,139,-3723,-2,1,-2,0,36512,130,32,65,0,0,0,0,0,0,0,0,-32303,0,0,0,0,0,88098,0
87939,150,7724,1362,20,5,128,-3723,0,3,-4,0,36510,130,32,65,0,0,0,0,0,0,0,0,-32302,0,0,0,0,0,88103,0
87944,126,7710,1358,7,4,113,-3723,2,2,-2,0,36510,130,32,65,0,0,0,0,0,0,0,0,-32302,0,0,0,0,0,88109,0
87949,152,7726,1328,-8,2,100,-3724,-5,3,0,0,36509,133,32,65,0,0,0,0,0,0,0,0,-32302,0,0,0,0,0,88114,0
87954,158,7712,1356,-12,3,96,-3723,-2,-2,-2,0,36509,133,32,65,0,0,0,0,0,0,0,0,-32302,0,0,0,0,0,88119,0
87959,144,7706,1328,-24,5,91,-3722,5,-1,-3,0,36510,133,32,65,0,0,0,0,0,0,0,0,-32302,0,0,0,0,0,88124,0
87964,158,7742,1292,-39,-11,74,-3723,0,1,-4,0,36510,133,32,65,0,0,0,0,0,0,0,0,-32302,0,0,0,0,0,88130,0
87969,124,7732,1286,-50,-3,72,-3723,-8,0,-2,0,36511,135,32,65,0,0,0,0,0,0,0,0,-32302,0,0,0,0,0,88135,0
87974,132,7756,1250,-57,-10,58,-3723,4,1,-4,0,36511,135,32,65,0,0,0,0,0,0,0,0,-32302,0,0,0,0,0,88140,0
87979,152,7776,1244,-57,-12,54,-3723,-5,-2,-3,0,36511,129,32,65,0,0,0,0,0,0,0,0,-32302,0,0,0,0,0,88146,0
87984,152,7798,1208,-70,-14,41,-3723,-2,-1,-1,0,36511,129,32,65,0,0,0,0,0,0,0,0,-32302,0,0,0,0,0,88151,0
87989,130,7800,1170,-79,-16,38,-3723,-5,-2,-2,0,36511,136,32,65,0,0,0,0,0,0,0,0,-32302,0,0,0,0,0,88156,0
87994,168,7852,1148,-80,-15,26,-3723,1,3,-3,0,36511,136,32,65,0,0,0,0,0,0,0,0,-32302,0,0,0,0,0,88162,0
87999,178,7866,1130,-80,-22,19,-3722,3,2,-1,0,36511,144,32,65,0,0,0,0,0,0,0,0,-32302,0,0,0,0,0,88167,0
88004,192,7902,1084,-83,-16,-3,-3723,-6,-2,-4,0,36511,144,32,65,0,0,0,0,0,0,0,0,-32302,0,0,0,0,0,88172,0
88009,196,7918,1050,-83,-24,-2,-3723,1,3,-3,0,36511,145,32,65,0,0,0,0,0,0,0,0,-32302,0,0,0,0,0,88178,0
88014,188,7966,1054,-82,-22,-15,-3723,-4,2,-2,0,36511,145,32,65,0,0,0,0,0,0,0,0,-32302,0,0,0,0,0,88183,0
88019,206,7968,1014,-74,-25,-23,-3724,2,2,-4,0,36510,143,32,65,0,0,0,0,0,0,0,0,-32302,0,0,0,0,0,88188,0
88024,256,7974,1004,-69,-33,-38,-3722,-1,2,-5,0,36510,143,32,65,0,0,0,0,0,0,0,0,-32302,0,0,0,0,0,88194,0
88029,238,7990,976,-76,-38,-41,-3723,3,0,-4,0,36512,150,32,65,0,0,0,0,0,0,0,0,-32302,0,0,0,0,0,88199,0
88034,276,7978,960,-63,-43,-49,-3724,-5,2,-4,0,36512,150,32,65,0,0,0,0,0,0,0,0,-32302,0,0,0,0,0,88204,0
88039,284,7980,962,-65,-49,-52,-3723,-10,-2,-3,0,36511,150,32,65,0,0,0,0,0,0,0,0,-32302,0,0,0,0,0,88210,0
88044,288,8020,972,-60,-53,-67,-3724,-8,-1,-1,0,36511,150,32,65,0,0,0,0,0,0,0,0,-32302,0,0,0,0,0,88215,0
88049,324,8018,980,-56,-61,-74,-3723,-2,0,-2,0,36510,150,32,65,0,0,0,0,0,0,0,0,-32302,0,0,0,0,0,88220,0
88054,358,8014,950,-57,-66,-79,-3723,1,1,-1,0,36510,150,32,65,0,0,0,0,0,0,0,0,-32302,0,0,0,0,0,88226,0
88059,344,8022,968,-56,-71,-75,-3723,0,0,-3,0,36516,139,32,65,0,0,0,0,0,0,0,0,-32302,0,0,0,0,0,88231,0
88064,384,8104,960,-50,-80,-78,-3722,-3,1,-4,0,36516,139,32,65,0,0,0,0,0,0,0,0,-32302,0,0,0,0,0,88236,0
88069,364,8100,962,-50,-84,-78,-3723,-3,2,-4,0,36518,138,32,65,0,0,0,0,0,0,0,0,-32302,0,0,0,0,0,88242,0
88074,384,8168,934,-55,-81,-79,-3723,-1,0,-6,0,36518,138,32,65,0,0,0,0,0,0,0,0,-32302,0,0,0,0,0,88247,0
88079,422,8188,932,-49,-93,-83,-3723,-2,2,-3,0,36519,139,32,65,0,0,0,0,0,0,0,0,-32302,0,0,0,0,0,88252,0
88084,402,8202,900,-48,-101,-73,-3723,4,2,-4,0,36519,139,32,65,0,0,0,0,0,0,0,0,-32302,0,0,0,0,0,88258,0
88089,408,8234,900,-43,-94,-70,-3723,-3,3,-4,0,36512,130,32,65,0,0,0,0,0,0,0,0,-32302,0,0,0,0,0,88263,0
88094,422,8244,874,-45,-102,-67,-3721,3,3,-5,0,36512,130,32,65,0,0,0,0,0,0,0,0,-32302,0,0,0,0,0,88268,0
88099,426,8244,874,-37,-103,-64,-3721,4,2,-4,0,36510,132,32,65,0,0,0,0,0,0,0,0,-32302,0,0,0,0,0,88273,0
88104,460,8270,842,-30,-100,-59,-3721,7,5,-6,0,36510,132,32,65,0,0,0,0,0,0,0,0,-32302,0,0,0,0,0,88279,0
88109,446,8274,828,-18,-105,-54,-3720,4,-2,-7,0,36510,128,32,65,0,0,0,0,0,0,0,0,-32302,0,0,0,0,0,88284,0
88114,434,8260,818,-13,-103,-57,-3721,2,1,-8,0,36510,128,32,65,0,0,0,0,0,0,0,0,-32302,0,0,0,0,0,88289,0
88119,438,8250,778,-4,-108,-56,-3720,4,0,-9,0,36509,129,32,65,0,0,0,0,0,0,0,0,-32302,0,0,0,0,0,88295,0
88124,428,8246,776,5,-104,-47,-3719,2,0,-12,0,36509,129,32,65,0,0,0,0,0,0,0,0,-32302,0,0,0,0,0,88300,0
88129,450,8246,770,13,-101,-48,-3718,5,3,-12,0,36510,129,32,65,0,0,0,0,0,0,0,0,-32302,0,0,0,0,0,88305,0
88134,428,8250,782,23,-104,-48,-3717,9,5,-18,0,36510,129,32,65,0,0,0,0,0,0,0,0,-32302,0,0,0,0,0,88311,0
88139,408,8240,782,32,-101,-50,-3714,11,5,-27,0,36509,135,32,65,0,0,0,0,0,0,0,0,-32302,0,0,0,0,0,88316,0
88144,400,8182,776,57,-103,-56,-3708,20,11,-42,0,36509,135,32,65,0,0,0,0,0,0,0,0,-32302,0,0,0,0,0,88321,0
88149,412,8170,780,70,-101,-59,-3699,40,27,-68,0,36510,132,32,65,0,0,0,0,0,0,0,0,-32302,0,0,0,0,0,88327,0
88154,392,8116,792,76,-102,-62,-3686,65,41,-98,0,36510,132,32,65,0,0,0,0,0,0,0,0,-32302,0,0,0,0,0,88332,0
88159,350,8106,806,83,-100,-66,-3673,49,45,-99,0,36513,131,32,65,0,0,0,0,0,0,0,0,-32302,0,0,0,0,0,88337,0
88164,328,8010,850,91,-112,-57,-3668,18,20,-56,0,36513,131,32,65,0,0,0,0,0,0,0,0,-32302,0,0,0,0,0,88343,0
88169,324,7950,820,98,-112,-55,-3669,-3,-12,-10,0,36515,129,32,65,0,0,0,0,0,0,0,0,-32303,0,0,0,0,0,88348,0
88174,320,7882,830,104,-115,-57,-3668,1,-48,0,0,36515,129,32,65,0,0,0,0,0,0,0,0,-32302,0,0,0,0,0,88353,0
88179,354,7832,842,108,-123,-59,-3668,3,-55,0,0,36516,137,32,65,0,0,0,0,0,0,0,0,-32303,0,0,0,0,0,88358,0
88184,348,7762,830,121,-139,-55,-3669,-8,-26,0,0,36516,137,32,65,0,0,0,0,0,0,0,0,-32302,0,0,0,0,0,88364,0
88189,330,7702,872,123,-145,-53,-3668,-5,-8,0,0,36516,143,32,65,0,0,0,0,0,0,0,0,-32303,0,0,0,0,0,88369,0
88194,312,7678,870,122,-158,-49,-3668,-3,-3,-1,0,36516,143,32,65,0,0,0,0,0,0,0,0,-32302,0,0,0,0,0,88374,0
88199,318,7600,836,122,-166,-47,-3668,1,3,0,0,36512,140,32,65,0,0,0,0,0,0,0,0,-32302,0,0,0,0,0,88379,0
88204,320,7606,842,133,-192,-36,-3669,-4,-1,-1,0,36512,140,32,65,0,0,0,0,0,0,0,0,-32302,0,0,0,0,0,88384,0
88209,334,7580,824,138,-202,-31,-3667,0,2,-1,0,36512,134,32,65,0,0,0,0,0,0,0,0,-32302,0,0,0,0,0,88389,0
88214,356,7594,802,140,-214,-33,-3668,3,4,-1,0,36512,134,32,65,0,0,0,0,0,0,0,0,-32302,0,0,0,0,0,88394,0
88219,330,7594,824,143,-231,-29,-3669,-1,3,-1,0,36514,137,32,65,0,0,0,0,0,0,0,0,-32302,0,0,0,0,0,88399,0
88224,338,7648,782,145,-252,-17,-3668,-4,-5,-2,0,36514,137,32,65,0,0,0,0,0,0,0,0,-32302,0,0,0,0,0,88404,0
88229,318,7686,790,151,-268,-18,-3668,1,1,-2,0,36516,135,32,65,0,0,0,0,0,0,0,0,-32302,0,0,0,0,0,88409,0
88234,332,7730,770,157,-285,-12,-3669,-6,4,-1,0,36516,135,32,65,0,0,0,0,0,0,0,0,-32302,0,0,0,0,0,88414,0
88239,354,7752,784,160,-292,-14,-3668,-2,-2,-1,0,36514,129,32,65,0,0,0,0,0,0,0,0,-32302,0,0,0,0,0,88419,0
88244,342,7838,762,168,-320,-10,-3668,1,-2,-1,0,36514,129,32,65,0,0,0,0,0,0,0,0,-32302,0,0,0,0,0,88424,0
88249,362,7852,752,180,-336,-15,-3668,3,7,-1,0,36512,121,32,65,0,0,0,0,0,0,0,0,-32302,0,0,0,0,0,88429,0
88254,370,7880,738,178,-349,-8,-3668,8,-1,0,0,36512,121,32,65,0,0,0,0,0,0,0,0,-32302,0,0,0,0,0,88434,0
88259,392,7892,762,185,-364,-6,-3669,1,3,0,0,36515,134,32,65,0,0,0,0,0,0,0,0,-32302,0,0,0,0,0,88439,0
88264,428,7968,790,201,-377,-9,-3669,-1,4,0,0,36515,134,32,65,0,0,0,0,0,0,0,0,-32302,0,0,0,0,0,88444,0
88269,462,7972,774,210,-378,-14,-3667,3,0,-1,0,36520,140,32,65,0,0,0,0,0,0,0,0,-32302,0,0,0,0,0,88449,0
88274,440,7998,798,214,-387,-16,-3668,1,0,-2,0,36520,140,32,65,0,0,0,0,0,0,0,0,-32302,0,0,0,0,0,88454,0
88279,484,8006,806,221,-388,-19,-3667,7,3,0,0,36520,142,32,65,0,0,0,0,0,0,0,0,-32302,0,0,0,0,0,88459,0
88284,472,8002,824,232,-398,-23,-3668,0,-2,0,0,36520,142,32,65,0,0,0,0,0,0,0,0,-32302,0,0,0,0,0,88464,0
88289,484,8018,838,230,-401,-28,-3668,-1,0,0,0,36521,144,32,65,0,0,0,0,0,0,0,0,-32302,0,0,0,0,0,88469,0
88294,500,8006,854,228,-398,-29,-3667,0,-2,0,0,36521,144,32,65,0,0,0,0,0,0,0,0,-32302,0,0,0,0,0,88474,0
88299,530,8042,864,231,-399,-26,-3668,0,0,0,0,36519,137,32,65,0,0,0,0,0,0,0,0,-32302,0,0,0,0,0,88479,0
88304,534,8158,836,235,-389,-35,-3668,1,2,0,0,36519,137,32,65,0,0,0,0,0,0,0,0,-32302,0,0,0,0,0,88484,0
88309,556,8200,870,236,-384,-33,-3667,2,-1,-1,0,36519,124,32,65,0,0,0,0,0,0,0,0,-32302,0,0,0,0,0,88489,0
88314,580,8260,876,231,-368,-31,-3667,9,4,-2,0,36519,124,32,65,0,0,0,0,0,0,0,0,-32302,0,0,0,0,0,88494,0
88319,576,8268,840,238,-362,-32,-3669,0,2,-1,0,36518,120,32,65,0,0,0,0,0,0,0,0,-32302,0,0,0,0,0,88499,0
88324,590,8306,854,239,-341,-23,-3668,-2,1,0,0,36518,120,32,65,0,0,0,0,0,0,0,0,-32302,0,0,0,0,0,88504,0
88329,574,8330,852,242,-331,-22,-3667,4,-1,-1,0,36518,121,32,65,0,0,0,0,0,0,0,0,-32302,0,0,0,0,0,88509,0
88334,604,8338,838,244,-319,-20,-3668,3,2,-1,0,36518,121,32,65,0,0,0,0,0,0,0,0,-32302,0,0,0,0,0,88514,0
88339,602,8330,850,249,-307,-16,-3668,-1,-2,-1,0,36516,128,32,65,0,0,0,0,0,0,0,0,-32302,0,0,0,0,0,88519,0
88344,638,8446,852,245,-285,-9,-3668,-2,-3,-1,0,36516,128,32,65,0,0,0,0,0,0,0,0,-32302,0,0,0,0,0,88524,0
88349,650,8466,860,251,-270,-6,-3667,5,0,-1,0,36516,131,32,65,0,0,0,0,0,0,0,0,-32302,0,0,0,0,0,88529,0
88354,654,8482,850,261,-257,-6,-3669,-6,-1,0,0,36516,131,32,65,0,0,0,0,0,0,0,0,-32302,0,0,0,0,0,88534,0
88359,640,8522,848,265,-248,0,-3668,1,-2,-2,0,36516,133,32,65,0,0,0,0,0,0,0,0,-32302,0,0,0,0,0,88539,0
88364,640,8550,886,273,-233,2,-3668,-3,-1,-1,0,36516,133,32,65,0,0,0,0,0,0,0,0,-32302,0,0,0,0,0,88544,0
88369,648,8580,916,278,-214,9,-3669,-4,-2,-1,0,36521,132,32,65,0,0,0,0,0,0,0,0,-32302,0,0,0,0,0,88549,0
88374,684,8526,916,283,-204,12,-3668,-6,-2,0,0,36521,132,32,65,0,0,0,0,0,0,0,0,-32302,0,0,0,0,0,88554,0
88379,660,8534,964,288,-189,17,-3668,1,1,-1,0,36521,141,32,65,0,0,0,0,0,0,0,0,-32302,0,0,0,0,0,88559,0
88384,688,8472,1032,295,-157,25,-3666,6,4,-2,0,36521,141,32,65,0,0,0,0,0,0,0,0,-32302,0,0,0,0,0,88564,0
88389,678,8478,1044,301,-144,27,-3669,-3,-1,-1,0,36520,138,32,65,0,0,0,0,0,0,0,0,-32302,0,0,0,0,0,88569,0
88394,682,8468,1080,293,-126,19,-3667,-3,0,-1,0,36520,138,32,65,0,0,0,0,0,0,0,0,-32302,0,0,0,0,0,88574,0
88399,672,8436,1106,296,-107,23,-3669,1,-2,0,0,36516,138,32,65,0,0,0,0,0,0,0,0,-32302,0,0,0,0,0,88579,0
88404,664,8334,1142,287,-75,25,-3668,0,2,-2,0,36516,138,32,65,0,0,0,0,0,0,0,0,-32302,0,0,0,0,0,88584,0
88409,674,8308,1190,291,-58,26,-3668,-3,-5,-2,0,36515,130,32,65,0,0,0,0,0,0,0,0,-32302,0,0,0,0,0,88589,0
88414,650,8250,1226,282,-41,29,-3668,2,2,-2,0,36515,130,32,65,0,0,0,0,0,0,0,0,-32302,0,0,0,0,0,88594,0
88419,664,8220,1262,270,-29,26,-3668,-1,2,-1,0,36515,126,32,65,0,0,0,0,0,0,0,0,-32302,0,0,0,0,0,88599,0
88424,612,8158,1326,251,9,29,-3668,-5,-3,-2,0,36515,126,32,65,0,0,0,0,0,0,0,0,-32302,0,0,0,0,0,88604,0
88429,612,8094,1334,244,25,29,-3668,6,-1,-1,0,36515,121,32,65,0,0,0,0,0,0,0,0,-32302,0,0,0,0,0,88609,0
88434,610,8088,1352,226,44,28,-3667,3,2,0,0,36515,121,32,65,0,0,0,0,0,0,0,0,-32303,0,0,0,0,0,88614,0
88439,610,8064,1350,216,58,36,-3669,1,-5,-1,0,36515,130,32,65,0,0,0,0,0,0,0,0,-32302,0,0,0,0,0,88619,0
88444,568,7986,1372,187,90,35,-3667,0,3,-1,0,36515,130,32,65,0,0,0,0,0,0,0,0,-32302,0,0,0,0,0,88624,0
88449,588,7964,1366,176,103,41,-3667,4,5,-1,0,36515,131,32,65,0,0,0,0,0,0,0,0,-32302,0,0,0,0,0,88629,0
88454,562,7932,1400,161,112,41,-3668,2,-5,-1,0,36515,131,32,65,0,0,0,0,0,0,0,0,-32302,0,0,0,0,0,88634,0
88459,564,7920,1364,150,122,45,-3667,2,1,-2,0,36515,130,32,65,0,0,0,0,0,0,0,0,-32302,0,0,0,0,0,88639,0
88464,538,7902,1374,125,148,51,-3668,-1,1,-2,0,36515,130,32,65,0,0,0,0,0,0,0,0,-32302,0,0,0,0,0,88644,0
88469,516,7874,1362,113,160,58,-3668,0,0,-5,0,36519,122,32,65,0,0,0,0,0,0,0,0,-32302,0,0,0,0,0,88649,0
88474,496,7836,1336,102,169,59,-3667,0,2,-3,0,36519,122,32,65,0,0,0,0,0,0,0,0,-32302,0,0,0,0,0,88654,0
88479,468,7846,1330,96,171,62,-3668,-5,-2,-2,0,36521,123,32,65,0,0,0,0,0,0,0,0,-32302,0,0,0,0,0,88659,0
88484,454,7794,1296,86,175,66,-3668,4,-2,0,0,36521,123,32,65,0,0,0,0,0,0,0,0,-32302,0,0,0,0,0,88664,0
88489,452,7746,1290,75,173,66,-3669,-11,-4,-1,0,36521,125,32,65,0,0,0,0,0,0,0,0,-32302,0,0,0,0,0,88669,0
88494,440,7732,1284,64,178,65,-3668,-4,1,0,0,36521,125,32,65,0,0,0,0,0,0,0,0,-32302,0,0,0,0,0,88674,0
88499,446,7730,1242,66,174,70,-3667,3,0,1,0,36517,129,32,65,0,0,0,0,0,0,0,0,-32302,0,0,0,0,0,88680,0
88504,436,7732,1246,54,175,63,-3668,2,0,-1,0,36517,129,32,65,0,0,0,0,0,0,0,0,-32302,0,0,0,0,0,88685,0
88509,462,7754,1224,52,170,66,-3668,-2,0,-1,0,36513,134,32,65,0,0,0,0,0,0,0,0,-32302,0,0,0,0,0,88690,0
88514,434,7782,1214,42,174,68,-3668,1,0,-2,0,36513,134,32,65,0,0,0,0,0,0,0,0,-32302,0,0,0,0,0,88695,0
88519,418,7796,1210,46,169,62,-3667,-1,2,-2,0,36516,142,32,65,0,0,0,0,0,0,0,0,-32302,0,0,0,0,0,88700,0
88524,468,7886,1196,39,162,65,-3669,-3,-5,-3,0,36516,142,32,65,0,0,0,0,0,0,0,0,-32302,0,0,0,0,0,88705,0
88529,430,7906,1178,37,160,65,-3668,0,-4,-1,0,36520,147,32,65,0,0,0,0,0,0,0,0,-32302,0,0,0,0,0,88710,0
88534,440,7944,1172,32,152,63,-3668,0,-2,-1,0,36520,147,32,65,0,0,0,0,0,0,0,0,-32302,0,0,0,0,0,88715,0
88539,464,7952,1164,25,159,68,-3668,3,1,-1,0,36523,142,32,65,0,0,0,0,0,0,0,0,-32302,0,0,0,0,0,88720,0
88544,480,7994,1138,14,150,69,-3668,1,4,-3,0,36523,142,32,65,0,0,0,0,0,0,0,0,-32302,0,0,0,0,0,88725,0
88549,470,8032,1128,5,157,70,-3668,0,-3,-2,0,36521,133,32,65,0,0,0,0,0,0,0,0,-32302,0,0,0,0,0,88730,0
88554,484,8042,1126,2,151,73,-3668,1,4,0,0,36521,133,32,65,0,0,0,0,0,0,0,0,-32302,0,0,0,0,0,88735,0
88559,498,8078,1118,-5,146,73,-3668,0,2,-1,0,36518,131,32,65,0,0,0,0,0,0,0,0,-32302,0,0,0,0,0,88740,0
88564,502,8130,1074,-12,140,75,-3668,-2,-1,-2,0,36518,131,32,65,0,0,0,0,0,0,0,0,-32302,0,0,0,0,0,88745,0
88569,456,8168,1088,-20,141,79,-3667,0,2,-2,0,36516,130,32,65,0,0,0,0,0,0,0,0,-32302,0,0,0,0,0,88750,0
88574,448,8190,1046,-14,134,81,-3667,1,3,-1,0,36516,130,32,65,0,0,0,0,0,0,0,0,-32302,0,0,0,0,0,88755,0
88579,462,8208,1052,-24,131,84,-3668,0,-4,-1,0,36520,129,32,65,0,0,0,0,0,0,0,0,-32302,0,0,0,0,0,88760,0
88584,452,8234,1004,-33,121,88,-3667,3,3,-1,0,36520,129,32,65,0,0,0,0,0,0,0,0,-32302,0,0,0,0,0,88765,0
88589,430,8248,992,-35,115,84,-3668,-1,1,-2,0,36522,125,32,65,0,0,0,0,0,0,0,0,-32303,0,0,0,0,0,88770,0
88594,400,8254,972,-33,105,86,-3668,-1,-2,-2,0,36522,125,32,65,0,0,0,0,0,0,0,0,-32302,0,0,0,0,0,88775,0
88599,378,8268,978,-41,100,89,-3667,2,1,-1,0,36522,126,32,65,0,0,0,0,0,0,0,0,-32302,0,0,0,0,0,88780,0
88604,380,8286,934,-37,89,84,-3668,0,0,-2,0,36522,126,32,65,0,0,0,0,0,0,0,0,-32302,0,0,0,0,0,88785,0
88609,364,8304,920,-39,75,87,-3668,-4,-1,-1,0,36516,123,32,65,0,0,0,0,0,0,0,0,-32302,0,0,0,0,0,88790,0
88614,384,8304,902,-36,76,82,-3668,-2,-3,-2,0,36516,123,32,65,0,0,0,0,0,0,0,0,-32302,0,0,0,0,0,88795,0
88619,380,8316,880,-35,67,82,-3669,-3,0,-1,0,36515,119,32,65,0,0,0,0,0,0,0,0,-32302,0,0,0,0,0,88800,0
88624,362,8302,876,-24,52,85,-3668,-1,-2,-1,0,36515,119,32,65,0,0,0,0,0,0,0,0,-32302,0,0,0,0,0,88805,0
88629,386,8322,832,-22,50,78,-3667,1,4,-1,0,36514,119,32,65,0,0,0,0,0,0,0,0,-32302,0,0,0,0,0,88810,0
88634,384,8348,832,-19,40,81,-3667,6,3,-2,0,36514,119,32,65,0,0,0,0,0,0,0,0,-32302,0,0,0,0,0,88815,0
88639,380,8338,848,-17,38,80,-3668,-5,-2,-1,0,36515,122,32,65,0,0,0,0,0,0,0,0,-32302,0,0,0,0,0,88820,0
88644,404,8322,806,-6,30,76,-3668,-3,0,-3,0,36515,122,32,65,0,0,0,0,0,0,0,0,-32302,0,0,0,0,0,88825,0
88649,360,8342,828,6,25,76,-3668,0,-3,-2,0,36512,126,32,65,0,0,0,0,0,0,0,0,-32302,0,0,0,0,0,88830,0
88654,380,8334,830,8,25,77,-3669,-3,-5,-1,0,36512,126,32,65,0,0,0,0,0,0,0,0,-32302,0,0,0,0,0,88835,0
88659,388,8336,834,10,20,83,-3669,-3,-2,-1,0,36512,139,32,65,0,0,0,0,0,0,0,0,-32302,0,0,0,0,0,88840,0
88664,378,8296,824,23,28,82,-3667,3,1,-1,0,36512,139,32,65,0,0,0,0,0,0,0,0,-32302,0,0,0,0,0,88845,0
88669,390,8274,822,29,29,80,-3669,-4,-3,-2,0,36513,142,32,65,0,0,0,0,0,0,0,0,-32302,0,0,0,0,0,88850,0
88674,362,8280,820,30,32,83,-3668,1,0,-1,0,36513,142,32,65,0,0,0,0,0,0,0,0,-32302,0,0,0,0,0,88855,0
88679,368,8250,818,36,39,82,-3668,3,2,-2,0,36517,150,32,65,0,0,0,0,0,0,0,0,-32302,0,0,0,0,0,88860,0
88684,340,8210,850,56,50,81,-3668,-5,-1,-2,0,36517,150,32,65,0,0,0,0,0,0,0,0,-32302,0,0,0,0,0,88865,0
88689,316,8164,840,49,58,79,-3668,-1,0,-1,0,36517,148,32,65,0,0,0,0,0,0,0,0,-32302,0,0,0,0,0,88870,0
88694,306,8146,874,53,56,78,-3670,-5,-3,-2,0,36517,148,32,65,0,0,0,0,0,0,0,0,-32302,0,0,0,0,0,88875,0
88699,312,8106,870,60,68,74,-3667,-3,4,-1,0,36517,147,32,65,0,0,0,0,0,0,0,0,-32302,0,0,0,0,0,88880,0
88704,242,8070,858,62,76,67,-3668,2,0,0,0,36517,147,32,65,0,0,0,0,0,0,0,0,-32302,0,0,0,0,0,88885,0
88709,268,8038,870,66,82,63,-3669,-4,-1,0,0,36515,144,32,65,0,0,0,0,0,0,0,0,-32302,0,0,0,0,0,88890,0
88714,264,7988,886,67,81,55,-3668,0,2,-1,0,36515,144,32,65,0,0,0,0,0,0,0,0,-32302,0,0,0,0,0,88895,0
88719,256,7976,896,69,92,49,-3667,5,5,-2,0,36512,132,32,65,0,0,0,0,0,0,0,0,-32302,0,0,0,0,0,88900,0
88724,214,7940,896,76,100,38,-3667,-1,-2,-1,0,36512,132,32,65,0,0,0,0,0,0,0,0,-32302,0,0,0,0,0,88905,0
88729,226,7926,920,74,105,28,-3667,0,5,-1,0,36510,128,32,65,0,0,0,0,0,0,0,0,-32302,0,0,0,0,0,88910,0
88734,226,7908,900,77,108,24,-3667,13,2,-2,0,36510,128,32,65,0,0,0,0,0,0,0,0,-32302,0,0,0,0,0,88915,0
88739,212,7904,906,73,112,19,-3668,2,0,-1,0,36512,130,32,65,0,0,0,0,0,0,0,0,-32302,0,0,0,0,0,88920,0
88744,234,7892,934,81,118,9,-3668,-3,3,-3,0,36512,130,32,65,0,0,0,0,0,0,0,0,-32302,0,0,0,0,0,88925,0
88749,228,7912,964,81,123,10,-3668,-1,2,-2,0,36513,129,32,65,0,0,0,0,0,0,0,0,-32302,0,0,0,0,0,88930,0
88754,206,7884,966,80,130,-3,-3668,2,-3,-1,0,36513,129,32,65,0,0,0,0,0,0,0,0,-32302,0,0,0,0,0,88935,0
88759,226,7910,952,79,131,-8,-3669,-2,-8,-1,0,36513,120,32,65,0,0,0,0,0,0,0,0,-32302,0,0,0,0,0,88940,0
88764,250,7882,978,79,144,-20,-3668,-1,0,-2,0,36513,120,32,65,0,0,0,0,0,0,0,0,-32302,0,0,0,0,0,88945,0
88769,274,7886,998,84,143,-26,-3669,-4,3,-3,0,36514,117,32,65,0,0,0,0,0,0,0,0,-32302,0,0,0,0,0,88950,0
88774,296,7874,1008,81,150,-29,-3668,-1,1,-1,0,36514,117,32,65,0,0,0,0,0,0,0,0,-32302,0,0,0,0,0,88955,0
88779,310,7896,1018,83,154,-30,-3668,1,-2,-2,0,36516,126,32,65,0,0,0,0,0,0,0,0,-32302,0,0,0,0,0,88960,0
88784,378,7908,1022,82,165,-40,-3668,1,-3,0,0,36516,126,32,65,0,0,0,0,0,0,0,0,-32302,0,0,0,0,0,88965,0
88789,400,7942,1030,89,173,-43,-3667,1,5,0,0,36516,134,32,65,0,0,0,0,0,0,0,0,-32302,0,0,0,0,0,88970,0
88794,414,7976,1038,87,174,-48,-3668,4,-1,-1,0,36516,134,32,65,0,0,0,0,0,0,0,0,-32302,0,0,0,0,0,88975,0
88799,428,7978,1048,80,173,-46,-3667,5,1,-2,0,36515,138,32,65,0,0,0,0,0,0,0,0,-32302,0,0,0,0,0,88980,0
88804,480,8040,1042,80,181,-47,-3668,2,0,-1,0,36515,138,32,65,0,0,0,0,0,0,0,0,-32302,0,0,0,0,0,88985,0
88809,466,8068,1036,84,186,-48,-3668,3,3,0,0,36513,133,32,65,0,0,0,0,0,0,0,0,-32302,0,0,0,0,0,88990,0
88814,502,8116,1056,84,189,-44,-3669,-3,0,-2,0,36513,133,32,65,0,0,0,0,0,0,0,0,-32302,0,0,0,0,0,88995,0
88819,510,8108,1072,83,177,-46,-3667,-1,4,-2,0,36512,126,32,65,0,0,0,0,0,0,0,0,-32302,0,0,0,0,0,89000,0
88824,540,8214,1050,83,182,-41,-3668,-9,0,-2,0,36512,126,32,65,0,0,0,0,0,0,0,0,-32302,0,0,0,0,0,89005,0
88829,550,8254,1068,89,177,-33,-3667,2,-2,-1,0,36512,130,32,65,0,0,0,0,0,0,0,0,-32302,0,0,0,0,0,89010,0
88834,564,8304,1082,86,175,-29,-3667,7,0,-1,0,36512,130,32,65,0,0,0,0,0,0,0,0,-32302,0,0,0,0,0,89015,0
88839,584,8356,1092,87,169,-19,-3670,-8,-4,-2,0,36522,136,32,65,0,0,0,0,0,0,0,0,-32302,0,0,0,0,0,89020,0
88844,620,8460,1128,90,154,-5,-3668,-1,1,-2,0,36522,136,32,65,0,0,0,0,0,0,0,0,-32302,0,0,0,0,0,89025,0
88849,596,8446,1114,92,157,7,-3668,3,3,-3,0,36526,141,32,65,0,0,0,0,0,0,0,0,-32302,0,0,0,0,0,89030,0
88854,602,8458,1126,95,145,11,-3668,-8,0,-2,0,36526,141,32,65,0,0,0,0,0,0,0,0,-32302,0,0,0,0,0,89035,0
88859,632,8500,1144,101,137,24,-3668,7,0,-1,0,36527,134,32,65,0,0,0,0,0,0,0,0,-32302,0,0,0,0,0,89040,0
88864,602,8500,1190,102,128,38,-3668,-1,0,-1,0,36527,134,32,65,0,0,0,0,0,0,0,0,-32302,0,0,0,0,0,89045,0
88869,638,8514,1204,110,114,52,-3667,4,5,-2,0,36520,131,32,65,0,0,0,0,0,0,0,0,-32303,0,0,0,0,0,89050,0
88874,610,8484,1202,115,108,57,-3669,-2,-4,-1,0,36520,131,32,65,0,0,0,0,0,0,0,0,-32302,0,0,0,0,0,89055,0
88879,606,8430,1236,116,101,65,-3667,1,3,-1,0,36514,128,32,65,0,0,0,0,0,0,0,0,-32302,0,0,0,0,0,89060,0
88884,596,8362,1238,117,73,79,-3668,0,0,0,0,36514,128,32,65,0,0,0,0,0,0,0,0,-32302,0,0,0,0,0,89065,0
88889,574,8346,1222,119,70,82,-3667,4,1,-3,0,36513,130,32,65,0,0,0,0,0,0,0,0,-32302,0,0,0,0,0,89070,0
88894,558,8304,1208,123,61,85,-3668,5,-3,-3,0,36513,130,32,65,0,0,0,0,0,0,0,0,-32302,0,0,0,0,0,89075,0
88899,578,8310,1226,118,51,87,-3668,3,2,-3,0,36513,120,32,65,0,0,0,0,0,0,0,0,-32303,0,0,0,0,0,89080,0
88904,566,8306,1232,114,39,79,-3668,3,-3,-1,0,36513,120,32,65,0,0,0,0,0,0,0,0,-32302,0,0,0,0,0,89085,0
88909,554,8338,1216,117,38,85,-3669,-1,0,-2,0,36513,117,32,65,0,0,0,0,0,0,0,0,-32302,0,0,0,0,0,89090,0
88914,580,8334,1226,111,31,80,-3667,-2,0,-2,0,36513,117,32,65,0,0,0,0,0,0,0,0,-32302,0,0,0,0,0,89095,0
88919,556,8392,1256,111,37,80,-3667,11,-1,-1,0,36513,123,32,65,0,0,0,0,0,0,0,0,-32302,0,0,0,0,0,89100,0
88924,552,8368,1272,99,34,76,-3668,4,0,-1,0,36513,123,32,65,0,0,0,0,0,0,0,0,-32302,0,0,0,0,0,89105,0
88929,578,8356,1270,99,40,82,-3669,-7,2,-2,0,36513,131,32,65,0,0,0,0,0,0,0,0,-32302,0,0,0,0,0,89110,0
88934,532,8300,1284,106,44,82,-3668,-7,-4,-2,0,36513,131,32,65,0,0,0,0,0,0,0,0,-32302,0,0,0,0,0,89115,0
88939,560,8312,1266,97,49,77,-3669,0,2,0,0,36513,131,32,65,0,0,0,0,0,0,0,0,-32302,0,0,0,0,0,89120,0
88944,554,8176,1268,90,56,75,-3668,0,0,-2,0,36513,131,32,65,0,0,0,0,0,0,0,0,-32302,0,0,0,0,0,89125,0
88949,570,8110,1276,87,71,70,-3668,-2,-1,-2,0,36513,131,32,65,0,0,0,0,0,0,0,0,-32302,0,0,0,0,0,89130,0
88954,556,8066,1266,88,73,67,-3668,0,4,-2,0,36513,131,32,65,0,0,0,0,0,0,0,0,-32302,0,0,0,0,0,89135,0
88959,540,7998,1278,77,78,62,-3668,3,0,0,0,36514,133,32,65,0,0,0,0,0,0,0,0,-32302,0,0,0,0,0,89140,0
88964,512,7892,1264,73,100,56,-3669,-7,-4,-2,0,36514,133,32,65,0,0,0,0,0,0,0,0,-32302,0,0,0,0,0,89145,0
88969,518,7910,1262,75,111,55,-3667,0,-1,-3,0,36516,132,32,65,0,0,0,0,0,0,0,0,-32302,0,0,0,0,0,89150,0
88974,514,7882,1248,68,123,44,-3667,2,0,-1,0,36516,132,32,65,0,0,0,0,0,0,0,0,-32302,0,0,0,0,0,89155,0
88979,514,7864,1252,68,139,36,-3668,0,3,0,0,36516,127,32,65,0,0,0,0,0,0,0,0,-32302,0,0,0,0,0,89160,0
88984,488,7808,1256,64,171,26,-3667,0,-7,0,0,36516,127,32,65,0,0,0,0,0,0,0,0,-32302,0,0,0,0,0,89165,0
88989,506,7826,1270,56,189,19,-3668,5,1,-1,0,36519,131,32,65,0,0,0,0,0,0,0,0,-32302,0,0,0,0,0,89170,0
88994,516,7794,1266,49,213,9,-3668,-1,1,0,0,36519,131,32,65,0,0,0,0,0,0,0,0,-32302,0,0,0,0,0,89175,0
88999,528,7788,1302,51,245,-1,-3668,-5,-1,0,0,36518,133,32,65,0,0,0,0,0,0,0,0,-32302,0,0,0,0,0,89180,0
89004,526,7748,1306,40,310,-16,-3668,-2,0,0,0,36518,133,32,65,0,0,0,0,0,0,0,0,-32302,0,0,0,0,0,89185,0
89009,538,7730,1320,38,338,-18,-3669,-8,-2,0,0,36515,131,32,65,0,0,0,0,0,0,0,0,-32302,0,0,0,0,0,89190,0
89014,520,7722,1342,31,375,-27,-3667,7,-2,-2,0,36515,131,32,65,0,0,0,0,0,0,0,0,-32302,0,0,0,0,0,89195,0
89019,528,7714,1348,29,411,-36,-3668,0,1,-2,0,36513,131,32,65,0,0,0,0,0,0,0,0,-32302,0,0,0,0,0,89200,0
89024,524,7632,1368,18,484,-56,-3669,-6,4,-1,0,36513,131,32,65,0,0,0,0,0,0,0,0,-32302,0,0,0,0,0,89205,0
89029,508,7602,1366,13,522,-63,-3669,-8,0,0,0,36513,136,32,65,0,0,0,0,0,0,0,0,-32302,0,0,0,0,0,89210,0
89034,532,7612,1368,11,561,-77,-3668,1,-1,-1,0,36513,136,32,65,0,0,0,0,0,0,0,0,-32302,0,0,0,0,0,89215,0
89039,530,7582,1336,-3,606,-85,-3668,0,-1,-1,0,36513,138,32,65,0,0,0,0,0,0,0,0,-32302,0,0,0,0,0,89220,0
89044,588,7554,1326,-20,683,-113,-3668,0,3,-2,0,36513,138,32,65,0,0,0,0,0,0,0,0,-32302,0,0,0,0,0,89225,0
89049,652,7582,1324,-29,735,-118,-3667,4,2,-1,0,36512,133,32,65,0,0,0,0,0,0,0,0,-32302,0,0,0,0,0,89230,0
89054,648,7626,1318,-35,778,-136,-3668,0,1,-1,0,36512,133,32,65,0,0,0,0,0,0,0,0,-32302,0,0,0,0,0,89235,0
89059,690,7642,1288,-44,831,-138,-3668,0,-2,-2,0,36512,132,32,65,0,0,0,0,0,0,0,0,-32302,0,0,0,0,0,89240,0
89064,724,7702,1268,-56,923,-152,-3667,4,-2,-2,0,36512,132,32,65,0,0,0,0,0,0,0,0,-32302,0,0,0,0,0,89245,0
89069,746,7720,1256,-57,973,-162,-3668,-1,1,-2,0,36512,130,32,65,0,0,0,0,0,0,0,0,-32302,0,0,0,0,0,89250,0
89074,812,7776,1232,-70,1019,-173,-3669,-9,0,-2,0,36512,130,32,65,0,0,0,0,0,0,0,0,-32302,0,0,0,0,0,89255,0
89079,816,7812,1182,-73,1073,-178,-3668,5,-3,0,0,36513,129,32,65,0,0,0,0,0,0,0,0,-32302,0,0,0,0,0,89260,0
89084,898,7846,1158,-81,1179,-188,-3668,-1,-1,-2,0,36513,129,32,65,0,0,0,0,0,0,0,0,-32302,0,0,0,0,0,89265,0
89089,900,7854,1142,-85,1227,-191,-3667,0,3,-1,0,36513,128,32,65,0,0,0,0,0,0,0,0,-32301,0,0,0,0,0,89270,0
89094,956,7860,1130,-85,1283,-196,-3668,2,2,-1,0,36513,128,32,65,0,0,0,0,0,0,0,0,-32302,0,0,0,0,0,89275,0
89099,1034,7864,1094,-90,1339,-199,-3668,0,6,-2,0,36514,126,32,65,0,0,0,0,0,0,0,0,-32302,0,0,0,0,0,89280,0
89104,1122,7870,1106,-86,1448,-199,-3668,-3,0,-3,0,36514,126,32,65,0,0,0,0,0,0,0,0,-32302,0,0,0,0,0,89285,0
89109,1160,7890,1088,-87,1509,-203,-3667,7,-1,-1,0,36516,133,32,65,0,0,0,0,0,0,0,0,-32302,0,0,0,0,0,89290,0
89114,1212,7896,1106,-87,1580,-203,-3668,-3,-4,-1,0,36516,133,32,65,0,0,0,0,0,0,0,0,-32302,0,0,0,0,0,89295,0
89119,1304,7916,1124,-75,1647,-205,-3668,-4,-2,-2,0,36516,126,32,65,0,0,0,0,0,0,0,0,-32302,0,0,0,0,0,89300,0
89124,1386,7930,1152,-69,1796,-204,-3668,1,1,-2,0,36516,126,32,65,0,0,0,0,0,0,0,0,-32302,0,0,0,0,0,89305,0
89129,1466,7970,1166,-71,1887,-203,-3668,1,4,-1,0,36517,123,32,65,0,0,0,0,0,0,0,0,-32302,0,0,0,0,0,89310,0
89134,1464,7970,1182,-64,1966,-200,-3667,6,-2,-1,0,36517,123,32,65,0,0,0,0,0,0,0,0,-32302,0,0,0,0,0,89315,0
89139,1542,8046,1232,-58,2056,-200,-3668,8,3,0,0,36514,126,32,65,0,0,0,0,0,0,0,0,-32302,0,0,0,0,0,89320,0
89144,1548,8096,1230,-60,2238,-197,-3668,4,6,-1,0,36514,126,32,65,0,0,0,0,0,0,0,0,-32302,0,0,0,0,0,89325,0
89149,1536,8118,1252,-54,2325,-190,-3668,-1,-1,-1,0,36515,126,32,65,0,0,0,0,0,0,0,0,-32302,0,0,0,0,0,89330,0
89154,1540,8170,1260,-53,2409,-183,-3668,-2,1,-1,0,36515,126,32,65,0,0,0,0,0,0,0,0,-32302,0,0,0,0,0,89335,0
89159,1482,8162,1260,-57,2497,-185,-3668,3,5,-1,0,36514,132,32,65,0,0,0,0,0,0,0,0,-32302,0,0,0,0,0,89340,0
89164,1462,8172,1260,-61,2637,-174,-3668,2,0,-1,0,36514,132,32,65,0,0,0,0,0,0,0,0,-32302,0,0,0,0,0,89345,0
89169,1464,8188,1250,-68,2708,-163,-3668,5,-2,-1,0,36515,132,32,65,0,0,0,0,0,0,0,0,-32303,0,0,0,0,0,89350,0
89174,1500,8178,1254,-71,2760,-158,-3667,5,1,-2,0,36515,132,32,65,0,0,0,0,0,0,0,0,-32303,0,0,0,0,0,89355,0
89179,1480,8180,1250,-83,2824,-148,-3668,-5,4,-3,0,36516,140,32,65,0,0,0,0,0,0,0,0,-32302,0,0,0,0,0,89360,0
89184,1460,8234,1268,-90,2916,-127,-3668,5,0,-2,0,36516,140,32,65,0,0,0,0,0,0,0,0,-32302,0,0,0,0,0,89365,0
89189,1440,8258,1246,-94,2939,-115,-3667,5,-3,-4,0,36515,144,32,65,0,0,0,0,0,0,0,0,-32302,0,0,0,0,0,89370,0
89194,1440,8296,1278,-101,2966,-100,-3666,10,-1,-7,0,36515,144,32,65,0,0,0,0,0,0,0,0,-32302,0,0,0,0,0,89375,0
89199,1450,8326,1262,-103,2989,-84,-3666,8,5,-10,0,36514,146,32,65,0,0,0,0,0,0,0,0,-32302,0,0,0,0,0,89380,0
89204,1420,8300,1276,-126,3025,-42,-3665,6,2,-14,0,36514,146,32,65,0,0,0,0,0,0,0,0,-32302,0,0,0,0,0,89385,0
89209,1414,8330,1294,-133,3034,-19,-3663,2,-2,-18,0,36516,136,32,65,0,0,0,0,0,0,0,0,-32302,0,0,0,0,0,89390,0
89214,1428,8306,1322,-141,3036,3,-3660,14,4,-22,0,36516,136,32,65,0,0,0,0,0,0,0,0,-32302,0,0,0,0,0,89395,0
89219,1412,8332,1306,-145,3048,28,-3657,12,8,-28,0,36518,127,32,65,0,0,0,0,0,0,0,0,-32302,0,0,0,0,0,89400,0
89224,1364,8278,1298,-161,3027,80,-3652,20,11,-38,0,36518,127,32,65,0,0,0,0,0,0,0,0,-32302,0,0,0,0,0,89405,0
89229,1352,8198,1312,-169,3015,99,-3643,36,15,-54,0,36518,125,32,65,0,0,0,0,0,0,0,0,-32301,0,0,0,0,0,89410,0
89234,1372,8160,1320,-179,3004,120,-3631,59,33,-87,0,36518,125,32,65,0,0,0,0,0,0,0,0,-32302,0,0,0,0,0,89415,0
89239,1340,8122,1326,-181,2987,126,-3610,93,51,-128,0,36514,125,32,65,0,0,0,0,0,0,0,0,-32302,0,0,0,0,0,89420,0
89244,1214,8094,1334,-195,2952,153,-3595,65,53,-118,0,36514,125,32,65,0,0,0,0,0,0,0,0,-32302,0,0,0,0,0,89425,0
89249,1060,8042,1328,-199,2934,178,-3584,45,30,-84,0,36513,127,32,65,0,0,0,0,0,0,0,0,-32302,0,0,0,0,0,89430,0
89254,994,8010,1342,-201,2910,201,-3571,62,-1,-90,0,36513,127,32,65,0,0,0,0,0,0,0,0,-32302,0,0,0,0,0,89435,0
89259,1004,7960,1362,-197,2894,230,-3548,103,-2,-137,0,36513,126,32,65,0,0,0,0,0,0,0,0,-32302,0,0,0,0,0,89440,0
89264,1148,7908,1356,-202,2853,261,-3530,76,13,-141,0,36513,126,32,65,0,0,0,0,0,0,0,0,-32302,0,0,0,0,0,89445,0
89269,1034,7870,1342,-202,2835,269,-3521,31,13,-89,0,36515,125,32,65,0,0,0,0,0,0,0,0,-32302,0,0,0,0,0,89450,0
89274,932,7838,1346,-202,2819,288,-3512,27,-18,-56,0,36515,125,32,65,0,0,0,0,0,0,0,0,-32302,0,0,0,0,0,89455,0
89279,854,7824,1358,-199,2808,307,-3502,41,-44,-66,0,36515,130,32,65,0,0,0,0,0,0,0,0,-32302,0,0,0,0,0,89460,0
89284,888,7726,1378,-196,2788,335,-3491,62,-35,-94,0,36515,130,32,65,0,0,0,0,0,0,0,0,-32302,0,0,0,0,0,89465,0
89289,882,7650,1360,-191,2779,346,-3478,47,-4,-91,0,36516,131,32,65,0,0,0,0,0,0,0,0,-32302,0,0,0,0,0,89470,0
89294,890,7640,1344,-184,2776,347,-3477,7,-1,-39,0,36516,131,32,65,0,0,0,0,0,0,0,0,-32302,0,0,0,0,0,89475,0
89299,846,7624,1358,-193,2778,349,-3477,-5,-25,0,0,36518,134,32,65,0,0,0,0,0,0,0,0,-32302,0,0,0,0,0,89480,0
89304,678,7640,1332,-195,2779,358,-3475,-1,-52,5,0,36518,134,32,65,0,0,0,0,0,0,0,0,-32302,0,0,0,0,0,89485,0
89309,1010,7426,1216,-190,2794,360,-3477,0,-44,8,0,36522,139,32,65,0,0,0,0,0,0,0,0,-32302,0,0,0,0,0,89490,0
89314,674,7576,1398,-197,2793,362,-3477,-3,-20,3,0,36522,139,32,65,0,0,0,0,0,0,0,0,-32302,0,0,0,0,0,89495,0
89319,784,7646,1308,-199,2806,365,-3477,0,-5,4,0,36521,134,32,65,0,0,0,0,0,0,0,0,-32302,0,0,0,0,0,89500,0
89324,656,7608,1204,-205,2825,355,-3477,0,0,3,0,36521,134,32,65,0,0,0,0,0,0,0,0,-32302,0,0,0,0,0,89505,0
89329,606,7644,1216,-218,2837,347,-3476,0,3,3,0,36522,138,32,65,0,0,0,0,0,0,0,0,-32302,0,0,0,0,0,89510,0
89334,542,7624,1158,-221,2844,347,-3476,0,0,4,0,36522,138,32,65,0,0,0,0,0,0,0,0,-32302,0,0,0,0,0,89515,0
89339,510,7666,1132,-221,2850,342,-3477,-2,2,4,0,36517,134,32,65,0,0,0,0,0,0,0,0,-32302,0,0,0,0,0,89520,0
89344,454,7692,1032,-223,2876,328,-3477,0,1,3,0,36517,134,32,65,0,0,0,0,0,0,0,0,-32302,0,0,0,0,0,89525,0
89349,392,7718,946,-227,2885,331,-3477,-3,1,4,0,36515,139,32,65,0,0,0,0,0,0,0,0,-32302,0,0,0,0,0,89530,0
89354,386,7730,918,-221,2878,323,-3477,-6,3,3,0,36515,139,32,65,0,0,0,0,0,0,0,0,-32302,0,0,0,0,0,89535,0
89359,370,7718,818,-222,2890,317,-3476,1,4,2,0,36514,135,32,65,0,0,0,0,0,0,0,0,-32302,0,0,0,0,0,89540,0
89364,352,7712,700,-213,2901,301,-3476,4,0,2,0,36514,135,32,65,0,0,0,0,0,0,0,0,-32302,0,0,0,0,0,89545,0
89369,408,7698,666,-210,2908,297,-3476,-1,2,4,0,36515,139,32,65,0,0,0,0,0,0,0,0,-32302,0,0,0,0,0,89550,0
89374,366,7670,616,-193,2913,282,-3476,1,3,5,0,36515,139,32,65,0,0,0,0,0,0,0,0,-32302,0,0,0,0,0,89555,0
89379,408,7680,536,-183,2918,273,-3475,7,3,5,0,36516,138,32,65,0,0,0,0,0,0,0,0,-32302,0,0,0,0,0,89560,0
89384,350,7628,462,-162,2924,266,-3477,-4,3,4,0,36516,138,32,65,0,0,0,0,0,0,0,0,-32302,0,0,0,0,0,89565,0
89389,350,7562,440,-144,2932,264,-3476,3,0,4,0,36515,135,32,65,0,0,0,0,0,0,0,0,-32302,0,0,0,0,0,89570,0
89394,342,7500,416,-123,2940,259,-3477,0,0,4,0,36515,135,32,65,0,0,0,0,0,0,0,0,-32302,0,0,0,0,0,89575,0
89399,340,7498,374,-108,2939,264,-3477,-4,1,4,0,36514,134,32,65,0,0,0,0,0,0,0,0,-32302,0,0,0,0,0,89580,0
89404,376,7414,330,-72,2949,263,-3476,1,-4,5,0,36514,134,32,65,0,0,0,0,0,0,0,0,-32302,0,0,0,0,0,89585,0
89409,386,7394,302,-52,2955,265,-3475,5,4,7,0,36520,137,32,65,0,0,0,0,0,0,0,0,-32302,0,0,0,0,0,89590,0
89414,366,7358,272,-33,2957,258,-3475,10,0,4,0,36520,137,32,65,0,0,0,0,0,0,0,0,-32302,0,0,0,0,0,89595,0
89419,382,7358,270,-17,2967,262,-3477,-5,-3,4,0,36520,137,32,65,0,0,0,0,0,0,0,0,-32302,0,0,0,0,0,89600,0
89424,366,7394,232,26,2976,267,-3476,0,-3,4,0,36520,137,32,65,0,0,0,0,0,0,0,0,-32302,0,0,0,0,0,89605,0
89429,340,7456,202,44,2983,279,-3477,1,-4,3,0,36519,121,32,65,0,0,0,0,0,0,0,0,-32302,0,0,0,0,0,89610,0
89434,324,7468,194,59,2988,280,-3476,0,0,3,0,36519,121,32,65,0,0,0,0,0,0,0,0,-32302,0,0,0,0,0,89615,0
89439,286,7492,186,83,2997,288,-3476,3,-1,3,0,36516,128,32,65,0,0,0,0,0,0,0,0,-32302,0,0,0,0,0,89620,0
89444,226,7576,166,126,2999,312,-3477,-4,-4,3,0,36516,128,32,65,0,0,0,0,0,0,0,0,-32302,0,0,0,0,0,89625,0
89449,180,7582,132,141,3002,321,-3476,0,5,4,0,36519,126,32,65,0,0,0,0,0,0,0,0,-32302,0,0,0,0,0,89630,0
89454,130,7596,98,160,2997,331,-3476,2,1,4,0,36519,126,32,65,0,0,0,0,0,0,0,0,-32302,0,0,0,0,0,89635,0
89459,116,7548,84,185,2993,339,-3476,5,-1,4,0,36517,125,32,65,0,0,0,0,0,0,0,0,-32302,0,0,0,0,0,89640,0
89464,4,7488,38,223,2967,358,-3477,-1,-3,5,0,36517,125,32,65,0,0,0,0,0,0,0,0,-32302,0,0,0,0,0,89645,0
89469,-62,7474,34,248,2948,366,-3476,0,2,6,0,36516,126,32,65,0,0,0,0,0,0,0,0,-32302,0,0,0,0,0,89650,0
89474,-90,7406,20,265,2923,375,-3477,-3,-2,5,0,36516,126,32,65,0,0,0,0,0,0,0,0,-32302,0,0,0,0,0,89655,0
89479,-118,7386,14,286,2898,386,-3476,-1,6,4,0,36515,134,32,65,0,0,0,0,0,0,0,0,-32302,0,0,0,0,0,89660,0
89484,-172,7280,-4,323,2845,399,-3477,0,-1,2,0,36515,134,32,65,0,0,0,0,0,0,0,0,-32302,0,0,0,0,0,89665,0
89489,-168,7262,-22,346,2815,399,-3478,-3,-5,4,0,36516,139,32,65,0,0,0,0,0,0,0,0,-32302,0,0,0,0,0,89670,0
89494,-184,7250,-24,371,2785,409,-3476,-1,2,4,0,36516,139,32,65,0,0,0,0,0,0,0,0,-32302,0,0,0,0,0,89675,0
89499,-224,7220,-52,388,2764,410,-3476,1,0,3,0,36515,139,32,65,0,0,0,0,0,0,0,0,-32302,0,0,0,0,0,89681,0
89504,-236,7260,-56,424,2705,422,-3477,0,1,4,0,36515,139,32,65,0,0,0,0,0,0,0,0,-32302,0,0,0,0,0,89686,0
89509,-260,7292,-68,445,2680,427,-3476,-3,3,5,0,36517,138,32,65,0,0,0,0,0,0,0,0,-32302,0,0,0,0,0,89691,0
89514,-260,7358,-112,460,2651,436,-3476,2,4,4,0,36517,138,32,65,0,0,0,0,0,0,0,0,-32302,0,0,0,0,0,89696,0
89519,-292,7402,-90,484,2623,443,-3477,-1,-5,4,0,36518,141,32,65,0,0,0,0,0,0,0,0,-32302,0,0,0,0,0,89701,0
89524,-266,7514,-80,521,2565,456,-3476,5,5,5,0,36518,141,32,65,0,0,0,0,0,0,0,0,-32302,0,0,0,0,0,89706,0
89529,-266,7620,-54,552,2544,457,-3477,-5,0,4,0,36517,146,32,65,0,0,0,0,0,0,0,0,-32302,0,0,0,0,0,89711,0
89534,-278,7622,-48,573,2516,477,-3477,-7,-2,4,0,36517,146,32,65,0,0,0,0,0,0,0,0,-32302,0,0,0,0,0,89716,0
89539,-290,7698,-34,601,2493,490,-3476,-1,-1,4,0,36517,141,32,65,0,0,0,0,0,0,0,0,-32302,0,0,0,0,0,89721,0
89544,-312,7660,-22,649,2440,531,-3477,0,-1,2,0,36517,141,32,65,0,0,0,0,0,0,0,0,-32302,0,0,0,0,0,89726,0
89549,-284,7730,-10,675,2410,545,-3476,5,0,3,0,36514,132,32,65,0,0,0,0,0,0,0,0,-32302,0,0,0,0,0,89731,0
89554,-296,7740,50,704,2381,566,-3477,0,-2,4,0,36514,132,32,65,0,0,0,0,0,0,0,0,-32302,0,0,0,0,0,89736,0
89559,-284,7676,88,732,2349,581,-3478,-3,-1,4,0,36513,130,32,65,0,0,0,0,0,0,0,0,-32302,0,0,0,0,0,89741,0
89564,-322,7566,102,777,2276,628,-3476,2,3,4,0,36513,130,32,65,0,0,0,0,0,0,0,0,-32302,0,0,0,0,0,89746,0
89569,-314,7522,102,791,2237,644,-3476,2,1,5,0,36512,122,32,65,0,0,0,0,0,0,0,0,-32302,0,0,0,0,0,89751,0
89574,-324,7478,112,809,2192,666,-3477,0,1,5,0,36512,122,32,65,0,0,0,0,0,0,0,0,-32302,0,0,0,0,0,89756,0
89579,-388,7390,116,824,2149,680,-3476,3,1,5,0,36513,128,32,65,0,0,0,0,0,0,0,0,-32303,0,0,0,0,0,89761,0
89584,-458,7374,140,851,2046,718,-3477,1,0,3,0,36513,128,32,65,0,0,0,0,0,0,0,0,-32301,0,0,0,0,0,89766,0
89589,-462,7340,134,867,1994,736,-3478,-3,-2,4,0,36513,134,32,65,0,0,0,0,0,0,0,0,-32302,0,0,0,0,0,89771,0
89594,-494,7318,154,872,1945,752,-3477,0,-1,4,0,36513,134,32,65,0,0,0,0,0,0,0,0,-32302,0,0,0,0,0,89776,0
89599,-514,7300,132,891,1891,769,-3478,-9,-1,3,0,36514,137,32,65,0,0,0,0,0,0,0,0,-32302,0,0,0,0,0,89781,0
89604,-606,7230,140,907,1789,793,-3477,-1,-4,3,0,36514,137,32,65,0,0,0,0,0,0,0,0,-32302,0,0,0,0,0,89786,0
89609,-546,7196,156,922,1744,804,-3477,0,1,6,0,36515,133,32,65,0,0,0,0,0,0,0,0,-32302,0,0,0,0,0,89791,0
89614,-524,7188,120,929,1700,814,-3477,-1,0,7,0,36515,133,32,65,0,0,0,0,0,0,0,0,-32302,0,0,0,0,0,89796,0
89619,-556,7180,160,937,1656,820,-3477,-1,0,7,0,36517,125,32,65,0,0,0,0,0,0,0,0,-32301,0,0,0,0,0,89801,0
89624,-522,7186,136,951,1595,840,-3477,2,-2,6,0,36517,125,32,65,0,0,0,0,0,0,0,0,-32302,0,0,0,0,0,89806,0
89629,-694,7246,176,967,1557,839,-3478,-3,0,6,0,36518,132,32,65,0,0,0,0,0,0,0,0,-32302,0,0,0,0,0,89811,0
89634,-804,10376,1542,900,1550,831,-3478,-5,-3,4,0,36518,132,32,65,0,0,0,0,0,0,0,0,-32302,0,0,0,0,0,89816,0
89639,-3268,11216,2750,808,1655,285,-3476,-1,2,0,0,36516,138,32,65,0,0,0,0,0,0,0,0,-32302,0,0,0,0,0,89821,0
89644,-6018,13290,5216,573,1899,-481,-3467,50,24,-60,0,36516,138,32,65,0,0,0,0,0,0,0,0,-32302,0,0,0,0,0,89826,0
89649,-7812,14524,5782,466,1804,-273,-3426,198,107,-244,0,36510,136,32,65,0,0,0,0,0,0,0,0,-32302,0,0,0,0,0,89831,0
89654,-7010,12662,3772,512,1742,67,-3339,402,276,-534,0,36510,136,32,65,0,0,0,0,0,0,0,0,-32302,0,0,0,0,0,89836,0
89659,-5354,12436,806,544,1776,-92,-3230,483,406,-801,0,36514,131,32,65,0,0,0,0,0,0,0,0,-32301,0,0,0,0,0,89842,0
89664,-1908,12818,-2248,626,1666,66,-3124,465,411,-835,0,36514,131,32,65,0,0,0,0,0,0,0,0,-32302,0,0,0,0,0,89846,0
89669,-1324,11616,-2340,677,1541,15,-3029,407,258,-710,0,36517,127,32,65,0,0,0,0,0,0,0,0,-32302,0,0,0,0,0,89851,0
89674,-1262,11944,-1380,703,1433,-39,-2951,335,31,-551,0,36517,127,32,65,0,0,0,0,0,0,0,0,-32303,0,0,0,0,0,89856,0
89679,-1230,11356,836,661,1284,14,-2891,247,-147,-416,0,36515,121,32,65,0,0,0,0,0,0,0,0,-32302,0,0,0,0,0,89861,0
89684,-1240,8922,2272,625,1075,-43,-2848,188,-230,-304,0,36515,121,32,65,0,0,0,0,0,0,0,0,-32302,0,0,0,0,0,89864,0
89689,-798,7806,1996,607,1004,-2,-2812,154,-236,-234,0,36503,121,32,65,0,0,0,0,0,0,0,0,-32302,0,0,0,0,0,89864,0
89694,-462,6794,1036,618,960,-7,-2792,82,-217,-154,0,36503,121,32,65,0,0,0,0,0,0,0,0,-32302,0,0,0,0,0,89869,0
89699,-82,6380,52,627,964,1,-2776,76,-179,-108,0,36493,123,32,65,0,0,0,0,0,0,0,0,-32302,0,0,0,0,0,89874,0
89704,162,5598,-16,646,998,47,-2765,55,-140,-90,0,36493,123,32,65,0,0,0,0,0,0,0,0,-32302,0,0,0,0,0,89879,0
89709,-28,5812,308,659,1008,72,-2762,12,-111,-35,0,36491,128,32,65,0,0,0,0,0,0,0,0,-32302,0,0,0,0,0,89884,0
89714,-234,6352,838,659,1008,102,-2763,0,-93,5,0,36491,128,32,65,0,0,0,0,0,0,0,0,-32303,0,0,0,0,0,89889,0
89719,-194,6704,1348,668,1021,106,-2763,-7,-68,3,0,36496,133,32,65,0,0,0,0,0,0,0,0,-32302,0,0,0,0,0,89894,0
89724,-278,7654,1586,640,983,122,-2763,1,-49,3,0,36496,133,32,65,0,0,0,0,0,0,0,0,-32302,0,0,0,0,0,89899,0
89729,-176,8084,1180,645,974,119,-2762,0,-21,2,0,36500,141,32,65,0,0,0,0,0,0,0,0,-32302,0,0,0,0,0,89904,0
89734,-112,8256,708,663,972,123,-2761,0,3,3,0,36500,141,32,65,0,0,0,0,0,0,0,0,-32302,0,0,0,0,0,89909,0
89739,-276,8396,324,675,982,131,-2763,-1,1,3,0,36503,141,32,65,0,0,0,0,0,0,0,0,-32302,0,0,0,0,0,89914,0
89744,-1114,8520,494,690,971,157,-2762,-5,1,1,0,36503,141,32,65,0,0,0,0,0,0,0,0,-32302,0,0,0,0,0,89919,0
89749,-1570,8504,484,697,954,184,-2763,1,-1,2,0,36507,145,32,65,0,0,0,0,0,0,0,0,-32302,0,0,0,0,0,89924,0
89754,-1874,8674,544,692,928,215,-2763,-5,-2,4,0,36507,145,32,65,0,0,0,0,0,0,0,0,-32302,0,0,0,0,0,89929,0
89759,-2028,8768,708,690,888,246,-2763,-4,-3,2,0,36509,129,32,65,0,0,0,0,0,0,0,0,-32302,0,0,0,0,0,89934,0
89764,-2064,8658,504,694,817,324,-2763,0,-2,6,0,36509,129,32,65,0,0,0,0,0,0,0,0,-32302,0,0,0,0,0,89939,0
89769,-2048,8598,388,693,780,365,-2764,-8,-2,8,0,36510,129,32,65,0,0,0,0,0,0,0,0,-32302,0,0,0,0,0,89944,0
89774,-2000,8462,332,698,748,405,-2765,-2,-6,9,0,36510,129,32,65,0,0,0,0,0,0,0,0,-32302,0,0,0,0,0,89949,0
89779,-1952,8324,336,695,711,451,-2765,-1,-4,8,0,36512,130,32,65,0,0,0,0,0,0,0,0,-32302,0,0,0,0,0,89954,0
89784,-1984,8038,376,695,637,528,-2766,-1,0,11,0,36512,130,32,65,0,0,0,0,0,0,0,0,-32302,0,0,0,0,0,89959,0
89789,-410,7650,558,704,580,393,-2766,7,3,10,0,36513,137,32,65,0,0,0,0,0,0,0,0,-32302,0,0,0,0,0,89964,0
89794,1626,8096,514,682,514,395,-2767,0,1,7,0,36513,137,32,65,0,0,0,0,0,0,0,0,-32302,0,0,0,0,0,89969,0
89799,2002,7604,356,674,452,419,-2768,-1,4,5,0,36513,142,32,65,0,0,0,0,0,0,0,0,-32302,0,0,0,0,0,89974,0
89804,666,7358,130,680,351,393,-2767,3,4,2,0,36513,142,32,65,0,0,0,0,0,0,0,0,-32302,0,0,0,0,0,89979,0
89809,-182,7646,260,682,322,384,-2768,0,1,2,0,36512,146,32,65,0,0,0,0,0,0,0,0,-32302,0,0,0,0,0,89984,0
89814,-398,7966,416,681,284,390,-2767,2,4,1,0,36512,146,32,65,0,0,0,0,0,0,0,0,-32302,0,0,0,0,0,89989,0
89819,-582,8054,574,682,264,391,-2768,0,-1,1,0,36516,147,32,65,0,0,0,0,0,0,0,0,-32301,0,0,0,0,0,89994,0
89824,-792,7986,434,685,205,417,-2768,-1,1,2,0,36516,147,32,65,0,0,0,0,0,0,0,0,-32302,0,0,0,0,0,89998,0
89829,-1032,8062,356,689,174,428,-2767,-1,3,3,0,36515,145,32,65,0,0,0,0,0,0,0,0,-32302,0,0,0,0,0,90003,0
89834,-1166,8122,334,690,129,431,-2767,3,2,3,0,36515,145,32,65,0,0,0,0,0,0,0,0,-32302,0,0,0,0,0,90008,0
89839,-1124,8248,316,691,68,437,-2767,0,2,3,0,36515,145,32,65,0,0,0,0,0,0,0,0,-32302,0,0,0,0,0,90013,0
89844,-366,8288,352,690,-41,440,-2768,0,1,1,0,36515,145,32,65,0,0,0,0,0,0,0,0,-32302,0,0,0,0,0,90018,0
89849,154,8222,314,692,-86,432,-2767,4,-3,2,0,36515,151,32,65,0,0,0,0,0,0,0,0,-32302,0,0,0,0,0,90023,0
89854,522,8098,282,696,-122,424,-2767,3,3,5,0,36515,151,32,65,0,0,0,0,0,0,0,0,-32302,0,0,0,0,0,90028,0
89859,776,7992,254,697,-139,406,-2768,-10,-1,4,0,36513,147,32,65,0,0,0,0,0,0,0,0,-32302,0,0,0,0,0,90033,0
89864,816,7972,306,701,-155,384,-2769,-5,-2,4,0,36513,147,32,65,0,0,0,0,0,0,0,0,-32302,0,0,0,0,0,90038,0
89869,688,7942,322,705,-156,367,-2768,-1,-2,4,0,36511,139,32,65,0,0,0,0,0,0,0,0,-32302,0,0,0,0,0,90043,0
89874,534,8014,318,707,-162,355,-2768,0,-2,2,0,36511,139,32,65,0,0,0,0,0,0,0,0,-32302,0,0,0,0,0,90048,0
89879,398,8042,332,710,-162,340,-2767,9,5,2,0,36512,131,32,65,0,0,0,0,0,0,0,0,-32302,0,0,0,0,0,90053,0
89884,242,8090,232,713,-185,330,-2769,-3,2,2,0,36512,131,32,65,0,0,0,0,0,0,0,0,-32302,0,0,0,0,0,90058,0
89889,274,8106,186,715,-193,322,-2768,-3,5,2,0,36514,134,32,65,0,0,0,0,0,0,0,0,-32302,0,0,0,0,0,90063,0
89894,364,8136,158,714,-206,304,-2768,3,1,2,0,36514,134,32,65,0,0,0,0,0,0,0,0,-32302,0,0,0,0,0,90068,0
89899,512,8128,154,719,-211,295,-2768,-1,1,4,0,36516,129,32,65,0,0,0,0,0,0,0,0,-32302,0,0,0,0,0,90073,0
89904,736,8190,194,720,-219,264,-2768,11,3,3,0,36516,129,32,65,0,0,0,0,0,0,0,0,-32301,0,0,0,0,0,90078,0
89909,850,8172,180,724,-212,248,-2769,3,-4,3,0,36513,126,32,65,0,0,0,0,0,0,0,0,-32302,0,0,0,0,0,90083,0
89914,900,8190,164,719,-206,233,-2769,-3,3,0,0,36513,126,32,65,0,0,0,0,0,0,0,0,-32302,0,0,0,0,0,90088,0
89919,966,8186,144,722,-186,213,-2770,0,5,2,0,36513,122,32,65,0,0,0,0,0,0,0,0,-32302,0,0,0,0,0,90093,0
89924,892,8192,42,728,-151,186,-2768,0,0,2,0,36513,122,32,65,0,0,0,0,0,0,0,0,-32302,0,0,0,0,0,90098,0
89929,874,8194,42,725,-133,167,-2768,5,-4,3,0,36517,139,32,65,0,0,0,0,0,0,0,0,-32302,0,0,0,0,0,90103,0
89934,752,8200,28,723,-116,155,-2769,-5,2,2,0,36517,139,32,65,0,0,0,0,0,0,0,0,-32302,0,0,0,0,0,90108,0
89939,646,8174,30,723,-97,144,-2768,3,1,1,0,36517,146,32,65,0,0,0,0,0,0,0,0,-32302,0,0,0,0,0,90113,0
89944,586,8222,4,726,-64,123,-2769,0,2,3,0,36517,146,32,65,0,0,0,0,0,0,0,0,-32302,0,0,0,0,0,90118,0
89949,582,8220,-30,717,-56,111,-2768,1,1,2,0,36516,155,32,65,0,0,0,0,0,0,0,0,-32302,0,0,0,0,0,90123,0
89954,578,8206,-90,717,-40,96,-2768,5,0,2,0,36516,155,32,65,0,0,0,0,0,0,0,0,-32302,0,0,0,0,0,90128,0
89959,574,8214,-126,715,-29,90,-2769,-4,-1,1,0,36511,144,32,65,0,0,0,0,0,0,0,0,-32302,0,0,0,0,0,90133,0
89964,614,8232,-176,716,-8,68,-2768,-1,-1,2,0,36511,144,32,65,0,0,0,0,0,0,0,0,-32302,0,0,0,0,0,90138,0
89969,668,8312,-164,714,7,61,-2768,3,2,1,0,36512,143,32,65,0,0,0,0,0,0,0,0,-32302,0,0,0,0,0,90143,0
89974,624,8352,-172,703,26,48,-2768,1,2,2,0,36512,143,32,65,0,0,0,0,0,0,0,0,-32302,0,0,0,0,0,90148,0
89979,606,8374,-212,701,41,41,-2769,-3,-2,2,0,36512,145,32,65,0,0,0,0,0,0,0,0,-32302,0,0,0,0,0,90153,0
89984,480,8524,-288,695,74,26,-2769,1,-2,1,0,36512,145,32,65,0,0,0,0,0,0,0,0,-32302,0,0,0,0,0,90158,0
89989,396,8556,-308,690,92,19,-2768,4,4,1,0,36511,147,32,65,0,0,0,0,0,0,0,0,-32302,0,0,0,0,0,90163,0
89994,340,8580,-312,681,107,15,-2768,7,1,1,0,36511,147,32,65,0,0,0,0,0,0,0,0,-32302,0,0,0,0,0,90168,0
89999,272,8582,-298,681,126,11,-2768,-2,0,2,0,36512,152,32,65,0,0,0,0,0,0,0,0,-32302,0,0,0,0,0,90173,0
90004,178,8548,-296,672,151,9,-2769,7,1,1,0,36512,152,32,65,0,0,0,0,0,0,0,0,-32301,0,0,0,0,0,90178,0
90009,146,8474,-296,664,170,7,-2768,5,-5,0,0,36510,151,32,65,0,0,0,0,0,0,0,0,-32302,0,0,0,0,0,90183,0
90014,174,8468,-302,666,194,10,-2769,-2,0,1,0,36510,151,32,65,0,0,0,0,0,0,0,0,-32302,0,0,0,0,0,90188,0
90019,148,8356,-296,659,213,13,-2769,-3,-2,2,0,36509,144,32,65,0,0,0,0,0,0,0,0,-32302,0,0,0,0,0,90193,0
90024,42,8252,-262,659,257,21,-2769,1,-1,2,0,36509,144,32,65,0,0,0,0,0,0,0,0,-32302,0,0,0,0,0,90198,0
90029,28,8182,-258,656,277,27,-2769,-4,-3,1,0,36508,141,32,65,0,0,0,0,0,0,0,0,-32303,0,0,0,0,0,90203,0
90034,10,8134,-226,651,304,32,-2770,-2,-2,0,0,36508,141,32,65,0,0,0,0,0,0,0,0,-32302,0,0,0,0,0,90208,0
90039,-22,8132,-204,650,318,41,-2770,-7,2,2,0,36512,137,32,65,0,0,0,0,0,0,0,0,-32302,0,0,0,0,0,90213,0
90044,-38,8132,-180,659,354,57,-2769,-3,0,2,0,36512,137,32,65,0,0,0,0,0,0,0,0,-32302,0,0,0,0,0,90218,0
90049,-88,8114,-172,651,367,70,-2768,-3,2,1,0,36514,136,32,65,0,0,0,0,0,0,0,0,-32302,0,0,0,0,0,90223,0
90054,-88,8150,-176,656,378,76,-2768,2,1,2,0,36514,136,32,65,0,0,0,0,0,0,0,0,-32302,0,0,0,0,0,90228,0
90059,-82,8202,-202,656,392,83,-2769,0,0,2,0,36511,131,32,65,0,0,0,0,0,0,0,0,-32302,0,0,0,0,0,90233,0
90064,-64,8254,-232,659,412,95,-2768,-2,-1,3,0,36511,131,32,65,0,0,0,0,0,0,0,0,-32302,0,0,0,0,0,90238,0
90069,-80,8288,-226,661,408,105,-2769,-5,-1,2,0,36505,133,32,65,0,0,0,0,0,0,0,0,-32302,0,0,0,0,0,90243,0
90074,-58,8336,-270,666,412,108,-2770,0,6,2,0,36505,133,32,65,0,0,0,0,0,0,0,0,-32302,0,0,0,0,0,90248,0
90079,-48,8318,-292,663,414,112,-2769,-4,-1,2,0,36502,142,32,65,0,0,0,0,0,0,0,0,-32302,0,0,0,0,0,90253,0
90084,-22,8314,-304,670,412,120,-2769,-1,-2,2,0,36502,142,32,65,0,0,0,0,0,0,0,0,-32302,0,0,0,0,0,90258,0
90089,-42,8304,-312,667,414,124,-2769,-3,6,1,0,36502,146,32,65,0,0,0,0,0,0,0,0,-32302,0,0,0,0,0,90263,0
90094,-4,8300,-326,667,408,129,-2770,-5,4,1,0,36502,146,32,65,0,0,0,0,0,0,0,0,-32302,0,0,0,0,0,90268,0
90099,20,8244,-354,669,414,133,-2768,4,-1,1,0,36502,144,32,65,0,0,0,0,0,0,0,0,-32302,0,0,0,0,0,90273,0
90104,96,8242,-376,672,411,138,-2769,0,4,1,0,36502,144,32,65,0,0,0,0,0,0,0,0,-32302,0,0,0,0,0,90278,0
90109,-58,7866,-414,686,408,140,-2769,2,4,2,0,36507,146,32,65,0,0,0,0,0,0,0,0,-32302,0,0,0,0,0,90283,0
90114,-54,8380,-222,674,413,142,-2769,-1,-1,1,0,36507,146,32,65,0,0,0,0,0,0,0,0,-32302,0,0,0,0,0,90288,0
90119,966,7760,-782,681,411,135,-2768,-2,2,1,0,36520,144,32,65,0,0,0,0,0,0,0,0,-32302,0,0,0,0,0,90293,0
90124,206,8094,-382,680,426,139,-2770,-5,-1,2,0,36520,144,32,65,0,0,0,0,0,0,0,0,-32302,0,0,0,0,0,90298,0
90129,284,8050,-420,678,433,141,-2769,0,0,2,0,36534,138,32,65,0,0,0,0,0,0,0,0,-32302,0,0,0,0,0,90303,0
90134,232,8032,-394,682,441,134,-2769,0,-4,2,0,36534,138,32,65,0,0,0,0,0,0,0,0,-32302,0,0,0,0,0,90308,0
90139,266,8004,-518,680,448,143,-2768,1,5,4,0,36545,137,32,65,0,0,0,0,0,0,0,0,-32302,0,0,0,0,0,90313,0
90144,120,7506,-696,681,471,143,-2769,0,2,3,0,36545,137,32,65,0,0,0,0,0,0,0,0,-32302,0,0,0,0,0,90318,0
90149,300,8146,-332,675,485,134,-2769,-1,3,1,0,36537,142,32,65,0,0,0,0,0,0,0,0,-32302,0,0,0,0,0,90323,0
90154,444,8054,-534,674,491,137,-2769,-5,1,2,0,36537,142,32,65,0,0,0,0,0,0,0,0,-32302,0,0,0,0,0,90328,0
90159,462,8046,-570,676,500,130,-2769,-5,1,2,0,36524,146,32,65,0,0,0,0,0,0,0,0,-32302,0,0,0,0,0,90333,0
90164,674,8324,-804,667,536,123,-2769,-3,3,3,0,36524,146,32,65,0,0,0,0,0,0,0,0,-32302,0,0,0,0,0,90338,0
90169,692,8138,-546,679,554,111,-2770,-5,2,2,0,36514,144,32,65,0,0,0,0,0,0,0,0,-32302,0,0,0,0,0,90343,0
90174,610,8108,-590,674,567,113,-2769,-4,-2,0,0,36514,144,32,65,0,0,0,0,0,0,0,0,-32303,0,0,0,0,0,90348,0
90179,602,8152,-652,667,583,108,-2769,-2,3,2,0,36514,136,32,65,0,0,0,0,0,0,0,0,-32302,0,0,0,0,0,90353,0
90184,660,8178,-752,667,628,95,-2768,-2,1,1,0,36514,136,32,65,0,0,0,0,0,0,0,0,-32302,0,0,0,0,0,90358,0
90189,614,7974,-732,673,640,85,-2768,0,1,1,0,36515,137,32,65,0,0,0,0,0,0,0,0,-32302,0,0,0,0,0,90363,0
90194,628,8162,-600,658,664,82,-2768,3,5,1,0,36515,137,32,65,0,0,0,0,0,0,0,0,-32302,0,0,0,0,0,90368,0
90199,628,8134,-734,655,688,72,-2768,0,-4,2,0,36513,137,32,65,0,0,0,0,0,0,0,0,-32303,0,0,0,0,0,90373,0
90204,672,8074,-804,650,732,59,-2768,2,-1,0,0,36513,137,32,65,0,0,0,0,0,0,0,0,-32303,0,0,0,0,0,90378,0
90209,526,7818,-912,650,758,56,-2769,-1,1,1,0,36510,139,32,65,0,0,0,0,0,0,0,0,-32302,0,0,0,0,0,90383,0
90214,146,8714,-786,627,757,43,-2769,-1,1,1,0,36510,139,32,65,0,0,0,0,0,0,0,0,-32302,0,0,0,0,0,90388,0
90219,524,7306,-1174,661,823,38,-2769,-1,-4,3,0,36512,136,32,65,0,0,0,0,0,0,0,0,-32302,0,0,0,0,0,90393,0
90224,732,8182,-880,632,866,24,-2769,1,0,2,0,36512,136,32,65,0,0,0,0,0,0,0,0,-32302,0,0,0,0,0,90398,0
90229,636,7998,-920,621,894,27,-2768,3,2,2,0,36513,134,32,65,0,0,0,0,0,0,0,0,-32302,0,0,0,0,0,90403,0
90234,678,8152,-862,617,926,14,-2770,-2,0,1,0,36513,134,32,65,0,0,0,0,0,0,0,0,-32302,0,0,0,0,0,90408,0
90239,652,8128,-954,619,961,14,-2768,0,1,0,0,36515,124,32,65,0,0,0,0,0,0,0,0,-32302,0,0,0,0,0,90413,0
90244,698,8210,-908,611,1027,5,-2768,-7,-5,3,0,36515,124,32,65,0,0,0,0,0,0,0,0,-32302,0,0,0,0,0,90418,0
90249,646,7992,-860,611,1059,-4,-2769,1,4,3,0,36513,131,32,65,0,0,0,0,0,0,0,0,-32302,0,0,0,0,0,90423,0
90254,552,8100,-752,599,1094,-3,-2769,-2,-4,3,0,36513,131,32,65,0,0,0,0,0,0,0,0,-32302,0,0,0,0,0,90428,0
90259,566,8080,-884,605,1133,-9,-2768,-1,-2,2,0,36513,133,32,65,0,0,0,0,0,0,0,0,-32302,0,0,0,0,0,90433,0
90264,546,8020,-904,594,1188,-8,-2768,0,-1,2,0,36513,133,32,65,0,0,0,0,0,0,0,0,-32302,0,0,0,0,0,90438,0
90269,592,8068,-946,595,1231,-10,-2768,0,1,1,0,36511,135,32,65,0,0,0,0,0,0,0,0,-32302,0,0,0,0,0,90443,0
90274,416,7780,-1064,593,1271,-15,-2769,3,-1,1,0,36511,135,32,65,0,0,0,0,0,0,0,0,-32303,0,0,0,0,0,90448,0
90279,484,8210,-804,590,1296,-19,-2768,4,-2,2,0,36511,130,32,65,0,0,0,0,0,0,0,0,-32302,0,0,0,0,0,90453,0
90284,576,8154,-980,581,1363,-18,-2769,-6,0,2,0,36511,130,32,65,0,0,0,0,0,0,0,0,-32302,0,0,0,0,0,90458,0
90289,534,8178,-988,582,1388,-21,-2768,2,5,1,0,36514,132,32,65,0,0,0,0,0,0,0,0,-32302,0,0,0,0,0,90463,0
90294,536,8182,-1026,577,1425,-25,-2769,1,3,2,0,36514,132,32,65,0,0,0,0,0,0,0,0,-32302,0,0,0,0,0,90468,0
90299,594,8276,-1226,564,1463,-20,-2769,-9,0,3,0,36513,142,32,65,0,0,0,0,0,0,0,0,-32302,0,0,0,0,0,90473,0
90304,654,7838,-1248,583,1539,-33,-2769,-1,-2,3,0,36513,142,32,65,0,0,0,0,0,0,0,0,-32302,0,0,0,0,0,90478,0
90309,518,8234,-726,560,1536,-23,-2768,7,1,2,0,36512,144,32,65,0,0,0,0,0,0,0,0,-32302,0,0,0,0,0,90483,0
90314,558,8118,-1014,557,1592,-31,-2768,1,4,2,0,36512,144,32,65,0,0,0,0,0,0,0,0,-32302,0,0,0,0,0,90488,0
90319,488,8030,-1080,558,1621,-25,-2768,-1,-2,4,0,36510,147,32,65,0,0,0,0,0,0,0,0,-32302,0,0,0,0,0,90493,0
90324,1058,8194,-1490,572,1695,17,-2769,-6,1,2,0,36510,147,32,65,0,0,0,0,0,0,0,0,-32302,0,0,0,0,0,90498,0
90329,496,7900,-986,546,1736,-25,-2769,-2,-1,2,0,36510,151,32,65,0,0,0,0,0,0,0,0,-32302,0,0,0,0,0,90503,0
90334,428,8150,-1124,545,1771,-32,-2768,1,-4,3,0,36510,151,32,65,0,0,0,0,0,0,0,0,-32302,0,0,0,0,0,90508,0
90339,396,8074,-1246,550,1813,-16,-2769,-1,-1,6,0,36519,163,32,65,0,0,0,0,0,0,0,0,-32302,0,0,0,0,0,90513,0
90344,576,8330,-1404,528,1911,-15,-2769,2,2,3,0,36519,163,32,65,0,0,0,0,0,0,0,0,-32302,0,0,0,0,0,90518,0
90349,546,8168,-1068,539,1948,-22,-2768,-3,-2,2,0,36523,157,32,65,0,0,0,0,0,0,0,0,-32302,0,0,0,0,0,90523,0
90354,552,8242,-1188,524,1980,-15,-2769,3,-1,2,0,36523,157,32,65,0,0,0,0,0,0,0,0,-32302,0,0,0,0,0,90528,0
90359,564,8312,-1326,526,2022,-12,-2769,4,5,1,0,36522,145,32,65,0,0,0,0,0,0,0,0,-32302,0,0,0,0,0,90533,0
90364,522,8362,-1396,507,2112,-10,-2768,2,-3,2,0,36522,145,32,65,0,0,0,0,0,0,0,0,-32302,0,0,0,0,0,90538,0
90369,514,8374,-1412,498,2162,-13,-2768,2,-4,2,0,36519,136,32,65,0,0,0,0,0,0,0,0,-32302,0,0,0,0,0,90543,0
90374,526,8364,-1442,491,2212,-9,-2769,-3,2,3,0,36519,136,32,65,0,0,0,0,0,0,0,0,-32302,0,0,0,0,0,90548,0
90379,494,8324,-1438,489,2267,-10,-2768,5,-6,2,0,36513,124,32,65,0,0,0,0,0,0,0,0,-32301,0,0,0,0,0,90553,0
90384,482,8298,-1528,468,2373,-1,-2768,6,0,1,0,36513,124,32,65,0,0,0,0,0,0,0,0,-32302,0,0,0,0,0,90558,0
90389,472,8320,-1532,466,2426,5,-2769,2,0,1,0,36511,131,32,65,0,0,0,0,0,0,0,0,-32302,0,0,0,0,0,90563,0
90394,518,8342,-1530,460,2489,8,-2770,-8,-2,1,0,36511,131,32,65,0,0,0,0,0,0,0,0,-32302,0,0,0,0,0,90568,0
90399,556,8388,-1580,446,2552,15,-2768,0,-1,2,0,36510,139,32,65,0,0,0,0,0,0,0,0,-32302,0,0,0,0,0,90573,0
90404,580,8338,-1560,425,2678,21,-2768,7,-1,3,0,36510,139,32,65,0,0,0,0,0,0,0,0,-32302,0,0,0,0,0,90578,0
90409,582,8326,-1632,406,2735,25,-2769,-3,2,2,0,36510,144,32,65,0,0,0,0,0,0,0,0,-32302,0,0,0,0,0,90583,0
90414,608,8316,-1676,397,2809,32,-2769,-4,-4,2,0,36510,144,32,65,0,0,0,0,0,0,0,0,-32302,0,0,0,0,0,90588,0
90419,616,8252,-1718,391,2873,32,-2768,4,1,0,0,36511,138,32,65,0,0,0,0,0,0,0,0,-32302,0,0,0,0,0,90593,0
90424,618,8216,-1728,368,3006,41,-2768,1,2,1,0,36511,138,32,65,0,0,0,0,0,0,0,0,-32302,0,0,0,0,0,90598,0
90429,674,8186,-1782,353,3076,42,-2769,-11,-1,3,0,36510,134,32,65,0,0,0,0,0,0,0,0,-32302,0,0,0,0,0,90603,0
90434,682,8184,-1746,341,3147,43,-2769,-4,-1,4,0,36510,134,32,65,0,0,0,0,0,0,0,0,-32302,0,0,0,0,0,90608,0
90439,736,8128,-1786,327,3221,47,-2769,-1,-2,3,0,36511,135,32,65,0,0,0,0,0,0,0,0,-32302,0,0,0,0,0,90613,0
90444,808,8114,-1760,312,3358,51,-2769,-4,0,2,0,36511,135,32,65,0,0,0,0,0,0,0,0,-32302,0,0,0,0,0,90618,0
90449,788,8020,-1792,297,3432,56,-2768,5,1,0,0,36514,137,32,65,0,0,0,0,0,0,0,0,-32303,0,0,0,0,0,90623,0
90454,768,8016,-1746,282,3506,52,-2769,-4,-2,3,0,36514,137,32,65,0,0,0,0,0,0,0,0,-32303,0,0,0,0,0,90628,0
90459,854,7988,-1728,275,3580,57,-2768,6,2,2,0,36513,139,32,65,0,0,0,0,0,0,0,0,-32302,0,0,0,0,0,90633,0
90464,930,7962,-1788,254,3720,56,-2768,0,-1,1,0,36513,139,32,65,0,0,0,0,0,0,0,0,-32302,0,0,0,0,0,90638,0
90469,866,7928,-1770,237,3786,57,-2768,5,4,1,0,36513,136,32,65,0,0,0,0,0,0,0,0,-32302,0,0,0,0,0,90643,0
90474,888,7916,-1774,233,3858,62,-2768,3,2,3,0,36513,136,32,65,0,0,0,0,0,0,0,0,-32302,0,0,0,0,0,90648,0
90479,918,7876,-1800,216,3919,62,-2767,7,3,3,0,36513,142,32,65,0,0,0,0,0,0,0,0,-32302,0,0,0,0,0,90653,0
90484,962,7930,-1756,195,4041,56,-2768,2,4,3,0,36513,142,32,65,0,0,0,0,0,0,0,0,-32302,0,0,0,0,0,90658,0
90489,968,7908,-1818,186,4089,63,-2768,1,3,0,0,36514,149,32,65,0,0,0,0,0,0,0,0,-32301,0,0,0,0,0,90663,0
90494,968,7912,-1826,170,4145,57,-2768,-1,4,1,0,36514,149,32,65,0,0,0,0,0,0,0,0,-32302,0,0,0,0,0,90668,0
90499,998,7920,-1828,167,4194,55,-2769,-1,-3,2,0,36514,147,32,65,0,0,0,0,0,0,0,0,-32302,0,0,0,0,0,90673,0
90504,948,7974,-1766,144,4286,55,-2768,5,0,3,0,36514,147,32,65,0,0,0,0,0,0,0,0,-32302,0,0,0,0,0,90679,0
90509,958,7966,-1786,131,4333,50,-2767,-2,0,3,0,36512,145,32,65,0,0,0,0,0,0,0,0,-32302,0,0,0,0,0,90684,0
90514,954,7986,-1768,117,4365,49,-2769,0,-1,3,0,36512,145,32,65,0,0,0,0,0,0,0,0,-32302,0,0,0,0,0,90689,0
90519,954,7994,-1734,105,4404,45,-2768,6,-1,1,0,36512,140,32,65,0,0,0,0,0,0,0,0,-32302,0,0,0,0,0,90694,0
90524,934,8036,-1692,88,4461,35,-2768,2,0,1,0,36512,140,32,65,0,0,0,0,0,0,0,0,-32302,0,0,0,0,0,90699,0
90529,992,8064,-1706,76,4477,32,-2769,-1,1,3,0,36510,139,32,65,0,0,0,0,0,0,0,0,-32303,0,0,0,0,0,90704,0
90534,910,8092,-1650,71,4495,24,-2767,5,4,3,0,36510,139,32,65,0,0,0,0,0,0,0,0,-32302,0,0,0,0,0,90709,0
90539,868,8086,-1662,60,4504,23,-2769,1,0,1,0,36510,136,32,65,0,0,0,0,0,0,0,0,-32302,0,0,0,0,0,90714,0
90544,826,8144,-1582,44,4513,10,-2769,-7,1,0,0,36510,136,32,65,0,0,0,0,0,0,0,0,-32302,0,0,0,0,0,90719,0
90549,808,8212,-1572,37,4513,5,-2768,1,1,0,0,36513,125,32,65,0,0,0,0,0,0,0,0,-32302,0,0,0,0,0,90724,0
90554,762,8200,-1556,25,4497,0,-2768,3,0,1,0,36513,125,32,65,0,0,0,0,0,0,0,0,-32302,0,0,0,0,0,90729,0
90559,698,8226,-1520,17,4488,2,-2768,2,4,1,0,36514,132,32,65,0,0,0,0,0,0,0,0,-32302,0,0,0,0,0,90734,0
90564,622,8192,-1464,3,4458,-6,-2768,0,0,1,0,36514,132,32,65,0,0,0,0,0,0,0,0,-32302,0,0,0,0,0,90739,0
90569,548,8192,-1436,0,4432,-11,-2769,-1,0,0,0,36517,134,32,65,0,0,0,0,0,0,0,0,-32303,0,0,0,0,0,90744,0
90574,498,8190,-1408,-6,4404,-15,-2769,-4,-4,1,0,36517,134,32,65,0,0,0,0,0,0,0,0,-32302,0,0,0,0,0,90749,0
90579,486,8158,-1400,-10,4370,-10,-2768,-1,3,3,0,36517,136,32,65,0,0,0,0,0,0,0,0,-32302,0,0,0,0,0,90754,0
90584,410,8142,-1342,-18,4302,-14,-2769,-4,-2,3,0,36517,136,32,65,0,0,0,0,0,0,0,0,-32302,0,0,0,0,0,90760,0
90589,408,8102,-1308,-29,4260,-19,-2768,-2,-1,1,0,36518,135,32,65,0,0,0,0,0,0,0,0,-32302,0,0,0,0,0,90765,0
90594,370,8126,-1266,-30,4220,-14,-2768,5,3,2,0,36518,135,32,65,0,0,0,0,0,0,0,0,-32302,0,0,0,0,0,90770,0
90599,368,8102,-1260,-36,4175,-9,-2768,5,-1,2,0,36518,142,32,65,0,0,0,0,0,0,0,0,-32302,0,0,0,0,0,90774,0
90604,282,8064,-1156,-40,4079,-8,-2768,3,3,3,0,36518,142,32,65,0,0,0,0,0,0,0,0,-32302,0,0,0,0,0,90779,0
90609,264,8048,-1174,-45,4028,-8,-2768,-1,2,2,0,36514,138,32,65,0,0,0,0,0,0,0,0,-32302,0,0,0,0,0,90784,0
90614,246,8062,-1132,-43,3979,-3,-2769,5,2,2,0,36514,138,32,65,0,0,0,0,0,0,0,0,-32302,0,0,0,0,0,90789,0
90619,216,8070,-1134,-47,3919,-2,-2768,-3,0,2,0,36512,147,32,65,0,0,0,0,0,0,0,0,-32302,0,0,0,0,0,90794,0
90624,170,8060,-1032,-57,3809,11,-2770,-7,1,2,0,36512,147,32,65,0,0,0,0,0,0,0,0,-32302,0,0,0,0,0,90799,0
90629,168,8080,-1000,-57,3750,13,-2769,-5,1,3,0,36511,144,32,65,0,0,0,0,0,0,0,0,-32302,0,0,0,0,0,90804,0
90634,126,8076,-962,-53,3685,15,-2768,0,0,4,0,36511,144,32,65,0,0,0,0,0,0,0,0,-32302,0,0,0,0,0,90809,0
90639,136,8064,-942,-63,3625,28,-2768,-1,-3,2,0,36512,148,32,65,0,0,0,0,0,0,0,0,-32302,0,0,0,0,0,90814,0
90644,118,8062,-880,-59,3494,34,-2768,3,2,1,0,36512,148,32,65,0,0,0,0,0,0,0,0,-32302,0,0,0,0,0,90819,0
90649,122,8056,-878,-62,3425,35,-2769,2,0,2,0,36511,146,32,65,0,0,0,0,0,0,0,0,-32302,0,0,0,0,0,90824,0
90654,190,8018,-818,-60,3361,39,-2769,0,-4,0,0,36511,146,32,65,0,0,0,0,0,0,0,0,-32302,0,0,0,0,0,90829,0
90659,352,7936,-748,-61,3310,48,-2768,4,2,0,0,36517,141,32,65,0,0,0,0,0,0,0,0,-32302,0,0,0,0,0,90834,0
90664,232,8086,-658,-59,3216,57,-2769,-1,0,2,0,36517,141,32,65,0,0,0,0,0,0,0,0,-32302,0,0,0,0,0,90839,0
90669,-30,8192,-662,-51,3158,70,-2768,-1,2,4,0,36515,136,32,65,0,0,0,0,0,0,0,0,-32302,0,0,0,0,0,90844,0
90674,-428,8338,-760,-51,3064,73,-2769,-4,-3,2,0,36515,136,32,65,0,0,0,0,0,0,0,0,-32301,0,0,0,0,0,90849,0
90679,-778,8474,-904,-61,2922,79,-2769,0,-3,1,0,36515,133,32,65,0,0,0,0,0,0,0,0,-32302,0,0,0,0,0,90854,0
90684,-772,8484,-1082,-88,2548,82,-2768,-2,-3,2,0,36515,133,32,65,0,0,0,0,0,0,0,0,-32302,0,0,0,0,0,90859,0
90689,-412,8318,-1098,-99,2354,74,-2769,-7,-2,2,0,36510,134,32,65,0,0,0,0,0,0,0,0,-32302,0,0,0,0,0,90864,0
90694,-242,8164,-980,-107,2154,85,-2768,0,-3,1,0,36510,134,32,65,0,0,0,0,0,0,0,0,-32302,0,0,0,0,0,90869,0
90699,-294,8108,-896,-126,1971,82,-2769,-1,-2,2,0,36510,133,32,65,0,0,0,0,0,0,0,0,-32302,0,0,0,0,0,90874,0
90704,-736,8020,-652,-141,1605,91,-2769,-4,-4,3,0,36510,133,32,65,0,0,0,0,0,0,0,0,-32302,0,0,0,0,0,90879,0
90709,-892,7998,-562,-157,1433,106,-2768,-5,1,2,0,36510,135,32,65,0,0,0,0,0,0,0,0,-32302,0,0,0,0,0,90884,0
90714,-912,7970,-470,-158,1276,117,-2768,-1,0,2,0,36510,135,32,65,0,0,0,0,0,0,0,0,-32302,0,0,0,0,0,90889,0
90719,-942,7978,-400,-160,1118,126,-2770,-2,-4,1,0,36509,129,32,65,0,0,0,0,0,0,0,0,-32302,0,0,0,0,0,90894,0
90724,-624,8004,-390,-162,841,149,-2768,0,-2,2,0,36509,129,32,65,0,0,0,0,0,0,0,0,-32302,0,0,0,0,0,90899,0
90729,-312,7982,-390,-165,716,160,-2768,-2,3,2,0,36509,136,32,65,0,0,0,0,0,0,0,0,-32302,0,0,0,0,0,90904,0
90734,16,7926,-350,-161,607,159,-2769,-2,-2,2,0,36509,136,32,65,0,0,0,0,0,0,0,0,-32302,0,0,0,0,0,90909,0
90739,316,7884,-310,-163,512,167,-2768,0,0,3,0,36511,131,32,65,0,0,0,0,0,0,0,0,-32302,0,0,0,0,0,90914,0
90744,506,7904,-204,-150,362,174,-2768,0,4,3,0,36511,131,32,65,0,0,0,0,0,0,0,0,-32302,0,0,0,0,0,90919,0
90749,374,7992,-146,-138,305,175,-2769,-2,-3,4,0,36510,140,32,65,0,0,0,0,0,0,0,0,-32302,0,0,0,0,0,90924,0
90754,140,8084,-118,-134,244,179,-2768,0,1,3,0,36510,140,32,65,0,0,0,0,0,0,0,0,-32302,0,0,0,0,0,90929,0
90759,-16,8188,-136,-124,179,187,-2768,1,-3,2,0,36510,134,32,65,0,0,0,0,0,0,0,0,-32302,0,0,0,0,0,90934,0
90764,-154,8338,-142,-108,40,198,-2768,-3,5,4,0,36510,134,32,65,0,0,0,0,0,0,0,0,-32302,0,0,0,0,0,90939,0
90769,-68,8322,-152,-99,-22,203,-2769,0,1,1,0,36515,133,32,65,0,0,0,0,0,0,0,0,-32302,0,0,0,0,0,90944,0
90774,90,8352,-172,-90,-92,210,-2769,0,-4,2,0,36515,133,32,65,0,0,0,0,0,0,0,0,-32302,0,0,0,0,0,90949,0
90779,270,8312,-166,-85,-146,211,-2768,2,4,2,0,36516,139,32,65,0,0,0,0,0,0,0,0,-32302,0,0,0,0,0,90954,0
90784,606,8262,-174,-76,-228,219,-2769,0,2,2,0,36516,139,32,65,0,0,0,0,0,0,0,0,-32302,0,0,0,0,0,90959,0
90789,722,8232,-178,-63,-256,215,-2768,-1,5,1,0,36516,148,32,65,0,0,0,0,0,0,0,0,-32302,0,0,0,0,0,90964,0
90794,774,8164,-158,-53,-274,218,-2769,2,0,2,0,36516,148,32,65,0,0,0,0,0,0,0,0,-32302,0,0,0,0,0,90969,0
90799,828,8138,-180,-38,-276,221,-2768,0,-2,2,0,36511,148,32,65,0,0,0,0,0,0,0,0,-32302,0,0,0,0,0,90974,0
90804,792,8004,-184,-21,-277,227,-2768,-1,4,1,0,36511,148,32,65,0,0,0,0,0,0,0,0,-32302,0,0,0,0,0,90979,0
90809,790,7952,-212,-10,-278,224,-2768,-5,2,2,0,36514,143,32,65,0,0,0,0,0,0,0,0,-32302,0,0,0,0,0,90984,0
90814,716,7920,-208,-4,-268,239,-2768,1,-1,3,0,36514,143,32,65,0,0,0,0,0,0,0,0,-32302,0,0,0,0,0,90989,0
90819,708,7832,-286,8,-262,244,-2769,-1,-1,2,0,36517,142,32,65,0,0,0,0,0,0,0,0,-32302,0,0,0,0,0,90994,0
90824,696,7752,-358,10,-247,256,-2768,5,3,3,0,36517,142,32,65,0,0,0,0,0,0,0,0,-32302,0,0,0,0,0,90999,0
90829,720,7766,-340,24,-234,264,-2768,1,2,3,0,36515,140,32,65,0,0,0,0,0,0,0,0,-32302,0,0,0,0,0,91004,0
90834,698,7766,-352,24,-216,280,-2768,0,0,2,0,36515,140,32,65,0,0,0,0,0,0,0,0,-32302,0,0,0,0,0,91009,0
90839,656,7822,-330,33,-204,287,-2768,2,2,1,0,36512,147,32,65,0,0,0,0,0,0,0,0,-32302,0,0,0,0,0,91014,0
90844,708,7924,-426,39,-170,307,-2768,2,-1,0,0,36512,147,32,65,0,0,0,0,0,0,0,0,-32302,0,0,0,0,0,91019,0
90849,764,7986,-468,38,-152,313,-2768,3,-1,2,0,36510,143,32,65,0,0,0,0,0,0,0,0,-32302,0,0,0,0,0,91024,0
90854,746,8066,-552,45,-149,322,-2770,-3,-3,1,0,36510,143,32,65,0,0,0,0,0,0,0,0,-32302,0,0,0,0,0,91029,0
90859,752,8124,-602,46,-137,327,-2769,-3,-2,1,0,36511,142,32,65,0,0,0,0,0,0,0,0,-32302,0,0,0,0,0,91034,0
90864,734,8256,-692,40,-113,336,-2767,1,6,1,0,36511,142,32,65,0,0,0,0,0,0,0,0,-32302,0,0,0,0,0,91039,0
90869,696,8310,-736,25,-113,345,-2767,2,3,2,0,36513,141,32,65,0,0,0,0,0,0,0,0,-32302,0,0,0,0,0,91044,0
90874,738,8368,-776,25,-110,346,-2768,7,0,2,0,36513,141,32,65,0,0,0,0,0,0,0,0,-32302,0,0,0,0,0,91049,0
90879,756,8410,-816,25,-118,353,-2768,4,0,2,0,36513,135,32,65,0,0,0,0,0,0,0,0,-32302,0,0,0,0,0,91054,0
90884,726,8478,-824,-1,-121,359,-2770,-1,-1,2,0,36513,135,32,65,0,0,0,0,0,0,0,0,-32302,0,0,0,0,0,91059,0
90889,772,8466,-834,-4,-128,365,-2768,0,0,2,0,36514,136,32,65,0,0,0,0,0,0,0,0,-32302,0,0,0,0,0,91064,0
90894,854,8426,-844,-14,-140,358,-2768,-1,3,2,0,36514,136,32,65,0,0,0,0,0,0,0,0,-32302,0,0,0,0,0,91069,0
90899,864,8410,-862,-27,-146,360,-2768,-1,-3,2,0,36510,136,32,65,0,0,0,0,0,0,0,0,-32301,0,0,0,0,0,91074,0
90904,964,8286,-926,-43,-149,351,-2768,1,0,4,0,36510,136,32,65,0,0,0,0,0,0,0,0,-32302,0,0,0,0,0,91079,0
90909,982,8224,-916,-57,-154,358,-2769,-4,-3,2,0,36510,133,32,65,0,0,0,0,0,0,0,0,-32302,0,0,0,0,0,91084,0
90914,1008,8154,-990,-61,-155,357,-2768,6,-2,2,0,36510,133,32,65,0,0,0,0,0,0,0,0,-32302,0,0,0,0,0,91089,0
90919,1006,8090,-970,-69,-158,365,-2768,0,2,2,0,36507,128,32,65,0,0,0,0,0,0,0,0,-32302,0,0,0,0,0,91094,0
90924,956,7956,-960,-90,-140,363,-2768,-2,2,2,0,36507,128,32,65,0,0,0,0,0,0,0,0,-32302,0,0,0,0,0,91099,0
90929,976,7932,-938,-100,-130,370,-2768,1,-1,3,0,36509,126,32,65,0,0,0,0,0,0,0,0,-32302,0,0,0,0,0,91104,0
90934,962,7912,-942,-114,-122,373,-2768,0,1,1,0,36509,126,32,65,0,0,0,0,0,0,0,0,-32302,0,0,0,0,0,91109,0
90939,966,7860,-906,-115,-97,379,-2768,3,1,2,0,36511,122,32,65,0,0,0,0,0,0,0,0,-32302,0,0,0,0,0,91114,0
90944,1140,7780,-872,-130,-47,389,-2768,-4,-3,1,0,36511,122,32,65,0,0,0,0,0,0,0,0,-32302,0,0,0,0,0,91119,0
90949,1198,7742,-784,-138,-13,391,-2769,0,1,2,0,36512,131,32,65,0,0,0,0,0,0,0,0,-32303,0,0,0,0,0,91124,0
90954,1286,7726,-736,-140,21,393,-2767,7,1,1,0,36512,131,32,65,0,0,0,0,0,0,0,0,-32302,0,0,0,0,0,91129,0
90959,1378,7708,-726,-147,51,392,-2768,0,2,2,0,36507,138,32,65,0,0,0,0,0,0,0,0,-32302,0,0,0,0,0,91135,0
90964,1514,7686,-632,-147,137,396,-2768,-1,1,2,0,36507,138,32,65,0,0,0,0,0,0,0,0,-32302,0,0,0,0,0,91139,0
90969,1612,7740,-578,-148,176,397,-2768,0,-4,0,0,36503,148,32,65,0,0,0,0,0,0,0,0,-32302,0,0,0,0,0,91144,0
90974,1670,7790,-550,-156,216,397,-2768,3,-1,2,0,36503,148,32,65,0,0,0,0,0,0,0,0,-32303,0,0,0,0,0,91149,0
90979,1674,7892,-498,-150,265,387,-2769,0,2,4,0,36506,157,32,65,0,0,0,0,0,0,0,0,-32302,0,0,0,0,0,91154,0
90984,1606,8036,-450,-145,350,375,-2768,-2,4,3,0,36506,157,32,65,0,0,0,0,0,0,0,0,-32302,0,0,0,0,0,91159,0
90989,1590,8102,-452,-138,382,370,-2768,0,-1,2,0,36510,156,32,65,0,0,0,0,0,0,0,0,-32302,0,0,0,0,0,91164,0
90994,1548,8226,-414,-136,419,368,-2769,-3,4,2,0,36510,156,32,65,0,0,0,0,0,0,0,0,-32302,0,0,0,0,0,91169,0
90999,1484,8242,-368,-131,449,360,-2768,2,0,2,0,36514,157,32,65,0,0,0,0,0,0,0,0,-32302,0,0,0,0,0,91174,0
91004,1478,8298,-324,-125,496,349,-2769,-4,0,2,0,36514,157,32,65,0,0,0,0,0,0,0,0,-32302,0,0,0,0,0,91179,0
91009,1456,8334,-316,-125,524,346,-2768,0,2,2,0,36509,152,32,65,0,0,0,0,0,0,0,0,-32302,0,0,0,0,0,91184,0
91014,1504,8310,-290,-111,542,339,-2768,-3,-1,1,0,36509,152,32,65,0,0,0,0,0,0,0,0,-32302,0,0,0,0,0,91189,0
91019,1530,8282,-260,-112,562,325,-2768,0,3,2,0,36507,147,32,65,0,0,0,0,0,0,0,0,-32302,0,0,0,0,0,91194,0
91024,1548,8200,-230,-97,605,319,-2769,3,-3,3,0,36507,147,32,65,0,0,0,0,0,0,0,0,-32302,0,0,0,0,0,91199,0
91029,1518,8104,-234,-91,618,310,-2767,6,0,2,0,36510,146,32,65,0,0,0,0,0,0,0,0,-32302,0,0,0,0,0,91204,0
91034,1518,8022,-206,-91,626,302,-2768,1,2,3,0,36510,146,32,65,0,0,0,0,0,0,0,0,-32302,0,0,0,0,0,91209,0
91039,1520,7970,-210,-83,638,296,-2768,2,3,2,0,36513,145,32,65,0,0,0,0,0,0,0,0,-32302,0,0,0,0,0,91214,0
91044,1470,7848,-164,-71,654,288,-2768,7,1,1,0,36513,145,32,65,0,0,0,0,0,0,0,0,-32302,0,0,0,0,0,91219,0
91049,1480,7824,-158,-64,662,285,-2769,-3,-4,1,0,36513,133,32,65,0,0,0,0,0,0,0,0,-32302,0,0,0,0,0,91224,0
91054,1452,7810,-152,-58,675,281,-2769,0,-2,1,0,36513,133,32,65,0,0,0,0,0,0,0,0,-32302,0,0,0,0,0,91229,0
91059,1434,7814,-140,-49,681,278,-2768,1,0,0,0,36510,125,32,65,0,0,0,0,0,0,0,0,-32302,0,0,0,0,0,91234,0
91064,1442,7818,-148,-44,697,273,-2768,4,1,1,0,36510,125,32,65,0,0,0,0,0,0,0,0,-32302,0,0,0,0,0,91239,0
91069,1434,7814,-196,-32,706,268,-2767,1,-3,2,0,36510,122,32,65,0,0,0,0,0,0,0,0,-32302,0,0,0,0,0,91244,0
91074,1408,7842,-238,-32,705,259,-2768,0,0,1,0,36510,122,32,65,0,0,0,0,0,0,0,0,-32302,0,0,0,0,0,91249,0
91079,1400,7826,-254,-24,706,267,-2770,-8,-3,3,0,36514,125,32,65,0,0,0,0,0,0,0,0,-32302,0,0,0,0,0,91254,0
91084,1416,7832,-218,-23,702,264,-2768,0,-4,2,0,36514,125,32,65,0,0,0,0,0,0,0,0,-32302,0,0,0,0,0,91259,0
91089,1410,7884,-252,-21,694,255,-2769,-8,-2,2,0,36514,129,32,65,0,0,0,0,0,0,0,0,-32302,0,0,0,0,0,91264,0
91094,1424,7888,-252,-14,688,253,-2768,2,2,2,0,36514,129,32,65,0,0,0,0,0,0,0,0,-32302,0,0,0,0,0,91269,0
91099,1412,7946,-276,-17,680,247,-2768,3,1,2,0,36513,133,32,65,0,0,0,0,0,0,0,0,-32302,0,0,0,0,0,91274,0
91104,1296,7988,-296,-12,655,246,-2767,2,2,1,0,36513,133,32,65,0,0,0,0,0,0,0,0,-32302,0,0,0,0,0,91279,0
91109,1230,7958,-312,-16,638,241,-2769,-2,3,1,0,36510,136,32,65,0,0,0,0,0,0,0,0,-32302,0,0,0,0,0,91284,0
91114,1184,7984,-290,-15,621,239,-2769,0,1,1,0,36510,136,32,65,0,0,0,0,0,0,0,0,-32302,0,0,0,0,0,91289,0
91119,1142,7958,-318,-16,589,235,-2768,-1,-2,2,0,36512,138,32,65,0,0,0,0,0,0,0,0,-32302,0,0,0,0,0,91294,0
91124,1014,7982,-320,-23,526,235,-2768,3,1,3,0,36512,138,32,65,0,0,0,0,0,0,0,0,-32302,0,0,0,0,0,91299,0
91129,1044,8044,-334,-24,485,234,-2768,5,3,2,0,36512,142,32,65,0,0,0,0,0,0,0,0,-32302,0,0,0,0,0,91304,0
91134,1004,8020,-312,-28,448,234,-2769,-3,0,2,0,36512,142,32,65,0,0,0,0,0,0,0,0,-32302,0,0,0,0,0,91309,0
91139,1008,8048,-350,-38,398,234,-2768,1,0,1,0,36510,145,32,65,0,0,0,0,0,0,0,0,-32302,0,0,0,0,0,91314,0
91144,1048,8040,-326,-35,321,229,-2768,-1,1,0,0,36510,145,32,65,0,0,0,0,0,0,0,0,-32302,0,0,0,0,0,91319,0
91149,1068,8100,-338,-40,283,228,-2769,-4,3,1,0,36510,149,32,65,0,0,0,0,0,0,0,0,-32302,0,0,0,0,0,91324,0
91154,1152,8076,-326,-45,246,221,-2768,5,-3,2,0,36510,149,32,65,0,0,0,0,0,0,0,0,-32302,0,0,0,0,0,91329,0
91159,1224,8080,-338,-47,220,224,-2767,8,-1,1,0,36510,146,32,65,0,0,0,0,0,0,0,0,-32302,0,0,0,0,0,91334,0
91164,1258,8088,-294,-43,174,218,-2769,0,2,2,0,36510,146,32,65,0,0,0,0,0,0,0,0,-32302,0,0,0,0,0,91339,0
91169,1234,8092,-310,-53,145,215,-2769,0,5,1,0,36512,140,32,65,0,0,0,0,0,0,0,0,-32302,0,0,0,0,0,91344,0
91174,1198,8082,-298,-52,116,218,-2769,1,-1,2,0,36512,140,32,65,0,0,0,0,0,0,0,0,-32303,0,0,0,0,0,91349,0
91179,1186,8096,-270,-49,91,212,-2769,-7,-4,1,0,36516,136,32,65,0,0,0,0,0,0,0,0,-32302,0,0,0,0,0,91354,0
91184,1202,8058,-256,-52,45,216,-2768,4,2,0,0,36516,136,32,65,0,0,0,0,0,0,0,0,-32302,0,0,0,0,0,91359,0
91189,1188,8054,-220,-56,31,209,-2768,2,-1,2,0,36516,137,32,65,0,0,0,0,0,0,0,0,-32302,0,0,0,0,0,91364,0
91194,1194,8080,-238,-55,4,213,-2768,5,4,2,0,36516,137,32,65,0,0,0,0,0,0,0,0,-32302,0,0,0,0,0,91369,0
91199,1216,8082,-240,-56,-16,213,-2768,-4,-4,3,0,36516,136,32,65,0,0,0,0,0,0,0,0,-32302,0,0,0,0,0,91374,0
91204,1264,8086,-254,-58,-52,210,-2768,-2,1,1,0,36516,136,32,65,0,0,0,0,0,0,0,0,-32302,0,0,0,0,0,91379,0
91209,1292,8082,-232,-61,-64,207,-2768,-2,2,1,0,36511,123,32,65,0,0,0,0,0,0,0,0,-32302,0,0,0,0,0,91384,0
91214,1314,8060,-208,-56,-78,202,-2768,-3,-3,2,0,36511,123,32,65,0,0,0,0,0,0,0,0,-32302,0,0,0,0,0,91389,0
91219,1376,8058,-198,-58,-87,202,-2767,0,-4,3,0,36510,130,32,65,0,0,0,0,0,0,0,0,-32302,0,0,0,0,0,91394,0
91224,1478,8012,-164,-50,-89,201,-2768,0,0,3,0,36510,130,32,65,0,0,0,0,0,0,0,0,-32302,0,0,0,0,0,91399,0
91229,1572,7996,-168,-51,-86,191,-2768,-3,0,3,0,36510,137,32,65,0,0,0,0,0,0,0,0,-32302,0,0,0,0,0,91404,0
91234,1650,7986,-158,-45,-79,189,-2769,-1,-3,3,0,36510,137,32,65,0,0,0,0,0,0,0,0,-32302,0,0,0,0,0,91409,0
91239,1722,8008,-146,-40,-63,188,-2769,-6,0,2,0,36509,139,32,65,0,0,0,0,0,0,0,0,-32302,0,0,0,0,0,91414,0
91244,1820,8016,-132,-34,-27,174,-2767,3,-2,2,0,36509,139,32,65,0,0,0,0,0,0,0,0,-32302,0,0,0,0,0,91419,0
91249,1834,8034,-128,-28,-3,163,-2768,1,4,2,0,36509,138,32,65,0,0,0,0,0,0,0,0,-32302,0,0,0,0,0,91424,0
91254,1838,8046,-110,-25,19,158,-2768,1,2,2,0,36509,138,32,65,0,0,0,0,0,0,0,0,-32302,0,0,0,0,0,91429,0
91259,1832,8052,-126,-15,42,149,-2768,0,-3,2,0,36511,147,32,65,0,0,0,0,0,0,0,0,-32302,0,0,0,0,0,91434,0
91264,1806,8100,-136,-11,94,140,-2768,-2,0,2,0,36511,147,32,65,0,0,0,0,0,0,0,0,-32302,0,0,0,0,0,91439,0
91269,1794,8100,-148,-7,113,130,-2768,-1,1,2,0,36514,142,32,65,0,0,0,0,0,0,0,0,-32303,0,0,0,0,0,91444,0
91274,1808,8106,-138,-2,140,126,-2767,1,-2,1,0,36514,142,32,65,0,0,0,0,0,0,0,0,-32302,0,0,0,0,0,91449,0
91279,1812,8108,-166,2,165,123,-2768,2,2,2,0,36514,131,32,65,0,0,0,0,0,0,0,0,-32302,0,0,0,0,0,91454,0
91284,1852,8044,-146,15,224,109,-2768,1,0,2,0,36514,131,32,65,0,0,0,0,0,0,0,0,-32302,0,0,0,0,0,91459,0
91289,1886,8012,-176,16,257,102,-2768,0,-4,1,0,36517,120,32,65,0,0,0,0,0,0,0,0,-32302,0,0,0,0,0,91464,0
91294,1930,7972,-182,19,295,95,-2769,-7,-1,2,0,36517,120,32,65,0,0,0,0,0,0,0,0,-32303,0,0,0,0,0,91469,0
91299,1990,7936,-184,27,332,90,-2767,2,1,4,0,36517,127,32,65,0,0,0,0,0,0,0,0,-32302,0,0,0,0,0,91474,0
91304,2006,7846,-238,32,415,81,-2768,6,0,2,0,36517,127,32,65,0,0,0,0,0,0,0,0,-32302,0,0,0,0,0,91479,0
91309,1986,7828,-252,31,451,79,-2769,-9,1,2,0,36515,133,32,65,0,0,0,0,0,0,0,0,-32303,0,0,0,0,0,91484,0
91314,1948,7808,-274,34,482,67,-2768,1,-3,1,0,36515,133,32,65,0,0,0,0,0,0,0,0,-32302,0,0,0,0,0,91489,0
91319,1914,7794,-296,38,509,66,-2768,0,2,2,0,36511,139,32,65,0,0,0,0,0,0,0,0,-32302,0,0,0,0,0,91494,0
91324,1896,7816,-288,33,562,56,-2767,1,-2,1,0,36511,139,32,65,0,0,0,0,0,0,0,0,-32302,0,0,0,0,0,91499,0
91329,1856,7838,-314,38,582,48,-2768,3,-4,2,0,36511,137,32,65,0,0,0,0,0,0,0,0,-32302,0,0,0,0,0,91504,0
91334,1842,7844,-320,38,603,45,-2768,-2,1,3,0,36511,137,32,65,0,0,0,0,0,0,0,0,-32302,0,0,0,0,0,91509,0
91339,1826,7858,-330,33,615,37,-2768,9,1,2,0,36512,142,32,65,0,0,0,0,0,0,0,0,-32302,0,0,0,0,0,91514,0
91344,1798,7982,-360,28,642,22,-2768,-1,0,1,0,36512,142,32,65,0,0,0,0,0,0,0,0,-32302,0,0,0,0,0,91519,0
91349,1798,7988,-354,30,653,15,-2767,1,0,3,0,36510,140,32,65,0,0,0,0,0,0,0,0,-32302,0,0,0,0,0,91524,0
91354,1768,7996,-342,23,657,13,-2768,3,-2,4,0,36510,140,32,65,0,0,0,0,0,0,0,0,-32302,0,0,0,0,0,91529,0
91359,1742,8038,-332,21,667,3,-2768,4,2,1,0,36509,138,32,65,0,0,0,0,0,0,0,0,-32302,0,0,0,0,0,91534,0
91364,1634,8070,-316,19,667,-13,-2769,-2,-5,2,0,36509,138,32,65,0,0,0,0,0,0,0,0,-32302,0,0,0,0,0,91539,0
91369,1644,8092,-320,11,674,-17,-2769,-4,2,3,0,36509,133,32,65,0,0,0,0,0,0,0,0,-32302,0,0,0,0,0,91544,0
91374,1648,8104,-330,8,665,-27,-2769,1,3,3,0,36509,133,32,65,0,0,0,0,0,0,0,0,-32302,0,0,0,0,0,91549,0
91379,1658,8104,-310,-1,657,-36,-2769,-6,0,3,0,36511,129,32,65,0,0,0,0,0,0,0,0,-32302,0,0,0,0,0,91554,0
91384,1658,8088,-306,-5,636,-52,-2769,-6,1,2,0,36511,129,32,65,0,0,0,0,0,0,0,0,-32302,0,0,0,0,0,91559,0
91389,1646,8068,-282,-9,626,-58,-2768,-4,3,3,0,36517,138,32,65,0,0,0,0,0,0,0,0,-32302,0,0,0,0,0,91564,0
91394,1632,8018,-286,-12,604,-67,-2768,0,3,3,0,36517,138,32,65,0,0,0,0,0,0,0,0,-32302,0,0,0,0,0,91569,0
91399,1632,8012,-268,-19,594,-75,-2767,2,0,3,0,36527,151,32,65,0,0,0,0,0,0,0,0,-32302,0,0,0,0,0,91574,0
91404,1666,7948,-210,-18,574,-92,-2768,1,2,2,0,36527,151,32,65,0,0,0,0,0,0,0,0,-32302,0,0,0,0,0,91579,0
91409,1662,7952,-182,-24,569,-99,-2768,-1,-1,3,0,36533,153,32,65,0,0,0,0,0,0,0,0,-32302,0,0,0,0,0,91584,0
91414,1694,7942,-200,-19,567,-106,-2768,0,0,2,0,36533,153,32,65,0,0,0,0,0,0,0,0,-32302,0,0,0,0,0,91589,0
91419,1726,7940,-176,-22,569,-115,-2769,0,1,1,0,36532,147,32,65,0,0,0,0,0,0,0,0,-32302,0,0,0,0,0,91594,0
91424,1770,7914,-158,-20,583,-128,-2768,4,1,0,0,36532,147,32,65,0,0,0,0,0,0,0,0,-32302,0,0,0,0,0,91599,0
91429,1788,7926,-134,-26,595,-131,-2769,0,-2,1,0,36519,130,32,65,0,0,0,0,0,0,0,0,-32302,0,0,0,0,0,91604,0
91434,1808,7910,-106,-18,607,-140,-2767,1,4,2,0,36519,130,32,65,0,0,0,0,0,0,0,0,-32302,0,0,0,0,0,91609,0
91439,1796,7946,-128,-15,618,-145,-2768,2,3,2,0,36512,130,32,65,0,0,0,0,0,0,0,0,-32302,0,0,0,0,0,91614,0
91444,1758,7944,-90,-14,652,-162,-2768,-1,-3,2,0,36512,130,32,65,0,0,0,0,0,0,0,0,-32302,0,0,0,0,0,91619,0
91449,1726,7936,-54,-10,667,-171,-2767,2,2,1,0,36512,139,32,65,0,0,0,0,0,0,0,0,-32302,0,0,0,0,0,91624,0
91454,1716,7924,-72,-14,676,-172,-2767,6,3,3,0,36512,139,32,65,0,0,0,0,0,0,0,0,-32302,0,0,0,0,0,91629,0
91459,1712,7946,-36,-10,686,-181,-2769,-1,-4,3,0,36512,145,32,65,0,0,0,0,0,0,0,0,-32303,0,0,0,0,0,91634,0
91464,1634,7932,-62,-7,704,-189,-2768,-1,2,3,0,36512,145,32,65,0,0,0,0,0,0,0,0,-32302,0,0,0,0,0,91639,0
91469,1614,7936,-58,-1,709,-196,-2768,4,0,2,0,36511,145,32,65,0,0,0,0,0,0,0,0,-32302,0,0,0,0,0,91644,0
91474,1554,7938,-20,0,710,-203,-2769,-3,-2,2,0,36511,145,32,65,0,0,0,0,0,0,0,0,-32302,0,0,0,0,0,91649,0
91479,1538,7916,-22,5,702,-207,-2769,-7,-1,4,0,36512,153,32,65,0,0,0,0,0,0,0,0,-32302,0,0,0,0,0,91654,0
91484,1516,7960,-36,3,699,-219,-2768,6,2,2,0,36512,153,32,65,0,0,0,0,0,0,0,0,-32302,0,0,0,0,0,91659,0
91489,1494,7964,-8,5,687,-221,-2769,-3,-1,2,0,36514,150,32,65,0,0,0,0,0,0,0,0,-32302,0,0,0,0,0,91664,0
91494,1498,7964,-40,9,683,-231,-2767,8,0,1,0,36514,150,32,65,0,0,0,0,0,0,0,0,-32302,0,0,0,0,0,91669,0
91499,1492,7960,-10,11,676,-231,-2768,0,2,2,0,36514,144,32,65,0,0,0,0,0,0,0,0,-32302,0,0,0,0,0,91674,0
91504,1456,8028,-10,12,658,-241,-2768,-3,1,3,0,36514,144,32,65,0,0,0,0,0,0,0,0,-32302,0,0,0,0,0,91680,0
91509,1428,8016,2,10,651,-246,-2767,5,2,2,0,36512,132,32,65,0,0,0,0,0,0,0,0,-32302,0,0,0,0,0,91685,0
91514,1398,8008,-6,18,641,-252,-2768,-3,1,3,0,36512,132,32,65,0,0,0,0,0,0,0,0,-32302,0,0,0,0,0,91690,0
91519,1338,8014,2,17,635,-252,-2768,0,1,3,0,36510,130,32,65,0,0,0,0,0,0,0,0,-32302,0,0,0,0,0,91695,0
91524,1344,8046,36,21,613,-255,-2768,1,-3,3,0,36510,130,32,65,0,0,0,0,0,0,0,0,-32302,0,0,0,0,0,91700,0
91529,1296,8010,0,20,601,-265,-2768,6,1,2,0,36510,127,32,65,0,0,0,0,0,0,0,0,-32302,0,0,0,0,0,91705,0
91534,1296,8026,34,24,592,-265,-2767,4,2,1,0,36510,127,32,65,0,0,0,0,0,0,0,0,-32302,0,0,0,0,0,91710,0
91539,1294,8012,40,30,580,-272,-2768,1,4,2,0,36508,129,32,65,0,0,0,0,0,0,0,0,-32302,0,0,0,0,0,91715,0
91544,1310,8002,68,29,554,-274,-2768,0,-2,1,0,36508,129,32,65,0,0,0,0,0,0,0,0,-32301,0,0,0,0,0,91720,0
91549,1352,8022,82,28,547,-285,-2768,1,1,3,0,36508,132,32,65,0,0,0,0,0,0,0,0,-32302,0,0,0,0,0,91725,0
91554,1340,8016,80,37,533,-284,-2769,-2,-2,3,0,36508,132,32,65,0,0,0,0,0,0,0,0,-32302,0,0,0,0,0,91730,0
91559,1352,8004,72,39,521,-286,-2769,-6,-2,1,0,36509,136,32,65,0,0,0,0,0,0,0,0,-32302,0,0,0,0,0,91735,0
91564,1384,8060,72,41,511,-291,-2768,2,0,3,0,36509,136,32,65,0,0,0,0,0,0,0,0,-32302,0,0,0,0,0,91740,0
91569,1380,8026,68,45,498,-306,-2768,1,0,2,0,36510,136,32,65,0,0,0,0,0,0,0,0,-32302,0,0,0,0,0,91745,0
91574,1396,8020,102,49,493,-308,-2768,5,0,2,0,36510,136,32,65,0,0,0,0,0,0,0,0,-32302,0,0,0,0,0,91750,0
91579,1408,8028,108,51,486,-317,-2768,0,1,2,0,36511,129,32,65,0,0,0,0,0,0,0,0,-32302,0,0,0,0,0,91755,0
91584,1400,8016,80,57,482,-321,-2767,6,7,2,0,36511,129,32,65,0,0,0,0,0,0,0,0,-32302,0,0,0,0,0,91760,0
91589,1366,7998,88,54,471,-334,-2769,-9,-4,1,0,36512,133,32,65,0,0,0,0,0,0,0,0,-32302,0,0,0,0,0,91765,0
91594,1370,8048,76,59,469,-334,-2768,0,-1,1,0,36512,133,32,65,0,0,0,0,0,0,0,0,-32302,0,0,0,0,0,91770,0
91599,1346,8050,54,53,459,-340,-2768,0,-2,2,0,36513,134,32,65,0,0,0,0,0,0,0,0,-32302,0,0,0,0,0,91775,0
91604,1326,8058,48,62,444,-352,-2767,7,5,3,0,36513,134,32,65,0,0,0,0,0,0,0,0,-32302,0,0,0,0,0,91780,0
91609,1352,8062,26,64,443,-357,-2769,4,-2,2,0,36515,136,32,65,0,0,0,0,0,0,0,0,-32302,0,0,0,0,0,91785,0
91614,1340,8066,36,63,440,-358,-2768,-2,4,1,0,36515,136,32,65,0,0,0,0,0,0,0,0,-32301,0,0,0,0,0,91790,0
91619,1328,8086,28,64,436,-370,-2768,-1,7,3,0,36515,138,32,65,0,0,0,0,0,0,0,0,-32302,0,0,0,0,0,91795,0
91624,1332,8106,-14,70,425,-376,-2768,0,-4,2,0,36515,138,32,65,0,0,0,0,0,0,0,0,-32302,0,0,0,0,0,91800,0
91629,1348,8102,-26,68,423,-390,-2768,2,-2,2,0,36514,139,32,65,0,0,0,0,0,0,0,0,-32302,0,0,0,0,0,91805,0
91634,1352,8084,4,75,415,-400,-2769,-5,-1,2,0,36514,139,32,65,0,0,0,0,0,0,0,0,-32302,0,0,0,0,0,91810,0
91639,1374,8094,14,68,413,-401,-2769,-7,-4,2,0,36510,142,32,65,0,0,0,0,0,0,0,0,-32301,0,0,0,0,0,91815,0
91644,1382,8062,-16,66,409,-413,-2768,-6,1,1,0,36510,142,32,65,0,0,0,0,0,0,0,0,-32302,0,0,0,0,0,91820,0
91649,1344,8090,-28,67,414,-422,-2767,5,1,1,0,36508,148,32,65,0,0,0,0,0,0,0,0,-32302,0,0,0,0,0,91825,0
91654,1358,8044,-26,64,418,-424,-2766,8,3,1,0,36508,148,32,65,0,0,0,0,0,0,0,0,-32302,0,0,0,0,0,91830,0
91659,1322,8058,-14,70,427,-430,-2767,3,-1,0,0,36508,148,32,65,0,0,0,0,0,0,0,0,-32302,0,0,0,0,0,91835,0
91664,1290,8016,-24,59,442,-436,-2767,-3,6,1,0,36508,148,32,65,0,0,0,0,0,0,0,0,-32302,0,0,0,0,0,91840,0
91669,1276,7980,-72,67,449,-441,-2766,1,5,0,0,36508,147,32,65,0,0,0,0,0,0,0,0,-32302,0,0,0,0,0,91845,0
91674,1252,7964,-96,61,474,-441,-2767,1,0,0,0,36508,147,32,65,0,0,0,0,0,0,0,0,-32302,0,0,0,0,0,91850,0
91679,1180,7956,-84,62,491,-436,-2767,-3,-1,0,0,36508,140,32,65,0,0,0,0,0,0,0,0,-32302,0,0,0,0,0,91855,0
91684,1076,7950,-110,61,534,-436,-2767,-1,2,0,0,36508,140,32,65,0,0,0,0,0,0,0,0,-32302,0,0,0,0,0,91860,0
91689,1010,7980,-100,63,544,-429,-2766,-3,-1,0,0,36508,128,32,65,0,0,0,0,0,0,0,0,-32302,0,0,0,0,0,91865,0
91694,972,7978,-102,57,563,-421,-2766,2,4,0,0,36508,128,32,65,0,0,0,0,0,0,0,0,-32302,0,0,0,0,0,91870,0
91699,930,7996,-80,53,578,-420,-2767,-4,-1,1,0,36506,134,32,65,0,0,0,0,0,0,0,0,-32302,0,0,0,0,0,91875,0
91704,844,8026,-56,53,603,-403,-2766,5,-1,2,0,36506,134,32,65,0,0,0,0,0,0,0,0,-32302,0,0,0,0,0,91880,0
91709,844,8042,-66,53,617,-397,-2766,2,0,3,0,36511,148,32,65,0,0,0,0,0,0,0,0,-32302,0,0,0,0,0,91885,0
91714,794,8062,-54,51,626,-389,-2766,2,4,2,0,36511,148,32,65,0,0,0,0,0,0,0,0,-32302,0,0,0,0,0,91890,0
91719,822,8066,-70,48,641,-384,-2767,-3,-1,3,0,36514,142,32,65,0,0,0,0,0,0,0,0,-32302,0,0,0,0,0,91895,0
91724,816,8072,-58,47,650,-373,-2767,0,-1,3,0,36514,142,32,65,0,0,0,0,0,0,0,0,-32302,0,0,0,0,0,91900,0
91729,806,8094,-50,46,657,-370,-2766,-8,-1,2,0,36516,138,32,65,0,0,0,0,0,0,0,0,-32302,0,0,0,0,0,91905,0
91734,810,8120,-52,40,659,-365,-2766,-3,4,3,0,36516,138,32,65,0,0,0,0,0,0,0,0,-32302,0,0,0,0,0,91910,0
91739,816,8110,-42,47,657,-362,-2766,7,-3,2,0,36513,131,32,65,0,0,0,0,0,0,0,0,-32302,0,0,0,0,0,91915,0
91744,798,8142,-46,35,663,-351,-2766,-4,-1,2,0,36513,131,32,65,0,0,0,0,0,0,0,0,-32302,0,0,0,0,0,91920,0
91749,886,8174,-20,37,664,-351,-2766,4,2,3,0,36513,138,32,65,0,0,0,0,0,0,0,0,-32302,0,0,0,0,0,91925,0
91754,854,8166,-18,34,663,-352,-2766,3,1,3,0,36513,138,32,65,0,0,0,0,0,0,0,0,-32302,0,0,0,0,0,91930,0
91759,918,8218,-26,32,659,-358,-2766,4,0,2,0,36510,137,32,65,0,0,0,0,0,0,0,0,-32302,0,0,0,0,0,91935,0
91764,858,8188,-8,30,652,-356,-2767,-5,-1,3,0,36510,137,32,65,0,0,0,0,0,0,0,0,-32302,0,0,0,0,0,91940,0
91769,900,8178,16,32,657,-355,-2765,5,4,2,0,36510,142,32,65,0,0,0,0,0,0,0,0,-32302,0,0,0,0,0,91945,0
91774,844,8172,50,36,651,-360,-2766,3,-5,3,0,36510,142,32,65,0,0,0,0,0,0,0,0,-32302,0,0,0,0,0,91950,0
91779,864,8166,68,33,638,-364,-2766,-1,0,2,0,36510,141,32,65,0,0,0,0,0,0,0,0,-32302,0,0,0,0,0,91955,0
91784,882,8116,92,36,608,-366,-2766,1,0,2,0,36510,141,32,65,0,0,0,0,0,0,0,0,-32302,0,0,0,0,0,91960,0
91789,868,8070,138,37,594,-369,-2767,2,-1,2,0,36510,145,32,65,0,0,0,0,0,0,0,0,-32302,0,0,0,0,0,91965,0
91794,866,8088,148,39,574,-378,-2766,0,2,2,0,36510,145,32,65,0,0,0,0,0,0,0,0,-32302,0,0,0,0,0,91970,0
91799,942,8078,132,37,550,-392,-2768,-5,-2,3,0,36510,140,32,65,0,0,0,0,0,0,0,0,-32302,0,0,0,0,0,91975,0
91804,1060,8098,84,39,495,-403,-2766,0,4,3,0,36510,140,32,65,0,0,0,0,0,0,0,0,-32302,0,0,0,0,0,91980,0
91809,962,8030,78,40,477,-412,-2766,1,1,4,0,36511,139,32,65,0,0,0,0,0,0,0,0,-32302,0,0,0,0,0,91985,0
91814,824,8044,78,41,451,-414,-2766,4,3,5,0,36511,139,32,65,0,0,0,0,0,0,0,0,-32302,0,0,0,0,0,91990,0
91819,708,8072,92,40,425,-413,-2766,2,-1,4,0,36513,145,32,65,0,0,0,0,0,0,0,0,-32302,0,0,0,0,0,91995,0
91824,550,8096,152,38,382,-424,-2768,0,0,2,0,36513,145,32,65,0,0,0,0,0,0,0,0,-32302,0,0,0,0,0,92000,0
91829,484,8090,154,45,357,-421,-2766,-3,0,2,0,36511,141,32,65,0,0,0,0,0,0,0,0,-32302,0,0,0,0,0,92005,0
91834,470,8116,160,45,323,-420,-2766,-1,2,3,0,36511,141,32,65,0,0,0,0,0,0,0,0,-32302,0,0,0,0,0,92010,0
91839,450,8126,142,47,293,-422,-2767,3,-1,3,0,36511,139,32,65,0,0,0,0,0,0,0,0,-32302,0,0,0,0,0,92015,0
91844,442,8172,108,52,215,-423,-2767,-1,-2,1,0,36511,139,32,65,0,0,0,0,0,0,0,0,-32302,0,0,0,0,0,92020,0
91849,504,8156,134,46,175,-428,-2767,0,4,1,0,36507,136,32,65,0,0,0,0,0,0,0,0,-32302,0,0,0,0,0,92025,0
91854,546,8150,146,47,128,-434,-2767,-3,0,1,0,36507,136,32,65,0,0,0,0,0,0,0,0,-32302,0,0,0,0,0,92030,0
91859,594,8184,160,46,96,-432,-2768,0,-2,2,0,36507,131,32,65,0,0,0,0,0,0,0,0,-32302,0,0,0,0,0,92035,0
91864,568,8170,160,45,17,-441,-2767,1,-4,4,0,36507,131,32,65,0,0,0,0,0,0,0,0,-32302,0,0,0,0,0,92040,0
91869,568,8138,176,55,-18,-446,-2767,4,0,2,0,36507,127,32,65,0,0,0,0,0,0,0,0,-32302,0,0,0,0,0,92045,0
91874,552,8098,198,50,-46,-442,-2767,0,-3,1,0,36507,127,32,65,0,0,0,0,0,0,0,0,-32302,0,0,0,0,0,92050,0
91879,572,8064,168,57,-70,-450,-2767,0,-1,1,0,36508,128,32,65,0,0,0,0,0,0,0,0,-32302,0,0,0,0,0,92055,0
91884,652,8056,208,64,-99,-456,-2766,1,1,2,0,36508,128,32,65,0,0,0,0,0,0,0,0,-32302,0,0,0,0,0,92060,0
91889,658,8042,244,63,-114,-451,-2767,-3,-2,2,0,36509,138,32,65,0,0,0,0,0,0,0,0,-32302,0,0,0,0,0,92065,0
91894,720,7994,244,65,-114,-459,-2767,-1,-2,0,0,36509,138,32,65,0,0,0,0,0,0,0,0,-32302,0,0,0,0,0,92070,0
91899,764,7996,228,74,-121,-462,-2766,-1,2,2,0,36509,142,32,65,0,0,0,0,0,0,0,0,-32302,0,0,0,0,0,92075,0
91904,794,7944,172,81,-101,-460,-2767,0,-2,2,0,36509,142,32,65,0,0,0,0,0,0,0,0,-32302,0,0,0,0,0,92080,0
91909,766,7934,172,81,-98,-461,-2767,1,-1,3,0,36508,139,32,65,0,0,0,0,0,0,0,0,-32302,0,0,0,0,0,92085,0
91914,704,7918,180,83,-76,-458,-2766,2,3,3,0,36508,139,32,65,0,0,0,0,0,0,0,0,-32302,0,0,0,0,0,92090,0
91919,672,7900,190,86,-69,-464,-2767,4,1,6,0,36513,137,32,65,0,0,0,0,0,0,0,0,-32302,0,0,0,0,0,92095,0
91924,668,7926,168,88,-39,-450,-2766,-3,-4,3,0,36513,137,32,65,0,0,0,0,0,0,0,0,-32302,0,0,0,0,0,92100,0
91929,672,7974,126,92,-24,-456,-2766,6,2,2,0,36514,140,32,65,0,0,0,0,0,0,0,0,-32302,0,0,0,0,0,92105,0
91934,660,8030,112,95,-13,-451,-2768,-3,-2,2,0,36514,140,32,65,0,0,0,0,0,0,0,0,-32302,0,0,0,0,0,92110,0
91939,632,8038,72,92,-6,-458,-2766,-2,-3,2,0,36515,139,32,65,0,0,0,0,0,0,0,0,-32302,0,0,0,0,0,92115,0
91944,622,8070,102,94,20,-456,-2767,-1,-6,2,0,36515,139,32,65,0,0,0,0,0,0,0,0,-32302,0,0,0,0,0,92120,0
91949,626,8084,50,97,17,-454,-2767,-3,5,2,0,36511,136,32,65,0,0,0,0,0,0,0,0,-32302,0,0,0,0,0,92125,0
91954,590,8142,28,96,25,-459,-2767,-2,-2,3,0,36511,136,32,65,0,0,0,0,0,0,0,0,-32302,0,0,0,0,0,92130,0
91959,540,8200,28,93,21,-459,-2766,0,0,2,0,36512,144,32,65,0,0,0,0,0,0,0,0,-32302,0,0,0,0,0,92135,0
91964,542,8248,-30,81,4,-468,-2767,3,3,4,0,36512,144,32,65,0,0,0,0,0,0,0,0,-32302,0,0,0,0,0,92140,0
91969,568,8250,-52,77,1,-472,-2767,-3,-1,3,0,36513,141,32,65,0,0,0,0,0,0,0,0,-32302,0,0,0,0,0,92145,0
91974,592,8264,-88,78,-10,-474,-2766,1,-4,2,0,36513,141,32,65,0,0,0,0,0,0,0,0,-32302,0,0,0,0,0,92150,0
91979,598,8282,-62,79,-17,-480,-2767,-1,0,2,0,36511,143,32,65,0,0,0,0,0,0,0,0,-32302,0,0,0,0,0,92155,0
91984,532,8314,-66,70,-34,-488,-2767,-2,4,3,0,36511,143,32,65,0,0,0,0,0,0,0,0,-32302,0,0,0,0,0,92160,0
91989,508,8296,-52,65,-47,-496,-2767,0,-2,2,0,36509,143,32,65,0,0,0,0,0,0,0,0,-32302,0,0,0,0,0,92165,0
91994,508,8266,-72,65,-56,-499,-2767,0,-2,2,0,36509,143,32,65,0,0,0,0,0,0,0,0,-32302,0,0,0,0,0,92170,0
91999,506,8244,-60,53,-69,-502,-2766,-4,2,3,0,36508,147,32,65,0,0,0,0,0,0,0,0,-32301,0,0,0,0,0,92175,0
92004,558,8184,-108,49,-100,-520,-2767,0,1,4,0,36508,147,32,65,0,0,0,0,0,0,0,0,-32302,0,0,0,0,0,92180,0
92009,598,8176,-110,43,-109,-525,-2766,9,4,2,0,36509,148,32,65,0,0,0,0,0,0,0,0,-32302,0,0,0,0,0,92185,0
92014,590,8210,-72,39,-127,-528,-2766,5,2,1,0,36509,148,32,65,0,0,0,0,0,0,0,0,-32302,0,0,0,0,0,92190,0
92019,598,8224,-114,36,-134,-539,-2767,6,1,4,0,36511,142,32,65,0,0,0,0,0,0,0,0,-32302,0,0,0,0,0,92195,0
92024,674,8158,-38,31,-155,-560,-2766,3,1,1,0,36511,142,32,65,0,0,0,0,0,0,0,0,-32302,0,0,0,0,0,92200,0
92029,700,8110,-54,24,-165,-564,-2767,-3,1,3,0,36514,135,32,65,0,0,0,0,0,0,0,0,-32302,0,0,0,0,0,92205,0
92034,670,8074,-50,24,-162,-573,-2767,0,2,3,0,36514,135,32,65,0,0,0,0,0,0,0,0,-32302,0,0,0,0,0,92210,0
92039,756,8106,-36,15,-174,-588,-2766,1,-1,2,0,36514,137,32,65,0,0,0,0,0,0,0,0,-32302,0,0,0,0,0,92215,0
92044,692,8150,-8,14,-170,-602,-2767,1,0,1,0,36514,137,32,65,0,0,0,0,0,0,0,0,-32302,0,0,0,0,0,92220,0
92049,590,8132,-18,13,-166,-609,-2765,8,2,1,0,36515,133,32,65,0,0,0,0,0,0,0,0,-32302,0,0,0,0,0,92225,0
92054,616,8150,14,13,-165,-616,-2764,10,2,-1,0,36515,133,32,65,0,0,0,0,0,0,0,0,-32302,0,0,0,0,0,92230,0
92059,640,8122,0,8,-158,-625,-2764,7,2,-3,0,36508,134,32,65,0,0,0,0,0,0,0,0,-32302,0,0,0,0,0,92235,0
92064,580,8198,-44,0,-158,-643,-2765,3,-1,-3,0,36508,134,32,65,0,0,0,0,0,0,0,0,-32302,0,0,0,0,0,92240,0
92069,440,8288,-96,-2,-154,-640,-2763,7,-1,-7,0,36509,135,32,65,0,0,0,0,0,0,0,0,-32302,0,0,0,0,0,92245,0
92074,334,8298,-102,-10,-150,-643,-2762,5,1,-14,0,36509,135,32,65,0,0,0,0,0,0,0,0,-32302,0,0,0,0,0,92250,0
92079,142,8328,-102,-10,-151,-644,-2756,18,7,-25,0,36510,132,32,65,0,0,0,0,0,0,0,0,-32301,0,0,0,0,0,92255,0
92084,-230,8388,-94,-18,-154,-630,-2751,27,12,-39,0,36510,132,32,65,0,0,0,0,0,0,0,0,-32302,0,0,0,0,0,92260,0
92089,-336,8324,-108,-26,-162,-627,-2743,45,24,-59,0,36511,126,32,65,0,0,0,0,0,0,0,0,-32302,0,0,0,0,0,92265,0
92094,-460,8302,-156,-31,-172,-609,-2731,64,33,-92,0,36511,126,32,65,0,0,0,0,0,0,0,0,-32302,0,0,0,0,0,92270,0
92099,-470,8312,-116,-40,-180,-602,-2705,119,58,-162,0,36512,130,32,65,0,0,0,0,0,0,0,0,-32302,0,0,0,0,0,92275,0
92104,-214,8224,-106,-43,-208,-594,-2671,151,97,-235,0,36512,130,32,65,0,0,0,0,0,0,0,0,-32302,0,0,0,0,0,92280,0
92109,-26,8180,-90,-51,-221,-592,-2632,179,120,-259,0,36512,130,32,65,0,0,0,0,0,0,0,0,-32302,0,0,0,0,0,92285,0
92114,126,8140,-84,-59,-228,-593,-2588,190,120,-277,0,36512,130,32,65,0,0,0,0,0,0,0,0,-32301,0,0,0,0,0,92290,0
92119,280,8128,-76,-65,-239,-595,-2544,187,95,-272,0,36512,140,32,65,0,0,0,0,0,0,0,0,-32302,0,0,0,0,0,92295,0
92124,390,8166,-92,-77,-245,-602,-2501,190,53,-258,0,36512,140,32,65,0,0,0,0,0,0,0,0,-32302,0,0,0,0,0,92300,0
92129,372,8128,-42,-76,-239,-608,-2457,189,22,-270,0,36515,136,32,65,0,0,0,0,0,0,0,0,-32302,0,0,0,0,0,92305,0
92134,398,8162,-46,-79,-228,-608,-2412,207,7,-295,0,36515,136,32,65,0,0,0,0,0,0,0,0,-32302,0,0,0,0,0,92310,0
92139,216,8210,-36,-88,-209,-612,-2367,208,7,-298,0,36516,138,32,65,0,0,0,0,0,0,0,0,-32302,0,0,0,0,0,92315,0
92144,138,8180,-36,-91,-166,-610,-2316,225,23,-319,0,36516,138,32,65,0,0,0,0,0,0,0,0,-32302,0,0,0,0,0,92320,0
92149,134,8176,-20,-96,-149,-608,-2256,262,41,-367,0,36518,144,32,65,0,0,0,0,0,0,0,0,-32302,0,0,0,0,0,92325,0
92154,148,8178,10,-101,-120,-606,-2190,291,70,-423,0,36518,144,32,65,0,0,0,0,0,0,0,0,-32302,0,0,0,0,0,92330,0
92159,112,8138,20,-105,-98,-612,-2118,319,92,-477,0,36513,142,32,65,0,0,0,0,0,0,0,0,-32302,0,0,0,0,0,92335,0
92164,8,7958,2,-106,-39,-603,-2041,328,98,-498,0,36513,142,32,65,0,0,0,0,0,0,0,0,-32302,0,0,0,0,0,92340,0
92169,24,7946,90,-115,-11,-598,-1961,350,90,-533,0,36512,130,32,65,0,0,0,0,0,0,0,0,-32302,0,0,0,0,0,92345,0
92174,46,7908,70,-116,14,-588,-1880,356,67,-552,0,36512,130,32,65,0,0,0,0,0,0,0,0,-32303,0,0,0,0,0,92350,0
92179,-30,7816,16,-120,48,-586,-1795,378,51,-564,0,36515,125,32,65,0,0,0,0,0,0,0,0,-32303,0,0,0,0,0,92355,0
92184,80,7920,58,-123,111,-581,-1707,392,43,-591,0,36515,125,32,65,0,0,0,0,0,0,0,0,-32302,0,0,0,0,0,92360,0
92189,134,7982,106,-130,149,-568,-1615,404,51,-638,0,36519,120,32,65,0,0,0,0,0,0,0,0,-32302,0,0,0,0,0,92365,0
92194,54,7986,76,-130,186,-572,-1522,410,46,-654,0,36519,120,32,65,0,0,0,0,0,0,0,0,-32302,0,0,0,0,0,92370,0
92199,62,7970,80,-133,220,-561,-1430,411,41,-669,0,36522,124,32,65,0,0,0,0,0,0,0,0,-32302,0,0,0,0,0,92375,0
92204,4,7992,92,-136,300,-554,-1335,419,29,-696,0,36522,124,32,65,0,0,0,0,0,0,0,0,-32302,0,0,0,0,0,92380,0
92209,40,8022,110,-142,347,-545,-1236,437,22,-732,0,36517,115,32,65,0,0,0,0,0,0,0,0,-32302,0,0,0,0,0,92385,0
92214,86,8012,156,-140,388,-547,-1136,440,28,-770,0,36517,115,32,65,0,0,0,0,0,0,0,0,-32302,0,0,0,0,0,92390,0
92219,12,8062,116,-139,430,-540,-1036,440,30,-748,0,36516,108,32,65,0,0,0,0,0,0,0,0,-32301,0,0,0,0,0,92395,0
92224,-26,8034,160,-142,502,-531,-935,448,27,-749,0,36516,108,32,65,0,0,0,0,0,0,0,0,-32302,0,0,0,0,0,92400,0
92229,-22,8034,164,-146,533,-530,-831,458,21,-782,0,36517,108,32,65,0,0,0,0,0,0,0,0,-32302,0,0,0,0,0,92405,0
92234,-44,8048,136,-150,555,-528,-724,465,24,-819,0,36517,108,32,65,0,0,0,0,0,0,0,0,-32302,0,0,0,0,0,92410,0
92239,-30,8052,144,-145,578,-528,-620,459,21,-826,0,36522,113,32,65,0,0,0,0,0,0,0,0,-32302,0,0,0,0,0,92415,0
92244,-58,8108,198,-145,629,-526,-516,459,15,-812,0,36522,113,32,65,0,0,0,0,0,0,0,0,-32302,0,0,0,0,0,92420,0
92249,-18,8110,214,-141,651,-527,-410,469,5,-840,0,36521,116,32,65,0,0,0,0,0,0,0,0,-32302,0,0,0,0,0,92425,0
92254,30,8130,254,-144,673,-530,-299,482,6,-859,0,36521,116,32,65,0,0,0,0,0,0,0,0,-32302,0,0,0,0,0,92430,0
92259,60,8144,266,-144,703,-529,-191,482,16,-862,0,36521,115,32,65,0,0,0,0,0,0,0,0,-32302,0,0,0,0,0,92435,0
92264,16,8100,314,-134,757,-536,-82,486,22,-871,0,36521,115,32,65,0,0,0,0,0,0,0,0,-32302,0,0,0,0,0,92440,0
92269,12,8130,388,-134,782,-535,30,503,18,-903,0,36518,124,32,65,0,0,0,0,0,0,0,0,-32302,0,0,0,0,0,92445,0
92274,-94,8066,380,-130,804,-541,143,502,16,-943,0,36518,124,32,65,0,0,0,0,0,0,0,0,-32303,0,0,0,0,0,92450,0
92279,-82,8076,364,-127,826,-542,258,502,19,-967,0,36519,123,32,65,0,0,0,0,0,0,0,0,-32302,0,0,0,0,0,92455,0
92284,-162,8124,392,-119,861,-541,371,498,14,-957,0,36519,123,32,65,0,0,0,0,0,0,0,0,-32302,0,0,0,0,0,92460,0
92289,-130,8164,390,-113,881,-547,484,502,8,-953,0,36518,130,32,65,0,0,0,0,0,0,0,0,-32302,0,0,0,0,0,92465,0
92294,-158,8078,390,-106,894,-550,600,509,2,-968,0,36518,130,32,65,0,0,0,0,0,0,0,0,-32302,0,0,0,0,0,92470,0
92299,-134,8064,432,-102,905,-555,719,520,11,-1001,0,36520,124,32,65,0,0,0,0,0,0,0,0,-32302,0,0,0,0,0,92475,0
92304,-144,8044,472,-88,919,-559,837,520,22,-1018,0,36520,124,32,65,0,0,0,0,0,0,0,0,-32302,0,0,0,0,0,92480,0
92309,-172,8048,504,-88,914,-566,956,532,24,-1053,0,36520,128,32,65,0,0,0,0,0,0,0,0,-32302,0,0,0,0,0,92485,0
92314,-220,8048,516,-67,917,-576,1079,537,21,-1108,0,36520,128,32,65,0,0,0,0,0,0,0,0,-32303,0,0,0,0,0,92490,0
92319,-110,8086,490,-73,918,-579,1202,542,25,-1138,0,36520,119,32,65,0,0,0,0,0,0,0,0,-32302,0,0,0,0,0,92495,0
92324,-288,8124,462,-58,916,-597,1327,553,22,-1136,0,36520,119,32,65,0,0,0,0,0,0,0,0,-32301,0,0,0,0,0,92500,0
92329,-374,8176,508,-51,917,-600,1454,564,24,-1177,0,36519,114,32,65,0,0,0,0,0,0,0,0,-32302,0,0,0,0,0,92505,0
92334,-582,8490,558,-53,914,-624,1583,570,25,-1245,0,36519,114,32,65,0,0,0,0,0,0,0,0,-32302,0,0,0,0,0,92510,0
92339,-1028,8756,804,-55,870,-618,1713,570,28,-1269,0,36523,111,32,65,0,0,0,0,0,0,0,0,-32303,0,0,0,0,0,92515,0
92344,-1046,8472,114,-44,774,-615,1845,577,25,-1303,0,36523,111,32,65,0,0,0,0,0,0,0,0,-32303,0,0,0,0,0,92520,0
92349,-1330,8798,248,-44,723,-625,1978,582,23,-1350,0,36524,101,32,65,0,0,0,0,0,0,0,0,-32301,0,0,0,0,0,92525,0
92354,-1632,8794,382,-50,644,-627,2112,588,20,-1346,0,36524,101,32,65,0,0,0,0,0,0,0,0,-32302,0,0,0,0,0,92530,0
92359,-1574,8608,398,-47,550,-615,2246,585,10,-1331,0,36525,91,32,65,0,0,0,0,0,0,0,0,-32302,0,0,0,0,0,92535,0
92364,-1314,8182,30,-25,388,-606,2378,584,12,-1327,0,36525,91,32,65,0,0,0,0,0,0,0,0,-32302,0,0,0,0,0,92540,0
92369,-1202,8070,190,-19,316,-605,2509,573,0,-1293,0,36522,94,32,65,0,0,0,0,0,0,0,0,-32302,0,0,0,0,0,92545,0
92374,-1148,8052,356,-14,248,-596,2635,550,-17,-1229,0,36522,94,32,65,0,0,0,0,0,0,0,0,-32302,0,0,0,0,0,92550,0
92379,-1178,7988,478,-5,193,-601,2758,538,-38,-1169,0,36522,105,32,65,0,0,0,0,0,0,0,0,-32302,0,0,0,0,0,92555,0
92384,-1048,7902,504,8,107,-590,2882,547,-41,-1128,0,36522,105,32,65,0,0,0,0,0,0,0,0,-32301,0,0,0,0,0,92560,0
92389,-1004,7888,460,12,89,-586,3005,547,-31,-1121,0,36521,104,32,65,0,0,0,0,0,0,0,0,-32302,0,0,0,0,0,92565,0
92394,-1084,7952,468,19,77,-576,3127,534,-14,-1113,0,36521,104,32,65,0,0,0,0,0,0,0,0,-32302,0,0,0,0,0,92570,0
92399,-1174,7980,524,23,58,-564,3251,543,-7,-1118,0,36520,106,32,65,0,0,0,0,0,0,0,0,-32302,0,0,0,0,0,92575,0
92404,-1362,7932,522,42,31,-535,3373,539,0,-1138,0,36520,106,32,65,0,0,0,0,0,0,0,0,-32303,0,0,0,0,0,92580,0
92409,-1350,7940,502,53,22,-521,3495,527,0,-1115,0,36522,107,32,65,0,0,0,0,0,0,0,0,-32303,0,0,0,0,0,92585,0
92414,-1442,7882,452,56,12,-504,3614,520,-14,-1055,0,36522,107,32,65,0,0,0,0,0,0,0,0,-32301,0,0,0,0,0,92590,0
92419,-1498,7918,454,61,-7,-491,3732,522,-13,-1019,0,36524,113,32,65,0,0,0,0,0,0,0,0,-32302,0,0,0,0,0,92595,0
92424,-1492,7896,370,73,-46,-453,3826,508,-23,-997,0,36524,113,32,65,0,0,0,0,0,0,0,0,-32303,0,0,0,0,0,92600,0
92429,-1550,7878,430,75,-59,-429,3938,486,-29,-933,0,36524,105,32,65,0,0,0,0,0,0,0,0,-32303,0,0,0,0,0,92605,0
92434,-1572,7868,456,87,-74,-408,4048,481,-33,-871,0,36524,105,32,65,0,0,0,0,0,0,0,0,-32302,0,0,0,0,0,92610,0
92439,-1644,7864,466,94,-75,-391,4153,471,-47,-822,0,36529,102,32,65,0,0,0,0,0,0,0,0,-32302,0,0,0,0,0,92615,0
92444,-1610,7850,454,104,-91,-350,4258,466,-47,-805,0,36529,102,32,65,0,0,0,0,0,0,0,0,-32302,0,0,0,0,0,92620,0
92449,-1530,7864,448,105,-98,-320,4356,432,-43,-743,0,36527,104,32,65,0,0,0,0,0,0,0,0,-32302,0,0,0,0,0,92625,0
92454,-1500,7888,414,108,-91,-298,4450,406,-45,-669,0,36527,104,32,65,0,0,0,0,0,0,0,0,-32302,0,0,0,0,0,92630,0
92459,-1446,7888,400,112,-86,-283,4541,401,-55,-622,0,36524,116,32,65,0,0,0,0,0,0,0,0,-32302,0,0,0,0,0,92635,0
92464,-1458,7874,420,113,-72,-239,4629,385,-62,-598,0,36524,116,32,65,0,0,0,0,0,0,0,0,-32302,0,0,0,0,0,92640,0
92469,-1426,7838,424,115,-61,-216,4712,370,-63,-558,0,36515,121,32,65,0,0,0,0,0,0,0,0,-32303,0,0,0,0,0,92645,0
92474,-1454,7872,418,119,-47,-197,4789,333,-61,-514,0,36515,121,32,65,0,0,0,0,0,0,0,0,-32302,0,0,0,0,0,92650,0
92479,-1494,7876,370,120,-29,-177,4858,296,-75,-465,0,36516,130,32,65,0,0,0,0,0,0,0,0,-32303,0,0,0,0,0,92655,0
92484,-1486,7934,326,113,-10,-128,4918,258,-103,-396,0,36516,130,32,65,0,0,0,0,0,0,0,0,-32302,0,0,0,0,0,92660,0
92489,-1500,7912,322,120,1,-109,4973,243,-108,-346,0,36516,138,32,65,0,0,0,0,0,0,0,0,-32302,0,0,0,0,0,92665,0
92494,-1408,7972,358,120,11,-88,5019,205,-113,-312,0,36516,138,32,65,0,0,0,0,0,0,0,0,-32302,0,0,0,0,0,92670,0
92499,-1354,7914,358,124,21,-72,5060,173,-106,-265,0,36515,138,32,65,0,0,0,0,0,0,0,0,-32302,0,0,0,0,0,92675,0
92504,-1302,7962,410,120,44,-31,5091,139,-104,-223,0,36515,138,32,65,0,0,0,0,0,0,0,0,-32302,0,0,0,0,0,92681,0
92509,-1362,7928,420,128,50,-16,5117,114,-107,-193,0,36512,138,32,65,0,0,0,0,0,0,0,0,-32302,0,0,0,0,0,92686,0
92514,-1348,7926,420,126,57,2,5129,47,-125,-109,0,36512,138,32,65,0,0,0,0,0,0,0,0,-32302,0,0,0,0,0,92691,0
92519,-1426,7954,402,131,66,24,5135,23,-128,-46,0,36512,128,32,65,0,0,0,0,0,0,0,0,-32302,0,0,0,0,0,92696,0
92524,-1398,7946,374,137,58,54,5137,14,-123,-23,0,36512,128,32,65,0,0,0,0,0,0,0,0,-32302,0,0,0,0,0,92701,0
92529,-1382,7962,374,141,58,76,5141,14,-97,-14,0,36513,128,32,65,0,0,0,0,0,0,0,0,-32302,0,0,0,0,0,92706,0
92534,-1356,7966,364,142,48,84,5142,2,-54,-5,0,36513,128,32,65,0,0,0,0,0,0,0,0,-32302,0,0,0,0,0,92711,0
92539,-1328,7960,354,149,37,99,5143,9,-24,0,0,36515,132,32,65,0,0,0,0,0,0,0,0,-32302,0,0,0,0,0,92716,0
92544,-1284,7956,336,156,17,122,5142,3,-17,2,0,36515,132,32,65,0,0,0,0,0,0,0,0,-32302,0,0,0,0,0,92721,0
92549,-1226,7972,352,159,1,130,5142,5,-10,3,0,36515,137,32,65,0,0,0,0,0,0,0,0,-32302,0,0,0,0,0,92726,0
92554,-1198,7966,348,170,-4,140,5141,-5,-6,3,0,36515,137,32,65,0,0,0,0,0,0,0,0,-32302,0,0,0,0,0,92731,0
92559,-1160,8004,344,168,-14,148,5140,-7,-2,6,0,36513,139,32,65,0,0,0,0,0,0,0,0,-32302,0,0,0,0,0,92736,0
92564,-1022,8036,292,173,-23,161,5141,-3,-2,10,0,36513,139,32,65,0,0,0,0,0,0,0,0,-32302,0,0,0,0,0,92741,0
92569,-932,8048,290,176,-29,161,5139,-7,-5,15,0,36516,133,32,65,0,0,0,0,0,0,0,0,-32302,0,0,0,0,0,92746,0
92574,-868,8016,280,175,-32,168,5136,-11,-8,24,0,36516,133,32,65,0,0,0,0,0,0,0,0,-32302,0,0,0,0,0,92751,0
92579,-770,8052,262,183,-34,163,5133,-23,-10,33,0,36511,125,32,65,0,0,0,0,0,0,0,0,-32302,0,0,0,0,0,92756,0
92584,-500,8118,278,178,-30,154,5127,-33,-16,58,0,36511,125,32,65,0,0,0,0,0,0,0,0,-32302,0,0,0,0,0,92761,0
92589,-384,8158,278,178,-37,140,5111,-72,-45,106,0,36513,124,32,65,0,0,0,0,0,0,0,0,-32302,0,0,0,0,0,92766,0
92594,-294,8226,266,180,-31,132,5089,-97,-72,152,0,36513,124,32,65,0,0,0,0,0,0,0,0,-32302,0,0,0,0,0,92771,0
92599,-196,8278,262,178,-27,110,5067,-94,-79,152,0,36513,133,32,65,0,0,0,0,0,0,0,0,-32302,0,0,0,0,0,92776,0
92604,-258,8298,302,176,-15,87,5038,-137,-79,189,0,36513,133,32,65,0,0,0,0,0,0,0,0,-32302,0,0,0,0,0,92781,0
92609,-308,8300,274,178,-16,80,4998,-179,-86,255,0,36512,124,32,65,0,0,0,0,0,0,0,0,-32302,0,0,0,0,0,92786,0
92614,-410,8328,316,175,-15,70,4951,-208,-100,296,0,36512,124,32,65,0,0,0,0,0,0,0,0,-32302,0,0,0,0,0,92791,0
92619,-408,8288,274,181,-10,62,4904,-211,-101,303,0,36514,123,32,65,0,0,0,0,0,0,0,0,-32302,0,0,0,0,0,92796,0
92624,-564,8190,236,192,-15,54,4851,-234,-92,316,0,36514,123,32,65,0,0,0,0,0,0,0,0,-32302,0,0,0,0,0,92801,0
92629,-724,8126,276,185,-11,42,4792,-263,-73,354,0,36515,130,32,65,0,0,0,0,0,0,0,0,-32302,0,0,0,0,0,92806,0
92634,-774,8118,290,188,-14,48,4731,-265,-66,388,0,36515,130,32,65,0,0,0,0,0,0,0,0,-32302,0,0,0,0,0,92811,0
92639,-756,8024,298,195,-21,44,4670,-258,-51,405,0,36515,132,32,65,0,0,0,0,0,0,0,0,-32302,0,0,0,0,0,92816,0
92644,-868,7960,352,192,-19,40,4612,-255,-26,375,0,36515,132,32,65,0,0,0,0,0,0,0,0,-32302,0,0,0,0,0,92821,0
92649,-840,8062,316,195,-6,42,4553,-256,0,358,0,36523,135,32,65,0,0,0,0,0,0,0,0,-32302,0,0,0,0,0,92826,0
92654,-834,7968,294,197,-8,44,4494,-264,12,374,0,36523,135,32,65,0,0,0,0,0,0,0,0,-32302,0,0,0,0,0,92831,0
92659,-904,7980,290,196,-2,42,4430,-275,-9,417,0,36523,125,32,65,0,0,0,0,0,0,0,0,-32302,0,0,0,0,0,92836,0
92664,-966,8010,252,201,2,52,4362,-308,-37,449,0,36523,125,32,65,0,0,0,0,0,0,0,0,-32302,0,0,0,0,0,92841,0
92669,-910,8056,306,200,2,59,4286,-336,-60,484,0,36522,121,32,65,0,0,0,0,0,0,0,0,-32302,0,0,0,0,0,92846,0
92674,-964,7990,248,210,11,60,4206,-361,-77,518,0,36522,121,32,65,0,0,0,0,0,0,0,0,-32302,0,0,0,0,0,92851,0
92679,-1026,8026,282,204,18,65,4124,-351,-79,535,0,36528,118,32,65,0,0,0,0,0,0,0,0,-32302,0,0,0,0,0,92856,0
92684,-1026,7986,222,211,21,76,4038,-387,-72,559,0,36528,118,32,65,0,0,0,0,0,0,0,0,-32302,0,0,0,0,0,92861,0
92689,-1124,7988,206,210,24,89,3944,-413,-61,658,0,36534,119,32,65,0,0,0,0,0,0,0,0,-32301,0,0,0,0,0,92866,0
92694,-1116,8006,240,209,26,95,3843,-443,-77,753,0,36534,119,32,65,0,0,0,0,0,0,0,0,-32302,0,0,0,0,0,92871,0
92699,-1052,8014,224,214,29,105,3738,-463,-89,814,0,36540,126,32,65,0,0,0,0,0,0,0,0,-32302,0,0,0,0,0,92876,0
92704,-964,8060,172,215,31,119,3628,-481,-90,866,0,36540,126,32,65,0,0,0,0,0,0,0,0,-32303,0,0,0,0,0,92881,0
92709,-864,8084,146,216,40,124,3512,-508,-82,966,0,36534,122,32,65,0,0,0,0,0,0,0,0,-32302,0,0,0,0,0,92886,0
92714,-860,8106,150,211,36,125,3393,-524,-71,1046,0,36534,122,32,65,0,0,0,0,0,0,0,0,-32302,0,0,0,0,0,92891,0
92719,-776,8128,138,208,36,124,3269,-545,-67,1083,0,36524,118,32,65,0,0,0,0,0,0,0,0,-32301,0,0,0,0,0,92896,0
92724,-680,8156,118,215,32,122,3142,-559,-66,1162,0,36524,118,32,65,0,0,0,0,0,0,0,0,-32302,0,0,0,0,0,92901,0
92729,-632,8192,84,207,25,119,3013,-568,-58,1244,0,36517,113,32,65,0,0,0,0,0,0,0,0,-32302,0,0,0,0,0,92906,0
92734,-604,8206,74,210,18,112,2881,-586,-44,1288,0,36517,113,32,65,0,0,0,0,0,0,0,0,-32302,0,0,0,0,0,92911,0
92739,-582,8216,68,209,13,112,2747,-591,-43,1375,0,36519,108,32,65,0,0,0,0,0,0,0,0,-32303,0,0,0,0,0,92916,0
92744,-606,8184,62,201,-5,96,2607,-608,-47,1425,0,36519,108,32,65,0,0,0,0,0,0,0,0,-32302,0,0,0,0,0,92921,0
92749,-644,8182,84,203,-3,97,2466,-618,-44,1450,0,36522,112,32,65,0,0,0,0,0,0,0,0,-32302,0,0,0,0,0,92926,0
92754,-674,8200,44,200,-12,96,2322,-629,-46,1564,0,36522,112,32,65,0,0,0,0,0,0,0,0,-32301,0,0,0,0,0,92931,0
92759,-648,8234,46,199,-15,92,2177,-636,-36,1576,0,36526,112,32,65,0,0,0,0,0,0,0,0,-32302,0,0,0,0,0,92936,0
92764,-550,8184,-28,192,-22,87,2033,-631,-27,1595,0,36526,112,32,65,0,0,0,0,0,0,0,0,-32303,0,0,0,0,0,92941,0
92769,-534,8240,-36,192,-25,78,1883,-654,-29,1668,0,36527,111,32,65,0,0,0,0,0,0,0,0,-32303,0,0,0,0,0,92946,0
92774,-524,8292,4,184,-18,75,1737,-645,-13,1624,0,36527,111,32,65,0,0,0,0,0,0,0,0,-32301,0,0,0,0,0,92951,0
92779,-500,8266,-32,185,-24,69,1586,-669,-20,1677,0,36528,109,32,65,0,0,0,0,0,0,0,0,-32302,0,0,0,0,0,92956,0
92784,-574,8264,-54,174,-11,56,1435,-667,-20,1733,0,36528,109,32,65,0,0,0,0,0,0,0,0,-32302,0,0,0,0,0,92961,0
92789,-592,8222,-66,163,-12,55,1284,-664,-23,1693,0,36525,112,32,65,0,0,0,0,0,0,0,0,-32302,0,0,0,0,0,92966,0
92794,-626,8232,-62,150,-5,63,1132,-676,-18,1768,0,36525,112,32,65,0,0,0,0,0,0,0,0,-32303,0,0,0,0,0,92971,0
92799,-690,8254,-120,153,-4,55,978,-675,-19,1751,0,36525,110,32,65,0,0,0,0,0,0,0,0,-32301,0,0,0,0,0,92976,0
92804,-786,8176,-100,139,-1,55,827,-676,-9,1723,0,36525,110,32,65,0,0,0,0,0,0,0,0,-32302,0,0,0,0,0,92981,0
92809,-806,8094,-110,129,-1,59,675,-669,-1,1748,0,36525,107,32,65,0,0,0,0,0,0,0,0,-32302,0,0,0,0,0,92986,0
92814,-864,8132,-132,125,-10,57,524,-657,5,1681,0,36525,107,32,65,0,0,0,0,0,0,0,0,-32302,0,0,0,0,0,92991,0
92819,-890,8148,-106,120,-11,66,374,-658,14,1693,0,36524,106,32,65,0,0,0,0,0,0,0,0,-32303,0,0,0,0,0,92996,0
92824,-922,8082,-78,105,-11,70,222,-667,8,1676,0,36524,106,32,65,0,0,0,0,0,0,0,0,-32302,0,0,0,0,0,93001,0
92829,-1004,8058,-118,101,-20,74,70,-674,1,1694,0,36524,103,32,65,0,0,0,0,0,0,0,0,-32302,0,0,0,0,0,93006,0
92834,-1074,8040,-60,98,-25,82,-83,-680,-7,1762,0,36524,103,32,65,0,0,0,0,0,0,0,0,-32302,0,0,0,0,0,93011,0
92839,-1102,7986,-46,95,-24,92,-237,-679,-19,1757,0,36521,94,32,65,0,0,0,0,0,0,0,0,-32303,0,0,0,0,0,93016,0
92844,-1156,8034,-8,86,-35,113,-393,-691,-14,1830,0,36521,94,32,65,0,0,0,0,0,0,0,0,-32303,0,0,0,0,0,93021,0
92849,-1106,8020,-4,89,-37,118,-550,-686,-19,1818,0,36522,92,32,65,0,0,0,0,0,0,0,0,-32302,0,0,0,0,0,93026,0
92854,-1020,8058,6,81,-33,131,-708,-686,-17,1820,0,36522,92,32,65,0,0,0,0,0,0,0,0,-32301,0,0,0,0,0,93031,0
92859,-1042,8088,6,76,-42,135,-868,-698,-22,1923,0,36523,91,32,65,0,0,0,0,0,0,0,0,-32301,0,0,0,0,0,93036,0
92864,-938,8050,58,83,-46,152,-1027,-699,-9,1894,0,36523,91,32,65,0,0,0,0,0,0,0,0,-32303,0,0,0,0,0,93041,0
92869,-964,8070,74,72,-46,164,-1190,-714,-14,1985,0,36526,95,32,65,0,0,0,0,0,0,0,0,-32303,0,0,0,0,0,93046,0
92874,-126,7788,132,87,-70,59,-1352,-701,-20,1978,0,36526,95,32,65,0,0,0,0,0,0,0,0,-32303,0,0,0,0,0,93051,0
92879,1746,8024,202,76,-74,59,-1502,-657,10,1759,0,36527,96,32,65,0,0,0,0,0,0,0,0,-32302,0,0,0,0,0,93056,0
92884,310,8904,58,72,-53,-12,-1639,-598,71,1503,0,36527,96,32,65,0,0,0,0,0,0,0,0,-32302,0,0,0,0,0,93061,0
92889,372,8844,160,67,-42,-25,-1757,-511,147,1138,0,36529,100,32,65,0,0,0,0,0,0,0,0,-32302,0,0,0,0,0,93066,0
92894,298,8604,214,69,-24,-47,-1861,-456,206,868,0,36529,100,32,65,0,0,0,0,0,0,0,0,-32302,0,0,0,0,0,93071,0
92899,-4,8444,200,68,-31,-52,-1951,-390,232,697,0,36526,104,32,65,0,0,0,0,0,0,0,0,-32303,0,0,0,0,0,93076,0
92904,-1074,8148,292,78,-40,-58,-2031,-347,217,548,0,36526,104,32,65,0,0,0,0,0,0,0,0,-32302,0,0,0,0,0,93081,0
92909,-1164,7928,324,84,-50,-57,-2095,-275,207,439,0,36522,109,32,65,0,0,0,0,0,0,0,0,-32302,0,0,0,0,0,93086,0
92914,-1082,7792,318,90,-66,-59,-2146,-223,202,335,0,36522,109,32,65,0,0,0,0,0,0,0,0,-32302,0,0,0,0,0,93091,0
92919,-964,7740,346,100,-87,-59,-2190,-183,192,272,0,36516,120,32,65,0,0,0,0,0,0,0,0,-32302,0,0,0,0,0,93096,0
92924,-696,7932,390,115,-82,-63,-2222,-131,196,210,0,36516,120,32,65,0,0,0,0,0,0,0,0,-32302,0,0,0,0,0,93101,0
92929,-522,8020,444,122,-77,-73,-2249,-120,169,176,0,36512,127,32,65,0,0,0,0,0,0,0,0,-32302,0,0,0,0,0,93106,0
92934,-426,8120,398,128,-70,-73,-2267,-82,130,150,0,36512,127,32,65,0,0,0,0,0,0,0,0,-32302,0,0,0,0,0,93111,0
92939,-396,8218,396,134,-61,-79,-2280,-47,112,98,0,36510,132,32,65,0,0,0,0,0,0,0,0,-32302,0,0,0,0,0,93116,0
92944,-586,8290,330,137,-55,-79,-2295,-67,80,98,0,36510,132,32,65,0,0,0,0,0,0,0,0,-32303,0,0,0,0,0,93121,0
92949,-640,8238,306,148,-55,-80,-2310,-71,32,122,0,36510,140,32,65,0,0,0,0,0,0,0,0,-32302,0,0,0,0,0,93126,0
92954,-656,8198,276,153,-58,-81,-2322,-50,30,91,0,36510,140,32,65,0,0,0,0,0,0,0,0,-32302,0,0,0,0,0,93131,0
92959,-728,8086,260,161,-59,-88,-2323,-3,33,29,0,36509,139,32,65,0,0,0,0,0,0,0,0,-32302,0,0,0,0,0,93136,0
92964,-784,8034,242,172,-55,-85,-2322,1,50,-1,0,36509,139,32,65,0,0,0,0,0,0,0,0,-32302,0,0,0,0,0,93141,0
92969,-790,8068,198,171,-54,-79,-2322,3,64,-3,0,36513,142,32,65,0,0,0,0,0,0,0,0,-32302,0,0,0,0,0,93146,0
92974,-788,8072,170,170,-45,-75,-2323,0,52,-3,0,36513,142,32,65,0,0,0,0,0,0,0,0,-32302,0,0,0,0,0,93151,0
92979,-798,8110,154,174,-33,-70,-2322,0,17,-3,0,36512,141,32,65,0,0,0,0,0,0,0,0,-32302,0,0,0,0,0,93156,0
92984,-836,8118,66,167,-21,-67,-2322,-1,-3,-3,0,36512,141,32,65,0,0,0,0,0,0,0,0,-32302,0,0,0,0,0,93161,0
92989,-844,8096,78,163,-12,-58,-2323,-1,4,-2,0,36512,140,32,65,0,0,0,0,0,0,0,0,-32303,0,0,0,0,0,93166,0
92994,-866,8114,58,160,-9,-57,-2324,-5,2,0,0,36512,140,32,65,0,0,0,0,0,0,0,0,-32302,0,0,0,0,0,93171,0
92999,-864,8114,36,154,-1,-53,-2324,-9,-3,-1,0,36509,137,32,65,0,0,0,0,0,0,0,0,-32302,0,0,0,0,0,93176,0
93004,-872,8138,-4,149,14,-42,-2324,-2,-1,0,0,36509,137,32,65,0,0,0,0,0,0,0,0,-32302,0,0,0,0,0,93181,0
93009,-878,8130,-56,153,16,-42,-2324,-10,-3,2,0,36509,128,32,65,0,0,0,0,0,0,0,0,-32302,0,0,0,0,0,93186,0
93014,-896,8102,-72,141,20,-36,-2324,0,-4,3,0,36509,128,32,65,0,0,0,0,0,0,0,0,-32302,0,0,0,0,0,93191,0
93019,-896,8118,-112,138,24,-29,-2326,-4,-4,4,0,36509,121,32,65,0,0,0,0,0,0,0,0,-32302,0,0,0,0,0,93196,0
93024,-940,8068,-136,126,21,-19,-2328,-13,-2,6,0,36509,121,32,65,0,0,0,0,0,0,0,0,-32302,0,0,0,0,0,93201,0
93029,-966,8066,-158,116,17,-13,-2330,-12,-4,8,0,36508,115,32,65,0,0,0,0,0,0,0,0,-32302,0,0,0,0,0,93206,0
93034,-944,8092,-172,113,16,-15,-2331,-6,-5,13,0,36508,115,32,65,0,0,0,0,0,0,0,0,-32302,0,0,0,0,0,93211,0
93039,-920,8102,-216,109,13,-9,-2333,-10,-2,18,0,36509,125,32,65,0,0,0,0,0,0,0,0,-32302,0,0,0,0,0,93216,0
93044,-860,8152,-254,92,18,2,-2338,-22,-5,30,0,36509,125,32,65,0,0,0,0,0,0,0,0,-32303,0,0,0,0,0,93221,0
93049,-810,8170,-304,81,9,-2,-2345,-29,-15,52,0,36510,128,32,65,0,0,0,0,0,0,0,0,-32302,0,0,0,0,0,93226,0
93054,-786,8196,-302,71,9,-6,-2359,-64,-34,95,0,36510,128,32,65,0,0,0,0,0,0,0,0,-32302,0,0,0,0,0,93231,0
93059,-722,8212,-312,67,5,-7,-2380,-90,-59,136,0,36511,133,32,65,0,0,0,0,0,0,0,0,-32302,0,0,0,0,0,93236,0
93064,-586,8308,-354,44,-2,-10,-2395,-61,-58,119,0,36511,133,32,65,0,0,0,0,0,0,0,0,-32302,0,0,0,0,0,93241,0
93069,-548,8292,-372,36,-21,-24,-2404,-40,-32,78,0,36514,126,32,65,0,0,0,0,0,0,0,0,-32302,0,0,0,0,0,93246,0
93074,-516,8330,-344,23,-20,-27,-2413,-34,12,67,0,36514,126,32,65,0,0,0,0,0,0,0,0,-32302,0,0,0,0,0,93251,0
93079,-516,8318,-366,12,-31,-37,-2426,-63,26,91,0,36518,133,32,65,0,0,0,0,0,0,0,0,-32302,0,0,0,0,0,93256,0
93084,-472,8318,-344,-7,-44,-60,-2442,-62,8,110,0,36518,133,32,65,0,0,0,0,0,0,0,0,-32302,0,0,0,0,0,93261,0
93089,-454,8286,-328,-17,-49,-66,-2451,-34,-8,76,0,36516,129,32,65,0,0,0,0,0,0,0,0,-32302,0,0,0,0,0,93266,0
93094,-442,8282,-308,-31,-61,-76,-2451,0,13,21,0,36516,129,32,65,0,0,0,0,0,0,0,0,-32302,0,0,0,0,0,93271,0
93099,-462,8290,-300,-38,-65,-83,-2452,-4,42,0,0,36513,133,32,65,0,0,0,0,0,0,0,0,-32302,0,0,0,0,0,93276,0
93104,-416,8312,-212,-56,-74,-107,-2452,3,63,0,0,36513,133,32,65,0,0,0,0,0,0,0,0,-32302,0,0,0,0,0,93281,0
93109,-378,8328,-198,-62,-70,-112,-2452,-4,42,0,0,36506,142,32,65,0,0,0,0,0,0,0,0,-32302,0,0,0,0,0,93286,0
93114,-408,8306,-146,-66,-70,-128,-2451,-3,12,0,0,36506,142,32,65,0,0,0,0,0,0,0,0,-32302,0,0,0,0,0,93291,0
93119,-398,8302,-72,-73,-70,-135,-2451,5,0,0,0,36508,154,32,65,0,0,0,0,0,0,0,0,-32302,0,0,0,0,0,93296,0
93124,-462,8228,4,-79,-58,-150,-2452,-4,0,0,0,36508,154,32,65,0,0,0,0,0,0,0,0,-32302,0,0,0,0,0,93301,0
93129,-522,8182,60,-75,-61,-159,-2450,-1,-4,0,0,36512,159,32,65,0,0,0,0,0,0,0,0,-32302,0,0,0,0,0,93306,0
93134,-630,8166,124,-81,-48,-161,-2451,-1,-1,0,0,36512,159,32,65,0,0,0,0,0,0,0,0,-32302,0,0,0,0,0,93311,0
93139,-688,8162,188,-85,-40,-165,-2453,5,2,0,0,36513,142,32,65,0,0,0,0,0,0,0,0,-32302,0,0,0,0,0,93316,0
93144,-756,8142,266,-82,-28,-167,-2453,-7,-3,0,0,36513,142,32,65,0,0,0,0,0,0,0,0,-32302,0,0,0,0,0,93321,0
93149,-824,8088,312,-76,-23,-161,-2452,0,-1,0,0,36512,138,32,65,0,0,0,0,0,0,0,0,-32302,0,0,0,0,0,93326,0
93154,-838,8076,344,-67,-13,-160,-2451,4,4,0,0,36512,138,32,65,0,0,0,0,0,0,0,0,-32302,0,0,0,0,0,93331,0
93159,-902,8050,408,-64,-8,-156,-2451,-3,2,0,0,36510,136,32,65,0,0,0,0,0,0,0,0,-32302,0,0,0,0,0,93336,0
93164,-1048,8008,436,-50,0,-139,-2451,1,-4,0,0,36510,136,32,65,0,0,0,0,0,0,0,0,-32302,0,0,0,0,0,93341,0
93169,-1094,7996,474,-45,3,-131,-2452,-7,0,0,0,36510,135,32,65,0,0,0,0,0,0,0,0,-32301,0,0,0,0,0,93346,0
93174,-1158,7960,502,-31,12,-121,-2452,-6,-4,0,0,36510,135,32,65,0,0,0,0,0,0,0,0,-32302,0,0,0,0,0,93351,0
93179,-1188,7924,528,-25,12,-115,-2452,-6,-2,0,0,36514,135,32,65,0,0,0,0,0,0,0,0,-32303,0,0,0,0,0,93356,0
93184,-1250,7824,554,-1,21,-90,-2451,-1,2,0,0,36514,135,32,65,0,0,0,0,0,0,0,0,-32302,0,0,0,0,0,93361,0
93189,-1264,7812,578,3,20,-80,-2452,-2,-1,0,0,36516,137,32,65,0,0,0,0,0,0,0,0,-32302,0,0,0,0,0,93366,0
93194,-1250,7836,554,13,16,-76,-2452,-1,6,1,0,36516,137,32,65,0,0,0,0,0,0,0,0,-32302,0,0,0,0,0,93371,0
93199,-1232,7884,536,23,24,-67,-2452,-1,0,0,0,36517,138,32,65,0,0,0,0,0,0,0,0,-32302,0,0,0,0,0,93376,0
93204,-1074,8014,506,45,19,-51,-2451,-1,2,0,0,36517,138,32,65,0,0,0,0,0,0,0,0,-32302,0,0,0,0,0,93381,0
93209,-1064,8012,486,55,17,-40,-2450,1,0,0,0,36510,139,32,65,0,0,0,0,0,0,0,0,-32302,0,0,0,0,0,93386,0
93214,-990,8048,490,57,10,-30,-2452,2,3,0,0,36510,139,32,65,0,0,0,0,0,0,0,0,-32302,0,0,0,0,0,93391,0
93219,-1004,8028,408,72,9,-35,-2452,-2,2,0,0,36508,140,32,65,0,0,0,0,0,0,0,0,-32302,0,0,0,0,0,93396,0
93224,-926,8080,400,78,1,-20,-2452,0,-2,0,0,36508,140,32,65,0,0,0,0,0,0,0,0,-32302,0,0,0,0,0,93401,0
93229,-1004,7974,354,97,1,-20,-2451,0,3,0,0,36507,133,32,65,0,0,0,0,0,0,0,0,-32302,0,0,0,0,0,93406,0
93234,-1020,7982,334,101,-3,-16,-2451,4,1,0,0,36507,133,32,65,0,0,0,0,0,0,0,0,-32302,0,0,0,0,0,93411,0
93239,-974,8058,368,106,-3,-16,-2451,2,-3,0,0,36508,131,32,65,0,0,0,0,0,0,0,0,-32302,0,0,0,0,0,93416,0
93244,-984,7998,244,110,-9,-4,-2452,0,-4,0,0,36508,131,32,65,0,0,0,0,0,0,0,0,-32302,0,0,0,0,0,93421,0
93249,-980,8076,260,116,-12,-6,-2451,1,1,0,0,36509,130,32,65,0,0,0,0,0,0,0,0,-32302,0,0,0,0,0,93426,0
93254,-948,8090,226,121,-10,-5,-2452,0,-1,0,0,36509,130,32,65,0,0,0,0,0,0,0,0,-32302,0,0,0,0,0,93431,0
93259,-966,8058,140,119,-8,2,-2451,1,0,0,0,36509,137,32,65,0,0,0,0,0,0,0,0,-32302,0,0,0,0,0,93436,0
93264,-940,8116,106,117,-6,5,-2451,-6,-2,-1,0,36509,137,32,65,0,0,0,0,0,0,0,0,-32302,0,0,0,0,0,93441,0
93269,-992,8056,112,121,-14,6,-2451,2,1,0,0,36508,144,32,65,0,0,0,0,0,0,0,0,-32302,0,0,0,0,0,93446,0
93274,-962,8112,90,115,-8,15,-2451,1,-2,0,0,36508,144,32,65,0,0,0,0,0,0,0,0,-32302,0,0,0,0,0,93451,0
93279,-1052,8050,56,115,-7,14,-2451,5,-3,1,0,36509,142,32,65,0,0,0,0,0,0,0,0,-32302,0,0,0,0,0,93456,0
93284,-1090,8070,54,109,-6,26,-2451,0,-1,0,0,36509,142,32,65,0,0,0,0,0,0,0,0,-32302,0,0,0,0,0,93461,0
93289,-1076,8050,-18,103,-11,35,-2451,8,2,0,0,36511,145,32,65,0,0,0,0,0,0,0,0,-32302,0,0,0,0,0,93466,0
93294,-1074,8048,-36,102,-5,47,-2451,9,1,0,0,36511,145,32,65,0,0,0,0,0,0,0,0,-32302,0,0,0,0,0,93471,0
93299,-1084,8086,-64,97,-9,45,-2451,4,-3,-1,0,36513,155,32,65,0,0,0,0,0,0,0,0,-32302,0,0,0,0,0,93476,0
93304,-1072,8106,-124,82,3,60,-2452,0,-3,0,0,36513,155,32,65,0,0,0,0,0,0,0,0,-32302,0,0,0,0,0,93481,0
93309,-1042,8100,-140,80,-5,66,-2452,-7,-1,0,0,36510,150,32,65,0,0,0,0,0,0,0,0,-32302,0,0,0,0,0,93486,0
93314,-1032,8136,-136,68,-10,64,-2451,-1,-3,0,0,36510,150,32,65,0,0,0,0,0,0,0,0,-32302,0,0,0,0,0,93491,0
93319,-1030,8130,-158,60,-8,73,-2452,-5,-5,0,0,36508,145,32,65,0,0,0,0,0,0,0,0,-32302,0,0,0,0,0,93496,0
93324,-992,8128,-178,43,-6,75,-2452,-10,-2,2,0,36508,145,32,65,0,0,0,0,0,0,0,0,-32302,0,0,0,0,0,93501,0
93329,-996,8132,-170,38,-10,85,-2451,6,-4,1,0,36508,134,32,65,0,0,0,0,0,0,0,0,-32302,0,0,0,0,0,93506,0
93334,-996,8102,-176,27,-15,84,-2452,1,4,0,0,36508,134,32,65,0,0,0,0,0,0,0,0,-32302,0,0,0,0,0,93511,0
93339,-938,8134,-154,21,-10,84,-2453,-9,-2,1,0,36509,128,32,65,0,0,0,0,0,0,0,0,-32302,0,0,0,0,0,93516,0
93344,-956,8106,-110,10,-12,91,-2451,-1,-2,2,0,36509,128,32,65,0,0,0,0,0,0,0,0,-32302,0,0,0,0,0,93521,0
93349,-988,8076,-94,7,-18,96,-2453,-6,3,0,0,36510,134,32,65,0,0,0,0,0,0,0,0,-32302,0,0,0,0,0,93526,0
93354,-1010,8058,-34,-5,-23,102,-2452,-6,0,1,0,36510,134,32,65,0,0,0,0,0,0,0,0,-32302,0,0,0,0,0,93531,0
93359,-988,8046,-36,-1,-22,98,-2452,-2,-4,1,0,36510,138,32,65,0,0,0,0,0,0,0,0,-32302,0,0,0,0,0,93536,0
93364,-978,8048,-12,-15,-31,103,-2451,3,4,0,0,36510,138,32,65,0,0,0,0,0,0,0,0,-32302,0,0,0,0,0,93541,0
93369,-920,8076,16,-12,-32,102,-2452,-2,6,0,0,36512,133,32,65,0,0,0,0,0,0,0,0,-32303,0,0,0,0,0,93546,0
93374,-882,8134,28,-17,-36,100,-2452,-3,-2,1,0,36512,133,32,65,0,0,0,0,0,0,0,0,-32302,0,0,0,0,0,93551,0
93379,-860,8112,60,-20,-39,103,-2452,-6,-1,2,0,36519,123,32,65,0,0,0,0,0,0,0,0,-32302,0,0,0,0,0,93556,0
93384,-820,8106,144,-20,-52,99,-2451,-1,1,3,0,36519,123,32,65,0,0,0,0,0,0,0,0,-32302,0,0,0,0,0,93561,0
93389,-816,8088,170,-14,-59,92,-2451,-4,1,0,0,36517,120,32,65,0,0,0,0,0,0,0,0,-32302,0,0,0,0,0,93566,0
93394,-818,8062,220,-12,-56,94,-2451,3,2,0,0,36517,120,32,65,0,0,0,0,0,0,0,0,-32302,0,0,0,0,0,93571,0
93399,-800,8022,258,-10,-63,89,-2452,3,3,0,0,36514,124,32,65,0,0,0,0,0,0,0,0,-32302,0,0,0,0,0,93576,0
93404,-758,8060,322,-7,-61,86,-2452,0,-1,2,0,36514,124,32,65,0,0,0,0,0,0,0,0,-32302,0,0,0,0,0,93581,0
93409,-770,8042,350,-5,-58,84,-2452,-1,3,0,0,36513,134,32,65,0,0,0,0,0,0,0,0,-32302,0,0,0,0,0,93586,0
93414,-654,8130,418,1,-57,77,-2451,-2,-3,0,0,36513,134,32,65,0,0,0,0,0,0,0,0,-32302,0,0,0,0,0,93591,0
93419,-616,8068,390,16,-52,65,-2450,6,0,0,0,36510,134,32,65,0,0,0,0,0,0,0,0,-32302,0,0,0,0,0,93596,0
93424,-566,8142,446,16,-43,58,-2453,-5,2,0,0,36510,134,32,65,0,0,0,0,0,0,0,0,-32302,0,0,0,0,0,93601,0
93429,-570,8088,418,26,-32,50,-2451,2,-1,0,0,36510,137,32,65,0,0,0,0,0,0,0,0,-32303,0,0,0,0,0,93606,0
93434,-510,8122,500,34,-24,49,-2451,0,-2,-1,0,36510,137,32,65,0,0,0,0,0,0,0,0,-32303,0,0,0,0,0,93611,0
93439,-498,8148,468,42,-24,39,-2452,-4,4,1,0,36510,138,32,65,0,0,0,0,0,0,0,0,-32302,0,0,0,0,0,93616,0
93444,-526,8138,492,55,-11,29,-2452,0,-2,1,0,36510,138,32,65,0,0,0,0,0,0,0,0,-32302,0,0,0,0,0,93621,0
93449,-592,8088,494,70,-4,16,-2452,0,-1,0,0,36510,140,32,65,0,0,0,0,0,0,0,0,-32302,0,0,0,0,0,93626,0
93454,-594,8102,482,65,-5,14,-2452,-5,-2,0,0,36510,140,32,65,0,0,0,0,0,0,0,0,-32302,0,0,0,0,0,93631,0
93459,-536,8134,464,72,-2,4,-2451,0,0,0,0,36509,144,32,65,0,0,0,0,0,0,0,0,-32302,0,0,0,0,0,93636,0
93464,-592,8124,422,88,9,-8,-2452,2,-1,-1,0,36509,144,32,65,0,0,0,0,0,0,0,0,-32302,0,0,0,0,0,93641,0
93469,-600,8158,386,102,4,-5,-2452,-1,-3,0,0,36508,141,32,65,0,0,0,0,0,0,0,0,-32302,0,0,0,0,0,93646,0
93474,-618,8146,382,102,8,-14,-2451,1,-1,0,0,36508,141,32,65,0,0,0,0,0,0,0,0,-32302,0,0,0,0,0,93651,0
93479,-658,8140,356,108,12,-20,-2452,-3,2,-1,0,36508,146,32,65,0,0,0,0,0,0,0,0,-32302,0,0,0,0,0,93656,0
93484,-666,8162,266,112,8,-27,-2451,-1,0,-1,0,36508,146,32,65,0,0,0,0,0,0,0,0,-32302,0,0,0,0,0,93661,0
93489,-680,8140,238,113,13,-38,-2452,-4,-4,1,0,36514,156,32,65,0,0,0,0,0,0,0,0,-32302,0,0,0,0,0,93666,0
93494,-722,8116,198,117,20,-38,-2451,-2,-1,0,0,36514,156,32,65,0,0,0,0,0,0,0,0,-32302,0,0,0,0,0,93671,0
93499,-714,8132,180,115,25,-41,-2451,3,0,0,0,36513,147,32,65,0,0,0,0,0,0,0,0,-32302,0,0,0,0,0,93676,0
93504,-728,8156,108,110,21,-49,-2451,5,0,1,0,36513,147,32,65,0,0,0,0,0,0,0,0,-32302,0,0,0,0,0,93682,0
93509,-756,8134,88,107,23,-47,-2450,7,4,0,0,36511,138,32,65,0,0,0,0,0,0,0,0,-32302,0,0,0,0,0,93687,0
93514,-772,8164,62,110,26,-48,-2452,4,3,0,0,36511,138,32,65,0,0,0,0,0,0,0,0,-32302,0,0,0,0,0,93692,0
93519,-778,8162,36,104,28,-56,-2451,0,-1,0,0,36508,134,32,65,0,0,0,0,0,0,0,0,-32302,0,0,0,0,0,93697,0
93524,-836,8150,40,97,28,-49,-2452,0,1,0,0,36508,134,32,65,0,0,0,0,0,0,0,0,-32302,0,0,0,0,0,93702,0
93529,-846,8166,16,95,21,-50,-2451,0,4,0,0,36508,134,32,65,0,0,0,0,0,0,0,0,-32302,0,0,0,0,0,93707,0
93534,-858,8150,44,93,26,-51,-2451,4,1,0,0,36508,134,32,65,0,0,0,0,0,0,0,0,-32302,0,0,0,0,0,93712,0
93539,-882,8144,22,91,20,-51,-2451,3,-1,1,0,36509,130,32,65,0,0,0,0,0,0,0,0,-32302,0,0,0,0,0,93717,0
93544,-932,8116,26,84,16,-42,-2451,2,6,1,0,36509,130,32,65,0,0,0,0,0,0,0,0,-32302,0,0,0,0,0,93722,0
93549,-962,8132,42,84,11,-44,-2452,-5,-2,0,0,36509,132,32,65,0,0,0,0,0,0,0,0,-32302,0,0,0,0,0,93727,0
93554,-988,8116,46,80,12,-38,-2450,3,3,0,0,36509,132,32,65,0,0,0,0,0,0,0,0,-32302,0,0,0,0,0,93732,0
93559,-976,8098,42,80,11,-36,-2452,2,-1,0,0,36512,136,32,65,0,0,0,0,0,0,0,0,-32302,0,0,0,0,0,93737,0
93564,-1060,8080,102,73,5,-30,-2451,0,1,-1,0,36512,136,32,65,0,0,0,0,0,0,0,0,-32302,0,0,0,0,0,93742,0
93569,-1092,8066,46,75,-2,-21,-2451,11,-1,0,0,36511,145,32,65,0,0,0,0,0,0,0,0,-32302,0,0,0,0,0,93747,0
93574,-1114,8014,98,75,0,-16,-2451,4,0,1,0,36511,145,32,65,0,0,0,0,0,0,0,0,-32302,0,0,0,0,0,93752,0
93579,-1092,8072,124,72,-10,-12,-2452,2,1,0,0,36510,149,32,65,0,0,0,0,0,0,0,0,-32302,0,0,0,0,0,93757,0
93584,-1088,8044,134,74,-10,-7,-2452,0,-1,0,0,36510,149,32,65,0,0,0,0,0,0,0,0,-32302,0,0,0,0,0,93762,0
93589,-1040,8084,144,67,-17,4,-2451,3,0,-2,0,36515,146,32,65,0,0,0,0,0,0,0,0,-32302,0,0,0,0,0,93767,0
93594,-1022,8088,124,71,-15,1,-2451,0,1,0,0,36515,146,32,65,0,0,0,0,0,0,0,0,-32302,0,0,0,0,0,93772,0
93599,-978,8064,166,72,-18,13,-2451,2,-2,0,0,36519,149,32,65,0,0,0,0,0,0,0,0,-32302,0,0,0,0,0,93777,0
93604,-976,8090,190,74,-21,20,-2452,0,-5,0,0,36519,149,32,65,0,0,0,0,0,0,0,0,-32302,0,0,0,0,0,93782,0
93609,-948,8062,194,71,-25,20,-2451,5,2,0,0,36521,145,32,65,0,0,0,0,0,0,0,0,-32303,0,0,0,0,0,93787,0
93614,-930,8060,190,77,-26,22,-2451,0,2,1,0,36521,145,32,65,0,0,0,0,0,0,0,0,-32302,0,0,0,0,0,93792,0
93619,-908,8064,212,77,-29,27,-2452,1,0,0,0,36514,147,32,65,0,0,0,0,0,0,0,0,-32302,0,0,0,0,0,93797,0
93624,-946,8062,222,75,-30,25,-2451,-3,2,0,0,36514,147,32,65,0,0,0,0,0,0,0,0,-32302,0,0,0,0,0,93802,0
93629,-934,8076,222,84,-30,32,-2451,7,-2,0,0,36511,142,32,65,0,0,0,0,0,0,0,0,-32302,0,0,0,0,0,93807,0
93634,-934,8084,266,83,-27,35,-2452,-2,-1,0,0,36511,142,32,65,0,0,0,0,0,0,0,0,-32302,0,0,0,0,0,93812,0
93639,-932,8098,236,86,-27,33,-2452,-5,0,0,0,36510,136,32,65,0,0,0,0,0,0,0,0,-32302,0,0,0,0,0,93817,0
93644,-968,8066,266,94,-30,37,-2451,-3,0,1,0,36510,136,32,65,0,0,0,0,0,0,0,0,-32302,0,0,0,0,0,93822,0
93649,-936,8066,284,97,-33,41,-2452,-2,-2,0,0,36508,134,32,65,0,0,0,0,0,0,0,0,-32302,0,0,0,0,0,93827,0
93654,-988,8052,232,96,-33,48,-2451,7,-1,0,0,36508,134,32,65,0,0,0,0,0,0,0,0,-32302,0,0,0,0,0,93832,0
93659,-996,8016,258,101,-27,48,-2451,2,3,0,0,36508,133,32,65,0,0,0,0,0,0,0,0,-32302,0,0,0,0,0,93837,0
93664,-1030,8020,216,104,-37,54,-2451,0,6,0,0,36508,133,32,65,0,0,0,0,0,0,0,0,-32302,0,0,0,0,0,93842,0
93669,-1044,8012,238,109,-32,57,-2453,-3,0,0,0,36506,132,32,65,0,0,0,0,0,0,0,0,-32302,0,0,0,0,0,93847,0
93674,-1034,8042,226,112,-35,61,-2451,0,1,0,0,36506,132,32,65,0,0,0,0,0,0,0,0,-32302,0,0,0,0,0,93852,0
93679,-994,8024,230,106,-30,64,-2451,-3,2,0,0,36507,128,32,65,0,0,0,0,0,0,0,0,-32302,0,0,0,0,0,93857,0
93684,-938,8064,152,111,-30,68,-2453,-6,-4,1,0,36507,128,32,65,0,0,0,0,0,0,0,0,-32302,0,0,0,0,0,93862,0
93689,-914,8066,176,107,-27,77,-2451,0,-1,0,0,36509,132,32,65,0,0,0,0,0,0,0,0,-32302,0,0,0,0,0,93867,0
93694,-890,8100,174,109,-24,74,-2451,0,2,0,0,36509,132,32,65,0,0,0,0,0,0,0,0,-32302,0,0,0,0,0,93872,0
93699,-852,8100,162,111,-15,80,-2451,3,-4,0,0,36514,136,32,65,0,0,0,0,0,0,0,0,-32302,0,0,0,0,0,93877,0
93704,-808,8102,156,107,-8,76,-2452,0,0,0,0,36514,136,32,65,0,0,0,0,0,0,0,0,-32302,0,0,0,0,0,93882,0
93709,-746,8116,142,113,-4,70,-2451,5,-3,0,0,36513,138,32,65,0,0,0,0,0,0,0,0,-32302,0,0,0,0,0,93887,0
93714,-782,8148,134,108,-2,73,-2452,3,-2,0,0,36513,138,32,65,0,0,0,0,0,0,0,0,-32302,0,0,0,0,0,93892,0
93719,-768,8114,124,102,1,72,-2450,4,3,-1,0,36513,140,32,65,0,0,0,0,0,0,0,0,-32302,0,0,0,0,0,93897,0
93724,-806,8110,110,101,11,69,-2451,0,1,-1,0,36513,140,32,65,0,0,0,0,0,0,0,0,-32302,0,0,0,0,0,93902,0
93729,-780,8126,132,106,13,64,-2452,-6,1,0,0,36507,132,32,65,0,0,0,0,0,0,0,0,-32302,0,0,0,0,0,93907,0
93734,-780,8122,148,103,7,61,-2452,0,1,0,0,36507,132,32,65,0,0,0,0,0,0,0,0,-32302,0,0,0,0,0,93912,0
93739,-750,8076,158,100,14,64,-2450,9,-1,0,0,36506,139,32,65,0,0,0,0,0,0,0,0,-32302,0,0,0,0,0,93917,0
93744,-754,8092,172,102,14,54,-2451,10,2,1,0,36506,139,32,65,0,0,0,0,0,0,0,0,-32302,0,0,0,0,0,93922,0
93749,-730,8134,156,103,19,51,-2452,-1,3,0,0,36507,146,32,65,0,0,0,0,0,0,0,0,-32302,0,0,0,0,0,93927,0
93754,-750,8142,164,104,18,46,-2452,-2,2,0,0,36507,146,32,65,0,0,0,0,0,0,0,0,-32302,0,0,0,0,0,93932,0
93759,-740,8158,154,106,16,47,-2452,-5,-2,0,0,36506,146,32,65,0,0,0,0,0,0,0,0,-32301,0,0,0,0,0,93937,0
93764,-742,8148,126,106,16,32,-2451,-4,0,0,0,36506,146,32,65,0,0,0,0,0,0,0,0,-32302,0,0,0,0,0,93942,0
93769,-758,8152,118,110,11,40,-2451,3,-4,0,0,36507,141,32,65,0,0,0,0,0,0,0,0,-32302,0,0,0,0,0,93947,0
93774,-752,8132,114,101,13,29,-2452,-4,0,0,0,36507,141,32,65,0,0,0,0,0,0,0,0,-32303,0,0,0,0,0,93952,0
93779,-810,8114,126,104,11,33,-2451,-1,3,0,0,36508,142,32,65,0,0,0,0,0,0,0,0,-32302,0,0,0,0,0,93957,0
93784,-844,8094,132,108,11,23,-2451,3,-3,0,0,36508,142,32,65,0,0,0,0,0,0,0,0,-32302,0,0,0,0,0,93962,0
93789,-812,8076,150,113,2,28,-2451,-2,-2,0,0,36510,151,32,65,0,0,0,0,0,0,0,0,-32302,0,0,0,0,0,93967,0
93794,-860,8082,142,109,2,24,-2451,-3,2,1,0,36510,151,32,65,0,0,0,0,0,0,0,0,-32302,0,0,0,0,0,93972,0
93799,-820,8122,154,114,3,21,-2452,-3,-3,0,0,36511,145,32,65,0,0,0,0,0,0,0,0,-32302,0,0,0,0,0,93977,0
93804,-806,8102,198,110,-6,18,-2452,-1,1,1,0,36511,145,32,65,0,0,0,0,0,0,0,0,-32302,0,0,0,0,0,93982,0
93809,-824,8098,202,116,-3,22,-2452,-2,-2,0,0,36514,142,32,65,0,0,0,0,0,0,0,0,-32301,0,0,0,0,0,93987,0
93814,-810,8100,208,113,-6,14,-2452,-3,1,0,0,36514,142,32,65,0,0,0,0,0,0,0,0,-32302,0,0,0,0,0,93992,0
93819,-780,8098,214,119,-4,18,-2451,4,0,0,0,36513,141,32,65,0,0,0,0,0,0,0,0,-32302,0,0,0,0,0,93997,0
93824,-806,8080,196,122,-2,14,-2451,2,-3,0,0,36513,141,32,65,0,0,0,0,0,0,0,0,-32303,0,0,0,0,0,94002,0
93829,-844,8110,196,119,-3,17,-2453,-12,-2,1,0,36514,147,32,65,0,0,0,0,0,0,0,0,-32302,0,0,0,0,0,94007,0
93834,-844,8104,230,122,-1,13,-2451,1,1,0,0,36514,147,32,65,0,0,0,0,0,0,0,0,-32303,0,0,0,0,0,94012,0
93839,-832,8130,242,125,-6,16,-2452,-7,-3,0,0,36510,141,32,65,0,0,0,0,0,0,0,0,-32302,0,0,0,0,0,94017,0
93844,-848,8088,216,133,-6,17,-2450,7,2,0,0,36510,141,32,65,0,0,0,0,0,0,0,0,-32302,0,0,0,0,0,94022,0
93849,-858,8082,206,131,-3,13,-2452,0,-5,0,0,36512,137,32,65,0,0,0,0,0,0,0,0,-32302,0,0,0,0,0,94027,0
93854,-854,8088,182,143,-3,13,-2451,-4,4,1,0,36512,137,32,65,0,0,0,0,0,0,0,0,-32302,0,0,0,0,0,94032,0
93859,-882,8088,212,142,-4,11,-2450,2,5,1,0,36512,129,32,65,0,0,0,0,0,0,0,0,-32302,0,0,0,0,0,94037,0
93864,-890,8100,166,141,-8,13,-2452,0,-4,0,0,36512,129,32,65,0,0,0,0,0,0,0,0,-32303,0,0,0,0,0,94042,0
93869,-882,8086,146,144,-3,18,-2452,-12,-4,0,0,36510,128,32,65,0,0,0,0,0,0,0,0,-32302,0,0,0,0,0,94047,0
93874,-888,8094,164,141,-8,17,-2451,-3,-1,1,0,36510,128,32,65,0,0,0,0,0,0,0,0,-32302,0,0,0,0,0,94052,0
93879,-860,8080,140,143,1,14,-2452,4,-1,0,0,36507,124,32,65,0,0,0,0,0,0,0,0,-32302,0,0,0,0,0,94057,0
93884,-880,8084,140,148,4,25,-2451,0,-1,0,0,36507,124,32,65,0,0,0,0,0,0,0,0,-32302,0,0,0,0,0,94062,0
93889,-868,8106,110,149,1,18,-2450,8,5,0,0,36508,128,32,65,0,0,0,0,0,0,0,0,-32302,0,0,0,0,0,94067,0
93894,-850,8114,104,146,7,15,-2451,2,0,0,0,36508,128,32,65,0,0,0,0,0,0,0,0,-32303,0,0,0,0,0,94072,0
93899,-844,8096,82,145,-3,24,-2451,0,1,0,0,36509,129,32,65,0,0,0,0,0,0,0,0,-32302,0,0,0,0,0,94077,0
93904,-850,8100,66,146,-4,18,-2452,-7,-3,-2,0,36509,129,32,65,0,0,0,0,0,0,0,0,-32302,0,0,0,0,0,94082,0
93909,-878,8108,48,141,0,18,-2452,1,-2,-1,0,36513,135,32,65,0,0,0,0,0,0,0,0,-32302,0,0,0,0,0,94087,0
93914,-874,8106,32,142,-3,21,-2453,-7,-5,0,0,36513,135,32,65,0,0,0,0,0,0,0,0,-32302,0,0,0,0,0,94092,0
93919,-906,8106,18,147,3,22,-2452,1,1,0,0,36511,137,32,65,0,0,0,0,0,0,0,0,-32303,0,0,0,0,0,94097,0
93924,-900,8100,36,136,2,25,-2451,3,0,0,0,36511,137,32,65,0,0,0,0,0,0,0,0,-32302,0,0,0,0,0,94102,0
93929,-904,8108,4,130,3,24,-2452,0,0,0,0,36511,144,32,65,0,0,0,0,0,0,0,0,-32302,0,0,0,0,0,94107,0
93934,-910,8094,-2,136,3,31,-2450,8,-1,0,0,36511,144,32,65,0,0,0,0,0,0,0,0,-32302,0,0,0,0,0,94112,0
93939,-876,8106,4,130,7,26,-2452,0,1,1,0,36507,146,32,65,0,0,0,0,0,0,0,0,-32302,0,0,0,0,0,94117,0
93944,-866,8130,-12,126,2,27,-2451,5,1,0,0,36507,146,32,65,0,0,0,0,0,0,0,0,-32302,0,0,0,0,0,94122,0
93949,-860,8148,-18,124,4,29,-2452,-5,0,0,0,36507,142,32,65,0,0,0,0,0,0,0,0,-32303,0,0,0,0,0,94127,0
93954,-834,8148,4,120,0,31,-2452,0,-1,0,0,36507,142,32,65,0,0,0,0,0,0,0,0,-32302,0,0,0,0,0,94132,0
93959,-856,8144,-12,114,6,32,-2451,3,-1,0,0,36515,143,32,65,0,0,0,0,0,0,0,0,-32302,0,0,0,0,0,94137,0
93964,-906,8098,-34,113,6,33,-2452,-4,0,0,0,36515,143,32,65,0,0,0,0,0,0,0,0,-32302,0,0,0,0,0,94142,0
93969,-942,8098,-8,108,2,31,-2452,5,2,0,0,36519,145,32,65,0,0,0,0,0,0,0,0,-32302,0,0,0,0,0,94147,0
93974,-956,8078,-10,113,1,40,-2451,-5,-1,0,0,36519,145,32,65,0,0,0,0,0,0,0,0,-32302,0,0,0,0,0,94152,0
93979,-990,8056,-6,105,3,43,-2452,-1,1,0,0,36521,141,32,65,0,0,0,0,0,0,0,0,-32302,0,0,0,0,0,94157,0
93984,-1036,8024,68,106,4,48,-2451,-4,5,0,0,36521,141,32,65,0,0,0,0,0,0,0,0,-32302,0,0,0,0,0,94162,0
93989,-1038,8038,90,97,0,53,-2451,4,-2,0,0,36513,135,32,65,0,0,0,0,0,0,0,0,-32302,0,0,0,0,0,94167,0
93994,-1064,8038,84,104,2,61,-2452,3,-1,0,0,36513,135,32,65,0,0,0,0,0,0,0,0,-32302,0,0,0,0,0,94172,0
93999,-1084,8020,88,104,2,63,-2451,-3,-4,-1,0,36507,133,32,65,0,0,0,0,0,0,0,0,-32302,0,0,0,0,0,94177,0
94004,-1038,8038,90,104,-7,77,-2451,0,-1,0,0,36507,133,32,65,0,0,0,0,0,0,0,0,-32302,0,0,0,0,0,94182,0
94009,-1008,8038,70,104,-3,77,-2452,6,2,-1,0,36505,142,32,65,0,0,0,0,0,0,0,0,-32302,0,0,0,0,0,94187,0
94014,-990,8072,90,107,-7,78,-2452,-1,3,-3,0,36505,142,32,65,0,0,0,0,0,0,0,0,-32302,0,0,0,0,0,94192,0
94019,-966,8118,76,108,-7,89,-2451,-1,-3,0,0,36508,139,32,65,0,0,0,0,0,0,0,0,-32302,0,0,0,0,0,94197,0
94024,-956,8066,82,108,-6,94,-2451,-1,3,0,0,36508,139,32,65,0,0,0,0,0,0,0,0,-32302,0,0,0,0,0,94202,0
94029,-952,8100,90,101,-9,102,-2450,5,-1,0,0,36509,136,32,65,0,0,0,0,0,0,0,0,-32302,0,0,0,0,0,94207,0
94034,-952,8104,94,106,-12,100,-2451,-2,-1,0,0,36509,136,32,65,0,0,0,0,0,0,0,0,-32302,0,0,0,0,0,94212,0
94039,-936,8086,74,107,-5,103,-2451,0,0,0,0,36512,132,32,65,0,0,0,0,0,0,0,0,-32302,0,0,0,0,0,94217,0
94044,-964,8070,66,106,-9,109,-2453,-3,-4,0,0,36512,132,32,65,0,0,0,0,0,0,0,0,-32302,0,0,0,0,0,94223,0
94049,-920,8064,52,102,-12,110,-2452,-7,-4,-1,0,36508,142,32,65,0,0,0,0,0,0,0,0,-32302,0,0,0,0,0,94229,0
94054,-910,8108,64,105,-18,114,-2452,0,0,-6,-32,36508,142,32,65,0,0,0,0,0,0,0,0,-32302,0,0,0,0,0,94234,0
94059,-868,8106,46,112,-19,115,-2454,-14,-1,-57,-40,36505,142,32,65,0,0,0,0,0,0,0,0,-32302,0,0,0,0,0,94240,0
94064,-848,8160,62,112,-15,112,-2460,-31,-10,-75,-32,36505,142,32,65,0,0,0,0,0,0,0,0,-32302,0,0,0,0,0,94245,0
94069,-816,8142,52,105,-20,114,-2465,-18,-19,-73,-32,36502,144,32,65,0,0,0,0,0,0,0,0,-32302,0,0,0,0,0,94251,0
94074,-780,8134,66,101,-18,111,-2476,-49,-23,-71,-48,36502,144,32,65,0,0,0,0,0,0,0,0,-32302,0,0,0,0,0,94257,0
94079,-774,8168,0,108,-19,120,-2493,-87,-44,-67,-72,36502,143,32,65,0,0,0,0,0,0,0,0,-32302,0,0,0,0,0,94262,0
94084,-766,8136,32,98,-14,113,-2519,-115,-70,-67,-64,36502,143,32,65,0,0,0,0,0,0,0,0,-32302,0,0,0,0,0,94268,0
94089,-730,8174,36,96,-16,113,-2541,-99,-68,-71,-64,36504,136,32,65,0,0,0,0,0,0,0,0,-32302,0,0,0,0,0,94273,0
94094,-742,8148,-6,97,-15,107,-2564,-111,-60,-61,-72,36504,136,32,65,0,0,0,0,0,0,0,0,-32302,0,0,0,0,0,94279,0
94099,-742,8106,4,93,-15,104,-2590,-109,-34,-66,-48,36505,133,32,65,0,0,0,0,0,0,0,0,-32302,0,0,0,0,0,94284,0
94104,-746,8118,16,100,-15,102,-2606,-68,5,-67,-48,36505,133,32,65,0,0,0,0,0,0,0,0,-32302,0,0,0,0,0,94290,0
94109,-766,8120,8,97,-14,102,-2621,-67,29,-64,-48,36504,132,32,65,0,0,0,0,0,0,0,0,-32302,0,0,0,0,0,94295,0
94114,-752,8152,46,96,-17,98,-2635,-59,42,-69,-32,36504,132,32,65,0,0,0,0,0,0,0,0,-32302,0,0,0,0,0,94301,0
94119,-718,8144,-38,91,-16,91,-2638,-11,58,-65,-16,36507,133,32,65,0,0,0,0,0,0,0,0,-32302,0,0,0,0,0,94307,0
94124,-712,8162,8,91,-18,91,-2638,0,73,-67,-16,36507,133,32,65,0,0,0,0,0,0,0,0,-32302,0,0,0,0,0,94312,0
94129,-702,8130,18,87,-12,87,-2636,-1,67,-70,-24,36506,133,32,65,0,0,0,0,0,0,0,0,-32302,0,0,0,0,0,94318,0
94134,-684,8138,44,87,-12,83,-2636,1,55,-68,-32,36506,133,32,65,0,0,0,0,0,0,0,0,-32302,0,0,0,0,0,94323,0
94139,-696,8174,22,81,-9,84,-2637,-1,33,-71,-24,36507,126,32,65,0,0,0,0,0,0,0,0,-32302,0,0,0,0,0,94328,0
94144,-652,8182,30,82,-6,69,-2638,0,2,-72,-24,36507,126,32,65,0,0,0,0,0,0,0,0,-32302,0,0,0,0,0,94334,0
94149,-668,8168,-6,80,-4,71,-2636,7,1,-70,-16,36504,129,32,65,0,0,0,0,0,0,0,0,-32302,0,0,0,0,0,94339,0
94154,-676,8162,0,81,-4,64,-2637,0,0,-70,-32,36504,129,32,65,0,0,0,0,0,0,0,0,-32302,0,0,0,0,0,94345,0
94159,-656,8174,12,76,-1,65,-2663,-143,-24,-999,-1296,36501,133,32,65,0,0,0,0,0,0,0,0,-32301,0,0,0,0,0,94350,0
94164,-522,8190,0,73,8,66,-2785,-570,-261,-1688,-1944,36501,133,32,65,0,0,0,0,0,0,0,0,-32301,0,0,0,0,0,94356,0
94169,-734,8172,64,69,10,49,-2971,-844,-581,-1120,-1984,36491,154,32,65,0,0,0,0,0,0,0,0,-32302,0,0,0,0,0,94362,0
94174,-678,8146,10,67,10,50,-3185,-944,-831,-544,-1592,36491,154,32,65,0,0,0,0,0,0,0,0,-32302,0,0,0,0,0,94367,0
94179,-672,8170,24,64,4,48,-3390,-891,-793,-166,-1048,36487,162,32,65,0,0,0,0,0,0,0,0,-32303,0,0,0,0,0,94372,0
94184,-722,8152,4,61,8,41,-3574,-799,-466,-21,-528,36487,162,32,65,0,0,0,0,0,0,0,0,-32303,0,0,0,0,0,94378,0
94189,-772,8134,44,60,3,40,-3725,-637,-37,50,-216,36490,160,32,65,0,0,0,0,0,0,0,0,-32302,0,0,0,0,0,94383,0
94194,-786,8144,28,63,9,44,-3833,-455,283,67,-160,36490,160,32,65,0,0,0,0,0,0,0,0,-32302,0,0,0,0,0,94389,0
94199,-752,8124,38,61,0,41,-3900,-281,474,-104,-280,36499,143,32,65,0,0,0,0,0,0,0,0,-32302,0,0,0,0,0,94394,0
94204,-792,8102,52,62,5,40,-3940,-165,552,-412,-328,36499,143,32,65,0,0,0,0,0,0,0,0,-32302,0,0,0,0,0,94400,0
94209,-810,8100,56,59,-2,35,-3966,-100,523,-627,-328,36501,128,32,65,0,0,0,0,0,0,0,0,-32302,0,0,0,0,0,94405,0
94214,-828,8086,66,64,-4,34,-3979,-48,421,-752,-296,36501,128,32,65,0,0,0,0,0,0,0,0,-32302,0,0,0,0,0,94411,0
94219,-810,8108,82,63,-3,36,-3988,-46,285,-819,-312,36504,128,32,65,0,0,0,0,0,0,0,0,-32302,0,0,0,0,0,94416,0
94224,-834,8134,56,66,-8,38,-3998,-52,168,-810,-320,36504,128,32,65,0,0,0,0,0,0,0,0,-32302,0,0,0,0,0,94422,0
94229,-844,8082,60,63,-16,35,-4006,-32,83,-803,-296,36502,130,32,65,0,0,0,0,0,0,0,0,-32302,0,0,0,0,0,94427,0
94234,-866,8078,80,67,-16,35,-4007,-1,45,-834,-296,36502,130,32,65,0,0,0,0,0,0,0,0,-32302,0,0,0,0,0,94433,0
94239,-896,8084,66,66,-15,46,-4009,-1,35,-867,-296,36503,134,32,65,0,0,0,0,0,0,0,0,-32302,0,0,0,0,0,94438,0
94244,-920,8072,62,66,-14,51,-4008,-2,40,-870,-296,36503,134,32,65,0,0,0,0,0,0,0,0,-32301,0,0,0,0,0,94444,0
94249,-922,8076,96,64,-19,50,-4009,5,37,-867,-296,36498,140,32,65,0,0,0,0,0,0,0,0,-32301,0,0,0,0,0,94449,0
94254,-898,8060,74,65,-16,50,-4008,2,20,-876,-288,36498,140,32,65,0,0,0,0,0,0,0,0,-32302,0,0,0,0,0,94455,0
94259,-918,8074,72,67,-20,54,-4009,-3,-2,-874,-304,36500,142,32,65,0,0,0,0,0,0,0,0,-32302,0,0,0,0,0,94460,0
94264,-918,8088,60,67,-25,60,-4008,3,2,-873,-296,36500,142,32,65,0,0,0,0,0,0,0,0,-32302,0,0,0,0,0,94466,0
94269,-866,8090,86,66,-20,67,-4008,0,-2,-873,-296,36501,143,32,65,0,0,0,0,0,0,0,0,-32302,0,0,0,0,0,94471,0
94274,-880,8082,56,70,-19,67,-4008,1,-2,-867,-296,36501,143,32,65,0,0,0,0,0,0,0,0,-32302,0,0,0,0,0,94476,0
94279,-912,8102,56,68,-23,70,-4009,-1,-5,-868,-296,36502,145,32,65,0,0,0,0,0,0,0,0,-32302,0,0,0,0,0,94482,0
94284,-840,8116,88,68,-29,78,-4009,-2,-2,-873,-288,36502,145,32,65,0,0,0,0,0,0,0,0,-32302,0,0,0,0,0,94488,0
94289,-852,8112,58,64,-22,81,-4010,-5,-1,-875,-288,36501,146,32,65,0,0,0,0,0,0,0,0,-32302,0,0,0,0,0,94493,0
94294,-852,8070,42,68,-23,81,-4010,-1,4,-870,-288,36501,146,32,65,0,0,0,0,0,0,0,0,-32302,0,0,0,0,0,94498,0
94299,-844,8130,56,68,-25,84,-4009,-3,0,-874,-288,36500,151,32,65,0,0,0,0,0,0,0,0,-32302,0,0,0,0,0,94504,0
94304,-892,8066,30,70,-22,89,-4009,0,3,-871,-288,36500,151,32,65,0,0,0,0,0,0,0,0,-32302,0,0,0,0,0,94510,0
94309,-866,8080,-6,61,-16,90,-4009,1,0,-869,-288,36499,157,32,65,0,0,0,0,0,0,0,0,-32302,0,0,0,0,0,94515,0
94314,-856,8114,4,60,-18,94,-4008,2,3,-872,-296,36499,157,32,65,0,0,0,0,0,0,0,0,-32302,0,0,0,0,0,94520,0
94319,-868,8112,-16,61,-16,99,-4009,1,-1,-873,-288,36507,158,32,65,0,0,0,0,0,0,0,0,-32302,0,0,0,0,0,94526,0
94324,-840,8152,-18,55,-20,105,-4010,-7,3,-875,-288,36507,158,32,65,0,0,0,0,0,0,0,0,-32302,0,0,0,0,0,94531,0
94329,-850,8134,-44,59,-23,106,-4011,-2,-3,-868,-296,36509,150,32,65,0,0,0,0,0,0,0,0,-32302,0,0,0,0,0,94537,0
94334,-854,8150,-44,51,-21,104,-4009,1,-1,-870,-288,36509,150,32,65,0,0,0,0,0,0,0,0,-32301,0,0,0,0,0,94542,0
94339,-874,8140,-92,50,-22,107,-4009,1,0,-873,-288,36511,142,32,65,0,0,0,0,0,0,0,0,-32302,0,0,0,0,0,94548,0
94344,-878,8096,-86,46,-28,115,-4009,3,5,-871,-288,36511,142,32,65,0,0,0,0,0,0,0,0,-32302,0,0,0,0,0,94553,0
94349,-852,8110,-50,37,-19,118,-4008,1,0,-873,-288,36506,141,32,65,0,0,0,0,0,0,0,0,-32302,0,0,0,0,0,94559,0
94354,-872,8086,-68,38,-17,120,-4009,5,0,-872,-296,36506,141,32,65,0,0,0,0,0,0,0,0,-32302,0,0,0,0,0,94565,0
94359,-852,8126,-24,36,-19,123,-4009,5,0,-867,-288,36499,141,32,65,0,0,0,0,0,0,0,0,-32302,0,0,0,0,0,94570,0
94364,-860,8126,0,24,-16,131,-4010,0,-1,-871,-296,36499,141,32,65,0,0,0,0,0,0,0,0,-32302,0,0,0,0,0,94575,0
94369,-874,8090,-66,24,-11,138,-4010,1,-3,-870,-296,36499,144,32,65,0,0,0,0,0,0,0,0,-32302,0,0,0,0,0,94581,0
94374,-922,8044,-40,19,-16,139,-4010,0,-1,-870,-304,36499,144,32,65,0,0,0,0,0,0,0,0,-32301,0,0,0,0,0,94586,0
94379,-922,8110,-2,18,-9,140,-4009,3,-2,-872,-288,36500,144,32,65,0,0,0,0,0,0,0,0,-32302,0,0,0,0,0,94592,0
94384,-936,8046,16,12,-8,147,-4010,-3,1,-875,-288,36500,144,32,65,0,0,0,0,0,0,0,0,-32302,0,0,0,0,0,94597,0
94389,-886,8060,40,8,-6,148,-4011,-9,-2,-872,-296,36500,134,32,65,0,0,0,0,0,0,0,0,-32302,0,0,0,0,0,94603,0
94394,-926,8056,36,9,-4,155,-4010,-1,-2,-869,-288,36500,134,32,65,0,0,0,0,0,0,0,0,-32302,0,0,0,0,0,94608,0
94399,-900,8052,86,9,0,159,-4009,0,0,-874,-280,36500,133,32,65,0,0,0,0,0,0,0,0,-32302,0,0,0,0,0,94614,0
94404,-826,8086,96,14,-1,163,-4010,1,4,-870,-296,36500,133,32,65,0,0,0,0,0,0,0,0,-32302,0,0,0,0,0,94619,0
94409,-790,8106,124,10,1,167,-4008,5,3,-870,-304,36500,143,32,65,0,0,0,0,0,0,0,0,-32302,0,0,0,0,0,94625,0
94414,-762,8110,96,14,-1,170,-4009,0,-2,-871,-296,36500,143,32,65,0,0,0,0,0,0,0,0,-32302,0,0,0,0,0,94630,0
94419,-756,8132,116,11,-6,167,-4010,-3,0,-872,-272,36500,151,32,65,0,0,0,0,0,0,0,0,-32302,0,0,0,0,0,94636,0
94424,-710,8124,132,19,-3,165,-4009,5,-4,-870,-288,36500,151,32,65,0,0,0,0,0,0,0,0,-32302,0,0,0,0,0,94641,0
94429,-758,8126,136,17,-3,174,-4009,0,0,-871,-288,36507,145,32,65,0,0,0,0,0,0,0,0,-32302,0,0,0,0,0,94647,0
94434,-762,8102,146,19,-5,174,-4009,4,0,-871,-296,36507,145,32,65,0,0,0,0,0,0,0,0,-32302,0,0,0,0,0,94652,0
94439,-762,8084,134,21,-6,173,-4010,-1,-4,-871,-304,36508,144,32,65,0,0,0,0,0,0,0,0,-32302,0,0,0,0,0,94658,0
94444,-728,8110,128,21,-10,171,-4010,0,-2,-869,-280,36508,144,32,65,0,0,0,0,0,0,0,0,-32302,0,0,0,0,0,94663,0
94449,-694,8122,170,22,-9,174,-4009,3,1,-872,-296,36510,149,32,65,0,0,0,0,0,0,0,0,-32302,0,0,0,0,0,94669,0
94454,-662,8138,146,27,-10,173,-4010,-1,-2,-872,-288,36510,149,32,65,0,0,0,0,0,0,0,0,-32302,0,0,0,0,0,94674,0
94459,-634,8126,140,29,-13,165,-4010,0,1,-871,-288,36503,154,32,65,0,0,0,0,0,0,0,0,-32302,0,0,0,0,0,94680,0
94464,-614,8154,98,26,-1,170,-4009,0,3,-872,-288,36503,154,32,65,0,0,0,0,0,0,0,0,-32302,0,0,0,0,0,94685,0
94469,-574,8144,116,29,-2,160,-4009,0,4,-876,-288,36502,143,32,65,0,0,0,0,0,0,0,0,-32302,0,0,0,0,0,94690,0
94474,-584,8154,84,26,7,160,-4010,1,1,-873,-288,36502,143,32,65,0,0,0,0,0,0,0,0,-32302,0,0,0,0,0,94696,0
94479,-572,8168,98,30,9,157,-4010,0,-2,-871,-288,36501,134,32,65,0,0,0,0,0,0,0,0,-32302,0,0,0,0,0,94702,0
94484,-478,8196,92,30,15,146,-4008,6,3,-871,-288,36501,134,32,65,0,0,0,0,0,0,0,0,-32302,0,0,0,0,0,94707,0
94489,-428,8250,102,25,24,144,-4010,-1,-1,-867,-296,36503,138,32,65,0,0,0,0,0,0,0,0,-32302,0,0,0,0,0,94713,0
94494,-436,8240,94,25,27,137,-4010,-5,1,-868,-296,36503,138,32,65,0,0,0,0,0,0,0,0,-32302,0,0,0,0,0,94718,0
94499,-414,8220,90,20,31,126,-4010,-5,2,-870,-280,36502,145,32,65,0,0,0,0,0,0,0,0,-32302,0,0,0,0,0,94724,0
94504,-424,8206,92,22,52,116,-4010,-1,-1,-871,-288,36502,145,32,65,0,0,0,0,0,0,0,0,-32302,0,0,0,0,0,94730,0
94509,-382,8182,152,20,52,110,-4010,3,-2,-866,-296,36501,146,32,65,0,0,0,0,0,0,0,0,-32302,0,0,0,0,0,94736,0
94514,-402,8206,190,21,58,102,-4009,1,0,-868,-296,36501,146,32,65,0,0,0,0,0,0,0,0,-32302,0,0,0,0,0,94741,0
94519,-394,8180,162,20,63,94,-4010,-1,0,-871,-288,36499,148,32,65,0,0,0,0,0,0,0,0,-32302,0,0,0,0,0,94746,0
94524,-298,8200,162,29,77,75,-4009,-3,-1,-876,-288,36499,148,32,65,0,0,0,0,0,0,0,0,-32302,0,0,0,0,0,94752,0
94529,-256,8250,178,24,85,72,-4010,2,-2,-873,-288,36501,146,32,65,0,0,0,0,0,0,0,0,-32302,0,0,0,0,0,94757,0
94534,-232,8240,190,30,91,56,-4008,7,3,-873,-296,36501,146,32,65,0,0,0,0,0,0,0,0,-32302,0,0,0,0,0,94763,0
94539,-194,8212,254,26,106,51,-4009,2,-1,-871,-296,36500,149,32,65,0,0,0,0,0,0,0,0,-32302,0,0,0,0,0,94769,0
94544,-190,8224,238,32,122,24,-4010,3,3,-869,-288,36500,149,32,65,0,0,0,0,0,0,0,0,-32302,0,0,0,0,0,94774,0
94549,-226,8200,244,32,133,14,-4009,2,3,-868,-296,36501,156,32,65,0,0,0,0,0,0,0,0,-32302,0,0,0,0,0,94780,0
94554,-262,8230,244,37,134,2,-4009,6,3,-872,-288,36501,156,32,65,0,0,0,0,0,0,0,0,-32302,0,0,0,0,0,94785,0
94559,-266,8176,220,43,131,-12,-4009,6,1,-874,-296,36502,151,32,65,0,0,0,0,0,0,0,0,-32301,0,0,0,0,0,94790,0
94564,-316,8172,214,45,114,-37,-4009,10,0,-868,-296,36502,151,32,65,0,0,0,0,0,0,0,0,-32302,0,0,0,0,0,94796,0
94569,-304,8180,206,48,109,-52,-4009,0,2,-870,-296,36505,146,32,65,0,0,0,0,0,0,0,0,-32302,0,0,0,0,0,94802,0
94574,-260,8190,242,56,104,-64,-4010,-3,0,-870,-288,36505,146,32,65,0,0,0,0,0,0,0,0,-32302,0,0,0,0,0,94807,0
94579,-214,8240,246,55,98,-78,-4009,0,0,-871,-296,36504,139,32,65,0,0,0,0,0,0,0,0,-32302,0,0,0,0,0,94812,0
94584,-154,8272,264,66,90,-107,-4010,4,2,-873,-288,36504,139,32,65,0,0,0,0,0,0,0,0,-32302,0,0,0,0,0,94818,0
94589,-142,8260,258,72,88,-123,-4009,4,2,-869,-304,36502,139,32,65,0,0,0,0,0,0,0,0,-32302,0,0,0,0,0,94823,0
94594,-142,8280,264,72,86,-141,-4010,-5,-1,-869,-288,36502,139,32,65,0,0,0,0,0,0,0,0,-32302,0,0,0,0,0,94829,0
94599,-170,8230,258,76,90,-157,-4010,-4,3,-870,-280,36500,141,32,65,0,0,0,0,0,0,0,0,-32301,0,0,0,0,0,94835,0
94604,-226,8186,230,87,84,-180,-4010,-2,-1,-874,-280,36500,141,32,65,0,0,0,0,0,0,0,0,-32302,0,0,0,0,0,94840,0
94609,-234,8210,270,88,90,-194,-4010,-3,-4,-867,-288,36501,149,32,65,0,0,0,0,0,0,0,0,-32302,0,0,0,0,0,94845,0
94614,-298,8164,236,88,85,-208,-4011,-3,-5,-871,-280,36501,149,32,65,0,0,0,0,0,0,0,0,-32302,0,0,0,0,0,94851,0
94619,-348,8130,228,93,81,-222,-4010,0,-3,-874,-296,36500,147,32,65,0,0,0,0,0,0,0,0,-32302,0,0,0,0,0,94856,0
94624,-422,8120,256,105,82,-240,-4009,2,-3,-874,-288,36500,147,32,65,0,0,0,0,0,0,0,0,-32302,0,0,0,0,0,94862,0
94629,-430,8106,244,111,86,-251,-4010,1,0,-873,-288,36500,142,32,65,0,0,0,0,0,0,0,0,-32302,0,0,0,0,0,94867,0
94634,-466,8142,256,115,84,-257,-4010,0,-4,-871,-288,36500,142,32,65,0,0,0,0,0,0,0,0,-32302,0,0,0,0,0,94873,0
94639,-472,8148,232,112,85,-266,-4010,-10,1,-874,-280,36505,141,32,65,0,0,0,0,0,0,0,0,-32302,0,0,0,0,0,94878,0
94644,-498,8212,196,117,83,-281,-4010,-1,0,-870,-280,36505,141,32,65,0,0,0,0,0,0,0,0,-32302,0,0,0,0,0,94884,0
94649,-544,8198,170,119,84,-288,-4010,-3,-5,-874,-280,36506,134,32,65,0,0,0,0,0,0,0,0,-32302,0,0,0,0,0,94890,0
94654,-526,8162,172,129,90,-293,-4009,-5,0,-870,-280,36506,134,32,65,0,0,0,0,0,0,0,0,-32302,0,0,0,0,0,94895,0
94659,-622,8122,214,126,83,-297,-4009,3,2,-867,-288,36503,134,32,65,0,0,0,0,0,0,0,0,-32302,0,0,0,0,0,94900,0
94664,-756,8034,184,126,90,-306,-4009,0,0,-877,-288,36503,134,32,65,0,0,0,0,0,0,0,0,-32302,0,0,0,0,0,94906,0
94669,-800,8044,176,132,84,-307,-4010,0,2,-873,-296,36498,140,32,65,0,0,0,0,0,0,0,0,-32302,0,0,0,0,0,94911,0
94674,-808,8028,208,134,83,-302,-4009,1,2,-868,-288,36498,140,32,65,0,0,0,0,0,0,0,0,-32302,0,0,0,0,0,94917,0
94679,-820,8032,166,136,85,-299,-4009,2,4,-871,-304,36497,144,32,65,0,0,0,0,0,0,0,0,-32302,0,0,0,0,0,94922,0
94684,-888,8042,144,141,96,-304,-4009,3,2,-867,-296,36497,144,32,65,0,0,0,0,0,0,0,0,-32302,0,0,0,0,0,94928,0
94689,-910,8110,180,141,96,-294,-4009,-3,1,-870,-296,36498,137,32,65,0,0,0,0,0,0,0,0,-32302,0,0,0,0,0,94933,0
94694,-912,8038,172,134,101,-294,-4010,2,-1,-870,-296,36498,137,32,65,0,0,0,0,0,0,0,0,-32301,0,0,0,0,0,94938,0
94699,-910,8098,124,142,102,-292,-4010,-4,-2,-873,-288,36500,132,32,65,0,0,0,0,0,0,0,0,-32302,0,0,0,0,0,94944,0
94704,-960,8072,116,144,105,-284,-4010,-1,-2,-872,-280,36500,132,32,65,0,0,0,0,0,0,0,0,-32302,0,0,0,0,0,94949,0
94709,-984,8078,128,144,98,-278,-4009,5,-1,-871,-296,36501,137,32,65,0,0,0,0,0,0,0,0,-32302,0,0,0,0,0,94955,0
94714,-1002,8106,100,151,99,-271,-4009,3,1,-871,-296,36501,137,32,65,0,0,0,0,0,0,0,0,-32302,0,0,0,0,0,94960,0
94719,-996,8104,86,143,102,-271,-4010,0,-2,-872,-296,36502,146,32,65,0,0,0,0,0,0,0,0,-32302,0,0,0,0,0,94966,0
94724,-1040,8064,66,138,112,-261,-4010,4,0,-868,-296,36502,146,32,65,0,0,0,0,0,0,0,0,-32302,0,0,0,0,0,94972,0
94729,-1060,8044,50,141,111,-252,-4010,-9,-4,-873,-280,36497,143,32,65,0,0,0,0,0,0,0,0,-32302,0,0,0,0,0,94978,0
94734,-1064,8058,52,140,113,-241,-4010,-5,1,-871,-288,36497,143,32,65,0,0,0,0,0,0,0,0,-32302,0,0,0,0,0,94984,0
94739,-1050,8042,44,138,113,-232,-4008,3,1,-870,-304,36491,142,32,65,0,0,0,0,0,0,0,0,-32302,0,0,0,0,0,94989,0
94744,-1078,8054,20,131,120,-223,-4009,0,-1,-869,-296,36491,142,32,65,0,0,0,0,0,0,0,0,-32302,0,0,0,0,0,94995,0
94749,-1030,8062,42,131,135,-214,-4009,-4,1,-866,-296,36491,141,32,65,0,0,0,0,0,0,0,0,-32302,0,0,0,0,0,94998,0
94754,-1140,8020,22,125,140,-207,-4009,7,3,-867,-288,36491,141,32,65,0,0,0,0,0,0,0,0,-32302,0,0,0,0,0,95002,0
94759,-1140,8030,-46,122,145,-198,-4009,3,1,-878,-296,36485,147,32,65,0,0,0,0,0,0,0,0,-32302,0,0,0,0,0,95008,0
94764,-1204,7984,-36,117,164,-181,-4010,3,1,-866,-296,36485,147,32,65,0,0,0,0,0,0,0,0,-32302,0,0,0,0,0,95015,0
94769,-1260,7964,-2,112,159,-176,-4009,7,3,-861,-304,36482,145,32,65,0,0,0,0,0,0,0,0,-32302,0,0,0,0,0,95020,0
94774,-1266,7966,-12,113,169,-162,-4009,1,1,-869,-288,36482,145,32,65,0,0,0,0,0,0,0,0,-32302,0,0,0,0,0,95026,0
94779,-1290,7950,14,103,169,-156,-4010,2,-1,-869,-288,36478,142,32,65,0,0,0,0,0,0,0,0,-32302,0,0,0,0,0,95031,0
94784,-1190,8024,88,95,185,-133,-4010,-5,-6,-870,-288,36478,142,32,65,0,0,0,0,0,0,0,0,-32302,0,0,0,0,0,95037,0
94789,-1170,8022,54,90,195,-124,-4009,11,-1,-861,-304,36483,141,32,65,0,0,0,0,0,0,0,0,-32301,0,0,0,0,0,95045,0
94794,-1170,8034,62,88,211,-112,-4010,0,-7,-868,-288,36483,141,32,65,0,0,0,0,0,0,0,0,-32302,0,0,0,0,0,95048,0
94799,-1082,8088,120,74,228,-109,-4009,1,3,-868,-288,36488,142,32,65,0,0,0,0,0,0,0,0,-32301,0,0,0,0,0,95054,0
94804,-978,8090,130,68,265,-93,-4010,-4,-2,-871,-280,36488,142,32,65,0,0,0,0,0,0,0,0,-32302,0,0,0,0,0,95059,0
94809,-1004,8110,106,63,286,-81,-4010,-2,-5,-865,-288,36494,146,32,65,0,0,0,0,0,0,0,0,-32302,0,0,0,0,0,95065,0
94814,-966,8116,134,57,311,-73,-4010,-6,-4,-873,-288,36494,146,32,65,0,0,0,0,0,0,0,0,-32302,0,0,0,0,0,95070,0
94819,-938,8112,134,46,337,-68,-4010,0,-1,-868,-288,36497,146,32,65,0,0,0,0,0,0,0,0,-32302,0,0,0,0,0,95076,0
94824,-840,8176,196,38,388,-52,-4008,12,-2,-872,-304,36497,146,32,65,0,0,0,0,0,0,0,0,-32302,0,0,0,0,0,95081,0
94829,-850,8074,164,36,420,-50,-4010,1,0,-871,-296,36500,143,32,65,0,0,0,0,0,0,0,0,-32302,0,0,0,0,0,95087,0
94834,-888,8076,274,22,456,-44,-4010,-3,-1,-866,-280,36500,143,32,65,0,0,0,0,0,0,0,0,-32302,0,0,0,0,0,95092,0
94839,-880,8074,280,11,492,-39,-4010,-5,-1,-871,-288,36498,140,32,65,0,0,0,0,0,0,0,0,-32302,0,0,0,0,0,95098,0
94844,-834,8116,356,1,568,-23,-4010,-3,-5,-866,-296,36498,140,32,65,0,0,0,0,0,0,0,0,-32302,0,0,0,0,0,95103,0
94849,-852,8050,264,-8,608,-25,-4010,-1,-4,-872,-280,36499,147,32,65,0,0,0,0,0,0,0,0,-32302,0,0,0,0,0,95109,0
94854,-844,8028,328,-9,642,-18,-4010,2,0,-872,-296,36499,147,32,65,0,0,0,0,0,0,0,0,-32301,0,0,0,0,0,95114,0
94859,-834,8106,326,-14,683,-9,-4009,2,-1,-870,-288,36499,142,32,65,0,0,0,0,0,0,0,0,-32302,0,0,0,0,0,95120,0
94864,-736,8202,362,-29,752,-8,-4010,-4,0,-871,-288,36499,142,32,65,0,0,0,0,0,0,0,0,-32302,0,0,0,0,0,95125,0
94869,-634,8250,372,-32,788,-5,-4010,-1,0,-868,-296,36501,137,32,65,0,0,0,0,0,0,0,0,-32302,0,0,0,0,0,95131,0
94874,-650,8156,370,-38,826,0,-4010,0,-2,-874,-296,36501,137,32,65,0,0,0,0,0,0,0,0,-32302,0,0,0,0,0,95136,0
94879,-646,8128,286,-43,871,-4,-4008,8,2,-871,-304,36499,130,32,65,0,0,0,0,0,0,0,0,-32302,0,0,0,0,0,95141,0
94884,-734,8088,344,-54,941,-3,-4009,1,3,-871,-304,36499,130,32,65,0,0,0,0,0,0,0,0,-32302,0,0,0,0,0,95147,0
94889,-710,8086,370,-56,983,-1,-4010,0,3,-865,-296,36500,131,32,65,0,0,0,0,0,0,0,0,-32302,0,0,0,0,0,95153,0
94894,-624,8206,368,-71,1020,-1,-4010,0,-1,-870,-288,36500,131,32,65,0,0,0,0,0,0,0,0,-32302,0,0,0,0,0,95158,0
94899,-596,8148,256,-71,1058,0,-4010,5,4,-870,-296,36501,137,32,65,0,0,0,0,0,0,0,0,-32302,0,0,0,0,0,95163,0
94904,-640,8086,198,-84,1126,-8,-4010,2,-1,-871,-288,36501,137,32,65,0,0,0,0,0,0,0,0,-32302,0,0,0,0,0,95169,0
94909,-616,8210,304,-99,1159,-9,-4010,0,4,-869,-296,36502,144,32,65,0,0,0,0,0,0,0,0,-32302,0,0,0,0,0,95174,0
94914,-488,8344,300,-108,1197,-11,-4011,0,-2,-868,-288,36502,144,32,65,0,0,0,0,0,0,0,0,-32302,0,0,0,0,0,95180,0
94919,-384,8256,126,-107,1227,-12,-4010,0,0,-872,-288,36500,142,32,65,0,0,0,0,0,0,0,0,-32302,0,0,0,0,0,95185,0
94924,-340,8402,172,-137,1304,-23,-4010,-2,2,-873,-288,36500,142,32,65,0,0,0,0,0,0,0,0,-32301,0,0,0,0,0,95191,0
94929,-348,8270,146,-137,1339,-30,-4010,-5,-2,-873,-288,36499,144,32,65,0,0,0,0,0,0,0,0,-32302,0,0,0,0,0,95196,0
94934,-364,8218,188,-152,1381,-33,-4010,7,1,-872,-288,36499,144,32,65,0,0,0,0,0,0,0,0,-32302,0,0,0,0,0,95202,0
94939,-426,8314,256,-161,1418,-38,-4011,-1,3,-872,-288,36499,147,32,65,0,0,0,0,0,0,0,0,-32302,0,0,0,0,0,95207,0
94944,-442,8222,160,-192,1503,-50,-4010,0,2,-864,-288,36499,147,32,65,0,0,0,0,0,0,0,0,-32302,0,0,0,0,0,95213,0
94949,-440,8194,296,-199,1545,-50,-4011,-2,-1,-872,-288,36499,151,32,65,0,0,0,0,0,0,0,0,-32302,0,0,0,0,0,95219,0
94954,-486,8202,234,-212,1594,-55,-4010,3,6,-872,-288,36499,151,32,65,0,0,0,0,0,0,0,0,-32302,0,0,0,0,0,95225,0
94959,-430,8184,212,-223,1637,-52,-4010,-2,-2,-874,-296,36494,149,32,65,0,0,0,0,0,0,0,0,-32302,0,0,0,0,0,95230,0
94964,-684,8098,76,-238,1700,-59,-4011,-10,2,-873,-280,36494,149,32,65,0,0,0,0,0,0,0,0,-32302,0,0,0,0,0,95236,0
94969,-626,8188,168,-250,1740,-57,-4011,-2,0,-870,-280,36493,157,32,65,0,0,0,0,0,0,0,0,-32302,0,0,0,0,0,95242,0
94974,-616,8184,206,-258,1770,-57,-4010,1,0,-870,-288,36493,157,32,65,0,0,0,0,0,0,0,0,-32302,0,0,0,0,0,95247,0
94979,-702,8202,176,-272,1797,-61,-4010,0,4,-874,-280,36493,146,32,65,0,0,0,0,0,0,0,0,-32301,0,0,0,0,0,95253,0
94984,-720,8208,94,-282,1846,-61,-4010,-7,0,-873,-288,36493,146,32,65,0,0,0,0,0,0,0,0,-32301,0,0,0,0,0,95258,0
94989,-746,8150,146,-282,1869,-57,-4010,-2,0,-868,-288,36496,136,32,65,0,0,0,0,0,0,0,0,-32302,0,0,0,0,0,95264,0
94994,-752,8152,62,-293,1886,-54,-4010,-2,0,-871,-288,36496,136,32,65,0,0,0,0,0,0,0,0,-32302,0,0,0,0,0,95269,0
94999,-722,8096,58,-299,1901,-56,-4011,1,-2,-867,-296,36496,134,32,65,0,0,0,0,0,0,0,0,-32302,0,0,0,0,0,95274,0
95004,-810,8128,98,-307,1926,-59,-4010,0,-1,-872,-288,36496,134,32,65,0,0,0,0,0,0,0,0,-32302,0,0,0,0,0,95280,0
95009,-838,8128,126,-315,1934,-55,-4010,0,2,-867,-296,36498,141,32,65,0,0,0,0,0,0,0,0,-32302,0,0,0,0,0,95285,0
95014,-796,8102,54,-312,1936,-55,-4010,1,3,-870,-288,36498,141,32,65,0,0,0,0,0,0,0,0,-32302,0,0,0,0,0,95291,0
95019,-970,7998,26,-311,1942,-57,-4010,2,4,-867,-296,36496,145,32,65,0,0,0,0,0,0,0,0,-32302,0,0,0,0,0,95296,0
95024,-1002,8044,-8,-305,1920,-54,-4010,-4,-3,-868,-296,36496,145,32,65,0,0,0,0,0,0,0,0,-32301,0,0,0,0,0,95302,0
95029,-1038,8068,14,-305,1905,-53,-4010,-2,0,-869,-288,36497,149,32,65,0,0,0,0,0,0,0,0,-32302,0,0,0,0,0,95308,0
95034,-1122,8006,14,-299,1895,-51,-4009,1,1,-870,-296,36497,149,32,65,0,0,0,0,0,0,0,0,-32302,0,0,0,0,0,95313,0
95039,-1098,8040,-48,-295,1878,-52,-4010,3,1,-866,-296,36502,146,32,65,0,0,0,0,0,0,0,0,-32302,0,0,0,0,0,95318,0
95044,-1202,8008,80,-283,1835,-48,-4010,1,0,-866,-304,36502,146,32,65,0,0,0,0,0,0,0,0,-32302,0,0,0,0,0,95324,0
95049,-1158,8024,54,-280,1816,-53,-4010,-1,-6,-869,-288,36505,140,32,65,0,0,0,0,0,0,0,0,-32302,0,0,0,0,0,95329,0
95054,-1208,8000,32,-267,1783,-48,-4010,1,5,-869,-296,36505,140,32,65,0,0,0,0,0,0,0,0,-32302,0,0,0,0,0,95335,0
95059,-1254,8014,-20,-261,1762,-54,-4009,-2,3,-873,-296,36510,145,32,65,0,0,0,0,0,0,0,0,-32302,0,0,0,0,0,95340,0
95064,-1252,8122,64,-245,1702,-45,-4010,3,0,-870,-296,36510,145,32,65,0,0,0,0,0,0,0,0,-32302,0,0,0,0,0,95346,0
95069,-1246,8032,-40,-232,1668,-54,-4010,5,-1,-870,-296,36507,144,32,65,0,0,0,0,0,0,0,0,-32302,0,0,0,0,0,95351,0
95074,-1278,8068,52,-227,1633,-55,-4011,0,-1,-869,-288,36507,144,32,65,0,0,0,0,0,0,0,0,-32302,0,0,0,0,0,95357,0
95079,-1268,8106,-4,-221,1597,-48,-4010,2,2,-865,-296,36504,149,32,65,0,0,0,0,0,0,0,0,-32302,0,0,0,0,0,95362,0
95084,-1178,8046,74,-205,1547,-45,-4010,-1,1,-872,-288,36504,149,32,65,0,0,0,0,0,0,0,0,-32302,0,0,0,0,0,95367,0
95089,-1264,8000,-4,-193,1518,-49,-4010,3,1,-867,-296,36499,140,32,65,0,0,0,0,0,0,0,0,-32302,0,0,0,0,0,95373,0
95094,-1388,8030,-78,-180,1479,-54,-4011,-4,-3,-872,-288,36499,140,32,65,0,0,0,0,0,0,0,0,-32302,0,0,0,0,0,95379,0
95099,-1300,8044,-54,-179,1447,-51,-4010,-1,-3,-870,-288,36499,144,32,65,0,0,0,0,0,0,0,0,-32302,0,0,0,0,0,95384,0
95104,-1276,8074,16,-164,1377,-52,-4011,0,-1,-868,-288,36499,144,32,65,0,0,0,0,0,0,0,0,-32302,0,0,0,0,0,95390,0
95109,-1358,8050,-40,-150,1346,-46,-4010,5,4,-870,-296,36499,149,32,65,0,0,0,0,0,0,0,0,-32302,0,0,0,0,0,95395,0
95114,-1340,8022,-22,-145,1316,-50,-4011,0,-3,-869,-304,36499,149,32,65,0,0,0,0,0,0,0,0,-32302,0,0,0,0,0,95401,0
95119,-1422,8046,66,-136,1279,-42,-4011,-5,0,-868,-288,36498,152,32,65,0,0,0,0,0,0,0,0,-32301,0,0,0,0,0,95406,0
95124,-1492,7976,-60,-125,1209,-46,-4010,10,1,-866,-296,36498,152,32,65,0,0,0,0,0,0,0,0,-32302,0,0,0,0,0,95412,0
95129,-1484,8030,-58,-106,1174,-41,-4011,0,-1,-874,-288,36499,142,32,65,0,0,0,0,0,0,0,0,-32302,0,0,0,0,0,95417,0
95134,-1410,7980,-28,-109,1134,-42,-4011,-1,-2,-869,-288,36499,142,32,65,0,0,0,0,0,0,0,0,-32302,0,0,0,0,0,95423,0
95139,-1428,7968,-114,-98,1105,-42,-4011,3,-5,-866,-296,36498,139,32,65,0,0,0,0,0,0,0,0,-32302,0,0,0,0,0,95429,0
95144,-1404,8078,10,-88,1043,-33,-4012,-5,2,-871,-288,36498,139,32,65,0,0,0,0,0,0,0,0,-32302,0,0,0,0,0,95435,0
95149,-1450,8012,-44,-77,1011,-32,-4011,-3,-7,-870,-288,36494,136,32,65,0,0,0,0,0,0,0,0,-32302,0,0,0,0,0,95440,0
95154,-1442,8008,-96,-64,972,-26,-4011,0,1,-872,-280,36494,136,32,65,0,0,0,0,0,0,0,0,-32302,0,0,0,0,0,95446,0
95159,-1508,8028,-20,-67,941,-27,-4011,0,1,-869,-288,36493,147,32,65,0,0,0,0,0,0,0,0,-32302,0,0,0,0,0,95451,0
95164,-1468,7984,-82,-52,876,-22,-4011,0,-1,-866,-288,36493,147,32,65,0,0,0,0,0,0,0,0,-32302,0,0,0,0,0,95457,0
95169,-1550,7924,-112,-39,839,-23,-4011,-1,-1,-871,-280,36496,148,32,65,0,0,0,0,0,0,0,0,-32302,0,0,0,0,0,95463,0
95174,-1506,8012,0,-39,804,-17,-4010,0,-2,-874,-280,36496,148,32,65,0,0,0,0,0,0,0,0,-32302,0,0,0,0,0,95468,0
95179,-1528,7910,-70,-31,770,-15,-4011,0,-1,-869,-296,36500,147,32,65,0,0,0,0,0,0,0,0,-32302,0,0,0,0,0,95474,0
95184,-1504,8086,14,-17,701,-7,-4012,-6,-1,-870,-288,36500,147,32,65,0,0,0,0,0,0,0,0,-32303,0,0,0,0,0,95479,0
95189,-1408,8054,-98,-17,670,-4,-4011,-7,-4,-874,-288,36500,140,32,65,0,0,0,0,0,0,0,0,-32302,0,0,0,0,0,95485,0
95194,-1468,7942,-162,-1,638,-3,-4010,0,-1,-872,-304,36500,140,32,65,0,0,0,0,0,0,0,0,-32302,0,0,0,0,0,95490,0
95199,-1510,7974,-166,7,598,-3,-4011,0,4,-867,-288,36499,136,32,65,0,0,0,0,0,0,0,0,-32302,0,0,0,0,0,95496,0
95204,-1492,8060,-32,16,533,3,-4011,0,-1,-867,-280,36499,136,32,65,0,0,0,0,0,0,0,0,-32302,0,0,0,0,0,95501,0
95209,-1426,7980,-138,26,506,8,-4009,2,-3,-871,-296,36499,138,32,65,0,0,0,0,0,0,0,0,-32302,0,0,0,0,0,95506,0
95214,-1554,7924,-162,33,470,6,-4010,0,2,-869,-296,36499,138,32,65,0,0,0,0,0,0,0,0,-32302,0,0,0,0,0,95512,0
95219,-1460,8014,-50,31,440,5,-4012,0,4,-868,-288,36499,138,32,65,0,0,0,0,0,0,0,0,-32302,0,0,0,0,0,95518,0
95224,-1514,7978,-12,46,382,15,-4011,1,-4,-869,-296,36499,138,32,65,0,0,0,0,0,0,0,0,-32302,0,0,0,0,0,95523,0
95229,-1452,7970,-2,56,348,14,-4011,-1,-2,-871,-280,36498,144,32,65,0,0,0,0,0,0,0,0,-32302,0,0,0,0,0,95529,0
95234,-1486,7944,-42,62,317,18,-4011,0,4,-869,-296,36498,144,32,65,0,0,0,0,0,0,0,0,-32302,0,0,0,0,0,95534,0
95239,-1480,7992,-10,72,287,14,-4011,-4,1,-869,-296,36506,145,32,65,0,0,0,0,0,0,0,0,-32302,0,0,0,0,0,95540,0
95244,-1420,7996,12,87,217,17,-4010,6,1,-868,-296,36506,145,32,65,0,0,0,0,0,0,0,0,-32302,0,0,0,0,0,95545,0
95249,-1410,7980,-6,96,193,14,-4011,5,-1,-869,-288,36517,150,32,65,0,0,0,0,0,0,0,0,-32302,0,0,0,0,0,95551,0
95254,-1466,7990,-18,105,161,22,-4010,1,-1,-867,-288,36517,150,32,65,0,0,0,0,0,0,0,0,-32302,0,0,0,0,0,95556,0
95259,-1452,8038,16,109,133,17,-4011,0,-2,-867,-296,36524,155,32,65,0,0,0,0,0,0,0,0,-32302,0,0,0,0,0,95561,0
95264,-1370,8022,28,115,81,18,-4011,-4,4,-870,-280,36524,155,32,65,0,0,0,0,0,0,0,0,-32302,0,0,0,0,0,95567,0
95269,-1340,8032,12,128,54,16,-4010,5,0,-872,-296,36521,162,32,65,0,0,0,0,0,0,0,0,-32302,0,0,0,0,0,95572,0
95274,-1306,8016,68,131,33,19,-4010,6,-3,-873,-304,36521,162,32,65,0,0,0,0,0,0,0,0,-32302,0,0,0,0,0,95578,0
95279,-1264,8030,74,134,19,21,-4012,-8,0,-867,-288,36512,160,32,65,0,0,0,0,0,0,0,0,-32302,0,0,0,0,0,95583,0
95284,-1254,8056,108,147,-15,15,-4011,-8,-2,-868,-280,36512,160,32,65,0,0,0,0,0,0,0,0,-32302,0,0,0,0,0,95589,0
95289,-1206,8072,114,144,-26,16,-4011,3,1,-872,-296,36505,142,32,65,0,0,0,0,0,0,0,0,-32302,0,0,0,0,0,95594,0
95294,-1198,8054,122,154,-35,19,-4011,-3,-2,-871,-288,36505,142,32,65,0,0,0,0,0,0,0,0,-32302,0,0,0,0,0,95600,0
95299,-1164,8064,182,150,-42,15,-4011,0,-1,-868,-288,36502,140,32,65,0,0,0,0,0,0,0,0,-32302,0,0,0,0,0,95605,0
95304,-1190,8024,206,155,-47,16,-4011,-5,4,-871,-280,36502,140,32,65,0,0,0,0,0,0,0,0,-32302,0,0,0,0,0,95611,0
95309,-1146,8004,216,153,-48,17,-4011,-3,4,-869,-288,36502,139,32,65,0,0,0,0,0,0,0,0,-32302,0,0,0,0,0,95616,0
95314,-1162,7930,232,158,-46,16,-4011,0,-1,-870,-288,36502,139,32,65,0,0,0,0,0,0,0,0,-32302,0,0,0,0,0,95622,0
95319,-1230,7974,240,154,-46,15,-4010,-1,1,-874,-288,36498,142,32,65,0,0,0,0,0,0,0,0,-32302,0,0,0,0,0,95627,0
95324,-1164,8016,254,164,-39,19,-4011,0,-1,-869,-280,36498,142,32,65,0,0,0,0,0,0,0,0,-32302,0,0,0,0,0,95633,0
95329,-1124,8030,220,164,-38,23,-4010,5,4,-868,-288,36498,143,32,65,0,0,0,0,0,0,0,0,-32302,0,0,0,0,0,95638,0
95334,-1078,8042,200,165,-35,19,-4010,7,0,-874,-280,36498,143,32,65,0,0,0,0,0,0,0,0,-32302,0,0,0,0,0,95643,0
95339,-1058,8082,202,168,-35,23,-4010,3,1,-868,-288,36498,140,32,65,0,0,0,0,0,0,0,0,-32302,0,0,0,0,0,95649,0
95344,-992,8130,120,172,-28,20,-4010,-1,-1,-866,-280,36498,140,32,65,0,0,0,0,0,0,0,0,-32302,0,0,0,0,0,95654,0
95349,-980,8142,150,173,-18,19,-4011,0,-2,-868,-280,36499,143,32,65,0,0,0,0,0,0,0,0,-32301,0,0,0,0,0,95660,0
95354,-992,8130,154,169,-20,14,-4011,1,1,-870,-296,36499,143,32,65,0,0,0,0,0,0,0,0,-32302,0,0,0,0,0,95665,0
95359,-992,8112,120,173,-19,9,-4011,-3,-5,-867,-296,36498,143,32,65,0,0,0,0,0,0,0,0,-32302,0,0,0,0,0,95671,0
95364,-972,8118,136,170,-15,4,-4011,-2,0,-869,-288,36498,143,32,65,0,0,0,0,0,0,0,0,-32302,0,0,0,0,0,95676,0
95369,-1014,8098,136,172,-9,6,-4011,2,-1,-872,-288,36497,144,32,65,0,0,0,0,0,0,0,0,-32302,0,0,0,0,0,95682,0
95374,-1000,8094,108,172,-10,0,-4012,1,1,-865,-296,36497,144,32,65,0,0,0,0,0,0,0,0,-32302,0,0,0,0,0,95687,0
95379,-1012,8116,110,167,-9,-5,-4012,0,6,-872,-296,36499,147,32,65,0,0,0,0,0,0,0,0,-32302,0,0,0,0,0,95693,0
95384,-968,8100,128,164,-8,-8,-4011,0,0,-871,-296,36499,147,32,65,0,0,0,0,0,0,0,0,-32302,0,0,0,0,0,95698,0
95389,-928,8108,132,166,-9,-18,-4010,0,0,-868,-296,36499,144,32,65,0,0,0,0,0,0,0,0,-32302,0,0,0,0,0,95704,0
95394,-948,8112,96,170,-5,-19,-4012,0,2,-866,-288,36499,144,32,65,0,0,0,0,0,0,0,0,-32302,0,0,0,0,0,95709,0
95399,-946,8104,170,173,-8,-24,-4011,0,0,-871,-288,36498,138,32,65,0,0,0,0,0,0,0,0,-32302,0,0,0,0,0,95714,0
95404,-958,8084,222,178,-1,-34,-4012,1,-5,-869,-288,36498,138,32,65,0,0,0,0,0,0,0,0,-32302,0,0,0,0,0,95720,0
95409,-982,8062,198,178,3,-36,-4012,-9,-4,-866,-280,36497,137,32,65,0,0,0,0,0,0,0,0,-32302,0,0,0,0,0,95725,0
95414,-982,8034,226,179,6,-47,-4012,0,0,-867,-288,36497,137,32,65,0,0,0,0,0,0,0,0,-32302,0,0,0,0,0,95731,0
95419,-978,8062,232,184,13,-47,-4011,0,-1,-870,-288,36497,141,32,65,0,0,0,0,0,0,0,0,-32302,0,0,0,0,0,95736,0
95424,-956,8090,218,189,19,-60,-4012,1,1,-867,-288,36497,141,32,65,0,0,0,0,0,0,0,0,-32302,0,0,0,0,0,95742,0
95429,-928,8090,198,192,20,-65,-4012,3,0,-869,-288,36497,146,32,65,0,0,0,0,0,0,0,0,-32302,0,0,0,0,0,95747,0
95434,-906,8116,224,194,20,-70,-4012,-5,1,-867,-288,36497,146,32,65,0,0,0,0,0,0,0,0,-32302,0,0,0,0,0,95752,0
95439,-902,8140,174,192,29,-78,-4013,1,1,-867,-296,36498,147,32,65,0,0,0,0,0,0,0,0,-32302,0,0,0,0,0,95758,0
95444,-878,8130,162,200,28,-90,-4014,-6,-5,-867,-288,36498,147,32,65,0,0,0,0,0,0,0,0,-32302,0,0,0,0,0,95764,0
95449,-884,8104,126,204,28,-99,-4014,-4,-1,-865,-288,36499,145,32,65,0,0,0,0,0,0,0,0,-32302,0,0,0,0,0,95769,0
95454,-930,8104,124,205,28,-106,-4014,-5,-3,-868,-288,36499,145,32,65,0,0,0,0,0,0,0,0,-32302,0,0,0,0,0,95775,0
95459,-912,8112,132,204,24,-116,-4014,5,0,-860,-296,36498,143,32,65,0,0,0,0,0,0,0,0,-32302,0,0,0,0,0,95780,0
95464,-928,8104,138,212,25,-130,-4016,-2,-1,-866,-288,36498,143,32,65,0,0,0,0,0,0,0,0,-32302,0,0,0,0,0,95786,0
95469,-920,8084,130,212,22,-137,-4016,-2,2,-862,-288,36497,146,32,65,0,0,0,0,0,0,0,0,-32302,0,0,0,0,0,95791,0
95474,-888,8100,88,219,26,-146,-4017,-3,2,-863,-288,36497,146,32,65,0,0,0,0,0,0,0,0,-32302,0,0,0,0,0,95796,0
95479,-874,8152,44,213,29,-155,-4017,-3,0,-858,-288,36499,139,32,65,0,0,0,0,0,0,0,0,-32302,0,0,0,0,0,95802,0
95484,-838,8184,52,207,27,-174,-4016,2,1,-862,-288,36499,139,32,65,0,0,0,0,0,0,0,0,-32302,0,0,0,0,0,95807,0
95489,-864,8118,24,211,33,-182,-4018,-3,-3,-859,-288,36499,137,32,65,0,0,0,0,0,0,0,0,-32302,0,0,0,0,0,95813,0
95494,-904,8122,30,203,40,-189,-4018,0,-3,-853,-304,36499,137,32,65,0,0,0,0,0,0,0,0,-32302,0,0,0,0,0,95818,0
95499,-1004,8084,30,201,42,-196,-4020,-9,0,-857,-280,36501,141,32,65,0,0,0,0,0,0,0,0,-32301,0,0,0,0,0,95824,0
95504,-1078,8030,0,201,43,-211,-4020,-5,0,-852,-288,36501,141,32,65,0,0,0,0,0,0,0,0,-32303,0,0,0,0,0,95830,0
95509,-1096,8042,12,194,57,-215,-4020,0,0,-853,-288,36502,142,32,65,0,0,0,0,0,0,0,0,-32302,0,0,0,0,0,95836,0
95514,-1096,8072,-66,191,62,-219,-4021,0,4,-852,-304,36502,142,32,65,0,0,0,0,0,0,0,0,-32302,0,0,0,0,0,95841,0
95519,-1118,8134,-56,187,72,-220,-4025,-9,-10,-846,-288,36504,137,32,65,0,0,0,0,0,0,0,0,-32302,0,0,0,0,0,95847,0
95524,-1104,8082,-128,180,79,-228,-4025,-1,-1,-837,-280,36504,137,32,65,0,0,0,0,0,0,0,0,-32302,0,0,0,0,0,95852,0
95529,-1096,8106,-86,171,85,-229,-4029,-17,-5,-852,-280,36501,134,32,65,0,0,0,0,0,0,0,0,-32302,0,0,0,0,0,95858,0
95534,-1150,8100,-94,169,92,-227,-4031,-21,-6,-831,-272,36501,134,32,65,0,0,0,0,0,0,0,0,-32302,0,0,0,0,0,95863,0
95539,-1142,8100,-58,158,95,-239,-4033,-11,-3,-833,-288,36499,128,32,65,0,0,0,0,0,0,0,0,-32302,0,0,0,0,0,95869,0
95544,-998,8176,-80,153,93,-248,-4040,-30,-14,-817,-288,36499,128,32,65,0,0,0,0,0,0,0,0,-32302,0,0,0,0,0,95874,0
95549,-944,8186,-74,148,96,-256,-4049,-38,-24,-777,-296,36498,134,32,65,0,0,0,0,0,0,0,0,-32302,0,0,0,0,0,95879,0
95554,-938,8200,-86,150,92,-261,-4066,-78,-46,-740,-280,36498,134,32,65,0,0,0,0,0,0,0,0,-32302,0,0,0,0,0,95885,0
95559,-928,8178,-54,143,94,-277,-4083,-73,-54,-688,-264,36499,144,32,65,0,0,0,0,0,0,0,0,-32302,0,0,0,0,0,95890,0
95564,-910,8198,-88,140,87,-295,-4090,-19,-26,-698,-240,36499,144,32,65,0,0,0,0,0,0,0,0,-32302,0,0,0,0,0,95896,0
95569,-854,8226,-86,136,76,-310,-4088,0,27,-768,-248,36499,145,32,65,0,0,0,0,0,0,0,0,-32302,0,0,0,0,0,95901,0
95574,-756,8274,-96,134,73,-321,-4089,1,61,-792,-256,36499,145,32,65,0,0,0,0,0,0,0,0,-32302,0,0,0,0,0,95907,0
95579,-736,8288,-106,134,61,-337,-4088,5,67,-791,-264,36505,152,32,65,0,0,0,0,0,0,0,0,-32302,0,0,0,0,0,95913,0
95584,-538,8400,-134,130,52,-373,-4089,0,33,-797,-264,36505,152,32,65,0,0,0,0,0,0,0,0,-32302,0,0,0,0,0,95918,0
95589,-412,8458,-178,120,59,-397,-4090,-3,0,-794,-256,36502,148,32,65,0,0,0,0,0,0,0,0,-32302,0,0,0,0,0,95923,0
95594,-314,8502,-212,116,56,-418,-4089,-3,4,-793,-256,36502,148,32,65,0,0,0,0,0,0,0,0,-32301,0,0,0,0,0,95929,0
95599,-324,8514,-156,109,65,-437,-4090,0,-1,-788,-264,36502,152,32,65,0,0,0,0,0,0,0,0,-32302,0,0,0,0,0,95934,0
95604,-368,8488,-94,89,88,-481,-4091,0,0,-790,-256,36502,152,32,65,0,0,0,0,0,0,0,0,-32302,0,0,0,0,0,95940,0
95609,-378,8398,-66,88,102,-499,-4091,7,-1,-785,-272,36497,147,32,65,0,0,0,0,0,0,0,0,-32302,0,0,0,0,0,95945,0
95614,-476,8374,-60,71,108,-518,-4092,-2,3,-783,-264,36497,147,32,65,0,0,0,0,0,0,0,0,-32302,0,0,0,0,0,95951,0
95619,-502,8318,-28,66,130,-540,-4094,-8,1,-780,-264,36494,138,32,65,0,0,0,0,0,0,0,0,-32302,0,0,0,0,0,95956,0
95624,-648,8236,-62,42,167,-574,-4094,-2,1,-782,-272,36494,138,32,65,0,0,0,0,0,0,0,0,-32302,0,0,0,0,0,95962,0
95629,-676,8242,-46,31,188,-591,-4096,0,-2,-783,-256,36493,136,32,65,0,0,0,0,0,0,0,0,-32302,0,0,0,0,0,95967,0
95634,-752,8212,-76,23,210,-616,-4097,-7,0,-773,-256,36493,136,32,65,0,0,0,0,0,0,0,0,-32301,0,0,0,0,0,95972,0
95639,-700,8218,-42,21,231,-626,-4098,-6,5,-771,-264,36494,133,32,65,0,0,0,0,0,0,0,0,-32302,0,0,0,0,0,95978,0
95644,-790,8180,-8,-1,275,-657,-4104,-15,-10,-767,-256,36494,133,32,65,0,0,0,0,0,0,0,0,-32301,0,0,0,0,0,95984,0
95649,-882,8146,60,-13,294,-667,-4108,-28,-20,-750,-256,36496,131,32,65,0,0,0,0,0,0,0,0,-32301,0,0,0,0,0,95989,0
95654,-958,8144,118,-20,314,-687,-4116,-37,-19,-725,-256,36496,131,32,65,0,0,0,0,0,0,0,0,-32302,0,0,0,0,0,95995,0
95659,-982,8128,124,-20,333,-703,-4128,-49,-40,-683,-288,36493,127,32,65,0,0,0,0,0,0,0,0,-32301,0,0,0,0,0,96000,0
95664,-1036,8086,104,-34,369,-714,-4140,-50,-40,-662,-248,36493,127,32,65,0,0,0,0,0,0,0,0,-32302,0,0,0,0,0,96006,0
95669,-1106,8124,146,-36,382,-722,-4144,-14,-13,-676,-248,36495,126,32,65,0,0,0,0,0,0,0,0,-32302,0,0,0,0,0,96011,0
95674,-1122,8154,162,-39,403,-734,-4142,2,26,-726,-256,36495,126,32,65,0,0,0,0,0,0,0,0,-32302,0,0,0,0,0,96017,0
95679,-1116,8158,164,-43,422,-742,-4143,-1,44,-742,-256,36495,123,32,65,0,0,0,0,0,0,0,0,-32301,0,0,0,0,0,96022,0
95684,-1142,8246,44,-45,454,-750,-4144,-2,39,-739,-248,36495,123,32,65,0,0,0,0,0,0,0,0,-32301,0,0,0,0,0,96027,0
95689,-1208,8256,2,-51,465,-749,-4142,0,27,-742,-256,36507,121,32,65,0,0,0,0,0,0,0,0,-32302,0,0,0,0,0,96033,0
95694,-1280,8224,-30,-61,473,-754,-4143,3,-1,-741,-264,36507,121,32,65,0,0,0,0,0,0,0,0,-32302,0,0,0,0,0,96039,0
95699,-1288,8166,-22,-54,477,-759,-4141,7,-1,-743,-264,36506,122,32,65,0,0,0,0,0,0,0,0,-32302,0,0,0,0,0,96044,0
95704,-1468,8016,-32,-61,474,-761,-4145,-7,-4,-742,-248,36506,122,32,65,0,0,0,0,0,0,0,0,-32301,0,0,0,0,0,96050,0
95709,-1584,8024,-76,-67,475,-770,-4144,-5,0,-735,-240,36507,129,32,65,0,0,0,0,0,0,0,0,-32302,0,0,0,0,0,96055,0
95714,-1574,7970,-70,-62,469,-769,-4142,3,3,-744,-256,36507,129,32,65,0,0,0,0,0,0,0,0,-32302,0,0,0,0,0,96061,0
95719,-1650,7942,-98,-65,465,-773,-4144,-5,-2,-742,-256,36498,133,32,65,0,0,0,0,0,0,0,0,-32302,0,0,0,0,0,96066,0
95724,-1800,7896,-146,-71,443,-775,-4144,0,-3,-733,-256,36498,133,32,65,0,0,0,0,0,0,0,0,-32302,0,0,0,0,0,96071,0
95729,-1828,7894,-148,-67,435,-779,-4144,-1,-2,-739,-248,36499,141,32,65,0,0,0,0,0,0,0,0,-32302,0,0,0,0,0,96077,0
95734,-1880,7894,-174,-66,421,-781,-4144,5,1,-737,-264,36499,141,32,65,0,0,0,0,0,0,0,0,-32302,0,0,0,0,0,96082,0
95739,-1912,7902,-146,-67,404,-777,-4144,-2,3,-741,-256,36499,140,32,65,0,0,0,0,0,0,0,0,-32302,0,0,0,0,0,96088,0
95744,-1970,7922,-152,-65,377,-773,-4144,2,1,-734,-256,36499,140,32,65,0,0,0,0,0,0,0,0,-32302,0,0,0,0,0,96093,0
95749,-1950,7932,-156,-59,358,-769,-4144,1,-2,-739,-256,36501,140,32,65,0,0,0,0,0,0,0,0,-32302,0,0,0,0,0,96099,0
95754,-2028,7910,-132,-51,342,-764,-4146,-3,-2,-736,-256,36501,140,32,65,0,0,0,0,0,0,0,0,-32301,0,0,0,0,0,96104,0
95759,-2042,7906,-110,-47,317,-764,-4145,-6,1,-737,-248,36500,138,32,65,0,0,0,0,0,0,0,0,-32302,0,0,0,0,0,96110,0
95764,-2096,7926,-118,-42,272,-749,-4146,-2,-2,-740,-248,36500,138,32,65,0,0,0,0,0,0,0,0,-32302,0,0,0,0,0,96115,0
95769,-2166,7928,-94,-30,249,-747,-4146,1,-5,-738,-248,36499,134,32,65,0,0,0,0,0,0,0,0,-32302,0,0,0,0,0,96121,0
95774,-2148,7896,-70,-31,230,-742,-4146,1,1,-736,-256,36499,134,32,65,0,0,0,0,0,0,0,0,-32302,0,0,0,0,0,96126,0
95779,-2148,7874,-58,-17,206,-733,-4147,-7,2,-733,-248,36496,131,32,65,0,0,0,0,0,0,0,0,-32302,0,0,0,0,0,96132,0
95784,-2152,7924,-40,-7,165,-723,-4147,-2,1,-731,-256,36496,131,32,65,0,0,0,0,0,0,0,0,-32301,0,0,0,0,0,96137,0
95789,-2128,7908,-8,-5,155,-714,-4146,5,2,-739,-256,36497,130,32,65,0,0,0,0,0,0,0,0,-32302,0,0,0,0,0,96143,0
95794,-2144,7918,2,1,150,-708,-4148,-5,-2,-738,-256,36497,130,32,65,0,0,0,0,0,0,0,0,-32302,0,0,0,0,0,96148,0
95799,-2182,7912,-2,-1,139,-699,-4147,7,5,-731,-256,36501,134,32,65,0,0,0,0,0,0,0,0,-32302,0,0,0,0,0,96153,0
95804,-2258,7860,-2,4,128,-677,-4147,-4,0,-740,-248,36501,134,32,65,0,0,0,0,0,0,0,0,-32302,0,0,0,0,0,96159,0
95809,-2290,7808,-14,7,132,-670,-4147,1,3,-733,-256,36499,129,32,65,0,0,0,0,0,0,0,0,-32302,0,0,0,0,0,96164,0
95814,-2246,8040,-70,-5,139,-660,-4149,-1,-3,-735,-248,36499,129,32,65,0,0,0,0,0,0,0,0,-32302,0,0,0,0,0,96170,0
95819,-2166,7812,284,11,133,-651,-4148,-2,2,-733,-248,36499,139,32,65,0,0,0,0,0,0,0,0,-32301,0,0,0,0,0,96176,0
95824,-2310,7698,-108,-1,139,-629,-4149,-3,0,-734,-248,36499,139,32,65,0,0,0,0,0,0,0,0,-32302,0,0,0,0,0,96181,0
95829,-2354,7756,-82,-5,148,-615,-4148,3,0,-731,-248,36496,144,32,65,0,0,0,0,0,0,0,0,-32302,0,0,0,0,0,96187,0
95834,-2342,7784,-110,-13,156,-605,-4149,-8,-1,-737,-248,36496,144,32,65,0,0,0,0,0,0,0,0,-32302,0,0,0,0,0,96192,0
95839,-2392,7848,-144,-19,164,-596,-4148,-7,1,-739,-248,36496,143,32,65,0,0,0,0,0,0,0,0,-32301,0,0,0,0,0,96198,0
95844,-2414,7898,-162,-31,162,-572,-4148,1,-1,-734,-256,36496,143,32,65,0,0,0,0,0,0,0,0,-32302,0,0,0,0,0,96203,0
95849,-2404,7912,-152,-37,168,-561,-4148,9,-2,-733,-256,36498,134,32,65,0,0,0,0,0,0,0,0,-32302,0,0,0,0,0,96208,0
95854,-2382,7922,-186,-48,176,-549,-4150,-4,0,-734,-256,36498,134,32,65,0,0,0,0,0,0,0,0,-32302,0,0,0,0,0,96214,0
95859,-2326,7922,-200,-52,181,-541,-4148,-1,7,-735,-248,36499,135,32,65,0,0,0,0,0,0,0,0,-32302,0,0,0,0,0,96219,0
95864,-2318,7944,-194,-74,191,-525,-4150,-7,3,-739,-248,36499,135,32,65,0,0,0,0,0,0,0,0,-32302,0,0,0,0,0,96225,0
95869,-2300,7890,-214,-74,196,-517,-4150,0,-6,-729,-248,36501,136,32,65,0,0,0,0,0,0,0,0,-32301,0,0,0,0,0,96230,0
95874,-2312,7884,-238,-85,199,-512,-4150,-2,-3,-738,-248,36501,136,32,65,0,0,0,0,0,0,0,0,-32302,0,0,0,0,0,96236,0
95879,-2328,7876,-192,-89,203,-505,-4149,4,2,-732,-248,36499,140,32,65,0,0,0,0,0,0,0,0,-32301,0,0,0,0,0,96241,0
95884,-2294,7902,-202,-103,203,-495,-4149,-3,0,-738,-256,36499,140,32,65,0,0,0,0,0,0,0,0,-32302,0,0,0,0,0,96246,0
95889,-2272,7874,-240,-109,204,-489,-4150,-1,2,-733,-256,36499,139,32,65,0,0,0,0,0,0,0,0,-32302,0,0,0,0,0,96252,0
95894,-2260,7882,-234,-120,206,-487,-4150,-3,0,-734,-256,36499,139,32,65,0,0,0,0,0,0,0,0,-32302,0,0,0,0,0,96257,0
95899,-2282,7852,-238,-122,204,-486,-4150,3,-1,-735,-256,36505,132,32,65,0,0,0,0,0,0,0,0,-32302,0,0,0,0,0,96263,0
95904,-2268,7846,-214,-132,199,-481,-4150,-5,0,-739,-248,36505,132,32,65,0,0,0,0,0,0,0,0,-32302,0,0,0,0,0,96268,0
95909,-2284,7846,-180,-140,193,-483,-4150,2,3,-729,-256,36505,132,32,65,0,0,0,0,0,0,0,0,-32302,0,0,0,0,0,96274,0
95914,-2262,7852,-162,-137,183,-484,-4150,1,-1,-731,-248,36505,132,32,65,0,0,0,0,0,0,0,0,-32302,0,0,0,0,0,96279,0
95919,-2256,7852,-110,-141,181,-484,-4151,0,-3,-729,-248,36504,134,32,65,0,0,0,0,0,0,0,0,-32301,0,0,0,0,0,96285,0
95924,-2226,7862,-66,-140,172,-489,-4151,-4,-1,-733,-248,36504,134,32,65,0,0,0,0,0,0,0,0,-32302,0,0,0,0,0,96290,0
95929,-2148,7830,-62,-135,164,-494,-4150,-1,1,-732,-248,36499,136,32,65,0,0,0,0,0,0,0,0,-32301,0,0,0,0,0,96296,0
95934,-2176,7880,12,-135,152,-498,-4151,1,-1,-731,-256,36499,136,32,65,0,0,0,0,0,0,0,0,-32302,0,0,0,0,0,96301,0
95939,-2132,7870,42,-128,143,-505,-4150,0,-2,-734,-256,36499,133,32,65,0,0,0,0,0,0,0,0,-32302,0,0,0,0,0,96307,0
95944,-2084,7970,90,-127,125,-515,-4151,0,-2,-731,-264,36499,133,32,65,0,0,0,0,0,0,0,0,-32301,0,0,0,0,0,96312,0
95949,-2096,7958,106,-123,122,-522,-4151,-2,3,-733,-256,36499,133,32,65,0,0,0,0,0,0,0,0,-32301,0,0,0,0,0,96318,0
95954,-2078,7976,134,-113,116,-528,-4151,-1,-3,-733,-248,36499,133,32,65,0,0,0,0,0,0,0,0,-32301,0,0,0,0,0,96323,0
95959,-2078,7970,170,-110,107,-538,-4150,4,5,-732,-248,36493,135,32,65,0,0,0,0,0,0,0,0,-32302,0,0,0,0,0,96328,0
95964,-2100,7876,244,-95,83,-560,-4150,1,6,-736,-248,36493,135,32,65,0,0,0,0,0,0,0,0,-32302,0,0,0,0,0,96334,0
95969,-2118,7862,246,-80,78,-566,-4150,4,0,-725,-256,36490,145,32,65,0,0,0,0,0,0,0,0,-32301,0,0,0,0,0,96340,0
95974,-2120,7844,256,-74,62,-579,-4151,0,0,-729,-248,36490,145,32,65,0,0,0,0,0,0,0,0,-32302,0,0,0,0,0,96346,0
95979,-2120,7838,256,-61,46,-585,-4151,0,2,-738,-256,36491,145,32,65,0,0,0,0,0,0,0,0,-32302,0,0,0,0,0,96351,0
95984,-2116,7842,308,-35,23,-608,-4153,-7,-3,-733,-240,36491,145,32,65,0,0,0,0,0,0,0,0,-32302,0,0,0,0,0,96357,0
95989,-2082,7832,302,-26,2,-622,-4150,0,-1,-732,-256,36495,134,32,65,0,0,0,0,0,0,0,0,-32302,0,0,0,0,0,96362,0
95994,-2100,7856,338,-15,2,-630,-4151,1,-1,-733,-256,36495,134,32,65,0,0,0,0,0,0,0,0,-32302,0,0,0,0,0,96368,0
95999,-2092,7826,328,-6,-10,-646,-4151,2,3,-732,-256,36499,135,32,65,0,0,0,0,0,0,0,0,-32301,0,0,0,0,0,96373,0
96004,-2092,7826,314,20,-25,-665,-4152,-4,-3,-734,-240,36499,135,32,65,0,0,0,0,0,0,0,0,-32302,0,0,0,0,0,96379,0
96009,-2090,7842,352,26,-38,-676,-4150,2,0,-732,-248,36504,133,32,65,0,0,0,0,0,0,0,0,-32302,0,0,0,0,0,96384,0
96014,-2092,7858,346,31,-41,-689,-4151,3,3,-736,-248,36504,133,32,65,0,0,0,0,0,0,0,0,-32301,0,0,0,0,0,96390,0
96019,-2046,7894,314,44,-46,-707,-4151,1,2,-734,-256,36502,131,32,65,0,0,0,0,0,0,0,0,-32301,0,0,0,0,0,96395,0
96024,-1998,7922,338,59,-52,-733,-4151,5,-3,-731,-256,36502,131,32,65,0,0,0,0,0,0,0,0,-32302,0,0,0,0,0,96401,0
96029,-1964,7982,328,61,-51,-747,-4152,-3,0,-734,-248,36502,127,32,65,0,0,0,0,0,0,0,0,-32301,0,0,0,0,0,96406,0
96034,-1896,8018,344,65,-50,-761,-4152,-1,1,-731,-256,36502,127,32,65,0,0,0,0,0,0,0,0,-32302,0,0,0,0,0,96412,0
96039,-1860,8074,322,70,-46,-780,-4151,0,-1,-735,-248,36496,125,32,65,0,0,0,0,0,0,0,0,-32301,0,0,0,0,0,96417,0
96044,-1810,8120,322,71,-28,-812,-4151,-1,2,-734,-240,36496,125,32,65,0,0,0,0,0,0,0,0,-32302,0,0,0,0,0,96423,0
96049,-1782,8146,302,68,-19,-825,-4150,-1,-2,-735,-256,36496,134,32,65,0,0,0,0,0,0,0,0,-32302,0,0,0,0,0,96428,0
96054,-1788,8148,300,71,-11,-850,-4151,0,-4,-732,-256,36496,134,32,65,0,0,0,0,0,0,0,0,-32302,0,0,0,0,0,96434,0
96059,-1794,8134,280,65,-7,-870,-4151,0,-4,-735,-256,36497,136,32,65,0,0,0,0,0,0,0,0,-32302,0,0,0,0,0,96439,0
96064,-1814,8168,260,73,4,-908,-4152,1,-2,-731,-248,36497,136,32,65,0,0,0,0,0,0,0,0,-32301,0,0,0,0,0,96445,0
96069,-1766,8204,170,74,10,-933,-4152,0,1,-732,-248,36496,135,32,65,0,0,0,0,0,0,0,0,-32301,0,0,0,0,0,96450,0
96074,-1804,8214,176,66,16,-950,-4151,3,-2,-726,-240,36496,135,32,65,0,0,0,0,0,0,0,0,-32302,0,0,0,0,0,96456,0
96079,-1858,8222,136,63,25,-971,-4152,-1,2,-732,-240,36496,133,32,65,0,0,0,0,0,0,0,0,-32302,0,0,0,0,0,96461,0
96084,-2066,8138,370,71,11,-1006,-4152,1,3,-731,-248,36496,133,32,65,0,0,0,0,0,0,0,0,-32302,0,0,0,0,0,96466,0
96089,-2028,8242,232,53,20,-1029,-4152,-1,-1,-733,-248,36498,137,32,65,0,0,0,0,0,0,0,0,-32301,0,0,0,0,0,96472,0
96094,-2028,8044,124,64,34,-1047,-4151,0,0,-733,-248,36498,137,32,65,0,0,0,0,0,0,0,0,-32302,0,0,0,0,0,96478,0
96099,-2138,7920,-26,64,40,-1065,-4151,4,1,-735,-248,36499,134,32,65,0,0,0,0,0,0,0,0,-32302,0,0,0,0,0,96483,0
96104,-2206,7988,344,48,36,-1102,-4151,5,1,-735,-256,36499,134,32,65,0,0,0,0,0,0,0,0,-32302,0,0,0,0,0,96489,0
96109,-1932,7888,-72,48,34,-1119,-4152,3,1,-735,-248,36498,133,32,65,0,0,0,0,0,0,0,0,-32302,0,0,0,0,0,96494,0
96114,-2086,7898,-118,35,41,-1138,-4152,-1,1,-732,-240,36498,133,32,65,0,0,0,0,0,0,0,0,-32302,0,0,0,0,0,96500,0
96119,-2040,8304,-516,8,64,-1152,-4152,-5,0,-734,-240,36504,136,32,65,0,0,0,0,0,0,0,0,-32302,0,0,0,0,0,96505,0
96124,-2150,8190,-302,18,50,-1188,-4152,-6,-2,-732,-248,36504,136,32,65,0,0,0,0,0,0,0,0,-32302,0,0,0,0,0,96511,0
96129,-2104,8150,-376,-7,51,-1210,-4152,-5,-2,-733,-232,36504,136,32,65,0,0,0,0,0,0,0,0,-32302,0,0,0,0,0,96516,0
96134,-2420,7832,-438,-15,63,-1221,-4151,0,-1,-735,-248,36504,136,32,65,0,0,0,0,0,0,0,0,-32302,0,0,0,0,0,96522,0
96139,-2174,8340,-362,-36,58,-1242,-4152,-1,2,-737,-248,36505,128,32,65,0,0,0,0,0,0,0,0,-32302,0,0,0,0,0,96528,0
96144,-2168,8060,-594,-68,69,-1287,-4150,-4,1,-734,-256,36505,128,32,65,0,0,0,0,0,0,0,0,-32301,0,0,0,0,0,96533,0
96149,-2036,8516,-624,-97,68,-1310,-4152,0,-2,-731,-256,36498,128,32,65,0,0,0,0,0,0,0,0,-32302,0,0,0,0,0,96538,0
96154,-1898,8886,-666,-134,75,-1332,-4152,0,2,-736,-248,36498,128,32,65,0,0,0,0,0,0,0,0,-32302,0,0,0,0,0,96544,0
96159,-1806,8856,-668,-139,74,-1360,-4152,-5,-1,-737,-248,36499,123,32,65,0,0,0,0,0,0,0,0,-32302,0,0,0,0,0,96549,0
96164,-2044,9204,-884,-204,90,-1407,-4151,-1,3,-731,-240,36499,123,32,65,0,0,0,0,0,0,0,0,-32302,0,0,0,0,0,96555,0
96169,-1934,9566,-672,-233,88,-1422,-4151,2,7,-732,-256,36499,131,32,65,0,0,0,0,0,0,0,0,-32302,0,0,0,0,0,96560,0
96174,-1928,9446,-912,-255,99,-1446,-4151,-1,1,-734,-248,36499,131,32,65,0,0,0,0,0,0,0,0,-32302,0,0,0,0,0,96566,0
96179,-1920,9498,-694,-287,105,-1474,-4151,-3,1,-737,-240,36497,133,32,65,0,0,0,0,0,0,0,0,-32302,0,0,0,0,0,96571,0
96184,-2032,9502,-762,-346,132,-1510,-4149,-1,6,-741,-248,36497,133,32,65,0,0,0,0,0,0,0,0,-32303,0,0,0,0,0,96577,0
96189,-2048,9498,-610,-379,144,-1530,-4147,9,8,-743,-256,36497,134,32,65,0,0,0,0,0,0,0,0,-32302,0,0,0,0,0,96582,0
96194,-2164,9340,-672,-398,156,-1546,-4147,5,7,-743,-248,36497,134,32,65,0,0,0,0,0,0,0,0,-32301,0,0,0,0,0,96588,0
96199,-2364,9124,-580,-425,164,-1561,-4145,1,2,-747,-248,36499,138,32,65,0,0,0,0,0,0,0,0,-32302,0,0,0,0,0,96593,0
96204,-2582,8926,-444,-467,174,-1581,-4144,3,2,-752,-248,36499,138,32,65,0,0,0,0,0,0,0,0,-32301,0,0,0,0,0,96599,0
96209,-2644,8864,-362,-484,175,-1597,-4142,2,5,-754,-248,36502,137,32,65,0,0,0,0,0,0,0,0,-32301,0,0,0,0,0,96604,0
96214,-3036,8876,-254,-491,191,-1599,-4139,7,5,-761,-248,36502,137,32,65,0,0,0,0,0,0,0,0,-32302,0,0,0,0,0,96610,0
96219,-3014,8618,-106,-509,198,-1599,-4137,4,7,-768,-248,36506,140,32,65,0,0,0,0,0,0,0,0,-32302,0,0,0,0,0,96615,0
96224,-3046,8170,98,-531,224,-1602,-4135,5,4,-770,-248,36506,140,32,65,0,0,0,0,0,0,0,0,-32302,0,0,0,0,0,96620,0
96229,-3350,8012,246,-541,234,-1599,-4129,16,7,-778,-248,36504,136,32,65,0,0,0,0,0,0,0,0,-32302,0,0,0,0,0,96626,0
96234,-3544,7870,332,-545,239,-1596,-4125,14,12,-792,-240,36504,136,32,65,0,0,0,0,0,0,0,0,-32302,0,0,0,0,0,96631,0
96239,-3722,7738,410,-551,254,-1587,-4117,31,16,-811,-240,36502,129,32,65,0,0,0,0,0,0,0,0,-32301,0,0,0,0,0,96637,0
96244,-3824,7324,492,-551,275,-1560,-4106,44,22,-847,-208,36502,129,32,65,0,0,0,0,0,0,0,0,-32301,0,0,0,0,0,96643,0
96249,-3910,7102,556,-552,282,-1548,-4085,101,46,-894,-208,36497,132,32,65,0,0,0,0,0,0,0,0,-32302,0,0,0,0,0,96648,0
96254,-3874,6808,578,-540,277,-1552,-4054,140,82,-1001,-232,36497,132,32,65,0,0,0,0,0,0,0,0,-32301,0,0,0,0,0,96654,0
96259,-3732,6666,484,-537,289,-1545,-4023,142,99,-1074,-208,36496,143,32,65,0,0,0,0,0,0,0,0,-32301,0,0,0,0,0,96659,0
96264,-2704,6442,468,-522,290,-1595,-3977,202,118,-1147,-160,36496,143,32,65,0,0,0,0,0,0,0,0,-32302,0,0,0,0,0,96665,0
96269,-2568,6406,442,-510,291,-1610,-3914,283,139,-1301,-144,36498,148,32,65,0,0,0,0,0,0,0,0,-32302,0,0,0,0,0,96670,0
96274,-2822,6322,484,-507,301,-1636,-3830,373,185,-1489,-96,36498,148,32,65,0,0,0,0,0,0,0,0,-32303,0,0,0,0,0,96676,0
96279,-3098,6220,566,-502,317,-1654,-3718,500,256,-1737,-104,36502,133,32,65,0,0,0,0,0,0,0,0,-32303,0,0,0,0,0,96681,0
96284,-3560,6158,768,-507,353,-1664,-3577,631,328,-1995,-8,36502,133,32,65,0,0,0,0,0,0,0,0,-32303,0,0,0,0,0,96686,0
96289,-3706,6242,854,-506,375,-1660,-3414,732,387,-2370,-56,36505,112,32,65,0,0,0,0,0,0,0,0,-32301,0,0,0,0,0,96692,0
96294,-3868,6376,876,-510,399,-1652,-3241,764,370,-2756,-72,36505,112,32,65,0,0,0,0,0,0,0,0,-32301,0,0,0,0,0,96697,0
96299,-4104,6516,892,-527,441,-1635,-3065,779,300,-2999,-72,36510,97,32,65,0,0,0,0,0,0,0,0,-32302,0,0,0,0,0,96703,0
96304,-4220,6620,820,-534,496,-1602,-2886,787,194,-3228,-104,36510,97,32,65,0,0,0,0,0,0,0,0,-32303,0,0,0,0,0,96708,0
96309,-4294,6630,720,-544,521,-1583,-2710,775,94,-3399,-128,36512,92,32,65,0,0,0,0,0,0,0,0,-32302,0,0,0,0,0,96714,0
96314,-4340,6658,734,-542,543,-1564,-2531,782,28,-3586,-152,36512,92,32,65,0,0,0,0,0,0,0,0,-32300,0,0,0,0,0,96720,0
96319,-4320,6638,662,-542,568,-1543,-2355,782,8,-3735,-168,36517,96,32,65,0,0,0,0,0,0,0,0,-32302,0,0,0,0,0,96725,0
96324,-4452,6558,538,-550,593,-1497,-2179,768,-1,-3902,-152,36517,96,32,65,0,0,0,0,0,0,0,0,-32304,0,0,0,0,0,96730,0
96329,-4610,6432,526,-544,597,-1468,-2004,770,-16,-4057,-144,36516,104,32,65,0,0,0,0,0,0,0,0,-32303,0,0,0,0,0,96736,0
96334,-4690,6320,504,-533,604,-1442,-1826,782,-18,-3407,1872,36516,104,32,65,0,0,0,0,0,0,0,0,-32300,0,0,0,0,0,96741,0
96339,-4510,6352,610,-530,584,-1527,-1438,1819,336,-667,4432,36515,112,32,65,0,0,0,0,0,0,0,0,-32302,0,0,0,0,0,96747,0
96344,616,6920,150,-508,522,-1848,-800,2919,1201,-104,6768,36515,112,32,65,0,0,0,0,0,0,0,0,-32302,0,0,0,0,0,96752,0
96349,2908,7562,32,-477,470,-2025,54,3857,2278,-25,8400,36509,122,32,65,0,0,0,0,0,0,0,0,-32302,0,0,0,0,0,96758,0
96354,3852,7968,-198,-466,450,-2219,1085,4602,3023,-34,9648,36509,122,32,65,0,0,0,0,0,0,0,0,-32302,0,0,0,0,0,96764,0
96359,4068,7862,-58,-427,447,-2403,2250,5186,3186,-128,10696,36500,133,32,65,0,0,0,0,0,0,0,0,-32302,0,0,0,0,0,96772,0
96364,1978,7526,412,-441,487,-2738,3544,5755,2741,-232,11800,36500,133,32,65,0,0,0,0,0,0,0,0,-32302,0,0,0,0,0,96774,0
96369,816,7464,774,-457,507,-2890,4977,6361,2338,-282,12992,36496,132,32,65,0,0,0,0,0,0,0,0,-32302,0,0,0,0,0,96780,0
96374,70,7566,1034,-465,533,-3008,6527,6862,2086,-342,13944,36496,132,32,65,0,0,0,0,0,0,0,0,-32302,0,0,0,0,0,96785,0
96379,-576,8132,1006,-471,549,-3132,8188,7368,1951,-455,15064,36504,106,32,65,0,0,0,0,0,0,0,0,-32302,0,0,0,0,0,96791,0
96384,-1150,9282,364,-508,549,-3361,9960,7838,1871,-442,15824,36504,106,32,65,0,0,0,0,0,0,0,0,-32302,0,0,0,0,0,96796,0
96389,-1196,9886,16,-472,521,-3456,11813,8190,1719,-488,16472,36523,58,32,65,0,0,0,0,0,0,0,0,-32302,0,0,0,0,0,96802,0
96394,-1312,10268,-196,-483,495,-3545,13755,8580,1580,-532,16856,36523,58,32,65,0,0,0,0,0,0,0,0,-32302,0,0,0,0,0,96807,0
96399,-1318,10090,-514,-427,445,-3639,15733,8715,1359,-601,17128,36549,8,32,65,0,0,0,0,0,0,0,0,-32302,0,0,0,0,0,96813,0
96404,-1640,10166,-388,-392,334,-3804,17757,8922,1106,-720,17488,36549,8,32,65,0,0,0,0,0,0,0,0,-32302,0,0,0,0,0,96818,0
96409,-1858,9996,-446,-347,265,-3884,19802,9008,828,-745,17664,36575,-52,32,65,0,0,0,0,0,0,0,0,-32302,0,0,0,0,0,96824,0
96414,-2336,9888,-356,-327,204,-3958,21903,9256,675,-793,17952,36575,-52,32,65,0,0,0,0,0,0,0,0,-32302,0,0,0,0,0,96829,0
96419,-2534,9466,-398,-278,149,-4040,24022,9330,559,-827,18120,36601,-91,32,65,0,0,0,0,0,0,0,0,-32302,0,0,0,0,0,96835,0
96424,-2416,9344,-6,-215,17,-4186,26180,9510,554,-941,18440,36601,-91,32,65,0,0,0,0,0,0,0,0,-32302,0,0,0,0,0,96840,0
96429,-2142,9076,24,-204,-56,-4240,28357,9597,492,-927,18568,36629,-158,32,65,0,0,0,0,0,0,0,0,-32302,0,0,0,0,0,96846,0
96434,-2540,8544,4,-178,-126,-4312,30141,9814,518,-965,18904,36629,-158,32,65,0,0,0,0,0,0,0,0,-32302,0,0,0,0,0,96851,0
96439,-2754,8896,140,-125,-213,-4378,32378,9856,471,-1052,19264,36654,-220,32,65,0,0,0,0,0,0,0,0,-32302,0,0,0,0,0,96857,0
96444,-2488,8290,136,-38,-347,-4523,34647,9983,495,-1163,19496,36654,-220,32,65,0,0,0,0,0,0,0,0,-32302,0,0,0,0,0,96862,0
96449,-2932,7852,100,-24,-410,-4551,36943,10135,448,-1146,19800,36691,-303,32,65,0,0,0,0,0,0,0,0,-32302,0,0,0,0,0,96868,0
96454,-2552,7540,382,49,-452,-4603,39288,10325,482,-1186,20160,36691,-303,32,65,0,0,0,0,0,0,0,0,-32302,0,0,0,0,0,96873,0
96459,-3292,7294,354,74,-531,-4666,41670,10517,525,-1347,20800,36725,-377,32,65,0,0,0,0,0,0,0,0,-32302,0,0,0,0,0,96879,0
96464,-2916,6606,674,114,-616,-4761,44092,10656,589,-1376,21208,36725,-377,32,65,0,0,0,0,0,0,0,0,-32302,0,0,0,0,0,96884,0
96469,-2972,6908,546,171,-676,-4816,46584,11005,707,-1367,21448,36753,-436,32,65,0,0,0,0,0,0,0,0,-32302,0,0,0,0,0,96890,0
96474,-2866,6252,656,193,-738,-4892,49105,11116,693,-1429,22064,36753,-436,32,65,0,0,0,0,0,0,0,0,-32302,0,0,0,0,0,96895,0
96479,-2952,6162,500,257,-775,-4917,51657,11226,704,-1528,21864,36781,-498,32,65,0,0,0,0,0,0,0,0,-32302,0,0,0,0,0,96901,0
96484,-3236,5682,970,322,-841,-4964,54255,11462,635,-1508,22344,36781,-498,32,65,0,0,0,0,0,0,0,0,-32301,0,0,0,0,0,96907,0
96489,-3366,5206,876,317,-845,-5018,56870,11507,551,-1609,22936,36820,-587,32,65,0,0,0,0,0,0,0,0,-32302,0,0,0,0,0,96912,0
96494,-3282,4862,924,348,-831,-5041,59512,11628,477,-1701,23000,36820,-587,32,65,0,0,0,0,0,0,0,0,-32303,0,0,0,0,0,96917,0
96499,-3804,5078,748,309,-846,-5027,62188,11813,440,-1624,22992,36859,-673,32,65,0,0,0,0,0,0,0,0,-32302,0,0,0,0,0,96923,0
96504,-2314,5450,704,385,-865,-4691,64874,11806,412,-1752,23088,36859,-673,32,65,0,0,0,0,0,0,0,0,-32302,0,0,0,0,0,96929,0
96509,-234,4984,354,427,-865,-4404,67554,11778,293,-1837,22736,36893,-750,32,65,0,0,0,0,0,0,0,0,-32302,0,0,0,0,0,96935,0
96514,-2136,6376,428,435,-851,-4388,70209,11689,105,-1802,22544,36893,-750,32,65,0,0,0,0,0,0,0,0,-32302,0,0,0,0,0,96940,0
96519,-1222,6284,64,466,-784,-4069,72821,11445,-128,-1895,22056,36932,-816,32,65,0,0,0,0,0,0,0,0,-32301,0,0,0,0,0,96946,0
96524,-2580,7398,-250,491,-658,-3654,75374,11211,-439,-1968,21288,36932,-816,32,65,0,0,0,0,0,0,0,0,-32302,0,0,0,0,0,96951,0
96529,-2572,5922,-592,514,-583,-3437,77858,10910,-683,-1929,20392,36954,-826,32,65,0,0,0,0,0,0,0,0,-32302,0,0,0,0,0,96957,0
96534,-4596,6596,-284,551,-528,-3278,80283,10624,-825,-2081,19816,36954,-826,32,65,0,0,0,0,0,0,0,0,-32302,0,0,0,0,0,96963,0
96539,-5408,5888,202,515,-443,-3210,82638,10340,-969,-2175,19272,36963,-839,32,65,0,0,0,0,0,0,0,0,-32302,0,0,0,0,0,96968,0
96544,-8082,4762,702,460,-300,-3082,84927,10034,-992,-2121,18648,36963,-839,32,65,0,0,0,0,0,0,0,0,-32303,0,0,0,0,0,96974,0
96549,-9672,3952,994,417,-224,-3085,87201,10002,-886,-2162,18464,36967,-857,32,65,0,0,0,0,0,0,0,0,-32302,0,0,0,0,0,96979,0
96554,-10378,3250,1338,387,-180,-3060,89440,9832,-760,-2260,18664,36967,-857,32,65,0,0,0,0,0,0,0,0,-32302,0,0,0,0,0,96984,0
96559,-10936,3260,1186,344,-136,-3014,91673,9823,-503,-2275,18384,36967,-877,32,65,0,0,0,0,0,0,0,0,-32302,0,0,0,0,0,96990,0
96564,-9444,3390,706,316,-143,-2682,93884,9721,-365,-2242,17936,36967,-877,32,65,0,0,0,0,0,0,0,0,-32302,0,0,0,0,0,96995,0
96569,-9458,4526,310,310,-233,-2484,96085,9665,-249,-2175,17632,36966,-852,32,65,0,0,0,0,0,0,0,0,-32302,0,0,0,0,0,97001,0
96574,-9128,4966,854,336,-221,-2419,98215,9338,-367,-2349,16872,36966,-852,32,65,0,0,0,0,0,0,0,0,-32303,0,0,0,0,0,97006,0
96579,-9624,5694,622,302,-214,-2330,100261,8948,-589,-2323,15936,36968,-850,32,65,0,0,0,0,0,0,0,0,-32301,0,0,0,0,0,97012,0
96584,-9896,5350,-86,347,-141,-1926,102211,8543,-935,-2386,15016,36968,-850,32,65,0,0,0,0,0,0,0,0,-32303,0,0,0,0,0,97018,0
96589,-8304,5332,-276,367,-86,-1599,104077,8160,-1213,-2348,13984,36955,-808,32,65,0,0,0,0,0,0,0,0,-32301,0,0,0,0,0,97023,0
96594,-7718,5794,-240,371,-21,-1326,105816,7597,-1423,-2489,12928,36955,-808,32,65,0,0,0,0,0,0,0,0,-32302,0,0,0,0,0,97029,0
96599,-7856,6224,-398,343,64,-1147,107440,7098,-1579,-2485,11776,36937,-773,32,65,0,0,0,0,0,0,0,0,-32303,0,0,0,0,0,97034,0
96604,-8996,5736,-350,272,258,-673,108934,6518,-1711,-2454,10504,36937,-773,32,65,0,0,0,0,0,0,0,0,-32302,0,0,0,0,0,97039,0
96609,-9522,5384,-404,244,320,-451,110312,6006,-1826,-2487,9504,36902,-693,32,65,0,0,0,0,0,0,0,0,-32302,0,0,0,0,0,97045,0
96614,-10166,4786,-170,211,402,-281,111590,5578,-1814,-2478,8560,36902,-693,32,65,0,0,0,0,0,0,0,0,-32302,0,0,0,0,0,97050,0
96619,-11104,4520,212,163,461,-187,112758,5087,-1743,-2510,7664,36860,-599,32,65,0,0,0,0,0,0,0,0,-32302,0,0,0,0,0,97056,0
96624,-12368,2370,1034,54,552,-196,113834,4698,-1647,-2573,6960,36860,-599,32,65,0,0,0,0,0,0,0,0,-32302,0,0,0,0,0,97062,0
96629,-10784,1752,382,111,556,329,114848,4437,-1471,-2502,6288,36819,-494,32,65,0,0,0,0,0,0,0,0,-32301,0,0,0,0,0,97067,0
96634,-6360,2784,-880,262,526,1293,115780,4060,-1332,-2428,5280,36819,-494,32,65,0,0,0,0,0,0,0,0,-32302,0,0,0,0,0,97073,0
96639,-9104,6710,-686,258,438,1308,116594,3525,-1310,-2447,4128,36775,-399,32,65,0,0,0,0,0,0,0,0,-32303,0,0,0,0,0,97078,0
96644,-15274,-884,2584,-246,898,-785,117300,3067,-1392,-2600,3480,36775,-399,32,65,0,0,0,0,0,0,0,0,-32303,0,0,0,0,0,97084,0
96649,-7580,-4434,-1970,101,758,1406,117956,2871,-1420,-2597,3240,36736,-316,32,65,0,0,0,0,0,0,0,0,-32302,0,0,0,0,0,97089,0
96654,-9708,3378,-1288,167,503,1982,118560,2627,-1306,-2391,2360,36736,-316,32,65,0,0,0,0,0,0,0,0,-32301,0,0,0,0,0,97095,0
96659,-1534,7572,-1552,287,462,2576,119052,2112,-1189,-2350,936,36689,-219,32,65,0,0,0,0,0,0,0,0,-32302,0,0,0,0,0,97100,0
96664,-5688,7510,-168,358,626,3317,119385,1387,-1331,-2548,144,36689,-219,32,65,0,0,0,0,0,0,0,0,-32302,0,0,0,0,0,97106,0
96669,-10944,8474,840,221,571,2999,119518,498,-1818,-2896,-888,36638,-107,32,65,0,0,0,0,0,0,0,0,-32304,0,0,0,0,0,97111,0
96674,-23294,9944,5042,-217,684,234,119487,-190,-2338,-2583,-1528,36638,-107,32,65,0,0,0,0,0,0,0,0,-32303,0,0,0,0,0,97117,0
96679,-12364,-284,1780,-277,1054,752,119398,-394,-2370,-2380,-1608,36577,34,32,65,0,0,0,0,0,0,0,0,-32303,0,0,0,0,0,97122,0
96684,-9250,2486,1138,11,520,3466,119326,-303,-1798,-2446,-1280,36577,34,32,65,0,0,0,0,0,0,0,0,-32302,0,0,0,0,0,97128,0
96689,-1842,4552,-900,195,496,3896,119251,-337,-985,-2245,-1832,36526,147,32,65,0,0,0,0,0,0,0,0,-32303,0,0,0,0,0,97133,0
96694,702,5452,502,269,502,4307,119107,-673,-459,-2200,-2768,36526,147,32,65,0,0,0,0,0,0,0,0,-32301,0,0,0,0,0,97139,0
96699,-2390,8532,718,267,497,4599,118848,-1195,-541,-2290,-3936,36484,241,32,65,0,0,0,0,0,0,0,0,-32301,0,0,0,0,0,97144,0
96704,-17128,8580,2146,-58,610,2691,118472,-1707,-1026,-2347,-4952,36484,241,32,65,0,0,0,0,0,0,0,0,-32303,0,0,0,0,0,97150,0
96709,-12078,3006,894,-108,770,2654,118004,-2097,-1445,-2379,-5432,36449,316,32,65,0,0,0,0,0,0,0,0,-32301,0,0,0,0,0,97155,0
96714,-12304,-1344,732,-175,782,3194,117513,-2169,-1439,-2434,-5224,36449,316,32,65,0,0,0,0,0,0,0,0,-32302,0,0,0,0,0,97161,0
96719,-8090,-3376,-294,-34,756,4451,117037,-2085,-1009,-2284,-5192,36409,402,32,65,0,0,0,0,0,0,0,0,-32303,0,0,0,0,0,97166,0
96724,-206,7038,348,70,505,5355,116541,-2202,-532,-2093,-5800,36409,402,32,65,0,0,0,0,0,0,0,0,-32301,0,0,0,0,0,97172,0
96729,-6082,9134,1480,-32,525,4445,115971,-2539,-357,-2168,-6560,36375,465,32,65,0,0,0,0,0,0,0,0,-32302,0,0,0,0,0,97177,0
96734,-9762,7856,1908,-170,678,3433,115327,-2862,-511,-2248,-6960,36375,465,32,65,0,0,0,0,0,0,0,0,-32303,0,0,0,0,0,97183,0
96739,-16302,3130,1010,-333,811,2611,114672,-2872,-702,-2366,-6536,36351,517,32,65,0,0,0,0,0,0,0,0,-32303,0,0,0,0,0,97188,0
96744,-7336,-3460,-1094,-172,716,5003,114075,-2588,-532,-2268,-5696,36351,517,32,65,0,0,0,0,0,0,0,0,-32302,0,0,0,0,0,97194,0
96749,986,3904,996,-69,453,5719,113519,-2439,-62,-2009,-6056,36343,527,32,65,0,0,0,0,0,0,0,0,-32301,0,0,0,0,0,97199,0
96754,-948,7868,764,-22,425,5547,112919,-2674,214,-1971,-6824,36343,527,32,65,0,0,0,0,0,0,0,0,-32302,0,0,0,0,0,97205,0
96759,-40,7926,154,30,474,5675,112226,-3095,0,-2047,-7928,36335,545,32,65,0,0,0,0,0,0,0,0,-32303,0,0,0,0,0,97210,0
96764,-5772,8094,598,-147,573,5005,111424,-3578,-609,-2117,-8816,36335,545,32,65,0,0,0,0,0,0,0,0,-32302,0,0,0,0,0,97215,0
96769,-6290,5234,-220,-195,664,5087,110519,-4020,-1209,-2158,-9504,36315,568,32,65,0,0,0,0,0,0,0,0,-32302,0,0,0,0,0,97221,0
96774,-9262,4792,556,-304,717,4888,109552,-4271,-1428,-2122,-9936,36315,568,32,65,0,0,0,0,0,0,0,0,-32301,0,0,0,0,0,97226,0
96779,-8860,1400,288,-313,741,5037,108574,-4310,-1224,-2076,-9696,36290,626,32,65,0,0,0,0,0,0,0,0,-32301,0,0,0,0,0,97232,0
96784,-7962,882,658,-324,645,5390,107605,-4264,-784,-2032,-9616,36290,626,32,65,0,0,0,0,0,0,0,0,-32302,0,0,0,0,0,97238,0
96789,-5856,1356,446,-274,529,5321,106642,-4229,-329,-1981,-9368,36263,685,32,65,0,0,0,0,0,0,0,0,-32303,0,0,0,0,0,97243,0
96794,-5476,2760,460,-210,438,5246,105690,-4185,-17,-1951,-9376,36263,685,32,65,0,0,0,0,0,0,0,0,-32301,0,0,0,0,0,97249,0
96799,-5812,3138,538,-207,445,5137,104749,-4127,121,-1888,-9168,36257,696,32,65,0,0,0,0,0,0,0,0,-32301,0,0,0,0,0,97254,0
96804,-7866,3546,16,-224,524,5130,103825,-4075,163,-1923,-9176,36257,696,32,65,0,0,0,0,0,0,0,0,-32302,0,0,0,0,0,97260,0
96809,-8652,3792,188,-255,524,5045,102908,-4030,176,-1876,-9064,36262,671,32,65,0,0,0,0,0,0,0,0,-32303,0,0,0,0,0,97265,0
96814,-6720,3910,-20,-220,504,5271,101994,-4028,155,-1819,-9072,36262,671,32,65,0,0,0,0,0,0,0,0,-32303,0,0,0,0,0,97271,0
96819,-5762,5436,186,-222,487,5391,101063,-4097,71,-1815,-9496,36270,643,32,65,0,0,0,0,0,0,0,0,-32302,0,0,0,0,0,97276,0
96824,-4230,6868,-60,-171,487,5590,100099,-4260,-86,-1750,-9880,36270,643,32,65,0,0,0,0,0,0,0,0,-32301,0,0,0,0,0,97281,0
96829,-4498,7086,-46,-185,482,5711,99076,-4529,-322,-1777,-10536,36273,634,32,65,0,0,0,0,0,0,0,0,-32302,0,0,0,0,0,97287,0
96834,-3616,7088,-212,-166,500,5968,97982,-4854,-603,-1780,-11224,36273,634,32,65,0,0,0,0,0,0,0,0,-32302,0,0,0,0,0,97293,0
96839,-3850,7114,-114,-153,516,6162,96821,-5137,-842,-1753,-11904,36271,653,32,65,0,0,0,0,0,0,0,0,-32302,0,0,0,0,0,97298,0
96844,-3372,7076,-120,-156,526,6528,95588,-5447,-999,-1696,-12568,36271,653,32,65,0,0,0,0,0,0,0,0,-32303,0,0,0,0,0,97304,0
96849,-3226,6976,-180,-139,539,6699,94267,-5859,-1100,-1710,-13200,36254,697,32,65,0,0,0,0,0,0,0,0,-32302,0,0,0,0,0,97309,0
96854,-3340,6856,-236,-151,534,6868,92879,-6138,-1136,-1690,-13888,36254,697,32,65,0,0,0,0,0,0,0,0,-32301,0,0,0,0,0,97315,0
96859,-3342,6574,-164,-157,531,7033,91436,-6383,-1116,-1557,-14472,36233,743,32,65,0,0,0,0,0,0,0,0,-32301,0,0,0,0,0,97320,0
96864,-3530,6234,-148,-148,537,7406,89920,-6705,-1084,-1556,-14896,36233,743,32,65,0,0,0,0,0,0,0,0,-32302,0,0,0,0,0,97325,0
96869,-3388,6216,-116,-136,517,7584,88348,-6932,-1004,-1528,-15480,36209,786,32,65,0,0,0,0,0,0,0,0,-32302,0,0,0,0,0,97331,0
96874,-3200,6430,-178,-108,509,7741,86716,-7201,-947,-1456,-15992,36209,786,32,65,0,0,0,0,0,0,0,0,-32302,0,0,0,0,0,97336,0
96879,-2964,6606,-222,-84,494,7864,85022,-7470,-944,-1439,-16496,36198,810,32,65,0,0,0,0,0,0,0,0,-32302,0,0,0,0,0,97342,0
96884,-2970,7078,-180,-45,494,8095,83291,-7627,-873,-1367,-16960,36198,810,32,65,0,0,0,0,0,0,0,0,-32302,0,0,0,0,0,97347,0
96889,-2818,7192,-148,-15,484,8197,81499,-7927,-832,-1364,-17408,36191,823,32,65,0,0,0,0,0,0,0,0,-32303,0,0,0,0,0,97353,0
96894,-2768,7362,-108,4,462,8298,79659,-8108,-806,-1324,-17936,36191,823,32,65,0,0,0,0,0,0,0,0,-32301,0,0,0,0,0,97359,0
96899,-2820,7640,-198,22,444,8387,77753,-8413,-821,-1247,-18440,36185,840,32,65,0,0,0,0,0,0,0,0,-32301,0,0,0,0,0,97364,0
96904,-2820,7996,-164,125,370,8534,75810,-8550,-818,-1248,-18648,36185,840,32,65,0,0,0,0,0,0,0,0,-32302,0,0,0,0,0,97370,0
96909,-2802,7882,-114,163,357,8637,73822,-8774,-787,-1160,-19032,36182,849,32,65,0,0,0,0,0,0,0,0,-32301,0,0,0,0,0,97375,0
96914,-2644,7730,10,183,313,8735,71800,-8913,-693,-1156,-19288,36182,849,32,65,0,0,0,0,0,0,0,0,-32302,0,0,0,0,0,97380,0
96919,-2818,8104,-144,236,286,8827,69736,-9105,-652,-1015,-19592,36186,831,32,65,0,0,0,0,0,0,0,0,-32302,0,0,0,0,0,97386,0
96924,-2242,8068,-36,343,219,9007,67653,-9165,-552,-1041,-19728,36186,831,32,65,0,0,0,0,0,0,0,0,-32301,0,0,0,0,0,97391,0
96929,-2312,8286,118,343,151,9078,65548,-9282,-501,-946,-19904,36198,797,32,65,0,0,0,0,0,0,0,0,-32302,0,0,0,0,0,97397,0
96934,-2248,8190,-58,445,108,9129,63425,-9339,-387,-925,-20072,36198,797,32,65,0,0,0,0,0,0,0,0,-32302,0,0,0,0,0,97402,0
96939,-2014,8376,-64,452,57,9184,61265,-9535,592,-870,-20416,36212,748,32,65,0,0,0,0,0,0,0,0,-32302,0,0,0,0,0,97408,0
96944,-1520,8094,100,510,-65,9265,59099,-9523,153,-873,-20392,36212,748,32,65,0,0,0,0,0,0,0,0,-32302,0,0,0,0,0,97413,0
96949,-1606,8266,200,521,-105,9293,56907,-9667,143,-805,-20432,36231,713,32,65,0,0,0,0,0,0,0,0,-32302,0,0,0,0,0,97419,0
96954,-1342,7776,10,543,-154,9327,54707,-9688,-753,-789,-20504,36231,713,32,65,0,0,0,0,0,0,0,0,-32303,0,0,0,0,0,97425,0
96959,-1170,7834,2,606,-192,9328,52480,-9812,-1247,-682,-20680,36246,675,32,65,0,0,0,0,0,0,0,0,-32302,0,0,0,0,0,97430,0
96964,-978,7648,138,599,-288,9348,50268,-9735,-1163,-660,-20472,36246,675,32,65,0,0,0,0,0,0,0,0,-32302,0,0,0,0,0,97435,0
96969,-1130,7690,170,627,-329,9348,48036,-9830,-194,-597,-20632,36264,640,32,65,0,0,0,0,0,0,0,0,-32302,0,0,0,0,0,97441,0
96974,-986,7392,208,638,-370,9331,45805,-9832,-103,-537,-20664,36264,640,32,65,0,0,0,0,0,0,0,0,-32302,0,0,0,0,0,97447,0
96979,-978,7566,188,631,-416,9327,43556,-9881,-133,-520,-20472,36278,597,32,65,0,0,0,0,0,0,0,0,-32302,0,0,0,0,0,97453,0
96984,-988,7622,114,632,-483,9287,41317,-9867,-79,-476,-20560,36278,597,32,65,0,0,0,0,0,0,0,0,-32302,0,0,0,0,0,97458,0
96989,-818,7714,264,615,-481,9270,39070,-9876,-108,-441,-20496,36297,543,32,65,0,0,0,0,0,0,0,0,-32302,0,0,0,0,0,97464,0
96994,-618,7778,224,598,-471,9230,36815,-9927,-58,-352,-20568,36297,543,32,65,0,0,0,0,0,0,0,0,-32302,0,0,0,0,0,97469,0
96999,-696,8056,248,616,-487,9194,34577,-9824,-36,-369,-20240,36319,483,32,65,0,0,0,0,0,0,0,0,-32302,0,0,0,0,0,97475,0
97004,-546,8360,196,627,-463,9092,32341,-9843,14,-311,-20200,36319,483,32,65,0,0,0,0,0,0,0,0,-32302,0,0,0,0,0,97480,0
97009,-436,8508,120,608,-458,9023,30124,-9749,78,-235,-20128,36344,440,32,65,0,0,0,0,0,0,0,0,-32301,0,0,0,0,0,97486,0
97014,-236,8662,272,588,-468,8955,27891,-9825,77,-188,-20080,36344,440,32,65,0,0,0,0,0,0,0,0,-32302,0,0,0,0,0,97492,0
97019,-102,8740,240,586,-471,8858,25690,-9670,128,-183,-19776,36366,394,32,65,0,0,0,0,0,0,0,0,-32302,0,0,0,0,0,97497,0
97024,34,8732,202,578,-471,8668,23487,-9691,84,-133,-19696,36366,394,32,65,0,0,0,0,0,0,0,0,-32302,0,0,0,0,0,97502,0
97029,74,8670,158,545,-483,8566,21300,-9619,150,-74,-19584,36384,352,32,65,0,0,0,0,0,0,0,0,-32302,0,0,0,0,0,97508,0
97034,74,8494,98,548,-499,8478,19128,-9546,146,-33,-19376,36384,352,32,65,0,0,0,0,0,0,0,0,-32302,0,0,0,0,0,97513,0
97039,130,8470,214,513,-542,8372,16996,-9370,251,-3,-18936,36407,300,32,65,0,0,0,0,0,0,0,0,-32302,0,0,0,0,0,97519,0
97044,288,8234,228,521,-568,8169,14878,-9302,284,13,-18624,36407,300,32,65,0,0,0,0,0,0,0,0,-32302,0,0,0,0,0,97524,0
97049,426,8176,266,492,-613,8064,12790,-9200,375,82,-18488,36430,253,32,65,0,0,0,0,0,0,0,0,-32301,0,0,0,0,0,97530,0
97054,400,7922,178,472,-648,7951,10726,-9051,372,88,-18056,36430,253,32,65,0,0,0,0,0,0,0,0,-32302,0,0,0,0,0,97535,0
97059,758,7816,206,452,-685,7821,8702,-8898,419,152,-17672,36455,208,32,65,0,0,0,0,0,0,0,0,-32302,0,0,0,0,0,97541,0
97064,970,7598,274,417,-682,7557,6704,-8771,423,225,-17208,36455,208,32,65,0,0,0,0,0,0,0,0,-32302,0,0,0,0,0,97547,0
97069,1068,7562,220,384,-671,7408,4746,-8606,483,360,-16864,36476,158,32,65,0,0,0,0,0,0,0,0,-32302,0,0,0,0,0,97552,0
97074,1188,7530,238,359,-672,7262,2831,-8405,525,379,-16272,36476,158,32,65,0,0,0,0,0,0,0,0,-32302,0,0,0,0,0,97558,0
97079,1410,7494,292,350,-652,7104,982,-8105,608,455,-15616,36501,98,32,65,0,0,0,0,0,0,0,0,-32302,0,0,0,0,0,97563,0
97084,1634,7502,256,273,-618,6766,-826,-7941,696,515,-15120,36501,98,32,65,0,0,0,0,0,0,0,0,-32302,0,0,0,0,0,97568,0
97089,1876,7478,296,270,-588,6558,-2572,-7656,782,545,-14472,36524,41,32,65,0,0,0,0,0,0,0,0,-32302,0,0,0,0,0,97574,0
97094,4892,4014,2320,394,-1626,4844,-4261,-7412,820,566,-13608,36524,41,32,65,0,0,0,0,0,0,0,0,-32301,0,0,0,0,0,97579,0
97099,25976,10040,880,250,-393,3017,-5739,-6349,1070,299,-9984,36540,15,32,65,0,0,0,0,0,0,0,0,-32302,0,0,0,0,0,97585,0
97104,-6220,9730,3044,125,204,561,-6691,-3896,2171,-10,-3216,36540,15,32,65,0,0,0,0,0,0,0,0,-32302,0,0,0,0,0,97590,0
97109,-15262,5628,2948,281,-64,1730,-6859,-363,4517,152,4112,36528,57,32,65,0,0,0,0,0,0,0,0,-32302,0,0,0,0,0,97596,0
97114,-3918,7798,1330,370,-138,1981,-6282,2826,7474,496,8992,36528,57,32,65,0,0,0,0,0,0,0,0,-32302,0,0,0,0,0,97602,0
97119,4168,4520,-2734,331,-75,1524,-5267,4615,9462,549,10720,36493,157,32,65,0,0,0,0,0,0,0,0,-32302,0,0,0,0,0,97607,0
97124,-266,9496,28,55,96,70,-4072,5303,9187,362,10568,36493,157,32,65,0,0,0,0,0,0,0,0,-32302,0,0,0,0,0,97612,0
97129,-4242,2858,-908,148,-90,411,-2854,5348,6816,-1,9744,36460,225,32,65,0,0,0,0,0,0,0,0,-32302,0,0,0,0,0,97618,0
97134,-2188,5960,1468,193,-245,110,-1696,5057,3657,-318,8792,36460,225,32,65,0,0,0,0,0,0,0,0,-32302,0,0,0,0,0,97623,0
97139,2968,5740,110,304,-407,-312,-650,4538,1057,-421,7304,36468,200,32,65,0,0,0,0,0,0,0,0,-32301,0,0,0,0,0,97629,0
97144,7956,8080,-1132,258,-223,-1796,234,3819,-596,-407,5408,36468,200,32,65,0,0,0,0,0,0,0,0,-32302,0,0,0,0,0,97634,0
97149,-42,9706,634,193,-156,-2556,949,3078,-1596,-492,3880,36489,146,32,65,0,0,0,0,0,0,0,0,-32302,0,0,0,0,0,97640,0
97154,-3514,8126,864,216,-183,-2738,1539,2550,-2107,-618,3120,36489,146,32,65,0,0,0,0,0,0,0,0,-32301,0,0,0,0,0,97645,0
97159,-4670,6624,910,231,-274,-2733,2049,2215,-2166,-954,-1872,36523,85,32,65,0,0,0,0,0,0,0,0,-32302,0,0,0,0,0,97651,0
97164,-3612,4532,804,188,-382,-2385,2153,130,-2386,-7412,-5344,36523,85,32,65,0,0,0,0,0,0,0,0,-32300,0,0,0,0,0,97656,0
97169,-3830,3752,-456,164,-382,-1732,1771,-1837,-3469,-6982,-6616,36426,357,32,65,0,0,0,0,0,0,0,0,-32300,0,0,0,0,0,97661,0
97174,-9712,3262,-622,171,-483,-832,1214,-2486,-4491,-3945,-5728,36426,357,32,65,0,0,0,0,0,0,0,0,-32302,0,0,0,0,0,97667,0
97179,-9834,3992,722,158,-648,303,689,-2279,-4455,-2033,-4824,36347,522,32,65,0,0,0,0,0,0,0,0,-32302,0,0,0,0,0,97673,0
97184,3810,5782,-568,211,-781,1494,218,-2072,-3139,-1361,-4688,36347,522,32,65,0,0,0,0,0,0,0,0,-32303,0,0,0,0,0,97678,0
97189,5870,9488,42,151,-722,1426,-269,-2156,-1085,-1076,-4768,36303,595,32,65,0,0,0,0,0,0,0,0,-32303,0,0,0,0,0,97684,0
97194,5212,10106,378,146,-688,1169,-784,-2265,-1,-669,-4472,36303,595,32,65,0,0,0,0,0,0,0,0,-32302,0,0,0,0,0,97689,0
97199,4824,9502,450,147,-644,826,-1296,-2248,98,-186,-3592,36357,424,32,65,0,0,0,0,0,0,0,0,-32302,0,0,0,0,0,97695,0
97204,4368,9376,220,131,-541,300,-1788,-2148,-61,190,-2520,36357,424,32,65,0,0,0,0,0,0,0,0,-32302,0,0,0,0,0,97700,0
97209,4704,7948,-94,91,-471,-57,-2235,-1945,28,600,-1848,36444,216,32,65,0,0,0,0,0,0,0,0,-32302,0,0,0,0,0,97706,0
97214,4346,6476,-342,84,-400,-243,-2618,-1665,323,800,-1264,36444,216,32,65,0,0,0,0,0,0,0,0,-32302,0,0,0,0,0,97711,0
97219,3570,6502,104,76,-337,-485,-2936,-1373,632,724,-800,36481,140,32,65,0,0,0,0,0,0,0,0,-32302,0,0,0,0,0,97717,0
97224,3452,5730,224,58,-234,-1054,-3196,-1112,830,561,-464,36481,140,32,65,0,0,0,0,0,0,0,0,-32302,0,0,0,0,0,97723,0
97229,1016,6012,174,63,-162,-1127,-3403,-884,921,413,-328,36501,100,32,65,0,0,0,0,0,0,0,0,-32302,0,0,0,0,0,97728,0
97234,36,6184,492,56,-152,-1077,-3562,-689,888,235,-288,36501,100,32,65,0,0,0,0,0,0,0,0,-32302,0,0,0,0,0,97733,0
97239,-832,5100,112,47,-85,-1127,-3679,-493,819,35,-264,36504,110,32,65,0,0,0,0,0,0,0,0,-32302,0,0,0,0,0,97739,0
97244,406,6152,68,43,9,-1015,-3758,-338,731,-166,-408,36504,110,32,65,0,0,0,0,0,0,0,0,-32303,0,0,0,0,0,97744,0
97249,1702,6024,70,13,24,-1068,-3817,-251,631,-421,-432,36499,124,32,65,0,0,0,0,0,0,0,0,-32302,0,0,0,0,0,97750,0
97254,2530,5976,8,-2,68,-1265,-3863,-197,503,-594,-384,36499,124,32,65,0,0,0,0,0,0,0,0,-32302,0,0,0,0,0,97755,0
97259,1776,6316,240,0,104,-1368,-3894,-131,378,-672,-368,36501,132,32,65,0,0,0,0,0,0,0,0,-32302,0,0,0,0,0,97761,0
97264,828,6448,360,-23,150,-1451,-3898,5,290,-389,56,36501,132,32,65,0,0,0,0,0,0,0,0,-32302,0,0,0,0,0,97766,0
97269,1310,6678,44,-11,203,-1552,-3859,185,323,15,128,36499,131,32,65,0,0,0,0,0,0,0,0,-32302,0,0,0,0,0,97772,0
97274,1072,6844,-392,10,275,-1623,-3801,257,391,35,160,36499,131,32,65,0,0,0,0,0,0,0,0,-32302,0,0,0,0,0,97777,0
97279,1394,7538,6,-22,299,-1680,-3734,293,404,35,168,36500,140,32,65,0,0,0,0,0,0,0,0,-32302,0,0,0,0,0,97783,0
97284,1776,7220,88,-48,286,-1840,-3664,311,331,28,136,36500,140,32,65,0,0,0,0,0,0,0,0,-32302,0,0,0,0,0,97788,0
97289,1746,7098,-140,-33,303,-1938,-3592,314,196,17,144,36498,139,32,65,0,0,0,0,0,0,0,0,-32302,0,0,0,0,0,97794,0
97294,1782,7098,-298,-11,317,-2035,-3521,306,85,10,128,36498,139,32,65,0,0,0,0,0,0,0,0,-32302,0,0,0,0,0,97799,0
97299,2088,7402,-150,-22,325,-2091,-3453,297,30,4,96,36496,137,32,65,0,0,0,0,0,0,0,0,-32302,0,0,0,0,0,97805,0
97304,2460,7208,-198,-25,311,-2240,-3390,272,-12,-1,104,36496,137,32,65,0,0,0,0,0,0,0,0,-32302,0,0,0,0,0,97810,0
97309,2428,7328,-218,-17,297,-2324,-3331,256,-41,-7,88,36498,131,32,65,0,0,0,0,0,0,0,0,-32302,0,0,0,0,0,97816,0
97314,2154,7518,-252,-14,271,-2370,-3272,259,-54,-2,128,36498,131,32,65,0,0,0,0,0,0,0,0,-32302,0,0,0,0,0,97821,0
97319,2088,7538,-286,-14,241,-2374,-3207,301,-28,0,192,36498,134,32,65,0,0,0,0,0,0,0,0,-32302,0,0,0,0,0,97827,0
97324,2248,7566,-440,5,152,-2376,-3126,362,29,17,208,36498,134,32,65,0,0,0,0,0,0,0,0,-32302,0,0,0,0,0,97832,0
97329,2508,7730,-418,6,106,-2377,-3028,430,106,14,272,36495,131,32,65,0,0,0,0,0,0,0,0,-32302,0,0,0,0,0,97838,0
97334,2792,7894,-406,14,70,-2395,-2918,491,181,18,352,36495,131,32,65,0,0,0,0,0,0,0,0,-32302,0,0,0,0,0,97843,0
97339,3058,8044,-396,12,53,-2434,-2799,524,212,21,392,36494,127,32,65,0,0,0,0,0,0,0,0,-32302,0,0,0,0,0,97849,0
97344,3226,8282,-384,32,59,-2528,-2672,562,192,7,424,36494,127,32,65,0,0,0,0,0,0,0,0,-32302,0,0,0,0,0,97854,0
97349,3264,8350,-360,44,81,-2565,-2532,610,167,5,472,36496,119,32,65,0,0,0,0,0,0,0,0,-32302,0,0,0,0,0,97860,0
97354,3226,8348,-392,48,106,-2602,-2386,655,148,-1,544,36496,119,32,65,0,0,0,0,0,0,0,0,-32302,0,0,0,0,0,97865,0
97359,3184,8386,-380,60,144,-2621,-2230,687,142,-17,584,36498,124,32,65,0,0,0,0,0,0,0,0,-32301,0,0,0,0,0,97871,0
97364,3548,8712,-386,86,235,-2594,-2066,727,138,-27,680,36498,124,32,65,0,0,0,0,0,0,0,0,-32302,0,0,0,0,0,97876,0
97369,9904,14926,-240,106,194,-1429,-1900,717,127,-14,552,36500,130,32,65,0,0,0,0,0,0,0,0,-32302,0,0,0,0,0,97881,0
97374,10874,14592,-160,107,184,-174,-1761,605,50,-3,224,36500,130,32,65,0,0,0,0,0,0,0,0,-32302,0,0,0,0,0,97887,0
97379,14058,16608,-26,87,155,1758,-1668,377,-113,-91,-72,36499,141,32,65,0,0,0,0,0,0,0,0,-32302,0,0,0,0,0,97892,0
97384,16404,18514,1158,81,355,-552,-1684,-130,-453,-162,-176,36499,141,32,65,0,0,0,0,0,0,0,0,-32302,0,0,0,0,0,97898,0
97389,16706,18640,830,89,423,-646,-1798,-543,-884,-39,-864,36501,142,32,65,0,0,0,0,0,0,0,0,-32302,0,0,0,0,0,97903,0
97394,9694,17474,984,112,421,-130,-1976,-801,-1194,-39,-1232,36501,142,32,65,0,0,0,0,0,0,0,0,-32302,0,0,0,0,0,97909,0
97399,3324,13868,524,120,465,-776,-2177,-889,-1215,-70,-1248,36501,139,32,65,0,0,0,0,0,0,0,0,-32302,0,0,0,0,0,97915,0
97404,2824,9056,-482,128,368,-865,-2371,-851,-924,-56,-984,36501,139,32,65,0,0,0,0,0,0,0,0,-32302,0,0,0,0,0,97920,0
97409,1806,7712,-522,110,332,-937,-2548,-770,-448,-16,-736,36503,140,32,65,0,0,0,0,0,0,0,0,-32302,0,0,0,0,0,97925,0
97414,1720,6438,-696,130,302,-909,-2700,-651,-50,-3,-416,36503,140,32,65,0,0,0,0,0,0,0,0,-32302,0,0,0,0,0,97931,0
97419,216,6618,60,121,318,-781,-2808,-451,234,54,-96,36502,142,32,65,0,0,0,0,0,0,0,0,-32302,0,0,0,0,0,97936,0
97424,-1216,6012,-92,157,348,-655,-2846,-142,466,174,24,36502,142,32,65,0,0,0,0,0,0,0,0,-32302,0,0,0,0,0,97942,0
97429,414,5548,138,156,379,-635,-2827,103,686,83,56,36502,131,32,65,0,0,0,0,0,0,0,0,-32302,0,0,0,0,0,97947,0
97434,1686,6046,-36,152,378,-568,-2798,114,760,14,32,36502,131,32,65,0,0,0,0,0,0,0,0,-32302,0,0,0,0,0,97953,0
97439,2440,6260,-140,168,365,-478,-2779,104,622,5,32,36500,123,32,65,0,0,0,0,0,0,0,0,-32302,0,0,0,0,0,97958,0
97444,2928,6480,56,185,317,-502,-2762,75,344,5,16,36500,123,32,65,0,0,0,0,0,0,0,0,-32302,0,0,0,0,0,97964,0
97449,3866,7080,64,196,252,-684,-2759,0,45,11,-16,36499,125,32,65,0,0,0,0,0,0,0,0,-32302,0,0,0,0,0,97969,0
97454,8862,7548,450,191,246,-906,-2766,-30,-121,7,-16,36499,125,32,65,0,0,0,0,0,0,0,0,-32302,0,0,0,0,0,97975,0
97459,11490,7726,-8,181,272,-875,-2770,-12,-126,0,0,36497,134,32,65,0,0,0,0,0,0,0,0,-32302,0,0,0,0,0,97981,0
97464,5088,5696,-164,185,294,-990,-2769,1,-75,3,0,36497,134,32,65,0,0,0,0,0,0,0,0,-32302,0,0,0,0,0,97986,0
97469,1732,5408,-370,206,271,-969,-2769,1,-15,6,0,36499,138,32,65,0,0,0,0,0,0,0,0,-32302,0,0,0,0,0,97991,0
97474,394,6484,-416,204,249,-996,-2769,0,21,5,0,36499,138,32,65,0,0,0,0,0,0,0,0,-32302,0,0,0,0,0,97997,0
97479,1162,7726,-362,204,201,-1000,-2769,0,18,6,0,36498,135,32,65,0,0,0,0,0,0,0,0,-32302,0,0,0,0,0,98002,0
97484,2488,8216,-220,193,64,-994,-2768,3,3,7,0,36498,135,32,65,0,0,0,0,0,0,0,0,-32302,0,0,0,0,0,98008,0
97489,2352,8110,-128,194,12,-973,-2770,0,-3,6,8,36499,138,32,65,0,0,0,0,0,0,0,0,-32302,0,0,0,0,0,98013,0
97494,1696,8036,-22,185,-18,-956,-2770,-9,0,7,0,36499,138,32,65,0,0,0,0,0,0,0,0,-32302,0,0,0,0,0,98019,0
97499,1044,7958,2,194,-19,-943,-2768,2,5,5,0,36499,135,32,65,0,0,0,0,0,0,0,0,-32302,0,0,0,0,0,98025,0
97504,1022,7938,-310,195,24,-907,-2769,0,-3,5,0,36499,135,32,65,0,0,0,0,0,0,0,0,-32302,0,0,0,0,0,98031,0
97509,1644,7784,-342,209,52,-888,-2770,-3,-7,6,0,36499,139,32,65,0,0,0,0,0,0,0,0,-32302,0,0,0,0,0,98037,0
97514,2306,7566,-362,211,89,-880,-2769,0,0,5,0,36499,139,32,65,0,0,0,0,0,0,0,0,-32302,0,0,0,0,0,98042,0
97519,2814,7342,-330,213,110,-873,-2769,-2,0,6,0,36499,138,32,65,0,0,0,0,0,0,0,0,-32302,0,0,0,0,0,98047,0
97524,2852,7222,-154,216,153,-856,-2768,7,2,5,0,36499,138,32,65,0,0,0,0,0,0,0,0,-32302,0,0,0,0,0,98053,0
97529,2620,7278,-110,220,169,-849,-2769,-1,-3,6,0,36498,148,32,65,0,0,0,0,0,0,0,0,-32302,0,0,0,0,0,98058,0
97534,2424,7512,-112,225,184,-851,-2769,0,2,8,0,36498,148,32,65,0,0,0,0,0,0,0,0,-32302,0,0,0,0,0,98064,0
97539,2336,7760,-138,223,200,-843,-2769,-1,-3,6,0,36498,147,32,65,0,0,0,0,0,0,0,0,-32302,0,0,0,0,0,98069,0
97544,2216,8152,-342,217,214,-836,-2769,-5,-2,6,0,36498,147,32,65,0,0,0,0,0,0,0,0,-32302,0,0,0,0,0,98075,0
97549,2176,8354,-428,227,226,-837,-2769,-6,-3,4,8,36497,144,32,65,0,0,0,0,0,0,0,0,-32302,0,0,0,0,0,98080,0
97554,2160,8442,-478,222,240,-832,-2770,-3,-4,4,0,36497,144,32,65,0,0,0,0,0,0,0,0,-32302,0,0,0,0,0,98086,0
97559,2142,8466,-476,221,256,-833,-2769,-5,-1,4,0,36499,136,32,65,0,0,0,0,0,0,0,0,-32302,0,0,0,0,0,98091,0
97564,2454,8622,-402,215,290,-843,-2769,-3,-2,6,0,36499,136,32,65,0,0,0,0,0,0,0,0,-32302,0,0,0,0,0,98097,0
97569,2644,8570,-398,218,307,-859,-2769,2,2,6,8,36504,137,32,65,0,0,0,0,0,0,0,0,-32301,0,0,0,0,0,98102,0
97574,2692,8472,-388,209,321,-866,-2769,-3,-2,5,0,36504,137,32,65,0,0,0,0,0,0,0,0,-32302,0,0,0,0,0,98108,0
97579,2708,8372,-418,204,331,-878,-2770,0,2,5,0,36502,135,32,65,0,0,0,0,0,0,0,0,-32302,0,0,0,0,0,98113,0
97584,2616,8160,-376,203,351,-905,-2769,4,-1,6,0,36502,135,32,65,0,0,0,0,0,0,0,0,-32302,0,0,0,0,0,98119,0
97589,2504,8030,-342,203,352,-914,-2770,-5,-2,6,0,36500,131,32,65,0,0,0,0,0,0,0,0,-32302,0,0,0,0,0,98124,0
97594,2392,7880,-292,205,339,-921,-2767,7,5,5,0,36500,131,32,65,0,0,0,0,0,0,0,0,-32302,0,0,0,0,0,98130,0
97599,2346,7758,-234,211,329,-928,-2768,2,2,3,0,36498,137,32,65,0,0,0,0,0,0,0,0,-32302,0,0,0,0,0,98135,0
97604,2244,7526,-182,207,311,-941,-2768,1,2,5,0,36498,137,32,65,0,0,0,0,0,0,0,0,-32302,0,0,0,0,0,98141,0
97609,2234,7442,-204,210,296,-943,-2769,0,0,4,0,36498,139,32,65,0,0,0,0,0,0,0,0,-32302,0,0,0,0,0,98146,0
97614,2224,7332,-224,203,285,-946,-2769,0,-2,6,0,36498,139,32,65,0,0,0,0,0,0,0,0,-32302,0,0,0,0,0,98152,0
97619,2188,7272,-220,213,280,-947,-2770,0,-1,6,0,36498,145,32,65,0,0,0,0,0,0,0,0,-32302,0,0,0,0,0,98157,0
97624,2168,7246,-248,214,274,-948,-2770,-4,-3,6,0,36498,145,32,65,0,0,0,0,0,0,0,0,-32302,0,0,0,0,0,98163,0
97629,2120,7254,-264,218,281,-943,-2770,-12,1,6,0,36496,144,32,65,0,0,0,0,0,0,0,0,-32301,0,0,0,0,0,98169,0
97634,2140,7294,-260,215,280,-944,-2769,-8,-3,8,0,36496,144,32,65,0,0,0,0,0,0,0,0,-32302,0,0,0,0,0,98174,0
97639,2134,7358,-310,229,289,-938,-2769,-1,-2,7,0,36498,142,32,65,0,0,0,0,0,0,0,0,-32302,0,0,0,0,0,98179,0
97644,2148,7558,-332,222,294,-942,-2769,1,0,5,0,36498,142,32,65,0,0,0,0,0,0,0,0,-32302,0,0,0,0,0,98185,0
97649,2146,7720,-322,222,300,-947,-2768,0,0,6,0,36502,133,32,65,0,0,0,0,0,0,0,0,-32302,0,0,0,0,0,98190,0
97654,2112,7856,-354,220,295,-945,-2770,-1,0,5,0,36502,133,32,65,0,0,0,0,0,0,0,0,-32302,0,0,0,0,0,98196,0
97659,2114,7980,-316,213,289,-950,-2768,-4,1,6,0,36502,123,32,65,0,0,0,0,0,0,0,0,-32302,0,0,0,0,0,98201,0
97664,2142,8216,-346,217,268,-974,-2768,4,4,4,8,36502,123,32,65,0,0,0,0,0,0,0,0,-32302,0,0,0,0,0,98207,0
97669,2126,8316,-370,221,251,-981,-2769,1,-6,5,8,36500,125,32,65,0,0,0,0,0,0,0,0,-32301,0,0,0,0,0,98212,0
97674,2166,8396,-410,210,232,-996,-2769,1,1,4,0,36500,125,32,65,0,0,0,0,0,0,0,0,-32302,0,0,0,0,0,98218,0
97679,2098,8494,-430,206,202,-1010,-2769,0,-1,5,-8,36501,133,32,65,0,0,0,0,0,0,0,0,-32302,0,0,0,0,0,98223,0
97684,1968,8456,-494,197,139,-1043,-2769,0,1,8,0,36501,133,32,65,0,0,0,0,0,0,0,0,-32302,0,0,0,0,0,98229,0
97689,1866,8356,-540,188,96,-1057,-2769,3,2,8,0,36499,136,32,65,0,0,0,0,0,0,0,0,-32301,0,0,0,0,0,98234,0
97694,1816,8242,-538,180,45,-1070,-2769,10,-1,6,0,36499,136,32,65,0,0,0,0,0,0,0,0,-32302,0,0,0,0,0,98240,0
97699,1726,8140,-526,169,-4,-1080,-2769,0,-2,5,8,36498,141,32,65,0,0,0,0,0,0,0,0,-32302,0,0,0,0,0,98245,0
97704,1636,7848,-552,153,-105,-1101,-2770,-3,2,5,0,36498,141,32,65,0,0,0,0,0,0,0,0,-32302,0,0,0,0,0,98251,0
97709,1606,7730,-552,141,-161,-1110,-2770,1,1,6,0,36493,145,32,65,0,0,0,0,0,0,0,0,-32302,0,0,0,0,0,98256,0
97714,1586,7572,-568,136,-217,-1112,-2769,-3,0,5,0,36493,145,32,65,0,0,0,0,0,0,0,0,-32302,0,0,0,0,0,98262,0
97719,1550,7492,-544,128,-278,-1116,-2769,0,3,6,0,36494,154,32,65,0,0,0,0,0,0,0,0,-32302,0,0,0,0,0,98267,0
97724,1538,7452,-492,117,-390,-1128,-2768,8,1,3,0,36494,154,32,65,0,0,0,0,0,0,0,0,-32301,0,0,0,0,0,98273,0
97729,1562,7522,-446,110,-442,-1129,-2769,7,4,7,8,36494,151,32,65,0,0,0,0,0,0,0,0,-32302,0,0,0,0,0,98278,0
97734,1524,7612,-404,106,-496,-1128,-2769,4,0,8,0,36494,151,32,65,0,0,0,0,0,0,0,0,-32302,0,0,0,0,0,98284,0
97739,1470,7782,-378,103,-538,-1136,-2771,0,-1,7,0,36495,145,32,65,0,0,0,0,0,0,0,0,-32303,0,0,0,0,0,98289,0
97744,1396,8068,-294,95,-594,-1134,-2770,0,0,5,0,36495,145,32,65,0,0,0,0,0,0,0,0,-32302,0,0,0,0,0,98295,0
97749,1386,8218,-290,99,-615,-1138,-2770,-1,1,5,0,36495,142,32,65,0,0,0,0,0,0,0,0,-32302,0,0,0,0,0,98300,0
97754,1386,8340,-280,95,-625,-1140,-2769,-4,-1,6,0,36495,142,32,65,0,0,0,0,0,0,0,0,-32302,0,0,0,0,0,98306,0
97759,1338,8448,-242,95,-631,-1142,-2768,11,3,6,8,36496,143,32,65,0,0,0,0,0,0,0,0,-32302,0,0,0,0,0,98311,0
97764,1266,8548,-238,102,-628,-1144,-2770,-5,-2,5,0,36496,143,32,65,0,0,0,0,0,0,0,0,-32302,0,0,0,0,0,98316,0
97769,1228,8562,-220,100,-621,-1137,-2769,3,0,6,0,36496,141,32,65,0,0,0,0,0,0,0,0,-32302,0,0,0,0,0,98322,0
97774,1230,8528,-258,104,-611,-1139,-2769,9,0,5,8,36496,141,32,65,0,0,0,0,0,0,0,0,-32302,0,0,0,0,0,98328,0
97779,1206,8530,-270,107,-603,-1135,-2769,-5,3,4,8,36496,136,32,65,0,0,0,0,0,0,0,0,-32302,0,0,0,0,0,98333,0
97784,1182,8398,-260,111,-575,-1126,-2770,0,4,5,0,36496,136,32,65,0,0,0,0,0,0,0,0,-32302,0,0,0,0,0,98338,0
97789,1204,8320,-276,107,-546,-1122,-2770,-3,-3,6,0,36499,132,32,65,0,0,0,0,0,0,0,0,-32302,0,0,0,0,0,98344,0
97794,1124,8206,-298,114,-524,-1112,-2768,3,0,6,0,36499,132,32,65,0,0,0,0,0,0,0,0,-32302,0,0,0,0,0,98350,0
97799,1080,8134,-292,112,-496,-1109,-2769,1,-3,4,0,36510,126,32,65,0,0,0,0,0,0,0,0,-32302,0,0,0,0,0,98355,0
97804,1050,8024,-308,119,-437,-1090,-2769,0,2,5,0,36510,126,32,65,0,0,0,0,0,0,0,0,-32302,0,0,0,0,0,98360,0
97809,1032,7944,-324,120,-399,-1076,-2771,-1,-8,5,0,36523,130,32,65,0,0,0,0,0,0,0,0,-32302,0,0,0,0,0,98366,0
97814,1016,7904,-322,122,-373,-1071,-2769,2,0,6,0,36523,130,32,65,0,0,0,0,0,0,0,0,-32302,0,0,0,0,0,98371,0
97819,972,7840,-308,125,-340,-1056,-2769,2,2,6,0,36525,132,32,65,0,0,0,0,0,0,0,0,-32302,0,0,0,0,0,98377,0
97824,1008,7812,-390,130,-268,-1037,-2770,-1,-2,5,0,36525,132,32,65,0,0,0,0,0,0,0,0,-32302,0,0,0,0,0,98382,0
97829,988,7950,-292,129,-243,-1019,-2769,0,2,7,0,36517,131,32,65,0,0,0,0,0,0,0,0,-32302,0,0,0,0,0,98388,0
97834,1034,7976,-238,126,-211,-1019,-2770,-2,3,7,0,36517,131,32,65,0,0,0,0,0,0,0,0,-32302,0,0,0,0,0,98393,0
97839,1092,7998,-342,139,-176,-1017,-2769,-1,2,6,8,36503,132,32,65,0,0,0,0,0,0,0,0,-32302,0,0,0,0,0,98399,0
97844,1232,8094,-360,140,-99,-1001,-2771,-10,1,6,0,36503,132,32,65,0,0,0,0,0,0,0,0,-32302,0,0,0,0,0,98405,0
97849,1238,8280,-306,146,-60,-998,-2770,3,-2,4,0,36494,129,32,65,0,0,0,0,0,0,0,0,-32302,0,0,0,0,0,98410,0
97854,1174,8274,-212,143,-28,-997,-2769,1,4,6,0,36494,129,32,65,0,0,0,0,0,0,0,0,-32302,0,0,0,0,0,98415,0
97859,1210,8294,-284,144,19,-997,-2770,-9,1,4,0,36495,132,32,65,0,0,0,0,0,0,0,0,-32302,0,0,0,0,0,98421,0
97864,1216,8278,-278,160,94,-999,-2771,-4,-3,5,0,36495,132,32,65,0,0,0,0,0,0,0,0,-32301,0,0,0,0,0,98426,0
97869,1230,8250,-270,158,126,-998,-2770,-2,-6,6,0,36497,139,32,65,0,0,0,0,0,0,0,0,-32302,0,0,0,0,0,98432,0
97874,1178,8252,-282,163,165,-999,-2770,-5,-3,6,0,36497,139,32,65,0,0,0,0,0,0,0,0,-32302,0,0,0,0,0,98437,0
97879,1096,8138,-278,164,199,-1005,-2769,-2,2,5,0,36498,137,32,65,0,0,0,0,0,0,0,0,-32302,0,0,0,0,0,98443,0
97884,940,8032,-344,170,262,-990,-2769,2,-3,8,0,36498,137,32,65,0,0,0,0,0,0,0,0,-32301,0,0,0,0,0,98448,0
97889,882,7988,-336,175,286,-987,-2769,-1,-4,8,0,36498,141,32,65,0,0,0,0,0,0,0,0,-32302,0,0,0,0,0,98454,0
97894,864,7946,-308,184,316,-987,-2769,11,0,6,0,36498,141,32,65,0,0,0,0,0,0,0,0,-32302,0,0,0,0,0,98459,0
97899,818,7904,-260,182,340,-984,-2769,-2,1,5,0,36499,144,32,65,0,0,0,0,0,0,0,0,-32302,0,0,0,0,0,98464,0
97904,824,7864,-312,186,372,-977,-2771,-9,-1,5,0,36499,144,32,65,0,0,0,0,0,0,0,0,-32302,0,0,0,0,0,98470,0
97909,810,7842,-306,197,385,-976,-2769,0,-1,5,0,36498,143,32,65,0,0,0,0,0,0,0,0,-32302,0,0,0,0,0,98475,0
97914,792,7834,-308,196,387,-969,-2769,-3,-1,5,0,36498,143,32,65,0,0,0,0,0,0,0,0,-32302,0,0,0,0,0,98481,0
97919,746,7858,-304,203,388,-976,-2771,0,-4,5,0,36497,138,32,65,0,0,0,0,0,0,0,0,-32302,0,0,0,0,0,98486,0
97924,676,7906,-246,211,371,-972,-2770,0,0,6,0,36497,138,32,65,0,0,0,0,0,0,0,0,-32302,0,0,0,0,0,98492,0
97929,626,7946,-200,211,361,-978,-2769,2,2,6,0,36496,138,32,65,0,0,0,0,0,0,0,0,-32302,0,0,0,0,0,98498,0
97934,598,7936,-206,220,345,-970,-2770,-8,-1,8,0,36496,138,32,65,0,0,0,0,0,0,0,0,-32302,0,0,0,0,0,98503,0
97939,592,8006,-240,220,324,-978,-2769,4,0,7,0,36495,134,32,65,0,0,0,0,0,0,0,0,-32302,0,0,0,0,0,98508,0
97944,666,8142,-280,231,271,-989,-2770,0,-6,7,0,36495,134,32,65,0,0,0,0,0,0,0,0,-32302,0,0,0,0,0,98514,0
97949,708,8186,-276,237,249,-994,-2770,-7,3,5,0,36496,133,32,65,0,0,0,0,0,0,0,0,-32302,0,0,0,0,0,98519,0
97954,750,8220,-250,244,223,-1007,-2769,-3,-5,4,0,36496,133,32,65,0,0,0,0,0,0,0,0,-32302,0,0,0,0,0,98525,0
97959,758,8280,-226,251,198,-1013,-2770,-11,0,6,0,36495,135,32,65,0,0,0,0,0,0,0,0,-32302,0,0,0,0,0,98530,0
97964,752,8312,-170,260,144,-1040,-2770,-6,3,5,0,36495,135,32,65,0,0,0,0,0,0,0,0,-32302,0,0,0,0,0,98536,0
97969,732,8318,-152,267,122,-1048,-2768,5,-2,7,0,36496,133,32,65,0,0,0,0,0,0,0,0,-32302,0,0,0,0,0,98541,0
97974,690,8300,-118,283,95,-1056,-2768,8,2,5,0,36496,133,32,65,0,0,0,0,0,0,0,0,-32302,0,0,0,0,0,98547,0
97979,668,8238,-186,283,77,-1066,-2769,1,1,5,8,36496,136,32,65,0,0,0,0,0,0,0,0,-32302,0,0,0,0,0,98552,0
97984,592,8094,-176,298,38,-1079,-2769,4,3,7,0,36496,136,32,65,0,0,0,0,0,0,0,0,-32302,0,0,0,0,0,98558,0
97989,564,8030,-158,313,21,-1094,-2771,-5,2,8,0,36495,130,32,65,0,0,0,0,0,0,0,0,-32301,0,0,0,0,0,98563,0
97994,546,7954,-96,323,6,-1096,-2769,1,-5,5,0,36495,130,32,65,0,0,0,0,0,0,0,0,-32302,0,0,0,0,0,98569,0
97999,558,7896,-114,326,-10,-1104,-2770,0,0,4,0,36497,130,32,65,0,0,0,0,0,0,0,0,-32302,0,0,0,0,0,98574,0
98004,550,7814,-132,343,-24,-1110,-2769,2,1,6,0,36497,130,32,65,0,0,0,0,0,0,0,0,-32302,0,0,0,0,0,98580,0
98009,534,7798,-156,347,-30,-1122,-2771,-4,4,5,0,36498,134,32,65,0,0,0,0,0,0,0,0,-32302,0,0,0,0,0,98585,0
98014,476,7776,-178,360,-31,-1114,-2770,1,4,5,0,36498,134,32,65,0,0,0,0,0,0,0,0,-32302,0,0,0,0,0,98591,0
98019,460,7788,-176,369,-30,-1124,-2769,3,2,5,0,36499,137,32,65,0,0,0,0,0,0,0,0,-32302,0,0,0,0,0,98596,0
98024,376,7848,-208,387,-33,-1133,-2769,8,4,3,0,36499,137,32,65,0,0,0,0,0,0,0,0,-32302,0,0,0,0,0,98602,0
98029,326,7848,-216,388,-29,-1132,-2768,7,1,6,0,36497,139,32,65,0,0,0,0,0,0,0,0,-32302,0,0,0,0,0,98607,0
98034,316,7828,-222,397,-27,-1138,-2770,1,4,7,0,36497,139,32,65,0,0,0,0,0,0,0,0,-32302,0,0,0,0,0,98612,0
98039,316,7836,-230,412,-16,-1141,-2769,2,-3,7,8,36497,147,32,65,0,0,0,0,0,0,0,0,-32302,0,0,0,0,0,98618,0
98044,336,7866,-322,416,-4,-1144,-2768,4,-2,6,0,36497,147,32,65,0,0,0,0,0,0,0,0,-32302,0,0,0,0,0,98624,0
98049,366,7902,-354,419,3,-1154,-2769,5,1,5,0,36498,142,32,65,0,0,0,0,0,0,0,0,-32302,0,0,0,0,0,98629,0
98054,374,7890,-394,428,9,-1154,-2769,1,-3,4,8,36498,142,32,65,0,0,0,0,0,0,0,0,-32302,0,0,0,0,0,98635,0
98059,326,7958,-442,430,23,-1161,-2769,2,-1,6,0,36498,142,32,65,0,0,0,0,0,0,0,0,-32302,0,0,0,0,0,98640,0
98064,236,8076,-454,434,24,-1175,-2770,0,-4,6,0,36498,142,32,65,0,0,0,0,0,0,0,0,-32302,0,0,0,0,0,98646,0
98069,198,8148,-484,440,18,-1184,-2769,0,-1,7,0,36499,142,32,65,0,0,0,0,0,0,0,0,-32302,0,0,0,0,0,98651,0
98074,-22,8400,-560,449,22,-1197,-2768,4,-2,5,0,36499,142,32,65,0,0,0,0,0,0,0,0,-32302,0,0,0,0,0,98657,0
98079,-1798,10114,-776,460,14,-1263,-2769,3,1,6,0,36499,144,32,65,0,0,0,0,0,0,0,0,-32302,0,0,0,0,0,98662,0
98084,-1334,10200,-158,443,7,-1208,-2768,-5,-5,6,0,36499,144,32,65,0,0,0,0,0,0,0,0,-32302,0,0,0,0,0,98667,0
98089,6,9366,-658,434,-37,-1192,-2769,-1,-5,7,0,36498,138,32,65,0,0,0,0,0,0,0,0,-32302,0,0,0,0,0,98673,0
98094,810,8618,-614,449,-43,-1206,-2769,6,3,8,-8,36498,138,32,65,0,0,0,0,0,0,0,0,-32302,0,0,0,0,0,98679,0
98099,1036,8344,-756,430,-64,-1227,-2769,6,1,5,0,36499,139,32,65,0,0,0,0,0,0,0,0,-32302,0,0,0,0,0,98684,0
98104,752,7768,-880,440,-59,-1263,-2768,3,-3,5,0,36499,139,32,65,0,0,0,0,0,0,0,0,-32302,0,0,0,0,0,98690,0
98109,130,7794,-646,447,-58,-1272,-2770,2,2,5,0,36501,132,32,65,0,0,0,0,0,0,0,0,-32302,0,0,0,0,0,98695,0
98114,-616,7918,-546,438,-58,-1268,-2770,-1,0,6,0,36501,132,32,65,0,0,0,0,0,0,0,0,-32302,0,0,0,0,0,98701,0
98119,-1308,8082,-486,447,-75,-1259,-2769,4,-2,6,0,36502,139,32,65,0,0,0,0,0,0,0,0,-32302,0,0,0,0,0,98706,0
98124,-1300,8088,-306,460,-116,-1227,-2768,1,2,5,0,36502,139,32,65,0,0,0,0,0,0,0,0,-32302,0,0,0,0,0,98712,0
98129,-908,8070,-462,456,-153,-1213,-2770,-6,-3,5,8,36500,134,32,65,0,0,0,0,0,0,0,0,-32302,0,0,0,0,0,98717,0
98134,-430,7970,-750,456,-167,-1201,-2769,0,-1,6,0,36500,134,32,65,0,0,0,0,0,0,0,0,-32302,0,0,0,0,0,98723,0
98139,-196,7932,-848,463,-167,-1207,-2770,0,-1,7,0,36498,138,32,65,0,0,0,0,0,0,0,0,-32302,0,0,0,0,0,98728,0
98144,-190,7956,-692,474,-143,-1195,-2769,-1,-1,7,0,36498,138,32,65,0,0,0,0,0,0,0,0,-32302,0,0,0,0,0,98734,0
98149,-538,8340,-538,447,-142,-1192,-2769,1,0,5,0,36497,130,32,65,0,0,0,0,0,0,0,0,-32302,0,0,0,0,0,98739,0
98154,-564,8184,-710,442,-126,-1181,-2770,-5,1,6,0,36497,130,32,65,0,0,0,0,0,0,0,0,-32302,0,0,0,0,0,98745,0
98159,-748,8108,-758,452,-107,-1168,-2769,-3,-5,4,0,36500,136,32,65,0,0,0,0,0,0,0,0,-32302,0,0,0,0,0,98750,0
98164,-902,8124,-674,440,-86,-1154,-2769,0,0,6,0,36500,136,32,65,0,0,0,0,0,0,0,0,-32302,0,0,0,0,0,98756,0
98169,-702,7938,-800,431,-88,-1139,-2768,8,1,5,0,36500,131,32,65,0,0,0,0,0,0,0,0,-32301,0,0,0,0,0,98761,0
98174,-650,7952,-956,422,-69,-1130,-2771,-8,-1,4,0,36500,131,32,65,0,0,0,0,0,0,0,0,-32302,0,0,0,0,0,98767,0
98179,-886,7642,-960,435,-64,-1124,-2769,8,-1,6,0,36498,129,32,65,0,0,0,0,0,0,0,0,-32302,0,0,0,0,0,98772,0
98184,-800,8052,-1008,403,-45,-1107,-2770,-4,1,-7,-24,36498,129,32,65,0,0,0,0,0,0,0,0,-32302,0,0,0,0,0,98777,0
98189,-894,7970,-1244,392,-31,-1095,-2772,-12,-2,-54,-24,36497,124,32,65,0,0,0,0,0,0,0,0,-32303,0,0,0,0,0,98783,0
98194,-906,8146,-996,397,-30,-1090,-2774,-2,-13,-65,-32,36497,124,32,65,0,0,0,0,0,0,0,0,-32302,0,0,0,0,0,98789,0
98199,-894,8044,-1066,373,-38,-1082,-2776,-6,-8,-66,-24,36500,126,32,65,0,0,0,0,0,0,0,0,-32301,0,0,0,0,0,98794,0
98204,-908,7924,-1198,359,-19,-1063,-2776,0,-4,-67,-24,36500,126,32,65,0,0,0,0,0,0,0,0,-32302,0,0,0,0,0,98800,0
98209,-978,8066,-1144,342,-27,-1060,-2776,6,2,-66,-16,36499,136,32,65,0,0,0,0,0,0,0,0,-32302,0,0,0,0,0,98805,0
98214,-934,8042,-1246,332,-21,-1057,-2777,-3,8,-66,-24,36499,136,32,65,0,0,0,0,0,0,0,0,-32302,0,0,0,0,0,98811,0
98219,-882,8030,-1304,317,-20,-1042,-2776,4,3,-64,-24,36499,139,32,65,0,0,0,0,0,0,0,0,-32302,0,0,0,0,0,98816,0
98224,-844,8114,-1298,292,-27,-1036,-2778,-3,4,-64,-24,36499,139,32,65,0,0,0,0,0,0,0,0,-32302,0,0,0,0,0,98822,0
98229,-792,8100,-1338,277,-23,-1039,-2777,-6,-1,-66,-24,36494,135,32,65,0,0,0,0,0,0,0,0,-32302,0,0,0,0,0,98827,0
98234,-800,8106,-1322,262,-27,-1038,-2776,2,-5,-64,-32,36494,135,32,65,0,0,0,0,0,0,0,0,-32302,0,0,0,0,0,98832,0
98239,-830,8116,-1292,254,-26,-1037,-2777,-2,-1,-66,-24,36496,134,32,65,0,0,0,0,0,0,0,0,-32302,0,0,0,0,0,98838,0
98244,-906,8090,-1302,228,-27,-1037,-2777,7,0,-67,-16,36496,134,32,65,0,0,0,0,0,0,0,0,-32302,0,0,0,0,0,98844,0
98249,-884,8096,-1306,212,-21,-1031,-2779,-6,-4,-66,-24,36497,133,32,65,0,0,0,0,0,0,0,0,-32302,0,0,0,0,0,98849,0
98254,-926,8038,-1340,208,-20,-1033,-2778,1,1,-66,-24,36497,133,32,65,0,0,0,0,0,0,0,0,-32302,0,0,0,0,0,98855,0
98259,-978,8104,-1316,190,-26,-1035,-2780,-5,2,-65,-24,36496,142,32,65,0,0,0,0,0,0,0,0,-32302,0,0,0,0,0,98860,0
98264,-890,8072,-1352,163,-17,-1032,-2781,-12,-1,-65,-16,36496,142,32,65,0,0,0,0,0,0,0,0,-32302,0,0,0,0,0,98866,0
98269,-880,8074,-1330,148,-15,-1036,-2780,0,1,-65,-24,36498,143,32,65,0,0,0,0,0,0,0,0,-32302,0,0,0,0,0,98871,0
98274,-914,8086,-1302,139,-13,-1037,-2780,-1,1,-65,-16,36498,143,32,65,0,0,0,0,0,0,0,0,-32302,0,0,0,0,0,98876,0
98279,-896,8094,-1276,130,-9,-1034,-2781,-3,6,-65,-24,36497,140,32,65,0,0,0,0,0,0,0,0,-32301,0,0,0,0,0,98882,0
98284,-916,8078,-1230,100,-9,-1025,-2785,-25,-1,-448,-936,36497,140,32,65,0,0,0,0,0,0,0,0,-32302,0,0,0,0,0,98887,0
98289,-1320,8056,-1236,95,-11,-1045,-2873,-432,-148,-1435,-1664,36493,147,32,65,0,0,0,0,0,0,0,0,-32302,0,0,0,0,0,98893,0
98294,-1204,7970,-1284,88,-8,-1028,-3040,-764,-461,-1182,-1840,36493,147,32,65,0,0,0,0,0,0,0,0,-32302,0,0,0,0,0,98898,0
98299,-1340,7906,-1194,73,-18,-1037,-3241,-896,-755,-627,-1584,36485,159,32,65,0,0,0,0,0,0,0,0,-32302,0,0,0,0,0,98904,0
98304,-1410,7928,-1164,65,-33,-1028,-3441,-872,-804,-205,-1048,36485,159,32,65,0,0,0,0,0,0,0,0,-32302,0,0,0,0,0,98909,0
98309,-1444,7924,-1142,64,-34,-1019,-3624,-788,-569,-29,-488,36487,165,32,65,0,0,0,0,0,0,0,0,-32302,0,0,0,0,0,98915,0
98314,-1436,7934,-1112,59,-41,-1015,-3772,-639,-128,70,-208,36487,165,32,65,0,0,0,0,0,0,0,0,-32302,0,0,0,0,0,98920,0
98319,-1488,7918,-1084,50,-51,-1011,-3883,-471,224,112,-136,36490,153,32,65,0,0,0,0,0,0,0,0,-32302,0,0,0,0,0,98926,0
98324,-1488,7976,-968,44,-72,-997,-3958,-311,434,-35,-248,36490,153,32,65,0,0,0,0,0,0,0,0,-32302,0,0,0,0,0,98931,0
98329,-1482,8022,-914,41,-74,-996,-4005,-206,511,-299,-312,36497,134,32,65,0,0,0,0,0,0,0,0,-32302,0,0,0,0,0,98937,0
98334,-1468,7974,-864,39,-78,-1000,-4032,-121,495,-485,-288,36497,134,32,65,0,0,0,0,0,0,0,0,-32302,0,0,0,0,0,98942,0
98339,-1426,8012,-856,43,-84,-987,-4045,-46,426,-637,-288,36498,138,32,65,0,0,0,0,0,0,0,0,-32302,0,0,0,0,0,98948,0
98344,-1404,8020,-810,39,-94,-982,-4055,-44,312,-732,-312,36498,138,32,65,0,0,0,0,0,0,0,0,-32302,0,0,0,0,0,98953,0
98349,-1422,8052,-826,39,-98,-975,-4071,-73,178,-741,-280,36500,152,32,65,0,0,0,0,0,0,0,0,-32302,0,0,0,0,0,98959,0
98354,-1414,8018,-824,48,-101,-984,-4082,-46,81,-701,-248,36500,152,32,65,0,0,0,0,0,0,0,0,-32302,0,0,0,0,0,98964,0
98359,-1460,7984,-758,38,-105,-976,-4087,-7,37,-718,-256,36499,146,32,65,0,0,0,0,0,0,0,0,-32302,0,0,0,0,0,98969,0
98364,-1546,7910,-766,49,-108,-975,-4088,0,39,-771,-256,36499,146,32,65,0,0,0,0,0,0,0,0,-32301,0,0,0,0,0,98975,0
98369,-1516,7912,-780,48,-113,-966,-4087,0,52,-793,-256,36496,140,32,65,0,0,0,0,0,0,0,0,-32301,0,0,0,0,0,98981,0
98374,-1516,7926,-782,48,-113,-966,-4088,-5,56,-793,-256,36496,140,32,65,0,0,0,0,0,0,0,0,-32302,0,0,0,0,0,98986,0
98379,-1524,7944,-814,57,-118,-972,-4087,-3,31,-798,-256,36495,138,32,65,0,0,0,0,0,0,0,0,-32301,0,0,0,0,0,98992,0
98384,-1640,7892,-1030,66,-158,-967,-4089,-9,-1,-796,-256,36495,138,32,65,0,0,0,0,0,0,0,0,-32302,0,0,0,0,0,98997,0
98389,-1590,8010,-948,71,-180,-968,-4088,1,0,-787,-264,36493,141,32,65,0,0,0,0,0,0,0,0,-32301,0,0,0,0,0,99003,0
98394,-1532,8050,-956,74,-203,-972,-4089,0,-2,-790,-264,36493,141,32,65,0,0,0,0,0,0,0,0,-32302,0,0,0,0,0,99008,0
98399,-1478,8102,-896,77,-205,-966,-4090,-9,0,-787,-256,36494,137,32,65,0,0,0,0,0,0,0,0,-32302,0,0,0,0,0,99014,0
98404,-1390,8280,-782,79,-204,-968,-4091,-1,-3,-779,-256,36494,137,32,65,0,0,0,0,0,0,0,0,-32302,0,0,0,0,0,99019,0
98409,-1312,8258,-752,75,-194,-970,-4093,-1,2,-780,-264,36497,129,32,65,0,0,0,0,0,0,0,0,-32301,0,0,0,0,0,99024,0
98414,-1234,8260,-798,69,-191,-979,-4094,-6,0,-778,-264,36497,129,32,65,0,0,0,0,0,0,0,0,-32302,0,0,0,0,0,99030,0
98419,-1238,8232,-894,67,-187,-979,-4095,-8,-5,-780,-264,36498,128,32,65,0,0,0,0,0,0,0,0,-32302,0,0,0,0,0,99035,0
98424,-1334,8160,-1004,57,-178,-993,-4097,-9,2,-776,-264,36498,128,32,65,0,0,0,0,0,0,0,0,-32301,0,0,0,0,0,99041,0
98429,-1406,8080,-1020,54,-181,-1000,-4102,-16,-6,-767,-264,36496,133,32,65,0,0,0,0,0,0,0,0,-32302,0,0,0,0,0,99046,0
98434,-1630,7570,-1278,53,-187,-1006,-4106,-23,-11,-750,-264,36496,133,32,65,0,0,0,0,0,0,0,0,-32302,0,0,0,0,0,99052,0
98439,-1678,8092,-840,54,-196,-1008,-4111,-28,-15,-738,-280,36497,134,32,65,0,0,0,0,0,0,0,0,-32302,0,0,0,0,0,99058,0
98444,-1534,7984,-1052,42,-195,-1023,-4122,-54,-26,-706,-288,36497,134,32,65,0,0,0,0,0,0,0,0,-32302,0,0,0,0,0,99063,0
98449,-1614,8040,-1018,36,-190,-1024,-4137,-69,-39,-663,-272,36495,133,32,65,0,0,0,0,0,0,0,0,-32302,0,0,0,0,0,99068,0
98454,-1614,8070,-984,28,-188,-1032,-4146,-40,-32,-654,-232,36495,133,32,65,0,0,0,0,0,0,0,0,-32302,0,0,0,0,0,99074,0
98459,-1598,8012,-962,31,-194,-1035,-4145,0,11,-696,-248,36498,135,32,65,0,0,0,0,0,0,0,0,-32301,0,0,0,0,0,99079,0
98464,-1610,8042,-1006,17,-191,-1041,-4145,1,42,-735,-256,36498,135,32,65,0,0,0,0,0,0,0,0,-32301,0,0,0,0,0,99085,0
98469,-1706,8060,-1044,14,-184,-1049,-4146,-6,53,-741,-248,36500,137,32,65,0,0,0,0,0,0,0,0,-32301,0,0,0,0,0,99090,0
98474,-1746,8044,-1048,6,-187,-1047,-4144,1,45,-737,-264,36500,137,32,65,0,0,0,0,0,0,0,0,-32302,0,0,0,0,0,99096,0
98479,-1768,8038,-1046,3,-182,-1052,-4145,-2,8,-745,-256,36497,140,32,65,0,0,0,0,0,0,0,0,-32302,0,0,0,0,0,99101,0
98484,-1842,8018,-1072,-14,-183,-1050,-4145,0,-3,-733,-256,36497,140,32,65,0,0,0,0,0,0,0,0,-32302,0,0,0,0,0,99106,0
98489,-1844,8042,-1068,-24,-188,-1051,-4145,1,1,-738,-256,36497,138,32,65,0,0,0,0,0,0,0,0,-32301,0,0,0,0,0,99112,0
98494,-1908,7994,-1032,-25,-183,-1054,-4145,4,0,-737,-264,36497,138,32,65,0,0,0,0,0,0,0,0,-32302,0,0,0,0,0,99117,0
98499,-2004,7880,-1004,-36,-193,-1056,-4146,-2,-1,-738,-256,36499,132,32,65,0,0,0,0,0,0,0,0,-32302,0,0,0,0,0,99123,0
98504,-2112,7832,-960,-37,-189,-1057,-4145,0,1,-738,-248,36499,132,32,65,0,0,0,0,0,0,0,0,-32302,0,0,0,0,0,99129,0
98509,-2070,7810,-924,-40,-200,-1058,-4145,-5,0,-741,-256,36500,130,32,65,0,0,0,0,0,0,0,0,-32302,0,0,0,0,0,99135,0
98514,-2102,7752,-882,-42,-201,-1059,-4146,0,-5,-737,-248,36500,130,32,65,0,0,0,0,0,0,0,0,-32301,0,0,0,0,0,99140,0
98519,-2100,7730,-874,-46,-197,-1062,-4145,-6,-2,-736,-248,36503,137,32,65,0,0,0,0,0,0,0,0,-32301,0,0,0,0,0,99146,0
98524,-2112,7752,-800,-40,-210,-1065,-4144,-1,4,-737,-256,36503,137,32,65,0,0,0,0,0,0,0,0,-32302,0,0,0,0,0,99151,0
98529,-2114,7808,-792,-44,-215,-1071,-4146,0,-3,-736,-256,36502,144,32,65,0,0,0,0,0,0,0,0,-32302,0,0,0,0,0,99157,0
98534,-2118,7838,-790,-39,-222,-1074,-4145,-1,-1,-739,-256,36502,144,32,65,0,0,0,0,0,0,0,0,-32302,0,0,0,0,0,99162,0
98539,-2110,7858,-786,-37,-230,-1077,-4145,1,2,-740,-256,36502,147,32,65,0,0,0,0,0,0,0,0,-32302,0,0,0,0,0,99168,0
98544,-2072,7922,-734,-32,-241,-1083,-4146,-3,0,-736,-256,36502,147,32,65,0,0,0,0,0,0,0,0,-32302,0,0,0,0,0,99173,0
98549,-2042,7970,-696,-26,-247,-1092,-4145,3,2,-741,-256,36499,134,32,65,0,0,0,0,0,0,0,0,-32302,0,0,0,0,0,99179,0
98554,-1998,8030,-686,-19,-247,-1096,-4145,0,0,-740,-248,36499,134,32,65,0,0,0,0,0,0,0,0,-32301,0,0,0,0,0,99184,0
98559,-1974,8078,-672,-16,-256,-1103,-4145,0,3,-742,-248,36499,141,32,65,0,0,0,0,0,0,0,0,-32302,0,0,0,0,0,99190,0
98564,-1944,8148,-664,-3,-260,-1118,-4146,2,0,-734,-248,36499,141,32,65,0,0,0,0,0,0,0,0,-32302,0,0,0,0,0,99195,0
98569,-1932,8162,-660,-5,-262,-1121,-4146,4,-2,-734,-248,36500,143,32,65,0,0,0,0,0,0,0,0,-32302,0,0,0,0,0,99200,0
98574,-1962,8180,-660,3,-264,-1130,-4146,-5,-1,-737,-248,36500,143,32,65,0,0,0,0,0,0,0,0,-32302,0,0,0,0,0,99206,0
98579,-1982,8210,-702,1,-262,-1136,-4146,-2,0,-739,-240,36501,136,32,65,0,0,0,0,0,0,0,0,-32302,0,0,0,0,0,99212,0
98584,-1908,8426,-724,10,-258,-1152,-4146,-4,0,-741,-248,36501,136,32,65,0,0,0,0,0,0,0,0,-32302,0,0,0,0,0,99217,0
98589,-1872,8552,-722,8,-265,-1158,-4146,2,-4,-739,-248,36503,125,32,65,0,0,0,0,0,0,0,0,-32302,0,0,0,0,0,99223,0
98594,-1854,8552,-730,4,-261,-1168,-4145,7,-1,-738,-264,36503,125,32,65,0,0,0,0,0,0,0,0,-32302,0,0,0,0,0,99228,0
98599,-1880,8540,-790,4,-250,-1176,-4146,0,3,-740,-240,36503,123,32,65,0,0,0,0,0,0,0,0,-32302,0,0,0,0,0,99234,0
98604,-1882,8608,-836,-3,-239,-1187,-4145,-1,3,-737,-256,36503,123,32,65,0,0,0,0,0,0,0,0,-32302,0,0,0,0,0,99239,0
98609,-1906,8640,-892,-13,-229,-1199,-4145,2,1,-734,-264,36501,123,32,65,0,0,0,0,0,0,0,0,-32302,0,0,0,0,0,99245,0
98614,-1970,8678,-956,-21,-224,-1201,-4145,3,1,-737,-248,36501,123,32,65,0,0,0,0,0,0,0,0,-32301,0,0,0,0,0,99250,0
98619,-2012,8680,-1014,-35,-218,-1212,-4145,3,0,-739,-264,36502,132,32,65,0,0,0,0,0,0,0,0,-32302,0,0,0,0,0,99256,0
98624,-2168,8750,-1106,-57,-203,-1218,-4145,3,0,-741,-256,36502,132,32,65,0,0,0,0,0,0,0,0,-32302,0,0,0,0,0,99261,0
98629,-2216,8760,-1138,-71,-190,-1218,-4144,2,5,-738,-256,36500,129,32,65,0,0,0,0,0,0,0,0,-32302,0,0,0,0,0,99266,0
98634,-2262,8760,-1134,-93,-178,-1220,-4145,0,-2,-738,-256,36500,129,32,65,0,0,0,0,0,0,0,0,-32302,0,0,0,0,0,99272,0
98639,-2326,8818,-1174,-114,-161,-1215,-4145,-7,0,-741,-248,36500,131,32,65,0,0,0,0,0,0,0,0,-32302,0,0,0,0,0,99278,0
98644,-2384,8570,-1168,-145,-141,-1216,-4143,5,0,-738,-264,36500,131,32,65,0,0,0,0,0,0,0,0,-32302,0,0,0,0,0,99283,0
98649,-2436,8446,-1176,-166,-130,-1212,-4145,-2,-4,-747,-248,36500,130,32,65,0,0,0,0,0,0,0,0,-32301,0,0,0,0,0,99289,0
98654,-2564,8336,-1254,-178,-123,-1214,-4143,3,-2,-743,-248,36500,130,32,65,0,0,0,0,0,0,0,0,-32302,0,0,0,0,0,99294,0
98659,-2740,8228,-1248,-193,-118,-1210,-4141,15,8,-741,-264,36499,132,32,65,0,0,0,0,0,0,0,0,-32302,0,0,0,0,0,99300,0
98664,-3030,7960,-1192,-217,-117,-1197,-4142,-3,4,-752,-256,36499,132,32,65,0,0,0,0,0,0,0,0,-32302,0,0,0,0,0,99305,0
98669,-3098,7740,-1188,-227,-124,-1192,-4140,8,4,-747,-264,36499,127,32,65,0,0,0,0,0,0,0,0,-32302,0,0,0,0,0,99311,0
98674,-3136,7586,-1140,-249,-130,-1184,-4140,1,3,-756,-256,36499,127,32,65,0,0,0,0,0,0,0,0,-32301,0,0,0,0,0,99316,0
98679,-3228,7360,-1094,-244,-136,-1183,-4138,2,4,-755,-256,36499,128,32,65,0,0,0,0,0,0,0,0,-32301,0,0,0,0,0,99322,0
98684,-3250,7070,-1034,-261,-149,-1171,-4137,8,0,-752,-256,36499,128,32,65,0,0,0,0,0,0,0,0,-32301,0,0,0,0,0,99328,0
98689,-3224,7014,-974,-265,-154,-1160,-4137,1,-1,-753,-256,36496,127,32,65,0,0,0,0,0,0,0,0,-32301,0,0,0,0,0,99333,0
98694,-3228,7014,-988,-274,-160,-1156,-4136,0,-2,-750,-240,36496,127,32,65,0,0,0,0,0,0,0,0,-32301,0,0,0,0,0,99339,0
98699,-3246,6994,-914,-283,-166,-1147,-4133,0,4,-764,-240,36496,131,32,65,0,0,0,0,0,0,0,0,-32302,0,0,0,0,0,99344,0
98704,-3310,7006,-876,-285,-173,-1134,-4131,9,1,-767,-256,36496,131,32,65,0,0,0,0,0,0,0,0,-32301,0,0,0,0,0,99350,0
98709,-3368,6998,-836,-290,-181,-1131,-4129,15,-1,-765,-272,36496,132,32,65,0,0,0,0,0,0,0,0,-32302,0,0,0,0,0,99355,0
98714,-3388,6990,-810,-298,-186,-1122,-4128,10,2,-767,-256,36496,132,32,65,0,0,0,0,0,0,0,0,-32302,0,0,0,0,0,99360,0
98719,-3412,6982,-814,-296,-189,-1123,-4125,20,8,-765,-272,36502,136,32,65,0,0,0,0,0,0,0,0,-32301,0,0,0,0,0,99366,0
98724,-3364,7020,-782,-298,-202,-1102,-4125,7,3,-775,-248,36502,136,32,65,0,0,0,0,0,0,0,0,-32302,0,0,0,0,0,99371,0
98729,-3314,7042,-724,-307,-212,-1103,-4121,12,5,-772,-248,36500,135,32,65,0,0,0,0,0,0,0,0,-32302,0,0,0,0,0,99377,0
98734,-3246,7004,-684,-306,-215,-1106,-4118,20,5,-782,-248,36500,135,32,65,0,0,0,0,0,0,0,0,-32302,0,0,0,0,0,99382,0
98739,-3192,6972,-638,-306,-216,-1105,-4116,18,2,-787,-248,36499,133,32,65,0,0,0,0,0,0,0,0,-32301,0,0,0,0,0,99388,0
98744,-3092,6824,-558,-299,-235,-1114,-4109,26,14,-813,-224,36499,133,32,65,0,0,0,0,0,0,0,0,-32302,0,0,0,0,0,99394,0
98749,-3070,6878,-510,-294,-242,-1123,-4095,60,38,-843,-232,36496,130,32,65,0,0,0,0,0,0,0,0,-32302,0,0,0,0,0,99399,0
98754,-3050,6944,-486,-292,-245,-1127,-4076,90,51,-916,-216,36496,130,32,65,0,0,0,0,0,0,0,0,-32302,0,0,0,0,0,99404,0
98759,-3010,7042,-452,-279,-252,-1135,-4058,75,64,-961,-256,36497,136,32,65,0,0,0,0,0,0,0,0,-32302,0,0,0,0,0,99410,0
98764,-3094,7226,-406,-268,-260,-1146,-4049,36,27,-938,-248,36497,136,32,65,0,0,0,0,0,0,0,0,-32302,0,0,0,0,0,99415,0
98769,-3158,7290,-360,-266,-265,-1151,-4039,40,-6,-911,-240,36497,139,32,65,0,0,0,0,0,0,0,0,-32302,0,0,0,0,0,99421,0
98774,-3140,7370,-352,-254,-274,-1162,-4022,81,-25,-941,-240,36497,139,32,65,0,0,0,0,0,0,0,0,-32302,0,0,0,0,0,99426,0
98779,-3004,7452,-318,-249,-285,-1185,-3994,119,19,-1026,-256,36496,143,32,65,0,0,0,0,0,0,0,0,-32302,0,0,0,0,0,99432,0
98784,-2780,7632,-296,-227,-301,-1203,-3974,89,50,-1090,-240,36496,143,32,65,0,0,0,0,0,0,0,0,-32302,0,0,0,0,0,99437,0
98789,-2904,7612,-288,-217,-308,-1228,-3946,129,64,-1105,-208,36496,146,32,65,0,0,0,0,0,0,0,0,-32302,0,0,0,0,0,99443,0
98794,-2926,7588,-262,-205,-313,-1235,-3909,163,63,-1186,-224,36496,146,32,65,0,0,0,0,0,0,0,0,-32302,0,0,0,0,0,99448,0
98799,-2974,7506,-252,-197,-318,-1248,-3863,210,76,-1275,-192,36496,138,32,65,0,0,0,0,0,0,0,0,-32303,0,0,0,0,0,99454,0
98804,-3146,7494,-220,-176,-338,-1269,-3804,254,124,-1414,-184,36496,138,32,65,0,0,0,0,0,0,0,0,-32303,0,0,0,0,0,99459,0
98809,-3322,7468,-216,-162,-346,-1276,-3736,305,158,-1546,-184,36498,134,32,65,0,0,0,0,0,0,0,0,-32303,0,0,0,0,0,99465,0
98814,-3384,7458,-258,-156,-354,-1281,-3660,336,150,-1694,-176,36498,134,32,65,0,0,0,0,0,0,0,0,-32302,0,0,0,0,0,99470,0
98819,-3422,7440,-280,-146,-367,-1283,-3575,384,149,-1840,-184,36505,133,32,65,0,0,0,0,0,0,0,0,-32302,0,0,0,0,0,99476,0
98824,-3528,7446,-334,-124,-392,-1292,-3483,410,134,-1991,-176,36505,133,32,65,0,0,0,0,0,0,0,0,-32301,0,0,0,0,0,99481,0
98829,-3622,7490,-356,-114,-404,-1292,-3387,416,120,-2137,-184,36508,137,32,65,0,0,0,0,0,0,0,0,-32301,0,0,0,0,0,99487,0
98834,-3702,7508,-380,-106,-411,-1287,-3290,428,89,-2251,-184,36508,137,32,65,0,0,0,0,0,0,0,0,-32301,0,0,0,0,0,99492,0
98839,-3714,7560,-386,-99,-415,-1280,-3190,446,63,-2360,-176,36507,134,32,65,0,0,0,0,0,0,0,0,-32302,0,0,0,0,0,99497,0
98844,-3638,7656,-306,-91,-438,-1281,-3084,471,49,-2491,-192,36507,134,32,65,0,0,0,0,0,0,0,0,-32303,0,0,0,0,0,99503,0
98849,-3552,7686,-282,-87,-437,-1284,-2970,510,65,-2617,-192,36505,148,32,65,0,0,0,0,0,0,0,0,-32303,0,0,0,0,0,99508,0
98854,-3576,7672,-246,-80,-433,-1282,-2856,510,76,-2787,-208,36505,148,32,65,0,0,0,0,0,0,0,0,-32303,0,0,0,0,0,99514,0
98859,-3588,7642,-262,-84,-434,-1278,-2740,506,69,-2929,-224,36501,137,32,65,0,0,0,0,0,0,0,0,-32302,0,0,0,0,0,99519,0
98864,-3728,7532,-240,-88,-421,-1273,-2622,530,51,-3047,-176,36501,137,32,65,0,0,0,0,0,0,0,0,-32301,0,0,0,0,0,99525,0
98869,-3782,7504,-240,-94,-409,-1274,-2495,564,48,-3192,-208,36502,147,32,65,0,0,0,0,0,0,0,0,-32300,0,0,0,0,0,99531,0
98874,-3866,7478,-266,-102,-411,-1258,-2363,579,61,-3361,-232,36502,147,32,65,0,0,0,0,0,0,0,0,-32302,0,0,0,0,0,99536,0
98879,-4030,7456,-324,-103,-405,-1243,-2231,577,69,-3540,-280,36500,144,32,65,0,0,0,0,0,0,0,0,-32303,0,0,0,0,0,99541,0
98884,-4330,7216,-414,-109,-398,-1209,-2094,608,61,-3679,-280,36500,144,32,65,0,0,0,0,0,0,0,0,-32303,0,0,0,0,0,99547,0
98889,-4342,7220,-424,-112,-387,-1190,-1955,617,51,-3644,1544,36499,149,32,65,0,0,0,0,0,0,0,0,-32301,0,0,0,0,0,99552,0
98894,-3632,7278,-580,-118,-405,-1255,-1691,1293,314,-1120,3144,36499,149,32,65,0,0,0,0,0,0,0,0,-32302,0,0,0,0,0,99558,0
98899,-1878,7366,-446,-121,-425,-1399,-1180,2347,1093,-113,5464,36499,141,32,65,0,0,0,0,0,0,0,0,-32302,0,0,0,0,0,99563,0
98904,3092,8750,-466,-128,-432,-1704,-455,3278,2072,-45,7208,36499,141,32,65,0,0,0,0,0,0,0,0,-32302,0,0,0,0,0,99569,0
98909,3900,9288,-408,-130,-427,-1891,453,4068,2812,-29,8528,36496,140,32,65,0,0,0,0,0,0,0,0,-32302,0,0,0,0,0,99574,0
98914,3974,9282,-358,-123,-398,-2076,1507,4695,3055,-99,9632,36496,140,32,65,0,0,0,0,0,0,0,0,-32301,0,0,0,0,0,99580,0
98919,3026,8804,-302,-132,-344,-2234,2686,5243,2695,-224,10760,36493,138,32,65,0,0,0,0,0,0,0,0,-32302,0,0,0,0,0,99586,0
98924,814,8080,218,-158,-307,-2523,4006,5868,2340,-290,12000,36493,138,32,65,0,0,0,0,0,0,0,0,-32301,0,0,0,0,0,99591,0
98929,-282,8416,382,-164,-301,-2658,5466,6484,2146,-334,13200,36501,129,32,65,0,0,0,0,0,0,0,0,-32302,0,0,0,0,0,99596,0
98934,-674,8542,466,-156,-294,-2775,7043,6993,2051,-413,14296,36501,129,32,65,0,0,0,0,0,0,0,0,-32302,0,0,0,0,0,99602,0
98939,-964,9048,302,-162,-309,-2890,8747,7554,2016,-480,15448,36513,96,32,65,0,0,0,0,0,0,0,0,-32302,0,0,0,0,0,99607,0
98944,-714,10222,104,-144,-325,-3083,10557,7995,1101,-451,16184,36513,96,32,65,0,0,0,0,0,0,0,0,-32302,0,0,0,0,0,99613,0
98949,-860,10386,-236,-114,-352,-3178,12459,8416,893,-531,16904,36531,51,32,65,0,0,0,0,0,0,0,0,-32302,0,0,0,0,0,99618,0
98954,-730,10460,-380,-113,-425,-3292,14436,8713,1123,-550,17240,36531,51,32,65,0,0,0,0,0,0,0,0,-32302,0,0,0,0,0,99624,0
98959,-546,10084,-466,-52,-444,-3390,16461,8929,1686,-694,17608,36551,3,32,65,0,0,0,0,0,0,0,0,-32302,0,0,0,0,0,99629,0
98964,-1058,9522,-196,26,-554,-3564,18524,9089,1858,-716,17840,36551,3,32,65,0,0,0,0,0,0,0,0,-32302,0,0,0,0,0,99635,0
98969,-1422,9042,-108,43,-621,-3635,20633,9317,1672,-776,18280,36577,-50,32,65,0,0,0,0,0,0,0,0,-32302,0,0,0,0,0,99640,0
98974,-2112,9050,-86,113,-660,-3729,22795,9519,738,-809,18536,36577,-50,32,65,0,0,0,0,0,0,0,0,-32303,0,0,0,0,0,99645,0
98979,-1982,8674,-118,143,-719,-3808,24994,9703,689,-988,19096,36611,-125,32,65,0,0,0,0,0,0,0,0,-32303,0,0,0,0,0,99651,0
98984,-2372,8834,154,221,-822,-3952,27232,9852,685,-969,19384,36611,-125,32,65,0,0,0,0,0,0,0,0,-32303,0,0,0,0,0,99656,0
98989,-1814,8550,514,239,-882,-4006,29530,10152,688,-987,19872,36641,-200,32,65,0,0,0,0,0,0,0,0,-32302,0,0,0,0,0,99662,0
98994,-2306,8802,250,288,-944,-4086,31856,10234,675,-1021,20152,36641,-200,32,65,0,0,0,0,0,0,0,0,-32302,0,0,0,0,0,99668,0
98999,-1956,7806,350,337,-990,-4149,34220,10407,663,-1192,20488,36675,-281,32,65,0,0,0,0,0,0,0,0,-32302,0,0,0,0,0,99673,0
99004,-2348,7864,206,434,-1134,-4279,36608,10529,574,-1125,20672,36675,-281,32,65,0,0,0,0,0,0,0,0,-32302,0,0,0,0,0,99678,0
99009,-2232,7324,288,485,-1161,-4316,39051,10761,587,-1209,20912,36706,-338,32,65,0,0,0,0,0,0,0,0,-32302,0,0,0,0,0,99684,0
99014,-3212,7524,200,491,-1208,-4383,41520,10897,530,-1369,21864,36706,-338,32,65,0,0,0,0,0,0,0,0,-32303,0,0,0,0,0,99689,0
99019,-2432,6798,364,557,-1230,-4449,44028,11032,582,-1332,21656,36738,-398,32,65,0,0,0,0,0,0,0,0,-32302,0,0,0,0,0,99695,0
99024,-2550,6058,264,635,-1303,-4540,46602,11360,628,-1346,22232,36738,-398,32,65,0,0,0,0,0,0,0,0,-32302,0,0,0,0,0,99700,0
99029,-3066,6952,248,617,-1355,-4598,49194,11417,636,-1473,22432,36772,-475,32,65,0,0,0,0,0,0,0,0,-32301,0,0,0,0,0,99706,0
99034,-2692,6604,542,631,-1396,-4628,51804,11469,608,-1568,22632,36772,-475,32,65,0,0,0,0,0,0,0,0,-32302,0,0,0,0,0,99711,0
99039,-3104,6260,596,713,-1394,-4639,54450,11674,507,-1573,23032,36817,-568,32,65,0,0,0,0,0,0,0,0,-32302,0,0,0,0,0,99716,0
99044,-2968,6254,624,668,-1385,-4701,57102,11663,415,-1667,23160,36817,-568,32,65,0,0,0,0,0,0,0,0,-32302,0,0,0,0,0,99722,0
99049,-3180,6134,450,678,-1376,-4720,59761,11698,303,-1738,22928,36859,-643,32,65,0,0,0,0,0,0,0,0,-32303,0,0,0,0,0,99727,0
99054,-2666,5382,740,693,-1351,-4695,62447,11855,252,-1663,23120,36859,-643,32,65,0,0,0,0,0,0,0,0,-32302,0,0,0,0,0,99733,0
99059,-3636,6288,822,653,-1326,-4681,65126,11767,226,-1777,23112,36900,-722,32,65,0,0,0,0,0,0,0,0,-32302,0,0,0,0,0,99739,0
99064,-2058,5646,522,662,-1345,-4424,67797,11733,127,-1836,22848,36900,-722,32,65,0,0,0,0,0,0,0,0,-32302,0,0,0,0,0,99744,0
99069,-1034,6820,646,658,-1303,-4119,70461,11732,29,-1754,22552,36917,-770,32,65,0,0,0,0,0,0,0,0,-32302,0,0,0,0,0,99750,0
99074,-1042,7092,88,693,-1229,-3907,73080,11491,-91,-1869,22112,36917,-770,32,65,0,0,0,0,0,0,0,0,-32303,0,0,0,0,0,99755,0
99079,-1340,8572,-60,621,-1186,-3863,75642,11234,-338,-1991,21352,36948,-827,32,65,0,0,0,0,0,0,0,0,-32302,0,0,0,0,0,99761,0
99084,-2354,8832,-14,538,-1059,-3216,78134,10951,-579,-1991,20664,36948,-827,32,65,0,0,0,0,0,0,0,0,-32303,0,0,0,0,0,99766,0
99089,-2380,8582,-54,541,-972,-2944,80554,10588,-784,-2016,19688,36969,-877,32,65,0,0,0,0,0,0,0,0,-32303,0,0,0,0,0,99772,0
99094,-2390,8562,-224,500,-887,-2637,82890,10246,-1028,-2120,19048,36969,-877,32,65,0,0,0,0,0,0,0,0,-32302,0,0,0,0,0,99777,0
99099,-3026,8644,18,479,-780,-2399,85120,9773,-1166,-2101,17856,36971,-875,32,65,0,0,0,0,0,0,0,0,-32302,0,0,0,0,0,99782,0
99104,-6444,8154,-154,364,-543,-2040,87291,9517,-1244,-2132,17184,36971,-875,32,65,0,0,0,0,0,0,0,0,-32301,0,0,0,0,0,99788,0
99109,-7604,7464,-98,307,-448,-1901,89371,9119,-1302,-2220,16592,36959,-862,32,65,0,0,0,0,0,0,0,0,-32302,0,0,0,0,0,99794,0
99114,-7968,6478,-72,261,-335,-1771,91393,8872,-1214,-2307,16112,36959,-862,32,65,0,0,0,0,0,0,0,0,-32303,0,0,0,0,0,99799,0
99119,-8844,6120,-184,203,-272,-1646,93353,8595,-1139,-2292,15464,36946,-845,32,65,0,0,0,0,0,0,0,0,-32302,0,0,0,0,0,99805,0
99124,-9692,5574,174,149,-190,-1425,95293,8534,-952,-2274,15304,36946,-845,32,65,0,0,0,0,0,0,0,0,-32303,0,0,0,0,0,99810,0
99129,-9508,5136,28,153,-199,-1284,97178,8264,-814,-2272,14896,36940,-816,32,65,0,0,0,0,0,0,0,0,-32302,0,0,0,0,0,99816,0
99134,-9548,5532,54,184,-201,-1131,99021,8094,-677,-2373,14416,36940,-816,32,65,0,0,0,0,0,0,0,0,-32302,0,0,0,0,0,99821,0
99139,-9550,5768,-10,197,-209,-1035,100792,7759,-702,-2271,13520,36927,-787,32,65,0,0,0,0,0,0,0,0,-32303,0,0,0,0,0,99827,0
99144,-8708,6196,-100,204,-176,-643,102500,7489,-790,-2357,12840,36927,-787,32,65,0,0,0,0,0,0,0,0,-32302,0,0,0,0,0,99832,0
99149,-7654,6506,-216,240,-159,-353,104129,7124,-944,-2293,11856,36913,-726,32,65,0,0,0,0,0,0,0,0,-32301,0,0,0,0,0,99837,0
99154,-7256,7046,-440,255,-131,-84,105640,6598,-1103,-2420,10720,36913,-726,32,65,0,0,0,0,0,0,0,0,-32302,0,0,0,0,0,99843,0
99159,-7286,7480,-456,274,-106,186,107036,6085,-1346,-2421,9640,36890,-669,32,65,0,0,0,0,0,0,0,0,-32303,0,0,0,0,0,99848,0
99164,-8002,7548,-244,254,-13,618,108301,5497,-1577,-2384,8208,36890,-669,32,65,0,0,0,0,0,0,0,0,-32303,0,0,0,0,0,99854,0
99169,-8000,6830,-158,251,29,871,109427,4891,-1817,-2442,6976,36855,-575,32,65,0,0,0,0,0,0,0,0,-32301,0,0,0,0,0,99860,0
99174,-8592,6200,-148,243,53,1139,110431,4371,-1942,-2450,5872,36855,-575,32,65,0,0,0,0,0,0,0,0,-32302,0,0,0,0,0,99865,0
99179,-9170,5732,130,216,62,1387,111326,3883,-1942,-2426,4928,36803,-468,32,65,0,0,0,0,0,0,0,0,-32303,0,0,0,0,0,99871,0
99184,-8520,4834,-138,253,83,1985,112110,3393,-1880,-2441,3920,36803,-468,32,65,0,0,0,0,0,0,0,0,-32303,0,0,0,0,0,99876,0
99189,-8798,5266,-148,257,75,2348,112781,2902,-1778,-2430,2904,36752,-340,32,65,0,0,0,0,0,0,0,0,-32304,0,0,0,0,0,99882,0
99194,-9240,5914,-62,253,90,2562,113340,2413,-1714,-2426,1888,36752,-340,32,65,0,0,0,0,0,0,0,0,-32304,0,0,0,0,0,99887,0
99199,-9640,6160,-80,235,129,2708,113788,1920,-1711,-2391,864,36699,-222,32,65,0,0,0,0,0,0,0,0,-32301,0,0,0,0,0,99892,0
99204,-17418,5980,4490,-268,199,1997,114129,1459,-1703,-2441,136,36699,-222,32,65,0,0,0,0,0,0,0,0,-32303,0,0,0,0,0,99898,0
99209,-17960,-374,7324,-909,512,824,114405,1180,-1622,-2566,112,36648,-105,32,65,0,0,0,0,0,0,0,0,-32301,0,0,0,0,0,99904,0
99214,-14584,-5114,6740,-1209,577,1397,114677,1209,-1342,-2476,336,36648,-105,32,65,0,0,0,0,0,0,0,0,-32301,0,0,0,0,0,99909,0
99219,-17454,-3584,7424,-1546,577,1227,115000,1437,-811,-2336,816,36607,-23,32,65,0,0,0,0,0,0,0,0,-32303,0,0,0,0,0,99915,0
99224,-11670,-1442,7934,-1780,-314,1598,115372,1651,-159,-2309,1104,36607,-23,32,65,0,0,0,0,0,0,0,0,-32301,0,0,0,0,0,99920,0
99229,-5618,2848,5138,-1555,-431,2265,115744,1619,311,-2232,592,36587,18,32,65,0,0,0,0,0,0,0,0,-32303,0,0,0,0,0,99926,0
99234,-5838,6622,-2694,-1076,-436,2982,116034,1226,300,-2294,-192,36587,18,32,65,0,0,0,0,0,0,0,0,-32301,0,0,0,0,0,99931,0
99239,-7896,16174,-2112,-1008,-665,3442,116159,459,-304,-2692,-1104,36573,41,32,65,0,0,0,0,0,0,0,0,-32302,0,0,0,0,0,99937,0
99244,-5476,6844,-2126,-1189,-403,4481,116104,-322,-1215,-2433,-2088,36573,41,32,65,0,0,0,0,0,0,0,0,-32301,0,0,0,0,0,99942,0
99249,-5118,8038,-610,-1262,-64,4211,115917,-875,-1952,-2186,-3456,36549,95,32,65,0,0,0,0,0,0,0,0,-32301,0,0,0,0,0,99947,0
99254,-4732,8690,-1474,-1295,116,4465,115586,-1512,-2313,-2289,-4752,36549,95,32,65,0,0,0,0,0,0,0,0,-32302,0,0,0,0,0,99953,0
99259,-5128,7090,-1388,-1259,207,4412,115114,-2142,-2323,-2301,-6064,36494,218,32,65,0,0,0,0,0,0,0,0,-32301,0,0,0,0,0,99958,0
99264,-6008,7754,210,-1207,199,4747,114509,-2723,-2195,-2253,-7264,36494,218,32,65,0,0,0,0,0,0,0,0,-32303,0,0,0,0,0,99964,0
99269,-2928,5160,-828,-1182,349,4981,113785,-3234,-2084,-2228,-8224,36421,387,32,65,0,0,0,0,0,0,0,0,-32303,0,0,0,0,0,99969,0
99274,-5058,3710,-1118,-1135,374,5274,112966,-3651,-1984,-2183,-9024,36421,387,32,65,0,0,0,0,0,0,0,0,-32302,0,0,0,0,0,99975,0
99279,-3534,4412,-748,-1123,317,5867,112069,-3982,-1766,-2142,-9432,36356,536,32,65,0,0,0,0,0,0,0,0,-32303,0,0,0,0,0,99981,0
99284,-4426,584,-1504,-990,450,6730,111106,-4257,-1496,-2156,-9912,36356,536,32,65,0,0,0,0,0,0,0,0,-32302,0,0,0,0,0,99986,0
99289,-3888,3668,-612,-957,365,7158,110094,-4473,-1228,-2065,-10312,36300,647,32,65,0,0,0,0,0,0,0,0,-32301,0,0,0,0,0,99992,0
99294,-3016,4336,-346,-900,360,7468,109032,-4702,-1012,-1964,-11040,36300,647,32,65,0,0,0,0,0,0,0,0,-32302,0,0,0,0,0,99997,0
99299,-2342,4136,-490,-868,454,7764,107895,-5041,-901,-1896,-11960,36271,704,32,65,0,0,0,0,0,0,0,0,-32302,0,0,0,0,0,100003,0
99304,-4520,6202,-346,-815,547,8098,106655,-5507,-972,-1901,-12840,36271,704,32,65,0,0,0,0,0,0,0,0,-32302,0,0,0,0,0,100008,0
99309,-4640,5540,-652,-767,574,8262,105308,-5971,-1173,-1948,-13864,36243,751,32,65,0,0,0,0,0,0,0,0,-32301,0,0,0,0,0,100013,0
99314,-4980,5880,-208,-722,564,8442,103861,-6413,-1398,-1814,-14784,36243,751,32,65,0,0,0,0,0,0,0,0,-32302,0,0,0,0,0,100019,0
99319,-4932,6088,-26,-680,584,8520,102297,-6933,-1570,-1801,-15776,36214,810,32,65,0,0,0,0,0,0,0,0,-32302,0,0,0,0,0,100025,0
99324,-5380,6134,-234,-538,473,8765,100640,-7320,-1621,-1791,-16680,36214,810,32,65,0,0,0,0,0,0,0,0,-32302,0,0,0,0,0,100030,0
99329,-5310,5804,-70,-469,414,8846,98897,-7718,-1569,-1702,-17480,36178,879,32,65,0,0,0,0,0,0,0,0,-32302,0,0,0,0,0,100036,0
99334,-4986,5400,-124,-427,363,8984,97051,-8155,-1528,-1692,-18256,36178,879,32,65,0,0,0,0,0,0,0,0,-32302,0,0,0,0,0,100041,0
99339,-5104,5568,-150,-364,318,9121,95131,-8480,-1435,-1584,-19144,36149,940,32,65,0,0,0,0,0,0,0,0,-32302,0,0,0,0,0,100047,0
99344,-4744,5526,-156,-207,213,9415,93119,-8883,-1383,-1582,-19736,36149,940,32,65,0,0,0,0,0,0,0,0,-32301,0,0,0,0,0,100052,0
99349,-4524,5644,-140,-166,197,9565,91059,-9097,-1277,-1486,-20048,36128,995,32,65,0,0,0,0,0,0,0,0,-32302,0,0,0,0,0,100058,0
99354,-4442,5650,-158,-147,169,9742,88923,-9422,-1185,-1462,-20688,36128,995,32,65,0,0,0,0,0,0,0,0,-32302,0,0,0,0,0,100063,0
99359,-4384,5994,-280,-106,137,9925,86735,-9658,-1048,-1367,-21256,36126,1001,32,65,0,0,0,0,0,0,0,0,-32302,0,0,0,0,0,100069,0
99364,-3866,6670,-90,-15,129,10230,84488,-9892,-988,-1360,-21664,36126,1001,32,65,0,0,0,0,0,0,0,0,-32302,0,0,0,0,0,100074,0
99369,-3872,7076,-134,-3,124,10350,82205,-10077,-867,-1280,-22040,36124,1000,32,65,0,0,0,0,0,0,0,0,-32302,0,0,0,0,0,100079,0
99374,-3808,7688,-12,38,104,10438,79864,-10308,-831,-1229,-22536,36124,1000,32,65,0,0,0,0,0,0,0,0,-32301,0,0,0,0,0,100085,0
99379,-3730,7794,-62,41,95,10518,77457,-10635,-791,-1168,-23128,36129,969,32,65,0,0,0,0,0,0,0,0,-32301,0,0,0,0,0,100091,0
99384,-3546,8012,36,120,63,10625,75018,-10735,-805,-1161,-23272,36129,969,32,65,0,0,0,0,0,0,0,0,-32301,0,0,0,0,0,100096,0
99389,-3494,8258,-146,150,29,10678,72519,-11016,-816,-1047,-23904,36131,946,32,65,0,0,0,0,0,0,0,0,-32301,0,0,0,0,0,100102,0
99394,-3368,8090,52,157,3,10716,69977,-11214,-768,-1006,-24256,36131,946,32,65,0,0,0,0,0,0,0,0,-32302,0,0,0,0,0,100107,0
99399,-3326,7994,-20,184,-37,10755,67403,-11321,-751,-955,-24504,36145,900,32,65,0,0,0,0,0,0,0,0,-32302,0,0,0,0,0,100113,0
99404,-3168,8044,-70,272,-108,10816,64794,-11502,-636,-906,-24680,36145,900,32,65,0,0,0,0,0,0,0,0,-32302,0,0,0,0,0,100118,0
99409,-3068,8006,14,315,-150,10847,62158,-11601,-582,-864,-24832,36161,860,32,65,0,0,0,0,0,0,0,0,-32302,0,0,0,0,0,100123,0
99414,-2750,8012,26,352,-183,10875,59489,-11736,-531,-839,-25128,36161,860,32,65,0,0,0,0,0,0,0,0,-32301,0,0,0,0,0,100129,0
99419,-2588,8014,70,335,-232,10905,56800,-11860,-443,-775,-25048,36180,812,32,65,0,0,0,0,0,0,0,0,-32302,0,0,0,0,0,100134,0
99424,-2088,8192,78,336,-213,10939,54098,-11897,-428,-664,-25320,36180,812,32,65,0,0,0,0,0,0,0,0,-32301,0,0,0,0,0,100140,0
99429,-2006,8242,108,337,-234,10946,51379,-11951,-354,-551,-25448,36211,746,32,65,0,0,0,0,0,0,0,0,-32302,0,0,0,0,0,100145,0
99434,-1632,8376,136,377,-244,10927,48659,-11988,-238,-565,-25304,36211,746,32,65,0,0,0,0,0,0,0,0,-32303,0,0,0,0,0,100151,0
99439,-1548,8592,110,358,-269,10896,45931,-12000,-187,-487,-25296,36241,664,32,65,0,0,0,0,0,0,0,0,-32302,0,0,0,0,0,100157,0
99444,-1208,8782,162,361,-289,10789,43732,-12099,-157,-446,-25408,36241,664,32,65,0,0,0,0,0,0,0,0,-32302,0,0,0,0,0,100162,0
99449,-1152,8822,110,345,-286,10727,40994,-12064,-115,-429,-25192,36273,586,32,65,0,0,0,0,0,0,0,0,-32302,0,0,0,0,0,100168,0
99454,-1120,8864,-32,332,-264,10683,38254,-12045,-114,-347,-25120,36273,586,32,65,0,0,0,0,0,0,0,0,-32302,0,0,0,0,0,100173,0
99459,-996,8854,10,322,-283,10637,35511,-12064,-62,-273,-25064,36300,531,32,65,0,0,0,0,0,0,0,0,-32302,0,0,0,0,0,100178,0
99464,-668,9008,142,362,-324,10537,32800,-11922,58,-208,-24752,36300,531,32,65,0,0,0,0,0,0,0,0,-32302,0,0,0,0,0,100184,0
99469,-284,9092,44,364,-350,10463,30105,-11827,142,-137,-24608,36335,452,32,65,0,0,0,0,0,0,0,0,-32302,0,0,0,0,0,100189,0
99474,0,9192,126,371,-369,10384,27412,-11847,206,-100,-24456,36335,452,32,65,0,0,0,0,0,0,0,0,-32302,0,0,0,0,0,100195,0
99479,182,9184,182,366,-376,10285,24758,-11686,284,-102,-23912,36367,385,32,65,0,0,0,0,0,0,0,0,-32301,0,0,0,0,0,100200,0
99484,496,9292,90,314,-399,10093,22121,-11578,272,-46,-23680,36367,385,32,65,0,0,0,0,0,0,0,0,-32302,0,0,0,0,0,100206,0
99489,716,9288,146,345,-383,9980,19502,-11518,304,72,-23416,36396,333,32,65,0,0,0,0,0,0,0,0,-32302,0,0,0,0,0,100211,0
99494,800,9222,34,343,-387,9872,16939,-11253,402,83,-22840,36396,333,32,65,0,0,0,0,0,0,0,0,-32302,0,0,0,0,0,100217,0
99499,996,9096,132,331,-427,9743,14405,-11121,459,134,-22608,36422,273,32,65,0,0,0,0,0,0,0,0,-32302,0,0,0,0,0,100223,0
99504,1566,9056,66,343,-465,9474,11896,-11052,521,158,-22248,36422,273,32,65,0,0,0,0,0,0,0,0,-32302,0,0,0,0,0,100229,0
99509,1748,8932,104,318,-496,9342,9446,-10745,567,192,-21544,36449,220,32,65,0,0,0,0,0,0,0,0,-32302,0,0,0,0,0,100234,0
99514,1654,8766,40,319,-472,9192,7028,-10620,571,297,-20928,36449,220,32,65,0,0,0,0,0,0,0,0,-32302,0,0,0,0,0,100240,0
99519,1850,8846,146,298,-463,9054,4667,-10373,651,472,-20336,36484,140,32,65,0,0,0,0,0,0,0,0,-32302,0,0,0,0,0,100245,0
99524,2188,8514,48,328,-441,8751,2368,-10070,720,542,-19512,36484,140,32,65,0,0,0,0,0,0,0,0,-32302,0,0,0,0,0,100251,0
99529,2214,8390,154,326,-455,8594,152,-9728,884,623,-18768,36528,53,32,65,0,0,0,0,0,0,0,0,-32302,0,0,0,0,0,100256,0
99534,2352,8406,138,296,-462,8421,-1995,-9405,990,669,-17864,36528,53,32,65,0,0,0,0,0,0,0,0,-32302,0,0,0,0,0,100262,0
99539,2398,8206,80,328,-477,8141,-4070,-9113,1089,736,-17104,36565,-34,32,65,0,0,0,0,0,0,0,0,-32302,0,0,0,0,0,100267,0
99544,25938,8940,336,300,-110,3082,-5935,-8064,1433,381,-13168,36565,-34,32,65,0,0,0,0,0,0,0,0,-32302,0,0,0,0,0,100272,0
99549,15692,11014,-1708,518,265,2393,-7216,-5326,2799,-79,-6120,36560,-13,32,65,0,0,0,0,0,0,0,0,-32302,0,0,0,0,0,100278,0
99554,-5632,10092,2954,311,312,1823,-7575,-1149,5707,-570,2912,36560,-13,32,65,0,0,0,0,0,0,0,0,-32302,0,0,0,0,0,100284,0
99559,-19144,8008,2980,467,241,2354,-6994,2954,9256,16,10080,36527,62,32,65,0,0,0,0,0,0,0,0,-32302,0,0,0,0,0,100289,0
99564,-758,6348,-1620,334,162,2179,-5796,5475,11616,656,13008,36527,62,32,65,0,0,0,0,0,0,0,0,-32302,0,0,0,0,0,100295,0
99569,12384,6796,-1272,306,-59,2273,-4343,6466,11178,503,13160,36465,214,32,65,0,0,0,0,0,0,0,0,-32302,0,0,0,0,0,100300,0
99574,5120,7764,-1050,319,-160,1167,-2837,6618,8221,39,12368,36465,214,32,65,0,0,0,0,0,0,0,0,-32302,0,0,0,0,0,100306,0
99579,-4994,5558,1300,365,-479,567,-1399,6282,4350,-368,11128,36454,232,32,65,0,0,0,0,0,0,0,0,-32302,0,0,0,0,0,100311,0
99584,4984,5312,-440,533,-621,-770,-105,5621,1128,-483,9176,36454,232,32,65,0,0,0,0,0,0,0,0,-32302,0,0,0,0,0,100317,0
99589,4746,6588,314,443,-500,-1765,985,4690,-929,-536,6912,36470,184,32,65,0,0,0,0,0,0,0,0,-32302,0,0,0,0,0,100322,0
99594,678,7590,278,442,-444,-2315,1879,3852,-2114,-709,5480,36470,184,32,65,0,0,0,0,0,0,0,0,-32302,0,0,0,0,0,100327,0
99599,-3992,7728,422,525,-426,-2464,2640,3301,-2595,-794,4704,36510,78,32,65,0,0,0,0,0,0,0,0,-32303,0,0,0,0,0,100333,0
99604,-5792,4836,-1434,509,-563,-2404,3327,2988,-2456,-696,4184,36510,78,32,65,0,0,0,0,0,0,0,0,-32302,0,0,0,0,0,100338,0
99609,-2622,4690,-700,438,-692,-2135,3961,2762,-1924,-605,3728,36529,34,32,65,0,0,0,0,0,0,0,0,-32302,0,0,0,0,0,100344,0
99614,-1790,5274,-348,426,-861,-2041,4549,2567,-1314,-594,3320,36529,34,32,65,0,0,0,0,0,0,0,0,-32302,0,0,0,0,0,100350,0
99619,-948,5372,330,424,-981,-1838,5096,2389,-909,-607,3024,36530,43,32,65,0,0,0,0,0,0,0,0,-32302,0,0,0,0,0,100355,0
99624,-34,4854,562,494,-911,-1516,5613,2252,-699,-616,2792,36530,43,32,65,0,0,0,0,0,0,0,0,-32302,0,0,0,0,0,100361,0
99629,890,6480,740,484,-836,-1422,6099,2128,-592,-612,2536,36524,64,32,65,0,0,0,0,0,0,0,0,-32302,0,0,0,0,0,100366,0
99634,1734,7374,270,462,-750,-1322,6554,1982,-519,-597,2200,36524,64,32,65,0,0,0,0,0,0,0,0,-32302,0,0,0,0,0,100372,0
99639,2472,7850,244,423,-681,-1300,6971,1815,-493,-601,1832,36519,76,32,65,0,0,0,0,0,0,0,0,-32302,0,0,0,0,0,100377,0
99644,3104,7788,218,380,-596,-1450,7348,1639,-523,-606,1424,36519,76,32,65,0,0,0,0,0,0,0,0,-32302,0,0,0,0,0,100382,0
99649,2846,7884,184,355,-569,-1490,7683,1452,-568,-618,1080,36518,76,32,65,0,0,0,0,0,0,0,0,-32302,0,0,0,0,0,100388,0
99654,2432,7898,176,334,-528,-1477,7982,1305,-595,-629,808,36518,76,32,65,0,0,0,0,0,0,0,0,-32302,0,0,0,0,0,100393,0
99659,2118,7340,154,311,-480,-1411,8257,1191,-569,-618,608,36516,84,32,65,0,0,0,0,0,0,0,0,-32302,0,0,0,0,0,100399,0
99664,1588,6570,162,264,-371,-1166,8512,1120,-489,-622,512,36516,84,32,65,0,0,0,0,0,0,0,0,-32302,0,0,0,0,0,100405,0
99669,1662,6464,160,242,-319,-1006,8754,1060,-388,-632,416,36513,88,32,65,0,0,0,0,0,0,0,0,-32302,0,0,0,0,0,100410,0
99674,2118,6458,166,225,-264,-884,8980,984,-298,-627,296,36513,88,32,65,0,0,0,0,0,0,0,0,-32302,0,0,0,0,0,100416,0
99679,2432,6470,220,196,-198,-817,9177,858,-278,-647,184,36511,98,32,65,0,0,0,0,0,0,0,0,-32302,0,0,0,0,0,100421,0
99684,2288,6702,192,154,-58,-743,9338,688,-334,-705,88,36511,98,32,65,0,0,0,0,0,0,0,0,-32302,0,0,0,0,0,100427,0
99689,2090,6588,90,128,7,-706,9455,492,-443,-748,48,36511,102,32,65,0,0,0,0,0,0,0,0,-32302,0,0,0,0,0,100432,0
99694,1858,6276,30,108,69,-668,9526,287,-562,-742,-72,36511,102,32,65,0,0,0,0,0,0,0,0,-32302,0,0,0,0,0,100437,0
99699,1670,6118,-24,87,129,-617,9558,121,-631,-640,-160,36509,98,32,65,0,0,0,0,0,0,0,0,-32302,0,0,0,0,0,100443,0
99704,1666,5984,-26,61,232,-471,9564,12,-621,-564,-192,36509,98,32,65,0,0,0,0,0,0,0,0,-32302,0,0,0,0,0,100448,0
99709,1982,5944,-22,57,284,-434,9559,-22,-513,-541,-208,36504,110,32,65,0,0,0,0,0,0,0,0,-32302,0,0,0,0,0,100454,0
99714,2254,6080,-8,68,346,-431,9547,-50,-358,-536,-232,36504,110,32,65,0,0,0,0,0,0,0,0,-32302,0,0,0,0,0,100459,0
99719,2224,6280,-46,64,407,-434,9523,-112,-238,-523,-288,36502,128,32,65,0,0,0,0,0,0,0,0,-32302,0,0,0,0,0,100465,0
99724,1996,6442,-46,69,505,-484,9492,-139,-156,-527,-296,36502,128,32,65,0,0,0,0,0,0,0,0,-32302,0,0,0,0,0,100470,0
99729,1932,6458,-120,77,525,-525,9456,-160,-129,-524,-344,36499,131,32,65,0,0,0,0,0,0,0,0,-32302,0,0,0,0,0,100475,0
99734,1848,6448,-184,89,547,-565,9413,-188,-120,-520,-384,36499,131,32,65,0,0,0,0,0,0,0,0,-32302,0,0,0,0,0,100481,0
99739,1758,6372,-208,101,544,-607,9361,-226,-109,-514,-432,36496,135,32,65,0,0,0,0,0,0,0,0,-32302,0,0,0,0,0,100487,0
99744,1730,6208,-200,124,512,-680,9304,-257,-96,-519,-480,36496,135,32,65,0,0,0,0,0,0,0,0,-32302,0,0,0,0,0,100492,0
99749,1752,6158,-192,141,492,-705,9243,-274,-97,-505,-496,36496,141,32,65,0,0,0,0,0,0,0,0,-32302,0,0,0,0,0,100497,0
99754,1870,6162,-196,156,470,-727,9183,-265,-79,-515,-464,36496,141,32,65,0,0,0,0,0,0,0,0,-32302,0,0,0,0,0,100503,0
99759,2046,6154,-186,180,441,-753,9125,-254,-43,-501,-472,36496,141,32,65,0,0,0,0,0,0,0,0,-32302,0,0,0,0,0,100509,0
99764,2296,6264,-212,217,390,-812,9067,-242,-6,-518,-408,36496,141,32,65,0,0,0,0,0,0,0,0,-32302,0,0,0,0,0,100514,0
99769,2432,6330,-204,227,345,-845,9012,-233,18,-515,-384,36496,141,32,65,0,0,0,0,0,0,0,0,-32301,0,0,0,0,0,100520,0
99774,2456,6370,-202,245,301,-876,8961,-219,34,-509,-376,36496,141,32,65,0,0,0,0,0,0,0,0,-32302,0,0,0,0,0,100525,0
99779,2552,6432,-164,262,265,-901,8915,-209,45,-509,-352,36495,129,32,65,0,0,0,0,0,0,0,0,-32301,0,0,0,0,0,100530,0
99784,2640,6506,-146,280,185,-942,8877,-166,66,-508,-328,36495,129,32,65,0,0,0,0,0,0,0,0,-32302,0,0,0,0,0,100536,0
99789,2732,6616,-102,293,149,-964,8847,-122,80,-514,-232,36496,143,32,65,0,0,0,0,0,0,0,0,-32302,0,0,0,0,0,100541,0
99794,2818,6630,-90,304,118,-982,8830,-62,117,-524,-224,36496,143,32,65,0,0,0,0,0,0,0,0,-32302,0,0,0,0,0,100547,0
99799,2908,6736,-60,307,97,-1007,8818,-46,138,-515,-208,36498,144,32,65,0,0,0,0,0,0,0,0,-32302,0,0,0,0,0,100552,0
99804,2820,6832,-14,313,53,-1049,8810,-36,135,-521,-192,36498,144,32,65,0,0,0,0,0,0,0,0,-32302,0,0,0,0,0,100558,0
99809,2846,6886,-22,313,43,-1063,8805,-10,100,-521,-168,36498,139,32,65,0,0,0,0,0,0,0,0,-32302,0,0,0,0,0,100563,0
99814,2828,6954,6,314,23,-1076,8808,9,80,-520,-176,36498,139,32,65,0,0,0,0,0,0,0,0,-32302,0,0,0,0,0,100569,0
99819,2782,6978,-2,315,17,-1085,8807,0,52,-516,-176,36499,127,32,65,0,0,0,0,0,0,0,0,-32302,0,0,0,0,0,100574,0
99824,2820,7116,54,311,-9,-1095,8807,0,40,-519,-160,36499,127,32,65,0,0,0,0,0,0,0,0,-32302,0,0,0,0,0,100580,0
99829,2858,7204,66,306,-12,-1107,8806,1,15,-515,-168,36500,126,32,65,0,0,0,0,0,0,0,0,-32302,0,0,0,0,0,100585,0
99834,2894,7330,64,298,-15,-1113,8806,2,-2,-517,-176,36500,126,32,65,0,0,0,0,0,0,0,0,-32302,0,0,0,0,0,100591,0
99839,2918,7468,120,282,-19,-1122,8807,1,-1,-515,-168,36499,125,32,65,0,0,0,0,0,0,0,0,-32302,0,0,0,0,0,100596,0
99844,2874,7618,96,266,-26,-1146,8807,2,4,-516,-168,36499,125,32,65,0,0,0,0,0,0,0,0,-32302,0,0,0,0,0,100602,0
99849,2878,7616,126,256,-31,-1150,8808,4,-1,-516,-168,36497,129,32,65,0,0,0,0,0,0,0,0,-32302,0,0,0,0,0,100607,0
99854,2858,7680,124,246,-41,-1162,8807,-2,0,-517,-176,36497,129,32,65,0,0,0,0,0,0,0,0,-32302,0,0,0,0,0,100613,0
99859,2838,7738,142,234,-56,-1158,8807,-2,0,-516,-160,36497,127,32,65,0,0,0,0,0,0,0,0,-32302,0,0,0,0,0,100618,0
99864,2832,7688,92,218,-72,-1183,8807,-1,-3,-518,-168,36497,127,32,65,0,0,0,0,0,0,0,0,-32302,0,0,0,0,0,100624,0
99869,2878,7678,84,205,-80,-1187,8806,-3,-3,-517,-168,36499,132,32,65,0,0,0,0,0,0,0,0,-32302,0,0,0,0,0,100629,0
99874,2898,7644,112,189,-92,-1202,8807,1,-1,-518,-168,36499,132,32,65,0,0,0,0,0,0,0,0,-32302,0,0,0,0,0,100635,0
99879,2874,7660,72,185,-103,-1218,8806,-1,-3,-515,-168,36499,133,32,65,0,0,0,0,0,0,0,0,-32302,0,0,0,0,0,100640,0
99884,2918,7660,22,171,-124,-1256,8807,4,0,-515,-168,36499,133,32,65,0,0,0,0,0,0,0,0,-32302,0,0,0,0,0,100646,0
99889,2862,7672,10,165,-144,-1277,8806,-4,-2,-515,-176,36505,132,32,65,0,0,0,0,0,0,0,0,-32302,0,0,0,0,0,100651,0
99894,2846,7670,-20,163,-153,-1289,8807,-3,1,-517,-168,36505,132,32,65,0,0,0,0,0,0,0,0,-32302,0,0,0,0,0,100657,0
99899,2812,7674,-32,156,-179,-1308,8807,-7,-3,-516,-168,36505,125,32,65,0,0,0,0,0,0,0,0,-32303,0,0,0,0,0,100662,0
99904,2822,7752,-38,151,-225,-1337,8807,-3,0,-517,-160,36505,125,32,65,0,0,0,0,0,0,0,0,-32302,0,0,0,0,0,100667,0
99909,2856,7822,-78,149,-248,-1353,8806,-2,-4,-519,-168,36505,132,32,65,0,0,0,0,0,0,0,0,-32302,0,0,0,0,0,100673,0
99914,2914,7864,-68,141,-265,-1374,8807,0,2,-517,-168,36505,132,32,65,0,0,0,0,0,0,0,0,-32303,0,0,0,0,0,100678,0
99919,2942,7916,-118,139,-287,-1386,8806,-3,1,-517,-160,36499,123,32,65,0,0,0,0,0,0,0,0,-32303,0,0,0,0,0,100684,0
99924,2968,8008,-132,134,-321,-1424,8807,-1,-2,-519,-168,36499,123,32,65,0,0,0,0,0,0,0,0,-32302,0,0,0,0,0,100689,0
99929,2928,8026,-154,130,-336,-1437,8806,0,-1,-516,-176,36497,127,32,65,0,0,0,0,0,0,0,0,-32302,0,0,0,0,0,100695,0
99934,2926,7998,-152,126,-350,-1449,8806,-7,-3,-515,-168,36497,127,32,65,0,0,0,0,0,0,0,0,-32302,0,0,0,0,0,100700,0
99939,2942,7998,-176,131,-371,-1461,8807,2,2,-515,-168,36497,136,32,65,0,0,0,0,0,0,0,0,-32302,0,0,0,0,0,100706,0
99944,2994,8006,-170,126,-381,-1472,8806,-6,-5,-519,-168,36497,136,32,65,0,0,0,0,0,0,0,0,-32302,0,0,0,0,0,100711,0
99949,3042,7976,-188,124,-390,-1488,8807,6,3,-513,-176,36497,136,32,65,0,0,0,0,0,0,0,0,-32302,0,0,0,0,0,100717,0
99954,3104,7924,-176,131,-387,-1500,8808,0,0,-515,-168,36497,136,32,65,0,0,0,0,0,0,0,0,-32302,0,0,0,0,0,100722,0
99959,3134,7900,-216,136,-381,-1515,8806,-2,-1,-518,-160,36497,133,32,65,0,0,0,0,0,0,0,0,-32302,0,0,0,0,0,100728,0
99964,3180,7866,-214,140,-372,-1545,8807,7,3,-516,-168,36497,133,32,65,0,0,0,0,0,0,0,0,-32302,0,0,0,0,0,100733,0
99969,3184,7866,-250,147,-362,-1557,8807,-1,0,-515,-168,36497,128,32,65,0,0,0,0,0,0,0,0,-32302,0,0,0,0,0,100739,0
99974,3210,7888,-260,147,-349,-1560,8807,1,-1,-516,-176,36497,128,32,65,0,0,0,0,0,0,0,0,-32302,0,0,0,0,0,100744,0
99979,3254,7930,-298,156,-338,-1569,8808,2,3,-517,-168,36499,133,32,65,0,0,0,0,0,0,0,0,-32302,0,0,0,0,0,100750,0
99984,3314,7996,-330,169,-320,-1582,8807,0,-1,-518,-168,36499,133,32,65,0,0,0,0,0,0,0,0,-32302,0,0,0,0,0,100755,0
99989,3380,8092,-320,174,-306,-1589,8808,0,-3,-515,-176,36503,133,32,65,0,0,0,0,0,0,0,0,-32302,0,0,0,0,0,100760,0
99994,3412,8098,-308,181,-296,-1593,8808,1,-2,-517,-176,36503,133,32,65,0,0,0,0,0,0,0,0,-32302,0,0,0,0,0,100766,0
99999,3412,8134,-292,186,-285,-1590,8809,6,-2,-515,-168,36506,122,32,65,0,0,0,0,0,0,0,0,-32302,0,0,0,0,0,100772,0
100004,3352,8038,-308,202,-256,-1591,8808,0,1,-517,-176,36506,122,32,65,0,0,0,0,0,0,0,0,-32302,0,0,0,0,0,100777,0
100009,3384,8080,-296,198,-243,-1575,8808,0,1,-518,-176,36503,124,32,65,0,0,0,0,0,0,0,0,-32303,0,0,0,0,0,100783,0
100014,3380,8082,-300,209,-236,-1570,8808,-1,-4,-515,-168,36503,124,32,65,0,0,0,0,0,0,0,0,-32302,0,0,0,0,0,100788,0
100019,3364,8038,-284,212,-223,-1559,8808,-2,-1,-516,-160,36501,132,32,65,0,0,0,0,0,0,0,0,-32302,0,0,0,0,0,100794,0
100024,3350,7962,-324,218,-204,-1543,8808,-5,-1,-517,-176,36501,132,32,65,0,0,0,0,0,0,0,0,-32302,0,0,0,0,0,100799,0
100029,3340,7856,-300,219,-194,-1532,8810,6,1,-518,-176,36494,132,32,65,0,0,0,0,0,0,0,0,-32302,0,0,0,0,0,100805,0
100034,3320,7788,-318,220,-184,-1518,8810,5,1,-516,-176,36494,132,32,65,0,0,0,0,0,0,0,0,-32302,0,0,0,0,0,100810,0
100039,3306,7672,-310,216,-187,-1515,8808,2,2,-519,-168,36493,131,32,65,0,0,0,0,0,0,0,0,-32302,0,0,0,0,0,100816,0
100044,3222,7566,-318,229,-170,-1494,8808,-3,-5,-515,-168,36493,131,32,65,0,0,0,0,0,0,0,0,-32302,0,0,0,0,0,100821,0
100049,3196,7520,-330,219,-164,-1487,8809,0,-3,-514,-168,36494,130,32,65,0,0,0,0,0,0,0,0,-32302,0,0,0,0,0,100827,0
100054,3206,7560,-310,222,-159,-1484,8808,1,1,-517,-168,36494,130,32,65,0,0,0,0,0,0,0,0,-32302,0,0,0,0,0,100832,0
100059,3226,7602,-334,223,-152,-1483,8807,-3,1,-518,-176,36492,126,32,65,0,0,0,0,0,0,0,0,-32302,0,0,0,0,0,100838,0
100064,3206,7622,-302,218,-131,-1484,8808,-1,-2,-516,-176,36492,126,32,65,0,0,0,0,0,0,0,0,-32302,0,0,0,0,0,100843,0
100069,3146,7648,-276,216,-119,-1478,8809,4,0,-516,-168,36492,131,32,65,0,0,0,0,0,0,0,0,-32302,0,0,0,0,0,100849,0
100074,3112,7658,-276,218,-110,-1471,8808,0,3,-516,-168,36492,131,32,65,0,0,0,0,0,0,0,0,-32302,0,0,0,0,0,100854,0
100079,3078,7688,-284,214,-100,-1452,8808,-4,2,-515,-176,36491,128,32,65,0,0,0,0,0,0,0,0,-32302,0,0,0,0,0,100860,0
100084,3108,7830,-316,200,-72,-1435,8809,1,1,-517,-176,36491,128,32,65,0,0,0,0,0,0,0,0,-32302,0,0,0,0,0,100865,0
100089,3132,7858,-328,189,-55,-1427,8808,2,0,-518,-176,36492,131,32,65,0,0,0,0,0,0,0,0,-32302,0,0,0,0,0,100871,0
100094,3134,7878,-340,181,-47,-1425,8808,-8,1,-513,-176,36492,131,32,65,0,0,0,0,0,0,0,0,-32302,0,0,0,0,0,100876,0
100099,3134,7852,-388,180,-32,-1426,8808,-1,-2,-518,-160,36501,128,32,65,0,0,0,0,0,0,0,0,-32302,0,0,0,0,0,100882,0
100104,3090,7734,-464,173,4,-1406,8809,1,2,-518,-176,36501,128,32,65,0,0,0,0,0,0,0,0,-32302,0,0,0,0,0,100887,0
100109,3032,7672,-480,173,29,-1398,8809,1,1,-518,-176,36504,123,32,65,0,0,0,0,0,0,0,0,-32302,0,0,0,0,0,100893,0
100114,3110,7738,-572,173,46,-1359,8808,-6,-1,-516,-176,36504,123,32,65,0,0,0,0,0,0,0,0,-32302,0,0,0,0,0,100898,0
100119,5650,10484,-84,137,38,-934,8805,-23,-4,-509,-192,36505,125,32,65,0,0,0,0,0,0,0,0,-32302,0,0,0,0,0,100904,0
100124,9964,11202,296,79,103,136,8787,-86,-39,-503,-248,36505,125,32,65,0,0,0,0,0,0,0,0,-32302,0,0,0,0,0,100909,0
100129,10928,12530,1136,14,163,723,8752,-159,-95,-474,-384,36501,124,32,65,0,0,0,0,0,0,0,0,-32302,0,0,0,0,0,100915,0
100134,7842,12948,2010,-68,227,567,8693,-274,-181,-469,-552,36501,124,32,65,0,0,0,0,0,0,0,0,-32302,0,0,0,0,0,100920,0
100139,6202,12646,2296,-110,275,-130,8606,-391,-270,-461,-832,36496,125,32,65,0,0,0,0,0,0,0,0,-32302,0,0,0,0,0,100926,0
100144,6350,12398,42,-85,188,-202,8497,-494,-337,-436,-1104,36496,125,32,65,0,0,0,0,0,0,0,0,-32302,0,0,0,0,0,100931,0
100149,4942,11966,-922,-101,152,-325,8364,-584,-370,-467,-1328,36492,129,32,65,0,0,0,0,0,0,0,0,-32302,0,0,0,0,0,100937,0
100154,4340,10434,-1188,-122,110,-606,8216,-660,-356,-482,-1368,36492,129,32,65,0,0,0,0,0,0,0,0,-32302,0,0,0,0,0,100943,0
100159,4202,9722,-1172,-96,63,-627,8061,-687,-309,-467,-1368,36492,132,32,65,0,0,0,0,0,0,0,0,-32302,0,0,0,0,0,100948,0
100164,2314,8302,-640,-57,118,-593,7907,-664,-221,-455,-1224,36492,132,32,65,0,0,0,0,0,0,0,0,-32302,0,0,0,0,0,100953,0
100169,912,7172,-386,-64,203,-545,7777,-556,-90,-468,-784,36491,141,32,65,0,0,0,0,0,0,0,0,-32302,0,0,0,0,0,100959,0
100174,-454,6888,-74,-93,241,-500,7694,-338,117,-461,-304,36491,141,32,65,0,0,0,0,0,0,0,0,-32302,0,0,0,0,0,100964,0
100179,-424,6458,-66,-93,255,-502,7671,-77,375,-427,-112,36491,141,32,65,0,0,0,0,0,0,0,0,-32302,0,0,0,0,0,100970,0
100184,2546,7098,-184,-86,279,-548,7691,101,605,-453,-80,36491,141,32,65,0,0,0,0,0,0,0,0,-32302,0,0,0,0,0,100975,0
100189,3834,7916,-256,-69,287,-549,7708,65,653,-471,-136,36494,138,32,65,0,0,0,0,0,0,0,0,-32302,0,0,0,0,0,100981,0
100194,4570,8156,-182,-54,305,-588,7704,-40,448,-458,-200,36494,138,32,65,0,0,0,0,0,0,0,0,-32303,0,0,0,0,0,100986,0
100199,4912,8376,122,-50,320,-661,7685,-88,136,-459,-224,36501,133,32,65,0,0,0,0,0,0,0,0,-32301,0,0,0,0,0,100992,0
100204,5128,8156,240,-37,308,-809,7669,-72,-96,-470,-200,36501,133,32,65,0,0,0,0,0,0,0,0,-32302,0,0,0,0,0,100998,0
100209,5186,7832,330,-29,297,-885,7653,-65,-149,-471,-200,36505,129,32,65,0,0,0,0,0,0,0,0,-32302,0,0,0,0,0,101003,0
100214,4780,7598,370,-20,283,-959,7640,-62,-71,-461,-200,36505,129,32,65,0,0,0,0,0,0,0,0,-32302,0,0,0,0,0,101008,0
100219,4162,7408,320,-20,262,-1010,7631,-39,5,-477,-160,36506,133,32,65,0,0,0,0,0,0,0,0,-32302,0,0,0,0,0,101014,0
100224,2972,6942,194,6,236,-1081,7636,30,61,-482,-136,36506,133,32,65,0,0,0,0,0,0,0,0,-32302,0,0,0,0,0,101019,0
100229,2418,6848,128,16,220,-1096,7648,57,92,-476,-120,36506,135,32,65,0,0,0,0,0,0,0,0,-32301,0,0,0,0,0,101025,0
100234,1978,6772,98,30,200,-1095,7670,99,119,-489,-72,36506,135,32,65,0,0,0,0,0,0,0,0,-32302,0,0,0,0,0,101030,0
100239,1768,6758,108,40,174,-1111,7716,206,172,-485,-24,36502,140,32,65,0,0,0,0,0,0,0,0,-32302,0,0,0,0,0,101036,0
100244,2202,7290,232,61,143,-1150,7781,298,215,-472,40,36502,140,32,65,0,0,0,0,0,0,0,0,-32302,0,0,0,0,0,101041,0
100249,2572,7574,306,68,124,-1175,7870,407,271,-460,80,36502,132,32,65,0,0,0,0,0,0,0,0,-32302,0,0,0,0,0,101047,0
100254,2938,7890,360,76,107,-1209,7981,495,318,-456,120,36502,132,32,65,0,0,0,0,0,0,0,0,-32302,0,0,0,0,0,101053,0
100259,3200,8174,330,85,92,-1249,8106,559,325,-458,144,36500,121,32,65,0,0,0,0,0,0,0,0,-32302,0,0,0,0,0,101058,0
100264,3214,8304,230,96,61,-1337,8253,654,311,-470,200,36500,121,32,65,0,0,0,0,0,0,0,0,-32302,0,0,0,0,0,101063,0
100269,3066,8194,154,113,38,-1375,8423,766,308,-481,272,36502,117,32,65,0,0,0,0,0,0,0,0,-32302,0,0,0,0,0,101069,0
100274,2894,8068,82,119,23,-1414,8621,879,316,-513,408,36502,117,32,65,0,0,0,0,0,0,0,0,-32302,0,0,0,0,0,101074,0
100279,2706,7880,-24,119,11,-1449,8848,1016,361,-542,616,36506,109,32,65,0,0,0,0,0,0,0,0,-32302,0,0,0,0,0,101080,0
100284,2414,7596,-174,128,-3,-1515,9109,1164,413,-577,880,36506,109,32,65,0,0,0,0,0,0,0,0,-32302,0,0,0,0,0,101085,0
100289,2312,7522,-206,134,-6,-1537,9400,1292,453,-616,1104,36507,96,32,65,0,0,0,0,0,0,0,0,-32302,0,0,0,0,0,101091,0
100294,2288,7572,-224,131,-11,-1565,9718,1411,467,-645,1328,36507,96,32,65,0,0,0,0,0,0,0,0,-32303,0,0,0,0,0,101096,0
100299,2370,7580,-216,130,-11,-1592,10062,1520,455,-666,1544,36510,91,32,65,0,0,0,0,0,0,0,0,-32302,0,0,0,0,0,101102,0
100304,2440,7674,-310,129,-12,-1643,10428,1622,421,-692,1744,36510,91,32,65,0,0,0,0,0,0,0,0,-32302,0,0,0,0,0,101107,0
100309,2374,7708,-270,124,-5,-1666,10813,1706,387,-707,1872,36518,74,32,65,0,0,0,0,0,0,0,0,-32302,0,0,0,0,0,101113,0
100314,2272,7792,-320,120,-7,-1693,11220,1793,351,-741,2048,36518,74,32,65,0,0,0,0,0,0,0,0,-32303,0,0,0,0,0,101118,0
100319,2218,7800,-306,111,-2,-1720,11645,1871,318,-759,2160,36525,70,32,65,0,0,0,0,0,0,0,0,-32301,0,0,0,0,0,101124,0
100324,1916,7728,-430,110,4,-1759,12090,1962,307,-784,2328,36525,70,32,65,0,0,0,0,0,0,0,0,-32302,0,0,0,0,0,101129,0
100329,1778,7748,-382,108,6,-1776,12558,2063,299,-810,2480,36529,62,32,65,0,0,0,0,0,0,0,0,-32302,0,0,0,0,0,101135,0
100334,1734,7836,-448,98,14,-1788,13044,2154,310,-825,2672,36529,62,32,65,0,0,0,0,0,0,0,0,-32302,0,0,0,0,0,101140,0
100339,1736,7888,-438,93,20,-1806,13546,2221,309,-859,2840,36529,55,32,65,0,0,0,0,0,0,0,0,-32302,0,0,0,0,0,101146,0
100344,1656,8048,-468,78,37,-1836,14064,2280,289,-891,2936,36529,55,32,65,0,0,0,0,0,0,0,0,-32302,0,0,0,0,0,101151,0
100349,1568,8130,-518,72,46,-1853,14595,2345,259,-918,3072,36533,48,32,65,0,0,0,0,0,0,0,0,-32302,0,0,0,0,0,101156,0
100354,1638,8154,-478,67,52,-1868,15138,2402,230,-945,3184,36533,48,32,65,0,0,0,0,0,0,0,0,-32302,0,0,0,0,0,101162,0
100359,1548,8204,-566,67,69,-1878,15696,2461,214,-960,3248,36550,45,32,65,0,0,0,0,0,0,0,0,-32302,0,0,0,0,0,101167,0
100364,1358,8220,-664,47,106,-1906,16268,2518,205,-988,3376,36550,45,32,65,0,0,0,0,0,0,0,0,-32302,0,0,0,0,0,101173,0
100369,1172,8110,-588,41,123,-1915,16851,2558,207,-1011,3376,36566,45,32,65,0,0,0,0,0,0,0,0,-32302,0,0,0,0,0,101179,0
100374,1042,8150,-510,33,141,-1923,17439,2594,187,-1055,3480,36566,45,32,65,0,0,0,0,0,0,0,0,-32302,0,0,0,0,0,101184,0
100379,962,8080,-464,31,164,-1915,18031,2599,153,-1083,3464,36577,39,32,65,0,0,0,0,0,0,0,0,-32301,0,0,0,0,0,101190,0
100384,180,6756,-524,2,230,-1888,18628,2621,111,-1117,3536,36577,39,32,65,0,0,0,0,0,0,0,0,-32301,0,0,0,0,0,101195,0
100389,-266,5586,-578,-5,287,-1865,19229,2648,85,-1126,3528,36570,22,32,65,0,0,0,0,0,0,0,0,-32302,0,0,0,0,0,101201,0
100394,-84,5242,-700,-9,338,-1847,19828,2640,66,-1137,3432,36570,22,32,65,0,0,0,0,0,0,0,0,-32302,0,0,0,0,0,101206,0
100399,768,6268,-552,1,381,-1816,20412,2562,12,-1138,3136,36563,5,32,65,0,0,0,0,0,0,0,0,-32302,0,0,0,0,0,101212,0
100404,2150,9278,-200,-2,416,-1838,20969,2433,-76,-1164,2784,36563,5,32,65,0,0,0,0,0,0,0,0,-32301,0,0,0,0,0,101217,0
100409,1808,9652,-144,-10,407,-1856,21491,2279,-227,-1206,2536,36565,-8,32,65,0,0,0,0,0,0,0,0,-32302,0,0,0,0,0,101222,0
100414,1064,9304,-4,-15,394,-1871,21980,2149,-370,-1243,2288,36565,-8,32,65,0,0,0,0,0,0,0,0,-32302,0,0,0,0,0,101228,0
100419,230,8780,-42,-21,385,-1873,22453,2074,-441,-1277,2224,36566,-3,32,65,0,0,0,0,0,0,0,0,-32302,0,0,0,0,0,101234,0
100424,-838,8516,-118,-7,393,-1866,22922,2066,-394,-1276,2288,36566,-3,32,65,0,0,0,0,0,0,0,0,-32302,0,0,0,0,0,101239,0
100429,-770,8842,-34,-9,394,-1856,23398,2102,-254,-1279,2328,36561,7,32,65,0,0,0,0,0,0,0,0,-32302,0,0,0,0,0,101245,0
100434,-682,9026,-22,-5,396,-1851,23884,2144,-90,-1274,2384,36561,7,32,65,0,0,0,0,0,0,0,0,-32302,0,0,0,0,0,101250,0
100439,-546,9028,-2,7,396,-1853,24376,2171,34,-1277,2448,36554,16,32,65,0,0,0,0,0,0,0,0,-32302,0,0,0,0,0,101256,0
100444,-24,8810,64,11,391,-1853,24869,2166,91,-1292,2400,36554,16,32,65,0,0,0,0,0,0,0,0,-32302,0,0,0,0,0,101261,0
100449,98,8522,72,17,380,-1853,25253,2114,59,-1319,2200,36557,12,32,65,0,0,0,0,0,0,0,0,-32303,0,0,0,0,0,101266,0
100454,158,8268,90,22,364,-1851,25721,2040,-29,-1340,2016,36557,12,32,65,0,0,0,0,0,0,0,0,-32302,0,0,0,0,0,101272,0
100459,168,8102,14,26,350,-1845,26163,1943,-153,-1355,1744,36563,2,32,65,0,0,0,0,0,0,0,0,-32302,0,0,0,0,0,101277,0
100464,-274,7844,-28,43,312,-1823,26579,1818,-268,-1367,1520,36563,2,32,65,0,0,0,0,0,0,0,0,-32302,0,0,0,0,0,101283,0
100469,-548,7824,52,41,305,-1812,26974,1723,-328,-1396,1376,36561,3,32,65,0,0,0,0,0,0,0,0,-32301,0,0,0,0,0,101288,0
100474,-910,7660,60,54,286,-1793,27354,1660,-338,-1390,1264,36561,3,32,65,0,0,0,0,0,0,0,0,-32303,0,0,0,0,0,101294,0
100479,-1186,7646,116,65,276,-1768,27720,1615,-307,-1398,1152,36555,7,32,65,0,0,0,0,0,0,0,0,-32302,0,0,0,0,0,101299,0
100484,-1382,7598,146,77,261,-1723,28079,1578,-242,-1399,1112,36555,7,32,65,0,0,0,0,0,0,0,0,-32302,0,0,0,0,0,101305,0
100489,-1286,7590,112,80,243,-1703,28433,1553,-167,-1405,1016,36549,19,32,65,0,0,0,0,0,0,0,0,-32302,0,0,0,0,0,101310,0
100494,-1208,7576,80,87,220,-1679,28773,1497,-140,-1408,856,36549,19,32,65,0,0,0,0,0,0,0,0,-32301,0,0,0,0,0,101316,0
100499,-1102,7514,-18,99,204,-1655,29096,1410,-153,-1421,648,36547,30,32,65,0,0,0,0,0,0,0,0,-32303,0,0,0,0,0,101322,0
100504,-1092,7516,34,115,136,-1618,29401,1331,-197,-1435,472,36547,30,32,65,0,0,0,0,0,0,0,0,-32301,0,0,0,0,0,101328,0
100509,-1100,7516,-102,118,94,-1588,29682,1224,-258,-1470,320,36545,44,32,65,0,0,0,0,0,0,0,0,-32302,0,0,0,0,0,101333,0
100514,-1198,7528,-12,124,62,-1571,29936,1110,-313,-1493,224,36545,44,32,65,0,0,0,0,0,0,0,0,-32302,0,0,0,0,0,101339,0
100519,-1252,7584,-100,126,32,-1551,30163,988,-361,-1515,176,36539,59,32,65,0,0,0,0,0,0,0,0,-32301,0,0,0,0,0,101344,0
100524,-1476,7684,-32,131,-24,-1505,30365,885,-384,-1517,112,36539,59,32,65,0,0,0,0,0,0,0,0,-32302,0,0,0,0,0,101350,0
100529,-1750,8370,-94,126,-3,-1514,30545,790,-391,-1511,112,36532,71,32,65,0,0,0,0,0,0,0,0,-32303,0,0,0,0,0,101355,0
100534,-3892,11262,642,87,-1,-1624,30717,752,-339,-1483,32,36532,71,32,65,0,0,0,0,0,0,0,0,-32302,0,0,0,0,0,101361,0
100539,-4080,12294,-548,142,9,-1514,30882,727,-264,-1452,80,36526,78,32,65,0,0,0,0,0,0,0,0,-32301,0,0,0,0,0,101367,0
100544,-2506,10426,-176,123,-38,-1343,31034,658,-200,-1473,40,36526,78,32,65,0,0,0,0,0,0,0,0,-32301,0,0,0,0,0,101372,0
100549,-1674,9602,266,115,-74,-1293,31160,536,-194,-1522,-40,36520,84,32,65,0,0,0,0,0,0,0,0,-32302,0,0,0,0,0,101377,0
100554,-1028,8478,-484,149,-68,-1251,31233,295,-315,-1571,-296,36520,84,32,65,0,0,0,0,0,0,0,0,-32302,0,0,0,0,0,101383,0
100559,-1360,7846,-100,128,-65,-1225,31244,21,-522,-1426,-592,36514,95,32,65,0,0,0,0,0,0,0,0,-32303,0,0,0,0,0,101388,0
100564,-1758,6704,-488,133,-74,-1175,31215,-133,-684,-1325,-760,36514,95,32,65,0,0,0,0,0,0,0,0,-32302,0,0,0,0,0,101394,0
100569,-1618,6754,-474,129,-78,-1154,31168,-214,-692,-1333,-960,36506,121,32,65,0,0,0,0,0,0,0,0,-32302,0,0,0,0,0,101399,0
100574,-1694,6866,-346,123,-74,-1135,31096,-319,-578,-1298,-1272,36506,121,32,65,0,0,0,0,0,0,0,0,-32302,0,0,0,0,0,101405,0
100579,-2004,7196,-346,128,-65,-1102,31000,-429,-439,-1321,-1528,36495,147,32,65,0,0,0,0,0,0,0,0,-32302,0,0,0,0,0,101410,0
100584,-2872,7988,-26,123,-37,-983,30873,-556,-377,-1340,-1784,36495,147,32,65,0,0,0,0,0,0,0,0,-32301,0,0,0,0,0,101416,0
100589,-3058,7956,-78,119,-29,-901,30718,-705,-398,-1323,-2104,36483,170,32,65,0,0,0,0,0,0,0,0,-32302,0,0,0,0,0,101421,0
100594,-3288,7896,-152,110,-30,-825,30525,-870,-447,-1329,-2400,36483,170,32,65,0,0,0,0,0,0,0,0,-32302,0,0,0,0,0,101427,0
100599,-3426,7702,-306,123,-43,-746,30293,-1035,-507,-1282,-2776,36473,194,32,65,0,0,0,0,0,0,0,0,-32302,0,0,0,0,0,101432,0
100604,-3542,7354,-432,119,-65,-596,30014,-1243,-569,-1264,-3248,36473,194,32,65,0,0,0,0,0,0,0,0,-32301,0,0,0,0,0,101438,0
100609,-3570,7268,-454,110,-77,-513,29688,-1458,-632,-1228,-3680,36463,218,32,65,0,0,0,0,0,0,0,0,-32302,0,0,0,0,0,101443,0
100614,-3546,7250,-386,102,-78,-440,29310,-1681,-694,-1206,-4168,36463,218,32,65,0,0,0,0,0,0,0,0,-32301,0,0,0,0,0,101449,0
100619,-3686,7204,-344,107,-74,-360,28880,-1911,-750,-1180,-4616,36453,238,32,65,0,0,0,0,0,0,0,0,-32303,0,0,0,0,0,101454,0
100624,-3908,7244,-134,100,-69,-183,28399,-2140,-774,-1139,-5032,36453,238,32,65,0,0,0,0,0,0,0,0,-32301,0,0,0,0,0,101460,0
100629,-4028,7232,-214,106,-64,-93,27872,-2340,-775,-1101,-5416,36441,259,32,65,0,0,0,0,0,0,0,0,-32302,0,0,0,0,0,101465,0
100634,-4168,7218,-210,94,-59,0,27301,-2531,-747,-1053,-5912,36441,259,32,65,0,0,0,0,0,0,0,0,-32302,0,0,0,0,0,101470,0
100639,-4232,7162,-200,86,-61,110,26685,-2731,-717,-1010,-6312,36433,284,32,65,0,0,0,0,0,0,0,0,-32302,0,0,0,0,0,101476,0
100644,-4478,7010,-150,92,-41,311,26023,-2938,-698,-960,-6800,36433,284,32,65,0,0,0,0,0,0,0,0,-32302,0,0,0,0,0,101481,0
100649,-4632,6954,-106,89,-37,411,25308,-3167,-710,-936,-7168,36423,310,32,65,0,0,0,0,0,0,0,0,-32302,0,0,0,0,0,101487,0
100654,-4596,6966,-100,94,-37,521,24543,-3390,-738,-910,-7576,36423,310,32,65,0,0,0,0,0,0,0,0,-32301,0,0,0,0,0,101492,0
100659,-4672,6910,-4,97,-40,631,23734,-3584,-749,-852,-7968,36415,321,32,65,0,0,0,0,0,0,0,0,-32302,0,0,0,0,0,101498,0
100664,-4750,6870,58,107,-27,858,22883,-3759,-730,-788,-8304,36415,321,32,65,0,0,0,0,0,0,0,0,-32301,0,0,0,0,0,101503,0
100669,-4872,6924,190,114,-28,972,21988,-3953,-698,-737,-8720,36410,330,32,65,0,0,0,0,0,0,0,0,-32302,0,0,0,0,0,101509,0
100674,-4452,6860,212,124,-32,1078,21041,-4189,-686,-696,-9200,36410,330,32,65,0,0,0,0,0,0,0,0,-32302,0,0,0,0,0,101514,0
100679,-4010,7070,352,141,-31,1169,20040,-4422,-720,-648,-9584,36407,338,32,65,0,0,0,0,0,0,0,0,-32302,0,0,0,0,0,101520,0
100684,-3092,7216,294,162,-13,1328,18989,-4647,-761,-563,-10064,36407,338,32,65,0,0,0,0,0,0,0,0,-32302,0,0,0,0,0,101525,0
100689,-2750,7376,316,186,-27,1400,17877,-4920,-813,-488,-10656,36410,333,32,65,0,0,0,0,0,0,0,0,-32302,0,0,0,0,0,101531,0
100694,-2518,7516,360,195,-36,1460,16685,-5287,-897,-439,-11320,36410,333,32,65,0,0,0,0,0,0,0,0,-32302,0,0,0,0,0,101536,0
100699,-2594,7668,240,215,-39,1525,15404,-5664,-1034,-405,-12056,36414,322,32,65,0,0,0,0,0,0,0,0,-32302,0,0,0,0,0,101541,0
100704,-3022,7754,238,240,-73,1668,14051,-5991,-1150,-317,-12648,36414,322,32,65,0,0,0,0,0,0,0,0,-32302,0,0,0,0,0,101547,0
100709,-3326,7680,194,234,-108,1746,12605,-6404,-1244,-233,-13288,36418,298,32,65,0,0,0,0,0,0,0,0,-32302,0,0,0,0,0,101552,0
100714,-3776,7642,134,244,-160,1842,11092,-6684,-1248,-177,-13744,36418,298,32,65,0,0,0,0,0,0,0,0,-32301,0,0,0,0,0,101558,0
100719,-3924,7424,344,262,-222,1920,9537,-6865,-1134,-25,-14112,36431,278,32,65,0,0,0,0,0,0,0,0,-32302,0,0,0,0,0,101563,0
100724,-3656,7256,238,303,-314,2060,7920,-7138,-1013,21,-14496,36431,278,32,65,0,0,0,0,0,0,0,0,-32302,0,0,0,0,0,101569,0
100729,-3128,7294,-20,309,-337,2143,6262,-7307,-869,75,-14744,36443,241,32,65,0,0,0,0,0,0,0,0,-32302,0,0,0,0,0,101574,0
100734,-2864,7364,196,328,-336,2195,4561,-7525,-755,209,-15112,36443,241,32,65,0,0,0,0,0,0,0,0,-32302,0,0,0,0,0,101580,0
100739,-2200,7582,182,331,-348,2256,2820,-7667,-709,273,-15288,36465,189,32,65,0,0,0,0,0,0,0,0,-32302,0,0,0,0,0,101586,0
100744,-2948,8422,1266,253,-657,2310,1063,-7743,-614,379,-15400,36465,189,32,65,0,0,0,0,0,0,0,0,-32302,0,0,0,0,0,101591,0
100749,-2804,8854,-694,263,-906,2319,-742,-7965,-546,444,-15712,36489,118,32,65,0,0,0,0,0,0,0,0,-32302,0,0,0,0,0,101596,0
100754,2382,10446,-1492,462,-938,1911,-2561,-8006,-487,503,-15608,36489,118,32,65,0,0,0,0,0,0,0,0,-32302,0,0,0,0,0,101602,0
100759,17586,8562,1408,466,-1456,284,-4356,-7880,-317,461,-14784,36517,56,32,65,0,0,0,0,0,0,0,0,-32302,0,0,0,0,0,101607,0
100764,26294,4018,-4192,221,-1306,170,-5960,-6924,274,247,-11184,36517,56,32,65,0,0,0,0,0,0,0,0,-32302,0,0,0,0,0,101613,0
100769,22670,10034,-4802,269,-1293,-19,-7043,-4478,1944,-33,-4328,36518,67,32,65,0,0,0,0,0,0,0,0,-32302,0,0,0,0,0,101619,0
100774,4568,19896,-3752,479,-915,-583,-7311,-787,4872,29,3272,36518,67,32,65,0,0,0,0,0,0,0,0,-32302,0,0,0,0,0,101624,0
100779,1688,18406,2858,389,-581,-490,-6759,2754,8179,412,9128,36504,106,32,65,0,0,0,0,0,0,0,0,-32302,0,0,0,0,0,101630,0
100784,8142,7496,1778,316,-21,-740,-5698,4836,10166,610,11488,36504,106,32,65,0,0,0,0,0,0,0,0,-32301,0,0,0,0,0,101635,0
100789,2030,8872,-172,378,-9,-819,-4426,5663,9649,449,11424,36463,213,32,65,0,0,0,0,0,0,0,0,-32302,0,0,0,0,0,101641,0
100794,-4984,9364,-810,389,-117,-798,-3113,5778,6989,65,10672,36463,213,32,65,0,0,0,0,0,0,0,0,-32302,0,0,0,0,0,101646,0
100799,-5980,8822,-1786,370,-280,-803,-1862,5450,3606,-278,9352,36455,219,32,65,0,0,0,0,0,0,0,0,-32302,0,0,0,0,0,101652,0
100804,3470,6748,-750,320,-581,-978,-817,4492,703,-288,6368,36455,219,32,65,0,0,0,0,0,0,0,0,-32302,0,0,0,0,0,101657,0
100809,4054,6884,-1644,301,-784,-1084,-152,2726,-1634,-178,1688,36463,205,32,65,0,0,0,0,0,0,0,0,-32302,0,0,0,0,0,101662,0
100814,3768,8210,-2850,299,-658,-1097,-1,414,-3808,-544,-2208,36463,205,32,65,0,0,0,0,0,0,0,0,-32302,0,0,0,0,0,101668,0
100819,8,9346,-2344,323,-466,-1062,-341,-1679,-5681,-584,-5312,36492,139,32,65,0,0,0,0,0,0,0,0,-32302,0,0,0,0,0,101673,0
100824,-1276,7670,-472,199,-260,-1022,-996,-3004,-6562,-371,-7128,36492,139,32,65,0,0,0,0,0,0,0,0,-32302,0,0,0,0,0,101679,0
100829,240,7976,-290,176,-209,-1047,-1798,-3570,-6028,380,-4544,36496,135,32,65,0,0,0,0,0,0,0,0,-32302,0,0,0,0,0,101684,0
100834,618,8262,-1012,158,-167,-1074,-2511,-3063,-4081,2465,-2568,36496,135,32,65,0,0,0,0,0,0,0,0,-32301,0,0,0,0,0,101690,0
100839,264,8528,-1418,133,-124,-1106,-3020,-2138,-1447,2888,-1072,36533,39,32,65,0,0,0,0,0,0,0,0,-32301,0,0,0,0,0,101695,0
100844,1680,8278,-1364,58,21,-1156,-3350,-1383,801,2077,-272,36533,39,32,65,0,0,0,0,0,0,0,0,-32302,0,0,0,0,0,101700,0
100849,1960,8036,-1364,38,88,-1181,-3558,-870,2090,1207,-224,36542,9,32,65,0,0,0,0,0,0,0,0,-32302,0,0,0,0,0,101706,0
100854,1246,8190,-1262,12,143,-1209,-3690,-558,2309,462,-208,36542,9,32,65,0,0,0,0,0,0,0,0,-32302,0,0,0,0,0,101712,0
100859,-132,8530,-1064,-8,188,-1214,-3778,-371,1792,21,-352,36556,-13,32,65,0,0,0,0,0,0,0,0,-32301,0,0,0,0,0,101717,0
100864,-1788,8122,-750,-54,268,-1165,-3846,-297,1169,-310,-424,36556,-13,32,65,0,0,0,0,0,0,0,0,-32302,0,0,0,0,0,101723,0
100869,-1862,7778,-614,-61,303,-1134,-3902,-243,693,-484,-392,36519,90,32,65,0,0,0,0,0,0,0,0,-32303,0,0,0,0,0,101728,0
100874,-1698,7588,-536,-83,328,-1112,-3945,-189,393,-551,-368,36519,90,32,65,0,0,0,0,0,0,0,0,-32302,0,0,0,0,0,101734,0
100879,-1442,7444,-650,-88,334,-1101,-3979,-136,241,-601,-304,36500,129,32,65,0,0,0,0,0,0,0,0,-32302,0,0,0,0,0,101739,0
100884,-968,7764,-762,-121,300,-1102,-4002,-97,179,-657,-328,36500,129,32,65,0,0,0,0,0,0,0,0,-32302,0,0,0,0,0,101745,0
100889,-1026,8038,-794,-124,262,-1104,-4020,-67,156,-714,-296,36493,136,32,65,0,0,0,0,0,0,0,0,-32302,0,0,0,0,0,101750,0
100894,-976,8270,-768,-127,222,-1098,-4022,-10,156,-776,-288,36493,136,32,65,0,0,0,0,0,0,0,0,-32302,0,0,0,0,0,101756,0
100899,-880,8376,-658,-130,186,-1092,-4022,3,144,-844,-280,36492,135,32,65,0,0,0,0,0,0,0,0,-32302,0,0,0,0,0,101762,0
100904,-612,8404,-344,-133,120,-1092,-4022,5,105,-856,-312,36492,135,32,65,0,0,0,0,0,0,0,0,-32302,0,0,0,0,0,101767,0
100909,-486,8360,-278,-133,99,-1098,-4024,-5,67,-856,-288,36491,139,32,65,0,0,0,0,0,0,0,0,-32302,0,0,0,0,0,101773,0
100914,-322,8268,-256,-128,69,-1107,-4023,0,25,-853,-296,36491,139,32,65,0,0,0,0,0,0,0,0,-32302,0,0,0,0,0,101778,0
100919,-240,8218,-228,-115,43,-1121,-4025,-6,0,-850,-288,36493,140,32,65,0,0,0,0,0,0,0,0,-32302,0,0,0,0,0,101783,0
100924,-220,8164,-78,-96,14,-1154,-4026,-16,-4,-847,-288,36493,140,32,65,0,0,0,0,0,0,0,0,-32302,0,0,0,0,0,101789,0
100929,-294,8152,-6,-91,9,-1171,-4028,-4,-11,-837,-288,36501,136,32,65,0,0,0,0,0,0,0,0,-32302,0,0,0,0,0,101794,0
100934,-390,8134,12,-79,3,-1177,-4029,-9,-4,-842,-280,36501,136,32,65,0,0,0,0,0,0,0,0,-32302,0,0,0,0,0,101800,0
100939,-482,8132,4,-72,-7,-1194,-4032,-7,-6,-839,-280,36503,139,32,65,0,0,0,0,0,0,0,0,-32302,0,0,0,0,0,101806,0
100944,-674,8068,-48,-56,-28,-1211,-4034,-14,-4,-838,-280,36503,139,32,65,0,0,0,0,0,0,0,0,-32302,0,0,0,0,0,101811,0
100949,-738,8066,-70,-45,-47,-1227,-4037,-14,-5,-821,-296,36501,132,32,65,0,0,0,0,0,0,0,0,-32302,0,0,0,0,0,101819,0
100954,-730,8050,-82,-37,-60,-1234,-4046,-31,-12,-798,-296,36501,132,32,65,0,0,0,0,0,0,0,0,-32302,0,0,0,0,0,101823,0
100959,-704,8048,-86,-38,-70,-1243,-4058,-62,-23,-767,-288,36490,135,32,65,0,0,0,0,0,0,0,0,-32302,0,0,0,0,0,101828,0
100964,-732,8116,-90,-19,-86,-1258,-4074,-71,-51,-717,-296,36490,135,32,65,0,0,0,0,0,0,0,0,-32302,0,0,0,0,0,101835,0
100969,-786,8124,-98,-22,-90,-1262,-4085,-48,-43,-697,-256,36486,136,32,65,0,0,0,0,0,0,0,0,-32301,0,0,0,0,0,101840,0
100974,-776,8144,-140,-13,-87,-1271,-4086,0,-7,-742,-256,36486,136,32,65,0,0,0,0,0,0,0,0,-32302,0,0,0,0,0,101846,0
100979,-896,8118,-186,-12,-84,-1274,-4086,-1,37,-794,-256,36487,139,32,65,0,0,0,0,0,0,0,0,-32302,0,0,0,0,0,101852,0
100984,-964,8056,-188,-7,-83,-1280,-4087,1,65,-796,-248,36487,139,32,65,0,0,0,0,0,0,0,0,-32302,0,0,0,0,0,101857,0
100989,-1024,8042,-166,-7,-88,-1280,-4086,4,51,-796,-256,36487,138,32,65,0,0,0,0,0,0,0,0,-32302,0,0,0,0,0,101863,0
100994,-1074,7986,-130,-5,-85,-1284,-4087,1,21,-800,-256,36487,138,32,65,0,0,0,0,0,0,0,0,-32302,0,0,0,0,0,101868,0
100999,-1184,8004,-122,-2,-90,-1287,-4088,0,4,-796,-248,36491,139,32,65,0,0,0,0,0,0,0,0,-32302,0,0,0,0,0,101874,0
101004,-1154,8004,-60,2,-70,-1293,-4086,0,-3,-795,-256,36491,139,32,65,0,0,0,0,0,0,0,0,-32302,0,0,0,0,0,101879,0
101009,-1114,7996,-66,-3,-73,-1295,-4087,-1,0,-798,-256,36491,132,32,65,0,0,0,0,0,0,0,0,-32302,0,0,0,0,0,101885,0
101014,-1092,8052,-76,4,-60,-1293,-4087,0,1,-794,-256,36491,132,32,65,0,0,0,0,0,0,0,0,-32302,0,0,0,0,0,101890,0
101019,-1130,8034,-116,-4,-50,-1297,-4087,-1,-3,-791,-248,36492,139,32,65,0,0,0,0,0,0,0,0,-32302,0,0,0,0,0,101895,0
101024,-1118,8054,-142,3,-27,-1301,-4088,-1,0,-792,-264,36492,139,32,65,0,0,0,0,0,0,0,0,-32302,0,0,0,0,0,101901,0
101029,-1202,8030,-178,0,-20,-1295,-4088,-2,-1,-797,-256,36494,141,32,65,0,0,0,0,0,0,0,0,-32301,0,0,0,0,0,101907,0
101034,-1276,8006,-136,5,-10,-1298,-4088,0,-7,-788,-256,36494,141,32,65,0,0,0,0,0,0,0,0,-32302,0,0,0,0,0,101912,0
101039,-1290,8026,-120,5,-3,-1300,-4088,8,0,-791,-264,36493,143,32,65,0,0,0,0,0,0,0,0,-32302,0,0,0,0,0,101918,0
101044,-1344,8070,-142,4,14,-1298,-4090,-1,-2,-789,-264,36493,143,32,65,0,0,0,0,0,0,0,0,-32302,0,0,0,0,0,101923,0
101049,-1360,8060,-144,1,13,-1298,-4091,-6,-3,-782,-264,36493,135,32,65,0,0,0,0,0,0,0,0,-32301,0,0,0,0,0,101929,0
101054,-1374,8070,-152,6,27,-1288,-4091,1,0,-784,-256,36493,135,32,65,0,0,0,0,0,0,0,0,-32302,0,0,0,0,0,101934,0
101059,-1404,8122,-108,1,30,-1293,-4092,-2,0,-790,-256,36495,135,32,65,0,0,0,0,0,0,0,0,-32302,0,0,0,0,0,101940,0
101064,-1542,8564,-110,-1,51,-1282,-4093,-3,-1,-778,-256,36495,135,32,65,0,0,0,0,0,0,0,0,-32302,0,0,0,0,0,101945,0
101069,-1436,8362,-148,1,61,-1279,-4095,-7,-2,-784,-264,36493,126,32,65,0,0,0,0,0,0,0,0,-32301,0,0,0,0,0,101950,0
101074,-1228,8298,-176,-2,67,-1276,-4094,10,-1,-774,-272,36493,126,32,65,0,0,0,0,0,0,0,0,-32302,0,0,0,0,0,101956,0
101079,-1324,8312,-250,-6,69,-1270,-4098,-7,3,-782,-256,36491,130,32,65,0,0,0,0,0,0,0,0,-32302,0,0,0,0,0,101962,0
101084,-1410,8120,-268,-1,42,-1281,-4098,-4,-1,-767,-256,36491,130,32,65,0,0,0,0,0,0,0,0,-32302,0,0,0,0,0,101967,0
101089,-1562,8004,-304,11,39,-1284,-4101,-3,-10,-767,-264,36492,133,32,65,0,0,0,0,0,0,0,0,-32302,0,0,0,0,0,101973,0
101094,-1708,7968,-304,11,31,-1281,-4104,-11,-1,-769,-248,36492,133,32,65,0,0,0,0,0,0,0,0,-32302,0,0,0,0,0,101978,0
101099,-1866,7872,-258,12,19,-1281,-4107,-19,-13,-763,-256,36493,132,32,65,0,0,0,0,0,0,0,0,-32301,0,0,0,0,0,101984,0
101104,-2114,7798,-260,26,-22,-1281,-4113,-21,-12,-735,-264,36493,132,32,65,0,0,0,0,0,0,0,0,-32302,0,0,0,0,0,101989,0
101109,-2134,7734,-276,27,-39,-1277,-4122,-43,-21,-713,-272,36493,130,32,65,0,0,0,0,0,0,0,0,-32302,0,0,0,0,0,101994,0
101114,-2116,7698,-226,38,-64,-1281,-4132,-35,-35,-676,-288,36493,130,32,65,0,0,0,0,0,0,0,0,-32301,0,0,0,0,0,102000,0
101119,-1958,7888,-564,20,-65,-1279,-4141,-30,-26,-686,-248,36492,121,32,65,0,0,0,0,0,0,0,0,-32302,0,0,0,0,0,102005,0
101124,-2062,7830,-214,50,-104,-1271,-4141,-7,2,-712,-248,36492,121,32,65,0,0,0,0,0,0,0,0,-32301,0,0,0,0,0,102011,0
101129,-2110,7684,-406,55,-117,-1273,-4142,-2,25,-738,-248,36491,128,32,65,0,0,0,0,0,0,0,0,-32302,0,0,0,0,0,102016,0
101134,-2258,7718,-394,54,-120,-1267,-4140,3,49,-743,-248,36491,128,32,65,0,0,0,0,0,0,0,0,-32302,0,0,0,0,0,102022,0
101139,-2304,7866,-338,53,-134,-1266,-4140,-1,33,-749,-248,36491,122,32,65,0,0,0,0,0,0,0,0,-32302,0,0,0,0,0,102027,0
101144,-2326,7940,-214,64,-153,-1259,-4141,1,15,-739,-248,36491,122,32,65,0,0,0,0,0,0,0,0,-32302,0,0,0,0,0,102033,0
101149,-2240,8056,-388,57,-169,-1255,-4142,-5,2,-741,-256,36491,124,32,65,0,0,0,0,0,0,0,0,-32302,0,0,0,0,0,102039,0
101154,-2152,7936,-498,56,-182,-1246,-4141,-4,-1,-743,-248,36491,124,32,65,0,0,0,0,0,0,0,0,-32302,0,0,0,0,0,102044,0
101159,-2108,7940,-526,59,-183,-1242,-4140,0,-1,-746,-256,36493,133,32,65,0,0,0,0,0,0,0,0,-32302,0,0,0,0,0,102050,0
101164,-2158,7982,-684,41,-184,-1237,-4142,-10,6,-747,-248,36493,133,32,65,0,0,0,0,0,0,0,0,-32302,0,0,0,0,0,102055,0
101169,-2282,7976,-248,46,-195,-1240,-4141,-2,0,-741,-248,36493,140,32,65,0,0,0,0,0,0,0,0,-32302,0,0,0,0,0,102060,0
101174,-2150,7958,-336,48,-204,-1234,-4141,0,-3,-744,-256,36493,140,32,65,0,0,0,0,0,0,0,0,-32302,0,0,0,0,0,102066,0
101179,-2188,7798,-360,47,-215,-1235,-4141,1,1,-744,-256,36494,139,32,65,0,0,0,0,0,0,0,0,-32301,0,0,0,0,0,102071,0
101184,-2334,7684,-548,40,-213,-1238,-4141,2,2,-743,-248,36494,139,32,65,0,0,0,0,0,0,0,0,-32301,0,0,0,0,0,102077,0
101189,-2330,7868,-220,38,-227,-1242,-4141,-6,3,-748,-240,36493,138,32,65,0,0,0,0,0,0,0,0,-32302,0,0,0,0,0,102083,0
101194,-2140,7896,-356,34,-237,-1237,-4141,0,0,-738,-248,36493,138,32,65,0,0,0,0,0,0,0,0,-32303,0,0,0,0,0,102088,0
101199,-2220,7762,-418,33,-245,-1248,-4141,0,-2,-741,-256,36493,135,32,65,0,0,0,0,0,0,0,0,-32302,0,0,0,0,0,102094,0
101204,-2202,7846,-268,37,-261,-1260,-4141,0,1,-738,-248,36493,135,32,65,0,0,0,0,0,0,0,0,-32301,0,0,0,0,0,102099,0
101209,-2174,7908,-468,31,-279,-1260,-4141,-7,-4,-746,-256,36493,130,32,65,0,0,0,0,0,0,0,0,-32302,0,0,0,0,0,102105,0
101214,-2180,7874,-526,21,-279,-1272,-4141,6,3,-741,-256,36493,130,32,65,0,0,0,0,0,0,0,0,-32302,0,0,0,0,0,102110,0
101219,-2208,7954,-558,20,-277,-1274,-4142,-1,0,-745,-256,36494,126,32,65,0,0,0,0,0,0,0,0,-32301,0,0,0,0,0,102115,0
101224,-2210,8050,-550,7,-299,-1288,-4142,-1,1,-742,-256,36494,126,32,65,0,0,0,0,0,0,0,0,-32301,0,0,0,0,0,102121,0
101229,-2162,8070,-616,0,-303,-1296,-4142,0,0,-741,-248,36493,125,32,65,0,0,0,0,0,0,0,0,-32302,0,0,0,0,0,102126,0
101234,-2114,8132,-630,-7,-311,-1297,-4142,-8,7,-744,-248,36493,125,32,65,0,0,0,0,0,0,0,0,-32302,0,0,0,0,0,102132,0
101239,-2060,8208,-682,-18,-309,-1313,-4141,7,4,-738,-248,36493,127,32,65,0,0,0,0,0,0,0,0,-32302,0,0,0,0,0,102137,0
101244,-1896,8474,-686,-37,-325,-1333,-4142,0,0,-742,-256,36493,127,32,65,0,0,0,0,0,0,0,0,-32302,0,0,0,0,0,102143,0
101249,-1844,8504,-744,-52,-320,-1351,-4142,-7,1,-739,-256,36495,126,32,65,0,0,0,0,0,0,0,0,-32302,0,0,0,0,0,102148,0
101254,-1832,8600,-788,-67,-324,-1362,-4141,6,1,-743,-256,36495,126,32,65,0,0,0,0,0,0,0,0,-32302,0,0,0,0,0,102154,0
101259,-1834,8714,-800,-84,-331,-1374,-4142,2,4,-745,-256,36495,122,32,65,0,0,0,0,0,0,0,0,-32302,0,0,0,0,0,102159,0
101264,-1686,8820,-932,-106,-340,-1407,-4143,0,3,-740,-248,36495,122,32,65,0,0,0,0,0,0,0,0,-32302,0,0,0,0,0,102165,0
101269,-1676,9060,-998,-125,-337,-1420,-4142,-3,-2,-745,-256,36496,123,32,65,0,0,0,0,0,0,0,0,-32301,0,0,0,0,0,102170,0
101274,-1660,9290,-1042,-144,-335,-1439,-4143,-10,2,-743,-240,36496,123,32,65,0,0,0,0,0,0,0,0,-32302,0,0,0,0,0,102176,0
101279,-1688,9474,-1026,-165,-335,-1453,-4142,-3,-2,-740,-256,36497,126,32,65,0,0,0,0,0,0,0,0,-32301,0,0,0,0,0,102181,0
101284,-1728,9586,-1022,-204,-335,-1484,-4142,1,1,-743,-248,36497,126,32,65,0,0,0,0,0,0,0,0,-32302,0,0,0,0,0,102187,0
101289,-1752,9642,-1064,-229,-325,-1494,-4142,0,2,-743,-248,36496,125,32,65,0,0,0,0,0,0,0,0,-32302,0,0,0,0,0,102192,0
101294,-1712,9718,-1060,-257,-320,-1510,-4142,-3,2,-744,-256,36496,125,32,65,0,0,0,0,0,0,0,0,-32302,0,0,0,0,0,102198,0
101299,-1816,9844,-1040,-284,-305,-1525,-4143,-6,2,-742,-256,36495,126,32,65,0,0,0,0,0,0,0,0,-32302,0,0,0,0,0,102203,0
101304,-1784,9776,-978,-336,-276,-1541,-4141,5,0,-742,-248,36495,126,32,65,0,0,0,0,0,0,0,0,-32302,0,0,0,0,0,102209,0
101309,-1782,9834,-992,-367,-263,-1553,-4141,2,1,-746,-256,36495,127,32,65,0,0,0,0,0,0,0,0,-32301,0,0,0,0,0,102214,0
101314,-1884,9716,-966,-394,-243,-1564,-4141,4,5,-748,-248,36495,127,32,65,0,0,0,0,0,0,0,0,-32302,0,0,0,0,0,102220,0
101319,-2018,9682,-928,-418,-225,-1571,-4140,4,1,-750,-256,36495,128,32,65,0,0,0,0,0,0,0,0,-32302,0,0,0,0,0,102225,0
101324,-2496,9434,-722,-464,-200,-1591,-4140,0,4,-749,-256,36495,128,32,65,0,0,0,0,0,0,0,0,-32302,0,0,0,0,0,102231,0
101329,-2516,9170,-666,-490,-205,-1588,-4137,1,6,-755,-256,36493,132,32,65,0,0,0,0,0,0,0,0,-32301,0,0,0,0,0,102236,0
101334,-2648,8802,-544,-506,-201,-1597,-4135,2,5,-764,-248,36493,132,32,65,0,0,0,0,0,0,0,0,-32302,0,0,0,0,0,102242,0
101339,-2784,8436,-452,-520,-204,-1607,-4132,13,7,-768,-248,36492,128,32,65,0,0,0,0,0,0,0,0,-32302,0,0,0,0,0,102247,0
101344,-2984,7960,-352,-528,-214,-1604,-4128,10,7,-778,-248,36492,128,32,65,0,0,0,0,0,0,0,0,-32302,0,0,0,0,0,102253,0
101349,-3050,7720,-194,-538,-235,-1602,-4124,23,12,-782,-248,36501,128,32,65,0,0,0,0,0,0,0,0,-32302,0,0,0,0,0,102258,0
101354,-3118,7436,-164,-533,-249,-1608,-4117,29,15,-797,-232,36501,128,32,65,0,0,0,0,0,0,0,0,-32302,0,0,0,0,0,102264,0
101359,-3348,7018,-84,-522,-272,-1612,-4108,44,23,-824,-208,36503,132,32,65,0,0,0,0,0,0,0,0,-32301,0,0,0,0,0,102269,0
101364,-3528,6018,-52,-486,-359,-1638,-4086,101,48,-873,-200,36503,132,32,65,0,0,0,0,0,0,0,0,-32302,0,0,0,0,0,102275,0
101369,-3392,5712,-224,-467,-408,-1652,-4053,150,90,-982,-232,36503,127,32,65,0,0,0,0,0,0,0,0,-32301,0,0,0,0,0,102280,0
101374,-3058,5652,-318,-437,-469,-1697,-4015,168,118,-1084,-184,36503,127,32,65,0,0,0,0,0,0,0,0,-32302,0,0,0,0,0,102286,0
101379,-2462,5674,-372,-415,-511,-1739,-3964,238,139,-1169,-168,36495,131,32,65,0,0,0,0,0,0,0,0,-32302,0,0,0,0,0,102291,0
101384,-2360,6052,-280,-353,-607,-1807,-3895,310,162,-1315,-128,36495,131,32,65,0,0,0,0,0,0,0,0,-32302,0,0,0,0,0,102297,0
101389,-2444,6294,-154,-334,-658,-1833,-3807,396,187,-1504,-88,36497,125,32,65,0,0,0,0,0,0,0,0,-32303,0,0,0,0,0,102302,0
101394,-2636,6434,-8,-304,-704,-1866,-3698,500,247,-1732,-72,36497,125,32,65,0,0,0,0,0,0,0,0,-32303,0,0,0,0,0,102308,0
101399,-2866,6628,114,-276,-753,-1895,-3562,612,298,-1957,0,36502,120,32,65,0,0,0,0,0,0,0,0,-32302,0,0,0,0,0,102313,0
101404,-3142,7164,346,-231,-823,-1925,-3404,706,332,-2280,-8,36502,120,32,65,0,0,0,0,0,0,0,0,-32301,0,0,0,0,0,102318,0
101409,-3294,7472,396,-208,-842,-1934,-3239,732,328,-2659,-80,36508,100,32,65,0,0,0,0,0,0,0,0,-32301,0,0,0,0,0,102324,0
101414,-3444,7660,432,-194,-872,-1935,-3067,759,269,-2914,-96,36508,100,32,65,0,0,0,0,0,0,0,0,-32303,0,0,0,0,0,102329,0
101419,-3526,7766,438,-183,-887,-1936,-2894,770,182,-3130,-104,36512,95,32,65,0,0,0,0,0,0,0,0,-32303,0,0,0,0,0,102335,0
101424,-3472,7884,390,-143,-925,-1924,-2717,771,107,-3325,-112,36512,95,32,65,0,0,0,0,0,0,0,0,-32302,0,0,0,0,0,102340,0
101429,-3488,8086,376,-134,-943,-1916,-2539,786,49,-3526,-104,36513,94,32,65,0,0,0,0,0,0,0,0,-32300,0,0,0,0,0,102346,0
101434,-3470,8550,466,-100,-968,-1915,-2356,810,43,-3711,-160,36513,94,32,65,0,0,0,0,0,0,0,0,-32302,0,0,0,0,0,102352,0
101439,-3570,7958,374,-75,-1024,-1890,-2172,809,37,-3926,-112,36511,99,32,65,0,0,0,0,0,0,0,0,-32303,0,0,0,0,0,102357,0
101444,-3964,7236,250,-32,-1077,-1818,-1980,846,50,-4121,-120,36511,99,32,65,0,0,0,0,0,0,0,0,-32303,0,0,0,0,0,102363,0
101449,-4094,6890,290,-15,-1115,-1837,-1790,1029,136,-2386,2504,36514,96,32,65,0,0,0,0,0,0,0,0,-32302,0,0,0,0,0,102368,0
101454,-1732,6680,356,9,-1175,-1929,-1317,2202,757,-111,5312,36514,96,32,65,0,0,0,0,0,0,0,0,-32302,0,0,0,0,0,102373,0
101459,894,7342,298,18,-1232,-2169,-585,3320,1751,-78,7512,36511,107,32,65,0,0,0,0,0,0,0,0,-32302,0,0,0,0,0,102379,0
101464,3432,8314,246,67,-1295,-2720,370,4305,2794,-41,9248,36511,107,32,65,0,0,0,0,0,0,0,0,-32302,0,0,0,0,0,102384,0
101469,4448,8388,318,105,-1328,-2853,1512,5102,3380,-103,10760,36506,123,32,65,0,0,0,0,0,0,0,0,-32302,0,0,0,0,0,102390,0
101474,4224,8268,464,131,-1329,-3058,2815,5795,3318,-203,12112,36506,123,32,65,0,0,0,0,0,0,0,0,-32302,0,0,0,0,0,102395,0
101479,3326,8218,724,145,-1307,-3237,4282,6534,2910,-293,13456,36500,124,32,65,0,0,0,0,0,0,0,0,-32302,0,0,0,0,0,102401,0
101484,984,8170,1432,168,-1286,-3523,5910,7220,2634,-343,14864,36500,124,32,65,0,0,0,0,0,0,0,0,-32302,0,0,0,0,0,102406,0
101489,80,8396,1668,170,-1272,-3672,7674,7836,2450,-484,16240,36508,94,32,65,0,0,0,0,0,0,0,0,-32302,0,0,0,0,0,102412,0
101494,-298,8690,1696,153,-1254,-3792,9596,8517,2376,-525,17576,36508,94,32,65,0,0,0,0,0,0,0,0,-32302,0,0,0,0,0,102417,0
101499,-230,9050,1844,140,-1227,-3889,11642,9055,2273,-547,18584,36529,44,32,65,0,0,0,0,0,0,0,0,-32302,0,0,0,0,0,102424,0
101504,-658,10010,1418,143,-1237,-4096,13831,9688,2183,-559,19528,36529,44,32,65,0,0,0,0,0,0,0,0,-32302,0,0,0,0,0,102429,0
101509,-162,9460,1070,162,-1209,-4209,16099,10012,1996,-662,20304,36555,-23,32,65,0,0,0,0,0,0,0,0,-32302,0,0,0,0,0,102435,0
101514,-306,9926,996,148,-1207,-4286,18442,10329,1746,-756,20728,36555,-23,32,65,0,0,0,0,0,0,0,0,-32302,0,0,0,0,0,102440,0
101519,-332,9958,850,197,-1227,-4369,20845,10622,1414,-823,21184,36589,-91,32,65,0,0,0,0,0,0,0,0,-32302,0,0,0,0,0,102446,0
101524,-1046,9504,728,271,-1260,-4533,23304,10815,1143,-895,21592,36589,-91,32,65,0,0,0,0,0,0,0,0,-32302,0,0,0,0,0,102451,0
101529,-1422,8706,1182,285,-1276,-4605,25804,11033,937,-1003,21984,36627,-170,32,65,0,0,0,0,0,0,0,0,-32302,0,0,0,0,0,102457,0
101534,-2132,9164,990,306,-1300,-4657,28340,11174,777,-1012,22280,36627,-170,32,65,0,0,0,0,0,0,0,0,-32302,0,0,0,0,0,102462,0
101539,-2102,8038,1200,324,-1334,-4697,30938,11439,750,-1060,22560,36666,-259,32,65,0,0,0,0,0,0,0,0,-32302,0,0,0,0,0,102468,0
101544,-2554,8370,1026,407,-1429,-4843,33565,11593,664,-1166,23064,36666,-259,32,65,0,0,0,0,0,0,0,0,-32302,0,0,0,0,0,102473,0
101549,-2284,8004,1350,429,-1467,-4870,36214,11660,629,-1232,23280,36710,-368,32,65,0,0,0,0,0,0,0,0,-32302,0,0,0,0,0,102479,0
101554,-2860,8006,954,494,-1503,-4896,38919,11921,607,-1222,23592,36710,-368,32,65,0,0,0,0,0,0,0,0,-32302,0,0,0,0,0,102484,0
101559,-2448,7376,1140,516,-1507,-4925,41644,12011,530,-1436,24016,36754,-468,32,65,0,0,0,0,0,0,0,0,-32302,0,0,0,0,0,102490,0
101564,-2828,7432,1312,539,-1598,-4989,44395,12101,520,-1395,23992,36754,-468,32,65,0,0,0,0,0,0,0,0,-32302,0,0,0,0,0,102495,0
101569,-3196,6560,1102,607,-1613,-5009,47199,12351,528,-1426,24360,36792,-552,32,65,0,0,0,0,0,0,0,0,-32302,0,0,0,0,0,102501,0
101574,-2996,7330,896,634,-1681,-5022,50016,12423,486,-1528,24528,36792,-552,32,65,0,0,0,0,0,0,0,0,-32302,0,0,0,0,0,102506,0
101579,-2986,6582,1388,633,-1715,-4982,52839,12422,428,-1545,24536,36833,-638,32,65,0,0,0,0,0,0,0,0,-32302,0,0,0,0,0,102512,0
101584,-1178,6442,694,765,-1743,-4610,55691,12539,366,-1615,24832,36833,-638,32,65,0,0,0,0,0,0,0,0,-32302,0,0,0,0,0,102517,0
101589,-1606,7630,1034,723,-1745,-4488,58527,12485,213,-1692,24560,36868,-733,32,65,0,0,0,0,0,0,0,0,-32302,0,0,0,0,0,102523,0
101594,790,7372,636,826,-1731,-4088,61327,12312,31,-1672,23976,36868,-733,32,65,0,0,0,0,0,0,0,0,-32303,0,0,0,0,0,102529,0
101599,130,8556,262,900,-1701,-3859,64101,12157,-161,-1648,23216,36892,-771,32,65,0,0,0,0,0,0,0,0,-32303,0,0,0,0,0,102534,0
101604,62,8932,-90,981,-1606,-3248,66797,11839,-471,-1857,22512,36892,-771,32,65,0,0,0,0,0,0,0,0,-32302,0,0,0,0,0,102539,0
101609,-1374,9238,112,1000,-1523,-2980,69395,11394,-786,-1843,21400,36918,-806,32,65,0,0,0,0,0,0,0,0,-32302,0,0,0,0,0,102545,0
101614,-2104,8636,340,1016,-1387,-2758,71924,11072,-1027,-1851,20672,36918,-806,32,65,0,0,0,0,0,0,0,0,-32302,0,0,0,0,0,102550,0
101619,-2536,8382,146,1048,-1276,-2455,74353,10652,-1258,-2100,20000,36933,-823,32,65,0,0,0,0,0,0,0,0,-32303,0,0,0,0,0,102556,0
101624,-4882,7640,1002,962,-1113,-1979,76692,10236,-1327,-1978,18960,36933,-823,32,65,0,0,0,0,0,0,0,0,-32303,0,0,0,0,0,102562,0
101629,-5690,6702,416,978,-926,-1796,78975,10039,-1283,-1972,18448,36933,-823,32,65,0,0,0,0,0,0,0,0,-32303,0,0,0,0,0,102567,0
101634,-6840,7096,790,912,-846,-1702,81177,9645,-1238,-2031,17832,36933,-823,32,65,0,0,0,0,0,0,0,0,-32303,0,0,0,0,0,102573,0
101639,-7502,6396,1108,880,-763,-1611,83321,9412,-1106,-2097,17280,36943,-802,32,65,0,0,0,0,0,0,0,0,-32302,0,0,0,0,0,102578,0
101644,-10736,5864,1838,753,-593,-1650,85399,9127,-1045,-2105,16736,36943,-802,32,65,0,0,0,0,0,0,0,0,-32301,0,0,0,0,0,102584,0
101649,-10582,4600,1946,662,-516,-1580,87455,9034,-892,-2118,16368,36935,-774,32,65,0,0,0,0,0,0,0,0,-32303,0,0,0,0,0,102589,0
101654,-10528,4534,1514,657,-466,-1419,89462,8807,-794,-2166,16240,36935,-774,32,65,0,0,0,0,0,0,0,0,-32302,0,0,0,0,0,102595,0
101659,-9882,4798,1298,621,-434,-1339,91430,8649,-668,-2186,15584,36932,-757,32,65,0,0,0,0,0,0,0,0,-32303,0,0,0,0,0,102600,0
101664,-6942,6314,276,627,-371,-592,93329,8317,-681,-2124,14816,36932,-757,32,65,0,0,0,0,0,0,0,0,-32302,0,0,0,0,0,102606,0
101669,-7444,7502,-148,638,-344,-360,95162,8030,-783,-2145,13768,36911,-722,32,65,0,0,0,0,0,0,0,0,-32303,0,0,0,0,0,102611,0
101674,-7854,8494,382,591,-311,-262,96868,7436,-1060,-2210,12512,36911,-722,32,65,0,0,0,0,0,0,0,0,-32302,0,0,0,0,0,102617,0
101679,-7442,7914,244,573,-204,-4,98441,6866,-1379,-2309,11232,36886,-669,32,65,0,0,0,0,0,0,0,0,-32302,0,0,0,0,0,102623,0
101684,-7550,7772,-392,605,-83,707,99869,6223,-1748,-2238,9840,36886,-669,32,65,0,0,0,0,0,0,0,0,-32302,0,0,0,0,0,102628,0
101689,-6888,7282,-484,610,-39,1060,101141,5536,-2031,-2306,8376,36852,-589,32,65,0,0,0,0,0,0,0,0,-32303,0,0,0,0,0,102633,0
101694,-5746,6558,-802,646,23,1596,102277,4933,-2188,-2308,7064,36852,-589,32,65,0,0,0,0,0,0,0,0,-32301,0,0,0,0,0,102639,0
101699,-6016,6886,-430,658,63,1981,103273,4317,-2198,-2273,5632,36808,-495,32,65,0,0,0,0,0,0,0,0,-32302,0,0,0,0,0,102644,0
101704,-8042,6400,158,611,209,2314,104116,3642,-2220,-2278,4296,36808,-495,32,65,0,0,0,0,0,0,0,0,-32303,0,0,0,0,0,102650,0
101709,-8882,5992,490,563,285,2459,104812,2989,-2219,-2329,3000,36755,-373,32,65,0,0,0,0,0,0,0,0,-32302,0,0,0,0,0,102655,0
101714,-10072,4804,572,538,347,2563,105374,2417,-2211,-2302,1912,36755,-373,32,65,0,0,0,0,0,0,0,0,-32302,0,0,0,0,0,102661,0
101719,-9532,3724,748,504,357,2824,105820,1914,-2143,-2268,984,36696,-236,32,65,0,0,0,0,0,0,0,0,-32302,0,0,0,0,0,102666,0
101724,-8620,3274,332,542,348,3514,106163,1465,-1976,-2262,248,36696,-236,32,65,0,0,0,0,0,0,0,0,-32303,0,0,0,0,0,102671,0
101729,-8610,4022,754,529,342,3691,106394,956,-1808,-2427,-24,36639,-103,32,65,0,0,0,0,0,0,0,0,-32303,0,0,0,0,0,102677,0
101734,-8564,4134,936,505,403,3844,106490,372,-1762,-2503,-648,36639,-103,32,65,0,0,0,0,0,0,0,0,-32302,0,0,0,0,0,102682,0
101739,-8808,4038,858,479,454,4046,106471,-124,-1790,-2200,-1248,36582,10,32,65,0,0,0,0,0,0,0,0,-32302,0,0,0,0,0,102688,0
101744,-8450,4434,862,424,493,4386,106382,-418,-1725,-1952,-1992,36582,10,32,65,0,0,0,0,0,0,0,0,-32302,0,0,0,0,0,102694,0
101749,-6898,4408,260,452,526,4738,106218,-761,-1555,-2047,-2744,36530,119,32,65,0,0,0,0,0,0,0,0,-32303,0,0,0,0,0,102699,0
101754,-5990,5260,254,452,526,5118,105960,-1180,-1382,-2070,-3744,36530,119,32,65,0,0,0,0,0,0,0,0,-32303,0,0,0,0,0,102705,0
101759,-5926,5708,10,463,558,5437,105597,-1645,-1318,-2054,-4800,36481,225,32,65,0,0,0,0,0,0,0,0,-32301,0,0,0,0,0,102710,0
101764,-5446,6316,378,426,593,5918,105123,-2139,-1427,-2029,-5848,36481,225,32,65,0,0,0,0,0,0,0,0,-32302,0,0,0,0,0,102716,0
101769,-5408,6250,440,408,624,6132,104530,-2661,-1600,-2025,-7024,36432,345,32,65,0,0,0,0,0,0,0,0,-32303,0,0,0,0,0,102721,0
101774,-5576,6474,318,370,655,6314,103820,-3177,-1712,-2001,-8096,36432,345,32,65,0,0,0,0,0,0,0,0,-32302,0,0,0,0,0,102726,0
101779,-5644,6452,364,359,677,6475,102987,-3714,-1785,-1971,-9184,36381,461,32,65,0,0,0,0,0,0,0,0,-32303,0,0,0,0,0,102732,0
101784,-5504,6148,436,304,715,6810,102037,-4233,-1815,-1915,-10088,36381,461,32,65,0,0,0,0,0,0,0,0,-32302,0,0,0,0,0,102737,0
101789,-5624,5908,486,274,723,6990,100984,-4672,-1791,-1893,-11136,36329,582,32,65,0,0,0,0,0,0,0,0,-32302,0,0,0,0,0,102743,0
101794,-5588,5770,474,245,726,7184,99839,-5079,-1708,-1807,-11992,36329,582,32,65,0,0,0,0,0,0,0,0,-32302,0,0,0,0,0,102748,0
101799,-5450,5580,490,236,718,7371,98594,-5523,-1600,-1789,-12752,36282,677,32,65,0,0,0,0,0,0,0,0,-32302,0,0,0,0,0,102754,0
101804,-5526,5446,520,204,689,7804,97251,-5943,-1524,-1795,-13592,36282,677,32,65,0,0,0,0,0,0,0,0,-32302,0,0,0,0,0,102759,0
101809,-5558,5358,408,199,664,8012,95833,-6273,-1442,-1658,-14296,36243,748,32,65,0,0,0,0,0,0,0,0,-32302,0,0,0,0,0,102765,0
101814,-5406,5534,418,160,644,8244,94319,-6708,-1408,-1667,-15040,36243,748,32,65,0,0,0,0,0,0,0,0,-32301,0,0,0,0,0,102770,0
101819,-5262,5722,404,175,627,8437,92727,-7026,-1355,-1659,-15680,36212,813,32,65,0,0,0,0,0,0,0,0,-32302,0,0,0,0,0,102776,0
101824,-4856,6122,342,138,619,8809,91069,-7332,-1262,-1528,-16528,36212,813,32,65,0,0,0,0,0,0,0,0,-32302,0,0,0,0,0,102781,0
101829,-4830,6354,272,129,615,8969,89322,-7720,-1231,-1542,-17152,36190,856,32,65,0,0,0,0,0,0,0,0,-32302,0,0,0,0,0,102787,0
101834,-4632,6408,330,100,628,9128,87509,-8005,-1184,-1452,-17880,36190,856,32,65,0,0,0,0,0,0,0,0,-32302,0,0,0,0,0,102792,0
101839,-4412,6378,386,88,638,9271,85611,-8381,-1168,-1414,-18488,36173,881,32,65,0,0,0,0,0,0,0,0,-32302,0,0,0,0,0,102798,0
101844,-4342,6528,258,60,671,9558,83667,-8576,-1127,-1378,-18976,36173,881,32,65,0,0,0,0,0,0,0,0,-32302,0,0,0,0,0,102803,0
101849,-4284,6656,322,46,681,9669,81654,-8885,-1053,-1289,-19504,36161,889,32,65,0,0,0,0,0,0,0,0,-32301,0,0,0,0,0,102809,0
101854,-4088,6790,234,42,716,9773,79590,-9097,-966,-1251,-19888,36161,889,32,65,0,0,0,0,0,0,0,0,-32301,0,0,0,0,0,102814,0
101859,-3986,6922,268,10,711,9884,77450,-9450,-955,-1172,-20616,36158,888,32,65,0,0,0,0,0,0,0,0,-32302,0,0,0,0,0,102820,0
101864,-3832,6990,226,19,757,10038,75274,-9586,-892,-1179,-20856,36158,888,32,65,0,0,0,0,0,0,0,0,-32302,0,0,0,0,0,102825,0
101869,-3790,7274,90,21,775,10114,73033,-9892,-907,-1117,-21448,36165,878,32,65,0,0,0,0,0,0,0,0,-32302,0,0,0,0,0,102831,0
101874,-3814,7216,112,17,794,10182,70746,-10079,-833,-1078,-21920,36165,878,32,65,0,0,0,0,0,0,0,0,-32302,0,0,0,0,0,102836,0
101879,-3726,7178,248,1,820,10262,68402,-10329,-837,-1000,-22240,36176,858,32,65,0,0,0,0,0,0,0,0,-32302,0,0,0,0,0,102842,0
101884,-3676,7496,112,27,852,10398,66037,-10424,-734,-922,-22432,36176,858,32,65,0,0,0,0,0,0,0,0,-32302,0,0,0,0,0,102847,0
101889,-3514,7594,118,46,856,10439,63629,-10606,-687,-855,-22712,36185,827,32,65,0,0,0,0,0,0,0,0,-32302,0,0,0,0,0,102853,0
101894,-3606,7840,110,72,864,10481,61176,-10836,-612,-797,-23176,36185,827,32,65,0,0,0,0,0,0,0,0,-32302,0,0,0,0,0,102858,0
101899,-3316,7740,196,61,876,10535,58704,-10865,-557,-788,-23264,36197,790,32,65,0,0,0,0,0,0,0,0,-32302,0,0,0,0,0,102863,0
101904,-3068,7914,166,119,945,10570,56192,-11070,-555,-733,-23400,36197,790,32,65,0,0,0,0,0,0,0,0,-32302,0,0,0,0,0,102869,0
101909,-3000,8012,10,86,963,10606,53653,-11201,-494,-662,-23840,36215,728,32,65,0,0,0,0,0,0,0,0,-32302,0,0,0,0,0,102875,0
101914,-2810,8000,242,123,985,10598,51094,-11246,-471,-618,-23720,36215,728,32,65,0,0,0,0,0,0,0,0,-32302,0,0,0,0,0,102880,0
101919,-2714,8138,196,160,999,10585,48519,-11358,-385,-545,-24040,36242,671,32,65,0,0,0,0,0,0,0,0,-32302,0,0,0,0,0,102885,0
101924,-2486,8310,66,182,1023,10520,45927,-11401,-340,-483,-24112,36242,671,32,65,0,0,0,0,0,0,0,0,-32302,0,0,0,0,0,102891,0
101929,-2286,8364,180,203,1030,10485,43310,-11506,-315,-461,-24152,36267,608,32,65,0,0,0,0,0,0,0,0,-32301,0,0,0,0,0,102896,0
101934,-2286,8502,150,228,1050,10434,40685,-11571,-250,-409,-24200,36267,608,32,65,0,0,0,0,0,0,0,0,-32302,0,0,0,0,0,102902,0
101939,-2226,8458,80,234,1086,10400,38052,-11584,-254,-349,-24288,36292,542,32,65,0,0,0,0,0,0,0,0,-32302,0,0,0,0,0,102907,0
101944,-2162,8386,106,295,1071,10327,35405,-11641,-210,-282,-24096,36292,542,32,65,0,0,0,0,0,0,0,0,-32302,0,0,0,0,0,102913,0
101949,-2036,8350,-18,339,1065,10283,32779,-11563,-92,-226,-23928,36318,478,32,65,0,0,0,0,0,0,0,0,-32302,0,0,0,0,0,102918,0
101954,-1834,8678,58,331,1052,10223,30155,-11518,1135,-185,-23976,36318,478,32,65,0,0,0,0,0,0,0,0,-32302,0,0,0,0,0,102924,0
101959,-1666,8880,62,367,1035,10146,27520,-11592,1196,-124,-23912,36348,412,32,65,0,0,0,0,0,0,0,0,-32301,0,0,0,0,0,102929,0
101964,-1226,9016,170,420,1004,9949,24916,-11468,682,-71,-23680,36348,412,32,65,0,0,0,0,0,0,0,0,-32301,0,0,0,0,0,102935,0
101969,-1006,9252,72,419,996,9848,22315,-11425,-509,-43,-23600,36376,349,32,65,0,0,0,0,0,0,0,0,-32302,0,0,0,0,0,102940,0
101974,-1014,9104,30,431,976,9741,19716,-11443,-1041,3,-23408,36376,349,32,65,0,0,0,0,0,0,0,0,-32302,0,0,0,0,0,102946,0
101979,-670,9152,96,479,922,9625,17158,-11234,-995,15,-22896,36403,297,32,65,0,0,0,0,0,0,0,0,-32302,0,0,0,0,0,102952,0
101984,-520,9114,66,583,868,9388,14618,-11164,240,107,-22720,36403,297,32,65,0,0,0,0,0,0,0,0,-32302,0,0,0,0,0,102957,0
101989,-204,9168,108,543,825,9272,12097,-11113,314,144,-22632,36429,246,32,65,0,0,0,0,0,0,0,0,-32302,0,0,0,0,0,102963,0
101994,30,9022,76,575,787,9128,9623,-10852,365,240,-21672,36429,246,32,65,0,0,0,0,0,0,0,0,-32301,0,0,0,0,0,102968,0
101999,368,9170,136,568,772,8992,7179,-10743,443,386,-21280,36461,163,32,65,0,0,0,0,0,0,0,0,-32301,0,0,0,0,0,102974,0
102004,588,9198,188,600,726,8682,4784,-10523,514,490,-20856,36461,163,32,65,0,0,0,0,0,0,0,0,-32302,0,0,0,0,0,102979,0
102009,834,9094,216,647,704,8529,2443,-10271,586,557,-20008,36505,67,32,65,0,0,0,0,0,0,0,0,-32302,0,0,0,0,0,102984,0
102014,1002,9008,180,606,664,8359,176,-9953,768,609,-19304,36505,67,32,65,0,0,0,0,0,0,0,0,-32302,0,0,0,0,0,102990,0
102019,1050,8968,150,681,604,8182,-2027,-9648,845,687,-18504,36548,-31,32,65,0,0,0,0,0,0,0,0,-32302,0,0,0,0,0,102996,0
102024,9036,4936,2818,923,-538,5195,-4161,-9365,971,750,-17568,36548,-31,32,65,0,0,0,0,0,0,0,0,-32302,0,0,0,0,0,103001,0
102029,29294,10658,962,631,839,3193,-6069,-8242,1237,457,-13648,36576,-68,32,65,0,0,0,0,0,0,0,0,-32301,0,0,0,0,0,103007,0
102034,20382,9260,-792,822,1318,1677,-7368,-5372,2466,-88,-6200,36576,-68,32,65,0,0,0,0,0,0,0,0,-32301,0,0,0,0,0,103012,0
102039,-3094,10962,3952,679,1386,1367,-7715,-1072,5232,-763,3096,36550,3,32,65,0,0,0,0,0,0,0,0,-32302,0,0,0,0,0,103018,0
102044,-2020,5978,-1536,887,904,2837,-7092,3140,8916,-185,10904,36550,3,32,65,0,0,0,0,0,0,0,0,-32301,0,0,0,0,0,103023,0
102049,8792,7428,-1512,718,845,2212,-5854,5643,11710,560,13632,36499,143,32,65,0,0,0,0,0,0,0,0,-32302,0,0,0,0,0,103028,0
102054,17440,10214,-2028,607,677,1986,-4367,6617,11771,516,13640,36499,143,32,65,0,0,0,0,0,0,0,0,-32302,0,0,0,0,0,103034,0
102059,2858,9946,-1192,596,715,668,-2829,6762,9059,61,12712,36441,283,32,65,0,0,0,0,0,0,0,0,-32302,0,0,0,0,0,103039,0
102064,-700,2876,16,907,175,-1,-1361,6418,5104,-353,11416,36441,283,32,65,0,0,0,0,0,0,0,0,-32302,0,0,0,0,0,103045,0
102069,8368,4348,-1576,876,37,-673,-35,5760,1643,-496,9504,36453,228,32,65,0,0,0,0,0,0,0,0,-32302,0,0,0,0,0,103050,0
102074,9128,7982,1038,759,134,-1701,1080,4803,-628,-516,7096,36453,228,32,65,0,0,0,0,0,0,0,0,-32302,0,0,0,0,0,103056,0
102079,4224,7750,516,779,228,-2445,1984,3897,-1981,-672,5368,36478,147,32,65,0,0,0,0,0,0,0,0,-32303,0,0,0,0,0,103062,0
102084,-5280,8332,586,848,174,-2819,2749,3312,-2639,-798,4600,36478,147,32,65,0,0,0,0,0,0,0,0,-32303,0,0,0,0,0,103067,0
102089,-5784,6754,-614,893,56,-2493,3434,2979,-2648,-719,4112,36531,29,32,65,0,0,0,0,0,0,0,0,-32303,0,0,0,0,0,103072,0
102094,-5504,6028,-752,832,-40,-2400,4063,2745,-2170,-615,3648,36531,29,32,65,0,0,0,0,0,0,0,0,-32302,0,0,0,0,0,103078,0
102099,-3286,5604,-640,784,-221,-2322,4644,2537,-1518,-593,3248,36537,26,32,65,0,0,0,0,0,0,0,0,-32302,0,0,0,0,0,103083,0
102104,-2292,6050,466,782,-460,-2083,5176,2323,-1033,-597,2800,36537,26,32,65,0,0,0,0,0,0,0,0,-32302,0,0,0,0,0,103089,0
102109,-576,5336,304,879,-479,-1757,5664,2124,-808,-613,2440,36536,40,32,65,0,0,0,0,0,0,0,0,-32302,0,0,0,0,0,103094,0
102114,-984,5460,762,858,-380,-1900,6110,1944,-726,-606,2120,36536,40,32,65,0,0,0,0,0,0,0,0,-32302,0,0,0,0,0,103100,0
102119,1798,7662,1038,846,-303,-1669,6515,1762,-685,-604,1760,36524,64,32,65,0,0,0,0,0,0,0,0,-32302,0,0,0,0,0,103105,0
102124,1692,8544,418,787,-301,-1649,6882,1589,-651,-589,1368,36524,64,32,65,0,0,0,0,0,0,0,0,-32302,0,0,0,0,0,103111,0
102129,1726,8190,534,754,-288,-1727,7206,1407,-631,-589,1000,36520,74,32,65,0,0,0,0,0,0,0,0,-32303,0,0,0,0,0,103116,0
102134,2392,8088,266,770,-277,-1731,7489,1233,-616,-593,616,36520,74,32,65,0,0,0,0,0,0,0,0,-32302,0,0,0,0,0,103122,0
102139,1880,8300,316,740,-286,-1806,7740,1078,-613,-592,368,36515,86,32,65,0,0,0,0,0,0,0,0,-32301,0,0,0,0,0,103128,0
102144,1506,8162,496,664,-275,-1693,7957,952,-583,-633,256,36515,86,32,65,0,0,0,0,0,0,0,0,-32302,0,0,0,0,0,103133,0
102149,1388,7632,348,651,-243,-1571,8151,844,-531,-636,176,36509,104,32,65,0,0,0,0,0,0,0,0,-32302,0,0,0,0,0,103138,0
102154,1086,7348,468,611,-214,-1457,8326,768,-458,-621,144,36509,104,32,65,0,0,0,0,0,0,0,0,-32302,0,0,0,0,0,103144,0
102159,1228,7130,406,581,-178,-1298,8488,703,-371,-607,72,36506,109,32,65,0,0,0,0,0,0,0,0,-32301,0,0,0,0,0,103149,0
102164,1874,7128,404,527,-84,-1081,8628,603,-309,-617,8,36506,109,32,65,0,0,0,0,0,0,0,0,-32302,0,0,0,0,0,103155,0
102169,2054,7098,482,491,-23,-1034,8742,482,-293,-653,-80,36505,120,32,65,0,0,0,0,0,0,0,0,-32302,0,0,0,0,0,103160,0
102174,1978,7118,512,460,32,-1007,8819,326,-340,-674,-96,36505,120,32,65,0,0,0,0,0,0,0,0,-32302,0,0,0,0,0,103166,0
102179,1806,7050,472,431,95,-966,8860,170,-422,-612,-128,36503,121,32,65,0,0,0,0,0,0,0,0,-32302,0,0,0,0,0,103171,0
102184,1638,6634,312,371,207,-920,8873,46,-482,-556,-184,36503,121,32,65,0,0,0,0,0,0,0,0,-32301,0,0,0,0,0,103177,0
102189,1532,6580,266,343,260,-888,8863,-50,-492,-508,-224,36499,132,32,65,0,0,0,0,0,0,0,0,-32302,0,0,0,0,0,103182,0
102194,1558,6590,258,320,306,-863,8848,-68,-416,-514,-216,36499,132,32,65,0,0,0,0,0,0,0,0,-32303,0,0,0,0,0,103188,0
102199,1726,6510,276,300,357,-844,8838,-52,-281,-520,-192,36501,132,32,65,0,0,0,0,0,0,0,0,-32303,0,0,0,0,0,103193,0
102204,1950,6526,236,279,450,-870,8822,-70,-151,-506,-248,36501,132,32,65,0,0,0,0,0,0,0,0,-32302,0,0,0,0,0,103199,0
102209,1916,6600,168,271,491,-904,8795,-115,-71,-490,-272,36500,128,32,65,0,0,0,0,0,0,0,0,-32302,0,0,0,0,0,103204,0
102214,1830,6666,84,257,522,-931,8765,-129,-64,-500,-288,36500,128,32,65,0,0,0,0,0,0,0,0,-32302,0,0,0,0,0,103210,0
102219,1802,6630,26,258,548,-961,8728,-165,-88,-496,-336,36499,128,32,65,0,0,0,0,0,0,0,0,-32302,0,0,0,0,0,103215,0
102224,1752,6550,-94,259,539,-1017,8692,-161,-88,-504,-296,36499,128,32,65,0,0,0,0,0,0,0,0,-32302,0,0,0,0,0,103221,0
102229,1782,6466,-152,262,522,-1054,8653,-170,-68,-496,-304,36492,136,32,65,0,0,0,0,0,0,0,0,-32302,0,0,0,0,0,103226,0
102234,1876,6434,-160,270,498,-1081,8617,-159,-32,-497,-296,36492,136,32,65,0,0,0,0,0,0,0,0,-32302,0,0,0,0,0,103232,0
102239,1966,6424,-196,290,471,-1111,8583,-144,-15,-499,-248,36490,145,32,65,0,0,0,0,0,0,0,0,-32302,0,0,0,0,0,103237,0
102244,2292,6410,-224,331,418,-1150,8558,-104,32,-504,-256,36490,145,32,65,0,0,0,0,0,0,0,0,-32302,0,0,0,0,0,103243,0
102249,2470,6406,-254,349,388,-1177,8533,-116,49,-502,-240,36491,141,32,65,0,0,0,0,0,0,0,0,-32302,0,0,0,0,0,103248,0
102254,2558,6418,-286,380,362,-1208,8520,-55,74,-513,-192,36491,141,32,65,0,0,0,0,0,0,0,0,-32302,0,0,0,0,0,103254,0
102259,2674,6504,-318,400,329,-1226,8518,3,101,-514,-152,36493,130,32,65,0,0,0,0,0,0,0,0,-32302,0,0,0,0,0,103259,0
102264,2892,6668,-342,451,278,-1264,8521,13,124,-504,-168,36493,130,32,65,0,0,0,0,0,0,0,0,-32302,0,0,0,0,0,103265,0
102269,2946,6724,-346,468,247,-1270,8524,8,112,-503,-168,36495,121,32,65,0,0,0,0,0,0,0,0,-32302,0,0,0,0,0,103270,0
102274,2984,6814,-334,483,226,-1275,8526,9,84,-504,-160,36495,121,32,65,0,0,0,0,0,0,0,0,-32302,0,0,0,0,0,103276,0
102279,3040,6898,-330,509,191,-1265,8527,6,33,-504,-160,36495,126,32,65,0,0,0,0,0,0,0,0,-32302,0,0,0,0,0,103281,0
102284,3248,7106,-272,542,166,-1238,8530,11,-3,-505,-160,36495,126,32,65,0,0,0,0,0,0,0,0,-32302,0,0,0,0,0,103286,0
102289,3400,7238,-248,547,159,-1227,8531,5,-2,-504,-168,36495,127,32,65,0,0,0,0,0,0,0,0,-32302,0,0,0,0,0,103292,0
102294,3506,7384,-224,566,168,-1220,8533,0,-2,-507,-168,36495,127,32,65,0,0,0,0,0,0,0,0,-32302,0,0,0,0,0,103298,0
102299,3620,7544,-150,572,172,-1209,8533,0,-4,-505,-168,36499,131,32,65,0,0,0,0,0,0,0,0,-32302,0,0,0,0,0,103303,0
102304,3774,7822,-150,587,188,-1200,8533,0,-8,-507,-176,36499,131,32,65,0,0,0,0,0,0,0,0,-32302,0,0,0,0,0,103308,0
102309,3814,7918,-120,586,205,-1193,8533,2,-10,-505,-160,36499,135,32,65,0,0,0,0,0,0,0,0,-32302,0,0,0,0,0,103314,0
102314,3886,8006,-52,584,219,-1185,8535,-3,-3,-506,-168,36499,135,32,65,0,0,0,0,0,0,0,0,-32302,0,0,0,0,0,103320,0
102319,3920,8106,-70,572,227,-1180,8536,11,4,-505,-160,36499,136,32,65,0,0,0,0,0,0,0,0,-32302,0,0,0,0,0,103325,0
102324,3960,8196,6,569,266,-1139,8538,11,6,-506,-160,36499,136,32,65,0,0,0,0,0,0,0,0,-32302,0,0,0,0,0,103330,0
102329,4000,8248,14,558,286,-1119,8539,4,3,-507,-168,36497,141,32,65,0,0,0,0,0,0,0,0,-32302,0,0,0,0,0,103336,0
102334,4028,8272,46,553,309,-1094,8539,2,1,-508,-160,36497,141,32,65,0,0,0,0,0,0,0,0,-32302,0,0,0,0,0,103341,0
102339,4056,8236,54,541,330,-1082,8540,1,0,-508,-168,36499,140,32,65,0,0,0,0,0,0,0,0,-32302,0,0,0,0,0,103347,0
102344,4060,8106,64,519,356,-1032,8540,-3,-7,-509,-168,36499,140,32,65,0,0,0,0,0,0,0,0,-32302,0,0,0,0,0,103352,0
102349,4058,8050,84,502,358,-1020,8540,1,-7,-508,-160,36502,133,32,65,0,0,0,0,0,0,0,0,-32302,0,0,0,0,0,103358,0
102354,4088,7980,72,492,361,-1001,8541,2,-7,-508,-168,36502,133,32,65,0,0,0,0,0,0,0,0,-32303,0,0,0,0,0,103363,0
102359,4090,7884,96,481,358,-980,8540,3,-6,-506,-160,36499,128,32,65,0,0,0,0,0,0,0,0,-32302,0,0,0,0,0,103368,0
102364,4072,7708,50,449,360,-947,8540,4,0,-504,-160,36499,128,32,65,0,0,0,0,0,0,0,0,-32302,0,0,0,0,0,103374,0
102369,4062,7632,64,437,348,-932,8540,3,1,-505,-160,36496,122,32,65,0,0,0,0,0,0,0,0,-32302,0,0,0,0,0,103380,0
102374,4064,7626,32,423,338,-924,8540,7,2,-504,-160,36496,122,32,65,0,0,0,0,0,0,0,0,-32302,0,0,0,0,0,103385,0
102379,4096,7602,10,414,334,-904,8540,-5,-1,-504,-160,36494,125,32,65,0,0,0,0,0,0,0,0,-32302,0,0,0,0,0,103391,0
102384,4154,7704,-50,387,319,-889,8540,1,0,-508,-168,36494,125,32,65,0,0,0,0,0,0,0,0,-32302,0,0,0,0,0,103396,0
102389,4152,7768,-70,373,311,-876,8539,-3,-3,-505,-168,36493,131,32,65,0,0,0,0,0,0,0,0,-32302,0,0,0,0,0,103402,0
102394,4146,7770,-90,364,307,-864,8539,-2,1,-504,-168,36493,131,32,65,0,0,0,0,0,0,0,0,-32302,0,0,0,0,0,103407,0
102399,4120,7796,-104,360,295,-851,8539,2,3,-506,-168,36496,118,32,65,0,0,0,0,0,0,0,0,-32302,0,0,0,0,0,103412,0
102404,4054,7788,-138,351,276,-816,8541,2,11,-508,-168,36496,118,32,65,0,0,0,0,0,0,0,0,-32302,0,0,0,0,0,103418,0
102409,4032,7762,-158,356,271,-793,8540,5,-1,-507,-160,36496,117,32,65,0,0,0,0,0,0,0,0,-32302,0,0,0,0,0,103423,0
102414,4052,7728,-182,357,270,-771,8539,-1,1,-503,-168,36496,117,32,65,0,0,0,0,0,0,0,0,-32302,0,0,0,0,0,103429,0
102419,4028,7660,-208,363,272,-753,8540,0,-3,-503,-168,36498,117,32,65,0,0,0,0,0,0,0,0,-32302,0,0,0,0,0,103434,0
102424,3974,7500,-222,372,275,-724,8541,3,-3,-505,-168,36498,117,32,65,0,0,0,0,0,0,0,0,-32302,0,0,0,0,0,103440,0
102429,3906,7380,-246,377,276,-714,8540,2,3,-504,-160,36497,124,32,65,0,0,0,0,0,0,0,0,-32302,0,0,0,0,0,103446,0
102434,3828,7246,-238,385,279,-704,8541,0,-2,-505,-168,36497,124,32,65,0,0,0,0,0,0,0,0,-32302,0,0,0,0,0,103451,0
102439,3720,7078,-238,390,284,-683,8540,-5,-10,-507,-168,36496,127,32,65,0,0,0,0,0,0,0,0,-32303,0,0,0,0,0,103456,0
102444,3594,6882,-240,406,294,-663,8540,1,-1,-508,-168,36496,127,32,65,0,0,0,0,0,0,0,0,-32302,0,0,0,0,0,103462,0
102449,3560,6806,-200,415,304,-654,8539,-2,-2,-509,-168,36495,129,32,65,0,0,0,0,0,0,0,0,-32302,0,0,0,0,0,103467,0
102454,3440,6764,-200,420,308,-650,8540,0,-2,-509,-168,36495,129,32,65,0,0,0,0,0,0,0,0,-32302,0,0,0,0,0,103473,0
102459,3398,6744,-182,428,327,-650,8539,-3,-1,-510,-160,36495,129,32,65,0,0,0,0,0,0,0,0,-32302,0,0,0,0,0,103478,0
102464,3268,6812,-222,427,343,-659,8539,-1,1,-508,-168,36495,129,32,65,0,0,0,0,0,0,0,0,-32302,0,0,0,0,0,103484,0
102469,3198,6868,-220,428,348,-666,8539,3,-2,-505,-168,36496,135,32,65,0,0,0,0,0,0,0,0,-32302,0,0,0,0,0,103489,0
102474,3164,6996,-218,424,366,-674,8539,-1,2,-504,-168,36496,135,32,65,0,0,0,0,0,0,0,0,-32302,0,0,0,0,0,103494,0
102479,3150,7076,-212,410,381,-685,8538,-4,1,-506,-160,36497,132,32,65,0,0,0,0,0,0,0,0,-32302,0,0,0,0,0,103500,0
102484,3092,7358,-188,386,414,-707,8539,2,2,-507,-168,36497,132,32,65,0,0,0,0,0,0,0,0,-32302,0,0,0,0,0,103505,0
102489,3052,7446,-196,367,433,-716,8538,-3,-3,-504,-168,36497,131,32,65,0,0,0,0,0,0,0,0,-32302,0,0,0,0,0,103511,0
102494,3012,7570,-174,357,457,-718,8538,-3,-1,-504,-160,36497,131,32,65,0,0,0,0,0,0,0,0,-32302,0,0,0,0,0,103516,0
102499,2904,7626,-152,342,475,-721,8539,4,0,-507,-168,36497,133,32,65,0,0,0,0,0,0,0,0,-32302,0,0,0,0,0,103522,0
102504,2758,7668,-144,310,512,-712,8539,0,1,-508,-160,36497,133,32,65,0,0,0,0,0,0,0,0,-32302,0,0,0,0,0,103528,0
102509,2688,7640,-156,305,532,-702,8538,-3,1,-507,-160,36502,128,32,65,0,0,0,0,0,0,0,0,-32302,0,0,0,0,0,103534,0
102514,2702,10306,556,257,545,-671,8538,3,1,-507,-168,36502,128,32,65,0,0,0,0,0,0,0,0,-32302,0,0,0,0,0,103539,0
102519,4240,9736,1442,91,601,-536,8536,-10,-6,-507,-168,36500,126,32,65,0,0,0,0,0,0,0,0,-32302,0,0,0,0,0,103545,0
102524,4790,12936,4104,-86,746,-678,8534,-10,-5,-505,-160,36500,126,32,65,0,0,0,0,0,0,0,0,-32302,0,0,0,0,0,103550,0
102529,2538,13584,4216,-212,741,-822,8536,4,-1,-505,-160,36499,124,32,65,0,0,0,0,0,0,0,0,-32302,0,0,0,0,0,103556,0
102534,2232,13338,2532,-231,671,-742,8542,26,13,-512,-128,36499,124,32,65,0,0,0,0,0,0,0,0,-32302,0,0,0,0,0,103561,0
102539,1696,13512,1538,-259,549,-801,8554,59,41,-513,-120,36495,130,32,65,0,0,0,0,0,0,0,0,-32302,0,0,0,0,0,103567,0
102544,256,13280,-1896,-160,318,-891,8583,135,92,-530,-64,36495,130,32,65,0,0,0,0,0,0,0,0,-32302,0,0,0,0,0,103572,0
102549,964,13588,-1910,-143,289,-913,8649,303,197,-513,40,36494,131,32,65,0,0,0,0,0,0,0,0,-32302,0,0,0,0,0,103577,0
102554,1020,13060,-1602,-127,304,-956,8760,511,355,-449,152,36494,131,32,65,0,0,0,0,0,0,0,0,-32302,0,0,0,0,0,103583,0
102559,1532,12612,-1012,-106,345,-1010,8921,727,525,-408,272,36497,127,32,65,0,0,0,0,0,0,0,0,-32302,0,0,0,0,0,103588,0
102564,3234,11650,610,-111,501,-1091,9120,888,634,-463,352,36497,127,32,65,0,0,0,0,0,0,0,0,-32301,0,0,0,0,0,103594,0
102569,3462,10846,792,-120,549,-1137,9336,963,617,-534,376,36502,117,32,65,0,0,0,0,0,0,0,0,-32302,0,0,0,0,0,103599,0
102574,3564,10006,554,-123,569,-1183,9550,943,459,-587,304,36502,117,32,65,0,0,0,0,0,0,0,0,-32302,0,0,0,0,0,103605,0
102579,3594,9034,142,-109,566,-1212,9756,894,241,-642,248,36508,106,32,65,0,0,0,0,0,0,0,0,-32302,0,0,0,0,0,103610,0
102584,2992,7202,-494,-96,546,-1266,9939,802,4,-669,160,36508,106,32,65,0,0,0,0,0,0,0,0,-32301,0,0,0,0,0,103616,0
102589,2674,5948,-560,-88,548,-1274,10102,706,-162,-698,96,36507,95,32,65,0,0,0,0,0,0,0,0,-32302,0,0,0,0,0,103621,0
102594,2414,5196,-496,-80,556,-1270,10242,617,-265,-701,80,36507,95,32,65,0,0,0,0,0,0,0,0,-32303,0,0,0,0,0,103627,0
102599,2108,4820,-306,-73,562,-1260,10360,508,-312,-714,24,36507,94,32,65,0,0,0,0,0,0,0,0,-32302,0,0,0,0,0,103632,0
102604,1972,4816,-28,-67,614,-1221,10454,405,-341,-739,-24,36507,94,32,65,0,0,0,0,0,0,0,0,-32302,0,0,0,0,0,103638,0
102609,2014,5134,76,-55,650,-1205,10524,300,-350,-664,-56,36508,103,32,65,0,0,0,0,0,0,0,0,-32302,0,0,0,0,0,103643,0
102614,2050,5560,24,-57,666,-1186,10575,215,-347,-649,-96,36508,103,32,65,0,0,0,0,0,0,0,0,-32302,0,0,0,0,0,103648,0
102619,2034,6014,-52,-47,672,-1173,10602,102,-347,-623,-144,36507,110,32,65,0,0,0,0,0,0,0,0,-32302,0,0,0,0,0,103654,0
102624,1776,7066,-120,-39,687,-1157,10616,55,-319,-593,-192,36507,110,32,65,0,0,0,0,0,0,0,0,-32302,0,0,0,0,0,103659,0
102629,1692,7536,-154,-34,674,-1150,10614,0,-292,-583,-200,36505,123,32,65,0,0,0,0,0,0,0,0,-32302,0,0,0,0,0,103665,0
102634,1662,7896,-182,-32,663,-1154,10615,5,-214,-587,-192,36505,123,32,65,0,0,0,0,0,0,0,0,-32302,0,0,0,0,0,103670,0
102639,1644,8220,-152,-30,662,-1149,10614,6,-129,-588,-184,36499,128,32,65,0,0,0,0,0,0,0,0,-32301,0,0,0,0,0,103676,0
102644,1208,7928,-158,-26,663,-1141,10614,3,-58,-588,-192,36499,128,32,65,0,0,0,0,0,0,0,0,-32302,0,0,0,0,0,103681,0
102649,944,7620,-130,-25,685,-1124,10615,7,-6,-587,-184,36496,135,32,65,0,0,0,0,0,0,0,0,-32302,0,0,0,0,0,103687,0
102654,744,7340,-128,-17,707,-1111,10616,-2,5,-586,-200,36496,135,32,65,0,0,0,0,0,0,0,0,-32302,0,0,0,0,0,103693,0
102659,868,7478,-104,-18,725,-1087,10616,0,2,-587,-192,36493,134,32,65,0,0,0,0,0,0,0,0,-32301,0,0,0,0,0,103698,0
102664,1834,8762,-54,-4,742,-1088,10615,-8,-3,-587,-192,36493,134,32,65,0,0,0,0,0,0,0,0,-32302,0,0,0,0,0,103704,0
102669,2244,9192,30,2,742,-1107,10615,0,-3,-589,-192,36493,137,32,65,0,0,0,0,0,0,0,0,-32301,0,0,0,0,0,103709,0
102674,2336,9326,130,11,722,-1126,10615,-5,-5,-587,-192,36493,137,32,65,0,0,0,0,0,0,0,0,-32302,0,0,0,0,0,103714,0
102679,2146,9144,216,13,693,-1146,10616,-4,5,-592,-192,36494,134,32,65,0,0,0,0,0,0,0,0,-32302,0,0,0,0,0,103720,0
102684,1402,8712,228,26,643,-1172,10617,11,3,-589,-192,36494,134,32,65,0,0,0,0,0,0,0,0,-32302,0,0,0,0,0,103726,0
102689,1146,8604,190,39,608,-1181,10617,7,0,-593,-176,36495,136,32,65,0,0,0,0,0,0,0,0,-32302,0,0,0,0,0,103731,0
102694,1000,8574,136,43,585,-1188,10621,23,16,-592,-168,36495,136,32,65,0,0,0,0,0,0,0,0,-32302,0,0,0,0,0,103737,0
102699,986,8556,74,46,548,-1192,10627,29,21,-584,-168,36495,134,32,65,0,0,0,0,0,0,0,0,-32301,0,0,0,0,0,103742,0
102704,896,8268,66,54,491,-1193,10635,29,31,-589,-176,36495,134,32,65,0,0,0,0,0,0,0,0,-32301,0,0,0,0,0,103748,0
102709,906,8090,130,67,466,-1196,10640,26,20,-589,-184,36495,127,32,65,0,0,0,0,0,0,0,0,-32302,0,0,0,0,0,103753,0
102714,1002,7878,96,75,458,-1196,10645,21,6,-590,-184,36495,127,32,65,0,0,0,0,0,0,0,0,-32301,0,0,0,0,0,103758,0
102719,1128,7790,146,78,447,-1195,10650,24,-4,-595,-176,36497,128,32,65,0,0,0,0,0,0,0,0,-32301,0,0,0,0,0,103764,0
102724,1400,7614,106,92,433,-1200,10654,23,-8,-593,-176,36497,128,32,65,0,0,0,0,0,0,0,0,-32301,0,0,0,0,0,103769,0
102729,1472,7606,80,99,427,-1205,10660,28,-1,-586,-184,36496,129,32,65,0,0,0,0,0,0,0,0,-32301,0,0,0,0,0,103775,0
102734,1528,7590,66,104,426,-1210,10667,29,5,-593,-168,36496,129,32,65,0,0,0,0,0,0,0,0,-32301,0,0,0,0,0,103780,0
102739,1484,7552,78,108,421,-1211,10675,32,13,-593,-176,36494,121,32,65,0,0,0,0,0,0,0,0,-32301,0,0,0,0,0,103786,0
102744,1318,7550,72,116,416,-1217,10681,31,7,-586,-192,36494,121,32,65,0,0,0,0,0,0,0,0,-32302,0,0,0,0,0,103791,0
102749,1092,7570,126,119,413,-1205,10680,-5,-14,-588,-192,36491,121,32,65,0,0,0,0,0,0,0,0,-32301,0,0,0,0,0,103797,0
102754,904,7534,118,133,401,-1205,10681,-1,-24,-588,-192,36491,121,32,65,0,0,0,0,0,0,0,0,-32302,0,0,0,0,0,103802,0
102759,758,7618,120,138,389,-1203,10680,1,-35,-589,-192,36493,123,32,65,0,0,0,0,0,0,0,0,-32301,0,0,0,0,0,103808,0
102764,618,7738,100,157,357,-1186,10679,-9,-22,-589,-200,36493,123,32,65,0,0,0,0,0,0,0,0,-32301,0,0,0,0,0,103813,0
102769,580,7784,136,155,331,-1179,10682,0,-3,-590,-200,36494,125,32,65,0,0,0,0,0,0,0,0,-32301,0,0,0,0,0,103819,0
102774,578,7794,140,174,322,-1165,10682,0,-1,-592,-192,36494,125,32,65,0,0,0,0,0,0,0,0,-32302,0,0,0,0,0,103824,0
102779,624,7810,162,174,306,-1168,10680,1,-4,-590,-184,36493,133,32,65,0,0,0,0,0,0,0,0,-32302,0,0,0,0,0,103830,0
102784,662,7818,112,189,283,-1155,10682,3,2,-591,-200,36493,133,32,65,0,0,0,0,0,0,0,0,-32302,0,0,0,0,0,103835,0
102789,732,7860,50,187,267,-1145,10681,1,-2,-592,-192,36493,131,32,65,0,0,0,0,0,0,0,0,-32301,0,0,0,0,0,103841,0
102794,752,7868,-18,189,254,-1141,10681,-3,2,-590,-200,36493,131,32,65,0,0,0,0,0,0,0,0,-32302,0,0,0,0,0,103846,0
102799,746,7856,-34,198,243,-1141,10681,0,2,-588,-192,36495,129,32,65,0,0,0,0,0,0,0,0,-32301,0,0,0,0,0,103852,0
102804,632,7884,-88,201,205,-1128,10681,3,-2,-587,-192,36495,129,32,65,0,0,0,0,0,0,0,0,-32301,0,0,0,0,0,103857,0
102809,584,7890,-98,197,193,-1124,10681,0,-1,-589,-200,36498,129,32,65,0,0,0,0,0,0,0,0,-32302,0,0,0,0,0,103863,0
102814,522,7904,-152,198,181,-1119,10681,-1,1,-591,-200,36498,129,32,65,0,0,0,0,0,0,0,0,-32302,0,0,0,0,0,103868,0
102819,498,7956,-182,200,171,-1117,10681,1,-1,-593,-192,36503,123,32,65,0,0,0,0,0,0,0,0,-32301,0,0,0,0,0,103874,0
102824,514,8086,-254,197,156,-1111,10682,5,2,-592,-192,36503,123,32,65,0,0,0,0,0,0,0,0,-32302,0,0,0,0,0,103879,0
102829,566,8166,-258,193,153,-1108,10681,1,-1,-592,-192,36501,129,32,65,0,0,0,0,0,0,0,0,-32301,0,0,0,0,0,103885,0
102834,634,8298,-250,198,154,-1110,10682,2,5,-590,-192,36501,129,32,65,0,0,0,0,0,0,0,0,-32302,0,0,0,0,0,103890,0
102839,712,8406,-280,194,159,-1106,10681,-6,3,-590,-192,36500,131,32,65,0,0,0,0,0,0,0,0,-32302,0,0,0,0,0,103896,0
102844,832,8560,-254,184,168,-1120,10681,-2,-1,-591,-200,36500,131,32,65,0,0,0,0,0,0,0,0,-32302,0,0,0,0,0,103901,0
102849,814,8584,-228,183,173,-1123,10681,-1,1,-586,-192,36497,131,32,65,0,0,0,0,0,0,0,0,-32302,0,0,0,0,0,103906,0
102854,796,8642,-266,186,190,-1129,10681,7,0,-588,-192,36497,131,32,65,0,0,0,0,0,0,0,0,-32302,0,0,0,0,0,103912,0
102859,708,8622,-236,184,204,-1136,10682,2,1,-591,-192,36494,121,32,65,0,0,0,0,0,0,0,0,-32302,0,0,0,0,0,103918,0
102864,426,8586,-246,171,224,-1141,10681,9,2,-589,-192,36494,121,32,65,0,0,0,0,0,0,0,0,-32302,0,0,0,0,0,103923,0
102869,458,8488,-220,175,244,-1146,10681,2,-2,-591,-192,36496,126,32,65,0,0,0,0,0,0,0,0,-32302,0,0,0,0,0,103928,0
102874,378,8496,-212,172,253,-1140,10680,-6,1,-590,-200,36496,126,32,65,0,0,0,0,0,0,0,0,-32302,0,0,0,0,0,103934,0
102879,304,8436,-264,173,272,-1144,10681,5,2,-590,-192,36496,124,32,65,0,0,0,0,0,0,0,0,-32301,0,0,0,0,0,103939,0
102884,156,8352,-294,167,280,-1132,10681,0,-3,-588,-192,36496,124,32,65,0,0,0,0,0,0,0,0,-32302,0,0,0,0,0,103945,0
102889,56,8270,-316,160,269,-1130,10682,4,1,-590,-192,36494,124,32,65,0,0,0,0,0,0,0,0,-32302,0,0,0,0,0,103950,0
102894,62,8230,-336,159,260,-1126,10682,0,0,-591,-192,36494,124,32,65,0,0,0,0,0,0,0,0,-32302,0,0,0,0,0,103956,0
102899,10,8164,-316,152,241,-1116,10681,-6,-3,-590,-200,36493,126,32,65,0,0,0,0,0,0,0,0,-32301,0,0,0,0,0,103961,0
102904,-104,8034,-342,149,187,-1104,10683,9,-3,-588,-192,36493,126,32,65,0,0,0,0,0,0,0,0,-32302,0,0,0,0,0,103967,0
102909,-106,7992,-302,146,171,-1100,10684,5,2,-591,-200,36493,133,32,65,0,0,0,0,0,0,0,0,-32302,0,0,0,0,0,103972,0
102914,-138,7880,-374,139,144,-1092,10683,-1,1,-590,-192,36493,133,32,65,0,0,0,0,0,0,0,0,-32302,0,0,0,0,0,103978,0
102919,-198,7930,-320,136,121,-1080,10685,11,2,-592,-192,36503,131,32,65,0,0,0,0,0,0,0,0,-32302,0,0,0,0,0,103983,0
102924,-256,7866,-304,128,87,-1060,10688,9,6,-591,-192,36503,131,32,65,0,0,0,0,0,0,0,0,-32302,0,0,0,0,0,103988,0
102929,-308,7888,-304,129,74,-1047,10690,11,3,-592,-192,36516,131,32,65,0,0,0,0,0,0,0,0,-32301,0,0,0,0,0,103994,0
102934,-302,7932,-272,124,62,-1031,10692,11,7,-591,-184,36516,131,32,65,0,0,0,0,0,0,0,0,-32302,0,0,0,0,0,104000,0
102939,-304,7960,-344,123,53,-1022,10694,7,4,-591,-192,36526,137,32,65,0,0,0,0,0,0,0,0,-32301,0,0,0,0,0,104005,0
102944,-260,8098,-368,110,53,-995,10696,8,0,-592,-192,36526,137,32,65,0,0,0,0,0,0,0,0,-32301,0,0,0,0,0,104011,0
102949,-304,8192,-364,106,49,-991,10698,7,0,-591,-192,36517,144,32,65,0,0,0,0,0,0,0,0,-32301,0,0,0,0,0,104016,0
102954,-284,8296,-324,111,57,-976,10699,9,-3,-588,-192,36517,144,32,65,0,0,0,0,0,0,0,0,-32301,0,0,0,0,0,104022,0
102959,-218,8342,-306,103,68,-966,10700,4,-4,-591,-200,36502,134,32,65,0,0,0,0,0,0,0,0,-32302,0,0,0,0,0,104027,0
102964,-170,8426,-278,99,79,-955,10702,8,-1,-590,-192,36502,134,32,65,0,0,0,0,0,0,0,0,-32302,0,0,0,0,0,104032,0
102969,-160,8454,-254,92,83,-946,10703,1,-2,-590,-192,36492,135,32,65,0,0,0,0,0,0,0,0,-32302,0,0,0,0,0,104038,0
102974,-168,8406,-264,102,92,-937,10707,12,2,-591,-184,36492,135,32,65,0,0,0,0,0,0,0,0,-32302,0,0,0,0,0,104043,0
102979,-202,8362,-212,94,102,-932,10713,26,8,-598,-168,36493,138,32,65,0,0,0,0,0,0,0,0,-32301,0,0,0,0,0,104049,0
102984,-88,8284,-118,93,110,-931,10725,58,32,-598,-152,36493,138,32,65,0,0,0,0,0,0,0,0,-32301,0,0,0,0,0,104054,0
102989,-504,8848,-118,97,119,-965,10749,110,58,-608,-112,36495,141,32,65,0,0,0,0,0,0,0,0,-32302,0,0,0,0,0,104060,0
102994,-1878,10312,64,87,118,-1008,10780,132,98,-603,-120,36495,141,32,65,0,0,0,0,0,0,0,0,-32302,0,0,0,0,0,104065,0
102999,-1696,9982,-140,98,117,-916,10812,143,109,-609,-104,36493,134,32,65,0,0,0,0,0,0,0,0,-32302,0,0,0,0,0,104071,0
103004,-466,9012,-20,100,110,-865,10837,103,80,-600,-152,36493,134,32,65,0,0,0,0,0,0,0,0,-32302,0,0,0,0,0,104076,0
103009,-456,8238,-58,97,98,-859,10844,14,-7,-589,-192,36493,129,32,65,0,0,0,0,0,0,0,0,-32302,0,0,0,0,0,104082,0
103014,-372,7692,-280,115,84,-848,10839,-25,-106,-589,-224,36493,129,32,65,0,0,0,0,0,0,0,0,-32301,0,0,0,0,0,104087,0
103019,-136,7426,-50,112,86,-847,10829,-47,-155,-582,-256,36493,121,32,65,0,0,0,0,0,0,0,0,-32302,0,0,0,0,0,104093,0
103024,-526,7628,186,128,117,-836,10812,-76,-165,-579,-272,36493,121,32,65,0,0,0,0,0,0,0,0,-32302,0,0,0,0,0,104098,0
103029,-1000,7836,206,135,122,-820,10797,-68,-119,-588,-256,36493,131,32,65,0,0,0,0,0,0,0,0,-32302,0,0,0,0,0,104104,0
103034,-1390,8036,226,141,124,-785,10783,-56,-58,-591,-248,36493,131,32,65,0,0,0,0,0,0,0,0,-32302,0,0,0,0,0,104109,0
103039,-1594,8078,208,145,114,-746,10763,-86,-27,-576,-312,36497,132,32,65,0,0,0,0,0,0,0,0,-32302,0,0,0,0,0,104115,0
103044,-1576,7978,98,174,98,-667,10730,-155,-44,-560,-376,36497,132,32,65,0,0,0,0,0,0,0,0,-32302,0,0,0,0,0,104120,0
103049,-1546,7918,60,179,75,-624,10684,-211,-86,-552,-496,36499,138,32,65,0,0,0,0,0,0,0,0,-32302,0,0,0,0,0,104125,0
103054,-1510,7782,78,193,59,-598,10622,-284,-156,-555,-616,36499,138,32,65,0,0,0,0,0,0,0,0,-32302,0,0,0,0,0,104131,0
103059,-1446,7750,114,203,55,-561,10542,-357,-212,-547,-792,36499,131,32,65,0,0,0,0,0,0,0,0,-32302,0,0,0,0,0,104137,0
103064,-1472,7774,180,224,45,-501,10446,-430,-240,-523,-968,36499,131,32,65,0,0,0,0,0,0,0,0,-32302,0,0,0,0,0,104142,0
103069,-1516,7814,108,225,53,-458,10333,-497,-249,-517,-1168,36490,129,32,65,0,0,0,0,0,0,0,0,-32302,0,0,0,0,0,104148,0
103074,-1728,7814,92,234,46,-416,10196,-613,-271,-545,-1424,36490,129,32,65,0,0,0,0,0,0,0,0,-32302,0,0,0,0,0,104153,0
103079,-1842,7816,66,248,35,-376,10034,-717,-295,-539,-1632,36485,144,32,65,0,0,0,0,0,0,0,0,-32302,0,0,0,0,0,104159,0
103084,-2056,7752,-68,262,4,-288,9852,-815,-326,-512,-1800,36485,144,32,65,0,0,0,0,0,0,0,0,-32301,0,0,0,0,0,104164,0
103089,-2072,7696,-38,269,-1,-235,9646,-921,-345,-488,-2056,36484,151,32,65,0,0,0,0,0,0,0,0,-32302,0,0,0,0,0,104169,0
103094,-2068,7702,-14,279,-9,-187,9415,-1018,-360,-480,-2248,36484,151,32,65,0,0,0,0,0,0,0,0,-32302,0,0,0,0,0,104175,0
103099,-2094,7670,-4,282,-19,-139,9161,-1131,-354,-450,-2488,36482,158,32,65,0,0,0,0,0,0,0,0,-32302,0,0,0,0,0,104180,0
103104,-2032,7638,-138,286,-21,-50,8884,-1233,-363,-432,-2696,36482,158,32,65,0,0,0,0,0,0,0,0,-32302,0,0,0,0,0,104186,0
103109,-2000,7614,-162,291,-21,-4,8579,-1344,-368,-405,-2888,36480,162,32,65,0,0,0,0,0,0,0,0,-32302,0,0,0,0,0,104191,0
103114,-1974,7654,-192,297,-23,43,8250,-1463,-374,-393,-3160,36480,162,32,65,0,0,0,0,0,0,0,0,-32301,0,0,0,0,0,104197,0
103119,-1944,7662,-196,297,-16,85,7894,-1581,-395,-373,-3360,36479,165,32,65,0,0,0,0,0,0,0,0,-32302,0,0,0,0,0,104202,0
103124,-1786,7738,-260,294,-21,174,7511,-1700,-394,-342,-3632,36479,165,32,65,0,0,0,0,0,0,0,0,-32302,0,0,0,0,0,104208,0
103129,-1798,7752,-232,296,-22,215,7097,-1833,-410,-320,-3920,36476,175,32,65,0,0,0,0,0,0,0,0,-32302,0,0,0,0,0,104213,0
103134,-1758,7782,-304,300,-15,258,6655,-1959,-432,-293,-4152,36476,175,32,65,0,0,0,0,0,0,0,0,-32302,0,0,0,0,0,104219,0
103139,-1772,7806,-224,296,-12,297,6175,-2117,-452,-265,-4496,36480,180,32,65,0,0,0,0,0,0,0,0,-32302,0,0,0,0,0,104224,0
103144,-1818,7802,-258,293,-4,390,5665,-2265,-479,-246,-4752,36480,180,32,65,0,0,0,0,0,0,0,0,-32302,0,0,0,0,0,104230,0
103149,-1864,7760,-358,294,-6,432,5115,-2433,-511,-224,-4992,36478,176,32,65,0,0,0,0,0,0,0,0,-32302,0,0,0,0,0,104235,0
103154,-1946,7694,-294,302,-9,479,4531,-2592,-526,-193,-5240,36478,176,32,65,0,0,0,0,0,0,0,0,-32302,0,0,0,0,0,104241,0
103159,-1986,7750,-292,298,-15,524,3912,-2739,-545,-156,-5440,36478,176,32,65,0,0,0,0,0,0,0,0,-32302,0,0,0,0,0,104246,0
103164,-2004,7804,-156,310,-26,612,3266,-2860,-533,-117,-5608,36478,176,32,65,0,0,0,0,0,0,0,0,-32302,0,0,0,0,0,104252,0
103169,-1804,7750,-196,295,-35,657,2591,-2972,-503,-71,-5792,36474,176,32,65,0,0,0,0,0,0,0,0,-32302,0,0,0,0,0,104257,0
103174,-1764,7712,-236,312,-28,704,1892,-3087,-460,-31,-5984,36474,176,32,65,0,0,0,0,0,0,0,0,-32302,0,0,0,0,0,104263,0
103179,-1842,7850,-388,311,-42,746,1161,-3228,-431,13,-6240,36477,164,32,65,0,0,0,0,0,0,0,0,-32302,0,0,0,0,0,104268,0
103184,-1638,7800,-300,314,-61,827,397,-3388,-438,45,-6496,36477,164,32,65,0,0,0,0,0,0,0,0,-32302,0,0,0,0,0,104274,0
103189,-1652,7926,-298,319,-82,867,-403,-3544,-470,73,-6728,36479,153,32,65,0,0,0,0,0,0,0,0,-32302,0,0,0,0,0,104279,0
103194,-1660,7886,-368,311,-87,906,-1234,-3664,-504,126,-6896,36479,153,32,65,0,0,0,0,0,0,0,0,-32301,0,0,0,0,0,104285,0
103199,-1726,7668,-346,324,-108,950,-2093,-3785,-502,187,-7112,36484,145,32,65,0,0,0,0,0,0,0,0,-32303,0,0,0,0,0,104290,0
103204,13956,7628,1106,314,-355,121,-2955,-3789,-449,163,-6816,36484,145,32,65,0,0,0,0,0,0,0,0,-32302,0,0,0,0,0,104296,0
103209,14246,9416,-1124,292,-335,52,-3792,-3669,-275,175,-6304,36490,139,32,65,0,0,0,0,0,0,0,0,-32302,0,0,0,0,0,104301,0
103214,8700,11740,-2912,325,-180,-176,-4564,-3349,23,181,-5256,36490,139,32,65,0,0,0,0,0,0,0,0,-32302,0,0,0,0,0,104306,0
103219,5320,13308,-1898,299,-55,-210,-5155,-2505,579,102,-2872,36493,129,32,65,0,0,0,0,0,0,0,0,-32302,0,0,0,0,0,104312,0
103224,3196,10588,914,230,60,-359,-5445,-1130,1546,55,528,36493,129,32,65,0,0,0,0,0,0,0,0,-32301,0,0,0,0,0,104317,0
103229,1440,9476,272,237,71,-421,-5364,529,2855,364,2128,36494,129,32,65,0,0,0,0,0,0,0,0,-32302,0,0,0,0,0,104323,0
103234,-118,8550,-292,240,7,-482,-5012,1641,4006,180,4144,36494,129,32,65,0,0,0,0,0,0,0,0,-32302,0,0,0,0,0,104328,0
103239,56,7318,-824,243,-78,-527,-4509,2253,4401,161,4696,36490,137,32,65,0,0,0,0,0,0,0,0,-32302,0,0,0,0,0,104334,0
103244,620,6654,-1078,271,-132,-587,-3954,2458,3787,103,4432,36490,137,32,65,0,0,0,0,0,0,0,0,-32302,0,0,0,0,0,104340,0
103249,-454,7290,-614,269,-116,-598,-3402,2428,2513,-15,3944,36485,146,32,65,0,0,0,0,0,0,0,0,-32302,0,0,0,0,0,104345,0
103254,-1664,7826,-72,269,-108,-593,-2879,2290,1169,-134,3408,36485,146,32,65,0,0,0,0,0,0,0,0,-32302,0,0,0,0,0,104350,0
103259,-1918,8214,176,256,-108,-578,-2399,2084,248,-192,2760,36485,141,32,65,0,0,0,0,0,0,0,0,-32302,0,0,0,0,0,104356,0
103264,-406,8144,-262,256,-135,-571,-2001,1707,-356,-190,1744,36485,141,32,65,0,0,0,0,0,0,0,0,-32302,0,0,0,0,0,104361,0
103269,-8,8142,-596,263,-150,-572,-1733,1115,-827,-156,200,36490,131,32,65,0,0,0,0,0,0,0,0,-32302,0,0,0,0,0,104367,0
103274,176,8312,-764,262,-160,-567,-1637,338,-1347,-383,-552,36490,131,32,65,0,0,0,0,0,0,0,0,-32302,0,0,0,0,0,104372,0
103279,8,8420,-684,267,-149,-575,-1730,-472,-1937,-422,-1016,36499,129,32,65,0,0,0,0,0,0,0,0,-32301,0,0,0,0,0,104378,0
103284,-534,8466,-162,266,-159,-569,-1924,-895,-2281,-100,-1896,36499,129,32,65,0,0,0,0,0,0,0,0,-32302,0,0,0,0,0,104383,0
103289,-328,8320,-78,270,-158,-561,-2180,-1147,-2218,-117,-2168,36499,132,32,65,0,0,0,0,0,0,0,0,-32302,0,0,0,0,0,104388,0
103294,-86,8110,-172,267,-151,-577,-2466,-1250,-1735,-96,-2136,36499,132,32,65,0,0,0,0,0,0,0,0,-32302,0,0,0,0,0,104394,0
103299,138,8060,-396,277,-146,-580,-2752,-1255,-1083,-55,-1936,36496,137,32,65,0,0,0,0,0,0,0,0,-32302,0,0,0,0,0,104399,0
103304,480,8136,-626,274,-123,-620,-3027,-1203,-514,-27,-1656,36496,137,32,65,0,0,0,0,0,0,0,0,-32302,0,0,0,0,0,104405,0
103309,288,8230,-634,269,-105,-624,-3284,-1121,-138,5,-1376,36492,131,32,65,0,0,0,0,0,0,0,0,-32302,0,0,0,0,0,104410,0
103314,34,8304,-562,261,-89,-631,-3518,-1017,107,29,-1096,36492,131,32,65,0,0,0,0,0,0,0,0,-32302,0,0,0,0,0,104416,0
103319,-144,8364,-432,259,-69,-630,-3723,-890,253,28,-752,36493,133,32,65,0,0,0,0,0,0,0,0,-32302,0,0,0,0,0,104422,0
103324,-504,8186,-432,249,-30,-626,-3894,-731,354,28,-352,36493,133,32,65,0,0,0,0,0,0,0,0,-32302,0,0,0,0,0,104427,0
103329,-576,8136,-520,246,-21,-624,-4021,-544,446,71,-24,36492,132,32,65,0,0,0,0,0,0,0,0,-32302,0,0,0,0,0,104432,0
103334,-530,8078,-630,238,-18,-625,-4083,-239,573,186,80,36492,132,32,65,0,0,0,0,0,0,0,0,-32302,0,0,0,0,0,104438,0
103339,-528,8038,-718,236,-22,-628,-4075,61,736,124,48,36491,134,32,65,0,0,0,0,0,0,0,0,-32302,0,0,0,0,0,104443,0
103344,-596,8168,-740,222,-28,-627,-4037,171,828,-6,80,36491,134,32,65,0,0,0,0,0,0,0,0,-32302,0,0,0,0,0,104449,0
103349,-540,8222,-746,210,-26,-625,-3985,234,767,-19,96,36494,133,32,65,0,0,0,0,0,0,0,0,-32302,0,0,0,0,0,104454,0
103354,-590,8180,-742,206,-30,-628,-3927,261,574,-16,-672,36494,133,32,65,0,0,0,0,0,0,0,0,-32302,0,0,0,0,0,104460,0
103359,-502,8184,-650,197,-28,-605,-3911,21,253,-880,-480,36496,128,32,65,0,0,0,0,0,0,0,0,-32302,0,0,0,0,0,104465,0
103364,-514,8146,-772,185,-36,-620,-3958,-223,-147,-1012,-496,36496,128,32,65,0,0,0,0,0,0,0,0,-32302,0,0,0,0,0,104470,0
103369,-458,8162,-782,176,-47,-619,-4012,-236,-393,-606,-392,36496,129,32,65,0,0,0,0,0,0,0,0,-32302,0,0,0,0,0,104476,0
103374,-516,8096,-740,179,-51,-631,-4050,-159,-435,-490,-272,36496,129,32,65,0,0,0,0,0,0,0,0,-32301,0,0,0,0,0,104481,0
103379,-742,7440,-656,188,-55,-629,-4073,-94,-260,-533,-288,36491,130,32,65,0,0,0,0,0,0,0,0,-32302,0,0,0,0,0,104487,0
103384,-412,8094,-512,164,-51,-644,-4085,-51,26,-653,-240,36491,130,32,65,0,0,0,0,0,0,0,0,-32301,0,0,0,0,0,104492,0
103389,-434,8056,-602,165,-47,-639,-4085,4,182,-728,-264,36490,137,32,65,0,0,0,0,0,0,0,0,-32302,0,0,0,0,0,104498,0
103394,-516,8190,-446,158,-36,-646,-4084,0,179,-792,-256,36490,137,32,65,0,0,0,0,0,0,0,0,-32302,0,0,0,0,0,104504,0
103399,-496,8176,-484,160,-37,-646,-4084,5,119,-798,-248,36490,136,32,65,0,0,0,0,0,0,0,0,-32301,0,0,0,0,0,104509,0
103404,-546,8150,-488,161,-36,-650,-4084,3,59,-793,-248,36490,136,32,65,0,0,0,0,0,0,0,0,-32301,0,0,0,0,0,104514,0
103409,-570,8172,-432,155,-41,-658,-4086,-3,18,-796,-248,36491,132,32,65,0,0,0,0,0,0,0,0,-32302,0,0,0,0,0,104520,0
103414,-616,8126,-430,168,-36,-657,-4085,1,-2,-802,-256,36491,132,32,65,0,0,0,0,0,0,0,0,-32302,0,0,0,0,0,104526,0
103419,-614,8134,-458,157,-43,-653,-4085,0,-4,-798,-256,36492,127,32,65,0,0,0,0,0,0,0,0,-32302,0,0,0,0,0,104531,0
103424,-690,8116,-482,160,-49,-656,-4086,-5,4,-799,-248,36492,127,32,65,0,0,0,0,0,0,0,0,-32301,0,0,0,0,0,104537,0
103429,-780,8104,-474,169,-58,-655,-4086,-1,0,-794,-248,36494,132,32,65,0,0,0,0,0,0,0,0,-32301,0,0,0,0,0,104542,0
103434,-798,8082,-458,167,-61,-658,-4086,-4,-1,-799,-248,36494,132,32,65,0,0,0,0,0,0,0,0,-32302,0,0,0,0,0,104548,0
103439,-808,8046,-442,171,-65,-659,-4086,1,2,-795,-256,36493,136,32,65,0,0,0,0,0,0,0,0,-32301,0,0,0,0,0,104553,0
103444,-796,8066,-394,170,-67,-657,-4087,0,2,-797,-256,36493,136,32,65,0,0,0,0,0,0,0,0,-32302,0,0,0,0,0,104559,0
103449,-782,8042,-428,178,-76,-663,-4087,-4,0,-796,-256,36493,138,32,65,0,0,0,0,0,0,0,0,-32302,0,0,0,0,0,104564,0
103454,-774,8066,-430,180,-71,-665,-4086,1,-4,-786,-248,36493,138,32,65,0,0,0,0,0,0,0,0,-32302,0,0,0,0,0,104570,0
103459,-478,8544,-908,154,-55,-664,-4089,-8,-1,-788,-248,36491,145,32,65,0,0,0,0,0,0,0,0,-32302,0,0,0,0,0,104575,0
103464,-732,8090,-318,177,-82,-667,-4090,-5,-4,-786,-256,36491,145,32,65,0,0,0,0,0,0,0,0,-32301,0,0,0,0,0,104580,0
103469,-674,8106,-516,182,-74,-669,-4089,0,-3,-786,-256,36491,151,32,65,0,0,0,0,0,0,0,0,-32301,0,0,0,0,0,104586,0
103474,-712,8056,-604,188,-68,-671,-4091,-9,-1,-787,-256,36491,151,32,65,0,0,0,0,0,0,0,0,-32301,0,0,0,0,0,104591,0
103479,-816,8150,-522,185,-60,-672,-4091,-3,0,-780,-256,36491,150,32,65,0,0,0,0,0,0,0,0,-32301,0,0,0,0,0,104597,0
103484,-894,8092,-580,186,-56,-671,-4093,-6,-4,-778,-256,36491,150,32,65,0,0,0,0,0,0,0,0,-32301,0,0,0,0,0,104602,0
103489,-904,8094,-590,178,-59,-666,-4094,0,-1,-777,-264,36493,141,32,65,0,0,0,0,0,0,0,0,-32301,0,0,0,0,0,104608,0
103494,-952,8044,-558,179,-60,-671,-4097,-11,-5,-781,-248,36493,141,32,65,0,0,0,0,0,0,0,0,-32301,0,0,0,0,0,104613,0
103499,-778,8414,-572,160,-51,-670,-4095,1,4,-770,-272,36494,141,32,65,0,0,0,0,0,0,0,0,-32301,0,0,0,0,0,104619,0
103504,-1062,8266,-224,164,-70,-666,-4100,-11,-5,-768,-280,36494,141,32,65,0,0,0,0,0,0,0,0,-32302,0,0,0,0,0,104624,0
103509,-950,8096,-538,174,-62,-669,-4103,-12,-6,-753,-272,36495,137,32,65,0,0,0,0,0,0,0,0,-32302,0,0,0,0,0,104630,0
103514,-976,7996,-654,177,-53,-668,-4111,-37,-20,-746,-264,36495,137,32,65,0,0,0,0,0,0,0,0,-32301,0,0,0,0,0,104636,0
103519,-966,8098,-552,168,-46,-671,-4121,-52,-27,-705,-288,36496,136,32,65,0,0,0,0,0,0,0,0,-32302,0,0,0,0,0,104641,0
103524,-988,8092,-634,163,-46,-668,-4134,-50,-40,-661,-296,36496,136,32,65,0,0,0,0,0,0,0,0,-32301,0,0,0,0,0,104647,0
103529,-950,8062,-624,164,-45,-667,-4145,-33,-31,-655,-232,36494,131,32,65,0,0,0,0,0,0,0,0,-32301,0,0,0,0,0,104653,0
103534,-1114,7774,-952,157,-39,-664,-4146,-4,8,-692,-248,36494,131,32,65,0,0,0,0,0,0,0,0,-32302,0,0,0,0,0,104658,0
103539,-1046,8250,-596,159,-42,-666,-4145,5,45,-733,-248,36494,126,32,65,0,0,0,0,0,0,0,0,-32301,0,0,0,0,0,104663,0
103544,-976,8002,-704,150,-39,-669,-4146,-3,53,-741,-240,36494,126,32,65,0,0,0,0,0,0,0,0,-32301,0,0,0,0,0,104669,0
103549,-1120,8012,-648,151,-39,-669,-4145,4,42,-735,-264,36497,132,32,65,0,0,0,0,0,0,0,0,-32301,0,0,0,0,0,104674,0
103554,-1160,8040,-602,149,-50,-663,-4144,8,13,-736,-264,36497,132,32,65,0,0,0,0,0,0,0,0,-32302,0,0,0,0,0,104680,0
103559,-1184,8014,-584,154,-43,-667,-4146,-2,-1,-738,-256,36497,132,32,65,0,0,0,0,0,0,0,0,-32301,0,0,0,0,0,104685,0
103564,-1306,8100,-542,157,-63,-668,-4146,2,-1,-732,-256,36497,132,32,65,0,0,0,0,0,0,0,0,-32302,0,0,0,0,0,104691,0
103569,-1260,7926,-580,154,-71,-659,-4145,-3,1,-745,-248,36496,141,32,65,0,0,0,0,0,0,0,0,-32302,0,0,0,0,0,104696,0
103574,-1314,7922,-704,153,-89,-652,-4145,1,1,-737,-264,36496,141,32,65,0,0,0,0,0,0,0,0,-32302,0,0,0,0,0,104702,0
103579,-1390,7912,-712,160,-100,-658,-4144,3,0,-739,-264,36496,136,32,65,0,0,0,0,0,0,0,0,-32301,0,0,0,0,0,104708,0
103584,-1684,7686,-996,165,-146,-647,-4145,-3,0,-741,-248,36496,136,32,65,0,0,0,0,0,0,0,0,-32302,0,0,0,0,0,104713,0
103589,-1668,8040,-732,175,-174,-640,-4146,-1,-3,-735,-256,36492,126,32,65,0,0,0,0,0,0,0,0,-32301,0,0,0,0,0,104718,0
103594,-1602,7956,-808,175,-212,-637,-4145,0,1,-742,-256,36492,126,32,65,0,0,0,0,0,0,0,0,-32302,0,0,0,0,0,104724,0
103599,-1648,7898,-850,180,-237,-634,-4145,7,0,-739,-256,36492,123,32,65,0,0,0,0,0,0,0,0,-32302,0,0,0,0,0,104729,0
103604,-1552,8114,-1024,184,-296,-624,-4145,1,4,-742,-264,36492,123,32,65,0,0,0,0,0,0,0,0,-32301,0,0,0,0,0,104735,0
103609,-1626,7992,-698,201,-343,-621,-4145,3,2,-733,-264,36493,125,32,65,0,0,0,0,0,0,0,0,-32302,0,0,0,0,0,104740,0
103614,-1554,8058,-814,208,-380,-612,-4146,-6,1,-737,-256,36493,125,32,65,0,0,0,0,0,0,0,0,-32302,0,0,0,0,0,104746,0
103619,-1546,7948,-914,210,-419,-614,-4146,-2,-1,-735,-256,36493,129,32,65,0,0,0,0,0,0,0,0,-32302,0,0,0,0,0,104751,0
103624,-1698,7820,-1022,219,-502,-604,-4145,0,1,-739,-256,36493,129,32,65,0,0,0,0,0,0,0,0,-32301,0,0,0,0,0,104757,0
103629,-1744,8050,-950,225,-550,-608,-4146,2,-3,-736,-256,36492,136,32,65,0,0,0,0,0,0,0,0,-32301,0,0,0,0,0,104762,0
103634,-1636,8068,-1070,225,-604,-598,-4144,7,0,-736,-256,36492,136,32,65,0,0,0,0,0,0,0,0,-32301,0,0,0,0,0,104767,0
103639,-1582,8126,-1808,205,-668,-596,-4146,-6,-2,-740,-256,36492,136,32,65,0,0,0,0,0,0,0,0,-32301,0,0,0,0,0,104773,0
103644,-1660,8212,-1088,246,-798,-602,-4146,0,-3,-734,-248,36492,136,32,65,0,0,0,0,0,0,0,0,-32302,0,0,0,0,0,104779,0
103649,-1680,8046,-1390,252,-852,-593,-4146,0,-5,-736,-256,36492,135,32,65,0,0,0,0,0,0,0,0,-32301,0,0,0,0,0,104784,0
103654,-1758,7984,-1536,263,-903,-587,-4147,3,-2,-733,-256,36492,135,32,65,0,0,0,0,0,0,0,0,-32301,0,0,0,0,0,104790,0
103659,-1854,8038,-1516,260,-975,-585,-4146,0,0,-739,-248,36496,135,32,65,0,0,0,0,0,0,0,0,-32302,0,0,0,0,0,104795,0
103664,-1766,8174,-1662,270,-1123,-573,-4148,-7,0,-742,-248,36496,135,32,65,0,0,0,0,0,0,0,0,-32301,0,0,0,0,0,104801,0
103669,-1768,8146,-1814,280,-1203,-575,-4148,-5,-4,-734,-248,36497,130,32,65,0,0,0,0,0,0,0,0,-32302,0,0,0,0,0,104806,0
103674,-1840,8122,-1900,281,-1293,-565,-4148,-10,0,-741,-248,36497,130,32,65,0,0,0,0,0,0,0,0,-32301,0,0,0,0,0,104812,0
103679,-1908,8166,-1908,291,-1381,-564,-4147,3,-4,-735,-248,36495,135,32,65,0,0,0,0,0,0,0,0,-32302,0,0,0,0,0,104817,0
103684,-2106,8014,-2050,302,-1587,-547,-4147,0,-2,-737,-248,36495,135,32,65,0,0,0,0,0,0,0,0,-32302,0,0,0,0,0,104823,0
103689,-2166,7986,-2028,311,-1691,-544,-4146,6,3,-737,-248,36490,134,32,65,0,0,0,0,0,0,0,0,-32301,0,0,0,0,0,104828,0
103694,-2246,8068,-2100,313,-1789,-539,-4148,-4,-4,-738,-248,36490,134,32,65,0,0,0,0,0,0,0,0,-32301,0,0,0,0,0,104833,0
103699,-2202,8198,-2030,320,-1885,-524,-4147,-4,-1,-734,-248,36490,131,32,65,0,0,0,0,0,0,0,0,-32302,0,0,0,0,0,104839,0
103704,-2082,8184,-2034,334,-2062,-506,-4146,-3,0,-738,-256,36490,131,32,65,0,0,0,0,0,0,0,0,-32302,0,0,0,0,0,104845,0
103709,-2058,8136,-2088,338,-2155,-494,-4147,1,-6,-736,-256,36491,123,32,65,0,0,0,0,0,0,0,0,-32301,0,0,0,0,0,104850,0
103714,-2098,8092,-2090,339,-2249,-488,-4145,11,3,-736,-264,36491,123,32,65,0,0,0,0,0,0,0,0,-32301,0,0,0,0,0,104856,0
103719,-2156,8056,-2158,346,-2338,-476,-4145,11,-2,-736,-272,36491,123,32,65,0,0,0,0,0,0,0,0,-32302,0,0,0,0,0,104861,0
103724,-2274,7954,-2156,352,-2521,-452,-4147,0,3,-736,-256,36491,123,32,65,0,0,0,0,0,0,0,0,-32301,0,0,0,0,0,104867,0
103729,-2382,7908,-2166,354,-2611,-435,-4147,-1,3,-735,-248,36492,126,32,65,0,0,0,0,0,0,0,0,-32301,0,0,0,0,0,104872,0
103734,-2510,7910,-2164,367,-2698,-421,-4147,-6,-2,-740,-248,36492,126,32,65,0,0,0,0,0,0,0,0,-32301,0,0,0,0,0,104877,0
103739,-2548,7820,-2150,367,-2792,-403,-4147,-1,-5,-738,-256,36493,126,32,65,0,0,0,0,0,0,0,0,-32302,0,0,0,0,0,104883,0
103744,-2476,7840,-2086,370,-2961,-366,-4147,-4,-3,-737,-240,36493,126,32,65,0,0,0,0,0,0,0,0,-32301,0,0,0,0,0,104888,0
103749,-2466,7840,-2008,381,-3032,-347,-4147,3,-2,-735,-256,36495,126,32,65,0,0,0,0,0,0,0,0,-32301,0,0,0,0,0,104894,0
103754,-2424,7894,-2030,382,-3106,-328,-4147,-3,0,-740,-248,36495,126,32,65,0,0,0,0,0,0,0,0,-32301,0,0,0,0,0,104900,0
103759,-2450,7894,-1960,385,-3173,-314,-4147,-1,2,-739,-256,36497,122,32,65,0,0,0,0,0,0,0,0,-32302,0,0,0,0,0,104905,0
103764,-2478,7844,-1930,399,-3301,-269,-4147,-2,1,-742,-248,36497,122,32,65,0,0,0,0,0,0,0,0,-32301,0,0,0,0,0,104911,0
103769,-2526,7808,-1908,396,-3368,-250,-4146,0,-2,-738,-256,36496,123,32,65,0,0,0,0,0,0,0,0,-32302,0,0,0,0,0,104916,0
103774,-2562,7786,-1878,401,-3435,-231,-4146,-1,2,-741,-256,36496,123,32,65,0,0,0,0,0,0,0,0,-32301,0,0,0,0,0,104921,0
103779,-2678,7702,-1866,416,-3505,-212,-4145,3,3,-739,-256,36495,125,32,65,0,0,0,0,0,0,0,0,-32301,0,0,0,0,0,104927,0
103784,-2680,7624,-1846,436,-3661,-172,-4148,-3,-5,-738,-256,36495,125,32,65,0,0,0,0,0,0,0,0,-32302,0,0,0,0,0,104932,0
103789,-2678,7548,-1856,451,-3744,-155,-4147,1,0,-739,-240,36493,136,32,65,0,0,0,0,0,0,0,0,-32302,0,0,0,0,0,104938,0
103794,-2644,7494,-1850,462,-3830,-138,-4146,2,2,-741,-248,36493,136,32,65,0,0,0,0,0,0,0,0,-32302,0,0,0,0,0,104943,0
103799,-2672,7452,-1830,486,-3910,-126,-4145,7,4,-739,-256,36493,136,32,65,0,0,0,0,0,0,0,0,-32301,0,0,0,0,0,104949,0
103804,-2566,7468,-1672,510,-4087,-92,-4145,0,1,-740,-256,36493,136,32,65,0,0,0,0,0,0,0,0,-32301,0,0,0,0,0,104954,0
103809,-2480,7524,-1632,536,-4163,-77,-4145,2,-2,-739,-256,36492,133,32,65,0,0,0,0,0,0,0,0,-32302,0,0,0,0,0,104959,0
103814,-2418,7568,-1604,558,-4245,-60,-4146,-2,-2,-743,-248,36492,133,32,65,0,0,0,0,0,0,0,0,-32302,0,0,0,0,0,104965,0
103819,-2432,7570,-1566,574,-4323,-51,-4145,1,-2,-740,-256,36491,131,32,65,0,0,0,0,0,0,0,0,-32302,0,0,0,0,0,104971,0
103824,-2326,7604,-1516,609,-4479,-23,-4145,1,4,-745,-264,36491,131,32,65,0,0,0,0,0,0,0,0,-32301,0,0,0,0,0,104976,0
103829,-2288,7610,-1510,633,-4555,-13,-4145,-2,3,-742,-256,36493,131,32,65,0,0,0,0,0,0,0,0,-32301,0,0,0,0,0,104981,0
103834,-2198,7700,-1476,655,-4632,-1,-4145,-3,1,-737,-256,36493,131,32,65,0,0,0,0,0,0,0,0,-32301,0,0,0,0,0,104987,0
103839,-2170,7710,-1498,673,-4717,10,-4144,4,4,-741,-264,36493,132,32,65,0,0,0,0,0,0,0,0,-32301,0,0,0,0,0,104993,0
103844,-2092,7780,-1522,718,-4877,26,-4146,-4,-1,-744,-248,36493,132,32,65,0,0,0,0,0,0,0,0,-32302,0,0,0,0,0,104998,0
103849,-2000,7808,-1512,740,-4950,38,-4144,0,3,-737,-256,36491,128,32,65,0,0,0,0,0,0,0,0,-32301,0,0,0,0,0,105003,0
103854,-1942,7876,-1534,759,-5029,46,-4146,-1,2,-744,-248,36491,128,32,65,0,0,0,0,0,0,0,0,-32301,0,0,0,0,0,105009,0
103859,-1970,7918,-1544,779,-5099,51,-4145,1,0,-743,-248,36493,128,32,65,0,0,0,0,0,0,0,0,-32301,0,0,0,0,0,105014,0
103864,-1838,7932,-1594,815,-5237,71,-4145,0,0,-742,-248,36493,128,32,65,0,0,0,0,0,0,0,0,-32301,0,0,0,0,0,105020,0
103869,-1874,7940,-1566,829,-5307,72,-4144,3,4,-738,-256,36499,137,32,65,0,0,0,0,0,0,0,0,-32301,0,0,0,0,0,105025,0
103874,-1772,7936,-1582,846,-5366,87,-4146,-2,0,-744,-256,36499,137,32,65,0,0,0,0,0,0,0,0,-32301,0,0,0,0,0,105031,0
103879,-1788,7948,-1562,861,-5429,94,-4144,-4,2,-742,-248,36500,138,32,65,0,0,0,0,0,0,0,0,-32301,0,0,0,0,0,105036,0
103884,-1652,8008,-1550,888,-5545,114,-4145,0,2,-739,-256,36500,138,32,65,0,0,0,0,0,0,0,0,-32302,0,0,0,0,0,105042,0
103889,-1674,8006,-1512,907,-5599,123,-4145,-1,0,-737,-256,36497,131,32,65,0,0,0,0,0,0,0,0,-32301,0,0,0,0,0,105047,0
103894,-1722,7972,-1512,913,-5659,132,-4144,-1,2,-741,-256,36497,131,32,65,0,0,0,0,0,0,0,0,-32301,0,0,0,0,0,105053,0
103899,-1720,7970,-1546,923,-5711,140,-4144,5,4,-742,-256,36489,128,32,65,0,0,0,0,0,0,0,0,-32301,0,0,0,0,0,105058,0
103904,-1724,7858,-1628,948,-5823,166,-4144,6,-1,-745,-256,36489,128,32,65,0,0,0,0,0,0,0,0,-32302,0,0,0,0,0,105064,0
103909,-1740,7804,-1680,960,-5880,176,-4144,-3,1,-741,-248,36487,122,32,65,0,0,0,0,0,0,0,0,-32302,0,0,0,0,0,105069,0
103914,-1746,7788,-1694,970,-5933,190,-4143,0,1,-742,-248,36487,122,32,65,0,0,0,0,0,0,0,0,-32302,0,0,0,0,0,105075,0
103919,-1756,7768,-1682,981,-5988,197,-4143,-5,1,-746,-248,36488,123,32,65,0,0,0,0,0,0,0,0,-32302,0,0,0,0,0,105080,0
103924,-1702,7668,-1650,1005,-6095,225,-4141,7,0,-741,-264,36488,123,32,65,0,0,0,0,0,0,0,0,-32302,0,0,0,0,0,105085,0
103929,-1708,7664,-1614,1015,-6150,237,-4143,-4,-3,-744,-248,36489,126,32,65,0,0,0,0,0,0,0,0,-32301,0,0,0,0,0,105091,0
103934,-1630,7654,-1586,1027,-6202,245,-4141,5,-1,-739,-256,36489,126,32,65,0,0,0,0,0,0,0,0,-32301,0,0,0,0,0,105096,0
103939,-1636,7614,-1544,1041,-6247,260,-4142,-6,-2,-752,-248,36488,131,32,65,0,0,0,0,0,0,0,0,-32302,0,0,0,0,0,105102,0
103944,-1686,7550,-1478,1053,-6340,274,-4141,-4,1,-747,-248,36488,131,32,65,0,0,0,0,0,0,0,0,-32301,0,0,0,0,0,105107,0
103949,-1684,7540,-1426,1066,-6381,288,-4141,-3,-4,-746,-248,36486,136,32,65,0,0,0,0,0,0,0,0,-32302,0,0,0,0,0,105113,0
103954,-1628,7558,-1390,1081,-6428,299,-4141,-3,-6,-746,-256,36486,136,32,65,0,0,0,0,0,0,0,0,-32302,0,0,0,0,0,105118,0
103959,-1584,7562,-1354,1092,-6469,309,-4140,-1,-1,-744,-256,36485,137,32,65,0,0,0,0,0,0,0,0,-32301,0,0,0,0,0,105124,0
103964,-1502,7650,-1274,1111,-6536,331,-4140,2,1,-747,-256,36485,137,32,65,0,0,0,0,0,0,0,0,-32301,0,0,0,0,0,105129,0
103969,-1502,7640,-1252,1127,-6569,337,-4140,4,2,-748,-256,36489,134,32,65,0,0,0,0,0,0,0,0,-32301,0,0,0,0,0,105135,0
103974,-1414,7686,-1210,1135,-6602,347,-4140,-2,0,-742,-248,36489,134,32,65,0,0,0,0,0,0,0,0,-32302,0,0,0,0,0,105140,0
103979,-1342,7676,-1150,1147,-6636,356,-4140,0,4,-741,-248,36493,133,32,65,0,0,0,0,0,0,0,0,-32301,0,0,0,0,0,105146,0
103984,-1278,7706,-1100,1162,-6686,369,-4139,3,1,-745,-248,36493,133,32,65,0,0,0,0,0,0,0,0,-32301,0,0,0,0,0,105151,0
103989,-1254,7700,-1068,1171,-6715,374,-4140,0,0,-746,-248,36496,134,32,65,0,0,0,0,0,0,0,0,-32301,0,0,0,0,0,105157,0
103994,-1212,7710,-1026,1177,-6734,380,-4139,1,-2,-745,-256,36496,134,32,65,0,0,0,0,0,0,0,0,-32301,0,0,0,0,0,105162,0
103999,-1118,7734,-1002,1188,-6752,381,-4140,-4,4,-746,-248,36493,131,32,65,0,0,0,0,0,0,0,0,-32301,0,0,0,0,0,105167,0
104004,-1144,7728,-946,1200,-6792,387,-4140,-7,0,-742,-248,36493,131,32,65,0,0,0,0,0,0,0,0,-32302,0,0,0,0,0,105173,0
104009,-1050,7786,-932,1216,-6804,382,-4140,0,3,-740,-248,36491,129,32,65,0,0,0,0,0,0,0,0,-32301,0,0,0,0,0,105178,0
104014,-1000,7804,-934,1214,-6818,382,-4140,-2,0,-743,-256,36491,129,32,65,0,0,0,0,0,0,0,0,-32301,0,0,0,0,0,105184,0
104019,-920,7874,-924,1224,-6825,384,-4139,4,4,-739,-264,36488,127,32,65,0,0,0,0,0,0,0,0,-32302,0,0,0,0,0,105189,0
104024,-784,8006,-868,1237,-6847,382,-4140,0,2,-744,-256,36488,127,32,65,0,0,0,0,0,0,0,0,-32302,0,0,0,0,0,105195,0
104029,-672,8120,-822,1236,-6844,384,-4139,5,5,-747,-264,36490,122,32,65,0,0,0,0,0,0,0,0,-32301,0,0,0,0,0,105200,0
104034,-560,8154,-798,1244,-6843,381,-4139,7,1,-744,-256,36490,122,32,65,0,0,0,0,0,0,0,0,-32302,0,0,0,0,0,105206,0
104039,-516,8192,-770,1246,-6847,379,-4140,0,4,-743,-264,36490,122,32,65,0,0,0,0,0,0,0,0,-32302,0,0,0,0,0,105211,0
104044,-362,8266,-726,1252,-6822,369,-4139,0,-2,-741,-240,36490,122,32,65,0,0,0,0,0,0,0,0,-32301,0,0,0,0,0,105217,0
104049,-292,8306,-690,1253,-6812,368,-4139,-1,-3,-742,-264,36491,126,32,65,0,0,0,0,0,0,0,0,-32301,0,0,0,0,0,105222,0
104054,-282,8312,-678,1251,-6799,364,-4140,6,1,-741,-256,36491,126,32,65,0,0,0,0,0,0,0,0,-32301,0,0,0,0,0,105228,0
104059,-214,8298,-648,1255,-6783,356,-4139,4,-2,-746,-256,36492,133,32,65,0,0,0,0,0,0,0,0,-32301,0,0,0,0,0,105233,0
104064,-154,8298,-546,1254,-6744,345,-4140,-3,1,-744,-248,36492,133,32,65,0,0,0,0,0,0,0,0,-32301,0,0,0,0,0,105238,0
104069,-56,8290,-536,1249,-6718,339,-4141,-6,3,-745,-248,36495,126,32,65,0,0,0,0,0,0,0,0,-32302,0,0,0,0,0,105244,0
104074,-76,8280,-494,1248,-6688,331,-4139,-3,-3,-743,-248,36495,126,32,65,0,0,0,0,0,0,0,0,-32301,0,0,0,0,0,105249,0
104079,-60,8326,-446,1243,-6663,319,-4139,3,-2,-747,-248,36494,124,32,65,0,0,0,0,0,0,0,0,-32302,0,0,0,0,0,105255,0
104084,82,8336,-386,1238,-6597,305,-4140,-1,2,-744,-248,36494,124,32,65,0,0,0,0,0,0,0,0,-32302,0,0,0,0,0,105260,0
104089,120,8326,-350,1233,-6561,301,-4140,-1,3,-745,-256,36494,131,32,65,0,0,0,0,0,0,0,0,-32301,0,0,0,0,0,105266,0
104094,86,8352,-332,1231,-6527,291,-4139,0,1,-744,-248,36494,131,32,65,0,0,0,0,0,0,0,0,-32302,0,0,0,0,0,105271,0
104099,128,8392,-298,1224,-6487,288,-4140,2,4,-743,-256,36491,135,32,65,0,0,0,0,0,0,0,0,-32301,0,0,0,0,0,105277,0
104104,88,8448,-254,1215,-6418,274,-4139,0,1,-745,-264,36491,135,32,65,0,0,0,0,0,0,0,0,-32302,0,0,0,0,0,105283,0
104109,54,8442,-226,1214,-6384,273,-4140,-4,1,-744,-256,36489,132,32,65,0,0,0,0,0,0,0,0,-32301,0,0,0,0,0,105288,0
104114,68,8392,-224,1220,-6348,268,-4139,0,2,-742,-256,36489,132,32,65,0,0,0,0,0,0,0,0,-32302,0,0,0,0,0,105293,0
104119,44,8346,-208,1213,-6312,261,-4140,2,0,-744,-256,36490,131,32,65,0,0,0,0,0,0,0,0,-32301,0,0,0,0,0,105299,0
104124,-122,8254,-142,1216,-6249,253,-4140,-7,1,-747,-248,36490,131,32,65,0,0,0,0,0,0,0,0,-32302,0,0,0,0,0,105304,0
104129,-106,8216,-178,1220,-6213,248,-4138,8,-1,-741,-256,36491,135,32,65,0,0,0,0,0,0,0,0,-32302,0,0,0,0,0,105310,0
104134,-112,8168,-184,1222,-6183,244,-4139,-1,-2,-753,-248,36491,135,32,65,0,0,0,0,0,0,0,0,-32302,0,0,0,0,0,105315,0
104139,-116,8156,-160,1221,-6164,243,-4139,0,-2,-741,-264,36493,140,32,65,0,0,0,0,0,0,0,0,-32301,0,0,0,0,0,105321,0
104144,-264,8104,-150,1225,-6102,238,-4138,7,0,-744,-256,36493,140,32,65,0,0,0,0,0,0,0,0,-32301,0,0,0,0,0,105326,0
104149,-300,8106,-144,1225,-6082,233,-4140,-1,-1,-744,-264,36491,139,32,65,0,0,0,0,0,0,0,0,-32301,0,0,0,0,0,105332,0
104154,-292,8100,-154,1228,-6054,235,-4140,-5,-3,-740,-248,36491,139,32,65,0,0,0,0,0,0,0,0,-32302,0,0,0,0,0,105337,0
104159,-328,8060,-194,1232,-6031,237,-4140,-1,0,-744,-248,36491,132,32,65,0,0,0,0,0,0,0,0,-32302,0,0,0,0,0,105342,0
104164,-398,8092,-154,1230,-5980,235,-4139,-1,2,-746,-248,36491,132,32,65,0,0,0,0,0,0,0,0,-32302,0,0,0,0,0,105348,0
104169,-328,8126,-168,1222,-5958,240,-4139,-2,-1,-747,-256,36495,131,32,65,0,0,0,0,0,0,0,0,-32302,0,0,0,0,0,105354,0
104174,-308,8104,-192,1225,-5933,238,-4141,-6,1,-748,-256,36495,131,32,65,0,0,0,0,0,0,0,0,-32301,0,0,0,0,0,105359,0
104179,-368,8156,-188,1231,-5912,241,-4141,-9,-1,-746,-240,36493,138,32,65,0,0,0,0,0,0,0,0,-32301,0,0,0,0,0,105365,0
104184,-404,8156,-166,1225,-5867,241,-4139,0,1,-747,-248,36493,138,32,65,0,0,0,0,0,0,0,0,-32302,0,0,0,0,0,105370,0
104189,-394,8182,-204,1221,-5833,246,-4139,1,4,-746,-256,36491,133,32,65,0,0,0,0,0,0,0,0,-32302,0,0,0,0,0,105376,0
104194,-424,8174,-172,1224,-5814,248,-4139,0,4,-741,-256,36491,133,32,65,0,0,0,0,0,0,0,0,-32302,0,0,0,0,0,105381,0
104199,-416,8206,-134,1210,-5790,250,-4139,0,0,-741,-264,36499,136,32,65,0,0,0,0,0,0,0,0,-32302,0,0,0,0,0,105387,0
104204,-422,8160,-146,1209,-5752,265,-4137,6,3,-743,-272,36499,136,32,65,0,0,0,0,0,0,0,0,-32302,0,0,0,0,0,105393,0
104209,-478,8128,-162,1211,-5728,268,-4139,4,2,-739,-256,36507,129,32,65,0,0,0,0,0,0,0,0,-32302,0,0,0,0,0,105398,0
104214,-466,8088,-184,1207,-5713,272,-4138,5,0,-742,-264,36507,129,32,65,0,0,0,0,0,0,0,0,-32301,0,0,0,0,0,105403,0
104219,-542,8116,-198,1203,-5698,275,-4139,6,-2,-743,-256,36512,123,32,65,0,0,0,0,0,0,0,0,-32302,0,0,0,0,0,105409,0
104224,-584,8050,-212,1206,-5672,285,-4139,4,3,-742,-264,36512,123,32,65,0,0,0,0,0,0,0,0,-32302,0,0,0,0,0,105414,0
104229,-570,8096,-206,1204,-5671,294,-4140,-2,0,-743,-240,36502,122,32,65,0,0,0,0,0,0,0,0,-32302,0,0,0,0,0,105420,0
104234,-636,8154,-188,1204,-5667,297,-4140,0,-2,-741,-240,36502,122,32,65,0,0,0,0,0,0,0,0,-32302,0,0,0,0,0,105425,0
104239,-540,8144,-224,1201,-5672,307,-4138,-2,-2,-748,-256,36494,124,32,65,0,0,0,0,0,0,0,0,-32301,0,0,0,0,0,105431,0
104244,-626,8144,-176,1197,-5682,321,-4139,0,0,-746,-248,36494,124,32,65,0,0,0,0,0,0,0,0,-32302,0,0,0,0,0,105436,0
104249,-572,8182,-144,1195,-5681,328,-4140,-5,1,-744,-248,36491,129,32,65,0,0,0,0,0,0,0,0,-32302,0,0,0,0,0,105442,0
104254,-688,8158,-252,1201,-5691,334,-4140,-5,-2,-741,-240,36491,129,32,65,0,0,0,0,0,0,0,0,-32301,0,0,0,0,0,105447,0
104259,-598,8154,-234,1199,-5702,341,-4140,-1,-3,-745,-256,36492,130,32,65,0,0,0,0,0,0,0,0,-32302,0,0,0,0,0,105453,0
104264,-688,8182,-272,1196,-5718,355,-4139,1,5,-749,-256,36492,130,32,65,0,0,0,0,0,0,0,0,-32302,0,0,0,0,0,105458,0
104269,-566,8192,-230,1189,-5728,358,-4138,9,1,-750,-264,36492,127,32,65,0,0,0,0,0,0,0,0,-32302,0,0,0,0,0,105464,0
104274,-558,8182,-246,1191,-5738,362,-4139,0,3,-746,-256,36492,127,32,65,0,0,0,0,0,0,0,0,-32302,0,0,0,0,0,105469,0
104279,-636,8234,-262,1194,-5742,367,-4139,3,0,-739,-256,36492,136,32,65,0,0,0,0,0,0,0,0,-32301,0,0,0,0,0,105475,0
104284,-660,8192,-360,1194,-5759,373,-4139,0,-2,-744,-248,36492,136,32,65,0,0,0,0,0,0,0,0,-32301,0,0,0,0,0,105480,0
104289,-662,8124,-506,1187,-5762,389,-4139,2,0,-743,-256,36493,141,32,65,0,0,0,0,0,0,0,0,-32301,0,0,0,0,0,105485,0
104294,-710,8146,-544,1193,-5774,386,-4138,5,-2,-747,-256,36493,141,32,65,0,0,0,0,0,0,0,0,-32302,0,0,0,0,0,105491,0
104299,-696,8160,-526,1190,-5789,390,-4140,0,0,-743,-256,36492,135,32,65,0,0,0,0,0,0,0,0,-32301,0,0,0,0,0,105496,0
104304,-794,8088,-584,1190,-5813,402,-4140,-6,-4,-744,-256,36492,135,32,65,0,0,0,0,0,0,0,0,-32301,0,0,0,0,0,105502,0
104309,-826,8100,-584,1195,-5829,410,-4139,8,-1,-740,-256,36492,133,32,65,0,0,0,0,0,0,0,0,-32302,0,0,0,0,0,105507,0
104314,-782,8060,-614,1203,-5858,412,-4138,4,-2,-746,-256,36492,133,32,65,0,0,0,0,0,0,0,0,-32301,0,0,0,0,0,105513,0
104319,-758,8052,-712,1208,-5874,422,-4139,0,1,-744,-264,36492,135,32,65,0,0,0,0,0,0,0,0,-32301,0,0,0,0,0,105518,0
104324,-848,8022,-702,1211,-5913,439,-4140,0,0,-743,-256,36492,135,32,65,0,0,0,0,0,0,0,0,-32302,0,0,0,0,0,105524,0
104329,-858,8000,-730,1226,-5939,432,-4139,3,1,-744,-256,36492,125,32,65,0,0,0,0,0,0,0,0,-32301,0,0,0,0,0,105529,0
104334,-894,7954,-746,1231,-5969,441,-4140,-5,-3,-745,-248,36492,125,32,65,0,0,0,0,0,0,0,0,-32302,0,0,0,0,0,105535,0
104339,-870,8008,-734,1234,-5992,448,-4138,-1,1,-745,-256,36491,125,32,65,0,0,0,0,0,0,0,0,-32301,0,0,0,0,0,105540,0
104344,-906,7990,-762,1242,-6046,454,-4139,-1,-2,-745,-256,36491,125,32,65,0,0,0,0,0,0,0,0,-32301,0,0,0,0,0,105546,0
104349,-932,7976,-822,1255,-6074,463,-4139,-4,2,-750,-256,36491,129,32,65,0,0,0,0,0,0,0,0,-32301,0,0,0,0,0,105551,0
104354,-944,8072,-724,1247,-6102,467,-4140,4,-2,-746,-256,36491,129,32,65,0,0,0,0,0,0,0,0,-32301,0,0,0,0,0,105557,0
104359,-880,8036,-750,1264,-6122,471,-4139,3,2,-746,-248,36490,133,32,65,0,0,0,0,0,0,0,0,-32301,0,0,0,0,0,105562,0
104364,-876,7886,-950,1275,-6174,477,-4139,1,1,-745,-256,36490,133,32,65,0,0,0,0,0,0,0,0,-32301,0,0,0,0,0,105567,0
104369,-940,8034,-744,1268,-6195,486,-4138,2,3,-744,-248,36493,123,32,65,0,0,0,0,0,0,0,0,-32302,0,0,0,0,0,105573,0
104374,-786,8210,-680,1287,-6214,483,-4140,-3,2,-747,-256,36493,123,32,65,0,0,0,0,0,0,0,0,-32302,0,0,0,0,0,105578,0
104379,-648,8356,-762,1294,-6231,497,-4139,-5,-4,-743,-248,36494,121,32,65,0,0,0,0,0,0,0,0,-32302,0,0,0,0,0,105584,0
104384,-352,8230,-838,1315,-6232,508,-4140,-2,-4,-745,-248,36494,121,32,65,0,0,0,0,0,0,0,0,-32301,0,0,0,0,0,105589,0
104389,-282,8050,-718,1285,-6218,499,-4139,-1,0,-747,-264,36495,124,32,65,0,0,0,0,0,0,0,0,-32302,0,0,0,0,0,105595,0
104394,-384,8366,-492,1290,-6202,497,-4140,0,1,-744,-256,36495,124,32,65,0,0,0,0,0,0,0,0,-32302,0,0,0,0,0,105601,0
104399,-282,8276,-562,1296,-6190,502,-4140,0,-1,-740,-264,36494,131,32,65,0,0,0,0,0,0,0,0,-32302,0,0,0,0,0,105606,0
104404,-214,8156,-602,1290,-6153,493,-4139,4,1,-742,-256,36494,131,32,65,0,0,0,0,0,0,0,0,-32302,0,0,0,0,0,105611,0
104409,-152,8136,-604,1286,-6140,494,-4140,1,2,-743,-264,36488,131,32,65,0,0,0,0,0,0,0,0,-32302,0,0,0,0,0,105617,0
104414,-30,8242,-496,1283,-6104,482,-4139,0,3,-743,-264,36488,131,32,65,0,0,0,0,0,0,0,0,-32302,0,0,0,0,0,105622,0
104419,-88,8226,-516,1287,-6068,476,-4139,0,1,-746,-248,36489,133,32,65,0,0,0,0,0,0,0,0,-32302,0,0,0,0,0,105628,0
104424,-112,8272,-430,1276,-6001,469,-4138,-2,-1,-747,-248,36489,133,32,65,0,0,0,0,0,0,0,0,-32301,0,0,0,0,0,105633,0
104429,-80,8266,-368,1260,-5949,466,-4141,-3,-3,-745,-248,36491,136,32,65,0,0,0,0,0,0,0,0,-32301,0,0,0,0,0,105639,0
104434,-56,8322,-412,1265,-5905,464,-4139,0,-2,-744,-256,36491,136,32,65,0,0,0,0,0,0,0,0,-32301,0,0,0,0,0,105644,0
104439,-34,8180,-366,1254,-5861,454,-4140,-4,0,-745,-256,36494,133,32,65,0,0,0,0,0,0,0,0,-32302,0,0,0,0,0,105649,0
104444,2,8238,-406,1243,-5758,443,-4140,-5,4,-745,-256,36494,133,32,65,0,0,0,0,0,0,0,0,-32302,0,0,0,0,0,105655,0
104449,-50,8166,-388,1236,-5714,431,-4139,-8,-3,-749,-248,36494,135,32,65,0,0,0,0,0,0,0,0,-32302,0,0,0,0,0,105660,0
104454,2,8236,-336,1230,-5655,428,-4139,0,-2,-743,-256,36494,135,32,65,0,0,0,0,0,0,0,0,-32302,0,0,0,0,0,105666,0
104459,4,8194,-376,1230,-5603,419,-4139,1,2,-746,-264,36496,126,32,65,0,0,0,0,0,0,0,0,-32301,0,0,0,0,0,105671,0
104464,44,8196,-316,1215,-5493,406,-4140,3,-2,-745,-248,36496,126,32,65,0,0,0,0,0,0,0,0,-32301,0,0,0,0,0,105677,0
104469,70,8310,-262,1207,-5433,391,-4139,-2,0,-747,-248,36498,125,32,65,0,0,0,0,0,0,0,0,-32301,0,0,0,0,0,105683,0
104474,20,8278,-276,1209,-5373,390,-4139,6,5,-742,-256,36498,125,32,65,0,0,0,0,0,0,0,0,-32301,0,0,0,0,0,105688,0
104479,-20,8284,-268,1201,-5315,385,-4139,-3,-1,-744,-248,36502,129,32,65,0,0,0,0,0,0,0,0,-32301,0,0,0,0,0,105693,0
104484,-150,8280,-256,1179,-5184,372,-4140,-6,-2,-740,-248,36502,129,32,65,0,0,0,0,0,0,0,0,-32302,0,0,0,0,0,105699,0
104489,-212,8304,-198,1168,-5119,371,-4140,3,-3,-742,-256,36499,133,32,65,0,0,0,0,0,0,0,0,-32301,0,0,0,0,0,105704,0
104494,-166,8220,-372,1173,-5054,375,-4140,-6,-3,-749,-248,36499,133,32,65,0,0,0,0,0,0,0,0,-32302,0,0,0,0,0,105710,0
104499,-228,8156,-292,1159,-4988,367,-4139,0,1,-741,-256,36499,131,32,65,0,0,0,0,0,0,0,0,-32301,0,0,0,0,0,105716,0
104504,-206,8260,-140,1127,-4830,368,-4140,-6,-2,-743,-256,36499,131,32,65,0,0,0,0,0,0,0,0,-32301,0,0,0,0,0,105722,0
104509,-242,8230,-140,1124,-4749,362,-4139,0,0,-746,-248,36492,126,32,65,0,0,0,0,0,0,0,0,-32302,0,0,0,0,0,105727,0
104514,-300,8182,-162,1108,-4662,365,-4138,6,-2,-749,-264,36492,126,32,65,0,0,0,0,0,0,0,0,-32301,0,0,0,0,0,105732,0
104519,-292,8230,-136,1092,-4578,364,-4140,0,-4,-743,-248,36493,121,32,65,0,0,0,0,0,0,0,0,-32301,0,0,0,0,0,105738,0
104524,-206,8236,-178,1057,-4401,365,-4140,-3,3,-744,-256,36493,121,32,65,0,0,0,0,0,0,0,0,-32301,0,0,0,0,0,105744,0
104529,-200,8240,-230,1037,-4302,365,-4139,7,1,-740,-256,36491,120,32,65,0,0,0,0,0,0,0,0,-32301,0,0,0,0,0,105749,0
104534,-296,8256,-188,1016,-4212,364,-4140,-3,-2,-749,-256,36491,120,32,65,0,0,0,0,0,0,0,0,-32301,0,0,0,0,0,105755,0
104539,-312,8254,-202,996,-4114,361,-4139,3,5,-740,-256,36490,125,32,65,0,0,0,0,0,0,0,0,-32301,0,0,0,0,0,105760,0
104544,-322,8248,-216,952,-3924,361,-4140,-4,-5,-748,-256,36490,125,32,65,0,0,0,0,0,0,0,0,-32302,0,0,0,0,0,105765,0
104549,-416,8242,-188,932,-3825,359,-4138,5,3,-738,-256,36490,125,32,65,0,0,0,0,0,0,0,0,-32301,0,0,0,0,0,105771,0
104554,-326,8282,-312,910,-3735,367,-4140,-8,-6,-746,-248,36490,125,32,65,0,0,0,0,0,0,0,0,-32301,0,0,0,0,0,105776,0
104559,-424,8226,-338,897,-3649,361,-4140,0,-2,-739,-248,36492,123,32,65,0,0,0,0,0,0,0,0,-32301,0,0,0,0,0,105782,0
104564,-420,8310,-262,850,-3484,363,-4140,-5,-6,-749,-248,36492,123,32,65,0,0,0,0,0,0,0,0,-32301,0,0,0,0,0,105787,0
104569,-460,8324,-376,831,-3401,356,-4139,0,4,-749,-248,36493,124,32,65,0,0,0,0,0,0,0,0,-32301,0,0,0,0,0,105793,0
104574,-356,8256,-480,813,-3323,357,-4140,-1,-6,-745,-248,36493,124,32,65,0,0,0,0,0,0,0,0,-32301,0,0,0,0,0,105798,0
104579,-388,8220,-498,785,-3251,354,-4140,-2,1,-744,-240,36496,124,32,65,0,0,0,0,0,0,0,0,-32301,0,0,0,0,0,105804,0
104584,-398,8312,-638,749,-3106,349,-4141,-3,-4,-743,-248,36496,124,32,65,0,0,0,0,0,0,0,0,-32302,0,0,0,0,0,105810,0
104589,-414,8246,-666,728,-3048,343,-4139,3,-1,-745,-248,36495,129,32,65,0,0,0,0,0,0,0,0,-32302,0,0,0,0,0,105815,0
104594,-454,8286,-736,712,-2991,338,-4140,-4,-3,-744,-256,36495,129,32,65,0,0,0,0,0,0,0,0,-32301,0,0,0,0,0,105820,0
104599,-490,8234,-768,683,-2936,334,-4140,0,-4,-737,-256,36493,132,32,65,0,0,0,0,0,0,0,0,-32301,0,0,0,0,0,105826,0
104604,-536,8216,-914,652,-2841,321,-4140,3,-3,-744,-256,36493,132,32,65,0,0,0,0,0,0,0,0,-32302,0,0,0,0,0,105831,0
104609,-532,8274,-962,625,-2809,312,-4139,3,0,-747,-264,36489,134,32,65,0,0,0,0,0,0,0,0,-32302,0,0,0,0,0,105837,0
104614,-586,8232,-1026,618,-2772,314,-4140,-5,-1,-746,-256,36489,134,32,65,0,0,0,0,0,0,0,0,-32301,0,0,0,0,0,105842,0
104619,-534,8184,-1044,595,-2747,301,-4140,-1,0,-746,-248,36490,139,32,65,0,0,0,0,0,0,0,0,-32302,0,0,0,0,0,105848,0
104624,-596,8166,-1172,559,-2698,288,-4139,-3,1,-750,-256,36490,139,32,65,0,0,0,0,0,0,0,0,-32302,0,0,0,0,0,105853,0
104629,-630,8158,-1194,547,-2667,279,-4139,1,-1,-744,-264,36491,139,32,65,0,0,0,0,0,0,0,0,-32301,0,0,0,0,0,105859,0
104634,-544,8144,-1286,529,-2650,276,-4141,-5,-2,-747,-248,36491,139,32,65,0,0,0,0,0,0,0,0,-32301,0,0,0,0,0,105864,0
104639,-520,8268,-1212,502,-2623,258,-4140,-2,0,-747,-256,36491,139,32,65,0,0,0,0,0,0,0,0,-32301,0,0,0,0,0,105870,0
104644,-510,8248,-1242,467,-2579,245,-4139,1,3,-746,-248,36491,139,32,65,0,0,0,0,0,0,0,0,-32301,0,0,0,0,0,105875,0
104649,-482,8266,-1188,443,-2556,239,-4140,-1,1,-744,-264,36491,139,32,65,0,0,0,0,0,0,0,0,-32301,0,0,0,0,0,105881,0
104654,-436,8272,-1220,436,-2533,225,-4139,-1,2,-745,-256,36491,139,32,65,0,0,0,0,0,0,0,0,-32301,0,0,0,0,0,105886,0
104659,-480,8306,-1196,412,-2513,216,-4140,-5,2,-748,-248,36490,134,32,65,0,0,0,0,0,0,0,0,-32301,0,0,0,0,0,105892,0
104664,-442,8296,-1222,374,-2471,199,-4139,3,-1,-742,-256,36490,134,32,65,0,0,0,0,0,0,0,0,-32302,0,0,0,0,0,105897,0
104669,-380,8252,-1254,354,-2446,191,-4140,-1,2,-745,-256,36491,132,32,65,0,0,0,0,0,0,0,0,-32301,0,0,0,0,0,105903,0
104674,-476,8230,-1214,333,-2432,176,-4139,1,3,-741,-256,36491,132,32,65,0,0,0,0,0,0,0,0,-32301,0,0,0,0,0,105908,0
104679,-486,8228,-1162,320,-2399,169,-4140,1,3,-746,-256,36492,133,32,65,0,0,0,0,0,0,0,0,-32302,0,0,0,0,0,105913,0
104684,-492,8308,-1088,279,-2355,146,-4140,0,1,-741,-256,36492,133,32,65,0,0,0,0,0,0,0,0,-32302,0,0,0,0,0,105919,0
104689,-468,8294,-1096,263,-2330,136,-4140,-3,2,-742,-248,36498,128,32,65,0,0,0,0,0,0,0,0,-32301,0,0,0,0,0,105924,0
104694,-420,8274,-1142,244,-2303,126,-4140,0,0,-745,-248,36498,128,32,65,0,0,0,0,0,0,0,0,-32301,0,0,0,0,0,105930,0
104699,-466,8328,-1004,225,-2278,111,-4139,3,3,-746,-264,36498,125,32,65,0,0,0,0,0,0,0,0,-32302,0,0,0,0,0,105935,0
104704,-354,8356,-954,192,-2222,93,-4140,-2,-2,-742,-264,36498,125,32,65,0,0,0,0,0,0,0,0,-32301,0,0,0,0,0,105941,0
104709,-334,8306,-1032,180,-2199,81,-4140,3,0,-740,-256,36495,124,32,65,0,0,0,0,0,0,0,0,-32301,0,0,0,0,0,105946,0
104714,-332,8282,-1016,165,-2169,65,-4140,4,2,-740,-256,36495,124,32,65,0,0,0,0,0,0,0,0,-32302,0,0,0,0,0,105952,0
104719,-368,8274,-974,149,-2138,54,-4141,0,-1,-743,-248,36488,124,32,65,0,0,0,0,0,0,0,0,-32301,0,0,0,0,0,105957,0
104724,-404,8204,-898,119,-2082,38,-4142,-5,1,-740,-248,36488,124,32,65,0,0,0,0,0,0,0,0,-32301,0,0,0,0,0,105963,0
104729,-474,8236,-806,113,-2058,27,-4142,-1,-5,-740,-248,36490,118,32,65,0,0,0,0,0,0,0,0,-32302,0,0,0,0,0,105968,0
104734,-538,8168,-710,96,-2032,18,-4141,-3,-1,-744,-248,36490,118,32,65,0,0,0,0,0,0,0,0,-32302,0,0,0,0,0,105974,0
104739,-566,8120,-692,86,-2008,5,-4142,-3,1,-742,-256,36490,124,32,65,0,0,0,0,0,0,0,0,-32301,0,0,0,0,0,105979,0
104744,-492,8126,-532,78,-1949,-9,-4141,-2,-4,-743,-248,36490,124,32,65,0,0,0,0,0,0,0,0,-32302,0,0,0,0,0,105985,0
104749,-490,8086,-480,74,-1915,-23,-4142,-3,-4,-740,-256,36489,131,32,65,0,0,0,0,0,0,0,0,-32302,0,0,0,0,0,105990,0
104754,-512,8098,-404,69,-1886,-28,-4140,1,2,-738,-256,36489,131,32,65,0,0,0,0,0,0,0,0,-32301,0,0,0,0,0,105995,0
104759,-516,8106,-266,63,-1838,-42,-4141,0,-2,-743,-264,36489,139,32,65,0,0,0,0,0,0,0,0,-32302,0,0,0,0,0,106001,0
104764,-442,8072,-272,58,-1755,-57,-4142,-1,-3,-739,-256,36489,139,32,65,0,0,0,0,0,0,0,0,-32302,0,0,0,0,0,106007,0
104769,-496,8182,-48,49,-1711,-63,-4143,-3,-1,-738,-240,36487,131,32,65,0,0,0,0,0,0,0,0,-32301,0,0,0,0,0,106012,0
104774,-500,8192,50,57,-1666,-71,-4143,-3,-1,-742,-256,36487,131,32,65,0,0,0,0,0,0,0,0,-32301,0,0,0,0,0,106018,0
104779,-486,8188,142,54,-1622,-81,-4143,4,-4,-737,-248,36487,133,32,65,0,0,0,0,0,0,0,0,-32301,0,0,0,0,0,106023,0
104784,-326,8264,282,60,-1519,-95,-4143,-3,1,-743,-248,36487,133,32,65,0,0,0,0,0,0,0,0,-32302,0,0,0,0,0,106029,0
104789,-418,8170,310,63,-1468,-107,-4143,0,4,-737,-248,36489,130,32,65,0,0,0,0,0,0,0,0,-32301,0,0,0,0,0,106034,0
104794,-322,8180,298,66,-1415,-115,-4143,7,3,-738,-264,36489,130,32,65,0,0,0,0,0,0,0,0,-32301,0,0,0,0,0,106040,0
104799,-342,8178,334,78,-1363,-133,-4144,1,1,-738,-264,36492,133,32,65,0,0,0,0,0,0,0,0,-32301,0,0,0,0,0,106045,0
104804,-396,8152,364,91,-1260,-147,-4145,-7,4,-737,-248,36492,133,32,65,0,0,0,0,0,0,0,0,-32302,0,0,0,0,0,106050,0
104809,-428,8162,412,102,-1202,-160,-4145,-3,3,-736,-248,36492,128,32,65,0,0,0,0,0,0,0,0,-32301,0,0,0,0,0,106056,0
104814,-470,8186,532,109,-1152,-164,-4145,0,-6,-735,-248,36492,128,32,65,0,0,0,0,0,0,0,0,-32302,0,0,0,0,0,106061,0
104819,-490,8156,568,115,-1103,-171,-4145,-1,1,-740,-248,36492,130,32,65,0,0,0,0,0,0,0,0,-32302,0,0,0,0,0,106067,0
104824,-544,8122,556,134,-1006,-182,-4145,-7,-1,-742,-248,36492,130,32,65,0,0,0,0,0,0,0,0,-32302,0,0,0,0,0,106072,0
104829,-558,8116,576,152,-954,-187,-4145,1,1,-736,-248,36488,128,32,65,0,0,0,0,0,0,0,0,-32302,0,0,0,0,0,106078,0
104834,-652,8094,566,159,-905,-194,-4147,-2,-3,-738,-256,36488,128,32,65,0,0,0,0,0,0,0,0,-32301,0,0,0,0,0,106084,0
104839,-736,8054,542,168,-868,-195,-4145,-3,3,-737,-248,36489,133,32,65,0,0,0,0,0,0,0,0,-32301,0,0,0,0,0,106089,0
104844,-888,8040,596,204,-787,-193,-4146,-7,2,-738,-248,36489,133,32,65,0,0,0,0,0,0,0,0,-32302,0,0,0,0,0,106094,0
104849,-908,8042,572,217,-749,-198,-4146,0,0,-736,-256,36487,129,32,65,0,0,0,0,0,0,0,0,-32301,0,0,0,0,0,106100,0
104854,-964,7978,500,237,-711,-197,-4146,1,-4,-737,-256,36487,129,32,65,0,0,0,0,0,0,0,0,-32302,0,0,0,0,0,106105,0
104859,-1014,7926,454,254,-680,-190,-4146,2,1,-738,-248,36489,131,32,65,0,0,0,0,0,0,0,0,-32302,0,0,0,0,0,106111,0
104864,-1150,7910,372,282,-624,-181,-4146,2,5,-742,-256,36489,131,32,65,0,0,0,0,0,0,0,0,-32302,0,0,0,0,0,106116,0
104869,-1206,7918,278,299,-606,-178,-4146,-2,4,-737,-256,36489,133,32,65,0,0,0,0,0,0,0,0,-32301,0,0,0,0,0,106122,0
104874,-1230,7984,234,310,-584,-173,-4146,1,0,-737,-248,36489,133,32,65,0,0,0,0,0,0,0,0,-32302,0,0,0,0,0,106127,0
104879,-1220,7966,200,322,-562,-170,-4146,1,-1,-740,-256,36490,131,32,65,0,0,0,0,0,0,0,0,-32302,0,0,0,0,0,106133,0
104884,-1332,7878,54,346,-545,-153,-4148,1,-4,-734,-256,36490,131,32,65,0,0,0,0,0,0,0,0,-32301,0,0,0,0,0,106138,0
104889,-1390,7936,-48,365,-533,-146,-4147,-4,-2,-738,-248,36490,132,32,65,0,0,0,0,0,0,0,0,-32302,0,0,0,0,0,106144,0
104894,-1338,7994,-122,375,-528,-141,-4147,-1,3,-739,-240,36490,132,32,65,0,0,0,0,0,0,0,0,-32301,0,0,0,0,0,106149,0
104899,-1374,7926,-176,391,-530,-135,-4147,0,-3,-740,-248,36493,137,32,65,0,0,0,0,0,0,0,0,-32301,0,0,0,0,0,106155,0
104904,-1366,7960,-284,401,-525,-118,-4147,2,1,-736,-256,36493,137,32,65,0,0,0,0,0,0,0,0,-32301,0,0,0,0,0,106160,0
104909,-1346,7956,-366,413,-525,-114,-4147,0,0,-736,-248,36492,141,32,65,0,0,0,0,0,0,0,0,-32302,0,0,0,0,0,106166,0
104914,-1400,7990,-362,422,-527,-107,-4148,-2,-2,-737,-248,36492,141,32,65,0,0,0,0,0,0,0,0,-32301,0,0,0,0,0,106171,0
104919,-1384,8032,-422,420,-524,-102,-4146,4,3,-737,-248,36495,136,32,65,0,0,0,0,0,0,0,0,-32302,0,0,0,0,0,106177,0
104924,-1378,8000,-530,429,-521,-96,-4147,-6,0,-736,-248,36495,136,32,65,0,0,0,0,0,0,0,0,-32301,0,0,0,0,0,106182,0
104929,-1378,7994,-560,428,-514,-84,-4147,-2,-1,-736,-240,36494,132,32,65,0,0,0,0,0,0,0,0,-32301,0,0,0,0,0,106187,0
104934,-1330,7970,-622,423,-510,-80,-4146,-3,-5,-739,-248,36494,132,32,65,0,0,0,0,0,0,0,0,-32301,0,0,0,0,0,106193,0
104939,-1338,8050,-614,424,-502,-79,-4147,0,0,-737,-256,36493,125,32,65,0,0,0,0,0,0,0,0,-32301,0,0,0,0,0,106199,0
104944,-1272,8080,-618,412,-472,-69,-4147,0,-4,-735,-248,36493,125,32,65,0,0,0,0,0,0,0,0,-32302,0,0,0,0,0,106204,0
104949,-1218,8098,-604,407,-452,-68,-4147,0,2,-734,-256,36491,129,32,65,0,0,0,0,0,0,0,0,-32301,0,0,0,0,0,106209,0
104954,-1182,8066,-660,397,-429,-64,-4147,-3,0,-739,-248,36491,129,32,65,0,0,0,0,0,0,0,0,-32301,0,0,0,0,0,106215,0
104959,-1142,8064,-662,394,-403,-61,-4147,-9,-1,-741,-248,36490,132,32,65,0,0,0,0,0,0,0,0,-32302,0,0,0,0,0,106220,0
104964,-1150,8028,-696,369,-349,-59,-4148,0,1,-733,-240,36490,132,32,65,0,0,0,0,0,0,0,0,-32302,0,0,0,0,0,106226,0
104969,-1146,8076,-734,352,-318,-60,-4147,-3,-2,-741,-248,36490,131,32,65,0,0,0,0,0,0,0,0,-32302,0,0,0,0,0,106231,0
104974,-1148,8122,-808,345,-288,-55,-4147,-2,0,-737,-248,36490,131,32,65,0,0,0,0,0,0,0,0,-32301,0,0,0,0,0,106237,0
104979,-1152,8092,-832,325,-265,-58,-4148,0,6,-737,-240,36490,132,32,65,0,0,0,0,0,0,0,0,-32302,0,0,0,0,0,106242,0
104984,-1094,8092,-850,293,-203,-58,-4147,3,2,-737,-248,36490,132,32,65,0,0,0,0,0,0,0,0,-32301,0,0,0,0,0,106248,0
104989,-1096,8162,-870,278,-184,-61,-4147,-3,0,-740,-240,36489,134,32,65,0,0,0,0,0,0,0,0,-32301,0,0,0,0,0,106253,0
104994,-1036,8238,-1014,265,-150,-63,-4147,-7,4,-739,-256,36489,134,32,65,0,0,0,0,0,0,0,0,-32302,0,0,0,0,0,106259,0
104999,-1066,8156,-910,250,-133,-62,-4146,0,-1,-732,-256,36490,127,32,65,0,0,0,0,0,0,0,0,-32301,0,0,0,0,0,106264,0
105004,-1104,8136,-1006,218,-102,-67,-4147,-4,-6,-737,-256,36490,127,32,65,0,0,0,0,0,0,0,0,-32302,0,0,0,0,0,106269,0
105009,-1118,8102,-1040,209,-90,-70,-4148,1,2,-735,-256,36492,126,32,65,0,0,0,0,0,0,0,0,-32302,0,0,0,0,0,106275,0
105014,-1120,8116,-1018,199,-81,-73,-4147,-3,-4,-736,-264,36492,126,32,65,0,0,0,0,0,0,0,0,-32301,0,0,0,0,0,106280,0
105019,-1122,8094,-1004,190,-72,-74,-4147,-6,4,-741,-248,36494,132,32,65,0,0,0,0,0,0,0,0,-32301,0,0,0,0,0,106286,0
105024,-1088,8084,-1032,168,-68,-88,-4147,7,1,-734,-256,36494,132,32,65,0,0,0,0,0,0,0,0,-32301,0,0,0,0,0,106292,0
105029,-1092,8118,-1028,158,-65,-87,-4146,0,1,-742,-256,36494,131,32,65,0,0,0,0,0,0,0,0,-32302,0,0,0,0,0,106297,0
105034,-1088,8140,-1008,149,-69,-101,-4148,1,0,-734,-256,36494,131,32,65,0,0,0,0,0,0,0,0,-32302,0,0,0,0,0,106302,0
105039,-1040,8190,-1054,149,-75,-104,-4148,-4,3,-734,-256,36488,130,32,65,0,0,0,0,0,0,0,0,-32301,0,0,0,0,0,106308,0
105044,-930,8238,-976,138,-87,-124,-4148,0,-2,-736,-248,36488,130,32,65,0,0,0,0,0,0,0,0,-32301,0,0,0,0,0,106313,0
105049,-926,8260,-1056,130,-99,-134,-4147,5,0,-741,-256,36489,128,32,65,0,0,0,0,0,0,0,0,-32302,0,0,0,0,0,106319,0
105054,-1040,8194,-1040,132,-120,-136,-4147,6,6,-736,-256,36489,128,32,65,0,0,0,0,0,0,0,0,-32301,0,0,0,0,0,106324,0
105059,-1114,8268,-1144,120,-125,-139,-4147,5,0,-730,-256,36489,127,32,65,0,0,0,0,0,0,0,0,-32301,0,0,0,0,0,106330,0
105064,-1166,8110,-1132,123,-169,-153,-4147,0,-1,-735,-248,36489,127,32,65,0,0,0,0,0,0,0,0,-32301,0,0,0,0,0,106335,0
105069,-1252,8062,-1098,131,-201,-163,-4147,0,-2,-734,-256,36490,127,32,65,0,0,0,0,0,0,0,0,-32302,0,0,0,0,0,106340,0
105074,-1324,8056,-1144,126,-234,-167,-4148,0,-2,-734,-248,36490,127,32,65,0,0,0,0,0,0,0,0,-32302,0,0,0,0,0,106346,0
105079,-1468,7950,-1158,132,-270,-170,-4148,-3,-4,-739,-248,36489,123,32,65,0,0,0,0,0,0,0,0,-32302,0,0,0,0,0,106351,0
105084,-1568,8062,-1238,148,-360,-174,-4147,1,-2,-737,-248,36489,123,32,65,0,0,0,0,0,0,0,0,-32301,0,0,0,0,0,106357,0
105089,-1498,7852,-1202,155,-413,-177,-4148,0,3,-738,-264,36490,128,32,65,0,0,0,0,0,0,0,0,-32302,0,0,0,0,0,106362,0
105094,-1564,7926,-1200,163,-472,-178,-4148,-5,3,-739,-240,36490,128,32,65,0,0,0,0,0,0,0,0,-32302,0,0,0,0,0,106368,0
105099,-1610,7970,-1160,175,-526,-178,-4147,2,-1,-739,-248,36490,134,32,65,0,0,0,0,0,0,0,0,-32301,0,0,0,0,0,106374,0
105104,-1566,8014,-1140,193,-645,-180,-4148,4,1,-736,-248,36490,134,32,65,0,0,0,0,0,0,0,0,-32301,0,0,0,0,0,106379,0
105109,-1548,7992,-1236,220,-709,-179,-4148,2,1,-733,-248,36496,139,32,65,0,0,0,0,0,0,0,0,-32301,0,0,0,0,0,106384,0
105114,-1622,7946,-1206,228,-766,-183,-4148,-6,-1,-736,-256,36496,139,32,65,0,0,0,0,0,0,0,0,-32301,0,0,0,0,0,106390,0
105119,-1664,7956,-1218,236,-839,-181,-4147,0,3,-732,-248,36495,138,32,65,0,0,0,0,0,0,0,0,-32302,0,0,0,0,0,106395,0
105124,-1624,8070,-1258,268,-975,-179,-4148,2,6,-733,-248,36495,138,32,65,0,0,0,0,0,0,0,0,-32301,0,0,0,0,0,106401,0
105129,-1546,8126,-1278,269,-1039,-187,-4149,-8,-7,-737,-248,36494,140,32,65,0,0,0,0,0,0,0,0,-32302,0,0,0,0,0,106406,0
105134,-1514,8142,-1328,283,-1093,-180,-4148,-4,-1,-737,-240,36494,140,32,65,0,0,0,0,0,0,0,0,-32302,0,0,0,0,0,106412,0
105139,-1548,8162,-1352,293,-1157,-180,-4148,-3,4,-741,-248,36486,141,32,65,0,0,0,0,0,0,0,0,-32302,0,0,0,0,0,106418,0
105144,-1648,8056,-1428,306,-1281,-171,-4149,-9,4,-740,-240,36486,141,32,65,0,0,0,0,0,0,0,0,-32301,0,0,0,0,0,106423,0
105149,-1788,8008,-1430,322,-1343,-168,-4148,1,0,-735,-256,36487,136,32,65,0,0,0,0,0,0,0,0,-32302,0,0,0,0,0,106429,0
105154,-1850,7940,-1462,331,-1410,-164,-4148,2,2,-740,-256,36487,136,32,65,0,0,0,0,0,0,0,0,-32301,0,0,0,0,0,106434,0
105159,-1892,7914,-1446,335,-1473,-153,-4148,2,4,-734,-264,36489,133,32,65,0,0,0,0,0,0,0,0,-32301,0,0,0,0,0,106440,0
105164,-1956,7882,-1518,354,-1583,-146,-4148,5,0,-737,-256,36489,133,32,65,0,0,0,0,0,0,0,0,-32302,0,0,0,0,0,106445,0
105169,-1918,7912,-1420,354,-1636,-136,-4147,-3,4,-746,-256,36489,126,32,65,0,0,0,0,0,0,0,0,-32301,0,0,0,0,0,106450,0
105174,-1924,7898,-1524,357,-1696,-119,-4148,-1,-1,-732,-248,36489,126,32,65,0,0,0,0,0,0,0,0,-32301,0,0,0,0,0,106456,0
105179,-1892,7918,-1538,363,-1749,-116,-4147,2,2,-736,-248,36489,126,32,65,0,0,0,0,0,0,0,0,-32302,0,0,0,0,0,106462,0
105184,-1884,7994,-1606,361,-1860,-94,-4148,3,0,-740,-256,36489,126,32,65,0,0,0,0,0,0,0,0,-32302,0,0,0,0,0,106467,0
105189,-1876,8014,-1640,364,-1908,-80,-4148,-1,-1,-735,-248,36487,124,32,65,0,0,0,0,0,0,0,0,-32302,0,0,0,0,0,106472,0
105194,-1868,8006,-1680,369,-1956,-69,-4148,-3,2,-734,-256,36487,124,32,65,0,0,0,0,0,0,0,0,-32302,0,0,0,0,0,106478,0
105199,-1918,8010,-1652,364,-2008,-62,-4146,8,-1,-732,-256,36488,131,32,65,0,0,0,0,0,0,0,0,-32301,0,0,0,0,0,106483,0
105204,-1872,7958,-1644,361,-2099,-33,-4146,1,2,-738,-264,36488,131,32,65,0,0,0,0,0,0,0,0,-32302,0,0,0,0,0,106489,0
105209,-1866,7986,-1606,369,-2143,-19,-4147,0,0,-734,-256,36490,134,32,65,0,0,0,0,0,0,0,0,-32302,0,0,0,0,0,106494,0
105214,-1960,7980,-1582,366,-2189,-7,-4147,2,1,-736,-248,36490,134,32,65,0,0,0,0,0,0,0,0,-32302,0,0,0,0,0,106500,0
105219,-2002,7940,-1506,366,-2234,7,-4148,-2,-2,-737,-256,36494,132,32,65,0,0,0,0,0,0,0,0,-32302,0,0,0,0,0,106505,0
105224,-2108,7878,-1436,367,-2322,36,-4147,-7,-3,-736,-248,36494,132,32,65,0,0,0,0,0,0,0,0,-32302,0,0,0,0,0,106511,0
105229,-2060,7920,-1340,380,-2352,56,-4146,8,2,-739,-256,36495,125,32,65,0,0,0,0,0,0,0,0,-32302,0,0,0,0,0,106516,0
105234,-2014,7874,-1332,371,-2385,63,-4146,8,7,-739,-256,36495,125,32,65,0,0,0,0,0,0,0,0,-32301,0,0,0,0,0,106522,0
105239,-1930,7802,-1266,372,-2417,87,-4147,0,1,-734,-256,36494,135,32,65,0,0,0,0,0,0,0,0,-32302,0,0,0,0,0,106527,0
105244,-1916,7800,-1226,375,-2471,102,-4146,6,-3,-734,-248,36494,135,32,65,0,0,0,0,0,0,0,0,-32302,0,0,0,0,0,106532,0
105249,-1872,7760,-1178,378,-2497,114,-4146,2,1,-739,-256,36491,136,32,65,0,0,0,0,0,0,0,0,-32302,0,0,0,0,0,106538,0
105254,-1844,7756,-1112,378,-2524,129,-4147,-3,1,-736,-256,36491,136,32,65,0,0,0,0,0,0,0,0,-32301,0,0,0,0,0,106544,0
105259,-1832,7776,-1032,378,-2546,139,-4146,-2,0,-740,-256,36488,140,32,65,0,0,0,0,0,0,0,0,-32301,0,0,0,0,0,106549,0
105264,-1832,7730,-966,384,-2582,155,-4146,-2,-4,-737,-248,36488,140,32,65,0,0,0,0,0,0,0,0,-32302,0,0,0,0,0,106555,0
105269,-1844,7744,-1000,392,-2598,164,-4147,-4,3,-742,-248,36488,139,32,65,0,0,0,0,0,0,0,0,-32302,0,0,0,0,0,106560,0
105274,-1794,7774,-950,389,-2613,178,-4145,4,-4,-734,-256,36488,139,32,65,0,0,0,0,0,0,0,0,-32302,0,0,0,0,0,106566,0
105279,-1762,7766,-898,386,-2624,185,-4145,1,2,-743,-256,36488,139,32,65,0,0,0,0,0,0,0,0,-32301,0,0,0,0,0,106571,0
105284,-1680,7818,-826,390,-2630,201,-4145,2,3,-741,-256,36488,139,32,65,0,0,0,0,0,0,0,0,-32302,0,0,0,0,0,106576,0
105289,-1628,7764,-796,386,-2629,209,-4146,0,0,-739,-256,36489,143,32,65,0,0,0,0,0,0,0,0,-32302,0,0,0,0,0,106582,0
105294,-1612,7832,-766,387,-2627,209,-4146,-5,3,-740,-240,36489,143,32,65,0,0,0,0,0,0,0,0,-32302,0,0,0,0,0,106587,0
105299,-1504,7842,-734,382,-2618,220,-4146,3,0,-738,-256,36488,139,32,65,0,0,0,0,0,0,0,0,-32302,0,0,0,0,0,106593,0
105304,-1478,7938,-600,377,-2594,226,-4146,0,3,-742,-256,36488,139,32,65,0,0,0,0,0,0,0,0,-32302,0,0,0,0,0,106598,0
105309,-1446,7944,-606,372,-2572,234,-4146,2,-1,-736,-256,36489,132,32,65,0,0,0,0,0,0,0,0,-32302,0,0,0,0,0,106604,0
105314,-1452,7944,-562,369,-2549,241,-4146,-3,0,-739,-256,36489,132,32,65,0,0,0,0,0,0,0,0,-32302,0,0,0,0,0,106609,0
105319,-1412,7960,-556,359,-2526,246,-4145,3,4,-740,-248,36492,132,32,65,0,0,0,0,0,0,0,0,-32301,0,0,0,0,0,106615,0
105324,-1374,7952,-516,351,-2471,254,-4145,0,-2,-744,-256,36492,132,32,65,0,0,0,0,0,0,0,0,-32301,0,0,0,0,0,106620,0
105329,-1352,7988,-456,341,-2440,255,-4145,2,1,-736,-248,36493,134,32,65,0,0,0,0,0,0,0,0,-32301,0,0,0,0,0,106626,0
105334,-1328,7974,-462,339,-2412,263,-4146,-2,-2,-742,-248,36493,134,32,65,0,0,0,0,0,0,0,0,-32302,0,0,0,0,0,106631,0
105339,-1328,7970,-426,332,-2374,261,-4145,0,-2,-738,-240,36490,139,32,65,0,0,0,0,0,0,0,0,-32302,0,0,0,0,0,106637,0
105344,-1254,7986,-416,311,-2306,270,-4145,2,-2,-742,-248,36490,139,32,65,0,0,0,0,0,0,0,0,-32302,0,0,0,0,0,106642,0
105349,-1290,7988,-388,307,-2267,273,-4144,6,4,-739,-256,36488,138,32,65,0,0,0,0,0,0,0,0,-32301,0,0,0,0,0,106648,0
105354,-1238,7974,-388,298,-2240,279,-4145,3,-2,-736,-256,36488,138,32,65,0,0,0,0,0,0,0,0,-32302,0,0,0,0,0,106652,0
105359,-1278,8028,-390,291,-2205,277,-4145,0,0,-736,-264,36488,126,32,65,0,0,0,0,0,0,0,0,-32302,0,0,0,0,0,106659,0
105364,-1234,8044,-370,277,-2132,276,-4145,1,-1,-738,-256,36488,126,32,65,0,0,0,0,0,0,0,0,-32301,0,0,0,0,0,106664,0
105369,-1230,8020,-402,267,-2093,280,-4145,2,-4,-739,-248,36490,127,32,65,0,0,0,0,0,0,0,0,-32301,0,0,0,0,0,106669,0
105374,-1200,8032,-414,270,-2060,285,-4145,2,-1,-739,-248,36490,127,32,65,0,0,0,0,0,0,0,0,-32302,0,0,0,0,0,106675,0
105379,-1196,8048,-372,247,-2026,283,-4145,-2,-2,-743,-256,36491,132,32,65,0,0,0,0,0,0,0,0,-32302,0,0,0,0,0,106680,0
105384,-1222,8042,-414,241,-1965,285,-4145,0,2,-741,-264,36491,132,32,65,0,0,0,0,0,0,0,0,-32301,0,0,0,0,0,106686,0
105389,-1206,8048,-368,236,-1926,283,-4146,0,-1,-739,-256,36493,128,32,65,0,0,0,0,0,0,0,0,-32302,0,0,0,0,0,106692,0
105394,-1278,8028,-412,226,-1891,289,-4145,-1,-3,-739,-256,36493,128,32,65,0,0,0,0,0,0,0,0,-32302,0,0,0,0,0,106697,0
105399,-1234,8030,-382,220,-1852,295,-4144,4,-1,-740,-248,36493,120,32,65,0,0,0,0,0,0,0,0,-32302,0,0,0,0,0,106703,0
105404,-1296,8028,-324,206,-1782,292,-4145,0,7,-738,-264,36493,120,32,65,0,0,0,0,0,0,0,0,-32301,0,0,0,0,0,106707,0
105409,-1246,7984,-304,198,-1750,304,-4145,0,-1,-738,-248,36493,119,32,65,0,0,0,0,0,0,0,0,-32301,0,0,0,0,0,106714,0
105414,-1292,8028,-320,192,-1714,292,-4144,4,-4,-738,-248,36493,119,32,65,0,0,0,0,0,0,0,0,-32302,0,0,0,0,0,106719,0
105419,-1264,8014,-304,188,-1674,303,-4145,0,-1,-742,-240,36490,125,32,65,0,0,0,0,0,0,0,0,-32302,0,0,0,0,0,106724,0
105424,-1278,8002,-290,171,-1595,305,-4144,1,0,-737,-256,36490,125,32,65,0,0,0,0,0,0,0,0,-32302,0,0,0,0,0,106730,0
105429,-1244,7960,-268,162,-1562,307,-4145,0,3,-739,-256,36493,138,32,65,0,0,0,0,0,0,0,0,-32302,0,0,0,0,0,106735,0
105434,-1294,7952,-252,157,-1522,313,-4144,7,0,-736,-256,36493,138,32,65,0,0,0,0,0,0,0,0,-32302,0,0,0,0,0,106741,0
105439,-1278,8006,-216,149,-1491,315,-4145,10,-1,-740,-248,36493,141,32,65,0,0,0,0,0,0,0,0,-32302,0,0,0,0,0,106747,0
105444,-1386,7926,-208,144,-1419,314,-4145,-4,-2,-740,-248,36493,141,32,65,0,0,0,0,0,0,0,0,-32302,0,0,0,0,0,106752,0
105449,-1338,7902,-174,140,-1397,324,-4144,3,-1,-735,-248,36494,141,32,65,0,0,0,0,0,0,0,0,-32302,0,0,0,0,0,106757,0
105454,-1378,7946,-136,138,-1362,323,-4145,-7,0,-742,-240,36494,141,32,65,0,0,0,0,0,0,0,0,-32301,0,0,0,0,0,106762,0
105459,-1380,7926,-158,133,-1328,323,-4145,4,1,-739,-256,36491,147,32,65,0,0,0,0,0,0,0,0,-32301,0,0,0,0,0,106768,0
105464,-1378,7920,-122,134,-1273,333,-4146,-2,-8,-738,-256,36491,147,32,65,0,0,0,0,0,0,0,0,-32301,0,0,0,0,0,106774,0
105469,-1392,7940,-128,135,-1247,331,-4146,-3,-2,-742,-240,36491,141,32,65,0,0,0,0,0,0,0,0,-32302,0,0,0,0,0,106779,0
105474,-1318,7942,-124,133,-1221,338,-4145,-2,0,-741,-248,36491,141,32,65,0,0,0,0,0,0,0,0,-32301,0,0,0,0,0,106785,0
105479,-1300,8008,-98,130,-1192,338,-4145,-6,1,-745,-240,36502,130,32,65,0,0,0,0,0,0,0,0,-32301,0,0,0,0,0,106789,0
105484,-1242,8016,-124,138,-1134,338,-4145,1,-1,-741,-248,36502,130,32,65,0,0,0,0,0,0,0,0,-32301,0,0,0,0,0,106796,0
105489,-1236,8048,-112,133,-1109,345,-4145,2,-3,-740,-256,36513,121,32,65,0,0,0,0,0,0,0,0,-32302,0,0,0,0,0,106802,0
105494,-1250,8096,-102,138,-1076,347,-4144,4,1,-743,-264,36513,121,32,65,0,0,0,0,0,0,0,0,-32301,0,0,0,0,0,106807,0
105499,-1264,8108,-2,129,-1043,352,-4145,-3,-1,-741,-256,36520,124,32,65,0,0,0,0,0,0,0,0,-32302,0,0,0,0,0,106813,0
105504,-1158,8050,-18,139,-976,357,-4145,0,0,-736,-248,36520,124,32,65,0,0,0,0,0,0,0,0,-32301,0,0,0,0,0,106818,0
105509,-1160,8036,0,134,-939,364,-4144,4,1,-741,-256,36510,133,32,65,0,0,0,0,0,0,0,0,-32302,0,0,0,0,0,106824,0
105514,-1136,8092,44,141,-912,358,-4146,1,-4,-733,-256,36510,133,32,65,0,0,0,0,0,0,0,0,-32302,0,0,0,0,0,106830,0
105519,-1154,8056,56,135,-869,363,-4144,3,2,-736,-248,36498,135,32,65,0,0,0,0,0,0,0,0,-32302,0,0,0,0,0,106835,0
105524,-1080,8058,126,128,-782,367,-4144,7,2,-734,-256,36498,135,32,65,0,0,0,0,0,0,0,0,-32301,0,0,0,0,0,106841,0
105529,-1082,8088,98,128,-728,366,-4145,1,-1,-738,-264,36490,131,32,65,0,0,0,0,0,0,0,0,-32301,0,0,0,0,0,106845,0
105534,-1076,8060,144,134,-679,371,-4144,3,2,-734,-256,36490,131,32,65,0,0,0,0,0,0,0,0,-32302,0,0,0,0,0,106852,0
105539,-1006,8094,98,126,-618,368,-4143,8,1,-740,-264,36495,128,32,65,0,0,0,0,0,0,0,0,-32302,0,0,0,0,0,106857,0
105544,-1058,8104,146,118,-515,377,-4145,-2,-3,-740,-256,36495,128,32,65,0,0,0,0,0,0,0,0,-32302,0,0,0,0,0,106862,0
105549,-1064,8092,172,114,-452,381,-4144,3,2,-733,-256,36496,127,32,65,0,0,0,0,0,0,0,0,-32301,0,0,0,0,0,106868,0
105554,-1052,8056,182,111,-390,382,-4144,6,0,-735,-256,36496,127,32,65,0,0,0,0,0,0,0,0,-32302,0,0,0,0,0,106873,0
105559,-1070,8048,150,107,-325,388,-4145,0,-2,-736,-256,36494,124,32,65,0,0,0,0,0,0,0,0,-32302,0,0,0,0,0,106879,0
105564,-1070,8044,236,79,-187,396,-4145,-3,3,-742,-248,36494,124,32,65,0,0,0,0,0,0,0,0,-32302,0,0,0,0,0,106885,0
105569,-1024,8070,208,77,-111,404,-4146,-7,-5,-744,-240,36490,128,32,65,0,0,0,0,0,0,0,0,-32302,0,0,0,0,0,106890,0
105574,-1010,8034,162,67,-31,408,-4145,1,-2,-739,-240,36490,128,32,65,0,0,0,0,0,0,0,0,-32302,0,0,0,0,0,106896,0
105579,-1070,8052,10,65,30,411,-4144,3,2,-744,-248,36491,128,32,65,0,0,0,0,0,0,0,0,-32302,0,0,0,0,0,106900,0
105584,-1198,8014,-270,60,119,426,-4144,1,3,-741,-256,36491,128,32,65,0,0,0,0,0,0,0,0,-32301,0,0,0,0,0,106906,0
105589,-1268,7986,-380,63,145,425,-4145,-5,2,-736,-256,36493,136,32,65,0,0,0,0,0,0,0,0,-32302,0,0,0,0,0,106912,0
105594,-1338,7996,-502,58,155,430,-4144,1,3,-737,-256,36493,136,32,65,0,0,0,0,0,0,0,0,-32302,0,0,0,0,0,106917,0
105599,-1382,7976,-554,60,152,434,-4145,0,0,-741,-256,36490,138,32,65,0,0,0,0,0,0,0,0,-32302,0,0,0,0,0,106923,0
105604,-1364,8028,-608,61,134,436,-4145,-3,-1,-738,-256,36490,138,32,65,0,0,0,0,0,0,0,0,-32302,0,0,0,0,0,106928,0
105609,-1346,8074,-630,60,114,441,-4145,0,1,-737,-256,36490,136,32,65,0,0,0,0,0,0,0,0,-32302,0,0,0,0,0,106934,0
105614,-1304,8090,-626,67,101,446,-4145,-1,-3,-737,-256,36490,136,32,65,0,0,0,0,0,0,0,0,-32302,0,0,0,0,0,106939,0
105619,-1258,8068,-660,68,85,441,-4146,-5,-3,-738,-240,36493,131,32,65,0,0,0,0,0,0,0,0,-32302,0,0,0,0,0,106945,0
105624,-1158,8072,-592,75,52,440,-4145,-5,-1,-741,-248,36493,131,32,65,0,0,0,0,0,0,0,0,-32302,0,0,0,0,0,106950,0
105629,-1138,8090,-586,78,45,431,-4144,2,2,-742,-264,36495,134,32,65,0,0,0,0,0,0,0,0,-32302,0,0,0,0,0,106956,0
105634,-1076,8080,-600,72,36,435,-4144,5,0,-739,-264,36495,134,32,65,0,0,0,0,0,0,0,0,-32302,0,0,0,0,0,106961,0
105639,-1112,8076,-584,78,18,434,-4144,1,2,-740,-264,36498,130,32,65,0,0,0,0,0,0,0,0,-32301,0,0,0,0,0,106967,0
105644,-1078,8078,-592,82,2,421,-4145,4,-1,-735,-264,36498,130,32,65,0,0,0,0,0,0,0,0,-32301,0,0,0,0,0,106972,0
105649,-1066,8070,-608,76,-10,420,-4144,3,1,-736,-264,36495,131,32,65,0,0,0,0,0,0,0,0,-32302,0,0,0,0,0,106978,0
105654,-1006,8096,-580,81,-16,412,-4144,-1,5,-736,-264,36495,131,32,65,0,0,0,0,0,0,0,0,-32302,0,0,0,0,0,106982,0
105659,-952,8126,-588,80,-24,409,-4145,-2,-2,-739,-256,36493,129,32,65,0,0,0,0,0,0,0,0,-32302,0,0,0,0,0,106989,0
105664,-856,8130,-582,76,-32,392,-4144,1,-1,-737,-256,36493,129,32,65,0,0,0,0,0,0,0,0,-32302,0,0,0,0,0,106993,0
105669,-804,8146,-556,78,-30,386,-4146,-2,-6,-737,-248,36489,122,32,65,0,0,0,0,0,0,0,0,-32302,0,0,0,0,0,106999,0
105674,-806,8192,-520,73,-33,382,-4144,0,1,-737,-256,36489,122,32,65,0,0,0,0,0,0,0,0,-32302,0,0,0,0,0,107005,0
105679,-704,8192,-544,79,-31,369,-4145,0,0,-739,-256,36490,127,32,65,0,0,0,0,0,0,0,0,-32302,0,0,0,0,0,107010,0
105684,-584,8198,-478,81,-15,347,-4145,0,0,-739,-248,36490,127,32,65,0,0,0,0,0,0,0,0,-32302,0,0,0,0,0,107016,0
105689,-630,8196,-436,76,1,345,-4144,0,-1,-737,-256,36489,132,32,65,0,0,0,0,0,0,0,0,-32302,0,0,0,0,0,107021,0
105694,-660,8210,-436,79,5,334,-4146,-5,-2,-740,-256,36489,132,32,65,0,0,0,0,0,0,0,0,-32301,0,0,0,0,0,107027,0
105699,-662,8184,-444,75,17,323,-4145,2,-1,-740,-256,36489,134,32,65,0,0,0,0,0,0,0,0,-32302,0,0,0,0,0,107033,0
105704,-766,8106,-448,83,23,308,-4145,-7,0,-745,-256,36489,134,32,65,0,0,0,0,0,0,0,0,-32301,0,0,0,0,0,107038,0
105709,-810,8076,-482,84,31,294,-4145,-3,1,-734,-248,36489,129,32,65,0,0,0,0,0,0,0,0,-32301,0,0,0,0,0,107043,0
105714,-826,8044,-482,87,31,287,-4146,-2,-3,-740,-240,36489,129,32,65,0,0,0,0,0,0,0,0,-32301,0,0,0,0,0,107048,0
105719,-830,8056,-468,89,23,277,-4145,1,1,-741,-248,36488,131,32,65,0,0,0,0,0,0,0,0,-32301,0,0,0,0,0,107054,0
105724,-820,8108,-448,95,25,263,-4144,3,2,-743,-256,36488,131,32,65,0,0,0,0,0,0,0,0,-32301,0,0,0,0,0,107060,0
105729,-794,8114,-444,97,20,262,-4145,2,4,-740,-256,36488,135,32,65,0,0,0,0,0,0,0,0,-32301,0,0,0,0,0,107065,0
105734,-752,8100,-436,104,20,251,-4145,3,-3,-734,-256,36488,135,32,65,0,0,0,0,0,0,0,0,-32302,0,0,0,0,0,107071,0
105739,-692,8140,-472,103,18,240,-4145,6,2,-737,-256,36490,149,32,65,0,0,0,0,0,0,0,0,-32301,0,0,0,0,0,107075,0
105744,-620,8172,-496,104,10,221,-4145,-1,-1,-740,-248,36490,149,32,65,0,0,0,0,0,0,0,0,-32301,0,0,0,0,0,107082,0
105749,-620,8188,-474,110,21,216,-4145,0,1,-736,-248,36489,141,32,65,0,0,0,0,0,0,0,0,-32302,0,0,0,0,0,107087,0
105754,-634,8222,-494,105,15,207,-4146,-5,-5,-737,-248,36489,141,32,65,0,0,0,0,0,0,0,0,-32301,0,0,0,0,0,107093,0
105759,-644,8238,-534,111,20,197,-4145,-2,-1,-738,-240,36490,137,32,65,0,0,0,0,0,0,0,0,-32302,0,0,0,0,0,107098,0
105764,-696,8206,-564,104,13,184,-4145,-2,2,-737,-256,36490,137,32,65,0,0,0,0,0,0,0,0,-32301,0,0,0,0,0,107103,0
105769,-682,8200,-590,111,12,171,-4145,-1,-3,-737,-248,36489,131,32,65,0,0,0,0,0,0,0,0,-32301,0,0,0,0,0,107109,0
105774,-710,8184,-616,107,15,164,-4145,-1,0,-738,-248,36489,131,32,65,0,0,0,0,0,0,0,0,-32301,0,0,0,0,0,107115,0
105779,-742,8164,-632,107,7,160,-4144,4,2,-742,-256,36487,129,32,65,0,0,0,0,0,0,0,0,-32301,0,0,0,0,0,107120,0
105784,-752,8078,-632,102,-7,145,-4144,2,1,-738,-256,36487,129,32,65,0,0,0,0,0,0,0,0,-32301,0,0,0,0,0,107126,0
105789,-810,8084,-640,105,-10,133,-4145,-4,0,-736,-256,36486,125,32,65,0,0,0,0,0,0,0,0,-32302,0,0,0,0,0,107130,0
105794,-824,8078,-650,98,-18,128,-4145,-2,0,-739,-248,36486,125,32,65,0,0,0,0,0,0,0,0,-32301,0,0,0,0,0,107137,0
105799,-782,8112,-646,101,-23,116,-4145,-2,-3,-739,-256,36488,129,32,65,0,0,0,0,0,0,0,0,-32302,0,0,0,0,0,107142,0
105804,-760,8128,-652,99,-24,102,-4145,1,-3,-740,-264,36488,129,32,65,0,0,0,0,0,0,0,0,-32301,0,0,0,0,0,107148,0
105809,-704,8130,-678,96,-36,95,-4145,2,0,-737,-248,36488,130,32,65,0,0,0,0,0,0,0,0,-32302,0,0,0,0,0,107153,0
105814,-690,8178,-652,101,-30,86,-4145,-1,0,-739,-256,36488,130,32,65,0,0,0,0,0,0,0,0,-32301,0,0,0,0,0,107159,0
105819,-666,8222,-672,83,-26,85,-4145,1,0,-738,-248,36487,130,32,65,0,0,0,0,0,0,0,0,-32302,0,0,0,0,0,107164,0
105824,-652,8224,-654,85,-24,63,-4145,-1,0,-741,-256,36487,130,32,65,0,0,0,0,0,0,0,0,-32301,0,0,0,0,0,107170,0
105829,-650,8222,-642,86,-19,56,-4145,1,2,-740,-248,36487,132,32,65,0,0,0,0,0,0,0,0,-32302,0,0,0,0,0,107175,0
105834,-686,8202,-650,82,-19,52,-4146,-5,-6,-741,-248,36487,132,32,65,0,0,0,0,0,0,0,0,-32302,0,0,0,0,0,107181,0
105839,-702,8172,-658,79,-15,46,-4145,0,0,-739,-248,36492,132,32,65,0,0,0,0,0,0,0,0,-32301,0,0,0,0,0,107186,0
105844,-768,8158,-634,76,-8,33,-4145,0,-2,-742,-248,36492,132,32,65,0,0,0,0,0,0,0,0,-32302,0,0,0,0,0,107191,0
105849,-770,8116,-644,68,-9,29,-4144,3,2,-739,-264,36495,133,32,65,0,0,0,0,0,0,0,0,-32302,0,0,0,0,0,107197,0
105854,-816,8102,-610,67,-4,23,-4145,-3,0,-740,-248,36495,133,32,65,0,0,0,0,0,0,0,0,-32302,0,0,0,0,0,107202,0
105859,-852,8084,-614,65,2,22,-4145,0,-2,-737,-256,36495,131,32,65,0,0,0,0,0,0,0,0,-32302,0,0,0,0,0,107208,0
105864,-900,8082,-606,58,6,22,-4144,4,2,-740,-256,36495,131,32,65,0,0,0,0,0,0,0,0,-32302,0,0,0,0,0,107213,0
105869,-910,8080,-578,64,0,12,-4145,-2,0,-737,-256,36499,128,32,65,0,0,0,0,0,0,0,0,-32302,0,0,0,0,0,107219,0
105874,-884,8120,-586,58,2,9,-4143,6,3,-734,-256,36499,128,32,65,0,0,0,0,0,0,0,0,-32302,0,0,0,0,0,107224,0
105879,-838,8144,-594,62,2,8,-4145,0,1,-740,-264,36492,125,32,65,0,0,0,0,0,0,0,0,-32302,0,0,0,0,0,107229,0
105884,-798,8164,-582,57,8,1,-4145,-1,-1,-733,-248,36492,125,32,65,0,0,0,0,0,0,0,0,-32302,0,0,0,0,0,107235,0
105889,-786,8190,-590,56,0,-1,-4144,-1,3,-739,-256,36491,123,32,65,0,0,0,0,0,0,0,0,-32301,0,0,0,0,0,107241,0
105894,-778,8162,-608,54,0,-8,-4145,2,0,-740,-248,36491,123,32,65,0,0,0,0,0,0,0,0,-32302,0,0,0,0,0,107246,0
105899,-772,8154,-542,57,0,-12,-4144,4,0,-738,-256,36487,131,32,65,0,0,0,0,0,0,0,0,-32302,0,0,0,0,0,107252,0
105904,-800,8148,-496,53,3,-16,-4144,2,5,-732,-264,36487,131,32,65,0,0,0,0,0,0,0,0,-32302,0,0,0,0,0,107256,0
105909,-838,8132,-504,59,10,-26,-4145,1,-2,-739,-264,36486,138,32,65,0,0,0,0,0,0,0,0,-32302,0,0,0,0,0,107263,0
105914,-776,8142,-524,50,7,-23,-4145,-3,-1,-738,-256,36486,138,32,65,0,0,0,0,0,0,0,0,-32301,0,0,0,0,0,107268,0
105919,-774,8132,-512,58,17,-32,-4146,-4,-2,-740,-256,36486,135,32,65,0,0,0,0,0,0,0,0,-32302,0,0,0,0,0,107273,0
105924,-858,8118,-512,63,21,-39,-4143,7,1,-740,-256,36486,135,32,65,0,0,0,0,0,0,0,0,-32302,0,0,0,0,0,107279,0
105929,-838,8112,-516,57,21,-39,-4146,-1,-4,-738,-256,36487,137,32,65,0,0,0,0,0,0,0,0,-32303,0,0,0,0,0,107284,0
105934,-848,8104,-516,63,21,-44,-4144,0,3,-736,-256,36487,137,32,65,0,0,0,0,0,0,0,0,-32302,0,0,0,0,0,107290,0
105939,-842,8112,-500,59,27,-49,-4145,0,0,-741,-256,36488,139,32,65,0,0,0,0,0,0,0,0,-32301,0,0,0,0,0,107295,0
105944,-828,8134,-504,66,26,-53,-4146,-3,-1,-740,-256,36488,139,32,65,0,0,0,0,0,0,0,0,-32301,0,0,0,0,0,107301,0
105949,-824,8110,-496,65,27,-62,-4145,-1,-3,-736,-248,36492,137,32,65,0,0,0,0,0,0,0,0,-32302,0,0,0,0,0,107313,0
105954,-834,8112,-488,61,32,-63,-4144,5,1,-736,-256,36492,137,32,65,0,0,0,0,0,0,0,0,-32302,0,0,0,0,0,107313,0
105959,-826,8106,-484,66,28,-63,-4145,0,1,-739,-256,36489,130,32,65,0,0,0,0,0,0,0,0,-32302,0,0,0,0,0,107319,0
105964,-804,8110,-498,68,34,-77,-4146,0,-3,-736,-256,36489,130,32,65,0,0,0,0,0,0,0,0,-32302,0,0,0,0,0,107324,0
105969,-818,8126,-518,72,35,-82,-4146,-3,-1,-738,-248,36486,121,32,65,0,0,0,0,0,0,0,0,-32302,0,0,0,0,0,107330,0
105974,-784,8158,-514,70,32,-90,-4145,1,-2,-737,-256,36486,121,32,65,0,0,0,0,0,0,0,0,-32302,0,0,0,0,0,107335,0
105979,-806,8178,-554,70,31,-88,-4145,0,1,-737,-248,36481,123,32,65,0,0,0,0,0,0,0,0,-32302,0,0,0,0,0,107341,0
105984,-754,8182,-558,80,31,-102,-4145,2,2,-741,-248,36481,123,32,65,0,0,0,0,0,0,0,0,-32302,0,0,0,0,0,107346,0
105989,-780,8180,-566,69,36,-105,-4144,2,0,-739,-256,36482,132,32,65,0,0,0,0,0,0,0,0,-32302,0,0,0,0,0,107352,0
105994,-810,8174,-572,69,36,-106,-4145,4,-1,-737,-256,36482,132,32,65,0,0,0,0,0,0,0,0,-32302,0,0,0,0,0,107358,0
105999,-822,8146,-578,61,41,-113,-4146,-3,0,-743,-248,36484,136,32,65,0,0,0,0,0,0,0,0,-32301,0,0,0,0,0,107363,0
106004,-860,8120,-572,63,51,-119,-4145,-1,-6,-739,-248,36484,136,32,65,0,0,0,0,0,0,0,0,-32302,0,0,0,0,0,107369,0
106009,-856,8140,-578,64,61,-119,-4145,-5,-2,-742,-256,36485,138,32,65,0,0,0,0,0,0,0,0,-32302,0,0,0,0,0,107373,0
106014,-888,8108,-560,66,57,-124,-4145,0,1,-736,-256,36485,138,32,65,0,0,0,0,0,0,0,0,-32302,0,0,0,0,0,107380,0
106019,-836,8162,-456,54,69,-126,-4145,1,-2,-741,-256,36486,135,32,65,0,0,0,0,0,0,0,0,-32302,0,0,0,0,0,107385,0
106024,-812,8140,-578,55,98,-131,-4146,0,0,-739,-256,36486,135,32,65,0,0,0,0,0,0,0,0,-32301,0,0,0,0,0,107390,0
106029,-810,8196,-610,44,106,-130,-4145,0,1,-740,-248,36487,129,32,65,0,0,0,0,0,0,0,0,-32301,0,0,0,0,0,107396,0
106034,-810,8162,-618,47,114,-139,-4144,7,2,-739,-256,36487,129,32,65,0,0,0,0,0,0,0,0,-32302,0,0,0,0,0,107401,0
106039,-808,8200,-654,43,117,-136,-4144,4,0,-736,-256,36487,126,32,65,0,0,0,0,0,0,0,0,-32301,0,0,0,0,0,107407,0
106044,-762,8210,-654,27,130,-153,-4146,0,-2,-737,-248,36487,126,32,65,0,0,0,0,0,0,0,0,-32301,0,0,0,0,0,107413,0
106049,-742,8276,-628,29,136,-153,-4145,0,-3,-735,-256,36489,127,32,65,0,0,0,0,0,0,0,0,-32301,0,0,0,0,0,107418,0
106054,-742,8274,-650,22,144,-160,-4146,0,-1,-735,-248,36489,127,32,65,0,0,0,0,0,0,0,0,-32301,0,0,0,0,0,107424,0
106059,-674,8294,-640,21,152,-162,-4146,0,4,-739,-248,36488,127,32,65,0,0,0,0,0,0,0,0,-32301,0,0,0,0,0,107428,0
106064,-542,8214,-502,40,224,-174,-4146,-4,-3,-742,-248,36488,127,32,65,0,0,0,0,0,0,0,0,-32302,0,0,0,0,0,107435,0
106069,-644,8358,-168,-31,212,-191,-4146,-7,-3,-737,-256,36488,126,32,65,0,0,0,0,0,0,0,0,-32302,0,0,0,0,0,107440,0
106074,-538,8438,-532,-28,263,-179,-4145,-4,0,-741,-256,36488,126,32,65,0,0,0,0,0,0,0,0,-32301,0,0,0,0,0,107445,0
106079,-560,8288,-628,-29,306,-195,-4145,5,2,-738,-264,36490,128,32,65,0,0,0,0,0,0,0,0,-32302,0,0,0,0,0,107451,0
106084,86,8428,28,-122,505,-200,-4144,3,-2,-738,-264,36490,128,32,65,0,0,0,0,0,0,0,0,-32302,0,0,0,0,0,107456,0
106089,-22,8536,-134,-157,641,-204,-4145,0,0,-738,-264,36489,132,32,65,0,0,0,0,0,0,0,0,-32302,0,0,0,0,0,107462,0
106094,68,8578,-60,-192,784,-205,-4145,0,1,-739,-256,36489,132,32,65,0,0,0,0,0,0,0,0,-32302,0,0,0,0,0,107468,0
106099,122,8528,-146,-232,929,-212,-4145,3,0,-740,-256,36492,138,32,65,0,0,0,0,0,0,0,0,-32301,0,0,0,0,0,107473,0
106104,-190,8374,-176,-316,1225,-216,-4144,9,0,-742,-264,36492,138,32,65,0,0,0,0,0,0,0,0,-32302,0,0,0,0,0,107479,0
106109,-208,8386,-292,-373,1348,-216,-4144,4,1,-737,-248,36492,131,32,65,0,0,0,0,0,0,0,0,-32302,0,0,0,0,0,107483,0
106114,-416,8230,-384,-412,1487,-208,-4144,4,1,-736,-264,36492,131,32,65,0,0,0,0,0,0,0,0,-32302,0,0,0,0,0,107489,0
106119,-558,8200,-314,-456,1607,-205,-4144,4,-1,-743,-248,36490,124,32,65,0,0,0,0,0,0,0,0,-32302,0,0,0,0,0,107495,0
106124,-834,8134,-262,-537,1839,-190,-4144,5,-1,-751,-248,36490,124,32,65,0,0,0,0,0,0,0,0,-32302,0,0,0,0,0,107500,0
106129,-978,8076,-362,-570,1949,-189,-4143,7,2,-744,-256,36489,125,32,65,0,0,0,0,0,0,0,0,-32302,0,0,0,0,0,107506,0
106134,-958,8094,-364,-607,2048,-176,-4143,-3,-1,-750,-248,36489,125,32,65,0,0,0,0,0,0,0,0,-32301,0,0,0,0,0,107511,0
106139,-910,8020,-454,-631,2128,-163,-4141,2,0,-744,-248,36489,134,32,65,0,0,0,0,0,0,0,0,-32302,0,0,0,0,0,107517,0
106144,-806,7940,-574,-679,2297,-130,-4141,3,-2,-745,-256,36489,134,32,65,0,0,0,0,0,0,0,0,-32301,0,0,0,0,0,107523,0
106149,-952,7922,-590,-692,2366,-130,-4142,-5,4,-747,-248,36487,131,32,65,0,0,0,0,0,0,0,0,-32301,0,0,0,0,0,107528,0
106154,-1116,7968,-558,-721,2424,-106,-4141,2,-4,-744,-248,36487,131,32,65,0,0,0,0,0,0,0,0,-32301,0,0,0,0,0,107534,0
106159,-1150,8010,-492,-746,2476,-97,-4141,-3,-1,-744,-256,36487,132,32,65,0,0,0,0,0,0,0,0,-32301,0,0,0,0,0,107538,0
106164,-1206,7962,-580,-749,2547,-76,-4140,6,4,-742,-256,36487,132,32,65,0,0,0,0,0,0,0,0,-32301,0,0,0,0,0,107545,0
106169,-1222,7982,-510,-766,2580,-68,-4140,5,1,-748,-248,36487,134,32,65,0,0,0,0,0,0,0,0,-32301,0,0,0,0,0,107550,0
106174,-1234,8110,-490,-771,2599,-50,-4140,8,2,-743,-264,36487,134,32,65,0,0,0,0,0,0,0,0,-32301,0,0,0,0,0,107555,0
106179,-1088,8088,-616,-772,2608,-38,-4141,-3,0,-748,-248,36488,127,32,65,0,0,0,0,0,0,0,0,-32301,0,0,0,0,0,107561,0
106184,-1170,7960,-620,-775,2608,-13,-4140,-1,2,-749,-248,36488,127,32,65,0,0,0,0,0,0,0,0,-32302,0,0,0,0,0,107566,0
106189,-1302,7924,-498,-779,2607,-11,-4139,5,3,-748,-264,36486,129,32,65,0,0,0,0,0,0,0,0,-32302,0,0,0,0,0,107572,0
106194,-1216,7984,-404,-771,2589,-4,-4139,3,3,-747,-256,36486,129,32,65,0,0,0,0,0,0,0,0,-32301,0,0,0,0,0,107578,0
106199,-1212,7922,-474,-757,2571,4,-4139,-2,-5,-742,-256,36486,129,32,65,0,0,0,0,0,0,0,0,-32301,0,0,0,0,0,107583,0
106204,-1342,7900,-404,-740,2525,23,-4140,-6,-2,-748,-256,36486,129,32,65,0,0,0,0,0,0,0,0,-32303,0,0,0,0,0,107589,0
106209,-1452,7860,-472,-721,2486,24,-4139,2,1,-745,-248,36487,128,32,65,0,0,0,0,0,0,0,0,-32302,0,0,0,0,0,107593,0
106214,-1578,7790,-386,-709,2450,31,-4139,0,-2,-749,-256,36487,128,32,65,0,0,0,0,0,0,0,0,-32301,0,0,0,0,0,107599,0
106219,-1650,7860,-364,-697,2403,44,-4138,0,3,-748,-248,36487,126,32,65,0,0,0,0,0,0,0,0,-32302,0,0,0,0,0,107605,0
106224,-1796,7620,-504,-648,2284,51,-4138,0,1,-747,-264,36487,126,32,65,0,0,0,0,0,0,0,0,-32302,0,0,0,0,0,107610,0
106229,-1834,7730,-466,-623,2207,55,-4139,-4,1,-745,-248,36488,126,32,65,0,0,0,0,0,0,0,0,-32301,0,0,0,0,0,107616,0
106234,-1970,7758,-448,-595,2122,54,-4138,-1,-4,-745,-256,36488,126,32,65,0,0,0,0,0,0,0,0,-32301,0,0,0,0,0,107621,0
106239,-1850,7778,-462,-560,2024,59,-4139,-2,0,-744,-256,36486,126,32,65,0,0,0,0,0,0,0,0,-32301,0,0,0,0,0,107627,0
106244,-1944,7866,-620,-498,1807,56,-4138,2,0,-743,-256,36486,126,32,65,0,0,0,0,0,0,0,0,-32301,0,0,0,0,0,107633,0
106249,-1836,7850,-686,-457,1695,52,-4138,7,-1,-745,-264,36487,134,32,65,0,0,0,0,0,0,0,0,-32302,0,0,0,0,0,107638,0
106254,-1822,7846,-672,-424,1567,45,-4137,8,2,-740,-264,36487,134,32,65,0,0,0,0,0,0,0,0,-32301,0,0,0,0,0,107643,0
106259,-1828,7902,-724,-386,1428,39,-4139,-7,1,-748,-256,36492,131,32,65,0,0,0,0,0,0,0,0,-32302,0,0,0,0,0,107649,0
106264,-1916,7912,-750,-307,1143,32,-4137,3,-2,-738,-256,36492,131,32,65,0,0,0,0,0,0,0,0,-32302,0,0,0,0,0,107654,0
106269,-1792,7972,-730,-266,1005,17,-4138,3,-3,-742,-256,36492,136,32,65,0,0,0,0,0,0,0,0,-32301,0,0,0,0,0,107660,0
106274,-1802,7922,-818,-227,851,8,-4138,4,1,-745,-264,36492,136,32,65,0,0,0,0,0,0,0,0,-32301,0,0,0,0,0,107665,0
106279,-1832,7902,-816,-192,696,-4,-4138,0,-5,-748,-248,36491,130,32,65,0,0,0,0,0,0,0,0,-32301,0,0,0,0,0,107671,0
106284,-1894,7938,-860,-107,392,-26,-4139,-7,-1,-747,-248,36491,130,32,65,0,0,0,0,0,0,0,0,-32301,0,0,0,0,0,107676,0
106289,-1898,7924,-890,-70,233,-32,-4139,-2,-2,-745,-248,36486,137,32,65,0,0,0,0,0,0,0,0,-32302,0,0,0,0,0,107681,0
106294,-1898,7908,-828,-31,85,-48,-4139,-1,-2,-751,-256,36486,137,32,65,0,0,0,0,0,0,0,0,-32301,0,0,0,0,0,107687,0
106299,-1816,7984,-886,2,-61,-53,-4138,-1,-2,-743,-264,36486,136,32,65,0,0,0,0,0,0,0,0,-32301,0,0,0,0,0,107693,0
106304,-1242,8102,-300,46,-259,-73,-4139,3,2,-747,-248,36486,136,32,65,0,0,0,0,0,0,0,0,-32302,0,0,0,0,0,107698,0
106309,-902,8166,0,59,-294,-82,-4139,-5,1,-749,-248,36485,136,32,65,0,0,0,0,0,0,0,0,-32301,0,0,0,0,0,107703,0
106314,-684,8190,218,68,-305,-92,-4139,0,0,-744,-256,36485,136,32,65,0,0,0,0,0,0,0,0,-32302,0,0,0,0,0,107709,0
106319,-602,8194,370,71,-283,-97,-4139,-1,1,-745,-256,36486,133,32,65,0,0,0,0,0,0,0,0,-32302,0,0,0,0,0,107715,0
106324,-576,8120,304,78,-224,-114,-4138,2,-2,-744,-264,36486,133,32,65,0,0,0,0,0,0,0,0,-32301,0,0,0,0,0,107720,0
106329,-652,8110,136,87,-196,-119,-4139,-3,4,-748,-248,36489,127,32,65,0,0,0,0,0,0,0,0,-32301,0,0,0,0,0,107725,0
106334,-818,8062,14,83,-168,-122,-4139,-1,1,-747,-256,36489,127,32,65,0,0,0,0,0,0,0,0,-32302,0,0,0,0,0,107731,0
106339,-952,8038,-124,86,-159,-130,-4139,-1,0,-747,-256,36492,129,32,65,0,0,0,0,0,0,0,0,-32302,0,0,0,0,0,107736,0
106344,-1146,8074,-340,82,-151,-133,-4138,2,0,-746,-248,36492,129,32,65,0,0,0,0,0,0,0,0,-32301,0,0,0,0,0,107742,0
106349,-1156,8100,-394,81,-159,-132,-4139,-1,1,-745,-248,36490,132,32,65,0,0,0,0,0,0,0,0,-32301,0,0,0,0,0,107747,0
106354,-1130,8132,-456,77,-160,-133,-4139,-3,-1,-745,-248,36490,132,32,65,0,0,0,0,0,0,0,0,-32302,0,0,0,0,0,107753,0
106359,-1080,8160,-464,81,-159,-133,-4139,-5,-1,-744,-256,36496,131,32,65,0,0,0,0,0,0,0,0,-32302,0,0,0,0,0,107758,0
106364,-960,8160,-434,58,-152,-135,-4139,-1,3,-743,-256,36496,131,32,65,0,0,0,0,0,0,0,0,-32302,0,0,0,0,0,107764,0
106369,-924,8206,-416,50,-134,-137,-4137,10,2,-740,-256,36493,131,32,65,0,0,0,0,0,0,0,0,-32302,0,0,0,0,0,107769,0
106374,-826,8238,-376,43,-114,-141,-4138,7,0,-746,-256,36493,131,32,65,0,0,0,0,0,0,0,0,-32301,0,0,0,0,0,107774,0
106379,-854,8272,-368,37,-102,-143,-4138,6,2,-740,-248,36494,126,32,65,0,0,0,0,0,0,0,0,-32302,0,0,0,0,0,107780,0
106384,-904,8200,-386,16,-68,-148,-4138,0,-2,-750,-248,36494,126,32,65,0,0,0,0,0,0,0,0,-32302,0,0,0,0,0,107785,0
106389,-1024,8152,-440,11,-60,-147,-4139,-8,-4,-748,-248,36489,126,32,65,0,0,0,0,0,0,0,0,-32301,0,0,0,0,0,107791,0
106394,-1112,8016,-772,22,-70,-146,-4138,-2,-4,-744,-240,36489,126,32,65,0,0,0,0,0,0,0,0,-32301,0,0,0,0,0,107796,0
106399,-1184,8106,-502,1,-80,-151,-4139,-3,-5,-747,-256,36490,129,32,65,0,0,0,0,0,0,0,0,-32302,0,0,0,0,0,107801,0
106404,-1278,8074,-516,-1,-89,-153,-4138,5,0,-742,-256,36490,129,32,65,0,0,0,0,0,0,0,0,-32301,0,0,0,0,0,107807,0
106409,-1330,8034,-424,-6,-103,-145,-4139,-2,-1,-747,-248,36488,130,32,65,0,0,0,0,0,0,0,0,-32302,0,0,0,0,0,107813,0
106414,-1304,8044,-308,-7,-108,-142,-4138,0,1,-741,-248,36488,130,32,65,0,0,0,0,0,0,0,0,-32302,0,0,0,0,0,107818,0
106419,-1304,8028,-324,-10,-107,-141,-4138,-1,0,-743,-248,36487,130,32,65,0,0,0,0,0,0,0,0,-32302,0,0,0,0,0,107824,0
106424,-1296,8032,-264,-13,-121,-141,-4137,1,0,-748,-248,36487,130,32,65,0,0,0,0,0,0,0,0,-32301,0,0,0,0,0,107828,0
106429,-1330,7974,-234,-11,-123,-137,-4138,3,-7,-746,-248,36489,131,32,65,0,0,0,0,0,0,0,0,-32302,0,0,0,0,0,107834,0
106434,-1410,7964,-142,-17,-131,-135,-4139,-3,-2,-747,-248,36489,131,32,65,0,0,0,0,0,0,0,0,-32301,0,0,0,0,0,107840,0
106439,-1478,7940,-202,-13,-137,-126,-4139,-4,-4,-744,-256,36489,141,32,65,0,0,0,0,0,0,0,0,-32302,0,0,0,0,0,107845,0
106444,-1562,7880,-198,-6,-166,-115,-4138,3,3,-746,-256,36489,141,32,65,0,0,0,0,0,0,0,0,-32302,0,0,0,0,0,107851,0
106449,-1576,7890,-192,1,-177,-105,-4139,0,3,-752,-256,36489,138,32,65,0,0,0,0,0,0,0,0,-32302,0,0,0,0,0,107856,0
106454,-1580,7936,-170,1,-185,-101,-4137,3,1,-744,-264,36489,138,32,65,0,0,0,0,0,0,0,0,-32302,0,0,0,0,0,107862,0
106459,-1562,7902,-164,11,-202,-93,-4138,7,-1,-744,-256,36489,134,32,65,0,0,0,0,0,0,0,0,-32302,0,0,0,0,0,107868,0
106464,-1446,7938,-162,21,-223,-78,-4137,5,7,-740,-264,36489,134,32,65,0,0,0,0,0,0,0,0,-32301,0,0,0,0,0,107873,0
106469,-1418,7958,-142,15,-235,-75,-4138,3,-1,-744,-256,36493,135,32,65,0,0,0,0,0,0,0,0,-32302,0,0,0,0,0,107878,0
106474,-1370,7962,-130,24,-243,-78,-4138,0,0,-746,-256,36493,135,32,65,0,0,0,0,0,0,0,0,-32302,0,0,0,0,0,107884,0
106479,-1432,7948,-96,34,-252,-70,-4139,-3,0,-746,-264,36492,125,32,65,0,0,0,0,0,0,0,0,-32301,0,0,0,0,0,107889,0
106484,-1354,7990,-2,33,-245,-60,-4138,4,-1,-742,-256,36492,125,32,65,0,0,0,0,0,0,0,0,-32302,0,0,0,0,0,107895,0
106489,-1324,8012,38,32,-243,-51,-4139,4,-6,-745,-256,36491,127,32,65,0,0,0,0,0,0,0,0,-32301,0,0,0,0,0,107900,0
106494,-1246,7994,78,32,-231,-52,-4139,-4,-1,-746,-256,36491,127,32,65,0,0,0,0,0,0,0,0,-32302,0,0,0,0,0,107906,0
106499,-1208,8058,104,40,-215,-50,-4138,0,1,-742,-248,36488,134,32,65,0,0,0,0,0,0,0,0,-32302,0,0,0,0,0,107911,0
106504,-1050,8102,206,30,-168,-44,-4138,1,-1,-744,-264,36488,134,32,65,0,0,0,0,0,0,0,0,-32302,0,0,0,0,0,107917,0
106509,-974,8114,196,36,-139,-42,-4139,-3,-4,-746,-256,36488,133,32,65,0,0,0,0,0,0,0,0,-32301,0,0,0,0,0,107923,0
106514,-964,8112,222,31,-105,-40,-4139,-2,-2,-744,-256,36488,133,32,65,0,0,0,0,0,0,0,0,-32302,0,0,0,0,0,107927,0
106519,-936,8118,216,34,-77,-45,-4138,2,1,-745,-256,36486,135,32,65,0,0,0,0,0,0,0,0,-32302,0,0,0,0,0,107934,0
106524,-974,8124,158,29,-16,-38,-4138,-3,2,-749,-256,36486,135,32,65,0,0,0,0,0,0,0,0,-32302,0,0,0,0,0,107939,0
106529,-984,8134,130,20,11,-41,-4138,-7,0,-743,-248,36486,132,32,65,0,0,0,0,0,0,0,0,-32301,0,0,0,0,0,107945,0
106534,-1040,8140,80,23,24,-42,-4139,-5,0,-749,-240,36486,132,32,65,0,0,0,0,0,0,0,0,-32302,0,0,0,0,0,107950,0
106539,-1094,8090,32,30,37,-43,-4139,2,-2,-748,-248,36487,130,32,65,0,0,0,0,0,0,0,0,-32302,0,0,0,0,0,107955,0
106544,-1208,8022,-66,24,52,-44,-4139,-1,-3,-749,-256,36487,130,32,65,0,0,0,0,0,0,0,0,-32302,0,0,0,0,0,107961,0
106549,-1258,8014,-78,30,48,-44,-4138,4,2,-745,-256,36489,136,32,65,0,0,0,0,0,0,0,0,-32301,0,0,0,0,0,107967,0
106554,-1268,8010,-90,30,49,-43,-4138,0,-1,-746,-264,36489,136,32,65,0,0,0,0,0,0,0,0,-32301,0,0,0,0,0,107972,0
106559,-1284,7986,-120,36,40,-44,-4138,0,4,-743,-256,36491,133,32,65,0,0,0,0,0,0,0,0,-32301,0,0,0,0,0,107978,0
106564,-1318,8052,-142,41,29,-40,-4138,2,1,-741,-256,36491,133,32,65,0,0,0,0,0,0,0,0,-32301,0,0,0,0,0,107982,0
106569,-1272,8070,-142,40,25,-43,-4138,0,0,-747,-256,36494,139,32,65,0,0,0,0,0,0,0,0,-32302,0,0,0,0,0,107988,0
106574,-1308,8058,-156,41,23,-38,-4139,0,0,-741,-256,36494,139,32,65,0,0,0,0,0,0,0,0,-32302,0,0,0,0,0,107994,0
106579,-1262,8108,-178,44,16,-38,-4139,-7,-2,-746,-240,36494,147,32,65,0,0,0,0,0,0,0,0,-32302,0,0,0,0,0,107999,0
106584,-1314,8076,-196,37,9,-37,-4139,-2,1,-748,-248,36494,147,32,65,0,0,0,0,0,0,0,0,-32302,0,0,0,0,0,108005,0
106589,-1300,8090,-198,40,8,-32,-4138,-4,-2,-749,-248,36493,143,32,65,0,0,0,0,0,0,0,0,-32302,0,0,0,0,0,108009,0
106594,-1322,8052,-214,39,7,-35,-4138,1,2,-746,-248,36493,143,32,65,0,0,0,0,0,0,0,0,-32302,0,0,0,0,0,108016,0
106599,-1348,8072,-224,44,-1,-31,-4139,3,-3,-746,-256,36489,134,32,65,0,0,0,0,0,0,0,0,-32302,0,0,0,0,0,108022,0
106604,-1384,8022,-254,38,-15,-21,-4138,0,1,-745,-264,36489,134,32,65,0,0,0,0,0,0,0,0,-32302,0,0,0,0,0,108027,0
106609,-1356,8014,-292,41,-20,-17,-4138,1,4,-742,-248,36490,136,32,65,0,0,0,0,0,0,0,0,-32301,0,0,0,0,0,108032,0
106614,-1426,8002,-274,38,-23,-18,-4137,0,4,-749,-256,36490,136,32,65,0,0,0,0,0,0,0,0,-32302,0,0,0,0,0,108037,0
106619,-1418,8010,-262,35,-33,-14,-4138,1,3,-745,-264,36489,133,32,65,0,0,0,0,0,0,0,0,-32302,0,0,0,0,0,108043,0
106624,-1428,7988,-264,34,-46,-7,-4138,6,-1,-744,-256,36489,133,32,65,0,0,0,0,0,0,0,0,-32302,0,0,0,0,0,108049,0
106629,-1452,7970,-302,31,-51,-8,-4139,-1,0,-748,-248,36489,128,32,65,0,0,0,0,0,0,0,0,-32302,0,0,0,0,0,108054,0
106634,-1438,7960,-284,28,-61,-4,-4138,0,1,-744,-256,36489,128,32,65,0,0,0,0,0,0,0,0,-32302,0,0,0,0,0,108060,0
106639,-1406,7990,-270,29,-62,3,-4139,3,2,-748,-256,36488,125,32,65,0,0,0,0,0,0,0,0,-32301,0,0,0,0,0,108069,0
106644,-1372,7992,-262,22,-67,3,-4138,1,3,-747,-248,36488,125,32,65,0,0,0,0,0,0,0,0,-32302,0,0,0,0,0,108071,0
106649,-1348,8040,-244,22,-68,1,-4140,-9,-5,-745,-240,36484,129,32,65,0,0,0,0,0,0,0,0,-32301,0,0,0,0,0,108077,0
106654,-1330,8048,-244,23,-69,9,-4139,-7,2,-746,-248,36484,129,32,65,0,0,0,0,0,0,0,0,-32302,0,0,0,0,0,108082,0
106659,-1296,8072,-236,15,-65,13,-4139,0,-4,-746,-248,36481,136,32,65,0,0,0,0,0,0,0,0,-32301,0,0,0,0,0,108088,0
106664,-1282,8110,-230,10,-59,22,-4139,-4,-4,-752,-248,36481,136,32,65,0,0,0,0,0,0,0,0,-32301,0,0,0,0,0,108092,0
106669,-1292,8106,-234,6,-60,14,-4138,1,2,-743,-256,36483,133,32,65,0,0,0,0,0,0,0,0,-32301,0,0,0,0,0,108098,0
106674,-1280,8096,-210,7,-63,17,-4139,-4,-3,-746,-248,36483,133,32,65,0,0,0,0,0,0,0,0,-32302,0,0,0,0,0,108104,0
106679,-1272,8090,-200,-1,-60,24,-4138,-3,4,-746,-248,36485,126,32,65,0,0,0,0,0,0,0,0,-32301,0,0,0,0,0,108109,0
106684,-1290,8068,-154,3,-59,25,-4138,0,-1,-747,-256,36485,126,32,65,0,0,0,0,0,0,0,0,-32302,0,0,0,0,0,108115,0
106689,-1308,8016,-140,-6,-51,21,-4138,6,-1,-743,-264,36488,127,32,65,0,0,0,0,0,0,0,0,-32302,0,0,0,0,0,108120,0
106694,-1250,8030,-142,-5,-55,25,-4138,0,2,-746,-248,36488,127,32,65,0,0,0,0,0,0,0,0,-32301,0,0,0,0,0,108126,0
106699,-1288,8032,-128,-12,-43,25,-4139,-5,0,-745,-248,36484,122,32,65,0,0,0,0,0,0,0,0,-32302,0,0,0,0,0,108132,0
106704,-1260,8070,-122,-16,-49,28,-4137,9,3,-739,-272,36484,122,32,65,0,0,0,0,0,0,0,0,-32302,0,0,0,0,0,108137,0
106709,-1214,8060,-106,-7,-48,31,-4139,-2,-4,-746,-256,36480,121,32,65,0,0,0,0,0,0,0,0,-32301,0,0,0,0,0,108143,0
106714,-1218,8078,-108,-10,-49,27,-4138,3,0,-745,-256,36480,121,32,65,0,0,0,0,0,0,0,0,-32302,0,0,0,0,0,108147,0
106719,-1202,8134,-96,-7,-47,31,-4138,0,2,-750,-248,36479,128,32,65,0,0,0,0,0,0,0,0,-32302,0,0,0,0,0,108153,0
106724,-1132,8152,-114,-8,-45,29,-4139,-5,-2,-745,-248,36479,128,32,65,0,0,0,0,0,0,0,0,-32302,0,0,0,0,0,108159,0
106729,-1140,8152,-92,-14,-39,23,-4138,-3,-4,-745,-256,36480,133,32,65,0,0,0,0,0,0,0,0,-32302,0,0,0,0,0,108164,0
106734,-1138,8150,-100,-13,-43,28,-4139,-6,-1,-748,-248,36480,133,32,65,0,0,0,0,0,0,0,0,-32301,0,0,0,0,0,108170,0
106739,-1188,8108,-88,-12,-45,28,-4139,0,-1,-748,-248,36483,137,32,65,0,0,0,0,0,0,0,0,-32302,0,0,0,0,0,108176,0
106744,-1216,8076,-84,-15,-38,23,-4138,-3,0,-753,-248,36483,137,32,65,0,0,0,0,0,0,0,0,-32301,0,0,0,0,0,108181,0
106749,-1212,8092,-50,-10,-43,18,-4138,-1,1,-743,-256,36483,139,32,65,0,0,0,0,0,0,0,0,-32302,0,0,0,0,0,108187,0
106754,-1246,8042,-54,-11,-42,22,-4139,1,-3,-743,-264,36483,139,32,65,0,0,0,0,0,0,0,0,-32302,0,0,0,0,0,108192,0
106759,-1258,8018,-44,-8,-40,18,-4137,9,7,-742,-272,36496,137,32,65,0,0,0,0,0,0,0,0,-32302,0,0,0,0,0,108198,0
106764,-1314,7998,-34,-9,-49,20,-4138,-1,1,-746,-264,36496,137,32,65,0,0,0,0,0,0,0,0,-32301,0,0,0,0,0,108203,0
106769,-1320,7978,-34,2,-50,22,-4139,0,1,-744,-248,36506,132,32,65,0,0,0,0,0,0,0,0,-32301,0,0,0,0,0,108208,0
106774,-1318,8004,-14,-2,-52,22,-4138,1,-2,-747,-256,36506,132,32,65,0,0,0,0,0,0,0,0,-32302,0,0,0,0,0,108214,0
106779,-1312,7998,-40,-4,-48,27,-4137,4,3,-748,-272,36508,125,32,65,0,0,0,0,0,0,0,0,-32302,0,0,0,0,0,108219,0
106784,-1308,8032,-74,15,-63,21,-4138,-4,-1,-746,-256,36508,125,32,65,0,0,0,0,0,0,0,0,-32302,0,0,0,0,0,108225,0
106789,-1310,7996,-96,9,-65,28,-4137,2,2,-739,-264,36498,129,32,65,0,0,0,0,0,0,0,0,-32302,0,0,0,0,0,108229,0
106794,-1320,8046,-134,7,-66,28,-4139,-6,-1,-747,-256,36498,129,32,65,0,0,0,0,0,0,0,0,-32301,0,0,0,0,0,108236,0
106799,-1290,8036,-126,7,-64,28,-4139,-5,-2,-744,-240,36488,139,32,65,0,0,0,0,0,0,0,0,-32302,0,0,0,0,0,108241,0
106804,-1284,8070,-98,12,-73,29,-4139,-5,-5,-747,-248,36488,139,32,65,0,0,0,0,0,0,0,0,-32302,0,0,0,0,0,108246,0
106809,-1248,8084,-106,9,-73,25,-4139,-7,0,-745,-240,36491,134,32,65,0,0,0,0,0,0,0,0,-32302,0,0,0,0,0,108252,0
106814,-1288,8078,-98,9,-76,28,-4137,5,3,-747,-264,36491,134,32,65,0,0,0,0,0,0,0,0,-32301,0,0,0,0,0,108257,0
106819,-1220,8082,-144,7,-77,30,-4138,6,-2,-747,-256,36491,128,32,65,0,0,0,0,0,0,0,0,-32302,0,0,0,0,0,108262,0
106824,-1248,8054,-104,6,-77,29,-4137,7,4,-743,-256,36491,128,32,65,0,0,0,0,0,0,0,0,-32302,0,0,0,0,0,108268,0
106829,-1244,8080,-82,0,-87,32,-4139,0,0,-749,-256,36488,125,32,65,0,0,0,0,0,0,0,0,-32301,0,0,0,0,0,108273,0
106834,-1252,8088,-110,13,-81,23,-4138,7,1,-747,-256,36488,125,32,65,0,0,0,0,0,0,0,0,-32301,0,0,0,0,0,108279,0
106839,-1240,8062,-82,6,-84,32,-4139,0,1,-750,-256,36486,130,32,65,0,0,0,0,0,0,0,0,-32302,0,0,0,0,0,108284,0
106844,-1274,8048,-100,7,-96,25,-4138,2,3,-744,-256,36486,130,32,65,0,0,0,0,0,0,0,0,-32301,0,0,0,0,0,108290,0
106849,-1296,8050,-96,12,-99,29,-4138,1,3,-744,-264,36486,131,32,65,0,0,0,0,0,0,0,0,-32302,0,0,0,0,0,108295,0
106854,-1298,8046,-128,8,-107,31,-4138,5,2,-745,-264,36486,131,32,65,0,0,0,0,0,0,0,0,-32302,0,0,0,0,0,108300,0
106859,-1298,8042,-132,16,-117,30,-4139,-10,-2,-748,-256,36486,135,32,65,0,0,0,0,0,0,0,0,-32302,0,0,0,0,0,108306,0
106864,-1316,8050,-130,21,-137,27,-4138,-1,2,-740,-248,36486,135,32,65,0,0,0,0,0,0,0,0,-32302,0,0,0,0,0,108311,0
106869,-1276,8046,-98,24,-143,29,-4139,-6,-4,-748,-256,36487,133,32,65,0,0,0,0,0,0,0,0,-32302,0,0,0,0,0,108317,0
106874,-1294,8044,-112,25,-145,28,-4138,-4,1,-742,-256,36487,133,32,65,0,0,0,0,0,0,0,0,-32301,0,0,0,0,0,108322,0
106879,-1290,8024,-100,24,-162,20,-4138,-5,0,-748,-240,36491,138,32,65,0,0,0,0,0,0,0,0,-32301,0,0,0,0,0,108328,0
106884,-1316,8020,-86,34,-176,26,-4139,-4,-3,-746,-248,36491,138,32,65,0,0,0,0,0,0,0,0,-32301,0,0,0,0,0,108333,0
106889,-1284,8008,-94,35,-186,23,-4139,-5,-5,-749,-256,36493,132,32,65,0,0,0,0,0,0,0,0,-32301,0,0,0,0,0,108339,0
106894,-1320,8026,-60,37,-196,21,-4139,-3,-1,-746,-248,36493,132,32,65,0,0,0,0,0,0,0,0,-32302,0,0,0,0,0,108344,0
106899,-1298,8018,-68,36,-201,21,-4138,-2,0,-748,-248,36492,129,32,65,0,0,0,0,0,0,0,0,-32302,0,0,0,0,0,108350,0
106904,-1290,8024,-92,48,-223,17,-4139,-1,1,-746,-256,36492,129,32,65,0,0,0,0,0,0,0,0,-32302,0,0,0,0,0,108355,0
106909,-1306,8016,-94,49,-243,21,-4139,-1,-3,-746,-256,36488,130,32,65,0,0,0,0,0,0,0,0,-32301,0,0,0,0,0,108360,0
106914,-1274,8024,-108,48,-245,17,-4139,-1,2,-747,-248,36488,130,32,65,0,0,0,0,0,0,0,0,-32302,0,0,0,0,0,108366,0
106919,-1280,8022,-112,59,-258,16,-4137,6,0,-743,-256,36488,132,32,65,0,0,0,0,0,0,0,0,-32302,0,0,0,0,0,108371,0
106924,-1310,8014,-80,64,-286,15,-4138,-3,1,-753,-256,36488,132,32,65,0,0,0,0,0,0,0,0,-32302,0,0,0,0,0,108377,0
106929,-1270,8000,-50,65,-292,12,-4138,0,2,-743,-256,36487,135,32,65,0,0,0,0,0,0,0,0,-32301,0,0,0,0,0,108382,0
106934,-1286,8032,-28,72,-305,5,-4139,0,-5,-747,-248,36487,135,32,65,0,0,0,0,0,0,0,0,-32302,0,0,0,0,0,108388,0
106939,-1266,8030,-26,74,-318,7,-4138,1,-1,-746,-256,36488,133,32,65,0,0,0,0,0,0,0,0,-32302,0,0,0,0,0,108393,0
106944,-1264,8052,-50,82,-328,6,-4138,10,3,-742,-256,36488,133,32,65,0,0,0,0,0,0,0,0,-32302,0,0,0,0,0,108398,0
106949,-1206,8066,-48,78,-336,5,-4138,2,-1,-747,-256,36487,138,32,65,0,0,0,0,0,0,0,0,-32302,0,0,0,0,0,108404,0
106954,-1262,8108,-50,84,-339,4,-4138,-9,2,-745,-256,36487,138,32,65,0,0,0,0,0,0,0,0,-32301,0,0,0,0,0,108410,0
106959,-1226,8110,-56,83,-340,5,-4138,1,1,-743,-248,36487,139,32,65,0,0,0,0,0,0,0,0,-32302,0,0,0,0,0,108415,0
106964,-1236,8124,-48,84,-349,-5,-4138,-2,-4,-751,-256,36487,139,32,65,0,0,0,0,0,0,0,0,-32302,0,0,0,0,0,108421,0
106969,-1232,8082,-64,89,-346,7,-4138,3,-2,-742,-256,36486,139,32,65,0,0,0,0,0,0,0,0,-32302,0,0,0,0,0,108426,0
106974,-1276,8090,-52,88,-342,2,-4138,-4,-1,-747,-256,36486,139,32,65,0,0,0,0,0,0,0,0,-32302,0,0,0,0,0,108432,0
106979,-1236,8066,-60,84,-346,1,-4138,1,4,-744,-264,36488,129,32,65,0,0,0,0,0,0,0,0,-32302,0,0,0,0,0,108437,0
106984,-1258,8062,-12,91,-346,5,-4138,4,4,-746,-264,36488,129,32,65,0,0,0,0,0,0,0,0,-32302,0,0,0,0,0,108443,0
106989,-1268,8048,-10,88,-343,4,-4138,1,3,-748,-248,36494,125,32,65,0,0,0,0,0,0,0,0,-32301,0,0,0,0,0,108449,0
106994,-1306,8012,-10,91,-339,8,-4137,3,0,-746,-264,36494,125,32,65,0,0,0,0,0,0,0,0,-32301,0,0,0,0,0,108454,0
106999,-1280,8038,10,90,-347,3,-4138,2,3,-748,-248,36494,131,32,65,0,0,0,0,0,0,0,0,-32301,0,0,0,0,0,108461,0
107004,-1288,8006,42,92,-329,10,-4137,4,-1,-743,-256,36494,131,32,65,0,0,0,0,0,0,0,0,-32301,0,0,0,0,0,108465,0
107009,-1302,8018,60,87,-333,11,-4138,-4,-5,-744,-264,36491,131,32,65,0,0,0,0,0,0,0,0,-32301,0,0,0,0,0,108471,0
107014,-1258,8004,92,86,-326,8,-4137,1,-1,-746,-256,36491,131,32,65,0,0,0,0,0,0,0,0,-32301,0,0,0,0,0,108476,0
107019,-1234,8036,92,91,-318,13,-4138,-2,-4,-748,-256,36483,137,32,65,0,0,0,0,0,0,0,0,-32302,0,0,0,0,0,108482,0
107024,-1192,8058,162,87,-291,20,-4137,1,0,-740,-256,36483,137,32,65,0,0,0,0,0,0,0,0,-32301,0,0,0,0,0,108487,0
107029,-1158,8068,188,86,-274,23,-4138,5,-2,-743,-256,36486,128,32,65,0,0,0,0,0,0,0,0,-32301,0,0,0,0,0,108492,0
107034,-1156,8084,198,89,-258,17,-4138,2,2,-743,-256,36486,128,32,65,0,0,0,0,0,0,0,0,-32301,0,0,0,0,0,108498,0
107039,-1152,8042,226,86,-238,21,-4138,0,-1,-746,-256,36491,123,32,65,0,0,0,0,0,0,0,0,-32301,0,0,0,0,0,108503,0
107044,-1176,8036,242,81,-202,20,-4138,-6,2,-751,-256,36491,123,32,65,0,0,0,0,0,0,0,0,-32301,0,0,0,0,0,108509,0
107049,-1184,8024,236,78,-183,26,-4138,-2,1,-746,-248,36490,123,32,65,0,0,0,0,0,0,0,0,-32301,0,0,0,0,0,108514,0
107054,-1176,8032,240,80,-164,25,-4138,-3,-3,-747,-256,36490,123,32,65,0,0,0,0,0,0,0,0,-32301,0,0,0,0,0,108520,0
107059,-1148,8028,244,79,-142,27,-4137,0,-1,-746,-256,36490,125,32,65,0,0,0,0,0,0,0,0,-32301,0,0,0,0,0,108526,0
107064,-1116,8052,254,85,-106,26,-4137,0,-3,-750,-264,36490,125,32,65,0,0,0,0,0,0,0,0,-32302,0,0,0,0,0,108531,0
107069,-1128,8076,222,75,-87,30,-4138,-6,1,-750,-264,36487,126,32,65,0,0,0,0,0,0,0,0,-32301,0,0,0,0,0,108537,0
107074,-1126,8082,230,80,-69,31,-4138,1,0,-742,-256,36487,126,32,65,0,0,0,0,0,0,0,0,-32301,0,0,0,0,0,108542,0
107079,-1112,8090,220,76,-54,28,-4137,2,-2,-747,-256,36487,128,32,65,0,0,0,0,0,0,0,0,-32302,0,0,0,0,0,108548,0
107084,-1154,8040,194,76,-19,34,-4138,1,0,-745,-256,36487,128,32,65,0,0,0,0,0,0,0,0,-32302,0,0,0,0,0,108553,0
107089,-1178,8046,182,79,-6,30,-4138,3,0,-745,-256,36491,131,32,65,0,0,0,0,0,0,0,0,-32302,0,0,0,0,0,108559,0
107094,-1194,8030,186,77,4,33,-4138,3,0,-746,-264,36491,131,32,65,0,0,0,0,0,0,0,0,-32301,0,0,0,0,0,108564,0
107099,-1218,8026,164,78,14,27,-4138,-3,-1,-745,-248,36491,135,32,65,0,0,0,0,0,0,0,0,-32301,0,0,0,0,0,108570,0
107104,-1236,8034,116,82,22,34,-4137,4,0,-741,-264,36491,135,32,65,0,0,0,0,0,0,0,0,-32302,0,0,0,0,0,108575,0
107109,-1246,8020,108,83,26,37,-4136,8,-2,-744,-256,36491,135,32,65,0,0,0,0,0,0,0,0,-32301,0,0,0,0,0,108581,0
107114,-1258,8036,102,90,26,34,-4137,-1,0,-748,-264,36491,135,32,65,0,0,0,0,0,0,0,0,-32302,0,0,0,0,0,108586,0
107119,-1254,8026,58,88,31,36,-4138,-2,-1,-746,-256,36486,127,32,65,0,0,0,0,0,0,0,0,-32301,0,0,0,0,0,108592,0
107124,-1240,8074,54,101,35,35,-4137,3,-3,-746,-264,36486,127,32,65,0,0,0,0,0,0,0,0,-32301,0,0,0,0,0,108597,0
107129,-1234,8070,62,96,32,35,-4137,0,-3,-748,-256,36486,129,32,65,0,0,0,0,0,0,0,0,-32301,0,0,0,0,0,108603,0
107134,-1250,8032,42,99,35,34,-4137,0,0,-747,-256,36486,129,32,65,0,0,0,0,0,0,0,0,-32302,0,0,0,0,0,108608,0
107139,-1282,8016,32,99,30,37,-4139,-2,0,-745,-248,36486,132,32,65,0,0,0,0,0,0,0,0,-32302,0,0,0,0,0,108613,0
107144,-1290,8018,10,106,17,35,-4137,4,1,-743,-256,36486,132,32,65,0,0,0,0,0,0,0,0,-32301,0,0,0,0,0,108619,0
107149,-1302,8000,16,113,27,35,-4137,4,-2,-747,-256,36486,133,32,65,0,0,0,0,0,0,0,0,-32301,0,0,0,0,0,108625,0
107154,-1302,8032,-8,107,16,35,-4138,0,4,-744,-256,36486,133,32,65,0,0,0,0,0,0,0,0,-32302,0,0,0,0,0,108630,0
107159,-1306,8020,-18,112,9,33,-4138,-2,-1,-746,-248,36487,133,32,65,0,0,0,0,0,0,0,0,-32301,0,0,0,0,0,108636,0
107164,-1286,8062,-18,114,5,36,-4138,-3,-2,-746,-256,36487,133,32,65,0,0,0,0,0,0,0,0,-32301,0,0,0,0,0,108641,0
107169,-1268,8060,-36,109,-3,33,-4137,-4,-2,-750,-248,36487,132,32,65,0,0,0,0,0,0,0,0,-32301,0,0,0,0,0,108647,0
107174,-1252,8068,-54,118,-6,36,-4138,-1,1,-748,-256,36487,132,32,65,0,0,0,0,0,0,0,0,-32301,0,0,0,0,0,108652,0
107179,-1242,8120,-58,119,3,36,-4138,0,0,-746,-256,36488,127,32,65,0,0,0,0,0,0,0,0,-32301,0,0,0,0,0,108658,0
107184,-1200,8112,-78,119,-4,41,-4140,-9,-2,-747,-240,36488,127,32,65,0,0,0,0,0,0,0,0,-32302,0,0,0,0,0,108663,0
107189,-1196,8114,-96,116,-5,36,-4138,0,-1,-748,-248,36488,132,32,65,0,0,0,0,0,0,0,0,-32301,0,0,0,0,0,108669,0
107194,-1228,8114,-96,114,-4,37,-4137,0,2,-750,-256,36488,132,32,65,0,0,0,0,0,0,0,0,-32302,0,0,0,0,0,108674,0
107199,-1200,8126,-114,114,-4,37,-4137,10,5,-743,-264,36491,128,32,65,0,0,0,0,0,0,0,0,-32301,0,0,0,0,0,108679,0
107204,-1248,8060,-100,105,-2,39,-4138,-2,-1,-747,-248,36491,128,32,65,0,0,0,0,0,0,0,0,-32303,0,0,0,0,0,108685,0
107209,-1278,8070,-96,107,-3,40,-4138,-7,-3,-745,-248,36489,131,32,65,0,0,0,0,0,0,0,0,-32303,0,0,0,0,0,108691,0
107214,-1294,8028,-100,106,-1,38,-4138,0,0,-744,-248,36489,131,32,65,0,0,0,0,0,0,0,0,-32301,0,0,0,0,0,108696,0
107219,-1278,8042,-102,103,-4,39,-4138,-3,0,-747,-256,36489,132,32,65,0,0,0,0,0,0,0,0,-32302,0,0,0,0,0,108702,0
107224,-1288,8002,-74,110,-8,36,-4137,1,-2,-743,-256,36489,132,32,65,0,0,0,0,0,0,0,0,-32301,0,0,0,0,0,108707,0
107229,-1336,7996,-100,103,-2,41,-4139,-1,2,-750,-256,36486,128,32,65,0,0,0,0,0,0,0,0,-32302,0,0,0,0,0,108713,0
107234,-1308,8004,-70,112,-6,42,-4138,0,4,-746,-248,36486,128,32,65,0,0,0,0,0,0,0,0,-32302,0,0,0,0,0,108718,0
107239,-1304,8050,-66,112,-11,39,-4137,3,-4,-748,-264,36485,129,32,65,0,0,0,0,0,0,0,0,-32301,0,0,0,0,0,108724,0
107244,-1280,8040,-74,110,-15,46,-4139,-6,4,-750,-248,36485,129,32,65,0,0,0,0,0,0,0,0,-32302,0,0,0,0,0,108729,0
107249,-1300,8056,-72,104,-15,40,-4138,0,-1,-747,-248,36486,134,32,65,0,0,0,0,0,0,0,0,-32302,0,0,0,0,0,108735,0
107254,-1278,8082,-60,103,-16,46,-4138,-1,-2,-751,-256,36486,134,32,65,0,0,0,0,0,0,0,0,-32302,0,0,0,0,0,108741,0
107259,-1264,8078,-58,103,-11,45,-4137,8,2,-742,-256,36486,131,32,65,0,0,0,0,0,0,0,0,-32302,0,0,0,0,0,108746,0
107264,-1218,8088,-72,102,-16,46,-4137,0,-2,-744,-264,36486,131,32,65,0,0,0,0,0,0,0,0,-32301,0,0,0,0,0,108751,0
107269,-1246,8056,-60,106,-18,45,-4137,5,0,-739,-264,36489,131,32,65,0,0,0,0,0,0,0,0,-32301,0,0,0,0,0,108757,0
107274,-1264,8022,-42,108,-16,46,-4139,-5,-1,-746,-248,36489,131,32,65,0,0,0,0,0,0,0,0,-32302,0,0,0,0,0,108762,0
107279,-1260,8026,-20,108,-19,43,-4137,5,0,-744,-248,36490,130,32,65,0,0,0,0,0,0,0,0,-32302,0,0,0,0,0,108768,0
107284,-1270,8026,-10,106,-20,45,-4138,0,-3,-746,-256,36490,130,32,65,0,0,0,0,0,0,0,0,-32302,0,0,0,0,0,108773,0
107289,-1276,8020,-20,108,-18,43,-4138,0,4,-742,-256,36490,127,32,65,0,0,0,0,0,0,0,0,-32301,0,0,0,0,0,108779,0
107294,-1270,8036,-26,108,-18,48,-4137,1,-2,-747,-256,36490,127,32,65,0,0,0,0,0,0,0,0,-32301,0,0,0,0,0,108784,0
107299,-1266,8070,-42,114,-18,46,-4138,2,0,-744,-264,36486,124,32,65,0,0,0,0,0,0,0,0,-32301,0,0,0,0,0,108790,0
107304,-1254,8066,-50,113,-14,50,-4138,-2,1,-745,-264,36486,124,32,65,0,0,0,0,0,0,0,0,-32302,0,0,0,0,0,108795,0
107309,-1238,8080,-42,105,-16,51,-4138,0,-2,-741,-256,36489,126,32,65,0,0,0,0,0,0,0,0,-32302,0,0,0,0,0,108801,0
107314,-1230,8080,-20,111,-10,50,-4138,1,0,-745,-256,36489,126,32,65,0,0,0,0,0,0,0,0,-32301,0,0,0,0,0,108806,0
107319,-1242,8052,-4,107,-12,53,-4137,0,0,-747,-256,36491,131,32,65,0,0,0,0,0,0,0,0,-32302,0,0,0,0,0,108812,0
107324,-1270,8026,-8,107,-5,51,-4137,3,0,-749,-264,36491,131,32,65,0,0,0,0,0,0,0,0,-32302,0,0,0,0,0,108817,0
107329,-1266,8044,-30,113,-6,50,-4138,0,0,-742,-256,36493,129,32,65,0,0,0,0,0,0,0,0,-32301,0,0,0,0,0,108823,0
107334,-1256,8048,6,115,-2,53,-4138,0,-4,-744,-256,36493,129,32,65,0,0,0,0,0,0,0,0,-32301,0,0,0,0,0,108828,0
107339,-1240,8046,-24,117,-3,56,-4138,3,-4,-743,-256,36490,126,32,65,0,0,0,0,0,0,0,0,-32301,0,0,0,0,0,108834,0
107344,-1238,8036,-12,117,-2,57,-4138,0,2,-746,-256,36490,126,32,65,0,0,0,0,0,0,0,0,-32301,0,0,0,0,0,108839,0
107349,-1282,8046,-16,116,5,55,-4138,1,1,-740,-256,36488,122,32,65,0,0,0,0,0,0,0,0,-32302,0,0,0,0,0,108845,0
107354,-1252,8030,-2,119,-3,61,-4138,1,2,-745,-256,36488,122,32,65,0,0,0,0,0,0,0,0,-32301,0,0,0,0,0,108850,0
107359,-1260,8016,-30,124,4,59,-4137,1,2,-745,-264,36487,125,32,65,0,0,0,0,0,0,0,0,-32301,0,0,0,0,0,108855,0
107364,-1248,8046,-8,128,-1,60,-4138,-2,-3,-745,-264,36487,125,32,65,0,0,0,0,0,0,0,0,-32301,0,0,0,0,0,108861,0
107369,-1246,8052,-52,120,-3,55,-4137,0,1,-748,-256,36487,126,32,65,0,0,0,0,0,0,0,0,-32302,0,0,0,0,0,108867,0
107374,-1210,8056,-26,117,-6,61,-4138,-2,-5,-750,-256,36487,126,32,65,0,0,0,0,0,0,0,0,-32301,0,0,0,0,0,108872,0
107379,-1206,8098,-40,123,-2,58,-4138,1,3,-742,-256,36487,126,32,65,0,0,0,0,0,0,0,0,-32301,0,0,0,0,0,108877,0
107384,-1226,8080,-42,128,-5,57,-4137,5,-1,-752,-256,36487,126,32,65,0,0,0,0,0,0,0,0,-32301,0,0,0,0,0,108883,0
107389,-1202,8052,-38,125,-9,58,-4138,3,0,-747,-248,36488,131,32,65,0,0,0,0,0,0,0,0,-32301,0,0,0,0,0,108889,0
107394,-1224,8098,-82,124,-2,56,-4137,1,1,-745,-248,36488,131,32,65,0,0,0,0,0,0,0,0,-32301,0,0,0,0,0,108894,0
107399,-1198,8090,-68,133,-5,52,-4138,0,-3,-747,-248,36490,133,32,65,0,0,0,0,0,0,0,0,-32302,0,0,0,0,0,108899,0
107404,-1196,8072,-62,126,-6,52,-4137,-3,0,-749,-248,36490,133,32,65,0,0,0,0,0,0,0,0,-32301,0,0,0,0,0,108905,0
107409,-1172,8090,-74,132,-13,53,-4137,2,-2,-747,-256,36489,133,32,65,0,0,0,0,0,0,0,0,-32301,0,0,0,0,0,108910,0
107414,-1182,8092,-80,126,-9,50,-4137,2,0,-745,-256,36489,133,32,65,0,0,0,0,0,0,0,0,-32302,0,0,0,0,0,108916,0
107419,-1180,8120,-62,129,-2,49,-4138,3,1,-745,-256,36492,134,32,65,0,0,0,0,0,0,0,0,-32301,0,0,0,0,0,108922,0
107424,-1192,8096,-106,132,-4,49,-4137,0,-1,-749,-248,36492,134,32,65,0,0,0,0,0,0,0,0,-32301,0,0,0,0,0,108927,0
107429,-1174,8076,-122,130,-15,51,-4138,0,0,-746,-248,36491,136,32,65,0,0,0,0,0,0,0,0,-32302,0,0,0,0,0,108932,0
107434,-1206,8092,-100,125,-7,49,-4137,1,0,-747,-256,36491,136,32,65,0,0,0,0,0,0,0,0,-32302,0,0,0,0,0,108938,0
107439,-1218,8076,-116,125,-7,47,-4138,-1,-4,-746,-248,36491,138,32,65,0,0,0,0,0,0,0,0,-32302,0,0,0,0,0,108944,0
107444,-1200,8088,-112,126,-5,45,-4138,-1,-1,-744,-240,36491,138,32,65,0,0,0,0,0,0,0,0,-32302,0,0,0,0,0,108949,0
107449,-1226,8060,-128,124,-11,46,-4139,-1,1,-750,-256,36487,135,32,65,0,0,0,0,0,0,0,0,-32302,0,0,0,0,0,108955,0
107454,-1176,8106,-120,121,-9,49,-4137,4,0,-746,-256,36487,135,32,65,0,0,0,0,0,0,0,0,-32301,0,0,0,0,0,108960,0
107459,-1202,8098,-102,124,-4,47,-4138,1,2,-749,-256,36487,134,32,65,0,0,0,0,0,0,0,0,-32302,0,0,0,0,0,108966,0
107464,-1208,8090,-132,122,-5,49,-4138,2,4,-743,-256,36487,134,32,65,0,0,0,0,0,0,0,0,-32302,0,0,0,0,0,108971,0
107469,-1218,8092,-136,120,-7,45,-4138,1,-2,-745,-256,36484,133,32,65,0,0,0,0,0,0,0,0,-32302,0,0,0,0,0,108977,0
107474,-1210,8076,-106,121,-2,50,-4138,-3,-2,-744,-248,36484,133,32,65,0,0,0,0,0,0,0,0,-32301,0,0,0,0,0,108982,0
107479,-1214,8098,-144,122,-3,45,-4138,0,1,-751,-264,36483,128,32,65,0,0,0,0,0,0,0,0,-32302,0,0,0,0,0,108988,0
107484,-1228,8050,-152,121,1,44,-4138,1,-2,-747,-248,36483,128,32,65,0,0,0,0,0,0,0,0,-32302,0,0,0,0,0,108993,0
107489,-1234,8068,-142,119,3,47,-4138,-4,-1,-747,-256,36486,127,32,65,0,0,0,0,0,0,0,0,-32301,0,0,0,0,0,108999,0
107494,-1238,8066,-110,119,-2,48,-4137,5,1,-739,-256,36486,127,32,65,0,0,0,0,0,0,0,0,-32302,0,0,0,0,0,109004,0
107499,-1262,8040,-118,119,-4,45,-4138,-1,-1,-747,-256,36490,134,32,65,0,0,0,0,0,0,0,0,-32301,0,0,0,0,0,109010,0
107504,-1280,8046,-132,116,0,51,-4138,0,-4,-744,-256,36490,134,32,65,0,0,0,0,0,0,0,0,-32301,0,0,0,0,0,109016,0
107509,-1274,8038,-146,111,2,51,-4137,0,4,-747,-264,36492,131,32,65,0,0,0,0,0,0,0,0,-32302,0,0,0,0,0,109022,0
107514,-1244,8028,-128,111,-1,49,-4139,-4,-1,-744,-248,36492,131,32,65,0,0,0,0,0,0,0,0,-32301,0,0,0,0,0,109027,0
107519,-1280,8046,-148,110,-1,51,-4139,-3,-5,-745,-248,36490,125,32,65,0,0,0,0,0,0,0,0,-32301,0,0,0,0,0,109032,0
107524,-1256,8020,-130,116,-2,54,-4139,-6,-2,-743,-248,36490,125,32,65,0,0,0,0,0,0,0,0,-32301,0,0,0,0,0,109038,0
107529,-1276,8048,-140,111,-5,52,-4139,3,-3,-744,-248,36492,123,32,65,0,0,0,0,0,0,0,0,-32301,0,0,0,0,0,109044,0
107534,-1274,8046,-140,113,-11,60,-4139,-11,-4,-752,-240,36492,123,32,65,0,0,0,0,0,0,0,0,-32301,0,0,0,0,0,109049,0
107539,-1286,8062,-108,111,-5,54,-4139,-4,-1,-745,-256,36494,130,32,65,0,0,0,0,0,0,0,0,-32301,0,0,0,0,0,109055,0
107544,-1266,8042,-108,107,-8,60,-4138,0,-2,-746,-256,36494,130,32,65,0,0,0,0,0,0,0,0,-32301,0,0,0,0,0,109060,0
107549,-1274,8046,-120,109,-6,63,-4137,3,1,-748,-256,36494,139,32,65,0,0,0,0,0,0,0,0,-32301,0,0,0,0,0,109066,0
107554,-1264,8052,-110,111,-6,59,-4138,1,1,-746,-264,36494,139,32,65,0,0,0,0,0,0,0,0,-32302,0,0,0,0,0,109071,0
107559,-1258,8056,-116,111,-7,61,-4138,-1,2,-745,-256,36489,141,32,65,0,0,0,0,0,0,0,0,-32301,0,0,0,0,0,109076,0
107564,-1230,8066,-112,104,-9,65,-4138,4,-3,-743,-256,36489,141,32,65,0,0,0,0,0,0,0,0,-32302,0,0,0,0,0,109082,0
107569,-1244,8040,-104,112,-8,65,-4138,-5,1,-751,-248,36488,140,32,65,0,0,0,0,0,0,0,0,-32302,0,0,0,0,0,109087,0
107574,-1254,8012,-94,110,-10,65,-4138,0,-1,-746,-256,36488,140,32,65,0,0,0,0,0,0,0,0,-32301,0,0,0,0,0,109093,0
107579,-1192,8062,-108,114,-6,64,-4137,3,-1,-745,-256,36489,138,32,65,0,0,0,0,0,0,0,0,-32301,0,0,0,0,0,109098,0
107584,-1198,8048,-116,115,-6,61,-4138,2,2,-747,-256,36489,138,32,65,0,0,0,0,0,0,0,0,-32301,0,0,0,0,0,109104,0
107589,-1158,8128,-128,110,-8,63,-4138,2,2,-744,-264,36489,137,32,65,0,0,0,0,0,0,0,0,-32301,0,0,0,0,0,109109,0
107594,-1112,8112,-148,104,-8,60,-4139,-7,-2,-747,-240,36489,137,32,65,0,0,0,0,0,0,0,0,-32302,0,0,0,0,0,109115,0
107599,-1114,8116,-132,108,-8,57,-4138,-4,-2,-747,-248,36488,133,32,65,0,0,0,0,0,0,0,0,-32302,0,0,0,0,0,109120,0
107604,-1098,8088,-130,111,-7,50,-4138,1,-1,-747,-256,36488,133,32,65,0,0,0,0,0,0,0,0,-32302,0,0,0,0,0,109126,0
107609,-1110,8080,-112,105,-5,50,-4139,-3,-1,-746,-256,36488,137,32,65,0,0,0,0,0,0,0,0,-32301,0,0,0,0,0,109131,0
107614,-1102,8072,-130,111,-9,46,-4138,2,0,-741,-256,36488,137,32,65,0,0,0,0,0,0,0,0,-32301,0,0,0,0,0,109137,0
107619,-1140,8074,-104,107,-3,46,-4139,-2,0,-746,-248,36487,134,32,65,0,0,0,0,0,0,0,0,-32302,0,0,0,0,0,109142,0
107624,-1144,8084,-98,109,-10,45,-4138,-2,0,-744,-256,36487,134,32,65,0,0,0,0,0,0,0,0,-32301,0,0,0,0,0,109148,0
107629,-1146,8066,-106,109,-9,37,-4138,1,1,-744,-256,36489,129,32,65,0,0,0,0,0,0,0,0,-32301,0,0,0,0,0,109153,0
107634,-1128,8112,-140,113,-8,34,-4139,-6,-1,-747,-256,36489,129,32,65,0,0,0,0,0,0,0,0,-32302,0,0,0,0,0,109159,0
107639,-1098,8098,-96,107,-10,38,-4138,2,1,-743,-256,36491,129,32,65,0,0,0,0,0,0,0,0,-32301,0,0,0,0,0,109164,0
107644,-1108,8140,-118,118,-11,34,-4138,0,-1,-751,-256,36491,129,32,65,0,0,0,0,0,0,0,0,-32302,0,0,0,0,0,109170,0
107649,-1124,8126,-108,113,-12,31,-4138,2,0,-743,-256,36490,131,32,65,0,0,0,0,0,0,0,0,-32301,0,0,0,0,0,109175,0
107654,-1128,8120,-126,111,-6,28,-4138,-1,2,-744,-256,36490,131,32,65,0,0,0,0,0,0,0,0,-32301,0,0,0,0,0,109181,0
107659,-1178,8120,-116,111,-7,28,-4138,5,4,-745,-264,36491,134,32,65,0,0,0,0,0,0,0,0,-32302,0,0,0,0,0,109186,0
107664,-1184,8084,-134,111,-4,31,-4138,4,-1,-746,-256,36491,134,32,65,0,0,0,0,0,0,0,0,-32302,0,0,0,0,0,109192,0
107669,-1184,8084,-144,111,-6,28,-4139,-3,1,-746,-248,36486,134,32,65,0,0,0,0,0,0,0,0,-32301,0,0,0,0,0,109197,0
107674,-1198,8076,-116,111,-8,30,-4138,-3,1,-750,-256,36486,134,32,65,0,0,0,0,0,0,0,0,-32302,0,0,0,0,0,109203,0
107679,-1218,8054,-128,112,-10,27,-4139,-3,-2,-746,-256,36487,134,32,65,0,0,0,0,0,0,0,0,-32301,0,0,0,0,0,109208,0
107684,-1248,8048,-142,110,-7,33,-4139,-7,-3,-747,-248,36487,134,32,65,0,0,0,0,0,0,0,0,-32301,0,0,0,0,0,109214,0
107689,-1234,8056,-142,101,-7,31,-4140,-3,-1,-746,-248,36486,131,32,65,0,0,0,0,0,0,0,0,-32301,0,0,0,0,0,109219,0
107694,-1214,8066,-166,106,-10,33,-4137,-3,2,-751,-248,36486,131,32,65,0,0,0,0,0,0,0,0,-32301,0,0,0,0,0,109225,0
107699,-1234,8080,-150,110,-8,32,-4139,-4,2,-744,-256,36488,125,32,65,0,0,0,0,0,0,0,0,-32302,0,0,0,0,0,109230,0
107704,-1220,8068,-160,107,-6,32,-4139,-3,-1,-745,-256,36488,125,32,65,0,0,0,0,0,0,0,0,-32301,0,0,0,0,0,109235,0
107709,-1210,8032,-182,103,-5,35,-4138,1,3,-747,-256,36485,124,32,65,0,0,0,0,0,0,0,0,-32301,0,0,0,0,0,109241,0
107714,-1224,8058,-166,109,-12,36,-4139,-5,-2,-754,-240,36485,124,32,65,0,0,0,0,0,0,0,0,-32302,0,0,0,0,0,109247,0
107719,-1200,8106,-168,99,-4,34,-4140,-3,-2,-738,-248,36485,128,32,65,0,0,0,0,0,0,0,0,-32302,0,0,0,0,0,109252,0
107724,-1198,8116,-178,102,-5,33,-4139,-2,-2,-747,-256,36485,128,32,65,0,0,0,0,0,0,0,0,-32302,0,0,0,0,0,109258,0
107729,-1184,8104,-162,103,-5,34,-4139,-3,-2,-750,-248,36486,134,32,65,0,0,0,0,0,0,0,0,-32302,0,0,0,0,0,109263,0
107734,-1176,8096,-152,100,-8,35,-4138,0,-1,-746,-256,36486,134,32,65,0,0,0,0,0,0,0,0,-32301,0,0,0,0,0,109269,0
107739,-1154,8080,-152,100,-3,30,-4139,-2,-2,-746,-256,36493,136,32,65,0,0,0,0,0,0,0,0,-32301,0,0,0,0,0,109274,0
107744,-1156,8086,-180,93,-9,33,-4139,-2,-3,-744,-248,36493,136,32,65,0,0,0,0,0,0,0,0,-32302,0,0,0,0,0,109280,0
107749,-1160,8078,-172,95,-7,32,-4139,-4,-2,-748,-248,36495,135,32,65,0,0,0,0,0,0,0,0,-32301,0,0,0,0,0,109285,0
107754,-1166,8110,-154,102,-8,29,-4138,1,-1,-744,-256,36495,135,32,65,0,0,0,0,0,0,0,0,-32301,0,0,0,0,0,109290,0
107759,-1148,8130,-174,97,-13,33,-4138,0,0,-748,-264,36493,139,32,65,0,0,0,0,0,0,0,0,-32301,0,0,0,0,0,109296,0
107764,-1176,8048,-158,96,-7,35,-4138,1,-1,-744,-256,36493,139,32,65,0,0,0,0,0,0,0,0,-32302,0,0,0,0,0,109302,0
107769,-1224,8064,-170,94,-12,28,-4139,-2,-2,-747,-248,36489,135,32,65,0,0,0,0,0,0,0,0,-32301,0,0,0,0,0,109307,0
107774,-1212,8064,-156,96,-14,32,-4139,-2,0,-742,-256,36489,135,32,65,0,0,0,0,0,0,0,0,-32301,0,0,0,0,0,109313,0
107779,-1220,8054,-186,90,-17,28,-4139,-2,1,-747,-248,36484,131,32,65,0,0,0,0,0,0,0,0,-32302,0,0,0,0,0,109318,0
107784,-1218,8050,-156,94,-19,28,-4138,2,-2,-748,-256,36484,131,32,65,0,0,0,0,0,0,0,0,-32301,0,0,0,0,0,109324,0
107789,-1190,8082,-194,94,-17,27,-4138,-3,-2,-751,-264,36486,125,32,65,0,0,0,0,0,0,0,0,-32302,0,0,0,0,0,109329,0
107794,-1188,8068,-170,96,-18,25,-4138,0,3,-745,-264,36486,125,32,65,0,0,0,0,0,0,0,0,-32301,0,0,0,0,0,109334,0
107799,-1200,8066,-182,101,-18,30,-4138,-3,2,-747,-248,36485,127,32,65,0,0,0,0,0,0,0,0,-32301,0,0,0,0,0,109340,0
107804,-1188,8078,-164,97,-21,27,-4138,5,1,-742,-264,36485,127,32,65,0,0,0,0,0,0,0,0,-32301,0,0,0,0,0,109345,0
107809,-1196,8082,-146,95,-22,21,-4138,5,1,-747,-248,36485,131,32,65,0,0,0,0,0,0,0,0,-32302,0,0,0,0,0,109351,0
107814,-1194,8054,-134,90,-16,24,-4139,-6,-1,-742,-248,36485,131,32,65,0,0,0,0,0,0,0,0,-32301,0,0,0,0,0,109356,0
107819,-1204,8064,-144,94,-12,19,-4138,0,0,-741,-256,36483,128,32,65,0,0,0,0,0,0,0,0,-32302,0,0,0,0,0,109362,0
107824,-1214,8070,-148,94,-14,23,-4139,0,1,-745,-256,36483,128,32,65,0,0,0,0,0,0,0,0,-32301,0,0,0,0,0,109367,0
107829,-1178,8064,-148,92,-15,22,-4138,4,-2,-746,-256,36484,127,32,65,0,0,0,0,0,0,0,0,-32301,0,0,0,0,0,109372,0
107834,-1194,8060,-128,87,-15,24,-4139,5,0,-747,-256,36484,127,32,65,0,0,0,0,0,0,0,0,-32302,0,0,0,0,0,109378,0
107839,-1174,8058,-152,92,-15,23,-4139,0,-1,-747,-256,36487,130,32,65,0,0,0,0,0,0,0,0,-32302,0,0,0,0,0,109383,0
107844,-1162,8110,-144,88,-12,21,-4139,-6,0,-746,-256,36487,130,32,65,0,0,0,0,0,0,0,0,-32301,0,0,0,0,0,109389,0
107849,-1174,8112,-148,89,-12,21,-4140,-8,0,-744,-248,36493,128,32,65,0,0,0,0,0,0,0,0,-32302,0,0,0,0,0,109395,0
107854,-1164,8100,-158,86,-11,24,-4137,3,3,-747,-264,36493,128,32,65,0,0,0,0,0,0,0,0,-32301,0,0,0,0,0,109400,0
107859,-1186,8112,-170,89,-12,23,-4139,-5,-4,-749,-256,36492,126,32,65,0,0,0,0,0,0,0,0,-32301,0,0,0,0,0,109406,0
107864,-1182,8068,-178,88,-15,24,-4139,-3,2,-746,-248,36492,126,32,65,0,0,0,0,0,0,0,0,-32301,0,0,0,0,0,109411,0
107869,-1202,8066,-150,93,-10,18,-4138,-1,3,-744,-248,36490,127,32,65,0,0,0,0,0,0,0,0,-32302,0,0,0,0,0,109416,0
107874,-1220,8058,-166,90,-11,17,-4139,-4,-2,-747,-256,36490,127,32,65,0,0,0,0,0,0,0,0,-32302,0,0,0,0,0,109422,0
107879,-1260,8010,-128,90,-12,20,-4138,1,-1,-745,-264,36486,126,32,65,0,0,0,0,0,0,0,0,-32302,0,0,0,0,0,109427,0
107884,-1250,8042,-134,89,-17,22,-4137,4,4,-745,-264,36486,126,32,65,0,0,0,0,0,0,0,0,-32302,0,0,0,0,0,109433,0
107889,-1244,8014,-140,93,-17,21,-4138,-3,1,-749,-256,36486,134,32,65,0,0,0,0,0,0,0,0,-32302,0,0,0,0,0,109438,0
107894,-1268,8052,-140,92,-14,25,-4139,-5,-4,-745,-256,36486,134,32,65,0,0,0,0,0,0,0,0,-32302,0,0,0,0,0,109444,0
107899,-1196,8014,-126,95,-21,27,-4138,2,-2,-745,-256,36487,133,32,65,0,0,0,0,0,0,0,0,-32302,0,0,0,0,0,109450,0
107904,-1258,8018,-128,96,-14,24,-4138,0,3,-747,-264,36487,133,32,65,0,0,0,0,0,0,0,0,-32301,0,0,0,0,0,109455,0
107909,-1246,7990,-104,95,-15,27,-4139,0,1,-746,-256,36486,135,32,65,0,0,0,0,0,0,0,0,-32301,0,0,0,0,0,109460,0
107914,-1248,8042,-120,93,-14,25,-4138,5,6,-746,-256,36486,135,32,65,0,0,0,0,0,0,0,0,-32302,0,0,0,0,0,109466,0
107919,-1216,8036,-110,99,-16,23,-4138,5,2,-747,-264,36485,134,32,65,0,0,0,0,0,0,0,0,-32302,0,0,0,0,0,109471,0
107924,-1184,8056,-86,101,-12,24,-4137,8,7,-745,-256,36485,134,32,65,0,0,0,0,0,0,0,0,-32302,0,0,0,0,0,109477,0
107929,-1204,8072,-100,105,-12,24,-4138,3,4,-747,-256,36485,127,32,65,0,0,0,0,0,0,0,0,-32301,0,0,0,0,0,109482,0
107934,-1164,8086,-110,105,-7,27,-4139,0,0,-741,-256,36485,127,32,65,0,0,0,0,0,0,0,0,-32302,0,0,0,0,0,109488,0
107939,-1172,8060,-102,97,-13,26,-4138,7,-1,-743,-264,36483,132,32,65,0,0,0,0,0,0,0,0,-32301,0,0,0,0,0,109493,0
107944,-1186,8074,-126,98,-9,24,-4139,-1,3,-749,-256,36483,132,32,65,0,0,0,0,0,0,0,0,-32301,0,0,0,0,0,109499,0
107949,-1186,8068,-134,108,-6,24,-4138,0,1,-741,-264,36484,136,32,65,0,0,0,0,0,0,0,0,-32301,0,0,0,0,0,109504,0
107954,-1202,8088,-128,103,-8,25,-4138,-1,0,-748,-256,36484,136,32,65,0,0,0,0,0,0,0,0,-32301,0,0,0,0,0,109509,0
107959,-1194,8080,-132,109,-6,25,-4138,-4,-3,-751,-256,36487,135,32,65,0,0,0,0,0,0,0,0,-32301,0,0,0,0,0,109515,0
107964,-1214,8076,-142,109,-7,29,-4139,-6,-2,-745,-248,36487,135,32,65,0,0,0,0,0,0,0,0,-32301,0,0,0,0,0,109521,0
107969,-1230,8098,-158,116,-8,31,-4139,2,1,-747,-248,36490,130,32,65,0,0,0,0,0,0,0,0,-32301,0,0,0,0,0,109526,0
107974,-1206,8100,-150,110,-6,27,-4138,6,-2,-746,-264,36490,130,32,65,0,0,0,0,0,0,0,0,-32302,0,0,0,0,0,109532,0
107979,-1236,8066,-120,108,-2,28,-4139,2,3,-746,-256,36492,127,32,65,0,0,0,0,0,0,0,0,-32301,0,0,0,0,0,109537,0
107984,-1234,8094,-156,107,-7,35,-4139,3,5,-745,-256,36492,127,32,65,0,0,0,0,0,0,0,0,-32301,0,0,0,0,0,109543,0
107989,-1212,8082,-160,113,-3,40,-4139,1,-5,-745,-256,36488,125,32,65,0,0,0,0,0,0,0,0,-32302,0,0,0,0,0,109548,0
107994,-1210,8048,-166,110,-1,31,-4139,2,3,-744,-248,36488,125,32,65,0,0,0,0,0,0,0,0,-32301,0,0,0,0,0,109553,0
107999,-1250,8062,-176,113,-1,40,-4139,0,-1,-746,-248,36486,123,32,65,0,0,0,0,0,0,0,0,-32301,0,0,0,0,0,109559,0
108004,-1254,8030,-200,109,-7,36,-4138,-4,-1,-749,-248,36486,123,32,65,0,0,0,0,0,0,0,0,-32301,0,0,0,0,0,109565,0
108009,-1250,8056,-190,110,-10,40,-4139,2,-1,-749,-256,36483,122,32,65,0,0,0,0,0,0,0,0,-32301,0,0,0,0,0,109570,0
108014,-1262,8036,-192,110,-6,36,-4137,1,-3,-744,-256,36483,122,32,65,0,0,0,0,0,0,0,0,-32301,0,0,0,0,0,109576,0
108019,-1226,8052,-208,113,-8,47,-4138,3,0,-743,-264,36483,126,32,65,0,0,0,0,0,0,0,0,-32302,0,0,0,0,0,109581,0
108024,-1200,8018,-182,103,-7,40,-4137,3,-1,-745,-264,36483,126,32,65,0,0,0,0,0,0,0,0,-32301,0,0,0,0,0,109587,0
108029,-1220,8048,-182,111,-13,41,-4138,-4,-4,-744,-256,36483,134,32,65,0,0,0,0,0,0,0,0,-32301,0,0,0,0,0,109592,0
108034,-1176,8058,-230,109,-5,40,-4138,1,-1,-742,-256,36483,134,32,65,0,0,0,0,0,0,0,0,-32301,0,0,0,0,0,109597,0
108039,-1174,8076,-210,107,-8,38,-4138,5,-1,-745,-256,36496,127,32,65,0,0,0,0,0,0,0,0,-32302,0,0,0,0,0,109603,0
108044,-1164,8086,-212,111,-4,37,-4139,0,-2,-747,-248,36496,127,32,65,0,0,0,0,0,0,0,0,-32301,0,0,0,0,0,109608,0
108049,-1114,8102,-208,104,-9,40,-4138,-5,-3,-745,-264,36508,125,32,65,0,0,0,0,0,0,0,0,-32301,0,0,0,0,0,109614,0
108054,-1144,8116,-212,104,-5,36,-4138,3,-1,-744,-256,36508,125,32,65,0,0,0,0,0,0,0,0,-32301,0,0,0,0,0,109619,0
108059,-1134,8126,-226,106,-7,31,-4140,-6,-2,-748,-240,36516,131,32,65,0,0,0,0,0,0,0,0,-32302,0,0,0,0,0,109625,0
108064,-1160,8100,-204,101,-9,35,-4139,-5,-2,-745,-248,36516,131,32,65,0,0,0,0,0,0,0,0,-32301,0,0,0,0,0,109630,0
108069,-1168,8082,-216,102,-9,32,-4138,0,-3,-752,-248,36511,136,32,65,0,0,0,0,0,0,0,0,-32302,0,0,0,0,0,109636,0
108074,-1158,8078,-220,99,-9,29,-4139,0,3,-745,-256,36511,136,32,65,0,0,0,0,0,0,0,0,-32301,0,0,0,0,0,109641,0
108079,-1206,8080,-222,99,-17,33,-4139,0,1,-746,-256,36497,139,32,65,0,0,0,0,0,0,0,0,-32301,0,0,0,0,0,109647,0
108084,-1210,8052,-208,98,-13,27,-4139,-3,-2,-747,-248,36497,139,32,65,0,0,0,0,0,0,0,0,-32302,0,0,0,0,0,109652,0
108089,-1188,8074,-206,97,-12,27,-4137,3,-2,-748,-264,36488,136,32,65,0,0,0,0,0,0,0,0,-32302,0,0,0,0,0,109658,0
108094,-1200,8044,-194,98,-17,26,-4138,8,2,-746,-264,36488,136,32,65,0,0,0,0,0,0,0,0,-32301,0,0,0,0,0,109663,0
108099,-1216,8076,-166,102,-19,23,-4138,-5,-1,-748,-256,36484,134,32,65,0,0,0,0,0,0,0,0,-32302,0,0,0,0,0,109669,0
108104,-1196,8050,-190,105,-19,25,-4139,0,-4,-745,-256,36484,134,32,65,0,0,0,0,0,0,0,0,-32301,0,0,0,0,0,109674,0
108109,-1202,8028,-174,98,-18,27,-4139,2,1,-747,-248,36483,136,32,65,0,0,0,0,0,0,0,0,-32301,0,0,0,0,0,109680,0
108114,-1204,8068,-196,102,-15,21,-4138,7,0,-743,-256,36483,136,32,65,0,0,0,0,0,0,0,0,-32302,0,0,0,0,0,109685,0
108119,-1182,8080,-202,102,-9,23,-4139,1,-1,-744,-256,36483,130,32,65,0,0,0,0,0,0,0,0,-32302,0,0,0,0,0,109690,0
108124,-1156,8098,-198,103,-10,23,-4138,2,4,-742,-256,36483,130,32,65,0,0,0,0,0,0,0,0,-32301,0,0,0,0,0,109696,0
108129,-1172,8094,-178,100,-7,22,-4138,3,-1,-746,-256,36484,128,32,65,0,0,0,0,0,0,0,0,-32302,0,0,0,0,0,109702,0
108134,-1168,8124,-184,96,-13,22,-4138,1,3,-748,-264,36484,128,32,65,0,0,0,0,0,0,0,0,-32302,0,0,0,0,0,109707,0
108139,-1198,8078,-192,99,-8,23,-4138,1,-4,-746,-256,36485,132,32,65,0,0,0,0,0,0,0,0,-32302,0,0,0,0,0,109713,0
108144,-1212,8044,-162,99,-15,22,-4139,1,0,-743,-248,36485,132,32,65,0,0,0,0,0,0,0,0,-32302,0,0,0,0,0,109718,0
108149,-1216,8070,-180,97,-4,22,-4139,-1,1,-743,-256,36486,135,32,65,0,0,0,0,0,0,0,0,-32301,0,0,0,0,0,109724,0
108154,-1212,8052,-154,103,-7,21,-4138,4,-3,-745,-256,36486,135,32,65,0,0,0,0,0,0,0,0,-32302,0,0,0,0,0,109729,0
108159,-1236,8070,-186,103,-10,21,-4138,6,1,-745,-264,36483,134,32,65,0,0,0,0,0,0,0,0,-32301,0,0,0,0,0,109735,0
108164,-1240,8032,-178,103,-10,24,-4140,-1,0,-740,-248,36483,134,32,65,0,0,0,0,0,0,0,0,-32301,0,0,0,0,0,109740,0
108169,-1226,8046,-196,97,-11,27,-4138,-1,-3,-745,-256,36486,139,32,65,0,0,0,0,0,0,0,0,-32302,0,0,0,0,0,109746,0
108174,-1222,8062,-162,102,-7,27,-4138,0,-1,-746,-264,36486,139,32,65,0,0,0,0,0,0,0,0,-32302,0,0,0,0,0,109751,0
108179,-1252,8040,-162,102,-5,28,-4138,5,3,-742,-256,36486,137,32,65,0,0,0,0,0,0,0,0,-32301,0,0,0,0,0,109757,0
108184,-1250,8032,-178,102,-6,32,-4138,2,2,-746,-256,36486,137,32,65,0,0,0,0,0,0,0,0,-32302,0,0,0,0,0,109762,0
108189,-1248,8052,-160,107,-2,32,-4138,5,-3,-743,-256,36487,138,32,65,0,0,0,0,0,0,0,0,-32302,0,0,0,0,0,109768,0
108194,-1226,8040,-176,107,-9,33,-4139,0,2,-743,-256,36487,138,32,65,0,0,0,0,0,0,0,0,-32301,0,0,0,0,0,109773,0
108199,-1252,8068,-178,104,4,32,-4139,-2,1,-747,-256,36484,144,32,65,0,0,0,0,0,0,0,0,-32301,0,0,0,0,0,109779,0
108204,-1248,8048,-200,107,-2,43,-4139,-5,-3,-742,-256,36484,144,32,65,0,0,0,0,0,0,0,0,-32302,0,0,0,0,0,109784,0
108209,-1226,8096,-200,101,6,41,-4139,0,5,-743,-248,36490,136,32,65,0,0,0,0,0,0,0,0,-32302,0,0,0,0,0,109790,0
108214,-1232,8078,-180,100,3,41,-4139,2,-1,-744,-256,36490,136,32,65,0,0,0,0,0,0,0,0,-32302,0,0,0,0,0,109795,0
108219,-1216,8082,-198,104,5,41,-4138,-2,0,-749,-248,36490,131,32,65,0,0,0,0,0,0,0,0,-32301,0,0,0,0,0,109801,0
108224,-1222,8080,-220,102,4,45,-4139,6,3,-741,-256,36490,131,32,65,0,0,0,0,0,0,0,0,-32302,0,0,0,0,0,109806,0
108229,-1210,8068,-220,99,7,49,-4139,-1,6,-749,-256,36488,122,32,65,0,0,0,0,0,0,0,0,-32301,0,0,0,0,0,109811,0
108234,-1232,8048,-236,101,6,46,-4139,-2,-5,-745,-256,36488,122,32,65,0,0,0,0,0,0,0,0,-32302,0,0,0,0,0,109817,0
108239,-1240,8064,-236,103,4,53,-4139,3,-2,-743,-256,36485,131,32,65,0,0,0,0,0,0,0,0,-32301,0,0,0,0,0,109822,0
108244,-1240,8038,-210,96,4,55,-4139,-4,2,-748,-256,36485,131,32,65,0,0,0,0,0,0,0,0,-32301,0,0,0,0,0,109828,0
108249,-1240,8052,-246,98,-1,59,-4139,0,-3,-743,-248,36485,141,32,65,0,0,0,0,0,0,0,0,-32302,0,0,0,0,0,109834,0
108254,-1264,8032,-234,99,4,58,-4139,0,1,-747,-248,36485,141,32,65,0,0,0,0,0,0,0,0,-32302,0,0,0,0,0,109839,0
108259,-1252,8040,-252,99,-2,60,-4137,2,-2,-747,-264,36486,139,32,65,0,0,0,0,0,0,0,0,-32301,0,0,0,0,0,109845,0
108264,-1236,8030,-238,97,-10,63,-4139,1,-3,-742,-256,36486,139,32,65,0,0,0,0,0,0,0,0,-32302,0,0,0,0,0,109850,0
108269,-1238,8042,-236,100,-9,56,-4138,4,1,-746,-256,36486,129,32,65,0,0,0,0,0,0,0,0,-32302,0,0,0,0,0,109856,0
108274,-1242,8042,-262,98,-2,65,-4139,0,-7,-749,-256,36486,129,32,65,0,0,0,0,0,0,0,0,-32302,0,0,0,0,0,109861,0
108279,-1198,8048,-262,99,-10,64,-4139,-3,0,-746,-256,36493,129,32,65,0,0,0,0,0,0,0,0,-32302,0,0,0,0,0,109866,0
108284,-1180,8066,-232,94,-10,64,-4139,-1,-2,-744,-256,36493,129,32,65,0,0,0,0,0,0,0,0,-32301,0,0,0,0,0,109872,0
108289,-1204,8068,-240,97,-9,63,-4138,1,-2,-744,-256,36492,123,32,65,0,0,0,0,0,0,0,0,-32301,0,0,0,0,0,109877,0
108294,-1208,8096,-238,93,-12,66,-4139,3,-2,-747,-264,36492,123,32,65,0,0,0,0,0,0,0,0,-32301,0,0,0,0,0,109883,0
108299,-1156,8084,-252,92,-12,65,-4139,-2,-1,-750,-256,36491,126,32,65,0,0,0,0,0,0,0,0,-32301,0,0,0,0,0,109889,0
108304,-1182,8044,-218,97,-9,61,-4138,5,1,-744,-272,36491,126,32,65,0,0,0,0,0,0,0,0,-32301,0,0,0,0,0,109894,0
108309,-1204,8054,-218,93,-12,65,-4138,0,2,-747,-256,36483,130,32,65,0,0,0,0,0,0,0,0,-32302,0,0,0,0,0,109899,0
108314,-1190,8044,-202,94,-9,64,-4139,2,0,-746,-256,36483,130,32,65,0,0,0,0,0,0,0,0,-32302,0,0,0,0,0,109905,0
108319,-1200,8028,-218,91,-8,66,-4138,7,-2,-743,-264,36484,128,32,65,0,0,0,0,0,0,0,0,-32302,0,0,0,0,0,109910,0
108324,-1156,8062,-208,95,-7,58,-4138,0,1,-746,-256,36484,128,32,65,0,0,0,0,0,0,0,0,-32302,0,0,0,0,0,109916,0
108329,-1158,8074,-214,90,-14,61,-4139,1,-1,-742,-256,36487,130,32,65,0,0,0,0,0,0,0,0,-32302,0,0,0,0,0,109921,0
108334,-1132,8072,-228,94,-11,58,-4139,-2,-4,-746,-248,36487,130,32,65,0,0,0,0,0,0,0,0,-32301,0,0,0,0,0,109927,0
108339,-1116,8100,-216,89,-9,56,-4139,-2,-1,-744,-256,36489,132,32,65,0,0,0,0,0,0,0,0,-32302,0,0,0,0,0,109932,0
108344,-1128,8100,-236,95,-7,52,-4139,0,-2,-744,-248,36489,132,32,65,0,0,0,0,0,0,0,0,-32301,0,0,0,0,0,109937,0
108349,-1124,8088,-208,87,-3,56,-4138,5,3,-747,-264,36488,130,32,65,0,0,0,0,0,0,0,0,-32301,0,0,0,0,0,109943,0
108354,-1144,8102,-218,95,-5,57,-4139,0,-3,-745,-256,36488,130,32,65,0,0,0,0,0,0,0,0,-32302,0,0,0,0,0,109949,0
108359,-1124,8114,-218,90,-4,52,-4139,0,2,-745,-256,36487,127,32,65,0,0,0,0,0,0,0,0,-32301,0,0,0,0,0,109954,0
108364,-1142,8062,-198,91,-5,47,-4140,-3,0,-742,-264,36487,127,32,65,0,0,0,0,0,0,0,0,-32302,0,0,0,0,0,109959,0
108369,-1098,8078,-212,90,-7,53,-4140,-5,-2,-739,-264,36486,126,32,65,0,0,0,0,0,0,0,0,-32302,0,0,0,0,0,109965,0
108374,-1124,8084,-200,96,-3,47,-4138,1,1,-740,-256,36486,126,32,65,0,0,0,0,0,0,0,0,-32302,0,0,0,0,0,109970,0
108379,-1118,8086,-196,91,-1,43,-4140,-7,2,-747,-256,36491,126,32,65,0,0,0,0,0,0,0,0,-32302,0,0,0,0,0,109976,0
108384,-1136,8078,-222,90,-5,47,-4138,0,1,-743,-256,36491,126,32,65,0,0,0,0,0,0,0,0,-32301,0,0,0,0,0,109981,0
108389,-1130,8088,-224,96,0,43,-4138,1,-4,-750,-256,36491,136,32,65,0,0,0,0,0,0,0,0,-32301,0,0,0,0,0,109987,0
108394,-1130,8104,-212,86,-1,43,-4138,2,2,-746,-240,36491,136,32,65,0,0,0,0,0,0,0,0,-32302,0,0,0,0,0,109992,0
108399,-1122,8070,-250,89,-1,41,-4137,7,2,-747,-248,36492,148,32,65,0,0,0,0,0,0,0,0,-32301,0,0,0,0,0,109998,0
108404,-1146,8086,-226,88,1,41,-4140,-3,-2,-748,-256,36492,148,32,65,0,0,0,0,0,0,0,0,-32301,0,0,0,0,0,110003,0
108409,-1132,8084,-244,92,-4,37,-4140,-5,1,-747,-256,36486,148,32,65,0,0,0,0,0,0,0,0,-32302,0,0,0,0,0,110009,0
108414,-1140,8080,-244,93,2,38,-4139,-4,-6,-748,-248,36486,148,32,65,0,0,0,0,0,0,0,0,-32302,0,0,0,0,0,110014,0
108419,-1160,8078,-210,90,-1,37,-4139,-1,2,-744,-256,36485,145,32,65,0,0,0,0,0,0,0,0,-32301,0,0,0,0,0,110019,0
108424,-1150,8062,-238,88,0,30,-4139,1,2,-743,-256,36485,145,32,65,0,0,0,0,0,0,0,0,-32301,0,0,0,0,0,110025,0
108429,-1132,8076,-256,89,-5,34,-4139,1,-1,-748,-256,36486,139,32,65,0,0,0,0,0,0,0,0,-32302,0,0,0,0,0,110031,0
108434,-1146,8100,-228,91,0,30,-4139,3,-3,-745,-264,36486,139,32,65,0,0,0,0,0,0,0,0,-32302,0,0,0,0,0,110036,0
108439,-1142,8078,-228,85,-5,31,-4139,-2,4,-745,-256,36488,134,32,65,0,0,0,0,0,0,0,0,-32301,0,0,0,0,0,110042,0
108444,-1152,8100,-240,91,-2,26,-4139,-1,0,-744,-248,36488,134,32,65,0,0,0,0,0,0,0,0,-32301,0,0,0,0,0,110047,0
108449,-1146,8060,-224,85,-2,22,-4139,-2,0,-749,-256,36490,127,32,65,0,0,0,0,0,0,0,0,-32301,0,0,0,0,0,110053,0
108454,-1132,8058,-240,86,-8,25,-4139,0,2,-747,-264,36490,127,32,65,0,0,0,0,0,0,0,0,-32302,0,0,0,0,0,110058,0
108459,-1152,8058,-264,87,-11,24,-4138,2,-2,-746,-264,36489,124,32,65,0,0,0,0,0,0,0,0,-32301,0,0,0,0,0,110063,0
108464,-1110,8092,-252,89,-8,16,-4139,2,2,-742,-256,36489,124,32,65,0,0,0,0,0,0,0,0,-32301,0,0,0,0,0,110069,0
108469,-1148,8068,-242,87,-12,18,-4138,4,5,-745,-256,36486,129,32,65,0,0,0,0,0,0,0,0,-32302,0,0,0,0,0,110074,0
108474,-1126,8064,-224,86,-11,21,-4139,-3,-2,-750,-256,36486,129,32,65,0,0,0,0,0,0,0,0,-32302,0,0,0,0,0,110080,0
108479,-1132,8074,-232,89,-12,16,-4138,1,4,-744,-256,36485,128,32,65,0,0,0,0,0,0,0,0,-32301,0,0,0,0,0,110085,0
108484,-1112,8108,-204,86,-4,11,-4139,0,-2,-744,-256,36485,128,32,65,0,0,0,0,0,0,0,0,-32302,0,0,0,0,0,110091,0
108489,-1112,8082,-232,85,-8,11,-4138,0,-1,-745,-248,36486,124,32,65,0,0,0,0,0,0,0,0,-32302,0,0,0,0,0,110096,0
108494,-1118,8100,-252,89,-7,11,-4139,1,-4,-743,-264,36486,124,32,65,0,0,0,0,0,0,0,0,-32302,0,0,0,0,0,110102,0
108499,-1106,8090,-232,90,-5,6,-4139,0,-1,-744,-256,36487,125,32,65,0,0,0,0,0,0,0,0,-32301,0,0,0,0,0,110107,0
108504,-1152,8082,-258,81,-5,12,-4138,1,6,-745,-264,36487,125,32,65,0,0,0,0,0,0,0,0,-32302,0,0,0,0,0,110114,0
108509,-1216,8052,-238,78,-2,10,-4139,-1,1,-744,-248,36487,129,32,65,0,0,0,0,0,0,0,0,-32301,0,0,0,0,0,110119,0
108514,-1182,8056,-248,80,-4,11,-4139,1,1,-743,-256,36487,129,32,65,0,0,0,0,0,0,0,0,-32302,0,0,0,0,0,110125,0
108519,-1160,8084,-258,85,-4,7,-4138,2,-2,-745,-272,36484,134,32,65,0,0,0,0,0,0,0,0,-32302,0,0,0,0,0,110130,0
108524,-1210,8070,-244,81,-11,11,-4138,2,4,-740,-256,36484,134,32,65,0,0,0,0,0,0,0,0,-32301,0,0,0,0,0,110136,0
108529,-1198,8068,-222,80,-8,14,-4138,2,2,-746,-256,36483,132,32,65,0,0,0,0,0,0,0,0,-32302,0,0,0,0,0,110141,0
108534,-1170,8062,-238,82,-6,10,-4137,6,6,-749,-264,36483,132,32,65,0,0,0,0,0,0,0,0,-32302,0,0,0,0,0,110147,0
108539,-1168,8074,-218,84,-13,8,-4138,0,1,-744,-264,36484,128,32,65,0,0,0,0,0,0,0,0,-32301,0,0,0,0,0,110152,0
108544,-1142,8062,-230,78,-9,6,-4139,2,0,-741,-256,36484,128,32,65,0,0,0,0,0,0,0,0,-32302,0,0,0,0,0,110157,0
108549,-1180,8050,-238,81,-11,7,-4139,4,-1,-748,-256,36487,129,32,65,0,0,0,0,0,0,0,0,-32302,0,0,0,0,0,110163,0
108554,-1192,8064,-276,86,-23,8,-4139,0,2,-747,-248,36487,129,32,65,0,0,0,0,0,0,0,0,-32301,0,0,0,0,0,110169,0
108559,-1202,8086,-280,89,-34,3,-4139,-1,5,-745,-256,36488,130,32,65,0,0,0,0,0,0,0,0,-32302,0,0,0,0,0,110174,0
108564,-1228,8066,-276,88,-41,6,-4139,3,1,-743,-256,36488,130,32,65,0,0,0,0,0,0,0,0,-32301,0,0,0,0,0,110179,0
108569,-1180,8048,-240,86,-43,6,-4139,0,2,-743,-248,36489,131,32,65,0,0,0,0,0,0,0,0,-32302,0,0,0,0,0,110185,0
108574,-1152,8040,-206,87,-39,4,-4139,0,2,-743,-248,36489,131,32,65,0,0,0,0,0,0,0,0,-32301,0,0,0,0,0,110190,0
108579,-1102,8044,-202,86,-42,8,-4139,0,-2,-747,-256,36488,132,32,65,0,0,0,0,0,0,0,0,-32302,0,0,0,0,0,110196,0
108584,-1120,8100,-28,87,-24,6,-4139,-1,0,-744,-256,36488,132,32,65,0,0,0,0,0,0,0,0,-32302,0,0,0,0,0,110201,0
108589,-1180,8034,-186,78,-12,6,-4140,-2,-2,-744,-248,36487,129,32,65,0,0,0,0,0,0,0,0,-32302,0,0,0,0,0,110207,0
108594,-1236,8006,-202,89,-7,7,-4139,3,-1,-746,-248,36487,129,32,65,0,0,0,0,0,0,0,0,-32302,0,0,0,0,0,110212,0
108599,-1236,8050,-112,93,-6,1,-4138,2,1,-747,-256,36490,134,32,65,0,0,0,0,0,0,0,0,-32302,0,0,0,0,0,110218,0
108604,-1144,8050,-60,96,4,6,-4139,5,1,-742,-264,36490,134,32,65,0,0,0,0,0,0,0,0,-32301,0,0,0,0,0,110223,0
108609,-1150,8074,-66,96,10,10,-4139,0,3,-740,-256,36490,138,32,65,0,0,0,0,0,0,0,0,-32302,0,0,0,0,0,110228,0
108614,-1156,8058,-48,101,14,8,-4140,-9,-1,-745,-256,36490,138,32,65,0,0,0,0,0,0,0,0,-32302,0,0,0,0,0,110234,0
108619,-1122,8042,-82,99,8,10,-4140,0,-1,-742,-264,36489,141,32,65,0,0,0,0,0,0,0,0,-32301,0,0,0,0,0,110239,0
108624,-1150,8070,-138,113,22,7,-4138,6,4,-747,-264,36489,141,32,65,0,0,0,0,0,0,0,0,-32302,0,0,0,0,0,110245,0
108629,-1124,8114,-118,112,17,7,-4141,0,0,-746,-264,36485,136,32,65,0,0,0,0,0,0,0,0,-32302,0,0,0,0,0,110250,0
108634,-1146,8098,-166,112,11,8,-4139,-1,-1,-742,-256,36485,136,32,65,0,0,0,0,0,0,0,0,-32302,0,0,0,0,0,110256,0
108639,-1128,8116,-166,115,18,8,-4140,-2,4,-744,-256,36486,138,32,65,0,0,0,0,0,0,0,0,-32302,0,0,0,0,0,110262,0
108644,-1162,8100,-226,124,11,5,-4140,-8,-2,-744,-248,36486,138,32,65,0,0,0,0,0,0,0,0,-32301,0,0,0,0,0,110267,0
108649,-1158,8074,-188,123,16,6,-4140,-6,1,-743,-248,36485,133,32,65,0,0,0,0,0,0,0,0,-32302,0,0,0,0,0,110273,0
108654,-1178,8072,-218,124,5,9,-4140,-5,-1,-746,-256,36485,133,32,65,0,0,0,0,0,0,0,0,-32301,0,0,0,0,0,110278,0
108659,-1178,8086,-242,123,9,7,-4141,-6,-1,-745,-248,36487,133,32,65,0,0,0,0,0,0,0,0,-32302,0,0,0,0,0,110284,0
108664,-1162,8078,-292,125,14,4,-4140,-1,-2,-740,-256,36487,133,32,65,0,0,0,0,0,0,0,0,-32302,0,0,0,0,0,110289,0
108669,-1146,8102,-266,120,8,5,-4140,0,1,-748,-256,36488,127,32,65,0,0,0,0,0,0,0,0,-32302,0,0,0,0,0,110295,0
108674,-1180,8104,-304,118,13,5,-4140,0,-2,-747,-256,36488,127,32,65,0,0,0,0,0,0,0,0,-32302,0,0,0,0,0,110300,0
108679,-1170,8082,-342,113,14,2,-4140,4,0,-744,-256,36490,122,32,65,0,0,0,0,0,0,0,0,-32302,0,0,0,0,0,110306,0
108684,-1118,8116,-352,110,14,-3,-4139,5,2,-744,-264,36490,122,32,65,0,0,0,0,0,0,0,0,-32301,0,0,0,0,0,110311,0
108689,-1088,8134,-382,110,18,-6,-4140,0,3,-742,-256,36492,124,32,65,0,0,0,0,0,0,0,0,-32302,0,0,0,0,0,110316,0
108694,-1088,8146,-398,109,18,-3,-4141,-1,1,-742,-248,36492,124,32,65,0,0,0,0,0,0,0,0,-32301,0,0,0,0,0,110322,0
108699,-1078,8142,-394,106,13,-8,-4141,-3,-2,-744,-248,36488,127,32,65,0,0,0,0,0,0,0,0,-32302,0,0,0,0,0,110328,0
108704,-1112,8106,-410,94,9,-15,-4141,0,-1,-744,-248,36488,127,32,65,0,0,0,0,0,0,0,0,-32302,0,0,0,0,0,110333,0
108709,-1068,8128,-434,90,13,-18,-4141,-6,-4,-745,-256,36485,128,32,65,0,0,0,0,0,0,0,0,-32302,0,0,0,0,0,110339,0
108714,-1082,8116,-428,89,8,-20,-4140,0,1,-743,-256,36485,128,32,65,0,0,0,0,0,0,0,0,-32302,0,0,0,0,0,110344,0
108719,-1082,8140,-450,80,4,-23,-4140,-3,4,-745,-264,36482,130,32,65,0,0,0,0,0,0,0,0,-32302,0,0,0,0,0,110350,0
108724,-1088,8110,-478,73,-2,-33,-4140,3,-3,-737,-256,36482,130,32,65,0,0,0,0,0,0,0,0,-32302,0,0,0,0,0,110355,0
108729,-1098,8096,-462,70,-9,-36,-4140,11,-1,-742,-272,36484,137,32,65,0,0,0,0,0,0,0,0,-32302,0,0,0,0,0,110361,0
108734,-1082,8118,-486,60,-11,-41,-4141,-1,-2,-745,-248,36484,137,32,65,0,0,0,0,0,0,0,0,-32301,0,0,0,0,0,110366,0
108739,-1068,8142,-460,62,-16,-46,-4140,3,8,-740,-256,36484,136,32,65,0,0,0,0,0,0,0,0,-32302,0,0,0,0,0,110372,0
108744,-1056,8146,-462,52,-30,-63,-4140,5,4,-745,-264,36484,136,32,65,0,0,0,0,0,0,0,0,-32302,0,0,0,0,0,110377,0
108749,-1062,8152,-460,51,-28,-66,-4141,-1,-5,-741,-264,36483,139,32,65,0,0,0,0,0,0,0,0,-32302,0,0,0,0,0,110383,0
108754,-1014,8170,-470,49,-36,-67,-4141,1,5,-741,-248,36483,139,32,65,0,0,0,0,0,0,0,0,-32302,0,0,0,0,0,110388,0
108759,-992,8172,-450,42,-34,-77,-4141,0,2,-745,-256,36480,134,32,65,0,0,0,0,0,0,0,0,-32302,0,0,0,0,0,110394,0
108764,-964,8164,-428,31,-37,-84,-4142,-1,-4,-738,-256,36480,134,32,65,0,0,0,0,0,0,0,0,-32301,0,0,0,0,0,110399,0
108769,-990,8170,-414,24,-37,-94,-4141,-2,3,-744,-256,36480,135,32,65,0,0,0,0,0,0,0,0,-32302,0,0,0,0,0,110405,0
108774,-1032,8148,-408,20,-38,-96,-4141,-2,-2,-740,-248,36480,135,32,65,0,0,0,0,0,0,0,0,-32301,0,0,0,0,0,110410,0
108779,-1040,8162,-394,20,-28,-103,-4140,0,3,-747,-256,36481,132,32,65,0,0,0,0,0,0,0,0,-32302,0,0,0,0,0,110416,0
108784,-1036,8128,-420,5,-25,-117,-4141,-2,0,-744,-264,36481,132,32,65,0,0,0,0,0,0,0,0,-32302,0,0,0,0,0,110421,0
108789,-1090,8120,-402,1,-25,-114,-4140,1,0,-739,-256,36481,129,32,65,0,0,0,0,0,0,0,0,-32302,0,0,0,0,0,110427,0
108794,-1108,8086,-344,-2,-28,-124,-4140,2,3,-742,-264,36481,129,32,65,0,0,0,0,0,0,0,0,-32302,0,0,0,0,0,110432,0
108799,-1104,8092,-310,1,-24,-130,-4141,1,0,-745,-264,36480,131,32,65,0,0,0,0,0,0,0,0,-32302,0,0,0,0,0,110437,0
108804,-1098,8092,-256,-5,-20,-132,-4141,1,0,-744,-256,36480,131,32,65,0,0,0,0,0,0,0,0,-32302,0,0,0,0,0,110443,0
108809,-1110,8062,-246,-7,-22,-137,-4141,-4,6,-746,-248,36481,133,32,65,0,0,0,0,0,0,0,0,-32302,0,0,0,0,0,110449,0
108814,-1180,8038,-216,-6,-13,-140,-4142,-7,-3,-744,-248,36481,133,32,65,0,0,0,0,0,0,0,0,-32302,0,0,0,0,0,110454,0
108819,-1218,8066,-224,2,-20,-142,-4142,-6,-1,-740,-240,36486,141,32,65,0,0,0,0,0,0,0,0,-32302,0,0,0,0,0,110460,0
108824,-1232,8008,-152,-2,-20,-147,-4142,-8,-1,-743,-248,36486,141,32,65,0,0,0,0,0,0,0,0,-32302,0,0,0,0,0,110465,0
108829,-1214,8010,-138,-5,-16,-151,-4142,7,0,-737,-264,36487,147,32,65,0,0,0,0,0,0,0,0,-32302,0,0,0,0,0,110471,0
108834,-1216,8036,-126,-3,-18,-150,-4142,0,-3,-747,-256,36487,147,32,65,0,0,0,0,0,0,0,0,-32301,0,0,0,0,0,110476,0
108839,-1212,8030,-124,4,-10,-153,-4143,-8,1,-743,-248,36488,151,32,65,0,0,0,0,0,0,0,0,-32302,0,0,0,0,0,110482,0
108844,-1216,8042,-104,12,-11,-157,-4143,-3,1,-738,-248,36488,151,32,65,0,0,0,0,0,0,0,0,-32301,0,0,0,0,0,110487,0
108849,-1198,8066,-124,14,-18,-155,-4143,1,1,-741,-256,36485,144,32,65,0,0,0,0,0,0,0,0,-32302,0,0,0,0,0,110492,0
108854,-1178,8074,-106,16,-15,-159,-4143,0,-4,-742,-256,36485,144,32,65,0,0,0,0,0,0,0,0,-32302,0,0,0,0,0,110498,0
108859,-1172,8110,-126,21,-16,-159,-4143,-1,2,-743,-256,36485,141,32,65,0,0,0,0,0,0,0,0,-32301,0,0,0,0,0,110504,0
108864,-1152,8088,-102,24,-15,-161,-4143,3,5,-737,-256,36485,141,32,65,0,0,0,0,0,0,0,0,-32301,0,0,0,0,0,110509,0
108869,-1204,8094,-96,30,-19,-165,-4144,1,-3,-739,-248,36486,140,32,65,0,0,0,0,0,0,0,0,-32301,0,0,0,0,0,110515,0
108874,-1230,8040,-82,29,-17,-164,-4144,1,-2,-732,-256,36486,140,32,65,0,0,0,0,0,0,0,0,-32301,0,0,0,0,0,110520,0
108879,-1222,8032,-80,36,-18,-171,-4143,2,4,-739,-256,36486,139,32,65,0,0,0,0,0,0,0,0,-32301,0,0,0,0,0,110526,0
108884,-1244,8028,-94,43,-14,-173,-4144,0,-1,-737,-248,36486,139,32,65,0,0,0,0,0,0,0,0,-32302,0,0,0,0,0,110531,0
108889,-1230,8032,-120,41,-14,-178,-4144,-6,-1,-736,-248,36484,137,32,65,0,0,0,0,0,0,0,0,-32301,0,0,0,0,0,110537,0
108894,-1214,8034,-132,47,-12,-177,-4145,-1,0,-740,-240,36484,137,32,65,0,0,0,0,0,0,0,0,-32302,0,0,0,0,0,110542,0
108899,-1254,8030,-118,46,-10,-181,-4144,0,-5,-743,-256,36485,140,32,65,0,0,0,0,0,0,0,0,-32302,0,0,0,0,0,110547,0
108904,-1218,8030,-166,55,-8,-185,-4144,-5,1,-739,-256,36485,140,32,65,0,0,0,0,0,0,0,0,-32302,0,0,0,0,0,110553,0
108909,-1220,8074,-162,48,-3,-189,-4144,0,0,-738,-256,36488,151,32,65,0,0,0,0,0,0,0,0,-32302,0,0,0,0,0,110559,0
108914,-1176,8102,-204,52,5,-193,-4144,3,-1,-735,-256,36488,151,32,65,0,0,0,0,0,0,0,0,-32302,0,0,0,0,0,110564,0
108919,-1174,8084,-202,45,5,-199,-4145,1,-1,-735,-264,36494,150,32,65,0,0,0,0,0,0,0,0,-32301,0,0,0,0,0,110570,0
108924,-1122,8140,-232,51,8,-203,-4146,-11,-3,-738,-248,36494,150,32,65,0,0,0,0,0,0,0,0,-32302,0,0,0,0,0,110575,0
108929,-1142,8150,-254,44,7,-218,-4146,1,3,-735,-248,36492,141,32,65,0,0,0,0,0,0,0,0,-32301,0,0,0,0,0,110581,0
108934,-1142,8146,-252,48,7,-215,-4145,-5,-3,-744,-256,36492,141,32,65,0,0,0,0,0,0,0,0,-32301,0,0,0,0,0,110586,0
108939,-1184,8130,-254,40,9,-218,-4146,5,-1,-731,-256,36492,136,32,65,0,0,0,0,0,0,0,0,-32301,0,0,0,0,0,110592,0
108944,-1170,8106,-302,41,9,-232,-4146,0,-2,-741,-264,36492,136,32,65,0,0,0,0,0,0,0,0,-32302,0,0,0,0,0,110597,0
108949,-1188,8102,-314,38,0,-237,-4146,3,5,-734,-264,36486,132,32,65,0,0,0,0,0,0,0,0,-32302,0,0,0,0,0,110602,0
108954,-1312,8074,-356,44,-8,-243,-4147,0,0,-737,-256,36486,132,32,65,0,0,0,0,0,0,0,0,-32301,0,0,0,0,0,110608,0
108959,-1228,8208,-304,36,-13,-249,-4146,-4,2,-737,-256,36485,133,32,65,0,0,0,0,0,0,0,0,-32302,0,0,0,0,0,110614,0
108964,-1170,8114,-378,35,-18,-260,-4147,2,-1,-734,-248,36485,133,32,65,0,0,0,0,0,0,0,0,-32302,0,0,0,0,0,110619,0
108969,-1166,8146,-342,31,-20,-270,-4148,-3,-5,-736,-248,36483,132,32,65,0,0,0,0,0,0,0,0,-32301,0,0,0,0,0,110625,0
108974,-1144,8206,-298,31,-27,-272,-4147,-2,0,-733,-256,36483,132,32,65,0,0,0,0,0,0,0,0,-32301,0,0,0,0,0,110630,0
108979,-1110,8242,-312,25,-29,-282,-4149,-2,1,-736,-248,36483,130,32,65,0,0,0,0,0,0,0,0,-32302,0,0,0,0,0,110636,0
108984,-1084,8206,-304,21,-26,-295,-4148,5,-1,-736,-256,36483,130,32,65,0,0,0,0,0,0,0,0,-32301,0,0,0,0,0,110641,0
108989,-1096,8184,-306,20,-28,-302,-4148,0,1,-733,-248,36485,126,32,65,0,0,0,0,0,0,0,0,-32302,0,0,0,0,0,110646,0
108994,-1092,8196,-296,28,-39,-313,-4148,4,4,-732,-256,36485,126,32,65,0,0,0,0,0,0,0,0,-32301,0,0,0,0,0,110652,0
108999,-1100,8182,-252,17,-42,-322,-4149,0,0,-736,-248,36486,126,32,65,0,0,0,0,0,0,0,0,-32302,0,0,0,0,0,110657,0
109004,-1132,8164,-220,17,-51,-343,-4150,-9,-4,-731,-248,36486,126,32,65,0,0,0,0,0,0,0,0,-32302,0,0,0,0,0,110663,0
109009,-1158,8106,-198,17,-53,-351,-4149,0,-5,-731,-256,36484,124,32,65,0,0,0,0,0,0,0,0,-32302,0,0,0,0,0,110668,0
109014,-1226,8048,-154,22,-49,-357,-4149,0,2,-740,-256,36484,124,32,65,0,0,0,0,0,0,0,0,-32302,0,0,0,0,0,110674,0
109019,-1266,8038,-126,28,-54,-366,-4149,2,1,-731,-248,36486,117,32,65,0,0,0,0,0,0,0,0,-32301,0,0,0,0,0,110679,0
109024,-1358,7948,-60,32,-58,-381,-4149,1,0,-731,-248,36486,117,32,65,0,0,0,0,0,0,0,0,-32301,0,0,0,0,0,110685,0
109029,-1374,7948,-30,38,-60,-383,-4152,-10,1,-733,-240,36485,115,32,65,0,0,0,0,0,0,0,0,-32302,0,0,0,0,0,110690,0
109034,-1350,7918,16,47,-59,-387,-4150,-5,-4,-732,-248,36485,115,32,65,0,0,0,0,0,0,0,0,-32302,0,0,0,0,0,110696,0
109039,-1372,7906,52,46,-53,-404,-4151,-1,3,-732,-248,36487,117,32,65,0,0,0,0,0,0,0,0,-32302,0,0,0,0,0,110701,0
109044,-1378,7944,106,57,-50,-406,-4152,-3,2,-730,-248,36487,117,32,65,0,0,0,0,0,0,0,0,-32302,0,0,0,0,0,110707,0
109049,-1414,7936,96,68,-52,-410,-4153,-10,-2,-734,-248,36487,114,32,65,0,0,0,0,0,0,0,0,-32301,0,0,0,0,0,110712,0
109054,-1394,7924,130,80,-42,-424,-4152,0,0,-728,-240,36487,114,32,65,0,0,0,0,0,0,0,0,-32302,0,0,0,0,0,110718,0
109059,-1400,7912,142,79,-43,-426,-4153,0,2,-726,-264,36487,135,32,65,0,0,0,0,0,0,0,0,-32301,0,0,0,0,0,110723,0
109064,-1462,7852,216,101,-39,-437,-4154,-4,1,-722,-248,36487,135,32,65,0,0,0,0,0,0,0,0,-32302,0,0,0,0,0,110729,0
109069,-1494,7874,274,114,-41,-442,-4155,-2,-4,-724,-240,36486,130,32,65,0,0,0,0,0,0,0,0,-32302,0,0,0,0,0,110734,0
109074,-1444,7880,334,122,-34,-440,-4157,-3,-3,-721,-248,36486,130,32,65,0,0,0,0,0,0,0,0,-32301,0,0,0,0,0,110739,0
109079,-1410,7902,328,135,-27,-444,-4158,-4,-2,-716,-248,36485,126,32,65,0,0,0,0,0,0,0,0,-32301,0,0,0,0,0,110745,0
109084,-1454,7812,358,161,-14,-455,-4159,-14,-3,-720,-248,36485,126,32,65,0,0,0,0,0,0,0,0,-32302,0,0,0,0,0,110751,0
109089,-1526,7746,386,165,3,-460,-4160,-10,-2,-715,-248,36484,125,32,65,0,0,0,0,0,0,0,0,-32302,0,0,0,0,0,110756,0
109094,-1576,7714,404,174,18,-466,-4163,-13,-4,-712,-248,36484,125,32,65,0,0,0,0,0,0,0,0,-32301,0,0,0,0,0,110761,0
109099,-1578,7772,390,187,30,-465,-4166,-14,-6,-698,-240,36483,133,32,65,0,0,0,0,0,0,0,0,-32301,0,0,0,0,0,110767,0
109104,-1590,7892,304,194,74,-464,-4171,-22,-14,-685,-256,36483,133,32,65,0,0,0,0,0,0,0,0,-32302,0,0,0,0,0,110773,0
109109,-1478,7984,166,197,95,-458,-4180,-46,-16,-668,-256,36483,136,32,65,0,0,0,0,0,0,0,0,-32302,0,0,0,0,0,110778,0
109114,-1532,8138,36,193,122,-468,-4195,-74,-35,-623,-248,36483,136,32,65,0,0,0,0,0,0,0,0,-32301,0,0,0,0,0,110783,0
109119,-1404,8202,-124,188,153,-461,-4210,-67,-49,-576,-216,36482,137,32,65,0,0,0,0,0,0,0,0,-32301,0,0,0,0,0,110789,0
109124,-1356,8214,-376,161,206,-454,-4215,-23,-33,-582,-208,36482,137,32,65,0,0,0,0,0,0,0,0,-32302,0,0,0,0,0,110794,0
109129,-1346,8210,-514,143,228,-453,-4215,0,13,-639,-216,36485,136,32,65,0,0,0,0,0,0,0,0,-32301,0,0,0,0,0,110800,0
109134,-1522,8112,-574,132,258,-462,-4215,0,52,-673,-224,36485,136,32,65,0,0,0,0,0,0,0,0,-32302,0,0,0,0,0,110805,0
109139,-1478,8078,-662,113,263,-453,-4216,0,62,-669,-224,36489,138,32,65,0,0,0,0,0,0,0,0,-32301,0,0,0,0,0,110811,0
109144,-1786,8050,-760,85,278,-455,-4216,-6,37,-673,-216,36489,138,32,65,0,0,0,0,0,0,0,0,-32301,0,0,0,0,0,110816,0
109149,-1852,8020,-788,71,276,-451,-4217,-2,6,-668,-208,36491,136,32,65,0,0,0,0,0,0,0,0,-32301,0,0,0,0,0,110821,0
109154,-1934,7990,-806,60,280,-451,-4217,-1,1,-665,-216,36491,136,32,65,0,0,0,0,0,0,0,0,-32302,0,0,0,0,0,110827,0
109159,-1908,7968,-834,44,271,-446,-4217,-1,4,-667,-216,36494,126,32,65,0,0,0,0,0,0,0,0,-32301,0,0,0,0,0,110833,0
109164,-1972,7978,-774,31,235,-440,-4215,-2,-2,-669,-216,36494,126,32,65,0,0,0,0,0,0,0,0,-32301,0,0,0,0,0,110838,0
109169,-1954,8020,-756,23,221,-439,-4217,2,2,-656,-232,36487,122,32,65,0,0,0,0,0,0,0,0,-32301,0,0,0,0,0,110844,0
109174,-1974,7998,-750,20,190,-443,-4218,-2,3,-663,-208,36487,122,32,65,0,0,0,0,0,0,0,0,-32301,0,0,0,0,0,110849,0
109179,-1924,8030,-710,15,153,-437,-4219,0,-3,-665,-224,36487,123,32,65,0,0,0,0,0,0,0,0,-32301,0,0,0,0,0,110855,0
109184,-1900,8104,-688,26,75,-437,-4222,-9,-4,-655,-216,36487,123,32,65,0,0,0,0,0,0,0,0,-32301,0,0,0,0,0,110860,0
109189,-1902,8100,-624,32,34,-439,-4221,-1,-1,-649,-216,36484,124,32,65,0,0,0,0,0,0,0,0,-32301,0,0,0,0,0,110865,0
109194,-1926,8114,-586,32,-8,-448,-4222,6,-4,-657,-232,36484,124,32,65,0,0,0,0,0,0,0,0,-32301,0,0,0,0,0,110871,0
109199,-1860,8146,-504,48,-58,-441,-4224,-3,-1,-655,-232,36484,129,32,65,0,0,0,0,0,0,0,0,-32302,0,0,0,0,0,110876,0
109204,-1746,8184,-360,66,-136,-451,-4227,-6,-5,-645,-224,36484,129,32,65,0,0,0,0,0,0,0,0,-32302,0,0,0,0,0,110882,0
109209,-1676,8208,-252,71,-160,-456,-4228,0,0,-648,-232,36485,134,32,65,0,0,0,0,0,0,0,0,-32302,0,0,0,0,0,110887,0
109214,-1538,8226,-176,80,-176,-457,-4230,-3,-6,-643,-224,36485,134,32,65,0,0,0,0,0,0,0,0,-32302,0,0,0,0,0,110893,0
109219,-1506,8212,-124,86,-185,-461,-4234,-19,-4,-637,-216,36486,136,32,65,0,0,0,0,0,0,0,0,-32302,0,0,0,0,0,110898,0
109224,-1558,8070,24,100,-191,-475,-4238,-23,-14,-618,-216,36486,136,32,65,0,0,0,0,0,0,0,0,-32301,0,0,0,0,0,110904,0
109229,-1638,8052,72,112,-192,-483,-4246,-34,-17,-601,-216,36486,141,32,65,0,0,0,0,0,0,0,0,-32302,0,0,0,0,0,110909,0
109234,-1640,8056,90,117,-194,-487,-4258,-51,-29,-568,-216,36486,141,32,65,0,0,0,0,0,0,0,0,-32301,0,0,0,0,0,110915,0
109239,-1652,8014,96,125,-193,-494,-4269,-46,-44,-530,-208,36490,135,32,65,0,0,0,0,0,0,0,0,-32302,0,0,0,0,0,110920,0
109244,-1600,8084,32,130,-184,-507,-4274,-6,-15,-543,-200,36490,135,32,65,0,0,0,0,0,0,0,0,-32302,0,0,0,0,0,110926,0
109249,-1614,8056,28,139,-179,-512,-4275,-4,21,-595,-192,36490,136,32,65,0,0,0,0,0,0,0,0,-32302,0,0,0,0,0,110931,0
109254,-1588,8066,6,147,-178,-519,-4275,0,44,-613,-192,36490,136,32,65,0,0,0,0,0,0,0,0,-32302,0,0,0,0,0,110937,0
109259,-1564,8074,2,158,-174,-532,-4275,-5,48,-613,-184,36488,138,32,65,0,0,0,0,0,0,0,0,-32302,0,0,0,0,0,110942,0
109264,-1530,8110,-44,164,-173,-547,-4273,0,31,-612,-200,36488,138,32,65,0,0,0,0,0,0,0,0,-32301,0,0,0,0,0,110948,0
109269,-1560,8104,-88,171,-169,-556,-4274,0,5,-614,-192,36484,140,32,65,0,0,0,0,0,0,0,0,-32302,0,0,0,0,0,110953,0
109274,-1592,8112,-114,171,-173,-565,-4274,3,3,-612,-200,36484,140,32,65,0,0,0,0,0,0,0,0,-32302,0,0,0,0,0,110958,0
109279,-1644,8084,-94,180,-176,-573,-4275,2,-2,-615,-192,36483,130,32,65,0,0,0,0,0,0,0,0,-32301,0,0,0,0,0,110964,0
109284,-1690,8026,-212,190,-176,-594,-4275,-1,1,-613,-192,36483,130,32,65,0,0,0,0,0,0,0,0,-32301,0,0,0,0,0,110969,0
109289,-1816,8040,-208,187,-181,-601,-4274,0,4,-613,-192,36486,122,32,65,0,0,0,0,0,0,0,0,-32302,0,0,0,0,0,110975,0
109294,-1776,8022,-236,191,-186,-610,-4275,0,3,-612,-184,36486,122,32,65,0,0,0,0,0,0,0,0,-32302,0,0,0,0,0,110980,0
109299,-1922,7988,-270,195,-193,-620,-4274,0,-1,-611,-200,36486,123,32,65,0,0,0,0,0,0,0,0,-32302,0,0,0,0,0,110986,0
109304,-1914,7974,-320,195,-203,-632,-4273,5,0,-613,-200,36486,123,32,65,0,0,0,0,0,0,0,0,-32301,0,0,0,0,0,110991,0
109309,-1828,7934,-326,205,-215,-640,-4274,3,4,-614,-200,36483,126,32,65,0,0,0,0,0,0,0,0,-32302,0,0,0,0,0,110997,0
109314,-1842,7930,-364,199,-223,-651,-4273,1,1,-609,-200,36483,126,32,65,0,0,0,0,0,0,0,0,-32302,0,0,0,0,0,111002,0
109319,-1836,7936,-414,199,-220,-664,-4274,1,-4,-608,-200,36496,134,32,65,0,0,0,0,0,0,0,0,-32302,0,0,0,0,0,111008,0
109324,-1894,7972,-394,196,-227,-676,-4274,2,-1,-605,-200,36496,134,32,65,0,0,0,0,0,0,0,0,-32302,0,0,0,0,0,111013,0
109329,-1896,7934,-422,201,-233,-685,-4274,2,1,-609,-200,36501,139,32,65,0,0,0,0,0,0,0,0,-32302,0,0,0,0,0,111019,0
109334,-1904,7958,-386,192,-237,-693,-4275,0,1,-612,-192,36501,139,32,65,0,0,0,0,0,0,0,0,-32302,0,0,0,0,0,111024,0
109339,-1926,7942,-358,194,-245,-710,-4274,0,1,-611,-192,36510,138,32,65,0,0,0,0,0,0,0,0,-32301,0,0,0,0,0,111030,0
109344,-1948,7934,-400,184,-248,-719,-4274,-4,1,-615,-192,36510,138,32,65,0,0,0,0,0,0,0,0,-32301,0,0,0,0,0,111035,0
109349,-1928,7910,-364,184,-252,-737,-4273,3,0,-610,-200,36501,133,32,65,0,0,0,0,0,0,0,0,-32301,0,0,0,0,0,111041,0
109354,-1884,7892,-350,188,-253,-741,-4275,1,0,-613,-200,36501,133,32,65,0,0,0,0,0,0,0,0,-32302,0,0,0,0,0,111046,0
109359,-1916,7898,-346,183,-259,-757,-4274,-1,0,-615,-192,36492,133,32,65,0,0,0,0,0,0,0,0,-32302,0,0,0,0,0,111052,0
109364,-1898,7892,-318,188,-272,-780,-4274,0,-1,-612,-200,36492,133,32,65,0,0,0,0,0,0,0,0,-32301,0,0,0,0,0,111057,0
109369,-1890,7886,-318,183,-280,-787,-4274,8,5,-605,-200,36485,133,32,65,0,0,0,0,0,0,0,0,-32302,0,0,0,0,0,111063,0
109374,-1872,7912,-316,191,-284,-805,-4275,-9,-1,-613,-192,36485,133,32,65,0,0,0,0,0,0,0,0,-32302,0,0,0,0,0,111068,0
109379,-1934,7894,-282,194,-292,-820,-4274,2,-2,-608,-200,36482,131,32,65,0,0,0,0,0,0,0,0,-32301,0,0,0,0,0,111074,0
109384,-1916,7956,-312,201,-307,-840,-4274,0,0,-617,-192,36482,131,32,65,0,0,0,0,0,0,0,0,-32301,0,0,0,0,0,111079,0
109389,-1948,7994,-306,200,-320,-856,-4274,1,4,-612,-200,36483,136,32,65,0,0,0,0,0,0,0,0,-32302,0,0,0,0,0,111085,0
109394,-1982,8012,-292,207,-324,-869,-4273,3,-4,-614,-192,36483,136,32,65,0,0,0,0,0,0,0,0,-32302,0,0,0,0,0,111090,0
109399,-2002,7980,-302,212,-333,-881,-4274,0,2,-613,-184,36488,147,32,65,0,0,0,0,0,0,0,0,-32302,0,0,0,0,0,111095,0
109404,-1984,7970,-278,215,-353,-909,-4273,4,1,-613,-200,36488,147,32,65,0,0,0,0,0,0,0,0,-32302,0,0,0,0,0,111101,0
109409,-1964,7984,-268,223,-362,-923,-4274,0,-3,-615,-192,36491,142,32,65,0,0,0,0,0,0,0,0,-32301,0,0,0,0,0,111106,0
109414,-1972,8012,-294,235,-375,-940,-4275,-3,1,-611,-200,36491,142,32,65,0,0,0,0,0,0,0,0,-32302,0,0,0,0,0,111112,0
109419,-1962,7992,-298,241,-383,-952,-4274,0,0,-613,-200,36489,133,32,65,0,0,0,0,0,0,0,0,-32302,0,0,0,0,0,111118,0
109424,-2014,8038,-238,250,-402,-984,-4274,3,0,-613,-192,36489,133,32,65,0,0,0,0,0,0,0,0,-32302,0,0,0,0,0,111123,0
109429,-2056,8002,-292,256,-412,-995,-4274,-4,3,-612,-192,36486,129,32,65,0,0,0,0,0,0,0,0,-32302,0,0,0,0,0,111129,0
109434,-2048,7980,-246,259,-424,-1012,-4273,0,-2,-614,-184,36486,129,32,65,0,0,0,0,0,0,0,0,-32302,0,0,0,0,0,111134,0
109439,-2088,7948,-212,264,-431,-1026,-4274,-4,-2,-615,-184,36488,128,32,65,0,0,0,0,0,0,0,0,-32302,0,0,0,0,0,111139,0
109444,-2092,7934,-160,278,-445,-1055,-4275,-6,-2,-611,-184,36488,128,32,65,0,0,0,0,0,0,0,0,-32302,0,0,0,0,0,111145,0
109449,-2006,7922,-90,285,-449,-1070,-4273,1,0,-615,-200,36489,128,32,65,0,0,0,0,0,0,0,0,-32302,0,0,0,0,0,111150,0
109454,-2002,7956,-78,287,-442,-1083,-4275,0,1,-620,-200,36489,128,32,65,0,0,0,0,0,0,0,0,-32302,0,0,0,0,0,111156,0
109459,-1974,7954,-18,290,-441,-1103,-4275,0,2,-605,-200,36489,126,32,65,0,0,0,0,0,0,0,0,-32302,0,0,0,0,0,111161,0
109464,-1988,8084,258,300,-425,-1126,-4274,-2,-2,-613,-192,36489,126,32,65,0,0,0,0,0,0,0,0,-32302,0,0,0,0,0,111167,0
109469,-1926,8110,214,292,-389,-1139,-4274,-3,-1,-615,-192,36488,128,32,65,0,0,0,0,0,0,0,0,-32302,0,0,0,0,0,111172,0
109474,-1822,8050,234,294,-354,-1158,-4275,0,-3,-611,-192,36488,128,32,65,0,0,0,0,0,0,0,0,-32302,0,0,0,0,0,111178,0
109479,-1824,8140,20,276,-314,-1171,-4274,1,1,-609,-192,36482,131,32,65,0,0,0,0,0,0,0,0,-32302,0,0,0,0,0,111183,0
109484,-1748,8158,162,259,-236,-1203,-4274,-3,0,-613,-192,36482,131,32,65,0,0,0,0,0,0,0,0,-32302,0,0,0,0,0,111189,0
109489,-1722,8144,184,242,-180,-1214,-4273,2,3,-611,-192,36482,125,32,65,0,0,0,0,0,0,0,0,-32302,0,0,0,0,0,111194,0
109494,-1816,8012,126,233,-121,-1231,-4273,3,3,-616,-200,36482,125,32,65,0,0,0,0,0,0,0,0,-32302,0,0,0,0,0,111200,0
109499,-1732,8332,224,208,-69,-1237,-4273,4,1,-611,-200,36483,121,32,65,0,0,0,0,0,0,0,0,-32302,0,0,0,0,0,111205,0
109504,-1778,8280,38,170,46,-1263,-4275,-5,-4,-614,-192,36483,121,32,65,0,0,0,0,0,0,0,0,-32302,0,0,0,0,0,111211,0
109509,-1830,8370,20,149,99,-1282,-4274,-4,0,-615,-184,36485,122,32,65,0,0,0,0,0,0,0,0,-32302,0,0,0,0,0,111217,0
109514,-1872,8314,-44,128,147,-1297,-4273,4,0,-613,-200,36485,122,32,65,0,0,0,0,0,0,0,0,-32302,0,0,0,0,0,111222,0
109519,-1916,8268,-150,109,191,-1308,-4273,6,-2,-611,-200,36485,121,32,65,0,0,0,0,0,0,0,0,-32302,0,0,0,0,0,111228,0
109524,-1980,8524,-450,66,274,-1335,-4274,-2,0,-613,-192,36485,121,32,65,0,0,0,0,0,0,0,0,-32302,0,0,0,0,0,111233,0
109529,-2044,8688,-574,45,307,-1349,-4274,-5,2,-613,-192,36484,128,32,65,0,0,0,0,0,0,0,0,-32301,0,0,0,0,0,111239,0
109534,-2158,8718,-652,21,329,-1357,-4274,-6,1,-614,-192,36484,128,32,65,0,0,0,0,0,0,0,0,-32301,0,0,0,0,0,111244,0
109539,-2258,8790,-766,1,346,-1366,-4273,2,-2,-620,-192,36489,131,32,65,0,0,0,0,0,0,0,0,-32301,0,0,0,0,0,111250,0
109544,-2356,8700,-970,-49,372,-1384,-4273,4,-2,-615,-192,36489,131,32,65,0,0,0,0,0,0,0,0,-32301,0,0,0,0,0,111255,0
109549,-2388,8698,-1006,-69,376,-1400,-4273,0,2,-618,-192,36493,138,32,65,0,0,0,0,0,0,0,0,-32302,0,0,0,0,0,111261,0
109554,-2424,8692,-1020,-91,386,-1411,-4272,0,4,-619,-192,36493,138,32,65,0,0,0,0,0,0,0,0,-32301,0,0,0,0,0,111266,0
109559,-2398,8704,-1052,-118,398,-1417,-4272,-1,-1,-619,-192,36491,139,32,65,0,0,0,0,0,0,0,0,-32302,0,0,0,0,0,111272,0
109564,-2576,8874,-1114,-170,427,-1438,-4271,2,4,-618,-200,36491,139,32,65,0,0,0,0,0,0,0,0,-32302,0,0,0,0,0,111277,0
109569,-2564,8798,-1178,-200,443,-1429,-4269,9,3,-615,-208,36490,134,32,65,0,0,0,0,0,0,0,0,-32302,0,0,0,0,0,111283,0
109574,-2688,8888,-1168,-238,466,-1443,-4270,1,2,-620,-208,36490,134,32,65,0,0,0,0,0,0,0,0,-32301,0,0,0,0,0,111288,0
109579,-2848,8844,-1158,-279,485,-1444,-4269,8,2,-621,-200,36484,130,32,65,0,0,0,0,0,0,0,0,-32301,0,0,0,0,0,111294,0
109584,-2972,8740,-1056,-351,539,-1441,-4266,13,5,-629,-200,36484,130,32,65,0,0,0,0,0,0,0,0,-32301,0,0,0,0,0,111299,0
109589,-2960,8672,-1032,-389,566,-1439,-4266,9,3,-631,-200,36486,131,32,65,0,0,0,0,0,0,0,0,-32302,0,0,0,0,0,111304,0
109594,-3092,8520,-916,-421,589,-1435,-4264,6,2,-633,-200,36486,131,32,65,0,0,0,0,0,0,0,0,-32302,0,0,0,0,0,111310,0
109599,-3248,8396,-898,-461,623,-1423,-4263,1,3,-634,-192,36486,126,32,65,0,0,0,0,0,0,0,0,-32301,0,0,0,0,0,111316,0
109604,-3172,7966,-754,-518,679,-1408,-4261,4,1,-638,-200,36486,126,32,65,0,0,0,0,0,0,0,0,-32301,0,0,0,0,0,111321,0
109609,-3232,7822,-688,-543,709,-1403,-4258,5,1,-648,-192,36483,124,32,65,0,0,0,0,0,0,0,0,-32302,0,0,0,0,0,111327,0
109614,-3450,7690,-626,-569,748,-1398,-4253,16,7,-662,-192,36483,124,32,65,0,0,0,0,0,0,0,0,-32301,0,0,0,0,0,111332,0
109619,-3582,7528,-536,-591,770,-1383,-4249,20,7,-667,-184,36484,133,32,65,0,0,0,0,0,0,0,0,-32302,0,0,0,0,0,111338,0
109624,-3618,7326,-406,-637,830,-1365,-4239,40,21,-689,-176,36484,133,32,65,0,0,0,0,0,0,0,0,-32301,0,0,0,0,0,111343,0
109629,-3656,7146,-340,-647,854,-1341,-4223,80,43,-739,-176,36486,137,32,65,0,0,0,0,0,0,0,0,-32302,0,0,0,0,0,111348,0
109634,-3734,6956,-258,-676,879,-1330,-4199,112,70,-819,-200,36486,137,32,65,0,0,0,0,0,0,0,0,-32301,0,0,0,0,0,111354,0
109639,-3858,6798,-148,-685,894,-1313,-4178,74,71,-871,-208,36489,133,32,65,0,0,0,0,0,0,0,0,-32302,0,0,0,0,0,111359,0
109644,-4060,6332,-92,-701,921,-1281,-4165,60,33,-839,-208,36489,133,32,65,0,0,0,0,0,0,0,0,-32301,0,0,0,0,0,111365,0
109649,-4096,6120,-84,-702,927,-1264,-4146,87,1,-841,-232,36492,136,32,65,0,0,0,0,0,0,0,0,-32301,0,0,0,0,0,111370,0
109654,-4154,5932,-58,-696,931,-1255,-4129,72,-21,-876,-248,36492,136,32,65,0,0,0,0,0,0,0,0,-32302,0,0,0,0,0,111376,0
109659,-4232,5766,-38,-691,927,-1240,-4124,20,-41,-850,-256,36491,133,32,65,0,0,0,0,0,0,0,0,-32301,0,0,0,0,0,111381,0
109664,-4318,5544,-70,-670,903,-1214,-4123,2,-52,-785,-256,36491,133,32,65,0,0,0,0,0,0,0,0,-32302,0,0,0,0,0,111387,0
109669,-4108,5540,-80,-652,896,-1209,-4121,10,-67,-762,-264,36487,130,32,65,0,0,0,0,0,0,0,0,-32302,0,0,0,0,0,111392,0
109674,-4022,5614,-70,-636,886,-1195,-4118,21,-61,-783,-248,36487,130,32,65,0,0,0,0,0,0,0,0,-32301,0,0,0,0,0,111398,0
109679,-4078,5824,-96,-622,877,-1195,-4111,31,-5,-811,-248,36484,129,32,65,0,0,0,0,0,0,0,0,-32301,0,0,0,0,0,111403,0
109684,-4198,6254,-70,-584,853,-1182,-4100,57,33,-833,-216,36484,129,32,65,0,0,0,0,0,0,0,0,-32301,0,0,0,0,0,111409,0
109689,-4116,6486,-72,-571,843,-1179,-4077,105,70,-922,-200,36483,135,32,65,0,0,0,0,0,0,0,0,-32301,0,0,0,0,0,111414,0
109694,-4078,6690,-60,-561,835,-1171,-4051,101,89,-998,-232,36483,135,32,65,0,0,0,0,0,0,0,0,-32301,0,0,0,0,0,111420,0
109699,-4144,6890,-32,-545,834,-1159,-4030,93,68,-1013,-232,36485,141,32,65,0,0,0,0,0,0,0,0,-32302,0,0,0,0,0,111425,0
109704,-3966,7044,82,-523,821,-1170,-4002,130,49,-1034,-248,36485,141,32,65,0,0,0,0,0,0,0,0,-32302,0,0,0,0,0,111431,0
109709,-3894,7146,120,-504,806,-1166,-3976,115,21,-1095,-248,36485,144,32,65,0,0,0,0,0,0,0,0,-32302,0,0,0,0,0,111436,0
109714,-3920,7186,134,-496,802,-1163,-3947,133,16,-1126,-216,36485,144,32,65,0,0,0,0,0,0,0,0,-32302,0,0,0,0,0,111442,0
109719,-3922,7214,150,-478,803,-1160,-3910,169,48,-1189,-224,36484,138,32,65,0,0,0,0,0,0,0,0,-32302,0,0,0,0,0,111447,0
109724,-3988,7068,126,-452,791,-1152,-3864,209,63,-1283,-216,36484,138,32,65,0,0,0,0,0,0,0,0,-32302,0,0,0,0,0,111453,0
109729,-4068,7046,104,-442,783,-1154,-3813,229,87,-1393,-200,36483,133,32,65,0,0,0,0,0,0,0,0,-32303,0,0,0,0,0,111458,0
109734,-4150,6964,44,-431,772,-1151,-3751,273,119,-1492,-184,36483,133,32,65,0,0,0,0,0,0,0,0,-32302,0,0,0,0,0,111464,0
109739,-4136,6930,-6,-412,763,-1147,-3683,298,116,-1631,-168,36483,125,32,65,0,0,0,0,0,0,0,0,-32302,0,0,0,0,0,111469,0
109744,-4258,6860,-150,-388,733,-1142,-3605,345,121,-1747,-192,36483,125,32,65,0,0,0,0,0,0,0,0,-32302,0,0,0,0,0,111475,0
109749,-4278,6842,-286,-380,716,-1138,-3521,368,117,-1902,-192,36487,131,32,65,0,0,0,0,0,0,0,0,-32301,0,0,0,0,0,111480,0
109754,-4330,6836,-394,-369,706,-1133,-3433,389,110,-2027,-152,36487,131,32,65,0,0,0,0,0,0,0,0,-32301,0,0,0,0,0,111486,0
109759,-4402,6906,-496,-371,686,-1125,-3343,395,85,-2145,-224,36487,139,32,65,0,0,0,0,0,0,0,0,-32301,0,0,0,0,0,111491,0
109764,-4420,6970,-660,-359,650,-1109,-3255,392,58,-2239,-224,36487,139,32,65,0,0,0,0,0,0,0,0,-32301,0,0,0,0,0,111496,0
109769,-4476,7084,-704,-351,635,-1102,-3162,415,34,-2339,-192,36487,137,32,65,0,0,0,0,0,0,0,0,-32301,0,0,0,0,0,111502,0
109774,-4480,7172,-726,-350,601,-1098,-3062,443,39,-2461,-176,36487,137,32,65,0,0,0,0,0,0,0,0,-32303,0,0,0,0,0,111508,0
109779,-4500,7274,-814,-346,580,-1092,-2956,467,68,-2602,-224,36484,134,32,65,0,0,0,0,0,0,0,0,-32304,0,0,0,0,0,111513,0
109784,-4532,7548,-918,-343,517,-1071,-2851,466,68,-2742,-240,36484,134,32,65,0,0,0,0,0,0,0,0,-32303,0,0,0,0,0,111519,0
109789,-4602,7494,-976,-347,492,-1064,-2744,481,58,-2849,-248,36482,131,32,65,0,0,0,0,0,0,0,0,-32302,0,0,0,0,0,111524,0
109794,-4618,7420,-970,-346,457,-1048,-2632,494,47,-2986,-216,36482,131,32,65,0,0,0,0,0,0,0,0,-32301,0,0,0,0,0,111530,0
109799,-4698,7300,-1004,-337,418,-1045,-2512,528,53,-3133,-224,36482,130,32,65,0,0,0,0,0,0,0,0,-32301,0,0,0,0,0,111535,0
109804,-4880,7088,-1068,-340,341,-1024,-2386,558,69,-3293,-240,36482,130,32,65,0,0,0,0,0,0,0,0,-32301,0,0,0,0,0,111540,0
109809,-4972,6906,-1094,-331,295,-1001,-2262,536,71,-3476,-248,36483,132,32,65,0,0,0,0,0,0,0,0,-32304,0,0,0,0,0,111546,0
109814,-5132,6802,-1104,-332,244,-981,-2140,539,46,-3598,-256,36483,132,32,65,0,0,0,0,0,0,0,0,-32303,0,0,0,0,0,111551,0
109819,-5152,6626,-1126,-329,183,-952,-2015,550,17,-3698,-272,36480,137,32,65,0,0,0,0,0,0,0,0,-32302,0,0,0,0,0,111557,0
109824,-4170,6620,-1158,-331,95,-1011,-1851,761,90,-2029,1928,36480,137,32,65,0,0,0,0,0,0,0,0,-32302,0,0,0,0,0,111562,0
109829,-2934,6624,-1152,-310,40,-1173,-1462,1810,677,-34,4320,36480,135,32,65,0,0,0,0,0,0,0,0,-32302,0,0,0,0,0,111568,0
109834,-154,7200,-1328,-300,-17,-1365,-850,2778,1584,-43,6200,36480,135,32,65,0,0,0,0,0,0,0,0,-32302,0,0,0,0,0,111573,0
109839,1966,7912,-1702,-287,-85,-1527,-52,3592,2471,-10,7624,36480,144,32,65,0,0,0,0,0,0,0,0,-32302,0,0,0,0,0,111579,0
109844,2866,8054,-1698,-249,-175,-1891,901,4251,2931,-49,8728,36480,144,32,65,0,0,0,0,0,0,0,0,-32302,0,0,0,0,0,111584,0
109849,2204,7924,-1552,-237,-211,-2047,1975,4773,2770,-157,9688,36478,152,32,65,0,0,0,0,0,0,0,0,-32301,0,0,0,0,0,111590,0
109854,1092,7758,-1180,-219,-240,-2188,3163,5276,2327,-248,10712,36478,152,32,65,0,0,0,0,0,0,0,0,-32302,0,0,0,0,0,111595,0
109859,-156,7792,-742,-211,-282,-2343,4480,5849,2031,-298,11832,36484,141,32,65,0,0,0,0,0,0,0,0,-32302,0,0,0,0,0,111601,0
109864,-1640,8134,-210,-175,-367,-2583,5914,6355,1875,-343,12792,36484,141,32,65,0,0,0,0,0,0,0,0,-32302,0,0,0,0,0,111606,0
109869,-1760,8656,-110,-148,-412,-2698,7448,6791,1804,-424,13720,36495,118,32,65,0,0,0,0,0,0,0,0,-32302,0,0,0,0,0,111612,0
109874,-1596,9136,-34,-156,-469,-2799,9088,7263,1741,-465,14568,36495,118,32,65,0,0,0,0,0,0,0,0,-32302,0,0,0,0,0,111617,0
109879,-1262,9508,36,-147,-520,-2904,10803,7569,1595,-470,15096,36515,74,32,65,0,0,0,0,0,0,0,0,-32302,0,0,0,0,0,111622,0
109884,-834,9648,-284,-106,-610,-3103,12594,7918,1428,-544,15712,36515,74,32,65,0,0,0,0,0,0,0,0,-32302,0,0,0,0,0,111628,0
109889,-914,9408,-368,-49,-665,-3213,14442,8136,1249,-542,15928,36531,34,32,65,0,0,0,0,0,0,0,0,-32302,0,0,0,0,0,111633,0
109894,-1196,9326,-384,-24,-724,-3310,16326,8323,1031,-666,16376,36531,34,32,65,0,0,0,0,0,0,0,0,-32302,0,0,0,0,0,111639,0
109899,-1708,9194,-336,9,-785,-3402,18255,8495,839,-712,16592,36552,-19,32,65,0,0,0,0,0,0,0,0,-32302,0,0,0,0,0,111644,0
109904,-2854,8594,-126,113,-955,-3551,20224,8696,729,-778,17056,36552,-19,32,65,0,0,0,0,0,0,0,0,-32302,0,0,0,0,0,111650,0
109909,-3268,8668,138,178,-1045,-3631,22259,8971,694,-798,17448,36575,-82,32,65,0,0,0,0,0,0,0,0,-32302,0,0,0,0,0,111655,0
109914,-3022,8440,190,228,-1132,-3716,24328,9124,728,-902,17928,36575,-82,32,65,0,0,0,0,0,0,0,0,-32302,0,0,0,0,0,111660,0
109919,-2714,8418,202,261,-1214,-3788,26448,9345,738,-950,18344,36601,-143,32,65,0,0,0,0,0,0,0,0,-32302,0,0,0,0,0,111666,0
109924,-2980,8364,64,379,-1396,-3923,28609,9521,730,-933,18584,36601,-143,32,65,0,0,0,0,0,0,0,0,-32302,0,0,0,0,0,111672,0
109929,-2856,8120,326,446,-1500,-3991,30821,9742,705,-951,18800,36625,-195,32,65,0,0,0,0,0,0,0,0,-32302,0,0,0,0,0,111677,0
109934,-2918,8264,212,506,-1574,-4077,33056,9857,649,-1083,19248,36625,-195,32,65,0,0,0,0,0,0,0,0,-32302,0,0,0,0,0,111683,0
109939,-2562,7658,488,566,-1674,-4136,35312,9924,568,-1139,19384,36654,-262,32,65,0,0,0,0,0,0,0,0,-32301,0,0,0,0,0,111688,0
109944,-3530,7250,638,661,-1794,-4215,37613,10162,525,-1186,19824,36654,-262,32,65,0,0,0,0,0,0,0,0,-32301,0,0,0,0,0,111693,0
109949,-3230,6940,1092,741,-1824,-4277,39948,10273,479,-1180,20112,36679,-317,32,65,0,0,0,0,0,0,0,0,-32302,0,0,0,0,0,111699,0
109954,-3740,6950,1176,766,-1856,-4332,42325,10481,550,-1323,20536,36679,-317,32,65,0,0,0,0,0,0,0,0,-32302,0,0,0,0,0,111704,0
109959,-3424,7018,1422,773,-1899,-4370,44735,10618,560,-1281,20864,36712,-388,32,65,0,0,0,0,0,0,0,0,-32302,0,0,0,0,0,111710,0
109964,-3480,6942,1282,869,-1994,-4453,47205,10870,648,-1298,20936,36712,-388,32,65,0,0,0,0,0,0,0,0,-32302,0,0,0,0,0,111715,0
109969,-3366,5764,1294,907,-2028,-4486,49692,10969,592,-1509,21552,36749,-469,32,65,0,0,0,0,0,0,0,0,-32302,0,0,0,0,0,111721,0
109974,-3380,5998,1284,942,-2062,-4490,52187,10975,534,-1530,21456,36749,-469,32,65,0,0,0,0,0,0,0,0,-32302,0,0,0,0,0,111726,0
109979,-3578,5756,1592,975,-2101,-4477,54728,11192,-669,-1538,21816,36783,-542,32,65,0,0,0,0,0,0,0,0,-32302,0,0,0,0,0,111732,0
109984,-3510,5540,1958,1021,-2116,-4502,57272,11193,-793,-1667,21920,36783,-542,32,65,0,0,0,0,0,0,0,0,-32302,0,0,0,0,0,111737,0
109989,-4158,5602,1806,1018,-2139,-4469,59829,11242,-264,-1732,21928,36821,-620,32,65,0,0,0,0,0,0,0,0,-32302,0,0,0,0,0,111742,0
109994,-2768,4628,2060,1118,-2165,-4327,62409,11384,818,-1670,22048,36821,-620,32,65,0,0,0,0,0,0,0,0,-32302,0,0,0,0,0,111748,0
109999,-2782,5932,1806,1108,-2230,-4077,64980,11293,782,-1700,21992,36852,-685,32,65,0,0,0,0,0,0,0,0,-32302,0,0,0,0,0,111754,0
110004,-1618,6942,1428,1167,-2291,-3621,67526,11172,1230,-1833,21416,36852,-685,32,65,0,0,0,0,0,0,0,0,-32302,0,0,0,0,0,111759,0
110009,-1994,7788,1564,1210,-2263,-3435,70029,11006,-107,-1722,20792,36881,-743,32,65,0,0,0,0,0,0,0,0,-32301,0,0,0,0,0,111765,0
110014,-2312,7504,1732,1236,-2255,-3260,72481,10744,-325,-1825,20160,36881,-743,32,65,0,0,0,0,0,0,0,0,-32302,0,0,0,0,0,111770,0
110019,-3468,7410,1420,1212,-2193,-3134,74867,10475,-623,-1988,19616,36898,-775,32,65,0,0,0,0,0,0,0,0,-32302,0,0,0,0,0,111776,0
110024,-5266,6450,1328,1188,-1983,-2878,77186,10175,-795,-1956,19096,36898,-775,32,65,0,0,0,0,0,0,0,0,-32302,0,0,0,0,0,111781,0
110029,-6486,6790,1498,1175,-1904,-2786,79475,10070,-835,-2037,18720,36910,-796,32,65,0,0,0,0,0,0,0,0,-32302,0,0,0,0,0,111786,0
110034,-6858,5992,1600,1097,-1748,-2694,81716,9830,-843,-2108,18504,36910,-796,32,65,0,0,0,0,0,0,0,0,-32302,0,0,0,0,0,111792,0
110039,-7988,5846,1496,1059,-1645,-2681,83926,9706,-701,-2127,18048,36918,-810,32,65,0,0,0,0,0,0,0,0,-32301,0,0,0,0,0,111797,0
110044,-8298,5488,1366,1043,-1484,-2463,86114,9636,-600,-2121,18072,36918,-810,32,65,0,0,0,0,0,0,0,0,-32302,0,0,0,0,0,111803,0
110049,-9520,6844,1622,994,-1472,-2417,88291,9560,-451,-2127,17664,36922,-809,32,65,0,0,0,0,0,0,0,0,-32303,0,0,0,0,0,111808,0
110054,-11346,4964,1644,976,-1412,-2739,90436,9434,-399,-2268,17672,36922,-809,32,65,0,0,0,0,0,0,0,0,-32303,0,0,0,0,0,111814,0
110059,-10072,4368,1642,921,-1423,-2519,92559,9325,-323,-2279,17152,36931,-825,32,65,0,0,0,0,0,0,0,0,-32302,0,0,0,0,0,111819,0
110064,-7596,6144,968,989,-1464,-1872,94663,9261,-330,-2212,17016,36931,-825,32,65,0,0,0,0,0,0,0,0,-32302,0,0,0,0,0,111825,0
110069,-6582,6950,782,1027,-1508,-1668,96711,8966,-386,-2199,16096,36934,-820,32,65,0,0,0,0,0,0,0,0,-32303,0,0,0,0,0,111830,0
110074,-7382,7770,1018,1046,-1491,-1557,98672,8594,-565,-2309,15248,36934,-820,32,65,0,0,0,0,0,0,0,0,-32302,0,0,0,0,0,111836,0
110079,-7658,7598,1286,1101,-1456,-1399,100523,8087,-864,-2304,13976,36932,-824,32,65,0,0,0,0,0,0,0,0,-32302,0,0,0,0,0,111841,0
110084,-9146,6308,1018,1104,-1353,-1088,102273,7661,-1209,-2373,13112,36932,-824,32,65,0,0,0,0,0,0,0,0,-32302,0,0,0,0,0,111847,0
110089,-9438,5188,1246,1097,-1316,-982,103935,7274,-1448,-2419,12128,36915,-773,32,65,0,0,0,0,0,0,0,0,-32302,0,0,0,0,0,111852,0
110094,-8304,4376,1204,1108,-1258,-708,105494,6817,-1505,-2463,11352,36915,-773,32,65,0,0,0,0,0,0,0,0,-32301,0,0,0,0,0,111857,0
110099,-8404,4146,1126,1117,-1208,-412,106970,6457,-1483,-2459,10656,36894,-719,32,65,0,0,0,0,0,0,0,0,-32301,0,0,0,0,0,111863,0
110104,-8154,5032,796,1143,-1182,177,108349,6018,-1420,-2395,9504,36894,-719,32,65,0,0,0,0,0,0,0,0,-32303,0,0,0,0,0,111868,0
110109,-9148,5352,962,1122,-1136,284,109614,5510,-1465,-2415,8400,36853,-628,32,65,0,0,0,0,0,0,0,0,-32302,0,0,0,0,0,111874,0
110114,-10540,5070,1426,1079,-1097,296,110777,5080,-1520,-2434,7488,36853,-628,32,65,0,0,0,0,0,0,0,0,-32301,0,0,0,0,0,111879,0
110119,-10838,3838,1050,1054,-989,440,111842,4643,-1556,-2429,6480,36812,-534,32,65,0,0,0,0,0,0,0,0,-32302,0,0,0,0,0,111885,0
110124,-9822,3914,920,1041,-970,960,112796,4152,-1597,-2460,5592,36812,-534,32,65,0,0,0,0,0,0,0,0,-32303,0,0,0,0,0,111890,0
110129,-10102,4160,1054,989,-924,1001,113648,3699,-1596,-2490,4696,36770,-432,32,65,0,0,0,0,0,0,0,0,-32303,0,0,0,0,0,111896,0
110134,-9172,3712,1014,960,-849,1164,114406,3290,-1573,-2450,3832,36770,-432,32,65,0,0,0,0,0,0,0,0,-32303,0,0,0,0,0,111901,0
110139,-9434,3812,594,939,-787,1428,115070,2881,-1546,-2438,2872,36729,-332,32,65,0,0,0,0,0,0,0,0,-32303,0,0,0,0,0,111907,0
110144,-9948,4366,856,865,-722,1713,115634,2442,-1511,-2437,2040,36729,-332,32,65,0,0,0,0,0,0,0,0,-32302,0,0,0,0,0,111912,0
110149,-8670,3904,672,877,-659,2062,116096,1993,-1480,-2437,1056,36683,-223,32,65,0,0,0,0,0,0,0,0,-32301,0,0,0,0,0,111918,0
110154,-8520,4774,536,886,-642,2386,116457,1542,-1502,-2442,152,36683,-223,32,65,0,0,0,0,0,0,0,0,-32302,0,0,0,0,0,111923,0
110159,-10118,5614,830,841,-612,2353,116703,1036,-1556,-2602,-288,36632,-114,32,65,0,0,0,0,0,0,0,0,-32301,0,0,0,0,0,111929,0
110164,-9816,2658,714,783,-488,2619,116835,533,-1621,-2715,-432,36632,-114,32,65,0,0,0,0,0,0,0,0,-32301,0,0,0,0,0,111934,0
110169,-8010,2540,378,821,-505,3173,116871,117,-1658,-2566,-880,36578,13,32,65,0,0,0,0,0,0,0,0,-32301,0,0,0,0,0,111940,0
110174,-6774,4112,36,878,-552,3665,116836,-166,-1594,-2222,-1344,36578,13,32,65,0,0,0,0,0,0,0,0,-32301,0,0,0,0,0,111945,0
110179,-5302,6208,-104,923,-564,4042,116747,-430,-1407,-2153,-2008,36531,112,32,65,0,0,0,0,0,0,0,0,-32301,0,0,0,0,0,111950,0
110184,-11278,4224,1328,677,-299,2940,116592,-698,-1190,-2330,-2496,36531,112,32,65,0,0,0,0,0,0,0,0,-32301,0,0,0,0,0,111956,0
110189,-10736,1790,724,642,-250,3355,116402,-841,-972,-2376,-2720,36488,205,32,65,0,0,0,0,0,0,0,0,-32302,0,0,0,0,0,111961,0
110194,-8334,1662,-566,774,-324,4076,116191,-944,-781,-2329,-2944,36488,205,32,65,0,0,0,0,0,0,0,0,-32302,0,0,0,0,0,111967,0
110199,-5060,3996,-696,880,-466,4770,115929,-1182,-657,-2185,-3760,36455,265,32,65,0,0,0,0,0,0,0,0,-32301,0,0,0,0,0,111972,0
110204,-2840,8142,42,959,-396,5274,115570,-1627,-678,-2184,-4784,36455,265,32,65,0,0,0,0,0,0,0,0,-32302,0,0,0,0,0,111978,0
110209,-2902,7392,418,952,-358,5485,115096,-2135,-918,-2235,-5952,36420,338,32,65,0,0,0,0,0,0,0,0,-32301,0,0,0,0,0,111984,0
110214,-3396,7292,364,902,-264,5664,114502,-2663,-1299,-2235,-7040,36420,338,32,65,0,0,0,0,0,0,0,0,-32304,0,0,0,0,0,111989,0
110219,-12518,8984,1488,707,-105,4488,113808,-3092,-1592,-2226,-7768,36380,436,32,65,0,0,0,0,0,0,0,0,-32302,0,0,0,0,0,111995,0
110224,-6764,104,392,634,81,5199,113053,-3345,-1625,-2234,-8088,36380,436,32,65,0,0,0,0,0,0,0,0,-32302,0,0,0,0,0,112000,0
110229,-9184,-30,-136,686,105,5880,112269,-3452,-1375,-2190,-8168,36336,534,32,65,0,0,0,0,0,0,0,0,-32302,0,0,0,0,0,112005,0
110234,-4028,2210,106,718,-76,6585,111448,-3632,-1013,-2060,-8720,36336,534,32,65,0,0,0,0,0,0,0,0,-32302,0,0,0,0,0,112011,0
110239,-2186,4428,748,710,-104,6815,110553,-3971,-780,-1982,-9472,36298,608,32,65,0,0,0,0,0,0,0,0,-32302,0,0,0,0,0,112016,0
110244,-1636,6516,490,740,42,7102,109569,-4370,-798,-2006,-10528,36298,608,32,65,0,0,0,0,0,0,0,0,-32302,0,0,0,0,0,112022,0
110249,-2252,6498,320,719,103,7215,108494,-4771,-1005,-1965,-11352,36268,659,32,65,0,0,0,0,0,0,0,0,-32301,0,0,0,0,0,112027,0
110254,-3324,6356,128,682,162,7345,107313,-5245,-1266,-1966,-12384,36268,659,32,65,0,0,0,0,0,0,0,0,-32302,0,0,0,0,0,112033,0
110259,-3684,6268,362,631,221,7525,106022,-5723,-1457,-1998,-13304,36238,719,32,65,0,0,0,0,0,0,0,0,-32301,0,0,0,0,0,112038,0
110264,-4262,5632,594,588,325,7934,104638,-6122,-1540,-1914,-13984,36238,719,32,65,0,0,0,0,0,0,0,0,-32302,0,0,0,0,0,112044,0
110269,-4430,5708,426,559,348,8137,103167,-6526,-1540,-1798,-14840,36200,800,32,65,0,0,0,0,0,0,0,0,-32302,0,0,0,0,0,112049,0
110274,-4406,5674,458,536,336,8349,101604,-6910,-1496,-1835,-15512,36200,800,32,65,0,0,0,0,0,0,0,0,-32302,0,0,0,0,0,112055,0
110279,-4146,5774,582,537,337,8539,99981,-7165,-1366,-1734,-16168,36169,871,32,65,0,0,0,0,0,0,0,0,-32302,0,0,0,0,0,112060,0
110284,-4174,5574,782,503,341,8916,98277,-7533,-1259,-1712,-17016,36169,871,32,65,0,0,0,0,0,0,0,0,-32302,0,0,0,0,0,112066,0
110289,-4272,5788,838,529,328,9102,96500,-7839,-1189,-1678,-17416,36145,927,32,65,0,0,0,0,0,0,0,0,-32302,0,0,0,0,0,112071,0
110294,-4346,5728,706,547,318,9278,94646,-8196,-1137,-1567,-18272,36145,927,32,65,0,0,0,0,0,0,0,0,-32301,0,0,0,0,0,112077,0
110299,-4158,5838,886,507,300,9457,92719,-8496,-1154,-1555,-18776,36129,939,32,65,0,0,0,0,0,0,0,0,-32302,0,0,0,0,0,112082,0
110304,-4110,6180,966,551,240,9738,90733,-8769,-1123,-1445,-19408,36129,939,32,65,0,0,0,0,0,0,0,0,-32301,0,0,0,0,0,112088,0
110309,-3912,6088,908,504,252,9857,88672,-9099,-1095,-1450,-19968,36118,944,32,65,0,0,0,0,0,0,0,0,-32302,0,0,0,0,0,112093,0
110314,-3952,6224,902,475,230,9969,86541,-9407,-1070,-1372,-20880,36118,944,32,65,0,0,0,0,0,0,0,0,-32302,0,0,0,0,0,112099,0
110319,-3958,6496,878,496,210,10073,84345,-9677,-1061,-1335,-21248,36113,947,32,65,0,0,0,0,0,0,0,0,-32301,0,0,0,0,0,112104,0
110324,-3718,6580,848,475,201,10239,82100,-9904,-1015,-1258,-21632,36113,947,32,65,0,0,0,0,0,0,0,0,-32301,0,0,0,0,0,112110,0
110329,-3534,6734,886,478,191,10315,79797,-10141,-970,-1246,-22056,36113,944,32,65,0,0,0,0,0,0,0,0,-32301,0,0,0,0,0,112115,0
110334,-3494,6954,854,456,181,10381,77426,-10487,-913,-1164,-22824,36113,944,32,65,0,0,0,0,0,0,0,0,-32302,0,0,0,0,0,112121,0
110339,-3422,7032,800,455,161,10431,75021,-10583,-866,-1123,-23016,36118,927,32,65,0,0,0,0,0,0,0,0,-32301,0,0,0,0,0,112126,0
110344,-3356,7318,692,412,185,10526,72554,-10875,-854,-1035,-23520,36118,927,32,65,0,0,0,0,0,0,0,0,-32301,0,0,0,0,0,112131,0
110349,-3404,7484,814,387,203,10570,70044,-11080,-794,-999,-23880,36130,894,32,65,0,0,0,0,0,0,0,0,-32301,0,0,0,0,0,112137,0
110354,-3500,7514,670,354,208,10615,67496,-11207,-781,-933,-24024,36130,894,32,65,0,0,0,0,0,0,0,0,-32302,0,0,0,0,0,112142,0
110359,-3328,7680,710,412,213,10635,64915,-11389,-656,-862,-24400,36150,866,32,65,0,0,0,0,0,0,0,0,-32302,0,0,0,0,0,112148,0
110364,-3152,7992,666,382,184,10680,62306,-11487,-616,-792,-24656,36150,866,32,65,0,0,0,0,0,0,0,0,-32302,0,0,0,0,0,112153,0
110369,-3024,8062,744,397,174,10686,59655,-11659,-563,-753,-24920,36174,818,32,65,0,0,0,0,0,0,0,0,-32301,0,0,0,0,0,112159,0
110374,-2926,8108,796,381,191,10691,56983,-11786,-480,-720,-25184,36174,818,32,65,0,0,0,0,0,0,0,0,-32301,0,0,0,0,0,112164,0
110379,-2706,8206,628,337,189,10698,54287,-11871,-487,-668,-25264,36199,752,32,65,0,0,0,0,0,0,0,0,-32301,0,0,0,0,0,112170,0
110384,-2436,8402,508,369,195,10677,51562,-11988,-449,-595,-25392,36199,752,32,65,0,0,0,0,0,0,0,0,-32302,0,0,0,0,0,112175,0
110389,-2262,8700,674,389,184,10648,48833,-12033,-358,-567,-25552,36222,688,32,65,0,0,0,0,0,0,0,0,-32302,0,0,0,0,0,112181,0
110394,-2154,8892,654,354,184,10628,46091,-12055,-313,-486,-25456,36222,688,32,65,0,0,0,0,0,0,0,0,-32301,0,0,0,0,0,112186,0
110399,-1884,9146,674,344,207,10566,43326,-12153,-263,-407,-25584,36248,625,32,65,0,0,0,0,0,0,0,0,-32301,0,0,0,0,0,112192,0
110404,-1724,9086,610,307,246,10489,40561,-12190,-196,-411,-25576,36248,625,32,65,0,0,0,0,0,0,0,0,-32302,0,0,0,0,0,112197,0
110409,-1630,9180,596,307,296,10443,37794,-12170,-183,-346,-25512,36274,563,32,65,0,0,0,0,0,0,0,0,-32302,0,0,0,0,0,112203,0
110414,-1552,9168,618,291,319,10422,35024,-12165,-132,-263,-25360,36274,563,32,65,0,0,0,0,0,0,0,0,-32302,0,0,0,0,0,112208,0
110419,-1406,9124,732,293,343,10392,32274,-12111,-11,-239,-25128,36302,505,32,65,0,0,0,0,0,0,0,0,-32301,0,0,0,0,0,112213,0
110424,-906,9406,608,274,354,10277,29540,-12017,60,-166,-24976,36302,505,32,65,0,0,0,0,0,0,0,0,-32302,0,0,0,0,0,112219,0
110429,-508,9412,758,306,374,10203,26808,-11989,131,-99,-24792,36329,441,32,65,0,0,0,0,0,0,0,0,-32301,0,0,0,0,0,112225,0
110434,-378,9428,746,252,368,10110,24100,-11931,204,-61,-24600,36329,441,32,65,0,0,0,0,0,0,0,0,-32302,0,0,0,0,0,112230,0
110439,-170,9418,640,246,410,10016,21412,-11823,203,-49,-24264,36366,355,32,65,0,0,0,0,0,0,0,0,-32302,0,0,0,0,0,112236,0
110444,8,9322,644,236,463,9813,18740,-11736,229,34,-23992,36366,355,32,65,0,0,0,0,0,0,0,0,-32302,0,0,0,0,0,112241,0
110449,158,9320,700,296,443,9691,16113,-11564,331,109,-23488,36400,286,32,65,0,0,0,0,0,0,0,0,-32302,0,0,0,0,0,112247,0
110454,254,9330,632,314,442,9575,13522,-11372,389,134,-23192,36400,286,32,65,0,0,0,0,0,0,0,0,-32302,0,0,0,0,0,112252,0
110459,434,9272,702,290,414,9456,10951,-11298,455,219,-22832,36429,224,32,65,0,0,0,0,0,0,0,0,-32302,0,0,0,0,0,112257,0
110464,956,9148,638,306,415,9161,8435,-11060,539,332,-22208,36429,224,32,65,0,0,0,0,0,0,0,0,-32301,0,0,0,0,0,112263,0
110469,1186,9018,516,317,416,8999,5965,-10836,557,412,-21560,36466,138,32,65,0,0,0,0,0,0,0,0,-32302,0,0,0,0,0,112268,0
110474,1366,8956,520,292,425,8836,3535,-10679,630,508,-20992,36466,138,32,65,0,0,0,0,0,0,0,0,-32302,0,0,0,0,0,112274,0
110479,1522,8798,526,331,425,8655,1652,-10356,726,587,-20176,36506,48,32,65,0,0,0,0,0,0,0,0,-32302,0,0,0,0,0,112279,0
110484,1752,8638,546,345,423,8280,-654,-10130,827,664,-19520,36506,48,32,65,0,0,0,0,0,0,0,0,-32302,0,0,0,0,0,112285,0
110489,1830,8580,528,347,398,7973,-2884,-9777,941,718,-18832,36552,-54,32,65,0,0,0,0,0,0,0,0,-32302,0,0,0,0,0,112291,0
110494,21152,5294,2374,461,-275,5029,-5026,-9370,1052,674,-16944,36552,-54,32,65,0,0,0,0,0,0,0,0,-32301,0,0,0,0,0,112296,0
110499,26276,9694,1590,236,723,2596,-6781,-7488,1870,161,-10904,36563,-56,32,65,0,0,0,0,0,0,0,0,-32302,0,0,0,0,0,112301,0
110504,-5564,8542,2876,282,1087,1533,-7734,-3772,4065,-654,-2504,36563,-56,32,65,0,0,0,0,0,0,0,0,-32302,0,0,0,0,0,112308,0
110509,-15838,6602,3282,408,867,2274,-7666,756,7672,-822,6280,36528,49,32,65,0,0,0,0,0,0,0,0,-32302,0,0,0,0,0,112313,0
110514,-4850,6164,130,495,852,2589,-6716,4500,11155,391,12488,36528,49,32,65,0,0,0,0,0,0,0,0,-32302,0,0,0,0,0,112319,0
110519,5446,6608,-354,352,879,1955,-5302,6361,12444,753,14024,36467,203,32,65,0,0,0,0,0,0,0,0,-32302,0,0,0,0,0,112324,0
110524,7312,9930,-166,250,848,768,-3727,6972,10662,314,13608,36467,203,32,65,0,0,0,0,0,0,0,0,-32302,0,0,0,0,0,112330,0
110529,-4762,7524,2598,212,665,235,-2160,6867,6885,-193,12624,36427,280,32,65,0,0,0,0,0,0,0,0,-32302,0,0,0,0,0,112335,0
110534,-1384,5902,1028,368,519,-358,-699,6371,2987,-486,11008,36427,280,32,65,0,0,0,0,0,0,0,0,-32302,0,0,0,0,0,112340,0
110539,4032,4598,-1482,428,359,-1108,577,5537,121,-516,8720,36453,201,32,65,0,0,0,0,0,0,0,0,-32301,0,0,0,0,0,112346,0
110544,1672,8156,-106,308,455,-2788,1628,4514,-1612,-623,6576,36453,201,32,65,0,0,0,0,0,0,0,0,-32302,0,0,0,0,0,112351,0
110549,-4088,7334,310,364,435,-3144,2496,3751,-2543,-821,5392,36487,119,32,65,0,0,0,0,0,0,0,0,-32301,0,0,0,0,0,112357,0
110554,-6134,8398,460,329,363,-2975,3260,3327,-2746,-781,4800,36487,119,32,65,0,0,0,0,0,0,0,0,-32302,0,0,0,0,0,112362,0
110559,-5466,7070,-518,362,314,-2690,3960,3053,-2376,-666,4272,36522,47,32,65,0,0,0,0,0,0,0,0,-32301,0,0,0,0,0,112368,0
110564,-3340,6210,-294,290,132,-2444,4610,2829,-1713,-626,3808,36522,47,32,65,0,0,0,0,0,0,0,0,-32301,0,0,0,0,0,112373,0
110569,-2968,5548,-614,295,-26,-2352,5207,2611,-1152,-638,3408,36522,51,32,65,0,0,0,0,0,0,0,0,-32302,0,0,0,0,0,112379,0
110574,-1376,5360,140,292,-130,-2102,5760,2417,-861,-638,3048,36522,51,32,65,0,0,0,0,0,0,0,0,-32302,0,0,0,0,0,112384,0
110579,-464,4684,136,340,-167,-1986,6274,2237,-739,-651,2704,36515,58,32,65,0,0,0,0,0,0,0,0,-32302,0,0,0,0,0,112390,0
110584,800,7078,588,374,-111,-1892,6750,2078,-671,-653,2384,36515,58,32,65,0,0,0,0,0,0,0,0,-32302,0,0,0,0,0,112395,0
110589,1344,7776,202,406,-37,-1794,7191,1928,-615,-624,2048,36507,71,32,65,0,0,0,0,0,0,0,0,-32302,0,0,0,0,0,112401,0
110594,1862,8346,22,395,21,-1729,7591,1756,-588,-627,1656,36507,71,32,65,0,0,0,0,0,0,0,0,-32301,0,0,0,0,0,112406,0
110599,2280,8298,716,346,37,-1780,7952,1564,-576,-631,1280,36516,74,32,65,0,0,0,0,0,0,0,0,-32302,0,0,0,0,0,112412,0
110604,2158,7748,22,394,92,-1900,8275,1401,-581,-641,960,36516,74,32,65,0,0,0,0,0,0,0,0,-32301,0,0,0,0,0,112417,0
110609,2042,8192,70,395,147,-1823,8563,1264,-591,-637,720,36525,95,32,65,0,0,0,0,0,0,0,0,-32302,0,0,0,0,0,112423,0
110614,1504,7780,368,382,167,-1720,8827,1149,-550,-648,552,36525,95,32,65,0,0,0,0,0,0,0,0,-32302,0,0,0,0,0,112428,0
110619,1592,7114,182,403,202,-1576,9074,1072,-468,-648,424,36538,99,32,65,0,0,0,0,0,0,0,0,-32302,0,0,0,0,0,112434,0
110624,1452,6910,240,422,315,-1287,9301,994,-380,-643,296,36538,99,32,65,0,0,0,0,0,0,0,0,-32302,0,0,0,0,0,112439,0
110629,1712,7034,306,430,369,-1175,9508,891,-322,-662,200,36525,98,32,65,0,0,0,0,0,0,0,0,-32302,0,0,0,0,0,112445,0
110634,1916,6880,236,434,429,-1097,9681,742,-335,-702,112,36525,98,32,65,0,0,0,0,0,0,0,0,-32302,0,0,0,0,0,112450,0
110639,1726,7000,298,429,478,-1057,9816,564,-395,-731,128,36509,95,32,65,0,0,0,0,0,0,0,0,-32301,0,0,0,0,0,112456,0
110644,1306,6858,310,417,552,-940,9900,350,-518,-788,-56,36509,95,32,65,0,0,0,0,0,0,0,0,-32301,0,0,0,0,0,112461,0
110649,1206,6600,264,417,591,-881,9936,143,-625,-685,-168,36492,100,32,65,0,0,0,0,0,0,0,0,-32301,0,0,0,0,0,112467,0
110654,1068,6410,218,415,627,-819,9938,-6,-666,-588,-208,36492,100,32,65,0,0,0,0,0,0,0,0,-32302,0,0,0,0,0,112472,0
110659,1094,6422,206,414,652,-753,9926,-56,-603,-545,-256,36487,114,32,65,0,0,0,0,0,0,0,0,-32301,0,0,0,0,0,112477,0
110664,1744,6282,224,401,690,-679,9901,-110,-462,-539,-296,36487,114,32,65,0,0,0,0,0,0,0,0,-32302,0,0,0,0,0,112483,0
110669,1890,6272,258,391,706,-681,9872,-125,-293,-550,-320,36482,124,32,65,0,0,0,0,0,0,0,0,-32302,0,0,0,0,0,112489,0
110674,1856,6336,228,395,713,-705,9837,-159,-173,-537,-360,36482,124,32,65,0,0,0,0,0,0,0,0,-32302,0,0,0,0,0,112494,0
110679,1760,6448,222,395,724,-726,9794,-185,-114,-539,-392,36478,136,32,65,0,0,0,0,0,0,0,0,-32302,0,0,0,0,0,112500,0
110684,1550,6476,138,394,700,-761,9744,-211,-100,-534,-416,36478,136,32,65,0,0,0,0,0,0,0,0,-32302,0,0,0,0,0,112505,0
110689,1492,6436,64,396,671,-780,9688,-247,-95,-537,-456,36477,139,32,65,0,0,0,0,0,0,0,0,-32301,0,0,0,0,0,112511,0
110694,1488,6386,50,398,621,-803,9633,-246,-79,-527,-464,36477,139,32,65,0,0,0,0,0,0,0,0,-32302,0,0,0,0,0,112516,0
110699,1616,6288,16,393,562,-813,9581,-221,-43,-534,-408,36479,149,32,65,0,0,0,0,0,0,0,0,-32302,0,0,0,0,0,112522,0
110704,1984,6426,36,416,454,-858,9532,-219,-3,-523,-416,36479,149,32,65,0,0,0,0,0,0,0,0,-32302,0,0,0,0,0,112527,0
110709,2082,6498,30,421,403,-876,9481,-218,17,-535,-376,36480,145,32,65,0,0,0,0,0,0,0,0,-32302,0,0,0,0,0,112533,0
110714,2208,6542,34,430,371,-893,9436,-204,33,-535,-352,36480,145,32,65,0,0,0,0,0,0,0,0,-32302,0,0,0,0,0,112538,0
110719,2404,6670,20,442,333,-912,9398,-165,49,-523,-328,36478,142,32,65,0,0,0,0,0,0,0,0,-32302,0,0,0,0,0,112544,0
110724,2686,6942,0,467,295,-946,9362,-146,53,-531,-280,36478,142,32,65,0,0,0,0,0,0,0,0,-32301,0,0,0,0,0,112549,0
110729,2820,7018,-18,481,285,-965,9336,-116,78,-530,-264,36478,130,32,65,0,0,0,0,0,0,0,0,-32302,0,0,0,0,0,112555,0
110734,2884,7158,-4,491,275,-976,9315,-87,91,-534,-232,36478,130,32,65,0,0,0,0,0,0,0,0,-32301,0,0,0,0,0,112560,0
110739,3002,7210,48,506,270,-991,9305,-26,106,-547,-176,36476,128,32,65,0,0,0,0,0,0,0,0,-32302,0,0,0,0,0,112566,0
110744,3108,7496,54,542,265,-1015,9308,20,134,-544,-176,36476,128,32,65,0,0,0,0,0,0,0,0,-32301,0,0,0,0,0,112571,0
110749,3082,7586,50,555,269,-1025,9314,20,138,-534,-168,36479,122,32,65,0,0,0,0,0,0,0,0,-32302,0,0,0,0,0,112577,0
110754,3028,7708,84,571,269,-1014,9315,0,110,-532,-192,36479,122,32,65,0,0,0,0,0,0,0,0,-32302,0,0,0,0,0,112582,0
110759,2962,7762,82,586,268,-1002,9315,3,43,-532,-192,36478,118,32,65,0,0,0,0,0,0,0,0,-32302,0,0,0,0,0,112588,0
110764,2938,7866,96,613,236,-957,9315,-2,-7,-533,-192,36478,118,32,65,0,0,0,0,0,0,0,0,-32302,0,0,0,0,0,112594,0
110769,2996,7970,82,627,220,-932,9315,-1,-18,-535,-192,36481,122,32,65,0,0,0,0,0,0,0,0,-32302,0,0,0,0,0,112599,0
110774,3044,8058,90,636,206,-916,9316,4,-6,-537,-192,36481,122,32,65,0,0,0,0,0,0,0,0,-32302,0,0,0,0,0,112604,0
110779,3072,8186,110,649,190,-900,9315,-1,-1,-536,-184,36481,124,32,65,0,0,0,0,0,0,0,0,-32302,0,0,0,0,0,112610,0
110784,3120,8312,94,653,145,-881,9317,6,6,-537,-192,36481,124,32,65,0,0,0,0,0,0,0,0,-32302,0,0,0,0,0,112615,0
110789,3178,8410,60,656,129,-871,9316,3,-1,-535,-184,36482,123,32,65,0,0,0,0,0,0,0,0,-32302,0,0,0,0,0,112621,0
110794,3166,8494,70,655,106,-865,9316,5,1,-532,-184,36482,123,32,65,0,0,0,0,0,0,0,0,-32302,0,0,0,0,0,112626,0
110799,3194,8548,58,645,91,-857,9316,3,-1,-534,-184,36483,121,32,65,0,0,0,0,0,0,0,0,-32302,0,0,0,0,0,112632,0
110804,3302,8586,86,637,56,-832,9315,-3,0,-536,-192,36483,121,32,65,0,0,0,0,0,0,0,0,-32302,0,0,0,0,0,112637,0
110809,3336,8580,82,638,47,-820,9315,3,-1,-538,-184,36487,128,32,65,0,0,0,0,0,0,0,0,-32302,0,0,0,0,0,112642,0
110814,3352,8536,92,634,26,-810,9316,0,-1,-535,-184,36487,128,32,65,0,0,0,0,0,0,0,0,-32302,0,0,0,0,0,112648,0
110819,3418,8476,94,631,25,-794,9317,1,3,-534,-184,36489,125,32,65,0,0,0,0,0,0,0,0,-32302,0,0,0,0,0,112653,0
110824,3450,8380,112,613,7,-766,9315,0,-4,-538,-184,36489,125,32,65,0,0,0,0,0,0,0,0,-32302,0,0,0,0,0,112659,0
110829,3482,8296,120,608,-5,-753,9316,0,-1,-536,-184,36484,125,32,65,0,0,0,0,0,0,0,0,-32302,0,0,0,0,0,112664,0
110834,3488,8206,118,595,-16,-739,9316,3,0,-537,-192,36484,125,32,65,0,0,0,0,0,0,0,0,-32302,0,0,0,0,0,112670,0
110839,3478,8070,138,593,-22,-724,9316,-3,0,-534,-184,36484,133,32,65,0,0,0,0,0,0,0,0,-32302,0,0,0,0,0,112675,0
110844,3500,7772,140,570,-35,-696,9315,-7,-1,-535,-184,36484,133,32,65,0,0,0,0,0,0,0,0,-32301,0,0,0,0,0,112681,0
110849,3504,7630,128,561,-42,-677,9316,-1,-4,-536,-192,36478,136,32,65,0,0,0,0,0,0,0,0,-32302,0,0,0,0,0,112686,0
110854,3500,7530,128,546,-45,-661,9316,-1,0,-535,-192,36478,136,32,65,0,0,0,0,0,0,0,0,-32302,0,0,0,0,0,112692,0
110859,3528,7390,112,542,-49,-646,9317,1,2,-535,-184,36482,133,32,65,0,0,0,0,0,0,0,0,-32302,0,0,0,0,0,112697,0
110864,3496,7278,48,512,-52,-621,9315,-2,-1,-534,-176,36482,133,32,65,0,0,0,0,0,0,0,0,-32302,0,0,0,0,0,112703,0
110869,3526,7306,36,504,-45,-620,9317,6,3,-536,-192,36482,123,32,65,0,0,0,0,0,0,0,0,-32302,0,0,0,0,0,112708,0
110874,3514,7280,22,492,-40,-608,9317,6,3,-537,-176,36482,123,32,65,0,0,0,0,0,0,0,0,-32302,0,0,0,0,0,112714,0
110879,3526,7286,10,476,-45,-601,9317,-3,6,-537,-184,36480,121,32,65,0,0,0,0,0,0,0,0,-32302,0,0,0,0,0,112719,0
110884,3502,7316,-36,449,-41,-576,9316,0,-1,-536,-192,36480,121,32,65,0,0,0,0,0,0,0,0,-32302,0,0,0,0,0,112724,0
110889,3468,7384,-68,443,-37,-567,9316,0,-5,-535,-184,36477,120,32,65,0,0,0,0,0,0,0,0,-32302,0,0,0,0,0,112730,0
110894,3506,7484,-72,426,-34,-555,9317,0,2,-535,-192,36477,120,32,65,0,0,0,0,0,0,0,0,-32301,0,0,0,0,0,112735,0
110899,3520,7612,-114,419,-33,-545,9317,1,-2,-534,-192,36477,126,32,65,0,0,0,0,0,0,0,0,-32301,0,0,0,0,0,112741,0
110904,3558,7658,-92,406,-31,-526,9317,2,-1,-536,-192,36477,126,32,65,0,0,0,0,0,0,0,0,-32302,0,0,0,0,0,112746,0
110909,3580,7708,-176,403,-24,-513,9317,2,0,-536,-192,36477,131,32,65,0,0,0,0,0,0,0,0,-32302,0,0,0,0,0,112752,0
110914,3538,7738,-162,402,-19,-492,9317,0,0,-533,-184,36477,131,32,65,0,0,0,0,0,0,0,0,-32301,0,0,0,0,0,112757,0
110919,3490,7724,-162,404,-18,-479,9315,-4,-4,-536,-192,36482,127,32,65,0,0,0,0,0,0,0,0,-32302,0,0,0,0,0,112763,0
110924,3450,7718,-206,414,-10,-436,9318,0,0,-536,-192,36482,127,32,65,0,0,0,0,0,0,0,0,-32302,0,0,0,0,0,112768,0
110929,3464,7658,-248,426,-7,-425,9317,2,2,-536,-192,36481,127,32,65,0,0,0,0,0,0,0,0,-32302,0,0,0,0,0,112774,0
110934,3454,7596,-222,441,-3,-413,9316,-2,-3,-534,-184,36481,127,32,65,0,0,0,0,0,0,0,0,-32302,0,0,0,0,0,112779,0
110939,3434,7536,-252,450,3,-403,9318,7,3,-533,-184,36482,122,32,65,0,0,0,0,0,0,0,0,-32302,0,0,0,0,0,112785,0
110944,3332,7384,-208,483,10,-382,9317,6,3,-536,-184,36482,122,32,65,0,0,0,0,0,0,0,0,-32302,0,0,0,0,0,112790,0
110949,3314,7348,-196,492,17,-371,9316,0,0,-535,-192,36480,127,32,65,0,0,0,0,0,0,0,0,-32302,0,0,0,0,0,112796,0
110954,3298,7344,-210,502,22,-366,9317,0,3,-534,-192,36480,127,32,65,0,0,0,0,0,0,0,0,-32302,0,0,0,0,0,112801,0
110959,3264,7346,-180,514,22,-355,9316,1,-1,-536,-192,36478,129,32,65,0,0,0,0,0,0,0,0,-32302,0,0,0,0,0,112807,0
110964,3216,7376,-174,518,25,-348,9317,-1,3,-535,-184,36478,129,32,65,0,0,0,0,0,0,0,0,-32302,0,0,0,0,0,112813,0
110969,3126,7444,-146,519,38,-346,9317,9,2,-536,-192,36474,125,32,65,0,0,0,0,0,0,0,0,-32302,0,0,0,0,0,112819,0
110974,3098,7472,-132,516,42,-338,9316,-4,-3,-535,-184,36474,125,32,65,0,0,0,0,0,0,0,0,-32302,0,0,0,0,0,112825,0
110979,3074,7484,-104,504,56,-333,9316,-1,0,-536,-192,36473,123,32,65,0,0,0,0,0,0,0,0,-32302,0,0,0,0,0,112830,0
110984,3038,7568,-50,487,73,-323,9316,-2,1,-536,-200,36473,123,32,65,0,0,0,0,0,0,0,0,-32302,0,0,0,0,0,112836,0
110989,3022,7590,-38,473,88,-316,9316,-3,-4,-535,-192,36478,126,32,65,0,0,0,0,0,0,0,0,-32301,0,0,0,0,0,112841,0
110994,2990,7590,-8,451,97,-318,9316,-3,-3,-537,-184,36478,126,32,65,0,0,0,0,0,0,0,0,-32302,0,0,0,0,0,112846,0
110999,2934,7592,22,443,117,-316,9317,-1,-1,-536,-192,36481,123,32,65,0,0,0,0,0,0,0,0,-32302,0,0,0,0,0,112852,0
111004,2872,7556,86,389,146,-310,9316,4,-1,-535,-184,36481,123,32,65,0,0,0,0,0,0,0,0,-32301,0,0,0,0,0,112857,0
111009,2826,7476,102,373,173,-306,9316,1,4,-536,-184,36480,126,32,65,0,0,0,0,0,0,0,0,-32302,0,0,0,0,0,112863,0
111014,2804,7438,126,352,191,-305,9316,-1,2,-534,-192,36480,126,32,65,0,0,0,0,0,0,0,0,-32302,0,0,0,0,0,112868,0
111019,2750,7366,118,325,207,-298,9316,-2,2,-535,-192,36481,125,32,65,0,0,0,0,0,0,0,0,-32302,0,0,0,0,0,112874,0
111024,2628,7286,152,291,238,-295,9316,4,4,-538,-192,36481,125,32,65,0,0,0,0,0,0,0,0,-32302,0,0,0,0,0,112880,0
111029,2526,7280,146,269,253,-293,9315,-3,0,-537,-192,36488,123,32,65,0,0,0,0,0,0,0,0,-32302,0,0,0,0,0,112885,0
111034,2548,7334,156,247,268,-299,9315,-6,1,-535,-192,36488,123,32,65,0,0,0,0,0,0,0,0,-32302,0,0,0,0,0,112891,0
111039,2494,7352,146,222,285,-302,9315,0,3,-535,-184,36489,123,32,65,0,0,0,0,0,0,0,0,-32302,0,0,0,0,0,112896,0
111044,2434,7406,92,178,320,-328,9314,-5,1,-535,-184,36489,123,32,65,0,0,0,0,0,0,0,0,-32302,0,0,0,0,0,112901,0
111049,2378,7412,74,162,340,-346,9315,0,0,-536,-192,36489,122,32,65,0,0,0,0,0,0,0,0,-32302,0,0,0,0,0,112907,0
111054,2284,7416,40,141,360,-352,9315,-1,-1,-535,-192,36489,122,32,65,0,0,0,0,0,0,0,0,-32302,0,0,0,0,0,112912,0
111059,3324,10466,1574,6,378,-224,9312,-11,2,-537,-192,36481,127,32,65,0,0,0,0,0,0,0,0,-32302,0,0,0,0,0,112918,0
111064,5436,9860,1140,-52,505,-68,9306,-21,-12,-531,-192,36481,127,32,65,0,0,0,0,0,0,0,0,-32302,0,0,0,0,0,112924,0
111069,4580,11018,1764,-127,502,-216,9298,-39,-26,-528,-224,36481,129,32,65,0,0,0,0,0,0,0,0,-32302,0,0,0,0,0,112929,0
111074,3200,12146,1586,-174,486,-354,9291,-38,-29,-535,-192,36481,129,32,65,0,0,0,0,0,0,0,0,-32301,0,0,0,0,0,112935,0
111079,3082,12046,452,-170,459,-352,9284,-31,-24,-540,-184,36480,134,32,65,0,0,0,0,0,0,0,0,-32302,0,0,0,0,0,112940,0
111084,1974,11718,-1040,-132,311,-373,9284,7,1,-539,-168,36480,134,32,65,0,0,0,0,0,0,0,0,-32302,0,0,0,0,0,112946,0
111089,1726,11816,-1566,-95,287,-444,9289,27,32,-537,-144,36483,136,32,65,0,0,0,0,0,0,0,0,-32302,0,0,0,0,0,112951,0
111094,1656,11666,-1096,-85,302,-441,9305,67,72,-548,-112,36483,136,32,65,0,0,0,0,0,0,0,0,-32302,0,0,0,0,0,112956,0
111099,1374,11280,-618,-81,328,-445,9339,149,121,-553,-80,36486,131,32,65,0,0,0,0,0,0,0,0,-32302,0,0,0,0,0,112962,0
111104,1476,10644,340,-64,393,-471,9386,210,169,-545,-40,36486,131,32,65,0,0,0,0,0,0,0,0,-32302,0,0,0,0,0,112967,0
111109,1776,10300,630,-66,426,-479,9442,254,196,-545,-40,36490,127,32,65,0,0,0,0,0,0,0,0,-32302,0,0,0,0,0,112973,0
111114,2116,9964,658,-71,425,-499,9507,278,193,-547,-48,36490,127,32,65,0,0,0,0,0,0,0,0,-32302,0,0,0,0,0,112978,0
111119,2400,9548,500,-69,405,-522,9566,254,144,-565,-72,36488,115,32,65,0,0,0,0,0,0,0,0,-32302,0,0,0,0,0,112984,0
111124,2810,8624,74,-51,349,-560,9612,198,57,-577,-96,36488,115,32,65,0,0,0,0,0,0,0,0,-32302,0,0,0,0,0,112989,0
111129,2848,8072,-56,-42,323,-579,9646,148,-51,-580,-104,36495,113,32,65,0,0,0,0,0,0,0,0,-32302,0,0,0,0,0,112994,0
111134,2926,7546,-114,-25,290,-595,9667,85,-133,-562,-152,36495,113,32,65,0,0,0,0,0,0,0,0,-32302,0,0,0,0,0,113000,0
111139,2824,7038,-10,-17,273,-605,9665,-14,-199,-540,-208,36492,114,32,65,0,0,0,0,0,0,0,0,-32302,0,0,0,0,0,113006,0
111144,2534,6422,248,-8,242,-619,9655,-36,-225,-544,-224,36492,114,32,65,0,0,0,0,0,0,0,0,-32302,0,0,0,0,0,113011,0
111149,2558,6236,314,-4,234,-624,9649,-25,-196,-556,-192,36493,120,32,65,0,0,0,0,0,0,0,0,-32302,0,0,0,0,0,113017,0
111154,2664,6248,274,6,223,-639,9651,14,-117,-554,-184,36493,120,32,65,0,0,0,0,0,0,0,0,-32302,0,0,0,0,0,113022,0
111159,2794,6348,198,5,207,-643,9647,-1,-27,-551,-184,36485,129,32,65,0,0,0,0,0,0,0,0,-32302,0,0,0,0,0,113028,0
111164,2954,6710,-26,19,179,-666,9648,0,27,-550,-200,36485,129,32,65,0,0,0,0,0,0,0,0,-32302,0,0,0,0,0,113033,0
111169,2960,6944,-76,27,156,-683,9647,-4,20,-549,-192,36485,131,32,65,0,0,0,0,0,0,0,0,-32302,0,0,0,0,0,113039,0
111174,2994,7176,-110,34,142,-699,9645,-10,11,-552,-184,36485,131,32,65,0,0,0,0,0,0,0,0,-32302,0,0,0,0,0,113044,0
111179,3012,7346,-50,28,136,-716,9646,-4,-3,-550,-184,36484,135,32,65,0,0,0,0,0,0,0,0,-32301,0,0,0,0,0,113050,0
111184,2776,7534,-16,35,123,-744,9646,0,3,-549,-192,36484,135,32,65,0,0,0,0,0,0,0,0,-32302,0,0,0,0,0,113056,0
111189,2566,7612,-16,39,119,-752,9647,6,6,-552,-184,36483,125,32,65,0,0,0,0,0,0,0,0,-32302,0,0,0,0,0,113061,0
111194,2366,7664,-40,46,114,-762,9648,11,8,-557,-168,36483,125,32,65,0,0,0,0,0,0,0,0,-32302,0,0,0,0,0,113066,0
111199,2136,7772,-86,46,108,-765,9653,14,16,-554,-168,36483,127,32,65,0,0,0,0,0,0,0,0,-32302,0,0,0,0,0,113072,0
111204,1780,7934,-102,54,96,-760,9657,20,21,-553,-160,36483,127,32,65,0,0,0,0,0,0,0,0,-32302,0,0,0,0,0,113077,0
111209,1680,8066,-116,57,91,-757,9662,23,23,-551,-160,36483,131,32,65,0,0,0,0,0,0,0,0,-32301,0,0,0,0,0,113083,0
111214,1600,8170,-124,58,89,-755,9669,28,15,-554,-168,36483,131,32,65,0,0,0,0,0,0,0,0,-32303,0,0,0,0,0,113088,0
111219,1584,8220,-102,57,85,-752,9680,49,20,-560,-144,36484,131,32,65,0,0,0,0,0,0,0,0,-32302,0,0,0,0,0,113094,0
111224,1724,8388,-144,56,71,-756,9698,91,40,-563,-112,36484,131,32,65,0,0,0,0,0,0,0,0,-32301,0,0,0,0,0,113099,0
111229,1950,8456,-160,56,71,-765,9734,152,82,-569,-80,36489,125,32,65,0,0,0,0,0,0,0,0,-32302,0,0,0,0,0,113105,0
111234,2068,8504,-168,61,64,-771,9773,174,117,-567,-48,36489,125,32,65,0,0,0,0,0,0,0,0,-32301,0,0,0,0,0,113110,0
111239,2146,8514,-174,57,60,-781,9818,207,144,-568,-64,36490,121,32,65,0,0,0,0,0,0,0,0,-32301,0,0,0,0,0,113116,0
111244,2162,8386,-208,55,53,-804,9873,240,129,-567,-48,36490,121,32,65,0,0,0,0,0,0,0,0,-32301,0,0,0,0,0,113122,0
111249,2100,8242,-216,51,49,-811,9932,269,107,-575,-24,36489,117,32,65,0,0,0,0,0,0,0,0,-32302,0,0,0,0,0,113127,0
111254,1990,8034,-214,50,49,-825,9998,302,105,-566,-8,36489,117,32,65,0,0,0,0,0,0,0,0,-32302,0,0,0,0,0,113133,0
111259,2020,7840,-238,51,51,-832,10073,336,108,-573,-24,36486,123,32,65,0,0,0,0,0,0,0,0,-32302,0,0,0,0,0,113138,0
111264,2158,7640,-286,44,67,-839,10157,365,107,-584,8,36486,123,32,65,0,0,0,0,0,0,0,0,-32302,0,0,0,0,0,113143,0
111269,2144,7546,-332,37,70,-843,10244,380,114,-593,0,36485,121,32,65,0,0,0,0,0,0,0,0,-32302,0,0,0,0,0,113149,0
111274,2080,7514,-330,38,81,-852,10328,373,90,-602,-24,36485,121,32,65,0,0,0,0,0,0,0,0,-32302,0,0,0,0,0,113154,0
111279,2002,7504,-348,33,85,-847,10406,340,33,-618,-24,36486,122,32,65,0,0,0,0,0,0,0,0,-32302,0,0,0,0,0,113160,0
111284,1860,7448,-356,24,102,-847,10481,331,-13,-612,-40,36486,122,32,65,0,0,0,0,0,0,0,0,-32302,0,0,0,0,0,113166,0
111289,1878,7458,-370,21,115,-848,10555,318,-46,-614,-32,36489,119,32,65,0,0,0,0,0,0,0,0,-32301,0,0,0,0,0,113171,0
111294,1862,7522,-424,17,123,-840,10624,300,-49,-620,-40,36489,119,32,65,0,0,0,0,0,0,0,0,-32302,0,0,0,0,0,113177,0
111299,1902,7546,-466,8,144,-841,10688,275,-52,-630,-64,36490,115,32,65,0,0,0,0,0,0,0,0,-32302,0,0,0,0,0,113182,0
111304,1700,7684,-420,-7,190,-831,10744,237,-68,-634,-88,36490,115,32,65,0,0,0,0,0,0,0,0,-32301,0,0,0,0,0,113188,0
111309,1656,7676,-452,-6,215,-825,10795,219,-81,-628,-88,36488,116,32,65,0,0,0,0,0,0,0,0,-32302,0,0,0,0,0,113193,0
111314,1664,7830,-490,-14,243,-818,10843,204,-85,-617,-88,36488,116,32,65,0,0,0,0,0,0,0,0,-32301,0,0,0,0,0,113199,0
111319,1632,7924,-468,-12,278,-818,10893,220,-66,-613,-80,36486,122,32,65,0,0,0,0,0,0,0,0,-32302,0,0,0,0,0,113204,0
111324,1698,8092,-410,-23,332,-814,10938,204,-42,-620,-80,36486,122,32,65,0,0,0,0,0,0,0,0,-32302,0,0,0,0,0,113210,0
111329,1740,8206,-390,-27,356,-809,10984,202,-22,-623,-80,36487,126,32,65,0,0,0,0,0,0,0,0,-32302,0,0,0,0,0,113215,0
111334,1786,8270,-338,-36,380,-813,11033,211,-13,-621,-72,36487,126,32,65,0,0,0,0,0,0,0,0,-32302,0,0,0,0,0,113221,0
111339,1784,8274,-306,-43,409,-818,11078,204,-1,-623,-88,36489,133,32,65,0,0,0,0,0,0,0,0,-32302,0,0,0,0,0,113226,0
111344,1652,8150,-244,-42,443,-815,11119,164,-13,-625,-112,36489,133,32,65,0,0,0,0,0,0,0,0,-32302,0,0,0,0,0,113232,0
111349,1554,8060,-184,-41,460,-818,11157,164,-27,-628,-112,36493,135,32,65,0,0,0,0,0,0,0,0,-32302,0,0,0,0,0,113237,0
111354,1508,8010,-140,-36,468,-815,11191,150,-50,-628,-96,36493,135,32,65,0,0,0,0,0,0,0,0,-32302,0,0,0,0,0,113243,0
111359,1478,7956,-130,-41,483,-816,11225,154,-45,-619,-128,36492,142,32,65,0,0,0,0,0,0,0,0,-32302,0,0,0,0,0,113248,0
111364,1444,7894,-62,-40,494,-812,11253,120,-50,-624,-128,36492,142,32,65,0,0,0,0,0,0,0,0,-32302,0,0,0,0,0,113254,0
111369,1452,7882,-26,-35,492,-820,11282,118,-34,-625,-144,36490,142,32,65,0,0,0,0,0,0,0,0,-32301,0,0,0,0,0,113259,0
111374,1456,7904,-20,-35,494,-819,11303,89,-45,-617,-136,36490,142,32,65,0,0,0,0,0,0,0,0,-32302,0,0,0,0,0,113265,0
111379,1442,7874,30,-35,490,-816,11325,101,-50,-625,-128,36488,140,32,65,0,0,0,0,0,0,0,0,-32301,0,0,0,0,0,113271,0
111384,1584,7936,86,-26,478,-823,11347,92,-37,-620,-144,36488,140,32,65,0,0,0,0,0,0,0,0,-32302,0,0,0,0,0,113276,0
111389,1540,7930,84,-21,483,-824,11358,40,-40,-618,-168,36486,133,32,65,0,0,0,0,0,0,0,0,-32302,0,0,0,0,0,113281,0
111394,1432,7878,106,-18,477,-831,11364,23,-58,-618,-184,36486,133,32,65,0,0,0,0,0,0,0,0,-32302,0,0,0,0,0,113287,0
111399,1336,7880,112,-10,469,-838,11370,27,-68,-615,-184,36485,134,32,65,0,0,0,0,0,0,0,0,-32301,0,0,0,0,0,113292,0
111404,1430,7894,128,-2,465,-842,11379,43,-58,-625,-168,36485,134,32,65,0,0,0,0,0,0,0,0,-32301,0,0,0,0,0,113298,0
111409,1524,7938,118,7,464,-851,11394,63,-12,-626,-144,36484,128,32,65,0,0,0,0,0,0,0,0,-32302,0,0,0,0,0,113303,0
111414,1538,7896,178,6,460,-855,11407,55,27,-616,-184,36484,128,32,65,0,0,0,0,0,0,0,0,-32301,0,0,0,0,0,113309,0
111419,1376,7688,220,17,457,-857,11411,11,21,-612,-200,36482,125,32,65,0,0,0,0,0,0,0,0,-32301,0,0,0,0,0,113314,0
111424,922,7150,150,28,453,-850,11410,-1,-21,-619,-208,36482,125,32,65,0,0,0,0,0,0,0,0,-32301,0,0,0,0,0,113320,0
111429,1040,7172,100,29,450,-850,11410,-7,-55,-619,-192,36482,129,32,65,0,0,0,0,0,0,0,0,-32302,0,0,0,0,0,113325,0
111434,1326,7460,42,34,446,-851,11409,-7,-59,-616,-200,36482,129,32,65,0,0,0,0,0,0,0,0,-32302,0,0,0,0,0,113331,0
111439,1656,7916,20,48,424,-862,11408,-16,-34,-614,-224,36491,129,32,65,0,0,0,0,0,0,0,0,-32302,0,0,0,0,0,113336,0
111444,2022,8582,74,47,386,-898,11406,-12,-11,-616,-208,36491,129,32,65,0,0,0,0,0,0,0,0,-32302,0,0,0,0,0,113342,0
111449,1920,8644,94,44,367,-923,11405,-2,-2,-625,-200,36491,129,32,65,0,0,0,0,0,0,0,0,-32301,0,0,0,0,0,113347,0
111454,1676,8532,108,45,354,-936,11405,-3,1,-625,-200,36491,129,32,65,0,0,0,0,0,0,0,0,-32302,0,0,0,0,0,113353,0
111459,1414,8406,98,52,353,-954,11407,5,10,-619,-192,36491,125,32,65,0,0,0,0,0,0,0,0,-32301,0,0,0,0,0,113358,0
111464,966,8294,38,55,324,-967,11407,2,10,-619,-200,36491,125,32,65,0,0,0,0,0,0,0,0,-32302,0,0,0,0,0,113364,0
111469,884,8314,12,55,317,-975,11407,-3,6,-620,-200,36484,133,32,65,0,0,0,0,0,0,0,0,-32302,0,0,0,0,0,113369,0
111474,794,8316,18,61,297,-981,11406,-1,0,-621,-200,36484,133,32,65,0,0,0,0,0,0,0,0,-32302,0,0,0,0,0,113375,0
111479,748,8266,34,60,275,-980,11406,-1,0,-617,-208,36483,135,32,65,0,0,0,0,0,0,0,0,-32302,0,0,0,0,0,113380,0
111484,810,8072,138,63,239,-987,11407,6,-1,-616,-200,36483,135,32,65,0,0,0,0,0,0,0,0,-32302,0,0,0,0,0,113385,0
111489,834,7852,110,64,209,-996,11407,0,0,-617,-200,36484,138,32,65,0,0,0,0,0,0,0,0,-32302,0,0,0,0,0,113391,0
111494,888,7760,110,65,185,-987,11407,0,3,-618,-200,36484,138,32,65,0,0,0,0,0,0,0,0,-32302,0,0,0,0,0,113396,0
111499,968,7746,126,73,163,-993,11407,0,0,-621,-192,36485,136,32,65,0,0,0,0,0,0,0,0,-32301,0,0,0,0,0,113402,0
111504,1032,7576,14,75,121,-1005,11406,-2,-2,-621,-200,36485,136,32,65,0,0,0,0,0,0,0,0,-32302,0,0,0,0,0,113409,0
111509,1086,7622,26,79,101,-1009,11407,0,-1,-619,-192,36485,140,32,65,0,0,0,0,0,0,0,0,-32302,0,0,0,0,0,113414,0
111514,1042,7670,60,79,90,-1015,11405,-7,-1,-618,-200,36485,140,32,65,0,0,0,0,0,0,0,0,-32302,0,0,0,0,0,113420,0
111519,1040,7726,64,82,80,-1019,11406,-3,-1,-619,-200,36485,141,32,65,0,0,0,0,0,0,0,0,-32302,0,0,0,0,0,113425,0
111524,862,7904,56,87,63,-1023,11407,2,0,-618,-200,36485,141,32,65,0,0,0,0,0,0,0,0,-32302,0,0,0,0,0,113431,0
111529,740,7958,22,83,51,-1023,11406,-7,1,-619,-192,36484,139,32,65,0,0,0,0,0,0,0,0,-32302,0,0,0,0,0,113436,0
111534,706,8046,26,91,45,-1028,11407,3,3,-617,-192,36484,139,32,65,0,0,0,0,0,0,0,0,-32302,0,0,0,0,0,113441,0
111539,636,8136,-6,86,38,-1029,11407,5,1,-617,-200,36492,135,32,65,0,0,0,0,0,0,0,0,-32301,0,0,0,0,0,113447,0
111544,646,8258,12,92,26,-1034,11407,0,3,-617,-200,36492,135,32,65,0,0,0,0,0,0,0,0,-32302,0,0,0,0,0,113452,0
111549,650,8308,38,96,28,-1035,11405,-5,0,-620,-200,36492,128,32,65,0,0,0,0,0,0,0,0,-32301,0,0,0,0,0,113458,0
111554,694,8268,64,98,25,-1038,11404,-8,-1,-621,-200,36492,128,32,65,0,0,0,0,0,0,0,0,-32302,0,0,0,0,0,113464,0
111559,726,8246,64,99,28,-1044,11402,-12,-12,-618,-200,36490,128,32,65,0,0,0,0,0,0,0,0,-32302,0,0,0,0,0,113469,0
111564,792,8102,96,109,38,-1050,11404,-6,0,-614,-216,36490,128,32,65,0,0,0,0,0,0,0,0,-32302,0,0,0,0,0,113475,0
111569,796,8024,118,112,47,-1058,11399,-12,-12,-616,-216,36484,138,32,65,0,0,0,0,0,0,0,0,-32302,0,0,0,0,0,113480,0
111574,816,7936,124,122,55,-1059,11398,-7,-6,-615,-216,36484,138,32,65,0,0,0,0,0,0,0,0,-32301,0,0,0,0,0,113486,0
111579,770,7866,142,118,58,-1065,11396,-13,-4,-618,-216,36482,143,32,65,0,0,0,0,0,0,0,0,-32302,0,0,0,0,0,113491,0
111584,628,7700,210,133,83,-1066,11396,-1,4,-615,-216,36482,143,32,65,0,0,0,0,0,0,0,0,-32302,0,0,0,0,0,113496,0
111589,548,7548,230,134,89,-1061,11393,-8,2,-619,-216,36486,139,32,65,0,0,0,0,0,0,0,0,-32301,0,0,0,0,0,113502,0
111594,534,7586,212,143,96,-1070,11390,-13,-1,-620,-216,36486,139,32,65,0,0,0,0,0,0,0,0,-32302,0,0,0,0,0,113507,0
111599,576,7758,136,145,102,-1064,11386,-18,-5,-619,-224,36488,136,32,65,0,0,0,0,0,0,0,0,-32301,0,0,0,0,0,113513,0
111604,552,7970,46,151,128,-1067,11380,-27,-13,-619,-224,36488,136,32,65,0,0,0,0,0,0,0,0,-32301,0,0,0,0,0,113518,0
111609,512,8076,54,154,126,-1067,11370,-40,-25,-608,-264,36486,128,32,65,0,0,0,0,0,0,0,0,-32302,0,0,0,0,0,113524,0
111614,428,8192,10,161,132,-1065,11356,-70,-38,-601,-288,36486,128,32,65,0,0,0,0,0,0,0,0,-32302,0,0,0,0,0,113530,0
111619,370,8300,-30,164,142,-1068,11324,-148,-79,-580,-384,36483,132,32,65,0,0,0,0,0,0,0,0,-32302,0,0,0,0,0,113535,0
111624,266,8476,-100,161,142,-1072,11283,-183,-128,-588,-440,36483,132,32,65,0,0,0,0,0,0,0,0,-32302,0,0,0,0,0,113540,0
111629,220,8520,-156,157,142,-1075,11225,-256,-175,-578,-552,36481,128,32,65,0,0,0,0,0,0,0,0,-32302,0,0,0,0,0,113546,0
111634,156,8548,-190,151,140,-1082,11156,-309,-195,-574,-672,36481,128,32,65,0,0,0,0,0,0,0,0,-32302,0,0,0,0,0,113551,0
111639,78,8550,-176,152,129,-1079,11067,-385,-220,-559,-872,36480,133,32,65,0,0,0,0,0,0,0,0,-32302,0,0,0,0,0,113557,0
111644,46,8466,-242,148,109,-1081,10968,-455,-212,-548,-1008,36480,133,32,65,0,0,0,0,0,0,0,0,-32303,0,0,0,0,0,113562,0
111649,28,8440,-276,140,103,-1078,10857,-491,-215,-554,-1096,36484,134,32,65,0,0,0,0,0,0,0,0,-32302,0,0,0,0,0,113568,0
111654,-100,8308,-262,136,88,-1074,10734,-549,-205,-561,-1256,36484,134,32,65,0,0,0,0,0,0,0,0,-32302,0,0,0,0,0,113573,0
111659,-100,8158,-252,133,76,-1071,10594,-620,-200,-573,-1368,36482,147,32,65,0,0,0,0,0,0,0,0,-32301,0,0,0,0,0,113578,0
111664,-256,7922,-260,122,47,-1060,10444,-666,-195,-552,-1456,36482,147,32,65,0,0,0,0,0,0,0,0,-32302,0,0,0,0,0,113584,0
111669,-282,7828,-266,115,22,-1050,10282,-705,-198,-525,-1504,36480,153,32,65,0,0,0,0,0,0,0,0,-32302,0,0,0,0,0,113590,0
111674,-356,7716,-286,112,9,-1042,10112,-747,-182,-513,-1584,36480,153,32,65,0,0,0,0,0,0,0,0,-32302,0,0,0,0,0,113595,0
111679,-410,7690,-246,111,-12,-1031,9937,-772,-146,-507,-1648,36474,156,32,65,0,0,0,0,0,0,0,0,-32302,0,0,0,0,0,113601,0
111684,-566,7608,-224,99,-45,-1008,9756,-805,-119,-498,-1680,36474,156,32,65,0,0,0,0,0,0,0,0,-32302,0,0,0,0,0,113606,0
111689,-662,7574,-196,90,-66,-997,9568,-826,-108,-502,-1704,36472,166,32,65,0,0,0,0,0,0,0,0,-32302,0,0,0,0,0,113612,0
111694,-728,7604,-196,93,-83,-973,9378,-841,-89,-475,-1752,36472,166,32,65,0,0,0,0,0,0,0,0,-32302,0,0,0,0,0,113617,0
111699,-744,7770,-142,89,-98,-962,9182,-867,-81,-458,-1816,36474,171,32,65,0,0,0,0,0,0,0,0,-32302,0,0,0,0,0,113623,0
111704,-824,8010,-200,90,-128,-920,8981,-889,-76,-457,-1832,36474,171,32,65,0,0,0,0,0,0,0,0,-32301,0,0,0,0,0,113628,0
111709,-812,8188,-128,80,-132,-903,8771,-929,-83,-451,-1936,36472,175,32,65,0,0,0,0,0,0,0,0,-32302,0,0,0,0,0,113634,0
111714,-898,8326,-40,82,-135,-888,8553,-960,-101,-441,-1976,36472,175,32,65,0,0,0,0,0,0,0,0,-32302,0,0,0,0,0,113639,0
111719,-964,8466,-52,79,-146,-870,8331,-989,-107,-406,-2032,36470,164,32,65,0,0,0,0,0,0,0,0,-32302,0,0,0,0,0,113645,0
111724,-1074,8580,4,85,-154,-828,8098,-1027,-112,-411,-2128,36470,164,32,65,0,0,0,0,0,0,0,0,-32302,0,0,0,0,0,113651,0
111729,-1162,8616,60,83,-151,-804,7857,-1066,-117,-409,-2200,36468,161,32,65,0,0,0,0,0,0,0,0,-32302,0,0,0,0,0,113656,0
111734,-1288,8586,86,86,-151,-785,7607,-1099,-123,-385,-2304,36468,161,32,65,0,0,0,0,0,0,0,0,-32302,0,0,0,0,0,113661,0
111739,-1436,8556,108,88,-159,-743,7348,-1142,-132,-376,-2384,36469,162,32,65,0,0,0,0,0,0,0,0,-32302,0,0,0,0,0,113667,0
111744,-3186,10156,218,98,-152,-748,7079,-1188,-134,-367,-2456,36469,162,32,65,0,0,0,0,0,0,0,0,-32301,0,0,0,0,0,113672,0
111749,-3490,10048,224,106,-142,-631,6800,-1228,-143,-336,-2544,36471,160,32,65,0,0,0,0,0,0,0,0,-32302,0,0,0,0,0,113678,0
111754,-3634,9100,200,115,-128,-532,6510,-1278,-150,-324,-2664,36471,160,32,65,0,0,0,0,0,0,0,0,-32302,0,0,0,0,0,113683,0
111759,-3072,8524,176,130,-119,-454,6201,-1364,-176,-301,-2888,36469,155,32,65,0,0,0,0,0,0,0,0,-32302,0,0,0,0,0,113689,0
111764,-1420,7302,316,142,-132,-377,5865,-1497,-229,-261,-3240,36469,155,32,65,0,0,0,0,0,0,0,0,-32301,0,0,0,0,0,113694,0
111769,-704,7136,266,156,-131,-358,5479,-1720,-357,-248,-3752,36469,148,32,65,0,0,0,0,0,0,0,0,-32302,0,0,0,0,0,113700,0
111774,-420,7084,322,157,-125,-346,5025,-2028,-556,-222,-4432,36469,148,32,65,0,0,0,0,0,0,0,0,-32302,0,0,0,0,0,113706,0
111779,-504,7360,188,176,-120,-328,4487,-2407,-802,-200,-5184,36467,146,32,65,0,0,0,0,0,0,0,0,-32302,0,0,0,0,0,113711,0
111784,-2144,8080,270,186,-105,-228,3864,-2781,-1039,-179,-5856,36467,146,32,65,0,0,0,0,0,0,0,0,-32302,0,0,0,0,0,113716,0
111789,-3144,8232,310,191,-90,-145,3163,-3114,-1194,-141,-6416,36464,154,32,65,0,0,0,0,0,0,0,0,-32302,0,0,0,0,0,113722,0
111794,-3676,8152,322,207,-75,-41,2396,-3406,-1218,-86,-6880,36464,154,32,65,0,0,0,0,0,0,0,0,-32302,0,0,0,0,0,113727,0
111799,-3938,7962,300,219,-79,58,1567,-3662,-1145,-16,-7304,36464,164,32,65,0,0,0,0,0,0,0,0,-32302,0,0,0,0,0,113733,0
111804,-3648,7256,160,227,-80,262,680,-3935,-1038,48,-7768,36464,164,32,65,0,0,0,0,0,0,0,0,-32302,0,0,0,0,0,113738,0
111809,-3328,7182,84,240,-82,348,-271,-4213,-969,96,-8200,36467,166,32,65,0,0,0,0,0,0,0,0,-32302,0,0,0,0,0,113744,0
111814,-3142,7126,24,239,-89,433,-1278,-4449,-933,174,-8640,36467,166,32,65,0,0,0,0,0,0,0,0,-32302,0,0,0,0,0,113749,0
111819,-1742,6726,266,275,-103,347,-2327,-4631,-878,232,-8808,36474,155,32,65,0,0,0,0,0,0,0,0,-32302,0,0,0,0,0,113755,0
111824,18158,8240,568,227,-395,-463,-3374,-4598,-700,202,-8352,36474,155,32,65,0,0,0,0,0,0,0,0,-32302,0,0,0,0,0,113760,0
111829,10796,12090,-1866,237,-192,-760,-4379,-4395,-351,233,-7552,36481,140,32,65,0,0,0,0,0,0,0,0,-32302,0,0,0,0,0,113766,0
111834,6040,14914,-2360,274,46,-759,-5235,-3671,305,146,-5224,36481,140,32,65,0,0,0,0,0,0,0,0,-32301,0,0,0,0,0,113771,0
111839,4002,13166,448,208,139,-872,-5764,-2161,1489,46,-1216,36487,131,32,65,0,0,0,0,0,0,0,0,-32302,0,0,0,0,0,113777,0
111844,3010,9248,56,169,224,-999,-5845,-139,3156,364,2072,36487,131,32,65,0,0,0,0,0,0,0,0,-32302,0,0,0,0,0,113782,0
111849,-1218,8976,-72,202,226,-1060,-5510,1623,4781,368,4744,36488,136,32,65,0,0,0,0,0,0,0,0,-32302,0,0,0,0,0,113788,0
111854,-2824,8316,116,187,155,-1032,-4929,2636,5558,247,5936,36488,136,32,65,0,0,0,0,0,0,0,0,-32302,0,0,0,0,0,113793,0
111859,-2148,7050,-140,199,58,-1047,-4239,3066,5034,209,5896,36478,155,32,65,0,0,0,0,0,0,0,0,-32302,0,0,0,0,0,113799,0
111864,-40,6662,-722,228,-99,-1078,-3531,3109,3524,31,5352,36478,155,32,65,0,0,0,0,0,0,0,0,-32301,0,0,0,0,0,113804,0
111869,-164,7630,-644,218,-130,-1111,-2852,2969,1782,-146,4744,36472,167,32,65,0,0,0,0,0,0,0,0,-32302,0,0,0,0,0,113810,0
111874,-262,8196,-394,210,-137,-1140,-2234,2687,451,-225,3872,36472,167,32,65,0,0,0,0,0,0,0,0,-32302,0,0,0,0,0,113815,0
111879,162,8604,-194,203,-123,-1150,-1738,2112,-488,-198,2256,36485,151,32,65,0,0,0,0,0,0,0,0,-32302,0,0,0,0,0,113820,0
111884,-266,9028,-548,176,-60,-1123,-1434,1246,-1286,-154,176,36485,151,32,65,0,0,0,0,0,0,0,0,-32302,0,0,0,0,0,113826,0
111889,-758,8698,-636,167,-39,-1095,-1376,131,-2128,-501,-848,36495,131,32,65,0,0,0,0,0,0,0,0,-32301,0,0,0,0,0,113831,0
111894,-678,8258,-740,143,-25,-1079,-1540,-804,-2854,-343,-3144,36495,131,32,65,0,0,0,0,0,0,0,0,-32302,0,0,0,0,0,113837,0
111899,-612,7978,-678,130,-7,-1059,-1861,-1491,-3168,-800,-3968,36493,135,32,65,0,0,0,0,0,0,0,0,-32301,0,0,0,0,0,113842,0
111904,-530,7912,-574,103,27,-1077,-2300,-1969,-2968,-587,-3176,36493,135,32,65,0,0,0,0,0,0,0,0,-32301,0,0,0,0,0,113848,0
111909,-556,8078,-490,85,36,-1098,-2748,-1963,-2244,311,-1664,36477,153,32,65,0,0,0,0,0,0,0,0,-32302,0,0,0,0,0,113853,0
111914,-296,8194,-546,74,46,-1102,-3127,-1624,-1179,1107,-776,36477,153,32,65,0,0,0,0,0,0,0,0,-32301,0,0,0,0,0,113859,0
111919,-434,8346,-564,55,65,-1098,-3407,-1195,-115,1151,-304,36479,138,32,65,0,0,0,0,0,0,0,0,-32302,0,0,0,0,0,113864,0
111924,-630,8274,-716,26,92,-1090,-3601,-829,759,824,-216,36479,138,32,65,0,0,0,0,0,0,0,0,-32302,0,0,0,0,0,113870,0
111929,-700,8176,-718,12,106,-1088,-3732,-555,1170,388,-216,36488,123,32,65,0,0,0,0,0,0,0,0,-32302,0,0,0,0,0,113875,0
111934,-872,8048,-614,3,110,-1084,-3826,-398,1145,34,-320,36488,123,32,65,0,0,0,0,0,0,0,0,-32302,0,0,0,0,0,113881,0
111939,-990,7992,-544,-11,110,-1084,-3898,-308,882,-230,-392,36499,94,32,65,0,0,0,0,0,0,0,0,-32302,0,0,0,0,0,113886,0
111944,-1074,7912,-356,-20,88,-1085,-3956,-262,597,-395,-376,36499,94,32,65,0,0,0,0,0,0,0,0,-32302,0,0,0,0,0,113891,0
111949,-964,7902,-316,-25,68,-1081,-4004,-204,370,-460,-352,36494,118,32,65,0,0,0,0,0,0,0,0,-32302,0,0,0,0,0,113897,0
111954,-990,7936,-306,-26,58,-1087,-4039,-142,242,-514,-288,36494,118,32,65,0,0,0,0,0,0,0,0,-32302,0,0,0,0,0,113902,0
111959,-936,7962,-286,-29,49,-1088,-4062,-97,193,-595,-280,36488,135,32,65,0,0,0,0,0,0,0,0,-32302,0,0,0,0,0,113908,0
111964,-818,8028,-200,-21,13,-1101,-4081,-88,167,-655,-264,36488,135,32,65,0,0,0,0,0,0,0,0,-32302,0,0,0,0,0,113913,0
111969,-720,8054,-116,-18,-10,-1111,-4092,-46,146,-672,-256,36485,137,32,65,0,0,0,0,0,0,0,0,-32302,0,0,0,0,0,113919,0
111974,-736,8068,-24,-11,-27,-1115,-4094,1,123,-726,-256,36485,137,32,65,0,0,0,0,0,0,0,0,-32302,0,0,0,0,0,113925,0
111979,-760,8078,-16,-8,-47,-1122,-4093,2,97,-782,-264,36478,137,32,65,0,0,0,0,0,0,0,0,-32302,0,0,0,0,0,113931,0
111984,-702,8096,46,12,-85,-1141,-4094,0,82,-785,-264,36478,137,32,65,0,0,0,0,0,0,0,0,-32302,0,0,0,0,0,113936,0
111989,-780,8108,60,21,-101,-1150,-4094,-2,49,-786,-264,36477,140,32,65,0,0,0,0,0,0,0,0,-32302,0,0,0,0,0,113941,0
111994,-812,8090,76,25,-125,-1161,-4095,-7,8,-785,-264,36477,140,32,65,0,0,0,0,0,0,0,0,-32302,0,0,0,0,0,113947,0
111999,-868,8108,142,43,-145,-1170,-4098,-8,-1,-780,-264,36476,134,32,65,0,0,0,0,0,0,0,0,-32301,0,0,0,0,0,113953,0
112004,-756,8102,224,61,-166,-1190,-4101,-12,-8,-768,-264,36476,134,32,65,0,0,0,0,0,0,0,0,-32302,0,0,0,0,0,113958,0
112009,-792,8080,218,64,-166,-1203,-4106,-23,-15,-752,-256,36480,140,32,65,0,0,0,0,0,0,0,0,-32302,0,0,0,0,0,113964,0
112014,-788,8130,212,81,-169,-1207,-4113,-32,-19,-725,-280,36480,140,32,65,0,0,0,0,0,0,0,0,-32301,0,0,0,0,0,113969,0
112019,-848,8104,240,90,-163,-1219,-4126,-58,-30,-693,-288,36480,137,32,65,0,0,0,0,0,0,0,0,-32301,0,0,0,0,0,113975,0
112024,-800,8012,226,107,-145,-1237,-4142,-73,-42,-649,-256,36480,137,32,65,0,0,0,0,0,0,0,0,-32301,0,0,0,0,0,113980,0
112029,-876,7998,256,108,-138,-1242,-4147,-18,-33,-650,-248,36480,136,32,65,0,0,0,0,0,0,0,0,-32302,0,0,0,0,0,113985,0
112034,-918,7974,276,121,-131,-1250,-4148,-1,14,-704,-248,36480,136,32,65,0,0,0,0,0,0,0,0,-32301,0,0,0,0,0,113991,0
112039,-1050,7910,268,125,-121,-1261,-4147,0,43,-737,-256,36479,131,32,65,0,0,0,0,0,0,0,0,-32302,0,0,0,0,0,113996,0
112044,-1140,7850,294,143,-105,-1278,-4148,2,55,-739,-248,36479,131,32,65,0,0,0,0,0,0,0,0,-32302,0,0,0,0,0,114002,0
112049,-1244,7842,226,154,-97,-1280,-4146,7,44,-738,-256,36479,127,32,65,0,0,0,0,0,0,0,0,-32301,0,0,0,0,0,114007,0
112054,-1348,7854,122,170,-100,-1285,-4147,5,8,-738,-256,36479,127,32,65,0,0,0,0,0,0,0,0,-32301,0,0,0,0,0,114013,0
112059,-1430,7910,-66,185,-120,-1296,-4147,3,1,-733,-256,36484,131,32,65,0,0,0,0,0,0,0,0,-32302,0,0,0,0,0,114018,0
112064,-1330,7980,-58,207,-158,-1303,-4148,-8,-4,-736,-248,36484,131,32,65,0,0,0,0,0,0,0,0,-32302,0,0,0,0,0,114024,0
112069,-1016,8484,-68,196,-156,-1307,-4147,-3,-3,-736,-248,36486,130,32,65,0,0,0,0,0,0,0,0,-32301,0,0,0,0,0,114030,0
112074,-928,8096,396,233,-155,-1319,-4148,0,-2,-735,-256,36486,130,32,65,0,0,0,0,0,0,0,0,-32302,0,0,0,0,0,114035,0
112079,-1118,8388,356,220,-183,-1321,-4149,1,5,-730,-256,36488,131,32,65,0,0,0,0,0,0,0,0,-32301,0,0,0,0,0,114040,0
112084,-1130,8320,150,228,-144,-1334,-4149,-3,-3,-736,-256,36488,131,32,65,0,0,0,0,0,0,0,0,-32301,0,0,0,0,0,114046,0
112089,-1152,8636,304,226,-130,-1327,-4149,-5,2,-730,-248,36482,125,32,65,0,0,0,0,0,0,0,0,-32301,0,0,0,0,0,114051,0
112094,-914,8336,254,223,-107,-1335,-4149,-4,4,-731,-240,36482,125,32,65,0,0,0,0,0,0,0,0,-32301,0,0,0,0,0,114057,0
112099,-1172,7734,-148,229,-82,-1337,-4150,0,4,-733,-248,36484,127,32,65,0,0,0,0,0,0,0,0,-32302,0,0,0,0,0,114062,0
112104,-1108,8242,-80,206,-70,-1364,-4149,-7,-4,-733,-248,36484,127,32,65,0,0,0,0,0,0,0,0,-32302,0,0,0,0,0,114068,0
112109,-1234,8158,-390,209,-68,-1369,-4149,0,-2,-731,-256,36484,127,32,65,0,0,0,0,0,0,0,0,-32301,0,0,0,0,0,114073,0
112114,-1428,8024,-484,211,-65,-1380,-4151,1,7,-735,-248,36484,127,32,65,0,0,0,0,0,0,0,0,-32302,0,0,0,0,0,114079,0
112119,-1862,7544,-582,214,-74,-1384,-4150,-5,-1,-737,-248,36483,126,32,65,0,0,0,0,0,0,0,0,-32302,0,0,0,0,0,114084,0
112124,-1658,8086,-316,194,-88,-1392,-4149,2,1,-731,-256,36483,126,32,65,0,0,0,0,0,0,0,0,-32302,0,0,0,0,0,114090,0
112129,-1636,8062,-430,192,-78,-1389,-4150,3,6,-732,-248,36481,127,32,65,0,0,0,0,0,0,0,0,-32301,0,0,0,0,0,114095,0
112134,-1914,7574,-634,187,-67,-1396,-4150,2,2,-733,-248,36481,127,32,65,0,0,0,0,0,0,0,0,-32301,0,0,0,0,0,114101,0
112139,-1856,8082,-400,171,-76,-1396,-4150,-1,-6,-730,-248,36480,123,32,65,0,0,0,0,0,0,0,0,-32301,0,0,0,0,0,114106,0
112144,-1808,7988,-620,151,-75,-1398,-4149,6,3,-732,-248,36480,123,32,65,0,0,0,0,0,0,0,0,-32301,0,0,0,0,0,114112,0
112149,-2056,7708,-782,141,-64,-1402,-4151,-1,1,-736,-248,36481,130,32,65,0,0,0,0,0,0,0,0,-32301,0,0,0,0,0,114117,0
112154,-2118,8028,-510,138,-86,-1404,-4150,4,-4,-731,-248,36481,130,32,65,0,0,0,0,0,0,0,0,-32302,0,0,0,0,0,114123,0
112159,-2034,8028,-546,122,-93,-1405,-4150,3,-2,-735,-248,36486,133,32,65,0,0,0,0,0,0,0,0,-32302,0,0,0,0,0,114128,0
112164,-2096,8070,-884,108,-113,-1406,-4150,2,0,-733,-264,36486,133,32,65,0,0,0,0,0,0,0,0,-32302,0,0,0,0,0,114133,0
112169,-2210,8112,-518,114,-143,-1405,-4151,0,-1,-734,-256,36488,135,32,65,0,0,0,0,0,0,0,0,-32302,0,0,0,0,0,114139,0
112174,-2140,8110,-634,108,-170,-1402,-4151,-3,0,-733,-248,36488,135,32,65,0,0,0,0,0,0,0,0,-32301,0,0,0,0,0,114144,0
112179,-2126,8048,-716,100,-186,-1406,-4150,3,-1,-732,-256,36488,134,32,65,0,0,0,0,0,0,0,0,-32302,0,0,0,0,0,114150,0
112184,-2242,7866,-652,98,-232,-1410,-4151,-2,-1,-735,-248,36488,134,32,65,0,0,0,0,0,0,0,0,-32302,0,0,0,0,0,114155,0
112189,-2194,8088,-550,100,-253,-1412,-4151,-2,2,-731,-248,36480,138,32,65,0,0,0,0,0,0,0,0,-32301,0,0,0,0,0,114161,0
112194,-2102,8068,-574,91,-273,-1415,-4150,-5,-2,-739,-256,36480,138,32,65,0,0,0,0,0,0,0,0,-32302,0,0,0,0,0,114167,0
112199,-2132,7962,-584,95,-292,-1416,-4151,0,-1,-733,-256,36478,137,32,65,0,0,0,0,0,0,0,0,-32301,0,0,0,0,0,114172,0
112204,-2220,7902,-512,96,-327,-1438,-4151,0,-2,-734,-248,36478,137,32,65,0,0,0,0,0,0,0,0,-32301,0,0,0,0,0,114178,0
112209,-2188,8162,-560,86,-359,-1439,-4151,-10,-6,-739,-240,36475,134,32,65,0,0,0,0,0,0,0,0,-32301,0,0,0,0,0,114183,0
112214,-1802,7966,-560,89,-348,-1459,-4150,-4,1,-737,-248,36475,134,32,65,0,0,0,0,0,0,0,0,-32302,0,0,0,0,0,114189,0
112219,-1948,8086,-414,90,-368,-1463,-4150,5,4,-736,-264,36476,137,32,65,0,0,0,0,0,0,0,0,-32302,0,0,0,0,0,114194,0
112224,-1960,8300,-352,72,-375,-1484,-4151,-1,0,-735,-248,36476,137,32,65,0,0,0,0,0,0,0,0,-32301,0,0,0,0,0,114199,0
112229,-1858,8342,-396,74,-373,-1492,-4150,3,-1,-732,-248,36475,139,32,65,0,0,0,0,0,0,0,0,-32301,0,0,0,0,0,114205,0
112234,-1886,8348,-326,68,-373,-1501,-4150,0,-2,-735,-248,36475,139,32,65,0,0,0,0,0,0,0,0,-32302,0,0,0,0,0,114211,0
112239,-1804,8418,-338,58,-370,-1511,-4151,-3,1,-734,-264,36475,134,32,65,0,0,0,0,0,0,0,0,-32301,0,0,0,0,0,114216,0
112244,-1876,8374,-366,50,-358,-1532,-4151,0,-1,-732,-248,36475,134,32,65,0,0,0,0,0,0,0,0,-32301,0,0,0,0,0,114222,0
112249,-1900,8304,-280,46,-360,-1544,-4151,1,2,-736,-248,36475,124,32,65,0,0,0,0,0,0,0,0,-32302,0,0,0,0,0,114227,0
112254,-1882,8280,-230,36,-354,-1558,-4151,0,-1,-730,-256,36475,124,32,65,0,0,0,0,0,0,0,0,-32301,0,0,0,0,0,114233,0
112259,-1968,8148,-264,31,-355,-1574,-4150,4,3,-729,-248,36480,115,32,65,0,0,0,0,0,0,0,0,-32302,0,0,0,0,0,114238,0
112264,-2000,7928,-282,27,-354,-1605,-4150,0,2,-733,-256,36480,115,32,65,0,0,0,0,0,0,0,0,-32301,0,0,0,0,0,114243,0
112269,-2058,7886,-268,26,-358,-1618,-4151,0,2,-733,-248,36481,115,32,65,0,0,0,0,0,0,0,0,-32301,0,0,0,0,0,114249,0
112274,-2134,7878,-210,26,-358,-1639,-4150,0,-1,-737,-256,36481,115,32,65,0,0,0,0,0,0,0,0,-32302,0,0,0,0,0,114254,0
112279,-2214,7814,-188,23,-362,-1655,-4150,0,0,-733,-248,36482,122,32,65,0,0,0,0,0,0,0,0,-32302,0,0,0,0,0,114260,0
112284,-2144,7766,-160,24,-377,-1685,-4150,7,-1,-730,-264,36482,122,32,65,0,0,0,0,0,0,0,0,-32302,0,0,0,0,0,114265,0
112289,-2172,7796,-204,27,-379,-1703,-4151,1,2,-730,-248,36481,126,32,65,0,0,0,0,0,0,0,0,-32301,0,0,0,0,0,114271,0
112294,-2206,7912,-174,26,-383,-1724,-4151,-1,-1,-734,-240,36481,126,32,65,0,0,0,0,0,0,0,0,-32301,0,0,0,0,0,114276,0
112299,-2210,7990,-200,29,-386,-1742,-4150,1,-1,-736,-248,36482,135,32,65,0,0,0,0,0,0,0,0,-32302,0,0,0,0,0,114282,0
112304,-2344,8110,-248,23,-403,-1762,-4151,-4,3,-737,-256,36482,135,32,65,0,0,0,0,0,0,0,0,-32302,0,0,0,0,0,114287,0
112309,-2548,8176,-326,19,-405,-1773,-4150,4,0,-732,-256,36484,137,32,65,0,0,0,0,0,0,0,0,-32302,0,0,0,0,0,114293,0
112314,-2548,8220,-292,25,-434,-1780,-4150,1,-3,-735,-248,36484,137,32,65,0,0,0,0,0,0,0,0,-32302,0,0,0,0,0,114298,0
112319,-2480,8090,-462,35,-451,-1803,-4149,3,-1,-734,-264,36488,139,32,65,0,0,0,0,0,0,0,0,-32301,0,0,0,0,0,114304,0
112324,-2670,8388,-594,43,-495,-1820,-4148,7,4,-736,-256,36488,139,32,65,0,0,0,0,0,0,0,0,-32302,0,0,0,0,0,114309,0
112329,-2782,8528,-618,49,-529,-1821,-4150,-3,-1,-737,-248,36487,134,32,65,0,0,0,0,0,0,0,0,-32302,0,0,0,0,0,114314,0
112334,-2844,8612,-638,52,-552,-1828,-4150,-5,-6,-734,-256,36487,134,32,65,0,0,0,0,0,0,0,0,-32302,0,0,0,0,0,114320,0
112339,-2892,8678,-664,49,-572,-1833,-4148,0,-5,-741,-256,36483,125,32,65,0,0,0,0,0,0,0,0,-32301,0,0,0,0,0,114325,0
112344,-2882,9014,-806,25,-599,-1831,-4148,3,3,-740,-256,36483,125,32,65,0,0,0,0,0,0,0,0,-32301,0,0,0,0,0,114331,0
112349,-3070,9238,-858,20,-607,-1822,-4148,-3,4,-744,-256,36482,129,32,65,0,0,0,0,0,0,0,0,-32301,0,0,0,0,0,114336,0
112354,-3176,9284,-1000,3,-608,-1814,-4146,7,2,-745,-248,36482,129,32,65,0,0,0,0,0,0,0,0,-32302,0,0,0,0,0,114342,0
112359,-3436,9280,-982,-16,-621,-1800,-4146,0,3,-750,-248,36482,138,32,65,0,0,0,0,0,0,0,0,-32302,0,0,0,0,0,114347,0
112364,-3772,9306,-1092,-52,-629,-1759,-4143,8,7,-747,-248,36482,138,32,65,0,0,0,0,0,0,0,0,-32302,0,0,0,0,0,114353,0
112369,-3968,9188,-984,-76,-636,-1732,-4141,5,3,-761,-256,36485,144,32,65,0,0,0,0,0,0,0,0,-32301,0,0,0,0,0,114358,0
112374,-4132,8956,-880,-82,-655,-1709,-4140,7,12,-759,-264,36485,144,32,65,0,0,0,0,0,0,0,0,-32302,0,0,0,0,0,114364,0
112379,-4138,8654,-856,-103,-666,-1682,-4137,6,5,-763,-264,36485,142,32,65,0,0,0,0,0,0,0,0,-32301,0,0,0,0,0,114369,0
112384,-4412,8042,-690,-139,-668,-1612,-4132,8,7,-773,-248,36485,142,32,65,0,0,0,0,0,0,0,0,-32302,0,0,0,0,0,114375,0
112389,-4590,7704,-594,-152,-672,-1576,-4128,16,10,-779,-256,36484,133,32,65,0,0,0,0,0,0,0,0,-32302,0,0,0,0,0,114380,0
112394,-4568,7360,-482,-168,-687,-1554,-4123,20,13,-792,-256,36484,133,32,65,0,0,0,0,0,0,0,0,-32301,0,0,0,0,0,114386,0
112399,-4542,7044,-414,-167,-706,-1523,-4111,48,17,-819,-200,36483,128,32,65,0,0,0,0,0,0,0,0,-32301,0,0,0,0,0,114391,0
112404,-4342,6530,-366,-165,-751,-1504,-4087,109,50,-885,-184,36483,128,32,65,0,0,0,0,0,0,0,0,-32301,0,0,0,0,0,114397,0
112409,-3766,6330,-376,-163,-772,-1514,-4041,211,121,-1011,-152,36483,135,32,65,0,0,0,0,0,0,0,0,-32302,0,0,0,0,0,114402,0
112414,-3560,6382,-370,-155,-797,-1497,-3970,326,198,-1195,-88,36483,135,32,65,0,0,0,0,0,0,0,0,-32302,0,0,0,0,0,114407,0
112419,-3754,6312,-226,-145,-814,-1498,-3876,426,289,-1430,-64,36483,132,32,65,0,0,0,0,0,0,0,0,-32302,0,0,0,0,0,114413,0
112424,-4068,6288,-12,-132,-839,-1474,-3761,518,339,-1698,-112,36483,132,32,65,0,0,0,0,0,0,0,0,-32303,0,0,0,0,0,114418,0
112429,-4248,6324,92,-138,-844,-1459,-3622,627,354,-1936,-24,36486,123,32,65,0,0,0,0,0,0,0,0,-32303,0,0,0,0,0,114424,0
112434,-4422,6368,226,-127,-840,-1425,-3462,704,349,-2283,-48,36486,123,32,65,0,0,0,0,0,0,0,0,-32301,0,0,0,0,0,114429,0
112439,-4566,6488,228,-134,-835,-1400,-3295,737,312,-2616,-48,36492,107,32,65,0,0,0,0,0,0,0,0,-32301,0,0,0,0,0,114435,0
112444,-4832,6656,280,-145,-827,-1329,-3123,756,252,-2885,-72,36492,107,32,65,0,0,0,0,0,0,0,0,-32302,0,0,0,0,0,114441,0
112449,-4904,6546,232,-147,-830,-1295,-2950,764,170,-3084,-88,36497,88,32,65,0,0,0,0,0,0,0,0,-32303,0,0,0,0,0,114446,0
112454,-4998,6344,218,-145,-843,-1260,-2775,769,96,-3269,-96,36497,88,32,65,0,0,0,0,0,0,0,0,-32302,0,0,0,0,0,114452,0
112459,-5052,6390,160,-146,-861,-1209,-2603,751,36,-3465,-152,36497,91,32,65,0,0,0,0,0,0,0,0,-32301,0,0,0,0,0,114457,0
112464,-4884,6040,-2,-120,-912,-1121,-2429,764,13,-3618,-136,36497,91,32,65,0,0,0,0,0,0,0,0,-32301,0,0,0,0,0,114462,0
112469,-4838,5800,-10,-113,-952,-1076,-2259,740,-2,-3785,-168,36496,97,32,65,0,0,0,0,0,0,0,0,-32303,0,0,0,0,0,114468,0
112474,-4750,5572,-58,-91,-990,-1023,-2098,704,-29,-3948,-208,36496,97,32,65,0,0,0,0,0,0,0,0,-32304,0,0,0,0,0,114473,0
112479,-4502,5464,-46,-76,-1037,-938,-1951,641,-67,-4035,-296,36491,113,32,65,0,0,0,0,0,0,0,0,-32301,0,0,0,0,0,114479,0
112484,-2554,5578,162,-32,-1179,-731,-1754,913,-52,-2173,1760,36491,113,32,65,0,0,0,0,0,0,0,0,-32302,0,0,0,0,0,114484,0
112489,-16,5792,168,-15,-1242,-799,-1440,1724,447,-41,4008,36487,123,32,65,0,0,0,0,0,0,0,0,-32302,0,0,0,0,0,114490,0
112494,2292,6698,114,4,-1309,-1017,-873,2574,1280,-40,5648,36487,123,32,65,0,0,0,0,0,0,0,0,-32302,0,0,0,0,0,114495,0
112499,2354,7708,194,29,-1354,-1360,-139,3294,2128,-10,6920,36483,140,32,65,0,0,0,0,0,0,0,0,-32302,0,0,0,0,0,114501,0
112504,446,7952,250,101,-1325,-1955,741,3936,2614,-75,8104,36483,140,32,65,0,0,0,0,0,0,0,0,-32302,0,0,0,0,0,114507,0
112509,-156,7514,370,155,-1287,-2136,1758,4533,2582,-174,9328,36481,139,32,65,0,0,0,0,0,0,0,0,-32302,0,0,0,0,0,114513,0
112514,-552,7278,492,214,-1282,-2269,2912,5138,2311,-253,10568,36481,139,32,65,0,0,0,0,0,0,0,0,-32302,0,0,0,0,0,114518,0
112519,-1104,7524,708,238,-1304,-2373,4220,5813,2203,-273,11920,36486,129,32,65,0,0,0,0,0,0,0,0,-32302,0,0,0,0,0,114524,0
112524,-1446,8392,1062,282,-1416,-2606,5665,6414,2178,-296,13008,36486,129,32,65,0,0,0,0,0,0,0,0,-32301,0,0,0,0,0,114529,0
112529,-1094,8904,1202,299,-1464,-2715,7214,6862,2101,-384,13912,36494,103,32,65,0,0,0,0,0,0,0,0,-32302,0,0,0,0,0,114535,0
112534,-498,9240,1138,298,-1484,-2813,8862,7294,1941,-434,14648,36494,103,32,65,0,0,0,0,0,0,0,0,-32302,0,0,0,0,0,114540,0
112539,-42,9324,938,327,-1503,-2922,10578,7563,1664,-431,14984,36508,69,32,65,0,0,0,0,0,0,0,0,-32303,0,0,0,0,0,114546,0
112544,-366,9166,992,340,-1520,-3089,12349,7827,1349,-538,15440,36508,69,32,65,0,0,0,0,0,0,0,0,-32302,0,0,0,0,0,114551,0
112549,-826,8904,1276,374,-1538,-3170,14171,8028,1096,-541,15632,36524,37,32,65,0,0,0,0,0,0,0,0,-32302,0,0,0,0,0,114556,0
112554,-1322,8580,1150,409,-1557,-3259,16017,8136,851,-662,15888,36524,37,32,65,0,0,0,0,0,0,0,0,-32302,0,0,0,0,0,114562,0
112559,-1896,8278,1348,412,-1574,-3333,17899,8291,673,-700,16072,36550,-20,32,65,0,0,0,0,0,0,0,0,-32302,0,0,0,0,0,114568,0
112564,-2740,8002,1362,504,-1637,-3432,19801,8382,545,-751,16296,36550,-20,32,65,0,0,0,0,0,0,0,0,-32302,0,0,0,0,0,114573,0
112569,-2922,7772,1308,512,-1667,-3481,21753,8608,491,-764,16560,36569,-76,32,65,0,0,0,0,0,0,0,0,-32302,0,0,0,0,0,114579,0
112574,-2676,7824,1160,524,-1678,-3562,23718,8651,480,-821,16728,36569,-76,32,65,0,0,0,0,0,0,0,0,-32302,0,0,0,0,0,114584,0
112579,-2566,8034,1080,561,-1698,-3632,25709,8774,448,-890,16920,36593,-125,32,65,0,0,0,0,0,0,0,0,-32302,0,0,0,0,0,114590,0
112584,-2068,7892,1022,573,-1754,-3700,27700,8759,362,-868,16784,36593,-125,32,65,0,0,0,0,0,0,0,0,-32302,0,0,0,0,0,114595,0
112589,-2684,7654,712,598,-1780,-3754,29722,8910,297,-942,16864,36609,-154,32,65,0,0,0,0,0,0,0,0,-32302,0,0,0,0,0,114601,0
112594,-2602,7582,872,652,-1807,-3803,31731,8827,190,-996,16912,36609,-154,32,65,0,0,0,0,0,0,0,0,-32302,0,0,0,0,0,114606,0
112599,-2796,7128,990,656,-1819,-3837,33750,8887,151,-1078,16896,36631,-203,32,65,0,0,0,0,0,0,0,0,-32301,0,0,0,0,0,114611,0
112604,-3230,6820,1258,644,-1831,-3894,35757,8826,49,-1086,16704,36631,-203,32,65,0,0,0,0,0,0,0,0,-32302,0,0,0,0,0,114617,0
112609,-3712,6550,1360,664,-1815,-3904,37794,8971,73,-1129,16952,36650,-245,32,65,0,0,0,0,0,0,0,0,-32301,0,0,0,0,0,114622,0
112614,-3908,6488,1394,662,-1803,-3931,39835,8977,85,-1187,17160,36650,-245,32,65,0,0,0,0,0,0,0,0,-32302,0,0,0,0,0,114628,0
112619,-3728,6442,1452,653,-1764,-3976,41893,9077,174,-1292,17416,36676,-293,32,65,0,0,0,0,0,0,0,0,-32302,0,0,0,0,0,114633,0
112624,-3546,6172,1492,626,-1695,-4008,43961,9087,196,-1226,17208,36676,-293,32,65,0,0,0,0,0,0,0,0,-32302,0,0,0,0,0,114639,0
112629,-3554,6482,1576,605,-1674,-4016,46060,9258,253,-1273,17464,36695,-333,32,65,0,0,0,0,0,0,0,0,-32302,0,0,0,0,0,114644,0
112634,-3650,6318,1390,563,-1646,-4034,48151,9187,204,-1342,17512,36695,-333,32,65,0,0,0,0,0,0,0,0,-32302,0,0,0,0,0,114650,0
112639,-3596,6130,1298,587,-1599,-4061,50245,9227,182,-1414,17328,36714,-387,32,65,0,0,0,0,0,0,0,0,-32301,0,0,0,0,0,114655,0
112644,-3996,5696,1444,528,-1499,-4004,52322,9138,49,-1388,17248,36714,-387,32,65,0,0,0,0,0,0,0,0,-32302,0,0,0,0,0,114661,0
112649,-4180,5898,1474,508,-1440,-4008,54418,9230,21,-1437,17304,36730,-421,32,65,0,0,0,0,0,0,0,0,-32302,0,0,0,0,0,114666,0
112654,-4108,5684,1270,449,-1404,-3966,56500,9152,-39,-1510,17184,36730,-421,32,65,0,0,0,0,0,0,0,0,-32302,0,0,0,0,0,114672,0
112659,-3874,5468,1456,456,-1331,-3908,58579,9154,-17,-1588,17200,36752,-454,32,65,0,0,0,0,0,0,0,0,-32303,0,0,0,0,0,114677,0
112664,-3288,6592,512,408,-1173,-3596,60637,9042,-79,-1538,16976,36752,-454,32,65,0,0,0,0,0,0,0,0,-32303,0,0,0,0,0,114683,0
112669,-3120,6630,354,376,-1107,-3525,62697,9060,-106,-1602,16600,36765,-471,32,65,0,0,0,0,0,0,0,0,-32302,0,0,0,0,0,114688,0
112674,-4464,7124,730,339,-1083,-3557,64710,8831,-224,-1660,16256,36765,-471,32,65,0,0,0,0,0,0,0,0,-32302,0,0,0,0,0,114693,0
112679,-4336,6740,710,344,-1033,-3386,66691,8707,-314,-1725,15992,36779,-506,32,65,0,0,0,0,0,0,0,0,-32301,0,0,0,0,0,114699,0
112684,-4540,7018,382,301,-915,-3052,68624,8482,-475,-1696,15440,36779,-506,32,65,0,0,0,0,0,0,0,0,-32303,0,0,0,0,0,114704,0
112689,-4460,6920,234,304,-860,-2859,70539,8418,-523,-1703,15192,36787,-509,32,65,0,0,0,0,0,0,0,0,-32301,0,0,0,0,0,114710,0
112694,-4296,6920,310,273,-800,-2678,72407,8190,-562,-1780,14808,36787,-509,32,65,0,0,0,0,0,0,0,0,-32303,0,0,0,0,0,114715,0
112699,-4218,7204,378,287,-714,-2509,74227,7992,-568,-1898,14400,36796,-538,32,65,0,0,0,0,0,0,0,0,-32302,0,0,0,0,0,114721,0
112704,-6060,7758,288,264,-600,-2274,75994,7742,-640,-1815,13848,36796,-538,32,65,0,0,0,0,0,0,0,0,-32302,0,0,0,0,0,114727,0
112709,-6452,7380,356,257,-564,-2135,77710,7546,-711,-1885,13344,36793,-520,32,65,0,0,0,0,0,0,0,0,-32302,0,0,0,0,0,114732,0
112714,-6628,7010,258,256,-521,-1968,79395,7392,-735,-1839,12848,36793,-520,32,65,0,0,0,0,0,0,0,0,-32303,0,0,0,0,0,114737,0
112719,-6552,6786,312,257,-511,-1796,81015,7099,-730,-1994,12520,36786,-515,32,65,0,0,0,0,0,0,0,0,-32303,0,0,0,0,0,114743,0
112724,-6948,6830,860,237,-466,-1606,82592,6923,-737,-1997,12040,36786,-515,32,65,0,0,0,0,0,0,0,0,-32302,0,0,0,0,0,114748,0
112729,-7456,6170,942,235,-411,-1508,84111,6646,-759,-1955,11416,36779,-491,32,65,0,0,0,0,0,0,0,0,-32303,0,0,0,0,0,114754,0
112734,-7556,5766,758,229,-363,-1319,85583,6466,-789,-2023,10960,36779,-491,32,65,0,0,0,0,0,0,0,0,-32302,0,0,0,0,0,114760,0
112739,-7052,5740,590,226,-325,-1103,87018,6303,-753,-1959,10528,36772,-478,32,65,0,0,0,0,0,0,0,0,-32302,0,0,0,0,0,114765,0
112744,-5876,6626,302,241,-247,-700,88390,6004,-737,-2029,9824,36772,-478,32,65,0,0,0,0,0,0,0,0,-32301,0,0,0,0,0,114771,0
112749,-6342,6934,256,228,-176,-566,89688,5677,-808,-2069,9208,36763,-469,32,65,0,0,0,0,0,0,0,0,-32302,0,0,0,0,0,114776,0
112754,-7166,7302,574,208,-126,-494,90914,5368,-914,-2055,8536,36763,-469,32,65,0,0,0,0,0,0,0,0,-32302,0,0,0,0,0,114782,0
112759,-8664,6690,976,156,-56,-555,92068,5036,-1047,-2064,7864,36746,-431,32,65,0,0,0,0,0,0,0,0,-32301,0,0,0,0,0,114787,0
112764,-7958,5362,502,141,34,-83,93149,4737,-1106,-2100,7224,36746,-431,32,65,0,0,0,0,0,0,0,0,-32302,0,0,0,0,0,114793,0
112769,-7992,5380,250,158,49,79,94177,4499,-1061,-2078,6656,36726,-375,32,65,0,0,0,0,0,0,0,0,-32302,0,0,0,0,0,114798,0
112774,-7436,5830,530,125,84,231,95152,4256,-985,-2060,6016,36726,-375,32,65,0,0,0,0,0,0,0,0,-32302,0,0,0,0,0,114803,0
112779,-8250,5760,624,112,159,327,96056,3939,-944,-2093,5432,36703,-321,32,65,0,0,0,0,0,0,0,0,-32301,0,0,0,0,0,114809,0
112784,-8922,5786,738,86,267,628,96884,3606,-955,-2152,4832,36703,-321,32,65,0,0,0,0,0,0,0,0,-32302,0,0,0,0,0,114815,0
112789,-8634,5746,492,83,300,828,97641,3302,-1027,-2119,4144,36689,-265,32,65,0,0,0,0,0,0,0,0,-32301,0,0,0,0,0,114820,0
112794,-8900,5994,736,74,313,961,98325,2983,-1091,-2094,3336,36689,-265,32,65,0,0,0,0,0,0,0,0,-32302,0,0,0,0,0,114825,0
112799,-7852,5548,474,103,340,1206,98932,2625,-1123,-2097,2576,36665,-207,32,65,0,0,0,0,0,0,0,0,-32301,0,0,0,0,0,114831,0
112804,-8154,5940,536,118,369,1606,99450,2238,-1163,-2098,1728,36665,-207,32,65,0,0,0,0,0,0,0,0,-32302,0,0,0,0,0,114837,0
112809,-7752,5386,678,120,391,1830,99877,1834,-1239,-2109,928,36636,-139,32,65,0,0,0,0,0,0,0,0,-32301,0,0,0,0,0,114842,0
112814,-6764,5264,536,161,396,2193,100214,1441,-1320,-2116,240,36636,-139,32,65,0,0,0,0,0,0,0,0,-32302,0,0,0,0,0,114847,0
112819,-7620,5538,554,161,404,2354,100455,1006,-1384,-2279,0,36595,-66,32,65,0,0,0,0,0,0,0,0,-32301,0,0,0,0,0,114853,0
112824,-7512,5158,906,162,405,2715,100586,543,-1450,-2356,-280,36595,-66,32,65,0,0,0,0,0,0,0,0,-32302,0,0,0,0,0,114858,0
112829,-8688,4652,1396,136,408,2789,100624,125,-1495,-2251,-688,36555,16,32,65,0,0,0,0,0,0,0,0,-32302,0,0,0,0,0,114864,0
112834,-9240,3620,1026,140,422,2868,100605,-97,-1426,-1986,-880,36555,16,32,65,0,0,0,0,0,0,0,0,-32302,0,0,0,0,0,114869,0
112839,-7858,3452,1352,147,374,3100,100572,-147,-1163,-1961,-1000,36518,95,32,65,0,0,0,0,0,0,0,0,-32302,0,0,0,0,0,114875,0
112844,-7074,4386,1354,174,319,3236,100528,-207,-779,-1929,-1240,36518,95,32,65,0,0,0,0,0,0,0,0,-32302,0,0,0,0,0,114880,0
112849,-7454,4868,1126,183,332,3234,100462,-310,-459,-1962,-1424,36490,167,32,65,0,0,0,0,0,0,0,0,-32301,0,0,0,0,0,114885,0
112854,-6996,5118,1462,172,319,3257,100364,-448,-314,-1954,-1728,36490,167,32,65,0,0,0,0,0,0,0,0,-32301,0,0,0,0,0,114891,0
112859,-8028,4964,1520,146,320,3200,100232,-588,-357,-2006,-2040,36471,205,32,65,0,0,0,0,0,0,0,0,-32300,0,0,0,0,0,114897,0
112864,-6382,4790,1118,202,237,3587,100068,-735,-448,-2004,-2440,36471,205,32,65,0,0,0,0,0,0,0,0,-32302,0,0,0,0,0,114902,0
112869,-5198,4728,688,268,215,3817,99860,-943,-516,-1963,-2896,36457,230,32,65,0,0,0,0,0,0,0,0,-32302,0,0,0,0,0,114908,0
112874,-4798,5438,904,265,196,3953,99600,-1171,-589,-1935,-3392,36457,230,32,65,0,0,0,0,0,0,0,0,-32302,0,0,0,0,0,114913,0
112879,-5250,5748,930,268,216,3986,99276,-1448,-706,-1951,-4104,36439,267,32,65,0,0,0,0,0,0,0,0,-32301,0,0,0,0,0,114919,0
112884,-5458,5580,462,304,215,4486,98886,-1746,-830,-1904,-4720,36439,267,32,65,0,0,0,0,0,0,0,0,-32302,0,0,0,0,0,114924,0
112889,-6188,6114,792,279,246,4425,98428,-2052,-933,-1921,-5272,36415,321,32,65,0,0,0,0,0,0,0,0,-32301,0,0,0,0,0,114930,0
112894,-5762,5032,758,266,266,4518,97903,-2331,-1000,-1910,-5872,36415,321,32,65,0,0,0,0,0,0,0,0,-32301,0,0,0,0,0,114935,0
112899,-4964,4652,922,307,242,4830,97326,-2572,-995,-1873,-6312,36397,370,32,65,0,0,0,0,0,0,0,0,-32302,0,0,0,0,0,114940,0
112904,-5106,4044,614,330,209,5045,96703,-2762,-926,-1840,-6768,36397,370,32,65,0,0,0,0,0,0,0,0,-32302,0,0,0,0,0,114946,0
112909,-5616,4840,968,322,161,5176,96032,-2962,-835,-1828,-7128,36368,426,32,65,0,0,0,0,0,0,0,0,-32301,0,0,0,0,0,114952,0
112914,-3964,4632,852,357,149,5494,95308,-3209,-773,-1791,-7664,36368,426,32,65,0,0,0,0,0,0,0,0,-32301,0,0,0,0,0,114957,0
112919,-3862,5266,752,364,145,5733,94518,-3503,-786,-1767,-8288,36347,476,32,65,0,0,0,0,0,0,0,0,-32301,0,0,0,0,0,114963,0
112924,-3584,6192,644,393,171,6143,93659,-3811,-872,-1751,-9024,36347,476,32,65,0,0,0,0,0,0,0,0,-32302,0,0,0,0,0,114968,0
112929,-3326,6350,680,382,203,6335,92731,-4100,-966,-1684,-9688,36317,522,32,65,0,0,0,0,0,0,0,0,-32301,0,0,0,0,0,114974,0
112934,-3604,6398,704,407,220,6487,91735,-4426,-1032,-1660,-10472,36317,522,32,65,0,0,0,0,0,0,0,0,-32302,0,0,0,0,0,114979,0
112939,-3600,6512,570,385,233,6650,90646,-4821,-1105,-1675,-11128,36297,574,32,65,0,0,0,0,0,0,0,0,-32301,0,0,0,0,0,114985,0
112944,-3674,6350,846,414,222,6930,89472,-5204,-1184,-1654,-11840,36297,574,32,65,0,0,0,0,0,0,0,0,-32302,0,0,0,0,0,114990,0
112949,-3814,6260,936,442,208,7073,88227,-5509,-1232,-1579,-12624,36271,623,32,65,0,0,0,0,0,0,0,0,-32301,0,0,0,0,0,114995,0
112954,-3918,6210,868,482,191,7228,86906,-5847,-1236,-1516,-13232,36271,623,32,65,0,0,0,0,0,0,0,0,-32302,0,0,0,0,0,115001,0
112959,-4052,6218,832,489,164,7387,85507,-6184,-1200,-1539,-13848,36250,673,32,65,0,0,0,0,0,0,0,0,-32302,0,0,0,0,0,115006,0
112964,-4038,6222,862,513,133,7715,84057,-6402,-1112,-1453,-14264,36250,673,32,65,0,0,0,0,0,0,0,0,-32302,0,0,0,0,0,115012,0
112969,-4020,6326,956,521,107,7872,82549,-6664,-1027,-1364,-14824,36231,714,32,65,0,0,0,0,0,0,0,0,-32302,0,0,0,0,0,115017,0
112974,-4092,6530,850,529,87,8018,80974,-6966,-968,-1390,-15392,36231,714,32,65,0,0,0,0,0,0,0,0,-32302,0,0,0,0,0,115023,0
112979,-4026,6832,886,557,67,8151,79349,-7173,-910,-1340,-15960,36218,732,32,65,0,0,0,0,0,0,0,0,-32302,0,0,0,0,0,115028,0
112984,-3976,7358,818,562,44,8399,77650,-7513,-930,-1272,-16600,36218,732,32,65,0,0,0,0,0,0,0,0,-32302,0,0,0,0,0,115034,0
112989,-3922,7680,846,549,43,8500,75904,-7686,-141,-1245,-16840,36208,756,32,65,0,0,0,0,0,0,0,0,-32302,0,0,0,0,0,115039,0
112994,-3822,7884,850,559,21,8595,74104,-7961,-77,-1181,-17488,36208,756,32,65,0,0,0,0,0,0,0,0,-32302,0,0,0,0,0,115045,0
112999,-3656,8010,860,550,30,8682,72245,-8198,-434,-1169,-17920,36205,748,32,65,0,0,0,0,0,0,0,0,-32302,0,0,0,0,0,115050,0
113004,-3348,8022,732,552,50,8849,70336,-8423,-1188,-1100,-18416,36205,748,32,65,0,0,0,0,0,0,0,0,-32302,0,0,0,0,0,115056,0
113009,-3232,8100,824,514,43,8918,68373,-8647,-1183,-1102,-18680,36200,763,32,65,0,0,0,0,0,0,0,0,-32302,0,0,0,0,0,115061,0
113014,-3228,8182,834,524,55,8988,66388,-8754,-1554,-1028,-18984,36200,763,32,65,0,0,0,0,0,0,0,0,-32302,0,0,0,0,0,115067,0
113019,-3262,8234,790,531,53,9053,64353,-8973,-702,-962,-19304,36204,758,32,65,0,0,0,0,0,0,0,0,-32302,0,0,0,0,0,115072,0
113024,-3062,8188,786,524,46,9195,62291,-9091,-609,-888,-19576,36204,758,32,65,0,0,0,0,0,0,0,0,-32301,0,0,0,0,0,115077,0
113029,-2952,8218,798,506,52,9272,60182,-9288,-597,-914,-19928,36212,735,32,65,0,0,0,0,0,0,0,0,-32302,0,0,0,0,0,115083,0
113034,-2854,8370,826,506,65,9332,58061,-9345,-531,-823,-20040,36212,735,32,65,0,0,0,0,0,0,0,0,-32302,0,0,0,0,0,115088,0
113039,-2808,8372,734,463,75,9395,55902,-9502,-520,-795,-20128,36224,706,32,65,0,0,0,0,0,0,0,0,-32302,0,0,0,0,0,115094,0
113044,-2474,8576,810,455,110,9478,53721,-9622,-442,-709,-20432,36224,706,32,65,0,0,0,0,0,0,0,0,-32302,0,0,0,0,0,115100,0
113049,-2488,8610,744,441,130,9505,51520,-9680,-425,-696,-20432,36239,660,32,65,0,0,0,0,0,0,0,0,-32302,0,0,0,0,0,115105,0
113054,-2294,8534,820,452,140,9537,49312,-9727,-340,-639,-20568,36239,660,32,65,0,0,0,0,0,0,0,0,-32302,0,0,0,0,0,115111,0
113059,-2130,8748,848,393,137,9546,47083,-9799,-309,-602,-20496,36252,619,32,65,0,0,0,0,0,0,0,0,-32302,0,0,0,0,0,115116,0
113064,-1844,9116,798,413,150,9502,44826,-9966,-270,-523,-20872,36252,619,32,65,0,0,0,0,0,0,0,0,-32302,0,0,0,0,0,115122,0
113069,-1754,8998,692,373,182,9475,42568,-9918,-256,-487,-20816,36270,572,32,65,0,0,0,0,0,0,0,0,-32301,0,0,0,0,0,115127,0
113074,-1750,9076,758,365,191,9448,40290,-10046,-265,-442,-20864,36270,572,32,65,0,0,0,0,0,0,0,0,-32302,0,0,0,0,0,115133,0
113079,-1776,9062,694,349,229,9410,38008,-10049,-219,-414,-20856,36288,529,32,65,0,0,0,0,0,0,0,0,-32301,0,0,0,0,0,115138,0
113084,-1712,8982,608,353,247,9374,35710,-10107,-209,-335,-20880,36288,529,32,65,0,0,0,0,0,0,0,0,-32302,0,0,0,0,0,115143,0
113089,-1600,8894,656,333,236,9351,33439,-9988,-88,-308,-20656,36312,468,32,65,0,0,0,0,0,0,0,0,-32302,0,0,0,0,0,115149,0
113094,-1368,9082,674,326,247,9315,31162,-10009,-56,-259,-20496,36312,468,32,65,0,0,0,0,0,0,0,0,-32301,0,0,0,0,0,115155,0
113099,-1196,9144,650,310,255,9272,28887,-10025,56,-174,-20752,36337,415,32,65,0,0,0,0,0,0,0,0,-32302,0,0,0,0,0,115160,0
113104,-850,9268,584,298,283,9132,26624,-9933,58,-180,-20312,36337,415,32,65,0,0,0,0,0,0,0,0,-32301,0,0,0,0,0,115166,0
113109,-724,9204,616,272,317,9071,24370,-9930,99,-114,-20376,36364,364,32,65,0,0,0,0,0,0,0,0,-32301,0,0,0,0,0,115171,0
113114,-566,9234,620,274,342,8984,22130,-9842,99,-111,-20120,36364,364,32,65,0,0,0,0,0,0,0,0,-32302,0,0,0,0,0,115177,0
113119,-560,9066,484,265,380,8898,19890,-9853,124,-46,-20088,36383,323,32,65,0,0,0,0,0,0,0,0,-32302,0,0,0,0,0,115182,0
113124,-230,8860,488,232,405,8730,17690,-9654,192,-52,-19544,36383,323,32,65,0,0,0,0,0,0,0,0,-32302,0,0,0,0,0,115187,0
113129,10,8942,580,247,409,8640,15503,-9620,220,34,-19328,36401,281,32,65,0,0,0,0,0,0,0,0,-32302,0,0,0,0,0,115193,0
113134,-58,8822,466,278,437,8529,13351,-9458,327,76,-19112,36401,281,32,65,0,0,0,0,0,0,0,0,-32302,0,0,0,0,0,115198,0
113139,228,8850,492,241,446,8432,11208,-9413,326,94,-18856,36418,244,32,65,0,0,0,0,0,0,0,0,-32301,0,0,0,0,0,115204,0
113144,530,8768,468,274,505,8203,9114,-9202,404,140,-18312,36418,244,32,65,0,0,0,0,0,0,0,0,-32302,0,0,0,0,0,115209,0
113149,586,8844,542,271,526,8071,7041,-9100,384,266,-17920,36441,197,32,65,0,0,0,0,0,0,0,0,-32302,0,0,0,0,0,115215,0
113154,696,8808,482,279,561,7938,5013,-8908,479,357,-17560,36441,197,32,65,0,0,0,0,0,0,0,0,-32302,0,0,0,0,0,115220,0
113159,836,8762,408,306,584,7806,3021,-8738,501,410,-17000,36482,135,32,65,0,0,0,0,0,0,0,0,-32302,0,0,0,0,0,115226,0
113164,906,8710,320,366,605,7491,1100,-8421,622,470,-16288,36482,135,32,65,0,0,0,0,0,0,0,0,-32302,0,0,0,0,0,115232,0
113169,1072,8648,366,355,624,7339,-778,-8247,694,532,-15800,36519,71,32,65,0,0,0,0,0,0,0,0,-32302,0,0,0,0,0,115237,0
113174,1044,8572,336,379,620,7177,-2593,-7953,797,566,-15072,36519,71,32,65,0,0,0,0,0,0,0,0,-32302,0,0,0,0,0,115243,0
113179,3878,4028,516,426,116,5752,-4348,-7692,837,579,-14224,36551,16,32,65,0,0,0,0,0,0,0,0,-32301,0,0,0,0,0,115248,0
113184,21400,10328,366,407,1157,1878,-5880,-6580,1119,286,-10368,36551,16,32,65,0,0,0,0,0,0,0,0,-32302,0,0,0,0,0,115253,0
113189,-10012,8982,3218,519,1507,1012,-6863,-4024,2273,-13,-3280,36538,36,32,65,0,0,0,0,0,0,0,0,-32302,0,0,0,0,0,115259,0
113194,-17976,6162,-1250,696,1227,2188,-7036,-378,4719,64,4184,36538,36,32,65,0,0,0,0,0,0,0,0,-32302,0,0,0,0,0,115264,0
113199,-10848,8450,-2104,532,1075,2370,-6444,2898,7757,424,9248,36508,83,32,65,0,0,0,0,0,0,0,0,-32301,0,0,0,0,0,115270,0
113204,-712,8354,-2462,398,1130,1388,-5394,4760,9791,556,11208,36508,83,32,65,0,0,0,0,0,0,0,0,-32302,0,0,0,0,0,115275,0
113209,-4654,6604,1132,256,1063,1119,-4158,5493,9491,395,11040,36457,203,32,65,0,0,0,0,0,0,0,0,-32302,0,0,0,0,0,115281,0
113214,-2594,6712,-212,482,804,817,-2895,5553,7060,20,10168,36457,203,32,65,0,0,0,0,0,0,0,0,-32302,0,0,0,0,0,115286,0
113219,-4578,5764,710,507,529,513,-1691,5268,3810,-328,9144,36453,215,32,65,0,0,0,0,0,0,0,0,-32303,0,0,0,0,0,115292,0
113224,3878,7916,-450,545,435,-464,-604,4722,1137,-426,7568,36453,215,32,65,0,0,0,0,0,0,0,0,-32302,0,0,0,0,0,115298,0
113229,5266,6082,-476,473,472,-1327,310,3940,-599,-423,5560,36463,185,32,65,0,0,0,0,0,0,0,0,-32302,0,0,0,0,0,115303,0
113234,2122,7196,-398,491,503,-1909,1041,3135,-1681,-509,3912,36463,185,32,65,0,0,0,0,0,0,0,0,-32302,0,0,0,0,0,115308,0
113239,-2736,7678,148,564,513,-2308,1637,2578,-2245,-640,3096,36493,100,32,65,0,0,0,0,0,0,0,0,-32302,0,0,0,0,0,115314,0
113244,-3864,6492,-1624,553,413,-1933,2133,2155,-2323,-2752,-1288,36493,100,32,65,0,0,0,0,0,0,0,0,-32301,0,0,0,0,0,115319,0
113249,-3952,6152,-872,512,353,-1775,2111,-361,-2798,-8596,-5216,36452,220,32,65,0,0,0,0,0,0,0,0,-32300,0,0,0,0,0,115325,0
113254,-5380,6514,-682,440,246,-1377,1663,-2097,-3911,-6396,-6552,36452,220,32,65,0,0,0,0,0,0,0,0,-32301,0,0,0,0,0,115330,0
113259,-12532,4140,-434,448,30,-557,1084,-2564,-4806,-3408,-5752,36346,488,32,65,0,0,0,0,0,0,0,0,-32301,0,0,0,0,0,115336,0
113264,-3102,3114,-1478,512,-616,1438,551,-2308,-4431,-1682,-4752,36346,488,32,65,0,0,0,0,0,0,0,0,-32302,0,0,0,0,0,115341,0
113269,4408,5322,-308,503,-600,1754,68,-2110,-2857,-1129,-4672,36304,571,32,65,0,0,0,0,0,0,0,0,-32302,0,0,0,0,0,115347,0
113274,6398,6730,548,531,-394,1622,-423,-2165,-770,-919,-4648,36304,571,32,65,0,0,0,0,0,0,0,0,-32301,0,0,0,0,0,115353,0
113279,8436,10450,2656,502,-244,1563,-928,-2225,155,-536,-4296,36303,542,32,65,0,0,0,0,0,0,0,0,-32302,0,0,0,0,0,115358,0
113284,6908,10544,1448,599,250,947,-1423,-2176,201,-126,-3368,36303,542,32,65,0,0,0,0,0,0,0,0,-32302,0,0,0,0,0,115364,0
113289,6492,9926,390,584,416,676,-1891,-2047,64,193,-2376,36408,254,32,65,0,0,0,0,0,0,0,0,-32302,0,0,0,0,0,115369,0
113294,5418,8388,190,545,490,317,-2312,-1821,145,531,-1680,36408,254,32,65,0,0,0,0,0,0,0,0,-32302,0,0,0,0,0,115374,0
113299,4892,7974,106,556,541,23,-2668,-1530,421,686,-1112,36454,156,32,65,0,0,0,0,0,0,0,0,-32302,0,0,0,0,0,115380,0
113304,3076,6480,-6,558,580,-240,-2957,-1241,685,563,-664,36454,156,32,65,0,0,0,0,0,0,0,0,-32302,0,0,0,0,0,115385,0
113309,1502,6078,116,548,608,-287,-3183,-961,876,378,-392,36476,112,32,65,0,0,0,0,0,0,0,0,-32302,0,0,0,0,0,115391,0
113314,374,6252,216,561,618,-205,-3343,-675,979,168,-400,36476,112,32,65,0,0,0,0,0,0,0,0,-32302,0,0,0,0,0,115396,0
113319,-530,6422,268,547,585,-46,-3443,-428,986,-118,-480,36486,109,32,65,0,0,0,0,0,0,0,0,-32301,0,0,0,0,0,115402,0
113324,1492,6158,-58,533,534,173,-3515,-306,916,-478,-680,36486,109,32,65,0,0,0,0,0,0,0,0,-32302,0,0,0,0,0,115407,0
113329,2066,6496,100,525,531,157,-3591,-333,722,-713,-776,36482,130,32,65,0,0,0,0,0,0,0,0,-32302,0,0,0,0,0,115413,0
113334,2652,6828,220,518,526,59,-3674,-366,433,-645,-776,36482,130,32,65,0,0,0,0,0,0,0,0,-32302,0,0,0,0,0,115418,0
113339,3584,6712,250,509,561,-201,-3761,-380,152,-571,-632,36477,149,32,65,0,0,0,0,0,0,0,0,-32302,0,0,0,0,0,115424,0
113344,1748,7006,-4,509,698,-514,-3838,-336,-1,-499,-184,36477,149,32,65,0,0,0,0,0,0,0,0,-32303,0,0,0,0,0,115429,0
113349,826,7526,256,483,711,-453,-3881,-160,35,-173,32,36474,148,32,65,0,0,0,0,0,0,0,0,-32302,0,0,0,0,0,115435,0
113354,1012,6618,-218,455,678,-434,-3863,89,250,63,64,36474,148,32,65,0,0,0,0,0,0,0,0,-32302,0,0,0,0,0,115440,0
113359,1852,6034,-396,422,666,-602,-3822,194,452,27,120,36475,143,32,65,0,0,0,0,0,0,0,0,-32302,0,0,0,0,0,115446,0
113364,1472,6842,-144,460,630,-657,-3764,255,545,38,128,36475,143,32,65,0,0,0,0,0,0,0,0,-32302,0,0,0,0,0,115451,0
113369,1408,6616,-104,438,575,-668,-3699,286,467,43,136,36478,138,32,65,0,0,0,0,0,0,0,0,-32302,0,0,0,0,0,115457,0
113374,1406,6328,-416,439,509,-754,-3629,303,298,31,136,36478,138,32,65,0,0,0,0,0,0,0,0,-32302,0,0,0,0,0,115462,0
113379,1268,6410,-176,435,449,-827,-3559,308,146,16,136,36478,137,32,65,0,0,0,0,0,0,0,0,-32302,0,0,0,0,0,115468,0
113384,1356,6958,-486,458,287,-958,-3490,305,72,10,144,36478,137,32,65,0,0,0,0,0,0,0,0,-32301,0,0,0,0,0,115474,0
113389,1526,6782,-474,434,187,-1028,-3427,277,15,1,104,36479,133,32,65,0,0,0,0,0,0,0,0,-32302,0,0,0,0,0,115479,0
113394,1768,6572,-480,445,90,-1130,-3372,238,-32,-4,72,36479,133,32,65,0,0,0,0,0,0,0,0,-32302,0,0,0,0,0,115485,0
113399,1872,6628,-424,456,6,-1209,-3322,210,-69,-4,72,36480,132,32,65,0,0,0,0,0,0,0,0,-32302,0,0,0,0,0,115490,0
113404,2116,6634,-330,467,-107,-1292,-3275,208,-90,1,96,36480,132,32,65,0,0,0,0,0,0,0,0,-32301,0,0,0,0,0,115495,0
113409,2280,6542,-272,477,-143,-1328,-3222,234,-69,1,136,36483,131,32,65,0,0,0,0,0,0,0,0,-32301,0,0,0,0,0,115501,0
113414,2478,6630,-256,490,-157,-1344,-3158,292,-8,13,184,36483,131,32,65,0,0,0,0,0,0,0,0,-32301,0,0,0,0,0,115506,0
113419,2738,6734,-224,510,-153,-1343,-3079,351,71,22,224,36487,134,32,65,0,0,0,0,0,0,0,0,-32301,0,0,0,0,0,115512,0
113424,3446,6916,-58,531,-126,-1378,-2984,424,155,16,248,36487,134,32,65,0,0,0,0,0,0,0,0,-32302,0,0,0,0,0,115517,0
113429,3614,7078,-6,554,-86,-1411,-2878,473,199,18,328,36486,137,32,65,0,0,0,0,0,0,0,0,-32302,0,0,0,0,0,115523,0
113434,3684,7282,-10,572,-50,-1448,-2761,517,204,14,408,36486,137,32,65,0,0,0,0,0,0,0,0,-32302,0,0,0,0,0,115529,0
113439,3820,7376,14,575,-2,-1480,-2631,578,193,15,504,36484,139,32,65,0,0,0,0,0,0,0,0,-32302,0,0,0,0,0,115534,0
113444,3840,7468,46,587,72,-1555,-2487,636,186,17,512,36484,139,32,65,0,0,0,0,0,0,0,0,-32302,0,0,0,0,0,115539,0
113449,3812,7548,58,602,117,-1578,-2331,696,193,-2,592,36478,130,32,65,0,0,0,0,0,0,0,0,-32302,0,0,0,0,0,115545,0
113454,3764,7542,104,603,142,-1595,-2161,759,196,-20,728,36478,130,32,65,0,0,0,0,0,0,0,0,-32302,0,0,0,0,0,115550,0
113459,3780,7564,122,598,174,-1608,-1978,818,203,-34,864,36480,132,32,65,0,0,0,0,0,0,0,0,-32302,0,0,0,0,0,115556,0
113464,3810,7736,184,603,228,-1621,-1782,872,204,-42,976,36480,132,32,65,0,0,0,0,0,0,0,0,-32302,0,0,0,0,0,115561,0
113469,3800,7782,170,592,242,-1625,-1572,925,202,-40,1080,36481,134,32,65,0,0,0,0,0,0,0,0,-32301,0,0,0,0,0,115567,0
113474,3732,7850,160,595,255,-1639,-1349,981,201,-52,1192,36481,134,32,65,0,0,0,0,0,0,0,0,-32301,0,0,0,0,0,115572,0
113479,3678,7864,134,586,253,-1656,-1116,1034,198,-58,1296,36481,133,32,65,0,0,0,0,0,0,0,0,-32301,0,0,0,0,0,115577,0
113484,3506,7888,80,558,231,-1675,-870,1080,193,-52,1384,36481,133,32,65,0,0,0,0,0,0,0,0,-32302,0,0,0,0,0,115583,0
113489,3456,7824,92,552,211,-1684,-665,1128,182,-65,1480,36480,132,32,65,0,0,0,0,0,0,0,0,-32302,0,0,0,0,0,115588,0
113494,3348,7764,128,536,191,-1688,-400,1169,175,-78,1560,36480,132,32,65,0,0,0,0,0,0,0,0,-32301,0,0,0,0,0,115594,0
113499,3350,7728,162,522,169,-1697,-126,1210,171,-76,1592,36484,129,32,65,0,0,0,0,0,0,0,0,-32302,0,0,0,0,0,115599,0
113504,3262,7634,154,496,111,-1697,155,1245,146,-87,1664,36484,129,32,65,0,0,0,0,0,0,0,0,-32302,0,0,0,0,0,115606,0
113509,3192,7616,160,490,90,-1693,443,1273,133,-96,1688,36486,133,32,65,0,0,0,0,0,0,0,0,-32302,0,0,0,0,0,115611,0
113514,3218,7626,182,476,67,-1693,735,1290,115,-93,1696,36486,133,32,65,0,0,0,0,0,0,0,0,-32302,0,0,0,0,0,115617,0
113519,3278,7636,174,458,37,-1696,1032,1309,94,-115,1728,36486,126,32,65,0,0,0,0,0,0,0,0,-32302,0,0,0,0,0,115622,0
113524,3274,7662,204,430,-6,-1703,1331,1316,76,-119,1720,36486,126,32,65,0,0,0,0,0,0,0,0,-32302,0,0,0,0,0,115627,0
113529,3236,7624,204,404,-24,-1707,1632,1325,62,-124,1736,36486,125,32,65,0,0,0,0,0,0,0,0,-32302,0,0,0,0,0,115634,0
113534,3252,7676,206,388,-41,-1704,1936,1336,44,-134,1744,36486,125,32,65,0,0,0,0,0,0,0,0,-32302,0,0,0,0,0,115639,0
113539,3308,7672,198,367,-56,-1699,2246,1358,46,-132,1752,36483,116,32,65,0,0,0,0,0,0,0,0,-32302,0,0,0,0,0,115645,0
113544,3462,7784,238,328,-73,-1696,2557,1383,46,-148,1824,36483,116,32,65,0,0,0,0,0,0,0,0,-32302,0,0,0,0,0,115650,0
113549,3486,7832,246,302,-81,-1689,2875,1398,57,-154,1808,36486,121,32,65,0,0,0,0,0,0,0,0,-32302,0,0,0,0,0,115656,0
113554,3580,7886,234,288,-80,-1694,3199,1425,71,-153,1856,36486,121,32,65,0,0,0,0,0,0,0,0,-32302,0,0,0,0,0,115661,0
113559,3628,7882,238,267,-76,-1688,3528,1452,76,-170,1896,36482,118,32,65,0,0,0,0,0,0,0,0,-32302,0,0,0,0,0,115667,0
113564,3692,7928,202,225,-65,-1685,3864,1476,81,-167,1920,36482,118,32,65,0,0,0,0,0,0,0,0,-32302,0,0,0,0,0,115672,0
113569,3656,8016,200,211,-54,-1678,4206,1506,88,-177,1960,36483,117,32,65,0,0,0,0,0,0,0,0,-32302,0,0,0,0,0,115678,0
113574,3674,7942,198,196,-45,-1666,4552,1523,91,-189,1976,36483,117,32,65,0,0,0,0,0,0,0,0,-32302,0,0,0,0,0,115683,0
113579,3676,7908,198,182,-36,-1658,4904,1549,86,-193,2008,36484,121,32,65,0,0,0,0,0,0,0,0,-32302,0,0,0,0,0,115689,0
113584,3640,7978,142,166,-15,-1638,5261,1573,81,-201,2032,36484,121,32,65,0,0,0,0,0,0,0,0,-32302,0,0,0,0,0,115694,0
113589,3534,8008,140,161,1,-1630,5619,1571,67,-213,2024,36486,115,32,65,0,0,0,0,0,0,0,0,-32302,0,0,0,0,0,115700,0
113594,3510,7984,112,152,5,-1620,5980,1579,57,-225,2024,36486,115,32,65,0,0,0,0,0,0,0,0,-32302,0,0,0,0,0,115705,0
113599,3520,8078,38,143,11,-1622,6340,1588,37,-228,2048,36487,112,32,65,0,0,0,0,0,0,0,0,-32302,0,0,0,0,0,115711,0
113604,3352,8102,-32,144,19,-1605,6700,1581,20,-236,2008,36487,112,32,65,0,0,0,0,0,0,0,0,-32302,0,0,0,0,0,115716,0
113609,3276,8044,32,151,23,-1598,7062,1590,9,-235,1984,36487,114,32,65,0,0,0,0,0,0,0,0,-32302,0,0,0,0,0,115721,0
113614,3248,8062,-78,150,25,-1584,7424,1592,11,-245,1976,36487,114,32,65,0,0,0,0,0,0,0,0,-32302,0,0,0,0,0,115727,0
113619,3204,8066,-28,149,37,-1571,7788,1598,9,-256,1968,36486,116,32,65,0,0,0,0,0,0,0,0,-32302,0,0,0,0,0,115733,0
113624,3012,8048,-104,173,44,-1556,8151,1601,8,-269,1992,36486,116,32,65,0,0,0,0,0,0,0,0,-32302,0,0,0,0,0,115738,0
113629,3034,8082,-178,171,46,-1539,8511,1585,-2,-265,1912,36491,115,32,65,0,0,0,0,0,0,0,0,-32302,0,0,0,0,0,115744,0
113634,2964,8138,-180,184,52,-1538,8869,1574,-11,-279,1864,36491,115,32,65,0,0,0,0,0,0,0,0,-32302,0,0,0,0,0,115749,0
113639,2934,8108,-164,188,52,-1528,9223,1554,-31,-282,1800,36492,120,32,65,0,0,0,0,0,0,0,0,-32302,0,0,0,0,0,115755,0
113644,2746,8114,-220,207,54,-1502,9569,1523,-56,-289,1728,36492,120,32,65,0,0,0,0,0,0,0,0,-32302,0,0,0,0,0,115760,0
113649,2668,8008,-242,209,62,-1484,9909,1490,-72,-302,1624,36492,119,32,65,0,0,0,0,0,0,0,0,-32302,0,0,0,0,0,115766,0
113654,2618,7966,-246,220,63,-1463,10240,1452,-98,-300,1552,36492,119,32,65,0,0,0,0,0,0,0,0,-32302,0,0,0,0,0,115771,0
113659,2554,7974,-278,216,61,-1430,10562,1413,-115,-318,1456,36488,124,32,65,0,0,0,0,0,0,0,0,-32302,0,0,0,0,0,115776,0
113664,2536,8000,-286,238,73,-1380,10875,1370,-128,-308,1360,36488,124,32,65,0,0,0,0,0,0,0,0,-32302,0,0,0,0,0,115782,0
113669,2534,8020,-282,243,81,-1348,11176,1320,-140,-325,1256,36488,127,32,65,0,0,0,0,0,0,0,0,-32302,0,0,0,0,0,115788,0
113674,2502,8018,-282,238,93,-1327,11468,1279,-150,-324,1128,36488,127,32,65,0,0,0,0,0,0,0,0,-32302,0,0,0,0,0,115793,0
113679,2504,8026,-280,247,99,-1299,11747,1222,-160,-319,1000,36488,119,32,65,0,0,0,0,0,0,0,0,-32302,0,0,0,0,0,115799,0
113684,2478,7982,-274,252,125,-1241,12015,1176,-166,-331,904,36488,119,32,65,0,0,0,0,0,0,0,0,-32302,0,0,0,0,0,115804,0
113689,2454,8012,-286,255,142,-1209,12271,1120,-172,-324,752,36488,108,32,65,0,0,0,0,0,0,0,0,-32302,0,0,0,0,0,115810,0
113694,2406,8000,-278,255,156,-1179,12517,1076,-173,-330,648,36488,108,32,65,0,0,0,0,0,0,0,0,-32302,0,0,0,0,0,115815,0
113699,2390,7996,-286,258,168,-1149,12748,1017,-179,-332,536,36489,109,32,65,0,0,0,0,0,0,0,0,-32302,0,0,0,0,0,115821,0
113704,2342,8028,-262,253,194,-1084,12969,964,-181,-345,432,36489,109,32,65,0,0,0,0,0,0,0,0,-32302,0,0,0,0,0,115826,0
113709,2334,8032,-236,261,224,-1049,13173,890,-195,-362,344,36487,109,32,65,0,0,0,0,0,0,0,0,-32302,0,0,0,0,0,115832,0
113714,2232,8034,-256,257,239,-1022,13363,818,-207,-378,272,36487,109,32,65,0,0,0,0,0,0,0,0,-32302,0,0,0,0,0,115837,0
113719,2184,8018,-250,266,245,-981,13537,757,-224,-378,224,36486,109,32,65,0,0,0,0,0,0,0,0,-32302,0,0,0,0,0,115842,0
113724,2084,7936,-244,266,274,-912,13695,685,-235,-388,176,36486,109,32,65,0,0,0,0,0,0,0,0,-32302,0,0,0,0,0,115848,0
113729,2064,7956,-240,270,283,-870,13837,614,-243,-389,120,36485,115,32,65,0,0,0,0,0,0,0,0,-32302,0,0,0,0,0,115854,0
113734,2058,7908,-238,270,297,-828,13961,537,-249,-411,80,36485,115,32,65,0,0,0,0,0,0,0,0,-32302,0,0,0,0,0,115859,0
113739,1988,7916,-262,276,299,-787,14063,443,-267,-437,64,36489,120,32,65,0,0,0,0,0,0,0,0,-32302,0,0,0,0,0,115865,0
113744,1990,7866,-236,284,323,-713,14147,363,-282,-410,32,36489,120,32,65,0,0,0,0,0,0,0,0,-32302,0,0,0,0,0,115870,0
113749,1970,7818,-240,289,333,-671,14214,288,-286,-376,16,36489,111,32,65,0,0,0,0,0,0,0,0,-32302,0,0,0,0,0,115876,0
113754,1970,7812,-262,293,345,-637,14266,221,-280,-363,-24,36489,111,32,65,0,0,0,0,0,0,0,0,-32302,0,0,0,0,0,115881,0
113759,1976,7812,-216,304,363,-607,14302,146,-260,-354,-64,36492,105,32,65,0,0,0,0,0,0,0,0,-32302,0,0,0,0,0,115887,0
113764,1896,7716,-236,314,389,-548,14323,92,-247,-343,-72,36492,105,32,65,0,0,0,0,0,0,0,0,-32302,0,0,0,0,0,115892,0
113769,1916,7660,-246,325,395,-526,14335,52,-227,-326,-88,36488,117,32,65,0,0,0,0,0,0,0,0,-32302,0,0,0,0,0,115898,0
113774,1892,7626,-242,334,407,-505,14334,-5,-202,-321,-104,36488,117,32,65,0,0,0,0,0,0,0,0,-32302,0,0,0,0,0,115903,0
113779,1916,7592,-262,341,422,-486,14332,-7,-160,-329,-104,36486,127,32,65,0,0,0,0,0,0,0,0,-32302,0,0,0,0,0,115909,0
113784,2100,9098,1250,239,497,-465,14331,-8,-99,-325,-96,36486,127,32,65,0,0,0,0,0,0,0,0,-32302,0,0,0,0,0,115914,0
113789,3536,9400,1514,200,545,-384,14331,-8,-52,-327,-96,36481,130,32,65,0,0,0,0,0,0,0,0,-32301,0,0,0,0,0,115920,0
113794,3334,9664,2428,116,603,-397,14331,0,-13,-325,-104,36481,130,32,65,0,0,0,0,0,0,0,0,-32302,0,0,0,0,0,115925,0
113799,2676,10542,2522,60,629,-445,14332,3,6,-328,-96,36480,126,32,65,0,0,0,0,0,0,0,0,-32302,0,0,0,0,0,115931,0
113804,1982,10144,2516,-119,641,-491,14329,-7,1,-327,-96,36480,126,32,65,0,0,0,0,0,0,0,0,-32302,0,0,0,0,0,115936,0
113809,1106,10168,2564,-185,600,-542,14333,8,6,-327,-96,36481,125,32,65,0,0,0,0,0,0,0,0,-32301,0,0,0,0,0,115941,0
113814,446,9798,1508,-194,544,-572,14338,23,16,-329,-88,36481,125,32,65,0,0,0,0,0,0,0,0,-32302,0,0,0,0,0,115947,0
113819,384,9738,420,-184,462,-551,14345,38,29,-329,-80,36480,126,32,65,0,0,0,0,0,0,0,0,-32302,0,0,0,0,0,115952,0
113824,438,9446,-1052,-131,344,-563,14355,47,36,-329,-80,36480,126,32,65,0,0,0,0,0,0,0,0,-32301,0,0,0,0,0,115958,0
113829,770,9396,-1206,-90,323,-580,14372,81,54,-334,-56,36480,129,32,65,0,0,0,0,0,0,0,0,-32302,0,0,0,0,0,115963,0
113834,1358,9510,-918,-54,348,-596,14401,132,82,-337,-32,36480,129,32,65,0,0,0,0,0,0,0,0,-32302,0,0,0,0,0,115969,0
113839,1970,9536,-418,-45,394,-608,14434,144,103,-332,-32,36483,129,32,65,0,0,0,0,0,0,0,0,-32302,0,0,0,0,0,115975,0
113844,2522,9322,534,-44,517,-651,14470,156,101,-337,-32,36483,129,32,65,0,0,0,0,0,0,0,0,-32302,0,0,0,0,0,115980,0
113849,2518,9030,730,-54,549,-673,14499,133,64,-336,-40,36484,133,32,65,0,0,0,0,0,0,0,0,-32302,0,0,0,0,0,115985,0
113854,2398,8698,642,-48,573,-690,14531,138,21,-341,-32,36484,133,32,65,0,0,0,0,0,0,0,0,-32302,0,0,0,0,0,115991,0
113859,2182,8312,372,-46,574,-717,14558,120,-17,-334,-56,36484,134,32,65,0,0,0,0,0,0,0,0,-32302,0,0,0,0,0,115996,0
113864,1856,7654,-136,-29,562,-742,14584,111,-26,-340,-48,36484,134,32,65,0,0,0,0,0,0,0,0,-32302,0,0,0,0,0,116002,0
113869,1796,7458,-188,-15,553,-760,14609,106,-31,-334,-64,36479,129,32,65,0,0,0,0,0,0,0,0,-32302,0,0,0,0,0,116007,0
113874,1754,7350,-130,-1,562,-774,14631,91,-31,-333,-64,36479,129,32,65,0,0,0,0,0,0,0,0,-32302,0,0,0,0,0,116013,0
113879,1818,7316,14,13,564,-785,14657,119,-21,-344,-40,36480,128,32,65,0,0,0,0,0,0,0,0,-32301,0,0,0,0,0,116018,0
113884,2062,7470,336,21,589,-814,14684,118,2,-336,-56,36480,128,32,65,0,0,0,0,0,0,0,0,-32302,0,0,0,0,0,116024,0
113889,2042,7568,444,32,593,-824,14707,101,4,-336,-48,36482,131,32,65,0,0,0,0,0,0,0,0,-32301,0,0,0,0,0,116029,0
113894,2018,7650,458,44,602,-835,14731,101,5,-337,-64,36482,131,32,65,0,0,0,0,0,0,0,0,-32302,0,0,0,0,0,116034,0
113899,1908,7752,424,52,604,-848,14745,56,-26,-328,-88,36482,129,32,65,0,0,0,0,0,0,0,0,-32301,0,0,0,0,0,116040,0
113904,1424,7726,262,65,596,-850,14751,25,-68,-335,-80,36482,129,32,65,0,0,0,0,0,0,0,0,-32302,0,0,0,0,0,116045,0
113909,1238,7730,220,84,599,-859,14759,38,-70,-339,-72,36480,131,32,65,0,0,0,0,0,0,0,0,-32302,0,0,0,0,0,116051,0
113914,1222,7740,192,90,595,-871,14778,90,-33,-343,-40,36480,131,32,65,0,0,0,0,0,0,0,0,-32301,0,0,0,0,0,116056,0
113919,1252,7792,230,104,599,-875,14809,136,40,-341,-40,36480,122,32,65,0,0,0,0,0,0,0,0,-32301,0,0,0,0,0,116062,0
113924,1330,7936,274,118,599,-892,14845,163,108,-343,-16,36480,122,32,65,0,0,0,0,0,0,0,0,-32301,0,0,0,0,0,116067,0
113929,1322,8024,266,132,601,-898,14889,206,134,-334,-8,36480,125,32,65,0,0,0,0,0,0,0,0,-32302,0,0,0,0,0,116073,0
113934,1336,8024,254,131,598,-900,14943,236,133,-339,16,36480,125,32,65,0,0,0,0,0,0,0,0,-32302,0,0,0,0,0,116078,0
113939,1252,8006,208,145,583,-918,15006,278,131,-330,24,36481,121,32,65,0,0,0,0,0,0,0,0,-32302,0,0,0,0,0,116084,0
113944,1236,7892,94,152,551,-930,15077,320,133,-327,48,36481,121,32,65,0,0,0,0,0,0,0,0,-32302,0,0,0,0,0,116089,0
113949,1228,7836,66,155,529,-940,15162,378,144,-336,72,36483,134,32,65,0,0,0,0,0,0,0,0,-32302,0,0,0,0,0,116095,0
113954,1278,7788,66,162,519,-949,15256,408,156,-341,72,36483,134,32,65,0,0,0,0,0,0,0,0,-32302,0,0,0,0,0,116100,0
113959,1222,7762,20,160,513,-959,15354,435,147,-349,88,36483,134,32,65,0,0,0,0,0,0,0,0,-32302,0,0,0,0,0,116105,0
113964,1172,7666,-4,164,490,-968,15460,468,130,-346,104,36483,134,32,65,0,0,0,0,0,0,0,0,-32301,0,0,0,0,0,116111,0
113969,1134,7672,-56,172,481,-980,15577,517,120,-337,144,36486,141,32,65,0,0,0,0,0,0,0,0,-32302,0,0,0,0,0,116117,0
113974,1202,7668,-126,163,482,-986,15703,559,125,-323,152,36486,141,32,65,0,0,0,0,0,0,0,0,-32302,0,0,0,0,0,116122,0
113979,1222,7802,-126,168,470,-998,15836,589,135,-333,152,36487,119,32,65,0,0,0,0,0,0,0,0,-32302,0,0,0,0,0,116128,0
113984,1200,7906,-224,157,450,-1009,15975,617,131,-354,176,36487,119,32,65,0,0,0,0,0,0,0,0,-32302,0,0,0,0,0,116133,0
113989,1146,7950,-276,152,449,-1023,16119,639,116,-365,184,36490,119,32,65,0,0,0,0,0,0,0,0,-32302,0,0,0,0,0,116139,0
113994,1070,7970,-314,145,441,-1025,16267,647,27,-374,184,36490,119,32,65,0,0,0,0,0,0,0,0,-32302,0,0,0,0,0,116144,0
113999,1004,8006,-388,139,440,-1034,16416,660,31,-395,192,36490,117,32,65,0,0,0,0,0,0,0,0,-32302,0,0,0,0,0,116149,0
114004,948,8082,-432,124,440,-1046,16566,667,11,-392,208,36490,117,32,65,0,0,0,0,0,0,0,0,-32302,0,0,0,0,0,116155,0
114009,944,8138,-448,123,438,-1051,16720,682,68,-391,200,36488,116,32,65,0,0,0,0,0,0,0,0,-32302,0,0,0,0,0,116160,0
114014,918,8214,-444,105,449,-1054,16877,694,100,-393,184,36488,116,32,65,0,0,0,0,0,0,0,0,-32302,0,0,0,0,0,116166,0
114019,904,8282,-420,103,451,-1064,17038,713,113,-399,232,36486,114,32,65,0,0,0,0,0,0,0,0,-32302,0,0,0,0,0,116171,0
114024,894,8378,-380,90,460,-1076,17200,719,49,-404,208,36486,114,32,65,0,0,0,0,0,0,0,0,-32302,0,0,0,0,0,116177,0
114029,888,8382,-370,78,467,-1087,17366,730,46,-412,224,36486,119,32,65,0,0,0,0,0,0,0,0,-32302,0,0,0,0,0,116182,0
114034,858,8360,-308,75,465,-1097,17536,744,40,-411,240,36486,119,32,65,0,0,0,0,0,0,0,0,-32302,0,0,0,0,0,116188,0
114039,792,8322,-292,69,460,-1101,17704,746,39,-412,232,36486,120,32,65,0,0,0,0,0,0,0,0,-32302,0,0,0,0,0,116193,0
114044,682,8216,-248,59,446,-1112,17875,746,31,-422,240,36486,120,32,65,0,0,0,0,0,0,0,0,-32301,0,0,0,0,0,116199,0
114049,608,8156,-254,61,435,-1124,18047,761,26,-429,248,36490,111,32,65,0,0,0,0,0,0,0,0,-32302,0,0,0,0,0,116204,0
114054,584,8086,-212,55,417,-1126,18222,767,22,-428,280,36490,111,32,65,0,0,0,0,0,0,0,0,-32302,0,0,0,0,0,116209,0
114059,582,8022,-234,51,403,-1137,18402,790,31,-426,280,36492,109,32,65,0,0,0,0,0,0,0,0,-32302,0,0,0,0,0,116215,0
114064,648,7880,-182,46,367,-1151,18588,815,49,-426,304,36492,109,32,65,0,0,0,0,0,0,0,0,-32302,0,0,0,0,0,116220,0
114069,602,7850,-94,39,347,-1157,18777,837,65,-433,320,36493,105,32,65,0,0,0,0,0,0,0,0,-32302,0,0,0,0,0,116226,0
114074,624,7812,-94,49,325,-1164,18972,857,69,-437,344,36493,105,32,65,0,0,0,0,0,0,0,0,-32302,0,0,0,0,0,116231,0
114079,656,7762,-116,45,295,-1177,19169,876,68,-444,360,36487,111,32,65,0,0,0,0,0,0,0,0,-32302,0,0,0,0,0,116237,0
114084,670,7732,-144,42,249,-1197,19373,902,74,-451,400,36487,111,32,65,0,0,0,0,0,0,0,0,-32302,0,0,0,0,0,116242,0
114089,658,7734,-120,38,222,-1206,19583,927,71,-453,424,36486,110,32,65,0,0,0,0,0,0,0,0,-32302,0,0,0,0,0,116248,0
114094,622,7764,-106,37,197,-1217,19799,960,82,-469,472,36486,110,32,65,0,0,0,0,0,0,0,0,-32302,0,0,0,0,0,116253,0
114099,614,7794,-102,42,185,-1231,20024,994,92,-459,504,36487,106,32,65,0,0,0,0,0,0,0,0,-32302,0,0,0,0,0,116259,0
114104,602,7912,-64,41,149,-1251,20255,1024,99,-471,552,36487,106,32,65,0,0,0,0,0,0,0,0,-32302,0,0,0,0,0,116264,0
114109,560,7818,-112,41,150,-1258,20496,1062,111,-483,616,36490,104,32,65,0,0,0,0,0,0,0,0,-32302,0,0,0,0,0,116270,0
114114,420,7412,-184,31,163,-1267,20744,1095,118,-487,632,36490,104,32,65,0,0,0,0,0,0,0,0,-32302,0,0,0,0,0,116275,0
114119,30,6286,-384,29,210,-1251,20997,1117,117,-488,656,36491,107,32,65,0,0,0,0,0,0,0,0,-32301,0,0,0,0,0,116281,0
114124,54,5734,-272,24,344,-1215,21250,1112,98,-490,576,36491,107,32,65,0,0,0,0,0,0,0,0,-32302,0,0,0,0,0,116286,0
114129,898,7386,92,39,396,-1215,21491,1052,41,-492,440,36489,108,32,65,0,0,0,0,0,0,0,0,-32302,0,0,0,0,0,116292,0
114134,1638,8994,258,47,411,-1226,21706,940,-57,-515,248,36489,108,32,65,0,0,0,0,0,0,0,0,-32302,0,0,0,0,0,116297,0
114139,1982,9938,354,41,412,-1273,21889,796,-197,-578,120,36490,109,32,65,0,0,0,0,0,0,0,0,-32302,0,0,0,0,0,116303,0
114144,1060,9332,290,44,385,-1348,22047,678,-328,-593,72,36490,109,32,65,0,0,0,0,0,0,0,0,-32302,0,0,0,0,0,116308,0
114149,286,8776,220,57,366,-1365,22187,619,-388,-574,104,36492,105,32,65,0,0,0,0,0,0,0,0,-32302,0,0,0,0,0,116313,0
114154,-284,8510,134,72,368,-1379,22327,609,-346,-536,120,36492,105,32,65,0,0,0,0,0,0,0,0,-32302,0,0,0,0,0,116319,0
114159,-560,8586,180,82,374,-1391,22478,670,-216,-496,184,36491,111,32,65,0,0,0,0,0,0,0,0,-32302,0,0,0,0,0,116324,0
114164,-434,8688,376,102,360,-1417,22646,744,-41,-476,256,36491,111,32,65,0,0,0,0,0,0,0,0,-32302,0,0,0,0,0,116330,0
114169,-136,8492,436,111,342,-1438,22827,810,106,-487,312,36490,115,32,65,0,0,0,0,0,0,0,0,-32302,0,0,0,0,0,116335,0
114174,220,8232,424,123,327,-1464,23022,865,190,-488,344,36490,115,32,65,0,0,0,0,0,0,0,0,-32302,0,0,0,0,0,116341,0
114179,524,8162,406,133,307,-1485,23218,869,202,-499,280,36488,122,32,65,0,0,0,0,0,0,0,0,-32302,0,0,0,0,0,116346,0
114184,800,7942,270,159,251,-1535,23414,856,145,-537,264,36488,122,32,65,0,0,0,0,0,0,0,0,-32302,0,0,0,0,0,116352,0
114189,886,8102,170,168,221,-1559,23603,823,64,-545,208,36489,112,32,65,0,0,0,0,0,0,0,0,-32303,0,0,0,0,0,116357,0
114194,706,8174,112,176,187,-1579,23786,800,-12,-567,224,36489,112,32,65,0,0,0,0,0,0,0,0,-32302,0,0,0,0,0,116363,0
114199,434,8054,122,183,157,-1603,23968,804,-56,-562,248,36488,107,32,65,0,0,0,0,0,0,0,0,-32302,0,0,0,0,0,116368,0
114204,-230,8118,54,201,101,-1644,24160,856,-42,-545,312,36488,107,32,65,0,0,0,0,0,0,0,0,-32302,0,0,0,0,0,116374,0
114209,-2578,11240,432,182,113,-1817,24374,950,40,-540,488,36488,101,32,65,0,0,0,0,0,0,0,0,-32302,0,0,0,0,0,116379,0
114214,-4274,13534,476,161,75,-1784,24617,1078,164,-543,704,36488,101,32,65,0,0,0,0,0,0,0,0,-32302,0,0,0,0,0,116385,0
114219,-3894,11712,-546,213,56,-1652,24889,1206,292,-546,912,36492,107,32,65,0,0,0,0,0,0,0,0,-32303,0,0,0,0,0,116390,0
114224,-1106,9922,588,183,-31,-1570,25167,1225,350,-543,832,36492,107,32,65,0,0,0,0,0,0,0,0,-32302,0,0,0,0,0,116396,0
114229,-588,8720,-22,202,-50,-1541,25435,1171,289,-543,576,36496,100,32,65,0,0,0,0,0,0,0,0,-32302,0,0,0,0,0,116402,0
114234,-654,7976,-172,206,-45,-1545,25679,1062,108,-569,328,36496,100,32,65,0,0,0,0,0,0,0,0,-32301,0,0,0,0,0,116407,0
114239,-782,7394,96,188,-48,-1527,25882,883,-127,-637,136,36497,96,32,65,0,0,0,0,0,0,0,0,-32302,0,0,0,0,0,116412,0
114244,-902,6900,-542,194,-32,-1532,26042,682,-368,-709,8,36497,96,32,65,0,0,0,0,0,0,0,0,-32302,0,0,0,0,0,116418,0
114249,-1610,7086,-368,189,-17,-1499,26156,493,-533,-738,-72,36494,98,32,65,0,0,0,0,0,0,0,0,-32302,0,0,0,0,0,116423,0
114254,-2836,7496,-234,186,4,-1448,26233,325,-622,-719,-88,36494,98,32,65,0,0,0,0,0,0,0,0,-32301,0,0,0,0,0,116429,0
114259,-3858,7554,-16,181,31,-1349,26281,203,-629,-642,-104,36494,108,32,65,0,0,0,0,0,0,0,0,-32301,0,0,0,0,0,116434,0
114264,-4574,7280,48,175,69,-1144,26311,124,-547,-598,-152,36494,108,32,65,0,0,0,0,0,0,0,0,-32301,0,0,0,0,0,116440,0
114269,-4576,7188,-24,172,62,-1055,26319,9,-451,-556,-200,36491,117,32,65,0,0,0,0,0,0,0,0,-32302,0,0,0,0,0,116445,0
114274,-4364,7070,-132,179,40,-962,26307,-62,-367,-539,-272,36491,117,32,65,0,0,0,0,0,0,0,0,-32301,0,0,0,0,0,116450,0
114279,-4248,7006,-310,176,21,-854,26276,-141,-320,-529,-344,36487,124,32,65,0,0,0,0,0,0,0,0,-32301,0,0,0,0,0,116456,0
114284,-4294,7016,-256,185,-21,-675,26230,-214,-299,-528,-488,36487,124,32,65,0,0,0,0,0,0,0,0,-32302,0,0,0,0,0,116462,0
114289,-4134,7098,-142,190,-33,-580,26160,-315,-295,-517,-712,36480,131,32,65,0,0,0,0,0,0,0,0,-32302,0,0,0,0,0,116467,0
114294,-4256,7204,-2,194,-40,-488,26064,-434,-298,-500,-992,36480,131,32,65,0,0,0,0,0,0,0,0,-32302,0,0,0,0,0,116472,0
114299,-4436,7350,14,186,-66,-387,25941,-559,-336,-511,-1360,36477,137,32,65,0,0,0,0,0,0,0,0,-32302,0,0,0,0,0,116478,0
114304,-3710,7368,130,188,-51,-231,25774,-748,-405,-529,-1872,36477,137,32,65,0,0,0,0,0,0,0,0,-32302,0,0,0,0,0,116483,0
114309,-3282,7354,-72,198,-52,-163,25553,-1001,-509,-493,-2488,36475,150,32,65,0,0,0,0,0,0,0,0,-32302,0,0,0,0,0,116489,0
114314,-2894,7470,-186,199,-60,-107,25261,-1314,-664,-480,-3272,36475,150,32,65,0,0,0,0,0,0,0,0,-32301,0,0,0,0,0,116494,0
114319,-2728,7626,-250,197,-68,-45,24888,-1679,-848,-463,-4104,36470,165,32,65,0,0,0,0,0,0,0,0,-32302,0,0,0,0,0,116500,0
114324,-3006,7714,-308,190,-64,85,24427,-2071,-1048,-464,-4880,36470,165,32,65,0,0,0,0,0,0,0,0,-32302,0,0,0,0,0,116505,0
114329,-3416,7600,-304,183,-73,165,23878,-2458,-1207,-454,-5672,36464,184,32,65,0,0,0,0,0,0,0,0,-32301,0,0,0,0,0,116511,0
114334,-3942,7440,-240,175,-70,260,23249,-2797,-1284,-441,-6328,36464,184,32,65,0,0,0,0,0,0,0,0,-32302,0,0,0,0,0,116516,0
114339,-4482,7192,-208,180,-66,361,22548,-3116,-1283,-425,-6920,36455,199,32,65,0,0,0,0,0,0,0,0,-32302,0,0,0,0,0,116521,0
114344,-5030,6770,-136,178,-61,580,21782,-3404,-1220,-406,-7408,36455,199,32,65,0,0,0,0,0,0,0,0,-32302,0,0,0,0,0,116527,0
114349,-5116,6624,-222,164,-64,693,20955,-3670,-1117,-382,-7824,36444,213,32,65,0,0,0,0,0,0,0,0,-32301,0,0,0,0,0,116532,0
114354,-4998,6602,-170,166,-62,809,20073,-3905,-1017,-346,-8200,36444,213,32,65,0,0,0,0,0,0,0,0,-32302,0,0,0,0,0,116538,0
114359,-4874,6684,-110,187,-54,907,19147,-4100,-921,-302,-8560,36438,224,32,65,0,0,0,0,0,0,0,0,-32302,0,0,0,0,0,116544,0
114364,-4056,6966,-86,168,-31,1109,18175,-4299,-834,-242,-9024,36438,224,32,65,0,0,0,0,0,0,0,0,-32302,0,0,0,0,0,116549,0
114369,-3926,7078,-116,167,-22,1200,17140,-4574,-779,-203,-9624,36440,230,32,65,0,0,0,0,0,0,0,0,-32301,0,0,0,0,0,116555,0
114374,-3700,7322,-162,176,-5,1295,16033,-4905,-818,-202,-10224,36440,230,32,65,0,0,0,0,0,0,0,0,-32302,0,0,0,0,0,116560,0
114379,-3546,7476,-132,172,-9,1384,14856,-5205,-917,-185,-10832,36438,228,32,65,0,0,0,0,0,0,0,0,-32301,0,0,0,0,0,116566,0
114384,-3326,7486,-132,182,-5,1551,13606,-5541,-1018,-119,-11552,36438,228,32,65,0,0,0,0,0,0,0,0,-32302,0,0,0,0,0,116571,0
114389,-3316,7394,-110,183,-7,1635,12262,-5955,-1126,-100,-12320,36439,228,32,65,0,0,0,0,0,0,0,0,-32302,0,0,0,0,0,116576,0
114394,-3516,7402,-172,172,-5,1722,10852,-6232,-1182,-99,-12776,36439,228,32,65,0,0,0,0,0,0,0,0,-32302,0,0,0,0,0,116582,0
114399,-3382,7548,-92,175,-7,1802,9383,-6499,-1162,-1,-13432,36438,223,32,65,0,0,0,0,0,0,0,0,-32301,0,0,0,0,0,116587,0
114404,-3286,7596,82,170,-39,1956,7834,-6838,-1133,-1,-13920,36438,223,32,65,0,0,0,0,0,0,0,0,-32302,0,0,0,0,0,116593,0
114409,-3214,7556,-182,179,-48,2038,6234,-7066,-1060,32,-14376,36443,210,32,65,0,0,0,0,0,0,0,0,-32302,0,0,0,0,0,116598,0
114414,-3028,7912,-366,169,-45,2102,4574,-7337,-988,139,-14960,36443,210,32,65,0,0,0,0,0,0,0,0,-32302,0,0,0,0,0,116604,0
114419,-2712,7692,-14,189,-68,2174,2862,-7538,-944,139,-15208,36452,186,32,65,0,0,0,0,0,0,0,0,-32302,0,0,0,0,0,116609,0
114424,-2124,7654,-256,209,-114,2267,1127,-7651,-827,214,-15496,36452,186,32,65,0,0,0,0,0,0,0,0,-32302,0,0,0,0,0,116614,0
114429,-1878,7376,-380,190,-118,2312,-659,-7887,-722,237,-15864,36462,158,32,65,0,0,0,0,0,0,0,0,-32302,0,0,0,0,0,116620,0
114434,-1698,8012,-176,194,-118,2341,-2469,-7967,-635,249,-15920,36462,158,32,65,0,0,0,0,0,0,0,0,-32302,0,0,0,0,0,116625,0
114439,9520,4800,1430,297,-768,504,-4270,-7912,-488,253,-15408,36485,136,32,65,0,0,0,0,0,0,0,0,-32302,0,0,0,0,0,116631,0
114444,25762,8656,-3520,122,-686,381,-5912,-7104,-87,24,-12288,36485,136,32,65,0,0,0,0,0,0,0,0,-32301,0,0,0,0,0,116637,0
114449,16376,16166,-6004,232,-376,-70,-7059,-4778,1239,-291,-5360,36481,173,32,65,0,0,0,0,0,0,0,0,-32301,0,0,0,0,0,116642,0
114454,8578,18908,-1758,166,66,-212,-7404,-1129,3874,-354,1040,36481,173,32,65,0,0,0,0,0,0,0,0,-32302,0,0,0,0,0,116647,0
114459,10100,14678,3670,37,280,-375,-6911,2520,7274,108,7728,36478,188,32,65,0,0,0,0,0,0,0,0,-32302,0,0,0,0,0,116653,0
114464,5014,10224,1368,91,549,-685,-5862,4800,9882,626,11256,36478,188,32,65,0,0,0,0,0,0,0,0,-32302,0,0,0,0,0,116658,0
114469,-1952,10506,446,90,428,-730,-4571,5748,10178,587,11800,36442,255,32,65,0,0,0,0,0,0,0,0,-32302,0,0,0,0,0,116664,0
114474,-4600,8780,-808,89,210,-697,-3227,5912,8032,162,11128,36442,255,32,65,0,0,0,0,0,0,0,0,-32302,0,0,0,0,0,116669,0
114479,-1426,6112,-2284,132,-1,-772,-1941,5617,4671,-232,10008,36441,242,32,65,0,0,0,0,0,0,0,0,-32302,0,0,0,0,0,116675,0
114484,5072,6248,-614,133,-217,-1060,-848,4703,1509,-301,7520,36441,242,32,65,0,0,0,0,0,0,0,0,-32302,0,0,0,0,0,116680,0
114489,1926,7486,-816,151,-351,-1184,-115,3031,-993,-199,3288,36449,211,32,65,0,0,0,0,0,0,0,0,-32301,0,0,0,0,0,116685,0
114494,2826,9508,-676,140,-157,-1241,124,1321,-3169,-439,-512,36449,211,32,65,0,0,0,0,0,0,0,0,-32302,0,0,0,0,0,116691,0
114499,-240,10154,-168,98,-62,-1049,-32,-902,-5109,-773,-3816,36470,164,32,65,0,0,0,0,0,0,0,0,-32302,0,0,0,0,0,116696,0
114504,-6430,8242,-238,102,32,-818,-544,-2385,-6267,-317,-6176,36470,164,32,65,0,0,0,0,0,0,0,0,-32301,0,0,0,0,0,116703,0
114509,-2812,6772,576,90,21,-777,-1278,-3312,-6216,-334,-7208,36471,141,32,65,0,0,0,0,0,0,0,0,-32302,0,0,0,0,0,116708,0
114514,-678,6336,222,75,-90,-876,-2110,-3692,-4987,-208,-7224,36471,141,32,65,0,0,0,0,0,0,0,0,-32302,0,0,0,0,0,116714,0
114519,1198,6798,-402,106,-75,-910,-2954,-3712,-3202,-30,-6736,36462,167,32,65,0,0,0,0,0,0,0,0,-32302,0,0,0,0,0,116720,0
114524,1856,8466,-644,72,55,-1002,-3780,-3615,-1582,124,-6200,36462,167,32,65,0,0,0,0,0,0,0,0,-32302,0,0,0,0,0,116725,0
114529,1546,9236,-452,45,194,-966,-4540,-3308,-388,154,-5128,36460,167,32,65,0,0,0,0,0,0,0,0,-32302,0,0,0,0,0,116730,0
114534,-658,9118,-118,50,135,-979,-5125,-2473,615,86,-2736,36460,167,32,65,0,0,0,0,0,0,0,0,-32302,0,0,0,0,0,116736,0
114539,-784,8860,46,46,160,-960,-5415,-1132,1729,90,-56,36466,155,32,65,0,0,0,0,0,0,0,0,-32302,0,0,0,0,0,116741,0
114544,-738,7864,16,40,172,-979,-5349,466,3032,428,1856,36466,155,32,65,0,0,0,0,0,0,0,0,-32302,0,0,0,0,0,116747,0
114549,-364,7566,-368,44,145,-1003,-5023,1522,4034,167,3744,36474,140,32,65,0,0,0,0,0,0,0,0,-32301,0,0,0,0,0,116752,0
114554,-210,7690,-590,48,125,-1002,-4557,2101,4204,179,4240,36474,140,32,65,0,0,0,0,0,0,0,0,-32301,0,0,0,0,0,116758,0
114559,-516,7768,-510,52,122,-996,-4039,2282,3412,99,4016,36474,148,32,65,0,0,0,0,0,0,0,0,-32302,0,0,0,0,0,116763,0
114564,-1308,8008,112,59,130,-963,-3525,2251,2121,-26,3576,36474,148,32,65,0,0,0,0,0,0,0,0,-32302,0,0,0,0,0,116768,0
114569,-1494,7934,200,61,134,-946,-3036,2136,897,-123,3104,36475,146,32,65,0,0,0,0,0,0,0,0,-32302,0,0,0,0,0,116774,0
114574,-1524,7894,230,65,120,-925,-2603,1875,69,-1926,-48,36475,146,32,65,0,0,0,0,0,0,0,0,-32301,0,0,0,0,0,116779,0
114579,-1990,7882,134,76,103,-928,-2503,262,-1061,-5129,-2128,36479,147,32,65,0,0,0,0,0,0,0,0,-32300,0,0,0,0,0,116785,0
114584,-1424,7778,-298,92,40,-901,-2693,-918,-2327,-2873,-2584,36479,147,32,65,0,0,0,0,0,0,0,0,-32301,0,0,0,0,0,116791,0
114589,-1202,7684,-266,112,12,-893,-2977,-1271,-3115,-938,-2128,36466,170,32,65,0,0,0,0,0,0,0,0,-32302,0,0,0,0,0,116796,0
114594,-1020,7860,-156,98,-27,-892,-3265,-1260,-2898,-67,-960,36466,170,32,65,0,0,0,0,0,0,0,0,-32302,0,0,0,0,0,116802,0
114599,-1260,8066,-158,110,-55,-886,-3523,-1112,-1797,377,-312,36465,161,32,65,0,0,0,0,0,0,0,0,-32302,0,0,0,0,0,116807,0
114604,-1300,8188,-176,124,-116,-865,-3716,-817,-360,638,-248,36465,161,32,65,0,0,0,0,0,0,0,0,-32301,0,0,0,0,0,116813,0
114609,-1150,8184,-268,125,-138,-862,-3841,-519,455,481,-208,36463,162,32,65,0,0,0,0,0,0,0,0,-32301,0,0,0,0,0,116818,0
114614,-980,8156,-352,128,-149,-856,-3920,-318,780,81,-264,36463,162,32,65,0,0,0,0,0,0,0,0,-32302,0,0,0,0,0,116823,0
114619,-930,8136,-388,123,-158,-853,-3973,-232,810,-277,-312,36480,123,32,65,0,0,0,0,0,0,0,0,-32301,0,0,0,0,0,116829,0
114624,-972,8102,-324,112,-148,-854,-4015,-186,654,-468,-352,36480,123,32,65,0,0,0,0,0,0,0,0,-32302,0,0,0,0,0,116834,0
114629,-942,8154,-314,114,-131,-841,-4044,-121,418,-557,-304,36484,128,32,65,0,0,0,0,0,0,0,0,-32301,0,0,0,0,0,116840,0
114634,-988,8184,-326,103,-107,-843,-4065,-97,251,-621,-296,36484,128,32,65,0,0,0,0,0,0,0,0,-32302,0,0,0,0,0,116845,0
114639,-992,8154,-360,91,-93,-836,-4084,-80,159,-647,-280,36480,139,32,65,0,0,0,0,0,0,0,0,-32302,0,0,0,0,0,116851,0
114644,-1006,8044,-376,76,-47,-832,-4095,-34,113,-666,-264,36480,139,32,65,0,0,0,0,0,0,0,0,-32302,0,0,0,0,0,116856,0
114649,-1048,8010,-392,63,-25,-836,-4099,-12,108,-733,-264,36479,136,32,65,0,0,0,0,0,0,0,0,-32301,0,0,0,0,0,116862,0
114654,-1040,7990,-350,62,-7,-829,-4100,-6,90,-767,-248,36479,136,32,65,0,0,0,0,0,0,0,0,-32301,0,0,0,0,0,116867,0
114659,-1082,7984,-308,56,3,-828,-4104,-16,69,-770,-256,36478,144,32,65,0,0,0,0,0,0,0,0,-32301,0,0,0,0,0,116873,0
114664,-1072,8030,-194,47,24,-831,-4107,-20,34,-753,-264,36478,144,32,65,0,0,0,0,0,0,0,0,-32302,0,0,0,0,0,116878,0
114669,-1042,8078,-194,45,30,-828,-4117,-41,-13,-723,-280,36478,147,32,65,0,0,0,0,0,0,0,0,-32301,0,0,0,0,0,116884,0
114674,-1074,8088,-206,48,21,-824,-4130,-64,-40,-681,-280,36478,147,32,65,0,0,0,0,0,0,0,0,-32302,0,0,0,0,0,116889,0
114679,-1086,8094,-212,48,6,-836,-4142,-54,-45,-648,-256,36479,146,32,65,0,0,0,0,0,0,0,0,-32301,0,0,0,0,0,116895,0
114684,-1110,8102,-262,56,-25,-838,-4149,-23,-21,-668,-232,36479,146,32,65,0,0,0,0,0,0,0,0,-32301,0,0,0,0,0,116900,0
114689,-1156,8070,-250,56,-44,-843,-4148,-5,25,-716,-248,36485,131,32,65,0,0,0,0,0,0,0,0,-32301,0,0,0,0,0,116905,0
114694,-1218,8072,-204,62,-60,-844,-4147,-1,52,-743,-248,36485,131,32,65,0,0,0,0,0,0,0,0,-32301,0,0,0,0,0,116911,0
114699,-1310,8058,-198,71,-78,-848,-4147,-1,53,-737,-248,36489,123,32,65,0,0,0,0,0,0,0,0,-32301,0,0,0,0,0,116917,0
114704,-1264,8108,-168,74,-107,-850,-4147,1,22,-735,-256,36489,123,32,65,0,0,0,0,0,0,0,0,-32301,0,0,0,0,0,116922,0
114709,-1216,8042,-194,71,-110,-852,-4147,0,2,-736,-256,36486,114,32,65,0,0,0,0,0,0,0,0,-32301,0,0,0,0,0,116928,0
114714,-1140,8000,-202,73,-119,-855,-4146,1,2,-735,-256,36486,114,32,65,0,0,0,0,0,0,0,0,-32301,0,0,0,0,0,116933,0
114719,-1182,8028,-248,75,-123,-857,-4147,1,2,-738,-256,36479,116,32,65,0,0,0,0,0,0,0,0,-32301,0,0,0,0,0,116939,0
114724,-1206,8014,-230,67,-124,-861,-4148,0,0,-735,-256,36479,116,32,65,0,0,0,0,0,0,0,0,-32301,0,0,0,0,0,116944,0
114729,-1184,8030,-278,65,-105,-867,-4147,1,-1,-734,-248,36478,124,32,65,0,0,0,0,0,0,0,0,-32301,0,0,0,0,0,116950,0
114734,-1150,8084,-292,57,-91,-866,-4148,-9,-2,-737,-248,36478,124,32,65,0,0,0,0,0,0,0,0,-32301,0,0,0,0,0,116955,0
114739,-1226,8048,-364,53,-76,-869,-4148,-2,0,-733,-248,36477,127,32,65,0,0,0,0,0,0,0,0,-32301,0,0,0,0,0,116961,0
114744,-1294,8076,-242,47,-93,-873,-4146,0,1,-739,-256,36477,127,32,65,0,0,0,0,0,0,0,0,-32301,0,0,0,0,0,116966,0
114749,-1206,8092,-344,39,-82,-874,-4148,-1,-1,-741,-248,36477,124,32,65,0,0,0,0,0,0,0,0,-32301,0,0,0,0,0,116971,0
114754,-1262,8076,-482,29,-59,-876,-4150,-2,-7,-729,-248,36477,124,32,65,0,0,0,0,0,0,0,0,-32301,0,0,0,0,0,116977,0
114759,-1292,8086,-492,20,-55,-878,-4148,1,1,-731,-248,36479,129,32,65,0,0,0,0,0,0,0,0,-32301,0,0,0,0,0,116983,0
114764,-1470,8042,-544,5,-58,-879,-4149,-3,0,-738,-248,36479,129,32,65,0,0,0,0,0,0,0,0,-32301,0,0,0,0,0,116988,0
114769,-1494,8044,-544,-4,-62,-879,-4149,2,-2,-730,-256,36480,141,32,65,0,0,0,0,0,0,0,0,-32301,0,0,0,0,0,116994,0
114774,-1550,8058,-510,-11,-63,-886,-4150,0,-1,-732,-240,36480,141,32,65,0,0,0,0,0,0,0,0,-32301,0,0,0,0,0,116999,0
114779,-1702,7996,-624,-7,-91,-885,-4150,-7,0,-736,-240,36480,145,32,65,0,0,0,0,0,0,0,0,-32301,0,0,0,0,0,117005,0
114784,-1682,8082,-648,-17,-120,-882,-4150,2,-1,-731,-256,36480,145,32,65,0,0,0,0,0,0,0,0,-32301,0,0,0,0,0,117010,0
114789,-1690,8044,-610,-21,-145,-885,-4150,-3,1,-734,-240,36480,147,32,65,0,0,0,0,0,0,0,0,-32301,0,0,0,0,0,117015,0
114794,-1624,8112,-506,-24,-151,-884,-4151,-2,3,-730,-248,36480,147,32,65,0,0,0,0,0,0,0,0,-32302,0,0,0,0,0,117021,0
114799,-1600,8258,-352,-31,-155,-883,-4152,0,-6,-729,-248,36483,137,32,65,0,0,0,0,0,0,0,0,-32301,0,0,0,0,0,117026,0
114804,-1346,8158,-220,-48,-144,-883,-4152,-5,1,-730,-248,36483,137,32,65,0,0,0,0,0,0,0,0,-32301,0,0,0,0,0,117032,0
114809,-1332,8220,-212,-51,-132,-878,-4153,-1,2,-726,-240,36482,136,32,65,0,0,0,0,0,0,0,0,-32301,0,0,0,0,0,117038,0
114814,-1338,8150,-230,-55,-128,-885,-4153,-1,0,-728,-248,36482,136,32,65,0,0,0,0,0,0,0,0,-32301,0,0,0,0,0,117043,0
114819,-1370,8146,-286,-58,-128,-892,-4154,-1,-3,-730,-248,36481,134,32,65,0,0,0,0,0,0,0,0,-32301,0,0,0,0,0,117049,0
114824,-1440,8108,-314,-57,-133,-901,-4153,5,2,-725,-248,36481,134,32,65,0,0,0,0,0,0,0,0,-32301,0,0,0,0,0,117054,0
114829,-1562,8068,-254,-66,-135,-905,-4154,3,4,-725,-248,36477,134,32,65,0,0,0,0,0,0,0,0,-32301,0,0,0,0,0,117059,0
114834,-1560,8050,-214,-61,-140,-913,-4154,3,3,-727,-248,36477,134,32,65,0,0,0,0,0,0,0,0,-32301,0,0,0,0,0,117065,0
114839,-1638,8046,-198,-58,-150,-918,-4155,-7,2,-723,-248,36477,130,32,65,0,0,0,0,0,0,0,0,-32302,0,0,0,0,0,117070,0
114844,-1574,7990,-170,-58,-154,-928,-4155,-1,3,-722,-256,36477,130,32,65,0,0,0,0,0,0,0,0,-32301,0,0,0,0,0,117076,0
114849,-1600,7974,-136,-56,-162,-933,-4156,-1,-7,-727,-256,36480,134,32,65,0,0,0,0,0,0,0,0,-32301,0,0,0,0,0,117081,0
114854,-1594,7956,-136,-56,-163,-945,-4155,2,1,-725,-240,36480,134,32,65,0,0,0,0,0,0,0,0,-32301,0,0,0,0,0,117086,0
114859,-1586,8002,-116,-55,-164,-942,-4156,-2,5,-727,-232,36480,139,32,65,0,0,0,0,0,0,0,0,-32301,0,0,0,0,0,117092,0
114864,-1636,8030,-144,-52,-172,-968,-4157,-9,-2,-726,-240,36480,139,32,65,0,0,0,0,0,0,0,0,-32301,0,0,0,0,0,117097,0
114869,-1632,8022,-158,-54,-172,-967,-4155,2,4,-729,-256,36481,138,32,65,0,0,0,0,0,0,0,0,-32301,0,0,0,0,0,117103,0
114874,-1736,7998,-170,-43,-180,-978,-4156,4,-6,-731,-264,36481,138,32,65,0,0,0,0,0,0,0,0,-32302,0,0,0,0,0,117108,0
114879,-1708,8006,-192,-42,-192,-985,-4157,0,-2,-723,-256,36479,144,32,65,0,0,0,0,0,0,0,0,-32301,0,0,0,0,0,117114,0
114884,-1750,8070,-246,-32,-217,-1000,-4158,0,2,-724,-240,36479,144,32,65,0,0,0,0,0,0,0,0,-32301,0,0,0,0,0,117119,0
114889,-1716,8026,-212,-26,-225,-1007,-4158,-8,1,-722,-240,36478,144,32,65,0,0,0,0,0,0,0,0,-32302,0,0,0,0,0,117125,0
114894,-1718,8098,-214,-27,-233,-1023,-4158,-3,0,-718,-240,36478,144,32,65,0,0,0,0,0,0,0,0,-32301,0,0,0,0,0,117130,0
114899,-1636,8094,-190,-22,-245,-1025,-4158,5,0,-723,-256,36479,142,32,65,0,0,0,0,0,0,0,0,-32302,0,0,0,0,0,117136,0
114904,-1702,8084,-58,-21,-250,-1048,-4159,-8,-1,-732,-248,36479,142,32,65,0,0,0,0,0,0,0,0,-32301,0,0,0,0,0,117141,0
114909,-1772,8096,-82,-21,-256,-1056,-4158,8,2,-720,-256,36481,139,32,65,0,0,0,0,0,0,0,0,-32301,0,0,0,0,0,117147,0
114914,-1818,8114,38,-15,-253,-1065,-4160,-7,-3,-726,-240,36481,139,32,65,0,0,0,0,0,0,0,0,-32301,0,0,0,0,0,117152,0
114919,-1802,8170,-36,-6,-263,-1075,-4158,-1,4,-719,-248,36484,148,32,65,0,0,0,0,0,0,0,0,-32301,0,0,0,0,0,117158,0
114924,-1898,8042,-70,9,-286,-1095,-4159,3,-1,-727,-256,36484,148,32,65,0,0,0,0,0,0,0,0,-32302,0,0,0,0,0,117163,0
114929,-1918,8068,-54,22,-304,-1105,-4160,-1,-2,-723,-248,36485,140,32,65,0,0,0,0,0,0,0,0,-32301,0,0,0,0,0,117169,0
114934,-1938,8056,-34,26,-316,-1117,-4159,5,3,-721,-248,36485,140,32,65,0,0,0,0,0,0,0,0,-32301,0,0,0,0,0,117174,0
114939,-1976,7682,124,49,-342,-1127,-4159,9,3,-721,-264,36483,139,32,65,0,0,0,0,0,0,0,0,-32301,0,0,0,0,0,117179,0
114944,-1928,8054,-16,53,-386,-1150,-4160,-6,3,-723,-240,36483,139,32,65,0,0,0,0,0,0,0,0,-32301,0,0,0,0,0,117185,0
114949,-1910,8104,-22,72,-400,-1156,-4162,-9,-3,-719,-232,36480,136,32,65,0,0,0,0,0,0,0,0,-32301,0,0,0,0,0,117190,0
114954,-1974,8082,-64,84,-421,-1174,-4161,-2,-5,-724,-240,36480,136,32,65,0,0,0,0,0,0,0,0,-32301,0,0,0,0,0,117196,0
114959,-2002,8164,-44,94,-440,-1180,-4160,3,3,-722,-248,36480,141,32,65,0,0,0,0,0,0,0,0,-32301,0,0,0,0,0,117202,0
114964,-2022,8094,-438,101,-464,-1201,-4162,-3,-6,-724,-232,36480,141,32,65,0,0,0,0,0,0,0,0,-32301,0,0,0,0,0,117207,0
114969,-2120,8416,38,122,-499,-1214,-4160,3,5,-719,-248,36478,141,32,65,0,0,0,0,0,0,0,0,-32301,0,0,0,0,0,117212,0
114974,-1826,8384,-288,132,-541,-1232,-4161,4,0,-722,-240,36478,141,32,65,0,0,0,0,0,0,0,0,-32301,0,0,0,0,0,117218,0
114979,-1898,8258,-390,138,-563,-1235,-4160,3,1,-723,-248,36476,142,32,65,0,0,0,0,0,0,0,0,-32301,0,0,0,0,0,117223,0
114984,-2162,8094,-676,143,-609,-1266,-4162,1,3,-725,-232,36476,142,32,65,0,0,0,0,0,0,0,0,-32301,0,0,0,0,0,117229,0
114989,-2114,8480,-302,165,-650,-1284,-4161,-6,1,-720,-232,36475,137,32,65,0,0,0,0,0,0,0,0,-32301,0,0,0,0,0,117234,0
114994,-1858,8524,-604,170,-689,-1296,-4161,2,-3,-722,-232,36475,137,32,65,0,0,0,0,0,0,0,0,-32301,0,0,0,0,0,117240,0
114999,-1918,8506,-686,179,-718,-1318,-4161,0,-4,-722,-240,36481,142,32,65,0,0,0,0,0,0,0,0,-32301,0,0,0,0,0,117245,0
115004,-2028,8378,-660,188,-799,-1348,-4160,3,3,-722,-248,36481,142,32,65,0,0,0,0,0,0,0,0,-32302,0,0,0,0,0,117250,0
115009,-2036,8372,-690,184,-837,-1368,-4162,-5,-2,-726,-232,36480,139,32,65,0,0,0,0,0,0,0,0,-32301,0,0,0,0,0,117256,0
115014,-2042,7994,-612,207,-881,-1391,-4161,-3,-1,-724,-240,36480,139,32,65,0,0,0,0,0,0,0,0,-32301,0,0,0,0,0,117261,0
115019,-2238,7984,-738,213,-933,-1410,-4161,0,1,-722,-240,36479,142,32,65,0,0,0,0,0,0,0,0,-32301,0,0,0,0,0,117267,0
115024,-2200,7948,-522,231,-1002,-1452,-4161,-2,1,-724,-224,36479,142,32,65,0,0,0,0,0,0,0,0,-32301,0,0,0,0,0,117273,0
115029,-2208,8118,-672,243,-1044,-1471,-4160,0,1,-724,-248,36476,147,32,65,0,0,0,0,0,0,0,0,-32302,0,0,0,0,0,117278,0
115034,-2372,8024,-560,233,-1069,-1488,-4160,12,0,-718,-256,36476,147,32,65,0,0,0,0,0,0,0,0,-32301,0,0,0,0,0,117284,0
115039,-2338,8246,-420,254,-1113,-1504,-4161,0,5,-721,-232,36474,133,32,65,0,0,0,0,0,0,0,0,-32301,0,0,0,0,0,117289,0
115044,-2226,8618,-344,258,-1168,-1526,-4161,-3,0,-721,-232,36474,133,32,65,0,0,0,0,0,0,0,0,-32301,0,0,0,0,0,117295,0
115049,-2166,8830,-418,262,-1181,-1535,-4161,-3,-1,-722,-232,36474,129,32,65,0,0,0,0,0,0,0,0,-32301,0,0,0,0,0,117300,0
115054,-2254,8950,-360,254,-1191,-1535,-4160,7,3,-725,-256,36474,129,32,65,0,0,0,0,0,0,0,0,-32302,0,0,0,0,0,117305,0
115059,-2342,9034,-370,244,-1194,-1538,-4160,0,-1,-726,-240,36476,133,32,65,0,0,0,0,0,0,0,0,-32301,0,0,0,0,0,117311,0
115064,-2598,9252,-334,225,-1171,-1530,-4159,1,2,-728,-240,36476,133,32,65,0,0,0,0,0,0,0,0,-32301,0,0,0,0,0,117316,0
115069,-2674,9246,-370,207,-1155,-1507,-4159,3,0,-728,-256,36478,136,32,65,0,0,0,0,0,0,0,0,-32302,0,0,0,0,0,117322,0
115074,-2916,9302,-338,189,-1128,-1506,-4159,-2,4,-731,-248,36478,136,32,65,0,0,0,0,0,0,0,0,-32302,0,0,0,0,0,117327,0
115079,-2688,9126,-252,162,-1110,-1483,-4155,11,-2,-735,-248,36478,135,32,65,0,0,0,0,0,0,0,0,-32302,0,0,0,0,0,117333,0
115084,-2704,8694,-224,122,-1045,-1464,-4155,10,5,-747,-248,36478,135,32,65,0,0,0,0,0,0,0,0,-32301,0,0,0,0,0,117339,0
115089,-2926,8504,-128,107,-1001,-1457,-4152,9,6,-742,-248,36479,134,32,65,0,0,0,0,0,0,0,0,-32301,0,0,0,0,0,117344,0
115094,-3168,8118,4,87,-982,-1439,-4148,14,5,-753,-248,36479,134,32,65,0,0,0,0,0,0,0,0,-32301,0,0,0,0,0,117349,0
115099,-3312,7920,48,57,-950,-1431,-4146,8,6,-759,-248,36480,131,32,65,0,0,0,0,0,0,0,0,-32301,0,0,0,0,0,117355,0
115104,-3520,7460,212,30,-872,-1394,-4143,17,2,-756,-256,36480,131,32,65,0,0,0,0,0,0,0,0,-32301,0,0,0,0,0,117360,0
115109,-3576,7298,336,0,-837,-1375,-4140,12,-2,-765,-264,36486,142,32,65,0,0,0,0,0,0,0,0,-32302,0,0,0,0,0,117366,0
115114,-3622,7092,436,-14,-804,-1351,-4138,9,-2,-764,-256,36486,142,32,65,0,0,0,0,0,0,0,0,-32301,0,0,0,0,0,117371,0
115119,-3652,6936,482,-35,-760,-1321,-4135,16,-3,-765,-256,36486,144,32,65,0,0,0,0,0,0,0,0,-32301,0,0,0,0,0,117377,0
115124,-3718,6524,592,-57,-696,-1277,-4132,14,2,-773,-256,36486,144,32,65,0,0,0,0,0,0,0,0,-32301,0,0,0,0,0,117382,0
115129,-3830,6318,566,-72,-658,-1259,-4129,16,1,-773,-264,36484,141,32,65,0,0,0,0,0,0,0,0,-32301,0,0,0,0,0,117388,0
115134,-3826,6194,562,-86,-628,-1237,-4126,18,5,-778,-256,36484,141,32,65,0,0,0,0,0,0,0,0,-32301,0,0,0,0,0,117393,0
115139,-3728,6204,520,-98,-588,-1220,-4120,28,5,-786,-256,36480,140,32,65,0,0,0,0,0,0,0,0,-32301,0,0,0,0,0,117399,0
115144,-3680,6480,502,-117,-525,-1181,-4114,33,11,-811,-232,36480,140,32,65,0,0,0,0,0,0,0,0,-32302,0,0,0,0,0,117404,0
115149,-3688,6588,534,-125,-509,-1172,-4100,68,30,-843,-224,36481,138,32,65,0,0,0,0,0,0,0,0,-32302,0,0,0,0,0,117410,0
115154,-3640,6662,512,-138,-483,-1162,-4074,121,55,-935,-192,36481,138,32,65,0,0,0,0,0,0,0,0,-32301,0,0,0,0,0,117415,0
115159,-3408,6762,486,-137,-467,-1163,-4043,138,97,-1035,-200,36483,134,32,65,0,0,0,0,0,0,0,0,-32301,0,0,0,0,0,117421,0
115164,-3004,6994,414,-151,-433,-1173,-4002,187,118,-1109,-184,36483,134,32,65,0,0,0,0,0,0,0,0,-32301,0,0,0,0,0,117426,0
115169,-3048,7124,364,-155,-412,-1174,-3952,225,134,-1226,-152,36482,127,32,65,0,0,0,0,0,0,0,0,-32302,0,0,0,0,0,117432,0
115174,-3008,7226,350,-159,-397,-1175,-3889,275,135,-1354,-144,36482,127,32,65,0,0,0,0,0,0,0,0,-32302,0,0,0,0,0,117437,0
115179,-3008,7312,328,-165,-380,-1181,-3816,331,147,-1490,-128,36481,133,32,65,0,0,0,0,0,0,0,0,-32302,0,0,0,0,0,117442,0
115184,-3292,7348,250,-173,-358,-1190,-3732,381,169,-1665,-136,36481,133,32,65,0,0,0,0,0,0,0,0,-32302,0,0,0,0,0,117448,0
115189,-3436,7398,208,-179,-351,-1189,-3635,426,167,-1842,-120,36480,136,32,65,0,0,0,0,0,0,0,0,-32302,0,0,0,0,0,117453,0
115194,-3496,7454,186,-174,-357,-1189,-3525,484,182,-2024,-128,36480,136,32,65,0,0,0,0,0,0,0,0,-32302,0,0,0,0,0,117459,0
115199,-3486,7534,116,-170,-364,-1194,-3407,515,178,-2238,-120,36482,124,32,65,0,0,0,0,0,0,0,0,-32301,0,0,0,0,0,117465,0
115204,-3510,7572,44,-158,-397,-1192,-3285,528,157,-2410,-136,36482,124,32,65,0,0,0,0,0,0,0,0,-32301,0,0,0,0,0,117470,0
115209,-3442,7544,48,-140,-423,-1196,-3161,551,119,-2558,-128,36490,124,32,65,0,0,0,0,0,0,0,0,-32302,0,0,0,0,0,117476,0
115214,-3522,7514,26,-130,-449,-1202,-3036,562,81,-2702,-128,36490,124,32,65,0,0,0,0,0,0,0,0,-32303,0,0,0,0,0,117481,0
115219,-3536,7380,42,-116,-485,-1207,-2904,575,53,-2844,-168,36492,120,32,65,0,0,0,0,0,0,0,0,-32303,0,0,0,0,0,117486,0
115224,-3648,7288,78,-72,-559,-1211,-2774,567,40,-3008,-184,36492,120,32,65,0,0,0,0,0,0,0,0,-32303,0,0,0,0,0,117492,0
115229,-3724,7150,126,-45,-604,-1205,-2646,568,31,-3151,-160,36493,128,32,65,0,0,0,0,0,0,0,0,-32301,0,0,0,0,0,117497,0
115234,-3736,7158,182,-18,-646,-1203,-2512,586,18,-3256,-176,36493,128,32,65,0,0,0,0,0,0,0,0,-32300,0,0,0,0,0,117503,0
115239,-3748,7076,204,8,-690,-1201,-2355,709,28,-2261,1592,36485,127,32,65,0,0,0,0,0,0,0,0,-32302,0,0,0,0,0,117508,0
115244,-1718,7234,276,76,-842,-1363,-2016,1590,401,-111,3648,36485,127,32,65,0,0,0,0,0,0,0,0,-32302,0,0,0,0,0,117514,0
115249,282,7922,190,109,-912,-1572,-1487,2407,1113,-61,5320,36483,131,32,65,0,0,0,0,0,0,0,0,-32301,0,0,0,0,0,117519,0
115254,1330,8630,192,162,-984,-1824,-793,3123,1919,-33,6632,36483,131,32,65,0,0,0,0,0,0,0,0,-32302,0,0,0,0,0,117525,0
115259,2220,9074,146,207,-1047,-1945,48,3762,2449,-54,7736,36478,130,32,65,0,0,0,0,0,0,0,0,-32302,0,0,0,0,0,117531,0
115264,2158,9206,480,304,-1126,-2233,1014,4295,2538,-105,8688,36478,130,32,65,0,0,0,0,0,0,0,0,-32301,0,0,0,0,0,117536,0
115269,1170,9018,580,337,-1144,-2351,2089,4777,2238,-199,9664,36479,133,32,65,0,0,0,0,0,0,0,0,-32302,0,0,0,0,0,117541,0
115274,80,8902,948,382,-1181,-2437,3279,5297,1986,-282,10800,36479,133,32,65,0,0,0,0,0,0,0,0,-32301,0,0,0,0,0,117547,0
115279,-1066,8900,1308,400,-1208,-2544,4605,5887,1862,-309,11928,36481,128,32,65,0,0,0,0,0,0,0,0,-32302,0,0,0,0,0,117552,0
115284,-1842,8622,1414,421,-1238,-2749,6050,6403,1844,-335,12904,36481,128,32,65,0,0,0,0,0,0,0,0,-32302,0,0,0,0,0,117558,0
115289,-1472,8824,1408,441,-1232,-2848,7595,6851,1839,-431,13888,36491,112,32,65,0,0,0,0,0,0,0,0,-32302,0,0,0,0,0,117563,0
115294,-928,8766,1256,454,-1224,-2941,9245,7300,1790,-455,14656,36491,112,32,65,0,0,0,0,0,0,0,0,-32302,0,0,0,0,0,117569,0
115299,-408,8804,1194,440,-1220,-3033,10962,7583,1631,-470,15120,36506,73,32,65,0,0,0,0,0,0,0,0,-32302,0,0,0,0,0,117574,0
115304,-106,8642,914,462,-1205,-3186,12756,7936,1431,-539,15760,36506,73,32,65,0,0,0,0,0,0,0,0,-32302,0,0,0,0,0,117580,0
115309,-294,8226,816,470,-1193,-3267,14601,8128,1245,-554,15912,36522,38,32,65,0,0,0,0,0,0,0,0,-32302,0,0,0,0,0,117585,0
115314,-854,8114,828,497,-1206,-3347,16490,8340,1034,-675,16392,36522,38,32,65,0,0,0,0,0,0,0,0,-32302,0,0,0,0,0,117590,0
115319,-1544,8036,850,515,-1231,-3428,18422,8506,867,-724,16680,36546,-15,32,65,0,0,0,0,0,0,0,0,-32301,0,0,0,0,0,117596,0
115324,-2518,7686,918,585,-1277,-3521,20402,8750,757,-787,17200,36546,-15,32,65,0,0,0,0,0,0,0,0,-32302,0,0,0,0,0,117602,0
115329,-2928,7952,1002,569,-1307,-3578,22446,9012,733,-786,17568,36571,-60,32,65,0,0,0,0,0,0,0,0,-32302,0,0,0,0,0,117607,0
115334,-2828,7898,1010,614,-1343,-3653,24530,9189,757,-886,18008,36571,-60,32,65,0,0,0,0,0,0,0,0,-32302,0,0,0,0,0,117613,0
115339,-2462,8018,974,663,-1387,-3714,26659,9379,776,-946,18328,36599,-132,32,65,0,0,0,0,0,0,0,0,-32302,0,0,0,0,0,117618,0
115344,-2672,8290,660,713,-1454,-3806,28825,9562,730,-927,18696,36599,-132,32,65,0,0,0,0,0,0,0,0,-32302,0,0,0,0,0,117624,0
115349,-2532,7930,970,728,-1465,-3835,31032,9700,680,-934,18688,36621,-198,32,65,0,0,0,0,0,0,0,0,-32302,0,0,0,0,0,117629,0
115354,-2664,8184,754,744,-1503,-3901,33256,9801,580,-1087,19032,36621,-198,32,65,0,0,0,0,0,0,0,0,-32302,0,0,0,0,0,117634,0
115359,-2540,7732,1048,749,-1535,-3930,35484,9799,478,-1121,18968,36647,-256,32,65,0,0,0,0,0,0,0,0,-32302,0,0,0,0,0,117640,0
115364,-3544,7286,1130,822,-1551,-3968,37749,9986,375,-1200,19232,36647,-256,32,65,0,0,0,0,0,0,0,0,-32302,0,0,0,0,0,117645,0
115369,-3300,7098,1548,832,-1532,-3971,40025,10012,302,-1194,19424,36676,-314,32,65,0,0,0,0,0,0,0,0,-32302,0,0,0,0,0,117651,0
115374,-3530,6782,1520,846,-1530,-3986,42324,10126,313,-1336,19432,36676,-314,32,65,0,0,0,0,0,0,0,0,-32302,0,0,0,0,0,117657,0
115379,-3352,7040,1632,826,-1524,-3993,44631,10147,278,-1301,19560,36711,-382,32,65,0,0,0,0,0,0,0,0,-32302,0,0,0,0,0,117662,0
115384,-2608,6850,1770,831,-1509,-3886,46967,10277,313,-1336,19696,36711,-382,32,65,0,0,0,0,0,0,0,0,-32302,0,0,0,0,0,117668,0
115389,-1952,6842,1416,817,-1519,-3727,49285,10200,204,-1420,19648,36740,-449,32,65,0,0,0,0,0,0,0,0,-32302,0,0,0,0,0,117673,0
115394,-1120,7518,1396,858,-1475,-3574,51574,10043,107,-1421,19024,36740,-449,32,65,0,0,0,0,0,0,0,0,-32301,0,0,0,0,0,117679,0
115399,-1196,7600,1296,852,-1460,-3395,53836,9949,-119,-1421,18696,36760,-494,32,65,0,0,0,0,0,0,0,0,-32301,0,0,0,0,0,117684,0
115404,-1448,7854,1238,841,-1359,-3141,56047,9693,-323,-1507,18008,36760,-494,32,65,0,0,0,0,0,0,0,0,-32302,0,0,0,0,0,117689,0
115409,-1366,7262,1094,832,-1273,-2860,58201,9456,-540,-1613,17648,36771,-520,32,65,0,0,0,0,0,0,0,0,-32303,0,0,0,0,0,117695,0
115414,-1396,8288,900,833,-1195,-2583,60284,9128,-717,-1566,16600,36771,-520,32,65,0,0,0,0,0,0,0,0,-32302,0,0,0,0,0,117700,0
115419,-1380,7520,852,838,-1128,-2312,62315,8927,-830,-1633,16216,36784,-517,32,65,0,0,0,0,0,0,0,0,-32302,0,0,0,0,0,117706,0
115424,-2288,8462,920,815,-1019,-1793,64261,8507,-959,-1607,15120,36784,-517,32,65,0,0,0,0,0,0,0,0,-32301,0,0,0,0,0,117712,0
115429,-2614,7964,1016,779,-942,-1551,66124,8163,-1040,-1737,14488,36786,-512,32,65,0,0,0,0,0,0,0,0,-32302,0,0,0,0,0,117717,0
115434,-3598,7880,812,780,-894,-1356,67887,7713,-1179,-1706,13512,36786,-512,32,65,0,0,0,0,0,0,0,0,-32302,0,0,0,0,0,117723,0
115439,-4708,7782,754,755,-826,-1176,69574,7398,-1272,-1738,12928,36781,-498,32,65,0,0,0,0,0,0,0,0,-32301,0,0,0,0,0,117728,0
115444,-6454,7004,932,685,-699,-902,71199,7113,-1303,-1745,12248,36781,-498,32,65,0,0,0,0,0,0,0,0,-32301,0,0,0,0,0,117733,0
115449,-6866,6668,840,671,-637,-803,72745,6774,-1206,-1807,11680,36763,-463,32,65,0,0,0,0,0,0,0,0,-32302,0,0,0,0,0,117739,0
115454,-7414,6550,846,617,-589,-719,74240,6556,-1116,-1855,11504,36763,-463,32,65,0,0,0,0,0,0,0,0,-32302,0,0,0,0,0,117744,0
115459,-8276,6494,960,581,-553,-679,75686,6345,-978,-1791,10920,36752,-427,32,65,0,0,0,0,0,0,0,0,-32302,0,0,0,0,0,117750,0
115464,-10008,5688,1170,492,-513,-714,77090,6160,-883,-1827,10512,36752,-427,32,65,0,0,0,0,0,0,0,0,-32302,0,0,0,0,0,117755,0
115469,-9650,5124,984,510,-514,-625,78477,6103,-725,-1827,10320,36740,-399,32,65,0,0,0,0,0,0,0,0,-32303,0,0,0,0,0,117761,0
115474,-8742,5112,748,479,-523,-458,79833,5935,-561,-1805,10008,36740,-399,32,65,0,0,0,0,0,0,0,0,-32301,0,0,0,0,0,117766,0
115479,-7374,5678,488,500,-559,-264,81133,5697,-521,-1897,9560,36732,-379,32,65,0,0,0,0,0,0,0,0,-32302,0,0,0,0,0,117771,0
115484,-5938,7340,438,485,-553,61,82380,5445,-563,-1858,8816,36732,-379,32,65,0,0,0,0,0,0,0,0,-32302,0,0,0,0,0,117777,0
115489,-6004,7830,406,465,-503,217,83539,5058,-734,-1823,7912,36717,-349,32,65,0,0,0,0,0,0,0,0,-32301,0,0,0,0,0,117782,0
115494,-6030,7598,236,445,-446,415,84391,4682,-1004,-1902,6904,36717,-349,32,65,0,0,0,0,0,0,0,0,-32302,0,0,0,0,0,117788,0
115499,-5842,7646,-16,419,-386,658,85368,4261,-1236,-1897,6016,36700,-314,32,65,0,0,0,0,0,0,0,0,-32303,0,0,0,0,0,117794,0
115504,-5182,7018,-82,372,-249,1217,86246,3819,-1413,-1894,5008,36700,-314,32,65,0,0,0,0,0,0,0,0,-32302,0,0,0,0,0,117800,0
115509,-5162,7002,-214,361,-175,1495,87017,3336,-1526,-1902,3984,36675,-249,32,65,0,0,0,0,0,0,0,0,-32302,0,0,0,0,0,117805,0
115514,-5412,6944,-120,316,-105,1770,87674,2837,-1587,-1930,2888,36675,-249,32,65,0,0,0,0,0,0,0,0,-32303,0,0,0,0,0,117811,0
115519,-5592,6714,-76,293,-57,2048,88214,2322,-1654,-1920,1872,36645,-178,32,65,0,0,0,0,0,0,0,0,-32302,0,0,0,0,0,117816,0
115524,-6440,6776,-120,224,73,2497,88636,1811,-1733,-1915,832,36645,-178,32,65,0,0,0,0,0,0,0,0,-32301,0,0,0,0,0,117822,0
115529,-6832,6536,-146,184,126,2674,88946,1314,-1764,-1954,200,36613,-91,32,65,0,0,0,0,0,0,0,0,-32302,0,0,0,0,0,117827,0
115534,-7492,6250,-12,145,167,2801,89133,766,-1783,-2176,-24,36613,-91,32,65,0,0,0,0,0,0,0,0,-32302,0,0,0,0,0,117833,0
115539,-8004,5546,26,110,219,2952,89200,245,-1799,-2157,-576,36572,-7,32,65,0,0,0,0,0,0,0,0,-32302,0,0,0,0,0,117838,0
115544,-8460,4658,22,60,266,3262,89184,-95,-1739,-1836,-952,36572,-7,32,65,0,0,0,0,0,0,0,0,-32302,0,0,0,0,0,117844,0
115549,-7390,4596,-152,68,257,3490,89134,-234,-1498,-1692,-1192,36533,81,32,65,0,0,0,0,0,0,0,0,-32302,0,0,0,0,0,117849,0
115554,-6494,5434,-350,83,263,3668,89053,-378,-1129,-1703,-1600,36533,81,32,65,0,0,0,0,0,0,0,0,-32302,0,0,0,0,0,117854,0
115559,-6112,6410,-334,90,263,3757,88921,-597,-810,-1745,-2128,36494,151,32,65,0,0,0,0,0,0,0,0,-32302,0,0,0,0,0,117860,0
115564,-6134,7240,-54,65,304,3895,88728,-880,-686,-1738,-2864,36494,151,32,65,0,0,0,0,0,0,0,0,-32300,0,0,0,0,0,117866,0
115569,-6084,7180,180,45,323,4005,88468,-1183,-760,-1751,-3472,36466,202,32,65,0,0,0,0,0,0,0,0,-32302,0,0,0,0,0,117871,0
115574,-5330,6846,-144,47,360,4218,88141,-1464,-907,-1740,-4080,36466,202,32,65,0,0,0,0,0,0,0,0,-32302,0,0,0,0,0,117877,0
115579,-4954,6688,-328,53,366,4440,87751,-1744,-987,-1717,-4648,36441,254,32,65,0,0,0,0,0,0,0,0,-32301,0,0,0,0,0,117882,0
115584,-3628,6364,-472,78,367,4937,87296,-2033,-1005,-1686,-5208,36441,254,32,65,0,0,0,0,0,0,0,0,-32302,0,0,0,0,0,117888,0
115589,-3732,6662,-274,77,389,5169,86775,-2324,-1000,-1659,-5744,36415,315,32,65,0,0,0,0,0,0,0,0,-32302,0,0,0,0,0,117893,0
115594,-3482,6650,-286,77,426,5400,86181,-2645,-1013,-1650,-6496,36415,315,32,65,0,0,0,0,0,0,0,0,-32301,0,0,0,0,0,117898,0
115599,-3384,6746,-134,74,466,5610,85515,-2962,-1048,-1635,-7112,36390,374,32,65,0,0,0,0,0,0,0,0,-32302,0,0,0,0,0,117904,0
115604,-3446,6602,-210,66,541,5953,84781,-3258,-1076,-1594,-7736,36390,374,32,65,0,0,0,0,0,0,0,0,-32302,0,0,0,0,0,117909,0
115609,-3548,6568,-138,55,566,6130,83980,-3553,-1075,-1551,-8384,36366,433,32,65,0,0,0,0,0,0,0,0,-32302,0,0,0,0,0,117915,0
115614,-3704,6550,-16,50,576,6285,83110,-3859,-1060,-1502,-9104,36366,433,32,65,0,0,0,0,0,0,0,0,-32302,0,0,0,0,0,117920,0
115619,-3738,6432,48,62,604,6436,82159,-4214,-1080,-1515,-9712,36346,489,32,65,0,0,0,0,0,0,0,0,-32301,0,0,0,0,0,117926,0
115624,-3750,6310,118,60,650,6746,81136,-4535,-1105,-1508,-10440,36346,489,32,65,0,0,0,0,0,0,0,0,-32302,0,0,0,0,0,117932,0
115629,-3838,6254,-54,45,660,6898,80050,-4801,-1108,-1423,-11032,36327,534,32,65,0,0,0,0,0,0,0,0,-32302,0,0,0,0,0,117937,0
115634,-3862,6226,20,51,675,7037,78894,-5122,-1093,-1411,-11696,36327,534,32,65,0,0,0,0,0,0,0,0,-32301,0,0,0,0,0,117942,0
115639,-3842,6156,126,72,671,7186,77658,-5468,-1088,-1418,-12256,36305,572,32,65,0,0,0,0,0,0,0,0,-32302,0,0,0,0,0,117948,0
115644,-3722,6304,216,94,665,7461,76368,-5693,-1055,-1341,-12696,36305,572,32,65,0,0,0,0,0,0,0,0,-32301,0,0,0,0,0,117953,0
115649,-3754,6400,142,91,655,7587,75027,-5932,-1002,-1249,-13296,36287,598,32,65,0,0,0,0,0,0,0,0,-32301,0,0,0,0,0,117959,0
115654,-3800,6508,210,94,646,7711,73618,-6233,-963,-1263,-13752,36287,598,32,65,0,0,0,0,0,0,0,0,-32302,0,0,0,0,0,117964,0
115659,-3812,6494,258,110,651,7836,72156,-6455,-901,-1223,-14240,36267,621,32,65,0,0,0,0,0,0,0,0,-32302,0,0,0,0,0,117970,0
115664,-3636,6562,356,128,632,8053,70639,-6695,-881,-1176,-14736,36267,621,32,65,0,0,0,0,0,0,0,0,-32302,0,0,0,0,0,117975,0
115669,-3568,6676,276,160,611,8160,69061,-6971,-895,-1170,-15200,36259,635,32,65,0,0,0,0,0,0,0,0,-32303,0,0,0,0,0,117981,0
115674,-3524,6820,270,149,599,8250,67450,-7103,-824,-1100,-15568,36259,635,32,65,0,0,0,0,0,0,0,0,-32303,0,0,0,0,0,117986,0
115679,-3528,6958,294,147,564,8333,65793,-7314,-759,-1038,-16048,36254,643,32,65,0,0,0,0,0,0,0,0,-32302,0,0,0,0,0,117992,0
115684,-3578,7122,330,161,518,8496,64087,-7515,-718,-1056,-16312,36254,643,32,65,0,0,0,0,0,0,0,0,-32302,0,0,0,0,0,117997,0
115689,-3386,7090,402,183,478,8576,62346,-7684,-668,-942,-16648,36253,647,32,65,0,0,0,0,0,0,0,0,-32301,0,0,0,0,0,118003,0
115694,-3334,7136,400,193,448,8655,60549,-7927,-677,-992,-17056,36253,647,32,65,0,0,0,0,0,0,0,0,-32302,0,0,0,0,0,118008,0
115699,-3152,7118,442,207,406,8724,58733,-7997,-649,-880,-17296,36252,642,32,65,0,0,0,0,0,0,0,0,-32302,0,0,0,0,0,118014,0
115704,-3216,7288,492,196,382,8848,56872,-8211,-606,-831,-17600,36252,642,32,65,0,0,0,0,0,0,0,0,-32301,0,0,0,0,0,118019,0
115709,-3204,7278,434,220,352,8910,54985,-8308,-561,-816,-17776,36256,623,32,65,0,0,0,0,0,0,0,0,-32302,0,0,0,0,0,118025,0
115714,-3194,7350,414,207,345,8976,53054,-8513,-535,-763,-18088,36256,623,32,65,0,0,0,0,0,0,0,0,-32302,0,0,0,0,0,118030,0
115719,-3060,7424,440,194,321,9022,51111,-8544,-492,-741,-18080,36276,602,32,65,0,0,0,0,0,0,0,0,-32301,0,0,0,0,0,118036,0
115724,-2686,7768,510,196,312,9063,49143,-8682,-453,-637,-18392,36276,602,32,65,0,0,0,0,0,0,0,0,-32302,0,0,0,0,0,118041,0
115729,-2604,7878,498,182,304,9061,47148,-8775,-393,-637,-18640,36297,570,32,65,0,0,0,0,0,0,0,0,-32302,0,0,0,0,0,118047,0
115734,-2694,8058,428,164,309,9046,45118,-8964,-407,-567,-18976,36297,570,32,65,0,0,0,0,0,0,0,0,-32301,0,0,0,0,0,118052,0
115739,-2706,8192,402,183,301,9014,43067,-9009,-402,-578,-19008,36319,537,32,65,0,0,0,0,0,0,0,0,-32302,0,0,0,0,0,118058,0
115744,-2690,8246,418,135,285,8989,40993,-9145,-426,-491,-19112,36319,537,32,65,0,0,0,0,0,0,0,0,-32301,0,0,0,0,0,118063,0
115749,-2752,8256,280,140,291,8979,38901,-9207,-367,-484,-19216,36323,508,32,65,0,0,0,0,0,0,0,0,-32301,0,0,0,0,0,118069,0
115754,-2792,8234,330,172,289,8962,36785,-9329,-358,-402,-19456,36323,508,32,65,0,0,0,0,0,0,0,0,-32302,0,0,0,0,0,118074,0
115759,-2620,8264,310,154,261,8945,34671,-9288,-264,-407,-19248,36328,483,32,65,0,0,0,0,0,0,0,0,-32302,0,0,0,0,0,118080,0
115764,-2282,8556,328,195,211,8887,32554,-9346,-219,-315,-19320,36328,483,32,65,0,0,0,0,0,0,0,0,-32302,0,0,0,0,0,118085,0
115769,-2074,8768,378,205,182,8838,30434,-9314,-109,-274,-19184,36332,446,32,65,0,0,0,0,0,0,0,0,-32302,0,0,0,0,0,118091,0
115774,-1800,8910,368,166,179,8779,28294,-9436,-111,-197,-19440,36332,446,32,65,0,0,0,0,0,0,0,0,-32302,0,0,0,0,0,118096,0
115779,-1610,9058,298,161,164,8715,26169,-9327,-54,-224,-19152,36350,403,32,65,0,0,0,0,0,0,0,0,-32301,0,0,0,0,0,118101,0
115784,-1382,9102,282,191,134,8541,24032,-9407,-89,-165,-19064,36350,403,32,65,0,0,0,0,0,0,0,0,-32301,0,0,0,0,0,118107,0
115789,-1204,9182,234,211,132,8464,21908,-9342,-4,-117,-19016,36367,360,32,65,0,0,0,0,0,0,0,0,-32302,0,0,0,0,0,118113,0
115794,-1200,9118,154,199,123,8387,19778,-9361,-6,-61,-18936,36367,360,32,65,0,0,0,0,0,0,0,0,-32302,0,0,0,0,0,118118,0
115799,-984,9058,166,208,94,8301,17690,-9173,115,-17,-18640,36389,300,32,65,0,0,0,0,0,0,0,0,-32302,0,0,0,0,0,118124,0
115804,-696,9166,122,215,63,8123,15608,-9162,165,10,-18456,36389,300,32,65,0,0,0,0,0,0,0,0,-32302,0,0,0,0,0,118129,0
115809,-352,9098,144,247,55,8009,13557,-9011,282,65,-18176,36410,260,32,65,0,0,0,0,0,0,0,0,-32302,0,0,0,0,0,118135,0
115814,-148,9130,146,247,44,7910,11507,-9012,274,95,-17976,36410,260,32,65,0,0,0,0,0,0,0,0,-32301,0,0,0,0,0,118140,0
115819,112,9146,114,251,22,7788,9504,-8794,326,156,-17496,36432,220,32,65,0,0,0,0,0,0,0,0,-32301,0,0,0,0,0,118146,0
115824,334,9140,86,264,33,7523,7518,-8728,328,230,-17120,36432,220,32,65,0,0,0,0,0,0,0,0,-32302,0,0,0,0,0,118151,0
115829,420,9060,102,254,47,7403,5575,-8534,418,297,-16792,36452,171,32,65,0,0,0,0,0,0,0,0,-32302,0,0,0,0,0,118156,0
115834,610,9026,158,249,44,7272,3660,-8416,461,360,-16312,36452,171,32,65,0,0,0,0,0,0,0,0,-32302,0,0,0,0,0,118162,0
115839,756,8938,158,281,39,7131,1808,-8119,560,376,-15592,36480,128,32,65,0,0,0,0,0,0,0,0,-32302,0,0,0,0,0,118168,0
115844,988,8770,162,270,34,6842,3,-7925,642,489,-15136,36480,128,32,65,0,0,0,0,0,0,0,0,-32302,0,0,0,0,0,118173,0
115849,1180,8718,126,292,31,6679,-1744,-7663,750,514,-14528,36510,57,32,65,0,0,0,0,0,0,0,0,-32302,0,0,0,0,0,118178,0
115854,1746,8622,174,328,13,6275,-3434,-7419,811,579,-13888,36510,57,32,65,0,0,0,0,0,0,0,0,-32302,0,0,0,0,0,118184,0
115859,15828,8894,1318,350,-291,3856,-5027,-6936,947,429,-12040,36531,14,32,65,0,0,0,0,0,0,0,0,-32302,0,0,0,0,0,118189,0
115864,5218,10350,-570,402,741,1370,-6265,-5248,1689,122,-6872,36531,14,32,65,0,0,0,0,0,0,0,0,-32302,0,0,0,0,0,118195,0
115869,-6560,10396,2448,356,665,1595,-6857,-2278,3587,-4,112,36518,46,32,65,0,0,0,0,0,0,0,0,-32302,0,0,0,0,0,118200,0
115874,-15598,8470,2476,366,454,1932,-6655,1244,6387,400,6056,36518,46,32,65,0,0,0,0,0,0,0,0,-32301,0,0,0,0,0,118206,0
115879,-3840,5296,406,364,392,2355,-5862,3703,8787,515,9672,36492,120,32,65,0,0,0,0,0,0,0,0,-32302,0,0,0,0,0,118211,0
115884,14848,9620,-962,244,215,1670,-4767,4901,9306,505,10424,36492,120,32,65,0,0,0,0,0,0,0,0,-32301,0,0,0,0,0,118217,0
115889,546,9076,-430,279,276,511,-3575,5264,7582,200,9920,36454,212,32,65,0,0,0,0,0,0,0,0,-32302,0,0,0,0,0,118222,0
115894,-5450,5156,-206,372,181,538,-2405,5136,4613,-156,9128,36454,212,32,65,0,0,0,0,0,0,0,0,-32302,0,0,0,0,0,118228,0
115899,-2466,5950,-1010,469,33,408,-1311,4774,1816,-388,8024,36454,198,32,65,0,0,0,0,0,0,0,0,-32302,0,0,0,0,0,118233,0
115904,5246,8482,824,294,22,-1127,-348,4177,-77,-408,6328,36454,198,32,65,0,0,0,0,0,0,0,0,-32302,0,0,0,0,0,118239,0
115909,4264,7812,420,350,91,-1511,444,3410,-1245,-432,4480,36466,161,32,65,0,0,0,0,0,0,0,0,-32302,0,0,0,0,0,118244,0
115914,312,9436,1186,354,117,-2065,1080,2734,-1930,-558,3296,36466,161,32,65,0,0,0,0,0,0,0,0,-32302,0,0,0,0,0,118250,0
115919,-2914,8508,536,405,70,-2267,1612,2301,-2178,-614,-2872,36495,83,32,65,0,0,0,0,0,0,0,0,-32301,0,0,0,0,0,118255,0
115924,-5020,6864,-200,409,-92,-1820,1874,894,-2465,-6207,-4496,36495,83,32,65,0,0,0,0,0,0,0,0,-32303,0,0,0,0,0,118261,0
115929,-5828,6010,1498,288,-104,-1721,1584,-1487,-3552,-7508,-6304,36416,310,32,65,0,0,0,0,0,0,0,0,-32303,0,0,0,0,0,118266,0
115934,-8196,5022,-46,347,-103,-807,1038,-2465,-4553,-4253,-5832,36416,310,32,65,0,0,0,0,0,0,0,0,-32300,0,0,0,0,0,118272,0
115939,-11594,4024,-752,412,-377,410,506,-2306,-4521,-2098,-4536,36338,499,32,65,0,0,0,0,0,0,0,0,-32302,0,0,0,0,0,118277,0
115944,2102,5958,-486,432,-555,1922,61,-1915,-3157,-1256,-4216,36338,499,32,65,0,0,0,0,0,0,0,0,-32302,0,0,0,0,0,118283,0
115949,7032,8024,722,404,-397,1938,-369,-1904,-1005,-1166,-4424,36302,573,32,65,0,0,0,0,0,0,0,0,-32301,0,0,0,0,0,118288,0
115954,7102,10024,446,481,-243,1641,-833,-2060,192,-940,-4448,36302,573,32,65,0,0,0,0,0,0,0,0,-32303,0,0,0,0,0,118294,0
115959,7472,10576,1368,465,-103,1477,-1314,-2115,241,-425,-3800,36333,442,32,65,0,0,0,0,0,0,0,0,-32302,0,0,0,0,0,118300,0
115964,6748,9750,84,466,161,814,-1782,-2053,-49,-7,-2776,36333,442,32,65,0,0,0,0,0,0,0,0,-32302,0,0,0,0,0,118306,0
115969,5514,7740,-798,449,259,409,-2220,-1904,-73,348,-1856,36413,228,32,65,0,0,0,0,0,0,0,0,-32301,0,0,0,0,0,118312,0
115974,5892,7424,48,392,332,135,-2599,-1640,214,657,-1248,36413,228,32,65,0,0,0,0,0,0,0,0,-32302,0,0,0,0,0,118318,0
115979,4566,6594,230,409,395,-35,-2909,-1329,564,647,-744,36442,156,32,65,0,0,0,0,0,0,0,0,-32302,0,0,0,0,0,118323,0
115984,1702,6086,256,436,521,-97,-3152,-1037,813,468,-440,36442,156,32,65,0,0,0,0,0,0,0,0,-32301,0,0,0,0,0,118329,0
115989,566,6128,494,402,554,-63,-3326,-740,975,259,-360,36468,116,32,65,0,0,0,0,0,0,0,0,-32302,0,0,0,0,0,118334,0
115994,-694,5570,384,407,582,72,-3438,-470,1030,-17,-456,36468,116,32,65,0,0,0,0,0,0,0,0,-32301,0,0,0,0,0,118339,0
115999,324,6254,376,407,606,267,-3514,-327,978,-391,-672,36476,110,32,65,0,0,0,0,0,0,0,0,-32302,0,0,0,0,0,118345,0
116004,1548,6340,462,361,623,292,-3589,-342,762,-667,-800,36476,110,32,65,0,0,0,0,0,0,0,0,-32302,0,0,0,0,0,118350,0
116009,3242,6240,788,348,616,53,-3676,-384,452,-648,-776,36472,131,32,65,0,0,0,0,0,0,0,0,-32301,0,0,0,0,0,118356,0
116014,4224,6794,856,318,707,-307,-3765,-392,131,-554,-616,36472,131,32,65,0,0,0,0,0,0,0,0,-32302,0,0,0,0,0,118362,0
116019,2738,7102,-204,372,766,-436,-3844,-345,-28,-469,-448,36469,132,32,65,0,0,0,0,0,0,0,0,-32302,0,0,0,0,0,118367,0
116024,430,7186,636,249,817,-405,-3897,-229,-10,-469,-312,36469,132,32,65,0,0,0,0,0,0,0,0,-32302,0,0,0,0,0,118373,0
116029,172,6324,544,237,825,-533,-3918,-80,167,-437,16,36467,146,32,65,0,0,0,0,0,0,0,0,-32302,0,0,0,0,0,118378,0
116034,1522,5472,466,240,819,-530,-3899,104,340,-59,80,36467,146,32,65,0,0,0,0,0,0,0,0,-32302,0,0,0,0,0,118384,0
116039,1368,5748,-186,245,818,-624,-3846,239,467,26,136,36469,145,32,65,0,0,0,0,0,0,0,0,-32302,0,0,0,0,0,118389,0
116044,2050,5942,232,219,779,-664,-3779,302,499,49,168,36469,145,32,65,0,0,0,0,0,0,0,0,-32302,0,0,0,0,0,118395,0
116049,2356,6022,152,231,763,-698,-3701,334,426,35,176,36474,139,32,65,0,0,0,0,0,0,0,0,-32302,0,0,0,0,0,118400,0
116054,1618,6194,756,201,765,-849,-3623,351,296,21,184,36474,139,32,65,0,0,0,0,0,0,0,0,-32301,0,0,0,0,0,118406,0
116059,2314,6240,346,233,735,-879,-3542,354,162,12,168,36476,133,32,65,0,0,0,0,0,0,0,0,-32302,0,0,0,0,0,118411,0
116064,2562,6318,214,238,672,-1000,-3461,354,73,9,152,36476,133,32,65,0,0,0,0,0,0,0,0,-32302,0,0,0,0,0,118416,0
116069,2578,6212,254,240,647,-1114,-3381,353,25,4,160,36478,138,32,65,0,0,0,0,0,0,0,0,-32302,0,0,0,0,0,118422,0
116074,2766,6086,272,255,632,-1145,-3305,340,3,0,152,36478,138,32,65,0,0,0,0,0,0,0,0,-32302,0,0,0,0,0,118428,0
116079,2752,6250,250,285,627,-1190,-3222,367,-5,0,200,36476,141,32,65,0,0,0,0,0,0,0,0,-32302,0,0,0,0,0,118433,0
116084,2802,6538,304,319,653,-1197,-3127,421,23,6,248,36476,141,32,65,0,0,0,0,0,0,0,0,-32302,0,0,0,0,0,118439,0
116089,2942,6652,266,336,671,-1206,-3017,487,81,7,368,36476,138,32,65,0,0,0,0,0,0,0,0,-32302,0,0,0,0,0,118444,0
116094,3140,6744,248,353,695,-1218,-2896,549,148,24,440,36476,138,32,65,0,0,0,0,0,0,0,0,-32302,0,0,0,0,0,118450,0
116099,3392,6980,260,370,709,-1241,-2762,590,186,24,496,36475,131,32,65,0,0,0,0,0,0,0,0,-32302,0,0,0,0,0,118455,0
116104,3410,7274,286,398,758,-1326,-2619,636,190,13,504,36475,131,32,65,0,0,0,0,0,0,0,0,-32302,0,0,0,0,0,118461,0
116109,3334,7408,270,414,780,-1368,-2468,666,175,-1,544,36477,133,32,65,0,0,0,0,0,0,0,0,-32302,0,0,0,0,0,118466,0
116114,3264,7468,282,416,802,-1407,-2311,695,147,-17,592,36477,133,32,65,0,0,0,0,0,0,0,0,-32302,0,0,0,0,0,118471,0
116119,3188,7514,246,432,809,-1435,-2145,729,125,-29,664,36477,146,32,65,0,0,0,0,0,0,0,0,-32302,0,0,0,0,0,118477,0
116124,3064,7596,218,443,818,-1473,-1974,770,118,-31,728,36477,146,32,65,0,0,0,0,0,0,0,0,-32302,0,0,0,0,0,118483,0
116129,2984,7704,234,445,806,-1490,-1793,792,112,-36,776,36477,139,32,65,0,0,0,0,0,0,0,0,-32302,0,0,0,0,0,118488,0
116134,2934,7832,226,446,788,-1505,-1605,828,112,-44,848,36477,139,32,65,0,0,0,0,0,0,0,0,-32301,0,0,0,0,0,118494,0
116139,2892,7942,194,445,764,-1525,-1409,860,118,-50,912,36479,136,32,65,0,0,0,0,0,0,0,0,-32302,0,0,0,0,0,118499,0
116144,2852,8112,166,441,688,-1570,-1210,881,111,-56,968,36479,136,32,65,0,0,0,0,0,0,0,0,-32302,0,0,0,0,0,118505,0
116149,2842,8140,160,434,647,-1591,-1003,913,100,-60,1016,36483,122,32,65,0,0,0,0,0,0,0,0,-32302,0,0,0,0,0,118510,0
116154,2774,8168,160,430,602,-1612,-791,934,95,-56,1040,36483,122,32,65,0,0,0,0,0,0,0,0,-32301,0,0,0,0,0,118516,0
116159,2810,8146,142,424,548,-1633,-573,959,92,-63,1072,36487,117,32,65,0,0,0,0,0,0,0,0,-32302,0,0,0,0,0,118521,0
116164,2818,8110,180,406,465,-1666,-351,979,89,-74,1104,36487,117,32,65,0,0,0,0,0,0,0,0,-32302,0,0,0,0,0,118527,0
116169,2864,8036,210,398,417,-1683,-123,1001,84,-69,1112,36485,120,32,65,0,0,0,0,0,0,0,0,-32302,0,0,0,0,0,118532,0
116174,2886,7998,240,385,384,-1695,106,1018,69,-78,1128,36485,120,32,65,0,0,0,0,0,0,0,0,-32302,0,0,0,0,0,118537,0
116179,2928,8030,252,370,345,-1713,340,1026,63,-86,1120,36487,122,32,65,0,0,0,0,0,0,0,0,-32302,0,0,0,0,0,118543,0
116184,2896,7970,264,345,296,-1733,573,1033,51,-89,1112,36487,122,32,65,0,0,0,0,0,0,0,0,-32301,0,0,0,0,0,118549,0
116189,3002,7944,286,337,273,-1755,809,1037,39,-94,1104,36482,122,32,65,0,0,0,0,0,0,0,0,-32302,0,0,0,0,0,118554,0
116194,2986,7894,278,331,260,-1762,1044,1034,25,-106,1112,36482,122,32,65,0,0,0,0,0,0,0,0,-32302,0,0,0,0,0,118560,0
116199,3032,7894,296,316,252,-1775,1281,1039,19,-106,1096,36484,122,32,65,0,0,0,0,0,0,0,0,-32302,0,0,0,0,0,118565,0
116204,2942,7890,338,302,244,-1792,1518,1043,11,-116,1120,36484,122,32,65,0,0,0,0,0,0,0,0,-32302,0,0,0,0,0,118571,0
116209,2954,7916,372,289,250,-1798,1753,1037,3,-125,1104,36483,125,32,65,0,0,0,0,0,0,0,0,-32302,0,0,0,0,0,118576,0
116214,2974,7932,362,291,262,-1802,1988,1040,-2,-132,1112,36483,125,32,65,0,0,0,0,0,0,0,0,-32302,0,0,0,0,0,118581,0
116219,2982,7958,344,281,266,-1806,2224,1041,-5,-123,1088,36481,131,32,65,0,0,0,0,0,0,0,0,-32302,0,0,0,0,0,118587,0
116224,3012,8046,318,271,286,-1830,2459,1037,-2,-129,1072,36481,131,32,65,0,0,0,0,0,0,0,0,-32303,0,0,0,0,0,118592,0
116229,2960,8006,302,272,291,-1839,2694,1034,2,-136,1040,36481,129,32,65,0,0,0,0,0,0,0,0,-32302,0,0,0,0,0,118598,0
116234,2954,7984,268,267,305,-1844,2930,1036,1,-134,1016,36481,129,32,65,0,0,0,0,0,0,0,0,-32302,0,0,0,0,0,118604,0
116239,2932,7992,220,267,317,-1849,3165,1033,2,-150,1016,36478,122,32,65,0,0,0,0,0,0,0,0,-32302,0,0,0,0,0,118609,0
116244,2910,8018,228,267,338,-1861,3400,1034,0,-154,1008,36478,122,32,65,0,0,0,0,0,0,0,0,-32302,0,0,0,0,0,118615,0
116249,2892,8118,222,265,352,-1875,3637,1035,-1,-152,1000,36481,115,32,65,0,0,0,0,0,0,0,0,-32301,0,0,0,0,0,118620,0
116254,2866,8138,238,268,363,-1874,3872,1039,2,-151,976,36481,115,32,65,0,0,0,0,0,0,0,0,-32302,0,0,0,0,0,118626,0
116259,2850,8198,198,277,378,-1876,4108,1037,1,-160,952,36482,121,32,65,0,0,0,0,0,0,0,0,-32302,0,0,0,0,0,118631,0
116264,2804,8174,102,271,393,-1878,4343,1035,2,-172,944,36482,121,32,65,0,0,0,0,0,0,0,0,-32302,0,0,0,0,0,118636,0
116269,2834,8180,56,272,403,-1874,4576,1026,-1,-173,896,36486,123,32,65,0,0,0,0,0,0,0,0,-32302,0,0,0,0,0,118642,0
116274,2832,8204,30,276,414,-1874,4810,1031,-5,-174,896,36486,123,32,65,0,0,0,0,0,0,0,0,-32302,0,0,0,0,0,118647,0
116279,2810,8182,74,281,428,-1876,5042,1018,-11,-184,864,36489,125,32,65,0,0,0,0,0,0,0,0,-32302,0,0,0,0,0,118653,0
116284,2996,8518,56,294,447,-1808,5271,1007,-14,-195,840,36489,125,32,65,0,0,0,0,0,0,0,0,-32302,0,0,0,0,0,118658,0
116289,5454,10822,1036,228,446,-1360,5492,967,-29,-183,704,36488,129,32,65,0,0,0,0,0,0,0,0,-32302,0,0,0,0,0,118664,0
116294,6482,11248,1632,197,443,-983,5695,876,-73,-172,432,36488,129,32,65,0,0,0,0,0,0,0,0,-32302,0,0,0,0,0,118669,0
116299,8440,11412,2748,104,499,-242,5869,752,-162,-202,224,36486,132,32,65,0,0,0,0,0,0,0,0,-32301,0,0,0,0,0,118675,0
116304,7558,11978,3992,-74,595,245,6004,579,-286,-264,64,36486,132,32,65,0,0,0,0,0,0,0,0,-32302,0,0,0,0,0,118681,0
116309,5976,10800,3050,-68,650,-430,6091,368,-436,-339,-40,36486,126,32,65,0,0,0,0,0,0,0,0,-32302,0,0,0,0,0,118686,0
116314,5270,11630,2920,-132,668,-824,6128,139,-576,-314,-72,36486,126,32,65,0,0,0,0,0,0,0,0,-32301,0,0,0,0,0,118692,0
116319,5358,11086,812,-83,601,-586,6130,-9,-656,-219,-64,36486,124,32,65,0,0,0,0,0,0,0,0,-32302,0,0,0,0,0,118697,0
116324,3110,9024,-938,-54,461,-737,6122,-35,-623,-165,-64,36486,124,32,65,0,0,0,0,0,0,0,0,-32301,0,0,0,0,0,118702,0
116329,3044,8404,-1138,-18,420,-913,6118,-8,-458,-169,-40,36487,127,32,65,0,0,0,0,0,0,0,0,-32302,0,0,0,0,0,118708,0
116334,3262,8274,-788,36,394,-820,6121,12,-234,-166,-40,36487,127,32,65,0,0,0,0,0,0,0,0,-32302,0,0,0,0,0,118713,0
116339,2872,8034,-52,46,417,-790,6122,4,-49,-167,-40,36484,134,32,65,0,0,0,0,0,0,0,0,-32301,0,0,0,0,0,118719,0
116344,2216,7624,1200,46,569,-861,6127,19,36,-165,-32,36484,134,32,65,0,0,0,0,0,0,0,0,-32302,0,0,0,0,0,118725,0
116349,1584,7512,1398,47,603,-796,6136,39,42,-167,-32,36480,131,32,65,0,0,0,0,0,0,0,0,-32302,0,0,0,0,0,118730,0
116354,1240,7080,1134,57,619,-757,6146,39,41,-166,-24,36480,131,32,65,0,0,0,0,0,0,0,0,-32301,0,0,0,0,0,118736,0
116359,1118,6844,964,71,623,-764,6158,49,38,-166,-40,36482,131,32,65,0,0,0,0,0,0,0,0,-32302,0,0,0,0,0,118741,0
116364,1250,7212,290,93,582,-754,6166,34,22,-165,-32,36482,131,32,65,0,0,0,0,0,0,0,0,-32302,0,0,0,0,0,118747,0
116369,1740,7368,274,109,556,-748,6175,36,12,-165,-32,36485,129,32,65,0,0,0,0,0,0,0,0,-32302,0,0,0,0,0,118752,0
116374,2174,7602,362,128,546,-771,6185,42,-5,-168,-32,36485,129,32,65,0,0,0,0,0,0,0,0,-32302,0,0,0,0,0,118758,0
116379,2590,7926,532,140,536,-786,6194,38,6,-167,-32,36487,132,32,65,0,0,0,0,0,0,0,0,-32302,0,0,0,0,0,118763,0
116384,3154,8064,826,151,533,-826,6204,25,2,-167,-48,36487,132,32,65,0,0,0,0,0,0,0,0,-32301,0,0,0,0,0,118769,0
116389,3100,8094,876,164,540,-856,6203,-7,-16,-165,-48,36482,129,32,65,0,0,0,0,0,0,0,0,-32302,0,0,0,0,0,118775,0
116394,2916,8094,810,166,535,-872,6204,2,-32,-168,-40,36482,129,32,65,0,0,0,0,0,0,0,0,-32302,0,0,0,0,0,118780,0
116399,2628,7948,674,178,528,-889,6203,-1,-44,-164,-40,36482,120,32,65,0,0,0,0,0,0,0,0,-32302,0,0,0,0,0,118785,0
116404,1940,7812,408,201,513,-914,6205,3,-32,-164,-32,36482,120,32,65,0,0,0,0,0,0,0,0,-32302,0,0,0,0,0,118791,0
116409,1656,7768,332,199,503,-907,6206,9,-10,-165,-40,36483,110,32,65,0,0,0,0,0,0,0,0,-32302,0,0,0,0,0,118796,0
116414,1390,7670,286,211,503,-910,6209,17,10,-163,-32,36483,110,32,65,0,0,0,0,0,0,0,0,-32301,0,0,0,0,0,118802,0
116419,1212,7662,264,214,493,-894,6212,13,13,-165,-40,36483,117,32,65,0,0,0,0,0,0,0,0,-32301,0,0,0,0,0,118807,0
116424,1082,7782,196,213,481,-872,6215,6,12,-164,-48,36483,117,32,65,0,0,0,0,0,0,0,0,-32302,0,0,0,0,0,118813,0
116429,1108,7860,184,218,467,-868,6216,2,-1,-165,-48,36483,123,32,65,0,0,0,0,0,0,0,0,-32302,0,0,0,0,0,118818,0
116434,1142,7928,112,210,450,-862,6216,5,-8,-166,-48,36483,123,32,65,0,0,0,0,0,0,0,0,-32302,0,0,0,0,0,118824,0
116439,1232,8008,22,210,440,-853,6215,4,-15,-167,-48,36482,129,32,65,0,0,0,0,0,0,0,0,-32301,0,0,0,0,0,118829,0
116444,1422,8038,-116,191,400,-844,6213,-10,-13,-166,-48,36482,129,32,65,0,0,0,0,0,0,0,0,-32302,0,0,0,0,0,118834,0
116449,1428,8022,-164,185,384,-837,6212,-11,-12,-171,-40,36483,127,32,65,0,0,0,0,0,0,0,0,-32302,0,0,0,0,0,118840,0
116454,1478,7966,-192,178,372,-845,6213,2,-7,-165,-48,36483,127,32,65,0,0,0,0,0,0,0,0,-32302,0,0,0,0,0,118845,0
116459,1460,7904,-232,164,366,-831,6212,0,-3,-162,-40,36485,127,32,65,0,0,0,0,0,0,0,0,-32302,0,0,0,0,0,118851,0
116464,1356,7742,-218,143,351,-824,6209,-7,-1,-166,-40,36485,127,32,65,0,0,0,0,0,0,0,0,-32302,0,0,0,0,0,118856,0
116469,1298,7640,-186,135,352,-816,6207,-12,-5,-164,-40,36486,128,32,65,0,0,0,0,0,0,0,0,-32301,0,0,0,0,0,118862,0
116474,1160,7580,-138,129,347,-801,6208,0,-4,-167,-40,36486,128,32,65,0,0,0,0,0,0,0,0,-32302,0,0,0,0,0,118868,0
116479,1112,7532,-76,117,353,-793,6204,-9,2,-166,-40,36486,129,32,65,0,0,0,0,0,0,0,0,-32302,0,0,0,0,0,118873,0
116484,956,7438,-24,102,348,-752,6205,-3,3,-164,-40,36486,129,32,65,0,0,0,0,0,0,0,0,-32302,0,0,0,0,0,118878,0
116489,852,7418,-16,96,350,-742,6202,-9,0,-164,-48,36486,124,32,65,0,0,0,0,0,0,0,0,-32302,0,0,0,0,0,118884,0
116494,806,7332,-36,88,337,-717,6200,-3,2,-167,-40,36486,124,32,65,0,0,0,0,0,0,0,0,-32302,0,0,0,0,0,118889,0
116499,758,7274,-58,82,335,-692,6199,-9,-4,-164,-48,36483,115,32,65,0,0,0,0,0,0,0,0,-32302,0,0,0,0,0,118895,0
116504,20,6252,-156,59,377,-602,6195,-11,-4,-164,-48,36483,115,32,65,0,0,0,0,0,0,0,0,-32302,0,0,0,0,0,118901,0
116509,-818,5200,-208,56,414,-522,6192,-20,-1,-165,-56,36483,119,32,65,0,0,0,0,0,0,0,0,-32302,0,0,0,0,0,118907,0
116514,-1276,5014,-126,64,466,-431,6188,-20,-7,-164,-56,36483,119,32,65,0,0,0,0,0,0,0,0,-32302,0,0,0,0,0,118912,0
116519,-738,6316,-80,67,507,-394,6172,-68,-38,-155,-104,36481,126,32,65,0,0,0,0,0,0,0,0,-32302,0,0,0,0,0,118918,0
116524,3304,9716,186,65,530,-442,6128,-214,-114,-133,-256,36481,126,32,65,0,0,0,0,0,0,0,0,-32302,0,0,0,0,0,118923,0
116529,4490,10090,286,59,512,-510,6031,-449,-285,-126,-704,36479,132,32,65,0,0,0,0,0,0,0,0,-32302,0,0,0,0,0,118929,0
116534,4566,9666,352,51,499,-571,5873,-718,-516,-116,-1432,36479,132,32,65,0,0,0,0,0,0,0,0,-32302,0,0,0,0,0,118934,0
116539,3686,8962,356,53,496,-610,5653,-987,-733,-130,-1992,36480,141,32,65,0,0,0,0,0,0,0,0,-32302,0,0,0,0,0,118940,0
116544,1338,8384,308,66,499,-638,5386,-1191,-849,-144,-2344,36480,141,32,65,0,0,0,0,0,0,0,0,-32302,0,0,0,0,0,118945,0
116549,782,8684,366,68,499,-634,5085,-1341,-811,-137,-2552,36481,147,32,65,0,0,0,0,0,0,0,0,-32302,0,0,0,0,0,118951,0
116554,636,8994,432,71,494,-625,4764,-1418,-677,-136,-2616,36481,147,32,65,0,0,0,0,0,0,0,0,-32302,0,0,0,0,0,118956,0
116559,512,9080,480,74,480,-622,4431,-1464,-493,-113,-2616,36481,145,32,65,0,0,0,0,0,0,0,0,-32302,0,0,0,0,0,118962,0
116564,494,8856,638,98,440,-625,4096,-1476,-306,-97,-2592,36481,145,32,65,0,0,0,0,0,0,0,0,-32301,0,0,0,0,0,118967,0
116569,322,8752,744,106,428,-607,3766,-1457,-154,-74,-2520,36485,154,32,65,0,0,0,0,0,0,0,0,-32302,0,0,0,0,0,118973,0
116574,198,8636,784,120,422,-594,3443,-1416,-33,-66,-2392,36485,154,32,65,0,0,0,0,0,0,0,0,-32302,0,0,0,0,0,118978,0
116579,132,8404,768,129,418,-576,3128,-1374,41,-57,-2288,36484,148,32,65,0,0,0,0,0,0,0,0,-32301,0,0,0,0,0,118984,0
116584,356,7998,578,146,407,-548,2821,-1353,94,-43,-2248,36484,148,32,65,0,0,0,0,0,0,0,0,-32302,0,0,0,0,0,118989,0
116589,600,7858,582,169,411,-527,2515,-1344,106,-39,-2224,36484,144,32,65,0,0,0,0,0,0,0,0,-32302,0,0,0,0,0,118995,0
116594,746,7712,634,176,407,-514,2207,-1355,69,-30,-2272,36484,144,32,65,0,0,0,0,0,0,0,0,-32302,0,0,0,0,0,119000,0
116599,882,7676,674,195,409,-500,1891,-1400,9,-20,-2384,36478,131,32,65,0,0,0,0,0,0,0,0,-32302,0,0,0,0,0,119006,0
116604,828,7540,808,214,421,-474,1563,-1449,-58,-18,-2488,36478,131,32,65,0,0,0,0,0,0,0,0,-32302,0,0,0,0,0,119011,0
116609,690,7594,778,230,424,-454,1214,-1537,-141,-2,-2696,36477,132,32,65,0,0,0,0,0,0,0,0,-32301,0,0,0,0,0,119017,0
116614,504,7712,794,238,424,-427,844,-1632,-218,-4,-2888,36477,132,32,65,0,0,0,0,0,0,0,0,-32302,0,0,0,0,0,119022,0
116619,286,7784,738,249,419,-403,451,-1741,-281,4,-3104,36478,136,32,65,0,0,0,0,0,0,0,0,-32302,0,0,0,0,0,119027,0
116624,-344,7964,650,268,371,-335,32,-1849,-328,3,-3288,36478,136,32,65,0,0,0,0,0,0,0,0,-32302,0,0,0,0,0,119033,0
116629,-594,7988,574,276,352,-294,-408,-1948,-358,17,-3472,36479,140,32,65,0,0,0,0,0,0,0,0,-32302,0,0,0,0,0,119038,0
116634,-878,7974,594,288,323,-249,-869,-2036,-356,31,-3608,36479,140,32,65,0,0,0,0,0,0,0,0,-32302,0,0,0,0,0,119044,0
116639,-982,8140,600,301,295,-198,-1349,-2122,-339,49,-3760,36479,139,32,65,0,0,0,0,0,0,0,0,-32301,0,0,0,0,0,119050,0
116644,-1236,8198,542,315,241,-98,-1849,-2208,-322,65,-3960,36479,139,32,65,0,0,0,0,0,0,0,0,-32301,0,0,0,0,0,119055,0
116649,1018,7732,738,350,131,-447,-2367,-2290,-303,69,-4040,36479,131,32,65,0,0,0,0,0,0,0,0,-32301,0,0,0,0,0,119061,0
116654,8840,8254,782,321,96,-512,-2882,-2261,-242,47,-3816,36479,131,32,65,0,0,0,0,0,0,0,0,-32301,0,0,0,0,0,119066,0
116659,10814,7230,420,300,170,-617,-3377,-2174,-116,55,-3504,36480,128,32,65,0,0,0,0,0,0,0,0,-32302,0,0,0,0,0,119072,0
116664,6532,7046,-350,318,241,-750,-3841,-2024,77,74,-3072,36480,128,32,65,0,0,0,0,0,0,0,0,-32302,0,0,0,0,0,119077,0
116669,3376,8386,-500,344,269,-775,-4247,-1753,334,65,-2296,36486,128,32,65,0,0,0,0,0,0,0,0,-32302,0,0,0,0,0,119082,0
116674,588,8976,690,319,289,-808,-4540,-1212,700,11,-816,36486,128,32,65,0,0,0,0,0,0,0,0,-32302,0,0,0,0,0,119088,0
116679,-670,8928,378,331,300,-795,-4658,-438,1244,180,288,36485,132,32,65,0,0,0,0,0,0,0,0,-32302,0,0,0,0,0,119093,0
116684,-1712,9224,212,310,210,-776,-4579,430,1899,346,840,36485,132,32,65,0,0,0,0,0,0,0,0,-32302,0,0,0,0,0,119099,0
116689,-1436,9370,-308,307,155,-783,-4376,934,2322,64,1880,36484,133,32,65,0,0,0,0,0,0,0,0,-32302,0,0,0,0,0,119104,0
116694,-748,9462,-238,286,92,-779,-4109,1191,2269,109,2144,36484,133,32,65,0,0,0,0,0,0,0,0,-32302,0,0,0,0,0,119110,0
116699,850,8950,-538,276,25,-781,-3820,1271,1737,97,2064,36478,134,32,65,0,0,0,0,0,0,0,0,-32301,0,0,0,0,0,119115,0
116704,2962,8020,-640,239,-40,-822,-3535,1253,1012,49,1872,36478,134,32,65,0,0,0,0,0,0,0,0,-32302,0,0,0,0,0,119121,0
116709,2886,7718,-592,224,-61,-844,-3260,1193,401,23,1616,36478,128,32,65,0,0,0,0,0,0,0,0,-32302,0,0,0,0,0,119126,0
116714,2188,7754,-592,214,-63,-858,-3005,1118,34,-6,1400,36478,128,32,65,0,0,0,0,0,0,0,0,-32301,0,0,0,0,0,119132,0
116719,1270,7958,-246,198,-64,-876,-2774,1007,-177,-20,1104,36481,120,32,65,0,0,0,0,0,0,0,0,-32302,0,0,0,0,0,119137,0
116724,338,8216,-218,177,-44,-879,-2574,866,-295,-18,728,36481,120,32,65,0,0,0,0,0,0,0,0,-32302,0,0,0,0,0,119143,0
116729,314,8286,-122,157,-34,-875,-2412,693,-399,-8,288,36481,116,32,65,0,0,0,0,0,0,0,0,-32302,0,0,0,0,0,119148,0
116734,430,8392,-366,151,-15,-874,-2308,436,-523,-117,64,36481,116,32,65,0,0,0,0,0,0,0,0,-32302,0,0,0,0,0,119151,0
116739,472,8388,-428,139,0,-870,-2281,90,-714,-205,-40,36480,117,32,65,0,0,0,0,0,0,0,0,-32301,0,0,0,0,0,119155,0
116744,758,8400,-442,111,13,-864,-2312,-161,-861,-51,-104,36480,117,32,65,0,0,0,0,0,0,0,0,-32302,0,0,0,0,0,119161,0
116749,996,8374,-392,105,19,-870,-2368,-256,-875,-9,-144,36474,120,32,65,0,0,0,0,0,0,0,0,-32302,0,0,0,0,0,119167,0
116754,1126,8242,-306,92,25,-869,-2439,-311,-728,-9,-176,36474,120,32,65,0,0,0,0,0,0,0,0,-32302,0,0,0,0,0,119172,0
116759,1164,8140,-214,81,22,-877,-2516,-340,-478,-5,-160,36470,122,32,65,0,0,0,0,0,0,0,0,-32302,0,0,0,0,0,119178,0
116764,914,7942,-86,66,32,-880,-2590,-327,-229,12,-144,36470,122,32,65,0,0,0,0,0,0,0,0,-32301,0,0,0,0,0,119183,0
116769,766,7874,-20,65,49,-878,-2660,-298,-80,15,-104,36472,131,32,65,0,0,0,0,0,0,0,0,-32302,0,0,0,0,0,119189,0
116774,696,7792,14,57,53,-870,-2714,-232,25,36,-72,36472,131,32,65,0,0,0,0,0,0,0,0,-32301,0,0,0,0,0,119194,0
116779,604,7794,-8,58,61,-867,-2752,-159,126,37,-48,36481,137,32,65,0,0,0,0,0,0,0,0,-32302,0,0,0,0,0,119200,0
116784,342,7718,20,49,66,-854,-2781,-114,178,20,-32,36481,137,32,65,0,0,0,0,0,0,0,0,-32302,0,0,0,0,0,119205,0
116789,222,7696,120,42,66,-835,-2786,-17,224,3,8,36485,135,32,65,0,0,0,0,0,0,0,0,-32302,0,0,0,0,0,119211,0
116794,154,7800,246,41,64,-822,-2780,31,237,1,16,36485,135,32,65,0,0,0,0,0,0,0,0,-32302,0,0,0,0,0,119216,0
116799,82,7714,192,48,56,-811,-2772,36,206,6,16,36486,127,32,65,0,0,0,0,0,0,0,0,-32301,0,0,0,0,0,119222,0
116804,-4,7860,304,50,48,-785,-2768,11,141,9,0,36486,127,32,65,0,0,0,0,0,0,0,0,-32302,0,0,0,0,0,119227,0
116809,-14,7914,310,58,40,-770,-2770,-2,49,4,0,36482,127,32,65,0,0,0,0,0,0,0,0,-32302,0,0,0,0,0,119233,0
116814,-84,7936,338,58,39,-761,-2770,1,-17,5,0,36482,127,32,65,0,0,0,0,0,0,0,0,-32302,0,0,0,0,0,119238,0
116819,-48,7962,356,66,38,-751,-2770,0,-30,5,0,36481,132,32,65,0,0,0,0,0,0,0,0,-32302,0,0,0,0,0,119244,0
116824,32,8110,384,78,41,-728,-2770,-4,-15,6,0,36481,132,32,65,0,0,0,0,0,0,0,0,-32302,0,0,0,0,0,119249,0
116829,50,8158,442,78,54,-721,-2769,4,3,6,0,36479,130,32,65,0,0,0,0,0,0,0,0,-32302,0,0,0,0,0,119255,0
116834,118,8182,442,87,60,-709,-2770,-2,-3,6,0,36479,130,32,65,0,0,0,0,0,0,0,0,-32301,0,0,0,0,0,119260,0
116839,198,8208,498,102,63,-701,-2770,3,1,6,0,36478,132,32,65,0,0,0,0,0,0,0,0,-32302,0,0,0,0,0,119266,0
116844,378,8312,488,112,88,-697,-2770,0,-1,6,0,36478,132,32,65,0,0,0,0,0,0,0,0,-32302,0,0,0,0,0,119271,0
116849,472,8296,502,124,92,-695,-2770,-4,0,7,0,36480,130,32,65,0,0,0,0,0,0,0,0,-32301,0,0,0,0,0,119276,0
116854,544,8338,520,130,111,-699,-2770,-2,1,5,0,36480,130,32,65,0,0,0,0,0,0,0,0,-32302,0,0,0,0,0,119282,0
116859,582,8338,510,139,120,-702,-2770,-9,-1,3,0,36480,126,32,65,0,0,0,0,0,0,0,0,-32302,0,0,0,0,0,119288,0
116864,608,8284,516,157,144,-711,-2769,3,0,5,0,36480,126,32,65,0,0,0,0,0,0,0,0,-32302,0,0,0,0,0,119293,0
116869,616,8266,520,169,151,-715,-2770,0,-1,5,0,36480,130,32,65,0,0,0,0,0,0,0,0,-32302,0,0,0,0,0,119299,0
116874,628,8238,472,184,155,-727,-2769,0,3,6,0,36480,130,32,65,0,0,0,0,0,0,0,0,-32302,0,0,0,0,0,119304,0
116879,746,8200,428,182,161,-734,-2770,-1,0,7,0,36484,126,32,65,0,0,0,0,0,0,0,0,-32302,0,0,0,0,0,119310,0
116884,714,8098,390,199,150,-758,-2770,0,-2,3,0,36484,126,32,65,0,0,0,0,0,0,0,0,-32302,0,0,0,0,0,119315,0
116889,734,8126,352,209,137,-768,-2771,1,6,6,0,36483,128,32,65,0,0,0,0,0,0,0,0,-32302,0,0,0,0,0,119321,0
116894,728,8140,342,214,115,-781,-2770,-7,-2,8,0,36483,128,32,65,0,0,0,0,0,0,0,0,-32302,0,0,0,0,0,119326,0
116899,706,8182,310,213,99,-801,-2770,0,2,6,8,36482,126,32,65,0,0,0,0,0,0,0,0,-32302,0,0,0,0,0,119331,0
116904,660,8286,240,220,52,-827,-2770,-1,-2,7,-8,36482,126,32,65,0,0,0,0,0,0,0,0,-32302,0,0,0,0,0,119337,0
116909,558,8278,180,225,21,-843,-2770,0,1,5,0,36481,129,32,65,0,0,0,0,0,0,0,0,-32302,0,0,0,0,0,119343,0
116914,502,8300,132,231,-10,-856,-2770,0,-2,6,0,36481,129,32,65,0,0,0,0,0,0,0,0,-32302,0,0,0,0,0,119348,0
116919,452,8328,106,231,-37,-872,-2770,-5,-1,5,0,36480,134,32,65,0,0,0,0,0,0,0,0,-32301,0,0,0,0,0,119354,0
116924,446,8298,102,231,-92,-899,-2771,5,-4,5,0,36480,134,32,65,0,0,0,0,0,0,0,0,-32302,0,0,0,0,0,119359,0
116929,400,8326,118,232,-114,-911,-2771,-9,-6,6,0,36481,139,32,65,0,0,0,0,0,0,0,0,-32302,0,0,0,0,0,119365,0
116934,372,8282,110,230,-145,-926,-2771,-4,-1,5,0,36481,139,32,65,0,0,0,0,0,0,0,0,-32302,0,0,0,0,0,119370,0
116939,362,8224,26,227,-165,-938,-2770,1,-2,6,0,36479,136,32,65,0,0,0,0,0,0,0,0,-32301,0,0,0,0,0,119376,0
116944,360,8174,-28,234,-205,-959,-2770,5,1,8,0,36479,136,32,65,0,0,0,0,0,0,0,0,-32302,0,0,0,0,0,119381,0
116949,348,8164,16,229,-221,-974,-2769,5,2,7,0,36479,129,32,65,0,0,0,0,0,0,0,0,-32302,0,0,0,0,0,119386,0
116954,342,8190,34,228,-236,-979,-2771,-5,-2,4,0,36479,129,32,65,0,0,0,0,0,0,0,0,-32301,0,0,0,0,0,119392,0
116959,318,8168,6,221,-245,-992,-2771,-10,-1,4,0,36479,134,32,65,0,0,0,0,0,0,0,0,-32302,0,0,0,0,0,119397,0
116964,164,8278,18,222,-244,-1011,-2771,-5,-3,4,0,36479,134,32,65,0,0,0,0,0,0,0,0,-32302,0,0,0,0,0,119403,0
116969,-384,8712,16,220,-233,-1029,-2771,-7,-7,5,0,36480,134,32,65,0,0,0,0,0,0,0,0,-32302,0,0,0,0,0,119409,0
116974,-860,9140,96,220,-214,-1041,-2770,0,0,6,0,36480,134,32,65,0,0,0,0,0,0,0,0,-32301,0,0,0,0,0,119415,0
116979,-1020,9262,96,218,-206,-1041,-2770,0,0,6,8,36477,137,32,65,0,0,0,0,0,0,0,0,-32301,0,0,0,0,0,119420,0
116984,-168,8756,-70,215,-171,-1022,-2768,3,2,6,0,36477,137,32,65,0,0,0,0,0,0,0,0,-32301,0,0,0,0,0,119426,0
116989,264,8472,-124,216,-162,-1019,-2771,-3,-4,4,8,36479,138,32,65,0,0,0,0,0,0,0,0,-32302,0,0,0,0,0,119431,0
116994,484,8168,-160,201,-152,-1024,-2769,1,0,6,0,36479,138,32,65,0,0,0,0,0,0,0,0,-32302,0,0,0,0,0,119436,0
116999,502,8046,-70,207,-137,-1045,-2769,0,-4,5,0,36488,139,32,65,0,0,0,0,0,0,0,0,-32301,0,0,0,0,0,119442,0
117004,-98,8150,82,200,-103,-1043,-2771,-6,-3,6,0,36488,139,32,65,0,0,0,0,0,0,0,0,-32302,0,0,0,0,0,119448,0
117009,-486,8238,158,193,-88,-1042,-2771,-3,-6,5,0,36494,135,32,65,0,0,0,0,0,0,0,0,-32301,0,0,0,0,0,119453,0
117014,-564,8190,166,200,-68,-1035,-2769,1,-1,5,0,36494,135,32,65,0,0,0,0,0,0,0,0,-32302,0,0,0,0,0,119459,0
117019,-514,8116,190,202,-58,-1024,-2770,5,2,5,0,36494,128,32,65,0,0,0,0,0,0,0,0,-32302,0,0,0,0,0,119464,0
117024,-94,8068,82,197,-25,-1022,-2770,-2,-1,6,0,36494,128,32,65,0,0,0,0,0,0,0,0,-32301,0,0,0,0,0,119470,0
117029,0,8090,92,204,-13,-1026,-2771,-6,-4,5,0,36489,121,32,65,0,0,0,0,0,0,0,0,-32302,0,0,0,0,0,119475,0
117034,16,8138,74,195,15,-1026,-2771,-2,2,5,0,36489,121,32,65,0,0,0,0,0,0,0,0,-32302,0,0,0,0,0,119481,0
117039,-52,8214,120,200,33,-1028,-2771,-2,1,6,0,36484,122,32,65,0,0,0,0,0,0,0,0,-32301,0,0,0,0,0,119486,0
117044,-302,8234,110,197,68,-1030,-2770,1,1,8,0,36484,122,32,65,0,0,0,0,0,0,0,0,-32301,0,0,0,0,0,119492,0
117049,-362,8268,162,199,74,-1021,-2770,0,2,8,0,36481,124,32,65,0,0,0,0,0,0,0,0,-32302,0,0,0,0,0,119497,0
117054,-412,8218,158,196,79,-1024,-2771,-4,2,6,0,36481,124,32,65,0,0,0,0,0,0,0,0,-32302,0,0,0,0,0,119502,0
117059,-732,7576,-166,197,77,-1023,-2771,0,0,5,0,36480,127,32,65,0,0,0,0,0,0,0,0,-32302,0,0,0,0,0,119508,0
117064,-374,8140,86,198,57,-1029,-2772,-7,3,4,0,36480,127,32,65,0,0,0,0,0,0,0,0,-32302,0,0,0,0,0,119514,0
117069,-430,8134,-66,209,52,-1026,-2771,5,2,4,0,36481,132,32,65,0,0,0,0,0,0,0,0,-32302,0,0,0,0,0,119519,0
117074,-492,8174,16,208,44,-1034,-2771,0,-2,6,0,36481,132,32,65,0,0,0,0,0,0,0,0,-32302,0,0,0,0,0,119525,0
117079,-544,8170,56,210,43,-1026,-2771,0,3,4,8,36481,131,32,65,0,0,0,0,0,0,0,0,-32302,0,0,0,0,0,119530,0
117084,-682,7752,66,226,19,-1032,-2770,-1,0,5,-40,36481,131,32,65,0,0,0,0,0,0,0,0,-32302,0,0,0,0,0,119536,0
117089,-986,8406,-72,177,-51,-1026,-2772,-12,2,-37,-32,36478,131,32,65,0,0,0,0,0,0,0,0,-32302,0,0,0,0,0,119541,0
117094,-752,7764,-84,230,7,-1035,-2774,-2,-7,-64,-16,36478,131,32,65,0,0,0,0,0,0,0,0,-32302,0,0,0,0,0,119546,0
117099,-748,8172,180,198,-14,-1046,-2774,4,-6,-65,-24,36479,133,32,65,0,0,0,0,0,0,0,0,-32301,0,0,0,0,0,119552,0
117104,-652,8098,-188,209,-13,-1044,-2775,1,-2,-65,-16,36479,133,32,65,0,0,0,0,0,0,0,0,-32302,0,0,0,0,0,119557,0
117109,-810,8170,-112,209,-13,-1037,-2775,0,3,-67,-24,36479,129,32,65,0,0,0,0,0,0,0,0,-32301,0,0,0,0,0,119563,0
117114,-760,8076,-186,198,-28,-1036,-2775,-6,10,-67,-24,36479,129,32,65,0,0,0,0,0,0,0,0,-32302,0,0,0,0,0,119568,0
117119,-868,7652,-176,215,-45,-1038,-2774,-1,4,-65,-16,36482,135,32,65,0,0,0,0,0,0,0,0,-32301,0,0,0,0,0,119574,0
117124,-820,8026,-62,193,-52,-1037,-2774,0,0,-65,-24,36482,135,32,65,0,0,0,0,0,0,0,0,-32302,0,0,0,0,0,119580,0
117129,-820,8002,-252,191,-46,-1033,-2774,0,-1,-67,-24,36480,133,32,65,0,0,0,0,0,0,0,0,-32302,0,0,0,0,0,119585,0
117134,-772,8438,-284,182,-45,-1032,-2775,-1,-3,-66,-24,36480,133,32,65,0,0,0,0,0,0,0,0,-32301,0,0,0,0,0,119591,0
117139,-870,8014,-124,192,-51,-1026,-2774,-2,3,-65,-24,36480,138,32,65,0,0,0,0,0,0,0,0,-32302,0,0,0,0,0,119596,0
117144,-910,8034,-328,174,-69,-1024,-2773,-2,-2,-65,-24,36480,138,32,65,0,0,0,0,0,0,0,0,-32301,0,0,0,0,0,119601,0
117149,-1008,8038,-354,170,-68,-1020,-2775,-2,-1,-63,-24,36479,134,32,65,0,0,0,0,0,0,0,0,-32302,0,0,0,0,0,119607,0
117154,-1026,8132,-316,161,-70,-1012,-2774,-3,0,-65,-16,36479,134,32,65,0,0,0,0,0,0,0,0,-32301,0,0,0,0,0,119612,0
117159,-1088,7730,-272,158,-68,-1007,-2774,-3,-4,-70,-24,36478,127,32,65,0,0,0,0,0,0,0,0,-32301,0,0,0,0,0,119618,0
117164,-1108,8042,-188,132,-66,-1003,-2775,-3,-1,-68,-24,36478,127,32,65,0,0,0,0,0,0,0,0,-32302,0,0,0,0,0,119624,0
117169,-1130,7956,-296,133,-71,-1000,-2774,3,3,-64,-24,36479,130,32,65,0,0,0,0,0,0,0,0,-32301,0,0,0,0,0,119629,0
117174,-1184,8008,-250,128,-63,-986,-2775,2,0,-66,-24,36479,130,32,65,0,0,0,0,0,0,0,0,-32301,0,0,0,0,0,119634,0
117179,-1182,8012,-236,121,-61,-984,-2775,5,4,-66,-24,36479,139,32,65,0,0,0,0,0,0,0,0,-32302,0,0,0,0,0,119640,0
117184,-1210,7694,-186,121,-48,-974,-2774,2,0,-66,-16,36479,139,32,65,0,0,0,0,0,0,0,0,-32302,0,0,0,0,0,119646,0
117189,-1102,8282,36,97,-59,-951,-2800,-136,-22,-915,-1264,36479,146,32,65,0,0,0,0,0,0,0,0,-32301,0,0,0,0,0,119651,0
117194,-1238,8104,-82,96,-52,-965,-2918,-562,-252,-1559,-1840,36479,146,32,65,0,0,0,0,0,0,0,0,-32302,0,0,0,0,0,119656,0
117199,-1222,7908,-254,96,-36,-958,-3100,-820,-574,-1006,-1824,36475,151,32,65,0,0,0,0,0,0,0,0,-32302,0,0,0,0,0,119662,0
117204,-1288,8080,-216,85,-30,-955,-3306,-906,-803,-451,-1432,36475,151,32,65,0,0,0,0,0,0,0,0,-32301,0,0,0,0,0,119667,0
117209,-1292,8058,-238,76,-30,-941,-3500,-857,-760,-131,-880,36473,149,32,65,0,0,0,0,0,0,0,0,-32302,0,0,0,0,0,119673,0
117214,-1228,8078,-184,72,-31,-940,-3675,-745,-431,1,-344,36473,149,32,65,0,0,0,0,0,0,0,0,-32302,0,0,0,0,0,119678,0
117219,-1260,8062,-200,63,-20,-931,-3812,-591,1,100,-176,36474,142,32,65,0,0,0,0,0,0,0,0,-32302,0,0,0,0,0,119684,0
117224,-1246,8254,-152,57,-10,-930,-3910,-411,299,97,-176,36474,142,32,65,0,0,0,0,0,0,0,0,-32302,0,0,0,0,0,119689,0
117229,-1122,8108,-214,43,-15,-924,-3975,-270,470,-122,-248,36481,134,32,65,0,0,0,0,0,0,0,0,-32303,0,0,0,0,0,119695,0
117234,-1138,8058,-304,45,-3,-920,-4017,-179,520,-370,-320,36481,134,32,65,0,0,0,0,0,0,0,0,-32301,0,0,0,0,0,119701,0
117239,-1294,8066,-226,39,-4,-923,-4039,-97,474,-560,-280,36479,132,32,65,0,0,0,0,0,0,0,0,-32302,0,0,0,0,0,119706,0
117244,-1394,8018,-258,28,-8,-912,-4048,-42,394,-692,-288,36479,132,32,65,0,0,0,0,0,0,0,0,-32302,0,0,0,0,0,119712,0
117249,-1512,8006,-234,26,-5,-910,-4061,-56,274,-751,-288,36480,139,32,65,0,0,0,0,0,0,0,0,-32302,0,0,0,0,0,119717,0
117254,-1522,7968,-192,24,-10,-903,-4076,-67,149,-707,-288,36480,139,32,65,0,0,0,0,0,0,0,0,-32301,0,0,0,0,0,119723,0
117259,-1466,8214,-216,7,-12,-893,-4084,-28,68,-708,-264,36482,140,32,65,0,0,0,0,0,0,0,0,-32301,0,0,0,0,0,119728,0
117264,-1632,8016,20,6,-31,-888,-4085,-8,36,-765,-256,36482,140,32,65,0,0,0,0,0,0,0,0,-32301,0,0,0,0,0,119733,0
117269,-1622,7960,-78,9,-36,-881,-4085,-1,42,-788,-256,36481,135,32,65,0,0,0,0,0,0,0,0,-32301,0,0,0,0,0,119739,0
117274,-1648,7910,-162,8,-36,-879,-4085,-1,61,-802,-256,36481,135,32,65,0,0,0,0,0,0,0,0,-32301,0,0,0,0,0,119745,0
117279,-1686,8050,-92,12,-48,-871,-4085,1,43,-802,-256,36478,132,32,65,0,0,0,0,0,0,0,0,-32301,0,0,0,0,0,119750,0
117284,-1576,8026,-138,6,-57,-857,-4086,-3,16,-798,-256,36478,132,32,65,0,0,0,0,0,0,0,0,-32301,0,0,0,0,0,119756,0
117289,-1740,7748,-304,7,-67,-856,-4086,-3,1,-798,-240,36477,140,32,65,0,0,0,0,0,0,0,0,-32301,0,0,0,0,0,119762,0
117294,-1638,8172,-98,14,-77,-855,-4087,-15,0,-804,-240,36477,140,32,65,0,0,0,0,0,0,0,0,-32301,0,0,0,0,0,119767,0
117299,-1502,8014,-180,3,-95,-852,-4085,5,-1,-790,-256,36476,138,32,65,0,0,0,0,0,0,0,0,-32301,0,0,0,0,0,119772,0
117304,-1546,8260,-230,3,-112,-850,-4086,-1,1,-800,-264,36476,138,32,65,0,0,0,0,0,0,0,0,-32301,0,0,0,0,0,119778,0
117309,-1616,8462,-396,0,-117,-842,-4087,-6,-1,-789,-256,36483,131,32,65,0,0,0,0,0,0,0,0,-32301,0,0,0,0,0,119783,0
117314,-1434,8590,-242,4,-134,-838,-4087,-8,-4,-793,-256,36483,131,32,65,0,0,0,0,0,0,0,0,-32301,0,0,0,0,0,119789,0
117319,-962,8732,-260,-8,-138,-838,-4087,2,2,-792,-256,36483,132,32,65,0,0,0,0,0,0,0,0,-32302,0,0,0,0,0,119795,0
117324,-948,8516,-322,-19,-128,-835,-4087,2,1,-796,-264,36483,132,32,65,0,0,0,0,0,0,0,0,-32302,0,0,0,0,0,119800,0
117329,-1068,8686,-340,-28,-130,-838,-4088,-6,3,-789,-248,36484,132,32,65,0,0,0,0,0,0,0,0,-32302,0,0,0,0,0,119805,0
117334,-1158,8478,-444,-47,-114,-842,-4086,4,3,-790,-256,36484,132,32,65,0,0,0,0,0,0,0,0,-32301,0,0,0,0,0,119811,0
117339,-1308,8476,-448,-53,-103,-842,-4088,1,0,-795,-256,36477,135,32,65,0,0,0,0,0,0,0,0,-32302,0,0,0,0,0,119816,0
117344,-1620,8340,-470,-79,-92,-834,-4087,0,0,-791,-248,36477,135,32,65,0,0,0,0,0,0,0,0,-32302,0,0,0,0,0,119822,0
117349,-1720,8236,-524,-101,-85,-826,-4088,-2,-2,-798,-248,36477,135,32,65,0,0,0,0,0,0,0,0,-32301,0,0,0,0,0,119827,0
117354,-1856,8186,-550,-111,-81,-823,-4088,3,6,-790,-256,36477,135,32,65,0,0,0,0,0,0,0,0,-32302,0,0,0,0,0,119833,0
117359,-1920,8178,-592,-127,-82,-811,-4089,-5,1,-794,-256,36476,136,32,65,0,0,0,0,0,0,0,0,-32302,0,0,0,0,0,119838,0
117364,-2140,8264,-686,-156,-84,-797,-4088,-6,1,-790,-248,36476,136,32,65,0,0,0,0,0,0,0,0,-32302,0,0,0,0,0,119844,0
117369,-2204,8332,-672,-164,-89,-783,-4087,0,1,-793,-248,36476,136,32,65,0,0,0,0,0,0,0,0,-32302,0,0,0,0,0,119849,0
117374,-2258,8406,-646,-188,-99,-763,-4087,9,5,-795,-248,36476,136,32,65,0,0,0,0,0,0,0,0,-32302,0,0,0,0,0,119854,0
117379,-2334,8420,-628,-196,-102,-747,-4087,1,2,-798,-256,36478,130,32,65,0,0,0,0,0,0,0,0,-32302,0,0,0,0,0,119860,0
117384,-2490,8466,-618,-226,-109,-703,-4087,3,3,-795,-264,36478,130,32,65,0,0,0,0,0,0,0,0,-32302,0,0,0,0,0,119865,0
117389,-2398,8416,-588,-234,-118,-690,-4085,8,1,-787,-240,36478,130,32,65,0,0,0,0,0,0,0,0,-32302,0,0,0,0,0,119871,0
117394,-2386,8368,-622,-247,-121,-662,-4088,-5,1,-802,-256,36478,130,32,65,0,0,0,0,0,0,0,0,-32301,0,0,0,0,0,119876,0
117399,-2350,8314,-622,-266,-125,-648,-4086,0,-6,-797,-248,36478,136,32,65,0,0,0,0,0,0,0,0,-32302,0,0,0,0,0,119882,0
117404,-2564,8172,-564,-284,-147,-601,-4088,0,-3,-795,-240,36478,136,32,65,0,0,0,0,0,0,0,0,-32302,0,0,0,0,0,119887,0
117409,-2660,7982,-514,-295,-154,-584,-4086,5,3,-796,-264,36478,137,32,65,0,0,0,0,0,0,0,0,-32302,0,0,0,0,0,119893,0
117414,-2786,7752,-450,-306,-170,-559,-4087,-4,0,-797,-256,36478,137,32,65,0,0,0,0,0,0,0,0,-32302,0,0,0,0,0,119898,0
117419,-2868,7550,-408,-311,-176,-545,-4086,0,3,-795,-256,36481,139,32,65,0,0,0,0,0,0,0,0,-32301,0,0,0,0,0,119904,0
117424,-2862,7248,-366,-328,-194,-499,-4085,2,0,-802,-248,36481,139,32,65,0,0,0,0,0,0,0,0,-32301,0,0,0,0,0,119909,0
117429,-2822,7162,-310,-332,-207,-481,-4085,-1,0,-801,-248,36481,136,32,65,0,0,0,0,0,0,0,0,-32302,0,0,0,0,0,119915,0
117434,-2864,7084,-270,-343,-209,-462,-4085,-4,-2,-802,-256,36481,136,32,65,0,0,0,0,0,0,0,0,-32302,0,0,0,0,0,119920,0
117439,-2850,7054,-216,-341,-210,-446,-4084,6,-1,-797,-248,36482,141,32,65,0,0,0,0,0,0,0,0,-32302,0,0,0,0,0,119926,0
117444,-2808,7060,-122,-357,-233,-407,-4084,4,2,-803,-248,36482,141,32,65,0,0,0,0,0,0,0,0,-32301,0,0,0,0,0,119931,0
117449,-2788,7140,-46,-358,-237,-394,-4084,2,-1,-798,-248,36476,140,32,65,0,0,0,0,0,0,0,0,-32302,0,0,0,0,0,119937,0
117454,-2738,7184,-16,-355,-240,-374,-4084,0,-1,-798,-256,36476,140,32,65,0,0,0,0,0,0,0,0,-32302,0,0,0,0,0,119942,0
117459,-2672,7298,56,-363,-249,-359,-4083,3,0,-798,-248,36477,143,32,65,0,0,0,0,0,0,0,0,-32301,0,0,0,0,0,119948,0
117464,-2592,7472,144,-361,-257,-338,-4084,-6,-3,-804,-248,36477,143,32,65,0,0,0,0,0,0,0,0,-32302,0,0,0,0,0,119953,0
117469,-2542,7528,186,-360,-265,-324,-4084,-8,-3,-802,-248,36477,139,32,65,0,0,0,0,0,0,0,0,-32302,0,0,0,0,0,119959,0
117474,-2558,7540,226,-356,-285,-308,-4084,0,-1,-803,-256,36477,139,32,65,0,0,0,0,0,0,0,0,-32301,0,0,0,0,0,119964,0
117479,-2582,7512,248,-342,-296,-298,-4083,3,1,-796,-256,36480,137,32,65,0,0,0,0,0,0,0,0,-32301,0,0,0,0,0,119970,0
117484,-2578,7454,340,-318,-332,-284,-4082,0,4,-798,-248,36480,137,32,65,0,0,0,0,0,0,0,0,-32301,0,0,0,0,0,119975,0
117489,-2594,7404,352,-298,-355,-274,-4084,-1,4,-804,-248,36481,133,32,65,0,0,0,0,0,0,0,0,-32301,0,0,0,0,0,119981,0
117494,-2588,7426,362,-280,-383,-271,-4082,1,-1,-800,-248,36481,133,32,65,0,0,0,0,0,0,0,0,-32301,0,0,0,0,0,119986,0
117499,-2574,7388,426,-268,-407,-263,-4082,0,-3,-804,-256,36480,121,32,65,0,0,0,0,0,0,0,0,-32302,0,0,0,0,0,119991,0
117504,-2564,7324,414,-223,-467,-259,-4082,-2,3,-803,-256,36480,121,32,65,0,0,0,0,0,0,0,0,-32301,0,0,0,0,0,119998,0
117509,-2544,7322,444,-198,-490,-259,-4082,5,2,-801,-256,36477,118,32,65,0,0,0,0,0,0,0,0,-32302,0,0,0,0,0,120003,0
117514,-2524,7354,454,-181,-526,-248,-4082,1,-5,-802,-256,36477,118,32,65,0,0,0,0,0,0,0,0,-32301,0,0,0,0,0,120009,0
117519,-2520,7384,480,-160,-556,-249,-4083,-4,1,-798,-248,36482,119,32,65,0,0,0,0,0,0,0,0,-32302,0,0,0,0,0,120014,0
117524,-2452,7508,484,-115,-615,-244,-4083,2,0,-801,-240,36482,119,32,65,0,0,0,0,0,0,0,0,-32302,0,0,0,0,0,120020,0
117529,-2448,7530,498,-104,-633,-235,-4082,1,2,-802,-264,36481,127,32,65,0,0,0,0,0,0,0,0,-32302,0,0,0,0,0,120026,0
117534,-2436,7596,540,-84,-654,-234,-4081,2,5,-799,-256,36481,127,32,65,0,0,0,0,0,0,0,0,-32302,0,0,0,0,0,120031,0
117539,-2380,7656,532,-69,-674,-233,-4081,8,3,-795,-256,36479,136,32,65,0,0,0,0,0,0,0,0,-32301,0,0,0,0,0,120036,0
117544,-2286,7720,542,-40,-700,-222,-4082,0,-2,-802,-248,36479,136,32,65,0,0,0,0,0,0,0,0,-32301,0,0,0,0,0,120042,0
117549,-2282,7702,564,-30,-711,-214,-4082,1,0,-797,-264,36479,137,32,65,0,0,0,0,0,0,0,0,-32301,0,0,0,0,0,120047,0
117554,-2274,7734,568,-20,-717,-213,-4081,1,-2,-798,-248,36479,137,32,65,0,0,0,0,0,0,0,0,-32301,0,0,0,0,0,120053,0
117559,-2276,7746,536,-9,-719,-206,-4081,1,0,-803,-256,36477,134,32,65,0,0,0,0,0,0,0,0,-32301,0,0,0,0,0,120058,0
117564,-2280,7742,540,-1,-722,-194,-4081,4,2,-802,-256,36477,134,32,65,0,0,0,0,0,0,0,0,-32301,0,0,0,0,0,120064,0
117569,-2238,7760,528,10,-726,-190,-4081,0,4,-803,-256,36478,135,32,65,0,0,0,0,0,0,0,0,-32301,0,0,0,0,0,120069,0
117574,-2266,7758,516,6,-717,-180,-4082,-8,0,-802,-248,36478,135,32,65,0,0,0,0,0,0,0,0,-32302,0,0,0,0,0,120075,0
117579,-2232,7758,508,9,-720,-175,-4082,-5,-2,-804,-256,36479,129,32,65,0,0,0,0,0,0,0,0,-32302,0,0,0,0,0,120080,0
117584,-2252,7772,510,16,-711,-163,-4081,0,-1,-800,-264,36479,129,32,65,0,0,0,0,0,0,0,0,-32301,0,0,0,0,0,120086,0
117589,-2274,7784,480,17,-713,-152,-4082,-4,0,-804,-264,36478,137,32,65,0,0,0,0,0,0,0,0,-32301,0,0,0,0,0,120091,0
117594,-2272,7770,492,22,-718,-148,-4081,0,-3,-800,-248,36478,137,32,65,0,0,0,0,0,0,0,0,-32302,0,0,0,0,0,120097,0
117599,-2264,7768,488,21,-718,-150,-4081,-2,-1,-799,-272,36477,137,32,65,0,0,0,0,0,0,0,0,-32301,0,0,0,0,0,120102,0
117604,-2302,7720,472,30,-723,-134,-4081,-3,5,-802,-256,36477,137,32,65,0,0,0,0,0,0,0,0,-32302,0,0,0,0,0,120108,0
117609,-2318,7652,462,35,-720,-133,-4082,0,-3,-804,-256,36477,138,32,65,0,0,0,0,0,0,0,0,-32302,0,0,0,0,0,120113,0
117614,-2358,7604,466,37,-735,-120,-4081,-3,0,-800,-248,36477,138,32,65,0,0,0,0,0,0,0,0,-32301,0,0,0,0,0,120118,0
117619,-2390,7594,472,45,-737,-120,-4080,9,5,-805,-256,36476,139,32,65,0,0,0,0,0,0,0,0,-32302,0,0,0,0,0,120124,0
117624,-2478,7536,428,54,-749,-106,-4080,7,-1,-806,-256,36476,139,32,65,0,0,0,0,0,0,0,0,-32302,0,0,0,0,0,120129,0
117629,-2468,7532,392,56,-764,-98,-4081,0,5,-797,-264,36478,142,32,65,0,0,0,0,0,0,0,0,-32302,0,0,0,0,0,120135,0
117634,-2500,7550,368,65,-771,-97,-4080,3,1,-798,-264,36478,142,32,65,0,0,0,0,0,0,0,0,-32302,0,0,0,0,0,120141,0
117639,-2496,7544,382,72,-779,-88,-4082,1,-2,-802,-248,36477,137,32,65,0,0,0,0,0,0,0,0,-32302,0,0,0,0,0,120146,0
117644,-2568,7552,368,83,-798,-67,-4080,0,0,-806,-248,36477,137,32,65,0,0,0,0,0,0,0,0,-32301,0,0,0,0,0,120152,0
117649,-2532,7586,376,78,-803,-67,-4081,0,3,-804,-264,36476,131,32,65,0,0,0,0,0,0,0,0,-32302,0,0,0,0,0,120157,0
117654,-2482,7638,402,88,-812,-59,-4080,3,0,-803,-256,36476,131,32,65,0,0,0,0,0,0,0,0,-32302,0,0,0,0,0,120163,0
117659,-2488,7644,416,90,-815,-54,-4080,0,3,-801,-264,36475,134,32,65,0,0,0,0,0,0,0,0,-32302,0,0,0,0,0,120168,0
117664,-2446,7608,516,97,-834,-39,-4081,-4,-6,-800,-264,36475,134,32,65,0,0,0,0,0,0,0,0,-32302,0,0,0,0,0,120173,0
117669,-2430,7548,556,104,-839,-35,-4080,0,0,-800,-272,36476,137,32,65,0,0,0,0,0,0,0,0,-32301,0,0,0,0,0,120179,0
117674,-2392,7512,572,106,-842,-24,-4080,-3,3,-802,-256,36476,137,32,65,0,0,0,0,0,0,0,0,-32301,0,0,0,0,0,120184,0
117679,-2408,7468,606,109,-845,-17,-4081,-2,-4,-803,-256,36476,137,32,65,0,0,0,0,0,0,0,0,-32302,0,0,0,0,0,120190,0
117684,-2368,7420,648,120,-857,-13,-4080,2,0,-806,-256,36476,137,32,65,0,0,0,0,0,0,0,0,-32301,0,0,0,0,0,120195,0
117689,-2310,7420,628,129,-859,-12,-4081,-1,0,-801,-256,36475,125,32,65,0,0,0,0,0,0,0,0,-32302,0,0,0,0,0,120201,0
117694,-2292,7414,652,136,-860,-12,-4080,0,0,-798,-256,36475,125,32,65,0,0,0,0,0,0,0,0,-32302,0,0,0,0,0,120206,0
117699,-2250,7428,656,136,-864,-7,-4080,7,0,-797,-256,36476,123,32,65,0,0,0,0,0,0,0,0,-32302,0,0,0,0,0,120212,0
117704,-2152,7518,678,154,-868,-10,-4080,4,1,-802,-272,36476,123,32,65,0,0,0,0,0,0,0,0,-32302,0,0,0,0,0,120217,0
117709,-2110,7502,682,163,-873,-12,-4080,-1,2,-804,-280,36478,128,32,65,0,0,0,0,0,0,0,0,-32301,0,0,0,0,0,120223,0
117714,-2122,7540,704,165,-877,-19,-4081,-1,0,-801,-256,36478,128,32,65,0,0,0,0,0,0,0,0,-32302,0,0,0,0,0,120228,0
117719,-2078,7626,758,173,-874,-16,-4081,-5,-1,-806,-256,36479,130,32,65,0,0,0,0,0,0,0,0,-32301,0,0,0,0,0,120234,0
117724,-1998,7738,786,182,-862,-20,-4079,5,2,-803,-248,36479,130,32,65,0,0,0,0,0,0,0,0,-32302,0,0,0,0,0,120239,0
117729,-1950,7806,802,184,-860,-26,-4080,-3,4,-813,-256,36479,125,32,65,0,0,0,0,0,0,0,0,-32301,0,0,0,0,0,120245,0
117734,-1866,7902,770,191,-849,-25,-4080,0,1,-802,-256,36479,125,32,65,0,0,0,0,0,0,0,0,-32301,0,0,0,0,0,120251,0
117739,-1830,7994,782,191,-837,-26,-4080,-2,0,-806,-256,36477,126,32,65,0,0,0,0,0,0,0,0,-32302,0,0,0,0,0,120256,0
117744,-1822,8166,772,195,-808,-32,-4080,1,0,-799,-264,36477,126,32,65,0,0,0,0,0,0,0,0,-32302,0,0,0,0,0,120262,0
117749,-1814,8254,774,188,-786,-28,-4080,-2,4,-801,-264,36474,128,32,65,0,0,0,0,0,0,0,0,-32301,0,0,0,0,0,120267,0
117754,-1818,8306,780,185,-760,-27,-4080,1,3,-796,-264,36474,128,32,65,0,0,0,0,0,0,0,0,-32302,0,0,0,0,0,120273,0
117759,-1828,8298,776,188,-738,-27,-4080,2,2,-800,-272,36470,133,32,65,0,0,0,0,0,0,0,0,-32301,0,0,0,0,0,120278,0
117764,-1900,8282,774,172,-685,-12,-4080,3,2,-803,-264,36470,133,32,65,0,0,0,0,0,0,0,0,-32301,0,0,0,0,0,120284,0
117769,-1958,8274,792,172,-651,-8,-4080,0,-2,-800,-256,36470,137,32,65,0,0,0,0,0,0,0,0,-32301,0,0,0,0,0,120289,0
117774,-1996,8280,822,159,-631,0,-4081,0,2,-805,-264,36470,137,32,65,0,0,0,0,0,0,0,0,-32301,0,0,0,0,0,120294,0
117779,-1982,8248,838,152,-592,9,-4081,-3,-1,-804,-264,36472,140,32,65,0,0,0,0,0,0,0,0,-32301,0,0,0,0,0,120300,0
117784,-2028,8178,910,141,-527,32,-4081,3,0,-797,-256,36472,140,32,65,0,0,0,0,0,0,0,0,-32301,0,0,0,0,0,120305,0
117789,-1972,8194,954,135,-486,40,-4081,4,0,-802,-264,36470,147,32,65,0,0,0,0,0,0,0,0,-32301,0,0,0,0,0,120311,0
117794,-2008,8206,918,125,-453,53,-4080,0,-1,-799,-248,36470,147,32,65,0,0,0,0,0,0,0,0,-32302,0,0,0,0,0,120316,0
117799,-2056,8226,922,121,-404,64,-4080,7,3,-800,-264,36469,140,32,65,0,0,0,0,0,0,0,0,-32302,0,0,0,0,0,120322,0
117804,-2134,8336,948,105,-323,93,-4080,0,-1,-807,-264,36469,140,32,65,0,0,0,0,0,0,0,0,-32302,0,0,0,0,0,120327,0
117809,-2196,8298,958,94,-295,113,-4080,-4,3,-803,-272,36469,131,32,65,0,0,0,0,0,0,0,0,-32302,0,0,0,0,0,120333,0
117814,-2154,8262,958,89,-259,124,-4082,-4,-5,-804,-248,36469,131,32,65,0,0,0,0,0,0,0,0,-32302,0,0,0,0,0,120338,0
117819,-2192,8170,988,86,-222,142,-4081,-3,-4,-805,-248,36471,133,32,65,0,0,0,0,0,0,0,0,-32302,0,0,0,0,0,120344,0
117824,-2208,7926,964,78,-163,163,-4080,5,-2,-801,-248,36471,133,32,65,0,0,0,0,0,0,0,0,-32301,0,0,0,0,0,120349,0
117829,-2192,7808,1036,79,-132,181,-4081,-1,-1,-801,-256,36476,135,32,65,0,0,0,0,0,0,0,0,-32302,0,0,0,0,0,120355,0
117834,-2170,7750,1042,74,-99,190,-4080,-3,3,-804,-264,36476,135,32,65,0,0,0,0,0,0,0,0,-32302,0,0,0,0,0,120360,0
117839,-2178,7612,1010,73,-85,203,-4080,-2,2,-805,-256,36476,142,32,65,0,0,0,0,0,0,0,0,-32301,0,0,0,0,0,120366,0
117844,-2138,7440,974,72,-33,210,-4080,1,-3,-801,-256,36476,142,32,65,0,0,0,0,0,0,0,0,-32302,0,0,0,0,0,120371,0
117849,-2136,7374,982,70,-17,223,-4079,6,0,-797,-272,36476,144,32,65,0,0,0,0,0,0,0,0,-32302,0,0,0,0,0,120377,0
117854,-2158,7272,968,78,8,220,-4080,0,0,-804,-264,36476,144,32,65,0,0,0,0,0,0,0,0,-32302,0,0,0,0,0,120382,0
117859,-2078,7366,964,70,24,226,-4079,3,4,-798,-256,36478,145,32,65,0,0,0,0,0,0,0,0,-32302,0,0,0,0,0,120388,0
117864,-2088,7198,910,72,67,231,-4080,0,-1,-803,-256,36478,145,32,65,0,0,0,0,0,0,0,0,-32301,0,0,0,0,0,120393,0
117869,-2132,7268,924,79,80,229,-4080,2,-1,-801,-264,36473,140,32,65,0,0,0,0,0,0,0,0,-32301,0,0,0,0,0,120399,0
117874,-2138,7286,886,79,93,234,-4079,0,1,-810,-248,36473,140,32,65,0,0,0,0,0,0,0,0,-32302,0,0,0,0,0,120404,0
117879,-2130,7328,852,74,110,232,-4079,-1,1,-806,-264,36476,143,32,65,0,0,0,0,0,0,0,0,-32301,0,0,0,0,0,120410,0
117884,-2076,7396,764,75,136,235,-4078,3,0,-802,-256,36476,143,32,65,0,0,0,0,0,0,0,0,-32302,0,0,0,0,0,120415,0
117889,-2050,7446,714,70,144,232,-4078,0,3,-806,-272,36476,139,32,65,0,0,0,0,0,0,0,0,-32301,0,0,0,0,0,120420,0
117894,-2046,7536,670,74,158,234,-4079,3,-2,-799,-264,36476,139,32,65,0,0,0,0,0,0,0,0,-32301,0,0,0,0,0,120426,0
117899,-2018,7604,622,75,170,235,-4079,0,2,-805,-272,36474,137,32,65,0,0,0,0,0,0,0,0,-32302,0,0,0,0,0,120431,0
117904,-2014,7668,580,69,176,237,-4078,7,-1,-802,-272,36474,137,32,65,0,0,0,0,0,0,0,0,-32301,0,0,0,0,0,120437,0
117909,-2048,7722,564,67,184,232,-4079,-3,-1,-802,-256,36472,129,32,65,0,0,0,0,0,0,0,0,-32302,0,0,0,0,0,120442,0
117914,-2018,7772,540,63,186,235,-4079,-3,0,-801,-256,36472,129,32,65,0,0,0,0,0,0,0,0,-32302,0,0,0,0,0,120448,0
117919,-2016,7838,516,60,194,237,-4079,-6,-2,-803,-256,36470,137,32,65,0,0,0,0,0,0,0,0,-32302,0,0,0,0,0,120453,0
117924,-1988,7874,452,52,205,235,-4078,1,-3,-805,-256,36470,137,32,65,0,0,0,0,0,0,0,0,-32301,0,0,0,0,0,120459,0
117929,-1964,7898,416,43,207,231,-4078,0,-3,-806,-256,36472,146,32,65,0,0,0,0,0,0,0,0,-32301,0,0,0,0,0,120465,0
117934,-1984,7918,384,49,204,232,-4079,1,-1,-806,-256,36472,146,32,65,0,0,0,0,0,0,0,0,-32301,0,0,0,0,0,120470,0
117939,-1888,7924,348,41,204,225,-4078,2,1,-804,-256,36479,157,32,65,0,0,0,0,0,0,0,0,-32302,0,0,0,0,0,120475,0
117944,-1900,8002,250,40,207,222,-4079,0,-2,-803,-256,36479,157,32,65,0,0,0,0,0,0,0,0,-32302,0,0,0,0,0,120481,0
117949,-1836,8026,242,33,200,215,-4079,-5,2,-804,-256,36483,150,32,65,0,0,0,0,0,0,0,0,-32301,0,0,0,0,0,120486,0
117954,-1846,8042,218,27,189,209,-4078,-4,2,-809,-256,36483,150,32,65,0,0,0,0,0,0,0,0,-32301,0,0,0,0,0,120492,0
117959,-1840,8118,246,32,182,201,-4079,-3,-1,-806,-256,36483,140,32,65,0,0,0,0,0,0,0,0,-32301,0,0,0,0,0,120497,0
117964,-1822,8146,242,20,160,189,-4078,0,2,-803,-272,36483,140,32,65,0,0,0,0,0,0,0,0,-32302,0,0,0,0,0,120503,0
117969,-1812,8184,258,28,150,189,-4078,3,-3,-806,-264,36477,119,32,65,0,0,0,0,0,0,0,0,-32301,0,0,0,0,0,120508,0
117974,-1788,8212,270,21,142,175,-4077,5,6,-803,-272,36477,119,32,65,0,0,0,0,0,0,0,0,-32301,0,0,0,0,0,120514,0
117979,-1806,8252,290,24,130,169,-4079,-1,3,-801,-272,36473,121,32,65,0,0,0,0,0,0,0,0,-32302,0,0,0,0,0,120519,0
117984,-1808,8240,290,34,108,160,-4078,0,0,-805,-264,36473,121,32,65,0,0,0,0,0,0,0,0,-32302,0,0,0,0,0,120525,0
117989,-1816,8174,292,29,90,152,-4079,-3,0,-806,-256,36471,126,32,65,0,0,0,0,0,0,0,0,-32302,0,0,0,0,0,120530,0
117994,-1850,8166,286,29,83,148,-4078,6,-1,-804,-280,36471,126,32,65,0,0,0,0,0,0,0,0,-32301,0,0,0,0,0,120536,0
117999,-1886,8130,290,34,61,141,-4080,-12,-3,-812,-264,36469,128,32,65,0,0,0,0,0,0,0,0,-32302,0,0,0,0,0,120541,0
118004,-2020,8010,306,44,25,132,-4079,1,3,-798,-272,36469,128,32,65,0,0,0,0,0,0,0,0,-32302,0,0,0,0,0,120547,0
118009,-2076,7944,328,52,7,126,-4078,2,-2,-806,-256,36471,131,32,65,0,0,0,0,0,0,0,0,-32302,0,0,0,0,0,120552,0
118014,-2112,7908,332,56,-17,126,-4080,-4,3,-801,-256,36471,131,32,65,0,0,0,0,0,0,0,0,-32302,0,0,0,0,0,120558,0
118019,-2112,7852,350,65,-34,119,-4079,0,5,-805,-264,36472,132,32,65,0,0,0,0,0,0,0,0,-32302,0,0,0,0,0,120563,0
118024,-2152,7794,348,82,-81,119,-4077,3,-1,-805,-272,36472,132,32,65,0,0,0,0,0,0,0,0,-32302,0,0,0,0,0,120568,0
118029,-2150,7824,378,82,-92,119,-4078,-3,0,-806,-272,36474,134,32,65,0,0,0,0,0,0,0,0,-32302,0,0,0,0,0,120574,0
118034,-2158,7806,386,92,-113,116,-4079,3,0,-799,-264,36474,134,32,65,0,0,0,0,0,0,0,0,-32301,0,0,0,0,0,120580,0
118039,-2134,7796,408,96,-123,114,-4080,-11,-3,-810,-256,36474,133,32,65,0,0,0,0,0,0,0,0,-32302,0,0,0,0,0,120585,0
118044,-2130,7808,448,106,-149,116,-4078,1,-4,-800,-256,36474,133,32,65,0,0,0,0,0,0,0,0,-32301,0,0,0,0,0,120591,0
118049,-2148,7770,492,112,-153,122,-4079,0,-1,-804,-272,36473,132,32,65,0,0,0,0,0,0,0,0,-32302,0,0,0,0,0,120596,0
118054,-2108,7826,500,113,-165,120,-4079,-2,6,-807,-264,36473,132,32,65,0,0,0,0,0,0,0,0,-32302,0,0,0,0,0,120602,0
118059,-2096,7732,542,117,-176,126,-4079,1,-1,-807,-248,36472,129,32,65,0,0,0,0,0,0,0,0,-32301,0,0,0,0,0,120607,0
118064,-2066,7752,598,122,-172,128,-4079,0,2,-806,-264,36472,129,32,65,0,0,0,0,0,0,0,0,-32302,0,0,0,0,0,120613,0
118069,-2048,7740,586,116,-172,134,-4079,-5,3,-806,-264,36473,131,32,65,0,0,0,0,0,0,0,0,-32301,0,0,0,0,0,120618,0
118074,-2008,7764,612,126,-171,135,-4079,0,0,-800,-264,36473,131,32,65,0,0,0,0,0,0,0,0,-32301,0,0,0,0,0,120623,0
118079,-1976,7700,612,122,-163,139,-4079,-6,0,-813,-240,36474,136,32,65,0,0,0,0,0,0,0,0,-32302,0,0,0,0,0,120629,0
118084,-1914,7764,618,116,-149,138,-4077,8,-2,-804,-272,36474,136,32,65,0,0,0,0,0,0,0,0,-32301,0,0,0,0,0,120634,0
118089,-1900,7782,620,119,-137,139,-4079,-6,1,-804,-256,36475,140,32,65,0,0,0,0,0,0,0,0,-32301,0,0,0,0,0,120640,0
118094,-1892,7820,620,112,-130,139,-4079,-7,-1,-800,-264,36475,140,32,65,0,0,0,0,0,0,0,0,-32302,0,0,0,0,0,120645,0
118099,-1854,7834,632,113,-116,143,-4079,-8,-4,-807,-256,36473,140,32,65,0,0,0,0,0,0,0,0,-32301,0,0,0,0,0,120651,0
118104,-1814,7926,624,100,-90,142,-4078,-4,2,-811,-248,36473,140,32,65,0,0,0,0,0,0,0,0,-32302,0,0,0,0,0,120657,0
118109,-1772,7964,628,100,-79,144,-4078,5,-1,-799,-272,36473,142,32,65,0,0,0,0,0,0,0,0,-32301,0,0,0,0,0,120662,0
118114,-1738,7962,590,91,-62,148,-4079,4,2,-799,-272,36473,142,32,65,0,0,0,0,0,0,0,0,-32301,0,0,0,0,0,120667,0
118119,-1720,7998,594,86,-46,142,-4079,0,3,-802,-272,36474,139,32,65,0,0,0,0,0,0,0,0,-32302,0,0,0,0,0,120673,0
118124,-1668,8044,554,78,-19,139,-4078,3,2,-804,-272,36474,139,32,65,0,0,0,0,0,0,0,0,-32302,0,0,0,0,0,120678,0
118129,-1690,8058,566,74,0,134,-4078,-2,0,-806,-264,36474,140,32,65,0,0,0,0,0,0,0,0,-32302,0,0,0,0,0,120684,0
118134,-1652,8058,534,69,10,133,-4077,9,-4,-801,-272,36474,140,32,65,0,0,0,0,0,0,0,0,-32301,0,0,0,0,0,120689,0
118139,-1634,8090,510,55,24,126,-4079,4,-4,-801,-264,36472,135,32,65,0,0,0,0,0,0,0,0,-32302,0,0,0,0,0,120695,0
118144,-1644,8114,474,48,39,125,-4078,2,2,-804,-264,36472,135,32,65,0,0,0,0,0,0,0,0,-32301,0,0,0,0,0,120700,0
118149,-1650,8134,462,39,54,121,-4080,-1,-3,-807,-248,36476,137,32,65,0,0,0,0,0,0,0,0,-32301,0,0,0,0,0,120706,0
118154,-1630,8168,448,39,57,114,-4079,-1,-1,-805,-264,36476,137,32,65,0,0,0,0,0,0,0,0,-32302,0,0,0,0,0,120711,0
118159,-1624,8164,440,28,67,109,-4079,-2,-3,-807,-264,36476,139,32,65,0,0,0,0,0,0,0,0,-32302,0,0,0,0,0,120717,0
118164,-1666,8136,396,19,74,103,-4080,-10,1,-807,-264,36476,139,32,65,0,0,0,0,0,0,0,0,-32301,0,0,0,0,0,120722,0
118169,-1682,8094,374,16,74,99,-4080,-3,0,-803,-256,36478,137,32,65,0,0,0,0,0,0,0,0,-32302,0,0,0,0,0,120728,0
118174,-1698,8106,366,19,77,84,-4078,4,2,-806,-264,36478,137,32,65,0,0,0,0,0,0,0,0,-32302,0,0,0,0,0,120733,0
118179,-1710,8074,352,15,75,81,-4079,0,4,-800,-256,36475,142,32,65,0,0,0,0,0,0,0,0,-32301,0,0,0,0,0,120739,0
118184,-1748,8012,378,11,73,78,-4080,-7,2,-803,-264,36475,142,32,65,0,0,0,0,0,0,0,0,-32302,0,0,0,0,0,120744,0
118189,-1748,7972,356,9,70,73,-4078,-1,-3,-802,-272,36477,133,32,65,0,0,0,0,0,0,0,0,-32302,0,0,0,0,0,120750,0
118194,-1802,7962,356,5,66,70,-4078,-1,0,-811,-264,36477,133,32,65,0,0,0,0,0,0,0,0,-32302,0,0,0,0,0,120755,0
118199,-1790,7912,392,6,60,67,-4079,-3,1,-802,-264,36476,129,32,65,0,0,0,0,0,0,0,0,-32302,0,0,0,0,0,120761,0
118204,-1848,7876,372,-3,56,61,-4078,1,1,-802,-264,36476,129,32,65,0,0,0,0,0,0,0,0,-32302,0,0,0,0,0,120766,0
118209,-1902,7842,370,-4,55,54,-4079,-2,-2,-806,-272,36474,130,32,65,0,0,0,0,0,0,0,0,-32302,0,0,0,0,0,120772,0
118214,-1912,7866,342,-6,49,48,-4079,-3,-2,-806,-264,36474,130,32,65,0,0,0,0,0,0,0,0,-32302,0,0,0,0,0,120777,0
118219,-1900,7872,338,-3,41,52,-4079,2,1,-805,-280,36473,128,32,65,0,0,0,0,0,0,0,0,-32302,0,0,0,0,0,120783,0
118224,-1948,7872,374,-9,33,50,-4079,-3,0,-810,-248,36473,128,32,65,0,0,0,0,0,0,0,0,-32302,0,0,0,0,0,120788,0
118229,-1930,7876,364,-12,19,48,-4077,6,1,-801,-272,36474,129,32,65,0,0,0,0,0,0,0,0,-32303,0,0,0,0,0,120794,0
118234,-1920,7882,364,-10,11,45,-4079,6,1,-805,-272,36474,129,32,65,0,0,0,0,0,0,0,0,-32301,0,0,0,0,0,120799,0
118239,-1936,7852,360,-10,10,43,-4078,1,1,-801,-264,36474,130,32,65,0,0,0,0,0,0,0,0,-32301,0,0,0,0,0,120805,0
118244,-1944,7818,348,-8,-5,40,-4078,4,-6,-800,-256,36474,130,32,65,0,0,0,0,0,0,0,0,-32302,0,0,0,0,0,120810,0
118249,-1960,7852,344,-15,-16,39,-4079,-3,1,-802,-264,36475,134,32,65,0,0,0,0,0,0,0,0,-32302,0,0,0,0,0,120816,0
118254,-1926,7840,392,-9,-19,37,-4079,0,-4,-803,-264,36475,134,32,65,0,0,0,0,0,0,0,0,-32302,0,0,0,0,0,120822,0
118259,-1920,7866,380,-10,-29,41,-4081,-11,-4,-807,-248,36478,138,32,65,0,0,0,0,0,0,0,0,-32302,0,0,0,0,0,120827,0
118264,-1908,7918,418,-3,-41,31,-4079,-3,0,-803,-264,36478,138,32,65,0,0,0,0,0,0,0,0,-32302,0,0,0,0,0,120832,0
118269,-1830,7948,420,-6,-46,29,-4080,-4,2,-807,-248,36477,139,32,65,0,0,0,0,0,0,0,0,-32301,0,0,0,0,0,120838,0
118274,-1850,7962,450,0,-57,27,-4078,-4,4,-809,-256,36477,139,32,65,0,0,0,0,0,0,0,0,-32302,0,0,0,0,0,120843,0
118279,-1836,7976,434,-5,-63,24,-4080,1,1,-800,-264,36488,139,32,65,0,0,0,0,0,0,0,0,-32302,0,0,0,0,0,120849,0
118284,-1864,7972,486,0,-75,17,-4079,0,4,-804,-256,36488,139,32,65,0,0,0,0,0,0,0,0,-32302,0,0,0,0,0,120854,0
118289,-1864,7998,490,1,-76,13,-4079,5,2,-802,-256,36495,144,32,65,0,0,0,0,0,0,0,0,-32301,0,0,0,0,0,120860,0
118294,-1858,7968,488,1,-91,9,-4079,0,2,-803,-256,36495,144,32,65,0,0,0,0,0,0,0,0,-32302,0,0,0,0,0,120865,0
118299,-1876,7996,510,12,-98,7,-4080,-3,6,-804,-256,36501,151,32,65,0,0,0,0,0,0,0,0,-32302,0,0,0,0,0,120870,0
118304,-1832,7952,558,13,-117,5,-4078,-2,1,-800,-264,36501,151,32,65,0,0,0,0,0,0,0,0,-32301,0,0,0,0,0,120876,0
118309,-1844,7968,594,18,-116,3,-4079,6,-1,-802,-280,36491,137,32,65,0,0,0,0,0,0,0,0,-32301,0,0,0,0,0,120881,0
118314,-1830,7960,612,25,-120,-2,-4079,1,-1,-801,-264,36491,137,32,65,0,0,0,0,0,0,0,0,-32302,0,0,0,0,0,120887,0
118319,-1828,7964,614,31,-125,1,-4079,-5,-1,-800,-256,36481,136,32,65,0,0,0,0,0,0,0,0,-32301,0,0,0,0,0,120892,0
118324,-1836,7970,686,34,-128,-7,-4078,1,-1,-804,-272,36481,136,32,65,0,0,0,0,0,0,0,0,-32301,0,0,0,0,0,120898,0
118329,-1832,7978,686,43,-130,-10,-4078,3,0,-811,-264,36474,134,32,65,0,0,0,0,0,0,0,0,-32302,0,0,0,0,0,120904,0
118334,-1774,7928,684,47,-130,-8,-4079,0,-6,-803,-256,36474,134,32,65,0,0,0,0,0,0,0,0,-32302,0,0,0,0,0,120909,0
118339,-1798,7954,718,53,-126,-13,-4079,0,3,-803,-256,36475,141,32,65,0,0,0,0,0,0,0,0,-32302,0,0,0,0,0,120914,0
118344,-1822,7952,720,54,-124,-15,-4078,8,-4,-800,-264,36475,141,32,65,0,0,0,0,0,0,0,0,-32302,0,0,0,0,0,120920,0
118349,-1826,7926,728,54,-124,-13,-4080,2,2,-799,-264,36473,137,32,65,0,0,0,0,0,0,0,0,-32302,0,0,0,0,0,120925,0
118354,-1822,7890,736,58,-114,-15,-4079,2,0,-798,-272,36473,137,32,65,0,0,0,0,0,0,0,0,-32302,0,0,0,0,0,120931,0
118359,-1852,7888,738,60,-111,-14,-4079,0,0,-804,-256,36475,133,32,65,0,0,0,0,0,0,0,0,-32302,0,0,0,0,0,120936,0
118364,-1894,7824,746,67,-100,-19,-4079,-1,2,-806,-256,36475,133,32,65,0,0,0,0,0,0,0,0,-32301,0,0,0,0,0,120942,0
118369,-1918,7862,756,70,-99,-15,-4079,0,-1,-802,-264,36476,132,32,65,0,0,0,0,0,0,0,0,-32302,0,0,0,0,0,120947,0
118374,-1872,7846,742,77,-91,-11,-4079,1,-1,-803,-256,36476,132,32,65,0,0,0,0,0,0,0,0,-32301,0,0,0,0,0,120953,0
118379,-1878,7828,734,78,-79,-13,-4079,-7,-2,-802,-264,36477,139,32,65,0,0,0,0,0,0,0,0,-32301,0,0,0,0,0,120958,0
118384,-1872,7880,784,72,-61,-7,-4078,-1,-3,-807,-264,36477,139,32,65,0,0,0,0,0,0,0,0,-32302,0,0,0,0,0,120964,0
118389,-1824,7888,740,70,-42,-2,-4079,-4,2,-809,-272,36473,137,32,65,0,0,0,0,0,0,0,0,-32302,0,0,0,0,0,120969,0
118394,-1820,7880,766,69,-35,3,-4080,-4,0,-801,-264,36473,137,32,65,0,0,0,0,0,0,0,0,-32302,0,0,0,0,0,120975,0
118399,-1816,7924,740,70,-20,-4,-4079,-2,-1,-800,-272,36473,137,32,65,0,0,0,0,0,0,0,0,-32302,0,0,0,0,0,120980,0
118404,-1868,7942,754,67,2,4,-4080,0,2,-806,-256,36473,137,32,65,0,0,0,0,0,0,0,0,-32302,0,0,0,0,0,120986,0
118409,-1866,7944,740,68,20,7,-4080,-6,7,-806,-264,36477,138,32,65,0,0,0,0,0,0,0,0,-32302,0,0,0,0,0,120991,0
118414,-1872,7948,728,59,26,19,-4079,5,5,-799,-272,36477,138,32,65,0,0,0,0,0,0,0,0,-32302,0,0,0,0,0,120996,0
118419,-1856,7966,738,60,47,18,-4079,3,0,-798,-272,36479,137,32,65,0,0,0,0,0,0,0,0,-32301,0,0,0,0,0,121002,0
118424,-1832,7916,720,59,64,21,-4079,-2,3,-802,-256,36479,137,32,65,0,0,0,0,0,0,0,0,-32302,0,0,0,0,0,121007,0
118429,-1832,7938,692,56,76,23,-4080,-9,-4,-807,-248,36478,135,32,65,0,0,0,0,0,0,0,0,-32302,0,0,0,0,0,121013,0
118434,-1852,7932,644,53,82,27,-4079,-1,2,-803,-264,36478,135,32,65,0,0,0,0,0,0,0,0,-32302,0,0,0,0,0,121018,0
118439,-1876,7912,662,59,92,27,-4080,0,-2,-809,-256,36476,132,32,65,0,0,0,0,0,0,0,0,-32302,0,0,0,0,0,121024,0
118444,-1874,7942,658,58,111,28,-4079,-5,-1,-806,-264,36476,132,32,65,0,0,0,0,0,0,0,0,-32302,0,0,0,0,0,121029,0
118449,-1868,7932,634,51,114,30,-4079,0,2,-804,-272,36474,135,32,65,0,0,0,0,0,0,0,0,-32302,0,0,0,0,0,121035,0
118454,-1840,7932,626,50,122,36,-4080,-1,3,-802,-256,36474,135,32,65,0,0,0,0,0,0,0,0,-32302,0,0,0,0,0,121041,0
118459,-1822,7970,620,41,121,33,-4078,6,-1,-797,-256,36474,133,32,65,0,0,0,0,0,0,0,0,-32302,0,0,0,0,0,121046,0
118464,-1836,7974,608,51,131,30,-4080,-1,1,-802,-256,36474,133,32,65,0,0,0,0,0,0,0,0,-32302,0,0,0,0,0,121051,0
118469,-1810,7988,606,50,141,27,-4080,0,5,-802,-264,36479,140,32,65,0,0,0,0,0,0,0,0,-32302,0,0,0,0,0,121057,0
118474,-1850,7942,556,48,142,25,-4079,3,1,-799,-256,36479,140,32,65,0,0,0,0,0,0,0,0,-32301,0,0,0,0,0,121062,0
118479,-1848,7950,572,45,145,27,-4080,-1,-1,-803,-264,36479,143,32,65,0,0,0,0,0,0,0,0,-32302,0,0,0,0,0,121068,0
118484,-1838,7960,534,46,147,23,-4079,1,3,-799,-256,36479,143,32,65,0,0,0,0,0,0,0,0,-32302,0,0,0,0,0,121073,0
118489,-1830,7958,500,39,144,22,-4079,0,-2,-804,-256,36480,148,32,65,0,0,0,0,0,0,0,0,-32302,0,0,0,0,0,121079,0
118494,-1812,7972,486,47,147,19,-4079,0,4,-804,-240,36480,148,32,65,0,0,0,0,0,0,0,0,-32302,0,0,0,0,0,121084,0
118499,-1842,7954,482,46,138,17,-4079,0,-1,-805,-264,36474,131,32,65,0,0,0,0,0,0,0,0,-32301,0,0,0,0,0,121090,0
118504,-1856,7960,458,44,130,11,-4079,0,-2,-805,-264,36474,131,32,65,0,0,0,0,0,0,0,0,-32301,0,0,0,0,0,121096,0
118509,-1874,7940,486,42,136,9,-4080,-1,-3,-802,-248,36473,136,32,65,0,0,0,0,0,0,0,0,-32301,0,0,0,0,0,121102,0
118514,-1896,7940,462,48,124,11,-4080,-5,-2,-809,-256,36473,136,32,65,0,0,0,0,0,0,0,0,-32302,0,0,0,0,0,121107,0
118519,-1912,7962,474,42,120,13,-4078,-5,3,-807,-256,36473,136,32,65,0,0,0,0,0,0,0,0,-32301,0,0,0,0,0,121113,0
118524,-1916,7960,456,47,110,3,-4079,0,-2,-801,-280,36473,136,32,65,0,0,0,0,0,0,0,0,-32302,0,0,0,0,0,121118,0
118529,-1908,7986,446,45,107,-1,-4080,-1,-3,-804,-256,36474,132,32,65,0,0,0,0,0,0,0,0,-32301,0,0,0,0,0,121124,0
118534,-1912,7938,420,39,103,4,-4079,0,1,-805,-264,36474,132,32,65,0,0,0,0,0,0,0,0,-32302,0,0,0,0,0,121129,0
118539,-1926,7934,404,46,95,-4,-4079,5,5,-804,-264,36474,128,32,65,0,0,0,0,0,0,0,0,-32302,0,0,0,0,0,121135,0
118544,-1936,7918,396,44,83,-5,-4079,-3,1,-806,-256,36474,128,32,65,0,0,0,0,0,0,0,0,-32301,0,0,0,0,0,121140,0
118549,-1966,7892,394,40,78,-7,-4078,3,6,-798,-272,36474,126,32,65,0,0,0,0,0,0,0,0,-32302,0,0,0,0,0,121145,0
118554,-1962,7882,412,38,75,-1,-4079,-3,2,-802,-280,36474,126,32,65,0,0,0,0,0,0,0,0,-32302,0,0,0,0,0,121151,0
118559,-1994,7878,386,34,64,-4,-4080,-3,0,-799,-264,36474,136,32,65,0,0,0,0,0,0,0,0,-32302,0,0,0,0,0,121157,0
118564,-1992,7832,366,40,54,-7,-4079,0,-1,-804,-264,36474,136,32,65,0,0,0,0,0,0,0,0,-32301,0,0,0,0,0,121162,0
118569,-2046,7840,336,35,45,-7,-4080,0,0,-797,-264,36478,133,32,65,0,0,0,0,0,0,0,0,-32302,0,0,0,0,0,121167,0
118574,-2048,7848,350,35,36,-7,-4079,3,-2,-806,-256,36478,133,32,65,0,0,0,0,0,0,0,0,-32301,0,0,0,0,0,121173,0
118579,-2072,7780,368,38,27,-3,-4079,6,2,-802,-272,36478,137,32,65,0,0,0,0,0,0,0,0,-32302,0,0,0,0,0,121179,0
118584,-2080,7790,372,37,5,-6,-4079,-5,2,-803,-272,36478,137,32,65,0,0,0,0,0,0,0,0,-32301,0,0,0,0,0,121184,0
118589,-2058,7818,368,33,-1,-2,-4080,-9,1,-801,-264,36479,141,32,65,0,0,0,0,0,0,0,0,-32302,0,0,0,0,0,121190,0
118594,-2108,7786,364,35,-11,-1,-4080,-3,-4,-806,-256,36479,141,32,65,0,0,0,0,0,0,0,0,-32302,0,0,0,0,0,121195,0
118599,-2098,7806,380,33,-19,-2,-4079,2,-2,-804,-264,36474,147,32,65,0,0,0,0,0,0,0,0,-32302,0,0,0,0,0,121200,0
118604,-2040,7800,362,38,-37,-4,-4080,2,-1,-800,-256,36474,147,32,65,0,0,0,0,0,0,0,0,-32301,0,0,0,0,0,121206,0
118609,-2026,7844,356,32,-48,0,-4079,1,2,-801,-256,36473,136,32,65,0,0,0,0,0,0,0,0,-32302,0,0,0,0,0,121212,0
118614,-2044,7872,364,37,-55,2,-4078,7,3,-802,-272,36473,136,32,65,0,0,0,0,0,0,0,0,-32301,0,0,0,0,0,121217,0
118619,-2040,7862,370,32,-61,5,-4079,-3,0,-806,-256,36472,135,32,65,0,0,0,0,0,0,0,0,-32302,0,0,0,0,0,121221,0
118624,-2056,7912,338,25,-78,3,-4078,10,3,-800,-272,36472,135,32,65,0,0,0,0,0,0,0,0,-32301,0,0,0,0,0,121226,0
118629,-2058,7880,328,26,-87,2,-4079,-5,1,-803,-256,36473,137,32,65,0,0,0,0,0,0,0,0,-32302,0,0,0,0,0,121231,0
118634,-2096,7894,294,21,-94,8,-4079,1,1,-797,-256,36473,137,32,65,0,0,0,0,0,0,0,0,-32302,0,0,0,0,0,121236,0
118639,-2054,7908,250,24,-106,6,-4079,1,-2,-804,-256,36476,141,32,65,0,0,0,0,0,0,0,0,-32302,0,0,0,0,0,121241,0
118644,-2072,7922,266,28,-132,7,-4079,-5,4,-805,-264,36476,141,32,65,0,0,0,0,0,0,0,0,-32302,0,0,0,0,0,121246,0
118649,-2064,7910,300,24,-143,6,-4079,2,1,-803,-256,36478,142,32,65,0,0,0,0,0,0,0,0,-32301,0,0,0,0,0,121252,0
118654,-2056,7922,300,24,-157,6,-4078,7,2,-806,-264,36478,142,32,65,0,0,0,0,0,0,0,0,-32302,0,0,0,0,0,121256,0
118659,-2008,7944,358,23,-163,9,-4080,0,-1,-801,-264,36478,134,32,65,0,0,0,0,0,0,0,0,-32302,0,0,0,0,0,121261,0
118664,-1968,7962,402,24,-179,4,-4078,3,6,-797,-272,36478,134,32,65,0,0,0,0,0,0,0,0,-32302,0,0,0,0,0,121266,0
118669,-1896,7956,446,17,-190,4,-4079,0,4,-805,-256,36480,135,32,65,0,0,0,0,0,0,0,0,-32301,0,0,0,0,0,121272,0
118674,-1872,7988,486,22,-197,2,-4078,0,0,-801,-264,36480,135,32,65,0,0,0,0,0,0,0,0,-32302,0,0,0,0,0,121276,0
118679,-1862,7978,490,21,-197,-1,-4079,2,3,-806,-264,36478,136,32,65,0,0,0,0,0,0,0,0,-32302,0,0,0,0,0,121281,0
118684,-1872,7988,616,13,-195,6,-4079,5,4,-801,-272,36478,136,32,65,0,0,0,0,0,0,0,0,-32301,0,0,0,0,0,121287,0
118689,-1856,7980,614,22,-194,-1,-4080,-6,1,-803,-264,36476,143,32,65,0,0,0,0,0,0,0,0,-32301,0,0,0,0,0,121292,0
118694,-1804,7966,626,16,-185,-2,-4079,-4,7,-799,-256,36476,143,32,65,0,0,0,0,0,0,0,0,-32302,0,0,0,0,0,121296,0
118699,-1824,7950,654,19,-184,-3,-4079,0,3,-800,-272,36477,136,32,65,0,0,0,0,0,0,0,0,-32302,0,0,0,0,0,121302,0
118704,-1806,7956,678,18,-178,-9,-4080,0,-1,-805,-272,36477,136,32,65,0,0,0,0,0,0,0,0,-32301,0,0,0,0,0,121307,0
