state_time,accelx,accely,accelz,gyrox,gyroy,gyroz,mot_ang,mot_vel,mot_acc,mot_cur,mot_volt,batt_volt,batt_curr,temperature,status_mn,status_ex,status_re,genvar_0,genvar_1,genvar_2,genvar_3,genvar_4,genvar_5,genvar_6,genvar_7,genvar_8,genvar_9,ank_ang,ank_vel,sys_time,event flags
80707,-772,8058,1094,93,7,28,13613,5,-2,-3,0,37341,135,26,66,0,0,0,0,0,0,0,0,-32313,0,0,0,0,0,1308,0
80712,-750,8076,1104,93,5,23,13613,-1,0,-3,0,37341,135,26,66,0,0,0,0,0,0,0,0,-32312,0,0,0,0,0,80708,0
80717,-760,8042,1068,85,8,25,13613,-3,1,-2,0,37343,135,26,66,0,0,0,0,0,0,0,0,-32313,0,0,0,0,0,80708,0
80722,-764,8046,1086,93,7,22,13613,-5,0,-2,0,37343,135,26,66,0,0,0,0,0,0,0,0,-32313,0,0,0,0,0,80708,0
80727,-758,8050,1068,86,7,20,13613,2,0,-2,0,37344,128,26,66,0,0,0,0,0,0,0,0,-32313,0,0,0,0,0,80708,0
80732,-794,8038,1096,90,0,15,13612,-11,-2,-3,0,37344,128,26,66,0,0,0,0,0,0,0,0,-32313,0,0,0,0,0,80708,0
80737,-818,8004,1114,88,-1,18,13613,-4,1,-1,0,37343,125,26,66,0,0,0,0,0,0,0,0,-32313,0,0,0,0,0,80708,0
80742,-822,8010,1102,82,1,16,13614,2,0,-3,0,37343,125,26,66,0,0,0,0,0,0,0,0,-32313,0,0,0,0,0,80708,0
80747,-798,8004,1130,87,-4,15,13613,2,-3,-3,0,37344,128,26,66,0,0,0,0,0,0,0,0,-32313,0,0,0,0,0,80708,0
80752,-794,8022,1128,84,2,11,13613,-5,1,-3,0,37344,128,26,66,0,0,0,0,0,0,0,0,-32313,0,0,0,0,0,80708,0
80757,-794,8026,1094,83,4,11,13612,0,-2,-3,0,37346,132,26,66,0,0,0,0,0,0,0,0,-32313,0,0,0,0,0,80708,0
80762,-810,8016,1098,87,-5,11,13613,0,-2,-3,0,37346,132,26,66,0,0,0,0,0,0,0,0,-32313,0,0,0,0,0,80709,0
80767,-776,8032,1132,82,-2,11,13614,-3,5,-3,0,37348,138,26,66,0,0,0,0,0,0,0,0,-32313,0,0,0,0,0,80714,0
80772,-802,8026,1092,84,4,6,13613,2,0,-4,0,37348,138,26,66,0,0,0,0,0,0,0,0,-32313,0,0,0,0,0,80719,0
80777,-788,8034,1116,82,-3,6,13614,7,-6,-2,0,37347,144,26,66,0,0,0,0,0,0,0,0,-32313,0,0,0,0,0,80724,0
80782,-812,8042,1138,79,-1,5,13613,7,-1,-3,0,37347,144,26,66,0,0,0,0,0,0,0,0,-32313,0,0,0,0,0,80729,0
80787,-830,8022,1100,82,-1,9,13614,1,1,-3,0,37346,134,26,66,0,0,0,0,0,0,0,0,-32313,0,0,0,0,0,80734,0
80792,-816,8040,1122,81,5,7,13613,-1,0,0,0,37346,134,26,66,0,0,0,0,0,0,0,0,-32313,0,0,0,0,0,80739,0
80797,-816,7992,1116,78,-2,9,13614,0,0,-2,0,37345,122,26,66,0,0,0,0,0,0,0,0,-32313,0,0,0,0,0,80744,0
80802,-852,8006,1092,82,-2,5,13614,2,-2,-4,0,37345,122,26,66,0,0,0,0,0,0,0,0,-32313,0,0,0,0,0,80749,0
80807,-822,8026,1092,74,1,7,13614,0,-5,-3,0,37343,122,26,66,0,0,0,0,0,0,0,0,-32313,0,0,0,0,0,80754,0
80812,-862,7992,1104,76,0,10,13613,-1,3,-2,0,37343,122,26,66,0,0,0,0,0,0,0,0,-32313,0,0,0,0,0,80759,0
80817,-820,8018,1120,74,1,6,13614,3,3,-2,0,37341,129,26,66,0,0,0,0,0,0,0,0,-32313,0,0,0,0,0,80764,0
80822,-832,8012,1090,66,-3,13,13613,-3,1,-3,0,37341,129,26,66,0,0,0,0,0,0,0,0,-32312,0,0,0,0,0,80769,0
80827,-852,8028,1080,71,0,8,13613,0,2,-3,0,37339,128,26,66,0,0,0,0,0,0,0,0,-32313,0,0,0,0,0,80774,0
80832,-844,8012,1106,76,-1,10,13613,-3,-1,-3,0,37339,128,26,66,0,0,0,0,0,0,0,0,-32313,0,0,0,0,0,80779,0
80837,-838,8010,1126,65,-4,11,13613,0,1,-3,0,37341,127,26,66,0,0,0,0,0,0,0,0,-32313,0,0,0,0,0,80784,0
80842,-880,7978,1094,71,-4,12,13613,-1,-3,-4,0,37341,127,26,66,0,0,0,0,0,0,0,0,-32313,0,0,0,0,0,80789,0
80847,-854,8000,1120,74,-2,9,13613,5,-1,-3,0,37344,123,26,66,0,0,0,0,0,0,0,0,-32313,0,0,0,0,0,80794,0
80852,-854,7992,1146,68,-1,13,13613,5,-2,-1,0,37344,123,26,66,0,0,0,0,0,0,0,0,-32313,0,0,0,0,0,80799,0
80857,-860,8000,1134,72,-8,11,13614,4,3,-2,0,37343,118,26,66,0,0,0,0,0,0,0,0,-32313,0,0,0,0,0,80804,0
80862,-862,7972,1144,70,-4,11,13615,5,7,-2,0,37343,118,26,66,0,0,0,0,0,0,0,0,-32313,0,0,0,0,0,80809,0
80867,-840,7988,1124,65,-5,13,13614,4,-2,-3,0,37340,118,26,66,0,0,0,0,0,0,0,0,-32313,0,0,0,0,0,80814,0
80872,-836,8006,1148,70,-5,16,13613,0,0,-4,0,37340,118,26,66,0,0,0,0,0,0,0,0,-32313,0,0,0,0,0,80819,0
80877,-828,8022,1144,76,-3,16,13614,5,1,-3,0,37333,117,26,66,0,0,0,0,0,0,0,0,-32313,0,0,0,0,0,80824,0
80882,-856,8006,1152,75,-11,18,13613,-4,-3,-2,0,37333,117,26,66,0,0,0,0,0,0,0,0,-32313,0,0,0,0,0,80829,0
80887,-806,7998,1178,74,-4,18,13613,0,2,-4,0,37327,123,26,66,0,0,0,0,0,0,0,0,-32313,0,0,0,0,0,80834,0
80892,-838,8006,1142,74,-7,17,13613,0,-1,-3,0,37327,123,26,66,0,0,0,0,0,0,0,0,-32312,0,0,0,0,0,80839,0
80897,-822,8024,1150,79,-10,13,13613,-3,-1,-4,0,37327,129,26,66,0,0,0,0,0,0,0,0,-32313,0,0,0,0,0,80844,0
80902,-834,8018,1162,74,-13,15,13613,-5,4,-2,0,37327,129,26,66,0,0,0,0,0,0,0,0,-32313,0,0,0,0,0,80849,0
80907,-796,8014,1148,78,-10,12,13614,6,1,-3,0,37327,136,26,66,0,0,0,0,0,0,0,0,-32313,0,0,0,0,0,80855,0
80912,-784,8042,1142,81,-17,11,13614,6,1,-2,0,37327,136,26,66,0,0,0,0,0,0,0,0,-32313,0,0,0,0,0,80860,0
80917,-808,8034,1128,82,-6,14,13613,3,1,-3,0,37326,130,26,66,0,0,0,0,0,0,0,0,-32313,0,0,0,0,0,80865,0
80922,-774,8052,1128,84,-10,15,13613,-1,-1,-4,0,37326,130,26,66,0,0,0,0,0,0,0,0,-32313,0,0,0,0,0,80870,0
80927,-780,8044,1132,87,-8,14,13612,-4,-2,-3,0,37325,127,25,66,0,0,0,0,0,0,0,0,-32313,0,0,0,0,0,80875,0
80932,-776,8038,1140,81,-5,8,13612,-2,5,-5,0,37325,127,25,66,0,0,0,0,0,0,0,0,-32312,0,0,0,0,0,80880,0
80937,-782,8014,1152,81,-6,4,13612,-3,0,-3,0,37320,118,26,66,0,0,0,0,0,0,0,0,-32313,0,0,0,0,0,80885,0
80942,-832,7996,1134,85,-13,7,13613,2,3,-4,0,37320,118,26,66,0,0,0,0,0,0,0,0,-32313,0,0,0,0,0,80890,0
80947,-824,8024,1136,82,-7,11,13613,-3,-1,-3,0,37322,110,26,66,0,0,0,0,0,0,0,0,-32313,0,0,0,0,0,80895,0
80952,-818,8016,1110,81,-6,6,13614,3,5,-4,0,37322,110,26,66,0,0,0,0,0,0,0,0,-32313,0,0,0,0,0,80900,0
80957,-818,8038,1084,84,-5,8,13613,-7,-1,-4,0,37322,118,26,66,0,0,0,0,0,0,0,0,-32312,0,0,0,0,0,80905,0
80962,-834,8098,1070,81,-6,9,13614,2,0,-3,0,37322,118,26,66,0,0,0,0,0,0,0,0,-32312,0,0,0,0,0,80910,0
80967,-816,8054,1062,84,-6,5,13614,3,-2,-5,0,37324,119,26,66,0,0,0,0,0,0,0,0,-32313,0,0,0,0,0,80915,0
80972,-812,8016,1146,87,-10,8,13613,1,1,-5,0,37324,119,26,66,0,0,0,0,0,0,0,0,-32313,0,0,0,0,0,80920,0
80977,-832,8004,1106,84,-12,8,13614,-1,-2,-3,0,37324,123,25,66,0,0,0,0,0,0,0,0,-32313,0,0,0,0,0,80925,0
80982,-856,7992,1092,79,-14,7,13613,2,-1,-3,0,37324,123,25,66,0,0,0,0,0,0,0,0,-32313,0,0,0,0,0,80930,0
80987,-888,7992,1124,75,-11,5,13613,-2,2,-3,0,37324,125,26,66,0,0,0,0,0,0,0,0,-32313,0,0,0,0,0,80935,0
80992,-910,7954,1114,83,-11,9,13613,-6,-2,-2,0,37324,125,26,66,0,0,0,0,0,0,0,0,-32313,0,0,0,0,0,80940,0
80997,-890,7966,1096,80,-2,11,13614,-4,-2,-2,0,37324,124,26,66,0,0,0,0,0,0,0,0,-32313,0,0,0,0,0,80945,0
81002,-876,8002,1134,80,-3,9,13614,1,1,-4,0,37324,124,26,66,0,0,0,0,0,0,0,0,-32313,0,0,0,0,0,80950,0
81007,-864,8006,1124,81,-5,10,13614,-4,-3,-4,0,37329,129,26,66,0,0,0,0,0,0,0,0,-32313,0,0,0,0,0,80955,0
81012,-842,7998,1084,80,-6,12,13613,0,-2,-2,0,37329,129,26,66,0,0,0,0,0,0,0,0,-32313,0,0,0,0,0,80960,0
81017,-826,8032,1104,78,-2,13,13614,-1,-1,-3,0,37325,123,26,66,0,0,0,0,0,0,0,0,-32312,0,0,0,0,0,80965,0
81022,-842,8038,1104,76,-3,12,13614,0,3,-2,0,37325,123,26,66,0,0,0,0,0,0,0,0,-32313,0,0,0,0,0,80970,0
81027,-824,7996,1092,76,-1,13,13613,2,4,-2,0,37325,123,26,66,0,0,0,0,0,0,0,0,-32313,0,0,0,0,0,80975,0
81032,-816,8038,1116,76,0,15,13614,7,2,-2,0,37325,123,26,66,0,0,0,0,0,0,0,0,-32312,0,0,0,0,0,80980,0
81037,-824,8028,1104,73,0,11,13612,-3,-3,-2,0,37320,129,26,66,0,0,0,0,0,0,0,0,-32313,0,0,0,0,0,80985,0
81042,-816,8048,1108,77,4,13,13613,-2,5,-2,0,37320,129,26,66,0,0,0,0,0,0,0,0,-32313,0,0,0,0,0,80990,0
81047,-822,8038,1082,77,4,15,13614,-3,-3,-3,0,37321,123,26,66,0,0,0,0,0,0,0,0,-32313,0,0,0,0,0,80995,0
81052,-834,7994,1110,70,3,13,13613,-4,2,-2,0,37321,123,26,66,0,0,0,0,0,0,0,0,-32313,0,0,0,0,0,81000,0
81057,-834,8014,1104,79,1,10,13614,8,1,-2,0,37321,124,26,66,0,0,0,0,0,0,0,0,-32313,0,0,0,0,0,81005,0
81062,-810,8030,1122,78,2,11,13614,2,-4,-4,0,37321,124,26,66,0,0,0,0,0,0,0,0,-32313,0,0,0,0,0,81010,0
81067,-850,7984,1106,79,8,11,13613,2,2,-2,0,37321,122,26,66,0,0,0,0,0,0,0,0,-32313,0,0,0,0,0,81015,0
81072,-824,8012,1110,78,5,13,13612,-3,-1,-3,0,37321,122,26,66,0,0,0,0,0,0,0,0,-32313,0,0,0,0,0,81020,0
81077,-844,8018,1080,77,-2,6,13614,-5,-3,-3,0,37321,131,26,66,0,0,0,0,0,0,0,0,-32313,0,0,0,0,0,81025,0
81082,-890,8006,1108,71,3,8,13612,0,2,-3,0,37321,131,26,66,0,0,0,0,0,0,0,0,-32313,0,0,0,0,0,81030,0
81087,-868,8000,1114,68,4,8,13614,0,7,-3,0,37322,131,26,66,0,0,0,0,0,0,0,0,-32313,0,0,0,0,0,81035,0
81092,-860,7992,1114,75,-4,13,13613,-6,-2,-3,0,37322,131,26,66,0,0,0,0,0,0,0,0,-32313,0,0,0,0,0,81040,0
81097,-838,8024,1100,76,0,8,13614,0,3,-3,0,37323,133,26,66,0,0,0,0,0,0,0,0,-32313,0,0,0,0,0,81045,0
81102,-828,8026,1130,73,0,12,13613,1,0,-3,0,37323,133,26,66,0,0,0,0,0,0,0,0,-32313,0,0,0,0,0,81050,0
81107,-838,8030,1138,70,3,11,13614,7,1,-2,0,37323,130,26,66,0,0,0,0,0,0,0,0,-32313,0,0,0,0,0,81055,0
81112,-840,8028,1088,73,4,11,13614,9,2,-3,0,37323,130,26,66,0,0,0,0,0,0,0,0,-32313,0,0,0,0,0,81060,0
81117,-816,8066,1092,76,2,10,13613,4,5,-3,0,37325,131,26,66,0,0,0,0,0,0,0,0,-32313,0,0,0,0,0,81065,0
81122,-814,8052,1086,76,-2,6,13615,1,-4,-3,0,37325,131,26,66,0,0,0,0,0,0,0,0,-32313,0,0,0,0,0,81070,0
81127,-808,8010,1082,72,0,9,13613,2,0,-3,0,37324,135,25,66,0,0,0,0,0,0,0,0,-32313,0,0,0,0,0,81075,0
81132,-838,8008,1090,72,-5,9,13613,0,0,-1,0,37324,135,25,66,0,0,0,0,0,0,0,0,-32313,0,0,0,0,0,81080,0
81137,-838,8008,1114,76,3,4,13614,0,-6,-3,0,37325,129,26,66,0,0,0,0,0,0,0,0,-32313,0,0,0,0,0,81085,0
81142,-852,8028,1106,76,-6,8,13614,-1,-3,-4,0,37325,129,26,66,0,0,0,0,0,0,0,0,-32312,0,0,0,0,0,81090,0
81147,-830,8034,1116,72,-3,4,13612,0,6,-3,0,37321,126,26,66,0,0,0,0,0,0,0,0,-32313,0,0,0,0,0,81095,0
81152,-806,7992,1128,74,3,6,13614,-1,-4,-2,0,37321,126,26,66,0,0,0,0,0,0,0,0,-32314,0,0,0,0,0,81100,0
81157,-824,8008,1084,76,-7,0,13613,-3,-2,-2,0,37329,119,26,66,0,0,0,0,0,0,0,0,-32314,0,0,0,0,0,81105,0
81162,-816,8036,1096,70,-1,0,13612,0,5,-2,0,37329,119,26,66,0,0,0,0,0,0,0,0,-32312,0,0,0,0,0,81110,0
81167,-834,8010,1100,74,-1,3,13613,2,-1,-2,0,37336,121,26,66,0,0,0,0,0,0,0,0,-32313,0,0,0,0,0,81115,0
81172,-844,8024,1074,73,-6,2,13613,-2,-2,-4,0,37336,121,26,66,0,0,0,0,0,0,0,0,-32313,0,0,0,0,0,81120,0
81177,-816,8010,1086,73,0,-2,13613,-2,2,-2,0,37337,122,26,66,0,0,0,0,0,0,0,0,-32313,0,0,0,0,0,81125,0
81182,-798,8048,1094,70,2,-2,13613,2,2,-3,0,37337,122,26,66,0,0,0,0,0,0,0,0,-32313,0,0,0,0,0,81130,0
81187,-792,8024,1086,69,1,-6,13613,6,-1,-3,0,37333,129,26,66,0,0,0,0,0,0,0,0,-32313,0,0,0,0,0,81135,0
81192,-808,8016,1076,71,5,-8,13613,-7,-4,-3,0,37333,129,26,66,0,0,0,0,0,0,0,0,-32313,0,0,0,0,0,81140,0
81197,-828,8028,1084,68,5,-8,13613,0,5,-2,0,37325,129,26,66,0,0,0,0,0,0,0,0,-32313,0,0,0,0,0,81145,0
81202,-844,8036,1080,66,6,-5,13613,0,2,-3,0,37325,129,26,66,0,0,0,0,0,0,0,0,-32312,0,0,0,0,0,81150,0
81207,-846,8036,1060,71,7,-7,13613,-1,0,-3,0,37327,125,26,66,0,0,0,0,0,0,0,0,-32313,0,0,0,0,0,81155,0
81212,-838,8016,1088,65,5,-14,13613,-2,0,-2,0,37327,125,26,66,0,0,0,0,0,0,0,0,-32313,0,0,0,0,0,81160,0
81217,-870,8002,1098,63,4,-9,13613,3,4,-3,0,37330,122,26,66,0,0,0,0,0,0,0,0,-32313,0,0,0,0,0,81165,0
81222,-842,8024,1070,67,-1,-9,13614,5,1,-3,0,37330,122,26,66,0,0,0,0,0,0,0,0,-32312,0,0,0,0,0,81170,0
81227,-850,8030,1092,67,5,-9,13615,1,2,-3,0,37329,127,26,66,0,0,0,0,0,0,0,0,-32313,0,0,0,0,0,81175,0
81232,-848,8004,1116,69,-4,-14,13614,3,-4,-3,0,37329,127,26,66,0,0,0,0,0,0,0,0,-32313,0,0,0,0,0,81180,0
81237,-870,7990,1122,67,1,-6,13614,4,1,-3,0,37325,130,26,66,0,0,0,0,0,0,0,0,-32313,0,0,0,0,0,81185,0
81242,-872,8002,1140,69,0,-14,13613,-5,-3,-3,0,37325,130,26,66,0,0,0,0,0,0,0,0,-32313,0,0,0,0,0,81190,0
81247,-822,8000,1100,67,-2,-10,13613,2,-1,-3,0,37323,125,26,66,0,0,0,0,0,0,0,0,-32313,0,0,0,0,0,81195,0
81252,-874,8018,1092,68,2,-13,13613,-1,-1,-3,0,37323,125,26,66,0,0,0,0,0,0,0,0,-32313,0,0,0,0,0,81200,0
81257,-814,8024,1116,70,-2,-13,13613,2,1,-3,0,37325,131,26,66,0,0,0,0,0,0,0,0,-32312,0,0,0,0,0,81205,0
81262,-826,8004,1130,69,3,-9,13614,4,4,-2,0,37325,131,26,66,0,0,0,0,0,0,0,0,-32312,0,0,0,0,0,81210,0
81267,-844,8038,1134,70,-4,-14,13612,-2,2,-1,0,37327,134,26,66,0,0,0,0,0,0,0,0,-32313,0,0,0,0,0,81215,0
81272,-812,8046,1112,70,1,-14,13614,-1,2,-2,0,37327,134,26,66,0,0,0,0,0,0,0,0,-32312,0,0,0,0,0,81220,0
81277,-854,8024,1120,69,-5,-13,13614,4,-2,-1,0,37327,132,26,66,0,0,0,0,0,0,0,0,-32313,0,0,0,0,0,81225,0
81282,-846,8032,1096,76,-2,-12,13613,1,7,-2,0,37327,132,26,66,0,0,0,0,0,0,0,0,-32313,0,0,0,0,0,81230,0
81287,-878,8020,1108,69,-4,-16,13612,-3,-4,-3,0,37326,127,26,66,0,0,0,0,0,0,0,0,-32313,0,0,0,0,0,81235,0
81292,-850,8016,1096,71,3,-17,13613,0,0,-3,0,37326,127,26,66,0,0,0,0,0,0,0,0,-32313,0,0,0,0,0,81240,0
81297,-864,7980,1108,71,-2,-12,13613,0,2,-3,0,37327,127,26,66,0,0,0,0,0,0,0,0,-32312,0,0,0,0,0,81245,0
81302,-866,8002,1104,74,0,-19,13612,-10,2,-2,0,37327,127,26,66,0,0,0,0,0,0,0,0,-32313,0,0,0,0,0,81250,0
81307,-894,7988,1102,75,1,-15,13612,-3,-1,-2,0,37327,117,26,66,0,0,0,0,0,0,0,0,-32313,0,0,0,0,0,81255,0
81312,-906,7966,1078,73,3,-15,13614,-1,-1,0,0,37327,117,26,66,0,0,0,0,0,0,0,0,-32312,0,0,0,0,0,81260,0
81317,-908,7994,1090,79,0,-15,13612,5,6,-3,0,37328,117,26,66,0,0,0,0,0,0,0,0,-32313,0,0,0,0,0,81265,0
81322,-894,8002,1096,74,-2,-11,13613,2,4,-1,0,37328,117,26,66,0,0,0,0,0,0,0,0,-32313,0,0,0,0,0,81270,0
81327,-918,7990,1090,76,-2,-14,13614,0,-1,0,0,37324,115,26,66,0,0,0,0,0,0,0,0,-32313,0,0,0,0,0,81275,0
81332,-910,7974,1082,72,-6,-9,13613,-4,3,-3,0,37324,115,26,66,0,0,0,0,0,0,0,0,-32313,0,0,0,0,0,81280,0
81337,-902,7998,1084,74,1,-12,13612,-6,-1,-2,0,37324,113,26,66,0,0,0,0,0,0,0,0,-32313,0,0,0,0,0,81285,0
81342,-920,8012,1100,77,-1,-13,13614,8,-3,-3,0,37324,113,26,66,0,0,0,0,0,0,0,0,-32313,0,0,0,0,0,81290,0
81347,-914,7998,1072,76,-3,-8,13612,0,2,-2,0,37321,115,26,66,0,0,0,0,0,0,0,0,-32313,0,0,0,0,0,81295,0
81352,-874,8004,1080,68,-3,-5,13613,-1,3,-3,0,37321,115,26,66,0,0,0,0,0,0,0,0,-32313,0,0,0,0,0,81300,0
81357,-894,8014,1072,73,-1,-4,13613,3,1,-2,0,37322,110,26,66,0,0,0,0,0,0,0,0,-32312,0,0,0,0,0,81305,0
81362,-882,8030,1068,75,-2,-6,13613,0,8,-2,0,37322,110,26,66,0,0,0,0,0,0,0,0,-32313,0,0,0,0,0,81311,0
81367,-868,8022,1064,70,-1,-3,13613,-1,1,-2,0,37324,119,26,66,0,0,0,0,0,0,0,0,-32313,0,0,0,0,0,81316,0
81372,-872,8044,1090,68,-3,-5,13613,0,1,-2,0,37324,119,26,66,0,0,0,0,0,0,0,0,-32312,0,0,0,0,0,81321,0
81377,-852,8044,1068,73,-7,-6,13613,0,0,-2,0,37324,122,26,66,0,0,0,0,0,0,0,0,-32313,0,0,0,0,0,81326,0
81382,-840,8056,1084,72,-4,-5,13613,0,1,-1,0,37324,122,26,66,0,0,0,0,0,0,0,0,-32313,0,0,0,0,0,81331,0
81387,-880,8050,1060,73,-4,-4,13614,2,3,-2,0,37324,124,26,66,0,0,0,0,0,0,0,0,-32312,0,0,0,0,0,81336,0
81392,-888,8014,1074,75,-6,-7,13613,-2,1,-1,0,37324,124,26,66,0,0,0,0,0,0,0,0,-32313,0,0,0,0,0,81341,0
81397,-878,8004,1050,68,-16,-6,13614,1,-2,-4,0,37323,128,26,66,0,0,0,0,0,0,0,0,-32312,0,0,0,0,0,81346,0
81402,-900,7992,1068,69,-13,-6,13614,3,-4,-2,0,37323,128,26,66,0,0,0,0,0,0,0,0,-32312,0,0,0,0,0,81351,0
81407,-904,8002,1062,70,-12,-3,13613,0,-1,-4,0,37326,133,26,66,0,0,0,0,0,0,0,0,-32312,0,0,0,0,0,81356,0
81412,-940,7986,1082,70,-21,-8,13614,3,0,-4,0,37326,133,26,66,0,0,0,0,0,0,0,0,-32313,0,0,0,0,0,81361,0
81417,-924,7974,1056,67,-24,-7,13614,6,0,-6,0,37327,136,26,66,0,0,0,0,0,0,0,0,-32312,0,0,0,0,0,81366,0
81422,-946,7968,1090,74,-17,-11,13613,1,2,-5,0,37327,136,26,66,0,0,0,0,0,0,0,0,-32313,0,0,0,0,0,81371,0
81427,-946,7990,1074,68,-18,-7,13613,0,0,-2,0,37329,130,25,66,0,0,0,0,0,0,0,0,-32312,0,0,0,0,0,81376,0
81432,-906,7988,1086,68,-23,-3,13614,4,-7,-4,0,37329,130,25,66,0,0,0,0,0,0,0,0,-32313,0,0,0,0,0,81381,0
81437,-908,7970,1086,71,-19,-4,13613,-2,3,-2,0,37329,132,26,66,0,0,0,0,0,0,0,0,-32312,0,0,0,0,0,81386,0
81442,-898,7980,1090,66,-14,0,13613,0,-4,-1,0,37329,132,26,66,0,0,0,0,0,0,0,0,-32312,0,0,0,0,0,81391,0
81447,-912,8022,1086,67,-15,0,13613,0,-5,0,0,37329,129,26,66,0,0,0,0,0,0,0,0,-32313,0,0,0,0,0,81396,0
81452,-888,8028,1044,63,-3,4,13614,1,1,0,0,37329,129,26,66,0,0,0,0,0,0,0,0,-32313,0,0,0,0,0,81401,0
81457,-880,8024,1058,65,-3,1,13613,-6,0,-3,0,37327,124,26,66,0,0,0,0,0,0,0,0,-32313,0,0,0,0,0,81406,0
81462,-890,8044,1068,54,-4,1,13613,-6,-1,-1,0,37327,124,26,66,0,0,0,0,0,0,0,0,-32313,0,0,0,0,0,81411,0
81467,-886,8018,1066,62,0,3,13613,-2,-1,-1,0,37329,116,26,66,0,0,0,0,0,0,0,0,-32312,0,0,0,0,0,81416,0
81472,-924,8034,1108,58,-3,7,13614,0,0,-3,0,37329,116,26,66,0,0,0,0,0,0,0,0,-32313,0,0,0,0,0,81421,0
81477,-876,8022,1130,56,-5,7,13612,-7,2,-1,0,37329,119,26,66,0,0,0,0,0,0,0,0,-32313,0,0,0,0,0,81426,0
81482,-894,8022,1160,57,1,11,13613,-1,1,-2,0,37329,119,26,66,0,0,0,0,0,0,0,0,-32313,0,0,0,0,0,81431,0
81487,-890,7994,1146,64,-1,7,13613,1,0,-2,0,37328,125,26,66,0,0,0,0,0,0,0,0,-32313,0,0,0,0,0,81436,0
81492,-872,7990,1164,59,-3,6,13613,1,4,-1,0,37328,125,26,66,0,0,0,0,0,0,0,0,-32313,0,0,0,0,0,81441,0
81497,-868,8000,1162,67,0,8,13614,3,3,-2,0,37325,124,26,66,0,0,0,0,0,0,0,0,-32312,0,0,0,0,0,81446,0
81502,-818,8012,1208,66,-4,4,13613,-3,1,-2,0,37325,124,26,66,0,0,0,0,0,0,0,0,-32312,0,0,0,0,0,81451,0
81507,-802,8018,1210,69,-4,4,13613,1,0,-2,0,37327,120,26,66,0,0,0,0,0,0,0,0,-32313,0,0,0,0,0,81456,0
81512,-780,8048,1214,79,-6,1,13613,0,-5,-2,0,37327,120,26,66,0,0,0,0,0,0,0,0,-32312,0,0,0,0,0,81461,0
81517,-788,8048,1194,79,-11,-4,13613,-6,0,0,0,37328,122,26,66,0,0,0,0,0,0,0,0,-32312,0,0,0,0,0,81466,0
81522,-742,8048,1222,89,-12,-5,13613,-2,3,0,0,37328,122,26,66,0,0,0,0,0,0,0,0,-32313,0,0,0,0,0,81471,0
81527,-706,8022,1260,98,-12,-11,13612,0,-2,-2,0,37337,118,26,66,0,0,0,0,0,0,0,0,-32313,0,0,0,0,0,81476,0
81532,-718,8042,1268,97,-10,-18,13612,-11,1,-2,0,37337,118,26,66,0,0,0,0,0,0,0,0,-32312,0,0,0,0,0,81481,0
81537,-722,8032,1244,105,-14,-23,13613,-1,1,-3,0,37334,129,26,66,0,0,0,0,0,0,0,0,-32313,0,0,0,0,0,81486,0
81542,-706,8036,1242,107,-11,-32,13613,-2,4,-3,0,37334,129,26,66,0,0,0,0,0,0,0,0,-32313,0,0,0,0,0,81491,0
81547,-714,8018,1252,113,-10,-31,13613,2,6,-4,0,37333,127,26,66,0,0,0,0,0,0,0,0,-32313,0,0,0,0,0,81496,0
81552,-752,8014,1242,120,-7,-42,13615,10,-3,-3,0,37333,127,26,66,0,0,0,0,0,0,0,0,-32313,0,0,0,0,0,81501,0
81557,-742,8024,1226,118,-6,-44,13613,4,5,-2,0,37327,128,26,66,0,0,0,0,0,0,0,0,-32312,0,0,0,0,0,81506,0
81562,-760,8010,1184,118,-8,-49,13612,-7,2,-3,0,37327,128,26,66,0,0,0,0,0,0,0,0,-32313,0,0,0,0,0,81511,0
81567,-812,7996,1184,123,-4,-52,13614,7,-5,-2,0,37329,139,26,66,0,0,0,0,0,0,0,0,-32313,0,0,0,0,0,81516,0
81572,-838,8006,1144,128,-3,-59,13614,4,-1,-3,0,37329,139,26,66,0,0,0,0,0,0,0,0,-32313,0,0,0,0,0,81521,0
81577,-858,7976,1140,132,-7,-63,13614,2,-1,-3,0,37328,133,26,66,0,0,0,0,0,0,0,0,-32313,0,0,0,0,0,81526,0
81582,-866,8004,1112,129,-5,-57,13614,-2,-4,-3,0,37328,133,26,66,0,0,0,0,0,0,0,0,-32312,0,0,0,0,0,81531,0
81587,-878,7998,1090,130,-3,-59,13613,-1,-3,-3,0,37326,131,26,66,0,0,0,0,0,0,0,0,-32312,0,0,0,0,0,81536,0
81592,-884,8004,1054,131,-4,-65,13614,3,-1,-3,0,37326,131,26,66,0,0,0,0,0,0,0,0,-32313,0,0,0,0,0,81541,0
81597,-894,8012,1032,131,-5,-65,13614,1,-2,-2,0,37327,123,26,66,0,0,0,0,0,0,0,0,-32312,0,0,0,0,0,81546,0
81602,-890,8032,1022,126,-1,-65,13614,0,2,-2,0,37327,123,26,66,0,0,0,0,0,0,0,0,-32313,0,0,0,0,0,81551,0
81607,-880,8036,1012,128,-4,-65,13613,0,-1,-2,0,37327,120,26,66,0,0,0,0,0,0,0,0,-32312,0,0,0,0,0,81556,0
81612,-890,8036,1010,125,-5,-63,13612,-3,-3,-3,0,37327,120,26,66,0,0,0,0,0,0,0,0,-32313,0,0,0,0,0,81561,0
81617,-914,8018,994,123,-8,-65,13613,-3,-1,-3,0,37327,116,26,66,0,0,0,0,0,0,0,0,-32312,0,0,0,0,0,81566,0
81622,-886,8054,996,118,-2,-65,13613,-1,1,-3,0,37327,116,26,66,0,0,0,0,0,0,0,0,-32313,0,0,0,0,0,81571,0
81627,-906,8052,976,117,-7,-63,13613,-4,-2,-3,0,37327,131,26,66,0,0,0,0,0,0,0,0,-32312,0,0,0,0,0,81575,0
81632,-920,8044,962,119,1,-69,13614,-2,1,-4,0,37327,131,26,66,0,0,0,0,0,0,0,0,-32313,0,0,0,0,0,81580,0
81637,-952,8038,966,109,-8,-68,13613,0,-6,-1,0,37325,134,26,66,0,0,0,0,0,0,0,0,-32312,0,0,0,0,0,81585,0
81642,-916,8042,978,107,-2,-68,13614,0,-2,-3,0,37325,134,26,66,0,0,0,0,0,0,0,0,-32313,0,0,0,0,0,81590,0
81647,-932,8040,968,107,-2,-65,13613,-1,1,-3,0,37324,135,25,66,0,0,0,0,0,0,0,0,-32313,0,0,0,0,0,81595,0
81652,-950,8052,942,101,-2,-65,13614,3,1,-2,0,37324,135,25,66,0,0,0,0,0,0,0,0,-32312,0,0,0,0,0,81600,0
81657,-956,8040,948,100,-4,-67,13613,-7,0,-3,0,37322,125,26,66,0,0,0,0,0,0,0,0,-32313,0,0,0,0,0,81605,0
81662,-976,8002,958,95,-3,-62,13613,-1,1,-2,0,37322,125,26,66,0,0,0,0,0,0,0,0,-32313,0,0,0,0,0,81610,0
81667,-998,8008,958,92,-2,-63,13613,3,1,-2,0,37325,120,26,66,0,0,0,0,0,0,0,0,-32312,0,0,0,0,0,81615,0
81672,-1038,7980,980,85,6,-61,13614,-1,-1,-3,0,37325,120,26,66,0,0,0,0,0,0,0,0,-32313,0,0,0,0,0,81620,0
81677,-1034,7982,970,81,3,-52,13614,-2,3,-3,0,37325,120,26,66,0,0,0,0,0,0,0,0,-32313,0,0,0,0,0,81625,0
81682,-1016,8006,988,84,5,-54,13613,1,1,-2,0,37325,120,26,66,0,0,0,0,0,0,0,0,-32313,0,0,0,0,0,81630,0
81687,-1024,8004,984,85,1,-50,13612,-5,-3,-3,0,37323,117,26,66,0,0,0,0,0,0,0,0,-32312,0,0,0,0,0,81635,0
81692,-1036,7990,1014,80,5,-52,13613,4,4,-2,0,37323,117,26,66,0,0,0,0,0,0,0,0,-32313,0,0,0,0,0,81640,0
81697,-1058,7994,1030,72,2,-48,13613,-5,1,-3,0,37321,124,26,66,0,0,0,0,0,0,0,0,-32313,0,0,0,0,0,81645,0
81702,-1030,7982,1024,78,8,-45,13615,4,4,-2,0,37321,124,26,66,0,0,0,0,0,0,0,0,-32313,0,0,0,0,0,81650,0
81707,-1054,7990,1060,76,2,-42,13614,2,1,-3,0,37324,134,26,66,0,0,0,0,0,0,0,0,-32313,0,0,0,0,0,81655,0
81712,-1048,7982,1054,64,2,-38,13613,5,0,-2,0,37324,134,26,66,0,0,0,0,0,0,0,0,-32313,0,0,0,0,0,81660,0
81717,-1062,7950,1068,81,3,-33,13613,0,0,-2,0,37326,138,26,66,0,0,0,0,0,0,0,0,-32312,0,0,0,0,0,81665,0
81722,-1078,7992,1066,74,0,-31,13613,1,2,-2,0,37326,138,26,66,0,0,0,0,0,0,0,0,-32313,0,0,0,0,0,81670,0
81727,-1060,7972,1100,80,1,-26,13615,3,5,-1,0,37331,129,26,66,0,0,0,0,0,0,0,0,-32312,0,0,0,0,0,81675,0
81732,-1086,7964,1112,81,0,-22,13613,7,0,-3,0,37331,129,26,66,0,0,0,0,0,0,0,0,-32313,0,0,0,0,0,81680,0
81737,-1080,7946,1116,83,-1,-21,13613,-2,-2,-1,0,37336,127,26,66,0,0,0,0,0,0,0,0,-32312,0,0,0,0,0,81685,0
81742,-1062,7950,1114,80,-3,-17,13613,-1,-1,-3,0,37336,127,26,66,0,0,0,0,0,0,0,0,-32313,0,0,0,0,0,81690,0
81747,-1064,7936,1148,88,-9,-16,13612,-6,-4,-3,0,37333,116,26,66,0,0,0,0,0,0,0,0,-32313,0,0,0,0,0,81695,0
81752,-1058,7942,1136,86,-9,-8,13613,-2,1,-2,0,37333,116,26,66,0,0,0,0,0,0,0,0,-32313,0,0,0,0,0,81700,0
81757,-1060,7966,1142,89,-2,-8,13614,5,2,-3,0,37331,118,26,66,0,0,0,0,0,0,0,0,-32313,0,0,0,0,0,81705,0
81762,-1024,7994,1162,90,-11,-7,13612,0,-6,-1,0,37331,118,26,66,0,0,0,0,0,0,0,0,-32313,0,0,0,0,0,81710,0
81767,-986,7968,1168,92,-5,-1,13614,1,0,-2,0,37324,119,26,66,0,0,0,0,0,0,0,0,-32312,0,0,0,0,0,81715,0
81772,-996,7994,1164,100,-8,-1,13613,-1,3,-3,0,37324,119,26,66,0,0,0,0,0,0,0,0,-32312,0,0,0,0,0,81720,0
81777,-964,7982,1166,103,-1,0,13613,-1,-2,-1,0,37325,128,26,66,0,0,0,0,0,0,0,0,-32313,0,0,0,0,0,81725,0
81782,-964,8020,1156,102,-6,2,13613,3,1,-1,0,37325,128,26,66,0,0,0,0,0,0,0,0,-32313,0,0,0,0,0,81730,0
81787,-944,8016,1170,114,-10,-1,13613,4,-1,-2,0,37324,125,26,66,0,0,0,0,0,0,0,0,-32313,0,0,0,0,0,81735,0
81792,-942,8036,1154,110,-3,-1,13614,2,5,-2,0,37324,125,26,66,0,0,0,0,0,0,0,0,-32313,0,0,0,0,0,81740,0
81797,-918,8018,1152,115,-1,-3,13613,-1,0,-3,0,37322,123,26,66,0,0,0,0,0,0,0,0,-32312,0,0,0,0,0,81745,0
81802,-934,8010,1150,115,-1,-2,13613,1,-2,-3,0,37322,123,26,66,0,0,0,0,0,0,0,0,-32312,0,0,0,0,0,81750,0
81807,-940,8016,1148,125,-2,0,13613,-5,0,-2,0,37323,118,26,66,0,0,0,0,0,0,0,0,-32313,0,0,0,0,0,81755,0
81812,-932,8020,1112,117,-1,-5,13614,4,1,-3,0,37323,118,26,66,0,0,0,0,0,0,0,0,-32313,0,0,0,0,0,81760,0
81817,-948,8006,1096,126,-2,-8,13614,1,5,-3,0,37323,112,25,66,0,0,0,0,0,0,0,0,-32313,0,0,0,0,0,81765,0
81822,-948,7996,1088,130,2,-6,13614,5,0,-4,0,37323,112,25,66,0,0,0,0,0,0,0,0,-32313,0,0,0,0,0,81770,0
81827,-966,7994,1090,128,-3,-7,13613,0,3,-2,0,37325,114,26,66,0,0,0,0,0,0,0,0,-32313,0,0,0,0,0,81775,0
81832,-988,7996,1032,125,0,-8,13613,1,-1,-3,0,37325,114,26,66,0,0,0,0,0,0,0,0,-32313,0,0,0,0,0,81780,0
81837,-954,7986,1044,128,4,-9,13613,0,5,0,0,37326,118,26,66,0,0,0,0,0,0,0,0,-32313,0,0,0,0,0,81785,0
81842,-958,7996,1024,126,5,-10,13614,5,2,-3,0,37326,118,26,66,0,0,0,0,0,0,0,0,-32312,0,0,0,0,0,81790,0
81847,-960,8006,1010,126,5,-12,13613,-3,0,-3,0,37328,119,26,66,0,0,0,0,0,0,0,0,-32312,0,0,0,0,0,81795,0
81852,-968,8004,1024,125,1,-12,13613,1,1,-2,0,37328,119,26,66,0,0,0,0,0,0,0,0,-32313,0,0,0,0,0,81800,0
81857,-974,8010,1008,124,1,-14,13614,5,2,-3,0,37329,119,26,66,0,0,0,0,0,0,0,0,-32313,0,0,0,0,0,81805,0
81862,-968,8006,976,118,5,-9,13614,0,-1,-3,0,37329,119,26,66,0,0,0,0,0,0,0,0,-32313,0,0,0,0,0,81810,0
81867,-988,8028,1006,126,7,-12,13613,4,-2,-2,0,37327,126,26,66,0,0,0,0,0,0,0,0,-32313,0,0,0,0,0,81815,0
81872,-956,8020,998,123,6,-10,13613,-3,1,-4,0,37327,126,26,66,0,0,0,0,0,0,0,0,-32313,0,0,0,0,0,81820,0
81877,-958,8038,984,118,6,-13,13613,-6,-1,-2,0,37327,130,26,66,0,0,0,0,0,0,0,0,-32313,0,0,0,0,0,81825,0
81882,-948,8060,966,118,4,-11,13614,5,2,-3,0,37327,130,26,66,0,0,0,0,0,0,0,0,-32313,0,0,0,0,0,81830,0
81887,-942,8074,960,119,3,-16,13612,-6,-4,-3,0,37327,132,26,66,0,0,0,0,0,0,0,0,-32313,0,0,0,0,0,81835,0
81892,-976,8060,984,115,-5,-12,13612,-5,-1,-2,0,37327,132,26,66,0,0,0,0,0,0,0,0,-32313,0,0,0,0,0,81840,0
81897,-990,8054,962,120,-5,-9,13613,-1,-2,-4,0,37327,132,26,66,0,0,0,0,0,0,0,0,-32313,0,0,0,0,0,81845,0
81902,-1022,8050,990,111,-6,-7,13613,0,-1,-3,0,37327,132,26,66,0,0,0,0,0,0,0,0,-32313,0,0,0,0,0,81850,0
81907,-1056,8020,958,114,-9,-10,13614,1,-3,-2,0,37326,126,26,66,0,0,0,0,0,0,0,0,-32313,0,0,0,0,0,81856,0
81912,-1064,8042,976,114,-10,-7,13613,-3,1,-2,0,37326,126,26,66,0,0,0,0,0,0,0,0,-32313,0,0,0,0,0,81861,0
81917,-1078,7974,972,111,-18,-7,13613,-6,-3,-3,0,37322,128,26,66,0,0,0,0,0,0,0,0,-32313,0,0,0,0,0,81866,0
81922,-1098,7960,974,119,-17,0,13612,-5,-1,-3,0,37322,128,26,66,0,0,0,0,0,0,0,0,-32313,0,0,0,0,0,81871,0
81927,-1112,7948,996,111,-17,-1,13614,3,-2,-2,0,37322,128,26,66,0,0,0,0,0,0,0,0,-32313,0,0,0,0,0,81876,0
81932,-1118,7956,998,115,-20,4,13613,1,0,-3,0,37322,128,26,66,0,0,0,0,0,0,0,0,-32313,0,0,0,0,0,81881,0
81937,-1112,7926,1014,111,-19,7,13614,-1,3,-4,0,37322,126,26,66,0,0,0,0,0,0,0,0,-32313,0,0,0,0,0,81886,0
81942,-1122,7930,1002,114,-16,17,13614,5,0,-6,0,37322,126,26,66,0,0,0,0,0,0,0,0,-32313,0,0,0,0,0,81891,0
81947,-1116,7952,996,111,-16,14,13613,-8,1,-4,0,37325,116,26,66,0,0,0,0,0,0,0,0,-32313,0,0,0,0,0,81896,0
81952,-1098,7956,966,102,-16,17,13613,-7,-5,-3,0,37325,116,26,66,0,0,0,0,0,0,0,0,-32313,0,0,0,0,0,81901,0
81957,-1086,7972,1004,109,-11,24,13613,-2,-1,-3,0,37325,115,26,66,0,0,0,0,0,0,0,0,-32313,0,0,0,0,0,81906,0
81962,-1084,7998,986,109,-12,25,13612,-16,-2,-3,0,37325,115,26,66,0,0,0,0,0,0,0,0,-32313,0,0,0,0,0,81911,0
81967,-1068,7998,1002,110,-11,28,13613,-2,-2,-3,0,37325,117,26,66,0,0,0,0,0,0,0,0,-32313,0,0,0,0,0,81916,0
81972,-1012,8012,1002,104,-8,36,13614,0,4,-3,0,37325,117,26,66,0,0,0,0,0,0,0,0,-32313,0,0,0,0,0,81921,0
81977,-1010,8038,986,106,-7,35,13612,-4,4,-3,0,37323,124,26,66,0,0,0,0,0,0,0,0,-32312,0,0,0,0,0,81926,0
81982,-1020,8032,1024,105,1,34,13613,0,3,-3,0,37323,124,26,66,0,0,0,0,0,0,0,0,-32313,0,0,0,0,0,81931,0
81987,-1002,8002,1022,107,2,39,13613,3,2,-3,0,37323,121,26,66,0,0,0,0,0,0,0,0,-32313,0,0,0,0,0,81936,0
81992,-1008,8018,982,105,-1,39,13613,0,4,-2,0,37323,121,26,66,0,0,0,0,0,0,0,0,-32313,0,0,0,0,0,81941,0
81997,-1016,7984,978,103,3,38,13612,-7,1,-3,0,37326,118,26,66,0,0,0,0,0,0,0,0,-32312,0,0,0,0,0,81946,0
82002,-1012,7992,978,100,6,38,13613,2,4,-4,0,37326,118,26,66,0,0,0,0,0,0,0,0,-32313,0,0,0,0,0,81951,0
82007,-1014,7968,1008,110,-2,42,13612,-7,0,-4,0,37325,112,26,66,0,0,0,0,0,0,0,0,-32313,0,0,0,0,0,81956,0
82012,-996,8010,1004,102,2,40,13613,-4,2,-2,0,37325,112,26,66,0,0,0,0,0,0,0,0,-32312,0,0,0,0,0,81961,0
82017,-996,8004,1004,103,-1,43,13612,-11,-5,-1,0,37326,110,26,66,0,0,0,0,0,0,0,0,-32312,0,0,0,0,0,81966,0
82022,-984,7980,1030,102,-3,40,13614,-4,1,-2,0,37326,110,26,66,0,0,0,0,0,0,0,0,-32313,0,0,0,0,0,81971,0
82027,-988,7972,1002,105,1,45,13614,5,-2,-2,0,37324,114,26,66,0,0,0,0,0,0,0,0,-32312,0,0,0,0,0,81976,0
82032,-960,8014,978,104,-7,40,13614,2,2,-3,0,37324,114,26,66,0,0,0,0,0,0,0,0,-32313,0,0,0,0,0,81981,0
82037,-954,8038,1016,103,3,41,13614,6,2,-2,0,37322,122,26,66,0,0,0,0,0,0,0,0,-32313,0,0,0,0,0,81986,0
82042,-920,8026,1006,104,2,38,13613,1,0,-2,0,37322,122,26,66,0,0,0,0,0,0,0,0,-32312,0,0,0,0,0,81991,0
82047,-920,8052,986,104,2,38,13613,1,3,-1,0,37331,121,26,66,0,0,0,0,0,0,0,0,-32313,0,0,0,0,0,81996,0
82052,-924,8054,978,105,0,34,13614,0,-3,-2,0,37331,121,26,66,0,0,0,0,0,0,0,0,-32312,0,0,0,0,0,82001,0
82057,-904,8044,994,108,-1,30,13614,2,0,-3,0,37332,116,26,66,0,0,0,0,0,0,0,0,-32313,0,0,0,0,0,82006,0
82062,-930,8044,998,104,-4,29,13613,1,0,-3,0,37332,116,26,66,0,0,0,0,0,0,0,0,-32312,0,0,0,0,0,82011,0
82067,-908,8056,968,102,0,25,13613,0,-2,-3,0,37332,118,26,66,0,0,0,0,0,0,0,0,-32312,0,0,0,0,0,82016,0
82072,-900,8034,972,104,-11,25,13613,-2,1,-4,0,37332,118,26,66,0,0,0,0,0,0,0,0,-32313,0,0,0,0,0,82021,0
82077,-884,8026,952,102,-8,15,13613,0,1,-2,0,37325,126,26,66,0,0,0,0,0,0,0,0,-32313,0,0,0,0,0,82026,0
82082,-904,8034,930,102,-4,19,13613,-1,-1,-2,0,37325,126,26,66,0,0,0,0,0,0,0,0,-32313,0,0,0,0,0,82031,0
82087,-912,8038,954,92,-6,17,13613,2,-1,-2,0,37323,125,26,66,0,0,0,0,0,0,0,0,-32313,0,0,0,0,0,82036,0
82092,-938,8028,946,95,-12,14,13612,-1,3,-3,0,37323,125,26,66,0,0,0,0,0,0,0,0,-32313,0,0,0,0,0,82041,0
82097,-936,8026,930,88,-10,12,13614,2,2,-4,0,37323,117,26,66,0,0,0,0,0,0,0,0,-32313,0,0,0,0,0,82046,0
82102,-896,8058,932,95,-6,10,13613,0,-1,-2,0,37323,117,26,66,0,0,0,0,0,0,0,0,-32312,0,0,0,0,0,82051,0
82107,-914,8060,930,89,-6,12,13613,6,3,-3,0,37324,112,26,66,0,0,0,0,0,0,0,0,-32313,0,0,0,0,0,82056,0
82112,-914,8066,900,87,-1,7,13613,5,-1,-3,0,37324,112,26,66,0,0,0,0,0,0,0,0,-32313,0,0,0,0,0,82061,0
82117,-934,8062,906,87,-2,5,13613,-3,0,-4,0,37324,117,26,66,0,0,0,0,0,0,0,0,-32312,0,0,0,0,0,82066,0
82122,-942,8030,874,83,-1,6,13614,4,1,-3,0,37324,117,26,66,0,0,0,0,0,0,0,0,-32312,0,0,0,0,0,82071,0
82127,-964,8062,882,76,-1,4,13614,-2,-2,-2,0,37323,117,25,66,0,0,0,0,0,0,0,0,-32312,0,0,0,0,0,82076,0
82132,-992,8036,904,79,-2,2,13613,6,0,-3,0,37323,117,25,66,0,0,0,0,0,0,0,0,-32312,0,0,0,0,0,82081,0
82137,-986,8010,894,74,2,2,13613,4,-2,-3,0,37321,120,25,66,0,0,0,0,0,0,0,0,-32313,0,0,0,0,0,82086,0
82142,-1024,8014,886,70,3,7,13614,0,-1,-5,0,37321,120,25,66,0,0,0,0,0,0,0,0,-32312,0,0,0,0,0,82091,0
82147,-1034,7996,908,70,1,6,13614,-3,-2,-4,0,37322,126,26,66,0,0,0,0,0,0,0,0,-32312,0,0,0,0,0,82096,0
82152,-1050,8010,918,66,-1,6,13615,5,-1,-4,0,37322,126,26,66,0,0,0,0,0,0,0,0,-32313,0,0,0,0,0,82101,0
82157,-1070,7988,910,62,-2,17,13614,1,-3,-4,0,37326,127,26,66,0,0,0,0,0,0,0,0,-32313,0,0,0,0,0,82106,0
82162,-1074,8014,920,62,-1,7,13613,0,-2,-1,0,37326,127,26,66,0,0,0,0,0,0,0,0,-32313,0,0,0,0,0,82112,0
82167,-1058,8002,918,56,-1,10,13613,-1,-5,-1,0,37325,122,26,66,0,0,0,0,0,0,0,0,-32313,0,0,0,0,0,82116,0
82172,-1034,7996,928,61,-5,16,13613,1,1,-2,0,37325,122,26,66,0,0,0,0,0,0,0,0,-32312,0,0,0,0,0,82121,0
82177,-996,8026,946,60,-5,16,13613,1,2,-2,0,37318,118,26,66,0,0,0,0,0,0,0,0,-32313,0,0,0,0,0,82126,0
82182,-988,8034,946,52,-1,17,13614,2,-1,-1,0,37318,118,26,66,0,0,0,0,0,0,0,0,-32313,0,0,0,0,0,82131,0
82187,-996,8034,962,58,-5,18,13614,0,1,-2,0,37314,121,26,66,0,0,0,0,0,0,0,0,-32313,0,0,0,0,0,82136,0
82192,-1000,8024,970,61,-5,19,13613,2,-3,-2,0,37314,121,26,66,0,0,0,0,0,0,0,0,-32313,0,0,0,0,0,82141,0
82197,-984,8038,948,55,-6,19,13613,0,0,-4,0,37314,124,26,66,0,0,0,0,0,0,0,0,-32313,0,0,0,0,0,82146,0
82202,-968,8032,958,56,-9,20,13614,8,-3,-3,0,37314,124,26,66,0,0,0,0,0,0,0,0,-32312,0,0,0,0,0,82151,0
82207,-992,7996,986,51,-10,14,13613,0,-2,-5,0,37319,128,26,66,0,0,0,0,0,0,0,0,-32312,0,0,0,0,0,82156,0
82212,-992,7996,970,55,-2,18,13613,-1,1,-3,0,37319,128,26,66,0,0,0,0,0,0,0,0,-32313,0,0,0,0,0,82161,0
82217,-996,8004,976,54,-7,15,13613,-1,-4,-3,0,37323,134,26,66,0,0,0,0,0,0,0,0,-32313,0,0,0,0,0,82166,0
82222,-1016,7982,1006,58,-5,19,13613,2,3,-4,0,37323,134,26,66,0,0,0,0,0,0,0,0,-32312,0,0,0,0,0,82171,0
82227,-998,7998,982,58,1,20,13614,0,-5,-1,0,37323,130,26,66,0,0,0,0,0,0,0,0,-32312,0,0,0,0,0,82176,0
82232,-1032,7998,986,56,-7,22,13614,0,2,-2,0,37323,130,26,66,0,0,0,0,0,0,0,0,-32313,0,0,0,0,0,82181,0
82237,-1020,8004,986,56,-3,24,13611,-6,0,-4,0,37324,126,25,66,0,0,0,0,0,0,0,0,-32313,0,0,0,0,0,82186,0
82242,-1028,7980,1002,54,-2,24,13612,-6,1,-4,0,37324,126,25,66,0,0,0,0,0,0,0,0,-32313,0,0,0,0,0,82191,0
82247,-1024,7990,994,60,1,28,13613,3,-4,-2,0,37323,120,25,66,0,0,0,0,0,0,0,0,-32313,0,0,0,0,0,82196,0
82252,-1006,8010,974,58,-2,26,13612,-9,4,-4,0,37323,120,25,66,0,0,0,0,0,0,0,0,-32312,0,0,0,0,0,82201,0
82257,-1006,8010,968,57,5,26,13613,-1,5,-5,0,37327,123,26,66,0,0,0,0,0,0,0,0,-32313,0,0,0,0,0,82206,0
82262,-998,8024,962,47,3,24,13612,-5,3,-2,0,37327,123,26,66,0,0,0,0,0,0,0,0,-32313,0,0,0,0,0,82211,0
82267,-980,8026,952,53,7,27,13613,9,5,-2,0,37327,118,26,66,0,0,0,0,0,0,0,0,-32313,0,0,0,0,0,82216,0
82272,-1020,8028,946,48,6,33,13614,0,-2,-4,0,37327,118,26,66,0,0,0,0,0,0,0,0,-32313,0,0,0,0,0,82221,0
82277,-972,8010,946,46,6,26,13613,5,2,-2,0,37329,119,26,66,0,0,0,0,0,0,0,0,-32313,0,0,0,0,0,82226,0
82282,-1018,8034,964,43,8,27,13613,-5,3,-3,0,37329,119,26,66,0,0,0,0,0,0,0,0,-32313,0,0,0,0,0,82231,0
82287,-994,8034,958,45,3,32,13613,-2,-3,-3,0,37326,123,26,66,0,0,0,0,0,0,0,0,-32312,0,0,0,0,0,82236,0
82292,-1012,8022,950,44,4,30,13614,6,-2,-1,0,37326,123,26,66,0,0,0,0,0,0,0,0,-32313,0,0,0,0,0,82241,0
82297,-1020,8016,936,45,5,30,13613,4,-1,-4,0,37325,116,26,66,0,0,0,0,0,0,0,0,-32312,0,0,0,0,0,82246,0
82302,-1028,8018,926,47,5,27,13612,0,-2,-4,0,37325,116,26,66,0,0,0,0,0,0,0,0,-32313,0,0,0,0,0,82251,0
82307,-1018,8006,938,41,-4,32,13613,0,0,-3,0,37324,113,26,66,0,0,0,0,0,0,0,0,-32313,0,0,0,0,0,82256,0
82312,-1008,8000,944,38,-9,30,13614,0,-2,-3,0,37324,113,26,66,0,0,0,0,0,0,0,0,-32313,0,0,0,0,0,82261,0
82317,-1034,8034,944,40,-13,28,13613,1,1,-3,0,37326,116,25,66,0,0,0,0,0,0,0,0,-32313,0,0,0,0,0,82266,0
82322,-1022,8006,962,42,-4,33,13614,-1,-1,-4,0,37326,116,25,66,0,0,0,0,0,0,0,0,-32312,0,0,0,0,0,82271,0
82327,-1010,8026,954,38,-7,34,13612,5,-4,-3,0,37325,115,25,66,0,0,0,0,0,0,0,0,-32312,0,0,0,0,0,82276,0
82332,-1010,8054,962,39,-10,34,13614,0,3,-3,0,37325,115,25,66,0,0,0,0,0,0,0,0,-32313,0,0,0,0,0,82281,0
82337,-1018,8030,946,38,-12,35,13613,0,-2,-2,0,37324,116,26,66,0,0,0,0,0,0,0,0,-32313,0,0,0,0,0,82286,0
82342,-998,8020,944,36,-12,28,13614,0,1,-2,0,37324,116,26,66,0,0,0,0,0,0,0,0,-32312,0,0,0,0,0,82291,0
82347,-982,8040,960,34,-18,34,13613,-5,-1,-3,0,37323,115,26,66,0,0,0,0,0,0,0,0,-32313,0,0,0,0,0,82296,0
82352,-986,8030,956,34,-14,33,13612,3,-1,-3,0,37323,115,26,66,0,0,0,0,0,0,0,0,-32312,0,0,0,0,0,82301,0
82357,-992,8010,966,40,-13,32,13613,4,-1,-3,0,37325,116,26,66,0,0,0,0,0,0,0,0,-32313,0,0,0,0,0,82306,0
82362,-980,8006,954,31,-12,30,13613,-1,-1,-3,0,37325,116,26,66,0,0,0,0,0,0,0,0,-32313,0,0,0,0,0,82311,0
82367,-1002,7998,964,35,-16,34,13613,-8,4,-3,0,37331,124,26,66,0,0,0,0,0,0,0,0,-32313,0,0,0,0,0,82316,0
82372,-982,8002,964,25,-17,33,13614,1,2,-3,0,37331,124,26,66,0,0,0,0,0,0,0,0,-32312,0,0,0,0,0,82321,0
82377,-988,8000,970,33,-12,34,13614,0,-3,-2,0,37331,123,26,66,0,0,0,0,0,0,0,0,-32313,0,0,0,0,0,82326,0
82382,-980,8022,976,29,-17,33,13613,1,-1,-2,0,37331,123,26,66,0,0,0,0,0,0,0,0,-32313,0,0,0,0,0,82331,0
82387,-978,8000,974,28,-18,35,13613,1,0,-3,0,37329,122,26,66,0,0,0,0,0,0,0,0,-32313,0,0,0,0,0,82336,0
82392,-988,8022,974,26,-15,39,13614,3,3,-4,0,37329,122,26,66,0,0,0,0,0,0,0,0,-32313,0,0,0,0,0,82341,0
82397,-976,8008,994,27,-15,34,13614,0,0,-4,0,37323,116,26,66,0,0,0,0,0,0,0,0,-32313,0,0,0,0,0,82346,0
82402,-984,8030,1006,26,-3,35,13615,3,-1,0,0,37323,116,26,66,0,0,0,0,0,0,0,0,-32312,0,0,0,0,0,82351,0
82407,-976,8038,996,29,-8,33,13613,2,0,-1,0,37324,118,26,66,0,0,0,0,0,0,0,0,-32313,0,0,0,0,0,82356,0
82412,-960,8012,1008,25,-6,37,13612,0,-1,-3,0,37324,118,26,66,0,0,0,0,0,0,0,0,-32312,0,0,0,0,0,82361,0
82417,-996,8020,1002,28,-4,32,13613,3,-1,-2,0,37324,125,26,66,0,0,0,0,0,0,0,0,-32313,0,0,0,0,0,82366,0
82422,-978,8016,1022,27,-7,35,13612,-2,3,-2,0,37324,125,26,66,0,0,0,0,0,0,0,0,-32313,0,0,0,0,0,82371,0
82427,-960,8022,992,23,-7,32,13614,5,3,-1,0,37322,123,26,66,0,0,0,0,0,0,0,0,-32312,0,0,0,0,0,82376,0
82432,-982,8006,978,27,-7,35,13613,1,1,-1,0,37322,123,26,66,0,0,0,0,0,0,0,0,-32313,0,0,0,0,0,82381,0
82437,-1024,8002,1012,21,2,39,13613,1,3,-1,0,37331,124,26,66,0,0,0,0,0,0,0,0,-32312,0,0,0,0,0,82386,0
82442,-1050,8016,1010,20,-3,33,13613,-3,-4,-2,0,37331,124,26,66,0,0,0,0,0,0,0,0,-32313,0,0,0,0,0,82391,0
82447,-986,8014,1002,24,-3,39,13614,2,0,-2,0,37343,124,26,66,0,0,0,0,0,0,0,0,-32312,0,0,0,0,0,82396,0
82452,-1010,8016,998,25,-8,36,13613,-1,-3,-2,0,37343,124,26,66,0,0,0,0,0,0,0,0,-32313,0,0,0,0,0,82401,0
82457,-996,8008,988,25,-7,38,13614,9,2,-2,0,37351,131,26,66,0,0,0,0,0,0,0,0,-32312,0,0,0,0,0,82406,0
82462,-994,8006,1010,22,-9,38,13613,-5,-5,-3,0,37351,131,26,66,0,0,0,0,0,0,0,0,-32313,0,0,0,0,0,82411,0
82467,-980,8004,1000,29,-6,43,13612,0,5,-4,0,37343,126,26,66,0,0,0,0,0,0,0,0,-32312,0,0,0,0,0,82416,0
82472,-986,8012,996,22,-10,37,13614,1,-3,-6,0,37343,126,26,66,0,0,0,0,0,0,0,0,-32313,0,0,0,0,0,82421,0
82477,-980,8032,1000,28,-6,41,13614,0,-2,-2,0,37336,120,26,66,0,0,0,0,0,0,0,0,-32313,0,0,0,0,0,82426,0
82482,-976,8010,1000,25,-9,39,13614,-2,0,-2,0,37336,120,26,66,0,0,0,0,0,0,0,0,-32312,0,0,0,0,0,82431,0
82487,-974,8024,1010,25,-8,43,13613,0,-3,-3,0,37327,119,26,66,0,0,0,0,0,0,0,0,-32313,0,0,0,0,0,82436,0
82492,-980,7982,1040,28,-11,43,13614,2,-2,-2,0,37327,119,26,66,0,0,0,0,0,0,0,0,-32313,0,0,0,0,0,82440,0
82497,-978,7992,1024,25,-14,42,13613,0,-1,-2,0,37326,117,26,66,0,0,0,0,0,0,0,0,-32313,0,0,0,0,0,82445,0
82502,-1008,8002,1014,30,-13,42,13613,0,1,-2,0,37326,117,26,66,0,0,0,0,0,0,0,0,-32312,0,0,0,0,0,82450,0
82507,-986,7984,1014,27,-8,41,13613,-2,0,-2,0,37321,120,26,66,0,0,0,0,0,0,0,0,-32313,0,0,0,0,0,82455,0
82512,-976,8014,1020,22,-9,39,13614,3,0,-1,0,37321,120,26,66,0,0,0,0,0,0,0,0,-32312,0,0,0,0,0,82460,0
82517,-994,8024,1038,25,-5,42,13612,5,2,-1,0,37324,123,26,66,0,0,0,0,0,0,0,0,-32313,0,0,0,0,0,82465,0
82522,-960,8036,1026,28,-3,41,13612,-3,0,-1,0,37324,123,26,66,0,0,0,0,0,0,0,0,-32313,0,0,0,0,0,82470,0
82527,-950,8000,1040,32,-8,39,13613,0,-1,-2,0,37328,115,26,66,0,0,0,0,0,0,0,0,-32313,0,0,0,0,0,82475,0
82532,-1000,8004,1018,23,-4,40,13613,0,6,-2,0,37328,115,26,66,0,0,0,0,0,0,0,0,-32312,0,0,0,0,0,82480,0
82537,-1000,8000,1024,27,-9,40,13613,-3,1,-2,0,37328,115,26,66,0,0,0,0,0,0,0,0,-32313,0,0,0,0,0,82485,0
82542,-1006,7996,1034,24,-9,43,13613,-5,-4,-3,0,37328,115,26,66,0,0,0,0,0,0,0,0,-32313,0,0,0,0,0,82490,0
82547,-988,8008,1046,29,-9,42,13613,-2,-2,-3,0,37327,121,26,66,0,0,0,0,0,0,0,0,-32313,0,0,0,0,0,82495,0
82552,-956,8026,1028,29,-5,41,13612,-11,3,-3,0,37327,121,26,66,0,0,0,0,0,0,0,0,-32313,0,0,0,0,0,82500,0
82557,-946,8014,1060,25,-2,43,13613,1,1,-3,0,37322,124,26,66,0,0,0,0,0,0,0,0,-32313,0,0,0,0,0,82505,0
82562,-940,8018,1040,30,-6,42,13613,1,1,-3,0,37322,124,26,66,0,0,0,0,0,0,0,0,-32313,0,0,0,0,0,82510,0
82567,-936,8002,1040,23,-4,41,13613,1,4,-3,0,37321,128,26,66,0,0,0,0,0,0,0,0,-32313,0,0,0,0,0,82515,0
82572,-938,8050,1056,33,-1,38,13614,3,0,-6,0,37321,128,26,66,0,0,0,0,0,0,0,0,-32313,0,0,0,0,0,82520,0
82577,-964,8016,1076,28,-2,36,13613,2,4,-4,0,37324,126,26,66,0,0,0,0,0,0,0,0,-32313,0,0,0,0,0,82525,0
82582,-932,8006,1046,32,-3,37,13612,0,-1,-2,0,37324,126,26,66,0,0,0,0,0,0,0,0,-32313,0,0,0,0,0,82530,0
82587,-938,8004,1068,30,-1,36,13613,-1,-1,-3,0,37326,125,26,66,0,0,0,0,0,0,0,0,-32313,0,0,0,0,0,82535,0
82592,-930,8018,1050,34,-6,37,13614,1,1,-2,0,37326,125,26,66,0,0,0,0,0,0,0,0,-32313,0,0,0,0,0,82540,0
82597,-922,8024,1062,34,0,33,13613,-7,2,-2,0,37326,123,26,66,0,0,0,0,0,0,0,0,-32312,0,0,0,0,0,82545,0
82602,-920,8030,1056,35,-3,32,13612,-5,-7,-1,0,37326,123,26,66,0,0,0,0,0,0,0,0,-32313,0,0,0,0,0,82550,0
82607,-932,8010,1048,34,-4,35,13613,0,-4,-1,0,37321,114,26,66,0,0,0,0,0,0,0,0,-32313,0,0,0,0,0,82555,0
82612,-938,8024,1070,40,-5,29,13614,-2,1,-3,0,37321,114,26,66,0,0,0,0,0,0,0,0,-32312,0,0,0,0,0,82560,0
82617,-930,8016,1050,38,-6,29,13614,0,4,-4,0,37323,108,26,66,0,0,0,0,0,0,0,0,-32313,0,0,0,0,0,82565,0
82622,-948,8008,1052,41,-3,25,13612,-5,-5,-3,0,37323,108,26,66,0,0,0,0,0,0,0,0,-32313,0,0,0,0,0,82570,0
82627,-932,7994,1062,38,-5,27,13613,3,-3,0,0,37321,121,26,66,0,0,0,0,0,0,0,0,-32313,0,0,0,0,0,82575,0
82632,-974,8010,1048,39,-8,29,13614,5,3,-1,0,37321,121,26,66,0,0,0,0,0,0,0,0,-32313,0,0,0,0,0,82580,0
82637,-978,8004,1042,40,-6,27,13613,0,2,-2,0,37320,126,26,66,0,0,0,0,0,0,0,0,-32312,0,0,0,0,0,82585,0
82642,-988,7982,1036,38,-7,33,13614,0,5,-2,0,37320,126,26,66,0,0,0,0,0,0,0,0,-32313,0,0,0,0,0,82590,0
82647,-968,8018,1064,36,-3,29,13613,8,1,-3,0,37318,126,26,66,0,0,0,0,0,0,0,0,-32313,0,0,0,0,0,82595,0
82652,-1024,8010,1034,37,0,29,13614,-4,-3,-3,0,37318,126,26,66,0,0,0,0,0,0,0,0,-32313,0,0,0,0,0,82600,0
82657,-992,8028,1024,42,1,30,13614,10,4,-2,0,37320,117,26,66,0,0,0,0,0,0,0,0,-32312,0,0,0,0,0,82605,0
82662,-1000,8014,1022,43,1,35,13613,2,-3,-2,0,37320,117,26,66,0,0,0,0,0,0,0,0,-32313,0,0,0,0,0,82610,0
82667,-1024,7976,1044,43,8,31,13613,-1,1,-3,0,37323,115,26,66,0,0,0,0,0,0,0,0,-32313,0,0,0,0,0,82615,0
82672,-1030,7984,1030,37,2,37,13613,1,-1,-5,0,37323,115,26,66,0,0,0,0,0,0,0,0,-32313,0,0,0,0,0,82620,0
82677,-1012,7986,1040,39,6,34,13613,0,1,-3,0,37323,119,26,66,0,0,0,0,0,0,0,0,-32313,0,0,0,0,0,82625,0
82682,-1008,7986,1034,36,2,39,13613,4,-1,-6,0,37323,119,26,66,0,0,0,0,0,0,0,0,-32313,0,0,0,0,0,82630,0
82687,-994,7992,1050,40,0,42,13613,1,-2,-5,0,37320,116,26,66,0,0,0,0,0,0,0,0,-32313,0,0,0,0,0,82635,0
82692,-1032,7982,1022,33,1,41,13614,2,1,-1,0,37320,116,26,66,0,0,0,0,0,0,0,0,-32313,0,0,0,0,0,82640,0
82697,-1022,7996,1018,35,2,39,13614,5,1,-1,0,37320,115,26,66,0,0,0,0,0,0,0,0,-32313,0,0,0,0,0,82645,0
82702,-1014,7988,1064,38,1,40,13615,10,1,-2,0,37320,115,26,66,0,0,0,0,0,0,0,0,-32312,0,0,0,0,0,82650,0
82707,-1028,7960,1044,41,-3,43,13614,9,2,-1,0,37323,119,26,66,0,0,0,0,0,0,0,0,-32313,0,0,0,0,0,82655,0
82712,-1000,7964,1062,39,4,41,13614,-4,2,-2,0,37323,119,26,66,0,0,0,0,0,0,0,0,-32313,0,0,0,0,0,82660,0
82717,-992,8000,1074,41,5,44,13614,3,3,-3,0,37323,128,26,66,0,0,0,0,0,0,0,0,-32313,0,0,0,0,0,82665,0
82722,-998,8014,1046,35,3,48,13613,-3,-2,-2,0,37323,128,26,66,0,0,0,0,0,0,0,0,-32312,0,0,0,0,0,82670,0
82727,-970,7998,1044,41,0,47,13613,-1,-4,-1,0,37321,122,26,66,0,0,0,0,0,0,0,0,-32313,0,0,0,0,0,82675,0
82732,-938,8002,1054,32,-4,49,13614,9,3,-3,0,37321,122,26,66,0,0,0,0,0,0,0,0,-32312,0,0,0,0,0,82680,0
82737,-934,8024,1052,40,5,50,13613,-6,-3,-3,0,37320,121,26,66,0,0,0,0,0,0,0,0,-32312,0,0,0,0,0,82685,0
82742,-930,8028,1048,45,-1,46,13613,-3,5,-4,0,37320,121,26,66,0,0,0,0,0,0,0,0,-32312,0,0,0,0,0,82690,0
82747,-950,8038,1042,40,0,47,13614,6,1,-2,0,37322,123,26,66,0,0,0,0,0,0,0,0,-32313,0,0,0,0,0,82695,0
82752,-944,8050,1060,38,-3,44,13614,6,1,-2,0,37322,123,26,66,0,0,0,0,0,0,0,0,-32313,0,0,0,0,0,82700,0
82757,-934,8054,1034,43,1,44,13613,0,0,-1,0,37323,123,26,66,0,0,0,0,0,0,0,0,-32312,0,0,0,0,0,82705,0
82762,-962,8020,1020,39,-9,45,13613,-3,2,-3,0,37323,123,26,66,0,0,0,0,0,0,0,0,-32313,0,0,0,0,0,82710,0
82767,-966,8014,1022,43,-9,41,13613,5,-1,-2,0,37321,126,25,66,0,0,0,0,0,0,0,0,-32313,0,0,0,0,0,82715,0
82772,-966,7986,1040,41,-7,41,13614,0,-1,-4,0,37321,126,25,66,0,0,0,0,0,0,0,0,-32313,0,0,0,0,0,82720,0
82777,-984,8010,1026,39,-9,47,13612,-1,-4,-2,0,37323,120,26,66,0,0,0,0,0,0,0,0,-32312,0,0,0,0,0,82725,0
82782,-994,8026,1028,39,-14,46,13613,1,-1,-1,0,37323,120,26,66,0,0,0,0,0,0,0,0,-32313,0,0,0,0,0,82730,0
82787,-962,8010,1034,45,-6,43,13613,-5,1,-2,0,37331,126,26,66,0,0,0,0,0,0,0,0,-32312,0,0,0,0,0,82735,0
82792,-958,8030,1030,40,-15,40,13615,9,5,-3,0,37331,126,26,66,0,0,0,0,0,0,0,0,-32313,0,0,0,0,0,82740,0
82797,-908,8042,1042,37,-9,37,13613,3,-2,-4,0,37332,113,26,66,0,0,0,0,0,0,0,0,-32312,0,0,0,0,0,82745,0
82802,-936,8052,1044,41,-12,39,13614,1,1,-3,0,37332,113,26,66,0,0,0,0,0,0,0,0,-32313,0,0,0,0,0,82750,0
82807,-922,8006,1020,36,-12,40,13613,2,-3,-3,0,37329,114,26,66,0,0,0,0,0,0,0,0,-32313,0,0,0,0,0,82755,0
82812,-960,8028,1024,41,-15,39,13613,-1,0,-2,0,37329,114,26,66,0,0,0,0,0,0,0,0,-32313,0,0,0,0,0,82760,0
82817,-942,8060,1012,35,-11,36,13613,-1,0,-3,0,37321,108,26,66,0,0,0,0,0,0,0,0,-32312,0,0,0,0,0,82765,0
82822,-942,8026,1010,36,-7,39,13612,5,-2,-3,0,37321,108,26,66,0,0,0,0,0,0,0,0,-32313,0,0,0,0,0,82770,0
82827,-948,8012,1042,34,-14,39,13613,0,1,-2,0,37321,110,26,66,0,0,0,0,0,0,0,0,-32313,0,0,0,0,0,82775,0
82832,-952,8040,1030,34,-12,38,13614,3,2,-4,0,37321,110,26,66,0,0,0,0,0,0,0,0,-32313,0,0,0,0,0,82780,0
82837,-952,8018,1036,33,-8,37,13614,2,3,-3,0,37322,115,26,66,0,0,0,0,0,0,0,0,-32313,0,0,0,0,0,82785,0
82842,-960,8020,1010,27,-6,44,13613,3,3,-4,0,37322,115,26,66,0,0,0,0,0,0,0,0,-32313,0,0,0,0,0,82790,0
82847,-962,7994,1036,25,-6,37,13614,-1,-2,-3,0,37321,122,26,66,0,0,0,0,0,0,0,0,-32313,0,0,0,0,0,82795,0
82852,-972,7992,1028,26,-5,36,13613,2,-1,-2,0,37321,122,26,66,0,0,0,0,0,0,0,0,-32313,0,0,0,0,0,82800,0
82857,-970,7978,1014,28,-6,34,13613,3,-2,-3,0,37320,128,26,66,0,0,0,0,0,0,0,0,-32313,0,0,0,0,0,82805,0
82862,-970,7990,1028,27,-9,35,13613,0,1,-3,0,37320,128,26,66,0,0,0,0,0,0,0,0,-32312,0,0,0,0,0,82810,0
82867,-950,7982,1014,27,-12,33,13613,1,2,-3,0,37320,121,26,66,0,0,0,0,0,0,0,0,-32313,0,0,0,0,0,82815,0
82872,-908,8054,1024,26,-2,37,13613,-8,1,-3,0,37320,121,26,66,0,0,0,0,0,0,0,0,-32313,0,0,0,0,0,82820,0
82877,-938,8024,1026,23,-2,33,13613,-1,-1,-2,0,37323,120,26,66,0,0,0,0,0,0,0,0,-32313,0,0,0,0,0,82825,0
82882,-922,8036,1030,24,-6,31,13613,1,-3,-3,0,37323,120,26,66,0,0,0,0,0,0,0,0,-32313,0,0,0,0,0,82830,0
82887,-922,8030,1030,17,-11,40,13614,1,-1,-4,0,37323,127,26,66,0,0,0,0,0,0,0,0,-32313,0,0,0,0,0,82835,0
82892,-908,8048,1056,26,-9,34,13613,5,5,-3,0,37323,127,26,66,0,0,0,0,0,0,0,0,-32313,0,0,0,0,0,82840,0
82897,-896,8042,1046,18,-8,30,13613,-3,-3,-3,0,37321,119,26,66,0,0,0,0,0,0,0,0,-32313,0,0,0,0,0,82845,0
82902,-924,8010,1058,19,-6,28,13612,-3,-3,-2,0,37321,119,26,66,0,0,0,0,0,0,0,0,-32313,0,0,0,0,0,82850,0
82907,-900,8026,1064,17,-11,31,13613,1,-1,-2,0,37319,116,26,66,0,0,0,0,0,0,0,0,-32312,0,0,0,0,0,82855,0
82912,-906,8014,1080,22,-6,25,13613,2,-2,-2,0,37319,116,26,66,0,0,0,0,0,0,0,0,-32313,0,0,0,0,0,82860,0
82917,-944,8016,1070,19,-11,31,13613,-3,0,-3,0,37320,104,26,66,0,0,0,0,0,0,0,0,-32312,0,0,0,0,0,82865,0
82922,-940,8022,1082,18,-13,23,13613,-3,-1,-3,0,37320,104,26,66,0,0,0,0,0,0,0,0,-32313,0,0,0,0,0,82870,0
82927,-952,7988,1078,18,-14,21,13615,8,2,-2,0,37319,123,26,66,0,0,0,0,0,0,0,0,-32313,0,0,0,0,0,82875,0
82932,-942,7984,1090,20,-15,26,13614,0,3,-3,0,37319,123,26,66,0,0,0,0,0,0,0,0,-32313,0,0,0,0,0,82880,0
82937,-950,7992,1082,25,-16,26,13613,-5,0,-3,0,37318,123,26,66,0,0,0,0,0,0,0,0,-32312,0,0,0,0,0,82885,0
82942,-960,7986,1088,27,-10,22,13615,1,-4,-2,0,37318,123,26,66,0,0,0,0,0,0,0,0,-32312,0,0,0,0,0,82890,0
82947,-942,7994,1104,26,-10,23,13615,7,1,-3,0,37319,132,26,66,0,0,0,0,0,0,0,0,-32313,0,0,0,0,0,82895,0
82952,-952,8000,1074,23,-9,26,13613,0,-2,-3,0,37319,132,26,66,0,0,0,0,0,0,0,0,-32313,0,0,0,0,0,82900,0
82957,-938,8006,1076,26,-8,24,13613,2,-2,-2,0,37320,125,26,66,0,0,0,0,0,0,0,0,-32313,0,0,0,0,0,82905,0
82962,-946,8018,1066,20,-9,22,13613,-1,0,-2,0,37320,125,26,66,0,0,0,0,0,0,0,0,-32312,0,0,0,0,0,82910,0
82967,-948,8020,1062,24,-3,28,13613,-6,0,-3,0,37322,124,26,66,0,0,0,0,0,0,0,0,-32313,0,0,0,0,0,82915,0
82972,-966,8010,1074,25,-4,23,13613,1,1,-4,0,37322,124,26,66,0,0,0,0,0,0,0,0,-32313,0,0,0,0,0,82920,0
82977,-978,8014,1082,22,-5,30,13614,3,1,-2,0,37321,122,26,66,0,0,0,0,0,0,0,0,-32313,0,0,0,0,0,82925,0
82982,-966,7988,1116,22,-7,28,13612,-1,1,-2,0,37321,122,26,66,0,0,0,0,0,0,0,0,-32312,0,0,0,0,0,82930,0
82987,-964,8004,1104,23,-3,27,13613,0,-1,-2,0,37317,122,26,66,0,0,0,0,0,0,0,0,-32313,0,0,0,0,0,82935,0
82992,-996,7984,1112,29,-2,25,13613,-6,0,-1,0,37317,122,26,66,0,0,0,0,0,0,0,0,-32313,0,0,0,0,0,82940,0
82997,-978,7998,1100,27,-4,29,13614,5,1,0,0,37325,116,26,66,0,0,0,0,0,0,0,0,-32313,0,0,0,0,0,82945,0
83002,-978,8012,1114,26,-3,30,13613,3,0,-2,0,37325,116,26,66,0,0,0,0,0,0,0,0,-32313,0,0,0,0,0,82950,0
83007,-1020,7992,1124,25,-2,30,13613,-1,-3,-2,0,37327,108,26,66,0,0,0,0,0,0,0,0,-32313,0,0,0,0,0,82955,0
83012,-1012,8002,1116,29,-1,39,13613,-6,-2,-2,0,37327,108,26,66,0,0,0,0,0,0,0,0,-32313,0,0,0,0,0,82960,0
83017,-1018,7996,1120,23,-3,32,13612,-2,2,-1,0,37327,113,26,66,0,0,0,0,0,0,0,0,-32313,0,0,0,0,0,82965,0
83022,-1028,7960,1132,30,-7,38,13613,-3,-1,-2,0,37327,113,26,66,0,0,0,0,0,0,0,0,-32313,0,0,0,0,0,82970,0
83027,-1070,7972,1140,31,-10,39,13612,-1,-1,-2,0,37319,118,26,66,0,0,0,0,0,0,0,0,-32313,0,0,0,0,0,82975,0
83032,-1050,7950,1138,37,-3,42,13614,7,1,-2,0,37319,118,26,66,0,0,0,0,0,0,0,0,-32313,0,0,0,0,0,82980,0
83037,-1054,7976,1138,36,-3,42,13614,6,3,-3,0,37320,118,26,66,0,0,0,0,0,0,0,0,-32313,0,0,0,0,0,82985,0
83042,-1042,7968,1132,34,-9,42,13613,-1,3,-2,0,37320,118,26,66,0,0,0,0,0,0,0,0,-32312,0,0,0,0,0,82990,0
83047,-1012,7984,1124,31,-4,47,13613,0,-5,-2,0,37324,116,26,66,0,0,0,0,0,0,0,0,-32313,0,0,0,0,0,82995,0
83052,-1002,7992,1120,36,-2,54,13615,7,-1,-2,0,37324,116,26,66,0,0,0,0,0,0,0,0,-32312,0,0,0,0,0,83000,0
83057,-978,8006,1086,37,0,55,13613,-1,1,-3,0,37326,115,26,66,0,0,0,0,0,0,0,0,-32312,0,0,0,0,0,83005,0
83062,-992,8016,1110,38,-6,56,13613,3,-2,-3,0,37326,115,26,66,0,0,0,0,0,0,0,0,-32312,0,0,0,0,0,83010,0
83067,-988,7956,1118,36,-1,57,13613,-2,-4,-2,0,37324,120,25,66,0,0,0,0,0,0,0,0,-32312,0,0,0,0,0,83015,0
83072,-988,8030,1090,34,2,60,13613,-3,0,-2,0,37324,120,25,66,0,0,0,0,0,0,0,0,-32313,0,0,0,0,0,83020,0
83077,-972,8020,1082,38,4,65,13612,-8,1,-1,0,37321,125,25,66,0,0,0,0,0,0,0,0,-32313,0,0,0,0,0,83025,0
83082,-964,7988,1048,35,-3,64,13613,-1,-3,-3,0,37321,125,25,66,0,0,0,0,0,0,0,0,-32313,0,0,0,0,0,83030,0
83087,-990,8004,1064,40,-1,63,13613,0,3,-4,0,37319,125,26,66,0,0,0,0,0,0,0,0,-32312,0,0,0,0,0,83035,0
83092,-968,7998,1078,36,2,63,13614,8,4,-1,0,37319,125,26,66,0,0,0,0,0,0,0,0,-32313,0,0,0,0,0,83040,0
83097,-998,7990,1058,31,0,68,13614,-3,4,-2,0,37319,120,26,66,0,0,0,0,0,0,0,0,-32312,0,0,0,0,0,83045,0
83102,-974,7954,1060,38,-4,66,13613,1,4,-3,0,37319,120,26,66,0,0,0,0,0,0,0,0,-32312,0,0,0,0,0,83050,0
83107,-956,8008,1056,34,-4,65,13612,-7,-3,-3,0,37319,113,26,66,0,0,0,0,0,0,0,0,-32313,0,0,0,0,0,83055,0
83112,-966,7996,1064,33,-1,63,13613,-4,-7,-3,0,37319,113,26,66,0,0,0,0,0,0,0,0,-32312,0,0,0,0,0,83060,0
83117,-970,7978,1060,29,0,71,13614,4,1,-3,0,37318,117,26,66,0,0,0,0,0,0,0,0,-32313,0,0,0,0,0,83065,0
83122,-940,7988,1050,25,-1,69,13612,-5,5,-3,0,37318,117,26,66,0,0,0,0,0,0,0,0,-32313,0,0,0,0,0,83070,0
83127,-920,8038,1046,18,-1,66,13613,-5,1,-1,0,37318,113,26,66,0,0,0,0,0,0,0,0,-32313,0,0,0,0,0,83075,0
83132,-956,8028,1020,24,-5,63,13614,0,1,-2,0,37318,113,26,66,0,0,0,0,0,0,0,0,-32313,0,0,0,0,0,83080,0
83137,-938,8030,1012,20,-2,71,13613,-4,6,-2,0,37318,113,26,66,0,0,0,0,0,0,0,0,-32313,0,0,0,0,0,83085,0
83142,-930,8020,1020,15,2,61,13613,-4,-2,-1,0,37318,113,26,66,0,0,0,0,0,0,0,0,-32312,0,0,0,0,0,83090,0
83147,-924,8044,990,11,-4,69,13613,-1,-3,-2,0,37318,115,26,66,0,0,0,0,0,0,0,0,-32313,0,0,0,0,0,83095,0
83152,-938,8022,1014,14,-4,63,13613,-3,4,-3,0,37318,115,26,66,0,0,0,0,0,0,0,0,-32312,0,0,0,0,0,83100,0
83157,-956,8032,990,5,-8,68,13613,-4,3,-4,0,37319,124,26,66,0,0,0,0,0,0,0,0,-32314,0,0,0,0,0,83105,0
83162,-924,8058,988,11,-4,69,13613,-2,3,-3,0,37319,124,26,66,0,0,0,0,0,0,0,0,-32313,0,0,0,0,0,83110,0
83167,-932,8010,998,5,-8,65,13614,4,-4,-3,0,37322,124,26,66,0,0,0,0,0,0,0,0,-32313,0,0,0,0,0,83115,0
83172,-952,8020,996,-3,-8,70,13613,-2,0,-3,0,37322,124,26,66,0,0,0,0,0,0,0,0,-32312,0,0,0,0,0,83120,0
83177,-942,8018,986,-6,-5,67,13612,0,3,-1,0,37322,123,26,66,0,0,0,0,0,0,0,0,-32313,0,0,0,0,0,83125,0
83182,-936,8030,1012,-6,-5,69,13613,-6,3,-1,0,37322,123,26,66,0,0,0,0,0,0,0,0,-32313,0,0,0,0,0,83130,0
83187,-946,8020,1026,-5,-19,68,13614,-1,-1,-2,0,37318,119,26,66,0,0,0,0,0,0,0,0,-32313,0,0,0,0,0,83135,0
83192,-962,8010,1052,-13,-12,70,13613,2,-1,-2,0,37318,119,26,66,0,0,0,0,0,0,0,0,-32313,0,0,0,0,0,83140,0
83197,-974,8020,1022,-13,-14,65,13613,-2,4,-4,0,37313,118,26,66,0,0,0,0,0,0,0,0,-32313,0,0,0,0,0,83145,0
83202,-912,8046,1054,-17,-18,73,13612,-6,-3,-2,0,37313,118,26,66,0,0,0,0,0,0,0,0,-32313,0,0,0,0,0,83150,0
83207,-908,8052,1044,-20,-11,74,13614,6,4,-3,0,37310,122,26,66,0,0,0,0,0,0,0,0,-32312,0,0,0,0,0,83155,0
83212,-918,8028,1056,-27,-14,70,13612,-1,3,-5,0,37310,122,26,66,0,0,0,0,0,0,0,0,-32313,0,0,0,0,0,83160,0
83217,-900,8048,1044,-31,-13,76,13614,2,3,-3,0,37318,117,26,66,0,0,0,0,0,0,0,0,-32312,0,0,0,0,0,83165,0
83222,-884,8038,1032,-29,-16,71,13615,8,0,-3,0,37318,117,26,66,0,0,0,0,0,0,0,0,-32313,0,0,0,0,0,83170,0
83227,-894,8038,1078,-30,-10,74,13613,-1,0,-3,0,37319,119,26,66,0,0,0,0,0,0,0,0,-32313,0,0,0,0,0,83175,0
83232,-920,8046,1088,-30,-12,69,13612,-7,-1,-3,0,37319,119,26,66,0,0,0,0,0,0,0,0,-32313,0,0,0,0,0,83180,0
83237,-936,8024,1100,-30,-16,70,13613,-3,-5,-1,0,37318,118,26,66,0,0,0,0,0,0,0,0,-32313,0,0,0,0,0,83185,0
83242,-956,8014,1102,-28,-12,73,13614,0,-2,-2,0,37318,118,26,66,0,0,0,0,0,0,0,0,-32313,0,0,0,0,0,83190,0
83247,-956,7996,1116,-29,-13,75,13613,-7,2,-3,0,37314,120,26,66,0,0,0,0,0,0,0,0,-32313,0,0,0,0,0,83195,0
83252,-1028,7946,1168,-28,-15,77,13613,-3,-1,-4,0,37314,120,26,66,0,0,0,0,0,0,0,0,-32313,0,0,0,0,0,83200,0
83257,-1026,7934,1160,-29,-22,77,13614,2,3,-3,0,37315,115,26,66,0,0,0,0,0,0,0,0,-32312,0,0,0,0,0,83205,0
83262,-1030,7894,1164,-31,-14,83,13613,-1,2,-5,0,37315,115,26,66,0,0,0,0,0,0,0,0,-32312,0,0,0,0,0,83210,0
83267,-1038,7896,1194,-27,-20,83,13613,1,-1,-4,0,37315,115,26,66,0,0,0,0,0,0,0,0,-32312,0,0,0,0,0,83215,0
83272,-1044,7912,1228,-27,-19,92,13614,13,3,-3,0,37315,115,26,66,0,0,0,0,0,0,0,0,-32313,0,0,0,0,0,83220,0
83277,-1036,7908,1216,-27,-13,93,13613,3,3,-2,0,37315,112,26,66,0,0,0,0,0,0,0,0,-32312,0,0,0,0,0,83225,0
83282,-996,7914,1250,-26,-17,94,13614,0,0,-3,0,37315,112,26,66,0,0,0,0,0,0,0,0,-32313,0,0,0,0,0,83230,0
83287,-990,7906,1244,-26,-9,101,13613,0,-2,-3,0,37314,113,26,66,0,0,0,0,0,0,0,0,-32313,0,0,0,0,0,83235,0
83292,-944,7988,1246,-19,-8,103,13613,0,2,-1,0,37314,113,26,66,0,0,0,0,0,0,0,0,-32313,0,0,0,0,0,83240,0
83297,-934,7962,1222,-20,-5,102,13613,-3,-4,-2,0,37314,123,26,66,0,0,0,0,0,0,0,0,-32312,0,0,0,0,0,83245,0
83302,-902,7980,1222,-17,0,106,13614,1,-2,-1,0,37314,123,26,66,0,0,0,0,0,0,0,0,-32312,0,0,0,0,0,83250,0
83307,-882,7998,1246,-19,1,109,13614,0,2,-2,0,37318,121,26,66,0,0,0,0,0,0,0,0,-32313,0,0,0,0,0,83255,0
83312,-904,8030,1210,-10,1,109,13613,-1,0,-2,0,37318,121,26,66,0,0,0,0,0,0,0,0,-32313,0,0,0,0,0,83260,0
83317,-882,8024,1206,-12,7,110,13613,1,-3,-1,0,37318,117,26,66,0,0,0,0,0,0,0,0,-32313,0,0,0,0,0,83265,0
83322,-878,8022,1212,-13,8,112,13613,0,0,-3,0,37318,117,26,66,0,0,0,0,0,0,0,0,-32312,0,0,0,0,0,83270,0
83327,-864,8006,1202,-8,3,108,13613,0,0,-2,0,37324,114,26,66,0,0,0,0,0,0,0,0,-32313,0,0,0,0,0,83275,0
83332,-872,7996,1156,-9,2,109,13613,1,4,-4,0,37324,114,26,66,0,0,0,0,0,0,0,0,-32312,0,0,0,0,0,83280,0
83337,-882,7988,1180,-13,-2,111,13614,0,-1,-3,0,37323,109,26,66,0,0,0,0,0,0,0,0,-32313,0,0,0,0,0,83285,0
83342,-856,7960,1170,-4,0,106,13614,2,-3,-3,0,37323,109,26,66,0,0,0,0,0,0,0,0,-32312,0,0,0,0,0,83290,0
83347,-884,7992,1140,-3,-1,108,13614,6,1,-2,0,37321,113,26,66,0,0,0,0,0,0,0,0,-32313,0,0,0,0,0,83295,0
83352,-868,7998,1130,-10,-4,107,13615,8,-1,-3,0,37321,113,26,66,0,0,0,0,0,0,0,0,-32313,0,0,0,0,0,83300,0
83357,-890,7986,1114,-6,-7,106,13614,3,-1,-2,0,37316,113,26,66,0,0,0,0,0,0,0,0,-32312,0,0,0,0,0,83305,0
83362,-862,8040,1110,-7,-6,111,13613,3,-3,-3,0,37316,113,26,66,0,0,0,0,0,0,0,0,-32313,0,0,0,0,0,83310,0
83367,-842,8042,1102,-18,-1,102,13613,3,-3,-3,0,37315,118,26,66,0,0,0,0,0,0,0,0,-32313,0,0,0,0,0,83316,0
83372,-878,8016,1114,-15,0,107,13612,0,-2,-3,0,37315,118,26,66,0,0,0,0,0,0,0,0,-32312,0,0,0,0,0,83321,0
83377,-840,8054,1090,-20,-6,103,13613,-5,-5,-2,0,37316,126,26,66,0,0,0,0,0,0,0,0,-32313,0,0,0,0,0,83326,0
83382,-848,8038,1104,-21,4,102,13612,-7,-2,-2,0,37316,126,26,66,0,0,0,0,0,0,0,0,-32312,0,0,0,0,0,83331,0
83387,-810,8036,1132,-24,-2,99,13613,1,-2,-2,0,37315,127,26,66,0,0,0,0,0,0,0,0,-32312,0,0,0,0,0,83336,0
83392,-800,8070,1098,-26,3,100,13612,-5,3,-3,0,37315,127,26,66,0,0,0,0,0,0,0,0,-32313,0,0,0,0,0,83341,0
83397,-790,8066,1098,-29,4,96,13613,-2,-1,-3,0,37314,118,26,66,0,0,0,0,0,0,0,0,-32312,0,0,0,0,0,83346,0
83402,-782,8062,1074,-36,0,94,13614,-1,-2,-4,0,37314,118,26,66,0,0,0,0,0,0,0,0,-32313,0,0,0,0,0,83351,0
83407,-792,8046,1098,-36,6,97,13614,1,2,-4,0,37314,116,26,66,0,0,0,0,0,0,0,0,-32313,0,0,0,0,0,83356,0
83412,-774,8034,1088,-42,2,93,13614,4,2,-2,0,37314,116,26,66,0,0,0,0,0,0,0,0,-32313,0,0,0,0,0,83361,0
83417,-784,8050,1062,-46,4,89,13614,2,1,-3,0,37314,113,25,66,0,0,0,0,0,0,0,0,-32313,0,0,0,0,0,83366,0
83422,-772,8092,1096,-49,5,80,13613,-1,0,-3,0,37314,113,25,66,0,0,0,0,0,0,0,0,-32313,0,0,0,0,0,83371,0
83427,-758,8068,1072,-51,2,83,13613,3,-2,-2,0,37315,119,26,66,0,0,0,0,0,0,0,0,-32312,0,0,0,0,0,83376,0
83432,-752,8066,1070,-61,-1,77,13612,-6,-1,-3,0,37315,119,26,66,0,0,0,0,0,0,0,0,-32313,0,0,0,0,0,83381,0
83437,-724,8084,1058,-62,-8,76,13614,5,2,-1,0,37318,119,26,66,0,0,0,0,0,0,0,0,-32312,0,0,0,0,0,83386,0
83442,-740,8094,1084,-66,-8,68,13612,-7,3,-3,0,37318,119,26,66,0,0,0,0,0,0,0,0,-32312,0,0,0,0,0,83391,0
83447,-766,8064,1078,-66,-9,70,13613,1,4,-3,0,37319,119,26,66,0,0,0,0,0,0,0,0,-32313,0,0,0,0,0,83396,0
83452,-800,8080,1098,-70,-10,61,13613,2,-3,-2,0,37319,119,26,66,0,0,0,0,0,0,0,0,-32313,0,0,0,0,0,83401,0
83457,-794,8058,1108,-64,-15,58,13613,5,5,-3,0,37319,115,26,66,0,0,0,0,0,0,0,0,-32313,0,0,0,0,0,83406,0
83462,-802,8054,1114,-71,-13,53,13614,3,0,-3,0,37319,115,26,66,0,0,0,0,0,0,0,0,-32313,0,0,0,0,0,83411,0
83467,-802,8042,1112,-80,-13,58,13613,0,0,-2,0,37318,118,26,66,0,0,0,0,0,0,0,0,-32313,0,0,0,0,0,83416,0
83472,-826,8030,1116,-88,-17,53,13613,0,4,-3,0,37318,118,26,66,0,0,0,0,0,0,0,0,-32313,0,0,0,0,0,83421,0
83477,-820,8046,1130,-83,-13,55,13614,5,0,-1,0,37319,118,26,66,0,0,0,0,0,0,0,0,-32312,0,0,0,0,0,83426,0
83482,-836,8036,1160,-87,-16,51,13613,3,-2,-3,0,37319,118,26,66,0,0,0,0,0,0,0,0,-32313,0,0,0,0,0,83431,0
83487,-850,7996,1156,-88,-17,54,13614,1,-1,-4,0,37320,123,26,66,0,0,0,0,0,0,0,0,-32312,0,0,0,0,0,83436,0
83492,-842,7990,1182,-94,-13,51,13613,3,-2,-1,0,37320,123,26,66,0,0,0,0,0,0,0,0,-32312,0,0,0,0,0,83441,0
83497,-810,8018,1192,-91,-19,47,13613,-3,3,-3,0,37319,121,26,66,0,0,0,0,0,0,0,0,-32312,0,0,0,0,0,83446,0
83502,-788,7996,1198,-94,-10,44,13612,0,-4,-2,0,37319,121,26,66,0,0,0,0,0,0,0,0,-32312,0,0,0,0,0,83451,0
83507,-770,8014,1200,-97,-14,44,13613,-2,-1,-1,0,37319,122,26,66,0,0,0,0,0,0,0,0,-32312,0,0,0,0,0,83456,0
83512,-780,7998,1228,-98,-15,39,13614,3,-3,-2,0,37319,122,26,66,0,0,0,0,0,0,0,0,-32312,0,0,0,0,0,83461,0
83517,-724,8034,1242,-93,-16,33,13612,-4,1,-1,0,37321,125,26,66,0,0,0,0,0,0,0,0,-32312,0,0,0,0,0,83466,0
83522,-704,8024,1236,-101,-22,30,13612,-8,0,-2,0,37321,125,26,66,0,0,0,0,0,0,0,0,-32313,0,0,0,0,0,83471,0
83527,-710,8012,1236,-104,-21,29,13614,3,-5,-2,0,37322,128,26,66,0,0,0,0,0,0,0,0,-32312,0,0,0,0,0,83476,0
83532,-638,8044,1236,-97,-27,13,13614,0,-1,-3,0,37322,128,26,66,0,0,0,0,0,0,0,0,-32313,0,0,0,0,0,83481,0
83537,-636,8054,1254,-98,-26,10,13614,3,3,-3,0,37325,127,26,66,0,0,0,0,0,0,0,0,-32313,0,0,0,0,0,83486,0
83542,-636,8052,1256,-95,-26,4,13614,4,-3,-4,0,37325,127,26,66,0,0,0,0,0,0,0,0,-32312,0,0,0,0,0,83491,0
83547,-640,8052,1258,-99,-33,-6,13614,0,-3,-3,0,37324,122,26,66,0,0,0,0,0,0,0,0,-32312,0,0,0,0,0,83496,0
83552,-632,8050,1296,-99,-32,-14,13612,-3,-1,-2,0,37324,122,26,66,0,0,0,0,0,0,0,0,-32312,0,0,0,0,0,83501,0
83557,-644,8058,1296,-93,-34,-26,13614,2,-4,-4,0,37324,130,26,66,0,0,0,0,0,0,0,0,-32313,0,0,0,0,0,83506,0
83562,-612,8078,1288,-96,-34,-28,13613,-3,-2,-3,0,37324,130,26,66,0,0,0,0,0,0,0,0,-32313,0,0,0,0,0,83511,0
83567,-648,8058,1288,-97,-41,-29,13613,-6,1,-3,0,37322,124,26,66,0,0,0,0,0,0,0,0,-32312,0,0,0,0,0,83516,0
83572,-716,8036,1276,-95,-28,-39,13612,-5,-2,-3,0,37322,124,26,66,0,0,0,0,0,0,0,0,-32312,0,0,0,0,0,83521,0
83577,-764,8014,1300,-94,-29,-43,13612,-8,-1,-1,0,37319,121,26,66,0,0,0,0,0,0,0,0,-32312,0,0,0,0,0,83526,0
83582,-762,7994,1302,-98,-32,-42,13613,0,2,-2,0,37319,121,26,66,0,0,0,0,0,0,0,0,-32313,0,0,0,0,0,83531,0
83587,-770,7984,1342,-95,-30,-50,13614,3,1,-3,0,37318,122,26,66,0,0,0,0,0,0,0,0,-32312,0,0,0,0,0,83536,0
83592,-796,7988,1378,-85,-31,-49,13613,1,6,-3,0,37318,122,26,66,0,0,0,0,0,0,0,0,-32312,0,0,0,0,0,83541,0
83597,-768,7986,1400,-88,-30,-57,13612,-4,0,-4,0,37320,120,26,66,0,0,0,0,0,0,0,0,-32313,0,0,0,0,0,83546,0
83602,-758,8010,1396,-91,-31,-60,13613,2,-1,-3,0,37320,120,26,66,0,0,0,0,0,0,0,0,-32312,0,0,0,0,0,83551,0
83607,-750,8024,1388,-83,-30,-64,13613,2,-2,-3,0,37320,121,26,66,0,0,0,0,0,0,0,0,-32312,0,0,0,0,0,83556,0
83612,-676,8072,1386,-77,-30,-76,13612,-6,-2,-2,0,37320,121,26,66,0,0,0,0,0,0,0,0,-32313,0,0,0,0,0,83561,0
83617,-638,8044,1382,-77,-24,-76,13613,0,1,-3,0,37320,107,26,66,0,0,0,0,0,0,0,0,-32313,0,0,0,0,0,83566,0
83622,-614,8062,1406,-76,-29,-83,13613,1,2,-3,0,37320,107,26,66,0,0,0,0,0,0,0,0,-32313,0,0,0,0,0,83571,0
83627,-626,8076,1406,-77,-23,-88,13612,0,-4,-2,0,37319,109,26,66,0,0,0,0,0,0,0,0,-32313,0,0,0,0,0,83576,0
83632,-592,8050,1420,-68,-26,-100,13614,1,0,-3,0,37319,109,26,66,0,0,0,0,0,0,0,0,-32313,0,0,0,0,0,83581,0
83637,-634,8026,1442,-71,-21,-108,13614,-1,4,-5,0,37323,111,26,66,0,0,0,0,0,0,0,0,-32312,0,0,0,0,0,83586,0
83642,-638,8024,1434,-62,-25,-111,13613,-3,0,-2,0,37323,111,26,66,0,0,0,0,0,0,0,0,-32313,0,0,0,0,0,83591,0
83647,-626,8012,1434,-64,-29,-119,13613,0,-3,-2,0,37321,118,26,66,0,0,0,0,0,0,0,0,-32312,0,0,0,0,0,83596,0
83652,-634,7992,1428,-56,-16,-134,13614,3,4,-1,0,37321,118,26,66,0,0,0,0,0,0,0,0,-32313,0,0,0,0,0,83601,0
83657,-632,8014,1426,-63,-16,-148,13613,2,0,-2,0,37320,118,26,66,0,0,0,0,0,0,0,0,-32313,0,0,0,0,0,83606,0
83662,-634,7998,1440,-55,-20,-149,13612,-2,-1,-2,0,37320,118,26,66,0,0,0,0,0,0,0,0,-32313,0,0,0,0,0,83611,0
83667,-628,8014,1444,-53,-20,-155,13613,-8,3,-3,0,37319,120,26,66,0,0,0,0,0,0,0,0,-32312,0,0,0,0,0,83616,0
83672,-684,8004,1420,-50,-15,-166,13612,-1,-1,-4,0,37319,120,26,66,0,0,0,0,0,0,0,0,-32312,0,0,0,0,0,83621,0
83677,-728,7980,1406,-48,-20,-171,13613,2,-4,-1,0,37318,126,26,66,0,0,0,0,0,0,0,0,-32312,0,0,0,0,0,83626,0
83682,-776,7962,1398,-46,-14,-174,13613,0,1,-3,0,37318,126,26,66,0,0,0,0,0,0,0,0,-32312,0,0,0,0,0,83631,0
83687,-814,7970,1392,-49,-13,-180,13613,-2,2,-4,0,37318,126,26,66,0,0,0,0,0,0,0,0,-32313,0,0,0,0,0,83636,0
83692,-880,7920,1416,-44,-15,-185,13613,3,1,-3,0,37318,126,26,66,0,0,0,0,0,0,0,0,-32312,0,0,0,0,0,83641,0
83697,-880,7914,1410,-46,-18,-189,13613,0,-2,-3,0,37317,121,26,66,0,0,0,0,0,0,0,0,-32313,0,0,0,0,0,83646,0
83702,-876,7904,1412,-44,-18,-194,13613,-6,1,-3,0,37317,121,26,66,0,0,0,0,0,0,0,0,-32313,0,0,0,0,0,83651,0
83707,-900,7930,1400,-48,-20,-187,13613,-1,1,-3,0,37315,121,26,66,0,0,0,0,0,0,0,0,-32313,0,0,0,0,0,83656,0
83712,-912,7958,1436,-41,-19,-196,13612,-6,-6,-3,0,37315,121,26,66,0,0,0,0,0,0,0,0,-32313,0,0,0,0,0,83661,0
83717,-916,7942,1420,-42,-19,-196,13612,-10,-3,-2,0,37323,123,26,66,0,0,0,0,0,0,0,0,-32312,0,0,0,0,0,83666,0
83722,-922,7948,1412,-44,-22,-200,13613,2,2,-2,0,37323,123,26,66,0,0,0,0,0,0,0,0,-32313,0,0,0,0,0,83671,0
83727,-930,7962,1422,-33,-19,-193,13614,4,1,-3,0,37329,125,26,66,0,0,0,0,0,0,0,0,-32313,0,0,0,0,0,83676,0
83732,-918,7998,1430,-38,-26,-201,13612,-1,-5,-4,0,37329,125,26,66,0,0,0,0,0,0,0,0,-32313,0,0,0,0,0,83681,0
83737,-922,7970,1438,-39,-29,-203,13614,-3,2,-3,0,37330,123,26,66,0,0,0,0,0,0,0,0,-32312,0,0,0,0,0,83686,0
83742,-956,7942,1444,-30,-27,-200,13613,-6,-1,-4,0,37330,123,26,66,0,0,0,0,0,0,0,0,-32313,0,0,0,0,0,83691,0
83747,-940,7928,1432,-32,-28,-207,13613,-3,-1,-3,0,37325,123,26,66,0,0,0,0,0,0,0,0,-32312,0,0,0,0,0,83696,0
83752,-948,7946,1452,-29,-28,-204,13613,-3,-3,-2,0,37325,123,26,66,0,0,0,0,0,0,0,0,-32312,0,0,0,0,0,83701,0
83757,-950,7966,1460,-22,-31,-204,13613,-3,-3,-1,0,37316,115,26,66,0,0,0,0,0,0,0,0,-32312,0,0,0,0,0,83706,0
83762,-962,7954,1474,-21,-32,-203,13612,-4,-5,-2,0,37316,115,26,66,0,0,0,0,0,0,0,0,-32313,0,0,0,0,0,83711,0
83767,-962,7960,1478,-24,-30,-204,13612,-4,-7,-3,0,37318,117,26,66,0,0,0,0,0,0,0,0,-32312,0,0,0,0,0,83716,0
83772,-1002,7980,1462,-18,-33,-199,13613,-6,0,-4,0,37318,117,26,66,0,0,0,0,0,0,0,0,-32312,0,0,0,0,0,83721,0
83777,-1034,7938,1494,-18,-31,-200,13612,0,-2,-3,0,37316,119,26,66,0,0,0,0,0,0,0,0,-32312,0,0,0,0,0,83726,0
83782,-1034,7930,1462,-15,-34,-200,13613,0,-5,-2,0,37316,119,26,66,0,0,0,0,0,0,0,0,-32313,0,0,0,0,0,83731,0
83787,-1058,7904,1466,-17,-31,-200,13613,-4,4,-3,0,37315,123,26,66,0,0,0,0,0,0,0,0,-32313,0,0,0,0,0,83736,0
83792,-1092,7872,1480,-5,-34,-197,13614,3,4,-2,0,37315,123,26,66,0,0,0,0,0,0,0,0,-32312,0,0,0,0,0,83741,0
83797,-1116,7866,1478,-9,-33,-193,13613,-2,-2,-3,0,37314,122,26,66,0,0,0,0,0,0,0,0,-32313,0,0,0,0,0,83746,0
83802,-1130,7846,1478,-10,-37,-190,13613,0,3,-2,0,37314,122,26,66,0,0,0,0,0,0,0,0,-32313,0,0,0,0,0,83751,0
83807,-1128,7832,1468,-4,-28,-185,13614,0,1,-3,0,37314,119,26,66,0,0,0,0,0,0,0,0,-32313,0,0,0,0,0,83756,0
83812,-1158,7830,1472,-1,-30,-181,13613,-5,0,-3,0,37314,119,26,66,0,0,0,0,0,0,0,0,-32313,0,0,0,0,0,83761,0
83817,-1170,7780,1478,-7,-29,-173,13613,-1,-2,-2,0,37317,122,26,66,0,0,0,0,0,0,0,0,-32313,0,0,0,0,0,83766,0
83822,-1150,7798,1472,-6,-29,-174,13614,2,0,-3,0,37317,122,26,66,0,0,0,0,0,0,0,0,-32313,0,0,0,0,0,83771,0
83827,-1162,7804,1474,-7,-21,-174,13613,-2,0,0,0,37316,126,26,66,0,0,0,0,0,0,0,0,-32312,0,0,0,0,0,83776,0
83832,-1148,7834,1430,-12,-19,-166,13614,5,-2,-2,0,37316,126,26,66,0,0,0,0,0,0,0,0,-32313,0,0,0,0,0,83781,0
83837,-1130,7874,1436,-9,-17,-163,13613,3,1,-2,0,37314,121,26,66,0,0,0,0,0,0,0,0,-32313,0,0,0,0,0,83786,0
83842,-1114,7902,1430,-8,-13,-166,13614,5,5,-2,0,37314,121,26,66,0,0,0,0,0,0,0,0,-32313,0,0,0,0,0,83791,0
83847,-1134,7896,1402,-8,-10,-159,13614,0,0,-2,0,37312,124,26,66,0,0,0,0,0,0,0,0,-32313,0,0,0,0,0,83796,0
83852,-1144,7906,1340,-13,-7,-151,13613,-2,2,-4,0,37312,124,26,66,0,0,0,0,0,0,0,0,-32313,0,0,0,0,0,83801,0
83857,-1204,7874,1308,-20,-3,-147,13614,0,3,-1,0,37320,125,26,66,0,0,0,0,0,0,0,0,-32313,0,0,0,0,0,83806,0
83862,-1250,7878,1302,-16,-3,-146,13614,6,1,-2,0,37320,125,26,66,0,0,0,0,0,0,0,0,-32313,0,0,0,0,0,83811,0
83867,-1280,7844,1342,-19,-2,-138,13613,6,-4,-3,0,37323,130,26,66,0,0,0,0,0,0,0,0,-32313,0,0,0,0,0,83816,0
83872,-1342,7834,1398,-20,-7,-126,13613,-1,1,-3,0,37323,130,26,66,0,0,0,0,0,0,0,0,-32313,0,0,0,0,0,83821,0
83877,-1336,7842,1436,-23,-9,-122,13613,5,2,-2,0,37324,127,26,66,0,0,0,0,0,0,0,0,-32313,0,0,0,0,0,83826,0
83882,-1332,7844,1470,-21,-8,-111,13614,5,-1,-2,0,37324,127,26,66,0,0,0,0,0,0,0,0,-32312,0,0,0,0,0,83831,0
83887,-1330,7856,1438,-28,-11,-100,13613,-4,2,-2,0,37321,119,26,66,0,0,0,0,0,0,0,0,-32312,0,0,0,0,0,83836,0
83892,-1342,7872,1446,-23,-8,-93,13613,-1,-2,-2,0,37321,119,26,66,0,0,0,0,0,0,0,0,-32313,0,0,0,0,0,83841,0
83897,-1318,7886,1470,-20,-9,-89,13614,1,-1,-4,0,37320,118,26,66,0,0,0,0,0,0,0,0,-32313,0,0,0,0,0,83846,0
83902,-1350,7888,1440,-21,-13,-84,13613,-7,-2,-2,0,37320,118,26,66,0,0,0,0,0,0,0,0,-32313,0,0,0,0,0,83851,0
83907,-1320,7928,1424,-20,-15,-74,13613,-10,0,-2,0,37317,113,26,66,0,0,0,0,0,0,0,0,-32313,0,0,0,0,0,83856,0
83912,-1282,7948,1382,-16,-25,-62,13613,0,-1,-2,0,37317,113,26,66,0,0,0,0,0,0,0,0,-32313,0,0,0,0,0,83861,0
83917,-1306,7954,1378,-16,-26,-58,13613,1,4,-1,0,37315,116,26,66,0,0,0,0,0,0,0,0,-32313,0,0,0,0,0,83866,0
83922,-1294,7968,1392,-14,-29,-44,13612,-2,5,-2,0,37315,116,26,66,0,0,0,0,0,0,0,0,-32313,0,0,0,0,0,83871,0
83927,-1296,7968,1376,-20,-30,-41,13612,-2,5,-2,0,37314,111,26,66,0,0,0,0,0,0,0,0,-32313,0,0,0,0,0,83876,0
83932,-1346,7942,1382,-19,-30,-17,13613,4,8,-2,0,37314,111,26,66,0,0,0,0,0,0,0,0,-32312,0,0,0,0,0,83881,0
83937,-1372,7948,1412,-26,-29,-12,13614,9,1,-3,0,37317,110,26,66,0,0,0,0,0,0,0,0,-32313,0,0,0,0,0,83886,0
83942,-1378,7918,1388,-24,-29,-5,13613,2,4,-3,0,37317,110,26,66,0,0,0,0,0,0,0,0,-32313,0,0,0,0,0,83891,0
83947,-1390,7908,1382,-25,-28,4,13613,4,-3,-2,0,37316,112,26,66,0,0,0,0,0,0,0,0,-32312,0,0,0,0,0,83896,0
83952,-1440,7872,1382,-28,-28,17,13615,0,-4,-2,0,37316,112,26,66,0,0,0,0,0,0,0,0,-32312,0,0,0,0,0,83901,0
83957,-1430,7868,1386,-32,-28,33,13613,-1,-6,-2,0,37317,116,26,66,0,0,0,0,0,0,0,0,-32313,0,0,0,0,0,83906,0
83962,-1452,7864,1376,-34,-30,45,13614,9,-1,-3,0,37317,116,26,66,0,0,0,0,0,0,0,0,-32312,0,0,0,0,0,83911,0
83967,-1448,7862,1360,-34,-29,54,13612,1,-2,-2,0,37318,117,26,66,0,0,0,0,0,0,0,0,-32312,0,0,0,0,0,83916,0
83972,-1478,7872,1340,-40,-32,72,13613,1,0,-4,0,37318,117,26,66,0,0,0,0,0,0,0,0,-32313,0,0,0,0,0,83921,0
83977,-1442,7864,1312,-48,-35,80,13613,-3,2,-2,0,37318,107,26,66,0,0,0,0,0,0,0,0,-32312,0,0,0,0,0,83926,0
83982,-1446,7880,1318,-49,-32,94,13615,4,-1,-3,0,37318,107,26,66,0,0,0,0,0,0,0,0,-32313,0,0,0,0,0,83931,0
83987,-1452,7890,1308,-48,-34,104,13614,5,1,-3,0,37315,108,26,66,0,0,0,0,0,0,0,0,-32312,0,0,0,0,0,83936,0
83992,-1408,7894,1280,-58,-38,123,13613,0,0,-3,0,37315,108,26,66,0,0,0,0,0,0,0,0,-32313,0,0,0,0,0,83941,0
83997,-1406,7902,1306,-60,-34,131,13613,1,-4,-3,0,37313,108,26,66,0,0,0,0,0,0,0,0,-32313,0,0,0,0,0,83946,0
84002,-1384,7918,1298,-69,-39,141,13612,0,-2,-1,0,37313,108,26,66,0,0,0,0,0,0,0,0,-32312,0,0,0,0,0,83951,0
84007,-1410,7944,1304,-73,-36,152,13614,-2,2,-1,0,37311,111,26,66,0,0,0,0,0,0,0,0,-32312,0,0,0,0,0,83956,0
84012,-1398,7918,1272,-82,-40,168,13613,3,1,-3,0,37311,111,26,66,0,0,0,0,0,0,0,0,-32313,0,0,0,0,0,83961,0
84017,-1400,7922,1250,-83,-43,179,13613,-4,3,-3,0,37312,113,26,66,0,0,0,0,0,0,0,0,-32312,0,0,0,0,0,83966,0
84022,-1372,7896,1266,-97,-43,185,13614,0,-2,-2,0,37312,113,26,66,0,0,0,0,0,0,0,0,-32312,0,0,0,0,0,83971,0
84027,-1360,7880,1266,-95,-48,194,13614,-2,-5,-1,0,37314,114,26,66,0,0,0,0,0,0,0,0,-32313,0,0,0,0,0,83976,0
84032,-1348,7864,1272,-106,-54,214,13613,0,0,-3,0,37314,114,26,66,0,0,0,0,0,0,0,0,-32313,0,0,0,0,0,83981,0
84037,-1344,7878,1272,-121,-49,219,13614,7,-3,-3,0,37317,121,26,66,0,0,0,0,0,0,0,0,-32312,0,0,0,0,0,83986,0
84042,-1360,7856,1292,-121,-48,225,13613,-1,-1,-3,0,37317,121,26,66,0,0,0,0,0,0,0,0,-32313,0,0,0,0,0,83991,0
84047,-1344,7894,1290,-126,-55,234,13614,1,-2,-3,0,37316,122,26,66,0,0,0,0,0,0,0,0,-32312,0,0,0,0,0,83996,0
84052,-1316,7912,1282,-138,-55,249,13613,1,-3,-2,0,37316,122,26,66,0,0,0,0,0,0,0,0,-32313,0,0,0,0,0,84001,0
84057,-1296,7908,1282,-147,-56,252,13612,-5,-1,-3,0,37321,123,26,66,0,0,0,0,0,0,0,0,-32313,0,0,0,0,0,84006,0
84062,-1276,7932,1296,-150,-57,260,13613,-4,-6,-2,0,37321,123,26,66,0,0,0,0,0,0,0,0,-32313,0,0,0,0,0,84011,0
84067,-1286,7914,1308,-159,-59,271,13612,-4,2,-3,0,37321,121,26,66,0,0,0,0,0,0,0,0,-32312,0,0,0,0,0,84016,0
84072,-1212,7924,1328,-164,-55,275,13613,1,2,-3,0,37321,121,26,66,0,0,0,0,0,0,0,0,-32313,0,0,0,0,0,84021,0
84077,-1178,7920,1322,-172,-65,285,13613,-5,-1,-2,0,37322,124,26,66,0,0,0,0,0,0,0,0,-32312,0,0,0,0,0,84026,0
84082,-1210,7928,1342,-172,-61,288,13613,0,2,-3,0,37322,124,26,66,0,0,0,0,0,0,0,0,-32313,0,0,0,0,0,84031,0
84087,-1202,7922,1370,-179,-60,296,13613,0,0,-3,0,37318,125,26,66,0,0,0,0,0,0,0,0,-32312,0,0,0,0,0,84036,0
84092,-1156,7954,1392,-185,-56,304,13613,-4,0,-3,0,37318,125,26,66,0,0,0,0,0,0,0,0,-32313,0,0,0,0,0,84041,0
84097,-1150,7958,1394,-197,-57,315,13613,-2,0,-3,0,37312,120,25,66,0,0,0,0,0,0,0,0,-32313,0,0,0,0,0,84046,0
84102,-1138,7968,1402,-200,-58,316,13612,-5,4,-3,0,37312,120,25,66,0,0,0,0,0,0,0,0,-32312,0,0,0,0,0,84051,0
84107,-1158,7974,1420,-201,-56,319,13614,-3,0,-3,0,37313,117,25,66,0,0,0,0,0,0,0,0,-32312,0,0,0,0,0,84056,0
84112,-1092,8000,1480,-205,-57,329,13613,-5,-2,-3,0,37313,117,25,66,0,0,0,0,0,0,0,0,-32312,0,0,0,0,0,84061,0
84117,-1126,7976,1478,-210,-59,341,13613,-5,0,-3,0,37316,120,26,66,0,0,0,0,0,0,0,0,-32313,0,0,0,0,0,84066,0
84122,-1184,7942,1508,-216,-67,345,13613,1,-1,-2,0,37316,120,26,66,0,0,0,0,0,0,0,0,-32313,0,0,0,0,0,84071,0
84127,-1182,7936,1538,-212,-60,348,13614,0,4,-3,0,37316,119,26,66,0,0,0,0,0,0,0,0,-32312,0,0,0,0,0,84076,0
84132,-1180,7828,1562,-215,-64,365,13614,5,-1,-3,0,37316,119,26,66,0,0,0,0,0,0,0,0,-32313,0,0,0,0,0,84081,0
84137,-1174,7810,1550,-205,-61,368,13613,0,4,-3,0,37315,115,26,66,0,0,0,0,0,0,0,0,-32312,0,0,0,0,0,84086,0
84142,-1212,7826,1598,-210,-62,377,13614,0,1,-3,0,37315,115,26,66,0,0,0,0,0,0,0,0,-32312,0,0,0,0,0,84091,0
84147,-1212,7814,1676,-213,-59,381,13613,-4,-5,-3,0,37315,115,26,66,0,0,0,0,0,0,0,0,-32312,0,0,0,0,0,84096,0
84152,-1144,7768,1690,-212,-62,396,13614,8,2,-3,0,37315,115,26,66,0,0,0,0,0,0,0,0,-32313,0,0,0,0,0,84101,0
84157,-1126,7796,1738,-209,-61,402,13613,-1,-3,-4,0,37318,123,26,66,0,0,0,0,0,0,0,0,-32312,0,0,0,0,0,84106,0
84162,-1126,7780,1770,-209,-55,411,13613,-1,2,-3,0,37318,123,26,66,0,0,0,0,0,0,0,0,-32314,0,0,0,0,0,84111,0
84167,-1146,7796,1750,-203,-58,419,13612,-3,2,-3,0,37319,128,26,66,0,0,0,0,0,0,0,0,-32312,0,0,0,0,0,84116,0
84172,-1130,7804,1800,-199,-61,433,13614,0,-3,-3,0,37319,128,26,66,0,0,0,0,0,0,0,0,-32312,0,0,0,0,0,84121,0
84177,-1080,7802,1834,-194,-57,445,13612,-6,-2,-2,0,37317,133,26,66,0,0,0,0,0,0,0,0,-32313,0,0,0,0,0,84126,0
84182,-1068,7848,1864,-186,-52,448,13614,5,1,-3,0,37317,133,26,66,0,0,0,0,0,0,0,0,-32312,0,0,0,0,0,84131,0
84187,-1104,7868,1830,-186,-62,459,13614,5,1,-4,0,37315,127,26,66,0,0,0,0,0,0,0,0,-32312,0,0,0,0,0,84136,0
84192,-1076,7876,1926,-177,-74,474,13614,2,4,-3,0,37315,127,26,66,0,0,0,0,0,0,0,0,-32313,0,0,0,0,0,84141,0
84197,-1038,7800,1880,-170,-86,479,13613,1,0,-4,0,37312,125,25,66,0,0,0,0,0,0,0,0,-32313,0,0,0,0,0,84146,0
84202,-1022,7818,1846,-153,-87,484,13613,-4,2,-3,0,37312,125,25,66,0,0,0,0,0,0,0,0,-32312,0,0,0,0,0,84151,0
84207,-1004,7828,1858,-156,-80,493,13613,-3,-3,-3,0,37311,117,26,66,0,0,0,0,0,0,0,0,-32313,0,0,0,0,0,84156,0
84212,-980,7810,1870,-150,-71,500,13613,1,0,-3,0,37311,117,26,66,0,0,0,0,0,0,0,0,-32312,0,0,0,0,0,84161,0
84217,-974,7796,1902,-146,-73,508,13613,-1,3,-3,0,37310,118,26,66,0,0,0,0,0,0,0,0,-32312,0,0,0,0,0,84166,0
84222,-990,7812,1902,-144,-70,512,13615,6,0,-4,0,37310,118,26,66,0,0,0,0,0,0,0,0,-32313,0,0,0,0,0,84171,0
84227,-954,7796,1904,-132,-61,524,13614,5,0,-2,0,37310,125,26,66,0,0,0,0,0,0,0,0,-32312,0,0,0,0,0,84176,0
84232,-964,7766,1928,-125,-67,531,13613,0,1,-5,0,37310,125,26,66,0,0,0,0,0,0,0,0,-32312,0,0,0,0,0,84181,0
84237,-930,7762,1902,-121,-69,533,13613,1,-3,-3,0,37310,119,26,66,0,0,0,0,0,0,0,0,-32313,0,0,0,0,0,84186,0
84242,-918,7760,1912,-116,-71,537,13613,0,2,-4,0,37310,119,26,66,0,0,0,0,0,0,0,0,-32313,0,0,0,0,0,84191,0
84247,-906,7768,1920,-116,-73,541,13613,-2,-1,-3,0,37309,117,26,66,0,0,0,0,0,0,0,0,-32312,0,0,0,0,0,84196,0
84252,-876,7772,1936,-106,-76,547,13613,-3,2,-3,0,37309,117,26,66,0,0,0,0,0,0,0,0,-32313,0,0,0,0,0,84201,0
84257,-832,7792,1922,-105,-80,547,13614,3,0,-3,0,37309,119,26,66,0,0,0,0,0,0,0,0,-32313,0,0,0,0,0,84206,0
84262,-820,7848,1894,-97,-88,548,13614,4,0,-4,0,37309,119,26,66,0,0,0,0,0,0,0,0,-32313,0,0,0,0,0,84211,0
84267,-816,7846,1910,-99,-100,548,13614,0,0,-4,0,37313,128,26,66,0,0,0,0,0,0,0,0,-32313,0,0,0,0,0,84216,0
84272,-928,7844,2002,-97,-169,550,13614,1,-2,-3,0,37313,128,26,66,0,0,0,0,0,0,0,0,-32312,0,0,0,0,0,84221,0
84277,-900,7826,1980,-100,-208,549,13615,2,1,-3,0,37312,130,26,66,0,0,0,0,0,0,0,0,-32313,0,0,0,0,0,84226,0
84282,-908,7798,1916,-93,-240,547,13614,7,-5,-3,0,37312,130,26,66,0,0,0,0,0,0,0,0,-32312,0,0,0,0,0,84231,0
84287,-878,7834,1946,-93,-266,540,13614,2,-2,-3,0,37312,125,26,66,0,0,0,0,0,0,0,0,-32312,0,0,0,0,0,84236,0
84292,-804,7838,1864,-79,-327,530,13615,1,1,-3,0,37312,125,26,66,0,0,0,0,0,0,0,0,-32313,0,0,0,0,0,84241,0
84297,-754,7868,1934,-72,-351,524,13615,6,1,-4,0,37309,126,26,66,0,0,0,0,0,0,0,0,-32313,0,0,0,0,0,84246,0
84302,-796,7914,1918,-72,-386,518,13615,-1,0,-4,0,37309,126,26,66,0,0,0,0,0,0,0,0,-32313,0,0,0,0,0,84251,0
84307,-770,7970,1942,-62,-415,512,13615,0,-5,-4,0,37310,126,26,66,0,0,0,0,0,0,0,0,-32312,0,0,0,0,0,84256,0
84312,-718,7990,1910,-54,-483,505,13616,0,-2,-4,0,37310,126,26,66,0,0,0,0,0,0,0,0,-32313,0,0,0,0,0,84261,0
84317,-690,7978,1888,-55,-523,495,13615,6,-1,-4,0,37310,120,26,66,0,0,0,0,0,0,0,0,-32313,0,0,0,0,0,84266,0
84322,-672,7974,1894,-54,-562,490,13614,-4,-1,-5,0,37310,120,26,66,0,0,0,0,0,0,0,0,-32313,0,0,0,0,0,84271,0
84327,-606,7986,1894,-49,-608,473,13615,0,-1,-4,0,37312,123,26,66,0,0,0,0,0,0,0,0,-32313,0,0,0,0,0,84276,0
84332,-476,7960,1896,-48,-709,444,13616,5,2,-4,0,37312,123,26,66,0,0,0,0,0,0,0,0,-32312,0,0,0,0,0,84281,0
84337,-428,7948,1866,-42,-766,418,13616,1,1,-8,0,37314,121,26,66,0,0,0,0,0,0,0,0,-32313,0,0,0,0,0,84286,0
84342,-374,7974,1892,-40,-834,397,13617,-2,-1,-8,0,37314,121,26,66,0,0,0,0,0,0,0,0,-32313,0,0,0,0,0,84291,0
84347,-318,8002,1844,-40,-879,377,13617,1,2,-5,0,37314,130,26,66,0,0,0,0,0,0,0,0,-32312,0,0,0,0,0,84296,0
84352,-276,8176,1830,-31,-970,337,13617,-2,1,-6,0,37314,130,26,66,0,0,0,0,0,0,0,0,-32312,0,0,0,0,0,84301,0
84357,-358,8368,1834,-37,-997,329,13618,3,2,-10,0,37314,128,26,66,0,0,0,0,0,0,0,0,-32312,0,0,0,0,0,84306,0
84362,-396,8324,1816,-28,-1030,321,13619,6,-1,-10,0,37314,128,26,66,0,0,0,0,0,0,0,0,-32312,0,0,0,0,0,84311,0
84367,-502,8430,1792,-21,-1065,304,13621,16,7,-14,0,37317,125,26,66,0,0,0,0,0,0,0,0,-32313,0,0,0,0,0,84317,0
84372,-698,8366,1826,-22,-1124,298,13621,0,3,-17,0,37317,125,26,66,0,0,0,0,0,0,0,0,-32313,0,0,0,0,0,84322,0
84377,-866,8262,1846,-22,-1161,297,13623,6,4,-17,0,37316,129,26,66,0,0,0,0,0,0,0,0,-32312,0,0,0,0,0,84327,0
84382,-968,8132,1844,-15,-1195,295,13626,12,4,-21,0,37316,129,26,66,0,0,0,0,0,0,0,0,-32313,0,0,0,0,0,84332,0
84387,-988,8070,1876,-17,-1232,299,13629,14,1,-22,0,37317,133,26,66,0,0,0,0,0,0,0,0,-32313,0,0,0,0,0,84337,0
84392,-956,7896,1916,-9,-1300,306,13630,9,1,-21,0,37317,133,26,66,0,0,0,0,0,0,0,0,-32312,0,0,0,0,0,84342,0
84397,-888,7848,1902,-10,-1336,312,13633,13,1,-19,0,37315,136,26,66,0,0,0,0,0,0,0,0,-32312,0,0,0,0,0,84347,0
84402,-792,7858,1916,-7,-1368,315,13632,0,-6,-14,0,37315,136,26,66,0,0,0,0,0,0,0,0,-32312,0,0,0,0,0,84352,0
84407,-696,7892,1888,-8,-1406,311,13633,3,-2,-11,0,37318,124,26,66,0,0,0,0,0,0,0,0,-32313,0,0,0,0,0,84357,0
84412,-480,7912,1934,-1,-1473,301,13634,3,-8,-8,0,37318,124,26,66,0,0,0,0,0,0,0,0,-32313,0,0,0,0,0,84362,0
84417,-400,7912,1962,4,-1515,296,13633,-3,-7,-5,0,37320,108,26,66,0,0,0,0,0,0,0,0,-32312,0,0,0,0,0,84367,0
84422,-344,7916,1992,12,-1544,286,13633,0,-3,-2,0,37320,108,26,66,0,0,0,0,0,0,0,0,-32313,0,0,0,0,0,84372,0
84427,-300,7880,2016,16,-1571,286,13633,0,-2,-2,0,37320,104,26,66,0,0,0,0,0,0,0,0,-32313,0,0,0,0,0,84377,0
84432,-290,7854,2032,20,-1626,274,13632,-4,2,-4,0,37320,104,26,66,0,0,0,0,0,0,0,0,-32313,0,0,0,0,0,84382,0
84437,-314,7830,2034,24,-1645,272,13633,1,-1,-4,0,37317,112,26,66,0,0,0,0,0,0,0,0,-32312,0,0,0,0,0,84387,0
84442,-360,7822,2044,35,-1666,265,13634,3,-1,-6,0,37317,112,26,66,0,0,0,0,0,0,0,0,-32312,0,0,0,0,0,84392,0
84447,-336,7812,2050,35,-1680,264,13635,2,3,-7,0,37315,123,26,66,0,0,0,0,0,0,0,0,-32313,0,0,0,0,0,84397,0
84452,-346,7822,2058,48,-1700,268,13636,6,6,-11,0,37315,123,26,66,0,0,0,0,0,0,0,0,-32312,0,0,0,0,0,84402,0
84457,-360,7806,2048,58,-1697,271,13636,3,4,-15,0,37315,124,26,66,0,0,0,0,0,0,0,0,-32312,0,0,0,0,0,84407,0
84462,-318,7844,2058,62,-1701,273,13639,7,2,-19,0,37315,124,26,66,0,0,0,0,0,0,0,0,-32312,0,0,0,0,0,84412,0
84467,-316,7832,2062,70,-1699,280,13641,7,5,-23,0,37315,119,26,66,0,0,0,0,0,0,0,0,-32312,0,0,0,0,0,84417,0
84472,-288,7848,2092,85,-1690,289,13646,15,10,-35,0,37315,119,26,66,0,0,0,0,0,0,0,0,-32313,0,0,0,0,0,84422,0
84477,-238,7884,2100,94,-1677,293,13652,27,14,-50,0,37317,124,26,66,0,0,0,0,0,0,0,0,-32313,0,0,0,0,0,84427,0
84482,-208,7874,2110,98,-1660,292,13664,57,29,-82,0,37317,124,26,66,0,0,0,0,0,0,0,0,-32313,0,0,0,0,0,84432,0
84487,-184,7902,2096,106,-1651,295,13683,85,43,-134,0,37318,129,26,66,0,0,0,0,0,0,0,0,-32313,0,0,0,0,0,84437,0
84492,-68,7948,2092,124,-1615,301,13700,71,59,-148,0,37318,129,26,66,0,0,0,0,0,0,0,0,-32313,0,0,0,0,0,84442,0
84497,-60,7920,2092,130,-1586,310,13712,57,41,-113,0,37319,128,26,66,0,0,0,0,0,0,0,0,-32313,0,0,0,0,0,84447,0
84502,-94,7924,2090,139,-1562,314,13728,71,16,-108,0,37319,128,26,66,0,0,0,0,0,0,0,0,-32312,0,0,0,0,0,84452,0
84507,-90,7900,2092,151,-1525,321,13751,104,6,-151,0,37315,117,26,66,0,0,0,0,0,0,0,0,-32313,0,0,0,0,0,84457,0
84512,-86,7898,2066,159,-1477,333,13773,91,20,-160,0,37315,117,26,66,0,0,0,0,0,0,0,0,-32313,0,0,0,0,0,84462,0
84517,-98,7906,2042,170,-1444,342,13788,67,23,-118,0,37315,120,26,66,0,0,0,0,0,0,0,0,-32312,0,0,0,0,0,84467,0
84522,-158,7878,2038,176,-1419,349,13808,84,10,-122,0,37315,120,26,66,0,0,0,0,0,0,0,0,-32312,0,0,0,0,0,84472,0
84527,-170,7906,2006,190,-1391,356,13826,76,-6,-129,0,37315,122,26,66,0,0,0,0,0,0,0,0,-32312,0,0,0,0,0,84477,0
84532,-190,7912,1978,189,-1330,379,13835,34,-31,-77,0,37315,122,26,66,0,0,0,0,0,0,0,0,-32313,0,0,0,0,0,84482,0
84537,-232,7940,1966,200,-1303,398,13836,4,-53,-29,0,37318,119,26,66,0,0,0,0,0,0,0,0,-32313,0,0,0,0,0,84487,0
84542,-282,7904,1928,205,-1269,405,13837,6,-70,-3,0,37318,119,26,66,0,0,0,0,0,0,0,0,-32313,0,0,0,0,0,84492,0
84547,-230,7922,1910,207,-1239,410,13836,4,-74,1,0,37318,111,26,66,0,0,0,0,0,0,0,0,-32313,0,0,0,0,0,84497,0
84552,-132,7960,1848,216,-1178,428,13836,-3,-51,1,0,37318,111,26,66,0,0,0,0,0,0,0,0,-32312,0,0,0,0,0,84502,0
84557,-72,8024,1840,222,-1147,436,13837,0,-23,0,0,37316,106,26,66,0,0,0,0,0,0,0,0,-32312,0,0,0,0,0,84507,0
84562,0,8050,1828,220,-1124,444,13836,0,-6,0,0,37316,106,26,66,0,0,0,0,0,0,0,0,-32312,0,0,0,0,0,84512,0
84567,86,8058,1782,220,-1090,452,13837,3,-1,2,0,37315,106,26,66,0,0,0,0,0,0,0,0,-32313,0,0,0,0,0,84517,0
84572,182,8086,1758,225,-1017,459,13835,-2,-4,5,0,37315,106,26,66,0,0,0,0,0,0,0,0,-32312,0,0,0,0,0,84522,0
84577,208,8112,1732,232,-983,467,13835,-3,-3,6,0,37315,98,26,66,0,0,0,0,0,0,0,0,-32312,0,0,0,0,0,84527,0
84582,182,8132,1670,229,-949,474,13834,-9,-7,7,0,37315,98,26,66,0,0,0,0,0,0,0,0,-32313,0,0,0,0,0,84532,0
84587,220,8160,1632,229,-909,483,13833,0,-6,9,0,37315,105,26,66,0,0,0,0,0,0,0,0,-32313,0,0,0,0,0,84537,0
84592,202,8218,1612,227,-838,489,13832,-5,-1,10,0,37315,105,26,66,0,0,0,0,0,0,0,0,-32312,0,0,0,0,0,84542,0
84597,258,8258,1642,225,-792,495,13831,-7,-3,11,0,37316,105,26,66,0,0,0,0,0,0,0,0,-32312,0,0,0,0,0,84547,0
84602,246,8300,1698,215,-750,498,13831,-2,3,12,0,37316,105,26,66,0,0,0,0,0,0,0,0,-32312,0,0,0,0,0,84552,0
84607,240,8366,1818,195,-706,490,13828,-7,-3,14,0,37317,105,26,66,0,0,0,0,0,0,0,0,-32313,0,0,0,0,0,84557,0
84612,222,8388,2102,162,-624,470,13827,-6,-1,17,0,37317,105,26,66,0,0,0,0,0,0,0,0,-32313,0,0,0,0,0,84562,0
84617,270,8380,2174,138,-579,453,13826,-6,2,18,0,37315,111,26,66,0,0,0,0,0,0,0,0,-32312,0,0,0,0,0,84567,0
84622,210,8362,2232,121,-538,423,13824,-8,-2,16,0,37315,111,26,66,0,0,0,0,0,0,0,0,-32312,0,0,0,0,0,84572,0
84627,134,8382,2314,93,-493,384,13823,-2,3,10,0,37317,113,26,66,0,0,0,0,0,0,0,0,-32313,0,0,0,0,0,84577,0
84632,70,8510,2296,44,-408,303,13822,1,2,8,0,37317,113,26,66,0,0,0,0,0,0,0,0,-32312,0,0,0,0,0,84582,0
84637,-76,8592,2260,20,-371,246,13822,0,5,4,0,37317,114,26,66,0,0,0,0,0,0,0,0,-32313,0,0,0,0,0,84587,0
84642,-116,8716,2326,-6,-340,209,13822,0,6,0,0,37317,114,26,66,0,0,0,0,0,0,0,0,-32312,0,0,0,0,0,84592,0
84647,-258,8708,2332,-31,-311,183,13822,-4,7,0,0,37315,112,26,66,0,0,0,0,0,0,0,0,-32313,0,0,0,0,0,84597,0
84652,-248,8562,2316,-77,-256,130,13823,1,4,0,0,37315,112,26,66,0,0,0,0,0,0,0,0,-32313,0,0,0,0,0,84602,0
84657,-238,8554,2290,-94,-239,113,13822,-3,-1,0,0,37313,117,26,66,0,0,0,0,0,0,0,0,-32313,0,0,0,0,0,84607,0
84662,-228,8500,2314,-116,-218,97,13823,0,3,1,0,37313,117,26,66,0,0,0,0,0,0,0,0,-32313,0,0,0,0,0,84612,0
84667,-146,8406,2272,-140,-197,72,13822,-5,-2,0,0,37315,125,26,66,0,0,0,0,0,0,0,0,-32313,0,0,0,0,0,84617,0
84672,-22,8256,2250,-171,-168,19,13822,-2,0,0,0,37315,125,26,66,0,0,0,0,0,0,0,0,-32312,0,0,0,0,0,84622,0
84677,28,8118,2214,-198,-158,-12,13823,0,-3,0,0,37318,130,26,66,0,0,0,0,0,0,0,0,-32313,0,0,0,0,0,84627,0
84682,84,8060,2180,-205,-142,-49,13823,5,1,1,0,37318,130,26,66,0,0,0,0,0,0,0,0,-32313,0,0,0,0,0,84632,0
84687,112,7976,2180,-223,-133,-79,13824,-1,1,0,0,37323,128,26,66,0,0,0,0,0,0,0,0,-32313,0,0,0,0,0,84637,0
84692,234,7834,2146,-243,-111,-140,13824,4,5,0,0,37323,128,26,66,0,0,0,0,0,0,0,0,-32313,0,0,0,0,0,84642,0
84697,256,7814,2136,-251,-103,-165,13822,-3,-2,0,0,37322,124,26,66,0,0,0,0,0,0,0,0,-32313,0,0,0,0,0,84647,0
84702,290,7760,2128,-261,-108,-193,13823,0,2,0,0,37322,124,26,66,0,0,0,0,0,0,0,0,-32313,0,0,0,0,0,84652,0
84707,336,7772,2100,-266,-103,-221,13823,7,2,0,0,37321,124,26,66,0,0,0,0,0,0,0,0,-32313,0,0,0,0,0,84657,0
84712,516,7772,2046,-277,-104,-274,13823,2,5,0,0,37321,124,26,66,0,0,0,0,0,0,0,0,-32312,0,0,0,0,0,84662,0
84717,588,7800,2036,-276,-110,-298,13824,1,6,0,0,37318,127,26,66,0,0,0,0,0,0,0,0,-32313,0,0,0,0,0,84667,0
84722,660,7840,2032,-282,-121,-325,13822,-3,0,0,0,37318,127,26,66,0,0,0,0,0,0,0,0,-32313,0,0,0,0,0,84672,0
84727,756,7806,2032,-286,-138,-338,13823,0,-2,-1,0,37315,119,26,66,0,0,0,0,0,0,0,0,-32312,0,0,0,0,0,84677,0
84732,840,7812,2014,-284,-171,-359,13823,-2,0,-2,0,37315,119,26,66,0,0,0,0,0,0,0,0,-32313,0,0,0,0,0,84682,0
84737,852,7792,2028,-281,-182,-361,13822,2,-3,-5,0,37313,113,26,66,0,0,0,0,0,0,0,0,-32312,0,0,0,0,0,84687,0
84742,824,7752,2016,-283,-207,-349,13825,3,4,-7,0,37313,113,26,66,0,0,0,0,0,0,0,0,-32313,0,0,0,0,0,84692,0
84747,796,7730,2026,-285,-229,-324,13825,10,2,-8,0,37313,118,26,66,0,0,0,0,0,0,0,0,-32312,0,0,0,0,0,84697,0
84752,804,7596,2070,-284,-280,-255,13827,6,-1,-7,0,37313,118,26,66,0,0,0,0,0,0,0,0,-32313,0,0,0,0,0,84702,0
84757,890,7492,2068,-278,-307,-210,13828,1,3,-9,0,37315,116,26,66,0,0,0,0,0,0,0,0,-32312,0,0,0,0,0,84707,0
84762,908,7390,2058,-275,-318,-163,13829,5,2,-9,0,37315,116,26,66,0,0,0,0,0,0,0,0,-32312,0,0,0,0,0,84712,0
84767,988,7326,2140,-267,-337,-116,13830,-1,-3,-5,0,37315,113,26,66,0,0,0,0,0,0,0,0,-32312,0,0,0,0,0,84717,0
84772,1110,7230,2116,-254,-364,-19,13832,8,-3,-5,0,37315,113,26,66,0,0,0,0,0,0,0,0,-32313,0,0,0,0,0,84722,0
84777,1140,7204,2122,-251,-378,29,13830,-2,-7,-3,0,37315,114,26,66,0,0,0,0,0,0,0,0,-32313,0,0,0,0,0,84727,0
84782,1184,7228,2124,-251,-389,67,13831,-1,-3,0,0,37315,114,26,66,0,0,0,0,0,0,0,0,-32312,0,0,0,0,0,84732,0
84787,1202,7200,2136,-248,-402,105,13830,-11,-6,1,0,37315,114,26,66,0,0,0,0,0,0,0,0,-32313,0,0,0,0,0,84737,0
84792,1212,7152,2142,-243,-418,165,13832,5,-4,0,0,37315,114,26,66,0,0,0,0,0,0,0,0,-32312,0,0,0,0,0,84742,0
84797,1188,7126,2144,-241,-426,195,13831,-2,-5,1,0,37317,118,26,66,0,0,0,0,0,0,0,0,-32313,0,0,0,0,0,84747,0
84802,1140,7158,2166,-239,-427,224,13831,-1,-1,2,0,37317,118,26,66,0,0,0,0,0,0,0,0,-32313,0,0,0,0,0,84752,0
84807,1072,7174,2182,-244,-428,254,13832,3,1,1,0,37316,124,26,66,0,0,0,0,0,0,0,0,-32313,0,0,0,0,0,84757,0
84812,1040,7216,2158,-244,-436,311,13833,9,4,1,0,37316,124,26,66,0,0,0,0,0,0,0,0,-32313,0,0,0,0,0,84762,0
84817,1014,7268,2180,-243,-434,336,13833,2,2,1,0,37316,124,26,66,0,0,0,0,0,0,0,0,-32312,0,0,0,0,0,84767,0
84822,1032,7324,2180,-250,-433,358,13832,0,5,0,0,37316,124,26,66,0,0,0,0,0,0,0,0,-32313,0,0,0,0,0,84772,0
84827,994,7426,2168,-258,-433,385,13831,-2,-3,0,0,37313,123,26,66,0,0,0,0,0,0,0,0,-32313,0,0,0,0,0,84777,0
84832,980,7618,2176,-267,-431,420,13831,-1,-2,0,0,37313,123,26,66,0,0,0,0,0,0,0,0,-32312,0,0,0,0,0,84782,0
84837,996,7732,2160,-270,-427,434,13831,-9,-1,0,0,37314,125,26,66,0,0,0,0,0,0,0,0,-32312,0,0,0,0,0,84787,0
84842,992,7756,2180,-265,-421,447,13832,6,5,0,0,37314,125,26,66,0,0,0,0,0,0,0,0,-32312,0,0,0,0,0,84792,0
84847,1016,7824,2208,-279,-417,468,13832,3,0,0,0,37315,119,26,66,0,0,0,0,0,0,0,0,-32313,0,0,0,0,0,84797,0
84852,1014,7866,2252,-291,-406,499,13831,0,2,0,0,37315,119,26,66,0,0,0,0,0,0,0,0,-32313,0,0,0,0,0,84802,0
84857,1018,7858,2236,-286,-402,520,13831,0,1,1,0,37313,117,26,66,0,0,0,0,0,0,0,0,-32312,0,0,0,0,0,84807,0
84862,1010,7838,2278,-290,-395,541,13831,-5,0,1,0,37313,117,26,66,0,0,0,0,0,0,0,0,-32313,0,0,0,0,0,84812,0
84867,1030,7828,2268,-293,-382,560,13831,-4,0,2,0,37312,113,26,66,0,0,0,0,0,0,0,0,-32312,0,0,0,0,0,84817,0
84872,1054,7810,2340,-302,-364,596,13831,-3,-1,1,0,37312,113,26,66,0,0,0,0,0,0,0,0,-32313,0,0,0,0,0,84822,0
84877,1094,7804,2350,-304,-352,610,13831,-1,-1,0,0,37312,108,26,66,0,0,0,0,0,0,0,0,-32313,0,0,0,0,0,84827,0
84882,1070,7800,2356,-311,-338,625,13831,1,1,0,0,37312,108,26,66,0,0,0,0,0,0,0,0,-32312,0,0,0,0,0,84832,0
84887,1058,7792,2362,-320,-330,640,13830,-6,0,0,0,37313,111,26,66,0,0,0,0,0,0,0,0,-32312,0,0,0,0,0,84837,0
84892,1056,7858,2324,-344,-306,655,13831,-1,-1,1,0,37313,111,26,66,0,0,0,0,0,0,0,0,-32312,0,0,0,0,0,84842,0
84897,1008,7898,2332,-345,-298,660,13832,2,1,2,0,37313,111,26,66,0,0,0,0,0,0,0,0,-32313,0,0,0,0,0,84847,0
84902,994,7954,2348,-356,-285,665,13832,-1,3,0,0,37313,111,26,66,0,0,0,0,0,0,0,0,-32312,0,0,0,0,0,84852,0
84907,948,8028,2302,-364,-269,672,13831,2,-2,0,0,37318,103,26,66,0,0,0,0,0,0,0,0,-32312,0,0,0,0,0,84857,0
84912,966,8214,2284,-379,-241,671,13832,0,1,1,0,37318,103,26,66,0,0,0,0,0,0,0,0,-32313,0,0,0,0,0,84862,0
84917,1000,8338,2254,-381,-227,669,13831,-6,-4,1,0,37318,107,26,66,0,0,0,0,0,0,0,0,-32313,0,0,0,0,0,84867,0
84922,982,8396,2228,-379,-211,665,13831,6,2,1,0,37318,107,26,66,0,0,0,0,0,0,0,0,-32313,0,0,0,0,0,84872,0
84927,956,8446,2224,-383,-197,667,13832,5,-4,1,0,37318,109,26,66,0,0,0,0,0,0,0,0,-32312,0,0,0,0,0,84877,0
84932,986,8542,2186,-377,-165,665,13832,0,1,0,0,37318,109,26,66,0,0,0,0,0,0,0,0,-32312,0,0,0,0,0,84882,0
84937,986,8568,2206,-377,-145,671,13831,3,1,0,0,37313,121,26,66,0,0,0,0,0,0,0,0,-32312,0,0,0,0,0,84887,0
84942,954,8578,2180,-365,-132,672,13831,-3,0,0,0,37313,121,26,66,0,0,0,0,0,0,0,0,-32313,0,0,0,0,0,84892,0
84947,984,8504,2176,-371,-111,683,13832,2,-3,2,0,37313,112,26,66,0,0,0,0,0,0,0,0,-32313,0,0,0,0,0,84897,0
84952,1018,8318,2200,-352,-87,691,13832,10,1,1,0,37313,112,26,66,0,0,0,0,0,0,0,0,-32313,0,0,0,0,0,84902,0
84957,1026,8194,2178,-342,-73,688,13831,-1,2,0,0,37315,105,26,66,0,0,0,0,0,0,0,0,-32313,0,0,0,0,0,84907,0
84962,1066,8110,2166,-344,-58,688,13832,3,-4,0,0,37315,105,26,66,0,0,0,0,0,0,0,0,-32312,0,0,0,0,0,84912,0
84967,1026,8004,2154,-335,-47,686,13832,4,1,0,0,37319,112,26,66,0,0,0,0,0,0,0,0,-32313,0,0,0,0,0,84917,0
84972,994,7858,2150,-344,-37,674,13830,-6,3,1,0,37319,112,26,66,0,0,0,0,0,0,0,0,-32313,0,0,0,0,0,84922,0
84977,956,7834,2122,-339,-30,671,13831,-2,-6,0,0,37318,112,26,66,0,0,0,0,0,0,0,0,-32313,0,0,0,0,0,84927,0
84982,916,7830,2126,-340,-27,663,13830,0,1,1,0,37318,112,26,66,0,0,0,0,0,0,0,0,-32313,0,0,0,0,0,84932,0
84987,904,7840,2082,-338,-19,655,13831,-1,5,0,0,37314,117,26,66,0,0,0,0,0,0,0,0,-32312,0,0,0,0,0,84937,0
84992,830,7966,2008,-337,-17,634,13833,1,-1,0,0,37314,117,26,66,0,0,0,0,0,0,0,0,-32312,0,0,0,0,0,84942,0
84997,784,8056,1956,-342,-8,631,13832,5,1,2,0,37321,115,26,66,0,0,0,0,0,0,0,0,-32312,0,0,0,0,0,84947,0
85002,722,8134,1922,-338,-5,619,13830,-3,3,1,0,37321,115,26,66,0,0,0,0,0,0,0,0,-32313,0,0,0,0,0,84952,0
85007,694,8182,1900,-331,4,604,13830,-6,-4,1,0,37335,127,26,66,0,0,0,0,0,0,0,0,-32313,0,0,0,0,0,84957,0
85012,624,8216,1838,-324,19,582,13833,9,-1,3,0,37335,127,26,66,0,0,0,0,0,0,0,0,-32313,0,0,0,0,0,84962,0
85017,610,8190,1832,-314,33,564,13831,1,3,3,0,37342,124,26,66,0,0,0,0,0,0,0,0,-32312,0,0,0,0,0,84967,0
85022,604,8190,1786,-305,51,556,13831,3,1,2,0,37342,124,26,66,0,0,0,0,0,0,0,0,-32313,0,0,0,0,0,84972,0
85027,584,8128,1802,-302,68,542,13830,-3,-2,2,0,37336,125,26,66,0,0,0,0,0,0,0,0,-32312,0,0,0,0,0,84977,0
85032,608,8038,1762,-289,102,509,13830,-4,0,4,0,37336,125,26,66,0,0,0,0,0,0,0,0,-32313,0,0,0,0,0,84982,0
85037,664,7958,1750,-279,124,493,13831,6,-1,2,0,37323,113,26,66,0,0,0,0,0,0,0,0,-32312,0,0,0,0,0,84987,0
85042,662,7878,1734,-274,150,469,13829,4,0,3,0,37323,113,26,66,0,0,0,0,0,0,0,0,-32313,0,0,0,0,0,84992,0
85047,692,7792,1716,-262,174,447,13830,3,2,3,0,37313,110,26,66,0,0,0,0,0,0,0,0,-32313,0,0,0,0,0,84997,0
85052,708,7624,1720,-249,222,395,13828,-2,-1,1,0,37313,110,26,66,0,0,0,0,0,0,0,0,-32312,0,0,0,0,0,85002,0
85057,694,7612,1710,-236,246,377,13829,-1,3,2,0,37311,108,26,66,0,0,0,0,0,0,0,0,-32312,0,0,0,0,0,85007,0
85062,622,7576,1708,-232,264,353,13830,10,1,0,0,37311,108,26,66,0,0,0,0,0,0,0,0,-32312,0,0,0,0,0,85012,0
85067,646,7526,1700,-220,285,326,13829,6,3,1,0,37309,105,26,66,0,0,0,0,0,0,0,0,-32312,0,0,0,0,0,85017,0
85072,618,7506,1662,-193,320,282,13829,-1,3,1,0,37309,105,26,66,0,0,0,0,0,0,0,0,-32313,0,0,0,0,0,85022,0
85077,614,7442,1676,-179,338,258,13831,11,-4,0,0,37310,107,26,66,0,0,0,0,0,0,0,0,-32313,0,0,0,0,0,85027,0
85082,612,7388,1652,-168,355,235,13829,0,-1,0,0,37310,107,26,66,0,0,0,0,0,0,0,0,-32313,0,0,0,0,0,85032,0
85087,578,7352,1658,-154,358,211,13829,0,-2,-1,0,37312,110,26,66,0,0,0,0,0,0,0,0,-32313,0,0,0,0,0,85037,0
85092,512,7304,1646,-125,371,179,13829,-1,-8,1,0,37312,110,26,66,0,0,0,0,0,0,0,0,-32313,0,0,0,0,0,85042,0
85097,536,7276,1642,-115,382,164,13829,-6,1,0,0,37312,107,26,66,0,0,0,0,0,0,0,0,-32313,0,0,0,0,0,85047,0
85102,506,7222,1638,-97,381,150,13829,-5,-1,1,0,37312,107,26,66,0,0,0,0,0,0,0,0,-32312,0,0,0,0,0,85052,0
85107,548,7228,1628,-87,382,136,13829,0,0,0,0,37317,108,26,66,0,0,0,0,0,0,0,0,-32313,0,0,0,0,0,85057,0
85112,554,7154,1638,-64,392,116,13829,-1,1,0,0,37317,108,26,66,0,0,0,0,0,0,0,0,-32312,0,0,0,0,0,85062,0
85117,588,7156,1628,-49,397,105,13829,6,-1,1,0,37319,107,26,66,0,0,0,0,0,0,0,0,-32312,0,0,0,0,0,85067,0
85122,550,7108,1612,-36,399,104,13829,0,5,1,0,37319,107,26,66,0,0,0,0,0,0,0,0,-32313,0,0,0,0,0,85072,0
85127,546,7076,1626,-29,397,88,13829,3,6,1,0,37320,110,26,66,0,0,0,0,0,0,0,0,-32313,0,0,0,0,0,85077,0
85132,522,7030,1608,0,404,85,13829,-6,2,1,0,37320,110,26,66,0,0,0,0,0,0,0,0,-32313,0,0,0,0,0,85082,0
85137,534,7022,1630,13,400,86,13829,1,0,0,0,37316,112,26,66,0,0,0,0,0,0,0,0,-32312,0,0,0,0,0,85087,0
85142,510,7008,1630,30,403,87,13829,6,0,0,0,37316,112,26,66,0,0,0,0,0,0,0,0,-32312,0,0,0,0,0,85092,0
85147,532,7010,1608,36,398,85,13829,-2,3,1,0,37313,120,26,66,0,0,0,0,0,0,0,0,-32312,0,0,0,0,0,85097,0
85152,502,7034,1630,64,403,89,13830,0,-2,0,0,37313,120,26,66,0,0,0,0,0,0,0,0,-32313,0,0,0,0,0,85102,0
85157,508,7006,1616,83,400,90,13829,-1,1,0,0,37312,129,26,66,0,0,0,0,0,0,0,0,-32312,0,0,0,0,0,85107,0
85162,478,7050,1608,96,386,91,13830,3,-1,0,0,37312,129,26,66,0,0,0,0,0,0,0,0,-32313,0,0,0,0,0,85112,0
85167,458,7086,1616,111,378,90,13828,-5,-4,1,0,37314,126,26,66,0,0,0,0,0,0,0,0,-32312,0,0,0,0,0,85117,0
85172,424,7174,1648,150,359,89,13829,0,4,1,0,37314,126,26,66,0,0,0,0,0,0,0,0,-32312,0,0,0,0,0,85122,0
85177,402,7200,1662,157,349,89,13830,10,0,0,0,37315,123,26,66,0,0,0,0,0,0,0,0,-32313,0,0,0,0,0,85127,0
85182,376,7236,1668,178,329,90,13828,-3,3,2,0,37315,123,26,66,0,0,0,0,0,0,0,0,-32312,0,0,0,0,0,85132,0
85187,380,7242,1692,194,316,89,13829,-1,2,1,0,37315,120,26,66,0,0,0,0,0,0,0,0,-32312,0,0,0,0,0,85137,0
85192,382,7320,1716,235,285,92,13830,0,-2,1,0,37315,120,26,66,0,0,0,0,0,0,0,0,-32312,0,0,0,0,0,85142,0
85197,376,7330,1766,252,265,81,13829,0,5,1,0,37312,115,26,66,0,0,0,0,0,0,0,0,-32312,0,0,0,0,0,85147,0
85202,398,7370,1756,265,243,80,13829,0,-4,1,0,37312,115,26,66,0,0,0,0,0,0,0,0,-32312,0,0,0,0,0,85152,0
85207,380,7436,1798,285,221,72,13828,-3,-2,1,0,37311,111,26,66,0,0,0,0,0,0,0,0,-32312,0,0,0,0,0,85157,0
85212,386,7518,1830,308,182,57,13829,-1,0,3,0,37311,111,26,66,0,0,0,0,0,0,0,0,-32313,0,0,0,0,0,85162,0
85217,374,7562,1842,320,158,54,13829,0,1,2,0,37315,113,26,66,0,0,0,0,0,0,0,0,-32313,0,0,0,0,0,85167,0
85222,388,7576,1864,326,140,45,13829,3,4,1,0,37315,113,26,66,0,0,0,0,0,0,0,0,-32312,0,0,0,0,0,85172,0
85227,424,7598,1908,337,118,33,13829,2,4,0,0,37318,120,26,66,0,0,0,0,0,0,0,0,-32312,0,0,0,0,0,85177,0
85232,470,7692,1956,363,78,17,13829,-5,1,1,0,37318,120,26,66,0,0,0,0,0,0,0,0,-32312,0,0,0,0,0,85182,0
85237,468,7734,1948,361,54,6,13828,-7,0,0,0,37319,116,26,66,0,0,0,0,0,0,0,0,-32313,0,0,0,0,0,85187,0
85242,478,7782,1974,370,31,3,13829,-2,-2,0,0,37319,116,26,66,0,0,0,0,0,0,0,0,-32313,0,0,0,0,0,85192,0
85247,516,7808,1994,377,5,-4,13828,-1,2,0,0,37314,118,26,66,0,0,0,0,0,0,0,0,-32313,0,0,0,0,0,85197,0
85252,522,7860,2018,382,-32,-17,13830,-1,0,0,0,37314,118,26,66,0,0,0,0,0,0,0,0,-32313,0,0,0,0,0,85202,0
85257,528,7904,2052,385,-58,-21,13828,1,4,2,0,37312,115,26,66,0,0,0,0,0,0,0,0,-32313,0,0,0,0,0,85207,0
85262,572,7914,2072,385,-76,-27,13829,-4,4,1,0,37312,115,26,66,0,0,0,0,0,0,0,0,-32313,0,0,0,0,0,85212,0
85267,606,7952,2090,391,-89,-27,13829,2,3,1,0,37315,111,26,66,0,0,0,0,0,0,0,0,-32313,0,0,0,0,0,85217,0
85272,660,8002,2126,394,-122,-39,13830,-1,0,0,0,37315,111,26,66,0,0,0,0,0,0,0,0,-32313,0,0,0,0,0,85222,0
85277,664,7984,2154,394,-140,-47,13829,-7,4,0,0,37315,112,26,66,0,0,0,0,0,0,0,0,-32313,0,0,0,0,0,85227,0
85282,690,8030,2152,391,-153,-46,13829,-2,-2,0,0,37315,112,26,66,0,0,0,0,0,0,0,0,-32312,0,0,0,0,0,85232,0
85287,734,8004,2160,387,-167,-49,13830,-1,-1,0,0,37313,106,26,66,0,0,0,0,0,0,0,0,-32312,0,0,0,0,0,85237,0
85292,760,7970,2190,386,-193,-55,13829,0,1,0,0,37313,106,26,66,0,0,0,0,0,0,0,0,-32313,0,0,0,0,0,85242,0
85297,774,7972,2234,384,-201,-50,13830,-1,1,1,0,37313,113,26,66,0,0,0,0,0,0,0,0,-32313,0,0,0,0,0,85247,0
85302,804,7932,2258,380,-209,-57,13829,-1,1,1,0,37313,113,26,66,0,0,0,0,0,0,0,0,-32313,0,0,0,0,0,85252,0
85307,824,7926,2248,372,-221,-54,13828,-3,1,0,0,37314,116,26,66,0,0,0,0,0,0,0,0,-32313,0,0,0,0,0,85257,0
85312,852,7900,2288,364,-236,-51,13829,0,-1,-2,0,37314,116,26,66,0,0,0,0,0,0,0,0,-32313,0,0,0,0,0,85262,0
85317,850,7900,2278,356,-248,-52,13829,0,-1,-1,0,37320,126,26,66,0,0,0,0,0,0,0,0,-32313,0,0,0,0,0,85267,0
85322,848,7886,2300,346,-251,-50,13829,-1,1,1,0,37320,126,26,66,0,0,0,0,0,0,0,0,-32312,0,0,0,0,0,85272,0
85327,890,7912,2300,337,-258,-48,13828,-4,-3,0,0,37319,132,26,66,0,0,0,0,0,0,0,0,-32313,0,0,0,0,0,85277,0
85332,864,7906,2320,326,-267,-46,13829,0,0,0,0,37319,132,26,66,0,0,0,0,0,0,0,0,-32313,0,0,0,0,0,85282,0
85337,890,7906,2326,323,-273,-44,13829,-8,-4,1,0,37318,123,26,66,0,0,0,0,0,0,0,0,-32312,0,0,0,0,0,85287,0
85342,934,7892,2316,323,-272,-46,13829,2,0,0,0,37318,123,26,66,0,0,0,0,0,0,0,0,-32313,0,0,0,0,0,85292,0
85347,936,7920,2322,307,-276,-47,13830,0,-2,1,0,37314,114,26,66,0,0,0,0,0,0,0,0,-32312,0,0,0,0,0,85297,0
85352,966,7912,2294,306,-274,-47,13828,0,2,1,0,37314,114,26,66,0,0,0,0,0,0,0,0,-32312,0,0,0,0,0,85302,0
85357,954,7928,2308,304,-264,-44,13830,0,-1,1,0,37315,108,26,66,0,0,0,0,0,0,0,0,-32312,0,0,0,0,0,85307,0
85362,966,7892,2310,300,-270,-49,13829,2,2,0,0,37315,108,26,66,0,0,0,0,0,0,0,0,-32313,0,0,0,0,0,85312,0
85367,990,7942,2350,305,-262,-49,13829,0,6,1,0,37313,114,26,66,0,0,0,0,0,0,0,0,-32312,0,0,0,0,0,85318,0
85372,1016,7930,2346,293,-261,-44,13829,0,-3,1,0,37313,114,26,66,0,0,0,0,0,0,0,0,-32313,0,0,0,0,0,85323,0
85377,1030,7956,2344,294,-257,-41,13830,8,0,1,0,37313,123,26,66,0,0,0,0,0,0,0,0,-32313,0,0,0,0,0,85328,0
85382,1032,7958,2344,291,-249,-40,13829,0,2,1,0,37313,123,26,66,0,0,0,0,0,0,0,0,-32313,0,0,0,0,0,85333,0
85387,1060,7958,2396,283,-248,-35,13829,0,3,0,0,37313,119,26,66,0,0,0,0,0,0,0,0,-32312,0,0,0,0,0,85338,0
85392,1028,7914,2434,285,-236,-26,13830,3,1,0,0,37313,119,26,66,0,0,0,0,0,0,0,0,-32313,0,0,0,0,0,85343,0
85397,1012,7916,2442,276,-239,-18,13829,2,0,0,0,37311,113,26,66,0,0,0,0,0,0,0,0,-32312,0,0,0,0,0,85348,0
85402,1016,7878,2468,271,-238,-6,13830,6,2,0,0,37311,113,26,66,0,0,0,0,0,0,0,0,-32312,0,0,0,0,0,85353,0
85407,1018,7866,2460,266,-243,-8,13829,1,-1,0,0,37312,116,26,66,0,0,0,0,0,0,0,0,-32312,0,0,0,0,0,85358,0
85412,1000,7848,2514,247,-239,3,13829,4,5,0,0,37312,116,26,66,0,0,0,0,0,0,0,0,-32312,0,0,0,0,0,85363,0
85417,978,7850,2492,239,-241,4,13828,-1,2,-1,0,37311,122,26,66,0,0,0,0,0,0,0,0,-32312,0,0,0,0,0,85368,0
85422,1004,7840,2568,221,-244,40,13786,-241,-49,-1453,-2000,37311,122,26,66,0,0,0,0,0,0,0,0,-32311,0,0,0,0,0,85373,0
85427,64,7798,2558,222,-261,60,13612,-793,-402,-2322,-2000,37298,152,26,66,0,0,0,0,0,0,0,0,-32312,0,0,0,0,0,85378,0
85432,-154,7850,2564,171,-299,283,13417,-863,-713,-955,-2000,37298,152,26,66,0,0,0,0,0,0,0,0,-32313,0,0,0,0,0,85383,0
85437,376,7680,2396,177,-304,400,13219,-867,-850,-838,-2000,37288,163,26,66,0,0,0,0,0,0,0,0,-32313,0,0,0,0,0,85388,0
85442,576,7680,2534,155,-319,506,13022,-860,-675,-826,-2000,37288,163,26,66,0,0,0,0,0,0,0,0,-32312,0,0,0,0,0,85393,0
85447,1052,7716,2468,148,-332,593,12823,-881,-313,-831,-2000,37279,187,26,66,0,0,0,0,0,0,0,0,-32312,0,0,0,0,0,85398,0
85452,1824,8018,3062,161,-455,378,12627,-853,-39,-853,-2000,37279,187,26,66,0,0,0,0,0,0,0,0,-32313,0,0,0,0,0,85403,0
85457,4180,8756,2104,176,-391,170,12447,-773,29,-1084,-2000,37278,177,26,66,0,0,0,0,0,0,0,0,-32313,0,0,0,0,0,85408,0
85462,1662,8510,1972,115,-319,-41,12291,-672,109,-1521,-2000,37278,177,26,66,0,0,0,0,0,0,0,0,-32313,0,0,0,0,0,85413,0
85467,-76,8262,2256,83,-313,-66,12159,-570,210,-2113,-2000,37273,184,26,66,0,0,0,0,0,0,0,0,-32312,0,0,0,0,0,85418,0
85472,100,7694,2408,70,-352,69,12044,-497,293,-2650,-2000,37273,184,26,66,0,0,0,0,0,0,0,0,-32312,0,0,0,0,0,85423,0
85477,914,7134,2466,56,-362,126,11942,-441,311,-2979,-2000,37258,219,26,66,0,0,0,0,0,0,0,0,-32312,0,0,0,0,0,85428,0
85482,1632,7264,2654,60,-347,131,11854,-390,274,-3323,-2000,37258,219,26,66,0,0,0,0,0,0,0,0,-32313,0,0,0,0,0,85433,0
85487,1684,7626,2642,76,-334,86,11777,-333,234,-3642,-2000,37238,267,26,66,0,0,0,0,0,0,0,0,-32314,0,0,0,0,0,85438,0
85492,1378,8330,2382,53,-287,48,11710,-291,200,-3965,-2000,37238,267,26,66,0,0,0,0,0,0,0,0,-32314,0,0,0,0,0,85443,0
85497,924,8486,2434,34,-285,30,11652,-244,180,-4135,-2000,37215,305,26,66,0,0,0,0,0,0,0,0,-32314,0,0,0,0,0,85448,0
85502,966,8344,2444,26,-285,24,11598,-238,146,-4350,-2000,37215,305,26,66,0,0,0,0,0,0,0,0,-32313,0,0,0,0,0,85453,0
85507,1124,8094,2460,11,-273,16,11553,-196,131,-4365,-2000,37199,333,26,66,0,0,0,0,0,0,0,0,-32312,0,0,0,0,0,85458,0
85512,1280,7682,2460,0,-258,3,11513,-179,111,-4699,-2000,37199,333,26,66,0,0,0,0,0,0,0,0,-32311,0,0,0,0,0,85463,0
85517,1340,7626,2454,-7,-242,17,11478,-155,95,-4839,-2000,37186,359,26,66,0,0,0,0,0,0,0,0,-32311,0,0,0,0,0,85468,0
85522,1198,7618,2502,-12,-240,27,11446,-130,88,-4829,-2000,37186,359,26,66,0,0,0,0,0,0,0,0,-32311,0,0,0,0,0,85473,0
85527,1250,7614,2422,-17,-227,45,11427,-82,94,-5066,-2000,37172,372,26,66,0,0,0,0,0,0,0,0,-32310,0,0,0,0,0,85479,0
85532,1382,7720,2390,-24,-220,66,11406,-102,83,-5258,-2000,37172,372,26,66,0,0,0,0,0,0,0,0,-32310,0,0,0,0,0,85484,0
85537,1392,7708,2360,-37,-212,65,11380,-114,65,-5308,-2000,37161,391,26,66,0,0,0,0,0,0,0,0,-32310,0,0,0,0,0,85489,0
85542,1386,7766,2370,-49,-198,55,11388,58,54,-4092,0,37161,391,26,66,0,0,0,0,0,0,0,0,-32312,0,0,0,0,0,85494,0
85547,1950,7946,2460,-56,-206,31,11564,826,413,-1812,0,37169,352,26,66,0,0,0,0,0,0,0,0,-32311,0,0,0,0,0,85499,0
85552,1452,7686,2272,-64,-186,1,11756,842,786,-2714,0,37169,352,26,66,0,0,0,0,0,0,0,0,-32313,0,0,0,0,0,85504,0
85557,1148,7898,2370,-85,-181,0,11924,725,924,-2339,0,37216,252,26,66,0,0,0,0,0,0,0,0,-32313,0,0,0,0,0,85509,0
85562,904,7742,2270,-86,-178,27,12069,628,632,-1768,0,37216,252,26,66,0,0,0,0,0,0,0,0,-32312,0,0,0,0,0,85514,0
85567,916,7796,2324,-97,-175,64,12193,535,127,-1262,0,37267,154,26,66,0,0,0,0,0,0,0,0,-32312,0,0,0,0,0,85519,0
85572,1132,7758,2300,-101,-165,104,12301,468,-290,-929,0,37267,154,26,66,0,0,0,0,0,0,0,0,-32312,0,0,0,0,0,85524,0
85577,1336,7862,2248,-99,-157,110,12398,413,-301,-731,0,37308,82,26,66,0,0,0,0,0,0,0,0,-32312,0,0,0,0,0,85529,0
85582,1196,7940,2216,-107,-148,100,12481,353,-251,-577,0,37308,82,26,66,0,0,0,0,0,0,0,0,-32312,0,0,0,0,0,85534,0
85587,1100,7992,2184,-109,-138,98,12549,291,-222,-452,0,37303,96,26,66,0,0,0,0,0,0,0,0,-32313,0,0,0,0,0,85539,0
85592,1056,8006,2178,-123,-122,116,12604,230,-206,-370,0,37303,96,26,66,0,0,0,0,0,0,0,0,-32313,0,0,0,0,0,85541,0
85597,1064,7932,2192,-117,-119,134,12645,172,-211,-304,0,37294,108,26,66,0,0,0,0,0,0,0,0,-32312,0,0,0,0,0,85543,0
85602,1114,7878,2178,-116,-101,145,12672,108,-211,-229,0,37294,108,26,66,0,0,0,0,0,0,0,0,-32313,0,0,0,0,0,85549,0
85607,1210,7886,2140,-109,-92,153,12692,109,-195,-177,0,37283,105,26,66,0,0,0,0,0,0,0,0,-32313,0,0,0,0,0,85553,0
85612,1154,7992,2124,-104,-79,167,12716,100,-148,-170,0,37283,105,26,66,0,0,0,0,0,0,0,0,-32312,0,0,0,0,0,85558,0
85617,1138,8032,2138,-99,-71,182,12733,64,-101,-121,0,37282,107,26,66,0,0,0,0,0,0,0,0,-32313,0,0,0,0,0,85563,0
85622,1152,8052,2124,-96,-62,182,12746,55,-77,-95,0,37282,107,26,66,0,0,0,0,0,0,0,0,-32313,0,0,0,0,0,85568,0
85627,1120,8054,2114,-94,-55,186,12761,66,-48,-111,0,37284,112,26,66,0,0,0,0,0,0,0,0,-32312,0,0,0,0,0,85573,0
85632,1108,8036,2122,-90,-36,183,12776,64,-33,-115,0,37284,112,26,66,0,0,0,0,0,0,0,0,-32312,0,0,0,0,0,85578,0
85637,1102,8014,2126,-79,-28,185,12785,28,-25,-73,0,37292,115,26,66,0,0,0,0,0,0,0,0,-32312,0,0,0,0,0,85584,0
85642,1050,8012,2120,-78,-18,194,12788,12,-34,-30,0,37292,115,26,66,0,0,0,0,0,0,0,0,-32312,0,0,0,0,0,85589,0
85647,982,8020,2134,-71,-11,193,12787,0,-56,-6,0,37295,119,26,66,0,0,0,0,0,0,0,0,-32312,0,0,0,0,0,85594,0
85652,1010,7974,2152,-57,6,199,12787,2,-67,-2,0,37295,119,26,66,0,0,0,0,0,0,0,0,-32313,0,0,0,0,0,85599,0
85657,990,7998,2156,-56,27,195,12786,-7,-44,-2,0,37298,113,26,66,0,0,0,0,0,0,0,0,-32313,0,0,0,0,0,85604,0
85662,958,7962,2154,-48,32,182,12787,5,-13,-2,0,37298,113,26,66,0,0,0,0,0,0,0,0,-32313,0,0,0,0,0,85609,0
85667,932,7960,2164,-44,45,171,12787,-7,-2,-2,0,37299,121,26,66,0,0,0,0,0,0,0,0,-32312,0,0,0,0,0,85614,0
85672,846,7914,2172,-45,65,152,12786,-2,-3,-3,0,37299,121,26,66,0,0,0,0,0,0,0,0,-32313,0,0,0,0,0,85619,0
85677,818,7838,2190,-42,72,146,12787,4,-3,-2,0,37304,123,26,66,0,0,0,0,0,0,0,0,-32313,0,0,0,0,0,85624,0
85682,786,7774,2206,-43,83,130,12786,-3,-1,-4,0,37304,123,26,66,0,0,0,0,0,0,0,0,-32313,0,0,0,0,0,85629,0
85687,778,7718,2230,-48,86,124,12787,3,0,-3,0,37308,121,26,66,0,0,0,0,0,0,0,0,-32313,0,0,0,0,0,85634,0
85692,750,7658,2228,-44,100,106,12786,2,-2,-2,0,37308,121,26,66,0,0,0,0,0,0,0,0,-32313,0,0,0,0,0,85639,0
85697,780,7632,2228,-38,99,98,12787,0,0,-4,0,37308,116,26,66,0,0,0,0,0,0,0,0,-32312,0,0,0,0,0,85644,0
85702,776,7602,2198,-40,113,87,12787,-3,0,-4,0,37308,116,26,66,0,0,0,0,0,0,0,0,-32313,0,0,0,0,0,85649,0
85707,772,7580,2228,-45,114,74,12787,-5,-5,-4,0,37308,117,26,66,0,0,0,0,0,0,0,0,-32313,0,0,0,0,0,85654,0
85712,788,7516,2220,-49,116,50,12788,0,-2,-4,0,37308,117,26,66,0,0,0,0,0,0,0,0,-32313,0,0,0,0,0,85659,0
85717,796,7502,2244,-52,122,45,12787,-2,-4,-5,0,37307,117,26,66,0,0,0,0,0,0,0,0,-32313,0,0,0,0,0,85664,0
85722,798,7486,2246,-56,126,36,12788,3,1,-5,0,37307,117,26,66,0,0,0,0,0,0,0,0,-32313,0,0,0,0,0,85669,0
85727,812,7472,2224,-49,126,29,12787,-4,-2,-5,0,37308,122,26,66,0,0,0,0,0,0,0,0,-32312,0,0,0,0,0,85674,0
85732,844,7454,2246,-51,132,15,12788,6,4,-7,0,37308,122,26,66,0,0,0,0,0,0,0,0,-32313,0,0,0,0,0,85679,0
85737,846,7444,2222,-49,137,12,12787,-1,-2,-9,0,37312,117,26,66,0,0,0,0,0,0,0,0,-32313,0,0,0,0,0,85684,0
85742,864,7414,2222,-49,139,8,12788,0,2,-8,0,37312,117,26,66,0,0,0,0,0,0,0,0,-32312,0,0,0,0,0,85689,0
85747,876,7424,2224,-50,140,1,12790,1,2,-7,0,37311,117,26,66,0,0,0,0,0,0,0,0,-32313,0,0,0,0,0,85694,0
85752,914,7418,2216,-54,145,-9,12791,10,6,-8,0,37311,117,26,66,0,0,0,0,0,0,0,0,-32313,0,0,0,0,0,85699,0
85757,886,7380,2200,-54,145,-14,12791,1,1,-10,0,37311,120,26,66,0,0,0,0,0,0,0,0,-32313,0,0,0,0,0,85704,0
85762,898,7396,2194,-55,145,-13,12792,10,3,-13,0,37311,120,26,66,0,0,0,0,0,0,0,0,-32313,0,0,0,0,0,85709,0
85767,900,7402,2192,-52,143,-17,12793,8,5,-17,0,37313,116,26,66,0,0,0,0,0,0,0,0,-32313,0,0,0,0,0,85714,0
85772,890,7388,2168,-56,145,-30,12795,10,5,-24,0,37313,116,26,66,0,0,0,0,0,0,0,0,-32313,0,0,0,0,0,85719,0
85777,902,7366,2162,-51,137,-31,12799,17,13,-33,0,37315,118,26,66,0,0,0,0,0,0,0,0,-32313,0,0,0,0,0,85724,0
85782,886,7366,2150,-57,139,-33,12806,32,20,-51,0,37315,118,26,66,0,0,0,0,0,0,0,0,-32313,0,0,0,0,0,85729,0
85787,910,7338,2114,-55,138,-35,12817,55,32,-84,0,37318,115,26,66,0,0,0,0,0,0,0,0,-32312,0,0,0,0,0,85734,0
85792,882,7404,2122,-47,140,-51,12833,69,51,-115,0,37318,115,26,66,0,0,0,0,0,0,0,0,-32313,0,0,0,0,0,85739,0
85797,892,7396,2084,-44,138,-51,12845,54,41,-100,0,37316,111,26,66,0,0,0,0,0,0,0,0,-32313,0,0,0,0,0,85744,0
85802,870,7414,2094,-47,134,-52,12848,8,5,-37,0,37316,111,26,66,0,0,0,0,0,0,0,0,-32313,0,0,0,0,0,85749,0
85807,872,7458,2072,-40,134,-50,12847,3,-40,-2,0,37313,113,26,66,0,0,0,0,0,0,0,0,-32313,0,0,0,0,0,85754,0
85812,872,7476,2082,-32,132,-51,12847,-3,-64,-1,0,37313,113,26,66,0,0,0,0,0,0,0,0,-32313,0,0,0,0,0,85759,0
85817,886,7526,2066,-29,130,-48,12848,1,-45,-3,0,37313,120,26,66,0,0,0,0,0,0,0,0,-32312,0,0,0,0,0,85764,0
85822,910,7552,2050,-19,128,-55,12848,4,-17,-3,0,37313,120,26,66,0,0,0,0,0,0,0,0,-32313,0,0,0,0,0,85769,0
85827,912,7642,2032,-18,125,-55,12847,2,-1,-3,0,37313,133,26,66,0,0,0,0,0,0,0,0,-32313,0,0,0,0,0,85774,0
85832,926,7700,2020,-11,118,-63,12848,-3,-1,-3,0,37313,133,26,66,0,0,0,0,0,0,0,0,-32313,0,0,0,0,0,85779,0
85837,958,7728,1998,-8,119,-69,12848,1,0,-3,0,37312,138,26,66,0,0,0,0,0,0,0,0,-32313,0,0,0,0,0,85784,0
85842,948,7764,2006,0,108,-68,12848,0,0,-1,0,37312,138,26,66,0,0,0,0,0,0,0,0,-32313,0,0,0,0,0,85789,0
85847,970,7770,2018,8,116,-65,12849,6,-1,-2,0,37316,133,26,66,0,0,0,0,0,0,0,0,-32313,0,0,0,0,0,85794,0
85852,992,7812,1986,21,116,-67,12846,-1,-2,-4,0,37316,133,26,66,0,0,0,0,0,0,0,0,-32313,0,0,0,0,0,85799,0
85857,1016,7818,2022,25,107,-63,12847,-1,-2,-2,0,37317,127,26,66,0,0,0,0,0,0,0,0,-32312,0,0,0,0,0,85804,0
85862,994,7846,2002,33,113,-59,12846,-3,-2,-3,0,37317,127,26,66,0,0,0,0,0,0,0,0,-32313,0,0,0,0,0,85809,0
85867,1034,7858,2016,46,111,-55,12848,-1,-2,-3,0,37317,121,26,66,0,0,0,0,0,0,0,0,-32313,0,0,0,0,0,85814,0
85872,1028,7890,2016,55,104,-46,12847,0,0,-5,0,37317,121,26,66,0,0,0,0,0,0,0,0,-32313,0,0,0,0,0,85819,0
85877,1038,7898,2020,64,107,-47,12848,-1,2,-4,0,37311,114,26,66,0,0,0,0,0,0,0,0,-32313,0,0,0,0,0,85824,0
85882,1030,7936,2024,69,105,-39,12848,3,1,-3,0,37311,114,26,66,0,0,0,0,0,0,0,0,-32312,0,0,0,0,0,85829,0
85887,1032,7934,2034,78,111,-39,12848,0,1,-4,0,37311,120,26,66,0,0,0,0,0,0,0,0,-32312,0,0,0,0,0,85834,0
85892,1036,7936,2046,91,108,-32,12848,5,4,-2,0,37311,120,26,66,0,0,0,0,0,0,0,0,-32313,0,0,0,0,0,85839,0
85897,1058,7930,2064,103,107,-26,12847,3,-4,-3,0,37311,125,26,66,0,0,0,0,0,0,0,0,-32313,0,0,0,0,0,85844,0
85902,1058,7942,2060,109,109,-17,12847,0,-3,-2,0,37311,125,26,66,0,0,0,0,0,0,0,0,-32313,0,0,0,0,0,85849,0
85907,1060,7954,2084,117,107,-17,12847,-8,3,-2,0,37312,125,26,66,0,0,0,0,0,0,0,0,-32312,0,0,0,0,0,85854,0
85912,1044,7930,2098,126,102,-13,12848,-3,-5,-4,0,37312,125,26,66,0,0,0,0,0,0,0,0,-32313,0,0,0,0,0,85859,0
85917,1042,7960,2094,139,101,-11,12849,8,-2,-2,0,37313,118,26,66,0,0,0,0,0,0,0,0,-32313,0,0,0,0,0,85864,0
85922,1032,7950,2102,143,93,-12,12847,0,0,-2,0,37313,118,26,66,0,0,0,0,0,0,0,0,-32313,0,0,0,0,0,85869,0
85927,1018,7970,2132,149,88,-12,12848,0,-3,-2,0,37314,123,26,66,0,0,0,0,0,0,0,0,-32313,0,0,0,0,0,85874,0
85932,1038,7926,2146,157,77,-4,12848,4,-5,-3,0,37314,123,26,66,0,0,0,0,0,0,0,0,-32313,0,0,0,0,0,85879,0
85937,1036,7868,2174,165,70,-2,12848,2,0,-2,0,37315,122,26,66,0,0,0,0,0,0,0,0,-32313,0,0,0,0,0,85884,0
85942,1038,7866,2194,166,64,-2,12847,0,-4,-3,0,37315,122,26,66,0,0,0,0,0,0,0,0,-32312,0,0,0,0,0,85889,0
85947,1016,7836,2216,174,55,2,12848,5,-3,0,0,37317,128,26,66,0,0,0,0,0,0,0,0,-32313,0,0,0,0,0,85894,0
85952,1042,7800,2222,174,50,9,12849,-1,-1,-2,0,37317,128,26,66,0,0,0,0,0,0,0,0,-32312,0,0,0,0,0,85899,0
85957,1042,7744,2222,177,40,9,12848,3,2,-3,0,37315,120,26,66,0,0,0,0,0,0,0,0,-32313,0,0,0,0,0,85904,0
85962,1044,7730,2238,180,29,14,12846,-3,-3,-4,0,37315,120,26,66,0,0,0,0,0,0,0,0,-32313,0,0,0,0,0,85909,0
85967,1076,7670,2232,183,24,18,12846,-7,-2,-4,0,37313,125,26,66,0,0,0,0,0,0,0,0,-32312,0,0,0,0,0,85914,0
85972,1100,7624,2240,184,11,22,12847,-1,-3,-4,0,37313,125,26,66,0,0,0,0,0,0,0,0,-32313,0,0,0,0,0,85919,0
85977,1104,7580,2250,178,0,22,12848,6,7,-1,0,37312,125,26,66,0,0,0,0,0,0,0,0,-32313,0,0,0,0,0,85924,0
85982,1098,7582,2264,188,-17,28,12849,4,5,-3,0,37312,125,26,66,0,0,0,0,0,0,0,0,-32313,0,0,0,0,0,85929,0
85987,1142,7606,2260,183,-19,32,12849,7,4,-4,0,37309,133,26,66,0,0,0,0,0,0,0,0,-32312,0,0,0,0,0,85934,0
85992,1176,7602,2256,192,-49,40,12848,6,1,-2,0,37309,133,26,66,0,0,0,0,0,0,0,0,-32313,0,0,0,0,0,85939,0
85997,1194,7616,2266,189,-62,45,12848,6,-1,-4,0,37307,134,26,66,0,0,0,0,0,0,0,0,-32312,0,0,0,0,0,85944,0
86002,1228,7624,2306,196,-68,56,12849,8,-2,-5,0,37307,134,26,66,0,0,0,0,0,0,0,0,-32313,0,0,0,0,0,85949,0
86007,1238,7672,2324,185,-79,61,12848,4,2,-3,0,37305,131,26,66,0,0,0,0,0,0,0,0,-32313,0,0,0,0,0,85954,0
86012,1330,7688,2316,190,-82,77,12848,-4,-4,-4,0,37305,131,26,66,0,0,0,0,0,0,0,0,-32312,0,0,0,0,0,85959,0
86017,1362,7692,2352,182,-86,83,12848,-9,-6,-5,0,37303,133,26,66,0,0,0,0,0,0,0,0,-32313,0,0,0,0,0,85964,0
86022,1370,7666,2350,186,-80,88,12849,0,-2,-5,0,37303,133,26,66,0,0,0,0,0,0,0,0,-32313,0,0,0,0,0,85974,0
86027,1398,7662,2350,174,-79,99,12848,3,2,-3,0,37299,131,26,66,0,0,0,0,0,0,0,0,-32312,0,0,0,0,0,85974,0
86032,1364,7660,2344,163,-85,118,12849,4,-3,-3,0,37299,131,26,66,0,0,0,0,0,0,0,0,-32312,0,0,0,0,0,85979,0
86037,1394,7658,2348,153,-82,123,12849,5,0,-3,0,37291,136,26,66,0,0,0,0,0,0,0,0,-32313,0,0,0,0,0,85984,0
86042,1374,7662,2342,148,-81,131,12848,0,0,-3,0,37291,136,26,66,0,0,0,0,0,0,0,0,-32313,0,0,0,0,0,85989,0
86047,1408,7682,2346,148,-77,133,12848,-3,3,-5,0,37289,130,26,66,0,0,0,0,0,0,0,0,-32313,0,0,0,0,0,85994,0
86052,1386,7684,2320,137,-69,148,12848,-2,-3,-6,0,37289,130,26,66,0,0,0,0,0,0,0,0,-32312,0,0,0,0,0,85999,0
86057,1370,7704,2318,132,-62,151,12848,0,-1,-3,0,37298,124,26,66,0,0,0,0,0,0,0,0,-32313,0,0,0,0,0,86004,0
86062,1372,7712,2300,133,-51,161,12848,-5,-3,-2,0,37298,124,26,66,0,0,0,0,0,0,0,0,-32313,0,0,0,0,0,86009,0
86067,1356,7692,2314,124,-43,173,12849,0,0,-2,0,37309,110,26,66,0,0,0,0,0,0,0,0,-32313,0,0,0,0,0,86014,0
86072,1300,7670,2264,116,-31,186,12847,-4,4,-2,0,37309,110,26,66,0,0,0,0,0,0,0,0,-32313,0,0,0,0,0,86019,0
86077,1264,7694,2268,116,-16,182,12849,-1,0,-1,0,37317,110,26,66,0,0,0,0,0,0,0,0,-32313,0,0,0,0,0,86024,0
86082,1276,7712,2236,118,-6,189,12849,-1,-1,-2,0,37317,110,26,66,0,0,0,0,0,0,0,0,-32312,0,0,0,0,0,86029,0
86087,1270,7676,2234,112,6,187,12848,0,4,-4,0,37310,114,26,66,0,0,0,0,0,0,0,0,-32312,0,0,0,0,0,86034,0
86092,1218,7688,2214,103,25,189,12849,0,1,-3,0,37310,114,26,66,0,0,0,0,0,0,0,0,-32313,0,0,0,0,0,86039,0
86097,1222,7706,2182,112,32,195,12850,2,-3,-2,0,37308,112,26,66,0,0,0,0,0,0,0,0,-32313,0,0,0,0,0,86044,0
86102,1172,7706,2140,108,38,196,12850,5,7,-2,0,37308,112,26,66,0,0,0,0,0,0,0,0,-32312,0,0,0,0,0,86049,0
86107,1178,7708,2144,107,52,193,12848,-3,-1,-2,0,37306,117,26,66,0,0,0,0,0,0,0,0,-32313,0,0,0,0,0,86054,0
86112,1168,7764,2136,110,73,197,12849,3,-2,-3,0,37306,117,26,66,0,0,0,0,0,0,0,0,-32313,0,0,0,0,0,86059,0
86117,1170,7780,2112,108,82,193,12849,-1,1,-2,0,37310,129,26,66,0,0,0,0,0,0,0,0,-32313,0,0,0,0,0,86064,0
86122,1176,7808,2114,105,96,198,12850,5,0,-2,0,37310,129,26,66,0,0,0,0,0,0,0,0,-32313,0,0,0,0,0,86069,0
86127,1182,7806,2086,112,107,193,12849,1,-1,-2,0,37310,130,26,66,0,0,0,0,0,0,0,0,-32312,0,0,0,0,0,86074,0
86132,1156,7798,2070,123,132,191,12849,-3,-1,-3,0,37310,130,26,66,0,0,0,0,0,0,0,0,-32312,0,0,0,0,0,86079,0
86137,1150,7816,2054,126,146,193,12848,1,-2,-4,0,37310,132,26,66,0,0,0,0,0,0,0,0,-32312,0,0,0,0,0,86084,0
86142,1128,7786,2054,126,155,190,12848,0,0,-2,0,37310,132,26,66,0,0,0,0,0,0,0,0,-32313,0,0,0,0,0,86089,0
86147,1138,7810,2022,131,165,194,12848,-5,-2,-2,0,37309,132,26,66,0,0,0,0,0,0,0,0,-32313,0,0,0,0,0,86094,0
86152,1114,7794,2048,135,185,194,12848,-5,-1,-3,0,37309,132,26,66,0,0,0,0,0,0,0,0,-32313,0,0,0,0,0,86099,0
86157,1092,7792,2062,145,191,194,12850,2,0,-4,0,37310,132,26,66,0,0,0,0,0,0,0,0,-32312,0,0,0,0,0,86104,0
86162,1042,7790,2016,142,197,202,12849,1,-3,-5,0,37310,132,26,66,0,0,0,0,0,0,0,0,-32313,0,0,0,0,0,86109,0
86167,1052,7778,2032,152,210,198,12849,-1,3,-2,0,37318,125,26,66,0,0,0,0,0,0,0,0,-32313,0,0,0,0,0,86114,0
86172,1044,7766,2018,163,228,200,12849,-1,0,-3,0,37318,125,26,66,0,0,0,0,0,0,0,0,-32313,0,0,0,0,0,86119,0
86177,996,7764,2008,170,238,199,12848,-7,-1,-1,0,37317,118,26,66,0,0,0,0,0,0,0,0,-32313,0,0,0,0,0,86124,0
86182,1002,7750,2026,174,257,201,12849,2,-1,-2,0,37317,118,26,66,0,0,0,0,0,0,0,0,-32313,0,0,0,0,0,86129,0
86187,1010,7768,2050,172,263,199,12849,2,0,-3,0,37317,119,26,66,0,0,0,0,0,0,0,0,-32312,0,0,0,0,0,86134,0
86192,988,7770,2032,186,286,195,12849,-2,3,-3,0,37317,119,26,66,0,0,0,0,0,0,0,0,-32313,0,0,0,0,0,86139,0
86197,980,7752,2008,192,299,190,12849,2,1,-3,0,37311,125,26,66,0,0,0,0,0,0,0,0,-32312,0,0,0,0,0,86144,0
86202,962,7738,2042,198,312,180,12848,-4,2,-1,0,37311,125,26,66,0,0,0,0,0,0,0,0,-32312,0,0,0,0,0,86149,0
86207,946,7740,2050,200,319,183,12848,-5,-3,-2,0,37310,122,26,66,0,0,0,0,0,0,0,0,-32313,0,0,0,0,0,86154,0
86212,918,7692,2048,213,344,173,12848,-4,-1,-3,0,37310,122,26,66,0,0,0,0,0,0,0,0,-32312,0,0,0,0,0,86159,0
86217,898,7684,2050,213,349,167,12849,1,2,-3,0,37312,120,26,66,0,0,0,0,0,0,0,0,-32312,0,0,0,0,0,86164,0
86222,898,7710,2034,215,355,162,12849,0,4,-3,0,37312,120,26,66,0,0,0,0,0,0,0,0,-32313,0,0,0,0,0,86169,0
86227,896,7674,2048,219,349,153,12848,3,2,-3,0,37313,124,26,66,0,0,0,0,0,0,0,0,-32313,0,0,0,0,0,86174,0
86232,876,7674,2068,221,359,147,12849,2,0,-3,0,37313,124,26,66,0,0,0,0,0,0,0,0,-32313,0,0,0,0,0,86179,0
86237,854,7686,2084,223,359,142,12849,1,2,-2,0,37313,121,26,66,0,0,0,0,0,0,0,0,-32312,0,0,0,0,0,86184,0
86242,850,7656,2074,225,361,136,12849,0,6,-4,0,37313,121,26,66,0,0,0,0,0,0,0,0,-32312,0,0,0,0,0,86189,0
86247,850,7654,2056,225,364,129,12849,1,-3,-4,0,37310,123,26,66,0,0,0,0,0,0,0,0,-32313,0,0,0,0,0,86194,0
86252,842,7616,2088,234,361,122,12849,1,0,-3,0,37310,123,26,66,0,0,0,0,0,0,0,0,-32313,0,0,0,0,0,86199,0
86257,846,7606,2072,229,361,113,12850,0,-4,-3,0,37309,116,26,66,0,0,0,0,0,0,0,0,-32312,0,0,0,0,0,86204,0
86262,822,7604,2092,234,364,113,12849,0,0,-4,0,37309,116,26,66,0,0,0,0,0,0,0,0,-32313,0,0,0,0,0,86209,0
86267,832,7586,2084,237,362,106,12848,0,3,-3,0,37313,112,26,66,0,0,0,0,0,0,0,0,-32312,0,0,0,0,0,86214,0
86272,832,7630,2088,235,358,92,12849,0,-3,-2,0,37313,112,26,66,0,0,0,0,0,0,0,0,-32313,0,0,0,0,0,86219,0
86277,826,7644,2106,233,360,87,12849,0,0,-3,0,37321,112,26,66,0,0,0,0,0,0,0,0,-32313,0,0,0,0,0,86224,0
86282,850,7642,2084,235,357,83,12847,-6,1,-4,0,37321,112,26,66,0,0,0,0,0,0,0,0,-32313,0,0,0,0,0,86229,0
86287,860,7620,2090,235,354,74,12849,4,2,-4,0,37327,119,26,66,0,0,0,0,0,0,0,0,-32312,0,0,0,0,0,86234,0
86292,816,7604,2092,239,346,58,12849,9,0,-2,0,37327,119,26,66,0,0,0,0,0,0,0,0,-32313,0,0,0,0,0,86239,0
86297,818,7610,2114,241,344,57,12849,4,3,-3,0,37324,123,26,66,0,0,0,0,0,0,0,0,-32313,0,0,0,0,0,86244,0
86302,868,7602,2098,238,336,56,12849,-6,-2,-2,0,37324,123,26,66,0,0,0,0,0,0,0,0,-32313,0,0,0,0,0,86249,0
86307,864,7620,2100,240,327,52,12848,-5,-3,-1,0,37319,125,26,66,0,0,0,0,0,0,0,0,-32313,0,0,0,0,0,86254,0
86312,886,7618,2094,239,317,45,12849,-2,-2,-3,0,37319,125,26,66,0,0,0,0,0,0,0,0,-32313,0,0,0,0,0,86259,0
86317,870,7612,2112,244,313,39,12849,0,-1,-1,0,37312,123,26,66,0,0,0,0,0,0,0,0,-32312,0,0,0,0,0,86264,0
86322,886,7614,2096,240,304,34,12848,3,4,-1,0,37312,123,26,66,0,0,0,0,0,0,0,0,-32313,0,0,0,0,0,86269,0
86327,852,7658,2110,240,303,33,12849,6,1,-2,0,37316,121,26,66,0,0,0,0,0,0,0,0,-32312,0,0,0,0,0,86274,0
86332,856,7642,2064,240,278,34,12849,-4,1,-3,0,37316,121,26,66,0,0,0,0,0,0,0,0,-32312,0,0,0,0,0,86279,0
86337,862,7690,2076,247,265,28,12849,1,2,-2,0,37317,122,26,66,0,0,0,0,0,0,0,0,-32312,0,0,0,0,0,86284,0
86342,876,7688,2086,249,253,28,12849,-4,0,-2,0,37317,122,26,66,0,0,0,0,0,0,0,0,-32313,0,0,0,0,0,86289,0
86347,876,7666,2066,246,242,24,12848,-6,-2,-2,0,37317,122,26,66,0,0,0,0,0,0,0,0,-32312,0,0,0,0,0,86294,0
86352,938,7742,2036,252,218,22,12849,-2,-1,-2,0,37317,122,26,66,0,0,0,0,0,0,0,0,-32312,0,0,0,0,0,86299,0
86357,916,7748,2040,247,199,21,12849,3,4,-2,0,37314,120,26,66,0,0,0,0,0,0,0,0,-32312,0,0,0,0,0,86304,0
86362,912,7780,2038,249,194,22,12850,3,2,-3,0,37314,120,26,66,0,0,0,0,0,0,0,0,-32313,0,0,0,0,0,86309,0
86367,934,7796,2016,249,179,19,12849,2,1,-2,0,37312,113,26,66,0,0,0,0,0,0,0,0,-32312,0,0,0,0,0,86315,0
86372,906,7796,2014,258,159,32,12849,-1,2,-1,0,37312,113,26,66,0,0,0,0,0,0,0,0,-32313,0,0,0,0,0,86320,0
86377,914,7806,2000,256,140,26,12848,1,0,-1,0,37318,116,26,66,0,0,0,0,0,0,0,0,-32312,0,0,0,0,0,86325,0
86382,936,7822,2014,259,132,32,12849,-1,-1,-1,0,37318,116,26,66,0,0,0,0,0,0,0,0,-32313,0,0,0,0,0,86330,0
86387,992,7840,2010,260,131,26,12848,4,6,-4,0,37316,121,26,66,0,0,0,0,0,0,0,0,-32312,0,0,0,0,0,86335,0
86392,1014,7906,2032,269,108,29,12850,1,1,-3,0,37316,121,26,66,0,0,0,0,0,0,0,0,-32313,0,0,0,0,0,86340,0
86397,1094,7920,2032,277,104,23,12850,8,1,-3,0,37314,120,26,66,0,0,0,0,0,0,0,0,-32313,0,0,0,0,0,86345,0
86402,1062,7930,2038,280,103,24,12849,-1,2,-2,0,37314,120,26,66,0,0,0,0,0,0,0,0,-32312,0,0,0,0,0,86350,0
86407,1072,7958,2018,284,90,24,12848,-4,1,-2,0,37309,124,26,66,0,0,0,0,0,0,0,0,-32313,0,0,0,0,0,86355,0
86412,1118,7994,2032,292,72,33,12849,-3,-5,-2,0,37309,124,26,66,0,0,0,0,0,0,0,0,-32313,0,0,0,0,0,86360,0
86417,1108,7976,2028,291,65,42,12849,0,-3,-1,0,37314,128,26,66,0,0,0,0,0,0,0,0,-32313,0,0,0,0,0,86365,0
86422,1112,8018,2046,298,57,51,12849,-1,0,-3,0,37314,128,26,66,0,0,0,0,0,0,0,0,-32313,0,0,0,0,0,86370,0
86427,1126,8010,2064,297,47,53,12847,-6,3,-3,0,37312,129,26,66,0,0,0,0,0,0,0,0,-32313,0,0,0,0,0,86375,0
86432,1188,8024,2084,300,40,77,12849,-3,3,-3,0,37312,129,26,66,0,0,0,0,0,0,0,0,-32312,0,0,0,0,0,86380,0
86437,1208,8032,2090,303,31,85,12849,0,-1,-3,0,37313,128,26,66,0,0,0,0,0,0,0,0,-32313,0,0,0,0,0,86385,0
86442,1248,8020,2120,302,26,90,12848,-7,1,-3,0,37313,128,26,66,0,0,0,0,0,0,0,0,-32312,0,0,0,0,0,86390,0
86447,1244,8046,2114,301,23,93,12849,2,-1,-3,0,37312,125,26,66,0,0,0,0,0,0,0,0,-32313,0,0,0,0,0,86395,0
86452,1324,8102,2140,294,16,112,12849,0,-1,-3,0,37312,125,26,66,0,0,0,0,0,0,0,0,-32313,0,0,0,0,0,86400,0
86457,1356,8130,2178,293,20,118,12849,-3,6,-3,0,37313,131,26,66,0,0,0,0,0,0,0,0,-32313,0,0,0,0,0,86405,0
86462,1396,8132,2204,287,30,123,12849,-4,-1,-4,0,37313,131,26,66,0,0,0,0,0,0,0,0,-32312,0,0,0,0,0,86410,0
86467,1414,8172,2240,278,43,132,12849,3,-1,-3,0,37313,131,26,66,0,0,0,0,0,0,0,0,-32313,0,0,0,0,0,86415,0
86472,1470,8238,2290,253,67,150,12849,-1,-1,-4,0,37313,131,26,66,0,0,0,0,0,0,0,0,-32313,0,0,0,0,0,86420,0
86477,1510,8252,2318,244,82,156,12849,-3,2,-4,0,37313,136,26,66,0,0,0,0,0,0,0,0,-32312,0,0,0,0,0,86425,0
86482,1516,8282,2340,231,93,162,12850,-1,0,-4,0,37313,136,26,66,0,0,0,0,0,0,0,0,-32313,0,0,0,0,0,86430,0
86487,1532,8284,2364,220,113,173,12849,0,6,-8,0,37312,130,26,66,0,0,0,0,0,0,0,0,-32313,0,0,0,0,0,86435,0
86492,1530,8310,2384,190,146,191,12851,4,1,-8,0,37312,130,26,66,0,0,0,0,0,0,0,0,-32313,0,0,0,0,0,86440,0
86497,1514,8284,2392,180,161,204,12853,7,4,-10,0,37315,129,26,66,0,0,0,0,0,0,0,0,-32313,0,0,0,0,0,86445,0
86502,1538,8240,2426,171,175,216,12853,-1,5,-12,0,37315,129,26,66,0,0,0,0,0,0,0,0,-32313,0,0,0,0,0,86450,0
86507,1556,8214,2406,164,185,228,12854,8,3,-15,0,37312,122,26,66,0,0,0,0,0,0,0,0,-32313,0,0,0,0,0,86455,0
86512,1536,8132,2380,146,212,254,12855,1,-1,-17,0,37312,122,26,66,0,0,0,0,0,0,0,0,-32313,0,0,0,0,0,86460,0
86517,1528,8092,2412,141,226,268,12859,5,3,-20,0,37313,126,26,66,0,0,0,0,0,0,0,0,-32313,0,0,0,0,0,86465,0
86522,1552,8068,2376,138,233,283,12859,8,6,-25,0,37313,126,26,66,0,0,0,0,0,0,0,0,-32313,0,0,0,0,0,86470,0
86527,1502,8008,2350,135,246,297,12864,15,12,-32,0,37312,130,26,66,0,0,0,0,0,0,0,0,-32312,0,0,0,0,0,86475,0
86532,1478,7900,2330,136,259,311,12871,30,6,-47,0,37312,130,26,66,0,0,0,0,0,0,0,0,-32313,0,0,0,0,0,86480,0
86537,1468,7860,2320,137,269,320,12881,44,27,-77,0,37312,127,26,66,0,0,0,0,0,0,0,0,-32313,0,0,0,0,0,86485,0
86542,1458,7814,2320,136,273,316,12895,61,41,-108,0,37312,127,26,66,0,0,0,0,0,0,0,0,-32313,0,0,0,0,0,86490,0
86547,1420,7758,2300,137,282,321,12906,50,41,-108,0,37309,122,26,66,0,0,0,0,0,0,0,0,-32313,0,0,0,0,0,86495,0
86552,1262,7652,2262,148,288,327,12912,14,14,-58,0,37309,122,26,66,0,0,0,0,0,0,0,0,-32312,0,0,0,0,0,86500,0
86557,1182,7628,2262,153,289,338,12910,2,-25,-11,0,37308,125,26,66,0,0,0,0,0,0,0,0,-32312,0,0,0,0,0,86505,0
86562,1162,7542,2292,154,299,356,12912,7,-49,-1,0,37308,125,26,66,0,0,0,0,0,0,0,0,-32313,0,0,0,0,0,86510,0
86567,1170,7516,2254,164,298,361,12911,5,-51,-2,0,37307,124,26,66,0,0,0,0,0,0,0,0,-32313,0,0,0,0,0,86515,0
86572,1260,7478,2258,171,307,368,12910,1,-24,-2,0,37307,124,26,66,0,0,0,0,0,0,0,0,-32313,0,0,0,0,0,86520,0
86577,1242,7514,2252,175,311,362,12910,3,-7,0,0,37309,119,26,66,0,0,0,0,0,0,0,0,-32313,0,0,0,0,0,86525,0
86582,1234,7490,2254,178,310,354,12910,-6,2,2,0,37309,119,26,66,0,0,0,0,0,0,0,0,-32313,0,0,0,0,0,86530,0
86587,1184,7480,2230,175,309,347,12911,2,-1,-1,0,37316,125,26,66,0,0,0,0,0,0,0,0,-32313,0,0,0,0,0,86535,0
86592,1128,7442,2232,175,315,326,12911,0,-5,-1,0,37316,125,26,66,0,0,0,0,0,0,0,0,-32313,0,0,0,0,0,86540,0
86597,1102,7396,2232,169,310,325,12910,2,0,0,0,37320,124,26,66,0,0,0,0,0,0,0,0,-32313,0,0,0,0,0,86545,0
86602,1110,7404,2252,169,306,312,12910,-3,0,-1,0,37320,124,26,66,0,0,0,0,0,0,0,0,-32313,0,0,0,0,0,86550,0
86607,1050,7388,2230,166,302,311,12911,0,4,-1,0,37321,124,26,66,0,0,0,0,0,0,0,0,-32313,0,0,0,0,0,86555,0
86612,1060,7410,2224,153,303,307,12910,-2,-1,-2,0,37321,124,26,66,0,0,0,0,0,0,0,0,-32313,0,0,0,0,0,86560,0
86617,1026,7390,2216,143,292,300,12909,-7,-3,-1,0,37315,110,26,66,0,0,0,0,0,0,0,0,-32312,0,0,0,0,0,86565,0
86622,1042,7418,2202,140,295,300,12912,5,2,-2,0,37315,110,26,66,0,0,0,0,0,0,0,0,-32313,0,0,0,0,0,86570,0
86627,1020,7450,2208,126,288,287,12911,0,4,0,0,37312,112,26,66,0,0,0,0,0,0,0,0,-32312,0,0,0,0,0,86575,0
86632,978,7458,2144,104,272,272,12910,-4,1,-1,0,37312,112,26,66,0,0,0,0,0,0,0,0,-32313,0,0,0,0,0,86580,0
86637,1000,7458,2156,93,266,267,12910,-3,-4,-2,0,37309,120,26,66,0,0,0,0,0,0,0,0,-32313,0,0,0,0,0,86585,0
86642,988,7462,2146,83,264,258,12910,0,-1,-1,0,37309,120,26,66,0,0,0,0,0,0,0,0,-32313,0,0,0,0,0,86590,0
86647,962,7488,2118,73,257,247,12911,5,0,-1,0,37307,128,26,66,0,0,0,0,0,0,0,0,-32313,0,0,0,0,0,86595,0
86652,942,7500,2088,60,256,238,12910,0,0,-2,0,37307,128,26,66,0,0,0,0,0,0,0,0,-32313,0,0,0,0,0,86600,0
86657,946,7516,2040,50,254,232,12910,0,2,-1,0,37307,127,26,66,0,0,0,0,0,0,0,0,-32312,0,0,0,0,0,86605,0
86662,922,7518,2024,37,247,226,12910,-5,-4,-2,0,37307,127,26,66,0,0,0,0,0,0,0,0,-32313,0,0,0,0,0,86610,0
86667,936,7516,1994,33,246,224,12910,-2,-1,-2,0,37309,121,26,66,0,0,0,0,0,0,0,0,-32312,0,0,0,0,0,86615,0
86672,942,7510,1936,29,248,209,12911,5,-3,-2,0,37309,121,26,66,0,0,0,0,0,0,0,0,-32313,0,0,0,0,0,86620,0
86677,962,7542,1912,31,248,199,12910,3,-5,-1,0,37312,121,26,66,0,0,0,0,0,0,0,0,-32313,0,0,0,0,0,86625,0
86682,944,7552,1880,29,251,191,12911,4,2,-2,0,37312,121,26,66,0,0,0,0,0,0,0,0,-32313,0,0,0,0,0,86630,0
86687,918,7550,1846,35,248,189,12912,7,0,-3,0,37318,121,26,66,0,0,0,0,0,0,0,0,-32313,0,0,0,0,0,86635,0
86692,926,7596,1784,44,245,171,12909,-2,-2,-2,0,37318,121,26,66,0,0,0,0,0,0,0,0,-32312,0,0,0,0,0,86640,0
86697,906,7628,1748,50,238,165,12910,1,-1,-1,0,37315,123,26,66,0,0,0,0,0,0,0,0,-32313,0,0,0,0,0,86645,0
86702,868,7656,1730,50,241,159,12911,2,0,-2,0,37315,123,26,66,0,0,0,0,0,0,0,0,-32313,0,0,0,0,0,86650,0
86707,864,7704,1720,60,238,153,12912,1,3,-2,0,37314,123,26,66,0,0,0,0,0,0,0,0,-32313,0,0,0,0,0,86655,0
86712,878,7764,1700,76,228,149,12910,1,-1,-2,0,37314,123,26,66,0,0,0,0,0,0,0,0,-32313,0,0,0,0,0,86660,0
86717,866,7784,1664,88,230,144,12910,-8,-1,-1,0,37309,114,26,66,0,0,0,0,0,0,0,0,-32313,0,0,0,0,0,86665,0
86722,846,7806,1668,101,229,145,12911,4,7,-2,0,37309,114,26,66,0,0,0,0,0,0,0,0,-32313,0,0,0,0,0,86670,0
86727,850,7840,1648,110,222,136,12910,0,-6,-1,0,37309,113,26,66,0,0,0,0,0,0,0,0,-32313,0,0,0,0,0,86675,0
86732,838,7878,1652,133,223,130,12910,-8,2,-2,0,37309,113,26,66,0,0,0,0,0,0,0,0,-32313,0,0,0,0,0,86680,0
86737,812,7906,1672,150,223,124,12910,-3,-2,-4,0,37308,112,26,66,0,0,0,0,0,0,0,0,-32313,0,0,0,0,0,86685,0
86742,830,7890,1612,161,226,114,12910,0,-4,-3,0,37308,112,26,66,0,0,0,0,0,0,0,0,-32313,0,0,0,0,0,86690,0
86747,824,7876,1646,172,236,108,12909,-6,-3,-2,0,37309,111,26,66,0,0,0,0,0,0,0,0,-32313,0,0,0,0,0,86695,0
86752,852,7896,1642,191,230,90,12910,-6,-4,-2,0,37309,111,26,66,0,0,0,0,0,0,0,0,-32313,0,0,0,0,0,86700,0
86757,810,7902,1632,205,231,86,12910,0,4,-1,0,37309,115,26,66,0,0,0,0,0,0,0,0,-32312,0,0,0,0,0,86705,0
86762,788,7882,1654,216,236,78,12910,-3,0,-2,0,37309,115,26,66,0,0,0,0,0,0,0,0,-32312,0,0,0,0,0,86710,0
86767,770,7890,1666,224,237,74,12910,-9,1,-2,0,37310,122,26,66,0,0,0,0,0,0,0,0,-32312,0,0,0,0,0,86715,0
86772,740,7844,1694,246,231,55,12911,4,-1,-3,0,37310,122,26,66,0,0,0,0,0,0,0,0,-32313,0,0,0,0,0,86720,0
86777,778,7876,1690,252,229,48,12910,1,-3,-2,0,37310,123,26,66,0,0,0,0,0,0,0,0,-32313,0,0,0,0,0,86725,0
86782,740,7838,1706,261,225,40,12909,-7,1,-3,0,37310,123,26,66,0,0,0,0,0,0,0,0,-32313,0,0,0,0,0,86730,0
86787,730,7860,1728,276,219,32,12910,0,1,-3,0,37314,131,26,66,0,0,0,0,0,0,0,0,-32313,0,0,0,0,0,86735,0
86792,790,7898,1776,290,215,13,12912,4,-1,-1,0,37314,131,26,66,0,0,0,0,0,0,0,0,-32313,0,0,0,0,0,86740,0
86797,810,7924,1800,300,218,0,12911,6,0,0,0,37314,123,26,66,0,0,0,0,0,0,0,0,-32313,0,0,0,0,0,86745,0
86802,796,7918,1828,301,220,-9,12910,0,-1,-1,0,37314,123,26,66,0,0,0,0,0,0,0,0,-32313,0,0,0,0,0,86750,0
86807,806,7900,1858,303,219,-17,12910,0,4,-1,0,37316,118,26,66,0,0,0,0,0,0,0,0,-32312,0,0,0,0,0,86755,0
86812,792,7924,1908,314,216,-39,12910,-1,0,-2,0,37316,118,26,66,0,0,0,0,0,0,0,0,-32313,0,0,0,0,0,86760,0
86817,862,7926,1944,314,218,-46,12911,2,0,-1,0,37310,119,26,66,0,0,0,0,0,0,0,0,-32313,0,0,0,0,0,86765,0
86822,882,7930,1970,306,215,-54,12910,1,1,-2,0,37310,119,26,66,0,0,0,0,0,0,0,0,-32313,0,0,0,0,0,86770,0
86827,912,7954,1996,301,218,-63,12909,-2,-6,-2,0,37311,123,26,66,0,0,0,0,0,0,0,0,-32313,0,0,0,0,0,86775,0
86832,962,7914,2048,298,215,-74,12911,6,-1,-1,0,37311,123,26,66,0,0,0,0,0,0,0,0,-32313,0,0,0,0,0,86776,0
86837,986,7902,2084,293,213,-91,12911,-1,0,-3,0,37311,124,26,66,0,0,0,0,0,0,0,0,-32313,0,0,0,0,0,86781,0
86842,1012,7914,2108,281,214,-95,12911,0,4,-2,0,37311,124,26,66,0,0,0,0,0,0,0,0,-32313,0,0,0,0,0,86786,0
86847,1012,7892,2120,278,213,-98,12911,5,-3,-2,0,37310,118,26,66,0,0,0,0,0,0,0,0,-32312,0,0,0,0,0,86791,0
86852,1006,7872,2124,263,210,-102,12910,-5,0,-2,0,37310,118,26,66,0,0,0,0,0,0,0,0,-32313,0,0,0,0,0,86796,0
86857,1000,7842,2150,254,209,-105,12910,0,2,-2,0,37310,118,26,66,0,0,0,0,0,0,0,0,-32313,0,0,0,0,0,86801,0
86862,1040,7822,2142,253,201,-103,12910,-7,-3,-3,0,37310,118,26,66,0,0,0,0,0,0,0,0,-32313,0,0,0,0,0,86806,0
86867,1004,7790,2170,249,196,-106,12911,5,0,0,0,37312,117,26,66,0,0,0,0,0,0,0,0,-32313,0,0,0,0,0,86811,0
86872,1030,7738,2154,238,181,-107,12909,-6,-4,-2,0,37312,117,26,66,0,0,0,0,0,0,0,0,-32313,0,0,0,0,0,86816,0
86877,1038,7770,2168,228,177,-114,12910,-1,1,-2,0,37313,115,26,66,0,0,0,0,0,0,0,0,-32313,0,0,0,0,0,86821,0
86882,1026,7718,2174,228,174,-110,12912,3,2,-2,0,37313,115,26,66,0,0,0,0,0,0,0,0,-32313,0,0,0,0,0,86826,0
86887,1030,7720,2156,216,164,-115,12911,4,4,-5,0,37315,107,26,66,0,0,0,0,0,0,0,0,-32313,0,0,0,0,0,86831,0
86892,992,7692,2166,217,148,-120,12910,-7,-1,-4,0,37315,107,26,66,0,0,0,0,0,0,0,0,-32313,0,0,0,0,0,86836,0
86897,1012,7666,2170,211,140,-124,12910,0,-1,-2,0,37316,111,26,66,0,0,0,0,0,0,0,0,-32313,0,0,0,0,0,86841,0
86902,1004,7678,2162,204,129,-124,12910,-3,-1,-2,0,37316,111,26,66,0,0,0,0,0,0,0,0,-32313,0,0,0,0,0,86846,0
86907,1040,7674,2178,197,126,-128,12910,-1,2,-3,0,37312,110,26,66,0,0,0,0,0,0,0,0,-32313,0,0,0,0,0,86851,0
86912,1078,7682,2194,192,112,-134,12910,-2,-4,-2,0,37312,110,26,66,0,0,0,0,0,0,0,0,-32313,0,0,0,0,0,86856,0
86917,1098,7706,2200,187,100,-143,12911,1,0,0,0,37310,113,26,66,0,0,0,0,0,0,0,0,-32313,0,0,0,0,0,86861,0
86922,1104,7674,2218,182,92,-144,12911,4,-1,-1,0,37310,113,26,66,0,0,0,0,0,0,0,0,-32313,0,0,0,0,0,86866,0
86927,1118,7694,2234,175,83,-146,12912,4,-2,-2,0,37309,109,26,66,0,0,0,0,0,0,0,0,-32312,0,0,0,0,0,86871,0
86932,1138,7726,2230,166,67,-138,12911,0,-3,-1,0,37309,109,26,66,0,0,0,0,0,0,0,0,-32313,0,0,0,0,0,86876,0
86937,1148,7728,2200,155,65,-139,12911,-4,0,-3,0,37312,114,26,66,0,0,0,0,0,0,0,0,-32313,0,0,0,0,0,86881,0
86942,1160,7758,2232,155,53,-134,12911,0,-5,-3,0,37312,114,26,66,0,0,0,0,0,0,0,0,-32313,0,0,0,0,0,86886,0
86947,1184,7770,2220,141,51,-134,12909,-5,-3,-1,0,37310,119,26,66,0,0,0,0,0,0,0,0,-32313,0,0,0,0,0,86891,0
86952,1226,7766,2210,131,49,-128,12910,1,-1,-2,0,37310,119,26,66,0,0,0,0,0,0,0,0,-32313,0,0,0,0,0,86896,0
86957,1250,7828,2204,125,43,-124,12911,6,1,-1,0,37310,122,26,66,0,0,0,0,0,0,0,0,-32312,0,0,0,0,0,86901,0
86962,1234,7832,2220,119,43,-117,12910,0,4,-1,0,37310,122,26,66,0,0,0,0,0,0,0,0,-32312,0,0,0,0,0,86906,0
86967,1272,7844,2218,107,41,-105,12911,2,3,-1,0,37309,122,26,66,0,0,0,0,0,0,0,0,-32313,0,0,0,0,0,86911,0
86972,1254,7866,2200,90,46,-100,12911,4,2,-2,0,37309,122,26,66,0,0,0,0,0,0,0,0,-32313,0,0,0,0,0,86916,0
86977,1242,7864,2154,83,45,-99,12911,0,-1,-1,0,37311,128,26,66,0,0,0,0,0,0,0,0,-32313,0,0,0,0,0,86921,0
86982,1230,7908,2150,78,46,-86,12911,-2,-2,-2,0,37311,128,26,66,0,0,0,0,0,0,0,0,-32313,0,0,0,0,0,86926,0
86987,1246,7910,2156,66,43,-81,12911,7,-1,-4,0,37312,129,26,66,0,0,0,0,0,0,0,0,-32312,0,0,0,0,0,86931,0
86992,1230,7938,2126,55,48,-70,12911,4,-2,-4,0,37312,129,26,66,0,0,0,0,0,0,0,0,-32313,0,0,0,0,0,86936,0
86997,1228,7984,2132,50,43,-61,12909,-4,1,-1,0,37313,132,26,66,0,0,0,0,0,0,0,0,-32313,0,0,0,0,0,86941,0
87002,1206,7966,2114,41,45,-61,12911,3,1,-1,0,37313,132,26,66,0,0,0,0,0,0,0,0,-32313,0,0,0,0,0,86946,0
87007,1186,7948,2066,38,46,-58,12910,0,3,0,0,37313,122,26,66,0,0,0,0,0,0,0,0,-32313,0,0,0,0,0,86951,0
87012,1196,7950,2066,25,42,-50,12911,0,2,-2,0,37313,122,26,66,0,0,0,0,0,0,0,0,-32313,0,0,0,0,0,86956,0
87017,1204,7972,2054,24,44,-45,12911,1,-3,-1,0,37313,117,26,66,0,0,0,0,0,0,0,0,-32313,0,0,0,0,0,86961,0
87022,1194,7942,2046,21,46,-44,12911,3,-1,-1,0,37313,117,26,66,0,0,0,0,0,0,0,0,-32313,0,0,0,0,0,86966,0
87027,1196,7964,2034,13,42,-39,12910,-4,0,-1,0,37311,108,26,66,0,0,0,0,0,0,0,0,-32312,0,0,0,0,0,86971,0
87032,1176,7962,2002,8,40,-34,12911,6,-3,-1,0,37311,108,26,66,0,0,0,0,0,0,0,0,-32313,0,0,0,0,0,86976,0
87037,1194,7972,1988,2,38,-36,12911,2,1,-3,0,37309,116,26,66,0,0,0,0,0,0,0,0,-32312,0,0,0,0,0,86981,0
87042,1184,8004,1980,0,41,-36,12910,-2,3,-2,0,37309,116,26,66,0,0,0,0,0,0,0,0,-32313,0,0,0,0,0,86986,0
87047,1182,8004,1968,6,45,-28,12910,-3,-5,-1,0,37309,119,26,66,0,0,0,0,0,0,0,0,-32313,0,0,0,0,0,86991,0
87052,1188,7960,1952,1,45,-26,12911,5,0,-3,0,37309,119,26,66,0,0,0,0,0,0,0,0,-32312,0,0,0,0,0,86996,0
87057,1186,7968,1914,2,49,-26,12910,-7,0,-2,0,37308,118,26,66,0,0,0,0,0,0,0,0,-32312,0,0,0,0,0,87001,0
87062,1162,7944,1938,3,44,-24,12911,3,0,-1,0,37308,118,26,66,0,0,0,0,0,0,0,0,-32312,0,0,0,0,0,87006,0
87067,1164,7954,1926,3,43,-26,12910,1,-4,-1,0,37309,115,26,66,0,0,0,0,0,0,0,0,-32313,0,0,0,0,0,87011,0
87072,1148,7924,1918,1,43,-28,12910,-4,-1,-1,0,37309,115,26,66,0,0,0,0,0,0,0,0,-32313,0,0,0,0,0,87016,0
87077,1134,7908,1902,9,42,-22,12910,-8,-5,-1,0,37309,107,26,66,0,0,0,0,0,0,0,0,-32313,0,0,0,0,0,87021,0
87082,1164,7890,1916,8,37,-27,12909,-6,2,-2,0,37309,107,26,66,0,0,0,0,0,0,0,0,-32313,0,0,0,0,0,87026,0
87087,1136,7866,1900,14,31,-21,12911,0,0,-2,0,37309,108,26,66,0,0,0,0,0,0,0,0,-32312,0,0,0,0,0,87031,0
87092,1134,7858,1898,13,20,-24,12910,1,0,-4,0,37309,108,26,66,0,0,0,0,0,0,0,0,-32313,0,0,0,0,0,87036,0
87097,1146,7808,1906,17,16,-21,12910,-1,0,-4,0,37313,103,26,66,0,0,0,0,0,0,0,0,-32312,0,0,0,0,0,87041,0
87102,1160,7834,1928,20,10,-23,12910,-1,3,-2,0,37313,103,26,66,0,0,0,0,0,0,0,0,-32312,0,0,0,0,0,87046,0
87107,1180,7786,1920,18,2,-24,12910,3,1,-1,0,37313,101,26,66,0,0,0,0,0,0,0,0,-32313,0,0,0,0,0,87051,0
87112,1186,7792,1938,17,-8,-18,12911,6,2,0,0,37313,101,26,66,0,0,0,0,0,0,0,0,-32313,0,0,0,0,0,87056,0
87117,1172,7808,1936,21,-17,-14,12910,-2,-1,-1,0,37312,110,26,66,0,0,0,0,0,0,0,0,-32312,0,0,0,0,0,87061,0
87122,1200,7814,1962,19,-24,-12,12912,7,1,-3,0,37312,110,26,66,0,0,0,0,0,0,0,0,-32313,0,0,0,0,0,87066,0
87127,1248,7808,1970,10,-22,-12,12910,0,-1,-3,0,37308,127,26,66,0,0,0,0,0,0,0,0,-32313,0,0,0,0,0,87071,0
87132,1252,7790,1998,7,-49,-8,12911,3,0,0,0,37308,127,26,66,0,0,0,0,0,0,0,0,-32313,0,0,0,0,0,87076,0
87137,1262,7804,2006,-2,-48,-6,12909,0,-3,-2,0,37311,129,26,66,0,0,0,0,0,0,0,0,-32312,0,0,0,0,0,87081,0
87142,1258,7804,2024,-1,-60,-1,12911,0,2,-3,0,37311,129,26,66,0,0,0,0,0,0,0,0,-32313,0,0,0,0,0,87086,0
87147,1280,7812,2072,-8,-69,-2,12911,-1,1,-1,0,37313,131,26,66,0,0,0,0,0,0,0,0,-32312,0,0,0,0,0,87091,0
87152,1254,7770,2136,-19,-83,7,12911,4,4,-2,0,37313,131,26,66,0,0,0,0,0,0,0,0,-32313,0,0,0,0,0,87096,0
87157,1268,7768,2136,-30,-100,13,12910,2,-2,-2,0,37315,121,26,66,0,0,0,0,0,0,0,0,-32313,0,0,0,0,0,87101,0
87162,1274,7734,2156,-35,-112,18,12910,-4,-1,-2,0,37315,121,26,66,0,0,0,0,0,0,0,0,-32313,0,0,0,0,0,87106,0
87167,1270,7702,2188,-44,-128,26,12911,3,-2,-1,0,37311,117,26,66,0,0,0,0,0,0,0,0,-32313,0,0,0,0,0,87111,0
87172,1254,7626,2196,-59,-157,25,12911,0,0,-2,0,37311,117,26,66,0,0,0,0,0,0,0,0,-32313,0,0,0,0,0,87116,0
87177,1216,7584,2222,-70,-166,25,12910,-2,-1,-2,0,37304,118,26,66,0,0,0,0,0,0,0,0,-32313,0,0,0,0,0,87121,0
87182,1262,7570,2188,-82,-182,24,12910,-4,-2,-2,0,37304,118,26,66,0,0,0,0,0,0,0,0,-32312,0,0,0,0,0,87126,0
87187,1258,7532,2212,-94,-193,23,12911,0,1,-2,0,37297,120,26,66,0,0,0,0,0,0,0,0,-32312,0,0,0,0,0,87131,0
87192,1262,7462,2240,-105,-214,22,12911,0,0,-2,0,37297,120,26,66,0,0,0,0,0,0,0,0,-32312,0,0,0,0,0,87136,0
87197,1296,7450,2226,-120,-224,22,12911,4,0,-2,0,37297,124,26,66,0,0,0,0,0,0,0,0,-32313,0,0,0,0,0,87141,0
87202,1328,7472,2210,-117,-235,23,12910,0,-1,-2,0,37297,124,26,66,0,0,0,0,0,0,0,0,-32313,0,0,0,0,0,87146,0
87207,1292,7446,2236,-130,-240,23,12911,1,-1,-1,0,37304,125,26,66,0,0,0,0,0,0,0,0,-32313,0,0,0,0,0,87151,0
87212,1356,7490,2206,-139,-250,28,12910,0,0,-2,0,37304,125,26,66,0,0,0,0,0,0,0,0,-32313,0,0,0,0,0,87156,0
87217,1374,7510,2188,-148,-251,23,12910,-6,1,-1,0,37309,122,26,66,0,0,0,0,0,0,0,0,-32313,0,0,0,0,0,87161,0
87222,1344,7550,2172,-150,-255,27,12910,-7,-1,-2,0,37309,122,26,66,0,0,0,0,0,0,0,0,-32313,0,0,0,0,0,87166,0
87227,1380,7590,2156,-158,-256,36,12910,-1,-5,-1,0,37311,123,26,66,0,0,0,0,0,0,0,0,-32312,0,0,0,0,0,87171,0
87232,1404,7654,2150,-169,-259,43,12911,0,0,-1,0,37311,123,26,66,0,0,0,0,0,0,0,0,-32313,0,0,0,0,0,87176,0
87237,1428,7680,2112,-175,-260,50,12911,1,-1,-2,0,37310,117,26,66,0,0,0,0,0,0,0,0,-32313,0,0,0,0,0,87181,0
87242,1410,7746,2090,-178,-259,55,12910,4,1,-2,0,37310,117,26,66,0,0,0,0,0,0,0,0,-32312,0,0,0,0,0,87186,0
87247,1438,7752,2080,-183,-249,61,12910,4,-1,-1,0,37309,119,26,66,0,0,0,0,0,0,0,0,-32312,0,0,0,0,0,87191,0
87252,1456,7876,2060,-197,-248,78,12910,-1,-1,-2,0,37309,119,26,66,0,0,0,0,0,0,0,0,-32313,0,0,0,0,0,87196,0
87257,1474,7940,2032,-207,-247,83,12911,7,2,-2,0,37307,115,26,66,0,0,0,0,0,0,0,0,-32312,0,0,0,0,0,87201,0
87262,1516,7982,2004,-208,-233,99,12911,0,2,-2,0,37307,115,26,66,0,0,0,0,0,0,0,0,-32312,0,0,0,0,0,87206,0
87267,1490,8024,1970,-203,-225,106,12911,-3,-4,-2,0,37308,123,26,66,0,0,0,0,0,0,0,0,-32312,0,0,0,0,0,87211,0
87272,1464,8058,1930,-204,-216,125,12910,-8,-4,-1,0,37308,123,26,66,0,0,0,0,0,0,0,0,-32313,0,0,0,0,0,87216,0
87277,1428,8100,1884,-198,-200,133,12910,-3,-3,-1,0,37309,127,26,66,0,0,0,0,0,0,0,0,-32312,0,0,0,0,0,87221,0
87282,1448,8118,1866,-199,-199,146,12910,-5,-2,-2,0,37309,127,26,66,0,0,0,0,0,0,0,0,-32312,0,0,0,0,0,87226,0
87287,1446,8126,1850,-197,-190,154,12910,0,2,-3,0,37309,123,26,66,0,0,0,0,0,0,0,0,-32312,0,0,0,0,0,87231,0
87292,1430,8160,1836,-180,-176,172,12912,5,2,-2,0,37309,123,26,66,0,0,0,0,0,0,0,0,-32313,0,0,0,0,0,87236,0
87297,1438,8184,1818,-172,-167,177,12911,-2,7,0,0,37310,124,26,66,0,0,0,0,0,0,0,0,-32313,0,0,0,0,0,87241,0
87302,1378,8188,1814,-164,-149,187,12911,4,3,-1,0,37310,124,26,66,0,0,0,0,0,0,0,0,-32313,0,0,0,0,0,87246,0
87307,1368,8188,1780,-157,-147,189,12910,4,-1,-2,0,37310,120,26,66,0,0,0,0,0,0,0,0,-32313,0,0,0,0,0,87251,0
87312,1336,8236,1740,-149,-130,194,12910,-1,-1,-1,0,37310,120,26,66,0,0,0,0,0,0,0,0,-32313,0,0,0,0,0,87256,0
87317,1324,8260,1750,-139,-111,199,12911,2,-3,-1,0,37310,112,26,66,0,0,0,0,0,0,0,0,-32313,0,0,0,0,0,87261,0
87322,1344,8254,1772,-130,-99,200,12911,1,3,-2,0,37310,112,26,66,0,0,0,0,0,0,0,0,-32312,0,0,0,0,0,87266,0
87327,1320,8266,1776,-122,-90,206,12910,-1,3,-1,0,37310,102,26,66,0,0,0,0,0,0,0,0,-32312,0,0,0,0,0,87271,0
87332,1292,8244,1788,-110,-68,213,12909,-4,-1,-2,0,37310,102,26,66,0,0,0,0,0,0,0,0,-32312,0,0,0,0,0,87276,0
87337,1272,8258,1804,-93,-55,211,12910,-10,-1,-3,0,37309,103,26,66,0,0,0,0,0,0,0,0,-32312,0,0,0,0,0,87281,0
87342,1252,8220,1802,-87,-46,209,12910,0,-2,-2,0,37309,103,26,66,0,0,0,0,0,0,0,0,-32313,0,0,0,0,0,87286,0
87347,1262,8202,1806,-82,-35,213,12910,-2,3,0,0,37309,112,26,66,0,0,0,0,0,0,0,0,-32312,0,0,0,0,0,87291,0
87352,1268,8122,1824,-63,-21,214,12911,0,4,-2,0,37309,112,26,66,0,0,0,0,0,0,0,0,-32313,0,0,0,0,0,87296,0
87357,1244,8086,1824,-57,-7,214,12911,2,1,-2,0,37308,115,26,66,0,0,0,0,0,0,0,0,-32313,0,0,0,0,0,87301,0
87362,1244,8024,1854,-51,3,214,12911,4,7,-2,0,37308,115,26,66,0,0,0,0,0,0,0,0,-32312,0,0,0,0,0,87306,0
87367,1242,8032,1842,-38,9,218,12910,-1,1,-2,0,37310,114,26,66,0,0,0,0,0,0,0,0,-32313,0,0,0,0,0,87312,0
87372,1208,7930,1910,-25,29,222,12911,3,2,-5,0,37310,114,26,66,0,0,0,0,0,0,0,0,-32313,0,0,0,0,0,87317,0
87377,1216,7886,1914,-19,28,227,12911,5,1,-3,0,37310,116,26,66,0,0,0,0,0,0,0,0,-32312,0,0,0,0,0,87322,0
87382,1216,7810,1920,-10,35,226,12910,-1,4,-1,0,37310,116,26,66,0,0,0,0,0,0,0,0,-32313,0,0,0,0,0,87327,0
87387,1216,7796,1938,-9,46,225,12911,2,2,-3,0,37311,114,26,66,0,0,0,0,0,0,0,0,-32312,0,0,0,0,0,87332,0
87392,1144,7692,1978,-3,52,226,12911,6,1,-3,0,37311,114,26,66,0,0,0,0,0,0,0,0,-32312,0,0,0,0,0,87337,0
87397,1154,7688,1978,1,62,222,12911,-1,1,-2,0,37307,119,26,66,0,0,0,0,0,0,0,0,-32313,0,0,0,0,0,87342,0
87402,1138,7636,1968,-2,66,220,12910,1,-2,-1,0,37307,119,26,66,0,0,0,0,0,0,0,0,-32313,0,0,0,0,0,87347,0
87407,1118,7590,1980,-3,75,216,12910,-3,0,-1,0,37307,128,26,66,0,0,0,0,0,0,0,0,-32312,0,0,0,0,0,87352,0
87412,1104,7548,1970,-1,75,206,12910,-2,-2,-1,0,37307,128,26,66,0,0,0,0,0,0,0,0,-32313,0,0,0,0,0,87357,0
87417,1082,7462,2024,0,78,196,12912,5,0,-3,0,37314,120,26,66,0,0,0,0,0,0,0,0,-32312,0,0,0,0,0,87362,0
87422,1106,7496,2020,-6,80,194,12910,-1,2,-4,0,37314,120,26,66,0,0,0,0,0,0,0,0,-32313,0,0,0,0,0,87367,0
87427,1106,7464,2014,-10,76,182,12910,-6,1,-2,0,37318,123,26,66,0,0,0,0,0,0,0,0,-32312,0,0,0,0,0,87372,0
87432,1132,7446,2026,-11,79,165,12910,-7,-1,-2,0,37318,123,26,66,0,0,0,0,0,0,0,0,-32312,0,0,0,0,0,87377,0
87437,1168,7420,2024,-15,85,161,12911,4,3,-3,0,37321,120,26,66,0,0,0,0,0,0,0,0,-32312,0,0,0,0,0,87382,0
87442,1176,7396,2036,-20,87,157,12910,0,4,-3,0,37321,120,26,66,0,0,0,0,0,0,0,0,-32313,0,0,0,0,0,87387,0
87447,1178,7418,2046,-23,87,145,12911,1,4,-1,0,37318,125,26,66,0,0,0,0,0,0,0,0,-32312,0,0,0,0,0,87392,0
87452,1186,7388,2038,-26,96,146,12910,0,3,-1,0,37318,125,26,66,0,0,0,0,0,0,0,0,-32313,0,0,0,0,0,87397,0
87457,1186,7394,2030,-34,90,144,12911,6,6,-1,0,37310,125,26,66,0,0,0,0,0,0,0,0,-32313,0,0,0,0,0,87402,0
87462,1212,7384,2016,-39,97,144,12911,3,1,-3,0,37310,125,26,66,0,0,0,0,0,0,0,0,-32312,0,0,0,0,0,87407,0
87467,1222,7368,2032,-40,88,137,12911,1,5,-2,0,37308,123,26,66,0,0,0,0,0,0,0,0,-32313,0,0,0,0,0,87412,0
87472,1262,7362,2004,-51,88,141,12911,1,2,-1,0,37308,123,26,66,0,0,0,0,0,0,0,0,-32313,0,0,0,0,0,87417,0
87477,1252,7354,1970,-45,84,141,12911,2,0,-1,0,37310,124,26,66,0,0,0,0,0,0,0,0,-32313,0,0,0,0,0,87422,0
87482,1288,7352,1992,-45,86,137,12910,-5,-1,-1,0,37310,124,26,66,0,0,0,0,0,0,0,0,-32312,0,0,0,0,0,87427,0
87487,1282,7346,1976,-43,86,141,12911,2,-3,-3,0,37311,126,26,66,0,0,0,0,0,0,0,0,-32313,0,0,0,0,0,87432,0
87492,1274,7354,1930,-44,88,137,12911,7,0,-2,0,37311,126,26,66,0,0,0,0,0,0,0,0,-32313,0,0,0,0,0,87437,0
87497,1302,7338,1908,-41,88,134,12911,0,2,-2,0,37311,124,26,66,0,0,0,0,0,0,0,0,-32313,0,0,0,0,0,87442,0
87502,1280,7326,1908,-39,88,136,12910,0,1,-1,0,37311,124,26,66,0,0,0,0,0,0,0,0,-32313,0,0,0,0,0,87447,0
87507,1266,7342,1884,-29,88,143,12910,2,2,0,0,37310,117,26,66,0,0,0,0,0,0,0,0,-32313,0,0,0,0,0,87452,0
87512,1296,7392,1830,-24,93,136,12910,-3,1,-2,0,37310,117,26,66,0,0,0,0,0,0,0,0,-32312,0,0,0,0,0,87457,0
87517,1256,7392,1812,-20,90,134,12910,-1,-3,-1,0,37310,109,26,66,0,0,0,0,0,0,0,0,-32312,0,0,0,0,0,87462,0
87522,1232,7428,1792,-14,92,128,12911,1,1,0,0,37310,109,26,66,0,0,0,0,0,0,0,0,-32313,0,0,0,0,0,87467,0
87527,1252,7462,1782,-5,88,126,12910,-3,1,-1,0,37321,117,26,66,0,0,0,0,0,0,0,0,-32313,0,0,0,0,0,87472,0
87532,1242,7554,1754,6,87,125,12909,-7,-2,-2,0,37321,117,26,66,0,0,0,0,0,0,0,0,-32313,0,0,0,0,0,87478,0
87537,1252,7614,1744,15,80,126,12911,3,1,-4,0,37316,121,26,66,0,0,0,0,0,0,0,0,-32312,0,0,0,0,0,87483,0
87542,1258,7648,1742,25,83,122,12911,-3,4,-3,0,37316,121,26,66,0,0,0,0,0,0,0,0,-32312,0,0,0,0,0,87489,0
87547,1248,7706,1720,35,80,121,12910,-6,3,-1,0,37311,116,26,66,0,0,0,0,0,0,0,0,-32312,0,0,0,0,0,87494,0
87552,1244,7748,1690,48,74,122,12910,-3,0,-2,0,37311,116,26,66,0,0,0,0,0,0,0,0,-32313,0,0,0,0,0,87500,0
87557,1238,7796,1672,54,69,125,12910,-2,2,-2,0,37306,116,26,66,0,0,0,0,0,0,0,0,-32313,0,0,0,0,0,87505,0
87562,1246,7838,1658,62,60,124,12910,-4,-1,-2,0,37306,116,26,66,0,0,0,0,0,0,0,0,-32313,0,0,0,0,0,87510,0
87567,1250,7904,1656,69,58,125,12910,-3,4,-2,0,37322,119,26,66,0,0,0,0,0,0,0,0,-32313,0,0,0,0,0,87516,0
87572,1296,7954,1656,88,52,122,12911,-3,3,-2,0,37322,119,26,66,0,0,0,0,0,0,0,0,-32313,0,0,0,0,0,87521,0
87577,1308,7952,1676,100,54,128,12910,-2,3,-1,0,37332,123,26,66,0,0,0,0,0,0,0,0,-32313,0,0,0,0,0,87526,0
87582,1318,7978,1638,110,60,123,12910,-5,2,-1,0,37332,123,26,66,0,0,0,0,0,0,0,0,-32312,0,0,0,0,0,87532,0
87587,1300,7970,1654,119,54,120,12911,0,-1,-3,0,37327,125,26,66,0,0,0,0,0,0,0,0,-32312,0,0,0,0,0,87537,0
87592,1292,8056,1658,145,61,125,12911,0,0,-2,0,37327,125,26,66,0,0,0,0,0,0,0,0,-32313,0,0,0,0,0,87542,0
87597,1334,8080,1646,156,62,126,12910,-3,2,-3,0,37315,123,26,66,0,0,0,0,0,0,0,0,-32313,0,0,0,0,0,87548,0
87602,1330,8108,1672,170,69,131,12911,0,-2,-1,0,37315,123,26,66,0,0,0,0,0,0,0,0,-32312,0,0,0,0,0,87553,0
87607,1304,8096,1724,180,69,130,12910,-2,-1,-1,0,37305,127,26,66,0,0,0,0,0,0,0,0,-32313,0,0,0,0,0,87558,0
87612,1288,8026,1720,206,76,133,12911,8,3,-2,0,37305,127,26,66,0,0,0,0,0,0,0,0,-32312,0,0,0,0,0,87564,0
87617,1274,7992,1706,216,85,137,12910,1,-2,-2,0,37307,128,26,66,0,0,0,0,0,0,0,0,-32312,0,0,0,0,0,87569,0
87622,1260,8048,1722,222,83,139,12911,4,0,-4,0,37307,128,26,66,0,0,0,0,0,0,0,0,-32312,0,0,0,0,0,87575,0
87627,1252,8010,1754,243,81,131,12911,2,6,-4,0,37309,132,26,66,0,0,0,0,0,0,0,0,-32313,0,0,0,0,0,87580,0
87632,1234,7982,1768,254,82,140,12911,5,3,-1,0,37309,132,26,66,0,0,0,0,0,0,0,0,-32312,0,0,0,0,0,87585,0
87637,1232,7934,1790,266,78,139,12911,0,0,-2,0,37307,130,26,66,0,0,0,0,0,0,0,0,-32312,0,0,0,0,0,87590,0
87642,1216,7936,1780,275,85,140,12910,-2,1,-2,0,37307,130,26,66,0,0,0,0,0,0,0,0,-32313,0,0,0,0,0,87596,0
87647,1184,7910,1822,274,77,141,12910,-1,-4,-1,0,37306,123,26,66,0,0,0,0,0,0,0,0,-32312,0,0,0,0,0,87601,0
87652,1186,7872,1846,295,81,142,12909,-6,-6,-3,0,37306,123,26,66,0,0,0,0,0,0,0,0,-32313,0,0,0,0,0,87607,0
87657,1178,7864,1874,302,72,140,12910,-5,2,-1,0,37300,116,26,66,0,0,0,0,0,0,0,0,-32312,0,0,0,0,0,87612,0
87662,1196,7842,1886,302,72,137,12911,0,-2,-1,0,37300,116,26,66,0,0,0,0,0,0,0,0,-32312,0,0,0,0,0,87617,0
87667,1188,7808,1934,310,72,137,12910,-4,-2,-2,0,37299,120,26,66,0,0,0,0,0,0,0,0,-32312,0,0,0,0,0,87623,0
87672,1192,7792,1966,314,66,133,12910,-1,1,-2,0,37299,120,26,66,0,0,0,0,0,0,0,0,-32312,0,0,0,0,0,87628,0
87677,1190,7738,1988,320,60,125,12911,0,2,-2,0,37301,133,26,66,0,0,0,0,0,0,0,0,-32312,0,0,0,0,0,87633,0
87682,1184,7712,2002,319,60,125,12910,-3,-1,-2,0,37301,133,26,66,0,0,0,0,0,0,0,0,-32312,0,0,0,0,0,87639,0
87687,1208,7668,2018,324,58,130,12910,-4,1,-1,0,37303,135,26,66,0,0,0,0,0,0,0,0,-32312,0,0,0,0,0,87644,0
87692,1192,7632,2030,320,56,128,12912,3,3,-1,0,37303,135,26,66,0,0,0,0,0,0,0,0,-32313,0,0,0,0,0,87649,0
87697,1224,7614,2074,322,52,124,12910,-1,0,-2,0,37306,127,26,66,0,0,0,0,0,0,0,0,-32312,0,0,0,0,0,87655,0
87702,1218,7604,2098,320,53,131,12910,-4,0,-2,0,37306,127,26,66,0,0,0,0,0,0,0,0,-32312,0,0,0,0,0,87660,0
87707,1224,7546,2094,327,46,121,12911,0,-2,-3,0,37306,122,26,66,0,0,0,0,0,0,0,0,-32312,0,0,0,0,0,87665,0
87712,1210,7530,2140,317,44,124,12910,-1,-1,-1,0,37306,122,26,66,0,0,0,0,0,0,0,0,-32312,0,0,0,0,0,87671,0
87717,1246,7548,2142,315,37,126,12911,0,0,-2,0,37303,109,26,66,0,0,0,0,0,0,0,0,-32312,0,0,0,0,0,87676,0
87722,1258,7510,2204,314,40,118,12910,-3,-3,-3,0,37303,109,26,66,0,0,0,0,0,0,0,0,-32313,0,0,0,0,0,87681,0
87727,1258,7528,2200,307,39,120,12911,0,3,-3,0,37302,112,26,66,0,0,0,0,0,0,0,0,-32312,0,0,0,0,0,87687,0
87732,1226,7514,2236,301,35,117,12911,5,-1,-3,0,37302,112,26,66,0,0,0,0,0,0,0,0,-32312,0,0,0,0,0,87692,0
87737,1236,7532,2262,299,39,115,12910,1,-3,-5,0,37304,111,26,66,0,0,0,0,0,0,0,0,-32313,0,0,0,0,0,87697,0
87742,1236,7542,2294,293,38,109,12910,1,4,-2,0,37304,111,26,66,0,0,0,0,0,0,0,0,-32312,0,0,0,0,0,87703,0
87747,1246,7548,2290,290,38,112,12911,-3,1,-1,0,37307,125,26,66,0,0,0,0,0,0,0,0,-32313,0,0,0,0,0,87708,0
87752,1262,7562,2314,272,35,102,12912,2,3,-2,0,37307,125,26,66,0,0,0,0,0,0,0,0,-32312,0,0,0,0,0,87713,0
87757,1238,7542,2324,266,41,99,12910,-1,-1,-2,0,37306,134,26,66,0,0,0,0,0,0,0,0,-32312,0,0,0,0,0,87719,0
87762,1274,7562,2316,254,36,97,12910,-1,-1,0,0,37306,134,26,66,0,0,0,0,0,0,0,0,-32312,0,0,0,0,0,87724,0
87767,1278,7556,2352,250,39,96,12910,-5,2,0,0,37303,125,26,66,0,0,0,0,0,0,0,0,-32312,0,0,0,0,0,87729,0
87772,1298,7600,2340,228,41,90,12910,-2,1,-3,0,37303,125,26,66,0,0,0,0,0,0,0,0,-32313,0,0,0,0,0,87735,0
87777,1282,7600,2350,217,40,91,12910,-1,-3,-3,0,37303,122,26,66,0,0,0,0,0,0,0,0,-32313,0,0,0,0,0,87740,0
87782,1290,7612,2388,204,47,89,12910,-2,-2,-3,0,37303,122,26,66,0,0,0,0,0,0,0,0,-32312,0,0,0,0,0,87745,0
87787,1280,7650,2382,191,39,93,12911,-1,3,-3,0,37305,117,26,66,0,0,0,0,0,0,0,0,-32313,0,0,0,0,0,87751,0
87792,1366,7690,2348,167,52,92,12910,0,-1,-1,0,37305,117,26,66,0,0,0,0,0,0,0,0,-32313,0,0,0,0,0,87756,0
87797,1306,7720,2340,155,48,89,12910,-5,-2,-3,0,37305,120,26,66,0,0,0,0,0,0,0,0,-32312,0,0,0,0,0,87761,0
87802,1374,7748,2344,144,57,89,12911,3,2,-2,0,37305,120,26,66,0,0,0,0,0,0,0,0,-32312,0,0,0,0,0,87767,0
87807,1354,7742,2352,133,64,95,12910,1,1,-2,0,37303,121,26,66,0,0,0,0,0,0,0,0,-32312,0,0,0,0,0,87772,0
87812,1326,7744,2286,111,62,95,12910,-2,1,-3,0,37303,121,26,66,0,0,0,0,0,0,0,0,-32312,0,0,0,0,0,87777,0
87817,1334,7736,2288,106,65,102,12909,-2,-3,-2,0,37304,115,26,66,0,0,0,0,0,0,0,0,-32313,0,0,0,0,0,87783,0
87822,1332,7786,2272,93,56,102,12911,2,6,-3,0,37304,115,26,66,0,0,0,0,0,0,0,0,-32313,0,0,0,0,0,87788,0
87827,1330,7764,2264,83,60,100,12910,0,-2,-1,0,37305,118,26,66,0,0,0,0,0,0,0,0,-32312,0,0,0,0,0,87793,0
87832,1304,7788,2210,73,60,105,12911,4,-1,-4,0,37305,118,26,66,0,0,0,0,0,0,0,0,-32313,0,0,0,0,0,87799,0
87837,1332,7806,2198,69,57,109,12910,-2,0,-3,0,37308,118,26,66,0,0,0,0,0,0,0,0,-32312,0,0,0,0,0,87804,0
87842,1294,7842,2152,59,55,112,12910,-3,-1,-2,0,37308,118,26,66,0,0,0,0,0,0,0,0,-32313,0,0,0,0,0,87809,0
87847,1292,7856,2176,58,58,115,12911,0,0,0,0,37305,119,26,66,0,0,0,0,0,0,0,0,-32313,0,0,0,0,0,87815,0
87852,1300,7896,2126,58,54,113,12911,0,-1,0,0,37305,119,26,66,0,0,0,0,0,0,0,0,-32313,0,0,0,0,0,87820,0
87857,1292,7924,2130,54,46,116,12910,-5,0,-2,0,37304,114,26,66,0,0,0,0,0,0,0,0,-32312,0,0,0,0,0,87825,0
87862,1284,7922,2132,50,37,118,12911,-1,-1,-1,0,37304,114,26,66,0,0,0,0,0,0,0,0,-32312,0,0,0,0,0,87831,0
87867,1254,7954,2122,47,36,117,12910,-3,-2,-2,0,37303,113,26,66,0,0,0,0,0,0,0,0,-32312,0,0,0,0,0,87836,0
87872,1272,7972,2116,50,29,120,12911,0,2,0,0,37303,113,26,66,0,0,0,0,0,0,0,0,-32313,0,0,0,0,0,87841,0
87877,1254,7966,2086,52,20,122,12910,-3,0,-2,0,37305,118,26,66,0,0,0,0,0,0,0,0,-32313,0,0,0,0,0,87847,0
87882,1264,7960,2082,51,15,121,12911,0,3,-2,0,37305,118,26,66,0,0,0,0,0,0,0,0,-32312,0,0,0,0,0,87852,0
87887,1274,7954,2096,50,2,116,12910,-1,3,-1,0,37304,120,26,66,0,0,0,0,0,0,0,0,-32312,0,0,0,0,0,87857,0
87892,1252,8010,2086,47,-10,116,12910,-3,-6,0,0,37304,120,26,66,0,0,0,0,0,0,0,0,-32313,0,0,0,0,0,87863,0
87897,1274,7982,2078,48,-15,111,12910,0,2,-1,0,37304,117,26,66,0,0,0,0,0,0,0,0,-32312,0,0,0,0,0,87868,0
87902,1264,7988,2058,46,-19,108,12911,0,0,-1,0,37304,117,26,66,0,0,0,0,0,0,0,0,-32313,0,0,0,0,0,87874,0
87907,1258,7976,2082,41,-30,99,12911,1,0,-1,0,37303,115,26,66,0,0,0,0,0,0,0,0,-32313,0,0,0,0,0,87879,0
87912,1232,7962,2040,41,-44,104,12910,-5,1,-2,0,37303,115,26,66,0,0,0,0,0,0,0,0,-32313,0,0,0,0,0,87884,0
87917,1262,7938,2046,47,-53,101,12912,2,2,-3,0,37303,113,26,66,0,0,0,0,0,0,0,0,-32313,0,0,0,0,0,87890,0
87922,1242,7928,2070,39,-51,105,12910,-1,1,-2,0,37303,113,26,66,0,0,0,0,0,0,0,0,-32312,0,0,0,0,0,87895,0
87927,1238,7898,2054,41,-64,99,12911,0,-2,-1,0,37302,118,26,66,0,0,0,0,0,0,0,0,-32312,0,0,0,0,0,87900,0
87932,1264,7900,2032,34,-71,98,12910,2,3,-2,0,37302,118,26,66,0,0,0,0,0,0,0,0,-32313,0,0,0,0,0,87906,0
87937,1252,7890,2010,30,-82,93,12910,-3,1,-5,0,37301,122,26,66,0,0,0,0,0,0,0,0,-32312,0,0,0,0,0,87911,0
87942,1276,7880,2014,32,-80,95,12911,-2,2,-3,0,37301,122,26,66,0,0,0,0,0,0,0,0,-32313,0,0,0,0,0,87916,0
87947,1274,7868,2012,26,-80,93,12912,7,-2,-2,0,37305,119,26,66,0,0,0,0,0,0,0,0,-32313,0,0,0,0,0,87922,0
87952,1252,7856,2008,25,-75,91,12911,3,2,-3,0,37305,119,26,66,0,0,0,0,0,0,0,0,-32313,0,0,0,0,0,87927,0
87957,1232,7878,1998,24,-74,93,12910,1,-2,-2,0,37305,123,26,66,0,0,0,0,0,0,0,0,-32312,0,0,0,0,0,87932,0
87962,1284,7874,1994,27,-68,92,12911,1,-2,-2,0,37305,123,26,66,0,0,0,0,0,0,0,0,-32313,0,0,0,0,0,87938,0
87967,1258,7880,1978,22,-75,90,12912,7,2,-1,0,37308,122,26,66,0,0,0,0,0,0,0,0,-32312,0,0,0,0,0,87943,0
87972,1248,7866,1988,28,-62,81,12910,0,3,-1,0,37308,122,26,66,0,0,0,0,0,0,0,0,-32313,0,0,0,0,0,87948,0
87977,1238,7850,1958,22,-67,82,12910,0,-4,-1,0,37306,121,26,66,0,0,0,0,0,0,0,0,-32312,0,0,0,0,0,87954,0
87982,1210,7842,1942,22,-61,72,12910,-2,-4,-1,0,37306,121,26,66,0,0,0,0,0,0,0,0,-32313,0,0,0,0,0,87959,0
87987,1228,7864,1946,25,-58,77,12911,9,3,-3,0,37306,112,26,66,0,0,0,0,0,0,0,0,-32312,0,0,0,0,0,87964,0
87992,1188,7832,1924,26,-57,67,12910,-1,1,-2,0,37306,112,26,66,0,0,0,0,0,0,0,0,-32313,0,0,0,0,0,87970,0
87997,1202,7826,1958,28,-53,61,12911,1,0,-2,0,37303,110,26,66,0,0,0,0,0,0,0,0,-32313,0,0,0,0,0,87975,0
88002,1174,7784,1938,31,-52,59,12911,1,-3,-2,0,37303,110,26,66,0,0,0,0,0,0,0,0,-32313,0,0,0,0,0,87980,0
88007,1184,7790,1904,33,-48,51,12909,-6,2,-2,0,37300,118,26,66,0,0,0,0,0,0,0,0,-32312,0,0,0,0,0,87986,0
88012,1184,7802,1932,37,-43,40,12910,-4,-5,-2,0,37300,118,26,66,0,0,0,0,0,0,0,0,-32313,0,0,0,0,0,87991,0
88017,1202,7812,1932,43,-35,34,12911,5,-1,-2,0,37300,121,26,66,0,0,0,0,0,0,0,0,-32312,0,0,0,0,0,87996,0
88022,1198,7800,1942,43,-35,26,12910,1,6,-1,0,37300,121,26,66,0,0,0,0,0,0,0,0,-32312,0,0,0,0,0,88002,0
88027,1156,7816,1932,45,-28,19,12911,8,1,-1,0,37300,110,26,66,0,0,0,0,0,0,0,0,-32312,0,0,0,0,0,88007,0
88032,1138,7772,1934,50,-21,2,12910,-3,-1,-3,0,37300,110,26,66,0,0,0,0,0,0,0,0,-32312,0,0,0,0,0,88012,0
88037,1126,7780,1932,49,-18,-1,12909,-6,1,-3,0,37302,106,26,66,0,0,0,0,0,0,0,0,-32312,0,0,0,0,0,88018,0
88042,1148,7788,1934,45,-18,-11,12910,-3,-5,-3,0,37302,106,26,66,0,0,0,0,0,0,0,0,-32312,0,0,0,0,0,88023,0
88047,1124,7770,1952,46,-11,-14,12911,0,1,0,0,37306,109,26,66,0,0,0,0,0,0,0,0,-32312,0,0,0,0,0,88028,0
88052,1136,7708,1948,49,-4,-26,12911,5,0,-2,0,37306,109,26,66,0,0,0,0,0,0,0,0,-32313,0,0,0,0,0,88034,0
88057,1158,7676,1956,44,-9,-32,12910,3,2,-2,0,37306,116,26,66,0,0,0,0,0,0,0,0,-32312,0,0,0,0,0,88039,0
88062,1168,7650,1964,44,6,-37,12912,9,3,-1,0,37306,116,26,66,0,0,0,0,0,0,0,0,-32312,0,0,0,0,0,88044,0
88067,1176,7620,1960,42,10,-43,12911,0,-2,-4,0,37306,118,26,66,0,0,0,0,0,0,0,0,-32312,0,0,0,0,0,88050,0
88072,1194,7612,1974,40,14,-50,12912,0,-2,-3,0,37306,118,26,66,0,0,0,0,0,0,0,0,-32312,0,0,0,0,0,88055,0
88077,1202,7608,1966,36,20,-54,12910,1,-5,-2,0,37304,116,26,66,0,0,0,0,0,0,0,0,-32313,0,0,0,0,0,88060,0
88082,1218,7618,1972,31,24,-64,12911,-3,-6,-1,0,37304,116,26,66,0,0,0,0,0,0,0,0,-32313,0,0,0,0,0,88066,0
88087,1230,7620,1974,34,29,-59,12911,-1,-3,-3,0,37306,116,26,66,0,0,0,0,0,0,0,0,-32313,0,0,0,0,0,88071,0
88092,1234,7594,1976,38,30,-69,12910,-4,0,-3,0,37306,116,26,66,0,0,0,0,0,0,0,0,-32313,0,0,0,0,0,88076,0
88097,1230,7576,1964,28,37,-64,12909,-7,0,-2,0,37305,122,26,66,0,0,0,0,0,0,0,0,-32312,0,0,0,0,0,88082,0
88102,1212,7598,1978,25,31,-68,12910,-11,-4,-2,0,37305,122,26,66,0,0,0,0,0,0,0,0,-32312,0,0,0,0,0,88087,0
88107,1252,7646,1966,28,32,-66,12911,2,1,-3,0,37302,120,26,66,0,0,0,0,0,0,0,0,-32313,0,0,0,0,0,88092,0
88112,1274,7600,1990,26,31,-76,12910,0,5,-2,0,37302,120,26,66,0,0,0,0,0,0,0,0,-32313,0,0,0,0,0,88098,0
88117,1288,7596,1974,25,30,-74,12911,1,4,-2,0,37301,123,26,66,0,0,0,0,0,0,0,0,-32312,0,0,0,0,0,88103,0
88122,1260,7592,1974,19,32,-77,12911,-3,-4,-2,0,37301,123,26,66,0,0,0,0,0,0,0,0,-32312,0,0,0,0,0,88108,0
88127,1244,7622,1982,18,35,-75,12910,1,6,-1,0,37302,126,26,66,0,0,0,0,0,0,0,0,-32313,0,0,0,0,0,88114,0
88132,1300,7616,1984,17,29,-75,12910,-9,-4,-3,0,37302,126,26,66,0,0,0,0,0,0,0,0,-32312,0,0,0,0,0,88119,0
88137,1308,7624,1986,18,24,-75,12912,5,-2,-4,0,37303,123,26,66,0,0,0,0,0,0,0,0,-32313,0,0,0,0,0,88125,0
88142,1306,7646,1990,16,24,-78,12910,3,1,-3,0,37303,123,26,66,0,0,0,0,0,0,0,0,-32313,0,0,0,0,0,88130,0
88147,1310,7666,1984,21,22,-74,12911,3,5,-2,0,37302,121,25,66,0,0,0,0,0,0,0,0,-32312,0,0,0,0,0,88135,0
88152,1288,7684,1974,13,19,-75,12910,-1,-3,-4,0,37302,121,25,66,0,0,0,0,0,0,0,0,-32313,0,0,0,0,0,88140,0
88157,1256,7662,1956,9,15,-75,12910,-5,4,-2,0,37303,120,25,66,0,0,0,0,0,0,0,0,-32313,0,0,0,0,0,88146,0
88162,1310,7716,1972,12,13,-72,12911,0,-4,-1,0,37303,120,25,66,0,0,0,0,0,0,0,0,-32313,0,0,0,0,0,88151,0
88167,1266,7702,1978,6,7,-76,12910,5,2,-2,0,37305,115,26,66,0,0,0,0,0,0,0,0,-32314,0,0,0,0,0,88157,0
88172,1302,7720,1984,6,9,-75,12911,1,2,-2,0,37305,115,26,66,0,0,0,0,0,0,0,0,-32313,0,0,0,0,0,88162,0
88177,1326,7792,1962,-8,6,-83,12911,2,1,-3,0,37306,112,26,66,0,0,0,0,0,0,0,0,-32313,0,0,0,0,0,88167,0
88182,1336,7814,1962,-5,12,-83,12911,6,2,-2,0,37306,112,26,66,0,0,0,0,0,0,0,0,-32313,0,0,0,0,0,88173,0
88187,1328,7880,1940,-8,-1,-83,12911,0,2,-2,0,37300,115,26,66,0,0,0,0,0,0,0,0,-32312,0,0,0,0,0,88178,0
88192,1394,7914,1972,-8,8,-76,12910,0,-1,-2,0,37300,115,26,66,0,0,0,0,0,0,0,0,-32313,0,0,0,0,0,88184,0
88197,1408,7918,1936,-9,7,-79,12910,-2,1,-2,0,37299,115,26,66,0,0,0,0,0,0,0,0,-32313,0,0,0,0,0,88189,0
88202,1422,7936,1928,-8,10,-76,12909,-7,-1,-3,0,37299,115,26,66,0,0,0,0,0,0,0,0,-32313,0,0,0,0,0,88195,0
88207,1398,7964,1946,-13,14,-70,12910,-9,2,-2,0,37297,119,26,66,0,0,0,0,0,0,0,0,-32313,0,0,0,0,0,88200,0
88212,1462,7968,1916,-3,22,-61,12910,0,-1,-3,0,37297,119,26,66,0,0,0,0,0,0,0,0,-32312,0,0,0,0,0,88205,0
88217,1444,7966,1930,-3,23,-59,12910,0,4,-3,0,37298,114,26,66,0,0,0,0,0,0,0,0,-32313,0,0,0,0,0,88210,0
88222,1450,7984,1900,3,27,-46,12911,0,-1,-1,0,37298,114,26,66,0,0,0,0,0,0,0,0,-32313,0,0,0,0,0,88216,0
88227,1426,7968,1892,9,34,-46,12912,1,5,-1,0,37300,121,26,66,0,0,0,0,0,0,0,0,-32313,0,0,0,0,0,88221,0
88232,1444,7944,1890,17,39,-35,12911,2,4,-2,0,37300,121,26,66,0,0,0,0,0,0,0,0,-32312,0,0,0,0,0,88227,0
88237,1424,7936,1868,16,40,-27,12912,4,-1,-3,0,37304,124,26,66,0,0,0,0,0,0,0,0,-32313,0,0,0,0,0,88232,0
88242,1408,7932,1862,23,39,-23,12911,0,-2,-2,0,37304,124,26,66,0,0,0,0,0,0,0,0,-32312,0,0,0,0,0,88237,0
88247,1392,7926,1848,31,43,-17,12911,2,-1,-1,0,37307,126,26,66,0,0,0,0,0,0,0,0,-32312,0,0,0,0,0,88243,0
88252,1344,7902,1858,46,29,-17,12910,-1,5,-6,0,37307,126,26,66,0,0,0,0,0,0,0,0,-32313,0,0,0,0,0,88248,0
88257,1332,7854,1856,52,25,-9,12911,2,-2,-1,0,37309,112,26,66,0,0,0,0,0,0,0,0,-32312,0,0,0,0,0,88253,0
88262,1332,7872,1828,55,19,-4,12911,3,0,-1,0,37309,112,26,66,0,0,0,0,0,0,0,0,-32313,0,0,0,0,0,88259,0
88267,1314,7868,1834,65,22,-5,12910,0,-2,-2,0,37305,112,26,66,0,0,0,0,0,0,0,0,-32312,0,0,0,0,0,88264,0
88272,1262,7854,1872,79,12,3,12910,-1,3,0,0,37305,112,26,66,0,0,0,0,0,0,0,0,-32313,0,0,0,0,0,88269,0
88277,1270,7870,1894,88,-1,10,12910,0,2,-2,0,37304,114,26,66,0,0,0,0,0,0,0,0,-32313,0,0,0,0,0,88275,0
88282,1264,7804,1892,97,-5,7,12912,0,1,-2,0,37304,114,26,66,0,0,0,0,0,0,0,0,-32312,0,0,0,0,0,88280,0
88287,1250,7788,1898,103,-14,6,12911,0,1,-2,0,37302,125,26,66,0,0,0,0,0,0,0,0,-32313,0,0,0,0,0,88285,0
88292,1256,7748,1932,117,-32,4,12910,5,1,-1,0,37302,125,26,66,0,0,0,0,0,0,0,0,-32313,0,0,0,0,0,88291,0
88297,1260,7722,1960,129,-44,-1,12910,0,-2,-1,0,37302,129,26,66,0,0,0,0,0,0,0,0,-32312,0,0,0,0,0,88296,0
88302,1260,7736,1974,124,-42,7,12911,2,-5,-1,0,37302,129,26,66,0,0,0,0,0,0,0,0,-32313,0,0,0,0,0,88301,0
88307,1274,7702,1994,130,-59,1,12911,-1,1,-1,0,37301,122,26,66,0,0,0,0,0,0,0,0,-32313,0,0,0,0,0,88307,0
88312,1274,7668,2070,131,-76,4,12911,-3,0,-1,0,37301,122,26,66,0,0,0,0,0,0,0,0,-32312,0,0,0,0,0,88312,0
88317,1284,7626,2060,136,-82,6,12910,0,-3,0,0,37301,110,26,66,0,0,0,0,0,0,0,0,-32312,0,0,0,0,0,88317,0
88322,1254,7634,2068,131,-97,9,12911,-5,-3,-2,0,37301,110,26,66,0,0,0,0,0,0,0,0,-32312,0,0,0,0,0,88323,0
88327,1268,7630,2084,123,-102,5,12911,5,-1,-2,0,37303,105,26,66,0,0,0,0,0,0,0,0,-32312,0,0,0,0,0,88328,0
88332,1310,7614,2134,114,-119,-1,12909,-1,2,-2,0,37303,105,26,66,0,0,0,0,0,0,0,0,-32312,0,0,0,0,0,88333,0
88337,1308,7574,2132,111,-128,-5,12911,-1,-2,-3,0,37304,109,26,66,0,0,0,0,0,0,0,0,-32312,0,0,0,0,0,88339,0
88342,1284,7586,2118,104,-127,-10,12910,0,-2,-2,0,37304,109,26,66,0,0,0,0,0,0,0,0,-32312,0,0,0,0,0,88344,0
88347,1296,7584,2142,98,-139,-16,12909,-7,4,-2,0,37302,111,26,66,0,0,0,0,0,0,0,0,-32313,0,0,0,0,0,88349,0
88352,1284,7544,2164,83,-143,-26,12909,-5,-2,0,0,37302,111,26,66,0,0,0,0,0,0,0,0,-32313,0,0,0,0,0,88355,0
88357,1300,7516,2124,77,-155,-24,12910,-1,-3,-1,0,37301,112,26,66,0,0,0,0,0,0,0,0,-32312,0,0,0,0,0,88360,0
88362,1306,7542,2128,70,-160,-31,12911,9,5,-1,0,37301,112,26,66,0,0,0,0,0,0,0,0,-32312,0,0,0,0,0,88365,0
88367,1308,7544,2122,64,-164,-36,12911,1,6,-2,0,37300,113,26,66,0,0,0,0,0,0,0,0,-32313,0,0,0,0,0,88372,0
88372,1330,7602,2116,51,-173,-42,12910,0,3,-1,0,37300,113,26,66,0,0,0,0,0,0,0,0,-32312,0,0,0,0,0,88377,0
88377,1360,7632,2092,47,-182,-50,12910,-9,-1,0,0,37304,120,26,66,0,0,0,0,0,0,0,0,-32313,0,0,0,0,0,88383,0
88382,1378,7636,2072,40,-184,-49,12911,4,0,0,0,37304,120,26,66,0,0,0,0,0,0,0,0,-32313,0,0,0,0,0,88388,0
88387,1394,7626,2064,36,-188,-48,12911,6,3,-3,0,37304,118,26,66,0,0,0,0,0,0,0,0,-32313,0,0,0,0,0,88393,0
88392,1388,7622,2034,32,-203,-51,12910,-3,-2,-2,0,37304,118,26,66,0,0,0,0,0,0,0,0,-32313,0,0,0,0,0,88399,0
88397,1394,7608,2016,26,-206,-45,12910,-7,-3,-3,0,37302,114,26,66,0,0,0,0,0,0,0,0,-32313,0,0,0,0,0,88404,0
88402,1424,7588,2004,19,-215,-48,12910,1,0,-3,0,37302,114,26,66,0,0,0,0,0,0,0,0,-32313,0,0,0,0,0,88409,0
88407,1436,7604,1978,20,-222,-44,12911,6,3,-3,0,37301,114,26,66,0,0,0,0,0,0,0,0,-32312,0,0,0,0,0,88415,0
88412,1472,7672,1956,13,-230,-38,12910,3,3,-2,0,37301,114,26,66,0,0,0,0,0,0,0,0,-32313,0,0,0,0,0,88420,0
88417,1502,7696,1960,14,-226,-36,12910,0,2,-2,0,37300,118,26,66,0,0,0,0,0,0,0,0,-32313,0,0,0,0,0,88425,0
88422,1530,7778,1924,19,-227,-38,12910,-2,-2,-2,0,37300,118,26,66,0,0,0,0,0,0,0,0,-32313,0,0,0,0,0,88431,0
88427,1552,7802,1948,17,-227,-34,12911,2,-1,-1,0,37300,132,26,66,0,0,0,0,0,0,0,0,-32312,0,0,0,0,0,88436,0
88432,1574,7858,1916,18,-212,-29,12911,1,1,-1,0,37300,132,26,66,0,0,0,0,0,0,0,0,-32313,0,0,0,0,0,88441,0
88437,1570,7876,1898,18,-201,-26,12911,5,-1,-2,0,37298,126,26,66,0,0,0,0,0,0,0,0,-32312,0,0,0,0,0,88447,0
88442,1594,7868,1896,21,-197,-14,12911,2,1,-2,0,37298,126,26,66,0,0,0,0,0,0,0,0,-32312,0,0,0,0,0,88452,0
88447,1580,7870,1888,25,-190,-12,12910,-1,-1,-1,0,37297,127,26,66,0,0,0,0,0,0,0,0,-32312,0,0,0,0,0,88457,0
88452,1596,7938,1892,27,-173,-2,12911,0,1,-2,0,37297,127,26,66,0,0,0,0,0,0,0,0,-32313,0,0,0,0,0,88463,0
88457,1636,7904,1872,25,-157,5,12911,0,-2,0,0,37296,132,26,66,0,0,0,0,0,0,0,0,-32312,0,0,0,0,0,88468,0
88462,1648,7936,1864,27,-143,12,12910,5,1,-1,0,37296,132,26,66,0,0,0,0,0,0,0,0,-32312,0,0,0,0,0,88473,0
88467,1636,7964,1880,33,-138,16,12912,8,2,-2,0,37298,126,26,66,0,0,0,0,0,0,0,0,-32312,0,0,0,0,0,88479,0
88472,1646,7968,1828,39,-116,25,12910,-2,0,-2,0,37298,126,26,66,0,0,0,0,0,0,0,0,-32313,0,0,0,0,0,88484,0
88477,1622,7976,1830,41,-99,34,12911,1,1,-2,0,37297,119,26,66,0,0,0,0,0,0,0,0,-32313,0,0,0,0,0,88489,0
88482,1648,7954,1832,43,-92,44,12911,-3,-3,-2,0,37297,119,26,66,0,0,0,0,0,0,0,0,-32313,0,0,0,0,0,88495,0
88487,1620,7994,1832,48,-76,57,12912,4,-2,-4,0,37297,118,26,66,0,0,0,0,0,0,0,0,-32312,0,0,0,0,0,88500,0
88492,1590,7972,1858,57,-50,72,12911,5,-2,-2,0,37297,118,26,66,0,0,0,0,0,0,0,0,-32312,0,0,0,0,0,88506,0
88497,1600,7946,1842,55,-40,80,12912,1,-2,-2,0,37294,120,26,66,0,0,0,0,0,0,0,0,-32313,0,0,0,0,0,88511,0
88502,1568,7948,1862,63,-23,89,12910,-3,-5,-2,0,37294,120,26,66,0,0,0,0,0,0,0,0,-32313,0,0,0,0,0,88516,0
88507,1554,7978,1876,55,-17,97,12912,1,-3,-2,0,37294,125,26,66,0,0,0,0,0,0,0,0,-32312,0,0,0,0,0,88522,0
88512,1510,7978,1874,68,6,115,12911,4,-5,-2,0,37294,125,26,66,0,0,0,0,0,0,0,0,-32312,0,0,0,0,0,88527,0
88517,1496,7948,1894,70,13,117,12911,5,0,-2,0,37296,121,26,66,0,0,0,0,0,0,0,0,-32313,0,0,0,0,0,88532,0
88522,1478,7948,1874,68,19,119,12911,1,1,-3,0,37296,121,26,66,0,0,0,0,0,0,0,0,-32313,0,0,0,0,0,88538,0
88527,1440,7934,1880,70,22,120,12911,3,0,-3,0,37301,116,26,66,0,0,0,0,0,0,0,0,-32312,0,0,0,0,0,88544,0
88532,1456,7924,1892,77,23,135,12911,-1,0,-2,0,37301,116,26,66,0,0,0,0,0,0,0,0,-32312,0,0,0,0,0,88549,0
88537,1448,7954,1912,74,32,131,12911,1,-2,-1,0,37300,112,26,66,0,0,0,0,0,0,0,0,-32312,0,0,0,0,0,88555,0
88542,1428,7950,1920,77,38,136,12910,0,1,-2,0,37300,112,26,66,0,0,0,0,0,0,0,0,-32313,0,0,0,0,0,88560,0
88547,1438,7954,1908,75,42,134,12910,0,3,-1,0,37293,107,26,66,0,0,0,0,0,0,0,0,-32312,0,0,0,0,0,88566,0
88552,1376,8000,1932,84,47,139,12911,-1,1,-2,0,37293,107,26,66,0,0,0,0,0,0,0,0,-32313,0,0,0,0,0,88571,0
88557,1336,8018,1946,81,50,141,12911,-6,2,-1,0,37288,112,26,66,0,0,0,0,0,0,0,0,-32312,0,0,0,0,0,88577,0
88562,1330,8042,1960,82,51,148,12911,2,3,-1,0,37288,112,26,66,0,0,0,0,0,0,0,0,-32313,0,0,0,0,0,88582,0
88567,1294,8040,1970,85,54,148,12910,-1,3,0,0,37288,115,26,66,0,0,0,0,0,0,0,0,-32312,0,0,0,0,0,88587,0
88572,1256,8066,1954,90,50,149,12910,-2,-3,0,0,37288,115,26,66,0,0,0,0,0,0,0,0,-32313,0,0,0,0,0,88593,0
88577,1254,8064,1938,84,48,150,12911,-2,1,-1,0,37295,121,26,66,0,0,0,0,0,0,0,0,-32313,0,0,0,0,0,88598,0
88582,1226,8080,1974,92,43,140,12910,-3,4,-3,0,37295,121,26,66,0,0,0,0,0,0,0,0,-32313,0,0,0,0,0,88603,0
88587,1190,8072,1974,91,43,137,12911,-3,1,-1,0,37299,123,26,66,0,0,0,0,0,0,0,0,-32313,0,0,0,0,0,88609,0
88592,1158,8032,1970,94,27,133,12911,3,-1,0,0,37299,123,26,66,0,0,0,0,0,0,0,0,-32313,0,0,0,0,0,88614,0
88597,1120,8044,1948,97,15,126,12911,2,-1,-3,0,37300,134,26,66,0,0,0,0,0,0,0,0,-32313,0,0,0,0,0,88620,0
88602,1106,8024,1948,100,15,126,12911,-3,-2,-2,0,37300,134,26,66,0,0,0,0,0,0,0,0,-32312,0,0,0,0,0,88625,0
88607,1088,8000,1944,101,4,125,12909,-7,0,-1,0,37297,130,26,66,0,0,0,0,0,0,0,0,-32312,0,0,0,0,0,88630,0
88612,1088,7978,1968,109,-12,114,12911,0,-1,-3,0,37297,130,26,66,0,0,0,0,0,0,0,0,-32313,0,0,0,0,0,88635,0
88617,1064,7934,1970,112,-16,109,12912,7,2,-2,0,37297,129,26,66,0,0,0,0,0,0,0,0,-32312,0,0,0,0,0,88641,0
88622,1086,7914,1946,117,-20,100,12911,-2,2,-2,0,37297,129,26,66,0,0,0,0,0,0,0,0,-32313,0,0,0,0,0,88646,0
88627,1110,7916,1962,120,-28,95,12910,3,-1,-1,0,37297,125,26,66,0,0,0,0,0,0,0,0,-32312,0,0,0,0,0,88651,0
88632,1138,7862,1974,130,-24,83,12910,3,-3,-1,0,37297,125,26,66,0,0,0,0,0,0,0,0,-32312,0,0,0,0,0,88657,0
88637,1136,7848,1986,134,-28,80,12910,-4,-1,-3,0,37297,123,26,66,0,0,0,0,0,0,0,0,-32312,0,0,0,0,0,88662,0
88642,1154,7810,1984,135,-25,72,12911,0,2,-4,0,37297,123,26,66,0,0,0,0,0,0,0,0,-32312,0,0,0,0,0,88668,0
88647,1134,7794,1972,135,-30,66,12913,2,6,-2,0,37295,120,26,66,0,0,0,0,0,0,0,0,-32312,0,0,0,0,0,88673,0
88652,1176,7758,1988,143,-30,65,12910,-2,-3,-2,0,37295,120,26,66,0,0,0,0,0,0,0,0,-32312,0,0,0,0,0,88678,0
88657,1150,7754,1984,147,-36,61,12911,6,-4,-2,0,37294,109,26,66,0,0,0,0,0,0,0,0,-32312,0,0,0,0,0,88683,0
88662,1138,7740,1994,153,-34,64,12911,-1,0,-3,0,37294,109,26,66,0,0,0,0,0,0,0,0,-32312,0,0,0,0,0,88689,0
88667,1172,7718,1996,158,-31,61,12910,1,2,-2,0,37293,102,26,66,0,0,0,0,0,0,0,0,-32312,0,0,0,0,0,88694,0
88672,1124,7632,1996,161,-43,55,12911,3,0,0,0,37293,102,26,66,0,0,0,0,0,0,0,0,-32313,0,0,0,0,0,88700,0
88677,1154,7662,2008,160,-41,52,12911,0,0,-1,0,37304,113,26,66,0,0,0,0,0,0,0,0,-32313,0,0,0,0,0,88705,0
88682,1178,7632,2008,164,-54,44,12911,-1,2,-1,0,37304,113,26,66,0,0,0,0,0,0,0,0,-32312,0,0,0,0,0,88710,0
88687,1138,7620,2004,157,-56,45,12911,-1,0,-2,0,37304,122,26,66,0,0,0,0,0,0,0,0,-32312,0,0,0,0,0,88716,0
88692,1128,7600,2052,167,-65,34,12910,-3,-2,0,0,37304,122,26,66,0,0,0,0,0,0,0,0,-32312,0,0,0,0,0,88721,0
88697,1068,7624,2038,162,-59,33,12910,-4,-1,-2,0,37303,122,26,66,0,0,0,0,0,0,0,0,-32312,0,0,0,0,0,88726,0
88702,1072,7592,2044,162,-66,19,12911,1,2,-1,0,37303,122,26,66,0,0,0,0,0,0,0,0,-32312,0,0,0,0,0,88732,0
88707,1028,7572,2072,159,-69,10,12911,1,1,-2,0,37293,116,26,66,0,0,0,0,0,0,0,0,-32313,0,0,0,0,0,88737,0
88712,1018,7594,2056,148,-84,-6,12912,3,6,-3,0,37293,116,26,66,0,0,0,0,0,0,0,0,-32312,0,0,0,0,0,88742,0
88717,1000,7554,2056,145,-81,-16,12910,3,-3,-1,0,37294,122,26,66,0,0,0,0,0,0,0,0,-32313,0,0,0,0,0,88748,0
88722,1032,7538,2038,139,-90,-25,12911,1,1,0,0,37294,122,26,66,0,0,0,0,0,0,0,0,-32313,0,0,0,0,0,88753,0
88727,1044,7550,2036,140,-87,-45,12910,0,1,0,0,37295,127,26,66,0,0,0,0,0,0,0,0,-32313,0,0,0,0,0,88758,0
88732,1050,7550,2058,131,-96,-73,12910,-6,1,-1,0,37295,127,26,66,0,0,0,0,0,0,0,0,-32313,0,0,0,0,0,88764,0
88737,1038,7518,2030,125,-96,-90,12911,1,-1,-3,0,37293,129,26,66,0,0,0,0,0,0,0,0,-32313,0,0,0,0,0,88769,0
88742,1020,7550,2028,119,-103,-103,12911,0,1,-3,0,37293,129,26,66,0,0,0,0,0,0,0,0,-32313,0,0,0,0,0,88774,0
88747,1034,7540,2022,114,-101,-114,12911,1,-1,-2,0,37292,127,26,66,0,0,0,0,0,0,0,0,-32312,0,0,0,0,0,88780,0
88752,1050,7556,2028,106,-105,-135,12910,-1,-1,-2,0,37292,127,26,66,0,0,0,0,0,0,0,0,-32313,0,0,0,0,0,88785,0
88757,1046,7572,2028,101,-110,-145,12911,-1,3,-2,0,37292,119,26,66,0,0,0,0,0,0,0,0,-32312,0,0,0,0,0,88790,0
88762,1066,7622,2002,98,-109,-159,12910,2,-4,-2,0,37292,119,26,66,0,0,0,0,0,0,0,0,-32312,0,0,0,0,0,88796,0
88767,1080,7666,1996,90,-110,-166,12911,-3,2,-1,0,37290,112,26,66,0,0,0,0,0,0,0,0,-32313,0,0,0,0,0,88801,0
88772,1100,7718,1976,88,-108,-185,12911,2,1,0,0,37290,112,26,66,0,0,0,0,0,0,0,0,-32312,0,0,0,0,0,88807,0
88777,1128,7728,1998,81,-105,-184,12910,-4,-1,0,0,37297,109,26,66,0,0,0,0,0,0,0,0,-32313,0,0,0,0,0,88812,0
88782,1144,7736,1984,76,-107,-195,12911,-3,1,-2,0,37297,109,26,66,0,0,0,0,0,0,0,0,-32312,0,0,0,0,0,88817,0
88787,1160,7750,1970,72,-110,-194,12910,-1,-2,-2,0,37300,123,26,66,0,0,0,0,0,0,0,0,-32312,0,0,0,0,0,88823,0
88792,1168,7758,1960,75,-111,-202,12910,3,-3,-2,0,37300,123,26,66,0,0,0,0,0,0,0,0,-32313,0,0,0,0,0,88828,0
88797,1188,7786,1940,75,-112,-211,12911,1,-1,-1,0,37302,130,26,66,0,0,0,0,0,0,0,0,-32313,0,0,0,0,0,88833,0
88802,1170,7786,1922,71,-111,-213,12911,0,3,-2,0,37302,130,26,66,0,0,0,0,0,0,0,0,-32312,0,0,0,0,0,88838,0
88807,1174,7742,1928,75,-116,-213,12911,0,4,-1,0,37299,125,26,66,0,0,0,0,0,0,0,0,-32312,0,0,0,0,0,88844,0
88812,1220,7770,1928,68,-114,-226,12911,10,0,-1,0,37299,125,26,66,0,0,0,0,0,0,0,0,-32313,0,0,0,0,0,88849,0
88817,1236,7790,1950,68,-117,-229,12911,3,-1,-1,0,37297,113,26,66,0,0,0,0,0,0,0,0,-32313,0,0,0,0,0,88855,0
88822,1250,7774,1964,74,-109,-229,12911,-4,1,0,0,37297,113,26,66,0,0,0,0,0,0,0,0,-32313,0,0,0,0,0,88860,0
88827,1268,7818,1946,67,-112,-232,12910,-2,3,0,0,37298,103,26,66,0,0,0,0,0,0,0,0,-32312,0,0,0,0,0,88865,0
88832,1300,7820,1964,65,-104,-237,12912,9,0,0,0,37298,103,26,66,0,0,0,0,0,0,0,0,-32312,0,0,0,0,0,88870,0
88837,1308,7808,1972,68,-99,-237,12910,0,-1,0,0,37304,106,26,66,0,0,0,0,0,0,0,0,-32313,0,0,0,0,0,88876,0
88842,1334,7824,1974,62,-97,-241,12910,-1,-2,0,0,37304,106,26,66,0,0,0,0,0,0,0,0,-32312,0,0,0,0,0,88881,0
88847,1344,7844,1990,64,-89,-238,12912,7,3,0,0,37308,114,26,66,0,0,0,0,0,0,0,0,-32312,0,0,0,0,0,88887,0
88852,1356,7916,1980,62,-74,-238,12911,3,0,-2,0,37308,114,26,66,0,0,0,0,0,0,0,0,-32313,0,0,0,0,0,88892,0
88857,1322,7860,1966,63,-71,-238,12911,4,1,0,0,37306,116,26,66,0,0,0,0,0,0,0,0,-32313,0,0,0,0,0,88897,0
88862,1332,7884,1970,52,-69,-233,12911,0,0,-2,0,37306,116,26,66,0,0,0,0,0,0,0,0,-32312,0,0,0,0,0,88903,0
88867,1346,7866,1960,58,-65,-229,12911,4,7,0,0,37301,118,26,66,0,0,0,0,0,0,0,0,-32312,0,0,0,0,0,88908,0
88872,1376,7902,1996,53,-61,-228,12910,3,-4,0,0,37301,118,26,66,0,0,0,0,0,0,0,0,-32313,0,0,0,0,0,88913,0
88877,1376,7898,1974,54,-49,-217,12910,-2,-3,0,0,37295,114,26,66,0,0,0,0,0,0,0,0,-32312,0,0,0,0,0,88919,0
88882,1404,7906,1980,47,-49,-217,12911,3,0,-1,0,37295,114,26,66,0,0,0,0,0,0,0,0,-32313,0,0,0,0,0,88924,0
88887,1430,7900,1978,48,-44,-211,12911,2,-2,-3,0,37303,117,26,66,0,0,0,0,0,0,0,0,-32312,0,0,0,0,0,88929,0
88892,1424,7918,1994,37,-46,-207,12910,3,-1,-2,0,37303,117,26,66,0,0,0,0,0,0,0,0,-32312,0,0,0,0,0,88935,0
88897,1430,7908,1988,36,-44,-198,12911,0,-3,-1,0,37303,122,26,66,0,0,0,0,0,0,0,0,-32312,0,0,0,0,0,88940,0
88902,1416,7944,1994,31,-41,-194,12911,2,3,0,0,37303,122,26,66,0,0,0,0,0,0,0,0,-32312,0,0,0,0,0,88945,0
88907,1416,7956,2004,32,-38,-187,12912,8,0,-2,0,37301,120,26,66,0,0,0,0,0,0,0,0,-32313,0,0,0,0,0,88951,0
88912,1400,7962,2010,25,-38,-175,12911,2,-2,-2,0,37301,120,26,66,0,0,0,0,0,0,0,0,-32312,0,0,0,0,0,88956,0
88917,1466,8002,2010,24,-34,-170,12911,-2,-2,-2,0,37293,114,26,66,0,0,0,0,0,0,0,0,-32312,0,0,0,0,0,88961,0
88922,1418,7960,2002,21,-32,-166,12910,-6,-2,-2,0,37293,114,26,66,0,0,0,0,0,0,0,0,-32313,0,0,0,0,0,88967,0
88927,1408,8014,2026,20,-41,-158,12911,3,-1,-3,0,37293,115,26,66,0,0,0,0,0,0,0,0,-32312,0,0,0,0,0,88972,0
88932,1366,7984,2026,10,-37,-151,12912,6,1,-2,0,37293,115,26,66,0,0,0,0,0,0,0,0,-32313,0,0,0,0,0,88977,0
88937,1386,7918,2020,11,-44,-143,12911,-1,2,-2,0,37296,124,26,66,0,0,0,0,0,0,0,0,-32313,0,0,0,0,0,88983,0
88942,1354,7884,2046,10,-47,-138,12911,-3,-2,-1,0,37296,124,26,66,0,0,0,0,0,0,0,0,-32312,0,0,0,0,0,88988,0
88947,1362,7828,2024,6,-57,-131,12911,1,-4,-1,0,37296,125,26,66,0,0,0,0,0,0,0,0,-32313,0,0,0,0,0,88993,0
88952,1318,7786,2038,3,-69,-126,12911,4,0,-1,0,37296,125,26,66,0,0,0,0,0,0,0,0,-32312,0,0,0,0,0,88999,0
88957,1304,7790,2036,-8,-75,-126,12911,0,-5,-3,0,37294,119,26,66,0,0,0,0,0,0,0,0,-32312,0,0,0,0,0,89004,0
88962,1286,7766,2036,-12,-85,-125,12911,0,1,-2,0,37294,119,26,66,0,0,0,0,0,0,0,0,-32313,0,0,0,0,0,89009,0
88967,1262,7766,2044,-8,-88,-127,12910,-4,-3,-2,0,37293,112,26,66,0,0,0,0,0,0,0,0,-32312,0,0,0,0,0,89015,0
88972,1216,7726,2034,-17,-105,-122,12912,-1,-2,-1,0,37293,112,26,66,0,0,0,0,0,0,0,0,-32313,0,0,0,0,0,89020,0
88977,1218,7742,2022,-23,-107,-115,12910,-8,-3,-2,0,37295,116,26,66,0,0,0,0,0,0,0,0,-32312,0,0,0,0,0,89025,0
88982,1220,7760,2026,-23,-120,-119,12910,-2,2,-1,0,37295,116,26,66,0,0,0,0,0,0,0,0,-32313,0,0,0,0,0,89031,0
88987,1184,7788,2036,-23,-124,-117,12910,-5,-4,-2,0,37294,121,26,66,0,0,0,0,0,0,0,0,-32312,0,0,0,0,0,89036,0
88992,1208,7750,2038,-30,-140,-119,12911,6,3,0,0,37294,121,26,66,0,0,0,0,0,0,0,0,-32312,0,0,0,0,0,89041,0
88997,1188,7726,2016,-28,-149,-123,12910,-2,5,-2,0,37294,120,26,66,0,0,0,0,0,0,0,0,-32312,0,0,0,0,0,89047,0
89002,1200,7728,2008,-34,-157,-123,12912,6,1,-2,0,37294,120,26,66,0,0,0,0,0,0,0,0,-32313,0,0,0,0,0,89052,0
89007,1198,7710,2018,-32,-172,-116,12911,3,-1,-2,0,37293,121,26,66,0,0,0,0,0,0,0,0,-32312,0,0,0,0,0,89057,0
89012,1206,7760,1998,-31,-194,-120,12911,-1,3,-3,0,37293,121,26,66,0,0,0,0,0,0,0,0,-32313,0,0,0,0,0,89063,0
89017,1224,7732,1990,-34,-205,-116,12911,0,-5,-2,0,37295,119,26,66,0,0,0,0,0,0,0,0,-32313,0,0,0,0,0,89068,0
89022,1218,7738,2012,-29,-214,-115,12911,4,-1,-1,0,37295,119,26,66,0,0,0,0,0,0,0,0,-32312,0,0,0,0,0,89074,0
89027,1228,7752,1984,-30,-227,-114,12910,0,0,-1,0,37294,115,26,66,0,0,0,0,0,0,0,0,-32312,0,0,0,0,0,89079,0
89032,1198,7742,1984,-32,-239,-109,12909,-2,-1,-1,0,37294,115,26,66,0,0,0,0,0,0,0,0,-32313,0,0,0,0,0,89084,0
89037,1188,7766,1970,-31,-257,-108,12911,3,0,-1,0,37294,117,26,66,0,0,0,0,0,0,0,0,-32313,0,0,0,0,0,89089,0
89042,1206,7798,1980,-36,-266,-107,12911,2,-1,-1,0,37294,117,26,66,0,0,0,0,0,0,0,0,-32312,0,0,0,0,0,89095,0
89047,1168,7780,1940,-36,-269,-105,12910,-8,5,-1,0,37293,115,26,66,0,0,0,0,0,0,0,0,-32312,0,0,0,0,0,89100,0
89052,1160,7718,1954,-37,-282,-95,12912,0,-4,-2,0,37293,115,26,66,0,0,0,0,0,0,0,0,-32312,0,0,0,0,0,89106,0
89057,1128,7700,1942,-40,-288,-95,12910,-1,-2,-2,0,37295,117,26,66,0,0,0,0,0,0,0,0,-32312,0,0,0,0,0,89111,0
89062,1148,7694,1924,-36,-291,-92,12911,2,-1,-3,0,37295,117,26,66,0,0,0,0,0,0,0,0,-32313,0,0,0,0,0,89116,0
89067,1126,7664,1944,-43,-289,-93,12912,0,-4,-1,0,37298,117,26,66,0,0,0,0,0,0,0,0,-32313,0,0,0,0,0,89122,0
89072,1158,7660,1926,-50,-294,-94,12911,0,1,-2,0,37298,117,26,66,0,0,0,0,0,0,0,0,-32313,0,0,0,0,0,89127,0
89077,1164,7666,1950,-46,-287,-94,12911,5,2,-2,0,37301,123,26,66,0,0,0,0,0,0,0,0,-32313,0,0,0,0,0,89132,0
89082,1160,7644,1910,-44,-287,-98,12910,-1,-1,-1,0,37301,123,26,66,0,0,0,0,0,0,0,0,-32312,0,0,0,0,0,89138,0
89087,1158,7648,1924,-44,-290,-101,12911,3,1,0,0,37300,115,26,66,0,0,0,0,0,0,0,0,-32312,0,0,0,0,0,89143,0
89092,1134,7604,1912,-49,-287,-99,12910,0,-2,0,0,37300,115,26,66,0,0,0,0,0,0,0,0,-32313,0,0,0,0,0,89148,0
89097,1152,7558,1900,-52,-287,-102,12910,-3,-1,-4,0,37302,115,26,66,0,0,0,0,0,0,0,0,-32313,0,0,0,0,0,89154,0
89102,1162,7574,1886,-54,-286,-98,12910,-3,-1,-2,0,37302,115,26,66,0,0,0,0,0,0,0,0,-32312,0,0,0,0,0,89159,0
89107,1152,7518,1882,-48,-291,-95,12909,-6,3,-1,0,37296,111,26,66,0,0,0,0,0,0,0,0,-32312,0,0,0,0,0,89164,0
89112,1210,7502,1856,-51,-285,-89,12910,3,1,-1,0,37296,111,26,66,0,0,0,0,0,0,0,0,-32313,0,0,0,0,0,89170,0
89117,1216,7504,1866,-47,-282,-82,12911,-1,-1,-1,0,37296,114,26,66,0,0,0,0,0,0,0,0,-32313,0,0,0,0,0,89175,0
89122,1254,7494,1854,-37,-277,-79,12911,0,3,-2,0,37296,114,26,66,0,0,0,0,0,0,0,0,-32313,0,0,0,0,0,89180,0
89127,1224,7420,1864,-39,-273,-70,12911,-2,1,-1,0,37294,129,26,66,0,0,0,0,0,0,0,0,-32313,0,0,0,0,0,89186,0
89132,1234,7358,1842,-31,-258,-58,12910,0,0,0,0,37294,129,26,66,0,0,0,0,0,0,0,0,-32313,0,0,0,0,0,89191,0
89137,1268,7364,1838,-23,-263,-50,12911,0,-2,-3,0,37295,120,26,66,0,0,0,0,0,0,0,0,-32313,0,0,0,0,0,89196,0
89142,1278,7390,1832,-20,-256,-43,12911,-1,-1,-2,0,37295,120,26,66,0,0,0,0,0,0,0,0,-32312,0,0,0,0,0,89202,0
89147,1224,7394,1842,-13,-245,-43,12910,-1,4,-1,0,37296,118,26,66,0,0,0,0,0,0,0,0,-32312,0,0,0,0,0,89207,0
89152,1254,7412,1826,-6,-237,-31,12910,-11,-2,-2,0,37296,118,26,66,0,0,0,0,0,0,0,0,-32312,0,0,0,0,0,89212,0
89157,1254,7410,1830,4,-226,-34,12910,-1,-2,-2,0,37297,114,26,66,0,0,0,0,0,0,0,0,-32313,0,0,0,0,0,89218,0
89162,1224,7460,1842,5,-226,-33,12912,-1,0,-1,0,37297,114,26,66,0,0,0,0,0,0,0,0,-32313,0,0,0,0,0,89223,0
89167,1238,7476,1866,7,-226,-31,12911,0,-1,-2,0,37297,116,26,66,0,0,0,0,0,0,0,0,-32312,0,0,0,0,0,89228,0
89172,1230,7506,1836,13,-218,-36,12910,-3,2,-2,0,37297,116,26,66,0,0,0,0,0,0,0,0,-32313,0,0,0,0,0,89234,0
89177,1236,7484,1850,8,-209,-35,12910,2,-1,-2,0,37299,120,26,66,0,0,0,0,0,0,0,0,-32312,0,0,0,0,0,89239,0
89182,1240,7488,1846,15,-204,-34,12911,0,-2,-1,0,37299,120,26,66,0,0,0,0,0,0,0,0,-32313,0,0,0,0,0,89245,0
89187,1240,7528,1822,14,-204,-32,12911,-5,3,-3,0,37300,117,26,66,0,0,0,0,0,0,0,0,-32312,0,0,0,0,0,89250,0
89192,1302,7618,1812,14,-204,-38,12911,-1,0,-5,0,37300,117,26,66,0,0,0,0,0,0,0,0,-32313,0,0,0,0,0,89255,0
89197,1296,7648,1822,13,-197,-37,12910,-3,-1,-3,0,37307,126,26,66,0,0,0,0,0,0,0,0,-32312,0,0,0,0,0,89261,0
89202,1330,7674,1816,20,-196,-35,12911,-1,-1,-2,0,37307,126,26,66,0,0,0,0,0,0,0,0,-32313,0,0,0,0,0,89266,0
89207,1364,7706,1778,15,-185,-36,12911,1,1,-2,0,37303,123,26,66,0,0,0,0,0,0,0,0,-32313,0,0,0,0,0,89271,0
89212,1378,7744,1782,21,-175,-36,12913,12,2,-3,0,37303,123,26,66,0,0,0,0,0,0,0,0,-32312,0,0,0,0,0,89276,0
89217,1346,7786,1784,29,-185,-35,12910,-1,0,-2,0,37303,115,26,66,0,0,0,0,0,0,0,0,-32313,0,0,0,0,0,89282,0
89222,1368,7828,1782,22,-178,-25,12910,-6,-2,-2,0,37303,115,26,66,0,0,0,0,0,0,0,0,-32313,0,0,0,0,0,89287,0
89227,1408,7872,1784,32,-179,-27,12910,-5,-3,-2,0,37297,109,26,66,0,0,0,0,0,0,0,0,-32312,0,0,0,0,0,89293,0
89232,1426,7956,1774,42,-176,-18,12910,-8,0,-3,0,37297,109,26,66,0,0,0,0,0,0,0,0,-32312,0,0,0,0,0,89298,0
89237,1456,8014,1744,51,-177,-13,12911,-1,-1,-3,0,37301,113,26,66,0,0,0,0,0,0,0,0,-32313,0,0,0,0,0,89303,0
89242,1444,8018,1756,55,-179,-8,12910,-1,0,-3,0,37301,113,26,66,0,0,0,0,0,0,0,0,-32312,0,0,0,0,0,89309,0
89247,1446,8020,1764,58,-184,3,12910,-3,3,-2,0,37300,118,26,66,0,0,0,0,0,0,0,0,-32312,0,0,0,0,0,89314,0
89252,1456,7970,1724,72,-183,17,12911,1,2,-2,0,37300,118,26,66,0,0,0,0,0,0,0,0,-32313,0,0,0,0,0,89319,0
89257,1454,7974,1724,78,-190,27,12911,-2,2,-1,0,37300,122,26,66,0,0,0,0,0,0,0,0,-32312,0,0,0,0,0,89325,0
89262,1506,7962,1738,85,-189,35,12909,-7,3,-1,0,37300,122,26,66,0,0,0,0,0,0,0,0,-32313,0,0,0,0,0,89330,0
89267,1494,7932,1722,93,-188,39,12910,-10,-4,-3,0,37299,117,26,66,0,0,0,0,0,0,0,0,-32312,0,0,0,0,0,89335,0
89272,1524,7928,1704,107,-184,54,12910,-1,0,-1,0,37299,117,26,66,0,0,0,0,0,0,0,0,-32312,0,0,0,0,0,89341,0
89277,1498,7928,1716,116,-186,63,12911,0,1,-2,0,37301,115,26,66,0,0,0,0,0,0,0,0,-32313,0,0,0,0,0,89346,0
89282,1496,7928,1720,129,-177,69,12910,0,1,-1,0,37301,115,26,66,0,0,0,0,0,0,0,0,-32312,0,0,0,0,0,89351,0
89287,1492,7990,1744,132,-168,75,12911,8,1,-2,0,37301,116,26,66,0,0,0,0,0,0,0,0,-32312,0,0,0,0,0,89357,0
89292,1464,8002,1764,149,-158,93,12910,0,3,-2,0,37301,116,26,66,0,0,0,0,0,0,0,0,-32312,0,0,0,0,0,89362,0
89297,1494,8044,1760,161,-147,103,12912,0,0,-1,0,37299,119,26,66,0,0,0,0,0,0,0,0,-32312,0,0,0,0,0,89367,0
89302,1502,8056,1796,164,-138,105,12911,7,1,-1,0,37299,119,26,66,0,0,0,0,0,0,0,0,-32312,0,0,0,0,0,89373,0
89307,1470,8058,1796,170,-122,113,12912,3,-2,-1,0,37301,119,26,66,0,0,0,0,0,0,0,0,-32312,0,0,0,0,0,89378,0
89312,1444,7988,1798,189,-102,122,12912,4,-4,-2,0,37301,119,26,66,0,0,0,0,0,0,0,0,-32313,0,0,0,0,0,89383,0
89317,1418,7984,1810,184,-98,124,12910,0,1,0,0,37303,118,26,66,0,0,0,0,0,0,0,0,-32312,0,0,0,0,0,89389,0
89322,1446,7990,1830,193,-82,138,12910,-6,1,-1,0,37303,118,26,66,0,0,0,0,0,0,0,0,-32312,0,0,0,0,0,89394,0
89327,1450,8008,1866,190,-77,136,12911,2,-5,-1,0,37306,117,26,66,0,0,0,0,0,0,0,0,-32312,0,0,0,0,0,89399,0
89332,1442,8004,1902,199,-56,152,12910,-8,3,-1,0,37306,117,26,66,0,0,0,0,0,0,0,0,-32312,0,0,0,0,0,89405,0
89337,1426,8022,1888,197,-48,157,12910,-2,0,-2,0,37304,113,26,66,0,0,0,0,0,0,0,0,-32312,0,0,0,0,0,89410,0
89342,1416,8034,1910,198,-37,157,12910,-6,-3,-2,0,37304,113,26,66,0,0,0,0,0,0,0,0,-32312,0,0,0,0,0,89415,0
89347,1402,7994,1908,200,-29,162,12912,6,1,-3,0,37305,116,26,66,0,0,0,0,0,0,0,0,-32313,0,0,0,0,0,89421,0
89352,1336,7968,1944,196,-8,180,12912,10,4,-3,0,37305,116,26,66,0,0,0,0,0,0,0,0,-32312,0,0,0,0,0,89426,0
89357,1362,7966,1944,199,-7,184,12911,5,5,-2,0,37304,112,26,66,0,0,0,0,0,0,0,0,-32313,0,0,0,0,0,89431,0
89362,1314,7942,1976,200,-4,187,12911,1,-3,-1,0,37304,112,26,66,0,0,0,0,0,0,0,0,-32312,0,0,0,0,0,89437,0
89367,1306,7946,1978,199,14,195,12911,-3,-2,-1,0,37302,114,26,66,0,0,0,0,0,0,0,0,-32313,0,0,0,0,0,89443,0
89372,1300,7894,1998,198,39,190,12911,5,-4,-1,0,37302,114,26,66,0,0,0,0,0,0,0,0,-32313,0,0,0,0,0,89448,0
89377,1262,7896,1998,197,47,190,12912,5,-2,-3,0,37299,110,26,66,0,0,0,0,0,0,0,0,-32312,0,0,0,0,0,89454,0
89382,1238,7828,1988,198,57,188,12910,-6,-1,-2,0,37299,110,26,66,0,0,0,0,0,0,0,0,-32312,0,0,0,0,0,89459,0
89387,1214,7784,1988,197,64,183,12910,-3,-1,-3,0,37298,114,26,66,0,0,0,0,0,0,0,0,-32312,0,0,0,0,0,89464,0
89392,1168,7682,2008,184,80,180,12910,-4,-2,-3,0,37298,114,26,66,0,0,0,0,0,0,0,0,-32312,0,0,0,0,0,89470,0
89397,1164,7652,2006,192,86,178,12911,2,2,-1,0,37297,111,26,66,0,0,0,0,0,0,0,0,-32313,0,0,0,0,0,89475,0
89402,1136,7648,1998,179,92,171,12911,1,-1,2,0,37297,111,26,66,0,0,0,0,0,0,0,0,-32313,0,0,0,0,0,89481,0
89407,1148,7638,2010,182,96,166,12910,0,5,-1,0,37301,109,26,66,0,0,0,0,0,0,0,0,-32312,0,0,0,0,0,89486,0
89412,1130,7600,2018,168,106,151,12910,0,1,-1,0,37301,109,26,66,0,0,0,0,0,0,0,0,-32313,0,0,0,0,0,89491,0
89417,1114,7604,2036,166,109,144,12910,-6,0,-3,0,37300,119,26,66,0,0,0,0,0,0,0,0,-32313,0,0,0,0,0,89497,0
89422,1074,7604,2002,167,110,132,12911,0,1,-2,0,37300,119,26,66,0,0,0,0,0,0,0,0,-32312,0,0,0,0,0,89502,0
89427,1084,7576,2002,161,115,126,12911,3,1,-1,0,37301,125,26,66,0,0,0,0,0,0,0,0,-32312,0,0,0,0,0,89507,0
89432,1018,7546,1968,153,111,119,12910,0,2,-1,0,37301,125,26,66,0,0,0,0,0,0,0,0,-32313,0,0,0,0,0,89513,0
89437,1026,7526,2002,154,108,116,12911,2,-2,-1,0,37297,129,26,66,0,0,0,0,0,0,0,0,-32312,0,0,0,0,0,89518,0
89442,1050,7510,2012,145,106,112,12910,2,2,-2,0,37297,129,26,66,0,0,0,0,0,0,0,0,-32312,0,0,0,0,0,89523,0
89447,1074,7496,1988,151,103,104,12910,-2,1,-2,0,37297,130,26,66,0,0,0,0,0,0,0,0,-32313,0,0,0,0,0,89529,0
89452,1096,7472,1986,144,98,95,12911,0,0,-2,0,37297,130,26,66,0,0,0,0,0,0,0,0,-32312,0,0,0,0,0,89534,0
89457,1120,7492,1990,150,100,90,12910,-4,4,-2,0,37299,125,26,66,0,0,0,0,0,0,0,0,-32313,0,0,0,0,0,89539,0
89462,1110,7430,2002,152,101,86,12912,6,1,-1,0,37299,125,26,66,0,0,0,0,0,0,0,0,-32312,0,0,0,0,0,89545,0
89467,1088,7422,2004,150,99,83,12911,5,-1,-1,0,37297,123,26,66,0,0,0,0,0,0,0,0,-32313,0,0,0,0,0,89550,0
89472,1104,7414,2018,147,92,83,12912,5,1,-1,0,37297,123,26,66,0,0,0,0,0,0,0,0,-32313,0,0,0,0,0,89556,0
89477,1096,7400,2020,144,91,86,12910,3,0,-1,0,37296,112,26,66,0,0,0,0,0,0,0,0,-32313,0,0,0,0,0,89561,0
89482,1102,7396,2024,145,88,87,12912,6,5,0,0,37296,112,26,66,0,0,0,0,0,0,0,0,-32313,0,0,0,0,0,89566,0
89487,1100,7418,2018,143,78,83,12911,2,-3,-2,0,37297,116,26,66,0,0,0,0,0,0,0,0,-32312,0,0,0,0,0,89572,0
89492,1080,7444,2066,143,65,79,12911,3,-2,0,0,37297,116,26,66,0,0,0,0,0,0,0,0,-32312,0,0,0,0,0,89577,0
89497,1086,7484,2060,137,59,78,12912,4,-4,-1,0,37299,121,26,66,0,0,0,0,0,0,0,0,-32312,0,0,0,0,0,89582,0
89502,1072,7530,2084,135,56,69,12912,7,-2,-2,0,37299,121,26,66,0,0,0,0,0,0,0,0,-32313,0,0,0,0,0,89588,0
89507,1090,7570,2106,135,47,62,12911,1,0,-3,0,37302,123,26,66,0,0,0,0,0,0,0,0,-32313,0,0,0,0,0,89593,0
89512,1068,7650,2118,123,26,63,12910,-6,-6,-1,0,37302,123,26,66,0,0,0,0,0,0,0,0,-32312,0,0,0,0,0,89598,0
89517,1082,7686,2118,119,16,62,12911,2,-3,-1,0,37300,117,26,66,0,0,0,0,0,0,0,0,-32312,0,0,0,0,0,89604,0
89522,1080,7728,2130,118,6,55,12911,-2,0,-2,0,37300,117,26,66,0,0,0,0,0,0,0,0,-32313,0,0,0,0,0,89609,0
89527,1112,7728,2122,115,-7,60,12911,2,0,-2,0,37300,115,26,66,0,0,0,0,0,0,0,0,-32313,0,0,0,0,0,89614,0
89532,1124,7784,2146,101,-32,65,12910,-2,1,-1,0,37300,115,26,66,0,0,0,0,0,0,0,0,-32312,0,0,0,0,0,89620,0
89537,1154,7782,2134,95,-50,67,12912,9,1,-2,0,37297,114,26,66,0,0,0,0,0,0,0,0,-32313,0,0,0,0,0,89625,0
89542,1188,7790,2124,89,-61,60,12910,-3,-2,-3,0,37297,114,26,66,0,0,0,0,0,0,0,0,-32312,0,0,0,0,0,89631,0
89547,1192,7800,2114,86,-72,68,12910,-5,2,-3,0,37296,109,26,66,0,0,0,0,0,0,0,0,-32313,0,0,0,0,0,89636,0
89552,1224,7812,2118,71,-104,75,12910,-6,0,-2,0,37296,109,26,66,0,0,0,0,0,0,0,0,-32312,0,0,0,0,0,89642,0
89557,1244,7814,2138,68,-111,75,12909,-9,1,0,0,37293,100,26,66,0,0,0,0,0,0,0,0,-32313,0,0,0,0,0,89647,0
89562,1250,7856,2150,63,-124,81,12911,2,-2,-1,0,37293,100,26,66,0,0,0,0,0,0,0,0,-32312,0,0,0,0,0,89653,0
89567,1312,7896,2134,50,-134,88,12910,-1,4,-2,0,37293,105,26,66,0,0,0,0,0,0,0,0,-32312,0,0,0,0,0,89658,0
89572,1350,7900,2128,46,-148,94,12911,0,0,-1,0,37293,105,26,66,0,0,0,0,0,0,0,0,-32312,0,0,0,0,0,89663,0
89577,1366,7886,2108,38,-149,104,12911,-2,2,-1,0,37294,114,26,66,0,0,0,0,0,0,0,0,-32313,0,0,0,0,0,89669,0
89582,1338,7888,2104,32,-161,103,12911,0,0,-1,0,37294,114,26,66,0,0,0,0,0,0,0,0,-32312,0,0,0,0,0,89674,0
89587,1364,7866,2082,34,-177,104,12913,6,-1,-2,0,37298,118,26,66,0,0,0,0,0,0,0,0,-32312,0,0,0,0,0,89679,0
89592,1344,7864,2070,20,-191,122,12910,3,0,-3,0,37298,118,26,66,0,0,0,0,0,0,0,0,-32313,0,0,0,0,0,89685,0
89597,1354,7870,2062,21,-195,124,12912,1,2,-3,0,37301,124,26,66,0,0,0,0,0,0,0,0,-32312,0,0,0,0,0,89690,0
89602,1412,7904,2056,17,-212,129,12911,-1,-5,-3,0,37301,124,26,66,0,0,0,0,0,0,0,0,-32312,0,0,0,0,0,89695,0
89607,1390,7906,2040,13,-225,136,12911,1,0,0,0,37308,130,26,66,0,0,0,0,0,0,0,0,-32313,0,0,0,0,0,89701,0
89612,1392,7900,2008,18,-245,146,12913,3,-3,-1,0,37308,130,26,66,0,0,0,0,0,0,0,0,-32313,0,0,0,0,0,89706,0
89617,1378,7882,1996,19,-255,151,12910,-7,-3,-2,0,37309,121,26,66,0,0,0,0,0,0,0,0,-32313,0,0,0,0,0,89711,0
89622,1396,7896,1970,21,-264,151,12910,-5,-1,0,0,37309,121,26,66,0,0,0,0,0,0,0,0,-32312,0,0,0,0,0,89717,0
89627,1384,7870,2000,22,-274,163,12911,1,-3,-2,0,37306,115,26,66,0,0,0,0,0,0,0,0,-32312,0,0,0,0,0,89722,0
89632,1420,7898,1966,26,-294,176,12911,1,-2,-2,0,37306,115,26,66,0,0,0,0,0,0,0,0,-32312,0,0,0,0,0,89727,0
89637,1424,7900,1998,31,-305,185,12911,1,1,-3,0,37303,110,26,66,0,0,0,0,0,0,0,0,-32313,0,0,0,0,0,89733,0
89642,1408,7922,1982,29,-305,187,12911,4,0,-2,0,37303,110,26,66,0,0,0,0,0,0,0,0,-32312,0,0,0,0,0,89738,0
89647,1420,7936,2000,31,-309,191,12912,4,0,-1,0,37300,122,26,66,0,0,0,0,0,0,0,0,-32312,0,0,0,0,0,89743,0
89652,1412,7942,1992,29,-318,196,12911,0,2,0,0,37300,122,26,66,0,0,0,0,0,0,0,0,-32312,0,0,0,0,0,89749,0
89657,1404,7938,2020,30,-321,195,12912,4,-1,0,0,37299,122,26,66,0,0,0,0,0,0,0,0,-32312,0,0,0,0,0,89754,0
89662,1378,7898,1988,32,-324,197,12911,0,-1,-2,0,37299,122,26,66,0,0,0,0,0,0,0,0,-32313,0,0,0,0,0,89759,0
89667,1376,7888,2012,30,-326,197,12911,-1,-1,-3,0,37297,118,26,66,0,0,0,0,0,0,0,0,-32312,0,0,0,0,0,89765,0
89672,1392,7882,2012,19,-323,198,12912,5,2,-2,0,37297,118,26,66,0,0,0,0,0,0,0,0,-32312,0,0,0,0,0,89770,0
89677,1374,7894,2012,22,-323,189,12911,-5,2,-2,0,37297,120,26,66,0,0,0,0,0,0,0,0,-32312,0,0,0,0,0,89775,0
89682,1352,7872,2000,16,-321,188,12911,-3,-3,-2,0,37297,120,26,66,0,0,0,0,0,0,0,0,-32312,0,0,0,0,0,89781,0
89687,1368,7864,2006,4,-321,187,12911,3,-2,-3,0,37298,124,26,66,0,0,0,0,0,0,0,0,-32312,0,0,0,0,0,89786,0
89692,1362,7854,1962,1,-310,181,12911,5,-3,-2,0,37298,124,26,66,0,0,0,0,0,0,0,0,-32312,0,0,0,0,0,89791,0
89697,1384,7866,1972,0,-307,174,12910,0,-2,-2,0,37300,129,26,66,0,0,0,0,0,0,0,0,-32313,0,0,0,0,0,89797,0
89702,1390,7892,1976,-7,-301,167,12911,-4,3,-1,0,37300,129,26,66,0,0,0,0,0,0,0,0,-32313,0,0,0,0,0,89802,0
89707,1382,7892,1960,-7,-297,165,12911,-1,0,-1,0,37300,131,26,66,0,0,0,0,0,0,0,0,-32313,0,0,0,0,0,89807,0
89712,1420,7898,1932,-11,-285,162,12911,-1,-2,0,0,37300,131,26,66,0,0,0,0,0,0,0,0,-32312,0,0,0,0,0,89813,0
89717,1402,7894,1940,-21,-280,156,12912,6,0,0,0,37305,126,26,66,0,0,0,0,0,0,0,0,-32313,0,0,0,0,0,89818,0
89722,1386,7842,1902,-27,-275,158,12911,4,-4,-1,0,37305,126,26,66,0,0,0,0,0,0,0,0,-32312,0,0,0,0,0,89824,0
89727,1380,7832,1892,-25,-272,157,12911,0,3,0,0,37303,121,26,66,0,0,0,0,0,0,0,0,-32313,0,0,0,0,0,89829,0
89732,1416,7850,1890,-29,-259,160,12910,1,-1,-1,0,37303,121,26,66,0,0,0,0,0,0,0,0,-32313,0,0,0,0,0,89834,0
89737,1422,7854,1866,-22,-250,155,12910,-4,0,-2,0,37304,121,26,66,0,0,0,0,0,0,0,0,-32313,0,0,0,0,0,89840,0
89742,1456,7818,1856,-27,-248,158,12911,2,1,-2,0,37304,121,26,66,0,0,0,0,0,0,0,0,-32313,0,0,0,0,0,89845,0
89747,1416,7814,1820,-26,-242,158,12910,-4,-1,-1,0,37296,116,26,66,0,0,0,0,0,0,0,0,-32312,0,0,0,0,0,89850,0
89752,1422,7714,1804,-25,-230,156,12912,6,5,-1,0,37296,116,26,66,0,0,0,0,0,0,0,0,-32313,0,0,0,0,0,89856,0
89757,1410,7712,1808,-21,-227,156,12910,-2,0,-1,0,37297,114,26,66,0,0,0,0,0,0,0,0,-32312,0,0,0,0,0,89861,0
89762,1422,7684,1788,-19,-217,158,12911,1,2,-2,0,37297,114,26,66,0,0,0,0,0,0,0,0,-32312,0,0,0,0,0,89866,0
89767,1408,7676,1784,-17,-209,158,12911,0,-1,-2,0,37297,112,26,66,0,0,0,0,0,0,0,0,-32312,0,0,0,0,0,89872,0
89772,1424,7684,1798,-7,-192,151,12910,-1,-1,-1,0,37297,112,26,66,0,0,0,0,0,0,0,0,-32313,0,0,0,0,0,89877,0
89777,1428,7668,1772,-3,-174,151,12911,9,0,-3,0,37296,109,26,66,0,0,0,0,0,0,0,0,-32313,0,0,0,0,0,89882,0
89782,1410,7668,1762,-6,-165,155,12911,-4,-1,-1,0,37296,109,26,66,0,0,0,0,0,0,0,0,-32313,0,0,0,0,0,89888,0
89787,1384,7634,1780,-1,-152,150,12910,0,0,-3,0,37297,112,26,66,0,0,0,0,0,0,0,0,-32313,0,0,0,0,0,89893,0
89792,1384,7648,1756,5,-131,142,12911,-3,-2,-2,0,37297,112,26,66,0,0,0,0,0,0,0,0,-32313,0,0,0,0,0,89898,0
89797,1400,7660,1748,0,-125,141,12911,1,-3,-1,0,37297,112,26,66,0,0,0,0,0,0,0,0,-32312,0,0,0,0,0,89904,0
89802,1408,7690,1744,6,-118,130,12911,4,-4,-1,0,37297,112,26,66,0,0,0,0,0,0,0,0,-32313,0,0,0,0,0,89909,0
89807,1408,7706,1752,6,-99,134,12911,4,0,-1,0,37295,110,26,66,0,0,0,0,0,0,0,0,-32313,0,0,0,0,0,89914,0
89812,1380,7688,1746,12,-83,122,12910,-2,-1,-2,0,37295,110,26,66,0,0,0,0,0,0,0,0,-32313,0,0,0,0,0,89920,0
89817,1372,7722,1712,15,-71,116,12910,1,-1,0,0,37299,110,26,66,0,0,0,0,0,0,0,0,-32313,0,0,0,0,0,89925,0
89822,1340,7704,1680,16,-58,116,12911,0,0,-1,0,37299,110,26,66,0,0,0,0,0,0,0,0,-32312,0,0,0,0,0,89930,0
89827,1380,7712,1694,15,-54,111,12911,-2,5,-2,0,37303,109,26,66,0,0,0,0,0,0,0,0,-32312,0,0,0,0,0,89936,0
89832,1368,7682,1680,22,-38,109,12910,0,-4,-1,0,37303,109,26,66,0,0,0,0,0,0,0,0,-32313,0,0,0,0,0,89941,0
89837,1392,7736,1662,25,-32,102,12910,-5,-7,-2,0,37303,114,26,66,0,0,0,0,0,0,0,0,-32313,0,0,0,0,0,89946,0
89842,1368,7766,1668,34,-16,97,12911,-3,2,-1,0,37303,114,26,66,0,0,0,0,0,0,0,0,-32313,0,0,0,0,0,89952,0
89847,1394,7752,1668,32,-14,94,12911,-1,0,-1,0,37300,110,26,66,0,0,0,0,0,0,0,0,-32313,0,0,0,0,0,89957,0
89852,1372,7796,1628,41,5,80,12910,0,0,-2,0,37300,110,26,66,0,0,0,0,0,0,0,0,-32312,0,0,0,0,0,89962,0
89857,1356,7766,1620,46,10,73,12911,2,1,-2,0,37297,116,26,66,0,0,0,0,0,0,0,0,-32313,0,0,0,0,0,89968,0
89862,1338,7784,1608,51,17,69,12911,0,0,-2,0,37297,116,26,66,0,0,0,0,0,0,0,0,-32312,0,0,0,0,0,89973,0
89867,1378,7762,1600,53,19,69,12912,12,4,-2,0,37300,122,26,66,0,0,0,0,0,0,0,0,-32313,0,0,0,0,0,89978,0
89872,1386,7760,1610,60,33,56,12911,-3,5,-2,0,37300,122,26,66,0,0,0,0,0,0,0,0,-32313,0,0,0,0,0,89984,0
89877,1400,7790,1590,71,39,49,12911,4,3,-1,0,37304,130,26,66,0,0,0,0,0,0,0,0,-32312,0,0,0,0,0,89989,0
89882,1398,7740,1606,73,44,44,12912,6,5,-1,0,37304,130,26,66,0,0,0,0,0,0,0,0,-32313,0,0,0,0,0,89994,0
89887,1388,7736,1600,83,44,41,12911,-2,1,-2,0,37302,123,26,66,0,0,0,0,0,0,0,0,-32313,0,0,0,0,0,90000,0
89892,1402,7750,1568,84,55,27,12911,-1,1,-3,0,37302,123,26,66,0,0,0,0,0,0,0,0,-32312,0,0,0,0,0,90005,0
89897,1426,7796,1586,90,57,29,12912,0,5,-2,0,37300,122,26,66,0,0,0,0,0,0,0,0,-32312,0,0,0,0,0,90010,0
89902,1422,7836,1586,97,64,21,12911,1,3,0,0,37300,122,26,66,0,0,0,0,0,0,0,0,-32313,0,0,0,0,0,90016,0
89907,1446,7854,1564,102,68,16,12910,0,-1,-1,0,37298,118,26,66,0,0,0,0,0,0,0,0,-32312,0,0,0,0,0,90021,0
89912,1474,7918,1586,121,77,11,12911,4,4,-3,0,37298,118,26,66,0,0,0,0,0,0,0,0,-32313,0,0,0,0,0,90026,0
89917,1430,7956,1594,123,77,7,12910,-2,1,-1,0,37299,116,26,66,0,0,0,0,0,0,0,0,-32312,0,0,0,0,0,90032,0
89922,1438,7948,1596,129,91,6,12911,-2,0,0,0,37299,116,26,66,0,0,0,0,0,0,0,0,-32313,0,0,0,0,0,90037,0
89927,1432,7926,1584,137,93,6,12911,3,-1,-1,0,37300,118,26,66,0,0,0,0,0,0,0,0,-32313,0,0,0,0,0,90042,0
89932,1478,7952,1610,151,96,7,12911,1,-1,0,0,37300,118,26,66,0,0,0,0,0,0,0,0,-32313,0,0,0,0,0,90048,0
89937,1466,7900,1600,151,103,2,12910,0,0,-3,0,37301,118,26,66,0,0,0,0,0,0,0,0,-32312,0,0,0,0,0,90053,0
89942,1458,7894,1608,157,110,4,12910,0,-3,-2,0,37301,118,26,66,0,0,0,0,0,0,0,0,-32312,0,0,0,0,0,90058,0
89947,1466,7908,1608,161,108,3,12909,-10,1,-1,0,37301,117,26,66,0,0,0,0,0,0,0,0,-32312,0,0,0,0,0,90064,0
89952,1454,7856,1604,174,113,-8,12911,0,5,-3,0,37301,117,26,66,0,0,0,0,0,0,0,0,-32313,0,0,0,0,0,90069,0
89957,1432,7866,1610,176,117,-5,12910,-5,0,-2,0,37298,110,26,66,0,0,0,0,0,0,0,0,-32312,0,0,0,0,0,90074,0
89962,1448,7878,1592,178,119,-10,12910,-6,1,-2,0,37298,110,26,66,0,0,0,0,0,0,0,0,-32312,0,0,0,0,0,90080,0
89967,1434,7860,1610,183,126,-8,12912,-1,-2,-3,0,37297,117,26,66,0,0,0,0,0,0,0,0,-32313,0,0,0,0,0,90085,0
89972,1438,7852,1622,190,130,-16,12910,-2,4,-2,0,37297,117,26,66,0,0,0,0,0,0,0,0,-32313,0,0,0,0,0,90091,0
89977,1436,7862,1648,200,128,-19,12910,0,3,-2,0,37298,112,26,66,0,0,0,0,0,0,0,0,-32312,0,0,0,0,0,90096,0
89982,1446,7830,1650,194,133,-20,12911,-2,-1,-2,0,37298,112,26,66,0,0,0,0,0,0,0,0,-32313,0,0,0,0,0,90101,0
89987,1460,7852,1640,200,135,-22,12910,-3,4,-1,0,37298,114,26,66,0,0,0,0,0,0,0,0,-32313,0,0,0,0,0,90106,0
89992,1420,7800,1630,205,135,-28,12911,3,5,-2,0,37298,114,26,66,0,0,0,0,0,0,0,0,-32312,0,0,0,0,0,90112,0
89997,1442,7800,1656,211,128,-25,12911,-3,-1,-3,0,37298,108,26,66,0,0,0,0,0,0,0,0,-32312,0,0,0,0,0,90117,0
90002,1434,7772,1670,212,126,-30,12911,4,4,-2,0,37298,108,26,66,0,0,0,0,0,0,0,0,-32313,0,0,0,0,0,90122,0
90007,1458,7768,1654,211,121,-29,12911,-1,3,-1,0,37297,111,26,66,0,0,0,0,0,0,0,0,-32312,0,0,0,0,0,90128,0
90012,1466,7754,1674,218,111,-29,12912,6,0,-2,0,37297,111,26,66,0,0,0,0,0,0,0,0,-32313,0,0,0,0,0,90133,0
90017,1448,7744,1662,215,106,-25,12911,9,-2,-2,0,37296,110,26,66,0,0,0,0,0,0,0,0,-32313,0,0,0,0,0,90139,0
90022,1450,7716,1684,217,100,-21,12911,-5,0,-2,0,37296,110,26,66,0,0,0,0,0,0,0,0,-32313,0,0,0,0,0,90144,0
90027,1462,7730,1694,218,91,-18,12910,-5,-5,-3,0,37302,113,25,66,0,0,0,0,0,0,0,0,-32313,0,0,0,0,0,90149,0
90032,1416,7716,1718,228,80,-3,12911,-5,-1,-2,0,37302,113,25,66,0,0,0,0,0,0,0,0,-32313,0,0,0,0,0,90154,0
90037,1420,7694,1700,229,81,3,12910,-7,-1,-4,0,37304,117,25,66,0,0,0,0,0,0,0,0,-32313,0,0,0,0,0,90160,0
90042,1444,7680,1690,231,71,11,12912,0,-1,-2,0,37304,117,25,66,0,0,0,0,0,0,0,0,-32313,0,0,0,0,0,90165,0
90047,1444,7676,1696,238,71,13,12910,-9,-1,-2,0,37305,120,26,66,0,0,0,0,0,0,0,0,-32312,0,0,0,0,0,90171,0
90052,1446,7674,1726,240,65,20,12911,3,0,-3,0,37305,120,26,66,0,0,0,0,0,0,0,0,-32312,0,0,0,0,0,90176,0
90057,1424,7668,1726,244,55,21,12911,7,-4,-1,0,37298,114,26,66,0,0,0,0,0,0,0,0,-32312,0,0,0,0,0,90181,0
90062,1412,7644,1722,242,57,25,12909,-10,4,-2,0,37298,114,26,66,0,0,0,0,0,0,0,0,-32312,0,0,0,0,0,90187,0
90067,1402,7678,1702,244,58,33,12910,-7,2,-3,0,37296,112,26,66,0,0,0,0,0,0,0,0,-32313,0,0,0,0,0,90192,0
90072,1364,7666,1748,252,52,32,12911,1,0,-1,0,37296,112,26,66,0,0,0,0,0,0,0,0,-32312,0,0,0,0,0,90197,0
90077,1408,7684,1758,254,55,37,12910,0,2,-1,0,37297,118,26,66,0,0,0,0,0,0,0,0,-32312,0,0,0,0,0,90203,0
90082,1408,7670,1760,258,55,36,12911,4,3,-1,0,37297,118,26,66,0,0,0,0,0,0,0,0,-32312,0,0,0,0,0,90208,0
90087,1398,7700,1762,259,54,34,12911,-4,0,-2,0,37299,133,26,66,0,0,0,0,0,0,0,0,-32313,0,0,0,0,0,90213,0
90092,1394,7740,1792,262,48,31,12911,2,2,-2,0,37299,133,26,66,0,0,0,0,0,0,0,0,-32313,0,0,0,0,0,90219,0
90097,1370,7718,1808,262,43,31,12910,-10,-1,-2,0,37300,137,26,66,0,0,0,0,0,0,0,0,-32312,0,0,0,0,0,90224,0
90102,1360,7744,1800,258,48,24,12911,0,-2,-2,0,37300,137,26,66,0,0,0,0,0,0,0,0,-32313,0,0,0,0,0,90229,0
90107,1362,7762,1812,255,44,31,12911,4,3,-1,0,37298,134,26,66,0,0,0,0,0,0,0,0,-32312,0,0,0,0,0,90235,0
90112,1368,7788,1848,255,46,23,12911,3,3,-1,0,37298,134,26,66,0,0,0,0,0,0,0,0,-32312,0,0,0,0,0,90240,0
90117,1374,7764,1854,246,41,21,12911,-1,-2,-2,0,37306,137,26,66,0,0,0,0,0,0,0,0,-32312,0,0,0,0,0,90245,0
90122,1356,7786,1864,244,43,14,12910,1,0,-2,0,37306,137,26,66,0,0,0,0,0,0,0,0,-32313,0,0,0,0,0,90251,0
90127,1356,7802,1894,240,38,15,12911,-4,0,-2,0,37318,136,26,66,0,0,0,0,0,0,0,0,-32312,0,0,0,0,0,90256,0
90132,1386,7784,1894,232,42,5,12911,-1,0,-1,0,37318,136,26,66,0,0,0,0,0,0,0,0,-32312,0,0,0,0,0,90261,0
90137,1370,7756,1912,223,34,1,12910,-3,-1,-2,0,37328,140,26,66,0,0,0,0,0,0,0,0,-32312,0,0,0,0,0,90267,0
90142,1356,7744,1916,223,37,-6,12910,-5,0,-2,0,37328,140,26,66,0,0,0,0,0,0,0,0,-32312,0,0,0,0,0,90272,0
90147,1370,7750,1904,209,40,-9,12910,0,-4,-1,0,37324,122,26,66,0,0,0,0,0,0,0,0,-32312,0,0,0,0,0,90277,0
90152,1376,7738,1908,196,37,-19,12910,0,6,-2,0,37324,122,26,66,0,0,0,0,0,0,0,0,-32313,0,0,0,0,0,90283,0
90157,1408,7712,1932,195,29,-25,12910,-4,0,-2,0,37312,123,26,66,0,0,0,0,0,0,0,0,-32313,0,0,0,0,0,90288,0
90162,1372,7726,1900,189,30,-24,12910,0,2,-1,0,37312,123,26,66,0,0,0,0,0,0,0,0,-32312,0,0,0,0,0,90293,0
90167,1408,7714,1888,178,26,-27,12910,0,6,-1,0,37303,120,26,66,0,0,0,0,0,0,0,0,-32312,0,0,0,0,0,90299,0
90172,1440,7730,1894,170,17,-26,12909,-9,0,0,0,37303,120,26,66,0,0,0,0,0,0,0,0,-32314,0,0,0,0,0,90304,0
90177,1438,7718,1888,170,15,-29,12910,3,2,-2,0,37300,116,26,66,0,0,0,0,0,0,0,0,-32313,0,0,0,0,0,90309,0
90182,1466,7734,1872,156,13,-29,12910,-4,2,-1,0,37300,116,26,66,0,0,0,0,0,0,0,0,-32312,0,0,0,0,0,90314,0
90187,1468,7730,1876,159,13,-27,12911,0,3,-1,0,37302,116,26,66,0,0,0,0,0,0,0,0,-32313,0,0,0,0,0,90319,0
90192,1464,7746,1860,153,2,-23,12912,0,4,-1,0,37302,116,26,66,0,0,0,0,0,0,0,0,-32313,0,0,0,0,0,90324,0
90197,1456,7752,1860,148,5,-15,12910,0,0,-1,0,37304,105,26,66,0,0,0,0,0,0,0,0,-32313,0,0,0,0,0,90329,0
90202,1476,7770,1840,147,0,-12,12910,-5,1,0,0,37304,105,26,66,0,0,0,0,0,0,0,0,-32313,0,0,0,0,0,90334,0
90207,1424,7750,1836,143,0,-10,12910,-1,1,-2,0,37304,110,26,66,0,0,0,0,0,0,0,0,-32312,0,0,0,0,0,90339,0
90212,1466,7784,1808,140,-5,2,12911,-1,5,-2,0,37304,110,26,66,0,0,0,0,0,0,0,0,-32312,0,0,0,0,0,90344,0
90217,1478,7808,1806,140,-12,3,12910,-2,3,-1,0,37303,115,26,66,0,0,0,0,0,0,0,0,-32313,0,0,0,0,0,90349,0
90222,1454,7858,1830,142,-14,8,12911,4,-1,-1,0,37303,115,26,66,0,0,0,0,0,0,0,0,-32312,0,0,0,0,0,90354,0
90227,1454,7854,1822,140,-13,5,12911,-2,2,-3,0,37303,118,26,66,0,0,0,0,0,0,0,0,-32312,0,0,0,0,0,90359,0
90232,1466,7882,1806,143,-15,10,12912,0,3,-2,0,37303,118,26,66,0,0,0,0,0,0,0,0,-32313,0,0,0,0,0,90364,0
90237,1472,7884,1824,135,-16,10,12911,0,1,-4,0,37308,125,26,66,0,0,0,0,0,0,0,0,-32313,0,0,0,0,0,90369,0
90242,1480,7906,1800,139,-9,10,12911,1,1,-3,0,37308,125,26,66,0,0,0,0,0,0,0,0,-32312,0,0,0,0,0,90374,0
90247,1458,7908,1808,133,-10,13,12909,-5,1,-1,0,37309,123,26,66,0,0,0,0,0,0,0,0,-32312,0,0,0,0,0,90379,0
90252,1462,7920,1810,133,-1,18,12911,2,0,-2,0,37309,123,26,66,0,0,0,0,0,0,0,0,-32312,0,0,0,0,0,90384,0
90257,1504,7950,1812,129,-6,17,12910,-2,2,-3,0,37307,121,26,66,0,0,0,0,0,0,0,0,-32312,0,0,0,0,0,90389,0
90262,1508,7936,1780,126,-2,20,12910,-2,5,-2,0,37307,121,26,66,0,0,0,0,0,0,0,0,-32312,0,0,0,0,0,90394,0
90267,1474,7968,1800,128,2,21,12912,5,-1,0,0,37302,112,26,66,0,0,0,0,0,0,0,0,-32312,0,0,0,0,0,90399,0
90272,1470,7984,1790,122,0,20,12912,0,2,-2,0,37302,112,26,66,0,0,0,0,0,0,0,0,-32312,0,0,0,0,0,90404,0
90277,1440,7990,1808,116,-1,17,12911,1,1,-2,0,37302,113,26,66,0,0,0,0,0,0,0,0,-32312,0,0,0,0,0,90409,0
90282,1452,8020,1792,114,-6,23,12910,-4,-4,-2,0,37302,113,26,66,0,0,0,0,0,0,0,0,-32312,0,0,0,0,0,90414,0
90287,1442,8044,1810,118,-7,18,12910,-4,1,-2,0,37304,111,26,66,0,0,0,0,0,0,0,0,-32312,0,0,0,0,0,90419,0
90292,1482,8042,1814,106,-12,27,12911,-2,-5,-1,0,37304,111,26,66,0,0,0,0,0,0,0,0,-32312,0,0,0,0,0,90424,0
90297,1456,8048,1842,110,-10,29,12910,-9,2,-2,0,37304,115,26,66,0,0,0,0,0,0,0,0,-32312,0,0,0,0,0,90429,0
90302,1468,8044,1828,102,-9,28,12911,4,-1,-1,0,37304,115,26,66,0,0,0,0,0,0,0,0,-32312,0,0,0,0,0,90434,0
90307,1464,8036,1828,109,-6,36,12910,-7,0,-1,0,37303,122,26,66,0,0,0,0,0,0,0,0,-32312,0,0,0,0,0,90439,0
90312,1472,7996,1842,103,-7,34,12912,3,4,-3,0,37303,122,26,66,0,0,0,0,0,0,0,0,-32312,0,0,0,0,0,90444,0
90317,1416,7956,1836,101,-2,40,12911,0,1,-1,0,37301,129,26,66,0,0,0,0,0,0,0,0,-32313,0,0,0,0,0,90449,0
90322,1442,7934,1804,96,-8,36,12910,-1,2,-1,0,37301,129,26,66,0,0,0,0,0,0,0,0,-32312,0,0,0,0,0,90454,0
90327,1414,7894,1834,98,-1,37,12912,2,-8,0,0,37301,121,26,66,0,0,0,0,0,0,0,0,-32312,0,0,0,0,0,90459,0
90332,1384,7880,1822,92,-2,36,12911,-1,3,-1,0,37301,121,26,66,0,0,0,0,0,0,0,0,-32312,0,0,0,0,0,90464,0
90337,1380,7924,1812,89,2,33,12911,1,4,-4,0,37306,112,26,66,0,0,0,0,0,0,0,0,-32312,0,0,0,0,0,90469,0
90342,1374,7930,1822,94,8,30,12909,-3,-2,-2,0,37306,112,26,66,0,0,0,0,0,0,0,0,-32313,0,0,0,0,0,90474,0
90347,1366,7920,1826,90,5,26,12910,-2,-4,-2,0,37307,110,26,66,0,0,0,0,0,0,0,0,-32312,0,0,0,0,0,90479,0
90352,1406,7936,1830,85,3,10,12911,2,-2,-2,0,37307,110,26,66,0,0,0,0,0,0,0,0,-32313,0,0,0,0,0,90484,0
90357,1368,7962,1826,85,1,10,12911,2,6,-1,0,37306,110,26,66,0,0,0,0,0,0,0,0,-32313,0,0,0,0,0,90489,0
90362,1394,7950,1826,88,8,8,12911,3,4,-2,0,37306,110,26,66,0,0,0,0,0,0,0,0,-32312,0,0,0,0,0,90494,0
90367,1388,7962,1826,81,2,-1,12910,-1,-1,-3,0,37302,116,26,66,0,0,0,0,0,0,0,0,-32312,0,0,0,0,0,90500,0
90372,1392,7934,1818,88,1,-4,12912,5,-4,-2,0,37302,116,26,66,0,0,0,0,0,0,0,0,-32312,0,0,0,0,0,90505,0
90377,1418,7892,1806,79,1,-4,12910,-4,-3,-3,0,37300,122,26,66,0,0,0,0,0,0,0,0,-32312,0,0,0,0,0,90510,0
90382,1410,7868,1830,78,0,2,12912,5,3,-1,0,37300,122,26,66,0,0,0,0,0,0,0,0,-32312,0,0,0,0,0,90515,0
90387,1412,7842,1818,74,3,0,12910,1,0,-2,0,37301,127,26,66,0,0,0,0,0,0,0,0,-32312,0,0,0,0,0,90520,0
90392,1442,7820,1834,69,-5,-4,12911,2,-2,-2,0,37301,127,26,66,0,0,0,0,0,0,0,0,-32312,0,0,0,0,0,90525,0
90397,1444,7804,1830,69,-7,-7,12911,-1,-6,-2,0,37303,131,26,66,0,0,0,0,0,0,0,0,-32313,0,0,0,0,0,90530,0
90402,1458,7808,1830,69,-14,-1,12912,0,1,-1,0,37303,131,26,66,0,0,0,0,0,0,0,0,-32313,0,0,0,0,0,90535,0
90407,1432,7800,1858,63,-17,0,12910,-10,-1,-1,0,37305,125,26,66,0,0,0,0,0,0,0,0,-32312,0,0,0,0,0,90540,0
90412,1436,7752,1870,56,-24,2,12912,4,-5,-1,0,37305,125,26,66,0,0,0,0,0,0,0,0,-32312,0,0,0,0,0,90545,0
90417,1444,7792,1872,55,-21,7,12910,1,-4,-2,0,37308,126,26,66,0,0,0,0,0,0,0,0,-32313,0,0,0,0,0,90550,0
90422,1458,7794,1876,53,-21,8,12911,-10,2,-2,0,37308,126,26,66,0,0,0,0,0,0,0,0,-32313,0,0,0,0,0,90555,0
90427,1478,7800,1876,47,-18,11,12910,1,-3,-3,0,37309,115,26,66,0,0,0,0,0,0,0,0,-32312,0,0,0,0,0,90560,0
90432,1490,7746,1886,38,-15,6,12911,-3,7,-2,0,37309,115,26,66,0,0,0,0,0,0,0,0,-32313,0,0,0,0,0,90565,0
90437,1468,7760,1898,25,-17,10,12911,-3,-5,-3,0,37308,120,26,66,0,0,0,0,0,0,0,0,-32312,0,0,0,0,0,90570,0
90442,1434,7740,1908,28,-10,5,12912,8,-1,-3,0,37308,120,26,66,0,0,0,0,0,0,0,0,-32312,0,0,0,0,0,90575,0
90447,1440,7704,1898,14,-10,11,12910,-2,2,-1,0,37311,115,26,66,0,0,0,0,0,0,0,0,-32312,0,0,0,0,0,90580,0
90452,1468,7742,1906,-2,-8,13,12910,-3,0,-2,0,37311,115,26,66,0,0,0,0,0,0,0,0,-32312,0,0,0,0,0,90585,0
90457,1464,7766,1892,-18,-4,8,12909,-9,2,0,0,37309,118,26,66,0,0,0,0,0,0,0,0,-32313,0,0,0,0,0,90590,0
90462,1484,7818,1882,-23,1,7,12912,5,3,-2,0,37309,118,26,66,0,0,0,0,0,0,0,0,-32313,0,0,0,0,0,90595,0
90467,1470,7810,1860,-27,0,7,12910,0,1,-3,0,37312,117,26,66,0,0,0,0,0,0,0,0,-32312,0,0,0,0,0,90600,0
90472,1466,7816,1802,-41,7,2,12911,7,3,-2,0,37312,117,26,66,0,0,0,0,0,0,0,0,-32313,0,0,0,0,0,90605,0
90477,1442,7788,1804,-39,11,1,12911,-10,-2,-1,0,37306,117,26,66,0,0,0,0,0,0,0,0,-32312,0,0,0,0,0,90610,0
90482,1440,7782,1802,-42,7,6,12910,0,2,-1,0,37306,117,26,66,0,0,0,0,0,0,0,0,-32313,0,0,0,0,0,90615,0
90487,1424,7726,1790,-43,15,6,12911,-3,0,-2,0,37306,119,26,66,0,0,0,0,0,0,0,0,-32312,0,0,0,0,0,90620,0
90492,1398,7682,1758,-47,10,9,12911,0,-3,-1,0,37306,119,26,66,0,0,0,0,0,0,0,0,-32313,0,0,0,0,0,90625,0
90497,1398,7660,1728,-39,13,11,12911,-1,2,-1,0,37305,118,26,66,0,0,0,0,0,0,0,0,-32312,0,0,0,0,0,90630,0
90502,1388,7694,1716,-42,14,18,12910,-4,4,-2,0,37305,118,26,66,0,0,0,0,0,0,0,0,-32312,0,0,0,0,0,90635,0
90507,1392,7712,1722,-38,10,13,12910,-2,-1,-1,0,37305,118,26,66,0,0,0,0,0,0,0,0,-32312,0,0,0,0,0,90640,0
90512,1390,7770,1706,-43,7,13,12912,6,1,-3,0,37305,118,26,66,0,0,0,0,0,0,0,0,-32312,0,0,0,0,0,90645,0
90517,1350,7810,1706,-40,11,10,12912,0,2,-3,0,37304,115,26,66,0,0,0,0,0,0,0,0,-32312,0,0,0,0,0,90650,0
90522,1368,7780,1668,-34,9,4,12910,2,3,-2,0,37304,115,26,66,0,0,0,0,0,0,0,0,-32313,0,0,0,0,0,90655,0
90527,1354,7792,1678,-33,8,2,12911,-1,0,0,0,37303,118,26,66,0,0,0,0,0,0,0,0,-32313,0,0,0,0,0,90660,0
90532,1304,7778,1652,-30,13,4,12910,2,-1,-1,0,37303,118,26,66,0,0,0,0,0,0,0,0,-32313,0,0,0,0,0,90665,0
90537,1318,7748,1662,-27,1,3,12911,2,1,-3,0,37304,123,26,66,0,0,0,0,0,0,0,0,-32312,0,0,0,0,0,90670,0
90542,1314,7690,1688,-23,0,3,12911,-1,0,-2,0,37304,123,26,66,0,0,0,0,0,0,0,0,-32313,0,0,0,0,0,90675,0
90547,1310,7692,1674,-28,-5,8,12911,2,2,-1,0,37312,121,26,66,0,0,0,0,0,0,0,0,-32312,0,0,0,0,0,90680,0
90552,1296,7598,1654,-21,-15,1,12911,0,-1,-1,0,37312,121,26,66,0,0,0,0,0,0,0,0,-32313,0,0,0,0,0,90685,0
90557,1306,7578,1664,-21,-22,1,12912,4,-1,-1,0,37311,120,26,66,0,0,0,0,0,0,0,0,-32312,0,0,0,0,0,90690,0
90562,1278,7556,1678,-26,-35,2,12911,1,2,-2,0,37311,120,26,66,0,0,0,0,0,0,0,0,-32312,0,0,0,0,0,90695,0
90567,1278,7606,1656,-23,-37,5,12910,-3,2,-4,0,37309,119,26,66,0,0,0,0,0,0,0,0,-32313,0,0,0,0,0,90700,0
90572,1290,7660,1702,-21,-37,1,12911,0,-5,-1,0,37309,119,26,66,0,0,0,0,0,0,0,0,-32313,0,0,0,0,0,90705,0
90577,1298,7686,1674,-23,-37,-2,12910,-1,0,-1,0,37303,124,26,66,0,0,0,0,0,0,0,0,-32312,0,0,0,0,0,90710,0
90582,1332,7698,1688,-15,-41,-7,12911,0,0,-1,0,37303,124,26,66,0,0,0,0,0,0,0,0,-32313,0,0,0,0,0,90715,0
90587,1300,7712,1648,-14,-40,-2,12911,-5,-3,-2,0,37302,122,26,66,0,0,0,0,0,0,0,0,-32312,0,0,0,0,0,90720,0
90592,1292,7738,1654,-21,-32,-8,12910,0,3,-3,0,37302,122,26,66,0,0,0,0,0,0,0,0,-32313,0,0,0,0,0,90725,0
90597,1312,7758,1644,-15,-29,-12,12911,2,-1,-1,0,37303,120,26,66,0,0,0,0,0,0,0,0,-32312,0,0,0,0,0,90730,0
90602,1282,7788,1636,-11,-28,-20,12911,0,-1,-2,0,37303,120,26,66,0,0,0,0,0,0,0,0,-32312,0,0,0,0,0,90735,0
90607,1334,7812,1614,-6,-36,-27,12911,1,0,-3,0,37303,117,26,66,0,0,0,0,0,0,0,0,-32312,0,0,0,0,0,90740,0
90612,1342,7866,1620,-4,-34,-40,12911,5,2,-3,0,37303,117,26,66,0,0,0,0,0,0,0,0,-32312,0,0,0,0,0,90745,0
90617,1378,7882,1598,-5,-37,-39,12910,-2,-1,-2,0,37304,110,26,66,0,0,0,0,0,0,0,0,-32313,0,0,0,0,0,90750,0
90622,1380,7906,1606,1,-33,-47,12911,7,1,-2,0,37304,110,26,66,0,0,0,0,0,0,0,0,-32313,0,0,0,0,0,90755,0
90627,1408,7922,1622,3,-43,-52,12911,2,0,-2,0,37303,109,26,66,0,0,0,0,0,0,0,0,-32312,0,0,0,0,0,90760,0
90632,1418,7968,1614,7,-34,-53,12910,-7,1,-1,0,37303,109,26,66,0,0,0,0,0,0,0,0,-32313,0,0,0,0,0,90765,0
90637,1454,7976,1636,12,-36,-50,12912,7,-1,-3,0,37305,110,26,66,0,0,0,0,0,0,0,0,-32313,0,0,0,0,0,90770,0
90642,1412,7960,1610,9,-31,-48,12910,-3,-5,-1,0,37305,110,26,66,0,0,0,0,0,0,0,0,-32313,0,0,0,0,0,90775,0
90647,1472,7966,1622,11,-27,-46,12911,3,-2,1,0,37305,112,26,66,0,0,0,0,0,0,0,0,-32313,0,0,0,0,0,90780,0
90652,1440,7958,1616,15,-29,-40,12910,-6,2,-2,0,37305,112,26,66,0,0,0,0,0,0,0,0,-32313,0,0,0,0,0,90786,0
90657,1430,7930,1594,17,-18,-45,12912,3,6,-2,0,37297,114,26,66,0,0,0,0,0,0,0,0,-32312,0,0,0,0,0,90789,0
90662,1396,7898,1598,18,-26,-40,12911,2,-2,-1,0,37297,114,26,66,0,0,0,0,0,0,0,0,-32312,0,0,0,0,0,90790,0
90667,1408,7906,1578,20,-21,-37,12911,0,0,-2,0,37281,119,26,66,0,0,0,0,0,0,0,0,-32312,0,0,0,0,0,90795,0
90672,1432,7854,1572,28,-22,-37,12910,-6,-4,-1,0,37281,119,26,66,0,0,0,0,0,0,0,0,-32312,0,0,0,0,0,90800,0
90677,1430,7848,1580,36,-20,-36,12911,-3,1,-2,0,37271,120,26,66,0,0,0,0,0,0,0,0,-32312,0,0,0,0,0,90805,0
90682,1444,7808,1594,40,-17,-35,12911,1,-1,0,0,37271,120,26,66,0,0,0,0,0,0,0,0,-32312,0,0,0,0,0,90810,0
90687,1436,7786,1592,50,-9,-32,12911,-5,-1,-3,0,37272,122,26,66,0,0,0,0,0,0,0,0,-32313,0,0,0,0,0,90815,0
90692,1446,7810,1576,61,-5,-32,12910,-1,1,-3,0,37272,122,26,66,0,0,0,0,0,0,0,0,-32313,0,0,0,0,0,90820,0
90697,1438,7802,1586,67,2,-28,12911,3,0,-3,0,37280,118,26,66,0,0,0,0,0,0,0,0,-32313,0,0,0,0,0,90825,0
90702,1458,7800,1584,74,0,-29,12910,-2,0,-3,0,37280,118,26,66,0,0,0,0,0,0,0,0,-32313,0,0,0,0,0,90830,0
90707,1466,7806,1608,73,1,-24,12911,6,3,-1,0,37286,117,26,66,0,0,0,0,0,0,0,0,-32312,0,0,0,0,0,90835,0
90712,1452,7824,1620,85,5,-24,12911,0,5,-2,0,37286,117,26,66,0,0,0,0,0,0,0,0,-32312,0,0,0,0,0,90840,0
90717,1466,7826,1626,92,2,-21,12911,0,0,-2,0,37292,115,26,66,0,0,0,0,0,0,0,0,-32312,0,0,0,0,0,90846,0
90722,1466,7864,1660,94,-6,-16,12911,0,1,-3,0,37292,115,26,66,0,0,0,0,0,0,0,0,-32312,0,0,0,0,0,90850,0
90727,1434,7838,1660,99,-12,-17,12910,6,0,-3,0,37290,120,26,66,0,0,0,0,0,0,0,0,-32312,0,0,0,0,0,90855,0
90732,1466,7836,1680,98,-16,-13,12911,-7,1,-2,0,37290,120,26,66,0,0,0,0,0,0,0,0,-32312,0,0,0,0,0,90860,0
90737,1446,7826,1710,106,-12,-6,12910,2,2,-3,0,37289,119,26,66,0,0,0,0,0,0,0,0,-32313,0,0,0,0,0,90865,0
90742,1466,7804,1706,105,-12,-2,12911,0,0,-1,0,37289,119,26,66,0,0,0,0,0,0,0,0,-32312,0,0,0,0,0,90870,0
90747,1466,7788,1728,99,-6,0,12910,2,1,0,0,37291,122,25,66,0,0,0,0,0,0,0,0,-32312,0,0,0,0,0,90875,0
90752,1490,7760,1736,100,4,7,12910,-1,-1,-2,0,37291,122,25,66,0,0,0,0,0,0,0,0,-32312,0,0,0,0,0,90880,0
90757,1464,7788,1748,101,3,4,12911,4,5,-1,0,37296,128,25,66,0,0,0,0,0,0,0,0,-32312,0,0,0,0,0,90885,0
90762,1496,7762,1756,97,11,4,12911,5,0,-1,0,37296,128,25,66,0,0,0,0,0,0,0,0,-32312,0,0,0,0,0,90890,0
90767,1452,7742,1746,98,21,0,12910,-2,3,-2,0,37303,123,26,66,0,0,0,0,0,0,0,0,-32312,0,0,0,0,0,90895,0
90772,1444,7740,1770,87,36,-1,12910,-6,-2,-3,0,37303,123,26,66,0,0,0,0,0,0,0,0,-32312,0,0,0,0,0,90900,0
90777,1430,7712,1746,87,34,3,12910,-2,-4,-3,0,37304,115,26,66,0,0,0,0,0,0,0,0,-32312,0,0,0,0,0,90905,0
90782,1428,7676,1744,86,39,2,12910,-6,0,-2,0,37304,115,26,66,0,0,0,0,0,0,0,0,-32312,0,0,0,0,0,90910,0
90787,1436,7694,1750,87,46,2,12911,-3,-1,-2,0,37303,116,26,66,0,0,0,0,0,0,0,0,-32312,0,0,0,0,0,90915,0
90792,1428,7702,1748,85,50,2,12912,4,-1,0,0,37303,116,26,66,0,0,0,0,0,0,0,0,-32313,0,0,0,0,0,90920,0
90797,1390,7700,1752,77,56,2,12910,-3,-7,-2,0,37302,119,26,66,0,0,0,0,0,0,0,0,-32312,0,0,0,0,0,90925,0
90802,1428,7712,1736,82,56,4,12911,-4,1,-3,0,37302,119,26,66,0,0,0,0,0,0,0,0,-32312,0,0,0,0,0,90930,0
90807,1414,7706,1728,77,56,1,12911,0,-3,-2,0,37301,121,26,66,0,0,0,0,0,0,0,0,-32312,0,0,0,0,0,90935,0
90812,1394,7680,1702,78,60,7,12911,-1,2,-3,0,37301,121,26,66,0,0,0,0,0,0,0,0,-32313,0,0,0,0,0,90940,0
90817,1408,7670,1706,78,64,7,12910,-4,-4,-2,0,37301,116,26,66,0,0,0,0,0,0,0,0,-32313,0,0,0,0,0,90945,0
90822,1368,7676,1708,81,65,8,12910,0,-3,-1,0,37301,116,26,66,0,0,0,0,0,0,0,0,-32312,0,0,0,0,0,90950,0
90827,1414,7722,1716,82,69,8,12910,-3,1,-2,0,37303,119,26,66,0,0,0,0,0,0,0,0,-32313,0,0,0,0,0,90955,0
90832,1388,7754,1684,84,73,8,12911,-1,0,-2,0,37303,119,26,66,0,0,0,0,0,0,0,0,-32313,0,0,0,0,0,90960,0
90837,1390,7740,1700,95,72,7,12910,-4,1,-3,0,37305,125,26,66,0,0,0,0,0,0,0,0,-32312,0,0,0,0,0,90965,0
90842,1364,7722,1688,91,68,13,12911,-3,1,-3,0,37305,125,26,66,0,0,0,0,0,0,0,0,-32312,0,0,0,0,0,90970,0
90847,1386,7746,1688,89,74,13,12910,3,-1,-3,0,37306,119,26,66,0,0,0,0,0,0,0,0,-32313,0,0,0,0,0,90975,0
90852,1392,7772,1662,92,70,20,12910,0,-6,0,0,37306,119,26,66,0,0,0,0,0,0,0,0,-32313,0,0,0,0,0,90980,0
90857,1404,7812,1680,96,68,16,12911,4,2,0,0,37309,120,26,66,0,0,0,0,0,0,0,0,-32313,0,0,0,0,0,90985,0
90862,1396,7818,1676,96,72,19,12911,1,2,-1,0,37309,120,26,66,0,0,0,0,0,0,0,0,-32312,0,0,0,0,0,90990,0
90867,1386,7838,1666,101,77,14,12910,-9,-3,-3,0,37308,120,26,66,0,0,0,0,0,0,0,0,-32312,0,0,0,0,0,90995,0
90872,1386,7838,1698,99,77,14,12910,0,-4,0,0,37308,120,26,66,0,0,0,0,0,0,0,0,-32312,0,0,0,0,0,91000,0
90877,1380,7810,1658,97,79,17,12910,-7,-6,-1,0,37307,127,26,66,0,0,0,0,0,0,0,0,-32312,0,0,0,0,0,91005,0
90882,1368,7812,1666,97,81,21,12912,4,0,-2,0,37307,127,26,66,0,0,0,0,0,0,0,0,-32313,0,0,0,0,0,91010,0
90887,1374,7814,1688,100,75,19,12911,1,-5,-3,0,37303,128,26,66,0,0,0,0,0,0,0,0,-32312,0,0,0,0,0,91015,0
90892,1408,7822,1682,106,87,18,12911,-3,4,-2,0,37303,128,26,66,0,0,0,0,0,0,0,0,-32312,0,0,0,0,0,91020,0
90897,1364,7830,1680,99,95,15,12910,-1,-2,-3,0,37303,125,26,66,0,0,0,0,0,0,0,0,-32313,0,0,0,0,0,91025,0
90902,1364,7828,1666,100,90,21,12910,-1,-3,-2,0,37303,125,26,66,0,0,0,0,0,0,0,0,-32313,0,0,0,0,0,91030,0
90907,1356,7768,1658,103,93,16,12910,-3,0,0,0,37302,129,26,66,0,0,0,0,0,0,0,0,-32313,0,0,0,0,0,91035,0
90912,1332,7778,1664,112,91,19,12911,6,-2,-2,0,37302,129,26,66,0,0,0,0,0,0,0,0,-32312,0,0,0,0,0,91040,0
90917,1300,7742,1668,112,89,18,12911,-3,-5,-3,0,37300,126,26,66,0,0,0,0,0,0,0,0,-32313,0,0,0,0,0,91045,0
90922,1316,7780,1682,112,90,20,12909,-5,1,-2,0,37300,126,26,66,0,0,0,0,0,0,0,0,-32312,0,0,0,0,0,91050,0
90927,1320,7784,1670,116,79,16,12911,7,-2,-2,0,37299,119,26,66,0,0,0,0,0,0,0,0,-32312,0,0,0,0,0,91055,0
90932,1328,7786,1686,119,85,14,12910,0,-3,-3,0,37299,119,26,66,0,0,0,0,0,0,0,0,-32312,0,0,0,0,0,91060,0
90937,1326,7750,1682,121,79,13,12911,-3,2,-2,0,37300,124,26,66,0,0,0,0,0,0,0,0,-32312,0,0,0,0,0,91065,0
90942,1302,7756,1682,122,76,11,12911,1,0,-2,0,37300,124,26,66,0,0,0,0,0,0,0,0,-32312,0,0,0,0,0,91070,0
90947,1288,7742,1724,129,72,13,12911,1,1,-1,0,37298,122,26,66,0,0,0,0,0,0,0,0,-32312,0,0,0,0,0,91075,0
90952,1310,7792,1698,133,66,15,12911,2,-2,-2,0,37298,122,26,66,0,0,0,0,0,0,0,0,-32313,0,0,0,0,0,91080,0
90957,1340,7794,1716,136,55,9,12911,3,0,-3,0,37298,125,26,66,0,0,0,0,0,0,0,0,-32312,0,0,0,0,0,91085,0
90962,1322,7814,1738,133,60,15,12910,0,1,-4,0,37298,125,26,66,0,0,0,0,0,0,0,0,-32312,0,0,0,0,0,91090,0
90967,1322,7818,1746,138,49,14,12910,-2,-3,-3,0,37302,136,26,66,0,0,0,0,0,0,0,0,-32313,0,0,0,0,0,91095,0
90972,1360,7806,1732,142,37,12,12910,0,-3,-2,0,37302,136,26,66,0,0,0,0,0,0,0,0,-32313,0,0,0,0,0,91100,0
90977,1326,7812,1758,137,36,12,12911,-1,2,-1,0,37307,143,26,66,0,0,0,0,0,0,0,0,-32313,0,0,0,0,0,91105,0
90982,1348,7834,1778,136,30,13,12911,2,0,-3,0,37307,143,26,66,0,0,0,0,0,0,0,0,-32313,0,0,0,0,0,91110,0
90987,1372,7832,1766,138,28,14,12910,-3,-1,-3,0,37309,140,26,66,0,0,0,0,0,0,0,0,-32312,0,0,0,0,0,91115,0
90992,1340,7806,1772,137,21,20,12910,0,2,-1,0,37309,140,26,66,0,0,0,0,0,0,0,0,-32313,0,0,0,0,0,91120,0
90997,1358,7808,1778,137,20,16,12911,0,-2,-2,0,37303,115,26,66,0,0,0,0,0,0,0,0,-32313,0,0,0,0,0,91125,0
91002,1336,7784,1774,132,20,16,12912,0,1,-2,0,37303,115,26,66,0,0,0,0,0,0,0,0,-32313,0,0,0,0,0,91130,0
91007,1302,7782,1804,129,21,20,12910,8,3,-2,0,37301,113,26,66,0,0,0,0,0,0,0,0,-32312,0,0,0,0,0,91135,0
91012,1318,7834,1794,120,17,15,12911,0,-1,-2,0,37301,113,26,66,0,0,0,0,0,0,0,0,-32313,0,0,0,0,0,91140,0
91017,1302,7782,1778,124,24,13,12911,7,-4,-3,0,37300,120,26,66,0,0,0,0,0,0,0,0,-32312,0,0,0,0,0,91145,0
91022,1270,7804,1800,121,16,7,12912,7,1,-2,0,37300,120,26,66,0,0,0,0,0,0,0,0,-32313,0,0,0,0,0,91150,0
91027,1292,7780,1764,118,22,0,12910,-1,4,-2,0,37300,121,26,66,0,0,0,0,0,0,0,0,-32313,0,0,0,0,0,91155,0
91032,1320,7828,1760,125,22,-16,12910,5,-2,-3,0,37300,121,26,66,0,0,0,0,0,0,0,0,-32313,0,0,0,0,0,91160,0
91037,1332,7840,1756,121,26,-21,12911,0,-4,-2,0,37300,117,26,66,0,0,0,0,0,0,0,0,-32312,0,0,0,0,0,91165,0
91042,1310,7838,1774,120,18,-26,12911,3,2,-3,0,37300,117,26,66,0,0,0,0,0,0,0,0,-32312,0,0,0,0,0,91170,0
91047,1286,7846,1776,118,21,-32,12911,3,3,-2,0,37300,120,26,66,0,0,0,0,0,0,0,0,-32312,0,0,0,0,0,91175,0
91052,1272,7838,1764,113,22,-36,12911,2,1,-3,0,37300,120,26,66,0,0,0,0,0,0,0,0,-32312,0,0,0,0,0,91180,0
91057,1282,7832,1760,113,30,-37,12911,-1,-2,-2,0,37302,120,26,66,0,0,0,0,0,0,0,0,-32312,0,0,0,0,0,91185,0
91062,1298,7846,1768,117,24,-42,12910,-3,0,-2,0,37302,120,26,66,0,0,0,0,0,0,0,0,-32313,0,0,0,0,0,91190,0
91067,1344,7844,1776,115,20,-40,12911,4,-4,-6,0,37300,129,26,66,0,0,0,0,0,0,0,0,-32312,0,0,0,0,0,91195,0
91072,1362,7812,1760,113,26,-47,12912,5,1,-2,0,37300,129,26,66,0,0,0,0,0,0,0,0,-32313,0,0,0,0,0,91200,0
91077,1370,7790,1770,113,25,-41,12910,1,0,-2,0,37300,122,26,66,0,0,0,0,0,0,0,0,-32313,0,0,0,0,0,91205,0
91082,1366,7788,1756,111,29,-44,12912,11,3,-1,0,37300,122,26,66,0,0,0,0,0,0,0,0,-32312,0,0,0,0,0,91210,0
91087,1364,7800,1768,115,34,-47,12911,2,-6,-2,0,37300,123,26,66,0,0,0,0,0,0,0,0,-32312,0,0,0,0,0,91215,0
91092,1380,7774,1754,111,36,-43,12911,2,2,-2,0,37300,123,26,66,0,0,0,0,0,0,0,0,-32312,0,0,0,0,0,91220,0
91097,1396,7790,1758,114,45,-44,12910,-5,-1,-1,0,37304,123,26,66,0,0,0,0,0,0,0,0,-32312,0,0,0,0,0,91225,0
91102,1402,7804,1762,118,48,-40,12911,-1,-1,-1,0,37304,123,26,66,0,0,0,0,0,0,0,0,-32313,0,0,0,0,0,91230,0
91107,1382,7816,1760,113,59,-43,12910,0,-2,-2,0,37301,118,26,66,0,0,0,0,0,0,0,0,-32313,0,0,0,0,0,91235,0
91112,1388,7800,1748,117,66,-39,12911,2,0,-3,0,37301,118,26,66,0,0,0,0,0,0,0,0,-32313,0,0,0,0,0,91240,0
91117,1390,7838,1756,114,67,-40,12911,1,-3,-3,0,37301,120,26,66,0,0,0,0,0,0,0,0,-32313,0,0,0,0,0,91245,0
91122,1394,7834,1756,111,74,-47,12910,-1,-1,-2,0,37301,120,26,66,0,0,0,0,0,0,0,0,-32312,0,0,0,0,0,91250,0
91127,1412,7832,1746,109,82,-46,12911,2,1,-2,0,37302,122,26,66,0,0,0,0,0,0,0,0,-32313,0,0,0,0,0,91255,0
91132,1406,7842,1770,112,88,-38,12910,-6,-4,-3,0,37302,122,26,66,0,0,0,0,0,0,0,0,-32313,0,0,0,0,0,91260,0
91137,1440,7848,1752,110,100,-41,12911,3,0,-4,0,37301,120,26,66,0,0,0,0,0,0,0,0,-32313,0,0,0,0,0,91265,0
91142,1428,7862,1758,108,98,-34,12911,5,-1,-1,0,37301,120,26,66,0,0,0,0,0,0,0,0,-32312,0,0,0,0,0,91270,0
91147,1412,7914,1758,108,100,-35,12911,5,0,-1,0,37302,120,26,66,0,0,0,0,0,0,0,0,-32313,0,0,0,0,0,91275,0
91152,1440,7922,1754,100,104,-28,12910,-3,2,-2,0,37302,120,26,66,0,0,0,0,0,0,0,0,-32313,0,0,0,0,0,91280,0
91157,1434,7924,1772,98,113,-30,12910,-6,0,-2,0,37302,120,26,66,0,0,0,0,0,0,0,0,-32313,0,0,0,0,0,91285,0
91162,1440,7926,1736,100,114,-23,12911,-6,-2,-2,0,37302,120,26,66,0,0,0,0,0,0,0,0,-32312,0,0,0,0,0,91290,0
91167,1446,7940,1758,101,119,-20,12911,5,1,-2,0,37301,116,26,66,0,0,0,0,0,0,0,0,-32313,0,0,0,0,0,91295,0
91172,1466,7976,1734,94,128,-15,12911,3,-1,-1,0,37301,116,26,66,0,0,0,0,0,0,0,0,-32314,0,0,0,0,0,91300,0
91177,1448,7994,1750,96,131,-12,12911,1,0,0,0,37307,109,26,66,0,0,0,0,0,0,0,0,-32313,0,0,0,0,0,91305,0
91182,1454,7968,1732,95,131,-9,12910,1,2,-2,0,37307,109,26,66,0,0,0,0,0,0,0,0,-32313,0,0,0,0,0,91310,0
91187,1438,7948,1748,91,136,-4,12911,3,3,-2,0,37309,112,26,66,0,0,0,0,0,0,0,0,-32312,0,0,0,0,0,91315,0
91192,1454,7942,1726,94,146,1,12911,0,-5,-1,0,37309,112,26,66,0,0,0,0,0,0,0,0,-32313,0,0,0,0,0,91320,0
91197,1438,7922,1730,100,146,8,12910,-3,-1,-2,0,37309,119,26,66,0,0,0,0,0,0,0,0,-32312,0,0,0,0,0,91325,0
91202,1438,7940,1716,100,145,8,12911,-1,1,-1,0,37309,119,26,66,0,0,0,0,0,0,0,0,-32313,0,0,0,0,0,91330,0
91207,1438,7908,1702,96,152,11,12911,3,-4,-1,0,37304,124,26,66,0,0,0,0,0,0,0,0,-32312,0,0,0,0,0,91335,0
91212,1442,7880,1706,108,152,15,12912,4,-1,-2,0,37304,124,26,66,0,0,0,0,0,0,0,0,-32312,0,0,0,0,0,91340,0
91217,1424,7866,1696,101,151,22,12912,6,-1,-1,0,37299,119,26,66,0,0,0,0,0,0,0,0,-32313,0,0,0,0,0,91345,0
91222,1400,7896,1688,109,153,24,12910,-1,1,0,0,37299,119,26,66,0,0,0,0,0,0,0,0,-32313,0,0,0,0,0,91350,0
91227,1408,7866,1694,104,148,29,12911,-3,-3,-1,0,37299,115,26,66,0,0,0,0,0,0,0,0,-32312,0,0,0,0,0,91355,0
91232,1372,7858,1680,103,145,34,12911,5,-4,-3,0,37299,115,26,66,0,0,0,0,0,0,0,0,-32312,0,0,0,0,0,91360,0
91237,1396,7854,1706,103,141,35,12911,-1,2,-3,0,37301,123,26,66,0,0,0,0,0,0,0,0,-32312,0,0,0,0,0,91365,0
91242,1386,7806,1672,112,140,39,12911,6,-3,-2,0,37301,123,26,66,0,0,0,0,0,0,0,0,-32313,0,0,0,0,0,91370,0
91247,1362,7818,1656,107,144,43,12911,-2,1,-2,0,37303,128,26,66,0,0,0,0,0,0,0,0,-32313,0,0,0,0,0,91375,0
91252,1360,7762,1658,114,134,49,12911,5,4,-4,0,37303,128,26,66,0,0,0,0,0,0,0,0,-32313,0,0,0,0,0,91380,0
91257,1346,7716,1640,119,133,49,12911,0,-1,0,0,37304,123,26,66,0,0,0,0,0,0,0,0,-32312,0,0,0,0,0,91385,0
91262,1354,7698,1638,118,132,55,12910,-5,-2,-1,0,37304,123,26,66,0,0,0,0,0,0,0,0,-32313,0,0,0,0,0,91390,0
91267,1348,7672,1632,121,125,56,12911,-2,-2,-2,0,37303,115,26,66,0,0,0,0,0,0,0,0,-32312,0,0,0,0,0,91395,0
91272,1342,7638,1652,116,117,64,12910,-6,1,0,0,37303,115,26,66,0,0,0,0,0,0,0,0,-32313,0,0,0,0,0,91400,0
91277,1340,7638,1622,121,114,61,12911,0,1,-1,0,37305,112,26,66,0,0,0,0,0,0,0,0,-32312,0,0,0,0,0,91405,0
91282,1370,7628,1620,117,110,60,12911,2,2,-2,0,37305,112,26,66,0,0,0,0,0,0,0,0,-32312,0,0,0,0,0,91410,0
91287,1352,7654,1624,115,107,61,12910,-5,1,-2,0,37310,118,26,66,0,0,0,0,0,0,0,0,-32313,0,0,0,0,0,91415,0
91292,1330,7724,1622,116,97,65,12910,-6,0,-3,0,37310,118,26,66,0,0,0,0,0,0,0,0,-32312,0,0,0,0,0,91420,0
91297,1328,7754,1596,114,90,67,12910,-5,2,-3,0,37306,114,26,66,0,0,0,0,0,0,0,0,-32313,0,0,0,0,0,91425,0
91302,1328,7770,1616,109,89,67,12910,-1,5,-2,0,37306,114,26,66,0,0,0,0,0,0,0,0,-32313,0,0,0,0,0,91430,0
91307,1336,7806,1580,111,89,64,12911,2,2,-1,0,37306,117,26,66,0,0,0,0,0,0,0,0,-32312,0,0,0,0,0,91435,0
91312,1346,7848,1554,117,88,69,12910,-6,5,-3,0,37306,117,26,66,0,0,0,0,0,0,0,0,-32313,0,0,0,0,0,91440,0
91317,1340,7830,1544,118,95,76,12911,3,3,-2,0,37303,115,26,66,0,0,0,0,0,0,0,0,-32312,0,0,0,0,0,91445,0
91322,1342,7868,1524,122,104,75,12910,1,4,-2,0,37303,115,26,66,0,0,0,0,0,0,0,0,-32313,0,0,0,0,0,91450,0
91327,1386,7846,1522,129,107,71,12910,-4,3,-2,0,37304,114,26,66,0,0,0,0,0,0,0,0,-32313,0,0,0,0,0,91455,0
91332,1368,7862,1520,132,122,75,12910,-2,-1,-1,0,37304,114,26,66,0,0,0,0,0,0,0,0,-32312,0,0,0,0,0,91460,0
91337,1362,7890,1474,141,141,76,12911,4,1,-3,0,37302,113,26,66,0,0,0,0,0,0,0,0,-32312,0,0,0,0,0,91465,0
91342,1376,7878,1494,144,150,73,12909,-7,2,-2,0,37302,113,26,66,0,0,0,0,0,0,0,0,-32312,0,0,0,0,0,91470,0
91347,1382,7908,1474,158,165,82,12911,-2,-2,-1,0,37303,116,26,66,0,0,0,0,0,0,0,0,-32312,0,0,0,0,0,91475,0
91352,1350,7922,1474,163,195,78,12910,1,3,-2,0,37303,116,26,66,0,0,0,0,0,0,0,0,-32312,0,0,0,0,0,91480,0
91357,1302,7930,1460,172,212,82,12910,0,5,-3,0,37303,117,26,66,0,0,0,0,0,0,0,0,-32313,0,0,0,0,0,91485,0
91362,1296,7912,1490,179,230,80,12910,1,0,-3,0,37303,117,26,66,0,0,0,0,0,0,0,0,-32312,0,0,0,0,0,91490,0
91367,1246,7914,1470,186,249,74,12911,0,3,-1,0,37302,116,26,66,0,0,0,0,0,0,0,0,-32312,0,0,0,0,0,91496,0
91372,1222,7882,1474,202,281,70,12910,-3,4,0,0,37302,116,26,66,0,0,0,0,0,0,0,0,-32313,0,0,0,0,0,91501,0
91377,1188,7854,1454,208,289,68,12910,-1,0,-1,0,37301,123,26,66,0,0,0,0,0,0,0,0,-32312,0,0,0,0,0,91506,0
91382,1178,7856,1462,211,302,63,12911,2,-2,-2,0,37301,123,26,66,0,0,0,0,0,0,0,0,-32313,0,0,0,0,0,91511,0
91387,1158,7878,1486,212,320,53,12911,1,1,-3,0,37301,127,26,66,0,0,0,0,0,0,0,0,-32313,0,0,0,0,0,91516,0
91392,1122,7830,1468,230,339,40,12910,-7,0,-1,0,37301,127,26,66,0,0,0,0,0,0,0,0,-32313,0,0,0,0,0,91521,0
91397,1100,7816,1506,237,344,33,12910,-2,-2,-2,0,37308,130,26,66,0,0,0,0,0,0,0,0,-32313,0,0,0,0,0,91526,0
91402,1066,7804,1506,237,353,25,12912,0,-4,-3,0,37308,130,26,66,0,0,0,0,0,0,0,0,-32313,0,0,0,0,0,91531,0
91407,1086,7792,1530,237,361,20,12910,-1,-1,-2,0,37320,129,26,66,0,0,0,0,0,0,0,0,-32312,0,0,0,0,0,91536,0
91412,1114,7804,1552,245,384,14,12910,5,4,-2,0,37320,129,26,66,0,0,0,0,0,0,0,0,-32313,0,0,0,0,0,91541,0
91417,1150,7850,1590,240,388,6,12911,-3,-3,-3,0,37320,125,26,66,0,0,0,0,0,0,0,0,-32313,0,0,0,0,0,91546,0
91422,1164,7828,1610,250,402,6,12912,4,-1,-3,0,37320,125,26,66,0,0,0,0,0,0,0,0,-32312,0,0,0,0,0,91551,0
91427,1170,7816,1590,249,406,-2,12910,1,3,-2,0,37315,117,26,66,0,0,0,0,0,0,0,0,-32312,0,0,0,0,0,91556,0
91432,1164,7788,1620,244,423,-11,12909,0,0,-1,0,37315,117,26,66,0,0,0,0,0,0,0,0,-32313,0,0,0,0,0,91561,0
91437,1158,7804,1652,238,429,-6,12911,-1,-5,-4,0,37300,112,26,66,0,0,0,0,0,0,0,0,-32312,0,0,0,0,0,91566,0
91442,1154,7792,1662,238,435,-10,12911,0,4,-1,0,37300,112,26,66,0,0,0,0,0,0,0,0,-32313,0,0,0,0,0,91571,0
91447,1188,7802,1674,236,438,-13,12912,6,2,0,0,37300,113,26,66,0,0,0,0,0,0,0,0,-32312,0,0,0,0,0,91576,0
91452,1238,7756,1668,233,456,-11,12910,-2,0,-2,0,37300,113,26,66,0,0,0,0,0,0,0,0,-32312,0,0,0,0,0,91581,0
91457,1226,7758,1698,230,460,-13,12910,0,-1,-1,0,37299,119,26,66,0,0,0,0,0,0,0,0,-32313,0,0,0,0,0,91586,0
91462,1234,7744,1708,229,460,-9,12911,2,-1,-3,0,37299,119,26,66,0,0,0,0,0,0,0,0,-32312,0,0,0,0,0,91591,0
91467,1200,7734,1700,228,462,-13,12910,-9,-4,-2,0,37299,125,26,66,0,0,0,0,0,0,0,0,-32312,0,0,0,0,0,91596,0
91472,1204,7668,1718,233,464,-8,12911,1,-1,0,0,37299,125,26,66,0,0,0,0,0,0,0,0,-32313,0,0,0,0,0,91601,0
91477,1226,7660,1734,231,459,-3,12910,-1,-1,-1,0,37300,120,26,66,0,0,0,0,0,0,0,0,-32312,0,0,0,0,0,91606,0
91482,1178,7682,1724,229,464,-4,12910,1,2,-2,0,37300,120,26,66,0,0,0,0,0,0,0,0,-32313,0,0,0,0,0,91611,0
91487,1206,7686,1732,233,462,3,12910,-6,-4,-2,0,37301,118,26,66,0,0,0,0,0,0,0,0,-32313,0,0,0,0,0,91616,0
91492,1168,7698,1714,226,453,3,12910,-5,0,-2,0,37301,118,26,66,0,0,0,0,0,0,0,0,-32313,0,0,0,0,0,91621,0
91497,1170,7670,1720,232,448,-3,12911,1,-1,0,0,37307,120,26,66,0,0,0,0,0,0,0,0,-32313,0,0,0,0,0,91626,0
91502,1170,7678,1716,227,443,-3,12911,3,-2,-1,0,37307,120,26,66,0,0,0,0,0,0,0,0,-32313,0,0,0,0,0,91631,0
91507,1170,7662,1726,220,435,-1,12911,0,2,-3,0,37306,115,26,66,0,0,0,0,0,0,0,0,-32312,0,0,0,0,0,91636,0
91512,1168,7712,1734,228,418,-5,12911,7,0,-3,0,37306,115,26,66,0,0,0,0,0,0,0,0,-32313,0,0,0,0,0,91641,0
91517,1146,7688,1758,214,407,-4,12911,3,3,-2,0,37303,111,26,66,0,0,0,0,0,0,0,0,-32313,0,0,0,0,0,91646,0
91522,1144,7686,1746,218,394,-1,12910,1,1,-3,0,37303,111,26,66,0,0,0,0,0,0,0,0,-32313,0,0,0,0,0,91651,0
91527,1160,7724,1774,211,386,-1,12911,-1,-4,-2,0,37304,115,26,66,0,0,0,0,0,0,0,0,-32313,0,0,0,0,0,91656,0
91532,1252,7868,1808,201,355,-2,12910,-1,3,-1,0,37304,115,26,66,0,0,0,0,0,0,0,0,-32313,0,0,0,0,0,91661,0
91537,1264,7934,1818,203,346,-8,12911,-1,0,-2,0,37303,121,26,66,0,0,0,0,0,0,0,0,-32313,0,0,0,0,0,91666,0
91542,1306,7944,1798,196,330,-8,12911,1,0,-1,0,37303,121,26,66,0,0,0,0,0,0,0,0,-32312,0,0,0,0,0,91671,0
91547,1280,7982,1810,188,319,0,12911,1,5,-2,0,37303,122,26,66,0,0,0,0,0,0,0,0,-32312,0,0,0,0,0,91676,0
91552,1306,7956,1788,177,296,18,12910,0,2,-2,0,37303,122,26,66,0,0,0,0,0,0,0,0,-32312,0,0,0,0,0,91681,0
91557,1280,7952,1806,173,286,20,12911,1,-1,-2,0,37299,121,26,66,0,0,0,0,0,0,0,0,-32312,0,0,0,0,0,91686,0
91562,1318,7918,1822,166,268,32,12910,-3,1,-2,0,37299,121,26,66,0,0,0,0,0,0,0,0,-32312,0,0,0,0,0,91691,0
91567,1370,7934,1822,161,257,38,12909,-6,2,-2,0,37296,117,26,66,0,0,0,0,0,0,0,0,-32312,0,0,0,0,0,91696,0
91572,1396,7916,1792,152,230,54,12911,0,1,-2,0,37296,117,26,66,0,0,0,0,0,0,0,0,-32313,0,0,0,0,0,91701,0
91577,1448,7956,1774,148,216,58,12910,-5,4,-3,0,37297,119,26,66,0,0,0,0,0,0,0,0,-32312,0,0,0,0,0,91706,0
91582,1382,7910,1766,141,211,63,12911,-3,3,-2,0,37297,119,26,66,0,0,0,0,0,0,0,0,-32312,0,0,0,0,0,91711,0
91587,1378,7914,1770,141,195,76,12911,-2,2,-2,0,37296,121,26,66,0,0,0,0,0,0,0,0,-32312,0,0,0,0,0,91716,0
91592,1358,7936,1774,130,175,93,12911,6,2,-2,0,37296,121,26,66,0,0,0,0,0,0,0,0,-32312,0,0,0,0,0,91721,0
91597,1368,7952,1744,139,165,100,12911,1,1,0,0,37300,125,26,66,0,0,0,0,0,0,0,0,-32312,0,0,0,0,0,91726,0
91602,1370,7934,1758,134,164,112,12911,2,2,0,0,37300,125,26,66,0,0,0,0,0,0,0,0,-32312,0,0,0,0,0,91731,0
91607,1358,7980,1736,135,150,118,12911,-1,-1,-2,0,37298,130,26,66,0,0,0,0,0,0,0,0,-32312,0,0,0,0,0,91736,0
91612,1336,7938,1748,141,143,132,12911,3,-1,-2,0,37298,130,26,66,0,0,0,0,0,0,0,0,-32312,0,0,0,0,0,91741,0
91617,1334,7962,1714,139,136,134,12910,-9,-2,-2,0,37300,131,26,66,0,0,0,0,0,0,0,0,-32312,0,0,0,0,0,91746,0
91622,1316,7978,1724,143,131,146,12910,-1,-1,-3,0,37300,131,26,66,0,0,0,0,0,0,0,0,-32312,0,0,0,0,0,91751,0
91627,1322,7986,1740,140,121,143,12910,-5,-2,-2,0,37301,128,26,66,0,0,0,0,0,0,0,0,-32312,0,0,0,0,0,91756,0
91632,1266,8056,1740,146,113,148,12910,-5,-1,0,0,37301,128,26,66,0,0,0,0,0,0,0,0,-32313,0,0,0,0,0,91761,0
91637,1280,8100,1726,141,106,149,12911,0,1,-2,0,37298,119,26,66,0,0,0,0,0,0,0,0,-32312,0,0,0,0,0,91766,0
91642,1270,8098,1760,140,97,154,12911,7,0,-2,0,37298,119,26,66,0,0,0,0,0,0,0,0,-32313,0,0,0,0,0,91771,0
91647,1244,8100,1754,136,77,151,12911,5,1,-1,0,37300,123,26,66,0,0,0,0,0,0,0,0,-32312,0,0,0,0,0,91776,0
91652,1256,8156,1774,126,67,153,12911,1,3,-2,0,37300,123,26,66,0,0,0,0,0,0,0,0,-32313,0,0,0,0,0,91781,0
91657,1242,8140,1762,132,60,154,12911,3,3,-2,0,37300,118,26,66,0,0,0,0,0,0,0,0,-32312,0,0,0,0,0,91786,0
91662,1232,8148,1756,123,54,156,12911,0,0,-2,0,37300,118,26,66,0,0,0,0,0,0,0,0,-32313,0,0,0,0,0,91791,0
91667,1240,8158,1774,116,54,153,12910,-2,4,-2,0,37300,112,26,66,0,0,0,0,0,0,0,0,-32312,0,0,0,0,0,91796,0
91672,1254,8082,1804,107,48,146,12911,-1,-3,-1,0,37300,112,26,66,0,0,0,0,0,0,0,0,-32313,0,0,0,0,0,91801,0
91677,1244,8082,1794,112,50,144,12910,0,-2,0,0,37298,114,26,66,0,0,0,0,0,0,0,0,-32312,0,0,0,0,0,91806,0
91682,1254,8070,1794,95,48,146,12910,0,-5,-2,0,37298,114,26,66,0,0,0,0,0,0,0,0,-32312,0,0,0,0,0,91811,0
91687,1224,8054,1804,94,50,140,12911,0,0,-3,0,37299,118,26,66,0,0,0,0,0,0,0,0,-32312,0,0,0,0,0,91816,0
91692,1220,8040,1784,90,57,133,12911,0,-1,-2,0,37299,118,26,66,0,0,0,0,0,0,0,0,-32312,0,0,0,0,0,91821,0
91697,1212,7998,1776,85,63,132,12911,1,-3,-1,0,37300,126,26,66,0,0,0,0,0,0,0,0,-32312,0,0,0,0,0,91826,0
91702,1216,7974,1808,80,62,122,12911,3,-1,-1,0,37300,126,26,66,0,0,0,0,0,0,0,0,-32312,0,0,0,0,0,91831,0
91707,1178,7932,1802,73,68,118,12910,5,-3,-1,0,37306,123,26,66,0,0,0,0,0,0,0,0,-32312,0,0,0,0,0,91836,0
91712,1198,7880,1798,64,78,113,12910,0,0,-2,0,37306,123,26,66,0,0,0,0,0,0,0,0,-32313,0,0,0,0,0,91841,0
91717,1176,7862,1796,60,86,111,12910,-2,0,-2,0,37305,123,26,66,0,0,0,0,0,0,0,0,-32312,0,0,0,0,0,91846,0
91722,1208,7882,1800,56,93,107,12911,0,1,-1,0,37305,123,26,66,0,0,0,0,0,0,0,0,-32313,0,0,0,0,0,91851,0
91727,1192,7842,1794,48,99,103,12910,-5,-5,-1,0,37304,120,26,66,0,0,0,0,0,0,0,0,-32313,0,0,0,0,0,91856,0
91732,1192,7806,1780,49,110,100,12910,-3,-1,-2,0,37304,120,26,66,0,0,0,0,0,0,0,0,-32313,0,0,0,0,0,91861,0
91737,1146,7764,1804,44,118,95,12911,1,1,-2,0,37299,114,26,66,0,0,0,0,0,0,0,0,-32313,0,0,0,0,0,91866,0
91742,1156,7750,1764,35,123,91,12911,5,3,-2,0,37299,114,26,66,0,0,0,0,0,0,0,0,-32312,0,0,0,0,0,91871,0
91747,1152,7762,1780,32,129,91,12911,-2,4,-2,0,37299,109,26,66,0,0,0,0,0,0,0,0,-32312,0,0,0,0,0,91876,0
91752,1150,7764,1774,21,138,91,12911,0,-1,-2,0,37299,109,26,66,0,0,0,0,0,0,0,0,-32313,0,0,0,0,0,91881,0
91757,1144,7774,1768,18,147,90,12910,-3,2,-2,0,37300,123,26,66,0,0,0,0,0,0,0,0,-32312,0,0,0,0,0,91886,0
91762,1148,7760,1772,12,151,92,12910,0,-2,-2,0,37300,123,26,66,0,0,0,0,0,0,0,0,-32312,0,0,0,0,0,91891,0
91767,1128,7766,1746,17,157,89,12911,-1,-1,-2,0,37300,126,26,66,0,0,0,0,0,0,0,0,-32312,0,0,0,0,0,91896,0
91772,1116,7722,1736,8,168,81,12911,-1,0,-2,0,37300,126,26,66,0,0,0,0,0,0,0,0,-32312,0,0,0,0,0,91901,0
91777,1086,7722,1740,2,168,76,12910,-3,-3,-2,0,37299,120,26,66,0,0,0,0,0,0,0,0,-32312,0,0,0,0,0,91906,0
91782,1108,7696,1724,-5,169,77,12912,12,1,-1,0,37299,120,26,66,0,0,0,0,0,0,0,0,-32312,0,0,0,0,0,91911,0
91787,1136,7700,1724,-6,175,79,12910,0,-2,-2,0,37301,118,26,66,0,0,0,0,0,0,0,0,-32312,0,0,0,0,0,91916,0
91792,1100,7710,1692,-11,177,67,12911,2,4,-2,0,37301,118,26,66,0,0,0,0,0,0,0,0,-32313,0,0,0,0,0,91921,0
91797,1116,7704,1676,-11,179,63,12911,0,2,-1,0,37304,117,26,66,0,0,0,0,0,0,0,0,-32312,0,0,0,0,0,91926,0
91802,1114,7688,1710,-15,185,58,12911,1,0,-1,0,37304,117,26,66,0,0,0,0,0,0,0,0,-32313,0,0,0,0,0,91931,0
91807,1084,7704,1660,-20,190,56,12910,1,-3,-1,0,37304,108,26,66,0,0,0,0,0,0,0,0,-32312,0,0,0,0,0,91936,0
91812,1028,7714,1662,-20,193,54,12910,0,-2,0,0,37304,108,26,66,0,0,0,0,0,0,0,0,-32313,0,0,0,0,0,91941,0
91817,1050,7706,1652,-22,195,44,12911,-4,3,-3,0,37305,105,26,66,0,0,0,0,0,0,0,0,-32312,0,0,0,0,0,91946,0
91822,1042,7678,1644,-24,189,39,12911,-3,0,-3,0,37305,105,26,66,0,0,0,0,0,0,0,0,-32312,0,0,0,0,0,91951,0
91827,1058,7722,1656,-21,195,44,12911,-4,-2,-2,0,37304,105,26,66,0,0,0,0,0,0,0,0,-32313,0,0,0,0,0,91956,0
91832,1044,7710,1602,-23,193,23,12911,0,-3,-1,0,37304,105,26,66,0,0,0,0,0,0,0,0,-32313,0,0,0,0,0,91961,0
91837,1048,7758,1610,-27,191,20,12911,0,0,-2,0,37304,114,26,66,0,0,0,0,0,0,0,0,-32313,0,0,0,0,0,91966,0
91842,1046,7758,1608,-23,187,15,12911,0,1,-3,0,37304,114,26,66,0,0,0,0,0,0,0,0,-32312,0,0,0,0,0,91971,0
91847,1010,7774,1570,-24,189,6,12910,-1,-3,-2,0,37300,117,26,66,0,0,0,0,0,0,0,0,-32312,0,0,0,0,0,91976,0
91852,1028,7868,1560,-21,175,-4,12911,0,6,-2,0,37300,117,26,66,0,0,0,0,0,0,0,0,-32312,0,0,0,0,0,91981,0
91857,1038,7892,1556,-26,172,-9,12910,0,-4,-1,0,37300,121,26,66,0,0,0,0,0,0,0,0,-32312,0,0,0,0,0,91986,0
91862,1036,7910,1570,-20,169,-12,12911,-1,2,-2,0,37300,121,26,66,0,0,0,0,0,0,0,0,-32312,0,0,0,0,0,91991,0
91867,1048,7950,1550,-21,161,-16,12910,-5,1,-4,0,37300,120,26,66,0,0,0,0,0,0,0,0,-32312,0,0,0,0,0,91996,0
91872,1088,8024,1544,-18,150,-26,12910,-7,-4,-1,0,37300,120,26,66,0,0,0,0,0,0,0,0,-32312,0,0,0,0,0,92001,0
91877,1110,8038,1526,-22,150,-26,12911,-2,-1,-1,0,37300,121,26,66,0,0,0,0,0,0,0,0,-32312,0,0,0,0,0,92006,0
91882,1126,8048,1518,-17,146,-29,12911,-4,3,-1,0,37300,121,26,66,0,0,0,0,0,0,0,0,-32312,0,0,0,0,0,92011,0
91887,1122,8036,1524,-13,140,-33,12911,4,2,-2,0,37299,123,26,66,0,0,0,0,0,0,0,0,-32312,0,0,0,0,0,92016,0
91892,1132,8024,1490,-12,126,-38,12910,-3,-4,-2,0,37299,123,26,66,0,0,0,0,0,0,0,0,-32312,0,0,0,0,0,92021,0
91897,1142,7990,1498,-8,130,-43,12910,-1,0,-2,0,37298,123,26,66,0,0,0,0,0,0,0,0,-32313,0,0,0,0,0,92026,0
91902,1156,8004,1498,-12,121,-34,12910,2,-2,-2,0,37298,123,26,66,0,0,0,0,0,0,0,0,-32312,0,0,0,0,0,92031,0
91907,1132,7984,1510,-4,123,-34,12912,7,3,-2,0,37297,122,26,66,0,0,0,0,0,0,0,0,-32312,0,0,0,0,0,92036,0
91912,1154,7998,1478,0,115,-44,12911,3,0,-1,0,37297,122,26,66,0,0,0,0,0,0,0,0,-32312,0,0,0,0,0,92041,0
91917,1166,7968,1500,5,115,-42,12910,0,-2,0,0,37303,113,26,66,0,0,0,0,0,0,0,0,-32313,0,0,0,0,0,92046,0
91922,1156,7988,1484,8,112,-46,12912,7,0,-2,0,37303,113,26,66,0,0,0,0,0,0,0,0,-32312,0,0,0,0,0,92051,0
91927,1154,7994,1482,11,116,-53,12910,-1,1,-1,0,37303,110,26,66,0,0,0,0,0,0,0,0,-32312,0,0,0,0,0,92056,0
91932,1132,7958,1466,16,117,-54,12911,-3,-2,-1,0,37303,110,26,66,0,0,0,0,0,0,0,0,-32313,0,0,0,0,0,92061,0
91937,1156,7974,1454,29,113,-55,12910,-7,-4,-2,0,37303,109,26,66,0,0,0,0,0,0,0,0,-32312,0,0,0,0,0,92066,0
91942,1154,7974,1454,28,122,-58,12911,0,-1,-3,0,37303,109,26,66,0,0,0,0,0,0,0,0,-32312,0,0,0,0,0,92071,0
91947,1172,8008,1466,36,118,-57,12911,-3,-3,-3,0,37298,121,26,66,0,0,0,0,0,0,0,0,-32313,0,0,0,0,0,92076,0
91952,1158,7966,1462,36,128,-65,12911,-1,0,-3,0,37298,121,26,66,0,0,0,0,0,0,0,0,-32312,0,0,0,0,0,92081,0
91957,1166,7948,1476,48,125,-66,12910,4,5,0,0,37299,126,26,66,0,0,0,0,0,0,0,0,-32312,0,0,0,0,0,92086,0
91962,1166,7946,1488,54,124,-74,12911,2,-1,0,0,37299,126,26,66,0,0,0,0,0,0,0,0,-32313,0,0,0,0,0,92091,0
91967,1180,7938,1480,56,128,-72,12911,0,-1,-2,0,37300,123,26,66,0,0,0,0,0,0,0,0,-32312,0,0,0,0,0,92096,0
91972,1236,7922,1528,61,126,-75,12911,2,2,-2,0,37300,123,26,66,0,0,0,0,0,0,0,0,-32312,0,0,0,0,0,92101,0
91977,1200,7922,1522,66,129,-79,12911,1,0,-3,0,37300,124,26,66,0,0,0,0,0,0,0,0,-32313,0,0,0,0,0,92106,0
91982,1248,7928,1516,71,133,-79,12911,2,0,-2,0,37300,124,26,66,0,0,0,0,0,0,0,0,-32312,0,0,0,0,0,92111,0
91987,1264,7922,1548,79,138,-81,12911,-5,-5,-4,0,37300,116,26,66,0,0,0,0,0,0,0,0,-32313,0,0,0,0,0,92116,0
91992,1266,7904,1568,86,154,-88,12911,2,-2,-2,0,37300,116,26,66,0,0,0,0,0,0,0,0,-32312,0,0,0,0,0,92121,0
91997,1276,7860,1588,83,159,-89,12910,-1,2,-2,0,37300,122,26,66,0,0,0,0,0,0,0,0,-32312,0,0,0,0,0,92126,0
92002,1308,7872,1576,83,171,-87,12910,1,-1,-3,0,37300,122,26,66,0,0,0,0,0,0,0,0,-32312,0,0,0,0,0,92131,0
92007,1330,7868,1616,85,182,-89,12911,2,-1,-3,0,37299,111,26,66,0,0,0,0,0,0,0,0,-32312,0,0,0,0,0,92136,0
92012,1312,7828,1618,84,213,-95,12911,-1,0,-2,0,37299,111,26,66,0,0,0,0,0,0,0,0,-32312,0,0,0,0,0,92141,0
92017,1340,7856,1652,86,225,-94,12910,-3,3,-1,0,37299,115,26,66,0,0,0,0,0,0,0,0,-32312,0,0,0,0,0,92146,0
92022,1334,7866,1650,81,243,-102,12910,-8,0,-4,0,37299,115,26,66,0,0,0,0,0,0,0,0,-32312,0,0,0,0,0,92151,0
92027,1344,7836,1646,83,258,-101,12910,-4,2,-2,0,37303,117,25,66,0,0,0,0,0,0,0,0,-32312,0,0,0,0,0,92156,0
92032,1354,7814,1662,80,295,-109,12910,-4,-1,-2,0,37303,117,25,66,0,0,0,0,0,0,0,0,-32312,0,0,0,0,0,92161,0
92037,1338,7818,1696,79,315,-117,12911,-2,2,-2,0,37302,126,26,66,0,0,0,0,0,0,0,0,-32312,0,0,0,0,0,92166,0
92042,1352,7786,1692,67,333,-120,12910,0,0,-1,0,37302,126,26,66,0,0,0,0,0,0,0,0,-32312,0,0,0,0,0,92171,0
92047,1342,7798,1684,63,351,-122,12911,1,5,-1,0,37303,122,26,66,0,0,0,0,0,0,0,0,-32312,0,0,0,0,0,92176,0
92052,1346,7788,1696,63,389,-131,12911,0,-1,-1,0,37303,122,26,66,0,0,0,0,0,0,0,0,-32312,0,0,0,0,0,92181,0
92057,1298,7786,1692,61,415,-132,12910,-5,3,-2,0,37300,128,26,66,0,0,0,0,0,0,0,0,-32312,0,0,0,0,0,92186,0
92062,1324,7820,1702,52,428,-137,12911,0,-1,-1,0,37300,128,26,66,0,0,0,0,0,0,0,0,-32313,0,0,0,0,0,92191,0
92067,1284,7806,1706,56,447,-138,12911,0,-2,-3,0,37300,125,26,66,0,0,0,0,0,0,0,0,-32312,0,0,0,0,0,92196,0
92072,1240,7816,1686,54,484,-144,12911,0,0,-1,0,37300,125,26,66,0,0,0,0,0,0,0,0,-32313,0,0,0,0,0,92201,0
92077,1208,7824,1684,45,507,-149,12911,2,-1,-3,0,37302,116,26,66,0,0,0,0,0,0,0,0,-32312,0,0,0,0,0,92206,0
92082,1200,7836,1690,49,526,-155,12911,-6,-1,-1,0,37302,116,26,66,0,0,0,0,0,0,0,0,-32312,0,0,0,0,0,92211,0
92087,1156,7820,1668,54,551,-165,12911,0,-4,-1,0,37303,115,26,66,0,0,0,0,0,0,0,0,-32312,0,0,0,0,0,92216,0
92092,1138,7904,1676,60,590,-175,12911,5,-1,0,0,37303,115,26,66,0,0,0,0,0,0,0,0,-32312,0,0,0,0,0,92221,0
92097,1074,7940,1684,69,610,-188,12911,4,0,-1,0,37303,111,26,66,0,0,0,0,0,0,0,0,-32312,0,0,0,0,0,92226,0
92102,1084,7980,1672,73,626,-198,12911,0,-2,-1,0,37303,111,26,66,0,0,0,0,0,0,0,0,-32312,0,0,0,0,0,92231,0
92107,1064,7980,1678,83,649,-209,12911,-5,-3,-2,0,37300,114,26,66,0,0,0,0,0,0,0,0,-32313,0,0,0,0,0,92236,0
92112,1012,8042,1648,93,683,-233,12910,-3,1,-3,0,37300,114,26,66,0,0,0,0,0,0,0,0,-32313,0,0,0,0,0,92241,0
92117,962,8016,1666,101,708,-247,12910,0,-2,-2,0,37298,117,26,66,0,0,0,0,0,0,0,0,-32312,0,0,0,0,0,92246,0
92122,942,8024,1680,108,728,-258,12911,5,-4,-4,0,37298,117,26,66,0,0,0,0,0,0,0,0,-32312,0,0,0,0,0,92251,0
92127,950,8022,1678,116,748,-274,12911,0,3,-3,0,37301,118,26,66,0,0,0,0,0,0,0,0,-32312,0,0,0,0,0,92256,0
92132,890,7990,1682,120,785,-299,12911,8,6,0,0,37301,118,26,66,0,0,0,0,0,0,0,0,-32313,0,0,0,0,0,92261,0
92137,850,7974,1698,121,803,-311,12910,1,-2,-2,0,37301,118,26,66,0,0,0,0,0,0,0,0,-32312,0,0,0,0,0,92266,0
92142,864,7964,1686,123,821,-331,12911,-2,-4,-1,0,37301,118,26,66,0,0,0,0,0,0,0,0,-32312,0,0,0,0,0,92271,0
92147,864,7950,1680,126,844,-351,12910,-2,-4,-1,0,37300,115,26,66,0,0,0,0,0,0,0,0,-32312,0,0,0,0,0,92276,0
92152,810,7942,1696,137,870,-386,12911,1,5,-2,0,37300,115,26,66,0,0,0,0,0,0,0,0,-32313,0,0,0,0,0,92281,0
92157,808,7932,1694,137,882,-397,12911,5,0,-2,0,37297,116,26,66,0,0,0,0,0,0,0,0,-32312,0,0,0,0,0,92286,0
92162,780,7940,1672,138,906,-411,12911,7,-3,-3,0,37297,116,26,66,0,0,0,0,0,0,0,0,-32312,0,0,0,0,0,92291,0
92167,754,7904,1708,146,914,-428,12911,-1,0,-3,0,37297,122,26,66,0,0,0,0,0,0,0,0,-32312,0,0,0,0,0,92296,0
92172,726,7898,1712,153,951,-442,12910,-4,1,-2,0,37297,122,26,66,0,0,0,0,0,0,0,0,-32313,0,0,0,0,0,92302,0
92177,706,7874,1740,157,971,-453,12912,6,0,-1,0,37291,120,26,66,0,0,0,0,0,0,0,0,-32314,0,0,0,0,0,92306,0
92182,758,7842,1754,169,998,-469,12911,5,-4,-1,0,37291,120,26,66,0,0,0,0,0,0,0,0,-32313,0,0,0,0,0,92311,0
92187,780,7832,1752,168,1007,-477,12910,-5,4,-2,0,37288,122,26,66,0,0,0,0,0,0,0,0,-32312,0,0,0,0,0,92316,0
92192,778,7754,1804,176,1058,-506,12910,0,-4,-1,0,37288,122,26,66,0,0,0,0,0,0,0,0,-32312,0,0,0,0,0,92321,0
92197,794,7714,1832,178,1082,-521,12911,6,0,-1,0,37289,123,26,66,0,0,0,0,0,0,0,0,-32313,0,0,0,0,0,92326,0
92202,808,7728,1838,179,1114,-535,12911,0,4,-1,0,37289,123,26,66,0,0,0,0,0,0,0,0,-32312,0,0,0,0,0,92331,0
92207,828,7702,1856,184,1137,-549,12911,0,1,0,0,37294,131,26,66,0,0,0,0,0,0,0,0,-32313,0,0,0,0,0,92336,0
92212,866,7634,1854,184,1192,-583,12910,-1,3,-1,0,37294,131,26,66,0,0,0,0,0,0,0,0,-32312,0,0,0,0,0,92341,0
92217,880,7610,1886,182,1223,-603,12911,0,-5,-1,0,37299,132,26,66,0,0,0,0,0,0,0,0,-32312,0,0,0,0,0,92346,0
92222,882,7576,1890,185,1245,-617,12910,-2,-3,-1,0,37299,132,26,66,0,0,0,0,0,0,0,0,-32313,0,0,0,0,0,92351,0
92227,918,7534,1898,184,1277,-625,12912,2,3,0,0,37303,124,26,66,0,0,0,0,0,0,0,0,-32312,0,0,0,0,0,92356,0
92232,954,7504,1934,180,1337,-659,12911,-2,-2,-3,0,37303,124,26,66,0,0,0,0,0,0,0,0,-32313,0,0,0,0,0,92361,0
92237,954,7426,1922,176,1365,-668,12911,2,3,-4,0,37303,112,26,66,0,0,0,0,0,0,0,0,-32312,0,0,0,0,0,92366,0
92242,956,7470,1920,177,1394,-679,12911,-1,-4,-3,0,37303,112,26,66,0,0,0,0,0,0,0,0,-32312,0,0,0,0,0,92371,0
92247,1010,7456,1916,173,1430,-693,12910,-4,2,-2,0,37302,113,26,66,0,0,0,0,0,0,0,0,-32312,0,0,0,0,0,92376,0
92252,1058,7428,1944,162,1481,-698,12910,-3,2,-2,0,37302,113,26,66,0,0,0,0,0,0,0,0,-32312,0,0,0,0,0,92381,0
92257,1060,7386,1936,158,1498,-708,12910,0,-1,-1,0,37298,117,26,66,0,0,0,0,0,0,0,0,-32313,0,0,0,0,0,92386,0
92262,1118,7360,1932,154,1522,-706,12910,-3,5,-1,0,37298,117,26,66,0,0,0,0,0,0,0,0,-32313,0,0,0,0,0,92391,0
92267,1110,7348,1950,154,1544,-713,12909,-4,-1,-3,0,37296,122,26,66,0,0,0,0,0,0,0,0,-32312,0,0,0,0,0,92396,0
92272,1140,7360,1944,147,1594,-705,12912,1,1,-4,0,37296,122,26,66,0,0,0,0,0,0,0,0,-32313,0,0,0,0,0,92401,0
92277,1164,7354,1956,148,1611,-691,12910,3,3,-2,0,37298,122,26,66,0,0,0,0,0,0,0,0,-32313,0,0,0,0,0,92406,0
92282,1162,7350,1970,137,1631,-681,12910,3,2,-1,0,37298,122,26,66,0,0,0,0,0,0,0,0,-32313,0,0,0,0,0,92411,0
92287,1180,7372,1960,134,1652,-668,12909,-8,-2,-2,0,37301,118,26,66,0,0,0,0,0,0,0,0,-32312,0,0,0,0,0,92416,0
92292,1186,7388,1986,131,1696,-633,12910,-3,2,-2,0,37301,118,26,66,0,0,0,0,0,0,0,0,-32312,0,0,0,0,0,92421,0
92297,1194,7406,1984,129,1716,-612,12909,-6,4,-2,0,37303,115,26,66,0,0,0,0,0,0,0,0,-32312,0,0,0,0,0,92426,0
92302,1200,7402,2002,130,1738,-597,12911,0,2,-1,0,37303,115,26,66,0,0,0,0,0,0,0,0,-32312,0,0,0,0,0,92431,0
92307,1204,7414,1964,126,1762,-575,12910,-1,-2,-2,0,37302,115,26,66,0,0,0,0,0,0,0,0,-32312,0,0,0,0,0,92436,0
92312,1178,7408,1996,123,1798,-537,12911,-4,5,-3,0,37302,115,26,66,0,0,0,0,0,0,0,0,-32312,0,0,0,0,0,92441,0
92317,1162,7380,1974,116,1818,-519,12910,2,-2,-4,0,37300,118,26,66,0,0,0,0,0,0,0,0,-32312,0,0,0,0,0,92446,0
92322,1210,7364,1968,122,1838,-499,12911,1,3,-2,0,37300,118,26,66,0,0,0,0,0,0,0,0,-32313,0,0,0,0,0,92451,0
92327,1170,7426,1954,108,1851,-481,12911,8,4,-1,0,37297,120,26,66,0,0,0,0,0,0,0,0,-32312,0,0,0,0,0,92456,0
92332,1164,7434,1942,119,1883,-449,12910,0,1,0,0,37297,120,26,66,0,0,0,0,0,0,0,0,-32312,0,0,0,0,0,92461,0
92337,1138,7468,1944,116,1899,-428,12911,2,-2,0,0,37306,126,26,66,0,0,0,0,0,0,0,0,-32312,0,0,0,0,0,92466,0
92342,1076,7488,1948,113,1909,-408,12910,-1,-1,-3,0,37306,126,26,66,0,0,0,0,0,0,0,0,-32313,0,0,0,0,0,92471,0
92347,1042,7554,1930,114,1926,-393,12911,5,4,-1,0,37310,130,26,66,0,0,0,0,0,0,0,0,-32312,0,0,0,0,0,92476,0
92352,980,7690,1920,117,1938,-355,12910,-1,-7,-3,0,37310,130,26,66,0,0,0,0,0,0,0,0,-32312,0,0,0,0,0,92481,0
92357,956,7730,1920,115,1950,-337,12910,1,0,-2,0,37313,127,26,66,0,0,0,0,0,0,0,0,-32313,0,0,0,0,0,92486,0
92362,908,7800,1908,116,1961,-323,12911,-8,-4,-3,0,37313,127,26,66,0,0,0,0,0,0,0,0,-32313,0,0,0,0,0,92491,0
92367,900,7844,1932,115,1957,-308,12910,1,0,-4,0,37305,123,26,66,0,0,0,0,0,0,0,0,-32313,0,0,0,0,0,92497,0
92372,836,7958,1890,117,1964,-278,12910,-3,-1,-2,0,37305,123,26,66,0,0,0,0,0,0,0,0,-32312,0,0,0,0,0,92502,0
92377,802,7984,1884,118,1967,-269,12911,-1,-2,-1,0,37300,119,26,66,0,0,0,0,0,0,0,0,-32312,0,0,0,0,0,92507,0
92382,754,8000,1892,120,1961,-257,12911,-2,0,0,0,37300,119,26,66,0,0,0,0,0,0,0,0,-32312,0,0,0,0,0,92512,0
92387,740,8030,1874,122,1962,-245,12911,-1,4,-2,0,37298,120,26,66,0,0,0,0,0,0,0,0,-32312,0,0,0,0,0,92517,0
92392,660,8064,1860,118,1943,-219,12910,1,-4,-1,0,37298,120,26,66,0,0,0,0,0,0,0,0,-32313,0,0,0,0,0,92522,0
92397,630,8080,1848,126,1939,-215,12911,2,1,-2,0,37297,122,26,66,0,0,0,0,0,0,0,0,-32313,0,0,0,0,0,92527,0
92402,588,8104,1848,124,1929,-197,12910,-5,2,-1,0,37297,122,26,66,0,0,0,0,0,0,0,0,-32313,0,0,0,0,0,92532,0
92407,586,8076,1816,128,1910,-188,12910,-7,4,-1,0,37296,114,26,66,0,0,0,0,0,0,0,0,-32313,0,0,0,0,0,92537,0
92412,500,8068,1792,131,1880,-172,12911,0,-4,-1,0,37296,114,26,66,0,0,0,0,0,0,0,0,-32312,0,0,0,0,0,92542,0
92417,470,8066,1758,132,1867,-170,12910,-4,2,-1,0,37296,117,26,66,0,0,0,0,0,0,0,0,-32312,0,0,0,0,0,92547,0
92422,472,8064,1768,136,1854,-154,12910,-3,1,-2,0,37296,117,26,66,0,0,0,0,0,0,0,0,-32312,0,0,0,0,0,92552,0
92427,406,8010,1752,134,1833,-157,12911,-3,-1,0,0,37297,121,26,66,0,0,0,0,0,0,0,0,-32313,0,0,0,0,0,92557,0
92432,366,7972,1742,145,1792,-148,12910,2,7,0,0,37297,121,26,66,0,0,0,0,0,0,0,0,-32312,0,0,0,0,0,92562,0
92437,350,7984,1734,152,1778,-147,12910,0,1,-1,0,37306,116,26,66,0,0,0,0,0,0,0,0,-32312,0,0,0,0,0,92567,0
92442,332,7970,1714,157,1761,-148,12911,-5,-1,-2,0,37306,116,26,66,0,0,0,0,0,0,0,0,-32312,0,0,0,0,0,92572,0
92447,302,7970,1702,160,1737,-146,12910,-2,3,-1,0,37304,109,26,66,0,0,0,0,0,0,0,0,-32312,0,0,0,0,0,92577,0
92452,270,8008,1690,171,1704,-145,12909,-8,2,-2,0,37304,109,26,66,0,0,0,0,0,0,0,0,-32312,0,0,0,0,0,92582,0
92457,242,8008,1686,179,1687,-145,12911,0,0,-1,0,37304,100,26,66,0,0,0,0,0,0,0,0,-32312,0,0,0,0,0,92587,0
92462,232,7984,1658,179,1661,-139,12910,-1,1,-1,0,37304,100,26,66,0,0,0,0,0,0,0,0,-32313,0,0,0,0,0,92592,0
92467,246,7970,1624,187,1639,-134,12911,-1,6,-2,0,37302,107,26,66,0,0,0,0,0,0,0,0,-32312,0,0,0,0,0,92597,0
92472,212,7908,1626,203,1596,-137,12911,0,0,-1,0,37302,107,26,66,0,0,0,0,0,0,0,0,-32313,0,0,0,0,0,92602,0
92477,250,7878,1572,213,1574,-135,12910,0,1,-2,0,37298,106,26,66,0,0,0,0,0,0,0,0,-32312,0,0,0,0,0,92607,0
92482,274,7846,1564,224,1548,-131,12912,-2,-4,-1,0,37298,106,26,66,0,0,0,0,0,0,0,0,-32312,0,0,0,0,0,92612,0
92487,268,7824,1564,229,1521,-130,12910,-2,-2,-4,0,37297,108,26,66,0,0,0,0,0,0,0,0,-32312,0,0,0,0,0,92617,0
92492,288,7802,1546,251,1475,-120,12910,2,2,-2,0,37297,108,26,66,0,0,0,0,0,0,0,0,-32312,0,0,0,0,0,92622,0
92497,250,7774,1564,260,1455,-109,12911,-4,-3,-1,0,37299,115,26,66,0,0,0,0,0,0,0,0,-32312,0,0,0,0,0,92627,0
92502,242,7768,1544,272,1428,-100,12910,2,0,-2,0,37299,115,26,66,0,0,0,0,0,0,0,0,-32312,0,0,0,0,0,92632,0
92507,224,7764,1558,284,1399,-91,12910,-1,2,-2,0,37300,118,26,66,0,0,0,0,0,0,0,0,-32312,0,0,0,0,0,92637,0
92512,226,7740,1562,310,1348,-64,12910,-2,0,-2,0,37300,118,26,66,0,0,0,0,0,0,0,0,-32313,0,0,0,0,0,92642,0
92517,198,7726,1544,320,1324,-57,12911,5,0,-2,0,37300,123,26,66,0,0,0,0,0,0,0,0,-32312,0,0,0,0,0,92647,0
92522,186,7720,1548,334,1307,-49,12911,3,2,-1,0,37300,123,26,66,0,0,0,0,0,0,0,0,-32313,0,0,0,0,0,92652,0
92527,164,7670,1566,349,1274,-35,12910,-1,1,-1,0,37300,126,26,66,0,0,0,0,0,0,0,0,-32312,0,0,0,0,0,92657,0
92532,126,7598,1554,373,1222,-7,12911,2,-1,-2,0,37300,126,26,66,0,0,0,0,0,0,0,0,-32313,0,0,0,0,0,92662,0
92537,112,7526,1528,384,1194,3,12911,0,-4,-2,0,37300,134,26,66,0,0,0,0,0,0,0,0,-32313,0,0,0,0,0,92667,0
92542,124,7502,1546,396,1167,13,12911,5,4,-3,0,37300,134,26,66,0,0,0,0,0,0,0,0,-32313,0,0,0,0,0,92672,0
92547,86,7490,1568,407,1141,22,12911,2,-4,-2,0,37306,130,26,66,0,0,0,0,0,0,0,0,-32313,0,0,0,0,0,92677,0
92552,82,7370,1554,433,1088,45,12911,1,2,-2,0,37306,130,26,66,0,0,0,0,0,0,0,0,-32312,0,0,0,0,0,92682,0
92557,50,7354,1544,446,1059,47,12910,-1,-1,0,0,37307,127,26,66,0,0,0,0,0,0,0,0,-32313,0,0,0,0,0,92687,0
92562,80,7340,1558,456,1037,54,12912,6,-2,-1,0,37307,127,26,66,0,0,0,0,0,0,0,0,-32313,0,0,0,0,0,92692,0
92567,64,7344,1516,465,1018,63,12910,2,1,-2,0,37305,125,26,66,0,0,0,0,0,0,0,0,-32313,0,0,0,0,0,92697,0
92572,52,7352,1520,487,972,74,12911,-1,-2,-1,0,37305,125,26,66,0,0,0,0,0,0,0,0,-32312,0,0,0,0,0,92702,0
92577,118,7354,1514,498,958,81,12910,-3,-6,-2,0,37300,129,26,66,0,0,0,0,0,0,0,0,-32312,0,0,0,0,0,92707,0
92582,116,7368,1534,506,944,85,12910,-7,1,-2,0,37300,129,26,66,0,0,0,0,0,0,0,0,-32313,0,0,0,0,0,92712,0
92587,130,7402,1542,513,934,89,12911,0,-4,-2,0,37299,119,26,66,0,0,0,0,0,0,0,0,-32312,0,0,0,0,0,92717,0
92592,178,7486,1544,530,928,107,12910,-1,-3,-1,0,37299,119,26,66,0,0,0,0,0,0,0,0,-32312,0,0,0,0,0,92722,0
92597,226,7522,1556,535,926,111,12910,-4,3,-2,0,37299,114,26,66,0,0,0,0,0,0,0,0,-32312,0,0,0,0,0,92727,0
92602,240,7492,1522,539,932,120,12910,-1,-4,-3,0,37299,114,26,66,0,0,0,0,0,0,0,0,-32312,0,0,0,0,0,92732,0
92607,266,7554,1520,541,935,125,12912,2,3,-2,0,37301,121,26,66,0,0,0,0,0,0,0,0,-32312,0,0,0,0,0,92737,0
92612,318,7576,1500,550,952,132,12910,3,2,-2,0,37301,121,26,66,0,0,0,0,0,0,0,0,-32313,0,0,0,0,0,92742,0
92617,312,7580,1488,548,953,142,12909,-5,2,-2,0,37302,130,26,66,0,0,0,0,0,0,0,0,-32313,0,0,0,0,0,92747,0
92622,318,7588,1498,549,952,147,12910,3,2,-3,0,37302,130,26,66,0,0,0,0,0,0,0,0,-32313,0,0,0,0,0,92752,0
92627,298,7576,1506,557,960,154,12910,1,1,-3,0,37304,116,26,66,0,0,0,0,0,0,0,0,-32313,0,0,0,0,0,92757,0
92632,344,7620,1464,551,971,179,12911,11,4,-2,0,37304,116,26,66,0,0,0,0,0,0,0,0,-32312,0,0,0,0,0,92762,0
92637,352,7580,1458,555,980,188,12911,3,0,-3,0,37304,110,26,66,0,0,0,0,0,0,0,0,-32312,0,0,0,0,0,92767,0
92642,356,7556,1424,551,990,195,12911,5,1,-2,0,37304,110,26,66,0,0,0,0,0,0,0,0,-32312,0,0,0,0,0,92772,0
92647,358,7528,1436,553,993,209,12910,3,0,-1,0,37304,117,26,66,0,0,0,0,0,0,0,0,-32312,0,0,0,0,0,92777,0
92652,100,9142,1914,518,1052,203,12911,5,0,-1,0,37304,117,26,66,0,0,0,0,0,0,0,0,-32313,0,0,0,0,0,92782,0
92657,-1296,9374,1828,507,1093,-47,12912,5,2,-2,0,37305,118,26,66,0,0,0,0,0,0,0,0,-32313,0,0,0,0,0,92787,0
92662,-54,10146,2166,438,1205,-210,12912,14,2,-13,0,37305,118,26,66,0,0,0,0,0,0,0,0,-32313,0,0,0,0,0,92792,0
92667,-3848,9888,2026,447,1110,-406,12922,46,22,-72,0,37300,116,26,66,0,0,0,0,0,0,0,0,-32313,0,0,0,0,0,92797,0
92672,-3118,9946,942,470,1054,-517,12951,141,82,-189,0,37300,116,26,66,0,0,0,0,0,0,0,0,-32312,0,0,0,0,0,92802,0
92677,-2920,9814,1056,480,992,-370,13010,268,185,-340,0,37310,116,26,66,0,0,0,0,0,0,0,0,-32312,0,0,0,0,0,92807,0
92682,-1866,9842,1134,501,1093,-356,13088,348,279,-473,0,37310,116,26,66,0,0,0,0,0,0,0,0,-32313,0,0,0,0,0,92812,0
92687,-1858,9868,912,556,1092,-382,13178,396,315,-579,0,37320,113,26,66,0,0,0,0,0,0,0,0,-32312,0,0,0,0,0,92817,0
92692,-578,10826,1018,575,1125,-363,13269,400,259,-610,0,37320,113,26,66,0,0,0,0,0,0,0,0,-32313,0,0,0,0,0,92822,0
92697,-80,10322,1192,563,1126,-377,13354,371,143,-580,0,37332,118,26,66,0,0,0,0,0,0,0,0,-32313,0,0,0,0,0,92827,0
92702,170,10092,1410,570,1139,-419,13433,331,24,-522,0,37332,118,26,66,0,0,0,0,0,0,0,0,-32313,0,0,0,0,0,92832,0
92707,120,9592,1396,575,1122,-414,13500,295,-65,-452,0,37327,112,26,66,0,0,0,0,0,0,0,0,-32312,0,0,0,0,0,92837,0
92712,72,8456,1338,597,1187,-422,13565,286,-102,-408,0,37327,112,26,66,0,0,0,0,0,0,0,0,-32313,0,0,0,0,0,92842,0
92717,-90,7794,1338,582,1212,-426,13630,281,-92,-414,0,37315,110,26,66,0,0,0,0,0,0,0,0,-32313,0,0,0,0,0,92847,0
92722,-336,7412,1282,597,1231,-424,13696,284,-55,-436,0,37315,110,26,66,0,0,0,0,0,0,0,0,-32312,0,0,0,0,0,92852,0
92727,-482,7340,1238,602,1231,-410,13763,295,-18,-437,0,37306,105,26,66,0,0,0,0,0,0,0,0,-32312,0,0,0,0,0,92857,0
92732,-678,7362,1414,601,1242,-397,13832,304,10,-430,0,37306,105,26,66,0,0,0,0,0,0,0,0,-32312,0,0,0,0,0,92862,0
92737,-544,7252,1406,609,1242,-388,13900,300,14,-421,0,37305,104,26,66,0,0,0,0,0,0,0,0,-32312,0,0,0,0,0,92867,0
92742,-602,7360,1460,607,1242,-381,13969,296,13,-431,0,37305,104,26,66,0,0,0,0,0,0,0,0,-32312,0,0,0,0,0,92872,0
92747,-640,7384,1482,609,1242,-368,14033,282,-3,-405,0,37303,111,26,66,0,0,0,0,0,0,0,0,-32313,0,0,0,0,0,92877,0
92752,-588,7632,1454,621,1247,-351,14097,282,-17,-393,0,37303,111,26,66,0,0,0,0,0,0,0,0,-32313,0,0,0,0,0,92882,0
92757,-584,7720,1402,629,1245,-342,14162,287,-21,-405,0,37302,112,26,66,0,0,0,0,0,0,0,0,-32313,0,0,0,0,0,92887,0
92762,-686,7782,1354,629,1255,-336,14228,288,-5,-431,0,37302,112,26,66,0,0,0,0,0,0,0,0,-32312,0,0,0,0,0,92892,0
92767,-790,7746,1278,636,1257,-328,14293,285,1,-426,0,37306,110,26,66,0,0,0,0,0,0,0,0,-32312,0,0,0,0,0,92897,0
92772,-1268,7996,1378,638,1251,-312,14362,310,14,-431,0,37306,110,26,66,0,0,0,0,0,0,0,0,-32312,0,0,0,0,0,92902,0
92777,-2742,8932,1874,608,1124,-318,14430,300,11,-443,0,37309,107,26,66,0,0,0,0,0,0,0,0,-32312,0,0,0,0,0,92907,0
92782,-4082,8740,1852,601,807,-312,14497,288,11,-458,0,37309,107,26,66,0,0,0,0,0,0,0,0,-32312,0,0,0,0,0,92912,0
92787,-3864,8688,1854,637,415,-336,14566,297,10,-436,0,37309,112,26,66,0,0,0,0,0,0,0,0,-32312,0,0,0,0,0,92917,0
92792,-1484,8238,956,679,304,-277,14634,299,0,-417,0,37309,112,26,66,0,0,0,0,0,0,0,0,-32312,0,0,0,0,0,92922,0
92797,-2024,7906,646,701,232,-262,14705,315,4,-424,0,37306,117,26,66,0,0,0,0,0,0,0,0,-32312,0,0,0,0,0,92927,0
92802,-2196,7852,576,718,125,-252,14772,301,5,-435,0,37306,117,26,66,0,0,0,0,0,0,0,0,-32312,0,0,0,0,0,92932,0
92807,-1714,7758,664,736,40,-238,14834,271,-8,-391,0,37306,113,26,66,0,0,0,0,0,0,0,0,-32312,0,0,0,0,0,92937,0
92812,-1250,7788,1084,740,34,-203,14894,261,-26,-366,0,37306,113,26,66,0,0,0,0,0,0,0,0,-32313,0,0,0,0,0,92942,0
92817,-1254,7676,1206,736,22,-184,14948,240,-51,-345,0,37304,116,26,66,0,0,0,0,0,0,0,0,-32313,0,0,0,0,0,92947,0
92822,-1078,7704,1304,744,7,-173,14995,213,-71,-332,0,37304,116,26,66,0,0,0,0,0,0,0,0,-32313,0,0,0,0,0,92952,0
92827,-792,7760,1348,757,10,-164,15034,169,-82,-287,0,37303,123,26,66,0,0,0,0,0,0,0,0,-32312,0,0,0,0,0,92957,0
92832,-956,7938,1280,713,251,-139,15071,154,-81,-240,0,37303,123,26,66,0,0,0,0,0,0,0,0,-32313,0,0,0,0,0,92962,0
92837,-1348,7808,990,741,157,-150,15101,143,-89,-208,0,37303,130,26,66,0,0,0,0,0,0,0,0,-32312,0,0,0,0,0,92967,0
92842,-830,8000,918,747,109,-143,15128,115,-80,-196,0,37303,130,26,66,0,0,0,0,0,0,0,0,-32312,0,0,0,0,0,92972,0
92847,-746,8000,922,751,139,-126,15145,63,-79,-133,0,37303,128,26,66,0,0,0,0,0,0,0,0,-32313,0,0,0,0,0,92977,0
92852,-1426,7748,846,756,93,-103,15157,49,-89,-97,0,37303,128,26,66,0,0,0,0,0,0,0,0,-32312,0,0,0,0,0,92982,0
92857,-1484,7642,910,767,90,-88,15168,38,-85,-83,0,37302,123,26,66,0,0,0,0,0,0,0,0,-32312,0,0,0,0,0,92987,0
92862,-1650,7548,934,766,77,-63,15173,18,-83,-45,0,37302,123,26,66,0,0,0,0,0,0,0,0,-32312,0,0,0,0,0,92992,0
92867,-2062,7134,968,765,67,-27,15171,-2,-70,-8,0,37305,128,26,66,0,0,0,0,0,0,0,0,-32312,0,0,0,0,0,92997,0
92872,-3584,6350,960,760,56,89,15172,2,-53,-3,0,37305,128,26,66,0,0,0,0,0,0,0,0,-32313,0,0,0,0,0,93002,0
92877,-3696,7046,692,744,63,173,15170,-2,-42,0,0,37304,132,26,66,0,0,0,0,0,0,0,0,-32312,0,0,0,0,0,93007,0
92882,-3402,7976,468,745,79,263,15168,-16,-24,8,0,37304,132,26,66,0,0,0,0,0,0,0,0,-32312,0,0,0,0,0,93012,0
92887,-2890,8658,428,751,90,324,15165,-15,-8,15,0,37306,129,26,66,0,0,0,0,0,0,0,0,-32312,0,0,0,0,0,93017,0
92892,-66,8676,558,776,-28,294,15159,-34,-25,46,0,37306,129,26,66,0,0,0,0,0,0,0,0,-32313,0,0,0,0,0,93022,0
92897,1452,8610,706,773,-58,255,15134,-115,-64,146,0,37309,120,26,66,0,0,0,0,0,0,0,0,-32313,0,0,0,0,0,93027,0
92902,2226,8550,706,758,-19,201,15078,-261,-163,321,0,37309,120,26,66,0,0,0,0,0,0,0,0,-32313,0,0,0,0,0,93032,0
92907,1878,8400,598,746,5,163,14992,-392,-289,518,0,37305,118,26,66,0,0,0,0,0,0,0,0,-32312,0,0,0,0,0,93037,0
92912,662,8332,294,716,82,87,14882,-496,-380,817,0,37305,118,26,66,0,0,0,0,0,0,0,0,-32312,0,0,0,0,0,93042,0
92917,392,8388,192,713,84,63,14761,-533,-384,1065,0,37306,113,26,66,0,0,0,0,0,0,0,0,-32312,0,0,0,0,0,93047,0
92922,220,8482,228,707,78,39,14639,-529,-298,1104,0,37306,113,26,66,0,0,0,0,0,0,0,0,-32312,0,0,0,0,0,93052,0
92927,314,8604,316,705,64,-2,14520,-520,-110,1048,0,37307,110,26,66,0,0,0,0,0,0,0,0,-32313,0,0,0,0,0,93057,0
92932,520,8634,476,698,62,-50,14414,-470,-4,925,0,37307,110,26,66,0,0,0,0,0,0,0,0,-32313,0,0,0,0,0,93062,0
92937,-16,8596,448,688,42,-82,14317,-414,29,730,0,37308,103,26,66,0,0,0,0,0,0,0,0,-32312,0,0,0,0,0,93067,0
92942,-240,8454,428,693,53,-88,14238,-343,107,541,0,37308,103,26,66,0,0,0,0,0,0,0,0,-32312,0,0,0,0,0,93072,0
92947,-398,8370,384,689,52,-99,14172,-281,126,413,0,37309,103,26,66,0,0,0,0,0,0,0,0,-32312,0,0,0,0,0,93077,0
92952,-276,8168,468,679,55,-116,14122,-219,217,339,0,37309,103,26,66,0,0,0,0,0,0,0,0,-32313,0,0,0,0,0,93082,0
92957,-370,8038,492,677,55,-118,14085,-152,222,274,0,37306,104,26,66,0,0,0,0,0,0,0,0,-32313,0,0,0,0,0,93087,0
92962,-698,7962,536,674,58,-122,14058,-110,217,214,0,37306,104,26,66,0,0,0,0,0,0,0,0,-32313,0,0,0,0,0,93092,0
92967,-840,7930,578,673,64,-119,14048,-35,208,115,0,37302,109,26,66,0,0,0,0,0,0,0,0,-32312,0,0,0,0,0,93097,0
92972,-918,7832,606,663,70,-110,14045,-10,195,39,0,37302,109,26,66,0,0,0,0,0,0,0,0,-32313,0,0,0,0,0,93102,0
92977,-918,7840,562,671,75,-102,14046,-4,169,9,0,37308,121,26,66,0,0,0,0,0,0,0,0,-32313,0,0,0,0,0,93107,0
92982,-894,7908,558,667,78,-98,14045,-7,121,6,0,37308,121,26,66,0,0,0,0,0,0,0,0,-32312,0,0,0,0,0,93112,0
92987,-884,8064,550,673,78,-97,14042,-17,64,13,0,37308,117,26,66,0,0,0,0,0,0,0,0,-32313,0,0,0,0,0,93117,0
92992,-750,8050,664,679,82,-91,14040,-18,13,25,0,37308,117,26,66,0,0,0,0,0,0,0,0,-32313,0,0,0,0,0,93122,0
92997,-564,8100,654,678,83,-93,14035,-29,-12,47,0,37306,123,26,66,0,0,0,0,0,0,0,0,-32313,0,0,0,0,0,93127,0
93002,-424,8156,574,683,83,-98,14024,-44,-24,81,0,37306,123,26,66,0,0,0,0,0,0,0,0,-32312,0,0,0,0,0,93132,0
93007,-396,8198,614,682,86,-95,14008,-75,-42,117,0,37298,118,26,66,0,0,0,0,0,0,0,0,-32312,0,0,0,0,0,93137,0
93012,-404,8238,516,689,93,-111,13995,-58,-52,108,0,37298,118,26,66,0,0,0,0,0,0,0,0,-32312,0,0,0,0,0,93142,0
93017,-358,8276,478,693,83,-115,13988,-22,-22,60,0,37297,120,26,66,0,0,0,0,0,0,0,0,-32313,0,0,0,0,0,93147,0
93022,-368,8252,420,696,79,-127,13988,-6,21,22,0,37297,120,26,66,0,0,0,0,0,0,0,0,-32312,0,0,0,0,0,93152,0
93027,-364,8246,370,699,75,-138,13988,1,56,6,0,37299,118,26,66,0,0,0,0,0,0,0,0,-32313,0,0,0,0,0,93157,0
93032,-304,8248,372,704,68,-155,13988,-1,58,4,0,37299,118,26,66,0,0,0,0,0,0,0,0,-32313,0,0,0,0,0,93162,0
93037,-328,8186,342,700,69,-167,13986,-8,34,8,0,37298,122,26,66,0,0,0,0,0,0,0,0,-32312,0,0,0,0,0,93167,0
93042,-316,8200,342,708,71,-173,13986,-4,11,12,0,37298,122,26,66,0,0,0,0,0,0,0,0,-32312,0,0,0,0,0,93172,0
93047,-346,8186,352,709,69,-185,13985,-5,-2,18,0,37296,119,26,66,0,0,0,0,0,0,0,0,-32312,0,0,0,0,0,93177,0
93052,-408,8216,262,703,69,-201,13982,-15,-6,27,0,37296,119,26,66,0,0,0,0,0,0,0,0,-32312,0,0,0,0,0,93182,0
93057,-406,8206,202,706,66,-203,13977,-26,-11,37,0,37295,123,26,66,0,0,0,0,0,0,0,0,-32313,0,0,0,0,0,93187,0
93062,-412,8248,176,700,66,-212,13969,-45,-21,59,0,37295,123,26,66,0,0,0,0,0,0,0,0,-32312,0,0,0,0,0,93192,0
93067,-444,8230,136,698,53,-223,13956,-64,-34,95,0,37297,119,26,66,0,0,0,0,0,0,0,0,-32313,0,0,0,0,0,93197,0
93072,-506,8216,94,696,43,-235,13940,-65,-48,114,0,37297,119,26,66,0,0,0,0,0,0,0,0,-32313,0,0,0,0,0,93202,0
93077,-554,8154,112,696,44,-238,13933,-33,-35,80,0,37299,111,26,66,0,0,0,0,0,0,0,0,-32312,0,0,0,0,0,93207,0
93082,-668,8110,84,689,39,-245,13932,-1,2,21,0,37299,111,26,66,0,0,0,0,0,0,0,0,-32313,0,0,0,0,0,93212,0
93087,-766,8074,54,685,32,-247,13932,0,49,1,0,37301,113,26,66,0,0,0,0,0,0,0,0,-32312,0,0,0,0,0,93217,0
93092,-924,8006,84,682,33,-240,13932,1,63,2,0,37301,113,26,66,0,0,0,0,0,0,0,0,-32312,0,0,0,0,0,93222,0
93097,-976,7984,64,679,29,-238,13932,-1,39,2,0,37302,123,26,66,0,0,0,0,0,0,0,0,-32313,0,0,0,0,0,93227,0
93102,-948,7982,76,675,30,-240,13932,2,15,3,0,37302,123,26,66,0,0,0,0,0,0,0,0,-32312,0,0,0,0,0,93232,0
93107,-942,8016,22,668,39,-229,13932,-1,-1,3,0,37301,126,26,66,0,0,0,0,0,0,0,0,-32313,0,0,0,0,0,93237,0
93112,-976,8024,34,666,46,-221,13933,-1,-2,2,0,37301,126,26,66,0,0,0,0,0,0,0,0,-32313,0,0,0,0,0,93242,0
93117,-934,8004,60,657,49,-213,13933,4,-2,0,0,37299,125,26,66,0,0,0,0,0,0,0,0,-32313,0,0,0,0,0,93247,0
93122,-894,8032,82,661,42,-211,13931,3,3,2,0,37299,125,26,66,0,0,0,0,0,0,0,0,-32312,0,0,0,0,0,93252,0
93127,-892,8022,108,651,51,-210,13933,7,-3,2,0,37298,125,26,66,0,0,0,0,0,0,0,0,-32313,0,0,0,0,0,93257,0
93132,-854,8078,58,651,49,-203,13931,0,-1,5,0,37298,125,26,66,0,0,0,0,0,0,0,0,-32313,0,0,0,0,0,93262,0
93137,-776,8094,50,657,50,-201,13932,5,0,8,0,37296,128,26,66,0,0,0,0,0,0,0,0,-32313,0,0,0,0,0,93267,0
93142,-686,8134,46,650,53,-204,13931,-2,-3,10,0,37296,128,26,66,0,0,0,0,0,0,0,0,-32313,0,0,0,0,0,93272,0
93147,-648,8166,22,650,52,-207,13930,-2,-2,11,0,37298,130,26,66,0,0,0,0,0,0,0,0,-32312,0,0,0,0,0,93277,0
93152,-580,8208,32,650,51,-210,13929,-4,-7,12,0,37298,130,26,66,0,0,0,0,0,0,0,0,-32313,0,0,0,0,0,93282,0
93157,-556,8248,8,646,45,-215,13927,-10,-11,15,0,37300,129,26,66,0,0,0,0,0,0,0,0,-32312,0,0,0,0,0,93287,0
93162,-566,8248,26,654,39,-220,13927,-5,-6,16,0,37300,129,26,66,0,0,0,0,0,0,0,0,-32313,0,0,0,0,0,93292,0
93167,-616,8228,-8,653,38,-221,13924,-8,-3,16,0,37303,128,26,66,0,0,0,0,0,0,0,0,-32312,0,0,0,0,0,93297,0
93172,-742,8178,-32,653,32,-225,13924,-5,2,16,0,37303,128,26,66,0,0,0,0,0,0,0,0,-32313,0,0,0,0,0,93302,0
93177,-786,8152,-60,657,34,-226,13923,-1,-4,17,0,37304,127,26,66,0,0,0,0,0,0,0,0,-32313,0,0,0,0,0,93307,0
93182,-858,8124,-112,655,29,-227,13921,-9,-1,21,0,37304,127,26,66,0,0,0,0,0,0,0,0,-32313,0,0,0,0,0,93312,0
93187,-882,8118,-100,651,26,-221,13917,-18,0,23,0,37305,122,26,66,0,0,0,0,0,0,0,0,-32313,0,0,0,0,0,93317,0
93192,-938,8098,-130,657,19,-217,13914,-22,-10,28,0,37305,122,26,66,0,0,0,0,0,0,0,0,-32313,0,0,0,0,0,93322,0
93197,-1016,8116,-148,651,23,-208,13912,-10,-10,41,0,37303,117,26,66,0,0,0,0,0,0,0,0,-32313,0,0,0,0,0,93327,0
93202,-972,8088,-136,644,23,-214,13902,-36,-20,63,0,37303,117,26,66,0,0,0,0,0,0,0,0,-32313,0,0,0,0,0,93332,0
93207,-988,8086,-150,646,23,-200,13887,-67,-30,93,0,37301,123,26,66,0,0,0,0,0,0,0,0,-32313,0,0,0,0,0,93337,0
93212,-1062,8084,-124,642,25,-193,13873,-66,-48,107,0,37301,123,26,66,0,0,0,0,0,0,0,0,-32312,0,0,0,0,0,93342,0
93217,-1046,8004,-134,641,28,-191,13868,-21,-32,67,0,37297,125,26,66,0,0,0,0,0,0,0,0,-32313,0,0,0,0,0,93347,0
93222,-1066,8006,-154,645,27,-184,13865,0,14,15,0,37297,125,26,66,0,0,0,0,0,0,0,0,-32313,0,0,0,0,0,93352,0
93227,-1096,7988,-154,637,26,-183,13867,2,50,2,0,37297,117,26,66,0,0,0,0,0,0,0,0,-32312,0,0,0,0,0,93357,0
93232,-1094,7994,-202,636,30,-174,13866,0,56,3,0,37297,117,26,66,0,0,0,0,0,0,0,0,-32312,0,0,0,0,0,93362,0
93237,-1052,7992,-174,634,29,-165,13868,1,41,1,0,37298,118,26,66,0,0,0,0,0,0,0,0,-32313,0,0,0,0,0,93367,0
93242,-1008,8052,-208,640,29,-163,13867,-1,8,0,0,37298,118,26,66,0,0,0,0,0,0,0,0,-32313,0,0,0,0,0,93372,0
93247,-998,8076,-206,634,32,-158,13867,0,-2,3,0,37299,119,26,66,0,0,0,0,0,0,0,0,-32313,0,0,0,0,0,93377,0
93252,-944,8074,-234,628,37,-150,13867,0,-2,2,0,37299,119,26,66,0,0,0,0,0,0,0,0,-32313,0,0,0,0,0,93382,0
93257,-962,8086,-260,633,36,-151,13866,-2,-1,1,0,37299,120,26,66,0,0,0,0,0,0,0,0,-32313,0,0,0,0,0,93387,0
93262,-956,8078,-306,632,35,-149,13867,-1,1,2,0,37299,120,26,66,0,0,0,0,0,0,0,0,-32312,0,0,0,0,0,93392,0
93267,-922,8100,-306,631,39,-144,13867,4,0,1,0,37297,116,26,66,0,0,0,0,0,0,0,0,-32312,0,0,0,0,0,93397,0
93272,-924,8104,-300,622,36,-148,13866,-1,1,1,0,37297,116,26,66,0,0,0,0,0,0,0,0,-32312,0,0,0,0,0,93402,0
93277,-920,8114,-336,619,40,-142,13868,2,-1,2,0,37299,118,26,66,0,0,0,0,0,0,0,0,-32313,0,0,0,0,0,93407,0
93282,-938,8090,-340,621,39,-142,13867,-3,1,5,0,37299,118,26,66,0,0,0,0,0,0,0,0,-32313,0,0,0,0,0,93412,0
93287,-922,8094,-386,613,38,-140,13867,1,4,3,0,37304,118,26,66,0,0,0,0,0,0,0,0,-32313,0,0,0,0,0,93417,0
93292,-910,8106,-420,607,38,-143,13867,0,-3,0,0,37304,118,26,66,0,0,0,0,0,0,0,0,-32312,0,0,0,0,0,93422,0
93297,-906,8106,-428,608,41,-145,13869,7,-1,3,0,37305,117,26,66,0,0,0,0,0,0,0,0,-32312,0,0,0,0,0,93427,0
93302,-904,8110,-446,604,45,-142,13866,5,0,1,0,37305,117,26,66,0,0,0,0,0,0,0,0,-32313,0,0,0,0,0,93432,0
93307,-892,8094,-468,601,45,-145,13867,3,-2,2,0,37303,120,26,66,0,0,0,0,0,0,0,0,-32312,0,0,0,0,0,93437,0
93312,-872,8108,-492,590,52,-149,13867,0,-6,1,0,37303,120,26,66,0,0,0,0,0,0,0,0,-32312,0,0,0,0,0,93442,0
93317,-856,8116,-516,583,50,-143,13867,-5,3,1,0,37300,122,26,66,0,0,0,0,0,0,0,0,-32313,0,0,0,0,0,93447,0
93322,-872,8104,-564,576,58,-144,13866,2,0,0,0,37300,122,26,66,0,0,0,0,0,0,0,0,-32312,0,0,0,0,0,93452,0
93327,-880,8106,-544,577,60,-145,13867,0,-2,0,0,37300,122,26,66,0,0,0,0,0,0,0,0,-32312,0,0,0,0,0,93457,0
93332,-908,8068,-592,562,61,-148,13867,0,-4,1,0,37300,122,26,66,0,0,0,0,0,0,0,0,-32312,0,0,0,0,0,93462,0
93337,-890,8060,-598,556,65,-148,13867,5,3,0,0,37300,122,26,66,0,0,0,0,0,0,0,0,-32312,0,0,0,0,0,93467,0
93342,-924,8082,-624,552,68,-155,13867,2,1,1,0,37300,122,26,66,0,0,0,0,0,0,0,0,-32313,0,0,0,0,0,93472,0
93347,-914,8100,-642,545,70,-153,13866,-2,0,3,0,37300,129,26,66,0,0,0,0,0,0,0,0,-32313,0,0,0,0,0,93477,0
93352,-898,8104,-664,528,77,-154,13867,-3,-1,2,0,37300,129,26,66,0,0,0,0,0,0,0,0,-32313,0,0,0,0,0,93482,0
93357,-984,8090,-720,523,80,-155,13866,-1,-1,1,0,37301,130,26,66,0,0,0,0,0,0,0,0,-32313,0,0,0,0,0,93487,0
93362,-996,8072,-684,517,79,-149,13867,0,-2,2,0,37301,130,26,66,0,0,0,0,0,0,0,0,-32312,0,0,0,0,0,93492,0
93367,-1040,8042,-672,511,85,-154,13867,4,1,1,0,37302,131,26,66,0,0,0,0,0,0,0,0,-32312,0,0,0,0,0,93498,0
93372,-1144,7994,-684,499,82,-144,13867,0,4,3,0,37302,131,26,66,0,0,0,0,0,0,0,0,-32312,0,0,0,0,0,93503,0
93377,-1172,7996,-716,491,89,-138,13867,1,2,2,0,37300,117,26,66,0,0,0,0,0,0,0,0,-32312,0,0,0,0,0,93508,0
93382,-1200,7996,-722,480,84,-141,13866,-5,0,0,0,37300,117,26,66,0,0,0,0,0,0,0,0,-32312,0,0,0,0,0,93513,0
93387,-1146,7998,-742,474,87,-130,13868,5,0,-1,0,37304,114,26,66,0,0,0,0,0,0,0,0,-32312,0,0,0,0,0,93518,0
93392,-1188,8044,-770,468,83,-123,13866,-1,-1,1,0,37304,114,26,66,0,0,0,0,0,0,0,0,-32312,0,0,0,0,0,93523,0
93397,-1156,8038,-726,465,86,-118,13866,0,-3,2,0,37302,115,26,66,0,0,0,0,0,0,0,0,-32312,0,0,0,0,0,93528,0
93402,-1150,8024,-762,456,85,-117,13866,-3,-3,1,0,37302,115,26,66,0,0,0,0,0,0,0,0,-32312,0,0,0,0,0,93533,0
93407,-1162,8064,-760,445,81,-107,13868,6,4,1,0,37302,117,26,66,0,0,0,0,0,0,0,0,-32312,0,0,0,0,0,93538,0
93412,-1132,8080,-792,440,81,-98,13867,0,1,3,0,37302,117,26,66,0,0,0,0,0,0,0,0,-32313,0,0,0,0,0,93543,0
93417,-1160,8050,-794,430,79,-87,13866,3,-2,1,0,37297,122,26,66,0,0,0,0,0,0,0,0,-32313,0,0,0,0,0,93548,0
93422,-1218,8040,-794,428,81,-89,13867,-4,-3,1,0,37297,122,26,66,0,0,0,0,0,0,0,0,-32312,0,0,0,0,0,93553,0
93427,-1240,8038,-796,424,78,-77,13866,4,3,1,0,37298,125,26,66,0,0,0,0,0,0,0,0,-32312,0,0,0,0,0,93558,0
93432,-1192,8022,-774,407,76,-65,13866,-3,-3,2,0,37298,125,26,66,0,0,0,0,0,0,0,0,-32312,0,0,0,0,0,93563,0
93437,-1248,8054,-782,403,72,-58,13867,-6,-2,2,0,37301,122,26,66,0,0,0,0,0,0,0,0,-32313,0,0,0,0,0,93568,0
93442,-1222,8038,-760,401,73,-52,13868,-2,-3,3,0,37301,122,26,66,0,0,0,0,0,0,0,0,-32312,0,0,0,0,0,93573,0
93447,-1168,8046,-722,392,78,-47,13865,-2,4,3,0,37306,115,26,66,0,0,0,0,0,0,0,0,-32312,0,0,0,0,0,93578,0
93452,-1188,8046,-762,382,82,-31,13866,-6,-7,1,0,37306,115,26,66,0,0,0,0,0,0,0,0,-32312,0,0,0,0,0,93583,0
93457,-1234,8028,-770,378,78,-25,13867,-1,-3,1,0,37306,110,26,66,0,0,0,0,0,0,0,0,-32312,0,0,0,0,0,93588,0
93462,-1188,8072,-746,374,82,-23,13866,-2,5,0,0,37306,110,26,66,0,0,0,0,0,0,0,0,-32312,0,0,0,0,0,93593,0
93467,-1172,8032,-734,372,87,-16,13866,-3,8,1,0,37305,113,26,66,0,0,0,0,0,0,0,0,-32312,0,0,0,0,0,93598,0
93472,-1318,7956,-732,364,95,1,13866,-4,-4,2,0,37305,113,26,66,0,0,0,0,0,0,0,0,-32313,0,0,0,0,0,93603,0
93477,-1318,7914,-720,359,92,9,13867,3,0,3,0,37300,116,26,66,0,0,0,0,0,0,0,0,-32312,0,0,0,0,0,93608,0
93482,-1324,7888,-732,353,101,15,13868,12,2,2,0,37300,116,26,66,0,0,0,0,0,0,0,0,-32312,0,0,0,0,0,93613,0
93487,-1290,7876,-710,354,106,25,13867,6,5,-2,0,37301,124,26,66,0,0,0,0,0,0,0,0,-32312,0,0,0,0,0,93618,0
93492,-1276,8018,-708,350,121,39,13866,-8,-4,0,0,37301,124,26,66,0,0,0,0,0,0,0,0,-32313,0,0,0,0,0,93623,0
93497,-1228,8010,-710,344,123,43,13867,-2,-2,1,0,37302,130,26,66,0,0,0,0,0,0,0,0,-32312,0,0,0,0,0,93628,0
93502,-1184,8008,-692,336,138,48,13867,-1,-4,1,0,37302,130,26,66,0,0,0,0,0,0,0,0,-32312,0,0,0,0,0,93633,0
93507,-1192,8028,-696,333,141,58,13866,0,-1,1,0,37303,126,26,66,0,0,0,0,0,0,0,0,-32312,0,0,0,0,0,93638,0
93512,-1116,8062,-738,324,159,67,13868,4,-5,1,0,37303,126,26,66,0,0,0,0,0,0,0,0,-32313,0,0,0,0,0,93643,0
93517,-1064,8106,-730,323,165,77,13868,1,1,2,0,37301,124,26,66,0,0,0,0,0,0,0,0,-32312,0,0,0,0,0,93648,0
93522,-1074,8086,-684,311,185,86,13866,-1,2,1,0,37301,124,26,66,0,0,0,0,0,0,0,0,-32312,0,0,0,0,0,93653,0
93527,-1090,8088,-682,309,196,88,13866,-3,-4,2,0,37299,113,26,66,0,0,0,0,0,0,0,0,-32312,0,0,0,0,0,93658,0
93532,-1082,8078,-690,298,233,100,13867,-1,-3,3,0,37299,113,26,66,0,0,0,0,0,0,0,0,-32312,0,0,0,0,0,93663,0
93537,-1082,8054,-696,289,246,106,13866,-3,6,0,0,37300,117,26,66,0,0,0,0,0,0,0,0,-32312,0,0,0,0,0,93668,0
93542,-1042,8036,-734,285,269,112,13867,-1,3,0,0,37300,117,26,66,0,0,0,0,0,0,0,0,-32313,0,0,0,0,0,93673,0
93547,-1058,8054,-786,278,282,112,13867,1,-4,0,0,37301,119,26,66,0,0,0,0,0,0,0,0,-32312,0,0,0,0,0,93678,0
93552,-1110,8054,-760,258,322,126,13866,-3,4,1,0,37301,119,26,66,0,0,0,0,0,0,0,0,-32312,0,0,0,0,0,93683,0
93557,-1180,8020,-760,254,339,133,13868,5,0,0,0,37300,115,26,66,0,0,0,0,0,0,0,0,-32312,0,0,0,0,0,93688,0
93562,-1152,8024,-820,247,356,137,13867,0,0,1,0,37300,115,26,66,0,0,0,0,0,0,0,0,-32313,0,0,0,0,0,93693,0
93567,-1210,7958,-830,239,365,151,13865,-3,6,1,0,37299,122,26,66,0,0,0,0,0,0,0,0,-32312,0,0,0,0,0,93698,0
93572,-1240,7944,-984,227,393,163,13866,-2,-2,3,0,37299,122,26,66,0,0,0,0,0,0,0,0,-32312,0,0,0,0,0,93703,0
93577,-1218,8006,-998,210,395,165,13867,4,-2,3,0,37300,123,26,66,0,0,0,0,0,0,0,0,-32313,0,0,0,0,0,93708,0
93582,-1226,7962,-1010,210,399,174,13867,1,3,2,0,37300,123,26,66,0,0,0,0,0,0,0,0,-32312,0,0,0,0,0,93713,0
93587,-1144,8006,-1100,205,404,179,13866,-4,0,1,0,37301,122,26,66,0,0,0,0,0,0,0,0,-32312,0,0,0,0,0,93718,0
93592,-1142,8030,-1104,181,404,188,13867,0,-1,1,0,37301,122,26,66,0,0,0,0,0,0,0,0,-32313,0,0,0,0,0,93723,0
93597,-1062,8084,-1076,172,412,193,13866,-7,-1,2,0,37300,122,25,66,0,0,0,0,0,0,0,0,-32313,0,0,0,0,0,93728,0
93602,-1082,8052,-1150,162,411,197,13866,-5,-3,1,0,37300,122,25,66,0,0,0,0,0,0,0,0,-32313,0,0,0,0,0,93733,0
93607,-1062,8064,-1184,152,413,202,13867,4,0,0,0,37300,123,26,66,0,0,0,0,0,0,0,0,-32312,0,0,0,0,0,93738,0
93612,-1026,8134,-1132,130,408,210,13867,3,3,0,0,37300,123,26,66,0,0,0,0,0,0,0,0,-32313,0,0,0,0,0,93743,0
93617,-988,8128,-1136,123,416,214,13867,5,3,0,0,37303,126,26,66,0,0,0,0,0,0,0,0,-32313,0,0,0,0,0,93748,0
93622,-964,8162,-1158,111,425,215,13867,-2,-1,1,0,37303,126,26,66,0,0,0,0,0,0,0,0,-32313,0,0,0,0,0,93753,0
93627,-994,8066,-1206,102,421,215,13866,1,-3,3,0,37301,119,26,66,0,0,0,0,0,0,0,0,-32313,0,0,0,0,0,93758,0
93632,-1066,8052,-1198,82,432,224,13867,-2,-2,2,0,37301,119,26,66,0,0,0,0,0,0,0,0,-32312,0,0,0,0,0,93763,0
93637,-1114,8010,-1194,73,424,225,13867,4,0,1,0,37300,117,26,66,0,0,0,0,0,0,0,0,-32313,0,0,0,0,0,93768,0
93642,-1148,7968,-1178,62,420,229,13867,2,-1,1,0,37300,117,26,66,0,0,0,0,0,0,0,0,-32312,0,0,0,0,0,93773,0
93647,-1170,7990,-1188,59,407,236,13867,3,1,1,0,37300,119,26,66,0,0,0,0,0,0,0,0,-32312,0,0,0,0,0,93778,0
93652,-1200,7986,-1224,43,384,246,13867,-5,2,0,0,37300,119,26,66,0,0,0,0,0,0,0,0,-32313,0,0,0,0,0,93783,0
93657,-1204,8004,-1234,39,360,256,13867,5,0,0,0,37299,117,26,66,0,0,0,0,0,0,0,0,-32313,0,0,0,0,0,93788,0
93662,-1192,8040,-1260,36,345,257,13867,-1,-1,1,0,37299,117,26,66,0,0,0,0,0,0,0,0,-32312,0,0,0,0,0,93793,0
93667,-1142,8008,-1260,31,319,265,13867,3,2,1,0,37299,125,26,66,0,0,0,0,0,0,0,0,-32312,0,0,0,0,0,93798,0
93672,-1170,8044,-1294,25,255,271,13867,6,-3,2,0,37299,125,26,66,0,0,0,0,0,0,0,0,-32313,0,0,0,0,0,93803,0
93677,-1120,8050,-1336,23,222,274,13868,6,3,1,0,37296,124,26,66,0,0,0,0,0,0,0,0,-32312,0,0,0,0,0,93808,0
93682,-1066,8052,-1298,21,193,281,13866,2,0,2,0,37296,124,26,66,0,0,0,0,0,0,0,0,-32312,0,0,0,0,0,93813,0
93687,-1054,8086,-1284,24,163,272,13867,-4,-1,1,0,37295,117,26,66,0,0,0,0,0,0,0,0,-32313,0,0,0,0,0,93818,0
93692,-938,8124,-1208,19,94,275,13867,4,0,1,0,37295,117,26,66,0,0,0,0,0,0,0,0,-32312,0,0,0,0,0,93823,0
93697,-878,8138,-1160,21,69,275,13866,-6,-7,1,0,37299,116,26,66,0,0,0,0,0,0,0,0,-32313,0,0,0,0,0,93828,0
93702,-868,8154,-1108,15,42,273,13867,3,1,2,0,37299,116,26,66,0,0,0,0,0,0,0,0,-32312,0,0,0,0,0,93833,0
93707,-822,8114,-1090,13,20,271,13867,2,0,0,0,37300,110,26,66,0,0,0,0,0,0,0,0,-32312,0,0,0,0,0,93838,0
93712,-780,8118,-1020,8,-14,263,13867,0,2,1,0,37300,110,26,66,0,0,0,0,0,0,0,0,-32313,0,0,0,0,0,93843,0
93717,-774,8102,-984,4,-27,261,13867,2,1,0,0,37303,112,26,66,0,0,0,0,0,0,0,0,-32312,0,0,0,0,0,93848,0
93722,-744,8080,-954,0,-37,257,13867,0,1,0,0,37303,112,26,66,0,0,0,0,0,0,0,0,-32312,0,0,0,0,0,93853,0
93727,-756,8106,-946,-3,-46,254,13867,0,-2,3,0,37301,112,26,66,0,0,0,0,0,0,0,0,-32313,0,0,0,0,0,93858,0
93732,-770,8086,-962,-9,-49,243,13868,-1,2,2,0,37301,112,26,66,0,0,0,0,0,0,0,0,-32312,0,0,0,0,0,93863,0
93737,-752,8054,-964,-12,-59,243,13869,2,4,0,0,37303,112,26,66,0,0,0,0,0,0,0,0,-32313,0,0,0,0,0,93868,0
93742,-724,8072,-968,-18,-55,237,13868,5,2,0,0,37303,112,26,66,0,0,0,0,0,0,0,0,-32312,0,0,0,0,0,93873,0
93747,-754,8086,-996,-26,-56,235,13868,-2,3,1,0,37303,115,26,66,0,0,0,0,0,0,0,0,-32312,0,0,0,0,0,93878,0
93752,-702,8098,-1010,-34,-51,231,13866,-5,1,1,0,37303,115,26,66,0,0,0,0,0,0,0,0,-32313,0,0,0,0,0,93883,0
93757,-678,8096,-1022,-45,-50,230,13868,2,1,0,0,37301,120,26,66,0,0,0,0,0,0,0,0,-32312,0,0,0,0,0,93888,0
93762,-658,8120,-1028,-57,-41,235,13867,-1,0,1,0,37301,120,26,66,0,0,0,0,0,0,0,0,-32312,0,0,0,0,0,93893,0
93767,-672,8140,-1024,-64,-33,228,13866,-7,-4,0,0,37297,120,26,66,0,0,0,0,0,0,0,0,-32312,0,0,0,0,0,93898,0
93772,-678,8120,-1022,-74,-22,225,13869,-1,5,0,0,37297,120,26,66,0,0,0,0,0,0,0,0,-32312,0,0,0,0,0,93903,0
93777,-696,8116,-988,-84,-19,224,13870,3,5,2,0,37297,124,26,66,0,0,0,0,0,0,0,0,-32313,0,0,0,0,0,93908,0
93782,-694,8158,-1000,-91,-15,220,13867,-2,-4,2,0,37297,124,26,66,0,0,0,0,0,0,0,0,-32312,0,0,0,0,0,93913,0
93787,-734,8084,-980,-95,-3,220,13868,2,2,0,0,37299,121,26,66,0,0,0,0,0,0,0,0,-32313,0,0,0,0,0,93918,0
93792,-752,8112,-952,-116,2,218,13869,4,4,1,0,37299,121,26,66,0,0,0,0,0,0,0,0,-32313,0,0,0,0,0,93923,0
93797,-762,8108,-946,-111,3,221,13868,2,5,0,0,37302,128,26,66,0,0,0,0,0,0,0,0,-32312,0,0,0,0,0,93928,0
93802,-744,8076,-942,-117,2,221,13868,0,0,-1,0,37302,128,26,66,0,0,0,0,0,0,0,0,-32313,0,0,0,0,0,93933,0
93807,-744,8088,-914,-128,1,225,13869,-2,2,0,0,37303,122,26,66,0,0,0,0,0,0,0,0,-32313,0,0,0,0,0,93938,0
93812,-740,8068,-886,-131,12,220,13869,0,1,0,0,37303,122,26,66,0,0,0,0,0,0,0,0,-32313,0,0,0,0,0,93943,0
93817,-766,8098,-870,-136,16,220,13868,-1,-3,0,0,37300,114,26,66,0,0,0,0,0,0,0,0,-32312,0,0,0,0,0,93948,0
93822,-772,8064,-854,-136,14,222,13869,2,0,0,0,37300,114,26,66,0,0,0,0,0,0,0,0,-32313,0,0,0,0,0,93953,0
93827,-750,8032,-874,-151,24,224,13869,1,3,2,0,37298,110,26,66,0,0,0,0,0,0,0,0,-32312,0,0,0,0,0,93958,0
93832,-702,8096,-798,-146,23,226,13869,5,3,0,0,37298,110,26,66,0,0,0,0,0,0,0,0,-32312,0,0,0,0,0,93963,0
93837,-728,8066,-772,-151,30,225,13869,-3,4,0,0,37297,117,26,66,0,0,0,0,0,0,0,0,-32312,0,0,0,0,0,93968,0
93842,-702,8110,-776,-158,36,226,13870,-3,6,0,0,37297,117,26,66,0,0,0,0,0,0,0,0,-32312,0,0,0,0,0,93973,0
93847,-698,8114,-790,-155,39,229,13868,3,-1,2,0,37298,124,26,66,0,0,0,0,0,0,0,0,-32313,0,0,0,0,0,93978,0
93852,-682,8128,-782,-156,43,226,13869,-1,-7,0,0,37298,124,26,66,0,0,0,0,0,0,0,0,-32313,0,0,0,0,0,93983,0
93857,-670,8140,-768,-164,51,225,13869,4,1,1,0,37298,129,26,66,0,0,0,0,0,0,0,0,-32312,0,0,0,0,0,93988,0
93862,-624,8112,-736,-167,56,225,13868,-5,-1,2,0,37298,129,26,66,0,0,0,0,0,0,0,0,-32313,0,0,0,0,0,93993,0
93867,-598,8128,-742,-165,62,225,13870,5,3,0,0,37297,120,26,66,0,0,0,0,0,0,0,0,-32312,0,0,0,0,0,93998,0
93872,-604,8144,-730,-170,75,221,13869,0,-1,1,0,37297,120,26,66,0,0,0,0,0,0,0,0,-32313,0,0,0,0,0,94003,0
93877,-590,8134,-780,-174,85,222,13869,-6,-3,1,0,37299,124,26,66,0,0,0,0,0,0,0,0,-32313,0,0,0,0,0,94008,0
93882,-600,8136,-820,-172,88,223,13870,-3,1,0,0,37299,124,26,66,0,0,0,0,0,0,0,0,-32312,0,0,0,0,0,94013,0
93887,-546,8140,-772,-179,90,217,13870,2,0,0,0,37299,116,26,66,0,0,0,0,0,0,0,0,-32312,0,0,0,0,0,94018,0
93892,-526,8172,-774,-191,105,217,13868,-6,-4,0,0,37299,116,26,66,0,0,0,0,0,0,0,0,-32312,0,0,0,0,0,94023,0
93897,-492,8174,-784,-188,105,212,13870,3,-4,1,0,37297,115,26,66,0,0,0,0,0,0,0,0,-32313,0,0,0,0,0,94028,0
93902,-502,8148,-756,-193,120,213,13869,-2,-1,0,0,37297,115,26,66,0,0,0,0,0,0,0,0,-32313,0,0,0,0,0,94033,0
93907,-440,8126,-750,-191,135,210,13870,-4,0,0,0,37302,121,26,66,0,0,0,0,0,0,0,0,-32312,0,0,0,0,0,94038,0
93912,-314,8050,-848,-195,193,205,13872,7,5,0,0,37302,121,26,66,0,0,0,0,0,0,0,0,-32312,0,0,0,0,0,94043,0
93917,-168,8064,-892,-203,245,199,13870,0,-2,0,0,37303,124,26,66,0,0,0,0,0,0,0,0,-32312,0,0,0,0,0,94048,0
93922,-260,8092,-862,-204,302,203,13870,-1,0,0,0,37303,124,26,66,0,0,0,0,0,0,0,0,-32313,0,0,0,0,0,94053,0
93927,-260,8044,-856,-212,354,195,13870,-2,3,0,0,37305,123,26,66,0,0,0,0,0,0,0,0,-32312,0,0,0,0,0,94058,0
93932,-194,8128,-858,-219,461,186,13871,-4,-2,0,0,37305,123,26,66,0,0,0,0,0,0,0,0,-32313,0,0,0,0,0,94063,0
93937,-118,8114,-862,-232,513,177,13872,4,-3,0,0,37301,114,26,66,0,0,0,0,0,0,0,0,-32312,0,0,0,0,0,94068,0
93942,0,8154,-840,-242,568,169,13872,3,2,0,0,37301,114,26,66,0,0,0,0,0,0,0,0,-32312,0,0,0,0,0,94073,0
93947,160,8100,-894,-252,633,156,13871,0,-4,-1,0,37300,112,26,66,0,0,0,0,0,0,0,0,-32313,0,0,0,0,0,94078,0
93952,230,8230,-882,-276,758,130,13871,0,-3,-2,0,37300,112,26,66,0,0,0,0,0,0,0,0,-32312,0,0,0,0,0,94083,0
93957,284,8238,-920,-284,820,118,13871,3,3,-2,0,37307,118,25,66,0,0,0,0,0,0,0,0,-32312,0,0,0,0,0,94088,0
93962,440,8250,-924,-299,892,94,13871,-4,1,-2,0,37307,118,25,66,0,0,0,0,0,0,0,0,-32312,0,0,0,0,0,94093,0
93967,574,8256,-916,-310,971,82,13873,2,6,-4,0,37312,118,26,66,0,0,0,0,0,0,0,0,-32313,0,0,0,0,0,94098,0
93972,632,8344,-914,-333,1133,44,13875,0,1,-3,0,37312,118,26,66,0,0,0,0,0,0,0,0,-32312,0,0,0,0,0,94103,0
93977,684,8392,-948,-349,1216,26,13875,5,3,-2,0,37311,117,26,66,0,0,0,0,0,0,0,0,-32312,0,0,0,0,0,94108,0
93982,782,8348,-984,-364,1305,3,13874,-2,3,-2,0,37311,117,26,66,0,0,0,0,0,0,0,0,-32313,0,0,0,0,0,94113,0
93987,830,8388,-1024,-370,1404,-22,13876,3,2,-3,0,37308,122,26,66,0,0,0,0,0,0,0,0,-32312,0,0,0,0,0,94118,0
93992,888,8340,-1006,-396,1591,-75,13877,0,1,-4,0,37308,122,26,66,0,0,0,0,0,0,0,0,-32312,0,0,0,0,0,94123,0
93997,912,8398,-968,-411,1686,-97,13877,-2,4,-5,0,37301,117,26,66,0,0,0,0,0,0,0,0,-32313,0,0,0,0,0,94128,0
94002,878,8380,-982,-429,1791,-116,13880,17,0,-9,0,37301,117,26,66,0,0,0,0,0,0,0,0,-32312,0,0,0,0,0,94133,0
94007,742,8390,-968,-444,1880,-132,13882,13,6,-17,0,37304,120,26,66,0,0,0,0,0,0,0,0,-32313,0,0,0,0,0,94138,0
94012,470,8278,-1058,-463,2078,-157,13886,12,12,-22,0,37304,120,26,66,0,0,0,0,0,0,0,0,-32312,0,0,0,0,0,94143,0
94017,314,8212,-974,-476,2176,-156,13892,37,13,-37,0,37309,116,26,66,0,0,0,0,0,0,0,0,-32313,0,0,0,0,0,94148,0
94022,58,8254,-920,-489,2270,-156,13903,57,27,-66,0,37309,116,26,66,0,0,0,0,0,0,0,0,-32313,0,0,0,0,0,94153,0
94027,-86,8136,-974,-494,2373,-153,13924,97,45,-124,0,37306,111,26,66,0,0,0,0,0,0,0,0,-32312,0,0,0,0,0,94158,0
94032,0,8034,-950,-514,2578,-157,13961,169,96,-229,0,37306,111,26,66,0,0,0,0,0,0,0,0,-32313,0,0,0,0,0,94163,0
94037,136,8028,-874,-526,2684,-158,14007,202,143,-282,0,37305,109,26,66,0,0,0,0,0,0,0,0,-32312,0,0,0,0,0,94168,0
94042,210,8104,-872,-537,2786,-167,14060,230,162,-322,0,37305,109,26,66,0,0,0,0,0,0,0,0,-32313,0,0,0,0,0,94173,0
94047,342,8074,-934,-539,2889,-179,14123,276,156,-375,0,37301,110,26,66,0,0,0,0,0,0,0,0,-32312,0,0,0,0,0,94178,0
94052,382,8216,-880,-557,3087,-206,14190,293,129,-418,0,37301,110,26,66,0,0,0,0,0,0,0,0,-32312,0,0,0,0,0,94183,0
94057,474,8358,-884,-579,3182,-213,14259,306,102,-455,0,37303,114,26,66,0,0,0,0,0,0,0,0,-32312,0,0,0,0,0,94188,0
94062,528,8352,-980,-577,3287,-228,14331,316,79,-454,0,37303,114,26,66,0,0,0,0,0,0,0,0,-32313,0,0,0,0,0,94193,0
94067,592,8412,-908,-589,3393,-239,14405,325,53,-478,0,37304,109,26,66,0,0,0,0,0,0,0,0,-32312,0,0,0,0,0,94198,0
94072,534,8384,-1002,-606,3626,-254,14479,328,35,-500,0,37304,109,26,66,0,0,0,0,0,0,0,0,-32312,0,0,0,0,0,94203,0
94077,428,8416,-1002,-612,3741,-268,14558,350,30,-519,0,37302,102,26,66,0,0,0,0,0,0,0,0,-32312,0,0,0,0,0,94208,0
94082,390,8444,-1000,-620,3869,-272,14644,383,39,-550,0,37302,102,26,66,0,0,0,0,0,0,0,0,-32312,0,0,0,0,0,94213,0
94087,302,8458,-1142,-638,3978,-287,14734,405,60,-613,0,37304,95,26,66,0,0,0,0,0,0,0,0,-32313,0,0,0,0,0,94218,0
94092,62,8512,-1058,-668,4184,-288,14830,413,73,-657,0,37304,95,26,66,0,0,0,0,0,0,0,0,-32313,0,0,0,0,0,94223,0
94097,-86,8378,-1158,-671,4296,-291,14926,425,75,-681,0,37308,100,26,66,0,0,0,0,0,0,0,0,-32313,0,0,0,0,0,94228,0
94102,-90,8436,-990,-686,4396,-288,15023,434,59,-713,0,37308,100,26,66,0,0,0,0,0,0,0,0,-32313,0,0,0,0,0,94233,0
94107,-116,8304,-906,-691,4500,-297,15124,444,34,-757,0,37310,98,26,66,0,0,0,0,0,0,0,0,-32312,0,0,0,0,0,94238,0
94112,-174,8132,-944,-712,4674,-285,15226,443,31,-787,0,37310,98,26,66,0,0,0,0,0,0,0,0,-32313,0,0,0,0,0,94243,0
94117,-196,8034,-1026,-712,4766,-281,15326,436,24,-759,0,37310,95,26,66,0,0,0,0,0,0,0,0,-32312,0,0,0,0,0,94248,0
94122,-254,8000,-988,-718,4861,-280,15424,424,11,-721,0,37310,95,26,66,0,0,0,0,0,0,0,0,-32312,0,0,0,0,0,94253,0
94127,-204,7894,-946,-732,4952,-281,15524,434,0,-717,0,37312,94,26,66,0,0,0,0,0,0,0,0,-32312,0,0,0,0,0,94258,0
94132,-252,7772,-934,-729,5110,-268,15625,442,-9,-721,0,37312,94,26,66,0,0,0,0,0,0,0,0,-32313,0,0,0,0,0,94263,0
94137,-282,7736,-828,-739,5189,-263,15720,419,-7,-694,0,37312,92,26,66,0,0,0,0,0,0,0,0,-32313,0,0,0,0,0,94268,0
94142,-366,7692,-814,-742,5264,-258,15810,397,-16,-655,0,37312,92,26,66,0,0,0,0,0,0,0,0,-32313,0,0,0,0,0,94273,0
94147,-458,7670,-716,-741,5326,-253,15900,389,-36,-625,0,37312,101,26,66,0,0,0,0,0,0,0,0,-32312,0,0,0,0,0,94278,0
94152,-556,7664,-792,-743,5445,-238,15989,385,-41,-619,0,37312,101,26,66,0,0,0,0,0,0,0,0,-32312,0,0,0,0,0,94283,0
94157,-582,7730,-760,-744,5485,-237,16075,375,-35,-598,0,37305,108,26,66,0,0,0,0,0,0,0,0,-32312,0,0,0,0,0,94288,0
94162,-666,7746,-860,-745,5535,-234,16159,364,-31,-555,0,37305,108,26,66,0,0,0,0,0,0,0,0,-32312,0,0,0,0,0,94293,0
94167,-706,7814,-918,-744,5573,-228,16237,342,-35,-506,0,37304,109,26,66,0,0,0,0,0,0,0,0,-32312,0,0,0,0,0,94298,0
94172,-762,8080,-914,-748,5623,-227,16312,330,-45,-485,0,37304,109,26,66,0,0,0,0,0,0,0,0,-32313,0,0,0,0,0,94303,0
94177,-730,8132,-954,-748,5638,-219,16383,309,-55,-451,0,37305,104,26,66,0,0,0,0,0,0,0,0,-32312,0,0,0,0,0,94308,0
94182,-798,8200,-986,-748,5654,-219,16452,297,-55,-428,0,37305,104,26,66,0,0,0,0,0,0,0,0,-32314,0,0,0,0,0,94313,0
94187,-836,8296,-988,-751,5655,-225,16520,298,-44,-423,0,37307,101,26,66,0,0,0,0,0,0,0,0,-32313,0,0,0,0,0,94318,0
94192,-952,8458,-986,-763,5667,-221,16580,257,-44,-409,0,37307,101,26,66,0,0,0,0,0,0,0,0,-32312,0,0,0,0,0,94323,0
94197,-884,8410,-1016,-758,5664,-222,16634,238,-59,-354,0,37305,104,26,66,0,0,0,0,0,0,0,0,-32312,0,0,0,0,0,94328,0
94202,-866,8404,-1022,-756,5653,-226,16685,227,-73,-325,0,37305,104,26,66,0,0,0,0,0,0,0,0,-32312,0,0,0,0,0,94333,0
94207,-924,8486,-930,-769,5654,-235,16729,193,-78,-304,0,37303,115,26,66,0,0,0,0,0,0,0,0,-32312,0,0,0,0,0,94338,0
94212,-806,8372,-974,-766,5625,-243,16771,174,-75,-283,0,37303,115,26,66,0,0,0,0,0,0,0,0,-32312,0,0,0,0,0,94343,0
94217,-758,8398,-884,-773,5607,-250,16808,172,-74,-269,0,37301,120,26,66,0,0,0,0,0,0,0,0,-32312,0,0,0,0,0,94348,0
94222,-842,8358,-854,-773,5578,-256,16840,135,-65,-244,0,37301,120,26,66,0,0,0,0,0,0,0,0,-32312,0,0,0,0,0,94353,0
94227,-792,8214,-810,-779,5548,-259,16870,135,-69,-207,0,37306,119,26,66,0,0,0,0,0,0,0,0,-32312,0,0,0,0,0,94358,0
94232,-850,8064,-642,-787,5456,-276,16894,107,-63,-182,0,37306,119,26,66,0,0,0,0,0,0,0,0,-32312,0,0,0,0,0,94363,0
94237,-986,7982,-494,-785,5386,-287,16917,104,-58,-152,0,37305,119,26,66,0,0,0,0,0,0,0,0,-32312,0,0,0,0,0,94368,0
94242,-860,7810,-460,-796,5326,-275,16944,113,-44,-165,0,37305,119,26,66,0,0,0,0,0,0,0,0,-32312,0,0,0,0,0,94373,0
94247,-856,7676,-344,-808,5245,-272,16960,73,-25,-132,0,37304,116,26,66,0,0,0,0,0,0,0,0,-32313,0,0,0,0,0,94378,0
94252,-1082,7506,-76,-844,5057,-252,16974,50,-48,-92,0,37304,116,26,66,0,0,0,0,0,0,0,0,-32312,0,0,0,0,0,94383,0
94257,-1066,7360,10,-864,4941,-240,16989,66,-44,-95,0,37298,115,26,66,0,0,0,0,0,0,0,0,-32312,0,0,0,0,0,94388,0
94262,-1114,7210,-16,-871,4828,-231,17004,61,-36,-102,0,37298,115,26,66,0,0,0,0,0,0,0,0,-32313,0,0,0,0,0,94393,0
94267,-1178,7084,-86,-877,4709,-222,17011,27,-35,-61,0,37296,113,26,66,0,0,0,0,0,0,0,0,-32312,0,0,0,0,0,94398,0
94272,-1458,6850,-500,-853,4453,-212,17011,2,-40,-10,0,37296,113,26,66,0,0,0,0,0,0,0,0,-32312,0,0,0,0,0,94403,0
94277,-1712,6976,-612,-833,4341,-216,17010,-8,-62,2,0,37297,111,26,66,0,0,0,0,0,0,0,0,-32312,0,0,0,0,0,94408,0
94282,-1846,7070,-736,-806,4219,-230,17011,0,-63,0,0,37297,111,26,66,0,0,0,0,0,0,0,0,-32312,0,0,0,0,0,94413,0
94287,-2286,7112,-830,-775,4079,-242,17012,7,-34,-5,0,37298,120,26,66,0,0,0,0,0,0,0,0,-32313,0,0,0,0,0,94418,0
94292,-2936,7308,-1002,-682,3810,-306,17015,11,-4,-16,0,37298,120,26,66,0,0,0,0,0,0,0,0,-32312,0,0,0,0,0,94423,0
94297,-2778,7388,-848,-649,3709,-330,17021,29,14,-36,0,37297,119,26,66,0,0,0,0,0,0,0,0,-32312,0,0,0,0,0,94428,0
94302,-3918,8336,-506,-608,3536,-355,17034,64,38,-76,0,37297,119,26,66,0,0,0,0,0,0,0,0,-32313,0,0,0,0,0,94433,0
94307,-3848,9500,216,-627,3314,-337,17057,110,65,-140,0,37294,116,26,66,0,0,0,0,0,0,0,0,-32313,0,0,0,0,0,94438,0
94312,-3684,9596,1306,-596,2818,-310,17082,104,90,-171,0,37294,116,26,66,0,0,0,0,0,0,0,0,-32312,0,0,0,0,0,94443,0
94317,-2948,9030,1512,-568,2595,-297,17095,55,63,-116,0,37291,121,26,66,0,0,0,0,0,0,0,0,-32312,0,0,0,0,0,94448,0
94322,-2428,8410,1402,-511,2398,-285,17105,42,11,-72,0,37291,121,26,66,0,0,0,0,0,0,0,0,-32312,0,0,0,0,0,94453,0
94327,-1944,7904,1160,-463,2275,-277,17113,33,-49,-60,0,37293,111,26,66,0,0,0,0,0,0,0,0,-32312,0,0,0,0,0,94458,0
94332,-2380,7520,1486,-421,1918,-255,17120,31,-62,-48,0,37293,111,26,66,0,0,0,0,0,0,0,0,-32312,0,0,0,0,0,94463,0
94337,-2484,7264,1438,-375,1738,-239,17121,3,-51,-20,0,37292,114,26,66,0,0,0,0,0,0,0,0,-32312,0,0,0,0,0,94468,0
94342,-2672,7466,1836,-362,1521,-247,17120,-4,-37,1,0,37292,114,26,66,0,0,0,0,0,0,0,0,-32312,0,0,0,0,0,94473,0
94347,-2600,7446,1966,-326,1308,-237,17122,5,-37,3,0,37294,109,26,66,0,0,0,0,0,0,0,0,-32312,0,0,0,0,0,94478,0
94352,-2542,7688,2052,-266,914,-259,17121,2,-25,3,0,37294,109,26,66,0,0,0,0,0,0,0,0,-32313,0,0,0,0,0,94483,0
94357,-2422,7890,2008,-219,739,-286,17121,-3,-12,2,0,37292,119,26,66,0,0,0,0,0,0,0,0,-32313,0,0,0,0,0,94488,0
94362,-2354,7920,1804,-169,590,-294,17121,3,-5,2,0,37292,119,26,66,0,0,0,0,0,0,0,0,-32312,0,0,0,0,0,94493,0
94367,-2374,7858,1548,-111,468,-292,17121,0,4,4,0,37291,125,26,66,0,0,0,0,0,0,0,0,-32312,0,0,0,0,0,94499,0
94372,-2576,7600,974,25,267,-274,17121,-5,-4,2,0,37291,125,26,66,0,0,0,0,0,0,0,0,-32312,0,0,0,0,0,94504,0
94377,-2768,7446,876,80,166,-249,17122,2,0,3,0,37291,127,26,66,0,0,0,0,0,0,0,0,-32312,0,0,0,0,0,94509,0
94382,-2970,7316,702,145,61,-220,17121,1,1,5,0,37291,127,26,66,0,0,0,0,0,0,0,0,-32313,0,0,0,0,0,94514,0
94387,-2982,7368,622,200,-41,-195,17120,3,0,6,0,37292,121,26,66,0,0,0,0,0,0,0,0,-32312,0,0,0,0,0,94519,0
94392,-2468,7672,746,287,-210,-136,17118,-10,-5,8,0,37292,121,26,66,0,0,0,0,0,0,0,0,-32313,0,0,0,0,0,94524,0
94397,-2038,7784,892,322,-249,-109,17118,-15,-2,12,0,37293,116,26,66,0,0,0,0,0,0,0,0,-32313,0,0,0,0,0,94529,0
94402,-1398,7810,1030,341,-244,-92,17117,-3,-3,14,0,37293,116,26,66,0,0,0,0,0,0,0,0,-32312,0,0,0,0,0,94534,0
94407,-1092,7836,1058,352,-205,-85,17115,-7,-2,19,0,37293,110,26,66,0,0,0,0,0,0,0,0,-32313,0,0,0,0,0,94539,0
94412,-698,7730,806,396,-197,-84,17110,-25,-8,31,0,37293,110,26,66,0,0,0,0,0,0,0,0,-32312,0,0,0,0,0,94544,0
94417,-456,7880,682,397,-148,-83,17105,-31,-15,49,0,37290,117,26,66,0,0,0,0,0,0,0,0,-32312,0,0,0,0,0,94549,0
94422,-518,8006,612,392,-73,-70,17094,-45,-22,75,0,37290,117,26,66,0,0,0,0,0,0,0,0,-32312,0,0,0,0,0,94554,0
94427,-920,7952,498,386,-15,-65,17075,-90,-46,117,0,37292,115,26,66,0,0,0,0,0,0,0,0,-32313,0,0,0,0,0,94559,0
94432,-2040,7720,-70,411,-103,-30,17049,-115,-78,166,0,37292,115,26,66,0,0,0,0,0,0,0,0,-32312,0,0,0,0,0,94564,0
94437,-1762,7890,-148,414,-107,-2,17030,-86,-71,153,0,37299,118,26,66,0,0,0,0,0,0,0,0,-32313,0,0,0,0,0,94569,0
94442,-1626,7984,-94,404,-70,32,17006,-109,-52,152,0,37299,118,26,66,0,0,0,0,0,0,0,0,-32313,0,0,0,0,0,94574,0
94447,-1690,7930,-56,391,-39,51,16978,-119,-35,189,0,37300,112,26,66,0,0,0,0,0,0,0,0,-32313,0,0,0,0,0,94579,0
94452,-1740,7972,-6,380,8,107,16949,-121,-20,195,0,37300,112,26,66,0,0,0,0,0,0,0,0,-32313,0,0,0,0,0,94584,0
94457,-1684,7942,-178,372,23,131,16916,-149,-36,229,0,37303,116,26,66,0,0,0,0,0,0,0,0,-32312,0,0,0,0,0,94589,0
94462,-1492,7962,-364,355,38,145,16882,-148,-44,238,0,37303,116,26,66,0,0,0,0,0,0,0,0,-32312,0,0,0,0,0,94594,0
94467,-1728,7956,-530,349,22,165,16840,-195,-47,264,0,37300,118,26,66,0,0,0,0,0,0,0,0,-32313,0,0,0,0,0,94599,0
94472,-1390,8040,-630,317,21,196,16788,-228,-72,308,0,37300,118,26,66,0,0,0,0,0,0,0,0,-32312,0,0,0,0,0,94604,0
94477,-1380,8046,-564,311,14,212,16729,-258,-96,352,0,37301,119,26,66,0,0,0,0,0,0,0,0,-32312,0,0,0,0,0,94609,0
94482,-1350,8032,-538,301,11,213,16660,-307,-115,410,0,37301,119,26,66,0,0,0,0,0,0,0,0,-32312,0,0,0,0,0,94614,0
94487,-1304,8062,-508,286,4,226,16587,-323,-128,453,0,37302,118,26,66,0,0,0,0,0,0,0,0,-32312,0,0,0,0,0,94619,0
94492,-1136,8168,-430,261,2,250,16505,-364,-118,501,0,37302,118,26,66,0,0,0,0,0,0,0,0,-32312,0,0,0,0,0,94624,0
94497,-1102,8168,-450,254,1,250,16417,-388,-107,581,0,37303,115,26,66,0,0,0,0,0,0,0,0,-32312,0,0,0,0,0,94629,0
94502,-1058,8152,-474,243,-5,256,16327,-400,-99,625,0,37303,115,26,66,0,0,0,0,0,0,0,0,-32313,0,0,0,0,0,94634,0
94507,-916,8194,-494,234,-1,256,16234,-416,-80,656,0,37305,115,26,66,0,0,0,0,0,0,0,0,-32313,0,0,0,0,0,94639,0
94512,-798,8152,-426,210,4,253,16134,-436,-70,706,0,37305,115,26,66,0,0,0,0,0,0,0,0,-32313,0,0,0,0,0,94644,0
94517,-776,8114,-406,198,11,249,16031,-462,-65,770,0,37307,111,26,66,0,0,0,0,0,0,0,0,-32313,0,0,0,0,0,94649,0
94522,-784,8092,-364,188,9,248,15926,-456,-63,798,0,37307,111,26,66,0,0,0,0,0,0,0,0,-32313,0,0,0,0,0,94654,0
94527,-734,8162,-354,178,14,241,15820,-464,-52,789,0,37306,100,26,66,0,0,0,0,0,0,0,0,-32312,0,0,0,0,0,94659,0
94532,-634,8190,-336,163,22,231,15711,-480,-37,824,0,37306,100,26,66,0,0,0,0,0,0,0,0,-32312,0,0,0,0,0,94664,0
94537,-574,8194,-312,157,31,227,15597,-492,-40,930,0,37308,95,26,66,0,0,0,0,0,0,0,0,-32312,0,0,0,0,0,94669,0
94542,-550,8142,-288,153,34,210,15483,-497,-35,955,0,37308,95,26,66,0,0,0,0,0,0,0,0,-32312,0,0,0,0,0,94674,0
94547,-526,8138,-256,145,36,204,15370,-501,-35,941,0,37310,103,26,66,0,0,0,0,0,0,0,0,-32312,0,0,0,0,0,94679,0
94552,-496,8164,-208,135,38,179,15250,-527,-31,1018,0,37310,103,26,66,0,0,0,0,0,0,0,0,-32313,0,0,0,0,0,94684,0
94557,-502,8196,-156,133,35,173,15126,-540,-37,1105,0,37313,106,26,66,0,0,0,0,0,0,0,0,-32313,0,0,0,0,0,94689,0
94562,-444,8220,-158,126,36,158,15003,-536,-42,1106,0,37313,106,26,66,0,0,0,0,0,0,0,0,-32312,0,0,0,0,0,94694,0
94567,-424,8210,-132,129,34,147,14875,-566,-47,1168,0,37318,107,26,66,0,0,0,0,0,0,0,0,-32312,0,0,0,0,0,94699,0
94572,-386,8302,-92,129,26,111,14744,-572,-39,1285,0,37318,107,26,66,0,0,0,0,0,0,0,0,-32312,0,0,0,0,0,94704,0
94577,1046,8160,-176,122,38,26,14617,-560,-32,1251,0,37315,93,26,66,0,0,0,0,0,0,0,0,-32313,0,0,0,0,0,94709,0
94582,1596,8362,-194,125,33,-32,14502,-497,1,1064,0,37315,93,26,66,0,0,0,0,0,0,0,0,-32313,0,0,0,0,0,94714,0
94587,1606,8724,-94,126,15,-83,14400,-441,64,850,0,37314,83,26,66,0,0,0,0,0,0,0,0,-32313,0,0,0,0,0,94719,0
94592,362,8738,128,136,15,-153,14314,-372,139,650,0,37314,83,26,66,0,0,0,0,0,0,0,0,-32312,0,0,0,0,0,94724,0
94597,60,8516,148,135,23,-178,14243,-307,197,485,0,37311,88,26,66,0,0,0,0,0,0,0,0,-32312,0,0,0,0,0,94729,0
94602,-20,8378,150,150,21,-200,14185,-247,227,369,0,37311,88,26,66,0,0,0,0,0,0,0,0,-32312,0,0,0,0,0,94734,0
94607,-226,8408,160,157,16,-223,14146,-176,228,294,0,37308,102,26,66,0,0,0,0,0,0,0,0,-32312,0,0,0,0,0,94739,0
94612,-614,8270,206,171,-7,-237,14114,-128,221,231,0,37308,102,26,66,0,0,0,0,0,0,0,0,-32312,0,0,0,0,0,94744,0
94617,-722,8174,194,177,-4,-251,14096,-77,212,159,0,37303,114,26,66,0,0,0,0,0,0,0,0,-32313,0,0,0,0,0,94749,0
94622,-620,8104,164,185,-9,-262,14081,-77,174,129,0,37303,114,26,66,0,0,0,0,0,0,0,0,-32312,0,0,0,0,0,94754,0
94627,-540,8006,152,192,-8,-275,14069,-45,139,114,0,37300,118,26,66,0,0,0,0,0,0,0,0,-32312,0,0,0,0,0,94759,0
94632,-454,8056,176,207,-9,-294,14066,-16,107,56,0,37300,118,26,66,0,0,0,0,0,0,0,0,-32313,0,0,0,0,0,94764,0
94637,-592,8064,188,213,-2,-305,14064,-1,77,7,0,37298,121,26,66,0,0,0,0,0,0,0,0,-32312,0,0,0,0,0,94769,0
94642,-726,8064,176,221,-1,-316,14064,-8,64,4,0,37298,121,26,66,0,0,0,0,0,0,0,0,-32313,0,0,0,0,0,94774,0
94647,-840,8076,166,219,0,-319,14065,0,56,6,0,37300,116,26,66,0,0,0,0,0,0,0,0,-32313,0,0,0,0,0,94779,0
94652,-974,8048,72,234,10,-316,14065,-1,27,1,0,37300,116,26,66,0,0,0,0,0,0,0,0,-32312,0,0,0,0,0,94784,0
94657,-982,8054,22,232,10,-317,14066,0,3,1,0,37298,123,26,66,0,0,0,0,0,0,0,0,-32313,0,0,0,0,0,94789,0
94662,-1034,8052,-14,237,18,-317,14066,1,5,2,0,37298,123,26,66,0,0,0,0,0,0,0,0,-32312,0,0,0,0,0,94794,0
94667,-1064,7986,-50,238,17,-310,14066,0,0,3,0,37295,119,26,66,0,0,0,0,0,0,0,0,-32313,0,0,0,0,0,94799,0
94672,-1088,7960,-136,234,26,-310,14067,0,1,3,0,37295,119,26,66,0,0,0,0,0,0,0,0,-32312,0,0,0,0,0,94804,0
94677,-1094,7978,-140,238,29,-308,14066,-1,2,3,0,37295,126,26,66,0,0,0,0,0,0,0,0,-32312,0,0,0,0,0,94809,0
94682,-1138,7998,-160,233,36,-302,14066,2,-1,3,0,37295,126,26,66,0,0,0,0,0,0,0,0,-32313,0,0,0,0,0,94814,0
94687,-1146,8020,-166,232,39,-302,14065,3,3,3,0,37294,129,26,66,0,0,0,0,0,0,0,0,-32312,0,0,0,0,0,94819,0
94692,-1194,8058,-244,227,42,-289,14065,0,-2,4,0,37294,129,26,66,0,0,0,0,0,0,0,0,-32312,0,0,0,0,0,94824,0
94697,-1174,8076,-256,230,39,-279,14066,5,8,5,0,37296,123,26,66,0,0,0,0,0,0,0,0,-32312,0,0,0,0,0,94829,0
94702,-1168,8082,-292,221,37,-276,14065,-4,2,7,0,37296,123,26,66,0,0,0,0,0,0,0,0,-32312,0,0,0,0,0,94834,0
94707,-1134,8086,-296,219,32,-273,14064,-2,-1,9,0,37294,115,26,66,0,0,0,0,0,0,0,0,-32312,0,0,0,0,0,94839,0
94712,-1126,8132,-330,215,33,-260,14063,-1,-1,8,0,37294,115,26,66,0,0,0,0,0,0,0,0,-32313,0,0,0,0,0,94844,0
94717,-1136,8114,-340,209,31,-256,14062,-4,-4,9,0,37291,115,26,66,0,0,0,0,0,0,0,0,-32313,0,0,0,0,0,94849,0
94722,-1140,8112,-322,207,25,-249,14062,1,-3,10,0,37291,115,26,66,0,0,0,0,0,0,0,0,-32312,0,0,0,0,0,94854,0
94727,-1178,8072,-312,201,23,-247,14062,2,0,8,0,37294,120,26,66,0,0,0,0,0,0,0,0,-32312,0,0,0,0,0,94859,0
94732,-1250,8076,-312,192,17,-236,14060,-1,1,9,0,37294,120,26,66,0,0,0,0,0,0,0,0,-32313,0,0,0,0,0,94864,0
94737,-1260,8044,-298,190,14,-228,14060,-3,1,9,0,37295,123,26,66,0,0,0,0,0,0,0,0,-32313,0,0,0,0,0,94869,0
94742,-1318,8030,-330,183,7,-214,14060,1,1,9,0,37295,123,26,66,0,0,0,0,0,0,0,0,-32313,0,0,0,0,0,94874,0
94747,-1370,8000,-328,185,5,-210,14060,0,-1,9,0,37299,118,26,66,0,0,0,0,0,0,0,0,-32312,0,0,0,0,0,94879,0
94752,-1424,7962,-304,179,-5,-191,14060,2,3,10,0,37299,118,26,66,0,0,0,0,0,0,0,0,-32312,0,0,0,0,0,94884,0
94757,-1400,7978,-290,169,-11,-180,14057,-5,-4,8,0,37299,118,26,66,0,0,0,0,0,0,0,0,-32312,0,0,0,0,0,94889,0
94762,-1386,7992,-278,173,-7,-175,14058,-2,0,8,0,37299,118,26,66,0,0,0,0,0,0,0,0,-32313,0,0,0,0,0,94894,0
94767,-1388,7960,-258,174,-11,-165,14057,-4,1,10,0,37300,118,26,66,0,0,0,0,0,0,0,0,-32313,0,0,0,0,0,94899,0
94772,-1428,7956,-222,169,-17,-148,14057,-4,-2,10,0,37300,118,26,66,0,0,0,0,0,0,0,0,-32313,0,0,0,0,0,94904,0
94777,-1430,7968,-236,164,-18,-139,14056,1,-4,12,0,37300,124,26,66,0,0,0,0,0,0,0,0,-32312,0,0,0,0,0,94909,0
94782,-1420,7934,-250,162,-23,-130,14055,5,-1,12,0,37300,124,26,66,0,0,0,0,0,0,0,0,-32312,0,0,0,0,0,94914,0
94787,-1408,7986,-226,162,-21,-117,14054,0,1,14,0,37298,128,26,66,0,0,0,0,0,0,0,0,-32313,0,0,0,0,0,94919,0
94792,-1366,7994,-236,158,-24,-104,14054,-2,4,18,0,37298,128,26,66,0,0,0,0,0,0,0,0,-32313,0,0,0,0,0,94924,0
94797,-1328,8026,-250,158,-21,-94,14049,-11,-4,20,0,37297,131,26,66,0,0,0,0,0,0,0,0,-32312,0,0,0,0,0,94929,0
94802,-1316,8038,-282,157,-23,-88,14047,-12,-7,27,0,37297,131,26,66,0,0,0,0,0,0,0,0,-32312,0,0,0,0,0,94934,0
94807,-1306,8042,-296,158,-23,-83,14042,-27,-15,39,0,37295,124,26,66,0,0,0,0,0,0,0,0,-32312,0,0,0,0,0,94939,0
94812,-1268,8064,-326,150,-22,-70,14034,-50,-22,65,0,37295,124,26,66,0,0,0,0,0,0,0,0,-32312,0,0,0,0,0,94944,0
94817,-1254,8062,-332,145,-27,-66,14020,-67,-43,107,0,37296,126,26,66,0,0,0,0,0,0,0,0,-32312,0,0,0,0,0,94949,0
94822,-1284,8046,-326,137,-27,-63,14002,-86,-61,133,0,37296,126,26,66,0,0,0,0,0,0,0,0,-32313,0,0,0,0,0,94954,0
94827,-1226,8058,-344,136,-26,-57,13990,-44,-50,102,0,37297,122,26,66,0,0,0,0,0,0,0,0,-32312,0,0,0,0,0,94959,0
94832,-1222,8038,-418,126,-27,-50,13985,-14,-3,52,0,37297,122,26,66,0,0,0,0,0,0,0,0,-32312,0,0,0,0,0,94964,0
94837,-1222,8062,-400,122,-28,-43,13984,-6,50,21,0,37299,120,26,66,0,0,0,0,0,0,0,0,-32312,0,0,0,0,0,94969,0
94842,-1204,8066,-412,124,-24,-43,13983,1,67,12,0,37299,120,26,66,0,0,0,0,0,0,0,0,-32313,0,0,0,0,0,94974,0
94847,-1250,8058,-418,113,-24,-39,13981,-5,51,13,0,37300,115,26,66,0,0,0,0,0,0,0,0,-32312,0,0,0,0,0,94979,0
94852,-1192,8070,-408,99,-26,-34,13980,-6,15,20,0,37300,115,26,66,0,0,0,0,0,0,0,0,-32313,0,0,0,0,0,94984,0
94857,-1184,8066,-410,90,-24,-27,13978,-11,-2,24,0,37306,117,26,66,0,0,0,0,0,0,0,0,-32312,0,0,0,0,0,94989,0
94862,-1214,8068,-432,80,-29,-25,13973,-22,-12,38,0,37306,117,26,66,0,0,0,0,0,0,0,0,-32313,0,0,0,0,0,94994,0
94867,-1196,8050,-444,80,-22,-20,13966,-40,-26,62,0,37304,121,26,66,0,0,0,0,0,0,0,0,-32312,0,0,0,0,0,94999,0
94872,-1244,8046,-416,73,-25,-15,13953,-48,-35,88,0,37304,121,26,66,0,0,0,0,0,0,0,0,-32312,0,0,0,0,0,95004,0
94877,-1216,8034,-414,68,-20,-13,13941,-44,-42,93,0,37302,126,26,66,0,0,0,0,0,0,0,0,-32312,0,0,0,0,0,95009,0
94882,-1204,8058,-400,58,-20,-10,13936,-21,-17,52,0,37302,126,26,66,0,0,0,0,0,0,0,0,-32312,0,0,0,0,0,95014,0
94887,-1180,8066,-398,55,-22,-8,13937,3,26,8,0,37295,124,26,66,0,0,0,0,0,0,0,0,-32313,0,0,0,0,0,95019,0
94892,-1164,8072,-364,45,-16,-3,13935,-6,45,3,0,37295,124,26,66,0,0,0,0,0,0,0,0,-32312,0,0,0,0,0,95024,0
94897,-1156,8062,-386,39,-13,-6,13937,3,45,4,0,37297,122,26,66,0,0,0,0,0,0,0,0,-32312,0,0,0,0,0,95029,0
94902,-1144,8068,-350,34,-12,-5,13936,-6,24,2,0,37297,122,26,66,0,0,0,0,0,0,0,0,-32313,0,0,0,0,0,95034,0
94907,-1118,8078,-336,31,-13,-7,13937,1,2,3,0,37297,121,26,66,0,0,0,0,0,0,0,0,-32312,0,0,0,0,0,95039,0
94912,-1070,8124,-330,18,-13,1,13935,-2,-7,2,0,37297,121,26,66,0,0,0,0,0,0,0,0,-32313,0,0,0,0,0,95044,0
94917,-1056,8110,-322,14,-12,-7,13937,6,0,4,0,37296,121,26,66,0,0,0,0,0,0,0,0,-32312,0,0,0,0,0,95049,0
94922,-1012,8152,-320,16,-12,-8,13937,3,-1,3,0,37296,121,26,66,0,0,0,0,0,0,0,0,-32313,0,0,0,0,0,95054,0
94927,-1018,8128,-272,19,-14,-9,13936,0,-2,3,0,37293,122,26,66,0,0,0,0,0,0,0,0,-32312,0,0,0,0,0,95059,0
94932,-1042,8104,-250,10,-15,-8,13937,10,1,3,0,37293,122,26,66,0,0,0,0,0,0,0,0,-32313,0,0,0,0,0,95064,0
94937,-1068,8084,-250,7,-16,-13,13936,-2,1,3,0,37294,117,26,66,0,0,0,0,0,0,0,0,-32312,0,0,0,0,0,95069,0
94942,-1080,8066,-232,9,-12,-14,13937,4,-5,3,0,37294,117,26,66,0,0,0,0,0,0,0,0,-32313,0,0,0,0,0,95074,0
94947,-1086,8058,-240,9,-12,-14,13935,-7,1,2,0,37296,121,26,66,0,0,0,0,0,0,0,0,-32312,0,0,0,0,0,95079,0
94952,-1104,8066,-218,9,-14,-13,13936,0,3,3,0,37296,121,26,66,0,0,0,0,0,0,0,0,-32312,0,0,0,0,0,95084,0
94957,-1098,8048,-222,-4,-16,-15,13935,-4,-3,2,0,37300,122,26,66,0,0,0,0,0,0,0,0,-32313,0,0,0,0,0,95089,0
94962,-1112,8064,-182,10,-16,-14,13936,-4,5,3,0,37300,122,26,66,0,0,0,0,0,0,0,0,-32313,0,0,0,0,0,95094,0
94967,-1120,8042,-206,3,-16,-18,13938,1,2,3,0,37298,124,26,66,0,0,0,0,0,0,0,0,-32313,0,0,0,0,0,95099,0
94972,-1136,8056,-194,7,-15,-19,13937,6,2,2,0,37298,124,26,66,0,0,0,0,0,0,0,0,-32313,0,0,0,0,0,95104,0
94977,-1128,8048,-198,5,-11,-17,13936,-2,2,2,0,37298,126,26,66,0,0,0,0,0,0,0,0,-32313,0,0,0,0,0,95109,0
94982,-1144,8038,-216,0,-14,-22,13939,4,-4,3,0,37298,126,26,66,0,0,0,0,0,0,0,0,-32312,0,0,0,0,0,95114,0
94987,-1148,8060,-204,-1,-15,-19,13936,-6,-5,2,0,37297,132,26,66,0,0,0,0,0,0,0,0,-32313,0,0,0,0,0,95119,0
94992,-1120,8070,-216,4,-10,-17,13936,2,3,2,0,37297,132,26,66,0,0,0,0,0,0,0,0,-32312,0,0,0,0,0,95124,0
94997,-1108,8072,-232,-2,-16,-16,13937,5,-4,3,0,37297,138,26,66,0,0,0,0,0,0,0,0,-32313,0,0,0,0,0,95129,0
95002,-1126,8054,-216,-6,-8,-15,13935,-11,2,4,0,37297,138,26,66,0,0,0,0,0,0,0,0,-32312,0,0,0,0,0,95134,0
95007,-1158,8074,-218,-2,-11,-18,13936,-4,2,2,0,37295,136,26,66,0,0,0,0,0,0,0,0,-32312,0,0,0,0,0,95139,0
95012,-1160,8042,-190,-2,-4,-13,13937,0,2,1,0,37295,136,26,66,0,0,0,0,0,0,0,0,-32312,0,0,0,0,0,95144,0
95017,-1194,8038,-206,-5,-10,-11,13936,-5,2,1,0,37294,136,26,66,0,0,0,0,0,0,0,0,-32313,0,0,0,0,0,95149,0
95022,-1224,8028,-232,-9,-3,-9,13936,-3,-3,2,0,37294,136,26,66,0,0,0,0,0,0,0,0,-32312,0,0,0,0,0,95154,0
95027,-1248,8030,-224,-12,-8,-9,13937,4,0,2,0,37296,128,26,66,0,0,0,0,0,0,0,0,-32312,0,0,0,0,0,95159,0
95032,-1290,7982,-224,-15,-8,2,13936,3,4,1,0,37296,128,26,66,0,0,0,0,0,0,0,0,-32312,0,0,0,0,0,95164,0
95037,-1254,7998,-218,-14,-8,-4,13936,-1,3,2,0,37295,121,26,66,0,0,0,0,0,0,0,0,-32313,0,0,0,0,0,95169,0
95042,-1252,7978,-234,-16,-5,4,13937,5,2,3,0,37295,121,26,66,0,0,0,0,0,0,0,0,-32313,0,0,0,0,0,95174,0
95047,-1276,8010,-230,-16,-13,14,13937,5,1,3,0,37293,119,26,66,0,0,0,0,0,0,0,0,-32313,0,0,0,0,0,95179,0
95052,-1238,8046,-198,-11,-12,12,13937,2,0,4,0,37293,119,26,66,0,0,0,0,0,0,0,0,-32313,0,0,0,0,0,95184,0
95057,-1208,8072,-216,-15,-9,19,13937,8,-2,3,0,37294,122,26,66,0,0,0,0,0,0,0,0,-32312,0,0,0,0,0,95189,0
95062,-1202,8058,-220,-22,-12,16,13936,-5,-1,4,0,37294,122,26,66,0,0,0,0,0,0,0,0,-32312,0,0,0,0,0,95194,0
95067,-1220,8056,-212,-19,-13,21,13938,1,-1,2,0,37299,124,26,66,0,0,0,0,0,0,0,0,-32312,0,0,0,0,0,95199,0
95072,-1234,8048,-182,-24,-18,22,13936,0,-5,4,0,37299,124,26,66,0,0,0,0,0,0,0,0,-32312,0,0,0,0,0,95204,0
95077,-1238,8030,-180,-20,-20,31,13937,5,0,3,0,37298,123,26,66,0,0,0,0,0,0,0,0,-32312,0,0,0,0,0,95209,0
95082,-1238,8018,-188,-18,-22,28,13937,5,-10,5,0,37298,123,26,66,0,0,0,0,0,0,0,0,-32312,0,0,0,0,0,95214,0
95087,-1258,8014,-172,-21,-24,32,13936,1,3,5,0,37297,124,26,66,0,0,0,0,0,0,0,0,-32313,0,0,0,0,0,95219,0
95092,-1238,8030,-126,-21,-24,38,13936,3,1,3,0,37297,124,26,66,0,0,0,0,0,0,0,0,-32313,0,0,0,0,0,95224,0
95097,-1260,8006,-132,-22,-23,42,13936,4,-1,4,0,37294,129,26,66,0,0,0,0,0,0,0,0,-32313,0,0,0,0,0,95229,0
95102,-1240,8022,-124,-17,-26,44,13935,4,1,3,0,37294,129,26,66,0,0,0,0,0,0,0,0,-32313,0,0,0,0,0,95234,0
95107,-1220,8012,-116,-17,-20,44,13935,-2,1,2,0,37298,125,26,66,0,0,0,0,0,0,0,0,-32313,0,0,0,0,0,95239,0
95112,-1214,8044,-78,-16,-24,55,13935,0,0,4,0,37298,125,26,66,0,0,0,0,0,0,0,0,-32313,0,0,0,0,0,95244,0
95117,-1194,8030,-82,-12,-26,53,13936,-7,-2,2,0,37298,118,26,66,0,0,0,0,0,0,0,0,-32312,0,0,0,0,0,95249,0
95122,-1168,8046,-78,-9,-26,51,13936,1,0,3,0,37298,118,26,66,0,0,0,0,0,0,0,0,-32313,0,0,0,0,0,95254,0
95127,-1182,8056,-66,-10,-26,56,13936,7,-4,3,0,37298,115,26,66,0,0,0,0,0,0,0,0,-32313,0,0,0,0,0,95259,0
95132,-1156,8028,-40,-2,-22,61,13934,0,0,3,0,37298,115,26,66,0,0,0,0,0,0,0,0,-32313,0,0,0,0,0,95264,0
95137,-1142,8032,-46,-9,-26,60,13935,0,-3,3,0,37295,111,26,66,0,0,0,0,0,0,0,0,-32312,0,0,0,0,0,95269,0
95142,-1122,8062,-44,0,-21,61,13934,-2,-1,4,0,37295,111,26,66,0,0,0,0,0,0,0,0,-32312,0,0,0,0,0,95274,0
95147,-1134,8044,-24,2,-21,61,13934,3,2,3,0,37294,118,26,66,0,0,0,0,0,0,0,0,-32313,0,0,0,0,0,95279,0
95152,-1064,8072,-40,6,-15,59,13934,0,-1,4,0,37294,118,26,66,0,0,0,0,0,0,0,0,-32312,0,0,0,0,0,95284,0
95157,-1068,8066,-50,7,-19,55,13935,4,3,3,0,37294,114,26,66,0,0,0,0,0,0,0,0,-32312,0,0,0,0,0,95289,0
95162,-1048,8084,-36,7,-16,55,13936,4,3,4,0,37294,114,26,66,0,0,0,0,0,0,0,0,-32312,0,0,0,0,0,95294,0
95167,-1042,8090,-52,9,-11,54,13935,-1,2,6,0,37297,123,26,66,0,0,0,0,0,0,0,0,-32312,0,0,0,0,0,95299,0
95172,-1022,8080,-62,16,-16,48,13934,-2,-1,7,0,37297,123,26,66,0,0,0,0,0,0,0,0,-32313,0,0,0,0,0,95304,0
95177,-974,8106,-70,11,-13,49,13934,-3,-2,4,0,37298,123,26,66,0,0,0,0,0,0,0,0,-32312,0,0,0,0,0,95309,0
95182,-1032,8074,-100,17,-15,43,13934,-3,-3,2,0,37298,123,26,66,0,0,0,0,0,0,0,0,-32314,0,0,0,0,0,95314,0
95187,-1030,8122,-88,19,-4,41,13935,-2,-1,2,0,37299,120,26,66,0,0,0,0,0,0,0,0,-32313,0,0,0,0,0,95319,0
95192,-1050,8074,-108,17,-8,31,13934,2,4,3,0,37299,120,26,66,0,0,0,0,0,0,0,0,-32313,0,0,0,0,0,95324,0
95197,-1026,8106,-70,16,-10,27,13934,1,4,3,0,37298,115,26,66,0,0,0,0,0,0,0,0,-32313,0,0,0,0,0,95329,0
95202,-1020,8096,-100,20,0,29,13934,0,0,4,0,37298,115,26,66,0,0,0,0,0,0,0,0,-32312,0,0,0,0,0,95334,0
95207,-1004,8078,-100,22,-6,28,13934,4,4,2,0,37293,124,26,66,0,0,0,0,0,0,0,0,-32312,0,0,0,0,0,95339,0
95212,-1022,8068,-108,21,-4,19,13935,-1,3,2,0,37293,124,26,66,0,0,0,0,0,0,0,0,-32313,0,0,0,0,0,95345,0
95217,-1084,8074,-142,17,-6,21,13935,5,0,1,0,37291,125,26,66,0,0,0,0,0,0,0,0,-32312,0,0,0,0,0,95350,0
95222,-1062,8072,-116,18,-5,17,13934,4,2,3,0,37291,125,26,66,0,0,0,0,0,0,0,0,-32312,0,0,0,0,0,95355,0
95227,-1090,8034,-136,19,-1,17,13935,1,-2,3,0,37290,124,26,66,0,0,0,0,0,0,0,0,-32312,0,0,0,0,0,95361,0
95232,-1106,8062,-140,17,-5,10,13934,0,-3,14,0,37290,124,26,66,0,0,0,0,0,0,0,0,-32313,0,0,0,0,0,95366,0
95237,-1088,8074,-142,21,-7,9,13934,3,5,25,8,37298,125,26,66,0,0,0,0,0,0,0,0,-32312,0,0,0,0,0,95372,0
95242,-1076,8046,-136,22,-6,11,13933,-3,-1,27,0,37298,125,26,66,0,0,0,0,0,0,0,0,-32312,0,0,0,0,0,95378,0
95247,-1084,8100,-102,20,-8,7,13934,-4,-1,26,8,37309,125,26,66,0,0,0,0,0,0,0,0,-32312,0,0,0,0,0,95383,0
95252,-1092,8064,-122,22,-8,5,13935,0,-4,26,8,37309,125,26,66,0,0,0,0,0,0,0,0,-32312,0,0,0,0,0,95388,0
95257,-1060,8072,-86,21,-11,-1,13934,2,5,23,0,37315,130,26,66,0,0,0,0,0,0,0,0,-32312,0,0,0,0,0,95394,0
95262,-1078,8070,-134,17,-14,3,13934,-1,-3,6,0,37315,130,26,66,0,0,0,0,0,0,0,0,-32312,0,0,0,0,0,95399,0
95267,-1062,8070,-92,28,-16,-5,13934,0,-4,1,0,37309,121,26,66,0,0,0,0,0,0,0,0,-32313,0,0,0,0,0,95404,0
95272,-1064,8066,-82,23,-13,-3,13933,-4,2,3,0,37309,121,26,66,0,0,0,0,0,0,0,0,-32312,0,0,0,0,0,95409,0
95277,-1078,8080,-68,27,-16,-4,13934,0,2,5,0,37303,124,26,66,0,0,0,0,0,0,0,0,-32313,0,0,0,0,0,95414,0
95282,-1092,8072,-82,26,-11,-9,13933,-2,-2,3,0,37303,124,26,66,0,0,0,0,0,0,0,0,-32313,0,0,0,0,0,95419,0
95287,-1098,8070,-80,21,-15,-6,13935,1,0,2,0,37296,124,26,66,0,0,0,0,0,0,0,0,-32312,0,0,0,0,0,95424,0
95292,-1076,8058,-102,27,-14,-13,13936,5,0,2,0,37296,124,26,66,0,0,0,0,0,0,0,0,-32312,0,0,0,0,0,95429,0
95297,-1102,8070,-110,28,-7,-12,13934,2,2,2,0,37297,135,26,66,0,0,0,0,0,0,0,0,-32312,0,0,0,0,0,95434,0
95302,-1124,8090,-100,25,-8,-8,13934,1,-1,3,0,37297,135,26,66,0,0,0,0,0,0,0,0,-32313,0,0,0,0,0,95439,0
95307,-1126,8064,-102,27,-8,-15,13933,-3,-5,0,0,37291,133,26,66,0,0,0,0,0,0,0,0,-32312,0,0,0,0,0,95444,0
95312,-1126,8068,-90,24,-5,-8,13933,1,5,2,0,37291,133,26,66,0,0,0,0,0,0,0,0,-32313,0,0,0,0,0,95449,0
95317,-1132,8078,-112,31,-9,-8,13933,-3,1,2,0,37291,124,26,66,0,0,0,0,0,0,0,0,-32312,0,0,0,0,0,95454,0
95322,-1136,8058,-88,23,-8,-11,13934,1,0,3,0,37291,124,26,66,0,0,0,0,0,0,0,0,-32312,0,0,0,0,0,95459,0
95327,-1130,8052,-82,31,-4,-12,13935,1,-2,3,0,37292,122,26,66,0,0,0,0,0,0,0,0,-32312,0,0,0,0,0,95463,0
95332,-1154,8042,-62,31,-5,-8,13934,2,1,2,0,37292,122,26,66,0,0,0,0,0,0,0,0,-32313,0,0,0,0,0,95468,0
95337,-1154,8052,-100,28,-2,-4,13933,0,-2,3,0,37293,120,26,66,0,0,0,0,0,0,0,0,-32312,0,0,0,0,0,95473,0
95342,-1184,8064,-102,24,-4,-5,13934,0,-3,3,0,37293,120,26,66,0,0,0,0,0,0,0,0,-32313,0,0,0,0,0,95478,0
95347,-1178,8042,-62,34,-6,-7,13934,7,1,3,0,37293,124,26,66,0,0,0,0,0,0,0,0,-32312,0,0,0,0,0,95483,0
