state_time,accelx,accely,accelz,gyrox,gyroy,gyroz,mot_ang,mot_vel,mot_acc,mot_cur,mot_volt,batt_volt,batt_curr,temperature,status_mn,status_ex,status_re,genvar_0,genvar_1,genvar_2,genvar_3,genvar_4,genvar_5,genvar_6,genvar_7,genvar_8,genvar_9,ank_ang,ank_vel,sys_time,event flags
137153,-596,506,-8494,-83,-15,73,7726,5,1,1,0,37806,129,26,144,0,0,0,0,0,0,0,0,-32308,0,0,0,0,0,902,0
137214,-650,498,-8474,-16,57,55,7727,2,6,0,0,37809,142,26,144,0,0,0,0,0,0,0,0,-32307,0,0,0,0,0,137153,0
137215,-650,498,-8474,-16,57,55,7727,13,-2,0,0,37809,142,26,144,0,0,0,0,0,0,0,0,-32308,0,0,0,0,0,137154,0
137216,-686,498,-8470,-15,68,59,7727,9,-3,1,0,37809,142,26,144,0,0,0,0,0,0,0,0,-32307,0,0,0,0,0,137155,0
137217,-686,498,-8470,-15,68,59,7727,1,0,1,0,37809,142,26,144,0,0,0,0,0,0,0,0,-32307,0,0,0,0,0,137156,0
137218,-686,498,-8470,-15,68,59,7726,-7,-2,1,0,37809,142,26,144,0,0,0,0,0,0,0,0,-32307,0,0,0,0,0,137157,0
137219,-686,498,-8470,-15,68,59,7727,-5,4,2,0,37809,142,26,144,0,0,0,0,0,0,0,0,-32308,0,0,0,0,0,137158,0
137220,-668,522,-8438,-20,68,55,7727,0,4,1,0,37809,142,26,144,0,0,0,0,0,0,0,0,-32308,0,0,0,0,0,137159,0
137221,-668,522,-8438,-20,68,55,7727,2,-1,2,0,37809,142,26,144,0,0,0,0,0,0,0,0,-32308,0,0,0,0,0,137160,0
137222,-668,522,-8438,-20,68,55,7726,0,-3,3,0,37809,142,26,144,0,0,0,0,0,0,0,0,-32308,0,0,0,0,0,137161,0
137223,-668,522,-8438,-20,68,55,7726,-5,0,2,0,37812,146,26,144,0,0,0,0,0,0,0,0,-32307,0,0,0,0,0,137162,0
137224,-670,520,-8458,-19,70,54,7728,0,3,1,0,37812,146,26,144,0,0,0,0,0,0,0,0,-32308,0,0,0,0,0,137163,0
137225,-670,520,-8458,-19,70,54,7727,1,5,1,0,37812,146,26,144,0,0,0,0,0,0,0,0,-32308,0,0,0,0,0,137164,0
137226,-670,520,-8458,-19,70,54,7726,3,3,1,0,37812,146,26,144,0,0,0,0,0,0,0,0,-32307,0,0,0,0,0,137165,0
137227,-670,520,-8458,-19,70,54,7726,-2,-1,1,0,37812,146,26,144,0,0,0,0,0,0,0,0,-32308,0,0,0,0,0,137166,0
137228,-690,488,-8462,-19,76,54,7727,-4,-7,1,0,37812,146,26,144,0,0,0,0,0,0,0,0,-32308,0,0,0,0,0,137167,0
137229,-690,488,-8462,-19,76,54,7727,2,3,1,0,37812,146,26,144,0,0,0,0,0,0,0,0,-32307,0,0,0,0,0,137168,0
137230,-690,488,-8462,-19,76,54,7726,1,-1,1,0,37812,146,26,144,0,0,0,0,0,0,0,0,-32308,0,0,0,0,0,137169,0
137231,-690,488,-8462,-19,76,54,7726,0,-5,2,0,37812,146,26,144,0,0,0,0,0,0,0,0,-32307,0,0,0,0,0,137170,0
137232,-654,474,-8442,-28,77,45,7727,-1,4,2,0,37812,146,26,144,0,0,0,0,0,0,0,0,-32307,0,0,0,0,0,137171,0
137233,-654,474,-8442,-28,77,45,7727,1,1,2,0,37812,141,26,144,0,0,0,0,0,0,0,0,-32308,0,0,0,0,0,137172,0
137234,-654,474,-8442,-28,77,45,7726,1,-3,2,0,37812,141,26,144,0,0,0,0,0,0,0,0,-32308,0,0,0,0,0,137173,0
137235,-654,474,-8442,-28,77,45,7728,4,4,2,0,37812,141,26,144,0,0,0,0,0,0,0,0,-32308,0,0,0,0,0,137174,0
137236,-676,462,-8452,-33,83,45,7727,0,2,1,0,37812,141,26,144,0,0,0,0,0,0,0,0,-32308,0,0,0,0,0,137175,0
137237,-676,462,-8452,-33,83,45,7727,0,3,1,0,37812,141,26,144,0,0,0,0,0,0,0,0,-32308,0,0,0,0,0,137176,0
137238,-676,462,-8452,-33,83,45,7727,-1,-1,1,0,37812,141,26,144,0,0,0,0,0,0,0,0,-32307,0,0,0,0,0,137177,0
137239,-676,462,-8452,-33,83,45,7727,-2,-3,1,0,37812,141,26,144,0,0,0,0,0,0,0,0,-32308,0,0,0,0,0,137178,0
137240,-644,454,-8442,-30,73,38,7727,3,-2,1,0,37812,141,26,144,0,0,0,0,0,0,0,0,-32308,0,0,0,0,0,137179,0
137241,-644,454,-8442,-30,73,38,7727,1,3,0,0,37812,141,26,144,0,0,0,0,0,0,0,0,-32308,0,0,0,0,0,137180,0
137242,-644,454,-8442,-30,73,38,7727,0,-1,1,0,37812,141,26,144,0,0,0,0,0,0,0,0,-32307,0,0,0,0,0,137181,0
137243,-644,454,-8442,-30,73,38,7726,-6,-1,1,0,37808,140,26,144,0,0,0,0,0,0,0,0,-32307,0,0,0,0,0,137182,0
137244,-632,436,-8442,-35,76,41,7727,-1,3,1,0,37808,140,26,144,0,0,0,0,0,0,0,0,-32308,0,0,0,0,0,137183,0
137245,-632,436,-8442,-35,76,41,7727,4,1,2,0,37808,140,26,144,0,0,0,0,0,0,0,0,-32308,0,0,0,0,0,137184,0
137246,-632,436,-8442,-35,76,41,7726,0,-4,2,0,37808,140,26,144,0,0,0,0,0,0,0,0,-32307,0,0,0,0,0,137185,0
137247,-632,436,-8442,-35,76,41,7725,-4,-3,1,0,37808,140,26,144,0,0,0,0,0,0,0,0,-32308,0,0,0,0,0,137186,0
137248,-658,406,-8452,-31,72,32,7727,-4,3,2,0,37808,140,26,144,0,0,0,0,0,0,0,0,-32308,0,0,0,0,0,137187,0
137249,-658,406,-8452,-31,72,32,7725,-6,-6,1,0,37808,140,26,144,0,0,0,0,0,0,0,0,-32308,0,0,0,0,0,137188,0
137250,-658,406,-8452,-31,72,32,7728,8,1,2,0,37808,140,26,144,0,0,0,0,0,0,0,0,-32308,0,0,0,0,0,137189,0
137251,-658,406,-8452,-31,72,32,7726,5,-3,2,0,37808,140,26,144,0,0,0,0,0,0,0,0,-32308,0,0,0,0,0,137190,0
137252,-652,426,-8438,-17,66,26,7727,2,3,1,0,37808,140,26,144,0,0,0,0,0,0,0,0,-32307,0,0,0,0,0,137191,0
137253,-652,426,-8438,-17,66,26,7727,4,1,2,0,37808,138,26,144,0,0,0,0,0,0,0,0,-32308,0,0,0,0,0,137192,0
137254,-652,426,-8438,-17,66,26,7727,-2,0,2,0,37808,138,26,144,0,0,0,0,0,0,0,0,-32307,0,0,0,0,0,137193,0
137255,-652,426,-8438,-17,66,26,7726,0,-3,2,0,37808,138,26,144,0,0,0,0,0,0,0,0,-32308,0,0,0,0,0,137194,0
137256,-626,432,-8474,-13,78,27,7728,0,3,2,0,37808,138,26,144,0,0,0,0,0,0,0,0,-32308,0,0,0,0,0,137195,0
137257,-626,432,-8474,-13,78,27,7727,2,1,1,0,37808,138,26,144,0,0,0,0,0,0,0,0,-32308,0,0,0,0,0,137196,0
137258,-626,432,-8474,-13,78,27,7726,-1,-3,2,0,37808,138,26,144,0,0,0,0,0,0,0,0,-32307,0,0,0,0,0,137197,0
137259,-626,432,-8474,-13,78,27,7727,2,-2,1,0,37808,138,26,144,0,0,0,0,0,0,0,0,-32307,0,0,0,0,0,137198,0
137260,-632,426,-8436,0,77,22,7727,-3,2,0,0,37808,138,26,144,0,0,0,0,0,0,0,0,-32307,0,0,0,0,0,137199,0
137261,-632,426,-8436,0,77,22,7728,3,6,0,0,37808,138,26,144,0,0,0,0,0,0,0,0,-32307,0,0,0,0,0,137200,0
137262,-632,426,-8436,0,77,22,7726,-2,-3,0,0,37808,138,26,144,0,0,0,0,0,0,0,0,-32308,0,0,0,0,0,137201,0
137263,-632,426,-8436,0,77,22,7726,-9,3,1,0,37811,145,26,144,0,0,0,0,0,0,0,0,-32309,0,0,0,0,0,137202,0
137264,-656,426,-8438,13,68,19,7726,-7,-3,1,0,37811,145,26,144,0,0,0,0,0,0,0,0,-32309,0,0,0,0,0,137203,0
137265,-656,426,-8438,13,68,19,7727,-3,3,1,0,37811,145,26,144,0,0,0,0,0,0,0,0,-32309,0,0,0,0,0,137204,0
137266,-656,426,-8438,13,68,19,7726,1,-2,1,0,37811,145,26,144,0,0,0,0,0,0,0,0,-32308,0,0,0,0,0,137205,0
137267,-656,426,-8438,13,68,19,7727,4,1,2,0,37811,145,26,144,0,0,0,0,0,0,0,0,-32309,0,0,0,0,0,137206,0
137268,-654,460,-8460,24,62,22,7726,2,-1,2,0,37811,145,26,144,0,0,0,0,0,0,0,0,-32308,0,0,0,0,0,137207,0
137269,-654,460,-8460,24,62,22,7726,-2,1,3,0,37811,145,26,144,0,0,0,0,0,0,0,0,-32308,0,0,0,0,0,137208,0
137270,-654,460,-8460,24,62,22,7726,-2,-1,3,0,37811,145,26,144,0,0,0,0,0,0,0,0,-32307,0,0,0,0,0,137209,0
137271,-654,460,-8460,24,62,22,7728,0,0,3,0,37811,145,26,144,0,0,0,0,0,0,0,0,-32308,0,0,0,0,0,137210,0
137272,-648,482,-8452,21,52,18,7726,3,1,3,0,37811,145,26,144,0,0,0,0,0,0,0,0,-32308,0,0,0,0,0,137211,0
137273,-648,482,-8452,21,52,18,7726,2,-1,3,0,37811,153,26,144,0,0,0,0,0,0,0,0,-32308,0,0,0,0,0,137212,0
137274,-648,482,-8452,21,52,18,7728,4,0,3,0,37811,153,26,144,0,0,0,0,0,0,0,0,-32308,0,0,0,0,0,137213,0
137275,-648,482,-8452,21,52,18,7727,0,-5,2,0,37811,153,26,144,0,0,0,0,0,0,0,0,-32308,0,0,0,0,0,137214,0
137276,-626,508,-8444,17,55,21,7727,7,4,2,0,37811,153,26,144,0,0,0,0,0,0,0,0,-32307,0,0,0,0,0,137215,0
137277,-626,508,-8444,17,55,21,7726,0,-4,2,0,37811,153,26,144,0,0,0,0,0,0,0,0,-32308,0,0,0,0,0,137216,0
137278,-626,508,-8444,17,55,21,7726,-8,1,1,0,37811,153,26,144,0,0,0,0,0,0,0,0,-32307,0,0,0,0,0,137217,0
137279,-626,508,-8444,17,55,21,7727,-4,0,2,0,37811,153,26,144,0,0,0,0,0,0,0,0,-32308,0,0,0,0,0,137218,0
137280,-628,504,-8466,5,39,23,7727,0,3,1,0,37811,153,26,144,0,0,0,0,0,0,0,0,-32308,0,0,0,0,0,137219,0
137281,-628,504,-8466,5,39,23,7726,0,-3,1,0,37811,153,26,144,0,0,0,0,0,0,0,0,-32307,0,0,0,0,0,137220,0
137282,-628,504,-8466,5,39,23,7727,3,1,1,0,37811,153,26,144,0,0,0,0,0,0,0,0,-32307,0,0,0,0,0,137221,0
137283,-628,504,-8466,5,39,23,7726,-3,-1,1,0,37809,145,26,144,0,0,0,0,0,0,0,0,-32308,0,0,0,0,0,137222,0
137284,-616,504,-8438,-5,42,26,7727,0,6,1,0,37809,145,26,144,0,0,0,0,0,0,0,0,-32308,0,0,0,0,0,137223,0
137285,-616,504,-8438,-5,42,26,7726,3,-2,2,0,37809,145,26,144,0,0,0,0,0,0,0,0,-32307,0,0,0,0,0,137224,0
137286,-616,504,-8438,-5,42,26,7727,-2,0,2,0,37809,145,26,144,0,0,0,0,0,0,0,0,-32308,0,0,0,0,0,137226,0
137288,-588,508,-8428,-7,46,36,7726,-4,-3,2,0,37809,145,26,144,0,0,0,0,0,0,0,0,-32307,0,0,0,0,0,137228,0
137289,-588,508,-8428,-7,46,36,7727,0,3,2,0,37809,145,26,144,0,0,0,0,0,0,0,0,-32307,0,0,0,0,0,137229,0
137290,-588,508,-8428,-7,46,36,7727,1,0,3,0,37809,145,26,144,0,0,0,0,0,0,0,0,-32307,0,0,0,0,0,137230,0
137291,-588,508,-8428,-7,46,36,7727,3,1,3,0,37809,145,26,144,0,0,0,0,0,0,0,0,-32308,0,0,0,0,0,137231,0
137292,-598,498,-8434,-15,49,40,7727,3,0,2,0,37809,145,26,144,0,0,0,0,0,0,0,0,-32307,0,0,0,0,0,137232,0
137293,-598,498,-8434,-15,49,40,7726,-4,-1,2,0,37807,137,26,144,0,0,0,0,0,0,0,0,-32307,0,0,0,0,0,137233,0
137294,-598,498,-8434,-15,49,40,7727,-5,-1,1,0,37807,137,26,144,0,0,0,0,0,0,0,0,-32307,0,0,0,0,0,137234,0
137295,-598,498,-8434,-15,49,40,7727,-3,2,1,0,37807,137,26,144,0,0,0,0,0,0,0,0,-32308,0,0,0,0,0,137235,0
137296,-568,518,-8418,-13,50,46,7728,6,0,1,0,37807,137,26,144,0,0,0,0,0,0,0,0,-32307,0,0,0,0,0,137236,0
137297,-568,518,-8418,-13,50,46,7728,10,2,1,0,37807,137,26,144,0,0,0,0,0,0,0,0,-32308,0,0,0,0,0,137237,0
137298,-568,518,-8418,-13,50,46,7726,0,-3,1,0,37807,137,26,144,0,0,0,0,0,0,0,0,-32308,0,0,0,0,0,137238,0
137299,-568,518,-8418,-13,50,46,7727,-4,5,1,0,37807,137,26,144,0,0,0,0,0,0,0,0,-32307,0,0,0,0,0,137239,0
137300,-576,494,-8428,-17,48,50,7727,-5,-1,1,0,37807,137,26,144,0,0,0,0,0,0,0,0,-32308,0,0,0,0,0,137240,0
137301,-576,494,-8428,-17,48,50,7726,-5,-4,1,0,37807,137,26,144,0,0,0,0,0,0,0,0,-32308,0,0,0,0,0,137241,0
137302,-576,494,-8428,-17,48,50,7727,2,5,2,0,37807,137,26,144,0,0,0,0,0,0,0,0,-32307,0,0,0,0,0,137242,0
137303,-576,494,-8428,-17,48,50,7727,1,-1,1,0,37809,130,26,144,0,0,0,0,0,0,0,0,-32308,0,0,0,0,0,137243,0
137304,-596,500,-8424,-19,54,52,7727,0,0,1,0,37809,130,26,144,0,0,0,0,0,0,0,0,-32307,0,0,0,0,0,137244,0
137305,-596,500,-8424,-19,54,52,7726,1,-3,0,0,37809,130,26,144,0,0,0,0,0,0,0,0,-32307,0,0,0,0,0,137245,0
137306,-596,500,-8424,-19,54,52,7726,-5,-3,0,0,37809,130,26,144,0,0,0,0,0,0,0,0,-32308,0,0,0,0,0,137246,0
137307,-596,500,-8424,-19,54,52,7727,-2,2,1,0,37809,130,26,144,0,0,0,0,0,0,0,0,-32307,0,0,0,0,0,137247,0
137308,-628,510,-8450,-18,44,51,7728,5,3,1,0,37809,130,26,144,0,0,0,0,0,0,0,0,-32308,0,0,0,0,0,137248,0
137309,-628,510,-8450,-18,44,51,7728,10,1,1,0,37809,130,26,144,0,0,0,0,0,0,0,0,-32307,0,0,0,0,0,137249,0
137310,-628,510,-8450,-18,44,51,7725,0,-6,1,0,37809,130,26,144,0,0,0,0,0,0,0,0,-32308,0,0,0,0,0,137250,0
137311,-628,510,-8450,-18,44,51,7727,-3,-4,1,0,37809,130,26,144,0,0,0,0,0,0,0,0,-32308,0,0,0,0,0,137251,0
137312,-638,480,-8470,-22,38,56,7726,-9,1,0,0,37809,130,26,144,0,0,0,0,0,0,0,0,-32308,0,0,0,0,0,137252,0
137313,-638,480,-8470,-22,38,56,7726,-6,-3,1,0,37814,121,26,144,0,0,0,0,0,0,0,0,-32308,0,0,0,0,0,137253,0
137314,-638,480,-8470,-22,38,56,7727,5,1,1,0,37814,121,26,144,0,0,0,0,0,0,0,0,-32307,0,0,0,0,0,137254,0
137315,-638,480,-8470,-22,38,56,7726,-3,-1,0,0,37814,121,26,144,0,0,0,0,0,0,0,0,-32308,0,0,0,0,0,137255,0
137316,-610,484,-8460,-14,29,55,7727,3,-3,0,0,37814,121,26,144,0,0,0,0,0,0,0,0,-32308,0,0,0,0,0,137256,0
137317,-610,484,-8460,-14,29,55,7726,1,-1,0,0,37814,121,26,144,0,0,0,0,0,0,0,0,-32308,0,0,0,0,0,137257,0
137318,-610,484,-8460,-14,29,55,7728,5,1,-1,0,37814,121,26,144,0,0,0,0,0,0,0,0,-32307,0,0,0,0,0,137258,0
137319,-610,484,-8460,-14,29,55,7727,4,4,0,0,37814,121,26,144,0,0,0,0,0,0,0,0,-32308,0,0,0,0,0,137258,0
137320,-626,512,-8488,-11,22,43,7726,-3,1,0,0,37814,121,26,144,0,0,0,0,0,0,0,0,-32308,0,0,0,0,0,137260,0
137321,-626,512,-8488,-11,22,43,7726,-4,-4,-1,0,37814,121,26,144,0,0,0,0,0,0,0,0,-32308,0,0,0,0,0,137261,0
137322,-626,512,-8488,-11,22,43,7727,-5,0,0,0,37814,121,26,144,0,0,0,0,0,0,0,0,-32308,0,0,0,0,0,137262,0
137323,-626,512,-8488,-11,22,43,7727,4,-2,0,0,37820,134,26,144,0,0,0,0,0,0,0,0,-32308,0,0,0,0,0,137263,0
137324,-628,512,-8496,-12,10,39,7727,4,7,0,0,37820,134,26,144,0,0,0,0,0,0,0,0,-32308,0,0,0,0,0,137264,0
137325,-628,512,-8496,-12,10,39,7726,0,-1,1,0,37820,134,26,144,0,0,0,0,0,0,0,0,-32308,0,0,0,0,0,137265,0
137326,-628,512,-8496,-12,10,39,7726,-3,-1,1,0,37820,134,26,144,0,0,0,0,0,0,0,0,-32308,0,0,0,0,0,137266,0
137327,-628,512,-8496,-12,10,39,7728,0,6,0,0,37820,134,26,144,0,0,0,0,0,0,0,0,-32308,0,0,0,0,0,137267,0
137328,-618,478,-8490,-11,10,38,7727,2,1,1,0,37820,134,26,144,0,0,0,0,0,0,0,0,-32308,0,0,0,0,0,137268,0
137329,-618,478,-8490,-11,10,38,7726,0,-3,1,0,37820,134,26,144,0,0,0,0,0,0,0,0,-32307,0,0,0,0,0,137269,0
137330,-618,478,-8490,-11,10,38,7727,0,-1,1,0,37820,134,26,144,0,0,0,0,0,0,0,0,-32308,0,0,0,0,0,137270,0
137331,-618,478,-8490,-11,10,38,7726,-7,2,1,0,37820,134,26,144,0,0,0,0,0,0,0,0,-32308,0,0,0,0,0,137271,0
137332,-620,458,-8492,-19,6,34,7726,-4,-3,1,0,37820,134,26,144,0,0,0,0,0,0,0,0,-32307,0,0,0,0,0,137272,0
137333,-620,458,-8492,-19,6,34,7726,-1,-2,1,0,37818,131,26,144,0,0,0,0,0,0,0,0,-32307,0,0,0,0,0,137273,0
137334,-620,458,-8492,-19,6,34,7728,5,2,1,0,37818,131,26,144,0,0,0,0,0,0,0,0,-32307,0,0,0,0,0,137274,0
137335,-620,458,-8492,-19,6,34,7726,4,0,1,0,37818,131,26,144,0,0,0,0,0,0,0,0,-32307,0,0,0,0,0,137274,0
137336,-566,472,-8488,-17,18,40,7727,3,4,1,0,37818,131,26,144,0,0,0,0,0,0,0,0,-32307,0,0,0,0,0,137276,0
137337,-566,472,-8488,-17,18,40,7727,1,2,1,0,37818,131,26,144,0,0,0,0,0,0,0,0,-32307,0,0,0,0,0,137277,0
137338,-566,472,-8488,-17,18,40,7726,-6,-4,1,0,37818,131,26,144,0,0,0,0,0,0,0,0,-32308,0,0,0,0,0,137278,0
137339,-566,472,-8488,-17,18,40,7727,2,2,0,0,37818,131,26,144,0,0,0,0,0,0,0,0,-32308,0,0,0,0,0,137279,0
137340,-526,490,-8472,-25,33,35,7727,-1,1,1,0,37818,131,26,144,0,0,0,0,0,0,0,0,-32308,0,0,0,0,0,137280,0
137341,-526,490,-8472,-25,33,35,7727,2,-4,0,0,37818,131,26,144,0,0,0,0,0,0,0,0,-32307,0,0,0,0,0,137281,0
137342,-526,490,-8472,-25,33,35,7726,2,0,1,0,37818,131,26,144,0,0,0,0,0,0,0,0,-32307,0,0,0,0,0,137282,0
137343,-526,490,-8472,-25,33,35,7725,-9,-4,1,0,37817,138,26,144,0,0,0,0,0,0,0,0,-32307,0,0,0,0,0,137283,0
137344,-510,488,-8454,-23,53,46,7727,-1,0,1,0,37817,138,26,144,0,0,0,0,0,0,0,0,-32308,0,0,0,0,0,137284,0
137345,-510,488,-8454,-23,53,46,7727,0,1,2,0,37817,138,26,144,0,0,0,0,0,0,0,0,-32308,0,0,0,0,0,137285,0
137346,-510,488,-8454,-23,53,46,7727,8,5,2,0,37817,138,26,144,0,0,0,0,0,0,0,0,-32307,0,0,0,0,0,137286,0
137347,-510,488,-8454,-23,53,46,7726,4,1,2,0,37817,138,26,144,0,0,0,0,0,0,0,0,-32307,0,0,0,0,0,137287,0
137348,-498,512,-8406,-33,83,50,7728,0,-3,2,0,37817,138,26,144,0,0,0,0,0,0,0,0,-32307,0,0,0,0,0,137288,0
137349,-498,512,-8406,-33,83,50,7727,0,1,3,0,37817,138,26,144,0,0,0,0,0,0,0,0,-32307,0,0,0,0,0,137289,0
137350,-498,512,-8406,-33,83,50,7726,-2,1,2,0,37817,138,26,144,0,0,0,0,0,0,0,0,-32308,0,0,0,0,0,137290,0
137351,-498,512,-8406,-33,83,50,7727,0,0,2,0,37817,138,26,144,0,0,0,0,0,0,0,0,-32308,0,0,0,0,0,137291,0
137352,-498,566,-8424,-38,112,57,7726,-4,1,2,0,37817,138,26,144,0,0,0,0,0,0,0,0,-32307,0,0,0,0,0,137292,0
137353,-498,566,-8424,-38,112,57,7727,0,-1,2,0,37817,147,26,144,0,0,0,0,0,0,0,0,-32307,0,0,0,0,0,137293,0
137354,-498,566,-8424,-38,112,57,7728,5,2,2,0,37817,147,26,144,0,0,0,0,0,0,0,0,-32307,0,0,0,0,0,137294,0
137355,-498,566,-8424,-38,112,57,7726,-1,-2,2,0,37817,147,26,144,0,0,0,0,0,0,0,0,-32308,0,0,0,0,0,137295,0
137356,-494,548,-8396,-51,134,73,7726,-1,1,1,0,37817,147,26,144,0,0,0,0,0,0,0,0,-32308,0,0,0,0,0,137296,0
137357,-494,548,-8396,-51,134,73,7727,-4,3,1,0,37817,147,26,144,0,0,0,0,0,0,0,0,-32307,0,0,0,0,0,137297,0
137358,-494,548,-8396,-51,134,73,7727,-2,0,0,0,37817,147,26,144,0,0,0,0,0,0,0,0,-32307,0,0,0,0,0,137298,0
137359,-494,548,-8396,-51,134,73,7727,3,0,0,0,37817,147,26,144,0,0,0,0,0,0,0,0,-32307,0,0,0,0,0,137298,0
137360,-496,544,-8406,-65,151,81,7726,-3,-4,1,0,37817,147,26,144,0,0,0,0,0,0,0,0,-32308,0,0,0,0,0,137300,0
137361,-496,544,-8406,-65,151,81,7728,2,1,0,0,37817,147,26,144,0,0,0,0,0,0,0,0,-32308,0,0,0,0,0,137301,0
137362,-496,544,-8406,-65,151,81,7726,0,-1,0,0,37817,147,26,144,0,0,0,0,0,0,0,0,-32307,0,0,0,0,0,137302,0
137363,-496,544,-8406,-65,151,81,7726,0,-2,1,0,37818,144,26,144,0,0,0,0,0,0,0,0,-32307,0,0,0,0,0,137303,0
137364,-502,544,-8380,-77,158,88,7728,5,6,1,0,37818,144,26,144,0,0,0,0,0,0,0,0,-32307,0,0,0,0,0,137304,0
137365,-502,544,-8380,-77,158,88,7726,-2,-2,1,0,37818,144,26,144,0,0,0,0,0,0,0,0,-32308,0,0,0,0,0,137305,0
137366,-502,544,-8380,-77,158,88,7727,1,0,2,0,37818,144,26,144,0,0,0,0,0,0,0,0,-32307,0,0,0,0,0,137306,0
137367,-502,544,-8380,-77,158,88,7727,3,1,2,0,37818,144,26,144,0,0,0,0,0,0,0,0,-32308,0,0,0,0,0,137306,0
137368,-502,544,-8392,-93,147,90,7727,0,-2,1,0,37818,144,26,144,0,0,0,0,0,0,0,0,-32308,0,0,0,0,0,137308,0
137369,-502,544,-8392,-93,147,90,7726,0,0,2,0,37818,144,26,144,0,0,0,0,0,0,0,0,-32308,0,0,0,0,0,137309,0
137370,-502,544,-8392,-93,147,90,7727,-1,1,1,0,37818,144,26,144,0,0,0,0,0,0,0,0,-32308,0,0,0,0,0,137310,0
137371,-502,544,-8392,-93,147,90,7726,-6,-6,1,0,37818,144,26,144,0,0,0,0,0,0,0,0,-32307,0,0,0,0,0,137311,0
137372,-544,508,-8392,-100,126,94,7727,-2,1,1,0,37818,144,26,144,0,0,0,0,0,0,0,0,-32308,0,0,0,0,0,137312,0
137373,-544,508,-8392,-100,126,94,7727,1,1,2,0,37818,154,26,144,0,0,0,0,0,0,0,0,-32307,0,0,0,0,0,137313,0
137374,-544,508,-8392,-100,126,94,7727,0,2,1,0,37818,154,26,144,0,0,0,0,0,0,0,0,-32308,0,0,0,0,0,137314,0
137375,-544,508,-8392,-100,126,94,7728,8,-3,2,0,37818,154,26,144,0,0,0,0,0,0,0,0,-32308,0,0,0,0,0,137315,0
137376,-558,524,-8384,-105,100,92,7727,3,6,2,0,37818,154,26,144,0,0,0,0,0,0,0,0,-32308,0,0,0,0,0,137316,0
137377,-558,524,-8384,-105,100,92,7726,0,1,2,0,37818,154,26,144,0,0,0,0,0,0,0,0,-32307,0,0,0,0,0,137317,0
137378,-558,524,-8384,-105,100,92,7727,-2,-3,2,0,37818,154,26,144,0,0,0,0,0,0,0,0,-32308,0,0,0,0,0,137318,0
137379,-558,524,-8384,-105,100,92,7726,-9,0,1,0,37818,154,26,144,0,0,0,0,0,0,0,0,-32307,0,0,0,0,0,137319,0
137380,-610,528,-8420,-114,60,100,7726,-3,-4,1,0,37818,154,26,144,0,0,0,0,0,0,0,0,-32307,0,0,0,0,0,137320,0
137381,-610,528,-8420,-114,60,100,7727,2,1,0,0,37818,154,26,144,0,0,0,0,0,0,0,0,-32308,0,0,0,0,0,137321,0
137382,-610,528,-8420,-114,60,100,7726,1,-2,0,0,37818,154,26,144,0,0,0,0,0,0,0,0,-32308,0,0,0,0,0,137322,0
137383,-610,528,-8420,-114,60,100,7727,6,1,0,0,37815,144,26,144,0,0,0,0,0,0,0,0,-32308,0,0,0,0,0,137322,0
137384,-618,464,-8400,-108,31,91,7728,5,2,0,0,37815,144,26,144,0,0,0,0,0,0,0,0,-32308,0,0,0,0,0,137324,0
137385,-618,464,-8400,-108,31,91,7727,1,1,1,0,37815,144,26,144,0,0,0,0,0,0,0,0,-32308,0,0,0,0,0,137325,0
137386,-618,464,-8400,-108,31,91,7727,0,2,1,0,37815,144,26,144,0,0,0,0,0,0,0,0,-32308,0,0,0,0,0,137326,0
137387,-618,464,-8400,-108,31,91,7727,-4,1,2,0,37815,144,26,144,0,0,0,0,0,0,0,0,-32308,0,0,0,0,0,137327,0
137388,-600,460,-8414,-108,-1,88,7726,-6,-4,2,0,37815,144,26,144,0,0,0,0,0,0,0,0,-32308,0,0,0,0,0,137328,0
137389,-600,460,-8414,-108,-1,88,7727,0,1,3,0,37815,144,26,144,0,0,0,0,0,0,0,0,-32308,0,0,0,0,0,137329,0
137390,-600,460,-8414,-108,-1,88,7727,4,-1,3,0,37815,144,26,144,0,0,0,0,0,0,0,0,-32308,0,0,0,0,0,137330,0
137391,-600,460,-8414,-108,-1,88,7726,0,-3,3,0,37815,144,26,144,0,0,0,0,0,0,0,0,-32307,0,0,0,0,0,137330,0
137392,-600,438,-8388,-90,-28,80,7726,-3,1,2,0,37815,144,26,144,0,0,0,0,0,0,0,0,-32308,0,0,0,0,0,137332,0
137393,-600,438,-8388,-90,-28,80,7726,-5,-2,1,0,37810,136,26,144,0,0,0,0,0,0,0,0,-32307,0,0,0,0,0,137332,0
137394,-600,438,-8388,-90,-28,80,7726,-4,0,1,0,37810,136,26,144,0,0,0,0,0,0,0,0,-32307,0,0,0,0,0,137334,0
137395,-600,438,-8388,-90,-28,80,7727,5,1,2,0,37810,136,26,144,0,0,0,0,0,0,0,0,-32308,0,0,0,0,0,137335,0
137396,-562,442,-8384,-80,-52,82,7726,0,-1,1,0,37810,136,26,144,0,0,0,0,0,0,0,0,-32307,0,0,0,0,0,137336,0
137397,-562,442,-8384,-80,-52,82,7727,1,-2,1,-8,37810,136,26,144,0,0,0,0,0,0,0,0,-32308,0,0,0,0,0,137337,0
137398,-562,442,-8384,-80,-52,82,7726,-1,-2,2,-8,37810,136,26,144,0,0,0,0,0,0,0,0,-32308,0,0,0,0,0,137338,0
137399,-562,442,-8384,-80,-52,82,7727,0,-1,2,-8,37810,136,26,144,0,0,0,0,0,0,0,0,-32308,0,0,0,0,0,137338,0
137400,-568,460,-8390,-66,-56,79,7727,5,2,3,-8,37810,136,26,144,0,0,0,0,0,0,0,0,-32308,0,0,0,0,0,137340,0
137401,-568,460,-8390,-66,-56,79,7727,1,2,3,-8,37810,136,26,144,0,0,0,0,0,0,0,0,-32308,0,0,0,0,0,137341,0
137402,-568,460,-8390,-66,-56,79,7727,5,2,2,-8,37810,136,26,144,0,0,0,0,0,0,0,0,-32308,0,0,0,0,0,137342,0
137403,-568,460,-8390,-66,-56,79,7726,-3,2,1,-8,37812,141,26,144,0,0,0,0,0,0,0,0,-32307,0,0,0,0,0,137343,0
137404,-554,466,-8414,-60,-68,76,7727,-1,0,0,0,37812,141,26,144,0,0,0,0,0,0,0,0,-32307,0,0,0,0,0,137344,0
137405,-554,466,-8414,-60,-68,76,7727,0,0,0,0,37812,141,26,144,0,0,0,0,0,0,0,0,-32308,0,0,0,0,0,137345,0
137406,-554,466,-8414,-60,-68,76,7726,-5,0,0,-8,37812,141,26,144,0,0,0,0,0,0,0,0,-32308,0,0,0,0,0,137346,0
137407,-554,466,-8414,-60,-68,76,7729,8,4,1,-8,37812,141,26,144,0,0,0,0,0,0,0,0,-32308,0,0,0,0,0,137347,0
137408,-568,504,-8436,-56,-71,71,7726,0,-2,1,0,37812,141,26,144,0,0,0,0,0,0,0,0,-32307,0,0,0,0,0,137348,0
137409,-568,504,-8436,-56,-71,71,7727,1,1,1,0,37812,141,26,144,0,0,0,0,0,0,0,0,-32308,0,0,0,0,0,137349,0
137410,-568,504,-8436,-56,-71,71,7727,1,1,1,0,37812,141,26,144,0,0,0,0,0,0,0,0,-32308,0,0,0,0,0,137350,0
137411,-568,504,-8436,-56,-71,71,7726,-10,-2,2,0,37812,141,26,144,0,0,0,0,0,0,0,0,-32308,0,0,0,0,0,137351,0
137412,-564,516,-8412,-53,-57,66,7727,3,5,3,0,37812,141,26,144,0,0,0,0,0,0,0,0,-32308,0,0,0,0,0,137352,0
137413,-564,516,-8412,-53,-57,66,7726,-5,0,2,-8,37814,150,26,144,0,0,0,0,0,0,0,0,-32308,0,0,0,0,0,137353,0
137414,-564,516,-8412,-53,-57,66,7727,1,-1,2,0,37814,150,26,144,0,0,0,0,0,0,0,0,-32308,0,0,0,0,0,137355,0
137415,-564,516,-8412,-53,-57,66,7726,-2,0,1,0,37814,150,26,144,0,0,0,0,0,0,0,0,-32308,0,0,0,0,0,137355,0
137416,-584,540,-8414,-60,-53,66,7727,-2,-2,1,-8,37814,150,26,144,0,0,0,0,0,0,0,0,-32308,0,0,0,0,0,137357,0
137417,-584,540,-8414,-60,-53,66,7726,1,1,2,8,37814,150,26,144,0,0,0,0,0,0,0,0,-32308,0,0,0,0,0,137358,0
137418,-584,540,-8414,-60,-53,66,7727,0,1,6,0,37814,150,26,144,0,0,0,0,0,0,0,0,-32308,0,0,0,0,0,137359,0
137419,-584,540,-8414,-60,-53,66,7727,3,-1,8,0,37814,150,26,144,0,0,0,0,0,0,0,0,-32308,0,0,0,0,0,137360,0
137420,-580,528,-8448,-63,-50,68,7727,2,1,11,8,37814,150,26,144,0,0,0,0,0,0,0,0,-32307,0,0,0,0,0,137361,0
137421,-580,528,-8448,-63,-50,68,7726,0,-8,13,8,37814,150,26,144,0,0,0,0,0,0,0,0,-32307,0,0,0,0,0,137362,0
137422,-580,528,-8448,-63,-50,68,7727,0,1,17,-8,37814,150,26,144,0,0,0,0,0,0,0,0,-32307,0,0,0,0,0,137363,0
137423,-580,528,-8448,-63,-50,68,7726,-1,-2,19,8,37820,154,26,144,0,0,0,0,0,0,0,0,-32307,0,0,0,0,0,137364,0
137424,-554,518,-8452,-66,-56,70,7726,-4,-2,20,8,37820,154,26,144,0,0,0,0,0,0,0,0,-32307,0,0,0,0,0,137365,0
137425,-554,518,-8452,-66,-56,70,7726,-3,0,20,0,37820,154,26,144,0,0,0,0,0,0,0,0,-32308,0,0,0,0,0,137366,0
137426,-554,518,-8452,-66,-56,70,7726,-3,-4,19,8,37820,154,26,144,0,0,0,0,0,0,0,0,-32307,0,0,0,0,0,137367,0
137427,-554,518,-8452,-66,-56,70,7726,-2,1,19,0,37820,154,26,144,0,0,0,0,0,0,0,0,-32307,0,0,0,0,0,137368,0
137428,-594,522,-8454,-67,-68,67,7726,-1,-3,19,0,37820,154,26,144,0,0,0,0,0,0,0,0,-32309,0,0,0,0,0,137369,0
137429,-594,522,-8454,-67,-68,67,7725,-3,-1,19,0,37820,154,26,144,0,0,0,0,0,0,0,0,-32307,0,0,0,0,0,137370,0
137430,-594,522,-8454,-67,-68,67,7726,-1,-1,19,8,37820,154,26,144,0,0,0,0,0,0,0,0,-32308,0,0,0,0,0,137371,0
137431,-594,522,-8454,-67,-68,67,7727,4,1,22,8,37820,154,26,144,0,0,0,0,0,0,0,0,-32307,0,0,0,0,0,137371,0
137432,-592,504,-8484,-61,-90,67,7727,7,2,21,8,37820,154,26,144,0,0,0,0,0,0,0,0,-32308,0,0,0,0,0,137373,0
137433,-592,504,-8484,-61,-90,67,7727,8,1,22,8,37817,142,26,144,0,0,0,0,0,0,0,0,-32307,0,0,0,0,0,137374,0
137434,-592,504,-8484,-61,-90,67,7725,-5,-4,21,0,37817,142,26,144,0,0,0,0,0,0,0,0,-32307,0,0,0,0,0,137375,0
137435,-592,504,-8484,-61,-90,67,7727,-5,7,20,8,37817,142,26,144,0,0,0,0,0,0,0,0,-32308,0,0,0,0,0,137376,0
137436,-596,476,-8478,-58,-91,62,7727,-1,1,20,8,37817,142,26,144,0,0,0,0,0,0,0,0,-32308,0,0,0,0,0,137377,0
137437,-596,476,-8478,-58,-91,62,7727,5,3,21,16,37817,142,26,144,0,0,0,0,0,0,0,0,-32307,0,0,0,0,0,137378,0
137438,-596,476,-8478,-58,-91,62,7728,15,5,22,16,37817,142,26,144,0,0,0,0,0,0,0,0,-32307,0,0,0,0,0,137379,0
137439,-596,476,-8478,-58,-91,62,7726,1,-2,26,8,37817,142,26,144,0,0,0,0,0,0,0,0,-32307,0,0,0,0,0,137380,0
137440,-572,480,-8486,-60,-94,59,7727,-1,2,30,8,37817,142,26,144,0,0,0,0,0,0,0,0,-32308,0,0,0,0,0,137381,0
137441,-572,480,-8486,-60,-94,59,7728,0,4,31,16,37817,142,26,144,0,0,0,0,0,0,0,0,-32308,0,0,0,0,0,137382,0
137442,-572,480,-8486,-60,-94,59,7727,-2,3,36,16,37817,142,26,144,0,0,0,0,0,0,0,0,-32307,0,0,0,0,0,137383,0
137443,-572,480,-8486,-60,-94,59,7727,2,2,38,16,37813,141,26,144,0,0,0,0,0,0,0,0,-32307,0,0,0,0,0,137384,0
137444,-604,482,-8476,-49,-107,63,7727,0,3,40,8,37813,141,26,144,0,0,0,0,0,0,0,0,-32307,0,0,0,0,0,137385,0
137445,-604,482,-8476,-49,-107,63,7725,-11,-6,41,16,37813,141,26,144,0,0,0,0,0,0,0,0,-32307,0,0,0,0,0,137386,0
137446,-604,482,-8476,-49,-107,63,7727,-3,2,40,16,37813,141,26,144,0,0,0,0,0,0,0,0,-32308,0,0,0,0,0,137387,0
137447,-604,482,-8476,-49,-107,63,7726,-4,-1,39,16,37813,141,26,144,0,0,0,0,0,0,0,0,-32307,0,0,0,0,0,137388,0
137448,-576,506,-8472,-41,-111,55,7727,0,4,39,8,37813,141,26,144,0,0,0,0,0,0,0,0,-32308,0,0,0,0,0,137389,0
137449,-576,506,-8472,-41,-111,55,7727,8,-1,41,16,37813,141,26,144,0,0,0,0,0,0,0,0,-32307,0,0,0,0,0,137390,0
137450,-576,506,-8472,-41,-111,55,7728,6,4,40,16,37813,141,26,144,0,0,0,0,0,0,0,0,-32308,0,0,0,0,0,137391,0
137451,-576,506,-8472,-41,-111,55,7727,5,1,42,16,37813,141,26,144,0,0,0,0,0,0,0,0,-32308,0,0,0,0,0,137392,0
137452,-594,480,-8458,-30,-110,58,7727,0,-2,40,8,37813,141,26,144,0,0,0,0,0,0,0,0,-32308,0,0,0,0,0,137393,0
137453,-594,480,-8458,-30,-110,58,7726,-5,0,41,16,37809,146,26,144,0,0,0,0,0,0,0,0,-32308,0,0,0,0,0,137394,0
137454,-594,480,-8458,-30,-110,58,7728,-1,-3,43,8,37809,146,26,144,0,0,0,0,0,0,0,0,-32307,0,0,0,0,0,137395,0
137455,-594,480,-8458,-30,-110,58,7727,1,0,42,16,37809,146,26,144,0,0,0,0,0,0,0,0,-32308,0,0,0,0,0,137396,0
137456,-622,478,-8436,-18,-111,61,7727,0,-2,40,16,37809,146,26,144,0,0,0,0,0,0,0,0,-32308,0,0,0,0,0,137397,0
137457,-622,478,-8436,-18,-111,61,7727,3,-5,45,16,37809,146,26,144,0,0,0,0,0,0,0,0,-32308,0,0,0,0,0,137398,0
137458,-622,478,-8436,-18,-111,61,7727,-1,-3,47,16,37809,146,26,144,0,0,0,0,0,0,0,0,-32308,0,0,0,0,0,137399,0
137459,-622,478,-8436,-18,-111,61,7727,2,3,50,8,37809,146,26,144,0,0,0,0,0,0,0,0,-32308,0,0,0,0,0,137400,0
137460,-570,492,-8440,-15,-107,70,7729,7,1,54,16,37809,146,26,144,0,0,0,0,0,0,0,0,-32308,0,0,0,0,0,137401,0
137461,-570,492,-8440,-15,-107,70,7726,0,7,56,16,37809,146,26,144,0,0,0,0,0,0,0,0,-32307,0,0,0,0,0,137402,0
137462,-570,492,-8440,-15,-107,70,7727,-4,-8,60,16,37809,146,26,144,0,0,0,0,0,0,0,0,-32308,0,0,0,0,0,137403,0
137463,-570,492,-8440,-15,-107,70,7726,-7,0,63,8,37806,150,26,144,0,0,0,0,0,0,0,0,-32307,0,0,0,0,0,137404,0
137464,-590,510,-8448,-21,-96,72,7726,-9,-4,64,16,37806,150,26,144,0,0,0,0,0,0,0,0,-32308,0,0,0,0,0,137405,0
137465,-590,510,-8448,-21,-96,72,7727,2,-4,63,16,37806,150,26,144,0,0,0,0,0,0,0,0,-32307,0,0,0,0,0,137406,0
137466,-590,510,-8448,-21,-96,72,7726,0,4,62,8,37806,150,26,144,0,0,0,0,0,0,0,0,-32308,0,0,0,0,0,137407,0
137467,-590,510,-8448,-21,-96,72,7726,0,-4,59,8,37806,150,26,144,0,0,0,0,0,0,0,0,-32307,0,0,0,0,0,137408,0
137468,-610,540,-8432,-23,-90,73,7727,1,-1,62,24,37806,150,26,144,0,0,0,0,0,0,0,0,-32308,0,0,0,0,0,137409,0
137469,-610,540,-8432,-23,-90,73,7728,5,1,63,24,37806,150,26,144,0,0,0,0,0,0,0,0,-32307,0,0,0,0,0,137410,0
137470,-610,540,-8432,-23,-90,73,7726,2,2,63,16,37806,150,26,144,0,0,0,0,0,0,0,0,-32308,0,0,0,0,0,137411,0
137471,-610,540,-8432,-23,-90,73,7726,-1,-2,60,8,37806,150,26,144,0,0,0,0,0,0,0,0,-32308,0,0,0,0,0,137412,0
137472,-590,532,-8418,-36,-77,70,7727,-3,-2,63,8,37806,150,26,144,0,0,0,0,0,0,0,0,-32307,0,0,0,0,0,137413,0
137473,-590,532,-8418,-36,-77,70,7726,-4,-4,62,16,37820,151,26,144,0,0,0,0,0,0,0,0,-32308,0,0,0,0,0,137414,0
137474,-590,532,-8418,-36,-77,70,7727,4,-1,61,24,37820,151,26,144,0,0,0,0,0,0,0,0,-32308,0,0,0,0,0,137415,0
137475,-590,532,-8418,-36,-77,70,7727,2,-4,61,16,37820,151,26,144,0,0,0,0,0,0,0,0,-32308,0,0,0,0,0,137416,0
137476,-636,532,-8408,-49,-68,67,7726,0,1,63,16,37820,151,26,144,0,0,0,0,0,0,0,0,-32308,0,0,0,0,0,137417,0
137477,-636,532,-8408,-49,-68,67,7728,3,-3,63,16,37820,151,26,144,0,0,0,0,0,0,0,0,-32308,0,0,0,0,0,137418,0
137478,-636,532,-8408,-49,-68,67,7725,-6,7,64,16,37820,151,26,144,0,0,0,0,0,0,0,0,-32308,0,0,0,0,0,137420,0
137479,-636,532,-8408,-49,-68,67,7726,-4,1,65,24,37820,151,26,144,0,0,0,0,0,0,0,0,-32308,0,0,0,0,0,137420,0
137480,-658,544,-8412,-53,-69,76,7727,0,-2,70,32,37820,151,26,144,0,0,0,0,0,0,0,0,-32308,0,0,0,0,0,137421,0
137481,-658,544,-8412,-53,-69,76,7727,2,3,73,32,37820,151,26,144,0,0,0,0,0,0,0,0,-32308,0,0,0,0,0,137422,0
137482,-658,544,-8412,-53,-69,76,7726,5,-2,75,24,37820,151,26,144,0,0,0,0,0,0,0,0,-32308,0,0,0,0,0,137423,0
137483,-658,544,-8412,-53,-69,76,7727,0,1,78,16,37820,148,26,144,0,0,0,0,0,0,0,0,-32308,0,0,0,0,0,137424,0
137484,-674,550,-8418,-59,-75,76,7727,-1,-1,80,16,37820,148,26,144,0,0,0,0,0,0,0,0,-32308,0,0,0,0,0,137425,0
137485,-674,550,-8418,-59,-75,76,7727,-1,2,83,16,37820,148,26,144,0,0,0,0,0,0,0,0,-32307,0,0,0,0,0,137426,0
137486,-674,550,-8418,-59,-75,76,7727,2,5,83,24,37820,148,26,144,0,0,0,0,0,0,0,0,-32307,0,0,0,0,0,137428,0
137487,-674,550,-8418,-59,-75,76,7726,-3,1,83,24,37820,148,26,144,0,0,0,0,0,0,0,0,-32308,0,0,0,0,0,137428,0
137488,-680,554,-8440,-61,-86,89,7727,0,1,82,16,37820,148,26,144,0,0,0,0,0,0,0,0,-32308,0,0,0,0,0,137429,0
137489,-680,554,-8440,-61,-86,89,7727,0,5,83,24,37820,148,26,144,0,0,0,0,0,0,0,0,-32308,0,0,0,0,0,137430,0
137490,-680,554,-8440,-61,-86,89,7728,5,-1,82,16,37820,148,26,144,0,0,0,0,0,0,0,0,-32308,0,0,0,0,0,137431,0
137491,-680,554,-8440,-61,-86,89,7728,9,3,79,16,37820,148,26,144,0,0,0,0,0,0,0,0,-32307,0,0,0,0,0,137432,0
137492,-652,522,-8456,-71,-91,94,7726,-1,-1,80,24,37820,148,26,144,0,0,0,0,0,0,0,0,-32308,0,0,0,0,0,137433,0
137493,-652,522,-8456,-71,-91,94,7727,-2,1,80,24,37821,157,26,144,0,0,0,0,0,0,0,0,-32308,0,0,0,0,0,137435,0
137494,-652,522,-8456,-71,-91,94,7727,-7,2,79,16,37821,157,26,144,0,0,0,0,0,0,0,0,-32308,0,0,0,0,0,137435,0
137495,-652,522,-8456,-71,-91,94,7726,-7,0,78,24,37821,157,26,144,0,0,0,0,0,0,0,0,-32308,0,0,0,0,0,137437,0
137496,-652,522,-8486,-68,-89,85,7727,0,-4,77,24,37821,157,26,144,0,0,0,0,0,0,0,0,-32307,0,0,0,0,0,137438,0
137497,-652,522,-8486,-68,-89,85,7728,4,2,79,24,37821,157,26,144,0,0,0,0,0,0,0,0,-32307,0,0,0,0,0,137439,0
137498,-652,522,-8486,-68,-89,85,7728,10,4,79,24,37821,157,26,144,0,0,0,0,0,0,0,0,-32308,0,0,0,0,0,137440,0
137499,-652,522,-8486,-68,-89,85,7726,4,-2,83,24,37821,157,26,144,0,0,0,0,0,0,0,0,-32308,0,0,0,0,0,137441,0
137500,-664,512,-8492,-70,-88,87,7727,0,-1,86,16,37821,157,26,144,0,0,0,0,0,0,0,0,-32308,0,0,0,0,0,137442,0
137501,-664,512,-8492,-70,-88,87,7725,-15,1,89,16,37821,157,26,144,0,0,0,0,0,0,0,0,-32308,0,0,0,0,0,137443,0
137502,-664,512,-8492,-70,-88,87,7727,-9,-4,93,32,37821,157,26,144,0,0,0,0,0,0,0,0,-32308,0,0,0,0,0,137444,0
137503,-664,512,-8492,-70,-88,87,7727,3,1,96,24,37809,155,26,144,0,0,0,0,0,0,0,0,-32307,0,0,0,0,0,137444,0
137504,-650,510,-8500,-72,-77,85,7728,8,1,99,24,37809,155,26,144,0,0,0,0,0,0,0,0,-32308,0,0,0,0,0,137446,0
137505,-650,510,-8500,-72,-77,85,7726,9,-3,102,32,37809,155,26,144,0,0,0,0,0,0,0,0,-32308,0,0,0,0,0,137447,0
137506,-650,510,-8500,-72,-77,85,7727,-2,-3,103,16,37809,155,26,144,0,0,0,0,0,0,0,0,-32308,0,0,0,0,0,137448,0
137507,-650,510,-8500,-72,-77,85,7726,-9,-1,102,24,37809,155,26,144,0,0,0,0,0,0,0,0,-32308,0,0,0,0,0,137449,0
137508,-626,520,-8508,-73,-70,83,7727,-5,-4,102,32,37809,155,26,144,0,0,0,0,0,0,0,0,-32308,0,0,0,0,0,137450,0
137509,-626,520,-8508,-73,-70,83,7727,1,3,102,24,37809,155,26,144,0,0,0,0,0,0,0,0,-32307,0,0,0,0,0,137451,0
137510,-626,520,-8508,-73,-70,83,7727,1,2,103,16,37809,155,26,144,0,0,0,0,0,0,0,0,-32307,0,0,0,0,0,137452,0
137511,-626,520,-8508,-73,-70,83,7726,0,-2,103,24,37809,155,26,144,0,0,0,0,0,0,0,0,-32308,0,0,0,0,0,137452,0
137512,-630,492,-8554,-65,-54,83,7726,-3,-6,103,32,37809,155,26,144,0,0,0,0,0,0,0,0,-32308,0,0,0,0,0,137454,0
137513,-630,492,-8554,-65,-54,83,7727,1,-4,102,24,37809,147,26,144,0,0,0,0,0,0,0,0,-32308,0,0,0,0,0,137455,0
137514,-630,492,-8554,-65,-54,83,7727,2,3,102,24,37809,147,26,144,0,0,0,0,0,0,0,0,-32308,0,0,0,0,0,137455,0
137515,-630,492,-8554,-65,-54,83,7727,5,1,103,24,37809,147,26,144,0,0,0,0,0,0,0,0,-32307,0,0,0,0,0,137457,0
137516,-656,472,-8532,-57,-42,77,7727,1,2,104,24,37809,147,26,144,0,0,0,0,0,0,0,0,-32307,0,0,0,0,0,137458,0
137517,-656,472,-8532,-57,-42,77,7726,-4,1,103,32,37809,147,26,144,0,0,0,0,0,0,0,0,-32307,0,0,0,0,0,137459,0
137518,-656,472,-8532,-57,-42,77,7727,-3,-2,104,32,37809,147,26,144,0,0,0,0,0,0,0,0,-32307,0,0,0,0,0,137460,0
137519,-656,472,-8532,-57,-42,77,7727,-1,0,108,32,37809,147,26,144,0,0,0,0,0,0,0,0,-32308,0,0,0,0,0,137460,0
137520,-656,464,-8576,-54,-37,64,7727,4,4,109,24,37809,147,26,144,0,0,0,0,0,0,0,0,-32308,0,0,0,0,0,137462,0
137521,-656,464,-8576,-54,-37,64,7726,3,-1,113,24,37809,147,26,144,0,0,0,0,0,0,0,0,-32307,0,0,0,0,0,137463,0
137522,-656,464,-8576,-54,-37,64,7727,1,0,114,16,37809,147,26,144,0,0,0,0,0,0,0,0,-32308,0,0,0,0,0,137464,0
137523,-656,464,-8576,-54,-37,64,7727,0,2,115,32,37810,140,26,144,0,0,0,0,0,0,0,0,-32308,0,0,0,0,0,137465,0
137524,-686,510,-8576,-42,-32,62,7726,-4,-2,120,32,37810,140,26,144,0,0,0,0,0,0,0,0,-32308,0,0,0,0,0,137466,0
137525,-686,510,-8576,-42,-32,62,7728,3,-1,122,32,37810,140,26,144,0,0,0,0,0,0,0,0,-32307,0,0,0,0,0,137467,0
137526,-686,510,-8576,-42,-32,62,7728,3,5,120,32,37810,140,26,144,0,0,0,0,0,0,0,0,-32308,0,0,0,0,0,137468,0
137527,-686,510,-8576,-42,-32,62,7727,4,7,122,32,37810,140,26,144,0,0,0,0,0,0,0,0,-32307,0,0,0,0,0,137468,0
137528,-712,468,-8584,-34,-29,58,7727,4,-2,120,24,37810,140,26,144,0,0,0,0,0,0,0,0,-32308,0,0,0,0,0,137470,0
137529,-712,468,-8584,-34,-29,58,7727,-3,2,119,24,37810,140,26,144,0,0,0,0,0,0,0,0,-32307,0,0,0,0,0,137471,0
137530,-712,468,-8584,-34,-29,58,7727,-1,-4,119,32,37810,140,26,144,0,0,0,0,0,0,0,0,-32308,0,0,0,0,0,137472,0
137531,-712,468,-8584,-34,-29,58,7727,-1,0,121,24,37810,140,26,144,0,0,0,0,0,0,0,0,-32308,0,0,0,0,0,137473,0
137532,-706,486,-8582,-29,-28,57,7727,-2,3,121,40,37810,140,26,144,0,0,0,0,0,0,0,0,-32308,0,0,0,0,0,137474,0
137533,-706,486,-8582,-29,-28,57,7728,1,2,121,32,37818,134,26,144,0,0,0,0,0,0,0,0,-32308,0,0,0,0,0,137475,0
137534,-706,486,-8582,-29,-28,57,7726,-3,0,119,24,37818,134,26,144,0,0,0,0,0,0,0,0,-32308,0,0,0,0,0,137475,0
137535,-706,486,-8582,-29,-28,57,7727,0,-2,119,32,37818,134,26,144,0,0,0,0,0,0,0,0,-32308,0,0,0,0,0,137477,0
137536,-658,484,-8604,-26,-14,60,7727,0,0,120,24,37818,134,26,144,0,0,0,0,0,0,0,0,-32308,0,0,0,0,0,137478,0
137537,-658,484,-8604,-26,-14,60,7726,-6,0,119,32,37818,134,26,144,0,0,0,0,0,0,0,0,-32308,0,0,0,0,0,137479,0
137538,-658,484,-8604,-26,-14,60,7727,1,-2,121,40,37818,134,26,144,0,0,0,0,0,0,0,0,-32308,0,0,0,0,0,137480,0
137539,-658,484,-8604,-26,-14,60,7726,-3,3,124,24,37818,134,26,144,0,0,0,0,0,0,0,0,-32308,0,0,0,0,0,137481,0
137540,-656,472,-8592,-16,-12,50,7727,0,-6,128,24,37818,134,26,144,0,0,0,0,0,0,0,0,-32307,0,0,0,0,0,137482,0
137541,-656,472,-8592,-16,-12,50,7727,7,-5,130,32,37818,134,26,144,0,0,0,0,0,0,0,0,-32308,0,0,0,0,0,137483,0
137542,-656,472,-8592,-16,-12,50,7727,0,1,132,32,37818,134,26,144,0,0,0,0,0,0,0,0,-32307,0,0,0,0,0,137484,0
137543,-656,472,-8592,-16,-12,50,7728,6,1,136,40,37816,141,26,144,0,0,0,0,0,0,0,0,-32307,0,0,0,0,0,137484,0
137544,-660,492,-8566,-9,-2,63,7727,0,2,139,32,37816,141,26,144,0,0,0,0,0,0,0,0,-32308,0,0,0,0,0,137486,0
137545,-660,492,-8566,-9,-2,63,7727,0,1,142,32,37816,141,26,144,0,0,0,0,0,0,0,0,-32307,0,0,0,0,0,137487,0
137546,-660,492,-8566,-9,-2,63,7727,1,-1,140,32,37816,141,26,144,0,0,0,0,0,0,0,0,-32307,0,0,0,0,0,137488,0
137547,-660,492,-8566,-9,-2,63,7728,0,0,138,24,37816,141,26,144,0,0,0,0,0,0,0,0,-32308,0,0,0,0,0,137489,0
137548,-666,498,-8584,-9,18,55,7727,2,-1,138,40,37816,141,26,144,0,0,0,0,0,0,0,0,-32308,0,0,0,0,0,137490,0
137549,-666,498,-8584,-9,18,55,7728,0,2,138,32,37816,141,26,144,0,0,0,0,0,0,0,0,-32308,0,0,0,0,0,137491,0
137550,-666,498,-8584,-9,18,55,7728,3,0,138,24,37816,141,26,144,0,0,0,0,0,0,0,0,-32308,0,0,0,0,0,137492,0
137551,-666,498,-8584,-9,18,55,7728,1,1,138,16,37816,141,26,144,0,0,0,0,0,0,0,0,-32307,0,0,0,0,0,137492,0
137552,-658,500,-8534,-7,33,63,7726,-3,4,138,32,37816,141,26,144,0,0,0,0,0,0,0,0,-32308,0,0,0,0,0,137494,0
137553,-658,500,-8534,-7,33,63,7727,-7,-4,138,24,37818,147,26,144,0,0,0,0,0,0,0,0,-32308,0,0,0,0,0,137495,0
137554,-658,500,-8534,-7,33,63,7728,-2,4,138,24,37818,147,26,144,0,0,0,0,0,0,0,0,-32308,0,0,0,0,0,137495,0
137555,-658,500,-8534,-7,33,63,7728,5,2,140,32,37818,147,26,144,0,0,0,0,0,0,0,0,-32307,0,0,0,0,0,137497,0
137556,-626,484,-8540,-5,64,56,7726,2,3,141,32,37818,147,26,144,0,0,0,0,0,0,0,0,-32308,0,0,0,0,0,137498,0
137557,-626,484,-8540,-5,64,56,7728,1,-3,140,24,37818,147,26,144,0,0,0,0,0,0,0,0,-32308,0,0,0,0,0,137499,0
137558,-626,484,-8540,-5,64,56,7727,-5,-1,142,32,37818,147,26,144,0,0,0,0,0,0,0,0,-32308,0,0,0,0,0,137500,0
137559,-626,484,-8540,-5,64,56,7726,-5,0,147,32,37818,147,26,144,0,0,0,0,0,0,0,0,-32308,0,0,0,0,0,137500,0
137560,-628,488,-8520,-6,82,42,7727,0,-1,150,32,37818,147,26,144,0,0,0,0,0,0,0,0,-32308,0,0,0,0,0,137502,0
137561,-628,488,-8520,-6,82,42,7727,-2,1,151,32,37818,147,26,144,0,0,0,0,0,0,0,0,-32307,0,0,0,0,0,137503,0
137562,-628,488,-8520,-6,82,42,7727,4,-1,155,40,37818,147,26,144,0,0,0,0,0,0,0,0,-32308,0,0,0,0,0,137504,0
137563,-628,488,-8520,-6,82,42,7729,11,-3,159,32,37815,141,26,144,0,0,0,0,0,0,0,0,-32308,0,0,0,0,0,137505,0
137564,-678,450,-8536,-10,102,58,7727,0,3,163,40,37815,141,26,144,0,0,0,0,0,0,0,0,-32307,0,0,0,0,0,137506,0
137565,-678,450,-8536,-10,102,58,7728,2,-4,163,32,37815,141,26,144,0,0,0,0,0,0,0,0,-32307,0,0,0,0,0,137507,0
137566,-678,450,-8536,-10,102,58,7727,0,-2,160,32,37815,141,26,144,0,0,0,0,0,0,0,0,-32308,0,0,0,0,0,137508,0
137567,-678,450,-8536,-10,102,58,7727,-5,3,160,32,37815,141,26,144,0,0,0,0,0,0,0,0,-32308,0,0,0,0,0,137508,0
137568,-670,508,-8500,-1,113,59,7728,1,-2,160,32,37815,141,26,144,0,0,0,0,0,0,0,0,-32308,0,0,0,0,0,137510,0
137569,-670,508,-8500,-1,113,59,7727,-5,-1,159,32,37815,141,26,144,0,0,0,0,0,0,0,0,-32308,0,0,0,0,0,137511,0
137570,-670,508,-8500,-1,113,59,7728,1,-2,159,40,37815,141,26,144,0,0,0,0,0,0,0,0,-32308,0,0,0,0,0,137512,0
137571,-670,508,-8500,-1,113,59,7727,0,1,159,32,37815,141,26,144,0,0,0,0,0,0,0,0,-32307,0,0,0,0,0,137513,0
137572,-646,476,-8456,3,119,57,7729,4,-1,160,32,37815,141,26,144,0,0,0,0,0,0,0,0,-32308,0,0,0,0,0,137514,0
137573,-646,476,-8456,3,119,57,7727,3,2,158,32,37814,138,26,144,0,0,0,0,0,0,0,0,-32308,0,0,0,0,0,137515,0
137574,-646,476,-8456,3,119,57,7727,-2,3,159,32,37814,138,26,144,0,0,0,0,0,0,0,0,-32307,0,0,0,0,0,137515,0
137575,-646,476,-8456,3,119,57,7728,0,0,160,24,37814,138,26,144,0,0,0,0,0,0,0,0,-32307,0,0,0,0,0,137517,0
137576,-700,484,-8476,13,123,51,7729,0,2,159,32,37814,138,26,144,0,0,0,0,0,0,0,0,-32307,0,0,0,0,0,137518,0
137577,-700,484,-8476,13,123,51,7727,3,3,161,32,37814,138,26,144,0,0,0,0,0,0,0,0,-32308,0,0,0,0,0,137519,0
137578,-700,484,-8476,13,123,51,7729,5,-2,163,40,37814,138,26,144,0,0,0,0,0,0,0,0,-32307,0,0,0,0,0,137520,0
137579,-700,484,-8476,13,123,51,7727,-1,5,163,40,37814,138,26,144,0,0,0,0,0,0,0,0,-32308,0,0,0,0,0,137521,0
137580,-664,478,-8488,10,121,54,7728,-4,-2,168,40,37814,138,26,144,0,0,0,0,0,0,0,0,-32308,0,0,0,0,0,137522,0
137581,-664,478,-8488,10,121,54,7727,-2,1,171,40,37814,138,26,144,0,0,0,0,0,0,0,0,-32308,0,0,0,0,0,137523,0
137582,-664,478,-8488,10,121,54,7729,0,0,172,48,37814,138,26,144,0,0,0,0,0,0,0,0,-32308,0,0,0,0,0,137524,0
137583,-664,478,-8488,10,121,54,7728,5,3,177,40,37812,139,26,144,0,0,0,0,0,0,0,0,-32307,0,0,0,0,0,137524,0
137584,-678,500,-8438,11,126,54,7729,5,2,178,40,37812,139,26,144,0,0,0,0,0,0,0,0,-32308,0,0,0,0,0,137526,0
137585,-678,500,-8438,11,126,54,7729,5,-2,180,40,37812,139,26,144,0,0,0,0,0,0,0,0,-32308,0,0,0,0,0,137527,0
137586,-678,500,-8438,11,126,54,7729,0,4,181,40,37812,139,26,144,0,0,0,0,0,0,0,0,-32307,0,0,0,0,0,137528,0
137587,-678,500,-8438,11,126,54,7728,0,-1,182,40,37812,139,26,144,0,0,0,0,0,0,0,0,-32307,0,0,0,0,0,137529,0
137588,-664,482,-8408,6,130,54,7729,0,-1,180,40,37812,139,26,144,0,0,0,0,0,0,0,0,-32308,0,0,0,0,0,137530,0
137589,-664,482,-8408,6,130,54,7729,1,4,180,48,37812,139,26,144,0,0,0,0,0,0,0,0,-32307,0,0,0,0,0,137531,0
137590,-664,482,-8408,6,130,54,7728,-3,-1,181,40,37812,139,26,144,0,0,0,0,0,0,0,0,-32308,0,0,0,0,0,137532,0
137591,-664,482,-8408,6,130,54,7729,0,-3,178,32,37812,139,26,144,0,0,0,0,0,0,0,0,-32307,0,0,0,0,0,137532,0
137592,-664,512,-8378,7,134,53,7728,-3,5,180,40,37812,139,26,144,0,0,0,0,0,0,0,0,-32307,0,0,0,0,0,137534,0
137593,-664,512,-8378,7,134,53,7729,0,-4,179,40,37809,133,26,144,0,0,0,0,0,0,0,0,-32308,0,0,0,0,0,137535,0
137594,-664,512,-8378,7,134,53,7729,8,2,178,48,37809,133,26,144,0,0,0,0,0,0,0,0,-32308,0,0,0,0,0,137535,0
137595,-664,512,-8378,7,134,53,7729,5,1,180,40,37809,133,26,144,0,0,0,0,0,0,0,0,-32308,0,0,0,0,0,137537,0
137596,-640,518,-8384,-2,131,46,7729,3,2,180,40,37809,133,26,144,0,0,0,0,0,0,0,0,-32307,0,0,0,0,0,137538,0
137597,-640,518,-8384,-2,131,46,7729,-2,-1,179,40,37809,133,26,144,0,0,0,0,0,0,0,0,-32307,0,0,0,0,0,137539,0
137598,-640,518,-8384,-2,131,46,7731,3,-1,182,48,37809,133,26,144,0,0,0,0,0,0,0,0,-32307,0,0,0,0,0,137540,0
137599,-640,518,-8384,-2,131,46,7728,-2,4,184,48,37809,133,26,144,0,0,0,0,0,0,0,0,-32308,0,0,0,0,0,137540,0
137600,-652,504,-8400,-7,136,44,7730,4,-5,188,40,37809,133,26,144,0,0,0,0,0,0,0,0,-32308,0,0,0,0,0,137542,0
137601,-652,504,-8400,-7,136,44,7729,1,4,193,40,37809,133,26,144,0,0,0,0,0,0,0,0,-32308,0,0,0,0,0,137543,0
137602,-652,504,-8400,-7,136,44,7730,1,-1,195,40,37809,133,26,144,0,0,0,0,0,0,0,0,-32307,0,0,0,0,0,137544,0
137603,-652,504,-8400,-7,136,44,7731,11,0,197,40,37809,136,26,144,0,0,0,0,0,0,0,0,-32308,0,0,0,0,0,137545,0
137604,-664,488,-8382,-16,130,55,7730,0,2,203,40,37809,136,26,144,0,0,0,0,0,0,0,0,-32307,0,0,0,0,0,137546,0
137605,-664,488,-8382,-16,130,55,7730,0,5,204,40,37809,136,26,144,0,0,0,0,0,0,0,0,-32307,0,0,0,0,0,137547,0
137606,-664,488,-8382,-16,130,55,7730,-1,-4,204,40,37809,136,26,144,0,0,0,0,0,0,0,0,-32307,0,0,0,0,0,137548,0
137607,-664,488,-8382,-16,130,55,7729,-3,5,206,48,37809,136,26,144,0,0,0,0,0,0,0,0,-32307,0,0,0,0,0,137548,0
137608,-656,480,-8404,-23,126,64,7731,7,-5,203,48,37809,136,26,144,0,0,0,0,0,0,0,0,-32307,0,0,0,0,0,137550,0
137609,-656,480,-8404,-23,126,64,7729,0,3,204,40,37809,136,26,144,0,0,0,0,0,0,0,0,-32307,0,0,0,0,0,137551,0
137610,-656,480,-8404,-23,126,64,7730,-1,-5,204,40,37809,136,26,144,0,0,0,0,0,0,0,0,-32307,0,0,0,0,0,137552,0
137611,-656,480,-8404,-23,126,64,7729,-5,0,203,48,37809,136,26,144,0,0,0,0,0,0,0,0,-32307,0,0,0,0,0,137553,0
137612,-628,494,-8406,-28,118,69,7730,-6,-2,203,48,37809,136,26,144,0,0,0,0,0,0,0,0,-32307,0,0,0,0,0,137554,0
137613,-628,494,-8406,-28,118,69,7732,10,-3,203,48,37811,133,26,144,0,0,0,0,0,0,0,0,-32307,0,0,0,0,0,137555,0
137614,-628,494,-8406,-28,118,69,7730,5,8,203,48,37811,133,26,144,0,0,0,0,0,0,0,0,-32307,0,0,0,0,0,137555,0
137615,-628,494,-8406,-28,118,69,7731,7,0,202,32,37811,133,26,144,0,0,0,0,0,0,0,0,-32308,0,0,0,0,0,137557,0
137616,-622,508,-8360,-32,110,65,7731,2,0,201,40,37811,133,26,144,0,0,0,0,0,0,0,0,-32307,0,0,0,0,0,137558,0
137617,-622,508,-8360,-32,110,65,7730,-5,2,200,48,37811,133,26,144,0,0,0,0,0,0,0,0,-32308,0,0,0,0,0,137559,0
137618,-622,508,-8360,-32,110,65,7730,-2,-3,201,56,37811,133,26,144,0,0,0,0,0,0,0,0,-32307,0,0,0,0,0,137560,0
137619,-622,508,-8360,-32,110,65,7731,0,-2,207,48,37811,133,26,144,0,0,0,0,0,0,0,0,-32308,0,0,0,0,0,137561,0
137620,-606,482,-8356,-34,115,43,7731,1,-1,209,56,37811,133,26,144,0,0,0,0,0,0,0,0,-32308,0,0,0,0,0,137562,0
137621,-606,482,-8356,-34,115,43,7732,13,-2,212,56,37811,133,26,144,0,0,0,0,0,0,0,0,-32308,0,0,0,0,0,137563,0
137622,-606,482,-8356,-34,115,43,7730,3,4,214,40,37811,133,26,144,0,0,0,0,0,0,0,0,-32308,0,0,0,0,0,137564,0
137623,-606,482,-8356,-34,115,43,7730,-5,-4,215,48,37812,139,26,144,0,0,0,0,0,0,0,0,-32307,0,0,0,0,0,137564,0
137624,-578,488,-8338,-35,112,60,7730,-7,-1,220,48,37812,139,26,144,0,0,0,0,0,0,0,0,-32308,0,0,0,0,0,137566,0
137625,-578,488,-8338,-35,112,60,7732,-3,-3,222,48,37812,139,26,144,0,0,0,0,0,0,0,0,-32308,0,0,0,0,0,137567,0
137626,-578,488,-8338,-35,112,60,7732,11,4,220,56,37812,139,26,144,0,0,0,0,0,0,0,0,-32307,0,0,0,0,0,137568,0
137627,-578,488,-8338,-35,112,60,7731,9,5,221,48,37812,139,26,144,0,0,0,0,0,0,0,0,-32307,0,0,0,0,0,137569,0
137628,-608,474,-8326,-31,123,73,7732,5,-7,221,40,37812,139,26,144,0,0,0,0,0,0,0,0,-32307,0,0,0,0,0,137570,0
137629,-608,474,-8326,-31,123,73,7731,-2,3,219,48,37812,139,26,144,0,0,0,0,0,0,0,0,-32307,0,0,0,0,0,137571,0
137630,-608,474,-8326,-31,123,73,7731,-5,-3,219,48,37812,139,26,144,0,0,0,0,0,0,0,0,-32308,0,0,0,0,0,137572,0
137631,-608,474,-8326,-31,123,73,7731,-1,1,220,40,37812,139,26,144,0,0,0,0,0,0,0,0,-32308,0,0,0,0,0,137572,0
137632,-530,468,-8358,-40,119,66,7731,-2,4,219,40,37812,139,26,144,0,0,0,0,0,0,0,0,-32308,0,0,0,0,0,137574,0
137633,-530,468,-8358,-40,119,66,7730,-4,1,219,48,37811,129,26,144,0,0,0,0,0,0,0,0,-32308,0,0,0,0,0,137575,0
137634,-530,468,-8358,-40,119,66,7730,-4,-4,220,48,37811,129,26,144,0,0,0,0,0,0,0,0,-32308,0,0,0,0,0,137575,0
137635,-530,468,-8358,-40,119,66,7733,4,-5,218,48,37811,129,26,144,0,0,0,0,0,0,0,0,-32308,0,0,0,0,0,137577,0
137636,-556,472,-8346,-54,124,60,7731,7,-2,220,48,37811,129,26,144,0,0,0,0,0,0,0,0,-32307,0,0,0,0,0,137578,0
137637,-556,472,-8346,-54,124,60,7732,10,2,219,40,37811,129,26,144,0,0,0,0,0,0,0,0,-32307,0,0,0,0,0,137579,0
137638,-556,472,-8346,-54,124,60,7732,4,0,220,56,37811,129,26,144,0,0,0,0,0,0,0,0,-32308,0,0,0,0,0,137580,0
137639,-556,472,-8346,-54,124,60,7732,-3,3,223,56,37811,129,26,144,0,0,0,0,0,0,0,0,-32308,0,0,0,0,0,137580,0
137640,-582,480,-8342,-63,122,48,7733,6,-3,226,56,37811,129,26,144,0,0,0,0,0,0,0,0,-32307,0,0,0,0,0,137582,0
137641,-582,480,-8342,-63,122,48,7731,0,1,227,56,37811,129,26,144,0,0,0,0,0,0,0,0,-32307,0,0,0,0,0,137583,0
137642,-582,480,-8342,-63,122,48,7732,0,3,232,56,37811,129,26,144,0,0,0,0,0,0,0,0,-32307,0,0,0,0,0,137584,0
137643,-582,480,-8342,-63,122,48,7731,-5,-5,234,56,37816,133,26,144,0,0,0,0,0,0,0,0,-32308,0,0,0,0,0,137585,0
137644,-612,482,-8334,-76,114,56,7732,-3,1,238,56,37816,133,26,144,0,0,0,0,0,0,0,0,-32308,0,0,0,0,0,137586,0
137645,-612,482,-8334,-76,114,56,7733,5,2,240,56,37816,133,26,144,0,0,0,0,0,0,0,0,-32308,0,0,0,0,0,137587,0
137646,-612,482,-8334,-76,114,56,7733,7,2,239,64,37816,133,26,144,0,0,0,0,0,0,0,0,-32308,0,0,0,0,0,137588,0
137647,-612,482,-8334,-76,114,56,7733,11,0,239,56,37816,133,26,144,0,0,0,0,0,0,0,0,-32308,0,0,0,0,0,137588,0
137648,-602,484,-8336,-73,96,75,7733,3,3,238,64,37816,133,26,144,0,0,0,0,0,0,0,0,-32308,0,0,0,0,0,137590,0
137649,-602,484,-8336,-73,96,75,7733,1,6,238,64,37816,133,26,144,0,0,0,0,0,0,0,0,-32307,0,0,0,0,0,137591,0
137650,-602,484,-8336,-73,96,75,7732,-3,0,238,56,37816,133,26,144,0,0,0,0,0,0,0,0,-32307,0,0,0,0,0,137592,0
137651,-602,484,-8336,-73,96,75,7732,-5,0,239,56,37816,133,26,144,0,0,0,0,0,0,0,0,-32307,0,0,0,0,0,137593,0
137652,-594,508,-8356,-80,76,66,7734,4,-3,239,64,37816,133,26,144,0,0,0,0,0,0,0,0,-32308,0,0,0,0,0,137594,0
137653,-594,508,-8356,-80,76,66,7732,1,0,240,56,37818,134,26,144,0,0,0,0,0,0,0,0,-32307,0,0,0,0,0,137595,0
137654,-594,508,-8356,-80,76,66,7733,0,0,239,56,37818,134,26,144,0,0,0,0,0,0,0,0,-32307,0,0,0,0,0,137596,0
137656,-634,524,-8400,-80,47,61,7731,-11,3,241,56,37818,134,26,144,0,0,0,0,0,0,0,0,-32307,0,0,0,0,0,137598,0
137657,-634,524,-8400,-80,47,61,7733,-1,-4,241,56,37818,134,26,144,0,0,0,0,0,0,0,0,-32308,0,0,0,0,0,137599,0
137658,-634,524,-8400,-80,47,61,7733,3,3,241,64,37818,134,26,144,0,0,0,0,0,0,0,0,-32308,0,0,0,0,0,137600,0
137659,-634,524,-8400,-80,47,61,7732,1,0,244,64,37818,134,26,144,0,0,0,0,0,0,0,0,-32308,0,0,0,0,0,137601,0
137660,-608,506,-8408,-73,14,53,7734,12,-6,247,56,37818,134,26,144,0,0,0,0,0,0,0,0,-32308,0,0,0,0,0,137602,0
137661,-608,506,-8408,-73,14,53,7733,3,0,249,72,37818,134,26,144,0,0,0,0,0,0,0,0,-32307,0,0,0,0,0,137603,0
137662,-608,506,-8408,-73,14,53,7733,1,-6,252,64,37818,134,26,144,0,0,0,0,0,0,0,0,-32307,0,0,0,0,0,137604,0
137663,-608,506,-8408,-73,14,53,7734,7,-4,254,56,37820,141,26,144,0,0,0,0,0,0,0,0,-32307,0,0,0,0,0,137604,0
137664,-630,476,-8428,-74,-12,49,7732,-6,5,256,72,37820,141,26,144,0,0,0,0,0,0,0,0,-32307,0,0,0,0,0,137606,0
137665,-630,476,-8428,-74,-12,49,7734,0,-2,257,56,37820,141,26,144,0,0,0,0,0,0,0,0,-32307,0,0,0,0,0,137607,0
137666,-630,476,-8428,-74,-12,49,7734,0,3,260,56,37820,141,26,144,0,0,0,0,0,0,0,0,-32307,0,0,0,0,0,137608,0
137667,-630,476,-8428,-74,-12,49,7734,1,-1,260,64,37820,141,26,144,0,0,0,0,0,0,0,0,-32307,0,0,0,0,0,137609,0
137668,-578,482,-8448,-77,-42,68,7734,9,1,260,64,37820,141,26,144,0,0,0,0,0,0,0,0,-32307,0,0,0,0,0,137610,0
137669,-578,482,-8448,-77,-42,68,7734,3,2,260,64,37820,141,26,144,0,0,0,0,0,0,0,0,-32307,0,0,0,0,0,137611,0
137670,-578,482,-8448,-77,-42,68,7733,0,-2,259,64,37820,141,26,144,0,0,0,0,0,0,0,0,-32307,0,0,0,0,0,137612,0
137671,-578,482,-8448,-77,-42,68,7735,2,1,259,64,37820,141,26,144,0,0,0,0,0,0,0,0,-32308,0,0,0,0,0,137612,0
137672,-542,490,-8486,-72,-62,66,7735,3,2,260,56,37820,141,26,144,0,0,0,0,0,0,0,0,-32308,0,0,0,0,0,137614,0
137673,-542,490,-8486,-72,-62,66,7733,0,2,261,64,37813,142,26,144,0,0,0,0,0,0,0,0,-32307,0,0,0,0,0,137615,0
137674,-542,490,-8486,-72,-62,66,7734,0,0,261,64,37813,142,26,144,0,0,0,0,0,0,0,0,-32308,0,0,0,0,0,137616,0
137675,-542,490,-8486,-72,-62,66,7735,-1,0,262,64,37813,142,26,144,0,0,0,0,0,0,0,0,-32308,0,0,0,0,0,137616,0
137676,-552,502,-8524,-74,-74,60,7736,6,3,261,64,37813,142,26,144,0,0,0,0,0,0,0,0,-32308,0,0,0,0,0,137618,0
137677,-552,502,-8524,-74,-74,60,7734,5,5,261,56,37813,142,26,144,0,0,0,0,0,0,0,0,-32308,0,0,0,0,0,137619,0
137678,-552,502,-8524,-74,-74,60,7734,-1,2,261,56,37813,142,26,144,0,0,0,0,0,0,0,0,-32308,0,0,0,0,0,137620,0
137679,-552,502,-8524,-74,-74,60,7734,-6,0,261,64,37813,142,26,144,0,0,0,0,0,0,0,0,-32307,0,0,0,0,0,137620,0
137680,-562,540,-8540,-77,-78,58,7734,-5,-4,264,72,37813,142,26,144,0,0,0,0,0,0,0,0,-32307,0,0,0,0,0,137622,0
137681,-562,540,-8540,-77,-78,58,7735,2,3,269,64,37813,142,26,144,0,0,0,0,0,0,0,0,-32307,0,0,0,0,0,137623,0
137682,-562,540,-8540,-77,-78,58,7734,1,-2,272,72,37813,142,26,144,0,0,0,0,0,0,0,0,-32307,0,0,0,0,0,137624,0
137683,-562,540,-8540,-77,-78,58,7735,5,-2,274,64,37810,138,26,144,0,0,0,0,0,0,0,0,-32308,0,0,0,0,0,137625,0
137684,-528,506,-8548,-84,-62,56,7735,5,-1,277,64,37810,138,26,144,0,0,0,0,0,0,0,0,-32307,0,0,0,0,0,137626,0
137685,-528,506,-8548,-84,-62,56,7735,5,-2,277,72,37810,138,26,144,0,0,0,0,0,0,0,0,-32307,0,0,0,0,0,137627,0
137686,-528,506,-8548,-84,-62,56,7734,1,0,281,64,37810,138,26,144,0,0,0,0,0,0,0,0,-32307,0,0,0,0,0,137628,0
137687,-528,506,-8548,-84,-62,56,7735,-1,-4,279,64,37810,138,26,144,0,0,0,0,0,0,0,0,-32308,0,0,0,0,0,137628,0
137688,-532,552,-8578,-91,-47,78,7735,0,0,280,64,37810,138,26,144,0,0,0,0,0,0,0,0,-32307,0,0,0,0,0,137630,0
137689,-532,552,-8578,-91,-47,78,7735,0,1,279,72,37810,138,26,144,0,0,0,0,0,0,0,0,-32307,0,0,0,0,0,137631,0
137690,-532,552,-8578,-91,-47,78,7734,-2,-2,278,64,37810,138,26,144,0,0,0,0,0,0,0,0,-32307,0,0,0,0,0,137632,0
137691,-532,552,-8578,-91,-47,78,7735,-3,-7,278,64,37810,138,26,144,0,0,0,0,0,0,0,0,-32308,0,0,0,0,0,137633,0
137692,-492,514,-8584,-80,-30,84,7735,0,2,279,64,37810,138,26,144,0,0,0,0,0,0,0,0,-32307,0,0,0,0,0,137634,0
137693,-492,514,-8584,-80,-30,84,7734,0,-4,280,64,37809,144,26,144,0,0,0,0,0,0,0,0,-32307,0,0,0,0,0,137635,0
137694,-492,514,-8584,-80,-30,84,7734,-1,-1,281,64,37809,144,26,144,0,0,0,0,0,0,0,0,-32307,0,0,0,0,0,137636,0
137696,-518,522,-8580,-79,-5,91,7737,9,1,282,64,37809,144,26,144,0,0,0,0,0,0,0,0,-32307,0,0,0,0,0,137638,0
137697,-518,522,-8580,-79,-5,91,7735,8,4,282,64,37809,144,26,144,0,0,0,0,0,0,0,0,-32307,0,0,0,0,0,137639,0
137698,-518,522,-8580,-79,-5,91,7735,2,-2,279,72,37809,144,26,144,0,0,0,0,0,0,0,0,-32307,0,0,0,0,0,137640,0
137699,-518,522,-8580,-79,-5,91,7736,-3,-3,283,72,37809,144,26,144,0,0,0,0,0,0,0,0,-32307,0,0,0,0,0,137641,0
137700,-548,530,-8584,-74,11,91,7734,-11,3,286,72,37809,144,26,144,0,0,0,0,0,0,0,0,-32307,0,0,0,0,0,137642,0
137701,-548,530,-8584,-74,11,91,7736,0,2,289,72,37809,144,26,144,0,0,0,0,0,0,0,0,-32307,0,0,0,0,0,137643,0
137702,-548,530,-8584,-74,11,91,7737,5,0,289,80,37809,144,26,144,0,0,0,0,0,0,0,0,-32307,0,0,0,0,0,137644,0
137703,-548,530,-8584,-74,11,91,7736,8,1,293,72,37811,136,26,144,0,0,0,0,0,0,0,0,-32308,0,0,0,0,0,137645,0
137704,-570,506,-8600,-63,31,95,7735,7,1,295,72,37811,136,26,144,0,0,0,0,0,0,0,0,-32307,0,0,0,0,0,137646,0
137705,-570,506,-8600,-63,31,95,7735,-4,4,298,80,37811,136,26,144,0,0,0,0,0,0,0,0,-32307,0,0,0,0,0,137647,0
137706,-570,506,-8600,-63,31,95,7736,-5,-2,301,72,37811,136,26,144,0,0,0,0,0,0,0,0,-32308,0,0,0,0,0,137648,0
137707,-570,506,-8600,-63,31,95,7735,-2,-1,301,72,37811,136,26,144,0,0,0,0,0,0,0,0,-32308,0,0,0,0,0,137649,0
137708,-590,506,-8582,-67,51,109,7737,6,2,302,80,37811,136,26,144,0,0,0,0,0,0,0,0,-32307,0,0,0,0,0,137650,0
137709,-590,506,-8582,-67,51,109,7736,6,3,303,72,37811,136,26,144,0,0,0,0,0,0,0,0,-32307,0,0,0,0,0,137651,0
137710,-590,506,-8582,-67,51,109,7736,1,-2,302,64,37811,136,26,144,0,0,0,0,0,0,0,0,-32307,0,0,0,0,0,137652,0
137711,-590,506,-8582,-67,51,109,7736,0,-5,302,72,37811,136,26,144,0,0,0,0,0,0,0,0,-32308,0,0,0,0,0,137652,0
137712,-626,514,-8576,-59,58,114,7737,0,3,303,80,37811,136,26,144,0,0,0,0,0,0,0,0,-32307,0,0,0,0,0,137654,0
137713,-626,514,-8576,-59,58,114,7737,2,4,301,72,37813,146,26,144,0,0,0,0,0,0,0,0,-32307,0,0,0,0,0,137655,0
137714,-626,514,-8576,-59,58,114,7738,10,1,301,72,37813,146,26,144,0,0,0,0,0,0,0,0,-32307,0,0,0,0,0,137656,0
137715,-626,514,-8576,-59,58,114,7738,9,7,302,80,37813,146,26,144,0,0,0,0,0,0,0,0,-32307,0,0,0,0,0,137656,0
137716,-596,496,-8552,-60,64,106,7737,0,3,304,72,37813,146,26,144,0,0,0,0,0,0,0,0,-32307,0,0,0,0,0,137658,0
137717,-596,496,-8552,-60,64,106,7736,-5,-2,302,80,37813,146,26,144,0,0,0,0,0,0,0,0,-32307,0,0,0,0,0,137659,0
137718,-596,496,-8552,-60,64,106,7737,-8,-3,299,80,37813,146,26,144,0,0,0,0,0,0,0,0,-32307,0,0,0,0,0,137660,0
137719,-596,496,-8552,-60,64,106,7736,-4,1,304,80,37813,146,26,144,0,0,0,0,0,0,0,0,-32307,0,0,0,0,0,137660,0
137720,-634,494,-8554,-53,73,102,7737,4,0,307,80,37813,146,26,144,0,0,0,0,0,0,0,0,-32307,0,0,0,0,0,137662,0
137721,-634,494,-8554,-53,73,102,7738,10,-1,309,80,37813,146,26,144,0,0,0,0,0,0,0,0,-32308,0,0,0,0,0,137663,0
137722,-634,494,-8554,-53,73,102,7737,7,2,310,80,37813,146,26,144,0,0,0,0,0,0,0,0,-32307,0,0,0,0,0,137664,0
137723,-634,494,-8554,-53,73,102,7736,0,-6,312,72,37812,134,26,144,0,0,0,0,0,0,0,0,-32307,0,0,0,0,0,137665,0
137724,-670,458,-8528,-52,72,99,7738,0,-2,315,80,37812,134,26,144,0,0,0,0,0,0,0,0,-32308,0,0,0,0,0,137666,0
137725,-670,458,-8528,-52,72,99,7739,5,6,320,80,37812,134,26,144,0,0,0,0,0,0,0,0,-32307,0,0,0,0,0,137667,0
137726,-670,458,-8528,-52,72,99,7738,5,4,323,72,37812,134,26,144,0,0,0,0,0,0,0,0,-32307,0,0,0,0,0,137668,0
137727,-670,458,-8528,-52,72,99,7737,1,1,322,80,37812,134,26,144,0,0,0,0,0,0,0,0,-32307,0,0,0,0,0,137668,0
137728,-694,460,-8500,-44,68,106,7738,-2,-1,322,80,37812,134,26,144,0,0,0,0,0,0,0,0,-32307,0,0,0,0,0,137670,0
137729,-694,460,-8500,-44,68,106,7737,-4,-5,320,80,37812,134,26,144,0,0,0,0,0,0,0,0,-32308,0,0,0,0,0,137671,0
137730,-694,460,-8500,-44,68,106,7737,-2,-4,321,88,37812,134,26,144,0,0,0,0,0,0,0,0,-32307,0,0,0,0,0,137672,0
137731,-694,460,-8500,-44,68,106,7739,2,2,322,80,37812,134,26,144,0,0,0,0,0,0,0,0,-32307,0,0,0,0,0,137673,0
137732,-638,456,-8452,-39,80,104,7738,0,4,322,72,37812,134,26,144,0,0,0,0,0,0,0,0,-32307,0,0,0,0,0,137674,0
137733,-638,456,-8452,-39,80,104,7739,8,-3,321,72,37811,126,26,144,0,0,0,0,0,0,0,0,-32307,0,0,0,0,0,137675,0
137734,-638,456,-8452,-39,80,104,7737,1,1,321,80,37811,126,26,144,0,0,0,0,0,0,0,0,-32307,0,0,0,0,0,137676,0
137736,-656,446,-8450,-32,94,97,7738,0,-4,321,80,37811,126,26,144,0,0,0,0,0,0,0,0,-32307,0,0,0,0,0,137678,0
137737,-656,446,-8450,-32,94,97,7738,-2,1,320,80,37811,126,26,144,0,0,0,0,0,0,0,0,-32308,0,0,0,0,0,137679,0
137738,-656,446,-8450,-32,94,97,7739,5,2,320,80,37811,126,26,144,0,0,0,0,0,0,0,0,-32307,0,0,0,0,0,137680,0
137739,-656,446,-8450,-32,94,97,7739,1,-1,320,80,37811,126,26,144,0,0,0,0,0,0,0,0,-32308,0,0,0,0,0,137681,0
137740,-640,466,-8432,-33,106,79,7738,1,-3,324,80,37811,126,26,144,0,0,0,0,0,0,0,0,-32307,0,0,0,0,0,137682,0
137741,-640,466,-8432,-33,106,79,7738,-2,-1,328,88,37811,126,26,144,0,0,0,0,0,0,0,0,-32307,0,0,0,0,0,137683,0
137742,-640,466,-8432,-33,106,79,7740,3,2,330,80,37811,126,26,144,0,0,0,0,0,0,0,0,-32307,0,0,0,0,0,137684,0
137743,-640,466,-8432,-33,106,79,7738,3,3,333,88,37810,129,26,144,0,0,0,0,0,0,0,0,-32308,0,0,0,0,0,137684,0
137744,-686,490,-8410,-39,119,69,7739,4,3,337,80,37810,129,26,144,0,0,0,0,0,0,0,0,-32308,0,0,0,0,0,137686,0
137745,-686,490,-8410,-39,119,69,7739,5,4,340,80,37810,129,26,144,0,0,0,0,0,0,0,0,-32307,0,0,0,0,0,137687,0
137746,-686,490,-8410,-39,119,69,7740,5,-3,342,88,37810,129,26,144,0,0,0,0,0,0,0,0,-32307,0,0,0,0,0,137688,0
137747,-686,490,-8410,-39,119,69,7739,0,-2,341,80,37810,129,26,144,0,0,0,0,0,0,0,0,-32307,0,0,0,0,0,137689,0
137748,-688,520,-8408,-42,137,89,7740,8,-2,340,80,37810,129,26,144,0,0,0,0,0,0,0,0,-32308,0,0,0,0,0,137690,0
137749,-688,520,-8408,-42,137,89,7740,5,5,342,80,37810,129,26,144,0,0,0,0,0,0,0,0,-32308,0,0,0,0,0,137691,0
137750,-688,520,-8408,-42,137,89,7739,-1,-2,340,80,37810,129,26,144,0,0,0,0,0,0,0,0,-32307,0,0,0,0,0,137692,0
137751,-688,520,-8408,-42,137,89,7739,-2,1,341,80,37810,129,26,144,0,0,0,0,0,0,0,0,-32308,0,0,0,0,0,137692,0
137752,-686,524,-8416,-55,146,83,7740,-3,0,339,80,37810,129,26,144,0,0,0,0,0,0,0,0,-32308,0,0,0,0,0,137694,0
137753,-686,524,-8416,-55,146,83,7740,0,-1,341,72,37812,143,26,144,0,0,0,0,0,0,0,0,-32308,0,0,0,0,0,137695,0
137754,-686,524,-8416,-55,146,83,7739,2,1,339,80,37812,143,26,144,0,0,0,0,0,0,0,0,-32307,0,0,0,0,0,137696,0
137755,-686,524,-8416,-55,146,83,7740,1,1,339,80,37812,143,26,144,0,0,0,0,0,0,0,0,-32308,0,0,0,0,0,137696,0
137756,-698,514,-8412,-63,148,81,7740,1,1,341,80,37812,143,26,144,0,0,0,0,0,0,0,0,-32308,0,0,0,0,0,137698,0
137757,-698,514,-8412,-63,148,81,7740,1,-2,341,80,37812,143,26,144,0,0,0,0,0,0,0,0,-32308,0,0,0,0,0,137699,0
137758,-698,514,-8412,-63,148,81,7739,-1,-1,341,80,37812,143,26,144,0,0,0,0,0,0,0,0,-32307,0,0,0,0,0,137700,0
137759,-698,514,-8412,-63,148,81,7741,1,0,342,88,37812,143,26,144,0,0,0,0,0,0,0,0,-32307,0,0,0,0,0,137700,0
137760,-692,496,-8416,-76,148,68,7739,-2,-3,346,96,37812,143,26,144,0,0,0,0,0,0,0,0,-32308,0,0,0,0,0,137702,0
137761,-692,496,-8416,-76,148,68,7740,2,0,348,96,37812,143,26,144,0,0,0,0,0,0,0,0,-32308,0,0,0,0,0,137703,0
137762,-692,496,-8416,-76,148,68,7740,2,0,351,88,37812,143,26,144,0,0,0,0,0,0,0,0,-32307,0,0,0,0,0,137704,0
137763,-692,496,-8416,-76,148,68,7740,-1,-4,356,96,37814,151,26,144,0,0,0,0,0,0,0,0,-32307,0,0,0,0,0,137705,0
137764,-738,484,-8422,-83,142,50,7739,0,-2,357,104,37814,151,26,144,0,0,0,0,0,0,0,0,-32307,0,0,0,0,0,137706,0
137765,-738,484,-8422,-83,142,50,7740,-5,1,359,88,37814,151,26,144,0,0,0,0,0,0,0,0,-32308,0,0,0,0,0,137707,0
137766,-738,484,-8422,-83,142,50,7739,-3,-6,360,96,37814,151,26,144,0,0,0,0,0,0,0,0,-32308,0,0,0,0,0,137708,0
137767,-738,484,-8422,-83,142,50,7741,5,1,361,96,37814,151,26,144,0,0,0,0,0,0,0,0,-32307,0,0,0,0,0,137708,0
137768,-748,462,-8424,-76,125,59,7741,9,3,361,96,37814,151,26,144,0,0,0,0,0,0,0,0,-32307,0,0,0,0,0,137710,0
137769,-748,462,-8424,-76,125,59,7742,13,0,361,96,37814,151,26,144,0,0,0,0,0,0,0,0,-32308,0,0,0,0,0,137711,0
137770,-748,462,-8424,-76,125,59,7741,9,-2,359,96,37814,151,26,144,0,0,0,0,0,0,0,0,-32307,0,0,0,0,0,137712,0
137771,-748,462,-8424,-76,125,59,7742,2,6,360,96,37814,151,26,144,0,0,0,0,0,0,0,0,-32308,0,0,0,0,0,137713,0
137772,-730,486,-8430,-64,103,54,7742,3,3,360,88,37814,151,26,144,0,0,0,0,0,0,0,0,-32308,0,0,0,0,0,137714,0
137773,-730,486,-8430,-64,103,54,7741,-2,-1,360,96,37814,144,26,144,0,0,0,0,0,0,0,0,-32307,0,0,0,0,0,137715,0
137774,-730,486,-8430,-64,103,54,7741,0,3,360,96,37814,144,26,144,0,0,0,0,0,0,0,0,-32307,0,0,0,0,0,137716,0
137776,-688,432,-8452,-50,81,47,7740,-6,-2,359,96,37814,144,26,144,0,0,0,0,0,0,0,0,-32308,0,0,0,0,0,137718,0
137777,-688,432,-8452,-50,81,47,7741,-1,1,361,88,37814,144,26,144,0,0,0,0,0,0,0,0,-32308,0,0,0,0,0,137719,0
137778,-688,432,-8452,-50,81,47,7741,0,0,361,88,37814,144,26,144,0,0,0,0,0,0,0,0,-32308,0,0,0,0,0,137720,0
137779,-688,432,-8452,-50,81,47,7742,6,1,362,104,37814,144,26,144,0,0,0,0,0,0,0,0,-32307,0,0,0,0,0,137721,0
137780,-694,442,-8482,-24,60,22,7740,2,0,365,104,37814,144,26,144,0,0,0,0,0,0,0,0,-32308,0,0,0,0,0,137722,0
137781,-694,442,-8482,-24,60,22,7742,0,2,369,96,37814,144,26,144,0,0,0,0,0,0,0,0,-32308,0,0,0,0,0,137723,0
137782,-694,442,-8482,-24,60,22,7743,6,1,372,104,37814,144,26,144,0,0,0,0,0,0,0,0,-32307,0,0,0,0,0,137724,0
137783,-694,442,-8482,-24,60,22,7740,-3,-4,374,104,37812,138,26,144,0,0,0,0,0,0,0,0,-32308,0,0,0,0,0,137725,0
137784,-660,402,-8498,-8,37,20,7742,2,1,377,96,37812,138,26,144,0,0,0,0,0,0,0,0,-32307,0,0,0,0,0,137726,0
137785,-660,402,-8498,-8,37,20,7742,0,0,378,96,37812,138,26,144,0,0,0,0,0,0,0,0,-32307,0,0,0,0,0,137727,0
137786,-660,402,-8498,-8,37,20,7742,0,-4,381,104,37812,138,26,144,0,0,0,0,0,0,0,0,-32307,0,0,0,0,0,137728,0
137787,-660,402,-8498,-8,37,20,7744,16,10,381,96,37812,138,26,144,0,0,0,0,0,0,0,0,-32308,0,0,0,0,0,137729,0
137788,-654,430,-8496,10,12,26,7743,9,-1,380,96,37812,138,26,144,0,0,0,0,0,0,0,0,-32307,0,0,0,0,0,137730,0
137789,-654,430,-8496,10,12,26,7743,6,0,380,104,37812,138,26,144,0,0,0,0,0,0,0,0,-32307,0,0,0,0,0,137731,0
137790,-654,430,-8496,10,12,26,7743,1,4,381,96,37812,138,26,144,0,0,0,0,0,0,0,0,-32307,0,0,0,0,0,137732,0
137791,-654,430,-8496,10,12,26,7744,0,3,382,96,37812,138,26,144,0,0,0,0,0,0,0,0,-32307,0,0,0,0,0,137733,0
137792,-594,438,-8484,31,1,29,7744,3,0,380,96,37812,138,26,144,0,0,0,0,0,0,0,0,-32307,0,0,0,0,0,137734,0
137793,-594,438,-8484,31,1,29,7743,0,-2,380,104,37812,136,26,144,0,0,0,0,0,0,0,0,-32307,0,0,0,0,0,137735,0
137794,-594,438,-8484,31,1,29,7743,-2,-1,380,96,37812,136,26,144,0,0,0,0,0,0,0,0,-32307,0,0,0,0,0,137736,0
137795,-594,438,-8484,31,1,29,7744,-2,2,378,96,37812,136,26,144,0,0,0,0,0,0,0,0,-32307,0,0,0,0,0,137737,0
137796,-588,486,-8460,41,-6,28,7743,1,-2,379,96,37812,136,26,144,0,0,0,0,0,0,0,0,-32307,0,0,0,0,0,137738,0
137797,-588,486,-8460,41,-6,28,7744,7,10,380,88,37812,136,26,144,0,0,0,0,0,0,0,0,-32307,0,0,0,0,0,137739,0
137798,-588,486,-8460,41,-6,28,7743,1,-1,380,96,37812,136,26,144,0,0,0,0,0,0,0,0,-32307,0,0,0,0,0,137740,0
137799,-588,486,-8460,41,-6,28,7743,-5,1,381,112,37812,136,26,144,0,0,0,0,0,0,0,0,-32308,0,0,0,0,0,137741,0
137800,-532,494,-8432,43,-7,23,7745,3,5,387,96,37812,136,26,144,0,0,0,0,0,0,0,0,-32307,0,0,0,0,0,137742,0
137801,-532,494,-8432,43,-7,23,7744,4,-1,391,104,37812,136,26,144,0,0,0,0,0,0,0,0,-32308,0,0,0,0,0,137743,0
137802,-532,494,-8432,43,-7,23,7743,2,-4,392,104,37812,136,26,144,0,0,0,0,0,0,0,0,-32307,0,0,0,0,0,137744,0
137803,-532,494,-8432,43,-7,23,7744,3,-2,395,104,37812,138,26,144,0,0,0,0,0,0,0,0,-32307,0,0,0,0,0,137745,0
137804,-506,506,-8438,37,16,26,7744,-1,-2,398,96,37812,138,26,144,0,0,0,0,0,0,0,0,-32307,0,0,0,0,0,137746,0
137805,-506,506,-8438,37,16,26,7744,1,-3,398,104,37812,138,26,144,0,0,0,0,0,0,0,0,-32307,0,0,0,0,0,137747,0
137806,-506,506,-8438,37,16,26,7745,6,-1,403,104,37812,138,26,144,0,0,0,0,0,0,0,0,-32307,0,0,0,0,0,137748,0
137807,-506,506,-8438,37,16,26,7744,0,-1,402,96,37812,138,26,144,0,0,0,0,0,0,0,0,-32307,0,0,0,0,0,137749,0
137808,-508,534,-8432,16,41,45,7744,1,-6,402,112,37812,138,26,144,0,0,0,0,0,0,0,0,-32307,0,0,0,0,0,137750,0
137809,-508,534,-8432,16,41,45,7745,2,0,401,104,37812,138,26,144,0,0,0,0,0,0,0,0,-32308,0,0,0,0,0,137751,0
137810,-508,534,-8432,16,41,45,7745,3,3,402,104,37812,138,26,144,0,0,0,0,0,0,0,0,-32307,0,0,0,0,0,137752,0
137811,-508,534,-8432,16,41,45,7744,-1,-7,402,104,37812,138,26,144,0,0,0,0,0,0,0,0,-32308,0,0,0,0,0,137753,0
137812,-496,548,-8428,-3,64,53,7745,0,0,402,96,37812,138,26,144,0,0,0,0,0,0,0,0,-32307,0,0,0,0,0,137754,0
137813,-496,548,-8428,-3,64,53,7746,3,1,401,96,37812,138,26,144,0,0,0,0,0,0,0,0,-32307,0,0,0,0,0,137755,0
137814,-496,548,-8428,-3,64,53,7746,9,-1,401,104,37812,138,26,144,0,0,0,0,0,0,0,0,-32308,0,0,0,0,0,137756,0
137815,-496,548,-8428,-3,64,53,7745,10,3,401,104,37812,138,26,144,0,0,0,0,0,0,0,0,-32308,0,0,0,0,0,137757,0
137816,-468,560,-8420,-29,97,58,7746,2,3,401,96,37812,138,26,144,0,0,0,0,0,0,0,0,-32307,0,0,0,0,0,137758,0
137817,-468,560,-8420,-29,97,58,7746,-1,2,399,104,37812,138,26,144,0,0,0,0,0,0,0,0,-32308,0,0,0,0,0,137759,0
137818,-468,560,-8420,-29,97,58,7747,4,4,400,104,37812,138,26,144,0,0,0,0,0,0,0,0,-32308,0,0,0,0,0,137760,0
137819,-468,560,-8420,-29,97,58,7746,6,4,400,96,37812,138,26,144,0,0,0,0,0,0,0,0,-32308,0,0,0,0,0,137761,0
137820,-450,560,-8430,-63,123,60,7744,-7,-3,399,96,37812,138,26,144,0,0,0,0,0,0,0,0,-32308,0,0,0,0,0,137762,0
137821,-450,560,-8430,-63,123,60,7746,-4,-1,399,104,37812,138,26,144,0,0,0,0,0,0,0,0,-32307,0,0,0,0,0,137763,0
137822,-450,560,-8430,-63,123,60,7745,-9,-1,399,96,37812,138,26,144,0,0,0,0,0,0,0,0,-32307,0,0,0,0,0,137764,0
137823,-450,560,-8430,-63,123,60,7747,5,3,401,96,37812,135,26,144,0,0,0,0,0,0,0,0,-32308,0,0,0,0,0,137765,0
137824,-486,538,-8422,-86,149,61,7747,13,0,400,112,37812,135,26,144,0,0,0,0,0,0,0,0,-32307,0,0,0,0,0,137766,0
137825,-486,538,-8422,-86,149,61,7747,5,3,402,96,37812,135,26,144,0,0,0,0,0,0,0,0,-32307,0,0,0,0,0,137767,0
137826,-486,538,-8422,-86,149,61,7746,2,-2,400,96,37812,135,26,144,0,0,0,0,0,0,0,0,-32307,0,0,0,0,0,137768,0
137827,-486,538,-8422,-86,149,61,7746,-6,-3,401,104,37812,135,26,144,0,0,0,0,0,0,0,0,-32308,0,0,0,0,0,137769,0
137828,-520,516,-8402,-112,163,75,7747,2,2,402,104,37812,135,26,144,0,0,0,0,0,0,0,0,-32308,0,0,0,0,0,137770,0
137829,-520,516,-8402,-112,163,75,7746,0,1,401,104,37812,135,26,144,0,0,0,0,0,0,0,0,-32308,0,0,0,0,0,137771,0
137830,-520,516,-8402,-112,163,75,7747,4,-4,400,104,37812,135,26,144,0,0,0,0,0,0,0,0,-32308,0,0,0,0,0,137773,0
137831,-520,516,-8402,-112,163,75,7747,0,-2,402,96,37812,135,26,144,0,0,0,0,0,0,0,0,-32307,0,0,0,0,0,137773,0
137832,-546,538,-8402,-119,170,80,7747,-1,-3,401,104,37812,135,26,144,0,0,0,0,0,0,0,0,-32308,0,0,0,0,0,137774,0
137833,-546,538,-8402,-119,170,80,7746,1,-3,401,104,37812,132,26,144,0,0,0,0,0,0,0,0,-32308,0,0,0,0,0,137775,0
137834,-546,538,-8402,-119,170,80,7745,-7,0,400,96,37812,132,26,144,0,0,0,0,0,0,0,0,-32308,0,0,0,0,0,137776,0
137835,-546,538,-8402,-119,170,80,7746,-5,-5,400,104,37812,132,26,144,0,0,0,0,0,0,0,0,-32308,0,0,0,0,0,137778,0
137836,-582,544,-8398,-121,160,88,7746,0,-1,399,104,37812,132,26,144,0,0,0,0,0,0,0,0,-32308,0,0,0,0,0,137778,0
137837,-582,544,-8398,-121,160,88,7747,3,-3,400,96,37812,132,26,144,0,0,0,0,0,0,0,0,-32308,0,0,0,0,0,137779,0
137838,-582,544,-8398,-121,160,88,7746,5,-5,399,96,37812,132,26,144,0,0,0,0,0,0,0,0,-32307,0,0,0,0,0,137781,0
137839,-582,544,-8398,-121,160,88,7746,0,-8,399,96,37812,132,26,144,0,0,0,0,0,0,0,0,-32308,0,0,0,0,0,137781,0
137840,-594,508,-8426,-115,153,85,7746,-3,-2,400,104,37812,132,26,144,0,0,0,0,0,0,0,0,-32308,0,0,0,0,0,137782,0
137841,-594,508,-8426,-115,153,85,7746,-4,3,399,104,37812,132,26,144,0,0,0,0,0,0,0,0,-32307,0,0,0,0,0,137783,0
137842,-594,508,-8426,-115,153,85,7747,3,0,399,104,37812,132,26,144,0,0,0,0,0,0,0,0,-32307,0,0,0,0,0,137784,0
137843,-594,508,-8426,-115,153,85,7746,3,-1,401,104,37812,130,26,144,0,0,0,0,0,0,0,0,-32308,0,0,0,0,0,137785,0
137844,-592,518,-8448,-109,130,83,7746,3,-4,400,96,37812,130,26,144,0,0,0,0,0,0,0,0,-32307,0,0,0,0,0,137786,0
137845,-592,518,-8448,-109,130,83,7747,3,-1,400,104,37812,130,26,144,0,0,0,0,0,0,0,0,-32308,0,0,0,0,0,137787,0
137846,-592,518,-8448,-109,130,83,7747,-1,1,398,96,37812,130,26,144,0,0,0,0,0,0,0,0,-32307,0,0,0,0,0,137788,0
137847,-592,518,-8448,-109,130,83,7747,1,2,399,96,37812,130,26,144,0,0,0,0,0,0,0,0,-32307,0,0,0,0,0,137789,0
137848,-594,496,-8464,-96,108,81,7746,0,-2,399,104,37812,130,26,144,0,0,0,0,0,0,0,0,-32307,0,0,0,0,0,137790,0
137849,-594,496,-8464,-96,108,81,7746,-4,-2,400,104,37812,130,26,144,0,0,0,0,0,0,0,0,-32307,0,0,0,0,0,137791,0
137850,-594,496,-8464,-96,108,81,7747,1,0,399,96,37812,130,26,144,0,0,0,0,0,0,0,0,-32308,0,0,0,0,0,137792,0
137851,-594,496,-8464,-96,108,81,7747,2,1,399,104,37812,130,26,144,0,0,0,0,0,0,0,0,-32307,0,0,0,0,0,137793,0
137852,-622,502,-8474,-88,86,75,7746,0,0,399,96,37812,130,26,144,0,0,0,0,0,0,0,0,-32307,0,0,0,0,0,137794,0
137853,-622,502,-8474,-88,86,75,7747,1,2,400,96,37814,143,26,144,0,0,0,0,0,0,0,0,-32308,0,0,0,0,0,137795,0
137854,-622,502,-8474,-88,86,75,7747,0,1,399,88,37814,143,26,144,0,0,0,0,0,0,0,0,-32307,0,0,0,0,0,137797,0
137855,-622,502,-8474,-88,86,75,7745,-4,-1,399,104,37814,143,26,144,0,0,0,0,0,0,0,0,-32308,0,0,0,0,0,137797,0
137856,-618,478,-8476,-77,57,66,7747,0,2,400,96,37814,143,26,144,0,0,0,0,0,0,0,0,-32307,0,0,0,0,0,137798,0
137857,-618,478,-8476,-77,57,66,7748,1,3,399,104,37814,143,26,144,0,0,0,0,0,0,0,0,-32308,0,0,0,0,0,137800,0
137858,-618,478,-8476,-77,57,66,7747,5,2,400,104,37814,143,26,144,0,0,0,0,0,0,0,0,-32308,0,0,0,0,0,137801,0
137859,-618,478,-8476,-77,57,66,7747,7,2,400,96,37814,143,26,144,0,0,0,0,0,0,0,0,-32307,0,0,0,0,0,137802,0
137860,-608,482,-8488,-63,35,55,7747,0,1,399,96,37814,143,26,144,0,0,0,0,0,0,0,0,-32307,0,0,0,0,0,137803,0
137861,-608,482,-8488,-63,35,55,7748,1,1,399,104,37814,143,26,144,0,0,0,0,0,0,0,0,-32307,0,0,0,0,0,137804,0
137862,-608,482,-8488,-63,35,55,7747,1,1,400,104,37814,143,26,144,0,0,0,0,0,0,0,0,-32307,0,0,0,0,0,137805,0
137863,-608,482,-8488,-63,35,55,7747,1,0,402,96,37818,155,26,144,0,0,0,0,0,0,0,0,-32308,0,0,0,0,0,137805,0
137864,-588,480,-8460,-45,15,50,7746,-7,-4,400,104,37818,155,26,144,0,0,0,0,0,0,0,0,-32308,0,0,0,0,0,137807,0
137865,-588,480,-8460,-45,15,50,7748,-2,3,402,96,37818,155,26,144,0,0,0,0,0,0,0,0,-32308,0,0,0,0,0,137808,0
137866,-588,480,-8460,-45,15,50,7746,-3,-2,400,96,37818,155,26,144,0,0,0,0,0,0,0,0,-32308,0,0,0,0,0,137808,0
137867,-588,480,-8460,-45,15,50,7748,1,0,399,104,37818,155,26,144,0,0,0,0,0,0,0,0,-32308,0,0,0,0,0,137810,0
137868,-630,510,-8488,-33,-12,48,7745,-3,-7,401,96,37818,155,26,144,0,0,0,0,0,0,0,0,-32308,0,0,0,0,0,137811,0
137869,-630,510,-8488,-33,-12,48,7748,0,5,401,104,37818,155,26,144,0,0,0,0,0,0,0,0,-32308,0,0,0,0,0,137812,0
137870,-630,510,-8488,-33,-12,48,7747,4,1,401,96,37818,155,26,144,0,0,0,0,0,0,0,0,-32307,0,0,0,0,0,137813,0
137871,-630,510,-8488,-33,-12,48,7748,6,-1,401,104,37818,155,26,144,0,0,0,0,0,0,0,0,-32307,0,0,0,0,0,137813,0
137872,-592,496,-8464,-12,-20,45,7746,2,-5,402,96,37818,155,26,144,0,0,0,0,0,0,0,0,-32307,0,0,0,0,0,137815,0
137873,-592,496,-8464,-12,-20,45,7747,-8,2,399,96,37817,153,26,144,0,0,0,0,0,0,0,0,-32307,0,0,0,0,0,137816,0
137874,-592,496,-8464,-12,-20,45,7747,-3,-1,399,104,37817,153,26,144,0,0,0,0,0,0,0,0,-32308,0,0,0,0,0,137817,0
137875,-592,496,-8464,-12,-20,45,7747,-1,0,401,104,37817,153,26,144,0,0,0,0,0,0,0,0,-32307,0,0,0,0,0,137818,0
137876,-528,502,-8456,1,-34,41,7746,5,-3,401,96,37817,153,26,144,0,0,0,0,0,0,0,0,-32307,0,0,0,0,0,137818,0
137877,-528,502,-8456,1,-34,41,7748,3,0,401,104,37817,153,26,144,0,0,0,0,0,0,0,0,-32308,0,0,0,0,0,137820,0
137878,-528,502,-8456,1,-34,41,7748,4,2,401,104,37817,153,26,144,0,0,0,0,0,0,0,0,-32307,0,0,0,0,0,137821,0
137879,-528,502,-8456,1,-34,41,7748,3,1,401,104,37817,153,26,144,0,0,0,0,0,0,0,0,-32307,0,0,0,0,0,137821,0
137880,-536,540,-8448,10,-32,46,7747,0,0,402,104,37817,153,26,144,0,0,0,0,0,0,0,0,-32307,0,0,0,0,0,137823,0
137881,-536,540,-8448,10,-32,46,7747,-4,-2,403,104,37817,153,26,144,0,0,0,0,0,0,0,0,-32308,0,0,0,0,0,137824,0
137882,-536,540,-8448,10,-32,46,7747,-2,3,402,104,37817,153,26,144,0,0,0,0,0,0,0,0,-32308,0,0,0,0,0,137825,0
137883,-536,540,-8448,10,-32,46,7747,0,-5,401,104,37817,144,26,144,0,0,0,0,0,0,0,0,-32308,0,0,0,0,0,137826,0
137884,-514,560,-8440,15,-24,50,7747,0,-1,401,96,37817,144,26,144,0,0,0,0,0,0,0,0,-32307,0,0,0,0,0,137827,0
137885,-514,560,-8440,15,-24,50,7748,0,2,399,104,37817,144,26,144,0,0,0,0,0,0,0,0,-32307,0,0,0,0,0,137828,0
137886,-514,560,-8440,15,-24,50,7746,-6,-2,400,96,37817,144,26,144,0,0,0,0,0,0,0,0,-32307,0,0,0,0,0,137828,0
137887,-514,560,-8440,15,-24,50,7747,-4,1,400,104,37817,144,26,144,0,0,0,0,0,0,0,0,-32307,0,0,0,0,0,137830,0
137888,-504,578,-8436,8,-10,62,7747,0,-1,400,104,37817,144,26,144,0,0,0,0,0,0,0,0,-32307,0,0,0,0,0,137831,0
137889,-504,578,-8436,8,-10,62,7747,2,4,399,96,37817,144,26,144,0,0,0,0,0,0,0,0,-32308,0,0,0,0,0,137832,0
137890,-504,578,-8436,8,-10,62,7748,11,3,399,104,37817,144,26,144,0,0,0,0,0,0,0,0,-32307,0,0,0,0,0,137833,0
137891,-504,578,-8436,8,-10,62,7747,1,-2,397,104,37817,144,26,144,0,0,0,0,0,0,0,0,-32308,0,0,0,0,0,137834,0
137892,-510,578,-8440,0,-3,76,7746,-8,-8,397,104,37817,144,26,144,0,0,0,0,0,0,0,0,-32307,0,0,0,0,0,137835,0
137893,-510,578,-8440,0,-3,76,7748,-2,4,399,104,37809,136,26,144,0,0,0,0,0,0,0,0,-32307,0,0,0,0,0,137836,0
137894,-510,578,-8440,0,-3,76,7748,2,0,399,96,37809,136,26,144,0,0,0,0,0,0,0,0,-32307,0,0,0,0,0,137837,0
137895,-510,578,-8440,0,-3,76,7747,4,2,400,96,37809,136,26,144,0,0,0,0,0,0,0,0,-32307,0,0,0,0,0,137837,0
137896,-518,582,-8400,-17,7,85,7748,7,-2,400,96,37809,136,26,144,0,0,0,0,0,0,0,0,-32307,0,0,0,0,0,137838,0
137897,-518,582,-8400,-17,7,85,7748,1,4,399,96,37809,136,26,144,0,0,0,0,0,0,0,0,-32308,0,0,0,0,0,137840,0
137898,-518,582,-8400,-17,7,85,7747,1,-1,399,96,37809,136,26,144,0,0,0,0,0,0,0,0,-32307,0,0,0,0,0,137841,0
137899,-518,582,-8400,-17,7,85,7747,-1,0,400,104,37809,136,26,144,0,0,0,0,0,0,0,0,-32307,0,0,0,0,0,137842,0
137900,-560,566,-8392,-38,13,89,7748,-3,0,401,96,37809,136,26,144,0,0,0,0,0,0,0,0,-32307,0,0,0,0,0,137843,0
137901,-560,566,-8392,-38,13,89,7747,-4,-1,401,96,37809,136,26,144,0,0,0,0,0,0,0,0,-32308,0,0,0,0,0,137844,0
137902,-560,566,-8392,-38,13,89,7748,1,2,401,104,37809,136,26,144,0,0,0,0,0,0,0,0,-32308,0,0,0,0,0,137845,0
137903,-560,566,-8392,-38,13,89,7747,0,-1,400,96,37810,132,26,144,0,0,0,0,0,0,0,0,-32307,0,0,0,0,0,137845,0
137904,-566,598,-8394,-50,26,99,7747,-5,-5,401,96,37810,132,26,144,0,0,0,0,0,0,0,0,-32307,0,0,0,0,0,137847,0
137905,-566,598,-8394,-50,26,99,7749,5,6,400,104,37810,132,26,144,0,0,0,0,0,0,0,0,-32307,0,0,0,0,0,137848,0
137906,-566,598,-8394,-50,26,99,7747,2,3,402,96,37810,132,26,144,0,0,0,0,0,0,0,0,-32308,0,0,0,0,0,137848,0
137907,-566,598,-8394,-50,26,99,7746,-1,-2,403,96,37810,132,26,144,0,0,0,0,0,0,0,0,-32307,0,0,0,0,0,137850,0
137908,-536,534,-8394,-67,29,97,7748,-1,0,402,96,37810,132,26,144,0,0,0,0,0,0,0,0,-32307,0,0,0,0,0,137851,0
137909,-536,534,-8394,-67,29,97,7747,-7,-1,402,96,37810,132,26,144,0,0,0,0,0,0,0,0,-32307,0,0,0,0,0,137852,0
137910,-536,534,-8394,-67,29,97,7746,-2,-4,401,112,37810,132,26,144,0,0,0,0,0,0,0,0,-32308,0,0,0,0,0,137853,0
137911,-536,534,-8394,-67,29,97,7747,2,-3,400,104,37810,132,26,144,0,0,0,0,0,0,0,0,-32307,0,0,0,0,0,137853,0
137912,-560,552,-8408,-81,26,98,7748,4,0,401,96,37810,132,26,144,0,0,0,0,0,0,0,0,-32308,0,0,0,0,0,137855,0
137913,-560,552,-8408,-81,26,98,7747,5,3,402,104,37811,144,26,144,0,0,0,0,0,0,0,0,-32308,0,0,0,0,0,137856,0
137914,-560,552,-8408,-81,26,98,7747,1,-4,399,104,37811,144,26,144,0,0,0,0,0,0,0,0,-32307,0,0,0,0,0,137857,0
137915,-560,552,-8408,-81,26,98,7749,4,2,401,96,37811,144,26,144,0,0,0,0,0,0,0,0,-32308,0,0,0,0,0,137858,0
137916,-560,520,-8388,-92,24,98,7748,3,0,400,96,37811,144,26,144,0,0,0,0,0,0,0,0,-32307,0,0,0,0,0,137858,0
137917,-560,520,-8388,-92,24,98,7747,3,0,400,104,37811,144,26,144,0,0,0,0,0,0,0,0,-32308,0,0,0,0,0,137860,0
137918,-560,520,-8388,-92,24,98,7747,-2,1,402,104,37811,144,26,144,0,0,0,0,0,0,0,0,-32307,0,0,0,0,0,137861,0
137919,-560,520,-8388,-92,24,98,7747,-9,-5,402,104,37811,144,26,144,0,0,0,0,0,0,0,0,-32308,0,0,0,0,0,137861,0
137920,-566,508,-8392,-96,21,103,7748,0,0,400,104,37811,144,26,144,0,0,0,0,0,0,0,0,-32307,0,0,0,0,0,137863,0
137921,-566,508,-8392,-96,21,103,7747,2,3,402,96,37811,144,26,144,0,0,0,0,0,0,0,0,-32308,0,0,0,0,0,137864,0
137922,-566,508,-8392,-96,21,103,7748,1,0,401,96,37811,144,26,144,0,0,0,0,0,0,0,0,-32307,0,0,0,0,0,137865,0
137923,-566,508,-8392,-96,21,103,7747,-2,-2,399,104,37811,138,26,144,0,0,0,0,0,0,0,0,-32308,0,0,0,0,0,137866,0
137924,-582,478,-8384,-97,15,100,7747,-4,4,400,96,37811,138,26,144,0,0,0,0,0,0,0,0,-32308,0,0,0,0,0,137867,0
137925,-582,478,-8384,-97,15,100,7748,0,4,401,96,37811,138,26,144,0,0,0,0,0,0,0,0,-32307,0,0,0,0,0,137868,0
137926,-582,478,-8384,-97,15,100,7746,-5,-6,399,104,37811,138,26,144,0,0,0,0,0,0,0,0,-32308,0,0,0,0,0,137868,0
137927,-582,478,-8384,-97,15,100,7748,3,1,400,96,37811,138,26,144,0,0,0,0,0,0,0,0,-32308,0,0,0,0,0,137870,0
137928,-566,502,-8378,-98,19,95,7747,1,3,400,96,37811,138,26,144,0,0,0,0,0,0,0,0,-32307,0,0,0,0,0,137871,0
137929,-566,502,-8378,-98,19,95,7747,0,-6,398,104,37811,138,26,144,0,0,0,0,0,0,0,0,-32307,0,0,0,0,0,137872,0
137930,-566,502,-8378,-98,19,95,7748,5,2,400,104,37811,138,26,144,0,0,0,0,0,0,0,0,-32307,0,0,0,0,0,137873,0
137931,-566,502,-8378,-98,19,95,7747,-3,1,401,112,37811,138,26,144,0,0,0,0,0,0,0,0,-32307,0,0,0,0,0,137874,0
137932,-576,530,-8386,-91,17,98,7749,8,3,399,104,37811,138,26,144,0,0,0,0,0,0,0,0,-32307,0,0,0,0,0,137875,0
137933,-576,530,-8386,-91,17,98,7747,3,4,402,104,37808,133,26,144,0,0,0,0,0,0,0,0,-32307,0,0,0,0,0,137876,0
137934,-576,530,-8386,-91,17,98,7748,1,-1,401,96,37808,133,26,144,0,0,0,0,0,0,0,0,-32308,0,0,0,0,0,137877,0
137935,-576,530,-8386,-91,17,98,7747,-3,-2,398,96,37808,133,26,144,0,0,0,0,0,0,0,0,-32307,0,0,0,0,0,137877,0
137936,-592,532,-8390,-90,19,87,7748,-6,0,400,96,37808,133,26,144,0,0,0,0,0,0,0,0,-32307,0,0,0,0,0,137879,0
137937,-592,532,-8390,-90,19,87,7748,1,0,400,96,37808,133,26,144,0,0,0,0,0,0,0,0,-32308,0,0,0,0,0,137880,0
137938,-592,532,-8390,-90,19,87,7747,-3,-2,399,104,37808,133,26,144,0,0,0,0,0,0,0,0,-32308,0,0,0,0,0,137881,0
137939,-592,532,-8390,-90,19,87,7748,1,-2,400,104,37808,133,26,144,0,0,0,0,0,0,0,0,-32308,0,0,0,0,0,137882,0
137940,-614,526,-8422,-81,14,79,7749,5,8,399,96,37808,133,26,144,0,0,0,0,0,0,0,0,-32307,0,0,0,0,0,137883,0
137941,-614,526,-8422,-81,14,79,7747,-1,-4,399,104,37808,133,26,144,0,0,0,0,0,0,0,0,-32307,0,0,0,0,0,137884,0
137942,-614,526,-8422,-81,14,79,7749,5,4,400,104,37808,133,26,144,0,0,0,0,0,0,0,0,-32307,0,0,0,0,0,137885,0
137943,-614,526,-8422,-81,14,79,7748,0,4,398,104,37808,132,26,144,0,0,0,0,0,0,0,0,-32307,0,0,0,0,0,137885,0
137944,-626,516,-8446,-81,7,78,7748,-1,1,400,104,37808,132,26,144,0,0,0,0,0,0,0,0,-32307,0,0,0,0,0,137887,0
137945,-626,516,-8446,-81,7,78,7746,-2,-2,401,104,37808,132,26,144,0,0,0,0,0,0,0,0,-32307,0,0,0,0,0,137888,0
137946,-626,516,-8446,-81,7,78,7748,-7,-4,399,96,37808,132,26,144,0,0,0,0,0,0,0,0,-32308,0,0,0,0,0,137889,0
137947,-626,516,-8446,-81,7,78,7749,6,3,399,96,37808,132,26,144,0,0,0,0,0,0,0,0,-32308,0,0,0,0,0,137889,0
137948,-576,512,-8446,-77,-4,74,7748,3,1,400,104,37808,132,26,144,0,0,0,0,0,0,0,0,-32308,0,0,0,0,0,137891,0
137949,-576,512,-8446,-77,-4,74,7747,4,-2,400,104,37808,132,26,144,0,0,0,0,0,0,0,0,-32307,0,0,0,0,0,137892,0
137950,-576,512,-8446,-77,-4,74,7749,2,3,399,96,37808,132,26,144,0,0,0,0,0,0,0,0,-32307,0,0,0,0,0,137893,0
137951,-576,512,-8446,-77,-4,74,7748,-3,-2,400,104,37808,132,26,144,0,0,0,0,0,0,0,0,-32308,0,0,0,0,0,137893,0
137952,-598,468,-8476,-81,-15,72,7747,-1,1,401,104,37808,132,26,144,0,0,0,0,0,0,0,0,-32307,0,0,0,0,0,137895,0
137953,-598,468,-8476,-81,-15,72,7747,-5,-3,402,96,37812,136,26,144,0,0,0,0,0,0,0,0,-32308,0,0,0,0,0,137896,0
137954,-598,468,-8476,-81,-15,72,7748,-7,-6,401,96,37812,136,26,144,0,0,0,0,0,0,0,0,-32308,0,0,0,0,0,137897,0
137955,-598,468,-8476,-81,-15,72,7748,3,2,400,112,37812,136,26,144,0,0,0,0,0,0,0,0,-32307,0,0,0,0,0,137898,0
137956,-602,486,-8528,-77,-34,63,7749,9,0,402,96,37812,136,26,144,0,0,0,0,0,0,0,0,-32307,0,0,0,0,0,137899,0
137957,-602,486,-8528,-77,-34,63,7748,5,-3,401,96,37812,136,26,144,0,0,0,0,0,0,0,0,-32307,0,0,0,0,0,137899,0
137958,-602,486,-8528,-77,-34,63,7748,0,0,402,104,37812,136,26,144,0,0,0,0,0,0,0,0,-32307,0,0,0,0,0,137901,0
137959,-602,486,-8528,-77,-34,63,7748,-1,4,401,104,37812,136,26,144,0,0,0,0,0,0,0,0,-32308,0,0,0,0,0,137901,0
137960,-576,506,-8506,-67,-48,66,7748,-2,3,401,104,37812,136,26,144,0,0,0,0,0,0,0,0,-32308,0,0,0,0,0,137903,0
137961,-576,506,-8506,-67,-48,66,7749,3,-3,401,104,37812,136,26,144,0,0,0,0,0,0,0,0,-32308,0,0,0,0,0,137904,0
137962,-576,506,-8506,-67,-48,66,7746,-4,-3,401,96,37812,136,26,144,0,0,0,0,0,0,0,0,-32307,0,0,0,0,0,137905,0
137963,-576,506,-8506,-67,-48,66,7748,-4,-2,400,104,37816,141,26,144,0,0,0,0,0,0,0,0,-32307,0,0,0,0,0,137906,0
137964,-612,488,-8518,-61,-63,61,7749,2,0,399,104,37816,141,26,144,0,0,0,0,0,0,0,0,-32307,0,0,0,0,0,137907,0
137965,-612,488,-8518,-61,-63,61,7747,-3,-2,400,96,37816,141,26,144,0,0,0,0,0,0,0,0,-32307,0,0,0,0,0,137908,0
137966,-612,488,-8518,-61,-63,61,7748,5,2,399,104,37816,141,26,144,0,0,0,0,0,0,0,0,-32308,0,0,0,0,0,137909,0
137968,-626,484,-8546,-52,-72,66,7749,2,2,401,104,37816,141,26,144,0,0,0,0,0,0,0,0,-32307,0,0,0,0,0,137911,0
137969,-626,484,-8546,-52,-72,66,7747,3,-2,401,96,37816,141,26,144,0,0,0,0,0,0,0,0,-32308,0,0,0,0,0,137912,0
137970,-626,484,-8546,-52,-72,66,7748,-3,1,401,96,37816,141,26,144,0,0,0,0,0,0,0,0,-32307,0,0,0,0,0,137913,0
137971,-626,484,-8546,-52,-72,66,7749,3,0,402,104,37816,141,26,144,0,0,0,0,0,0,0,0,-32307,0,0,0,0,0,137914,0
137972,-580,474,-8562,-44,-76,69,7748,0,1,402,96,37816,141,26,144,0,0,0,0,0,0,0,0,-32307,0,0,0,0,0,137915,0
137973,-580,474,-8562,-44,-76,69,7748,3,-3,401,96,37815,141,26,144,0,0,0,0,0,0,0,0,-32307,0,0,0,0,0,137916,0
137974,-580,474,-8562,-44,-76,69,7748,-1,1,402,104,37815,141,26,144,0,0,0,0,0,0,0,0,-32308,0,0,0,0,0,137917,0
137975,-580,474,-8562,-44,-76,69,7748,-4,-1,403,96,37815,141,26,144,0,0,0,0,0,0,0,0,-32307,0,0,0,0,0,137917,0
137976,-558,454,-8568,-32,-66,71,7749,4,7,401,104,37815,141,26,144,0,0,0,0,0,0,0,0,-32308,0,0,0,0,0,137919,0
137977,-558,454,-8568,-32,-66,71,7748,1,-3,400,104,37815,141,26,144,0,0,0,0,0,0,0,0,-32307,0,0,0,0,0,137919,0
137978,-558,454,-8568,-32,-66,71,7747,-1,-3,402,96,37815,141,26,144,0,0,0,0,0,0,0,0,-32307,0,0,0,0,0,137921,0
137979,-558,454,-8568,-32,-66,71,7747,-4,0,400,96,37815,141,26,144,0,0,0,0,0,0,0,0,-32307,0,0,0,0,0,137922,0
137980,-568,496,-8554,-27,-60,74,7749,0,0,399,104,37815,141,26,144,0,0,0,0,0,0,0,0,-32308,0,0,0,0,0,137923,0
137981,-568,496,-8554,-27,-60,74,7747,2,-4,400,96,37815,141,26,144,0,0,0,0,0,0,0,0,-32308,0,0,0,0,0,137924,0
137982,-568,496,-8554,-27,-60,74,7749,6,-1,399,104,37815,141,26,144,0,0,0,0,0,0,0,0,-32307,0,0,0,0,0,137925,0
137983,-568,496,-8554,-27,-60,74,7748,3,3,401,96,37811,135,26,144,0,0,0,0,0,0,0,0,-32307,0,0,0,0,0,137925,0
137984,-540,470,-8542,-19,-45,75,7748,-4,2,400,96,37811,135,26,144,0,0,0,0,0,0,0,0,-32307,0,0,0,0,0,137927,0
137985,-540,470,-8542,-19,-45,75,7748,0,-2,400,96,37811,135,26,144,0,0,0,0,0,0,0,0,-32307,0,0,0,0,0,137928,0
137986,-540,470,-8542,-19,-45,75,7747,-7,0,399,104,37811,135,26,144,0,0,0,0,0,0,0,0,-32307,0,0,0,0,0,137929,0
137987,-540,470,-8542,-19,-45,75,7747,-4,-3,399,96,37811,135,26,144,0,0,0,0,0,0,0,0,-32308,0,0,0,0,0,137929,0
137988,-588,480,-8520,-15,-21,76,7749,2,3,400,96,37811,135,26,144,0,0,0,0,0,0,0,0,-32307,0,0,0,0,0,137931,0
137989,-588,480,-8520,-15,-21,76,7748,1,0,400,104,37811,135,26,144,0,0,0,0,0,0,0,0,-32307,0,0,0,0,0,137932,0
137990,-588,480,-8520,-15,-21,76,7748,1,-5,401,96,37811,135,26,144,0,0,0,0,0,0,0,0,-32307,0,0,0,0,0,137933,0
137991,-588,480,-8520,-15,-21,76,7749,5,2,399,104,37811,135,26,144,0,0,0,0,0,0,0,0,-32307,0,0,0,0,0,137933,0
137992,-584,504,-8518,-22,0,86,7748,0,3,400,112,37811,135,26,144,0,0,0,0,0,0,0,0,-32307,0,0,0,0,0,137935,0
137993,-584,504,-8518,-22,0,86,7747,0,-1,399,104,37810,136,26,144,0,0,0,0,0,0,0,0,-32308,0,0,0,0,0,137936,0
137994,-584,504,-8518,-22,0,86,7749,3,1,401,96,37810,136,26,144,0,0,0,0,0,0,0,0,-32308,0,0,0,0,0,137937,0
137995,-584,504,-8518,-22,0,86,7747,-5,-1,400,112,37810,136,26,144,0,0,0,0,0,0,0,0,-32307,0,0,0,0,0,137938,0
137996,-574,482,-8508,-25,25,85,7748,-1,0,399,96,37810,136,26,144,0,0,0,0,0,0,0,0,-32307,0,0,0,0,0,137939,0
137997,-574,482,-8508,-25,25,85,7748,-1,-3,398,96,37810,136,26,144,0,0,0,0,0,0,0,0,-32307,0,0,0,0,0,137939,0
137998,-574,482,-8508,-25,25,85,7748,-5,-1,400,96,37810,136,26,144,0,0,0,0,0,0,0,0,-32308,0,0,0,0,0,137941,0
137999,-574,482,-8508,-25,25,85,7749,7,5,399,104,37810,136,26,144,0,0,0,0,0,0,0,0,-32307,0,0,0,0,0,137941,0
138000,-598,512,-8484,-30,52,76,7747,-1,2,402,96,37810,136,26,144,0,0,0,0,0,0,0,0,-32307,0,0,0,0,0,137943,0
138001,-598,512,-8484,-30,52,76,7747,-5,-2,400,96,37810,136,26,144,0,0,0,0,0,0,0,0,-32307,0,0,0,0,0,137944,0
138002,-598,512,-8484,-30,52,76,7748,-4,0,400,104,37810,136,26,144,0,0,0,0,0,0,0,0,-32307,0,0,0,0,0,137945,0
138003,-598,512,-8484,-30,52,76,7747,-5,-3,401,96,37810,143,26,144,0,0,0,0,0,0,0,0,-32307,0,0,0,0,0,137946,0
138004,-608,510,-8444,-41,85,86,7749,9,4,403,96,37810,143,26,144,0,0,0,0,0,0,0,0,-32308,0,0,0,0,0,137947,0
138005,-608,510,-8444,-41,85,86,7749,10,0,402,104,37810,143,26,144,0,0,0,0,0,0,0,0,-32307,0,0,0,0,0,137948,0
138006,-608,510,-8444,-41,85,86,7749,10,-1,403,96,37810,143,26,144,0,0,0,0,0,0,0,0,-32308,0,0,0,0,0,137949,0
138008,-598,516,-8468,-49,97,80,7747,-9,0,402,104,37810,143,26,144,0,0,0,0,0,0,0,0,-32307,0,0,0,0,0,137951,0
138009,-598,516,-8468,-49,97,80,7749,-1,1,402,104,37810,143,26,144,0,0,0,0,0,0,0,0,-32307,0,0,0,0,0,137952,0
138010,-598,516,-8468,-49,97,80,7749,2,5,401,96,37810,143,26,144,0,0,0,0,0,0,0,0,-32307,0,0,0,0,0,137953,0
138011,-598,516,-8468,-49,97,80,7749,8,1,402,104,37810,143,26,144,0,0,0,0,0,0,0,0,-32307,0,0,0,0,0,137954,0
138012,-640,484,-8436,-59,109,77,7748,3,-2,402,104,37810,143,26,144,0,0,0,0,0,0,0,0,-32308,0,0,0,0,0,137955,0
138013,-640,484,-8436,-59,109,77,7748,-7,-3,401,96,37810,144,26,144,0,0,0,0,0,0,0,0,-32307,0,0,0,0,0,137956,0
138014,-640,484,-8436,-59,109,77,7749,-2,3,400,104,37810,144,26,144,0,0,0,0,0,0,0,0,-32307,0,0,0,0,0,137957,0
138015,-640,484,-8436,-59,109,77,7748,-1,0,400,96,37810,144,26,144,0,0,0,0,0,0,0,0,-32308,0,0,0,0,0,137957,0
138016,-650,506,-8434,-65,116,67,7749,1,4,401,96,37810,144,26,144,0,0,0,0,0,0,0,0,-32307,0,0,0,0,0,137959,0
138017,-650,506,-8434,-65,116,67,7748,-1,1,400,104,37810,144,26,144,0,0,0,0,0,0,0,0,-32308,0,0,0,0,0,137959,0
138018,-650,506,-8434,-65,116,67,7748,-5,-3,401,104,37810,144,26,144,0,0,0,0,0,0,0,0,-32308,0,0,0,0,0,137961,0
138019,-650,506,-8434,-65,116,67,7748,-3,0,400,96,37810,144,26,144,0,0,0,0,0,0,0,0,-32307,0,0,0,0,0,137962,0
138020,-688,484,-8406,-61,114,62,7749,0,-1,401,96,37810,144,26,144,0,0,0,0,0,0,0,0,-32308,0,0,0,0,0,137963,0
138021,-688,484,-8406,-61,114,62,7749,5,0,402,96,37810,144,26,144,0,0,0,0,0,0,0,0,-32308,0,0,0,0,0,137964,0
138022,-688,484,-8406,-61,114,62,7748,0,5,401,96,37810,144,26,144,0,0,0,0,0,0,0,0,-32307,0,0,0,0,0,137965,0
138023,-688,484,-8406,-61,114,62,7748,-4,-5,399,96,37808,138,26,144,0,0,0,0,0,0,0,0,-32308,0,0,0,0,0,137965,0
138024,-706,496,-8382,-57,95,63,7749,-1,1,401,104,37808,138,26,144,0,0,0,0,0,0,0,0,-32308,0,0,0,0,0,137967,0
138025,-706,496,-8382,-57,95,63,7748,0,-3,400,104,37808,138,26,144,0,0,0,0,0,0,0,0,-32308,0,0,0,0,0,137968,0
138026,-706,496,-8382,-57,95,63,7749,5,1,400,96,37808,138,26,144,0,0,0,0,0,0,0,0,-32308,0,0,0,0,0,137969,0
138027,-706,496,-8382,-57,95,63,7748,1,0,401,104,37808,138,26,144,0,0,0,0,0,0,0,0,-32307,0,0,0,0,0,137969,0
138028,-678,494,-8390,-42,75,58,7748,-4,-5,400,96,37808,138,26,144,0,0,0,0,0,0,0,0,-32308,0,0,0,0,0,137971,0
138029,-678,494,-8390,-42,75,58,7747,-5,-3,399,104,37808,138,26,144,0,0,0,0,0,0,0,0,-32307,0,0,0,0,0,137972,0
138030,-678,494,-8390,-42,75,58,7748,-5,-3,401,104,37808,138,26,144,0,0,0,0,0,0,0,0,-32308,0,0,0,0,0,137973,0
138031,-678,494,-8390,-42,75,58,7751,11,2,402,104,37808,138,26,144,0,0,0,0,0,0,0,0,-32307,0,0,0,0,0,137973,0
138032,-700,508,-8408,-30,41,41,7748,5,1,401,104,37808,138,26,144,0,0,0,0,0,0,0,0,-32308,0,0,0,0,0,137975,0
138033,-700,508,-8408,-30,41,41,7749,6,3,401,96,37808,140,26,144,0,0,0,0,0,0,0,0,-32308,0,0,0,0,0,137976,0
138034,-700,508,-8408,-30,41,41,7749,0,2,400,96,37808,140,26,144,0,0,0,0,0,0,0,0,-32308,0,0,0,0,0,137977,0
138035,-700,508,-8408,-30,41,41,7749,-4,-1,399,96,37808,140,26,144,0,0,0,0,0,0,0,0,-32307,0,0,0,0,0,137978,0
138036,-698,514,-8402,-16,11,34,7750,8,3,399,96,37808,140,26,144,0,0,0,0,0,0,0,0,-32308,0,0,0,0,0,137979,0
138037,-698,514,-8402,-16,11,34,7750,6,5,401,96,37808,140,26,144,0,0,0,0,0,0,0,0,-32307,0,0,0,0,0,137979,0
138038,-698,514,-8402,-16,11,34,7748,0,-3,399,104,37808,140,26,144,0,0,0,0,0,0,0,0,-32308,0,0,0,0,0,137981,0
138039,-698,514,-8402,-16,11,34,7749,-4,4,397,104,37808,140,26,144,0,0,0,0,0,0,0,0,-32307,0,0,0,0,0,137981,0
138040,-676,508,-8420,-1,-15,33,7749,-5,-1,399,96,37808,140,26,144,0,0,0,0,0,0,0,0,-32308,0,0,0,0,0,137983,0
138041,-676,508,-8420,-1,-15,33,7750,2,2,398,96,37808,140,26,144,0,0,0,0,0,0,0,0,-32307,0,0,0,0,0,137984,0
138042,-676,508,-8420,-1,-15,33,7747,0,-2,398,104,37808,140,26,144,0,0,0,0,0,0,0,0,-32307,0,0,0,0,0,137985,0
138043,-676,508,-8420,-1,-15,33,7748,-6,0,399,104,37810,139,26,144,0,0,0,0,0,0,0,0,-32307,0,0,0,0,0,137986,0
138044,-652,492,-8424,6,-41,27,7747,-10,-2,398,96,37810,139,26,144,0,0,0,0,0,0,0,0,-32307,0,0,0,0,0,137987,0
138045,-652,492,-8424,6,-41,27,7749,-4,-5,399,96,37810,139,26,144,0,0,0,0,0,0,0,0,-32307,0,0,0,0,0,137988,0
138046,-652,492,-8424,6,-41,27,7748,4,-1,398,104,37810,139,26,144,0,0,0,0,0,0,0,0,-32307,0,0,0,0,0,137989,0
138047,-652,492,-8424,6,-41,27,7749,6,-2,399,96,37810,139,26,144,0,0,0,0,0,0,0,0,-32307,0,0,0,0,0,137990,0
138048,-620,514,-8438,10,-64,22,7749,6,0,400,104,37810,139,26,144,0,0,0,0,0,0,0,0,-32307,0,0,0,0,0,137991,0
138049,-620,514,-8438,10,-64,22,7748,0,1,399,104,37810,139,26,144,0,0,0,0,0,0,0,0,-32307,0,0,0,0,0,137992,0
138050,-620,514,-8438,10,-64,22,7748,-3,-3,399,96,37810,139,26,144,0,0,0,0,0,0,0,0,-32307,0,0,0,0,0,137993,0
138051,-620,514,-8438,10,-64,22,7749,-1,-1,401,104,37810,139,26,144,0,0,0,0,0,0,0,0,-32308,0,0,0,0,0,137994,0
138052,-604,498,-8456,16,-73,15,7748,0,-2,401,104,37810,139,26,144,0,0,0,0,0,0,0,0,-32307,0,0,0,0,0,137995,0
138053,-604,498,-8456,16,-73,15,7749,1,0,400,96,37813,143,26,144,0,0,0,0,0,0,0,0,-32307,0,0,0,0,0,137996,0
138054,-604,498,-8456,16,-73,15,7749,5,0,402,96,37813,143,26,144,0,0,0,0,0,0,0,0,-32307,0,0,0,0,0,137997,0
138055,-604,498,-8456,16,-73,15,7749,0,-4,401,104,37813,143,26,144,0,0,0,0,0,0,0,0,-32308,0,0,0,0,0,137997,0
138056,-580,524,-8472,9,-78,14,7747,-3,-1,400,104,37813,143,26,144,0,0,0,0,0,0,0,0,-32307,0,0,0,0,0,137999,0
138057,-580,524,-8472,9,-78,14,7749,-2,-2,401,96,37813,143,26,144,0,0,0,0,0,0,0,0,-32307,0,0,0,0,0,138000,0
138058,-580,524,-8472,9,-78,14,7748,-4,-1,401,104,37813,143,26,144,0,0,0,0,0,0,0,0,-32308,0,0,0,0,0,138001,0
138059,-580,524,-8472,9,-78,14,7748,0,4,401,104,37813,143,26,144,0,0,0,0,0,0,0,0,-32308,0,0,0,0,0,138002,0
138060,-546,516,-8474,4,-69,24,7749,5,0,399,96,37813,143,26,144,0,0,0,0,0,0,0,0,-32307,0,0,0,0,0,138003,0
138061,-546,516,-8474,4,-69,24,7748,-1,-2,401,104,37813,143,26,144,0,0,0,0,0,0,0,0,-32307,0,0,0,0,0,138004,0
138062,-546,516,-8474,4,-69,24,7751,13,3,401,96,37813,143,26,144,0,0,0,0,0,0,0,0,-32307,0,0,0,0,0,138005,0
138063,-546,516,-8474,4,-69,24,7747,2,2,400,96,37814,147,26,144,0,0,0,0,0,0,0,0,-32307,0,0,0,0,0,138005,0
138064,-544,550,-8510,-11,-51,31,7748,-3,3,400,96,37814,147,26,144,0,0,0,0,0,0,0,0,-32307,0,0,0,0,0,138007,0
138065,-544,550,-8510,-11,-51,31,7749,-2,5,401,104,37814,147,26,144,0,0,0,0,0,0,0,0,-32307,0,0,0,0,0,138008,0
138066,-544,550,-8510,-11,-51,31,7749,-5,1,402,96,37814,147,26,144,0,0,0,0,0,0,0,0,-32308,0,0,0,0,0,138009,0
138067,-544,550,-8510,-11,-51,31,7748,4,-1,401,104,37814,147,26,144,0,0,0,0,0,0,0,0,-32307,0,0,0,0,0,138010,0
138068,-504,556,-8506,-22,-30,38,7748,-3,-1,403,104,37814,147,26,144,0,0,0,0,0,0,0,0,-32307,0,0,0,0,0,138011,0
138069,-504,556,-8506,-22,-30,38,7748,-9,-2,402,96,37814,147,26,144,0,0,0,0,0,0,0,0,-32307,0,0,0,0,0,138012,0
138070,-504,556,-8506,-22,-30,38,7749,-2,3,400,96,37814,147,26,144,0,0,0,0,0,0,0,0,-32307,0,0,0,0,0,138013,0
138071,-504,556,-8506,-22,-30,38,7749,4,0,401,104,37814,147,26,144,0,0,0,0,0,0,0,0,-32308,0,0,0,0,0,138014,0
138072,-524,526,-8514,-27,-7,43,7749,8,-2,403,96,37814,147,26,144,0,0,0,0,0,0,0,0,-32307,0,0,0,0,0,138015,0
138073,-524,526,-8514,-27,-7,43,7748,4,1,401,96,37819,152,26,144,0,0,0,0,0,0,0,0,-32308,0,0,0,0,0,138016,0
138074,-524,526,-8514,-27,-7,43,7749,0,-1,401,104,37819,152,26,144,0,0,0,0,0,0,0,0,-32307,0,0,0,0,0,138017,0
138075,-524,526,-8514,-27,-7,43,7749,0,3,401,96,37819,152,26,144,0,0,0,0,0,0,0,0,-32307,0,0,0,0,0,138018,0
138076,-478,522,-8498,-42,24,55,7748,-6,-5,402,104,37819,152,26,144,0,0,0,0,0,0,0,0,-32307,0,0,0,0,0,138019,0
138077,-478,522,-8498,-42,24,55,7750,1,6,402,104,37819,152,26,144,0,0,0,0,0,0,0,0,-32307,0,0,0,0,0,138020,0
138078,-478,522,-8498,-42,24,55,7748,-1,-2,401,104,37819,152,26,144,0,0,0,0,0,0,0,0,-32307,0,0,0,0,0,138021,0
138079,-478,522,-8498,-42,24,55,7749,3,1,401,104,37819,152,26,144,0,0,0,0,0,0,0,0,-32307,0,0,0,0,0,138022,0
138080,-498,524,-8488,-44,60,65,7749,2,0,400,104,37819,152,26,144,0,0,0,0,0,0,0,0,-32307,0,0,0,0,0,138023,0
138081,-498,524,-8488,-44,60,65,7748,-6,0,399,96,37819,152,26,144,0,0,0,0,0,0,0,0,-32307,0,0,0,0,0,138024,0
138082,-498,524,-8488,-44,60,65,7748,-1,1,399,104,37819,152,26,144,0,0,0,0,0,0,0,0,-32308,0,0,0,0,0,138025,0
138083,-498,524,-8488,-44,60,65,7748,-2,-1,400,96,37819,159,26,144,0,0,0,0,0,0,0,0,-32307,0,0,0,0,0,138026,0
138084,-516,502,-8490,-55,95,82,7747,-4,-7,398,96,37819,159,26,144,0,0,0,0,0,0,0,0,-32308,0,0,0,0,0,138027,0
138085,-516,502,-8490,-55,95,82,7749,2,2,397,104,37819,159,26,144,0,0,0,0,0,0,0,0,-32307,0,0,0,0,0,138028,0
138086,-516,502,-8490,-55,95,82,7748,0,-4,398,104,37819,159,26,144,0,0,0,0,0,0,0,0,-32308,0,0,0,0,0,138029,0
138087,-516,502,-8490,-55,95,82,7749,3,0,399,104,37819,159,26,144,0,0,0,0,0,0,0,0,-32307,0,0,0,0,0,138030,0
138088,-532,554,-8452,-59,116,86,7749,7,2,400,104,37819,159,26,144,0,0,0,0,0,0,0,0,-32307,0,0,0,0,0,138031,0
138089,-532,554,-8452,-59,116,86,7747,-4,-4,399,104,37819,159,26,144,0,0,0,0,0,0,0,0,-32307,0,0,0,0,0,138032,0
138090,-532,554,-8452,-59,116,86,7750,4,11,398,104,37819,159,26,144,0,0,0,0,0,0,0,0,-32307,0,0,0,0,0,138033,0
138091,-532,554,-8452,-59,116,86,7748,-3,-6,398,96,37819,159,26,144,0,0,0,0,0,0,0,0,-32307,0,0,0,0,0,138034,0
138092,-540,520,-8444,-61,136,100,7749,0,0,400,104,37819,159,26,144,0,0,0,0,0,0,0,0,-32307,0,0,0,0,0,138035,0
138093,-540,520,-8444,-61,136,100,7748,1,-1,401,104,37820,156,26,144,0,0,0,0,0,0,0,0,-32308,0,0,0,0,0,138036,0
138094,-540,520,-8444,-61,136,100,7748,-6,-1,400,96,37820,156,26,144,0,0,0,0,0,0,0,0,-32308,0,0,0,0,0,138037,0
138095,-540,520,-8444,-61,136,100,7748,-1,-2,401,96,37820,156,26,144,0,0,0,0,0,0,0,0,-32307,0,0,0,0,0,138038,0
138096,-544,506,-8416,-79,144,96,7748,-6,0,401,96,37820,156,26,144,0,0,0,0,0,0,0,0,-32308,0,0,0,0,0,138039,0
138097,-544,506,-8416,-79,144,96,7749,0,0,399,96,37820,156,26,144,0,0,0,0,0,0,0,0,-32308,0,0,0,0,0,138040,0
138098,-544,506,-8416,-79,144,96,7750,8,6,401,104,37820,156,26,144,0,0,0,0,0,0,0,0,-32307,0,0,0,0,0,138041,0
138099,-544,506,-8416,-79,144,96,7748,3,-1,401,104,37820,156,26,144,0,0,0,0,0,0,0,0,-32307,0,0,0,0,0,138042,0
138100,-564,510,-8410,-76,147,93,7749,1,3,401,96,37820,156,26,144,0,0,0,0,0,0,0,0,-32308,0,0,0,0,0,138043,0
138101,-564,510,-8410,-76,147,93,7749,0,-1,401,96,37820,156,26,144,0,0,0,0,0,0,0,0,-32307,0,0,0,0,0,138044,0
138102,-564,510,-8410,-76,147,93,7747,-7,-2,400,104,37820,156,26,144,0,0,0,0,0,0,0,0,-32307,0,0,0,0,0,138046,0
138103,-564,510,-8410,-76,147,93,7749,2,6,400,96,37812,140,26,144,0,0,0,0,0,0,0,0,-32307,0,0,0,0,0,138046,0
138104,-596,504,-8376,-84,145,93,7749,1,-3,401,96,37812,140,26,144,0,0,0,0,0,0,0,0,-32307,0,0,0,0,0,138047,0
138105,-596,504,-8376,-84,145,93,7749,2,5,401,104,37812,140,26,144,0,0,0,0,0,0,0,0,-32308,0,0,0,0,0,138048,0
138106,-596,504,-8376,-84,145,93,7749,8,-1,402,96,37812,140,26,144,0,0,0,0,0,0,0,0,-32307,0,0,0,0,0,138049,0
138107,-596,504,-8376,-84,145,93,7748,-4,1,402,104,37812,140,26,144,0,0,0,0,0,0,0,0,-32308,0,0,0,0,0,138050,0
138108,-624,550,-8346,-82,137,100,7749,-5,2,401,104,37812,140,26,144,0,0,0,0,0,0,0,0,-32307,0,0,0,0,0,138051,0
138109,-624,550,-8346,-82,137,100,7748,-4,0,402,96,37812,140,26,144,0,0,0,0,0,0,0,0,-32308,0,0,0,0,0,138052,0
138110,-624,550,-8346,-82,137,100,7749,0,2,402,96,37812,140,26,144,0,0,0,0,0,0,0,0,-32307,0,0,0,0,0,138054,0
138111,-624,550,-8346,-82,137,100,7750,9,-1,401,104,37812,140,26,144,0,0,0,0,0,0,0,0,-32307,0,0,0,0,0,138054,0
138112,-644,510,-8350,-83,111,90,7750,8,-3,401,104,37812,140,26,144,0,0,0,0,0,0,0,0,-32308,0,0,0,0,0,138055,0
138113,-644,510,-8350,-83,111,90,7750,9,4,402,96,37810,136,26,144,0,0,0,0,0,0,0,0,-32308,0,0,0,0,0,138056,0
138114,-644,510,-8350,-83,111,90,7749,-1,0,401,104,37810,136,26,144,0,0,0,0,0,0,0,0,-32308,0,0,0,0,0,138057,0
138115,-644,510,-8350,-83,111,90,7749,-3,1,401,104,37810,136,26,144,0,0,0,0,0,0,0,0,-32307,0,0,0,0,0,138058,0
138116,-650,490,-8348,-83,82,82,7749,-2,6,402,96,37810,136,26,144,0,0,0,0,0,0,0,0,-32307,0,0,0,0,0,138059,0
138117,-650,490,-8348,-83,82,82,7749,-1,-3,401,104,37810,136,26,144,0,0,0,0,0,0,0,0,-32307,0,0,0,0,0,138061,0
138118,-650,490,-8348,-83,82,82,7749,3,1,401,104,37810,136,26,144,0,0,0,0,0,0,0,0,-32308,0,0,0,0,0,138061,0
138119,-650,490,-8348,-83,82,82,7750,4,-2,401,96,37810,136,26,144,0,0,0,0,0,0,0,0,-32307,0,0,0,0,0,138063,0
138120,-662,524,-8358,-75,41,81,7749,0,0,400,96,37810,136,26,144,0,0,0,0,0,0,0,0,-32307,0,0,0,0,0,138064,0
138121,-662,524,-8358,-75,41,81,7749,-1,0,398,96,37810,136,26,144,0,0,0,0,0,0,0,0,-32308,0,0,0,0,0,138065,0
138122,-662,524,-8358,-75,41,81,7749,-5,-2,399,96,37810,136,26,144,0,0,0,0,0,0,0,0,-32308,0,0,0,0,0,138066,0
138123,-662,524,-8358,-75,41,81,7750,-4,4,399,104,37811,131,26,144,0,0,0,0,0,0,0,0,-32308,0,0,0,0,0,138067,0
138124,-620,504,-8360,-68,7,64,7748,-3,-4,398,104,37811,131,26,144,0,0,0,0,0,0,0,0,-32307,0,0,0,0,0,138068,0
138125,-620,504,-8360,-68,7,64,7749,-3,-2,400,96,37811,131,26,144,0,0,0,0,0,0,0,0,-32308,0,0,0,0,0,138069,0
138126,-620,504,-8360,-68,7,64,7749,-1,-1,400,96,37811,131,26,144,0,0,0,0,0,0,0,0,-32308,0,0,0,0,0,138070,0
138127,-620,504,-8360,-68,7,64,7748,-3,-6,398,104,37811,131,26,144,0,0,0,0,0,0,0,0,-32307,0,0,0,0,0,138070,0
138128,-658,526,-8384,-62,-39,57,7750,5,3,400,104,37811,131,26,144,0,0,0,0,0,0,0,0,-32307,0,0,0,0,0,138071,0
138129,-658,526,-8384,-62,-39,57,7749,3,0,400,96,37811,131,26,144,0,0,0,0,0,0,0,0,-32307,0,0,0,0,0,138073,0
138130,-658,526,-8384,-62,-39,57,7749,2,-4,400,104,37811,131,26,144,0,0,0,0,0,0,0,0,-32307,0,0,0,0,0,138074,0
138131,-658,526,-8384,-62,-39,57,7750,4,3,401,96,37811,131,26,144,0,0,0,0,0,0,0,0,-32307,0,0,0,0,0,138075,0
138132,-650,530,-8406,-54,-73,48,7749,-1,-1,402,96,37811,131,26,144,0,0,0,0,0,0,0,0,-32308,0,0,0,0,0,138076,0
138133,-650,530,-8406,-54,-73,48,7750,2,-1,402,96,37811,141,26,144,0,0,0,0,0,0,0,0,-32307,0,0,0,0,0,138077,0
138134,-650,530,-8406,-54,-73,48,7749,2,0,402,96,37811,141,26,144,0,0,0,0,0,0,0,0,-32307,0,0,0,0,0,138078,0
138135,-650,530,-8406,-54,-73,48,7749,-1,-3,401,104,37811,141,26,144,0,0,0,0,0,0,0,0,-32307,0,0,0,0,0,138078,0
138136,-626,522,-8434,-51,-108,45,7749,0,0,400,104,37811,141,26,144,0,0,0,0,0,0,0,0,-32308,0,0,0,0,0,138080,0
138137,-626,522,-8434,-51,-108,45,7749,-2,-4,401,104,37811,141,26,144,0,0,0,0,0,0,0,0,-32307,0,0,0,0,0,138081,0
138138,-626,522,-8434,-51,-108,45,7748,-3,-1,400,96,37811,141,26,144,0,0,0,0,0,0,0,0,-32308,0,0,0,0,0,138081,0
138139,-626,522,-8434,-51,-108,45,7749,0,2,399,96,37811,141,26,144,0,0,0,0,0,0,0,0,-32307,0,0,0,0,0,138083,0
138140,-642,500,-8462,-41,-130,38,7749,0,0,400,96,37811,141,26,144,0,0,0,0,0,0,0,0,-32307,0,0,0,0,0,138084,0
138141,-642,500,-8462,-41,-130,38,7749,1,4,399,104,37811,141,26,144,0,0,0,0,0,0,0,0,-32307,0,0,0,0,0,138085,0
138142,-642,500,-8462,-41,-130,38,7749,1,-2,399,104,37811,141,26,144,0,0,0,0,0,0,0,0,-32307,0,0,0,0,0,138086,0
138143,-642,500,-8462,-41,-130,38,7750,2,2,401,104,37811,146,26,144,0,0,0,0,0,0,0,0,-32307,0,0,0,0,0,138086,0
138144,-574,512,-8502,-28,-147,38,7749,0,-1,401,104,37811,146,26,144,0,0,0,0,0,0,0,0,-32307,0,0,0,0,0,138088,0
138145,-574,512,-8502,-28,-147,38,7750,3,2,401,96,37811,146,26,144,0,0,0,0,0,0,0,0,-32307,0,0,0,0,0,138089,0
138146,-574,512,-8502,-28,-147,38,7749,1,0,401,104,37811,146,26,144,0,0,0,0,0,0,0,0,-32308,0,0,0,0,0,138090,0
138147,-574,512,-8502,-28,-147,38,7750,0,2,401,96,37811,146,26,144,0,0,0,0,0,0,0,0,-32307,0,0,0,0,0,138091,0
138148,-548,520,-8520,-23,-155,33,7749,0,1,400,96,37811,146,26,144,0,0,0,0,0,0,0,0,-32307,0,0,0,0,0,138091,0
138149,-548,520,-8520,-23,-155,33,7749,-7,-1,401,96,37811,146,26,144,0,0,0,0,0,0,0,0,-32307,0,0,0,0,0,138093,0
138150,-548,520,-8520,-23,-155,33,7749,-3,-1,400,96,37811,146,26,144,0,0,0,0,0,0,0,0,-32307,0,0,0,0,0,138094,0
138151,-548,520,-8520,-23,-155,33,7748,-8,0,400,104,37811,146,26,144,0,0,0,0,0,0,0,0,-32308,0,0,0,0,0,138094,0
138152,-538,528,-8560,-10,-156,29,7749,1,-2,401,104,37811,146,26,144,0,0,0,0,0,0,0,0,-32307,0,0,0,0,0,138096,0
138153,-538,528,-8560,-10,-156,29,7749,2,0,401,96,37813,149,26,144,0,0,0,0,0,0,0,0,-32307,0,0,0,0,0,138097,0
138154,-538,528,-8560,-10,-156,29,7748,-2,-4,401,104,37813,149,26,144,0,0,0,0,0,0,0,0,-32308,0,0,0,0,0,138098,0
138155,-538,528,-8560,-10,-156,29,7748,0,-4,401,104,37813,149,26,144,0,0,0,0,0,0,0,0,-32307,0,0,0,0,0,138099,0
138156,-566,530,-8606,-2,-145,37,7749,-4,2,401,96,37813,149,26,144,0,0,0,0,0,0,0,0,-32307,0,0,0,0,0,138100,0
138157,-566,530,-8606,-2,-145,37,7749,1,-2,403,96,37813,149,26,144,0,0,0,0,0,0,0,0,-32307,0,0,0,0,0,138101,0
138158,-566,530,-8606,-2,-145,37,7748,3,-1,401,104,37813,149,26,144,0,0,0,0,0,0,0,0,-32307,0,0,0,0,0,138101,0
138159,-566,530,-8606,-2,-145,37,7749,0,1,401,96,37813,149,26,144,0,0,0,0,0,0,0,0,-32307,0,0,0,0,0,138103,0
138160,-540,526,-8610,2,-133,38,7748,-2,-2,402,96,37813,149,26,144,0,0,0,0,0,0,0,0,-32307,0,0,0,0,0,138104,0
138161,-540,526,-8610,2,-133,38,7749,-1,1,401,104,37813,149,26,144,0,0,0,0,0,0,0,0,-32307,0,0,0,0,0,138105,0
138162,-540,526,-8610,2,-133,38,7750,7,3,401,96,37813,149,26,144,0,0,0,0,0,0,0,0,-32308,0,0,0,0,0,138106,0
138163,-540,526,-8610,2,-133,38,7749,4,0,401,96,37813,156,26,144,0,0,0,0,0,0,0,0,-32307,0,0,0,0,0,138107,0
138164,-514,518,-8624,3,-105,49,7750,6,1,401,104,37813,156,26,144,0,0,0,0,0,0,0,0,-32307,0,0,0,0,0,138108,0
138165,-514,518,-8624,3,-105,49,7750,4,5,400,96,37813,156,26,144,0,0,0,0,0,0,0,0,-32308,0,0,0,0,0,138109,0
138166,-514,518,-8624,3,-105,49,7748,-5,-5,400,96,37813,156,26,144,0,0,0,0,0,0,0,0,-32308,0,0,0,0,0,138110,0
138167,-514,518,-8624,3,-105,49,7748,-5,-1,398,104,37813,156,26,144,0,0,0,0,0,0,0,0,-32308,0,0,0,0,0,138110,0
138168,-534,524,-8636,-3,-71,61,7749,-6,1,400,104,37813,156,26,144,0,0,0,0,0,0,0,0,-32307,0,0,0,0,0,138112,0
138169,-534,524,-8636,-3,-71,61,7749,-2,1,399,104,37813,156,26,144,0,0,0,0,0,0,0,0,-32308,0,0,0,0,0,138113,0
138170,-534,524,-8636,-3,-71,61,7750,9,2,399,104,37813,156,26,144,0,0,0,0,0,0,0,0,-32307,0,0,0,0,0,138114,0
138171,-534,524,-8636,-3,-71,61,7748,0,-1,400,104,37813,156,26,144,0,0,0,0,0,0,0,0,-32307,0,0,0,0,0,138115,0
138172,-530,488,-8606,-3,-32,62,7750,0,4,398,104,37813,156,26,144,0,0,0,0,0,0,0,0,-32308,0,0,0,0,0,138116,0
138173,-530,488,-8606,-3,-32,62,7750,3,5,399,104,37817,148,26,144,0,0,0,0,0,0,0,0,-32308,0,0,0,0,0,138117,0
138174,-530,488,-8606,-3,-32,62,7749,-2,3,400,96,37817,148,26,144,0,0,0,0,0,0,0,0,-32308,0,0,0,0,0,138118,0
138175,-530,488,-8606,-3,-32,62,7749,2,3,401,96,37817,148,26,144,0,0,0,0,0,0,0,0,-32307,0,0,0,0,0,138118,0
138176,-538,520,-8596,-2,13,69,7749,-5,-1,400,104,37817,148,26,144,0,0,0,0,0,0,0,0,-32307,0,0,0,0,0,138120,0
138177,-538,520,-8596,-2,13,69,7750,0,1,400,96,37817,148,26,144,0,0,0,0,0,0,0,0,-32308,0,0,0,0,0,138121,0
138178,-538,520,-8596,-2,13,69,7749,4,-1,400,104,37817,148,26,144,0,0,0,0,0,0,0,0,-32308,0,0,0,0,0,138122,0
138179,-538,520,-8596,-2,13,69,7748,-1,-6,401,104,37817,148,26,144,0,0,0,0,0,0,0,0,-32307,0,0,0,0,0,138122,0
138180,-542,534,-8566,-12,61,78,7749,-2,1,400,96,37817,148,26,144,0,0,0,0,0,0,0,0,-32308,0,0,0,0,0,138124,0
138181,-542,534,-8566,-12,61,78,7749,-2,3,400,96,37817,148,26,144,0,0,0,0,0,0,0,0,-32307,0,0,0,0,0,138125,0
138182,-542,534,-8566,-12,61,78,7749,0,-2,399,96,37817,148,26,144,0,0,0,0,0,0,0,0,-32308,0,0,0,0,0,138126,0
138183,-542,534,-8566,-12,61,78,7748,0,-5,400,96,37816,160,26,144,0,0,0,0,0,0,0,0,-32307,0,0,0,0,0,138126,0
138184,-568,518,-8514,-30,104,85,7750,2,-1,400,96,37816,160,26,144,0,0,0,0,0,0,0,0,-32307,0,0,0,0,0,138128,0
138185,-568,518,-8514,-30,104,85,7750,4,3,399,96,37816,160,26,144,0,0,0,0,0,0,0,0,-32307,0,0,0,0,0,138129,0
138186,-568,518,-8514,-30,104,85,7749,5,-4,399,104,37816,160,26,144,0,0,0,0,0,0,0,0,-32307,0,0,0,0,0,138130,0
138187,-568,518,-8514,-30,104,85,7749,1,-1,399,96,37816,160,26,144,0,0,0,0,0,0,0,0,-32307,0,0,0,0,0,138131,0
138188,-564,532,-8508,-42,146,87,7748,-8,-3,398,96,37816,160,26,144,0,0,0,0,0,0,0,0,-32307,0,0,0,0,0,138132,0
138189,-564,532,-8508,-42,146,87,7748,-8,-2,400,104,37816,160,26,144,0,0,0,0,0,0,0,0,-32307,0,0,0,0,0,138132,0
138190,-564,532,-8508,-42,146,87,7750,2,5,399,96,37816,160,26,144,0,0,0,0,0,0,0,0,-32308,0,0,0,0,0,138134,0
138191,-564,532,-8508,-42,146,87,7749,5,-4,398,96,37816,160,26,144,0,0,0,0,0,0,0,0,-32308,0,0,0,0,0,138134,0
138192,-568,516,-8484,-55,182,96,7750,8,4,399,104,37816,160,26,144,0,0,0,0,0,0,0,0,-32307,0,0,0,0,0,138136,0
138193,-568,516,-8484,-55,182,96,7750,5,5,398,104,37817,159,26,144,0,0,0,0,0,0,0,0,-32307,0,0,0,0,0,138137,0
138194,-568,516,-8484,-55,182,96,7748,-9,-5,398,96,37817,159,26,144,0,0,0,0,0,0,0,0,-32307,0,0,0,0,0,138138,0
138195,-568,516,-8484,-55,182,96,7749,-5,-1,399,104,37817,159,26,144,0,0,0,0,0,0,0,0,-32308,0,0,0,0,0,138139,0
138196,-612,510,-8416,-63,202,98,7749,-5,1,400,96,37817,159,26,144,0,0,0,0,0,0,0,0,-32308,0,0,0,0,0,138140,0
138197,-612,510,-8416,-63,202,98,7749,-2,1,400,96,37817,159,26,144,0,0,0,0,0,0,0,0,-32307,0,0,0,0,0,138141,0
138198,-612,510,-8416,-63,202,98,7748,1,-3,400,96,37817,159,26,144,0,0,0,0,0,0,0,0,-32308,0,0,0,0,0,138142,0
138200,-642,530,-8372,-74,216,97,7749,1,2,401,96,37817,159,26,144,0,0,0,0,0,0,0,0,-32308,0,0,0,0,0,138144,0
138201,-642,530,-8372,-74,216,97,7750,5,5,402,104,37817,159,26,144,0,0,0,0,0,0,0,0,-32308,0,0,0,0,0,138145,0
138202,-642,530,-8372,-74,216,97,7750,9,4,402,104,37817,159,26,144,0,0,0,0,0,0,0,0,-32307,0,0,0,0,0,138146,0
138203,-642,530,-8372,-74,216,97,7749,0,2,402,96,37813,154,26,144,0,0,0,0,0,0,0,0,-32308,0,0,0,0,0,138147,0
138204,-666,542,-8370,-72,207,91,7749,-2,-1,400,104,37813,154,26,144,0,0,0,0,0,0,0,0,-32308,0,0,0,0,0,138148,0
138205,-666,542,-8370,-72,207,91,7750,-2,4,401,104,37813,154,26,144,0,0,0,0,0,0,0,0,-32308,0,0,0,0,0,138149,0
138206,-666,542,-8370,-72,207,91,7750,2,-1,402,96,37813,154,26,144,0,0,0,0,0,0,0,0,-32307,0,0,0,0,0,138150,0
138207,-666,542,-8370,-72,207,91,7750,7,-2,403,104,37813,154,26,144,0,0,0,0,0,0,0,0,-32307,0,0,0,0,0,138150,0
138208,-714,534,-8374,-67,190,89,7750,3,3,402,104,37813,154,26,144,0,0,0,0,0,0,0,0,-32307,0,0,0,0,0,138152,0
138209,-714,534,-8374,-67,190,89,7750,-1,2,402,96,37813,154,26,144,0,0,0,0,0,0,0,0,-32307,0,0,0,0,0,138152,0
138210,-714,534,-8374,-67,190,89,7750,-1,3,402,104,37813,154,26,144,0,0,0,0,0,0,0,0,-32307,0,0,0,0,0,138154,0
138211,-714,534,-8374,-67,190,89,7749,-3,-3,401,104,37813,154,26,144,0,0,0,0,0,0,0,0,-32307,0,0,0,0,0,138155,0
138212,-744,528,-8376,-65,159,79,7750,0,5,402,104,37813,154,26,144,0,0,0,0,0,0,0,0,-32307,0,0,0,0,0,138156,0
138213,-744,528,-8376,-65,159,79,7749,-1,0,402,104,37811,143,26,144,0,0,0,0,0,0,0,0,-32307,0,0,0,0,0,138157,0
138214,-744,528,-8376,-65,159,79,7750,0,0,401,104,37811,143,26,144,0,0,0,0,0,0,0,0,-32307,0,0,0,0,0,138158,0
138215,-744,528,-8376,-65,159,79,7749,0,-2,402,96,37811,143,26,144,0,0,0,0,0,0,0,0,-32307,0,0,0,0,0,138158,0
138216,-762,516,-8378,-61,113,63,7751,3,-1,401,96,37811,143,26,144,0,0,0,0,0,0,0,0,-32307,0,0,0,0,0,138160,0
138217,-762,516,-8378,-61,113,63,7749,1,-3,400,96,37811,143,26,144,0,0,0,0,0,0,0,0,-32307,0,0,0,0,0,138161,0
138218,-762,516,-8378,-61,113,63,7750,1,4,401,104,37811,143,26,144,0,0,0,0,0,0,0,0,-32308,0,0,0,0,0,138162,0
138219,-762,516,-8378,-61,113,63,7750,2,0,401,96,37811,143,26,144,0,0,0,0,0,0,0,0,-32307,0,0,0,0,0,138162,0
138220,-718,474,-8378,-45,60,57,7749,-6,0,401,96,37811,143,26,144,0,0,0,0,0,0,0,0,-32307,0,0,0,0,0,138164,0
138221,-718,474,-8378,-45,60,57,7750,0,1,402,104,37811,143,26,144,0,0,0,0,0,0,0,0,-32308,0,0,0,0,0,138165,0
138222,-718,474,-8378,-45,60,57,7749,-4,-5,400,96,37811,143,26,144,0,0,0,0,0,0,0,0,-32307,0,0,0,0,0,138166,0
138223,-718,474,-8378,-45,60,57,7750,1,-3,399,104,37811,136,26,144,0,0,0,0,0,0,0,0,-32307,0,0,0,0,0,138166,0
138224,-672,478,-8416,-30,20,55,7749,4,-2,400,104,37811,136,26,144,0,0,0,0,0,0,0,0,-32307,0,0,0,0,0,138168,0
138225,-672,478,-8416,-30,20,55,7749,-3,-1,401,104,37811,136,26,144,0,0,0,0,0,0,0,0,-32307,0,0,0,0,0,138169,0
138226,-672,478,-8416,-30,20,55,7749,-3,-6,400,96,37811,136,26,144,0,0,0,0,0,0,0,0,-32307,0,0,0,0,0,138170,0
138227,-672,478,-8416,-30,20,55,7750,-1,1,399,104,37811,136,26,144,0,0,0,0,0,0,0,0,-32307,0,0,0,0,0,138171,0
138228,-694,454,-8410,-17,-16,43,7749,0,-4,399,104,37811,136,26,144,0,0,0,0,0,0,0,0,-32307,0,0,0,0,0,138172,0
138229,-694,454,-8410,-17,-16,43,7749,0,1,400,96,37811,136,26,144,0,0,0,0,0,0,0,0,-32307,0,0,0,0,0,138172,0
138230,-694,454,-8410,-17,-16,43,7749,0,-4,400,104,37811,136,26,144,0,0,0,0,0,0,0,0,-32307,0,0,0,0,0,138174,0
138231,-694,454,-8410,-17,-16,43,7750,1,1,402,104,37811,136,26,144,0,0,0,0,0,0,0,0,-32307,0,0,0,0,0,138174,0
138232,-652,418,-8404,-1,-42,25,7749,2,-2,401,96,37811,136,26,144,0,0,0,0,0,0,0,0,-32307,0,0,0,0,0,138176,0
138233,-652,418,-8404,-1,-42,25,7748,-5,-3,401,104,37809,137,26,144,0,0,0,0,0,0,0,0,-32307,0,0,0,0,0,138177,0
138234,-652,418,-8404,-1,-42,25,7749,-6,1,401,96,37809,137,26,144,0,0,0,0,0,0,0,0,-32308,0,0,0,0,0,138178,0
138235,-652,418,-8404,-1,-42,25,7750,2,1,400,104,37809,137,26,144,0,0,0,0,0,0,0,0,-32308,0,0,0,0,0,138179,0
138236,-628,462,-8414,9,-62,22,7750,9,4,401,104,37809,137,26,144,0,0,0,0,0,0,0,0,-32308,0,0,0,0,0,138180,0
138237,-628,462,-8414,9,-62,22,7749,6,-2,400,96,37809,137,26,144,0,0,0,0,0,0,0,0,-32308,0,0,0,0,0,138181,0
138238,-628,462,-8414,9,-62,22,7749,-1,1,401,104,37809,137,26,144,0,0,0,0,0,0,0,0,-32307,0,0,0,0,0,138182,0
138240,-648,442,-8454,23,-72,17,7750,2,4,398,96,37809,137,26,144,0,0,0,0,0,0,0,0,-32308,0,0,0,0,0,138184,0
138241,-648,442,-8454,23,-72,17,7750,4,0,398,104,37809,137,26,144,0,0,0,0,0,0,0,0,-32308,0,0,0,0,0,138185,0
138242,-648,442,-8454,23,-72,17,7750,1,2,398,104,37809,137,26,144,0,0,0,0,0,0,0,0,-32307,0,0,0,0,0,138186,0
138243,-648,442,-8454,23,-72,17,7750,0,1,397,104,37808,133,26,144,0,0,0,0,0,0,0,0,-32307,0,0,0,0,0,138187,0
138244,-610,498,-8486,28,-78,25,7749,-2,3,396,104,37808,133,26,144,0,0,0,0,0,0,0,0,-32308,0,0,0,0,0,138188,0
138245,-610,498,-8486,28,-78,25,7750,0,0,398,104,37808,133,26,144,0,0,0,0,0,0,0,0,-32307,0,0,0,0,0,138189,0
138246,-610,498,-8486,28,-78,25,7750,2,3,399,96,37808,133,26,144,0,0,0,0,0,0,0,0,-32307,0,0,0,0,0,138190,0
138247,-610,498,-8486,28,-78,25,7751,4,7,401,104,37808,133,26,144,0,0,0,0,0,0,0,0,-32307,0,0,0,0,0,138190,0
138248,-598,504,-8458,33,-63,29,7750,3,0,401,96,37808,133,26,144,0,0,0,0,0,0,0,0,-32307,0,0,0,0,0,138192,0
138249,-598,504,-8458,33,-63,29,7749,-2,-1,401,96,37808,133,26,144,0,0,0,0,0,0,0,0,-32308,0,0,0,0,0,138192,0
138250,-598,504,-8458,33,-63,29,7750,-5,-1,402,104,37808,133,26,144,0,0,0,0,0,0,0,0,-32307,0,0,0,0,0,138194,0
138251,-598,504,-8458,33,-63,29,7750,-4,4,402,104,37808,133,26,144,0,0,0,0,0,0,0,0,-32307,0,0,0,0,0,138195,0
138252,-558,504,-8486,31,-48,27,7749,-1,-2,403,104,37808,133,26,144,0,0,0,0,0,0,0,0,-32308,0,0,0,0,0,138196,0
138253,-558,504,-8486,31,-48,27,7749,-2,-3,402,96,37811,129,26,144,0,0,0,0,0,0,0,0,-32308,0,0,0,0,0,138197,0
138254,-558,504,-8486,31,-48,27,7750,2,-1,402,96,37811,129,26,144,0,0,0,0,0,0,0,0,-32308,0,0,0,0,0,138198,0
138255,-558,504,-8486,31,-48,27,7749,0,-1,402,104,37811,129,26,144,0,0,0,0,0,0,0,0,-32307,0,0,0,0,0,138198,0
138256,-574,552,-8494,30,-14,35,7750,3,-1,401,96,37811,129,26,144,0,0,0,0,0,0,0,0,-32308,0,0,0,0,0,138200,0
138257,-574,552,-8494,30,-14,35,7750,0,-2,403,96,37811,129,26,144,0,0,0,0,0,0,0,0,-32308,0,0,0,0,0,138201,0
138258,-574,552,-8494,30,-14,35,7749,-4,-1,402,104,37811,129,26,144,0,0,0,0,0,0,0,0,-32307,0,0,0,0,0,138202,0
138259,-574,552,-8494,30,-14,35,7749,-3,0,402,96,37811,129,26,144,0,0,0,0,0,0,0,0,-32307,0,0,0,0,0,138202,0
138260,-526,562,-8454,14,10,26,7749,-3,-3,401,96,37811,129,26,144,0,0,0,0,0,0,0,0,-32308,0,0,0,0,0,138204,0
138261,-526,562,-8454,14,10,26,7750,2,-6,400,104,37811,129,26,144,0,0,0,0,0,0,0,0,-32307,0,0,0,0,0,138205,0
138262,-526,562,-8454,14,10,26,7750,4,-1,401,104,37811,129,26,144,0,0,0,0,0,0,0,0,-32307,0,0,0,0,0,138206,0
138263,-526,562,-8454,14,10,26,7750,5,2,400,96,37815,125,26,144,0,0,0,0,0,0,0,0,-32308,0,0,0,0,0,138206,0
138264,-530,586,-8464,2,49,38,7749,0,-2,401,96,37815,125,26,144,0,0,0,0,0,0,0,0,-32309,0,0,0,0,0,138208,0
138265,-530,586,-8464,2,49,38,7749,-6,-2,402,96,37815,125,26,144,0,0,0,0,0,0,0,0,-32309,0,0,0,0,0,138209,0
138266,-530,586,-8464,2,49,38,7750,0,1,401,96,37815,125,26,144,0,0,0,0,0,0,0,0,-32309,0,0,0,0,0,138210,0
138267,-530,586,-8464,2,49,38,7750,3,3,400,104,37815,125,26,144,0,0,0,0,0,0,0,0,-32309,0,0,0,0,0,138211,0
138268,-514,576,-8508,-17,74,46,7751,8,1,400,104,37815,125,26,144,0,0,0,0,0,0,0,0,-32308,0,0,0,0,0,138212,0
138269,-514,576,-8508,-17,74,46,7750,7,2,400,96,37815,125,26,144,0,0,0,0,0,0,0,0,-32308,0,0,0,0,0,138212,0
138270,-514,576,-8508,-17,74,46,7750,-1,1,400,104,37815,125,26,144,0,0,0,0,0,0,0,0,-32308,0,0,0,0,0,138214,0
138271,-514,576,-8508,-17,74,46,7751,0,3,401,104,37815,125,26,144,0,0,0,0,0,0,0,0,-32308,0,0,0,0,0,138214,0
138272,-512,556,-8486,-31,100,52,7749,-6,-1,399,96,37815,125,26,144,0,0,0,0,0,0,0,0,-32307,0,0,0,0,0,138216,0
138273,-512,556,-8486,-31,100,52,7750,-3,3,397,104,37819,119,26,144,0,0,0,0,0,0,0,0,-32308,0,0,0,0,0,138217,0
138274,-512,556,-8486,-31,100,52,7751,1,5,399,104,37819,119,26,144,0,0,0,0,0,0,0,0,-32307,0,0,0,0,0,138218,0
138275,-512,556,-8486,-31,100,52,7750,0,1,401,96,37819,119,26,144,0,0,0,0,0,0,0,0,-32307,0,0,0,0,0,138219,0
138276,-496,532,-8490,-43,123,58,7750,3,1,399,104,37819,119,26,144,0,0,0,0,0,0,0,0,-32307,0,0,0,0,0,138220,0
138277,-496,532,-8490,-43,123,58,7749,-5,-4,400,104,37819,119,26,144,0,0,0,0,0,0,0,0,-32308,0,0,0,0,0,138221,0
138278,-496,532,-8490,-43,123,58,7750,-5,1,401,96,37819,119,26,144,0,0,0,0,0,0,0,0,-32308,0,0,0,0,0,138222,0
138279,-496,532,-8490,-43,123,58,7749,-3,2,401,104,37819,119,26,144,0,0,0,0,0,0,0,0,-32307,0,0,0,0,0,138222,0
138280,-486,562,-8480,-54,134,71,7750,0,-1,401,104,37819,119,26,144,0,0,0,0,0,0,0,0,-32308,0,0,0,0,0,138224,0
138281,-486,562,-8480,-54,134,71,7751,10,0,401,104,37819,119,26,144,0,0,0,0,0,0,0,0,-32307,0,0,0,0,0,138225,0
138282,-486,562,-8480,-54,134,71,7749,0,-4,401,104,37819,119,26,144,0,0,0,0,0,0,0,0,-32307,0,0,0,0,0,138226,0
138283,-486,562,-8480,-54,134,71,7749,-1,-4,400,104,37824,147,26,144,0,0,0,0,0,0,0,0,-32308,0,0,0,0,0,138227,0
138284,-502,516,-8424,-62,138,78,7750,-3,1,398,96,37824,147,26,144,0,0,0,0,0,0,0,0,-32307,0,0,0,0,0,138228,0
138285,-502,516,-8424,-62,138,78,7750,-2,-1,398,104,37824,147,26,144,0,0,0,0,0,0,0,0,-32307,0,0,0,0,0,138229,0
138286,-502,516,-8424,-62,138,78,7750,5,2,397,104,37824,147,26,144,0,0,0,0,0,0,0,0,-32307,0,0,0,0,0,138230,0
138287,-502,516,-8424,-62,138,78,7751,5,0,398,104,37824,147,26,144,0,0,0,0,0,0,0,0,-32307,0,0,0,0,0,138230,0
138288,-504,500,-8436,-69,148,84,7749,0,-7,398,104,37824,147,26,144,0,0,0,0,0,0,0,0,-32307,0,0,0,0,0,138232,0
138289,-504,500,-8436,-69,148,84,7749,-3,-2,398,104,37824,147,26,144,0,0,0,0,0,0,0,0,-32307,0,0,0,0,0,138232,0
138290,-504,500,-8436,-69,148,84,7750,0,1,398,96,37824,147,26,144,0,0,0,0,0,0,0,0,-32307,0,0,0,0,0,138234,0
138291,-504,500,-8436,-69,148,84,7750,0,2,400,96,37824,147,26,144,0,0,0,0,0,0,0,0,-32308,0,0,0,0,0,138235,0
138292,-506,490,-8388,-67,149,94,7749,0,-5,399,104,37824,147,26,144,0,0,0,0,0,0,0,0,-32308,0,0,0,0,0,138236,0
138293,-506,490,-8388,-67,149,94,7750,0,1,399,104,37826,153,26,144,0,0,0,0,0,0,0,0,-32307,0,0,0,0,0,138237,0
138294,-506,490,-8388,-67,149,94,7750,0,-1,398,104,37826,153,26,144,0,0,0,0,0,0,0,0,-32308,0,0,0,0,0,138238,0
138295,-506,490,-8388,-67,149,94,7750,1,-2,399,104,37826,153,26,144,0,0,0,0,0,0,0,0,-32307,0,0,0,0,0,138238,0
138296,-540,488,-8380,-64,140,82,7750,5,5,400,104,37826,153,26,144,0,0,0,0,0,0,0,0,-32307,0,0,0,0,0,138240,0
138297,-540,488,-8380,-64,140,82,7750,0,2,400,96,37826,153,26,144,0,0,0,0,0,0,0,0,-32307,0,0,0,0,0,138241,0
138298,-540,488,-8380,-64,140,82,7749,-3,-1,401,96,37826,153,26,144,0,0,0,0,0,0,0,0,-32307,0,0,0,0,0,138242,0
138299,-540,488,-8380,-64,140,82,7751,0,5,400,104,37826,153,26,144,0,0,0,0,0,0,0,0,-32308,0,0,0,0,0,138243,0
138300,-578,504,-8390,-52,113,79,7750,0,-1,401,96,37826,153,26,144,0,0,0,0,0,0,0,0,-32307,0,0,0,0,0,138243,0
138301,-578,504,-8390,-52,113,79,7749,-2,-4,402,96,37826,153,26,144,0,0,0,0,0,0,0,0,-32307,0,0,0,0,0,138245,0
138302,-578,504,-8390,-52,113,79,7750,-2,3,402,104,37826,153,26,144,0,0,0,0,0,0,0,0,-32307,0,0,0,0,0,138246,0
138303,-578,504,-8390,-52,113,79,7749,-6,1,401,96,37829,157,26,144,0,0,0,0,0,0,0,0,-32307,0,0,0,0,0,138246,0
138304,-606,510,-8366,-44,84,73,7750,1,1,401,96,37829,157,26,144,0,0,0,0,0,0,0,0,-32308,0,0,0,0,0,138248,0
138305,-606,510,-8366,-44,84,73,7749,0,-3,401,104,37829,157,26,144,0,0,0,0,0,0,0,0,-32307,0,0,0,0,0,138249,0
138306,-606,510,-8366,-44,84,73,7751,5,3,401,104,37829,157,26,144,0,0,0,0,0,0,0,0,-32307,0,0,0,0,0,138250,0
138307,-606,510,-8366,-44,84,73,7750,4,-2,403,104,37829,157,26,144,0,0,0,0,0,0,0,0,-32308,0,0,0,0,0,138251,0
138308,-632,484,-8388,-41,40,66,7749,-1,-2,402,104,37829,157,26,144,0,0,0,0,0,0,0,0,-32307,0,0,0,0,0,138252,0
138309,-632,484,-8388,-41,40,66,7750,0,3,401,96,37829,157,26,144,0,0,0,0,0,0,0,0,-32308,0,0,0,0,0,138253,0
138310,-632,484,-8388,-41,40,66,7749,-8,-2,401,96,37829,157,26,144,0,0,0,0,0,0,0,0,-32307,0,0,0,0,0,138253,0
138311,-632,484,-8388,-41,40,66,7750,0,-2,402,104,37829,157,26,144,0,0,0,0,0,0,0,0,-32308,0,0,0,0,0,138255,0
138312,-608,506,-8394,-22,0,63,7750,1,3,402,104,37829,157,26,144,0,0,0,0,0,0,0,0,-32307,0,0,0,0,0,138256,0
138313,-608,506,-8394,-22,0,63,7750,1,-2,402,96,37821,136,26,144,0,0,0,0,0,0,0,0,-32307,0,0,0,0,0,138257,0
138314,-608,506,-8394,-22,0,63,7752,9,4,401,104,37821,136,26,144,0,0,0,0,0,0,0,0,-32307,0,0,0,0,0,138258,0
138315,-608,506,-8394,-22,0,63,7751,8,7,402,104,37821,136,26,144,0,0,0,0,0,0,0,0,-32307,0,0,0,0,0,138259,0
138316,-650,506,-8404,-14,-47,49,7750,3,-2,403,104,37821,136,26,144,0,0,0,0,0,0,0,0,-32307,0,0,0,0,0,138260,0
138317,-650,506,-8404,-14,-47,49,7750,-3,1,401,104,37821,136,26,144,0,0,0,0,0,0,0,0,-32307,0,0,0,0,0,138261,0
138318,-650,506,-8404,-14,-47,49,7751,-5,2,402,104,37821,136,26,144,0,0,0,0,0,0,0,0,-32307,0,0,0,0,0,138262,0
138319,-650,506,-8404,-14,-47,49,7750,-2,3,402,104,37821,136,26,144,0,0,0,0,0,0,0,0,-32307,0,0,0,0,0,138262,0
138320,-634,474,-8424,-10,-83,41,7749,-5,-7,400,96,37821,136,26,144,0,0,0,0,0,0,0,0,-32307,0,0,0,0,0,138263,0
138321,-634,474,-8424,-10,-83,41,7749,-6,-4,400,96,37821,136,26,144,0,0,0,0,0,0,0,0,-32307,0,0,0,0,0,138265,0
138322,-634,474,-8424,-10,-83,41,7750,-3,2,401,104,37821,136,26,144,0,0,0,0,0,0,0,0,-32307,0,0,0,0,0,138266,0
138323,-634,474,-8424,-10,-83,41,7751,6,2,400,104,37821,136,26,144,0,0,0,0,0,0,0,0,-32308,0,0,0,0,0,138267,0
138324,-596,504,-8440,-8,-115,43,7749,3,1,401,104,37821,136,26,144,0,0,0,0,0,0,0,0,-32307,0,0,0,0,0,138268,0
138325,-596,504,-8440,-8,-115,43,7750,1,-1,402,96,37821,136,26,144,0,0,0,0,0,0,0,0,-32307,0,0,0,0,0,138269,0
138326,-596,504,-8440,-8,-115,43,7750,-3,-1,401,96,37821,136,26,144,0,0,0,0,0,0,0,0,-32307,0,0,0,0,0,138270,0
138327,-596,504,-8440,-8,-115,43,7748,-8,-2,402,96,37821,136,26,144,0,0,0,0,0,0,0,0,-32307,0,0,0,0,0,138270,0
138328,-592,496,-8430,4,-135,41,7751,3,-1,402,96,37821,136,26,144,0,0,0,0,0,0,0,0,-32308,0,0,0,0,0,138272,0
138329,-592,496,-8430,4,-135,41,7749,-1,-5,400,96,37821,136,26,144,0,0,0,0,0,0,0,0,-32308,0,0,0,0,0,138273,0
138330,-592,496,-8430,4,-135,41,7750,0,-1,401,104,37821,136,26,144,0,0,0,0,0,0,0,0,-32307,0,0,0,0,0,138274,0
138331,-592,496,-8430,4,-135,41,7750,1,0,401,104,37821,136,26,144,0,0,0,0,0,0,0,0,-32307,0,0,0,0,0,138275,0
138332,-602,484,-8470,1,-144,31,7750,-1,-2,401,96,37821,136,26,144,0,0,0,0,0,0,0,0,-32307,0,0,0,0,0,138276,0
138333,-602,484,-8470,1,-144,31,7750,5,-2,400,104,37821,139,26,144,0,0,0,0,0,0,0,0,-32307,0,0,0,0,0,138277,0
138334,-602,484,-8470,1,-144,31,7751,6,8,400,104,37821,139,26,144,0,0,0,0,0,0,0,0,-32307,0,0,0,0,0,138278,0
138335,-602,484,-8470,1,-144,31,7750,1,-1,398,96,37821,139,26,144,0,0,0,0,0,0,0,0,-32307,0,0,0,0,0,138279,0
138336,-594,510,-8492,11,-152,26,7750,-1,-2,399,104,37821,139,26,144,0,0,0,0,0,0,0,0,-32307,0,0,0,0,0,138280,0
138337,-594,510,-8492,11,-152,26,7750,-3,-2,398,104,37821,139,26,144,0,0,0,0,0,0,0,0,-32307,0,0,0,0,0,138281,0
138338,-594,510,-8492,11,-152,26,7750,-4,0,398,104,37821,139,26,144,0,0,0,0,0,0,0,0,-32307,0,0,0,0,0,138282,0
138339,-594,510,-8492,11,-152,26,7750,2,-1,398,96,37821,139,26,144,0,0,0,0,0,0,0,0,-32307,0,0,0,0,0,138283,0
138340,-600,502,-8504,12,-134,28,7751,6,2,397,96,37821,139,26,144,0,0,0,0,0,0,0,0,-32307,0,0,0,0,0,138284,0
138341,-600,502,-8504,12,-134,28,7750,3,4,398,104,37821,139,26,144,0,0,0,0,0,0,0,0,-32307,0,0,0,0,0,138285,0
138342,-600,502,-8504,12,-134,28,7751,3,5,398,96,37821,139,26,144,0,0,0,0,0,0,0,0,-32308,0,0,0,0,0,138286,0
138343,-600,502,-8504,12,-134,28,7750,0,4,398,96,37822,138,26,144,0,0,0,0,0,0,0,0,-32307,0,0,0,0,0,138287,0
138344,-566,512,-8486,11,-124,39,7751,-1,1,398,96,37822,138,26,144,0,0,0,0,0,0,0,0,-32307,0,0,0,0,0,138288,0
138345,-566,512,-8486,11,-124,39,7750,-2,1,399,96,37822,138,26,144,0,0,0,0,0,0,0,0,-32307,0,0,0,0,0,138289,0
138346,-566,512,-8486,11,-124,39,7751,0,4,400,104,37822,138,26,144,0,0,0,0,0,0,0,0,-32307,0,0,0,0,0,138290,0
138347,-566,512,-8486,11,-124,39,7750,0,-1,399,104,37822,138,26,144,0,0,0,0,0,0,0,0,-32308,0,0,0,0,0,138291,0
138348,-522,514,-8500,7,-97,47,7749,-5,-4,400,104,37822,138,26,144,0,0,0,0,0,0,0,0,-32307,0,0,0,0,0,138292,0
138349,-522,514,-8500,7,-97,47,7751,0,-2,399,104,37822,138,26,144,0,0,0,0,0,0,0,0,-32308,0,0,0,0,0,138293,0
138350,-522,514,-8500,7,-97,47,7751,0,3,398,104,37822,138,26,144,0,0,0,0,0,0,0,0,-32308,0,0,0,0,0,138294,0
138351,-522,514,-8500,7,-97,47,7751,11,3,400,104,37822,138,26,144,0,0,0,0,0,0,0,0,-32307,0,0,0,0,0,138295,0
138352,-530,532,-8496,1,-64,44,7749,0,-4,400,104,37822,138,26,144,0,0,0,0,0,0,0,0,-32307,0,0,0,0,0,138296,0
138353,-530,532,-8496,1,-64,44,7750,-5,-1,401,96,37824,144,26,144,0,0,0,0,0,0,0,0,-32307,0,0,0,0,0,138297,0
138354,-530,532,-8496,1,-64,44,7749,-9,-4,399,104,37824,144,26,144,0,0,0,0,0,0,0,0,-32307,0,0,0,0,0,138298,0
138355,-530,532,-8496,1,-64,44,7750,-5,-4,400,104,37824,144,26,144,0,0,0,0,0,0,0,0,-32307,0,0,0,0,0,138299,0
138356,-496,546,-8492,-8,-28,54,7751,5,1,400,104,37824,144,26,144,0,0,0,0,0,0,0,0,-32308,0,0,0,0,0,138300,0
138357,-496,546,-8492,-8,-28,54,7750,2,-3,403,104,37824,144,26,144,0,0,0,0,0,0,0,0,-32307,0,0,0,0,0,138301,0
138358,-496,546,-8492,-8,-28,54,7750,5,-3,403,104,37824,144,26,144,0,0,0,0,0,0,0,0,-32308,0,0,0,0,0,138302,0
138359,-496,546,-8492,-8,-28,54,7750,2,1,403,96,37824,144,26,144,0,0,0,0,0,0,0,0,-32307,0,0,0,0,0,138303,0
138360,-554,556,-8500,-21,3,57,7750,-3,-2,402,96,37824,144,26,144,0,0,0,0,0,0,0,0,-32307,0,0,0,0,0,138304,0
138361,-554,556,-8500,-21,3,57,7750,-3,0,400,104,37824,144,26,144,0,0,0,0,0,0,0,0,-32307,0,0,0,0,0,138305,0
138362,-554,556,-8500,-21,3,57,7750,-2,4,402,104,37824,144,26,144,0,0,0,0,0,0,0,0,-32307,0,0,0,0,0,138306,0
138363,-554,556,-8500,-21,3,57,7751,4,-2,403,96,37822,142,26,144,0,0,0,0,0,0,0,0,-32307,0,0,0,0,0,138307,0
138364,-576,522,-8488,-36,30,68,7749,0,-4,403,104,37822,142,26,144,0,0,0,0,0,0,0,0,-32307,0,0,0,0,0,138308,0
138365,-576,522,-8488,-36,30,68,7750,-2,-3,402,96,37822,142,26,144,0,0,0,0,0,0,0,0,-32307,0,0,0,0,0,138309,0
138366,-576,522,-8488,-36,30,68,7750,-2,2,401,104,37822,142,26,144,0,0,0,0,0,0,0,0,-32307,0,0,0,0,0,138311,0
138367,-576,522,-8488,-36,30,68,7751,2,1,400,104,37822,142,26,144,0,0,0,0,0,0,0,0,-32307,0,0,0,0,0,138311,0
138368,-552,522,-8482,-45,52,83,7750,5,4,401,104,37822,142,26,144,0,0,0,0,0,0,0,0,-32308,0,0,0,0,0,138312,0
138369,-552,522,-8482,-45,52,83,7751,5,3,402,96,37822,142,26,144,0,0,0,0,0,0,0,0,-32307,0,0,0,0,0,138313,0
138370,-552,522,-8482,-45,52,83,7749,-5,-4,402,104,37822,142,26,144,0,0,0,0,0,0,0,0,-32308,0,0,0,0,0,138314,0
138371,-552,522,-8482,-45,52,83,7751,-4,2,400,104,37822,142,26,144,0,0,0,0,0,0,0,0,-32308,0,0,0,0,0,138315,0
138372,-580,532,-8438,-59,79,86,7749,-5,-1,402,96,37822,142,26,144,0,0,0,0,0,0,0,0,-32307,0,0,0,0,0,138316,0
138373,-580,532,-8438,-59,79,86,7751,-1,3,399,104,37820,138,26,144,0,0,0,0,0,0,0,0,-32307,0,0,0,0,0,138317,0
138374,-580,532,-8438,-59,79,86,7750,3,1,401,104,37820,138,26,144,0,0,0,0,0,0,0,0,-32308,0,0,0,0,0,138319,0
138375,-580,532,-8438,-59,79,86,7750,-2,1,402,96,37820,138,26,144,0,0,0,0,0,0,0,0,-32308,0,0,0,0,0,138319,0
138376,-606,564,-8476,-65,92,81,7750,1,-3,401,104,37820,138,26,144,0,0,0,0,0,0,0,0,-32307,0,0,0,0,0,138320,0
138377,-606,564,-8476,-65,92,81,7750,-1,0,400,96,37820,138,26,144,0,0,0,0,0,0,0,0,-32308,0,0,0,0,0,138321,0
138378,-606,564,-8476,-65,92,81,7749,-1,1,402,96,37820,138,26,144,0,0,0,0,0,0,0,0,-32307,0,0,0,0,0,138322,0
138379,-606,564,-8476,-65,92,81,7750,-2,3,401,96,37820,138,26,144,0,0,0,0,0,0,0,0,-32307,0,0,0,0,0,138324,0
138380,-612,544,-8472,-64,94,77,7750,-1,-3,402,104,37820,138,26,144,0,0,0,0,0,0,0,0,-32307,0,0,0,0,0,138324,0
138381,-612,544,-8472,-64,94,77,7751,2,0,401,96,37820,138,26,144,0,0,0,0,0,0,0,0,-32307,0,0,0,0,0,138326,0
138382,-612,544,-8472,-64,94,77,7751,10,0,401,96,37820,138,26,144,0,0,0,0,0,0,0,0,-32307,0,0,0,0,0,138327,0
138383,-612,544,-8472,-64,94,77,7750,5,-2,400,104,37827,127,26,144,0,0,0,0,0,0,0,0,-32307,0,0,0,0,0,138327,0
138384,-676,530,-8482,-63,84,75,7751,3,5,400,104,37827,127,26,144,0,0,0,0,0,0,0,0,-32307,0,0,0,0,0,138329,0
138385,-676,530,-8482,-63,84,75,7749,-5,-2,399,96,37827,127,26,144,0,0,0,0,0,0,0,0,-32308,0,0,0,0,0,138330,0
138386,-676,530,-8482,-63,84,75,7750,-4,2,398,96,37827,127,26,144,0,0,0,0,0,0,0,0,-32308,0,0,0,0,0,138331,0
138387,-676,530,-8482,-63,84,75,7750,-1,-2,400,96,37827,127,26,144,0,0,0,0,0,0,0,0,-32308,0,0,0,0,0,138332,0
138388,-676,492,-8466,-64,64,68,7749,-3,-4,401,104,37827,127,26,144,0,0,0,0,0,0,0,0,-32307,0,0,0,0,0,138333,0
138389,-676,492,-8466,-64,64,68,7750,0,-1,401,96,37827,127,26,144,0,0,0,0,0,0,0,0,-32307,0,0,0,0,0,138334,0
138390,-676,492,-8466,-64,64,68,7751,1,1,398,104,37827,127,26,144,0,0,0,0,0,0,0,0,-32308,0,0,0,0,0,138334,0
138391,-676,492,-8466,-64,64,68,7750,3,2,401,104,37827,127,26,144,0,0,0,0,0,0,0,0,-32307,0,0,0,0,0,138336,0
138392,-690,502,-8490,-51,37,69,7751,7,2,400,104,37827,127,26,144,0,0,0,0,0,0,0,0,-32308,0,0,0,0,0,138337,0
138393,-690,502,-8490,-51,37,69,7751,6,3,399,104,37824,139,26,144,0,0,0,0,0,0,0,0,-32308,0,0,0,0,0,138338,0
138394,-690,502,-8490,-51,37,69,7749,-5,-3,399,104,37824,139,26,144,0,0,0,0,0,0,0,0,-32307,0,0,0,0,0,138339,0
138395,-690,502,-8490,-51,37,69,7750,-5,1,398,96,37824,139,26,144,0,0,0,0,0,0,0,0,-32307,0,0,0,0,0,138340,0
138396,-692,462,-8492,-39,8,55,7751,-2,0,400,96,37824,139,26,144,0,0,0,0,0,0,0,0,-32307,0,0,0,0,0,138341,0
138397,-692,462,-8492,-39,8,55,7750,-1,1,398,104,37824,139,26,144,0,0,0,0,0,0,0,0,-32307,0,0,0,0,0,138342,0
138398,-692,462,-8492,-39,8,55,7752,10,0,399,104,37824,139,26,144,0,0,0,0,0,0,0,0,-32307,0,0,0,0,0,138343,0
138399,-692,462,-8492,-39,8,55,7750,1,4,400,104,37824,139,26,144,0,0,0,0,0,0,0,0,-32308,0,0,0,0,0,138343,0
138400,-684,446,-8484,-20,-16,53,7750,-5,-3,400,96,37824,139,26,144,0,0,0,0,0,0,0,0,-32307,0,0,0,0,0,138345,0
138401,-684,446,-8484,-20,-16,53,7749,-8,1,402,96,37824,139,26,144,0,0,0,0,0,0,0,0,-32308,0,0,0,0,0,138346,0
138402,-684,446,-8484,-20,-16,53,7750,-7,1,401,104,37824,139,26,144,0,0,0,0,0,0,0,0,-32307,0,0,0,0,0,138347,0
138403,-684,446,-8484,-20,-16,53,7752,9,2,402,96,37824,145,26,144,0,0,0,0,0,0,0,0,-32307,0,0,0,0,0,138348,0
138404,-652,484,-8464,-3,-32,52,7749,2,-4,402,104,37824,145,26,144,0,0,0,0,0,0,0,0,-32308,0,0,0,0,0,138349,0
138405,-652,484,-8464,-3,-32,52,7751,4,-1,402,104,37824,145,26,144,0,0,0,0,0,0,0,0,-32307,0,0,0,0,0,138350,0
138406,-652,484,-8464,-3,-32,52,7751,0,-1,402,104,37824,145,26,144,0,0,0,0,0,0,0,0,-32307,0,0,0,0,0,138351,0
138407,-652,484,-8464,-3,-32,52,7752,4,2,402,104,37824,145,26,144,0,0,0,0,0,0,0,0,-32307,0,0,0,0,0,138351,0
138408,-642,472,-8450,2,-44,50,7750,6,3,403,96,37824,145,26,144,0,0,0,0,0,0,0,0,-32307,0,0,0,0,0,138353,0
138409,-642,472,-8450,2,-44,50,7750,-3,3,403,104,37824,145,26,144,0,0,0,0,0,0,0,0,-32307,0,0,0,0,0,138354,0
138410,-642,472,-8450,2,-44,50,7752,0,2,403,104,37824,145,26,144,0,0,0,0,0,0,0,0,-32307,0,0,0,0,0,138355,0
138411,-642,472,-8450,2,-44,50,7750,-3,0,402,104,37824,145,26,144,0,0,0,0,0,0,0,0,-32307,0,0,0,0,0,138356,0
138412,-606,474,-8444,11,-44,50,7750,1,-3,402,96,37824,145,26,144,0,0,0,0,0,0,0,0,-32307,0,0,0,0,0,138357,0
138413,-606,474,-8444,11,-44,50,7750,-2,-4,403,96,37821,146,26,144,0,0,0,0,0,0,0,0,-32307,0,0,0,0,0,138358,0
138414,-606,474,-8444,11,-44,50,7750,-7,-3,402,104,37821,146,26,144,0,0,0,0,0,0,0,0,-32307,0,0,0,0,0,138359,0
138415,-606,474,-8444,11,-44,50,7752,5,7,402,104,37821,146,26,144,0,0,0,0,0,0,0,0,-32308,0,0,0,0,0,138359,0
138416,-614,480,-8436,12,-29,47,7751,5,0,402,96,37821,146,26,144,0,0,0,0,0,0,0,0,-32308,0,0,0,0,0,138363,0
138417,-614,480,-8436,12,-29,47,7750,2,-7,401,104,37821,146,26,144,0,0,0,0,0,0,0,0,-32308,0,0,0,0,0,138366,0
138418,-614,480,-8436,12,-29,47,7751,-1,6,401,96,37821,146,26,144,0,0,0,0,0,0,0,0,-32307,0,0,0,0,0,138367,0
138419,-614,480,-8436,12,-29,47,7750,-7,-4,402,96,37821,146,26,144,0,0,0,0,0,0,0,0,-32308,0,0,0,0,0,138368,0
138420,-584,518,-8452,14,-14,44,7752,2,4,400,104,37821,146,26,144,0,0,0,0,0,0,0,0,-32307,0,0,0,0,0,138369,0
138421,-584,518,-8452,14,-14,44,7749,-1,-4,401,96,37821,146,26,144,0,0,0,0,0,0,0,0,-32307,0,0,0,0,0,138369,0
138422,-584,518,-8452,14,-14,44,7750,-2,-3,401,96,37821,146,26,144,0,0,0,0,0,0,0,0,-32307,0,0,0,0,0,138371,0
138423,-584,518,-8452,14,-14,44,7750,-1,-1,399,104,37815,142,26,144,0,0,0,0,0,0,0,0,-32308,0,0,0,0,0,138371,0
138424,-600,526,-8456,9,-1,49,7749,-10,-6,399,104,37815,142,26,144,0,0,0,0,0,0,0,0,-32307,0,0,0,0,0,138373,0
138425,-600,526,-8456,9,-1,49,7750,0,0,399,104,37815,142,26,144,0,0,0,0,0,0,0,0,-32307,0,0,0,0,0,138374,0
138426,-600,526,-8456,9,-1,49,7751,0,5,399,104,37815,142,26,144,0,0,0,0,0,0,0,0,-32307,0,0,0,0,0,138375,0
138427,-600,526,-8456,9,-1,49,7749,0,-5,399,96,37815,142,26,144,0,0,0,0,0,0,0,0,-32307,0,0,0,0,0,138376,0
138428,-626,540,-8432,4,18,55,7750,2,-1,399,96,37815,142,26,144,0,0,0,0,0,0,0,0,-32307,0,0,0,0,0,138377,0
138429,-626,540,-8432,4,18,55,7749,-7,-8,397,104,37815,142,26,144,0,0,0,0,0,0,0,0,-32308,0,0,0,0,0,138378,0
138430,-626,540,-8432,4,18,55,7751,0,0,398,104,37815,142,26,144,0,0,0,0,0,0,0,0,-32308,0,0,0,0,0,138379,0
138432,-612,550,-8428,-2,31,55,7750,6,-4,399,104,37815,142,26,144,0,0,0,0,0,0,0,0,-32307,0,0,0,0,0,138381,0
138433,-612,550,-8428,-2,31,55,7751,8,3,398,104,37814,147,26,144,0,0,0,0,0,0,0,0,-32308,0,0,0,0,0,138382,0
138434,-612,550,-8428,-2,31,55,7750,-1,-1,399,96,37814,147,26,144,0,0,0,0,0,0,0,0,-32307,0,0,0,0,0,138383,0
138435,-612,550,-8428,-2,31,55,7751,0,8,399,104,37814,147,26,144,0,0,0,0,0,0,0,0,-32307,0,0,0,0,0,138384,0
138436,-588,538,-8430,-12,39,59,7751,0,1,400,96,37814,147,26,144,0,0,0,0,0,0,0,0,-32308,0,0,0,0,0,138385,0
138437,-588,538,-8430,-12,39,59,7750,-2,-2,400,96,37814,147,26,144,0,0,0,0,0,0,0,0,-32307,0,0,0,0,0,138386,0
138438,-588,538,-8430,-12,39,59,7748,-9,1,399,104,37814,147,26,144,0,0,0,0,0,0,0,0,-32307,0,0,0,0,0,138387,0
138439,-588,538,-8430,-12,39,59,7752,1,3,399,104,37814,147,26,144,0,0,0,0,0,0,0,0,-32307,0,0,0,0,0,138387,0
138440,-584,502,-8432,-25,51,57,7751,4,-1,400,96,37814,147,26,144,0,0,0,0,0,0,0,0,-32307,0,0,0,0,0,138389,0
138441,-584,502,-8432,-25,51,57,7751,7,2,399,96,37814,147,26,144,0,0,0,0,0,0,0,0,-32308,0,0,0,0,0,138389,0
138442,-584,502,-8432,-25,51,57,7751,6,2,401,96,37814,147,26,144,0,0,0,0,0,0,0,0,-32307,0,0,0,0,0,138391,0
138443,-584,502,-8432,-25,51,57,7750,-11,5,400,96,37812,151,26,144,0,0,0,0,0,0,0,0,-32307,0,0,0,0,0,138392,0
138444,-604,532,-8462,-37,50,59,7750,-7,0,399,96,37812,151,26,144,0,0,0,0,0,0,0,0,-32307,0,0,0,0,0,138393,0
138445,-604,532,-8462,-37,50,59,7751,0,3,399,104,37812,151,26,144,0,0,0,0,0,0,0,0,-32308,0,0,0,0,0,138394,0
138446,-604,532,-8462,-37,50,59,7750,3,2,400,104,37812,151,26,144,0,0,0,0,0,0,0,0,-32307,0,0,0,0,0,138395,0
138447,-604,532,-8462,-37,50,59,7752,10,-4,401,104,37812,151,26,144,0,0,0,0,0,0,0,0,-32308,0,0,0,0,0,138395,0
138448,-606,500,-8446,-37,51,58,7749,-3,8,400,96,37812,151,26,144,0,0,0,0,0,0,0,0,-32307,0,0,0,0,0,138397,0
138449,-606,500,-8446,-37,51,58,7750,-8,-7,399,104,37812,151,26,144,0,0,0,0,0,0,0,0,-32308,0,0,0,0,0,138398,0
138450,-606,500,-8446,-37,51,58,7750,-5,-1,400,96,37812,151,26,144,0,0,0,0,0,0,0,0,-32307,0,0,0,0,0,138399,0
138451,-606,500,-8446,-37,51,58,7751,0,-1,401,104,37812,151,26,144,0,0,0,0,0,0,0,0,-32308,0,0,0,0,0,138399,0
138452,-582,470,-8422,-38,55,57,7751,12,2,401,104,37812,151,26,144,0,0,0,0,0,0,0,0,-32307,0,0,0,0,0,138401,0
138453,-582,470,-8422,-38,55,57,7751,6,-3,402,96,37815,151,26,144,0,0,0,0,0,0,0,0,-32308,0,0,0,0,0,138402,0
138454,-582,470,-8422,-38,55,57,7749,-1,1,401,96,37815,151,26,144,0,0,0,0,0,0,0,0,-32307,0,0,0,0,0,138403,0
138455,-582,470,-8422,-38,55,57,7751,-5,-8,401,96,37815,151,26,144,0,0,0,0,0,0,0,0,-32307,0,0,0,0,0,138403,0
138456,-592,476,-8402,-29,53,54,7750,-6,0,401,104,37815,151,26,144,0,0,0,0,0,0,0,0,-32307,0,0,0,0,0,138405,0
138457,-592,476,-8402,-29,53,54,7750,-1,-3,402,104,37815,151,26,144,0,0,0,0,0,0,0,0,-32308,0,0,0,0,0,138406,0
138458,-592,476,-8402,-29,53,54,7750,1,2,402,104,37815,151,26,144,0,0,0,0,0,0,0,0,-32307,0,0,0,0,0,138407,0
138459,-592,476,-8402,-29,53,54,7750,-3,1,402,96,37815,151,26,144,0,0,0,0,0,0,0,0,-32307,0,0,0,0,0,138408,0
138460,-576,484,-8414,-28,45,53,7750,0,-5,402,96,37815,151,26,144,0,0,0,0,0,0,0,0,-32307,0,0,0,0,0,138409,0
138461,-576,484,-8414,-28,45,53,7750,0,0,402,104,37815,151,26,144,0,0,0,0,0,0,0,0,-32307,0,0,0,0,0,138409,0
138462,-576,484,-8414,-28,45,53,7752,8,-4,400,104,37815,151,26,144,0,0,0,0,0,0,0,0,-32307,0,0,0,0,0,138411,0
138463,-576,484,-8414,-28,45,53,7750,2,6,402,96,37813,139,26,144,0,0,0,0,0,0,0,0,-32308,0,0,0,0,0,138411,0
138464,-586,510,-8394,-20,35,57,7750,0,2,401,104,37813,139,26,144,0,0,0,0,0,0,0,0,-32307,0,0,0,0,0,138413,0
138465,-586,510,-8394,-20,35,57,7750,-4,0,401,104,37813,139,26,144,0,0,0,0,0,0,0,0,-32308,0,0,0,0,0,138414,0
138466,-586,510,-8394,-20,35,57,7749,-9,-7,400,104,37813,139,26,144,0,0,0,0,0,0,0,0,-32307,0,0,0,0,0,138415,0
138467,-586,510,-8394,-20,35,57,7751,5,-1,400,104,37813,139,26,144,0,0,0,0,0,0,0,0,-32307,0,0,0,0,0,138416,0
138468,-584,484,-8388,-20,30,61,7751,3,2,402,104,37813,139,26,144,0,0,0,0,0,0,0,0,-32308,0,0,0,0,0,138417,0
138469,-584,484,-8388,-20,30,61,7752,10,4,402,104,37813,139,26,144,0,0,0,0,0,0,0,0,-32307,0,0,0,0,0,138418,0
138470,-584,484,-8388,-20,30,61,7751,7,3,402,104,37813,139,26,144,0,0,0,0,0,0,0,0,-32307,0,0,0,0,0,138419,0
138472,-568,480,-8400,-30,24,58,7749,-6,2,403,96,37813,139,26,144,0,0,0,0,0,0,0,0,-32308,0,0,0,0,0,138421,0
138473,-568,480,-8400,-30,24,58,7751,-6,-1,400,104,37812,132,26,144,0,0,0,0,0,0,0,0,-32307,0,0,0,0,0,138422,0
138474,-568,480,-8400,-30,24,58,7751,-1,4,402,104,37812,132,26,144,0,0,0,0,0,0,0,0,-32308,0,0,0,0,0,138423,0
138475,-568,480,-8400,-30,24,58,7751,0,0,403,104,37812,132,26,144,0,0,0,0,0,0,0,0,-32308,0,0,0,0,0,138424,0
138476,-570,508,-8388,-35,12,65,7750,4,6,401,104,37812,132,26,144,0,0,0,0,0,0,0,0,-32308,0,0,0,0,0,138425,0
138477,-570,508,-8388,-35,12,65,7750,-4,-10,401,104,37812,132,26,144,0,0,0,0,0,0,0,0,-32307,0,0,0,0,0,138426,0
138478,-570,508,-8388,-35,12,65,7749,-7,-1,400,104,37812,132,26,144,0,0,0,0,0,0,0,0,-32308,0,0,0,0,0,138427,0
138479,-570,508,-8388,-35,12,65,7750,-6,-3,401,104,37812,132,26,144,0,0,0,0,0,0,0,0,-32308,0,0,0,0,0,138427,0
138480,-584,530,-8360,-37,3,57,7750,-3,3,400,104,37812,132,26,144,0,0,0,0,0,0,0,0,-32308,0,0,0,0,0,138429,0
138481,-584,530,-8360,-37,3,57,7751,4,3,401,104,37812,132,26,144,0,0,0,0,0,0,0,0,-32308,0,0,0,0,0,138429,0
138482,-584,530,-8360,-37,3,57,7751,10,1,400,96,37812,132,26,144,0,0,0,0,0,0,0,0,-32307,0,0,0,0,0,138431,0
138483,-584,530,-8360,-37,3,57,7750,5,-3,399,96,37815,129,26,144,0,0,0,0,0,0,0,0,-32307,0,0,0,0,0,138432,0
138484,-584,504,-8388,-42,-11,51,7749,-1,-4,400,96,37815,129,26,144,0,0,0,0,0,0,0,0,-32308,0,0,0,0,0,138433,0
138485,-584,504,-8388,-42,-11,51,7751,-2,-4,398,104,37815,129,26,144,0,0,0,0,0,0,0,0,-32307,0,0,0,0,0,138434,0
138486,-584,504,-8388,-42,-11,51,7750,-3,1,399,104,37815,129,26,144,0,0,0,0,0,0,0,0,-32307,0,0,0,0,0,138435,0
138487,-584,504,-8388,-42,-11,51,7751,3,2,399,96,37815,129,26,144,0,0,0,0,0,0,0,0,-32308,0,0,0,0,0,138435,0
138488,-620,492,-8410,-40,-29,42,7750,1,1,400,104,37815,129,26,144,0,0,0,0,0,0,0,0,-32307,0,0,0,0,0,138437,0
138489,-620,492,-8410,-40,-29,42,7750,-5,-4,399,96,37815,129,26,144,0,0,0,0,0,0,0,0,-32307,0,0,0,0,0,138438,0
138490,-620,492,-8410,-40,-29,42,7750,-3,-4,398,104,37815,129,26,144,0,0,0,0,0,0,0,0,-32307,0,0,0,0,0,138439,0
138491,-620,492,-8410,-40,-29,42,7751,2,2,397,112,37815,129,26,144,0,0,0,0,0,0,0,0,-32308,0,0,0,0,0,138440,0
138492,-628,500,-8410,-34,-61,45,7750,2,2,398,112,37815,129,26,144,0,0,0,0,0,0,0,0,-32308,0,0,0,0,0,138441,0
138493,-628,500,-8410,-34,-61,45,7750,-1,0,399,104,37818,145,26,144,0,0,0,0,0,0,0,0,-32307,0,0,0,0,0,138442,0
138494,-628,500,-8410,-34,-61,45,7751,1,1,400,96,37818,145,26,144,0,0,0,0,0,0,0,0,-32307,0,0,0,0,0,138443,0
138495,-628,500,-8410,-34,-61,45,7750,-3,-2,401,96,37818,145,26,144,0,0,0,0,0,0,0,0,-32307,0,0,0,0,0,138444,0
138496,-618,476,-8430,-30,-94,45,7750,2,-1,401,96,37818,145,26,144,0,0,0,0,0,0,0,0,-32307,0,0,0,0,0,138445,0
138497,-618,476,-8430,-30,-94,45,7751,2,-1,400,96,37818,145,26,144,0,0,0,0,0,0,0,0,-32308,0,0,0,0,0,138446,0
138498,-618,476,-8430,-30,-94,45,7751,0,6,402,104,37818,145,26,144,0,0,0,0,0,0,0,0,-32307,0,0,0,0,0,138447,0
138499,-618,476,-8430,-30,-94,45,7751,8,5,402,104,37818,145,26,144,0,0,0,0,0,0,0,0,-32307,0,0,0,0,0,138448,0
138500,-614,458,-8468,-17,-124,39,7749,-1,3,403,96,37818,145,26,144,0,0,0,0,0,0,0,0,-32307,0,0,0,0,0,138449,0
138501,-614,458,-8468,-17,-124,39,7750,-5,-4,403,104,37818,145,26,144,0,0,0,0,0,0,0,0,-32307,0,0,0,0,0,138450,0
138502,-614,458,-8468,-17,-124,39,7750,-5,-1,401,104,37818,145,26,144,0,0,0,0,0,0,0,0,-32308,0,0,0,0,0,138451,0
138503,-614,458,-8468,-17,-124,39,7750,-5,1,400,104,37820,154,26,144,0,0,0,0,0,0,0,0,-32307,0,0,0,0,0,138452,0
138504,-602,460,-8476,-5,-154,32,7751,6,1,400,104,37820,154,26,144,0,0,0,0,0,0,0,0,-32307,0,0,0,0,0,138453,0
138505,-602,460,-8476,-5,-154,32,7750,3,1,400,112,37820,154,26,144,0,0,0,0,0,0,0,0,-32308,0,0,0,0,0,138454,0
138506,-602,460,-8476,-5,-154,32,7751,2,-2,400,104,37820,154,26,144,0,0,0,0,0,0,0,0,-32307,0,0,0,0,0,138455,0
138507,-602,460,-8476,-5,-154,32,7752,7,-2,401,96,37820,154,26,144,0,0,0,0,0,0,0,0,-32308,0,0,0,0,0,138456,0
138508,-638,448,-8476,24,-200,31,7750,0,5,401,104,37820,154,26,144,0,0,0,0,0,0,0,0,-32307,0,0,0,0,0,138457,0
138509,-638,448,-8476,24,-200,31,7752,8,-3,402,104,37820,154,26,144,0,0,0,0,0,0,0,0,-32307,0,0,0,0,0,138458,0
138510,-638,448,-8476,24,-200,31,7750,0,6,403,96,37820,154,26,144,0,0,0,0,0,0,0,0,-32307,0,0,0,0,0,138459,0
138511,-638,448,-8476,24,-200,31,7751,-1,2,403,104,37820,154,26,144,0,0,0,0,0,0,0,0,-32307,0,0,0,0,0,138460,0
138512,-616,436,-8472,47,-226,23,7752,5,-1,402,104,37820,154,26,144,0,0,0,0,0,0,0,0,-32307,0,0,0,0,0,138461,0
138513,-616,436,-8472,47,-226,23,7750,-5,-1,403,104,37820,148,26,144,0,0,0,0,0,0,0,0,-32308,0,0,0,0,0,138462,0
138514,-616,436,-8472,47,-226,23,7751,2,-1,401,104,37820,148,26,144,0,0,0,0,0,0,0,0,-32307,0,0,0,0,0,138463,0
138515,-616,436,-8472,47,-226,23,7751,-5,2,401,96,37820,148,26,144,0,0,0,0,0,0,0,0,-32307,0,0,0,0,0,138464,0
138516,-610,474,-8468,69,-239,26,7751,-3,3,400,104,37820,148,26,144,0,0,0,0,0,0,0,0,-32307,0,0,0,0,0,138465,0
138517,-610,474,-8468,69,-239,26,7751,1,0,400,104,37820,148,26,144,0,0,0,0,0,0,0,0,-32307,0,0,0,0,0,138466,0
138518,-610,474,-8468,69,-239,26,7749,-8,2,401,104,37820,148,26,144,0,0,0,0,0,0,0,0,-32308,0,0,0,0,0,138468,0
138519,-610,474,-8468,69,-239,26,7752,0,-6,400,104,37820,148,26,144,0,0,0,0,0,0,0,0,-32307,0,0,0,0,0,138468,0
138520,-544,492,-8450,71,-246,32,7751,3,3,399,104,37820,148,26,144,0,0,0,0,0,0,0,0,-32307,0,0,0,0,0,138469,0
138521,-544,492,-8450,71,-246,32,7751,4,-1,400,104,37820,148,26,144,0,0,0,0,0,0,0,0,-32307,0,0,0,0,0,138470,0
138522,-544,492,-8450,71,-246,32,7750,1,-2,402,96,37820,148,26,144,0,0,0,0,0,0,0,0,-32307,0,0,0,0,0,138471,0
138523,-544,492,-8450,71,-246,32,7749,-12,1,400,104,37817,142,26,144,0,0,0,0,0,0,0,0,-32308,0,0,0,0,0,138472,0
138524,-574,508,-8454,66,-231,34,7751,-6,-7,399,104,37817,142,26,144,0,0,0,0,0,0,0,0,-32307,0,0,0,0,0,138473,0
138525,-574,508,-8454,66,-231,34,7750,-1,1,399,104,37817,142,26,144,0,0,0,0,0,0,0,0,-32308,0,0,0,0,0,138474,0
138526,-574,508,-8454,66,-231,34,7751,4,0,400,104,37817,142,26,144,0,0,0,0,0,0,0,0,-32307,0,0,0,0,0,138476,0
138527,-574,508,-8454,66,-231,34,7751,5,-2,401,96,37817,142,26,144,0,0,0,0,0,0,0,0,-32307,0,0,0,0,0,138476,0
138528,-536,520,-8458,52,-208,44,7752,5,2,401,96,37817,142,26,144,0,0,0,0,0,0,0,0,-32308,0,0,0,0,0,138477,0
138529,-536,520,-8458,52,-208,44,7750,0,-3,400,96,37817,142,26,144,0,0,0,0,0,0,0,0,-32308,0,0,0,0,0,138478,0
138530,-536,520,-8458,52,-208,44,7750,-3,-2,400,104,37817,142,26,144,0,0,0,0,0,0,0,0,-32308,0,0,0,0,0,138479,0
138531,-536,520,-8458,52,-208,44,7751,-1,-3,401,96,37817,142,26,144,0,0,0,0,0,0,0,0,-32307,0,0,0,0,0,138480,0
138532,-526,524,-8470,31,-182,56,7751,-1,-1,400,104,37817,142,26,144,0,0,0,0,0,0,0,0,-32307,0,0,0,0,0,138481,0
138533,-526,524,-8470,31,-182,56,7752,10,5,399,112,37816,137,26,144,0,0,0,0,0,0,0,0,-32308,0,0,0,0,0,138483,0
138534,-526,524,-8470,31,-182,56,7751,3,-3,399,104,37816,137,26,144,0,0,0,0,0,0,0,0,-32308,0,0,0,0,0,138484,0
138535,-526,524,-8470,31,-182,56,7751,-1,1,399,104,37816,137,26,144,0,0,0,0,0,0,0,0,-32308,0,0,0,0,0,138484,0
138536,-534,544,-8436,-12,-130,63,7751,-2,1,400,104,37816,137,26,144,0,0,0,0,0,0,0,0,-32307,0,0,0,0,0,138486,0
138537,-534,544,-8436,-12,-130,63,7751,-5,1,400,104,37816,137,26,144,0,0,0,0,0,0,0,0,-32308,0,0,0,0,0,138487,0
138538,-534,544,-8436,-12,-130,63,7751,1,7,398,112,37816,137,26,144,0,0,0,0,0,0,0,0,-32307,0,0,0,0,0,138488,0
138539,-534,544,-8436,-12,-130,63,7751,0,-2,398,104,37816,137,26,144,0,0,0,0,0,0,0,0,-32307,0,0,0,0,0,138488,0
138540,-506,572,-8456,-56,-83,71,7750,-2,4,398,96,37816,137,26,144,0,0,0,0,0,0,0,0,-32307,0,0,0,0,0,138490,0
138541,-506,572,-8456,-56,-83,71,7752,4,-2,398,104,37816,137,26,144,0,0,0,0,0,0,0,0,-32307,0,0,0,0,0,138491,0
138542,-506,572,-8456,-56,-83,71,7750,0,0,397,104,37816,137,26,144,0,0,0,0,0,0,0,0,-32307,0,0,0,0,0,138491,0
138543,-506,572,-8456,-56,-83,71,7750,-5,-4,398,96,37813,129,26,144,0,0,0,0,0,0,0,0,-32307,0,0,0,0,0,138493,0
138544,-518,568,-8446,-86,-26,70,7752,1,1,398,104,37813,129,26,144,0,0,0,0,0,0,0,0,-32307,0,0,0,0,0,138494,0
138545,-518,568,-8446,-86,-26,70,7752,1,6,399,104,37813,129,26,144,0,0,0,0,0,0,0,0,-32308,0,0,0,0,0,138495,0
138546,-518,568,-8446,-86,-26,70,7751,9,2,400,104,37813,129,26,144,0,0,0,0,0,0,0,0,-32307,0,0,0,0,0,138496,0
138547,-518,568,-8446,-86,-26,70,7751,6,-3,398,104,37813,129,26,144,0,0,0,0,0,0,0,0,-32307,0,0,0,0,0,138497,0
138548,-552,540,-8418,-116,35,81,7750,-6,1,399,96,37813,129,26,144,0,0,0,0,0,0,0,0,-32307,0,0,0,0,0,138498,0
138549,-552,540,-8418,-116,35,81,7751,-1,-3,400,104,37813,129,26,144,0,0,0,0,0,0,0,0,-32307,0,0,0,0,0,138499,0
138550,-552,540,-8418,-116,35,81,7750,-2,0,400,104,37813,129,26,144,0,0,0,0,0,0,0,0,-32307,0,0,0,0,0,138500,0
138551,-552,540,-8418,-116,35,81,7750,-5,-2,400,96,37813,129,26,144,0,0,0,0,0,0,0,0,-32308,0,0,0,0,0,138500,0
138552,-606,546,-8404,-135,74,96,7751,-1,-6,401,104,37813,129,26,144,0,0,0,0,0,0,0,0,-32307,0,0,0,0,0,138501,0
138553,-606,546,-8404,-135,74,96,7752,1,-1,401,96,37815,143,26,144,0,0,0,0,0,0,0,0,-32307,0,0,0,0,0,138503,0
138554,-606,546,-8404,-135,74,96,7750,0,0,402,96,37815,143,26,144,0,0,0,0,0,0,0,0,-32307,0,0,0,0,0,138504,0
138555,-606,546,-8404,-135,74,96,7751,0,-1,402,104,37815,143,26,144,0,0,0,0,0,0,0,0,-32307,0,0,0,0,0,138505,0
138556,-656,522,-8434,-145,102,102,7752,1,-1,402,104,37815,143,26,144,0,0,0,0,0,0,0,0,-32307,0,0,0,0,0,138506,0
138557,-656,522,-8434,-145,102,102,7752,4,6,403,104,37815,143,26,144,0,0,0,0,0,0,0,0,-32308,0,0,0,0,0,138507,0
138558,-656,522,-8434,-145,102,102,7751,7,3,402,104,37815,143,26,144,0,0,0,0,0,0,0,0,-32308,0,0,0,0,0,138508,0
138559,-656,522,-8434,-145,102,102,7751,0,-3,402,104,37815,143,26,144,0,0,0,0,0,0,0,0,-32307,0,0,0,0,0,138508,0
138560,-696,524,-8424,-146,121,112,7751,-5,-2,401,96,37815,143,26,144,0,0,0,0,0,0,0,0,-32307,0,0,0,0,0,138510,0
138561,-696,524,-8424,-146,121,112,7751,-4,-1,401,104,37815,143,26,144,0,0,0,0,0,0,0,0,-32308,0,0,0,0,0,138511,0
138562,-696,524,-8424,-146,121,112,7751,0,4,402,104,37815,143,26,144,0,0,0,0,0,0,0,0,-32307,0,0,0,0,0,138511,0
138563,-696,524,-8424,-146,121,112,7750,-2,1,401,104,37817,131,26,144,0,0,0,0,0,0,0,0,-32307,0,0,0,0,0,138513,0
138564,-710,508,-8424,-148,122,117,7749,-9,-2,401,96,37817,131,26,144,0,0,0,0,0,0,0,0,-32308,0,0,0,0,0,138514,0
138565,-710,508,-8424,-148,122,117,7750,-6,-2,401,96,37817,131,26,144,0,0,0,0,0,0,0,0,-32308,0,0,0,0,0,138515,0
138566,-710,508,-8424,-148,122,117,7750,-3,-1,401,104,37817,131,26,144,0,0,0,0,0,0,0,0,-32307,0,0,0,0,0,138516,0
138568,-722,460,-8426,-140,113,110,7750,5,-2,400,104,37817,131,26,144,0,0,0,0,0,0,0,0,-32308,0,0,0,0,0,138518,0
138569,-722,460,-8426,-140,113,110,7751,0,-2,401,104,37817,131,26,144,0,0,0,0,0,0,0,0,-32308,0,0,0,0,0,138519,0
138570,-722,460,-8426,-140,113,110,7751,1,3,401,104,37817,131,26,144,0,0,0,0,0,0,0,0,-32307,0,0,0,0,0,138520,0
138571,-722,460,-8426,-140,113,110,7751,-1,-3,401,104,37817,131,26,144,0,0,0,0,0,0,0,0,-32307,0,0,0,0,0,138521,0
138572,-770,454,-8434,-130,85,107,7750,0,-1,400,96,37817,131,26,144,0,0,0,0,0,0,0,0,-32307,0,0,0,0,0,138521,0
138573,-770,454,-8434,-130,85,107,7750,-2,2,399,104,37816,135,26,144,0,0,0,0,0,0,0,0,-32307,0,0,0,0,0,138523,0
138574,-770,454,-8434,-130,85,107,7752,3,1,400,104,37816,135,26,144,0,0,0,0,0,0,0,0,-32307,0,0,0,0,0,138524,0
138575,-770,454,-8434,-130,85,107,7752,8,1,401,104,37816,135,26,144,0,0,0,0,0,0,0,0,-32307,0,0,0,0,0,138524,0
138576,-812,456,-8444,-112,48,90,7749,-1,4,402,96,37816,135,26,144,0,0,0,0,0,0,0,0,-32308,0,0,0,0,0,138526,0
138577,-812,456,-8444,-112,48,90,7750,-6,-6,402,104,37816,135,26,144,0,0,0,0,0,0,0,0,-32308,0,0,0,0,0,138527,0
138578,-812,456,-8444,-112,48,90,7751,-6,-1,402,104,37816,135,26,144,0,0,0,0,0,0,0,0,-32307,0,0,0,0,0,138528,0
138579,-812,456,-8444,-112,48,90,7751,0,1,400,104,37816,135,26,144,0,0,0,0,0,0,0,0,-32307,0,0,0,0,0,138529,0
138580,-802,444,-8494,-97,10,71,7752,15,1,400,104,37816,135,26,144,0,0,0,0,0,0,0,0,-32308,0,0,0,0,0,138529,0
138581,-802,444,-8494,-97,10,71,7751,6,5,401,96,37816,135,26,144,0,0,0,0,0,0,0,0,-32307,0,0,0,0,0,138531,0
138582,-802,444,-8494,-97,10,71,7751,-1,1,400,96,37816,135,26,144,0,0,0,0,0,0,0,0,-32307,0,0,0,0,0,138531,0
138583,-802,444,-8494,-97,10,71,7751,-4,-1,399,96,37817,142,26,144,0,0,0,0,0,0,0,0,-32307,0,0,0,0,0,138533,0
138584,-790,450,-8504,-71,-35,56,7749,-14,2,397,96,37817,142,26,144,0,0,0,0,0,0,0,0,-32307,0,0,0,0,0,138534,0
138585,-790,450,-8504,-71,-35,56,7751,-2,0,397,104,37817,142,26,144,0,0,0,0,0,0,0,0,-32307,0,0,0,0,0,138535,0
138586,-790,450,-8504,-71,-35,56,7751,0,4,398,104,37817,142,26,144,0,0,0,0,0,0,0,0,-32307,0,0,0,0,0,138536,0
138587,-790,450,-8504,-71,-35,56,7751,2,3,400,104,37817,142,26,144,0,0,0,0,0,0,0,0,-32308,0,0,0,0,0,138537,0
138588,-776,388,-8514,-52,-74,45,7750,3,2,400,104,37817,142,26,144,0,0,0,0,0,0,0,0,-32307,0,0,0,0,0,138538,0
138589,-776,388,-8514,-52,-74,45,7752,5,-4,398,104,37817,142,26,144,0,0,0,0,0,0,0,0,-32307,0,0,0,0,0,138539,0
138590,-776,388,-8514,-52,-74,45,7750,2,1,399,104,37817,142,26,144,0,0,0,0,0,0,0,0,-32307,0,0,0,0,0,138540,0
138591,-776,388,-8514,-52,-74,45,7751,2,2,398,104,37817,142,26,144,0,0,0,0,0,0,0,0,-32307,0,0,0,0,0,138540,0
138592,-748,430,-8558,-30,-105,39,7752,3,2,398,112,37817,142,26,144,0,0,0,0,0,0,0,0,-32308,0,0,0,0,0,138541,0
138593,-748,430,-8558,-30,-105,39,7751,-4,-2,399,104,37823,162,26,144,0,0,0,0,0,0,0,0,-32307,0,0,0,0,0,138543,0
138594,-748,430,-8558,-30,-105,39,7751,1,-1,399,104,37823,162,26,144,0,0,0,0,0,0,0,0,-32308,0,0,0,0,0,138544,0
138595,-748,430,-8558,-30,-105,39,7751,-1,-3,399,104,37823,162,26,144,0,0,0,0,0,0,0,0,-32308,0,0,0,0,0,138545,0
138596,-738,418,-8550,-12,-133,30,7751,-3,0,399,96,37823,162,26,144,0,0,0,0,0,0,0,0,-32307,0,0,0,0,0,138546,0
138597,-738,418,-8550,-12,-133,30,7751,0,-4,399,104,37823,162,26,144,0,0,0,0,0,0,0,0,-32307,0,0,0,0,0,138547,0
138598,-738,418,-8550,-12,-133,30,7750,-2,3,398,104,37823,162,26,144,0,0,0,0,0,0,0,0,-32307,0,0,0,0,0,138548,0
138599,-738,418,-8550,-12,-133,30,7751,-2,3,399,104,37823,162,26,144,0,0,0,0,0,0,0,0,-32307,0,0,0,0,0,138548,0
138600,-674,460,-8562,10,-133,25,7751,2,-1,400,96,37823,162,26,144,0,0,0,0,0,0,0,0,-32308,0,0,0,0,0,138550,0
138601,-674,460,-8562,10,-133,25,7751,1,-2,400,104,37823,162,26,144,0,0,0,0,0,0,0,0,-32307,0,0,0,0,0,138551,0
138602,-674,460,-8562,10,-133,25,7750,0,-3,400,104,37823,162,26,144,0,0,0,0,0,0,0,0,-32307,0,0,0,0,0,138551,0
138603,-674,460,-8562,10,-133,25,7752,3,2,400,104,37822,165,26,144,0,0,0,0,0,0,0,0,-32307,0,0,0,0,0,138553,0
138604,-658,484,-8562,16,-121,26,7751,0,2,400,104,37822,165,26,144,0,0,0,0,0,0,0,0,-32307,0,0,0,0,0,138553,0
138605,-658,484,-8562,16,-121,26,7751,3,-2,401,112,37822,165,26,144,0,0,0,0,0,0,0,0,-32308,0,0,0,0,0,138555,0
138606,-658,484,-8562,16,-121,26,7750,-3,1,402,96,37822,165,26,144,0,0,0,0,0,0,0,0,-32307,0,0,0,0,0,138556,0
138607,-658,484,-8562,16,-121,26,7751,-5,-4,403,104,37822,165,26,144,0,0,0,0,0,0,0,0,-32307,0,0,0,0,0,138556,0
138608,-602,526,-8578,30,-97,34,7751,0,0,402,104,37822,165,26,144,0,0,0,0,0,0,0,0,-32308,0,0,0,0,0,138558,0
138609,-602,526,-8578,30,-97,34,7751,0,2,403,96,37822,165,26,144,0,0,0,0,0,0,0,0,-32308,0,0,0,0,0,138559,0
138610,-602,526,-8578,30,-97,34,7751,5,2,403,96,37822,165,26,144,0,0,0,0,0,0,0,0,-32307,0,0,0,0,0,138560,0
138611,-602,526,-8578,30,-97,34,7752,3,-2,402,104,37822,165,26,144,0,0,0,0,0,0,0,0,-32307,0,0,0,0,0,138561,0
138612,-624,524,-8558,32,-62,37,7750,1,3,403,104,37822,165,26,144,0,0,0,0,0,0,0,0,-32307,0,0,0,0,0,138561,0
138613,-624,524,-8558,32,-62,37,7751,-3,-4,403,104,37818,159,26,144,0,0,0,0,0,0,0,0,-32307,0,0,0,0,0,138563,0
138614,-624,524,-8558,32,-62,37,7751,-2,0,402,104,37818,159,26,144,0,0,0,0,0,0,0,0,-32307,0,0,0,0,0,138564,0
138615,-624,524,-8558,32,-62,37,7751,-4,0,402,96,37818,159,26,144,0,0,0,0,0,0,0,0,-32307,0,0,0,0,0,138564,0
138616,-592,542,-8578,18,-18,46,7750,0,0,401,104,37818,159,26,144,0,0,0,0,0,0,0,0,-32308,0,0,0,0,0,138566,0
138617,-592,542,-8578,18,-18,46,7751,-1,-2,400,104,37818,159,26,144,0,0,0,0,0,0,0,0,-32308,0,0,0,0,0,138567,0
138618,-592,542,-8578,18,-18,46,7750,-5,0,401,104,37818,159,26,144,0,0,0,0,0,0,0,0,-32308,0,0,0,0,0,138568,0
138619,-592,542,-8578,18,-18,46,7751,0,-5,399,104,37818,159,26,144,0,0,0,0,0,0,0,0,-32307,0,0,0,0,0,138569,0
138620,-594,516,-8538,10,28,49,7752,7,2,399,104,37818,159,26,144,0,0,0,0,0,0,0,0,-32307,0,0,0,0,0,138570,0
138621,-594,516,-8538,10,28,49,7751,6,6,399,104,37818,159,26,144,0,0,0,0,0,0,0,0,-32308,0,0,0,0,0,138571,0
138622,-594,516,-8538,10,28,49,7750,2,0,400,96,37818,159,26,144,0,0,0,0,0,0,0,0,-32308,0,0,0,0,0,138572,0
138624,-584,530,-8542,0,62,54,7751,-6,2,400,104,37812,151,26,144,0,0,0,0,0,0,0,0,-32307,0,0,0,0,0,138574,0
138625,-584,530,-8542,0,62,54,7750,-3,-1,399,96,37812,151,26,144,0,0,0,0,0,0,0,0,-32308,0,0,0,0,0,138574,0
138626,-584,530,-8542,0,62,54,7751,2,-3,399,104,37812,151,26,144,0,0,0,0,0,0,0,0,-32307,0,0,0,0,0,138576,0
138627,-584,530,-8542,0,62,54,7752,5,0,401,104,37812,151,26,144,0,0,0,0,0,0,0,0,-32307,0,0,0,0,0,138577,0
138628,-586,538,-8510,-23,91,65,7752,9,2,401,96,37812,151,26,144,0,0,0,0,0,0,0,0,-32307,0,0,0,0,0,138578,0
138629,-586,538,-8510,-23,91,65,7752,7,2,400,96,37812,151,26,144,0,0,0,0,0,0,0,0,-32307,0,0,0,0,0,138579,0
138630,-586,538,-8510,-23,91,65,7751,0,3,401,104,37812,151,26,144,0,0,0,0,0,0,0,0,-32308,0,0,0,0,0,138580,0
138631,-586,538,-8510,-23,91,65,7751,-4,0,399,104,37812,151,26,144,0,0,0,0,0,0,0,0,-32308,0,0,0,0,0,138580,0
138632,-592,500,-8482,-43,132,74,7750,-10,2,399,104,37812,151,26,144,0,0,0,0,0,0,0,0,-32307,0,0,0,0,0,138582,0
138633,-592,500,-8482,-43,132,74,7752,-1,0,399,104,37813,148,26,144,0,0,0,0,0,0,0,0,-32307,0,0,0,0,0,138582,0
138634,-592,500,-8482,-43,132,74,7751,1,3,400,96,37813,148,26,144,0,0,0,0,0,0,0,0,-32307,0,0,0,0,0,138584,0
138635,-592,500,-8482,-43,132,74,7751,1,-5,399,104,37813,148,26,144,0,0,0,0,0,0,0,0,-32307,0,0,0,0,0,138585,0
138636,-572,540,-8440,-61,164,79,7751,2,-1,399,104,37813,148,26,144,0,0,0,0,0,0,0,0,-32307,0,0,0,0,0,138586,0
138637,-572,540,-8440,-61,164,79,7750,-9,1,400,104,37813,148,26,144,0,0,0,0,0,0,0,0,-32308,0,0,0,0,0,138586,0
138638,-572,540,-8440,-61,164,79,7751,-1,-1,400,104,37813,148,26,144,0,0,0,0,0,0,0,0,-32308,0,0,0,0,0,138588,0
138639,-572,540,-8440,-61,164,79,7751,0,0,398,104,37813,148,26,144,0,0,0,0,0,0,0,0,-32307,0,0,0,0,0,138588,0
138640,-632,536,-8424,-68,185,79,7751,1,6,400,104,37813,148,26,144,0,0,0,0,0,0,0,0,-32307,0,0,0,0,0,138590,0
138641,-632,536,-8424,-68,185,79,7752,8,-3,400,104,37813,148,26,144,0,0,0,0,0,0,0,0,-32308,0,0,0,0,0,138590,0
138642,-632,536,-8424,-68,185,79,7750,-3,-1,399,104,37813,148,26,144,0,0,0,0,0,0,0,0,-32307,0,0,0,0,0,138592,0
138643,-632,536,-8424,-68,185,79,7752,1,-4,400,104,37815,143,26,144,0,0,0,0,0,0,0,0,-32308,0,0,0,0,0,138592,0
138644,-650,528,-8434,-77,200,83,7751,1,1,400,96,37815,143,26,144,0,0,0,0,0,0,0,0,-32307,0,0,0,0,0,138594,0
138645,-650,528,-8434,-77,200,83,7752,2,-1,400,112,37815,143,26,144,0,0,0,0,0,0,0,0,-32307,0,0,0,0,0,138595,0
138646,-650,528,-8434,-77,200,83,7751,6,2,401,104,37815,143,26,144,0,0,0,0,0,0,0,0,-32308,0,0,0,0,0,138596,0
138647,-650,528,-8434,-77,200,83,7751,-4,1,403,96,37815,143,26,144,0,0,0,0,0,0,0,0,-32308,0,0,0,0,0,138596,0
138648,-662,538,-8400,-77,204,89,7752,-1,-2,400,96,37815,143,26,144,0,0,0,0,0,0,0,0,-32308,0,0,0,0,0,138598,0
138649,-662,538,-8400,-77,204,89,7751,-1,2,401,112,37815,143,26,144,0,0,0,0,0,0,0,0,-32307,0,0,0,0,0,138598,0
138650,-662,538,-8400,-77,204,89,7752,2,0,400,96,37815,143,26,144,0,0,0,0,0,0,0,0,-32308,0,0,0,0,0,138600,0
138651,-662,538,-8400,-77,204,89,7752,7,-2,401,112,37815,143,26,144,0,0,0,0,0,0,0,0,-32307,0,0,0,0,0,138601,0
138652,-694,516,-8418,-78,195,77,7750,-3,4,400,104,37815,143,26,144,0,0,0,0,0,0,0,0,-32307,0,0,0,0,0,138602,0
138653,-694,516,-8418,-78,195,77,7752,-1,-3,401,96,37816,138,26,144,0,0,0,0,0,0,0,0,-32307,0,0,0,0,0,138602,0
138654,-694,516,-8418,-78,195,77,7751,-3,1,400,96,37816,138,26,144,0,0,0,0,0,0,0,0,-32308,0,0,0,0,0,138604,0
138655,-694,516,-8418,-78,195,77,7750,-9,-1,399,104,37816,138,26,144,0,0,0,0,0,0,0,0,-32307,0,0,0,0,0,138604,0
138656,-732,520,-8396,-74,173,67,7752,1,-3,401,104,37816,138,26,144,0,0,0,0,0,0,0,0,-32308,0,0,0,0,0,138606,0
138657,-732,520,-8396,-74,173,67,7751,-3,6,402,104,37816,138,26,144,0,0,0,0,0,0,0,0,-32308,0,0,0,0,0,138607,0
138658,-732,520,-8396,-74,173,67,7751,2,-1,402,104,37816,138,26,144,0,0,0,0,0,0,0,0,-32307,0,0,0,0,0,138608,0
138659,-732,520,-8396,-74,173,67,7751,6,0,403,104,37816,138,26,144,0,0,0,0,0,0,0,0,-32308,0,0,0,0,0,138609,0
138660,-732,482,-8412,-76,136,67,7752,1,-1,403,96,37816,138,26,144,0,0,0,0,0,0,0,0,-32308,0,0,0,0,0,138610,0
138661,-732,482,-8412,-76,136,67,7751,4,-1,401,104,37816,138,26,144,0,0,0,0,0,0,0,0,-32308,0,0,0,0,0,138611,0
138662,-732,482,-8412,-76,136,67,7752,5,2,402,104,37816,138,26,144,0,0,0,0,0,0,0,0,-32308,0,0,0,0,0,138612,0
138664,-716,408,-8404,-64,105,59,7751,-6,-2,402,104,37814,130,26,144,0,0,0,0,0,0,0,0,-32308,0,0,0,0,0,138614,0
138665,-716,408,-8404,-64,105,59,7751,-4,-3,402,104,37814,130,26,144,0,0,0,0,0,0,0,0,-32308,0,0,0,0,0,138615,0
138666,-716,408,-8404,-64,105,59,7751,-4,-4,402,96,37814,130,26,144,0,0,0,0,0,0,0,0,-32308,0,0,0,0,0,138616,0
138667,-716,408,-8404,-64,105,59,7752,6,1,400,104,37814,130,26,144,0,0,0,0,0,0,0,0,-32307,0,0,0,0,0,138617,0
138668,-714,446,-8412,-48,70,50,7752,6,-1,401,104,37814,130,26,144,0,0,0,0,0,0,0,0,-32308,0,0,0,0,0,138618,0
138669,-714,446,-8412,-48,70,50,7752,7,2,402,104,37814,130,26,144,0,0,0,0,0,0,0,0,-32308,0,0,0,0,0,138619,0
138670,-714,446,-8412,-48,70,50,7751,1,4,402,96,37814,130,26,144,0,0,0,0,0,0,0,0,-32307,0,0,0,0,0,138620,0
138671,-714,446,-8412,-48,70,50,7751,-4,-3,401,104,37814,130,26,144,0,0,0,0,0,0,0,0,-32307,0,0,0,0,0,138620,0
138672,-710,404,-8452,-39,38,41,7751,-6,1,401,96,37814,130,26,144,0,0,0,0,0,0,0,0,-32308,0,0,0,0,0,138622,0
138673,-710,404,-8452,-39,38,41,7751,-7,-1,400,104,37816,132,26,144,0,0,0,0,0,0,0,0,-32308,0,0,0,0,0,138622,0
138674,-710,404,-8452,-39,38,41,7751,0,3,401,104,37816,132,26,144,0,0,0,0,0,0,0,0,-32307,0,0,0,0,0,138624,0
138675,-710,404,-8452,-39,38,41,7751,-2,-4,402,96,37816,132,26,144,0,0,0,0,0,0,0,0,-32307,0,0,0,0,0,138624,0
138676,-698,422,-8448,-26,4,28,7750,-2,-1,401,104,37816,132,26,144,0,0,0,0,0,0,0,0,-32307,0,0,0,0,0,138626,0
138677,-698,422,-8448,-26,4,28,7751,-1,-2,401,104,37816,132,26,144,0,0,0,0,0,0,0,0,-32308,0,0,0,0,0,138627,0
138678,-698,422,-8448,-26,4,28,7751,-1,1,400,104,37816,132,26,144,0,0,0,0,0,0,0,0,-32307,0,0,0,0,0,138628,0
138680,-690,436,-8458,-8,-19,21,7751,2,2,400,104,37816,132,26,144,0,0,0,0,0,0,0,0,-32307,0,0,0,0,0,138630,0
138681,-690,436,-8458,-8,-19,21,7752,4,-2,400,104,37816,132,26,144,0,0,0,0,0,0,0,0,-32308,0,0,0,0,0,138631,0
138682,-690,436,-8458,-8,-19,21,7751,4,1,400,104,37816,132,26,144,0,0,0,0,0,0,0,0,-32307,0,0,0,0,0,138632,0
138683,-690,436,-8458,-8,-19,21,7751,0,-2,400,104,37816,140,26,144,0,0,0,0,0,0,0,0,-32307,0,0,0,0,0,138632,0
138684,-666,454,-8448,4,-42,33,7752,2,-4,398,96,37816,140,26,144,0,0,0,0,0,0,0,0,-32307,0,0,0,0,0,138634,0
138685,-666,454,-8448,4,-42,33,7750,-4,5,397,104,37816,140,26,144,0,0,0,0,0,0,0,0,-32307,0,0,0,0,0,138635,0
138686,-666,454,-8448,4,-42,33,7751,-3,-2,397,104,37816,140,26,144,0,0,0,0,0,0,0,0,-32307,0,0,0,0,0,138636,0
138687,-666,454,-8448,4,-42,33,7750,-3,0,398,104,37816,140,26,144,0,0,0,0,0,0,0,0,-32307,0,0,0,0,0,138636,0
138688,-638,456,-8432,7,-45,30,7751,-2,-2,398,104,37816,140,26,144,0,0,0,0,0,0,0,0,-32308,0,0,0,0,0,138638,0
138689,-638,456,-8432,7,-45,30,7751,5,0,399,104,37816,140,26,144,0,0,0,0,0,0,0,0,-32308,0,0,0,0,0,138639,0
138690,-638,456,-8432,7,-45,30,7751,3,-1,399,104,37816,140,26,144,0,0,0,0,0,0,0,0,-32307,0,0,0,0,0,138640,0
138691,-638,456,-8432,7,-45,30,7751,3,3,398,104,37816,140,26,144,0,0,0,0,0,0,0,0,-32307,0,0,0,0,0,138640,0
138692,-572,472,-8418,12,-47,36,7751,0,-3,400,104,37816,140,26,144,0,0,0,0,0,0,0,0,-32307,0,0,0,0,0,138642,0
138693,-572,472,-8418,12,-47,36,7751,-3,1,401,104,37820,147,26,144,0,0,0,0,0,0,0,0,-32307,0,0,0,0,0,138642,0
138694,-572,472,-8418,12,-47,36,7752,0,0,399,104,37820,147,26,144,0,0,0,0,0,0,0,0,-32307,0,0,0,0,0,138644,0
138696,-590,478,-8450,5,-29,35,7753,11,2,401,104,37820,147,26,144,0,0,0,0,0,0,0,0,-32307,0,0,0,0,0,138646,0
138697,-590,478,-8450,5,-29,35,7751,3,6,402,104,37820,147,26,144,0,0,0,0,0,0,0,0,-32308,0,0,0,0,0,138647,0
138698,-590,478,-8450,5,-29,35,7752,-1,3,400,96,37820,147,26,144,0,0,0,0,0,0,0,0,-32308,0,0,0,0,0,138648,0
138699,-590,478,-8450,5,-29,35,7751,-8,0,402,104,37820,147,26,144,0,0,0,0,0,0,0,0,-32307,0,0,0,0,0,138649,0
138700,-600,498,-8450,-3,-7,38,7751,-7,2,402,96,37820,147,26,144,0,0,0,0,0,0,0,0,-32307,0,0,0,0,0,138650,0
138701,-600,498,-8450,-3,-7,38,7751,0,0,402,96,37820,147,26,144,0,0,0,0,0,0,0,0,-32308,0,0,0,0,0,138651,0
138702,-600,498,-8450,-3,-7,38,7751,-4,1,402,112,37820,147,26,144,0,0,0,0,0,0,0,0,-32308,0,0,0,0,0,138652,0
138704,-588,546,-8438,-17,13,36,7752,2,-2,402,104,37816,148,26,144,0,0,0,0,0,0,0,0,-32308,0,0,0,0,0,138654,0
138705,-588,546,-8438,-17,13,36,7751,2,0,403,104,37816,148,26,144,0,0,0,0,0,0,0,0,-32308,0,0,0,0,0,138655,0
138706,-588,546,-8438,-17,13,36,7751,0,-2,403,96,37816,148,26,144,0,0,0,0,0,0,0,0,-32307,0,0,0,0,0,138656,0
138707,-588,546,-8438,-17,13,36,7753,5,1,402,104,37816,148,26,144,0,0,0,0,0,0,0,0,-32308,0,0,0,0,0,138657,0
138708,-608,538,-8442,-28,35,41,7751,0,4,402,104,37816,148,26,144,0,0,0,0,0,0,0,0,-32307,0,0,0,0,0,138658,0
138709,-608,538,-8442,-28,35,41,7752,3,-1,402,104,37816,148,26,144,0,0,0,0,0,0,0,0,-32307,0,0,0,0,0,138658,0
138710,-608,538,-8442,-28,35,41,7751,-2,2,401,104,37816,148,26,144,0,0,0,0,0,0,0,0,-32308,0,0,0,0,0,138660,0
138712,-596,514,-8456,-38,46,45,7751,0,1,401,104,37816,148,26,144,0,0,0,0,0,0,0,0,-32307,0,0,0,0,0,138662,0
138713,-596,514,-8456,-38,46,45,7752,-1,0,402,96,37816,144,26,144,0,0,0,0,0,0,0,0,-32307,0,0,0,0,0,138662,0
138714,-596,514,-8456,-38,46,45,7751,0,0,402,104,37816,144,26,144,0,0,0,0,0,0,0,0,-32307,0,0,0,0,0,138664,0
138715,-596,514,-8456,-38,46,45,7751,-3,-2,402,104,37816,144,26,144,0,0,0,0,0,0,0,0,-32307,0,0,0,0,0,138665,0
138716,-630,524,-8442,-43,48,46,7751,-1,-3,403,104,37816,144,26,144,0,0,0,0,0,0,0,0,-32308,0,0,0,0,0,138666,0
138717,-630,524,-8442,-43,48,46,7751,0,-2,402,104,37816,144,26,144,0,0,0,0,0,0,0,0,-32307,0,0,0,0,0,138667,0
138718,-630,524,-8442,-43,48,46,7752,4,-2,401,104,37816,144,26,144,0,0,0,0,0,0,0,0,-32307,0,0,0,0,0,138668,0
138719,-630,524,-8442,-43,48,46,7753,7,-1,402,104,37816,144,26,144,0,0,0,0,0,0,0,0,-32307,0,0,0,0,0,138668,0
138720,-636,530,-8432,-52,55,45,7751,3,3,401,104,37816,144,26,144,0,0,0,0,0,0,0,0,-32308,0,0,0,0,0,138670,0
138721,-636,530,-8432,-52,55,45,7751,-1,-1,401,104,37816,144,26,144,0,0,0,0,0,0,0,0,-32307,0,0,0,0,0,138671,0
138722,-636,530,-8432,-52,55,45,7751,-6,-4,402,96,37816,144,26,144,0,0,0,0,0,0,0,0,-32307,0,0,0,0,0,138672,0
138723,-636,530,-8432,-52,55,45,7751,-6,2,400,104,37815,137,26,144,0,0,0,0,0,0,0,0,-32307,0,0,0,0,0,138672,0
138724,-626,546,-8420,-54,56,46,7751,2,0,400,104,37815,137,26,144,0,0,0,0,0,0,0,0,-32308,0,0,0,0,0,138674,0
138725,-626,546,-8420,-54,56,46,7753,9,4,400,104,37815,137,26,144,0,0,0,0,0,0,0,0,-32307,0,0,0,0,0,138675,0
138726,-626,546,-8420,-54,56,46,7751,5,0,400,112,37815,137,26,144,0,0,0,0,0,0,0,0,-32307,0,0,0,0,0,138676,0
138728,-642,524,-8444,-51,55,48,7752,-6,-4,400,96,37815,137,26,144,0,0,0,0,0,0,0,0,-32308,0,0,0,0,0,138678,0
138729,-642,524,-8444,-51,55,48,7750,-11,0,401,104,37815,137,26,144,0,0,0,0,0,0,0,0,-32307,0,0,0,0,0,138678,0
138730,-642,524,-8444,-51,55,48,7752,2,-2,400,104,37815,137,26,144,0,0,0,0,0,0,0,0,-32307,0,0,0,0,0,138680,0
138731,-642,524,-8444,-51,55,48,7751,4,1,402,96,37815,137,26,144,0,0,0,0,0,0,0,0,-32308,0,0,0,0,0,138680,0
138732,-594,490,-8466,-49,53,46,7752,1,0,403,96,37815,137,26,144,0,0,0,0,0,0,0,0,-32308,0,0,0,0,0,138682,0
138733,-594,490,-8466,-49,53,46,7750,0,-1,403,104,37817,142,26,144,0,0,0,0,0,0,0,0,-32308,0,0,0,0,0,138682,0
138734,-594,490,-8466,-49,53,46,7751,-3,-6,403,104,37817,142,26,144,0,0,0,0,0,0,0,0,-32307,0,0,0,0,0,138684,0
138736,-604,530,-8440,-51,53,46,7751,0,3,400,104,37817,142,26,144,0,0,0,0,0,0,0,0,-32307,0,0,0,0,0,138686,0
138737,-604,530,-8440,-51,53,46,7751,2,1,400,104,37817,142,26,144,0,0,0,0,0,0,0,0,-32308,0,0,0,0,0,138687,0
138738,-604,530,-8440,-51,53,46,7751,-3,1,401,104,37817,142,26,144,0,0,0,0,0,0,0,0,-32307,0,0,0,0,0,138688,0
138739,-604,530,-8440,-51,53,46,7751,-3,0,399,104,37817,142,26,144,0,0,0,0,0,0,0,0,-32308,0,0,0,0,0,138688,0
138740,-610,514,-8468,-57,56,50,7750,-6,-4,398,96,37817,142,26,144,0,0,0,0,0,0,0,0,-32308,0,0,0,0,0,138690,0
138741,-610,514,-8468,-57,56,50,7750,-6,-3,398,96,37817,142,26,144,0,0,0,0,0,0,0,0,-32308,0,0,0,0,0,138690,0
138742,-610,514,-8468,-57,56,50,7751,0,4,397,104,37817,142,26,144,0,0,0,0,0,0,0,0,-32308,0,0,0,0,0,138692,0
138744,-588,494,-8422,-51,57,50,7751,7,2,400,96,37818,142,26,144,0,0,0,0,0,0,0,0,-32307,0,0,0,0,0,138694,0
138745,-588,494,-8422,-51,57,50,7752,7,0,399,96,37818,142,26,144,0,0,0,0,0,0,0,0,-32307,0,0,0,0,0,138694,0
138746,-588,494,-8422,-51,57,50,7751,-1,0,399,104,37818,142,26,144,0,0,0,0,0,0,0,0,-32308,0,0,0,0,0,138696,0
138747,-588,494,-8422,-51,57,50,7752,0,0,399,104,37818,142,26,144,0,0,0,0,0,0,0,0,-32307,0,0,0,0,0,138696,0
138748,-566,514,-8440,-54,52,58,7753,8,12,400,104,37818,142,26,144,0,0,0,0,0,0,0,0,-32308,0,0,0,0,0,138698,0
138749,-566,514,-8440,-54,52,58,7750,-3,-1,399,104,37818,142,26,144,0,0,0,0,0,0,0,0,-32308,0,0,0,0,0,138698,0
138750,-566,514,-8440,-54,52,58,7751,-4,-2,400,96,37818,142,26,144,0,0,0,0,0,0,0,0,-32307,0,0,0,0,0,138700,0
138751,-566,514,-8440,-54,52,58,7752,-3,3,401,104,37818,142,26,144,0,0,0,0,0,0,0,0,-32307,0,0,0,0,0,138700,0
138752,-578,528,-8418,-54,58,62,7751,-6,-2,399,104,37818,142,26,144,0,0,0,0,0,0,0,0,-32307,0,0,0,0,0,138702,0
138753,-578,528,-8418,-54,58,62,7751,1,0,400,96,37831,138,26,144,0,0,0,0,0,0,0,0,-32308,0,0,0,0,0,138702,0
138754,-578,528,-8418,-54,58,62,7752,2,4,400,104,37831,138,26,144,0,0,0,0,0,0,0,0,-32307,0,0,0,0,0,138703,0
138755,-578,528,-8418,-54,58,62,7751,1,1,401,112,37831,138,26,144,0,0,0,0,0,0,0,0,-32307,0,0,0,0,0,138705,0
138756,-546,530,-8410,-60,61,62,7752,7,1,401,104,37831,138,26,144,0,0,0,0,0,0,0,0,-32308,0,0,0,0,0,138705,0
138757,-546,530,-8410,-60,61,62,7751,0,0,402,104,37831,138,26,144,0,0,0,0,0,0,0,0,-32308,0,0,0,0,0,138707,0
138758,-546,530,-8410,-60,61,62,7752,-1,-1,401,104,37831,138,26,144,0,0,0,0,0,0,0,0,-32308,0,0,0,0,0,138707,0
138759,-546,530,-8410,-60,61,62,7751,0,0,403,104,37831,138,26,144,0,0,0,0,0,0,0,0,-32307,0,0,0,0,0,138708,0
138760,-582,520,-8430,-70,65,68,7752,0,2,403,96,37831,138,26,144,0,0,0,0,0,0,0,0,-32307,0,0,0,0,0,138710,0
138761,-582,520,-8430,-70,65,68,7751,-2,-1,402,104,37831,138,26,144,0,0,0,0,0,0,0,0,-32307,0,0,0,0,0,138710,0
138762,-582,520,-8430,-70,65,68,7752,-1,-3,403,104,37831,138,26,144,0,0,0,0,0,0,0,0,-32307,0,0,0,0,0,138712,0
138763,-582,520,-8430,-70,65,68,7750,-5,-1,402,104,37841,127,26,144,0,0,0,0,0,0,0,0,-32307,0,0,0,0,0,138712,0
138764,-516,540,-8438,-78,71,71,7754,6,5,401,104,37841,127,26,144,0,0,0,0,0,0,0,0,-32308,0,0,0,0,0,138714,0
138765,-516,540,-8438,-78,71,71,7750,2,-5,402,104,37841,127,26,144,0,0,0,0,0,0,0,0,-32307,0,0,0,0,0,138715,0
138766,-516,540,-8438,-78,71,71,7751,-1,-1,402,104,37841,127,26,144,0,0,0,0,0,0,0,0,-32307,0,0,0,0,0,138715,0
138767,-516,540,-8438,-78,71,71,7750,-2,-3,401,104,37841,127,26,144,0,0,0,0,0,0,0,0,-32307,0,0,0,0,0,138716,0
138768,-548,534,-8428,-89,73,76,7751,-11,-3,401,104,37841,127,26,144,0,0,0,0,0,0,0,0,-32307,0,0,0,0,0,138718,0
138769,-548,534,-8428,-89,73,76,7752,5,-3,401,104,37841,127,26,144,0,0,0,0,0,0,0,0,-32308,0,0,0,0,0,138718,0
138770,-548,534,-8428,-89,73,76,7752,3,2,399,112,37841,127,26,144,0,0,0,0,0,0,0,0,-32307,0,0,0,0,0,138720,0
138771,-548,534,-8428,-89,73,76,7753,11,3,400,112,37841,127,26,144,0,0,0,0,0,0,0,0,-32307,0,0,0,0,0,138720,0
138772,-584,532,-8420,-98,70,85,7752,5,0,401,104,37841,127,26,144,0,0,0,0,0,0,0,0,-32307,0,0,0,0,0,138722,0
138773,-584,532,-8420,-98,70,85,7750,-5,0,400,104,37844,115,26,144,0,0,0,0,0,0,0,0,-32308,0,0,0,0,0,138722,0
138774,-584,532,-8420,-98,70,85,7753,0,3,399,104,37844,115,26,144,0,0,0,0,0,0,0,0,-32308,0,0,0,0,0,138724,0
138775,-584,532,-8420,-98,70,85,7750,-8,-1,399,104,37844,115,26,144,0,0,0,0,0,0,0,0,-32307,0,0,0,0,0,138725,0
138776,-594,528,-8438,-99,61,78,7752,1,3,401,104,37844,115,26,144,0,0,0,0,0,0,0,0,-32307,0,0,0,0,0,138726,0
138777,-594,528,-8438,-99,61,78,7751,0,-2,402,104,37844,115,26,144,0,0,0,0,0,0,0,0,-32308,0,0,0,0,0,138727,0
138778,-594,528,-8438,-99,61,78,7752,-3,-6,403,104,37844,115,26,144,0,0,0,0,0,0,0,0,-32307,0,0,0,0,0,138728,0
138779,-594,528,-8438,-99,61,78,7751,3,2,402,104,37844,115,26,144,0,0,0,0,0,0,0,0,-32308,0,0,0,0,0,138729,0
138780,-628,528,-8432,-96,51,82,7751,-2,1,401,104,37844,115,26,144,0,0,0,0,0,0,0,0,-32308,0,0,0,0,0,138730,0
138781,-628,528,-8432,-96,51,82,7750,-3,-3,401,104,37844,115,26,144,0,0,0,0,0,0,0,0,-32308,0,0,0,0,0,138731,0
138782,-628,528,-8432,-96,51,82,7751,-6,3,401,104,37844,115,26,144,0,0,0,0,0,0,0,0,-32308,0,0,0,0,0,138732,0
138783,-628,528,-8432,-96,51,82,7751,-2,-4,400,104,37835,126,26,144,0,0,0,0,0,0,0,0,-32307,0,0,0,0,0,138733,0
138784,-602,510,-8460,-93,27,76,7751,2,1,399,104,37835,126,26,144,0,0,0,0,0,0,0,0,-32307,0,0,0,0,0,138734,0
138785,-602,510,-8460,-93,27,76,7750,1,-11,399,104,37835,126,26,144,0,0,0,0,0,0,0,0,-32308,0,0,0,0,0,138735,0
138786,-602,510,-8460,-93,27,76,7752,3,3,400,104,37835,126,26,144,0,0,0,0,0,0,0,0,-32307,0,0,0,0,0,138736,0
138787,-602,510,-8460,-93,27,76,7751,0,2,399,104,37835,126,26,144,0,0,0,0,0,0,0,0,-32307,0,0,0,0,0,138737,0
138788,-648,502,-8440,-86,17,74,7752,4,2,400,96,37835,126,26,144,0,0,0,0,0,0,0,0,-32307,0,0,0,0,0,138738,0
138789,-648,502,-8440,-86,17,74,7752,8,4,398,104,37835,126,26,144,0,0,0,0,0,0,0,0,-32307,0,0,0,0,0,138739,0
138790,-648,502,-8440,-86,17,74,7752,0,1,399,104,37835,126,26,144,0,0,0,0,0,0,0,0,-32307,0,0,0,0,0,138740,0
138791,-648,502,-8440,-86,17,74,7752,4,-1,399,104,37835,126,26,144,0,0,0,0,0,0,0,0,-32307,0,0,0,0,0,138741,0
138792,-622,494,-8486,-79,-14,70,7752,0,5,398,104,37835,126,26,144,0,0,0,0,0,0,0,0,-32307,0,0,0,0,0,138742,0
138793,-622,494,-8486,-79,-14,70,7752,0,-2,399,104,37824,136,26,144,0,0,0,0,0,0,0,0,-32307,0,0,0,0,0,138743,0
138794,-622,494,-8486,-79,-14,70,7750,-7,-1,400,96,37824,136,26,144,0,0,0,0,0,0,0,0,-32308,0,0,0,0,0,138744,0
138795,-622,494,-8486,-79,-14,70,7751,-11,-3,399,112,37824,136,26,144,0,0,0,0,0,0,0,0,-32308,0,0,0,0,0,138745,0
138796,-628,488,-8500,-71,-30,71,7752,-5,2,397,104,37824,136,26,144,0,0,0,0,0,0,0,0,-32307,0,0,0,0,0,138746,0
138797,-628,488,-8500,-71,-30,71,7752,5,2,399,104,37824,136,26,144,0,0,0,0,0,0,0,0,-32307,0,0,0,0,0,138747,0
138798,-628,488,-8500,-71,-30,71,7752,12,3,400,104,37824,136,26,144,0,0,0,0,0,0,0,0,-32307,0,0,0,0,0,138748,0
138799,-628,488,-8500,-71,-30,71,7751,1,4,399,104,37824,136,26,144,0,0,0,0,0,0,0,0,-32307,0,0,0,0,0,138749,0
138800,-636,482,-8520,-66,-43,69,7753,4,3,400,96,37824,136,26,144,0,0,0,0,0,0,0,0,-32307,0,0,0,0,0,138750,0
138801,-636,482,-8520,-66,-43,69,7752,0,1,398,96,37824,136,26,144,0,0,0,0,0,0,0,0,-32308,0,0,0,0,0,138751,0
138802,-636,482,-8520,-66,-43,69,7752,0,5,400,104,37824,136,26,144,0,0,0,0,0,0,0,0,-32308,0,0,0,0,0,138752,0
138803,-636,482,-8520,-66,-43,69,7752,0,-3,401,96,37820,135,26,144,0,0,0,0,0,0,0,0,-32307,0,0,0,0,0,138753,0
138804,-620,494,-8514,-60,-50,61,7753,-2,3,400,104,37820,135,26,144,0,0,0,0,0,0,0,0,-32307,0,0,0,0,0,138754,0
138805,-620,494,-8514,-60,-50,61,7751,0,-3,400,104,37820,135,26,144,0,0,0,0,0,0,0,0,-32307,0,0,0,0,0,138755,0
138806,-620,494,-8514,-60,-50,61,7751,-3,1,401,96,37820,135,26,144,0,0,0,0,0,0,0,0,-32308,0,0,0,0,0,138756,0
138807,-620,494,-8514,-60,-50,61,7751,-5,-5,400,104,37820,135,26,144,0,0,0,0,0,0,0,0,-32308,0,0,0,0,0,138757,0
138808,-664,470,-8502,-47,-52,59,7752,-1,3,399,104,37820,135,26,144,0,0,0,0,0,0,0,0,-32307,0,0,0,0,0,138758,0
138809,-664,470,-8502,-47,-52,59,7750,0,-6,401,104,37820,135,26,144,0,0,0,0,0,0,0,0,-32307,0,0,0,0,0,138759,0
138810,-664,470,-8502,-47,-52,59,7752,1,-2,401,104,37820,135,26,144,0,0,0,0,0,0,0,0,-32308,0,0,0,0,0,138760,0
138811,-664,470,-8502,-47,-52,59,7752,0,-3,401,104,37820,135,26,144,0,0,0,0,0,0,0,0,-32307,0,0,0,0,0,138761,0
138812,-632,476,-8498,-44,-48,51,7752,0,-1,402,104,37820,135,26,144,0,0,0,0,0,0,0,0,-32308,0,0,0,0,0,138762,0
138813,-632,476,-8498,-44,-48,51,7751,2,-3,402,104,37817,139,26,144,0,0,0,0,0,0,0,0,-32307,0,0,0,0,0,138763,0
138814,-632,476,-8498,-44,-48,51,7752,-2,-1,401,104,37817,139,26,144,0,0,0,0,0,0,0,0,-32307,0,0,0,0,0,138764,0
138815,-632,476,-8498,-44,-48,51,7753,6,2,402,104,37817,139,26,144,0,0,0,0,0,0,0,0,-32307,0,0,0,0,0,138765,0
138816,-636,460,-8508,-32,-46,51,7751,3,1,402,96,37817,139,26,144,0,0,0,0,0,0,0,0,-32307,0,0,0,0,0,138767,0
138817,-636,460,-8508,-32,-46,51,7750,-3,-4,399,104,37817,139,26,144,0,0,0,0,0,0,0,0,-32307,0,0,0,0,0,138767,0
138818,-636,460,-8508,-32,-46,51,7751,-7,-4,400,104,37817,139,26,144,0,0,0,0,0,0,0,0,-32307,0,0,0,0,0,138769,0
138819,-636,460,-8508,-32,-46,51,7752,-5,2,401,104,37817,139,26,144,0,0,0,0,0,0,0,0,-32308,0,0,0,0,0,138769,0
138820,-662,466,-8526,-26,-34,52,7751,0,2,400,104,37817,139,26,144,0,0,0,0,0,0,0,0,-32307,0,0,0,0,0,138771,0
138821,-662,466,-8526,-26,-34,52,7752,5,1,401,104,37817,139,26,144,0,0,0,0,0,0,0,0,-32308,0,0,0,0,0,138771,0
138822,-662,466,-8526,-26,-34,52,7750,-3,-10,401,104,37817,139,26,144,0,0,0,0,0,0,0,0,-32308,0,0,0,0,0,138773,0
138824,-652,434,-8472,-20,-11,53,7752,5,2,402,104,37818,139,26,144,0,0,0,0,0,0,0,0,-32307,0,0,0,0,0,138774,0
138825,-652,434,-8472,-20,-11,53,7751,0,-2,402,104,37818,139,26,144,0,0,0,0,0,0,0,0,-32307,0,0,0,0,0,138776,0
138826,-652,434,-8472,-20,-11,53,7752,1,1,402,104,37818,139,26,144,0,0,0,0,0,0,0,0,-32307,0,0,0,0,0,138776,0
138827,-652,434,-8472,-20,-11,53,7752,-5,2,401,104,37818,139,26,144,0,0,0,0,0,0,0,0,-32308,0,0,0,0,0,138778,0
138828,-628,466,-8470,-20,8,54,7751,-1,1,401,104,37818,139,26,144,0,0,0,0,0,0,0,0,-32307,0,0,0,0,0,138778,0
138829,-628,466,-8470,-20,8,54,7751,-1,-2,401,96,37818,139,26,144,0,0,0,0,0,0,0,0,-32307,0,0,0,0,0,138780,0
138830,-628,466,-8470,-20,8,54,7751,-4,1,401,104,37818,139,26,144,0,0,0,0,0,0,0,0,-32307,0,0,0,0,0,138780,0
138831,-628,466,-8470,-20,8,54,7751,-1,2,400,104,37818,139,26,144,0,0,0,0,0,0,0,0,-32307,0,0,0,0,0,138781,0
138832,-634,484,-8446,-22,33,47,7753,7,7,400,96,37818,139,26,144,0,0,0,0,0,0,0,0,-32307,0,0,0,0,0,138783,0
138833,-634,484,-8446,-22,33,47,7752,6,-2,399,112,37815,152,26,144,0,0,0,0,0,0,0,0,-32307,0,0,0,0,0,138783,0
138834,-634,484,-8446,-22,33,47,7753,7,3,399,104,37815,152,26,144,0,0,0,0,0,0,0,0,-32307,0,0,0,0,0,138784,0
138835,-634,484,-8446,-22,33,47,7752,4,-1,399,104,37815,152,26,144,0,0,0,0,0,0,0,0,-32308,0,0,0,0,0,138786,0
138836,-650,502,-8440,-21,58,42,7752,-1,4,399,104,37815,152,26,144,0,0,0,0,0,0,0,0,-32308,0,0,0,0,0,138786,0
138837,-650,502,-8440,-21,58,42,7751,-4,-6,399,104,37815,152,26,144,0,0,0,0,0,0,0,0,-32308,0,0,0,0,0,138788,0
138838,-650,502,-8440,-21,58,42,7751,-9,1,399,96,37815,152,26,144,0,0,0,0,0,0,0,0,-32307,0,0,0,0,0,138788,0
138839,-650,502,-8440,-21,58,42,7750,-9,-2,399,104,37815,152,26,144,0,0,0,0,0,0,0,0,-32307,0,0,0,0,0,138789,0
138840,-628,534,-8408,-36,77,50,7752,-1,0,399,96,37815,152,26,144,0,0,0,0,0,0,0,0,-32307,0,0,0,0,0,138791,0
138841,-628,534,-8408,-36,77,50,7752,6,-2,400,96,37815,152,26,144,0,0,0,0,0,0,0,0,-32307,0,0,0,0,0,138791,0
138842,-628,534,-8408,-36,77,50,7751,2,0,399,104,37815,152,26,144,0,0,0,0,0,0,0,0,-32308,0,0,0,0,0,138793,0
138843,-628,534,-8408,-36,77,50,7752,4,6,399,104,37813,149,26,144,0,0,0,0,0,0,0,0,-32307,0,0,0,0,0,138793,0
138844,-658,526,-8422,-45,85,56,7752,0,0,398,96,37813,149,26,144,0,0,0,0,0,0,0,0,-32308,0,0,0,0,0,138794,0
138845,-658,526,-8422,-45,85,56,7751,-1,-3,400,96,37813,149,26,144,0,0,0,0,0,0,0,0,-32308,0,0,0,0,0,138796,0
138846,-658,526,-8422,-45,85,56,7751,0,-3,398,104,37813,149,26,144,0,0,0,0,0,0,0,0,-32308,0,0,0,0,0,138796,0
138847,-658,526,-8422,-45,85,56,7753,1,2,400,96,37813,149,26,144,0,0,0,0,0,0,0,0,-32308,0,0,0,0,0,138797,0
138848,-654,550,-8408,-59,95,59,7750,-2,-8,399,104,37813,149,26,144,0,0,0,0,0,0,0,0,-32308,0,0,0,0,0,138799,0
138849,-654,550,-8408,-59,95,59,7752,2,2,399,104,37813,149,26,144,0,0,0,0,0,0,0,0,-32308,0,0,0,0,0,138799,0
138850,-654,550,-8408,-59,95,59,7751,-2,-5,400,104,37813,149,26,144,0,0,0,0,0,0,0,0,-32307,0,0,0,0,0,138801,0
138851,-654,550,-8408,-59,95,59,7751,-6,3,400,104,37813,149,26,144,0,0,0,0,0,0,0,0,-32308,0,0,0,0,0,138801,0
138852,-668,534,-8370,-73,94,63,7752,4,4,400,104,37813,149,26,144,0,0,0,0,0,0,0,0,-32307,0,0,0,0,0,138803,0
138853,-668,534,-8370,-73,94,63,7752,0,2,401,96,37813,133,26,144,0,0,0,0,0,0,0,0,-32308,0,0,0,0,0,138803,0
138854,-668,534,-8370,-73,94,63,7752,4,-1,401,104,37813,133,26,144,0,0,0,0,0,0,0,0,-32307,0,0,0,0,0,138805,0
138856,-690,540,-8386,-81,81,62,7752,-2,0,401,96,37813,133,26,144,0,0,0,0,0,0,0,0,-32308,0,0,0,0,0,138807,0
138857,-690,540,-8386,-81,81,62,7751,-3,-3,402,96,37813,133,26,144,0,0,0,0,0,0,0,0,-32308,0,0,0,0,0,138807,0
138858,-690,540,-8386,-81,81,62,7752,0,0,399,112,37813,133,26,144,0,0,0,0,0,0,0,0,-32308,0,0,0,0,0,138809,0
138859,-690,540,-8386,-81,81,62,7752,3,1,399,112,37813,133,26,144,0,0,0,0,0,0,0,0,-32308,0,0,0,0,0,138809,0
138860,-678,510,-8426,-86,70,66,7750,-3,2,399,104,37813,133,26,144,0,0,0,0,0,0,0,0,-32308,0,0,0,0,0,138811,0
138861,-678,510,-8426,-86,70,66,7751,-1,-4,398,104,37813,133,26,144,0,0,0,0,0,0,0,0,-32308,0,0,0,0,0,138811,0
138862,-678,510,-8426,-86,70,66,7752,0,7,400,104,37813,133,26,144,0,0,0,0,0,0,0,0,-32307,0,0,0,0,0,138813,0
138864,-716,512,-8424,-86,51,68,7752,7,3,400,104,37816,129,26,144,0,0,0,0,0,0,0,0,-32307,0,0,0,0,0,138815,0
138865,-716,512,-8424,-86,51,68,7751,0,-2,402,96,37816,129,26,144,0,0,0,0,0,0,0,0,-32308,0,0,0,0,0,138815,0
138866,-716,512,-8424,-86,51,68,7752,-3,-1,403,104,37816,129,26,144,0,0,0,0,0,0,0,0,-32308,0,0,0,0,0,138817,0
138867,-716,512,-8424,-86,51,68,7751,-1,-3,402,96,37816,129,26,144,0,0,0,0,0,0,0,0,-32308,0,0,0,0,0,138817,0
138868,-712,500,-8410,-82,29,68,7751,-2,-2,401,104,37816,129,26,144,0,0,0,0,0,0,0,0,-32308,0,0,0,0,0,138819,0
138869,-712,500,-8410,-82,29,68,7753,7,6,403,104,37816,129,26,144,0,0,0,0,0,0,0,0,-32308,0,0,0,0,0,138819,0
138870,-712,500,-8410,-82,29,68,7752,3,-2,402,104,37816,129,26,144,0,0,0,0,0,0,0,0,-32307,0,0,0,0,0,138821,0
138872,-690,492,-8436,-72,9,62,7752,3,2,402,104,37816,129,26,144,0,0,0,0,0,0,0,0,-32307,0,0,0,0,0,138823,0
138873,-690,492,-8436,-72,9,62,7752,-3,-2,400,104,37815,134,26,144,0,0,0,0,0,0,0,0,-32308,0,0,0,0,0,138823,0
138874,-690,492,-8436,-72,9,62,7752,3,3,401,104,37815,134,26,144,0,0,0,0,0,0,0,0,-32307,0,0,0,0,0,138825,0
138875,-690,492,-8436,-72,9,62,7751,-5,3,401,104,37815,134,26,144,0,0,0,0,0,0,0,0,-32307,0,0,0,0,0,138825,0
138876,-676,468,-8440,-57,-15,52,7752,-5,-4,401,104,37815,134,26,144,0,0,0,0,0,0,0,0,-32308,0,0,0,0,0,138827,0
138877,-676,468,-8440,-57,-15,52,7752,-2,0,401,104,37815,134,26,144,0,0,0,0,0,0,0,0,-32307,0,0,0,0,0,138827,0
138878,-676,468,-8440,-57,-15,52,7753,3,1,400,104,37815,134,26,144,0,0,0,0,0,0,0,0,-32307,0,0,0,0,0,138829,0
138880,-676,464,-8468,-42,-34,45,7751,-3,-2,401,104,37815,134,26,144,0,0,0,0,0,0,0,0,-32308,0,0,0,0,0,138831,0
138881,-676,464,-8468,-42,-34,45,7752,-3,4,402,112,37815,134,26,144,0,0,0,0,0,0,0,0,-32308,0,0,0,0,0,138831,0
138882,-676,464,-8468,-42,-34,45,7752,-4,4,399,104,37815,134,26,144,0,0,0,0,0,0,0,0,-32308,0,0,0,0,0,138833,0
138883,-676,464,-8468,-42,-34,45,7752,2,-4,399,112,37816,142,26,144,0,0,0,0,0,0,0,0,-32308,0,0,0,0,0,138833,0
138884,-698,464,-8474,-30,-43,41,7752,6,0,399,104,37816,142,26,144,0,0,0,0,0,0,0,0,-32308,0,0,0,0,0,138835,0
138885,-698,464,-8474,-30,-43,41,7752,0,-3,400,104,37816,142,26,144,0,0,0,0,0,0,0,0,-32307,0,0,0,0,0,138835,0
138886,-698,464,-8474,-30,-43,41,7753,1,3,399,104,37816,142,26,144,0,0,0,0,0,0,0,0,-32308,0,0,0,0,0,138837,0
138888,-678,460,-8472,-15,-59,38,7752,0,-3,400,104,37816,142,26,144,0,0,0,0,0,0,0,0,-32307,0,0,0,0,0,138839,0
138889,-678,460,-8472,-15,-59,38,7751,-2,-1,402,104,37816,142,26,144,0,0,0,0,0,0,0,0,-32307,0,0,0,0,0,138839,0
138890,-678,460,-8472,-15,-59,38,7751,-4,-3,400,104,37816,142,26,144,0,0,0,0,0,0,0,0,-32307,0,0,0,0,0,138841,0
138891,-678,460,-8472,-15,-59,38,7752,2,0,401,104,37816,142,26,144,0,0,0,0,0,0,0,0,-32308,0,0,0,0,0,138841,0
138892,-638,450,-8472,-1,-66,30,7751,-5,-4,400,112,37816,142,26,144,0,0,0,0,0,0,0,0,-32308,0,0,0,0,0,138843,0
138893,-638,450,-8472,-1,-66,30,7752,0,-3,399,104,37814,148,26,144,0,0,0,0,0,0,0,0,-32308,0,0,0,0,0,138843,0
138894,-638,450,-8472,-1,-66,30,7752,2,3,400,104,37814,148,26,144,0,0,0,0,0,0,0,0,-32307,0,0,0,0,0,138845,0
138896,-638,470,-8504,4,-68,29,7753,6,2,399,104,37814,148,26,144,0,0,0,0,0,0,0,0,-32307,0,0,0,0,0,138847,0
138897,-638,470,-8504,4,-68,29,7752,4,3,401,104,37814,148,26,144,0,0,0,0,0,0,0,0,-32308,0,0,0,0,0,138847,0
138898,-638,470,-8504,4,-68,29,7753,4,2,400,104,37814,148,26,144,0,0,0,0,0,0,0,0,-32307,0,0,0,0,0,138849,0
138899,-638,470,-8504,4,-68,29,7752,2,0,399,112,37814,148,26,144,0,0,0,0,0,0,0,0,-32307,0,0,0,0,0,138849,0
138900,-584,492,-8482,17,-61,27,7752,-5,-2,401,104,37814,148,26,144,0,0,0,0,0,0,0,0,-32308,0,0,0,0,0,138851,0
138901,-584,492,-8482,17,-61,27,7751,-6,1,402,104,37814,148,26,144,0,0,0,0,0,0,0,0,-32307,0,0,0,0,0,138851,0
138902,-584,492,-8482,17,-61,27,7752,-4,1,401,112,37814,148,26,144,0,0,0,0,0,0,0,0,-32307,0,0,0,0,0,138853,0
138904,-574,554,-8466,9,-43,23,7752,5,2,402,104,37815,134,26,144,0,0,0,0,0,0,0,0,-32307,0,0,0,0,0,138855,0
138905,-574,554,-8466,9,-43,23,7750,-3,-5,403,104,37815,134,26,144,0,0,0,0,0,0,0,0,-32308,0,0,0,0,0,138855,0
138906,-574,554,-8466,9,-43,23,7752,-4,4,403,104,37815,134,26,144,0,0,0,0,0,0,0,0,-32308,0,0,0,0,0,138857,0
138907,-574,554,-8466,9,-43,23,7752,-1,-1,404,104,37815,134,26,144,0,0,0,0,0,0,0,0,-32308,0,0,0,0,0,138857,0
138908,-580,540,-8482,9,-26,29,7752,3,0,402,120,37815,134,26,144,0,0,0,0,0,0,0,0,-32308,0,0,0,0,0,138859,0
138909,-580,540,-8482,9,-26,29,7752,6,2,402,112,37815,134,26,144,0,0,0,0,0,0,0,0,-32307,0,0,0,0,0,138859,0
138910,-580,540,-8482,9,-26,29,7752,-1,-2,403,104,37815,134,26,144,0,0,0,0,0,0,0,0,-32307,0,0,0,0,0,138861,0
138912,-586,554,-8482,6,-11,33,7752,0,0,400,104,37815,134,26,144,0,0,0,0,0,0,0,0,-32307,0,0,0,0,0,138863,0
138913,-586,554,-8482,6,-11,33,7752,2,1,401,104,37813,131,26,144,0,0,0,0,0,0,0,0,-32307,0,0,0,0,0,138863,0
138914,-586,554,-8482,6,-11,33,7751,-4,0,402,104,37813,131,26,144,0,0,0,0,0,0,0,0,-32308,0,0,0,0,0,138865,0
138915,-586,554,-8482,6,-11,33,7754,7,4,402,104,37813,131,26,144,0,0,0,0,0,0,0,0,-32308,0,0,0,0,0,138865,0
138916,-554,580,-8438,-11,14,39,7752,0,1,403,104,37813,131,26,144,0,0,0,0,0,0,0,0,-32307,0,0,0,0,0,138867,0
138917,-554,580,-8438,-11,14,39,7753,3,-3,402,104,37813,131,26,144,0,0,0,0,0,0,0,0,-32308,0,0,0,0,0,138867,0
138918,-554,580,-8438,-11,14,39,7752,3,-1,402,104,37813,131,26,144,0,0,0,0,0,0,0,0,-32307,0,0,0,0,0,138869,0
138920,-550,576,-8480,-21,30,55,7751,-5,-4,402,104,37813,131,26,144,0,0,0,0,0,0,0,0,-32307,0,0,0,0,0,138871,0
138921,-550,576,-8480,-21,30,55,7752,-4,1,401,104,37813,131,26,144,0,0,0,0,0,0,0,0,-32307,0,0,0,0,0,138871,0
138922,-550,576,-8480,-21,30,55,7751,0,-3,402,104,37813,131,26,144,0,0,0,0,0,0,0,0,-32307,0,0,0,0,0,138873,0
138923,-550,576,-8480,-21,30,55,7752,4,-2,401,104,37815,146,26,144,0,0,0,0,0,0,0,0,-32308,0,0,0,0,0,138873,0
138924,-552,578,-8468,-41,49,62,7752,0,0,401,104,37815,146,26,144,0,0,0,0,0,0,0,0,-32307,0,0,0,0,0,138875,0
138925,-552,578,-8468,-41,49,62,7753,7,4,401,104,37815,146,26,144,0,0,0,0,0,0,0,0,-32307,0,0,0,0,0,138875,0
138926,-552,578,-8468,-41,49,62,7753,11,7,401,104,37815,146,26,144,0,0,0,0,0,0,0,0,-32307,0,0,0,0,0,138877,0
138928,-600,580,-8408,-57,56,67,7752,-2,2,400,96,37815,146,26,144,0,0,0,0,0,0,0,0,-32308,0,0,0,0,0,138879,0
138929,-600,580,-8408,-57,56,67,7752,-7,-5,400,104,37815,146,26,144,0,0,0,0,0,0,0,0,-32307,0,0,0,0,0,138879,0
138930,-600,580,-8408,-57,56,67,7752,0,0,399,104,37815,146,26,144,0,0,0,0,0,0,0,0,-32308,0,0,0,0,0,138881,0
138931,-600,580,-8408,-57,56,67,7752,4,0,399,104,37815,146,26,144,0,0,0,0,0,0,0,0,-32308,0,0,0,0,0,138881,0
138932,-558,548,-8424,-67,71,75,7753,2,2,399,104,37815,146,26,144,0,0,0,0,0,0,0,0,-32307,0,0,0,0,0,138883,0
138933,-558,548,-8424,-67,71,75,7752,0,-3,400,104,37817,144,26,144,0,0,0,0,0,0,0,0,-32308,0,0,0,0,0,138883,0
138934,-558,548,-8424,-67,71,75,7752,0,3,398,104,37817,144,26,144,0,0,0,0,0,0,0,0,-32307,0,0,0,0,0,138885,0
138936,-590,528,-8420,-69,76,79,7751,-6,-2,399,104,37817,144,26,144,0,0,0,0,0,0,0,0,-32307,0,0,0,0,0,138887,0
138937,-590,528,-8420,-69,76,79,7751,-3,-2,400,104,37817,144,26,144,0,0,0,0,0,0,0,0,-32308,0,0,0,0,0,138887,0
138938,-590,528,-8420,-69,76,79,7752,-2,-1,400,104,37817,144,26,144,0,0,0,0,0,0,0,0,-32308,0,0,0,0,0,138889,0
138939,-590,528,-8420,-69,76,79,7751,-1,-7,401,104,37817,144,26,144,0,0,0,0,0,0,0,0,-32307,0,0,0,0,0,138889,0
138940,-552,552,-8400,-64,67,76,7752,2,-1,399,96,37817,144,26,144,0,0,0,0,0,0,0,0,-32307,0,0,0,0,0,138891,0
138941,-552,552,-8400,-64,67,76,7750,-6,-1,398,96,37817,144,26,144,0,0,0,0,0,0,0,0,-32308,0,0,0,0,0,138891,0
138942,-552,552,-8400,-64,67,76,7752,-4,-3,400,104,37817,144,26,144,0,0,0,0,0,0,0,0,-32307,0,0,0,0,0,138893,0
138944,-616,542,-8398,-67,52,75,7752,5,1,400,104,37818,158,26,144,0,0,0,0,0,0,0,0,-32308,0,0,0,0,0,138895,0
138945,-616,542,-8398,-67,52,75,7752,7,2,399,104,37818,158,26,144,0,0,0,0,0,0,0,0,-32308,0,0,0,0,0,138895,0
138946,-616,542,-8398,-67,52,75,7752,2,-2,399,104,37818,158,26,144,0,0,0,0,0,0,0,0,-32308,0,0,0,0,0,138897,0
138947,-616,542,-8398,-67,52,75,7752,2,-3,401,96,37818,158,26,144,0,0,0,0,0,0,0,0,-32307,0,0,0,0,0,138897,0
138948,-664,488,-8412,-60,33,76,7752,-2,1,400,104,37818,158,26,144,0,0,0,0,0,0,0,0,-32308,0,0,0,0,0,138899,0
138949,-664,488,-8412,-60,33,76,7753,6,0,400,104,37818,158,26,144,0,0,0,0,0,0,0,0,-32308,0,0,0,0,0,138899,0
138950,-664,488,-8412,-60,33,76,7750,-3,-3,401,96,37818,158,26,144,0,0,0,0,0,0,0,0,-32307,0,0,0,0,0,138901,0
138952,-654,496,-8426,-59,10,69,7752,-1,0,400,104,37818,158,26,144,0,0,0,0,0,0,0,0,-32307,0,0,0,0,0,138903,0
138953,-654,496,-8426,-59,10,69,7752,0,3,401,104,37812,144,26,144,0,0,0,0,0,0,0,0,-32308,0,0,0,0,0,138903,0
138954,-654,496,-8426,-59,10,69,7752,9,2,399,104,37812,144,26,144,0,0,0,0,0,0,0,0,-32307,0,0,0,0,0,138905,0
138955,-654,496,-8426,-59,10,69,7752,1,2,399,112,37812,144,26,144,0,0,0,0,0,0,0,0,-32308,0,0,0,0,0,138905,0
138956,-690,510,-8418,-56,-23,72,7753,4,0,401,104,37812,144,26,144,0,0,0,0,0,0,0,0,-32308,0,0,0,0,0,138907,0
138957,-690,510,-8418,-56,-23,72,7751,-2,3,400,104,37812,144,26,144,0,0,0,0,0,0,0,0,-32308,0,0,0,0,0,138907,0
138958,-690,510,-8418,-56,-23,72,7753,0,4,399,112,37812,144,26,144,0,0,0,0,0,0,0,0,-32307,0,0,0,0,0,138909,0
138960,-696,454,-8428,-47,-59,64,7752,-3,3,400,112,37812,144,26,144,0,0,0,0,0,0,0,0,-32307,0,0,0,0,0,138911,0
138961,-696,454,-8428,-47,-59,64,7752,4,0,400,112,37812,144,26,144,0,0,0,0,0,0,0,0,-32307,0,0,0,0,0,138911,0
138962,-696,454,-8428,-47,-59,64,7751,-7,0,401,104,37812,144,26,144,0,0,0,0,0,0,0,0,-32307,0,0,0,0,0,138913,0
138963,-696,454,-8428,-47,-59,64,7752,-1,-1,401,104,37815,136,26,144,0,0,0,0,0,0,0,0,-32308,0,0,0,0,0,138913,0
138964,-682,484,-8420,-40,-88,67,7752,-2,4,401,104,37815,136,26,144,0,0,0,0,0,0,0,0,-32308,0,0,0,0,0,138915,0
138965,-682,484,-8420,-40,-88,67,7752,1,-1,401,104,37815,136,26,144,0,0,0,0,0,0,0,0,-32308,0,0,0,0,0,138915,0
138966,-682,484,-8420,-40,-88,67,7754,14,5,402,104,37815,136,26,144,0,0,0,0,0,0,0,0,-32307,0,0,0,0,0,138917,0
138968,-678,476,-8450,-32,-114,69,7753,-1,2,402,104,37815,136,26,144,0,0,0,0,0,0,0,0,-32308,0,0,0,0,0,138919,0
138969,-678,476,-8450,-32,-114,69,7752,-1,-3,403,104,37815,136,26,144,0,0,0,0,0,0,0,0,-32307,0,0,0,0,0,138919,0
138970,-678,476,-8450,-32,-114,69,7753,-1,-1,402,104,37815,136,26,144,0,0,0,0,0,0,0,0,-32308,0,0,0,0,0,138921,0
138971,-678,476,-8450,-32,-114,69,7752,5,2,402,104,37815,136,26,144,0,0,0,0,0,0,0,0,-32308,0,0,0,0,0,138921,0
138972,-656,496,-8456,-17,-120,69,7752,-2,-1,402,96,37815,136,26,144,0,0,0,0,0,0,0,0,-32308,0,0,0,0,0,138923,0
138973,-656,496,-8456,-17,-120,69,7751,-4,-2,402,104,37814,136,26,144,0,0,0,0,0,0,0,0,-32308,0,0,0,0,0,138923,0
138974,-656,496,-8456,-17,-120,69,7752,-2,2,401,104,37814,136,26,144,0,0,0,0,0,0,0,0,-32307,0,0,0,0,0,138925,0
138976,-640,514,-8480,-8,-123,60,7751,-2,0,401,104,37814,136,26,144,0,0,0,0,0,0,0,0,-32307,0,0,0,0,0,138927,0
138977,-640,514,-8480,-8,-123,60,7753,5,2,399,112,37814,136,26,144,0,0,0,0,0,0,0,0,-32307,0,0,0,0,0,138927,0
138978,-640,514,-8480,-8,-123,60,7752,0,-3,400,104,37814,136,26,144,0,0,0,0,0,0,0,0,-32307,0,0,0,0,0,138929,0
138979,-640,514,-8480,-8,-123,60,7751,-1,-5,401,104,37814,136,26,144,0,0,0,0,0,0,0,0,-32307,0,0,0,0,0,138929,0
138980,-658,504,-8468,-12,-124,52,7752,-1,-2,399,104,37814,136,26,144,0,0,0,0,0,0,0,0,-32307,0,0,0,0,0,138931,0
138981,-658,504,-8468,-12,-124,52,7751,-6,2,400,104,37814,136,26,144,0,0,0,0,0,0,0,0,-32308,0,0,0,0,0,138931,0
138982,-658,504,-8468,-12,-124,52,7752,0,-2,399,104,37814,136,26,144,0,0,0,0,0,0,0,0,-32308,0,0,0,0,0,138933,0
138984,-646,544,-8504,-15,-112,47,7752,1,-1,400,104,37818,124,26,144,0,0,0,0,0,0,0,0,-32307,0,0,0,0,0,138935,0
138985,-646,544,-8504,-15,-112,47,7752,3,-2,400,104,37818,124,26,144,0,0,0,0,0,0,0,0,-32308,0,0,0,0,0,138935,0
138986,-646,544,-8504,-15,-112,47,7751,-4,1,398,104,37818,124,26,144,0,0,0,0,0,0,0,0,-32307,0,0,0,0,0,138936,0
138987,-646,544,-8504,-15,-112,47,7751,-5,-4,398,104,37818,124,26,144,0,0,0,0,0,0,0,0,-32307,0,0,0,0,0,138938,0
138988,-668,544,-8502,-15,-104,38,7752,-1,3,399,96,37818,124,26,144,0,0,0,0,0,0,0,0,-32307,0,0,0,0,0,138938,0
138989,-668,544,-8502,-15,-104,38,7752,0,-1,399,104,37818,124,26,144,0,0,0,0,0,0,0,0,-32307,0,0,0,0,0,138940,0
138990,-668,544,-8502,-15,-104,38,7752,4,0,399,104,37818,124,26,144,0,0,0,0,0,0,0,0,-32307,0,0,0,0,0,138940,0
138991,-668,544,-8502,-15,-104,38,7753,5,-1,400,104,37818,124,26,144,0,0,0,0,0,0,0,0,-32307,0,0,0,0,0,138941,0
138992,-652,542,-8524,-8,-89,31,7752,3,0,399,104,37818,124,26,144,0,0,0,0,0,0,0,0,-32307,0,0,0,0,0,138943,0
138993,-652,542,-8524,-8,-89,31,7751,-1,1,398,104,37813,131,26,144,0,0,0,0,0,0,0,0,-32307,0,0,0,0,0,138943,0
138994,-652,542,-8524,-8,-89,31,7753,0,8,398,104,37813,131,26,144,0,0,0,0,0,0,0,0,-32307,0,0,0,0,0,138945,0
138995,-652,542,-8524,-8,-89,31,7752,-2,-2,399,104,37813,131,26,144,0,0,0,0,0,0,0,0,-32307,0,0,0,0,0,138945,0
138996,-630,518,-8550,-3,-84,32,7753,3,4,398,112,37813,131,26,144,0,0,0,0,0,0,0,0,-32307,0,0,0,0,0,138946,0
138997,-630,518,-8550,-3,-84,32,7751,1,-1,400,104,37813,131,26,144,0,0,0,0,0,0,0,0,-32308,0,0,0,0,0,138948,0
138998,-630,518,-8550,-3,-84,32,7754,3,4,400,112,37813,131,26,144,0,0,0,0,0,0,0,0,-32307,0,0,0,0,0,138948,0
138999,-630,518,-8550,-3,-84,32,7752,1,0,401,112,37813,131,26,144,0,0,0,0,0,0,0,0,-32307,0,0,0,0,0,138949,0
139000,-652,480,-8540,3,-86,31,7752,-3,4,401,104,37813,131,26,144,0,0,0,0,0,0,0,0,-32307,0,0,0,0,0,138951,0
139001,-652,480,-8540,3,-86,31,7751,-3,-3,401,112,37813,131,26,144,0,0,0,0,0,0,0,0,-32308,0,0,0,0,0,138951,0
139002,-652,480,-8540,3,-86,31,7753,-4,3,401,112,37813,131,26,144,0,0,0,0,0,0,0,0,-32307,0,0,0,0,0,138953,0
139003,-652,480,-8540,3,-86,31,7753,5,1,402,104,37813,135,26,144,0,0,0,0,0,0,0,0,-32307,0,0,0,0,0,138953,0
139004,-648,498,-8546,9,-74,44,7752,3,-1,402,112,37813,135,26,144,0,0,0,0,0,0,0,0,-32307,0,0,0,0,0,138955,0
139005,-648,498,-8546,9,-74,44,7751,-4,-4,402,112,37813,135,26,144,0,0,0,0,0,0,0,0,-32307,0,0,0,0,0,138955,0
139006,-648,498,-8546,9,-74,44,7751,-10,-2,402,112,37813,135,26,144,0,0,0,0,0,0,0,0,-32307,0,0,0,0,0,138956,0
139007,-648,498,-8546,9,-74,44,7751,-9,-1,403,104,37813,135,26,144,0,0,0,0,0,0,0,0,-32308,0,0,0,0,0,138957,0
139008,-614,494,-8540,6,-52,51,7751,-2,-2,403,112,37813,135,26,144,0,0,0,0,0,0,0,0,-32307,0,0,0,0,0,138959,0
139009,-614,494,-8540,6,-52,51,7753,7,-1,402,112,37813,135,26,144,0,0,0,0,0,0,0,0,-32307,0,0,0,0,0,138959,0
139010,-614,494,-8540,6,-52,51,7751,1,-5,403,112,37813,135,26,144,0,0,0,0,0,0,0,0,-32307,0,0,0,0,0,138961,0
139011,-614,494,-8540,6,-52,51,7752,5,2,401,112,37813,135,26,144,0,0,0,0,0,0,0,0,-32307,0,0,0,0,0,138961,0
139012,-630,516,-8544,1,-26,54,7751,-1,-6,401,112,37813,135,26,144,0,0,0,0,0,0,0,0,-32308,0,0,0,0,0,138963,0
139013,-630,516,-8544,1,-26,54,7753,2,3,401,112,37815,132,26,144,0,0,0,0,0,0,0,0,-32308,0,0,0,0,0,138963,0
139014,-630,516,-8544,1,-26,54,7752,6,0,399,112,37815,132,26,144,0,0,0,0,0,0,0,0,-32307,0,0,0,0,0,138965,0
139016,-568,524,-8488,-4,5,48,7752,2,-3,404,104,37815,132,26,144,0,0,0,0,0,0,0,0,-32307,0,0,0,0,0,138966,0
139017,-568,524,-8488,-4,5,48,7752,-3,-2,404,112,37815,132,26,144,0,0,0,0,0,0,0,0,-32308,0,0,0,0,0,138968,0
139018,-568,524,-8488,-4,5,48,7753,0,3,403,104,37815,132,26,144,0,0,0,0,0,0,0,0,-32308,0,0,0,0,0,138968,0
139019,-568,524,-8488,-4,5,48,7752,-2,3,404,104,37815,132,26,144,0,0,0,0,0,0,0,0,-32308,0,0,0,0,0,138971,0
139020,-596,526,-8474,-10,42,59,7752,0,1,403,104,37815,132,26,144,0,0,0,0,0,0,0,0,-32307,0,0,0,0,0,138971,0
139021,-596,526,-8474,-10,42,59,7752,0,0,404,104,37815,132,26,144,0,0,0,0,0,0,0,0,-32308,0,0,0,0,0,138972,0
139022,-596,526,-8474,-10,42,59,7752,-3,4,404,104,37815,132,26,144,0,0,0,0,0,0,0,0,-32308,0,0,0,0,0,138972,0
139023,-596,526,-8474,-10,42,59,7752,0,-3,401,104,37815,132,26,144,0,0,0,0,0,0,0,0,-32308,0,0,0,0,0,138973,0
139024,-638,558,-8464,-26,76,70,7751,-4,1,401,104,37815,132,26,144,0,0,0,0,0,0,0,0,-32307,0,0,0,0,0,138975,0
139025,-638,558,-8464,-26,76,70,7752,0,-3,401,104,37815,132,26,144,0,0,0,0,0,0,0,0,-32308,0,0,0,0,0,138975,0
139026,-638,558,-8464,-26,76,70,7751,-2,5,400,104,37815,132,26,144,0,0,0,0,0,0,0,0,-32307,0,0,0,0,0,138977,0
139027,-638,558,-8464,-26,76,70,7753,2,1,400,104,37815,132,26,144,0,0,0,0,0,0,0,0,-32308,0,0,0,0,0,138978,0
139028,-626,554,-8420,-28,105,78,7752,5,1,400,104,37815,132,26,144,0,0,0,0,0,0,0,0,-32307,0,0,0,0,0,138979,0
139029,-626,554,-8420,-28,105,78,7752,1,-3,398,104,37815,132,26,144,0,0,0,0,0,0,0,0,-32308,0,0,0,0,0,138981,0
139030,-626,554,-8420,-28,105,78,7753,6,3,399,112,37815,132,26,144,0,0,0,0,0,0,0,0,-32307,0,0,0,0,0,138981,0
139031,-626,554,-8420,-28,105,78,7752,0,4,399,104,37815,132,26,144,0,0,0,0,0,0,0,0,-32307,0,0,0,0,0,138982,0
139032,-648,526,-8398,-44,118,87,7751,-1,-4,399,104,37815,132,26,144,0,0,0,0,0,0,0,0,-32308,0,0,0,0,0,138984,0
139033,-648,526,-8398,-44,118,87,7752,-2,0,401,104,37816,127,26,144,0,0,0,0,0,0,0,0,-32308,0,0,0,0,0,138984,0
139034,-648,526,-8398,-44,118,87,7753,0,-2,400,104,37816,127,26,144,0,0,0,0,0,0,0,0,-32308,0,0,0,0,0,138986,0
139035,-648,526,-8398,-44,118,87,7752,1,-2,400,104,37816,127,26,144,0,0,0,0,0,0,0,0,-32308,0,0,0,0,0,138986,0
139036,-644,536,-8370,-57,134,88,7751,0,-5,402,104,37816,127,26,144,0,0,0,0,0,0,0,0,-32307,0,0,0,0,0,138987,0
139037,-644,536,-8370,-57,134,88,7753,-1,3,400,104,37816,127,26,144,0,0,0,0,0,0,0,0,-32307,0,0,0,0,0,138989,0
139038,-644,536,-8370,-57,134,88,7753,1,2,399,104,37816,127,26,144,0,0,0,0,0,0,0,0,-32308,0,0,0,0,0,138989,0
139039,-644,536,-8370,-57,134,88,7752,4,0,400,104,37816,127,26,144,0,0,0,0,0,0,0,0,-32308,0,0,0,0,0,138990,0
139040,-708,538,-8342,-62,128,91,7751,0,-2,399,96,37816,127,26,144,0,0,0,0,0,0,0,0,-32307,0,0,0,0,0,138992,0
139041,-708,538,-8342,-62,128,91,7752,-7,-1,399,96,37816,127,26,144,0,0,0,0,0,0,0,0,-32307,0,0,0,0,0,138992,0
139042,-708,538,-8342,-62,128,91,7752,-3,0,398,104,37816,127,26,144,0,0,0,0,0,0,0,0,-32308,0,0,0,0,0,138994,0
139043,-708,538,-8342,-62,128,91,7751,-3,1,397,104,37817,130,26,144,0,0,0,0,0,0,0,0,-32308,0,0,0,0,0,138994,0
139044,-726,532,-8332,-77,124,93,7752,1,-3,399,104,37817,130,26,144,0,0,0,0,0,0,0,0,-32308,0,0,0,0,0,138996,0
139045,-726,532,-8332,-77,124,93,7752,1,0,400,104,37817,130,26,144,0,0,0,0,0,0,0,0,-32308,0,0,0,0,0,138996,0
139046,-726,532,-8332,-77,124,93,7753,4,6,399,112,37817,130,26,144,0,0,0,0,0,0,0,0,-32308,0,0,0,0,0,138998,0
139048,-728,528,-8344,-82,108,95,7751,-5,-5,399,104,37817,130,26,144,0,0,0,0,0,0,0,0,-32307,0,0,0,0,0,139000,0
139049,-728,528,-8344,-82,108,95,7753,-1,2,399,104,37817,130,26,144,0,0,0,0,0,0,0,0,-32308,0,0,0,0,0,139000,0
139050,-728,528,-8344,-82,108,95,7753,1,5,402,96,37817,130,26,144,0,0,0,0,0,0,0,0,-32307,0,0,0,0,0,139002,0
139051,-728,528,-8344,-82,108,95,7751,0,-5,402,104,37817,130,26,144,0,0,0,0,0,0,0,0,-32308,0,0,0,0,0,139002,0
139052,-758,522,-8354,-92,89,97,7753,4,-2,402,112,37817,130,26,144,0,0,0,0,0,0,0,0,-32308,0,0,0,0,0,139004,0
139053,-758,522,-8354,-92,89,97,7753,0,2,402,96,37814,132,26,144,0,0,0,0,0,0,0,0,-32308,0,0,0,0,0,139004,0
139054,-758,522,-8354,-92,89,97,7753,5,2,402,104,37814,132,26,144,0,0,0,0,0,0,0,0,-32307,0,0,0,0,0,139006,0
139056,-764,466,-8346,-99,59,93,7751,-8,-3,401,104,37814,132,26,144,0,0,0,0,0,0,0,0,-32307,0,0,0,0,0,139008,0
139057,-764,466,-8346,-99,59,93,7752,-8,2,401,96,37814,132,26,144,0,0,0,0,0,0,0,0,-32308,0,0,0,0,0,139008,0
139058,-764,466,-8346,-99,59,93,7752,-5,2,399,104,37814,132,26,144,0,0,0,0,0,0,0,0,-32307,0,0,0,0,0,139010,0
139059,-764,466,-8346,-99,59,93,7752,-1,-2,401,104,37814,132,26,144,0,0,0,0,0,0,0,0,-32307,0,0,0,0,0,139010,0
139060,-752,474,-8370,-98,35,86,7753,7,-3,402,104,37814,132,26,144,0,0,0,0,0,0,0,0,-32307,0,0,0,0,0,139012,0
139061,-752,474,-8370,-98,35,86,7753,4,2,402,104,37814,132,26,144,0,0,0,0,0,0,0,0,-32308,0,0,0,0,0,139012,0
139062,-752,474,-8370,-98,35,86,7752,1,3,402,104,37814,132,26,144,0,0,0,0,0,0,0,0,-32307,0,0,0,0,0,139014,0
139064,-722,450,-8388,-87,3,85,7753,0,-1,400,104,37814,125,26,144,0,0,0,0,0,0,0,0,-32308,0,0,0,0,0,139016,0
139065,-722,450,-8388,-87,3,85,7752,-2,4,401,104,37814,125,26,144,0,0,0,0,0,0,0,0,-32307,0,0,0,0,0,139016,0
139066,-722,450,-8388,-87,3,85,7751,-5,-2,402,104,37814,125,26,144,0,0,0,0,0,0,0,0,-32308,0,0,0,0,0,139018,0
139067,-722,450,-8388,-87,3,85,7753,0,-2,401,104,37814,125,26,144,0,0,0,0,0,0,0,0,-32307,0,0,0,0,0,139018,0
139068,-722,460,-8414,-71,-21,76,7752,0,-5,400,104,37814,125,26,144,0,0,0,0,0,0,0,0,-32307,0,0,0,0,0,139020,0
139069,-722,460,-8414,-71,-21,76,7752,0,-1,401,104,37814,125,26,144,0,0,0,0,0,0,0,0,-32308,0,0,0,0,0,139020,0
139070,-722,460,-8414,-71,-21,76,7753,3,2,400,104,37814,125,26,144,0,0,0,0,0,0,0,0,-32307,0,0,0,0,0,139022,0
139072,-710,432,-8430,-56,-48,61,7751,-1,-1,402,96,37814,125,26,144,0,0,0,0,0,0,0,0,-32307,0,0,0,0,0,139024,0
139073,-710,432,-8430,-56,-48,61,7752,0,0,401,104,37814,122,26,144,0,0,0,0,0,0,0,0,-32308,0,0,0,0,0,139024,0
139074,-710,432,-8430,-56,-48,61,7752,-1,-2,400,104,37814,122,26,144,0,0,0,0,0,0,0,0,-32308,0,0,0,0,0,139026,0
139075,-710,432,-8430,-56,-48,61,7752,3,-3,402,96,37814,122,26,144,0,0,0,0,0,0,0,0,-32308,0,0,0,0,0,139026,0
139076,-688,450,-8452,-39,-55,55,7752,1,-3,402,104,37814,122,26,144,0,0,0,0,0,0,0,0,-32308,0,0,0,0,0,139028,0
139077,-688,450,-8452,-39,-55,55,7752,-1,0,401,104,37814,122,26,144,0,0,0,0,0,0,0,0,-32308,0,0,0,0,0,139028,0
139078,-688,450,-8452,-39,-55,55,7752,-2,0,401,96,37814,122,26,144,0,0,0,0,0,0,0,0,-32308,0,0,0,0,0,139030,0
139080,-702,466,-8466,-19,-69,53,7751,-3,2,400,104,37814,122,26,144,0,0,0,0,0,0,0,0,-32308,0,0,0,0,0,139032,0
139081,-702,466,-8466,-19,-69,53,7753,2,1,400,104,37814,122,26,144,0,0,0,0,0,0,0,0,-32307,0,0,0,0,0,139032,0
139082,-702,466,-8466,-19,-69,53,7754,12,5,401,104,37814,122,26,144,0,0,0,0,0,0,0,0,-32307,0,0,0,0,0,139034,0
139083,-702,466,-8466,-19,-69,53,7751,7,0,400,104,37815,136,26,144,0,0,0,0,0,0,0,0,-32307,0,0,0,0,0,139034,0
139084,-672,446,-8478,0,-89,52,7753,3,-3,399,104,37815,136,26,144,0,0,0,0,0,0,0,0,-32307,0,0,0,0,0,139036,0
139085,-672,446,-8478,0,-89,52,7751,-8,-3,400,96,37815,136,26,144,0,0,0,0,0,0,0,0,-32308,0,0,0,0,0,139036,0
139086,-672,446,-8478,0,-89,52,7752,-8,3,398,104,37815,136,26,144,0,0,0,0,0,0,0,0,-32307,0,0,0,0,0,139038,0
139088,-650,482,-8484,6,-91,52,7751,-2,-2,399,104,37815,136,26,144,0,0,0,0,0,0,0,0,-32308,0,0,0,0,0,139040,0
139089,-650,482,-8484,6,-91,52,7752,2,0,399,112,37815,136,26,144,0,0,0,0,0,0,0,0,-32308,0,0,0,0,0,139040,0
139090,-650,482,-8484,6,-91,52,7753,0,3,398,112,37815,136,26,144,0,0,0,0,0,0,0,0,-32308,0,0,0,0,0,139042,0
139091,-650,482,-8484,6,-91,52,7753,-2,2,399,104,37815,136,26,144,0,0,0,0,0,0,0,0,-32308,0,0,0,0,0,139042,0
139092,-628,480,-8510,2,-94,51,7752,2,3,399,112,37815,136,26,144,0,0,0,0,0,0,0,0,-32308,0,0,0,0,0,139044,0
139093,-628,480,-8510,2,-94,51,7753,2,5,399,104,37816,142,26,144,0,0,0,0,0,0,0,0,-32307,0,0,0,0,0,139044,0
139094,-628,480,-8510,2,-94,51,7752,-2,-2,401,104,37816,142,26,144,0,0,0,0,0,0,0,0,-32307,0,0,0,0,0,139046,0
139096,-608,472,-8546,-8,-79,46,7751,0,-6,401,112,37816,142,26,144,0,0,0,0,0,0,0,0,-32308,0,0,0,0,0,139048,0
139097,-608,472,-8546,-8,-79,46,7753,-1,3,402,112,37816,142,26,144,0,0,0,0,0,0,0,0,-32307,0,0,0,0,0,139048,0
139098,-608,472,-8546,-8,-79,46,7752,0,-1,401,112,37816,142,26,144,0,0,0,0,0,0,0,0,-32307,0,0,0,0,0,139050,0
139099,-608,472,-8546,-8,-79,46,7753,-2,4,400,112,37816,142,26,144,0,0,0,0,0,0,0,0,-32307,0,0,0,0,0,139050,0
139100,-604,492,-8506,-17,-61,42,7753,5,0,401,104,37816,142,26,144,0,0,0,0,0,0,0,0,-32307,0,0,0,0,0,139052,0
139101,-604,492,-8506,-17,-61,42,7753,1,-1,401,112,37816,142,26,144,0,0,0,0,0,0,0,0,-32308,0,0,0,0,0,139052,0
139102,-604,492,-8506,-17,-61,42,7752,1,-1,401,112,37816,142,26,144,0,0,0,0,0,0,0,0,-32307,0,0,0,0,0,139054,0
139104,-572,532,-8512,-22,-41,45,7752,-6,-2,401,104,37815,148,26,144,0,0,0,0,0,0,0,0,-32308,0,0,0,0,0,139056,0
139105,-572,532,-8512,-22,-41,45,7752,-5,-3,401,112,37815,148,26,144,0,0,0,0,0,0,0,0,-32308,0,0,0,0,0,139056,0
139106,-572,532,-8512,-22,-41,45,7752,2,0,402,112,37815,148,26,144,0,0,0,0,0,0,0,0,-32308,0,0,0,0,0,139058,0
139107,-572,532,-8512,-22,-41,45,7754,11,-1,401,112,37815,148,26,144,0,0,0,0,0,0,0,0,-32307,0,0,0,0,0,139058,0
139108,-630,568,-8504,-23,-27,44,7753,9,-3,401,120,37815,148,26,144,0,0,0,0,0,0,0,0,-32308,0,0,0,0,0,139060,0
139109,-630,568,-8504,-23,-27,44,7752,2,-1,401,112,37815,148,26,144,0,0,0,0,0,0,0,0,-32308,0,0,0,0,0,139060,0
139110,-630,568,-8504,-23,-27,44,7752,-5,7,401,104,37815,148,26,144,0,0,0,0,0,0,0,0,-32307,0,0,0,0,0,139062,0
139112,-610,514,-8494,-20,-13,43,7751,-8,-1,402,112,37815,148,26,144,0,0,0,0,0,0,0,0,-32307,0,0,0,0,0,139064,0
139113,-610,514,-8494,-20,-13,43,7754,4,0,403,104,37815,142,26,144,0,0,0,0,0,0,0,0,-32308,0,0,0,0,0,139064,0
139114,-610,514,-8494,-20,-13,43,7751,-1,-7,403,104,37815,142,26,144,0,0,0,0,0,0,0,0,-32307,0,0,0,0,0,139066,0
139115,-610,514,-8494,-20,-13,43,7752,-3,1,404,104,37815,142,26,144,0,0,0,0,0,0,0,0,-32307,0,0,0,0,0,139066,0
139116,-654,536,-8500,-16,-9,51,7753,3,-2,404,104,37815,142,26,144,0,0,0,0,0,0,0,0,-32308,0,0,0,0,0,139068,0
139117,-654,536,-8500,-16,-9,51,7752,-2,3,404,104,37815,142,26,144,0,0,0,0,0,0,0,0,-32308,0,0,0,0,0,139068,0
139118,-654,536,-8500,-16,-9,51,7753,7,3,403,104,37815,142,26,144,0,0,0,0,0,0,0,0,-32307,0,0,0,0,0,139070,0
139120,-652,512,-8486,-19,-8,59,7752,-4,-3,402,104,37815,142,26,144,0,0,0,0,0,0,0,0,-32307,0,0,0,0,0,139072,0
139121,-652,512,-8486,-19,-8,59,7752,-2,-2,401,104,37815,142,26,144,0,0,0,0,0,0,0,0,-32308,0,0,0,0,0,139072,0
139122,-652,512,-8486,-19,-8,59,7753,0,-1,401,104,37815,142,26,144,0,0,0,0,0,0,0,0,-32307,0,0,0,0,0,139074,0
139123,-652,512,-8486,-19,-8,59,7753,3,5,400,104,37818,140,26,144,0,0,0,0,0,0,0,0,-32307,0,0,0,0,0,139074,0
139124,-642,502,-8478,-11,-27,66,7752,3,-1,401,112,37818,140,26,144,0,0,0,0,0,0,0,0,-32307,0,0,0,0,0,139076,0
139125,-642,502,-8478,-11,-27,66,7752,-2,1,400,104,37818,140,26,144,0,0,0,0,0,0,0,0,-32307,0,0,0,0,0,139076,0
139126,-642,502,-8478,-11,-27,66,7751,-7,-1,400,104,37818,140,26,144,0,0,0,0,0,0,0,0,-32307,0,0,0,0,0,139078,0
139128,-656,480,-8476,-11,-39,73,7752,1,2,401,104,37818,140,26,144,0,0,0,0,0,0,0,0,-32307,0,0,0,0,0,139080,0
139129,-656,480,-8476,-11,-39,73,7753,5,2,400,104,37818,140,26,144,0,0,0,0,0,0,0,0,-32307,0,0,0,0,0,139080,0
139130,-656,480,-8476,-11,-39,73,7753,9,-1,401,104,37818,140,26,144,0,0,0,0,0,0,0,0,-32307,0,0,0,0,0,139082,0
139131,-656,480,-8476,-11,-39,73,7752,1,-2,402,104,37818,140,26,144,0,0,0,0,0,0,0,0,-32307,0,0,0,0,0,139082,0
139132,-662,446,-8434,-15,-56,75,7753,1,0,401,104,37818,140,26,144,0,0,0,0,0,0,0,0,-32307,0,0,0,0,0,139084,0
139133,-662,446,-8434,-15,-56,75,7752,-2,0,401,104,37818,142,26,144,0,0,0,0,0,0,0,0,-32307,0,0,0,0,0,139084,0
139134,-662,446,-8434,-15,-56,75,7752,-5,-2,400,104,37818,142,26,144,0,0,0,0,0,0,0,0,-32307,0,0,0,0,0,139086,0
139136,-668,474,-8464,-14,-61,69,7751,-7,-3,400,104,37818,142,26,144,0,0,0,0,0,0,0,0,-32308,0,0,0,0,0,139088,0
139137,-668,474,-8464,-14,-61,69,7753,4,-2,399,104,37818,142,26,144,0,0,0,0,0,0,0,0,-32307,0,0,0,0,0,139088,0
139138,-668,474,-8464,-14,-61,69,7752,3,0,400,104,37818,142,26,144,0,0,0,0,0,0,0,0,-32307,0,0,0,0,0,139090,0
139139,-668,474,-8464,-14,-61,69,7752,0,-2,400,104,37818,142,26,144,0,0,0,0,0,0,0,0,-32307,0,0,0,0,0,139090,0
139140,-672,506,-8448,-18,-58,69,7753,6,1,400,104,37818,142,26,144,0,0,0,0,0,0,0,0,-32307,0,0,0,0,0,139092,0
139141,-672,506,-8448,-18,-58,69,7752,-2,4,400,96,37818,142,26,144,0,0,0,0,0,0,0,0,-32307,0,0,0,0,0,139092,0
139142,-672,506,-8448,-18,-58,69,7752,1,-2,398,104,37818,142,26,144,0,0,0,0,0,0,0,0,-32307,0,0,0,0,0,139094,0
139144,-666,508,-8480,-29,-43,58,7752,-5,-2,401,104,37817,142,26,144,0,0,0,0,0,0,0,0,-32307,0,0,0,0,0,139096,0
139145,-666,508,-8480,-29,-43,58,7752,-1,0,400,104,37817,142,26,144,0,0,0,0,0,0,0,0,-32307,0,0,0,0,0,139096,0
139146,-666,508,-8480,-29,-43,58,7751,-6,-2,401,104,37817,142,26,144,0,0,0,0,0,0,0,0,-32307,0,0,0,0,0,139098,0
139147,-666,508,-8480,-29,-43,58,7752,-1,2,400,104,37817,142,26,144,0,0,0,0,0,0,0,0,-32307,0,0,0,0,0,139098,0
139148,-692,482,-8488,-29,-40,61,7752,0,0,399,104,37817,142,26,144,0,0,0,0,0,0,0,0,-32308,0,0,0,0,0,139100,0
139149,-692,482,-8488,-29,-40,61,7752,4,0,401,104,37817,142,26,144,0,0,0,0,0,0,0,0,-32307,0,0,0,0,0,139100,0
139150,-692,482,-8488,-29,-40,61,7752,4,3,401,104,37817,142,26,144,0,0,0,0,0,0,0,0,-32307,0,0,0,0,0,139102,0
139152,-698,492,-8478,-38,-32,58,7752,-1,0,402,104,37817,142,26,144,0,0,0,0,0,0,0,0,-32307,0,0,0,0,0,139104,0
139153,-698,492,-8478,-38,-32,58,7753,3,2,400,112,37813,125,26,144,0,0,0,0,0,0,0,0,-32307,0,0,0,0,0,139104,0
139154,-698,492,-8478,-38,-32,58,7753,8,-2,399,104,37813,125,26,144,0,0,0,0,0,0,0,0,-32307,0,0,0,0,0,139106,0
139155,-698,492,-8478,-38,-32,58,7752,7,0,399,112,37813,125,26,144,0,0,0,0,0,0,0,0,-32308,0,0,0,0,0,139106,0
139156,-706,462,-8524,-43,-19,59,7751,-5,-2,399,112,37813,125,26,144,0,0,0,0,0,0,0,0,-32307,0,0,0,0,0,139108,0
139157,-706,462,-8524,-43,-19,59,7752,-8,3,400,112,37813,125,26,144,0,0,0,0,0,0,0,0,-32307,0,0,0,0,0,139108,0
139158,-706,462,-8524,-43,-19,59,7752,-5,2,399,112,37813,125,26,144,0,0,0,0,0,0,0,0,-32308,0,0,0,0,0,139109,0
139159,-706,462,-8524,-43,-19,59,7754,7,4,398,112,37813,125,26,144,0,0,0,0,0,0,0,0,-32307,0,0,0,0,0,139110,0
139160,-718,440,-8520,-46,-13,60,7753,14,5,399,112,37813,125,26,144,0,0,0,0,0,0,0,0,-32307,0,0,0,0,0,139112,0
139161,-718,440,-8520,-46,-13,60,7752,4,-2,400,112,37813,125,26,144,0,0,0,0,0,0,0,0,-32307,0,0,0,0,0,139112,0
139162,-718,440,-8520,-46,-13,60,7752,-2,0,400,112,37813,125,26,144,0,0,0,0,0,0,0,0,-32308,0,0,0,0,0,139114,0
139163,-718,440,-8520,-46,-13,60,7752,-11,1,400,112,37812,122,26,144,0,0,0,0,0,0,0,0,-32307,0,0,0,0,0,139114,0
139164,-724,438,-8512,-49,4,64,7752,-8,-2,401,112,37812,122,26,144,0,0,0,0,0,0,0,0,-32308,0,0,0,0,0,139116,0
139165,-724,438,-8512,-49,4,64,7753,0,6,400,112,37812,122,26,144,0,0,0,0,0,0,0,0,-32307,0,0,0,0,0,139116,0
139166,-724,438,-8512,-49,4,64,7752,0,-2,402,112,37812,122,26,144,0,0,0,0,0,0,0,0,-32307,0,0,0,0,0,139118,0
139168,-720,454,-8490,-40,16,60,7752,0,0,401,112,37812,122,26,144,0,0,0,0,0,0,0,0,-32308,0,0,0,0,0,139120,0
139169,-720,454,-8490,-40,16,60,7752,-2,0,401,112,37812,122,26,144,0,0,0,0,0,0,0,0,-32307,0,0,0,0,0,139121,0
139170,-720,454,-8490,-40,16,60,7752,1,2,401,112,37812,122,26,144,0,0,0,0,0,0,0,0,-32307,0,0,0,0,0,139122,0
139171,-720,454,-8490,-40,16,60,7751,-2,-2,403,104,37812,122,26,144,0,0,0,0,0,0,0,0,-32307,0,0,0,0,0,139123,0
139172,-748,472,-8494,-29,40,57,7752,-2,0,404,104,37812,122,26,144,0,0,0,0,0,0,0,0,-32307,0,0,0,0,0,139124,0
139173,-748,472,-8494,-29,40,57,7751,-3,-6,404,104,37815,119,26,144,0,0,0,0,0,0,0,0,-32307,0,0,0,0,0,139125,0
139174,-748,472,-8494,-29,40,57,7753,3,-3,403,104,37815,119,26,144,0,0,0,0,0,0,0,0,-32307,0,0,0,0,0,139126,0
139175,-748,472,-8494,-29,40,57,7753,8,1,403,104,37815,119,26,144,0,0,0,0,0,0,0,0,-32308,0,0,0,0,0,139127,0
139176,-762,510,-8474,-22,56,60,7751,0,-2,404,104,37815,119,26,144,0,0,0,0,0,0,0,0,-32307,0,0,0,0,0,139128,0
139177,-762,510,-8474,-22,56,60,7752,1,1,405,104,37815,119,26,144,0,0,0,0,0,0,0,0,-32307,0,0,0,0,0,139129,0
139178,-762,510,-8474,-22,56,60,7754,4,5,402,104,37815,119,26,144,0,0,0,0,0,0,0,0,-32307,0,0,0,0,0,139130,0
139179,-762,510,-8474,-22,56,60,7752,3,-4,401,96,37815,119,26,144,0,0,0,0,0,0,0,0,-32307,0,0,0,0,0,139131,0
139180,-786,532,-8478,-12,75,55,7751,-1,-3,400,104,37815,119,26,144,0,0,0,0,0,0,0,0,-32308,0,0,0,0,0,139132,0
139181,-786,532,-8478,-12,75,55,7752,-8,0,401,104,37815,119,26,144,0,0,0,0,0,0,0,0,-32307,0,0,0,0,0,139133,0
139182,-786,532,-8478,-12,75,55,7752,-8,1,400,104,37815,119,26,144,0,0,0,0,0,0,0,0,-32308,0,0,0,0,0,139134,0
139183,-786,532,-8478,-12,75,55,7753,4,3,400,104,37815,125,26,144,0,0,0,0,0,0,0,0,-32307,0,0,0,0,0,139135,0
139184,-732,518,-8462,-19,97,62,7752,3,-2,400,96,37815,125,26,144,0,0,0,0,0,0,0,0,-32307,0,0,0,0,0,139136,0
139185,-732,518,-8462,-19,97,62,7752,0,0,400,96,37815,125,26,144,0,0,0,0,0,0,0,0,-32307,0,0,0,0,0,139137,0
139186,-732,518,-8462,-19,97,62,7752,-1,-1,400,104,37815,125,26,144,0,0,0,0,0,0,0,0,-32308,0,0,0,0,0,139138,0
139187,-732,518,-8462,-19,97,62,7752,-1,7,400,104,37815,125,26,144,0,0,0,0,0,0,0,0,-32308,0,0,0,0,0,139139,0
139188,-750,488,-8450,-19,99,57,7753,4,2,400,104,37815,125,26,144,0,0,0,0,0,0,0,0,-32307,0,0,0,0,0,139140,0
139189,-750,488,-8450,-19,99,57,7753,5,0,400,112,37815,125,26,144,0,0,0,0,0,0,0,0,-32308,0,0,0,0,0,139141,0
139190,-750,488,-8450,-19,99,57,7752,3,1,398,104,37815,125,26,144,0,0,0,0,0,0,0,0,-32308,0,0,0,0,0,139142,0
139191,-750,488,-8450,-19,99,57,7752,-3,0,399,104,37815,125,26,144,0,0,0,0,0,0,0,0,-32307,0,0,0,0,0,139143,0
139192,-712,488,-8436,-27,102,61,7753,-3,-1,399,112,37815,125,26,144,0,0,0,0,0,0,0,0,-32307,0,0,0,0,0,139144,0
139193,-712,488,-8436,-27,102,61,7751,-8,0,398,112,37818,127,26,144,0,0,0,0,0,0,0,0,-32307,0,0,0,0,0,139145,0
139194,-712,488,-8436,-27,102,61,7754,3,7,399,104,37818,127,26,144,0,0,0,0,0,0,0,0,-32307,0,0,0,0,0,139146,0
139195,-712,488,-8436,-27,102,61,7752,2,-2,400,112,37818,127,26,144,0,0,0,0,0,0,0,0,-32307,0,0,0,0,0,139147,0
139196,-734,492,-8424,-40,106,55,7751,-4,-4,400,112,37818,127,26,144,0,0,0,0,0,0,0,0,-32307,0,0,0,0,0,139148,0
139197,-734,492,-8424,-40,106,55,7753,6,1,400,104,37818,127,26,144,0,0,0,0,0,0,0,0,-32307,0,0,0,0,0,139149,0
139198,-734,492,-8424,-40,106,55,7753,0,2,401,112,37818,127,26,144,0,0,0,0,0,0,0,0,-32307,0,0,0,0,0,139150,0
139199,-734,492,-8424,-40,106,55,7753,7,-3,399,112,37818,127,26,144,0,0,0,0,0,0,0,0,-32307,0,0,0,0,0,139151,0
139200,-702,466,-8380,-50,112,57,7752,2,1,401,104,37818,127,26,144,0,0,0,0,0,0,0,0,-32307,0,0,0,0,0,139152,0
139201,-702,466,-8380,-50,112,57,7753,-3,-1,401,104,37818,127,26,144,0,0,0,0,0,0,0,0,-32308,0,0,0,0,0,139153,0
139202,-702,466,-8380,-50,112,57,7754,4,4,401,112,37818,127,26,144,0,0,0,0,0,0,0,0,-32307,0,0,0,0,0,139154,0
139203,-702,466,-8380,-50,112,57,7753,5,3,401,112,37816,125,26,144,0,0,0,0,0,0,0,0,-32307,0,0,0,0,0,139155,0
139204,-702,496,-8370,-47,122,56,7751,-3,-6,403,104,37816,125,26,144,0,0,0,0,0,0,0,0,-32307,0,0,0,0,0,139156,0
139205,-702,496,-8370,-47,122,56,7753,-7,1,401,112,37816,125,26,144,0,0,0,0,0,0,0,0,-32307,0,0,0,0,0,139157,0
139206,-702,496,-8370,-47,122,56,7751,-11,-1,403,104,37816,125,26,144,0,0,0,0,0,0,0,0,-32307,0,0,0,0,0,139159,0
139208,-706,488,-8358,-44,125,57,7753,9,-5,401,112,37816,125,26,144,0,0,0,0,0,0,0,0,-32307,0,0,0,0,0,139160,0
139209,-706,488,-8358,-44,125,57,7752,3,-3,401,104,37816,125,26,144,0,0,0,0,0,0,0,0,-32307,0,0,0,0,0,139162,0
139210,-706,488,-8358,-44,125,57,7752,0,0,402,104,37816,125,26,144,0,0,0,0,0,0,0,0,-32307,0,0,0,0,0,139162,0
139211,-706,488,-8358,-44,125,57,7752,-5,1,401,112,37816,125,26,144,0,0,0,0,0,0,0,0,-32307,0,0,0,0,0,139164,0
139212,-732,524,-8368,-48,116,55,7752,-6,-3,401,112,37816,125,26,144,0,0,0,0,0,0,0,0,-32308,0,0,0,0,0,139164,0
139213,-732,524,-8368,-48,116,55,7753,2,0,402,104,37817,113,26,144,0,0,0,0,0,0,0,0,-32307,0,0,0,0,0,139166,0
139214,-732,524,-8368,-48,116,55,7753,5,2,401,112,37817,113,26,144,0,0,0,0,0,0,0,0,-32308,0,0,0,0,0,139166,0
139215,-732,524,-8368,-48,116,55,7752,-1,-5,402,104,37817,113,26,144,0,0,0,0,0,0,0,0,-32308,0,0,0,0,0,139167,0
139216,-720,532,-8348,-44,106,50,7752,0,-2,403,104,37817,113,26,144,0,0,0,0,0,0,0,0,-32307,0,0,0,0,0,139169,0
139217,-720,532,-8348,-44,106,50,7753,-2,3,401,104,37817,113,26,144,0,0,0,0,0,0,0,0,-32307,0,0,0,0,0,139169,0
139218,-720,532,-8348,-44,106,50,7753,4,3,401,112,37817,113,26,144,0,0,0,0,0,0,0,0,-32307,0,0,0,0,0,139170,0
139219,-720,532,-8348,-44,106,50,7752,5,-3,402,112,37817,113,26,144,0,0,0,0,0,0,0,0,-32308,0,0,0,0,0,139172,0
139220,-702,480,-8388,-32,81,43,7752,-1,2,402,104,37817,113,26,144,0,0,0,0,0,0,0,0,-32307,0,0,0,0,0,139172,0
139221,-702,480,-8388,-32,81,43,7753,0,-3,402,104,37817,113,26,144,0,0,0,0,0,0,0,0,-32307,0,0,0,0,0,139174,0
139222,-702,480,-8388,-32,81,43,7753,0,3,402,104,37817,113,26,144,0,0,0,0,0,0,0,0,-32307,0,0,0,0,0,139174,0
139223,-702,480,-8388,-32,81,43,7752,0,-2,401,104,37819,127,26,144,0,0,0,0,0,0,0,0,-32307,0,0,0,0,0,139175,0
139224,-686,494,-8398,-32,49,42,7752,-3,-4,401,112,37819,127,26,144,0,0,0,0,0,0,0,0,-32307,0,0,0,0,0,139177,0
139225,-686,494,-8398,-32,49,42,7753,-4,4,402,104,37819,127,26,144,0,0,0,0,0,0,0,0,-32307,0,0,0,0,0,139177,0
139226,-686,494,-8398,-32,49,42,7752,-3,1,401,104,37819,127,26,144,0,0,0,0,0,0,0,0,-32307,0,0,0,0,0,139179,0
139227,-686,494,-8398,-32,49,42,7751,-4,-1,402,104,37819,127,26,144,0,0,0,0,0,0,0,0,-32308,0,0,0,0,0,139179,0
139228,-682,490,-8434,-23,15,41,7754,5,0,401,104,37819,127,26,144,0,0,0,0,0,0,0,0,-32307,0,0,0,0,0,139180,0
139229,-682,490,-8434,-23,15,41,7753,5,2,400,96,37819,127,26,144,0,0,0,0,0,0,0,0,-32307,0,0,0,0,0,139182,0
139230,-682,490,-8434,-23,15,41,7751,0,2,400,104,37819,127,26,144,0,0,0,0,0,0,0,0,-32308,0,0,0,0,0,139182,0
139231,-682,490,-8434,-23,15,41,7753,1,2,401,104,37819,127,26,144,0,0,0,0,0,0,0,0,-32308,0,0,0,0,0,139183,0
139232,-648,468,-8444,-24,-19,44,7752,-9,-5,401,96,37819,127,26,144,0,0,0,0,0,0,0,0,-32308,0,0,0,0,0,139185,0
139233,-648,468,-8444,-24,-19,44,7752,1,2,400,112,37823,143,26,144,0,0,0,0,0,0,0,0,-32307,0,0,0,0,0,139185,0
139234,-648,468,-8444,-24,-19,44,7753,6,0,400,104,37823,143,26,144,0,0,0,0,0,0,0,0,-32307,0,0,0,0,0,139187,0
139235,-648,468,-8444,-24,-19,44,7753,0,-1,400,104,37823,143,26,144,0,0,0,0,0,0,0,0,-32308,0,0,0,0,0,139187,0
139236,-680,494,-8450,-8,-53,36,7752,0,-1,400,104,37823,143,26,144,0,0,0,0,0,0,0,0,-32308,0,0,0,0,0,139189,0
139237,-680,494,-8450,-8,-53,36,7752,-2,1,399,104,37823,143,26,144,0,0,0,0,0,0,0,0,-32307,0,0,0,0,0,139189,0
139238,-680,494,-8450,-8,-53,36,7753,1,0,399,104,37823,143,26,144,0,0,0,0,0,0,0,0,-32307,0,0,0,0,0,139190,0
139239,-680,494,-8450,-8,-53,36,7753,6,-1,398,112,37823,143,26,144,0,0,0,0,0,0,0,0,-32307,0,0,0,0,0,139191,0
139240,-642,470,-8448,-5,-72,29,7752,4,0,398,104,37823,143,26,144,0,0,0,0,0,0,0,0,-32307,0,0,0,0,0,139193,0
139241,-642,470,-8448,-5,-72,29,7752,-1,3,400,104,37823,143,26,144,0,0,0,0,0,0,0,0,-32307,0,0,0,0,0,139193,0
139242,-642,470,-8448,-5,-72,29,7752,-6,-4,399,104,37823,143,26,144,0,0,0,0,0,0,0,0,-32307,0,0,0,0,0,139195,0
139243,-642,470,-8448,-5,-72,29,7752,-5,-3,399,104,37821,154,26,144,0,0,0,0,0,0,0,0,-32307,0,0,0,0,0,139195,0
139244,-606,502,-8440,14,-87,33,7752,0,2,400,112,37821,154,26,144,0,0,0,0,0,0,0,0,-32308,0,0,0,0,0,139197,0
139245,-606,502,-8440,14,-87,33,7753,4,1,401,112,37821,154,26,144,0,0,0,0,0,0,0,0,-32307,0,0,0,0,0,139197,0
139246,-606,502,-8440,14,-87,33,7753,4,2,401,112,37821,154,26,144,0,0,0,0,0,0,0,0,-32307,0,0,0,0,0,139199,0
139248,-592,512,-8460,14,-87,31,7753,0,1,403,96,37821,154,26,144,0,0,0,0,0,0,0,0,-32307,0,0,0,0,0,139200,0
139249,-592,512,-8460,14,-87,31,7752,-5,-2,402,104,37821,154,26,144,0,0,0,0,0,0,0,0,-32307,0,0,0,0,0,139202,0
139250,-592,512,-8460,14,-87,31,7753,0,3,402,104,37821,154,26,144,0,0,0,0,0,0,0,0,-32307,0,0,0,0,0,139202,0
139251,-592,512,-8460,14,-87,31,7753,5,3,401,104,37821,154,26,144,0,0,0,0,0,0,0,0,-32308,0,0,0,0,0,139204,0
139252,-584,546,-8492,15,-87,38,7753,1,-2,401,112,37821,154,26,144,0,0,0,0,0,0,0,0,-32307,0,0,0,0,0,139204,0
139253,-584,546,-8492,15,-87,38,7752,1,-1,401,104,37818,146,26,144,0,0,0,0,0,0,0,0,-32307,0,0,0,0,0,139206,0
139254,-584,546,-8492,15,-87,38,7753,0,2,400,112,37818,146,26,144,0,0,0,0,0,0,0,0,-32307,0,0,0,0,0,139206,0
139255,-584,546,-8492,15,-87,38,7751,-7,-6,399,112,37818,146,26,144,0,0,0,0,0,0,0,0,-32308,0,0,0,0,0,139207,0
139256,-528,488,-8466,11,-80,50,7753,0,5,399,112,37818,146,26,144,0,0,0,0,0,0,0,0,-32307,0,0,0,0,0,139209,0
139257,-528,488,-8466,11,-80,50,7752,-2,1,400,112,37818,146,26,144,0,0,0,0,0,0,0,0,-32307,0,0,0,0,0,139209,0
139258,-528,488,-8466,11,-80,50,7754,1,1,400,112,37818,146,26,144,0,0,0,0,0,0,0,0,-32307,0,0,0,0,0,139211,0
139259,-528,488,-8466,11,-80,50,7752,3,-2,401,112,37818,146,26,144,0,0,0,0,0,0,0,0,-32307,0,0,0,0,0,139211,0
139260,-554,532,-8454,2,-66,55,7754,3,1,401,112,37818,146,26,144,0,0,0,0,0,0,0,0,-32307,0,0,0,0,0,139213,0
139261,-554,532,-8454,2,-66,55,7753,5,1,401,112,37818,146,26,144,0,0,0,0,0,0,0,0,-32307,0,0,0,0,0,139213,0
139262,-554,532,-8454,2,-66,55,7753,1,3,401,112,37818,146,26,144,0,0,0,0,0,0,0,0,-32307,0,0,0,0,0,139215,0
139264,-574,526,-8488,-6,-47,49,7752,-5,-2,402,112,37811,141,26,144,0,0,0,0,0,0,0,0,-32307,0,0,0,0,0,139217,0
139265,-574,526,-8488,-6,-47,49,7752,-7,-4,402,112,37811,141,26,144,0,0,0,0,0,0,0,0,-32307,0,0,0,0,0,139217,0
139266,-574,526,-8488,-6,-47,49,7752,-5,-1,402,104,37811,141,26,144,0,0,0,0,0,0,0,0,-32308,0,0,0,0,0,139219,0
139267,-574,526,-8488,-6,-47,49,7752,-4,-1,402,112,37811,141,26,144,0,0,0,0,0,0,0,0,-32308,0,0,0,0,0,139219,0
139268,-582,520,-8496,-7,-24,56,7752,-2,-3,402,112,37811,141,26,144,0,0,0,0,0,0,0,0,-32308,0,0,0,0,0,139221,0
139269,-582,520,-8496,-7,-24,56,7752,0,0,402,104,37811,141,26,144,0,0,0,0,0,0,0,0,-32308,0,0,0,0,0,139221,0
139270,-582,520,-8496,-7,-24,56,7753,2,-1,402,104,37811,141,26,144,0,0,0,0,0,0,0,0,-32308,0,0,0,0,0,139223,0
139272,-586,520,-8472,-16,-11,55,7753,7,-3,402,96,37811,141,26,144,0,0,0,0,0,0,0,0,-32309,0,0,0,0,0,139225,0
139273,-586,520,-8472,-16,-11,55,7752,-1,1,402,104,37814,128,26,144,0,0,0,0,0,0,0,0,-32307,0,0,0,0,0,139225,0
139274,-586,520,-8472,-16,-11,55,7754,0,2,401,104,37814,128,26,144,0,0,0,0,0,0,0,0,-32308,0,0,0,0,0,139227,0
139275,-586,520,-8472,-16,-11,55,7751,-10,-5,402,104,37814,128,26,144,0,0,0,0,0,0,0,0,-32307,0,0,0,0,0,139227,0
139276,-628,510,-8462,-25,-10,59,7753,-1,3,402,104,37814,128,26,144,0,0,0,0,0,0,0,0,-32307,0,0,0,0,0,139229,0
139277,-628,510,-8462,-25,-10,59,7751,-5,-6,402,104,37814,128,26,144,0,0,0,0,0,0,0,0,-32307,0,0,0,0,0,139229,0
139278,-628,510,-8462,-25,-10,59,7754,0,4,401,104,37814,128,26,144,0,0,0,0,0,0,0,0,-32308,0,0,0,0,0,139231,0
139280,-626,492,-8460,-20,-12,58,7752,2,2,401,104,37814,128,26,144,0,0,0,0,0,0,0,0,-32307,0,0,0,0,0,139233,0
139281,-626,492,-8460,-20,-12,58,7753,5,-2,400,104,37814,128,26,144,0,0,0,0,0,0,0,0,-32307,0,0,0,0,0,139233,0
139282,-626,492,-8460,-20,-12,58,7752,-4,2,399,104,37814,128,26,144,0,0,0,0,0,0,0,0,-32307,0,0,0,0,0,139235,0
139283,-626,492,-8460,-20,-12,58,7753,0,-2,398,112,37817,122,26,144,0,0,0,0,0,0,0,0,-32307,0,0,0,0,0,139235,0
139284,-640,506,-8470,-18,-10,53,7752,-2,0,398,104,37817,122,26,144,0,0,0,0,0,0,0,0,-32307,0,0,0,0,0,139237,0
139285,-640,506,-8470,-18,-10,53,7753,-2,-4,399,96,37817,122,26,144,0,0,0,0,0,0,0,0,-32307,0,0,0,0,0,139237,0
139286,-640,506,-8470,-18,-10,53,7753,0,4,397,104,37817,122,26,144,0,0,0,0,0,0,0,0,-32307,0,0,0,0,0,139239,0
139288,-692,510,-8468,-23,-17,67,7754,5,3,398,104,37817,122,26,144,0,0,0,0,0,0,0,0,-32307,0,0,0,0,0,139241,0
139289,-692,510,-8468,-23,-17,67,7751,-2,2,401,104,37817,122,26,144,0,0,0,0,0,0,0,0,-32308,0,0,0,0,0,139241,0
139290,-692,510,-8468,-23,-17,67,7753,3,1,401,104,37817,122,26,144,0,0,0,0,0,0,0,0,-32307,0,0,0,0,0,139243,0
139291,-692,510,-8468,-23,-17,67,7753,7,5,401,104,37817,122,26,144,0,0,0,0,0,0,0,0,-32307,0,0,0,0,0,139243,0
139292,-672,466,-8440,-26,-25,62,7753,1,-5,400,104,37817,122,26,144,0,0,0,0,0,0,0,0,-32307,0,0,0,0,0,139245,0
139293,-672,466,-8440,-26,-25,62,7752,3,-2,399,112,37817,116,26,144,0,0,0,0,0,0,0,0,-32307,0,0,0,0,0,139245,0
139294,-672,466,-8440,-26,-25,62,7752,-10,0,400,104,37817,116,26,144,0,0,0,0,0,0,0,0,-32307,0,0,0,0,0,139247,0
139296,-698,464,-8432,-29,-33,69,7753,1,4,398,120,37817,116,26,144,0,0,0,0,0,0,0,0,-32307,0,0,0,0,0,139249,0
139297,-698,464,-8432,-29,-33,69,7753,7,-2,399,112,37817,116,26,144,0,0,0,0,0,0,0,0,-32307,0,0,0,0,0,139249,0
139298,-698,464,-8432,-29,-33,69,7753,8,4,398,112,37817,116,26,144,0,0,0,0,0,0,0,0,-32308,0,0,0,0,0,139251,0
139299,-698,464,-8432,-29,-33,69,7752,-3,-1,399,112,37817,116,26,144,0,0,0,0,0,0,0,0,-32307,0,0,0,0,0,139251,0
139300,-682,502,-8396,-24,-40,65,7753,-4,2,400,104,37817,116,26,144,0,0,0,0,0,0,0,0,-32307,0,0,0,0,0,139253,0
139301,-682,502,-8396,-24,-40,65,7751,-10,-2,402,112,37817,116,26,144,0,0,0,0,0,0,0,0,-32307,0,0,0,0,0,139253,0
139302,-682,502,-8396,-24,-40,65,7752,-6,-2,401,112,37817,116,26,144,0,0,0,0,0,0,0,0,-32307,0,0,0,0,0,139255,0
139304,-684,508,-8418,-21,-52,64,7753,1,0,403,104,37818,111,26,144,0,0,0,0,0,0,0,0,-32307,0,0,0,0,0,139257,0
139305,-684,508,-8418,-21,-52,64,7752,4,-5,403,120,37818,111,26,144,0,0,0,0,0,0,0,0,-32308,0,0,0,0,0,139257,0
139306,-684,508,-8418,-21,-52,64,7752,-3,1,402,112,37818,111,26,144,0,0,0,0,0,0,0,0,-32307,0,0,0,0,0,139259,0
139307,-684,508,-8418,-21,-52,64,7753,0,0,402,112,37818,111,26,144,0,0,0,0,0,0,0,0,-32307,0,0,0,0,0,139259,0
139308,-716,492,-8434,-23,-52,68,7752,-2,1,401,120,37818,111,26,144,0,0,0,0,0,0,0,0,-32307,0,0,0,0,0,139261,0
139309,-716,492,-8434,-23,-52,68,7753,3,0,401,112,37818,111,26,144,0,0,0,0,0,0,0,0,-32308,0,0,0,0,0,139261,0
139310,-716,492,-8434,-23,-52,68,7752,0,-1,402,104,37818,111,26,144,0,0,0,0,0,0,0,0,-32307,0,0,0,0,0,139263,0
139312,-742,504,-8408,-20,-61,64,7753,5,-1,400,112,37818,111,26,144,0,0,0,0,0,0,0,0,-32308,0,0,0,0,0,139265,0
139313,-742,504,-8408,-20,-61,64,7754,6,5,402,112,37821,122,26,144,0,0,0,0,0,0,0,0,-32307,0,0,0,0,0,139265,0
139314,-742,504,-8408,-20,-61,64,7752,2,-1,402,112,37821,122,26,144,0,0,0,0,0,0,0,0,-32307,0,0,0,0,0,139267,0
139315,-742,504,-8408,-20,-61,64,7751,-8,0,402,112,37821,122,26,144,0,0,0,0,0,0,0,0,-32308,0,0,0,0,0,139267,0
139316,-722,516,-8392,-20,-73,63,7754,-3,6,403,104,37821,122,26,144,0,0,0,0,0,0,0,0,-32308,0,0,0,0,0,139269,0
139317,-722,516,-8392,-20,-73,63,7751,-6,-5,402,104,37821,122,26,144,0,0,0,0,0,0,0,0,-32307,0,0,0,0,0,139269,0
139318,-722,516,-8392,-20,-73,63,7752,1,-1,402,104,37821,122,26,144,0,0,0,0,0,0,0,0,-32307,0,0,0,0,0,139271,0
139320,-740,496,-8430,-21,-86,60,7753,0,2,401,112,37821,122,26,144,0,0,0,0,0,0,0,0,-32307,0,0,0,0,0,139273,0
139321,-740,496,-8430,-21,-86,60,7753,9,-1,401,112,37821,122,26,144,0,0,0,0,0,0,0,0,-32307,0,0,0,0,0,139273,0
139322,-740,496,-8430,-21,-86,60,7753,1,4,402,112,37821,122,26,144,0,0,0,0,0,0,0,0,-32307,0,0,0,0,0,139275,0
139323,-740,496,-8430,-21,-86,60,7753,-2,0,400,112,37825,126,26,144,0,0,0,0,0,0,0,0,-32307,0,0,0,0,0,139275,0
139324,-768,490,-8428,-15,-96,53,7752,-3,3,400,112,37825,126,26,144,0,0,0,0,0,0,0,0,-32307,0,0,0,0,0,139277,0
139325,-768,490,-8428,-15,-96,53,7752,-5,1,401,112,37825,126,26,144,0,0,0,0,0,0,0,0,-32307,0,0,0,0,0,139277,0
139326,-768,490,-8428,-15,-96,53,7754,1,3,400,112,37825,126,26,144,0,0,0,0,0,0,0,0,-32308,0,0,0,0,0,139279,0
139328,-724,510,-8436,-14,-116,51,7753,6,2,402,104,37825,126,26,144,0,0,0,0,0,0,0,0,-32307,0,0,0,0,0,139281,0
139329,-724,510,-8436,-14,-116,51,7752,-1,-1,402,104,37825,126,26,144,0,0,0,0,0,0,0,0,-32307,0,0,0,0,0,139281,0
139330,-724,510,-8436,-14,-116,51,7752,-7,-6,402,104,37825,126,26,144,0,0,0,0,0,0,0,0,-32307,0,0,0,0,0,139283,0
139331,-724,510,-8436,-14,-116,51,7753,-1,4,402,104,37825,126,26,144,0,0,0,0,0,0,0,0,-32307,0,0,0,0,0,139283,0
139332,-754,506,-8466,-9,-123,53,7752,-3,2,401,112,37825,126,26,144,0,0,0,0,0,0,0,0,-32307,0,0,0,0,0,139285,0
139333,-754,506,-8466,-9,-123,53,7755,13,1,399,120,37829,131,26,144,0,0,0,0,0,0,0,0,-32307,0,0,0,0,0,139285,0
139334,-754,506,-8466,-9,-123,53,7753,8,-3,399,112,37829,131,26,144,0,0,0,0,0,0,0,0,-32307,0,0,0,0,0,139287,0
139336,-758,512,-8466,-5,-138,52,7754,3,3,398,120,37829,131,26,144,0,0,0,0,0,0,0,0,-32307,0,0,0,0,0,139289,0
139337,-758,512,-8466,-5,-138,52,7753,-9,0,398,112,37829,131,26,144,0,0,0,0,0,0,0,0,-32307,0,0,0,0,0,139289,0
139338,-758,512,-8466,-5,-138,52,7753,-3,2,397,112,37829,131,26,144,0,0,0,0,0,0,0,0,-32308,0,0,0,0,0,139291,0
139339,-758,512,-8466,-5,-138,52,7754,3,4,399,120,37829,131,26,144,0,0,0,0,0,0,0,0,-32307,0,0,0,0,0,139291,0
139340,-742,494,-8482,1,-141,51,7752,-4,-6,399,112,37829,131,26,144,0,0,0,0,0,0,0,0,-32308,0,0,0,0,0,139293,0
139341,-742,494,-8482,1,-141,51,7752,-3,0,401,104,37829,131,26,144,0,0,0,0,0,0,0,0,-32308,0,0,0,0,0,139293,0
139342,-742,494,-8482,1,-141,51,7752,-7,-4,402,112,37829,131,26,144,0,0,0,0,0,0,0,0,-32308,0,0,0,0,0,139295,0
139344,-698,532,-8482,-1,-136,52,7753,5,4,402,112,37826,129,26,144,0,0,0,0,0,0,0,0,-32307,0,0,0,0,0,139297,0
139345,-698,532,-8482,-1,-136,52,7753,4,-3,401,112,37826,129,26,144,0,0,0,0,0,0,0,0,-32307,0,0,0,0,0,139297,0
139346,-698,532,-8482,-1,-136,52,7752,-1,-2,401,112,37826,129,26,144,0,0,0,0,0,0,0,0,-32307,0,0,0,0,0,139299,0
139347,-698,532,-8482,-1,-136,52,7752,-4,-6,403,104,37826,129,26,144,0,0,0,0,0,0,0,0,-32308,0,0,0,0,0,139299,0
139348,-708,522,-8486,3,-124,60,7753,0,1,402,112,37826,129,26,144,0,0,0,0,0,0,0,0,-32307,0,0,0,0,0,139301,0
139349,-708,522,-8486,3,-124,60,7753,2,1,401,112,37826,129,26,144,0,0,0,0,0,0,0,0,-32307,0,0,0,0,0,139301,0
139350,-708,522,-8486,3,-124,60,7752,3,-3,401,112,37826,129,26,144,0,0,0,0,0,0,0,0,-32307,0,0,0,0,0,139303,0
139352,-674,528,-8514,-3,-102,64,7752,0,-4,402,112,37826,129,26,144,0,0,0,0,0,0,0,0,-32308,0,0,0,0,0,139305,0
139353,-674,528,-8514,-3,-102,64,7753,1,-2,401,112,37826,114,26,144,0,0,0,0,0,0,0,0,-32307,0,0,0,0,0,139305,0
139354,-674,528,-8514,-3,-102,64,7752,-2,1,401,112,37826,114,26,144,0,0,0,0,0,0,0,0,-32308,0,0,0,0,0,139307,0
139355,-674,528,-8514,-3,-102,64,7753,-5,2,400,112,37826,114,26,144,0,0,0,0,0,0,0,0,-32308,0,0,0,0,0,139307,0
139356,-692,502,-8518,-3,-73,66,7752,-1,0,400,112,37826,114,26,144,0,0,0,0,0,0,0,0,-32308,0,0,0,0,0,139309,0
139357,-692,502,-8518,-3,-73,66,7754,4,0,401,112,37826,114,26,144,0,0,0,0,0,0,0,0,-32307,0,0,0,0,0,139309,0
139358,-692,502,-8518,-3,-73,66,7752,0,-5,400,120,37826,114,26,144,0,0,0,0,0,0,0,0,-32307,0,0,0,0,0,139311,0
139360,-702,534,-8532,-16,-45,63,7753,3,-1,400,112,37826,114,26,144,0,0,0,0,0,0,0,0,-32307,0,0,0,0,0,139313,0
139361,-702,534,-8532,-16,-45,63,7753,-3,8,400,112,37826,114,26,144,0,0,0,0,0,0,0,0,-32307,0,0,0,0,0,139313,0
139362,-702,534,-8532,-16,-45,63,7752,-1,-1,400,112,37826,114,26,144,0,0,0,0,0,0,0,0,-32308,0,0,0,0,0,139315,0
139363,-702,534,-8532,-16,-45,63,7753,-3,2,401,112,37822,111,26,144,0,0,0,0,0,0,0,0,-32307,0,0,0,0,0,139315,0
139364,-680,536,-8518,-20,-7,69,7751,-5,-1,401,112,37822,111,26,144,0,0,0,0,0,0,0,0,-32307,0,0,0,0,0,139317,0
139365,-680,536,-8518,-20,-7,69,7754,7,1,400,112,37822,111,26,144,0,0,0,0,0,0,0,0,-32307,0,0,0,0,0,139317,0
139366,-680,536,-8518,-20,-7,69,7752,4,0,403,104,37822,111,26,144,0,0,0,0,0,0,0,0,-32307,0,0,0,0,0,139319,0
139368,-672,526,-8546,-34,25,70,7752,2,-1,402,104,37822,111,26,144,0,0,0,0,0,0,0,0,-32307,0,0,0,0,0,139321,0
139369,-672,526,-8546,-34,25,70,7753,-5,-1,403,104,37822,111,26,144,0,0,0,0,0,0,0,0,-32307,0,0,0,0,0,139321,0
139370,-672,526,-8546,-34,25,70,7753,2,0,402,104,37822,111,26,144,0,0,0,0,0,0,0,0,-32308,0,0,0,0,0,139323,0
139371,-672,526,-8546,-34,25,70,7752,-6,-1,403,96,37822,111,26,144,0,0,0,0,0,0,0,0,-32307,0,0,0,0,0,139323,0
139372,-718,528,-8530,-38,55,78,7753,0,0,403,96,37822,111,26,144,0,0,0,0,0,0,0,0,-32307,0,0,0,0,0,139325,0
139373,-718,528,-8530,-38,55,78,7753,0,2,402,104,37821,125,26,144,0,0,0,0,0,0,0,0,-32307,0,0,0,0,0,139325,0
139374,-718,528,-8530,-38,55,78,7753,5,-2,400,112,37821,125,26,144,0,0,0,0,0,0,0,0,-32307,0,0,0,0,0,139327,0
139376,-704,502,-8532,-45,79,75,7752,-2,0,400,104,37821,125,26,144,0,0,0,0,0,0,0,0,-32307,0,0,0,0,0,139329,0
139377,-704,502,-8532,-45,79,75,7752,-6,-1,400,104,37821,125,26,144,0,0,0,0,0,0,0,0,-32308,0,0,0,0,0,139329,0
139378,-704,502,-8532,-45,79,75,7752,-10,0,400,104,37821,125,26,144,0,0,0,0,0,0,0,0,-32307,0,0,0,0,0,139331,0
139379,-704,502,-8532,-45,79,75,7753,-1,1,399,104,37821,125,26,144,0,0,0,0,0,0,0,0,-32307,0,0,0,0,0,139331,0
139380,-724,514,-8508,-50,98,80,7751,0,-4,399,96,37821,125,26,144,0,0,0,0,0,0,0,0,-32307,0,0,0,0,0,139333,0
139381,-724,514,-8508,-50,98,80,7754,8,2,400,96,37821,125,26,144,0,0,0,0,0,0,0,0,-32307,0,0,0,0,0,139333,0
139382,-724,514,-8508,-50,98,80,7751,0,-5,400,104,37821,125,26,144,0,0,0,0,0,0,0,0,-32308,0,0,0,0,0,139335,0
139384,-716,488,-8522,-54,120,81,7753,3,-1,399,104,37821,134,26,144,0,0,0,0,0,0,0,0,-32307,0,0,0,0,0,139337,0
139385,-716,488,-8522,-54,120,81,7754,0,10,399,104,37821,134,26,144,0,0,0,0,0,0,0,0,-32307,0,0,0,0,0,139337,0
139386,-716,488,-8522,-54,120,81,7753,8,-3,398,104,37821,134,26,144,0,0,0,0,0,0,0,0,-32307,0,0,0,0,0,139339,0
139387,-716,488,-8522,-54,120,81,7752,-2,1,398,104,37821,134,26,144,0,0,0,0,0,0,0,0,-32307,0,0,0,0,0,139339,0
139388,-726,532,-8508,-45,135,82,7753,0,-1,399,104,37821,134,26,144,0,0,0,0,0,0,0,0,-32307,0,0,0,0,0,139341,0
139389,-726,532,-8508,-45,135,82,7754,1,3,398,104,37821,134,26,144,0,0,0,0,0,0,0,0,-32307,0,0,0,0,0,139341,0
139390,-726,532,-8508,-45,135,82,7752,2,-2,399,104,37821,134,26,144,0,0,0,0,0,0,0,0,-32307,0,0,0,0,0,139343,0
139391,-726,532,-8508,-45,135,82,7752,-1,0,398,104,37821,134,26,144,0,0,0,0,0,0,0,0,-32307,0,0,0,0,0,139343,0
139392,-760,514,-8464,-39,142,86,7753,-6,-2,399,104,37821,134,26,144,0,0,0,0,0,0,0,0,-32308,0,0,0,0,0,139345,0
139393,-760,514,-8464,-39,142,86,7752,-5,0,398,112,37818,138,26,144,0,0,0,0,0,0,0,0,-32307,0,0,0,0,0,139345,0
139394,-760,514,-8464,-39,142,86,7752,0,1,399,112,37818,138,26,144,0,0,0,0,0,0,0,0,-32307,0,0,0,0,0,139347,0
139395,-760,514,-8464,-39,142,86,7753,2,-2,398,112,37818,138,26,144,0,0,0,0,0,0,0,0,-32308,0,0,0,0,0,139347,0
139396,-720,524,-8468,-45,145,86,7753,0,0,398,112,37818,138,26,144,0,0,0,0,0,0,0,0,-32307,0,0,0,0,0,139349,0
139397,-720,524,-8468,-45,145,86,7753,4,2,398,112,37818,138,26,144,0,0,0,0,0,0,0,0,-32308,0,0,0,0,0,139349,0
139398,-720,524,-8468,-45,145,86,7750,-6,-4,400,104,37818,138,26,144,0,0,0,0,0,0,0,0,-32307,0,0,0,0,0,139351,0
139400,-740,488,-8472,-43,148,88,7754,4,3,401,104,37818,138,26,144,0,0,0,0,0,0,0,0,-32307,0,0,0,0,0,139352,0
139401,-740,488,-8472,-43,148,88,7752,1,3,400,104,37818,138,26,144,0,0,0,0,0,0,0,0,-32307,0,0,0,0,0,139354,0
139402,-740,488,-8472,-43,148,88,7752,4,-3,401,112,37818,138,26,144,0,0,0,0,0,0,0,0,-32307,0,0,0,0,0,139354,0
139403,-740,488,-8472,-43,148,88,7753,-5,2,402,104,37819,135,26,144,0,0,0,0,0,0,0,0,-32307,0,0,0,0,0,139356,0
139404,-716,472,-8446,-40,145,82,7752,-4,-2,402,104,37819,135,26,144,0,0,0,0,0,0,0,0,-32307,0,0,0,0,0,139356,0
139405,-716,472,-8446,-40,145,82,7751,-1,-1,402,104,37819,135,26,144,0,0,0,0,0,0,0,0,-32308,0,0,0,0,0,139358,0
139406,-716,472,-8446,-40,145,82,7753,3,-3,402,104,37819,135,26,144,0,0,0,0,0,0,0,0,-32307,0,0,0,0,0,139358,0
139407,-716,472,-8446,-40,145,82,7753,3,1,402,104,37819,135,26,144,0,0,0,0,0,0,0,0,-32307,0,0,0,0,0,139359,0
139408,-744,472,-8440,-36,146,81,7752,2,-2,403,104,37819,135,26,144,0,0,0,0,0,0,0,0,-32307,0,0,0,0,0,139361,0
139409,-744,472,-8440,-36,146,81,7752,1,1,403,104,37819,135,26,144,0,0,0,0,0,0,0,0,-32307,0,0,0,0,0,139361,0
139410,-744,472,-8440,-36,146,81,7752,-8,-7,403,104,37819,135,26,144,0,0,0,0,0,0,0,0,-32308,0,0,0,0,0,139362,0
139411,-744,472,-8440,-36,146,81,7753,0,2,401,104,37819,135,26,144,0,0,0,0,0,0,0,0,-32308,0,0,0,0,0,139364,0
139412,-732,466,-8442,-34,132,82,7752,0,7,403,96,37819,135,26,144,0,0,0,0,0,0,0,0,-32307,0,0,0,0,0,139364,0
139413,-732,466,-8442,-34,132,82,7753,1,2,401,104,37818,132,26,144,0,0,0,0,0,0,0,0,-32307,0,0,0,0,0,139366,0
139414,-732,466,-8442,-34,132,82,7752,1,-3,401,104,37818,132,26,144,0,0,0,0,0,0,0,0,-32307,0,0,0,0,0,139366,0
139415,-732,466,-8442,-34,132,82,7755,7,6,400,104,37818,132,26,144,0,0,0,0,0,0,0,0,-32308,0,0,0,0,0,139367,0
139416,-736,458,-8420,-27,120,80,7753,9,3,401,104,37818,132,26,144,0,0,0,0,0,0,0,0,-32307,0,0,0,0,0,139371,0
139417,-736,458,-8420,-27,120,80,7754,4,5,400,104,37818,132,26,144,0,0,0,0,0,0,0,0,-32308,0,0,0,0,0,139371,0
139418,-736,458,-8420,-27,120,80,7752,-3,-2,400,104,37818,132,26,144,0,0,0,0,0,0,0,0,-32307,0,0,0,0,0,139375,0
139419,-736,458,-8420,-27,120,80,7754,-3,8,399,104,37818,132,26,144,0,0,0,0,0,0,0,0,-32308,0,0,0,0,0,139375,0
139420,-758,464,-8424,-21,109,71,7753,3,0,398,104,37818,132,26,144,0,0,0,0,0,0,0,0,-32308,0,0,0,0,0,139377,0
139421,-758,464,-8424,-21,109,71,7752,-1,-4,399,104,37818,132,26,144,0,0,0,0,0,0,0,0,-32307,0,0,0,0,0,139378,0
139422,-758,464,-8424,-21,109,71,7754,5,1,401,104,37818,132,26,144,0,0,0,0,0,0,0,0,-32308,0,0,0,0,0,139379,0
139423,-758,464,-8424,-21,109,71,7751,-13,-1,401,96,37817,146,26,144,0,0,0,0,0,0,0,0,-32307,0,0,0,0,0,139380,0
139424,-744,452,-8424,-12,92,60,7752,-9,-1,399,112,37817,146,26,144,0,0,0,0,0,0,0,0,-32307,0,0,0,0,0,139381,0
139425,-744,452,-8424,-12,92,60,7754,3,4,399,112,37817,146,26,144,0,0,0,0,0,0,0,0,-32307,0,0,0,0,0,139382,0
139426,-744,452,-8424,-12,92,60,7752,1,-5,400,112,37817,146,26,144,0,0,0,0,0,0,0,0,-32308,0,0,0,0,0,139383,0
139427,-744,452,-8424,-12,92,60,7754,16,2,399,112,37817,146,26,144,0,0,0,0,0,0,0,0,-32307,0,0,0,0,0,139384,0
139428,-734,462,-8416,-3,77,53,7753,5,5,399,112,37817,146,26,144,0,0,0,0,0,0,0,0,-32308,0,0,0,0,0,139385,0
139429,-734,462,-8416,-3,77,53,7753,-4,-6,398,112,37817,146,26,144,0,0,0,0,0,0,0,0,-32307,0,0,0,0,0,139386,0
139430,-734,462,-8416,-3,77,53,7753,-1,1,398,112,37817,146,26,144,0,0,0,0,0,0,0,0,-32307,0,0,0,0,0,139387,0
139431,-734,462,-8416,-3,77,53,7752,-9,-2,399,104,37817,146,26,144,0,0,0,0,0,0,0,0,-32307,0,0,0,0,0,139388,0
139432,-700,484,-8412,-9,51,52,7753,-3,-1,401,104,37817,146,26,144,0,0,0,0,0,0,0,0,-32307,0,0,0,0,0,139389,0
139433,-700,484,-8412,-9,51,52,7752,-5,-6,402,104,37815,141,26,144,0,0,0,0,0,0,0,0,-32308,0,0,0,0,0,139390,0
139434,-700,484,-8412,-9,51,52,7754,4,1,401,104,37815,141,26,144,0,0,0,0,0,0,0,0,-32308,0,0,0,0,0,139391,0
139435,-700,484,-8412,-9,51,52,7753,6,3,401,104,37815,141,26,144,0,0,0,0,0,0,0,0,-32308,0,0,0,0,0,139392,0
139436,-708,452,-8404,-4,33,58,7753,2,-6,401,104,37815,141,26,144,0,0,0,0,0,0,0,0,-32307,0,0,0,0,0,139393,0
139437,-708,452,-8404,-4,33,58,7754,6,4,400,104,37815,141,26,144,0,0,0,0,0,0,0,0,-32307,0,0,0,0,0,139394,0
139438,-708,452,-8404,-4,33,58,7751,-11,-4,400,96,37815,141,26,144,0,0,0,0,0,0,0,0,-32307,0,0,0,0,0,139396,0
139440,-688,482,-8400,-2,20,58,7753,3,0,398,104,37815,141,26,144,0,0,0,0,0,0,0,0,-32308,0,0,0,0,0,139397,0
139441,-688,482,-8400,-2,20,58,7753,0,-3,398,104,37815,141,26,144,0,0,0,0,0,0,0,0,-32307,0,0,0,0,0,139398,0
139442,-688,482,-8400,-2,20,58,7752,1,-1,398,96,37815,141,26,144,0,0,0,0,0,0,0,0,-32307,0,0,0,0,0,139399,0
139443,-688,482,-8400,-2,20,58,7754,-3,1,398,104,37817,140,26,144,0,0,0,0,0,0,0,0,-32308,0,0,0,0,0,139400,0
139444,-668,470,-8384,-3,5,59,7753,2,3,399,96,37817,140,26,144,0,0,0,0,0,0,0,0,-32308,0,0,0,0,0,139401,0
139445,-668,470,-8384,-3,5,59,7753,2,7,399,104,37817,140,26,144,0,0,0,0,0,0,0,0,-32308,0,0,0,0,0,139402,0
139446,-668,470,-8384,-3,5,59,7753,0,-4,399,112,37817,140,26,144,0,0,0,0,0,0,0,0,-32308,0,0,0,0,0,139403,0
139447,-668,470,-8384,-3,5,59,7753,-6,5,400,96,37817,140,26,144,0,0,0,0,0,0,0,0,-32307,0,0,0,0,0,139404,0
139448,-660,468,-8410,-13,2,61,7752,-7,-3,401,104,37817,140,26,144,0,0,0,0,0,0,0,0,-32308,0,0,0,0,0,139405,0
139449,-660,468,-8410,-13,2,61,7753,0,-4,400,104,37817,140,26,144,0,0,0,0,0,0,0,0,-32307,0,0,0,0,0,139406,0
139450,-660,468,-8410,-13,2,61,7752,-3,3,401,104,37817,140,26,144,0,0,0,0,0,0,0,0,-32307,0,0,0,0,0,139407,0
139451,-660,468,-8410,-13,2,61,7752,-2,-10,400,104,37817,140,26,144,0,0,0,0,0,0,0,0,-32307,0,0,0,0,0,139409,0
139452,-664,490,-8404,-16,0,59,7753,1,1,400,112,37817,140,26,144,0,0,0,0,0,0,0,0,-32307,0,0,0,0,0,139409,0
139453,-664,490,-8404,-16,0,59,7754,2,0,401,104,37817,118,26,144,0,0,0,0,0,0,0,0,-32307,0,0,0,0,0,139411,0
139454,-664,490,-8404,-16,0,59,7753,7,1,401,104,37817,118,26,144,0,0,0,0,0,0,0,0,-32307,0,0,0,0,0,139411,0
139455,-664,490,-8404,-16,0,59,7754,7,1,401,112,37817,118,26,144,0,0,0,0,0,0,0,0,-32307,0,0,0,0,0,139412,0
139456,-658,518,-8420,-23,-5,56,7753,2,3,400,104,37817,118,26,144,0,0,0,0,0,0,0,0,-32308,0,0,0,0,0,139414,0
139457,-658,518,-8420,-23,-5,56,7751,-8,2,401,104,37817,118,26,144,0,0,0,0,0,0,0,0,-32308,0,0,0,0,0,139414,0
139458,-658,518,-8420,-23,-5,56,7753,-2,-6,401,112,37817,118,26,144,0,0,0,0,0,0,0,0,-32308,0,0,0,0,0,139416,0
139459,-658,518,-8420,-23,-5,56,7753,-2,1,399,112,37817,118,26,144,0,0,0,0,0,0,0,0,-32307,0,0,0,0,0,139416,0
139460,-668,496,-8394,-32,1,61,7753,0,-1,401,104,37817,118,26,144,0,0,0,0,0,0,0,0,-32307,0,0,0,0,0,139417,0
139461,-668,496,-8394,-32,1,61,7753,6,-3,400,112,37817,118,26,144,0,0,0,0,0,0,0,0,-32307,0,0,0,0,0,139419,0
139462,-668,496,-8394,-32,1,61,7753,0,2,399,112,37817,118,26,144,0,0,0,0,0,0,0,0,-32307,0,0,0,0,0,139419,0
139463,-668,496,-8394,-32,1,61,7753,0,1,401,104,37819,128,26,144,0,0,0,0,0,0,0,0,-32308,0,0,0,0,0,139420,0
139464,-654,498,-8406,-40,2,62,7754,2,1,401,104,37819,128,26,144,0,0,0,0,0,0,0,0,-32308,0,0,0,0,0,139422,0
139465,-654,498,-8406,-40,2,62,7753,-1,7,401,112,37819,128,26,144,0,0,0,0,0,0,0,0,-32308,0,0,0,0,0,139422,0
139466,-654,498,-8406,-40,2,62,7752,-3,-2,402,112,37819,128,26,144,0,0,0,0,0,0,0,0,-32308,0,0,0,0,0,139424,0
139467,-654,498,-8406,-40,2,62,7754,1,0,401,112,37819,128,26,144,0,0,0,0,0,0,0,0,-32308,0,0,0,0,0,139424,0
139468,-674,474,-8416,-42,8,60,7753,0,0,400,112,37819,128,26,144,0,0,0,0,0,0,0,0,-32308,0,0,0,0,0,139426,0
139469,-674,474,-8416,-42,8,60,7753,5,0,401,112,37819,128,26,144,0,0,0,0,0,0,0,0,-32308,0,0,0,0,0,139426,0
139470,-674,474,-8416,-42,8,60,7753,2,-1,399,112,37819,128,26,144,0,0,0,0,0,0,0,0,-32308,0,0,0,0,0,139427,0
139471,-674,474,-8416,-42,8,60,7752,-6,-2,399,112,37819,128,26,144,0,0,0,0,0,0,0,0,-32307,0,0,0,0,0,139428,0
139472,-668,490,-8406,-45,17,66,7754,2,4,399,112,37819,128,26,144,0,0,0,0,0,0,0,0,-32308,0,0,0,0,0,139430,0
139473,-668,490,-8406,-45,17,66,7753,2,3,399,112,37815,131,26,144,0,0,0,0,0,0,0,0,-32307,0,0,0,0,0,139430,0
139474,-668,490,-8406,-45,17,66,7753,5,1,400,120,37815,131,26,144,0,0,0,0,0,0,0,0,-32307,0,0,0,0,0,139432,0
139475,-668,490,-8406,-45,17,66,7752,-2,-2,400,120,37815,131,26,144,0,0,0,0,0,0,0,0,-32308,0,0,0,0,0,139432,0
139476,-646,474,-8418,-49,24,62,7753,-8,-2,400,112,37815,131,26,144,0,0,0,0,0,0,0,0,-32308,0,0,0,0,0,139434,0
139477,-646,474,-8418,-49,24,62,7753,0,-3,401,120,37815,131,26,144,0,0,0,0,0,0,0,0,-32308,0,0,0,0,0,139434,0
139478,-646,474,-8418,-49,24,62,7753,2,0,401,112,37815,131,26,144,0,0,0,0,0,0,0,0,-32307,0,0,0,0,0,139436,0
139480,-662,470,-8412,-53,39,65,7753,-3,-5,402,112,37815,131,26,144,0,0,0,0,0,0,0,0,-32307,0,0,0,0,0,139437,0
139481,-662,470,-8412,-53,39,65,7753,0,2,401,112,37815,131,26,144,0,0,0,0,0,0,0,0,-32307,0,0,0,0,0,139439,0
139482,-662,470,-8412,-53,39,65,7753,1,0,401,112,37815,131,26,144,0,0,0,0,0,0,0,0,-32308,0,0,0,0,0,139439,0
139483,-662,470,-8412,-53,39,65,7753,4,1,402,112,37815,137,26,144,0,0,0,0,0,0,0,0,-32308,0,0,0,0,0,139441,0
139484,-688,482,-8422,-50,49,63,7752,-2,2,402,104,37815,137,26,144,0,0,0,0,0,0,0,0,-32308,0,0,0,0,0,139441,0
139485,-688,482,-8422,-50,49,63,7752,-5,-2,402,104,37815,137,26,144,0,0,0,0,0,0,0,0,-32308,0,0,0,0,0,139443,0
139486,-688,482,-8422,-50,49,63,7753,-3,-5,400,104,37815,137,26,144,0,0,0,0,0,0,0,0,-32307,0,0,0,0,0,139443,0
139487,-688,482,-8422,-50,49,63,7754,3,-1,400,104,37815,137,26,144,0,0,0,0,0,0,0,0,-32307,0,0,0,0,0,139444,0
139488,-688,476,-8402,-54,50,61,7751,0,3,401,96,37815,137,26,144,0,0,0,0,0,0,0,0,-32307,0,0,0,0,0,139446,0
139489,-688,476,-8402,-54,50,61,7753,0,-5,400,104,37815,137,26,144,0,0,0,0,0,0,0,0,-32307,0,0,0,0,0,139446,0
139490,-688,476,-8402,-54,50,61,7753,-2,2,399,112,37815,137,26,144,0,0,0,0,0,0,0,0,-32307,0,0,0,0,0,139448,0
139491,-688,476,-8402,-54,50,61,7753,0,0,400,96,37815,137,26,144,0,0,0,0,0,0,0,0,-32307,0,0,0,0,0,139448,0
139492,-698,484,-8412,-59,47,60,7753,6,1,399,104,37815,137,26,144,0,0,0,0,0,0,0,0,-32308,0,0,0,0,0,139450,0
139493,-698,484,-8412,-59,47,60,7753,1,4,398,104,37814,116,26,144,0,0,0,0,0,0,0,0,-32308,0,0,0,0,0,139450,0
139494,-698,484,-8412,-59,47,60,7752,-1,1,402,104,37814,116,26,144,0,0,0,0,0,0,0,0,-32307,0,0,0,0,0,139452,0
139496,-662,494,-8420,-54,43,66,7753,-1,4,398,112,37814,116,26,144,0,0,0,0,0,0,0,0,-32308,0,0,0,0,0,139454,0
139497,-662,494,-8420,-54,43,66,7752,-5,1,401,112,37814,116,26,144,0,0,0,0,0,0,0,0,-32308,0,0,0,0,0,139454,0
139498,-662,494,-8420,-54,43,66,7754,4,-2,401,112,37814,116,26,144,0,0,0,0,0,0,0,0,-32307,0,0,0,0,0,139456,0
139499,-662,494,-8420,-54,43,66,7751,-2,4,400,112,37814,116,26,144,0,0,0,0,0,0,0,0,-32308,0,0,0,0,0,139456,0
139500,-680,490,-8396,-56,30,60,7753,0,-4,401,104,37814,116,26,144,0,0,0,0,0,0,0,0,-32308,0,0,0,0,0,139458,0
139501,-680,490,-8396,-56,30,60,7754,6,3,401,104,37814,116,26,144,0,0,0,0,0,0,0,0,-32307,0,0,0,0,0,139458,0
139502,-680,490,-8396,-56,30,60,7753,2,1,401,112,37814,116,26,144,0,0,0,0,0,0,0,0,-32308,0,0,0,0,0,139460,0
139504,-720,506,-8396,-50,23,61,7754,0,-6,403,104,37816,128,26,144,0,0,0,0,0,0,0,0,-32308,0,0,0,0,0,139462,0
139505,-720,506,-8396,-50,23,61,7752,-5,3,402,104,37816,128,26,144,0,0,0,0,0,0,0,0,-32307,0,0,0,0,0,139462,0
139506,-720,506,-8396,-50,23,61,7753,1,-2,403,104,37816,128,26,144,0,0,0,0,0,0,0,0,-32308,0,0,0,0,0,139464,0
139507,-720,506,-8396,-50,23,61,7752,3,3,403,104,37816,128,26,144,0,0,0,0,0,0,0,0,-32308,0,0,0,0,0,139464,0
139508,-698,520,-8412,-44,7,63,7753,0,-4,402,104,37816,128,26,144,0,0,0,0,0,0,0,0,-32308,0,0,0,0,0,139466,0
139509,-698,520,-8412,-44,7,63,7752,0,0,403,104,37816,128,26,144,0,0,0,0,0,0,0,0,-32307,0,0,0,0,0,139466,0
139510,-698,520,-8412,-44,7,63,7752,-6,0,402,104,37816,128,26,144,0,0,0,0,0,0,0,0,-32308,0,0,0,0,0,139468,0
139512,-684,540,-8394,-40,-7,66,7753,0,1,401,104,37816,128,26,144,0,0,0,0,0,0,0,0,-32308,0,0,0,0,0,139470,0
139513,-684,540,-8394,-40,-7,66,7753,4,-3,401,104,37815,130,26,144,0,0,0,0,0,0,0,0,-32308,0,0,0,0,0,139470,0
139514,-684,540,-8394,-40,-7,66,7752,-1,2,401,104,37815,130,26,144,0,0,0,0,0,0,0,0,-32308,0,0,0,0,0,139472,0
139515,-684,540,-8394,-40,-7,66,7753,-1,-1,401,104,37815,130,26,144,0,0,0,0,0,0,0,0,-32307,0,0,0,0,0,139472,0
139516,-700,526,-8378,-33,-26,68,7753,1,1,401,96,37815,130,26,144,0,0,0,0,0,0,0,0,-32308,0,0,0,0,0,139474,0
139517,-700,526,-8378,-33,-26,68,7752,0,-3,401,104,37815,130,26,144,0,0,0,0,0,0,0,0,-32308,0,0,0,0,0,139474,0
139518,-700,526,-8378,-33,-26,68,7753,0,3,402,104,37815,130,26,144,0,0,0,0,0,0,0,0,-32307,0,0,0,0,0,139476,0
139520,-718,512,-8374,-32,-47,68,7753,0,-1,401,104,37815,130,26,144,0,0,0,0,0,0,0,0,-32308,0,0,0,0,0,139478,0
139521,-718,512,-8374,-32,-47,68,7753,4,2,400,104,37815,130,26,144,0,0,0,0,0,0,0,0,-32308,0,0,0,0,0,139478,0
139522,-718,512,-8374,-32,-47,68,7752,1,3,400,104,37815,130,26,144,0,0,0,0,0,0,0,0,-32308,0,0,0,0,0,139480,0
139523,-718,512,-8374,-32,-47,68,7753,1,-5,400,112,37816,136,26,144,0,0,0,0,0,0,0,0,-32307,0,0,0,0,0,139480,0
139524,-692,514,-8396,-34,-67,70,7753,1,2,399,112,37816,136,26,144,0,0,0,0,0,0,0,0,-32308,0,0,0,0,0,139482,0
139525,-692,514,-8396,-34,-67,70,7753,1,5,398,104,37816,136,26,144,0,0,0,0,0,0,0,0,-32307,0,0,0,0,0,139482,0
139526,-692,514,-8396,-34,-67,70,7753,2,-3,399,104,37816,136,26,144,0,0,0,0,0,0,0,0,-32307,0,0,0,0,0,139484,0
139528,-686,502,-8400,-31,-81,78,7754,1,-4,400,104,37816,136,26,144,0,0,0,0,0,0,0,0,-32307,0,0,0,0,0,139486,0
139529,-686,502,-8400,-31,-81,78,7753,0,5,400,104,37816,136,26,144,0,0,0,0,0,0,0,0,-32308,0,0,0,0,0,139486,0
139530,-686,502,-8400,-31,-81,78,7753,0,3,400,104,37816,136,26,144,0,0,0,0,0,0,0,0,-32308,0,0,0,0,0,139488,0
139531,-686,502,-8400,-31,-81,78,7752,-6,1,400,104,37816,136,26,144,0,0,0,0,0,0,0,0,-32308,0,0,0,0,0,139488,0
139532,-664,518,-8420,-42,-95,73,7753,-6,-3,401,104,37816,136,26,144,0,0,0,0,0,0,0,0,-32307,0,0,0,0,0,139490,0
139533,-664,518,-8420,-42,-95,73,7753,-1,2,400,104,37817,144,26,144,0,0,0,0,0,0,0,0,-32308,0,0,0,0,0,139490,0
139534,-664,518,-8420,-42,-95,73,7753,1,0,400,104,37817,144,26,144,0,0,0,0,0,0,0,0,-32307,0,0,0,0,0,139492,0
139536,-676,506,-8424,-42,-102,73,7753,3,-2,399,104,37817,144,26,144,0,0,0,0,0,0,0,0,-32307,0,0,0,0,0,139494,0
139537,-676,506,-8424,-42,-102,73,7753,0,2,400,104,37817,144,26,144,0,0,0,0,0,0,0,0,-32308,0,0,0,0,0,139494,0
139538,-676,506,-8424,-42,-102,73,7753,-1,-2,400,104,37817,144,26,144,0,0,0,0,0,0,0,0,-32307,0,0,0,0,0,139496,0
139539,-676,506,-8424,-42,-102,73,7752,-4,0,400,104,37817,144,26,144,0,0,0,0,0,0,0,0,-32307,0,0,0,0,0,139496,0
139540,-682,536,-8456,-40,-106,71,7752,-5,-2,400,96,37817,144,26,144,0,0,0,0,0,0,0,0,-32307,0,0,0,0,0,139498,0
139541,-682,536,-8456,-40,-106,71,7753,0,-1,401,104,37817,144,26,144,0,0,0,0,0,0,0,0,-32307,0,0,0,0,0,139498,0
139542,-682,536,-8456,-40,-106,71,7753,1,0,400,104,37817,144,26,144,0,0,0,0,0,0,0,0,-32307,0,0,0,0,0,139500,0
139544,-678,534,-8462,-36,-111,67,7752,2,3,402,96,37821,140,26,144,0,0,0,0,0,0,0,0,-32308,0,0,0,0,0,139502,0
139545,-678,534,-8462,-36,-111,67,7754,1,-2,401,104,37821,140,26,144,0,0,0,0,0,0,0,0,-32308,0,0,0,0,0,139502,0
139546,-678,534,-8462,-36,-111,67,7752,-4,2,401,112,37821,140,26,144,0,0,0,0,0,0,0,0,-32308,0,0,0,0,0,139504,0
139547,-678,534,-8462,-36,-111,67,7753,-2,-1,400,104,37821,140,26,144,0,0,0,0,0,0,0,0,-32307,0,0,0,0,0,139504,0
139548,-688,510,-8466,-31,-117,76,7754,7,-1,401,104,37821,140,26,144,0,0,0,0,0,0,0,0,-32308,0,0,0,0,0,139506,0
139549,-688,510,-8466,-31,-117,76,7753,0,2,400,104,37821,140,26,144,0,0,0,0,0,0,0,0,-32307,0,0,0,0,0,139506,0
139550,-688,510,-8466,-31,-117,76,7753,3,-1,400,104,37821,140,26,144,0,0,0,0,0,0,0,0,-32308,0,0,0,0,0,139508,0
139552,-674,478,-8482,-20,-119,71,7753,-6,1,400,112,37821,140,26,144,0,0,0,0,0,0,0,0,-32307,0,0,0,0,0,139510,0
139553,-674,478,-8482,-20,-119,71,7753,0,0,399,104,37816,139,26,144,0,0,0,0,0,0,0,0,-32308,0,0,0,0,0,139510,0
139554,-674,478,-8482,-20,-119,71,7754,4,3,400,104,37816,139,26,144,0,0,0,0,0,0,0,0,-32307,0,0,0,0,0,139512,0
139555,-674,478,-8482,-20,-119,71,7753,2,4,399,112,37816,139,26,144,0,0,0,0,0,0,0,0,-32308,0,0,0,0,0,139512,0
139556,-686,476,-8476,-7,-135,65,7753,0,-1,399,112,37816,139,26,144,0,0,0,0,0,0,0,0,-32308,0,0,0,0,0,139514,0
139557,-686,476,-8476,-7,-135,65,7754,0,2,399,112,37816,139,26,144,0,0,0,0,0,0,0,0,-32308,0,0,0,0,0,139514,0
139558,-686,476,-8476,-7,-135,65,7752,-4,0,399,112,37816,139,26,144,0,0,0,0,0,0,0,0,-32308,0,0,0,0,0,139516,0
139560,-702,488,-8510,5,-131,68,7753,0,-2,400,112,37816,139,26,144,0,0,0,0,0,0,0,0,-32308,0,0,0,0,0,139518,0
139561,-702,488,-8510,5,-131,68,7753,-2,3,400,112,37816,139,26,144,0,0,0,0,0,0,0,0,-32307,0,0,0,0,0,139518,0
139562,-702,488,-8510,5,-131,68,7754,7,0,400,112,37816,139,26,144,0,0,0,0,0,0,0,0,-32307,0,0,0,0,0,139520,0
139563,-702,488,-8510,5,-131,68,7752,-3,0,402,112,37817,133,26,144,0,0,0,0,0,0,0,0,-32307,0,0,0,0,0,139520,0
139564,-698,478,-8510,7,-132,74,7753,-1,-2,401,112,37817,133,26,144,0,0,0,0,0,0,0,0,-32307,0,0,0,0,0,139522,0
139565,-698,478,-8510,7,-132,74,7753,-4,-2,401,112,37817,133,26,144,0,0,0,0,0,0,0,0,-32308,0,0,0,0,0,139522,0
139566,-698,478,-8510,7,-132,74,7754,-2,2,402,112,37817,133,26,144,0,0,0,0,0,0,0,0,-32307,0,0,0,0,0,139524,0
139568,-694,458,-8498,7,-130,77,7752,1,1,400,120,37817,133,26,144,0,0,0,0,0,0,0,0,-32307,0,0,0,0,0,139526,0
139569,-694,458,-8498,7,-130,77,7754,1,-6,400,112,37817,133,26,144,0,0,0,0,0,0,0,0,-32308,0,0,0,0,0,139526,0
139570,-694,458,-8498,7,-130,77,7752,-7,0,400,120,37817,133,26,144,0,0,0,0,0,0,0,0,-32307,0,0,0,0,0,139528,0
139571,-694,458,-8498,7,-130,77,7753,-7,-1,401,112,37817,133,26,144,0,0,0,0,0,0,0,0,-32307,0,0,0,0,0,139528,0
139572,-670,466,-8502,11,-124,81,7753,0,0,401,104,37817,133,26,144,0,0,0,0,0,0,0,0,-32308,0,0,0,0,0,139530,0
139573,-670,466,-8502,11,-124,81,7752,-5,0,401,104,37816,132,26,144,0,0,0,0,0,0,0,0,-32307,0,0,0,0,0,139530,0
139574,-670,466,-8502,11,-124,81,7753,4,-3,401,112,37816,132,26,144,0,0,0,0,0,0,0,0,-32307,0,0,0,0,0,139532,0
139576,-688,492,-8500,-5,-99,85,7754,5,0,402,112,37816,132,26,144,0,0,0,0,0,0,0,0,-32308,0,0,0,0,0,139534,0
139577,-688,492,-8500,-5,-99,85,7753,3,1,402,112,37816,132,26,144,0,0,0,0,0,0,0,0,-32308,0,0,0,0,0,139534,0
139578,-688,492,-8500,-5,-99,85,7753,0,3,403,104,37816,132,26,144,0,0,0,0,0,0,0,0,-32308,0,0,0,0,0,139536,0
139579,-688,492,-8500,-5,-99,85,7753,-3,-1,401,112,37816,132,26,144,0,0,0,0,0,0,0,0,-32308,0,0,0,0,0,139536,0
139580,-646,486,-8502,-18,-72,83,7753,-3,1,400,112,37816,132,26,144,0,0,0,0,0,0,0,0,-32308,0,0,0,0,0,139538,0
139581,-646,486,-8502,-18,-72,83,7754,7,-2,400,112,37816,132,26,144,0,0,0,0,0,0,0,0,-32308,0,0,0,0,0,139538,0
139582,-646,486,-8502,-18,-72,83,7753,2,0,400,104,37816,132,26,144,0,0,0,0,0,0,0,0,-32307,0,0,0,0,0,139540,0
139584,-682,508,-8506,-42,-36,86,7753,-4,-4,400,104,37818,139,26,144,0,0,0,0,0,0,0,0,-32307,0,0,0,0,0,139542,0
139585,-682,508,-8506,-42,-36,86,7753,-3,3,401,104,37818,139,26,144,0,0,0,0,0,0,0,0,-32307,0,0,0,0,0,139542,0
139586,-682,508,-8506,-42,-36,86,7754,4,2,401,104,37818,139,26,144,0,0,0,0,0,0,0,0,-32307,0,0,0,0,0,139544,0
139587,-682,508,-8506,-42,-36,86,7753,1,0,400,112,37818,139,26,144,0,0,0,0,0,0,0,0,-32307,0,0,0,0,0,139544,0
139588,-704,508,-8514,-62,12,93,7752,-5,3,399,104,37818,139,26,144,0,0,0,0,0,0,0,0,-32307,0,0,0,0,0,139546,0
139589,-704,508,-8514,-62,12,93,7753,-5,-4,399,104,37818,139,26,144,0,0,0,0,0,0,0,0,-32308,0,0,0,0,0,139546,0
139590,-704,508,-8514,-62,12,93,7754,0,1,399,112,37818,139,26,144,0,0,0,0,0,0,0,0,-32307,0,0,0,0,0,139548,0
139592,-714,506,-8524,-79,44,95,7753,2,-1,398,112,37818,139,26,144,0,0,0,0,0,0,0,0,-32307,0,0,0,0,0,139550,0
139593,-714,506,-8524,-79,44,95,7753,-2,0,397,112,37815,134,26,144,0,0,0,0,0,0,0,0,-32307,0,0,0,0,0,139550,0
139594,-714,506,-8524,-79,44,95,7753,-1,-1,398,112,37815,134,26,144,0,0,0,0,0,0,0,0,-32308,0,0,0,0,0,139552,0
139595,-714,506,-8524,-79,44,95,7753,2,3,399,112,37815,134,26,144,0,0,0,0,0,0,0,0,-32308,0,0,0,0,0,139552,0
139596,-740,478,-8496,-95,80,102,7754,3,1,399,112,37815,134,26,144,0,0,0,0,0,0,0,0,-32307,0,0,0,0,0,139554,0
139597,-740,478,-8496,-95,80,102,7754,3,0,401,104,37815,134,26,144,0,0,0,0,0,0,0,0,-32307,0,0,0,0,0,139554,0
139598,-740,478,-8496,-95,80,102,7755,6,2,401,112,37815,134,26,144,0,0,0,0,0,0,0,0,-32307,0,0,0,0,0,139556,0
139600,-760,486,-8502,-102,111,103,7754,0,0,402,112,37815,134,26,144,0,0,0,0,0,0,0,0,-32307,0,0,0,0,0,139558,0
139601,-760,486,-8502,-102,111,103,7753,-4,0,402,112,37815,134,26,144,0,0,0,0,0,0,0,0,-32307,0,0,0,0,0,139558,0
139602,-760,486,-8502,-102,111,103,7754,-4,-2,401,120,37815,134,26,144,0,0,0,0,0,0,0,0,-32307,0,0,0,0,0,139560,0
139603,-760,486,-8502,-102,111,103,7752,-5,3,401,112,37812,126,26,144,0,0,0,0,0,0,0,0,-32307,0,0,0,0,0,139560,0
139604,-792,460,-8486,-98,138,106,7754,0,-3,401,112,37812,126,26,144,0,0,0,0,0,0,0,0,-32307,0,0,0,0,0,139562,0
139605,-792,460,-8486,-98,138,106,7753,1,1,401,112,37812,126,26,144,0,0,0,0,0,0,0,0,-32308,0,0,0,0,0,139562,0
139606,-792,460,-8486,-98,138,106,7753,-3,-2,401,112,37812,126,26,144,0,0,0,0,0,0,0,0,-32307,0,0,0,0,0,139564,0
139608,-808,464,-8476,-100,148,107,7754,-1,-2,401,120,37812,126,26,144,0,0,0,0,0,0,0,0,-32307,0,0,0,0,0,139566,0
139609,-808,464,-8476,-100,148,107,7754,7,2,401,120,37812,126,26,144,0,0,0,0,0,0,0,0,-32307,0,0,0,0,0,139566,0
139610,-808,464,-8476,-100,148,107,7752,0,4,401,112,37812,126,26,144,0,0,0,0,0,0,0,0,-32307,0,0,0,0,0,139568,0
139611,-808,464,-8476,-100,148,107,7754,-1,-3,400,112,37812,126,26,144,0,0,0,0,0,0,0,0,-32308,0,0,0,0,0,139568,0
139612,-818,444,-8470,-87,153,99,7753,-5,-2,401,112,37812,126,26,144,0,0,0,0,0,0,0,0,-32307,0,0,0,0,0,139569,0
139613,-818,444,-8470,-87,153,99,7754,0,-4,401,112,37813,127,26,144,0,0,0,0,0,0,0,0,-32307,0,0,0,0,0,139571,0
139614,-818,444,-8470,-87,153,99,7753,4,2,401,112,37813,127,26,144,0,0,0,0,0,0,0,0,-32308,0,0,0,0,0,139571,0
139615,-818,444,-8470,-87,153,99,7752,-3,0,401,104,37813,127,26,144,0,0,0,0,0,0,0,0,-32308,0,0,0,0,0,139572,0
139616,-848,434,-8484,-80,146,98,7755,5,-3,402,112,37813,127,26,144,0,0,0,0,0,0,0,0,-32307,0,0,0,0,0,139574,0
139617,-848,434,-8484,-80,146,98,7753,1,-1,401,112,37813,127,26,144,0,0,0,0,0,0,0,0,-32307,0,0,0,0,0,139574,0
139618,-848,434,-8484,-80,146,98,7752,-1,2,401,112,37813,127,26,144,0,0,0,0,0,0,0,0,-32307,0,0,0,0,0,139576,0
139619,-848,434,-8484,-80,146,98,7752,-6,-4,401,112,37813,127,26,144,0,0,0,0,0,0,0,0,-32307,0,0,0,0,0,139576,0
139620,-864,442,-8468,-60,133,96,7753,-9,-4,400,112,37813,127,26,144,0,0,0,0,0,0,0,0,-32307,0,0,0,0,0,139578,0
139621,-864,442,-8468,-60,133,96,7754,5,-1,400,112,37813,127,26,144,0,0,0,0,0,0,0,0,-32307,0,0,0,0,0,139578,0
139622,-864,442,-8468,-60,133,96,7753,7,1,400,112,37813,127,26,144,0,0,0,0,0,0,0,0,-32308,0,0,0,0,0,139579,0
139623,-864,442,-8468,-60,133,96,7753,2,-1,399,112,37816,119,26,144,0,0,0,0,0,0,0,0,-32307,0,0,0,0,0,139580,0
139624,-814,422,-8488,-46,124,86,7752,-7,-5,400,104,37816,119,26,144,0,0,0,0,0,0,0,0,-32308,0,0,0,0,0,139582,0
139625,-814,422,-8488,-46,124,86,7752,-13,3,401,104,37816,119,26,144,0,0,0,0,0,0,0,0,-32308,0,0,0,0,0,139582,0
139626,-814,422,-8488,-46,124,86,7754,0,-2,401,104,37816,119,26,144,0,0,0,0,0,0,0,0,-32308,0,0,0,0,0,139584,0
139627,-814,422,-8488,-46,124,86,7754,8,7,401,112,37816,119,26,144,0,0,0,0,0,0,0,0,-32308,0,0,0,0,0,139584,0
139628,-840,410,-8462,-36,108,86,7754,13,0,401,104,37816,119,26,144,0,0,0,0,0,0,0,0,-32308,0,0,0,0,0,139586,0
139629,-840,410,-8462,-36,108,86,7753,7,3,401,104,37816,119,26,144,0,0,0,0,0,0,0,0,-32308,0,0,0,0,0,139586,0
139630,-840,410,-8462,-36,108,86,7753,-2,1,400,104,37816,119,26,144,0,0,0,0,0,0,0,0,-32307,0,0,0,0,0,139588,0
139632,-846,438,-8448,-35,94,77,7753,-3,0,400,104,37816,119,26,144,0,0,0,0,0,0,0,0,-32308,0,0,0,0,0,139589,0
139633,-846,438,-8448,-35,94,77,7754,4,4,399,104,37815,135,26,144,0,0,0,0,0,0,0,0,-32307,0,0,0,0,0,139591,0
139634,-846,438,-8448,-35,94,77,7752,-4,3,400,104,37815,135,26,144,0,0,0,0,0,0,0,0,-32307,0,0,0,0,0,139591,0
139635,-846,438,-8448,-35,94,77,7753,-2,-4,400,104,37815,135,26,144,0,0,0,0,0,0,0,0,-32307,0,0,0,0,0,139593,0
139636,-822,424,-8462,-31,88,64,7753,-2,-3,400,104,37815,135,26,144,0,0,0,0,0,0,0,0,-32307,0,0,0,0,0,139593,0
139637,-822,424,-8462,-31,88,64,7751,-9,3,401,104,37815,135,26,144,0,0,0,0,0,0,0,0,-32307,0,0,0,0,0,139595,0
139638,-822,424,-8462,-31,88,64,7753,1,-4,401,104,37815,135,26,144,0,0,0,0,0,0,0,0,-32308,0,0,0,0,0,139595,0
139639,-822,424,-8462,-31,88,64,7753,0,0,401,104,37815,135,26,144,0,0,0,0,0,0,0,0,-32307,0,0,0,0,0,139596,0
139640,-786,434,-8436,-24,79,61,7753,3,5,400,112,37815,135,26,144,0,0,0,0,0,0,0,0,-32308,0,0,0,0,0,139598,0
139641,-786,434,-8436,-24,79,61,7753,7,-2,401,104,37815,135,26,144,0,0,0,0,0,0,0,0,-32308,0,0,0,0,0,139598,0
139642,-786,434,-8436,-24,79,61,7753,-1,1,401,104,37815,135,26,144,0,0,0,0,0,0,0,0,-32307,0,0,0,0,0,139600,0
139643,-786,434,-8436,-24,79,61,7752,-4,-3,401,112,37815,142,26,144,0,0,0,0,0,0,0,0,-32307,0,0,0,0,0,139601,0
139644,-798,436,-8422,-25,78,59,7753,0,-4,401,104,37815,142,26,144,0,0,0,0,0,0,0,0,-32308,0,0,0,0,0,139601,0
139645,-798,436,-8422,-25,78,59,7753,0,6,400,104,37815,142,26,144,0,0,0,0,0,0,0,0,-32308,0,0,0,0,0,139603,0
139646,-798,436,-8422,-25,78,59,7754,4,1,400,104,37815,142,26,144,0,0,0,0,0,0,0,0,-32307,0,0,0,0,0,139603,0
139647,-798,436,-8422,-25,78,59,7754,6,1,401,104,37815,142,26,144,0,0,0,0,0,0,0,0,-32307,0,0,0,0,0,139604,0
139648,-756,436,-8396,-28,75,61,7753,0,-3,403,104,37815,142,26,144,0,0,0,0,0,0,0,0,-32307,0,0,0,0,0,139606,0
139649,-756,436,-8396,-28,75,61,7753,0,1,401,104,37815,142,26,144,0,0,0,0,0,0,0,0,-32307,0,0,0,0,0,139606,0
139650,-756,436,-8396,-28,75,61,7752,-5,1,402,104,37815,142,26,144,0,0,0,0,0,0,0,0,-32308,0,0,0,0,0,139608,0
139651,-756,436,-8396,-28,75,61,7753,-3,-1,401,104,37815,142,26,144,0,0,0,0,0,0,0,0,-32307,0,0,0,0,0,139608,0
139652,-772,404,-8398,-29,78,60,7755,11,4,400,112,37815,142,26,144,0,0,0,0,0,0,0,0,-32308,0,0,0,0,0,139610,0
139653,-772,404,-8398,-29,78,60,7752,0,2,400,104,37814,141,26,144,0,0,0,0,0,0,0,0,-32308,0,0,0,0,0,139611,0
139654,-772,404,-8398,-29,78,60,7753,0,-5,401,104,37814,141,26,144,0,0,0,0,0,0,0,0,-32307,0,0,0,0,0,139612,0
139655,-772,404,-8398,-29,78,60,7753,-4,0,398,112,37814,141,26,144,0,0,0,0,0,0,0,0,-32307,0,0,0,0,0,139613,0
139656,-746,436,-8390,-38,82,55,7753,-7,3,397,112,37814,141,26,144,0,0,0,0,0,0,0,0,-32307,0,0,0,0,0,139614,0
139657,-746,436,-8390,-38,82,55,7754,9,2,399,112,37814,141,26,144,0,0,0,0,0,0,0,0,-32308,0,0,0,0,0,139614,0
139658,-746,436,-8390,-38,82,55,7753,1,5,399,112,37814,141,26,144,0,0,0,0,0,0,0,0,-32308,0,0,0,0,0,139616,0
139659,-746,436,-8390,-38,82,55,7753,-2,2,400,112,37814,141,26,144,0,0,0,0,0,0,0,0,-32308,0,0,0,0,0,139616,0
139660,-742,446,-8370,-37,89,47,7753,-3,-2,401,104,37814,141,26,144,0,0,0,0,0,0,0,0,-32307,0,0,0,0,0,139618,0
139661,-742,446,-8370,-37,89,47,7753,-5,-1,401,104,37814,141,26,144,0,0,0,0,0,0,0,0,-32308,0,0,0,0,0,139618,0
139662,-742,446,-8370,-37,89,47,7753,1,0,402,112,37814,141,26,144,0,0,0,0,0,0,0,0,-32308,0,0,0,0,0,139620,0
139663,-742,446,-8370,-37,89,47,7754,5,-2,402,112,37814,136,26,144,0,0,0,0,0,0,0,0,-32307,0,0,0,0,0,139621,0
139664,-744,446,-8412,-41,90,43,7753,2,2,401,112,37814,136,26,144,0,0,0,0,0,0,0,0,-32308,0,0,0,0,0,139622,0
139665,-744,446,-8412,-41,90,43,7754,2,2,402,112,37814,136,26,144,0,0,0,0,0,0,0,0,-32307,0,0,0,0,0,139623,0
139666,-744,446,-8412,-41,90,43,7753,0,-2,403,112,37814,136,26,144,0,0,0,0,0,0,0,0,-32307,0,0,0,0,0,139624,0
139667,-744,446,-8412,-41,90,43,7754,2,-4,402,104,37814,136,26,144,0,0,0,0,0,0,0,0,-32308,0,0,0,0,0,139625,0
139668,-736,468,-8404,-43,91,38,7754,4,3,401,112,37814,136,26,144,0,0,0,0,0,0,0,0,-32307,0,0,0,0,0,139626,0
139669,-736,468,-8404,-43,91,38,7754,3,1,401,112,37814,136,26,144,0,0,0,0,0,0,0,0,-32308,0,0,0,0,0,139627,0
139670,-736,468,-8404,-43,91,38,7753,0,2,400,112,37814,136,26,144,0,0,0,0,0,0,0,0,-32307,0,0,0,0,0,139629,0
139672,-754,456,-8410,-44,85,36,7753,-5,-3,399,112,37814,136,26,144,0,0,0,0,0,0,0,0,-32307,0,0,0,0,0,139630,0
139673,-754,456,-8410,-44,85,36,7754,-1,-1,399,112,37816,131,26,144,0,0,0,0,0,0,0,0,-32308,0,0,0,0,0,139631,0
139674,-754,456,-8410,-44,85,36,7753,1,0,398,112,37816,131,26,144,0,0,0,0,0,0,0,0,-32307,0,0,0,0,0,139632,0
139675,-754,456,-8410,-44,85,36,7753,0,2,399,112,37816,131,26,144,0,0,0,0,0,0,0,0,-32308,0,0,0,0,0,139633,0
139676,-746,468,-8412,-41,76,37,7753,0,1,400,112,37816,131,26,144,0,0,0,0,0,0,0,0,-32307,0,0,0,0,0,139634,0
139677,-746,468,-8412,-41,76,37,7754,2,-1,400,112,37816,131,26,144,0,0,0,0,0,0,0,0,-32308,0,0,0,0,0,139635,0
139678,-746,468,-8412,-41,76,37,7753,1,0,400,112,37816,131,26,144,0,0,0,0,0,0,0,0,-32307,0,0,0,0,0,139636,0
139679,-746,468,-8412,-41,76,37,7753,-1,-3,400,112,37816,131,26,144,0,0,0,0,0,0,0,0,-32308,0,0,0,0,0,139637,0
139680,-708,474,-8434,-39,62,40,7753,-4,-2,401,112,37816,131,26,144,0,0,0,0,0,0,0,0,-32308,0,0,0,0,0,139638,0
139681,-708,474,-8434,-39,62,40,7752,-8,3,401,104,37816,131,26,144,0,0,0,0,0,0,0,0,-32308,0,0,0,0,0,139639,0
139682,-708,474,-8434,-39,62,40,7753,0,-6,402,104,37816,131,26,144,0,0,0,0,0,0,0,0,-32308,0,0,0,0,0,139640,0
139683,-708,474,-8434,-39,62,40,7752,-2,-2,401,112,37818,116,26,144,0,0,0,0,0,0,0,0,-32307,0,0,0,0,0,139641,0
139684,-730,474,-8436,-35,53,35,7754,5,-4,400,104,37818,116,26,144,0,0,0,0,0,0,0,0,-32308,0,0,0,0,0,139642,0
139685,-730,474,-8436,-35,53,35,7752,1,0,401,104,37818,116,26,144,0,0,0,0,0,0,0,0,-32308,0,0,0,0,0,139643,0
139686,-730,474,-8436,-35,53,35,7754,1,0,401,104,37818,116,26,144,0,0,0,0,0,0,0,0,-32308,0,0,0,0,0,139644,0
139687,-730,474,-8436,-35,53,35,7754,5,1,401,104,37818,116,26,144,0,0,0,0,0,0,0,0,-32307,0,0,0,0,0,139645,0
139688,-672,476,-8454,-34,44,35,7754,3,0,401,96,37818,116,26,144,0,0,0,0,0,0,0,0,-32307,0,0,0,0,0,139646,0
139689,-672,476,-8454,-34,44,35,7752,0,2,401,104,37818,116,26,144,0,0,0,0,0,0,0,0,-32308,0,0,0,0,0,139647,0
139690,-672,476,-8454,-34,44,35,7754,-3,-3,401,104,37818,116,26,144,0,0,0,0,0,0,0,0,-32307,0,0,0,0,0,139648,0
139691,-672,476,-8454,-34,44,35,7753,-7,2,400,96,37818,116,26,144,0,0,0,0,0,0,0,0,-32307,0,0,0,0,0,139649,0
139692,-654,506,-8480,-33,36,35,7754,0,-1,400,104,37818,116,26,144,0,0,0,0,0,0,0,0,-32308,0,0,0,0,0,139650,0
139693,-654,506,-8480,-33,36,35,7753,6,3,399,112,37816,109,26,144,0,0,0,0,0,0,0,0,-32307,0,0,0,0,0,139652,0
139694,-654,506,-8480,-33,36,35,7753,0,1,399,104,37816,109,26,144,0,0,0,0,0,0,0,0,-32307,0,0,0,0,0,139652,0
139695,-654,506,-8480,-33,36,35,7753,1,-2,400,104,37816,109,26,144,0,0,0,0,0,0,0,0,-32307,0,0,0,0,0,139653,0
139696,-672,498,-8456,-30,39,40,7753,-2,3,399,112,37816,109,26,144,0,0,0,0,0,0,0,0,-32308,0,0,0,0,0,139655,0
139697,-672,498,-8456,-30,39,40,7752,-5,3,400,104,37816,109,26,144,0,0,0,0,0,0,0,0,-32307,0,0,0,0,0,139655,0
139698,-672,498,-8456,-30,39,40,7754,0,1,400,112,37816,109,26,144,0,0,0,0,0,0,0,0,-32308,0,0,0,0,0,139657,0
139699,-672,498,-8456,-30,39,40,7752,-2,-1,399,120,37816,109,26,144,0,0,0,0,0,0,0,0,-32307,0,0,0,0,0,139657,0
139700,-640,498,-8430,-32,43,41,7751,-11,-1,401,104,37816,109,26,144,0,0,0,0,0,0,0,0,-32308,0,0,0,0,0,139659,0
139701,-640,498,-8430,-32,43,41,7754,0,-6,401,112,37816,109,26,144,0,0,0,0,0,0,0,0,-32307,0,0,0,0,0,139659,0
139702,-640,498,-8430,-32,43,41,7753,0,2,400,120,37816,109,26,144,0,0,0,0,0,0,0,0,-32307,0,0,0,0,0,139660,0
139703,-640,498,-8430,-32,43,41,7753,9,-1,400,112,37815,112,26,144,0,0,0,0,0,0,0,0,-32308,0,0,0,0,0,139661,0
139704,-624,488,-8456,-29,41,43,7753,11,2,400,112,37815,112,26,144,0,0,0,0,0,0,0,0,-32307,0,0,0,0,0,139663,0
139705,-624,488,-8456,-29,41,43,7753,-3,0,400,112,37815,112,26,144,0,0,0,0,0,0,0,0,-32307,0,0,0,0,0,139663,0
139706,-624,488,-8456,-29,41,43,7755,5,0,401,112,37815,112,26,144,0,0,0,0,0,0,0,0,-32307,0,0,0,0,0,139665,0
139707,-624,488,-8456,-29,41,43,7753,0,4,402,112,37815,112,26,144,0,0,0,0,0,0,0,0,-32308,0,0,0,0,0,139665,0
139708,-590,498,-8468,-33,45,44,7754,4,1,401,112,37815,112,26,144,0,0,0,0,0,0,0,0,-32308,0,0,0,0,0,139667,0
139709,-590,498,-8468,-33,45,44,7753,1,0,401,112,37815,112,26,144,0,0,0,0,0,0,0,0,-32307,0,0,0,0,0,139667,0
139710,-590,498,-8468,-33,45,44,7753,-5,-3,403,112,37815,112,26,144,0,0,0,0,0,0,0,0,-32307,0,0,0,0,0,139669,0
139712,-618,534,-8450,-26,48,46,7753,-7,-1,401,112,37815,112,26,144,0,0,0,0,0,0,0,0,-32307,0,0,0,0,0,139671,0
139714,-618,534,-8450,-26,48,46,7751,-4,-1,401,112,37815,133,26,144,0,0,0,0,0,0,0,0,-32307,0,0,0,0,0,139673,0
139715,-618,534,-8450,-26,48,46,7753,0,2,402,104,37815,133,26,144,0,0,0,0,0,0,0,0,-32308,0,0,0,0,0,139673,0
139716,-618,558,-8448,-29,46,47,7752,-4,-1,403,104,37815,133,26,144,0,0,0,0,0,0,0,0,-32307,0,0,0,0,0,139675,0
139717,-618,558,-8448,-29,46,47,7753,-2,0,403,104,37815,133,26,144,0,0,0,0,0,0,0,0,-32308,0,0,0,0,0,139675,0
139718,-618,558,-8448,-29,46,47,7754,11,-2,402,104,37815,133,26,144,0,0,0,0,0,0,0,0,-32307,0,0,0,0,0,139677,0
139720,-630,550,-8474,-28,43,57,7754,12,1,402,104,37815,133,26,144,0,0,0,0,0,0,0,0,-32307,0,0,0,0,0,139679,0
139721,-630,550,-8474,-28,43,57,7753,1,0,401,112,37815,133,26,144,0,0,0,0,0,0,0,0,-32307,0,0,0,0,0,139679,0
139722,-630,550,-8474,-28,43,57,7754,-3,4,401,112,37815,133,26,144,0,0,0,0,0,0,0,0,-32308,0,0,0,0,0,139681,0
139723,-630,550,-8474,-28,43,57,7753,-5,-1,400,104,37817,136,26,144,0,0,0,0,0,0,0,0,-32307,0,0,0,0,0,139681,0
139724,-636,568,-8466,-33,38,54,7753,-5,1,399,104,37817,136,26,144,0,0,0,0,0,0,0,0,-32308,0,0,0,0,0,139683,0
139725,-636,568,-8466,-33,38,54,7754,-1,0,399,104,37817,136,26,144,0,0,0,0,0,0,0,0,-32308,0,0,0,0,0,139683,0
139726,-636,568,-8466,-33,38,54,7752,-7,-1,400,104,37817,136,26,144,0,0,0,0,0,0,0,0,-32308,0,0,0,0,0,139685,0
139728,-642,576,-8482,-38,39,65,7754,3,-7,400,104,37817,136,26,144,0,0,0,0,0,0,0,0,-32307,0,0,0,0,0,139687,0
139729,-642,576,-8482,-38,39,65,7753,0,2,401,104,37817,136,26,144,0,0,0,0,0,0,0,0,-32308,0,0,0,0,0,139687,0
139730,-642,576,-8482,-38,39,65,7753,1,0,400,104,37817,136,26,144,0,0,0,0,0,0,0,0,-32307,0,0,0,0,0,139689,0
139731,-642,576,-8482,-38,39,65,7754,-1,2,400,104,37817,136,26,144,0,0,0,0,0,0,0,0,-32307,0,0,0,0,0,139689,0
139732,-654,548,-8476,-53,45,67,7753,-2,2,401,104,37817,136,26,144,0,0,0,0,0,0,0,0,-32307,0,0,0,0,0,139691,0
139733,-654,548,-8476,-53,45,67,7753,3,-3,399,104,37815,145,26,144,0,0,0,0,0,0,0,0,-32308,0,0,0,0,0,139691,0
139734,-654,548,-8476,-53,45,67,7753,0,-1,399,104,37815,145,26,144,0,0,0,0,0,0,0,0,-32308,0,0,0,0,0,139693,0
139736,-684,528,-8490,-57,30,75,7754,1,1,398,112,37815,145,26,144,0,0,0,0,0,0,0,0,-32308,0,0,0,0,0,139695,0
139737,-684,528,-8490,-57,30,75,7754,1,2,398,104,37815,145,26,144,0,0,0,0,0,0,0,0,-32308,0,0,0,0,0,139695,0
139738,-684,528,-8490,-57,30,75,7753,1,1,398,104,37815,145,26,144,0,0,0,0,0,0,0,0,-32307,0,0,0,0,0,139697,0
139739,-684,528,-8490,-57,30,75,7753,3,-1,398,112,37815,145,26,144,0,0,0,0,0,0,0,0,-32308,0,0,0,0,0,139697,0
139740,-658,506,-8488,-55,21,75,7753,-1,-3,398,104,37815,145,26,144,0,0,0,0,0,0,0,0,-32307,0,0,0,0,0,139699,0
139741,-658,506,-8488,-55,21,75,7754,0,3,399,104,37815,145,26,144,0,0,0,0,0,0,0,0,-32308,0,0,0,0,0,139699,0
139742,-658,506,-8488,-55,21,75,7753,1,1,399,104,37815,145,26,144,0,0,0,0,0,0,0,0,-32307,0,0,0,0,0,139701,0
139744,-648,510,-8464,-58,13,77,7753,0,-2,401,104,37814,133,26,144,0,0,0,0,0,0,0,0,-32307,0,0,0,0,0,139703,0
139745,-648,510,-8464,-58,13,77,7754,-3,0,401,104,37814,133,26,144,0,0,0,0,0,0,0,0,-32307,0,0,0,0,0,139703,0
139746,-648,510,-8464,-58,13,77,7754,2,0,401,112,37814,133,26,144,0,0,0,0,0,0,0,0,-32307,0,0,0,0,0,139705,0
139747,-648,510,-8464,-58,13,77,7752,0,-1,401,104,37814,133,26,144,0,0,0,0,0,0,0,0,-32308,0,0,0,0,0,139705,0
139748,-642,476,-8504,-55,14,81,7753,-4,2,401,104,37814,133,26,144,0,0,0,0,0,0,0,0,-32307,0,0,0,0,0,139707,0
139749,-642,476,-8504,-55,14,81,7754,0,4,400,112,37814,133,26,144,0,0,0,0,0,0,0,0,-32308,0,0,0,0,0,139707,0
139750,-642,476,-8504,-55,14,81,7753,1,0,399,96,37814,133,26,144,0,0,0,0,0,0,0,0,-32307,0,0,0,0,0,139709,0
139752,-692,494,-8492,-50,23,76,7754,1,1,401,112,37814,133,26,144,0,0,0,0,0,0,0,0,-32307,0,0,0,0,0,139711,0
139753,-692,494,-8492,-50,23,76,7753,0,-2,400,112,37814,130,26,144,0,0,0,0,0,0,0,0,-32307,0,0,0,0,0,139711,0
139754,-692,494,-8492,-50,23,76,7752,0,1,401,112,37814,130,26,144,0,0,0,0,0,0,0,0,-32308,0,0,0,0,0,139713,0
139755,-692,494,-8492,-50,23,76,7754,3,-2,400,120,37814,130,26,144,0,0,0,0,0,0,0,0,-32307,0,0,0,0,0,139713,0
139756,-672,478,-8476,-49,32,76,7752,-8,-3,401,112,37814,130,26,144,0,0,0,0,0,0,0,0,-32307,0,0,0,0,0,139715,0
139757,-672,478,-8476,-49,32,76,7754,3,6,402,120,37814,130,26,144,0,0,0,0,0,0,0,0,-32307,0,0,0,0,0,139715,0
139758,-672,478,-8476,-49,32,76,7753,5,0,399,120,37814,130,26,144,0,0,0,0,0,0,0,0,-32307,0,0,0,0,0,139717,0
139760,-654,472,-8480,-33,35,76,7754,6,2,401,112,37814,130,26,144,0,0,0,0,0,0,0,0,-32308,0,0,0,0,0,139719,0
139761,-654,472,-8480,-33,35,76,7754,-3,5,401,112,37814,130,26,144,0,0,0,0,0,0,0,0,-32307,0,0,0,0,0,139719,0
139762,-654,472,-8480,-33,35,76,7753,-3,-2,404,112,37814,130,26,144,0,0,0,0,0,0,0,0,-32307,0,0,0,0,0,139721,0
139763,-654,472,-8480,-33,35,76,7755,1,3,404,112,37816,137,26,144,0,0,0,0,0,0,0,0,-32308,0,0,0,0,0,139721,0
139764,-688,492,-8462,-29,48,71,7754,4,2,402,112,37816,137,26,144,0,0,0,0,0,0,0,0,-32307,0,0,0,0,0,139723,0
139765,-688,492,-8462,-29,48,71,7753,-1,4,402,112,37816,137,26,144,0,0,0,0,0,0,0,0,-32308,0,0,0,0,0,139723,0
139766,-688,492,-8462,-29,48,71,7753,-2,-4,403,112,37816,137,26,144,0,0,0,0,0,0,0,0,-32308,0,0,0,0,0,139725,0
139768,-716,474,-8486,-23,42,71,7753,-2,2,401,112,37816,137,26,144,0,0,0,0,0,0,0,0,-32308,0,0,0,0,0,139727,0
139769,-716,474,-8486,-23,42,71,7753,1,0,399,112,37816,137,26,144,0,0,0,0,0,0,0,0,-32308,0,0,0,0,0,139727,0
139770,-716,474,-8486,-23,42,71,7753,-1,-1,399,120,37816,137,26,144,0,0,0,0,0,0,0,0,-32308,0,0,0,0,0,139729,0
139771,-716,474,-8486,-23,42,71,7754,1,-3,400,120,37816,137,26,144,0,0,0,0,0,0,0,0,-32308,0,0,0,0,0,139729,0
139772,-752,468,-8470,-30,46,70,7754,4,3,401,112,37816,137,26,144,0,0,0,0,0,0,0,0,-32308,0,0,0,0,0,139731,0
139773,-752,468,-8470,-30,46,70,7753,0,-1,401,112,37818,133,26,144,0,0,0,0,0,0,0,0,-32307,0,0,0,0,0,139731,0
139774,-752,468,-8470,-30,46,70,7754,0,2,400,112,37818,133,26,144,0,0,0,0,0,0,0,0,-32307,0,0,0,0,0,139733,0
139776,-756,460,-8484,-30,45,68,7754,0,1,400,112,37818,133,26,144,0,0,0,0,0,0,0,0,-32307,0,0,0,0,0,139735,0
139777,-756,460,-8484,-30,45,68,7753,3,-1,400,120,37818,133,26,144,0,0,0,0,0,0,0,0,-32308,0,0,0,0,0,139735,0
139778,-756,460,-8484,-30,45,68,7754,5,-2,400,112,37818,133,26,144,0,0,0,0,0,0,0,0,-32308,0,0,0,0,0,139737,0
139779,-756,460,-8484,-30,45,68,7753,4,-3,400,112,37818,133,26,144,0,0,0,0,0,0,0,0,-32307,0,0,0,0,0,139737,0
139780,-720,476,-8472,-35,43,64,7753,-4,1,399,112,37818,133,26,144,0,0,0,0,0,0,0,0,-32307,0,0,0,0,0,139739,0
139781,-720,476,-8472,-35,43,64,7754,0,0,398,112,37818,133,26,144,0,0,0,0,0,0,0,0,-32308,0,0,0,0,0,139739,0
139782,-720,476,-8472,-35,43,64,7754,0,0,399,112,37818,133,26,144,0,0,0,0,0,0,0,0,-32308,0,0,0,0,0,139741,0
139784,-754,468,-8484,-34,47,62,7753,0,-4,398,112,37816,130,26,144,0,0,0,0,0,0,0,0,-32308,0,0,0,0,0,139743,0
139785,-754,468,-8484,-34,47,62,7755,2,2,399,112,37816,130,26,144,0,0,0,0,0,0,0,0,-32307,0,0,0,0,0,139743,0
139786,-754,468,-8484,-34,47,62,7756,9,4,399,112,37816,130,26,144,0,0,0,0,0,0,0,0,-32307,0,0,0,0,0,139745,0
139787,-754,468,-8484,-34,47,62,7753,3,2,399,120,37816,130,26,144,0,0,0,0,0,0,0,0,-32307,0,0,0,0,0,139745,0
139788,-726,476,-8450,-32,41,52,7754,1,1,399,112,37816,130,26,144,0,0,0,0,0,0,0,0,-32308,0,0,0,0,0,139747,0
139789,-726,476,-8450,-32,41,52,7753,-9,3,398,112,37816,130,26,144,0,0,0,0,0,0,0,0,-32308,0,0,0,0,0,139747,0
139790,-726,476,-8450,-32,41,52,7753,-11,-3,399,120,37816,130,26,144,0,0,0,0,0,0,0,0,-32308,0,0,0,0,0,139749,0
139792,-728,450,-8470,-27,42,52,7754,0,-1,401,104,37816,130,26,144,0,0,0,0,0,0,0,0,-32307,0,0,0,0,0,139751,0
139793,-728,450,-8470,-27,42,52,7753,1,-4,401,112,37817,125,26,144,0,0,0,0,0,0,0,0,-32308,0,0,0,0,0,139751,0
139794,-728,450,-8470,-27,42,52,7753,-3,0,402,112,37817,125,26,144,0,0,0,0,0,0,0,0,-32308,0,0,0,0,0,139753,0
139795,-728,450,-8470,-27,42,52,7753,-6,-4,402,112,37817,125,26,144,0,0,0,0,0,0,0,0,-32307,0,0,0,0,0,139753,0
139796,-774,436,-8460,-24,54,51,7754,1,1,401,120,37817,125,26,144,0,0,0,0,0,0,0,0,-32308,0,0,0,0,0,139755,0
139797,-774,436,-8460,-24,54,51,7754,8,-1,403,112,37817,125,26,144,0,0,0,0,0,0,0,0,-32308,0,0,0,0,0,139755,0
139798,-774,436,-8460,-24,54,51,7753,2,-1,402,112,37817,125,26,144,0,0,0,0,0,0,0,0,-32308,0,0,0,0,0,139757,0
139800,-732,472,-8464,-20,58,54,7753,-6,-4,400,112,37817,125,26,144,0,0,0,0,0,0,0,0,-32307,0,0,0,0,0,139759,0
139801,-732,472,-8464,-20,58,54,7753,-6,0,401,112,37817,125,26,144,0,0,0,0,0,0,0,0,-32307,0,0,0,0,0,139759,0
139802,-732,472,-8464,-20,58,54,7753,0,-1,401,120,37817,125,26,144,0,0,0,0,0,0,0,0,-32308,0,0,0,0,0,139761,0
139803,-732,472,-8464,-20,58,54,7754,5,-2,401,120,37817,123,26,144,0,0,0,0,0,0,0,0,-32307,0,0,0,0,0,139761,0
139804,-724,464,-8456,-13,62,50,7753,3,0,402,112,37817,123,26,144,0,0,0,0,0,0,0,0,-32307,0,0,0,0,0,139763,0
139805,-724,464,-8456,-13,62,50,7753,2,-2,401,120,37817,123,26,144,0,0,0,0,0,0,0,0,-32307,0,0,0,0,0,139763,0
139806,-724,464,-8456,-13,62,50,7753,-4,-2,401,112,37817,123,26,144,0,0,0,0,0,0,0,0,-32307,0,0,0,0,0,139765,0
139808,-728,500,-8440,-12,65,55,7754,4,2,400,120,37817,123,26,144,0,0,0,0,0,0,0,0,-32307,0,0,0,0,0,139767,0
139809,-728,500,-8440,-12,65,55,7754,8,3,402,112,37817,123,26,144,0,0,0,0,0,0,0,0,-32307,0,0,0,0,0,139767,0
139810,-728,500,-8440,-12,65,55,7753,5,-1,402,112,37817,123,26,144,0,0,0,0,0,0,0,0,-32307,0,0,0,0,0,139769,0
139811,-728,500,-8440,-12,65,55,7753,-2,0,402,112,37817,123,26,144,0,0,0,0,0,0,0,0,-32308,0,0,0,0,0,139769,0
139812,-734,480,-8414,-19,86,55,7752,-11,-3,402,112,37817,123,26,144,0,0,0,0,0,0,0,0,-32308,0,0,0,0,0,139771,0
139813,-734,480,-8414,-19,86,55,7754,-4,5,402,112,37816,137,26,144,0,0,0,0,0,0,0,0,-32308,0,0,0,0,0,139771,0
139814,-734,480,-8414,-19,86,55,7753,1,6,402,112,37816,137,26,144,0,0,0,0,0,0,0,0,-32308,0,0,0,0,0,139773,0
139816,-706,476,-8424,-25,100,55,7754,4,3,403,112,37816,137,26,144,0,0,0,0,0,0,0,0,-32307,0,0,0,0,0,139775,0
139817,-706,476,-8424,-25,100,55,7754,3,-1,400,112,37816,137,26,144,0,0,0,0,0,0,0,0,-32307,0,0,0,0,0,139775,0
139818,-706,476,-8424,-25,100,55,7754,3,1,400,112,37816,137,26,144,0,0,0,0,0,0,0,0,-32308,0,0,0,0,0,139777,0
139819,-706,476,-8424,-25,100,55,7754,0,5,401,112,37816,137,26,144,0,0,0,0,0,0,0,0,-32307,0,0,0,0,0,139777,0
139820,-724,506,-8424,-32,109,59,7753,-4,1,401,112,37816,137,26,144,0,0,0,0,0,0,0,0,-32308,0,0,0,0,0,139779,0
139821,-724,506,-8424,-32,109,59,7753,-9,0,401,112,37816,137,26,144,0,0,0,0,0,0,0,0,-32307,0,0,0,0,0,139779,0
139822,-724,506,-8424,-32,109,59,7754,-2,0,401,104,37816,137,26,144,0,0,0,0,0,0,0,0,-32308,0,0,0,0,0,139781,0
139824,-724,520,-8422,-37,115,54,7755,9,4,400,112,37815,129,26,144,0,0,0,0,0,0,0,0,-32307,0,0,0,0,0,139783,0
139825,-724,520,-8422,-37,115,54,7754,6,3,400,104,37815,129,26,144,0,0,0,0,0,0,0,0,-32307,0,0,0,0,0,139783,0
139826,-724,520,-8422,-37,115,54,7754,0,3,400,112,37815,129,26,144,0,0,0,0,0,0,0,0,-32307,0,0,0,0,0,139785,0
139827,-724,520,-8422,-37,115,54,7753,-3,-2,400,112,37815,129,26,144,0,0,0,0,0,0,0,0,-32307,0,0,0,0,0,139785,0
139828,-720,494,-8418,-42,114,52,7754,-4,2,401,104,37815,129,26,144,0,0,0,0,0,0,0,0,-32307,0,0,0,0,0,139787,0
139829,-720,494,-8418,-42,114,52,7754,1,0,400,104,37815,129,26,144,0,0,0,0,0,0,0,0,-32307,0,0,0,0,0,139787,0
139830,-720,494,-8418,-42,114,52,7753,0,-4,400,104,37815,129,26,144,0,0,0,0,0,0,0,0,-32307,0,0,0,0,0,139789,0
139832,-718,496,-8436,-43,106,59,7754,-5,-1,400,104,37815,129,26,144,0,0,0,0,0,0,0,0,-32307,0,0,0,0,0,139791,0
139833,-718,496,-8436,-43,106,59,7753,-1,-2,400,104,37815,122,26,144,0,0,0,0,0,0,0,0,-32307,0,0,0,0,0,139791,0
139834,-718,496,-8436,-43,106,59,7754,7,1,400,104,37815,122,26,144,0,0,0,0,0,0,0,0,-32308,0,0,0,0,0,139793,0
139835,-718,496,-8436,-43,106,59,7754,8,1,399,104,37815,122,26,144,0,0,0,0,0,0,0,0,-32307,0,0,0,0,0,139793,0
139836,-708,460,-8440,-41,98,59,7755,6,3,398,104,37815,122,26,144,0,0,0,0,0,0,0,0,-32308,0,0,0,0,0,139795,0
139837,-708,460,-8440,-41,98,59,7754,5,1,398,104,37815,122,26,144,0,0,0,0,0,0,0,0,-32308,0,0,0,0,0,139795,0
139838,-708,460,-8440,-41,98,59,7753,-1,-4,398,104,37815,122,26,144,0,0,0,0,0,0,0,0,-32307,0,0,0,0,0,139797,0
139840,-752,462,-8440,-40,87,62,7754,-6,-3,398,104,37815,122,26,144,0,0,0,0,0,0,0,0,-32308,0,0,0,0,0,139799,0
139841,-752,462,-8440,-40,87,62,7754,-1,3,399,104,37815,122,26,144,0,0,0,0,0,0,0,0,-32308,0,0,0,0,0,139799,0
139842,-752,462,-8440,-40,87,62,7753,0,-3,398,104,37815,122,26,144,0,0,0,0,0,0,0,0,-32308,0,0,0,0,0,139801,0
139843,-752,462,-8440,-40,87,62,7753,-4,-5,398,112,37816,123,26,144,0,0,0,0,0,0,0,0,-32307,0,0,0,0,0,139801,0
139844,-734,452,-8426,-39,71,60,7754,-1,2,400,104,37816,123,26,144,0,0,0,0,0,0,0,0,-32308,0,0,0,0,0,139802,0
139845,-734,452,-8426,-39,71,60,7754,0,4,399,112,37816,123,26,144,0,0,0,0,0,0,0,0,-32307,0,0,0,0,0,139804,0
139846,-734,452,-8426,-39,71,60,7753,0,-2,399,120,37816,123,26,144,0,0,0,0,0,0,0,0,-32308,0,0,0,0,0,139804,0
139847,-734,452,-8426,-39,71,60,7753,-2,0,399,112,37816,123,26,144,0,0,0,0,0,0,0,0,-32308,0,0,0,0,0,139805,0
139848,-692,456,-8422,-30,69,59,7754,0,-1,398,112,37816,123,26,144,0,0,0,0,0,0,0,0,-32307,0,0,0,0,0,139807,0
139849,-692,456,-8422,-30,69,59,7754,3,-1,398,112,37816,123,26,144,0,0,0,0,0,0,0,0,-32307,0,0,0,0,0,139807,0
139850,-692,456,-8422,-30,69,59,7753,1,-3,401,104,37816,123,26,144,0,0,0,0,0,0,0,0,-32308,0,0,0,0,0,139809,0
139851,-692,456,-8422,-30,69,59,7755,8,3,402,112,37816,123,26,144,0,0,0,0,0,0,0,0,-32308,0,0,0,0,0,139809,0
139852,-712,448,-8426,-23,66,56,7752,-6,2,402,112,37816,123,26,144,0,0,0,0,0,0,0,0,-32308,0,0,0,0,0,139811,0
139853,-712,448,-8426,-23,66,56,7754,-4,1,403,104,37818,114,26,144,0,0,0,0,0,0,0,0,-32307,0,0,0,0,0,139811,0
139854,-712,448,-8426,-23,66,56,7753,-1,0,403,112,37818,114,26,144,0,0,0,0,0,0,0,0,-32307,0,0,0,0,0,139812,0
139855,-712,448,-8426,-23,66,56,7754,-3,-2,402,112,37818,114,26,144,0,0,0,0,0,0,0,0,-32307,0,0,0,0,0,139813,0
139856,-680,460,-8424,-19,55,57,7754,10,2,402,112,37818,114,26,144,0,0,0,0,0,0,0,0,-32307,0,0,0,0,0,139815,0
139857,-680,460,-8424,-19,55,57,7753,-1,0,401,112,37818,114,26,144,0,0,0,0,0,0,0,0,-32308,0,0,0,0,0,139815,0
139858,-680,460,-8424,-19,55,57,7754,0,-3,401,112,37818,114,26,144,0,0,0,0,0,0,0,0,-32308,0,0,0,0,0,139817,0
139859,-680,460,-8424,-19,55,57,7754,0,-1,400,104,37818,114,26,144,0,0,0,0,0,0,0,0,-32307,0,0,0,0,0,139817,0
139860,-660,504,-8424,-13,59,56,7753,-2,0,401,104,37818,114,26,144,0,0,0,0,0,0,0,0,-32308,0,0,0,0,0,139819,0
139861,-660,504,-8424,-13,59,56,7755,6,3,401,112,37818,114,26,144,0,0,0,0,0,0,0,0,-32307,0,0,0,0,0,139819,0
139862,-660,504,-8424,-13,59,56,7753,0,-2,401,112,37818,114,26,144,0,0,0,0,0,0,0,0,-32308,0,0,0,0,0,139821,0
139864,-676,482,-8448,-14,59,52,7754,3,6,400,112,37818,125,26,144,0,0,0,0,0,0,0,0,-32307,0,0,0,0,0,139822,0
139865,-676,482,-8448,-14,59,52,7754,-3,-2,400,112,37818,125,26,144,0,0,0,0,0,0,0,0,-32307,0,0,0,0,0,139824,0
139866,-676,482,-8448,-14,59,52,7753,0,0,400,112,37818,125,26,144,0,0,0,0,0,0,0,0,-32307,0,0,0,0,0,139824,0
139867,-676,482,-8448,-14,59,52,7755,0,4,399,112,37818,125,26,144,0,0,0,0,0,0,0,0,-32308,0,0,0,0,0,139826,0
139868,-658,500,-8448,-21,66,51,7753,-5,0,399,112,37818,125,26,144,0,0,0,0,0,0,0,0,-32307,0,0,0,0,0,139826,0
139869,-658,500,-8448,-21,66,51,7755,3,3,400,112,37818,125,26,144,0,0,0,0,0,0,0,0,-32307,0,0,0,0,0,139828,0
139870,-658,500,-8448,-21,66,51,7753,-1,-4,400,112,37818,125,26,144,0,0,0,0,0,0,0,0,-32307,0,0,0,0,0,139828,0
139871,-658,500,-8448,-21,66,51,7753,-7,-1,400,120,37818,125,26,144,0,0,0,0,0,0,0,0,-32307,0,0,0,0,0,139829,0
139872,-636,484,-8442,-27,74,51,7753,-1,-3,401,112,37818,125,26,144,0,0,0,0,0,0,0,0,-32307,0,0,0,0,0,139831,0
139873,-636,484,-8442,-27,74,51,7753,-6,1,402,112,37819,128,26,144,0,0,0,0,0,0,0,0,-32308,0,0,0,0,0,139831,0
139874,-636,484,-8442,-27,74,51,7753,3,-3,402,112,37819,128,26,144,0,0,0,0,0,0,0,0,-32307,0,0,0,0,0,139832,0
139875,-636,484,-8442,-27,74,51,7753,1,-4,402,112,37819,128,26,144,0,0,0,0,0,0,0,0,-32307,0,0,0,0,0,139834,0
139876,-648,486,-8448,-35,71,48,7756,9,5,402,112,37819,128,26,144,0,0,0,0,0,0,0,0,-32308,0,0,0,0,0,139834,0
139877,-648,486,-8448,-35,71,48,7754,6,1,401,112,37819,128,26,144,0,0,0,0,0,0,0,0,-32307,0,0,0,0,0,139836,0
139878,-648,486,-8448,-35,71,48,7753,-1,-2,402,112,37819,128,26,144,0,0,0,0,0,0,0,0,-32308,0,0,0,0,0,139836,0
139879,-648,486,-8448,-35,71,48,7753,-8,1,401,112,37819,128,26,144,0,0,0,0,0,0,0,0,-32308,0,0,0,0,0,139837,0
139880,-642,518,-8444,-39,80,50,7754,-8,-1,400,112,37819,128,26,144,0,0,0,0,0,0,0,0,-32308,0,0,0,0,0,139839,0
139881,-642,518,-8444,-39,80,50,7753,0,-2,399,112,37819,128,26,144,0,0,0,0,0,0,0,0,-32308,0,0,0,0,0,139839,0
139882,-642,518,-8444,-39,80,50,7753,4,-2,399,112,37819,128,26,144,0,0,0,0,0,0,0,0,-32308,0,0,0,0,0,139841,0
139883,-642,518,-8444,-39,80,50,7754,4,-3,399,112,37817,133,26,144,0,0,0,0,0,0,0,0,-32308,0,0,0,0,0,139841,0
139884,-672,494,-8440,-43,78,50,7754,2,2,398,112,37817,133,26,144,0,0,0,0,0,0,0,0,-32308,0,0,0,0,0,139842,0
139885,-672,494,-8440,-43,78,50,7754,5,1,399,112,37817,133,26,144,0,0,0,0,0,0,0,0,-32308,0,0,0,0,0,139844,0
139886,-672,494,-8440,-43,78,50,7755,4,5,399,112,37817,133,26,144,0,0,0,0,0,0,0,0,-32308,0,0,0,0,0,139844,0
139887,-672,494,-8440,-43,78,50,7753,-4,1,399,112,37817,133,26,144,0,0,0,0,0,0,0,0,-32308,0,0,0,0,0,139845,0
139888,-644,462,-8448,-36,74,49,7754,-2,0,400,112,37817,133,26,144,0,0,0,0,0,0,0,0,-32307,0,0,0,0,0,139847,0
139889,-644,462,-8448,-36,74,49,7754,-2,6,400,112,37817,133,26,144,0,0,0,0,0,0,0,0,-32307,0,0,0,0,0,139847,0
139890,-644,462,-8448,-36,74,49,7755,1,-5,399,120,37817,133,26,144,0,0,0,0,0,0,0,0,-32307,0,0,0,0,0,139849,0
139891,-644,462,-8448,-36,74,49,7755,10,3,400,112,37817,133,26,144,0,0,0,0,0,0,0,0,-32308,0,0,0,0,0,139849,0
139892,-662,442,-8436,-30,68,45,7753,-1,1,400,120,37817,133,26,144,0,0,0,0,0,0,0,0,-32308,0,0,0,0,0,139851,0
139893,-662,442,-8436,-30,68,45,7753,-5,0,401,112,37810,128,26,144,0,0,0,0,0,0,0,0,-32307,0,0,0,0,0,139851,0
139894,-662,442,-8436,-30,68,45,7754,-7,0,401,112,37810,128,26,144,0,0,0,0,0,0,0,0,-32307,0,0,0,0,0,139852,0
139895,-662,442,-8436,-30,68,45,7754,-1,5,401,112,37810,128,26,144,0,0,0,0,0,0,0,0,-32307,0,0,0,0,0,139853,0
139896,-678,446,-8448,-25,65,53,7754,6,1,402,112,37810,128,26,144,0,0,0,0,0,0,0,0,-32308,0,0,0,0,0,139855,0
139897,-678,446,-8448,-25,65,53,7754,5,-1,403,104,37810,128,26,144,0,0,0,0,0,0,0,0,-32308,0,0,0,0,0,139855,0
139898,-678,446,-8448,-25,65,53,7754,0,-3,402,112,37810,128,26,144,0,0,0,0,0,0,0,0,-32307,0,0,0,0,0,139857,0
139899,-678,446,-8448,-25,65,53,7754,0,0,403,112,37810,128,26,144,0,0,0,0,0,0,0,0,-32308,0,0,0,0,0,139857,0
139900,-668,488,-8442,-23,49,48,7753,-2,-4,404,112,37810,128,26,144,0,0,0,0,0,0,0,0,-32308,0,0,0,0,0,139859,0
139901,-668,488,-8442,-23,49,48,7755,1,2,402,112,37810,128,26,144,0,0,0,0,0,0,0,0,-32307,0,0,0,0,0,139859,0
139902,-668,488,-8442,-23,49,48,7754,1,-1,402,120,37810,128,26,144,0,0,0,0,0,0,0,0,-32308,0,0,0,0,0,139861,0
139904,-628,486,-8436,-17,41,46,7753,-5,0,401,112,37809,133,26,144,0,0,0,0,0,0,0,0,-32307,0,0,0,0,0,139862,0
139905,-628,486,-8436,-17,41,46,7754,-7,-2,400,120,37809,133,26,144,0,0,0,0,0,0,0,0,-32308,0,0,0,0,0,139864,0
139906,-628,486,-8436,-17,41,46,7755,4,2,401,112,37809,133,26,144,0,0,0,0,0,0,0,0,-32308,0,0,0,0,0,139864,0
139907,-628,486,-8436,-17,41,46,7754,7,0,403,112,37809,133,26,144,0,0,0,0,0,0,0,0,-32307,0,0,0,0,0,139866,0
139908,-656,484,-8450,-22,43,46,7754,4,0,402,112,37809,133,26,144,0,0,0,0,0,0,0,0,-32308,0,0,0,0,0,139866,0
139909,-656,484,-8450,-22,43,46,7754,1,-2,402,112,37809,133,26,144,0,0,0,0,0,0,0,0,-32307,0,0,0,0,0,139868,0
139910,-656,484,-8450,-22,43,46,7754,0,-1,403,112,37809,133,26,144,0,0,0,0,0,0,0,0,-32308,0,0,0,0,0,139868,0
139911,-656,484,-8450,-22,43,46,7754,0,0,402,112,37809,133,26,144,0,0,0,0,0,0,0,0,-32308,0,0,0,0,0,139869,0
139912,-634,522,-8464,-20,33,48,7754,-2,-1,402,112,37809,133,26,144,0,0,0,0,0,0,0,0,-32307,0,0,0,0,0,139871,0
139913,-634,522,-8464,-20,33,48,7754,0,0,404,104,37811,136,26,144,0,0,0,0,0,0,0,0,-32307,0,0,0,0,0,139871,0
139914,-634,522,-8464,-20,33,48,7753,-2,3,401,112,37811,136,26,144,0,0,0,0,0,0,0,0,-32308,0,0,0,0,0,139872,0
139915,-634,522,-8464,-20,33,48,7754,0,-4,400,112,37811,136,26,144,0,0,0,0,0,0,0,0,-32307,0,0,0,0,0,139874,0
139916,-648,536,-8424,-28,28,46,7754,0,0,401,104,37811,136,26,144,0,0,0,0,0,0,0,0,-32307,0,0,0,0,0,139874,0
139917,-648,536,-8424,-28,28,46,7755,3,4,401,112,37811,136,26,144,0,0,0,0,0,0,0,0,-32307,0,0,0,0,0,139876,0
139918,-648,536,-8424,-28,28,46,7752,-3,0,401,112,37811,136,26,144,0,0,0,0,0,0,0,0,-32307,0,0,0,0,0,139876,0
139919,-648,536,-8424,-28,28,46,7754,-3,2,401,112,37811,136,26,144,0,0,0,0,0,0,0,0,-32307,0,0,0,0,0,139877,0
139920,-654,506,-8446,-20,28,56,7754,-3,-4,400,112,37811,136,26,144,0,0,0,0,0,0,0,0,-32307,0,0,0,0,0,139879,0
139921,-654,506,-8446,-20,28,56,7754,0,0,400,112,37811,136,26,144,0,0,0,0,0,0,0,0,-32307,0,0,0,0,0,139879,0
139922,-654,506,-8446,-20,28,56,7754,8,-1,400,112,37811,136,26,144,0,0,0,0,0,0,0,0,-32307,0,0,0,0,0,139881,0
139923,-654,506,-8446,-20,28,56,7754,1,0,400,112,37812,140,26,144,0,0,0,0,0,0,0,0,-32307,0,0,0,0,0,139881,0
139924,-618,522,-8438,-23,21,56,7754,1,0,400,112,37812,140,26,144,0,0,0,0,0,0,0,0,-32308,0,0,0,0,0,139883,0
139925,-618,522,-8438,-23,21,56,7753,-6,1,400,112,37812,140,26,144,0,0,0,0,0,0,0,0,-32308,0,0,0,0,0,139884,0
139926,-618,522,-8438,-23,21,56,7754,-3,0,400,104,37812,140,26,144,0,0,0,0,0,0,0,0,-32308,0,0,0,0,0,139884,0
139927,-618,522,-8438,-23,21,56,7753,-6,-3,401,104,37812,140,26,144,0,0,0,0,0,0,0,0,-32308,0,0,0,0,0,139885,0
139928,-640,512,-8450,-24,18,63,7754,0,0,402,96,37812,140,26,144,0,0,0,0,0,0,0,0,-32308,0,0,0,0,0,139887,0
139929,-640,512,-8450,-24,18,63,7754,4,2,401,104,37812,140,26,144,0,0,0,0,0,0,0,0,-32308,0,0,0,0,0,139887,0
139930,-640,512,-8450,-24,18,63,7755,5,2,402,104,37812,140,26,144,0,0,0,0,0,0,0,0,-32308,0,0,0,0,0,139889,0
139931,-640,512,-8450,-24,18,63,7753,3,-6,401,104,37812,140,26,144,0,0,0,0,0,0,0,0,-32307,0,0,0,0,0,139889,0
139932,-616,516,-8442,-25,26,70,7755,2,5,402,96,37812,140,26,144,0,0,0,0,0,0,0,0,-32307,0,0,0,0,0,139891,0
139933,-616,516,-8442,-25,26,70,7754,-1,0,401,104,37812,132,26,144,0,0,0,0,0,0,0,0,-32307,0,0,0,0,0,139891,0
139934,-616,516,-8442,-25,26,70,7754,-2,3,399,104,37812,132,26,144,0,0,0,0,0,0,0,0,-32307,0,0,0,0,0,139893,0
139935,-616,516,-8442,-25,26,70,7755,5,3,399,104,37812,132,26,144,0,0,0,0,0,0,0,0,-32307,0,0,0,0,0,139894,0
139936,-618,548,-8432,-30,27,75,7753,-4,-2,399,104,37812,132,26,144,0,0,0,0,0,0,0,0,-32307,0,0,0,0,0,139895,0
139937,-618,548,-8432,-30,27,75,7754,-1,-1,399,104,37812,132,26,144,0,0,0,0,0,0,0,0,-32307,0,0,0,0,0,139896,0
139938,-618,548,-8432,-30,27,75,7754,0,0,399,96,37812,132,26,144,0,0,0,0,0,0,0,0,-32307,0,0,0,0,0,139897,0
139939,-618,548,-8432,-30,27,75,7754,0,3,398,104,37812,132,26,144,0,0,0,0,0,0,0,0,-32307,0,0,0,0,0,139898,0
139940,-616,576,-8460,-30,30,71,7754,5,0,397,112,37812,132,26,144,0,0,0,0,0,0,0,0,-32308,0,0,0,0,0,139899,0
139941,-616,576,-8460,-30,30,71,7754,1,2,398,104,37812,132,26,144,0,0,0,0,0,0,0,0,-32307,0,0,0,0,0,139900,0
139942,-616,576,-8460,-30,30,71,7754,-1,-3,398,104,37812,132,26,144,0,0,0,0,0,0,0,0,-32307,0,0,0,0,0,139901,0
139944,-672,542,-8458,-36,37,74,7753,-4,-4,399,104,37810,120,26,144,0,0,0,0,0,0,0,0,-32308,0,0,0,0,0,139903,0
139945,-672,542,-8458,-36,37,74,7753,-4,2,398,112,37810,120,26,144,0,0,0,0,0,0,0,0,-32307,0,0,0,0,0,139904,0
139946,-672,542,-8458,-36,37,74,7754,1,-5,398,120,37810,120,26,144,0,0,0,0,0,0,0,0,-32307,0,0,0,0,0,139905,0
139947,-672,542,-8458,-36,37,74,7755,10,2,400,112,37810,120,26,144,0,0,0,0,0,0,0,0,-32308,0,0,0,0,0,139906,0
139948,-668,552,-8474,-48,40,76,7753,1,-1,400,112,37810,120,26,144,0,0,0,0,0,0,0,0,-32308,0,0,0,0,0,139907,0
139949,-668,552,-8474,-48,40,76,7755,3,0,400,120,37810,120,26,144,0,0,0,0,0,0,0,0,-32308,0,0,0,0,0,139908,0
139950,-668,552,-8474,-48,40,76,7755,1,5,401,112,37810,120,26,144,0,0,0,0,0,0,0,0,-32308,0,0,0,0,0,139909,0
139952,-662,502,-8474,-46,34,81,7755,7,4,400,120,37810,120,26,144,0,0,0,0,0,0,0,0,-32308,0,0,0,0,0,139911,0
139953,-662,502,-8474,-46,34,81,7755,0,-1,400,120,37810,127,26,144,0,0,0,0,0,0,0,0,-32307,0,0,0,0,0,139912,0
139954,-662,502,-8474,-46,34,81,7754,-2,-1,400,112,37810,127,26,144,0,0,0,0,0,0,0,0,-32307,0,0,0,0,0,139913,0
139955,-662,502,-8474,-46,34,81,7752,-7,-5,401,112,37810,127,26,144,0,0,0,0,0,0,0,0,-32307,0,0,0,0,0,139914,0
139956,-696,500,-8490,-48,31,78,7754,-9,-2,401,120,37810,127,26,144,0,0,0,0,0,0,0,0,-32307,0,0,0,0,0,139915,0
139957,-696,500,-8490,-48,31,78,7753,-8,0,400,112,37810,127,26,144,0,0,0,0,0,0,0,0,-32307,0,0,0,0,0,139916,0
139958,-696,500,-8490,-48,31,78,7754,1,5,400,120,37810,127,26,144,0,0,0,0,0,0,0,0,-32307,0,0,0,0,0,139918,0
139960,-672,456,-8516,-46,17,85,7754,0,1,401,120,37810,127,26,144,0,0,0,0,0,0,0,0,-32308,0,0,0,0,0,139919,0
139961,-672,456,-8516,-46,17,85,7754,5,-2,402,120,37810,127,26,144,0,0,0,0,0,0,0,0,-32307,0,0,0,0,0,139920,0
139962,-672,456,-8516,-46,17,85,7754,1,4,401,120,37810,127,26,144,0,0,0,0,0,0,0,0,-32308,0,0,0,0,0,139921,0
139963,-672,456,-8516,-46,17,85,7754,1,0,401,120,37816,132,26,144,0,0,0,0,0,0,0,0,-32308,0,0,0,0,0,139922,0
139964,-624,488,-8510,-37,18,82,7754,0,-2,403,112,37816,132,26,144,0,0,0,0,0,0,0,0,-32307,0,0,0,0,0,139923,0
139965,-624,488,-8510,-37,18,82,7755,1,5,402,112,37816,132,26,144,0,0,0,0,0,0,0,0,-32308,0,0,0,0,0,139924,0
139966,-624,488,-8510,-37,18,82,7754,0,-1,403,112,37816,132,26,144,0,0,0,0,0,0,0,0,-32307,0,0,0,0,0,139926,0
139968,-672,466,-8516,-31,16,78,7754,2,-1,402,120,37816,132,26,144,0,0,0,0,0,0,0,0,-32308,0,0,0,0,0,139927,0
139969,-672,466,-8516,-31,16,78,7753,-5,3,403,112,37816,132,26,144,0,0,0,0,0,0,0,0,-32307,0,0,0,0,0,139928,0
139970,-672,466,-8516,-31,16,78,7754,-2,-1,402,112,37816,132,26,144,0,0,0,0,0,0,0,0,-32308,0,0,0,0,0,139929,0
139971,-672,466,-8516,-31,16,78,7756,5,3,401,112,37816,132,26,144,0,0,0,0,0,0,0,0,-32307,0,0,0,0,0,139930,0
139972,-660,442,-8514,-21,19,80,7754,3,-2,400,112,37816,132,26,144,0,0,0,0,0,0,0,0,-32307,0,0,0,0,0,139931,0
139973,-660,442,-8514,-21,19,80,7754,2,-3,401,112,37815,146,26,144,0,0,0,0,0,0,0,0,-32307,0,0,0,0,0,139932,0
139974,-660,442,-8514,-21,19,80,7753,-6,-3,400,120,37815,146,26,144,0,0,0,0,0,0,0,0,-32308,0,0,0,0,0,139934,0
139976,-688,452,-8510,-11,18,73,7754,1,1,401,112,37815,146,26,144,0,0,0,0,0,0,0,0,-32307,0,0,0,0,0,139936,0
139977,-688,452,-8510,-11,18,73,7754,0,2,401,112,37815,146,26,144,0,0,0,0,0,0,0,0,-32308,0,0,0,0,0,139936,0
139978,-688,452,-8510,-11,18,73,7755,6,3,401,112,37815,146,26,144,0,0,0,0,0,0,0,0,-32307,0,0,0,0,0,139938,0
139979,-688,452,-8510,-11,18,73,7754,0,-4,400,104,37815,146,26,144,0,0,0,0,0,0,0,0,-32308,0,0,0,0,0,139938,0
139980,-634,462,-8488,-8,35,72,7754,0,2,401,112,37815,146,26,144,0,0,0,0,0,0,0,0,-32307,0,0,0,0,0,139940,0
139981,-634,462,-8488,-8,35,72,7754,-2,3,400,104,37815,146,26,144,0,0,0,0,0,0,0,0,-32307,0,0,0,0,0,139940,0
139982,-634,462,-8488,-8,35,72,7754,-7,0,401,104,37815,146,26,144,0,0,0,0,0,0,0,0,-32307,0,0,0,0,0,139942,0
139984,-608,444,-8496,0,34,73,7754,0,0,400,104,37814,139,26,144,0,0,0,0,0,0,0,0,-32307,0,0,0,0,0,139944,0
139985,-608,444,-8496,0,34,73,7754,0,-7,400,104,37814,139,26,144,0,0,0,0,0,0,0,0,-32307,0,0,0,0,0,139944,0
139986,-608,444,-8496,0,34,73,7754,0,-1,400,104,37814,139,26,144,0,0,0,0,0,0,0,0,-32307,0,0,0,0,0,139946,0
139987,-608,444,-8496,0,34,73,7754,0,0,400,104,37814,139,26,144,0,0,0,0,0,0,0,0,-32307,0,0,0,0,0,139946,0
139988,-646,448,-8494,-6,42,74,7754,2,2,400,104,37814,139,26,144,0,0,0,0,0,0,0,0,-32307,0,0,0,0,0,139948,0
139989,-646,448,-8494,-6,42,74,7755,5,2,399,112,37814,139,26,144,0,0,0,0,0,0,0,0,-32307,0,0,0,0,0,139948,0
139990,-646,448,-8494,-6,42,74,7754,3,1,399,112,37814,139,26,144,0,0,0,0,0,0,0,0,-32308,0,0,0,0,0,139950,0
139992,-644,474,-8436,-10,56,79,7755,-1,-2,399,112,37814,139,26,144,0,0,0,0,0,0,0,0,-32308,0,0,0,0,0,139952,0
139993,-644,474,-8436,-10,56,79,7754,1,2,399,112,37810,118,26,144,0,0,0,0,0,0,0,0,-32307,0,0,0,0,0,139952,0
139994,-644,474,-8436,-10,56,79,7754,1,0,399,112,37810,118,26,144,0,0,0,0,0,0,0,0,-32307,0,0,0,0,0,139953,0
139995,-644,474,-8436,-10,56,79,7754,2,1,400,120,37810,118,26,144,0,0,0,0,0,0,0,0,-32307,0,0,0,0,0,139954,0
139996,-640,452,-8422,-25,69,79,7754,-5,-1,400,120,37810,118,26,144,0,0,0,0,0,0,0,0,-32307,0,0,0,0,0,139955,0
139997,-640,452,-8422,-25,69,79,7756,5,2,401,112,37810,118,26,144,0,0,0,0,0,0,0,0,-32307,0,0,0,0,0,139956,0
139998,-640,452,-8422,-25,69,79,7753,2,-1,401,112,37810,118,26,144,0,0,0,0,0,0,0,0,-32307,0,0,0,0,0,139957,0
139999,-640,452,-8422,-25,69,79,7754,-2,2,401,112,37810,118,26,144,0,0,0,0,0,0,0,0,-32307,0,0,0,0,0,139958,0
140000,-634,510,-8406,-34,76,83,7756,3,4,402,112,37810,118,26,144,0,0,0,0,0,0,0,0,-32308,0,0,0,0,0,139959,0
140001,-634,510,-8406,-34,76,83,7754,-3,0,402,112,37810,118,26,144,0,0,0,0,0,0,0,0,-32308,0,0,0,0,0,139960,0
140002,-634,510,-8406,-34,76,83,7755,5,0,401,120,37810,118,26,144,0,0,0,0,0,0,0,0,-32308,0,0,0,0,0,139961,0
140003,-634,510,-8406,-34,76,83,7754,-2,-2,401,112,37807,119,26,144,0,0,0,0,0,0,0,0,-32308,0,0,0,0,0,139962,0
140004,-642,510,-8400,-50,87,96,7755,-4,0,401,112,37807,119,26,144,0,0,0,0,0,0,0,0,-32307,0,0,0,0,0,139963,0
140005,-642,510,-8400,-50,87,96,7753,-1,1,401,120,37807,119,26,144,0,0,0,0,0,0,0,0,-32307,0,0,0,0,0,139964,0
140006,-642,510,-8400,-50,87,96,7755,0,2,400,112,37807,119,26,144,0,0,0,0,0,0,0,0,-32307,0,0,0,0,0,139965,0
140007,-642,510,-8400,-50,87,96,7755,5,0,401,112,37807,119,26,144,0,0,0,0,0,0,0,0,-32308,0,0,0,0,0,139966,0
140008,-634,508,-8384,-60,97,98,7755,3,2,401,120,37807,119,26,144,0,0,0,0,0,0,0,0,-32307,0,0,0,0,0,139967,0
140009,-634,508,-8384,-60,97,98,7753,0,-3,401,112,37807,119,26,144,0,0,0,0,0,0,0,0,-32307,0,0,0,0,0,139968,0
140010,-634,508,-8384,-60,97,98,7755,-3,1,401,112,37807,119,26,144,0,0,0,0,0,0,0,0,-32307,0,0,0,0,0,139969,0
140011,-634,508,-8384,-60,97,98,7754,-5,-5,401,112,37807,119,26,144,0,0,0,0,0,0,0,0,-32307,0,0,0,0,0,139970,0
140012,-652,506,-8352,-73,98,95,7755,1,6,401,120,37807,119,26,144,0,0,0,0,0,0,0,0,-32308,0,0,0,0,0,139971,0
140013,-652,506,-8352,-73,98,95,7754,4,-2,401,112,37810,128,26,144,0,0,0,0,0,0,0,0,-32307,0,0,0,0,0,139972,0
140014,-652,506,-8352,-73,98,95,7755,2,-3,401,120,37810,128,26,144,0,0,0,0,0,0,0,0,-32308,0,0,0,0,0,139973,0
140015,-652,506,-8352,-73,98,95,7754,1,-1,401,112,37810,128,26,144,0,0,0,0,0,0,0,0,-32307,0,0,0,0,0,139974,0
140016,-672,490,-8360,-84,103,95,7754,-3,-1,402,112,37810,128,26,144,0,0,0,0,0,0,0,0,-32307,0,0,0,0,0,139975,0
140017,-672,490,-8360,-84,103,95,7755,1,3,401,120,37810,128,26,144,0,0,0,0,0,0,0,0,-32308,0,0,0,0,0,139976,0
140018,-672,490,-8360,-84,103,95,7755,2,-2,402,120,37810,128,26,144,0,0,0,0,0,0,0,0,-32307,0,0,0,0,0,139977,0
140019,-672,490,-8360,-84,103,95,7754,1,0,403,112,37810,128,26,144,0,0,0,0,0,0,0,0,-32308,0,0,0,0,0,139978,0
140020,-670,478,-8332,-96,93,104,7754,-2,0,402,112,37810,128,26,144,0,0,0,0,0,0,0,0,-32308,0,0,0,0,0,139979,0
140021,-670,478,-8332,-96,93,104,7754,-6,-5,402,120,37810,128,26,144,0,0,0,0,0,0,0,0,-32307,0,0,0,0,0,139980,0
140022,-670,478,-8332,-96,93,104,7754,-1,-2,401,120,37810,128,26,144,0,0,0,0,0,0,0,0,-32308,0,0,0,0,0,139981,0
140023,-670,478,-8332,-96,93,104,7755,3,3,401,112,37812,144,26,144,0,0,0,0,0,0,0,0,-32307,0,0,0,0,0,139982,0
140024,-674,494,-8358,-86,87,114,7754,1,-3,401,120,37812,144,26,144,0,0,0,0,0,0,0,0,-32308,0,0,0,0,0,139983,0
140025,-674,494,-8358,-86,87,114,7755,1,4,403,104,37812,144,26,144,0,0,0,0,0,0,0,0,-32307,0,0,0,0,0,139984,0
140026,-674,494,-8358,-86,87,114,7753,-4,-5,402,104,37812,144,26,144,0,0,0,0,0,0,0,0,-32308,0,0,0,0,0,139985,0
140027,-674,494,-8358,-86,87,114,7754,-2,-1,402,112,37812,144,26,144,0,0,0,0,0,0,0,0,-32307,0,0,0,0,0,139986,0
140028,-676,466,-8378,-91,77,119,7755,1,3,401,112,37812,144,26,144,0,0,0,0,0,0,0,0,-32307,0,0,0,0,0,139987,0
140029,-676,466,-8378,-91,77,119,7754,0,-1,401,112,37812,144,26,144,0,0,0,0,0,0,0,0,-32308,0,0,0,0,0,139988,0
140030,-676,466,-8378,-91,77,119,7754,2,2,401,120,37812,144,26,144,0,0,0,0,0,0,0,0,-32307,0,0,0,0,0,139989,0
140031,-676,466,-8378,-91,77,119,7754,-2,-3,399,112,37812,144,26,144,0,0,0,0,0,0,0,0,-32308,0,0,0,0,0,139990,0
140032,-698,492,-8370,-86,68,118,7754,-4,-1,398,112,37812,144,26,144,0,0,0,0,0,0,0,0,-32308,0,0,0,0,0,139991,0
140033,-698,492,-8370,-86,68,118,7755,3,0,398,112,37824,141,26,144,0,0,0,0,0,0,0,0,-32308,0,0,0,0,0,139992,0
140034,-698,492,-8370,-86,68,118,7754,4,2,398,112,37824,141,26,144,0,0,0,0,0,0,0,0,-32308,0,0,0,0,0,139993,0
140035,-698,492,-8370,-86,68,118,7753,-1,-2,398,112,37824,141,26,144,0,0,0,0,0,0,0,0,-32307,0,0,0,0,0,139994,0
140036,-676,526,-8370,-91,50,118,7754,-3,2,399,112,37824,141,26,144,0,0,0,0,0,0,0,0,-32308,0,0,0,0,0,139995,0
140037,-676,526,-8370,-91,50,118,7755,-1,-2,398,120,37824,141,26,144,0,0,0,0,0,0,0,0,-32308,0,0,0,0,0,139996,0
140038,-676,526,-8370,-91,50,118,7754,0,1,399,112,37824,141,26,144,0,0,0,0,0,0,0,0,-32307,0,0,0,0,0,139997,0
140039,-676,526,-8370,-91,50,118,7755,8,-1,399,112,37824,141,26,144,0,0,0,0,0,0,0,0,-32308,0,0,0,0,0,139998,0
140040,-710,478,-8390,-91,30,121,7754,3,3,400,120,37824,141,26,144,0,0,0,0,0,0,0,0,-32307,0,0,0,0,0,139999,0
140041,-710,478,-8390,-91,30,121,7754,-2,0,401,112,37824,141,26,144,0,0,0,0,0,0,0,0,-32307,0,0,0,0,0,140000,0
140042,-710,478,-8390,-91,30,121,7754,1,1,400,112,37824,141,26,144,0,0,0,0,0,0,0,0,-32307,0,0,0,0,0,140001,0
140043,-710,478,-8390,-91,30,121,7754,-3,0,400,112,37823,129,26,144,0,0,0,0,0,0,0,0,-32307,0,0,0,0,0,140002,0
140044,-722,486,-8398,-91,13,120,7754,-2,-2,401,112,37823,129,26,144,0,0,0,0,0,0,0,0,-32308,0,0,0,0,0,140003,0
140045,-722,486,-8398,-91,13,120,7753,-4,0,401,120,37823,129,26,144,0,0,0,0,0,0,0,0,-32307,0,0,0,0,0,140004,0
140046,-722,486,-8398,-91,13,120,7754,-3,0,401,120,37823,129,26,144,0,0,0,0,0,0,0,0,-32307,0,0,0,0,0,140005,0
140047,-722,486,-8398,-91,13,120,7755,2,1,402,112,37823,129,26,144,0,0,0,0,0,0,0,0,-32307,0,0,0,0,0,140006,0
140048,-690,508,-8408,-84,-10,123,7755,8,2,402,112,37823,129,26,144,0,0,0,0,0,0,0,0,-32307,0,0,0,0,0,140007,0
140049,-690,508,-8408,-84,-10,123,7755,7,3,401,112,37823,129,26,144,0,0,0,0,0,0,0,0,-32308,0,0,0,0,0,140008,0
140050,-690,508,-8408,-84,-10,123,7755,2,2,402,112,37823,129,26,144,0,0,0,0,0,0,0,0,-32307,0,0,0,0,0,140009,0
140051,-690,508,-8408,-84,-10,123,7754,-3,0,402,104,37823,129,26,144,0,0,0,0,0,0,0,0,-32308,0,0,0,0,0,140010,0
140052,-710,486,-8422,-84,-25,124,7755,0,3,401,120,37823,129,26,144,0,0,0,0,0,0,0,0,-32308,0,0,0,0,0,140011,0
140053,-710,486,-8422,-84,-25,124,7754,-3,0,401,112,37822,134,26,144,0,0,0,0,0,0,0,0,-32307,0,0,0,0,0,140012,0
140054,-710,486,-8422,-84,-25,124,7754,-3,-4,400,112,37822,134,26,144,0,0,0,0,0,0,0,0,-32307,0,0,0,0,0,140013,0
140055,-710,486,-8422,-84,-25,124,7756,4,3,399,120,37822,134,26,144,0,0,0,0,0,0,0,0,-32307,0,0,0,0,0,140014,0
140056,-694,530,-8432,-84,-41,119,7753,-3,0,400,112,37822,134,26,144,0,0,0,0,0,0,0,0,-32307,0,0,0,0,0,140015,0
140057,-694,530,-8432,-84,-41,119,7755,2,1,401,112,37822,134,26,144,0,0,0,0,0,0,0,0,-32307,0,0,0,0,0,140016,0
140058,-694,530,-8432,-84,-41,119,7754,0,-1,399,112,37822,134,26,144,0,0,0,0,0,0,0,0,-32307,0,0,0,0,0,140017,0
140059,-694,530,-8432,-84,-41,119,7754,-3,1,401,112,37822,134,26,144,0,0,0,0,0,0,0,0,-32308,0,0,0,0,0,140018,0
140060,-684,530,-8482,-83,-46,114,7755,3,1,402,112,37822,134,26,144,0,0,0,0,0,0,0,0,-32307,0,0,0,0,0,140019,0
140061,-684,530,-8482,-83,-46,114,7755,0,2,402,112,37822,134,26,144,0,0,0,0,0,0,0,0,-32307,0,0,0,0,0,140020,0
140062,-684,530,-8482,-83,-46,114,7755,5,-2,401,112,37822,134,26,144,0,0,0,0,0,0,0,0,-32307,0,0,0,0,0,140021,0
140063,-684,530,-8482,-83,-46,114,7754,2,-3,403,104,37815,134,26,144,0,0,0,0,0,0,0,0,-32308,0,0,0,0,0,140022,0
140064,-678,502,-8498,-77,-57,103,7755,2,-1,402,104,37815,134,26,144,0,0,0,0,0,0,0,0,-32307,0,0,0,0,0,140023,0
140065,-678,502,-8498,-77,-57,103,7755,0,4,402,104,37815,134,26,144,0,0,0,0,0,0,0,0,-32307,0,0,0,0,0,140024,0
140066,-678,502,-8498,-77,-57,103,7754,-6,-1,402,104,37815,134,26,144,0,0,0,0,0,0,0,0,-32308,0,0,0,0,0,140025,0
140067,-678,502,-8498,-77,-57,103,7756,3,5,402,104,37815,134,26,144,0,0,0,0,0,0,0,0,-32307,0,0,0,0,0,140026,0
140068,-662,458,-8498,-71,-65,113,7753,-6,-4,401,104,37815,134,26,144,0,0,0,0,0,0,0,0,-32308,0,0,0,0,0,140027,0
140069,-662,458,-8498,-71,-65,113,7754,-3,-6,401,104,37815,134,26,144,0,0,0,0,0,0,0,0,-32308,0,0,0,0,0,140028,0
140070,-662,458,-8498,-71,-65,113,7754,-2,1,402,104,37815,134,26,144,0,0,0,0,0,0,0,0,-32307,0,0,0,0,0,140029,0
140071,-662,458,-8498,-71,-65,113,7755,-3,-2,401,104,37815,134,26,144,0,0,0,0,0,0,0,0,-32308,0,0,0,0,0,140030,0
140072,-666,434,-8516,-66,-59,118,7755,8,1,401,104,37815,134,26,144,0,0,0,0,0,0,0,0,-32308,0,0,0,0,0,140031,0
140073,-666,434,-8516,-66,-59,118,7755,4,-1,400,112,37816,131,26,144,0,0,0,0,0,0,0,0,-32307,0,0,0,0,0,140032,0
140074,-666,434,-8516,-66,-59,118,7754,1,-4,399,112,37816,131,26,144,0,0,0,0,0,0,0,0,-32308,0,0,0,0,0,140033,0
140075,-666,434,-8516,-66,-59,118,7754,-4,1,399,112,37816,131,26,144,0,0,0,0,0,0,0,0,-32307,0,0,0,0,0,140034,0
140076,-630,466,-8522,-57,-42,106,7755,0,0,399,112,37816,131,26,144,0,0,0,0,0,0,0,0,-32307,0,0,0,0,0,140035,0
140077,-630,466,-8522,-57,-42,106,7754,0,3,399,112,37816,131,26,144,0,0,0,0,0,0,0,0,-32308,0,0,0,0,0,140036,0
140078,-630,466,-8522,-57,-42,106,7755,1,0,398,112,37816,131,26,144,0,0,0,0,0,0,0,0,-32307,0,0,0,0,0,140037,0
140079,-630,466,-8522,-57,-42,106,7754,-1,-3,397,112,37816,131,26,144,0,0,0,0,0,0,0,0,-32308,0,0,0,0,0,140038,0
140080,-622,454,-8528,-55,-35,95,7756,2,5,397,120,37816,131,26,144,0,0,0,0,0,0,0,0,-32307,0,0,0,0,0,140039,0
140081,-622,454,-8528,-55,-35,95,7756,7,-1,398,112,37816,131,26,144,0,0,0,0,0,0,0,0,-32308,0,0,0,0,0,140040,0
140082,-622,454,-8528,-55,-35,95,7754,2,1,399,112,37816,131,26,144,0,0,0,0,0,0,0,0,-32308,0,0,0,0,0,140041,0
140083,-622,454,-8528,-55,-35,95,7754,-1,2,399,112,37815,121,26,144,0,0,0,0,0,0,0,0,-32307,0,0,0,0,0,140042,0
140084,-652,430,-8546,-43,-23,89,7754,-9,-2,400,104,37815,121,26,144,0,0,0,0,0,0,0,0,-32308,0,0,0,0,0,140043,0
140085,-652,430,-8546,-43,-23,89,7755,-4,0,401,104,37815,121,26,144,0,0,0,0,0,0,0,0,-32307,0,0,0,0,0,140044,0
140086,-652,430,-8546,-43,-23,89,7755,2,-1,401,112,37815,121,26,144,0,0,0,0,0,0,0,0,-32308,0,0,0,0,0,140045,0
140087,-652,430,-8546,-43,-23,89,7755,2,-2,401,112,37815,121,26,144,0,0,0,0,0,0,0,0,-32307,0,0,0,0,0,140046,0
140088,-700,422,-8574,-35,-18,95,7755,5,0,402,112,37815,121,26,144,0,0,0,0,0,0,0,0,-32307,0,0,0,0,0,140047,0
140089,-700,422,-8574,-35,-18,95,7755,1,5,400,112,37815,121,26,144,0,0,0,0,0,0,0,0,-32307,0,0,0,0,0,140048,0
140090,-700,422,-8574,-35,-18,95,7754,-2,0,399,112,37815,121,26,144,0,0,0,0,0,0,0,0,-32307,0,0,0,0,0,140049,0
140091,-700,422,-8574,-35,-18,95,7753,-8,-2,400,104,37815,121,26,144,0,0,0,0,0,0,0,0,-32307,0,0,0,0,0,140050,0
140092,-638,428,-8544,-34,0,94,7754,-8,-2,399,112,37815,121,26,144,0,0,0,0,0,0,0,0,-32308,0,0,0,0,0,140051,0
140093,-638,428,-8544,-34,0,94,7754,-3,0,399,112,37812,113,26,144,0,0,0,0,0,0,0,0,-32307,0,0,0,0,0,140052,0
140094,-638,428,-8544,-34,0,94,7755,5,-4,400,112,37812,113,26,144,0,0,0,0,0,0,0,0,-32307,0,0,0,0,0,140053,0
140095,-638,428,-8544,-34,0,94,7756,12,3,399,120,37812,113,26,144,0,0,0,0,0,0,0,0,-32308,0,0,0,0,0,140054,0
140096,-608,420,-8530,-34,17,85,7754,1,-3,401,112,37812,113,26,144,0,0,0,0,0,0,0,0,-32308,0,0,0,0,0,140055,0
140097,-608,420,-8530,-34,17,85,7754,-2,-1,402,112,37812,113,26,144,0,0,0,0,0,0,0,0,-32307,0,0,0,0,0,140056,0
140098,-608,420,-8530,-34,17,85,7755,-2,3,401,112,37812,113,26,144,0,0,0,0,0,0,0,0,-32307,0,0,0,0,0,140057,0
140099,-608,420,-8530,-34,17,85,7754,-1,-1,401,120,37812,113,26,144,0,0,0,0,0,0,0,0,-32307,0,0,0,0,0,140058,0
140100,-640,420,-8508,-33,35,75,7755,4,2,402,112,37812,113,26,144,0,0,0,0,0,0,0,0,-32307,0,0,0,0,0,140059,0
140101,-640,420,-8508,-33,35,75,7756,6,1,401,112,37812,113,26,144,0,0,0,0,0,0,0,0,-32307,0,0,0,0,0,140060,0
140102,-640,420,-8508,-33,35,75,7755,0,-4,401,120,37812,113,26,144,0,0,0,0,0,0,0,0,-32307,0,0,0,0,0,140061,0
140103,-640,420,-8508,-33,35,75,7754,0,-2,399,112,37807,119,26,144,0,0,0,0,0,0,0,0,-32307,0,0,0,0,0,140062,0
140104,-616,444,-8496,-31,56,74,7754,-3,2,400,112,37807,119,26,144,0,0,0,0,0,0,0,0,-32307,0,0,0,0,0,140063,0
140105,-616,444,-8496,-31,56,74,7755,-5,3,399,120,37807,119,26,144,0,0,0,0,0,0,0,0,-32307,0,0,0,0,0,140064,0
140106,-616,444,-8496,-31,56,74,7756,5,5,399,112,37807,119,26,144,0,0,0,0,0,0,0,0,-32307,0,0,0,0,0,140065,0
140107,-616,444,-8496,-31,56,74,7755,6,0,402,112,37807,119,26,144,0,0,0,0,0,0,0,0,-32308,0,0,0,0,0,140066,0
140108,-694,480,-8466,-27,70,68,7753,-3,-3,401,120,37807,119,26,144,0,0,0,0,0,0,0,0,-32307,0,0,0,0,0,140067,0
140109,-694,480,-8466,-27,70,68,7756,0,2,404,112,37807,119,26,144,0,0,0,0,0,0,0,0,-32307,0,0,0,0,0,140068,0
140110,-694,480,-8466,-27,70,68,7755,-3,1,404,112,37807,119,26,144,0,0,0,0,0,0,0,0,-32307,0,0,0,0,0,140069,0
140111,-694,480,-8466,-27,70,68,7755,0,2,403,112,37807,119,26,144,0,0,0,0,0,0,0,0,-32307,0,0,0,0,0,140070,0
140112,-706,472,-8448,-36,80,68,7755,4,0,402,120,37807,119,26,144,0,0,0,0,0,0,0,0,-32307,0,0,0,0,0,140071,0
140113,-706,472,-8448,-36,80,68,7754,-5,0,404,112,37809,130,26,144,0,0,0,0,0,0,0,0,-32307,0,0,0,0,0,140072,0
140114,-706,472,-8448,-36,80,68,7754,-1,-1,401,112,37809,130,26,144,0,0,0,0,0,0,0,0,-32307,0,0,0,0,0,140073,0
140115,-706,472,-8448,-36,80,68,7754,-3,-2,400,120,37809,130,26,144,0,0,0,0,0,0,0,0,-32307,0,0,0,0,0,140074,0
140116,-716,464,-8456,-37,83,65,7754,-3,-4,402,112,37809,130,26,144,0,0,0,0,0,0,0,0,-32308,0,0,0,0,0,140075,0
140117,-716,464,-8456,-37,83,65,7756,7,5,399,120,37809,130,26,144,0,0,0,0,0,0,0,0,-32307,0,0,0,0,0,140076,0
140118,-716,464,-8456,-37,83,65,7754,1,-1,399,120,37809,130,26,144,0,0,0,0,0,0,0,0,-32308,0,0,0,0,0,140077,0
140119,-716,464,-8456,-37,83,65,7755,1,-4,400,120,37809,130,26,144,0,0,0,0,0,0,0,0,-32308,0,0,0,0,0,140078,0
140120,-698,450,-8438,-44,74,61,7755,0,-2,400,120,37809,130,26,144,0,0,0,0,0,0,0,0,-32307,0,0,0,0,0,140079,0
140121,-698,450,-8438,-44,74,61,7755,-1,-1,402,112,37809,130,26,144,0,0,0,0,0,0,0,0,-32307,0,0,0,0,0,140080,0
140122,-698,450,-8438,-44,74,61,7755,7,4,403,112,37809,130,26,144,0,0,0,0,0,0,0,0,-32308,0,0,0,0,0,140081,0
140123,-698,450,-8438,-44,74,61,7755,0,1,402,112,37809,136,26,144,0,0,0,0,0,0,0,0,-32307,0,0,0,0,0,140082,0
140124,-746,468,-8460,-44,72,48,7755,0,-2,401,120,37809,136,26,144,0,0,0,0,0,0,0,0,-32307,0,0,0,0,0,140083,0
140125,-746,468,-8460,-44,72,48,7754,-3,-2,403,104,37809,136,26,144,0,0,0,0,0,0,0,0,-32308,0,0,0,0,0,140084,0
140126,-746,468,-8460,-44,72,48,7756,0,2,402,104,37809,136,26,144,0,0,0,0,0,0,0,0,-32307,0,0,0,0,0,140085,0
140127,-746,468,-8460,-44,72,48,7755,3,-1,402,112,37809,136,26,144,0,0,0,0,0,0,0,0,-32307,0,0,0,0,0,140086,0
140128,-736,478,-8446,-39,55,40,7755,1,2,401,112,37809,136,26,144,0,0,0,0,0,0,0,0,-32307,0,0,0,0,0,140087,0
140129,-736,478,-8446,-39,55,40,7754,-1,4,398,112,37809,136,26,144,0,0,0,0,0,0,0,0,-32307,0,0,0,0,0,140088,0
140130,-736,478,-8446,-39,55,40,7755,-6,1,399,120,37809,136,26,144,0,0,0,0,0,0,0,0,-32308,0,0,0,0,0,140089,0
140131,-736,478,-8446,-39,55,40,7756,0,-2,399,112,37809,136,26,144,0,0,0,0,0,0,0,0,-32307,0,0,0,0,0,140090,0
140132,-780,448,-8440,-36,42,37,7756,5,3,399,120,37809,136,26,144,0,0,0,0,0,0,0,0,-32307,0,0,0,0,0,140091,0
140133,-780,448,-8440,-36,42,37,7755,3,-1,398,120,37809,132,26,144,0,0,0,0,0,0,0,0,-32307,0,0,0,0,0,140092,0
140134,-780,448,-8440,-36,42,37,7755,-2,3,397,120,37809,132,26,144,0,0,0,0,0,0,0,0,-32308,0,0,0,0,0,140093,0
140135,-780,448,-8440,-36,42,37,7755,-3,1,398,112,37809,132,26,144,0,0,0,0,0,0,0,0,-32307,0,0,0,0,0,140094,0
140136,-772,482,-8428,-29,21,33,7755,1,-2,401,112,37809,132,26,144,0,0,0,0,0,0,0,0,-32307,0,0,0,0,0,140096,0
140137,-772,482,-8428,-29,21,33,7756,9,5,400,120,37809,132,26,144,0,0,0,0,0,0,0,0,-32307,0,0,0,0,0,140096,0
140138,-772,482,-8428,-29,21,33,7755,5,-2,400,104,37809,132,26,144,0,0,0,0,0,0,0,0,-32307,0,0,0,0,0,140097,0
140139,-772,482,-8428,-29,21,33,7755,0,2,401,112,37809,132,26,144,0,0,0,0,0,0,0,0,-32308,0,0,0,0,0,140098,0
140140,-758,484,-8470,-21,2,30,7756,-2,0,401,120,37809,132,26,144,0,0,0,0,0,0,0,0,-32307,0,0,0,0,0,140099,0
140141,-758,484,-8470,-21,2,30,7755,-6,-2,401,112,37809,132,26,144,0,0,0,0,0,0,0,0,-32307,0,0,0,0,0,140100,0
140142,-758,484,-8470,-21,2,30,7755,0,-2,401,112,37809,132,26,144,0,0,0,0,0,0,0,0,-32307,0,0,0,0,0,140101,0
140143,-758,484,-8470,-21,2,30,7756,1,2,402,120,37809,128,26,144,0,0,0,0,0,0,0,0,-32308,0,0,0,0,0,140102,0
140144,-754,508,-8462,-16,7,33,7754,-5,-5,401,120,37809,128,26,144,0,0,0,0,0,0,0,0,-32307,0,0,0,0,0,140103,0
140145,-754,508,-8462,-16,7,33,7756,2,2,402,112,37809,128,26,144,0,0,0,0,0,0,0,0,-32307,0,0,0,0,0,140104,0
140146,-754,508,-8462,-16,7,33,7754,-3,-5,401,120,37809,128,26,144,0,0,0,0,0,0,0,0,-32307,0,0,0,0,0,140106,0
140147,-754,508,-8462,-16,7,33,7753,-8,-6,402,112,37809,128,26,144,0,0,0,0,0,0,0,0,-32307,0,0,0,0,0,140106,0
140148,-704,518,-8482,-14,9,34,7756,2,2,402,112,37809,128,26,144,0,0,0,0,0,0,0,0,-32308,0,0,0,0,0,140107,0
140149,-704,518,-8482,-14,9,34,7755,0,0,402,120,37809,128,26,144,0,0,0,0,0,0,0,0,-32307,0,0,0,0,0,140108,0
140150,-704,518,-8482,-14,9,34,7756,11,2,402,120,37809,128,26,144,0,0,0,0,0,0,0,0,-32307,0,0,0,0,0,140109,0
140151,-704,518,-8482,-14,9,34,7756,11,1,402,112,37809,128,26,144,0,0,0,0,0,0,0,0,-32308,0,0,0,0,0,140111,0
140152,-682,498,-8480,-18,17,35,7756,2,0,402,120,37809,128,26,144,0,0,0,0,0,0,0,0,-32308,0,0,0,0,0,140111,0
140153,-682,498,-8480,-18,17,35,7755,1,-2,402,112,37810,128,26,144,0,0,0,0,0,0,0,0,-32307,0,0,0,0,0,140112,0
140154,-682,498,-8480,-18,17,35,7756,0,4,402,112,37810,128,26,144,0,0,0,0,0,0,0,0,-32307,0,0,0,0,0,140113,0
140155,-682,498,-8480,-18,17,35,7755,-4,-1,401,112,37810,128,26,144,0,0,0,0,0,0,0,0,-32307,0,0,0,0,0,140115,0
140156,-680,506,-8488,-25,29,47,7755,-7,0,400,112,37810,128,26,144,0,0,0,0,0,0,0,0,-32307,0,0,0,0,0,140116,0
140157,-680,506,-8488,-25,29,47,7756,-1,-3,402,112,37810,128,26,144,0,0,0,0,0,0,0,0,-32307,0,0,0,0,0,140117,0
140158,-680,506,-8488,-25,29,47,7756,1,2,402,112,37810,128,26,144,0,0,0,0,0,0,0,0,-32307,0,0,0,0,0,140118,0
140159,-680,506,-8488,-25,29,47,7756,7,1,401,112,37810,128,26,144,0,0,0,0,0,0,0,0,-32307,0,0,0,0,0,140119,0
140160,-672,496,-8488,-30,46,45,7757,13,8,403,112,37810,128,26,144,0,0,0,0,0,0,0,0,-32307,0,0,0,0,0,140120,0
140161,-672,496,-8488,-30,46,45,7754,-4,0,400,112,37810,128,26,144,0,0,0,0,0,0,0,0,-32307,0,0,0,0,0,140121,0
140162,-672,496,-8488,-30,46,45,7756,-5,0,400,112,37810,128,26,144,0,0,0,0,0,0,0,0,-32307,0,0,0,0,0,140122,0
140163,-672,496,-8488,-30,46,45,7755,-10,0,401,112,37811,128,26,144,0,0,0,0,0,0,0,0,-32308,0,0,0,0,0,140123,0
140164,-666,484,-8478,-36,66,57,7756,-4,-2,401,112,37811,128,26,144,0,0,0,0,0,0,0,0,-32308,0,0,0,0,0,140124,0
140165,-666,484,-8478,-36,66,57,7755,5,0,400,120,37811,128,26,144,0,0,0,0,0,0,0,0,-32308,0,0,0,0,0,140125,0
140166,-666,484,-8478,-36,66,57,7756,1,-2,402,112,37811,128,26,144,0,0,0,0,0,0,0,0,-32307,0,0,0,0,0,140126,0
140167,-666,484,-8478,-36,66,57,7755,0,-1,401,112,37811,128,26,144,0,0,0,0,0,0,0,0,-32308,0,0,0,0,0,140127,0
140168,-640,484,-8486,-42,88,58,7756,1,5,400,120,37811,128,26,144,0,0,0,0,0,0,0,0,-32308,0,0,0,0,0,140128,0
140169,-640,484,-8486,-42,88,58,7756,5,0,401,120,37811,128,26,144,0,0,0,0,0,0,0,0,-32308,0,0,0,0,0,140129,0
140170,-640,484,-8486,-42,88,58,7754,-3,-2,401,104,37811,128,26,144,0,0,0,0,0,0,0,0,-32307,0,0,0,0,0,140130,0
140171,-640,484,-8486,-42,88,58,7756,1,0,401,112,37811,128,26,144,0,0,0,0,0,0,0,0,-32308,0,0,0,0,0,140131,0
140172,-642,492,-8464,-42,109,56,7755,-4,-5,400,112,37811,128,26,144,0,0,0,0,0,0,0,0,-32308,0,0,0,0,0,140132,0
140173,-642,492,-8464,-42,109,56,7756,2,0,399,112,37818,136,26,144,0,0,0,0,0,0,0,0,-32307,0,0,0,0,0,140133,0
140174,-642,492,-8464,-42,109,56,7757,10,-2,399,112,37818,136,26,144,0,0,0,0,0,0,0,0,-32307,0,0,0,0,0,140134,0
140175,-642,492,-8464,-42,109,56,7755,-1,-4,400,112,37818,136,26,144,0,0,0,0,0,0,0,0,-32308,0,0,0,0,0,140135,0
140176,-648,490,-8460,-36,119,61,7756,-1,1,400,104,37818,136,26,144,0,0,0,0,0,0,0,0,-32307,0,0,0,0,0,140136,0
140177,-648,490,-8460,-36,119,61,7756,-5,3,401,112,37818,136,26,144,0,0,0,0,0,0,0,0,-32307,0,0,0,0,0,140137,0
140178,-648,490,-8460,-36,119,61,7756,0,0,399,112,37818,136,26,144,0,0,0,0,0,0,0,0,-32308,0,0,0,0,0,140138,0
140179,-648,490,-8460,-36,119,61,7755,1,1,400,104,37818,136,26,144,0,0,0,0,0,0,0,0,-32307,0,0,0,0,0,140139,0
140180,-632,500,-8452,-31,131,56,7757,5,2,401,112,37818,136,26,144,0,0,0,0,0,0,0,0,-32307,0,0,0,0,0,140140,0
140181,-632,500,-8452,-31,131,56,7756,2,-2,400,112,37818,136,26,144,0,0,0,0,0,0,0,0,-32307,0,0,0,0,0,140141,0
140182,-632,500,-8452,-31,131,56,7755,-4,1,400,112,37818,136,26,144,0,0,0,0,0,0,0,0,-32307,0,0,0,0,0,140142,0
140183,-632,500,-8452,-31,131,56,7757,1,0,400,120,37818,134,26,144,0,0,0,0,0,0,0,0,-32307,0,0,0,0,0,140143,0
140184,-664,506,-8454,-25,128,48,7756,-1,3,399,112,37818,134,26,144,0,0,0,0,0,0,0,0,-32307,0,0,0,0,0,140144,0
140185,-664,506,-8454,-25,128,48,7755,0,-2,399,112,37818,134,26,144,0,0,0,0,0,0,0,0,-32307,0,0,0,0,0,140145,0
140186,-664,506,-8454,-25,128,48,7756,1,4,399,112,37818,134,26,144,0,0,0,0,0,0,0,0,-32307,0,0,0,0,0,140146,0
140187,-664,506,-8454,-25,128,48,7755,-9,-3,399,112,37818,134,26,144,0,0,0,0,0,0,0,0,-32307,0,0,0,0,0,140147,0
140188,-692,516,-8450,-29,122,47,7755,-6,-1,399,104,37818,134,26,144,0,0,0,0,0,0,0,0,-32308,0,0,0,0,0,140148,0
140189,-692,516,-8450,-29,122,47,7756,2,-1,399,120,37818,134,26,144,0,0,0,0,0,0,0,0,-32307,0,0,0,0,0,140149,0
140190,-692,516,-8450,-29,122,47,7755,0,-3,399,120,37818,134,26,144,0,0,0,0,0,0,0,0,-32307,0,0,0,0,0,140150,0
140191,-692,516,-8450,-29,122,47,7756,7,0,400,112,37818,134,26,144,0,0,0,0,0,0,0,0,-32308,0,0,0,0,0,140151,0
140192,-694,496,-8474,-19,106,42,7756,5,1,401,104,37818,134,26,144,0,0,0,0,0,0,0,0,-32307,0,0,0,0,0,140152,0
140193,-694,496,-8474,-19,106,42,7756,3,1,400,120,37815,132,26,144,0,0,0,0,0,0,0,0,-32307,0,0,0,0,0,140153,0
140194,-694,496,-8474,-19,106,42,7756,2,-1,401,104,37815,132,26,144,0,0,0,0,0,0,0,0,-32307,0,0,0,0,0,140154,0
140195,-694,496,-8474,-19,106,42,7757,1,0,401,112,37815,132,26,144,0,0,0,0,0,0,0,0,-32308,0,0,0,0,0,140155,0
140196,-694,488,-8480,-8,73,46,7756,-1,3,400,120,37815,132,26,144,0,0,0,0,0,0,0,0,-32307,0,0,0,0,0,140156,0
140197,-694,488,-8480,-8,73,46,7757,0,1,401,112,37815,132,26,144,0,0,0,0,0,0,0,0,-32307,0,0,0,0,0,140157,0
140198,-694,488,-8480,-8,73,46,7757,3,-2,401,120,37815,132,26,144,0,0,0,0,0,0,0,0,-32307,0,0,0,0,0,140158,0
140199,-694,488,-8480,-8,73,46,7756,-3,2,399,112,37815,132,26,144,0,0,0,0,0,0,0,0,-32308,0,0,0,0,0,140159,0
140200,-694,502,-8496,-1,57,43,7756,-1,-1,400,112,37815,132,26,144,0,0,0,0,0,0,0,0,-32307,0,0,0,0,0,140160,0
140201,-694,502,-8496,-1,57,43,7756,-3,1,401,120,37815,132,26,144,0,0,0,0,0,0,0,0,-32308,0,0,0,0,0,140161,0
140202,-694,502,-8496,-1,57,43,7757,0,5,400,120,37815,132,26,144,0,0,0,0,0,0,0,0,-32307,0,0,0,0,0,140162,0
140203,-694,502,-8496,-1,57,43,7757,7,1,400,112,37809,131,26,144,0,0,0,0,0,0,0,0,-32307,0,0,0,0,0,140163,0
140204,-696,510,-8508,5,35,35,7755,-1,-2,402,104,37809,131,26,144,0,0,0,0,0,0,0,0,-32308,0,0,0,0,0,140164,0
140205,-696,510,-8508,5,35,35,7755,-6,-3,401,112,37809,131,26,144,0,0,0,0,0,0,0,0,-32307,0,0,0,0,0,140165,0
140206,-696,510,-8508,5,35,35,7755,-11,-1,402,112,37809,131,26,144,0,0,0,0,0,0,0,0,-32307,0,0,0,0,0,140166,0
140207,-696,510,-8508,5,35,35,7757,1,0,402,112,37809,131,26,144,0,0,0,0,0,0,0,0,-32307,0,0,0,0,0,140167,0
140208,-648,510,-8490,12,24,39,7756,8,3,401,112,37809,131,26,144,0,0,0,0,0,0,0,0,-32307,0,0,0,0,0,140168,0
140209,-648,510,-8490,12,24,39,7757,7,0,401,112,37809,131,26,144,0,0,0,0,0,0,0,0,-32308,0,0,0,0,0,140169,0
140210,-648,510,-8490,12,24,39,7756,3,-3,402,112,37809,131,26,144,0,0,0,0,0,0,0,0,-32307,0,0,0,0,0,140170,0
140211,-648,510,-8490,12,24,39,7756,-6,2,400,112,37809,131,26,144,0,0,0,0,0,0,0,0,-32307,0,0,0,0,0,140171,0
140212,-626,518,-8504,10,19,34,7756,-1,-1,400,112,37809,131,26,144,0,0,0,0,0,0,0,0,-32307,0,0,0,0,0,140172,0
140213,-626,518,-8504,10,19,34,7756,-1,-1,401,112,37812,132,26,144,0,0,0,0,0,0,0,0,-32307,0,0,0,0,0,140173,0
140214,-626,518,-8504,10,19,34,7757,5,1,400,112,37812,132,26,144,0,0,0,0,0,0,0,0,-32307,0,0,0,0,0,140174,0
140215,-626,518,-8504,10,19,34,7756,2,-2,400,112,37812,132,26,144,0,0,0,0,0,0,0,0,-32307,0,0,0,0,0,140175,0
140216,-612,504,-8502,4,32,36,7756,0,-6,400,120,37812,132,26,144,0,0,0,0,0,0,0,0,-32307,0,0,0,0,0,140176,0
140217,-612,504,-8502,4,32,36,7757,3,0,399,112,37812,132,26,144,0,0,0,0,0,0,0,0,-32307,0,0,0,0,0,140177,0
140218,-612,504,-8502,4,32,36,7757,4,1,401,120,37812,132,26,144,0,0,0,0,0,0,0,0,-32308,0,0,0,0,0,140178,0
140219,-612,504,-8502,4,32,36,7756,1,1,401,120,37812,132,26,144,0,0,0,0,0,0,0,0,-32308,0,0,0,0,0,140179,0
140220,-578,492,-8470,12,31,32,7756,-2,2,401,112,37812,132,26,144,0,0,0,0,0,0,0,0,-32307,0,0,0,0,0,140180,0
140221,-578,492,-8470,12,31,32,7758,0,1,401,120,37812,132,26,144,0,0,0,0,0,0,0,0,-32308,0,0,0,0,0,140181,0
140222,-578,492,-8470,12,31,32,7757,1,2,401,112,37812,132,26,144,0,0,0,0,0,0,0,0,-32307,0,0,0,0,0,140182,0
140223,-578,492,-8470,12,31,32,7757,5,1,401,104,37813,133,26,144,0,0,0,0,0,0,0,0,-32307,0,0,0,0,0,140183,0
140224,-592,498,-8480,11,49,37,7758,5,2,402,120,37813,133,26,144,0,0,0,0,0,0,0,0,-32307,0,0,0,0,0,140184,0
140225,-592,498,-8480,11,49,37,7757,1,4,402,112,37813,133,26,144,0,0,0,0,0,0,0,0,-32307,0,0,0,0,0,140185,0
140226,-592,498,-8480,11,49,37,7758,4,7,402,112,37813,133,26,144,0,0,0,0,0,0,0,0,-32308,0,0,0,0,0,140186,0
140227,-592,498,-8480,11,49,37,7756,-5,1,402,112,37813,133,26,144,0,0,0,0,0,0,0,0,-32307,0,0,0,0,0,140187,0
140228,-586,484,-8448,10,66,43,7758,-3,-1,402,104,37813,133,26,144,0,0,0,0,0,0,0,0,-32307,0,0,0,0,0,140188,0
140229,-586,484,-8448,10,66,43,7758,3,3,402,104,37813,133,26,144,0,0,0,0,0,0,0,0,-32307,0,0,0,0,0,140189,0
140230,-586,484,-8448,10,66,43,7758,3,4,402,104,37813,133,26,144,0,0,0,0,0,0,0,0,-32307,0,0,0,0,0,140190,0
140231,-586,484,-8448,10,66,43,7756,0,-2,401,104,37813,133,26,144,0,0,0,0,0,0,0,0,-32308,0,0,0,0,0,140191,0
140232,-568,512,-8426,4,88,59,7757,-6,-3,402,104,37813,133,26,144,0,0,0,0,0,0,0,0,-32307,0,0,0,0,0,140192,0
140233,-568,512,-8426,4,88,59,7759,1,2,402,104,37811,127,26,144,0,0,0,0,0,0,0,0,-32307,0,0,0,0,0,140193,0
140234,-568,512,-8426,4,88,59,7758,6,2,402,104,37811,127,26,144,0,0,0,0,0,0,0,0,-32307,0,0,0,0,0,140194,0
140235,-568,512,-8426,4,88,59,7760,17,3,401,104,37811,127,26,144,0,0,0,0,0,0,0,0,-32308,0,0,0,0,0,140195,0
140236,-594,494,-8410,-4,107,60,7757,4,-2,400,104,37811,127,26,144,0,0,0,0,0,0,0,0,-32308,0,0,0,0,0,140196,0
140237,-594,494,-8410,-4,107,60,7757,-6,0,399,104,37811,127,26,144,0,0,0,0,0,0,0,0,-32308,0,0,0,0,0,140197,0
140238,-594,494,-8410,-4,107,60,7758,-5,-1,400,104,37811,127,26,144,0,0,0,0,0,0,0,0,-32307,0,0,0,0,0,140198,0
140239,-594,494,-8410,-4,107,60,7758,-8,0,400,104,37811,127,26,144,0,0,0,0,0,0,0,0,-32307,0,0,0,0,0,140199,0
140240,-604,506,-8436,-12,126,62,7758,3,-3,399,104,37811,127,26,144,0,0,0,0,0,0,0,0,-32308,0,0,0,0,0,140200,0
140241,-604,506,-8436,-12,126,62,7760,9,6,401,104,37811,127,26,144,0,0,0,0,0,0,0,0,-32308,0,0,0,0,0,140201,0
140242,-604,506,-8436,-12,126,62,7758,4,-4,399,104,37811,127,26,144,0,0,0,0,0,0,0,0,-32307,0,0,0,0,0,140202,0
140243,-604,506,-8436,-12,126,62,7759,6,0,400,112,37808,125,26,144,0,0,0,0,0,0,0,0,-32308,0,0,0,0,0,140203,0
140244,-628,500,-8416,-19,132,61,7760,6,2,401,104,37808,125,26,144,0,0,0,0,0,0,0,0,-32307,0,0,0,0,0,140204,0
140245,-628,500,-8416,-19,132,61,7759,3,4,400,104,37808,125,26,144,0,0,0,0,0,0,0,0,-32307,0,0,0,0,0,140205,0
140246,-628,500,-8416,-19,132,61,7760,9,5,400,112,37808,125,26,144,0,0,0,0,0,0,0,0,-32308,0,0,0,0,0,140206,0
140247,-628,500,-8416,-19,132,61,7761,5,0,401,104,37808,125,26,144,0,0,0,0,0,0,0,0,-32307,0,0,0,0,0,140207,0
140248,-650,466,-8362,-33,135,58,7762,13,4,400,104,37808,125,26,144,0,0,0,0,0,0,0,0,-32307,0,0,0,0,0,140208,0
140249,-650,466,-8362,-33,135,58,7762,14,4,401,112,37808,125,26,144,0,0,0,0,0,0,0,0,-32307,0,0,0,0,0,140209,0
140250,-650,466,-8362,-33,135,58,7762,11,7,401,112,37808,125,26,144,0,0,0,0,0,0,0,0,-32307,0,0,0,0,0,140210,0
140251,-650,466,-8362,-33,135,58,7763,12,8,401,112,37808,125,26,144,0,0,0,0,0,0,0,0,-32307,0,0,0,0,0,140211,0
140252,-656,444,-8364,-45,128,41,7763,9,12,398,120,37808,125,26,144,0,0,0,0,0,0,0,0,-32307,0,0,0,0,0,140212,0
140253,-656,444,-8364,-45,128,41,7766,21,14,397,120,37809,125,26,144,0,0,0,0,0,0,0,0,-32308,0,0,0,0,0,140213,0
140254,-656,444,-8364,-45,128,41,7767,24,15,398,112,37809,125,26,144,0,0,0,0,0,0,0,0,-32308,0,0,0,0,0,140214,0
140255,-656,444,-8364,-45,128,41,7768,28,8,396,128,37809,125,26,144,0,0,0,0,0,0,0,0,-32308,0,0,0,0,0,140215,0
140256,-694,430,-8348,-50,129,2,7769,28,17,397,128,37809,125,26,144,0,0,0,0,0,0,0,0,-32308,0,0,0,0,0,140216,0
140257,-694,430,-8348,-50,129,2,7772,30,25,396,128,37809,125,26,144,0,0,0,0,0,0,0,0,-32308,0,0,0,0,0,140217,0
140258,-694,430,-8348,-50,129,2,7774,42,26,394,144,37809,125,26,144,0,0,0,0,0,0,0,0,-32307,0,0,0,0,0,140218,0
140259,-694,430,-8348,-50,129,2,7776,47,27,393,144,37809,125,26,144,0,0,0,0,0,0,0,0,-32308,0,0,0,0,0,140219,0
140260,-728,366,-8332,-57,122,-70,7782,67,38,391,160,37809,125,26,144,0,0,0,0,0,0,0,0,-32308,0,0,0,0,0,140220,0
140261,-728,366,-8332,-57,122,-70,7783,66,41,388,168,37809,125,26,144,0,0,0,0,0,0,0,0,-32307,0,0,0,0,0,140221,0
140262,-728,366,-8332,-57,122,-70,7787,71,42,388,176,37809,125,26,144,0,0,0,0,0,0,0,0,-32308,0,0,0,0,0,140222,0
140263,-728,366,-8332,-57,122,-70,7793,84,61,387,176,37811,125,26,144,0,0,0,0,0,0,0,0,-32308,0,0,0,0,0,140223,0
140264,-814,310,-8318,-43,95,-39,7798,93,61,386,184,37811,125,26,144,0,0,0,0,0,0,0,0,-32307,0,0,0,0,0,140224,0
140265,-814,310,-8318,-43,95,-39,7802,106,64,388,192,37811,125,26,144,0,0,0,0,0,0,0,0,-32307,0,0,0,0,0,140225,0
140266,-814,310,-8318,-43,95,-39,7806,104,74,389,184,37811,125,26,144,0,0,0,0,0,0,0,0,-32307,0,0,0,0,0,140226,0
140267,-814,310,-8318,-43,95,-39,7812,103,73,392,192,37811,125,26,144,0,0,0,0,0,0,0,0,-32308,0,0,0,0,0,140227,0
140268,-872,374,-8304,-14,36,188,7817,103,80,396,192,37811,125,26,144,0,0,0,0,0,0,0,0,-32308,0,0,0,0,0,140228,0
140269,-872,374,-8304,-14,36,188,7822,109,88,397,192,37811,125,26,144,0,0,0,0,0,0,0,0,-32309,0,0,0,0,0,140229,0
140270,-872,374,-8304,-14,36,188,7825,104,81,397,192,37811,125,26,144,0,0,0,0,0,0,0,0,-32309,0,0,0,0,0,140230,0
140271,-872,374,-8304,-14,36,188,7831,100,84,398,192,37811,125,26,144,0,0,0,0,0,0,0,0,-32309,0,0,0,0,0,140231,0
140272,-554,584,-8266,13,-5,128,7835,100,86,399,192,37811,125,26,144,0,0,0,0,0,0,0,0,-32309,0,0,0,0,0,140232,0
140273,-554,584,-8266,13,-5,128,7841,106,88,396,208,37814,126,26,144,0,0,0,0,0,0,0,0,-32309,0,0,0,0,0,140233,0
140274,-554,584,-8266,13,-5,128,7848,122,82,392,232,37814,126,26,144,0,0,0,0,0,0,0,0,-32308,0,0,0,0,0,140234,0
140275,-554,584,-8266,13,-5,128,7854,130,89,391,232,37814,126,26,144,0,0,0,0,0,0,0,0,-32308,0,0,0,0,0,140235,0
140276,-474,570,-8328,-18,13,-146,7861,142,91,388,256,37814,126,26,144,0,0,0,0,0,0,0,0,-32308,0,0,0,0,0,140236,0
140277,-474,570,-8328,-18,13,-146,7870,154,93,388,264,37814,126,26,144,0,0,0,0,0,0,0,0,-32308,0,0,0,0,0,140237,0
140278,-474,570,-8328,-18,13,-146,7877,160,88,390,264,37814,126,26,144,0,0,0,0,0,0,0,0,-32307,0,0,0,0,0,140238,0
140279,-474,570,-8328,-18,13,-146,7884,165,90,391,256,37814,126,26,144,0,0,0,0,0,0,0,0,-32308,0,0,0,0,0,140239,0
140280,-820,450,-8358,-27,11,72,7890,159,86,395,248,37814,126,26,144,0,0,0,0,0,0,0,0,-32308,0,0,0,0,0,140240,0
140281,-820,450,-8358,-27,11,72,7898,154,82,397,232,37814,126,26,144,0,0,0,0,0,0,0,0,-32308,0,0,0,0,0,140241,0
140282,-820,450,-8358,-27,11,72,7906,159,83,398,256,37814,126,26,144,0,0,0,0,0,0,0,0,-32308,0,0,0,0,0,140242,0
140283,-820,450,-8358,-27,11,72,7915,172,82,398,280,37815,121,26,144,0,0,0,0,0,0,0,0,-32308,0,0,0,0,0,140243,0
140284,-630,520,-8312,-25,-5,-8,7923,180,79,400,288,37815,121,26,144,0,0,0,0,0,0,0,0,-32308,0,0,0,0,0,140244,0
140285,-630,520,-8312,-25,-5,-8,7931,182,77,398,280,37815,121,26,144,0,0,0,0,0,0,0,0,-32308,0,0,0,0,0,140245,0
140286,-630,520,-8312,-25,-5,-8,7941,189,82,396,288,37815,121,26,144,0,0,0,0,0,0,0,0,-32307,0,0,0,0,0,140246,0
140287,-630,520,-8312,-25,-5,-8,7951,197,84,395,288,37815,121,26,144,0,0,0,0,0,0,0,0,-32308,0,0,0,0,0,140247,0
140288,-710,516,-8376,-49,-25,114,7958,199,82,396,288,37815,121,26,144,0,0,0,0,0,0,0,0,-32307,0,0,0,0,0,140248,0
140289,-710,516,-8376,-49,-25,114,7969,204,81,395,304,37815,121,26,144,0,0,0,0,0,0,0,0,-32308,0,0,0,0,0,140249,0
140290,-710,516,-8376,-49,-25,114,7979,206,81,399,304,37815,121,26,144,0,0,0,0,0,0,0,0,-32307,0,0,0,0,0,140250,0
140291,-710,516,-8376,-49,-25,114,7991,222,89,397,336,37815,121,26,144,0,0,0,0,0,0,0,0,-32307,0,0,0,0,0,140251,0
140292,-602,570,-8388,-64,-32,-36,7999,229,87,397,344,37815,121,26,144,0,0,0,0,0,0,0,0,-32308,0,0,0,0,0,140252,0
140293,-602,570,-8388,-64,-32,-36,8012,235,93,397,328,37816,116,26,144,0,0,0,0,0,0,0,0,-32307,0,0,0,0,0,140253,0
140294,-602,570,-8388,-64,-32,-36,8021,233,91,397,336,37816,116,26,144,0,0,0,0,0,0,0,0,-32307,0,0,0,0,0,140254,0
140295,-602,570,-8388,-64,-32,-36,8033,232,98,393,344,37816,116,26,144,0,0,0,0,0,0,0,0,-32308,0,0,0,0,0,140255,0
140296,-620,490,-8434,-69,-50,40,8046,249,101,392,360,37816,116,26,144,0,0,0,0,0,0,0,0,-32308,0,0,0,0,0,140256,0
140297,-620,490,-8434,-69,-50,40,8058,253,100,391,384,37816,116,26,144,0,0,0,0,0,0,0,0,-32308,0,0,0,0,0,140257,0
140298,-620,490,-8434,-69,-50,40,8070,268,92,393,400,37816,116,26,144,0,0,0,0,0,0,0,0,-32307,0,0,0,0,0,140258,0
140299,-620,490,-8434,-69,-50,40,8083,273,100,399,392,37816,116,26,144,0,0,0,0,0,0,0,0,-32308,0,0,0,0,0,140259,0
140300,-658,460,-8480,-85,-51,78,8094,270,89,403,392,37816,116,26,144,0,0,0,0,0,0,0,0,-32307,0,0,0,0,0,140260,0
140301,-658,460,-8480,-85,-51,78,8107,270,92,395,408,37816,116,26,144,0,0,0,0,0,0,0,0,-32307,0,0,0,0,0,140261,0
140302,-658,460,-8480,-85,-51,78,8120,273,99,390,432,37816,116,26,144,0,0,0,0,0,0,0,0,-32307,0,0,0,0,0,140262,0
140303,-658,460,-8480,-85,-51,78,8134,280,96,391,440,37817,120,26,144,0,0,0,0,0,0,0,0,-32308,0,0,0,0,0,140263,0
140304,-548,532,-8454,-95,-36,42,8147,287,95,396,440,37817,120,26,144,0,0,0,0,0,0,0,0,-32307,0,0,0,0,0,140264,0
140305,-548,532,-8454,-95,-36,42,8162,298,99,401,440,37817,120,26,144,0,0,0,0,0,0,0,0,-32308,0,0,0,0,0,140265,0
140306,-548,532,-8454,-95,-36,42,8176,305,105,400,448,37817,120,26,144,0,0,0,0,0,0,0,0,-32308,0,0,0,0,0,140266,0
140307,-548,532,-8454,-95,-36,42,8192,318,104,396,464,37817,120,26,144,0,0,0,0,0,0,0,0,-32308,0,0,0,0,0,140267,0
140308,-522,512,-8456,-82,-17,22,8205,322,100,398,472,37817,120,26,144,0,0,0,0,0,0,0,0,-32308,0,0,0,0,0,140268,0
140309,-522,512,-8456,-82,-17,22,8220,319,102,405,456,37817,120,26,144,0,0,0,0,0,0,0,0,-32308,0,0,0,0,0,140269,0
140310,-522,512,-8456,-82,-17,22,8235,320,97,409,472,37817,120,26,144,0,0,0,0,0,0,0,0,-32308,0,0,0,0,0,140270,0
140311,-522,512,-8456,-82,-17,22,8251,325,100,403,496,37817,120,26,144,0,0,0,0,0,0,0,0,-32308,0,0,0,0,0,140271,0
140312,-500,496,-8468,-70,-17,29,8265,332,92,396,512,37817,120,26,144,0,0,0,0,0,0,0,0,-32308,0,0,0,0,0,140272,0
140313,-500,496,-8468,-70,-17,29,8282,339,95,396,504,37816,122,26,144,0,0,0,0,0,0,0,0,-32308,0,0,0,0,0,140273,0
140314,-500,496,-8468,-70,-17,29,8299,351,98,395,528,37816,122,26,144,0,0,0,0,0,0,0,0,-32308,0,0,0,0,0,140274,0
140315,-500,496,-8468,-70,-17,29,8314,355,100,390,552,37816,122,26,144,0,0,0,0,0,0,0,0,-32308,0,0,0,0,0,140275,0
140316,-522,484,-8500,-65,11,-39,8332,366,97,387,576,37816,122,26,144,0,0,0,0,0,0,0,0,-32308,0,0,0,0,0,140276,0
140317,-522,484,-8500,-65,11,-39,8349,369,97,385,568,37816,122,26,144,0,0,0,0,0,0,0,0,-32308,0,0,0,0,0,140277,0
140318,-522,484,-8500,-65,11,-39,8367,373,99,387,600,37816,122,26,144,0,0,0,0,0,0,0,0,-32308,0,0,0,0,0,140278,0
140319,-522,484,-8500,-65,11,-39,8385,386,104,383,640,37816,122,26,144,0,0,0,0,0,0,0,0,-32308,0,0,0,0,0,140279,0
140320,-624,450,-8512,-56,11,17,8402,388,95,387,616,37816,122,26,144,0,0,0,0,0,0,0,0,-32308,0,0,0,0,0,140280,0
140321,-624,450,-8512,-56,11,17,8423,403,104,387,632,37816,122,26,144,0,0,0,0,0,0,0,0,-32308,0,0,0,0,0,140281,0
140322,-624,450,-8512,-56,11,17,8442,414,106,394,640,37816,122,26,144,0,0,0,0,0,0,0,0,-32307,0,0,0,0,0,140282,0
140323,-624,450,-8512,-56,11,17,8460,416,105,403,632,37817,135,26,144,0,0,0,0,0,0,0,0,-32308,0,0,0,0,0,140283,0
140324,-622,434,-8530,-45,4,33,8479,419,108,403,648,37817,135,26,144,0,0,0,0,0,0,0,0,-32308,0,0,0,0,0,140284,0
140325,-622,434,-8530,-45,4,33,8499,418,109,403,656,37817,135,26,144,0,0,0,0,0,0,0,0,-32307,0,0,0,0,0,140285,0
140326,-622,434,-8530,-45,4,33,8519,426,113,399,696,37817,135,26,144,0,0,0,0,0,0,0,0,-32308,0,0,0,0,0,140286,0
140327,-622,434,-8530,-45,4,33,8541,443,118,403,720,37817,135,26,144,0,0,0,0,0,0,0,0,-32308,0,0,0,0,0,140287,0
140328,-616,496,-8532,-39,4,67,8561,453,108,402,720,37817,135,26,144,0,0,0,0,0,0,0,0,-32308,0,0,0,0,0,140288,0
140329,-616,496,-8532,-39,4,67,8583,462,117,396,776,37817,135,26,144,0,0,0,0,0,0,0,0,-32308,0,0,0,0,0,140289,0
140330,-616,496,-8532,-39,4,67,8604,466,116,390,792,37817,135,26,144,0,0,0,0,0,0,0,0,-32308,0,0,0,0,0,140290,0
140331,-616,496,-8532,-39,4,67,8626,467,120,384,816,37817,135,26,144,0,0,0,0,0,0,0,0,-32308,0,0,0,0,0,140291,0
140332,-624,482,-8530,-32,7,25,8650,482,123,375,888,37817,135,26,144,0,0,0,0,0,0,0,0,-32307,0,0,0,0,0,140292,0
140333,-624,482,-8530,-32,7,25,8672,493,127,377,936,37815,130,26,144,0,0,0,0,0,0,0,0,-32308,0,0,0,0,0,140293,0
140334,-624,482,-8530,-32,7,25,8693,494,124,385,896,37815,130,26,144,0,0,0,0,0,0,0,0,-32307,0,0,0,0,0,140294,0
140335,-624,482,-8530,-32,7,25,8718,500,127,386,928,37815,130,26,144,0,0,0,0,0,0,0,0,-32308,0,0,0,0,0,140295,0
140336,-604,500,-8540,-21,-6,35,8742,507,126,387,928,37815,130,26,144,0,0,0,0,0,0,0,0,-32308,0,0,0,0,0,140296,0
140337,-604,500,-8540,-21,-6,35,8766,518,129,386,992,37815,130,26,144,0,0,0,0,0,0,0,0,-32308,0,0,0,0,0,140297,0
140338,-604,500,-8540,-21,-6,35,8791,535,133,390,1032,37815,130,26,144,0,0,0,0,0,0,0,0,-32307,0,0,0,0,0,140298,0
140339,-604,500,-8540,-21,-6,35,8815,533,130,399,1016,37815,130,26,144,0,0,0,0,0,0,0,0,-32307,0,0,0,0,0,140299,0
140340,-660,478,-8528,-17,-3,-21,8841,545,130,403,1032,37815,130,26,144,0,0,0,0,0,0,0,0,-32307,0,0,0,0,0,140300,0
140341,-660,478,-8528,-17,-3,-21,8868,562,137,404,1112,37815,130,26,144,0,0,0,0,0,0,0,0,-32308,0,0,0,0,0,140301,0
140342,-660,478,-8528,-17,-3,-21,8895,574,139,396,1152,37815,130,26,144,0,0,0,0,0,0,0,0,-32307,0,0,0,0,0,140302,0
140343,-660,478,-8528,-17,-3,-21,8922,588,136,395,1192,37812,141,26,144,0,0,0,0,0,0,0,0,-32308,0,0,0,0,0,140303,0
140344,-710,448,-8540,-15,-4,36,8948,586,141,398,1144,37812,141,26,144,0,0,0,0,0,0,0,0,-32307,0,0,0,0,0,140304,0
140345,-710,448,-8540,-15,-4,36,8976,589,143,407,1144,37812,141,26,144,0,0,0,0,0,0,0,0,-32308,0,0,0,0,0,140305,0
140346,-710,448,-8540,-15,-4,36,9004,597,143,410,1176,37812,141,26,144,0,0,0,0,0,0,0,0,-32308,0,0,0,0,0,140306,0
140347,-710,448,-8540,-15,-4,36,9032,605,145,404,1200,37812,141,26,144,0,0,0,0,0,0,0,0,-32308,0,0,0,0,0,140307,0
140348,-688,474,-8538,-13,-14,16,9063,627,151,402,1256,37812,141,26,144,0,0,0,0,0,0,0,0,-32308,0,0,0,0,0,140308,0
140349,-688,474,-8538,-13,-14,16,9091,638,152,408,1256,37812,141,26,144,0,0,0,0,0,0,0,0,-32308,0,0,0,0,0,140309,0
140350,-688,474,-8538,-13,-14,16,9121,647,153,415,1256,37812,141,26,144,0,0,0,0,0,0,0,0,-32308,0,0,0,0,0,140310,0
140351,-688,474,-8538,-13,-14,16,9151,655,154,414,1288,37812,141,26,144,0,0,0,0,0,0,0,0,-32308,0,0,0,0,0,140311,0
140352,-698,470,-8552,-10,-33,42,9182,657,154,398,1312,37812,141,26,144,0,0,0,0,0,0,0,0,-32308,0,0,0,0,0,140312,0
140353,-698,470,-8552,-10,-33,42,9213,667,156,393,1328,37810,150,26,144,0,0,0,0,0,0,0,0,-32307,0,0,0,0,0,140313,0
140354,-698,470,-8552,-10,-33,42,9244,676,156,402,1336,37810,150,26,144,0,0,0,0,0,0,0,0,-32308,0,0,0,0,0,140314,0
140355,-698,470,-8552,-10,-33,42,9276,682,158,408,1344,37810,150,26,144,0,0,0,0,0,0,0,0,-32308,0,0,0,0,0,140315,0
140356,-626,512,-8548,-13,-31,46,9307,690,153,403,1376,37810,150,26,144,0,0,0,0,0,0,0,0,-32308,0,0,0,0,0,140316,0
140357,-626,512,-8548,-13,-31,46,9340,700,155,400,1384,37810,150,26,144,0,0,0,0,0,0,0,0,-32308,0,0,0,0,0,140317,0
140358,-626,512,-8548,-13,-31,46,9372,706,155,397,1400,37810,150,26,144,0,0,0,0,0,0,0,0,-32308,0,0,0,0,0,140318,0
140359,-626,512,-8548,-13,-31,46,9407,721,157,403,1432,37810,150,26,144,0,0,0,0,0,0,0,0,-32308,0,0,0,0,0,140319,0
140360,-574,510,-8548,-28,-16,45,9441,734,163,404,1480,37810,150,26,144,0,0,0,0,0,0,0,0,-32307,0,0,0,0,0,140320,0
140361,-574,510,-8548,-28,-16,45,9473,737,157,405,1472,37810,150,26,144,0,0,0,0,0,0,0,0,-32307,0,0,0,0,0,140321,0
140362,-574,510,-8548,-28,-16,45,9509,746,150,401,1488,37810,150,26,144,0,0,0,0,0,0,0,0,-32307,0,0,0,0,0,140322,0
140363,-574,510,-8548,-28,-16,45,9544,752,156,403,1504,37808,154,26,144,0,0,0,0,0,0,0,0,-32308,0,0,0,0,0,140323,0
140364,-548,512,-8544,-28,25,-5,9580,767,156,400,1552,37808,154,26,144,0,0,0,0,0,0,0,0,-32308,0,0,0,0,0,140324,0
140365,-548,512,-8544,-28,25,-5,9615,779,156,400,1576,37808,154,26,144,0,0,0,0,0,0,0,0,-32307,0,0,0,0,0,140325,0
140366,-548,512,-8544,-28,25,-5,9653,788,157,400,1584,37808,154,26,144,0,0,0,0,0,0,0,0,-32308,0,0,0,0,0,140326,0
140367,-548,512,-8544,-28,25,-5,9688,791,151,394,1632,37808,154,26,144,0,0,0,0,0,0,0,0,-32308,0,0,0,0,0,140327,0
140368,-646,482,-8506,-38,57,18,9726,803,157,389,1640,37808,154,26,144,0,0,0,0,0,0,0,0,-32308,0,0,0,0,0,140328,0
140369,-646,482,-8506,-38,57,18,9764,817,156,394,1680,37808,154,26,144,0,0,0,0,0,0,0,0,-32308,0,0,0,0,0,140329,0
140370,-646,482,-8506,-38,57,18,9802,824,162,393,1680,37808,154,26,144,0,0,0,0,0,0,0,0,-32308,0,0,0,0,0,140330,0
140371,-646,482,-8506,-38,57,18,9840,836,160,392,1712,37808,154,26,144,0,0,0,0,0,0,0,0,-32308,0,0,0,0,0,140331,0
140372,-654,482,-8550,-35,77,35,9879,839,161,398,1728,37808,154,26,144,0,0,0,0,0,0,0,0,-32308,0,0,0,0,0,140332,0
140373,-654,482,-8550,-35,77,35,9918,847,155,394,1744,37804,159,26,144,0,0,0,0,0,0,0,0,-32308,0,0,0,0,0,140333,0
140374,-654,482,-8550,-35,77,35,9959,863,160,388,1800,37804,159,26,144,0,0,0,0,0,0,0,0,-32308,0,0,0,0,0,140334,0
140375,-654,482,-8550,-35,77,35,9999,874,163,399,1816,37804,159,26,144,0,0,0,0,0,0,0,0,-32308,0,0,0,0,0,140335,0
140376,-608,476,-8530,-17,99,34,10039,882,163,400,1824,37804,159,26,144,0,0,0,0,0,0,0,0,-32308,0,0,0,0,0,140336,0
140377,-608,476,-8530,-17,99,34,10082,895,166,395,1864,37804,159,26,144,0,0,0,0,0,0,0,0,-32307,0,0,0,0,0,140337,0
140378,-608,476,-8530,-17,99,34,10122,900,163,393,1856,37804,159,26,144,0,0,0,0,0,0,0,0,-32307,0,0,0,0,0,140338,0
140379,-608,476,-8530,-17,99,34,10165,913,169,398,1888,37804,159,26,144,0,0,0,0,0,0,0,0,-32308,0,0,0,0,0,140339,0
140380,-674,470,-8528,-14,88,12,10207,922,164,398,1920,37804,159,26,144,0,0,0,0,0,0,0,0,-32308,0,0,0,0,0,140340,0
140381,-674,470,-8528,-14,88,12,10251,931,170,395,1936,37804,159,26,144,0,0,0,0,0,0,0,0,-32308,0,0,0,0,0,140341,0
140382,-674,470,-8528,-14,88,12,10295,947,172,404,1968,37804,159,26,144,0,0,0,0,0,0,0,0,-32308,0,0,0,0,0,140342,0
140383,-674,470,-8528,-14,88,12,10339,956,172,397,2008,37809,157,26,144,0,0,0,0,0,0,0,0,-32308,0,0,0,0,0,140343,0
140384,-700,474,-8492,-11,95,16,10383,966,168,396,2016,37809,157,26,144,0,0,0,0,0,0,0,0,-32307,0,0,0,0,0,140344,0
140385,-700,474,-8492,-11,95,16,10428,975,172,397,2072,37809,157,26,144,0,0,0,0,0,0,0,0,-32308,0,0,0,0,0,140345,0
140386,-700,474,-8492,-11,95,16,10474,986,172,384,2112,37809,157,26,144,0,0,0,0,0,0,0,0,-32308,0,0,0,0,0,140346,0
140387,-700,474,-8492,-11,95,16,10520,999,176,383,2128,37809,157,26,144,0,0,0,0,0,0,0,0,-32308,0,0,0,0,0,140347,0
140388,-726,462,-8518,5,100,25,10567,1010,178,396,2144,37809,157,26,144,0,0,0,0,0,0,0,0,-32308,0,0,0,0,0,140348,0
140389,-726,462,-8518,5,100,25,10614,1021,173,392,2168,37809,157,26,144,0,0,0,0,0,0,0,0,-32308,0,0,0,0,0,140349,0
140390,-726,462,-8518,5,100,25,10662,1035,180,398,2168,37809,157,26,144,0,0,0,0,0,0,0,0,-32308,0,0,0,0,0,140350,0
140391,-726,462,-8518,5,100,25,10710,1045,178,401,2216,37809,157,26,144,0,0,0,0,0,0,0,0,-32308,0,0,0,0,0,140351,0
140392,-726,428,-8492,19,89,17,10759,1056,185,394,2232,37809,157,26,144,0,0,0,0,0,0,0,0,-32308,0,0,0,0,0,140352,0
140393,-726,428,-8492,19,89,17,10809,1067,184,405,2248,37804,164,26,144,0,0,0,0,0,0,0,0,-32308,0,0,0,0,0,140353,0
140394,-726,428,-8492,19,89,17,10858,1075,190,410,2288,37804,164,26,144,0,0,0,0,0,0,0,0,-32308,0,0,0,0,0,140354,0
140395,-726,428,-8492,19,89,17,10908,1085,183,401,2312,37804,164,26,144,0,0,0,0,0,0,0,0,-32308,0,0,0,0,0,140355,0
140396,-718,490,-8502,27,86,24,10960,1100,189,404,2360,37804,164,26,144,0,0,0,0,0,0,0,0,-32308,0,0,0,0,0,140356,0
140397,-718,490,-8502,27,86,24,11009,1105,187,395,2360,37804,164,26,144,0,0,0,0,0,0,0,0,-32307,0,0,0,0,0,140357,0
140398,-718,490,-8502,27,86,24,11061,1118,188,395,2384,37804,164,26,144,0,0,0,0,0,0,0,0,-32308,0,0,0,0,0,140358,0
140399,-718,490,-8502,27,86,24,11114,1131,191,400,2432,37804,164,26,144,0,0,0,0,0,0,0,0,-32308,0,0,0,0,0,140359,0
140400,-686,514,-8456,33,84,33,11165,1135,185,397,2416,37804,164,26,144,0,0,0,0,0,0,0,0,-32308,0,0,0,0,0,140360,0
140401,-686,514,-8456,33,84,33,11219,1155,189,394,2488,37804,164,26,144,0,0,0,0,0,0,0,0,-32308,0,0,0,0,0,140361,0
140402,-686,514,-8456,33,84,33,11273,1165,191,394,2488,37804,164,26,144,0,0,0,0,0,0,0,0,-32308,0,0,0,0,0,140362,0
140403,-686,514,-8456,33,84,33,11327,1176,189,405,2488,37803,171,26,144,0,0,0,0,0,0,0,0,-32308,0,0,0,0,0,140363,0
140404,-706,530,-8454,24,84,15,11382,1190,190,404,2544,37803,171,26,144,0,0,0,0,0,0,0,0,-32308,0,0,0,0,0,140364,0
140405,-706,530,-8454,24,84,15,11438,1200,197,407,2552,37803,171,26,144,0,0,0,0,0,0,0,0,-32308,0,0,0,0,0,140365,0
140406,-706,530,-8454,24,84,15,11492,1205,188,405,2568,37803,171,26,144,0,0,0,0,0,0,0,0,-32308,0,0,0,0,0,140366,0
140407,-706,530,-8454,24,84,15,11548,1213,189,409,2568,37803,171,26,144,0,0,0,0,0,0,0,0,-32308,0,0,0,0,0,140367,0
140408,-684,556,-8488,4,88,52,11605,1224,189,405,2624,37803,171,26,144,0,0,0,0,0,0,0,0,-32308,0,0,0,0,0,140368,0
140409,-684,556,-8488,4,88,52,11662,1233,190,403,2624,37803,171,26,144,0,0,0,0,0,0,0,0,-32308,0,0,0,0,0,140369,0
140410,-684,556,-8488,4,88,52,11719,1247,187,405,2656,37803,171,26,144,0,0,0,0,0,0,0,0,-32307,0,0,0,0,0,140370,0
140411,-684,556,-8488,4,88,52,11777,1256,190,393,2696,37803,171,26,144,0,0,0,0,0,0,0,0,-32308,0,0,0,0,0,140371,0
140412,-624,562,-8434,-18,94,69,11835,1262,186,401,2688,37803,171,26,144,0,0,0,0,0,0,0,0,-32308,0,0,0,0,0,140372,0
140413,-624,562,-8434,-18,94,69,11893,1274,182,393,2744,37794,171,26,144,0,0,0,0,0,0,0,0,-32307,0,0,0,0,0,140373,0
140414,-624,562,-8434,-18,94,69,11951,1278,182,400,2728,37794,171,26,144,0,0,0,0,0,0,0,0,-32308,0,0,0,0,0,140374,0
140415,-624,562,-8434,-18,94,69,12011,1285,180,394,2776,37794,171,26,144,0,0,0,0,0,0,0,0,-32308,0,0,0,0,0,140375,0
140416,-564,592,-8470,-34,106,67,12071,1298,179,397,2800,37794,171,26,144,0,0,0,0,0,0,0,0,-32308,0,0,0,0,0,140378,0
140417,-564,592,-8470,-34,106,67,12131,1308,176,396,2824,37794,171,26,144,0,0,0,0,0,0,0,0,-32308,0,0,0,0,0,140379,0
140418,-564,592,-8470,-34,106,67,12191,1318,174,394,2816,37794,171,26,144,0,0,0,0,0,0,0,0,-32308,0,0,0,0,0,140383,0
140419,-564,592,-8470,-34,106,67,12252,1324,170,404,2832,37794,171,26,144,0,0,0,0,0,0,0,0,-32308,0,0,0,0,0,140384,0
140420,-550,566,-8388,-59,117,59,12312,1327,169,395,2848,37794,171,26,144,0,0,0,0,0,0,0,0,-32308,0,0,0,0,0,140385,0
140421,-550,566,-8388,-59,117,59,12375,1342,174,402,2896,37794,171,26,144,0,0,0,0,0,0,0,0,-32308,0,0,0,0,0,140386,0
140422,-550,566,-8388,-59,117,59,12436,1352,165,391,2880,37794,171,26,144,0,0,0,0,0,0,0,0,-32308,0,0,0,0,0,140387,0
140423,-550,566,-8388,-59,117,59,12498,1357,161,415,2896,37788,173,26,144,0,0,0,0,0,0,0,0,-32307,0,0,0,0,0,140388,0
140424,-540,534,-8438,-89,155,70,12561,1365,163,404,2904,37788,173,26,144,0,0,0,0,0,0,0,0,-32308,0,0,0,0,0,140389,0
140425,-540,534,-8438,-89,155,70,12624,1372,155,416,2912,37788,173,26,144,0,0,0,0,0,0,0,0,-32308,0,0,0,0,0,140390,0
140426,-540,534,-8438,-89,155,70,12688,1386,154,402,2968,37788,173,26,144,0,0,0,0,0,0,0,0,-32308,0,0,0,0,0,140391,0
140427,-540,534,-8438,-89,155,70,12751,1392,157,404,2992,37788,173,26,144,0,0,0,0,0,0,0,0,-32308,0,0,0,0,0,140392,0
140428,-550,530,-8422,-103,167,82,12815,1398,151,396,3024,37788,173,26,144,0,0,0,0,0,0,0,0,-32308,0,0,0,0,0,140393,0
140429,-550,530,-8422,-103,167,82,12880,1403,151,407,3000,37788,173,26,144,0,0,0,0,0,0,0,0,-32308,0,0,0,0,0,140394,0
140430,-550,530,-8422,-103,167,82,12944,1408,148,390,3024,37788,173,26,144,0,0,0,0,0,0,0,0,-32308,0,0,0,0,0,140395,0
140431,-550,530,-8422,-103,167,82,13009,1419,145,399,3048,37788,173,26,144,0,0,0,0,0,0,0,0,-32308,0,0,0,0,0,140396,0
140432,-552,460,-8398,-102,186,96,13074,1422,144,390,3048,37788,173,26,144,0,0,0,0,0,0,0,0,-32308,0,0,0,0,0,140397,0
140433,-552,460,-8398,-102,186,96,13140,1428,144,398,3056,37786,165,26,144,0,0,0,0,0,0,0,0,-32308,0,0,0,0,0,140398,0
140434,-552,460,-8398,-102,186,96,13205,1437,141,394,3088,37786,165,26,144,0,0,0,0,0,0,0,0,-32308,0,0,0,0,0,140399,0
140435,-552,460,-8398,-102,186,96,13273,1449,141,402,3104,37786,165,26,144,0,0,0,0,0,0,0,0,-32308,0,0,0,0,0,140400,0
140436,-592,436,-8378,-95,176,95,13339,1460,140,401,3120,37786,165,26,144,0,0,0,0,0,0,0,0,-32308,0,0,0,0,0,140401,0
140437,-592,436,-8378,-95,176,95,13406,1465,140,409,3128,37786,165,26,144,0,0,0,0,0,0,0,0,-32308,0,0,0,0,0,140402,0
140438,-592,436,-8378,-95,176,95,13475,1477,-12,402,3160,37786,165,26,144,0,0,0,0,0,0,0,0,-32307,0,0,0,0,0,140403,0
140439,-592,436,-8378,-95,176,95,13543,1484,-9,410,3176,37786,165,26,144,0,0,0,0,0,0,0,0,-32307,0,0,0,0,0,140404,0
140440,-576,450,-8404,-96,180,92,13610,1492,-12,398,3208,37786,165,26,144,0,0,0,0,0,0,0,0,-32308,0,0,0,0,0,140405,0
140441,-576,450,-8404,-96,180,92,13679,1499,-13,398,3240,37786,165,26,144,0,0,0,0,0,0,0,0,-32308,0,0,0,0,0,140406,0
140442,-576,450,-8404,-96,180,92,13749,1505,-19,403,3208,37786,165,26,144,0,0,0,0,0,0,0,0,-32308,0,0,0,0,0,140407,0
140443,-576,450,-8404,-96,180,92,13816,1507,-16,403,3256,37785,167,26,144,0,0,0,0,0,0,0,0,-32308,0,0,0,0,0,140408,0
140444,-584,412,-8414,-94,172,116,13887,1518,-19,394,3240,37785,167,26,144,0,0,0,0,0,0,0,0,-32308,0,0,0,0,0,140409,0
140445,-584,412,-8414,-94,172,116,13957,1527,57,397,3304,37785,167,26,144,0,0,0,0,0,0,0,0,-32308,0,0,0,0,0,140410,0
140446,-584,412,-8414,-94,172,116,14026,1531,55,399,3256,37785,167,26,144,0,0,0,0,0,0,0,0,-32307,0,0,0,0,0,140411,0
140447,-584,412,-8414,-94,172,116,14098,1547,50,401,3320,37785,167,26,144,0,0,0,0,0,0,0,0,-32307,0,0,0,0,0,140412,0
140448,-526,428,-8392,-73,171,88,14169,1550,55,411,3288,37785,167,26,144,0,0,0,0,0,0,0,0,-32307,0,0,0,0,0,140413,0
140449,-526,428,-8392,-73,171,88,14239,1552,54,408,3328,37785,167,26,144,0,0,0,0,0,0,0,0,-32307,0,0,0,0,0,140414,0
140450,-526,428,-8392,-73,171,88,14311,1564,48,399,3384,37785,167,26,144,0,0,0,0,0,0,0,0,-32307,0,0,0,0,0,140415,0
140451,-526,428,-8392,-73,171,88,14383,1567,52,396,3384,37785,167,26,144,0,0,0,0,0,0,0,0,-32308,0,0,0,0,0,140416,0
140452,-516,436,-8332,-80,191,76,14457,1584,201,400,3424,37785,167,26,144,0,0,0,0,0,0,0,0,-32308,0,0,0,0,0,140417,0
140453,-516,436,-8332,-80,191,76,14528,1593,202,400,3416,37788,176,26,144,0,0,0,0,0,0,0,0,-32308,0,0,0,0,0,140418,0
140454,-516,436,-8332,-80,191,76,14601,1595,201,393,3440,37788,176,26,144,0,0,0,0,0,0,0,0,-32308,0,0,0,0,0,140419,0
140455,-516,436,-8332,-80,191,76,14676,1609,202,399,3448,37788,176,26,144,0,0,0,0,0,0,0,0,-32308,0,0,0,0,0,140420,0
140456,-654,372,-8360,-66,171,84,14750,1617,204,394,3464,37788,176,26,144,0,0,0,0,0,0,0,0,-32308,0,0,0,0,0,140421,0
140457,-654,372,-8360,-66,171,84,14823,1626,206,411,3448,37788,176,26,144,0,0,0,0,0,0,0,0,-32308,0,0,0,0,0,140422,0
140458,-654,372,-8360,-66,171,84,14898,1627,207,414,3440,37788,176,26,144,0,0,0,0,0,0,0,0,-32307,0,0,0,0,0,140423,0
140459,-654,372,-8360,-66,171,84,14972,1622,281,417,3464,37788,176,26,144,0,0,0,0,0,0,0,0,-32307,0,0,0,0,0,140424,0
140460,-610,500,-8378,-71,146,120,15049,1641,275,413,3488,37788,176,26,144,0,0,0,0,0,0,0,0,-32308,0,0,0,0,0,140425,0
140461,-610,500,-8378,-71,146,120,15124,1657,285,406,3568,37788,176,26,144,0,0,0,0,0,0,0,0,-32307,0,0,0,0,0,140426,0
140462,-610,500,-8378,-71,146,120,15200,1665,281,411,3528,37788,176,26,144,0,0,0,0,0,0,0,0,-32307,0,0,0,0,0,140427,0
140463,-610,500,-8378,-71,146,120,15275,1667,283,407,3544,37788,178,26,144,0,0,0,0,0,0,0,0,-32308,0,0,0,0,0,140428,0
140464,-558,492,-8392,-54,115,146,15352,1666,281,411,3544,37788,178,26,144,0,0,0,0,0,0,0,0,-32307,0,0,0,0,0,140429,0
140465,-558,492,-8392,-54,115,146,15428,1674,285,402,3536,37788,178,26,144,0,0,0,0,0,0,0,0,-32308,0,0,0,0,0,140430,0
140466,-558,492,-8392,-54,115,146,15505,1679,131,400,3584,37788,178,26,144,0,0,0,0,0,0,0,0,-32308,0,0,0,0,0,140431,0
140467,-558,492,-8392,-54,115,146,15583,1689,131,409,3544,37788,178,26,144,0,0,0,0,0,0,0,0,-32308,0,0,0,0,0,140432,0
140468,-530,568,-8366,-78,124,126,15659,1689,135,408,3560,37788,178,26,144,0,0,0,0,0,0,0,0,-32307,0,0,0,0,0,140433,0
140469,-530,568,-8366,-78,124,126,15736,1692,128,420,3552,37788,178,26,144,0,0,0,0,0,0,0,0,-32308,0,0,0,0,0,140434,0
140470,-530,568,-8366,-78,124,126,15814,1695,122,402,3584,37788,178,26,144,0,0,0,0,0,0,0,0,-32307,0,0,0,0,0,140435,0
140471,-530,568,-8366,-78,124,126,15892,1698,125,400,3632,37788,178,26,144,0,0,0,0,0,0,0,0,-32307,0,0,0,0,0,140436,0
140472,-562,572,-8374,-114,105,132,15969,1705,120,396,3600,37788,178,26,144,0,0,0,0,0,0,0,0,-32307,0,0,0,0,0,140437,0
140473,-562,572,-8374,-114,105,132,16048,1713,118,394,3648,37788,183,26,144,0,0,0,0,0,0,0,0,-32307,0,0,0,0,0,140438,0
140474,-562,572,-8374,-114,105,132,16126,1717,117,406,3640,37788,183,26,144,0,0,0,0,0,0,0,0,-32308,0,0,0,0,0,140439,0
140475,-562,572,-8374,-114,105,132,16206,1727,106,389,3664,37788,183,26,144,0,0,0,0,0,0,0,0,-32308,0,0,0,0,0,140440,0
140476,-526,552,-8390,-120,97,102,16284,1732,112,400,3672,37788,183,26,144,0,0,0,0,0,0,0,0,-32308,0,0,0,0,0,140441,0
140477,-526,552,-8390,-120,97,102,16362,1729,105,394,3656,37788,183,26,144,0,0,0,0,0,0,0,0,-32308,0,0,0,0,0,140442,0
140478,-526,552,-8390,-120,97,102,16444,1741,99,399,3696,37788,183,26,144,0,0,0,0,0,0,0,0,-32307,0,0,0,0,0,140443,0
140479,-526,552,-8390,-120,97,102,16523,1747,102,412,3688,37788,183,26,144,0,0,0,0,0,0,0,0,-32307,0,0,0,0,0,140444,0
140480,-616,480,-8362,-136,85,81,16603,1760,100,399,3712,37788,183,26,144,0,0,0,0,0,0,0,0,-32307,0,0,0,0,0,140445,0
140481,-616,480,-8362,-136,85,81,16683,1761,101,410,3744,37788,183,26,144,0,0,0,0,0,0,0,0,-32307,0,0,0,0,0,140446,0
140482,-616,480,-8362,-136,85,81,16763,1756,91,399,3712,37788,183,26,144,0,0,0,0,0,0,0,0,-32308,0,0,0,0,0,140447,0
140483,-616,480,-8362,-136,85,81,16844,1764,90,398,3736,37793,186,26,144,0,0,0,0,0,0,0,0,-32308,0,0,0,0,0,140448,0
140484,-626,414,-8394,-139,63,79,16926,1772,94,402,3776,37793,186,26,144,0,0,0,0,0,0,0,0,-32308,0,0,0,0,0,140449,0
140485,-626,414,-8394,-139,63,79,17008,1787,98,394,3784,37793,186,26,144,0,0,0,0,0,0,0,0,-32308,0,0,0,0,0,140450,0
140486,-626,414,-8394,-139,63,79,17089,1796,92,398,3824,37793,186,26,144,0,0,0,0,0,0,0,0,-32308,0,0,0,0,0,140451,0
140487,-626,414,-8394,-139,63,79,17170,1794,95,404,3768,37793,186,26,144,0,0,0,0,0,0,0,0,-32307,0,0,0,0,0,140452,0
140488,-618,436,-8358,-130,28,79,17253,1796,90,398,3784,37793,186,26,144,0,0,0,0,0,0,0,0,-32307,0,0,0,0,0,140453,0
140489,-618,436,-8358,-130,28,79,17335,1801,96,408,3840,37793,186,26,144,0,0,0,0,0,0,0,0,-32307,0,0,0,0,0,140454,0
140490,-618,436,-8358,-130,28,79,17418,1807,94,398,3824,37793,186,26,144,0,0,0,0,0,0,0,0,-32307,0,0,0,0,0,140455,0
140491,-618,436,-8358,-130,28,79,17500,1816,99,393,3872,37793,186,26,144,0,0,0,0,0,0,0,0,-32307,0,0,0,0,0,140456,0
140492,-648,392,-8428,-115,19,89,17584,1819,96,410,3856,37793,186,26,144,0,0,0,0,0,0,0,0,-32308,0,0,0,0,0,140457,0
140493,-648,392,-8428,-115,19,89,17667,1823,94,399,3848,37790,181,26,144,0,0,0,0,0,0,0,0,-32308,0,0,0,0,0,140458,0
140494,-648,392,-8428,-115,19,89,17751,1832,96,400,3888,37790,181,26,144,0,0,0,0,0,0,0,0,-32308,0,0,0,0,0,140459,0
140495,-648,392,-8428,-115,19,89,17834,1835,99,400,3872,37790,181,26,144,0,0,0,0,0,0,0,0,-32308,0,0,0,0,0,140460,0
140496,-612,424,-8444,-96,-10,81,17920,1846,100,392,3904,37790,181,26,144,0,0,0,0,0,0,0,0,-32307,0,0,0,0,0,140461,0
140497,-612,424,-8444,-96,-10,81,18002,1847,102,408,3896,37790,181,26,144,0,0,0,0,0,0,0,0,-32307,0,0,0,0,0,140462,0
140498,-612,424,-8444,-96,-10,81,18088,1852,96,406,3904,37790,181,26,144,0,0,0,0,0,0,0,0,-32307,0,0,0,0,0,140463,0
140499,-612,424,-8444,-96,-10,81,18173,1859,101,403,3944,37790,181,26,144,0,0,0,0,0,0,0,0,-32307,0,0,0,0,0,140464,0
140500,-640,406,-8420,-59,-44,61,18256,1855,96,399,3960,37790,181,26,144,0,0,0,0,0,0,0,0,-32307,0,0,0,0,0,140465,0
140501,-640,406,-8420,-59,-44,61,18342,1864,92,397,3944,37790,181,26,144,0,0,0,0,0,0,0,0,-32307,0,0,0,0,0,140466,0
140502,-640,406,-8420,-59,-44,61,18426,1861,96,393,3960,37790,181,26,144,0,0,0,0,0,0,0,0,-32308,0,0,0,0,0,140467,0
140503,-640,406,-8420,-59,-44,61,18513,1869,91,395,4000,37790,181,26,144,0,0,0,0,0,0,0,0,-32307,0,0,0,0,0,140468,0
140504,-638,432,-8456,-54,-31,43,18599,1881,95,388,4000,37790,181,26,144,0,0,0,0,0,0,0,0,-32308,0,0,0,0,0,140469,0
140505,-638,432,-8456,-54,-31,43,18684,1886,94,381,4024,37790,181,26,144,0,0,0,0,0,0,0,0,-32308,0,0,0,0,0,140470,0
140506,-638,432,-8456,-54,-31,43,18770,1888,88,394,4024,37790,181,26,144,0,0,0,0,0,0,0,0,-32307,0,0,0,0,0,140471,0
140507,-638,432,-8456,-54,-31,43,18856,1888,89,397,4000,37790,181,26,144,0,0,0,0,0,0,0,0,-32307,0,0,0,0,0,140472,0
140508,-618,418,-8460,-39,-41,23,18944,1899,89,399,4040,37790,181,26,144,0,0,0,0,0,0,0,0,-32307,0,0,0,0,0,140473,0
140509,-618,418,-8460,-39,-41,23,19030,1904,90,399,4080,37790,181,26,144,0,0,0,0,0,0,0,0,-32307,0,0,0,0,0,140474,0
140510,-618,418,-8460,-39,-41,23,19117,1909,89,394,4072,37790,181,26,144,0,0,0,0,0,0,0,0,-32308,0,0,0,0,0,140475,0
140511,-618,418,-8460,-39,-41,23,19204,1910,81,398,4088,37790,181,26,144,0,0,0,0,0,0,0,0,-32308,0,0,0,0,0,140476,0
140512,-644,462,-8446,-23,-71,43,19291,1906,84,394,4112,37790,181,26,144,0,0,0,0,0,0,0,0,-32308,0,0,0,0,0,140477,0
140513,-644,462,-8446,-23,-71,43,19379,1917,83,391,4120,37784,185,26,144,0,0,0,0,0,0,0,0,-32307,0,0,0,0,0,140478,0
140514,-644,462,-8446,-23,-71,43,19466,1921,83,386,4104,37784,185,26,144,0,0,0,0,0,0,0,0,-32308,0,0,0,0,0,140479,0
140515,-644,462,-8446,-23,-71,43,19553,1920,84,395,4128,37784,185,26,144,0,0,0,0,0,0,0,0,-32307,0,0,0,0,0,140480,0
140516,-636,442,-8462,-4,-81,43,19642,1928,75,395,4120,37784,185,26,144,0,0,0,0,0,0,0,0,-32308,0,0,0,0,0,140481,0
140517,-636,442,-8462,-4,-81,43,19730,1931,83,393,4160,37784,185,26,144,0,0,0,0,0,0,0,0,-32307,0,0,0,0,0,140482,0
140518,-636,442,-8462,-4,-81,43,19818,1937,75,384,4208,37784,185,26,144,0,0,0,0,0,0,0,0,-32307,0,0,0,0,0,140483,0
140519,-636,442,-8462,-4,-81,43,19906,1941,76,391,4184,37784,185,26,144,0,0,0,0,0,0,0,0,-32308,0,0,0,0,0,140484,0
140520,-646,518,-8436,-13,-74,55,19996,1945,73,394,4184,37784,185,26,144,0,0,0,0,0,0,0,0,-32308,0,0,0,0,0,140485,0
140521,-646,518,-8436,-13,-74,55,20084,1949,76,393,4216,37784,185,26,144,0,0,0,0,0,0,0,0,-32307,0,0,0,0,0,140486,0
140522,-646,518,-8436,-13,-74,55,20173,1955,76,393,4240,37784,185,26,144,0,0,0,0,0,0,0,0,-32308,0,0,0,0,0,140487,0
140523,-646,518,-8436,-13,-74,55,20263,1961,73,390,4208,37784,186,26,144,0,0,0,0,0,0,0,0,-32307,0,0,0,0,0,140488,0
140524,-624,528,-8418,-19,-67,77,20352,1961,74,396,4208,37784,186,26,144,0,0,0,0,0,0,0,0,-32308,0,0,0,0,0,140489,0
140525,-624,528,-8418,-19,-67,77,20442,1969,75,406,4248,37784,186,26,144,0,0,0,0,0,0,0,0,-32307,0,0,0,0,0,140490,0
140526,-624,528,-8418,-19,-67,77,20533,1976,71,408,4256,37784,186,26,144,0,0,0,0,0,0,0,0,-32307,0,0,0,0,0,140491,0
140527,-624,528,-8418,-19,-67,77,20621,1972,79,394,4256,37784,186,26,144,0,0,0,0,0,0,0,0,-32307,0,0,0,0,0,140492,0
140528,-626,554,-8396,-21,-50,88,20713,1981,72,400,4304,37784,186,26,144,0,0,0,0,0,0,0,0,-32308,0,0,0,0,0,140493,0
140529,-626,554,-8396,-21,-50,88,20802,1979,74,404,4272,37784,186,26,144,0,0,0,0,0,0,0,0,-32307,0,0,0,0,0,140494,0
140530,-626,554,-8396,-21,-50,88,20894,1985,73,400,4288,37784,186,26,144,0,0,0,0,0,0,0,0,-32308,0,0,0,0,0,140495,0
140531,-626,554,-8396,-21,-50,88,20985,1998,71,395,4320,37784,186,26,144,0,0,0,0,0,0,0,0,-32307,0,0,0,0,0,140496,0
140532,-602,590,-8444,-24,-48,74,21075,1997,75,401,4288,37784,186,26,144,0,0,0,0,0,0,0,0,-32307,0,0,0,0,0,140497,0
140533,-602,590,-8444,-24,-48,74,21168,2010,74,403,4304,37782,185,26,144,0,0,0,0,0,0,0,0,-32308,0,0,0,0,0,140498,0
140534,-602,590,-8444,-24,-48,74,21259,2012,76,402,4336,37782,185,26,144,0,0,0,0,0,0,0,0,-32307,0,0,0,0,0,140499,0
140535,-602,590,-8444,-24,-48,74,21351,2015,74,402,4384,37782,185,26,144,0,0,0,0,0,0,0,0,-32307,0,0,0,0,0,140500,0
140536,-614,538,-8392,-39,-21,73,21443,2020,75,404,4336,37782,185,26,144,0,0,0,0,0,0,0,0,-32307,0,0,0,0,0,140501,0
140537,-614,538,-8392,-39,-21,73,21536,2024,82,400,4352,37782,185,26,144,0,0,0,0,0,0,0,0,-32308,0,0,0,0,0,140502,0
140538,-614,538,-8392,-39,-21,73,21629,2033,79,399,4384,37782,185,26,144,0,0,0,0,0,0,0,0,-32308,0,0,0,0,0,140503,0
140539,-614,538,-8392,-39,-21,73,21723,2044,82,405,4384,37782,185,26,144,0,0,0,0,0,0,0,0,-32308,0,0,0,0,0,140504,0
140540,-616,578,-8452,-62,-26,69,21816,2049,87,395,4392,37782,185,26,144,0,0,0,0,0,0,0,0,-32307,0,0,0,0,0,140505,0
140541,-616,578,-8452,-62,-26,69,21909,2049,83,394,4400,37782,185,26,144,0,0,0,0,0,0,0,0,-32307,0,0,0,0,0,140506,0
140542,-616,578,-8452,-62,-26,69,22003,2053,89,399,4440,37782,185,26,144,0,0,0,0,0,0,0,0,-32308,0,0,0,0,0,140507,0
140543,-616,578,-8452,-62,-26,69,22097,2058,87,408,4432,37780,193,26,144,0,0,0,0,0,0,0,0,-32308,0,0,0,0,0,140508,0
140544,-616,528,-8390,-69,-13,75,22192,2069,90,394,4456,37780,193,26,144,0,0,0,0,0,0,0,0,-32307,0,0,0,0,0,140509,0
140545,-616,528,-8390,-69,-13,75,22287,2079,91,399,4488,37780,193,26,144,0,0,0,0,0,0,0,0,-32307,0,0,0,0,0,140510,0
140546,-616,528,-8390,-69,-13,75,22383,2090,93,410,4504,37780,193,26,144,0,0,0,0,0,0,0,0,-32308,0,0,0,0,0,140511,0
140547,-616,528,-8390,-69,-13,75,22477,2092,98,407,4496,37780,193,26,144,0,0,0,0,0,0,0,0,-32308,0,0,0,0,0,140512,0
140548,-656,512,-8402,-87,-14,44,22575,2103,91,394,4520,37780,193,26,144,0,0,0,0,0,0,0,0,-32308,0,0,0,0,0,140513,0
140549,-656,512,-8402,-87,-14,44,22670,2108,106,410,4528,37780,193,26,144,0,0,0,0,0,0,0,0,-32307,0,0,0,0,0,140514,0
140550,-656,512,-8402,-87,-14,44,22769,2126,101,418,4568,37780,193,26,144,0,0,0,0,0,0,0,0,-32308,0,0,0,0,0,140515,0
140551,-656,512,-8402,-87,-14,44,22864,2130,111,413,4552,37780,193,26,144,0,0,0,0,0,0,0,0,-32307,0,0,0,0,0,140516,0
140552,-706,506,-8506,-75,-20,50,22963,2134,108,402,4576,37780,193,26,144,0,0,0,0,0,0,0,0,-32307,0,0,0,0,0,140517,0
140553,-706,506,-8506,-75,-20,50,23061,2143,112,403,4616,37779,193,26,144,0,0,0,0,0,0,0,0,-32308,0,0,0,0,0,140518,0
140554,-706,506,-8506,-75,-20,50,23157,2139,114,404,4600,37779,193,26,144,0,0,0,0,0,0,0,0,-32308,0,0,0,0,0,140519,0
140555,-706,506,-8506,-75,-20,50,23256,2150,116,401,4608,37779,193,26,144,0,0,0,0,0,0,0,0,-32308,0,0,0,0,0,140520,0
140556,-666,512,-8456,-68,-29,102,23355,2154,114,393,4616,37779,193,26,144,0,0,0,0,0,0,0,0,-32308,0,0,0,0,0,140521,0
140557,-666,512,-8456,-68,-29,102,23453,2162,122,399,4632,37779,193,26,144,0,0,0,0,0,0,0,0,-32308,0,0,0,0,0,140522,0
140558,-666,512,-8456,-68,-29,102,23553,2176,117,409,4664,37779,193,26,144,0,0,0,0,0,0,0,0,-32307,0,0,0,0,0,140523,0
140559,-666,512,-8456,-68,-29,102,23653,2184,123,404,4680,37779,193,26,144,0,0,0,0,0,0,0,0,-32307,0,0,0,0,0,140524,0
140560,-620,488,-8484,-58,-39,55,23753,2188,123,398,4680,37779,193,26,144,0,0,0,0,0,0,0,0,-32307,0,0,0,0,0,140525,0
140561,-620,488,-8484,-58,-39,55,23854,2200,119,413,4704,37779,193,26,144,0,0,0,0,0,0,0,0,-32308,0,0,0,0,0,140526,0
140562,-620,488,-8484,-58,-39,55,23953,2200,131,416,4712,37779,193,26,144,0,0,0,0,0,0,0,0,-32308,0,0,0,0,0,140527,0
140563,-620,488,-8484,-58,-39,55,24055,2209,122,416,4704,37779,196,26,144,0,0,0,0,0,0,0,0,-32307,0,0,0,0,0,140528,0
140564,-688,506,-8520,-52,-49,46,24155,2211,128,402,4712,37779,196,26,144,0,0,0,0,0,0,0,0,-32307,0,0,0,0,0,140529,0
140565,-688,506,-8520,-52,-49,46,24258,2222,121,403,4744,37779,196,26,144,0,0,0,0,0,0,0,0,-32307,0,0,0,0,0,140530,0
140566,-688,506,-8520,-52,-49,46,24359,2233,129,404,4792,37779,196,26,144,0,0,0,0,0,0,0,0,-32307,0,0,0,0,0,140531,0
140567,-688,506,-8520,-52,-49,46,24463,2245,123,405,4816,37779,196,26,144,0,0,0,0,0,0,0,0,-32307,0,0,0,0,0,140532,0
140568,-662,458,-8466,-54,-51,75,24564,2252,128,397,4784,37779,196,26,144,0,0,0,0,0,0,0,0,-32307,0,0,0,0,0,140533,0
140569,-662,458,-8466,-54,-51,75,24668,2251,129,402,4784,37779,196,26,144,0,0,0,0,0,0,0,0,-32308,0,0,0,0,0,140534,0
140570,-662,458,-8466,-54,-51,75,24772,2262,128,403,4824,37779,196,26,144,0,0,0,0,0,0,0,0,-32308,0,0,0,0,0,140535,0
140571,-662,458,-8466,-54,-51,75,24875,2270,129,406,4856,37779,196,26,144,0,0,0,0,0,0,0,0,-32307,0,0,0,0,0,140536,0
140572,-666,448,-8534,-30,-48,56,24979,2282,128,405,4816,37779,196,26,144,0,0,0,0,0,0,0,0,-32308,0,0,0,0,0,140537,0
140573,-666,448,-8534,-30,-48,56,25084,2288,128,411,4840,37775,191,26,144,0,0,0,0,0,0,0,0,-32307,0,0,0,0,0,140538,0
140574,-666,448,-8534,-30,-48,56,25189,2294,128,412,4864,37775,191,26,144,0,0,0,0,0,0,0,0,-32307,0,0,0,0,0,140539,0
140575,-666,448,-8534,-30,-48,56,25294,2302,128,412,4912,37775,191,26,144,0,0,0,0,0,0,0,0,-32307,0,0,0,0,0,140540,0
140576,-666,448,-8460,-45,-42,28,25401,2318,127,402,4952,37775,191,26,144,0,0,0,0,0,0,0,0,-32308,0,0,0,0,0,140541,0
140577,-666,448,-8460,-45,-42,28,25506,2324,137,403,4960,37775,191,26,144,0,0,0,0,0,0,0,0,-32307,0,0,0,0,0,140542,0
140578,-666,448,-8460,-45,-42,28,25611,2327,129,401,4936,37775,191,26,144,0,0,0,0,0,0,0,0,-32308,0,0,0,0,0,140543,0
140579,-666,448,-8460,-45,-42,28,25721,2340,137,405,4968,37775,191,26,144,0,0,0,0,0,0,0,0,-32308,0,0,0,0,0,140544,0
140580,-680,466,-8540,-15,-45,24,25826,2340,137,400,4976,37775,191,26,144,0,0,0,0,0,0,0,0,-32308,0,0,0,0,0,140545,0
140581,-680,466,-8540,-15,-45,24,25935,2357,138,397,5032,37775,191,26,144,0,0,0,0,0,0,0,0,-32308,0,0,0,0,0,140546,0
140582,-680,466,-8540,-15,-45,24,26041,2363,139,399,5056,37775,191,26,144,0,0,0,0,0,0,0,0,-32308,0,0,0,0,0,140547,0
140583,-680,466,-8540,-15,-45,24,26149,2359,135,403,4992,37782,195,26,144,0,0,0,0,0,0,0,0,-32307,0,0,0,0,0,140548,0
140584,-650,414,-8504,-9,-48,29,26258,2370,135,407,5032,37782,195,26,144,0,0,0,0,0,0,0,0,-32308,0,0,0,0,0,140549,0
140585,-650,414,-8504,-9,-48,29,26366,2372,136,402,5056,37782,195,26,144,0,0,0,0,0,0,0,0,-32308,0,0,0,0,0,140550,0
140586,-650,414,-8504,-9,-48,29,26476,2389,137,392,5128,37782,195,26,144,0,0,0,0,0,0,0,0,-32308,0,0,0,0,0,140551,0
140587,-650,414,-8504,-9,-48,29,26583,2392,136,402,5120,37782,195,26,144,0,0,0,0,0,0,0,0,-32308,0,0,0,0,0,140552,0
140588,-658,424,-8488,-37,-16,16,26694,2398,134,400,5128,37782,195,26,144,0,0,0,0,0,0,0,0,-32308,0,0,0,0,0,140553,0
140589,-658,424,-8488,-37,-16,16,26804,2404,132,396,5152,37782,195,26,144,0,0,0,0,0,0,0,0,-32307,0,0,0,0,0,140554,0
140590,-658,424,-8488,-37,-16,16,26914,2410,138,392,5160,37782,195,26,144,0,0,0,0,0,0,0,0,-32307,0,0,0,0,0,140555,0
140591,-658,424,-8488,-37,-16,16,27025,2425,129,387,5192,37782,195,26,144,0,0,0,0,0,0,0,0,-32308,0,0,0,0,0,140557,0
140592,-694,468,-8530,-17,-17,14,27135,2428,132,385,5216,37782,195,26,144,0,0,0,0,0,0,0,0,-32308,0,0,0,0,0,140557,0
140593,-694,468,-8530,-17,-17,14,27246,2431,131,389,5256,37781,206,26,144,0,0,0,0,0,0,0,0,-32308,0,0,0,0,0,140558,0
140594,-694,468,-8530,-17,-17,14,27358,2438,125,393,5256,37781,206,26,144,0,0,0,0,0,0,0,0,-32307,0,0,0,0,0,140559,0
140595,-694,468,-8530,-17,-17,14,27470,2447,129,388,5288,37781,206,26,144,0,0,0,0,0,0,0,0,-32307,0,0,0,0,0,140560,0
140596,-672,502,-8506,-14,-6,21,27581,2456,127,387,5304,37781,206,26,144,0,0,0,0,0,0,0,0,-32307,0,0,0,0,0,140561,0
140597,-672,502,-8506,-14,-6,21,27694,2465,124,393,5312,37781,206,26,144,0,0,0,0,0,0,0,0,-32308,0,0,0,0,0,140562,0
140598,-672,502,-8506,-14,-6,21,27807,2469,125,394,5312,37781,206,26,144,0,0,0,0,0,0,0,0,-32308,0,0,0,0,0,140563,0
140599,-672,502,-8506,-14,-6,21,27920,2476,125,389,5344,37781,206,26,144,0,0,0,0,0,0,0,0,-32308,0,0,0,0,0,140564,0
140600,-642,494,-8514,-6,9,37,28033,2483,126,391,5360,37781,206,26,144,0,0,0,0,0,0,0,0,-32308,0,0,0,0,0,140565,0
140601,-642,494,-8514,-6,9,37,28147,2492,118,402,5376,37781,206,26,144,0,0,0,0,0,0,0,0,-32307,0,0,0,0,0,140567,0
140602,-642,494,-8514,-6,9,37,28262,2502,126,406,5408,37781,206,26,144,0,0,0,0,0,0,0,0,-32308,0,0,0,0,0,140567,0
140603,-642,494,-8514,-6,9,37,28376,2507,122,402,5464,37782,208,26,144,0,0,0,0,0,0,0,0,-32307,0,0,0,0,0,140568,0
140604,-632,526,-8494,2,2,71,28492,2520,124,405,5432,37782,208,26,144,0,0,0,0,0,0,0,0,-32307,0,0,0,0,0,140569,0
140605,-632,526,-8494,2,2,71,28607,2526,129,402,5440,37782,208,26,144,0,0,0,0,0,0,0,0,-32308,0,0,0,0,0,140570,0
140606,-632,526,-8494,2,2,71,28720,2525,125,397,5448,37782,208,26,144,0,0,0,0,0,0,0,0,-32308,0,0,0,0,0,140571,0
140607,-632,526,-8494,2,2,71,28838,2536,119,397,5472,37782,208,26,144,0,0,0,0,0,0,0,0,-32308,0,0,0,0,0,140572,0
140608,-604,570,-8510,-15,19,85,28952,2534,131,399,5472,37782,208,26,144,0,0,0,0,0,0,0,0,-32307,0,0,0,0,0,140573,0
140609,-604,570,-8510,-15,19,85,29070,2550,124,392,5520,37782,208,26,144,0,0,0,0,0,0,0,0,-32307,0,0,0,0,0,140574,0
140610,-604,570,-8510,-15,19,85,29186,2559,128,392,5560,37782,208,26,144,0,0,0,0,0,0,0,0,-32308,0,0,0,0,0,140575,0
140611,-604,570,-8510,-15,19,85,29304,2568,126,409,5552,37782,208,26,144,0,0,0,0,0,0,0,0,-32308,0,0,0,0,0,140577,0
140612,-656,562,-8462,-24,29,81,29419,2570,126,406,5552,37782,208,26,144,0,0,0,0,0,0,0,0,-32307,0,0,0,0,0,140577,0
140613,-656,562,-8462,-24,29,81,29539,2573,121,402,5576,37777,216,26,144,0,0,0,0,0,0,0,0,-32308,0,0,0,0,0,140578,0
140614,-656,562,-8462,-24,29,81,29656,2583,129,397,5584,37777,216,26,144,0,0,0,0,0,0,0,0,-32308,0,0,0,0,0,140579,0
140615,-656,562,-8462,-24,29,81,29775,2592,128,398,5624,37777,216,26,144,0,0,0,0,0,0,0,0,-32308,0,0,0,0,0,140581,0
140616,-602,588,-8500,-40,45,77,29894,2610,126,395,5640,37777,216,26,144,0,0,0,0,0,0,0,0,-32307,0,0,0,0,0,140581,0
140617,-602,588,-8500,-40,45,77,30014,2614,126,400,5624,37777,216,26,144,0,0,0,0,0,0,0,0,-32307,0,0,0,0,0,140582,0
140618,-602,588,-8500,-40,45,77,30133,2621,131,412,5632,37777,216,26,144,0,0,0,0,0,0,0,0,-32307,0,0,0,0,0,140583,0
140619,-602,588,-8500,-40,45,77,30253,2625,126,405,5648,37777,216,26,144,0,0,0,0,0,0,0,0,-32308,0,0,0,0,0,140584,0
140620,-572,546,-8470,-63,44,60,30373,2631,130,403,5664,37777,216,26,144,0,0,0,0,0,0,0,0,-32308,0,0,0,0,0,140585,0
140621,-572,546,-8470,-63,44,60,30494,2642,131,415,5672,37777,216,26,144,0,0,0,0,0,0,0,0,-32307,0,0,0,0,0,140587,0
140622,-572,546,-8470,-63,44,60,30614,2651,129,417,5696,37777,216,26,144,0,0,0,0,0,0,0,0,-32307,0,0,0,0,0,140588,0
140623,-572,546,-8470,-63,44,60,30737,2665,133,414,5736,37771,215,26,144,0,0,0,0,0,0,0,0,-32308,0,0,0,0,0,140589,0
140624,-628,512,-8320,-57,47,49,30857,2668,133,413,5752,37771,215,26,144,0,0,0,0,0,0,0,0,-32307,0,0,0,0,0,140590,0
140625,-628,512,-8320,-57,47,49,30980,2669,128,406,5760,37771,215,26,144,0,0,0,0,0,0,0,0,-32308,0,0,0,0,0,140591,0
140626,-628,512,-8320,-57,47,49,31102,2676,129,402,5776,37771,215,26,144,0,0,0,0,0,0,0,0,-32308,0,0,0,0,0,140592,0
140627,-628,512,-8320,-57,47,49,31227,2689,135,406,5784,37771,215,26,144,0,0,0,0,0,0,0,0,-32307,0,0,0,0,0,140593,0
140628,-636,504,-8502,-51,42,89,31348,2699,138,407,5792,37771,215,26,144,0,0,0,0,0,0,0,0,-32307,0,0,0,0,0,140594,0
140629,-636,504,-8502,-51,42,89,31472,2707,133,400,5832,37771,215,26,144,0,0,0,0,0,0,0,0,-32307,0,0,0,0,0,140595,0
140630,-636,504,-8502,-51,42,89,31596,2713,137,403,5808,37771,215,26,144,0,0,0,0,0,0,0,0,-32307,0,0,0,0,0,140596,0
140631,-636,504,-8502,-51,42,89,31720,2715,136,412,5808,37771,215,26,144,0,0,0,0,0,0,0,0,-32307,0,0,0,0,0,140597,0
140632,-610,542,-8428,-54,30,106,31844,2730,136,412,5848,37771,215,26,144,0,0,0,0,0,0,0,0,-32308,0,0,0,0,0,140598,0
140633,-610,542,-8428,-54,30,106,31968,2729,137,411,5816,37767,210,26,144,0,0,0,0,0,0,0,0,-32308,0,0,0,0,0,140599,0
140634,-610,542,-8428,-54,30,106,32093,2733,138,425,5816,37767,210,26,144,0,0,0,0,0,0,0,0,-32307,0,0,0,0,0,140600,0
140635,-610,542,-8428,-54,30,106,32218,2737,128,418,5840,37767,210,26,144,0,0,0,0,0,0,0,0,-32307,0,0,0,0,0,140601,0
140636,-578,570,-8436,-53,22,108,32345,2750,135,412,5872,37767,210,26,144,0,0,0,0,0,0,0,0,-32307,0,0,0,0,0,140602,0
140637,-578,570,-8436,-53,22,108,32471,2768,134,421,5896,37767,210,26,144,0,0,0,0,0,0,0,0,-32308,0,0,0,0,0,140603,0
140638,-578,570,-8436,-53,22,108,32596,2771,133,414,5888,37767,210,26,144,0,0,0,0,0,0,0,0,-32308,0,0,0,0,0,140604,0
140639,-578,570,-8436,-53,22,108,32720,2763,130,417,5864,37767,210,26,144,0,0,0,0,0,0,0,0,-32308,0,0,0,0,0,140605,0
140640,-576,566,-8424,-45,11,81,32851,2774,125,421,5896,37767,210,26,144,0,0,0,0,0,0,0,0,-32308,0,0,0,0,0,140606,0
140641,-576,566,-8424,-45,11,81,32977,2786,129,406,5928,37767,210,26,144,0,0,0,0,0,0,0,0,-32307,0,0,0,0,0,140607,0
140642,-576,566,-8424,-45,11,81,33103,2797,126,404,5960,37767,210,26,144,0,0,0,0,0,0,0,0,-32307,0,0,0,0,0,140608,0
140643,-576,566,-8424,-45,11,81,33231,2801,124,411,5944,37765,203,26,144,0,0,0,0,0,0,0,0,-32308,0,0,0,0,0,140609,0
140644,-648,518,-8420,-51,10,71,33359,2793,123,415,5904,37765,203,26,144,0,0,0,0,0,0,0,0,-32308,0,0,0,0,0,140610,0
140645,-648,518,-8420,-51,10,71,33487,2805,119,407,5960,37765,203,26,144,0,0,0,0,0,0,0,0,-32308,0,0,0,0,0,140611,0
140646,-648,518,-8420,-51,10,71,33615,2816,123,404,5976,37765,203,26,144,0,0,0,0,0,0,0,0,-32308,0,0,0,0,0,140612,0
140647,-648,518,-8420,-51,10,71,33744,2821,122,401,5992,37765,203,26,144,0,0,0,0,0,0,0,0,-32307,0,0,0,0,0,140613,0
140648,-618,458,-8474,-57,-5,88,33872,2823,118,395,6024,37765,203,26,144,0,0,0,0,0,0,0,0,-32307,0,0,0,0,0,140614,0
140649,-618,458,-8474,-57,-5,88,34000,2823,113,403,6000,37765,203,26,144,0,0,0,0,0,0,0,0,-32307,0,0,0,0,0,140615,0
140650,-618,458,-8474,-57,-5,88,34130,2827,114,405,5992,37765,203,26,144,0,0,0,0,0,0,0,0,-32308,0,0,0,0,0,140616,0
140651,-618,458,-8474,-57,-5,88,34258,2829,107,395,6016,37765,203,26,144,0,0,0,0,0,0,0,0,-32308,0,0,0,0,0,140617,0
140652,-548,466,-8506,-41,-9,104,34388,2837,105,398,6032,37765,203,26,144,0,0,0,0,0,0,0,0,-32308,0,0,0,0,0,140618,0
140653,-548,466,-8506,-41,-9,104,34516,2837,103,405,6008,37766,214,26,144,0,0,0,0,0,0,0,0,-32308,0,0,0,0,0,140619,0
140654,-548,466,-8506,-41,-9,104,34646,2839,105,396,6048,37766,214,26,144,0,0,0,0,0,0,0,0,-32307,0,0,0,0,0,140620,0
140655,-548,466,-8506,-41,-9,104,34776,2845,92,400,6032,37766,214,26,144,0,0,0,0,0,0,0,0,-32307,0,0,0,0,0,140621,0
140656,-644,512,-8448,-55,-15,70,34905,2849,98,405,6032,37766,214,26,144,0,0,0,0,0,0,0,0,-32307,0,0,0,0,0,140622,0
140657,-644,512,-8448,-55,-15,70,35036,2858,92,392,6088,37766,214,26,144,0,0,0,0,0,0,0,0,-32308,0,0,0,0,0,140623,0
140658,-644,512,-8448,-55,-15,70,35165,2856,89,397,6056,37766,214,26,144,0,0,0,0,0,0,0,0,-32308,0,0,0,0,0,140624,0
140659,-644,512,-8448,-55,-15,70,35295,2855,85,398,6072,37766,214,26,144,0,0,0,0,0,0,0,0,-32307,0,0,0,0,0,140625,0
140660,-640,500,-8550,-51,-44,74,35426,2858,81,383,6120,37766,214,26,144,0,0,0,0,0,0,0,0,-32307,0,0,0,0,0,140626,0
140661,-640,500,-8550,-51,-44,74,35553,2846,84,387,6072,37766,214,26,144,0,0,0,0,0,0,0,0,-32307,0,0,0,0,0,140627,0
140662,-640,500,-8550,-51,-44,74,35684,2850,65,390,6080,37766,214,26,144,0,0,0,0,0,0,0,0,-32307,0,0,0,0,0,140628,0
140663,-640,500,-8550,-51,-44,74,35813,2849,65,378,6112,37767,218,26,144,0,0,0,0,0,0,0,0,-32308,0,0,0,0,0,140629,0
140664,-672,512,-8492,-57,-40,95,35943,2852,61,383,6104,37767,218,26,144,0,0,0,0,0,0,0,0,-32308,0,0,0,0,0,140630,0
140665,-672,512,-8492,-57,-40,95,36074,2865,56,387,6120,37767,218,26,144,0,0,0,0,0,0,0,0,-32307,0,0,0,0,0,140631,0
140666,-672,512,-8492,-57,-40,95,36203,2856,57,373,6152,37767,218,26,144,0,0,0,0,0,0,0,0,-32307,0,0,0,0,0,140632,0
140667,-672,512,-8492,-57,-40,95,36334,2862,46,379,6152,37767,218,26,144,0,0,0,0,0,0,0,0,-32308,0,0,0,0,0,140633,0
140668,-652,478,-8532,-39,-47,82,36465,2865,40,384,6152,37767,218,26,144,0,0,0,0,0,0,0,0,-32307,0,0,0,0,0,140634,0
140669,-652,478,-8532,-39,-47,82,36595,2865,49,375,6176,37767,218,26,144,0,0,0,0,0,0,0,0,-32308,0,0,0,0,0,140635,0
140670,-652,478,-8532,-39,-47,82,36725,2869,41,384,6168,37767,218,26,144,0,0,0,0,0,0,0,0,-32308,0,0,0,0,0,140636,0
140671,-652,478,-8532,-39,-47,82,36856,2870,38,387,6160,37767,218,26,144,0,0,0,0,0,0,0,0,-32307,0,0,0,0,0,140637,0
140672,-570,454,-8482,-35,-33,77,36986,2871,33,384,6208,37767,218,26,144,0,0,0,0,0,0,0,0,-32307,0,0,0,0,0,140638,0
140673,-570,454,-8482,-35,-33,77,37117,2875,32,383,6168,37765,214,26,144,0,0,0,0,0,0,0,0,-32308,0,0,0,0,0,140639,0
140674,-570,454,-8482,-35,-33,77,37249,2878,31,391,6184,37765,214,26,144,0,0,0,0,0,0,0,0,-32308,0,0,0,0,0,140640,0
140675,-570,454,-8482,-35,-33,77,37381,2882,30,390,6200,37765,214,26,144,0,0,0,0,0,0,0,0,-32308,0,0,0,0,0,140641,0
140676,-608,492,-8542,-48,-17,76,37512,2891,38,392,6200,37765,214,26,144,0,0,0,0,0,0,0,0,-32307,0,0,0,0,0,140642,0
140677,-608,492,-8542,-48,-17,76,37644,2898,33,395,6224,37765,214,26,144,0,0,0,0,0,0,0,0,-32307,0,0,0,0,0,140643,0
140678,-608,492,-8542,-48,-17,76,37775,2897,37,387,6248,37765,214,26,144,0,0,0,0,0,0,0,0,-32307,0,0,0,0,0,140644,0
140679,-608,492,-8542,-48,-17,76,37909,2905,37,392,6232,37765,214,26,144,0,0,0,0,0,0,0,0,-32308,0,0,0,0,0,140645,0
140680,-606,516,-8538,-13,-22,65,38040,2907,40,396,6240,37765,214,26,144,0,0,0,0,0,0,0,0,-32308,0,0,0,0,0,140646,0
140681,-606,516,-8538,-13,-22,65,38175,2916,43,391,6264,37765,214,26,144,0,0,0,0,0,0,0,0,-32308,0,0,0,0,0,140647,0
140682,-606,516,-8538,-13,-22,65,38307,2923,44,396,6248,37765,214,26,144,0,0,0,0,0,0,0,0,-32307,0,0,0,0,0,140648,0
140683,-606,516,-8538,-13,-22,65,38441,2924,48,399,6264,37763,209,26,144,0,0,0,0,0,0,0,0,-32307,0,0,0,0,0,140649,0
140684,-614,506,-8538,-21,4,39,38576,2941,55,392,6272,37763,209,26,144,0,0,0,0,0,0,0,0,-32307,0,0,0,0,0,140650,0
140685,-614,506,-8538,-21,4,39,38710,2945,62,397,6296,37763,209,26,144,0,0,0,0,0,0,0,0,-32307,0,0,0,0,0,140651,0
140686,-614,506,-8538,-21,4,39,38845,2958,70,399,6304,37763,209,26,144,0,0,0,0,0,0,0,0,-32308,0,0,0,0,0,140652,0
140687,-614,506,-8538,-21,4,39,38980,2963,74,396,6328,37763,209,26,144,0,0,0,0,0,0,0,0,-32308,0,0,0,0,0,140653,0
140688,-644,448,-8494,-25,34,32,39115,2968,82,402,6328,37763,209,26,144,0,0,0,0,0,0,0,0,-32308,0,0,0,0,0,140654,0
140689,-644,448,-8494,-25,34,32,39250,2973,85,404,6360,37763,209,26,144,0,0,0,0,0,0,0,0,-32307,0,0,0,0,0,140655,0
140690,-644,448,-8494,-25,34,32,39387,2979,81,397,6344,37763,209,26,144,0,0,0,0,0,0,0,0,-32307,0,0,0,0,0,140656,0
140691,-644,448,-8494,-25,34,32,39523,2986,93,405,6384,37763,209,26,144,0,0,0,0,0,0,0,0,-32308,0,0,0,0,0,140657,0
140692,-668,330,-8488,-22,45,29,39660,2997,94,410,6392,37763,209,26,144,0,0,0,0,0,0,0,0,-32307,0,0,0,0,0,140658,0
140693,-668,330,-8488,-22,45,29,39797,3006,101,407,6416,37768,208,26,144,0,0,0,0,0,0,0,0,-32308,0,0,0,0,0,140659,0
140694,-668,330,-8488,-22,45,29,39937,3020,105,418,6432,37768,208,26,144,0,0,0,0,0,0,0,0,-32308,0,0,0,0,0,140660,0
140695,-668,330,-8488,-22,45,29,40074,3031,116,414,6480,37768,208,26,144,0,0,0,0,0,0,0,0,-32307,0,0,0,0,0,140661,0
140696,-682,496,-8502,-2,59,31,40211,3031,115,411,6480,37768,208,26,144,0,0,0,0,0,0,0,0,-32307,0,0,0,0,0,140662,0
140697,-682,496,-8502,-2,59,31,40350,3039,121,416,6472,37768,208,26,144,0,0,0,0,0,0,0,0,-32308,0,0,0,0,0,140663,0
140698,-682,496,-8502,-2,59,31,40489,3041,123,412,6512,37768,208,26,144,0,0,0,0,0,0,0,0,-32308,0,0,0,0,0,140664,0
140699,-682,496,-8502,-2,59,31,40628,3052,123,417,6472,37768,208,26,144,0,0,0,0,0,0,0,0,-32308,0,0,0,0,0,140665,0
140700,-590,552,-8454,0,66,68,40768,3062,127,414,6480,37768,208,26,144,0,0,0,0,0,0,0,0,-32308,0,0,0,0,0,140666,0
140701,-590,552,-8454,0,66,68,40908,3068,126,402,6528,37768,208,26,144,0,0,0,0,0,0,0,0,-32307,0,0,0,0,0,140667,0
140702,-590,552,-8454,0,66,68,41049,3076,127,403,6528,37768,208,26,144,0,0,0,0,0,0,0,0,-32308,0,0,0,0,0,140668,0
140703,-590,552,-8454,0,66,68,41189,3085,132,405,6536,37769,224,26,144,0,0,0,0,0,0,0,0,-32307,0,0,0,0,0,140669,0
140704,-588,546,-8512,-3,80,75,41330,3090,137,402,6528,37769,224,26,144,0,0,0,0,0,0,0,0,-32308,0,0,0,0,0,140670,0
140705,-588,546,-8512,-3,80,75,41472,3097,134,408,6536,37769,224,26,144,0,0,0,0,0,0,0,0,-32307,0,0,0,0,0,140671,0
140706,-588,546,-8512,-3,80,75,41615,3112,136,406,6576,37769,224,26,144,0,0,0,0,0,0,0,0,-32308,0,0,0,0,0,140672,0
140707,-588,546,-8512,-3,80,75,41756,3122,137,401,6608,37769,224,26,144,0,0,0,0,0,0,0,0,-32307,0,0,0,0,0,140673,0
140708,-616,488,-8352,-15,82,23,41897,3122,138,408,6624,37769,224,26,144,0,0,0,0,0,0,0,0,-32308,0,0,0,0,0,140674,0
140709,-616,488,-8352,-15,82,23,42041,3126,126,411,6648,37769,224,26,144,0,0,0,0,0,0,0,0,-32308,0,0,0,0,0,140675,0
140710,-616,488,-8352,-15,82,23,42185,3135,135,408,6640,37769,224,26,144,0,0,0,0,0,0,0,0,-32308,0,0,0,0,0,140676,0
140711,-616,488,-8352,-15,82,23,42328,3149,138,409,6656,37769,224,26,144,0,0,0,0,0,0,0,0,-32308,0,0,0,0,0,140677,0
140712,-644,444,-8352,-27,95,30,42472,3162,136,401,6688,37769,224,26,144,0,0,0,0,0,0,0,0,-32307,0,0,0,0,0,140678,0
140713,-644,444,-8352,-27,95,30,42616,3161,138,405,6696,37768,229,26,144,0,0,0,0,0,0,0,0,-32307,0,0,0,0,0,140679,0
140714,-644,444,-8352,-27,95,30,42759,3158,136,406,6704,37768,229,26,144,0,0,0,0,0,0,0,0,-32308,0,0,0,0,0,140680,0
140715,-644,444,-8352,-27,95,30,42905,3167,134,400,6696,37768,229,26,144,0,0,0,0,0,0,0,0,-32308,0,0,0,0,0,140681,0
140716,-794,520,-8374,-49,81,45,43049,3173,135,399,6704,37768,229,26,144,0,0,0,0,0,0,0,0,-32307,0,0,0,0,0,140682,0
140717,-794,520,-8374,-49,81,45,43193,3178,130,403,6768,37768,229,26,144,0,0,0,0,0,0,0,0,-32307,0,0,0,0,0,140683,0
140718,-794,520,-8374,-49,81,45,43339,3184,126,395,6776,37768,229,26,144,0,0,0,0,0,0,0,0,-32307,0,0,0,0,0,140684,0
140719,-794,520,-8374,-49,81,45,43484,3187,128,394,6784,37768,229,26,144,0,0,0,0,0,0,0,0,-32308,0,0,0,0,0,140685,0
140720,-782,508,-8404,-52,69,56,43629,3190,123,393,6808,37768,229,26,144,0,0,0,0,0,0,0,0,-32307,0,0,0,0,0,140686,0
140721,-782,508,-8404,-52,69,56,43775,3197,117,387,6792,37768,229,26,144,0,0,0,0,0,0,0,0,-32308,0,0,0,0,0,140687,0
140722,-782,508,-8404,-52,69,56,43921,3199,118,387,6816,37768,229,26,144,0,0,0,0,0,0,0,0,-32307,0,0,0,0,0,140688,0
140723,-782,508,-8404,-52,69,56,44066,3202,123,386,6824,37760,224,26,144,0,0,0,0,0,0,0,0,-32307,0,0,0,0,0,140689,0
140724,-742,546,-8462,-57,35,78,44213,3210,113,394,6824,37760,224,26,144,0,0,0,0,0,0,0,0,-32308,0,0,0,0,0,140690,0
140725,-742,546,-8462,-57,35,78,44360,3215,108,399,6872,37760,224,26,144,0,0,0,0,0,0,0,0,-32308,0,0,0,0,0,140691,0
140726,-742,546,-8462,-57,35,78,44506,3218,107,396,6888,37760,224,26,144,0,0,0,0,0,0,0,0,-32308,0,0,0,0,0,140692,0
140727,-742,546,-8462,-57,35,78,44653,3223,102,392,6896,37760,224,26,144,0,0,0,0,0,0,0,0,-32307,0,0,0,0,0,140693,0
140728,-716,544,-8356,-76,34,101,44800,3230,97,392,6936,37760,224,26,144,0,0,0,0,0,0,0,0,-32308,0,0,0,0,0,140694,0
140729,-716,544,-8356,-76,34,101,44947,3234,98,389,6896,37760,224,26,144,0,0,0,0,0,0,0,0,-32308,0,0,0,0,0,140695,0
140730,-716,544,-8356,-76,34,101,45095,3241,93,394,6912,37760,224,26,144,0,0,0,0,0,0,0,0,-32308,0,0,0,0,0,140696,0
140731,-716,544,-8356,-76,34,101,45244,3249,94,390,6928,37760,224,26,144,0,0,0,0,0,0,0,0,-32307,0,0,0,0,0,140697,0
140732,-682,558,-8510,-65,8,100,45244,3249,93,391,6976,37760,224,26,144,0,0,0,0,0,0,0,0,-32307,0,0,0,0,0,140698,0
140733,-682,558,-8510,-65,8,100,45391,3259,86,391,7008,37757,221,26,144,0,0,0,0,0,0,0,0,-32308,0,0,0,0,0,140699,0
140734,-682,558,-8510,-65,8,100,45540,3259,88,390,7016,37757,221,26,144,0,0,0,0,0,0,0,0,-32308,0,0,0,0,0,140700,0
140735,-682,558,-8510,-65,8,100,45689,3266,92,397,6992,37757,221,26,144,0,0,0,0,0,0,0,0,-32307,0,0,0,0,0,140701,0
140736,-574,570,-8436,-64,12,89,45840,3278,94,397,7032,37757,221,26,144,0,0,0,0,0,0,0,0,-32308,0,0,0,0,0,140702,0
140737,-574,570,-8436,-64,12,89,45987,3283,84,390,7032,37757,221,26,144,0,0,0,0,0,0,0,0,-32308,0,0,0,0,0,140703,0
140738,-574,570,-8436,-64,12,89,46138,3284,93,394,7072,37757,221,26,144,0,0,0,0,0,0,0,0,-32307,0,0,0,0,0,140704,0
140739,-574,570,-8436,-64,12,89,46289,3295,96,396,7072,37757,221,26,144,0,0,0,0,0,0,0,0,-32307,0,0,0,0,0,140705,0
140740,-708,452,-8430,-64,8,82,46440,3303,97,407,7104,37757,221,26,144,0,0,0,0,0,0,0,0,-32307,0,0,0,0,0,140706,0
140741,-708,452,-8430,-64,8,82,46591,3319,102,409,7120,37757,221,26,144,0,0,0,0,0,0,0,0,-32307,0,0,0,0,0,140707,0
140742,-708,452,-8430,-64,8,82,46741,3318,102,403,7096,37757,221,26,144,0,0,0,0,0,0,0,0,-32307,0,0,0,0,0,140708,0
140743,-708,452,-8430,-64,8,82,46894,3326,103,402,7128,37755,227,26,144,0,0,0,0,0,0,0,0,-32308,0,0,0,0,0,140709,0
140744,-588,538,-8426,-53,42,56,47046,3337,113,398,7160,37755,227,26,144,0,0,0,0,0,0,0,0,-32307,0,0,0,0,0,140710,0
140745,-588,538,-8426,-53,42,56,47199,3347,115,411,7168,37755,227,26,144,0,0,0,0,0,0,0,0,-32308,0,0,0,0,0,140711,0
140746,-588,538,-8426,-53,42,56,47353,3361,115,416,7216,37755,227,26,144,0,0,0,0,0,0,0,0,-32308,0,0,0,0,0,140712,0
140747,-588,538,-8426,-53,42,56,47504,3358,117,408,7168,37755,227,26,144,0,0,0,0,0,0,0,0,-32308,0,0,0,0,0,140713,0
140748,-718,436,-8424,-47,37,56,47659,3365,123,407,7192,37755,227,26,144,0,0,0,0,0,0,0,0,-32308,0,0,0,0,0,140714,0
140749,-718,436,-8424,-47,37,56,47814,3376,128,405,7200,37755,227,26,144,0,0,0,0,0,0,0,0,-32308,0,0,0,0,0,140715,0
140750,-718,436,-8424,-47,37,56,47968,3385,126,409,7248,37755,227,26,144,0,0,0,0,0,0,0,0,-32308,0,0,0,0,0,140716,0
140751,-718,436,-8424,-47,37,56,48122,3396,134,422,7264,37755,227,26,144,0,0,0,0,0,0,0,0,-32308,0,0,0,0,0,140717,0
140752,-694,360,-8478,-35,25,111,48277,3400,131,423,7240,37755,227,26,144,0,0,0,0,0,0,0,0,-32308,0,0,0,0,0,140718,0
140753,-694,360,-8478,-35,25,111,48432,3402,130,417,7224,37754,238,26,144,0,0,0,0,0,0,0,0,-32307,0,0,0,0,0,140719,0
140754,-694,360,-8478,-35,25,111,48589,3415,139,415,7256,37754,238,26,144,0,0,0,0,0,0,0,0,-32307,0,0,0,0,0,140720,0
140755,-694,360,-8478,-35,25,111,48745,3427,136,414,7288,37754,238,26,144,0,0,0,0,0,0,0,0,-32308,0,0,0,0,0,140721,0
140756,-594,508,-8548,-41,48,107,48900,3426,136,419,7296,37754,238,26,144,0,0,0,0,0,0,0,0,-32307,0,0,0,0,0,140722,0
140757,-594,508,-8548,-41,48,107,49058,3437,135,420,7296,37754,238,26,144,0,0,0,0,0,0,0,0,-32308,0,0,0,0,0,140723,0
140758,-594,508,-8548,-41,48,107,49214,3439,136,417,7288,37754,238,26,144,0,0,0,0,0,0,0,0,-32308,0,0,0,0,0,140724,0
140759,-594,508,-8548,-41,48,107,49371,3447,134,407,7288,37754,238,26,144,0,0,0,0,0,0,0,0,-32308,0,0,0,0,0,140725,0
140760,-570,444,-8490,-40,54,65,49529,3457,134,409,7304,37754,238,26,144,0,0,0,0,0,0,0,0,-32308,0,0,0,0,0,140726,0
140761,-570,444,-8490,-40,54,65,49687,3460,134,410,7344,37754,238,26,144,0,0,0,0,0,0,0,0,-32308,0,0,0,0,0,140727,0
140762,-570,444,-8490,-40,54,65,49846,3473,133,412,7320,37754,238,26,144,0,0,0,0,0,0,0,0,-32307,0,0,0,0,0,140728,0
140763,-570,444,-8490,-40,54,65,50003,3477,130,414,7320,37752,250,26,144,0,0,0,0,0,0,0,0,-32307,0,0,0,0,0,140729,0
140764,-594,470,-8438,-55,57,33,50161,3479,129,410,7344,37752,250,26,144,0,0,0,0,0,0,0,0,-32307,0,0,0,0,0,140730,0
140765,-594,470,-8438,-55,57,33,50320,3477,124,405,7352,37752,250,26,144,0,0,0,0,0,0,0,0,-32308,0,0,0,0,0,140731,0
140766,-594,470,-8438,-55,57,33,50479,3481,124,405,7392,37752,250,26,144,0,0,0,0,0,0,0,0,-32307,0,0,0,0,0,140732,0
140767,-594,470,-8438,-55,57,33,50638,3490,122,403,7376,37752,250,26,144,0,0,0,0,0,0,0,0,-32307,0,0,0,0,0,140733,0
140768,-646,510,-8470,-62,54,70,50796,3492,116,402,7376,37752,250,26,144,0,0,0,0,0,0,0,0,-32307,0,0,0,0,0,140734,0
140769,-646,510,-8470,-62,54,70,50955,3494,110,401,7384,37752,250,26,144,0,0,0,0,0,0,0,0,-32307,0,0,0,0,0,140735,0
140770,-646,510,-8470,-62,54,70,51114,3491,105,398,7408,37752,250,26,144,0,0,0,0,0,0,0,0,-32308,0,0,0,0,0,140736,0
140771,-646,510,-8470,-62,54,70,51273,3493,101,394,7408,37752,250,26,144,0,0,0,0,0,0,0,0,-32308,0,0,0,0,0,140737,0
140772,-640,490,-8422,-55,64,60,51432,3495,97,396,7384,37752,250,26,144,0,0,0,0,0,0,0,0,-32308,0,0,0,0,0,140738,0
140773,-640,490,-8422,-55,64,60,51591,3497,93,397,7408,37751,237,26,144,0,0,0,0,0,0,0,0,-32307,0,0,0,0,0,140739,0
140774,-640,490,-8422,-55,64,60,51750,3499,88,396,7424,37751,237,26,144,0,0,0,0,0,0,0,0,-32307,0,0,0,0,0,140740,0
140775,-640,490,-8422,-55,64,60,51910,3501,78,398,7440,37751,237,26,144,0,0,0,0,0,0,0,0,-32307,0,0,0,0,0,140741,0
140776,-646,460,-8484,-48,48,62,52067,3496,68,391,7424,37751,237,26,144,0,0,0,0,0,0,0,0,-32307,0,0,0,0,0,140742,0
140777,-646,460,-8484,-48,48,62,52226,3492,68,394,7392,37751,237,26,144,0,0,0,0,0,0,0,0,-32307,0,0,0,0,0,140743,0
140778,-646,460,-8484,-48,48,62,52386,3495,63,397,7416,37751,237,26,144,0,0,0,0,0,0,0,0,-32308,0,0,0,0,0,140744,0
140779,-646,460,-8484,-48,48,62,52545,3496,55,394,7456,37751,237,26,144,0,0,0,0,0,0,0,0,-32308,0,0,0,0,0,140745,0
140780,-618,456,-8448,-43,55,51,52703,3498,46,385,7488,37751,237,26,144,0,0,0,0,0,0,0,0,-32308,0,0,0,0,0,140746,0
140781,-618,456,-8448,-43,55,51,52861,3490,36,384,7448,37751,237,26,144,0,0,0,0,0,0,0,0,-32308,0,0,0,0,0,140747,0
140782,-618,456,-8448,-43,55,51,53022,3492,38,386,7456,37751,237,26,144,0,0,0,0,0,0,0,0,-32307,0,0,0,0,0,140748,0
140783,-618,456,-8448,-43,55,51,53181,3499,34,381,7504,37750,233,26,144,0,0,0,0,0,0,0,0,-32307,0,0,0,0,0,140749,0
140784,-668,442,-8460,-30,33,96,53339,3503,25,383,7504,37750,233,26,144,0,0,0,0,0,0,0,0,-32308,0,0,0,0,0,140750,0
140785,-668,442,-8460,-30,33,96,53498,3501,22,378,7472,37750,233,26,144,0,0,0,0,0,0,0,0,-32308,0,0,0,0,0,140751,0
140786,-668,442,-8460,-30,33,96,53658,3496,18,385,7464,37750,233,26,144,0,0,0,0,0,0,0,0,-32307,0,0,0,0,0,140752,0
140787,-668,442,-8460,-30,33,96,53818,3505,17,391,7512,37750,233,26,144,0,0,0,0,0,0,0,0,-32308,0,0,0,0,0,140753,0
140788,-552,520,-8498,-3,7,69,53978,3514,18,392,7568,37750,233,26,144,0,0,0,0,0,0,0,0,-32307,0,0,0,0,0,140754,0
140789,-552,520,-8498,-3,7,69,54138,3518,15,393,7528,37750,233,26,144,0,0,0,0,0,0,0,0,-32308,0,0,0,0,0,140755,0
140790,-552,520,-8498,-3,7,69,54299,3525,24,395,7536,37750,233,26,144,0,0,0,0,0,0,0,0,-32307,0,0,0,0,0,140756,0
140791,-552,520,-8498,-3,7,69,54459,3524,22,401,7544,37750,233,26,144,0,0,0,0,0,0,0,0,-32307,0,0,0,0,0,140757,0
140792,-618,450,-8506,-15,8,47,54622,3540,27,398,7608,37750,233,26,144,0,0,0,0,0,0,0,0,-32307,0,0,0,0,0,140758,0
140793,-618,450,-8506,-15,8,47,54784,3552,33,395,7616,37752,229,26,144,0,0,0,0,0,0,0,0,-32307,0,0,0,0,0,140759,0
140794,-618,450,-8506,-15,8,47,54946,3561,40,400,7608,37752,229,26,144,0,0,0,0,0,0,0,0,-32308,0,0,0,0,0,140760,0
140795,-618,450,-8506,-15,8,47,55108,3567,48,407,7624,37752,229,26,144,0,0,0,0,0,0,0,0,-32307,0,0,0,0,0,140761,0
140796,-524,490,-8378,-44,44,14,55271,3568,48,412,7624,37752,229,26,144,0,0,0,0,0,0,0,0,-32308,0,0,0,0,0,140762,0
140797,-524,490,-8378,-44,44,14,55434,3576,57,406,7632,37752,229,26,144,0,0,0,0,0,0,0,0,-32308,0,0,0,0,0,140763,0
140798,-524,490,-8378,-44,44,14,55598,3584,69,410,7648,37752,229,26,144,0,0,0,0,0,0,0,0,-32307,0,0,0,0,0,140764,0
140799,-524,490,-8378,-44,44,14,55762,3596,75,413,7680,37752,229,26,144,0,0,0,0,0,0,0,0,-32308,0,0,0,0,0,140765,0
140800,-704,436,-8354,-11,20,24,55927,3605,83,416,7696,37752,229,26,144,0,0,0,0,0,0,0,0,-32308,0,0,0,0,0,140766,0
140801,-704,436,-8354,-11,20,24,56091,3616,90,414,7696,37752,229,26,144,0,0,0,0,0,0,0,0,-32307,0,0,0,0,0,140767,0
140802,-704,436,-8354,-11,20,24,56256,3620,98,413,7688,37752,229,26,144,0,0,0,0,0,0,0,0,-32308,0,0,0,0,0,140768,0
140803,-704,436,-8354,-11,20,24,56422,3630,107,416,7736,37757,236,26,144,0,0,0,0,0,0,0,0,-32308,0,0,0,0,0,140769,0
140804,-632,486,-8364,-17,6,44,56588,3635,110,412,7744,37757,236,26,144,0,0,0,0,0,0,0,0,-32308,0,0,0,0,0,140770,0
140805,-632,486,-8364,-17,6,44,56754,3643,119,414,7736,37757,236,26,144,0,0,0,0,0,0,0,0,-32307,0,0,0,0,0,140771,0
140806,-632,486,-8364,-17,6,44,56921,3656,124,420,7752,37757,236,26,144,0,0,0,0,0,0,0,0,-32308,0,0,0,0,0,140772,0
140807,-632,486,-8364,-17,6,44,57088,3662,128,421,7792,37757,236,26,144,0,0,0,0,0,0,0,0,-32307,0,0,0,0,0,140773,0
140808,-650,550,-8414,-1,-10,54,57256,3675,132,418,7792,37757,236,26,144,0,0,0,0,0,0,0,0,-32307,0,0,0,0,0,140774,0
140809,-650,550,-8414,-1,-10,54,57423,3681,133,412,7784,37757,236,26,144,0,0,0,0,0,0,0,0,-32308,0,0,0,0,0,140775,0
140810,-650,550,-8414,-1,-10,54,57593,3692,144,422,7784,37757,236,26,144,0,0,0,0,0,0,0,0,-32308,0,0,0,0,0,140776,0
140811,-650,550,-8414,-1,-10,54,57759,3694,141,424,7808,37757,236,26,144,0,0,0,0,0,0,0,0,-32308,0,0,0,0,0,140777,0
140812,-642,572,-8436,-26,-11,38,57929,3704,143,412,7816,37757,236,26,144,0,0,0,0,0,0,0,0,-32308,0,0,0,0,0,140778,0
140813,-642,572,-8436,-26,-11,38,58098,3711,141,417,7800,37756,240,26,144,0,0,0,0,0,0,0,0,-32308,0,0,0,0,0,140779,0
140814,-642,572,-8436,-26,-11,38,58268,3716,142,416,7864,37756,240,26,144,0,0,0,0,0,0,0,0,-32308,0,0,0,0,0,140780,0
140815,-642,572,-8436,-26,-11,38,58439,3735,147,416,7856,37756,240,26,144,0,0,0,0,0,0,0,0,-32308,0,0,0,0,0,140781,0
140816,-660,598,-8440,-21,-23,23,58608,3736,145,409,7872,37756,240,26,144,0,0,0,0,0,0,0,0,-32308,0,0,0,0,0,140782,0
140817,-660,598,-8440,-21,-23,23,58779,3741,142,403,7904,37756,240,26,144,0,0,0,0,0,0,0,0,-32307,0,0,0,0,0,140783,0
140818,-660,598,-8440,-21,-23,23,58950,3747,145,404,7896,37756,240,26,144,0,0,0,0,0,0,0,0,-32308,0,0,0,0,0,140784,0
140819,-660,598,-8440,-21,-23,23,59122,3756,143,398,7896,37756,240,26,144,0,0,0,0,0,0,0,0,-32308,0,0,0,0,0,140785,0
140820,-640,670,-8496,-74,-17,18,59292,3761,142,405,7928,37756,240,26,144,0,0,0,0,0,0,0,0,-32307,0,0,0,0,0,140786,0
140821,-640,670,-8496,-74,-17,18,59463,3760,139,395,7952,37756,240,26,144,0,0,0,0,0,0,0,0,-32307,0,0,0,0,0,140787,0
140822,-640,670,-8496,-74,-17,18,59634,3758,133,396,7928,37756,240,26,144,0,0,0,0,0,0,0,0,-32308,0,0,0,0,0,140788,0
140823,-640,670,-8496,-74,-17,18,59805,3758,131,389,7968,37754,239,26,144,0,0,0,0,0,0,0,0,-32308,0,0,0,0,0,140789,0
140824,-692,444,-8452,-32,-5,36,59976,3763,121,395,7968,37754,239,26,144,0,0,0,0,0,0,0,0,-32308,0,0,0,0,0,140790,0
140825,-692,444,-8452,-32,-5,36,60148,3770,122,392,7984,37754,239,26,144,0,0,0,0,0,0,0,0,-32307,0,0,0,0,0,140791,0
140826,-692,444,-8452,-32,-5,36,60318,3767,111,380,8000,37754,239,26,144,0,0,0,0,0,0,0,0,-32308,0,0,0,0,0,140792,0
140827,-692,444,-8452,-32,-5,36,60489,3763,105,380,8008,37754,239,26,144,0,0,0,0,0,0,0,0,-32308,0,0,0,0,0,140793,0
140828,-600,666,-8464,-50,-3,76,60661,3766,101,372,7992,37754,239,26,144,0,0,0,0,0,0,0,0,-32308,0,0,0,0,0,140794,0
140829,-600,666,-8464,-50,-3,76,60835,3774,95,384,8032,37754,239,26,144,0,0,0,0,0,0,0,0,-32308,0,0,0,0,0,140795,0
140830,-600,666,-8464,-50,-3,76,61005,3783,88,380,8080,37754,239,26,144,0,0,0,0,0,0,0,0,-32307,0,0,0,0,0,140796,0
140831,-600,666,-8464,-50,-3,76,61177,3784,81,386,8064,37754,239,26,144,0,0,0,0,0,0,0,0,-32307,0,0,0,0,0,140797,0
140832,-596,518,-8504,-50,-35,96,61350,3784,78,383,8072,37754,239,26,144,0,0,0,0,0,0,0,0,-32308,0,0,0,0,0,140798,0
140833,-596,518,-8504,-50,-35,96,61525,3794,76,390,8096,37746,244,26,144,0,0,0,0,0,0,0,0,-32307,0,0,0,0,0,140799,0
140834,-596,518,-8504,-50,-35,96,61696,3804,72,392,8120,37746,244,26,144,0,0,0,0,0,0,0,0,-32307,0,0,0,0,0,140800,0
140835,-596,518,-8504,-50,-35,96,61871,3814,72,389,8152,37746,244,26,144,0,0,0,0,0,0,0,0,-32308,0,0,0,0,0,140801,0
140836,-616,542,-8488,-45,-27,93,62044,3815,66,394,8168,37746,244,26,144,0,0,0,0,0,0,0,0,-32307,0,0,0,0,0,140802,0
140837,-616,542,-8488,-45,-27,93,62218,3817,67,393,8144,37746,244,26,144,0,0,0,0,0,0,0,0,-32308,0,0,0,0,0,140803,0
140838,-616,542,-8488,-45,-27,93,62393,3826,73,403,8168,37746,244,26,144,0,0,0,0,0,0,0,0,-32308,0,0,0,0,0,140804,0
140839,-616,542,-8488,-45,-27,93,62568,3833,66,395,8216,37746,244,26,144,0,0,0,0,0,0,0,0,-32307,0,0,0,0,0,140805,0
140840,-718,534,-8502,-42,-53,77,62743,3846,70,399,8200,37746,244,26,144,0,0,0,0,0,0,0,0,-32307,0,0,0,0,0,140806,0
140841,-718,534,-8502,-42,-53,77,62918,3849,75,396,8240,37746,244,26,144,0,0,0,0,0,0,0,0,-32307,0,0,0,0,0,140807,0
140842,-718,534,-8502,-42,-53,77,63094,3856,77,402,8240,37746,244,26,144,0,0,0,0,0,0,0,0,-32308,0,0,0,0,0,140808,0
140843,-718,534,-8502,-42,-53,77,63272,3866,84,405,8240,37745,254,26,144,0,0,0,0,0,0,0,0,-32308,0,0,0,0,0,140809,0
140844,-634,482,-8502,-60,-18,54,63446,3872,85,398,8280,37745,254,26,144,0,0,0,0,0,0,0,0,-32307,0,0,0,0,0,140810,0
140845,-634,482,-8502,-60,-18,54,63625,3884,96,396,8280,37745,254,26,144,0,0,0,0,0,0,0,0,-32307,0,0,0,0,0,140811,0
140846,-634,482,-8502,-60,-18,54,63803,3895,102,397,8304,37745,254,26,144,0,0,0,0,0,0,0,0,-32307,0,0,0,0,0,140812,0
140847,-634,482,-8502,-60,-18,54,63981,3904,108,411,8320,37745,254,26,144,0,0,0,0,0,0,0,0,-32307,0,0,0,0,0,140813,0
140848,-586,398,-8592,-60,1,57,64159,3918,116,404,8360,37745,254,26,144,0,0,0,0,0,0,0,0,-32307,0,0,0,0,0,140814,0
140849,-586,398,-8592,-60,1,57,64337,3916,116,411,8336,37745,254,26,144,0,0,0,0,0,0,0,0,-32307,0,0,0,0,0,140815,0
140850,-586,398,-8592,-60,1,57,64515,3916,116,405,8336,37745,254,26,144,0,0,0,0,0,0,0,0,-32308,0,0,0,0,0,140816,0
140851,-586,398,-8592,-60,1,57,64695,3927,128,411,8336,37745,254,26,144,0,0,0,0,0,0,0,0,-32308,0,0,0,0,0,140817,0
140852,-632,424,-8670,-61,19,100,64875,3940,129,414,8400,37745,254,26,144,0,0,0,0,0,0,0,0,-32307,0,0,0,0,0,140818,0
140853,-632,424,-8670,-61,19,100,65055,3952,132,408,8360,37746,263,26,144,0,0,0,0,0,0,0,0,-32307,0,0,0,0,0,140819,0
140854,-632,424,-8670,-61,19,100,65235,3960,129,417,8360,37746,263,26,144,0,0,0,0,0,0,0,0,-32307,0,0,0,0,0,140820,0
140855,-632,424,-8670,-61,19,100,65416,3965,134,413,8384,37746,263,26,144,0,0,0,0,0,0,0,0,-32308,0,0,0,0,0,140821,0
140856,-594,458,-8472,-55,28,79,65598,3974,138,418,8368,37746,263,26,144,0,0,0,0,0,0,0,0,-32307,0,0,0,0,0,140822,0
140857,-594,458,-8472,-55,28,79,65780,3988,143,414,8400,37746,263,26,144,0,0,0,0,0,0,0,0,-32307,0,0,0,0,0,140823,0
140858,-594,458,-8472,-55,28,79,65961,3992,143,419,8408,37746,263,26,144,0,0,0,0,0,0,0,0,-32307,0,0,0,0,0,140824,0
140859,-594,458,-8472,-55,28,79,66143,3993,138,417,8400,37746,263,26,144,0,0,0,0,0,0,0,0,-32308,0,0,0,0,0,140825,0
140860,-514,424,-8448,-33,36,53,66325,3996,137,424,8416,37746,263,26,144,0,0,0,0,0,0,0,0,-32307,0,0,0,0,0,140826,0
140861,-514,424,-8448,-33,36,53,66508,4003,142,406,8440,37746,263,26,144,0,0,0,0,0,0,0,0,-32307,0,0,0,0,0,140827,0
140862,-514,424,-8448,-33,36,53,66690,4011,136,411,8472,37746,263,26,144,0,0,0,0,0,0,0,0,-32307,0,0,0,0,0,140828,0
140863,-514,424,-8448,-33,36,53,66872,4013,136,404,8488,37745,264,26,144,0,0,0,0,0,0,0,0,-32308,0,0,0,0,0,140830,0
140864,-678,436,-8570,-54,49,64,67056,4018,133,403,8432,37745,264,26,144,0,0,0,0,0,0,0,0,-32307,0,0,0,0,0,140830,0
140865,-678,436,-8570,-54,49,64,67238,4018,130,407,8504,37745,264,26,144,0,0,0,0,0,0,0,0,-32307,0,0,0,0,0,140831,0
140866,-678,436,-8570,-54,49,64,67421,4020,124,400,8456,37745,264,26,144,0,0,0,0,0,0,0,0,-32307,0,0,0,0,0,140832,0
140867,-678,436,-8570,-54,49,64,67603,4017,118,403,8472,37745,264,26,144,0,0,0,0,0,0,0,0,-32308,0,0,0,0,0,140833,0
140868,-502,370,-8432,-49,87,49,67786,4014,112,401,8456,37745,264,26,144,0,0,0,0,0,0,0,0,-32307,0,0,0,0,0,140834,0
140869,-502,370,-8432,-49,87,49,67967,4012,101,403,8456,37745,264,26,144,0,0,0,0,0,0,0,0,-32307,0,0,0,0,0,140835,0
140870,-502,370,-8432,-49,87,49,68151,4014,96,399,8488,37745,264,26,144,0,0,0,0,0,0,0,0,-32307,0,0,0,0,0,140836,0
140871,-502,370,-8432,-49,87,49,68334,4017,92,397,8472,37745,264,26,144,0,0,0,0,0,0,0,0,-32308,0,0,0,0,0,140837,0
140872,-626,468,-8492,-39,79,70,68515,4013,76,390,8472,37745,264,26,144,0,0,0,0,0,0,0,0,-32308,0,0,0,0,0,140838,0
140873,-626,468,-8492,-39,79,70,68698,4013,73,399,8488,37742,256,26,144,0,0,0,0,0,0,0,0,-32307,0,0,0,0,0,140840,0
140874,-626,468,-8492,-39,79,70,68881,4011,68,382,8480,37742,256,26,144,0,0,0,0,0,0,0,0,-32307,0,0,0,0,0,140840,0
140875,-626,468,-8492,-39,79,70,69063,4011,58,391,8528,37742,256,26,144,0,0,0,0,0,0,0,0,-32308,0,0,0,0,0,140841,0
140876,-650,412,-8392,3,52,77,69244,4012,50,379,8496,37742,256,26,144,0,0,0,0,0,0,0,0,-32308,0,0,0,0,0,140842,0
140877,-650,412,-8392,3,52,77,69426,4006,38,394,8504,37742,256,26,144,0,0,0,0,0,0,0,0,-32307,0,0,0,0,0,140843,0
140878,-650,412,-8392,3,52,77,69608,4000,24,383,8528,37742,256,26,144,0,0,0,0,0,0,0,0,-32307,0,0,0,0,0,140844,0
140879,-650,412,-8392,3,52,77,69791,4005,24,382,8520,37742,256,26,144,0,0,0,0,0,0,0,0,-32308,0,0,0,0,0,140845,0
140880,-638,536,-8502,-19,58,103,69973,4007,16,380,8544,37742,256,26,144,0,0,0,0,0,0,0,0,-32307,0,0,0,0,0,140846,0
140881,-638,536,-8502,-19,58,103,70155,4010,10,382,8520,37742,256,26,144,0,0,0,0,0,0,0,0,-32307,0,0,0,0,0,140847,0
140882,-638,536,-8502,-19,58,103,70338,4013,5,384,8592,37742,256,26,144,0,0,0,0,0,0,0,0,-32307,0,0,0,0,0,140848,0
140883,-638,536,-8502,-19,58,103,70522,4019,10,381,8560,37740,252,26,144,0,0,0,0,0,0,0,0,-32307,0,0,0,0,0,140850,0
140884,-604,520,-8406,-21,46,86,70705,4029,8,385,8600,37740,252,26,144,0,0,0,0,0,0,0,0,-32307,0,0,0,0,0,140850,0
140885,-604,520,-8406,-21,46,86,70888,4032,6,387,8592,37740,252,26,144,0,0,0,0,0,0,0,0,-32307,0,0,0,0,0,140851,0
140886,-604,520,-8406,-21,46,86,71073,4040,12,394,8616,37740,252,26,144,0,0,0,0,0,0,0,0,-32307,0,0,0,0,0,140852,0
140887,-604,520,-8406,-21,46,86,71256,4039,10,393,8632,37740,252,26,144,0,0,0,0,0,0,0,0,-32307,0,0,0,0,0,140854,0
140888,-602,604,-8574,-30,51,36,71444,4057,22,396,8632,37740,252,26,144,0,0,0,0,0,0,0,0,-32308,0,0,0,0,0,140854,0
140889,-602,604,-8574,-30,51,36,71628,4070,26,402,8664,37740,252,26,144,0,0,0,0,0,0,0,0,-32308,0,0,0,0,0,140855,0
140890,-602,604,-8574,-30,51,36,71813,4073,34,414,8656,37740,252,26,144,0,0,0,0,0,0,0,0,-32308,0,0,0,0,0,140856,0
140891,-602,604,-8574,-30,51,36,72001,4091,44,406,8696,37740,252,26,144,0,0,0,0,0,0,0,0,-32307,0,0,0,0,0,140857,0
140892,-672,502,-8328,-56,55,-10,72185,4082,51,415,8680,37740,252,26,144,0,0,0,0,0,0,0,0,-32307,0,0,0,0,0,140858,0
140893,-672,502,-8328,-56,55,-10,72374,4099,62,408,8696,37741,261,26,144,0,0,0,0,0,0,0,0,-32308,0,0,0,0,0,140860,0
140894,-672,502,-8328,-56,55,-10,72561,4111,73,427,8704,37741,261,26,144,0,0,0,0,0,0,0,0,-32307,0,0,0,0,0,140861,0
140895,-672,502,-8328,-56,55,-10,72750,4121,81,416,8712,37741,261,26,144,0,0,0,0,0,0,0,0,-32308,0,0,0,0,0,140862,0
140896,-744,464,-8494,-50,29,26,72936,4131,88,423,8736,37741,261,26,144,0,0,0,0,0,0,0,0,-32307,0,0,0,0,0,140863,0
140897,-744,464,-8494,-50,29,26,73126,4133,96,419,8712,37741,261,26,144,0,0,0,0,0,0,0,0,-32308,0,0,0,0,0,140864,0
140898,-744,464,-8494,-50,29,26,73314,4141,105,422,8728,37741,261,26,144,0,0,0,0,0,0,0,0,-32308,0,0,0,0,0,140865,0
140899,-744,464,-8494,-50,29,26,73505,4151,123,415,8760,37741,261,26,144,0,0,0,0,0,0,0,0,-32308,0,0,0,0,0,140866,0
140900,-768,488,-8524,-83,20,75,73694,4169,121,411,8784,37741,261,26,144,0,0,0,0,0,0,0,0,-32308,0,0,0,0,0,140867,0
140901,-768,488,-8524,-83,20,75,73883,4168,131,413,8808,37741,261,26,144,0,0,0,0,0,0,0,0,-32308,0,0,0,0,0,140868,0
140902,-768,488,-8524,-83,20,75,74074,4178,132,411,8784,37741,261,26,144,0,0,0,0,0,0,0,0,-32308,0,0,0,0,0,140869,0
140903,-768,488,-8524,-83,20,75,74267,4188,147,413,8840,37744,267,26,144,0,0,0,0,0,0,0,0,-32308,0,0,0,0,0,140870,0
140904,-646,516,-8422,-53,0,64,74456,4196,142,408,8808,37744,267,26,144,0,0,0,0,0,0,0,0,-32307,0,0,0,0,0,140871,0
140905,-646,516,-8422,-53,0,64,74648,4206,143,409,8880,37744,267,26,144,0,0,0,0,0,0,0,0,-32308,0,0,0,0,0,140872,0
140906,-646,516,-8422,-53,0,64,74842,4215,155,408,8848,37744,267,26,144,0,0,0,0,0,0,0,0,-32307,0,0,0,0,0,140873,0
140907,-646,516,-8422,-53,0,64,75032,4216,148,410,8888,37744,267,26,144,0,0,0,0,0,0,0,0,-32308,0,0,0,0,0,140874,0
140908,-726,562,-8636,-54,-37,33,75227,4235,157,406,8880,37744,267,26,144,0,0,0,0,0,0,0,0,-32307,0,0,0,0,0,140875,0
140909,-726,562,-8636,-54,-37,33,75417,4230,142,412,8920,37744,267,26,144,0,0,0,0,0,0,0,0,-32308,0,0,0,0,0,140876,0
140910,-726,562,-8636,-54,-37,33,75610,4228,146,408,8864,37744,267,26,144,0,0,0,0,0,0,0,0,-32308,0,0,0,0,0,140877,0
140911,-726,562,-8636,-54,-37,33,75803,4235,146,412,8936,37744,267,26,144,0,0,0,0,0,0,0,0,-32307,0,0,0,0,0,140878,0
140912,-620,472,-8412,-42,4,11,75996,4235,141,399,8912,37744,267,26,144,0,0,0,0,0,0,0,0,-32307,0,0,0,0,0,140879,0
140913,-620,472,-8412,-42,4,11,76187,4236,128,396,8920,37744,273,26,144,0,0,0,0,0,0,0,0,-32308,0,0,0,0,0,140880,0
140914,-620,472,-8412,-42,4,11,76379,4228,124,392,8904,37744,273,26,144,0,0,0,0,0,0,0,0,-32307,0,0,0,0,0,140881,0
140915,-620,472,-8412,-42,4,11,76574,4234,120,392,8976,37744,273,26,144,0,0,0,0,0,0,0,0,-32307,0,0,0,0,0,140882,0
140916,-582,420,-8262,-32,8,67,76764,4230,114,382,8968,37744,273,26,144,0,0,0,0,0,0,0,0,-32307,0,0,0,0,0,140883,0
140917,-582,420,-8262,-32,8,67,76957,4234,102,385,8992,37744,273,26,144,0,0,0,0,0,0,0,0,-32308,0,0,0,0,0,140884,0
140918,-582,420,-8262,-32,8,67,77149,4228,94,377,8952,37744,273,26,144,0,0,0,0,0,0,0,0,-32307,0,0,0,0,0,140885,0
140919,-582,420,-8262,-32,8,67,77343,4230,93,382,9000,37744,273,26,144,0,0,0,0,0,0,0,0,-32308,0,0,0,0,0,140886,0
140920,-678,596,-8354,-49,0,94,77537,4247,78,376,9024,37744,273,26,144,0,0,0,0,0,0,0,0,-32307,0,0,0,0,0,140887,0
140921,-678,596,-8354,-49,0,94,77729,4247,79,381,9064,37744,273,26,144,0,0,0,0,0,0,0,0,-32308,0,0,0,0,0,140888,0
140922,-678,596,-8354,-49,0,94,77923,4253,65,376,9056,37744,273,26,144,0,0,0,0,0,0,0,0,-32307,0,0,0,0,0,140889,0
140923,-678,596,-8354,-49,0,94,78115,4247,66,390,9072,37742,265,26,144,0,0,0,0,0,0,0,0,-32307,0,0,0,0,0,140890,0
140924,-574,650,-8500,-28,6,100,78310,4254,55,379,9064,37742,265,26,144,0,0,0,0,0,0,0,0,-32307,0,0,0,0,0,140891,0
140925,-574,650,-8500,-28,6,100,78507,4274,63,393,9112,37742,265,26,144,0,0,0,0,0,0,0,0,-32308,0,0,0,0,0,140892,0
140926,-574,650,-8500,-28,6,100,78701,4283,54,388,9112,37742,265,26,144,0,0,0,0,0,0,0,0,-32308,0,0,0,0,0,140893,0
140927,-574,650,-8500,-28,6,100,78896,4295,56,404,9176,37742,265,26,144,0,0,0,0,0,0,0,0,-32308,0,0,0,0,0,140894,0
140928,-548,730,-8584,-60,-6,56,79093,4303,63,401,9152,37742,265,26,144,0,0,0,0,0,0,0,0,-32307,0,0,0,0,0,140895,0
140929,-548,730,-8584,-60,-6,56,79288,4304,51,411,9184,37742,265,26,144,0,0,0,0,0,0,0,0,-32308,0,0,0,0,0,140896,0
140930,-548,730,-8584,-60,-6,56,79484,4309,64,401,9168,37742,265,26,144,0,0,0,0,0,0,0,0,-32307,0,0,0,0,0,140897,0
140931,-548,730,-8584,-60,-6,56,79681,4312,71,415,9216,37742,265,26,144,0,0,0,0,0,0,0,0,-32307,0,0,0,0,0,140898,0
140932,-640,464,-8606,-27,25,52,79878,4316,69,405,9168,37742,265,26,144,0,0,0,0,0,0,0,0,-32307,0,0,0,0,0,140899,0
140933,-640,464,-8606,-27,25,52,80077,4334,76,413,9232,37739,262,26,144,0,0,0,0,0,0,0,0,-32307,0,0,0,0,0,140900,0
140934,-640,464,-8606,-27,25,52,80274,4346,85,402,9224,37739,262,26,144,0,0,0,0,0,0,0,0,-32307,0,0,0,0,0,140901,0
140935,-640,464,-8606,-27,25,52,80475,4366,95,414,9296,37739,262,26,144,0,0,0,0,0,0,0,0,-32307,0,0,0,0,0,140902,0
140936,-622,418,-8610,-52,34,61,80673,4374,104,410,9232,37739,262,26,144,0,0,0,0,0,0,0,0,-32307,0,0,0,0,0,140903,0
140937,-622,418,-8610,-52,34,61,80871,4373,111,417,9280,37739,262,26,144,0,0,0,0,0,0,0,0,-32308,0,0,0,0,0,140904,0
140938,-622,418,-8610,-52,34,61,81073,4383,122,412,9240,37739,262,26,144,0,0,0,0,0,0,0,0,-32308,0,0,0,0,0,140905,0
140939,-622,418,-8610,-52,34,61,81272,4383,123,419,9320,37739,262,26,144,0,0,0,0,0,0,0,0,-32307,0,0,0,0,0,140906,0
140940,-736,650,-8650,-87,21,99,81473,4403,131,409,9288,37739,262,26,144,0,0,0,0,0,0,0,0,-32307,0,0,0,0,0,140907,0
140941,-736,650,-8650,-87,21,99,81674,4413,135,421,9320,37739,262,26,144,0,0,0,0,0,0,0,0,-32308,0,0,0,0,0,140908,0
140942,-736,650,-8650,-87,21,99,81876,4418,136,415,9288,37739,262,26,144,0,0,0,0,0,0,0,0,-32307,0,0,0,0,0,140909,0
140943,-736,650,-8650,-87,21,99,82077,4427,147,416,9344,37733,260,26,144,0,0,0,0,0,0,0,0,-32307,0,0,0,0,0,140910,0
140944,-620,526,-8388,-64,61,75,82279,4433,149,409,9344,37733,260,26,144,0,0,0,0,0,0,0,0,-32307,0,0,0,0,0,140911,0
140945,-620,526,-8388,-64,61,75,82482,4443,150,406,9368,37733,260,26,144,0,0,0,0,0,0,0,0,-32307,0,0,0,0,0,140912,0
140946,-620,526,-8388,-64,61,75,82684,4447,148,408,9352,37733,260,26,144,0,0,0,0,0,0,0,0,-32307,0,0,0,0,0,140913,0
140947,-620,526,-8388,-64,61,75,82885,4444,145,404,9360,37733,260,26,144,0,0,0,0,0,0,0,0,-32307,0,0,0,0,0,140914,0
140948,-602,422,-8422,-31,14,50,83088,4444,149,406,9360,37733,260,26,144,0,0,0,0,0,0,0,0,-32307,0,0,0,0,0,140915,0
140949,-602,422,-8422,-31,14,50,83291,4451,137,398,9376,37733,260,26,144,0,0,0,0,0,0,0,0,-32308,0,0,0,0,0,140916,0
140950,-602,422,-8422,-31,14,50,83494,4458,139,403,9376,37733,260,26,144,0,0,0,0,0,0,0,0,-32307,0,0,0,0,0,140917,0
140951,-602,422,-8422,-31,14,50,83698,4471,137,399,9392,37733,260,26,144,0,0,0,0,0,0,0,0,-32307,0,0,0,0,0,140918,0
140952,-514,504,-8406,-43,65,56,83900,4466,126,409,9376,37733,260,26,144,0,0,0,0,0,0,0,0,-32307,0,0,0,0,0,140919,0
140953,-514,504,-8406,-43,65,56,84103,4463,129,403,9368,37734,270,26,144,0,0,0,0,0,0,0,0,-32308,0,0,0,0,0,140920,0
140954,-514,504,-8406,-43,65,56,84306,4462,120,402,9368,37734,270,26,144,0,0,0,0,0,0,0,0,-32307,0,0,0,0,0,140921,0
140955,-514,504,-8406,-43,65,56,84507,4450,109,401,9352,37734,270,26,144,0,0,0,0,0,0,0,0,-32307,0,0,0,0,0,140922,0
140956,-588,514,-8524,-38,75,65,84709,4448,98,395,9368,37734,270,26,144,0,0,0,0,0,0,0,0,-32307,0,0,0,0,0,140923,0
140957,-588,514,-8524,-38,75,65,84911,4443,88,398,9352,37734,270,26,144,0,0,0,0,0,0,0,0,-32307,0,0,0,0,0,140924,0
140958,-588,514,-8524,-38,75,65,85113,4443,77,387,9376,37734,270,26,144,0,0,0,0,0,0,0,0,-32307,0,0,0,0,0,140925,0
140959,-588,514,-8524,-38,75,65,85314,4442,61,383,9384,37734,270,26,144,0,0,0,0,0,0,0,0,-32307,0,0,0,0,0,140926,0
140960,-576,452,-8314,-35,84,88,85515,4431,50,375,9360,37734,270,26,144,0,0,0,0,0,0,0,0,-32307,0,0,0,0,0,140927,0
140961,-576,452,-8314,-35,84,88,85717,4429,45,380,9368,37734,270,26,144,0,0,0,0,0,0,0,0,-32308,0,0,0,0,0,140928,0
140962,-576,452,-8314,-35,84,88,85919,4433,34,378,9416,37734,270,26,144,0,0,0,0,0,0,0,0,-32307,0,0,0,0,0,140929,0
140963,-576,452,-8314,-35,84,88,86118,4428,23,375,9400,37734,275,26,144,0,0,0,0,0,0,0,0,-32307,0,0,0,0,0,140930,0
140964,-564,372,-8546,-21,115,116,86321,4427,15,378,9432,37734,275,26,144,0,0,0,0,0,0,0,0,-32307,0,0,0,0,0,140931,0
140965,-564,372,-8546,-21,115,116,86522,4425,0,374,9400,37734,275,26,144,0,0,0,0,0,0,0,0,-32307,0,0,0,0,0,140932,0
140966,-564,372,-8546,-21,115,116,86725,4431,2,383,9480,37734,275,26,144,0,0,0,0,0,0,0,0,-32307,0,0,0,0,0,140933,0
140967,-564,372,-8546,-21,115,116,86926,4442,-7,378,9440,37734,275,26,144,0,0,0,0,0,0,0,0,-32307,0,0,0,0,0,140934,0
140968,-440,504,-8488,-2,118,98,87130,4449,-6,389,9464,37734,275,26,144,0,0,0,0,0,0,0,0,-32307,0,0,0,0,0,140935,0
140969,-440,504,-8488,-2,118,98,87332,4454,-7,387,9456,37734,275,26,144,0,0,0,0,0,0,0,0,-32308,0,0,0,0,0,140936,0
140970,-440,504,-8488,-2,118,98,87535,4458,-3,398,9472,37734,275,26,144,0,0,0,0,0,0,0,0,-32307,0,0,0,0,0,140937,0
140971,-440,504,-8488,-2,118,98,87741,4475,1,401,9496,37734,275,26,144,0,0,0,0,0,0,0,0,-32307,0,0,0,0,0,140938,0
140972,-594,622,-8562,-30,119,32,87944,4479,2,407,9480,37734,275,26,144,0,0,0,0,0,0,0,0,-32307,0,0,0,0,0,140939,0
140973,-594,622,-8562,-30,119,32,88148,4487,9,411,9512,37733,267,26,144,0,0,0,0,0,0,0,0,-32307,0,0,0,0,0,140940,0
140974,-594,622,-8562,-30,119,32,88354,4497,21,412,9520,37733,267,26,144,0,0,0,0,0,0,0,0,-32308,0,0,0,0,0,140941,0
140975,-594,622,-8562,-30,119,32,88559,4501,22,416,9520,37733,267,26,144,0,0,0,0,0,0,0,0,-32307,0,0,0,0,0,140942,0
140976,-674,496,-8488,-88,138,23,88764,4513,32,415,9528,37733,267,26,144,0,0,0,0,0,0,0,0,-32307,0,0,0,0,0,140943,0
140977,-674,496,-8488,-88,138,23,88970,4519,49,421,9528,37733,267,26,144,0,0,0,0,0,0,0,0,-32307,0,0,0,0,0,140944,0
140978,-674,496,-8488,-88,138,23,89178,4530,58,418,9568,37733,267,26,144,0,0,0,0,0,0,0,0,-32307,0,0,0,0,0,140945,0
140979,-674,496,-8488,-88,138,23,89384,4543,72,420,9552,37733,267,26,144,0,0,0,0,0,0,0,0,-32307,0,0,0,0,0,140946,0
140980,-672,354,-8366,-83,99,58,89592,4556,82,423,9592,37733,267,26,144,0,0,0,0,0,0,0,0,-32308,0,0,0,0,0,140947,0
140981,-672,354,-8366,-83,99,58,89799,4559,94,425,9584,37733,267,26,144,0,0,0,0,0,0,0,0,-32308,0,0,0,0,0,140948,0
140982,-672,354,-8366,-83,99,58,90008,4562,104,425,9616,37733,267,26,144,0,0,0,0,0,0,0,0,-32307,0,0,0,0,0,140949,0
140983,-672,354,-8366,-83,99,58,90215,4568,110,415,9600,37730,268,26,144,0,0,0,0,0,0,0,0,-32308,0,0,0,0,0,140950,0
140984,-570,360,-8274,-54,112,81,90426,4583,127,417,9600,37730,268,26,144,0,0,0,0,0,0,0,0,-32308,0,0,0,0,0,140951,0
140985,-570,360,-8274,-54,112,81,90633,4592,121,414,9688,37730,268,26,144,0,0,0,0,0,0,0,0,-32308,0,0,0,0,0,140952,0
140986,-570,360,-8274,-54,112,81,90843,4596,134,413,9624,37730,268,26,144,0,0,0,0,0,0,0,0,-32308,0,0,0,0,0,140953,0
140987,-570,360,-8274,-54,112,81,91054,4608,139,408,9696,37730,268,26,144,0,0,0,0,0,0,0,0,-32308,0,0,0,0,0,140954,0
140988,-596,636,-8466,-80,94,52,91264,4612,141,407,9680,37730,268,26,144,0,0,0,0,0,0,0,0,-32308,0,0,0,0,0,140955,0
140989,-596,636,-8466,-80,94,52,91475,4627,145,408,9720,37730,268,26,144,0,0,0,0,0,0,0,0,-32308,0,0,0,0,0,140956,0
140990,-596,636,-8466,-80,94,52,91685,4632,150,408,9728,37730,268,26,144,0,0,0,0,0,0,0,0,-32307,0,0,0,0,0,140957,0
140991,-596,636,-8466,-80,94,52,91895,4629,141,409,9696,37730,268,26,144,0,0,0,0,0,0,0,0,-32308,0,0,0,0,0,140958,0
140992,-736,450,-8502,-28,6,15,92105,4627,138,402,9720,37730,268,26,144,0,0,0,0,0,0,0,0,-32308,0,0,0,0,0,140959,0
140993,-736,450,-8502,-28,6,15,92317,4629,139,402,9720,37730,273,26,144,0,0,0,0,0,0,0,0,-32307,0,0,0,0,0,140960,0
140994,-736,450,-8502,-28,6,15,92527,4628,134,402,9704,37730,273,26,144,0,0,0,0,0,0,0,0,-32308,0,0,0,0,0,140961,0
140995,-736,450,-8502,-28,6,15,92738,4633,127,402,9736,37730,273,26,144,0,0,0,0,0,0,0,0,-32308,0,0,0,0,0,140962,0
140996,-610,312,-8230,16,40,19,92946,4626,116,395,9728,37730,273,26,144,0,0,0,0,0,0,0,0,-32307,0,0,0,0,0,140963,0
140997,-610,312,-8230,16,40,19,93157,4620,112,391,9720,37730,273,26,144,0,0,0,0,0,0,0,0,-32307,0,0,0,0,0,140964,0
140998,-610,312,-8230,16,40,19,93367,4618,99,385,9776,37730,273,26,144,0,0,0,0,0,0,0,0,-32308,0,0,0,0,0,140965,0
140999,-610,312,-8230,16,40,19,93578,4620,101,381,9744,37730,273,26,144,0,0,0,0,0,0,0,0,-32308,0,0,0,0,0,140966,0
141000,-768,484,-8382,-69,-24,88,93787,4625,86,377,9800,37730,273,26,144,0,0,0,0,0,0,0,0,-32307,0,0,0,0,0,140967,0
141001,-768,484,-8382,-69,-24,88,93998,4626,74,379,9784,37730,273,26,144,0,0,0,0,0,0,0,0,-32307,0,0,0,0,0,140968,0
141002,-768,484,-8382,-69,-24,88,94207,4624,65,374,9800,37730,273,26,144,0,0,0,0,0,0,0,0,-32308,0,0,0,0,0,140969,0
141003,-768,484,-8382,-69,-24,88,94419,4628,60,375,9832,37731,280,26,144,0,0,0,0,0,0,0,0,-32307,0,0,0,0,0,140970,0
141004,-670,544,-8576,21,-67,102,94630,4632,53,376,9840,37731,280,26,144,0,0,0,0,0,0,0,0,-32307,0,0,0,0,0,140971,0
141005,-670,544,-8576,21,-67,102,94842,4640,48,375,9848,37731,280,26,144,0,0,0,0,0,0,0,0,-32307,0,0,0,0,0,140972,0
141006,-670,544,-8576,21,-67,102,95054,4652,50,382,9912,37731,280,26,144,0,0,0,0,0,0,0,0,-32307,0,0,0,0,0,140973,0
141007,-670,544,-8576,21,-67,102,95266,4658,42,386,9904,37731,280,26,144,0,0,0,0,0,0,0,0,-32308,0,0,0,0,0,140974,0
141008,-446,530,-8334,-9,-9,72,95480,4674,44,389,9920,37731,280,26,144,0,0,0,0,0,0,0,0,-32307,0,0,0,0,0,140975,0
141009,-446,530,-8334,-9,-9,72,95692,4680,41,396,9976,37731,280,26,144,0,0,0,0,0,0,0,0,-32307,0,0,0,0,0,140976,0
141010,-446,530,-8334,-9,-9,72,95905,4684,46,399,9920,37731,280,26,144,0,0,0,0,0,0,0,0,-32307,0,0,0,0,0,140977,0
141011,-446,530,-8334,-9,-9,72,96120,4694,48,401,9976,37731,280,26,144,0,0,0,0,0,0,0,0,-32307,0,0,0,0,0,140978,0
141012,-668,510,-8416,-29,-62,0,96334,4700,57,411,9984,37731,280,26,144,0,0,0,0,0,0,0,0,-32307,0,0,0,0,0,140979,0
141013,-668,510,-8416,-29,-62,0,96549,4711,57,405,9976,37735,282,26,144,0,0,0,0,0,0,0,0,-32308,0,0,0,0,0,140980,0
141014,-668,510,-8416,-29,-62,0,96764,4722,65,417,9992,37735,282,26,144,0,0,0,0,0,0,0,0,-32307,0,0,0,0,0,140981,0
141015,-668,510,-8416,-29,-62,0,96980,4730,74,417,10016,37735,282,26,144,0,0,0,0,0,0,0,0,-32307,0,0,0,0,0,140982,0
141016,-716,504,-8466,-16,-68,43,97195,4739,84,411,10016,37735,282,26,144,0,0,0,0,0,0,0,0,-32307,0,0,0,0,0,140983,0
141017,-716,504,-8466,-16,-68,43,97412,4747,97,412,10056,37735,282,26,144,0,0,0,0,0,0,0,0,-32308,0,0,0,0,0,140984,0
141018,-716,504,-8466,-16,-68,43,97630,4761,106,413,10104,37735,282,26,144,0,0,0,0,0,0,0,0,-32307,0,0,0,0,0,140985,0
141019,-716,504,-8466,-16,-68,43,97848,4774,115,413,10040,37735,282,26,144,0,0,0,0,0,0,0,0,-32308,0,0,0,0,0,140986,0
141020,-670,580,-8498,-13,-92,91,98067,4794,124,419,10104,37735,282,26,144,0,0,0,0,0,0,0,0,-32307,0,0,0,0,0,140987,0
141021,-670,580,-8498,-13,-92,91,98284,4795,135,424,10104,37735,282,26,144,0,0,0,0,0,0,0,0,-32307,0,0,0,0,0,140988,0
141022,-670,580,-8498,-13,-92,91,98503,4799,138,411,10080,37735,282,26,144,0,0,0,0,0,0,0,0,-32307,0,0,0,0,0,140989,0
141023,-670,580,-8498,-13,-92,91,98723,4807,154,422,10080,37732,280,26,144,0,0,0,0,0,0,0,0,-32307,0,0,0,0,0,140990,0
141024,-658,572,-8586,-74,-48,75,98942,4814,153,421,10112,37732,280,26,144,0,0,0,0,0,0,0,0,-32307,0,0,0,0,0,140991,0
141025,-658,572,-8586,-74,-48,75,99162,4829,156,416,10112,37732,280,26,144,0,0,0,0,0,0,0,0,-32308,0,0,0,0,0,140992,0
141026,-658,572,-8586,-74,-48,75,99381,4829,156,417,10120,37732,280,26,144,0,0,0,0,0,0,0,0,-32307,0,0,0,0,0,140993,0
141027,-658,572,-8586,-74,-48,75,99601,4831,157,412,10136,37732,280,26,144,0,0,0,0,0,0,0,0,-32307,0,0,0,0,0,140994,0
141028,-580,560,-8558,-55,-41,59,99821,4831,156,406,10080,37732,280,26,144,0,0,0,0,0,0,0,0,-32308,0,0,0,0,0,140995,0
141029,-580,560,-8558,-55,-41,59,100042,4837,155,401,10136,37732,280,26,144,0,0,0,0,0,0,0,0,-32308,0,0,0,0,0,140996,0
141030,-580,560,-8558,-55,-41,59,100260,4836,146,399,10136,37732,280,26,144,0,0,0,0,0,0,0,0,-32307,0,0,0,0,0,140997,0
141031,-580,560,-8558,-55,-41,59,100480,4833,144,390,10088,37732,280,26,144,0,0,0,0,0,0,0,0,-32307,0,0,0,0,0,140998,0
141032,-574,468,-8304,-72,0,43,100700,4829,134,399,10088,37732,280,26,144,0,0,0,0,0,0,0,0,-32307,0,0,0,0,0,140999,0
141033,-574,468,-8304,-72,0,43,100919,4825,126,398,10112,37728,282,26,144,0,0,0,0,0,0,0,0,-32307,0,0,0,0,0,141000,0
141034,-574,468,-8304,-72,0,43,101137,4821,111,389,10104,37728,282,26,144,0,0,0,0,0,0,0,0,-32307,0,0,0,0,0,141001,0
141035,-574,468,-8304,-72,0,43,101356,4815,104,385,10096,37728,282,26,144,0,0,0,0,0,0,0,0,-32307,0,0,0,0,0,141002,0
141036,-682,456,-8446,-54,-21,83,101573,4804,89,377,10144,37728,282,26,144,0,0,0,0,0,0,0,0,-32307,0,0,0,0,0,141003,0
141037,-682,456,-8446,-54,-21,83,101793,4804,79,376,10120,37728,282,26,144,0,0,0,0,0,0,0,0,-32307,0,0,0,0,0,141004,0
141038,-682,456,-8446,-54,-21,83,102009,4799,60,366,10112,37728,282,26,144,0,0,0,0,0,0,0,0,-32307,0,0,0,0,0,141005,0
141039,-682,456,-8446,-54,-21,83,102227,4790,47,365,10136,37728,282,26,144,0,0,0,0,0,0,0,0,-32307,0,0,0,0,0,141006,0
141040,-574,596,-8518,-66,35,98,102444,4786,32,357,10136,37728,282,26,144,0,0,0,0,0,0,0,0,-32307,0,0,0,0,0,141007,0
141041,-574,596,-8518,-66,35,98,102662,4782,20,358,10144,37728,282,26,144,0,0,0,0,0,0,0,0,-32308,0,0,0,0,0,141008,0
141042,-574,596,-8518,-66,35,98,102880,4792,9,365,10200,37728,282,26,144,0,0,0,0,0,0,0,0,-32307,0,0,0,0,0,141009,0
141043,-574,596,-8518,-66,35,98,103098,4793,-2,361,10248,37727,280,26,144,0,0,0,0,0,0,0,0,-32307,0,0,0,0,0,141010,0
141044,-524,534,-8422,-73,77,90,103317,4800,-11,364,10240,37727,280,26,144,0,0,0,0,0,0,0,0,-32307,0,0,0,0,0,141011,0
141045,-524,534,-8422,-73,77,90,103536,4807,-14,369,10256,37727,280,26,144,0,0,0,0,0,0,0,0,-32307,0,0,0,0,0,141012,0
141046,-524,534,-8422,-73,77,90,103757,4823,-14,381,10280,37727,280,26,144,0,0,0,0,0,0,0,0,-32307,0,0,0,0,0,141013,0
141047,-524,534,-8422,-73,77,90,103976,4831,-14,380,10280,37727,280,26,144,0,0,0,0,0,0,0,0,-32307,0,0,0,0,0,141014,0
141048,-596,446,-8536,-26,49,15,104197,4837,-7,400,10256,37727,280,26,144,0,0,0,0,0,0,0,0,-32307,0,0,0,0,0,141015,0
141049,-596,446,-8536,-26,49,15,104418,4845,-7,407,10304,37727,280,26,144,0,0,0,0,0,0,0,0,-32308,0,0,0,0,0,141016,0
141050,-596,446,-8536,-26,49,15,104640,4855,2,408,10360,37727,280,26,144,0,0,0,0,0,0,0,0,-32308,0,0,0,0,0,141017,0
141051,-596,446,-8536,-26,49,15,104862,4875,10,416,10336,37727,280,26,144,0,0,0,0,0,0,0,0,-32307,0,0,0,0,0,141018,0
141052,-684,458,-8396,-34,67,-1,105085,4887,24,426,10360,37727,280,26,144,0,0,0,0,0,0,0,0,-32307,0,0,0,0,0,141019,0
141053,-684,458,-8396,-34,67,-1,105308,4895,34,426,10344,37727,279,26,144,0,0,0,0,0,0,0,0,-32307,0,0,0,0,0,141020,0
141054,-684,458,-8396,-34,67,-1,105532,4903,50,415,10360,37727,279,26,144,0,0,0,0,0,0,0,0,-32307,0,0,0,0,0,141021,0
141055,-684,458,-8396,-34,67,-1,105756,4915,64,429,10336,37727,279,26,144,0,0,0,0,0,0,0,0,-32307,0,0,0,0,0,141022,0
141056,-692,426,-8440,-56,83,51,105979,4919,76,425,10368,37727,279,26,144,0,0,0,0,0,0,0,0,-32307,0,0,0,0,0,141023,0
141057,-692,426,-8440,-56,83,51,106204,4929,95,426,10376,37727,279,26,144,0,0,0,0,0,0,0,0,-32308,0,0,0,0,0,141024,0
141058,-692,426,-8440,-56,83,51,106430,4938,104,433,10384,37727,279,26,144,0,0,0,0,0,0,0,0,-32307,0,0,0,0,0,141025,0
141059,-692,426,-8440,-56,83,51,106655,4947,118,425,10424,37727,279,26,144,0,0,0,0,0,0,0,0,-32307,0,0,0,0,0,141026,0
141060,-660,476,-8462,-31,65,74,106881,4959,128,422,10432,37727,279,26,144,0,0,0,0,0,0,0,0,-32308,0,0,0,0,0,141027,0
141061,-660,476,-8462,-31,65,74,107109,4971,145,413,10440,37727,279,26,144,0,0,0,0,0,0,0,0,-32307,0,0,0,0,0,141028,0
141062,-660,476,-8462,-31,65,74,107336,4984,152,427,10440,37727,279,26,144,0,0,0,0,0,0,0,0,-32307,0,0,0,0,0,141029,0
141063,-660,476,-8462,-31,65,74,107563,4993,162,422,10456,37725,281,26,144,0,0,0,0,0,0,0,0,-32308,0,0,0,0,0,141030,0
141064,-562,552,-8426,-11,50,23,107790,4997,163,418,10504,37725,281,26,144,0,0,0,0,0,0,0,0,-32308,0,0,0,0,0,141031,0
141065,-562,552,-8426,-11,50,23,108017,4995,168,419,10448,37725,281,26,144,0,0,0,0,0,0,0,0,-32307,0,0,0,0,0,141032,0
141066,-562,552,-8426,-11,50,23,108246,5003,168,412,10488,37725,281,26,144,0,0,0,0,0,0,0,0,-32307,0,0,0,0,0,141033,0
141067,-562,552,-8426,-11,50,23,108473,5011,165,421,10496,37725,281,26,144,0,0,0,0,0,0,0,0,-32308,0,0,0,0,0,141034,0
141068,-690,502,-8390,-47,63,12,108699,5003,155,407,10504,37725,281,26,144,0,0,0,0,0,0,0,0,-32308,0,0,0,0,0,141035,0
141069,-690,502,-8390,-47,63,12,108925,4992,146,406,10448,37725,281,26,144,0,0,0,0,0,0,0,0,-32308,0,0,0,0,0,141036,0
141070,-690,502,-8390,-47,63,12,109154,4990,146,396,10464,37725,281,26,144,0,0,0,0,0,0,0,0,-32307,0,0,0,0,0,141037,0
141071,-690,502,-8390,-47,63,12,109380,4992,134,382,10504,37725,281,26,144,0,0,0,0,0,0,0,0,-32307,0,0,0,0,0,141038,0
141072,-778,586,-8490,-38,10,52,109607,4996,124,384,10504,37725,281,26,144,0,0,0,0,0,0,0,0,-32307,0,0,0,0,0,141039,0
141073,-778,586,-8490,-38,10,52,109834,4993,113,374,10488,37724,283,26,144,0,0,0,0,0,0,0,0,-32307,0,0,0,0,0,141040,0
141074,-778,586,-8490,-38,10,52,110059,4980,101,373,10504,37724,283,26,144,0,0,0,0,0,0,0,0,-32307,0,0,0,0,0,141041,0
141075,-778,586,-8490,-38,10,52,110287,4986,88,368,10544,37724,283,26,144,0,0,0,0,0,0,0,0,-32307,0,0,0,0,0,141042,0
141076,-608,538,-8384,-36,73,126,110513,4985,77,374,10568,37724,283,26,144,0,0,0,0,0,0,0,0,-32307,0,0,0,0,0,141043,0
141077,-608,538,-8384,-36,73,126,110741,4987,68,373,10584,37724,283,26,144,0,0,0,0,0,0,0,0,-32308,0,0,0,0,0,141044,0
141078,-608,538,-8384,-36,73,126,110969,4999,62,366,10616,37724,283,26,144,0,0,0,0,0,0,0,0,-32307,0,0,0,0,0,141045,0
141079,-608,538,-8384,-36,73,126,111196,4999,52,381,10600,37724,283,26,144,0,0,0,0,0,0,0,0,-32307,0,0,0,0,0,141046,0
141080,-508,626,-8484,-47,59,119,111423,5005,41,379,10624,37724,283,26,144,0,0,0,0,0,0,0,0,-32307,0,0,0,0,0,141047,0
141081,-508,626,-8484,-47,59,119,111652,5011,40,378,10648,37724,283,26,144,0,0,0,0,0,0,0,0,-32308,0,0,0,0,0,141048,0
141082,-508,626,-8484,-47,59,119,111881,5019,38,383,10632,37724,283,26,144,0,0,0,0,0,0,0,0,-32307,0,0,0,0,0,141049,0
141083,-508,626,-8484,-47,59,119,112111,5036,41,385,10720,37721,280,26,144,0,0,0,0,0,0,0,0,-32307,0,0,0,0,0,141050,0
141084,-456,670,-8584,-58,27,73,112341,5047,33,397,10712,37721,280,26,144,0,0,0,0,0,0,0,0,-32308,0,0,0,0,0,141051,0
141085,-456,670,-8584,-58,27,73,112570,5049,34,394,10704,37721,280,26,144,0,0,0,0,0,0,0,0,-32307,0,0,0,0,0,141052,0
141086,-456,670,-8584,-58,27,73,112801,5056,41,406,10696,37721,280,26,144,0,0,0,0,0,0,0,0,-32307,0,0,0,0,0,141053,0
141087,-456,670,-8584,-58,27,73,113033,5067,46,403,10728,37721,280,26,144,0,0,0,0,0,0,0,0,-32308,0,0,0,0,0,141054,0
141088,-594,544,-8516,-77,36,30,113264,5079,54,411,10800,37721,280,26,144,0,0,0,0,0,0,0,0,-32308,0,0,0,0,0,141055,0
141089,-594,544,-8516,-77,36,30,113496,5091,65,420,10760,37721,280,26,144,0,0,0,0,0,0,0,0,-32307,0,0,0,0,0,141056,0
141090,-594,544,-8516,-77,36,30,113729,5101,78,410,10752,37721,280,26,144,0,0,0,0,0,0,0,0,-32307,0,0,0,0,0,141057,0
141091,-594,544,-8516,-77,36,30,113961,5106,81,415,10768,37721,280,26,144,0,0,0,0,0,0,0,0,-32308,0,0,0,0,0,141058,0
141092,-706,432,-8590,-73,21,101,114195,5116,94,409,10816,37721,280,26,144,0,0,0,0,0,0,0,0,-32307,0,0,0,0,0,141059,0
141093,-706,432,-8590,-73,21,101,114429,5130,105,417,10856,37722,290,26,144,0,0,0,0,0,0,0,0,-32307,0,0,0,0,0,141060,0
141094,-706,432,-8590,-73,21,101,114663,5136,119,418,10816,37722,290,26,144,0,0,0,0,0,0,0,0,-32307,0,0,0,0,0,141061,0
141095,-706,432,-8590,-73,21,101,114897,5146,128,410,10840,37722,290,26,144,0,0,0,0,0,0,0,0,-32307,0,0,0,0,0,141062,0
141096,-650,632,-8412,-71,-21,100,115134,5161,137,424,10832,37722,290,26,144,0,0,0,0,0,0,0,0,-32307,0,0,0,0,0,141063,0
141097,-650,632,-8412,-71,-21,100,115369,5170,141,422,10824,37722,290,26,144,0,0,0,0,0,0,0,0,-32308,0,0,0,0,0,141064,0
141098,-650,632,-8412,-71,-21,100,115603,5177,147,428,10912,37722,290,26,144,0,0,0,0,0,0,0,0,-32307,0,0,0,0,0,141065,0
141099,-650,632,-8412,-71,-21,100,115839,5180,152,425,10848,37722,290,26,144,0,0,0,0,0,0,0,0,-32307,0,0,0,0,0,141066,0
141100,-730,682,-8568,-53,-42,67,116075,5174,155,421,10832,37722,290,26,144,0,0,0,0,0,0,0,0,-32307,0,0,0,0,0,141067,0
141101,-730,682,-8568,-53,-42,67,116312,5185,158,422,10856,37722,290,26,144,0,0,0,0,0,0,0,0,-32307,0,0,0,0,0,141068,0
141102,-730,682,-8568,-53,-42,67,116547,5190,153,417,10848,37722,290,26,144,0,0,0,0,0,0,0,0,-32307,0,0,0,0,0,141069,0
141103,-730,682,-8568,-53,-42,67,116782,5186,148,422,10880,37723,296,26,144,0,0,0,0,0,0,0,0,-32307,0,0,0,0,0,141070,0
141104,-630,468,-8484,-49,-15,42,117016,5178,136,412,10832,37723,296,26,144,0,0,0,0,0,0,0,0,-32307,0,0,0,0,0,141071,0
141105,-630,468,-8484,-49,-15,42,117251,5167,134,392,10824,37723,296,26,144,0,0,0,0,0,0,0,0,-32307,0,0,0,0,0,141072,0
141106,-630,468,-8484,-49,-15,42,117486,5163,126,397,10824,37723,296,26,144,0,0,0,0,0,0,0,0,-32307,0,0,0,0,0,141073,0
141107,-630,468,-8484,-49,-15,42,117720,5161,112,389,10832,37723,296,26,144,0,0,0,0,0,0,0,0,-32307,0,0,0,0,0,141074,0
141108,-752,432,-8502,-1,-95,95,117954,5157,95,391,10880,37723,296,26,144,0,0,0,0,0,0,0,0,-32307,0,0,0,0,0,141075,0
141109,-752,432,-8502,-1,-95,95,118188,5149,86,385,10840,37723,296,26,144,0,0,0,0,0,0,0,0,-32307,0,0,0,0,0,141076,0
141110,-752,432,-8502,-1,-95,95,118423,5150,71,372,10816,37723,296,26,144,0,0,0,0,0,0,0,0,-32307,0,0,0,0,0,141077,0
141111,-752,432,-8502,-1,-95,95,118654,5140,55,375,10832,37723,296,26,144,0,0,0,0,0,0,0,0,-32307,0,0,0,0,0,141078,0
141112,-568,550,-8632,13,-72,142,118888,5137,47,370,10832,37723,296,26,144,0,0,0,0,0,0,0,0,-32307,0,0,0,0,0,141079,0
141113,-568,550,-8632,13,-72,142,119121,5130,28,378,10856,37726,290,26,144,0,0,0,0,0,0,0,0,-32307,0,0,0,0,0,141080,0
141114,-568,550,-8632,13,-72,142,119355,5130,17,377,10880,37726,290,26,144,0,0,0,0,0,0,0,0,-32308,0,0,0,0,0,141081,0
141115,-568,550,-8632,13,-72,142,119590,5145,8,364,10904,37726,290,26,144,0,0,0,0,0,0,0,0,-32307,0,0,0,0,0,141082,0
141116,-564,522,-8448,21,-44,126,119824,5149,0,373,10896,37726,290,26,144,0,0,0,0,0,0,0,0,-32306,0,0,0,0,0,141083,0
141117,-564,522,-8448,21,-44,126,120059,5157,-9,377,10912,37726,290,26,144,0,0,0,0,0,0,0,0,-32308,0,0,0,0,0,141084,0
141118,-564,522,-8448,21,-44,126,120293,5156,-9,379,10936,37726,290,26,144,0,0,0,0,0,0,0,0,-32307,0,0,0,0,0,141085,0
141119,-564,522,-8448,21,-44,126,120531,5170,-7,385,10944,37726,290,26,144,0,0,0,0,0,0,0,0,-32307,0,0,0,0,0,141086,0
141120,-512,568,-8492,16,-34,47,120766,5181,-8,386,10960,37726,290,26,144,0,0,0,0,0,0,0,0,-32307,0,0,0,0,0,141087,0
141121,-512,568,-8492,16,-34,47,121002,5187,-6,394,11016,37726,290,26,144,0,0,0,0,0,0,0,0,-32307,0,0,0,0,0,141088,0
141122,-512,568,-8492,16,-34,47,121239,5199,-4,397,11008,37726,290,26,144,0,0,0,0,0,0,0,0,-32307,0,0,0,0,0,141089,0
141123,-512,568,-8492,16,-34,47,121478,5207,5,407,11024,37729,290,26,144,0,0,0,0,0,0,0,0,-32307,0,0,0,0,0,141090,0
141124,-606,440,-8688,15,0,4,121717,5235,19,413,11040,37729,290,26,144,0,0,0,0,0,0,0,0,-32308,0,0,0,0,0,141091,0
141125,-606,440,-8688,15,0,4,121955,5246,37,405,11072,37729,290,26,144,0,0,0,0,0,0,0,0,-32307,0,0,0,0,0,141092,0
141126,-606,440,-8688,15,0,4,122194,5251,42,416,11104,37729,290,26,144,0,0,0,0,0,0,0,0,-32307,0,0,0,0,0,141093,0
141127,-606,440,-8688,15,0,4,122435,5262,62,413,11104,37729,290,26,144,0,0,0,0,0,0,0,0,-32308,0,0,0,0,0,141094,0
141128,-732,464,-8548,-9,35,35,122674,5267,76,421,11112,37729,290,26,144,0,0,0,0,0,0,0,0,-32308,0,0,0,0,0,141095,0
141129,-732,464,-8548,-9,35,35,122916,5284,95,428,11104,37729,290,26,144,0,0,0,0,0,0,0,0,-32307,0,0,0,0,0,141096,0
141130,-732,464,-8548,-9,35,35,123157,5291,107,425,11144,37729,290,26,144,0,0,0,0,0,0,0,0,-32308,0,0,0,0,0,141097,0
141131,-732,464,-8548,-9,35,35,123398,5297,116,427,11176,37729,290,26,144,0,0,0,0,0,0,0,0,-32307,0,0,0,0,0,141098,0
141132,-634,468,-8518,-9,59,50,123641,5314,135,420,11152,37729,290,26,144,0,0,0,0,0,0,0,0,-32308,0,0,0,0,0,141099,0
141133,-634,468,-8518,-9,59,50,123884,5326,143,420,11176,37726,294,26,144,0,0,0,0,0,0,0,0,-32307,0,0,0,0,0,141100,0
141134,-634,468,-8518,-9,59,50,124126,5335,154,431,11160,37726,294,26,144,0,0,0,0,0,0,0,0,-32308,0,0,0,0,0,141101,0
141135,-634,468,-8518,-9,59,50,124368,5336,162,419,11152,37726,294,26,144,0,0,0,0,0,0,0,0,-32307,0,0,0,0,0,141102,0
141136,-610,468,-8500,-8,47,19,124611,5334,165,424,11200,37726,294,26,144,0,0,0,0,0,0,0,0,-32308,0,0,0,0,0,141103,0
141137,-610,468,-8500,-8,47,19,124854,5335,166,421,11176,37726,294,26,144,0,0,0,0,0,0,0,0,-32308,0,0,0,0,0,141104,0
141138,-610,468,-8500,-8,47,19,125097,5339,169,415,11192,37726,294,26,144,0,0,0,0,0,0,0,0,-32307,0,0,0,0,0,141105,0
141139,-610,468,-8500,-8,47,19,125338,5336,159,422,11160,37726,294,26,144,0,0,0,0,0,0,0,0,-32307,0,0,0,0,0,141106,0
141140,-704,472,-8502,-5,69,-2,125581,5333,153,415,11152,37726,294,26,144,0,0,0,0,0,0,0,0,-32307,0,0,0,0,0,141107,0
141141,-704,472,-8502,-5,69,-2,125823,5327,143,404,11168,37726,294,26,144,0,0,0,0,0,0,0,0,-32307,0,0,0,0,0,141108,0
141142,-704,472,-8502,-5,69,-2,126065,5325,138,405,11184,37726,294,26,144,0,0,0,0,0,0,0,0,-32307,0,0,0,0,0,141109,0
141143,-704,472,-8502,-5,69,-2,126307,5327,127,397,11200,37725,298,26,144,0,0,0,0,0,0,0,0,-32308,0,0,0,0,0,141110,0
141144,-648,454,-8252,22,93,87,126549,5324,114,395,11208,37725,298,26,144,0,0,0,0,0,0,0,0,-32307,0,0,0,0,0,141111,0
141145,-648,454,-8252,22,93,87,126790,5318,100,385,11200,37725,298,26,144,0,0,0,0,0,0,0,0,-32307,0,0,0,0,0,141112,0
141146,-648,454,-8252,22,93,87,127032,5318,86,376,11216,37725,298,26,144,0,0,0,0,0,0,0,0,-32307,0,0,0,0,0,141113,0
141147,-648,454,-8252,22,93,87,127276,5323,81,376,11288,37725,298,26,144,0,0,0,0,0,0,0,0,-32307,0,0,0,0,0,141114,0
141148,-532,554,-8618,12,138,172,127518,5331,67,373,11264,37725,298,26,144,0,0,0,0,0,0,0,0,-32307,0,0,0,0,0,141115,0
141149,-532,554,-8618,12,138,172,127761,5340,59,373,11288,37725,298,26,144,0,0,0,0,0,0,0,0,-32307,0,0,0,0,0,141116,0
141150,-532,554,-8618,12,138,172,128003,5339,46,377,11304,37725,298,26,144,0,0,0,0,0,0,0,0,-32308,0,0,0,0,0,141117,0
141151,-532,554,-8618,12,138,172,128248,5347,45,374,11312,37725,298,26,144,0,0,0,0,0,0,0,0,-32307,0,0,0,0,0,141119,0
141152,-470,636,-8270,5,155,126,128493,5363,45,379,11376,37725,298,26,144,0,0,0,0,0,0,0,0,-32308,0,0,0,0,0,141119,0
141153,-470,636,-8270,5,155,126,128737,5373,41,389,11376,37718,314,26,144,0,0,0,0,0,0,0,0,-32307,0,0,0,0,0,141120,0
141154,-470,636,-8270,5,155,126,128984,5389,40,389,11400,37718,314,26,144,0,0,0,0,0,0,0,0,-32308,0,0,0,0,0,141121,0
141155,-470,636,-8270,5,155,126,129228,5390,42,406,11424,37718,314,26,144,0,0,0,0,0,0,0,0,-32307,0,0,0,0,0,141122,0
141156,-566,698,-8198,-35,174,41,129473,5390,41,400,11416,37718,314,26,144,0,0,0,0,0,0,0,0,-32307,0,0,0,0,0,141124,0
141157,-566,698,-8198,-35,174,41,129722,5407,56,399,11432,37718,314,26,144,0,0,0,0,0,0,0,0,-32307,0,0,0,0,0,141125,0
141158,-566,698,-8198,-35,174,41,129967,5412,56,406,11432,37718,314,26,144,0,0,0,0,0,0,0,0,-32308,0,0,0,0,0,141126,0
141159,-566,698,-8198,-35,174,41,130216,5435,67,405,11456,37718,314,26,144,0,0,0,0,0,0,0,0,-32308,0,0,0,0,0,141127,0
141160,-618,608,-8210,-83,219,102,130463,5446,79,405,11528,37718,314,26,144,0,0,0,0,0,0,0,0,-32307,0,0,0,0,0,141128,0
141161,-618,608,-8210,-83,219,102,130711,5446,84,414,11480,37718,314,26,144,0,0,0,0,0,0,0,0,-32307,0,0,0,0,0,141129,0
141162,-618,608,-8210,-83,219,102,130961,5463,99,412,11496,37718,314,26,144,0,0,0,0,0,0,0,0,-32307,0,0,0,0,0,141130,0
141163,-618,608,-8210,-83,219,102,131211,5470,112,421,11560,37717,313,26,144,0,0,0,0,0,0,0,0,-32307,0,0,0,0,0,141131,0
141164,-696,448,-8270,-46,163,129,131460,5484,122,422,11528,37717,313,26,144,0,0,0,0,0,0,0,0,-32307,0,0,0,0,0,141132,0
141165,-696,448,-8270,-46,163,129,131710,5493,132,422,11528,37717,313,26,144,0,0,0,0,0,0,0,0,-32307,0,0,0,0,0,141133,0
141166,-696,448,-8270,-46,163,129,131960,5496,138,429,11528,37717,313,26,144,0,0,0,0,0,0,0,0,-32308,0,0,0,0,0,141134,0
141167,-696,448,-8270,-46,163,129,132212,5505,149,421,11536,37717,313,26,144,0,0,0,0,0,0,0,0,-32307,0,0,0,0,0,141135,0
141168,-668,536,-8472,-87,161,106,132461,5506,146,425,11536,37717,313,26,144,0,0,0,0,0,0,0,0,-32307,0,0,0,0,0,141136,0
141169,-668,536,-8472,-87,161,106,132713,5512,155,421,11560,37717,313,26,144,0,0,0,0,0,0,0,0,-32307,0,0,0,0,0,141137,0
141170,-668,536,-8472,-87,161,106,132962,5511,154,419,11520,37717,313,26,144,0,0,0,0,0,0,0,0,-32307,0,0,0,0,0,141138,0
141171,-668,536,-8472,-87,161,106,133211,5501,146,424,11504,37717,313,26,144,0,0,0,0,0,0,0,0,-32307,0,0,0,0,0,141139,0
141172,-734,442,-8150,-105,87,71,133462,5502,147,421,11520,37717,313,26,144,0,0,0,0,0,0,0,0,-32308,0,0,0,0,0,141140,0
141173,-734,442,-8150,-105,87,71,133710,5488,131,414,11488,37713,303,26,144,0,0,0,0,0,0,0,0,-32307,0,0,0,0,0,141141,0
141174,-734,442,-8150,-105,87,71,133959,5484,122,413,11496,37713,303,26,144,0,0,0,0,0,0,0,0,-32307,0,0,0,0,0,141142,0
141175,-734,442,-8150,-105,87,71,134209,5483,117,399,11496,37713,303,26,144,0,0,0,0,0,0,0,0,-32307,0,0,0,0,0,141143,0
141176,-766,368,-8410,-101,61,120,134457,5472,99,389,11488,37713,303,26,144,0,0,0,0,0,0,0,0,-32307,0,0,0,0,0,141144,0
141177,-766,368,-8410,-101,61,120,134705,5472,86,394,11520,37713,303,26,144,0,0,0,0,0,0,0,0,-32307,0,0,0,0,0,141145,0
141178,-766,368,-8410,-101,61,120,134953,5464,68,382,11480,37713,303,26,144,0,0,0,0,0,0,0,0,-32308,0,0,0,0,0,141146,0
141179,-766,368,-8410,-101,61,120,135200,5450,55,372,11464,37713,303,26,144,0,0,0,0,0,0,0,0,-32307,0,0,0,0,0,141147,0
141180,-658,356,-8266,-71,9,141,135449,5453,45,371,11496,37713,303,26,144,0,0,0,0,0,0,0,0,-32307,0,0,0,0,0,141148,0
141181,-658,356,-8266,-71,9,141,135697,5452,27,372,11496,37713,303,26,144,0,0,0,0,0,0,0,0,-32307,0,0,0,0,0,141149,0
141182,-658,356,-8266,-71,9,141,135945,5456,20,370,11544,37713,303,26,144,0,0,0,0,0,0,0,0,-32307,0,0,0,0,0,141150,0
141183,-658,356,-8266,-71,9,141,136194,5467,2,374,11568,37712,306,26,144,0,0,0,0,0,0,0,0,-32307,0,0,0,0,0,141151,0
141184,-560,476,-8296,-37,-31,128,136442,5464,-8,379,11560,37712,306,26,144,0,0,0,0,0,0,0,0,-32307,0,0,0,0,0,141152,0
141185,-560,476,-8296,-37,-31,128,136692,5474,-5,381,11608,37712,306,26,144,0,0,0,0,0,0,0,0,-32307,0,0,0,0,0,141153,0
141186,-560,476,-8296,-37,-31,128,136943,5485,-12,381,11616,37712,306,26,144,0,0,0,0,0,0,0,0,-32307,0,0,0,0,0,141154,0
141187,-560,476,-8296,-37,-31,128,137193,5495,-9,383,11656,37712,306,26,144,0,0,0,0,0,0,0,0,-32307,0,0,0,0,0,141155,0
141188,-600,442,-8280,-43,-34,29,137445,5513,-9,390,11720,37712,306,26,144,0,0,0,0,0,0,0,0,-32308,0,0,0,0,0,141156,0
141189,-600,442,-8280,-43,-34,29,137697,5525,-6,390,11696,37712,306,26,144,0,0,0,0,0,0,0,0,-32307,0,0,0,0,0,141157,0
141190,-600,442,-8280,-43,-34,29,137949,5537,1,393,11688,37712,306,26,144,0,0,0,0,0,0,0,0,-32308,0,0,0,0,0,141158,0
141191,-600,442,-8280,-43,-34,29,138201,5544,13,403,11736,37712,306,26,144,0,0,0,0,0,0,0,0,-32308,0,0,0,0,0,141159,0
141192,-632,350,-8458,-32,-24,-11,138455,5552,26,402,11672,37712,306,26,144,0,0,0,0,0,0,0,0,-32308,0,0,0,0,0,141160,0
141193,-632,350,-8458,-32,-24,-11,138709,5563,39,405,11680,37712,307,26,144,0,0,0,0,0,0,0,0,-32308,0,0,0,0,0,141161,0
141194,-632,350,-8458,-32,-24,-11,138963,5576,52,413,11760,37712,307,26,144,0,0,0,0,0,0,0,0,-32308,0,0,0,0,0,141162,0
141195,-632,350,-8458,-32,-24,-11,139216,5585,67,411,11736,37712,307,26,144,0,0,0,0,0,0,0,0,-32307,0,0,0,0,0,141163,0
141196,-742,304,-8384,22,-66,58,139471,5589,78,419,11752,37712,307,26,144,0,0,0,0,0,0,0,0,-32307,0,0,0,0,0,141164,0
141197,-742,304,-8384,22,-66,58,139728,5601,101,421,11760,37712,307,26,144,0,0,0,0,0,0,0,0,-32308,0,0,0,0,0,141165,0
141198,-742,304,-8384,22,-66,58,139983,5614,114,415,11784,37712,307,26,144,0,0,0,0,0,0,0,0,-32308,0,0,0,0,0,141166,0
141199,-742,304,-8384,22,-66,58,140241,5633,127,425,11808,37712,307,26,144,0,0,0,0,0,0,0,0,-32307,0,0,0,0,0,141167,0
141200,-676,476,-8278,-37,-78,41,140497,5640,140,426,11800,37712,307,26,144,0,0,0,0,0,0,0,0,-32308,0,0,0,0,0,141168,0
141201,-676,476,-8278,-37,-78,41,140753,5639,145,426,11792,37712,307,26,144,0,0,0,0,0,0,0,0,-32308,0,0,0,0,0,141169,0
141202,-676,476,-8278,-37,-78,41,141008,5634,149,433,11776,37712,307,26,144,0,0,0,0,0,0,0,0,-32308,0,0,0,0,0,141170,0
141203,-676,476,-8278,-37,-78,41,141265,5632,156,425,11752,37712,313,26,144,0,0,0,0,0,0,0,0,-32308,0,0,0,0,0,141171,0
141204,-768,484,-8576,-9,-111,20,141522,5638,156,424,11768,37712,313,26,144,0,0,0,0,0,0,0,0,-32307,0,0,0,0,0,141172,0
141205,-768,484,-8576,-9,-111,20,141777,5639,155,425,11792,37712,313,26,144,0,0,0,0,0,0,0,0,-32308,0,0,0,0,0,141173,0
141206,-768,484,-8576,-9,-111,20,142032,5631,144,417,11768,37712,313,26,144,0,0,0,0,0,0,0,0,-32308,0,0,0,0,0,141174,0
141207,-768,484,-8576,-9,-111,20,142287,5615,132,400,11752,37712,313,26,144,0,0,0,0,0,0,0,0,-32308,0,0,0,0,0,141175,0
141208,-622,418,-8376,-4,-90,49,142542,5610,125,392,11792,37712,313,26,144,0,0,0,0,0,0,0,0,-32308,0,0,0,0,0,141176,0
141209,-622,418,-8376,-4,-90,49,142796,5606,115,381,11760,37712,313,26,144,0,0,0,0,0,0,0,0,-32308,0,0,0,0,0,141177,0
141210,-622,418,-8376,-4,-90,49,143050,5604,98,375,11776,37712,313,26,144,0,0,0,0,0,0,0,0,-32307,0,0,0,0,0,141178,0
141211,-622,418,-8376,-4,-90,49,143306,5603,84,371,11800,37712,313,26,144,0,0,0,0,0,0,0,0,-32307,0,0,0,0,0,141179,0
141212,-546,564,-8426,-6,-119,134,143560,5600,69,365,11792,37712,313,26,144,0,0,0,0,0,0,0,0,-32308,0,0,0,0,0,141180,0
141213,-546,564,-8426,-6,-119,134,143815,5606,53,359,11808,37711,313,26,144,0,0,0,0,0,0,0,0,-32308,0,0,0,0,0,141181,0
141214,-546,564,-8426,-6,-119,134,144070,5606,42,365,11864,37711,313,26,144,0,0,0,0,0,0,0,0,-32308,0,0,0,0,0,141182,0
141215,-546,564,-8426,-6,-119,134,144327,5613,35,365,11864,37711,313,26,144,0,0,0,0,0,0,0,0,-32308,0,0,0,0,0,141183,0
141216,-458,546,-8376,-69,-94,138,144580,5614,27,369,11848,37711,313,26,144,0,0,0,0,0,0,0,0,-32308,0,0,0,0,0,141184,0
141217,-458,546,-8376,-69,-94,138,144838,5624,23,376,11912,37711,313,26,144,0,0,0,0,0,0,0,0,-32307,0,0,0,0,0,141185,0
141218,-458,546,-8376,-69,-94,138,145094,5630,11,377,11928,37711,313,26,144,0,0,0,0,0,0,0,0,-32308,0,0,0,0,0,141186,0
141219,-458,546,-8376,-69,-94,138,145352,5640,12,375,11928,37711,313,26,144,0,0,0,0,0,0,0,0,-32308,0,0,0,0,0,141187,0
141220,-470,674,-7976,-91,-74,68,145609,5657,11,389,11984,37711,313,26,144,0,0,0,0,0,0,0,0,-32308,0,0,0,0,0,141188,0
141221,-470,674,-7976,-91,-74,68,145869,5666,19,399,11992,37711,313,26,144,0,0,0,0,0,0,0,0,-32308,0,0,0,0,0,141189,0
141222,-470,674,-7976,-91,-74,68,146125,5672,16,405,11960,37711,313,26,144,0,0,0,0,0,0,0,0,-32308,0,0,0,0,0,141190,0
141223,-470,674,-7976,-91,-74,68,146384,5675,25,415,11968,37716,311,26,144,0,0,0,0,0,0,0,0,-32307,0,0,0,0,0,141191,0
141224,-548,530,-8622,-123,-38,31,146643,5683,30,418,11992,37716,311,26,144,0,0,0,0,0,0,0,0,-32308,0,0,0,0,0,141192,0
141225,-548,530,-8622,-123,-38,31,146904,5697,42,420,12000,37716,311,26,144,0,0,0,0,0,0,0,0,-32308,0,0,0,0,0,141193,0
141226,-548,530,-8622,-123,-38,31,147164,5716,53,424,12056,37716,311,26,144,0,0,0,0,0,0,0,0,-32307,0,0,0,0,0,141194,0
141227,-548,530,-8622,-123,-38,31,147425,5724,70,431,12064,37716,311,26,144,0,0,0,0,0,0,0,0,-32308,0,0,0,0,0,141195,0
141228,-888,504,-8364,-75,-98,61,147687,5737,83,429,12048,37716,311,26,144,0,0,0,0,0,0,0,0,-32307,0,0,0,0,0,141196,0
141229,-888,504,-8364,-75,-98,61,147948,5744,93,427,12080,37716,311,26,144,0,0,0,0,0,0,0,0,-32307,0,0,0,0,0,141197,0
141230,-888,504,-8364,-75,-98,61,148210,5756,110,431,12064,37716,311,26,144,0,0,0,0,0,0,0,0,-32307,0,0,0,0,0,141198,0
141231,-888,504,-8364,-75,-98,61,148472,5758,120,427,12080,37716,311,26,144,0,0,0,0,0,0,0,0,-32307,0,0,0,0,0,141199,0
141232,-566,334,-8646,-135,-10,54,148735,5762,132,430,12064,37716,311,26,144,0,0,0,0,0,0,0,0,-32308,0,0,0,0,0,141200,0
141233,-566,334,-8646,-135,-10,54,148997,5767,136,434,12040,37714,316,26,144,0,0,0,0,0,0,0,0,-32307,0,0,0,0,0,141201,0
141234,-566,334,-8646,-135,-10,54,149259,5768,141,435,12032,37714,316,26,144,0,0,0,0,0,0,0,0,-32308,0,0,0,0,0,141202,0
141235,-566,334,-8646,-135,-10,54,149521,5768,137,433,12040,37714,316,26,144,0,0,0,0,0,0,0,0,-32307,0,0,0,0,0,141203,0
141236,-626,530,-8512,-177,-5,70,149783,5764,142,431,12016,37714,316,26,144,0,0,0,0,0,0,0,0,-32308,0,0,0,0,0,141204,0
141237,-626,530,-8512,-177,-5,70,150045,5763,141,425,12016,37714,316,26,144,0,0,0,0,0,0,0,0,-32307,0,0,0,0,0,141205,0
141238,-626,530,-8512,-177,-5,70,150306,5756,132,422,12032,37714,316,26,144,0,0,0,0,0,0,0,0,-32307,0,0,0,0,0,141206,0
141239,-626,530,-8512,-177,-5,70,150567,5754,124,423,11992,37714,316,26,144,0,0,0,0,0,0,0,0,-32308,0,0,0,0,0,141207,0
141240,-710,374,-8404,-51,-107,82,150826,5741,108,413,11976,37714,316,26,144,0,0,0,0,0,0,0,0,-32307,0,0,0,0,0,141208,0
141241,-710,374,-8404,-51,-107,82,151087,5732,98,403,12000,37714,316,26,144,0,0,0,0,0,0,0,0,-32307,0,0,0,0,0,141209,0
141242,-710,374,-8404,-51,-107,82,151346,5722,78,395,11984,37714,316,26,144,0,0,0,0,0,0,0,0,-32307,0,0,0,0,0,141210,0
141243,-710,374,-8404,-51,-107,82,151604,5703,67,384,11968,37712,318,26,144,0,0,0,0,0,0,0,0,-32307,0,0,0,0,0,141211,0
141244,-488,426,-8340,-79,-12,149,151865,5704,48,376,12024,37712,318,26,144,0,0,0,0,0,0,0,0,-32307,0,0,0,0,0,141212,0
141245,-488,426,-8340,-79,-12,149,152123,5698,35,370,12016,37712,318,26,144,0,0,0,0,0,0,0,0,-32307,0,0,0,0,0,141213,0
141246,-488,426,-8340,-79,-12,149,152384,5709,19,359,12080,37712,318,26,144,0,0,0,0,0,0,0,0,-32307,0,0,0,0,0,141214,0
141247,-488,426,-8340,-79,-12,149,152644,5722,11,356,12128,37712,318,26,144,0,0,0,0,0,0,0,0,-32307,0,0,0,0,0,141215,0
141248,-598,564,-8564,-16,-63,131,152904,5721,-1,354,12104,37712,318,26,144,0,0,0,0,0,0,0,0,-32307,0,0,0,0,0,141216,0
141249,-598,564,-8564,-16,-63,131,153168,5740,1,358,12160,37712,318,26,144,0,0,0,0,0,0,0,0,-32307,0,0,0,0,0,141217,0
141250,-598,564,-8564,-16,-63,131,153429,5747,-8,369,12200,37712,318,26,144,0,0,0,0,0,0,0,0,-32307,0,0,0,0,0,141218,0
141251,-598,564,-8564,-16,-63,131,153691,5757,-13,380,12168,37712,318,26,144,0,0,0,0,0,0,0,0,-32308,0,0,0,0,0,141219,0
141252,-518,602,-8266,-22,-25,-7,153955,5771,-9,387,12192,37712,318,26,144,0,0,0,0,0,0,0,0,-32308,0,0,0,0,0,141220,0
141253,-518,602,-8266,-22,-25,-7,154218,5778,-7,397,12232,37706,323,26,144,0,0,0,0,0,0,0,0,-32307,0,0,0,0,0,141221,0
141254,-518,602,-8266,-22,-25,-7,154483,5798,3,408,12232,37706,323,26,144,0,0,0,0,0,0,0,0,-32308,0,0,0,0,0,141222,0
141255,-518,602,-8266,-22,-25,-7,154748,5813,12,414,12264,37706,323,26,144,0,0,0,0,0,0,0,0,-32307,0,0,0,0,0,141223,0
141256,-570,480,-8556,-59,30,-36,155013,5820,24,425,12248,37706,323,26,144,0,0,0,0,0,0,0,0,-32307,0,0,0,0,0,141224,0
141257,-570,480,-8556,-59,30,-36,155278,5829,38,426,12256,37706,323,26,144,0,0,0,0,0,0,0,0,-32307,0,0,0,0,0,141225,0
141258,-570,480,-8556,-59,30,-36,155547,5846,56,428,12280,37706,323,26,144,0,0,0,0,0,0,0,0,-32307,0,0,0,0,0,141226,0
141259,-570,480,-8556,-59,30,-36,155812,5855,70,426,12296,37706,323,26,144,0,0,0,0,0,0,0,0,-32307,0,0,0,0,0,141227,0
141260,-810,452,-8586,-77,8,38,156081,5872,91,426,12296,37706,323,26,144,0,0,0,0,0,0,0,0,-32308,0,0,0,0,0,141228,0
141261,-810,452,-8586,-77,8,38,156347,5878,104,429,12296,37706,323,26,144,0,0,0,0,0,0,0,0,-32308,0,0,0,0,0,141229,0
141262,-810,452,-8586,-77,8,38,156615,5880,120,423,12288,37706,323,26,144,0,0,0,0,0,0,0,0,-32308,0,0,0,0,0,141230,0
141263,-810,452,-8586,-77,8,38,156886,5905,135,424,12328,37704,314,26,144,0,0,0,0,0,0,0,0,-32308,0,0,0,0,0,141231,0
141264,-672,540,-8568,-54,8,45,157153,5902,150,421,12288,37704,314,26,144,0,0,0,0,0,0,0,0,-32308,0,0,0,0,0,141232,0
141265,-672,540,-8568,-54,8,45,157421,5906,157,418,12280,37704,314,26,144,0,0,0,0,0,0,0,0,-32307,0,0,0,0,0,141233,0
141266,-672,540,-8568,-54,8,45,157691,5907,169,422,12304,37704,314,26,144,0,0,0,0,0,0,0,0,-32308,0,0,0,0,0,141234,0
141267,-672,540,-8568,-54,8,45,157958,5899,169,416,12264,37704,314,26,144,0,0,0,0,0,0,0,0,-32308,0,0,0,0,0,141235,0
141268,-802,574,-8376,-64,13,18,158226,5903,167,409,12288,37704,314,26,144,0,0,0,0,0,0,0,0,-32307,0,0,0,0,0,141236,0
141269,-802,574,-8376,-64,13,18,158493,5892,164,408,12288,37704,314,26,144,0,0,0,0,0,0,0,0,-32308,0,0,0,0,0,141237,0
141270,-802,574,-8376,-64,13,18,158759,5876,148,399,12256,37704,314,26,144,0,0,0,0,0,0,0,0,-32308,0,0,0,0,0,141238,0
141271,-802,574,-8376,-64,13,18,159025,5867,136,392,12288,37704,314,26,144,0,0,0,0,0,0,0,0,-32308,0,0,0,0,0,141239,0
141272,-754,432,-8696,-22,-52,44,159292,5864,123,384,12336,37704,314,26,144,0,0,0,0,0,0,0,0,-32309,0,0,0,0,0,141240,0
141273,-754,432,-8696,-22,-52,44,159558,5861,105,373,12328,37705,309,26,144,0,0,0,0,0,0,0,0,-32309,0,0,0,0,0,141241,0
141274,-754,432,-8696,-22,-52,44,159826,5867,94,376,12336,37705,309,26,144,0,0,0,0,0,0,0,0,-32309,0,0,0,0,0,141242,0
141275,-754,432,-8696,-22,-52,44,160093,5873,82,365,12432,37705,309,26,144,0,0,0,0,0,0,0,0,-32309,0,0,0,0,0,141243,0
141276,-720,514,-8930,7,-47,125,160361,5877,68,363,12376,37705,309,26,144,0,0,0,0,0,0,0,0,-32309,0,0,0,0,0,141244,0
141277,-720,514,-8930,7,-47,125,160629,5886,58,370,12368,37705,309,26,144,0,0,0,0,0,0,0,0,-32308,0,0,0,0,0,141245,0
141278,-720,514,-8930,7,-47,125,160897,5890,50,367,12440,37705,309,26,144,0,0,0,0,0,0,0,0,-32308,0,0,0,0,0,141246,0
141279,-720,514,-8930,7,-47,125,161165,5896,37,367,12424,37705,309,26,144,0,0,0,0,0,0,0,0,-32308,0,0,0,0,0,141247,0
141280,-558,684,-8770,9,-63,114,161436,5910,36,378,12464,37705,309,26,144,0,0,0,0,0,0,0,0,-32307,0,0,0,0,0,141248,0
141281,-558,684,-8770,9,-63,114,161706,5923,30,375,12512,37705,309,26,144,0,0,0,0,0,0,0,0,-32308,0,0,0,0,0,141249,0
141282,-558,684,-8770,9,-63,114,161975,5930,29,380,12512,37705,309,26,144,0,0,0,0,0,0,0,0,-32308,0,0,0,0,0,141250,0
141283,-558,684,-8770,9,-63,114,162246,5940,31,390,12528,37705,308,26,144,0,0,0,0,0,0,0,0,-32307,0,0,0,0,0,141251,0
141284,-554,616,-8550,13,-17,39,162516,5939,30,382,12536,37705,308,26,144,0,0,0,0,0,0,0,0,-32307,0,0,0,0,0,141252,0
141285,-554,616,-8550,13,-17,39,162788,5952,38,392,12608,37705,308,26,144,0,0,0,0,0,0,0,0,-32307,0,0,0,0,0,141253,0
141286,-554,616,-8550,13,-17,39,163059,5963,49,398,12576,37705,308,26,144,0,0,0,0,0,0,0,0,-32308,0,0,0,0,0,141254,0
141287,-554,616,-8550,13,-17,39,163333,5979,55,401,12608,37705,308,26,144,0,0,0,0,0,0,0,0,-32308,0,0,0,0,0,141255,0
141288,-714,602,-8490,32,-21,71,163605,5993,65,412,12640,37705,308,26,144,0,0,0,0,0,0,0,0,-32308,0,0,0,0,0,141256,0
141289,-714,602,-8490,32,-21,71,163880,6006,77,415,12640,37705,308,26,144,0,0,0,0,0,0,0,0,-32307,0,0,0,0,0,141257,0
141290,-714,602,-8490,32,-21,71,164155,6026,91,418,12648,37705,308,26,144,0,0,0,0,0,0,0,0,-32308,0,0,0,0,0,141258,0
141291,-714,602,-8490,32,-21,71,164428,6028,109,422,12640,37705,308,26,144,0,0,0,0,0,0,0,0,-32307,0,0,0,0,0,141259,0
141292,-680,516,-8702,7,9,57,164702,6031,117,430,12632,37705,308,26,144,0,0,0,0,0,0,0,0,-32307,0,0,0,0,0,141260,0
141293,-680,516,-8702,7,9,57,164978,6035,133,428,12640,37710,321,26,144,0,0,0,0,0,0,0,0,-32308,0,0,0,0,0,141261,0
141294,-680,516,-8702,7,9,57,165251,6031,138,420,12656,37710,321,26,144,0,0,0,0,0,0,0,0,-32307,0,0,0,0,0,141262,0
141295,-680,516,-8702,7,9,57,165526,6039,142,424,12664,37710,321,26,144,0,0,0,0,0,0,0,0,-32307,0,0,0,0,0,141263,0
141296,-710,504,-8838,-16,22,83,165801,6040,149,426,12656,37710,321,26,144,0,0,0,0,0,0,0,0,-32308,0,0,0,0,0,141264,0
141297,-710,504,-8838,-16,22,83,166075,6036,145,425,12632,37710,321,26,144,0,0,0,0,0,0,0,0,-32307,0,0,0,0,0,141265,0
141298,-710,504,-8838,-16,22,83,166348,6033,142,418,12696,37710,321,26,144,0,0,0,0,0,0,0,0,-32308,0,0,0,0,0,141266,0
141299,-710,504,-8838,-16,22,83,166622,6023,135,415,12608,37710,321,26,144,0,0,0,0,0,0,0,0,-32307,0,0,0,0,0,141267,0
141300,-602,536,-8644,-15,34,76,166895,6015,129,415,12592,37710,321,26,144,0,0,0,0,0,0,0,0,-32307,0,0,0,0,0,141268,0
141301,-602,536,-8644,-15,34,76,167165,6000,106,403,12600,37710,321,26,144,0,0,0,0,0,0,0,0,-32307,0,0,0,0,0,141269,0
141302,-602,536,-8644,-15,34,76,167438,5993,99,406,12536,37710,321,26,144,0,0,0,0,0,0,0,0,-32307,0,0,0,0,0,141270,0
141303,-602,536,-8644,-15,34,76,167709,5981,78,399,12544,37712,328,26,144,0,0,0,0,0,0,0,0,-32307,0,0,0,0,0,141271,0
141304,-676,600,-8604,-15,37,116,167981,5977,62,378,12568,37712,328,26,144,0,0,0,0,0,0,0,0,-32307,0,0,0,0,0,141272,0
141305,-676,600,-8604,-15,37,116,168254,5984,54,377,12640,37712,328,26,144,0,0,0,0,0,0,0,0,-32307,0,0,0,0,0,141273,0
141306,-676,600,-8604,-15,37,116,168526,5984,38,381,12616,37712,328,26,144,0,0,0,0,0,0,0,0,-32308,0,0,0,0,0,141274,0
141307,-676,600,-8604,-15,37,116,168798,5986,20,373,12648,37712,328,26,144,0,0,0,0,0,0,0,0,-32308,0,0,0,0,0,141275,0
141308,-666,428,-8504,-13,67,131,169072,5993,20,376,12672,37712,328,26,144,0,0,0,0,0,0,0,0,-32308,0,0,0,0,0,141276,0
141309,-666,428,-8504,-13,67,131,169344,5997,8,380,12640,37712,328,26,144,0,0,0,0,0,0,0,0,-32307,0,0,0,0,0,141277,0
141310,-666,428,-8504,-13,67,131,169618,6008,-2,376,12688,37712,328,26,144,0,0,0,0,0,0,0,0,-32308,0,0,0,0,0,141278,0
141311,-666,428,-8504,-13,67,131,169895,6029,-1,375,12736,37712,328,26,144,0,0,0,0,0,0,0,0,-32308,0,0,0,0,0,141279,0
141312,-530,476,-8372,-36,136,62,170168,6036,-8,389,12768,37712,328,26,144,0,0,0,0,0,0,0,0,-32308,0,0,0,0,0,141280,0
141313,-530,476,-8372,-36,136,62,170446,6057,-1,397,12776,37722,328,26,144,0,0,0,0,0,0,0,0,-32308,0,0,0,0,0,141281,0
141314,-530,476,-8372,-36,136,62,170720,6060,-6,394,12808,37722,328,26,144,0,0,0,0,0,0,0,0,-32307,0,0,0,0,0,141282,0
141315,-530,476,-8372,-36,136,62,170998,6066,12,404,12848,37722,328,26,144,0,0,0,0,0,0,0,0,-32308,0,0,0,0,0,141283,0
141316,-734,418,-8470,-28,163,-1,171276,6086,20,404,12864,37722,328,26,144,0,0,0,0,0,0,0,0,-32308,0,0,0,0,0,141284,0
141317,-734,418,-8470,-28,163,-1,171551,6087,30,408,12832,37722,328,26,144,0,0,0,0,0,0,0,0,-32307,0,0,0,0,0,141285,0
141318,-734,418,-8470,-28,163,-1,171831,6108,47,413,12832,37722,328,26,144,0,0,0,0,0,0,0,0,-32308,0,0,0,0,0,141286,0
141319,-734,418,-8470,-28,163,-1,172110,6116,61,415,12848,37722,328,26,144,0,0,0,0,0,0,0,0,-32308,0,0,0,0,0,141287,0
141320,-782,404,-8590,-60,199,27,172390,6129,74,420,12856,37722,328,26,144,0,0,0,0,0,0,0,0,-32308,0,0,0,0,0,141288,0
141321,-782,404,-8590,-60,199,27,172670,6150,97,408,12936,37722,328,26,144,0,0,0,0,0,0,0,0,-32308,0,0,0,0,0,141289,0
141322,-782,404,-8590,-60,199,27,172950,6156,109,418,12912,37722,328,26,144,0,0,0,0,0,0,0,0,-32308,0,0,0,0,0,141290,0
141323,-782,404,-8590,-60,199,27,173231,6167,128,428,12936,37734,333,26,144,0,0,0,0,0,0,0,0,-32308,0,0,0,0,0,141291,0
141324,-714,508,-8610,-7,159,15,173513,6175,150,419,12928,37734,333,26,144,0,0,0,0,0,0,0,0,-32308,0,0,0,0,0,141292,0
141325,-714,508,-8610,-7,159,15,173792,6172,150,423,12928,37734,333,26,144,0,0,0,0,0,0,0,0,-32307,0,0,0,0,0,141293,0
141326,-714,508,-8610,-7,159,15,174073,6174,161,426,12904,37734,333,26,144,0,0,0,0,0,0,0,0,-32308,0,0,0,0,0,141294,0
141327,-714,508,-8610,-7,159,15,174354,6172,163,428,12880,37734,333,26,144,0,0,0,0,0,0,0,0,-32308,0,0,0,0,0,141295,0
141328,-856,428,-8318,-7,187,-20,174632,6162,166,422,12848,37734,333,26,144,0,0,0,0,0,0,0,0,-32307,0,0,0,0,0,141296,0
141329,-856,428,-8318,-7,187,-20,174913,6161,157,419,12920,37734,333,26,144,0,0,0,0,0,0,0,0,-32308,0,0,0,0,0,141297,0
141330,-856,428,-8318,-7,187,-20,175191,6149,149,414,12872,37734,333,26,144,0,0,0,0,0,0,0,0,-32307,0,0,0,0,0,141298,0
141331,-856,428,-8318,-7,187,-20,175469,6136,140,400,12832,37734,333,26,144,0,0,0,0,0,0,0,0,-32307,0,0,0,0,0,141299,0
141332,-790,418,-8532,-7,178,55,175749,6137,127,395,12848,37734,333,26,144,0,0,0,0,0,0,0,0,-32308,0,0,0,0,0,141300,0
141333,-790,418,-8532,-7,178,55,176026,6123,113,385,12832,37742,328,26,144,0,0,0,0,0,0,0,0,-32308,0,0,0,0,0,141301,0
141334,-790,418,-8532,-7,178,55,176306,6127,96,374,12872,37742,328,26,144,0,0,0,0,0,0,0,0,-32307,0,0,0,0,0,141302,0
141335,-790,418,-8532,-7,178,55,176585,6136,85,359,12928,37742,328,26,144,0,0,0,0,0,0,0,0,-32307,0,0,0,0,0,141303,0
141336,-674,454,-8346,46,109,147,176865,6139,73,364,12968,37742,328,26,144,0,0,0,0,0,0,0,0,-32308,0,0,0,0,0,141304,0
141337,-674,454,-8346,46,109,147,177143,6148,53,366,12984,37742,328,26,144,0,0,0,0,0,0,0,0,-32308,0,0,0,0,0,141305,0
141338,-674,454,-8346,46,109,147,177424,6149,45,360,12952,37742,328,26,144,0,0,0,0,0,0,0,0,-32308,0,0,0,0,0,141306,0
141339,-674,454,-8346,46,109,147,177704,6154,40,360,13008,37742,328,26,144,0,0,0,0,0,0,0,0,-32307,0,0,0,0,0,141307,0
141340,-486,514,-8740,53,99,79,177985,6165,29,365,13040,37742,328,26,144,0,0,0,0,0,0,0,0,-32308,0,0,0,0,0,141308,0
141341,-486,514,-8740,53,99,79,178268,6184,29,376,13104,37742,328,26,144,0,0,0,0,0,0,0,0,-32307,0,0,0,0,0,141309,0
141342,-486,514,-8740,53,99,79,178550,6192,26,381,13104,37742,328,26,144,0,0,0,0,0,0,0,0,-32307,0,0,0,0,0,141310,0
141343,-486,514,-8740,53,99,79,178832,6204,24,391,13176,37731,334,26,144,0,0,0,0,0,0,0,0,-32307,0,0,0,0,0,141311,0
141344,-588,474,-8432,26,138,-18,179116,6216,34,394,13120,37731,334,26,144,0,0,0,0,0,0,0,0,-32307,0,0,0,0,0,141312,0
141345,-588,474,-8432,26,138,-18,179399,6223,30,397,13152,37731,334,26,144,0,0,0,0,0,0,0,0,-32307,0,0,0,0,0,141313,0
141346,-588,474,-8432,26,138,-18,179685,6242,45,395,13168,37731,334,26,144,0,0,0,0,0,0,0,0,-32307,0,0,0,0,0,141314,0
141347,-588,474,-8432,26,138,-18,179969,6252,56,411,13200,37731,334,26,144,0,0,0,0,0,0,0,0,-32308,0,0,0,0,0,141315,0
141348,-642,424,-8590,43,80,18,180255,6262,65,425,13192,37731,334,26,144,0,0,0,0,0,0,0,0,-32308,0,0,0,0,0,141316,0
141349,-642,424,-8590,43,80,18,180541,6276,81,416,13208,37731,334,26,144,0,0,0,0,0,0,0,0,-32308,0,0,0,0,0,141317,0
141350,-642,424,-8590,43,80,18,180827,6282,91,418,13224,37731,334,26,144,0,0,0,0,0,0,0,0,-32307,0,0,0,0,0,141318,0
141351,-642,424,-8590,43,80,18,181113,6291,109,429,13192,37731,334,26,144,0,0,0,0,0,0,0,0,-32307,0,0,0,0,0,141319,0
141352,-748,392,-8164,44,84,45,181399,6291,123,422,13216,37731,334,26,144,0,0,0,0,0,0,0,0,-32307,0,0,0,0,0,141320,0
141353,-748,392,-8164,44,84,45,181687,6302,132,425,13216,37718,337,26,144,0,0,0,0,0,0,0,0,-32307,0,0,0,0,0,141321,0
141354,-748,392,-8164,44,84,45,181973,6306,144,429,13280,37718,337,26,144,0,0,0,0,0,0,0,0,-32308,0,0,0,0,0,141322,0
141355,-748,392,-8164,44,84,45,182260,6309,149,437,13176,37718,337,26,144,0,0,0,0,0,0,0,0,-32308,0,0,0,0,0,141323,0
141356,-618,600,-8394,-23,81,26,182545,6302,146,425,13168,37718,337,26,144,0,0,0,0,0,0,0,0,-32307,0,0,0,0,0,141324,0
141357,-618,600,-8394,-23,81,26,182830,6286,148,423,13128,37718,337,26,144,0,0,0,0,0,0,0,0,-32307,0,0,0,0,0,141325,0
141358,-618,600,-8394,-23,81,26,183116,6282,143,427,13176,37718,337,26,144,0,0,0,0,0,0,0,0,-32307,0,0,0,0,0,141326,0
141359,-618,600,-8394,-23,81,26,183399,6269,131,426,13112,37718,337,26,144,0,0,0,0,0,0,0,0,-32307,0,0,0,0,0,141327,0
141360,-684,468,-8358,7,50,55,183684,6262,120,406,13096,37718,337,26,144,0,0,0,0,0,0,0,0,-32308,0,0,0,0,0,141328,0
141361,-684,468,-8358,7,50,55,183968,6254,105,401,13072,37718,337,26,144,0,0,0,0,0,0,0,0,-32308,0,0,0,0,0,141329,0
141362,-684,468,-8358,7,50,55,184250,6239,85,398,13160,37718,337,26,144,0,0,0,0,0,0,0,0,-32307,0,0,0,0,0,141330,0
141363,-684,468,-8358,7,50,55,184534,6240,71,385,13128,37703,335,26,144,0,0,0,0,0,0,0,0,-32307,0,0,0,0,0,141331,0
141364,-646,420,-8190,-6,25,117,184817,6233,56,378,13128,37703,335,26,144,0,0,0,0,0,0,0,0,-32308,0,0,0,0,0,141332,0
141365,-646,420,-8190,-6,25,117,185101,6235,36,370,13144,37703,335,26,144,0,0,0,0,0,0,0,0,-32307,0,0,0,0,0,141333,0
141366,-646,420,-8190,-6,25,117,185385,6243,27,368,13152,37703,335,26,144,0,0,0,0,0,0,0,0,-32307,0,0,0,0,0,141334,0
141367,-646,420,-8190,-6,25,117,185670,6246,8,366,13200,37703,335,26,144,0,0,0,0,0,0,0,0,-32308,0,0,0,0,0,141335,0
141368,-454,598,-8758,-42,17,103,185957,6265,4,369,13240,37703,335,26,144,0,0,0,0,0,0,0,0,-32308,0,0,0,0,0,141336,0
141369,-454,598,-8758,-42,17,103,186243,6281,0,375,13296,37703,335,26,144,0,0,0,0,0,0,0,0,-32308,0,0,0,0,0,141337,0
141370,-454,598,-8758,-42,17,103,186529,6291,-4,396,13272,37703,335,26,144,0,0,0,0,0,0,0,0,-32308,0,0,0,0,0,141338,0
141371,-454,598,-8758,-42,17,103,186815,6298,-8,383,13320,37703,335,26,144,0,0,0,0,0,0,0,0,-32307,0,0,0,0,0,141339,0
141372,-562,536,-8336,-23,15,-6,187105,6310,-1,386,13312,37703,335,26,144,0,0,0,0,0,0,0,0,-32307,0,0,0,0,0,141340,0
141373,-562,536,-8336,-23,15,-6,187394,6330,7,406,13416,37700,339,26,144,0,0,0,0,0,0,0,0,-32308,0,0,0,0,0,141341,0
141374,-562,536,-8336,-23,15,-6,187682,6349,13,412,13368,37700,339,26,144,0,0,0,0,0,0,0,0,-32307,0,0,0,0,0,141342,0
141375,-562,536,-8336,-23,15,-6,187971,6356,18,410,13360,37700,339,26,144,0,0,0,0,0,0,0,0,-32307,0,0,0,0,0,141343,0
141376,-566,472,-8256,-46,46,-20,188262,6361,37,406,13368,37700,339,26,144,0,0,0,0,0,0,0,0,-32307,0,0,0,0,0,141344,0
141377,-566,472,-8256,-46,46,-20,188550,6363,47,414,13408,37700,339,26,144,0,0,0,0,0,0,0,0,-32308,0,0,0,0,0,141345,0
141378,-566,472,-8256,-46,46,-20,188844,6383,73,416,13424,37700,339,26,144,0,0,0,0,0,0,0,0,-32308,0,0,0,0,0,141346,0
141379,-566,472,-8256,-46,46,-20,189136,6403,86,423,13424,37700,339,26,144,0,0,0,0,0,0,0,0,-32307,0,0,0,0,0,141347,0
141380,-696,518,-8412,-48,27,-1,189428,6418,104,419,13472,37700,339,26,144,0,0,0,0,0,0,0,0,-32307,0,0,0,0,0,141348,0
141381,-696,518,-8412,-48,27,-1,189719,6427,121,436,13448,37700,339,26,144,0,0,0,0,0,0,0,0,-32308,0,0,0,0,0,141349,0
141382,-696,518,-8412,-48,27,-1,190010,6413,129,432,13416,37700,339,26,144,0,0,0,0,0,0,0,0,-32308,0,0,0,0,0,141350,0
141383,-696,518,-8412,-48,27,-1,190304,6421,148,433,13400,37697,347,26,144,0,0,0,0,0,0,0,0,-32308,0,0,0,0,0,141351,0
141384,-794,396,-8482,-27,12,-28,190594,6418,155,440,13408,37697,347,26,144,0,0,0,0,0,0,0,0,-32307,0,0,0,0,0,141352,0
141385,-794,396,-8482,-27,12,-28,190886,6421,160,441,13408,37697,347,26,144,0,0,0,0,0,0,0,0,-32308,0,0,0,0,0,141353,0
141386,-794,396,-8482,-27,12,-28,191177,6418,158,437,13400,37697,347,26,144,0,0,0,0,0,0,0,0,-32308,0,0,0,0,0,141354,0
141387,-794,396,-8482,-27,12,-28,191468,6402,151,423,13328,37697,347,26,144,0,0,0,0,0,0,0,0,-32308,0,0,0,0,0,141355,0
141388,-818,454,-8380,25,-49,-4,191758,6399,149,426,13328,37697,347,26,144,0,0,0,0,0,0,0,0,-32308,0,0,0,0,0,141357,0
141389,-818,454,-8380,25,-49,-4,192047,6385,138,416,13328,37697,347,26,144,0,0,0,0,0,0,0,0,-32308,0,0,0,0,0,141357,0
141390,-818,454,-8380,25,-49,-4,192337,6375,118,396,13344,37697,347,26,144,0,0,0,0,0,0,0,0,-32307,0,0,0,0,0,141358,0
141391,-818,454,-8380,25,-49,-4,192628,6377,115,375,13384,37697,347,26,144,0,0,0,0,0,0,0,0,-32308,0,0,0,0,0,141360,0
141392,-688,446,-8438,53,-87,147,192917,6379,91,364,13440,37697,347,26,144,0,0,0,0,0,0,0,0,-32307,0,0,0,0,0,141360,0
141393,-688,446,-8438,53,-87,147,193209,6388,76,367,13424,37697,346,26,144,0,0,0,0,0,0,0,0,-32307,0,0,0,0,0,141361,0
141394,-688,446,-8438,53,-87,147,193499,6391,58,354,13496,37697,346,26,144,0,0,0,0,0,0,0,0,-32307,0,0,0,0,0,141362,0
141395,-688,446,-8438,53,-87,147,193792,6402,54,347,13520,37697,346,26,144,0,0,0,0,0,0,0,0,-32307,0,0,0,0,0,141363,0
141396,-428,534,-8588,62,-62,143,194083,6409,50,353,13544,37697,346,26,144,0,0,0,0,0,0,0,0,-32308,0,0,0,0,0,141364,0
141397,-428,534,-8588,62,-62,143,194376,6419,37,371,13600,37697,346,26,144,0,0,0,0,0,0,0,0,-32307,0,0,0,0,0,141365,0
141398,-428,534,-8588,62,-62,143,194669,6434,36,374,13584,37697,346,26,144,0,0,0,0,0,0,0,0,-32307,0,0,0,0,0,141367,0
141399,-428,534,-8588,62,-62,143,194963,6444,28,383,13584,37697,346,26,144,0,0,0,0,0,0,0,0,-32308,0,0,0,0,0,141368,0
141400,-372,628,-8526,38,-23,6,195257,6460,31,394,13624,37697,346,26,144,0,0,0,0,0,0,0,0,-32307,0,0,0,0,0,141369,0
141401,-372,628,-8526,38,-23,6,195552,6467,35,405,13624,37697,346,26,144,0,0,0,0,0,0,0,0,-32307,0,0,0,0,0,141370,0
141402,-372,628,-8526,38,-23,6,195848,6480,40,408,13648,37697,346,26,144,0,0,0,0,0,0,0,0,-32307,0,0,0,0,0,141371,0
141403,-372,628,-8526,38,-23,6,196144,6493,51,409,13648,37695,357,26,144,0,0,0,0,0,0,0,0,-32307,0,0,0,0,0,141372,0
141404,-670,406,-8252,36,-32,34,196440,6508,59,416,13696,37695,357,26,144,0,0,0,0,0,0,0,0,-32308,0,0,0,0,0,141373,0
141405,-670,406,-8252,36,-32,34,196738,6522,66,429,13728,37695,357,26,144,0,0,0,0,0,0,0,0,-32308,0,0,0,0,0,141374,0
141406,-670,406,-8252,36,-32,34,197034,6527,84,421,13696,37695,357,26,144,0,0,0,0,0,0,0,0,-32308,0,0,0,0,0,141375,0
141407,-670,406,-8252,36,-32,34,197333,6539,99,421,13688,37695,357,26,144,0,0,0,0,0,0,0,0,-32308,0,0,0,0,0,141376,0
141408,-628,590,-8450,-28,-1,61,197631,6548,114,427,13704,37695,357,26,144,0,0,0,0,0,0,0,0,-32307,0,0,0,0,0,141377,0
141409,-628,590,-8450,-28,-1,61,197928,6546,119,431,13728,37695,357,26,144,0,0,0,0,0,0,0,0,-32307,0,0,0,0,0,141378,0
141410,-628,590,-8450,-28,-1,61,198226,6548,131,425,13696,37695,357,26,144,0,0,0,0,0,0,0,0,-32307,0,0,0,0,0,141379,0
141411,-628,590,-8450,-28,-1,61,198524,6550,145,420,13680,37695,357,26,144,0,0,0,0,0,0,0,0,-32308,0,0,0,0,0,141380,0
141412,-664,636,-8210,-49,-11,97,198821,6550,143,421,13696,37695,357,26,144,0,0,0,0,0,0,0,0,-32307,0,0,0,0,0,141381,0
141413,-664,636,-8210,-49,-11,97,199118,6547,149,421,13744,37691,349,26,144,0,0,0,0,0,0,0,0,-32308,0,0,0,0,0,141382,0
141414,-664,636,-8210,-49,-11,97,199414,6533,143,413,13672,37691,349,26,144,0,0,0,0,0,0,0,0,-32307,0,0,0,0,0,141383,0
141415,-664,636,-8210,-49,-11,97,199710,6518,139,409,13608,37691,349,26,144,0,0,0,0,0,0,0,0,-32308,0,0,0,0,0,141384,0
141416,-594,664,-8596,-59,-12,65,200006,6513,128,405,13608,37691,349,26,144,0,0,0,0,0,0,0,0,-32307,0,0,0,0,0,141386,0
141417,-594,664,-8596,-59,-12,65,200299,6501,109,404,13648,37691,349,26,144,0,0,0,0,0,0,0,0,-32307,0,0,0,0,0,141387,0
141418,-594,664,-8596,-59,-12,65,200594,6488,94,399,13584,37691,349,26,144,0,0,0,0,0,0,0,0,-32307,0,0,0,0,0,141391,0
141419,-594,664,-8596,-59,-12,65,200887,6473,74,383,13576,37691,349,26,144,0,0,0,0,0,0,0,0,-32307,0,0,0,0,0,141392,0
141420,-680,576,-8578,-70,-43,147,201181,6463,55,377,13624,37691,349,26,144,0,0,0,0,0,0,0,0,-32307,0,0,0,0,0,141393,0
141421,-680,576,-8578,-70,-43,147,201476,6471,40,367,13648,37691,349,26,144,0,0,0,0,0,0,0,0,-32308,0,0,0,0,0,141394,0
141422,-680,576,-8578,-70,-43,147,201769,6469,16,359,13632,37691,349,26,144,0,0,0,0,0,0,0,0,-32308,0,0,0,0,0,141395,0
141423,-680,576,-8578,-70,-43,147,202066,6482,9,352,13720,37693,351,26,144,0,0,0,0,0,0,0,0,-32307,0,0,0,0,0,141396,0
141424,-482,450,-8334,-88,-36,158,202361,6490,-4,343,13720,37693,351,26,144,0,0,0,0,0,0,0,0,-32307,0,0,0,0,0,141397,0
141425,-482,450,-8334,-88,-36,158,202658,6499,-12,358,13784,37693,351,26,144,0,0,0,0,0,0,0,0,-32307,0,0,0,0,0,141398,0
141426,-482,450,-8334,-88,-36,158,202956,6524,-15,366,13800,37693,351,26,144,0,0,0,0,0,0,0,0,-32308,0,0,0,0,0,141399,0
141427,-482,450,-8334,-88,-36,158,203253,6529,-18,370,13808,37693,351,26,144,0,0,0,0,0,0,0,0,-32307,0,0,0,0,0,141400,0
141428,-410,576,-8256,-118,21,22,203553,6553,-15,382,13864,37693,351,26,144,0,0,0,0,0,0,0,0,-32307,0,0,0,0,0,141401,0
141429,-410,576,-8256,-118,21,22,203851,6561,-12,390,13848,37693,351,26,144,0,0,0,0,0,0,0,0,-32307,0,0,0,0,0,141402,0
141430,-410,576,-8256,-118,21,22,204151,6573,-5,403,13840,37693,351,26,144,0,0,0,0,0,0,0,0,-32307,0,0,0,0,0,141403,0
141431,-410,576,-8256,-118,21,22,204451,6587,8,409,13848,37693,351,26,144,0,0,0,0,0,0,0,0,-32307,0,0,0,0,0,141404,0
141432,-638,408,-8338,-106,17,-11,204751,6590,16,414,13824,37693,351,26,144,0,0,0,0,0,0,0,0,-32307,0,0,0,0,0,141405,0
141433,-638,408,-8338,-106,17,-11,205052,6606,-637,423,13888,37692,352,26,144,0,0,0,0,0,0,0,0,-32307,0,0,0,0,0,141406,0
141434,-638,408,-8338,-106,17,-11,205355,6619,-623,427,13936,37692,352,26,144,0,0,0,0,0,0,0,0,-32308,0,0,0,0,0,141407,0
141435,-638,408,-8338,-106,17,-11,205658,6639,-603,424,13880,37692,352,26,144,0,0,0,0,0,0,0,0,-32307,0,0,0,0,0,141408,0
141436,-622,348,-8452,-109,44,11,205960,6650,-579,426,13888,37692,352,26,144,0,0,0,0,0,0,0,0,-32308,0,0,0,0,0,141409,0
141437,-622,348,-8452,-109,44,11,206263,6657,-570,429,13880,37692,352,26,144,0,0,0,0,0,0,0,0,-32308,0,0,0,0,0,141410,0
141438,-622,348,-8452,-109,44,11,206564,6651,-548,438,13888,37692,352,26,144,0,0,0,0,0,0,0,0,-32307,0,0,0,0,0,141411,0
141439,-622,348,-8452,-109,44,11,206867,6649,-538,426,13856,37692,352,26,144,0,0,0,0,0,0,0,0,-32307,0,0,0,0,0,141412,0
141440,-666,288,-8394,-74,5,33,207167,6641,-191,422,13848,37692,352,26,144,0,0,0,0,0,0,0,0,-32308,0,0,0,0,0,141413,0
141441,-666,288,-8394,-74,5,33,207468,6631,-185,421,13824,37692,352,26,144,0,0,0,0,0,0,0,0,-32308,0,0,0,0,0,141414,0
141442,-666,288,-8394,-74,5,33,207769,6625,-190,412,13856,37692,352,26,144,0,0,0,0,0,0,0,0,-32308,0,0,0,0,0,141415,0
141443,-666,288,-8394,-74,5,33,208069,6612,-187,404,13792,37692,345,26,144,0,0,0,0,0,0,0,0,-32307,0,0,0,0,0,141416,0
141444,-628,468,-8382,-31,2,58,208369,6608,-195,398,13808,37692,345,26,144,0,0,0,0,0,0,0,0,-32308,0,0,0,0,0,141417,0
141445,-628,468,-8382,-31,2,58,208669,6602,-209,381,13800,37692,345,26,144,0,0,0,0,0,0,0,0,-32307,0,0,0,0,0,141418,0
141446,-628,468,-8382,-31,2,58,208969,6598,-218,374,13784,37692,345,26,144,0,0,0,0,0,0,0,0,-32307,0,0,0,0,0,141419,0
141447,-628,468,-8382,-31,2,58,209268,6593,435,376,13880,37692,345,26,144,0,0,0,0,0,0,0,0,-32308,0,0,0,0,0,141420,0
141448,-576,460,-8646,-28,-27,137,209568,6591,420,367,13856,37692,345,26,144,0,0,0,0,0,0,0,0,-32307,0,0,0,0,0,141421,0
141449,-576,460,-8646,-28,-27,137,209869,6599,401,358,13872,37692,345,26,144,0,0,0,0,0,0,0,0,-32308,0,0,0,0,0,141422,0
141450,-576,460,-8646,-28,-27,137,210171,6612,382,359,13944,37692,345,26,144,0,0,0,0,0,0,0,0,-32308,0,0,0,0,0,141423,0
141451,-576,460,-8646,-28,-27,137,210473,6627,376,359,14016,37692,345,26,144,0,0,0,0,0,0,0,0,-32308,0,0,0,0,0,141424,0
141452,-504,592,-8696,46,-97,135,210774,6633,362,362,14040,37692,345,26,144,0,0,0,0,0,0,0,0,-32308,0,0,0,0,0,141425,0
141453,-504,592,-8696,46,-97,135,211077,6642,356,366,14040,37689,351,26,144,0,0,0,0,0,0,0,0,-32307,0,0,0,0,0,141426,0
141454,-504,592,-8696,46,-97,135,211380,6650,687,368,14048,37689,351,26,144,0,0,0,0,0,0,0,0,-32308,0,0,0,0,0,141427,0
141455,-504,592,-8696,46,-97,135,211684,6663,687,378,14096,37689,351,26,144,0,0,0,0,0,0,0,0,-32307,0,0,0,0,0,141428,0
141456,-530,550,-8726,47,-63,47,211989,6679,690,393,14168,37689,351,26,144,0,0,0,0,0,0,0,0,-32307,0,0,0,0,0,141429,0
141457,-530,550,-8726,47,-63,47,212293,6688,690,398,14112,37689,351,26,144,0,0,0,0,0,0,0,0,-32308,0,0,0,0,0,141430,0
141458,-530,550,-8726,47,-63,47,212599,6704,694,399,14152,37689,351,26,144,0,0,0,0,0,0,0,0,-32308,0,0,0,0,0,141431,0
141459,-530,550,-8726,47,-63,47,212905,6717,702,415,14184,37689,351,26,144,0,0,0,0,0,0,0,0,-32307,0,0,0,0,0,141432,0
141460,-622,434,-8406,-5,-19,28,213212,6728,713,425,14216,37689,351,26,144,0,0,0,0,0,0,0,0,-32308,0,0,0,0,0,141433,0
141461,-622,434,-8406,-5,-19,28,213519,6744,52,424,14160,37689,351,26,144,0,0,0,0,0,0,0,0,-32307,0,0,0,0,0,141434,0
141462,-622,434,-8406,-5,-19,28,213826,6751,69,439,14144,37689,351,26,144,0,0,0,0,0,0,0,0,-32307,0,0,0,0,0,141435,0
141463,-622,434,-8406,-5,-19,28,214133,6754,85,439,14160,37688,352,26,144,0,0,0,0,0,0,0,0,-32307,0,0,0,0,0,141436,0
141464,-826,522,-8474,-26,-58,22,214441,6759,99,440,14160,37688,352,26,144,0,0,0,0,0,0,0,0,-32307,0,0,0,0,0,141437,0
141465,-826,522,-8474,-26,-58,22,214749,6761,112,447,14176,37688,352,26,144,0,0,0,0,0,0,0,0,-32308,0,0,0,0,0,141438,0
141466,-826,522,-8474,-26,-58,22,215056,6763,126,447,14104,37688,352,26,144,0,0,0,0,0,0,0,0,-32307,0,0,0,0,0,141439,0
141467,-826,522,-8474,-26,-58,22,215361,6754,135,443,14088,37688,352,26,144,0,0,0,0,0,0,0,0,-32307,0,0,0,0,0,141440,0
141468,-684,444,-8484,-46,-21,43,215667,6742,138,439,14056,37688,352,26,144,0,0,0,0,0,0,0,0,-32307,0,0,0,0,0,141441,0
141469,-684,444,-8484,-46,-21,43,215974,6735,138,432,14072,37688,352,26,144,0,0,0,0,0,0,0,0,-32308,0,0,0,0,0,141442,0
141470,-684,444,-8484,-46,-21,43,216278,6727,139,411,14104,37688,352,26,144,0,0,0,0,0,0,0,0,-32308,0,0,0,0,0,141443,0
141471,-684,444,-8484,-46,-21,43,216581,6710,130,409,14024,37688,352,26,144,0,0,0,0,0,0,0,0,-32307,0,0,0,0,0,141444,0
141472,-674,500,-8528,-51,-68,106,216886,6695,117,403,13976,37688,352,26,144,0,0,0,0,0,0,0,0,-32307,0,0,0,0,0,141445,0
141473,-674,500,-8528,-51,-68,106,217190,6687,103,389,14008,37685,350,26,144,0,0,0,0,0,0,0,0,-32307,0,0,0,0,0,141446,0
141474,-674,500,-8528,-51,-68,106,217492,6680,90,384,14016,37685,350,26,144,0,0,0,0,0,0,0,0,-32308,0,0,0,0,0,141447,0
141475,-674,500,-8528,-51,-68,106,217797,6685,70,366,14032,37685,350,26,144,0,0,0,0,0,0,0,0,-32307,0,0,0,0,0,141448,0
141476,-660,512,-8528,-52,-61,162,218101,6684,53,362,14080,37685,350,26,144,0,0,0,0,0,0,0,0,-32307,0,0,0,0,0,141449,0
141477,-660,512,-8528,-52,-61,162,218406,6691,34,359,14072,37685,350,26,144,0,0,0,0,0,0,0,0,-32308,0,0,0,0,0,141450,0
141478,-660,512,-8528,-52,-61,162,218712,6708,22,351,14128,37685,350,26,144,0,0,0,0,0,0,0,0,-32308,0,0,0,0,0,141451,0
141479,-660,512,-8528,-52,-61,162,219018,6718,14,360,14200,37685,350,26,144,0,0,0,0,0,0,0,0,-32307,0,0,0,0,0,141453,0
141480,-542,542,-8578,-61,-55,90,219327,6738,2,359,14200,37685,350,26,144,0,0,0,0,0,0,0,0,-32308,0,0,0,0,0,141453,0
141481,-542,542,-8578,-61,-55,90,219634,6754,-2,362,14232,37685,350,26,144,0,0,0,0,0,0,0,0,-32308,0,0,0,0,0,141454,0
141482,-542,542,-8578,-61,-55,90,219942,6764,-1,380,14256,37685,350,26,144,0,0,0,0,0,0,0,0,-32307,0,0,0,0,0,141455,0
141483,-542,542,-8578,-61,-55,90,220251,6777,-3,395,14288,37684,352,26,144,0,0,0,0,0,0,0,0,-32307,0,0,0,0,0,141456,0
141484,-516,508,-8676,-58,-13,-31,220558,6777,-2,395,14280,37684,352,26,144,0,0,0,0,0,0,0,0,-32308,0,0,0,0,0,141457,0
141485,-516,508,-8676,-58,-13,-31,220870,6793,2,406,14288,37684,352,26,144,0,0,0,0,0,0,0,0,-32307,0,0,0,0,0,141458,0
141486,-516,508,-8676,-58,-13,-31,221181,6812,15,410,14328,37684,352,26,144,0,0,0,0,0,0,0,0,-32308,0,0,0,0,0,141459,0
141487,-516,508,-8676,-58,-13,-31,221492,6827,26,418,14336,37684,352,26,144,0,0,0,0,0,0,0,0,-32307,0,0,0,0,0,141460,0
141488,-720,368,-8628,-77,55,16,221804,6847,37,429,14360,37684,352,26,144,0,0,0,0,0,0,0,0,-32307,0,0,0,0,0,141461,0
141489,-720,368,-8628,-77,55,16,222116,6853,62,422,14304,37684,352,26,144,0,0,0,0,0,0,0,0,-32307,0,0,0,0,0,141462,0
141490,-720,368,-8628,-77,55,16,222429,6866,78,424,14360,37684,352,26,144,0,0,0,0,0,0,0,0,-32308,0,0,0,0,0,141463,0
141491,-720,368,-8628,-77,55,16,222741,6871,96,420,14344,37684,352,26,144,0,0,0,0,0,0,0,0,-32308,0,0,0,0,0,141464,0
141492,-756,496,-8696,-91,51,24,223053,6871,115,424,14344,37684,352,26,144,0,0,0,0,0,0,0,0,-32307,0,0,0,0,0,141465,0
141493,-756,496,-8696,-91,51,24,223364,6864,129,426,14368,37685,356,26,144,0,0,0,0,0,0,0,0,-32308,0,0,0,0,0,141466,0
141494,-756,496,-8696,-91,51,24,223676,6855,140,425,14304,37685,356,26,144,0,0,0,0,0,0,0,0,-32308,0,0,0,0,0,141467,0
141495,-756,496,-8696,-91,51,24,223986,6849,146,419,14296,37685,356,26,144,0,0,0,0,0,0,0,0,-32308,0,0,0,0,0,141468,0
141496,-796,550,-8284,-37,77,11,224294,6829,148,411,14256,37685,356,26,144,0,0,0,0,0,0,0,0,-32307,0,0,0,0,0,141469,0
141497,-796,550,-8284,-37,77,11,224605,6819,142,401,14240,37685,356,26,144,0,0,0,0,0,0,0,0,-32308,0,0,0,0,0,141470,0
141498,-796,550,-8284,-37,77,11,224914,6808,144,401,14312,37685,356,26,144,0,0,0,0,0,0,0,0,-32308,0,0,0,0,0,141471,0
141499,-796,550,-8284,-37,77,11,225224,6808,138,387,14288,37685,356,26,144,0,0,0,0,0,0,0,0,-32308,0,0,0,0,0,141473,0
141500,-868,446,-8332,-4,58,123,225533,6812,120,374,14344,37685,356,26,144,0,0,0,0,0,0,0,0,-32308,0,0,0,0,0,141473,0
141501,-868,446,-8332,-4,58,123,225844,6813,108,366,14336,37685,356,26,144,0,0,0,0,0,0,0,0,-32308,0,0,0,0,0,141474,0
141502,-868,446,-8332,-4,58,123,226152,6809,93,360,14376,37685,356,26,144,0,0,0,0,0,0,0,0,-32307,0,0,0,0,0,141475,0
141503,-868,446,-8332,-4,58,123,226465,6820,70,351,14416,37689,358,26,144,0,0,0,0,0,0,0,0,-32308,0,0,0,0,0,141477,0
141504,-724,460,-8624,24,84,158,226774,6825,65,357,14384,37689,358,26,144,0,0,0,0,0,0,0,0,-32307,0,0,0,0,0,141477,0
141505,-724,460,-8624,24,84,158,227087,6840,43,347,14480,37689,358,26,144,0,0,0,0,0,0,0,0,-32308,0,0,0,0,0,141478,0
141506,-724,460,-8624,24,84,158,227400,6860,39,361,14480,37689,358,26,144,0,0,0,0,0,0,0,0,-32308,0,0,0,0,0,141479,0
141507,-724,460,-8624,24,84,158,227711,6860,30,372,14464,37689,358,26,144,0,0,0,0,0,0,0,0,-32308,0,0,0,0,0,141480,0
141508,-594,634,-8158,4,69,36,228025,6878,21,384,14568,37689,358,26,144,0,0,0,0,0,0,0,0,-32308,0,0,0,0,0,141481,0
141509,-594,634,-8158,4,69,36,228340,6886,21,384,14568,37689,358,26,144,0,0,0,0,0,0,0,0,-32308,0,0,0,0,0,141483,0
141510,-594,634,-8158,4,69,36,228654,6902,25,392,14568,37689,358,26,144,0,0,0,0,0,0,0,0,-32308,0,0,0,0,0,141484,0
141511,-594,634,-8158,4,69,36,228970,6921,29,402,14584,37689,358,26,144,0,0,0,0,0,0,0,0,-32308,0,0,0,0,0,141485,0
141512,-724,592,-8666,-34,142,41,229285,6929,35,414,14584,37689,358,26,144,0,0,0,0,0,0,0,0,-32308,0,0,0,0,0,141486,0
141513,-724,592,-8666,-34,142,41,229601,6939,36,421,14656,37686,357,26,144,0,0,0,0,0,0,0,0,-32307,0,0,0,0,0,141487,0
141514,-724,592,-8666,-34,142,41,229919,6953,49,420,14624,37686,357,26,144,0,0,0,0,0,0,0,0,-32307,0,0,0,0,0,141488,0
141515,-724,592,-8666,-34,142,41,230236,6963,69,425,14616,37686,357,26,144,0,0,0,0,0,0,0,0,-32307,0,0,0,0,0,141489,0
141516,-706,456,-8438,-32,159,22,230554,6977,78,433,14648,37686,357,26,144,0,0,0,0,0,0,0,0,-32307,0,0,0,0,0,141490,0
141517,-706,456,-8438,-32,159,22,230870,6979,99,437,14640,37686,357,26,144,0,0,0,0,0,0,0,0,-32307,0,0,0,0,0,141491,0
141518,-706,456,-8438,-32,159,22,231187,6975,108,436,14608,37686,357,26,144,0,0,0,0,0,0,0,0,-32308,0,0,0,0,0,141492,0
141519,-706,456,-8438,-32,159,22,231503,6970,125,436,14584,37686,357,26,144,0,0,0,0,0,0,0,0,-32307,0,0,0,0,0,141493,0
141520,-734,438,-8484,-67,189,41,231819,6959,131,434,14552,37686,357,26,144,0,0,0,0,0,0,0,0,-32307,0,0,0,0,0,141494,0
141521,-734,438,-8484,-67,189,41,232134,6950,136,427,14552,37686,357,26,144,0,0,0,0,0,0,0,0,-32308,0,0,0,0,0,141495,0
141522,-734,438,-8484,-67,189,41,232449,6941,139,420,14528,37686,357,26,144,0,0,0,0,0,0,0,0,-32307,0,0,0,0,0,141496,0
141523,-734,438,-8484,-67,189,41,232763,6931,137,408,14488,37683,362,26,144,0,0,0,0,0,0,0,0,-32307,0,0,0,0,0,141497,0
141524,-802,376,-8292,-70,171,84,233075,6912,128,406,14504,37683,362,26,144,0,0,0,0,0,0,0,0,-32307,0,0,0,0,0,141498,0
141525,-802,376,-8292,-70,171,84,233389,6900,109,392,14464,37683,362,26,144,0,0,0,0,0,0,0,0,-32308,0,0,0,0,0,141499,0
141526,-802,376,-8292,-70,171,84,233703,6891,100,380,14488,37683,362,26,144,0,0,0,0,0,0,0,0,-32307,0,0,0,0,0,141500,0
141527,-802,376,-8292,-70,171,84,234016,6891,86,369,14456,37683,362,26,144,0,0,0,0,0,0,0,0,-32307,0,0,0,0,0,141501,0
141528,-732,442,-8422,-30,138,147,234328,6892,69,357,14528,37683,362,26,144,0,0,0,0,0,0,0,0,-32307,0,0,0,0,0,141502,0
141529,-732,442,-8422,-30,138,147,234642,6887,46,353,14584,37683,362,26,144,0,0,0,0,0,0,0,0,-32307,0,0,0,0,0,141503,0
141530,-732,442,-8422,-30,138,147,234957,6895,32,349,14536,37683,362,26,144,0,0,0,0,0,0,0,0,-32308,0,0,0,0,0,141504,0
141531,-732,442,-8422,-30,138,147,235272,6909,11,346,14640,37683,362,26,144,0,0,0,0,0,0,0,0,-32308,0,0,0,0,0,141505,0
141532,-502,618,-8520,-37,111,107,235587,6926,8,351,14616,37683,362,26,144,0,0,0,0,0,0,0,0,-32307,0,0,0,0,0,141506,0
141533,-502,618,-8520,-37,111,107,235905,6947,-8,363,14696,37684,362,26,144,0,0,0,0,0,0,0,0,-32308,0,0,0,0,0,141507,0
141534,-502,618,-8520,-37,111,107,236222,6959,-7,370,14760,37684,362,26,144,0,0,0,0,0,0,0,0,-32307,0,0,0,0,0,141508,0
141535,-502,618,-8520,-37,111,107,236539,6973,-8,383,14744,37684,362,26,144,0,0,0,0,0,0,0,0,-32308,0,0,0,0,0,141509,0
141536,-512,502,-8300,-60,155,-49,236857,6980,-13,394,14760,37684,362,26,144,0,0,0,0,0,0,0,0,-32307,0,0,0,0,0,141510,0
141537,-512,502,-8300,-60,155,-49,237176,6989,-10,409,14768,37684,362,26,144,0,0,0,0,0,0,0,0,-32307,0,0,0,0,0,141511,0
141538,-512,502,-8300,-60,155,-49,237496,7006,-2,409,14832,37684,362,26,144,0,0,0,0,0,0,0,0,-32308,0,0,0,0,0,141512,0
141539,-512,502,-8300,-60,155,-49,237817,7025,12,418,14824,37684,362,26,144,0,0,0,0,0,0,0,0,-32307,0,0,0,0,0,141513,0
141540,-734,414,-8268,-72,169,-30,238137,7040,27,430,14864,37684,362,26,144,0,0,0,0,0,0,0,0,-32308,0,0,0,0,0,141514,0
141541,-734,414,-8268,-72,169,-30,238457,7047,36,436,14784,37684,362,26,144,0,0,0,0,0,0,0,0,-32308,0,0,0,0,0,141515,0
141542,-734,414,-8268,-72,169,-30,238780,7062,51,441,14768,37684,362,26,144,0,0,0,0,0,0,0,0,-32307,0,0,0,0,0,141516,0
141543,-734,414,-8268,-72,169,-30,239101,7067,80,445,14776,37683,376,26,144,0,0,0,0,0,0,0,0,-32308,0,0,0,0,0,141517,0
141544,-680,250,-8790,-38,137,-85,239423,7076,97,445,14776,37683,376,26,144,0,0,0,0,0,0,0,0,-32308,0,0,0,0,0,141518,0
141545,-680,250,-8790,-38,137,-85,239743,7069,116,451,14832,37683,376,26,144,0,0,0,0,0,0,0,0,-32308,0,0,0,0,0,141519,0
141546,-680,250,-8790,-38,137,-85,240063,7057,127,454,14712,37683,376,26,144,0,0,0,0,0,0,0,0,-32307,0,0,0,0,0,141520,0
141547,-680,250,-8790,-38,137,-85,240383,7047,137,447,14728,37683,376,26,144,0,0,0,0,0,0,0,0,-32308,0,0,0,0,0,141521,0
141548,-576,242,-8504,13,137,-3,240702,7037,139,438,14672,37683,376,26,144,0,0,0,0,0,0,0,0,-32308,0,0,0,0,0,141522,0
141549,-576,242,-8504,13,137,-3,241021,7030,143,426,14648,37683,376,26,144,0,0,0,0,0,0,0,0,-32307,0,0,0,0,0,141523,0
141550,-576,242,-8504,13,137,-3,241339,7017,141,415,14648,37683,376,26,144,0,0,0,0,0,0,0,0,-32307,0,0,0,0,0,141524,0
141551,-576,242,-8504,13,137,-3,241659,7015,136,405,14688,37683,376,26,144,0,0,0,0,0,0,0,0,-32307,0,0,0,0,0,141525,0
141552,-670,232,-8468,14,89,106,241975,7004,128,397,14656,37683,376,26,144,0,0,0,0,0,0,0,0,-32308,0,0,0,0,0,141526,0
141553,-670,232,-8468,14,89,106,242297,7012,107,385,14728,37685,377,26,144,0,0,0,0,0,0,0,0,-32307,0,0,0,0,0,141527,0
141554,-670,232,-8468,14,89,106,242617,7025,101,373,14752,37685,377,26,144,0,0,0,0,0,0,0,0,-32307,0,0,0,0,0,141528,0
141555,-670,232,-8468,14,89,106,242936,7029,90,367,14792,37685,377,26,144,0,0,0,0,0,0,0,0,-32308,0,0,0,0,0,141529,0
141556,-536,438,-8144,67,-13,156,243257,7045,77,367,14840,37685,377,26,144,0,0,0,0,0,0,0,0,-32307,0,0,0,0,0,141530,0
141557,-536,438,-8144,67,-13,156,243578,7048,59,362,14872,37685,377,26,144,0,0,0,0,0,0,0,0,-32308,0,0,0,0,0,141531,0
141558,-536,438,-8144,67,-13,156,243899,7054,50,369,14856,37685,377,26,144,0,0,0,0,0,0,0,0,-32307,0,0,0,0,0,141532,0
141559,-536,438,-8144,67,-13,156,244221,7065,38,373,14880,37685,377,26,144,0,0,0,0,0,0,0,0,-32307,0,0,0,0,0,141533,0
141560,-478,644,-8242,77,-20,55,244544,7073,35,384,14936,37685,377,26,144,0,0,0,0,0,0,0,0,-32307,0,0,0,0,0,141534,0
141561,-478,644,-8242,77,-20,55,244867,7089,28,375,14952,37685,377,26,144,0,0,0,0,0,0,0,0,-32307,0,0,0,0,0,141535,0
141562,-478,644,-8242,77,-20,55,245192,7111,30,393,15032,37685,377,26,144,0,0,0,0,0,0,0,0,-32307,0,0,0,0,0,141536,0
141563,-478,644,-8242,77,-20,55,245515,7121,38,400,14976,37681,377,26,144,0,0,0,0,0,0,0,0,-32307,0,0,0,0,0,141537,0
141564,-424,712,-8596,23,14,33,245841,7131,35,403,15008,37681,377,26,144,0,0,0,0,0,0,0,0,-32307,0,0,0,0,0,141538,0
141565,-424,712,-8596,23,14,33,246167,7144,47,408,15024,37681,377,26,144,0,0,0,0,0,0,0,0,-32308,0,0,0,0,0,141539,0
141566,-424,712,-8596,23,14,33,246493,7157,54,405,15056,37681,377,26,144,0,0,0,0,0,0,0,0,-32307,0,0,0,0,0,141540,0
141567,-424,712,-8596,23,14,33,246820,7173,74,412,15032,37681,377,26,144,0,0,0,0,0,0,0,0,-32308,0,0,0,0,0,141541,0
141568,-500,376,-8388,18,38,0,247146,7178,85,434,15032,37681,377,26,144,0,0,0,0,0,0,0,0,-32307,0,0,0,0,0,141542,0
141569,-500,376,-8388,18,38,0,247470,7172,95,436,14976,37681,377,26,144,0,0,0,0,0,0,0,0,-32308,0,0,0,0,0,141543,0
141570,-500,376,-8388,18,38,0,247797,7169,101,436,14976,37681,377,26,144,0,0,0,0,0,0,0,0,-32307,0,0,0,0,0,141544,0
141571,-500,376,-8388,18,38,0,248121,7159,119,429,14944,37681,377,26,144,0,0,0,0,0,0,0,0,-32307,0,0,0,0,0,141545,0
141572,-616,552,-8414,-28,38,26,248446,7151,124,423,14928,37681,377,26,144,0,0,0,0,0,0,0,0,-32307,0,0,0,0,0,141546,0
141573,-616,552,-8414,-28,38,26,248770,7144,130,427,14896,37678,375,26,144,0,0,0,0,0,0,0,0,-32307,0,0,0,0,0,141547,0
141574,-616,552,-8414,-28,38,26,249092,7124,133,418,14872,37678,375,26,144,0,0,0,0,0,0,0,0,-32307,0,0,0,0,0,141548,0
141575,-616,552,-8414,-28,38,26,249415,7114,120,412,14832,37678,375,26,144,0,0,0,0,0,0,0,0,-32307,0,0,0,0,0,141549,0
141576,-728,544,-8322,-32,4,88,249735,7094,114,398,14864,37678,375,26,144,0,0,0,0,0,0,0,0,-32307,0,0,0,0,0,141550,0
141577,-728,544,-8322,-32,4,88,250057,7080,97,379,14848,37678,375,26,144,0,0,0,0,0,0,0,0,-32308,0,0,0,0,0,141551,0
141578,-728,544,-8322,-32,4,88,250379,7077,83,360,14864,37678,375,26,144,0,0,0,0,0,0,0,0,-32307,0,0,0,0,0,141552,0
141579,-728,544,-8322,-32,4,88,250702,7078,64,360,14872,37678,375,26,144,0,0,0,0,0,0,0,0,-32308,0,0,0,0,0,141553,0
141580,-550,592,-8518,-34,-41,176,251023,7083,51,355,14936,37678,375,26,144,0,0,0,0,0,0,0,0,-32307,0,0,0,0,0,141554,0
141581,-550,592,-8518,-34,-41,176,251347,7091,24,343,14944,37678,375,26,144,0,0,0,0,0,0,0,0,-32307,0,0,0,0,0,141555,0
141582,-550,592,-8518,-34,-41,176,251671,7103,16,345,15024,37678,375,26,144,0,0,0,0,0,0,0,0,-32307,0,0,0,0,0,141556,0
141583,-550,592,-8518,-34,-41,176,251997,7126,5,357,15000,37680,364,26,144,0,0,0,0,0,0,0,0,-32307,0,0,0,0,0,141557,0
141584,-472,614,-8442,-55,-17,61,252321,7142,2,357,15040,37680,364,26,144,0,0,0,0,0,0,0,0,-32307,0,0,0,0,0,141558,0
141585,-472,614,-8442,-55,-17,61,252647,7150,-7,385,15064,37680,364,26,144,0,0,0,0,0,0,0,0,-32307,0,0,0,0,0,141559,0
141586,-472,614,-8442,-55,-17,61,252973,7160,-9,382,15136,37680,364,26,144,0,0,0,0,0,0,0,0,-32307,0,0,0,0,0,141560,0
141587,-472,614,-8442,-55,-17,61,253299,7164,-15,384,15080,37680,364,26,144,0,0,0,0,0,0,0,0,-32308,0,0,0,0,0,141561,0
141588,-442,560,-8644,-89,29,-3,253630,7191,-14,403,15160,37680,364,26,144,0,0,0,0,0,0,0,0,-32308,0,0,0,0,0,141562,0
141589,-442,560,-8644,-89,29,-3,253957,7208,0,414,15176,37680,364,26,144,0,0,0,0,0,0,0,0,-32308,0,0,0,0,0,141563,0
141590,-442,560,-8644,-89,29,-3,254285,7217,4,414,15192,37680,364,26,144,0,0,0,0,0,0,0,0,-32307,0,0,0,0,0,141564,0
141591,-442,560,-8644,-89,29,-3,254615,7229,22,408,15184,37680,364,26,144,0,0,0,0,0,0,0,0,-32308,0,0,0,0,0,141565,0
141592,-574,424,-8376,-116,68,2,254946,7237,34,421,15176,37680,364,26,144,0,0,0,0,0,0,0,0,-32308,0,0,0,0,0,141566,0
141593,-574,424,-8376,-116,68,2,255276,7257,57,428,15192,37680,374,26,144,0,0,0,0,0,0,0,0,-32308,0,0,0,0,0,141567,0
141594,-574,424,-8376,-116,68,2,255606,7268,73,440,15224,37680,374,26,144,0,0,0,0,0,0,0,0,-32308,0,0,0,0,0,141568,0
141595,-574,424,-8376,-116,68,2,255935,7261,96,442,15168,37680,374,26,144,0,0,0,0,0,0,0,0,-32308,0,0,0,0,0,141569,0
141596,-628,352,-8356,-79,53,-17,256264,7250,108,431,15112,37680,374,26,144,0,0,0,0,0,0,0,0,-32308,0,0,0,0,0,141570,0
141597,-628,352,-8356,-79,53,-17,256592,7238,121,435,15088,37680,374,26,144,0,0,0,0,0,0,0,0,-32308,0,0,0,0,0,141571,0
141598,-628,352,-8356,-79,53,-17,256920,7226,126,431,15144,37680,374,26,144,0,0,0,0,0,0,0,0,-32307,0,0,0,0,0,141572,0
141599,-628,352,-8356,-79,53,-17,257247,7215,137,426,15040,37680,374,26,144,0,0,0,0,0,0,0,0,-32308,0,0,0,0,0,141573,0
141600,-656,406,-8560,-80,83,59,257572,7195,134,417,15032,37680,374,26,144,0,0,0,0,0,0,0,0,-32308,0,0,0,0,0,141574,0
141601,-656,406,-8560,-80,83,59,257900,7189,128,405,15032,37680,374,26,144,0,0,0,0,0,0,0,0,-32307,0,0,0,0,0,141575,0
141602,-656,406,-8560,-80,83,59,258228,7193,129,386,15072,37680,374,26,144,0,0,0,0,0,0,0,0,-32308,0,0,0,0,0,141576,0
141603,-656,406,-8560,-80,83,59,258554,7194,113,368,15096,37680,368,26,144,0,0,0,0,0,0,0,0,-32308,0,0,0,0,0,141577,0
141604,-542,428,-8478,-34,72,191,258881,7199,102,365,15176,37680,368,26,144,0,0,0,0,0,0,0,0,-32307,0,0,0,0,0,141578,0
141605,-542,428,-8478,-34,72,191,259211,7205,85,360,15192,37680,368,26,144,0,0,0,0,0,0,0,0,-32307,0,0,0,0,0,141579,0
141606,-542,428,-8478,-34,72,191,259538,7207,76,358,15152,37680,368,26,144,0,0,0,0,0,0,0,0,-32308,0,0,0,0,0,141580,0
141607,-542,428,-8478,-34,72,191,259866,7217,57,357,15216,37680,368,26,144,0,0,0,0,0,0,0,0,-32308,0,0,0,0,0,141581,0
141608,-346,608,-8666,-30,78,169,260196,7225,47,355,15216,37680,368,26,144,0,0,0,0,0,0,0,0,-32307,0,0,0,0,0,141582,0
141609,-346,608,-8666,-30,78,169,260526,7234,33,363,15280,37680,368,26,144,0,0,0,0,0,0,0,0,-32308,0,0,0,0,0,141583,0
141610,-346,608,-8666,-30,78,169,260856,7250,23,366,15336,37680,368,26,144,0,0,0,0,0,0,0,0,-32308,0,0,0,0,0,141584,0
141611,-346,608,-8666,-30,78,169,261188,7265,20,378,15344,37680,368,26,144,0,0,0,0,0,0,0,0,-32308,0,0,0,0,0,141585,0
141612,-484,586,-8604,-18,94,70,261520,7282,25,391,15384,37680,368,26,144,0,0,0,0,0,0,0,0,-32307,0,0,0,0,0,141586,0
141613,-484,586,-8604,-18,94,70,261852,7296,21,398,15352,37677,369,26,144,0,0,0,0,0,0,0,0,-32307,0,0,0,0,0,141587,0
141614,-484,586,-8604,-18,94,70,262185,7310,25,401,15384,37677,369,26,144,0,0,0,0,0,0,0,0,-32307,0,0,0,0,0,141588,0
141615,-484,586,-8604,-18,94,70,262518,7317,37,407,15376,37677,369,26,144,0,0,0,0,0,0,0,0,-32308,0,0,0,0,0,141589,0
141616,-550,586,-8650,-69,154,37,262852,7327,39,412,15400,37677,369,26,144,0,0,0,0,0,0,0,0,-32307,0,0,0,0,0,141590,0
141617,-550,586,-8650,-69,154,37,263186,7335,56,413,15432,37677,369,26,144,0,0,0,0,0,0,0,0,-32308,0,0,0,0,0,141591,0
141618,-550,586,-8650,-69,154,37,263521,7344,68,422,15424,37677,369,26,144,0,0,0,0,0,0,0,0,-32307,0,0,0,0,0,141592,0
141619,-550,586,-8650,-69,154,37,263854,7346,81,429,15376,37677,369,26,144,0,0,0,0,0,0,0,0,-32307,0,0,0,0,0,141593,0
141620,-656,584,-8552,-79,132,42,264187,7341,88,438,15336,37677,369,26,144,0,0,0,0,0,0,0,0,-32307,0,0,0,0,0,141594,0
141621,-656,584,-8552,-79,132,42,264520,7334,105,427,15288,37677,369,26,144,0,0,0,0,0,0,0,0,-32307,0,0,0,0,0,141595,0
141622,-656,584,-8552,-79,132,42,264852,7322,118,426,15256,37677,369,26,144,0,0,0,0,0,0,0,0,-32307,0,0,0,0,0,141596,0
141623,-656,584,-8552,-79,132,42,265182,7309,121,423,15240,37675,378,26,144,0,0,0,0,0,0,0,0,-32307,0,0,0,0,0,141597,0
141624,-610,410,-8362,-79,144,75,265512,7290,117,421,15208,37675,378,26,144,0,0,0,0,0,0,0,0,-32308,0,0,0,0,0,141598,0
141625,-610,410,-8362,-79,144,75,265842,7271,115,409,15192,37675,378,26,144,0,0,0,0,0,0,0,0,-32307,0,0,0,0,0,141599,0
141626,-610,410,-8362,-79,144,75,266171,7256,104,394,15192,37675,378,26,144,0,0,0,0,0,0,0,0,-32307,0,0,0,0,0,141600,0
141627,-610,410,-8362,-79,144,75,266500,7245,89,372,15224,37675,378,26,144,0,0,0,0,0,0,0,0,-32307,0,0,0,0,0,141601,0
141628,-734,480,-8260,-31,61,215,266829,7239,76,350,15200,37675,378,26,144,0,0,0,0,0,0,0,0,-32307,0,0,0,0,0,141602,0
141629,-734,480,-8260,-31,61,215,267158,7239,54,333,15280,37675,378,26,144,0,0,0,0,0,0,0,0,-32308,0,0,0,0,0,141603,0
141630,-734,480,-8260,-31,61,215,267488,7244,39,332,15288,37675,378,26,144,0,0,0,0,0,0,0,0,-32307,0,0,0,0,0,141604,0
141631,-734,480,-8260,-31,61,215,267818,7253,25,335,15368,37675,378,26,144,0,0,0,0,0,0,0,0,-32307,0,0,0,0,0,141605,0
141632,-578,640,-8614,-32,31,162,268150,7267,8,339,15360,37675,378,26,144,0,0,0,0,0,0,0,0,-32307,0,0,0,0,0,141606,0
141633,-578,640,-8614,-32,31,162,268484,7289,-7,352,15424,37684,382,26,144,0,0,0,0,0,0,0,0,-32308,0,0,0,0,0,141607,0
141634,-578,640,-8614,-32,31,162,268816,7305,-6,358,15448,37684,382,26,144,0,0,0,0,0,0,0,0,-32308,0,0,0,0,0,141608,0
141635,-578,640,-8614,-32,31,162,269150,7322,-16,374,15472,37684,382,26,144,0,0,0,0,0,0,0,0,-32307,0,0,0,0,0,141609,0
141636,-474,638,-8438,-62,20,-16,269485,7335,-21,376,15496,37684,382,26,144,0,0,0,0,0,0,0,0,-32308,0,0,0,0,0,141610,0
141637,-474,638,-8438,-62,20,-16,269820,7348,-16,402,15520,37684,382,26,144,0,0,0,0,0,0,0,0,-32307,0,0,0,0,0,141611,0
141638,-474,638,-8438,-62,20,-16,270152,7353,-9,416,15568,37684,382,26,144,0,0,0,0,0,0,0,0,-32307,0,0,0,0,0,141612,0
141639,-474,638,-8438,-62,20,-16,270490,7363,-9,421,15480,37684,382,26,144,0,0,0,0,0,0,0,0,-32307,0,0,0,0,0,141613,0
141640,-644,596,-8686,-96,36,-26,270827,7380,4,431,15520,37684,382,26,144,0,0,0,0,0,0,0,0,-32307,0,0,0,0,0,141614,0
141641,-644,596,-8686,-96,36,-26,271165,7404,19,431,15552,37684,382,26,144,0,0,0,0,0,0,0,0,-32308,0,0,0,0,0,141615,0
141642,-644,596,-8686,-96,36,-26,271502,7424,38,432,15576,37684,382,26,144,0,0,0,0,0,0,0,0,-32308,0,0,0,0,0,141616,0
141643,-644,596,-8686,-96,36,-26,271839,7421,54,435,15504,37682,389,26,144,0,0,0,0,0,0,0,0,-32308,0,0,0,0,0,141617,0
141644,-706,528,-8282,-39,-19,10,272175,7413,71,446,15464,37682,389,26,144,0,0,0,0,0,0,0,0,-32307,0,0,0,0,0,141618,0
141645,-706,528,-8282,-39,-19,10,272511,7406,88,448,15440,37682,389,26,144,0,0,0,0,0,0,0,0,-32308,0,0,0,0,0,141619,0
141646,-706,528,-8282,-39,-19,10,272846,7395,108,458,15376,37682,389,26,144,0,0,0,0,0,0,0,0,-32308,0,0,0,0,0,141620,0
141647,-706,528,-8282,-39,-19,10,273181,7380,117,456,15360,37682,389,26,144,0,0,0,0,0,0,0,0,-32307,0,0,0,0,0,141621,0
141648,-752,486,-8290,4,-53,53,273514,7364,119,448,15312,37682,389,26,144,0,0,0,0,0,0,0,0,-32307,0,0,0,0,0,141622,0
141649,-752,486,-8290,4,-53,53,273847,7344,120,437,15264,37682,389,26,144,0,0,0,0,0,0,0,0,-32308,0,0,0,0,0,141623,0
141650,-752,486,-8290,4,-53,53,274179,7326,118,419,15264,37682,389,26,144,0,0,0,0,0,0,0,0,-32308,0,0,0,0,0,141624,0
141651,-752,486,-8290,4,-53,53,274511,7315,109,403,15320,37682,389,26,144,0,0,0,0,0,0,0,0,-32308,0,0,0,0,0,141625,0
141652,-666,504,-8274,50,-130,225,274844,7311,96,390,15352,37682,389,26,144,0,0,0,0,0,0,0,0,-32308,0,0,0,0,0,141626,0
141653,-666,504,-8274,50,-130,225,275176,7312,91,375,15296,37682,378,26,144,0,0,0,0,0,0,0,0,-32308,0,0,0,0,0,141627,0
141654,-666,504,-8274,50,-130,225,275507,7308,70,365,15344,37682,378,26,144,0,0,0,0,0,0,0,0,-32308,0,0,0,0,0,141628,0
141655,-666,504,-8274,50,-130,225,275839,7303,44,351,15352,37682,378,26,144,0,0,0,0,0,0,0,0,-32308,0,0,0,0,0,141629,0
141656,-496,744,-8546,64,-135,242,276174,7310,23,348,15352,37682,378,26,144,0,0,0,0,0,0,0,0,-32308,0,0,0,0,0,141630,0
141657,-496,744,-8546,64,-135,242,276505,7311,9,339,15392,37682,378,26,144,0,0,0,0,0,0,0,0,-32308,0,0,0,0,0,141631,0
141658,-496,744,-8546,64,-135,242,276839,7326,-14,356,15416,37682,378,26,144,0,0,0,0,0,0,0,0,-32307,0,0,0,0,0,141632,0
141659,-496,744,-8546,64,-135,242,277172,7329,-26,362,15504,37682,378,26,144,0,0,0,0,0,0,0,0,-32308,0,0,0,0,0,141633,0
141660,-436,788,-8600,26,-125,58,277507,7335,-38,373,15432,37682,378,26,144,0,0,0,0,0,0,0,0,-32308,0,0,0,0,0,141634,0
141661,-436,788,-8600,26,-125,58,277843,7356,-45,379,15472,37682,378,26,144,0,0,0,0,0,0,0,0,-32307,0,0,0,0,0,141635,0
141662,-436,788,-8600,26,-125,58,278178,7366,-43,383,15504,37682,378,26,144,0,0,0,0,0,0,0,0,-32308,0,0,0,0,0,141636,0
141663,-436,788,-8600,26,-125,58,278514,7381,-45,401,15528,37676,375,26,144,0,0,0,0,0,0,0,0,-32307,0,0,0,0,0,141637,0
141664,-390,758,-8612,-81,-38,-41,278852,7393,-43,403,15520,37676,375,26,144,0,0,0,0,0,0,0,0,-32308,0,0,0,0,0,141638,0
141665,-390,758,-8612,-81,-38,-41,279188,7401,-27,422,15512,37676,375,26,144,0,0,0,0,0,0,0,0,-32307,0,0,0,0,0,141639,0
141666,-390,758,-8612,-81,-38,-41,279524,7405,-18,425,15552,37676,375,26,144,0,0,0,0,0,0,0,0,-32308,0,0,0,0,0,141640,0
141667,-390,758,-8612,-81,-38,-41,279863,7414,-17,431,15488,37676,375,26,144,0,0,0,0,0,0,0,0,-32307,0,0,0,0,0,141641,0
141668,-530,568,-8304,-112,-14,-28,280200,7415,4,443,15488,37676,375,26,144,0,0,0,0,0,0,0,0,-32307,0,0,0,0,0,141642,0
141669,-530,568,-8304,-112,-14,-28,280536,7413,21,433,15456,37676,375,26,144,0,0,0,0,0,0,0,0,-32308,0,0,0,0,0,141643,0
141670,-530,568,-8304,-112,-14,-28,280872,7407,39,442,15464,37676,375,26,144,0,0,0,0,0,0,0,0,-32307,0,0,0,0,0,141644,0
141671,-530,568,-8304,-112,-14,-28,281206,7387,47,432,15392,37676,375,26,144,0,0,0,0,0,0,0,0,-32307,0,0,0,0,0,141645,0
141672,-476,352,-8524,-61,-7,-7,281541,7376,58,436,15400,37676,375,26,144,0,0,0,0,0,0,0,0,-32307,0,0,0,0,0,141646,0
141673,-476,352,-8524,-61,-7,-7,281875,7366,65,424,15432,37674,379,26,144,0,0,0,0,0,0,0,0,-32308,0,0,0,0,0,141647,0
141674,-476,352,-8524,-61,-7,-7,282208,7349,70,426,15344,37674,379,26,144,0,0,0,0,0,0,0,0,-32307,0,0,0,0,0,141648,0
141675,-476,352,-8524,-61,-7,-7,282539,7333,65,414,15336,37674,379,26,144,0,0,0,0,0,0,0,0,-32307,0,0,0,0,0,141649,0
141676,-756,364,-8622,-32,-67,100,282873,7320,56,387,15336,37674,379,26,144,0,0,0,0,0,0,0,0,-32307,0,0,0,0,0,141650,0
141677,-756,364,-8622,-32,-67,100,283204,7310,51,377,15352,37674,379,26,144,0,0,0,0,0,0,0,0,-32308,0,0,0,0,0,141651,0
141678,-756,364,-8622,-32,-67,100,283538,7314,34,350,15392,37674,379,26,144,0,0,0,0,0,0,0,0,-32307,0,0,0,0,0,141652,0
141679,-756,364,-8622,-32,-67,100,283870,7318,24,341,15464,37674,379,26,144,0,0,0,0,0,0,0,0,-32307,0,0,0,0,0,141653,0
141680,-646,368,-8270,-25,-83,202,284206,7330,10,343,15456,37674,379,26,144,0,0,0,0,0,0,0,0,-32307,0,0,0,0,0,141654,0
141681,-646,368,-8270,-25,-83,202,284540,7348,9,341,15456,37674,379,26,144,0,0,0,0,0,0,0,0,-32307,0,0,0,0,0,141655,0
141682,-646,368,-8270,-25,-83,202,284876,7364,-6,349,15560,37674,379,26,144,0,0,0,0,0,0,0,0,-32308,0,0,0,0,0,141656,0
141683,-646,368,-8270,-25,-83,202,285212,7378,-14,358,15536,37678,378,26,144,0,0,0,0,0,0,0,0,-32308,0,0,0,0,0,141657,0
141684,-380,472,-8326,1,-19,4,285549,7386,-19,360,15592,37678,378,26,144,0,0,0,0,0,0,0,0,-32307,0,0,0,0,0,141658,0
141685,-380,472,-8326,1,-19,4,285888,7407,-14,378,15624,37678,378,26,144,0,0,0,0,0,0,0,0,-32308,0,0,0,0,0,141659,0
141686,-380,472,-8326,1,-19,4,286224,7415,-14,394,15640,37678,378,26,144,0,0,0,0,0,0,0,0,-32308,0,0,0,0,0,141660,0
141687,-380,472,-8326,1,-19,4,286563,7431,-12,414,15712,37678,378,26,144,0,0,0,0,0,0,0,0,-32307,0,0,0,0,0,141661,0
141688,-562,416,-8540,-21,50,-65,286904,7448,-7,418,15624,37678,378,26,144,0,0,0,0,0,0,0,0,-32308,0,0,0,0,0,141662,0
141689,-562,416,-8540,-21,50,-65,287245,7467,6,430,15656,37678,378,26,144,0,0,0,0,0,0,0,0,-32308,0,0,0,0,0,141663,0
141690,-562,416,-8540,-21,50,-65,287585,7490,28,428,15664,37678,378,26,144,0,0,0,0,0,0,0,0,-32308,0,0,0,0,0,141664,0
141691,-562,416,-8540,-21,50,-65,287925,7493,39,436,15648,37678,378,26,144,0,0,0,0,0,0,0,0,-32307,0,0,0,0,0,141665,0
141692,-678,310,-8368,-15,117,-67,288268,7499,58,439,15608,37678,378,26,144,0,0,0,0,0,0,0,0,-32308,0,0,0,0,0,141666,0
141693,-678,310,-8368,-15,117,-67,288608,7498,81,444,15616,37675,382,26,144,0,0,0,0,0,0,0,0,-32307,0,0,0,0,0,141667,0
141694,-678,310,-8368,-15,117,-67,288949,7502,100,451,15624,37675,382,26,144,0,0,0,0,0,0,0,0,-32308,0,0,0,0,0,141668,0
141695,-678,310,-8368,-15,117,-67,289289,7496,110,456,15576,37675,382,26,144,0,0,0,0,0,0,0,0,-32308,0,0,0,0,0,141669,0
141696,-612,308,-8538,-10,146,-40,289626,7471,128,457,15560,37675,382,26,144,0,0,0,0,0,0,0,0,-32308,0,0,0,0,0,141670,0
141697,-612,308,-8538,-10,146,-40,289965,7457,133,437,15560,37675,382,26,144,0,0,0,0,0,0,0,0,-32308,0,0,0,0,0,141671,0
141698,-612,308,-8538,-10,146,-40,290302,7439,137,415,15512,37675,382,26,144,0,0,0,0,0,0,0,0,-32307,0,0,0,0,0,141672,0
141699,-612,308,-8538,-10,146,-40,290639,7431,138,397,15520,37675,382,26,144,0,0,0,0,0,0,0,0,-32308,0,0,0,0,0,141673,0
141700,-658,390,-8592,31,150,145,290976,7426,124,372,15576,37675,382,26,144,0,0,0,0,0,0,0,0,-32308,0,0,0,0,0,141674,0
141701,-658,390,-8592,31,150,145,291315,7423,124,354,15616,37675,382,26,144,0,0,0,0,0,0,0,0,-32308,0,0,0,0,0,141675,0
141702,-658,390,-8592,31,150,145,291653,7429,114,357,15632,37675,382,26,144,0,0,0,0,0,0,0,0,-32307,0,0,0,0,0,141676,0
141703,-658,390,-8592,31,150,145,291993,7443,98,346,15656,37677,370,26,144,0,0,0,0,0,0,0,0,-32308,0,0,0,0,0,141677,0
141704,-548,446,-8534,16,140,197,292330,7449,84,348,15672,37677,370,26,144,0,0,0,0,0,0,0,0,-32307,0,0,0,0,0,141678,0
141705,-548,446,-8534,16,140,197,292671,7456,69,349,15712,37677,370,26,144,0,0,0,0,0,0,0,0,-32307,0,0,0,0,0,141679,0
141706,-548,446,-8534,16,140,197,293011,7467,58,348,15720,37677,370,26,144,0,0,0,0,0,0,0,0,-32308,0,0,0,0,0,141680,0
141707,-548,446,-8534,16,140,197,293352,7480,42,361,15744,37677,370,26,144,0,0,0,0,0,0,0,0,-32307,0,0,0,0,0,141681,0
141708,-510,640,-8228,-35,128,86,293694,7501,34,373,15760,37677,370,26,144,0,0,0,0,0,0,0,0,-32308,0,0,0,0,0,141682,0
141709,-510,640,-8228,-35,128,86,294035,7506,30,386,15800,37677,370,26,144,0,0,0,0,0,0,0,0,-32307,0,0,0,0,0,141683,0
141710,-510,640,-8228,-35,128,86,294379,7521,20,396,15872,37677,370,26,144,0,0,0,0,0,0,0,0,-32308,0,0,0,0,0,141684,0
141711,-510,640,-8228,-35,128,86,294722,7534,25,397,15848,37677,370,26,144,0,0,0,0,0,0,0,0,-32307,0,0,0,0,0,141685,0
141712,-566,402,-8824,-19,133,55,295069,7558,29,407,15856,37677,370,26,144,0,0,0,0,0,0,0,0,-32307,0,0,0,0,0,141686,0
141713,-566,402,-8824,-19,133,55,295412,7577,43,417,15928,37672,379,26,144,0,0,0,0,0,0,0,0,-32308,0,0,0,0,0,141687,0
141714,-566,402,-8824,-19,133,55,295757,7580,51,413,15896,37672,379,26,144,0,0,0,0,0,0,0,0,-32307,0,0,0,0,0,141688,0
141715,-566,402,-8824,-19,133,55,296101,7582,59,416,15912,37672,379,26,144,0,0,0,0,0,0,0,0,-32308,0,0,0,0,0,141689,0
141716,-782,438,-8400,-42,107,51,296448,7586,65,419,15872,37672,379,26,144,0,0,0,0,0,0,0,0,-32307,0,0,0,0,0,141690,0
141717,-782,438,-8400,-42,107,51,296791,7585,86,425,15896,37672,379,26,144,0,0,0,0,0,0,0,0,-32307,0,0,0,0,0,141691,0
141718,-782,438,-8400,-42,107,51,297136,7582,94,438,15864,37672,379,26,144,0,0,0,0,0,0,0,0,-32307,0,0,0,0,0,141692,0
141719,-782,438,-8400,-42,107,51,297479,7572,109,431,15872,37672,379,26,144,0,0,0,0,0,0,0,0,-32307,0,0,0,0,0,141693,0
141720,-754,386,-8584,-79,131,66,297821,7554,109,428,15800,37672,379,26,144,0,0,0,0,0,0,0,0,-32307,0,0,0,0,0,141694,0
141721,-754,386,-8584,-79,131,66,298163,7547,120,426,15784,37672,379,26,144,0,0,0,0,0,0,0,0,-32307,0,0,0,0,0,141695,0
141722,-754,386,-8584,-79,131,66,298504,7526,120,410,15760,37672,379,26,144,0,0,0,0,0,0,0,0,-32307,0,0,0,0,0,141696,0
141723,-754,386,-8584,-79,131,66,298845,7513,117,409,15744,37670,386,26,144,0,0,0,0,0,0,0,0,-32307,0,0,0,0,0,141697,0
141724,-830,452,-8542,-72,96,90,299184,7496,112,390,15768,37670,386,26,144,0,0,0,0,0,0,0,0,-32307,0,0,0,0,0,141698,0
141725,-830,452,-8542,-72,96,90,299527,7495,90,392,15728,37670,386,26,144,0,0,0,0,0,0,0,0,-32307,0,0,0,0,0,141699,0
141726,-830,452,-8542,-72,96,90,299866,7493,86,383,15768,37670,386,26,144,0,0,0,0,0,0,0,0,-32307,0,0,0,0,0,141700,0
141727,-830,452,-8542,-72,96,90,300208,7496,57,375,15816,37670,386,26,144,0,0,0,0,0,0,0,0,-32307,0,0,0,0,0,141701,0
141728,-772,464,-8556,-42,21,158,300550,7506,46,363,15824,37670,386,26,144,0,0,0,0,0,0,0,0,-32307,0,0,0,0,0,141702,0
141729,-772,464,-8556,-42,21,158,300550,7506,29,355,15880,37670,386,26,144,0,0,0,0,0,0,0,0,-32308,0,0,0,0,0,141703,0
141730,-772,464,-8556,-42,21,158,300893,7516,21,352,15864,37670,386,26,144,0,0,0,0,0,0,0,0,-32307,0,0,0,0,0,141704,0
141731,-772,464,-8556,-42,21,158,301236,7536,5,348,15920,37670,386,26,144,0,0,0,0,0,0,0,0,-32307,0,0,0,0,0,141705,0
141732,-694,478,-8568,-37,-24,64,301582,7556,9,364,15952,37670,386,26,144,0,0,0,0,0,0,0,0,-32307,0,0,0,0,0,141706,0
141733,-694,478,-8568,-37,-24,64,301928,7579,-1,376,16008,37670,388,26,144,0,0,0,0,0,0,0,0,-32307,0,0,0,0,0,141707,0
141734,-694,478,-8568,-37,-24,64,302272,7589,-4,393,16000,37670,388,26,144,0,0,0,0,0,0,0,0,-32308,0,0,0,0,0,141708,0
141735,-694,478,-8568,-37,-24,64,302619,7601,1,410,16104,37670,388,26,144,0,0,0,0,0,0,0,0,-32308,0,0,0,0,0,141709,0
141736,-642,352,-8394,-29,-35,-59,302965,7606,4,423,16000,37670,388,26,144,0,0,0,0,0,0,0,0,-32307,0,0,0,0,0,141710,0
141737,-642,352,-8394,-29,-35,-59,303313,7620,17,417,16032,37670,388,26,144,0,0,0,0,0,0,0,0,-32307,0,0,0,0,0,141711,0
141738,-642,352,-8394,-29,-35,-59,303662,7643,26,425,16080,37670,388,26,144,0,0,0,0,0,0,0,0,-32308,0,0,0,0,0,141712,0
141739,-642,352,-8394,-29,-35,-59,304012,7664,49,436,16088,37670,388,26,144,0,0,0,0,0,0,0,0,-32308,0,0,0,0,0,141713,0
141740,-856,188,-8106,1,-60,-88,304361,7678,57,431,16064,37670,388,26,144,0,0,0,0,0,0,0,0,-32307,0,0,0,0,0,141714,0
141741,-856,188,-8106,1,-60,-88,304711,7686,89,443,16080,37670,388,26,144,0,0,0,0,0,0,0,0,-32307,0,0,0,0,0,141716,0
141742,-856,188,-8106,1,-60,-88,305059,7683,99,445,16040,37670,388,26,144,0,0,0,0,0,0,0,0,-32308,0,0,0,0,0,141716,0
141743,-856,188,-8106,1,-60,-88,305407,7673,115,466,15992,37673,382,26,144,0,0,0,0,0,0,0,0,-32307,0,0,0,0,0,141717,0
141744,-852,198,-8150,25,-100,-103,305755,7664,125,457,16032,37673,382,26,144,0,0,0,0,0,0,0,0,-32307,0,0,0,0,0,141718,0
141745,-852,198,-8150,25,-100,-103,306101,7647,136,445,15952,37673,382,26,144,0,0,0,0,0,0,0,0,-32308,0,0,0,0,0,141719,0
141746,-852,198,-8150,25,-100,-103,306447,7633,133,429,15952,37673,382,26,144,0,0,0,0,0,0,0,0,-32307,0,0,0,0,0,141720,0
141747,-852,198,-8150,25,-100,-103,306793,7620,131,411,15952,37673,382,26,144,0,0,0,0,0,0,0,0,-32308,0,0,0,0,0,141721,0
141748,-894,254,-8252,81,-128,124,307137,7604,127,389,15936,37673,382,26,144,0,0,0,0,0,0,0,0,-32308,0,0,0,0,0,141722,0
141749,-894,254,-8252,81,-128,124,307485,7605,123,373,15944,37673,382,26,144,0,0,0,0,0,0,0,0,-32308,0,0,0,0,0,141723,0
141750,-894,254,-8252,81,-128,124,307830,7608,114,348,16040,37673,382,26,144,0,0,0,0,0,0,0,0,-32308,0,0,0,0,0,141724,0
141751,-894,254,-8252,81,-128,124,308176,7610,99,336,16056,37673,382,26,144,0,0,0,0,0,0,0,0,-32308,0,0,0,0,0,141726,0
141752,-730,478,-8318,118,-185,181,308523,7617,87,345,16096,37673,382,26,144,0,0,0,0,0,0,0,0,-32307,0,0,0,0,0,141726,0
141753,-730,478,-8318,118,-185,181,308870,7619,65,354,16128,37677,366,26,144,0,0,0,0,0,0,0,0,-32308,0,0,0,0,0,141727,0
141754,-730,478,-8318,118,-185,181,309218,7632,56,358,16104,37677,366,26,144,0,0,0,0,0,0,0,0,-32308,0,0,0,0,0,141728,0
141755,-730,478,-8318,118,-185,181,309567,7649,42,361,16144,37677,366,26,144,0,0,0,0,0,0,0,0,-32307,0,0,0,0,0,141729,0
141756,-400,494,-8440,135,-179,39,309916,7665,32,369,16184,37677,366,26,144,0,0,0,0,0,0,0,0,-32308,0,0,0,0,0,141730,0
141757,-400,494,-8440,135,-179,39,310266,7677,29,382,16192,37677,366,26,144,0,0,0,0,0,0,0,0,-32307,0,0,0,0,0,141731,0
141758,-400,494,-8440,135,-179,39,310615,7684,22,390,16176,37677,366,26,144,0,0,0,0,0,0,0,0,-32308,0,0,0,0,0,141732,0
141759,-400,494,-8440,135,-179,39,310969,7706,29,405,16232,37677,366,26,144,0,0,0,0,0,0,0,0,-32307,0,0,0,0,0,141734,0
141760,-536,548,-8562,68,-158,-13,311320,7724,35,411,16248,37677,366,26,144,0,0,0,0,0,0,0,0,-32308,0,0,0,0,0,141734,0
141761,-536,548,-8562,68,-158,-13,311674,7747,47,431,16272,37677,366,26,144,0,0,0,0,0,0,0,0,-32307,0,0,0,0,0,141736,0
141762,-536,548,-8562,68,-158,-13,312026,7759,52,439,16272,37677,366,26,144,0,0,0,0,0,0,0,0,-32307,0,0,0,0,0,141737,0
141763,-536,548,-8562,68,-158,-13,312380,7759,62,445,16320,37674,379,26,144,0,0,0,0,0,0,0,0,-32307,0,0,0,0,0,141737,0
141764,-670,468,-8774,30,-106,1,312732,7764,71,438,16272,37674,379,26,144,0,0,0,0,0,0,0,0,-32307,0,0,0,0,0,141738,0
141765,-670,468,-8774,30,-106,1,313086,7766,88,442,16192,37674,379,26,144,0,0,0,0,0,0,0,0,-32308,0,0,0,0,0,141739,0
141766,-670,468,-8774,30,-106,1,313438,7766,97,439,16216,37674,379,26,144,0,0,0,0,0,0,0,0,-32307,0,0,0,0,0,141741,0
141767,-670,468,-8774,30,-106,1,313789,7754,109,439,16168,37674,379,26,144,0,0,0,0,0,0,0,0,-32308,0,0,0,0,0,141742,0
141768,-592,472,-8484,-8,-77,38,314140,7742,114,437,16120,37674,379,26,144,0,0,0,0,0,0,0,0,-32307,0,0,0,0,0,141742,0
141769,-592,472,-8484,-8,-77,38,314490,7722,121,424,16104,37674,379,26,144,0,0,0,0,0,0,0,0,-32307,0,0,0,0,0,141743,0
141770,-592,472,-8484,-8,-77,38,314839,7705,114,414,16080,37674,379,26,144,0,0,0,0,0,0,0,0,-32307,0,0,0,0,0,141745,0
141771,-592,472,-8484,-8,-77,38,315186,7681,106,403,16064,37674,379,26,144,0,0,0,0,0,0,0,0,-32308,0,0,0,0,0,141746,0
141772,-620,574,-8476,-37,-63,142,315535,7666,102,397,16080,37674,379,26,144,0,0,0,0,0,0,0,0,-32307,0,0,0,0,0,141747,0
141773,-620,574,-8476,-37,-63,142,315883,7662,80,374,16184,37668,384,26,144,0,0,0,0,0,0,0,0,-32308,0,0,0,0,0,141748,0
141774,-620,574,-8476,-37,-63,142,316232,7664,69,358,16176,37668,384,26,144,0,0,0,0,0,0,0,0,-32308,0,0,0,0,0,141749,0
141775,-620,574,-8476,-37,-63,142,316581,7670,50,348,16176,37668,384,26,144,0,0,0,0,0,0,0,0,-32307,0,0,0,0,0,141750,0
141776,-528,638,-8468,-50,-61,208,316929,7670,29,331,16216,37668,384,26,144,0,0,0,0,0,0,0,0,-32307,0,0,0,0,0,141751,0
141777,-528,638,-8468,-50,-61,208,317281,7683,22,343,16200,37668,384,26,144,0,0,0,0,0,0,0,0,-32308,0,0,0,0,0,141752,0
141778,-528,638,-8468,-50,-61,208,317633,7705,14,344,16264,37668,384,26,144,0,0,0,0,0,0,0,0,-32308,0,0,0,0,0,141753,0
141779,-528,638,-8468,-50,-61,208,317986,7733,5,364,16320,37668,384,26,144,0,0,0,0,0,0,0,0,-32307,0,0,0,0,0,141754,0
141780,-348,724,-8610,-107,23,8,318337,7747,-5,382,16304,37668,384,26,144,0,0,0,0,0,0,0,0,-32308,0,0,0,0,0,141755,0
141781,-348,724,-8610,-107,23,8,318691,7755,-5,408,16312,37668,384,26,144,0,0,0,0,0,0,0,0,-32308,0,0,0,0,0,141756,0
141782,-348,724,-8610,-107,23,8,319046,7764,-4,415,16352,37668,384,26,144,0,0,0,0,0,0,0,0,-32307,0,0,0,0,0,141757,0
141783,-348,724,-8610,-107,23,8,319400,7776,2,435,16368,37665,397,26,144,0,0,0,0,0,0,0,0,-32308,0,0,0,0,0,141758,0
141784,-592,614,-8832,-124,33,9,319756,7799,9,423,16384,37665,397,26,144,0,0,0,0,0,0,0,0,-32307,0,0,0,0,0,141759,0
141785,-592,614,-8832,-124,33,9,320113,7817,27,428,16352,37665,397,26,144,0,0,0,0,0,0,0,0,-32308,0,0,0,0,0,141760,0
141786,-592,614,-8832,-124,33,9,320470,7837,35,438,16424,37665,397,26,144,0,0,0,0,0,0,0,0,-32308,0,0,0,0,0,141761,0
141787,-592,614,-8832,-124,33,9,320827,7851,60,435,16408,37665,397,26,144,0,0,0,0,0,0,0,0,-32308,0,0,0,0,0,141762,0
141788,-574,370,-8554,-181,108,-23,321183,7850,73,443,16384,37665,397,26,144,0,0,0,0,0,0,0,0,-32307,0,0,0,0,0,141763,0
141789,-574,370,-8554,-181,108,-23,321538,7840,88,445,16336,37665,397,26,144,0,0,0,0,0,0,0,0,-32308,0,0,0,0,0,141764,0
141790,-574,370,-8554,-181,108,-23,321894,7830,106,449,16312,37665,397,26,144,0,0,0,0,0,0,0,0,-32308,0,0,0,0,0,141765,0
141791,-574,370,-8554,-181,108,-23,322249,7820,116,443,16280,37665,397,26,144,0,0,0,0,0,0,0,0,-32308,0,0,0,0,0,141766,0
141792,-524,448,-8050,-160,151,21,322603,7809,121,446,16296,37665,397,26,144,0,0,0,0,0,0,0,0,-32307,0,0,0,0,0,141767,0
141793,-524,448,-8050,-160,151,21,322955,7792,121,433,16312,37664,407,26,144,0,0,0,0,0,0,0,0,-32308,0,0,0,0,0,141768,0
141794,-524,448,-8050,-160,151,21,323308,7774,124,410,16288,37664,407,26,144,0,0,0,0,0,0,0,0,-32308,0,0,0,0,0,141769,0
141795,-524,448,-8050,-160,151,21,323661,7764,118,381,16296,37664,407,26,144,0,0,0,0,0,0,0,0,-32308,0,0,0,0,0,141770,0
141796,-610,362,-8540,-94,114,220,324014,7763,112,364,16280,37664,407,26,144,0,0,0,0,0,0,0,0,-32308,0,0,0,0,0,141771,0
141797,-610,362,-8540,-94,114,220,324369,7777,109,354,16392,37664,407,26,144,0,0,0,0,0,0,0,0,-32308,0,0,0,0,0,141772,0
141798,-610,362,-8540,-94,114,220,324721,7777,90,354,16392,37664,407,26,144,0,0,0,0,0,0,0,0,-32308,0,0,0,0,0,141773,0
141799,-610,362,-8540,-94,114,220,325077,7787,75,351,16400,37664,407,26,144,0,0,0,0,0,0,0,0,-32308,0,0,0,0,0,141774,0
141800,-474,450,-8806,-67,92,197,325432,7795,63,344,16416,37664,407,26,144,0,0,0,0,0,0,0,0,-32308,0,0,0,0,0,141775,0
141801,-474,450,-8806,-67,92,197,325786,7797,47,356,16424,37664,407,26,144,0,0,0,0,0,0,0,0,-32307,0,0,0,0,0,141776,0
141802,-474,450,-8806,-67,92,197,326144,7821,41,368,16480,37664,407,26,144,0,0,0,0,0,0,0,0,-32308,0,0,0,0,0,141777,0
141803,-474,450,-8806,-67,92,197,326502,7833,37,394,16496,37667,395,26,144,0,0,0,0,0,0,0,0,-32307,0,0,0,0,0,141778,0
141804,-418,436,-8410,-68,129,107,326858,7848,22,392,16568,37667,395,26,144,0,0,0,0,0,0,0,0,-32307,0,0,0,0,0,141779,0
141805,-418,436,-8410,-68,129,107,327218,7868,29,408,16576,37667,395,26,144,0,0,0,0,0,0,0,0,-32308,0,0,0,0,0,141780,0
141806,-418,436,-8410,-68,129,107,327576,7875,28,398,16664,37667,395,26,144,0,0,0,0,0,0,0,0,-32308,0,0,0,0,0,141781,0
141807,-418,436,-8410,-68,129,107,327937,7893,41,398,16584,37667,395,26,144,0,0,0,0,0,0,0,0,-32307,0,0,0,0,0,141782,0
141808,-644,586,-8390,-89,168,111,328297,7913,47,422,16592,37667,395,26,144,0,0,0,0,0,0,0,0,-32307,0,0,0,0,0,141783,0
141809,-644,586,-8390,-89,168,111,328657,7918,56,427,16632,37667,395,26,144,0,0,0,0,0,0,0,0,-32307,0,0,0,0,0,141784,0
141810,-644,586,-8390,-89,168,111,329017,7925,68,429,16616,37667,395,26,144,0,0,0,0,0,0,0,0,-32307,0,0,0,0,0,141785,0
141811,-644,586,-8390,-89,168,111,329377,7920,75,429,16600,37667,395,26,144,0,0,0,0,0,0,0,0,-32308,0,0,0,0,0,141786,0
141812,-654,474,-8376,-121,156,62,329737,7916,89,433,16568,37667,395,26,144,0,0,0,0,0,0,0,0,-32307,0,0,0,0,0,141787,0
141813,-654,474,-8376,-121,156,62,330095,7909,96,437,16520,37661,397,26,144,0,0,0,0,0,0,0,0,-32307,0,0,0,0,0,141788,0
141814,-654,474,-8376,-121,156,62,330455,7905,108,449,16504,37661,397,26,144,0,0,0,0,0,0,0,0,-32307,0,0,0,0,0,141789,0
141815,-654,474,-8376,-121,156,62,330810,7888,112,433,16480,37661,397,26,144,0,0,0,0,0,0,0,0,-32308,0,0,0,0,0,141790,0
141816,-620,584,-8344,-151,161,92,331166,7863,106,427,16448,37661,397,26,144,0,0,0,0,0,0,0,0,-32307,0,0,0,0,0,141791,0
141817,-620,584,-8344,-151,161,92,331522,7845,98,419,16480,37661,397,26,144,0,0,0,0,0,0,0,0,-32307,0,0,0,0,0,141792,0
141818,-620,584,-8344,-151,161,92,331878,7827,95,398,16480,37661,397,26,144,0,0,0,0,0,0,0,0,-32307,0,0,0,0,0,141793,0
141819,-620,584,-8344,-151,161,92,332234,7828,84,381,16432,37661,397,26,144,0,0,0,0,0,0,0,0,-32307,0,0,0,0,0,141794,0
141820,-728,474,-8534,-96,46,237,332588,7822,68,369,16432,37661,397,26,144,0,0,0,0,0,0,0,0,-32307,0,0,0,0,0,141795,0
141821,-728,474,-8534,-96,46,237,332945,7820,47,360,16488,37661,397,26,144,0,0,0,0,0,0,0,0,-32307,0,0,0,0,0,141796,0
141822,-728,474,-8534,-96,46,237,333301,7826,35,346,16544,37661,397,26,144,0,0,0,0,0,0,0,0,-32308,0,0,0,0,0,141797,0
141823,-728,474,-8534,-96,46,237,333660,7846,23,352,16584,37664,390,26,144,0,0,0,0,0,0,0,0,-32307,0,0,0,0,0,141798,0
141824,-408,576,-8126,-116,24,190,334019,7870,12,359,16584,37664,390,26,144,0,0,0,0,0,0,0,0,-32308,0,0,0,0,0,141799,0
141825,-408,576,-8126,-116,24,190,334379,7888,10,377,16656,37664,390,26,144,0,0,0,0,0,0,0,0,-32307,0,0,0,0,0,141800,0
141826,-408,576,-8126,-116,24,190,334738,7903,-5,381,16688,37664,390,26,144,0,0,0,0,0,0,0,0,-32307,0,0,0,0,0,141801,0
141827,-408,576,-8126,-116,24,190,335098,7910,0,397,16720,37664,390,26,144,0,0,0,0,0,0,0,0,-32308,0,0,0,0,0,141802,0
141828,-610,626,-8438,-175,32,50,335460,7926,-5,404,16752,37664,390,26,144,0,0,0,0,0,0,0,0,-32307,0,0,0,0,0,141803,0
141829,-610,626,-8438,-175,32,50,335824,7947,6,427,16752,37664,390,26,144,0,0,0,0,0,0,0,0,-32308,0,0,0,0,0,141804,0
141830,-610,626,-8438,-175,32,50,336185,7963,13,433,16808,37664,390,26,144,0,0,0,0,0,0,0,0,-32307,0,0,0,0,0,141805,0
141831,-610,626,-8438,-175,32,50,336549,7976,28,434,16776,37664,390,26,144,0,0,0,0,0,0,0,0,-32308,0,0,0,0,0,141806,0
141832,-670,472,-8316,-208,-20,-16,336915,7993,41,438,16784,37664,390,26,144,0,0,0,0,0,0,0,0,-32307,0,0,0,0,0,141807,0
141833,-670,472,-8316,-208,-20,-16,337278,8003,58,445,16784,37662,401,26,144,0,0,0,0,0,0,0,0,-32308,0,0,0,0,0,141808,0
141834,-670,472,-8316,-208,-20,-16,337644,8020,83,456,16800,37662,401,26,144,0,0,0,0,0,0,0,0,-32307,0,0,0,0,0,141809,0
141835,-670,472,-8316,-208,-20,-16,338004,8008,89,466,16768,37662,401,26,144,0,0,0,0,0,0,0,0,-32308,0,0,0,0,0,141810,0
141836,-684,360,-8216,-88,-122,-59,338368,7992,108,467,16688,37662,401,26,144,0,0,0,0,0,0,0,0,-32308,0,0,0,0,0,141811,0
141837,-684,360,-8216,-88,-122,-59,338730,7981,118,450,16688,37662,401,26,144,0,0,0,0,0,0,0,0,-32307,0,0,0,0,0,141812,0
141838,-684,360,-8216,-88,-122,-59,339091,7963,123,446,16664,37662,401,26,144,0,0,0,0,0,0,0,0,-32307,0,0,0,0,0,141813,0
141839,-684,360,-8216,-88,-122,-59,339451,7954,121,432,16680,37662,401,26,144,0,0,0,0,0,0,0,0,-32308,0,0,0,0,0,141814,0
141840,-764,302,-8292,-63,-120,90,339812,7938,126,429,16664,37662,401,26,144,0,0,0,0,0,0,0,0,-32307,0,0,0,0,0,141815,0
141841,-764,302,-8292,-63,-120,90,340174,7937,126,405,16704,37662,401,26,144,0,0,0,0,0,0,0,0,-32308,0,0,0,0,0,141816,0
141842,-764,302,-8292,-63,-120,90,340535,7944,127,397,16792,37662,401,26,144,0,0,0,0,0,0,0,0,-32308,0,0,0,0,0,141817,0
141843,-764,302,-8292,-63,-120,90,340895,7946,107,384,16784,37662,412,26,144,0,0,0,0,0,0,0,0,-32307,0,0,0,0,0,141818,0
141844,-600,320,-8472,-16,-171,200,341258,7949,102,376,16800,37662,412,26,144,0,0,0,0,0,0,0,0,-32308,0,0,0,0,0,141819,0
141845,-600,320,-8472,-16,-171,200,341621,7959,91,380,16840,37662,412,26,144,0,0,0,0,0,0,0,0,-32307,0,0,0,0,0,141820,0
141846,-600,320,-8472,-16,-171,200,341983,7967,73,374,16848,37662,412,26,144,0,0,0,0,0,0,0,0,-32308,0,0,0,0,0,141821,0
141847,-600,320,-8472,-16,-171,200,342347,7980,66,377,16912,37662,412,26,144,0,0,0,0,0,0,0,0,-32307,0,0,0,0,0,141822,0
141848,-534,524,-8354,14,-192,152,342711,7992,46,380,16896,37662,412,26,144,0,0,0,0,0,0,0,0,-32308,0,0,0,0,0,141823,0
141849,-534,524,-8354,14,-192,152,343078,8011,51,392,16920,37662,412,26,144,0,0,0,0,0,0,0,0,-32308,0,0,0,0,0,141824,0
141850,-534,524,-8354,14,-192,152,343441,8026,36,395,16944,37662,412,26,144,0,0,0,0,0,0,0,0,-32307,0,0,0,0,0,141825,0
141851,-534,524,-8354,14,-192,152,343809,8039,43,405,16944,37662,412,26,144,0,0,0,0,0,0,0,0,-32307,0,0,0,0,0,141826,0
141852,-428,452,-8624,13,-177,116,344178,8059,50,409,17000,37662,412,26,144,0,0,0,0,0,0,0,0,-32307,0,0,0,0,0,141827,0
141853,-428,452,-8624,13,-177,116,344544,8070,55,421,16984,37665,410,26,144,0,0,0,0,0,0,0,0,-32307,0,0,0,0,0,141828,0
141854,-428,452,-8624,13,-177,116,344914,8096,65,425,17048,37665,410,26,144,0,0,0,0,0,0,0,0,-32307,0,0,0,0,0,141829,0
141855,-428,452,-8624,13,-177,116,345282,8099,67,443,16992,37665,410,26,144,0,0,0,0,0,0,0,0,-32307,0,0,0,0,0,141830,0
141856,-548,534,-8662,17,-175,53,345649,8098,77,441,16928,37665,410,26,144,0,0,0,0,0,0,0,0,-32307,0,0,0,0,0,141831,0
141857,-548,534,-8662,17,-175,53,346018,8103,98,451,16960,37665,410,26,144,0,0,0,0,0,0,0,0,-32307,0,0,0,0,0,141832,0
141858,-548,534,-8662,17,-175,53,346384,8089,96,454,16896,37665,410,26,144,0,0,0,0,0,0,0,0,-32307,0,0,0,0,0,141833,0
141859,-548,534,-8662,17,-175,53,346750,8077,101,449,16848,37665,410,26,144,0,0,0,0,0,0,0,0,-32307,0,0,0,0,0,141834,0
141860,-676,536,-8698,22,-201,64,347116,8063,116,448,16872,37665,410,26,144,0,0,0,0,0,0,0,0,-32307,0,0,0,0,0,141835,0
141861,-676,536,-8698,22,-201,64,347480,8043,111,435,16816,37665,410,26,144,0,0,0,0,0,0,0,0,-32307,0,0,0,0,0,141836,0
141862,-676,536,-8698,22,-201,64,347843,8025,111,428,16792,37665,410,26,144,0,0,0,0,0,0,0,0,-32308,0,0,0,0,0,141837,0
141863,-676,536,-8698,22,-201,64,348206,8007,93,406,16744,37663,406,26,144,0,0,0,0,0,0,0,0,-32308,0,0,0,0,0,141838,0
141864,-748,484,-8320,-57,-130,207,348569,7991,92,389,16744,37663,406,26,144,0,0,0,0,0,0,0,0,-32307,0,0,0,0,0,141839,0
141865,-748,484,-8320,-57,-130,207,348933,7990,77,365,16832,37663,406,26,144,0,0,0,0,0,0,0,0,-32307,0,0,0,0,0,141840,0
141866,-748,484,-8320,-57,-130,207,349296,7993,56,349,16848,37663,406,26,144,0,0,0,0,0,0,0,0,-32307,0,0,0,0,0,141841,0
141867,-748,484,-8320,-57,-130,207,349661,8002,45,339,16864,37663,406,26,144,0,0,0,0,0,0,0,0,-32308,0,0,0,0,0,141842,0
141868,-532,758,-8814,-105,-119,245,350027,8017,29,348,16880,37663,406,26,144,0,0,0,0,0,0,0,0,-32307,0,0,0,0,0,141843,0
141869,-532,758,-8814,-105,-119,245,350393,8029,21,349,16904,37663,406,26,144,0,0,0,0,0,0,0,0,-32307,0,0,0,0,0,141844,0
141870,-532,758,-8814,-105,-119,245,350761,8052,15,358,16944,37663,406,26,144,0,0,0,0,0,0,0,0,-32308,0,0,0,0,0,141845,0
141871,-532,758,-8814,-105,-119,245,351129,8070,6,363,17008,37663,406,26,144,0,0,0,0,0,0,0,0,-32307,0,0,0,0,0,141846,0
141872,-450,630,-8542,-94,-120,108,351495,8079,0,375,17008,37663,406,26,144,0,0,0,0,0,0,0,0,-32308,0,0,0,0,0,141847,0
141873,-450,630,-8542,-94,-120,108,351865,8092,1,385,17040,37666,397,26,144,0,0,0,0,0,0,0,0,-32307,0,0,0,0,0,141848,0
141874,-450,630,-8542,-94,-120,108,352235,8105,2,399,17016,37666,397,26,144,0,0,0,0,0,0,0,0,-32308,0,0,0,0,0,141849,0
141875,-450,630,-8542,-94,-120,108,352605,8123,7,404,17120,37666,397,26,144,0,0,0,0,0,0,0,0,-32307,0,0,0,0,0,141850,0
141876,-572,532,-8516,-207,-55,74,352976,8142,18,400,17112,37666,397,26,144,0,0,0,0,0,0,0,0,-32308,0,0,0,0,0,141851,0
141877,-572,532,-8516,-207,-55,74,353347,8151,35,406,17088,37666,397,26,144,0,0,0,0,0,0,0,0,-32308,0,0,0,0,0,141852,0
141878,-572,532,-8516,-207,-55,74,353718,8157,40,404,17024,37666,397,26,144,0,0,0,0,0,0,0,0,-32308,0,0,0,0,0,141853,0
141879,-572,532,-8516,-207,-55,74,354090,8165,63,417,17056,37666,397,26,144,0,0,0,0,0,0,0,0,-32308,0,0,0,0,0,141854,0
141880,-700,290,-8352,-158,-82,8,354459,8160,78,417,17040,37666,397,26,144,0,0,0,0,0,0,0,0,-32308,0,0,0,0,0,141855,0
141881,-700,290,-8352,-158,-82,8,354827,8142,81,429,16984,37666,397,26,144,0,0,0,0,0,0,0,0,-32308,0,0,0,0,0,141856,0
141882,-700,290,-8352,-158,-82,8,355195,8119,92,424,16952,37666,397,26,144,0,0,0,0,0,0,0,0,-32308,0,0,0,0,0,141857,0
141883,-700,290,-8352,-158,-82,8,355562,8097,96,421,16896,37661,402,26,144,0,0,0,0,0,0,0,0,-32308,0,0,0,0,0,141858,0
141884,-694,394,-8524,-164,-62,81,355930,8088,96,407,16912,37661,402,26,144,0,0,0,0,0,0,0,0,-32308,0,0,0,0,0,141859,0
141885,-694,394,-8524,-164,-62,81,356298,8087,101,403,16904,37661,402,26,144,0,0,0,0,0,0,0,0,-32307,0,0,0,0,0,141860,0
141886,-694,394,-8524,-164,-62,81,356663,8079,94,385,16864,37661,402,26,144,0,0,0,0,0,0,0,0,-32308,0,0,0,0,0,141861,0
141887,-694,394,-8524,-164,-62,81,357031,8076,89,363,16952,37661,402,26,144,0,0,0,0,0,0,0,0,-32307,0,0,0,0,0,141862,0
141888,-708,274,-8256,-124,-55,252,357397,8070,79,337,16952,37661,402,26,144,0,0,0,0,0,0,0,0,-32307,0,0,0,0,0,141863,0
141889,-708,274,-8256,-124,-55,252,357766,8077,70,323,16952,37661,402,26,144,0,0,0,0,0,0,0,0,-32307,0,0,0,0,0,141864,0
141890,-708,274,-8256,-124,-55,252,358136,8096,60,318,17000,37661,402,26,144,0,0,0,0,0,0,0,0,-32307,0,0,0,0,0,141865,0
141891,-708,274,-8256,-124,-55,252,358504,8107,43,327,17024,37661,402,26,144,0,0,0,0,0,0,0,0,-32308,0,0,0,0,0,141866,0
141892,-638,414,-7952,-121,22,224,358874,8118,29,320,17096,37661,402,26,144,0,0,0,0,0,0,0,0,-32308,0,0,0,0,0,141867,0
141893,-638,414,-7952,-121,22,224,359245,8126,24,334,17088,37666,394,26,144,0,0,0,0,0,0,0,0,-32308,0,0,0,0,0,141868,0
141894,-638,414,-7952,-121,22,224,359613,8127,8,336,17136,37666,394,26,144,0,0,0,0,0,0,0,0,-32307,0,0,0,0,0,141869,0
141895,-638,414,-7952,-121,22,224,359986,8144,12,347,17128,37666,394,26,144,0,0,0,0,0,0,0,0,-32308,0,0,0,0,0,141870,0
141896,-580,488,-8818,-43,6,184,360358,8160,14,353,17208,37666,394,26,144,0,0,0,0,0,0,0,0,-32307,0,0,0,0,0,141871,0
141897,-580,488,-8818,-43,6,184,360730,8175,15,360,17184,37666,394,26,144,0,0,0,0,0,0,0,0,-32307,0,0,0,0,0,141872,0
141898,-580,488,-8818,-43,6,184,361103,8195,22,374,17144,37666,394,26,144,0,0,0,0,0,0,0,0,-32307,0,0,0,0,0,141873,0
141899,-580,488,-8818,-43,6,184,361474,8189,24,370,17144,37666,394,26,144,0,0,0,0,0,0,0,0,-32307,0,0,0,0,0,141874,0
141900,-634,450,-8136,-98,92,106,361847,8190,29,373,17128,37666,394,26,144,0,0,0,0,0,0,0,0,-32307,0,0,0,0,0,141875,0
141901,-634,450,-8136,-98,92,106,362219,8189,41,385,17120,37666,394,26,144,0,0,0,0,0,0,0,0,-32307,0,0,0,0,0,141876,0
141902,-634,450,-8136,-98,92,106,362591,8184,54,396,17088,37666,394,26,144,0,0,0,0,0,0,0,0,-32307,0,0,0,0,0,141877,0
141903,-634,450,-8136,-98,92,106,362961,8176,56,401,17048,37663,395,26,144,0,0,0,0,0,0,0,0,-32307,0,0,0,0,0,141878,0
141904,-718,378,-8596,-73,81,49,363330,8155,57,402,16968,37663,395,26,144,0,0,0,0,0,0,0,0,-32307,0,0,0,0,0,141879,0
141905,-718,378,-8596,-73,81,49,363699,8136,60,398,16944,37663,395,26,144,0,0,0,0,0,0,0,0,-32308,0,0,0,0,0,141880,0
141906,-718,378,-8596,-73,81,49,364066,8114,57,393,16888,37663,395,26,144,0,0,0,0,0,0,0,0,-32307,0,0,0,0,0,141881,0
141907,-718,378,-8596,-73,81,49,364433,8094,55,378,16864,37663,395,26,144,0,0,0,0,0,0,0,0,-32308,0,0,0,0,0,141882,0
141908,-880,376,-8540,-89,102,169,364799,8077,48,361,16872,37663,395,26,144,0,0,0,0,0,0,0,0,-32307,0,0,0,0,0,141883,0
141909,-880,376,-8540,-89,102,169,365166,8068,33,336,16896,37663,395,26,144,0,0,0,0,0,0,0,0,-32307,0,0,0,0,0,141884,0
141910,-880,376,-8540,-89,102,169,365532,8063,16,324,16912,37663,395,26,144,0,0,0,0,0,0,0,0,-32307,0,0,0,0,0,141885,0
141911,-880,376,-8540,-89,102,169,365900,8068,1,307,16944,37663,395,26,144,0,0,0,0,0,0,0,0,-32307,0,0,0,0,0,141886,0
141912,-838,468,-8650,-68,87,228,366268,8077,-10,297,17032,37663,395,26,144,0,0,0,0,0,0,0,0,-32307,0,0,0,0,0,141887,0
141913,-838,468,-8650,-68,87,228,366635,8083,-20,288,17120,37665,376,26,144,0,0,0,0,0,0,0,0,-32307,0,0,0,0,0,141888,0
141914,-838,468,-8650,-68,87,228,367006,8102,-34,287,17064,37665,376,26,144,0,0,0,0,0,0,0,0,-32308,0,0,0,0,0,141889,0
141915,-838,468,-8650,-68,87,228,367377,8121,-34,308,17160,37665,376,26,144,0,0,0,0,0,0,0,0,-32307,0,0,0,0,0,141890,0
141916,-608,604,-8562,-70,63,74,367745,8132,-51,307,17048,37665,376,26,144,0,0,0,0,0,0,0,0,-32308,0,0,0,0,0,141891,0
141917,-608,604,-8562,-70,63,74,368117,8147,-47,330,17088,37665,376,26,144,0,0,0,0,0,0,0,0,-32307,0,0,0,0,0,141892,0
141918,-608,604,-8562,-70,63,74,368489,8152,-40,349,17096,37665,376,26,144,0,0,0,0,0,0,0,0,-32308,0,0,0,0,0,141893,0
141919,-608,604,-8562,-70,63,74,368860,8160,-41,351,17104,37665,376,26,144,0,0,0,0,0,0,0,0,-32307,0,0,0,0,0,141894,0
141920,-864,446,-8718,-58,39,-32,369233,8179,-26,370,17144,37665,376,26,144,0,0,0,0,0,0,0,0,-32308,0,0,0,0,0,141895,0
141921,-864,446,-8718,-58,39,-32,369607,8191,-12,383,17120,37665,376,26,144,0,0,0,0,0,0,0,0,-32308,0,0,0,0,0,141896,0
141922,-864,446,-8718,-58,39,-32,369981,8209,-2,379,17136,37665,376,26,144,0,0,0,0,0,0,0,0,-32307,0,0,0,0,0,141897,0
141923,-864,446,-8718,-58,39,-32,370351,8207,10,396,17096,37665,389,26,144,0,0,0,0,0,0,0,0,-32308,0,0,0,0,0,141898,0
141924,-774,262,-8488,-95,16,-112,370724,8199,28,396,17048,37665,389,26,144,0,0,0,0,0,0,0,0,-32308,0,0,0,0,0,141899,0
141925,-774,262,-8488,-95,16,-112,371095,8184,38,399,16984,37665,389,26,144,0,0,0,0,0,0,0,0,-32308,0,0,0,0,0,141900,0
141926,-774,262,-8488,-95,16,-112,371464,8162,47,395,16936,37665,389,26,144,0,0,0,0,0,0,0,0,-32308,0,0,0,0,0,141901,0
141927,-774,262,-8488,-95,16,-112,371833,8149,54,393,16880,37665,389,26,144,0,0,0,0,0,0,0,0,-32308,0,0,0,0,0,141902,0
141928,-1042,206,-8134,-5,-12,-37,372201,8124,53,374,16864,37665,389,26,144,0,0,0,0,0,0,0,0,-32307,0,0,0,0,0,141903,0
141929,-1042,206,-8134,-5,-12,-37,372568,8103,48,355,16848,37665,389,26,144,0,0,0,0,0,0,0,0,-32308,0,0,0,0,0,141904,0
141930,-1042,206,-8134,-5,-12,-37,372937,8095,58,334,16896,37665,389,26,144,0,0,0,0,0,0,0,0,-32308,0,0,0,0,0,141905,0
141931,-1042,206,-8134,-5,-12,-37,373305,8090,50,327,16936,37665,389,26,144,0,0,0,0,0,0,0,0,-32307,0,0,0,0,0,141906,0
141932,-1148,396,-8594,13,-70,176,373673,8096,40,301,16944,37665,389,26,144,0,0,0,0,0,0,0,0,-32308,0,0,0,0,0,141907,0
141933,-1148,396,-8594,13,-70,176,374042,8104,37,289,16944,37669,388,26,144,0,0,0,0,0,0,0,0,-32308,0,0,0,0,0,141908,0
141934,-1148,396,-8594,13,-70,176,374411,8107,26,286,16984,37669,388,26,144,0,0,0,0,0,0,0,0,-32308,0,0,0,0,0,141909,0
141935,-1148,396,-8594,13,-70,176,374779,8110,7,271,16968,37669,388,26,144,0,0,0,0,0,0,0,0,-32307,0,0,0,0,0,141910,0
141936,-704,566,-8194,86,-155,121,375148,8112,-10,274,17032,37669,388,26,144,0,0,0,0,0,0,0,0,-32308,0,0,0,0,0,141911,0
141937,-704,566,-8194,86,-155,121,375519,8121,-11,281,17016,37669,388,26,144,0,0,0,0,0,0,0,0,-32308,0,0,0,0,0,141912,0
141938,-704,566,-8194,86,-155,121,375889,8131,-27,288,17056,37669,388,26,144,0,0,0,0,0,0,0,0,-32307,0,0,0,0,0,141913,0
141939,-704,566,-8194,86,-155,121,376261,8147,-29,291,17088,37669,388,26,144,0,0,0,0,0,0,0,0,-32307,0,0,0,0,0,141914,0
141940,-640,646,-8698,61,-128,39,376632,8161,-29,302,17088,37669,388,26,144,0,0,0,0,0,0,0,0,-32307,0,0,0,0,0,141915,0
141941,-640,646,-8698,61,-128,39,377004,8172,-31,309,17104,37669,388,26,144,0,0,0,0,0,0,0,0,-32307,0,0,0,0,0,141916,0
141942,-640,646,-8698,61,-128,39,377376,8176,-22,321,17120,37669,388,26,144,0,0,0,0,0,0,0,0,-32307,0,0,0,0,0,141917,0
141943,-640,646,-8698,61,-128,39,377749,8183,-10,325,17104,37670,390,26,144,0,0,0,0,0,0,0,0,-32307,0,0,0,0,0,141918,0
141944,-598,552,-8726,27,-126,-33,378122,8190,-7,350,17072,37670,390,26,144,0,0,0,0,0,0,0,0,-32307,0,0,0,0,0,141919,0
141945,-598,552,-8726,27,-126,-33,378493,8193,0,354,17080,37670,390,26,144,0,0,0,0,0,0,0,0,-32307,0,0,0,0,0,141920,0
141946,-598,552,-8726,27,-126,-33,378863,8182,6,364,17016,37670,390,26,144,0,0,0,0,0,0,0,0,-32308,0,0,0,0,0,141921,0
141947,-598,552,-8726,27,-126,-33,379235,8169,15,366,16920,37670,390,26,144,0,0,0,0,0,0,0,0,-32307,0,0,0,0,0,141922,0
141948,-586,412,-8460,16,-37,-43,379603,8149,18,355,16912,37670,390,26,144,0,0,0,0,0,0,0,0,-32308,0,0,0,0,0,141923,0
141949,-586,412,-8460,16,-37,-43,379972,8131,29,356,16848,37670,390,26,144,0,0,0,0,0,0,0,0,-32307,0,0,0,0,0,141924,0
141950,-586,412,-8460,16,-37,-43,380338,8108,31,350,16808,37670,390,26,144,0,0,0,0,0,0,0,0,-32308,0,0,0,0,0,141925,0
141951,-586,412,-8460,16,-37,-43,380704,8079,18,330,16848,37670,390,26,144,0,0,0,0,0,0,0,0,-32307,0,0,0,0,0,141926,0
141952,-882,372,-8730,-7,-39,110,381068,8057,12,305,16800,37670,390,26,144,0,0,0,0,0,0,0,0,-32307,0,0,0,0,0,141927,0
141953,-882,372,-8730,-7,-39,110,381434,8041,3,289,16808,37679,367,26,144,0,0,0,0,0,0,0,0,-32308,0,0,0,0,0,141928,0
141954,-882,372,-8730,-7,-39,110,381800,8041,-10,270,16752,37679,367,26,144,0,0,0,0,0,0,0,0,-32308,0,0,0,0,0,141929,0
141955,-882,372,-8730,-7,-39,110,382165,8040,-25,257,16792,37679,367,26,144,0,0,0,0,0,0,0,0,-32308,0,0,0,0,0,141930,0
141956,-522,648,-8708,16,-53,191,382532,8050,-37,256,16816,37679,367,26,144,0,0,0,0,0,0,0,0,-32308,0,0,0,0,0,141931,0
141957,-522,648,-8708,16,-53,191,382901,8063,-47,263,16808,37679,367,26,144,0,0,0,0,0,0,0,0,-32308,0,0,0,0,0,141932,0
141958,-522,648,-8708,16,-53,191,383265,8062,-66,252,16856,37679,367,26,144,0,0,0,0,0,0,0,0,-32308,0,0,0,0,0,141933,0
141959,-522,648,-8708,16,-53,191,383635,8079,-66,273,16872,37679,367,26,144,0,0,0,0,0,0,0,0,-32307,0,0,0,0,0,141934,0
141960,-538,528,-8438,-15,4,21,384003,8089,-73,285,16856,37679,367,26,144,0,0,0,0,0,0,0,0,-32307,0,0,0,0,0,141935,0
141961,-538,528,-8438,-15,4,21,384373,8102,-76,305,16912,37679,367,26,144,0,0,0,0,0,0,0,0,-32308,0,0,0,0,0,141936,0
141962,-538,528,-8438,-15,4,21,384739,8108,-79,290,16960,37679,367,26,144,0,0,0,0,0,0,0,0,-32307,0,0,0,0,0,141937,0
141963,-538,528,-8438,-15,4,21,385109,8103,-80,299,16952,37681,362,26,144,0,0,0,0,0,0,0,0,-32308,0,0,0,0,0,141938,0
141964,-582,514,-8830,-72,79,1,385482,8124,-69,293,16952,37681,362,26,144,0,0,0,0,0,0,0,0,-32307,0,0,0,0,0,141939,0
141965,-582,514,-8830,-72,79,1,385851,8138,-57,306,16936,37681,362,26,144,0,0,0,0,0,0,0,0,-32308,0,0,0,0,0,141940,0
141966,-582,514,-8830,-72,79,1,386223,8159,-40,326,16960,37681,362,26,144,0,0,0,0,0,0,0,0,-32308,0,0,0,0,0,141941,0
141967,-582,514,-8830,-72,79,1,386592,8155,-27,330,16904,37681,362,26,144,0,0,0,0,0,0,0,0,-32308,0,0,0,0,0,141942,0
141968,-708,552,-8320,-76,121,-101,386961,8139,-20,332,16808,37681,362,26,144,0,0,0,0,0,0,0,0,-32307,0,0,0,0,0,141943,0
141969,-708,552,-8320,-76,121,-101,387329,8127,-2,335,16768,37681,362,26,144,0,0,0,0,0,0,0,0,-32308,0,0,0,0,0,141944,0
141970,-708,552,-8320,-76,121,-101,387696,8105,2,344,16712,37681,362,26,144,0,0,0,0,0,0,0,0,-32308,0,0,0,0,0,141945,0
141971,-708,552,-8320,-76,121,-101,388062,8085,3,341,16640,37681,362,26,144,0,0,0,0,0,0,0,0,-32308,0,0,0,0,0,141946,0
141972,-870,358,-8808,-114,221,16,388427,8063,18,331,16624,37681,362,26,144,0,0,0,0,0,0,0,0,-32308,0,0,0,0,0,141947,0
141973,-870,358,-8808,-114,221,16,388790,8036,9,308,16576,37684,360,26,144,0,0,0,0,0,0,0,0,-32308,0,0,0,0,0,141948,0
141974,-870,358,-8808,-114,221,16,389155,8016,8,283,16568,37684,360,26,144,0,0,0,0,0,0,0,0,-32308,0,0,0,0,0,141949,0
141975,-870,358,-8808,-114,221,16,389518,8004,2,254,16576,37684,360,26,144,0,0,0,0,0,0,0,0,-32308,0,0,0,0,0,141950,0
141976,-886,474,-8254,-5,143,237,389883,8008,3,243,16624,37684,360,26,144,0,0,0,0,0,0,0,0,-32308,0,0,0,0,0,141951,0
141977,-886,474,-8254,-5,143,237,390245,8006,-9,233,16616,37684,360,26,144,0,0,0,0,0,0,0,0,-32308,0,0,0,0,0,141952,0
141978,-886,474,-8254,-5,143,237,390610,8006,-30,230,16648,37684,360,26,144,0,0,0,0,0,0,0,0,-32307,0,0,0,0,0,141953,0
141979,-886,474,-8254,-5,143,237,390973,8001,-40,215,16648,37684,360,26,144,0,0,0,0,0,0,0,0,-32308,0,0,0,0,0,141954,0
141980,-554,528,-8322,20,142,163,391340,8008,-57,234,16656,37684,360,26,144,0,0,0,0,0,0,0,0,-32307,0,0,0,0,0,141955,0
141981,-554,528,-8322,20,142,163,391701,8011,-76,228,16712,37684,360,26,144,0,0,0,0,0,0,0,0,-32307,0,0,0,0,0,141956,0
141982,-554,528,-8322,20,142,163,392069,8020,-79,248,16680,37684,360,26,144,0,0,0,0,0,0,0,0,-32308,0,0,0,0,0,141957,0
141983,-554,528,-8322,20,142,163,392435,8037,-85,265,16792,37683,358,26,144,0,0,0,0,0,0,0,0,-32307,0,0,0,0,0,141958,0
141984,-392,506,-8596,-29,230,56,392800,8039,-87,271,16720,37683,358,26,144,0,0,0,0,0,0,0,0,-32307,0,0,0,0,0,141959,0
141985,-392,506,-8596,-29,230,56,393166,8053,-87,271,16800,37683,358,26,144,0,0,0,0,0,0,0,0,-32307,0,0,0,0,0,141960,0
141986,-392,506,-8596,-29,230,56,393533,8052,-87,280,16712,37683,358,26,144,0,0,0,0,0,0,0,0,-32308,0,0,0,0,0,141961,0
141987,-392,506,-8596,-29,230,56,393899,8054,-79,277,16736,37683,358,26,144,0,0,0,0,0,0,0,0,-32307,0,0,0,0,0,141962,0
141988,-686,536,-8346,-56,273,76,394266,8060,-68,282,16744,37683,358,26,144,0,0,0,0,0,0,0,0,-32307,0,0,0,0,0,141963,0
141989,-686,536,-8346,-56,273,76,394631,8059,-60,288,16688,37683,358,26,144,0,0,0,0,0,0,0,0,-32308,0,0,0,0,0,141964,0
141990,-686,536,-8346,-56,273,76,394997,8053,-60,290,16664,37683,358,26,144,0,0,0,0,0,0,0,0,-32307,0,0,0,0,0,141965,0
141991,-686,536,-8346,-56,273,76,395362,8046,-45,304,16600,37683,358,26,144,0,0,0,0,0,0,0,0,-32308,0,0,0,0,0,141966,0
141992,-548,386,-8252,-43,270,18,395725,8028,-34,304,16536,37683,358,26,144,0,0,0,0,0,0,0,0,-32308,0,0,0,0,0,141967,0
141993,-548,386,-8252,-43,270,18,396087,8006,-29,309,16504,37684,358,26,144,0,0,0,0,0,0,0,0,-32308,0,0,0,0,0,141968,0
141994,-548,386,-8252,-43,270,18,396448,7977,-26,301,16456,37684,358,26,144,0,0,0,0,0,0,0,0,-32308,0,0,0,0,0,141969,0
141995,-548,386,-8252,-43,270,18,396808,7953,-21,293,16424,37684,358,26,144,0,0,0,0,0,0,0,0,-32307,0,0,0,0,0,141970,0
141996,-800,496,-8468,-86,284,130,397167,7929,-30,286,16384,37684,358,26,144,0,0,0,0,0,0,0,0,-32308,0,0,0,0,0,141971,0
141997,-800,496,-8468,-86,284,130,397525,7909,-43,265,16376,37684,358,26,144,0,0,0,0,0,0,0,0,-32308,0,0,0,0,0,141972,0
141998,-800,496,-8468,-86,284,130,397884,7895,-48,241,16456,37684,358,26,144,0,0,0,0,0,0,0,0,-32308,0,0,0,0,0,141973,0
141999,-800,496,-8468,-86,284,130,398241,7881,-64,212,16440,37684,358,26,144,0,0,0,0,0,0,0,0,-32307,0,0,0,0,0,141974,0
142000,-794,446,-7980,-67,219,242,398599,7876,-78,203,16464,37684,358,26,144,0,0,0,0,0,0,0,0,-32307,0,0,0,0,0,141975,0
142001,-794,446,-7980,-67,219,242,398959,7881,-94,190,16464,37684,358,26,144,0,0,0,0,0,0,0,0,-32307,0,0,0,0,0,141976,0
142002,-794,446,-7980,-67,219,242,399318,7888,-102,196,16472,37684,358,26,144,0,0,0,0,0,0,0,0,-32308,0,0,0,0,0,141977,0
142003,-794,446,-7980,-67,219,242,399676,7894,-119,205,16496,37688,333,26,144,0,0,0,0,0,0,0,0,-32307,0,0,0,0,0,141978,0
142004,-692,696,-8422,-69,163,118,400036,7901,-125,211,16448,37688,333,26,144,0,0,0,0,0,0,0,0,-32307,0,0,0,0,0,141979,0
142005,-692,696,-8422,-69,163,118,400396,7906,-136,225,16480,37688,333,26,144,0,0,0,0,0,0,0,0,-32308,0,0,0,0,0,141980,0
142006,-692,696,-8422,-69,163,118,400756,7911,-135,252,16512,37688,333,26,144,0,0,0,0,0,0,0,0,-32307,0,0,0,0,0,141981,0
142007,-692,696,-8422,-69,163,118,401115,7913,-141,255,16488,37688,333,26,144,0,0,0,0,0,0,0,0,-32308,0,0,0,0,0,141982,0
142008,-830,338,-8422,-30,117,33,401477,7918,-130,271,16488,37688,333,26,144,0,0,0,0,0,0,0,0,-32307,0,0,0,0,0,141983,0
142009,-830,338,-8422,-30,117,33,401837,7923,-134,276,16456,37688,333,26,144,0,0,0,0,0,0,0,0,-32308,0,0,0,0,0,141984,0
142010,-830,338,-8422,-30,117,33,402198,7931,-115,289,16504,37688,333,26,144,0,0,0,0,0,0,0,0,-32308,0,0,0,0,0,141985,0
142011,-830,338,-8422,-30,117,33,402557,7931,-106,281,16472,37688,333,26,144,0,0,0,0,0,0,0,0,-32308,0,0,0,0,0,141986,0
142012,-772,400,-8644,-56,113,7,402916,7919,-101,281,16360,37688,333,26,144,0,0,0,0,0,0,0,0,-32307,0,0,0,0,0,141987,0
142013,-772,400,-8644,-56,113,7,403274,7906,-88,290,16280,37685,336,26,144,0,0,0,0,0,0,0,0,-32308,0,0,0,0,0,141988,0
142014,-772,400,-8644,-56,113,7,403631,7885,-76,292,16232,37685,336,26,144,0,0,0,0,0,0,0,0,-32308,0,0,0,0,0,141989,0
142015,-772,400,-8644,-56,113,7,403987,7864,-75,287,16176,37685,336,26,144,0,0,0,0,0,0,0,0,-32308,0,0,0,0,0,141990,0
142016,-812,336,-8352,-62,80,12,404341,7834,-71,279,16104,37685,336,26,144,0,0,0,0,0,0,0,0,-32307,0,0,0,0,0,141991,0
142017,-812,336,-8352,-62,80,12,404693,7803,-73,268,16056,37685,336,26,144,0,0,0,0,0,0,0,0,-32308,0,0,0,0,0,141992,0
142018,-812,336,-8352,-62,80,12,405046,7777,-72,255,16040,37685,336,26,144,0,0,0,0,0,0,0,0,-32308,0,0,0,0,0,141993,0
142019,-812,336,-8352,-62,80,12,405396,7750,-81,250,16016,37685,336,26,144,0,0,0,0,0,0,0,0,-32308,0,0,0,0,0,141994,0
142020,-692,362,-8588,-16,5,121,405747,7731,-88,224,16056,37685,336,26,144,0,0,0,0,0,0,0,0,-32308,0,0,0,0,0,141995,0
142021,-692,362,-8588,-16,5,121,406097,7719,-98,208,16024,37685,336,26,144,0,0,0,0,0,0,0,0,-32308,0,0,0,0,0,141996,0
142022,-692,362,-8588,-16,5,121,406448,7711,-116,183,16048,37685,336,26,144,0,0,0,0,0,0,0,0,-32308,0,0,0,0,0,141997,0
142023,-692,362,-8588,-16,5,121,406799,7716,-129,189,16000,37689,325,26,144,0,0,0,0,0,0,0,0,-32308,0,0,0,0,0,141998,0
142024,-554,600,-8306,-5,-50,119,407148,7712,-147,186,16048,37689,325,26,144,0,0,0,0,0,0,0,0,-32308,0,0,0,0,0,141999,0
142025,-554,600,-8306,-5,-50,119,407499,7711,-161,182,16080,37689,325,26,144,0,0,0,0,0,0,0,0,-32308,0,0,0,0,0,142000,0
142026,-554,600,-8306,-5,-50,119,407850,7710,-170,186,16056,37689,325,26,144,0,0,0,0,0,0,0,0,-32308,0,0,0,0,0,142001,0
142027,-554,600,-8306,-5,-50,119,408201,7713,-182,189,16112,37689,325,26,144,0,0,0,0,0,0,0,0,-32308,0,0,0,0,0,142002,0
142028,-376,626,-8594,46,-111,-11,408552,7718,-188,202,16080,37689,325,26,144,0,0,0,0,0,0,0,0,-32308,0,0,0,0,0,142003,0
142029,-376,626,-8594,46,-111,-11,408905,7726,-187,210,16120,37689,325,26,144,0,0,0,0,0,0,0,0,-32308,0,0,0,0,0,142004,0
142030,-376,626,-8594,46,-111,-11,409255,7729,-188,225,16104,37689,325,26,144,0,0,0,0,0,0,0,0,-32307,0,0,0,0,0,142005,0
142031,-376,626,-8594,46,-111,-11,409608,7735,-179,228,16096,37689,325,26,144,0,0,0,0,0,0,0,0,-32307,0,0,0,0,0,142006,0
142032,-650,496,-8404,22,-8,-4,409960,7741,-170,244,16056,37689,325,26,144,0,0,0,0,0,0,0,0,-32307,0,0,0,0,0,142007,0
142033,-650,496,-8404,22,-8,-4,410311,7736,-157,231,16000,37693,330,26,144,0,0,0,0,0,0,0,0,-32308,0,0,0,0,0,142008,0
142034,-650,496,-8404,22,-8,-4,410664,7743,-140,244,16000,37693,330,26,144,0,0,0,0,0,0,0,0,-32308,0,0,0,0,0,142009,0
142035,-650,496,-8404,22,-8,-4,411013,7731,-131,257,15928,37693,330,26,144,0,0,0,0,0,0,0,0,-32307,0,0,0,0,0,142010,0
142036,-702,500,-8660,30,-79,-21,411364,7726,-114,263,15872,37693,330,26,144,0,0,0,0,0,0,0,0,-32308,0,0,0,0,0,142011,0
142037,-702,500,-8660,30,-79,-21,411714,7716,-99,277,15832,37693,330,26,144,0,0,0,0,0,0,0,0,-32307,0,0,0,0,0,142012,0
142038,-702,500,-8660,30,-79,-21,412062,7693,-82,271,15760,37693,330,26,144,0,0,0,0,0,0,0,0,-32307,0,0,0,0,0,142013,0
142039,-702,500,-8660,30,-79,-21,412410,7682,-74,277,15744,37693,330,26,144,0,0,0,0,0,0,0,0,-32307,0,0,0,0,0,142014,0
142040,-582,464,-8614,-1,-75,-29,412756,7654,-66,275,15704,37693,330,26,144,0,0,0,0,0,0,0,0,-32307,0,0,0,0,0,142015,0
142041,-582,464,-8614,-1,-75,-29,413100,7625,-68,261,15696,37693,330,26,144,0,0,0,0,0,0,0,0,-32308,0,0,0,0,0,142016,0
142042,-582,464,-8614,-1,-75,-29,413443,7595,-69,236,15640,37693,330,26,144,0,0,0,0,0,0,0,0,-32307,0,0,0,0,0,142017,0
142043,-582,464,-8614,-1,-75,-29,413786,7563,-81,212,15632,37695,324,26,144,0,0,0,0,0,0,0,0,-32308,0,0,0,0,0,142018,0
142044,-634,466,-8304,30,-111,150,414129,7551,-88,190,15648,37695,324,26,144,0,0,0,0,0,0,0,0,-32307,0,0,0,0,0,142019,0
142045,-634,466,-8304,30,-111,150,414470,7536,-107,168,15632,37695,324,26,144,0,0,0,0,0,0,0,0,-32307,0,0,0,0,0,142020,0
142046,-634,466,-8304,30,-111,150,414813,7534,-120,163,15672,37695,324,26,144,0,0,0,0,0,0,0,0,-32307,0,0,0,0,0,142021,0
142047,-634,466,-8304,30,-111,150,415155,7526,-137,148,15632,37695,324,26,144,0,0,0,0,0,0,0,0,-32308,0,0,0,0,0,142022,0
142048,-468,566,-8396,11,-115,126,415498,7527,-151,156,15672,37695,324,26,144,0,0,0,0,0,0,0,0,-32307,0,0,0,0,0,142023,0
142049,-468,566,-8396,11,-115,126,415839,7528,-162,156,15704,37695,324,26,144,0,0,0,0,0,0,0,0,-32307,0,0,0,0,0,142024,0
142050,-468,566,-8396,11,-115,126,416184,7537,-169,167,15664,37695,324,26,144,0,0,0,0,0,0,0,0,-32307,0,0,0,0,0,142025,0
142051,-468,566,-8396,11,-115,126,416527,7547,-175,171,15696,37695,324,26,144,0,0,0,0,0,0,0,0,-32307,0,0,0,0,0,142026,0
142052,-362,606,-8412,48,-101,30,416870,7549,-181,179,15680,37695,324,26,144,0,0,0,0,0,0,0,0,-32308,0,0,0,0,0,142027,0
142053,-362,606,-8412,48,-101,30,417214,7556,-182,198,15648,37702,311,26,144,0,0,0,0,0,0,0,0,-32308,0,0,0,0,0,142028,0
142054,-362,606,-8412,48,-101,30,417556,7547,-181,197,15648,37702,311,26,144,0,0,0,0,0,0,0,0,-32308,0,0,0,0,0,142029,0
142055,-362,606,-8412,48,-101,30,417900,7554,-175,206,15632,37702,311,26,144,0,0,0,0,0,0,0,0,-32308,0,0,0,0,0,142030,0
142056,-532,482,-8442,-45,-73,-66,418245,7560,-157,221,15632,37702,311,26,144,0,0,0,0,0,0,0,0,-32308,0,0,0,0,0,142031,0
142057,-532,482,-8442,-45,-73,-66,418588,7563,-146,234,15624,37702,311,26,144,0,0,0,0,0,0,0,0,-32308,0,0,0,0,0,142032,0
142058,-532,482,-8442,-45,-73,-66,418933,7569,-133,239,15584,37702,311,26,144,0,0,0,0,0,0,0,0,-32307,0,0,0,0,0,142033,0
142059,-532,482,-8442,-45,-73,-66,419275,7563,-114,247,15520,37702,311,26,144,0,0,0,0,0,0,0,0,-32308,0,0,0,0,0,142034,0
142060,-542,324,-8258,-50,-22,-69,419619,7557,-99,244,15472,37702,311,26,144,0,0,0,0,0,0,0,0,-32308,0,0,0,0,0,142035,0
142061,-542,324,-8258,-50,-22,-69,419960,7543,-85,242,15432,37702,311,26,144,0,0,0,0,0,0,0,0,-32308,0,0,0,0,0,142036,0
142062,-542,324,-8258,-50,-22,-69,420298,7515,-76,247,15392,37702,311,26,144,0,0,0,0,0,0,0,0,-32308,0,0,0,0,0,142037,0
142063,-542,324,-8258,-50,-22,-69,420638,7489,-67,233,15344,37703,315,26,144,0,0,0,0,0,0,0,0,-32308,0,0,0,0,0,142038,0
142064,-606,358,-8212,-48,-9,-23,420975,7458,-67,233,15288,37703,315,26,144,0,0,0,0,0,0,0,0,-32308,0,0,0,0,0,142039,0
142065,-606,358,-8212,-48,-9,-23,421312,7436,-67,226,15312,37703,315,26,144,0,0,0,0,0,0,0,0,-32308,0,0,0,0,0,142040,0
142066,-606,358,-8212,-48,-9,-23,421648,7421,-68,221,15248,37703,315,26,144,0,0,0,0,0,0,0,0,-32308,0,0,0,0,0,142041,0
142067,-606,358,-8212,-48,-9,-23,421984,7405,-76,194,15256,37703,315,26,144,0,0,0,0,0,0,0,0,-32308,0,0,0,0,0,142042,0
142068,-584,400,-8610,-34,-4,166,422319,7392,-82,174,15224,37703,315,26,144,0,0,0,0,0,0,0,0,-32308,0,0,0,0,0,142043,0
142069,-584,400,-8610,-34,-4,166,422655,7385,-92,159,15216,37703,315,26,144,0,0,0,0,0,0,0,0,-32308,0,0,0,0,0,142044,0
142070,-584,400,-8610,-34,-4,166,422991,7384,-106,148,15176,37703,315,26,144,0,0,0,0,0,0,0,0,-32307,0,0,0,0,0,142045,0
142071,-584,400,-8610,-34,-4,166,423324,7374,-124,150,15216,37703,315,26,144,0,0,0,0,0,0,0,0,-32307,0,0,0,0,0,142046,0
142072,-564,546,-8794,-3,-31,189,423659,7370,-140,139,15248,37703,315,26,144,0,0,0,0,0,0,0,0,-32308,0,0,0,0,0,142047,0
142073,-564,546,-8794,-3,-31,189,423995,7365,-150,150,15144,37710,302,26,144,0,0,0,0,0,0,0,0,-32307,0,0,0,0,0,142048,0
142074,-564,546,-8794,-3,-31,189,424329,7360,-166,151,15192,37710,302,26,144,0,0,0,0,0,0,0,0,-32307,0,0,0,0,0,142049,0
142075,-564,546,-8794,-3,-31,189,424664,7367,-171,143,15232,37710,302,26,144,0,0,0,0,0,0,0,0,-32308,0,0,0,0,0,142050,0
142076,-390,478,-8554,-10,8,101,425000,7368,-169,163,15224,37710,302,26,144,0,0,0,0,0,0,0,0,-32308,0,0,0,0,0,142051,0
142077,-390,478,-8554,-10,8,101,425334,7370,-181,161,15224,37710,302,26,144,0,0,0,0,0,0,0,0,-32308,0,0,0,0,0,142052,0
142078,-390,478,-8554,-10,8,101,425670,7378,-168,177,15264,37710,302,26,144,0,0,0,0,0,0,0,0,-32307,0,0,0,0,0,142053,0
142079,-390,478,-8554,-10,8,101,426006,7380,-163,196,15272,37710,302,26,144,0,0,0,0,0,0,0,0,-32307,0,0,0,0,0,142054,0
142080,-560,508,-8736,-47,66,35,426342,7381,-155,207,15160,37710,302,26,144,0,0,0,0,0,0,0,0,-32307,0,0,0,0,0,142055,0
142081,-560,508,-8736,-47,66,35,426676,7381,-148,206,15152,37710,302,26,144,0,0,0,0,0,0,0,0,-32307,0,0,0,0,0,142056,0
142082,-560,508,-8736,-47,66,35,427012,7376,-137,214,15120,37710,302,26,144,0,0,0,0,0,0,0,0,-32307,0,0,0,0,0,142057,0
142083,-560,508,-8736,-47,66,35,427344,7362,-130,219,15104,37710,309,26,144,0,0,0,0,0,0,0,0,-32307,0,0,0,0,0,142058,0
142084,-816,506,-8988,-105,120,62,427679,7355,-114,218,15008,37710,309,26,144,0,0,0,0,0,0,0,0,-32308,0,0,0,0,0,142059,0
142085,-816,506,-8988,-105,120,62,428012,7346,-100,230,14992,37710,309,26,144,0,0,0,0,0,0,0,0,-32307,0,0,0,0,0,142060,0
142086,-816,506,-8988,-105,120,62,428343,7328,-90,230,14912,37710,309,26,144,0,0,0,0,0,0,0,0,-32307,0,0,0,0,0,142061,0
142087,-816,506,-8988,-105,120,62,428675,7316,-85,230,14904,37710,309,26,144,0,0,0,0,0,0,0,0,-32307,0,0,0,0,0,142062,0
142088,-740,492,-8648,-102,124,80,429002,7278,-81,215,14848,37710,309,26,144,0,0,0,0,0,0,0,0,-32307,0,0,0,0,0,142063,0
142089,-740,492,-8648,-102,124,80,429330,7249,-84,199,14784,37710,309,26,144,0,0,0,0,0,0,0,0,-32307,0,0,0,0,0,142064,0
142090,-740,492,-8648,-102,124,80,429655,7214,-100,184,14704,37710,309,26,144,0,0,0,0,0,0,0,0,-32307,0,0,0,0,0,142065,0
142091,-740,492,-8648,-102,124,80,429982,7186,-105,170,14680,37710,309,26,144,0,0,0,0,0,0,0,0,-32307,0,0,0,0,0,142066,0
142092,-740,450,-8318,-100,116,205,430307,7175,-121,151,14688,37710,309,26,144,0,0,0,0,0,0,0,0,-32307,0,0,0,0,0,142067,0
142093,-740,450,-8318,-100,116,205,430632,7163,-137,137,14712,37710,296,26,144,0,0,0,0,0,0,0,0,-32308,0,0,0,0,0,142068,0
142094,-740,450,-8318,-100,116,205,430954,7144,-164,116,14720,37710,296,26,144,0,0,0,0,0,0,0,0,-32307,0,0,0,0,0,142069,0
142095,-740,450,-8318,-100,116,205,431278,7127,-174,114,14680,37710,296,26,144,0,0,0,0,0,0,0,0,-32307,0,0,0,0,0,142070,0
142096,-566,500,-8320,-75,78,219,431602,7118,-193,97,14696,37710,296,26,144,0,0,0,0,0,0,0,0,-32308,0,0,0,0,0,142071,0
142097,-566,500,-8320,-75,78,219,431928,7125,-194,107,14688,37710,296,26,144,0,0,0,0,0,0,0,0,-32307,0,0,0,0,0,142072,0
142098,-566,500,-8320,-75,78,219,432250,7129,-210,109,14712,37710,296,26,144,0,0,0,0,0,0,0,0,-32307,0,0,0,0,0,142073,0
142099,-566,500,-8320,-75,78,219,432574,7127,-225,119,14680,37710,296,26,144,0,0,0,0,0,0,0,0,-32307,0,0,0,0,0,142074,0
142100,-598,582,-8234,-82,102,25,432899,7127,-228,129,14696,37710,296,26,144,0,0,0,0,0,0,0,0,-32308,0,0,0,0,0,142075,0
142101,-598,582,-8234,-82,102,25,433222,7123,-233,151,14704,37710,296,26,144,0,0,0,0,0,0,0,0,-32308,0,0,0,0,0,142076,0
142102,-598,582,-8234,-82,102,25,433545,7126,-231,147,14680,37710,296,26,144,0,0,0,0,0,0,0,0,-32308,0,0,0,0,0,142077,0
142103,-598,582,-8234,-82,102,25,433868,7115,-231,162,14704,37714,291,26,144,0,0,0,0,0,0,0,0,-32308,0,0,0,0,0,142079,0
142104,-614,468,-8622,-93,108,-30,434194,7119,-213,167,14616,37714,291,26,144,0,0,0,0,0,0,0,0,-32308,0,0,0,0,0,142079,0
142105,-614,468,-8622,-93,108,-30,434518,7129,-207,171,14648,37714,291,26,144,0,0,0,0,0,0,0,0,-32308,0,0,0,0,0,142080,0
142106,-614,468,-8622,-93,108,-30,434842,7136,-193,179,14632,37714,291,26,144,0,0,0,0,0,0,0,0,-32308,0,0,0,0,0,142081,0
142107,-614,468,-8622,-93,108,-30,435166,7138,-177,195,14632,37714,291,26,144,0,0,0,0,0,0,0,0,-32308,0,0,0,0,0,142082,0
142108,-834,350,-8074,-81,99,-35,435490,7127,-154,184,14552,37714,291,26,144,0,0,0,0,0,0,0,0,-32307,0,0,0,0,0,142083,0
142109,-834,350,-8074,-81,99,-35,435813,7118,-136,206,14528,37714,291,26,144,0,0,0,0,0,0,0,0,-32308,0,0,0,0,0,142084,0
142110,-834,350,-8074,-81,99,-35,436135,7108,-117,200,14432,37714,291,26,144,0,0,0,0,0,0,0,0,-32308,0,0,0,0,0,142085,0
142111,-834,350,-8074,-81,99,-35,436455,7090,-116,204,14424,37714,291,26,144,0,0,0,0,0,0,0,0,-32308,0,0,0,0,0,142086,0
142112,-880,284,-8518,-40,57,-14,436774,7066,-101,200,14312,37714,291,26,144,0,0,0,0,0,0,0,0,-32308,0,0,0,0,0,142087,0
142113,-880,284,-8518,-40,57,-14,437092,7038,-95,194,14224,37715,284,26,144,0,0,0,0,0,0,0,0,-32308,0,0,0,0,0,142088,0
142114,-880,284,-8518,-40,57,-14,437410,7011,-97,179,14232,37715,284,26,144,0,0,0,0,0,0,0,0,-32308,0,0,0,0,0,142089,0
142115,-880,284,-8518,-40,57,-14,437725,6982,-94,165,14224,37715,284,26,144,0,0,0,0,0,0,0,0,-32308,0,0,0,0,0,142090,0
142116,-896,398,-8478,-3,34,74,438041,6963,-102,153,14208,37715,284,26,144,0,0,0,0,0,0,0,0,-32308,0,0,0,0,0,142091,0
142117,-896,398,-8478,-3,34,74,438355,6943,-111,133,14152,37715,284,26,144,0,0,0,0,0,0,0,0,-32308,0,0,0,0,0,142092,0
142118,-896,398,-8478,-3,34,74,438669,6926,-133,124,14144,37715,284,26,144,0,0,0,0,0,0,0,0,-32308,0,0,0,0,0,142093,0
142119,-896,398,-8478,-3,34,74,438983,6917,-141,115,14168,37715,284,26,144,0,0,0,0,0,0,0,0,-32308,0,0,0,0,0,142094,0
142120,-876,482,-8484,93,-87,178,439295,6897,-159,93,14248,37715,284,26,144,0,0,0,0,0,0,0,0,-32308,0,0,0,0,0,142095,0
142121,-876,482,-8484,93,-87,178,439611,6900,-169,83,14120,37715,284,26,144,0,0,0,0,0,0,0,0,-32308,0,0,0,0,0,142096,0
142122,-876,482,-8484,93,-87,178,439923,6897,-189,89,14136,37715,284,26,144,0,0,0,0,0,0,0,0,-32307,0,0,0,0,0,142097,0
142123,-876,482,-8484,93,-87,178,440234,6887,-206,94,14144,37722,270,26,144,0,0,0,0,0,0,0,0,-32308,0,0,0,0,0,142098,0
142124,-492,610,-8564,106,-74,74,440547,6882,-214,106,14128,37722,270,26,144,0,0,0,0,0,0,0,0,-32308,0,0,0,0,0,142099,0
142125,-492,610,-8564,106,-74,74,440861,6873,-214,124,14152,37722,270,26,144,0,0,0,0,0,0,0,0,-32308,0,0,0,0,0,142100,0
142126,-492,610,-8564,106,-74,74,441173,6880,-223,123,14096,37722,270,26,144,0,0,0,0,0,0,0,0,-32308,0,0,0,0,0,142101,0
142127,-492,610,-8564,106,-74,74,441486,6884,-221,137,14088,37722,270,26,144,0,0,0,0,0,0,0,0,-32308,0,0,0,0,0,142102,0
142128,-654,608,-8474,42,-38,-15,441798,6882,-223,148,14096,37722,270,26,144,0,0,0,0,0,0,0,0,-32308,0,0,0,0,0,142103,0
142129,-654,608,-8474,42,-38,-15,442110,6873,-218,147,14040,37722,270,26,144,0,0,0,0,0,0,0,0,-32308,0,0,0,0,0,142104,0
142130,-654,608,-8474,42,-38,-15,442423,6873,-212,140,14048,37722,270,26,144,0,0,0,0,0,0,0,0,-32308,0,0,0,0,0,142105,0
142131,-654,608,-8474,42,-38,-15,442734,6865,-206,143,14016,37722,270,26,144,0,0,0,0,0,0,0,0,-32308,0,0,0,0,0,142106,0
142132,-634,488,-8330,32,-36,42,443045,6859,-193,141,13968,37722,270,26,144,0,0,0,0,0,0,0,0,-32308,0,0,0,0,0,142107,0
142133,-634,488,-8330,32,-36,42,443356,6850,-180,138,13952,37722,268,26,144,0,0,0,0,0,0,0,0,-32308,0,0,0,0,0,142108,0
142134,-634,488,-8330,32,-36,42,443666,6838,-166,139,13920,37722,268,26,144,0,0,0,0,0,0,0,0,-32307,0,0,0,0,0,142109,0
142135,-634,488,-8330,32,-36,42,443976,6830,-159,141,13936,37722,268,26,144,0,0,0,0,0,0,0,0,-32308,0,0,0,0,0,142110,0
142136,-718,606,-8672,11,-22,47,444284,6811,-145,147,13840,37722,268,26,144,0,0,0,0,0,0,0,0,-32307,0,0,0,0,0,142111,0
142137,-718,606,-8672,11,-22,47,444592,6795,-132,151,13768,37722,268,26,144,0,0,0,0,0,0,0,0,-32307,0,0,0,0,0,142112,0
142138,-718,606,-8672,11,-22,47,444897,6768,-129,147,13760,37722,268,26,144,0,0,0,0,0,0,0,0,-32307,0,0,0,0,0,142113,0
142139,-718,606,-8672,11,-22,47,445202,6742,-132,156,13712,37722,268,26,144,0,0,0,0,0,0,0,0,-32307,0,0,0,0,0,142114,0
142140,-726,478,-8666,-9,-17,11,445505,6717,-138,148,13616,37722,268,26,144,0,0,0,0,0,0,0,0,-32307,0,0,0,0,0,142115,0
142141,-726,478,-8666,-9,-17,11,445808,6688,-145,146,13592,37722,268,26,144,0,0,0,0,0,0,0,0,-32308,0,0,0,0,0,142116,0
142142,-726,478,-8666,-9,-17,11,446108,6663,-160,140,13536,37722,268,26,144,0,0,0,0,0,0,0,0,-32307,0,0,0,0,0,142117,0
142143,-726,478,-8666,-9,-17,11,446408,6634,-176,134,13528,37727,258,26,144,0,0,0,0,0,0,0,0,-32307,0,0,0,0,0,142119,0
142144,-764,434,-8458,-14,-26,89,446707,6606,-193,105,13528,37727,258,26,144,0,0,0,0,0,0,0,0,-32307,0,0,0,0,0,142119,0
142145,-764,434,-8458,-14,-26,89,447005,6586,-211,95,13504,37727,258,26,144,0,0,0,0,0,0,0,0,-32308,0,0,0,0,0,142120,0
142146,-764,434,-8458,-14,-26,89,447305,6579,-225,88,13488,37727,258,26,144,0,0,0,0,0,0,0,0,-32307,0,0,0,0,0,142121,0
142147,-764,434,-8458,-14,-26,89,447602,6566,-242,76,13456,37727,258,26,144,0,0,0,0,0,0,0,0,-32308,0,0,0,0,0,142122,0
142148,-586,532,-8296,-20,-7,140,447902,6569,-255,91,13480,37727,258,26,144,0,0,0,0,0,0,0,0,-32308,0,0,0,0,0,142123,0
142149,-586,532,-8296,-20,-7,140,448200,6568,-260,84,13416,37727,258,26,144,0,0,0,0,0,0,0,0,-32307,0,0,0,0,0,142124,0
142150,-586,532,-8296,-20,-7,140,448497,6560,-271,78,13400,37727,258,26,144,0,0,0,0,0,0,0,0,-32307,0,0,0,0,0,142125,0
142151,-586,532,-8296,-20,-7,140,448795,6562,-282,93,13376,37727,258,26,144,0,0,0,0,0,0,0,0,-32308,0,0,0,0,0,142127,0
142152,-488,532,-8384,-27,17,21,449094,6556,-277,112,13400,37727,258,26,144,0,0,0,0,0,0,0,0,-32307,0,0,0,0,0,142127,0
142153,-488,532,-8384,-27,17,21,449390,6550,-278,111,13320,37728,250,26,144,0,0,0,0,0,0,0,0,-32308,0,0,0,0,0,142128,0
142154,-488,532,-8384,-27,17,21,449688,6549,-271,119,13312,37728,250,26,144,0,0,0,0,0,0,0,0,-32307,0,0,0,0,0,142129,0
142155,-488,532,-8384,-27,17,21,449985,6541,-267,112,13288,37728,250,26,144,0,0,0,0,0,0,0,0,-32308,0,0,0,0,0,142130,0
142156,-506,466,-8482,-96,101,-10,450283,6541,-253,127,13320,37728,250,26,144,0,0,0,0,0,0,0,0,-32307,0,0,0,0,0,142131,0
142157,-506,466,-8482,-96,101,-10,450578,6534,-243,114,13272,37728,250,26,144,0,0,0,0,0,0,0,0,-32307,0,0,0,0,0,142132,0
142158,-506,466,-8482,-96,101,-10,450874,6522,-228,109,13248,37728,250,26,144,0,0,0,0,0,0,0,0,-32308,0,0,0,0,0,142133,0
142159,-506,466,-8482,-96,101,-10,451170,6515,-212,103,13232,37728,250,26,144,0,0,0,0,0,0,0,0,-32308,0,0,0,0,0,142135,0
142160,-528,452,-8542,-53,126,51,451467,6513,-195,117,13232,37728,250,26,144,0,0,0,0,0,0,0,0,-32307,0,0,0,0,0,142135,0
142161,-528,452,-8542,-53,126,51,451762,6515,-176,119,13144,37728,250,26,144,0,0,0,0,0,0,0,0,-32308,0,0,0,0,0,142136,0
142162,-528,452,-8542,-53,126,51,452057,6505,-165,120,13144,37728,250,26,144,0,0,0,0,0,0,0,0,-32308,0,0,0,0,0,142137,0
142163,-528,452,-8542,-53,126,51,452351,6491,-149,123,13072,37734,250,26,144,0,0,0,0,0,0,0,0,-32307,0,0,0,0,0,142138,0
142164,-744,398,-8260,-79,155,-19,452642,6465,-139,139,13064,37734,250,26,144,0,0,0,0,0,0,0,0,-32308,0,0,0,0,0,142139,0
142165,-744,398,-8260,-79,155,-19,452935,6446,-127,138,12960,37734,250,26,144,0,0,0,0,0,0,0,0,-32308,0,0,0,0,0,142140,0
142166,-744,398,-8260,-79,155,-19,453225,6425,-129,138,12888,37734,250,26,144,0,0,0,0,0,0,0,0,-32308,0,0,0,0,0,142141,0
142167,-744,398,-8260,-79,155,-19,453514,6400,-130,127,12848,37734,250,26,144,0,0,0,0,0,0,0,0,-32308,0,0,0,0,0,142143,0
142168,-614,458,-8334,-46,180,13,453802,6375,-137,120,12840,37734,250,26,144,0,0,0,0,0,0,0,0,-32307,0,0,0,0,0,142143,0
142169,-614,458,-8334,-46,180,13,454087,6337,-152,109,12776,37734,250,26,144,0,0,0,0,0,0,0,0,-32308,0,0,0,0,0,142144,0
142170,-614,458,-8334,-46,180,13,454374,6314,-167,83,12744,37734,250,26,144,0,0,0,0,0,0,0,0,-32307,0,0,0,0,0,142145,0
142171,-614,458,-8334,-46,180,13,454660,6303,-174,62,12760,37734,250,26,144,0,0,0,0,0,0,0,0,-32308,0,0,0,0,0,142146,0
142172,-744,438,-8536,-11,129,178,454945,6292,-191,63,12752,37734,250,26,144,0,0,0,0,0,0,0,0,-32308,0,0,0,0,0,142147,0
142173,-744,438,-8536,-11,129,178,455228,6277,-212,55,12720,37739,238,26,144,0,0,0,0,0,0,0,0,-32308,0,0,0,0,0,142148,0
142174,-744,438,-8536,-11,129,178,455512,6259,-224,45,12664,37739,238,26,144,0,0,0,0,0,0,0,0,-32308,0,0,0,0,0,142149,0
142175,-744,438,-8536,-11,129,178,455797,6249,-238,38,12672,37739,238,26,144,0,0,0,0,0,0,0,0,-32308,0,0,0,0,0,142151,0
142176,-612,522,-8410,-6,105,159,456079,6241,-247,44,12648,37739,238,26,144,0,0,0,0,0,0,0,0,-32307,0,0,0,0,0,142151,0
142177,-612,522,-8410,-6,105,159,456360,6230,-263,50,12632,37739,238,26,144,0,0,0,0,0,0,0,0,-32308,0,0,0,0,0,142152,0
142178,-612,522,-8410,-6,105,159,456643,6214,-267,48,12624,37739,238,26,144,0,0,0,0,0,0,0,0,-32307,0,0,0,0,0,142153,0
142179,-612,522,-8410,-6,105,159,456927,6214,-270,61,12616,37739,238,26,144,0,0,0,0,0,0,0,0,-32307,0,0,0,0,0,142154,0
142180,-580,604,-8002,-8,118,71,457208,6211,-269,68,12568,37739,238,26,144,0,0,0,0,0,0,0,0,-32307,0,0,0,0,0,142155,0
142181,-580,604,-8002,-8,118,71,457488,6201,-277,65,12576,37739,238,26,144,0,0,0,0,0,0,0,0,-32308,0,0,0,0,0,142156,0
142182,-580,604,-8002,-8,118,71,457769,6188,-275,72,12520,37739,238,26,144,0,0,0,0,0,0,0,0,-32307,0,0,0,0,0,142157,0
142183,-580,604,-8002,-8,118,71,458052,6182,-260,82,12544,37745,239,26,144,0,0,0,0,0,0,0,0,-32308,0,0,0,0,0,142159,0
142184,-602,536,-8672,-22,114,43,458330,6178,-257,79,12552,37745,239,26,144,0,0,0,0,0,0,0,0,-32307,0,0,0,0,0,142160,0
142185,-602,536,-8672,-22,114,43,458612,6181,-248,85,12520,37745,239,26,144,0,0,0,0,0,0,0,0,-32308,0,0,0,0,0,142161,0
142186,-602,536,-8672,-22,114,43,458891,6169,-245,97,12520,37745,239,26,144,0,0,0,0,0,0,0,0,-32307,0,0,0,0,0,142162,0
142187,-602,536,-8672,-22,114,43,459171,6161,-228,95,12432,37745,239,26,144,0,0,0,0,0,0,0,0,-32308,0,0,0,0,0,142163,0
142188,-748,482,-8376,-65,117,53,459450,6159,-211,94,12392,37745,239,26,144,0,0,0,0,0,0,0,0,-32307,0,0,0,0,0,142164,0
142189,-748,482,-8376,-65,117,53,459729,6142,-201,96,12352,37745,239,26,144,0,0,0,0,0,0,0,0,-32308,0,0,0,0,0,142165,0
142190,-748,482,-8376,-65,117,53,460006,6132,-188,99,12288,37745,239,26,144,0,0,0,0,0,0,0,0,-32308,0,0,0,0,0,142166,0
142191,-748,482,-8376,-65,117,53,460283,6116,-171,115,12240,37745,239,26,144,0,0,0,0,0,0,0,0,-32308,0,0,0,0,0,142167,0
142192,-744,432,-8582,-49,66,52,460559,6099,-171,108,12168,37745,239,26,144,0,0,0,0,0,0,0,0,-32307,0,0,0,0,0,142168,0
142193,-744,432,-8582,-49,66,52,460833,6075,-169,105,12184,37743,234,26,144,0,0,0,0,0,0,0,0,-32307,0,0,0,0,0,142169,0
142194,-744,432,-8582,-49,66,52,461106,6048,-167,101,12096,37743,234,26,144,0,0,0,0,0,0,0,0,-32307,0,0,0,0,0,142170,0
142195,-744,432,-8582,-49,66,52,461379,6025,-166,92,12032,37743,234,26,144,0,0,0,0,0,0,0,0,-32307,0,0,0,0,0,142171,0
142196,-802,486,-8512,-85,68,71,461649,5999,-178,83,11992,37743,234,26,144,0,0,0,0,0,0,0,0,-32308,0,0,0,0,0,142172,0
142197,-802,486,-8512,-85,68,71,461918,5971,-197,75,11912,37743,234,26,144,0,0,0,0,0,0,0,0,-32308,0,0,0,0,0,142173,0
142198,-802,486,-8512,-85,68,71,462186,5940,-201,58,11912,37743,234,26,144,0,0,0,0,0,0,0,0,-32307,0,0,0,0,0,142174,0
142199,-802,486,-8512,-85,68,71,462454,5910,-218,40,11848,37743,234,26,144,0,0,0,0,0,0,0,0,-32308,0,0,0,0,0,142175,0
142200,-714,420,-8152,-43,-3,120,462720,5890,-233,28,11840,37743,234,26,144,0,0,0,0,0,0,0,0,-32307,0,0,0,0,0,142176,0
142201,-714,420,-8152,-43,-3,120,462984,5861,-256,27,11784,37743,234,26,144,0,0,0,0,0,0,0,0,-32308,0,0,0,0,0,142177,0
142202,-714,420,-8152,-43,-3,120,463248,5834,-273,16,11752,37743,234,26,144,0,0,0,0,0,0,0,0,-32307,0,0,0,0,0,142178,0
142203,-714,420,-8152,-43,-3,120,463513,5817,-283,14,11776,37745,222,26,144,0,0,0,0,0,0,0,0,-32308,0,0,0,0,0,142179,0
142204,-640,540,-8674,-15,-34,117,463774,5800,-305,4,11752,37745,222,26,144,0,0,0,0,0,0,0,0,-32307,0,0,0,0,0,142180,0
142205,-640,540,-8674,-15,-34,117,464037,5793,-318,7,11704,37745,222,26,144,0,0,0,0,0,0,0,0,-32307,0,0,0,0,0,142181,0
142206,-640,540,-8674,-15,-34,117,464302,5793,-325,25,11744,37745,222,26,144,0,0,0,0,0,0,0,0,-32308,0,0,0,0,0,142182,0
142207,-640,540,-8674,-15,-34,117,464563,5782,-328,36,11680,37745,222,26,144,0,0,0,0,0,0,0,0,-32307,0,0,0,0,0,142183,0
142208,-424,498,-8522,-59,22,-8,464825,5779,-333,48,11640,37745,222,26,144,0,0,0,0,0,0,0,0,-32308,0,0,0,0,0,142184,0
142209,-424,498,-8522,-59,22,-8,465085,5761,-343,50,11640,37745,222,26,144,0,0,0,0,0,0,0,0,-32308,0,0,0,0,0,142185,0
142210,-424,498,-8522,-59,22,-8,465348,5754,-339,59,11608,37745,222,26,144,0,0,0,0,0,0,0,0,-32307,0,0,0,0,0,142186,0
142211,-424,498,-8522,-59,22,-8,465609,5753,-325,66,11584,37745,222,26,144,0,0,0,0,0,0,0,0,-32308,0,0,0,0,0,142187,0
142212,-586,500,-8590,23,-31,-58,465871,5756,-321,76,11608,37745,222,26,144,0,0,0,0,0,0,0,0,-32307,0,0,0,0,0,142188,0
142213,-586,500,-8590,23,-31,-58,466130,5747,-315,74,11528,37745,225,26,144,0,0,0,0,0,0,0,0,-32308,0,0,0,0,0,142189,0
142214,-586,500,-8590,23,-31,-58,466389,5727,-305,78,11440,37745,225,26,144,0,0,0,0,0,0,0,0,-32307,0,0,0,0,0,142190,0
142215,-586,500,-8590,23,-31,-58,466651,5724,-282,76,11488,37745,225,26,144,0,0,0,0,0,0,0,0,-32308,0,0,0,0,0,142191,0
142216,-760,390,-8586,-15,6,-16,466909,5711,-267,71,11432,37745,225,26,144,0,0,0,0,0,0,0,0,-32308,0,0,0,0,0,142192,0
142217,-760,390,-8586,-15,6,-16,467167,5706,-255,78,11392,37745,225,26,144,0,0,0,0,0,0,0,0,-32308,0,0,0,0,0,142193,0
142218,-760,390,-8586,-15,6,-16,467427,5702,-230,81,11408,37745,225,26,144,0,0,0,0,0,0,0,0,-32307,0,0,0,0,0,142194,0
142219,-760,390,-8586,-15,6,-16,467684,5685,-217,75,11328,37745,225,26,144,0,0,0,0,0,0,0,0,-32308,0,0,0,0,0,142195,0
142220,-692,368,-8382,-29,14,44,467943,5684,-202,80,11296,37745,225,26,144,0,0,0,0,0,0,0,0,-32307,0,0,0,0,0,142196,0
142221,-692,368,-8382,-29,14,44,468200,5679,-186,71,11272,37745,225,26,144,0,0,0,0,0,0,0,0,-32308,0,0,0,0,0,142197,0
142222,-692,368,-8382,-29,14,44,468456,5663,-177,73,11232,37745,225,26,144,0,0,0,0,0,0,0,0,-32308,0,0,0,0,0,142198,0
142223,-692,368,-8382,-29,14,44,468710,5645,-163,74,11176,37750,214,26,144,0,0,0,0,0,0,0,0,-32308,0,0,0,0,0,142199,0
142224,-560,388,-8348,30,45,-15,468964,5613,-164,69,11096,37750,214,26,144,0,0,0,0,0,0,0,0,-32308,0,0,0,0,0,142200,0
142225,-560,388,-8348,30,45,-15,469218,5594,-161,64,11072,37750,214,26,144,0,0,0,0,0,0,0,0,-32308,0,0,0,0,0,142201,0
142226,-560,388,-8348,30,45,-15,469469,5572,-168,64,11048,37750,214,26,144,0,0,0,0,0,0,0,0,-32308,0,0,0,0,0,142202,0
142227,-560,388,-8348,30,45,-15,469719,5550,-174,57,11008,37750,214,26,144,0,0,0,0,0,0,0,0,-32308,0,0,0,0,0,142203,0
142228,-586,514,-8564,25,32,8,469967,5519,-183,37,10912,37750,214,26,144,0,0,0,0,0,0,0,0,-32307,0,0,0,0,0,142204,0
142229,-586,514,-8564,25,32,8,470216,5488,-201,28,10920,37750,214,26,144,0,0,0,0,0,0,0,0,-32308,0,0,0,0,0,142205,0
142230,-586,514,-8564,25,32,8,470463,5467,-210,15,10832,37750,214,26,144,0,0,0,0,0,0,0,0,-32308,0,0,0,0,0,142206,0
142231,-586,514,-8564,25,32,8,470709,5447,-222,2,10800,37750,214,26,144,0,0,0,0,0,0,0,0,-32308,0,0,0,0,0,142207,0
142232,-672,490,-8600,43,4,112,470954,5427,-248,-5,10768,37750,214,26,144,0,0,0,0,0,0,0,0,-32308,0,0,0,0,0,142208,0
142233,-672,490,-8600,43,4,112,471201,5412,-256,-8,10760,37755,213,26,144,0,0,0,0,0,0,0,0,-32308,0,0,0,0,0,142209,0
142234,-672,490,-8600,43,4,112,471444,5396,-268,-6,10744,37755,213,26,144,0,0,0,0,0,0,0,0,-32308,0,0,0,0,0,142210,0
142235,-672,490,-8600,43,4,112,471687,5377,-283,-10,10680,37755,213,26,144,0,0,0,0,0,0,0,0,-32308,0,0,0,0,0,142211,0
142236,-496,610,-8276,24,25,104,471930,5360,-297,-3,10648,37755,213,26,144,0,0,0,0,0,0,0,0,-32308,0,0,0,0,0,142212,0
142237,-496,610,-8276,24,25,104,472172,5340,-307,0,10680,37755,213,26,144,0,0,0,0,0,0,0,0,-32307,0,0,0,0,0,142213,0
142238,-496,610,-8276,24,25,104,472414,5336,-310,-1,10624,37755,213,26,144,0,0,0,0,0,0,0,0,-32307,0,0,0,0,0,142214,0
142239,-496,610,-8276,24,25,104,472654,5322,-322,2,10568,37755,213,26,144,0,0,0,0,0,0,0,0,-32308,0,0,0,0,0,142215,0
142240,-482,640,-8636,6,38,71,472896,5310,-320,9,10568,37755,213,26,144,0,0,0,0,0,0,0,0,-32307,0,0,0,0,0,142216,0
142241,-482,640,-8636,6,38,71,473135,5296,-326,6,10544,37755,213,26,144,0,0,0,0,0,0,0,0,-32308,0,0,0,0,0,142217,0
142242,-482,640,-8636,6,38,71,473374,5280,-326,6,10552,37755,213,26,144,0,0,0,0,0,0,0,0,-32308,0,0,0,0,0,142218,0
142243,-482,640,-8636,6,38,71,473614,5279,-319,13,10520,37757,206,26,144,0,0,0,0,0,0,0,0,-32307,0,0,0,0,0,142219,0
142244,-602,506,-8368,-14,61,19,473854,5272,-312,13,10496,37757,206,26,144,0,0,0,0,0,0,0,0,-32308,0,0,0,0,0,142220,0
142245,-602,506,-8368,-14,61,19,474090,5259,-312,24,10432,37757,206,26,144,0,0,0,0,0,0,0,0,-32308,0,0,0,0,0,142221,0
142246,-602,506,-8368,-14,61,19,474328,5243,-299,25,10384,37757,206,26,144,0,0,0,0,0,0,0,0,-32308,0,0,0,0,0,142222,0
142247,-602,506,-8368,-14,61,19,474564,5221,-300,24,10352,37757,206,26,144,0,0,0,0,0,0,0,0,-32308,0,0,0,0,0,142223,0
142248,-718,570,-8384,-69,98,89,474802,5215,-278,35,10328,37757,206,26,144,0,0,0,0,0,0,0,0,-32308,0,0,0,0,0,142224,0
142249,-718,570,-8384,-69,98,89,475037,5208,-266,32,10320,37757,206,26,144,0,0,0,0,0,0,0,0,-32308,0,0,0,0,0,142225,0
142250,-718,570,-8384,-69,98,89,475273,5199,-256,35,10304,37757,206,26,144,0,0,0,0,0,0,0,0,-32308,0,0,0,0,0,142226,0
142251,-718,570,-8384,-69,98,89,475508,5187,-248,32,10232,37757,206,26,144,0,0,0,0,0,0,0,0,-32307,0,0,0,0,0,142227,0
142252,-666,484,-8338,-86,89,85,475741,5166,-239,34,10200,37757,206,26,144,0,0,0,0,0,0,0,0,-32308,0,0,0,0,0,142228,0
142253,-666,484,-8338,-86,89,85,475973,5149,-229,38,10152,37759,185,26,144,0,0,0,0,0,0,0,0,-32307,0,0,0,0,0,142229,0
142254,-666,484,-8338,-86,89,85,476207,5130,-226,29,10096,37759,185,26,144,0,0,0,0,0,0,0,0,-32308,0,0,0,0,0,142230,0
142255,-666,484,-8338,-86,89,85,476437,5114,-225,29,10056,37759,185,26,144,0,0,0,0,0,0,0,0,-32307,0,0,0,0,0,142231,0
142256,-634,454,-8440,-82,72,78,476669,5102,-220,28,10016,37759,185,26,144,0,0,0,0,0,0,0,0,-32308,0,0,0,0,0,142232,0
142257,-634,454,-8440,-82,72,78,476898,5082,-224,26,10040,37759,185,26,144,0,0,0,0,0,0,0,0,-32308,0,0,0,0,0,142233,0
142258,-634,454,-8440,-82,72,78,477127,5062,-229,32,9960,37759,185,26,144,0,0,0,0,0,0,0,0,-32308,0,0,0,0,0,142234,0
142259,-634,454,-8440,-82,72,78,477353,5035,-233,24,9872,37759,185,26,144,0,0,0,0,0,0,0,0,-32308,0,0,0,0,0,142235,0
142260,-672,524,-8264,-84,46,45,477580,5011,-237,23,9824,37759,185,26,144,0,0,0,0,0,0,0,0,-32307,0,0,0,0,0,142236,0
142261,-672,524,-8264,-84,46,45,477805,4987,-242,17,9792,37759,185,26,144,0,0,0,0,0,0,0,0,-32308,0,0,0,0,0,142237,0
142262,-672,524,-8264,-84,46,45,478029,4964,-254,21,9768,37759,185,26,144,0,0,0,0,0,0,0,0,-32308,0,0,0,0,0,142238,0
142263,-672,524,-8264,-84,46,45,478251,4943,-266,19,9704,37763,183,26,144,0,0,0,0,0,0,0,0,-32307,0,0,0,0,0,142239,0
142264,-668,402,-8242,-85,56,89,478473,4910,-279,10,9648,37763,183,26,144,0,0,0,0,0,0,0,0,-32308,0,0,0,0,0,142240,0
142265,-668,402,-8242,-85,56,89,478692,4878,-298,7,9608,37763,183,26,144,0,0,0,0,0,0,0,0,-32307,0,0,0,0,0,142241,0
142266,-668,402,-8242,-85,56,89,478912,4852,-302,-1,9520,37763,183,26,144,0,0,0,0,0,0,0,0,-32308,0,0,0,0,0,142242,0
142267,-668,402,-8242,-85,56,89,479131,4836,-314,-2,9520,37763,183,26,144,0,0,0,0,0,0,0,0,-32307,0,0,0,0,0,142243,0
142268,-670,460,-8382,-97,64,137,479346,4811,-331,-8,9488,37763,183,26,144,0,0,0,0,0,0,0,0,-32307,0,0,0,0,0,142244,0
142269,-670,460,-8382,-97,64,137,479562,4786,-345,-11,9424,37763,183,26,144,0,0,0,0,0,0,0,0,-32307,0,0,0,0,0,142245,0
142270,-670,460,-8382,-97,64,137,479780,4767,-352,-10,9392,37763,183,26,144,0,0,0,0,0,0,0,0,-32308,0,0,0,0,0,142246,0
142271,-670,460,-8382,-97,64,137,479992,4742,-366,-14,9384,37763,183,26,144,0,0,0,0,0,0,0,0,-32308,0,0,0,0,0,142247,0
142272,-576,506,-8284,-76,51,123,480206,4729,-370,-24,9352,37763,183,26,144,0,0,0,0,0,0,0,0,-32308,0,0,0,0,0,142248,0
142273,-576,506,-8284,-76,51,123,480420,4713,-376,-18,9320,37769,186,26,144,0,0,0,0,0,0,0,0,-32308,0,0,0,0,0,142249,0
142274,-576,506,-8284,-76,51,123,480632,4693,-381,-16,9280,37769,186,26,144,0,0,0,0,0,0,0,0,-32309,0,0,0,0,0,142250,0
142275,-576,506,-8284,-76,51,123,480847,4698,-378,-19,9272,37769,186,26,144,0,0,0,0,0,0,0,0,-32309,0,0,0,0,0,142251,0
142276,-490,514,-8348,-67,66,55,481058,4684,-374,-7,9248,37769,186,26,144,0,0,0,0,0,0,0,0,-32308,0,0,0,0,0,142252,0
142277,-490,514,-8348,-67,66,55,481268,4667,-378,0,9176,37769,186,26,144,0,0,0,0,0,0,0,0,-32309,0,0,0,0,0,142253,0
142278,-490,514,-8348,-67,66,55,481480,4656,-366,0,9152,37769,186,26,144,0,0,0,0,0,0,0,0,-32308,0,0,0,0,0,142254,0
142279,-490,514,-8348,-67,66,55,481689,4635,-358,13,9144,37769,186,26,144,0,0,0,0,0,0,0,0,-32308,0,0,0,0,0,142255,0
142280,-642,412,-8400,-86,86,-10,481901,4635,-347,17,9112,37769,186,26,144,0,0,0,0,0,0,0,0,-32307,0,0,0,0,0,142256,0
142281,-642,412,-8400,-86,86,-10,482110,4630,-341,20,9128,37769,186,26,144,0,0,0,0,0,0,0,0,-32308,0,0,0,0,0,142257,0
142282,-642,412,-8400,-86,86,-10,482318,4613,-326,30,9088,37769,186,26,144,0,0,0,0,0,0,0,0,-32308,0,0,0,0,0,142258,0
142283,-642,412,-8400,-86,86,-10,482527,4605,-313,27,9040,37774,186,26,144,0,0,0,0,0,0,0,0,-32308,0,0,0,0,0,142259,0
142284,-762,340,-8340,-90,62,0,482735,4586,-300,34,9024,37774,186,26,144,0,0,0,0,0,0,0,0,-32307,0,0,0,0,0,142260,0
142285,-762,340,-8340,-90,62,0,482942,4573,-284,32,8928,37774,186,26,144,0,0,0,0,0,0,0,0,-32307,0,0,0,0,0,142261,0
142286,-762,340,-8340,-90,62,0,483148,4564,-269,36,8984,37774,186,26,144,0,0,0,0,0,0,0,0,-32307,0,0,0,0,0,142262,0
142287,-762,340,-8340,-90,62,0,483353,4542,-267,35,8864,37774,186,26,144,0,0,0,0,0,0,0,0,-32308,0,0,0,0,0,142263,0
142288,-832,320,-8414,-73,17,50,483560,4538,-249,36,8848,37774,186,26,144,0,0,0,0,0,0,0,0,-32307,0,0,0,0,0,142264,0
142289,-832,320,-8414,-73,17,50,483764,4524,-243,34,8800,37774,186,26,144,0,0,0,0,0,0,0,0,-32307,0,0,0,0,0,142265,0
142290,-832,320,-8414,-73,17,50,483969,4517,-231,35,8792,37774,186,26,144,0,0,0,0,0,0,0,0,-32307,0,0,0,0,0,142266,0
142291,-832,320,-8414,-73,17,50,484173,4508,-224,32,8784,37774,186,26,144,0,0,0,0,0,0,0,0,-32308,0,0,0,0,0,142267,0
142292,-652,402,-8342,-93,-13,19,484375,4486,-218,26,8728,37774,186,26,144,0,0,0,0,0,0,0,0,-32308,0,0,0,0,0,142268,0
142293,-652,402,-8342,-93,-13,19,484580,4482,-207,26,8720,37774,184,26,144,0,0,0,0,0,0,0,0,-32308,0,0,0,0,0,142269,0
142294,-652,402,-8342,-93,-13,19,484781,4463,-208,25,8664,37774,184,26,144,0,0,0,0,0,0,0,0,-32307,0,0,0,0,0,142270,0
142295,-652,402,-8342,-93,-13,19,484980,4443,-210,28,8632,37774,184,26,144,0,0,0,0,0,0,0,0,-32308,0,0,0,0,0,142271,0
142296,-678,438,-8424,-78,-41,-19,485180,4423,-215,18,8568,37774,184,26,144,0,0,0,0,0,0,0,0,-32307,0,0,0,0,0,142272,0
142297,-678,438,-8424,-78,-41,-19,485380,4401,-217,22,8536,37774,184,26,144,0,0,0,0,0,0,0,0,-32308,0,0,0,0,0,142273,0
142298,-678,438,-8424,-78,-41,-19,485578,4387,-215,13,8504,37774,184,26,144,0,0,0,0,0,0,0,0,-32308,0,0,0,0,0,142274,0
142299,-678,438,-8424,-78,-41,-19,485774,4367,-229,13,8496,37774,184,26,144,0,0,0,0,0,0,0,0,-32308,0,0,0,0,0,142275,0
142300,-694,430,-8392,-50,-55,-17,485970,4339,-235,11,8408,37774,184,26,144,0,0,0,0,0,0,0,0,-32307,0,0,0,0,0,142276,0
142301,-694,430,-8392,-50,-55,-17,486165,4315,-241,7,8400,37774,184,26,144,0,0,0,0,0,0,0,0,-32307,0,0,0,0,0,142277,0
142302,-694,430,-8392,-50,-55,-17,486359,4294,-252,-1,8360,37774,184,26,144,0,0,0,0,0,0,0,0,-32308,0,0,0,0,0,142278,0
142303,-694,430,-8392,-50,-55,-17,486552,4276,-252,-1,8344,37774,172,26,144,0,0,0,0,0,0,0,0,-32308,0,0,0,0,0,142279,0
142304,-730,390,-8534,-29,-88,44,486744,4257,-267,-5,8288,37774,172,26,144,0,0,0,0,0,0,0,0,-32308,0,0,0,0,0,142280,0
142305,-730,390,-8534,-29,-88,44,486936,4239,-278,-3,8280,37774,172,26,144,0,0,0,0,0,0,0,0,-32308,0,0,0,0,0,142281,0
142306,-730,390,-8534,-29,-88,44,487126,4219,-281,-11,8240,37774,172,26,144,0,0,0,0,0,0,0,0,-32307,0,0,0,0,0,142282,0
142307,-730,390,-8534,-29,-88,44,487315,4196,-299,-8,8224,37774,172,26,144,0,0,0,0,0,0,0,0,-32308,0,0,0,0,0,142283,0
142308,-674,466,-8558,-10,-96,76,487506,4185,-295,-14,8176,37774,172,26,144,0,0,0,0,0,0,0,0,-32308,0,0,0,0,0,142284,0
142309,-674,466,-8558,-10,-96,76,487693,4165,-302,-4,8160,37774,172,26,144,0,0,0,0,0,0,0,0,-32308,0,0,0,0,0,142285,0
142310,-674,466,-8558,-10,-96,76,487882,4160,-306,-4,8152,37774,172,26,144,0,0,0,0,0,0,0,0,-32308,0,0,0,0,0,142286,0
142311,-674,466,-8558,-10,-96,76,488069,4146,-311,3,8112,37774,172,26,144,0,0,0,0,0,0,0,0,-32308,0,0,0,0,0,142287,0
142312,-544,578,-8496,-11,-99,42,488254,4121,-318,-1,8064,37774,172,26,144,0,0,0,0,0,0,0,0,-32308,0,0,0,0,0,142288,0
142313,-544,578,-8496,-11,-99,42,488441,4111,-314,2,8024,37774,176,26,144,0,0,0,0,0,0,0,0,-32308,0,0,0,0,0,142289,0
142314,-544,578,-8496,-11,-99,42,488628,4099,-314,9,8040,37774,176,26,144,0,0,0,0,0,0,0,0,-32308,0,0,0,0,0,142290,0
142315,-544,578,-8496,-11,-99,42,488811,4088,-320,10,7992,37774,176,26,144,0,0,0,0,0,0,0,0,-32308,0,0,0,0,0,142291,0
142316,-558,554,-8480,-31,-104,26,488995,4071,-311,8,7976,37774,176,26,144,0,0,0,0,0,0,0,0,-32307,0,0,0,0,0,142292,0
142317,-558,554,-8480,-31,-104,26,489180,4059,-308,12,7944,37774,176,26,144,0,0,0,0,0,0,0,0,-32308,0,0,0,0,0,142293,0
142318,-558,554,-8480,-31,-104,26,489363,4043,-302,11,7912,37774,176,26,144,0,0,0,0,0,0,0,0,-32308,0,0,0,0,0,142294,0
142319,-558,554,-8480,-31,-104,26,489546,4041,-295,13,7896,37774,176,26,144,0,0,0,0,0,0,0,0,-32308,0,0,0,0,0,142295,0
142320,-530,432,-8406,-24,-79,-6,489726,4024,-294,16,7824,37774,176,26,144,0,0,0,0,0,0,0,0,-32308,0,0,0,0,0,142296,0
142321,-530,432,-8406,-24,-79,-6,489910,4009,-275,24,7816,37774,176,26,144,0,0,0,0,0,0,0,0,-32308,0,0,0,0,0,142297,0
142322,-530,432,-8406,-24,-79,-6,490090,4000,-272,26,7776,37774,176,26,144,0,0,0,0,0,0,0,0,-32308,0,0,0,0,0,142298,0
142323,-530,432,-8406,-24,-79,-6,490270,3985,-266,22,7752,37778,184,26,144,0,0,0,0,0,0,0,0,-32308,0,0,0,0,0,142299,0
142324,-644,544,-8578,-70,-51,43,490450,3978,-261,29,7720,37778,184,26,144,0,0,0,0,0,0,0,0,-32308,0,0,0,0,0,142300,0
142325,-644,544,-8578,-70,-51,43,490630,3961,-249,29,7648,37778,184,26,144,0,0,0,0,0,0,0,0,-32307,0,0,0,0,0,142301,0
142326,-644,544,-8578,-70,-51,43,490809,3954,-239,38,7648,37778,184,26,144,0,0,0,0,0,0,0,0,-32307,0,0,0,0,0,142302,0
142327,-644,544,-8578,-70,-51,43,490985,3935,-239,27,7632,37778,184,26,144,0,0,0,0,0,0,0,0,-32307,0,0,0,0,0,142303,0
142328,-642,518,-8482,-78,-42,87,491164,3919,-236,29,7568,37778,184,26,144,0,0,0,0,0,0,0,0,-32307,0,0,0,0,0,142304,0
142329,-642,518,-8482,-78,-42,87,491340,3905,-230,30,7536,37778,184,26,144,0,0,0,0,0,0,0,0,-32307,0,0,0,0,0,142305,0
142330,-642,518,-8482,-78,-42,87,491515,3890,-227,32,7504,37778,184,26,144,0,0,0,0,0,0,0,0,-32307,0,0,0,0,0,142306,0
142331,-642,518,-8482,-78,-42,87,491691,3878,-228,32,7448,37778,184,26,144,0,0,0,0,0,0,0,0,-32307,0,0,0,0,0,142307,0
142332,-506,632,-8426,-99,-18,76,491866,3862,-227,27,7440,37778,184,26,144,0,0,0,0,0,0,0,0,-32308,0,0,0,0,0,142308,0
142333,-506,632,-8426,-99,-18,76,492038,3843,-229,25,7384,37778,180,26,144,0,0,0,0,0,0,0,0,-32308,0,0,0,0,0,142309,0
142334,-506,632,-8426,-99,-18,76,492213,3832,-221,25,7336,37778,180,26,144,0,0,0,0,0,0,0,0,-32308,0,0,0,0,0,142310,0
142335,-506,632,-8426,-99,-18,76,492384,3815,-237,33,7320,37778,180,26,144,0,0,0,0,0,0,0,0,-32308,0,0,0,0,0,142311,0
142336,-522,586,-8568,-98,13,52,492558,3804,-224,29,7320,37778,180,26,144,0,0,0,0,0,0,0,0,-32307,0,0,0,0,0,142312,0
142337,-522,586,-8568,-98,13,52,492727,3790,-232,26,7248,37778,180,26,144,0,0,0,0,0,0,0,0,-32308,0,0,0,0,0,142313,0
142338,-522,586,-8568,-98,13,52,492898,3769,-233,24,7208,37778,180,26,144,0,0,0,0,0,0,0,0,-32307,0,0,0,0,0,142314,0
142339,-522,586,-8568,-98,13,52,493066,3745,-242,29,7168,37778,180,26,144,0,0,0,0,0,0,0,0,-32307,0,0,0,0,0,142315,0
142340,-590,614,-8530,-116,41,76,493235,3726,-248,26,7104,37778,180,26,144,0,0,0,0,0,0,0,0,-32307,0,0,0,0,0,142316,0
142341,-590,614,-8530,-116,41,76,493403,3714,-245,16,7088,37778,180,26,144,0,0,0,0,0,0,0,0,-32308,0,0,0,0,0,142317,0
142342,-590,614,-8530,-116,41,76,493568,3689,-255,20,7040,37778,180,26,144,0,0,0,0,0,0,0,0,-32308,0,0,0,0,0,142318,0
142343,-590,614,-8530,-116,41,76,493734,3673,-264,17,7032,37778,171,26,144,0,0,0,0,0,0,0,0,-32308,0,0,0,0,0,142320,0
142344,-598,528,-8474,-83,59,94,493898,3643,-267,18,6936,37778,171,26,144,0,0,0,0,0,0,0,0,-32308,0,0,0,0,0,142320,0
142345,-598,528,-8474,-83,59,94,494061,3623,-275,15,6912,37778,171,26,144,0,0,0,0,0,0,0,0,-32307,0,0,0,0,0,142321,0
142346,-598,528,-8474,-83,59,94,494224,3606,-281,12,6880,37778,171,26,144,0,0,0,0,0,0,0,0,-32307,0,0,0,0,0,142322,0
142347,-598,528,-8474,-83,59,94,494386,3588,-284,7,6864,37778,171,26,144,0,0,0,0,0,0,0,0,-32307,0,0,0,0,0,142323,0
142348,-644,570,-8474,-90,87,117,494547,3570,-297,3,6800,37778,171,26,144,0,0,0,0,0,0,0,0,-32307,0,0,0,0,0,142324,0
142349,-644,570,-8474,-90,87,117,494706,3545,-297,7,6752,37778,171,26,144,0,0,0,0,0,0,0,0,-32308,0,0,0,0,0,142325,0
142350,-644,570,-8474,-90,87,117,494865,3522,-311,8,6736,37778,171,26,144,0,0,0,0,0,0,0,0,-32308,0,0,0,0,0,142326,0
142351,-644,570,-8474,-90,87,117,495021,3491,-316,5,6680,37778,171,26,144,0,0,0,0,0,0,0,0,-32307,0,0,0,0,0,142328,0
142352,-592,546,-8422,-92,106,111,495178,3472,-324,0,6632,37778,171,26,144,0,0,0,0,0,0,0,0,-32308,0,0,0,0,0,142328,0
142353,-592,546,-8422,-92,106,111,495334,3452,-326,0,6600,37779,161,26,144,0,0,0,0,0,0,0,0,-32308,0,0,0,0,0,142329,0
142354,-592,546,-8422,-92,106,111,495490,3438,-328,2,6568,37779,161,26,144,0,0,0,0,0,0,0,0,-32307,0,0,0,0,0,142331,0
142355,-592,546,-8422,-92,106,111,495642,3419,-346,4,6560,37779,161,26,144,0,0,0,0,0,0,0,0,-32307,0,0,0,0,0,142331,0
142356,-714,456,-8536,-84,97,128,495795,3391,-342,-2,6504,37779,161,26,144,0,0,0,0,0,0,0,0,-32307,0,0,0,0,0,142333,0
142357,-714,456,-8536,-84,97,128,495950,3380,-345,-1,6480,37779,161,26,144,0,0,0,0,0,0,0,0,-32307,0,0,0,0,0,142334,0
142358,-714,456,-8536,-84,97,128,496101,3362,-346,0,6432,37779,161,26,144,0,0,0,0,0,0,0,0,-32308,0,0,0,0,0,142335,0
142359,-714,456,-8536,-84,97,128,496251,3351,-349,2,6416,37779,161,26,144,0,0,0,0,0,0,0,0,-32307,0,0,0,0,0,142336,0
142360,-626,576,-8484,-84,109,104,496401,3328,-349,5,6376,37779,161,26,144,0,0,0,0,0,0,0,0,-32308,0,0,0,0,0,142337,0
142361,-626,576,-8484,-84,109,104,496551,3306,-354,1,6344,37779,161,26,144,0,0,0,0,0,0,0,0,-32307,0,0,0,0,0,142338,0
142362,-626,576,-8484,-84,109,104,496701,3300,-345,3,6352,37779,161,26,144,0,0,0,0,0,0,0,0,-32307,0,0,0,0,0,142339,0
142363,-626,576,-8484,-84,109,104,496847,3282,-348,7,6296,37780,163,26,144,0,0,0,0,0,0,0,0,-32308,0,0,0,0,0,142340,0
142364,-684,516,-8546,-97,103,87,496996,3268,-340,7,6256,37780,163,26,144,0,0,0,0,0,0,0,0,-32308,0,0,0,0,0,142341,0
142365,-684,516,-8546,-97,103,87,497142,3251,-336,9,6224,37780,163,26,144,0,0,0,0,0,0,0,0,-32307,0,0,0,0,0,142342,0
142366,-684,516,-8546,-97,103,87,497289,3235,-326,4,6200,37780,163,26,144,0,0,0,0,0,0,0,0,-32307,0,0,0,0,0,142343,0
142367,-684,516,-8546,-97,103,87,497436,3232,-321,8,6192,37780,163,26,144,0,0,0,0,0,0,0,0,-32307,0,0,0,0,0,142344,0
142368,-718,432,-8480,-62,98,38,497580,3217,-319,18,6176,37780,163,26,144,0,0,0,0,0,0,0,0,-32308,0,0,0,0,0,142345,0
142369,-718,432,-8480,-62,98,38,497725,3205,-306,21,6136,37780,163,26,144,0,0,0,0,0,0,0,0,-32308,0,0,0,0,0,142346,0
142370,-718,432,-8480,-62,98,38,497868,3184,-301,24,6088,37780,163,26,144,0,0,0,0,0,0,0,0,-32307,0,0,0,0,0,142347,0
142371,-718,432,-8480,-62,98,38,498013,3171,-296,23,6056,37780,163,26,144,0,0,0,0,0,0,0,0,-32307,0,0,0,0,0,142348,0
142372,-748,418,-8448,-58,90,5,498155,3160,-287,21,6032,37780,163,26,144,0,0,0,0,0,0,0,0,-32308,0,0,0,0,0,142349,0
142373,-748,418,-8448,-58,90,5,498298,3150,-278,22,5984,37787,176,26,144,0,0,0,0,0,0,0,0,-32308,0,0,0,0,0,142350,0
142374,-748,418,-8448,-58,90,5,498439,3141,-273,28,5960,37787,176,26,144,0,0,0,0,0,0,0,0,-32308,0,0,0,0,0,142351,0
142375,-748,418,-8448,-58,90,5,498581,3123,-264,29,5904,37787,176,26,144,0,0,0,0,0,0,0,0,-32308,0,0,0,0,0,142352,0
142376,-762,450,-8536,-35,51,33,498721,3112,-258,31,5888,37787,176,26,144,0,0,0,0,0,0,0,0,-32308,0,0,0,0,0,142353,0
142377,-762,450,-8536,-35,51,33,498861,3098,-247,26,5856,37787,176,26,144,0,0,0,0,0,0,0,0,-32308,0,0,0,0,0,142354,0
142378,-762,450,-8536,-35,51,33,499000,3086,-249,27,5824,37787,176,26,144,0,0,0,0,0,0,0,0,-32307,0,0,0,0,0,142355,0
142379,-762,450,-8536,-35,51,33,499138,3070,-246,31,5784,37787,176,26,144,0,0,0,0,0,0,0,0,-32307,0,0,0,0,0,142356,0
142380,-702,362,-8490,19,18,51,499277,3058,-240,29,5752,37787,176,26,144,0,0,0,0,0,0,0,0,-32308,0,0,0,0,0,142357,0
142381,-702,362,-8490,19,18,51,499414,3041,-239,30,5712,37787,176,26,144,0,0,0,0,0,0,0,0,-32308,0,0,0,0,0,142358,0
142382,-702,362,-8490,19,18,51,499550,3024,-235,28,5712,37787,176,26,144,0,0,0,0,0,0,0,0,-32307,0,0,0,0,0,142359,0
142383,-702,362,-8490,19,18,51,499686,3006,-239,24,5656,37786,173,26,144,0,0,0,0,0,0,0,0,-32308,0,0,0,0,0,142360,0
142384,-684,472,-8564,20,7,42,499822,2995,-233,22,5656,37786,173,26,144,0,0,0,0,0,0,0,0,-32308,0,0,0,0,0,142361,0
142385,-684,472,-8564,20,7,42,499956,2984,-233,23,5616,37786,173,26,144,0,0,0,0,0,0,0,0,-32308,0,0,0,0,0,142362,0
142386,-684,472,-8564,20,7,42,500091,2977,-228,23,5592,37786,173,26,144,0,0,0,0,0,0,0,0,-32308,0,0,0,0,0,142363,0
142387,-684,472,-8564,20,7,42,500225,2964,-233,24,5568,37786,173,26,144,0,0,0,0,0,0,0,0,-32308,0,0,0,0,0,142364,0
142388,-642,504,-8532,26,4,16,500358,2948,-233,20,5552,37786,173,26,144,0,0,0,0,0,0,0,0,-32307,0,0,0,0,0,142365,0
142389,-642,504,-8532,26,4,16,500491,2939,-230,16,5512,37786,173,26,144,0,0,0,0,0,0,0,0,-32307,0,0,0,0,0,142366,0
142390,-642,504,-8532,26,4,16,500622,2918,-229,21,5464,37786,173,26,144,0,0,0,0,0,0,0,0,-32308,0,0,0,0,0,142367,0
142391,-642,504,-8532,26,4,16,500755,2910,-230,22,5448,37786,173,26,144,0,0,0,0,0,0,0,0,-32308,0,0,0,0,0,142368,0
142392,-614,396,-8444,39,12,0,500885,2898,-229,28,5400,37786,173,26,144,0,0,0,0,0,0,0,0,-32308,0,0,0,0,0,142369,0
142393,-614,396,-8444,39,12,0,501015,2883,-230,26,5376,37784,164,26,144,0,0,0,0,0,0,0,0,-32308,0,0,0,0,0,142370,0
142394,-614,396,-8444,39,12,0,501144,2869,-234,22,5368,37784,164,26,144,0,0,0,0,0,0,0,0,-32308,0,0,0,0,0,142371,0
142395,-614,396,-8444,39,12,0,501273,2850,-229,18,5312,37784,164,26,144,0,0,0,0,0,0,0,0,-32308,0,0,0,0,0,142372,0
142396,-632,404,-8434,36,37,1,501401,2838,-233,23,5288,37784,164,26,144,0,0,0,0,0,0,0,0,-32307,0,0,0,0,0,142373,0
142397,-632,404,-8434,36,37,1,501528,2824,-232,19,5256,37784,164,26,144,0,0,0,0,0,0,0,0,-32308,0,0,0,0,0,142374,0
142398,-632,404,-8434,36,37,1,501654,2804,-239,19,5208,37784,164,26,144,0,0,0,0,0,0,0,0,-32308,0,0,0,0,0,142375,0
142399,-632,404,-8434,36,37,1,501780,2787,-234,17,5184,37784,164,26,144,0,0,0,0,0,0,0,0,-32308,0,0,0,0,0,142376,0
142400,-608,440,-8440,20,60,9,501905,2772,-238,12,5168,37784,164,26,144,0,0,0,0,0,0,0,0,-32307,0,0,0,0,0,142377,0
142401,-608,440,-8440,20,60,9,502030,2762,-238,8,5152,37784,164,26,144,0,0,0,0,0,0,0,0,-32308,0,0,0,0,0,142378,0
142402,-608,440,-8440,20,60,9,502153,2745,-243,12,5120,37784,164,26,144,0,0,0,0,0,0,0,0,-32308,0,0,0,0,0,142379,0
142403,-608,440,-8440,20,60,9,502276,2728,-243,8,5080,37780,157,26,144,0,0,0,0,0,0,0,0,-32308,0,0,0,0,0,142380,0
142404,-742,484,-8490,20,44,8,502397,2708,-246,11,5024,37780,157,26,144,0,0,0,0,0,0,0,0,-32308,0,0,0,0,0,142381,0
142405,-742,484,-8490,20,44,8,502520,2693,-248,11,5000,37780,157,26,144,0,0,0,0,0,0,0,0,-32307,0,0,0,0,0,142382,0
142406,-742,484,-8490,20,44,8,502641,2685,-248,9,5000,37780,157,26,144,0,0,0,0,0,0,0,0,-32308,0,0,0,0,0,142383,0
142407,-742,484,-8490,20,44,8,502761,2670,-253,6,4984,37780,157,26,144,0,0,0,0,0,0,0,0,-32308,0,0,0,0,0,142384,0
142408,-650,470,-8480,17,50,34,502880,2655,-254,8,4960,37780,157,26,144,0,0,0,0,0,0,0,0,-32308,0,0,0,0,0,142385,0
142409,-650,470,-8480,17,50,34,502999,2634,-256,8,4912,37780,157,26,144,0,0,0,0,0,0,0,0,-32308,0,0,0,0,0,142386,0
142410,-650,470,-8480,17,50,34,503119,2624,-256,7,4912,37780,157,26,144,0,0,0,0,0,0,0,0,-32308,0,0,0,0,0,142387,0
142411,-650,470,-8480,17,50,34,503237,2615,-254,7,4888,37780,157,26,144,0,0,0,0,0,0,0,0,-32307,0,0,0,0,0,142388,0
142412,-638,526,-8390,13,49,71,503353,2599,-259,5,4840,37780,157,26,144,0,0,0,0,0,0,0,0,-32307,0,0,0,0,0,142389,0
142413,-638,526,-8390,13,49,71,503469,2581,-262,5,4808,37778,163,26,144,0,0,0,0,0,0,0,0,-32308,0,0,0,0,0,142390,0
142414,-638,526,-8390,13,49,71,503585,2563,-260,3,4776,37778,163,26,144,0,0,0,0,0,0,0,0,-32308,0,0,0,0,0,142391,0
142415,-638,526,-8390,13,49,71,503700,2547,-260,8,4736,37778,163,26,144,0,0,0,0,0,0,0,0,-32307,0,0,0,0,0,142392,0
142416,-600,560,-8404,-4,57,81,503815,2540,-257,8,4736,37778,163,26,144,0,0,0,0,0,0,0,0,-32307,0,0,0,0,0,142395,0
142417,-600,560,-8404,-4,57,81,503927,2520,-262,8,4696,37778,163,26,144,0,0,0,0,0,0,0,0,-32308,0,0,0,0,0,142396,0
142418,-600,560,-8404,-4,57,81,504041,2508,-259,13,4656,37778,163,26,144,0,0,0,0,0,0,0,0,-32307,0,0,0,0,0,142399,0
142419,-600,560,-8404,-4,57,81,504154,2498,-254,12,4656,37778,163,26,144,0,0,0,0,0,0,0,0,-32307,0,0,0,0,0,142400,0
142420,-586,558,-8444,-31,87,71,504266,2482,-254,9,4648,37778,163,26,144,0,0,0,0,0,0,0,0,-32308,0,0,0,0,0,142401,0
142421,-586,558,-8444,-31,87,71,504377,2472,-253,9,4608,37778,163,26,144,0,0,0,0,0,0,0,0,-32307,0,0,0,0,0,142402,0
142422,-586,558,-8444,-31,87,71,504486,2445,-255,11,4536,37778,163,26,144,0,0,0,0,0,0,0,0,-32307,0,0,0,0,0,142404,0
142423,-586,558,-8444,-31,87,71,504597,2434,-251,11,4512,37779,168,26,144,0,0,0,0,0,0,0,0,-32308,0,0,0,0,0,142405,0
142424,-560,538,-8344,-54,126,76,504707,2425,-250,14,4496,37779,168,26,144,0,0,0,0,0,0,0,0,-32308,0,0,0,0,0,142406,0
142425,-560,538,-8344,-54,126,76,504815,2413,-251,16,4472,37779,168,26,144,0,0,0,0,0,0,0,0,-32308,0,0,0,0,0,142407,0
142426,-560,538,-8344,-54,126,76,504925,2410,-246,16,4472,37779,168,26,144,0,0,0,0,0,0,0,0,-32307,0,0,0,0,0,142408,0
142427,-560,538,-8344,-54,126,76,505032,2391,-245,20,4416,37779,168,26,144,0,0,0,0,0,0,0,0,-32308,0,0,0,0,0,142409,0
142428,-580,550,-8348,-67,116,91,505138,2374,-246,23,4384,37779,168,26,144,0,0,0,0,0,0,0,0,-32307,0,0,0,0,0,142410,0
142429,-580,550,-8348,-67,116,91,505245,2359,-479,23,4344,37779,168,26,144,0,0,0,0,0,0,0,0,-32307,0,0,0,0,0,142411,0
142430,-580,550,-8348,-67,116,91,505350,2339,-479,20,4296,37779,168,26,144,0,0,0,0,0,0,0,0,-32307,0,0,0,0,0,142412,0
142431,-580,550,-8348,-67,116,91,505454,2325,-477,22,4272,37779,168,26,144,0,0,0,0,0,0,0,0,-32307,0,0,0,0,0,142413,0
142432,-612,508,-8404,-64,115,110,505560,2317,-481,24,4248,37779,168,26,144,0,0,0,0,0,0,0,0,-32307,0,0,0,0,0,142414,0
142433,-612,508,-8404,-64,115,110,505663,2302,-474,22,4216,37779,171,26,144,0,0,0,0,0,0,0,0,-32308,0,0,0,0,0,142415,0
142434,-612,508,-8404,-64,115,110,505767,2294,-473,22,4200,37779,171,26,144,0,0,0,0,0,0,0,0,-32308,0,0,0,0,0,142416,0
142435,-612,508,-8404,-64,115,110,505869,2281,-469,20,4184,37779,171,26,144,0,0,0,0,0,0,0,0,-32307,0,0,0,0,0,142417,0
142436,-602,496,-8254,-94,117,74,505971,2260,-347,18,4136,37779,171,26,144,0,0,0,0,0,0,0,0,-32308,0,0,0,0,0,142418,0
142437,-602,496,-8254,-94,117,74,506073,2250,-349,17,4112,37779,171,26,144,0,0,0,0,0,0,0,0,-32308,0,0,0,0,0,142419,0
142438,-602,496,-8254,-94,117,74,506174,2237,-341,16,4072,37779,171,26,144,0,0,0,0,0,0,0,0,-32307,0,0,0,0,0,142420,0
142439,-602,496,-8254,-94,117,74,506275,2231,-337,14,4064,37779,171,26,144,0,0,0,0,0,0,0,0,-32307,0,0,0,0,0,142421,0
142440,-658,446,-8404,-103,109,81,506373,2216,-343,17,4032,37779,171,26,144,0,0,0,0,0,0,0,0,-32307,0,0,0,0,0,142422,0
142441,-658,446,-8404,-103,109,81,506474,2202,-344,21,3992,37779,171,26,144,0,0,0,0,0,0,0,0,-32307,0,0,0,0,0,142423,0
142442,-658,446,-8404,-103,109,81,506571,2182,-336,19,3952,37779,171,26,144,0,0,0,0,0,0,0,0,-32307,0,0,0,0,0,142424,0
142443,-658,446,-8404,-103,109,81,506668,2165,-98,19,3912,37781,156,26,144,0,0,0,0,0,0,0,0,-32308,0,0,0,0,0,142425,0
142444,-612,426,-8324,-96,79,116,506765,2152,-101,21,3888,37781,156,26,144,0,0,0,0,0,0,0,0,-32307,0,0,0,0,0,142426,0
142445,-612,426,-8324,-96,79,116,506861,2132,-106,23,3840,37781,156,26,144,0,0,0,0,0,0,0,0,-32307,0,0,0,0,0,142427,0
142446,-612,426,-8324,-96,79,116,506956,2120,-102,20,3808,37781,156,26,144,0,0,0,0,0,0,0,0,-32307,0,0,0,0,0,142428,0
142447,-612,426,-8324,-96,79,116,507051,2106,-110,22,3768,37781,156,26,144,0,0,0,0,0,0,0,0,-32307,0,0,0,0,0,142429,0
142448,-634,516,-8370,-94,51,129,507145,2091,-107,21,3744,37781,156,26,144,0,0,0,0,0,0,0,0,-32307,0,0,0,0,0,142430,0
142449,-634,516,-8370,-94,51,129,507240,2081,-112,22,3712,37781,156,26,144,0,0,0,0,0,0,0,0,-32307,0,0,0,0,0,142431,0
142450,-634,516,-8370,-94,51,129,507334,2075,6,26,3696,37781,156,26,144,0,0,0,0,0,0,0,0,-32307,0,0,0,0,0,142432,0
142451,-634,516,-8370,-94,51,129,507424,2055,8,24,3656,37781,156,26,144,0,0,0,0,0,0,0,0,-32307,0,0,0,0,0,142433,0
142452,-608,548,-8322,-87,34,94,507516,2038,2,26,3608,37781,156,26,144,0,0,0,0,0,0,0,0,-32307,0,0,0,0,0,142434,0
142453,-608,548,-8322,-87,34,94,507607,2018,0,26,3568,37781,145,26,144,0,0,0,0,0,0,0,0,-32308,0,0,0,0,0,142435,0
142454,-608,548,-8322,-87,34,94,507696,1997,-1,24,3520,37781,145,26,144,0,0,0,0,0,0,0,0,-32307,0,0,0,0,0,142436,0
142455,-608,548,-8322,-87,34,94,507786,1985,-3,22,3496,37781,145,26,144,0,0,0,0,0,0,0,0,-32307,0,0,0,0,0,142437,0
142456,-610,474,-8414,-75,24,86,507873,1964,-12,22,3440,37781,145,26,144,0,0,0,0,0,0,0,0,-32307,0,0,0,0,0,142438,0
142457,-610,474,-8414,-75,24,86,507962,1952,-254,21,3408,37781,145,26,144,0,0,0,0,0,0,0,0,-32307,0,0,0,0,0,142439,0
142458,-610,474,-8414,-75,24,86,508050,1944,-252,21,3400,37781,145,26,144,0,0,0,0,0,0,0,0,-32307,0,0,0,0,0,142440,0
142459,-610,474,-8414,-75,24,86,508136,1929,-252,21,3368,37781,145,26,144,0,0,0,0,0,0,0,0,-32307,0,0,0,0,0,142441,0
142460,-650,484,-8406,-71,9,75,508222,1915,-258,19,3344,37781,145,26,144,0,0,0,0,0,0,0,0,-32307,0,0,0,0,0,142442,0
142461,-650,484,-8406,-71,9,75,508306,1890,-255,18,3280,37781,145,26,144,0,0,0,0,0,0,0,0,-32308,0,0,0,0,0,142443,0
142462,-650,484,-8406,-71,9,75,508390,1871,-259,19,3240,37781,145,26,144,0,0,0,0,0,0,0,0,-32307,0,0,0,0,0,142444,0
142463,-650,484,-8406,-71,9,75,508476,1867,-262,21,3232,37783,142,26,144,0,0,0,0,0,0,0,0,-32307,0,0,0,0,0,142445,0
142464,-652,412,-8362,-57,-20,67,508557,1849,-260,20,3176,37783,142,26,144,0,0,0,0,0,0,0,0,-32308,0,0,0,0,0,142446,0
142465,-652,412,-8362,-57,-20,67,508641,1841,-269,20,3160,37783,142,26,144,0,0,0,0,0,0,0,0,-32307,0,0,0,0,0,142447,0
142466,-652,412,-8362,-57,-20,67,508720,1812,-261,22,3104,37783,142,26,144,0,0,0,0,0,0,0,0,-32308,0,0,0,0,0,142448,0
142467,-652,412,-8362,-57,-20,67,508803,1795,-268,19,3064,37783,142,26,144,0,0,0,0,0,0,0,0,-32308,0,0,0,0,0,142449,0
142468,-638,434,-8388,-52,-53,59,508883,1788,-262,19,3056,37783,142,26,144,0,0,0,0,0,0,0,0,-32308,0,0,0,0,0,142450,0
142469,-638,434,-8388,-52,-53,59,508962,1768,-263,19,3024,37783,142,26,144,0,0,0,0,0,0,0,0,-32307,0,0,0,0,0,142451,0
142470,-638,434,-8388,-52,-53,59,509040,1756,-261,13,3008,37783,142,26,144,0,0,0,0,0,0,0,0,-32308,0,0,0,0,0,142452,0
142471,-638,434,-8388,-52,-53,59,509118,1732,-267,14,2952,37783,142,26,144,0,0,0,0,0,0,0,0,-32307,0,0,0,0,0,142453,0
142472,-600,488,-8408,-54,-65,80,509195,1717,-270,10,2928,37783,142,26,144,0,0,0,0,0,0,0,0,-32308,0,0,0,0,0,142454,0
142473,-600,488,-8408,-54,-65,80,509270,1699,-272,8,2888,37791,136,26,144,0,0,0,0,0,0,0,0,-32308,0,0,0,0,0,142455,0
142474,-600,488,-8408,-54,-65,80,509346,1683,-273,10,2848,37791,136,26,144,0,0,0,0,0,0,0,0,-32308,0,0,0,0,0,142456,0
142475,-600,488,-8408,-54,-65,80,509423,1675,-278,10,2824,37791,136,26,144,0,0,0,0,0,0,0,0,-32307,0,0,0,0,0,142457,0
142476,-610,460,-8390,-25,-98,63,509497,1664,-270,15,2800,37791,136,26,144,0,0,0,0,0,0,0,0,-32308,0,0,0,0,0,142458,0
142477,-610,460,-8390,-25,-98,63,509572,1655,-271,19,2776,37791,136,26,144,0,0,0,0,0,0,0,0,-32307,0,0,0,0,0,142459,0
142478,-610,460,-8390,-25,-98,63,509642,1627,-268,20,2712,37791,136,26,144,0,0,0,0,0,0,0,0,-32308,0,0,0,0,0,142460,0
142479,-610,460,-8390,-25,-98,63,509713,1596,-269,20,2656,37791,136,26,144,0,0,0,0,0,0,0,0,-32308,0,0,0,0,0,142461,0
142480,-588,474,-8334,-33,-103,27,509787,1589,-281,17,2648,37791,136,26,144,0,0,0,0,0,0,0,0,-32307,0,0,0,0,0,142462,0
142481,-588,474,-8334,-33,-103,27,509856,1569,-267,17,2600,37791,136,26,144,0,0,0,0,0,0,0,0,-32307,0,0,0,0,0,142463,0
142482,-588,474,-8334,-33,-103,27,509927,1566,-276,16,2600,37791,136,26,144,0,0,0,0,0,0,0,0,-32308,0,0,0,0,0,142464,0
142483,-588,474,-8334,-33,-103,27,509996,1551,-277,16,2552,37794,138,26,144,0,0,0,0,0,0,0,0,-32307,0,0,0,0,0,142465,0
142484,-554,468,-8390,-38,-89,35,510064,1526,-275,14,2496,37794,138,26,144,0,0,0,0,0,0,0,0,-32307,0,0,0,0,0,142466,0
142485,-554,468,-8390,-38,-89,35,510132,1516,-282,16,2464,37794,138,26,144,0,0,0,0,0,0,0,0,-32308,0,0,0,0,0,142467,0
142486,-554,468,-8390,-38,-89,35,510198,1494,-275,16,2424,37794,138,26,144,0,0,0,0,0,0,0,0,-32307,0,0,0,0,0,142468,0
142487,-554,468,-8390,-38,-89,35,510266,1482,-276,18,2400,37794,138,26,144,0,0,0,0,0,0,0,0,-32308,0,0,0,0,0,142469,0
142488,-570,462,-8374,-28,-91,37,510331,1470,-270,22,2368,37794,138,26,144,0,0,0,0,0,0,0,0,-32307,0,0,0,0,0,142470,0
142489,-570,462,-8374,-28,-91,37,510397,1458,-272,21,2352,37794,138,26,144,0,0,0,0,0,0,0,0,-32308,0,0,0,0,0,142471,0
142490,-570,462,-8374,-28,-91,37,510461,1443,-278,21,2320,37794,138,26,144,0,0,0,0,0,0,0,0,-32307,0,0,0,0,0,142472,0
142491,-570,462,-8374,-28,-91,37,510525,1425,-278,20,2288,37794,138,26,144,0,0,0,0,0,0,0,0,-32307,0,0,0,0,0,142473,0
142492,-580,478,-8356,-38,-86,72,510588,1412,-274,16,2264,37794,138,26,144,0,0,0,0,0,0,0,0,-32308,0,0,0,0,0,142474,0
142493,-580,478,-8356,-38,-86,72,510649,1387,-271,16,2200,37794,138,26,144,0,0,0,0,0,0,0,0,-32307,0,0,0,0,0,142475,0
142494,-580,478,-8356,-38,-86,72,510711,1372,-266,14,2176,37794,138,26,144,0,0,0,0,0,0,0,0,-32308,0,0,0,0,0,142476,0
142495,-580,478,-8356,-38,-86,72,510771,1353,-276,14,2128,37794,138,26,144,0,0,0,0,0,0,0,0,-32307,0,0,0,0,0,142477,0
142496,-530,548,-8350,-43,-89,69,510833,1345,-268,13,2120,37794,138,26,144,0,0,0,0,0,0,0,0,-32307,0,0,0,0,0,142478,0
142497,-530,548,-8350,-43,-89,69,510891,1335,-269,15,2096,37794,138,26,144,0,0,0,0,0,0,0,0,-32308,0,0,0,0,0,142479,0
142498,-530,548,-8350,-43,-89,69,510949,1311,-271,15,2040,37794,138,26,144,0,0,0,0,0,0,0,0,-32308,0,0,0,0,0,142480,0
142499,-530,548,-8350,-43,-89,69,511007,1291,-275,17,2000,37794,138,26,144,0,0,0,0,0,0,0,0,-32307,0,0,0,0,0,142481,0
142500,-506,558,-8312,-65,-70,68,511064,1272,-271,20,1944,37794,138,26,144,0,0,0,0,0,0,0,0,-32308,0,0,0,0,0,142482,0
142501,-506,558,-8312,-65,-70,68,511120,1259,-267,16,1928,37794,138,26,144,0,0,0,0,0,0,0,0,-32307,0,0,0,0,0,142483,0
142502,-506,558,-8312,-65,-70,68,511178,1254,-278,16,1920,37794,138,26,144,0,0,0,0,0,0,0,0,-32308,0,0,0,0,0,142484,0
142503,-506,558,-8312,-65,-70,68,511232,1239,-268,14,1896,37794,142,26,144,0,0,0,0,0,0,0,0,-32307,0,0,0,0,0,142485,0
142504,-518,512,-8242,-72,-72,63,511286,1223,-271,17,1856,37794,142,26,144,0,0,0,0,0,0,0,0,-32307,0,0,0,0,0,142486,0
142505,-518,512,-8242,-72,-72,63,511341,1210,-270,13,1840,37794,142,26,144,0,0,0,0,0,0,0,0,-32308,0,0,0,0,0,142487,0
142506,-518,512,-8242,-72,-72,63,511396,1199,-264,11,1816,37794,142,26,144,0,0,0,0,0,0,0,0,-32308,0,0,0,0,0,142488,0
142507,-518,512,-8242,-72,-72,63,511447,1186,-266,14,1776,37794,142,26,144,0,0,0,0,0,0,0,0,-32308,0,0,0,0,0,142489,0
142508,-534,570,-8326,-90,-62,77,511497,1162,-267,13,1728,37794,142,26,144,0,0,0,0,0,0,0,0,-32307,0,0,0,0,0,142490,0
142509,-534,570,-8326,-90,-62,77,511550,1145,-267,17,1688,37794,142,26,144,0,0,0,0,0,0,0,0,-32308,0,0,0,0,0,142491,0
142510,-534,570,-8326,-90,-62,77,511602,1133,-266,17,1664,37794,142,26,144,0,0,0,0,0,0,0,0,-32308,0,0,0,0,0,142492,0
142511,-534,570,-8326,-90,-62,77,511650,1122,-264,20,1624,37794,142,26,144,0,0,0,0,0,0,0,0,-32307,0,0,0,0,0,142493,0
142512,-592,562,-8364,-110,-77,108,511700,1109,-264,22,1592,37794,142,26,144,0,0,0,0,0,0,0,0,-32308,0,0,0,0,0,142494,0
142513,-592,562,-8364,-110,-77,108,511748,1087,-263,25,1544,37790,145,26,144,0,0,0,0,0,0,0,0,-32308,0,0,0,0,0,142495,0
142514,-592,562,-8364,-110,-77,108,511796,1069,-265,26,1504,37790,145,26,144,0,0,0,0,0,0,0,0,-32308,0,0,0,0,0,142496,0
142515,-592,562,-8364,-110,-77,108,511844,1064,-263,25,1488,37790,145,26,144,0,0,0,0,0,0,0,0,-32307,0,0,0,0,0,142497,0
142516,-628,572,-8392,-126,-96,113,511890,1047,-254,25,1432,37790,145,26,144,0,0,0,0,0,0,0,0,-32308,0,0,0,0,0,142498,0
142517,-628,572,-8392,-126,-96,113,511935,1028,-262,26,1392,37790,145,26,144,0,0,0,0,0,0,0,0,-32308,0,0,0,0,0,142499,0
142518,-628,572,-8392,-126,-96,113,511979,1008,-262,28,1352,37790,145,26,144,0,0,0,0,0,0,0,0,-32308,0,0,0,0,0,142500,0
142519,-628,572,-8392,-126,-96,113,512026,997,-259,24,1336,37790,145,26,144,0,0,0,0,0,0,0,0,-32308,0,0,0,0,0,142502,0
142520,-606,586,-8462,-144,-119,91,512071,993,-255,23,1328,37790,145,26,144,0,0,0,0,0,0,0,0,-32308,0,0,0,0,0,142502,0
142521,-606,586,-8462,-144,-119,91,512112,979,-255,22,1304,37790,145,26,144,0,0,0,0,0,0,0,0,-32308,0,0,0,0,0,142503,0
142522,-606,586,-8462,-144,-119,91,512155,962,-258,19,1264,37790,145,26,144,0,0,0,0,0,0,0,0,-32308,0,0,0,0,0,142504,0
142523,-606,586,-8462,-144,-119,91,512198,942,-251,21,1208,37792,134,26,144,0,0,0,0,0,0,0,0,-32308,0,0,0,0,0,142505,0
142524,-654,560,-8532,-167,-139,113,512238,926,-256,20,1168,37792,134,26,144,0,0,0,0,0,0,0,0,-32308,0,0,0,0,0,142506,0
142525,-654,560,-8532,-167,-139,113,512278,913,-255,20,1136,37792,134,26,144,0,0,0,0,0,0,0,0,-32308,0,0,0,0,0,142507,0
142526,-654,560,-8532,-167,-139,113,512319,897,-253,23,1088,37792,134,26,144,0,0,0,0,0,0,0,0,-32308,0,0,0,0,0,142508,0
142527,-654,560,-8532,-167,-139,113,512357,878,-257,27,1040,37792,134,26,144,0,0,0,0,0,0,0,0,-32308,0,0,0,0,0,142509,0
142528,-630,522,-8530,-172,-170,119,512395,865,-262,26,1016,37792,134,26,144,0,0,0,0,0,0,0,0,-32307,0,0,0,0,0,142510,0
142529,-630,522,-8530,-172,-170,119,512434,856,-259,29,984,37792,134,26,144,0,0,0,0,0,0,0,0,-32308,0,0,0,0,0,142511,0
142530,-630,522,-8530,-172,-170,119,512472,842,-258,31,944,37792,134,26,144,0,0,0,0,0,0,0,0,-32308,0,0,0,0,0,142512,0
142531,-630,522,-8530,-172,-170,119,512507,829,-254,28,936,37792,134,26,144,0,0,0,0,0,0,0,0,-32308,0,0,0,0,0,142513,0
142532,-614,542,-8562,-172,-178,121,512543,809,-258,29,864,37792,134,26,144,0,0,0,0,0,0,0,0,-32308,0,0,0,0,0,142514,0
142533,-614,542,-8562,-172,-178,121,512578,786,-254,30,808,37793,126,26,144,0,0,0,0,0,0,0,0,-32308,0,0,0,0,0,142515,0
142534,-614,542,-8562,-172,-178,121,512611,768,-259,28,776,37793,126,26,144,0,0,0,0,0,0,0,0,-32308,0,0,0,0,0,142516,0
142535,-614,542,-8562,-172,-178,121,512646,760,-259,24,768,37793,126,26,144,0,0,0,0,0,0,0,0,-32307,0,0,0,0,0,142518,0
142536,-686,478,-8604,-174,-169,113,512678,746,-255,24,728,37793,126,26,144,0,0,0,0,0,0,0,0,-32308,0,0,0,0,0,142518,0
142537,-686,478,-8604,-174,-169,113,512711,736,-265,23,704,37793,126,26,144,0,0,0,0,0,0,0,0,-32308,0,0,0,0,0,142519,0
142538,-686,478,-8604,-174,-169,113,512743,724,-263,25,664,37793,126,26,144,0,0,0,0,0,0,0,0,-32308,0,0,0,0,0,142520,0
142539,-686,478,-8604,-174,-169,113,512774,705,-254,26,624,37793,126,26,144,0,0,0,0,0,0,0,0,-32308,0,0,0,0,0,142521,0
142540,-624,468,-8632,-154,-152,102,512803,687,-256,24,568,37793,126,26,144,0,0,0,0,0,0,0,0,-32307,0,0,0,0,0,142522,0
142541,-624,468,-8632,-154,-152,102,512834,670,-263,24,528,37793,126,26,144,0,0,0,0,0,0,0,0,-32308,0,0,0,0,0,142523,0
142542,-624,468,-8632,-154,-152,102,512863,660,-258,26,512,37793,126,26,144,0,0,0,0,0,0,0,0,-32308,0,0,0,0,0,142524,0
142543,-624,468,-8632,-154,-152,102,512892,651,-256,28,496,37794,128,26,144,0,0,0,0,0,0,0,0,-32308,0,0,0,0,0,142526,0
142544,-672,422,-8700,-147,-123,70,512920,643,-255,25,480,37794,128,26,144,0,0,0,0,0,0,0,0,-32307,0,0,0,0,0,142526,0
142545,-672,422,-8700,-147,-123,70,512946,619,-259,23,416,37794,128,26,144,0,0,0,0,0,0,0,0,-32308,0,0,0,0,0,142527,0
142546,-672,422,-8700,-147,-123,70,512974,603,-259,22,384,37794,128,26,144,0,0,0,0,0,0,0,0,-32308,0,0,0,0,0,142528,0
142547,-672,422,-8700,-147,-123,70,512999,589,-258,21,360,37794,128,26,144,0,0,0,0,0,0,0,0,-32308,0,0,0,0,0,142529,0
142548,-710,450,-8706,-120,-112,115,513023,569,-254,16,304,37794,128,26,144,0,0,0,0,0,0,0,0,-32308,0,0,0,0,0,142530,0
142549,-710,450,-8706,-120,-112,115,513049,561,-251,10,296,37794,128,26,144,0,0,0,0,0,0,0,0,-32308,0,0,0,0,0,142532,0
142550,-710,450,-8706,-120,-112,115,513072,540,-254,8,248,37794,128,26,144,0,0,0,0,0,0,0,0,-32307,0,0,0,0,0,142533,0
142551,-710,450,-8706,-120,-112,115,513093,519,-254,5,208,37794,128,26,144,0,0,0,0,0,0,0,0,-32308,0,0,0,0,0,142534,0
142552,-700,454,-8696,-97,-86,121,513117,512,-258,-2,216,37794,128,26,144,0,0,0,0,0,0,0,0,-32308,0,0,0,0,0,142535,0
142553,-700,454,-8696,-97,-86,121,513137,489,-255,-10,176,37793,132,26,144,0,0,0,0,0,0,0,0,-32307,0,0,0,0,0,142536,0
142554,-700,454,-8696,-97,-86,121,513157,473,-262,-19,160,37793,132,26,144,0,0,0,0,0,0,0,0,-32308,0,0,0,0,0,142537,0
142555,-700,454,-8696,-97,-86,121,513177,455,-257,-29,152,37793,132,26,144,0,0,0,0,0,0,0,0,-32307,0,0,0,0,0,142538,0
142556,-700,484,-8720,-72,-60,201,513195,428,-261,-32,112,37793,132,26,144,0,0,0,0,0,0,0,0,-32308,0,0,0,0,0,142539,0
142557,-700,484,-8720,-72,-60,201,513212,412,-268,-39,144,37793,132,26,144,0,0,0,0,0,0,0,0,-32307,0,0,0,0,0,142540,0
142558,-700,484,-8720,-72,-60,201,513228,389,-270,-44,120,37793,132,26,144,0,0,0,0,0,0,0,0,-32307,0,0,0,0,0,142541,0
142559,-700,484,-8720,-72,-60,201,513245,371,-272,-46,120,37793,132,26,144,0,0,0,0,0,0,0,0,-32308,0,0,0,0,0,142542,0
142560,-626,564,-8714,-57,-15,154,513260,359,-276,-41,120,37793,132,26,144,0,0,0,0,0,0,0,0,-32308,0,0,0,0,0,142543,0
142561,-626,564,-8714,-57,-15,154,513274,341,-282,-40,120,37793,132,26,144,0,0,0,0,0,0,0,0,-32308,0,0,0,0,0,142544,0
142562,-626,564,-8714,-57,-15,154,513285,315,-283,-33,104,37793,132,26,144,0,0,0,0,0,0,0,0,-32308,0,0,0,0,0,142545,0
142563,-626,564,-8714,-57,-15,154,513299,296,-295,-29,96,37794,128,26,144,0,0,0,0,0,0,0,0,-32308,0,0,0,0,0,142546,0
142564,-628,524,-8694,-54,52,-2,513312,282,-296,-29,80,37794,128,26,144,0,0,0,0,0,0,0,0,-32307,0,0,0,0,0,142547,0
142565,-628,524,-8694,-54,52,-2,513322,270,-299,-19,72,37794,128,26,144,0,0,0,0,0,0,0,0,-32307,0,0,0,0,0,142548,0
142566,-628,524,-8694,-54,52,-2,513332,255,-299,-20,64,37794,128,26,144,0,0,0,0,0,0,0,0,-32308,0,0,0,0,0,142549,0
142567,-628,524,-8694,-54,52,-2,513343,235,-307,-18,56,37794,128,26,144,0,0,0,0,0,0,0,0,-32308,0,0,0,0,0,142550,0
142568,-778,426,-8690,-42,103,0,513353,225,-305,-20,80,37794,128,26,144,0,0,0,0,0,0,0,0,-32308,0,0,0,0,0,142551,0
142569,-778,426,-8690,-42,103,0,513362,218,-307,-18,64,37794,128,26,144,0,0,0,0,0,0,0,0,-32308,0,0,0,0,0,142552,0
142570,-778,426,-8690,-42,103,0,513370,207,-301,-12,48,37794,128,26,144,0,0,0,0,0,0,0,0,-32308,0,0,0,0,0,142553,0
142571,-778,426,-8690,-42,103,0,513376,186,-303,-7,40,37794,128,26,144,0,0,0,0,0,0,0,0,-32308,0,0,0,0,0,142554,0
142572,-980,398,-8668,-19,123,174,513383,165,-303,-4,16,37794,128,26,144,0,0,0,0,0,0,0,0,-32307,0,0,0,0,0,142555,0
142573,-980,398,-8668,-19,123,174,513387,138,-295,-6,16,37793,136,26,144,0,0,0,0,0,0,0,0,-32307,0,0,0,0,0,142556,0
142574,-980,398,-8668,-19,123,174,513391,115,-304,-6,24,37793,136,26,144,0,0,0,0,0,0,0,0,-32307,0,0,0,0,0,142557,0
142575,-980,398,-8668,-19,123,174,513394,96,-301,-1,24,37793,136,26,144,0,0,0,0,0,0,0,0,-32307,0,0,0,0,0,142558,0
142576,-716,578,-8596,8,121,165,513396,74,-303,5,24,37793,136,26,144,0,0,0,0,0,0,0,0,-32307,0,0,0,0,0,142559,0
142577,-716,578,-8596,8,121,165,513399,65,-302,5,24,37793,136,26,144,0,0,0,0,0,0,0,0,-32308,0,0,0,0,0,142560,0
142578,-716,578,-8596,8,121,165,513400,50,-298,3,16,37793,136,26,144,0,0,0,0,0,0,0,0,-32308,0,0,0,0,0,142561,0
142579,-716,578,-8596,8,121,165,513400,34,-299,6,8,37793,136,26,144,0,0,0,0,0,0,0,0,-32308,0,0,0,0,0,142562,0
142580,-684,520,-8624,7,160,-85,513402,27,-300,6,16,37793,136,26,144,0,0,0,0,0,0,0,0,-32308,0,0,0,0,0,142563,0
142581,-684,520,-8624,7,160,-85,513401,14,-288,11,16,37793,136,26,144,0,0,0,0,0,0,0,0,-32307,0,0,0,0,0,142564,0
142582,-684,520,-8624,7,160,-85,513402,12,-291,18,0,37793,136,26,144,0,0,0,0,0,0,0,0,-32308,0,0,0,0,0,142565,0
142583,-684,520,-8624,7,160,-85,513401,5,-285,21,0,37796,142,26,144,0,0,0,0,0,0,0,0,-32308,0,0,0,0,0,142566,0
142584,-944,354,-8602,-3,197,-159,513403,4,-278,23,0,37796,142,26,144,0,0,0,0,0,0,0,0,-32307,0,0,0,0,0,142567,0
142585,-944,354,-8602,-3,197,-159,513402,5,-270,23,0,37796,142,26,144,0,0,0,0,0,0,0,0,-32307,0,0,0,0,0,142568,0
142586,-944,354,-8602,-3,197,-159,513401,-1,-263,24,0,37796,142,26,144,0,0,0,0,0,0,0,0,-32308,0,0,0,0,0,142569,0
142587,-944,354,-8602,-3,197,-159,513403,5,-256,23,0,37796,142,26,144,0,0,0,0,0,0,0,0,-32308,0,0,0,0,0,142570,0
142588,-1096,264,-8546,21,208,-188,513401,-5,-236,24,-8,37796,142,26,144,0,0,0,0,0,0,0,0,-32308,0,0,0,0,0,142571,0
142589,-1096,264,-8546,21,208,-188,513401,-4,-227,22,0,37796,142,26,144,0,0,0,0,0,0,0,0,-32308,0,0,0,0,0,142572,0
142590,-1096,264,-8546,21,208,-188,513403,5,-215,21,0,37796,142,26,144,0,0,0,0,0,0,0,0,-32307,0,0,0,0,0,142573,0
142591,-1096,264,-8546,21,208,-188,513402,-2,-199,22,0,37796,142,26,144,0,0,0,0,0,0,0,0,-32308,0,0,0,0,0,142574,0
142592,-1138,272,-8478,59,176,-89,513402,5,-188,22,0,37796,142,26,144,0,0,0,0,0,0,0,0,-32308,0,0,0,0,0,142575,0
142593,-1138,272,-8478,59,176,-89,513403,5,-167,22,8,37807,136,26,144,0,0,0,0,0,0,0,0,-32307,0,0,0,0,0,142576,0
142594,-1138,272,-8478,59,176,-89,513401,-5,-149,23,0,37807,136,26,144,0,0,0,0,0,0,0,0,-32308,0,0,0,0,0,142577,0
142595,-1138,272,-8478,59,176,-89,513402,0,-143,21,0,37807,136,26,144,0,0,0,0,0,0,0,0,-32308,0,0,0,0,0,142578,0
142596,-1008,390,-8470,113,129,-22,513403,2,-116,21,0,37807,136,26,144,0,0,0,0,0,0,0,0,-32308,0,0,0,0,0,142579,0
142597,-1008,390,-8470,113,129,-22,513402,0,-97,21,0,37807,136,26,144,0,0,0,0,0,0,0,0,-32308,0,0,0,0,0,142580,0
142598,-1008,390,-8470,113,129,-22,513401,0,-81,20,0,37807,136,26,144,0,0,0,0,0,0,0,0,-32308,0,0,0,0,0,142581,0
142599,-1008,390,-8470,113,129,-22,513403,-1,-72,20,0,37807,136,26,144,0,0,0,0,0,0,0,0,-32307,0,0,0,0,0,142582,0
142600,-922,462,-8434,148,86,-22,513401,-6,-53,22,0,37807,136,26,144,0,0,0,0,0,0,0,0,-32308,0,0,0,0,0,142583,0
142601,-922,462,-8434,148,86,-22,513402,0,-41,22,0,37807,136,26,144,0,0,0,0,0,0,0,0,-32308,0,0,0,0,0,142584,0
142602,-922,462,-8434,148,86,-22,513401,-1,-34,21,0,37807,136,26,144,0,0,0,0,0,0,0,0,-32307,0,0,0,0,0,142585,0
142603,-922,462,-8434,148,86,-22,513403,2,-23,22,0,37807,139,26,144,0,0,0,0,0,0,0,0,-32307,0,0,0,0,0,142586,0
142604,-816,522,-8460,156,67,-45,513402,5,-14,22,0,37807,139,26,144,0,0,0,0,0,0,0,0,-32308,0,0,0,0,0,142587,0
142605,-816,522,-8460,156,67,-45,513403,4,-14,20,0,37807,139,26,144,0,0,0,0,0,0,0,0,-32307,0,0,0,0,0,142588,0
142606,-816,522,-8460,156,67,-45,513403,7,-4,21,0,37807,139,26,144,0,0,0,0,0,0,0,0,-32308,0,0,0,0,0,142589,0
142607,-816,522,-8460,156,67,-45,513402,-1,-3,22,0,37807,139,26,144,0,0,0,0,0,0,0,0,-32308,0,0,0,0,0,142590,0
142608,-772,590,-8410,141,85,-42,513402,-3,-4,21,8,37807,139,26,144,0,0,0,0,0,0,0,0,-32308,0,0,0,0,0,142591,0
142609,-772,590,-8410,141,85,-42,513402,-5,1,21,0,37807,139,26,144,0,0,0,0,0,0,0,0,-32308,0,0,0,0,0,142592,0
142610,-772,590,-8410,141,85,-42,513402,-7,0,20,8,37807,139,26,144,0,0,0,0,0,0,0,0,-32308,0,0,0,0,0,142593,0
142611,-772,590,-8410,141,85,-42,513403,1,-2,20,8,37807,139,26,144,0,0,0,0,0,0,0,0,-32308,0,0,0,0,0,142594,0
142612,-726,600,-8376,116,110,-29,513402,1,-1,20,8,37807,139,26,144,0,0,0,0,0,0,0,0,-32307,0,0,0,0,0,142595,0
142613,-726,600,-8376,116,110,-29,513404,8,3,19,0,37808,139,26,144,0,0,0,0,0,0,0,0,-32307,0,0,0,0,0,142596,0
142614,-726,600,-8376,116,110,-29,513402,3,1,19,0,37808,139,26,144,0,0,0,0,0,0,0,0,-32308,0,0,0,0,0,142597,0
142615,-726,600,-8376,116,110,-29,513403,3,-1,19,8,37808,139,26,144,0,0,0,0,0,0,0,0,-32308,0,0,0,0,0,142598,0
142616,-654,600,-8346,81,139,-27,513402,-1,5,19,0,37808,139,26,144,0,0,0,0,0,0,0,0,-32308,0,0,0,0,0,142599,0
142617,-654,600,-8346,81,139,-27,513401,-11,0,18,0,37808,139,26,144,0,0,0,0,0,0,0,0,-32308,0,0,0,0,0,142600,0
142618,-654,600,-8346,81,139,-27,513403,0,-7,19,8,37808,139,26,144,0,0,0,0,0,0,0,0,-32308,0,0,0,0,0,142601,0
142619,-654,600,-8346,81,139,-27,513401,-7,3,19,0,37808,139,26,144,0,0,0,0,0,0,0,0,-32308,0,0,0,0,0,142602,0
142620,-690,606,-8354,58,170,-18,513402,0,-3,19,0,37808,139,26,144,0,0,0,0,0,0,0,0,-32307,0,0,0,0,0,142603,0
142621,-690,606,-8354,58,170,-18,513402,2,-5,20,0,37808,139,26,144,0,0,0,0,0,0,0,0,-32308,0,0,0,0,0,142604,0
142622,-690,606,-8354,58,170,-18,513400,-11,3,20,0,37808,139,26,144,0,0,0,0,0,0,0,0,-32307,0,0,0,0,0,142605,0
142623,-690,606,-8354,58,170,-18,513403,0,-7,20,0,37796,142,26,144,0,0,0,0,0,0,0,0,-32307,0,0,0,0,0,142606,0
142624,-672,548,-8360,28,174,-5,513403,3,3,20,8,37796,142,26,144,0,0,0,0,0,0,0,0,-32307,0,0,0,0,0,142607,0
142625,-672,548,-8360,28,174,-5,513403,7,4,21,0,37796,142,26,144,0,0,0,0,0,0,0,0,-32308,0,0,0,0,0,142608,0
142626,-672,548,-8360,28,174,-5,513402,11,-1,23,0,37796,142,26,144,0,0,0,0,0,0,0,0,-32307,0,0,0,0,0,142609,0
142627,-672,548,-8360,28,174,-5,513402,-3,-2,23,8,37796,142,26,144,0,0,0,0,0,0,0,0,-32308,0,0,0,0,0,142610,0
142628,-620,552,-8358,-8,185,16,513402,-6,-3,22,0,37796,142,26,144,0,0,0,0,0,0,0,0,-32307,0,0,0,0,0,142611,0
142629,-620,552,-8358,-8,185,16,513403,0,-2,22,0,37796,142,26,144,0,0,0,0,0,0,0,0,-32308,0,0,0,0,0,142612,0
142630,-620,552,-8358,-8,185,16,513403,6,2,20,8,37796,142,26,144,0,0,0,0,0,0,0,0,-32308,0,0,0,0,0,142613,0
142631,-620,552,-8358,-8,185,16,513402,3,-1,22,8,37796,142,26,144,0,0,0,0,0,0,0,0,-32308,0,0,0,0,0,142614,0
142632,-548,544,-8312,-32,207,23,513402,-1,3,21,0,37796,142,26,144,0,0,0,0,0,0,0,0,-32308,0,0,0,0,0,142615,0
142633,-548,544,-8312,-32,207,23,513403,-2,-4,19,0,37793,140,26,144,0,0,0,0,0,0,0,0,-32308,0,0,0,0,0,142616,0
142634,-548,544,-8312,-32,207,23,513401,-7,6,21,0,37793,140,26,144,0,0,0,0,0,0,0,0,-32307,0,0,0,0,0,142617,0
142635,-548,544,-8312,-32,207,23,513403,2,-2,19,0,37793,140,26,144,0,0,0,0,0,0,0,0,-32308,0,0,0,0,0,142618,0
142636,-520,538,-8318,-54,219,28,513402,-1,2,18,0,37793,140,26,144,0,0,0,0,0,0,0,0,-32307,0,0,0,0,0,142619,0
142637,-520,538,-8318,-54,219,28,513402,-2,2,19,8,37793,140,26,144,0,0,0,0,0,0,0,0,-32307,0,0,0,0,0,142620,0
142638,-520,538,-8318,-54,219,28,513402,3,-3,21,0,37793,140,26,144,0,0,0,0,0,0,0,0,-32308,0,0,0,0,0,142621,0
142639,-520,538,-8318,-54,219,28,513404,3,-1,20,0,37793,140,26,144,0,0,0,0,0,0,0,0,-32307,0,0,0,0,0,142622,0
142640,-546,496,-8298,-62,227,39,513402,4,3,20,8,37793,140,26,144,0,0,0,0,0,0,0,0,-32307,0,0,0,0,0,142623,0
142641,-546,496,-8298,-62,227,39,513403,1,0,20,0,37793,140,26,144,0,0,0,0,0,0,0,0,-32308,0,0,0,0,0,142624,0
142642,-546,496,-8298,-62,227,39,513403,1,7,20,0,37793,140,26,144,0,0,0,0,0,0,0,0,-32308,0,0,0,0,0,142625,0
142643,-546,496,-8298,-62,227,39,513402,-3,1,21,8,37792,127,26,144,0,0,0,0,0,0,0,0,-32307,0,0,0,0,0,142626,0
142644,-544,500,-8324,-56,229,52,513403,4,2,22,0,37792,127,26,144,0,0,0,0,0,0,0,0,-32308,0,0,0,0,0,142627,0
142645,-544,500,-8324,-56,229,52,513402,-1,-1,22,0,37792,127,26,144,0,0,0,0,0,0,0,0,-32307,0,0,0,0,0,142628,0
142646,-544,500,-8324,-56,229,52,513402,-4,-3,21,8,37792,127,26,144,0,0,0,0,0,0,0,0,-32308,0,0,0,0,0,142629,0
142647,-544,500,-8324,-56,229,52,513402,-3,-1,22,0,37792,127,26,144,0,0,0,0,0,0,0,0,-32308,0,0,0,0,0,142630,0
142648,-560,484,-8324,-56,215,61,513403,-2,-4,22,0,37792,127,26,144,0,0,0,0,0,0,0,0,-32307,0,0,0,0,0,142631,0
142649,-560,484,-8324,-56,215,61,513400,-7,3,20,0,37792,127,26,144,0,0,0,0,0,0,0,0,-32307,0,0,0,0,0,142632,0
142650,-560,484,-8324,-56,215,61,513402,-3,-7,20,0,37792,127,26,144,0,0,0,0,0,0,0,0,-32307,0,0,0,0,0,142633,0
142651,-560,484,-8324,-56,215,61,513403,1,-5,20,8,37792,127,26,144,0,0,0,0,0,0,0,0,-32307,0,0,0,0,0,142634,0
142652,-570,508,-8322,-55,193,66,513403,8,2,21,8,37792,127,26,144,0,0,0,0,0,0,0,0,-32307,0,0,0,0,0,142635,0
142653,-570,508,-8322,-55,193,66,513403,12,4,21,0,37789,126,26,144,0,0,0,0,0,0,0,0,-32307,0,0,0,0,0,142636,0
142654,-570,508,-8322,-55,193,66,513403,0,0,22,-8,37789,126,26,144,0,0,0,0,0,0,0,0,-32308,0,0,0,0,0,142637,0
142655,-570,508,-8322,-55,193,66,513402,-4,1,20,0,37789,126,26,144,0,0,0,0,0,0,0,0,-32307,0,0,0,0,0,142638,0
142656,-562,524,-8324,-54,166,62,513403,0,-2,20,0,37789,126,26,144,0,0,0,0,0,0,0,0,-32308,0,0,0,0,0,142639,0
142657,-562,524,-8324,-54,166,62,513402,-1,1,21,0,37789,126,26,144,0,0,0,0,0,0,0,0,-32308,0,0,0,0,0,142640,0
142658,-562,524,-8324,-54,166,62,513403,1,2,20,0,37789,126,26,144,0,0,0,0,0,0,0,0,-32308,0,0,0,0,0,142641,0
142659,-562,524,-8324,-54,166,62,513402,0,1,21,0,37789,126,26,144,0,0,0,0,0,0,0,0,-32308,0,0,0,0,0,142642,0
142660,-580,478,-8340,-56,126,50,513403,0,-1,20,0,37789,126,26,144,0,0,0,0,0,0,0,0,-32307,0,0,0,0,0,142643,0
142661,-580,478,-8340,-56,126,50,513403,7,-1,19,8,37789,126,26,144,0,0,0,0,0,0,0,0,-32308,0,0,0,0,0,142644,0
142662,-580,478,-8340,-56,126,50,513402,-2,3,20,0,37789,126,26,144,0,0,0,0,0,0,0,0,-32308,0,0,0,0,0,142645,0
142663,-580,478,-8340,-56,126,50,513402,-2,-5,19,0,37792,134,26,144,0,0,0,0,0,0,0,0,-32307,0,0,0,0,0,142646,0
142664,-536,468,-8340,-50,89,54,513402,-8,4,19,0,37792,134,26,144,0,0,0,0,0,0,0,0,-32307,0,0,0,0,0,142647,0
142665,-536,468,-8340,-50,89,54,513403,-2,0,19,8,37792,134,26,144,0,0,0,0,0,0,0,0,-32307,0,0,0,0,0,142648,0
142666,-536,468,-8340,-50,89,54,513401,-3,-2,19,0,37792,134,26,144,0,0,0,0,0,0,0,0,-32308,0,0,0,0,0,142649,0
142667,-536,468,-8340,-50,89,54,513402,-1,-4,19,0,37792,134,26,144,0,0,0,0,0,0,0,0,-32307,0,0,0,0,0,142650,0
142668,-562,448,-8340,-52,47,49,513402,-2,1,18,8,37792,134,26,144,0,0,0,0,0,0,0,0,-32307,0,0,0,0,0,142651,0
142669,-562,448,-8340,-52,47,49,513402,-1,-3,19,8,37792,134,26,144,0,0,0,0,0,0,0,0,-32307,0,0,0,0,0,142652,0
142670,-562,448,-8340,-52,47,49,513403,9,1,20,0,37792,134,26,144,0,0,0,0,0,0,0,0,-32307,0,0,0,0,0,142653,0
142671,-562,448,-8340,-52,47,49,513403,3,4,20,0,37792,134,26,144,0,0,0,0,0,0,0,0,-32308,0,0,0,0,0,142655,0
142672,-552,432,-8316,-45,4,53,513402,4,2,19,0,37792,134,26,144,0,0,0,0,0,0,0,0,-32308,0,0,0,0,0,142655,0
142673,-552,432,-8316,-45,4,53,513403,2,-2,21,0,37794,136,26,144,0,0,0,0,0,0,0,0,-32308,0,0,0,0,0,142656,0
142674,-552,432,-8316,-45,4,53,513403,-1,2,21,0,37794,136,26,144,0,0,0,0,0,0,0,0,-32308,0,0,0,0,0,142657,0
142675,-552,432,-8316,-45,4,53,513403,0,-1,20,0,37794,136,26,144,0,0,0,0,0,0,0,0,-32308,0,0,0,0,0,142658,0
142676,-512,478,-8342,-33,-37,44,513401,-5,-1,22,0,37794,136,26,144,0,0,0,0,0,0,0,0,-32307,0,0,0,0,0,142659,0
142677,-512,478,-8342,-33,-37,44,513402,-8,0,22,0,37794,136,26,144,0,0,0,0,0,0,0,0,-32308,0,0,0,0,0,142660,0
142678,-512,478,-8342,-33,-37,44,513401,-9,-6,21,8,37794,136,26,144,0,0,0,0,0,0,0,0,-32307,0,0,0,0,0,142661,0
142679,-512,478,-8342,-33,-37,44,513402,-1,-3,20,0,37794,136,26,144,0,0,0,0,0,0,0,0,-32307,0,0,0,0,0,142663,0
142680,-496,466,-8376,-30,-69,38,513403,7,-1,22,0,37794,136,26,144,0,0,0,0,0,0,0,0,-32307,0,0,0,0,0,142663,0
142681,-496,466,-8376,-30,-69,38,513401,2,5,22,0,37794,136,26,144,0,0,0,0,0,0,0,0,-32308,0,0,0,0,0,142664,0
142682,-496,466,-8376,-30,-69,38,513403,5,-2,22,0,37794,136,26,144,0,0,0,0,0,0,0,0,-32308,0,0,0,0,0,142665,0
142683,-496,466,-8376,-30,-69,38,513402,0,2,23,0,37801,128,26,144,0,0,0,0,0,0,0,0,-32307,0,0,0,0,0,142666,0
142684,-494,504,-8362,-25,-93,33,513403,0,1,23,0,37801,128,26,144,0,0,0,0,0,0,0,0,-32307,0,0,0,0,0,142667,0
142685,-494,504,-8362,-25,-93,33,513402,3,2,24,-8,37801,128,26,144,0,0,0,0,0,0,0,0,-32307,0,0,0,0,0,142668,0
142686,-494,504,-8362,-25,-93,33,513402,0,-1,24,0,37801,128,26,144,0,0,0,0,0,0,0,0,-32308,0,0,0,0,0,142669,0
142687,-494,504,-8362,-25,-93,33,513401,-4,1,23,0,37801,128,26,144,0,0,0,0,0,0,0,0,-32308,0,0,0,0,0,142671,0
142688,-456,482,-8358,-23,-118,29,513402,-3,-4,23,-8,37801,128,26,144,0,0,0,0,0,0,0,0,-32307,0,0,0,0,0,142671,0
142689,-456,482,-8358,-23,-118,29,513400,-8,1,22,8,37801,128,26,144,0,0,0,0,0,0,0,0,-32308,0,0,0,0,0,142672,0
142690,-456,482,-8358,-23,-118,29,513403,1,-5,23,0,37801,128,26,144,0,0,0,0,0,0,0,0,-32308,0,0,0,0,0,142673,0
142691,-456,482,-8358,-23,-118,29,513403,9,4,22,-8,37801,128,26,144,0,0,0,0,0,0,0,0,-32308,0,0,0,0,0,142674,0
142692,-440,484,-8402,-29,-128,25,513403,7,0,22,0,37801,128,26,144,0,0,0,0,0,0,0,0,-32308,0,0,0,0,0,142676,0
142693,-440,484,-8402,-29,-128,25,513403,11,3,21,0,37799,119,26,144,0,0,0,0,0,0,0,0,-32308,0,0,0,0,0,142677,0
142694,-440,484,-8402,-29,-128,25,513401,-6,4,23,-8,37799,119,26,144,0,0,0,0,0,0,0,0,-32307,0,0,0,0,0,142678,0
142695,-440,484,-8402,-29,-128,25,513403,-4,-6,22,8,37799,119,26,144,0,0,0,0,0,0,0,0,-32308,0,0,0,0,0,142679,0
142696,-448,538,-8402,-33,-139,33,513402,-3,3,20,8,37799,119,26,144,0,0,0,0,0,0,0,0,-32308,0,0,0,0,0,142680,0
142697,-448,538,-8402,-33,-139,33,513403,2,-1,21,0,37799,119,26,144,0,0,0,0,0,0,0,0,-32308,0,0,0,0,0,142681,0
142698,-448,538,-8402,-33,-139,33,513403,10,2,22,0,37799,119,26,144,0,0,0,0,0,0,0,0,-32307,0,0,0,0,0,142682,0
142699,-448,538,-8402,-33,-139,33,513402,0,1,20,0,37799,119,26,144,0,0,0,0,0,0,0,0,-32308,0,0,0,0,0,142683,0
142700,-418,536,-8400,-49,-147,35,513403,2,2,21,8,37799,119,26,144,0,0,0,0,0,0,0,0,-32308,0,0,0,0,0,142684,0
142701,-418,536,-8400,-49,-147,35,513402,-3,1,20,0,37799,119,26,144,0,0,0,0,0,0,0,0,-32307,0,0,0,0,0,142685,0
142702,-418,536,-8400,-49,-147,35,513404,2,4,19,0,37799,119,26,144,0,0,0,0,0,0,0,0,-32307,0,0,0,0,0,142686,0
142703,-418,536,-8400,-49,-147,35,513402,0,6,22,0,37799,120,26,144,0,0,0,0,0,0,0,0,-32307,0,0,0,0,0,142687,0
142704,-462,568,-8432,-57,-148,48,513404,0,5,24,-8,37799,120,26,144,0,0,0,0,0,0,0,0,-32307,0,0,0,0,0,142688,0
142705,-462,568,-8432,-57,-148,48,513401,-8,-1,22,0,37799,120,26,144,0,0,0,0,0,0,0,0,-32307,0,0,0,0,0,142689,0
142706,-462,568,-8432,-57,-148,48,513402,-12,-6,21,0,37799,120,26,144,0,0,0,0,0,0,0,0,-32307,0,0,0,0,0,142690,0
142707,-462,568,-8432,-57,-148,48,513402,-3,-4,21,0,37799,120,26,144,0,0,0,0,0,0,0,0,-32308,0,0,0,0,0,142691,0
142708,-460,572,-8424,-63,-144,57,513403,0,-3,21,0,37799,120,26,144,0,0,0,0,0,0,0,0,-32307,0,0,0,0,0,142692,0
142709,-460,572,-8424,-63,-144,57,513402,10,7,22,0,37799,120,26,144,0,0,0,0,0,0,0,0,-32308,0,0,0,0,0,142693,0
142710,-460,572,-8424,-63,-144,57,513402,4,-6,23,8,37799,120,26,144,0,0,0,0,0,0,0,0,-32307,0,0,0,0,0,142694,0
142711,-460,572,-8424,-63,-144,57,513403,3,4,22,0,37799,120,26,144,0,0,0,0,0,0,0,0,-32308,0,0,0,0,0,142695,0
142712,-508,620,-8472,-80,-139,66,513402,-1,-3,20,0,37799,120,26,144,0,0,0,0,0,0,0,0,-32308,0,0,0,0,0,142696,0
142713,-508,620,-8472,-80,-139,66,513403,0,0,20,0,37794,134,26,144,0,0,0,0,0,0,0,0,-32308,0,0,0,0,0,142697,0
142714,-508,620,-8472,-80,-139,66,513403,3,1,19,0,37794,134,26,144,0,0,0,0,0,0,0,0,-32307,0,0,0,0,0,142698,0
142715,-508,620,-8472,-80,-139,66,513402,-1,-1,20,0,37794,134,26,144,0,0,0,0,0,0,0,0,-32307,0,0,0,0,0,142699,0
142716,-504,614,-8476,-97,-121,76,513402,-1,-2,20,0,37794,134,26,144,0,0,0,0,0,0,0,0,-32308,0,0,0,0,0,142700,0
142717,-504,614,-8476,-97,-121,76,513402,-5,-5,20,0,37794,134,26,144,0,0,0,0,0,0,0,0,-32307,0,0,0,0,0,142701,0
142718,-504,614,-8476,-97,-121,76,513403,-2,-4,19,0,37794,134,26,144,0,0,0,0,0,0,0,0,-32307,0,0,0,0,0,142702,0
142719,-504,614,-8476,-97,-121,76,513403,7,-2,19,0,37794,134,26,144,0,0,0,0,0,0,0,0,-32307,0,0,0,0,0,142703,0
142720,-530,572,-8486,-101,-103,91,513402,2,5,19,0,37794,134,26,144,0,0,0,0,0,0,0,0,-32307,0,0,0,0,0,142704,0
142721,-530,572,-8486,-101,-103,91,513402,-2,1,20,0,37794,134,26,144,0,0,0,0,0,0,0,0,-32308,0,0,0,0,0,142705,0
142722,-530,572,-8486,-101,-103,91,513402,-6,0,20,0,37794,134,26,144,0,0,0,0,0,0,0,0,-32307,0,0,0,0,0,142706,0
142723,-530,572,-8486,-101,-103,91,513402,-6,-4,18,0,37795,138,26,144,0,0,0,0,0,0,0,0,-32307,0,0,0,0,0,142707,0
142724,-558,558,-8500,-110,-83,107,513402,1,0,19,0,37795,138,26,144,0,0,0,0,0,0,0,0,-32308,0,0,0,0,0,142708,0
142725,-558,558,-8500,-110,-83,107,513402,2,0,18,0,37795,138,26,144,0,0,0,0,0,0,0,0,-32307,0,0,0,0,0,142709,0
142726,-558,558,-8500,-110,-83,107,513402,2,-3,20,0,37795,138,26,144,0,0,0,0,0,0,0,0,-32307,0,0,0,0,0,142710,0
142727,-558,558,-8500,-110,-83,107,513401,-5,0,21,0,37795,138,26,144,0,0,0,0,0,0,0,0,-32308,0,0,0,0,0,142711,0
142728,-588,554,-8512,-116,-69,107,513402,-1,-2,18,0,37795,138,26,144,0,0,0,0,0,0,0,0,-32307,0,0,0,0,0,142712,0
142729,-588,554,-8512,-116,-69,107,513404,5,4,21,0,37795,138,26,144,0,0,0,0,0,0,0,0,-32308,0,0,0,0,0,142713,0
142730,-588,554,-8512,-116,-69,107,513403,11,1,21,0,37795,138,26,144,0,0,0,0,0,0,0,0,-32307,0,0,0,0,0,142714,0
142731,-588,554,-8512,-116,-69,107,513402,9,4,20,0,37795,138,26,144,0,0,0,0,0,0,0,0,-32308,0,0,0,0,0,142715,0
142732,-620,522,-8498,-107,-57,119,513404,3,4,21,-8,37795,138,26,144,0,0,0,0,0,0,0,0,-32308,0,0,0,0,0,142716,0
142733,-620,522,-8498,-107,-57,119,513403,0,3,22,0,37794,140,26,144,0,0,0,0,0,0,0,0,-32308,0,0,0,0,0,142717,0
142734,-620,522,-8498,-107,-57,119,513402,-3,-3,22,0,37794,140,26,144,0,0,0,0,0,0,0,0,-32307,0,0,0,0,0,142718,0
142735,-620,522,-8498,-107,-57,119,513402,-7,-1,23,-8,37794,140,26,144,0,0,0,0,0,0,0,0,-32307,0,0,0,0,0,142719,0
142736,-676,504,-8504,-102,-40,123,513402,-9,-3,23,0,37794,140,26,144,0,0,0,0,0,0,0,0,-32307,0,0,0,0,0,142720,0
142737,-676,504,-8504,-102,-40,123,513401,-7,-1,22,8,37794,140,26,144,0,0,0,0,0,0,0,0,-32308,0,0,0,0,0,142721,0
142738,-676,504,-8504,-102,-40,123,513402,0,0,23,0,37794,140,26,144,0,0,0,0,0,0,0,0,-32307,0,0,0,0,0,142722,0
142739,-676,504,-8504,-102,-40,123,513403,3,0,23,0,37794,140,26,144,0,0,0,0,0,0,0,0,-32308,0,0,0,0,0,142723,0
142740,-700,518,-8502,-94,-36,122,513403,5,2,21,8,37794,140,26,144,0,0,0,0,0,0,0,0,-32308,0,0,0,0,0,142724,0
142741,-700,518,-8502,-94,-36,122,513402,6,1,23,0,37794,140,26,144,0,0,0,0,0,0,0,0,-32308,0,0,0,0,0,142725,0
142742,-700,518,-8502,-94,-36,122,513402,0,2,21,8,37794,140,26,144,0,0,0,0,0,0,0,0,-32308,0,0,0,0,0,142726,0
142743,-700,518,-8502,-94,-36,122,513402,-6,-2,20,8,37794,137,26,144,0,0,0,0,0,0,0,0,-32308,0,0,0,0,0,142727,0
142744,-730,462,-8520,-86,-26,128,513402,-3,-1,21,0,37794,137,26,144,0,0,0,0,0,0,0,0,-32308,0,0,0,0,0,142728,0
142745,-730,462,-8520,-86,-26,128,513403,3,2,20,0,37794,137,26,144,0,0,0,0,0,0,0,0,-32307,0,0,0,0,0,142729,0
142746,-730,462,-8520,-86,-26,128,513402,2,-5,21,8,37794,137,26,144,0,0,0,0,0,0,0,0,-32307,0,0,0,0,0,142730,0
142747,-730,462,-8520,-86,-26,128,513405,10,5,22,0,37794,137,26,144,0,0,0,0,0,0,0,0,-32308,0,0,0,0,0,142731,0
142748,-740,488,-8490,-75,-19,121,513402,3,3,21,0,37794,137,26,144,0,0,0,0,0,0,0,0,-32307,0,0,0,0,0,142732,0
142749,-740,488,-8490,-75,-19,121,513401,-5,-2,19,8,37794,137,26,144,0,0,0,0,0,0,0,0,-32308,0,0,0,0,0,142733,0
142750,-740,488,-8490,-75,-19,121,513402,-5,-2,21,0,37794,137,26,144,0,0,0,0,0,0,0,0,-32307,0,0,0,0,0,142734,0
142751,-740,488,-8490,-75,-19,121,513400,-18,-3,19,0,37794,137,26,144,0,0,0,0,0,0,0,0,-32307,0,0,0,0,0,142735,0
142752,-766,446,-8488,-73,-17,117,513403,0,1,20,0,37794,137,26,144,0,0,0,0,0,0,0,0,-32307,0,0,0,0,0,142736,0
142753,-766,446,-8488,-73,-17,117,513402,2,-4,21,8,37792,135,26,144,0,0,0,0,0,0,0,0,-32308,0,0,0,0,0,142737,0
142754,-766,446,-8488,-73,-17,117,513402,2,-6,22,8,37792,135,26,144,0,0,0,0,0,0,0,0,-32307,0,0,0,0,0,142738,0
142755,-766,446,-8488,-73,-17,117,513401,4,-4,21,0,37792,135,26,144,0,0,0,0,0,0,0,0,-32308,0,0,0,0,0,142739,0
142756,-774,438,-8472,-68,-15,117,513402,-2,1,22,0,37792,135,26,144,0,0,0,0,0,0,0,0,-32308,0,0,0,0,0,142740,0
142757,-774,438,-8472,-68,-15,117,513403,5,6,22,0,37792,135,26,144,0,0,0,0,0,0,0,0,-32308,0,0,0,0,0,142741,0
142758,-774,438,-8472,-68,-15,117,513401,0,3,21,0,37792,135,26,144,0,0,0,0,0,0,0,0,-32307,0,0,0,0,0,142742,0
142759,-774,438,-8472,-68,-15,117,513402,0,-3,23,0,37792,135,26,144,0,0,0,0,0,0,0,0,-32307,0,0,0,0,0,142743,0
142760,-786,468,-8460,-63,-6,102,513402,-3,3,24,-8,37792,135,26,144,0,0,0,0,0,0,0,0,-32307,0,0,0,0,0,142744,0
142761,-786,468,-8460,-63,-6,102,513402,0,-5,22,8,37792,135,26,144,0,0,0,0,0,0,0,0,-32308,0,0,0,0,0,142745,0
142762,-786,468,-8460,-63,-6,102,513401,0,-1,22,0,37792,135,26,144,0,0,0,0,0,0,0,0,-32307,0,0,0,0,0,142746,0
142763,-786,468,-8460,-63,-6,102,513403,1,4,20,8,37792,133,26,144,0,0,0,0,0,0,0,0,-32308,0,0,0,0,0,142747,0
142764,-818,466,-8482,-64,-10,93,513402,2,-1,21,8,37792,133,26,144,0,0,0,0,0,0,0,0,-32307,0,0,0,0,0,142748,0
142765,-818,466,-8482,-64,-10,93,513402,0,3,19,0,37792,133,26,144,0,0,0,0,0,0,0,0,-32308,0,0,0,0,0,142749,0
142766,-818,466,-8482,-64,-10,93,513402,2,-3,20,0,37792,133,26,144,0,0,0,0,0,0,0,0,-32307,0,0,0,0,0,142750,0
142767,-818,466,-8482,-64,-10,93,513402,-2,2,19,0,37792,133,26,144,0,0,0,0,0,0,0,0,-32308,0,0,0,0,0,142751,0
142768,-818,448,-8478,-61,-14,86,513402,-2,-1,19,0,37792,133,26,144,0,0,0,0,0,0,0,0,-32308,0,0,0,0,0,142752,0
142769,-818,448,-8478,-61,-14,86,513402,0,3,19,0,37792,133,26,144,0,0,0,0,0,0,0,0,-32307,0,0,0,0,0,142753,0
142770,-818,448,-8478,-61,-14,86,513404,6,4,19,0,37792,133,26,144,0,0,0,0,0,0,0,0,-32307,0,0,0,0,0,142754,0
142771,-818,448,-8478,-61,-14,86,513401,0,-4,20,0,37792,133,26,144,0,0,0,0,0,0,0,0,-32307,0,0,0,0,0,142755,0
142772,-838,426,-8460,-58,-16,75,513401,-3,2,18,0,37792,133,26,144,0,0,0,0,0,0,0,0,-32308,0,0,0,0,0,142756,0
142773,-838,426,-8460,-58,-16,75,513402,-4,1,18,0,37793,141,26,144,0,0,0,0,0,0,0,0,-32308,0,0,0,0,0,142757,0
142774,-838,426,-8460,-58,-16,75,513402,-7,0,19,0,37793,141,26,144,0,0,0,0,0,0,0,0,-32308,0,0,0,0,0,142758,0
142775,-838,426,-8460,-58,-16,75,513403,9,8,19,0,37793,141,26,144,0,0,0,0,0,0,0,0,-32308,0,0,0,0,0,142759,0
142776,-818,420,-8466,-47,-19,60,513402,5,3,20,0,37793,141,26,144,0,0,0,0,0,0,0,0,-32307,0,0,0,0,0,142760,0
142777,-818,420,-8466,-47,-19,60,513400,-7,-11,20,0,37793,141,26,144,0,0,0,0,0,0,0,0,-32308,0,0,0,0,0,142761,0
142778,-818,420,-8466,-47,-19,60,513402,-3,0,19,0,37793,141,26,144,0,0,0,0,0,0,0,0,-32307,0,0,0,0,0,142762,0
142779,-818,420,-8466,-47,-19,60,513403,1,0,20,0,37793,141,26,144,0,0,0,0,0,0,0,0,-32307,0,0,0,0,0,142763,0
142780,-828,450,-8470,-39,-19,56,513403,9,4,17,0,37793,141,26,144,0,0,0,0,0,0,0,0,-32307,0,0,0,0,0,142764,0
142781,-828,450,-8470,-39,-19,56,513402,6,0,20,8,37793,141,26,144,0,0,0,0,0,0,0,0,-32307,0,0,0,0,0,142765,0
142782,-828,450,-8470,-39,-19,56,513403,2,1,22,0,37793,141,26,144,0,0,0,0,0,0,0,0,-32307,0,0,0,0,0,142766,0
142783,-828,450,-8470,-39,-19,56,513403,2,1,21,0,37797,135,26,144,0,0,0,0,0,0,0,0,-32307,0,0,0,0,0,142767,0
142784,-806,440,-8504,-30,-29,39,513402,1,-3,20,0,37797,135,26,144,0,0,0,0,0,0,0,0,-32308,0,0,0,0,0,142768,0
142785,-806,440,-8504,-30,-29,39,513401,-7,2,21,0,37797,135,26,144,0,0,0,0,0,0,0,0,-32308,0,0,0,0,0,142769,0
142786,-806,440,-8504,-30,-29,39,513401,-16,-3,20,0,37797,135,26,144,0,0,0,0,0,0,0,0,-32308,0,0,0,0,0,142770,0
142787,-806,440,-8504,-30,-29,39,513403,-5,1,20,0,37797,135,26,144,0,0,0,0,0,0,0,0,-32307,0,0,0,0,0,142771,0
142788,-798,430,-8520,-14,-23,33,513402,3,0,22,-8,37797,135,26,144,0,0,0,0,0,0,0,0,-32307,0,0,0,0,0,142772,0
142789,-798,430,-8520,-14,-23,33,513402,6,-3,22,0,37797,135,26,144,0,0,0,0,0,0,0,0,-32308,0,0,0,0,0,142773,0
142790,-798,430,-8520,-14,-23,33,513403,5,-1,22,0,37797,135,26,144,0,0,0,0,0,0,0,0,-32307,0,0,0,0,0,142774,0
142791,-798,430,-8520,-14,-23,33,513404,7,8,22,-8,37797,135,26,144,0,0,0,0,0,0,0,0,-32307,0,0,0,0,0,142775,0
142792,-814,406,-8536,-4,-30,25,513402,6,2,21,-8,37797,135,26,144,0,0,0,0,0,0,0,0,-32308,0,0,0,0,0,142776,0
142793,-814,406,-8536,-4,-30,25,513403,6,2,21,8,37797,131,26,144,0,0,0,0,0,0,0,0,-32308,0,0,0,0,0,142777,0
142794,-814,406,-8536,-4,-30,25,513403,-2,-1,21,-8,37797,131,26,144,0,0,0,0,0,0,0,0,-32307,0,0,0,0,0,142778,0
142795,-814,406,-8536,-4,-30,25,513403,-5,2,21,0,37797,131,26,144,0,0,0,0,0,0,0,0,-32308,0,0,0,0,0,142779,0
142796,-764,430,-8566,8,-35,19,513403,1,-1,18,8,37797,131,26,144,0,0,0,0,0,0,0,0,-32307,0,0,0,0,0,142780,0
142797,-764,430,-8566,8,-35,19,513403,-1,-1,20,0,37797,131,26,144,0,0,0,0,0,0,0,0,-32308,0,0,0,0,0,142781,0
142798,-764,430,-8566,8,-35,19,513403,0,6,19,0,37797,131,26,144,0,0,0,0,0,0,0,0,-32307,0,0,0,0,0,142782,0
142799,-764,430,-8566,8,-35,19,513403,0,2,18,8,37797,131,26,144,0,0,0,0,0,0,0,0,-32307,0,0,0,0,0,142783,0
142800,-752,410,-8568,18,-27,13,513403,-2,0,19,0,37797,131,26,144,0,0,0,0,0,0,0,0,-32307,0,0,0,0,0,142784,0
142801,-752,410,-8568,18,-27,13,513402,-3,-4,19,-8,37797,131,26,144,0,0,0,0,0,0,0,0,-32308,0,0,0,0,0,142785,0
142802,-752,410,-8568,18,-27,13,513402,-4,-1,18,8,37797,131,26,144,0,0,0,0,0,0,0,0,-32307,0,0,0,0,0,142786,0
142803,-752,410,-8568,18,-27,13,513403,0,2,19,0,37795,138,26,144,0,0,0,0,0,0,0,0,-32308,0,0,0,0,0,142787,0
142804,-720,434,-8570,31,-14,10,513403,3,-2,19,0,37795,138,26,144,0,0,0,0,0,0,0,0,-32307,0,0,0,0,0,142788,0
142805,-720,434,-8570,31,-14,10,513402,2,-10,20,0,37795,138,26,144,0,0,0,0,0,0,0,0,-32308,0,0,0,0,0,142789,0
142806,-720,434,-8570,31,-14,10,513403,3,2,20,0,37795,138,26,144,0,0,0,0,0,0,0,0,-32308,0,0,0,0,0,142790,0
142807,-720,434,-8570,31,-14,10,513402,-2,0,19,8,37795,138,26,144,0,0,0,0,0,0,0,0,-32307,0,0,0,0,0,142791,0
142808,-674,484,-8552,33,6,10,513402,-6,-1,19,0,37795,138,26,144,0,0,0,0,0,0,0,0,-32307,0,0,0,0,0,142792,0
142809,-674,484,-8552,33,6,10,513402,-4,-2,18,0,37795,138,26,144,0,0,0,0,0,0,0,0,-32307,0,0,0,0,0,142793,0
142810,-674,484,-8552,33,6,10,513403,0,1,19,0,37795,138,26,144,0,0,0,0,0,0,0,0,-32307,0,0,0,0,0,142794,0
142811,-674,484,-8552,33,6,10,513402,4,-2,20,8,37795,138,26,144,0,0,0,0,0,0,0,0,-32307,0,0,0,0,0,142795,0
142812,-648,482,-8578,43,27,14,513402,1,-4,21,0,37795,138,26,144,0,0,0,0,0,0,0,0,-32307,0,0,0,0,0,142796,0
142813,-648,482,-8578,43,27,14,513403,0,-3,20,8,37793,142,26,144,0,0,0,0,0,0,0,0,-32308,0,0,0,0,0,142797,0
142814,-648,482,-8578,43,27,14,513403,0,-3,19,8,37793,142,26,144,0,0,0,0,0,0,0,0,-32308,0,0,0,0,0,142798,0
142815,-648,482,-8578,43,27,14,513403,7,3,20,8,37793,142,26,144,0,0,0,0,0,0,0,0,-32307,0,0,0,0,0,142799,0
142816,-654,500,-8542,36,52,20,513402,0,-1,19,0,37793,142,26,144,0,0,0,0,0,0,0,0,-32307,0,0,0,0,0,142800,0
142817,-654,500,-8542,36,52,20,513402,-7,-4,18,0,37793,142,26,144,0,0,0,0,0,0,0,0,-32308,0,0,0,0,0,142801,0
142818,-654,500,-8542,36,52,20,513402,-5,-1,18,0,37793,142,26,144,0,0,0,0,0,0,0,0,-32307,0,0,0,0,0,142802,0
142819,-654,500,-8542,36,52,20,513401,-8,1,20,0,37793,142,26,144,0,0,0,0,0,0,0,0,-32307,0,0,0,0,0,142803,0
142820,-624,500,-8534,34,84,27,513403,1,-2,20,0,37793,142,26,144,0,0,0,0,0,0,0,0,-32307,0,0,0,0,0,142804,0
142821,-624,500,-8534,34,84,27,513402,2,0,22,8,37793,142,26,144,0,0,0,0,0,0,0,0,-32308,0,0,0,0,0,142805,0
142822,-624,500,-8534,34,84,27,513402,2,1,22,0,37793,142,26,144,0,0,0,0,0,0,0,0,-32307,0,0,0,0,0,142806,0
142823,-624,500,-8534,34,84,27,513403,7,4,21,0,37793,145,26,144,0,0,0,0,0,0,0,0,-32308,0,0,0,0,0,142807,0
142824,-630,522,-8508,21,113,37,513402,-1,-1,22,8,37793,145,26,144,0,0,0,0,0,0,0,0,-32307,0,0,0,0,0,142808,0
142825,-630,522,-8508,21,113,37,513402,0,1,22,8,37793,145,26,144,0,0,0,0,0,0,0,0,-32307,0,0,0,0,0,142809,0
142826,-630,522,-8508,21,113,37,513403,0,5,22,0,37793,145,26,144,0,0,0,0,0,0,0,0,-32307,0,0,0,0,0,142810,0
142827,-630,522,-8508,21,113,37,513401,-4,-4,21,8,37793,145,26,144,0,0,0,0,0,0,0,0,-32308,0,0,0,0,0,142811,0
142828,-636,514,-8492,8,141,42,513402,-2,0,21,0,37793,145,26,144,0,0,0,0,0,0,0,0,-32308,0,0,0,0,0,142812,0
142829,-636,514,-8492,8,141,42,513403,0,0,21,-8,37793,145,26,144,0,0,0,0,0,0,0,0,-32308,0,0,0,0,0,142813,0
142830,-636,514,-8492,8,141,42,513403,4,1,22,0,37793,145,26,144,0,0,0,0,0,0,0,0,-32308,0,0,0,0,0,142814,0
142831,-636,514,-8492,8,141,42,513403,9,3,21,0,37793,145,26,144,0,0,0,0,0,0,0,0,-32308,0,0,0,0,0,142816,0
142832,-606,510,-8468,-3,167,56,513401,-1,0,21,0,37793,145,26,144,0,0,0,0,0,0,0,0,-32308,0,0,0,0,0,142816,0
142833,-606,510,-8468,-3,167,56,513400,-14,-3,21,0,37793,130,26,144,0,0,0,0,0,0,0,0,-32308,0,0,0,0,0,142817,0
142834,-606,510,-8468,-3,167,56,513405,3,6,21,0,37793,130,26,144,0,0,0,0,0,0,0,0,-32308,0,0,0,0,0,142818,0
142835,-606,510,-8468,-3,167,56,513402,3,-1,22,0,37793,130,26,144,0,0,0,0,0,0,0,0,-32308,0,0,0,0,0,142819,0
142836,-582,554,-8440,-16,191,60,513403,11,0,21,8,37793,130,26,144,0,0,0,0,0,0,0,0,-32308,0,0,0,0,0,142820,0
142837,-582,554,-8440,-16,191,60,513401,0,-5,22,8,37793,130,26,144,0,0,0,0,0,0,0,0,-32307,0,0,0,0,0,142821,0
142838,-582,554,-8440,-16,191,60,513403,-9,3,22,-8,37793,130,26,144,0,0,0,0,0,0,0,0,-32308,0,0,0,0,0,142822,0
142839,-582,554,-8440,-16,191,60,513402,0,1,23,-8,37793,130,26,144,0,0,0,0,0,0,0,0,-32308,0,0,0,0,0,142824,0
142840,-614,552,-8406,-23,202,62,513403,0,3,21,0,37793,130,26,144,0,0,0,0,0,0,0,0,-32307,0,0,0,0,0,142825,0
142841,-614,552,-8406,-23,202,62,513402,1,0,22,0,37793,130,26,144,0,0,0,0,0,0,0,0,-32307,0,0,0,0,0,142826,0
142842,-614,552,-8406,-23,202,62,513403,-2,4,22,-8,37793,130,26,144,0,0,0,0,0,0,0,0,-32308,0,0,0,0,0,142827,0
142843,-614,552,-8406,-23,202,62,513402,0,-1,21,0,37792,126,26,144,0,0,0,0,0,0,0,0,-32307,0,0,0,0,0,142828,0
142844,-636,556,-8390,-34,210,68,513402,-2,-2,22,0,37792,126,26,144,0,0,0,0,0,0,0,0,-32308,0,0,0,0,0,142829,0
142845,-636,556,-8390,-34,210,68,513402,-2,-3,21,0,37792,126,26,144,0,0,0,0,0,0,0,0,-32308,0,0,0,0,0,142830,0
142846,-636,556,-8390,-34,210,68,513402,-3,2,21,8,37792,126,26,144,0,0,0,0,0,0,0,0,-32308,0,0,0,0,0,142831,0
142847,-636,556,-8390,-34,210,68,513401,-4,-2,21,0,37792,126,26,144,0,0,0,0,0,0,0,0,-32308,0,0,0,0,0,142832,0
142848,-624,544,-8362,-41,200,68,513402,0,-3,20,0,37792,126,26,144,0,0,0,0,0,0,0,0,-32308,0,0,0,0,0,142833,0
142849,-624,544,-8362,-41,200,68,513402,2,-1,20,0,37792,126,26,144,0,0,0,0,0,0,0,0,-32308,0,0,0,0,0,142834,0
142850,-624,544,-8362,-41,200,68,513403,3,-1,20,0,37792,126,26,144,0,0,0,0,0,0,0,0,-32307,0,0,0,0,0,142835,0
142851,-624,544,-8362,-41,200,68,513401,1,1,20,0,37792,126,26,144,0,0,0,0,0,0,0,0,-32308,0,0,0,0,0,142836,0
142852,-676,510,-8362,-40,193,68,513402,-3,-3,20,8,37792,126,26,144,0,0,0,0,0,0,0,0,-32307,0,0,0,0,0,142837,0
142853,-676,510,-8362,-40,193,68,513401,-5,-1,20,0,37793,134,26,144,0,0,0,0,0,0,0,0,-32308,0,0,0,0,0,142838,0
142854,-676,510,-8362,-40,193,68,513403,2,5,21,0,37793,134,26,144,0,0,0,0,0,0,0,0,-32307,0,0,0,0,0,142839,0
142855,-676,510,-8362,-40,193,68,513403,7,-3,20,0,37793,134,26,144,0,0,0,0,0,0,0,0,-32308,0,0,0,0,0,142840,0
142856,-642,492,-8334,-37,159,63,513402,1,-2,20,0,37793,134,26,144,0,0,0,0,0,0,0,0,-32308,0,0,0,0,0,142841,0
142857,-642,492,-8334,-37,159,63,513403,2,2,21,0,37793,134,26,144,0,0,0,0,0,0,0,0,-32308,0,0,0,0,0,142842,0
142858,-642,492,-8334,-37,159,63,513403,-2,6,20,0,37793,134,26,144,0,0,0,0,0,0,0,0,-32307,0,0,0,0,0,142843,0
142859,-642,492,-8334,-37,159,63,513403,1,3,21,0,37793,134,26,144,0,0,0,0,0,0,0,0,-32308,0,0,0,0,0,142844,0
142860,-638,480,-8346,-40,131,59,513402,1,-1,21,0,37793,134,26,144,0,0,0,0,0,0,0,0,-32307,0,0,0,0,0,142845,0
142861,-638,480,-8346,-40,131,59,513404,5,0,21,0,37793,134,26,144,0,0,0,0,0,0,0,0,-32308,0,0,0,0,0,142846,0
142862,-638,480,-8346,-40,131,59,513402,0,5,22,0,37793,134,26,144,0,0,0,0,0,0,0,0,-32308,0,0,0,0,0,142847,0
142863,-638,480,-8346,-40,131,59,513404,3,3,21,0,37795,134,26,144,0,0,0,0,0,0,0,0,-32308,0,0,0,0,0,142848,0
142864,-686,460,-8344,-25,91,53,513402,0,-1,21,0,37795,134,26,144,0,0,0,0,0,0,0,0,-32308,0,0,0,0,0,142849,0
142865,-686,460,-8344,-25,91,53,513401,-10,-3,21,0,37795,134,26,144,0,0,0,0,0,0,0,0,-32307,0,0,0,0,0,142850,0
142866,-686,460,-8344,-25,91,53,513402,-3,1,20,0,37795,134,26,144,0,0,0,0,0,0,0,0,-32307,0,0,0,0,0,142851,0
142867,-686,460,-8344,-25,91,53,513402,-7,2,20,0,37795,134,26,144,0,0,0,0,0,0,0,0,-32308,0,0,0,0,0,142852,0
142868,-646,468,-8326,-23,44,42,513402,-1,-1,21,0,37795,134,26,144,0,0,0,0,0,0,0,0,-32307,0,0,0,0,0,142853,0
142869,-646,468,-8326,-23,44,42,513402,1,-2,20,0,37795,134,26,144,0,0,0,0,0,0,0,0,-32307,0,0,0,0,0,142854,0
142870,-646,468,-8326,-23,44,42,513401,-3,-2,22,0,37795,134,26,144,0,0,0,0,0,0,0,0,-32307,0,0,0,0,0,142855,0
142871,-646,468,-8326,-23,44,42,513403,3,-1,21,8,37795,134,26,144,0,0,0,0,0,0,0,0,-32307,0,0,0,0,0,142856,0
142872,-674,452,-8352,-13,1,35,513402,2,0,21,0,37795,134,26,144,0,0,0,0,0,0,0,0,-32308,0,0,0,0,0,142857,0
142873,-674,452,-8352,-13,1,35,513404,9,2,21,0,37795,142,26,144,0,0,0,0,0,0,0,0,-32308,0,0,0,0,0,142858,0
142874,-674,452,-8352,-13,1,35,513402,4,1,22,0,37795,142,26,144,0,0,0,0,0,0,0,0,-32307,0,0,0,0,0,142859,0
142875,-674,452,-8352,-13,1,35,513401,-8,-10,21,0,37795,142,26,144,0,0,0,0,0,0,0,0,-32308,0,0,0,0,0,142860,0
142876,-660,448,-8376,-3,-36,33,513404,1,3,22,0,37795,142,26,144,0,0,0,0,0,0,0,0,-32308,0,0,0,0,0,142861,0
142877,-660,448,-8376,-3,-36,33,513401,-7,-5,22,0,37795,142,26,144,0,0,0,0,0,0,0,0,-32308,0,0,0,0,0,142862,0
142878,-660,448,-8376,-3,-36,33,513403,5,2,21,0,37795,142,26,144,0,0,0,0,0,0,0,0,-32308,0,0,0,0,0,142863,0
142879,-660,448,-8376,-3,-36,33,513401,-1,-3,23,0,37795,142,26,144,0,0,0,0,0,0,0,0,-32308,0,0,0,0,0,142864,0
142880,-648,470,-8370,-2,-81,20,513402,-6,-3,21,0,37795,142,26,144,0,0,0,0,0,0,0,0,-32307,0,0,0,0,0,142865,0
142881,-648,470,-8370,-2,-81,20,513403,3,0,20,0,37795,142,26,144,0,0,0,0,0,0,0,0,-32307,0,0,0,0,0,142866,0
142882,-648,470,-8370,-2,-81,20,513403,4,3,21,0,37795,142,26,144,0,0,0,0,0,0,0,0,-32307,0,0,0,0,0,142867,0
142883,-648,470,-8370,-2,-81,20,513403,8,2,21,0,37798,141,26,144,0,0,0,0,0,0,0,0,-32308,0,0,0,0,0,142868,0
142884,-600,462,-8406,4,-101,16,513402,0,1,21,8,37798,141,26,144,0,0,0,0,0,0,0,0,-32308,0,0,0,0,0,142869,0
142885,-600,462,-8406,4,-101,16,513403,0,1,23,0,37798,141,26,144,0,0,0,0,0,0,0,0,-32308,0,0,0,0,0,142870,0
142886,-600,462,-8406,4,-101,16,513402,-6,4,21,8,37798,141,26,144,0,0,0,0,0,0,0,0,-32307,0,0,0,0,0,142871,0
142887,-600,462,-8406,4,-101,16,513402,-4,-2,22,0,37798,141,26,144,0,0,0,0,0,0,0,0,-32308,0,0,0,0,0,142872,0
142888,-592,484,-8396,8,-115,16,513402,-2,-1,21,-8,37798,141,26,144,0,0,0,0,0,0,0,0,-32307,0,0,0,0,0,142873,0
142889,-592,484,-8396,8,-115,16,513403,0,7,22,0,37798,141,26,144,0,0,0,0,0,0,0,0,-32307,0,0,0,0,0,142874,0
142890,-592,484,-8396,8,-115,16,513402,2,-5,22,0,37798,141,26,144,0,0,0,0,0,0,0,0,-32308,0,0,0,0,0,142875,0
142891,-592,484,-8396,8,-115,16,513403,1,10,22,0,37798,141,26,144,0,0,0,0,0,0,0,0,-32308,0,0,0,0,0,142876,0
142892,-548,500,-8418,14,-121,21,513402,-2,-4,22,8,37798,141,26,144,0,0,0,0,0,0,0,0,-32308,0,0,0,0,0,142877,0
142893,-548,500,-8418,14,-121,21,513403,0,2,21,8,37798,136,26,144,0,0,0,0,0,0,0,0,-32307,0,0,0,0,0,142878,0
142894,-548,500,-8418,14,-121,21,513403,6,0,24,0,37798,136,26,144,0,0,0,0,0,0,0,0,-32307,0,0,0,0,0,142879,0
142895,-548,500,-8418,14,-121,21,513402,1,-2,22,0,37798,136,26,144,0,0,0,0,0,0,0,0,-32308,0,0,0,0,0,142880,0
142896,-544,510,-8438,1,-109,33,513402,0,-2,20,8,37798,136,26,144,0,0,0,0,0,0,0,0,-32307,0,0,0,0,0,142881,0
142897,-544,510,-8438,1,-109,33,513402,-4,-4,21,0,37798,136,26,144,0,0,0,0,0,0,0,0,-32308,0,0,0,0,0,142882,0
142898,-544,510,-8438,1,-109,33,513403,-1,0,20,0,37798,136,26,144,0,0,0,0,0,0,0,0,-32307,0,0,0,0,0,142883,0
142899,-544,510,-8438,1,-109,33,513404,10,3,19,0,37798,136,26,144,0,0,0,0,0,0,0,0,-32308,0,0,0,0,0,142884,0
142900,-524,528,-8460,-4,-90,44,513402,5,0,21,8,37798,136,26,144,0,0,0,0,0,0,0,0,-32307,0,0,0,0,0,142885,0
142901,-524,528,-8460,-4,-90,44,513401,-4,1,20,8,37798,136,26,144,0,0,0,0,0,0,0,0,-32308,0,0,0,0,0,142886,0
142902,-524,528,-8460,-4,-90,44,513403,-7,1,22,8,37798,136,26,144,0,0,0,0,0,0,0,0,-32307,0,0,0,0,0,142887,0
142903,-524,528,-8460,-4,-90,44,513402,-10,-5,22,0,37798,133,26,144,0,0,0,0,0,0,0,0,-32308,0,0,0,0,0,142888,0
142904,-538,532,-8442,-25,-68,53,513402,0,3,22,-8,37798,133,26,144,0,0,0,0,0,0,0,0,-32307,0,0,0,0,0,142889,0
142905,-538,532,-8442,-25,-68,53,513402,1,-5,21,8,37798,133,26,144,0,0,0,0,0,0,0,0,-32307,0,0,0,0,0,142890,0
142906,-538,532,-8442,-25,-68,53,513403,1,1,22,0,37798,133,26,144,0,0,0,0,0,0,0,0,-32307,0,0,0,0,0,142891,0
142907,-538,532,-8442,-25,-68,53,513402,3,-4,22,0,37798,133,26,144,0,0,0,0,0,0,0,0,-32307,0,0,0,0,0,142892,0
142908,-500,538,-8446,-47,-39,64,513404,7,3,21,8,37798,133,26,144,0,0,0,0,0,0,0,0,-32307,0,0,0,0,0,142893,0
142909,-500,538,-8446,-47,-39,64,513402,1,1,22,0,37798,133,26,144,0,0,0,0,0,0,0,0,-32307,0,0,0,0,0,142894,0
142910,-500,538,-8446,-47,-39,64,513402,-3,1,22,0,37798,133,26,144,0,0,0,0,0,0,0,0,-32307,0,0,0,0,0,142895,0
142911,-500,538,-8446,-47,-39,64,513403,0,4,21,0,37798,133,26,144,0,0,0,0,0,0,0,0,-32307,0,0,0,0,0,142896,0
142912,-540,540,-8440,-70,-5,80,513402,-4,-3,20,0,37798,133,26,144,0,0,0,0,0,0,0,0,-32307,0,0,0,0,0,142897,0
142913,-540,540,-8440,-70,-5,80,513402,1,-3,19,0,37794,139,26,144,0,0,0,0,0,0,0,0,-32308,0,0,0,0,0,142898,0
142914,-540,540,-8440,-70,-5,80,513402,0,-1,19,0,37794,139,26,144,0,0,0,0,0,0,0,0,-32308,0,0,0,0,0,142899,0
142915,-540,540,-8440,-70,-5,80,513402,-1,-1,20,0,37794,139,26,144,0,0,0,0,0,0,0,0,-32307,0,0,0,0,0,142900,0
142916,-560,534,-8438,-83,19,88,513403,2,0,19,-8,37794,139,26,144,0,0,0,0,0,0,0,0,-32308,0,0,0,0,0,142901,0
142917,-560,534,-8438,-83,19,88,513402,0,2,21,0,37794,139,26,144,0,0,0,0,0,0,0,0,-32308,0,0,0,0,0,142902,0
142918,-560,534,-8438,-83,19,88,513402,0,-1,21,0,37794,139,26,144,0,0,0,0,0,0,0,0,-32308,0,0,0,0,0,142903,0
142919,-560,534,-8438,-83,19,88,513402,-1,1,21,0,37794,139,26,144,0,0,0,0,0,0,0,0,-32307,0,0,0,0,0,142904,0
142920,-572,544,-8450,-106,45,93,513402,-6,-4,21,0,37794,139,26,144,0,0,0,0,0,0,0,0,-32307,0,0,0,0,0,142905,0
142921,-572,544,-8450,-106,45,93,513403,1,4,21,8,37794,139,26,144,0,0,0,0,0,0,0,0,-32308,0,0,0,0,0,142906,0
142922,-572,544,-8450,-106,45,93,513402,0,-1,22,0,37794,139,26,144,0,0,0,0,0,0,0,0,-32308,0,0,0,0,0,142907,0
142923,-572,544,-8450,-106,45,93,513402,1,-2,21,0,37793,136,26,144,0,0,0,0,0,0,0,0,-32308,0,0,0,0,0,142908,0
142924,-610,524,-8416,-115,57,101,513403,2,2,20,0,37793,136,26,144,0,0,0,0,0,0,0,0,-32307,0,0,0,0,0,142909,0
142925,-610,524,-8416,-115,57,101,513401,-5,-4,21,0,37793,136,26,144,0,0,0,0,0,0,0,0,-32307,0,0,0,0,0,142910,0
142926,-610,524,-8416,-115,57,101,513403,4,4,20,0,37793,136,26,144,0,0,0,0,0,0,0,0,-32308,0,0,0,0,0,142911,0
142927,-610,524,-8416,-115,57,101,513403,7,5,21,8,37793,136,26,144,0,0,0,0,0,0,0,0,-32308,0,0,0,0,0,142912,0
142928,-628,526,-8412,-116,69,110,513403,4,1,21,0,37793,136,26,144,0,0,0,0,0,0,0,0,-32307,0,0,0,0,0,142913,0
142929,-628,526,-8412,-116,69,110,513403,5,-2,20,0,37793,136,26,144,0,0,0,0,0,0,0,0,-32308,0,0,0,0,0,142914,0
142930,-628,526,-8412,-116,69,110,513402,-7,0,20,0,37793,136,26,144,0,0,0,0,0,0,0,0,-32307,0,0,0,0,0,142915,0
142931,-628,526,-8412,-116,69,110,513402,-9,-1,20,8,37793,136,26,144,0,0,0,0,0,0,0,0,-32307,0,0,0,0,0,142916,0
142932,-630,530,-8406,-116,70,116,513402,-3,0,18,0,37793,136,26,144,0,0,0,0,0,0,0,0,-32308,0,0,0,0,0,142917,0
142933,-630,530,-8406,-116,70,116,513402,-1,-1,19,8,37793,132,26,144,0,0,0,0,0,0,0,0,-32308,0,0,0,0,0,142918,0
142934,-630,530,-8406,-116,70,116,513404,9,5,20,0,37793,132,26,144,0,0,0,0,0,0,0,0,-32308,0,0,0,0,0,142919,0
142935,-630,530,-8406,-116,70,116,513400,-3,-7,21,0,37793,132,26,144,0,0,0,0,0,0,0,0,-32308,0,0,0,0,0,142920,0
142936,-656,508,-8420,-119,58,111,513402,-6,3,21,0,37793,132,26,144,0,0,0,0,0,0,0,0,-32307,0,0,0,0,0,142921,0
142937,-656,508,-8420,-119,58,111,513403,0,1,20,0,37793,132,26,144,0,0,0,0,0,0,0,0,-32307,0,0,0,0,0,142922,0
142938,-656,508,-8420,-119,58,111,513403,0,0,21,-8,37793,132,26,144,0,0,0,0,0,0,0,0,-32307,0,0,0,0,0,142923,0
142939,-656,508,-8420,-119,58,111,513402,8,4,21,0,37793,132,26,144,0,0,0,0,0,0,0,0,-32308,0,0,0,0,0,142924,0
142940,-696,502,-8428,-118,39,117,513402,-2,-2,21,0,37793,132,26,144,0,0,0,0,0,0,0,0,-32307,0,0,0,0,0,142925,0
142941,-696,502,-8428,-118,39,117,513402,-4,-4,22,0,37793,132,26,144,0,0,0,0,0,0,0,0,-32307,0,0,0,0,0,142926,0
142942,-696,502,-8428,-118,39,117,513402,-3,-1,21,0,37793,132,26,144,0,0,0,0,0,0,0,0,-32307,0,0,0,0,0,142927,0
142943,-696,502,-8428,-118,39,117,513403,4,0,21,8,37794,123,26,144,0,0,0,0,0,0,0,0,-32308,0,0,0,0,0,142928,0
142944,-730,504,-8448,-104,16,116,513402,4,1,24,0,37794,123,26,144,0,0,0,0,0,0,0,0,-32308,0,0,0,0,0,142929,0
142945,-730,504,-8448,-104,16,116,513403,5,0,22,0,37794,123,26,144,0,0,0,0,0,0,0,0,-32308,0,0,0,0,0,142930,0
142946,-730,504,-8448,-104,16,116,513402,3,1,21,8,37794,123,26,144,0,0,0,0,0,0,0,0,-32308,0,0,0,0,0,142931,0
142947,-730,504,-8448,-104,16,116,513402,-3,-1,21,0,37794,123,26,144,0,0,0,0,0,0,0,0,-32308,0,0,0,0,0,142932,0
142948,-726,458,-8440,-104,-8,104,513401,-5,-7,21,0,37794,123,26,144,0,0,0,0,0,0,0,0,-32308,0,0,0,0,0,142933,0
142949,-726,458,-8440,-104,-8,104,513402,-5,5,19,8,37794,123,26,144,0,0,0,0,0,0,0,0,-32307,0,0,0,0,0,142934,0
142950,-726,458,-8440,-104,-8,104,513403,1,0,20,0,37794,123,26,144,0,0,0,0,0,0,0,0,-32307,0,0,0,0,0,142935,0
142951,-726,458,-8440,-104,-8,104,513402,0,-2,20,0,37794,123,26,144,0,0,0,0,0,0,0,0,-32308,0,0,0,0,0,142937,0
142952,-784,458,-8434,-93,-25,95,513403,3,1,20,8,37794,123,26,144,0,0,0,0,0,0,0,0,-32308,0,0,0,0,0,142937,0
142953,-784,458,-8434,-93,-25,95,513402,-1,-2,20,0,37793,127,26,144,0,0,0,0,0,0,0,0,-32307,0,0,0,0,0,142938,0
142954,-784,458,-8434,-93,-25,95,513402,-1,2,20,0,37793,127,26,144,0,0,0,0,0,0,0,0,-32307,0,0,0,0,0,142939,0
142955,-784,458,-8434,-93,-25,95,513402,-1,1,20,0,37793,127,26,144,0,0,0,0,0,0,0,0,-32307,0,0,0,0,0,142940,0
142956,-776,456,-8436,-78,-50,86,513402,-5,4,22,0,37793,127,26,144,0,0,0,0,0,0,0,0,-32308,0,0,0,0,0,142941,0
142957,-776,456,-8436,-78,-50,86,513402,0,-1,22,8,37793,127,26,144,0,0,0,0,0,0,0,0,-32307,0,0,0,0,0,142942,0
142958,-776,456,-8436,-78,-50,86,513403,4,1,21,0,37793,127,26,144,0,0,0,0,0,0,0,0,-32308,0,0,0,0,0,142943,0
142959,-776,456,-8436,-78,-50,86,513402,5,-4,22,0,37793,127,26,144,0,0,0,0,0,0,0,0,-32308,0,0,0,0,0,142944,0
142960,-732,472,-8456,-64,-62,78,513402,3,0,22,-8,37793,127,26,144,0,0,0,0,0,0,0,0,-32307,0,0,0,0,0,142945,0
142961,-732,472,-8456,-64,-62,78,513402,-2,0,21,0,37793,127,26,144,0,0,0,0,0,0,0,0,-32308,0,0,0,0,0,142946,0
142962,-732,472,-8456,-64,-62,78,513402,-3,6,22,0,37793,127,26,144,0,0,0,0,0,0,0,0,-32308,0,0,0,0,0,142947,0
142963,-732,472,-8456,-64,-62,78,513401,-7,-6,20,0,37796,132,26,144,0,0,0,0,0,0,0,0,-32308,0,0,0,0,0,142948,0
142964,-716,458,-8458,-53,-70,71,513404,5,1,21,0,37796,132,26,144,0,0,0,0,0,0,0,0,-32308,0,0,0,0,0,142949,0
142965,-716,458,-8458,-53,-70,71,513402,5,1,21,0,37796,132,26,144,0,0,0,0,0,0,0,0,-32308,0,0,0,0,0,142950,0
142966,-716,458,-8458,-53,-70,71,513402,2,-1,21,8,37796,132,26,144,0,0,0,0,0,0,0,0,-32307,0,0,0,0,0,142951,0
142967,-716,458,-8458,-53,-70,71,513401,-1,-2,19,8,37796,132,26,144,0,0,0,0,0,0,0,0,-32308,0,0,0,0,0,142953,0
142968,-670,474,-8474,-56,-66,56,513402,-11,0,20,0,37796,132,26,144,0,0,0,0,0,0,0,0,-32307,0,0,0,0,0,142953,0
142969,-670,474,-8474,-56,-66,56,513402,0,1,19,0,37796,132,26,144,0,0,0,0,0,0,0,0,-32308,0,0,0,0,0,142954,0
142970,-670,474,-8474,-56,-66,56,513402,3,1,20,0,37796,132,26,144,0,0,0,0,0,0,0,0,-32308,0,0,0,0,0,142955,0
142971,-670,474,-8474,-56,-66,56,513403,7,1,19,0,37796,132,26,144,0,0,0,0,0,0,0,0,-32308,0,0,0,0,0,142956,0
142972,-722,474,-8480,-39,-59,43,513401,-3,-4,19,0,37796,132,26,144,0,0,0,0,0,0,0,0,-32307,0,0,0,0,0,142957,0
142973,-722,474,-8480,-39,-59,43,513403,-1,3,18,0,37797,132,26,144,0,0,0,0,0,0,0,0,-32308,0,0,0,0,0,142958,0
142974,-722,474,-8480,-39,-59,43,513401,-5,-1,18,0,37797,132,26,144,0,0,0,0,0,0,0,0,-32307,0,0,0,0,0,142959,0
142975,-722,474,-8480,-39,-59,43,513403,0,2,19,8,37797,132,26,144,0,0,0,0,0,0,0,0,-32308,0,0,0,0,0,142961,0
142976,-756,468,-8480,-26,-66,45,513401,2,-4,20,0,37797,132,26,144,0,0,0,0,0,0,0,0,-32307,0,0,0,0,0,142961,0
142977,-756,468,-8480,-26,-66,45,513403,3,4,18,8,37797,132,26,144,0,0,0,0,0,0,0,0,-32307,0,0,0,0,0,142962,0
142978,-756,468,-8480,-26,-66,45,513403,8,-1,20,0,37797,132,26,144,0,0,0,0,0,0,0,0,-32308,0,0,0,0,0,142963,0
142979,-756,468,-8480,-26,-66,45,513401,-1,-2,17,0,37797,132,26,144,0,0,0,0,0,0,0,0,-32308,0,0,0,0,0,142964,0
142980,-746,452,-8494,-24,-62,50,513403,3,3,18,0,37797,132,26,144,0,0,0,0,0,0,0,0,-32307,0,0,0,0,0,142965,0
142981,-746,452,-8494,-24,-62,50,513404,1,7,20,0,37797,132,26,144,0,0,0,0,0,0,0,0,-32308,0,0,0,0,0,142967,0
142982,-746,452,-8494,-24,-62,50,513402,-1,-1,20,-8,37797,132,26,144,0,0,0,0,0,0,0,0,-32308,0,0,0,0,0,142968,0
142983,-746,452,-8494,-24,-62,50,513404,6,5,19,0,37795,124,26,144,0,0,0,0,0,0,0,0,-32308,0,0,0,0,0,142969,0
142984,-700,500,-8492,-19,-62,57,513401,-9,-2,20,0,37795,124,26,144,0,0,0,0,0,0,0,0,-32308,0,0,0,0,0,142970,0
142985,-700,500,-8492,-19,-62,57,513402,-7,-5,21,0,37795,124,26,144,0,0,0,0,0,0,0,0,-32308,0,0,0,0,0,142971,0
142986,-700,500,-8492,-19,-62,57,513402,-3,5,21,0,37795,124,26,144,0,0,0,0,0,0,0,0,-32308,0,0,0,0,0,142972,0
142987,-700,500,-8492,-19,-62,57,513402,-6,-3,20,8,37795,124,26,144,0,0,0,0,0,0,0,0,-32308,0,0,0,0,0,142973,0
142988,-692,484,-8530,-20,-55,49,513403,9,3,21,-8,37795,124,26,144,0,0,0,0,0,0,0,0,-32308,0,0,0,0,0,142974,0
142989,-692,484,-8530,-20,-55,49,513401,0,-4,22,0,37795,124,26,144,0,0,0,0,0,0,0,0,-32307,0,0,0,0,0,142975,0
142990,-692,484,-8530,-20,-55,49,513403,4,2,22,0,37795,124,26,144,0,0,0,0,0,0,0,0,-32307,0,0,0,0,0,142976,0
142991,-692,484,-8530,-20,-55,49,513402,0,-3,22,0,37795,124,26,144,0,0,0,0,0,0,0,0,-32308,0,0,0,0,0,142977,0
142992,-686,506,-8510,-23,-51,43,513401,-7,-1,21,0,37795,124,26,144,0,0,0,0,0,0,0,0,-32308,0,0,0,0,0,142978,0
142993,-686,506,-8510,-23,-51,43,513403,5,5,21,8,37793,126,26,144,0,0,0,0,0,0,0,0,-32307,0,0,0,0,0,142979,0
142994,-686,506,-8510,-23,-51,43,513402,-1,-3,22,0,37793,126,26,144,0,0,0,0,0,0,0,0,-32307,0,0,0,0,0,142980,0
142995,-686,506,-8510,-23,-51,43,513401,-2,-8,22,8,37793,126,26,144,0,0,0,0,0,0,0,0,-32308,0,0,0,0,0,142981,0
142996,-720,486,-8528,-26,-28,42,513401,-3,-2,20,0,37793,126,26,144,0,0,0,0,0,0,0,0,-32307,0,0,0,0,0,142982,0
142997,-720,486,-8528,-26,-28,42,513403,-5,-2,21,0,37793,126,26,144,0,0,0,0,0,0,0,0,-32307,0,0,0,0,0,142983,0
142998,-720,486,-8528,-26,-28,42,513402,4,1,21,0,37793,126,26,144,0,0,0,0,0,0,0,0,-32307,0,0,0,0,0,142984,0
142999,-720,486,-8528,-26,-28,42,513403,11,4,20,0,37793,126,26,144,0,0,0,0,0,0,0,0,-32307,0,0,0,0,0,142985,0
143000,-700,468,-8526,-21,-16,54,513402,2,-2,22,0,37793,126,26,144,0,0,0,0,0,0,0,0,-32308,0,0,0,0,0,142986,0
143001,-700,468,-8526,-21,-16,54,513402,-3,1,20,0,37793,126,26,144,0,0,0,0,0,0,0,0,-32307,0,0,0,0,0,142987,0
143002,-700,468,-8526,-21,-16,54,513401,-7,-7,20,0,37793,126,26,144,0,0,0,0,0,0,0,0,-32308,0,0,0,0,0,142988,0
143003,-700,468,-8526,-21,-16,54,513402,-7,5,21,0,37793,137,26,144,0,0,0,0,0,0,0,0,-32308,0,0,0,0,0,142989,0
143004,-672,494,-8540,-15,-1,50,513402,0,-7,21,-8,37793,137,26,144,0,0,0,0,0,0,0,0,-32308,0,0,0,0,0,142990,0
143005,-672,494,-8540,-15,-1,50,513401,-2,1,20,8,37793,137,26,144,0,0,0,0,0,0,0,0,-32308,0,0,0,0,0,142991,0
143006,-672,494,-8540,-15,-1,50,513402,1,3,20,0,37793,137,26,144,0,0,0,0,0,0,0,0,-32307,0,0,0,0,0,142992,0
143007,-672,494,-8540,-15,-1,50,513403,4,-2,20,0,37793,137,26,144,0,0,0,0,0,0,0,0,-32307,0,0,0,0,0,142993,0
143008,-688,468,-8548,-14,10,53,513403,9,4,20,8,37793,137,26,144,0,0,0,0,0,0,0,0,-32308,0,0,0,0,0,142994,0
143009,-688,468,-8548,-14,10,53,513403,8,8,21,8,37793,137,26,144,0,0,0,0,0,0,0,0,-32307,0,0,0,0,0,142995,0
143010,-688,468,-8548,-14,10,53,513403,6,5,21,0,37793,137,26,144,0,0,0,0,0,0,0,0,-32308,0,0,0,0,0,142996,0
143011,-688,468,-8548,-14,10,53,513401,-6,-1,21,0,37793,137,26,144,0,0,0,0,0,0,0,0,-32307,0,0,0,0,0,142997,0
143012,-694,486,-8508,-16,22,45,513402,-8,-1,19,0,37793,137,26,144,0,0,0,0,0,0,0,0,-32308,0,0,0,0,0,142998,0
143013,-694,486,-8508,-16,22,45,513401,-9,-3,20,0,37796,149,26,144,0,0,0,0,0,0,0,0,-32307,0,0,0,0,0,142999,0
143014,-694,486,-8508,-16,22,45,513403,-1,0,21,0,37796,149,26,144,0,0,0,0,0,0,0,0,-32308,0,0,0,0,0,143000,0
143015,-694,486,-8508,-16,22,45,513403,9,1,21,8,37796,149,26,144,0,0,0,0,0,0,0,0,-32307,0,0,0,0,0,143001,0
143016,-678,518,-8514,-12,39,47,513403,8,6,21,0,37796,149,26,144,0,0,0,0,0,0,0,0,-32308,0,0,0,0,0,143002,0
143017,-678,518,-8514,-12,39,47,513402,3,-2,21,0,37796,149,26,144,0,0,0,0,0,0,0,0,-32307,0,0,0,0,0,143003,0
143018,-678,518,-8514,-12,39,47,513403,-1,4,21,0,37796,149,26,144,0,0,0,0,0,0,0,0,-32308,0,0,0,0,0,143004,0
143019,-678,518,-8514,-12,39,47,513402,-1,2,20,0,37796,149,26,144,0,0,0,0,0,0,0,0,-32308,0,0,0,0,0,143005,0
143020,-680,506,-8516,-11,50,38,513401,-6,-4,21,8,37796,149,26,144,0,0,0,0,0,0,0,0,-32307,0,0,0,0,0,143006,0
143021,-680,506,-8516,-11,50,38,513403,0,1,21,0,37796,149,26,144,0,0,0,0,0,0,0,0,-32308,0,0,0,0,0,143007,0
143022,-680,506,-8516,-11,50,38,513402,-3,-3,20,0,37796,149,26,144,0,0,0,0,0,0,0,0,-32307,0,0,0,0,0,143008,0
143023,-680,506,-8516,-11,50,38,513402,0,-4,19,0,37793,146,26,144,0,0,0,0,0,0,0,0,-32308,0,0,0,0,0,143009,0
143024,-700,504,-8514,-12,61,48,513403,3,-2,19,8,37793,146,26,144,0,0,0,0,0,0,0,0,-32308,0,0,0,0,0,143010,0
143025,-700,504,-8514,-12,61,48,513402,-1,3,21,8,37793,146,26,144,0,0,0,0,0,0,0,0,-32307,0,0,0,0,0,143011,0
143026,-700,504,-8514,-12,61,48,513402,1,1,20,0,37793,146,26,144,0,0,0,0,0,0,0,0,-32308,0,0,0,0,0,143012,0
143027,-700,504,-8514,-12,61,48,513403,3,7,19,0,37793,146,26,144,0,0,0,0,0,0,0,0,-32307,0,0,0,0,0,143013,0
143028,-664,544,-8516,-9,72,52,513402,-3,-4,20,8,37793,146,26,144,0,0,0,0,0,0,0,0,-32308,0,0,0,0,0,143014,0
143029,-664,544,-8516,-9,72,52,513401,-7,-5,21,0,37793,146,26,144,0,0,0,0,0,0,0,0,-32308,0,0,0,0,0,143015,0
143030,-664,544,-8516,-9,72,52,513403,0,-3,20,0,37793,146,26,144,0,0,0,0,0,0,0,0,-32307,0,0,0,0,0,143016,0
143031,-664,544,-8516,-9,72,52,513402,-2,-2,19,0,37793,146,26,144,0,0,0,0,0,0,0,0,-32308,0,0,0,0,0,143017,0
143032,-648,550,-8522,-17,87,53,513401,0,-3,19,0,37793,146,26,144,0,0,0,0,0,0,0,0,-32307,0,0,0,0,0,143018,0
143033,-648,550,-8522,-17,87,53,513403,3,0,19,0,37792,136,26,144,0,0,0,0,0,0,0,0,-32307,0,0,0,0,0,143019,0
143034,-648,550,-8522,-17,87,53,513402,-2,2,21,8,37792,136,26,144,0,0,0,0,0,0,0,0,-32307,0,0,0,0,0,143020,0
143035,-648,550,-8522,-17,87,53,513403,6,1,20,0,37792,136,26,144,0,0,0,0,0,0,0,0,-32307,0,0,0,0,0,143021,0
143036,-648,534,-8490,-20,98,51,513402,4,2,21,0,37792,136,26,144,0,0,0,0,0,0,0,0,-32307,0,0,0,0,0,143022,0
143037,-648,534,-8490,-20,98,51,513403,1,2,22,8,37792,136,26,144,0,0,0,0,0,0,0,0,-32307,0,0,0,0,0,143023,0
143038,-648,534,-8490,-20,98,51,513401,-7,-2,24,-8,37792,136,26,144,0,0,0,0,0,0,0,0,-32308,0,0,0,0,0,143024,0
143039,-648,534,-8490,-20,98,51,513402,-7,-2,22,0,37792,136,26,144,0,0,0,0,0,0,0,0,-32308,0,0,0,0,0,143025,0
143040,-646,528,-8474,-21,104,61,513402,-1,-1,21,8,37792,136,26,144,0,0,0,0,0,0,0,0,-32307,0,0,0,0,0,143026,0
143041,-646,528,-8474,-21,104,61,513403,4,-1,22,0,37792,136,26,144,0,0,0,0,0,0,0,0,-32308,0,0,0,0,0,143027,0
143042,-646,528,-8474,-21,104,61,513402,9,0,22,0,37792,136,26,144,0,0,0,0,0,0,0,0,-32307,0,0,0,0,0,143028,0
143043,-646,528,-8474,-21,104,61,513403,3,6,20,0,37792,135,26,144,0,0,0,0,0,0,0,0,-32308,0,0,0,0,0,143029,0
143044,-662,534,-8448,-25,112,68,513402,-2,-1,22,0,37792,135,26,144,0,0,0,0,0,0,0,0,-32308,0,0,0,0,0,143030,0
143045,-662,534,-8448,-25,112,68,513402,-5,0,22,0,37792,135,26,144,0,0,0,0,0,0,0,0,-32308,0,0,0,0,0,143031,0
143046,-662,534,-8448,-25,112,68,513401,-5,2,20,8,37792,135,26,144,0,0,0,0,0,0,0,0,-32307,0,0,0,0,0,143032,0
143047,-662,534,-8448,-25,112,68,513401,-9,-4,22,0,37792,135,26,144,0,0,0,0,0,0,0,0,-32307,0,0,0,0,0,143033,0
143048,-642,490,-8464,-30,116,68,513403,1,-2,21,0,37792,135,26,144,0,0,0,0,0,0,0,0,-32308,0,0,0,0,0,143034,0
143049,-642,490,-8464,-30,116,68,513402,5,0,21,0,37792,135,26,144,0,0,0,0,0,0,0,0,-32307,0,0,0,0,0,143035,0
143050,-642,490,-8464,-30,116,68,513401,2,-2,21,0,37792,135,26,144,0,0,0,0,0,0,0,0,-32307,0,0,0,0,0,143036,0
143051,-642,490,-8464,-30,116,68,513403,4,-1,22,0,37792,135,26,144,0,0,0,0,0,0,0,0,-32308,0,0,0,0,0,143037,0
143052,-672,548,-8410,-30,125,70,513401,-8,2,21,8,37792,135,26,144,0,0,0,0,0,0,0,0,-32307,0,0,0,0,0,143038,0
143053,-672,548,-8410,-30,125,70,513403,0,4,21,0,37793,134,26,144,0,0,0,0,0,0,0,0,-32307,0,0,0,0,0,143039,0
143054,-672,548,-8410,-30,125,70,513403,7,2,21,0,37793,134,26,144,0,0,0,0,0,0,0,0,-32308,0,0,0,0,0,143040,0
143055,-672,548,-8410,-30,125,70,513401,-3,-3,21,0,37793,134,26,144,0,0,0,0,0,0,0,0,-32307,0,0,0,0,0,143041,0
143056,-674,548,-8394,-29,147,67,513403,4,1,20,0,37793,134,26,144,0,0,0,0,0,0,0,0,-32308,0,0,0,0,0,143042,0
143057,-674,548,-8394,-29,147,67,513403,2,-1,21,0,37793,134,26,144,0,0,0,0,0,0,0,0,-32308,0,0,0,0,0,143043,0
143058,-674,548,-8394,-29,147,67,513402,1,0,19,0,37793,134,26,144,0,0,0,0,0,0,0,0,-32307,0,0,0,0,0,143044,0
143059,-674,548,-8394,-29,147,67,513402,3,2,19,0,37793,134,26,144,0,0,0,0,0,0,0,0,-32308,0,0,0,0,0,143045,0
143060,-678,524,-8384,-32,147,65,513403,-3,1,20,-8,37793,134,26,144,0,0,0,0,0,0,0,0,-32308,0,0,0,0,0,143046,0
143061,-678,524,-8384,-32,147,65,513402,-3,3,20,8,37793,134,26,144,0,0,0,0,0,0,0,0,-32308,0,0,0,0,0,143047,0
143062,-678,524,-8384,-32,147,65,513403,3,0,20,0,37793,134,26,144,0,0,0,0,0,0,0,0,-32308,0,0,0,0,0,143048,0
143063,-678,524,-8384,-32,147,65,513402,2,1,20,0,37792,139,26,144,0,0,0,0,0,0,0,0,-32308,0,0,0,0,0,143049,0
143064,-658,522,-8380,-36,148,64,513402,-1,0,20,0,37792,139,26,144,0,0,0,0,0,0,0,0,-32307,0,0,0,0,0,143050,0
143065,-658,522,-8380,-36,148,64,513403,1,2,20,8,37792,139,26,144,0,0,0,0,0,0,0,0,-32308,0,0,0,0,0,143051,0
143066,-658,522,-8380,-36,148,64,513402,-1,0,20,8,37792,139,26,144,0,0,0,0,0,0,0,0,-32308,0,0,0,0,0,143052,0
143067,-658,522,-8380,-36,148,64,513403,3,0,20,8,37792,139,26,144,0,0,0,0,0,0,0,0,-32307,0,0,0,0,0,143053,0
143068,-682,508,-8382,-33,137,66,513403,3,1,20,0,37792,139,26,144,0,0,0,0,0,0,0,0,-32307,0,0,0,0,0,143054,0
143069,-682,508,-8382,-33,137,66,513401,-6,0,21,0,37792,139,26,144,0,0,0,0,0,0,0,0,-32307,0,0,0,0,0,143055,0
143070,-682,508,-8382,-33,137,66,513402,-3,-2,19,0,37792,139,26,144,0,0,0,0,0,0,0,0,-32307,0,0,0,0,0,143056,0
143071,-682,508,-8382,-33,137,66,513403,-2,3,19,0,37792,139,26,144,0,0,0,0,0,0,0,0,-32308,0,0,0,0,0,143057,0
143072,-664,506,-8378,-39,119,63,513403,3,0,20,-8,37792,139,26,144,0,0,0,0,0,0,0,0,-32307,0,0,0,0,0,143058,0
143073,-664,506,-8378,-39,119,63,513401,-1,-1,20,0,37792,146,26,144,0,0,0,0,0,0,0,0,-32308,0,0,0,0,0,143059,0
143074,-664,506,-8378,-39,119,63,513403,-2,-4,20,8,37792,146,26,144,0,0,0,0,0,0,0,0,-32307,0,0,0,0,0,143060,0
143075,-664,506,-8378,-39,119,63,513401,-5,-6,21,0,37792,146,26,144,0,0,0,0,0,0,0,0,-32308,0,0,0,0,0,143061,0
143076,-658,496,-8362,-39,97,67,513402,-2,2,19,0,37792,146,26,144,0,0,0,0,0,0,0,0,-32308,0,0,0,0,0,143062,0
143077,-658,496,-8362,-39,97,67,513402,4,-1,21,0,37792,146,26,144,0,0,0,0,0,0,0,0,-32308,0,0,0,0,0,143063,0
143078,-658,496,-8362,-39,97,67,513402,-3,-4,22,8,37792,146,26,144,0,0,0,0,0,0,0,0,-32308,0,0,0,0,0,143064,0
143079,-658,496,-8362,-39,97,67,513403,5,1,21,0,37792,146,26,144,0,0,0,0,0,0,0,0,-32307,0,0,0,0,0,143065,0
143080,-680,472,-8370,-48,70,67,513402,2,-1,20,0,37792,146,26,144,0,0,0,0,0,0,0,0,-32308,0,0,0,0,0,143066,0
143081,-680,472,-8370,-48,70,67,513403,3,0,20,0,37792,146,26,144,0,0,0,0,0,0,0,0,-32307,0,0,0,0,0,143067,0
143082,-680,472,-8370,-48,70,67,513402,0,1,20,0,37792,146,26,144,0,0,0,0,0,0,0,0,-32308,0,0,0,0,0,143068,0
143083,-680,472,-8370,-48,70,67,513404,4,3,22,0,37792,138,26,144,0,0,0,0,0,0,0,0,-32307,0,0,0,0,0,143069,0
143084,-654,482,-8394,-42,48,60,513401,0,0,21,8,37792,138,26,144,0,0,0,0,0,0,0,0,-32308,0,0,0,0,0,143070,0
143085,-654,482,-8394,-42,48,60,513403,0,2,20,0,37792,138,26,144,0,0,0,0,0,0,0,0,-32308,0,0,0,0,0,143071,0
143086,-654,482,-8394,-42,48,60,513403,1,-2,21,0,37792,138,26,144,0,0,0,0,0,0,0,0,-32308,0,0,0,0,0,143072,0
143087,-654,482,-8394,-42,48,60,513403,-3,4,20,0,37792,138,26,144,0,0,0,0,0,0,0,0,-32308,0,0,0,0,0,143073,0
143088,-636,474,-8392,-41,33,51,513403,5,0,22,0,37792,138,26,144,0,0,0,0,0,0,0,0,-32308,0,0,0,0,0,143074,0
143089,-636,474,-8392,-41,33,51,513403,1,3,23,8,37792,138,26,144,0,0,0,0,0,0,0,0,-32307,0,0,0,0,0,143075,0
143090,-636,474,-8392,-41,33,51,513403,2,3,23,8,37792,138,26,144,0,0,0,0,0,0,0,0,-32307,0,0,0,0,0,143076,0
143091,-636,474,-8392,-41,33,51,513403,2,3,23,8,37792,138,26,144,0,0,0,0,0,0,0,0,-32307,0,0,0,0,0,143077,0
143092,-650,470,-8400,-35,10,44,513402,-1,-2,22,8,37792,138,26,144,0,0,0,0,0,0,0,0,-32307,0,0,0,0,0,143078,0
143093,-650,470,-8400,-35,10,44,513401,-8,-4,23,8,37796,125,26,144,0,0,0,0,0,0,0,0,-32307,0,0,0,0,0,143079,0
143094,-650,470,-8400,-35,10,44,513403,-4,2,24,0,37796,125,26,144,0,0,0,0,0,0,0,0,-32307,0,0,0,0,0,143080,0
143095,-650,470,-8400,-35,10,44,513402,-2,-2,22,0,37796,125,26,144,0,0,0,0,0,0,0,0,-32307,0,0,0,0,0,143081,0
143096,-652,452,-8404,-35,-14,49,513403,3,4,21,8,37796,125,26,144,0,0,0,0,0,0,0,0,-32308,0,0,0,0,0,143082,0
143097,-652,452,-8404,-35,-14,49,513402,3,-7,22,0,37796,125,26,144,0,0,0,0,0,0,0,0,-32307,0,0,0,0,0,143083,0
143098,-652,452,-8404,-35,-14,49,513403,0,3,21,0,37796,125,26,144,0,0,0,0,0,0,0,0,-32308,0,0,0,0,0,143084,0
143099,-652,452,-8404,-35,-14,49,513402,0,0,21,0,37796,125,26,144,0,0,0,0,0,0,0,0,-32308,0,0,0,0,0,143085,0
143100,-652,412,-8430,-31,-29,53,513402,-4,0,21,-8,37796,125,26,144,0,0,0,0,0,0,0,0,-32308,0,0,0,0,0,143086,0
143101,-652,412,-8430,-31,-29,53,513402,-2,-5,22,0,37796,125,26,144,0,0,0,0,0,0,0,0,-32307,0,0,0,0,0,143087,0
143102,-652,412,-8430,-31,-29,53,513403,1,1,21,8,37796,125,26,144,0,0,0,0,0,0,0,0,-32307,0,0,0,0,0,143088,0
143103,-652,412,-8430,-31,-29,53,513402,2,-5,22,0,37796,121,26,144,0,0,0,0,0,0,0,0,-32307,0,0,0,0,0,143089,0
143104,-628,474,-8420,-23,-46,44,513403,7,-2,22,-8,37796,121,26,144,0,0,0,0,0,0,0,0,-32308,0,0,0,0,0,143090,0
143105,-628,474,-8420,-23,-46,44,513402,0,-2,21,0,37796,121,26,144,0,0,0,0,0,0,0,0,-32308,0,0,0,0,0,143091,0
143106,-628,474,-8420,-23,-46,44,513402,-3,-1,21,0,37796,121,26,144,0,0,0,0,0,0,0,0,-32307,0,0,0,0,0,143092,0
143107,-628,474,-8420,-23,-46,44,513401,-7,1,22,-8,37796,121,26,144,0,0,0,0,0,0,0,0,-32307,0,0,0,0,0,143093,0
143108,-586,402,-8430,-18,-50,52,513402,-9,-3,19,0,37796,121,26,144,0,0,0,0,0,0,0,0,-32308,0,0,0,0,0,143094,0
143109,-586,402,-8430,-18,-50,52,513403,1,2,21,0,37796,121,26,144,0,0,0,0,0,0,0,0,-32308,0,0,0,0,0,143095,0
143110,-586,402,-8430,-18,-50,52,513404,11,1,22,8,37796,121,26,144,0,0,0,0,0,0,0,0,-32308,0,0,0,0,0,143096,0
143111,-586,402,-8430,-18,-50,52,513402,8,2,21,8,37796,121,26,144,0,0,0,0,0,0,0,0,-32308,0,0,0,0,0,143097,0
143112,-574,484,-8450,-24,-54,50,513402,0,-5,20,0,37796,121,26,144,0,0,0,0,0,0,0,0,-32308,0,0,0,0,0,143098,0
143113,-574,484,-8450,-24,-54,50,513402,-5,2,21,0,37798,132,26,144,0,0,0,0,0,0,0,0,-32307,0,0,0,0,0,143099,0
143114,-574,484,-8450,-24,-54,50,513403,-2,6,20,0,37798,132,26,144,0,0,0,0,0,0,0,0,-32308,0,0,0,0,0,143100,0
143115,-574,484,-8450,-24,-54,50,513402,2,1,22,0,37798,132,26,144,0,0,0,0,0,0,0,0,-32307,0,0,0,0,0,143101,0
143116,-570,484,-8450,-20,-54,51,513402,1,-1,22,0,37798,132,26,144,0,0,0,0,0,0,0,0,-32308,0,0,0,0,0,143102,0
143117,-570,484,-8450,-20,-54,51,513402,-3,-1,22,0,37798,132,26,144,0,0,0,0,0,0,0,0,-32307,0,0,0,0,0,143103,0
143118,-570,484,-8450,-20,-54,51,513402,-5,0,21,0,37798,132,26,144,0,0,0,0,0,0,0,0,-32308,0,0,0,0,0,143104,0
143119,-570,484,-8450,-20,-54,51,513402,-1,1,21,0,37798,132,26,144,0,0,0,0,0,0,0,0,-32308,0,0,0,0,0,143106,0
143120,-570,486,-8430,-25,-41,62,513403,1,2,21,0,37798,132,26,144,0,0,0,0,0,0,0,0,-32308,0,0,0,0,0,143106,0
143121,-570,486,-8430,-25,-41,62,513403,9,1,21,0,37798,132,26,144,0,0,0,0,0,0,0,0,-32308,0,0,0,0,0,143107,0
143122,-570,486,-8430,-25,-41,62,513403,9,4,20,0,37798,132,26,144,0,0,0,0,0,0,0,0,-32308,0,0,0,0,0,143108,0
143123,-570,486,-8430,-25,-41,62,513402,2,-3,19,0,37795,137,26,144,0,0,0,0,0,0,0,0,-32308,0,0,0,0,0,143109,0
143124,-602,510,-8440,-37,-34,73,513401,-8,-4,21,0,37795,137,26,144,0,0,0,0,0,0,0,0,-32308,0,0,0,0,0,143110,0
143125,-602,510,-8440,-37,-34,73,513404,0,3,20,0,37795,137,26,144,0,0,0,0,0,0,0,0,-32307,0,0,0,0,0,143111,0
143126,-602,510,-8440,-37,-34,73,513401,-4,0,21,0,37795,137,26,144,0,0,0,0,0,0,0,0,-32308,0,0,0,0,0,143112,0
143127,-602,510,-8440,-37,-34,73,513403,0,1,20,8,37795,137,26,144,0,0,0,0,0,0,0,0,-32308,0,0,0,0,0,143114,0
143128,-610,506,-8446,-43,-28,76,513402,0,-2,21,8,37795,137,26,144,0,0,0,0,0,0,0,0,-32307,0,0,0,0,0,143114,0
143129,-610,506,-8446,-43,-28,76,513403,-4,1,21,0,37795,137,26,144,0,0,0,0,0,0,0,0,-32307,0,0,0,0,0,143116,0
143130,-610,506,-8446,-43,-28,76,513402,6,1,21,0,37795,137,26,144,0,0,0,0,0,0,0,0,-32308,0,0,0,0,0,143117,0
143131,-610,506,-8446,-43,-28,76,513402,0,-1,21,8,37795,137,26,144,0,0,0,0,0,0,0,0,-32307,0,0,0,0,0,143118,0
143132,-602,530,-8438,-56,-23,76,513403,4,2,20,0,37795,137,26,144,0,0,0,0,0,0,0,0,-32308,0,0,0,0,0,143119,0
143133,-602,530,-8438,-56,-23,76,513403,1,3,21,0,37794,128,26,144,0,0,0,0,0,0,0,0,-32308,0,0,0,0,0,143120,0
143134,-602,530,-8438,-56,-23,76,513403,1,-1,20,8,37794,128,26,144,0,0,0,0,0,0,0,0,-32308,0,0,0,0,0,143121,0
143135,-602,530,-8438,-56,-23,76,513401,-5,-7,20,0,37794,128,26,144,0,0,0,0,0,0,0,0,-32307,0,0,0,0,0,143122,0
143136,-654,544,-8452,-67,-18,79,513403,-4,-1,22,0,37794,128,26,144,0,0,0,0,0,0,0,0,-32307,0,0,0,0,0,143123,0
143137,-654,544,-8452,-67,-18,79,513402,0,2,22,8,37794,128,26,144,0,0,0,0,0,0,0,0,-32308,0,0,0,0,0,143124,0
143138,-654,544,-8452,-67,-18,79,513401,-5,4,22,0,37794,128,26,144,0,0,0,0,0,0,0,0,-32307,0,0,0,0,0,143125,0
143139,-654,544,-8452,-67,-18,79,513401,-5,-7,22,8,37794,128,26,144,0,0,0,0,0,0,0,0,-32308,0,0,0,0,0,143126,0
143140,-640,528,-8432,-67,-14,72,513402,-8,1,21,8,37794,128,26,144,0,0,0,0,0,0,0,0,-32308,0,0,0,0,0,143127,0
143141,-640,528,-8432,-67,-14,72,513402,0,-4,22,0,37794,128,26,144,0,0,0,0,0,0,0,0,-32308,0,0,0,0,0,143128,0
143142,-640,528,-8432,-67,-14,72,513401,2,0,21,0,37794,128,26,144,0,0,0,0,0,0,0,0,-32307,0,0,0,0,0,143129,0
143143,-640,528,-8432,-67,-14,72,513402,0,-4,20,0,37793,124,26,144,0,0,0,0,0,0,0,0,-32307,0,0,0,0,0,143130,0
143144,-640,532,-8454,-65,-17,73,513402,0,0,20,0,37793,124,26,144,0,0,0,0,0,0,0,0,-32308,0,0,0,0,0,143131,0
143145,-640,532,-8454,-65,-17,73,513401,-1,0,21,0,37793,124,26,144,0,0,0,0,0,0,0,0,-32308,0,0,0,0,0,143132,0
143146,-640,532,-8454,-65,-17,73,513403,6,-1,21,8,37793,124,26,144,0,0,0,0,0,0,0,0,-32308,0,0,0,0,0,143133,0
143147,-640,532,-8454,-65,-17,73,513402,3,-1,23,0,37793,124,26,144,0,0,0,0,0,0,0,0,-32307,0,0,0,0,0,143134,0
143148,-698,504,-8476,-69,-27,71,513402,4,-1,22,0,37793,124,26,144,0,0,0,0,0,0,0,0,-32307,0,0,0,0,0,143135,0
143149,-698,504,-8476,-69,-27,71,513401,-1,3,21,0,37793,124,26,144,0,0,0,0,0,0,0,0,-32308,0,0,0,0,0,143136,0
143150,-698,504,-8476,-69,-27,71,513402,-7,-1,22,0,37793,124,26,144,0,0,0,0,0,0,0,0,-32308,0,0,0,0,0,143137,0
143151,-698,504,-8476,-69,-27,71,513402,-1,0,20,8,37793,124,26,144,0,0,0,0,0,0,0,0,-32307,0,0,0,0,0,143138,0
143152,-694,524,-8472,-73,-28,75,513403,3,3,20,8,37793,124,26,144,0,0,0,0,0,0,0,0,-32308,0,0,0,0,0,143139,0
143153,-694,524,-8472,-73,-28,75,513402,5,4,20,0,37794,133,26,144,0,0,0,0,0,0,0,0,-32307,0,0,0,0,0,143140,0
143154,-694,524,-8472,-73,-28,75,513403,6,-1,19,8,37794,133,26,144,0,0,0,0,0,0,0,0,-32307,0,0,0,0,0,143141,0
143155,-694,524,-8472,-73,-28,75,513403,5,3,18,0,37794,133,26,144,0,0,0,0,0,0,0,0,-32307,0,0,0,0,0,143142,0
143156,-708,498,-8490,-66,-38,69,513401,-3,2,17,0,37794,133,26,144,0,0,0,0,0,0,0,0,-32307,0,0,0,0,0,143143,0
143157,-708,498,-8490,-66,-38,69,513403,2,3,17,0,37794,133,26,144,0,0,0,0,0,0,0,0,-32308,0,0,0,0,0,143144,0
143158,-708,498,-8490,-66,-38,69,513403,0,2,19,0,37794,133,26,144,0,0,0,0,0,0,0,0,-32308,0,0,0,0,0,143145,0
143159,-708,498,-8490,-66,-38,69,513403,1,4,21,0,37794,133,26,144,0,0,0,0,0,0,0,0,-32308,0,0,0,0,0,143146,0
143160,-680,476,-8490,-57,-42,64,513401,-3,-1,18,-8,37794,133,26,144,0,0,0,0,0,0,0,0,-32308,0,0,0,0,0,143147,0
143161,-680,476,-8490,-57,-42,64,513402,-12,1,19,0,37794,133,26,144,0,0,0,0,0,0,0,0,-32308,0,0,0,0,0,143148,0
143162,-680,476,-8490,-57,-42,64,513403,-4,3,19,0,37794,133,26,144,0,0,0,0,0,0,0,0,-32308,0,0,0,0,0,143149,0
143163,-680,476,-8490,-57,-42,64,513403,3,4,19,0,37796,138,26,144,0,0,0,0,0,0,0,0,-32308,0,0,0,0,0,143150,0
143164,-676,478,-8496,-62,-42,66,513403,10,3,19,0,37796,138,26,144,0,0,0,0,0,0,0,0,-32308,0,0,0,0,0,143151,0
143165,-676,478,-8496,-62,-42,66,513403,4,1,20,0,37796,138,26,144,0,0,0,0,0,0,0,0,-32308,0,0,0,0,0,143152,0
143166,-676,478,-8496,-62,-42,66,513401,-5,-6,20,0,37796,138,26,144,0,0,0,0,0,0,0,0,-32308,0,0,0,0,0,143153,0
143167,-676,478,-8496,-62,-42,66,513403,-3,0,18,0,37796,138,26,144,0,0,0,0,0,0,0,0,-32308,0,0,0,0,0,143154,0
143168,-684,464,-8488,-45,-29,69,513402,-6,-2,19,0,37796,138,26,144,0,0,0,0,0,0,0,0,-32307,0,0,0,0,0,143155,0
143169,-684,464,-8488,-45,-29,69,513402,0,-3,19,8,37796,138,26,144,0,0,0,0,0,0,0,0,-32308,0,0,0,0,0,143156,0
143170,-684,464,-8488,-45,-29,69,513401,0,-2,18,0,37796,138,26,144,0,0,0,0,0,0,0,0,-32307,0,0,0,0,0,143157,0
143171,-684,464,-8488,-45,-29,69,513402,-2,-3,18,0,37796,138,26,144,0,0,0,0,0,0,0,0,-32307,0,0,0,0,0,143158,0
143172,-688,474,-8494,-45,-16,70,513401,-1,-5,19,0,37796,138,26,144,0,0,0,0,0,0,0,0,-32308,0,0,0,0,0,143159,0
143173,-688,474,-8494,-45,-16,70,513401,-4,-6,18,0,37795,142,26,144,0,0,0,0,0,0,0,0,-32308,0,0,0,0,0,143160,0
143174,-688,474,-8494,-45,-16,70,513403,5,5,20,8,37795,142,26,144,0,0,0,0,0,0,0,0,-32308,0,0,0,0,0,143161,0
143175,-688,474,-8494,-45,-16,70,513402,1,-1,19,0,37795,142,26,144,0,0,0,0,0,0,0,0,-32308,0,0,0,0,0,143162,0
143176,-684,474,-8478,-47,-4,67,513403,5,-1,19,0,37795,142,26,144,0,0,0,0,0,0,0,0,-32307,0,0,0,0,0,143163,0
143177,-684,474,-8478,-47,-4,67,513403,4,0,20,0,37795,142,26,144,0,0,0,0,0,0,0,0,-32307,0,0,0,0,0,143164,0
143178,-684,474,-8478,-47,-4,67,513401,-6,-5,19,0,37795,142,26,144,0,0,0,0,0,0,0,0,-32307,0,0,0,0,0,143165,0
143179,-684,474,-8478,-47,-4,67,513402,-1,-2,19,0,37795,142,26,144,0,0,0,0,0,0,0,0,-32307,0,0,0,0,0,143166,0
143180,-704,486,-8488,-52,16,65,513403,0,6,19,0,37795,142,26,144,0,0,0,0,0,0,0,0,-32307,0,0,0,0,0,143167,0
143181,-704,486,-8488,-52,16,65,513403,5,0,20,0,37795,142,26,144,0,0,0,0,0,0,0,0,-32308,0,0,0,0,0,143168,0
143182,-704,486,-8488,-52,16,65,513403,10,4,21,-8,37795,142,26,144,0,0,0,0,0,0,0,0,-32307,0,0,0,0,0,143169,0
143183,-704,486,-8488,-52,16,65,513402,-1,0,21,0,37794,138,26,144,0,0,0,0,0,0,0,0,-32308,0,0,0,0,0,143170,0
143184,-686,498,-8484,-54,28,64,513402,-7,-2,22,0,37794,138,26,144,0,0,0,0,0,0,0,0,-32308,0,0,0,0,0,143171,0
143185,-686,498,-8484,-54,28,64,513403,-2,4,23,0,37794,138,26,144,0,0,0,0,0,0,0,0,-32307,0,0,0,0,0,143172,0
143186,-686,498,-8484,-54,28,64,513403,3,5,23,0,37794,138,26,144,0,0,0,0,0,0,0,0,-32308,0,0,0,0,0,143173,0
143187,-686,498,-8484,-54,28,64,513402,4,4,20,0,37794,138,26,144,0,0,0,0,0,0,0,0,-32307,0,0,0,0,0,143174,0
143188,-698,488,-8478,-61,47,59,513402,0,-6,22,-8,37794,138,26,144,0,0,0,0,0,0,0,0,-32307,0,0,0,0,0,143175,0
143189,-698,488,-8478,-61,47,59,513403,-1,1,23,0,37794,138,26,144,0,0,0,0,0,0,0,0,-32308,0,0,0,0,0,143176,0
143190,-698,488,-8478,-61,47,59,513403,0,2,21,8,37794,138,26,144,0,0,0,0,0,0,0,0,-32308,0,0,0,0,0,143177,0
143191,-698,488,-8478,-61,47,59,513401,-3,-1,22,-8,37794,138,26,144,0,0,0,0,0,0,0,0,-32307,0,0,0,0,0,143178,0
143192,-722,492,-8470,-53,53,64,513402,-7,3,22,0,37794,138,26,144,0,0,0,0,0,0,0,0,-32308,0,0,0,0,0,143179,0
143193,-722,492,-8470,-53,53,64,513403,-2,4,22,0,37798,146,26,144,0,0,0,0,0,0,0,0,-32307,0,0,0,0,0,143180,0
143194,-722,492,-8470,-53,53,64,513402,2,-3,22,0,37798,146,26,144,0,0,0,0,0,0,0,0,-32308,0,0,0,0,0,143181,0
143195,-722,492,-8470,-53,53,64,513402,3,-1,21,0,37798,146,26,144,0,0,0,0,0,0,0,0,-32307,0,0,0,0,0,143182,0
143196,-732,490,-8466,-55,64,59,513403,2,-1,20,8,37798,146,26,144,0,0,0,0,0,0,0,0,-32308,0,0,0,0,0,143183,0
143197,-732,490,-8466,-55,64,59,513402,-2,-2,23,0,37798,146,26,144,0,0,0,0,0,0,0,0,-32308,0,0,0,0,0,143184,0
143198,-732,490,-8466,-55,64,59,513401,-3,-4,22,0,37798,146,26,144,0,0,0,0,0,0,0,0,-32307,0,0,0,0,0,143185,0
143199,-732,490,-8466,-55,64,59,513402,0,-1,20,8,37798,146,26,144,0,0,0,0,0,0,0,0,-32308,0,0,0,0,0,143186,0
143200,-738,496,-8456,-49,66,58,513403,0,-3,22,8,37798,146,26,144,0,0,0,0,0,0,0,0,-32308,0,0,0,0,0,143187,0
143201,-738,496,-8456,-49,66,58,513402,2,-3,21,-8,37798,146,26,144,0,0,0,0,0,0,0,0,-32307,0,0,0,0,0,143188,0
143202,-738,496,-8456,-49,66,58,513403,8,3,21,0,37798,146,26,144,0,0,0,0,0,0,0,0,-32307,0,0,0,0,0,143189,0
143203,-738,496,-8456,-49,66,58,513402,0,-4,23,0,37799,144,26,144,0,0,0,0,0,0,0,0,-32308,0,0,0,0,0,143190,0
143204,-748,496,-8456,-49,65,56,513402,-1,0,22,0,37799,144,26,144,0,0,0,0,0,0,0,0,-32307,0,0,0,0,0,143191,0
143205,-748,496,-8456,-49,65,56,513401,-9,3,21,0,37799,144,26,144,0,0,0,0,0,0,0,0,-32308,0,0,0,0,0,143192,0
143206,-748,496,-8456,-49,65,56,513402,-8,-3,22,0,37799,144,26,144,0,0,0,0,0,0,0,0,-32307,0,0,0,0,0,143193,0
143207,-748,496,-8456,-49,65,56,513402,0,-4,21,0,37799,144,26,144,0,0,0,0,0,0,0,0,-32308,0,0,0,0,0,143194,0
143208,-750,468,-8476,-36,51,51,513402,2,2,20,0,37799,144,26,144,0,0,0,0,0,0,0,0,-32307,0,0,0,0,0,143195,0
143209,-750,468,-8476,-36,51,51,513403,9,3,21,0,37799,144,26,144,0,0,0,0,0,0,0,0,-32307,0,0,0,0,0,143196,0
143210,-750,468,-8476,-36,51,51,513401,-2,-3,21,0,37799,144,26,144,0,0,0,0,0,0,0,0,-32308,0,0,0,0,0,143197,0
143211,-750,468,-8476,-36,51,51,513401,-5,-3,20,0,37799,144,26,144,0,0,0,0,0,0,0,0,-32307,0,0,0,0,0,143198,0
143212,-740,490,-8488,-32,37,54,513402,-2,4,20,0,37799,144,26,144,0,0,0,0,0,0,0,0,-32308,0,0,0,0,0,143199,0
143213,-740,490,-8488,-32,37,54,513402,1,2,20,0,37800,152,26,144,0,0,0,0,0,0,0,0,-32308,0,0,0,0,0,143200,0
143214,-740,490,-8488,-32,37,54,513401,1,-3,20,0,37800,152,26,144,0,0,0,0,0,0,0,0,-32307,0,0,0,0,0,143201,0
143215,-740,490,-8488,-32,37,54,513402,0,0,20,0,37800,152,26,144,0,0,0,0,0,0,0,0,-32307,0,0,0,0,0,143202,0
143216,-718,464,-8490,-21,17,53,513402,0,-3,19,0,37800,152,26,144,0,0,0,0,0,0,0,0,-32307,0,0,0,0,0,143203,0
143217,-718,464,-8490,-21,17,53,513401,-5,0,19,8,37800,152,26,144,0,0,0,0,0,0,0,0,-32307,0,0,0,0,0,143204,0
143218,-718,464,-8490,-21,17,53,513403,4,5,20,0,37800,152,26,144,0,0,0,0,0,0,0,0,-32308,0,0,0,0,0,143205,0
143219,-718,464,-8490,-21,17,53,513403,7,3,19,0,37800,152,26,144,0,0,0,0,0,0,0,0,-32308,0,0,0,0,0,143206,0
143220,-694,444,-8472,-15,2,52,513402,2,0,21,8,37800,152,26,144,0,0,0,0,0,0,0,0,-32308,0,0,0,0,0,143207,0
143221,-694,444,-8472,-15,2,52,513402,2,2,22,0,37800,152,26,144,0,0,0,0,0,0,0,0,-32307,0,0,0,0,0,143208,0
143222,-694,444,-8472,-15,2,52,513402,-6,0,21,0,37800,152,26,144,0,0,0,0,0,0,0,0,-32307,0,0,0,0,0,143209,0
143223,-694,444,-8472,-15,2,52,513402,-6,-3,21,8,37796,144,26,144,0,0,0,0,0,0,0,0,-32307,0,0,0,0,0,143210,0
143224,-686,482,-8440,-10,5,45,513402,2,5,22,8,37796,144,26,144,0,0,0,0,0,0,0,0,-32307,0,0,0,0,0,143211,0
143225,-686,482,-8440,-10,5,45,513402,2,1,23,0,37796,144,26,144,0,0,0,0,0,0,0,0,-32307,0,0,0,0,0,143212,0
143226,-686,482,-8440,-10,5,45,513402,2,-2,23,0,37796,144,26,144,0,0,0,0,0,0,0,0,-32307,0,0,0,0,0,143213,0
143227,-686,482,-8440,-10,5,45,513402,0,0,23,0,37796,144,26,144,0,0,0,0,0,0,0,0,-32307,0,0,0,0,0,143214,0
143228,-642,474,-8452,-7,3,49,513404,6,8,22,0,37796,144,26,144,0,0,0,0,0,0,0,0,-32308,0,0,0,0,0,143215,0
143229,-642,474,-8452,-7,3,49,513403,7,2,23,0,37796,144,26,144,0,0,0,0,0,0,0,0,-32307,0,0,0,0,0,143216,0
143230,-642,474,-8452,-7,3,49,513402,0,1,23,-8,37796,144,26,144,0,0,0,0,0,0,0,0,-32308,0,0,0,0,0,143217,0
143231,-642,474,-8452,-7,3,49,513403,0,5,23,8,37796,144,26,144,0,0,0,0,0,0,0,0,-32307,0,0,0,0,0,143218,0
143232,-638,494,-8450,0,11,51,513402,-8,-1,24,0,37796,144,26,144,0,0,0,0,0,0,0,0,-32308,0,0,0,0,0,143219,0
143233,-638,494,-8450,0,11,51,513402,-3,-4,21,0,37792,126,26,144,0,0,0,0,0,0,0,0,-32307,0,0,0,0,0,143220,0
143234,-638,494,-8450,0,11,51,513402,-2,0,22,8,37792,126,26,144,0,0,0,0,0,0,0,0,-32308,0,0,0,0,0,143221,0
143235,-638,494,-8450,0,11,51,513402,-2,-1,22,0,37792,126,26,144,0,0,0,0,0,0,0,0,-32307,0,0,0,0,0,143222,0
143236,-680,500,-8416,5,26,50,513402,0,-1,22,8,37792,126,26,144,0,0,0,0,0,0,0,0,-32307,0,0,0,0,0,143223,0
143237,-680,500,-8416,5,26,50,513403,3,4,22,8,37792,126,26,144,0,0,0,0,0,0,0,0,-32308,0,0,0,0,0,143224,0
143238,-680,500,-8416,5,26,50,513402,1,-2,21,0,37792,126,26,144,0,0,0,0,0,0,0,0,-32307,0,0,0,0,0,143225,0
143239,-680,500,-8416,5,26,50,513402,-2,-3,21,0,37792,126,26,144,0,0,0,0,0,0,0,0,-32308,0,0,0,0,0,143226,0
143240,-598,528,-8416,-1,44,51,513402,-1,-1,21,8,37792,126,26,144,0,0,0,0,0,0,0,0,-32307,0,0,0,0,0,143227,0
143241,-598,528,-8416,-1,44,51,513402,-2,0,21,0,37792,126,26,144,0,0,0,0,0,0,0,0,-32308,0,0,0,0,0,143228,0
143242,-598,528,-8416,-1,44,51,513405,11,0,20,0,37792,126,26,144,0,0,0,0,0,0,0,0,-32307,0,0,0,0,0,143229,0
143243,-598,528,-8416,-1,44,51,513401,2,-4,20,0,37792,125,26,144,0,0,0,0,0,0,0,0,-32307,0,0,0,0,0,143230,0
143244,-630,526,-8404,-8,56,55,513402,0,-1,21,0,37792,125,26,144,0,0,0,0,0,0,0,0,-32307,0,0,0,0,0,143231,0
143245,-630,526,-8404,-8,56,55,513403,-1,-2,21,0,37792,125,26,144,0,0,0,0,0,0,0,0,-32308,0,0,0,0,0,143232,0
143246,-630,526,-8404,-8,56,55,513402,-7,2,18,-8,37792,125,26,144,0,0,0,0,0,0,0,0,-32308,0,0,0,0,0,143233,0
143247,-630,526,-8404,-8,56,55,513403,5,4,17,-8,37792,125,26,144,0,0,0,0,0,0,0,0,-32307,0,0,0,0,0,143234,0
143248,-626,528,-8386,-22,68,58,513403,1,2,14,-8,37792,125,26,144,0,0,0,0,0,0,0,0,-32307,0,0,0,0,0,143235,0
143249,-626,528,-8386,-22,68,58,513402,0,-5,11,0,37792,125,26,144,0,0,0,0,0,0,0,0,-32307,0,0,0,0,0,143236,0
143250,-626,528,-8386,-22,68,58,513403,3,2,7,-8,37792,125,26,144,0,0,0,0,0,0,0,0,-32307,0,0,0,0,0,143237,0
143251,-626,528,-8386,-22,68,58,513402,-1,-2,6,-8,37792,125,26,144,0,0,0,0,0,0,0,0,-32307,0,0,0,0,0,143238,0
143252,-630,514,-8392,-39,75,62,513402,-2,-2,2,0,37792,125,26,144,0,0,0,0,0,0,0,0,-32308,0,0,0,0,0,143239,0
143253,-630,514,-8392,-39,75,62,513402,0,0,0,-8,37795,126,26,144,0,0,0,0,0,0,0,0,-32308,0,0,0,0,0,143240,0
143254,-630,514,-8392,-39,75,62,513402,-3,-1,0,-8,37795,126,26,144,0,0,0,0,0,0,0,0,-32307,0,0,0,0,0,143241,0
143255,-630,514,-8392,-39,75,62,513402,0,-1,-1,-8,37795,126,26,144,0,0,0,0,0,0,0,0,-32307,0,0,0,0,0,143243,0
143256,-640,514,-8396,-51,77,62,513402,-1,-2,0,-8,37795,126,26,144,0,0,0,0,0,0,0,0,-32308,0,0,0,0,0,143243,0
143257,-640,514,-8396,-51,77,62,513401,-3,1,0,-8,37795,126,26,144,0,0,0,0,0,0,0,0,-32308,0,0,0,0,0,143244,0
143258,-640,514,-8396,-51,77,62,513402,-2,-1,0,-8,37795,126,26,144,0,0,0,0,0,0,0,0,-32308,0,0,0,0,0,143245,0
143259,-640,514,-8396,-51,77,62,513403,1,2,0,-8,37795,126,26,144,0,0,0,0,0,0,0,0,-32308,0,0,0,0,0,143246,0
143260,-646,526,-8376,-61,66,73,513401,0,-2,1,-16,37795,126,26,144,0,0,0,0,0,0,0,0,-32307,0,0,0,0,0,143247,0
143261,-646,526,-8376,-61,66,73,513403,4,0,0,-8,37795,126,26,144,0,0,0,0,0,0,0,0,-32308,0,0,0,0,0,143248,0
143262,-646,526,-8376,-61,66,73,513401,-3,-4,0,-8,37795,126,26,144,0,0,0,0,0,0,0,0,-32308,0,0,0,0,0,143249,0
143263,-646,526,-8376,-61,66,73,513403,-1,-1,0,-8,37796,129,26,144,0,0,0,0,0,0,0,0,-32308,0,0,0,0,0,143251,0
143264,-650,504,-8390,-68,50,65,513402,4,0,-1,0,37796,129,26,144,0,0,0,0,0,0,0,0,-32308,0,0,0,0,0,143251,0
143265,-650,504,-8390,-68,50,65,513403,3,4,-1,-8,37796,129,26,144,0,0,0,0,0,0,0,0,-32308,0,0,0,0,0,143252,0
143266,-650,504,-8390,-68,50,65,513404,12,2,0,-8,37796,129,26,144,0,0,0,0,0,0,0,0,-32307,0,0,0,0,0,143254,0
143267,-650,504,-8390,-68,50,65,513402,-1,1,-1,-8,37796,129,26,144,0,0,0,0,0,0,0,0,-32307,0,0,0,0,0,143255,0
143268,-674,516,-8420,-69,37,72,513402,-3,-2,0,-8,37796,129,26,144,0,0,0,0,0,0,0,0,-32307,0,0,0,0,0,143256,0
143269,-674,516,-8420,-69,37,72,513403,-3,2,0,-8,37796,129,26,144,0,0,0,0,0,0,0,0,-32307,0,0,0,0,0,143257,0
143270,-674,516,-8420,-69,37,72,513403,0,7,-1,-8,37796,129,26,144,0,0,0,0,0,0,0,0,-32308,0,0,0,0,0,143258,0
143271,-674,516,-8420,-69,37,72,513403,8,1,0,-8,37796,129,26,144,0,0,0,0,0,0,0,0,-32307,0,0,0,0,0,143259,0
143272,-678,490,-8426,-68,17,68,513402,0,-1,0,-8,37796,129,26,144,0,0,0,0,0,0,0,0,-32307,0,0,0,0,0,143260,0
143273,-678,490,-8426,-68,17,68,513403,-3,0,0,-8,37799,128,26,144,0,0,0,0,0,0,0,0,-32308,0,0,0,0,0,143261,0
143274,-678,490,-8426,-68,17,68,513401,-8,0,0,-8,37799,128,26,144,0,0,0,0,0,0,0,0,-32308,0,0,0,0,0,143262,0
143275,-678,490,-8426,-68,17,68,513403,-3,2,-1,0,37799,128,26,144,0,0,0,0,0,0,0,0,-32309,0,0,0,0,0,143263,0
143276,-684,454,-8460,-66,-12,61,513401,-3,1,-1,-8,37799,128,26,144,0,0,0,0,0,0,0,0,-32309,0,0,0,0,0,143264,0
143277,-684,454,-8460,-66,-12,61,513402,-3,-3,-1,0,37799,128,26,144,0,0,0,0,0,0,0,0,-32309,0,0,0,0,0,143265,0
143278,-684,454,-8460,-66,-12,61,513402,2,2,0,0,37799,128,26,144,0,0,0,0,0,0,0,0,-32308,0,0,0,0,0,143266,0
143279,-684,454,-8460,-66,-12,61,513403,2,0,0,-8,37799,128,26,144,0,0,0,0,0,0,0,0,-32309,0,0,0,0,0,143267,0
143280,-684,444,-8464,-55,-25,57,513402,5,-6,0,0,37799,128,26,144,0,0,0,0,0,0,0,0,-32308,0,0,0,0,0,143268,0
143281,-684,444,-8464,-55,-25,57,513402,0,2,0,0,37799,128,26,144,0,0,0,0,0,0,0,0,-32308,0,0,0,0,0,143269,0
143282,-684,444,-8464,-55,-25,57,513402,-2,-2,2,-8,37799,128,26,144,0,0,0,0,0,0,0,0,-32308,0,0,0,0,0,143270,0
143283,-684,444,-8464,-55,-25,57,513402,-3,0,2,-8,37801,121,26,144,0,0,0,0,0,0,0,0,-32307,0,0,0,0,0,143271,0
143284,-678,430,-8482,-44,-44,43,513403,4,-1,3,-8,37801,121,26,144,0,0,0,0,0,0,0,0,-32308,0,0,0,0,0,143272,0
143285,-678,430,-8482,-44,-44,43,513402,1,-4,3,-8,37801,121,26,144,0,0,0,0,0,0,0,0,-32308,0,0,0,0,0,143273,0
143286,-678,430,-8482,-44,-44,43,513402,-2,-2,3,-8,37801,121,26,144,0,0,0,0,0,0,0,0,-32307,0,0,0,0,0,143274,0
143287,-678,430,-8482,-44,-44,43,513403,3,0,2,0,37801,121,26,144,0,0,0,0,0,0,0,0,-32307,0,0,0,0,0,143275,0
143288,-660,458,-8494,-33,-58,43,513402,0,0,2,-8,37801,121,26,144,0,0,0,0,0,0,0,0,-32307,0,0,0,0,0,143276,0
143289,-660,458,-8494,-33,-58,43,513403,6,2,1,0,37801,121,26,144,0,0,0,0,0,0,0,0,-32308,0,0,0,0,0,143277,0
143290,-660,458,-8494,-33,-58,43,513403,2,1,0,0,37801,121,26,144,0,0,0,0,0,0,0,0,-32308,0,0,0,0,0,143278,0
143291,-660,458,-8494,-33,-58,43,513402,-6,0,0,-8,37801,121,26,144,0,0,0,0,0,0,0,0,-32308,0,0,0,0,0,143279,0
143292,-650,442,-8484,-19,-66,35,513402,-5,-1,1,-8,37801,121,26,144,0,0,0,0,0,0,0,0,-32307,0,0,0,0,0,143280,0
143293,-650,442,-8484,-19,-66,35,513403,0,2,0,-8,37800,125,26,144,0,0,0,0,0,0,0,0,-32308,0,0,0,0,0,143281,0
143294,-650,442,-8484,-19,-66,35,513401,-1,0,1,-8,37800,125,26,144,0,0,0,0,0,0,0,0,-32308,0,0,0,0,0,143282,0
143295,-650,442,-8484,-19,-66,35,513404,8,5,2,-8,37800,125,26,144,0,0,0,0,0,0,0,0,-32307,0,0,0,0,0,143283,0
143296,-646,500,-8498,-4,-62,31,513401,-3,-4,1,-8,37800,125,26,144,0,0,0,0,0,0,0,0,-32308,0,0,0,0,0,143284,0
143297,-646,500,-8498,-4,-62,31,513403,-1,4,1,0,37800,125,26,144,0,0,0,0,0,0,0,0,-32308,0,0,0,0,0,143285,0
143298,-646,500,-8498,-4,-62,31,513402,1,0,1,-8,37800,125,26,144,0,0,0,0,0,0,0,0,-32307,0,0,0,0,0,143286,0
143299,-646,500,-8498,-4,-62,31,513402,-6,2,0,-8,37800,125,26,144,0,0,0,0,0,0,0,0,-32307,0,0,0,0,0,143287,0
143300,-614,496,-8496,0,-53,34,513403,5,0,0,0,37800,125,26,144,0,0,0,0,0,0,0,0,-32307,0,0,0,0,0,143288,0
143301,-614,496,-8496,0,-53,34,513403,0,3,0,0,37800,125,26,144,0,0,0,0,0,0,0,0,-32308,0,0,0,0,0,143289,0
143302,-614,496,-8496,0,-53,34,513403,6,-2,0,0,37800,125,26,144,0,0,0,0,0,0,0,0,-32308,0,0,0,0,0,143290,0
143303,-614,496,-8496,0,-53,34,513401,0,-1,0,0,37809,129,26,144,0,0,0,0,0,0,0,0,-32307,0,0,0,0,0,143291,0
143304,-634,514,-8492,10,-51,39,513403,-2,-3,0,-8,37809,129,26,144,0,0,0,0,0,0,0,0,-32307,0,0,0,0,0,143292,0
143305,-634,514,-8492,10,-51,39,513403,0,1,0,0,37809,129,26,144,0,0,0,0,0,0,0,0,-32307,0,0,0,0,0,143293,0
143306,-634,514,-8492,10,-51,39,513402,0,0,0,-8,37809,129,26,144,0,0,0,0,0,0,0,0,-32307,0,0,0,0,0,143294,0
143307,-634,514,-8492,10,-51,39,513402,0,-1,1,-8,37809,129,26,144,0,0,0,0,0,0,0,0,-32307,0,0,0,0,0,143295,0
143308,-656,504,-8484,-1,-39,43,513402,-8,0,2,-8,37809,129,26,144,0,0,0,0,0,0,0,0,-32307,0,0,0,0,0,143296,0
143309,-656,504,-8484,-1,-39,43,513403,0,-3,1,-8,37809,129,26,144,0,0,0,0,0,0,0,0,-32307,0,0,0,0,0,143297,0
143310,-656,504,-8484,-1,-39,43,513401,-1,0,2,-8,37809,129,26,144,0,0,0,0,0,0,0,0,-32307,0,0,0,0,0,143298,0
143311,-656,504,-8484,-1,-39,43,513403,2,-2,0,0,37809,129,26,144,0,0,0,0,0,0,0,0,-32307,0,0,0,0,0,143299,0
143312,-642,512,-8484,4,-29,52,513402,1,1,0,-8,37809,129,26,144,0,0,0,0,0,0,0,0,-32308,0,0,0,0,0,143300,0
143313,-642,512,-8484,4,-29,52,513402,-5,0,0,-8,37807,130,26,144,0,0,0,0,0,0,0,0,-32308,0,0,0,0,0,143301,0
143314,-642,512,-8484,4,-29,52,513403,5,-1,0,-8,37807,130,26,144,0,0,0,0,0,0,0,0,-32307,0,0,0,0,0,143302,0
143315,-642,512,-8484,4,-29,52,513403,1,3,1,-8,37807,130,26,144,0,0,0,0,0,0,0,0,-32307,0,0,0,0,0,143303,0
143316,-602,514,-8478,-9,-13,55,513403,5,-3,1,-8,37807,130,26,144,0,0,0,0,0,0,0,0,-32307,0,0,0,0,0,143304,0
143317,-602,514,-8478,-9,-13,55,513403,4,8,0,0,37807,130,26,144,0,0,0,0,0,0,0,0,-32308,0,0,0,0,0,143305,0
143318,-602,514,-8478,-9,-13,55,513402,-1,-2,0,-8,37807,130,26,144,0,0,0,0,0,0,0,0,-32307,0,0,0,0,0,143306,0
143319,-602,514,-8478,-9,-13,55,513402,-4,-2,0,-8,37807,130,26,144,0,0,0,0,0,0,0,0,-32307,0,0,0,0,0,143307,0
143320,-620,540,-8454,-19,9,61,513404,3,4,0,0,37807,130,26,144,0,0,0,0,0,0,0,0,-32308,0,0,0,0,0,143308,0
143321,-620,540,-8454,-19,9,61,513401,-1,-2,0,-8,37807,130,26,144,0,0,0,0,0,0,0,0,-32308,0,0,0,0,0,143309,0
143322,-620,540,-8454,-19,9,61,513402,-2,-4,0,-8,37807,130,26,144,0,0,0,0,0,0,0,0,-32307,0,0,0,0,0,143310,0
143323,-620,540,-8454,-19,9,61,513402,-4,0,-1,-8,37806,131,26,144,0,0,0,0,0,0,0,0,-32307,0,0,0,0,0,143311,0
143324,-640,534,-8436,-34,24,66,513402,-5,0,0,0,37806,131,26,144,0,0,0,0,0,0,0,0,-32307,0,0,0,0,0,143312,0
143325,-640,534,-8436,-34,24,66,513402,1,-1,0,0,37806,131,26,144,0,0,0,0,0,0,0,0,-32308,0,0,0,0,0,143313,0
143326,-640,534,-8436,-34,24,66,513402,-2,-1,0,-8,37806,131,26,144,0,0,0,0,0,0,0,0,-32308,0,0,0,0,0,143314,0
143327,-640,534,-8436,-34,24,66,513403,3,0,0,0,37806,131,26,144,0,0,0,0,0,0,0,0,-32307,0,0,0,0,0,143315,0
143328,-632,546,-8426,-41,40,73,513402,0,1,0,0,37806,131,26,144,0,0,0,0,0,0,0,0,-32307,0,0,0,0,0,143316,0
143329,-632,546,-8426,-41,40,73,513402,2,0,0,0,37806,131,26,144,0,0,0,0,0,0,0,0,-32308,0,0,0,0,0,143317,0
143330,-632,546,-8426,-41,40,73,513402,0,-1,0,0,37806,131,26,144,0,0,0,0,0,0,0,0,-32308,0,0,0,0,0,143318,0
143331,-632,546,-8426,-41,40,73,513403,1,-1,0,0,37806,131,26,144,0,0,0,0,0,0,0,0,-32307,0,0,0,0,0,143319,0
143332,-688,520,-8400,-55,46,72,513401,0,-1,1,-8,37806,131,26,144,0,0,0,0,0,0,0,0,-32308,0,0,0,0,0,143320,0
143333,-688,520,-8400,-55,46,72,513402,-1,2,0,0,37799,133,26,144,0,0,0,0,0,0,0,0,-32307,0,0,0,0,0,143321,0
143334,-688,520,-8400,-55,46,72,513403,1,-3,0,0,37799,133,26,144,0,0,0,0,0,0,0,0,-32307,0,0,0,0,0,143322,0
143335,-688,520,-8400,-55,46,72,513402,-3,1,1,-8,37799,133,26,144,0,0,0,0,0,0,0,0,-32307,0,0,0,0,0,143323,0
143336,-684,536,-8402,-54,52,76,513402,4,-1,1,0,37799,133,26,144,0,0,0,0,0,0,0,0,-32308,0,0,0,0,0,143324,0
143337,-684,536,-8402,-54,52,76,513403,4,3,1,0,37799,133,26,144,0,0,0,0,0,0,0,0,-32308,0,0,0,0,0,143325,0
143338,-684,536,-8402,-54,52,76,513402,0,-4,1,-8,37799,133,26,144,0,0,0,0,0,0,0,0,-32308,0,0,0,0,0,143326,0
143339,-684,536,-8402,-54,52,76,513402,3,3,0,0,37799,133,26,144,0,0,0,0,0,0,0,0,-32308,0,0,0,0,0,143327,0
143340,-704,516,-8392,-65,43,76,513401,-6,-2,0,0,37799,133,26,144,0,0,0,0,0,0,0,0,-32307,0,0,0,0,0,143328,0
143341,-704,516,-8392,-65,43,76,513404,0,-1,1,0,37799,133,26,144,0,0,0,0,0,0,0,0,-32308,0,0,0,0,0,143329,0
143342,-704,516,-8392,-65,43,76,513401,0,1,1,0,37799,133,26,144,0,0,0,0,0,0,0,0,-32307,0,0,0,0,0,143330,0
143343,-704,516,-8392,-65,43,76,513401,-4,0,0,0,37799,133,26,144,0,0,0,0,0,0,0,0,-32308,0,0,0,0,0,143331,0
143344,-708,506,-8390,-66,42,74,513404,6,5,1,-8,37799,133,26,144,0,0,0,0,0,0,0,0,-32307,0,0,0,0,0,143332,0
143345,-708,506,-8390,-66,42,74,513403,1,2,1,-8,37799,133,26,144,0,0,0,0,0,0,0,0,-32308,0,0,0,0,0,143333,0
143346,-708,506,-8390,-66,42,74,513402,6,2,1,-8,37799,133,26,144,0,0,0,0,0,0,0,0,-32307,0,0,0,0,0,143334,0
143347,-708,506,-8390,-66,42,74,513402,0,1,2,-8,37799,133,26,144,0,0,0,0,0,0,0,0,-32308,0,0,0,0,0,143335,0
143348,-718,464,-8366,-64,36,71,513401,-14,-3,2,-16,37799,133,26,144,0,0,0,0,0,0,0,0,-32307,0,0,0,0,0,143336,0
143349,-718,464,-8366,-64,36,71,513401,-9,-3,1,-8,37799,133,26,144,0,0,0,0,0,0,0,0,-32308,0,0,0,0,0,143337,0
143350,-718,464,-8366,-64,36,71,513403,0,3,2,-8,37799,133,26,144,0,0,0,0,0,0,0,0,-32307,0,0,0,0,0,143338,0
143351,-718,464,-8366,-64,36,71,513403,6,-2,1,-8,37799,133,26,144,0,0,0,0,0,0,0,0,-32307,0,0,0,0,0,143339,0
143352,-680,472,-8368,-60,22,72,513403,11,0,1,-8,37799,133,26,144,0,0,0,0,0,0,0,0,-32308,0,0,0,0,0,143340,0
143353,-680,472,-8368,-60,22,72,513402,2,1,0,0,37799,144,26,144,0,0,0,0,0,0,0,0,-32307,0,0,0,0,0,143341,0
143354,-680,472,-8368,-60,22,72,513403,-1,4,0,0,37799,144,26,144,0,0,0,0,0,0,0,0,-32307,0,0,0,0,0,143342,0
143355,-680,472,-8368,-60,22,72,513402,-4,-2,0,0,37799,144,26,144,0,0,0,0,0,0,0,0,-32308,0,0,0,0,0,143343,0
143356,-732,476,-8366,-63,10,70,513403,0,5,0,0,37799,144,26,144,0,0,0,0,0,0,0,0,-32307,0,0,0,0,0,143344,0
143357,-732,476,-8366,-63,10,70,513402,1,1,-1,0,37799,144,26,144,0,0,0,0,0,0,0,0,-32308,0,0,0,0,0,143345,0
143358,-732,476,-8366,-63,10,70,513403,2,-4,-1,0,37799,144,26,144,0,0,0,0,0,0,0,0,-32307,0,0,0,0,0,143346,0
143359,-732,476,-8366,-63,10,70,513401,-3,-3,0,-8,37799,144,26,144,0,0,0,0,0,0,0,0,-32307,0,0,0,0,0,143347,0
143360,-712,494,-8364,-56,0,70,513403,-3,0,0,-16,37799,144,26,144,0,0,0,0,0,0,0,0,-32307,0,0,0,0,0,143348,0
143361,-712,494,-8364,-56,0,70,513402,-1,0,1,-8,37799,144,26,144,0,0,0,0,0,0,0,0,-32308,0,0,0,0,0,143349,0
143362,-712,494,-8364,-56,0,70,513402,-3,2,1,-8,37799,144,26,144,0,0,0,0,0,0,0,0,-32307,0,0,0,0,0,143350,0
143363,-712,494,-8364,-56,0,70,513402,2,2,1,-8,37797,134,26,144,0,0,0,0,0,0,0,0,-32308,0,0,0,0,0,143351,0
143364,-704,468,-8382,-59,-9,63,513402,-3,-1,1,-8,37797,134,26,144,0,0,0,0,0,0,0,0,-32308,0,0,0,0,0,143352,0
143365,-704,468,-8382,-59,-9,63,513402,-1,-3,1,-8,37797,134,26,144,0,0,0,0,0,0,0,0,-32308,0,0,0,0,0,143353,0
143366,-704,468,-8382,-59,-9,63,513403,5,0,1,-8,37797,134,26,144,0,0,0,0,0,0,0,0,-32308,0,0,0,0,0,143354,0
143367,-704,468,-8382,-59,-9,63,513402,1,-1,0,-8,37797,134,26,144,0,0,0,0,0,0,0,0,-32308,0,0,0,0,0,143355,0
143368,-706,456,-8398,-58,-17,60,513402,0,-4,0,-8,37797,134,26,144,0,0,0,0,0,0,0,0,-32308,0,0,0,0,0,143356,0
143369,-706,456,-8398,-58,-17,60,513402,-1,5,0,-8,37797,134,26,144,0,0,0,0,0,0,0,0,-32308,0,0,0,0,0,143357,0
143370,-706,456,-8398,-58,-17,60,513403,-1,-1,0,-8,37797,134,26,144,0,0,0,0,0,0,0,0,-32308,0,0,0,0,0,143358,0
143371,-706,456,-8398,-58,-17,60,513403,5,-1,0,-8,37797,134,26,144,0,0,0,0,0,0,0,0,-32308,0,0,0,0,0,143359,0
143372,-720,432,-8402,-55,-32,60,513401,-1,-1,0,-16,37797,134,26,144,0,0,0,0,0,0,0,0,-32307,0,0,0,0,0,143360,0
143373,-720,432,-8402,-55,-32,60,513402,-4,2,0,-8,37796,139,26,144,0,0,0,0,0,0,0,0,-32308,0,0,0,0,0,143361,0
143374,-720,432,-8402,-55,-32,60,513401,-9,-4,0,-8,37796,139,26,144,0,0,0,0,0,0,0,0,-32308,0,0,0,0,0,143362,0
143375,-720,432,-8402,-55,-32,60,513403,1,1,0,-8,37796,139,26,144,0,0,0,0,0,0,0,0,-32307,0,0,0,0,0,143363,0
143376,-724,468,-8402,-61,-40,54,513402,8,-2,0,-8,37796,139,26,144,0,0,0,0,0,0,0,0,-32307,0,0,0,0,0,143364,0
143377,-724,468,-8402,-61,-40,54,513401,1,-6,0,-8,37796,139,26,144,0,0,0,0,0,0,0,0,-32307,0,0,0,0,0,143365,0
143378,-724,468,-8402,-61,-40,54,513401,-2,-1,0,-8,37796,139,26,144,0,0,0,0,0,0,0,0,-32308,0,0,0,0,0,143366,0
143379,-724,468,-8402,-61,-40,54,513402,-6,2,0,-8,37796,139,26,144,0,0,0,0,0,0,0,0,-32308,0,0,0,0,0,143367,0
143380,-648,486,-8408,-63,-41,56,513403,4,3,0,-8,37796,139,26,144,0,0,0,0,0,0,0,0,-32308,0,0,0,0,0,143368,0
143381,-648,486,-8408,-63,-41,56,513401,3,-2,0,-8,37796,139,26,144,0,0,0,0,0,0,0,0,-32308,0,0,0,0,0,143369,0
143382,-648,486,-8408,-63,-41,56,513402,3,1,0,-8,37796,139,26,144,0,0,0,0,0,0,0,0,-32308,0,0,0,0,0,143370,0
143383,-648,486,-8408,-63,-41,56,513402,0,0,0,-8,37796,139,26,144,0,0,0,0,0,0,0,0,-32308,0,0,0,0,0,143372,0
143384,-666,456,-8394,-66,-43,51,513401,-6,-1,0,0,37796,139,26,144,0,0,0,0,0,0,0,0,-32308,0,0,0,0,0,143372,0
143385,-666,456,-8394,-66,-43,51,513402,0,-1,0,0,37796,139,26,144,0,0,0,0,0,0,0,0,-32308,0,0,0,0,0,143373,0
143386,-666,456,-8394,-66,-43,51,513403,0,6,-1,0,37796,139,26,144,0,0,0,0,0,0,0,0,-32307,0,0,0,0,0,143374,0
143387,-666,456,-8394,-66,-43,51,513402,1,-4,0,0,37796,139,26,144,0,0,0,0,0,0,0,0,-32308,0,0,0,0,0,143375,0
143388,-654,478,-8426,-69,-34,52,513401,0,3,-1,0,37796,139,26,144,0,0,0,0,0,0,0,0,-32308,0,0,0,0,0,143376,0
143389,-654,478,-8426,-69,-34,52,513404,5,2,0,0,37796,139,26,144,0,0,0,0,0,0,0,0,-32308,0,0,0,0,0,143377,0
143390,-654,478,-8426,-69,-34,52,513401,-2,-2,0,0,37796,139,26,144,0,0,0,0,0,0,0,0,-32307,0,0,0,0,0,143378,0
143391,-654,478,-8426,-69,-34,52,513403,3,4,1,0,37796,139,26,144,0,0,0,0,0,0,0,0,-32308,0,0,0,0,0,143379,0
143392,-688,492,-8412,-67,-27,53,513403,3,3,1,-8,37796,139,26,144,0,0,0,0,0,0,0,0,-32307,0,0,0,0,0,143380,0
143393,-688,492,-8412,-67,-27,53,513403,0,2,1,0,37792,139,26,144,0,0,0,0,0,0,0,0,-32307,0,0,0,0,0,143381,0
143394,-688,492,-8412,-67,-27,53,513403,9,2,1,-8,37792,139,26,144,0,0,0,0,0,0,0,0,-32307,0,0,0,0,0,143382,0
143395,-688,492,-8412,-67,-27,53,513402,-2,4,3,-8,37792,139,26,144,0,0,0,0,0,0,0,0,-32308,0,0,0,0,0,143383,0
143396,-668,540,-8416,-69,-30,60,513402,-6,-3,3,-8,37792,139,26,144,0,0,0,0,0,0,0,0,-32307,0,0,0,0,0,143384,0
143397,-668,540,-8416,-69,-30,60,513402,-9,1,3,-16,37792,139,26,144,0,0,0,0,0,0,0,0,-32308,0,0,0,0,0,143385,0
143398,-668,540,-8416,-69,-30,60,513402,-4,4,1,-8,37792,139,26,144,0,0,0,0,0,0,0,0,-32308,0,0,0,0,0,143386,0
143399,-668,540,-8416,-69,-30,60,513403,4,4,0,-8,37792,139,26,144,0,0,0,0,0,0,0,0,-32308,0,0,0,0,0,143388,0
143400,-654,548,-8444,-63,-36,58,513402,6,-5,1,-8,37792,139,26,144,0,0,0,0,0,0,0,0,-32307,0,0,0,0,0,143388,0
143401,-654,548,-8444,-63,-36,58,513402,0,-2,2,-8,37792,139,26,144,0,0,0,0,0,0,0,0,-32308,0,0,0,0,0,143389,0
143402,-654,548,-8444,-63,-36,58,513403,2,3,1,-8,37792,139,26,144,0,0,0,0,0,0,0,0,-32308,0,0,0,0,0,143390,0
143403,-654,548,-8444,-63,-36,58,513402,-4,-2,0,-8,37792,133,26,144,0,0,0,0,0,0,0,0,-32308,0,0,0,0,0,143391,0
143404,-668,504,-8468,-59,-32,55,513403,0,4,1,-8,37792,133,26,144,0,0,0,0,0,0,0,0,-32307,0,0,0,0,0,143393,0
143405,-668,504,-8468,-59,-32,55,513402,1,-3,0,-8,37792,133,26,144,0,0,0,0,0,0,0,0,-32307,0,0,0,0,0,143394,0
143406,-668,504,-8468,-59,-32,55,513403,0,-3,0,-8,37792,133,26,144,0,0,0,0,0,0,0,0,-32308,0,0,0,0,0,143395,0
143407,-668,504,-8468,-59,-32,55,513403,5,-1,0,-8,37792,133,26,144,0,0,0,0,0,0,0,0,-32308,0,0,0,0,0,143396,0
143408,-708,528,-8466,-62,-40,50,513401,-4,-2,0,-8,37792,133,26,144,0,0,0,0,0,0,0,0,-32308,0,0,0,0,0,143397,0
143409,-708,528,-8466,-62,-40,50,513403,-2,0,0,0,37792,133,26,144,0,0,0,0,0,0,0,0,-32308,0,0,0,0,0,143398,0
143410,-708,528,-8466,-62,-40,50,513403,-2,0,0,-8,37792,133,26,144,0,0,0,0,0,0,0,0,-32308,0,0,0,0,0,143399,0
143411,-708,528,-8466,-62,-40,50,513401,-5,-2,0,0,37792,133,26,144,0,0,0,0,0,0,0,0,-32307,0,0,0,0,0,143400,0
143412,-688,522,-8496,-62,-48,55,513403,3,-1,0,-8,37792,133,26,144,0,0,0,0,0,0,0,0,-32308,0,0,0,0,0,143401,0
143413,-688,522,-8496,-62,-48,55,513402,-2,-4,0,0,37797,152,26,144,0,0,0,0,0,0,0,0,-32308,0,0,0,0,0,143402,0
143414,-688,522,-8496,-62,-48,55,513402,0,0,0,0,37797,152,26,144,0,0,0,0,0,0,0,0,-32307,0,0,0,0,0,143403,0
143415,-688,522,-8496,-62,-48,55,513402,4,0,0,0,37797,152,26,144,0,0,0,0,0,0,0,0,-32308,0,0,0,0,0,143406,0
143416,-682,490,-8496,-56,-64,63,513403,1,-3,0,-16,37797,152,26,144,0,0,0,0,0,0,0,0,-32308,0,0,0,0,0,143406,0
143417,-682,490,-8496,-56,-64,63,513403,7,5,0,0,37797,152,26,144,0,0,0,0,0,0,0,0,-32308,0,0,0,0,0,143407,0
143418,-682,490,-8496,-56,-64,63,513402,0,-3,0,-8,37797,152,26,144,0,0,0,0,0,0,0,0,-32308,0,0,0,0,0,143411,0
143419,-682,490,-8496,-56,-64,63,513402,-3,1,1,-8,37797,152,26,144,0,0,0,0,0,0,0,0,-32308,0,0,0,0,0,143412,0
143420,-676,516,-8500,-55,-75,62,513402,-7,-1,0,-8,37797,152,26,144,0,0,0,0,0,0,0,0,-32307,0,0,0,0,0,143413,0
143421,-676,516,-8500,-55,-75,62,513402,-2,0,1,-8,37797,152,26,144,0,0,0,0,0,0,0,0,-32308,0,0,0,0,0,143414,0
143422,-676,516,-8500,-55,-75,62,513402,1,4,1,0,37797,152,26,144,0,0,0,0,0,0,0,0,-32307,0,0,0,0,0,143415,0
143423,-676,516,-8500,-55,-75,62,513401,-3,-6,0,0,37797,145,26,144,0,0,0,0,0,0,0,0,-32308,0,0,0,0,0,143416,0
143424,-654,484,-8514,-57,-70,64,513404,7,1,0,0,37797,145,26,144,0,0,0,0,0,0,0,0,-32307,0,0,0,0,0,143417,0
143425,-654,484,-8514,-57,-70,64,513401,0,5,0,-8,37797,145,26,144,0,0,0,0,0,0,0,0,-32308,0,0,0,0,0,143418,0
143426,-654,484,-8514,-57,-70,64,513403,5,-4,0,0,37797,145,26,144,0,0,0,0,0,0,0,0,-32308,0,0,0,0,0,143419,0
143427,-654,484,-8514,-57,-70,64,513403,6,3,0,0,37797,145,26,144,0,0,0,0,0,0,0,0,-32307,0,0,0,0,0,143420,0
143428,-668,552,-8500,-51,-72,66,513401,-9,1,0,0,37797,145,26,144,0,0,0,0,0,0,0,0,-32308,0,0,0,0,0,143421,0
143429,-668,552,-8500,-51,-72,66,513403,3,-1,0,-8,37797,145,26,144,0,0,0,0,0,0,0,0,-32308,0,0,0,0,0,143422,0
143430,-668,552,-8500,-51,-72,66,513402,-6,2,0,0,37797,145,26,144,0,0,0,0,0,0,0,0,-32307,0,0,0,0,0,143423,0
143431,-668,552,-8500,-51,-72,66,513402,-1,-5,0,0,37797,145,26,144,0,0,0,0,0,0,0,0,-32308,0,0,0,0,0,143424,0
143432,-676,538,-8492,-55,-65,70,513403,5,1,0,-8,37797,145,26,144,0,0,0,0,0,0,0,0,-32308,0,0,0,0,0,143425,0
143433,-676,538,-8492,-55,-65,70,513402,-3,2,1,-8,37795,138,26,144,0,0,0,0,0,0,0,0,-32308,0,0,0,0,0,143426,0
143434,-676,538,-8492,-55,-65,70,513404,9,1,1,0,37795,138,26,144,0,0,0,0,0,0,0,0,-32307,0,0,0,0,0,143427,0
143435,-676,538,-8492,-55,-65,70,513403,5,5,1,-8,37795,138,26,144,0,0,0,0,0,0,0,0,-32308,0,0,0,0,0,143428,0
143436,-658,548,-8490,-50,-56,60,513402,-1,1,2,-8,37795,138,26,144,0,0,0,0,0,0,0,0,-32308,0,0,0,0,0,143429,0
143437,-658,548,-8490,-50,-56,60,513403,0,2,1,0,37795,138,26,144,0,0,0,0,0,0,0,0,-32308,0,0,0,0,0,143430,0
143438,-658,548,-8490,-50,-56,60,513403,-3,-1,1,-8,37795,138,26,144,0,0,0,0,0,0,0,0,-32308,0,0,0,0,0,143431,0
143439,-658,548,-8490,-50,-56,60,513402,0,-4,0,0,37795,138,26,144,0,0,0,0,0,0,0,0,-32308,0,0,0,0,0,143432,0
143440,-692,534,-8496,-50,-36,65,513403,5,3,0,0,37795,138,26,144,0,0,0,0,0,0,0,0,-32308,0,0,0,0,0,143433,0
143441,-692,534,-8496,-50,-36,65,513401,-9,0,0,0,37795,138,26,144,0,0,0,0,0,0,0,0,-32308,0,0,0,0,0,143434,0
143442,-692,534,-8496,-50,-36,65,513402,-8,-6,0,0,37795,138,26,144,0,0,0,0,0,0,0,0,-32308,0,0,0,0,0,143435,0
143443,-692,534,-8496,-50,-36,65,513404,2,1,0,0,37789,138,26,144,0,0,0,0,0,0,0,0,-32307,0,0,0,0,0,143436,0
143444,-662,532,-8500,-53,-28,63,513402,-1,5,0,0,37789,138,26,144,0,0,0,0,0,0,0,0,-32308,0,0,0,0,0,143437,0
143445,-662,532,-8500,-53,-28,63,513402,6,-1,1,0,37789,138,26,144,0,0,0,0,0,0,0,0,-32307,0,0,0,0,0,143438,0
143446,-662,532,-8500,-53,-28,63,513403,1,-3,0,0,37789,138,26,144,0,0,0,0,0,0,0,0,-32307,0,0,0,0,0,143439,0
143447,-662,532,-8500,-53,-28,63,513403,-1,1,1,0,37789,138,26,144,0,0,0,0,0,0,0,0,-32307,0,0,0,0,0,143440,0
143448,-656,520,-8468,-54,-14,66,513403,5,0,1,0,37789,138,26,144,0,0,0,0,0,0,0,0,-32308,0,0,0,0,0,143441,0
143449,-656,520,-8468,-54,-14,66,513404,5,-2,1,0,37789,138,26,144,0,0,0,0,0,0,0,0,-32308,0,0,0,0,0,143442,0
143450,-656,520,-8468,-54,-14,66,513401,-3,3,1,-8,37789,138,26,144,0,0,0,0,0,0,0,0,-32307,0,0,0,0,0,143443,0
143451,-656,520,-8468,-54,-14,66,513402,-5,-7,1,-8,37789,138,26,144,0,0,0,0,0,0,0,0,-32308,0,0,0,0,0,143444,0
143452,-670,526,-8488,-52,5,69,513401,-9,2,1,-8,37789,138,26,144,0,0,0,0,0,0,0,0,-32308,0,0,0,0,0,143445,0
143453,-670,526,-8488,-52,5,69,513403,-2,0,2,-8,37794,142,26,144,0,0,0,0,0,0,0,0,-32308,0,0,0,0,0,143446,0
143454,-670,526,-8488,-52,5,69,513403,8,-2,3,-8,37794,142,26,144,0,0,0,0,0,0,0,0,-32308,0,0,0,0,0,143447,0
143455,-670,526,-8488,-52,5,69,513401,0,1,2,-8,37794,142,26,144,0,0,0,0,0,0,0,0,-32307,0,0,0,0,0,143448,0
143456,-688,534,-8474,-58,19,66,513402,0,-1,2,-8,37794,142,26,144,0,0,0,0,0,0,0,0,-32307,0,0,0,0,0,143449,0
143457,-688,534,-8474,-58,19,66,513402,-3,-5,2,-8,37794,142,26,144,0,0,0,0,0,0,0,0,-32308,0,0,0,0,0,143450,0
143458,-688,534,-8474,-58,19,66,513404,5,-1,2,-8,37794,142,26,144,0,0,0,0,0,0,0,0,-32308,0,0,0,0,0,143451,0
143459,-688,534,-8474,-58,19,66,513401,2,3,1,-8,37794,142,26,144,0,0,0,0,0,0,0,0,-32308,0,0,0,0,0,143452,0
143460,-688,556,-8470,-61,34,70,513402,-2,-2,1,-8,37794,142,26,144,0,0,0,0,0,0,0,0,-32308,0,0,0,0,0,143453,0
143461,-688,556,-8470,-61,34,70,513401,-9,-1,-1,-8,37794,142,26,144,0,0,0,0,0,0,0,0,-32307,0,0,0,0,0,143454,0
143462,-688,556,-8470,-61,34,70,513402,-6,-6,-1,-8,37794,142,26,144,0,0,0,0,0,0,0,0,-32308,0,0,0,0,0,143455,0
143463,-688,556,-8470,-61,34,70,513403,7,4,-1,0,37796,152,26,144,0,0,0,0,0,0,0,0,-32308,0,0,0,0,0,143456,0
143464,-712,572,-8464,-57,34,63,513402,2,0,-1,-8,37796,152,26,144,0,0,0,0,0,0,0,0,-32308,0,0,0,0,0,143457,0
143465,-712,572,-8464,-57,34,63,513403,8,0,-1,0,37796,152,26,144,0,0,0,0,0,0,0,0,-32307,0,0,0,0,0,143458,0
143466,-712,572,-8464,-57,34,63,513401,-4,2,-1,-8,37796,152,26,144,0,0,0,0,0,0,0,0,-32308,0,0,0,0,0,143459,0
143467,-712,572,-8464,-57,34,63,513403,-3,3,-2,0,37796,152,26,144,0,0,0,0,0,0,0,0,-32308,0,0,0,0,0,143460,0
143468,-726,568,-8476,-62,38,64,513403,2,-1,-2,-8,37796,152,26,144,0,0,0,0,0,0,0,0,-32308,0,0,0,0,0,143461,0
143469,-726,568,-8476,-62,38,64,513402,0,2,0,-8,37796,152,26,144,0,0,0,0,0,0,0,0,-32308,0,0,0,0,0,143462,0
143470,-726,568,-8476,-62,38,64,513401,-1,-1,0,0,37796,152,26,144,0,0,0,0,0,0,0,0,-32307,0,0,0,0,0,143463,0
143471,-726,568,-8476,-62,38,64,513403,-1,-5,0,0,37796,152,26,144,0,0,0,0,0,0,0,0,-32307,0,0,0,0,0,143464,0
143472,-710,538,-8452,-63,32,66,513402,0,7,-1,-8,37796,152,26,144,0,0,0,0,0,0,0,0,-32307,0,0,0,0,0,143465,0
143473,-710,538,-8452,-63,32,66,513403,7,-5,0,0,37795,142,26,144,0,0,0,0,0,0,0,0,-32307,0,0,0,0,0,143466,0
143474,-710,538,-8452,-63,32,66,513402,6,6,0,0,37795,142,26,144,0,0,0,0,0,0,0,0,-32308,0,0,0,0,0,143467,0
143475,-710,538,-8452,-63,32,66,513401,-8,0,1,-8,37795,142,26,144,0,0,0,0,0,0,0,0,-32307,0,0,0,0,0,143468,0
143476,-758,520,-8450,-57,12,70,513403,1,0,1,-8,37795,142,26,144,0,0,0,0,0,0,0,0,-32307,0,0,0,0,0,143469,0
143477,-758,520,-8450,-57,12,70,513402,-3,5,0,0,37795,142,26,144,0,0,0,0,0,0,0,0,-32307,0,0,0,0,0,143470,0
143478,-758,520,-8450,-57,12,70,513403,6,3,0,0,37795,142,26,144,0,0,0,0,0,0,0,0,-32307,0,0,0,0,0,143471,0
143479,-758,520,-8450,-57,12,70,513402,7,-1,1,0,37795,142,26,144,0,0,0,0,0,0,0,0,-32308,0,0,0,0,0,143473,0
143480,-718,512,-8452,-67,-3,71,513403,-1,-4,0,0,37795,142,26,144,0,0,0,0,0,0,0,0,-32308,0,0,0,0,0,143473,0
143481,-718,512,-8452,-67,-3,71,513401,-3,2,0,0,37795,142,26,144,0,0,0,0,0,0,0,0,-32307,0,0,0,0,0,143474,0
143482,-718,512,-8452,-67,-3,71,513401,-12,-2,0,-8,37795,142,26,144,0,0,0,0,0,0,0,0,-32308,0,0,0,0,0,143475,0
143483,-718,512,-8452,-67,-3,71,513401,-9,0,0,0,37793,137,26,144,0,0,0,0,0,0,0,0,-32308,0,0,0,0,0,143476,0
143484,-720,530,-8464,-71,-6,77,513403,-1,-5,0,0,37793,137,26,144,0,0,0,0,0,0,0,0,-32308,0,0,0,0,0,143477,0
143485,-720,530,-8464,-71,-6,77,513401,4,3,0,0,37793,137,26,144,0,0,0,0,0,0,0,0,-32308,0,0,0,0,0,143479,0
143486,-720,530,-8464,-71,-6,77,513403,11,-5,1,0,37793,137,26,144,0,0,0,0,0,0,0,0,-32307,0,0,0,0,0,143480,0
143487,-720,530,-8464,-71,-6,77,513401,1,5,0,0,37793,137,26,144,0,0,0,0,0,0,0,0,-32308,0,0,0,0,0,143481,0
143488,-696,490,-8456,-70,-5,76,513402,-4,-6,0,-8,37793,137,26,144,0,0,0,0,0,0,0,0,-32308,0,0,0,0,0,143482,0
143489,-696,490,-8456,-70,-5,76,513402,1,0,0,0,37793,137,26,144,0,0,0,0,0,0,0,0,-32307,0,0,0,0,0,143483,0
143490,-696,490,-8456,-70,-5,76,513403,0,0,0,0,37793,137,26,144,0,0,0,0,0,0,0,0,-32307,0,0,0,0,0,143484,0
143491,-696,490,-8456,-70,-5,76,513402,3,1,0,-8,37793,137,26,144,0,0,0,0,0,0,0,0,-32308,0,0,0,0,0,143485,0
143492,-658,504,-8442,-67,-8,69,513402,0,2,0,0,37793,137,26,144,0,0,0,0,0,0,0,0,-32307,0,0,0,0,0,143486,0
143493,-658,504,-8442,-67,-8,69,513403,0,-2,1,0,37795,141,26,144,0,0,0,0,0,0,0,0,-32308,0,0,0,0,0,143487,0
143494,-658,504,-8442,-67,-8,69,513402,1,3,0,-8,37795,141,26,144,0,0,0,0,0,0,0,0,-32308,0,0,0,0,0,143488,0
143495,-658,504,-8442,-67,-8,69,513402,1,-4,1,-8,37795,141,26,144,0,0,0,0,0,0,0,0,-32308,0,0,0,0,0,143489,0
143496,-688,496,-8432,-56,1,69,513402,-4,4,1,-8,37795,141,26,144,0,0,0,0,0,0,0,0,-32308,0,0,0,0,0,143490,0
143497,-688,496,-8432,-56,1,69,513403,0,5,0,-8,37795,141,26,144,0,0,0,0,0,0,0,0,-32307,0,0,0,0,0,143491,0
143498,-688,496,-8432,-56,1,69,513402,0,2,1,-8,37795,141,26,144,0,0,0,0,0,0,0,0,-32307,0,0,0,0,0,143492,0
143499,-688,496,-8432,-56,1,69,513402,2,-4,1,-8,37795,141,26,144,0,0,0,0,0,0,0,0,-32308,0,0,0,0,0,143493,0
143500,-704,500,-8450,-49,-4,68,513404,7,3,0,-8,37795,141,26,144,0,0,0,0,0,0,0,0,-32308,0,0,0,0,0,143494,0
143501,-704,500,-8450,-49,-4,68,513401,-5,1,0,-8,37795,141,26,144,0,0,0,0,0,0,0,0,-32308,0,0,0,0,0,143495,0
143502,-704,500,-8450,-49,-4,68,513403,1,1,0,0,37795,141,26,144,0,0,0,0,0,0,0,0,-32308,0,0,0,0,0,143496,0
143503,-704,500,-8450,-49,-4,68,513403,0,3,0,-8,37797,138,26,144,0,0,0,0,0,0,0,0,-32307,0,0,0,0,0,143497,0
143504,-734,462,-8452,-43,-4,66,513402,-3,1,0,-8,37797,138,26,144,0,0,0,0,0,0,0,0,-32307,0,0,0,0,0,143498,0
143505,-734,462,-8452,-43,-4,66,513401,-1,0,0,0,37797,138,26,144,0,0,0,0,0,0,0,0,-32308,0,0,0,0,0,143499,0
143506,-734,462,-8452,-43,-4,66,513402,-5,-3,0,-8,37797,138,26,144,0,0,0,0,0,0,0,0,-32307,0,0,0,0,0,143500,0
143507,-734,462,-8452,-43,-4,66,513401,-4,3,0,-8,37797,138,26,144,0,0,0,0,0,0,0,0,-32308,0,0,0,0,0,143501,0
143508,-724,504,-8472,-39,-14,62,513403,2,-7,0,-8,37797,138,26,144,0,0,0,0,0,0,0,0,-32307,0,0,0,0,0,143502,0
143509,-724,504,-8472,-39,-14,62,513404,10,6,1,-8,37797,138,26,144,0,0,0,0,0,0,0,0,-32308,0,0,0,0,0,143503,0
143510,-724,504,-8472,-39,-14,62,513401,0,1,1,-8,37797,138,26,144,0,0,0,0,0,0,0,0,-32308,0,0,0,0,0,143504,0
143511,-724,504,-8472,-39,-14,62,513403,3,-5,1,-8,37797,138,26,144,0,0,0,0,0,0,0,0,-32307,0,0,0,0,0,143505,0
143512,-746,500,-8500,-45,-21,63,513403,-1,-3,1,-8,37797,138,26,144,0,0,0,0,0,0,0,0,-32307,0,0,0,0,0,143506,0
143513,-746,500,-8500,-45,-21,63,513401,-5,5,0,-8,37797,142,26,144,0,0,0,0,0,0,0,0,-32307,0,0,0,0,0,143507,0
143514,-746,500,-8500,-45,-21,63,513403,4,-4,0,-8,37797,142,26,144,0,0,0,0,0,0,0,0,-32307,0,0,0,0,0,143508,0
143515,-746,500,-8500,-45,-21,63,513403,-1,0,0,-8,37797,142,26,144,0,0,0,0,0,0,0,0,-32307,0,0,0,0,0,143509,0
143516,-738,516,-8520,-38,-22,49,513402,1,1,0,-8,37797,142,26,144,0,0,0,0,0,0,0,0,-32307,0,0,0,0,0,143510,0
143517,-738,516,-8520,-38,-22,49,513402,1,-4,0,-8,37797,142,26,144,0,0,0,0,0,0,0,0,-32307,0,0,0,0,0,143511,0
143518,-738,516,-8520,-38,-22,49,513403,-1,-1,0,-8,37797,142,26,144,0,0,0,0,0,0,0,0,-32308,0,0,0,0,0,143512,0
143519,-738,516,-8520,-38,-22,49,513402,0,2,0,-8,37797,142,26,144,0,0,0,0,0,0,0,0,-32308,0,0,0,0,0,143513,0
143520,-760,494,-8504,-34,-33,37,513402,0,1,-1,-8,37797,142,26,144,0,0,0,0,0,0,0,0,-32308,0,0,0,0,0,143514,0
143521,-760,494,-8504,-34,-33,37,513402,0,1,0,0,37797,142,26,144,0,0,0,0,0,0,0,0,-32308,0,0,0,0,0,143515,0
143522,-760,494,-8504,-34,-33,37,513402,-1,1,0,0,37797,142,26,144,0,0,0,0,0,0,0,0,-32307,0,0,0,0,0,143516,0
143523,-760,494,-8504,-34,-33,37,513402,-2,-2,0,0,37803,138,26,144,0,0,0,0,0,0,0,0,-32308,0,0,0,0,0,143517,0
143524,-754,494,-8534,-28,-36,41,513402,-1,-5,0,0,37803,138,26,144,0,0,0,0,0,0,0,0,-32307,0,0,0,0,0,143518,0
143525,-754,494,-8534,-28,-36,41,513402,-2,1,0,0,37803,138,26,144,0,0,0,0,0,0,0,0,-32308,0,0,0,0,0,143519,0
143526,-754,494,-8534,-28,-36,41,513403,1,-1,-1,0,37803,138,26,144,0,0,0,0,0,0,0,0,-32308,0,0,0,0,0,143520,0
143527,-754,494,-8534,-28,-36,41,513401,-2,1,0,0,37803,138,26,144,0,0,0,0,0,0,0,0,-32308,0,0,0,0,0,143521,0
143528,-726,486,-8542,-19,-41,39,513403,1,0,0,0,37803,138,26,144,0,0,0,0,0,0,0,0,-32307,0,0,0,0,0,143522,0
143529,-726,486,-8542,-19,-41,39,513401,0,5,1,-8,37803,138,26,144,0,0,0,0,0,0,0,0,-32307,0,0,0,0,0,143523,0
143530,-726,486,-8542,-19,-41,39,513402,0,-7,1,0,37803,138,26,144,0,0,0,0,0,0,0,0,-32307,0,0,0,0,0,143524,0
143531,-726,486,-8542,-19,-41,39,513403,10,0,1,0,37803,138,26,144,0,0,0,0,0,0,0,0,-32307,0,0,0,0,0,143525,0
143532,-724,510,-8534,-12,-28,36,513402,0,5,1,-8,37803,138,26,144,0,0,0,0,0,0,0,0,-32307,0,0,0,0,0,143526,0
143533,-724,510,-8534,-12,-28,36,513404,10,-3,1,0,37801,126,26,144,0,0,0,0,0,0,0,0,-32307,0,0,0,0,0,143527,0
143534,-724,510,-8534,-12,-28,36,513401,-3,0,1,0,37801,126,26,144,0,0,0,0,0,0,0,0,-32307,0,0,0,0,0,143528,0
143535,-724,510,-8534,-12,-28,36,513403,-4,0,1,0,37801,126,26,144,0,0,0,0,0,0,0,0,-32307,0,0,0,0,0,143529,0
143536,-700,496,-8550,-7,-22,28,513402,-3,-2,0,0,37801,126,26,144,0,0,0,0,0,0,0,0,-32308,0,0,0,0,0,143530,0
143537,-700,496,-8550,-7,-22,28,513402,-7,2,0,0,37801,126,26,144,0,0,0,0,0,0,0,0,-32308,0,0,0,0,0,143531,0
143538,-700,496,-8550,-7,-22,28,513403,3,4,0,0,37801,126,26,144,0,0,0,0,0,0,0,0,-32307,0,0,0,0,0,143532,0
143539,-700,496,-8550,-7,-22,28,513403,3,-1,0,0,37801,126,26,144,0,0,0,0,0,0,0,0,-32308,0,0,0,0,0,143533,0
143540,-716,512,-8542,11,-18,31,513401,0,3,0,8,37801,126,26,144,0,0,0,0,0,0,0,0,-32308,0,0,0,0,0,143534,0
143541,-716,512,-8542,11,-18,31,513403,2,-4,1,0,37801,126,26,144,0,0,0,0,0,0,0,0,-32307,0,0,0,0,0,143535,0
143542,-716,512,-8542,11,-18,31,513402,-4,3,2,-8,37801,126,26,144,0,0,0,0,0,0,0,0,-32307,0,0,0,0,0,143536,0
143543,-716,512,-8542,11,-18,31,513401,-10,-1,1,-8,37801,128,26,144,0,0,0,0,0,0,0,0,-32308,0,0,0,0,0,143537,0
143544,-674,490,-8520,19,-12,28,513403,1,2,1,0,37801,128,26,144,0,0,0,0,0,0,0,0,-32308,0,0,0,0,0,143538,0
143545,-674,490,-8520,19,-12,28,513402,0,2,2,-8,37801,128,26,144,0,0,0,0,0,0,0,0,-32308,0,0,0,0,0,143539,0
143546,-674,490,-8520,19,-12,28,513402,5,-3,1,0,37801,128,26,144,0,0,0,0,0,0,0,0,-32308,0,0,0,0,0,143540,0
143547,-674,490,-8520,19,-12,28,513402,6,1,2,0,37801,128,26,144,0,0,0,0,0,0,0,0,-32308,0,0,0,0,0,143541,0
143548,-706,464,-8514,24,0,39,513402,-4,-4,2,-8,37801,128,26,144,0,0,0,0,0,0,0,0,-32307,0,0,0,0,0,143542,0
143549,-706,464,-8514,24,0,39,513403,3,2,1,0,37801,128,26,144,0,0,0,0,0,0,0,0,-32307,0,0,0,0,0,143543,0
143550,-706,464,-8514,24,0,39,513402,0,-1,1,-8,37801,128,26,144,0,0,0,0,0,0,0,0,-32308,0,0,0,0,0,143544,0
143551,-706,464,-8514,24,0,39,513403,3,2,2,-8,37801,128,26,144,0,0,0,0,0,0,0,0,-32307,0,0,0,0,0,143545,0
143552,-672,534,-8518,24,17,47,513403,5,1,1,0,37801,128,26,144,0,0,0,0,0,0,0,0,-32307,0,0,0,0,0,143546,0
143553,-672,534,-8518,24,17,47,513402,0,-1,1,-8,37796,137,26,144,0,0,0,0,0,0,0,0,-32307,0,0,0,0,0,143547,0
143554,-672,534,-8518,24,17,47,513402,0,-2,2,-8,37796,137,26,144,0,0,0,0,0,0,0,0,-32308,0,0,0,0,0,143548,0
143555,-672,534,-8518,24,17,47,513402,-9,2,1,-8,37796,137,26,144,0,0,0,0,0,0,0,0,-32308,0,0,0,0,0,143549,0
143556,-672,520,-8478,11,32,49,513402,-6,-3,1,-8,37796,137,26,144,0,0,0,0,0,0,0,0,-32307,0,0,0,0,0,143550,0
143557,-672,520,-8478,11,32,49,513402,-3,0,1,-8,37796,137,26,144,0,0,0,0,0,0,0,0,-32308,0,0,0,0,0,143551,0
143558,-672,520,-8478,11,32,49,513403,1,0,0,-8,37796,137,26,144,0,0,0,0,0,0,0,0,-32308,0,0,0,0,0,143552,0
143559,-672,520,-8478,11,32,49,513403,6,-1,0,-8,37796,137,26,144,0,0,0,0,0,0,0,0,-32308,0,0,0,0,0,143553,0
143560,-684,554,-8466,7,50,49,513402,2,2,1,-16,37796,137,26,144,0,0,0,0,0,0,0,0,-32308,0,0,0,0,0,143554,0
143561,-684,554,-8466,7,50,49,513403,2,-1,0,-8,37796,137,26,144,0,0,0,0,0,0,0,0,-32307,0,0,0,0,0,143555,0
143562,-684,554,-8466,7,50,49,513403,0,7,0,-16,37796,137,26,144,0,0,0,0,0,0,0,0,-32308,0,0,0,0,0,143556,0
143563,-684,554,-8466,7,50,49,513404,5,-1,0,-8,37795,139,26,144,0,0,0,0,0,0,0,0,-32308,0,0,0,0,0,143557,0
143564,-678,578,-8460,11,71,50,513402,3,4,-1,-8,37795,139,26,144,0,0,0,0,0,0,0,0,-32307,0,0,0,0,0,143558,0
143565,-678,578,-8460,11,71,50,513402,-5,1,0,-8,37795,139,26,144,0,0,0,0,0,0,0,0,-32308,0,0,0,0,0,143559,0
143566,-678,578,-8460,11,71,50,513402,-8,-4,0,-8,37795,139,26,144,0,0,0,0,0,0,0,0,-32307,0,0,0,0,0,143560,0
143567,-678,578,-8460,11,71,50,513403,-4,-1,-1,-8,37795,139,26,144,0,0,0,0,0,0,0,0,-32307,0,0,0,0,0,143561,0
143568,-702,536,-8464,1,75,50,513401,-3,4,-2,-8,37795,139,26,144,0,0,0,0,0,0,0,0,-32307,0,0,0,0,0,143562,0
143569,-702,536,-8464,1,75,50,513403,4,-5,-2,-8,37795,139,26,144,0,0,0,0,0,0,0,0,-32308,0,0,0,0,0,143563,0
143570,-702,536,-8464,1,75,50,513402,1,3,-2,-8,37795,139,26,144,0,0,0,0,0,0,0,0,-32307,0,0,0,0,0,143564,0
143571,-702,536,-8464,1,75,50,513403,2,-3,0,-8,37795,139,26,144,0,0,0,0,0,0,0,0,-32307,0,0,0,0,0,143565,0
143572,-730,526,-8452,-5,72,50,513401,0,0,-1,-8,37795,139,26,144,0,0,0,0,0,0,0,0,-32307,0,0,0,0,0,143566,0
143573,-730,526,-8452,-5,72,50,513403,0,-3,-1,-8,37793,136,26,144,0,0,0,0,0,0,0,0,-32308,0,0,0,0,0,143567,0
143574,-730,526,-8452,-5,72,50,513402,0,-1,0,-8,37793,136,26,144,0,0,0,0,0,0,0,0,-32308,0,0,0,0,0,143568,0
143575,-730,526,-8452,-5,72,50,513402,-1,-1,0,-8,37793,136,26,144,0,0,0,0,0,0,0,0,-32308,0,0,0,0,0,143569,0
143576,-748,514,-8448,-1,61,57,513401,-1,-1,0,-8,37793,136,26,144,0,0,0,0,0,0,0,0,-32308,0,0,0,0,0,143570,0
143577,-748,514,-8448,-1,61,57,513402,-6,-5,0,-8,37793,136,26,144,0,0,0,0,0,0,0,0,-32307,0,0,0,0,0,143571,0
143578,-748,514,-8448,-1,61,57,513402,0,-2,0,0,37793,136,26,144,0,0,0,0,0,0,0,0,-32308,0,0,0,0,0,143572,0
143579,-748,514,-8448,-1,61,57,513401,-1,-1,0,-8,37793,136,26,144,0,0,0,0,0,0,0,0,-32308,0,0,0,0,0,143573,0
143580,-770,514,-8444,-8,51,55,513403,3,0,0,-8,37793,136,26,144,0,0,0,0,0,0,0,0,-32308,0,0,0,0,0,143574,0
143581,-770,514,-8444,-8,51,55,513403,4,2,0,0,37793,136,26,144,0,0,0,0,0,0,0,0,-32308,0,0,0,0,0,143575,0
143582,-770,514,-8444,-8,51,55,513402,5,0,0,-8,37793,136,26,144,0,0,0,0,0,0,0,0,-32308,0,0,0,0,0,143576,0
143583,-770,514,-8444,-8,51,55,513402,0,1,0,-8,37793,127,26,144,0,0,0,0,0,0,0,0,-32308,0,0,0,0,0,143577,0
143584,-744,520,-8456,-6,45,57,513401,-7,-2,0,-8,37793,127,26,144,0,0,0,0,0,0,0,0,-32307,0,0,0,0,0,143578,0
143585,-744,520,-8456,-6,45,57,513402,-5,-4,0,-8,37793,127,26,144,0,0,0,0,0,0,0,0,-32307,0,0,0,0,0,143579,0
143586,-744,520,-8456,-6,45,57,513402,-1,-2,0,-8,37793,127,26,144,0,0,0,0,0,0,0,0,-32308,0,0,0,0,0,143580,0
143587,-744,520,-8456,-6,45,57,513403,4,5,0,0,37793,127,26,144,0,0,0,0,0,0,0,0,-32308,0,0,0,0,0,143581,0
143588,-762,512,-8450,-7,43,56,513403,7,1,-1,-8,37793,127,26,144,0,0,0,0,0,0,0,0,-32308,0,0,0,0,0,143582,0
143589,-762,512,-8450,-7,43,56,513402,1,0,0,0,37793,127,26,144,0,0,0,0,0,0,0,0,-32308,0,0,0,0,0,143583,0
143590,-762,512,-8450,-7,43,56,513401,-4,3,-1,0,37793,127,26,144,0,0,0,0,0,0,0,0,-32307,0,0,0,0,0,143584,0
143591,-762,512,-8450,-7,43,56,513402,-5,1,0,-8,37793,127,26,144,0,0,0,0,0,0,0,0,-32308,0,0,0,0,0,143585,0
143592,-754,500,-8436,1,43,54,513402,-1,5,0,-8,37793,127,26,144,0,0,0,0,0,0,0,0,-32308,0,0,0,0,0,143586,0
143593,-754,500,-8436,1,43,54,513403,8,-1,0,0,37794,134,26,144,0,0,0,0,0,0,0,0,-32308,0,0,0,0,0,143587,0
143594,-754,500,-8436,1,43,54,513402,6,5,0,-8,37794,134,26,144,0,0,0,0,0,0,0,0,-32307,0,0,0,0,0,143588,0
143595,-754,500,-8436,1,43,54,513403,5,-4,1,-8,37794,134,26,144,0,0,0,0,0,0,0,0,-32307,0,0,0,0,0,143589,0
143596,-752,480,-8436,3,36,52,513402,-2,1,0,0,37794,134,26,144,0,0,0,0,0,0,0,0,-32308,0,0,0,0,0,143590,0
143597,-752,480,-8436,3,36,52,513404,1,-2,0,0,37794,134,26,144,0,0,0,0,0,0,0,0,-32307,0,0,0,0,0,143591,0
143598,-752,480,-8436,3,36,52,513403,2,8,0,-8,37794,134,26,144,0,0,0,0,0,0,0,0,-32308,0,0,0,0,0,143592,0
143599,-752,480,-8436,3,36,52,513401,-9,4,0,-8,37794,134,26,144,0,0,0,0,0,0,0,0,-32307,0,0,0,0,0,143593,0
143600,-728,470,-8454,9,36,51,513403,-1,0,0,0,37794,134,26,144,0,0,0,0,0,0,0,0,-32307,0,0,0,0,0,143594,0
143601,-728,470,-8454,9,36,51,513402,-5,0,0,-8,37794,134,26,144,0,0,0,0,0,0,0,0,-32307,0,0,0,0,0,143595,0
143602,-728,470,-8454,9,36,51,513402,3,-1,0,0,37794,134,26,144,0,0,0,0,0,0,0,0,-32308,0,0,0,0,0,143596,0
143603,-728,470,-8454,9,36,51,513402,5,-4,0,0,37795,143,26,144,0,0,0,0,0,0,0,0,-32308,0,0,0,0,0,143597,0
143604,-724,486,-8432,11,45,55,513403,1,0,1,-8,37795,143,26,144,0,0,0,0,0,0,0,0,-32308,0,0,0,0,0,143598,0
143605,-724,486,-8432,11,45,55,513401,-3,0,1,-8,37795,143,26,144,0,0,0,0,0,0,0,0,-32308,0,0,0,0,0,143599,0
143606,-724,486,-8432,11,45,55,513402,-3,-2,0,-8,37795,143,26,144,0,0,0,0,0,0,0,0,-32308,0,0,0,0,0,143600,0
143607,-724,486,-8432,11,45,55,513403,1,1,0,-8,37795,143,26,144,0,0,0,0,0,0,0,0,-32308,0,0,0,0,0,143602,0
143608,-738,480,-8418,13,51,50,513402,0,-3,0,0,37795,143,26,144,0,0,0,0,0,0,0,0,-32308,0,0,0,0,0,143602,0
143609,-738,480,-8418,13,51,50,513402,3,1,0,0,37795,143,26,144,0,0,0,0,0,0,0,0,-32308,0,0,0,0,0,143603,0
143610,-738,480,-8418,13,51,50,513401,-5,-1,1,-8,37795,143,26,144,0,0,0,0,0,0,0,0,-32308,0,0,0,0,0,143604,0
143611,-738,480,-8418,13,51,50,513403,-4,-2,0,-8,37795,143,26,144,0,0,0,0,0,0,0,0,-32308,0,0,0,0,0,143605,0
143612,-704,492,-8408,5,66,46,513402,1,-2,-1,-8,37795,143,26,144,0,0,0,0,0,0,0,0,-32308,0,0,0,0,0,143606,0
143613,-704,492,-8408,5,66,46,513401,-3,-3,0,0,37795,146,26,144,0,0,0,0,0,0,0,0,-32307,0,0,0,0,0,143607,0
143614,-704,492,-8408,5,66,46,513403,1,0,0,0,37795,146,26,144,0,0,0,0,0,0,0,0,-32308,0,0,0,0,0,143608,0
143615,-704,492,-8408,5,66,46,513403,1,-2,-1,0,37795,146,26,144,0,0,0,0,0,0,0,0,-32308,0,0,0,0,0,143610,0
143616,-704,478,-8398,-10,77,44,513403,6,4,0,-8,37795,146,26,144,0,0,0,0,0,0,0,0,-32307,0,0,0,0,0,143610,0
143617,-704,478,-8398,-10,77,44,513404,13,3,0,0,37795,146,26,144,0,0,0,0,0,0,0,0,-32308,0,0,0,0,0,143612,0
143618,-704,478,-8398,-10,77,44,513400,-10,5,1,-8,37795,146,26,144,0,0,0,0,0,0,0,0,-32308,0,0,0,0,0,143613,0
143619,-704,478,-8398,-10,77,44,513403,-5,-12,1,-8,37795,146,26,144,0,0,0,0,0,0,0,0,-32308,0,0,0,0,0,143614,0
143620,-692,468,-8384,-17,86,47,513403,-3,3,2,-8,37795,146,26,144,0,0,0,0,0,0,0,0,-32308,0,0,0,0,0,143615,0
143621,-692,468,-8384,-17,86,47,513403,0,4,1,-8,37795,146,26,144,0,0,0,0,0,0,0,0,-32308,0,0,0,0,0,143616,0
143622,-692,468,-8384,-17,86,47,513402,7,0,1,-8,37795,146,26,144,0,0,0,0,0,0,0,0,-32308,0,0,0,0,0,143617,0
143623,-692,468,-8384,-17,86,47,513404,1,-1,1,-8,37799,128,26,144,0,0,0,0,0,0,0,0,-32307,0,0,0,0,0,143618,0
143624,-704,462,-8396,-25,97,52,513402,-1,5,0,-8,37799,128,26,144,0,0,0,0,0,0,0,0,-32307,0,0,0,0,0,143619,0
143625,-704,462,-8396,-25,97,52,513402,0,0,0,-8,37799,128,26,144,0,0,0,0,0,0,0,0,-32307,0,0,0,0,0,143620,0
143626,-704,462,-8396,-25,97,52,513404,6,3,0,-8,37799,128,26,144,0,0,0,0,0,0,0,0,-32307,0,0,0,0,0,143621,0
143627,-704,462,-8396,-25,97,52,513402,-2,6,0,-8,37799,128,26,144,0,0,0,0,0,0,0,0,-32308,0,0,0,0,0,143622,0
143628,-690,454,-8370,-34,103,56,513402,2,-1,0,-8,37799,128,26,144,0,0,0,0,0,0,0,0,-32308,0,0,0,0,0,143623,0
143629,-690,454,-8370,-34,103,56,513401,-8,-2,-1,-8,37799,128,26,144,0,0,0,0,0,0,0,0,-32308,0,0,0,0,0,143624,0
143630,-690,454,-8370,-34,103,56,513402,-9,-4,0,-8,37799,128,26,144,0,0,0,0,0,0,0,0,-32308,0,0,0,0,0,143625,0
143631,-690,454,-8370,-34,103,56,513403,2,-4,0,0,37799,128,26,144,0,0,0,0,0,0,0,0,-32308,0,0,0,0,0,143626,0
143632,-688,476,-8370,-40,114,58,513403,4,-1,0,0,37799,128,26,144,0,0,0,0,0,0,0,0,-32307,0,0,0,0,0,143627,0
143633,-688,476,-8370,-40,114,58,513402,6,7,0,0,37798,126,26,144,0,0,0,0,0,0,0,0,-32307,0,0,0,0,0,143628,0
143634,-688,476,-8370,-40,114,58,513402,-1,-6,0,0,37798,126,26,144,0,0,0,0,0,0,0,0,-32308,0,0,0,0,0,143629,0
143635,-688,476,-8370,-40,114,58,513402,-6,-1,0,-8,37798,126,26,144,0,0,0,0,0,0,0,0,-32308,0,0,0,0,0,143630,0
143636,-690,448,-8350,-52,114,54,513403,0,-1,0,0,37798,126,26,144,0,0,0,0,0,0,0,0,-32308,0,0,0,0,0,143631,0
143637,-690,448,-8350,-52,114,54,513402,1,2,0,0,37798,126,26,144,0,0,0,0,0,0,0,0,-32308,0,0,0,0,0,143632,0
143638,-690,448,-8350,-52,114,54,513401,-1,-5,-1,0,37798,126,26,144,0,0,0,0,0,0,0,0,-32308,0,0,0,0,0,143633,0
143639,-690,448,-8350,-52,114,54,513402,-1,-7,0,0,37798,126,26,144,0,0,0,0,0,0,0,0,-32307,0,0,0,0,0,143634,0
143640,-694,452,-8384,-52,111,54,513404,2,3,0,8,37798,126,26,144,0,0,0,0,0,0,0,0,-32308,0,0,0,0,0,143635,0
143641,-694,452,-8384,-52,111,54,513401,0,-1,0,0,37798,126,26,144,0,0,0,0,0,0,0,0,-32308,0,0,0,0,0,143636,0
143642,-694,452,-8384,-52,111,54,513402,1,-5,0,-8,37798,126,26,144,0,0,0,0,0,0,0,0,-32308,0,0,0,0,0,143637,0
143643,-694,452,-8384,-52,111,54,513401,-7,1,0,-8,37799,131,26,144,0,0,0,0,0,0,0,0,-32307,0,0,0,0,0,143638,0
143644,-680,478,-8386,-57,102,60,513403,-3,1,0,-8,37799,131,26,144,0,0,0,0,0,0,0,0,-32307,0,0,0,0,0,143639,0
143645,-680,478,-8386,-57,102,60,513402,5,2,1,0,37799,131,26,144,0,0,0,0,0,0,0,0,-32308,0,0,0,0,0,143640,0
143646,-680,478,-8386,-57,102,60,513404,11,3,1,0,37799,131,26,144,0,0,0,0,0,0,0,0,-32308,0,0,0,0,0,143641,0
143647,-680,478,-8386,-57,102,60,513403,9,-2,3,0,37799,131,26,144,0,0,0,0,0,0,0,0,-32307,0,0,0,0,0,143642,0
143648,-720,482,-8350,-60,82,51,513402,-2,0,3,-8,37799,131,26,144,0,0,0,0,0,0,0,0,-32307,0,0,0,0,0,143643,0
143649,-720,482,-8350,-60,82,51,513402,-5,3,1,-8,37799,131,26,144,0,0,0,0,0,0,0,0,-32307,0,0,0,0,0,143644,0
143650,-720,482,-8350,-60,82,51,513402,-10,2,1,-8,37799,131,26,144,0,0,0,0,0,0,0,0,-32308,0,0,0,0,0,143645,0
143651,-720,482,-8350,-60,82,51,513402,-3,0,1,-8,37799,131,26,144,0,0,0,0,0,0,0,0,-32308,0,0,0,0,0,143646,0
143652,-724,466,-8412,-49,52,51,513403,3,3,1,0,37799,131,26,144,0,0,0,0,0,0,0,0,-32307,0,0,0,0,0,143647,0
143653,-724,466,-8412,-49,52,51,513402,4,3,0,0,37795,142,26,144,0,0,0,0,0,0,0,0,-32307,0,0,0,0,0,143648,0
143654,-724,466,-8412,-49,52,51,513403,6,-3,0,-8,37795,142,26,144,0,0,0,0,0,0,0,0,-32307,0,0,0,0,0,143649,0
143655,-724,466,-8412,-49,52,51,513401,0,1,0,-8,37795,142,26,144,0,0,0,0,0,0,0,0,-32307,0,0,0,0,0,143650,0
143656,-706,492,-8400,-45,22,50,513403,-3,0,0,-8,37795,142,26,144,0,0,0,0,0,0,0,0,-32308,0,0,0,0,0,143651,0
143657,-706,492,-8400,-45,22,50,513402,-1,2,0,-8,37795,142,26,144,0,0,0,0,0,0,0,0,-32307,0,0,0,0,0,143652,0
143658,-706,492,-8400,-45,22,50,513402,-3,-1,0,0,37795,142,26,144,0,0,0,0,0,0,0,0,-32307,0,0,0,0,0,143653,0
143659,-706,492,-8400,-45,22,50,513401,-3,-2,0,0,37795,142,26,144,0,0,0,0,0,0,0,0,-32307,0,0,0,0,0,143654,0
143660,-726,510,-8404,-35,-12,53,513402,-5,0,1,-16,37795,142,26,144,0,0,0,0,0,0,0,0,-32307,0,0,0,0,0,143655,0
143661,-726,510,-8404,-35,-12,53,513403,1,-2,0,-8,37795,142,26,144,0,0,0,0,0,0,0,0,-32308,0,0,0,0,0,143656,0
143662,-726,510,-8404,-35,-12,53,513403,7,-3,0,-8,37795,142,26,144,0,0,0,0,0,0,0,0,-32308,0,0,0,0,0,143657,0
143663,-726,510,-8404,-35,-12,53,513404,13,4,0,-8,37794,149,26,144,0,0,0,0,0,0,0,0,-32307,0,0,0,0,0,143658,0
143664,-714,486,-8436,-22,-38,42,513402,1,3,0,-8,37794,149,26,144,0,0,0,0,0,0,0,0,-32307,0,0,0,0,0,143659,0
143665,-714,486,-8436,-22,-38,42,513402,-3,3,0,-8,37794,149,26,144,0,0,0,0,0,0,0,0,-32307,0,0,0,0,0,143660,0
143666,-714,486,-8436,-22,-38,42,513402,-5,-1,1,-8,37794,149,26,144,0,0,0,0,0,0,0,0,-32308,0,0,0,0,0,143661,0
143667,-714,486,-8436,-22,-38,42,513402,-8,-3,0,0,37794,149,26,144,0,0,0,0,0,0,0,0,-32308,0,0,0,0,0,143662,0
143668,-708,498,-8434,-12,-56,44,513402,0,-2,-1,0,37794,149,26,144,0,0,0,0,0,0,0,0,-32308,0,0,0,0,0,143663,0
143669,-708,498,-8434,-12,-56,44,513404,5,0,0,0,37794,149,26,144,0,0,0,0,0,0,0,0,-32308,0,0,0,0,0,143664,0
143670,-708,498,-8434,-12,-56,44,513401,0,3,0,-8,37794,149,26,144,0,0,0,0,0,0,0,0,-32308,0,0,0,0,0,143665,0
143671,-708,498,-8434,-12,-56,44,513402,-1,-6,0,0,37794,149,26,144,0,0,0,0,0,0,0,0,-32307,0,0,0,0,0,143666,0
143672,-696,500,-8462,-10,-76,40,513402,-3,-2,0,-8,37794,149,26,144,0,0,0,0,0,0,0,0,-32308,0,0,0,0,0,143667,0
143673,-696,500,-8462,-10,-76,40,513402,-3,2,0,-8,37794,139,26,144,0,0,0,0,0,0,0,0,-32308,0,0,0,0,0,143668,0
143674,-696,500,-8462,-10,-76,40,513403,7,1,0,0,37794,139,26,144,0,0,0,0,0,0,0,0,-32307,0,0,0,0,0,143669,0
143675,-696,500,-8462,-10,-76,40,513403,7,6,1,-8,37794,139,26,144,0,0,0,0,0,0,0,0,-32307,0,0,0,0,0,143670,0
143676,-680,510,-8454,-12,-79,42,513401,-2,1,1,-8,37794,139,26,144,0,0,0,0,0,0,0,0,-32307,0,0,0,0,0,143671,0
143677,-680,510,-8454,-12,-79,42,513403,-1,-5,1,-8,37794,139,26,144,0,0,0,0,0,0,0,0,-32308,0,0,0,0,0,143672,0
143678,-680,510,-8454,-12,-79,42,513403,-2,-2,2,0,37794,139,26,144,0,0,0,0,0,0,0,0,-32308,0,0,0,0,0,143673,0
143679,-680,510,-8454,-12,-79,42,513401,-6,2,2,-8,37794,139,26,144,0,0,0,0,0,0,0,0,-32307,0,0,0,0,0,143674,0
143680,-648,496,-8488,-3,-82,44,513402,0,-2,0,0,37794,139,26,144,0,0,0,0,0,0,0,0,-32307,0,0,0,0,0,143675,0
143681,-648,496,-8488,-3,-82,44,513402,-4,3,0,0,37794,139,26,144,0,0,0,0,0,0,0,0,-32308,0,0,0,0,0,143676,0
143682,-648,496,-8488,-3,-82,44,513403,2,-1,0,0,37794,139,26,144,0,0,0,0,0,0,0,0,-32308,0,0,0,0,0,143677,0
143683,-648,496,-8488,-3,-82,44,513401,2,2,0,0,37795,137,26,144,0,0,0,0,0,0,0,0,-32308,0,0,0,0,0,143678,0
143684,-614,512,-8466,-14,-65,50,513402,-2,-8,0,0,37795,137,26,144,0,0,0,0,0,0,0,0,-32308,0,0,0,0,0,143679,0
143685,-614,512,-8466,-14,-65,50,513404,8,1,0,0,37795,137,26,144,0,0,0,0,0,0,0,0,-32308,0,0,0,0,0,143680,0
143686,-614,512,-8466,-14,-65,50,513402,5,3,1,0,37795,137,26,144,0,0,0,0,0,0,0,0,-32308,0,0,0,0,0,143681,0
143687,-614,512,-8466,-14,-65,50,513403,9,1,0,0,37795,137,26,144,0,0,0,0,0,0,0,0,-32308,0,0,0,0,0,143682,0
143688,-594,526,-8490,-21,-51,50,513400,-8,0,1,0,37795,137,26,144,0,0,0,0,0,0,0,0,-32308,0,0,0,0,0,143683,0
143689,-594,526,-8490,-21,-51,50,513402,-14,-6,2,0,37795,137,26,144,0,0,0,0,0,0,0,0,-32308,0,0,0,0,0,143684,0
143690,-594,526,-8490,-21,-51,50,513400,-11,-1,1,0,37795,137,26,144,0,0,0,0,0,0,0,0,-32307,0,0,0,0,0,143685,0
143691,-594,526,-8490,-21,-51,50,513403,-3,-1,1,0,37795,137,26,144,0,0,0,0,0,0,0,0,-32308,0,0,0,0,0,143686,0
143692,-646,542,-8486,-28,-25,51,513402,8,5,2,-8,37795,137,26,144,0,0,0,0,0,0,0,0,-32308,0,0,0,0,0,143687,0
143693,-646,542,-8486,-28,-25,51,513402,5,-4,1,0,37797,138,26,144,0,0,0,0,0,0,0,0,-32308,0,0,0,0,0,143688,0
143694,-646,542,-8486,-28,-25,51,513403,9,2,1,0,37797,138,26,144,0,0,0,0,0,0,0,0,-32308,0,0,0,0,0,143689,0
143695,-646,542,-8486,-28,-25,51,513403,4,1,2,-8,37797,138,26,144,0,0,0,0,0,0,0,0,-32308,0,0,0,0,0,143690,0
143696,-634,512,-8498,-28,-7,56,513401,-1,3,0,0,37797,138,26,144,0,0,0,0,0,0,0,0,-32308,0,0,0,0,0,143691,0
143697,-634,512,-8498,-28,-7,56,513403,1,-5,1,-8,37797,138,26,144,0,0,0,0,0,0,0,0,-32308,0,0,0,0,0,143692,0
143698,-634,512,-8498,-28,-7,56,513403,3,12,2,-8,37797,138,26,144,0,0,0,0,0,0,0,0,-32308,0,0,0,0,0,143693,0
143699,-634,512,-8498,-28,-7,56,513402,0,-2,1,-8,37797,138,26,144,0,0,0,0,0,0,0,0,-32308,0,0,0,0,0,143694,0
143700,-590,492,-8470,-38,23,67,513403,2,-5,0,-8,37797,138,26,144,0,0,0,0,0,0,0,0,-32308,0,0,0,0,0,143695,0
143701,-590,492,-8470,-38,23,67,513404,0,3,1,-8,37797,138,26,144,0,0,0,0,0,0,0,0,-32308,0,0,0,0,0,143696,0
143702,-590,492,-8470,-38,23,67,513403,3,1,1,-8,37797,138,26,144,0,0,0,0,0,0,0,0,-32308,0,0,0,0,0,143697,0
143703,-590,492,-8470,-38,23,67,513402,0,7,1,-8,37797,141,26,144,0,0,0,0,0,0,0,0,-32308,0,0,0,0,0,143698,0
143704,-562,492,-8458,-46,61,79,513401,-11,2,2,-8,37797,141,26,144,0,0,0,0,0,0,0,0,-32308,0,0,0,0,0,143699,0
143705,-562,492,-8458,-46,61,79,513403,-10,0,1,-8,37797,141,26,144,0,0,0,0,0,0,0,0,-32308,0,0,0,0,0,143700,0
143706,-562,492,-8458,-46,61,79,513403,0,1,0,-8,37797,141,26,144,0,0,0,0,0,0,0,0,-32308,0,0,0,0,0,143701,0
143707,-562,492,-8458,-46,61,79,513402,3,2,1,-8,37797,141,26,144,0,0,0,0,0,0,0,0,-32308,0,0,0,0,0,143702,0
143708,-584,460,-8428,-68,89,69,513403,5,-3,0,-8,37797,141,26,144,0,0,0,0,0,0,0,0,-32308,0,0,0,0,0,143703,0
143709,-584,460,-8428,-68,89,69,513401,-8,-3,0,-8,37797,141,26,144,0,0,0,0,0,0,0,0,-32307,0,0,0,0,0,143704,0
143710,-584,460,-8428,-68,89,69,513401,-8,-3,0,-8,37797,141,26,144,0,0,0,0,0,0,0,0,-32308,0,0,0,0,0,143705,0
143711,-584,460,-8428,-68,89,69,513403,0,2,0,-8,37797,141,26,144,0,0,0,0,0,0,0,0,-32308,0,0,0,0,0,143706,0
143712,-602,482,-8378,-73,110,78,513403,3,1,0,-8,37797,141,26,144,0,0,0,0,0,0,0,0,-32308,0,0,0,0,0,143707,0
143713,-602,482,-8378,-73,110,78,513402,9,-2,0,-8,37796,144,26,144,0,0,0,0,0,0,0,0,-32307,0,0,0,0,0,143708,0
143714,-602,482,-8378,-73,110,78,513402,0,3,0,-8,37796,144,26,144,0,0,0,0,0,0,0,0,-32308,0,0,0,0,0,143709,0
143715,-602,482,-8378,-73,110,78,513402,-4,-2,-1,-8,37796,144,26,144,0,0,0,0,0,0,0,0,-32307,0,0,0,0,0,143710,0
143716,-680,516,-8368,-81,120,86,513402,-4,-4,-1,-8,37796,144,26,144,0,0,0,0,0,0,0,0,-32308,0,0,0,0,0,143711,0
143717,-680,516,-8368,-81,120,86,513402,1,-6,-1,-8,37796,144,26,144,0,0,0,0,0,0,0,0,-32307,0,0,0,0,0,143712,0
143718,-680,516,-8368,-81,120,86,513401,0,2,-1,-8,37796,144,26,144,0,0,0,0,0,0,0,0,-32308,0,0,0,0,0,143713,0
143719,-680,516,-8368,-81,120,86,513402,0,-6,-2,-8,37796,144,26,144,0,0,0,0,0,0,0,0,-32308,0,0,0,0,0,143714,0
143720,-730,528,-8348,-88,118,98,513402,4,-2,-2,-8,37796,144,26,144,0,0,0,0,0,0,0,0,-32307,0,0,0,0,0,143715,0
143721,-730,528,-8348,-88,118,98,513403,4,0,-1,0,37796,144,26,144,0,0,0,0,0,0,0,0,-32307,0,0,0,0,0,143716,0
143722,-730,528,-8348,-88,118,98,513402,2,-1,-1,0,37796,144,26,144,0,0,0,0,0,0,0,0,-32308,0,0,0,0,0,143717,0
143723,-730,528,-8348,-88,118,98,513402,2,-2,-1,-8,37799,131,26,144,0,0,0,0,0,0,0,0,-32307,0,0,0,0,0,143718,0
143724,-708,552,-8350,-92,105,111,513402,-1,3,0,0,37799,131,26,144,0,0,0,0,0,0,0,0,-32308,0,0,0,0,0,143719,0
143725,-708,552,-8350,-92,105,111,513402,-2,0,0,0,37799,131,26,144,0,0,0,0,0,0,0,0,-32308,0,0,0,0,0,143720,0
143726,-708,552,-8350,-92,105,111,513402,0,2,0,0,37799,131,26,144,0,0,0,0,0,0,0,0,-32308,0,0,0,0,0,143721,0
143727,-708,552,-8350,-92,105,111,513403,3,1,0,0,37799,131,26,144,0,0,0,0,0,0,0,0,-32308,0,0,0,0,0,143722,0
143728,-726,532,-8356,-102,87,113,513401,-2,-4,0,0,37799,131,26,144,0,0,0,0,0,0,0,0,-32308,0,0,0,0,0,143723,0
143729,-726,532,-8356,-102,87,113,513403,1,4,0,-8,37799,131,26,144,0,0,0,0,0,0,0,0,-32307,0,0,0,0,0,143724,0
143730,-726,532,-8356,-102,87,113,513402,0,3,1,0,37799,131,26,144,0,0,0,0,0,0,0,0,-32308,0,0,0,0,0,143725,0
143731,-726,532,-8356,-102,87,113,513401,-5,1,1,-8,37799,131,26,144,0,0,0,0,0,0,0,0,-32307,0,0,0,0,0,143726,0
143732,-710,522,-8316,-117,65,109,513403,0,3,1,-8,37799,131,26,144,0,0,0,0,0,0,0,0,-32307,0,0,0,0,0,143727,0
143733,-710,522,-8316,-117,65,109,513403,1,1,1,0,37796,124,26,144,0,0,0,0,0,0,0,0,-32307,0,0,0,0,0,143728,0
143734,-710,522,-8316,-117,65,109,513402,3,0,1,0,37796,124,26,144,0,0,0,0,0,0,0,0,-32307,0,0,0,0,0,143729,0
143735,-710,522,-8316,-117,65,109,513402,1,1,1,0,37796,124,26,144,0,0,0,0,0,0,0,0,-32308,0,0,0,0,0,143730,0
143736,-734,518,-8324,-120,42,92,513403,-1,1,0,0,37796,124,26,144,0,0,0,0,0,0,0,0,-32307,0,0,0,0,0,143731,0
143737,-734,518,-8324,-120,42,92,513402,-1,2,1,0,37796,124,26,144,0,0,0,0,0,0,0,0,-32307,0,0,0,0,0,143732,0
143738,-734,518,-8324,-120,42,92,513402,2,-1,1,-8,37796,124,26,144,0,0,0,0,0,0,0,0,-32307,0,0,0,0,0,143733,0
143739,-734,518,-8324,-120,42,92,513403,3,-1,2,-8,37796,124,26,144,0,0,0,0,0,0,0,0,-32307,0,0,0,0,0,143734,0
143740,-788,526,-8334,-118,17,95,513402,-2,2,2,0,37796,124,26,144,0,0,0,0,0,0,0,0,-32307,0,0,0,0,0,143735,0
143741,-788,526,-8334,-118,17,95,513401,-3,-2,2,-8,37796,124,26,144,0,0,0,0,0,0,0,0,-32307,0,0,0,0,0,143736,0
143742,-788,526,-8334,-118,17,95,513402,-2,1,2,-8,37796,124,26,144,0,0,0,0,0,0,0,0,-32307,0,0,0,0,0,143737,0
143743,-788,526,-8334,-118,17,95,513403,0,-1,2,0,37796,128,26,144,0,0,0,0,0,0,0,0,-32307,0,0,0,0,0,143738,0
143744,-782,518,-8352,-118,-17,95,513402,4,0,2,-8,37796,128,26,144,0,0,0,0,0,0,0,0,-32307,0,0,0,0,0,143739,0
143745,-782,518,-8352,-118,-17,95,513402,3,2,2,-8,37796,128,26,144,0,0,0,0,0,0,0,0,-32307,0,0,0,0,0,143740,0
143746,-782,518,-8352,-118,-17,95,513403,0,-1,1,0,37796,128,26,144,0,0,0,0,0,0,0,0,-32308,0,0,0,0,0,143741,0
143747,-782,518,-8352,-118,-17,95,513402,0,-4,0,0,37796,128,26,144,0,0,0,0,0,0,0,0,-32307,0,0,0,0,0,143742,0
143748,-770,504,-8380,-102,-42,89,513403,2,2,1,-8,37796,128,26,144,0,0,0,0,0,0,0,0,-32308,0,0,0,0,0,143743,0
143749,-770,504,-8380,-102,-42,89,513402,-1,3,1,0,37796,128,26,144,0,0,0,0,0,0,0,0,-32307,0,0,0,0,0,143744,0
143750,-770,504,-8380,-102,-42,89,513401,-9,-6,0,-8,37796,128,26,144,0,0,0,0,0,0,0,0,-32307,0,0,0,0,0,143745,0
143751,-770,504,-8380,-102,-42,89,513403,0,2,0,-8,37796,128,26,144,0,0,0,0,0,0,0,0,-32308,0,0,0,0,0,143747,0
143752,-780,468,-8426,-98,-71,74,513402,0,1,0,-8,37796,128,26,144,0,0,0,0,0,0,0,0,-32308,0,0,0,0,0,143747,0
143753,-780,468,-8426,-98,-71,74,513403,5,-2,1,0,37795,142,26,144,0,0,0,0,0,0,0,0,-32308,0,0,0,0,0,143748,0
143754,-780,468,-8426,-98,-71,74,513404,12,3,1,0,37795,142,26,144,0,0,0,0,0,0,0,0,-32308,0,0,0,0,0,143749,0
143755,-780,468,-8426,-98,-71,74,513401,-6,1,1,-8,37795,142,26,144,0,0,0,0,0,0,0,0,-32308,0,0,0,0,0,143750,0
143756,-762,458,-8446,-87,-102,57,513401,-7,-4,0,-8,37795,142,26,144,0,0,0,0,0,0,0,0,-32308,0,0,0,0,0,143751,0
143757,-762,458,-8446,-87,-102,57,513403,-3,2,0,-8,37795,142,26,144,0,0,0,0,0,0,0,0,-32308,0,0,0,0,0,143752,0
143758,-762,458,-8446,-87,-102,57,513402,-5,-1,0,-8,37795,142,26,144,0,0,0,0,0,0,0,0,-32308,0,0,0,0,0,143753,0
143759,-762,458,-8446,-87,-102,57,513402,3,-2,1,-8,37795,142,26,144,0,0,0,0,0,0,0,0,-32308,0,0,0,0,0,143755,0
143760,-758,438,-8468,-72,-127,52,513403,1,0,0,-8,37795,142,26,144,0,0,0,0,0,0,0,0,-32307,0,0,0,0,0,143756,0
143761,-758,438,-8468,-72,-127,52,513402,-1,0,0,-8,37795,142,26,144,0,0,0,0,0,0,0,0,-32307,0,0,0,0,0,143757,0
143762,-758,438,-8468,-72,-127,52,513403,9,2,0,-8,37795,142,26,144,0,0,0,0,0,0,0,0,-32308,0,0,0,0,0,143758,0
143763,-758,438,-8468,-72,-127,52,513402,4,1,0,-8,37798,148,26,144,0,0,0,0,0,0,0,0,-32307,0,0,0,0,0,143759,0
143764,-726,448,-8516,-53,-139,52,513403,0,4,0,-8,37798,148,26,144,0,0,0,0,0,0,0,0,-32307,0,0,0,0,0,143760,0
143765,-726,448,-8516,-53,-139,52,513401,-5,-4,0,-8,37798,148,26,144,0,0,0,0,0,0,0,0,-32307,0,0,0,0,0,143761,0
143766,-726,448,-8516,-53,-139,52,513402,-5,0,0,-8,37798,148,26,144,0,0,0,0,0,0,0,0,-32308,0,0,0,0,0,143762,0
143767,-726,448,-8516,-53,-139,52,513403,5,0,-1,-8,37798,148,26,144,0,0,0,0,0,0,0,0,-32307,0,0,0,0,0,143763,0
143768,-756,450,-8508,-35,-156,53,513403,5,-2,-1,-8,37798,148,26,144,0,0,0,0,0,0,0,0,-32307,0,0,0,0,0,143764,0
143769,-756,450,-8508,-35,-156,53,513403,8,0,-1,-8,37798,148,26,144,0,0,0,0,0,0,0,0,-32308,0,0,0,0,0,143765,0
143770,-756,450,-8508,-35,-156,53,513402,-1,2,-1,-8,37798,148,26,144,0,0,0,0,0,0,0,0,-32308,0,0,0,0,0,143766,0
143771,-756,450,-8508,-35,-156,53,513403,-4,2,-1,0,37798,148,26,144,0,0,0,0,0,0,0,0,-32308,0,0,0,0,0,143767,0
143772,-702,454,-8544,-27,-150,59,513402,-4,0,-1,-8,37798,148,26,144,0,0,0,0,0,0,0,0,-32307,0,0,0,0,0,143768,0
143773,-702,454,-8544,-27,-150,59,513403,-2,2,0,-8,37795,138,26,144,0,0,0,0,0,0,0,0,-32308,0,0,0,0,0,143769,0
143774,-702,454,-8544,-27,-150,59,513403,1,0,0,0,37795,138,26,144,0,0,0,0,0,0,0,0,-32308,0,0,0,0,0,143770,0
143775,-702,454,-8544,-27,-150,59,513403,3,-1,0,0,37795,138,26,144,0,0,0,0,0,0,0,0,-32308,0,0,0,0,0,143771,0
143776,-686,460,-8528,-23,-133,54,513401,-3,-2,0,-8,37795,138,26,144,0,0,0,0,0,0,0,0,-32308,0,0,0,0,0,143772,0
143777,-686,460,-8528,-23,-133,54,513402,-4,1,0,0,37795,138,26,144,0,0,0,0,0,0,0,0,-32307,0,0,0,0,0,143773,0
143778,-686,460,-8528,-23,-133,54,513402,-4,-6,1,0,37795,138,26,144,0,0,0,0,0,0,0,0,-32308,0,0,0,0,0,143774,0
143779,-686,460,-8528,-23,-133,54,513403,3,6,1,0,37795,138,26,144,0,0,0,0,0,0,0,0,-32308,0,0,0,0,0,143775,0
143780,-632,512,-8580,-24,-108,46,513403,12,1,0,0,37795,138,26,144,0,0,0,0,0,0,0,0,-32308,0,0,0,0,0,143776,0
143781,-632,512,-8580,-24,-108,46,513403,5,0,1,0,37795,138,26,144,0,0,0,0,0,0,0,0,-32308,0,0,0,0,0,143777,0
143782,-632,512,-8580,-24,-108,46,513402,0,1,1,-8,37795,138,26,144,0,0,0,0,0,0,0,0,-32308,0,0,0,0,0,143778,0
143783,-632,512,-8580,-24,-108,46,513402,-7,-4,1,-8,37794,121,26,144,0,0,0,0,0,0,0,0,-32308,0,0,0,0,0,143779,0
143784,-642,492,-8534,-25,-76,51,513401,-9,-4,1,0,37794,121,26,144,0,0,0,0,0,0,0,0,-32308,0,0,0,0,0,143780,0
143785,-642,492,-8534,-25,-76,51,513402,-4,-1,1,0,37794,121,26,144,0,0,0,0,0,0,0,0,-32308,0,0,0,0,0,143781,0
143786,-642,492,-8534,-25,-76,51,513403,3,2,1,0,37794,121,26,144,0,0,0,0,0,0,0,0,-32308,0,0,0,0,0,143782,0
143787,-642,492,-8534,-25,-76,51,513403,7,-1,1,0,37794,121,26,144,0,0,0,0,0,0,0,0,-32308,0,0,0,0,0,143783,0
143788,-644,500,-8516,-29,-42,58,513401,1,-4,1,0,37794,121,26,144,0,0,0,0,0,0,0,0,-32308,0,0,0,0,0,143784,0
143789,-644,500,-8516,-29,-42,58,513404,1,1,1,0,37794,121,26,144,0,0,0,0,0,0,0,0,-32308,0,0,0,0,0,143785,0
143790,-644,500,-8516,-29,-42,58,513403,-1,5,0,0,37794,121,26,144,0,0,0,0,0,0,0,0,-32308,0,0,0,0,0,143786,0
143791,-644,500,-8516,-29,-42,58,513401,-5,-1,0,0,37794,121,26,144,0,0,0,0,0,0,0,0,-32308,0,0,0,0,0,143787,0
143792,-658,506,-8528,-34,-8,64,513403,3,3,1,0,37794,121,26,144,0,0,0,0,0,0,0,0,-32308,0,0,0,0,0,143788,0
143793,-658,506,-8528,-34,-8,64,513403,-3,-3,1,0,37796,120,26,144,0,0,0,0,0,0,0,0,-32308,0,0,0,0,0,143789,0
143794,-658,506,-8528,-34,-8,64,513402,2,-4,0,-8,37796,120,26,144,0,0,0,0,0,0,0,0,-32307,0,0,0,0,0,143790,0
143795,-658,506,-8528,-34,-8,64,513403,4,2,1,0,37796,120,26,144,0,0,0,0,0,0,0,0,-32307,0,0,0,0,0,143791,0
143796,-662,532,-8498,-46,25,74,513402,-2,-1,2,0,37796,120,26,144,0,0,0,0,0,0,0,0,-32308,0,0,0,0,0,143792,0
143797,-662,532,-8498,-46,25,74,513401,-7,0,1,-8,37796,120,26,144,0,0,0,0,0,0,0,0,-32307,0,0,0,0,0,143793,0
143798,-662,532,-8498,-46,25,74,513402,-4,3,2,-8,37796,120,26,144,0,0,0,0,0,0,0,0,-32308,0,0,0,0,0,143794,0
143799,-662,532,-8498,-46,25,74,513401,-5,-1,2,-8,37796,120,26,144,0,0,0,0,0,0,0,0,-32308,0,0,0,0,0,143795,0
143800,-688,510,-8472,-57,49,72,513404,6,0,1,-8,37796,120,26,144,0,0,0,0,0,0,0,0,-32307,0,0,0,0,0,143796,0
143801,-688,510,-8472,-57,49,72,513403,12,1,1,-8,37796,120,26,144,0,0,0,0,0,0,0,0,-32307,0,0,0,0,0,143797,0
143802,-688,510,-8472,-57,49,72,513402,2,2,1,-8,37796,120,26,144,0,0,0,0,0,0,0,0,-32308,0,0,0,0,0,143798,0
143803,-688,510,-8472,-57,49,72,513402,1,-2,0,-8,37798,130,26,144,0,0,0,0,0,0,0,0,-32308,0,0,0,0,0,143799,0
143804,-666,496,-8438,-72,81,78,513402,-10,-3,1,-8,37798,130,26,144,0,0,0,0,0,0,0,0,-32308,0,0,0,0,0,143800,0
143805,-666,496,-8438,-72,81,78,513403,0,5,0,0,37798,130,26,144,0,0,0,0,0,0,0,0,-32308,0,0,0,0,0,143801,0
143806,-666,496,-8438,-72,81,78,513402,0,-1,0,-8,37798,130,26,144,0,0,0,0,0,0,0,0,-32308,0,0,0,0,0,143802,0
143807,-666,496,-8438,-72,81,78,513403,3,-1,0,-8,37798,130,26,144,0,0,0,0,0,0,0,0,-32308,0,0,0,0,0,143803,0
143808,-696,498,-8414,-86,102,77,513402,3,0,0,-8,37798,130,26,144,0,0,0,0,0,0,0,0,-32307,0,0,0,0,0,143804,0
143809,-696,498,-8414,-86,102,77,513402,-6,1,0,-8,37798,130,26,144,0,0,0,0,0,0,0,0,-32308,0,0,0,0,0,143805,0
143810,-696,498,-8414,-86,102,77,513402,-2,-2,0,-8,37798,130,26,144,0,0,0,0,0,0,0,0,-32307,0,0,0,0,0,143806,0
143811,-696,498,-8414,-86,102,77,513402,-6,1,0,-8,37798,130,26,144,0,0,0,0,0,0,0,0,-32308,0,0,0,0,0,143807,0
143812,-726,530,-8368,-96,118,78,513403,3,0,0,-8,37798,130,26,144,0,0,0,0,0,0,0,0,-32308,0,0,0,0,0,143808,0
143813,-726,530,-8368,-96,118,78,513403,10,3,1,-8,37797,139,26,144,0,0,0,0,0,0,0,0,-32307,0,0,0,0,0,143809,0
143814,-726,530,-8368,-96,118,78,513401,-1,-6,0,0,37797,139,26,144,0,0,0,0,0,0,0,0,-32308,0,0,0,0,0,143810,0
143815,-726,530,-8368,-96,118,78,513401,-5,-2,0,-8,37797,139,26,144,0,0,0,0,0,0,0,0,-32308,0,0,0,0,0,143811,0
143816,-738,492,-8364,-103,121,78,513402,-10,-3,0,-16,37797,139,26,144,0,0,0,0,0,0,0,0,-32307,0,0,0,0,0,143812,0
143817,-738,492,-8364,-103,121,78,513402,-4,4,0,-8,37797,139,26,144,0,0,0,0,0,0,0,0,-32308,0,0,0,0,0,143813,0
143818,-738,492,-8364,-103,121,78,513401,0,1,-1,-8,37797,139,26,144,0,0,0,0,0,0,0,0,-32307,0,0,0,0,0,143814,0
143819,-738,492,-8364,-103,121,78,513401,-1,-7,0,-8,37797,139,26,144,0,0,0,0,0,0,0,0,-32308,0,0,0,0,0,143815,0
143820,-760,534,-8372,-110,107,74,513402,0,2,0,0,37797,139,26,144,0,0,0,0,0,0,0,0,-32308,0,0,0,0,0,143816,0
143821,-760,534,-8372,-110,107,74,513402,0,-1,0,0,37797,139,26,144,0,0,0,0,0,0,0,0,-32307,0,0,0,0,0,143817,0
143822,-760,534,-8372,-110,107,74,513402,5,0,1,0,37797,139,26,144,0,0,0,0,0,0,0,0,-32308,0,0,0,0,0,143818,0
143823,-760,534,-8372,-110,107,74,513403,9,4,0,0,37797,137,26,144,0,0,0,0,0,0,0,0,-32308,0,0,0,0,0,143819,0
143824,-808,534,-8366,-110,93,72,513401,0,-2,0,0,37797,137,26,144,0,0,0,0,0,0,0,0,-32308,0,0,0,0,0,143820,0
143825,-808,534,-8366,-110,93,72,513403,2,1,0,-8,37797,137,26,144,0,0,0,0,0,0,0,0,-32308,0,0,0,0,0,143821,0
143826,-808,534,-8366,-110,93,72,513401,-4,-4,0,0,37797,137,26,144,0,0,0,0,0,0,0,0,-32308,0,0,0,0,0,143822,0
143827,-808,534,-8366,-110,93,72,513403,-1,-2,0,0,37797,137,26,144,0,0,0,0,0,0,0,0,-32307,0,0,0,0,0,143823,0
143828,-834,510,-8382,-107,60,52,513403,8,7,1,0,37797,137,26,144,0,0,0,0,0,0,0,0,-32308,0,0,0,0,0,143824,0
143829,-834,510,-8382,-107,60,52,513402,-2,4,0,-8,37797,137,26,144,0,0,0,0,0,0,0,0,-32308,0,0,0,0,0,143825,0
143830,-834,510,-8382,-107,60,52,513401,-3,-3,0,0,37797,137,26,144,0,0,0,0,0,0,0,0,-32308,0,0,0,0,0,143826,0
143831,-834,510,-8382,-107,60,52,513403,-3,3,0,0,37797,137,26,144,0,0,0,0,0,0,0,0,-32308,0,0,0,0,0,143827,0
143832,-814,464,-8382,-96,26,37,513403,1,3,0,-8,37797,137,26,144,0,0,0,0,0,0,0,0,-32308,0,0,0,0,0,143828,0
143833,-814,464,-8382,-96,26,37,513401,0,2,1,0,37803,136,26,144,0,0,0,0,0,0,0,0,-32307,0,0,0,0,0,143829,0
143834,-814,464,-8382,-96,26,37,513403,1,0,1,0,37803,136,26,144,0,0,0,0,0,0,0,0,-32308,0,0,0,0,0,143830,0
143835,-814,464,-8382,-96,26,37,513403,1,4,1,-8,37803,136,26,144,0,0,0,0,0,0,0,0,-32307,0,0,0,0,0,143831,0
143836,-842,450,-8428,-87,0,24,513400,-4,-3,1,-8,37803,136,26,144,0,0,0,0,0,0,0,0,-32308,0,0,0,0,0,143832,0
143837,-842,450,-8428,-87,0,24,513403,7,1,1,0,37803,136,26,144,0,0,0,0,0,0,0,0,-32308,0,0,0,0,0,143833,0
143838,-842,450,-8428,-87,0,24,513402,-3,1,1,-8,37803,136,26,144,0,0,0,0,0,0,0,0,-32308,0,0,0,0,0,143834,0
143839,-842,450,-8428,-87,0,24,513402,-4,-2,0,-8,37803,136,26,144,0,0,0,0,0,0,0,0,-32308,0,0,0,0,0,143835,0
143840,-814,414,-8436,-72,-30,11,513403,5,8,0,0,37803,136,26,144,0,0,0,0,0,0,0,0,-32308,0,0,0,0,0,143836,0
143841,-814,414,-8436,-72,-30,11,513403,-1,1,1,0,37803,136,26,144,0,0,0,0,0,0,0,0,-32307,0,0,0,0,0,143837,0
143842,-814,414,-8436,-72,-30,11,513401,0,-7,1,0,37803,136,26,144,0,0,0,0,0,0,0,0,-32308,0,0,0,0,0,143838,0
143843,-814,414,-8436,-72,-30,11,513403,1,2,0,0,37804,136,26,144,0,0,0,0,0,0,0,0,-32308,0,0,0,0,0,143839,0
143844,-784,400,-8434,-56,-50,3,513401,-7,-2,1,-8,37804,136,26,144,0,0,0,0,0,0,0,0,-32307,0,0,0,0,0,143840,0
143845,-784,400,-8434,-56,-50,3,513403,1,1,2,-8,37804,136,26,144,0,0,0,0,0,0,0,0,-32308,0,0,0,0,0,143841,0
143846,-784,400,-8434,-56,-50,3,513402,4,-5,1,0,37804,136,26,144,0,0,0,0,0,0,0,0,-32307,0,0,0,0,0,143842,0
143847,-784,400,-8434,-56,-50,3,513401,-4,-2,1,-8,37804,136,26,144,0,0,0,0,0,0,0,0,-32307,0,0,0,0,0,143843,0
143848,-754,390,-8454,-33,-65,-5,513402,-1,-4,2,-8,37804,136,26,144,0,0,0,0,0,0,0,0,-32307,0,0,0,0,0,143844,0
143849,-754,390,-8454,-33,-65,-5,513403,-3,0,2,-8,37804,136,26,144,0,0,0,0,0,0,0,0,-32308,0,0,0,0,0,143845,0
143850,-754,390,-8454,-33,-65,-5,513402,3,3,2,-8,37804,136,26,144,0,0,0,0,0,0,0,0,-32308,0,0,0,0,0,143846,0
143851,-754,390,-8454,-33,-65,-5,513402,5,2,2,-8,37804,136,26,144,0,0,0,0,0,0,0,0,-32307,0,0,0,0,0,143847,0
143852,-752,398,-8440,-21,-67,-7,513401,-2,-6,2,-8,37804,136,26,144,0,0,0,0,0,0,0,0,-32307,0,0,0,0,0,143848,0
143853,-752,398,-8440,-21,-67,-7,513403,0,3,1,-8,37804,142,26,144,0,0,0,0,0,0,0,0,-32308,0,0,0,0,0,143849,0
143854,-752,398,-8440,-21,-67,-7,513403,3,0,2,-8,37804,142,26,144,0,0,0,0,0,0,0,0,-32308,0,0,0,0,0,143850,0
143855,-752,398,-8440,-21,-67,-7,513401,0,-3,1,-8,37804,142,26,144,0,0,0,0,0,0,0,0,-32308,0,0,0,0,0,143851,0
143856,-714,394,-8428,0,-58,-9,513402,-3,2,0,-8,37804,142,26,144,0,0,0,0,0,0,0,0,-32307,0,0,0,0,0,143852,0
143857,-714,394,-8428,0,-58,-9,513404,3,4,0,-8,37804,142,26,144,0,0,0,0,0,0,0,0,-32308,0,0,0,0,0,143853,0
143858,-714,394,-8428,0,-58,-9,513401,-1,-3,0,-8,37804,142,26,144,0,0,0,0,0,0,0,0,-32307,0,0,0,0,0,143854,0
143859,-714,394,-8428,0,-58,-9,513402,0,1,0,-8,37804,142,26,144,0,0,0,0,0,0,0,0,-32307,0,0,0,0,0,143855,0
143860,-694,426,-8430,2,-32,-8,513402,-5,1,0,-16,37804,142,26,144,0,0,0,0,0,0,0,0,-32308,0,0,0,0,0,143856,0
143861,-694,426,-8430,2,-32,-8,513403,-3,0,0,0,37804,142,26,144,0,0,0,0,0,0,0,0,-32308,0,0,0,0,0,143857,0
143862,-694,426,-8430,2,-32,-8,513402,7,2,0,0,37804,142,26,144,0,0,0,0,0,0,0,0,-32308,0,0,0,0,0,143858,0
143863,-694,426,-8430,2,-32,-8,513402,1,1,0,-8,37797,147,26,144,0,0,0,0,0,0,0,0,-32308,0,0,0,0,0,143859,0
143864,-640,414,-8408,0,5,-14,513402,0,-7,0,0,37797,147,26,144,0,0,0,0,0,0,0,0,-32308,0,0,0,0,0,143860,0
143865,-640,414,-8408,0,5,-14,513403,-1,6,0,-8,37797,147,26,144,0,0,0,0,0,0,0,0,-32308,0,0,0,0,0,143861,0
143866,-640,414,-8408,0,5,-14,513401,0,-1,0,-8,37797,147,26,144,0,0,0,0,0,0,0,0,-32308,0,0,0,0,0,143862,0
143867,-640,414,-8408,0,5,-14,513403,0,0,0,-8,37797,147,26,144,0,0,0,0,0,0,0,0,-32308,0,0,0,0,0,143863,0
143868,-668,452,-8380,-5,37,-3,513402,0,0,0,-8,37797,147,26,144,0,0,0,0,0,0,0,0,-32308,0,0,0,0,0,143864,0
143869,-668,452,-8380,-5,37,-3,513402,-1,4,0,-8,37797,147,26,144,0,0,0,0,0,0,0,0,-32308,0,0,0,0,0,143865,0
143870,-668,452,-8380,-5,37,-3,513403,4,-1,0,-8,37797,147,26,144,0,0,0,0,0,0,0,0,-32307,0,0,0,0,0,143866,0
143871,-668,452,-8380,-5,37,-3,513401,-3,-4,0,-8,37797,147,26,144,0,0,0,0,0,0,0,0,-32307,0,0,0,0,0,143867,0
143872,-682,490,-8376,-22,74,-5,513402,1,-1,0,-8,37797,147,26,144,0,0,0,0,0,0,0,0,-32307,0,0,0,0,0,143868,0
143873,-682,490,-8376,-22,74,-5,513403,3,6,0,-8,37807,132,26,144,0,0,0,0,0,0,0,0,-32307,0,0,0,0,0,143869,0
143874,-682,490,-8376,-22,74,-5,513401,-4,-4,0,-8,37807,132,26,144,0,0,0,0,0,0,0,0,-32307,0,0,0,0,0,143870,0
143875,-682,490,-8376,-22,74,-5,513403,1,-3,0,0,37807,132,26,144,0,0,0,0,0,0,0,0,-32308,0,0,0,0,0,143871,0
143876,-690,496,-8346,-46,100,6,513403,0,3,0,-8,37807,132,26,144,0,0,0,0,0,0,0,0,-32307,0,0,0,0,0,143872,0
143877,-690,496,-8346,-46,100,6,513403,2,3,0,-8,37807,132,26,144,0,0,0,0,0,0,0,0,-32308,0,0,0,0,0,143873,0
143878,-690,496,-8346,-46,100,6,513401,0,-3,0,0,37807,132,26,144,0,0,0,0,0,0,0,0,-32307,0,0,0,0,0,143874,0
143879,-690,496,-8346,-46,100,6,513402,-6,-1,0,-8,37807,132,26,144,0,0,0,0,0,0,0,0,-32308,0,0,0,0,0,143875,0
143880,-690,532,-8320,-71,123,9,513403,-1,1,0,0,37807,132,26,144,0,0,0,0,0,0,0,0,-32307,0,0,0,0,0,143876,0
143881,-690,532,-8320,-71,123,9,513403,6,3,0,0,37807,132,26,144,0,0,0,0,0,0,0,0,-32307,0,0,0,0,0,143877,0
143882,-690,532,-8320,-71,123,9,513402,5,0,0,-8,37807,132,26,144,0,0,0,0,0,0,0,0,-32308,0,0,0,0,0,143878,0
143883,-690,532,-8320,-71,123,9,513402,-4,-3,0,-8,37819,132,26,144,0,0,0,0,0,0,0,0,-32308,0,0,0,0,0,143879,0
143884,-684,558,-8332,-100,154,13,513402,-7,-3,0,0,37819,132,26,144,0,0,0,0,0,0,0,0,-32307,0,0,0,0,0,143880,0
143885,-684,558,-8332,-100,154,13,513402,-5,7,1,-8,37819,132,26,144,0,0,0,0,0,0,0,0,-32307,0,0,0,0,0,143881,0
143886,-684,558,-8332,-100,154,13,513402,0,-3,1,-8,37819,132,26,144,0,0,0,0,0,0,0,0,-32308,0,0,0,0,0,143882,0
143887,-684,558,-8332,-100,154,13,513402,0,-2,1,0,37819,132,26,144,0,0,0,0,0,0,0,0,-32308,0,0,0,0,0,143884,0
143888,-720,594,-8316,-130,172,8,513401,-1,-2,2,-8,37819,132,26,144,0,0,0,0,0,0,0,0,-32308,0,0,0,0,0,143884,0
143889,-720,594,-8316,-130,172,8,513402,0,0,1,0,37819,132,26,144,0,0,0,0,0,0,0,0,-32308,0,0,0,0,0,143885,0
143890,-720,594,-8316,-130,172,8,513403,4,0,0,0,37819,132,26,144,0,0,0,0,0,0,0,0,-32307,0,0,0,0,0,143886,0
143891,-720,594,-8316,-130,172,8,513402,2,-3,1,-8,37819,132,26,144,0,0,0,0,0,0,0,0,-32307,0,0,0,0,0,143887,0
143892,-752,614,-8324,-146,164,-1,513402,2,3,1,-8,37819,132,26,144,0,0,0,0,0,0,0,0,-32308,0,0,0,0,0,143888,0
143893,-752,614,-8324,-146,164,-1,513401,-4,0,1,-8,37824,136,26,144,0,0,0,0,0,0,0,0,-32307,0,0,0,0,0,143889,0
143894,-752,614,-8324,-146,164,-1,513402,-4,-5,1,-8,37824,136,26,144,0,0,0,0,0,0,0,0,-32308,0,0,0,0,0,143890,0
143895,-752,614,-8324,-146,164,-1,513403,3,4,2,-8,37824,136,26,144,0,0,0,0,0,0,0,0,-32307,0,0,0,0,0,143892,0
143896,-770,594,-8360,-160,147,2,513402,2,-1,1,-8,37824,136,26,144,0,0,0,0,0,0,0,0,-32308,0,0,0,0,0,143892,0
143897,-770,594,-8360,-160,147,2,513405,14,4,1,-8,37824,136,26,144,0,0,0,0,0,0,0,0,-32307,0,0,0,0,0,143893,0
143898,-770,594,-8360,-160,147,2,513402,2,1,1,-8,37824,136,26,144,0,0,0,0,0,0,0,0,-32308,0,0,0,0,0,143894,0
143899,-770,594,-8360,-160,147,2,513402,-3,-1,0,-8,37824,136,26,144,0,0,0,0,0,0,0,0,-32308,0,0,0,0,0,143895,0
143900,-794,588,-8430,-163,99,15,513402,-4,1,0,-8,37824,136,26,144,0,0,0,0,0,0,0,0,-32307,0,0,0,0,0,143896,0
143901,-794,588,-8430,-163,99,15,513402,-9,1,1,-8,37824,136,26,144,0,0,0,0,0,0,0,0,-32307,0,0,0,0,0,143897,0
143902,-794,588,-8430,-163,99,15,513402,2,-2,0,-8,37824,136,26,144,0,0,0,0,0,0,0,0,-32308,0,0,0,0,0,143898,0
143903,-794,588,-8430,-163,99,15,513403,4,4,1,-8,37814,146,26,144,0,0,0,0,0,0,0,0,-32308,0,0,0,0,0,143900,0
143904,-788,570,-8450,-171,47,28,513401,-1,-5,1,-16,37814,146,26,144,0,0,0,0,0,0,0,0,-32307,0,0,0,0,0,143900,0
143905,-788,570,-8450,-171,47,28,513402,-2,2,0,-8,37814,146,26,144,0,0,0,0,0,0,0,0,-32308,0,0,0,0,0,143901,0
143906,-788,570,-8450,-171,47,28,513403,1,0,0,-8,37814,146,26,144,0,0,0,0,0,0,0,0,-32308,0,0,0,0,0,143902,0
143907,-788,570,-8450,-171,47,28,513404,5,6,1,-8,37814,146,26,144,0,0,0,0,0,0,0,0,-32308,0,0,0,0,0,143904,0
143908,-748,564,-8498,-165,-1,28,513403,8,4,1,-8,37814,146,26,144,0,0,0,0,0,0,0,0,-32307,0,0,0,0,0,143905,0
143909,-748,564,-8498,-165,-1,28,513401,-4,-1,1,-8,37814,146,26,144,0,0,0,0,0,0,0,0,-32308,0,0,0,0,0,143906,0
143910,-748,564,-8498,-165,-1,28,513403,-2,1,0,-8,37814,146,26,144,0,0,0,0,0,0,0,0,-32308,0,0,0,0,0,143907,0
143911,-748,564,-8498,-165,-1,28,513402,-7,-6,0,-8,37814,146,26,144,0,0,0,0,0,0,0,0,-32308,0,0,0,0,0,143908,0
143912,-742,514,-8500,-158,-40,27,513402,-2,0,-1,-8,37814,146,26,144,0,0,0,0,0,0,0,0,-32308,0,0,0,0,0,143909,0
143913,-742,514,-8500,-158,-40,27,513403,5,1,0,-8,37801,141,26,144,0,0,0,0,0,0,0,0,-32308,0,0,0,0,0,143910,0
143914,-742,514,-8500,-158,-40,27,513402,-2,-1,0,-8,37801,141,26,144,0,0,0,0,0,0,0,0,-32308,0,0,0,0,0,143911,0
143915,-742,514,-8500,-158,-40,27,513403,7,1,-1,0,37801,141,26,144,0,0,0,0,0,0,0,0,-32308,0,0,0,0,0,143912,0
143916,-704,492,-8526,-137,-65,21,513403,5,0,0,-8,37801,141,26,144,0,0,0,0,0,0,0,0,-32308,0,0,0,0,0,143913,0
143917,-704,492,-8526,-137,-65,21,513403,1,-1,0,-8,37801,141,26,144,0,0,0,0,0,0,0,0,-32308,0,0,0,0,0,143914,0
143918,-704,492,-8526,-137,-65,21,513401,-2,-1,0,-8,37801,141,26,144,0,0,0,0,0,0,0,0,-32307,0,0,0,0,0,143915,0
143919,-704,492,-8526,-137,-65,21,513403,-3,2,0,-8,37801,141,26,144,0,0,0,0,0,0,0,0,-32307,0,0,0,0,0,143916,0
143920,-690,488,-8550,-114,-83,12,513402,-3,-3,0,-8,37801,141,26,144,0,0,0,0,0,0,0,0,-32308,0,0,0,0,0,143917,0
143921,-690,488,-8550,-114,-83,12,513403,0,-4,0,-8,37801,141,26,144,0,0,0,0,0,0,0,0,-32307,0,0,0,0,0,143918,0
143922,-690,488,-8550,-114,-83,12,513402,0,-3,0,-8,37801,141,26,144,0,0,0,0,0,0,0,0,-32307,0,0,0,0,0,143919,0
143923,-690,488,-8550,-114,-83,12,513400,-13,-1,0,-16,37795,124,26,144,0,0,0,0,0,0,0,0,-32308,0,0,0,0,0,143920,0
143924,-658,506,-8586,-89,-84,2,513403,-3,-2,-1,0,37795,124,26,144,0,0,0,0,0,0,0,0,-32307,0,0,0,0,0,143921,0
143925,-658,506,-8586,-89,-84,2,513402,0,8,-1,-8,37795,124,26,144,0,0,0,0,0,0,0,0,-32308,0,0,0,0,0,143922,0
143926,-658,506,-8586,-89,-84,2,513403,7,1,-1,-8,37795,124,26,144,0,0,0,0,0,0,0,0,-32308,0,0,0,0,0,143923,0
143927,-658,506,-8586,-89,-84,2,513402,7,-3,0,0,37795,124,26,144,0,0,0,0,0,0,0,0,-32308,0,0,0,0,0,143924,0
143928,-662,540,-8576,-58,-85,-7,513400,-10,-7,0,0,37795,124,26,144,0,0,0,0,0,0,0,0,-32307,0,0,0,0,0,143925,0
143929,-662,540,-8576,-58,-85,-7,513404,1,1,0,-8,37795,124,26,144,0,0,0,0,0,0,0,0,-32308,0,0,0,0,0,143926,0
143930,-662,540,-8576,-58,-85,-7,513401,-3,-1,0,-8,37795,124,26,144,0,0,0,0,0,0,0,0,-32308,0,0,0,0,0,143927,0
143931,-662,540,-8576,-58,-85,-7,513402,-1,-2,0,0,37795,124,26,144,0,0,0,0,0,0,0,0,-32308,0,0,0,0,0,143928,0
143932,-664,566,-8604,-34,-88,-2,513403,5,2,0,-8,37795,124,26,144,0,0,0,0,0,0,0,0,-32308,0,0,0,0,0,143929,0
143933,-664,566,-8604,-34,-88,-2,513402,-5,-3,1,-8,37798,122,26,144,0,0,0,0,0,0,0,0,-32308,0,0,0,0,0,143930,0
143934,-664,566,-8604,-34,-88,-2,513402,4,1,0,0,37798,122,26,144,0,0,0,0,0,0,0,0,-32308,0,0,0,0,0,143931,0
143935,-664,566,-8604,-34,-88,-2,513403,5,6,1,-8,37798,122,26,144,0,0,0,0,0,0,0,0,-32308,0,0,0,0,0,143932,0
143936,-672,572,-8606,-10,-77,2,513402,0,-1,1,-8,37798,122,26,144,0,0,0,0,0,0,0,0,-32308,0,0,0,0,0,143933,0
143937,-672,572,-8606,-10,-77,2,513402,2,2,0,0,37798,122,26,144,0,0,0,0,0,0,0,0,-32308,0,0,0,0,0,143934,0
143938,-672,572,-8606,-10,-77,2,513402,-1,-1,0,-8,37798,122,26,144,0,0,0,0,0,0,0,0,-32308,0,0,0,0,0,143935,0
143939,-672,572,-8606,-10,-77,2,513402,-6,0,0,-8,37798,122,26,144,0,0,0,0,0,0,0,0,-32308,0,0,0,0,0,143936,0
143940,-642,588,-8624,3,-73,15,513402,0,-3,0,0,37798,122,26,144,0,0,0,0,0,0,0,0,-32308,0,0,0,0,0,143937,0
143941,-642,588,-8624,3,-73,15,513402,0,2,0,-8,37798,122,26,144,0,0,0,0,0,0,0,0,-32308,0,0,0,0,0,143938,0
143942,-642,588,-8624,3,-73,15,513404,7,6,1,-8,37798,122,26,144,0,0,0,0,0,0,0,0,-32307,0,0,0,0,0,143939,0
143943,-642,588,-8624,3,-73,15,513403,6,0,0,0,37799,138,26,144,0,0,0,0,0,0,0,0,-32307,0,0,0,0,0,143940,0
143944,-610,594,-8628,5,-56,29,513402,-1,6,0,0,37799,138,26,144,0,0,0,0,0,0,0,0,-32307,0,0,0,0,0,143941,0
143945,-610,594,-8628,5,-56,29,513402,-4,1,1,-8,37799,138,26,144,0,0,0,0,0,0,0,0,-32307,0,0,0,0,0,143942,0
143946,-610,594,-8628,5,-56,29,513402,-7,-4,1,-8,37799,138,26,144,0,0,0,0,0,0,0,0,-32308,0,0,0,0,0,143943,0
143947,-610,594,-8628,5,-56,29,513402,0,1,1,-8,37799,138,26,144,0,0,0,0,0,0,0,0,-32307,0,0,0,0,0,143944,0
143948,-628,598,-8608,-7,-35,37,513401,-3,-2,2,-8,37799,138,26,144,0,0,0,0,0,0,0,0,-32307,0,0,0,0,0,143945,0
143949,-628,598,-8608,-7,-35,37,513403,2,2,1,-8,37799,138,26,144,0,0,0,0,0,0,0,0,-32308,0,0,0,0,0,143946,0
143950,-628,598,-8608,-7,-35,37,513403,5,-1,0,0,37799,138,26,144,0,0,0,0,0,0,0,0,-32307,0,0,0,0,0,143947,0
143951,-628,598,-8608,-7,-35,37,513401,-1,-5,1,-8,37799,138,26,144,0,0,0,0,0,0,0,0,-32307,0,0,0,0,0,143948,0
143952,-606,594,-8580,-16,-14,46,513402,0,2,0,-8,37799,138,26,144,0,0,0,0,0,0,0,0,-32307,0,0,0,0,0,143949,0
143953,-606,594,-8580,-16,-14,46,513402,-6,-1,0,0,37800,146,26,144,0,0,0,0,0,0,0,0,-32307,0,0,0,0,0,143950,0
143954,-606,594,-8580,-16,-14,46,513402,-3,2,0,-8,37800,146,26,144,0,0,0,0,0,0,0,0,-32308,0,0,0,0,0,143951,0
143955,-606,594,-8580,-16,-14,46,513402,1,1,0,0,37800,146,26,144,0,0,0,0,0,0,0,0,-32307,0,0,0,0,0,143952,0
143956,-626,620,-8562,-29,16,57,513402,0,-11,0,-8,37800,146,26,144,0,0,0,0,0,0,0,0,-32308,0,0,0,0,0,143953,0
143957,-626,620,-8562,-29,16,57,513402,1,1,0,0,37800,146,26,144,0,0,0,0,0,0,0,0,-32308,0,0,0,0,0,143954,0
143958,-626,620,-8562,-29,16,57,513402,3,-1,0,0,37800,146,26,144,0,0,0,0,0,0,0,0,-32307,0,0,0,0,0,143955,0
143959,-626,620,-8562,-29,16,57,513401,-2,-2,0,-8,37800,146,26,144,0,0,0,0,0,0,0,0,-32307,0,0,0,0,0,143956,0
143960,-672,664,-8538,-28,31,62,513402,-4,2,0,-8,37800,146,26,144,0,0,0,0,0,0,0,0,-32307,0,0,0,0,0,143957,0
143961,-672,664,-8538,-28,31,62,513403,3,2,0,-8,37800,146,26,144,0,0,0,0,0,0,0,0,-32308,0,0,0,0,0,143958,0
143962,-672,664,-8538,-28,31,62,513403,6,4,0,-8,37800,146,26,144,0,0,0,0,0,0,0,0,-32308,0,0,0,0,0,143959,0
143963,-672,664,-8538,-28,31,62,513402,6,-2,1,-8,37800,147,26,144,0,0,0,0,0,0,0,0,-32307,0,0,0,0,0,143960,0
143964,-702,620,-8562,-39,48,65,513402,-3,-3,0,-8,37800,147,26,144,0,0,0,0,0,0,0,0,-32307,0,0,0,0,0,143961,0
143965,-702,620,-8562,-39,48,65,513402,-6,2,0,-8,37800,147,26,144,0,0,0,0,0,0,0,0,-32308,0,0,0,0,0,143962,0
143966,-702,620,-8562,-39,48,65,513403,1,3,0,-8,37800,147,26,144,0,0,0,0,0,0,0,0,-32307,0,0,0,0,0,143963,0
143967,-702,620,-8562,-39,48,65,513402,3,0,0,0,37800,147,26,144,0,0,0,0,0,0,0,0,-32308,0,0,0,0,0,143964,0
143968,-724,624,-8534,-45,45,61,513403,5,1,-1,0,37800,147,26,144,0,0,0,0,0,0,0,0,-32307,0,0,0,0,0,143965,0
143969,-724,624,-8534,-45,45,61,513403,1,2,0,0,37800,147,26,144,0,0,0,0,0,0,0,0,-32308,0,0,0,0,0,143966,0
143970,-724,624,-8534,-45,45,61,513403,0,5,-2,0,37800,147,26,144,0,0,0,0,0,0,0,0,-32307,0,0,0,0,0,143967,0
143971,-724,624,-8534,-45,45,61,513401,-6,-1,0,-8,37800,147,26,144,0,0,0,0,0,0,0,0,-32308,0,0,0,0,0,143968,0
143972,-722,622,-8552,-48,34,65,513403,-1,3,0,-8,37800,147,26,144,0,0,0,0,0,0,0,0,-32307,0,0,0,0,0,143969,0
143973,-722,622,-8552,-48,34,65,513402,0,1,0,0,37795,133,26,144,0,0,0,0,0,0,0,0,-32308,0,0,0,0,0,143970,0
143974,-722,622,-8552,-48,34,65,513402,0,0,0,0,37795,133,26,144,0,0,0,0,0,0,0,0,-32308,0,0,0,0,0,143971,0
143975,-722,622,-8552,-48,34,65,513402,3,-3,0,0,37795,133,26,144,0,0,0,0,0,0,0,0,-32308,0,0,0,0,0,143972,0
143976,-758,592,-8592,-40,18,70,513403,-1,-3,0,-8,37795,133,26,144,0,0,0,0,0,0,0,0,-32308,0,0,0,0,0,143973,0
143977,-758,592,-8592,-40,18,70,513401,-3,-1,1,-8,37795,133,26,144,0,0,0,0,0,0,0,0,-32308,0,0,0,0,0,143974,0
143978,-758,592,-8592,-40,18,70,513402,-3,3,1,-8,37795,133,26,144,0,0,0,0,0,0,0,0,-32307,0,0,0,0,0,143975,0
143979,-758,592,-8592,-40,18,70,513402,-1,-3,1,-8,37795,133,26,144,0,0,0,0,0,0,0,0,-32307,0,0,0,0,0,143976,0
143980,-740,536,-8552,-30,-1,67,513402,0,-1,1,-8,37795,133,26,144,0,0,0,0,0,0,0,0,-32307,0,0,0,0,0,143977,0
143981,-740,536,-8552,-30,-1,67,513402,5,0,0,0,37795,133,26,144,0,0,0,0,0,0,0,0,-32308,0,0,0,0,0,143978,0
143982,-740,536,-8552,-30,-1,67,513403,4,-1,0,0,37795,133,26,144,0,0,0,0,0,0,0,0,-32307,0,0,0,0,0,143979,0
143983,-740,536,-8552,-30,-1,67,513402,0,-4,0,0,37795,133,26,144,0,0,0,0,0,0,0,0,-32308,0,0,0,0,0,143980,0
143984,-736,496,-8528,-14,-6,73,513402,0,-1,0,0,37795,133,26,144,0,0,0,0,0,0,0,0,-32307,0,0,0,0,0,143981,0
143985,-736,496,-8528,-14,-6,73,513403,3,4,-1,0,37795,133,26,144,0,0,0,0,0,0,0,0,-32307,0,0,0,0,0,143982,0
143986,-736,496,-8528,-14,-6,73,513401,-6,-4,-1,0,37795,133,26,144,0,0,0,0,0,0,0,0,-32308,0,0,0,0,0,143983,0
143987,-736,496,-8528,-14,-6,73,513403,-1,-1,-1,0,37795,133,26,144,0,0,0,0,0,0,0,0,-32307,0,0,0,0,0,143984,0
143988,-732,484,-8526,3,-9,64,513401,-6,-2,0,-8,37795,133,26,144,0,0,0,0,0,0,0,0,-32307,0,0,0,0,0,143985,0
143989,-732,484,-8526,3,-9,64,513404,4,4,1,0,37795,133,26,144,0,0,0,0,0,0,0,0,-32308,0,0,0,0,0,143986,0
143990,-732,484,-8526,3,-9,64,513402,10,-1,1,0,37795,133,26,144,0,0,0,0,0,0,0,0,-32307,0,0,0,0,0,143987,0
143991,-732,484,-8526,3,-9,64,513403,2,3,1,0,37795,133,26,144,0,0,0,0,0,0,0,0,-32308,0,0,0,0,0,143988,0
143992,-712,506,-8524,21,-4,58,513402,0,0,1,0,37795,133,26,144,0,0,0,0,0,0,0,0,-32307,0,0,0,0,0,143989,0
143993,-712,506,-8524,21,-4,58,513401,-14,-2,2,-8,37796,135,26,144,0,0,0,0,0,0,0,0,-32307,0,0,0,0,0,143990,0
143994,-712,506,-8524,21,-4,58,513403,0,3,2,0,37796,135,26,144,0,0,0,0,0,0,0,0,-32308,0,0,0,0,0,143991,0
143995,-712,506,-8524,21,-4,58,513402,1,1,2,-8,37796,135,26,144,0,0,0,0,0,0,0,0,-32308,0,0,0,0,0,143992,0
143996,-722,542,-8512,31,-3,52,513403,5,0,0,0,37796,135,26,144,0,0,0,0,0,0,0,0,-32307,0,0,0,0,0,143993,0
143997,-722,542,-8512,31,-3,52,513401,0,-1,1,-8,37796,135,26,144,0,0,0,0,0,0,0,0,-32307,0,0,0,0,0,143994,0
143998,-722,542,-8512,31,-3,52,513402,-9,2,1,-8,37796,135,26,144,0,0,0,0,0,0,0,0,-32308,0,0,0,0,0,143995,0
143999,-722,542,-8512,31,-3,52,513403,0,-2,1,-8,37796,135,26,144,0,0,0,0,0,0,0,0,-32307,0,0,0,0,0,143996,0
144000,-724,536,-8472,40,9,49,513402,2,5,1,-8,37796,135,26,144,0,0,0,0,0,0,0,0,-32307,0,0,0,0,0,143997,0
144001,-724,536,-8472,40,9,49,513401,0,-5,2,-8,37796,135,26,144,0,0,0,0,0,0,0,0,-32308,0,0,0,0,0,143998,0
144002,-724,536,-8472,40,9,49,513404,4,6,1,-8,37796,135,26,144,0,0,0,0,0,0,0,0,-32307,0,0,0,0,0,143999,0
144003,-724,536,-8472,40,9,49,513402,-1,-6,2,-8,37796,138,26,144,0,0,0,0,0,0,0,0,-32308,0,0,0,0,0,144000,0
144004,-738,536,-8462,41,21,53,513401,-1,1,2,-16,37796,138,26,144,0,0,0,0,0,0,0,0,-32307,0,0,0,0,0,144001,0
144005,-738,536,-8462,41,21,53,513403,4,-2,0,-8,37796,138,26,144,0,0,0,0,0,0,0,0,-32307,0,0,0,0,0,144002,0
144006,-738,536,-8462,41,21,53,513402,-5,-2,0,-8,37796,138,26,144,0,0,0,0,0,0,0,0,-32307,0,0,0,0,0,144003,0
144007,-738,536,-8462,41,21,53,513403,4,5,0,-8,37796,138,26,144,0,0,0,0,0,0,0,0,-32307,0,0,0,0,0,144004,0
144008,-724,536,-8434,40,35,53,513403,4,0,0,-8,37796,138,26,144,0,0,0,0,0,0,0,0,-32307,0,0,0,0,0,144005,0
144009,-724,536,-8434,40,35,53,513402,-4,-1,0,-8,37796,138,26,144,0,0,0,0,0,0,0,0,-32308,0,0,0,0,0,144006,0
144010,-724,536,-8434,40,35,53,513402,-3,-2,-1,-8,37796,138,26,144,0,0,0,0,0,0,0,0,-32307,0,0,0,0,0,144007,0
144011,-724,536,-8434,40,35,53,513402,-3,3,-1,-8,37796,138,26,144,0,0,0,0,0,0,0,0,-32307,0,0,0,0,0,144008,0
144012,-722,550,-8428,30,53,51,513402,-2,-2,-2,-8,37796,138,26,144,0,0,0,0,0,0,0,0,-32307,0,0,0,0,0,144009,0
144013,-722,550,-8428,30,53,51,513403,5,2,-1,0,37795,130,26,144,0,0,0,0,0,0,0,0,-32308,0,0,0,0,0,144010,0
144014,-722,550,-8428,30,53,51,513402,3,-2,0,-8,37795,130,26,144,0,0,0,0,0,0,0,0,-32308,0,0,0,0,0,144011,0
144015,-722,550,-8428,30,53,51,513402,-2,2,0,-8,37795,130,26,144,0,0,0,0,0,0,0,0,-32308,0,0,0,0,0,144012,0
144016,-720,570,-8396,19,68,63,513404,5,-2,0,-8,37795,130,26,144,0,0,0,0,0,0,0,0,-32308,0,0,0,0,0,144013,0
144017,-720,570,-8396,19,68,63,513402,0,3,0,-8,37795,130,26,144,0,0,0,0,0,0,0,0,-32308,0,0,0,0,0,144014,0
144018,-720,570,-8396,19,68,63,513402,1,3,0,-8,37795,130,26,144,0,0,0,0,0,0,0,0,-32307,0,0,0,0,0,144015,0
144019,-720,570,-8396,19,68,63,513403,1,2,0,-8,37795,130,26,144,0,0,0,0,0,0,0,0,-32308,0,0,0,0,0,144017,0
144020,-748,556,-8396,-5,83,75,513402,-7,-2,1,-8,37795,130,26,144,0,0,0,0,0,0,0,0,-32308,0,0,0,0,0,144017,0
144021,-748,556,-8396,-5,83,75,513402,0,-4,0,-8,37795,130,26,144,0,0,0,0,0,0,0,0,-32308,0,0,0,0,0,144019,0
144022,-748,556,-8396,-5,83,75,513403,1,3,0,-8,37795,130,26,144,0,0,0,0,0,0,0,0,-32307,0,0,0,0,0,144019,0
144023,-748,556,-8396,-5,83,75,513401,-5,-6,0,-8,37795,133,26,144,0,0,0,0,0,0,0,0,-32308,0,0,0,0,0,144020,0
144024,-738,564,-8380,-33,102,77,513402,0,2,-1,-8,37795,133,26,144,0,0,0,0,0,0,0,0,-32307,0,0,0,0,0,144022,0
144025,-738,564,-8380,-33,102,77,513402,-2,-1,-1,-8,37795,133,26,144,0,0,0,0,0,0,0,0,-32307,0,0,0,0,0,144023,0
144026,-738,564,-8380,-33,102,77,513403,3,0,0,-8,37795,133,26,144,0,0,0,0,0,0,0,0,-32307,0,0,0,0,0,144024,0
144027,-738,564,-8380,-33,102,77,513402,7,0,-1,0,37795,133,26,144,0,0,0,0,0,0,0,0,-32307,0,0,0,0,0,144025,0
144028,-760,560,-8364,-53,119,86,513403,3,1,0,0,37795,133,26,144,0,0,0,0,0,0,0,0,-32307,0,0,0,0,0,144026,0
144029,-760,560,-8364,-53,119,86,513403,2,-2,0,-8,37795,133,26,144,0,0,0,0,0,0,0,0,-32308,0,0,0,0,0,144027,0
144030,-760,560,-8364,-53,119,86,513401,-6,-1,0,-8,37795,133,26,144,0,0,0,0,0,0,0,0,-32307,0,0,0,0,0,144029,0
144031,-760,560,-8364,-53,119,86,513401,-7,-2,0,0,37795,133,26,144,0,0,0,0,0,0,0,0,-32307,0,0,0,0,0,144029,0
144032,-776,518,-8342,-72,131,87,513403,-1,0,0,-8,37795,133,26,144,0,0,0,0,0,0,0,0,-32307,0,0,0,0,0,144030,0
144033,-776,518,-8342,-72,131,87,513401,-1,-3,0,-8,37794,134,26,144,0,0,0,0,0,0,0,0,-32308,0,0,0,0,0,144031,0
144034,-776,518,-8342,-72,131,87,513401,0,-3,0,0,37794,134,26,144,0,0,0,0,0,0,0,0,-32307,0,0,0,0,0,144032,0
144035,-776,518,-8342,-72,131,87,513403,3,3,0,0,37794,134,26,144,0,0,0,0,0,0,0,0,-32308,0,0,0,0,0,144033,0
144036,-734,500,-8336,-80,146,91,513401,-6,-3,0,0,37794,134,26,144,0,0,0,0,0,0,0,0,-32308,0,0,0,0,0,144034,0
144037,-734,500,-8336,-80,146,91,513403,5,3,0,0,37794,134,26,144,0,0,0,0,0,0,0,0,-32307,0,0,0,0,0,144035,0
144038,-734,500,-8336,-80,146,91,513402,1,1,0,-8,37794,134,26,144,0,0,0,0,0,0,0,0,-32307,0,0,0,0,0,144036,0
144039,-734,500,-8336,-80,146,91,513404,3,3,1,-8,37794,134,26,144,0,0,0,0,0,0,0,0,-32307,0,0,0,0,0,144037,0
144040,-796,508,-8346,-76,149,85,513403,11,0,1,-8,37794,134,26,144,0,0,0,0,0,0,0,0,-32307,0,0,0,0,0,144038,0
144041,-796,508,-8346,-76,149,85,513402,-1,3,2,-8,37794,134,26,144,0,0,0,0,0,0,0,0,-32307,0,0,0,0,0,144039,0
144042,-796,508,-8346,-76,149,85,513400,-11,-7,2,-8,37794,134,26,144,0,0,0,0,0,0,0,0,-32307,0,0,0,0,0,144040,0
144043,-796,508,-8346,-76,149,85,513403,-10,0,2,-8,37804,130,26,144,0,0,0,0,0,0,0,0,-32307,0,0,0,0,0,144041,0
144044,-766,436,-8336,-73,152,81,513401,-9,4,1,-8,37804,130,26,144,0,0,0,0,0,0,0,0,-32307,0,0,0,0,0,144042,0
144045,-766,436,-8336,-73,152,81,513404,8,6,2,0,37804,130,26,144,0,0,0,0,0,0,0,0,-32308,0,0,0,0,0,144043,0
144046,-766,436,-8336,-73,152,81,513402,12,-4,1,0,37804,130,26,144,0,0,0,0,0,0,0,0,-32307,0,0,0,0,0,144044,0
144047,-766,436,-8336,-73,152,81,513403,4,4,0,0,37804,130,26,144,0,0,0,0,0,0,0,0,-32307,0,0,0,0,0,144045,0
144048,-804,428,-8328,-70,137,83,513402,5,2,0,-8,37804,130,26,144,0,0,0,0,0,0,0,0,-32307,0,0,0,0,0,144046,0
144049,-804,428,-8328,-70,137,83,513403,-2,1,0,0,37804,130,26,144,0,0,0,0,0,0,0,0,-32307,0,0,0,0,0,144047,0
144050,-804,428,-8328,-70,137,83,513401,-3,0,0,-8,37804,130,26,144,0,0,0,0,0,0,0,0,-32307,0,0,0,0,0,144048,0
144051,-804,428,-8328,-70,137,83,513402,-4,-2,1,-8,37804,130,26,144,0,0,0,0,0,0,0,0,-32307,0,0,0,0,0,144049,0
144052,-796,396,-8330,-56,119,66,513402,-3,-1,1,-8,37804,130,26,144,0,0,0,0,0,0,0,0,-32308,0,0,0,0,0,144050,0
144053,-796,396,-8330,-56,119,66,513403,-1,-3,1,-8,37805,139,26,144,0,0,0,0,0,0,0,0,-32307,0,0,0,0,0,144051,0
144054,-796,396,-8330,-56,119,66,513403,6,2,2,-8,37805,139,26,144,0,0,0,0,0,0,0,0,-32307,0,0,0,0,0,144052,0
144055,-796,396,-8330,-56,119,66,513402,3,1,1,0,37805,139,26,144,0,0,0,0,0,0,0,0,-32307,0,0,0,0,0,144053,0
144056,-800,412,-8348,-40,90,55,513402,-1,4,0,-8,37805,139,26,144,0,0,0,0,0,0,0,0,-32307,0,0,0,0,0,144054,0
144057,-800,412,-8348,-40,90,55,513403,-2,4,1,-8,37805,139,26,144,0,0,0,0,0,0,0,0,-32307,0,0,0,0,0,144055,0
144058,-800,412,-8348,-40,90,55,513403,3,1,0,-8,37805,139,26,144,0,0,0,0,0,0,0,0,-32307,0,0,0,0,0,144056,0
144059,-800,412,-8348,-40,90,55,513403,4,-4,0,-8,37805,139,26,144,0,0,0,0,0,0,0,0,-32308,0,0,0,0,0,144057,0
144060,-794,406,-8350,-31,57,47,513402,0,-1,0,-8,37805,139,26,144,0,0,0,0,0,0,0,0,-32307,0,0,0,0,0,144058,0
144061,-794,406,-8350,-31,57,47,513402,-8,-6,0,-8,37805,139,26,144,0,0,0,0,0,0,0,0,-32308,0,0,0,0,0,144059,0
144062,-794,406,-8350,-31,57,47,513403,-4,0,0,-8,37805,139,26,144,0,0,0,0,0,0,0,0,-32308,0,0,0,0,0,144060,0
144063,-794,406,-8350,-31,57,47,513403,4,4,0,-8,37805,134,26,144,0,0,0,0,0,0,0,0,-32307,0,0,0,0,0,144061,0
144064,-766,456,-8370,-26,31,36,513404,12,2,0,0,37805,134,26,144,0,0,0,0,0,0,0,0,-32307,0,0,0,0,0,144062,0
144065,-766,456,-8370,-26,31,36,513403,8,4,0,-8,37805,134,26,144,0,0,0,0,0,0,0,0,-32307,0,0,0,0,0,144063,0
144066,-766,456,-8370,-26,31,36,513403,0,-1,0,-8,37805,134,26,144,0,0,0,0,0,0,0,0,-32308,0,0,0,0,0,144064,0
144067,-766,456,-8370,-26,31,36,513404,0,6,0,-8,37805,134,26,144,0,0,0,0,0,0,0,0,-32308,0,0,0,0,0,144065,0
144068,-754,460,-8406,-15,13,32,513403,-1,1,-1,0,37805,134,26,144,0,0,0,0,0,0,0,0,-32307,0,0,0,0,0,144066,0
144069,-754,460,-8406,-15,13,32,513401,-6,-3,0,-8,37805,134,26,144,0,0,0,0,0,0,0,0,-32308,0,0,0,0,0,144067,0
144070,-754,460,-8406,-15,13,32,513401,-11,-8,0,-8,37805,134,26,144,0,0,0,0,0,0,0,0,-32307,0,0,0,0,0,144068,0
144071,-754,460,-8406,-15,13,32,513403,-7,1,0,-8,37805,134,26,144,0,0,0,0,0,0,0,0,-32307,0,0,0,0,0,144069,0
144072,-740,488,-8406,-10,-11,26,513404,5,-1,0,0,37805,134,26,144,0,0,0,0,0,0,0,0,-32307,0,0,0,0,0,144070,0
144073,-740,488,-8406,-10,-11,26,513402,9,1,0,-8,37795,133,26,144,0,0,0,0,0,0,0,0,-32308,0,0,0,0,0,144071,0
144074,-740,488,-8406,-10,-11,26,513402,2,-3,0,-8,37795,133,26,144,0,0,0,0,0,0,0,0,-32308,0,0,0,0,0,144072,0
144075,-740,488,-8406,-10,-11,26,513402,-6,0,0,0,37795,133,26,144,0,0,0,0,0,0,0,0,-32308,0,0,0,0,0,144073,0
144076,-688,510,-8406,-3,-33,23,513401,-12,-3,0,-8,37795,133,26,144,0,0,0,0,0,0,0,0,-32308,0,0,0,0,0,144074,0
144077,-688,510,-8406,-3,-33,23,513402,-5,1,0,-8,37795,133,26,144,0,0,0,0,0,0,0,0,-32307,0,0,0,0,0,144075,0
144078,-688,510,-8406,-3,-33,23,513404,7,-4,0,0,37795,133,26,144,0,0,0,0,0,0,0,0,-32307,0,0,0,0,0,144076,0
144079,-688,510,-8406,-3,-33,23,513402,5,-5,0,0,37795,133,26,144,0,0,0,0,0,0,0,0,-32308,0,0,0,0,0,144077,0
144080,-706,502,-8416,-6,-43,19,513402,3,-3,0,0,37795,133,26,144,0,0,0,0,0,0,0,0,-32307,0,0,0,0,0,144078,0
144081,-706,502,-8416,-6,-43,19,513402,-4,-2,0,0,37795,133,26,144,0,0,0,0,0,0,0,0,-32307,0,0,0,0,0,144079,0
144082,-706,502,-8416,-6,-43,19,513403,-6,2,0,-8,37795,133,26,144,0,0,0,0,0,0,0,0,-32307,0,0,0,0,0,144080,0
144083,-706,502,-8416,-6,-43,19,513403,6,4,0,0,37791,141,26,144,0,0,0,0,0,0,0,0,-32308,0,0,0,0,0,144081,0
144084,-698,548,-8454,1,-50,25,513402,1,1,0,0,37791,141,26,144,0,0,0,0,0,0,0,0,-32307,0,0,0,0,0,144082,0
144085,-698,548,-8454,1,-50,25,513403,0,-2,0,-8,37791,141,26,144,0,0,0,0,0,0,0,0,-32307,0,0,0,0,0,144083,0
144086,-698,548,-8454,1,-50,25,513402,-4,-3,0,0,37791,141,26,144,0,0,0,0,0,0,0,0,-32307,0,0,0,0,0,144084,0
144087,-698,548,-8454,1,-50,25,513402,-2,1,0,0,37791,141,26,144,0,0,0,0,0,0,0,0,-32308,0,0,0,0,0,144085,0
144088,-642,554,-8446,-8,-58,36,513403,3,0,0,-8,37791,141,26,144,0,0,0,0,0,0,0,0,-32307,0,0,0,0,0,144086,0
144089,-642,554,-8446,-8,-58,36,513402,0,-2,2,-8,37791,141,26,144,0,0,0,0,0,0,0,0,-32307,0,0,0,0,0,144087,0
144090,-642,554,-8446,-8,-58,36,513404,9,8,1,0,37791,141,26,144,0,0,0,0,0,0,0,0,-32307,0,0,0,0,0,144088,0
144091,-642,554,-8446,-8,-58,36,513403,5,5,1,0,37791,141,26,144,0,0,0,0,0,0,0,0,-32308,0,0,0,0,0,144089,0
144092,-634,562,-8470,-12,-58,36,513402,0,-2,3,0,37791,141,26,144,0,0,0,0,0,0,0,0,-32308,0,0,0,0,0,144090,0
144093,-634,562,-8470,-12,-58,36,513403,0,2,1,0,37794,139,26,144,0,0,0,0,0,0,0,0,-32307,0,0,0,0,0,144091,0
144094,-634,562,-8470,-12,-58,36,513402,-6,2,0,-8,37794,139,26,144,0,0,0,0,0,0,0,0,-32308,0,0,0,0,0,144092,0
144095,-634,562,-8470,-12,-58,36,513402,-4,3,1,-8,37794,139,26,144,0,0,0,0,0,0,0,0,-32308,0,0,0,0,0,144094,0
144096,-584,602,-8442,-18,-56,41,513401,-5,-2,1,0,37794,139,26,144,0,0,0,0,0,0,0,0,-32307,0,0,0,0,0,144094,0
144097,-584,602,-8442,-18,-56,41,513401,-7,-7,1,-8,37794,139,26,144,0,0,0,0,0,0,0,0,-32307,0,0,0,0,0,144095,0
144098,-584,602,-8442,-18,-56,41,513402,-2,-3,2,-8,37794,139,26,144,0,0,0,0,0,0,0,0,-32308,0,0,0,0,0,144096,0
144099,-584,602,-8442,-18,-56,41,513402,1,-2,1,-8,37794,139,26,144,0,0,0,0,0,0,0,0,-32307,0,0,0,0,0,144097,0
144100,-628,612,-8470,-21,-44,46,513402,4,3,0,0,37794,139,26,144,0,0,0,0,0,0,0,0,-32308,0,0,0,0,0,144098,0
144101,-628,612,-8470,-21,-44,46,513401,0,-2,1,-8,37794,139,26,144,0,0,0,0,0,0,0,0,-32307,0,0,0,0,0,144099,0
144102,-628,612,-8470,-21,-44,46,513402,0,-2,1,-8,37794,139,26,144,0,0,0,0,0,0,0,0,-32308,0,0,0,0,0,144101,0
144103,-628,612,-8470,-21,-44,46,513402,1,0,1,-8,37796,142,26,144,0,0,0,0,0,0,0,0,-32308,0,0,0,0,0,144102,0
144104,-652,592,-8486,-30,-46,57,513402,2,-6,2,-16,37796,142,26,144,0,0,0,0,0,0,0,0,-32307,0,0,0,0,0,144102,0
144105,-652,592,-8486,-30,-46,57,513403,5,0,1,-8,37796,142,26,144,0,0,0,0,0,0,0,0,-32308,0,0,0,0,0,144104,0
144106,-652,592,-8486,-30,-46,57,513403,5,5,1,-8,37796,142,26,144,0,0,0,0,0,0,0,0,-32307,0,0,0,0,0,144105,0
144107,-652,592,-8486,-30,-46,57,513403,4,0,2,-8,37796,142,26,144,0,0,0,0,0,0,0,0,-32308,0,0,0,0,0,144106,0
144108,-630,594,-8468,-36,-32,77,513402,-1,1,2,-8,37796,142,26,144,0,0,0,0,0,0,0,0,-32308,0,0,0,0,0,144107,0
144109,-630,594,-8468,-36,-32,77,513403,-1,1,0,-8,37796,142,26,144,0,0,0,0,0,0,0,0,-32308,0,0,0,0,0,144108,0
144110,-630,594,-8468,-36,-32,77,513403,-1,6,0,-8,37796,142,26,144,0,0,0,0,0,0,0,0,-32308,0,0,0,0,0,144109,0
144111,-630,594,-8468,-36,-32,77,513403,4,4,0,-8,37796,142,26,144,0,0,0,0,0,0,0,0,-32308,0,0,0,0,0,144110,0
144112,-612,596,-8484,-37,-25,90,513402,0,-2,-1,-8,37796,142,26,144,0,0,0,0,0,0,0,0,-32307,0,0,0,0,0,144111,0
144113,-612,596,-8484,-37,-25,90,513402,-8,1,0,-8,37795,131,26,144,0,0,0,0,0,0,0,0,-32308,0,0,0,0,0,144112,0
144114,-612,596,-8484,-37,-25,90,513403,-3,0,-1,-8,37795,131,26,144,0,0,0,0,0,0,0,0,-32308,0,0,0,0,0,144113,0
144115,-612,596,-8484,-37,-25,90,513403,1,4,-1,-8,37795,131,26,144,0,0,0,0,0,0,0,0,-32307,0,0,0,0,0,144114,0
144116,-600,606,-8478,-54,-18,104,513402,5,1,0,-16,37795,131,26,144,0,0,0,0,0,0,0,0,-32307,0,0,0,0,0,144115,0
144117,-600,606,-8478,-54,-18,104,513402,1,0,0,-8,37795,131,26,144,0,0,0,0,0,0,0,0,-32307,0,0,0,0,0,144116,0
144118,-600,606,-8478,-54,-18,104,513402,-4,4,0,-8,37795,131,26,144,0,0,0,0,0,0,0,0,-32307,0,0,0,0,0,144117,0
144119,-600,606,-8478,-54,-18,104,513402,-3,0,0,-8,37795,131,26,144,0,0,0,0,0,0,0,0,-32308,0,0,0,0,0,144118,0
144120,-608,584,-8480,-69,-8,116,513404,5,2,0,0,37795,131,26,144,0,0,0,0,0,0,0,0,-32307,0,0,0,0,0,144119,0
144121,-608,584,-8480,-69,-8,116,513402,3,-1,0,0,37795,131,26,144,0,0,0,0,0,0,0,0,-32308,0,0,0,0,0,144120,0
144122,-608,584,-8480,-69,-8,116,513402,0,0,0,0,37795,131,26,144,0,0,0,0,0,0,0,0,-32307,0,0,0,0,0,144121,0
144123,-608,584,-8480,-69,-8,116,513402,-5,-2,0,-8,37793,132,26,144,0,0,0,0,0,0,0,0,-32308,0,0,0,0,0,144122,0
144124,-636,580,-8454,-84,12,124,513404,0,0,0,-8,37793,132,26,144,0,0,0,0,0,0,0,0,-32307,0,0,0,0,0,144123,0
144125,-636,580,-8454,-84,12,124,513402,0,-4,0,0,37793,132,26,144,0,0,0,0,0,0,0,0,-32307,0,0,0,0,0,144124,0
144126,-636,580,-8454,-84,12,124,513403,3,1,0,0,37793,132,26,144,0,0,0,0,0,0,0,0,-32307,0,0,0,0,0,144125,0
144127,-636,580,-8454,-84,12,124,513402,-1,-3,0,0,37793,132,26,144,0,0,0,0,0,0,0,0,-32308,0,0,0,0,0,144126,0
144128,-632,584,-8462,-90,31,131,513402,-8,-3,0,0,37793,132,26,144,0,0,0,0,0,0,0,0,-32307,0,0,0,0,0,144127,0
144129,-632,584,-8462,-90,31,131,513401,-5,-6,0,-8,37793,132,26,144,0,0,0,0,0,0,0,0,-32308,0,0,0,0,0,144128,0
144130,-632,584,-8462,-90,31,131,513404,0,3,0,0,37793,132,26,144,0,0,0,0,0,0,0,0,-32308,0,0,0,0,0,144129,0
144131,-632,584,-8462,-90,31,131,513403,7,-1,0,0,37793,132,26,144,0,0,0,0,0,0,0,0,-32307,0,0,0,0,0,144130,0
144132,-680,590,-8496,-97,43,129,513403,8,1,0,0,37793,132,26,144,0,0,0,0,0,0,0,0,-32308,0,0,0,0,0,144131,0
144133,-680,590,-8496,-97,43,129,513401,0,-1,1,0,37794,132,26,144,0,0,0,0,0,0,0,0,-32307,0,0,0,0,0,144132,0
144134,-680,590,-8496,-97,43,129,513403,-5,0,1,0,37794,132,26,144,0,0,0,0,0,0,0,0,-32308,0,0,0,0,0,144133,0
144135,-680,590,-8496,-97,43,129,513403,3,3,0,0,37794,132,26,144,0,0,0,0,0,0,0,0,-32307,0,0,0,0,0,144134,0
144136,-698,536,-8476,-98,49,135,513403,5,2,1,0,37794,132,26,144,0,0,0,0,0,0,0,0,-32307,0,0,0,0,0,144135,0
144137,-698,536,-8476,-98,49,135,513402,4,0,0,0,37794,132,26,144,0,0,0,0,0,0,0,0,-32307,0,0,0,0,0,144136,0
144138,-698,536,-8476,-98,49,135,513403,-2,-1,2,-8,37794,132,26,144,0,0,0,0,0,0,0,0,-32307,0,0,0,0,0,144137,0
144139,-698,536,-8476,-98,49,135,513401,-10,-1,3,-8,37794,132,26,144,0,0,0,0,0,0,0,0,-32307,0,0,0,0,0,144138,0
144140,-706,524,-8480,-97,48,137,513402,-6,-1,2,0,37794,132,26,144,0,0,0,0,0,0,0,0,-32307,0,0,0,0,0,144139,0
144141,-706,524,-8480,-97,48,137,513402,0,-3,3,-8,37794,132,26,144,0,0,0,0,0,0,0,0,-32308,0,0,0,0,0,144140,0
144142,-706,524,-8480,-97,48,137,513402,0,1,1,-8,37794,132,26,144,0,0,0,0,0,0,0,0,-32307,0,0,0,0,0,144141,0
144143,-706,524,-8480,-97,48,137,513402,5,3,1,0,37796,137,26,144,0,0,0,0,0,0,0,0,-32308,0,0,0,0,0,144142,0
144144,-762,504,-8464,-89,47,136,513402,-2,-4,1,0,37796,137,26,144,0,0,0,0,0,0,0,0,-32307,0,0,0,0,0,144143,0
144145,-762,504,-8464,-89,47,136,513403,1,-3,0,0,37796,137,26,144,0,0,0,0,0,0,0,0,-32307,0,0,0,0,0,144144,0
144146,-762,504,-8464,-89,47,136,513402,-1,-1,0,0,37796,137,26,144,0,0,0,0,0,0,0,0,-32308,0,0,0,0,0,144145,0
144147,-762,504,-8464,-89,47,136,513402,0,1,-1,0,37796,137,26,144,0,0,0,0,0,0,0,0,-32308,0,0,0,0,0,144146,0
144148,-730,506,-8446,-87,47,126,513401,-4,0,0,-8,37796,137,26,144,0,0,0,0,0,0,0,0,-32308,0,0,0,0,0,144147,0
144149,-730,506,-8446,-87,47,126,513402,-6,-2,-1,0,37796,137,26,144,0,0,0,0,0,0,0,0,-32308,0,0,0,0,0,144148,0
144150,-730,506,-8446,-87,47,126,513404,8,3,0,0,37796,137,26,144,0,0,0,0,0,0,0,0,-32307,0,0,0,0,0,144149,0
144151,-730,506,-8446,-87,47,126,513402,3,-2,0,0,37796,137,26,144,0,0,0,0,0,0,0,0,-32307,0,0,0,0,0,144150,0
144152,-762,472,-8450,-73,38,116,513403,5,2,0,0,37796,137,26,144,0,0,0,0,0,0,0,0,-32308,0,0,0,0,0,144151,0
144153,-762,472,-8450,-73,38,116,513402,-3,1,1,0,37798,137,26,144,0,0,0,0,0,0,0,0,-32307,0,0,0,0,0,144152,0
144154,-762,472,-8450,-73,38,116,513402,-7,3,2,-8,37798,137,26,144,0,0,0,0,0,0,0,0,-32307,0,0,0,0,0,144153,0
144155,-762,472,-8450,-73,38,116,513403,3,2,1,0,37798,137,26,144,0,0,0,0,0,0,0,0,-32307,0,0,0,0,0,144154,0
144156,-770,458,-8452,-67,29,105,513402,-1,-1,1,0,37798,137,26,144,0,0,0,0,0,0,0,0,-32308,0,0,0,0,0,144155,0
144157,-770,458,-8452,-67,29,105,513404,7,-1,1,-8,37798,137,26,144,0,0,0,0,0,0,0,0,-32308,0,0,0,0,0,144156,0
144158,-770,458,-8452,-67,29,105,513402,0,4,1,0,37798,137,26,144,0,0,0,0,0,0,0,0,-32307,0,0,0,0,0,144157,0
144159,-770,458,-8452,-67,29,105,513403,0,0,1,0,37798,137,26,144,0,0,0,0,0,0,0,0,-32308,0,0,0,0,0,144158,0
144160,-816,450,-8466,-56,16,96,513402,-1,3,2,-8,37798,137,26,144,0,0,0,0,0,0,0,0,-32308,0,0,0,0,0,144159,0
144161,-816,450,-8466,-56,16,96,513402,-6,-2,1,-8,37798,137,26,144,0,0,0,0,0,0,0,0,-32308,0,0,0,0,0,144160,0
144162,-816,450,-8466,-56,16,96,513403,3,5,1,-8,37798,137,26,144,0,0,0,0,0,0,0,0,-32308,0,0,0,0,0,144161,0
144163,-816,450,-8466,-56,16,96,513403,2,4,1,-8,37797,142,26,144,0,0,0,0,0,0,0,0,-32308,0,0,0,0,0,144162,0
144164,-824,466,-8438,-40,-7,82,513402,2,-4,1,-8,37797,142,26,144,0,0,0,0,0,0,0,0,-32307,0,0,0,0,0,144163,0
144165,-824,466,-8438,-40,-7,82,513401,-5,-2,0,0,37797,142,26,144,0,0,0,0,0,0,0,0,-32308,0,0,0,0,0,144164,0
144166,-824,466,-8438,-40,-7,82,513403,-2,0,0,-8,37797,142,26,144,0,0,0,0,0,0,0,0,-32307,0,0,0,0,0,144165,0
144167,-824,466,-8438,-40,-7,82,513403,1,0,0,-8,37797,142,26,144,0,0,0,0,0,0,0,0,-32308,0,0,0,0,0,144166,0
144168,-820,444,-8464,-19,-29,68,513402,4,0,-1,0,37797,142,26,144,0,0,0,0,0,0,0,0,-32308,0,0,0,0,0,144167,0
144169,-820,444,-8464,-19,-29,68,513402,3,-2,-1,0,37797,142,26,144,0,0,0,0,0,0,0,0,-32308,0,0,0,0,0,144168,0
144170,-820,444,-8464,-19,-29,68,513403,1,1,-1,0,37797,142,26,144,0,0,0,0,0,0,0,0,-32308,0,0,0,0,0,144169,0
144171,-820,444,-8464,-19,-29,68,513402,0,-6,-1,0,37797,142,26,144,0,0,0,0,0,0,0,0,-32308,0,0,0,0,0,144170,0
144172,-830,438,-8444,-6,-47,60,513402,0,1,0,-8,37797,142,26,144,0,0,0,0,0,0,0,0,-32308,0,0,0,0,0,144171,0
144173,-830,438,-8444,-6,-47,60,513402,-1,-2,0,-8,37795,134,26,144,0,0,0,0,0,0,0,0,-32308,0,0,0,0,0,144172,0
144174,-830,438,-8444,-6,-47,60,513402,-7,-1,0,-8,37795,134,26,144,0,0,0,0,0,0,0,0,-32307,0,0,0,0,0,144173,0
144175,-830,438,-8444,-6,-47,60,513402,-3,0,0,0,37795,134,26,144,0,0,0,0,0,0,0,0,-32308,0,0,0,0,0,144174,0
144176,-800,456,-8418,8,-63,68,513402,-1,-5,1,-8,37795,134,26,144,0,0,0,0,0,0,0,0,-32307,0,0,0,0,0,144175,0
144177,-800,456,-8418,8,-63,68,513401,-5,-5,1,-8,37795,134,26,144,0,0,0,0,0,0,0,0,-32308,0,0,0,0,0,144176,0
144178,-800,456,-8418,8,-63,68,513402,0,2,1,-8,37795,134,26,144,0,0,0,0,0,0,0,0,-32308,0,0,0,0,0,144177,0
144179,-800,456,-8418,8,-63,68,513403,3,4,2,-8,37795,134,26,144,0,0,0,0,0,0,0,0,-32307,0,0,0,0,0,144178,0
144180,-768,472,-8432,6,-60,65,513403,6,1,0,-8,37795,134,26,144,0,0,0,0,0,0,0,0,-32307,0,0,0,0,0,144179,0
144181,-768,472,-8432,6,-60,65,513402,8,-2,0,0,37795,134,26,144,0,0,0,0,0,0,0,0,-32308,0,0,0,0,0,144180,0
144182,-768,472,-8432,6,-60,65,513401,-4,-2,0,0,37795,134,26,144,0,0,0,0,0,0,0,0,-32307,0,0,0,0,0,144181,0
144183,-768,472,-8432,6,-60,65,513402,-6,1,0,0,37792,125,26,144,0,0,0,0,0,0,0,0,-32308,0,0,0,0,0,144182,0
144184,-762,502,-8386,14,-58,64,513403,-1,0,0,0,37792,125,26,144,0,0,0,0,0,0,0,0,-32308,0,0,0,0,0,144183,0
144185,-762,502,-8386,14,-58,64,513401,-3,2,0,0,37792,125,26,144,0,0,0,0,0,0,0,0,-32308,0,0,0,0,0,144184,0
144186,-762,502,-8386,14,-58,64,513402,0,0,-1,0,37792,125,26,144,0,0,0,0,0,0,0,0,-32308,0,0,0,0,0,144185,0
144187,-762,502,-8386,14,-58,64,513403,2,2,0,0,37792,125,26,144,0,0,0,0,0,0,0,0,-32308,0,0,0,0,0,144186,0
144188,-756,524,-8390,13,-58,55,513401,-1,-3,0,0,37792,125,26,144,0,0,0,0,0,0,0,0,-32307,0,0,0,0,0,144187,0
144189,-756,524,-8390,13,-58,55,513404,11,5,0,0,37792,125,26,144,0,0,0,0,0,0,0,0,-32307,0,0,0,0,0,144188,0
144190,-756,524,-8390,13,-58,55,513402,2,2,1,0,37792,125,26,144,0,0,0,0,0,0,0,0,-32307,0,0,0,0,0,144189,0
144191,-756,524,-8390,13,-58,55,513403,1,4,1,0,37792,125,26,144,0,0,0,0,0,0,0,0,-32308,0,0,0,0,0,144190,0
144192,-708,540,-8378,9,-45,55,513402,2,1,1,-8,37792,125,26,144,0,0,0,0,0,0,0,0,-32308,0,0,0,0,0,144191,0
144193,-708,540,-8378,9,-45,55,513402,-6,-4,1,0,37794,131,26,144,0,0,0,0,0,0,0,0,-32308,0,0,0,0,0,144192,0
144194,-708,540,-8378,9,-45,55,513403,2,1,1,0,37794,131,26,144,0,0,0,0,0,0,0,0,-32307,0,0,0,0,0,144193,0
144195,-708,540,-8378,9,-45,55,513402,-2,3,0,0,37794,131,26,144,0,0,0,0,0,0,0,0,-32307,0,0,0,0,0,144194,0
144196,-752,534,-8358,23,-50,55,513402,0,0,0,0,37794,131,26,144,0,0,0,0,0,0,0,0,-32308,0,0,0,0,0,144195,0
144197,-752,534,-8358,23,-50,55,513402,-1,0,1,-8,37794,131,26,144,0,0,0,0,0,0,0,0,-32307,0,0,0,0,0,144196,0
144198,-752,534,-8358,23,-50,55,513402,-3,0,2,-8,37794,131,26,144,0,0,0,0,0,0,0,0,-32308,0,0,0,0,0,144197,0
144199,-752,534,-8358,23,-50,55,513402,-2,2,2,-8,37794,131,26,144,0,0,0,0,0,0,0,0,-32307,0,0,0,0,0,144198,0
144200,-760,526,-8372,26,-56,65,513404,6,3,1,-8,37794,131,26,144,0,0,0,0,0,0,0,0,-32307,0,0,0,0,0,144199,0
144201,-760,526,-8372,26,-56,65,513402,3,-4,2,-8,37794,131,26,144,0,0,0,0,0,0,0,0,-32308,0,0,0,0,0,144200,0
144202,-760,526,-8372,26,-56,65,513402,-1,2,1,-8,37794,131,26,144,0,0,0,0,0,0,0,0,-32308,0,0,0,0,0,144201,0
144203,-760,526,-8372,26,-56,65,513403,2,-1,1,-8,37795,134,26,144,0,0,0,0,0,0,0,0,-32307,0,0,0,0,0,144202,0
144204,-734,534,-8364,19,-55,76,513402,-5,0,0,-16,37795,134,26,144,0,0,0,0,0,0,0,0,-32307,0,0,0,0,0,144203,0
144205,-734,534,-8364,19,-55,76,513402,0,-5,0,0,37795,134,26,144,0,0,0,0,0,0,0,0,-32307,0,0,0,0,0,144204,0
144206,-734,534,-8364,19,-55,76,513403,2,3,0,0,37795,134,26,144,0,0,0,0,0,0,0,0,-32307,0,0,0,0,0,144205,0
144207,-734,534,-8364,19,-55,76,513403,0,2,0,-8,37795,134,26,144,0,0,0,0,0,0,0,0,-32308,0,0,0,0,0,144206,0
144208,-688,564,-8394,-9,-46,78,513403,6,1,0,0,37795,134,26,144,0,0,0,0,0,0,0,0,-32308,0,0,0,0,0,144207,0
144209,-688,564,-8394,-9,-46,78,513402,0,1,-1,0,37795,134,26,144,0,0,0,0,0,0,0,0,-32308,0,0,0,0,0,144208,0
144210,-688,564,-8394,-9,-46,78,513402,-5,-5,0,-8,37795,134,26,144,0,0,0,0,0,0,0,0,-32307,0,0,0,0,0,144209,0
144211,-688,564,-8394,-9,-46,78,513402,-6,0,-1,-8,37795,134,26,144,0,0,0,0,0,0,0,0,-32308,0,0,0,0,0,144210,0
144212,-676,548,-8362,-35,-45,74,513403,-3,3,-2,-8,37795,134,26,144,0,0,0,0,0,0,0,0,-32308,0,0,0,0,0,144211,0
144213,-676,548,-8362,-35,-45,74,513401,-1,-5,0,-8,37793,129,26,144,0,0,0,0,0,0,0,0,-32307,0,0,0,0,0,144212,0
144214,-676,548,-8362,-35,-45,74,513402,0,-5,0,-8,37793,129,26,144,0,0,0,0,0,0,0,0,-32308,0,0,0,0,0,144213,0
144215,-676,548,-8362,-35,-45,74,513403,2,2,0,0,37793,129,26,144,0,0,0,0,0,0,0,0,-32308,0,0,0,0,0,144214,0
144216,-712,550,-8342,-63,-34,70,513402,1,-2,0,-8,37793,129,26,144,0,0,0,0,0,0,0,0,-32307,0,0,0,0,0,144215,0
144217,-712,550,-8342,-63,-34,70,513402,5,2,0,0,37793,129,26,144,0,0,0,0,0,0,0,0,-32307,0,0,0,0,0,144216,0
144218,-712,550,-8342,-63,-34,70,513403,1,2,0,0,37793,129,26,144,0,0,0,0,0,0,0,0,-32308,0,0,0,0,0,144217,0
144219,-712,550,-8342,-63,-34,70,513403,0,3,0,-8,37793,129,26,144,0,0,0,0,0,0,0,0,-32308,0,0,0,0,0,144218,0
144220,-708,602,-8326,-76,-23,78,513401,-4,-3,0,0,37793,129,26,144,0,0,0,0,0,0,0,0,-32307,0,0,0,0,0,144219,0
144221,-708,602,-8326,-76,-23,78,513403,0,-2,0,0,37793,129,26,144,0,0,0,0,0,0,0,0,-32307,0,0,0,0,0,144220,0
144222,-708,602,-8326,-76,-23,78,513402,0,-1,0,0,37793,129,26,144,0,0,0,0,0,0,0,0,-32307,0,0,0,0,0,144221,0
144223,-708,602,-8326,-76,-23,78,513402,1,0,0,0,37793,123,26,144,0,0,0,0,0,0,0,0,-32307,0,0,0,0,0,144222,0
144224,-716,558,-8358,-93,-9,77,513401,-1,-3,-1,0,37793,123,26,144,0,0,0,0,0,0,0,0,-32307,0,0,0,0,0,144223,0
144225,-716,558,-8358,-93,-9,77,513402,-7,-1,0,-8,37793,123,26,144,0,0,0,0,0,0,0,0,-32307,0,0,0,0,0,144224,0
144226,-716,558,-8358,-93,-9,77,513403,0,-1,0,-8,37793,123,26,144,0,0,0,0,0,0,0,0,-32307,0,0,0,0,0,144225,0
144227,-716,558,-8358,-93,-9,77,513403,3,4,1,0,37793,123,26,144,0,0,0,0,0,0,0,0,-32308,0,0,0,0,0,144226,0
144228,-744,574,-8372,-99,-16,90,513401,1,0,1,0,37793,123,26,144,0,0,0,0,0,0,0,0,-32308,0,0,0,0,0,144227,0
144229,-744,574,-8372,-99,-16,90,513402,-1,-3,2,-8,37793,123,26,144,0,0,0,0,0,0,0,0,-32307,0,0,0,0,0,144228,0
144230,-744,574,-8372,-99,-16,90,513402,-3,0,2,-8,37793,123,26,144,0,0,0,0,0,0,0,0,-32307,0,0,0,0,0,144229,0
144231,-744,574,-8372,-99,-16,90,513402,-1,3,3,0,37793,123,26,144,0,0,0,0,0,0,0,0,-32307,0,0,0,0,0,144230,0
144232,-748,556,-8394,-103,-12,92,513402,3,-2,3,0,37793,123,26,144,0,0,0,0,0,0,0,0,-32308,0,0,0,0,0,144231,0
144233,-748,556,-8394,-103,-12,92,513403,2,-2,2,-8,37795,121,26,144,0,0,0,0,0,0,0,0,-32308,0,0,0,0,0,144232,0
144234,-748,556,-8394,-103,-12,92,513403,4,6,2,0,37795,121,26,144,0,0,0,0,0,0,0,0,-32307,0,0,0,0,0,144233,0
144235,-748,556,-8394,-103,-12,92,513402,1,1,2,-8,37795,121,26,144,0,0,0,0,0,0,0,0,-32307,0,0,0,0,0,144234,0
144236,-740,548,-8422,-107,-15,102,513403,0,3,1,0,37795,121,26,144,0,0,0,0,0,0,0,0,-32308,0,0,0,0,0,144235,0
144237,-740,548,-8422,-107,-15,102,513402,-3,0,0,0,37795,121,26,144,0,0,0,0,0,0,0,0,-32308,0,0,0,0,0,144236,0
144238,-740,548,-8422,-107,-15,102,513402,-4,2,0,-8,37795,121,26,144,0,0,0,0,0,0,0,0,-32307,0,0,0,0,0,144237,0
144239,-740,548,-8422,-107,-15,102,513402,0,-1,0,0,37795,121,26,144,0,0,0,0,0,0,0,0,-32307,0,0,0,0,0,144239,0
144240,-700,524,-8420,-112,-5,102,513402,-1,-2,0,0,37795,121,26,144,0,0,0,0,0,0,0,0,-32307,0,0,0,0,0,144239,0
144241,-700,524,-8420,-112,-5,102,513401,0,-6,0,0,37795,121,26,144,0,0,0,0,0,0,0,0,-32307,0,0,0,0,0,144240,0
144242,-700,524,-8420,-112,-5,102,513402,0,1,0,-8,37795,121,26,144,0,0,0,0,0,0,0,0,-32307,0,0,0,0,0,144241,0
144243,-700,524,-8420,-112,-5,102,513403,1,3,0,0,37799,125,26,144,0,0,0,0,0,0,0,0,-32308,0,0,0,0,0,144242,0
144244,-694,528,-8426,-111,-2,100,513404,9,4,0,0,37799,125,26,144,0,0,0,0,0,0,0,0,-32307,0,0,0,0,0,144243,0
144245,-694,528,-8426,-111,-2,100,513402,5,1,1,-8,37799,125,26,144,0,0,0,0,0,0,0,0,-32307,0,0,0,0,0,144244,0
144246,-694,528,-8426,-111,-2,100,513403,3,4,0,0,37799,125,26,144,0,0,0,0,0,0,0,0,-32308,0,0,0,0,0,144245,0
144247,-694,528,-8426,-111,-2,100,513402,-3,-1,0,0,37799,125,26,144,0,0,0,0,0,0,0,0,-32308,0,0,0,0,0,144247,0
144248,-740,510,-8442,-110,3,101,513402,-5,-4,1,-8,37799,125,26,144,0,0,0,0,0,0,0,0,-32307,0,0,0,0,0,144247,0
144249,-740,510,-8442,-110,3,101,513401,-4,1,1,0,37799,125,26,144,0,0,0,0,0,0,0,0,-32308,0,0,0,0,0,144249,0
144250,-740,510,-8442,-110,3,101,513403,0,-1,1,-8,37799,125,26,144,0,0,0,0,0,0,0,0,-32307,0,0,0,0,0,144250,0
144251,-740,510,-8442,-110,3,101,513402,2,-2,2,-8,37799,125,26,144,0,0,0,0,0,0,0,0,-32307,0,0,0,0,0,144251,0
144252,-688,520,-8452,-104,5,103,513402,0,-2,1,-8,37799,125,26,144,0,0,0,0,0,0,0,0,-32308,0,0,0,0,0,144252,0
144253,-688,520,-8452,-104,5,103,513403,3,1,1,-8,37805,137,26,144,0,0,0,0,0,0,0,0,-32307,0,0,0,0,0,144253,0
144254,-688,520,-8452,-104,5,103,513401,-7,-1,2,-8,37805,137,26,144,0,0,0,0,0,0,0,0,-32307,0,0,0,0,0,144254,0
144255,-688,520,-8452,-104,5,103,513403,1,5,2,-8,37805,137,26,144,0,0,0,0,0,0,0,0,-32308,0,0,0,0,0,144255,0
144256,-700,532,-8464,-105,14,98,513402,0,-1,1,-8,37805,137,26,144,0,0,0,0,0,0,0,0,-32308,0,0,0,0,0,144256,0
144257,-700,532,-8464,-105,14,98,513401,-4,-6,1,-8,37805,137,26,144,0,0,0,0,0,0,0,0,-32307,0,0,0,0,0,144257,0
144258,-700,532,-8464,-105,14,98,513402,-2,-4,0,-8,37805,137,26,144,0,0,0,0,0,0,0,0,-32308,0,0,0,0,0,144258,0
144259,-700,532,-8464,-105,14,98,513402,-6,0,-1,-8,37805,137,26,144,0,0,0,0,0,0,0,0,-32307,0,0,0,0,0,144259,0
144260,-730,536,-8442,-107,9,97,513402,0,-3,-1,-8,37805,137,26,144,0,0,0,0,0,0,0,0,-32307,0,0,0,0,0,144260,0
144261,-730,536,-8442,-107,9,97,513402,4,3,0,-8,37805,137,26,144,0,0,0,0,0,0,0,0,-32308,0,0,0,0,0,144261,0
144262,-730,536,-8442,-107,9,97,513403,5,4,-1,0,37805,137,26,144,0,0,0,0,0,0,0,0,-32307,0,0,0,0,0,144262,0
144263,-730,536,-8442,-107,9,97,513402,3,2,0,-8,37804,126,26,144,0,0,0,0,0,0,0,0,-32307,0,0,0,0,0,144263,0
144264,-704,554,-8442,-103,15,104,513404,6,4,0,0,37804,126,26,144,0,0,0,0,0,0,0,0,-32307,0,0,0,0,0,144264,0
144265,-704,554,-8442,-103,15,104,513401,-3,-4,0,0,37804,126,26,144,0,0,0,0,0,0,0,0,-32307,0,0,0,0,0,144265,0
144266,-704,554,-8442,-103,15,104,513402,-7,0,1,0,37804,126,26,144,0,0,0,0,0,0,0,0,-32307,0,0,0,0,0,144266,0
144267,-704,554,-8442,-103,15,104,513402,-7,-3,1,0,37804,126,26,144,0,0,0,0,0,0,0,0,-32307,0,0,0,0,0,144267,0
144268,-670,524,-8458,-104,2,108,513403,-1,4,0,0,37804,126,26,144,0,0,0,0,0,0,0,0,-32307,0,0,0,0,0,144268,0
144269,-670,524,-8458,-104,2,108,513404,14,-1,1,0,37804,126,26,144,0,0,0,0,0,0,0,0,-32307,0,0,0,0,0,144269,0
144270,-670,524,-8458,-104,2,108,513402,8,1,1,0,37804,126,26,144,0,0,0,0,0,0,0,0,-32307,0,0,0,0,0,144270,0
144271,-670,524,-8458,-104,2,108,513401,-1,-1,1,0,37804,126,26,144,0,0,0,0,0,0,0,0,-32308,0,0,0,0,0,144271,0
144272,-712,520,-8456,-108,-3,102,513401,-11,3,1,0,37804,126,26,144,0,0,0,0,0,0,0,0,-32308,0,0,0,0,0,144272,0
144273,-712,520,-8456,-108,-3,102,513402,-7,0,1,0,37804,129,26,144,0,0,0,0,0,0,0,0,-32307,0,0,0,0,0,144273,0
144274,-712,520,-8456,-108,-3,102,513402,0,1,0,0,37804,129,26,144,0,0,0,0,0,0,0,0,-32307,0,0,0,0,0,144274,0
144275,-712,520,-8456,-108,-3,102,513404,13,4,0,0,37804,129,26,144,0,0,0,0,0,0,0,0,-32307,0,0,0,0,0,144275,0
144276,-706,538,-8470,-99,-15,102,513403,10,-3,0,0,37804,129,26,144,0,0,0,0,0,0,0,0,-32308,0,0,0,0,0,144276,0
144277,-706,538,-8470,-99,-15,102,513401,-2,-4,0,0,37804,129,26,144,0,0,0,0,0,0,0,0,-32309,0,0,0,0,0,144277,0
144278,-706,538,-8470,-99,-15,102,513403,-3,2,0,0,37804,129,26,144,0,0,0,0,0,0,0,0,-32308,0,0,0,0,0,144278,0
144279,-706,538,-8470,-99,-15,102,513402,-11,3,0,0,37804,129,26,144,0,0,0,0,0,0,0,0,-32308,0,0,0,0,0,144279,0
144280,-714,522,-8462,-95,-29,99,513403,0,2,0,0,37804,129,26,144,0,0,0,0,0,0,0,0,-32308,0,0,0,0,0,144280,0
144281,-714,522,-8462,-95,-29,99,513403,7,4,-1,0,37804,129,26,144,0,0,0,0,0,0,0,0,-32308,0,0,0,0,0,144281,0
144282,-714,522,-8462,-95,-29,99,513401,-3,-8,0,0,37804,129,26,144,0,0,0,0,0,0,0,0,-32309,0,0,0,0,0,144282,0
144283,-714,522,-8462,-95,-29,99,513403,2,-2,0,0,37806,127,26,144,0,0,0,0,0,0,0,0,-32307,0,0,0,0,0,144283,0
144284,-740,520,-8450,-92,-40,102,513401,-7,-1,-1,0,37806,127,26,144,0,0,0,0,0,0,0,0,-32308,0,0,0,0,0,144284,0
144285,-740,520,-8450,-92,-40,102,513403,0,-1,-1,0,37806,127,26,144,0,0,0,0,0,0,0,0,-32308,0,0,0,0,0,144285,0
144286,-740,520,-8450,-92,-40,102,513402,3,3,-1,0,37806,127,26,144,0,0,0,0,0,0,0,0,-32307,0,0,0,0,0,144286,0
144287,-740,520,-8450,-92,-40,102,513402,-2,-1,-2,0,37806,127,26,144,0,0,0,0,0,0,0,0,-32307,0,0,0,0,0,144287,0
144288,-714,510,-8458,-90,-55,101,513402,0,-1,-1,0,37806,127,26,144,0,0,0,0,0,0,0,0,-32308,0,0,0,0,0,144288,0
144289,-714,510,-8458,-90,-55,101,513403,-1,-2,-1,0,37806,127,26,144,0,0,0,0,0,0,0,0,-32308,0,0,0,0,0,144289,0
144290,-714,510,-8458,-90,-55,101,513402,4,-3,0,0,37806,127,26,144,0,0,0,0,0,0,0,0,-32307,0,0,0,0,0,144290,0
144291,-714,510,-8458,-90,-55,101,513401,-1,1,0,0,37806,127,26,144,0,0,0,0,0,0,0,0,-32307,0,0,0,0,0,144291,0
144292,-734,552,-8440,-84,-53,100,513403,0,4,1,0,37806,127,26,144,0,0,0,0,0,0,0,0,-32307,0,0,0,0,0,144292,0
144293,-734,552,-8440,-84,-53,100,513404,4,3,1,0,37807,141,26,144,0,0,0,0,0,0,0,0,-32307,0,0,0,0,0,144293,0
144294,-734,552,-8440,-84,-53,100,513402,3,-2,1,0,37807,141,26,144,0,0,0,0,0,0,0,0,-32308,0,0,0,0,0,144294,0
144295,-734,552,-8440,-84,-53,100,513403,5,0,1,0,37807,141,26,144,0,0,0,0,0,0,0,0,-32307,0,0,0,0,0,144295,0
144296,-680,526,-8418,-80,-53,99,513403,-2,3,1,0,37807,141,26,144,0,0,0,0,0,0,0,0,-32307,0,0,0,0,0,144296,0
144297,-680,526,-8418,-80,-53,99,513402,-5,1,0,0,37807,141,26,144,0,0,0,0,0,0,0,0,-32307,0,0,0,0,0,144297,0
144298,-680,526,-8418,-80,-53,99,513403,2,6,0,0,37807,141,26,144,0,0,0,0,0,0,0,0,-32307,0,0,0,0,0,144298,0
144299,-680,526,-8418,-80,-53,99,513402,-1,-6,0,0,37807,141,26,144,0,0,0,0,0,0,0,0,-32307,0,0,0,0,0,144299,0
144300,-666,568,-8424,-83,-47,102,513402,0,-4,0,0,37807,141,26,144,0,0,0,0,0,0,0,0,-32307,0,0,0,0,0,144300,0
144301,-666,568,-8424,-83,-47,102,513404,4,3,-1,0,37807,141,26,144,0,0,0,0,0,0,0,0,-32307,0,0,0,0,0,144301,0
144302,-666,568,-8424,-83,-47,102,513402,-3,-2,0,0,37807,141,26,144,0,0,0,0,0,0,0,0,-32308,0,0,0,0,0,144302,0
144303,-666,568,-8424,-83,-47,102,513403,0,4,0,0,37804,141,26,144,0,0,0,0,0,0,0,0,-32307,0,0,0,0,0,144303,0
144304,-716,532,-8418,-82,-50,101,513402,-4,1,0,0,37804,141,26,144,0,0,0,0,0,0,0,0,-32307,0,0,0,0,0,144304,0
144305,-716,532,-8418,-82,-50,101,513403,-2,2,0,0,37804,141,26,144,0,0,0,0,0,0,0,0,-32307,0,0,0,0,0,144305,0
144306,-716,532,-8418,-82,-50,101,513401,-2,-3,0,0,37804,141,26,144,0,0,0,0,0,0,0,0,-32308,0,0,0,0,0,144306,0
144307,-716,532,-8418,-82,-50,101,513403,-1,-2,0,0,37804,141,26,144,0,0,0,0,0,0,0,0,-32308,0,0,0,0,0,144307,0
144308,-708,564,-8406,-84,-44,113,513401,-2,-2,1,0,37804,141,26,144,0,0,0,0,0,0,0,0,-32308,0,0,0,0,0,144308,0
144309,-708,564,-8406,-84,-44,113,513401,-5,-2,0,0,37804,141,26,144,0,0,0,0,0,0,0,0,-32307,0,0,0,0,0,144309,0
144310,-708,564,-8406,-84,-44,113,513403,4,-4,0,0,37804,141,26,144,0,0,0,0,0,0,0,0,-32307,0,0,0,0,0,144310,0
144311,-708,564,-8406,-84,-44,113,513401,-4,0,0,0,37804,141,26,144,0,0,0,0,0,0,0,0,-32308,0,0,0,0,0,144311,0
144312,-696,582,-8386,-87,-46,116,513403,4,-2,0,0,37804,141,26,144,0,0,0,0,0,0,0,0,-32308,0,0,0,0,0,144312,0
144313,-696,582,-8386,-87,-46,116,513401,-2,0,0,0,37802,125,26,144,0,0,0,0,0,0,0,0,-32307,0,0,0,0,0,144313,0
144314,-696,582,-8386,-87,-46,116,513401,-5,-5,0,0,37802,125,26,144,0,0,0,0,0,0,0,0,-32308,0,0,0,0,0,144314,0
144315,-696,582,-8386,-87,-46,116,513403,4,-1,0,0,37802,125,26,144,0,0,0,0,0,0,0,0,-32307,0,0,0,0,0,144315,0
144316,-716,586,-8374,-95,-49,117,513401,-5,-2,0,0,37802,125,26,144,0,0,0,0,0,0,0,0,-32308,0,0,0,0,0,144316,0
144317,-716,586,-8374,-95,-49,117,513402,1,-2,0,0,37802,125,26,144,0,0,0,0,0,0,0,0,-32307,0,0,0,0,0,144317,0
144318,-716,586,-8374,-95,-49,117,513402,1,1,0,0,37802,125,26,144,0,0,0,0,0,0,0,0,-32307,0,0,0,0,0,144318,0
144319,-716,586,-8374,-95,-49,117,513402,1,-6,0,0,37802,125,26,144,0,0,0,0,0,0,0,0,-32307,0,0,0,0,0,144319,0
144320,-742,574,-8368,-104,-55,119,513402,8,5,0,0,37802,125,26,144,0,0,0,0,0,0,0,0,-32307,0,0,0,0,0,144320,0
144321,-742,574,-8368,-104,-55,119,513402,3,3,0,0,37802,125,26,144,0,0,0,0,0,0,0,0,-32307,0,0,0,0,0,144321,0
144322,-742,574,-8368,-104,-55,119,513403,4,1,0,0,37802,125,26,144,0,0,0,0,0,0,0,0,-32307,0,0,0,0,0,144322,0
144323,-742,574,-8368,-104,-55,119,513403,3,7,0,0,37801,129,26,144,0,0,0,0,0,0,0,0,-32307,0,0,0,0,0,144323,0
144324,-758,598,-8372,-103,-66,116,513402,0,-1,-1,0,37801,129,26,144,0,0,0,0,0,0,0,0,-32308,0,0,0,0,0,144324,0
144325,-758,598,-8372,-103,-66,116,513401,-7,0,-1,0,37801,129,26,144,0,0,0,0,0,0,0,0,-32308,0,0,0,0,0,144325,0
144326,-758,598,-8372,-103,-66,116,513402,-9,-1,0,0,37801,129,26,144,0,0,0,0,0,0,0,0,-32307,0,0,0,0,0,144326,0
144327,-758,598,-8372,-103,-66,116,513403,0,5,0,0,37801,129,26,144,0,0,0,0,0,0,0,0,-32308,0,0,0,0,0,144327,0
144328,-770,574,-8396,-104,-78,112,513403,10,3,0,0,37801,129,26,144,0,0,0,0,0,0,0,0,-32307,0,0,0,0,0,144328,0
144329,-770,574,-8396,-104,-78,112,513403,11,4,1,0,37801,129,26,144,0,0,0,0,0,0,0,0,-32308,0,0,0,0,0,144329,0
144330,-770,574,-8396,-104,-78,112,513404,8,6,0,0,37801,129,26,144,0,0,0,0,0,0,0,0,-32308,0,0,0,0,0,144330,0
144331,-770,574,-8396,-104,-78,112,513401,-7,-1,1,0,37801,129,26,144,0,0,0,0,0,0,0,0,-32307,0,0,0,0,0,144331,0
144332,-840,554,-8434,-97,-101,111,513403,-3,4,0,0,37801,129,26,144,0,0,0,0,0,0,0,0,-32307,0,0,0,0,0,144332,0
144333,-840,554,-8434,-97,-101,111,513402,-4,1,0,0,37802,140,26,144,0,0,0,0,0,0,0,0,-32308,0,0,0,0,0,144333,0
144334,-840,554,-8434,-97,-101,111,513403,-3,0,1,0,37802,140,26,144,0,0,0,0,0,0,0,0,-32307,0,0,0,0,0,144334,0
144335,-840,554,-8434,-97,-101,111,513403,4,4,1,0,37802,140,26,144,0,0,0,0,0,0,0,0,-32308,0,0,0,0,0,144335,0
144336,-814,556,-8426,-103,-121,120,513403,0,-4,0,0,37802,140,26,144,0,0,0,0,0,0,0,0,-32307,0,0,0,0,0,144336,0
144337,-814,556,-8426,-103,-121,120,513403,3,-3,0,0,37802,140,26,144,0,0,0,0,0,0,0,0,-32307,0,0,0,0,0,144337,0
144338,-814,556,-8426,-103,-121,120,513403,3,5,0,0,37802,140,26,144,0,0,0,0,0,0,0,0,-32307,0,0,0,0,0,144338,0
144339,-814,556,-8426,-103,-121,120,513403,2,1,0,0,37802,140,26,144,0,0,0,0,0,0,0,0,-32308,0,0,0,0,0,144339,0
144340,-816,552,-8452,-113,-141,114,513403,0,4,0,0,37802,140,26,144,0,0,0,0,0,0,0,0,-32307,0,0,0,0,0,144340,0
144341,-816,552,-8452,-113,-141,114,513402,-7,-5,0,0,37802,140,26,144,0,0,0,0,0,0,0,0,-32308,0,0,0,0,0,144341,0
144342,-816,552,-8452,-113,-141,114,513402,-8,-5,0,0,37802,140,26,144,0,0,0,0,0,0,0,0,-32308,0,0,0,0,0,144342,0
144343,-816,552,-8452,-113,-141,114,513401,-11,-4,0,0,37800,144,26,144,0,0,0,0,0,0,0,0,-32308,0,0,0,0,0,144343,0
144344,-776,552,-8474,-108,-154,103,513403,0,-6,0,0,37800,144,26,144,0,0,0,0,0,0,0,0,-32308,0,0,0,0,0,144344,0
144345,-776,552,-8474,-108,-154,103,513401,1,-1,0,0,37800,144,26,144,0,0,0,0,0,0,0,0,-32308,0,0,0,0,0,144345,0
144346,-776,552,-8474,-108,-154,103,513403,4,0,0,0,37800,144,26,144,0,0,0,0,0,0,0,0,-32308,0,0,0,0,0,144346,0
144347,-776,552,-8474,-108,-154,103,513404,15,3,0,0,37800,144,26,144,0,0,0,0,0,0,0,0,-32308,0,0,0,0,0,144347,0
144348,-756,520,-8482,-114,-151,100,513403,5,-1,0,0,37800,144,26,144,0,0,0,0,0,0,0,0,-32308,0,0,0,0,0,144348,0
144349,-756,520,-8482,-114,-151,100,513402,4,-3,0,0,37800,144,26,144,0,0,0,0,0,0,0,0,-32307,0,0,0,0,0,144349,0
144350,-756,520,-8482,-114,-151,100,513402,-8,0,0,0,37800,144,26,144,0,0,0,0,0,0,0,0,-32308,0,0,0,0,0,144350,0
144351,-756,520,-8482,-114,-151,100,513401,-14,-5,0,0,37800,144,26,144,0,0,0,0,0,0,0,0,-32307,0,0,0,0,0,144351,0
144352,-778,532,-8498,-109,-142,87,513403,-1,2,0,0,37800,144,26,144,0,0,0,0,0,0,0,0,-32308,0,0,0,0,0,144352,0
144353,-778,532,-8498,-109,-142,87,513403,3,-4,0,0,37799,143,26,144,0,0,0,0,0,0,0,0,-32307,0,0,0,0,0,144353,0
144354,-778,532,-8498,-109,-142,87,513404,11,0,1,0,37799,143,26,144,0,0,0,0,0,0,0,0,-32308,0,0,0,0,0,144354,0
144355,-778,532,-8498,-109,-142,87,513403,8,2,1,0,37799,143,26,144,0,0,0,0,0,0,0,0,-32307,0,0,0,0,0,144355,0
144356,-764,506,-8498,-99,-133,90,513403,0,3,0,0,37799,143,26,144,0,0,0,0,0,0,0,0,-32307,0,0,0,0,0,144356,0
144357,-764,506,-8498,-99,-133,90,513403,-1,5,0,0,37799,143,26,144,0,0,0,0,0,0,0,0,-32307,0,0,0,0,0,144357,0
144358,-764,506,-8498,-99,-133,90,513402,-9,2,0,0,37799,143,26,144,0,0,0,0,0,0,0,0,-32308,0,0,0,0,0,144358,0
