state_time,accelx,accely,accelz,gyrox,gyroy,gyroz,mot_ang,mot_vel,mot_acc,mot_cur,mot_volt,batt_volt,batt_curr,temperature,status_mn,status_ex,status_re,genvar_0,genvar_1,genvar_2,genvar_3,genvar_4,genvar_5,genvar_6,genvar_7,genvar_8,genvar_9,ank_ang,ank_vel,sys_time,event flags
190833,-1070,8068,404,23,-11,90,-217128,-2,0,-759,-256,36341,136,30,65,0,0,0,0,0,0,0,0,-32304,0,0,0,0,0,1255,0
190838,-1112,8050,390,28,-8,91,-217128,0,-1,-757,-256,36334,126,30,65,0,0,0,0,0,0,0,0,-32304,0,0,0,0,0,190838,0
190843,-1076,8074,372,31,-8,96,-217129,3,0,-757,-256,36334,126,30,65,0,0,0,0,0,0,0,0,-32304,0,0,0,0,0,190843,0
190848,-1084,8076,404,24,-5,98,-217129,0,-5,-752,-248,36333,129,30,65,0,0,0,0,0,0,0,0,-32304,0,0,0,0,0,190848,0
190853,-1082,8082,406,21,-8,97,-217127,3,4,-752,-256,36333,129,30,65,0,0,0,0,0,0,0,0,-32304,0,0,0,0,0,190853,0
190858,-1040,8058,398,22,-12,96,-217127,0,4,-754,-256,36331,132,30,65,0,0,0,0,0,0,0,0,-32304,0,0,0,0,0,190858,0
190863,-1050,8096,410,17,-11,100,-217128,-4,2,-753,-256,36331,132,30,65,0,0,0,0,0,0,0,0,-32304,0,0,0,0,0,190863,0
190868,-1094,8054,406,11,-9,102,-217128,3,0,-754,-256,36333,131,31,65,0,0,0,0,0,0,0,0,-32304,0,0,0,0,0,190868,0
190873,-1052,8074,362,15,-8,103,-217128,5,-2,-761,-256,36333,131,31,65,0,0,0,0,0,0,0,0,-32305,0,0,0,0,0,190873,0
190878,-1048,8066,376,15,-4,108,-217128,-6,1,-758,-256,36333,125,30,65,0,0,0,0,0,0,0,0,-32304,0,0,0,0,0,190878,0
190883,-998,8074,368,12,-9,111,-217129,-5,1,-751,-256,36333,125,30,65,0,0,0,0,0,0,0,0,-32305,0,0,0,0,0,190883,0
190888,-938,8102,378,8,-7,109,-217128,0,-3,-754,-264,36332,130,30,65,0,0,0,0,0,0,0,0,-32304,0,0,0,0,0,190888,0
190893,-974,8074,362,6,-4,103,-217128,0,0,-760,-264,36332,130,30,65,0,0,0,0,0,0,0,0,-32304,0,0,0,0,0,190893,0
190898,-998,8098,390,6,-7,108,-217128,0,1,-757,-256,36332,131,30,65,0,0,0,0,0,0,0,0,-32304,0,0,0,0,0,190898,0
190903,-966,8096,400,4,-9,101,-217130,-2,-3,-753,-248,36332,131,30,65,0,0,0,0,0,0,0,0,-32304,0,0,0,0,0,190904,0
190908,-1010,8076,374,-5,-12,104,-217128,0,-2,-750,-256,36332,127,30,65,0,0,0,0,0,0,0,0,-32304,0,0,0,0,0,190909,0
190913,-1010,8088,380,-9,-12,100,-217129,0,-1,-753,-256,36332,127,30,65,0,0,0,0,0,0,0,0,-32304,0,0,0,0,0,190914,0
190918,-956,8108,362,-12,-15,104,-217128,0,0,-756,-256,36339,135,30,65,0,0,0,0,0,0,0,0,-32304,0,0,0,0,0,190919,0
190923,-962,8068,330,-10,-15,102,-217129,-3,-1,-757,-256,36339,135,30,65,0,0,0,0,0,0,0,0,-32303,0,0,0,0,0,190924,0
190928,-976,8062,352,-16,-21,99,-217127,5,3,-757,-272,36338,138,30,65,0,0,0,0,0,0,0,0,-32304,0,0,0,0,0,190929,0
190933,-936,8080,380,-13,-20,96,-217129,0,-3,-756,-256,36338,138,30,65,0,0,0,0,0,0,0,0,-32304,0,0,0,0,0,190934,0
190938,-944,8100,412,-20,-27,99,-217128,2,0,-753,-264,36337,143,30,65,0,0,0,0,0,0,0,0,-32304,0,0,0,0,0,190939,0
190943,-932,8124,382,-21,-27,96,-217127,6,4,-754,-264,36337,143,30,65,0,0,0,0,0,0,0,0,-32304,0,0,0,0,0,190944,0
190948,-916,8106,412,-21,-27,94,-217129,0,-1,-753,-256,36322,140,30,65,0,0,0,0,0,0,0,0,-32304,0,0,0,0,0,190949,0
190953,-950,8088,422,-27,-25,91,-217129,2,-4,-751,-256,36322,140,30,65,0,0,0,0,0,0,0,0,-32304,0,0,0,0,0,190954,0
190958,-972,8082,418,-28,-31,86,-217129,-6,0,-761,-248,36319,134,30,65,0,0,0,0,0,0,0,0,-32304,0,0,0,0,0,190959,0
190963,-932,8102,416,-28,-28,89,-217128,1,3,-755,-248,36319,134,30,65,0,0,0,0,0,0,0,0,-32304,0,0,0,0,0,190964,0
190968,-912,8106,454,-31,-26,83,-217127,2,0,-755,-264,36313,133,30,65,0,0,0,0,0,0,0,0,-32304,0,0,0,0,0,190969,0
190973,-964,8058,438,-36,-26,84,-217128,3,-2,-756,-256,36313,133,30,65,0,0,0,0,0,0,0,0,-32304,0,0,0,0,0,190974,0
190978,-940,8080,472,-33,-26,84,-217126,2,2,-754,-272,36313,135,30,65,0,0,0,0,0,0,0,0,-32304,0,0,0,0,0,190979,0
190983,-958,8094,466,-36,-29,82,-217129,-2,1,-754,-264,36313,135,30,65,0,0,0,0,0,0,0,0,-32304,0,0,0,0,0,190984,0
190988,-970,8058,434,-36,-32,80,-217127,2,0,-754,-264,36311,122,31,65,0,0,0,0,0,0,0,0,-32304,0,0,0,0,0,190989,0
190993,-934,8096,466,-37,-28,82,-217128,-1,1,-759,-256,36311,122,31,65,0,0,0,0,0,0,0,0,-32304,0,0,0,0,0,190994,0
190998,-930,8074,484,-42,-31,82,-217128,0,-3,-747,-256,36308,124,30,65,0,0,0,0,0,0,0,0,-32304,0,0,0,0,0,190999,0
191003,-950,8088,484,-41,-30,82,-217128,3,1,-747,-256,36308,124,30,65,0,0,0,0,0,0,0,0,-32304,0,0,0,0,0,191004,0
191008,-936,8106,518,-48,-29,77,-217128,-5,0,-758,-256,36307,127,31,65,0,0,0,0,0,0,0,0,-32304,0,0,0,0,0,191009,0
191013,-952,8048,492,-44,-31,77,-217127,8,5,-756,-264,36307,127,31,65,0,0,0,0,0,0,0,0,-32304,0,0,0,0,0,191014,0
191018,-950,8050,442,-43,-30,82,-217128,1,1,-758,-272,36307,123,30,65,0,0,0,0,0,0,0,0,-32304,0,0,0,0,0,191019,0
191023,-930,8060,528,-44,-33,83,-217128,1,0,-751,-256,36307,123,30,65,0,0,0,0,0,0,0,0,-32304,0,0,0,0,0,191024,0
191028,-974,8026,478,-44,-25,81,-217129,1,-1,-754,-264,36307,137,30,65,0,0,0,0,0,0,0,0,-32304,0,0,0,0,0,191029,0
191033,-944,8076,536,-46,-22,78,-217129,-1,1,-756,-248,36307,137,30,65,0,0,0,0,0,0,0,0,-32304,0,0,0,0,0,191034,0
191038,-984,8102,510,-50,-22,78,-217128,5,0,-752,-256,36308,136,31,65,0,0,0,0,0,0,0,0,-32304,0,0,0,0,0,191039,0
191043,-962,8052,496,-42,-21,80,-217129,-2,-2,-754,-248,36308,136,31,65,0,0,0,0,0,0,0,0,-32304,0,0,0,0,0,191044,0
191048,-972,8104,528,-45,-21,78,-217128,0,-1,-757,-248,36305,135,30,65,0,0,0,0,0,0,0,0,-32304,0,0,0,0,0,191049,0
191053,-980,8052,514,-49,-20,81,-217129,1,-3,-754,-256,36305,135,30,65,0,0,0,0,0,0,0,0,-32304,0,0,0,0,0,191054,0
191058,-966,8054,572,-52,-21,81,-217128,-1,-3,-751,-264,36306,128,30,65,0,0,0,0,0,0,0,0,-32304,0,0,0,0,0,191059,0
191063,-938,8136,530,-43,-18,79,-217129,-2,-1,-753,-248,36306,128,30,65,0,0,0,0,0,0,0,0,-32304,0,0,0,0,0,191064,0
191068,-944,8058,592,-49,-17,81,-217128,0,1,-757,-256,36308,123,30,65,0,0,0,0,0,0,0,0,-32304,0,0,0,0,0,191069,0
191073,-966,8044,560,-44,-16,82,-217129,3,-3,-756,-256,36308,123,30,65,0,0,0,0,0,0,0,0,-32304,0,0,0,0,0,191074,0
191078,-944,8078,576,-44,-22,83,-217128,0,4,-756,-256,36308,123,30,65,0,0,0,0,0,0,0,0,-32304,0,0,0,0,0,191079,0
191083,-930,8040,602,-43,-13,78,-217128,-4,1,-755,-256,36308,123,30,65,0,0,0,0,0,0,0,0,-32304,0,0,0,0,0,191084,0
191088,-908,8070,590,-40,-16,80,-217128,3,0,-756,-264,36308,132,30,65,0,0,0,0,0,0,0,0,-32304,0,0,0,0,0,191089,0
191093,-926,8080,600,-42,-19,82,-217129,-6,-3,-758,-248,36308,132,30,65,0,0,0,0,0,0,0,0,-32304,0,0,0,0,0,191094,0
191098,-884,8074,628,-39,-16,80,-217128,-1,-2,-753,-256,36306,136,30,65,0,0,0,0,0,0,0,0,-32304,0,0,0,0,0,191099,0
191103,-934,8046,592,-40,-15,74,-217129,-4,-2,-757,-248,36306,136,30,65,0,0,0,0,0,0,0,0,-32304,0,0,0,0,0,191104,0
191108,-872,8102,622,-39,-18,78,-217129,0,-4,-749,-264,36306,138,30,65,0,0,0,0,0,0,0,0,-32304,0,0,0,0,0,191109,0
191113,-832,8060,642,-35,-18,74,-217129,-1,-4,-758,-248,36306,138,30,65,0,0,0,0,0,0,0,0,-32304,0,0,0,0,0,191114,0
191118,-828,8084,596,-28,-17,72,-217130,-3,-3,-760,-240,36308,136,30,65,0,0,0,0,0,0,0,0,-32304,0,0,0,0,0,191119,0
191123,-872,8154,632,-33,-18,71,-217129,-3,-3,-758,-256,36308,136,30,65,0,0,0,0,0,0,0,0,-32304,0,0,0,0,0,191124,0
191128,-860,8084,656,-30,-24,66,-217128,1,1,-756,-256,36311,126,30,65,0,0,0,0,0,0,0,0,-32304,0,0,0,0,0,191129,0
191133,-822,8090,644,-20,-21,61,-217129,-4,-3,-757,-248,36311,126,30,65,0,0,0,0,0,0,0,0,-32304,0,0,0,0,0,191134,0
191138,-836,8072,650,-23,-21,56,-217128,0,0,-756,-256,36310,133,30,65,0,0,0,0,0,0,0,0,-32304,0,0,0,0,0,191139,0
191143,-820,8030,638,-20,-19,58,-217129,1,0,-758,-256,36310,133,30,65,0,0,0,0,0,0,0,0,-32304,0,0,0,0,0,191144,0
191148,-844,8080,666,-17,-18,51,-217127,7,0,-754,-256,36310,133,30,65,0,0,0,0,0,0,0,0,-32304,0,0,0,0,0,191149,0
191153,-854,8060,634,-19,-27,45,-217128,0,3,-754,-256,36310,133,30,65,0,0,0,0,0,0,0,0,-32304,0,0,0,0,0,191154,0
191158,-830,8050,686,-16,-20,49,-217127,4,1,-751,-264,36305,129,30,65,0,0,0,0,0,0,0,0,-32304,0,0,0,0,0,191159,0
191163,-804,8082,686,-11,-19,45,-217129,-6,-1,-762,-256,36305,129,30,65,0,0,0,0,0,0,0,0,-32304,0,0,0,0,0,191164,0
191168,-798,8096,672,-1,-21,33,-217129,-4,-2,-757,-248,36306,132,30,65,0,0,0,0,0,0,0,0,-32304,0,0,0,0,0,191169,0
191173,-788,8100,678,-7,-20,34,-217129,0,-2,-755,-256,36306,132,30,65,0,0,0,0,0,0,0,0,-32304,0,0,0,0,0,191174,0
191178,-802,8090,670,-6,-17,27,-217127,2,6,-758,-256,36306,135,31,65,0,0,0,0,0,0,0,0,-32304,0,0,0,0,0,191179,0
191183,-798,8082,686,7,-16,24,-217128,1,5,-750,-264,36306,135,31,65,0,0,0,0,0,0,0,0,-32304,0,0,0,0,0,191184,0
191188,-812,8090,680,4,-7,17,-217129,-5,-3,-754,-248,36306,137,30,65,0,0,0,0,0,0,0,0,-32304,0,0,0,0,0,191189,0
191193,-806,8064,676,4,-10,16,-217128,0,3,-759,-248,36306,137,30,65,0,0,0,0,0,0,0,0,-32304,0,0,0,0,0,191194,0
191198,-822,8082,688,3,-14,11,-217127,5,1,-752,-264,36306,141,30,65,0,0,0,0,0,0,0,0,-32304,0,0,0,0,0,191199,0
191203,-810,8078,664,13,-4,11,-217128,4,0,-754,-264,36306,141,30,65,0,0,0,0,0,0,0,0,-32304,0,0,0,0,0,191204,0
191208,-816,8054,694,12,-5,6,-217129,-1,-3,-753,-264,36308,142,31,65,0,0,0,0,0,0,0,0,-32304,0,0,0,0,0,191209,0
191213,-828,8052,690,20,-9,4,-217129,0,0,-752,-248,36308,142,31,65,0,0,0,0,0,0,0,0,-32304,0,0,0,0,0,191214,0
191218,-840,8042,674,14,-8,4,-217127,5,4,-757,-256,36310,140,30,65,0,0,0,0,0,0,0,0,-32304,0,0,0,0,0,191219,0
191223,-850,8100,664,21,-7,3,-217127,6,-1,-755,-272,36310,140,30,65,0,0,0,0,0,0,0,0,-32304,0,0,0,0,0,191224,0
191228,-834,8082,658,26,0,-5,-217129,-1,-1,-754,-256,36314,141,30,65,0,0,0,0,0,0,0,0,-32304,0,0,0,0,0,191229,0
191233,-850,8086,666,19,-3,-3,-217128,-4,-5,-749,-256,36314,141,30,65,0,0,0,0,0,0,0,0,-32304,0,0,0,0,0,191234,0
191238,-866,8092,670,25,-5,-6,-217128,0,-4,-754,-256,36323,127,30,65,0,0,0,0,0,0,0,0,-32304,0,0,0,0,0,191239,0
191243,-896,8076,644,27,-2,-9,-217129,-1,2,-756,-256,36323,127,30,65,0,0,0,0,0,0,0,0,-32304,0,0,0,0,0,191244,0
191248,-902,8076,650,26,2,-8,-217128,5,1,-747,-256,36324,126,30,65,0,0,0,0,0,0,0,0,-32304,0,0,0,0,0,191249,0
191253,-922,8056,646,30,0,-9,-217127,2,0,-755,-264,36324,126,30,65,0,0,0,0,0,0,0,0,-32304,0,0,0,0,0,191254,0
191258,-948,8050,644,29,-4,-15,-217128,0,2,-754,-256,36321,120,31,65,0,0,0,0,0,0,0,0,-32305,0,0,0,0,0,191259,0
191263,-948,8054,636,32,-3,-8,-217128,-1,0,-750,-256,36321,120,31,65,0,0,0,0,0,0,0,0,-32304,0,0,0,0,0,191264,0
191268,-978,8054,640,35,-7,-12,-217128,-6,-1,-756,-248,36313,118,30,65,0,0,0,0,0,0,0,0,-32304,0,0,0,0,0,191269,0
191273,-984,8026,638,33,-2,-7,-217128,0,0,-758,-256,36313,118,30,65,0,0,0,0,0,0,0,0,-32304,0,0,0,0,0,191274,0
191278,-1006,8014,642,35,-1,-8,-217129,-1,-3,-756,-256,36307,124,30,65,0,0,0,0,0,0,0,0,-32304,0,0,0,0,0,191279,0
191283,-984,8032,624,35,-1,-10,-217128,-2,1,-758,-248,36307,124,30,65,0,0,0,0,0,0,0,0,-32304,0,0,0,0,0,191284,0
191288,-1020,8030,644,34,-9,-5,-217128,-1,0,-762,-256,36306,134,30,65,0,0,0,0,0,0,0,0,-32304,0,0,0,0,0,191289,0
191293,-1004,8040,636,39,-9,-5,-217129,-2,4,-753,-248,36306,134,30,65,0,0,0,0,0,0,0,0,-32304,0,0,0,0,0,191294,0
191298,-1028,8058,632,43,-8,3,-217128,5,-2,-749,-256,36305,140,30,65,0,0,0,0,0,0,0,0,-32304,0,0,0,0,0,191299,0
191303,-1012,8048,630,42,-10,1,-217127,5,-1,-754,-256,36305,140,30,65,0,0,0,0,0,0,0,0,-32304,0,0,0,0,0,191304,0
191308,-1000,8054,632,45,-12,8,-217128,3,4,-753,-256,36306,145,31,65,0,0,0,0,0,0,0,0,-32304,0,0,0,0,0,191309,0
191313,-1004,8034,598,46,-13,6,-217127,3,0,-752,-264,36306,145,31,65,0,0,0,0,0,0,0,0,-32304,0,0,0,0,0,191314,0
191318,-1008,8050,640,37,-9,10,-217129,-1,-1,-755,-248,36307,134,30,65,0,0,0,0,0,0,0,0,-32304,0,0,0,0,0,191319,0
191323,-988,8034,598,43,-11,4,-217128,1,2,-757,-248,36307,134,30,65,0,0,0,0,0,0,0,0,-32304,0,0,0,0,0,191324,0
191328,-1030,8062,602,48,-14,13,-217128,0,-1,-759,-256,36308,126,30,65,0,0,0,0,0,0,0,0,-32304,0,0,0,0,0,191329,0
191333,-982,8060,608,45,-20,14,-217128,0,2,-751,-256,36308,126,30,65,0,0,0,0,0,0,0,0,-32304,0,0,0,0,0,191334,0
191338,-990,8068,612,42,-14,19,-217128,-1,3,-754,-256,36309,131,30,65,0,0,0,0,0,0,0,0,-32304,0,0,0,0,0,191339,0
191343,-988,8086,600,42,-17,19,-217129,-6,0,-757,-256,36309,131,30,65,0,0,0,0,0,0,0,0,-32304,0,0,0,0,0,191344,0
191348,-998,8044,606,41,-21,18,-217128,0,-1,-749,-256,36308,127,30,65,0,0,0,0,0,0,0,0,-32304,0,0,0,0,0,191349,0
191353,-1012,8040,600,40,-21,24,-217129,1,-1,-754,-264,36308,127,30,65,0,0,0,0,0,0,0,0,-32304,0,0,0,0,0,191354,0
191358,-1016,8086,624,42,-14,24,-217128,-2,1,-757,-248,36307,129,30,65,0,0,0,0,0,0,0,0,-32304,0,0,0,0,0,191359,0
191363,-1006,8032,616,39,-19,24,-217128,7,1,-754,-256,36307,129,30,65,0,0,0,0,0,0,0,0,-32304,0,0,0,0,0,191364,0
191368,-1012,8064,590,37,-21,31,-217128,-2,5,-762,-264,36309,132,30,65,0,0,0,0,0,0,0,0,-32304,0,0,0,0,0,191369,0
191373,-1026,8048,582,44,-16,25,-217128,0,2,-753,-264,36309,132,30,65,0,0,0,0,0,0,0,0,-32305,0,0,0,0,0,191374,0
191378,-972,8058,622,43,-18,36,-217127,1,-5,-757,-256,36310,124,31,65,0,0,0,0,0,0,0,0,-32305,0,0,0,0,0,191379,0
191383,-986,8054,594,40,-16,31,-217128,5,1,-755,-264,36310,124,31,65,0,0,0,0,0,0,0,0,-32304,0,0,0,0,0,191384,0
191388,-996,8060,626,36,-17,33,-217127,2,-3,-758,-256,36309,131,30,65,0,0,0,0,0,0,0,0,-32303,0,0,0,0,0,191389,0
191393,-980,8056,608,41,-19,37,-217128,-1,3,-752,-256,36309,131,30,65,0,0,0,0,0,0,0,0,-32304,0,0,0,0,0,191394,0
191398,-960,8026,612,34,-19,38,-217127,7,-1,-751,-264,36308,129,30,65,0,0,0,0,0,0,0,0,-32304,0,0,0,0,0,191399,0
191403,-978,8052,596,42,-15,34,-217129,-1,1,-756,-264,36308,129,30,65,0,0,0,0,0,0,0,0,-32304,0,0,0,0,0,191404,0
191408,-936,8048,606,38,-14,36,-217128,2,-5,-748,-256,36308,128,30,65,0,0,0,0,0,0,0,0,-32304,0,0,0,0,0,191409,0
191413,-950,8054,606,38,-17,42,-217128,1,-1,-757,-256,36308,128,30,65,0,0,0,0,0,0,0,0,-32304,0,0,0,0,0,191414,0
191418,-940,8056,614,36,-15,41,-217127,7,2,-754,-256,36307,135,30,65,0,0,0,0,0,0,0,0,-32304,0,0,0,0,0,191419,0
191423,-960,8078,634,38,-11,36,-217128,-4,0,-757,-264,36307,135,30,65,0,0,0,0,0,0,0,0,-32304,0,0,0,0,0,191424,0
191428,-928,8062,632,34,-17,38,-217128,3,-2,-754,-264,36307,139,31,65,0,0,0,0,0,0,0,0,-32304,0,0,0,0,0,191429,0
191433,-928,8042,620,32,-12,37,-217127,-5,-6,-761,-256,36307,139,31,65,0,0,0,0,0,0,0,0,-32304,0,0,0,0,0,191434,0
191438,-912,8086,610,39,-11,37,-217128,-1,-4,-755,-256,36312,137,30,65,0,0,0,0,0,0,0,0,-32304,0,0,0,0,0,191439,0
191443,-930,8066,604,33,-10,37,-217129,-7,-4,-757,-248,36312,137,30,65,0,0,0,0,0,0,0,0,-32304,0,0,0,0,0,191444,0
191448,-912,8070,620,30,-13,38,-217128,1,-2,-753,-248,36313,143,30,65,0,0,0,0,0,0,0,0,-32304,0,0,0,0,0,191449,0
191453,-938,8068,620,28,-4,38,-217127,4,-2,-762,-264,36313,143,30,65,0,0,0,0,0,0,0,0,-32304,0,0,0,0,0,191454,0
191458,-926,8100,610,34,-11,34,-217128,11,6,-753,-256,36315,139,31,65,0,0,0,0,0,0,0,0,-32304,0,0,0,0,0,191459,0
191463,-890,8090,626,32,-9,39,-217127,-1,2,-759,-256,36315,139,31,65,0,0,0,0,0,0,0,0,-32304,0,0,0,0,0,191464,0
191468,-922,8056,636,30,-13,29,-217128,3,-6,-748,-256,36311,129,30,65,0,0,0,0,0,0,0,0,-32304,0,0,0,0,0,191469,0
191473,-900,8066,618,28,-11,30,-217127,7,1,-753,-264,36311,129,30,65,0,0,0,0,0,0,0,0,-32304,0,0,0,0,0,191474,0
191478,-920,8094,636,35,-8,32,-217127,5,-1,-760,-264,36309,124,31,65,0,0,0,0,0,0,0,0,-32304,0,0,0,0,0,191479,0
191483,-912,8072,612,32,-8,27,-217128,-3,-1,-754,-256,36309,124,31,65,0,0,0,0,0,0,0,0,-32304,0,0,0,0,0,191484,0
191488,-930,8064,642,30,-13,27,-217128,2,-1,-753,-256,36309,120,30,65,0,0,0,0,0,0,0,0,-32304,0,0,0,0,0,191489,0
191493,-932,8096,640,29,-11,27,-217128,0,-2,-756,-248,36309,120,30,65,0,0,0,0,0,0,0,0,-32304,0,0,0,0,0,191494,0
191498,-898,8082,662,33,-13,24,-217126,5,-3,-755,-264,36306,124,30,65,0,0,0,0,0,0,0,0,-32304,0,0,0,0,0,191499,0
191503,-888,8080,680,30,-15,25,-217128,-1,1,-756,-272,36306,124,30,65,0,0,0,0,0,0,0,0,-32304,0,0,0,0,0,191504,0
191508,-886,8076,670,31,-15,23,-217127,0,-2,-755,-264,36309,131,31,65,0,0,0,0,0,0,0,0,-32304,0,0,0,0,0,191509,0
191513,-902,8054,682,34,-17,23,-217128,1,-4,-752,-256,36309,131,31,65,0,0,0,0,0,0,0,0,-32304,0,0,0,0,0,191514,0
191518,-892,8070,704,35,-13,16,-217128,1,0,-756,-256,36309,126,30,65,0,0,0,0,0,0,0,0,-32304,0,0,0,0,0,191519,0
191523,-878,8048,696,36,-16,18,-217129,1,0,-761,-256,36309,126,30,65,0,0,0,0,0,0,0,0,-32304,0,0,0,0,0,191524,0
191528,-930,8054,718,41,-17,12,-217127,0,-5,-759,-256,36310,125,30,65,0,0,0,0,0,0,0,0,-32304,0,0,0,0,0,191529,0
191533,-922,8038,708,40,-17,17,-217129,3,2,-755,-248,36310,125,30,65,0,0,0,0,0,0,0,0,-32304,0,0,0,0,0,191534,0
191538,-932,8042,712,45,-19,12,-217129,1,0,-755,-256,36311,128,30,65,0,0,0,0,0,0,0,0,-32303,0,0,0,0,0,191539,0
191543,-926,8046,726,49,-16,10,-217128,0,-2,-758,-256,36311,128,30,65,0,0,0,0,0,0,0,0,-32304,0,0,0,0,0,191544,0
191548,-916,8052,716,54,-20,10,-217129,1,1,-754,-256,36314,126,31,65,0,0,0,0,0,0,0,0,-32303,0,0,0,0,0,191549,0
191553,-896,8072,718,55,-18,10,-217127,0,1,-753,-264,36314,126,31,65,0,0,0,0,0,0,0,0,-32304,0,0,0,0,0,191554,0
191558,-932,8060,754,56,-22,9,-217127,-1,-7,-755,-264,36312,134,30,65,0,0,0,0,0,0,0,0,-32304,0,0,0,0,0,191559,0
191563,-922,8036,748,59,-21,7,-217127,4,3,-759,-256,36312,134,30,65,0,0,0,0,0,0,0,0,-32304,0,0,0,0,0,191564,0
191568,-988,8026,720,64,-23,6,-217128,-1,0,-760,-248,36311,131,31,65,0,0,0,0,0,0,0,0,-32304,0,0,0,0,0,191569,0
191573,-962,7984,748,67,-22,5,-217128,0,0,-755,-256,36311,131,31,65,0,0,0,0,0,0,0,0,-32304,0,0,0,0,0,191574,0
191578,-882,8012,748,68,-17,4,-217129,-11,-6,-757,-256,36307,133,30,65,0,0,0,0,0,0,0,0,-32304,0,0,0,0,0,191579,0
191583,-904,8002,746,71,-19,6,-217128,1,-2,-754,-256,36307,133,30,65,0,0,0,0,0,0,0,0,-32304,0,0,0,0,0,191584,0
191588,-934,8024,744,74,-19,0,-217128,-2,-2,-761,-264,36308,141,30,65,0,0,0,0,0,0,0,0,-32304,0,0,0,0,0,191589,0
191593,-976,8040,736,83,-22,0,-217129,1,4,-753,-256,36308,141,30,65,0,0,0,0,0,0,0,0,-32304,0,0,0,0,0,191594,0
191598,-980,8016,724,84,-23,2,-217128,-3,-1,-756,-256,36308,146,30,65,0,0,0,0,0,0,0,0,-32304,0,0,0,0,0,191599,0
191603,-922,8016,748,87,-20,3,-217128,0,2,-756,-256,36308,146,30,65,0,0,0,0,0,0,0,0,-32304,0,0,0,0,0,191604,0
191608,-928,7994,762,86,-17,5,-217128,0,-1,-759,-256,36305,142,30,65,0,0,0,0,0,0,0,0,-32304,0,0,0,0,0,191609,0
191613,-922,8058,742,91,-10,4,-217127,8,1,-756,-248,36305,142,30,65,0,0,0,0,0,0,0,0,-32304,0,0,0,0,0,191614,0
191618,-922,8036,718,95,-9,4,-217129,-9,-1,-763,-248,36304,140,30,65,0,0,0,0,0,0,0,0,-32304,0,0,0,0,0,191619,0
191623,-938,8072,724,96,-15,5,-217127,6,-2,-748,-264,36304,140,30,65,0,0,0,0,0,0,0,0,-32304,0,0,0,0,0,191624,0
191628,-892,8076,670,97,-6,3,-217127,-3,-2,-757,-232,36305,131,31,65,0,0,0,0,0,0,0,0,-32304,0,0,0,0,0,191629,0
191633,-936,8016,670,97,-9,3,-217128,-1,3,-759,-248,36305,131,31,65,0,0,0,0,0,0,0,0,-32304,0,0,0,0,0,191634,0
191638,-958,8050,700,99,-1,9,-217127,0,-6,-761,-256,36308,133,30,65,0,0,0,0,0,0,0,0,-32304,0,0,0,0,0,191639,0
191643,-956,8060,688,101,-7,5,-217128,1,-1,-754,-256,36308,133,30,65,0,0,0,0,0,0,0,0,-32304,0,0,0,0,0,191644,0
191648,-972,8062,636,99,-2,13,-217128,1,1,-753,-248,36311,130,30,65,0,0,0,0,0,0,0,0,-32304,0,0,0,0,0,191649,0
191653,-966,8030,634,100,-1,2,-217129,1,4,-742,-264,36311,130,30,65,0,0,0,0,0,0,0,0,-32304,0,0,0,0,0,191654,0
191658,-976,8068,644,99,2,7,-217127,3,3,-755,-264,36309,125,30,65,0,0,0,0,0,0,0,0,-32304,0,0,0,0,0,191659,0
191663,-1004,8062,598,95,1,13,-217128,0,-3,-760,-248,36309,125,30,65,0,0,0,0,0,0,0,0,-32304,0,0,0,0,0,191664,0
191668,-976,8076,590,98,3,7,-217127,0,3,-756,-256,36309,131,30,65,0,0,0,0,0,0,0,0,-32304,0,0,0,0,0,191669,0
191673,-948,8082,620,98,-3,8,-217127,9,-3,-758,-264,36309,131,30,65,0,0,0,0,0,0,0,0,-32304,0,0,0,0,0,191674,0
191678,-976,8048,608,94,2,15,-217127,-5,-3,-759,-248,36306,137,31,65,0,0,0,0,0,0,0,0,-32304,0,0,0,0,0,191679,0
191683,-958,8090,576,93,1,11,-217128,0,-2,-759,-248,36306,137,31,65,0,0,0,0,0,0,0,0,-32304,0,0,0,0,0,191684,0
191688,-1004,8106,558,88,-1,11,-217127,0,-1,-759,-248,36307,138,30,65,0,0,0,0,0,0,0,0,-32304,0,0,0,0,0,191689,0
191693,-966,8074,558,93,-3,5,-217129,-4,1,-756,-248,36307,138,30,65,0,0,0,0,0,0,0,0,-32303,0,0,0,0,0,191694,0
191698,-954,8082,546,84,1,12,-217127,3,-2,-752,-264,36309,135,31,65,0,0,0,0,0,0,0,0,-32304,0,0,0,0,0,191699,0
191703,-972,8078,550,83,-2,8,-217129,-8,0,-755,-256,36309,135,31,65,0,0,0,0,0,0,0,0,-32304,0,0,0,0,0,191704,0
191708,-962,8084,552,80,-3,8,-217127,11,4,-750,-272,36311,138,30,65,0,0,0,0,0,0,0,0,-32304,0,0,0,0,0,191709,0
191713,-958,8098,534,79,-9,14,-217128,4,-1,-748,-264,36311,138,30,65,0,0,0,0,0,0,0,0,-32304,0,0,0,0,0,191714,0
191718,-908,8116,562,74,-9,10,-217128,-4,4,-755,-248,36311,128,30,65,0,0,0,0,0,0,0,0,-32304,0,0,0,0,0,191719,0
191723,-954,8050,574,70,-4,11,-217128,-1,1,-755,-256,36311,128,30,65,0,0,0,0,0,0,0,0,-32304,0,0,0,0,0,191724,0
191728,-996,8072,600,70,-12,11,-217127,5,-1,-754,-264,36309,137,30,65,0,0,0,0,0,0,0,0,-32304,0,0,0,0,0,191729,0
191733,-1012,8068,604,69,-7,12,-217128,3,-6,-756,-256,36309,137,30,65,0,0,0,0,0,0,0,0,-32304,0,0,0,0,0,191734,0
191738,-998,8030,586,71,-9,12,-217127,-5,-1,-761,-248,36308,127,30,65,0,0,0,0,0,0,0,0,-32304,0,0,0,0,0,191739,0
191743,-1054,8050,570,66,-5,13,-217128,-5,2,-756,-248,36308,127,30,65,0,0,0,0,0,0,0,0,-32304,0,0,0,0,0,191744,0
191748,-996,8052,590,71,-19,15,-217127,1,-1,-753,-256,36310,129,30,65,0,0,0,0,0,0,0,0,-32304,0,0,0,0,0,191749,0
191753,-974,8030,602,65,-12,10,-217127,0,0,-759,-256,36310,129,30,65,0,0,0,0,0,0,0,0,-32304,0,0,0,0,0,191754,0
191758,-980,8056,610,65,-9,14,-217128,0,-2,-748,-256,36309,128,31,65,0,0,0,0,0,0,0,0,-32304,0,0,0,0,0,191759,0
191763,-988,8044,666,61,-11,13,-217128,3,0,-753,-264,36309,128,31,65,0,0,0,0,0,0,0,0,-32304,0,0,0,0,0,191764,0
191768,-956,8038,620,65,-11,13,-217128,-3,0,-756,-256,36310,116,31,65,0,0,0,0,0,0,0,0,-32304,0,0,0,0,0,191769,0
191773,-958,8056,642,59,-8,11,-217127,2,2,-755,-256,36310,116,31,65,0,0,0,0,0,0,0,0,-32304,0,0,0,0,0,191774,0
191778,-990,8058,652,64,-12,11,-217128,-1,-2,-763,-248,36307,122,30,65,0,0,0,0,0,0,0,0,-32304,0,0,0,0,0,191779,0
191783,-988,8058,648,66,-9,16,-217129,-5,-3,-755,-256,36307,122,30,65,0,0,0,0,0,0,0,0,-32304,0,0,0,0,0,191784,0
191788,-964,8060,664,60,-10,17,-217127,5,1,-751,-264,36304,131,30,65,0,0,0,0,0,0,0,0,-32304,0,0,0,0,0,191789,0
191793,-930,8052,636,67,-6,14,-217127,-1,-2,-757,-256,36304,131,30,65,0,0,0,0,0,0,0,0,-32304,0,0,0,0,0,191794,0
191798,-944,8064,654,69,-7,15,-217128,-4,-1,-759,-256,36303,135,31,65,0,0,0,0,0,0,0,0,-32304,0,0,0,0,0,191799,0
191803,-960,8076,644,63,-2,18,-217128,-2,-3,-755,-256,36303,135,31,65,0,0,0,0,0,0,0,0,-32304,0,0,0,0,0,191804,0
191808,-956,8064,614,65,-6,16,-217129,3,-4,-749,-264,36303,140,30,65,0,0,0,0,0,0,0,0,-32304,0,0,0,0,0,191809,0
191813,-954,8084,652,68,-1,15,-217127,3,1,-759,-248,36303,140,30,65,0,0,0,0,0,0,0,0,-32304,0,0,0,0,0,191814,0
191818,-954,8086,680,68,-4,20,-217128,0,1,-759,-248,36303,143,31,65,0,0,0,0,0,0,0,0,-32304,0,0,0,0,0,191819,0
191823,-958,8090,648,65,-3,13,-217127,7,3,-755,-272,36303,143,31,65,0,0,0,0,0,0,0,0,-32304,0,0,0,0,0,191824,0
191828,-962,8092,668,69,-3,18,-217128,1,0,-758,-264,36302,134,30,65,0,0,0,0,0,0,0,0,-32304,0,0,0,0,0,191829,0
191833,-988,8050,648,69,-7,17,-217128,-1,-2,-753,-248,36302,134,30,65,0,0,0,0,0,0,0,0,-32304,0,0,0,0,0,191834,0
191838,-984,8040,654,72,-4,17,-217127,4,4,-753,-256,36303,131,30,65,0,0,0,0,0,0,0,0,-32304,0,0,0,0,0,191839,0
191843,-1060,8064,660,72,-6,20,-217128,4,-2,-754,-256,36303,131,30,65,0,0,0,0,0,0,0,0,-32304,0,0,0,0,0,191844,0
191848,-1012,8044,658,73,-7,20,-217128,1,-1,-752,-256,36306,133,31,65,0,0,0,0,0,0,0,0,-32304,0,0,0,0,0,191849,0
191853,-1012,8044,642,71,-3,24,-217127,3,5,-753,-256,36306,133,31,65,0,0,0,0,0,0,0,0,-32305,0,0,0,0,0,191854,0
191858,-976,8050,680,75,-6,28,-217128,-3,-3,-756,-256,36309,143,31,65,0,0,0,0,0,0,0,0,-32304,0,0,0,0,0,191859,0
191863,-1004,8058,700,79,-11,26,-217128,2,2,-752,-256,36309,143,31,65,0,0,0,0,0,0,0,0,-32304,0,0,0,0,0,191864,0
191868,-994,8024,644,76,-16,26,-217128,1,-5,-753,-264,36307,141,31,65,0,0,0,0,0,0,0,0,-32304,0,0,0,0,0,191869,0
191873,-1000,8046,664,76,-6,29,-217127,0,0,-759,-256,36307,141,31,65,0,0,0,0,0,0,0,0,-32304,0,0,0,0,0,191874,0
191878,-994,8044,650,75,-12,30,-217128,-3,0,-763,-256,36308,134,30,65,0,0,0,0,0,0,0,0,-32304,0,0,0,0,0,191879,0
191883,-996,8066,648,74,-15,24,-217128,1,-3,-754,-264,36308,134,30,65,0,0,0,0,0,0,0,0,-32304,0,0,0,0,0,191884,0
191888,-996,8048,648,79,-12,26,-217128,4,-1,-749,-264,36305,121,30,65,0,0,0,0,0,0,0,0,-32304,0,0,0,0,0,191889,0
191893,-984,8048,660,81,-12,30,-217127,1,0,-757,-256,36305,121,30,65,0,0,0,0,0,0,0,0,-32304,0,0,0,0,0,191894,0
191898,-982,8050,674,81,-14,29,-217128,3,1,-753,-256,36305,126,31,65,0,0,0,0,0,0,0,0,-32304,0,0,0,0,0,191899,0
191903,-974,8068,642,77,-16,28,-217129,-6,-3,-758,-248,36305,126,31,65,0,0,0,0,0,0,0,0,-32304,0,0,0,0,0,191904,0
191908,-958,8044,654,86,-13,30,-217128,0,-1,-751,-256,36304,119,30,65,0,0,0,0,0,0,0,0,-32304,0,0,0,0,0,191910,0
191913,-962,8066,634,84,-21,30,-217127,-3,-2,-759,-256,36304,119,30,65,0,0,0,0,0,0,0,0,-32304,0,0,0,0,0,191915,0
191918,-954,8032,644,85,-16,27,-217128,0,2,-757,-256,36302,134,30,65,0,0,0,0,0,0,0,0,-32304,0,0,0,0,0,191920,0
191923,-976,8040,654,82,-18,26,-217127,0,-1,-756,-264,36302,134,30,65,0,0,0,0,0,0,0,0,-32304,0,0,0,0,0,191925,0
191928,-954,8036,652,85,-17,31,-217127,5,4,-756,-272,36302,136,30,65,0,0,0,0,0,0,0,0,-32304,0,0,0,0,0,191930,0
191933,-956,8070,644,87,-20,29,-217128,-3,-1,-757,-256,36302,136,30,65,0,0,0,0,0,0,0,0,-32304,0,0,0,0,0,191935,0
191938,-994,8050,630,85,-20,27,-217128,1,0,-756,-256,36305,144,30,65,0,0,0,0,0,0,0,0,-32304,0,0,0,0,0,191940,0
191943,-954,8060,638,86,-24,26,-217128,0,1,-757,-256,36305,144,30,65,0,0,0,0,0,0,0,0,-32304,0,0,0,0,0,191945,0
191948,-938,8070,644,83,-25,26,-217128,-6,4,-758,-248,36306,147,30,65,0,0,0,0,0,0,0,0,-32304,0,0,0,0,0,191950,0
191953,-954,8056,626,88,-20,24,-217128,-5,-1,-754,-248,36306,147,30,65,0,0,0,0,0,0,0,0,-32304,0,0,0,0,0,191955,0
191958,-942,8096,622,84,-21,28,-217129,-1,1,-756,-248,36313,145,30,65,0,0,0,0,0,0,0,0,-32304,0,0,0,0,0,191960,0
191963,-924,8068,618,84,-25,24,-217127,3,3,-758,-256,36313,145,30,65,0,0,0,0,0,0,0,0,-32304,0,0,0,0,0,191965,0
191968,-912,8074,598,83,-25,24,-217128,1,4,-755,-264,36312,129,31,65,0,0,0,0,0,0,0,0,-32304,0,0,0,0,0,191970,0
191973,-914,8078,608,86,-19,25,-217126,4,6,-756,-256,36312,129,31,65,0,0,0,0,0,0,0,0,-32304,0,0,0,0,0,191975,0
191978,-946,8082,624,83,-17,23,-217128,0,3,-757,-256,36312,133,30,65,0,0,0,0,0,0,0,0,-32304,0,0,0,0,0,191980,0
191983,-942,8096,606,84,-20,25,-217128,-5,-4,-756,-248,36312,133,30,65,0,0,0,0,0,0,0,0,-32304,0,0,0,0,0,191985,0
191988,-952,8076,594,84,-22,21,-217127,7,2,-752,-256,36304,125,30,65,0,0,0,0,0,0,0,0,-32304,0,0,0,0,0,191990,0
191993,-924,8090,622,84,-18,22,-217128,-2,1,-759,-256,36304,125,30,65,0,0,0,0,0,0,0,0,-32304,0,0,0,0,0,191995,0
191998,-948,8092,624,89,-12,26,-217127,0,4,-753,-256,36303,126,30,65,0,0,0,0,0,0,0,0,-32304,0,0,0,0,0,192000,0
192003,-942,8082,622,73,-18,20,-217128,0,1,-755,-256,36303,126,30,65,0,0,0,0,0,0,0,0,-32304,0,0,0,0,0,192005,0
192008,-940,8066,626,78,-18,20,-217128,-2,3,-758,-248,36303,125,30,65,0,0,0,0,0,0,0,0,-32304,0,0,0,0,0,192010,0
192013,-948,8066,604,80,-13,21,-217128,0,2,-758,-256,36303,125,30,65,0,0,0,0,0,0,0,0,-32304,0,0,0,0,0,192015,0
192018,-964,8062,608,76,-12,16,-217128,1,-1,-749,-256,36306,127,31,65,0,0,0,0,0,0,0,0,-32304,0,0,0,0,0,192020,0
192023,-952,8046,634,79,-17,19,-217128,-10,2,-756,-248,36306,127,31,65,0,0,0,0,0,0,0,0,-32304,0,0,0,0,0,192025,0
192028,-942,8032,620,75,-19,18,-217127,0,4,-754,-248,36306,126,30,65,0,0,0,0,0,0,0,0,-32304,0,0,0,0,0,192030,0
192033,-968,8062,640,81,-16,17,-217127,1,-1,-760,-256,36306,126,30,65,0,0,0,0,0,0,0,0,-32303,0,0,0,0,0,192036,0
192038,-972,8078,622,75,-16,18,-217129,1,-2,-759,-256,36306,139,30,65,0,0,0,0,0,0,0,0,-32304,0,0,0,0,0,192041,0
192043,-1004,8064,560,80,-18,15,-217126,-1,3,-758,-264,36306,139,30,65,0,0,0,0,0,0,0,0,-32304,0,0,0,0,0,192046,0
192048,-946,8054,622,76,-20,15,-217128,0,3,-758,-264,36305,131,30,65,0,0,0,0,0,0,0,0,-32304,0,0,0,0,0,192051,0
192053,-956,8054,630,77,-14,12,-217127,-5,3,-758,-264,36305,131,30,65,0,0,0,0,0,0,0,0,-32304,0,0,0,0,0,192056,0
192058,-930,8100,630,77,-9,16,-217128,4,2,-749,-264,36308,127,30,65,0,0,0,0,0,0,0,0,-32304,0,0,0,0,0,192061,0
192063,-938,8054,638,80,-10,12,-217128,1,-1,-757,-256,36308,127,30,65,0,0,0,0,0,0,0,0,-32304,0,0,0,0,0,192066,0
192068,-902,8100,584,73,-16,9,-217129,0,-1,-755,-256,36308,128,31,65,0,0,0,0,0,0,0,0,-32304,0,0,0,0,0,192071,0
192073,-936,8112,620,76,-15,14,-217128,-1,0,-760,-248,36308,128,31,65,0,0,0,0,0,0,0,0,-32304,0,0,0,0,0,192076,0
192078,-906,8122,584,70,-9,8,-217126,7,2,-762,-256,36309,127,30,65,0,0,0,0,0,0,0,0,-32304,0,0,0,0,0,192081,0
192083,-932,8070,616,74,-6,11,-217127,10,-1,-753,-264,36309,127,30,65,0,0,0,0,0,0,0,0,-32304,0,0,0,0,0,192086,0
192088,-958,8088,584,69,-7,13,-217129,-2,-2,-755,-256,36308,134,30,65,0,0,0,0,0,0,0,0,-32304,0,0,0,0,0,192091,0
192093,-950,8096,598,71,-10,9,-217128,-3,1,-753,-248,36308,134,30,65,0,0,0,0,0,0,0,0,-32304,0,0,0,0,0,192096,0
192098,-1004,8072,588,73,-8,6,-217128,-1,-1,-756,-256,36303,137,31,65,0,0,0,0,0,0,0,0,-32304,0,0,0,0,0,192101,0
192103,-984,8062,590,71,-10,7,-217129,-3,-2,-756,-256,36303,137,31,65,0,0,0,0,0,0,0,0,-32304,0,0,0,0,0,192106,0
192108,-956,8068,582,65,-10,9,-217128,1,1,-755,-264,36303,138,30,65,0,0,0,0,0,0,0,0,-32304,0,0,0,0,0,192111,0
192113,-966,8066,600,74,-5,8,-217128,2,-2,-760,-256,36303,138,30,65,0,0,0,0,0,0,0,0,-32304,0,0,0,0,0,192116,0
192118,-976,8056,624,72,-4,3,-217128,-5,-1,-756,-248,36303,142,31,65,0,0,0,0,0,0,0,0,-32304,0,0,0,0,0,192121,0
192123,-968,8052,606,72,-6,8,-217128,-3,2,-753,-256,36303,142,31,65,0,0,0,0,0,0,0,0,-32304,0,0,0,0,0,192126,0
192128,-1000,8104,594,64,-9,7,-217129,-5,-3,-757,-240,36303,137,30,65,0,0,0,0,0,0,0,0,-32304,0,0,0,0,0,192131,0
192133,-1002,8098,580,67,-10,7,-217129,0,1,-754,-264,36303,137,30,65,0,0,0,0,0,0,0,0,-32304,0,0,0,0,0,192136,0
192138,-986,8046,582,64,-9,5,-217129,2,-1,-754,-264,36303,131,30,65,0,0,0,0,0,0,0,0,-32304,0,0,0,0,0,192141,0
192143,-926,8062,598,66,-8,11,-217128,-1,2,-756,-256,36303,131,30,65,0,0,0,0,0,0,0,0,-32305,0,0,0,0,0,192146,0
192148,-970,8062,612,64,-11,10,-217128,3,2,-754,-256,36304,131,30,65,0,0,0,0,0,0,0,0,-32304,0,0,0,0,0,192151,0
192153,-984,8040,620,59,-5,9,-217128,0,-1,-753,-264,36304,131,30,65,0,0,0,0,0,0,0,0,-32304,0,0,0,0,0,192156,0
192158,-984,8062,616,60,-7,5,-217127,9,1,-750,-264,36303,118,30,65,0,0,0,0,0,0,0,0,-32304,0,0,0,0,0,192161,0
192163,-1010,8050,610,63,-8,9,-217129,-5,-2,-755,-248,36303,118,30,65,0,0,0,0,0,0,0,0,-32304,0,0,0,0,0,192166,0
192168,-1040,8026,618,61,-14,7,-217129,-6,-4,-758,-248,36306,117,31,65,0,0,0,0,0,0,0,0,-32304,0,0,0,0,0,192171,0
192173,-966,8032,612,62,-21,10,-217127,1,0,-759,-256,36306,117,31,65,0,0,0,0,0,0,0,0,-32304,0,0,0,0,0,192176,0
192178,-1000,8038,618,62,-9,9,-217128,0,-3,-757,-248,36308,127,31,65,0,0,0,0,0,0,0,0,-32304,0,0,0,0,0,192181,0
192183,-972,8048,624,62,-9,14,-217129,-1,-5,-752,-248,36308,127,31,65,0,0,0,0,0,0,0,0,-32304,0,0,0,0,0,192186,0
192188,-1014,8054,640,64,-10,9,-217128,-4,0,-763,-248,36312,123,31,65,0,0,0,0,0,0,0,0,-32304,0,0,0,0,0,192191,0
192193,-1016,8046,616,65,-9,11,-217127,-1,3,-762,-256,36312,123,31,65,0,0,0,0,0,0,0,0,-32304,0,0,0,0,0,192196,0
192198,-986,8092,620,70,-4,12,-217129,-8,-6,-753,-256,36311,135,30,65,0,0,0,0,0,0,0,0,-32304,0,0,0,0,0,192201,0
192203,-1010,8058,586,61,-7,18,-217128,1,1,-753,-248,36311,135,30,65,0,0,0,0,0,0,0,0,-32304,0,0,0,0,0,192206,0
192208,-972,8040,652,66,-11,12,-217128,-2,-2,-758,-256,36307,133,31,65,0,0,0,0,0,0,0,0,-32304,0,0,0,0,0,192211,0
192213,-974,8072,628,63,-14,12,-217127,-3,0,-758,-248,36307,133,31,65,0,0,0,0,0,0,0,0,-32304,0,0,0,0,0,192216,0
192218,-962,8052,616,65,-9,17,-217128,3,-1,-754,-256,36306,129,30,65,0,0,0,0,0,0,0,0,-32304,0,0,0,0,0,192221,0
192223,-1006,8050,640,63,-11,16,-217127,7,1,-755,-256,36306,129,30,65,0,0,0,0,0,0,0,0,-32304,0,0,0,0,0,192226,0
192228,-1020,8072,624,64,-13,19,-217128,-6,-1,-760,-256,36306,131,30,65,0,0,0,0,0,0,0,0,-32304,0,0,0,0,0,192231,0
192233,-976,8070,626,69,-14,15,-217128,-1,-3,-752,-256,36306,131,30,65,0,0,0,0,0,0,0,0,-32304,0,0,0,0,0,192236,0
192238,-1008,8018,654,67,-12,12,-217128,-5,2,-760,-256,36307,135,31,65,0,0,0,0,0,0,0,0,-32304,0,0,0,0,0,192241,0
192243,-1020,8044,648,65,-13,15,-217128,-1,-4,-754,-256,36307,135,31,65,0,0,0,0,0,0,0,0,-32304,0,0,0,0,0,192246,0
192248,-1028,8052,636,64,-17,17,-217128,1,-1,-756,-256,36305,133,30,65,0,0,0,0,0,0,0,0,-32304,0,0,0,0,0,192251,0
192253,-1022,8030,634,65,-8,19,-217129,-5,1,-760,-248,36305,133,30,65,0,0,0,0,0,0,0,0,-32304,0,0,0,0,0,192256,0
192258,-982,8010,632,65,-11,24,-217129,-4,-2,-753,-256,36304,139,30,65,0,0,0,0,0,0,0,0,-32304,0,0,0,0,0,192261,0
192263,-1006,8036,650,67,-13,21,-217128,1,0,-757,-256,36304,139,30,65,0,0,0,0,0,0,0,0,-32304,0,0,0,0,0,192266,0
192268,-1006,8040,634,64,-20,22,-217128,0,4,-761,-248,36304,127,31,65,0,0,0,0,0,0,0,0,-32304,0,0,0,0,0,192271,0
192273,-992,8054,634,68,-6,19,-217128,3,1,-755,-256,36304,127,31,65,0,0,0,0,0,0,0,0,-32303,0,0,0,0,0,192276,0
192278,-972,8058,632,69,-8,23,-217128,-5,1,-760,-248,36306,132,30,65,0,0,0,0,0,0,0,0,-32304,0,0,0,0,0,192281,0
192283,-976,8066,622,66,-9,23,-217129,0,-3,-752,-256,36306,132,30,65,0,0,0,0,0,0,0,0,-32304,0,0,0,0,0,192286,0
192288,-1006,8044,616,61,-10,23,-217128,1,0,-757,-256,36306,138,30,65,0,0,0,0,0,0,0,0,-32304,0,0,0,0,0,192291,0
192293,-970,8062,608,57,-11,23,-217128,-1,3,-760,-248,36306,138,30,65,0,0,0,0,0,0,0,0,-32304,0,0,0,0,0,192296,0
192298,-954,8066,608,57,-11,20,-217128,-6,-1,-757,-256,36305,142,30,65,0,0,0,0,0,0,0,0,-32304,0,0,0,0,0,192301,0
192303,-968,8042,566,66,-10,22,-217127,0,3,-756,-264,36305,142,30,65,0,0,0,0,0,0,0,0,-32304,0,0,0,0,0,192306,0
192308,-950,8072,618,64,-14,24,-217127,12,0,-754,-272,36303,133,30,65,0,0,0,0,0,0,0,0,-32304,0,0,0,0,0,192311,0
192313,-970,8072,608,57,-14,21,-217129,-1,5,-757,-256,36303,133,30,65,0,0,0,0,0,0,0,0,-32304,0,0,0,0,0,192316,0
192318,-970,8070,626,61,-11,24,-217128,-1,-2,-753,-248,36304,133,31,65,0,0,0,0,0,0,0,0,-32304,0,0,0,0,0,192321,0
192323,-972,8068,610,61,-15,20,-217128,3,1,-756,-256,36304,133,31,65,0,0,0,0,0,0,0,0,-32303,0,0,0,0,0,192326,0
192328,-990,8084,598,67,-10,25,-217127,4,3,-757,-256,36305,127,30,65,0,0,0,0,0,0,0,0,-32304,0,0,0,0,0,192331,0
192333,-972,8082,608,63,-17,21,-217128,-4,-4,-757,-256,36305,127,30,65,0,0,0,0,0,0,0,0,-32304,0,0,0,0,0,192336,0
192338,-974,8048,634,61,-17,20,-217129,-3,0,-755,-256,36306,134,30,65,0,0,0,0,0,0,0,0,-32304,0,0,0,0,0,192341,0
192343,-986,8086,598,63,-16,20,-217127,3,-2,-759,-256,36306,134,30,65,0,0,0,0,0,0,0,0,-32304,0,0,0,0,0,192346,0
192348,-996,8088,618,60,-18,18,-217128,-2,-3,-759,-248,36306,132,30,65,0,0,0,0,0,0,0,0,-32304,0,0,0,0,0,192351,0
192353,-962,8066,622,63,-18,15,-217127,0,0,-753,-264,36306,132,30,65,0,0,0,0,0,0,0,0,-32305,0,0,0,0,0,192356,0
192358,-998,8018,614,62,-17,23,-217128,5,2,-754,-256,36305,131,30,65,0,0,0,0,0,0,0,0,-32304,0,0,0,0,0,192361,0
192363,-1004,8040,642,61,-22,18,-217127,0,1,-755,-256,36305,131,30,65,0,0,0,0,0,0,0,0,-32304,0,0,0,0,0,192366,0
192368,-990,8046,634,64,-23,21,-217128,0,-1,-752,-256,36305,134,30,65,0,0,0,0,0,0,0,0,-32304,0,0,0,0,0,192371,0
192373,-956,8034,644,58,-17,20,-217128,-8,-1,-757,-256,36305,134,30,65,0,0,0,0,0,0,0,0,-32304,0,0,0,0,0,192376,0
192378,-998,8064,644,56,-14,17,-217128,0,3,-752,-256,36311,134,30,65,0,0,0,0,0,0,0,0,-32305,0,0,0,0,0,192381,0
192383,-994,8070,656,60,-19,22,-217127,5,2,-760,-256,36311,134,30,65,0,0,0,0,0,0,0,0,-32304,0,0,0,0,0,192386,0
192388,-972,8080,656,63,-12,23,-217128,1,2,-755,-256,36311,138,30,65,0,0,0,0,0,0,0,0,-32304,0,0,0,0,0,192391,0
192393,-994,8032,644,63,-21,17,-217128,3,0,-750,-256,36311,138,30,65,0,0,0,0,0,0,0,0,-32304,0,0,0,0,0,192396,0
192398,-992,8038,642,63,-15,21,-217128,0,2,-756,-264,36310,137,30,65,0,0,0,0,0,0,0,0,-32304,0,0,0,0,0,192401,0
192403,-968,8058,654,63,-17,26,-217129,0,3,-753,-248,36310,137,30,65,0,0,0,0,0,0,0,0,-32304,0,0,0,0,0,192406,0
192408,-1008,8056,630,65,-20,21,-217128,-9,2,-758,-248,36303,135,31,65,0,0,0,0,0,0,0,0,-32304,0,0,0,0,0,192411,0
192413,-980,8048,654,59,-14,21,-217128,-1,2,-751,-256,36303,135,31,65,0,0,0,0,0,0,0,0,-32304,0,0,0,0,0,192416,0
192418,-982,8066,658,64,-13,22,-217127,1,-1,-755,-264,36303,132,30,65,0,0,0,0,0,0,0,0,-32304,0,0,0,0,0,192421,0
192423,-978,8068,658,61,-16,23,-217129,-8,0,-757,-248,36303,132,30,65,0,0,0,0,0,0,0,0,-32304,0,0,0,0,0,192426,0
192428,-980,8048,640,71,-10,21,-217127,0,-2,-755,-264,36305,139,30,65,0,0,0,0,0,0,0,0,-32304,0,0,0,0,0,192431,0
192433,-990,8032,650,63,-13,24,-217128,0,3,-759,-256,36305,139,30,65,0,0,0,0,0,0,0,0,-32304,0,0,0,0,0,192436,0
192438,-996,8052,646,62,-11,21,-217127,12,4,-751,-264,36307,137,31,65,0,0,0,0,0,0,0,0,-32304,0,0,0,0,0,192441,0
192443,-1012,8046,658,67,-13,21,-217128,-1,2,-759,-256,36307,137,31,65,0,0,0,0,0,0,0,0,-32304,0,0,0,0,0,192446,0
192448,-1028,8032,666,62,-12,21,-217128,0,0,-753,-256,36307,142,30,65,0,0,0,0,0,0,0,0,-32304,0,0,0,0,0,192451,0
192453,-976,8040,654,64,-11,22,-217128,9,-5,-754,-272,36307,142,30,65,0,0,0,0,0,0,0,0,-32304,0,0,0,0,0,192456,0
192458,-1008,8044,646,62,-9,27,-217129,1,3,-759,-248,36304,143,31,65,0,0,0,0,0,0,0,0,-32304,0,0,0,0,0,192461,0
192463,-982,8096,646,65,-11,25,-217128,-5,-1,-758,-256,36304,143,31,65,0,0,0,0,0,0,0,0,-32304,0,0,0,0,0,192466,0
192468,-974,8040,664,66,-8,28,-217128,-4,0,-757,-248,36301,130,30,65,0,0,0,0,0,0,0,0,-32304,0,0,0,0,0,192471,0
192473,-992,8040,650,63,-8,28,-217127,1,-1,-754,-256,36301,130,30,65,0,0,0,0,0,0,0,0,-32304,0,0,0,0,0,192476,0
192478,-988,8036,688,68,-8,31,-217128,0,-5,-757,-256,36305,135,30,65,0,0,0,0,0,0,0,0,-32304,0,0,0,0,0,192481,0
192483,-1000,8050,652,64,-4,27,-217128,-6,-2,-758,-248,36305,135,30,65,0,0,0,0,0,0,0,0,-32304,0,0,0,0,0,192486,0
192488,-1012,8054,662,71,-7,27,-217127,7,-1,-755,-256,36308,133,31,65,0,0,0,0,0,0,0,0,-32304,0,0,0,0,0,192491,0
192493,-998,8032,670,68,-5,30,-217128,1,1,-759,-256,36308,133,31,65,0,0,0,0,0,0,0,0,-32304,0,0,0,0,0,192496,0
192498,-1020,8030,678,72,-6,32,-217127,-2,0,-757,-264,36308,126,30,65,0,0,0,0,0,0,0,0,-32304,0,0,0,0,0,192501,0
192503,-972,8042,672,70,-4,31,-217129,0,-3,-754,-248,36308,126,30,65,0,0,0,0,0,0,0,0,-32304,0,0,0,0,0,192506,0
192508,-996,8038,652,76,-1,32,-217127,3,-1,-759,-248,36304,130,31,65,0,0,0,0,0,0,0,0,-32304,0,0,0,0,0,192511,0
192513,-994,8062,664,69,3,32,-217128,0,-4,-757,-264,36304,130,31,65,0,0,0,0,0,0,0,0,-32305,0,0,0,0,0,192516,0
192518,-992,8046,684,73,0,30,-217128,0,1,-756,-248,36316,132,31,65,0,0,0,0,0,0,0,0,-32304,0,0,0,0,0,192521,0
192523,-1028,8058,660,73,-6,32,-217127,-1,0,-758,-256,36316,132,31,65,0,0,0,0,0,0,0,0,-32304,0,0,0,0,0,192526,0
192528,-990,8060,672,76,-1,28,-217127,1,-5,-753,-264,36326,128,31,65,0,0,0,0,0,0,0,0,-32304,0,0,0,0,0,192531,0
192533,-1026,8056,652,76,1,33,-217126,9,1,-756,-264,36326,128,31,65,0,0,0,0,0,0,0,0,-32304,0,0,0,0,0,192536,0
192538,-1008,8052,634,80,2,36,-217127,8,-1,-757,-264,36330,127,30,65,0,0,0,0,0,0,0,0,-32304,0,0,0,0,0,192541,0
192543,-1036,8052,662,73,-5,38,-217128,0,-1,-752,-256,36330,127,30,65,0,0,0,0,0,0,0,0,-32304,0,0,0,0,0,192546,0
192548,-1034,8056,648,80,-1,40,-217129,-4,-2,-758,-248,36321,117,30,65,0,0,0,0,0,0,0,0,-32304,0,0,0,0,0,192551,0
192553,-1020,7996,636,77,-4,39,-217129,0,-3,-753,-256,36321,117,30,65,0,0,0,0,0,0,0,0,-32304,0,0,0,0,0,192556,0
192558,-1030,8026,622,78,-7,36,-217128,0,-3,-752,-248,36309,125,30,65,0,0,0,0,0,0,0,0,-32304,0,0,0,0,0,192561,0
192563,-1008,8040,640,76,-1,40,-217129,-2,6,-756,-248,36309,125,30,65,0,0,0,0,0,0,0,0,-32304,0,0,0,0,0,192566,0
192568,-1018,8038,634,81,-10,40,-217128,1,0,-755,-248,36303,125,30,65,0,0,0,0,0,0,0,0,-32304,0,0,0,0,0,192571,0
192573,-1000,8050,668,78,-3,41,-217128,2,1,-758,-256,36303,125,30,65,0,0,0,0,0,0,0,0,-32304,0,0,0,0,0,192576,0
192578,-1012,8058,668,80,-3,43,-217127,0,1,-756,-256,36302,130,30,65,0,0,0,0,0,0,0,0,-32304,0,0,0,0,0,192581,0
192583,-998,8032,644,77,-6,42,-217128,4,0,-755,-256,36302,130,30,65,0,0,0,0,0,0,0,0,-32304,0,0,0,0,0,192586,0
192588,-1002,8062,640,80,-5,45,-217128,6,0,-755,-264,36308,138,31,65,0,0,0,0,0,0,0,0,-32304,0,0,0,0,0,192591,0
192593,-996,8056,658,83,-3,40,-217127,3,-1,-758,-256,36308,138,31,65,0,0,0,0,0,0,0,0,-32304,0,0,0,0,0,192596,0
192598,-1002,8056,654,84,-9,50,-217128,0,2,-754,-256,36308,135,30,65,0,0,0,0,0,0,0,0,-32304,0,0,0,0,0,192601,0
192603,-1028,8050,664,84,-7,50,-217128,3,2,-752,-264,36308,135,30,65,0,0,0,0,0,0,0,0,-32304,0,0,0,0,0,192606,0
192608,-986,8070,672,88,-5,43,-217129,-10,-3,-754,-248,36307,126,30,65,0,0,0,0,0,0,0,0,-32304,0,0,0,0,0,192611,0
192613,-972,8064,640,88,-5,43,-217128,0,-3,-754,-264,36307,126,30,65,0,0,0,0,0,0,0,0,-32304,0,0,0,0,0,192616,0
192618,-938,8050,654,88,-7,46,-217128,-6,0,-765,-248,36300,125,30,65,0,0,0,0,0,0,0,0,-32304,0,0,0,0,0,192621,0
192623,-964,8062,652,88,-6,45,-217127,0,2,-760,-256,36300,125,30,65,0,0,0,0,0,0,0,0,-32304,0,0,0,0,0,192626,0
192628,-934,8080,666,85,-4,47,-217129,1,2,-757,-264,36300,126,31,65,0,0,0,0,0,0,0,0,-32304,0,0,0,0,0,192631,0
192633,-950,8048,662,88,-8,44,-217129,0,2,-751,-264,36300,126,31,65,0,0,0,0,0,0,0,0,-32304,0,0,0,0,0,192636,0
192638,-936,8070,646,89,-6,46,-217129,-4,-3,-755,-264,36299,125,30,65,0,0,0,0,0,0,0,0,-32304,0,0,0,0,0,192641,0
192643,-986,8056,660,85,-5,47,-217128,0,6,-757,-264,36299,125,30,65,0,0,0,0,0,0,0,0,-32305,0,0,0,0,0,192646,0
192648,-962,8050,626,90,-2,47,-217128,1,3,-760,-256,36298,133,30,65,0,0,0,0,0,0,0,0,-32304,0,0,0,0,0,192651,0
192653,-954,8052,624,84,-9,45,-217128,1,0,-750,-256,36298,133,30,65,0,0,0,0,0,0,0,0,-32304,0,0,0,0,0,192656,0
192658,-952,8082,634,89,-8,42,-217128,2,-2,-755,-256,36299,134,31,65,0,0,0,0,0,0,0,0,-32304,0,0,0,0,0,192661,0
192663,-946,8050,646,90,-6,45,-217128,2,-2,-753,-256,36299,134,31,65,0,0,0,0,0,0,0,0,-32304,0,0,0,0,0,192666,0
192668,-962,8058,654,93,-3,41,-217128,2,2,-753,-256,36300,139,30,65,0,0,0,0,0,0,0,0,-32304,0,0,0,0,0,192671,0
192673,-966,8044,644,91,-10,42,-217129,3,0,-754,-264,36300,139,30,65,0,0,0,0,0,0,0,0,-32304,0,0,0,0,0,192676,0
192678,-970,8040,644,89,-3,44,-217128,-1,2,-754,-272,36302,138,30,65,0,0,0,0,0,0,0,0,-32304,0,0,0,0,0,192681,0
192683,-970,8030,620,94,-4,39,-217128,-5,-2,-758,-256,36302,138,30,65,0,0,0,0,0,0,0,0,-32304,0,0,0,0,0,192686,0
192688,-962,8020,640,90,-5,39,-217127,0,-2,-758,-248,36306,136,30,65,0,0,0,0,0,0,0,0,-32304,0,0,0,0,0,192691,0
192693,-972,8058,674,95,-2,40,-217128,1,-1,-755,-256,36306,136,30,65,0,0,0,0,0,0,0,0,-32304,0,0,0,0,0,192696,0
192698,-962,8062,654,95,-2,41,-217128,0,-2,-757,-256,36305,131,30,65,0,0,0,0,0,0,0,0,-32304,0,0,0,0,0,192701,0
192703,-984,8060,658,90,-3,42,-217127,3,1,-755,-256,36305,131,30,65,0,0,0,0,0,0,0,0,-32304,0,0,0,0,0,192706,0
192708,-952,8050,634,89,-5,36,-217127,0,0,-756,-256,36305,133,31,65,0,0,0,0,0,0,0,0,-32304,0,0,0,0,0,192711,0
192713,-946,8092,632,94,-4,38,-217129,-4,-2,-752,-248,36305,133,31,65,0,0,0,0,0,0,0,0,-32304,0,0,0,0,0,192716,0
192718,-966,8078,648,94,-3,36,-217128,2,-2,-754,-264,36300,125,30,65,0,0,0,0,0,0,0,0,-32304,0,0,0,0,0,192721,0
192723,-948,8058,646,98,3,38,-217129,-3,-4,-754,-256,36300,125,30,65,0,0,0,0,0,0,0,0,-32304,0,0,0,0,0,192726,0
192728,-966,8082,658,99,-9,35,-217128,-7,0,-756,-248,36302,131,30,65,0,0,0,0,0,0,0,0,-32304,0,0,0,0,0,192731,0
192733,-976,8052,644,94,-5,36,-217127,0,1,-757,-256,36302,131,30,65,0,0,0,0,0,0,0,0,-32304,0,0,0,0,0,192736,0
192738,-930,8034,642,98,-4,30,-217128,-1,-4,-756,-256,36304,141,30,65,0,0,0,0,0,0,0,0,-32304,0,0,0,0,0,192741,0
192743,-968,8060,642,100,-4,34,-217128,0,-1,-750,-256,36304,141,30,65,0,0,0,0,0,0,0,0,-32304,0,0,0,0,0,192746,0
192748,-974,8044,636,97,-5,34,-217128,-1,-1,-753,-256,36305,145,30,65,0,0,0,0,0,0,0,0,-32304,0,0,0,0,0,192751,0
192753,-972,8076,634,98,-7,34,-217128,-5,1,-755,-256,36305,145,30,65,0,0,0,0,0,0,0,0,-32304,0,0,0,0,0,192756,0
192758,-968,8040,674,94,-1,36,-217129,-5,-6,-751,-248,36303,140,30,65,0,0,0,0,0,0,0,0,-32304,0,0,0,0,0,192761,0
192763,-962,8028,634,100,-1,32,-217128,-1,-1,-754,-248,36303,140,30,65,0,0,0,0,0,0,0,0,-32304,0,0,0,0,0,192766,0
192768,-964,8072,634,105,0,34,-217128,-1,-2,-758,-256,36304,127,30,65,0,0,0,0,0,0,0,0,-32304,0,0,0,0,0,192771,0
192773,-974,8076,622,98,-9,35,-217128,2,-5,-755,-248,36304,127,30,65,0,0,0,0,0,0,0,0,-32304,0,0,0,0,0,192776,0
192778,-936,8052,622,102,-3,31,-217128,3,-1,-758,-264,36305,122,31,65,0,0,0,0,0,0,0,0,-32304,0,0,0,0,0,192781,0
192783,-956,8060,632,109,-3,32,-217127,2,5,-755,-264,36305,122,31,65,0,0,0,0,0,0,0,0,-32304,0,0,0,0,0,192786,0
192788,-974,8068,600,108,-6,40,-217128,0,-1,-759,-256,36305,134,30,65,0,0,0,0,0,0,0,0,-32304,0,0,0,0,0,192791,0
192793,-964,8062,644,108,-6,35,-217128,-1,1,-757,-240,36305,134,30,65,0,0,0,0,0,0,0,0,-32304,0,0,0,0,0,192796,0
192798,-970,8062,646,103,-5,33,-217128,-1,2,-754,-248,36305,117,30,65,0,0,0,0,0,0,0,0,-32304,0,0,0,0,0,192801,0
192803,-1000,8028,634,99,-6,36,-217128,0,1,-754,-264,36305,117,30,65,0,0,0,0,0,0,0,0,-32304,0,0,0,0,0,192806,0
192808,-984,8032,650,102,-3,35,-217129,-1,-4,-754,-248,36304,118,30,65,0,0,0,0,0,0,0,0,-32304,0,0,0,0,0,192811,0
192813,-962,8046,634,106,0,38,-217128,1,1,-756,-264,36304,118,30,65,0,0,0,0,0,0,0,0,-32304,0,0,0,0,0,192816,0
192818,-998,8058,628,112,-4,32,-217128,-1,2,-758,-256,36306,119,30,65,0,0,0,0,0,0,0,0,-32304,0,0,0,0,0,192821,0
192823,-988,8032,640,108,4,39,-217128,-5,-3,-757,-256,36306,119,30,65,0,0,0,0,0,0,0,0,-32304,0,0,0,0,0,192826,0
192828,-972,8054,618,108,-5,35,-217127,3,2,-758,-256,36305,124,31,65,0,0,0,0,0,0,0,0,-32304,0,0,0,0,0,192831,0
192833,-998,8052,632,108,5,38,-217128,3,-1,-757,-264,36305,124,31,65,0,0,0,0,0,0,0,0,-32304,0,0,0,0,0,192836,0
192838,-992,8072,616,111,1,36,-217127,6,1,-756,-272,36304,132,30,65,0,0,0,0,0,0,0,0,-32304,0,0,0,0,0,192841,0
192843,-978,8090,614,109,0,44,-217128,1,4,-752,-256,36304,132,30,65,0,0,0,0,0,0,0,0,-32304,0,0,0,0,0,192846,0
192848,-932,8100,594,113,1,38,-217127,4,6,-753,-256,36302,135,30,65,0,0,0,0,0,0,0,0,-32304,0,0,0,0,0,192851,0
192853,-986,8074,566,105,2,39,-217129,-1,0,-753,-256,36302,135,30,65,0,0,0,0,0,0,0,0,-32304,0,0,0,0,0,192856,0
192858,-964,8092,574,108,-1,39,-217127,0,-1,-751,-248,36302,136,30,65,0,0,0,0,0,0,0,0,-32304,0,0,0,0,0,192861,0
192863,-948,8060,586,109,-2,40,-217127,6,5,-752,-264,36302,136,30,65,0,0,0,0,0,0,0,0,-32304,0,0,0,0,0,192866,0
192868,-984,8050,606,109,-3,42,-217129,-1,-7,-755,-248,36301,138,30,65,0,0,0,0,0,0,0,0,-32304,0,0,0,0,0,192871,0
192873,-986,8058,582,107,1,42,-217127,2,0,-754,-264,36301,138,30,65,0,0,0,0,0,0,0,0,-32304,0,0,0,0,0,192876,0
192878,-988,8056,600,109,-3,37,-217128,0,2,-760,-256,36303,141,31,65,0,0,0,0,0,0,0,0,-32304,0,0,0,0,0,192881,0
192883,-972,8036,586,102,-7,42,-217128,0,2,-755,-256,36303,141,31,65,0,0,0,0,0,0,0,0,-32304,0,0,0,0,0,192886,0
192888,-962,8058,582,106,0,44,-217129,-5,-5,-758,-240,36305,135,30,65,0,0,0,0,0,0,0,0,-32304,0,0,0,0,0,192891,0
192893,-978,8040,566,107,-3,38,-217127,0,2,-757,-256,36305,135,30,65,0,0,0,0,0,0,0,0,-32304,0,0,0,0,0,192896,0
192898,-968,8072,588,110,0,41,-217126,7,4,-759,-264,36306,144,30,65,0,0,0,0,0,0,0,0,-32304,0,0,0,0,0,192901,0
192903,-950,8090,558,107,-3,45,-217128,-3,1,-761,-264,36306,144,30,65,0,0,0,0,0,0,0,0,-32304,0,0,0,0,0,192906,0
192908,-946,8080,566,100,-3,39,-217129,-5,-1,-754,-248,36311,131,31,65,0,0,0,0,0,0,0,0,-32304,0,0,0,0,0,192911,0
192913,-956,8060,562,100,-6,43,-217129,-3,-4,-759,-256,36311,131,31,65,0,0,0,0,0,0,0,0,-32303,0,0,0,0,0,192916,0
192918,-958,8092,556,102,-5,40,-217128,1,1,-758,-264,36311,126,30,65,0,0,0,0,0,0,0,0,-32305,0,0,0,0,0,192921,0
192923,-942,8082,558,105,-1,40,-217128,-1,0,-755,-256,36311,126,30,65,0,0,0,0,0,0,0,0,-32304,0,0,0,0,0,192926,0
192928,-984,8062,572,104,-1,45,-217127,-2,2,-754,-256,36309,132,30,65,0,0,0,0,0,0,0,0,-32304,0,0,0,0,0,192931,0
192933,-986,8044,606,107,-7,41,-217127,4,4,-752,-264,36309,132,30,65,0,0,0,0,0,0,0,0,-32304,0,0,0,0,0,192936,0
192938,-966,8034,586,106,-4,37,-217127,-3,-1,-759,-264,36304,128,30,65,0,0,0,0,0,0,0,0,-32304,0,0,0,0,0,192941,0
192943,-976,8032,588,105,-1,42,-217128,-3,0,-755,-256,36304,128,30,65,0,0,0,0,0,0,0,0,-32304,0,0,0,0,0,192946,0
192948,-952,8074,590,107,-4,43,-217128,0,-4,-756,-256,36300,125,30,65,0,0,0,0,0,0,0,0,-32304,0,0,0,0,0,192951,0
192953,-960,8056,578,97,-3,45,-217128,-2,-2,-758,-256,36300,125,30,65,0,0,0,0,0,0,0,0,-32304,0,0,0,0,0,192956,0
192958,-974,8064,572,108,-3,42,-217128,5,0,-752,-272,36301,125,30,65,0,0,0,0,0,0,0,0,-32304,0,0,0,0,0,192961,0
192963,-968,8068,576,100,-3,42,-217127,4,-2,-751,-264,36301,125,30,65,0,0,0,0,0,0,0,0,-32304,0,0,0,0,0,192966,0
192968,-930,8056,590,101,-4,46,-217127,7,4,-757,-264,36302,129,31,65,0,0,0,0,0,0,0,0,-32304,0,0,0,0,0,192971,0
192973,-926,8084,590,104,-2,46,-217128,-1,1,-759,-256,36302,129,31,65,0,0,0,0,0,0,0,0,-32304,0,0,0,0,0,192976,0
192978,-956,8100,578,100,-6,43,-217128,-3,0,-752,-248,36302,127,30,65,0,0,0,0,0,0,0,0,-32304,0,0,0,0,0,192981,0
192983,-958,8086,548,98,-6,45,-217128,0,-3,-756,-256,36302,127,30,65,0,0,0,0,0,0,0,0,-32304,0,0,0,0,0,192986,0
192988,-924,8078,568,99,-4,47,-217127,0,4,-757,-264,36303,128,30,65,0,0,0,0,0,0,0,0,-32304,0,0,0,0,0,192991,0
192993,-960,8070,574,99,0,41,-217129,7,-4,-753,-256,36303,128,30,65,0,0,0,0,0,0,0,0,-32304,0,0,0,0,0,192996,0
192998,-934,8072,582,105,-9,47,-217127,5,0,-754,-256,36302,125,30,65,0,0,0,0,0,0,0,0,-32304,0,0,0,0,0,193001,0
193003,-940,8074,586,102,-4,41,-217128,0,2,-750,-264,36302,125,30,65,0,0,0,0,0,0,0,0,-32304,0,0,0,0,0,193006,0
193008,-946,8068,580,101,-3,41,-217128,4,1,-750,-256,36305,129,30,65,0,0,0,0,0,0,0,0,-32304,0,0,0,0,0,193011,0
193013,-956,8068,550,102,-2,42,-217127,3,-2,-757,-256,36305,129,30,65,0,0,0,0,0,0,0,0,-32304,0,0,0,0,0,193016,0
193018,-956,8058,554,100,1,37,-217127,1,2,-756,-272,36304,123,31,65,0,0,0,0,0,0,0,0,-32304,0,0,0,0,0,193021,0
193023,-944,8058,600,102,-1,43,-217128,0,-2,-755,-256,36304,123,31,65,0,0,0,0,0,0,0,0,-32304,0,0,0,0,0,193026,0
193028,-950,8078,566,99,-6,43,-217128,0,-4,-757,-248,36303,121,30,65,0,0,0,0,0,0,0,0,-32304,0,0,0,0,0,193031,0
193033,-950,8082,558,98,-5,44,-217127,-2,1,-757,-264,36303,121,30,65,0,0,0,0,0,0,0,0,-32304,0,0,0,0,0,193037,0
193038,-946,8096,570,98,3,39,-217128,0,-3,-756,-264,36304,121,30,65,0,0,0,0,0,0,0,0,-32304,0,0,0,0,0,193042,0
193043,-938,8060,544,103,-3,40,-217127,0,-2,-758,-248,36304,121,30,65,0,0,0,0,0,0,0,0,-32304,0,0,0,0,0,193047,0
193048,-914,8088,578,96,-3,40,-217128,-3,1,-755,-256,36302,137,31,65,0,0,0,0,0,0,0,0,-32304,0,0,0,0,0,193052,0
193053,-980,8062,570,100,-1,41,-217129,-5,-3,-757,-256,36302,137,31,65,0,0,0,0,0,0,0,0,-32304,0,0,0,0,0,193057,0
193058,-932,8078,574,96,-2,40,-217128,1,2,-747,-264,36302,130,30,65,0,0,0,0,0,0,0,0,-32304,0,0,0,0,0,193062,0
193063,-936,8060,568,98,-3,37,-217129,-2,-6,-752,-256,36302,130,30,65,0,0,0,0,0,0,0,0,-32304,0,0,0,0,0,193067,0
193068,-976,8020,566,100,-1,42,-217128,-3,1,-760,-256,36302,133,30,65,0,0,0,0,0,0,0,0,-32304,0,0,0,0,0,193072,0
193073,-920,8070,564,94,-5,35,-217128,-3,1,-761,-248,36302,133,30,65,0,0,0,0,0,0,0,0,-32304,0,0,0,0,0,193077,0
193078,-954,8046,548,99,-6,42,-217129,-5,-4,-758,-240,36303,125,31,65,0,0,0,0,0,0,0,0,-32304,0,0,0,0,0,193082,0
193083,-940,8064,550,95,-6,36,-217127,0,-1,-758,-256,36303,125,31,65,0,0,0,0,0,0,0,0,-32304,0,0,0,0,0,193087,0
193088,-936,8074,548,98,-5,34,-217128,0,-1,-757,-256,36304,130,30,65,0,0,0,0,0,0,0,0,-32304,0,0,0,0,0,193092,0
193093,-930,8088,558,98,-5,34,-217129,-9,-4,-756,-248,36304,130,30,65,0,0,0,0,0,0,0,0,-32304,0,0,0,0,0,193097,0
193098,-894,8076,552,97,-3,38,-217128,-1,0,-754,-256,36302,139,31,65,0,0,0,0,0,0,0,0,-32304,0,0,0,0,0,193102,0
193103,-910,8080,540,99,-8,39,-217127,5,0,-759,-272,36302,139,31,65,0,0,0,0,0,0,0,0,-32304,0,0,0,0,0,193107,0
193108,-928,8094,558,99,-5,35,-217129,-5,-4,-757,-264,36299,137,30,65,0,0,0,0,0,0,0,0,-32304,0,0,0,0,0,193112,0
193113,-940,8078,564,98,-5,34,-217128,2,1,-754,-256,36299,137,30,65,0,0,0,0,0,0,0,0,-32304,0,0,0,0,0,193117,0
193118,-946,8080,554,97,-2,27,-217128,-5,2,-758,-256,36299,147,30,65,0,0,0,0,0,0,0,0,-32304,0,0,0,0,0,193122,0
193123,-950,8066,562,94,-2,31,-217127,9,5,-750,-256,36299,147,30,65,0,0,0,0,0,0,0,0,-32304,0,0,0,0,0,193127,0
193128,-958,8066,552,98,-8,35,-217128,1,-3,-757,-256,36302,153,30,65,0,0,0,0,0,0,0,0,-32304,0,0,0,0,0,193132,0
193133,-940,8080,550,94,-4,32,-217127,6,2,-752,-256,36302,153,30,65,0,0,0,0,0,0,0,0,-32304,0,0,0,0,0,193137,0
193138,-956,8066,544,90,-4,34,-217126,7,4,-756,-272,36304,146,30,65,0,0,0,0,0,0,0,0,-32304,0,0,0,0,0,193142,0
193143,-946,8068,550,97,-8,33,-217128,0,-3,-755,-256,36304,146,30,65,0,0,0,0,0,0,0,0,-32304,0,0,0,0,0,193147,0
193148,-960,8072,538,99,-4,37,-217128,-3,0,-751,-256,36305,134,31,65,0,0,0,0,0,0,0,0,-32304,0,0,0,0,0,193152,0
193153,-952,8090,544,87,-4,32,-217128,-2,0,-758,-256,36305,134,31,65,0,0,0,0,0,0,0,0,-32304,0,0,0,0,0,193157,0
193158,-960,8070,534,93,-7,34,-217128,0,-3,-754,-264,36305,134,30,65,0,0,0,0,0,0,0,0,-32304,0,0,0,0,0,193162,0
193163,-974,8048,534,95,-3,35,-217127,4,2,-751,-264,36305,134,30,65,0,0,0,0,0,0,0,0,-32304,0,0,0,0,0,193167,0
193168,-976,8062,560,94,-5,36,-217129,0,-2,-755,-248,36305,127,30,65,0,0,0,0,0,0,0,0,-32304,0,0,0,0,0,193172,0
193173,-962,8048,572,88,-12,34,-217127,6,3,-756,-256,36305,127,30,65,0,0,0,0,0,0,0,0,-32304,0,0,0,0,0,193177,0
193178,-968,8074,576,90,-11,42,-217128,4,-1,-760,-256,36305,138,30,65,0,0,0,0,0,0,0,0,-32304,0,0,0,0,0,193182,0
193183,-944,8076,552,93,-12,37,-217128,-1,-2,-757,-256,36305,138,30,65,0,0,0,0,0,0,0,0,-32304,0,0,0,0,0,193187,0
193188,-966,8078,556,95,-3,34,-217127,7,2,-753,-264,36305,132,30,65,0,0,0,0,0,0,0,0,-32304,0,0,0,0,0,193192,0
193193,-960,8062,550,96,-4,44,-217128,-3,2,-760,-248,36305,132,30,65,0,0,0,0,0,0,0,0,-32304,0,0,0,0,0,193197,0
193198,-950,8096,586,91,-7,42,-217128,0,-1,-754,-256,36305,128,30,65,0,0,0,0,0,0,0,0,-32304,0,0,0,0,0,193202,0
193203,-940,8088,558,93,-10,41,-217128,0,-1,-759,-248,36305,128,30,65,0,0,0,0,0,0,0,0,-32304,0,0,0,0,0,193207,0
193208,-984,8070,606,93,-5,38,-217128,-5,2,-758,-256,36303,124,30,65,0,0,0,0,0,0,0,0,-32304,0,0,0,0,0,193212,0
193213,-950,8060,568,99,-7,40,-217128,6,0,-747,-272,36303,124,30,65,0,0,0,0,0,0,0,0,-32304,0,0,0,0,0,193217,0
193218,-944,8070,580,99,-12,35,-217128,0,2,-758,-248,36303,120,31,65,0,0,0,0,0,0,0,0,-32304,0,0,0,0,0,193222,0
193223,-956,8046,606,92,-6,44,-217127,2,3,-757,-264,36303,120,31,65,0,0,0,0,0,0,0,0,-32304,0,0,0,0,0,193227,0
193228,-964,8062,562,98,-6,41,-217127,3,0,-758,-264,36303,124,30,65,0,0,0,0,0,0,0,0,-32304,0,0,0,0,0,193232,0
193233,-966,8072,586,97,-9,43,-217127,5,0,-757,-256,36303,124,30,65,0,0,0,0,0,0,0,0,-32304,0,0,0,0,0,193237,0
193238,-956,8056,582,104,-10,42,-217126,6,2,-757,-264,36302,131,30,65,0,0,0,0,0,0,0,0,-32304,0,0,0,0,0,193242,0
193243,-954,8062,598,102,-7,46,-217128,5,3,-752,-256,36302,131,30,65,0,0,0,0,0,0,0,0,-32304,0,0,0,0,0,193247,0
193248,-908,8074,576,103,-4,45,-217128,-5,0,-756,-248,36299,138,30,65,0,0,0,0,0,0,0,0,-32304,0,0,0,0,0,193252,0
193253,-932,8062,558,100,-3,41,-217127,-2,-4,-754,-256,36299,138,30,65,0,0,0,0,0,0,0,0,-32303,0,0,0,0,0,193257,0
193258,-976,8024,566,101,-4,43,-217128,-4,-1,-758,-256,36297,141,30,65,0,0,0,0,0,0,0,0,-32304,0,0,0,0,0,193262,0
193263,-940,8066,558,100,0,41,-217127,-2,-1,-756,-256,36297,141,30,65,0,0,0,0,0,0,0,0,-32304,0,0,0,0,0,193267,0
193268,-936,8058,550,105,3,41,-217128,1,-2,-754,-256,36295,141,31,65,0,0,0,0,0,0,0,0,-32304,0,0,0,0,0,193272,0
193273,-922,8040,554,104,0,41,-217128,-2,3,-755,-256,36295,141,31,65,0,0,0,0,0,0,0,0,-32304,0,0,0,0,0,193277,0
193278,-864,8030,546,102,1,44,-217128,0,0,-755,-256,36294,124,30,65,0,0,0,0,0,0,0,0,-32304,0,0,0,0,0,193282,0
193283,-850,8094,540,100,6,40,-217128,-3,1,-762,-248,36294,124,30,65,0,0,0,0,0,0,0,0,-32304,0,0,0,0,0,193287,0
193288,-924,8104,536,105,5,37,-217127,0,1,-762,-256,36296,129,30,65,0,0,0,0,0,0,0,0,-32304,0,0,0,0,0,193292,0
193293,-876,8098,536,102,0,42,-217128,-9,0,-761,-248,36296,129,30,65,0,0,0,0,0,0,0,0,-32304,0,0,0,0,0,193297,0
193298,-882,8096,504,106,8,36,-217126,2,0,-756,-256,36301,126,31,65,0,0,0,0,0,0,0,0,-32304,0,0,0,0,0,193302,0
193303,-904,8092,522,102,8,33,-217128,2,-1,-757,-256,36301,126,31,65,0,0,0,0,0,0,0,0,-32304,0,0,0,0,0,193307,0
193308,-926,8086,532,99,6,29,-217127,3,0,-757,-264,36302,131,30,65,0,0,0,0,0,0,0,0,-32304,0,0,0,0,0,193312,0
193313,-880,8134,522,98,8,27,-217128,-6,-4,-757,-256,36302,131,30,65,0,0,0,0,0,0,0,0,-32304,0,0,0,0,0,193317,0
193318,-898,8084,516,98,8,27,-217127,1,3,-754,-248,36305,128,31,65,0,0,0,0,0,0,0,0,-32304,0,0,0,0,0,193322,0
193323,-876,8104,492,103,9,24,-217127,5,0,-758,-256,36305,128,31,65,0,0,0,0,0,0,0,0,-32304,0,0,0,0,0,193327,0
193328,-886,8098,504,95,3,24,-217129,-9,-4,-759,-256,36305,126,30,65,0,0,0,0,0,0,0,0,-32304,0,0,0,0,0,193332,0
193333,-888,8118,500,99,7,17,-217127,2,-2,-754,-256,36305,126,30,65,0,0,0,0,0,0,0,0,-32304,0,0,0,0,0,193337,0
193338,-902,8086,522,101,7,18,-217128,-3,0,-760,-256,36307,123,30,65,0,0,0,0,0,0,0,0,-32304,0,0,0,0,0,193342,0
193343,-866,8092,502,96,1,17,-217127,8,6,-752,-256,36307,123,30,65,0,0,0,0,0,0,0,0,-32304,0,0,0,0,0,193347,0
193348,-860,8154,484,98,2,12,-217128,-3,-1,-757,-256,36302,126,31,65,0,0,0,0,0,0,0,0,-32304,0,0,0,0,0,193352,0
193353,-860,8096,498,94,1,15,-217127,-7,-1,-751,-248,36302,126,31,65,0,0,0,0,0,0,0,0,-32304,0,0,0,0,0,193357,0
193358,-880,8088,466,97,5,9,-217126,4,-5,-757,-264,36300,127,30,65,0,0,0,0,0,0,0,0,-32304,0,0,0,0,0,193362,0
193363,-844,8092,484,93,3,6,-217126,4,2,-761,-264,36300,127,30,65,0,0,0,0,0,0,0,0,-32304,0,0,0,0,0,193367,0
193368,-930,8096,490,93,-2,9,-217128,-2,-1,-757,-256,36302,137,30,65,0,0,0,0,0,0,0,0,-32304,0,0,0,0,0,193372,0
193373,-918,8084,510,93,-2,4,-217127,2,-4,-753,-248,36302,137,30,65,0,0,0,0,0,0,0,0,-32304,0,0,0,0,0,193377,0
193378,-932,8086,498,91,-5,5,-217127,-1,-3,-759,-248,36306,141,30,65,0,0,0,0,0,0,0,0,-32305,0,0,0,0,0,193382,0
193383,-966,8068,516,90,-9,6,-217127,3,4,-755,-256,36306,141,30,65,0,0,0,0,0,0,0,0,-32305,0,0,0,0,0,193387,0
193388,-952,8064,542,89,-7,1,-217127,1,-1,-758,-264,36309,136,30,65,0,0,0,0,0,0,0,0,-32304,0,0,0,0,0,193392,0
193393,-962,8050,508,88,-15,-1,-217127,-4,-1,-760,-248,36309,136,30,65,0,0,0,0,0,0,0,0,-32304,0,0,0,0,0,193397,0
193398,-966,8052,524,89,-4,1,-217128,-4,3,-762,-256,36307,141,30,65,0,0,0,0,0,0,0,0,-32304,0,0,0,0,0,193402,0
193403,-954,8050,516,93,-15,3,-217127,0,-5,-753,-256,36307,141,30,65,0,0,0,0,0,0,0,0,-32304,0,0,0,0,0,193407,0
193408,-970,8074,520,87,-11,7,-217127,-5,-2,-762,-256,36304,134,30,65,0,0,0,0,0,0,0,0,-32304,0,0,0,0,0,193412,0
193413,-972,8072,518,87,-12,5,-217129,-6,-3,-752,-256,36304,134,30,65,0,0,0,0,0,0,0,0,-32303,0,0,0,0,0,193417,0
193418,-984,8068,528,87,-8,8,-217128,-1,2,-754,-248,36305,135,30,65,0,0,0,0,0,0,0,0,-32304,0,0,0,0,0,193422,0
193423,-954,8082,522,85,-15,6,-217128,-1,-1,-763,-256,36305,135,30,65,0,0,0,0,0,0,0,0,-32304,0,0,0,0,0,193427,0
193428,-1000,8066,522,83,-8,10,-217127,-1,2,-761,-256,36305,135,30,65,0,0,0,0,0,0,0,0,-32304,0,0,0,0,0,193432,0
193433,-1012,8050,530,85,-9,8,-217128,5,3,-756,-264,36305,135,30,65,0,0,0,0,0,0,0,0,-32304,0,0,0,0,0,193437,0
193438,-1004,8054,538,81,-10,11,-217128,0,3,-763,-248,36305,134,31,65,0,0,0,0,0,0,0,0,-32304,0,0,0,0,0,193442,0
193443,-1016,8054,510,86,-6,14,-217127,8,3,-754,-264,36305,134,31,65,0,0,0,0,0,0,0,0,-32304,0,0,0,0,0,193447,0
193448,-976,8056,520,83,2,15,-217127,-3,0,-763,-248,36300,128,30,65,0,0,0,0,0,0,0,0,-32304,0,0,0,0,0,193452,0
193453,-964,8056,532,82,-4,12,-217128,-1,4,-750,-256,36300,128,30,65,0,0,0,0,0,0,0,0,-32304,0,0,0,0,0,193457,0
193458,-966,8064,522,83,1,15,-217128,1,-1,-745,-264,36302,134,30,65,0,0,0,0,0,0,0,0,-32304,0,0,0,0,0,193462,0
193463,-990,8090,512,83,0,16,-217127,1,3,-752,-256,36302,134,30,65,0,0,0,0,0,0,0,0,-32304,0,0,0,0,0,193467,0
193468,-954,8086,500,88,-6,16,-217127,5,0,-753,-256,36304,131,31,65,0,0,0,0,0,0,0,0,-32304,0,0,0,0,0,193472,0
193473,-952,8070,510,84,0,22,-217128,-1,4,-752,-256,36304,131,31,65,0,0,0,0,0,0,0,0,-32304,0,0,0,0,0,193477,0
193478,-948,8074,502,84,1,20,-217127,-6,2,-758,-256,36304,133,30,65,0,0,0,0,0,0,0,0,-32304,0,0,0,0,0,193482,0
193483,-974,8066,508,84,-3,19,-217127,2,-3,-756,-264,36304,133,30,65,0,0,0,0,0,0,0,0,-32304,0,0,0,0,0,193487,0
193488,-986,8052,524,86,-4,23,-217128,-1,1,-759,-256,36303,139,31,65,0,0,0,0,0,0,0,0,-32304,0,0,0,0,0,193492,0
193493,-982,8074,532,78,-4,22,-217127,6,0,-756,-264,36303,139,31,65,0,0,0,0,0,0,0,0,-32304,0,0,0,0,0,193497,0
193498,-956,8054,516,84,-1,21,-217127,0,-1,-758,-264,36303,140,30,65,0,0,0,0,0,0,0,0,-32304,0,0,0,0,0,193502,0
193503,-1008,8046,540,89,-4,21,-217127,0,5,-752,-256,36303,140,30,65,0,0,0,0,0,0,0,0,-32304,0,0,0,0,0,193507,0
193508,-986,8056,542,91,-3,27,-217127,3,2,-754,-264,36303,137,30,65,0,0,0,0,0,0,0,0,-32304,0,0,0,0,0,193512,0
193513,-998,8086,532,84,-5,28,-217127,2,-2,-752,-256,36303,137,30,65,0,0,0,0,0,0,0,0,-32304,0,0,0,0,0,193517,0
193518,-1012,8044,538,87,-7,25,-217127,1,0,-752,-264,36309,129,31,65,0,0,0,0,0,0,0,0,-32304,0,0,0,0,0,193522,0
193523,-1004,8042,528,93,-11,28,-217129,-9,-2,-754,-256,36309,129,31,65,0,0,0,0,0,0,0,0,-32304,0,0,0,0,0,193527,0
193528,-992,8050,534,84,-9,25,-217127,6,1,-757,-248,36309,122,30,65,0,0,0,0,0,0,0,0,-32304,0,0,0,0,0,193532,0
193533,-956,8056,514,89,-10,32,-217127,7,2,-761,-264,36309,122,30,65,0,0,0,0,0,0,0,0,-32304,0,0,0,0,0,193537,0
193538,-952,8084,526,84,-15,28,-217127,-4,3,-757,-248,36308,131,30,65,0,0,0,0,0,0,0,0,-32304,0,0,0,0,0,193542,0
193543,-954,8066,532,88,-12,29,-217128,0,-1,-756,-248,36308,131,30,65,0,0,0,0,0,0,0,0,-32304,0,0,0,0,0,193547,0
193548,-936,8100,544,91,-16,30,-217127,1,-1,-755,-256,36306,133,30,65,0,0,0,0,0,0,0,0,-32304,0,0,0,0,0,193552,0
193553,-942,8076,526,93,-13,27,-217127,4,0,-754,-264,36306,133,30,65,0,0,0,0,0,0,0,0,-32304,0,0,0,0,0,193557,0
193558,-930,8088,524,89,-16,29,-217127,8,5,-752,-256,36302,133,30,65,0,0,0,0,0,0,0,0,-32304,0,0,0,0,0,193562,0
193563,-960,8100,522,87,-14,27,-217128,1,2,-753,-248,36302,133,30,65,0,0,0,0,0,0,0,0,-32304,0,0,0,0,0,193567,0
193568,-942,8078,520,88,-8,28,-217128,-6,1,-751,-256,36300,134,30,65,0,0,0,0,0,0,0,0,-32304,0,0,0,0,0,193572,0
193573,-926,8080,504,93,-11,28,-217128,4,3,-747,-264,36300,134,30,65,0,0,0,0,0,0,0,0,-32304,0,0,0,0,0,193577,0
193578,-948,8088,504,86,-11,25,-217126,5,3,-758,-264,36300,128,30,65,0,0,0,0,0,0,0,0,-32303,0,0,0,0,0,193582,0
193583,-966,8068,518,87,-12,20,-217127,10,0,-755,-264,36300,128,30,65,0,0,0,0,0,0,0,0,-32304,0,0,0,0,0,193587,0
193588,-934,8066,520,87,-5,26,-217127,1,2,-755,-264,36298,130,30,65,0,0,0,0,0,0,0,0,-32304,0,0,0,0,0,193592,0
193593,-940,8050,490,84,-11,24,-217127,-1,2,-753,-264,36298,130,30,65,0,0,0,0,0,0,0,0,-32304,0,0,0,0,0,193597,0
193598,-944,8088,514,83,-13,24,-217129,-7,0,-757,-248,36302,134,30,65,0,0,0,0,0,0,0,0,-32304,0,0,0,0,0,193602,0
193603,-940,8104,500,88,-9,23,-217126,8,1,-755,-272,36302,134,30,65,0,0,0,0,0,0,0,0,-32304,0,0,0,0,0,193607,0
193608,-954,8080,498,86,-8,22,-217126,2,-3,-764,-264,36302,128,30,65,0,0,0,0,0,0,0,0,-32304,0,0,0,0,0,193612,0
193613,-980,8068,504,87,-11,26,-217128,-4,7,-752,-256,36302,128,30,65,0,0,0,0,0,0,0,0,-32303,0,0,0,0,0,193617,0
193618,-940,8086,496,86,-11,27,-217127,3,2,-753,-264,36304,129,30,65,0,0,0,0,0,0,0,0,-32304,0,0,0,0,0,193622,0
193623,-958,8082,496,78,-11,24,-217127,5,3,-758,-264,36304,129,30,65,0,0,0,0,0,0,0,0,-32304,0,0,0,0,0,193627,0
193628,-936,8066,486,82,-9,26,-217127,-1,-3,-757,-256,36308,132,30,65,0,0,0,0,0,0,0,0,-32304,0,0,0,0,0,193632,0
193633,-986,8084,520,87,-6,23,-217127,-1,0,-757,-256,36308,132,30,65,0,0,0,0,0,0,0,0,-32304,0,0,0,0,0,193637,0
193638,-954,8084,508,85,-12,23,-217127,2,-1,-755,-256,36307,130,30,65,0,0,0,0,0,0,0,0,-32304,0,0,0,0,0,193642,0
193643,-950,8076,498,80,-9,25,-217128,-4,4,-758,-256,36307,130,30,65,0,0,0,0,0,0,0,0,-32304,0,0,0,0,0,193647,0
193648,-926,8072,490,80,-4,20,-217127,0,-4,-758,-264,36304,133,30,65,0,0,0,0,0,0,0,0,-32304,0,0,0,0,0,193652,0
193653,-956,8092,498,80,-4,20,-217128,-5,-1,-757,-256,36304,133,30,65,0,0,0,0,0,0,0,0,-32304,0,0,0,0,0,193657,0
193658,-924,8096,506,79,-9,27,-217126,-3,0,-757,-256,36300,129,31,65,0,0,0,0,0,0,0,0,-32304,0,0,0,0,0,193662,0
193663,-936,8084,470,86,-11,28,-217128,-3,1,-757,-256,36300,129,31,65,0,0,0,0,0,0,0,0,-32304,0,0,0,0,0,193667,0
193668,-962,8088,488,77,-2,23,-217128,-2,4,-760,-264,36302,133,30,65,0,0,0,0,0,0,0,0,-32304,0,0,0,0,0,193672,0
193673,-948,8058,482,86,-6,23,-217126,-1,0,-760,-256,36302,133,30,65,0,0,0,0,0,0,0,0,-32304,0,0,0,0,0,193677,0
193678,-978,8040,488,82,-3,25,-217129,-4,6,-762,-256,36301,131,30,65,0,0,0,0,0,0,0,0,-32304,0,0,0,0,0,193682,0
193683,-946,8076,484,78,-10,19,-217127,1,5,-752,-264,36301,131,30,65,0,0,0,0,0,0,0,0,-32304,0,0,0,0,0,193687,0
193688,-964,8070,496,74,-4,21,-217127,2,0,-754,-256,36301,136,31,65,0,0,0,0,0,0,0,0,-32304,0,0,0,0,0,193692,0
193693,-940,8064,490,82,-11,28,-217127,-1,5,-758,-256,36301,136,31,65,0,0,0,0,0,0,0,0,-32304,0,0,0,0,0,193697,0
193698,-960,8066,498,77,-3,24,-217127,2,2,-756,-256,36300,130,30,65,0,0,0,0,0,0,0,0,-32304,0,0,0,0,0,193702,0
193703,-944,8092,486,77,-8,20,-217127,-6,-1,-763,-248,36300,130,30,65,0,0,0,0,0,0,0,0,-32304,0,0,0,0,0,193707,0
193708,-960,8104,484,82,-2,24,-217128,-4,0,-757,-256,36301,136,30,65,0,0,0,0,0,0,0,0,-32304,0,0,0,0,0,193712,0
193713,-942,8088,480,81,-7,22,-217127,6,-1,-750,-264,36301,136,30,65,0,0,0,0,0,0,0,0,-32304,0,0,0,0,0,193717,0
193718,-968,8070,502,74,-7,22,-217126,7,5,-753,-264,36303,126,31,65,0,0,0,0,0,0,0,0,-32304,0,0,0,0,0,193722,0
193723,-930,8076,516,82,-8,25,-217125,14,7,-753,-280,36303,126,31,65,0,0,0,0,0,0,0,0,-32304,0,0,0,0,0,193727,0
193728,-986,8082,480,74,-10,20,-217127,6,2,-756,-272,36307,118,30,65,0,0,0,0,0,0,0,0,-32304,0,0,0,0,0,193732,0
193733,-972,8068,522,72,-10,26,-217128,3,-1,-751,-256,36307,118,30,65,0,0,0,0,0,0,0,0,-32304,0,0,0,0,0,193737,0
193738,-952,8074,512,74,-8,25,-217127,-1,0,-755,-256,36305,120,31,65,0,0,0,0,0,0,0,0,-32304,0,0,0,0,0,193742,0
193743,-970,8068,500,78,-10,23,-217128,1,-1,-756,-248,36305,120,31,65,0,0,0,0,0,0,0,0,-32304,0,0,0,0,0,193747,0
193748,-958,8082,526,77,-8,23,-217129,-6,-3,-760,-240,36304,124,30,65,0,0,0,0,0,0,0,0,-32304,0,0,0,0,0,193752,0
193753,-936,8086,508,71,-7,25,-217127,-4,4,-759,-248,36304,124,30,65,0,0,0,0,0,0,0,0,-32304,0,0,0,0,0,193757,0
193758,-964,8070,496,70,-6,25,-217128,-5,-5,-759,-248,36299,138,30,65,0,0,0,0,0,0,0,0,-32304,0,0,0,0,0,193762,0
193763,-936,8094,480,73,-7,29,-217129,-5,-4,-755,-240,36299,138,30,65,0,0,0,0,0,0,0,0,-32304,0,0,0,0,0,193767,0
193768,-954,8078,470,74,-9,23,-217127,1,-3,-752,-256,36300,135,31,65,0,0,0,0,0,0,0,0,-32304,0,0,0,0,0,193772,0
193773,-964,8086,484,71,-9,25,-217127,1,3,-754,-256,36300,135,31,65,0,0,0,0,0,0,0,0,-32304,0,0,0,0,0,193777,0
193778,-942,8066,472,70,-5,25,-217127,2,3,-752,-256,36302,123,30,65,0,0,0,0,0,0,0,0,-32304,0,0,0,0,0,193782,0
193783,-932,8088,476,71,-9,29,-217126,5,2,-756,-256,36302,123,30,65,0,0,0,0,0,0,0,0,-32304,0,0,0,0,0,193787,0
193788,-964,8088,482,67,-10,29,-217129,-4,-3,-759,-248,36302,123,30,65,0,0,0,0,0,0,0,0,-32304,0,0,0,0,0,193792,0
193793,-978,8084,466,66,-11,25,-217128,-7,-3,-757,-248,36302,123,30,65,0,0,0,0,0,0,0,0,-32304,0,0,0,0,0,193797,0
193798,-940,8108,470,68,-6,26,-217127,-9,1,-760,-248,36312,123,30,65,0,0,0,0,0,0,0,0,-32304,0,0,0,0,0,193802,0
193803,-966,8094,474,67,-7,27,-217128,-3,-4,-753,-248,36312,123,30,65,0,0,0,0,0,0,0,0,-32304,0,0,0,0,0,193807,0
193808,-964,8054,464,68,-6,29,-217127,3,-5,-752,-264,36314,128,31,65,0,0,0,0,0,0,0,0,-32304,0,0,0,0,0,193812,0
193813,-1010,8082,488,63,-8,28,-217126,5,5,-760,-264,36314,128,31,65,0,0,0,0,0,0,0,0,-32304,0,0,0,0,0,193817,0
193818,-1002,8078,498,62,-10,28,-217126,-1,1,-754,-264,36313,134,30,65,0,0,0,0,0,0,0,0,-32304,0,0,0,0,0,193822,0
193823,-976,8078,496,63,-9,32,-217127,0,-1,-753,-264,36313,134,30,65,0,0,0,0,0,0,0,0,-32304,0,0,0,0,0,193827,0
193828,-1006,8052,508,66,-9,28,-217127,-1,-2,-758,-256,36309,125,30,65,0,0,0,0,0,0,0,0,-32304,0,0,0,0,0,193832,0
193833,-980,8052,486,63,-17,30,-217127,4,-1,-757,-256,36309,125,30,65,0,0,0,0,0,0,0,0,-32304,0,0,0,0,0,193837,0
193838,-982,8042,496,65,-13,30,-217127,-3,1,-761,-248,36305,132,30,65,0,0,0,0,0,0,0,0,-32304,0,0,0,0,0,193842,0
193843,-986,8030,496,61,-17,36,-217127,0,5,-758,-256,36305,132,30,65,0,0,0,0,0,0,0,0,-32304,0,0,0,0,0,193847,0
193848,-996,8048,534,65,-17,37,-217127,2,-2,-760,-248,36307,127,30,65,0,0,0,0,0,0,0,0,-32304,0,0,0,0,0,193852,0
193853,-976,8066,528,65,-19,31,-217127,0,2,-755,-256,36307,127,30,65,0,0,0,0,0,0,0,0,-32304,0,0,0,0,0,193857,0
193858,-1010,8036,540,60,-18,37,-217129,-9,-1,-753,-248,36307,128,30,65,0,0,0,0,0,0,0,0,-32304,0,0,0,0,0,193862,0
193863,-960,8048,512,67,-15,36,-217126,0,0,-749,-256,36307,128,30,65,0,0,0,0,0,0,0,0,-32304,0,0,0,0,0,193867,0
193868,-962,8064,526,65,-16,38,-217127,-6,1,-761,-248,36305,122,30,65,0,0,0,0,0,0,0,0,-32304,0,0,0,0,0,193872,0
193873,-954,8058,518,67,-21,38,-217127,4,-2,-751,-264,36305,122,30,65,0,0,0,0,0,0,0,0,-32304,0,0,0,0,0,193877,0
193878,-968,8054,536,69,-17,35,-217127,-2,-4,-759,-256,36303,126,30,65,0,0,0,0,0,0,0,0,-32304,0,0,0,0,0,193882,0
193883,-964,8090,538,70,-18,41,-217127,1,2,-758,-256,36303,126,30,65,0,0,0,0,0,0,0,0,-32304,0,0,0,0,0,193887,0
193888,-986,8054,540,69,-18,41,-217127,2,0,-758,-264,36302,129,31,65,0,0,0,0,0,0,0,0,-32304,0,0,0,0,0,193892,0
193893,-962,8072,550,71,-13,40,-217127,0,2,-758,-256,36302,129,31,65,0,0,0,0,0,0,0,0,-32304,0,0,0,0,0,193897,0
193898,-970,8066,544,73,-20,44,-217128,1,-1,-758,-256,36301,139,30,65,0,0,0,0,0,0,0,0,-32304,0,0,0,0,0,193902,0
193903,-922,8074,540,74,-12,40,-217128,-3,-2,-759,-256,36301,139,30,65,0,0,0,0,0,0,0,0,-32304,0,0,0,0,0,193907,0
193908,-950,8080,514,71,-12,43,-217128,-4,5,-756,-256,36301,141,31,65,0,0,0,0,0,0,0,0,-32304,0,0,0,0,0,193912,0
193913,-936,8070,520,74,-11,39,-217127,6,-1,-753,-264,36301,141,31,65,0,0,0,0,0,0,0,0,-32304,0,0,0,0,0,193917,0
193918,-956,8048,520,76,-18,39,-217127,3,2,-753,-264,36301,126,30,65,0,0,0,0,0,0,0,0,-32305,0,0,0,0,0,193922,0
193923,-942,8070,538,69,-13,39,-217127,-1,3,-758,-264,36301,126,30,65,0,0,0,0,0,0,0,0,-32304,0,0,0,0,0,193927,0
193928,-964,8066,542,78,-13,41,-217127,-2,4,-758,-256,36304,129,30,65,0,0,0,0,0,0,0,0,-32304,0,0,0,0,0,193932,0
193933,-962,8064,522,83,-9,42,-217127,-1,3,-761,-256,36304,129,30,65,0,0,0,0,0,0,0,0,-32304,0,0,0,0,0,193937,0
193938,-928,8066,512,74,-14,44,-217128,-8,-7,-758,-248,36308,129,31,65,0,0,0,0,0,0,0,0,-32304,0,0,0,0,0,193942,0
193943,-962,8068,538,70,-15,39,-217127,5,0,-754,-256,36308,129,31,65,0,0,0,0,0,0,0,0,-32304,0,0,0,0,0,193947,0
193948,-932,8070,518,75,-14,38,-217127,2,2,-763,-256,36307,121,30,65,0,0,0,0,0,0,0,0,-32304,0,0,0,0,0,193952,0
193953,-942,8054,502,81,0,39,-217126,7,1,-753,-256,36307,121,30,65,0,0,0,0,0,0,0,0,-32304,0,0,0,0,0,193957,0
193958,-942,8074,510,76,-8,43,-217127,4,4,-755,-264,36306,121,31,65,0,0,0,0,0,0,0,0,-32304,0,0,0,0,0,193962,0
193963,-928,8064,536,78,-6,38,-217127,2,1,-754,-256,36306,121,31,65,0,0,0,0,0,0,0,0,-32304,0,0,0,0,0,193967,0
193968,-946,8080,496,75,-7,41,-217127,-4,2,-752,-256,36300,128,30,65,0,0,0,0,0,0,0,0,-32304,0,0,0,0,0,193972,0
193973,-938,8068,536,81,-5,37,-217127,0,2,-755,-248,36300,128,30,65,0,0,0,0,0,0,0,0,-32304,0,0,0,0,0,193977,0
193978,-954,8056,506,73,-3,38,-217128,0,-5,-754,-256,36300,129,30,65,0,0,0,0,0,0,0,0,-32304,0,0,0,0,0,193982,0
193983,-950,8064,508,75,-1,38,-217128,-5,-3,-758,-256,36300,129,30,65,0,0,0,0,0,0,0,0,-32304,0,0,0,0,0,193987,0
193988,-928,8090,484,80,-3,41,-217126,6,2,-760,-264,36301,141,30,65,0,0,0,0,0,0,0,0,-32304,0,0,0,0,0,193992,0
193993,-936,8068,470,81,-2,38,-217127,0,-2,-753,-264,36301,141,30,65,0,0,0,0,0,0,0,0,-32304,0,0,0,0,0,193997,0
193998,-918,8090,482,78,-1,35,-217127,2,4,-755,-256,36303,129,30,65,0,0,0,0,0,0,0,0,-32304,0,0,0,0,0,194002,0
194003,-930,8094,480,76,-2,36,-217128,1,-4,-759,-256,36303,129,30,65,0,0,0,0,0,0,0,0,-32304,0,0,0,0,0,194007,0
194008,-936,8106,468,77,-3,34,-217127,-4,-3,-754,-248,36302,134,30,65,0,0,0,0,0,0,0,0,-32304,0,0,0,0,0,194012,0
194013,-914,8082,498,78,-4,30,-217127,0,6,-759,-256,36302,134,30,65,0,0,0,0,0,0,0,0,-32304,0,0,0,0,0,194017,0
194018,-942,8074,498,78,-1,29,-217126,7,0,-756,-256,36304,129,30,65,0,0,0,0,0,0,0,0,-32304,0,0,0,0,0,194022,0
194023,-926,8066,488,79,-4,37,-217127,3,0,-752,-264,36304,129,30,65,0,0,0,0,0,0,0,0,-32304,0,0,0,0,0,194027,0
194028,-952,8084,496,75,-6,30,-217128,2,0,-754,-248,36303,123,31,65,0,0,0,0,0,0,0,0,-32303,0,0,0,0,0,194032,0
194033,-944,8096,492,82,-7,30,-217127,1,4,-760,-256,36303,123,31,65,0,0,0,0,0,0,0,0,-32304,0,0,0,0,0,194038,0
194038,-938,8076,492,78,-10,36,-217127,3,-3,-754,-256,36303,130,30,65,0,0,0,0,0,0,0,0,-32303,0,0,0,0,0,194043,0
194043,-946,8070,518,77,-11,30,-217128,0,-5,-752,-256,36303,130,30,65,0,0,0,0,0,0,0,0,-32304,0,0,0,0,0,194048,0
194048,-944,8082,502,75,-9,29,-217127,-6,2,-756,-248,36304,135,30,65,0,0,0,0,0,0,0,0,-32304,0,0,0,0,0,194053,0
194053,-972,8070,492,74,-10,31,-217127,2,2,-756,-264,36304,135,30,65,0,0,0,0,0,0,0,0,-32304,0,0,0,0,0,194058,0
194058,-962,8054,510,74,-12,30,-217126,0,-4,-754,-264,36303,133,30,65,0,0,0,0,0,0,0,0,-32304,0,0,0,0,0,194063,0
194063,-948,8064,478,74,-8,34,-217126,2,3,-754,-264,36303,133,30,65,0,0,0,0,0,0,0,0,-32304,0,0,0,0,0,194068,0
194068,-944,8096,488,76,-10,31,-217127,-7,-1,-755,-248,36302,131,30,65,0,0,0,0,0,0,0,0,-32304,0,0,0,0,0,194073,0
194073,-924,8068,512,77,-10,30,-217127,0,-3,-756,-256,36302,131,30,65,0,0,0,0,0,0,0,0,-32304,0,0,0,0,0,194078,0
194078,-936,8064,524,74,-12,34,-217127,1,-1,-759,-256,36299,141,31,65,0,0,0,0,0,0,0,0,-32304,0,0,0,0,0,194083,0
194083,-942,8074,522,71,-7,35,-217128,-3,-3,-762,-256,36299,141,31,65,0,0,0,0,0,0,0,0,-32304,0,0,0,0,0,194088,0
194088,-942,8080,514,71,-9,32,-217127,-3,0,-757,-256,36301,137,30,65,0,0,0,0,0,0,0,0,-32304,0,0,0,0,0,194093,0
194093,-940,8072,494,72,-12,33,-217127,1,0,-757,-256,36301,137,30,65,0,0,0,0,0,0,0,0,-32304,0,0,0,0,0,194098,0
194098,-932,8074,496,81,-4,28,-217127,-5,4,-760,-256,36303,139,30,65,0,0,0,0,0,0,0,0,-32304,0,0,0,0,0,194103,0
194103,-950,8092,498,75,-10,36,-217127,0,0,-757,-256,36303,139,30,65,0,0,0,0,0,0,0,0,-32304,0,0,0,0,0,194108,0
194108,-928,8090,498,77,-1,34,-217128,-5,-2,-757,-256,36304,132,31,65,0,0,0,0,0,0,0,0,-32304,0,0,0,0,0,194113,0
194113,-946,8114,482,78,-8,33,-217129,-11,-2,-760,-248,36304,132,31,65,0,0,0,0,0,0,0,0,-32304,0,0,0,0,0,194118,0
194118,-934,8070,502,76,-9,33,-217127,2,-1,-754,-256,36302,133,30,65,0,0,0,0,0,0,0,0,-32304,0,0,0,0,0,194123,0
194123,-932,8076,514,74,-5,39,-217127,2,-2,-751,-256,36302,133,30,65,0,0,0,0,0,0,0,0,-32304,0,0,0,0,0,194128,0
194128,-954,8062,518,77,-5,30,-217127,9,4,-756,-272,36299,133,31,65,0,0,0,0,0,0,0,0,-32304,0,0,0,0,0,194133,0
194133,-964,8056,528,75,-7,36,-217127,0,6,-759,-256,36299,133,31,65,0,0,0,0,0,0,0,0,-32304,0,0,0,0,0,194138,0
194138,-952,8062,520,81,-9,34,-217127,-1,-1,-758,-264,36298,126,30,65,0,0,0,0,0,0,0,0,-32304,0,0,0,0,0,194143,0
194143,-962,8084,534,84,-7,34,-217127,0,0,-756,-264,36298,126,30,65,0,0,0,0,0,0,0,0,-32304,0,0,0,0,0,194148,0
194148,-910,8070,538,87,-8,37,-217126,0,2,-759,-256,36304,127,30,65,0,0,0,0,0,0,0,0,-32304,0,0,0,0,0,194153,0
194153,-956,8042,506,81,-9,33,-217127,5,2,-760,-248,36304,127,30,65,0,0,0,0,0,0,0,0,-32304,0,0,0,0,0,194158,0
194158,-962,8070,516,82,-12,37,-217128,0,-6,-754,-240,36306,134,31,65,0,0,0,0,0,0,0,0,-32304,0,0,0,0,0,194163,0
194163,-928,8072,516,87,-4,34,-217127,2,2,-751,-256,36306,134,31,65,0,0,0,0,0,0,0,0,-32304,0,0,0,0,0,194168,0
194168,-960,8042,538,83,-6,36,-217127,-1,3,-756,-264,36306,131,30,65,0,0,0,0,0,0,0,0,-32304,0,0,0,0,0,194173,0
194173,-960,8052,536,86,-9,39,-217128,1,-5,-752,-256,36306,131,30,65,0,0,0,0,0,0,0,0,-32304,0,0,0,0,0,194178,0
194178,-956,8052,520,86,-4,35,-217127,-4,0,-764,-248,36299,134,30,65,0,0,0,0,0,0,0,0,-32304,0,0,0,0,0,194183,0
194183,-946,8062,506,88,-5,34,-217126,5,5,-758,-256,36299,134,30,65,0,0,0,0,0,0,0,0,-32304,0,0,0,0,0,194188,0
194188,-924,8074,528,89,-10,38,-217127,0,-2,-756,-256,36301,131,30,65,0,0,0,0,0,0,0,0,-32304,0,0,0,0,0,194193,0
194193,-918,8086,516,91,-10,36,-217127,0,-1,-759,-248,36301,131,30,65,0,0,0,0,0,0,0,0,-32304,0,0,0,0,0,194198,0
194198,-926,8108,496,91,-6,40,-217126,11,1,-753,-264,36301,136,30,65,0,0,0,0,0,0,0,0,-32304,0,0,0,0,0,194203,0
194203,-922,8076,498,84,-3,40,-217128,0,-1,-756,-256,36301,136,30,65,0,0,0,0,0,0,0,0,-32304,0,0,0,0,0,194208,0
194208,-926,8078,490,85,-7,38,-217127,0,4,-750,-256,36300,139,30,65,0,0,0,0,0,0,0,0,-32304,0,0,0,0,0,194213,0
194213,-902,8080,478,86,-5,36,-217128,0,-3,-752,-256,36300,139,30,65,0,0,0,0,0,0,0,0,-32304,0,0,0,0,0,194218,0
194218,-900,8084,490,87,-9,38,-217128,-1,1,-759,-248,36300,134,30,65,0,0,0,0,0,0,0,0,-32304,0,0,0,0,0,194223,0
194223,-924,8078,478,88,-4,35,-217126,3,-3,-758,-256,36300,134,30,65,0,0,0,0,0,0,0,0,-32304,0,0,0,0,0,194228,0
194228,-1010,8046,484,90,-6,35,-217128,-1,2,-758,-264,36300,127,31,65,0,0,0,0,0,0,0,0,-32304,0,0,0,0,0,194233,0
194233,-968,8094,474,87,-8,35,-217128,-4,2,-758,-248,36300,127,31,65,0,0,0,0,0,0,0,0,-32304,0,0,0,0,0,194238,0
194238,-924,8088,472,86,-11,37,-217126,0,-2,-763,-256,36302,132,30,65,0,0,0,0,0,0,0,0,-32304,0,0,0,0,0,194243,0
194243,-916,8082,474,92,-4,38,-217128,0,2,-754,-256,36302,132,30,65,0,0,0,0,0,0,0,0,-32304,0,0,0,0,0,194248,0
194248,-938,8054,474,90,-6,33,-217127,-6,0,-758,-248,36301,140,30,65,0,0,0,0,0,0,0,0,-32304,0,0,0,0,0,194253,0
194253,-926,8062,502,83,-4,32,-217128,-2,1,-761,-248,36301,140,30,65,0,0,0,0,0,0,0,0,-32304,0,0,0,0,0,194258,0
194258,-934,8078,490,82,-7,33,-217126,-1,-2,-760,-256,36300,140,30,65,0,0,0,0,0,0,0,0,-32304,0,0,0,0,0,194263,0
194263,-928,8046,470,84,-10,32,-217126,8,4,-753,-264,36300,140,30,65,0,0,0,0,0,0,0,0,-32304,0,0,0,0,0,194268,0
194268,-920,8046,486,84,-6,35,-217127,-2,0,-757,-256,36300,144,30,65,0,0,0,0,0,0,0,0,-32304,0,0,0,0,0,194273,0
194273,-920,8092,492,78,-8,30,-217125,5,-1,-757,-264,36300,144,30,65,0,0,0,0,0,0,0,0,-32304,0,0,0,0,0,194278,0
194278,-928,8116,488,82,-10,34,-217127,0,-3,-759,-256,36299,135,31,65,0,0,0,0,0,0,0,0,-32304,0,0,0,0,0,194283,0
194283,-910,8078,496,81,-11,35,-217127,-1,3,-757,-256,36299,135,31,65,0,0,0,0,0,0,0,0,-32303,0,0,0,0,0,194288,0
194288,-908,8060,486,83,-6,33,-217126,2,-5,-760,-256,36300,136,30,65,0,0,0,0,0,0,0,0,-32304,0,0,0,0,0,194293,0
194293,-944,8056,498,86,-5,31,-217127,-5,0,-759,-264,36300,136,30,65,0,0,0,0,0,0,0,0,-32304,0,0,0,0,0,194298,0
194298,-932,8096,464,90,-9,29,-217126,6,1,-754,-264,36298,134,31,65,0,0,0,0,0,0,0,0,-32304,0,0,0,0,0,194303,0
194303,-916,8080,490,86,-8,30,-217127,3,-2,-759,-256,36298,134,31,65,0,0,0,0,0,0,0,0,-32304,0,0,0,0,0,194308,0
194308,-922,8060,480,82,-4,24,-217127,-5,0,-756,-256,36299,134,30,65,0,0,0,0,0,0,0,0,-32304,0,0,0,0,0,194313,0
194313,-946,8058,512,85,-8,27,-217127,0,0,-750,-256,36299,134,30,65,0,0,0,0,0,0,0,0,-32304,0,0,0,0,0,194318,0
194318,-934,8070,490,86,-4,23,-217128,-1,6,-755,-264,36297,131,30,65,0,0,0,0,0,0,0,0,-32304,0,0,0,0,0,194323,0
194323,-906,8070,516,86,-6,26,-217127,-2,-1,-759,-248,36297,131,30,65,0,0,0,0,0,0,0,0,-32304,0,0,0,0,0,194328,0
194328,-918,8082,496,86,-9,26,-217127,-5,-2,-755,-248,36300,129,31,65,0,0,0,0,0,0,0,0,-32304,0,0,0,0,0,194333,0
194333,-934,8094,504,86,-5,26,-217126,7,3,-757,-264,36300,129,31,65,0,0,0,0,0,0,0,0,-32303,0,0,0,0,0,194338,0
194338,-922,8064,500,88,-2,23,-217128,-3,4,-760,-264,36304,125,30,65,0,0,0,0,0,0,0,0,-32304,0,0,0,0,0,194343,0
194343,-934,8098,510,88,-2,22,-217128,1,1,-751,-248,36304,125,30,65,0,0,0,0,0,0,0,0,-32304,0,0,0,0,0,194348,0
194348,-938,8054,500,92,-4,19,-217127,1,0,-758,-256,36306,126,30,65,0,0,0,0,0,0,0,0,-32304,0,0,0,0,0,194353,0
194353,-906,8084,486,90,-5,23,-217127,-2,4,-755,-256,36306,126,30,65,0,0,0,0,0,0,0,0,-32304,0,0,0,0,0,194358,0
194358,-954,8054,490,88,-7,25,-217128,-3,4,-751,-256,36307,123,31,65,0,0,0,0,0,0,0,0,-32304,0,0,0,0,0,194363,0
194363,-938,8060,518,89,-2,20,-217127,-4,1,-751,-256,36307,123,31,65,0,0,0,0,0,0,0,0,-32304,0,0,0,0,0,194368,0
194368,-944,8088,494,90,-1,21,-217126,7,-2,-752,-272,36305,121,30,65,0,0,0,0,0,0,0,0,-32304,0,0,0,0,0,194373,0
194373,-944,8058,506,90,-2,24,-217127,0,3,-758,-264,36305,121,30,65,0,0,0,0,0,0,0,0,-32304,0,0,0,0,0,194378,0
194378,-936,8072,486,88,-4,24,-217127,0,4,-753,-256,36304,135,30,65,0,0,0,0,0,0,0,0,-32305,0,0,0,0,0,194383,0
194383,-942,8054,494,92,-6,22,-217127,-3,-2,-756,-256,36304,135,30,65,0,0,0,0,0,0,0,0,-32305,0,0,0,0,0,194388,0
194388,-918,8090,492,87,-5,24,-217127,-1,-2,-759,-256,36301,135,30,65,0,0,0,0,0,0,0,0,-32303,0,0,0,0,0,194393,0
194393,-920,8060,490,90,-1,24,-217128,0,2,-757,-256,36301,135,30,65,0,0,0,0,0,0,0,0,-32304,0,0,0,0,0,194398,0
194398,-920,8074,508,87,-4,21,-217127,1,6,-755,-264,36300,139,30,65,0,0,0,0,0,0,0,0,-32304,0,0,0,0,0,194403,0
194403,-936,8054,450,91,-2,26,-217127,-1,-1,-759,-264,36300,139,30,65,0,0,0,0,0,0,0,0,-32304,0,0,0,0,0,194408,0
194408,-926,8088,464,88,-1,20,-217127,4,3,-750,-256,36302,140,30,65,0,0,0,0,0,0,0,0,-32304,0,0,0,0,0,194413,0
194413,-928,8098,480,91,-2,25,-217128,-4,1,-761,-256,36302,140,30,65,0,0,0,0,0,0,0,0,-32304,0,0,0,0,0,194418,0
194418,-916,8084,464,89,0,19,-217128,0,1,-755,-248,36302,135,30,65,0,0,0,0,0,0,0,0,-32304,0,0,0,0,0,194423,0
194423,-914,8090,476,91,-5,21,-217127,1,0,-754,-256,36302,135,30,65,0,0,0,0,0,0,0,0,-32304,0,0,0,0,0,194428,0
194428,-926,8092,478,92,0,20,-217127,0,6,-757,-264,36299,134,30,65,0,0,0,0,0,0,0,0,-32304,0,0,0,0,0,194433,0
194433,-926,8076,452,91,-1,20,-217126,6,-2,-755,-256,36299,134,30,65,0,0,0,0,0,0,0,0,-32304,0,0,0,0,0,194438,0
194438,-936,8096,456,87,-2,20,-217127,5,2,-758,-264,36300,130,30,65,0,0,0,0,0,0,0,0,-32304,0,0,0,0,0,194443,0
194443,-930,8092,446,90,-2,16,-217128,2,-1,-756,-256,36300,130,30,65,0,0,0,0,0,0,0,0,-32304,0,0,0,0,0,194448,0
194448,-942,8082,462,86,-8,17,-217127,1,-1,-755,-264,36302,130,30,65,0,0,0,0,0,0,0,0,-32304,0,0,0,0,0,194453,0
194453,-958,8082,448,89,-6,18,-217127,0,-2,-758,-264,36302,130,30,65,0,0,0,0,0,0,0,0,-32304,0,0,0,0,0,194458,0
194458,-946,8068,456,85,-9,16,-217129,2,6,-755,-264,36306,140,30,65,0,0,0,0,0,0,0,0,-32304,0,0,0,0,0,194463,0
194463,-940,8082,460,90,-7,22,-217127,-1,-3,-759,-248,36306,140,30,65,0,0,0,0,0,0,0,0,-32303,0,0,0,0,0,194468,0
194468,-986,8070,456,84,-6,17,-217128,-1,-4,-754,-256,36305,139,31,65,0,0,0,0,0,0,0,0,-32304,0,0,0,0,0,194473,0
194473,-954,8090,452,88,-6,24,-217126,0,1,-753,-256,36305,139,31,65,0,0,0,0,0,0,0,0,-32303,0,0,0,0,0,194478,0
194478,-946,8076,470,85,-8,22,-217127,3,-2,-761,-264,36306,133,30,65,0,0,0,0,0,0,0,0,-32303,0,0,0,0,0,194483,0
194483,-952,8076,490,81,-5,21,-217126,5,-1,-758,-264,36306,133,30,65,0,0,0,0,0,0,0,0,-32304,0,0,0,0,0,194488,0
194488,-930,8064,448,86,-7,26,-217128,1,-2,-758,-256,36302,127,30,65,0,0,0,0,0,0,0,0,-32304,0,0,0,0,0,194493,0
194493,-904,8106,448,80,-5,19,-217126,3,0,-753,-256,36302,127,30,65,0,0,0,0,0,0,0,0,-32304,0,0,0,0,0,194498,0
194498,-942,8076,438,81,-8,24,-217126,2,-3,-757,-256,36304,130,31,65,0,0,0,0,0,0,0,0,-32304,0,0,0,0,0,194503,0
194503,-954,8092,460,86,-2,21,-217127,3,1,-754,-256,36304,130,31,65,0,0,0,0,0,0,0,0,-32304,0,0,0,0,0,194508,0
194508,-956,8074,466,83,-11,25,-217128,-2,-4,-752,-264,36302,121,30,65,0,0,0,0,0,0,0,0,-32304,0,0,0,0,0,194513,0
194513,-970,8080,484,85,-8,26,-217127,1,-4,-753,-256,36302,121,30,65,0,0,0,0,0,0,0,0,-32304,0,0,0,0,0,194518,0
194518,-946,8076,476,83,-10,27,-217127,0,-3,-756,-256,36302,130,30,65,0,0,0,0,0,0,0,0,-32304,0,0,0,0,0,194523,0
194523,-960,8074,482,86,-10,29,-217127,0,-1,-755,-264,36302,130,30,65,0,0,0,0,0,0,0,0,-32304,0,0,0,0,0,194528,0
194528,-930,8060,500,81,-11,30,-217128,-3,1,-759,-256,36303,123,31,65,0,0,0,0,0,0,0,0,-32304,0,0,0,0,0,194533,0
194533,-964,8028,490,84,-11,26,-217126,2,-2,-759,-256,36303,123,31,65,0,0,0,0,0,0,0,0,-32304,0,0,0,0,0,194538,0
194538,-974,8034,476,84,-10,27,-217127,-3,-2,-758,-264,36303,121,30,65,0,0,0,0,0,0,0,0,-32304,0,0,0,0,0,194543,0
194543,-994,8050,474,90,-13,27,-217128,-5,2,-752,-240,36303,121,30,65,0,0,0,0,0,0,0,0,-32304,0,0,0,0,0,194548,0
194548,-938,8058,484,87,-11,28,-217127,-2,-1,-758,-248,36300,131,31,65,0,0,0,0,0,0,0,0,-32304,0,0,0,0,0,194553,0
194553,-936,8068,460,89,-5,25,-217127,-1,0,-756,-256,36300,131,31,65,0,0,0,0,0,0,0,0,-32304,0,0,0,0,0,194558,0
194558,-970,8076,484,83,-9,29,-217126,9,2,-755,-256,36304,136,30,65,0,0,0,0,0,0,0,0,-32303,0,0,0,0,0,194563,0
194563,-952,8080,470,86,-10,34,-217126,2,2,-755,-256,36304,136,30,65,0,0,0,0,0,0,0,0,-32304,0,0,0,0,0,194568,0
194568,-946,8054,476,89,-8,27,-217126,5,-2,-749,-272,36306,143,30,65,0,0,0,0,0,0,0,0,-32304,0,0,0,0,0,194573,0
194573,-926,8072,498,88,-8,25,-217128,-4,-2,-758,-248,36306,143,30,65,0,0,0,0,0,0,0,0,-32304,0,0,0,0,0,194578,0
194578,-928,8094,480,91,0,26,-217128,-3,-5,-756,-248,36308,138,30,65,0,0,0,0,0,0,0,0,-32304,0,0,0,0,0,194583,0
194583,-910,8070,482,84,-5,32,-217127,0,-2,-760,-248,36308,138,30,65,0,0,0,0,0,0,0,0,-32304,0,0,0,0,0,194588,0
194588,-926,8074,482,81,-7,25,-217127,4,4,-765,-256,36305,129,31,65,0,0,0,0,0,0,0,0,-32304,0,0,0,0,0,194593,0
194593,-946,8074,464,86,-1,27,-217127,5,0,-756,-264,36305,129,31,65,0,0,0,0,0,0,0,0,-32304,0,0,0,0,0,194598,0
194598,-936,8084,474,87,-9,31,-217128,-1,3,-756,-256,36302,130,30,65,0,0,0,0,0,0,0,0,-32304,0,0,0,0,0,194603,0
194603,-922,8052,498,88,-4,23,-217128,2,1,-754,-264,36302,130,30,65,0,0,0,0,0,0,0,0,-32304,0,0,0,0,0,194608,0
194608,-966,8050,446,87,-3,24,-217126,-1,-2,-757,-264,36300,134,30,65,0,0,0,0,0,0,0,0,-32304,0,0,0,0,0,194613,0
194613,-944,8094,472,91,-5,30,-217129,-7,0,-755,-256,36300,134,30,65,0,0,0,0,0,0,0,0,-32304,0,0,0,0,0,194618,0
194618,-918,8076,476,90,-2,26,-217126,5,-3,-754,-256,36298,128,30,65,0,0,0,0,0,0,0,0,-32304,0,0,0,0,0,194623,0
194623,-968,8070,468,88,-5,27,-217128,-9,-10,-762,-240,36298,128,30,65,0,0,0,0,0,0,0,0,-32304,0,0,0,0,0,194628,0
194628,-950,8084,452,89,-3,25,-217128,-4,5,-756,-264,36299,130,30,65,0,0,0,0,0,0,0,0,-32304,0,0,0,0,0,194633,0
194633,-952,8068,464,87,-3,24,-217127,0,-2,-759,-264,36299,130,30,65,0,0,0,0,0,0,0,0,-32304,0,0,0,0,0,194638,0
194638,-956,8078,458,88,-8,24,-217127,0,6,-756,-256,36300,127,31,65,0,0,0,0,0,0,0,0,-32304,0,0,0,0,0,194643,0
194643,-936,8078,434,87,-4,32,-217128,-1,0,-757,-248,36300,127,31,65,0,0,0,0,0,0,0,0,-32304,0,0,0,0,0,194648,0
194648,-960,8076,426,95,-11,28,-217127,-3,3,-761,-272,36300,134,30,65,0,0,0,0,0,0,0,0,-32304,0,0,0,0,0,194653,0
194653,-950,8080,452,87,-7,22,-217128,-1,1,-755,-264,36300,134,30,65,0,0,0,0,0,0,0,0,-32304,0,0,0,0,0,194658,0
194658,-942,8092,444,86,-6,30,-217127,-6,0,-758,-256,36299,137,30,65,0,0,0,0,0,0,0,0,-32304,0,0,0,0,0,194663,0
194663,-930,8082,440,89,-7,28,-217127,3,2,-756,-256,36299,137,30,65,0,0,0,0,0,0,0,0,-32304,0,0,0,0,0,194668,0
194668,-974,8068,426,91,-6,26,-217127,-6,-2,-761,-256,36303,138,30,65,0,0,0,0,0,0,0,0,-32304,0,0,0,0,0,194673,0
194673,-968,8058,410,84,-10,33,-217127,3,2,-751,-264,36303,138,30,65,0,0,0,0,0,0,0,0,-32304,0,0,0,0,0,194678,0
194678,-972,8084,422,80,-6,30,-217128,-3,-1,-756,-256,36303,133,30,65,0,0,0,0,0,0,0,0,-32304,0,0,0,0,0,194683,0
194683,-930,8056,432,81,-8,26,-217126,-1,-3,-757,-248,36303,133,30,65,0,0,0,0,0,0,0,0,-32304,0,0,0,0,0,194688,0
194688,-948,8068,420,87,-9,30,-217127,0,-4,-762,-248,36302,136,30,65,0,0,0,0,0,0,0,0,-32304,0,0,0,0,0,194693,0
194693,-990,8062,432,79,-5,29,-217126,1,7,-757,-248,36302,136,30,65,0,0,0,0,0,0,0,0,-32304,0,0,0,0,0,194698,0
194698,-942,8102,432,81,-7,29,-217127,4,-3,-756,-264,36298,134,31,65,0,0,0,0,0,0,0,0,-32304,0,0,0,0,0,194703,0
194703,-960,8072,436,74,-7,29,-217126,0,-3,-756,-248,36298,134,31,65,0,0,0,0,0,0,0,0,-32304,0,0,0,0,0,194708,0
194708,-964,8080,448,77,-5,35,-217126,6,-2,-757,-256,36299,136,30,65,0,0,0,0,0,0,0,0,-32305,0,0,0,0,0,194713,0
194713,-956,8096,412,78,-12,33,-217127,0,-1,-758,-256,36299,136,30,65,0,0,0,0,0,0,0,0,-32304,0,0,0,0,0,194718,0
194718,-944,8076,438,77,-5,31,-217128,-5,-6,-757,-256,36297,131,31,65,0,0,0,0,0,0,0,0,-32304,0,0,0,0,0,194723,0
194723,-940,8074,426,77,-8,34,-217127,-5,-8,-754,-256,36297,131,31,65,0,0,0,0,0,0,0,0,-32304,0,0,0,0,0,194728,0
194728,-940,8064,426,74,-8,28,-217129,-5,-4,-757,-240,36296,116,30,65,0,0,0,0,0,0,0,0,-32304,0,0,0,0,0,194733,0
194733,-954,8100,436,71,-11,33,-217127,-1,-4,-756,-264,36296,116,30,65,0,0,0,0,0,0,0,0,-32303,0,0,0,0,0,194738,0
194738,-920,8082,464,75,-10,32,-217127,-1,1,-759,-248,36297,125,30,65,0,0,0,0,0,0,0,0,-32304,0,0,0,0,0,194743,0
194743,-940,8082,450,72,-8,33,-217127,5,0,-755,-256,36297,125,30,65,0,0,0,0,0,0,0,0,-32304,0,0,0,0,0,194748,0
194748,-924,8086,438,72,-12,29,-217128,-1,-1,-758,-248,36300,127,31,65,0,0,0,0,0,0,0,0,-32304,0,0,0,0,0,194753,0
194753,-930,8088,456,77,-11,29,-217128,-5,-1,-753,-256,36300,127,31,65,0,0,0,0,0,0,0,0,-32304,0,0,0,0,0,194758,0
194758,-954,8084,454,74,-6,30,-217127,-5,2,-757,-264,36300,129,30,65,0,0,0,0,0,0,0,0,-32304,0,0,0,0,0,194763,0
194763,-952,8068,460,71,-7,29,-217127,0,-3,-753,-256,36300,129,30,65,0,0,0,0,0,0,0,0,-32304,0,0,0,0,0,194768,0
194768,-930,8088,442,76,-9,34,-217128,-4,-7,-753,-256,36298,134,31,65,0,0,0,0,0,0,0,0,-32304,0,0,0,0,0,194773,0
194773,-940,8076,468,75,-15,33,-217126,2,5,-753,-256,36298,134,31,65,0,0,0,0,0,0,0,0,-32305,0,0,0,0,0,194778,0
194778,-946,8076,470,69,-13,33,-217127,1,-3,-757,-256,36302,138,30,65,0,0,0,0,0,0,0,0,-32304,0,0,0,0,0,194783,0
194783,-944,8074,472,74,-8,29,-217127,-4,0,-757,-256,36302,138,30,65,0,0,0,0,0,0,0,0,-32304,0,0,0,0,0,194788,0
194788,-950,8080,490,73,-9,34,-217128,-4,-2,-757,-248,36302,136,30,65,0,0,0,0,0,0,0,0,-32304,0,0,0,0,0,194793,0
194793,-922,8066,472,73,-12,36,-217128,-1,-6,-755,-248,36302,136,30,65,0,0,0,0,0,0,0,0,-32304,0,0,0,0,0,194798,0
194798,-942,8090,470,78,-10,35,-217127,1,-2,-756,-256,36304,138,30,65,0,0,0,0,0,0,0,0,-32304,0,0,0,0,0,194803,0
194803,-934,8048,464,80,-8,32,-217127,0,1,-760,-256,36304,138,30,65,0,0,0,0,0,0,0,0,-32303,0,0,0,0,0,194808,0
194808,-944,8096,458,73,-11,31,-217126,5,1,-755,-272,36301,130,30,65,0,0,0,0,0,0,0,0,-32304,0,0,0,0,0,194813,0
194813,-944,8078,462,76,-6,33,-217126,8,2,-752,-264,36301,130,30,65,0,0,0,0,0,0,0,0,-32304,0,0,0,0,0,194818,0
194818,-952,8084,458,75,-10,34,-217126,7,2,-750,-264,36302,138,30,65,0,0,0,0,0,0,0,0,-32304,0,0,0,0,0,194823,0
194823,-958,8080,446,81,-6,34,-217127,4,2,-755,-264,36302,138,30,65,0,0,0,0,0,0,0,0,-32304,0,0,0,0,0,194828,0
194828,-962,8080,460,71,-8,40,-217127,0,4,-757,-248,36301,129,30,65,0,0,0,0,0,0,0,0,-32304,0,0,0,0,0,194833,0
194833,-928,8068,476,80,-11,34,-217127,3,2,-758,-264,36301,129,30,65,0,0,0,0,0,0,0,0,-32304,0,0,0,0,0,194838,0
194838,-936,8060,458,77,-9,33,-217128,-1,-3,-764,-256,36300,124,30,65,0,0,0,0,0,0,0,0,-32304,0,0,0,0,0,194843,0
194843,-946,8046,442,75,-9,35,-217126,3,1,-754,-256,36300,124,30,65,0,0,0,0,0,0,0,0,-32304,0,0,0,0,0,194848,0
194848,-932,8068,462,77,-14,38,-217128,-5,4,-760,-248,36299,129,30,65,0,0,0,0,0,0,0,0,-32304,0,0,0,0,0,194853,0
194853,-926,8062,458,76,-9,37,-217127,-1,2,-752,-256,36299,129,30,65,0,0,0,0,0,0,0,0,-32304,0,0,0,0,0,194858,0
194858,-954,8070,468,85,-10,38,-217126,5,1,-756,-256,36299,137,30,65,0,0,0,0,0,0,0,0,-32304,0,0,0,0,0,194863,0
194863,-936,8104,458,78,-6,40,-217128,-3,-1,-761,-256,36299,137,30,65,0,0,0,0,0,0,0,0,-32304,0,0,0,0,0,194868,0
194868,-926,8066,462,84,-7,37,-217127,-4,4,-754,-256,36300,130,30,65,0,0,0,0,0,0,0,0,-32304,0,0,0,0,0,194873,0
194873,-956,8076,448,79,-7,34,-217128,-5,-3,-755,-256,36300,130,30,65,0,0,0,0,0,0,0,0,-32304,0,0,0,0,0,194878,0
194878,-930,8114,440,72,-15,34,-217127,-1,-2,-761,-240,36304,133,30,65,0,0,0,0,0,0,0,0,-32304,0,0,0,0,0,194883,0
194883,-946,8074,438,71,-7,41,-217127,11,-1,-755,-272,36304,133,30,65,0,0,0,0,0,0,0,0,-32304,0,0,0,0,0,194888,0
194888,-928,8076,442,74,-9,37,-217127,-5,-3,-760,-248,36304,127,31,65,0,0,0,0,0,0,0,0,-32304,0,0,0,0,0,194893,0
194893,-922,8086,442,73,-11,36,-217126,5,7,-752,-256,36304,127,31,65,0,0,0,0,0,0,0,0,-32304,0,0,0,0,0,194898,0
194898,-922,8076,460,76,-15,36,-217128,3,-4,-752,-264,36304,130,30,65,0,0,0,0,0,0,0,0,-32304,0,0,0,0,0,194903,0
194903,-930,8066,454,72,-10,34,-217127,-3,0,-756,-248,36304,130,30,65,0,0,0,0,0,0,0,0,-32304,0,0,0,0,0,194908,0
194908,-910,8094,450,75,-4,27,-217126,0,2,-759,-264,36302,139,30,65,0,0,0,0,0,0,0,0,-32304,0,0,0,0,0,194913,0
194913,-934,8066,470,73,-12,33,-217126,7,0,-755,-272,36302,139,30,65,0,0,0,0,0,0,0,0,-32304,0,0,0,0,0,194918,0
194918,-930,8056,466,75,-11,32,-217127,-2,0,-759,-256,36298,142,31,65,0,0,0,0,0,0,0,0,-32304,0,0,0,0,0,194923,0
194923,-930,8100,470,72,-5,31,-217127,1,3,-752,-256,36298,142,31,65,0,0,0,0,0,0,0,0,-32304,0,0,0,0,0,194928,0
194928,-908,8068,426,76,-7,34,-217128,-2,-1,-756,-256,36298,139,30,65,0,0,0,0,0,0,0,0,-32304,0,0,0,0,0,194933,0
194933,-910,8080,462,76,-12,30,-217126,1,4,-756,-256,36298,139,30,65,0,0,0,0,0,0,0,0,-32304,0,0,0,0,0,194938,0
194938,-890,8068,434,77,-10,31,-217127,1,1,-762,-264,36299,139,31,65,0,0,0,0,0,0,0,0,-32303,0,0,0,0,0,194943,0
194943,-928,8084,442,75,-10,28,-217127,3,3,-757,-256,36299,139,31,65,0,0,0,0,0,0,0,0,-32304,0,0,0,0,0,194948,0
194948,-890,8108,426,78,-5,31,-217127,1,1,-758,-248,36299,134,30,65,0,0,0,0,0,0,0,0,-32304,0,0,0,0,0,194953,0
194953,-888,8100,424,74,-12,30,-217127,0,1,-754,-248,36299,134,30,65,0,0,0,0,0,0,0,0,-32304,0,0,0,0,0,194958,0
194958,-924,8104,440,76,-9,27,-217127,-1,3,-758,-256,36297,132,30,65,0,0,0,0,0,0,0,0,-32304,0,0,0,0,0,194963,0
194963,-902,8082,438,73,-9,25,-217127,-1,0,-758,-256,36297,132,30,65,0,0,0,0,0,0,0,0,-32303,0,0,0,0,0,194968,0
194968,-928,8078,472,78,-8,29,-217126,0,2,-757,-256,36298,131,31,65,0,0,0,0,0,0,0,0,-32304,0,0,0,0,0,194973,0
194973,-932,8084,462,75,-11,32,-217127,1,-1,-755,-264,36298,131,31,65,0,0,0,0,0,0,0,0,-32304,0,0,0,0,0,194978,0
194978,-948,8078,472,73,-9,31,-217126,5,3,-755,-256,36298,127,30,65,0,0,0,0,0,0,0,0,-32304,0,0,0,0,0,194983,0
194983,-932,8066,452,75,-7,28,-217127,-5,2,-759,-256,36298,127,30,65,0,0,0,0,0,0,0,0,-32304,0,0,0,0,0,194988,0
194988,-912,8032,458,68,-7,23,-217127,-5,2,-758,-256,36306,131,30,65,0,0,0,0,0,0,0,0,-32304,0,0,0,0,0,194993,0
194993,-962,8062,462,72,-7,28,-217127,2,-3,-757,-256,36306,131,30,65,0,0,0,0,0,0,0,0,-32304,0,0,0,0,0,194998,0
194998,-906,8084,450,76,-12,34,-217127,3,2,-761,-256,36306,132,30,65,0,0,0,0,0,0,0,0,-32303,0,0,0,0,0,195003,0
195003,-946,8054,448,76,-7,27,-217128,0,1,-758,-256,36306,132,30,65,0,0,0,0,0,0,0,0,-32304,0,0,0,0,0,195008,0
195008,-924,8070,430,76,-7,26,-217127,9,6,-751,-256,36307,131,30,65,0,0,0,0,0,0,0,0,-32304,0,0,0,0,0,195013,0
195013,-934,8080,448,79,-7,29,-217127,-3,0,-758,-248,36307,131,30,65,0,0,0,0,0,0,0,0,-32304,0,0,0,0,0,195018,0
195018,-916,8078,450,82,-6,31,-217126,8,1,-751,-264,36300,130,30,65,0,0,0,0,0,0,0,0,-32304,0,0,0,0,0,195023,0
195023,-934,8080,456,74,-8,31,-217126,1,0,-758,-264,36300,130,30,65,0,0,0,0,0,0,0,0,-32304,0,0,0,0,0,195028,0
195028,-912,8088,458,77,-10,29,-217127,3,4,-756,-264,36296,124,30,65,0,0,0,0,0,0,0,0,-32304,0,0,0,0,0,195033,0
195033,-898,8086,448,76,-4,28,-217126,1,0,-755,-256,36296,124,30,65,0,0,0,0,0,0,0,0,-32304,0,0,0,0,0,195039,0
195038,-944,8094,448,77,-12,26,-217127,-7,0,-757,-256,36298,124,31,65,0,0,0,0,0,0,0,0,-32304,0,0,0,0,0,195044,0
195043,-928,8062,466,76,-2,25,-217127,-4,-1,-756,-248,36298,124,31,65,0,0,0,0,0,0,0,0,-32304,0,0,0,0,0,195049,0
195048,-944,8080,464,76,-5,22,-217128,-3,-4,-759,-248,36302,133,30,65,0,0,0,0,0,0,0,0,-32304,0,0,0,0,0,195054,0
195053,-946,8050,452,74,-6,30,-217127,2,-4,-756,-256,36302,133,30,65,0,0,0,0,0,0,0,0,-32304,0,0,0,0,0,195059,0
195058,-940,8076,430,76,-5,29,-217127,6,0,-755,-256,36304,128,30,65,0,0,0,0,0,0,0,0,-32304,0,0,0,0,0,195064,0
195063,-924,8070,450,75,-8,25,-217126,-5,5,-757,-256,36304,128,30,65,0,0,0,0,0,0,0,0,-32304,0,0,0,0,0,195069,0
195068,-940,8080,442,77,-5,25,-217127,0,1,-747,-264,36302,127,30,65,0,0,0,0,0,0,0,0,-32304,0,0,0,0,0,195074,0
195073,-940,8100,446,74,-5,29,-217126,-2,3,-759,-256,36302,127,30,65,0,0,0,0,0,0,0,0,-32304,0,0,0,0,0,195079,0
195078,-916,8096,462,79,-6,21,-217126,8,3,-760,-264,36314,129,31,65,0,0,0,0,0,0,0,0,-32304,0,0,0,0,0,195084,0
195083,-952,8092,432,77,-4,30,-217154,-140,-63,-2125,-2000,36314,129,31,65,0,0,0,0,0,0,0,0,-32302,0,0,0,0,0,195089,0
195088,-1234,8004,370,78,-6,48,-217292,-637,-362,-2863,-2000,36308,175,31,65,0,0,0,0,0,0,0,0,-32303,0,0,0,0,0,195094,0
195093,-1328,7992,374,75,-14,44,-217437,-636,-576,-2020,-2000,36308,175,31,65,0,0,0,0,0,0,0,0,-32304,0,0,0,0,0,195099,0
195098,-938,7960,366,79,-16,56,-217562,-548,-577,-2375,-2000,36297,214,31,65,0,0,0,0,0,0,0,0,-32305,0,0,0,0,0,195104,0
195103,-902,8020,404,77,-15,49,-217672,-473,-339,-2827,-2000,36297,214,31,65,0,0,0,0,0,0,0,0,-32305,0,0,0,0,0,195109,0
195108,-918,8078,510,72,-8,42,-217765,-407,35,-3230,-2000,36263,270,31,65,0,0,0,0,0,0,0,0,-32305,0,0,0,0,0,195114,0
195113,-770,8070,474,72,-8,41,-217846,-339,236,-3530,-2000,36263,270,31,65,0,0,0,0,0,0,0,0,-32303,0,0,0,0,0,195119,0
195118,-900,8056,460,75,-4,33,-217915,-299,231,-3865,-2000,36235,299,30,65,0,0,0,0,0,0,0,0,-32302,0,0,0,0,0,195124,0
195123,-858,8078,410,71,-9,39,-217974,-242,204,-4177,-2000,36235,299,30,65,0,0,0,0,0,0,0,0,-32302,0,0,0,0,0,195129,0
195128,-948,8090,432,77,-12,40,-218028,-231,165,-4474,-2000,36206,336,30,65,0,0,0,0,0,0,0,0,-32302,0,0,0,0,0,195134,0
195133,-940,8130,424,74,-6,34,-218071,-186,152,-4527,-2000,36206,336,30,65,0,0,0,0,0,0,0,0,-32302,0,0,0,0,0,195139,0
195138,-824,8108,426,70,-5,40,-218109,-173,125,-4824,-2000,36191,362,31,65,0,0,0,0,0,0,0,0,-32304,0,0,0,0,0,195144,0
195143,-880,8096,420,74,-10,36,-218147,-172,94,-4900,-2000,36191,362,31,65,0,0,0,0,0,0,0,0,-32303,0,0,0,0,0,195149,0
195148,-886,8094,448,74,-10,21,-218178,-132,72,-4795,-2000,36180,379,30,65,0,0,0,0,0,0,0,0,-32305,0,0,0,0,0,195154,0
195153,-842,8084,428,68,-14,34,-218202,-87,73,-4991,-2000,36180,379,30,65,0,0,0,0,0,0,0,0,-32305,0,0,0,0,0,195159,0
195158,-864,8076,442,76,-7,27,-218220,-94,73,-5219,-2000,36171,393,30,65,0,0,0,0,0,0,0,0,-32305,0,0,0,0,0,195164,0
195163,-924,8116,442,77,-9,30,-218248,-124,64,-5264,-2000,36171,393,30,65,0,0,0,0,0,0,0,0,-32305,0,0,0,0,0,195169,0
195168,-926,8090,434,76,-9,28,-218266,-71,44,-5339,-2000,36162,411,31,65,0,0,0,0,0,0,0,0,-32306,0,0,0,0,0,195174,0
195173,-902,8130,420,75,-12,31,-218278,-55,32,-5415,-2000,36162,411,31,65,0,0,0,0,0,0,0,0,-32306,0,0,0,0,0,195179,0
195178,-920,8094,448,68,-8,28,-218293,-65,35,-5319,-2000,36158,420,30,65,0,0,0,0,0,0,0,0,-32306,0,0,0,0,0,195184,0
195183,-946,8082,446,76,-13,23,-218308,-56,37,-5303,-2000,36158,420,30,65,0,0,0,0,0,0,0,0,-32306,0,0,0,0,0,195189,0
195188,-786,8036,484,74,-13,-7,-218275,188,129,-3401,0,36161,418,31,65,0,0,0,0,0,0,0,0,-32305,0,0,0,0,0,195194,0
195193,-398,8086,462,73,-13,-3,-218091,850,546,-1913,0,36161,418,31,65,0,0,0,0,0,0,0,0,-32305,0,0,0,0,0,195199,0
195198,-406,8132,478,78,-4,-27,-217898,842,834,-2785,0,36213,308,30,65,0,0,0,0,0,0,0,0,-32303,0,0,0,0,0,195204,0
195203,-686,8234,510,74,-5,-7,-217731,721,822,-2279,0,36213,308,30,65,0,0,0,0,0,0,0,0,-32304,0,0,0,0,0,195209,0
195208,-1284,8088,374,70,1,-2,-217586,617,474,-1681,0,36260,202,30,65,0,0,0,0,0,0,0,0,-32305,0,0,0,0,0,195214,0
195213,-1146,8064,328,74,-11,2,-217460,546,-54,-1269,0,36260,202,30,65,0,0,0,0,0,0,0,0,-32304,0,0,0,0,0,195219,0
195218,-1132,8078,368,73,-11,2,-217350,473,-314,-966,0,36308,103,30,65,0,0,0,0,0,0,0,0,-32304,0,0,0,0,0,195224,0
195223,-1012,8086,450,67,-13,10,-217257,398,-328,-721,0,36308,103,30,65,0,0,0,0,0,0,0,0,-32305,0,0,0,0,0,195229,0
195228,-950,8034,506,73,-10,15,-217183,318,-276,-530,0,36305,103,31,65,0,0,0,0,0,0,0,0,-32304,0,0,0,0,0,195234,0
195233,-956,7966,470,73,-2,8,-217119,270,-263,-395,0,36305,103,31,65,0,0,0,0,0,0,0,0,-32304,0,0,0,0,0,195239,0
195238,-962,7966,436,75,-9,15,-217070,211,-207,-316,0,36303,108,30,65,0,0,0,0,0,0,0,0,-32304,0,0,0,0,0,195244,0
195243,-934,8006,438,78,-13,14,-217030,173,-166,-257,0,36303,108,30,65,0,0,0,0,0,0,0,0,-32304,0,0,0,0,0,195249,0
195248,-1038,8088,414,76,-10,23,-216998,150,-142,-228,0,36300,113,30,65,0,0,0,0,0,0,0,0,-32304,0,0,0,0,0,195254,0
195253,-1122,8118,428,70,-15,19,-216972,104,-142,-189,0,36300,113,30,65,0,0,0,0,0,0,0,0,-32304,0,0,0,0,0,195259,0
195258,-1018,8098,428,78,-14,27,-216956,73,-130,-126,0,36298,120,30,65,0,0,0,0,0,0,0,0,-32304,0,0,0,0,0,195264,0
195263,-964,8068,444,73,-10,23,-216940,70,-109,-112,0,36298,120,30,65,0,0,0,0,0,0,0,0,-32304,0,0,0,0,0,195269,0
195268,-894,8072,426,68,-9,27,-216930,36,-91,-88,0,36298,131,30,65,0,0,0,0,0,0,0,0,-32304,0,0,0,0,0,195274,0
195273,-894,8062,422,67,-10,29,-216927,0,-91,-29,0,36298,131,30,65,0,0,0,0,0,0,0,0,-32304,0,0,0,0,0,195279,0
195278,-886,8054,444,75,-9,28,-216927,0,-74,-3,0,36299,125,31,65,0,0,0,0,0,0,0,0,-32304,0,0,0,0,0,195284,0
195283,-924,8086,458,68,-10,21,-216926,4,-65,-2,0,36299,125,31,65,0,0,0,0,0,0,0,0,-32304,0,0,0,0,0,195289,0
195288,-938,8098,472,70,-12,23,-216928,0,-50,-3,0,36301,115,30,65,0,0,0,0,0,0,0,0,-32304,0,0,0,0,0,195294,0
195293,-926,8090,460,69,-5,23,-216927,0,-25,-4,0,36301,115,30,65,0,0,0,0,0,0,0,0,-32304,0,0,0,0,0,195299,0
195298,-892,8112,462,72,-2,21,-216926,3,0,-3,0,36302,111,30,65,0,0,0,0,0,0,0,0,-32304,0,0,0,0,0,195304,0
195303,-910,8074,454,71,-2,25,-216926,2,4,-3,0,36302,111,30,65,0,0,0,0,0,0,0,0,-32304,0,0,0,0,0,195309,0
195308,-904,8072,464,76,-3,24,-216927,4,-1,-2,0,36302,112,30,65,0,0,0,0,0,0,0,0,-32304,0,0,0,0,0,195314,0
195313,-928,8084,442,71,-11,24,-216926,-1,-6,-4,0,36302,112,30,65,0,0,0,0,0,0,0,0,-32304,0,0,0,0,0,195319,0
195318,-924,8088,422,72,-5,19,-216927,5,2,-3,0,36299,112,30,65,0,0,0,0,0,0,0,0,-32304,0,0,0,0,0,195324,0
195323,-938,8084,412,73,-15,21,-216927,0,-1,-3,0,36299,112,30,65,0,0,0,0,0,0,0,0,-32305,0,0,0,0,0,195329,0
195328,-962,8106,456,70,-13,19,-216927,7,1,-2,0,36297,123,30,65,0,0,0,0,0,0,0,0,-32305,0,0,0,0,0,195334,0
195333,-946,8090,452,74,-18,20,-216926,0,0,-2,0,36297,123,30,65,0,0,0,0,0,0,0,0,-32304,0,0,0,0,0,195339,0
195338,-956,8110,442,71,-9,18,-216927,0,2,-3,0,36299,122,31,65,0,0,0,0,0,0,0,0,-32304,0,0,0,0,0,195344,0
195343,-912,8082,442,75,-13,21,-216926,0,-2,-1,0,36299,122,31,65,0,0,0,0,0,0,0,0,-32304,0,0,0,0,0,195349,0
195348,-928,8072,454,78,-7,20,-216926,2,-1,-2,0,36300,128,30,65,0,0,0,0,0,0,0,0,-32304,0,0,0,0,0,195354,0
195353,-926,8076,426,70,-3,24,-216926,3,-2,-2,0,36300,128,30,65,0,0,0,0,0,0,0,0,-32304,0,0,0,0,0,195359,0
195358,-904,8068,452,72,-7,26,-216927,2,1,-2,0,36297,138,31,65,0,0,0,0,0,0,0,0,-32305,0,0,0,0,0,195364,0
195363,-926,8088,438,69,-12,22,-216928,-4,1,-2,0,36297,138,31,65,0,0,0,0,0,0,0,0,-32304,0,0,0,0,0,195369,0
195368,-930,8076,436,79,1,17,-216928,-4,0,-2,0,36296,130,30,65,0,0,0,0,0,0,0,0,-32304,0,0,0,0,0,195374,0
195373,-922,8070,452,78,-1,20,-216927,1,2,-2,0,36296,130,30,65,0,0,0,0,0,0,0,0,-32304,0,0,0,0,0,195379,0
195378,-924,8072,436,75,-3,19,-216927,-1,6,-4,0,36297,124,30,65,0,0,0,0,0,0,0,0,-32304,0,0,0,0,0,195384,0
195383,-912,8094,440,74,0,23,-216926,6,3,-3,0,36297,124,30,65,0,0,0,0,0,0,0,0,-32305,0,0,0,0,0,195389,0
195388,-930,8084,414,73,-9,25,-216927,-2,-3,-3,0,36298,124,31,65,0,0,0,0,0,0,0,0,-32304,0,0,0,0,0,195394,0
195393,-920,8106,436,72,-6,22,-216927,2,1,-2,0,36298,124,31,65,0,0,0,0,0,0,0,0,-32304,0,0,0,0,0,195399,0
195398,-948,8094,428,77,-7,22,-216926,0,-3,0,0,36298,109,30,65,0,0,0,0,0,0,0,0,-32305,0,0,0,0,0,195404,0
195403,-960,8058,440,72,-10,20,-216928,-6,1,-1,0,36298,109,30,65,0,0,0,0,0,0,0,0,-32304,0,0,0,0,0,195409,0
195408,-982,8074,420,78,-7,25,-216927,1,2,-2,0,36300,117,31,65,0,0,0,0,0,0,0,0,-32304,0,0,0,0,0,195414,0
195413,-942,8060,422,73,-9,25,-216926,10,0,-1,0,36300,117,31,65,0,0,0,0,0,0,0,0,-32304,0,0,0,0,0,195419,0
195418,-998,8058,428,64,-8,22,-216927,2,2,-3,0,36299,112,31,65,0,0,0,0,0,0,0,0,-32305,0,0,0,0,0,195424,0
195423,-958,8084,432,75,-12,23,-216927,-2,2,-4,0,36299,112,31,65,0,0,0,0,0,0,0,0,-32304,0,0,0,0,0,195429,0
195428,-942,8094,412,72,-10,27,-216926,7,2,-2,0,36298,104,30,65,0,0,0,0,0,0,0,0,-32304,0,0,0,0,0,195434,0
195433,-928,8112,430,67,-8,25,-216927,-1,1,-2,0,36298,104,30,65,0,0,0,0,0,0,0,0,-32304,0,0,0,0,0,195439,0
195438,-930,8076,424,74,-10,26,-216927,-4,2,-3,0,36294,121,30,65,0,0,0,0,0,0,0,0,-32304,0,0,0,0,0,195444,0
195443,-930,8074,432,72,-10,30,-216926,-2,-4,-1,0,36294,121,30,65,0,0,0,0,0,0,0,0,-32304,0,0,0,0,0,195449,0
195448,-946,8076,418,68,-10,29,-216927,0,5,0,0,36294,125,30,65,0,0,0,0,0,0,0,0,-32304,0,0,0,0,0,195454,0
195453,-932,8106,424,67,-9,28,-216927,-3,4,-2,0,36294,125,30,65,0,0,0,0,0,0,0,0,-32304,0,0,0,0,0,195459,0
195458,-942,8058,420,64,-7,29,-216927,-4,0,-4,0,36295,125,30,65,0,0,0,0,0,0,0,0,-32304,0,0,0,0,0,195464,0
195463,-946,8050,420,67,-5,25,-216926,5,2,-3,0,36295,125,30,65,0,0,0,0,0,0,0,0,-32304,0,0,0,0,0,195469,0
195468,-950,8056,414,71,-12,28,-216927,-3,6,-3,0,36297,118,30,65,0,0,0,0,0,0,0,0,-32304,0,0,0,0,0,195474,0
195473,-976,8064,434,70,-6,30,-216926,-1,1,-4,0,36297,118,30,65,0,0,0,0,0,0,0,0,-32304,0,0,0,0,0,195479,0
195478,-942,8070,430,64,-5,28,-216927,-1,2,-2,0,36299,122,31,65,0,0,0,0,0,0,0,0,-32304,0,0,0,0,0,195484,0
195483,-968,8090,442,63,-13,28,-216926,1,2,-2,0,36299,122,31,65,0,0,0,0,0,0,0,0,-32304,0,0,0,0,0,195489,0
195488,-980,8046,408,69,-12,31,-216926,-2,0,-3,0,36299,129,30,65,0,0,0,0,0,0,0,0,-32304,0,0,0,0,0,195494,0
195493,-928,8088,434,74,-15,26,-216926,-1,1,-3,0,36299,129,30,65,0,0,0,0,0,0,0,0,-32305,0,0,0,0,0,195499,0
195498,-920,8084,444,63,-13,31,-216928,-4,2,-3,0,36297,133,30,65,0,0,0,0,0,0,0,0,-32304,0,0,0,0,0,195504,0
195503,-922,8060,434,72,-12,30,-216925,8,0,0,0,36297,133,30,65,0,0,0,0,0,0,0,0,-32305,0,0,0,0,0,195509,0
195508,-918,8076,422,66,-16,30,-216927,-3,2,0,0,36299,131,30,65,0,0,0,0,0,0,0,0,-32305,0,0,0,0,0,195514,0
195513,-920,8096,450,61,-18,33,-216926,5,5,-3,0,36299,131,30,65,0,0,0,0,0,0,0,0,-32305,0,0,0,0,0,195519,0
195518,-922,8076,446,68,-13,32,-216926,0,0,-3,0,36300,134,30,65,0,0,0,0,0,0,0,0,-32304,0,0,0,0,0,195524,0
195523,-942,8060,454,67,-13,28,-216926,-2,-1,-2,0,36300,134,30,65,0,0,0,0,0,0,0,0,-32305,0,0,0,0,0,195529,0
195528,-930,8090,442,64,-13,33,-216926,0,-2,-3,0,36305,136,31,65,0,0,0,0,0,0,0,0,-32304,0,0,0,0,0,195534,0
195533,-940,8092,444,65,-8,32,-216926,-10,0,-1,0,36305,136,31,65,0,0,0,0,0,0,0,0,-32304,0,0,0,0,0,195539,0
195538,-940,8084,446,65,-8,29,-216925,1,1,-3,0,36304,121,30,65,0,0,0,0,0,0,0,0,-32305,0,0,0,0,0,195544,0
195543,-918,8106,430,67,-5,30,-216927,-3,2,-3,0,36304,121,30,65,0,0,0,0,0,0,0,0,-32304,0,0,0,0,0,195549,0
195548,-958,8068,430,68,-12,31,-216926,-2,-1,-3,0,36302,118,30,65,0,0,0,0,0,0,0,0,-32304,0,0,0,0,0,195554,0
195553,-918,8076,440,64,-6,31,-216926,-3,-1,-2,0,36302,118,30,65,0,0,0,0,0,0,0,0,-32305,0,0,0,0,0,195559,0
195558,-940,8076,468,68,-11,29,-216926,-6,5,-2,0,36301,115,31,65,0,0,0,0,0,0,0,0,-32305,0,0,0,0,0,195564,0
195563,-944,8078,440,65,-10,31,-216926,1,4,-3,0,36301,115,31,65,0,0,0,0,0,0,0,0,-32304,0,0,0,0,0,195569,0
195568,-930,8056,438,70,-9,26,-216926,-6,0,-4,0,36298,116,30,65,0,0,0,0,0,0,0,0,-32304,0,0,0,0,0,195574,0
195573,-908,8110,444,65,-9,35,-216925,0,0,-4,0,36298,116,30,65,0,0,0,0,0,0,0,0,-32305,0,0,0,0,0,195579,0
195578,-934,8080,432,69,-6,25,-216925,1,2,-3,0,36297,121,31,65,0,0,0,0,0,0,0,0,-32304,0,0,0,0,0,195584,0
195583,-928,8086,422,65,-13,34,-216925,4,2,-2,0,36297,121,31,65,0,0,0,0,0,0,0,0,-32304,0,0,0,0,0,195589,0
195588,-918,8074,432,69,-4,28,-216926,-3,-1,-4,0,36297,118,30,65,0,0,0,0,0,0,0,0,-32304,0,0,0,0,0,195594,0
195593,-920,8086,446,72,-8,28,-216924,0,-3,-3,0,36297,118,30,65,0,0,0,0,0,0,0,0,-32304,0,0,0,0,0,195599,0
195598,-904,8104,440,68,-11,27,-216926,-4,0,-3,0,36297,120,30,65,0,0,0,0,0,0,0,0,-32304,0,0,0,0,0,195604,0
195603,-890,8074,448,67,-9,26,-216925,0,2,-2,0,36297,120,30,65,0,0,0,0,0,0,0,0,-32304,0,0,0,0,0,195609,0
195608,-944,8078,434,62,-8,29,-216925,1,-4,-1,0,36297,126,30,65,0,0,0,0,0,0,0,0,-32304,0,0,0,0,0,195614,0
195613,-924,8064,426,70,-9,25,-216926,-7,-1,-2,0,36297,126,30,65,0,0,0,0,0,0,0,0,-32304,0,0,0,0,0,195619,0
195618,-928,8064,448,69,-8,29,-216925,2,0,-3,0,36300,132,31,65,0,0,0,0,0,0,0,0,-32305,0,0,0,0,0,195624,0
195623,-926,8090,438,66,-7,25,-216925,0,-1,-1,0,36300,132,31,65,0,0,0,0,0,0,0,0,-32304,0,0,0,0,0,195629,0
195628,-934,8094,448,65,-6,29,-216925,3,2,-4,0,36300,134,31,65,0,0,0,0,0,0,0,0,-32304,0,0,0,0,0,195634,0
195633,-954,8074,428,67,-12,29,-216923,2,-3,-3,0,36300,134,31,65,0,0,0,0,0,0,0,0,-32304,0,0,0,0,0,195639,0
195638,-946,8100,416,60,-12,29,-216925,3,3,-4,0,36301,131,31,65,0,0,0,0,0,0,0,0,-32304,0,0,0,0,0,195644,0
195643,-940,8090,458,68,-12,31,-216924,6,-3,-2,0,36301,131,31,65,0,0,0,0,0,0,0,0,-32304,0,0,0,0,0,195649,0
195648,-944,8086,436,63,-11,29,-216924,1,-7,-3,0,36300,131,30,65,0,0,0,0,0,0,0,0,-32304,0,0,0,0,0,195654,0
195653,-944,8096,442,66,-4,31,-216925,-5,0,-3,0,36300,131,30,65,0,0,0,0,0,0,0,0,-32304,0,0,0,0,0,195659,0
195658,-944,8100,434,64,-12,33,-216925,-3,-2,-2,0,36299,132,30,65,0,0,0,0,0,0,0,0,-32304,0,0,0,0,0,195664,0
195663,-932,8108,412,56,-11,36,-216925,0,-3,-4,0,36299,132,30,65,0,0,0,0,0,0,0,0,-32304,0,0,0,0,0,195669,0
195668,-916,8116,438,56,-4,33,-216924,4,-2,-3,0,36299,130,30,65,0,0,0,0,0,0,0,0,-32304,0,0,0,0,0,195674,0
195673,-888,8112,446,60,-1,32,-216924,1,2,-3,0,36299,130,30,65,0,0,0,0,0,0,0,0,-32304,0,0,0,0,0,195679,0
195678,-928,8134,434,57,1,33,-216924,5,2,-4,0,36299,127,31,65,0,0,0,0,0,0,0,0,-32305,0,0,0,0,0,195684,0
195683,-890,8138,428,59,-5,36,-216924,-1,-3,-4,0,36299,127,31,65,0,0,0,0,0,0,0,0,-32304,0,0,0,0,0,195689,0
195688,-930,8130,464,61,-2,37,-216923,2,1,-6,0,36301,129,30,65,0,0,0,0,0,0,0,0,-32304,0,0,0,0,0,195694,0
195693,-964,8090,458,59,5,38,-216924,-3,-2,-6,0,36301,129,30,65,0,0,0,0,0,0,0,0,-32305,0,0,0,0,0,195699,0
195698,-1006,8084,456,61,0,42,-216923,-4,2,-7,0,36300,139,30,65,0,0,0,0,0,0,0,0,-32304,0,0,0,0,0,195704,0
195703,-1004,8052,430,61,-7,38,-216922,5,2,-8,0,36300,139,30,65,0,0,0,0,0,0,0,0,-32304,0,0,0,0,0,195709,0
195708,-1042,8012,496,64,3,51,-216922,-2,0,-9,0,36300,139,30,65,0,0,0,0,0,0,0,0,-32304,0,0,0,0,0,195714,0
195713,-1076,8114,502,59,0,51,-216920,1,1,-8,0,36300,139,30,65,0,0,0,0,0,0,0,0,-32304,0,0,0,0,0,195719,0
195718,-1068,8014,496,63,1,53,-216919,3,1,-10,0,36303,139,30,65,0,0,0,0,0,0,0,0,-32304,0,0,0,0,0,195724,0
195723,-1050,8014,530,70,-1,65,-216918,2,5,-13,0,36303,139,30,65,0,0,0,0,0,0,0,0,-32305,0,0,0,0,0,195729,0
195728,-1108,7994,536,71,-1,70,-216916,11,0,-17,0,36303,127,31,65,0,0,0,0,0,0,0,0,-32304,0,0,0,0,0,195734,0
195733,-1110,7944,562,69,-2,74,-216914,6,4,-18,0,36303,127,31,65,0,0,0,0,0,0,0,0,-32304,0,0,0,0,0,195739,0
195738,-1120,7992,564,77,-1,73,-216913,9,4,-23,0,36301,127,30,65,0,0,0,0,0,0,0,0,-32305,0,0,0,0,0,195744,0
195743,-1084,7998,578,78,0,84,-216909,18,8,-30,0,36301,127,30,65,0,0,0,0,0,0,0,0,-32304,0,0,0,0,0,195749,0
195748,-1088,8004,600,93,4,93,-216902,29,15,-42,0,36297,136,31,65,0,0,0,0,0,0,0,0,-32305,0,0,0,0,0,195754,0
195753,-1106,8006,600,94,-6,98,-216894,44,24,-68,0,36297,136,31,65,0,0,0,0,0,0,0,0,-32304,0,0,0,0,0,195759,0
195758,-1098,8002,598,101,-8,102,-216878,76,48,-109,0,36298,137,30,65,0,0,0,0,0,0,0,0,-32304,0,0,0,0,0,195764,0
195763,-1066,8008,622,104,-9,108,-216860,78,55,-125,0,36298,137,30,65,0,0,0,0,0,0,0,0,-32305,0,0,0,0,0,195769,0
195768,-1088,8054,596,112,-8,114,-216852,37,29,-76,0,36301,133,30,65,0,0,0,0,0,0,0,0,-32304,0,0,0,0,0,195774,0
195773,-1126,8014,582,108,-6,119,-216851,5,-16,-21,0,36301,133,30,65,0,0,0,0,0,0,0,0,-32304,0,0,0,0,0,195779,0
195778,-1084,8026,556,121,-16,125,-216851,4,-60,-6,0,36302,126,31,65,0,0,0,0,0,0,0,0,-32304,0,0,0,0,0,195784,0
195783,-1052,8032,522,121,-13,130,-216853,-6,-70,-6,0,36302,126,31,65,0,0,0,0,0,0,0,0,-32304,0,0,0,0,0,195789,0
195788,-944,8100,518,129,-18,128,-216851,0,-40,-5,0,36300,122,30,65,0,0,0,0,0,0,0,0,-32305,0,0,0,0,0,195794,0
195793,-918,8114,504,131,-32,133,-216851,5,-8,-4,0,36300,122,30,65,0,0,0,0,0,0,0,0,-32305,0,0,0,0,0,195799,0
195798,-922,8102,520,130,-33,129,-216851,1,-1,-4,0,36297,128,30,65,0,0,0,0,0,0,0,0,-32304,0,0,0,0,0,195804,0
195803,-888,8114,482,131,-35,129,-216853,-5,0,-5,0,36297,128,30,65,0,0,0,0,0,0,0,0,-32304,0,0,0,0,0,195809,0
195808,-910,8128,428,137,-37,128,-216851,0,1,-7,0,36295,126,30,65,0,0,0,0,0,0,0,0,-32305,0,0,0,0,0,195814,0
195813,-846,8092,416,133,-49,129,-216852,-8,-3,-10,0,36295,126,30,65,0,0,0,0,0,0,0,0,-32304,0,0,0,0,0,195819,0
195818,-840,8108,368,133,-48,123,-216849,7,5,-15,0,36297,130,30,65,0,0,0,0,0,0,0,0,-32304,0,0,0,0,0,195824,0
195823,-838,8122,348,134,-49,121,-216846,11,13,-18,0,36297,130,30,65,0,0,0,0,0,0,0,0,-32304,0,0,0,0,0,195829,0
195828,-800,8140,286,126,-58,116,-216843,16,14,-31,0,36300,147,30,65,0,0,0,0,0,0,0,0,-32304,0,0,0,0,0,195834,0
195833,-802,8084,238,122,-62,109,-216840,19,13,-44,0,36300,147,30,65,0,0,0,0,0,0,0,0,-32304,0,0,0,0,0,195839,0
195838,-778,8140,242,124,-66,104,-216830,41,26,-68,0,36301,149,30,65,0,0,0,0,0,0,0,0,-32305,0,0,0,0,0,195844,0
195843,-682,8234,234,113,-68,97,-216815,69,41,-109,0,36301,149,30,65,0,0,0,0,0,0,0,0,-32304,0,0,0,0,0,195849,0
195848,-482,8244,232,106,-67,79,-216797,72,61,-134,0,36302,152,30,65,0,0,0,0,0,0,0,0,-32304,0,0,0,0,0,195854,0
195853,-528,8284,246,96,-69,67,-216785,46,42,-97,0,36302,152,30,65,0,0,0,0,0,0,0,0,-32304,0,0,0,0,0,195859,0
195858,-694,8306,280,90,-73,65,-216781,17,-7,-46,0,36299,145,30,65,0,0,0,0,0,0,0,0,-32304,0,0,0,0,0,195864,0
195863,-914,8212,118,89,-83,61,-216779,5,-48,-26,0,36299,145,30,65,0,0,0,0,0,0,0,0,-32304,0,0,0,0,0,195869,0
195868,-1076,8240,184,61,-142,50,-216775,14,-61,-36,0,36298,137,30,65,0,0,0,0,0,0,0,0,-32305,0,0,0,0,0,195874,0
195873,-1092,8110,292,52,-198,31,-216766,42,-26,-61,0,36298,137,30,65,0,0,0,0,0,0,0,0,-32305,0,0,0,0,0,195879,0
195878,-784,8080,92,45,-239,24,-216752,63,24,-107,0,36297,126,30,65,0,0,0,0,0,0,0,0,-32304,0,0,0,0,0,195884,0
195883,-560,8228,6,51,-260,4,-216733,87,58,-149,0,36297,126,30,65,0,0,0,0,0,0,0,0,-32304,0,0,0,0,0,195889,0
195888,-426,8368,64,38,-276,-12,-216718,60,51,-127,0,36298,128,30,65,0,0,0,0,0,0,0,0,-32304,0,0,0,0,0,195894,0
195893,-500,8288,84,38,-292,-26,-216707,47,20,-94,0,36298,128,30,65,0,0,0,0,0,0,0,0,-32304,0,0,0,0,0,195899,0
195898,-554,8302,226,22,-305,-38,-216691,72,-2,-117,0,36298,127,30,65,0,0,0,0,0,0,0,0,-32304,0,0,0,0,0,195904,0
195903,-576,8280,250,21,-324,-51,-216664,114,15,-173,0,36298,127,30,65,0,0,0,0,0,0,0,0,-32305,0,0,0,0,0,195909,0
195908,-966,8574,422,3,-352,-75,-216639,114,39,-179,0,36298,127,30,65,0,0,0,0,0,0,0,0,-32304,0,0,0,0,0,195914,0
195913,-592,8254,60,-4,-374,-86,-216608,144,67,-189,0,36298,127,30,65,0,0,0,0,0,0,0,0,-32305,0,0,0,0,0,195919,0
195918,-744,8202,126,-3,-382,-99,-216577,139,63,-212,0,36298,127,30,65,0,0,0,0,0,0,0,0,-32304,0,0,0,0,0,195924,0
195923,-684,8280,140,-14,-403,-109,-216541,166,50,-231,0,36298,127,30,65,0,0,0,0,0,0,0,0,-32304,0,0,0,0,0,195929,0
195928,-742,8148,134,-14,-450,-128,-216503,167,42,-253,0,36304,126,30,65,0,0,0,0,0,0,0,0,-32304,0,0,0,0,0,195934,0
195933,-728,8170,218,-20,-474,-130,-216465,174,42,-261,0,36304,126,30,65,0,0,0,0,0,0,0,0,-32304,0,0,0,0,0,195939,0
195938,-782,8120,226,-15,-497,-130,-216431,143,12,-245,0,36304,129,30,65,0,0,0,0,0,0,0,0,-32304,0,0,0,0,0,195944,0
195943,-752,8128,306,-23,-525,-116,-216394,171,10,-237,0,36304,129,30,65,0,0,0,0,0,0,0,0,-32304,0,0,0,0,0,195949,0
195948,-558,8096,264,-25,-586,-94,-216359,147,-13,-225,0,36305,129,30,65,0,0,0,0,0,0,0,0,-32304,0,0,0,0,0,195954,0
195953,-422,8100,294,-29,-606,-78,-216323,158,-1,-222,0,36305,129,30,65,0,0,0,0,0,0,0,0,-32305,0,0,0,0,0,195959,0
195958,-332,8114,290,-33,-642,-63,-216292,139,-16,-203,0,36299,126,30,65,0,0,0,0,0,0,0,0,-32304,0,0,0,0,0,195964,0
195963,-238,8120,356,-31,-675,-40,-216256,152,-6,-218,0,36299,126,30,65,0,0,0,0,0,0,0,0,-32304,0,0,0,0,0,195969,0
195968,-42,8136,480,-31,-729,0,-216220,159,-3,-230,0,36301,135,30,65,0,0,0,0,0,0,0,0,-32305,0,0,0,0,0,195974,0
195973,18,8186,530,-34,-760,28,-216183,167,3,-245,0,36301,135,30,65,0,0,0,0,0,0,0,0,-32305,0,0,0,0,0,195979,0
195978,82,8140,546,-35,-786,63,-216152,143,2,-225,0,36300,131,31,65,0,0,0,0,0,0,0,0,-32304,0,0,0,0,0,195984,0
195983,88,8270,580,-35,-818,106,-216118,139,-5,-215,0,36300,131,31,65,0,0,0,0,0,0,0,0,-32304,0,0,0,0,0,195989,0
195988,202,8340,782,-53,-883,193,-216084,152,-8,-219,0,36300,130,30,65,0,0,0,0,0,0,0,0,-32305,0,0,0,0,0,195994,0
195993,258,8396,764,-52,-902,232,-216049,155,-6,-233,0,36300,130,30,65,0,0,0,0,0,0,0,0,-32305,0,0,0,0,0,195999,0
195998,520,8426,716,-45,-903,279,-216018,143,-4,-222,0,36302,129,30,65,0,0,0,0,0,0,0,0,-32305,0,0,0,0,0,196004,0
196003,334,8546,560,-24,-914,323,-215989,120,-13,-203,0,36302,129,30,65,0,0,0,0,0,0,0,0,-32305,0,0,0,0,0,196009,0
196008,146,8504,640,-38,-971,437,-215969,86,-33,-162,0,36305,136,30,65,0,0,0,0,0,0,0,0,-32305,0,0,0,0,0,196014,0
196013,244,8508,718,-25,-1005,493,-215946,98,-59,-164,0,36305,136,30,65,0,0,0,0,0,0,0,0,-32304,0,0,0,0,0,196019,0
196018,242,8546,752,-27,-1037,555,-215934,54,-68,-121,0,36304,135,30,65,0,0,0,0,0,0,0,0,-32305,0,0,0,0,0,196024,0
196023,246,8626,720,-18,-1065,618,-215930,12,-83,-48,0,36304,135,30,65,0,0,0,0,0,0,0,0,-32304,0,0,0,0,0,196029,0
196028,212,8724,798,-7,-1121,709,-215931,-5,-89,-6,0,36304,137,30,65,0,0,0,0,0,0,0,0,-32304,0,0,0,0,0,196034,0
196033,146,8792,686,5,-1139,750,-215930,-2,-87,-2,0,36304,137,30,65,0,0,0,0,0,0,0,0,-32304,0,0,0,0,0,196040,0
196038,80,8862,704,13,-1161,803,-215929,2,-56,-3,0,36305,126,30,65,0,0,0,0,0,0,0,0,-32304,0,0,0,0,0,196045,0
196043,82,8804,700,14,-1191,832,-215930,3,-26,-1,0,36305,126,30,65,0,0,0,0,0,0,0,0,-32305,0,0,0,0,0,196050,0
196048,-34,8764,650,35,-1235,874,-215932,-6,-6,0,0,36303,133,30,65,0,0,0,0,0,0,0,0,-32304,0,0,0,0,0,196055,0
196053,-128,8732,624,46,-1263,893,-215932,-4,-4,0,0,36303,133,30,65,0,0,0,0,0,0,0,0,-32304,0,0,0,0,0,196060,0
196058,-180,8692,642,46,-1273,918,-215931,-2,-3,0,0,36302,127,30,65,0,0,0,0,0,0,0,0,-32304,0,0,0,0,0,196065,0
196063,-254,8666,618,55,-1293,933,-215932,7,-2,0,0,36302,127,30,65,0,0,0,0,0,0,0,0,-32304,0,0,0,0,0,196070,0
196068,-286,8596,568,59,-1324,963,-215934,-1,-1,0,0,36297,124,31,65,0,0,0,0,0,0,0,0,-32304,0,0,0,0,0,196075,0
196073,-308,8570,592,66,-1341,963,-215933,-2,-2,2,0,36297,124,31,65,0,0,0,0,0,0,0,0,-32304,0,0,0,0,0,196080,0
196078,-326,8554,584,74,-1346,972,-215934,-1,1,3,0,36297,128,30,65,0,0,0,0,0,0,0,0,-32304,0,0,0,0,0,196087,0
196083,-332,8554,594,71,-1353,975,-215937,-14,-6,6,0,36297,128,30,65,0,0,0,0,0,0,0,0,-32304,0,0,0,0,0,196090,0
196088,-324,8526,612,81,-1357,969,-215937,-12,-4,5,0,36295,125,30,65,0,0,0,0,0,0,0,0,-32304,0,0,0,0,0,196095,0
196093,-330,8516,596,76,-1358,957,-215938,-6,-3,5,0,36295,125,30,65,0,0,0,0,0,0,0,0,-32304,0,0,0,0,0,196100,0
196098,-368,8514,626,81,-1357,942,-215938,0,-2,5,0,36291,130,30,65,0,0,0,0,0,0,0,0,-32304,0,0,0,0,0,196105,0
196103,-362,8484,618,79,-1344,933,-215939,-6,1,4,0,36291,130,30,65,0,0,0,0,0,0,0,0,-32304,0,0,0,0,0,196110,0
196108,-398,8390,624,72,-1337,894,-215940,-4,1,3,0,36291,136,30,65,0,0,0,0,0,0,0,0,-32304,0,0,0,0,0,196115,0
196113,-358,8400,646,65,-1331,875,-215941,-6,3,2,0,36291,136,30,65,0,0,0,0,0,0,0,0,-32304,0,0,0,0,0,196120,0
196118,-386,8390,672,59,-1329,849,-215942,-4,1,3,0,36295,139,31,65,0,0,0,0,0,0,0,0,-32304,0,0,0,0,0,196125,0
196123,-388,8334,696,53,-1314,826,-215942,1,-2,2,0,36295,139,31,65,0,0,0,0,0,0,0,0,-32305,0,0,0,0,0,196130,0
196128,-390,8310,716,46,-1284,770,-215943,-2,4,0,0,36299,133,30,65,0,0,0,0,0,0,0,0,-32304,0,0,0,0,0,196135,0
196133,-406,8282,706,34,-1267,743,-215943,0,0,-2,0,36299,133,30,65,0,0,0,0,0,0,0,0,-32304,0,0,0,0,0,196140,0
196138,-410,8250,716,35,-1258,722,-215944,-8,1,0,0,36303,136,30,65,0,0,0,0,0,0,0,0,-32304,0,0,0,0,0,196145,0
196143,-438,8192,728,21,-1246,693,-215942,3,4,-2,0,36303,136,30,65,0,0,0,0,0,0,0,0,-32304,0,0,0,0,0,196150,0
196148,-432,8124,720,10,-1212,642,-215942,4,3,-2,0,36303,132,31,65,0,0,0,0,0,0,0,0,-32305,0,0,0,0,0,196155,0
196153,-452,8076,732,-8,-1207,624,-215943,0,1,-3,0,36303,132,31,65,0,0,0,0,0,0,0,0,-32304,0,0,0,0,0,196160,0
196158,-456,8036,738,-12,-1187,605,-215943,0,0,-6,0,36304,138,30,65,0,0,0,0,0,0,0,0,-32304,0,0,0,0,0,196165,0
196163,-436,7930,736,-24,-1169,584,-215943,3,1,-4,0,36304,138,30,65,0,0,0,0,0,0,0,0,-32304,0,0,0,0,0,196170,0
196168,-478,7826,700,-38,-1139,557,-215944,-2,-2,-2,0,36298,137,31,65,0,0,0,0,0,0,0,0,-32305,0,0,0,0,0,196175,0
196173,-456,7782,720,-45,-1126,545,-215944,-2,-3,-2,0,36298,137,31,65,0,0,0,0,0,0,0,0,-32304,0,0,0,0,0,196180,0
196178,-488,7722,696,-52,-1112,533,-215945,-8,-4,-3,0,36296,134,30,65,0,0,0,0,0,0,0,0,-32304,0,0,0,0,0,196185,0
196183,-428,7668,722,-57,-1096,520,-215943,2,-3,-3,0,36296,134,30,65,0,0,0,0,0,0,0,0,-32304,0,0,0,0,0,196190,0
196188,-466,7622,690,-61,-1066,503,-215943,3,0,-3,0,36298,144,30,65,0,0,0,0,0,0,0,0,-32305,0,0,0,0,0,196195,0
196193,-474,7594,660,-65,-1055,486,-215944,-4,-3,-2,0,36298,144,30,65,0,0,0,0,0,0,0,0,-32305,0,0,0,0,0,196200,0
196198,-454,7568,640,-68,-1041,478,-215944,0,0,-1,0,36299,151,31,65,0,0,0,0,0,0,0,0,-32304,0,0,0,0,0,196205,0
196203,-486,7520,640,-69,-1032,473,-215943,0,1,-3,0,36299,151,31,65,0,0,0,0,0,0,0,0,-32305,0,0,0,0,0,196210,0
196208,-514,7484,602,-72,-1004,460,-215944,-4,-2,-3,0,36297,137,30,65,0,0,0,0,0,0,0,0,-32304,0,0,0,0,0,196215,0
196213,-536,7528,624,-66,-987,453,-215942,8,2,-3,0,36297,137,30,65,0,0,0,0,0,0,0,0,-32305,0,0,0,0,0,196220,0
196218,-538,7488,640,-62,-973,448,-215945,-5,-2,-2,0,36295,134,31,65,0,0,0,0,0,0,0,0,-32304,0,0,0,0,0,196225,0
196223,-522,7478,624,-61,-952,442,-215943,0,1,-3,0,36295,134,31,65,0,0,0,0,0,0,0,0,-32304,0,0,0,0,0,196230,0
196228,-568,7452,582,-54,-925,436,-215943,2,-1,-4,0,36297,132,30,65,0,0,0,0,0,0,0,0,-32304,0,0,0,0,0,196235,0
196233,-588,7448,590,-49,-911,430,-215944,0,1,-4,0,36297,132,30,65,0,0,0,0,0,0,0,0,-32304,0,0,0,0,0,196240,0
196238,-598,7470,604,-43,-889,431,-215943,1,-2,-2,0,36303,135,30,65,0,0,0,0,0,0,0,0,-32304,0,0,0,0,0,196245,0
196243,-638,7470,566,-38,-876,425,-215943,4,-1,-4,0,36303,135,30,65,0,0,0,0,0,0,0,0,-32304,0,0,0,0,0,196250,0
196248,-608,7430,572,-22,-842,413,-215943,3,-1,-3,0,36305,139,30,65,0,0,0,0,0,0,0,0,-32304,0,0,0,0,0,196255,0
196253,-692,7446,570,-14,-825,407,-215943,1,-1,-2,0,36305,139,30,65,0,0,0,0,0,0,0,0,-32304,0,0,0,0,0,196260,0
196258,-658,7414,568,-8,-810,396,-215943,-1,-4,-3,0,36305,127,30,65,0,0,0,0,0,0,0,0,-32304,0,0,0,0,0,196265,0
196263,-684,7404,554,1,-787,395,-215944,-1,1,-2,0,36305,127,30,65,0,0,0,0,0,0,0,0,-32304,0,0,0,0,0,196270,0
196268,-678,7442,566,11,-756,379,-215944,3,-3,-2,0,36301,130,31,65,0,0,0,0,0,0,0,0,-32304,0,0,0,0,0,196275,0
196273,-716,7446,568,13,-735,372,-215943,-2,-4,-1,0,36301,130,31,65,0,0,0,0,0,0,0,0,-32304,0,0,0,0,0,196280,0
196278,-724,7476,568,16,-720,357,-215942,7,0,-2,0,36299,126,31,65,0,0,0,0,0,0,0,0,-32304,0,0,0,0,0,196285,0
196283,-748,7454,568,22,-706,347,-215943,-2,1,-2,0,36299,126,31,65,0,0,0,0,0,0,0,0,-32304,0,0,0,0,0,196290,0
196288,-744,7474,574,25,-670,326,-215944,-1,-4,-1,0,36298,126,31,65,0,0,0,0,0,0,0,0,-32304,0,0,0,0,0,196295,0
196293,-746,7538,566,24,-648,310,-215944,-2,-5,-1,0,36298,126,31,65,0,0,0,0,0,0,0,0,-32304,0,0,0,0,0,196300,0
196298,-758,7560,562,29,-632,298,-215945,-2,-1,-2,0,36297,129,30,65,0,0,0,0,0,0,0,0,-32305,0,0,0,0,0,196305,0
196303,-756,7586,590,28,-618,282,-215945,-3,1,-1,0,36297,129,30,65,0,0,0,0,0,0,0,0,-32304,0,0,0,0,0,196310,0
196308,-748,7674,590,26,-583,247,-215945,-2,5,0,0,36298,126,30,65,0,0,0,0,0,0,0,0,-32304,0,0,0,0,0,196315,0
196313,-780,7706,566,30,-569,232,-215945,-3,5,-1,0,36298,126,30,65,0,0,0,0,0,0,0,0,-32304,0,0,0,0,0,196320,0
196318,-758,7754,614,33,-553,214,-215946,-10,0,-1,0,36299,128,30,65,0,0,0,0,0,0,0,0,-32305,0,0,0,0,0,196325,0
196323,-768,7802,586,27,-529,196,-215944,-1,6,-3,0,36299,128,30,65,0,0,0,0,0,0,0,0,-32304,0,0,0,0,0,196330,0
196328,-774,7898,608,31,-495,155,-215945,2,4,-2,0,36299,131,30,65,0,0,0,0,0,0,0,0,-32304,0,0,0,0,0,196335,0
196333,-772,7940,614,31,-481,143,-215945,3,6,-2,0,36299,131,30,65,0,0,0,0,0,0,0,0,-32304,0,0,0,0,0,196340,0
196338,-772,7954,598,30,-464,119,-215945,5,2,-2,0,36297,138,31,65,0,0,0,0,0,0,0,0,-32304,0,0,0,0,0,196345,0
196343,-770,8000,600,27,-447,100,-215945,0,4,-3,0,36297,138,31,65,0,0,0,0,0,0,0,0,-32304,0,0,0,0,0,196350,0
196348,-742,8044,588,29,-408,66,-215945,1,4,-4,0,36299,139,30,65,0,0,0,0,0,0,0,0,-32304,0,0,0,0,0,196355,0
196353,-752,8052,596,31,-395,46,-215946,-3,1,-1,0,36299,139,30,65,0,0,0,0,0,0,0,0,-32304,0,0,0,0,0,196360,0
196358,-714,8074,566,29,-377,32,-215945,-1,0,-3,0,36308,143,30,65,0,0,0,0,0,0,0,0,-32304,0,0,0,0,0,196365,0
196363,-746,8096,568,30,-358,18,-215945,-1,-4,-3,0,36308,143,30,65,0,0,0,0,0,0,0,0,-32305,0,0,0,0,0,196370,0
196368,-684,8098,558,34,-328,-17,-215946,-1,5,-4,0,36313,147,31,65,0,0,0,0,0,0,0,0,-32304,0,0,0,0,0,196375,0
196373,-708,8112,542,39,-308,-35,-215945,1,2,-3,0,36313,147,31,65,0,0,0,0,0,0,0,0,-32304,0,0,0,0,0,196380,0
196378,-684,8126,576,39,-296,-49,-215946,3,3,-3,0,36312,144,30,65,0,0,0,0,0,0,0,0,-32304,0,0,0,0,0,196385,0
196383,-688,8150,586,44,-279,-67,-215945,-5,1,-4,0,36312,144,30,65,0,0,0,0,0,0,0,0,-32305,0,0,0,0,0,196390,0
196388,-684,8142,554,52,-248,-96,-215944,0,-3,-2,0,36304,144,31,65,0,0,0,0,0,0,0,0,-32305,0,0,0,0,0,196395,0
196393,-656,8172,560,55,-238,-111,-215944,11,2,-3,0,36304,144,31,65,0,0,0,0,0,0,0,0,-32304,0,0,0,0,0,196400,0
196398,-690,8230,572,54,-225,-125,-215943,4,-2,-2,0,36299,130,30,65,0,0,0,0,0,0,0,0,-32304,0,0,0,0,0,196405,0
196403,-700,8262,520,60,-213,-138,-215944,3,-3,-2,0,36299,130,30,65,0,0,0,0,0,0,0,0,-32304,0,0,0,0,0,196410,0
196408,-712,8322,560,69,-186,-162,-215945,1,-1,-3,0,36299,132,30,65,0,0,0,0,0,0,0,0,-32304,0,0,0,0,0,196415,0
196413,-700,8366,562,69,-179,-173,-215944,1,-1,-3,0,36299,132,30,65,0,0,0,0,0,0,0,0,-32304,0,0,0,0,0,196420,0
196418,-750,8432,546,77,-173,-176,-215945,-3,-6,-2,0,36299,131,30,65,0,0,0,0,0,0,0,0,-32304,0,0,0,0,0,196425,0
196423,-770,8408,564,84,-158,-187,-215945,-2,-1,-3,0,36299,131,30,65,0,0,0,0,0,0,0,0,-32304,0,0,0,0,0,196430,0
196428,-776,8456,568,98,-144,-203,-215945,-3,-4,-3,0,36297,124,30,65,0,0,0,0,0,0,0,0,-32304,0,0,0,0,0,196435,0
196433,-786,8438,538,105,-138,-213,-215944,-3,-1,-2,0,36297,124,30,65,0,0,0,0,0,0,0,0,-32304,0,0,0,0,0,196440,0
196438,-790,8422,532,118,-130,-226,-215945,-4,5,-2,0,36298,123,30,65,0,0,0,0,0,0,0,0,-32304,0,0,0,0,0,196445,0
196443,-756,8332,558,120,-130,-234,-215946,0,4,-2,0,36298,123,30,65,0,0,0,0,0,0,0,0,-32304,0,0,0,0,0,196450,0
196448,-754,8254,588,131,-113,-247,-215945,0,-2,-3,0,36302,134,31,65,0,0,0,0,0,0,0,0,-32304,0,0,0,0,0,196455,0
196453,-734,8200,596,143,-106,-263,-215945,-3,2,-5,0,36302,134,31,65,0,0,0,0,0,0,0,0,-32305,0,0,0,0,0,196460,0
196458,-718,8160,576,146,-95,-275,-215945,-3,1,-3,0,36304,134,30,65,0,0,0,0,0,0,0,0,-32304,0,0,0,0,0,196465,0
196463,-722,8096,626,161,-104,-286,-215945,4,4,-3,0,36304,134,30,65,0,0,0,0,0,0,0,0,-32305,0,0,0,0,0,196470,0
196468,-690,8044,624,170,-97,-313,-215945,3,-4,-5,0,36303,147,31,65,0,0,0,0,0,0,0,0,-32304,0,0,0,0,0,196475,0
196473,-710,8024,658,165,-98,-325,-215944,1,-3,-2,0,36303,147,31,65,0,0,0,0,0,0,0,0,-32304,0,0,0,0,0,196480,0
196478,-710,8084,654,172,-95,-338,-215944,0,-1,-3,0,36304,139,31,65,0,0,0,0,0,0,0,0,-32304,0,0,0,0,0,196485,0
196483,-724,8070,650,178,-99,-352,-215946,-3,-1,-4,0,36304,139,31,65,0,0,0,0,0,0,0,0,-32305,0,0,0,0,0,196490,0
196488,-718,8144,688,188,-100,-378,-215945,1,-2,-3,0,36304,133,31,65,0,0,0,0,0,0,0,0,-32305,0,0,0,0,0,196495,0
196493,-710,8178,682,187,-94,-392,-215945,-1,-4,-3,0,36304,133,31,65,0,0,0,0,0,0,0,0,-32305,0,0,0,0,0,196500,0
196498,-706,8256,688,189,-98,-411,-215946,-4,1,-3,0,36304,126,30,65,0,0,0,0,0,0,0,0,-32304,0,0,0,0,0,196505,0
196503,-680,8290,686,199,-97,-414,-215946,0,3,-3,0,36304,126,30,65,0,0,0,0,0,0,0,0,-32305,0,0,0,0,0,196510,0
196508,-682,8322,684,205,-105,-438,-215945,1,2,-3,0,36302,127,30,65,0,0,0,0,0,0,0,0,-32305,0,0,0,0,0,196515,0
196513,-626,8278,690,206,-118,-449,-215946,0,3,-3,0,36302,127,30,65,0,0,0,0,0,0,0,0,-32304,0,0,0,0,0,196520,0
196518,-592,8290,696,212,-123,-464,-215946,-2,2,-3,0,36299,129,30,65,0,0,0,0,0,0,0,0,-32305,0,0,0,0,0,196525,0
196523,-586,8270,718,218,-120,-471,-215945,1,1,-1,0,36299,129,30,65,0,0,0,0,0,0,0,0,-32304,0,0,0,0,0,196530,0
196528,-498,8292,706,227,-124,-479,-215944,0,1,-2,0,36299,134,30,65,0,0,0,0,0,0,0,0,-32304,0,0,0,0,0,196535,0
196533,-476,8256,750,231,-132,-482,-215946,6,4,-5,0,36299,134,30,65,0,0,0,0,0,0,0,0,-32305,0,0,0,0,0,196540,0
196538,-494,8236,704,239,-136,-492,-215944,3,-2,-3,0,36299,135,31,65,0,0,0,0,0,0,0,0,-32304,0,0,0,0,0,196545,0
196543,-480,8198,730,236,-142,-491,-215945,0,-4,-3,0,36299,135,31,65,0,0,0,0,0,0,0,0,-32305,0,0,0,0,0,196550,0
196548,-404,8186,782,251,-169,-484,-215945,-1,2,-3,0,36297,134,30,65,0,0,0,0,0,0,0,0,-32304,0,0,0,0,0,196555,0
196553,-412,8152,782,247,-173,-484,-215945,1,2,-1,0,36297,134,30,65,0,0,0,0,0,0,0,0,-32304,0,0,0,0,0,196560,0
196558,-390,8126,814,254,-185,-482,-215945,1,-4,-1,0,36305,134,31,65,0,0,0,0,0,0,0,0,-32304,0,0,0,0,0,196565,0
196563,-376,8092,796,253,-209,-485,-215946,-4,0,-1,0,36305,134,31,65,0,0,0,0,0,0,0,0,-32304,0,0,0,0,0,196570,0
196568,-340,8078,850,257,-228,-479,-215945,2,-2,-3,0,36305,123,31,65,0,0,0,0,0,0,0,0,-32304,0,0,0,0,0,196575,0
196573,-330,8092,862,255,-236,-477,-215945,5,2,-3,0,36305,123,31,65,0,0,0,0,0,0,0,0,-32305,0,0,0,0,0,196580,0
196578,-300,8058,862,256,-253,-478,-215945,0,3,-2,0,36305,117,31,65,0,0,0,0,0,0,0,0,-32304,0,0,0,0,0,196585,0
196583,-326,8124,878,247,-262,-476,-215946,-4,0,-4,0,36305,117,31,65,0,0,0,0,0,0,0,0,-32304,0,0,0,0,0,196590,0
196588,-284,8090,908,240,-289,-478,-215945,5,3,-4,0,36297,120,31,65,0,0,0,0,0,0,0,0,-32304,0,0,0,0,0,196595,0
196593,-270,8122,934,238,-295,-480,-215945,3,0,-4,0,36297,120,31,65,0,0,0,0,0,0,0,0,-32304,0,0,0,0,0,196600,0
196598,-266,8170,944,233,-307,-482,-215946,0,3,-4,0,36296,123,30,65,0,0,0,0,0,0,0,0,-32305,0,0,0,0,0,196605,0
196603,-266,8176,938,217,-325,-479,-215944,4,0,-4,0,36296,123,30,65,0,0,0,0,0,0,0,0,-32304,0,0,0,0,0,196610,0
196608,-252,8216,984,199,-343,-475,-215945,-5,0,-3,0,36296,128,30,65,0,0,0,0,0,0,0,0,-32304,0,0,0,0,0,196615,0
196613,-264,8256,986,184,-354,-467,-215944,-1,1,-2,0,36296,128,30,65,0,0,0,0,0,0,0,0,-32304,0,0,0,0,0,196620,0
196618,-240,8266,994,176,-363,-464,-215946,-4,-1,-3,0,36295,124,31,65,0,0,0,0,0,0,0,0,-32304,0,0,0,0,0,196625,0
196623,-260,8272,992,166,-372,-460,-215945,1,-4,-3,0,36295,124,31,65,0,0,0,0,0,0,0,0,-32305,0,0,0,0,0,196630,0
196628,-212,8260,998,141,-386,-442,-215945,-3,-2,-4,0,36295,126,30,65,0,0,0,0,0,0,0,0,-32304,0,0,0,0,0,196635,0
196633,-198,8294,998,134,-396,-426,-215944,6,4,-6,0,36295,126,30,65,0,0,0,0,0,0,0,0,-32304,0,0,0,0,0,196640,0
196638,-174,8236,1000,123,-410,-417,-215945,0,3,-5,0,36295,137,30,65,0,0,0,0,0,0,0,0,-32304,0,0,0,0,0,196645,0
196643,-216,8212,982,112,-410,-403,-215945,6,1,-3,0,36295,137,30,65,0,0,0,0,0,0,0,0,-32304,0,0,0,0,0,196650,0
196648,-132,8196,1008,96,-424,-382,-215946,-3,1,-3,0,36295,136,30,65,0,0,0,0,0,0,0,0,-32304,0,0,0,0,0,196655,0
196653,-132,8142,974,83,-420,-364,-215946,0,2,-3,0,36295,136,30,65,0,0,0,0,0,0,0,0,-32305,0,0,0,0,0,196660,0
196658,-106,8136,982,75,-419,-352,-215946,-6,0,-5,0,36301,132,30,65,0,0,0,0,0,0,0,0,-32304,0,0,0,0,0,196665,0
196663,-76,8142,1004,73,-420,-336,-215944,0,3,-4,0,36301,132,30,65,0,0,0,0,0,0,0,0,-32304,0,0,0,0,0,196670,0
196668,-96,8134,974,57,-411,-307,-215945,0,0,-3,0,36302,140,31,65,0,0,0,0,0,0,0,0,-32305,0,0,0,0,0,196675,0
196673,-58,8152,1004,56,-409,-295,-215944,6,4,-2,0,36302,140,31,65,0,0,0,0,0,0,0,0,-32304,0,0,0,0,0,196680,0
196678,-56,8144,980,55,-400,-288,-215944,2,-2,-3,0,36303,136,31,65,0,0,0,0,0,0,0,0,-32304,0,0,0,0,0,196685,0
196683,-62,8122,982,47,-393,-273,-215945,1,1,-5,0,36303,136,31,65,0,0,0,0,0,0,0,0,-32304,0,0,0,0,0,196690,0
196688,-72,8124,974,40,-376,-257,-215944,0,0,-3,0,36299,134,30,65,0,0,0,0,0,0,0,0,-32304,0,0,0,0,0,196695,0
196693,-86,8114,966,37,-368,-248,-215945,5,0,-2,0,36299,134,30,65,0,0,0,0,0,0,0,0,-32305,0,0,0,0,0,196700,0
196698,-86,8172,980,34,-365,-240,-215945,0,0,-2,0,36297,136,30,65,0,0,0,0,0,0,0,0,-32305,0,0,0,0,0,196705,0
196703,-78,8134,948,32,-356,-235,-215945,2,-4,-2,0,36297,136,30,65,0,0,0,0,0,0,0,0,-32304,0,0,0,0,0,196710,0
196708,-96,8166,938,30,-343,-215,-215946,-3,1,-3,0,36298,138,31,65,0,0,0,0,0,0,0,0,-32304,0,0,0,0,0,196715,0
196713,-108,8174,940,29,-335,-207,-215944,1,3,-4,0,36298,138,31,65,0,0,0,0,0,0,0,0,-32304,0,0,0,0,0,196720,0
196718,-128,8188,958,22,-327,-205,-215944,3,-2,-4,0,36300,143,31,65,0,0,0,0,0,0,0,0,-32304,0,0,0,0,0,196725,0
196723,-86,8198,956,15,-317,-193,-215944,-1,-1,-4,0,36300,143,31,65,0,0,0,0,0,0,0,0,-32304,0,0,0,0,0,196730,0
196728,-114,8190,968,4,-294,-183,-215945,-3,-5,-2,0,36299,136,31,65,0,0,0,0,0,0,0,0,-32304,0,0,0,0,0,196735,0
196733,-102,8208,948,1,-286,-175,-215945,-1,-1,-4,0,36299,136,31,65,0,0,0,0,0,0,0,0,-32304,0,0,0,0,0,196740,0
196738,-114,8238,962,-2,-277,-172,-215945,0,0,-4,0,36299,127,30,65,0,0,0,0,0,0,0,0,-32304,0,0,0,0,0,196745,0
196743,-114,8194,966,-15,-260,-161,-215945,-7,-1,-3,0,36299,127,30,65,0,0,0,0,0,0,0,0,-32304,0,0,0,0,0,196750,0
196748,-68,8228,952,-28,-242,-142,-215945,0,0,-4,0,36298,122,30,65,0,0,0,0,0,0,0,0,-32304,0,0,0,0,0,196755,0
196753,-94,8214,980,-36,-227,-135,-215944,1,1,-3,0,36298,122,30,65,0,0,0,0,0,0,0,0,-32304,0,0,0,0,0,196760,0
196758,-100,8168,970,-48,-220,-127,-215944,0,1,-4,0,36299,123,30,65,0,0,0,0,0,0,0,0,-32305,0,0,0,0,0,196765,0
196763,-66,8174,984,-57,-210,-115,-215945,3,-2,-7,0,36299,123,30,65,0,0,0,0,0,0,0,0,-32304,0,0,0,0,0,196770,0
196768,-80,8146,938,-69,-179,-99,-215945,-4,-1,-3,0,36301,121,30,65,0,0,0,0,0,0,0,0,-32305,0,0,0,0,0,196775,0
196773,-42,8138,958,-80,-162,-84,-215944,3,0,-2,0,36301,121,30,65,0,0,0,0,0,0,0,0,-32304,0,0,0,0,0,196780,0
196778,-70,8122,934,-88,-154,-81,-215944,4,2,-3,0,36301,124,30,65,0,0,0,0,0,0,0,0,-32305,0,0,0,0,0,196785,0
196783,-68,8094,914,-97,-136,-70,-215946,-1,-3,-4,0,36301,124,30,65,0,0,0,0,0,0,0,0,-32305,0,0,0,0,0,196790,0
196788,-106,8050,896,-109,-109,-53,-215944,-7,-1,-3,0,36303,119,31,65,0,0,0,0,0,0,0,0,-32304,0,0,0,0,0,196795,0
196793,-96,8054,886,-116,-96,-41,-215944,2,0,-3,0,36303,119,31,65,0,0,0,0,0,0,0,0,-32304,0,0,0,0,0,196800,0
196798,-134,8074,846,-125,-88,-28,-215946,-4,-6,-3,0,36300,128,30,65,0,0,0,0,0,0,0,0,-32304,0,0,0,0,0,196805,0
196803,-152,8026,878,-126,-77,-14,-215946,-6,-2,-5,0,36300,128,30,65,0,0,0,0,0,0,0,0,-32304,0,0,0,0,0,196810,0
196808,-196,8018,820,-142,-54,4,-215946,-5,-6,-4,0,36299,139,30,65,0,0,0,0,0,0,0,0,-32304,0,0,0,0,0,196815,0
196813,-214,8010,814,-142,-43,20,-215944,0,1,-4,0,36299,139,30,65,0,0,0,0,0,0,0,0,-32305,0,0,0,0,0,196820,0
196818,-232,8044,802,-150,-33,24,-215945,-3,-1,-2,0,36297,141,30,65,0,0,0,0,0,0,0,0,-32304,0,0,0,0,0,196825,0
196823,-256,8022,790,-143,-28,33,-215945,-2,-3,-3,0,36297,141,30,65,0,0,0,0,0,0,0,0,-32304,0,0,0,0,0,196830,0
196828,-290,8018,772,-152,-10,48,-215944,1,-1,-3,0,36295,145,30,65,0,0,0,0,0,0,0,0,-32304,0,0,0,0,0,196835,0
196833,-282,8004,770,-155,-4,59,-215945,1,0,-4,0,36295,145,30,65,0,0,0,0,0,0,0,0,-32305,0,0,0,0,0,196840,0
196838,-300,8036,744,-155,3,62,-215945,0,0,-4,0,36297,144,31,65,0,0,0,0,0,0,0,0,-32304,0,0,0,0,0,196845,0
196843,-334,8018,738,-160,7,71,-215945,3,0,-3,0,36297,144,31,65,0,0,0,0,0,0,0,0,-32304,0,0,0,0,0,196850,0
196848,-354,8054,700,-157,13,73,-215945,0,2,-2,0,36298,142,30,65,0,0,0,0,0,0,0,0,-32305,0,0,0,0,0,196855,0
196853,-378,8046,690,-156,22,77,-215945,0,0,-3,0,36298,142,30,65,0,0,0,0,0,0,0,0,-32305,0,0,0,0,0,196860,0
196858,-376,8060,704,-158,20,82,-215943,5,4,-2,0,36299,137,30,65,0,0,0,0,0,0,0,0,-32305,0,0,0,0,0,196865,0
196863,-386,8058,694,-157,28,81,-215944,3,1,-1,0,36299,137,30,65,0,0,0,0,0,0,0,0,-32304,0,0,0,0,0,196870,0
196868,-416,8082,654,-151,31,83,-215946,0,-2,-1,0,36301,131,30,65,0,0,0,0,0,0,0,0,-32304,0,0,0,0,0,196875,0
196873,-430,8104,652,-148,36,83,-215945,3,0,0,0,36301,131,30,65,0,0,0,0,0,0,0,0,-32305,0,0,0,0,0,196880,0
196878,-432,8128,642,-143,33,76,-215944,3,3,-4,0,36300,125,30,65,0,0,0,0,0,0,0,0,-32304,0,0,0,0,0,196885,0
196883,-434,8144,614,-144,29,72,-215945,0,4,-6,0,36300,125,30,65,0,0,0,0,0,0,0,0,-32304,0,0,0,0,0,196890,0
196888,-448,8124,630,-141,40,63,-215944,2,-1,-5,0,36299,133,31,65,0,0,0,0,0,0,0,0,-32304,0,0,0,0,0,196895,0
196893,-450,8184,626,-133,38,54,-215945,0,-1,-4,0,36299,133,31,65,0,0,0,0,0,0,0,0,-32304,0,0,0,0,0,196900,0
196898,-470,8162,610,-128,34,46,-215945,-1,2,-3,0,36299,131,30,65,0,0,0,0,0,0,0,0,-32304,0,0,0,0,0,196905,0
196903,-470,8186,592,-130,36,41,-215944,4,-2,-3,0,36299,131,30,65,0,0,0,0,0,0,0,0,-32304,0,0,0,0,0,196910,0
196908,-506,8200,570,-126,28,27,-215944,1,3,-2,0,36297,130,30,65,0,0,0,0,0,0,0,0,-32304,0,0,0,0,0,196915,0
196913,-480,8194,556,-125,23,18,-215944,1,3,-2,0,36297,130,30,65,0,0,0,0,0,0,0,0,-32304,0,0,0,0,0,196920,0
196918,-494,8194,564,-117,24,18,-215945,-5,-4,-2,0,36296,125,30,65,0,0,0,0,0,0,0,0,-32305,0,0,0,0,0,196925,0
196923,-534,8174,566,-114,15,11,-215946,-3,-2,-2,0,36296,125,30,65,0,0,0,0,0,0,0,0,-32304,0,0,0,0,0,196930,0
196928,-484,8172,542,-110,16,-5,-215944,0,4,-4,0,36296,130,31,65,0,0,0,0,0,0,0,0,-32305,0,0,0,0,0,196935,0
196933,-494,8182,534,-102,11,-14,-215946,-2,-1,-6,0,36296,130,31,65,0,0,0,0,0,0,0,0,-32304,0,0,0,0,0,196940,0
196938,-466,8166,496,-104,9,-19,-215944,1,0,-4,0,36297,134,30,65,0,0,0,0,0,0,0,0,-32304,0,0,0,0,0,196945,0
196943,-502,8184,512,-101,4,-18,-215944,2,2,-4,0,36297,134,30,65,0,0,0,0,0,0,0,0,-32304,0,0,0,0,0,196950,0
196948,-484,8110,490,-96,-7,-24,-215945,0,1,-4,0,36299,137,30,65,0,0,0,0,0,0,0,0,-32304,0,0,0,0,0,196955,0
196953,-518,8140,502,-93,-18,-34,-215945,-3,-1,-3,0,36299,137,30,65,0,0,0,0,0,0,0,0,-32304,0,0,0,0,0,196960,0
196958,-516,8100,514,-94,-28,-29,-215945,0,0,-3,0,36302,130,31,65,0,0,0,0,0,0,0,0,-32304,0,0,0,0,0,196965,0
196963,-480,8078,456,-85,-29,-34,-215945,4,-3,-4,0,36302,130,31,65,0,0,0,0,0,0,0,0,-32305,0,0,0,0,0,196970,0
196968,-494,8010,480,-77,-53,-29,-215944,-1,2,-3,0,36302,136,30,65,0,0,0,0,0,0,0,0,-32304,0,0,0,0,0,196975,0
196973,-460,7980,492,-67,-57,-32,-215946,0,0,-4,0,36302,136,30,65,0,0,0,0,0,0,0,0,-32304,0,0,0,0,0,196980,0
196978,-464,7940,484,-70,-60,-26,-215946,-1,-5,-7,0,36303,135,31,65,0,0,0,0,0,0,0,0,-32304,0,0,0,0,0,196985,0
196983,-468,7890,494,-61,-69,-31,-215945,0,-1,-3,0,36303,135,31,65,0,0,0,0,0,0,0,0,-32304,0,0,0,0,0,196990,0
196988,-448,7842,480,-52,-90,-30,-215945,2,1,-3,0,36300,128,30,65,0,0,0,0,0,0,0,0,-32305,0,0,0,0,0,196995,0
196993,-396,7788,456,-51,-98,-27,-215945,-3,-1,-3,0,36300,128,30,65,0,0,0,0,0,0,0,0,-32304,0,0,0,0,0,197000,0
196998,-392,7776,492,-49,-106,-24,-215945,-3,-1,-2,0,36300,140,30,65,0,0,0,0,0,0,0,0,-32305,0,0,0,0,0,197005,0
197003,-376,7770,524,-38,-113,-34,-215946,-7,-2,-3,0,36300,140,30,65,0,0,0,0,0,0,0,0,-32304,0,0,0,0,0,197010,0
197008,-370,7750,488,-27,-126,-30,-215944,0,4,-3,0,36297,144,31,65,0,0,0,0,0,0,0,0,-32304,0,0,0,0,0,197015,0
197013,-366,7720,478,-17,-130,-31,-215944,3,-2,-3,0,36297,144,31,65,0,0,0,0,0,0,0,0,-32304,0,0,0,0,0,197020,0
197018,-352,7744,504,-11,-130,-31,-215944,2,1,-2,0,36295,142,30,65,0,0,0,0,0,0,0,0,-32305,0,0,0,0,0,197025,0
197023,-358,7724,492,-5,-143,-25,-215945,2,2,0,0,36295,142,30,65,0,0,0,0,0,0,0,0,-32305,0,0,0,0,0,197030,0
197028,-350,7768,498,6,-144,-24,-215945,0,2,-4,0,36292,137,31,65,0,0,0,0,0,0,0,0,-32304,0,0,0,0,0,197035,0
197033,-362,7740,488,15,-149,-25,-215945,-1,2,-5,0,36292,137,31,65,0,0,0,0,0,0,0,0,-32304,0,0,0,0,0,197041,0
197038,-358,7772,518,14,-158,-19,-215946,-4,-3,-4,0,36294,134,30,65,0,0,0,0,0,0,0,0,-32304,0,0,0,0,0,197046,0
197043,-328,7784,502,26,-161,-20,-215945,-3,-2,-3,0,36294,134,30,65,0,0,0,0,0,0,0,0,-32304,0,0,0,0,0,197051,0
197048,-358,7824,508,37,-176,-11,-215946,0,1,-3,0,36297,138,30,65,0,0,0,0,0,0,0,0,-32304,0,0,0,0,0,197056,0
197053,-336,7856,516,43,-179,-7,-215944,0,1,-2,0,36297,138,30,65,0,0,0,0,0,0,0,0,-32304,0,0,0,0,0,197061,0
197058,-340,7900,494,47,-186,-4,-215944,2,1,-1,0,36297,136,30,65,0,0,0,0,0,0,0,0,-32304,0,0,0,0,0,197066,0
197063,-346,7860,504,55,-187,-1,-215945,2,-2,-1,0,36297,136,30,65,0,0,0,0,0,0,0,0,-32304,0,0,0,0,0,197071,0
197068,-348,7960,520,57,-195,10,-215945,-2,0,-5,0,36296,132,30,65,0,0,0,0,0,0,0,0,-32304,0,0,0,0,0,197076,0
197073,-312,7988,504,61,-197,17,-215945,-3,1,-3,0,36296,132,30,65,0,0,0,0,0,0,0,0,-32305,0,0,0,0,0,197082,0
197078,-354,8042,498,72,-202,27,-215944,6,0,-4,0,36296,133,30,65,0,0,0,0,0,0,0,0,-32304,0,0,0,0,0,197087,0
197083,-346,8054,498,74,-198,30,-215945,-3,0,-3,0,36296,133,30,65,0,0,0,0,0,0,0,0,-32305,0,0,0,0,0,197093,0
197088,-330,8146,522,82,-193,42,-215946,-2,-3,-2,0,36300,132,31,65,0,0,0,0,0,0,0,0,-32304,0,0,0,0,0,197098,0
197093,-358,8176,504,81,-194,45,-215945,-4,-3,-5,0,36300,132,31,65,0,0,0,0,0,0,0,0,-32304,0,0,0,0,0,197103,0
197098,-320,8184,506,89,-196,47,-215945,3,-1,-4,0,36298,128,30,65,0,0,0,0,0,0,0,0,-32304,0,0,0,0,0,197109,0
197103,-330,8208,538,90,-196,52,-215946,-3,-3,-4,0,36298,128,30,65,0,0,0,0,0,0,0,0,-32304,0,0,0,0,0,197114,0
197108,-338,8242,528,100,-185,55,-215945,0,1,-3,0,36295,131,30,65,0,0,0,0,0,0,0,0,-32304,0,0,0,0,0,197120,0
197113,-312,8262,532,107,-178,57,-215946,-7,-3,-3,0,36295,131,30,65,0,0,0,0,0,0,0,0,-32304,0,0,0,0,0,197125,0
197118,-348,8278,542,110,-178,59,-215945,0,-3,-3,0,36290,138,30,65,0,0,0,0,0,0,0,0,-32304,0,0,0,0,0,197130,0
197123,-334,8326,552,109,-167,61,-215944,0,-2,-2,0,36290,138,30,65,0,0,0,0,0,0,0,0,-32304,0,0,0,0,0,197136,0
197128,-342,8370,554,114,-159,60,-215944,1,0,-2,0,36288,131,31,65,0,0,0,0,0,0,0,0,-32304,0,0,0,0,0,197141,0
197133,-352,8390,542,118,-153,60,-215944,4,0,-3,0,36288,131,31,65,0,0,0,0,0,0,0,0,-32305,0,0,0,0,0,197146,0
197138,-346,8388,544,118,-145,61,-215943,2,1,-3,0,36290,132,30,65,0,0,0,0,0,0,0,0,-32304,0,0,0,0,0,197152,0
197143,-360,8396,542,123,-137,62,-215945,-3,-2,-3,0,36290,132,30,65,0,0,0,0,0,0,0,0,-32305,0,0,0,0,0,197157,0
197148,-338,8420,578,125,-117,55,-215944,3,1,-4,0,36292,136,31,65,0,0,0,0,0,0,0,0,-32304,0,0,0,0,0,197162,0
197153,-356,8422,564,132,-113,52,-215944,6,1,-5,0,36292,136,31,65,0,0,0,0,0,0,0,0,-32304,0,0,0,0,0,197168,0
197158,-364,8384,560,130,-101,52,-215944,2,5,-4,0,36292,142,30,65,0,0,0,0,0,0,0,0,-32304,0,0,0,0,0,197173,0
197163,-358,8356,572,130,-96,45,-215945,4,1,-2,0,36292,142,30,65,0,0,0,0,0,0,0,0,-32304,0,0,0,0,0,197178,0
197168,-342,8298,568,130,-71,39,-215945,-3,2,-4,0,36291,149,30,65,0,0,0,0,0,0,0,0,-32304,0,0,0,0,0,197183,0
197173,-340,8302,578,130,-58,30,-215945,1,0,-3,0,36291,149,30,65,0,0,0,0,0,0,0,0,-32305,0,0,0,0,0,197189,0
197178,-336,8270,576,128,-49,30,-215945,-3,-3,-4,0,36291,142,31,65,0,0,0,0,0,0,0,0,-32304,0,0,0,0,0,197194,0
197183,-356,8262,582,128,-41,18,-215945,-3,0,-5,0,36291,142,31,65,0,0,0,0,0,0,0,0,-32304,0,0,0,0,0,197199,0
197188,-350,8216,580,130,-29,12,-215945,1,-3,-3,0,36293,133,30,65,0,0,0,0,0,0,0,0,-32304,0,0,0,0,0,197205,0
197193,-348,8218,574,126,-16,1,-215945,-2,-4,-4,0,36293,133,30,65,0,0,0,0,0,0,0,0,-32304,0,0,0,0,0,197210,0
197198,-370,8198,592,126,-10,0,-215944,0,2,-2,0,36302,129,31,65,0,0,0,0,0,0,0,0,-32304,0,0,0,0,0,197215,0
197203,-382,8180,582,125,-3,-13,-215945,2,-1,-4,0,36302,129,31,65,0,0,0,0,0,0,0,0,-32305,0,0,0,0,0,197221,0
197208,-398,8202,606,128,8,-11,-215945,0,1,-4,0,36302,115,30,65,0,0,0,0,0,0,0,0,-32304,0,0,0,0,0,197226,0
197213,-342,8158,588,126,18,-11,-215946,-1,-1,-3,0,36302,115,30,65,0,0,0,0,0,0,0,0,-32304,0,0,0,0,0,197231,0
197218,-334,8156,600,129,19,-11,-215944,8,2,-3,0,36299,118,30,65,0,0,0,0,0,0,0,0,-32305,0,0,0,0,0,197237,0
197223,-338,8126,588,131,28,-7,-215945,0,-1,-4,0,36299,118,30,65,0,0,0,0,0,0,0,0,-32304,0,0,0,0,0,197242,0
197228,-330,8114,598,135,45,-14,-215944,5,1,-4,0,36291,124,31,65,0,0,0,0,0,0,0,0,-32304,0,0,0,0,0,197247,0
197233,-312,8104,608,134,48,-6,-215944,5,5,-3,0,36291,124,31,65,0,0,0,0,0,0,0,0,-32304,0,0,0,0,0,197253,0
197238,-334,8090,600,136,57,1,-215944,2,1,-2,0,36291,120,30,65,0,0,0,0,0,0,0,0,-32304,0,0,0,0,0,197258,0
197243,-332,8066,600,136,64,0,-215945,0,-5,-4,0,36291,120,30,65,0,0,0,0,0,0,0,0,-32304,0,0,0,0,0,197263,0
197248,-324,7986,612,140,79,13,-215944,3,-2,-3,0,36293,129,30,65,0,0,0,0,0,0,0,0,-32304,0,0,0,0,0,197268,0
197253,-318,7978,598,138,84,16,-215945,0,0,-2,0,36293,129,30,65,0,0,0,0,0,0,0,0,-32305,0,0,0,0,0,197274,0
197258,-334,7962,618,145,93,26,-215944,1,0,-2,0,36293,137,30,65,0,0,0,0,0,0,0,0,-32305,0,0,0,0,0,197279,0
197263,-322,7952,626,147,99,34,-215945,-7,-5,-1,0,36293,137,30,65,0,0,0,0,0,0,0,0,-32304,0,0,0,0,0,197284,0
197268,-344,7924,620,148,112,43,-215944,0,-2,-3,0,36294,138,30,65,0,0,0,0,0,0,0,0,-32305,0,0,0,0,0,197290,0
197273,-338,7882,648,150,119,49,-215945,1,0,-3,0,36294,138,30,65,0,0,0,0,0,0,0,0,-32304,0,0,0,0,0,197295,0
197278,-386,7864,646,153,128,51,-215946,-5,-2,-3,0,36293,136,31,65,0,0,0,0,0,0,0,0,-32304,0,0,0,0,0,197300,0
197283,-400,7852,648,153,135,57,-215946,0,1,-6,0,36293,136,31,65,0,0,0,0,0,0,0,0,-32304,0,0,0,0,0,197306,0
197288,-410,7868,644,155,144,60,-215944,0,2,-4,0,36294,127,30,65,0,0,0,0,0,0,0,0,-32304,0,0,0,0,0,197311,0
197293,-438,7918,648,152,150,63,-215945,-4,2,-5,0,36294,127,30,65,0,0,0,0,0,0,0,0,-32304,0,0,0,0,0,197316,0
197298,-458,7882,664,151,157,61,-215946,-1,0,-4,0,36297,127,30,65,0,0,0,0,0,0,0,0,-32304,0,0,0,0,0,197322,0
197303,-460,7910,646,151,160,63,-215945,-1,-3,-2,0,36297,127,30,65,0,0,0,0,0,0,0,0,-32304,0,0,0,0,0,197327,0
197308,-512,7928,640,149,169,61,-215945,1,1,-3,0,36298,136,30,65,0,0,0,0,0,0,0,0,-32304,0,0,0,0,0,197332,0
197313,-534,7944,636,142,172,54,-215945,3,2,-2,0,36298,136,30,65,0,0,0,0,0,0,0,0,-32304,0,0,0,0,0,197338,0
197318,-538,7960,638,143,169,54,-215945,0,1,-2,0,36295,128,31,65,0,0,0,0,0,0,0,0,-32305,0,0,0,0,0,197343,0
197323,-546,7966,644,144,174,50,-215944,3,1,-4,0,36295,128,31,65,0,0,0,0,0,0,0,0,-32305,0,0,0,0,0,197348,0
197328,-564,7968,678,141,177,43,-215945,-1,0,-4,0,36291,126,30,65,0,0,0,0,0,0,0,0,-32305,0,0,0,0,0,197354,0
197333,-574,7972,626,139,179,32,-215946,-2,1,-4,0,36291,126,30,65,0,0,0,0,0,0,0,0,-32305,0,0,0,0,0,197359,0
197338,-590,7966,648,135,170,35,-215945,0,-3,-3,0,36292,134,30,65,0,0,0,0,0,0,0,0,-32305,0,0,0,0,0,197364,0
197343,-568,7960,650,134,178,31,-215945,-1,-1,-3,0,36292,134,30,65,0,0,0,0,0,0,0,0,-32305,0,0,0,0,0,197370,0
197348,-548,7964,648,128,169,18,-215944,5,4,-4,0,36294,138,31,65,0,0,0,0,0,0,0,0,-32304,0,0,0,0,0,197375,0
197353,-544,7964,640,126,164,8,-215945,0,0,-4,0,36294,138,31,65,0,0,0,0,0,0,0,0,-32304,0,0,0,0,0,197380,0
197358,-566,7994,628,122,167,5,-215945,-3,-3,-4,0,36294,139,30,65,0,0,0,0,0,0,0,0,-32305,0,0,0,0,0,197386,0
197363,-554,7980,642,116,160,-6,-215945,-1,1,-4,0,36294,139,30,65,0,0,0,0,0,0,0,0,-32305,0,0,0,0,0,197391,0
197368,-538,8002,636,113,162,-12,-215945,-2,5,-4,0,36291,133,31,65,0,0,0,0,0,0,0,0,-32304,0,0,0,0,0,197396,0
197373,-562,8034,624,109,163,-19,-215945,5,2,-2,0,36291,133,31,65,0,0,0,0,0,0,0,0,-32305,0,0,0,0,0,197401,0
197378,-530,8036,626,105,160,-17,-215945,-5,-2,-3,0,36291,127,30,65,0,0,0,0,0,0,0,0,-32305,0,0,0,0,0,197407,0
197383,-522,8030,606,108,157,-20,-215945,1,2,-4,0,36291,127,30,65,0,0,0,0,0,0,0,0,-32304,0,0,0,0,0,197412,0
197388,-498,8030,610,104,165,-25,-215945,-9,-1,-2,0,36291,134,30,65,0,0,0,0,0,0,0,0,-32305,0,0,0,0,0,197417,0
197393,-504,8066,604,100,165,-28,-215944,-1,3,-3,0,36291,134,30,65,0,0,0,0,0,0,0,0,-32305,0,0,0,0,0,197423,0
197398,-500,8054,586,104,161,-29,-215943,2,-2,-3,0,36293,132,31,65,0,0,0,0,0,0,0,0,-32305,0,0,0,0,0,197428,0
197403,-502,8076,588,106,163,-28,-215946,-4,2,0,0,36293,132,31,65,0,0,0,0,0,0,0,0,-32305,0,0,0,0,0,197433,0
197408,-492,8072,580,100,159,-26,-215945,-6,-1,-1,0,36297,131,30,65,0,0,0,0,0,0,0,0,-32304,0,0,0,0,0,197439,0
197413,-492,8084,568,100,164,-23,-215944,1,-3,-3,0,36297,131,30,65,0,0,0,0,0,0,0,0,-32304,0,0,0,0,0,197444,0
197418,-490,8088,540,104,158,-18,-215944,6,6,-2,0,36297,138,30,65,0,0,0,0,0,0,0,0,-32305,0,0,0,0,0,197449,0
197423,-482,8082,546,106,152,-16,-215945,3,5,-3,0,36297,138,30,65,0,0,0,0,0,0,0,0,-32305,0,0,0,0,0,197455,0
197428,-508,8080,564,108,149,-14,-215945,-3,-1,-4,0,36298,130,31,65,0,0,0,0,0,0,0,0,-32304,0,0,0,0,0,197460,0
197433,-478,8096,544,115,145,-5,-215945,-3,0,-4,0,36298,130,31,65,0,0,0,0,0,0,0,0,-32304,0,0,0,0,0,197465,0
197438,-472,8098,544,108,142,-5,-215945,-8,0,-4,0,36295,127,30,65,0,0,0,0,0,0,0,0,-32304,0,0,0,0,0,197471,0
197443,-504,8096,530,118,139,1,-215945,0,-1,-4,0,36295,127,30,65,0,0,0,0,0,0,0,0,-32304,0,0,0,0,0,197476,0
197448,-484,8100,570,121,126,4,-215945,0,1,-2,0,36295,125,31,65,0,0,0,0,0,0,0,0,-32304,0,0,0,0,0,197481,0
197453,-530,8122,534,129,126,7,-215943,9,5,-3,0,36295,125,31,65,0,0,0,0,0,0,0,0,-32304,0,0,0,0,0,197486,0
197458,-492,8118,558,123,115,9,-215944,3,1,-3,0,36294,126,30,65,0,0,0,0,0,0,0,0,-32304,0,0,0,0,0,197492,0
197463,-496,8148,534,129,109,12,-215945,-3,6,-3,0,36294,126,30,65,0,0,0,0,0,0,0,0,-32305,0,0,0,0,0,197497,0
197468,-508,8192,530,132,92,13,-215944,-1,-4,-3,0,36291,131,30,65,0,0,0,0,0,0,0,0,-32304,0,0,0,0,0,197502,0
197473,-516,8174,556,134,88,17,-215944,1,-1,-3,0,36291,131,30,65,0,0,0,0,0,0,0,0,-32304,0,0,0,0,0,197508,0
197478,-544,8176,546,141,82,19,-215945,0,0,-3,0,36292,139,31,65,0,0,0,0,0,0,0,0,-32305,0,0,0,0,0,197513,0
197483,-546,8194,536,140,72,19,-215946,-1,-4,-5,0,36292,139,31,65,0,0,0,0,0,0,0,0,-32304,0,0,0,0,0,197518,0
197488,-516,8220,572,144,61,23,-215945,-6,1,-2,0,36292,139,31,65,0,0,0,0,0,0,0,0,-32304,0,0,0,0,0,197524,0
197493,-514,8226,568,140,50,27,-215945,0,3,-4,0,36292,139,31,65,0,0,0,0,0,0,0,0,-32304,0,0,0,0,0,197529,0
197498,-510,8256,556,144,44,28,-215946,-6,1,-3,0,36292,139,30,65,0,0,0,0,0,0,0,0,-32305,0,0,0,0,0,197534,0
197503,-460,8216,566,146,33,28,-215945,3,3,-4,0,36292,139,30,65,0,0,0,0,0,0,0,0,-32304,0,0,0,0,0,197540,0
197508,-468,8240,594,150,25,32,-215944,4,0,-6,0,36299,125,30,65,0,0,0,0,0,0,0,0,-32304,0,0,0,0,0,197545,0
197513,-470,8228,582,148,23,43,-215945,4,5,-3,0,36299,125,30,65,0,0,0,0,0,0,0,0,-32304,0,0,0,0,0,197550,0
197518,-454,8236,576,155,16,47,-215944,0,-2,-3,0,36299,119,30,65,0,0,0,0,0,0,0,0,-32305,0,0,0,0,0,197556,0
197523,-454,8264,598,155,15,49,-215944,4,0,-3,0,36299,119,30,65,0,0,0,0,0,0,0,0,-32305,0,0,0,0,0,197561,0
197528,-426,8258,608,159,6,61,-215945,2,2,-5,0,36300,123,31,65,0,0,0,0,0,0,0,0,-32304,0,0,0,0,0,197566,0
197533,-426,8248,612,148,13,71,-215944,1,-3,-6,0,36300,123,31,65,0,0,0,0,0,0,0,0,-32304,0,0,0,0,0,197572,0
197538,-392,8252,604,151,11,74,-215945,2,-3,-4,0,36293,127,31,65,0,0,0,0,0,0,0,0,-32305,0,0,0,0,0,197577,0
197543,-414,8240,612,155,9,82,-215944,1,5,-5,0,36293,127,31,65,0,0,0,0,0,0,0,0,-32304,0,0,0,0,0,197582,0
197548,-414,8230,636,152,16,95,-215945,1,0,-3,0,36293,123,30,65,0,0,0,0,0,0,0,0,-32304,0,0,0,0,0,197587,0
197553,-384,8180,616,152,21,93,-215945,-2,3,-3,0,36293,123,30,65,0,0,0,0,0,0,0,0,-32304,0,0,0,0,0,197593,0
197558,-406,8168,648,150,21,101,-215945,-4,-1,-4,0,36291,131,30,65,0,0,0,0,0,0,0,0,-32305,0,0,0,0,0,197598,0
197563,-430,8136,624,149,29,107,-215945,-3,0,-3,0,36291,131,30,65,0,0,0,0,0,0,0,0,-32304,0,0,0,0,0,197603,0
197568,-440,8154,616,147,30,116,-215944,0,5,-4,0,36292,133,31,65,0,0,0,0,0,0,0,0,-32304,0,0,0,0,0,197609,0
197573,-420,8152,620,140,33,120,-215945,-4,0,-1,0,36292,133,31,65,0,0,0,0,0,0,0,0,-32305,0,0,0,0,0,197614,0
197578,-424,8090,636,135,36,126,-215944,0,0,-2,0,36291,126,30,65,0,0,0,0,0,0,0,0,-32304,0,0,0,0,0,197619,0
197583,-464,8102,630,141,45,126,-215945,0,4,-5,0,36291,126,30,65,0,0,0,0,0,0,0,0,-32305,0,0,0,0,0,197625,0
197588,-486,8094,608,132,44,128,-215946,-7,1,-4,0,36291,123,30,65,0,0,0,0,0,0,0,0,-32305,0,0,0,0,0,197630,0
197593,-490,8096,608,134,58,129,-215945,-4,1,-4,0,36291,123,30,65,0,0,0,0,0,0,0,0,-32304,0,0,0,0,0,197635,0
197598,-482,8078,616,131,55,130,-215945,-3,0,-4,0,36293,124,31,65,0,0,0,0,0,0,0,0,-32305,0,0,0,0,0,197641,0
197603,-520,8078,612,132,60,126,-215945,0,3,-4,0,36293,124,31,65,0,0,0,0,0,0,0,0,-32304,0,0,0,0,0,197646,0
197608,-512,8046,584,132,61,122,-215945,-2,1,-3,0,36294,128,30,65,0,0,0,0,0,0,0,0,-32305,0,0,0,0,0,197651,0
197613,-500,8024,580,130,63,124,-215943,10,2,-5,0,36294,128,30,65,0,0,0,0,0,0,0,0,-32304,0,0,0,0,0,197657,0
197618,-532,8044,584,133,65,114,-215945,-3,4,-5,0,36294,133,31,65,0,0,0,0,0,0,0,0,-32305,0,0,0,0,0,197662,0
197623,-522,8014,548,135,63,113,-215945,-1,3,-2,0,36294,133,31,65,0,0,0,0,0,0,0,0,-32304,0,0,0,0,0,197667,0
197628,-532,8046,574,133,65,113,-215944,1,-3,-4,0,36293,125,30,65,0,0,0,0,0,0,0,0,-32304,0,0,0,0,0,197672,0
197633,-538,8024,558,138,59,111,-215944,1,2,-4,0,36293,125,30,65,0,0,0,0,0,0,0,0,-32304,0,0,0,0,0,197678,0
197638,-544,8046,560,137,62,112,-215943,9,-5,-2,0,36303,127,30,65,0,0,0,0,0,0,0,0,-32304,0,0,0,0,0,197683,0
197643,-558,8054,574,138,59,109,-215945,6,0,-2,0,36303,127,30,65,0,0,0,0,0,0,0,0,-32304,0,0,0,0,0,197688,0
197648,-502,8060,590,139,60,108,-215944,3,0,-2,0,36311,141,31,65,0,0,0,0,0,0,0,0,-32305,0,0,0,0,0,197694,0
197653,-514,8038,588,141,60,109,-215946,-1,-3,-2,0,36311,141,31,65,0,0,0,0,0,0,0,0,-32304,0,0,0,0,0,197699,0
197658,-482,8048,584,138,59,118,-215945,3,2,-4,0,36317,140,30,65,0,0,0,0,0,0,0,0,-32304,0,0,0,0,0,197704,0
197663,-490,8028,580,144,67,116,-215944,0,-3,-4,0,36317,140,30,65,0,0,0,0,0,0,0,0,-32304,0,0,0,0,0,197710,0
197668,-490,8024,624,144,65,113,-215944,-3,-3,-3,0,36309,147,31,65,0,0,0,0,0,0,0,0,-32305,0,0,0,0,0,197715,0
197673,-500,8022,606,145,71,118,-215944,6,-1,-2,0,36309,147,31,65,0,0,0,0,0,0,0,0,-32304,0,0,0,0,0,197720,0
197678,-500,8038,608,143,76,122,-215945,0,-1,-4,0,36303,139,31,65,0,0,0,0,0,0,0,0,-32304,0,0,0,0,0,197726,0
197683,-526,8026,628,148,82,121,-215945,-4,-3,-4,0,36303,139,31,65,0,0,0,0,0,0,0,0,-32304,0,0,0,0,0,197731,0
197688,-518,7994,616,146,88,126,-215945,-1,-2,-2,0,36294,127,31,65,0,0,0,0,0,0,0,0,-32304,0,0,0,0,0,197736,0
197693,-570,7992,610,140,92,126,-215945,-1,0,-3,0,36294,127,31,65,0,0,0,0,0,0,0,0,-32304,0,0,0,0,0,197742,0
197698,-582,8024,624,147,100,132,-215944,-3,-1,-2,0,36293,132,30,65,0,0,0,0,0,0,0,0,-32304,0,0,0,0,0,197747,0
197703,-590,8004,628,143,107,132,-215944,3,1,-2,0,36293,132,30,65,0,0,0,0,0,0,0,0,-32304,0,0,0,0,0,197752,0
197708,-640,7994,634,144,109,129,-215945,0,6,-3,0,36292,136,30,65,0,0,0,0,0,0,0,0,-32304,0,0,0,0,0,197758,0
197713,-658,7986,624,140,114,133,-215944,3,-1,0,0,36292,136,30,65,0,0,0,0,0,0,0,0,-32304,0,0,0,0,0,197763,0
197718,-700,7946,608,141,116,126,-215945,3,-2,0,0,36296,136,30,65,0,0,0,0,0,0,0,0,-32304,0,0,0,0,0,197768,0
197723,-704,7960,638,139,114,121,-215944,-2,-1,-4,0,36296,136,30,65,0,0,0,0,0,0,0,0,-32304,0,0,0,0,0,197773,0
197728,-718,7934,608,136,117,113,-215945,-4,-2,-3,0,36296,125,30,65,0,0,0,0,0,0,0,0,-32304,0,0,0,0,0,197779,0
197733,-738,7932,614,134,118,106,-215945,3,2,-3,0,36296,125,30,65,0,0,0,0,0,0,0,0,-32304,0,0,0,0,0,197784,0
197738,-756,7928,598,135,118,96,-215945,-1,-3,-4,0,36296,117,31,65,0,0,0,0,0,0,0,0,-32305,0,0,0,0,0,197789,0
197743,-760,7940,628,132,117,85,-215945,-3,-3,-4,0,36296,117,31,65,0,0,0,0,0,0,0,0,-32304,0,0,0,0,0,197795,0
197748,-792,7960,608,131,109,60,-215944,4,4,-3,0,36292,126,30,65,0,0,0,0,0,0,0,0,-32304,0,0,0,0,0,197800,0
197753,-796,7974,590,121,106,50,-215945,-1,-1,-3,0,36292,126,30,65,0,0,0,0,0,0,0,0,-32304,0,0,0,0,0,197805,0
197758,-802,7982,588,120,108,41,-215944,0,3,-4,0,36291,129,30,65,0,0,0,0,0,0,0,0,-32304,0,0,0,0,0,197811,0
197763,-820,7984,604,124,98,28,-215944,-1,0,-3,0,36291,129,30,65,0,0,0,0,0,0,0,0,-32304,0,0,0,0,0,197816,0
197768,-830,8064,600,115,88,6,-215945,2,-3,-4,0,36290,132,30,65,0,0,0,0,0,0,0,0,-32305,0,0,0,0,0,197821,0
197773,-832,8056,616,114,84,-10,-215945,0,0,-5,0,36290,132,30,65,0,0,0,0,0,0,0,0,-32304,0,0,0,0,0,197827,0
197778,-828,8106,596,108,75,-15,-215945,1,-1,-4,0,36291,138,31,65,0,0,0,0,0,0,0,0,-32305,0,0,0,0,0,197832,0
197783,-830,8124,584,110,71,-28,-215945,-1,1,-5,0,36291,138,31,65,0,0,0,0,0,0,0,0,-32305,0,0,0,0,0,197837,0
197788,-822,8162,612,107,69,-41,-215945,0,2,-4,0,36295,139,31,65,0,0,0,0,0,0,0,0,-32304,0,0,0,0,0,197843,0
197793,-776,8184,572,110,63,-52,-215945,-3,1,-5,0,36295,139,31,65,0,0,0,0,0,0,0,0,-32305,0,0,0,0,0,197848,0
197798,-740,8200,558,110,67,-56,-215944,4,2,-4,0,36295,128,30,65,0,0,0,0,0,0,0,0,-32305,0,0,0,0,0,197853,0
197803,-754,8204,580,106,64,-61,-215945,-4,-2,-2,0,36295,128,30,65,0,0,0,0,0,0,0,0,-32305,0,0,0,0,0,197858,0
197808,-696,8216,568,110,68,-73,-215945,1,2,-3,0,36293,137,30,65,0,0,0,0,0,0,0,0,-32304,0,0,0,0,0,197864,0
197813,-670,8242,572,108,68,-76,-215945,1,-2,-3,0,36293,137,30,65,0,0,0,0,0,0,0,0,-32304,0,0,0,0,0,197869,0
197818,-656,8262,554,114,69,-77,-215945,3,0,-5,0,36296,143,31,65,0,0,0,0,0,0,0,0,-32304,0,0,0,0,0,197874,0
197823,-664,8268,580,114,74,-78,-215945,-1,0,-2,0,36296,143,31,65,0,0,0,0,0,0,0,0,-32304,0,0,0,0,0,197880,0
197828,-652,8270,556,121,75,-86,-215945,2,0,-3,0,36296,139,30,65,0,0,0,0,0,0,0,0,-32304,0,0,0,0,0,197885,0
197833,-638,8264,554,116,68,-79,-215944,1,1,-3,0,36296,139,30,65,0,0,0,0,0,0,0,0,-32304,0,0,0,0,0,197890,0
197838,-612,8290,550,123,65,-85,-215944,4,1,-4,0,36296,136,31,65,0,0,0,0,0,0,0,0,-32304,0,0,0,0,0,197896,0
197843,-656,8308,538,129,65,-77,-215944,5,-2,-3,0,36296,136,31,65,0,0,0,0,0,0,0,0,-32305,0,0,0,0,0,197901,0
197848,-634,8304,544,133,63,-76,-215944,6,2,-3,0,36292,120,30,65,0,0,0,0,0,0,0,0,-32304,0,0,0,0,0,197906,0
197853,-670,8314,538,135,57,-73,-215946,-4,-2,-4,0,36292,120,30,65,0,0,0,0,0,0,0,0,-32304,0,0,0,0,0,197912,0
197858,-678,8300,538,140,57,-75,-215945,3,-1,-4,0,36291,129,30,65,0,0,0,0,0,0,0,0,-32305,0,0,0,0,0,197917,0
197863,-676,8300,562,145,48,-71,-215945,-6,0,-4,0,36291,129,30,65,0,0,0,0,0,0,0,0,-32304,0,0,0,0,0,197922,0
197868,-626,8250,552,148,37,-72,-215944,0,2,-4,0,36291,135,31,65,0,0,0,0,0,0,0,0,-32304,0,0,0,0,0,197928,0
197873,-626,8266,558,150,33,-70,-215945,-2,2,-3,0,36291,135,31,65,0,0,0,0,0,0,0,0,-32304,0,0,0,0,0,197933,0
197878,-624,8274,566,147,22,-68,-215945,-3,0,-4,0,36289,132,31,65,0,0,0,0,0,0,0,0,-32305,0,0,0,0,0,197938,0
197883,-646,8274,604,160,16,-66,-215945,2,0,-6,0,36289,132,31,65,0,0,0,0,0,0,0,0,-32305,0,0,0,0,0,197944,0
197888,-622,8280,580,162,2,-70,-215945,0,-3,-4,0,36289,134,31,65,0,0,0,0,0,0,0,0,-32305,0,0,0,0,0,197949,0
197893,-632,8250,580,164,-4,-67,-215945,0,2,-4,0,36289,134,31,65,0,0,0,0,0,0,0,0,-32304,0,0,0,0,0,197954,0
197898,-608,8232,614,168,-11,-66,-215944,-1,3,-3,0,36293,139,31,65,0,0,0,0,0,0,0,0,-32305,0,0,0,0,0,197959,0
197903,-650,8236,628,166,-18,-66,-215945,-3,-4,-2,0,36293,139,31,65,0,0,0,0,0,0,0,0,-32305,0,0,0,0,0,197965,0
197908,-588,8226,666,167,-37,-62,-215945,-2,-3,-3,0,36295,136,30,65,0,0,0,0,0,0,0,0,-32304,0,0,0,0,0,197970,0
197913,-598,8218,660,167,-45,-65,-215944,1,1,-3,0,36295,136,30,65,0,0,0,0,0,0,0,0,-32305,0,0,0,0,0,197975,0
197918,-572,8242,658,166,-49,-63,-215945,-3,-2,-2,0,36295,137,30,65,0,0,0,0,0,0,0,0,-32304,0,0,0,0,0,197981,0
197923,-574,8234,694,159,-52,-55,-215945,1,-2,-6,0,36295,137,30,65,0,0,0,0,0,0,0,0,-32304,0,0,0,0,0,197986,0
197928,-546,8238,698,161,-67,-55,-215946,-4,-6,-5,0,36298,127,30,65,0,0,0,0,0,0,0,0,-32305,0,0,0,0,0,197991,0
197933,-532,8240,714,151,-81,-57,-215945,-4,-3,-5,0,36298,127,30,65,0,0,0,0,0,0,0,0,-32304,0,0,0,0,0,197997,0
197938,-526,8236,726,150,-84,-50,-215945,-2,-1,-3,0,36297,124,31,65,0,0,0,0,0,0,0,0,-32305,0,0,0,0,0,198002,0
197943,-530,8234,738,143,-88,-47,-215945,0,-4,-4,0,36297,124,31,65,0,0,0,0,0,0,0,0,-32304,0,0,0,0,0,198007,0
197948,-516,8232,770,139,-94,-40,-215944,2,0,-4,0,36296,123,30,65,0,0,0,0,0,0,0,0,-32304,0,0,0,0,0,198013,0
197953,-520,8252,786,139,-99,-32,-215945,-5,2,-4,0,36296,123,30,65,0,0,0,0,0,0,0,0,-32304,0,0,0,0,0,198018,0
197958,-502,8178,770,132,-111,-30,-215944,-1,2,-3,0,36291,128,30,65,0,0,0,0,0,0,0,0,-32304,0,0,0,0,0,198023,0
197963,-500,8178,798,125,-111,-24,-215945,0,-3,-1,0,36291,128,30,65,0,0,0,0,0,0,0,0,-32304,0,0,0,0,0,198029,0
197968,-510,8152,814,116,-122,-19,-215945,-3,-2,-2,0,36290,130,30,65,0,0,0,0,0,0,0,0,-32304,0,0,0,0,0,198034,0
197973,-504,8114,800,107,-115,-14,-215944,1,5,-1,0,36290,130,30,65,0,0,0,0,0,0,0,0,-32304,0,0,0,0,0,198039,0
197978,-510,8112,802,104,-132,-14,-215945,1,-1,-3,0,36291,138,30,65,0,0,0,0,0,0,0,0,-32305,0,0,0,0,0,198044,0
197983,-506,8082,812,98,-133,-12,-215945,-4,0,-5,0,36291,138,30,65,0,0,0,0,0,0,0,0,-32304,0,0,0,0,0,198050,0
197988,-510,8062,810,81,-141,-9,-215944,-3,4,-5,0,36291,135,31,65,0,0,0,0,0,0,0,0,-32305,0,0,0,0,0,198055,0
197993,-504,8052,808,77,-142,-14,-215946,-4,-2,-3,0,36291,135,31,65,0,0,0,0,0,0,0,0,-32305,0,0,0,0,0,198060,0
197998,-514,8038,816,75,-145,-9,-215945,-5,-3,-2,0,36291,142,30,65,0,0,0,0,0,0,0,0,-32304,0,0,0,0,0,198066,0
198003,-534,8032,816,66,-146,-5,-215945,-2,0,-5,0,36291,142,30,65,0,0,0,0,0,0,0,0,-32304,0,0,0,0,0,198071,0
198008,-554,7982,798,54,-152,-9,-215945,5,-1,-4,0,36290,150,31,65,0,0,0,0,0,0,0,0,-32304,0,0,0,0,0,198076,0
198013,-558,8002,788,49,-163,-3,-215945,-2,0,-4,0,36290,150,31,65,0,0,0,0,0,0,0,0,-32304,0,0,0,0,0,198082,0
198018,-566,7990,776,44,-155,-4,-215945,-1,2,-2,0,36291,136,30,65,0,0,0,0,0,0,0,0,-32304,0,0,0,0,0,198087,0
198023,-568,7992,778,33,-162,0,-215946,-3,-5,-3,0,36291,136,30,65,0,0,0,0,0,0,0,0,-32304,0,0,0,0,0,198092,0
198028,-574,7992,746,20,-169,3,-215945,-5,1,-2,0,36293,126,30,65,0,0,0,0,0,0,0,0,-32304,0,0,0,0,0,198098,0
198033,-576,7954,756,15,-176,0,-215945,-1,-3,-4,0,36293,126,30,65,0,0,0,0,0,0,0,0,-32304,0,0,0,0,0,198104,0
198038,-582,7948,730,13,-174,3,-215946,-1,-2,-4,0,36293,120,31,65,0,0,0,0,0,0,0,0,-32304,0,0,0,0,0,198109,0
198043,-622,7938,700,7,-179,1,-215944,1,6,-5,0,36293,120,31,65,0,0,0,0,0,0,0,0,-32304,0,0,0,0,0,198114,0
198048,-654,7950,676,2,-179,1,-215945,0,1,-3,0,36293,121,30,65,0,0,0,0,0,0,0,0,-32304,0,0,0,0,0,198120,0
198053,-652,7948,680,-2,-184,4,-215943,6,0,-4,0,36293,121,30,65,0,0,0,0,0,0,0,0,-32304,0,0,0,0,0,198125,0
198058,-648,7944,644,-11,-177,1,-215945,0,0,-4,0,36288,130,30,65,0,0,0,0,0,0,0,0,-32305,0,0,0,0,0,198130,0
198063,-684,7914,624,-7,-184,-2,-215946,-5,-3,-3,0,36288,130,30,65,0,0,0,0,0,0,0,0,-32304,0,0,0,0,0,198136,0
198068,-652,7934,590,-10,-179,-9,-215945,-5,2,-3,0,36288,136,31,65,0,0,0,0,0,0,0,0,-32304,0,0,0,0,0,198141,0
198073,-680,7950,584,-13,-174,-13,-215945,3,-3,-2,0,36288,136,31,65,0,0,0,0,0,0,0,0,-32304,0,0,0,0,0,198146,0
198078,-694,7942,572,-10,-179,-20,-215945,4,-2,-2,0,36289,138,31,65,0,0,0,0,0,0,0,0,-32305,0,0,0,0,0,198152,0
198083,-710,7922,536,-13,-178,-23,-215944,1,6,-2,0,36289,138,31,65,0,0,0,0,0,0,0,0,-32304,0,0,0,0,0,198157,0
198088,-726,7912,518,-6,-176,-42,-215945,1,0,-4,0,36291,140,31,65,0,0,0,0,0,0,0,0,-32305,0,0,0,0,0,198162,0
198093,-742,7924,520,-2,-176,-45,-215946,0,-5,-3,0,36291,140,31,65,0,0,0,0,0,0,0,0,-32304,0,0,0,0,0,198168,0
198098,-780,7934,492,-8,-182,-58,-215946,2,-2,-4,0,36291,126,30,65,0,0,0,0,0,0,0,0,-32304,0,0,0,0,0,198173,0
198103,-788,7958,474,-9,-180,-69,-215944,9,-2,-3,0,36291,126,30,65,0,0,0,0,0,0,0,0,-32304,0,0,0,0,0,198178,0
198108,-830,7958,448,-5,-185,-89,-215944,6,2,-4,0,36291,125,30,65,0,0,0,0,0,0,0,0,-32305,0,0,0,0,0,198184,0
198113,-812,7990,438,1,-193,-102,-215945,-5,0,-4,0,36291,125,30,65,0,0,0,0,0,0,0,0,-32305,0,0,0,0,0,198189,0
198118,-820,7956,442,2,-197,-111,-215945,3,3,-4,0,36291,126,30,65,0,0,0,0,0,0,0,0,-32304,0,0,0,0,0,198194,0
198123,-794,7970,452,2,-187,-123,-215946,0,-6,-3,0,36291,126,30,65,0,0,0,0,0,0,0,0,-32304,0,0,0,0,0,198200,0
198128,-844,7922,390,8,-200,-142,-215943,14,8,-2,0,36288,129,31,65,0,0,0,0,0,0,0,0,-32304,0,0,0,0,0,198205,0
198133,-818,7922,424,3,-213,-150,-215946,-5,1,-6,0,36288,129,31,65,0,0,0,0,0,0,0,0,-32304,0,0,0,0,0,198210,0
198138,-796,7928,396,8,-208,-159,-215945,-4,4,-3,0,36291,135,31,65,0,0,0,0,0,0,0,0,-32305,0,0,0,0,0,198215,0
198143,-754,7934,392,12,-214,-162,-215945,-1,-3,-4,0,36291,135,31,65,0,0,0,0,0,0,0,0,-32304,0,0,0,0,0,198221,0
198148,-712,7914,376,23,-205,-187,-215946,-3,-6,-4,0,36293,141,30,65,0,0,0,0,0,0,0,0,-32304,0,0,0,0,0,198226,0
198153,-700,7940,348,24,-204,-188,-215944,1,0,-3,0,36293,141,30,65,0,0,0,0,0,0,0,0,-32305,0,0,0,0,0,198231,0
198158,-738,7940,326,28,-209,-193,-215945,-1,-4,-4,0,36296,139,30,65,0,0,0,0,0,0,0,0,-32304,0,0,0,0,0,198237,0
198163,-696,7964,350,36,-209,-196,-215944,6,2,-3,0,36296,139,30,65,0,0,0,0,0,0,0,0,-32304,0,0,0,0,0,198242,0
198168,-682,7984,364,51,-217,-206,-215945,-3,-2,-4,0,36291,136,30,65,0,0,0,0,0,0,0,0,-32305,0,0,0,0,0,198247,0
198173,-618,8014,348,56,-214,-206,-215945,-1,2,-3,0,36291,136,30,65,0,0,0,0,0,0,0,0,-32304,0,0,0,0,0,198253,0
198178,-632,8036,342,64,-215,-202,-215945,-1,-2,-4,0,36289,133,30,65,0,0,0,0,0,0,0,0,-32304,0,0,0,0,0,198258,0
198183,-574,8044,330,67,-217,-206,-215944,2,0,-4,0,36289,133,30,65,0,0,0,0,0,0,0,0,-32304,0,0,0,0,0,198263,0
198188,-560,8092,360,80,-210,-199,-215944,3,3,-3,0,36288,133,30,65,0,0,0,0,0,0,0,0,-32305,0,0,0,0,0,198269,0
198193,-540,8112,328,88,-203,-199,-215945,-1,2,-3,0,36288,133,30,65,0,0,0,0,0,0,0,0,-32305,0,0,0,0,0,198274,0
198198,-528,8172,372,90,-194,-197,-215945,2,0,-3,0,36286,135,30,65,0,0,0,0,0,0,0,0,-32304,0,0,0,0,0,198279,0
198203,-542,8206,354,106,-193,-188,-215945,3,-2,-3,0,36286,135,30,65,0,0,0,0,0,0,0,0,-32304,0,0,0,0,0,198285,0
198208,-500,8236,372,117,-189,-176,-215945,-3,1,-3,0,36286,130,31,65,0,0,0,0,0,0,0,0,-32304,0,0,0,0,0,198290,0
198213,-476,8276,350,122,-178,-168,-215944,0,1,-4,0,36286,130,31,65,0,0,0,0,0,0,0,0,-32305,0,0,0,0,0,198295,0
198218,-480,8266,360,123,-175,-160,-215945,-5,-3,-3,0,36284,124,30,65,0,0,0,0,0,0,0,0,-32305,0,0,0,0,0,198300,0
198223,-476,8300,374,135,-161,-149,-215944,2,1,-3,0,36284,124,30,65,0,0,0,0,0,0,0,0,-32304,0,0,0,0,0,198306,0
198228,-464,8296,384,146,-145,-131,-215944,-1,0,-3,0,36285,125,30,65,0,0,0,0,0,0,0,0,-32305,0,0,0,0,0,198311,0
198233,-470,8302,380,145,-141,-122,-215945,5,1,-4,0,36285,125,30,65,0,0,0,0,0,0,0,0,-32304,0,0,0,0,0,198316,0
198238,-474,8296,396,156,-136,-113,-215946,-5,-2,-4,0,36291,130,31,65,0,0,0,0,0,0,0,0,-32305,0,0,0,0,0,198322,0
198243,-442,8306,392,161,-123,-103,-215945,0,4,-5,0,36291,130,31,65,0,0,0,0,0,0,0,0,-32305,0,0,0,0,0,198327,0
198248,-482,8302,404,169,-110,-95,-215945,1,3,-4,0,36293,130,30,65,0,0,0,0,0,0,0,0,-32305,0,0,0,0,0,198333,0
198253,-448,8308,428,175,-97,-87,-215945,-8,4,-3,0,36293,130,30,65,0,0,0,0,0,0,0,0,-32304,0,0,0,0,0,198338,0
198258,-488,8320,416,184,-90,-83,-215945,-6,-1,-2,0,36291,139,31,65,0,0,0,0,0,0,0,0,-32305,0,0,0,0,0,198344,0
198263,-488,8314,430,184,-80,-77,-215946,-1,-2,-4,0,36291,139,31,65,0,0,0,0,0,0,0,0,-32304,0,0,0,0,0,198350,0
198268,-502,8324,456,187,-61,-66,-215944,4,-1,-4,0,36286,134,30,65,0,0,0,0,0,0,0,0,-32304,0,0,0,0,0,198355,0
198273,-488,8302,478,190,-48,-59,-215945,0,2,-2,0,36286,134,30,65,0,0,0,0,0,0,0,0,-32304,0,0,0,0,0,198360,0
198278,-502,8296,494,194,-44,-55,-215944,4,8,-3,0,36281,138,30,65,0,0,0,0,0,0,0,0,-32305,0,0,0,0,0,198365,0
198283,-492,8270,470,198,-34,-55,-215944,1,0,-4,0,36281,138,30,65,0,0,0,0,0,0,0,0,-32304,0,0,0,0,0,198371,0
198288,-498,8264,534,193,-14,-44,-215944,2,-1,-2,0,36284,132,31,65,0,0,0,0,0,0,0,0,-32305,0,0,0,0,0,198376,0
198293,-488,8254,542,207,-11,-46,-215945,5,1,-3,0,36284,132,31,65,0,0,0,0,0,0,0,0,-32304,0,0,0,0,0,198381,0
198298,-478,8232,570,197,-6,-40,-215944,4,-3,-3,0,36288,133,30,65,0,0,0,0,0,0,0,0,-32305,0,0,0,0,0,198387,0
198303,-482,8208,564,199,-1,-33,-215944,0,-4,-3,0,36288,133,30,65,0,0,0,0,0,0,0,0,-32304,0,0,0,0,0,198392,0
198308,-500,8182,630,195,12,-29,-215944,4,3,-3,0,36290,137,30,65,0,0,0,0,0,0,0,0,-32305,0,0,0,0,0,198397,0
198313,-482,8166,622,194,20,-27,-215946,-5,0,-2,0,36290,137,30,65,0,0,0,0,0,0,0,0,-32304,0,0,0,0,0,198403,0
198318,-476,8138,612,191,25,-26,-215945,0,0,-2,0,36290,139,30,65,0,0,0,0,0,0,0,0,-32304,0,0,0,0,0,198408,0
198323,-480,8154,632,183,31,-19,-215945,-7,-6,-4,0,36290,139,30,65,0,0,0,0,0,0,0,0,-32305,0,0,0,0,0,198413,0
198328,-438,8160,672,177,41,-16,-215945,0,5,-4,0,36289,128,31,65,0,0,0,0,0,0,0,0,-32305,0,0,0,0,0,198419,0
198333,-470,8174,706,178,56,-4,-215945,-3,2,-4,0,36289,128,31,65,0,0,0,0,0,0,0,0,-32304,0,0,0,0,0,198424,0
198338,-446,8148,678,168,54,-2,-215945,-6,5,-4,0,36293,125,30,65,0,0,0,0,0,0,0,0,-32304,0,0,0,0,0,198429,0
198343,-464,8094,684,169,55,0,-215945,-6,-2,-5,0,36293,125,30,65,0,0,0,0,0,0,0,0,-32305,0,0,0,0,0,198435,0
198348,-460,8058,710,159,71,9,-215944,5,2,-3,0,36293,124,31,65,0,0,0,0,0,0,0,0,-32305,0,0,0,0,0,198440,0
198353,-458,8046,702,157,76,9,-215945,1,-1,-3,0,36293,124,31,65,0,0,0,0,0,0,0,0,-32305,0,0,0,0,0,198445,0
198358,-470,8048,724,155,78,19,-215944,1,2,-4,0,36292,122,30,65,0,0,0,0,0,0,0,0,-32304,0,0,0,0,0,198451,0
198363,-468,8048,736,144,86,26,-215945,-1,1,-2,0,36292,122,30,65,0,0,0,0,0,0,0,0,-32305,0,0,0,0,0,198456,0
198368,-500,8014,738,139,86,25,-215945,0,0,-4,0,36289,124,30,65,0,0,0,0,0,0,0,0,-32304,0,0,0,0,0,198461,0
198373,-514,8054,742,126,89,36,-215944,8,-2,-4,0,36289,124,30,65,0,0,0,0,0,0,0,0,-32304,0,0,0,0,0,198467,0
198378,-508,8038,760,125,83,38,-215945,2,4,-3,0,36291,127,30,65,0,0,0,0,0,0,0,0,-32305,0,0,0,0,0,198472,0
198383,-498,8028,756,120,87,37,-215946,-5,0,-4,0,36291,127,30,65,0,0,0,0,0,0,0,0,-32305,0,0,0,0,0,198477,0
198388,-522,8048,760,110,93,52,-215946,-3,0,-3,0,36293,126,30,65,0,0,0,0,0,0,0,0,-32305,0,0,0,0,0,198482,0
198393,-508,8026,750,109,91,50,-215944,-1,4,-3,0,36293,126,30,65,0,0,0,0,0,0,0,0,-32304,0,0,0,0,0,198488,0
198398,-528,8028,766,106,91,49,-215945,0,-2,-2,0,36295,136,30,65,0,0,0,0,0,0,0,0,-32304,0,0,0,0,0,198493,0
198403,-512,8020,764,97,91,53,-215945,-7,0,-2,0,36295,136,30,65,0,0,0,0,0,0,0,0,-32305,0,0,0,0,0,198498,0
198408,-504,8012,776,91,86,56,-215945,0,-2,-3,0,36296,129,31,65,0,0,0,0,0,0,0,0,-32304,0,0,0,0,0,198504,0
198413,-580,7988,754,84,83,55,-215944,5,2,-3,0,36296,129,31,65,0,0,0,0,0,0,0,0,-32305,0,0,0,0,0,198509,0
198418,-552,8012,750,78,83,62,-215944,2,4,-3,0,36295,135,30,65,0,0,0,0,0,0,0,0,-32304,0,0,0,0,0,198514,0
198423,-534,8000,770,72,84,60,-215945,0,2,-3,0,36295,135,30,65,0,0,0,0,0,0,0,0,-32304,0,0,0,0,0,198520,0
198428,-584,8010,756,62,75,60,-215945,0,0,-3,0,36292,129,31,65,0,0,0,0,0,0,0,0,-32304,0,0,0,0,0,198525,0
198433,-584,8030,730,57,65,66,-215946,-6,-2,-5,0,36292,129,31,65,0,0,0,0,0,0,0,0,-32304,0,0,0,0,0,198530,0
198438,-584,8024,720,52,68,69,-215945,0,1,-3,0,36296,129,30,65,0,0,0,0,0,0,0,0,-32304,0,0,0,0,0,198536,0
198443,-562,8028,712,48,66,70,-215945,0,3,-2,0,36296,129,30,65,0,0,0,0,0,0,0,0,-32305,0,0,0,0,0,198541,0
198448,-586,8046,712,33,64,70,-215944,6,4,-2,0,36296,134,30,65,0,0,0,0,0,0,0,0,-32305,0,0,0,0,0,198546,0
198453,-538,8074,684,33,66,75,-215943,10,3,-2,0,36296,134,30,65,0,0,0,0,0,0,0,0,-32304,0,0,0,0,0,198552,0
198458,-576,8066,686,32,56,72,-215945,-1,1,-3,0,36296,144,31,65,0,0,0,0,0,0,0,0,-32305,0,0,0,0,0,198557,0
198463,-562,8084,668,24,53,75,-215945,-4,1,-3,0,36296,144,31,65,0,0,0,0,0,0,0,0,-32305,0,0,0,0,0,198562,0
198468,-596,8122,668,19,48,81,-215945,0,-3,-4,0,36294,135,30,65,0,0,0,0,0,0,0,0,-32305,0,0,0,0,0,198568,0
198473,-602,8114,618,19,42,79,-215946,0,4,-3,0,36294,135,30,65,0,0,0,0,0,0,0,0,-32304,0,0,0,0,0,198573,0
198478,-602,8116,648,16,45,80,-215945,-5,-3,-3,0,36291,135,31,65,0,0,0,0,0,0,0,0,-32304,0,0,0,0,0,198578,0
198483,-610,8116,644,8,42,87,-215944,3,0,-3,0,36291,135,31,65,0,0,0,0,0,0,0,0,-32304,0,0,0,0,0,198583,0
198488,-596,8080,604,2,41,85,-215946,-3,6,-3,0,36292,137,30,65,0,0,0,0,0,0,0,0,-32305,0,0,0,0,0,198589,0
198493,-594,8082,616,3,33,86,-215944,-6,-1,-3,0,36292,137,30,65,0,0,0,0,0,0,0,0,-32305,0,0,0,0,0,198594,0
198498,-614,8112,624,7,36,81,-215944,0,-1,-3,0,36294,137,30,65,0,0,0,0,0,0,0,0,-32304,0,0,0,0,0,198599,0
198503,-602,8132,586,5,35,89,-215944,4,4,-5,0,36294,137,30,65,0,0,0,0,0,0,0,0,-32305,0,0,0,0,0,198605,0
198508,-626,8132,580,4,41,88,-215945,4,0,-4,0,36292,136,30,65,0,0,0,0,0,0,0,0,-32305,0,0,0,0,0,198610,0
198513,-600,8142,580,6,45,94,-215945,5,-1,-3,0,36292,136,30,65,0,0,0,0,0,0,0,0,-32305,0,0,0,0,0,198615,0
198518,-582,8146,564,7,49,96,-215944,6,3,-3,0,36291,126,31,65,0,0,0,0,0,0,0,0,-32305,0,0,0,0,0,198621,0
198523,-602,8182,574,5,56,100,-215946,0,2,-3,0,36291,126,31,65,0,0,0,0,0,0,0,0,-32304,0,0,0,0,0,198626,0
198528,-648,8160,552,8,66,96,-215946,-5,3,-3,0,36291,132,30,65,0,0,0,0,0,0,0,0,-32304,0,0,0,0,0,198631,0
198533,-618,8134,534,10,77,99,-215945,-2,-2,-3,0,36291,132,30,65,0,0,0,0,0,0,0,0,-32304,0,0,0,0,0,198637,0
198538,-620,8116,514,16,84,97,-215944,0,-2,-5,0,36290,134,30,65,0,0,0,0,0,0,0,0,-32304,0,0,0,0,0,198642,0
198543,-634,8116,536,12,84,95,-215946,-1,2,-6,0,36290,134,30,65,0,0,0,0,0,0,0,0,-32304,0,0,0,0,0,198647,0
198548,-608,8110,500,14,101,91,-215945,-3,2,-3,0,36297,125,30,65,0,0,0,0,0,0,0,0,-32305,0,0,0,0,0,198652,0
198553,-580,8084,494,9,109,86,-215945,6,-2,-4,0,36297,125,30,65,0,0,0,0,0,0,0,0,-32304,0,0,0,0,0,198658,0
198558,-628,8096,492,12,109,80,-215945,0,3,-3,0,36296,128,30,65,0,0,0,0,0,0,0,0,-32305,0,0,0,0,0,198663,0
198563,-646,8072,488,14,117,82,-215945,-3,5,-3,0,36296,128,30,65,0,0,0,0,0,0,0,0,-32305,0,0,0,0,0,198668,0
198568,-642,8124,474,13,120,75,-215945,0,-3,-3,0,36296,133,30,65,0,0,0,0,0,0,0,0,-32305,0,0,0,0,0,198674,0
198573,-628,8132,446,15,123,78,-215945,1,-2,-2,0,36296,133,30,65,0,0,0,0,0,0,0,0,-32305,0,0,0,0,0,198679,0
198578,-646,8174,436,10,135,75,-215945,-3,0,-3,0,36288,134,31,65,0,0,0,0,0,0,0,0,-32304,0,0,0,0,0,198684,0
198583,-678,8176,430,13,130,79,-215945,3,2,-4,0,36288,134,31,65,0,0,0,0,0,0,0,0,-32305,0,0,0,0,0,198690,0
198588,-682,8176,422,11,143,83,-215945,4,-1,-3,0,36289,134,31,65,0,0,0,0,0,0,0,0,-32305,0,0,0,0,0,198695,0
198593,-632,8212,418,13,148,78,-215945,-3,1,-3,0,36289,134,31,65,0,0,0,0,0,0,0,0,-32304,0,0,0,0,0,198700,0
198598,-650,8206,384,20,149,85,-215945,-9,-1,-3,0,36291,132,31,65,0,0,0,0,0,0,0,0,-32304,0,0,0,0,0,198706,0
198603,-648,8178,386,18,152,85,-215944,6,2,-2,0,36291,132,31,65,0,0,0,0,0,0,0,0,-32304,0,0,0,0,0,198711,0
198608,-650,8182,372,21,162,86,-215946,0,-1,-3,0,36291,129,30,65,0,0,0,0,0,0,0,0,-32305,0,0,0,0,0,198716,0
198613,-628,8150,354,26,170,92,-215945,-7,-2,-3,0,36291,129,30,65,0,0,0,0,0,0,0,0,-32305,0,0,0,0,0,198722,0
198618,-620,8186,342,34,170,87,-215945,0,1,-3,0,36288,136,30,65,0,0,0,0,0,0,0,0,-32304,0,0,0,0,0,198727,0
198623,-586,8182,336,38,171,94,-215945,-8,5,-3,0,36288,136,30,65,0,0,0,0,0,0,0,0,-32304,0,0,0,0,0,198732,0
198628,-596,8176,338,56,190,97,-215945,4,-3,-4,0,36288,141,31,65,0,0,0,0,0,0,0,0,-32304,0,0,0,0,0,198737,0
198633,-588,8184,330,55,192,99,-215944,0,-1,-4,0,36288,141,31,65,0,0,0,0,0,0,0,0,-32304,0,0,0,0,0,198743,0
198638,-586,8168,320,65,196,97,-215945,2,7,-4,0,36291,137,30,65,0,0,0,0,0,0,0,0,-32305,0,0,0,0,0,198748,0
198643,-602,8180,330,65,198,100,-215944,6,-2,-4,0,36291,137,30,65,0,0,0,0,0,0,0,0,-32304,0,0,0,0,0,198753,0
198648,-636,8148,316,80,206,95,-215945,-2,-1,-5,0,36293,146,31,65,0,0,0,0,0,0,0,0,-32304,0,0,0,0,0,198759,0
198653,-652,8178,344,86,212,103,-215945,-3,-3,-7,0,36293,146,31,65,0,0,0,0,0,0,0,0,-32305,0,0,0,0,0,198764,0
198658,-656,8178,370,91,213,97,-215945,2,0,-3,0,36295,129,30,65,0,0,0,0,0,0,0,0,-32304,0,0,0,0,0,198769,0
198663,-690,8198,370,104,217,97,-215946,-4,1,-3,0,36295,129,30,65,0,0,0,0,0,0,0,0,-32305,0,0,0,0,0,198775,0
198668,-704,8162,378,115,204,89,-215945,-1,-2,-4,0,36294,128,30,65,0,0,0,0,0,0,0,0,-32304,0,0,0,0,0,198780,0
198673,-730,8142,400,125,203,88,-215946,-3,0,-4,0,36294,128,30,65,0,0,0,0,0,0,0,0,-32305,0,0,0,0,0,198785,0
198678,-724,8122,406,124,205,86,-215946,0,2,-3,0,36293,130,31,65,0,0,0,0,0,0,0,0,-32304,0,0,0,0,0,198791,0
198683,-744,8148,414,134,196,83,-215945,-2,-3,-4,0,36293,130,31,65,0,0,0,0,0,0,0,0,-32305,0,0,0,0,0,198796,0
198688,-766,8142,440,140,197,68,-215944,0,4,-3,0,36289,122,30,65,0,0,0,0,0,0,0,0,-32304,0,0,0,0,0,198801,0
198693,-764,8146,456,145,185,59,-215945,5,8,-3,0,36289,122,30,65,0,0,0,0,0,0,0,0,-32304,0,0,0,0,0,198807,0
198698,-758,8146,460,146,179,57,-215945,-3,-3,-2,0,36288,131,30,65,0,0,0,0,0,0,0,0,-32305,0,0,0,0,0,198812,0
198703,-786,8130,474,152,178,54,-215943,6,-3,-3,0,36288,131,30,65,0,0,0,0,0,0,0,0,-32304,0,0,0,0,0,198817,0
198708,-802,8106,514,151,154,46,-215945,3,-1,-3,0,36289,139,31,65,0,0,0,0,0,0,0,0,-32304,0,0,0,0,0,198823,0
198713,-774,8084,530,150,153,46,-215945,2,2,-3,0,36289,139,31,65,0,0,0,0,0,0,0,0,-32305,0,0,0,0,0,198828,0
198718,-788,8080,532,146,141,47,-215945,2,-3,-3,0,36289,134,30,65,0,0,0,0,0,0,0,0,-32304,0,0,0,0,0,198833,0
198723,-764,8060,552,155,132,43,-215945,0,3,-2,0,36289,134,30,65,0,0,0,0,0,0,0,0,-32304,0,0,0,0,0,198839,0
198728,-740,8002,576,139,114,42,-215945,-1,-2,-2,0,36288,133,31,65,0,0,0,0,0,0,0,0,-32304,0,0,0,0,0,198844,0
198733,-736,8000,586,141,113,39,-215945,-1,-1,-4,0,36288,133,31,65,0,0,0,0,0,0,0,0,-32304,0,0,0,0,0,198849,0
198738,-696,8014,602,139,99,42,-215945,4,0,-4,0,36289,126,31,65,0,0,0,0,0,0,0,0,-32304,0,0,0,0,0,198854,0
198743,-698,7978,592,126,98,40,-215946,-7,-3,-4,0,36289,126,31,65,0,0,0,0,0,0,0,0,-32304,0,0,0,0,0,198860,0
198748,-686,7976,622,121,83,46,-215945,1,-1,-3,0,36291,127,31,65,0,0,0,0,0,0,0,0,-32304,0,0,0,0,0,198865,0
198753,-674,7960,640,119,80,47,-215944,5,1,-3,0,36291,127,31,65,0,0,0,0,0,0,0,0,-32304,0,0,0,0,0,198870,0
198758,-674,7966,610,116,76,50,-215945,-6,-2,-5,0,36297,127,30,65,0,0,0,0,0,0,0,0,-32305,0,0,0,0,0,198876,0
198763,-656,7940,632,107,73,51,-215945,0,-2,-2,0,36297,127,30,65,0,0,0,0,0,0,0,0,-32304,0,0,0,0,0,198881,0
198768,-644,7920,614,94,67,52,-215945,2,-3,-4,0,36296,124,31,65,0,0,0,0,0,0,0,0,-32304,0,0,0,0,0,198886,0
198773,-646,7934,628,93,69,59,-215945,0,-3,-3,0,36296,124,31,65,0,0,0,0,0,0,0,0,-32304,0,0,0,0,0,198892,0
198778,-668,7946,600,85,64,51,-215943,7,5,-2,0,36295,131,31,65,0,0,0,0,0,0,0,0,-32304,0,0,0,0,0,198897,0
198783,-664,7928,602,84,65,55,-215945,0,-3,-4,0,36295,131,31,65,0,0,0,0,0,0,0,0,-32305,0,0,0,0,0,198902,0
198788,-660,7936,572,74,58,50,-215944,-1,6,-3,0,36290,144,31,65,0,0,0,0,0,0,0,0,-32305,0,0,0,0,0,198908,0
198793,-692,7948,572,66,53,55,-215945,-1,-2,-4,0,36290,144,31,65,0,0,0,0,0,0,0,0,-32305,0,0,0,0,0,198913,0
198798,-676,7956,552,64,48,52,-215944,0,1,-4,0,36289,148,31,65,0,0,0,0,0,0,0,0,-32304,0,0,0,0,0,198918,0
198803,-696,7958,546,61,48,49,-215945,0,1,-4,0,36289,148,31,65,0,0,0,0,0,0,0,0,-32304,0,0,0,0,0,198924,0
198808,-670,8010,530,58,42,41,-215945,3,-1,-4,0,36288,150,30,65,0,0,0,0,0,0,0,0,-32304,0,0,0,0,0,198929,0
198813,-682,7998,514,60,39,39,-215945,0,-1,-3,0,36288,150,30,65,0,0,0,0,0,0,0,0,-32304,0,0,0,0,0,198934,0
198818,-664,8042,508,61,36,33,-215945,-5,0,-2,0,36288,143,31,65,0,0,0,0,0,0,0,0,-32305,0,0,0,0,0,198939,0
198823,-672,8046,504,59,34,29,-215945,1,0,-3,0,36288,143,31,65,0,0,0,0,0,0,0,0,-32305,0,0,0,0,0,198945,0
198828,-670,8072,474,64,30,19,-215945,0,-3,-4,0,36289,142,31,65,0,0,0,0,0,0,0,0,-32304,0,0,0,0,0,198950,0
198833,-664,8060,462,64,22,16,-215945,1,1,-4,0,36289,142,31,65,0,0,0,0,0,0,0,0,-32304,0,0,0,0,0,198955,0
198838,-648,8100,462,65,20,11,-215944,-4,2,-6,0,36288,133,31,65,0,0,0,0,0,0,0,0,-32305,0,0,0,0,0,198961,0
198843,-668,8082,450,66,19,12,-215945,0,1,-5,0,36288,133,31,65,0,0,0,0,0,0,0,0,-32304,0,0,0,0,0,198966,0
198848,-638,8132,430,68,13,12,-215944,7,3,-4,0,36287,134,31,65,0,0,0,0,0,0,0,0,-32305,0,0,0,0,0,198971,0
198853,-634,8170,458,76,13,10,-215945,4,-2,-2,0,36287,134,31,65,0,0,0,0,0,0,0,0,-32305,0,0,0,0,0,198977,0
198858,-648,8196,444,74,13,14,-215945,-3,2,-3,0,36285,131,30,65,0,0,0,0,0,0,0,0,-32304,0,0,0,0,0,198982,0
198863,-642,8198,444,76,9,14,-215945,-2,1,-1,0,36285,131,30,65,0,0,0,0,0,0,0,0,-32304,0,0,0,0,0,198987,0
198868,-644,8168,464,81,13,19,-215945,-2,-2,-4,0,36292,133,30,65,0,0,0,0,0,0,0,0,-32305,0,0,0,0,0,198993,0
198873,-616,8176,472,86,17,25,-215944,9,0,-2,0,36292,133,30,65,0,0,0,0,0,0,0,0,-32304,0,0,0,0,0,198998,0
198878,-600,8198,448,84,19,29,-215945,-5,2,-3,0,36294,126,31,65,0,0,0,0,0,0,0,0,-32304,0,0,0,0,0,199003,0
198883,-618,8170,478,83,23,28,-215945,1,5,-3,0,36294,126,31,65,0,0,0,0,0,0,0,0,-32305,0,0,0,0,0,199009,0
198888,-604,8182,478,87,28,36,-215945,-4,-3,-4,0,36296,120,30,65,0,0,0,0,0,0,0,0,-32305,0,0,0,0,0,199014,0
198893,-604,8172,462,86,39,36,-215946,-5,-4,-4,0,36296,120,30,65,0,0,0,0,0,0,0,0,-32304,0,0,0,0,0,199019,0
198898,-600,8176,474,82,41,39,-215944,2,0,-4,0,36292,131,31,65,0,0,0,0,0,0,0,0,-32304,0,0,0,0,0,199024,0
198903,-598,8198,464,81,43,40,-215945,-2,0,-2,0,36292,131,31,65,0,0,0,0,0,0,0,0,-32304,0,0,0,0,0,199030,0
198908,-634,8202,480,79,52,45,-215945,-4,3,-2,0,36291,125,30,65,0,0,0,0,0,0,0,0,-32305,0,0,0,0,0,199035,0
198913,-632,8188,472,83,54,40,-215945,2,-4,-2,0,36291,125,30,65,0,0,0,0,0,0,0,0,-32304,0,0,0,0,0,199040,0
198918,-662,8224,478,79,56,47,-215945,0,-4,-2,0,36298,125,30,65,0,0,0,0,0,0,0,0,-32304,0,0,0,0,0,199046,0
198923,-652,8216,488,76,64,43,-215945,3,0,-3,0,36298,125,30,65,0,0,0,0,0,0,0,0,-32304,0,0,0,0,0,199051,0
198928,-652,8254,460,77,68,36,-215944,5,0,-2,0,36302,130,31,65,0,0,0,0,0,0,0,0,-32304,0,0,0,0,0,199056,0
198933,-672,8232,488,69,77,33,-215945,0,0,-3,0,36302,130,31,65,0,0,0,0,0,0,0,0,-32304,0,0,0,0,0,199062,0
198938,-664,8228,498,74,80,32,-215944,3,5,-3,0,36303,127,31,65,0,0,0,0,0,0,0,0,-32304,0,0,0,0,0,199067,0
198943,-670,8252,498,68,82,28,-215946,-3,-4,-4,0,36303,127,31,65,0,0,0,0,0,0,0,0,-32304,0,0,0,0,0,199072,0
198948,-678,8190,490,64,90,26,-215945,-1,-1,-4,0,36295,127,30,65,0,0,0,0,0,0,0,0,-32304,0,0,0,0,0,199078,0
198953,-660,8190,490,67,93,19,-215945,-3,-6,-4,0,36295,127,30,65,0,0,0,0,0,0,0,0,-32305,0,0,0,0,0,199083,0
198958,-674,8200,496,64,95,24,-215946,-7,-4,-4,0,36290,126,30,65,0,0,0,0,0,0,0,0,-32305,0,0,0,0,0,199088,0
198963,-668,8170,502,67,93,18,-215946,-4,-5,-3,0,36290,126,30,65,0,0,0,0,0,0,0,0,-32304,0,0,0,0,0,199094,0
198968,-668,8160,498,61,96,18,-215944,-1,-1,-3,0,36291,136,30,65,0,0,0,0,0,0,0,0,-32304,0,0,0,0,0,199099,0
198973,-620,8124,504,68,102,19,-215945,-10,-1,-2,0,36291,136,30,65,0,0,0,0,0,0,0,0,-32305,0,0,0,0,0,199104,0
198978,-646,8116,486,67,102,16,-215944,4,2,-4,0,36295,144,31,65,0,0,0,0,0,0,0,0,-32305,0,0,0,0,0,199110,0
198983,-642,8094,482,67,108,17,-215944,4,-1,-5,0,36295,144,31,65,0,0,0,0,0,0,0,0,-32305,0,0,0,0,0,199115,0
198988,-632,8070,498,71,108,10,-215944,5,4,-3,0,36294,144,31,65,0,0,0,0,0,0,0,0,-32304,0,0,0,0,0,199120,0
198993,-654,8034,500,72,105,4,-215945,0,3,-3,0,36294,144,31,65,0,0,0,0,0,0,0,0,-32304,0,0,0,0,0,199125,0
198998,-640,8042,500,67,112,3,-215945,2,5,-4,0,36294,133,30,65,0,0,0,0,0,0,0,0,-32304,0,0,0,0,0,199131,0
199003,-634,8024,506,71,112,0,-215945,0,-2,-2,0,36294,133,30,65,0,0,0,0,0,0,0,0,-32304,0,0,0,0,0,199136,0
199008,-642,8016,482,78,112,-3,-215945,-4,-1,-2,0,36289,134,30,65,0,0,0,0,0,0,0,0,-32305,0,0,0,0,0,199141,0
199013,-654,7980,484,69,114,-3,-215944,6,5,-2,0,36289,134,30,65,0,0,0,0,0,0,0,0,-32304,0,0,0,0,0,199147,0
199018,-642,8002,482,71,109,-1,-215944,5,-4,-2,0,36288,136,31,65,0,0,0,0,0,0,0,0,-32304,0,0,0,0,0,199152,0
199023,-654,8030,500,73,105,-3,-215945,-4,1,-3,0,36288,136,31,65,0,0,0,0,0,0,0,0,-32305,0,0,0,0,0,199157,0
199028,-684,7994,488,75,106,-9,-215946,-3,0,-3,0,36286,130,30,65,0,0,0,0,0,0,0,0,-32304,0,0,0,0,0,199163,0
199033,-690,7998,502,74,102,-3,-215945,4,-4,-4,0,36286,130,30,65,0,0,0,0,0,0,0,0,-32304,0,0,0,0,0,199169,0
199038,-690,8004,490,73,95,-5,-215946,-2,-4,-3,0,36286,137,30,65,0,0,0,0,0,0,0,0,-32304,0,0,0,0,0,199174,0
199043,-654,8006,468,70,95,-3,-215946,-12,2,-3,0,36286,137,30,65,0,0,0,0,0,0,0,0,-32305,0,0,0,0,0,199180,0
199048,-688,8040,476,68,82,-6,-215946,-4,-2,-3,0,36288,131,31,65,0,0,0,0,0,0,0,0,-32305,0,0,0,0,0,199185,0
199053,-632,8028,472,68,69,0,-215945,-1,-6,-2,0,36288,131,31,65,0,0,0,0,0,0,0,0,-32304,0,0,0,0,0,199190,0
199058,-686,8038,488,65,67,-3,-215944,3,1,-4,0,36290,135,30,65,0,0,0,0,0,0,0,0,-32305,0,0,0,0,0,199196,0
199063,-664,8032,474,68,55,3,-215946,-2,-4,-3,0,36290,135,30,65,0,0,0,0,0,0,0,0,-32305,0,0,0,0,0,199201,0
199068,-670,8070,488,67,40,16,-215945,0,2,-5,0,36288,142,31,65,0,0,0,0,0,0,0,0,-32304,0,0,0,0,0,199206,0
199073,-622,8116,502,63,37,12,-215945,0,1,-5,0,36288,142,31,65,0,0,0,0,0,0,0,0,-32304,0,0,0,0,0,199211,0
199078,-650,8118,488,67,34,18,-215945,0,0,-3,0,36291,144,30,65,0,0,0,0,0,0,0,0,-32305,0,0,0,0,0,199217,0
199083,-636,8136,478,71,26,27,-215945,2,-3,-3,0,36291,144,30,65,0,0,0,0,0,0,0,0,-32304,0,0,0,0,0,199222,0
199088,-654,8178,472,67,15,29,-215945,-1,0,-3,0,36290,142,30,65,0,0,0,0,0,0,0,0,-32305,0,0,0,0,0,199227,0
199093,-668,8164,470,63,13,34,-215944,2,6,-4,0,36290,142,30,65,0,0,0,0,0,0,0,0,-32304,0,0,0,0,0,199233,0
199098,-638,8180,464,58,8,36,-215944,2,4,-4,0,36291,147,31,65,0,0,0,0,0,0,0,0,-32304,0,0,0,0,0,199238,0
199103,-686,8172,464,59,-2,41,-215944,1,1,-3,0,36291,147,31,65,0,0,0,0,0,0,0,0,-32305,0,0,0,0,0,199243,0
199108,-726,8184,458,53,-8,43,-215945,0,0,-3,0,36289,134,30,65,0,0,0,0,0,0,0,0,-32304,0,0,0,0,0,199249,0
199113,-738,8200,442,58,-12,44,-215944,2,5,-3,0,36289,134,30,65,0,0,0,0,0,0,0,0,-32305,0,0,0,0,0,199254,0
199118,-758,8198,452,56,-14,47,-215945,3,-3,-3,0,36291,139,31,65,0,0,0,0,0,0,0,0,-32305,0,0,0,0,0,199259,0
199123,-762,8192,456,56,-14,47,-215945,-3,0,-4,0,36291,139,31,65,0,0,0,0,0,0,0,0,-32304,0,0,0,0,0,199265,0
199128,-776,8200,444,58,-28,39,-215945,1,1,-4,0,36292,128,31,65,0,0,0,0,0,0,0,0,-32305,0,0,0,0,0,199270,0
199133,-800,8228,440,57,-33,35,-215944,9,4,-4,0,36292,128,31,65,0,0,0,0,0,0,0,0,-32304,0,0,0,0,0,199275,0
199138,-828,8212,434,56,-33,34,-215945,0,-1,-3,0,36290,123,31,65,0,0,0,0,0,0,0,0,-32304,0,0,0,0,0,199281,0
199143,-800,8270,424,53,-40,27,-215945,0,2,-3,0,36290,123,31,65,0,0,0,0,0,0,0,0,-32304,0,0,0,0,0,199286,0
199148,-774,8284,402,51,-47,15,-215945,-3,2,-4,0,36288,134,31,65,0,0,0,0,0,0,0,0,-32304,0,0,0,0,0,199291,0
199153,-766,8308,402,55,-51,10,-215944,2,1,-5,0,36288,134,31,65,0,0,0,0,0,0,0,0,-32304,0,0,0,0,0,199297,0
199158,-754,8336,408,49,-52,7,-215945,0,-4,-5,0,36289,145,30,65,0,0,0,0,0,0,0,0,-32304,0,0,0,0,0,199302,0
199163,-768,8354,400,49,-53,2,-215945,0,0,-3,0,36289,145,30,65,0,0,0,0,0,0,0,0,-32304,0,0,0,0,0,199307,0
199168,-802,8360,386,55,-57,0,-215944,-3,5,-3,0,36288,145,31,65,0,0,0,0,0,0,0,0,-32304,0,0,0,0,0,199312,0
199173,-780,8350,420,58,-59,-4,-215945,1,-1,-3,0,36288,145,31,65,0,0,0,0,0,0,0,0,-32304,0,0,0,0,0,199318,0
199178,-754,8334,404,59,-57,-2,-215945,-5,-5,-5,0,36294,132,31,65,0,0,0,0,0,0,0,0,-32304,0,0,0,0,0,199323,0
199183,-730,8306,410,60,-52,1,-215944,1,3,-5,0,36294,132,31,65,0,0,0,0,0,0,0,0,-32304,0,0,0,0,0,199328,0
199188,-710,8202,392,73,-42,-3,-215944,3,-2,-3,0,36294,126,31,65,0,0,0,0,0,0,0,0,-32304,0,0,0,0,0,199334,0
199193,-654,8178,408,69,-44,-8,-215945,0,-4,-4,0,36294,126,31,65,0,0,0,0,0,0,0,0,-32304,0,0,0,0,0,199339,0
199198,-664,8140,406,78,-40,-6,-215945,-6,-2,-3,0,36294,129,30,65,0,0,0,0,0,0,0,0,-32304,0,0,0,0,0,199344,0
199203,-670,8120,406,75,-31,-8,-215944,-1,3,-3,0,36294,129,30,65,0,0,0,0,0,0,0,0,-32304,0,0,0,0,0,199350,0
199208,-688,8068,396,95,-22,-9,-215946,-4,-5,-3,0,36287,140,30,65,0,0,0,0,0,0,0,0,-32304,0,0,0,0,0,199355,0
199213,-682,8052,398,96,-16,-4,-215945,3,0,-3,0,36287,140,30,65,0,0,0,0,0,0,0,0,-32304,0,0,0,0,0,199360,0
199218,-712,8064,408,105,-10,-8,-215945,2,0,-2,0,36287,134,31,65,0,0,0,0,0,0,0,0,-32304,0,0,0,0,0,199366,0
199223,-712,8034,408,115,-2,-1,-215945,-5,2,-4,0,36287,134,31,65,0,0,0,0,0,0,0,0,-32304,0,0,0,0,0,199371,0
199228,-730,8026,430,123,5,-4,-215946,-1,2,-4,0,36289,135,30,65,0,0,0,0,0,0,0,0,-32305,0,0,0,0,0,199376,0
199233,-754,8042,440,132,9,-7,-215945,-4,-1,-3,0,36289,135,30,65,0,0,0,0,0,0,0,0,-32304,0,0,0,0,0,199382,0
199238,-766,8052,456,130,18,-4,-215945,-4,-2,-4,0,36289,133,31,65,0,0,0,0,0,0,0,0,-32304,0,0,0,0,0,199387,0
199243,-728,8032,526,142,29,-12,-215945,0,0,-4,0,36289,133,31,65,0,0,0,0,0,0,0,0,-32304,0,0,0,0,0,199392,0
199248,-818,8004,456,148,33,-14,-215944,-2,2,-5,0,36289,122,30,65,0,0,0,0,0,0,0,0,-32304,0,0,0,0,0,199398,0
199253,-824,8000,476,146,33,-17,-215945,3,-1,-4,0,36289,122,30,65,0,0,0,0,0,0,0,0,-32304,0,0,0,0,0,199403,0
199258,-850,7964,508,147,29,-23,-215945,-3,5,-2,0,36289,129,30,65,0,0,0,0,0,0,0,0,-32304,0,0,0,0,0,199408,0
199263,-832,7918,520,150,28,-23,-215944,5,2,-2,0,36289,129,30,65,0,0,0,0,0,0,0,0,-32304,0,0,0,0,0,199413,0
199268,-810,7920,512,152,33,-37,-215944,1,0,-4,0,36291,130,31,65,0,0,0,0,0,0,0,0,-32304,0,0,0,0,0,199419,0
199273,-768,7914,536,150,33,-37,-215945,1,1,-2,0,36291,130,31,65,0,0,0,0,0,0,0,0,-32304,0,0,0,0,0,199425,0
199278,-756,7902,568,148,38,-38,-215945,-3,-3,-1,0,36289,129,30,65,0,0,0,0,0,0,0,0,-32304,0,0,0,0,0,199430,0
199283,-772,7876,582,145,33,-48,-215945,-3,1,-3,0,36289,129,30,65,0,0,0,0,0,0,0,0,-32304,0,0,0,0,0,199435,0
199288,-762,7862,610,141,36,-47,-215946,-7,3,-3,0,36285,135,31,65,0,0,0,0,0,0,0,0,-32304,0,0,0,0,0,199441,0
199293,-708,7884,634,137,40,-51,-215945,1,1,-4,0,36285,135,31,65,0,0,0,0,0,0,0,0,-32304,0,0,0,0,0,199446,0
199298,-706,7866,618,134,41,-52,-215944,9,-1,-2,0,36286,134,30,65,0,0,0,0,0,0,0,0,-32304,0,0,0,0,0,199451,0
199303,-676,7864,640,125,40,-48,-215945,-1,6,-4,0,36286,134,30,65,0,0,0,0,0,0,0,0,-32304,0,0,0,0,0,199456,0
199308,-662,7886,646,120,52,-53,-215945,4,2,-3,0,36289,138,30,65,0,0,0,0,0,0,0,0,-32305,0,0,0,0,0,199462,0
199313,-648,7884,672,111,57,-53,-215944,-3,-4,-3,0,36289,138,30,65,0,0,0,0,0,0,0,0,-32304,0,0,0,0,0,199467,0
199318,-630,7926,670,111,59,-48,-215945,-3,0,-2,0,36290,139,31,65,0,0,0,0,0,0,0,0,-32304,0,0,0,0,0,199472,0
199323,-636,7906,668,102,64,-53,-215945,-1,-3,-2,0,36290,139,31,65,0,0,0,0,0,0,0,0,-32304,0,0,0,0,0,199478,0
199328,-622,7944,640,94,69,-54,-215945,-3,1,-2,0,36289,131,31,65,0,0,0,0,0,0,0,0,-32304,0,0,0,0,0,199483,0
199333,-590,7932,626,84,71,-49,-215945,0,-1,-2,0,36289,131,31,65,0,0,0,0,0,0,0,0,-32304,0,0,0,0,0,199488,0
199338,-586,7908,644,75,77,-48,-215945,-1,1,-4,0,36288,139,31,65,0,0,0,0,0,0,0,0,-32305,0,0,0,0,0,199494,0
199343,-562,7938,614,76,75,-48,-215945,0,-1,-5,0,36288,139,31,65,0,0,0,0,0,0,0,0,-32305,0,0,0,0,0,199499,0
199348,-564,7928,612,68,76,-43,-215944,2,-3,-4,0,36292,135,31,65,0,0,0,0,0,0,0,0,-32304,0,0,0,0,0,199504,0
199353,-564,7952,580,57,78,-40,-215944,0,1,-3,0,36292,135,31,65,0,0,0,0,0,0,0,0,-32304,0,0,0,0,0,199510,0
199358,-560,7972,574,59,71,-38,-215945,-1,-1,-3,0,36292,128,31,65,0,0,0,0,0,0,0,0,-32304,0,0,0,0,0,199515,0
199363,-530,8020,540,54,69,-34,-215945,3,-2,-3,0,36292,128,31,65,0,0,0,0,0,0,0,0,-32304,0,0,0,0,0,199520,0
199368,-522,8016,548,52,62,-25,-215947,-5,0,-4,0,36292,124,30,65,0,0,0,0,0,0,0,0,-32304,0,0,0,0,0,199526,0
199373,-520,8076,512,45,59,-22,-215944,0,2,-3,0,36292,124,30,65,0,0,0,0,0,0,0,0,-32305,0,0,0,0,0,199531,0
199378,-556,8082,516,45,54,-21,-215945,0,-1,-2,0,36290,128,30,65,0,0,0,0,0,0,0,0,-32305,0,0,0,0,0,199536,0
199383,-514,8080,484,42,58,-13,-215945,-8,4,-7,0,36290,128,30,65,0,0,0,0,0,0,0,0,-32305,0,0,0,0,0,199542,0
199388,-518,8120,446,50,47,-4,-215944,2,-3,-3,0,36293,124,31,65,0,0,0,0,0,0,0,0,-32305,0,0,0,0,0,199547,0
199393,-532,8174,454,45,44,1,-215944,-2,1,-4,0,36293,124,31,65,0,0,0,0,0,0,0,0,-32305,0,0,0,0,0,199552,0
199398,-538,8156,452,47,35,12,-215944,3,1,-3,0,36294,129,30,65,0,0,0,0,0,0,0,0,-32304,0,0,0,0,0,199557,0
199403,-540,8208,412,52,35,9,-215945,-1,-4,-3,0,36294,129,30,65,0,0,0,0,0,0,0,0,-32305,0,0,0,0,0,199563,0
199408,-530,8196,402,57,30,32,-215944,5,-3,-2,0,36296,134,31,65,0,0,0,0,0,0,0,0,-32305,0,0,0,0,0,199568,0
199413,-572,8220,382,58,22,38,-215945,-8,1,-4,0,36296,134,31,65,0,0,0,0,0,0,0,0,-32305,0,0,0,0,0,199573,0
199418,-552,8196,362,63,12,47,-215944,2,1,-3,0,36291,139,30,65,0,0,0,0,0,0,0,0,-32305,0,0,0,0,0,199579,0
199423,-552,8214,370,68,8,48,-215944,7,-1,-3,0,36291,139,30,65,0,0,0,0,0,0,0,0,-32304,0,0,0,0,0,199584,0
199428,-586,8176,364,71,-12,59,-215945,-3,-1,-3,0,36288,144,30,65,0,0,0,0,0,0,0,0,-32304,0,0,0,0,0,199589,0
199433,-590,8170,358,75,-17,59,-215945,1,-3,-4,0,36288,144,30,65,0,0,0,0,0,0,0,0,-32305,0,0,0,0,0,199595,0
199438,-584,8194,390,75,-20,68,-215944,0,1,-3,0,36288,133,31,65,0,0,0,0,0,0,0,0,-32304,0,0,0,0,0,199600,0
199443,-616,8170,370,79,-22,60,-215945,0,1,-4,0,36288,133,31,65,0,0,0,0,0,0,0,0,-32304,0,0,0,0,0,199605,0
199448,-648,8200,368,81,-44,72,-215946,-4,-4,-3,0,36288,138,30,65,0,0,0,0,0,0,0,0,-32304,0,0,0,0,0,199611,0
199453,-656,8196,356,86,-51,67,-215946,-5,-2,-4,0,36288,138,30,65,0,0,0,0,0,0,0,0,-32304,0,0,0,0,0,199616,0
199458,-628,8208,398,91,-49,69,-215944,4,1,-4,0,36289,140,31,65,0,0,0,0,0,0,0,0,-32305,0,0,0,0,0,199621,0
199463,-654,8238,388,94,-58,68,-215944,3,6,-3,0,36289,140,31,65,0,0,0,0,0,0,0,0,-32305,0,0,0,0,0,199627,0
199468,-662,8250,414,101,-69,67,-215944,4,1,-3,0,36290,141,30,65,0,0,0,0,0,0,0,0,-32304,0,0,0,0,0,199632,0
199473,-658,8274,402,92,-65,66,-215945,-2,-3,-2,0,36290,141,30,65,0,0,0,0,0,0,0,0,-32304,0,0,0,0,0,199637,0
199478,-654,8244,396,95,-71,67,-215945,0,-1,-2,0,36289,132,30,65,0,0,0,0,0,0,0,0,-32304,0,0,0,0,0,199643,0
199483,-642,8260,384,104,-69,62,-215945,-1,-1,-3,0,36289,132,30,65,0,0,0,0,0,0,0,0,-32304,0,0,0,0,0,199648,0
199488,-620,8230,430,106,-73,67,-215945,0,1,-2,0,36290,134,31,65,0,0,0,0,0,0,0,0,-32304,0,0,0,0,0,199653,0
199493,-640,8210,448,112,-70,65,-215944,6,2,-3,0,36290,134,31,65,0,0,0,0,0,0,0,0,-32305,0,0,0,0,0,199659,0
199498,-638,8210,436,109,-70,69,-215944,11,0,-3,0,36293,125,30,65,0,0,0,0,0,0,0,0,-32304,0,0,0,0,0,199664,0
199503,-618,8218,428,107,-69,68,-215944,3,0,-4,0,36293,125,30,65,0,0,0,0,0,0,0,0,-32305,0,0,0,0,0,199669,0
199508,-600,8184,456,115,-62,70,-215944,6,-4,-3,0,36288,129,30,65,0,0,0,0,0,0,0,0,-32304,0,0,0,0,0,199675,0
199513,-618,8188,440,103,-66,68,-215946,-4,1,-4,0,36288,129,30,65,0,0,0,0,0,0,0,0,-32305,0,0,0,0,0,199680,0
199518,-574,8176,452,105,-59,67,-215945,0,0,-2,0,36285,127,31,65,0,0,0,0,0,0,0,0,-32304,0,0,0,0,0,199685,0
199523,-576,8170,438,107,-55,68,-215946,-9,-4,-3,0,36285,127,31,65,0,0,0,0,0,0,0,0,-32305,0,0,0,0,0,199691,0
199528,-626,8132,472,112,-42,69,-215945,5,1,-4,0,36279,132,30,65,0,0,0,0,0,0,0,0,-32304,0,0,0,0,0,199696,0
199533,-606,8128,472,104,-47,67,-215946,-2,0,-4,0,36279,132,30,65,0,0,0,0,0,0,0,0,-32304,0,0,0,0,0,199701,0
199538,-594,8102,486,108,-41,67,-215945,-1,3,-4,0,36277,139,31,65,0,0,0,0,0,0,0,0,-32305,0,0,0,0,0,199707,0
199543,-586,8092,490,103,-34,67,-215945,1,-2,-4,0,36277,139,31,65,0,0,0,0,0,0,0,0,-32305,0,0,0,0,0,199712,0
199548,-602,8074,488,109,-19,72,-215945,-3,8,-4,0,36276,135,31,65,0,0,0,0,0,0,0,0,-32304,0,0,0,0,0,199717,0
199553,-590,8094,504,104,-14,71,-215945,1,-3,-3,0,36276,135,31,65,0,0,0,0,0,0,0,0,-32304,0,0,0,0,0,199723,0
199558,-602,8056,498,99,-12,70,-215945,-5,1,-3,0,36276,137,31,65,0,0,0,0,0,0,0,0,-32305,0,0,0,0,0,199728,0
199563,-598,8050,490,104,-5,70,-215945,-3,0,-2,0,36276,137,31,65,0,0,0,0,0,0,0,0,-32305,0,0,0,0,0,199733,0
199568,-586,8062,494,105,3,67,-215946,-3,3,-4,0,36279,136,30,65,0,0,0,0,0,0,0,0,-32304,0,0,0,0,0,199739,0
199573,-606,8052,500,109,6,69,-215945,-7,0,-3,0,36279,136,30,65,0,0,0,0,0,0,0,0,-32305,0,0,0,0,0,199744,0
199578,-568,8056,484,106,15,66,-215944,3,0,-1,0,36282,130,31,65,0,0,0,0,0,0,0,0,-32304,0,0,0,0,0,199749,0
199583,-576,8042,490,104,20,72,-215945,0,5,-3,0,36282,130,31,65,0,0,0,0,0,0,0,0,-32304,0,0,0,0,0,199755,0
199588,-566,8046,488,111,29,68,-215945,-1,2,-3,0,36285,131,31,65,0,0,0,0,0,0,0,0,-32304,0,0,0,0,0,199760,0
199593,-568,8034,518,111,36,72,-215945,6,0,-4,0,36285,131,31,65,0,0,0,0,0,0,0,0,-32304,0,0,0,0,0,199765,0
199598,-550,8044,514,105,40,71,-215944,4,3,-7,0,36295,143,31,65,0,0,0,0,0,0,0,0,-32304,0,0,0,0,0,199771,0
199603,-526,8050,514,110,51,67,-215945,0,2,-4,0,36295,143,31,65,0,0,0,0,0,0,0,0,-32305,0,0,0,0,0,199776,0
199608,-524,8074,510,112,51,75,-215944,3,-1,-4,0,36297,145,31,65,0,0,0,0,0,0,0,0,-32304,0,0,0,0,0,199781,0
199613,-556,8112,510,112,58,76,-215945,-1,-3,-3,0,36297,145,31,65,0,0,0,0,0,0,0,0,-32305,0,0,0,0,0,199787,0
199618,-552,8108,512,104,57,78,-215945,-2,-2,-3,0,36293,143,31,65,0,0,0,0,0,0,0,0,-32304,0,0,0,0,0,199794,0
199623,-556,8108,514,106,64,72,-215945,-5,0,-2,0,36293,143,31,65,0,0,0,0,0,0,0,0,-32305,0,0,0,0,0,199798,0
199628,-558,8146,524,101,60,80,-215945,-3,-2,-4,0,36279,138,31,65,0,0,0,0,0,0,0,0,-32305,0,0,0,0,0,199803,0
199633,-556,8160,512,95,66,82,-215945,-2,0,-4,0,36279,138,31,65,0,0,0,0,0,0,0,0,-32304,0,0,0,0,0,199809,0
199638,-572,8180,522,99,67,88,-215945,0,-1,-4,0,36273,139,30,65,0,0,0,0,0,0,0,0,-32305,0,0,0,0,0,199814,0
199643,-558,8164,526,89,66,86,-215944,1,0,-3,0,36273,139,30,65,0,0,0,0,0,0,0,0,-32304,0,0,0,0,0,199819,0
199648,-538,8152,532,84,62,93,-215944,2,-3,-3,0,36270,138,30,65,0,0,0,0,0,0,0,0,-32304,0,0,0,0,0,199825,0
199653,-562,8144,532,86,71,91,-215945,-1,-4,-2,0,36270,138,30,65,0,0,0,0,0,0,0,0,-32304,0,0,0,0,0,199830,0
199658,-542,8162,514,83,72,94,-215944,3,-4,-2,0,36270,130,31,65,0,0,0,0,0,0,0,0,-32304,0,0,0,0,0,199835,0
199663,-544,8182,548,76,67,95,-215945,0,-2,-2,0,36270,130,31,65,0,0,0,0,0,0,0,0,-32304,0,0,0,0,0,199841,0
199668,-588,8138,524,68,71,96,-215946,-1,2,-3,0,36269,129,30,65,0,0,0,0,0,0,0,0,-32304,0,0,0,0,0,199846,0
199673,-600,8148,526,69,70,97,-215944,1,-4,-2,0,36269,129,30,65,0,0,0,0,0,0,0,0,-32304,0,0,0,0,0,199852,0
199678,-586,8146,528,62,72,94,-215945,6,2,-2,0,36270,139,30,65,0,0,0,0,0,0,0,0,-32304,0,0,0,0,0,199857,0
199683,-608,8142,546,59,69,104,-215945,0,4,-4,0,36270,139,30,65,0,0,0,0,0,0,0,0,-32305,0,0,0,0,0,199862,0
199688,-624,8132,524,55,69,102,-215946,-6,-1,-4,0,36273,134,31,65,0,0,0,0,0,0,0,0,-32304,0,0,0,0,0,199867,0
199693,-638,8182,522,59,71,100,-215946,-6,2,-3,0,36273,134,31,65,0,0,0,0,0,0,0,0,-32305,0,0,0,0,0,199873,0
199698,-634,8158,516,55,68,101,-215944,1,2,-4,0,36284,126,30,65,0,0,0,0,0,0,0,0,-32304,0,0,0,0,0,199878,0
199703,-648,8154,514,58,73,100,-215944,3,2,-5,0,36284,126,30,65,0,0,0,0,0,0,0,0,-32304,0,0,0,0,0,199883,0
199708,-646,8158,518,49,68,102,-215944,-1,3,-5,0,36290,137,31,65,0,0,0,0,0,0,0,0,-32305,0,0,0,0,0,199888,0
199713,-664,8150,522,44,70,105,-215945,3,1,-3,0,36290,137,31,65,0,0,0,0,0,0,0,0,-32305,0,0,0,0,0,199893,0
199718,-692,8136,510,47,66,101,-215946,-3,0,-3,0,36293,133,30,65,0,0,0,0,0,0,0,0,-32304,0,0,0,0,0,199898,0
199723,-686,8126,486,42,63,101,-215944,-2,-1,-4,0,36293,133,30,65,0,0,0,0,0,0,0,0,-32304,0,0,0,0,0,199903,0
199728,-694,8124,492,46,66,100,-215944,-1,-1,-4,0,36291,132,30,65,0,0,0,0,0,0,0,0,-32304,0,0,0,0,0,199908,0
199733,-688,8112,488,45,56,97,-215945,0,4,-3,0,36291,132,30,65,0,0,0,0,0,0,0,0,-32304,0,0,0,0,0,199913,0
199738,-694,8086,480,43,55,102,-215945,-5,-6,-4,0,36287,134,31,65,0,0,0,0,0,0,0,0,-32304,0,0,0,0,0,199918,0
199743,-692,8094,522,40,48,100,-215944,4,-3,-4,0,36287,134,31,65,0,0,0,0,0,0,0,0,-32304,0,0,0,0,0,199923,0
199748,-712,8050,476,38,43,95,-215944,5,4,-3,0,36289,130,31,65,0,0,0,0,0,0,0,0,-32304,0,0,0,0,0,199928,0
199753,-716,8054,466,35,42,92,-215945,-3,0,-2,0,36289,130,31,65,0,0,0,0,0,0,0,0,-32305,0,0,0,0,0,199933,0
199758,-710,8042,466,40,34,88,-215944,0,3,-2,0,36293,131,30,65,0,0,0,0,0,0,0,0,-32304,0,0,0,0,0,199938,0
199763,-704,8012,468,39,34,85,-215945,1,-2,-3,0,36293,131,30,65,0,0,0,0,0,0,0,0,-32304,0,0,0,0,0,199943,0
199768,-718,8006,442,33,30,76,-215946,-5,-3,-3,0,36293,129,30,65,0,0,0,0,0,0,0,0,-32304,0,0,0,0,0,199948,0
199773,-714,8008,450,31,29,79,-215944,0,3,-4,0,36293,129,30,65,0,0,0,0,0,0,0,0,-32305,0,0,0,0,0,199953,0
199778,-712,8012,462,34,26,72,-215945,-4,2,-4,0,36291,130,30,65,0,0,0,0,0,0,0,0,-32304,0,0,0,0,0,199958,0
199783,-684,8026,426,30,25,65,-215944,5,1,-3,0,36291,130,30,65,0,0,0,0,0,0,0,0,-32304,0,0,0,0,0,199963,0
199788,-700,8016,426,31,26,57,-215945,-5,1,-3,0,36291,135,31,65,0,0,0,0,0,0,0,0,-32304,0,0,0,0,0,199968,0
199793,-688,7990,428,36,26,56,-215945,0,2,-4,0,36291,135,31,65,0,0,0,0,0,0,0,0,-32304,0,0,0,0,0,199973,0
199798,-704,8024,426,35,28,47,-215945,-1,-3,-3,0,36292,134,31,65,0,0,0,0,0,0,0,0,-32304,0,0,0,0,0,199978,0
199803,-720,8058,418,44,25,42,-215946,3,1,-4,0,36292,134,31,65,0,0,0,0,0,0,0,0,-32305,0,0,0,0,0,199983,0
199808,-676,8046,432,47,31,37,-215946,-3,0,-6,0,36300,133,30,65,0,0,0,0,0,0,0,0,-32304,0,0,0,0,0,199988,0
199813,-674,8060,408,47,28,34,-215945,-6,-1,-4,0,36300,133,30,65,0,0,0,0,0,0,0,0,-32304,0,0,0,0,0,199993,0
199818,-654,8060,382,55,33,34,-215945,-3,-2,-3,0,36298,137,30,65,0,0,0,0,0,0,0,0,-32304,0,0,0,0,0,199998,0
199823,-650,8070,390,54,35,29,-215944,1,0,-2,0,36298,137,30,65,0,0,0,0,0,0,0,0,-32305,0,0,0,0,0,200003,0
199828,-596,8064,372,56,41,26,-215945,4,-3,-2,0,36299,140,31,65,0,0,0,0,0,0,0,0,-32304,0,0,0,0,0,200008,0
199833,-578,8062,394,61,39,24,-215945,-2,-2,-3,0,36299,140,31,65,0,0,0,0,0,0,0,0,-32305,0,0,0,0,0,200013,0
199838,-596,8078,410,65,42,25,-215945,0,1,-3,0,36291,133,30,65,0,0,0,0,0,0,0,0,-32304,0,0,0,0,0,200018,0
199843,-596,8068,424,66,51,20,-215945,-8,1,-4,0,36291,133,30,65,0,0,0,0,0,0,0,0,-32304,0,0,0,0,0,200023,0
199848,-590,8074,402,68,51,20,-215945,-4,-1,-3,0,36291,130,30,65,0,0,0,0,0,0,0,0,-32304,0,0,0,0,0,200028,0
199853,-594,8064,440,68,50,22,-215946,-8,-2,-2,0,36291,130,30,65,0,0,0,0,0,0,0,0,-32305,0,0,0,0,0,200033,0
199858,-598,8066,424,67,50,26,-215945,-2,-1,-4,0,36291,127,31,65,0,0,0,0,0,0,0,0,-32304,0,0,0,0,0,200038,0
199863,-574,8058,454,65,53,21,-215944,1,0,-3,0,36291,127,31,65,0,0,0,0,0,0,0,0,-32304,0,0,0,0,0,200043,0
199868,-570,8062,454,64,55,25,-215945,5,1,-4,0,36290,132,30,65,0,0,0,0,0,0,0,0,-32305,0,0,0,0,0,200048,0
199873,-566,8080,498,58,63,20,-215945,0,-2,-2,0,36290,132,30,65,0,0,0,0,0,0,0,0,-32304,0,0,0,0,0,200053,0
199878,-574,8112,492,57,53,23,-215946,-7,-4,-3,0,36285,131,31,65,0,0,0,0,0,0,0,0,-32305,0,0,0,0,0,200058,0
199883,-586,8082,472,56,66,23,-215945,-2,3,-4,0,36285,131,31,65,0,0,0,0,0,0,0,0,-32304,0,0,0,0,0,200063,0
199888,-592,8136,486,48,65,23,-215944,1,0,-3,0,36285,120,30,65,0,0,0,0,0,0,0,0,-32304,0,0,0,0,0,200068,0
199893,-562,8142,450,41,66,30,-215945,-1,-3,-3,0,36285,120,30,65,0,0,0,0,0,0,0,0,-32304,0,0,0,0,0,200073,0
199898,-598,8174,482,44,66,29,-215944,5,2,-3,0,36288,119,30,65,0,0,0,0,0,0,0,0,-32305,0,0,0,0,0,200078,0
199903,-606,8166,426,36,70,27,-215944,9,2,-3,0,36288,119,30,65,0,0,0,0,0,0,0,0,-32304,0,0,0,0,0,200083,0
199908,-602,8178,430,30,74,33,-215944,3,-1,0,0,36297,129,31,65,0,0,0,0,0,0,0,0,-32304,0,0,0,0,0,200088,0
199913,-582,8186,406,34,76,35,-215944,3,2,-4,0,36297,129,31,65,0,0,0,0,0,0,0,0,-32305,0,0,0,0,0,200093,0
199918,-624,8158,418,38,75,40,-215945,-4,2,-2,0,36296,129,30,65,0,0,0,0,0,0,0,0,-32304,0,0,0,0,0,200098,0
199923,-610,8144,414,37,86,45,-215945,0,0,-3,0,36296,129,30,65,0,0,0,0,0,0,0,0,-32304,0,0,0,0,0,200103,0
199928,-624,8144,402,44,80,57,-215946,-9,-2,-4,0,36295,138,31,65,0,0,0,0,0,0,0,0,-32304,0,0,0,0,0,200108,0
199933,-612,8084,386,48,84,53,-215945,5,0,-4,0,36295,138,31,65,0,0,0,0,0,0,0,0,-32304,0,0,0,0,0,200113,0
199938,-620,8080,400,49,79,64,-215943,3,2,-3,0,36294,140,31,65,0,0,0,0,0,0,0,0,-32304,0,0,0,0,0,200118,0
199943,-598,8048,380,51,77,56,-215944,4,4,-4,0,36294,140,31,65,0,0,0,0,0,0,0,0,-32305,0,0,0,0,0,200123,0
199948,-610,8018,376,64,77,65,-215945,-3,-2,-4,0,36293,136,31,65,0,0,0,0,0,0,0,0,-32304,0,0,0,0,0,200128,0
199953,-594,8018,388,70,75,66,-215946,-3,2,-3,0,36293,136,31,65,0,0,0,0,0,0,0,0,-32305,0,0,0,0,0,200133,0
199958,-626,8034,362,69,72,67,-215944,0,3,-3,0,36293,136,30,65,0,0,0,0,0,0,0,0,-32305,0,0,0,0,0,200138,0
199963,-646,8008,366,69,78,62,-215945,-3,0,-3,0,36293,136,30,65,0,0,0,0,0,0,0,0,-32304,0,0,0,0,0,200143,0
199968,-660,7990,384,69,69,63,-215945,-2,-1,-4,0,36293,126,30,65,0,0,0,0,0,0,0,0,-32304,0,0,0,0,0,200148,0
199973,-640,8004,406,71,66,67,-215945,0,0,-3,0,36293,126,30,65,0,0,0,0,0,0,0,0,-32305,0,0,0,0,0,200153,0
199978,-670,8036,426,77,70,63,-215946,-8,-5,-3,0,36293,131,30,65,0,0,0,0,0,0,0,0,-32305,0,0,0,0,0,200158,0
199983,-690,8040,426,75,65,61,-215945,-1,-2,-3,0,36293,131,30,65,0,0,0,0,0,0,0,0,-32305,0,0,0,0,0,200163,0
199988,-640,8064,416,75,61,59,-215944,3,3,-3,0,36294,125,31,65,0,0,0,0,0,0,0,0,-32305,0,0,0,0,0,200168,0
199993,-654,8094,424,76,66,52,-215945,-5,-5,-3,0,36294,125,31,65,0,0,0,0,0,0,0,0,-32304,0,0,0,0,0,200173,0
199998,-624,8106,436,77,67,51,-215944,0,-2,-4,0,36294,127,31,65,0,0,0,0,0,0,0,0,-32304,0,0,0,0,0,200178,0
200003,-642,8122,448,73,65,50,-215945,1,1,-3,0,36294,127,31,65,0,0,0,0,0,0,0,0,-32304,0,0,0,0,0,200183,0
200008,-642,8184,426,64,73,47,-215945,-1,-1,-5,0,36293,136,30,65,0,0,0,0,0,0,0,0,-32304,0,0,0,0,0,200188,0
200013,-620,8182,430,64,68,48,-215944,5,2,-6,0,36293,136,30,65,0,0,0,0,0,0,0,0,-32305,0,0,0,0,0,200193,0
200018,-602,8192,418,62,74,44,-215944,3,2,-3,0,36294,136,30,65,0,0,0,0,0,0,0,0,-32304,0,0,0,0,0,200198,0
200023,-598,8192,420,62,76,44,-215946,-1,-1,-4,0,36294,136,30,65,0,0,0,0,0,0,0,0,-32305,0,0,0,0,0,200203,0
200028,-550,8204,430,64,80,40,-215945,0,-3,-4,0,36293,134,31,65,0,0,0,0,0,0,0,0,-32304,0,0,0,0,0,200208,0
200033,-558,8196,444,58,83,37,-215945,2,1,-4,0,36293,134,31,65,0,0,0,0,0,0,0,0,-32304,0,0,0,0,0,200214,0
200038,-548,8214,422,62,81,35,-215945,3,1,-4,0,36291,133,30,65,0,0,0,0,0,0,0,0,-32304,0,0,0,0,0,200219,0
200043,-520,8224,416,54,82,43,-215945,0,0,-4,0,36291,133,30,65,0,0,0,0,0,0,0,0,-32304,0,0,0,0,0,200224,0
200048,-550,8240,404,57,89,43,-215945,3,2,-3,0,36287,144,31,65,0,0,0,0,0,0,0,0,-32305,0,0,0,0,0,200229,0
200053,-548,8226,410,52,90,47,-215946,-4,-2,-3,0,36287,144,31,65,0,0,0,0,0,0,0,0,-32304,0,0,0,0,0,200234,0
200058,-556,8214,424,55,92,50,-215945,-5,3,-3,0,36288,137,30,65,0,0,0,0,0,0,0,0,-32304,0,0,0,0,0,200239,0
200063,-542,8208,388,55,86,53,-215945,-1,0,-3,0,36288,137,30,65,0,0,0,0,0,0,0,0,-32304,0,0,0,0,0,200244,0
200068,-552,8232,406,54,91,58,-215945,1,-1,-3,0,36290,151,30,65,0,0,0,0,0,0,0,0,-32304,0,0,0,0,0,200249,0
200073,-568,8188,412,60,86,66,-215945,-6,-1,-3,0,36290,151,30,65,0,0,0,0,0,0,0,0,-32304,0,0,0,0,0,200254,0
200078,-564,8210,412,58,92,67,-215946,-4,-3,-2,0,36294,143,31,65,0,0,0,0,0,0,0,0,-32305,0,0,0,0,0,200259,0
200083,-554,8150,414,64,93,63,-215945,-1,0,-3,0,36294,143,31,65,0,0,0,0,0,0,0,0,-32305,0,0,0,0,0,200264,0
200088,-574,8160,398,64,97,75,-215945,2,-4,-3,0,36296,137,30,65,0,0,0,0,0,0,0,0,-32304,0,0,0,0,0,200269,0
200093,-566,8164,406,67,94,71,-215945,4,1,-5,0,36296,137,30,65,0,0,0,0,0,0,0,0,-32304,0,0,0,0,0,200274,0
200098,-542,8146,388,71,100,71,-215945,-1,-2,-5,0,36294,129,31,65,0,0,0,0,0,0,0,0,-32305,0,0,0,0,0,200279,0
200103,-554,8118,396,73,99,73,-215945,0,0,-2,0,36294,129,31,65,0,0,0,0,0,0,0,0,-32304,0,0,0,0,0,200284,0
200108,-524,8110,416,73,94,82,-215944,2,-2,-4,0,36292,128,30,65,0,0,0,0,0,0,0,0,-32305,0,0,0,0,0,200289,0
200113,-544,8124,436,74,102,87,-215944,8,3,-4,0,36292,128,30,65,0,0,0,0,0,0,0,0,-32305,0,0,0,0,0,200294,0
200118,-516,8130,438,78,112,87,-215945,3,1,-5,0,36294,127,30,65,0,0,0,0,0,0,0,0,-32304,0,0,0,0,0,200299,0
200123,-512,8144,422,74,112,87,-215945,0,3,-7,0,36294,127,30,65,0,0,0,0,0,0,0,0,-32304,0,0,0,0,0,200304,0
200128,-518,8116,438,82,115,93,-215945,-1,2,-3,0,36297,139,31,65,0,0,0,0,0,0,0,0,-32305,0,0,0,0,0,200309,0
200133,-464,8100,462,81,120,96,-215945,-2,0,-3,0,36297,139,31,65,0,0,0,0,0,0,0,0,-32304,0,0,0,0,0,200314,0
200138,-496,8106,478,83,131,100,-215944,0,0,-3,0,36296,133,31,65,0,0,0,0,0,0,0,0,-32305,0,0,0,0,0,200319,0
200143,-496,8112,474,75,129,103,-215944,5,2,-4,0,36296,133,31,65,0,0,0,0,0,0,0,0,-32305,0,0,0,0,0,200324,0
200148,-458,8130,504,79,142,106,-215946,-1,-2,-5,0,36296,128,31,65,0,0,0,0,0,0,0,0,-32305,0,0,0,0,0,200329,0
200153,-474,8150,512,77,149,111,-215945,3,-3,-5,0,36296,128,31,65,0,0,0,0,0,0,0,0,-32304,0,0,0,0,0,200334,0
200158,-476,8132,508,83,146,111,-215946,-8,2,-4,0,36292,138,31,65,0,0,0,0,0,0,0,0,-32304,0,0,0,0,0,200339,0
200163,-476,8138,532,72,157,118,-215944,5,5,-3,0,36292,138,31,65,0,0,0,0,0,0,0,0,-32304,0,0,0,0,0,200344,0
200168,-490,8160,514,66,164,118,-215944,2,0,-5,0,36291,131,30,65,0,0,0,0,0,0,0,0,-32304,0,0,0,0,0,200349,0
200173,-466,8144,546,65,164,122,-215944,-3,2,-3,0,36291,131,30,65,0,0,0,0,0,0,0,0,-32304,0,0,0,0,0,200354,0
200178,-460,8136,530,65,171,126,-215944,-1,3,-2,0,36289,134,31,65,0,0,0,0,0,0,0,0,-32304,0,0,0,0,0,200359,0
200183,-472,8118,546,62,175,123,-215944,0,1,-5,0,36289,134,31,65,0,0,0,0,0,0,0,0,-32304,0,0,0,0,0,200364,0
200188,-484,8064,552,52,177,123,-215944,5,-1,-4,0,36290,133,31,65,0,0,0,0,0,0,0,0,-32305,0,0,0,0,0,200369,0
200193,-460,8076,566,48,186,124,-215943,5,2,-4,0,36290,133,31,65,0,0,0,0,0,0,0,0,-32305,0,0,0,0,0,200374,0
200198,-462,8062,578,47,187,122,-215944,6,4,-3,0,36300,124,31,65,0,0,0,0,0,0,0,0,-32304,0,0,0,0,0,200379,0
200203,-444,8030,596,48,185,126,-215945,3,2,-1,0,36300,124,31,65,0,0,0,0,0,0,0,0,-32305,0,0,0,0,0,200384,0
200208,-428,8028,586,45,193,125,-215945,2,1,-3,0,36312,131,31,65,0,0,0,0,0,0,0,0,-32304,0,0,0,0,0,200389,0
200213,-476,8014,576,37,197,126,-215945,-1,-3,-3,0,36312,131,31,65,0,0,0,0,0,0,0,0,-32304,0,0,0,0,0,200394,0
200218,-442,8028,602,30,196,129,-215945,2,0,-2,0,36315,141,31,65,0,0,0,0,0,0,0,0,-32304,0,0,0,0,0,200399,0
200223,-434,8006,560,30,200,128,-215944,0,3,-6,0,36315,141,31,65,0,0,0,0,0,0,0,0,-32305,0,0,0,0,0,200404,0
200228,-410,8032,594,22,200,131,-215946,-5,0,-4,0,36310,140,30,65,0,0,0,0,0,0,0,0,-32304,0,0,0,0,0,200409,0
200233,-426,8046,602,26,200,132,-215945,-2,-4,-5,0,36310,140,30,65,0,0,0,0,0,0,0,0,-32305,0,0,0,0,0,200414,0
200238,-420,8038,602,21,201,140,-215944,0,1,-5,0,36301,139,30,65,0,0,0,0,0,0,0,0,-32305,0,0,0,0,0,200419,0
200243,-416,8040,610,22,202,137,-215944,2,0,-5,0,36301,139,30,65,0,0,0,0,0,0,0,0,-32305,0,0,0,0,0,200424,0
200248,-390,8056,632,17,207,138,-215945,-1,1,-4,0,36298,125,31,65,0,0,0,0,0,0,0,0,-32304,0,0,0,0,0,200429,0
200253,-382,8072,652,12,208,144,-215945,-2,-4,-3,0,36298,125,31,65,0,0,0,0,0,0,0,0,-32305,0,0,0,0,0,200434,0
200258,-376,8084,634,18,204,148,-215944,3,1,-4,0,36292,130,30,65,0,0,0,0,0,0,0,0,-32304,0,0,0,0,0,200439,0
200263,-350,8092,620,9,207,153,-215945,-2,3,-2,0,36292,130,30,65,0,0,0,0,0,0,0,0,-32304,0,0,0,0,0,200444,0
200268,-352,8158,664,2,206,160,-215945,-1,3,-2,0,36291,139,31,65,0,0,0,0,0,0,0,0,-32304,0,0,0,0,0,200449,0
200273,-350,8198,664,2,211,166,-215944,1,4,-4,0,36291,139,31,65,0,0,0,0,0,0,0,0,-32305,0,0,0,0,0,200454,0
200278,-364,8202,658,0,213,160,-215945,0,3,-4,0,36289,138,30,65,0,0,0,0,0,0,0,0,-32304,0,0,0,0,0,200459,0
200283,-350,8216,668,-7,213,170,-215945,1,2,-3,0,36289,138,30,65,0,0,0,0,0,0,0,0,-32305,0,0,0,0,0,200464,0
200288,-362,8260,702,-7,202,172,-215945,-1,-2,-3,0,36288,129,30,65,0,0,0,0,0,0,0,0,-32304,0,0,0,0,0,200469,0
200293,-360,8302,670,-13,204,173,-215944,-5,0,-5,0,36288,129,30,65,0,0,0,0,0,0,0,0,-32305,0,0,0,0,0,200474,0
200298,-378,8286,700,-16,200,180,-215945,4,4,-4,0,36290,136,31,65,0,0,0,0,0,0,0,0,-32305,0,0,0,0,0,200479,0
200303,-364,8288,676,-15,201,175,-215944,0,3,-3,0,36290,136,31,65,0,0,0,0,0,0,0,0,-32305,0,0,0,0,0,200484,0
200308,-340,8272,716,-24,192,181,-215945,4,-1,-4,0,36293,134,30,65,0,0,0,0,0,0,0,0,-32305,0,0,0,0,0,200489,0
200313,-376,8338,754,-38,197,183,-215945,2,0,-3,0,36293,134,30,65,0,0,0,0,0,0,0,0,-32304,0,0,0,0,0,200494,0
200318,-344,8318,744,-29,200,188,-215945,-1,3,-4,0,36296,134,30,65,0,0,0,0,0,0,0,0,-32304,0,0,0,0,0,200499,0
200323,-360,8384,750,-39,191,189,-215944,0,-1,-4,0,36296,134,30,65,0,0,0,0,0,0,0,0,-32304,0,0,0,0,0,200504,0
200328,-354,8454,770,-47,187,185,-215945,3,2,-7,0,36297,124,31,65,0,0,0,0,0,0,0,0,-32305,0,0,0,0,0,200509,0
200333,-336,8494,794,-52,192,187,-215945,-3,-3,-5,0,36297,124,31,65,0,0,0,0,0,0,0,0,-32305,0,0,0,0,0,200514,0
200338,-356,8488,824,-56,185,188,-215944,0,-2,-4,0,36297,125,31,65,0,0,0,0,0,0,0,0,-32304,0,0,0,0,0,200519,0
200343,-350,8502,842,-62,186,193,-215945,-1,2,-4,0,36297,125,31,65,0,0,0,0,0,0,0,0,-32304,0,0,0,0,0,200524,0
200348,-352,8488,876,-66,193,198,-215945,0,2,-3,0,36295,138,31,65,0,0,0,0,0,0,0,0,-32304,0,0,0,0,0,200529,0
200353,-310,8470,892,-71,194,198,-215945,0,-4,-2,0,36295,138,31,65,0,0,0,0,0,0,0,0,-32304,0,0,0,0,0,200534,0
200358,-290,8460,884,-77,204,201,-215945,1,3,-4,0,36291,141,30,65,0,0,0,0,0,0,0,0,-32305,0,0,0,0,0,200539,0
200363,-296,8456,894,-85,208,210,-215944,3,3,-2,0,36291,141,30,65,0,0,0,0,0,0,0,0,-32304,0,0,0,0,0,200544,0
200368,-268,8406,920,-90,219,212,-215945,0,1,-4,0,36291,135,30,65,0,0,0,0,0,0,0,0,-32304,0,0,0,0,0,200549,0
200373,-252,8418,908,-89,232,211,-215944,-4,-2,-2,0,36291,135,30,65,0,0,0,0,0,0,0,0,-32305,0,0,0,0,0,200554,0
200378,-252,8418,924,-99,233,217,-215945,2,0,-2,0,36292,135,30,65,0,0,0,0,0,0,0,0,-32304,0,0,0,0,0,200559,0
200383,-280,8392,940,-104,243,216,-215945,1,-2,-3,0,36292,135,30,65,0,0,0,0,0,0,0,0,-32304,0,0,0,0,0,200564,0
200388,-254,8378,926,-113,255,222,-215945,0,-2,-2,0,36292,130,31,65,0,0,0,0,0,0,0,0,-32304,0,0,0,0,0,200569,0
200393,-240,8374,938,-114,265,224,-215944,7,0,-5,0,36292,130,31,65,0,0,0,0,0,0,0,0,-32305,0,0,0,0,0,200574,0
200398,-240,8316,944,-119,274,224,-215945,0,5,-3,0,36292,123,30,65,0,0,0,0,0,0,0,0,-32304,0,0,0,0,0,200579,0
200403,-242,8310,922,-127,283,222,-215945,2,3,-3,0,36292,123,30,65,0,0,0,0,0,0,0,0,-32304,0,0,0,0,0,200584,0
200408,-224,8282,950,-136,311,226,-215945,-5,-3,-4,0,36291,125,30,65,0,0,0,0,0,0,0,0,-32304,0,0,0,0,0,200589,0
200413,-232,8238,954,-151,328,223,-215945,2,2,-4,0,36291,125,30,65,0,0,0,0,0,0,0,0,-32304,0,0,0,0,0,200594,0
200418,-232,8238,946,-150,339,227,-215944,0,-1,-3,0,36293,128,31,65,0,0,0,0,0,0,0,0,-32304,0,0,0,0,0,200599,0
200423,-232,8186,950,-156,365,222,-215946,-5,2,-4,0,36293,128,31,65,0,0,0,0,0,0,0,0,-32305,0,0,0,0,0,200604,0
200428,-218,8142,958,-168,395,222,-215945,2,-1,-3,0,36292,133,30,65,0,0,0,0,0,0,0,0,-32304,0,0,0,0,0,200609,0
200433,-226,8094,966,-177,419,226,-215945,-4,-1,-4,0,36292,133,30,65,0,0,0,0,0,0,0,0,-32305,0,0,0,0,0,200614,0
200438,-216,8080,944,-182,446,218,-215944,0,2,-3,0,36296,130,31,65,0,0,0,0,0,0,0,0,-32304,0,0,0,0,0,200619,0
200443,-222,8074,948,-186,477,215,-215945,-2,-1,-5,0,36296,130,31,65,0,0,0,0,0,0,0,0,-32304,0,0,0,0,0,200624,0
200448,-194,8036,928,-196,538,210,-215945,1,2,-3,0,36297,128,30,65,0,0,0,0,0,0,0,0,-32304,0,0,0,0,0,200629,0
200453,-162,8020,912,-202,572,211,-215945,-3,-5,-2,0,36297,128,30,65,0,0,0,0,0,0,0,0,-32304,0,0,0,0,0,200634,0
200458,-130,7994,914,-204,612,207,-215945,0,2,-3,0,36297,133,30,65,0,0,0,0,0,0,0,0,-32304,0,0,0,0,0,200639,0
200463,-112,8054,904,-212,649,205,-215945,0,0,-2,0,36297,133,30,65,0,0,0,0,0,0,0,0,-32304,0,0,0,0,0,200644,0
200468,-54,8026,906,-223,750,203,-215944,0,3,-4,0,36295,138,31,65,0,0,0,0,0,0,0,0,-32305,0,0,0,0,0,200649,0
200473,-34,8014,900,-224,794,209,-215945,0,0,-3,0,36295,138,31,65,0,0,0,0,0,0,0,0,-32304,0,0,0,0,0,200654,0
200478,-22,8002,906,-231,853,205,-215945,3,0,-3,0,36291,130,31,65,0,0,0,0,0,0,0,0,-32304,0,0,0,0,0,200659,0
200483,14,8006,906,-228,914,207,-215944,-2,-2,-3,0,36291,130,31,65,0,0,0,0,0,0,0,0,-32305,0,0,0,0,0,200664,0
200488,52,7998,912,-238,1048,208,-215944,7,2,-3,0,36291,131,31,65,0,0,0,0,0,0,0,0,-32304,0,0,0,0,0,200669,0
200493,66,7996,900,-245,1116,209,-215946,-3,-1,-4,0,36291,131,31,65,0,0,0,0,0,0,0,0,-32305,0,0,0,0,0,200674,0
200498,118,7978,864,-250,1190,211,-215946,-3,-4,-3,0,36293,122,31,65,0,0,0,0,0,0,0,0,-32305,0,0,0,0,0,200679,0
200503,138,7950,866,-253,1260,204,-215945,-2,2,-2,0,36293,122,31,65,0,0,0,0,0,0,0,0,-32304,0,0,0,0,0,200684,0
200508,182,7962,864,-269,1418,202,-215945,0,0,-4,0,36293,122,30,65,0,0,0,0,0,0,0,0,-32304,0,0,0,0,0,200689,0
200513,182,7992,856,-271,1502,201,-215944,0,2,-4,0,36293,122,30,65,0,0,0,0,0,0,0,0,-32305,0,0,0,0,0,200694,0
200518,192,7996,838,-288,1585,195,-215945,4,2,-4,0,36291,130,31,65,0,0,0,0,0,0,0,0,-32304,0,0,0,0,0,200699,0
200523,198,7994,836,-290,1668,198,-215944,4,0,-5,0,36291,130,31,65,0,0,0,0,0,0,0,0,-32305,0,0,0,0,0,200704,0
200528,242,8026,822,-313,1831,192,-215945,5,-1,-2,0,36290,134,30,65,0,0,0,0,0,0,0,0,-32305,0,0,0,0,0,200709,0
200533,234,8034,822,-313,1923,189,-215945,-9,0,-3,0,36290,134,30,65,0,0,0,0,0,0,0,0,-32304,0,0,0,0,0,200714,0
200538,236,8048,802,-325,2010,190,-215946,-5,3,-6,0,36292,141,30,65,0,0,0,0,0,0,0,0,-32304,0,0,0,0,0,200719,0
200543,250,8052,796,-338,2090,188,-215945,-7,-3,-7,0,36292,141,30,65,0,0,0,0,0,0,0,0,-32304,0,0,0,0,0,200724,0
200548,268,8130,778,-351,2257,190,-215944,6,-4,-3,0,36299,138,31,65,0,0,0,0,0,0,0,0,-32305,0,0,0,0,0,200729,0
200553,258,8148,774,-355,2341,186,-215945,-6,3,-2,0,36299,138,31,65,0,0,0,0,0,0,0,0,-32304,0,0,0,0,0,200734,0
200558,232,8152,714,-363,2421,191,-215945,5,5,-4,0,36301,135,30,65,0,0,0,0,0,0,0,0,-32305,0,0,0,0,0,200739,0
200563,232,8156,670,-376,2492,192,-215945,-3,-1,-3,0,36301,135,30,65,0,0,0,0,0,0,0,0,-32304,0,0,0,0,0,200744,0
200568,266,8128,642,-391,2644,193,-215944,1,-2,-3,0,36299,141,30,65,0,0,0,0,0,0,0,0,-32305,0,0,0,0,0,200749,0
200573,224,8132,604,-394,2706,191,-215944,0,2,-2,0,36299,141,30,65,0,0,0,0,0,0,0,0,-32304,0,0,0,0,0,200754,0
200578,226,8086,570,-407,2778,190,-215944,0,1,-2,0,36293,132,30,65,0,0,0,0,0,0,0,0,-32305,0,0,0,0,0,200759,0
200583,220,8088,546,-413,2838,191,-215946,-3,-6,-4,0,36293,132,30,65,0,0,0,0,0,0,0,0,-32305,0,0,0,0,0,200764,0
200588,200,8030,450,-417,2942,193,-215945,-1,-1,-3,0,36291,122,31,65,0,0,0,0,0,0,0,0,-32304,0,0,0,0,0,200769,0
200593,182,8040,420,-421,2990,196,-215946,-1,1,-3,0,36291,122,31,65,0,0,0,0,0,0,0,0,-32304,0,0,0,0,0,200774,0
200598,186,8040,402,-423,3048,193,-215945,0,4,-3,0,36291,136,30,65,0,0,0,0,0,0,0,0,-32304,0,0,0,0,0,200779,0
200603,176,8014,382,-419,3091,194,-215945,-1,2,-4,0,36291,136,30,65,0,0,0,0,0,0,0,0,-32304,0,0,0,0,0,200784,0
200608,154,8034,286,-419,3187,202,-215944,6,1,-3,0,36291,140,30,65,0,0,0,0,0,0,0,0,-32305,0,0,0,0,0,200789,0
200613,168,8056,264,-416,3235,203,-215944,3,0,-2,0,36291,140,30,65,0,0,0,0,0,0,0,0,-32305,0,0,0,0,0,200794,0
200618,182,8080,220,-413,3276,208,-215944,4,1,-2,0,36291,139,30,65,0,0,0,0,0,0,0,0,-32305,0,0,0,0,0,200799,0
200623,188,8060,190,-405,3324,213,-215945,0,-2,-4,0,36291,139,30,65,0,0,0,0,0,0,0,0,-32305,0,0,0,0,0,200804,0
200628,190,8080,134,-386,3414,218,-215946,-3,0,-4,0,36290,133,30,65,0,0,0,0,0,0,0,0,-32304,0,0,0,0,0,200809,0
200633,188,8110,106,-375,3461,224,-215945,5,-6,-2,0,36290,133,30,65,0,0,0,0,0,0,0,0,-32305,0,0,0,0,0,200814,0
200638,174,8116,76,-363,3508,228,-215945,0,0,-3,0,36291,125,31,65,0,0,0,0,0,0,0,0,-32305,0,0,0,0,0,200819,0
200643,188,8116,48,-349,3553,227,-215944,1,1,-5,0,36291,125,31,65,0,0,0,0,0,0,0,0,-32304,0,0,0,0,0,200824,0
200648,186,8090,-4,-318,3637,234,-215944,5,2,-1,0,36295,126,30,65,0,0,0,0,0,0,0,0,-32304,0,0,0,0,0,200829,0
200653,196,8062,-32,-296,3672,234,-215945,0,2,-2,0,36295,126,30,65,0,0,0,0,0,0,0,0,-32304,0,0,0,0,0,200834,0
200658,200,8080,-58,-283,3717,230,-215946,-1,-4,-3,0,36295,131,30,65,0,0,0,0,0,0,0,0,-32304,0,0,0,0,0,200839,0
200663,194,8056,-76,-268,3753,240,-215945,-1,-3,-3,0,36295,131,30,65,0,0,0,0,0,0,0,0,-32305,0,0,0,0,0,200844,0
200668,162,8078,-134,-234,3836,243,-215944,4,2,-3,0,36294,129,31,65,0,0,0,0,0,0,0,0,-32305,0,0,0,0,0,200849,0
200673,154,8100,-132,-214,3867,252,-215943,2,0,-4,0,36294,129,31,65,0,0,0,0,0,0,0,0,-32304,0,0,0,0,0,200854,0
200678,176,8116,-148,-197,3898,253,-215944,5,-1,-4,0,36293,135,30,65,0,0,0,0,0,0,0,0,-32305,0,0,0,0,0,200859,0
200683,156,8112,-180,-180,3936,260,-215945,-6,-2,-3,0,36293,135,30,65,0,0,0,0,0,0,0,0,-32304,0,0,0,0,0,200864,0
200688,112,8140,-212,-146,3994,279,-215946,-8,-2,-4,0,36292,137,31,65,0,0,0,0,0,0,0,0,-32305,0,0,0,0,0,200869,0
200693,112,8098,-270,-130,4022,284,-215946,-7,0,-4,0,36292,137,31,65,0,0,0,0,0,0,0,0,-32304,0,0,0,0,0,200874,0
200698,120,8090,-274,-110,4040,297,-215943,2,2,-4,0,36291,128,30,65,0,0,0,0,0,0,0,0,-32304,0,0,0,0,0,200879,0
200703,76,8048,-306,-99,4060,306,-215945,2,2,-3,0,36291,128,30,65,0,0,0,0,0,0,0,0,-32304,0,0,0,0,0,200884,0
200708,28,8010,-330,-60,4087,321,-215944,3,6,-3,0,36292,134,30,65,0,0,0,0,0,0,0,0,-32304,0,0,0,0,0,200889,0
200713,-10,8008,-346,-45,4093,326,-215944,3,-5,-2,0,36292,134,30,65,0,0,0,0,0,0,0,0,-32304,0,0,0,0,0,200894,0
200718,-46,8022,-352,-21,4093,338,-215945,0,3,-3,0,36292,139,31,65,0,0,0,0,0,0,0,0,-32304,0,0,0,0,0,200899,0
200723,-90,8032,-360,5,4092,338,-215945,0,-1,-4,0,36292,139,31,65,0,0,0,0,0,0,0,0,-32304,0,0,0,0,0,200904,0
200728,-104,7988,-338,47,4077,353,-215944,3,-1,-3,0,36291,136,30,65,0,0,0,0,0,0,0,0,-32304,0,0,0,0,0,200909,0
200733,-120,7942,-326,62,4071,360,-215944,1,-1,-3,0,36291,136,30,65,0,0,0,0,0,0,0,0,-32304,0,0,0,0,0,200914,0
200738,-158,7930,-306,87,4060,369,-215944,9,1,-4,0,36291,136,31,65,0,0,0,0,0,0,0,0,-32305,0,0,0,0,0,200919,0
200743,-196,7878,-304,107,4038,371,-215945,-7,-2,-5,0,36291,136,31,65,0,0,0,0,0,0,0,0,-32305,0,0,0,0,0,200924,0
200748,-168,7816,-246,151,4011,379,-215945,0,-5,-1,0,36296,144,30,65,0,0,0,0,0,0,0,0,-32304,0,0,0,0,0,200929,0
200753,-160,7792,-202,170,4001,382,-215945,5,-3,-2,0,36296,144,30,65,0,0,0,0,0,0,0,0,-32305,0,0,0,0,0,200934,0
200758,-196,7738,-168,186,3982,389,-215945,-2,-1,-4,0,36296,147,30,65,0,0,0,0,0,0,0,0,-32305,0,0,0,0,0,200939,0
200763,-196,7694,-138,207,3969,391,-215944,7,1,-3,0,36296,147,30,65,0,0,0,0,0,0,0,0,-32304,0,0,0,0,0,200944,0
200768,-250,7638,-86,242,3924,391,-215944,3,0,-3,0,36295,150,31,65,0,0,0,0,0,0,0,0,-32305,0,0,0,0,0,200949,0
200773,-240,7652,-28,254,3901,398,-215944,0,3,-3,0,36295,150,31,65,0,0,0,0,0,0,0,0,-32304,0,0,0,0,0,200954,0
200778,-288,7608,-2,267,3879,399,-215945,2,-3,-2,0,36294,143,31,65,0,0,0,0,0,0,0,0,-32305,0,0,0,0,0,200959,0
200783,-322,7608,20,283,3841,400,-215945,-1,-3,-4,0,36294,143,31,65,0,0,0,0,0,0,0,0,-32304,0,0,0,0,0,200964,0
200788,-378,7550,82,297,3775,402,-215946,-5,0,-3,0,36295,142,30,65,0,0,0,0,0,0,0,0,-32305,0,0,0,0,0,200969,0
200793,-388,7584,112,311,3734,396,-215944,5,3,-4,0,36295,142,30,65,0,0,0,0,0,0,0,0,-32304,0,0,0,0,0,200974,0
200798,-418,7544,126,307,3691,395,-215945,-3,-1,-3,0,36294,139,30,65,0,0,0,0,0,0,0,0,-32305,0,0,0,0,0,200979,0
200803,-438,7548,138,314,3649,396,-215944,3,2,-3,0,36294,139,30,65,0,0,0,0,0,0,0,0,-32304,0,0,0,0,0,200984,0
200808,-516,7522,184,310,3546,398,-215944,6,-1,-3,0,36295,127,31,65,0,0,0,0,0,0,0,0,-32304,0,0,0,0,0,200989,0
200813,-538,7522,198,307,3493,392,-215946,-8,-4,-2,0,36295,127,31,65,0,0,0,0,0,0,0,0,-32304,0,0,0,0,0,200994,0
200818,-532,7548,204,311,3440,394,-215944,1,4,-3,0,36291,133,31,65,0,0,0,0,0,0,0,0,-32304,0,0,0,0,0,200999,0
200823,-500,7594,216,304,3387,398,-215944,1,2,-4,0,36291,133,31,65,0,0,0,0,0,0,0,0,-32305,0,0,0,0,0,201004,0
200828,-538,7600,244,298,3283,402,-215944,3,-1,-3,0,36291,133,31,65,0,0,0,0,0,0,0,0,-32304,0,0,0,0,0,201009,0
200833,-514,7636,278,303,3238,403,-215945,1,0,-4,0,36291,133,31,65,0,0,0,0,0,0,0,0,-32305,0,0,0,0,0,201014,0
200838,-488,7696,296,295,3187,412,-215945,-1,2,-3,0,36289,132,31,65,0,0,0,0,0,0,0,0,-32304,0,0,0,0,0,201019,0
200843,-460,7674,292,290,3144,417,-215945,0,-4,-4,0,36289,132,31,65,0,0,0,0,0,0,0,0,-32305,0,0,0,0,0,201024,0
200848,-420,7684,296,284,3061,422,-215945,-3,2,-4,0,36290,132,31,65,0,0,0,0,0,0,0,0,-32305,0,0,0,0,0,201029,0
200853,-424,7698,296,282,3023,430,-215945,-1,-4,-4,0,36290,132,31,65,0,0,0,0,0,0,0,0,-32304,0,0,0,0,0,201034,0
200858,-376,7712,266,276,2985,443,-215945,5,-3,-6,0,36298,142,31,65,0,0,0,0,0,0,0,0,-32304,0,0,0,0,0,201039,0
200863,-368,7670,270,274,2954,449,-215944,0,1,-3,0,36298,142,31,65,0,0,0,0,0,0,0,0,-32304,0,0,0,0,0,201044,0
200868,-292,7650,240,272,2882,473,-215946,-5,-2,-3,0,36298,143,30,65,0,0,0,0,0,0,0,0,-32304,0,0,0,0,0,201049,0
200873,-276,7640,220,268,2853,477,-215944,8,-2,-2,0,36298,143,30,65,0,0,0,0,0,0,0,0,-32305,0,0,0,0,0,201054,0
200878,-256,7664,224,266,2821,494,-215946,-3,-5,-4,0,36297,142,30,65,0,0,0,0,0,0,0,0,-32304,0,0,0,0,0,201059,0
200883,-228,7666,210,265,2801,503,-215945,-5,-1,-3,0,36297,142,30,65,0,0,0,0,0,0,0,0,-32304,0,0,0,0,0,201064,0
200888,-142,7684,192,265,2753,523,-215945,0,1,-4,0,36290,135,31,65,0,0,0,0,0,0,0,0,-32304,0,0,0,0,0,201069,0
200893,-152,7714,164,262,2738,541,-215945,-5,-4,-4,0,36290,135,31,65,0,0,0,0,0,0,0,0,-32305,0,0,0,0,0,201074,0
200898,-138,7732,146,268,2718,550,-215943,4,4,-4,0,36289,128,30,65,0,0,0,0,0,0,0,0,-32304,0,0,0,0,0,201079,0
200903,-144,7772,134,272,2705,573,-215944,2,2,-4,0,36289,128,30,65,0,0,0,0,0,0,0,0,-32304,0,0,0,0,0,201084,0
200908,-190,7838,110,285,2667,600,-215944,1,0,-3,0,36289,135,31,65,0,0,0,0,0,0,0,0,-32304,0,0,0,0,0,201089,0
200913,-196,7856,104,293,2652,619,-215945,-6,2,-4,0,36289,135,31,65,0,0,0,0,0,0,0,0,-32304,0,0,0,0,0,201094,0
200918,-226,7846,58,301,2626,636,-215944,1,2,-2,0,36289,134,30,65,0,0,0,0,0,0,0,0,-32304,0,0,0,0,0,201099,0
200923,-260,7832,76,316,2608,652,-215944,4,-1,-3,0,36289,134,30,65,0,0,0,0,0,0,0,0,-32305,0,0,0,0,0,201104,0
200928,-274,7816,16,319,2554,688,-215945,3,-3,-2,0,36289,136,30,65,0,0,0,0,0,0,0,0,-32304,0,0,0,0,0,201109,0
200933,-282,7804,-18,335,2524,706,-215944,-1,5,-2,0,36289,136,30,65,0,0,0,0,0,0,0,0,-32304,0,0,0,0,0,201114,0
200938,-274,7814,-44,338,2489,715,-215946,-8,0,-2,0,36290,138,31,65,0,0,0,0,0,0,0,0,-32304,0,0,0,0,0,201119,0
200943,-306,7792,-50,345,2452,732,-215944,1,0,-4,0,36290,138,31,65,0,0,0,0,0,0,0,0,-32305,0,0,0,0,0,201124,0
200948,-338,7784,-124,357,2374,752,-215945,0,-3,-3,0,36288,131,31,65,0,0,0,0,0,0,0,0,-32304,0,0,0,0,0,201129,0
200953,-358,7822,-144,366,2344,764,-215944,4,4,-3,0,36288,131,31,65,0,0,0,0,0,0,0,0,-32304,0,0,0,0,0,201134,0
200958,-402,7828,-182,370,2305,779,-215944,3,2,-4,0,36287,133,31,65,0,0,0,0,0,0,0,0,-32305,0,0,0,0,0,201139,0
200963,-382,7832,-182,372,2272,794,-215944,2,2,0,0,36287,133,31,65,0,0,0,0,0,0,0,0,-32304,0,0,0,0,0,201144,0
200968,-400,7874,-222,396,2199,811,-215944,-4,-2,-1,0,36288,138,30,65,0,0,0,0,0,0,0,0,-32304,0,0,0,0,0,201149,0
200973,-390,7888,-212,399,2172,827,-215944,-1,1,-3,0,36288,138,30,65,0,0,0,0,0,0,0,0,-32304,0,0,0,0,0,201154,0
200978,-388,7930,-234,408,2150,834,-215945,0,-1,-1,0,36286,135,31,65,0,0,0,0,0,0,0,0,-32304,0,0,0,0,0,201159,0
200983,-382,7950,-252,418,2116,844,-215945,-3,-5,-4,0,36286,135,31,65,0,0,0,0,0,0,0,0,-32304,0,0,0,0,0,201164,0
200988,-440,8020,-276,445,2055,851,-215946,-1,-3,-2,0,36284,132,31,65,0,0,0,0,0,0,0,0,-32304,0,0,0,0,0,201169,0
200993,-482,7958,-286,452,2027,857,-215944,3,2,-4,0,36284,132,31,65,0,0,0,0,0,0,0,0,-32305,0,0,0,0,0,201174,0
200998,-480,7974,-268,463,2000,865,-215945,0,0,-4,0,36281,120,31,65,0,0,0,0,0,0,0,0,-32304,0,0,0,0,0,201179,0
201003,-486,7934,-280,474,1964,864,-215946,-5,-1,-4,0,36281,120,31,65,0,0,0,0,0,0,0,0,-32304,0,0,0,0,0,201184,0
201008,-490,7928,-314,498,1903,877,-215945,-5,-2,-4,0,36285,124,31,65,0,0,0,0,0,0,0,0,-32304,0,0,0,0,0,201189,0
201013,-458,7956,-334,508,1874,874,-215945,-2,0,-3,0,36285,124,31,65,0,0,0,0,0,0,0,0,-32304,0,0,0,0,0,201194,0
201018,-448,7940,-376,516,1841,867,-215944,-2,0,-2,0,36289,128,31,65,0,0,0,0,0,0,0,0,-32304,0,0,0,0,0,201199,0
201023,-478,7912,-392,525,1811,873,-215943,6,3,-3,0,36289,128,31,65,0,0,0,0,0,0,0,0,-32304,0,0,0,0,0,201204,0
201028,-530,8306,-314,546,1761,862,-215944,3,2,-2,0,36292,126,31,65,0,0,0,0,0,0,0,0,-32304,0,0,0,0,0,201209,0
201033,-672,8514,-432,555,1752,796,-215945,0,2,-3,0,36292,126,31,65,0,0,0,0,0,0,0,0,-32305,0,0,0,0,0,201215,0
201038,-944,8626,-272,563,1729,714,-215944,1,4,-5,0,36290,121,31,65,0,0,0,0,0,0,0,0,-32304,0,0,0,0,0,201220,0
201043,-1164,9880,230,537,1736,668,-215944,5,1,-10,0,36290,121,31,65,0,0,0,0,0,0,0,0,-32304,0,0,0,0,0,201225,0
201048,-2272,10838,1304,455,1742,293,-215941,12,10,-25,0,36290,131,31,65,0,0,0,0,0,0,0,0,-32304,0,0,0,0,0,201230,0
201053,-2858,10972,1426,448,1744,96,-215937,22,14,-38,0,36290,131,31,65,0,0,0,0,0,0,0,0,-32304,0,0,0,0,0,201235,0
201058,-4234,11754,2460,342,1741,-26,-215926,53,29,-82,0,36291,126,31,65,0,0,0,0,0,0,0,0,-32304,0,0,0,0,0,201240,0
201063,-5046,11256,2800,273,1759,-45,-215893,156,90,-203,0,36291,126,31,65,0,0,0,0,0,0,0,0,-32304,0,0,0,0,0,201245,0
201068,-5260,9998,2928,113,1759,-116,-215832,276,190,-373,0,36294,129,30,65,0,0,0,0,0,0,0,0,-32304,0,0,0,0,0,201250,0
201073,-3894,9476,1932,91,1743,-161,-215749,373,287,-531,0,36294,129,30,65,0,0,0,0,0,0,0,0,-32304,0,0,0,0,0,201255,0
201078,-1782,8948,902,89,1711,-99,-215662,383,307,-603,0,36297,126,31,65,0,0,0,0,0,0,0,0,-32304,0,0,0,0,0,201260,0
201083,-188,8522,-196,117,1676,-45,-215581,357,229,-550,0,36297,126,31,65,0,0,0,0,0,0,0,0,-32304,0,0,0,0,0,201265,0
201088,1102,8626,-1164,188,1655,-74,-215511,300,73,-450,0,36298,123,31,65,0,0,0,0,0,0,0,0,-32304,0,0,0,0,0,201270,0
201093,734,8886,-678,207,1625,-70,-215451,265,-52,-377,0,36298,123,31,65,0,0,0,0,0,0,0,0,-32304,0,0,0,0,0,201275,0
201098,150,8654,116,192,1585,-77,-215398,237,-120,-354,0,36294,127,31,65,0,0,0,0,0,0,0,0,-32304,0,0,0,0,0,201280,0
201103,-288,8364,668,186,1538,-105,-215351,206,-131,-319,0,36294,127,31,65,0,0,0,0,0,0,0,0,-32305,0,0,0,0,0,201285,0
201108,-548,7946,1146,169,1485,-106,-215299,216,-91,-321,0,36294,129,31,65,0,0,0,0,0,0,0,0,-32304,0,0,0,0,0,201290,0
201113,-416,7446,788,172,1465,-110,-215245,235,-36,-343,0,36294,129,31,65,0,0,0,0,0,0,0,0,-32304,0,0,0,0,0,201295,0
201118,-162,7146,364,177,1456,-100,-215192,227,-6,-355,0,36294,128,30,65,0,0,0,0,0,0,0,0,-32304,0,0,0,0,0,201300,0
201123,48,7094,38,184,1449,-105,-215139,232,11,-363,0,36294,128,30,65,0,0,0,0,0,0,0,0,-32305,0,0,0,0,0,201305,0
201128,88,7182,-38,204,1427,-87,-215087,227,7,-339,0,36294,125,30,65,0,0,0,0,0,0,0,0,-32304,0,0,0,0,0,201310,0
201133,-4,7210,164,208,1406,-84,-215039,224,-7,-324,0,36294,125,30,65,0,0,0,0,0,0,0,0,-32304,0,0,0,0,0,201315,0
201138,-294,7278,364,212,1384,-87,-214988,224,-13,-326,0,36294,122,31,65,0,0,0,0,0,0,0,0,-32304,0,0,0,0,0,201320,0
201143,-502,7514,676,204,1355,-73,-214938,218,-9,-332,0,36294,122,31,65,0,0,0,0,0,0,0,0,-32304,0,0,0,0,0,201325,0
201148,-848,7888,734,201,1274,-65,-214886,229,0,-347,0,36294,117,31,65,0,0,0,0,0,0,0,0,-32304,0,0,0,0,0,201330,0
201153,-814,8078,576,209,1234,-64,-214832,240,11,-353,0,36294,117,31,65,0,0,0,0,0,0,0,0,-32304,0,0,0,0,0,201335,0
201158,-804,8192,412,215,1200,-64,-214773,260,25,-361,0,36291,129,31,65,0,0,0,0,0,0,0,0,-32304,0,0,0,0,0,201340,0
201163,-728,8344,296,218,1159,-58,-214711,266,41,-376,0,36291,129,31,65,0,0,0,0,0,0,0,0,-32304,0,0,0,0,0,201345,0
201168,-510,8476,200,239,1102,-55,-214645,291,52,-416,0,36292,123,30,65,0,0,0,0,0,0,0,0,-32304,0,0,0,0,0,201350,0
201173,-490,8660,432,236,1080,-57,-214584,275,38,-418,0,36292,123,30,65,0,0,0,0,0,0,0,0,-32304,0,0,0,0,0,201355,0
201178,-672,8636,550,232,1051,-49,-214521,275,20,-397,0,36297,119,30,65,0,0,0,0,0,0,0,0,-32304,0,0,0,0,0,201360,0
201183,-746,8510,582,224,1001,-47,-214456,278,9,-405,0,36297,119,30,65,0,0,0,0,0,0,0,0,-32305,0,0,0,0,0,201365,0
201188,-664,8500,78,250,928,-49,-214393,284,0,-428,0,36297,121,31,65,0,0,0,0,0,0,0,0,-32305,0,0,0,0,0,201370,0
201193,-604,8406,-40,253,914,-45,-214328,283,4,-439,0,36297,121,31,65,0,0,0,0,0,0,0,0,-32304,0,0,0,0,0,201375,0
201198,-522,8334,-34,252,896,-38,-214260,305,19,-443,0,36299,114,31,65,0,0,0,0,0,0,0,0,-32305,0,0,0,0,0,201380,0
201203,-394,8280,-26,247,876,-43,-214186,318,33,-473,0,36299,114,31,65,0,0,0,0,0,0,0,0,-32304,0,0,0,0,0,201385,0
201208,-328,8214,138,245,823,-38,-214115,313,37,-481,0,36294,112,30,65,0,0,0,0,0,0,0,0,-32304,0,0,0,0,0,201390,0
201213,-378,8092,148,243,802,-38,-214047,299,18,-455,0,36294,112,30,65,0,0,0,0,0,0,0,0,-32304,0,0,0,0,0,201395,0
201218,-456,8112,100,236,783,-36,-213977,306,2,-438,0,36294,110,30,65,0,0,0,0,0,0,0,0,-32305,0,0,0,0,0,201400,0
201223,-542,8048,158,232,750,-40,-213901,335,2,-457,0,36294,110,30,65,0,0,0,0,0,0,0,0,-32304,0,0,0,0,0,201405,0
201228,-528,8000,10,229,668,-39,-213826,338,15,-509,0,36295,120,31,65,0,0,0,0,0,0,0,0,-32304,0,0,0,0,0,201410,0
201233,-512,8036,-90,231,634,-31,-213744,350,40,-529,0,36295,120,31,65,0,0,0,0,0,0,0,0,-32305,0,0,0,0,0,201415,0
201238,-494,8052,-118,221,596,-34,-213663,354,42,-547,0,36295,129,31,65,0,0,0,0,0,0,0,0,-32304,0,0,0,0,0,201420,0
201243,-524,8090,-94,224,570,-33,-213583,350,-6,-550,0,36295,129,31,65,0,0,0,0,0,0,0,0,-32305,0,0,0,0,0,201425,0
201248,-756,8128,-20,206,488,-24,-213502,360,-5,-545,0,36296,131,31,65,0,0,0,0,0,0,0,0,-32304,0,0,0,0,0,201430,0
201253,-756,8148,-42,202,454,-20,-213416,375,-5,-580,0,36296,131,31,65,0,0,0,0,0,0,0,0,-32304,0,0,0,0,0,201435,0
201258,-762,8190,-42,198,416,-10,-213327,388,41,-609,0,36298,124,30,65,0,0,0,0,0,0,0,0,-32304,0,0,0,0,0,201440,0
201263,-768,8220,-104,190,388,-6,-213240,388,69,-615,0,36298,124,30,65,0,0,0,0,0,0,0,0,-32304,0,0,0,0,0,201445,0
201268,-888,8160,-116,179,327,11,-213151,386,66,-594,0,36299,122,30,65,0,0,0,0,0,0,0,0,-32304,0,0,0,0,0,201450,0
201273,-1020,8032,-140,171,297,25,-213065,382,14,-594,0,36299,122,30,65,0,0,0,0,0,0,0,0,-32304,0,0,0,0,0,201455,0
201278,-1114,7836,-164,166,279,43,-212978,380,1,-590,0,36299,127,31,65,0,0,0,0,0,0,0,0,-32304,0,0,0,0,0,201460,0
201283,-1230,7662,-184,160,263,66,-212893,366,-9,-580,0,36299,127,31,65,0,0,0,0,0,0,0,0,-32305,0,0,0,0,0,201465,0
201288,-1048,7664,-182,147,226,98,-212814,344,-19,-546,0,36301,122,30,65,0,0,0,0,0,0,0,0,-32305,0,0,0,0,0,201470,0
201293,-698,8084,-170,146,201,116,-212748,288,-56,-460,0,36301,122,30,65,0,0,0,0,0,0,0,0,-32305,0,0,0,0,0,201475,0
201298,-360,8502,-102,135,174,123,-212692,240,-99,-365,0,36299,123,30,65,0,0,0,0,0,0,0,0,-32304,0,0,0,0,0,201480,0
201303,-160,8758,-18,131,158,119,-212648,192,-137,-300,0,36299,123,30,65,0,0,0,0,0,0,0,0,-32304,0,0,0,0,0,201485,0
201308,-308,8702,80,128,125,118,-212613,154,-160,-248,0,36301,119,31,65,0,0,0,0,0,0,0,0,-32304,0,0,0,0,0,201490,0
201313,-544,8498,92,123,116,113,-212584,118,-158,-211,0,36301,119,31,65,0,0,0,0,0,0,0,0,-32304,0,0,0,0,0,201495,0
201318,-640,8412,82,126,106,118,-212555,129,-121,-211,0,36295,118,30,65,0,0,0,0,0,0,0,0,-32304,0,0,0,0,0,201500,0
201323,-710,8338,76,128,93,130,-212534,91,-96,-166,0,36295,118,30,65,0,0,0,0,0,0,0,0,-32304,0,0,0,0,0,201505,0
201328,-688,8278,152,126,50,135,-212511,101,-65,-151,0,36295,118,31,65,0,0,0,0,0,0,0,0,-32304,0,0,0,0,0,201510,0
201333,-664,8214,196,128,27,149,-212491,85,-43,-141,0,36295,118,31,65,0,0,0,0,0,0,0,0,-32304,0,0,0,0,0,201515,0
201338,-640,8144,220,132,-5,149,-212482,38,-43,-84,0,36293,117,31,65,0,0,0,0,0,0,0,0,-32304,0,0,0,0,0,201520,0
201343,-644,8000,244,137,-32,154,-212475,25,-63,-50,0,36293,117,31,65,0,0,0,0,0,0,0,0,-32305,0,0,0,0,0,201525,0
201348,-516,7890,212,143,-81,169,-212466,34,-62,-48,0,36293,115,31,65,0,0,0,0,0,0,0,0,-32304,0,0,0,0,0,201530,0
201353,-426,7870,198,143,-92,173,-212456,44,-44,-65,0,36293,115,31,65,0,0,0,0,0,0,0,0,-32304,0,0,0,0,0,201535,0
201358,-364,7890,156,142,-106,179,-212447,48,-12,-71,0,36293,131,31,65,0,0,0,0,0,0,0,0,-32304,0,0,0,0,0,201540,0
201363,-312,7952,142,147,-119,183,-212443,14,0,-42,0,36293,131,31,65,0,0,0,0,0,0,0,0,-32305,0,0,0,0,0,201545,0
201368,-338,8008,106,150,-132,190,-212441,-1,-18,-1,0,36291,133,30,65,0,0,0,0,0,0,0,0,-32305,0,0,0,0,0,201550,0
201373,-320,8038,102,150,-139,195,-212441,3,-34,4,0,36291,133,30,65,0,0,0,0,0,0,0,0,-32304,0,0,0,0,0,201555,0
201378,-382,8086,92,149,-141,202,-212441,3,-37,5,0,36290,140,31,65,0,0,0,0,0,0,0,0,-32305,0,0,0,0,0,201560,0
201383,-378,8142,84,148,-141,208,-212442,3,-30,5,0,36290,140,31,65,0,0,0,0,0,0,0,0,-32304,0,0,0,0,0,201565,0
201388,-452,8216,-22,146,-130,219,-212442,2,-7,3,0,36288,136,31,65,0,0,0,0,0,0,0,0,-32305,0,0,0,0,0,201570,0
201393,-518,8282,-38,146,-126,228,-212442,0,0,6,0,36288,136,31,65,0,0,0,0,0,0,0,0,-32306,0,0,0,0,0,201575,0
201398,-526,8266,-70,138,-122,236,-212443,-6,-1,9,0,36292,127,31,65,0,0,0,0,0,0,0,0,-32306,0,0,0,0,0,201580,0
201403,-568,8322,-56,135,-124,250,-212444,-5,-3,9,0,36292,127,31,65,0,0,0,0,0,0,0,0,-32304,0,0,0,0,0,201585,0
201408,-630,8318,-68,130,-110,272,-212444,-5,-2,12,0,36293,130,31,65,0,0,0,0,0,0,0,0,-32305,0,0,0,0,0,201590,0
201413,-596,8304,-106,121,-106,282,-212446,-6,-2,12,0,36293,130,31,65,0,0,0,0,0,0,0,0,-32305,0,0,0,0,0,201595,0
201418,-596,8258,-90,118,-105,294,-212446,-8,-1,13,0,36294,132,30,65,0,0,0,0,0,0,0,0,-32305,0,0,0,0,0,201600,0
201423,-518,8248,-148,115,-103,303,-212447,-1,-2,17,0,36294,132,30,65,0,0,0,0,0,0,0,0,-32304,0,0,0,0,0,201605,0
201428,142,8196,-148,105,-103,280,-212451,-12,-1,31,0,36292,135,30,65,0,0,0,0,0,0,0,0,-32304,0,0,0,0,0,201610,0
201433,428,8142,-170,97,-106,272,-212458,-28,-15,59,0,36292,135,30,65,0,0,0,0,0,0,0,0,-32305,0,0,0,0,0,201615,0
201438,706,8060,-158,85,-110,258,-212472,-62,-36,98,0,36292,134,31,65,0,0,0,0,0,0,0,0,-32304,0,0,0,0,0,201620,0
201443,874,8040,-146,82,-104,239,-212502,-142,-71,179,0,36292,134,31,65,0,0,0,0,0,0,0,0,-32304,0,0,0,0,0,201625,0
201448,914,8072,-122,73,-86,204,-212548,-207,-135,288,0,36292,138,31,65,0,0,0,0,0,0,0,0,-32304,0,0,0,0,0,201630,0
201453,768,8108,-62,75,-74,187,-212609,-273,-190,366,0,36292,138,31,65,0,0,0,0,0,0,0,0,-32304,0,0,0,0,0,201635,0
201458,586,8060,-26,64,-52,176,-212679,-317,-217,427,0,36294,134,30,65,0,0,0,0,0,0,0,0,-32304,0,0,0,0,0,201640,0
201463,378,8122,-6,61,-35,170,-212753,-326,-200,478,0,36294,134,30,65,0,0,0,0,0,0,0,0,-32304,0,0,0,0,0,201645,0
201468,-14,8272,80,61,-14,167,-212829,-328,-140,474,0,36295,129,30,65,0,0,0,0,0,0,0,0,-32304,0,0,0,0,0,201650,0
201473,-204,8342,92,62,3,165,-212910,-350,-90,503,0,36295,129,30,65,0,0,0,0,0,0,0,0,-32304,0,0,0,0,0,201655,0
201478,-276,8356,122,63,11,167,-212985,-331,-41,513,0,36305,121,31,65,0,0,0,0,0,0,0,0,-32304,0,0,0,0,0,201660,0
201483,-322,8356,118,58,5,173,-213059,-333,-15,500,0,36305,121,31,65,0,0,0,0,0,0,0,0,-32304,0,0,0,0,0,201665,0
201488,-300,8350,106,62,-2,174,-213137,-338,3,503,0,36308,120,31,65,0,0,0,0,0,0,0,0,-32304,0,0,0,0,0,201670,0
201493,-298,8326,110,61,-15,174,-213218,-359,-6,535,0,36308,120,31,65,0,0,0,0,0,0,0,0,-32304,0,0,0,0,0,201675,0
201498,-266,8326,124,67,-35,182,-213304,-376,-25,585,0,36315,120,31,65,0,0,0,0,0,0,0,0,-32305,0,0,0,0,0,201680,0
201503,-184,8264,156,70,-44,178,-213392,-385,-45,607,0,36315,120,31,65,0,0,0,0,0,0,0,0,-32305,0,0,0,0,0,201685,0
201508,-78,8220,178,79,-82,172,-213480,-392,-47,609,0,36309,106,31,65,0,0,0,0,0,0,0,0,-32304,0,0,0,0,0,201690,0
201513,-10,8180,198,72,-92,175,-213569,-391,-34,602,0,36309,106,31,65,0,0,0,0,0,0,0,0,-32304,0,0,0,0,0,201695,0
201518,-78,8114,174,74,-102,173,-213660,-410,-27,619,0,36303,107,31,65,0,0,0,0,0,0,0,0,-32304,0,0,0,0,0,201700,0
201523,-164,8052,116,79,-112,177,-213756,-418,-25,687,0,36303,107,31,65,0,0,0,0,0,0,0,0,-32304,0,0,0,0,0,201705,0
201528,-180,8052,156,87,-118,184,-213848,-410,-28,689,0,36301,118,31,65,0,0,0,0,0,0,0,0,-32304,0,0,0,0,0,201710,0
201533,-212,8028,150,93,-112,180,-213940,-399,-18,661,0,36301,118,31,65,0,0,0,0,0,0,0,0,-32305,0,0,0,0,0,201715,0
201538,-112,8228,264,84,-113,193,-214034,-414,-4,668,0,36299,118,31,65,0,0,0,0,0,0,0,0,-32304,0,0,0,0,0,201720,0
201543,-144,8170,194,93,-104,194,-214130,-427,-4,721,0,36299,118,31,65,0,0,0,0,0,0,0,0,-32305,0,0,0,0,0,201725,0
201548,-284,8252,240,98,-87,208,-214232,-437,-18,751,0,36297,118,31,65,0,0,0,0,0,0,0,0,-32305,0,0,0,0,0,201730,0
201553,-250,8178,146,99,-80,210,-214329,-429,-27,733,0,36297,118,31,65,0,0,0,0,0,0,0,0,-32304,0,0,0,0,0,201735,0
201558,-286,8062,88,106,-75,215,-214429,-433,-27,728,0,36297,109,30,65,0,0,0,0,0,0,0,0,-32304,0,0,0,0,0,201740,0
201563,-224,8168,182,96,-59,230,-214533,-456,-16,810,0,36297,109,30,65,0,0,0,0,0,0,0,0,-32304,0,0,0,0,0,201745,0
201568,-398,8032,70,104,-49,245,-214641,-475,-25,861,0,36299,112,30,65,0,0,0,0,0,0,0,0,-32304,0,0,0,0,0,201750,0
201573,-330,8130,160,103,-38,261,-214746,-468,-37,865,0,36299,112,30,65,0,0,0,0,0,0,0,0,-32305,0,0,0,0,0,201755,0
201578,-432,8038,22,108,-30,267,-214856,-482,-31,881,0,36299,118,31,65,0,0,0,0,0,0,0,0,-32304,0,0,0,0,0,201760,0
201583,234,7770,86,119,-26,188,-214962,-472,-27,899,0,36299,118,31,65,0,0,0,0,0,0,0,0,-32305,0,0,0,0,0,201765,0
201588,1806,7894,-42,99,-22,171,-215062,-429,0,796,0,36298,123,31,65,0,0,0,0,0,0,0,0,-32305,0,0,0,0,0,201770,0
201593,1680,7874,-114,100,-4,142,-215149,-376,53,623,0,36298,123,31,65,0,0,0,0,0,0,0,0,-32304,0,0,0,0,0,201775,0
201598,1138,8108,-102,88,0,132,-215220,-305,108,487,0,36298,131,31,65,0,0,0,0,0,0,0,0,-32304,0,0,0,0,0,201780,0
201603,792,8154,-106,88,13,120,-215278,-247,165,393,0,36298,131,31,65,0,0,0,0,0,0,0,0,-32305,0,0,0,0,0,201785,0
201608,30,8250,28,84,23,107,-215322,-182,203,326,0,36297,134,31,65,0,0,0,0,0,0,0,0,-32305,0,0,0,0,0,201790,0
201613,-314,8246,44,86,13,112,-215348,-113,220,223,0,36297,134,31,65,0,0,0,0,0,0,0,0,-32304,0,0,0,0,0,201795,0
201618,-614,8332,36,83,-5,95,-215373,-100,208,168,0,36295,131,31,65,0,0,0,0,0,0,0,0,-32304,0,0,0,0,0,201800,0
201623,-614,8424,22,81,-19,107,-215387,-54,180,122,0,36295,131,31,65,0,0,0,0,0,0,0,0,-32304,0,0,0,0,0,201805,0
201628,-124,8420,10,76,-64,100,-215393,-23,147,61,0,36291,136,30,65,0,0,0,0,0,0,0,0,-32304,0,0,0,0,0,201810,0
201633,178,8368,14,75,-93,94,-215397,-19,113,38,0,36291,136,30,65,0,0,0,0,0,0,0,0,-32304,0,0,0,0,0,201815,0
201638,436,8306,38,78,-117,81,-215404,-29,78,48,0,36291,130,30,65,0,0,0,0,0,0,0,0,-32304,0,0,0,0,0,201820,0
201643,590,8198,74,74,-134,69,-215417,-48,33,80,0,36291,130,30,65,0,0,0,0,0,0,0,0,-32304,0,0,0,0,0,201825,0
201648,524,8112,178,77,-176,48,-215433,-71,-19,107,0,36292,119,31,65,0,0,0,0,0,0,0,0,-32304,0,0,0,0,0,201830,0
201653,374,8022,166,83,-183,34,-215441,-40,-40,83,0,36292,119,31,65,0,0,0,0,0,0,0,0,-32304,0,0,0,0,0,201835,0
201658,222,7982,254,85,-202,31,-215442,4,-3,25,0,36292,123,30,65,0,0,0,0,0,0,0,0,-32304,0,0,0,0,0,201840,0
201663,52,8048,322,88,-210,26,-215444,-2,43,-1,0,36292,123,30,65,0,0,0,0,0,0,0,0,-32304,0,0,0,0,0,201845,0
201668,-134,7922,300,104,-231,15,-215443,0,60,0,0,36291,123,31,65,0,0,0,0,0,0,0,0,-32304,0,0,0,0,0,201850,0
201673,-8,8036,330,111,-239,19,-215442,4,42,0,0,36291,123,31,65,0,0,0,0,0,0,0,0,-32304,0,0,0,0,0,201855,0
201678,92,7984,292,115,-244,8,-215442,1,17,0,0,36291,132,30,65,0,0,0,0,0,0,0,0,-32304,0,0,0,0,0,201860,0
201683,236,7988,288,119,-247,14,-215442,3,2,0,0,36291,132,30,65,0,0,0,0,0,0,0,0,-32304,0,0,0,0,0,201865,0
201688,392,8090,256,133,-240,-2,-215443,0,-2,0,0,36291,139,30,65,0,0,0,0,0,0,0,0,-32304,0,0,0,0,0,201870,0
201693,472,8134,252,134,-233,-11,-215442,1,0,-1,0,36291,139,30,65,0,0,0,0,0,0,0,0,-32304,0,0,0,0,0,201875,0
201698,494,8156,258,143,-224,-16,-215442,1,-1,-1,0,36294,133,31,65,0,0,0,0,0,0,0,0,-32305,0,0,0,0,0,201880,0
201703,458,8194,210,144,-212,-32,-215443,-3,1,0,0,36294,133,31,65,0,0,0,0,0,0,0,0,-32304,0,0,0,0,0,201885,0
201708,338,8188,164,155,-191,-44,-215443,-1,-1,0,0,36293,137,30,65,0,0,0,0,0,0,0,0,-32304,0,0,0,0,0,201890,0
201713,294,8234,94,155,-177,-52,-215443,3,-1,1,0,36293,137,30,65,0,0,0,0,0,0,0,0,-32304,0,0,0,0,0,201895,0
201718,330,8212,84,154,-162,-58,-215443,-1,3,0,0,36294,141,31,65,0,0,0,0,0,0,0,0,-32304,0,0,0,0,0,201900,0
201723,266,8202,58,155,-155,-63,-215442,2,1,1,0,36294,141,31,65,0,0,0,0,0,0,0,0,-32304,0,0,0,0,0,201905,0
201728,398,8198,28,157,-131,-77,-215442,0,0,0,0,36291,146,30,65,0,0,0,0,0,0,0,0,-32304,0,0,0,0,0,201910,0
201733,462,8206,74,153,-125,-81,-215443,-7,0,0,0,36291,146,30,65,0,0,0,0,0,0,0,0,-32304,0,0,0,0,0,201915,0
201738,390,8140,-20,151,-115,-98,-215443,-1,-2,0,0,36292,142,30,65,0,0,0,0,0,0,0,0,-32304,0,0,0,0,0,201920,0
201743,358,8098,-58,151,-110,-106,-215443,0,-1,1,0,36292,142,30,65,0,0,0,0,0,0,0,0,-32305,0,0,0,0,0,201925,0
201748,338,8146,-38,152,-96,-114,-215443,1,2,2,0,36293,143,31,65,0,0,0,0,0,0,0,0,-32304,0,0,0,0,0,201930,0
201753,152,7984,-138,144,-104,-128,-215443,3,0,0,0,36293,143,31,65,0,0,0,0,0,0,0,0,-32304,0,0,0,0,0,201935,0
201758,174,7988,-70,141,-103,-130,-215443,-4,0,1,0,36292,132,30,65,0,0,0,0,0,0,0,0,-32304,0,0,0,0,0,201940,0
201763,250,8000,-122,134,-112,-134,-215443,0,1,0,0,36292,132,30,65,0,0,0,0,0,0,0,0,-32305,0,0,0,0,0,201945,0
201768,186,8012,-78,134,-130,-148,-215443,3,-3,0,0,36291,138,30,65,0,0,0,0,0,0,0,0,-32304,0,0,0,0,0,201950,0
201773,206,8036,-74,126,-137,-159,-215443,0,-1,0,0,36291,138,30,65,0,0,0,0,0,0,0,0,-32304,0,0,0,0,0,201955,0
201778,292,8042,-84,126,-145,-163,-215443,-3,-2,2,0,36291,137,31,65,0,0,0,0,0,0,0,0,-32305,0,0,0,0,0,201960,0
201783,288,8118,-90,124,-157,-172,-215445,-6,-3,2,0,36291,137,31,65,0,0,0,0,0,0,0,0,-32304,0,0,0,0,0,201965,0
201788,330,8236,-58,119,-168,-191,-215444,-6,-3,2,0,36291,143,30,65,0,0,0,0,0,0,0,0,-32304,0,0,0,0,0,201970,0
201793,320,8300,-48,119,-175,-201,-215443,4,-1,2,0,36291,143,30,65,0,0,0,0,0,0,0,0,-32304,0,0,0,0,0,201975,0
201798,324,8362,-18,119,-177,-211,-215444,-1,0,1,0,36289,150,31,65,0,0,0,0,0,0,0,0,-32304,0,0,0,0,0,201980,0
201803,324,8428,10,116,-184,-225,-215444,2,1,1,0,36289,150,31,65,0,0,0,0,0,0,0,0,-32304,0,0,0,0,0,201985,0
201808,290,8516,24,118,-187,-249,-215445,-1,1,3,0,36297,142,31,65,0,0,0,0,0,0,0,0,-32304,0,0,0,0,0,201990,0
201813,248,8516,36,112,-189,-252,-215443,3,7,2,0,36297,142,31,65,0,0,0,0,0,0,0,0,-32304,0,0,0,0,0,201995,0
201818,316,8530,38,119,-192,-268,-215446,1,-2,0,0,36297,135,31,65,0,0,0,0,0,0,0,0,-32304,0,0,0,0,0,202000,0
201823,284,8402,78,117,-190,-272,-215445,0,0,0,0,36297,135,31,65,0,0,0,0,0,0,0,0,-32304,0,0,0,0,0,202005,0
201828,192,8448,134,124,-179,-299,-215445,2,1,0,0,36298,133,31,65,0,0,0,0,0,0,0,0,-32304,0,0,0,0,0,202010,0
201833,114,8458,176,124,-166,-313,-215445,-1,0,0,0,36298,133,31,65,0,0,0,0,0,0,0,0,-32304,0,0,0,0,0,202015,0
201838,90,8478,120,129,-149,-320,-215445,-2,-1,0,0,36287,126,31,65,0,0,0,0,0,0,0,0,-32305,0,0,0,0,0,202020,0
201843,104,8454,194,131,-133,-322,-215446,-6,-1,0,0,36287,126,31,65,0,0,0,0,0,0,0,0,-32305,0,0,0,0,0,202025,0
201848,76,8388,152,142,-97,-330,-215445,-7,0,0,0,36282,125,31,65,0,0,0,0,0,0,0,0,-32304,0,0,0,0,0,202030,0
201853,120,8334,228,141,-74,-336,-215444,2,-1,0,0,36282,125,31,65,0,0,0,0,0,0,0,0,-32304,0,0,0,0,0,202035,0
201858,104,8302,174,152,-54,-337,-215445,6,-2,1,0,36278,131,31,65,0,0,0,0,0,0,0,0,-32305,0,0,0,0,0,202040,0
201863,40,8296,212,145,-42,-338,-215444,1,5,0,0,36278,131,31,65,0,0,0,0,0,0,0,0,-32305,0,0,0,0,0,202045,0
201868,106,8174,206,155,-13,-344,-215445,1,7,0,0,36277,137,31,65,0,0,0,0,0,0,0,0,-32304,0,0,0,0,0,202050,0
201873,6,8130,238,160,9,-339,-215445,0,1,0,0,36277,137,31,65,0,0,0,0,0,0,0,0,-32305,0,0,0,0,0,202055,0
201878,-140,8156,244,167,16,-336,-215445,-7,1,0,0,36279,135,30,65,0,0,0,0,0,0,0,0,-32304,0,0,0,0,0,202060,0
201883,-238,8152,226,172,27,-337,-215446,1,-4,0,0,36279,135,30,65,0,0,0,0,0,0,0,0,-32304,0,0,0,0,0,202065,0
201888,-330,8104,180,177,37,-326,-215446,-1,-4,0,0,36281,137,31,65,0,0,0,0,0,0,0,0,-32305,0,0,0,0,0,202070,0
201893,-344,8096,172,185,37,-323,-215444,4,2,0,0,36281,137,31,65,0,0,0,0,0,0,0,0,-32304,0,0,0,0,0,202075,0
201898,-328,8092,180,188,36,-317,-215445,1,-2,0,0,36285,140,30,65,0,0,0,0,0,0,0,0,-32304,0,0,0,0,0,202080,0
201903,-346,8132,178,193,38,-317,-215444,8,1,0,0,36285,140,30,65,0,0,0,0,0,0,0,0,-32304,0,0,0,0,0,202085,0
201908,-350,8114,94,198,40,-303,-215446,-10,-2,0,0,36287,147,30,65,0,0,0,0,0,0,0,0,-32304,0,0,0,0,0,202090,0
201913,-364,8120,66,201,40,-298,-215446,0,0,0,0,36287,147,30,65,0,0,0,0,0,0,0,0,-32304,0,0,0,0,0,202095,0
201918,-372,8108,36,198,43,-284,-215445,1,-3,0,0,36289,148,31,65,0,0,0,0,0,0,0,0,-32304,0,0,0,0,0,202100,0
201923,-462,8084,-6,207,42,-284,-215445,-4,1,0,0,36289,148,31,65,0,0,0,0,0,0,0,0,-32304,0,0,0,0,0,202105,0
201928,-518,8076,4,207,36,-268,-215444,0,4,0,0,36288,142,30,65,0,0,0,0,0,0,0,0,-32304,0,0,0,0,0,202110,0
201933,-498,8094,-30,202,35,-266,-215445,0,-4,1,0,36288,142,30,65,0,0,0,0,0,0,0,0,-32305,0,0,0,0,0,202115,0
201938,-510,8104,-68,203,36,-255,-215446,0,-6,0,0,36289,155,30,65,0,0,0,0,0,0,0,0,-32305,0,0,0,0,0,202120,0
201943,-546,8082,-82,204,31,-244,-215445,-5,0,-1,0,36289,155,30,65,0,0,0,0,0,0,0,0,-32304,0,0,0,0,0,202125,0
201948,-588,8092,-168,196,34,-227,-215445,0,1,1,0,36288,144,31,65,0,0,0,0,0,0,0,0,-32304,0,0,0,0,0,202130,0
201953,-566,8076,-192,193,32,-216,-215445,-1,-3,0,0,36288,144,31,65,0,0,0,0,0,0,0,0,-32304,0,0,0,0,0,202135,0
201958,-538,8034,-194,189,32,-209,-215444,0,3,0,0,36288,143,30,65,0,0,0,0,0,0,0,0,-32305,0,0,0,0,0,202140,0
201963,-538,8076,-180,185,27,-198,-215445,-2,1,-1,0,36288,143,30,65,0,0,0,0,0,0,0,0,-32304,0,0,0,0,0,202145,0
201968,-582,8074,-194,180,27,-179,-215445,0,0,0,0,36291,139,31,65,0,0,0,0,0,0,0,0,-32304,0,0,0,0,0,202150,0
201973,-638,8070,-202,180,26,-171,-215444,1,3,0,0,36291,139,31,65,0,0,0,0,0,0,0,0,-32304,0,0,0,0,0,202155,0
201978,-650,8054,-184,169,34,-166,-215444,0,3,0,0,36292,139,30,65,0,0,0,0,0,0,0,0,-32305,0,0,0,0,0,202160,0
201983,-682,8040,-224,170,34,-155,-215446,-5,-3,0,0,36292,139,30,65,0,0,0,0,0,0,0,0,-32304,0,0,0,0,0,202165,0
201988,-686,8020,-214,162,35,-135,-215444,0,-2,0,0,36291,130,30,65,0,0,0,0,0,0,0,0,-32304,0,0,0,0,0,202170,0
201993,-648,8070,-212,154,28,-127,-215446,-3,-6,0,0,36291,130,30,65,0,0,0,0,0,0,0,0,-32304,0,0,0,0,0,202175,0
201998,-682,8056,-258,148,33,-115,-215446,-8,-3,0,0,36290,122,31,65,0,0,0,0,0,0,0,0,-32305,0,0,0,0,0,202180,0
202003,-658,8028,-288,146,32,-109,-215446,-3,-2,0,0,36290,122,31,65,0,0,0,0,0,0,0,0,-32304,0,0,0,0,0,202185,0
202008,-600,8098,-266,140,28,-93,-215445,3,-5,0,0,36288,118,30,65,0,0,0,0,0,0,0,0,-32305,0,0,0,0,0,202190,0
202013,-592,8082,-200,135,27,-82,-215445,1,-1,0,0,36288,118,30,65,0,0,0,0,0,0,0,0,-32304,0,0,0,0,0,202195,0
202018,-572,8138,-198,126,21,-77,-215446,-1,0,-1,0,36293,132,31,65,0,0,0,0,0,0,0,0,-32304,0,0,0,0,0,202200,0
202023,-554,8042,-204,126,22,-65,-215446,-4,-2,0,0,36293,132,31,65,0,0,0,0,0,0,0,0,-32304,0,0,0,0,0,202205,0
202028,-558,8052,-208,121,22,-57,-215446,-8,-2,0,0,36291,137,31,65,0,0,0,0,0,0,0,0,-32304,0,0,0,0,0,202210,0
202033,-538,8126,-190,118,26,-48,-215445,-9,-2,0,0,36291,137,31,65,0,0,0,0,0,0,0,0,-32304,0,0,0,0,0,202216,0
202038,-502,8130,-262,116,23,-48,-215445,-1,-3,0,0,36290,132,31,65,0,0,0,0,0,0,0,0,-32304,0,0,0,0,0,202221,0
202043,-454,8162,-174,105,22,-43,-215445,-2,0,-1,0,36290,132,31,65,0,0,0,0,0,0,0,0,-32304,0,0,0,0,0,202226,0
202048,-466,8182,-256,105,22,-31,-215445,0,-5,1,0,36287,132,30,65,0,0,0,0,0,0,0,0,-32304,0,0,0,0,0,202231,0
202053,-396,8208,-200,99,16,-24,-215445,2,-2,0,0,36287,132,30,65,0,0,0,0,0,0,0,0,-32304,0,0,0,0,0,202236,0
202058,-410,8248,-208,92,11,-20,-215445,-1,-1,1,0,36290,125,31,65,0,0,0,0,0,0,0,0,-32304,0,0,0,0,0,202241,0
202063,-426,8194,-264,90,8,-21,-215444,3,3,0,0,36290,125,31,65,0,0,0,0,0,0,0,0,-32304,0,0,0,0,0,202246,0
202068,-486,8148,-210,84,4,-14,-215444,7,4,0,0,36290,133,30,65,0,0,0,0,0,0,0,0,-32304,0,0,0,0,0,202251,0
202073,-452,8068,-194,84,2,-13,-215445,0,-1,0,0,36290,133,30,65,0,0,0,0,0,0,0,0,-32305,0,0,0,0,0,202256,0
202078,-460,8162,-188,83,-4,-7,-215445,0,2,0,0,36288,133,30,65,0,0,0,0,0,0,0,0,-32305,0,0,0,0,0,202261,0
202083,-420,8104,-148,72,-5,-2,-215445,-3,0,0,0,36288,133,30,65,0,0,0,0,0,0,0,0,-32305,0,0,0,0,0,202266,0
202088,-450,8122,-228,73,-5,6,-215446,-6,-3,0,0,36289,141,31,65,0,0,0,0,0,0,0,0,-32304,0,0,0,0,0,202271,0
202093,-430,8144,-208,61,-4,4,-215445,2,-3,0,0,36289,141,31,65,0,0,0,0,0,0,0,0,-32304,0,0,0,0,0,202276,0
202098,-436,8196,-216,60,-12,9,-215445,1,-2,2,0,36289,145,31,65,0,0,0,0,0,0,0,0,-32304,0,0,0,0,0,202281,0
202103,-468,8158,-264,59,-12,17,-215445,6,0,1,0,36289,145,31,65,0,0,0,0,0,0,0,0,-32304,0,0,0,0,0,202286,0
202108,-432,8236,-226,53,-20,20,-215445,-1,-2,0,0,36289,148,31,65,0,0,0,0,0,0,0,0,-32304,0,0,0,0,0,202291,0
202113,-424,8164,-246,47,-26,25,-215445,3,5,0,0,36289,148,31,65,0,0,0,0,0,0,0,0,-32304,0,0,0,0,0,202296,0
202118,-436,8120,-226,45,-26,19,-215444,5,1,-2,0,36290,140,31,65,0,0,0,0,0,0,0,0,-32304,0,0,0,0,0,202301,0
202123,-464,8220,-226,37,-27,34,-215445,0,0,0,0,36290,140,31,65,0,0,0,0,0,0,0,0,-32304,0,0,0,0,0,202306,0
202128,-476,8102,-244,32,-30,44,-215444,7,-2,0,0,36289,134,30,65,0,0,0,0,0,0,0,0,-32304,0,0,0,0,0,202311,0
202133,-482,8202,-206,24,-30,44,-215445,-4,2,0,0,36289,134,30,65,0,0,0,0,0,0,0,0,-32305,0,0,0,0,0,202316,0
202138,-434,8142,-206,23,-30,50,-215445,0,-1,0,0,36287,133,31,65,0,0,0,0,0,0,0,0,-32304,0,0,0,0,0,202321,0
202143,-476,8058,-186,20,-26,54,-215445,4,0,0,0,36287,133,31,65,0,0,0,0,0,0,0,0,-32304,0,0,0,0,0,202326,0
202148,-500,8104,-192,13,-23,63,-215446,-9,-5,0,0,36284,132,30,65,0,0,0,0,0,0,0,0,-32305,0,0,0,0,0,202331,0
202153,-504,8128,-156,8,-25,65,-215444,2,6,0,0,36284,132,30,65,0,0,0,0,0,0,0,0,-32304,0,0,0,0,0,202336,0
202158,-524,8172,-164,7,-22,74,-215445,0,-1,0,0,36287,137,30,65,0,0,0,0,0,0,0,0,-32305,0,0,0,0,0,202341,0
202163,-526,8158,-182,6,-19,78,-215445,-2,-1,1,0,36287,137,30,65,0,0,0,0,0,0,0,0,-32305,0,0,0,0,0,202346,0
202168,-558,8134,-130,-6,-21,96,-215445,0,0,0,0,36289,146,31,65,0,0,0,0,0,0,0,0,-32304,0,0,0,0,0,202351,0
202173,-632,8046,-154,-2,-21,101,-215445,0,-1,-1,0,36289,146,31,65,0,0,0,0,0,0,0,0,-32304,0,0,0,0,0,202356,0
202178,-644,8022,-86,1,-30,103,-215445,0,1,0,0,36289,136,30,65,0,0,0,0,0,0,0,0,-32304,0,0,0,0,0,202361,0
202183,-686,7976,-74,-1,-24,113,-215443,7,4,1,0,36289,136,30,65,0,0,0,0,0,0,0,0,-32304,0,0,0,0,0,202366,0
202188,-678,7948,-22,-3,-25,132,-215445,1,0,0,0,36288,137,31,65,0,0,0,0,0,0,0,0,-32304,0,0,0,0,0,202371,0
202193,-714,7924,-4,2,-22,146,-215445,0,0,0,0,36288,137,31,65,0,0,0,0,0,0,0,0,-32305,0,0,0,0,0,202376,0
202198,-696,7974,42,3,-28,151,-215446,-3,-2,0,0,36289,139,30,65,0,0,0,0,0,0,0,0,-32304,0,0,0,0,0,202381,0
202203,-644,7974,56,6,-23,158,-215446,-2,-1,0,0,36289,139,30,65,0,0,0,0,0,0,0,0,-32304,0,0,0,0,0,202386,0
202208,-600,8044,58,4,-23,176,-215445,0,-2,0,0,36290,134,30,65,0,0,0,0,0,0,0,0,-32304,0,0,0,0,0,202391,0
202213,-564,8044,72,13,-23,186,-215445,0,1,0,0,36290,134,30,65,0,0,0,0,0,0,0,0,-32304,0,0,0,0,0,202396,0
202218,-510,8080,40,17,-19,189,-215445,-5,-1,3,0,36296,140,31,65,0,0,0,0,0,0,0,0,-32304,0,0,0,0,0,202401,0
202223,-452,8128,88,13,-23,192,-215445,3,-2,3,0,36296,140,31,65,0,0,0,0,0,0,0,0,-32304,0,0,0,0,0,202406,0
202228,-374,8152,116,24,-20,208,-215444,0,-3,0,0,36296,134,30,65,0,0,0,0,0,0,0,0,-32304,0,0,0,0,0,202411,0
202233,-326,8176,112,22,-20,204,-215445,5,-2,0,0,36296,134,30,65,0,0,0,0,0,0,0,0,-32305,0,0,0,0,0,202416,0
202238,-350,8136,70,29,-19,211,-215444,1,1,0,0,36295,139,30,65,0,0,0,0,0,0,0,0,-32305,0,0,0,0,0,202421,0
202243,-310,8216,150,28,-13,211,-215444,4,3,-1,0,36295,139,30,65,0,0,0,0,0,0,0,0,-32304,0,0,0,0,0,202426,0
202248,-270,8150,88,41,13,213,-215446,-1,0,0,0,36292,139,31,65,0,0,0,0,0,0,0,0,-32305,0,0,0,0,0,202431,0
202253,-280,8158,56,52,23,222,-215444,1,-2,0,0,36292,139,31,65,0,0,0,0,0,0,0,0,-32304,0,0,0,0,0,202436,0
202258,-250,8180,134,48,41,219,-215444,1,-1,0,0,36286,131,31,65,0,0,0,0,0,0,0,0,-32304,0,0,0,0,0,202441,0
202263,-278,8054,72,57,60,229,-215444,5,3,0,0,36286,131,31,65,0,0,0,0,0,0,0,0,-32304,0,0,0,0,0,202446,0
202268,-398,8108,138,53,98,236,-215444,2,-1,0,0,36287,139,30,65,0,0,0,0,0,0,0,0,-32304,0,0,0,0,0,202451,0
202273,-396,8068,130,61,112,251,-215444,3,-1,0,0,36287,139,30,65,0,0,0,0,0,0,0,0,-32304,0,0,0,0,0,202456,0
202278,-516,8004,22,65,133,257,-215446,-10,-3,0,0,36287,137,30,65,0,0,0,0,0,0,0,0,-32304,0,0,0,0,0,202461,0
202283,-514,8018,108,59,153,261,-215445,-1,0,0,0,36287,137,30,65,0,0,0,0,0,0,0,0,-32304,0,0,0,0,0,202466,0
202288,-494,8088,96,61,186,279,-215443,9,2,-1,0,36288,132,31,65,0,0,0,0,0,0,0,0,-32305,0,0,0,0,0,202471,0
202293,-490,8130,14,68,195,285,-215445,0,2,0,0,36288,132,31,65,0,0,0,0,0,0,0,0,-32304,0,0,0,0,0,202476,0
202298,-422,8158,24,69,211,291,-215444,-1,1,0,0,36286,131,31,65,0,0,0,0,0,0,0,0,-32304,0,0,0,0,0,202481,0
202303,-340,8308,30,65,226,301,-215445,-7,-3,0,0,36286,131,31,65,0,0,0,0,0,0,0,0,-32305,0,0,0,0,0,202486,0
202308,-222,8314,0,70,245,309,-215445,-3,3,0,0,36288,132,31,65,0,0,0,0,0,0,0,0,-32304,0,0,0,0,0,202491,0
202313,-256,8418,-42,65,255,308,-215446,-8,-2,0,0,36288,132,31,65,0,0,0,0,0,0,0,0,-32304,0,0,0,0,0,202496,0
202318,-248,8324,-38,66,267,306,-215445,2,6,1,0,36288,131,30,65,0,0,0,0,0,0,0,0,-32304,0,0,0,0,0,202501,0
202323,-288,8354,-92,67,268,309,-215444,0,2,2,0,36288,131,30,65,0,0,0,0,0,0,0,0,-32304,0,0,0,0,0,202506,0
202328,-246,8320,-40,64,284,311,-215443,4,2,2,0,36294,136,30,65,0,0,0,0,0,0,0,0,-32304,0,0,0,0,0,202511,0
202333,-240,8250,-18,70,292,316,-215445,0,3,0,0,36294,136,30,65,0,0,0,0,0,0,0,0,-32304,0,0,0,0,0,202516,0
202338,-266,8188,-50,70,296,320,-215443,0,4,0,0,36294,135,31,65,0,0,0,0,0,0,0,0,-32304,0,0,0,0,0,202521,0
202343,-290,8116,-18,71,303,320,-215443,7,-3,-2,0,36294,135,31,65,0,0,0,0,0,0,0,0,-32304,0,0,0,0,0,202526,0
202348,-288,8010,-30,70,311,332,-215445,3,1,0,0,36294,128,31,65,0,0,0,0,0,0,0,0,-32304,0,0,0,0,0,202531,0
202353,-280,7948,-48,65,318,330,-215444,-3,-3,1,0,36294,128,31,65,0,0,0,0,0,0,0,0,-32304,0,0,0,0,0,202536,0
202358,-272,7920,-46,64,311,340,-215445,1,0,0,0,36288,131,31,65,0,0,0,0,0,0,0,0,-32304,0,0,0,0,0,202541,0
202363,-258,7938,-38,62,316,341,-215445,-4,3,0,0,36288,131,31,65,0,0,0,0,0,0,0,0,-32304,0,0,0,0,0,202546,0
202368,-320,7954,-62,65,311,346,-215445,-1,-1,0,0,36290,127,30,65,0,0,0,0,0,0,0,0,-32304,0,0,0,0,0,202551,0
202373,-196,8020,-74,64,309,351,-215444,-4,-1,0,0,36290,127,30,65,0,0,0,0,0,0,0,0,-32304,0,0,0,0,0,202556,0
202378,-260,8058,-92,61,306,350,-215445,0,5,0,0,36290,136,30,65,0,0,0,0,0,0,0,0,-32304,0,0,0,0,0,202561,0
202383,-88,8114,-102,63,294,358,-215444,3,4,0,0,36290,136,30,65,0,0,0,0,0,0,0,0,-32304,0,0,0,0,0,202566,0
202388,-120,8164,-68,59,283,357,-215445,-5,0,0,0,36290,143,31,65,0,0,0,0,0,0,0,0,-32304,0,0,0,0,0,202571,0
202393,-6,8242,-98,64,272,351,-215445,-4,2,0,0,36290,143,31,65,0,0,0,0,0,0,0,0,-32305,0,0,0,0,0,202576,0
202398,-30,8236,-58,62,266,343,-215444,2,2,1,0,36290,138,31,65,0,0,0,0,0,0,0,0,-32305,0,0,0,0,0,202581,0
202403,-42,8230,-90,61,258,339,-215444,0,3,0,0,36290,138,31,65,0,0,0,0,0,0,0,0,-32304,0,0,0,0,0,202586,0
202408,6,8226,-78,55,232,331,-215445,-5,1,0,0,36290,145,31,65,0,0,0,0,0,0,0,0,-32305,0,0,0,0,0,202591,0
202413,48,8198,-56,52,223,324,-215445,-3,1,0,0,36290,145,31,65,0,0,0,0,0,0,0,0,-32305,0,0,0,0,0,202596,0
202418,14,8192,-74,54,210,321,-215445,-2,4,0,0,36291,146,31,65,0,0,0,0,0,0,0,0,-32304,0,0,0,0,0,202601,0
202423,42,8104,-54,58,201,316,-215444,0,0,0,0,36291,146,31,65,0,0,0,0,0,0,0,0,-32304,0,0,0,0,0,202606,0
202428,92,8116,-46,56,179,304,-215444,3,5,1,0,36290,143,30,65,0,0,0,0,0,0,0,0,-32305,0,0,0,0,0,202611,0
202433,136,8082,4,51,171,304,-215444,0,0,0,0,36290,143,30,65,0,0,0,0,0,0,0,0,-32304,0,0,0,0,0,202616,0
202438,102,8108,-10,54,164,301,-215443,1,4,0,0,36294,149,30,65,0,0,0,0,0,0,0,0,-32304,0,0,0,0,0,202621,0
202443,68,8050,-24,60,161,293,-215444,2,-1,0,0,36294,149,30,65,0,0,0,0,0,0,0,0,-32304,0,0,0,0,0,202626,0
202448,130,8114,-8,60,148,289,-215444,-3,3,0,0,36295,141,30,65,0,0,0,0,0,0,0,0,-32304,0,0,0,0,0,202631,0
202453,86,8124,-6,60,143,280,-215444,-2,-5,0,0,36295,141,30,65,0,0,0,0,0,0,0,0,-32305,0,0,0,0,0,202636,0
202458,114,8130,-6,60,136,279,-215444,3,-1,1,0,36297,140,31,65,0,0,0,0,0,0,0,0,-32304,0,0,0,0,0,202641,0
202463,40,8152,8,65,129,276,-215444,5,0,0,0,36297,140,31,65,0,0,0,0,0,0,0,0,-32304,0,0,0,0,0,202646,0
202468,12,8158,42,60,113,274,-215446,-4,3,0,0,36295,136,30,65,0,0,0,0,0,0,0,0,-32305,0,0,0,0,0,202651,0
202473,4,8182,18,68,109,271,-215444,5,-1,0,0,36295,136,30,65,0,0,0,0,0,0,0,0,-32304,0,0,0,0,0,202656,0
202478,12,8144,40,68,92,270,-215445,3,0,-1,0,36293,138,31,65,0,0,0,0,0,0,0,0,-32304,0,0,0,0,0,202661,0
202483,-4,8124,26,73,88,265,-215444,6,3,0,0,36293,138,31,65,0,0,0,0,0,0,0,0,-32304,0,0,0,0,0,202666,0
202488,-26,8062,36,74,83,261,-215444,-1,-1,0,0,36291,129,30,65,0,0,0,0,0,0,0,0,-32304,0,0,0,0,0,202671,0
202493,50,8028,24,78,73,264,-215445,0,1,0,0,36291,129,30,65,0,0,0,0,0,0,0,0,-32304,0,0,0,0,0,202676,0
202498,98,8062,38,79,67,259,-215445,-3,-1,1,0,36289,125,30,65,0,0,0,0,0,0,0,0,-32304,0,0,0,0,0,202681,0
202503,112,8034,10,82,62,263,-215444,-1,-2,0,0,36289,125,30,65,0,0,0,0,0,0,0,0,-32304,0,0,0,0,0,202686,0
202508,60,8054,84,78,52,253,-215445,-2,0,0,0,36290,121,31,65,0,0,0,0,0,0,0,0,-32304,0,0,0,0,0,202691,0
202513,-28,8042,48,85,46,251,-215444,2,4,0,0,36290,121,31,65,0,0,0,0,0,0,0,0,-32304,0,0,0,0,0,202696,0
202518,-34,7996,28,88,40,253,-215444,-3,1,0,0,36290,128,30,65,0,0,0,0,0,0,0,0,-32304,0,0,0,0,0,202701,0
202523,30,8052,74,86,25,255,-215444,0,4,2,0,36290,128,30,65,0,0,0,0,0,0,0,0,-32305,0,0,0,0,0,202706,0
202528,88,8082,34,93,11,252,-215444,4,0,0,0,36290,136,31,65,0,0,0,0,0,0,0,0,-32304,0,0,0,0,0,202711,0
202533,92,8144,50,99,10,249,-215444,0,0,0,0,36290,136,31,65,0,0,0,0,0,0,0,0,-32304,0,0,0,0,0,202716,0
202538,130,8164,16,96,5,242,-215444,1,3,-1,0,36291,136,31,65,0,0,0,0,0,0,0,0,-32304,0,0,0,0,0,202721,0
202543,146,8178,44,102,-2,238,-215445,1,2,-1,0,36291,136,31,65,0,0,0,0,0,0,0,0,-32304,0,0,0,0,0,202726,0
202548,194,8216,32,103,-20,233,-215444,0,2,0,0,36294,128,31,65,0,0,0,0,0,0,0,0,-32304,0,0,0,0,0,202731,0
202553,236,8244,18,101,-24,227,-215444,1,-2,1,0,36294,128,31,65,0,0,0,0,0,0,0,0,-32304,0,0,0,0,0,202736,0
202558,280,8300,54,107,-22,223,-215445,1,4,0,0,36295,133,31,65,0,0,0,0,0,0,0,0,-32304,0,0,0,0,0,202741,0
202563,230,8296,-26,103,-34,213,-215444,1,-2,0,0,36295,133,31,65,0,0,0,0,0,0,0,0,-32304,0,0,0,0,0,202746,0
202568,204,8272,-2,113,-38,204,-215445,-2,-1,0,0,36294,137,30,65,0,0,0,0,0,0,0,0,-32304,0,0,0,0,0,202751,0
202573,230,8198,-4,111,-39,201,-215444,-1,2,-1,0,36294,137,30,65,0,0,0,0,0,0,0,0,-32304,0,0,0,0,0,202756,0
202578,232,8220,-2,109,-48,192,-215444,1,-6,0,0,36290,145,30,65,0,0,0,0,0,0,0,0,-32304,0,0,0,0,0,202761,0
202583,218,8172,0,116,-49,193,-215444,-3,-2,0,0,36290,145,30,65,0,0,0,0,0,0,0,0,-32304,0,0,0,0,0,202766,0
202588,170,8092,-26,113,-53,188,-215444,1,0,0,0,36290,143,31,65,0,0,0,0,0,0,0,0,-32305,0,0,0,0,0,202771,0
202593,142,8046,-14,113,-54,188,-215444,0,-2,0,0,36290,143,31,65,0,0,0,0,0,0,0,0,-32304,0,0,0,0,0,202776,0
202598,116,8030,-20,120,-53,181,-215444,5,3,0,0,36289,135,31,65,0,0,0,0,0,0,0,0,-32305,0,0,0,0,0,202781,0
202603,128,8004,-24,116,-54,182,-215445,-6,-4,0,0,36289,135,31,65,0,0,0,0,0,0,0,0,-32304,0,0,0,0,0,202786,0
202608,106,7960,-40,118,-58,177,-215445,-2,1,0,0,36289,149,31,65,0,0,0,0,0,0,0,0,-32305,0,0,0,0,0,202791,0
202613,140,7962,-28,114,-58,179,-215443,3,-2,0,0,36289,149,31,65,0,0,0,0,0,0,0,0,-32304,0,0,0,0,0,202796,0
202618,150,7986,-52,125,-56,178,-215444,3,4,0,0,36288,142,31,65,0,0,0,0,0,0,0,0,-32304,0,0,0,0,0,202801,0
202623,196,7988,-40,117,-57,183,-215445,4,1,1,0,36288,142,31,65,0,0,0,0,0,0,0,0,-32304,0,0,0,0,0,202806,0
202628,252,8142,-48,126,-59,177,-215444,3,-4,0,0,36287,142,31,65,0,0,0,0,0,0,0,0,-32304,0,0,0,0,0,202811,0
202633,222,8172,-54,118,-60,172,-215443,7,1,0,0,36287,142,31,65,0,0,0,0,0,0,0,0,-32304,0,0,0,0,0,202816,0
202638,244,8240,-86,119,-62,173,-215445,-2,1,1,0,36286,137,31,65,0,0,0,0,0,0,0,0,-32305,0,0,0,0,0,202821,0
202643,256,8262,-82,119,-62,163,-215444,3,1,0,0,36286,137,31,65,0,0,0,0,0,0,0,0,-32304,0,0,0,0,0,202826,0
202648,218,8204,-88,116,-62,160,-215444,1,-5,0,0,36286,131,31,65,0,0,0,0,0,0,0,0,-32304,0,0,0,0,0,202831,0
202653,210,8204,-66,119,-69,158,-215443,1,-2,0,0,36286,131,31,65,0,0,0,0,0,0,0,0,-32304,0,0,0,0,0,202836,0
202658,274,8226,-38,113,-71,156,-215446,0,1,0,0,36290,132,30,65,0,0,0,0,0,0,0,0,-32304,0,0,0,0,0,202841,0
202663,272,8148,-80,121,-69,149,-215446,-3,1,1,0,36290,132,30,65,0,0,0,0,0,0,0,0,-32304,0,0,0,0,0,202846,0
202668,258,8160,-48,121,-79,146,-215445,0,-3,0,0,36290,133,30,65,0,0,0,0,0,0,0,0,-32304,0,0,0,0,0,202851,0
202673,280,8070,-62,116,-84,138,-215444,6,6,0,0,36290,133,30,65,0,0,0,0,0,0,0,0,-32305,0,0,0,0,0,202856,0
202678,282,8072,-56,121,-89,137,-215445,-5,2,0,0,36291,142,30,65,0,0,0,0,0,0,0,0,-32305,0,0,0,0,0,202861,0
202683,280,8054,-38,120,-92,126,-215444,4,2,0,0,36291,142,30,65,0,0,0,0,0,0,0,0,-32304,0,0,0,0,0,202866,0
202688,356,8106,32,121,-93,125,-215445,-1,-1,0,0,36288,143,31,65,0,0,0,0,0,0,0,0,-32304,0,0,0,0,0,202871,0
202693,338,8118,-50,124,-105,118,-215443,3,2,0,0,36288,143,31,65,0,0,0,0,0,0,0,0,-32304,0,0,0,0,0,202876,0
202698,324,8108,-56,124,-103,111,-215445,-1,-4,0,0,36289,149,31,65,0,0,0,0,0,0,0,0,-32304,0,0,0,0,0,202881,0
202703,376,8200,16,125,-106,111,-215444,-6,3,0,0,36289,149,31,65,0,0,0,0,0,0,0,0,-32304,0,0,0,0,0,202886,0
202708,308,8182,-48,132,-96,92,-215446,-1,-2,0,0,36292,141,30,65,0,0,0,0,0,0,0,0,-32304,0,0,0,0,0,202891,0
202713,356,8256,-14,128,-103,99,-215445,-1,3,0,0,36292,141,30,65,0,0,0,0,0,0,0,0,-32304,0,0,0,0,0,202896,0
202718,356,8234,-82,134,-98,87,-215444,6,1,0,0,36292,141,30,65,0,0,0,0,0,0,0,0,-32304,0,0,0,0,0,202901,0
202723,354,8180,-24,126,-98,85,-215445,0,3,1,0,36292,141,30,65,0,0,0,0,0,0,0,0,-32304,0,0,0,0,0,202906,0
202728,378,8196,-28,133,-99,70,-215445,-1,2,0,0,36291,139,31,65,0,0,0,0,0,0,0,0,-32304,0,0,0,0,0,202911,0
202733,370,8170,-40,137,-97,71,-215445,0,-2,1,0,36291,139,31,65,0,0,0,0,0,0,0,0,-32304,0,0,0,0,0,202916,0
202738,380,8156,-30,130,-90,62,-215445,-8,0,0,0,36288,132,31,65,0,0,0,0,0,0,0,0,-32304,0,0,0,0,0,202921,0
202743,400,8168,-24,133,-91,55,-215445,1,-3,0,0,36288,132,31,65,0,0,0,0,0,0,0,0,-32304,0,0,0,0,0,202926,0
202748,358,8118,-42,140,-93,44,-215445,-1,-2,1,0,36288,140,31,65,0,0,0,0,0,0,0,0,-32304,0,0,0,0,0,202931,0
202753,354,8094,-60,145,-86,40,-215445,0,1,0,0,36288,140,31,65,0,0,0,0,0,0,0,0,-32304,0,0,0,0,0,202936,0
202758,364,8094,-58,142,-92,40,-215445,-3,-1,0,0,36300,143,31,65,0,0,0,0,0,0,0,0,-32304,0,0,0,0,0,202941,0
202763,384,8060,-50,139,-86,38,-215445,0,2,0,0,36300,143,31,65,0,0,0,0,0,0,0,0,-32304,0,0,0,0,0,202946,0
202768,358,8062,-80,142,-84,21,-215445,0,-3,0,0,36310,148,30,65,0,0,0,0,0,0,0,0,-32304,0,0,0,0,0,202951,0
202773,316,8050,-108,146,-84,23,-215444,-2,-1,-1,0,36310,148,30,65,0,0,0,0,0,0,0,0,-32305,0,0,0,0,0,202956,0
202778,308,8062,-46,148,-76,18,-215445,0,0,-3,0,36317,149,31,65,0,0,0,0,0,0,0,0,-32304,0,0,0,0,0,202961,0
202783,324,8104,-42,142,-76,20,-215446,-8,-3,0,0,36317,149,31,65,0,0,0,0,0,0,0,0,-32304,0,0,0,0,0,202966,0
202788,300,8086,-24,144,-67,17,-215443,5,1,0,0,36309,137,31,65,0,0,0,0,0,0,0,0,-32304,0,0,0,0,0,202971,0
202793,274,8076,-50,152,-68,12,-215446,-3,-6,-1,0,36309,137,31,65,0,0,0,0,0,0,0,0,-32304,0,0,0,0,0,202976,0
202798,270,8072,-48,149,-61,7,-215444,-9,4,0,0,36299,130,31,65,0,0,0,0,0,0,0,0,-32304,0,0,0,0,0,202981,0
202803,286,8136,-4,149,-60,6,-215445,2,-4,2,0,36299,130,31,65,0,0,0,0,0,0,0,0,-32304,0,0,0,0,0,202986,0
202808,268,8098,-30,156,-48,1,-215443,7,-1,0,0,36287,132,31,65,0,0,0,0,0,0,0,0,-32304,0,0,0,0,0,202991,0
202813,362,8186,22,152,-50,1,-215444,0,2,0,0,36287,132,31,65,0,0,0,0,0,0,0,0,-32304,0,0,0,0,0,202996,0
202818,336,8100,-60,163,-44,-3,-215445,-2,-5,-1,0,36287,134,30,65,0,0,0,0,0,0,0,0,-32304,0,0,0,0,0,203001,0
202823,322,8110,-76,161,-37,-11,-215444,0,-1,1,0,36287,134,30,65,0,0,0,0,0,0,0,0,-32304,0,0,0,0,0,203006,0
202828,318,8176,-56,165,-34,-17,-215444,0,2,0,0,36286,140,31,65,0,0,0,0,0,0,0,0,-32304,0,0,0,0,0,203011,0
202833,272,8122,-120,166,-34,-20,-215446,-2,-6,0,0,36286,140,31,65,0,0,0,0,0,0,0,0,-32304,0,0,0,0,0,203016,0
202838,296,8178,-22,167,-30,-19,-215443,2,2,0,0,36287,140,31,65,0,0,0,0,0,0,0,0,-32304,0,0,0,0,0,203021,0
202843,322,8188,-84,171,-33,-21,-215445,-1,4,0,0,36287,140,31,65,0,0,0,0,0,0,0,0,-32304,0,0,0,0,0,203026,0
202848,268,8164,-66,164,-34,-32,-215444,-1,0,1,0,36288,126,31,65,0,0,0,0,0,0,0,0,-32305,0,0,0,0,0,203031,0
202853,266,8190,-122,172,-30,-34,-215444,-1,3,0,0,36288,126,31,65,0,0,0,0,0,0,0,0,-32304,0,0,0,0,0,203036,0
202858,260,8162,-112,168,-34,-36,-215445,-3,-2,-2,0,36294,134,31,65,0,0,0,0,0,0,0,0,-32304,0,0,0,0,0,203041,0
202863,284,8188,-116,168,-29,-36,-215445,1,-4,-2,0,36294,134,31,65,0,0,0,0,0,0,0,0,-32304,0,0,0,0,0,203046,0
202868,276,8196,-122,168,-38,-47,-215445,0,-1,0,0,36297,143,31,65,0,0,0,0,0,0,0,0,-32304,0,0,0,0,0,203051,0
202873,258,8168,-122,171,-37,-50,-215445,1,1,1,0,36297,143,31,65,0,0,0,0,0,0,0,0,-32304,0,0,0,0,0,203056,0
202878,240,8116,-148,169,-40,-52,-215445,-5,2,0,0,36297,148,30,65,0,0,0,0,0,0,0,0,-32304,0,0,0,0,0,203061,0
202883,220,8134,-154,168,-39,-56,-215446,-12,-4,0,0,36297,148,30,65,0,0,0,0,0,0,0,0,-32304,0,0,0,0,0,203066,0
202888,198,8160,-202,169,-46,-62,-215445,-6,1,0,0,36296,147,30,65,0,0,0,0,0,0,0,0,-32304,0,0,0,0,0,203071,0
202893,194,8140,-194,171,-51,-61,-215445,1,-3,1,0,36296,147,30,65,0,0,0,0,0,0,0,0,-32304,0,0,0,0,0,203076,0
202898,190,8212,-196,168,-56,-64,-215445,0,-3,0,0,36291,145,31,65,0,0,0,0,0,0,0,0,-32304,0,0,0,0,0,203081,0
202903,234,8190,-224,172,-61,-69,-215444,5,2,0,0,36291,145,31,65,0,0,0,0,0,0,0,0,-32304,0,0,0,0,0,203086,0
202908,204,8198,-226,160,-65,-70,-215445,1,-1,1,0,36290,142,31,65,0,0,0,0,0,0,0,0,-32304,0,0,0,0,0,203091,0
202913,176,8184,-226,161,-71,-68,-215444,4,3,0,0,36290,142,31,65,0,0,0,0,0,0,0,0,-32304,0,0,0,0,0,203096,0
202918,180,8226,-256,154,-79,-72,-215445,2,-3,0,0,36288,149,31,65,0,0,0,0,0,0,0,0,-32304,0,0,0,0,0,203101,0
202923,206,8238,-252,161,-78,-78,-215446,-10,-3,0,0,36288,149,31,65,0,0,0,0,0,0,0,0,-32304,0,0,0,0,0,203106,0
202928,168,8236,-246,152,-89,-78,-215444,-1,1,0,0,36285,138,31,65,0,0,0,0,0,0,0,0,-32304,0,0,0,0,0,203111,0
202933,128,8208,-240,149,-91,-77,-215444,7,-2,0,0,36285,138,31,65,0,0,0,0,0,0,0,0,-32304,0,0,0,0,0,203116,0
202938,130,8210,-206,151,-91,-83,-215445,-2,-2,0,0,36286,144,30,65,0,0,0,0,0,0,0,0,-32304,0,0,0,0,0,203121,0
202943,150,8188,-220,144,-90,-81,-215445,3,0,-1,0,36286,144,30,65,0,0,0,0,0,0,0,0,-32304,0,0,0,0,0,203126,0
202948,156,8158,-200,147,-96,-83,-215444,0,0,0,0,36287,138,31,65,0,0,0,0,0,0,0,0,-32304,0,0,0,0,0,203131,0
202953,162,8142,-194,143,-90,-86,-215445,0,1,0,0,36287,138,31,65,0,0,0,0,0,0,0,0,-32304,0,0,0,0,0,203136,0
202958,170,8132,-178,138,-91,-82,-215445,-9,-3,1,0,36289,128,30,65,0,0,0,0,0,0,0,0,-32305,0,0,0,0,0,203141,0
202963,146,8122,-190,143,-80,-82,-215445,0,-1,2,0,36289,128,30,65,0,0,0,0,0,0,0,0,-32304,0,0,0,0,0,203146,0
202968,168,8110,-184,136,-79,-81,-215445,-5,0,0,0,36290,127,30,65,0,0,0,0,0,0,0,0,-32304,0,0,0,0,0,203151,0
202973,152,8104,-188,141,-76,-86,-215445,-6,-2,0,0,36290,127,30,65,0,0,0,0,0,0,0,0,-32305,0,0,0,0,0,203156,0
202978,160,8132,-172,139,-73,-80,-215445,0,1,0,0,36289,127,31,65,0,0,0,0,0,0,0,0,-32304,0,0,0,0,0,203161,0
202983,156,8126,-194,138,-63,-81,-215444,0,2,0,0,36289,127,31,65,0,0,0,0,0,0,0,0,-32304,0,0,0,0,0,203166,0
202988,148,8158,-174,143,-52,-87,-215446,-5,0,-1,0,36288,120,30,65,0,0,0,0,0,0,0,0,-32304,0,0,0,0,0,203171,0
202993,150,8170,-158,134,-49,-84,-215445,-2,-3,0,0,36288,120,30,65,0,0,0,0,0,0,0,0,-32304,0,0,0,0,0,203176,0
202998,126,8152,-184,141,-50,-81,-215443,4,3,0,0,36286,130,31,65,0,0,0,0,0,0,0,0,-32304,0,0,0,0,0,203181,0
203003,144,8140,-178,138,-40,-86,-215445,-1,-4,1,0,36286,130,31,65,0,0,0,0,0,0,0,0,-32304,0,0,0,0,0,203186,0
203008,96,8140,-176,140,-31,-80,-215445,-4,-1,0,0,36287,135,30,65,0,0,0,0,0,0,0,0,-32304,0,0,0,0,0,203191,0
203013,68,8146,-148,142,-25,-79,-215445,0,1,0,0,36287,135,30,65,0,0,0,0,0,0,0,0,-32304,0,0,0,0,0,203196,0
203018,92,8166,-146,139,-20,-79,-215445,-4,0,0,0,36288,139,30,65,0,0,0,0,0,0,0,0,-32304,0,0,0,0,0,203201,0
203023,94,8176,-162,147,-15,-77,-215444,3,2,0,0,36288,139,30,65,0,0,0,0,0,0,0,0,-32304,0,0,0,0,0,203206,0
203028,108,8190,-120,144,-5,-75,-215445,0,-1,0,0,36288,144,31,65,0,0,0,0,0,0,0,0,-32304,0,0,0,0,0,203211,0
203033,106,8162,-146,144,4,-78,-215444,0,3,0,0,36288,144,31,65,0,0,0,0,0,0,0,0,-32304,0,0,0,0,0,203217,0
203038,86,8140,-142,141,10,-68,-215446,-6,-3,0,0,36287,138,31,65,0,0,0,0,0,0,0,0,-32304,0,0,0,0,0,203222,0
203043,16,8114,-122,142,19,-69,-215445,-5,-6,-1,0,36287,138,31,65,0,0,0,0,0,0,0,0,-32304,0,0,0,0,0,203227,0
203048,28,8134,-146,150,25,-71,-215444,-1,-1,0,0,36287,144,31,65,0,0,0,0,0,0,0,0,-32304,0,0,0,0,0,203232,0
203053,42,8120,-156,152,27,-61,-215445,1,-4,0,0,36287,144,31,65,0,0,0,0,0,0,0,0,-32304,0,0,0,0,0,203237,0
203058,-10,8112,-182,148,29,-62,-215446,-3,-4,1,0,36288,146,31,65,0,0,0,0,0,0,0,0,-32304,0,0,0,0,0,203242,0
203063,16,8094,-158,153,37,-61,-215445,0,0,1,0,36288,146,31,65,0,0,0,0,0,0,0,0,-32304,0,0,0,0,0,203247,0
203068,8,8042,-170,153,35,-59,-215443,3,7,0,0,36289,139,31,65,0,0,0,0,0,0,0,0,-32304,0,0,0,0,0,203252,0
203073,22,8086,-152,154,42,-55,-215444,3,1,0,0,36289,139,31,65,0,0,0,0,0,0,0,0,-32304,0,0,0,0,0,203257,0
203078,24,8058,-174,152,44,-49,-215445,-6,2,0,0,36291,140,31,65,0,0,0,0,0,0,0,0,-32304,0,0,0,0,0,203262,0
203083,10,8070,-184,156,41,-48,-215444,2,0,-1,0,36291,140,31,65,0,0,0,0,0,0,0,0,-32304,0,0,0,0,0,203267,0
203088,24,8076,-210,155,35,-44,-215445,-1,-3,0,0,36291,138,31,65,0,0,0,0,0,0,0,0,-32304,0,0,0,0,0,203272,0
203093,-6,8094,-200,155,38,-45,-215446,-8,-3,0,0,36291,138,31,65,0,0,0,0,0,0,0,0,-32304,0,0,0,0,0,203277,0
203098,-12,8084,-224,158,32,-40,-215445,-1,-2,0,0,36289,133,31,65,0,0,0,0,0,0,0,0,-32304,0,0,0,0,0,203282,0
203103,14,8116,-206,154,30,-41,-215444,0,3,0,0,36289,133,31,65,0,0,0,0,0,0,0,0,-32304,0,0,0,0,0,203287,0
203108,82,8132,-242,156,27,-34,-215445,2,1,1,0,36288,139,30,65,0,0,0,0,0,0,0,0,-32304,0,0,0,0,0,203292,0
203113,94,8164,-254,157,25,-41,-215445,-2,2,0,0,36288,139,30,65,0,0,0,0,0,0,0,0,-32304,0,0,0,0,0,203297,0
203118,102,8194,-266,150,24,-43,-215445,2,2,0,0,36287,140,31,65,0,0,0,0,0,0,0,0,-32305,0,0,0,0,0,203302,0
203123,82,8198,-258,151,23,-41,-215444,0,2,0,0,36287,140,31,65,0,0,0,0,0,0,0,0,-32304,0,0,0,0,0,203307,0
203128,126,8210,-268,148,15,-45,-215445,0,3,0,0,36287,140,31,65,0,0,0,0,0,0,0,0,-32305,0,0,0,0,0,203312,0
203133,98,8202,-264,146,17,-50,-215444,0,-3,0,0,36287,140,31,65,0,0,0,0,0,0,0,0,-32304,0,0,0,0,0,203317,0
203138,70,8214,-274,145,17,-48,-215445,0,-1,0,0,36287,144,31,65,0,0,0,0,0,0,0,0,-32304,0,0,0,0,0,203322,0
203143,32,8182,-296,145,21,-45,-215444,2,-2,0,0,36287,144,31,65,0,0,0,0,0,0,0,0,-32304,0,0,0,0,0,203327,0
203148,82,8138,-316,139,20,-48,-215445,-5,-1,1,0,36288,135,31,65,0,0,0,0,0,0,0,0,-32304,0,0,0,0,0,203332,0
203153,56,8130,-344,140,18,-49,-215444,2,1,0,0,36288,135,31,65,0,0,0,0,0,0,0,0,-32304,0,0,0,0,0,203337,0
203158,80,8110,-316,132,21,-47,-215445,6,-2,0,0,36288,130,30,65,0,0,0,0,0,0,0,0,-32304,0,0,0,0,0,203342,0
203163,92,8134,-280,139,19,-46,-215444,3,1,0,0,36288,130,30,65,0,0,0,0,0,0,0,0,-32304,0,0,0,0,0,203347,0
203168,84,8074,-336,128,14,-50,-215445,4,3,0,0,36286,137,31,65,0,0,0,0,0,0,0,0,-32304,0,0,0,0,0,203352,0
203173,88,8108,-340,126,22,-56,-215444,4,2,0,0,36286,137,31,65,0,0,0,0,0,0,0,0,-32304,0,0,0,0,0,203357,0
203178,96,8130,-324,120,21,-55,-215444,0,0,0,0,36291,145,30,65,0,0,0,0,0,0,0,0,-32305,0,0,0,0,0,203362,0
203183,90,8114,-334,124,17,-56,-215445,-4,-2,1,0,36291,145,30,65,0,0,0,0,0,0,0,0,-32305,0,0,0,0,0,203367,0
203188,86,8126,-310,117,16,-53,-215445,0,0,0,0,36292,152,30,65,0,0,0,0,0,0,0,0,-32304,0,0,0,0,0,203372,0
203193,102,8130,-300,118,12,-58,-215445,0,-4,0,0,36292,152,30,65,0,0,0,0,0,0,0,0,-32304,0,0,0,0,0,203377,0
203198,72,8132,-300,114,6,-61,-215444,7,1,1,0,36297,157,31,65,0,0,0,0,0,0,0,0,-32304,0,0,0,0,0,203382,0
203203,90,8120,-298,114,11,-60,-215445,4,1,0,0,36297,157,31,65,0,0,0,0,0,0,0,0,-32305,0,0,0,0,0,203387,0
203208,116,8112,-292,108,4,-59,-215445,-6,0,0,0,36294,134,30,65,0,0,0,0,0,0,0,0,-32304,0,0,0,0,0,203392,0
203213,130,8156,-270,109,3,-64,-215445,-5,2,0,0,36294,134,30,65,0,0,0,0,0,0,0,0,-32305,0,0,0,0,0,203397,0
203218,114,8158,-268,114,6,-64,-215444,5,-3,-1,0,36294,138,30,65,0,0,0,0,0,0,0,0,-32304,0,0,0,0,0,203402,0
203223,116,8212,-258,113,13,-68,-215444,0,-2,0,0,36294,138,30,65,0,0,0,0,0,0,0,0,-32304,0,0,0,0,0,203407,0
203228,150,8230,-248,105,7,-67,-215444,2,6,0,0,36291,138,30,65,0,0,0,0,0,0,0,0,-32304,0,0,0,0,0,203412,0
203233,130,8230,-250,107,13,-77,-215445,1,0,0,0,36291,138,30,65,0,0,0,0,0,0,0,0,-32304,0,0,0,0,0,203417,0
203238,130,8260,-252,113,17,-76,-215444,-2,3,0,0,36289,144,31,65,0,0,0,0,0,0,0,0,-32305,0,0,0,0,0,203422,0
203243,134,8250,-258,109,16,-78,-215445,-5,2,0,0,36289,144,31,65,0,0,0,0,0,0,0,0,-32304,0,0,0,0,0,203427,0
203248,158,8220,-234,109,17,-85,-215445,-1,2,0,0,36287,147,31,65,0,0,0,0,0,0,0,0,-32304,0,0,0,0,0,203432,0
203253,136,8238,-240,107,11,-88,-215444,3,0,0,0,36287,147,31,65,0,0,0,0,0,0,0,0,-32305,0,0,0,0,0,203437,0
203258,150,8188,-248,106,17,-98,-215445,0,0,0,0,36287,139,31,65,0,0,0,0,0,0,0,0,-32304,0,0,0,0,0,203442,0
203263,136,8176,-234,106,20,-97,-215444,0,3,0,0,36287,139,31,65,0,0,0,0,0,0,0,0,-32304,0,0,0,0,0,203447,0
203268,94,8104,-304,108,22,-98,-215445,-4,-2,0,0,36287,136,31,65,0,0,0,0,0,0,0,0,-32304,0,0,0,0,0,203452,0
203273,84,8100,-232,107,29,-101,-215445,0,1,0,0,36287,136,31,65,0,0,0,0,0,0,0,0,-32304,0,0,0,0,0,203457,0
203278,46,8146,-220,108,37,-101,-215446,-11,2,1,0,36288,144,31,65,0,0,0,0,0,0,0,0,-32304,0,0,0,0,0,203462,0
203283,18,8120,-252,103,38,-103,-215445,-1,2,2,0,36288,144,31,65,0,0,0,0,0,0,0,0,-32304,0,0,0,0,0,203467,0
203288,-4,8122,-252,107,59,-99,-215445,-1,0,1,0,36289,142,31,65,0,0,0,0,0,0,0,0,-32304,0,0,0,0,0,203472,0
203293,-52,8096,-260,107,63,-98,-215445,-1,6,0,0,36289,142,31,65,0,0,0,0,0,0,0,0,-32305,0,0,0,0,0,203477,0
203298,-92,8074,-262,104,65,-95,-215444,2,0,0,0,36288,136,31,65,0,0,0,0,0,0,0,0,-32305,0,0,0,0,0,203482,0
203303,-126,8094,-274,105,69,-87,-215445,1,8,0,0,36288,136,31,65,0,0,0,0,0,0,0,0,-32304,0,0,0,0,0,203487,0
203308,-154,8060,-272,104,71,-86,-215444,4,0,0,0,36289,143,31,65,0,0,0,0,0,0,0,0,-32304,0,0,0,0,0,203492,0
203313,-86,8106,-290,105,73,-77,-215445,-2,1,0,0,36289,143,31,65,0,0,0,0,0,0,0,0,-32305,0,0,0,0,0,203497,0
203318,-82,8118,-294,101,78,-80,-215445,1,3,-1,0,36287,137,31,65,0,0,0,0,0,0,0,0,-32304,0,0,0,0,0,203503,0
203323,-70,8138,-294,100,77,-80,-215445,-4,1,-1,0,36287,137,31,65,0,0,0,0,0,0,0,0,-32305,0,0,0,0,0,203508,0
203328,-82,8196,-290,100,80,-76,-215445,-6,-3,0,0,36285,136,31,65,0,0,0,0,0,0,0,0,-32305,0,0,0,0,0,203514,0
203333,-72,8204,-288,100,74,-68,-215445,-3,3,0,0,36285,136,31,65,0,0,0,0,0,0,0,0,-32305,0,0,0,0,0,203518,0
203338,-78,8180,-256,99,75,-69,-215445,-2,1,0,0,36285,134,31,66,0,0,0,0,0,0,0,0,-32305,0,0,0,0,0,203525,0
203343,-86,8198,-240,98,74,-75,-215445,0,-2,0,-8,36285,134,31,66,0,0,0,0,0,0,0,0,-32304,0,0,0,0,0,203530,0
203348,-80,8170,-252,103,71,-73,-215446,-2,-2,0,-8,36287,133,31,66,0,0,0,0,0,0,0,0,-32304,0,0,0,0,0,203535,0
203353,-82,8136,-226,99,70,-69,-215445,0,4,0,-8,36287,133,31,66,0,0,0,0,0,0,0,0,-32305,0,0,0,0,0,203541,0
203358,-86,8184,-200,100,72,-67,-215445,-9,1,0,-8,36286,133,31,66,0,0,0,0,0,0,0,0,-32304,0,0,0,0,0,203546,0
203363,-88,8142,-224,102,61,-64,-215444,3,-3,0,-8,36286,133,31,66,0,0,0,0,0,0,0,0,-32304,0,0,0,0,0,203551,0
203368,-118,8098,-244,95,52,-60,-215445,-1,0,0,-8,36284,137,31,66,0,0,0,0,0,0,0,0,-32304,0,0,0,0,0,203557,0
203373,-142,8100,-244,105,49,-61,-215446,-4,0,-2,-8,36284,137,31,66,0,0,0,0,0,0,0,0,-32305,0,0,0,0,0,203562,0
203378,-176,8114,-238,103,45,-59,-215444,0,-2,-1,-8,36283,131,30,66,0,0,0,0,0,0,0,0,-32304,0,0,0,0,0,203568,0
203383,-146,8120,-230,107,37,-55,-215445,-2,2,0,-8,36283,131,30,66,0,0,0,0,0,0,0,0,-32305,0,0,0,0,0,203574,0
203388,-144,8114,-266,105,27,-55,-215444,-2,0,0,-8,36284,135,30,66,0,0,0,0,0,0,0,0,-32304,0,0,0,0,0,203579,0
203393,-148,8112,-278,112,23,-49,-215445,8,3,1,-8,36284,135,30,66,0,0,0,0,0,0,0,0,-32304,0,0,0,0,0,203584,0
203398,-148,8150,-274,98,19,-48,-215444,-3,0,0,-8,36292,131,31,66,0,0,0,0,0,0,0,0,-32305,0,0,0,0,0,203589,0
203403,-136,8136,-284,100,17,-49,-215444,4,0,-1,-8,36292,131,31,66,0,0,0,0,0,0,0,0,-32304,0,0,0,0,0,203595,0
203408,-144,8120,-312,109,7,-47,-215444,-2,2,0,-8,36292,129,30,66,0,0,0,0,0,0,0,0,-32304,0,0,0,0,0,203601,0
203413,-120,8100,-336,108,0,-47,-215445,-6,-2,0,-8,36292,129,30,66,0,0,0,0,0,0,0,0,-32304,0,0,0,0,0,203606,0
203418,-128,8158,-288,105,0,-38,-215445,1,-5,-2,-8,36289,145,31,66,0,0,0,0,0,0,0,0,-32304,0,0,0,0,0,203611,0
203423,-80,8160,-350,101,-4,-40,-215445,0,-4,0,-8,36289,145,31,66,0,0,0,0,0,0,0,0,-32304,0,0,0,0,0,203617,0
203428,-100,8172,-348,94,-9,-37,-215445,-2,-3,-1,-8,36285,151,31,66,0,0,0,0,0,0,0,0,-32304,0,0,0,0,0,203622,0
203433,-94,8140,-344,101,-10,-39,-215444,0,3,0,-16,36285,151,31,66,0,0,0,0,0,0,0,0,-32304,0,0,0,0,0,203627,0
203438,-94,8160,-362,94,-12,-41,-215444,6,2,-1,0,36287,154,31,66,0,0,0,0,0,0,0,0,-32304,0,0,0,0,0,203632,0
203443,-116,8200,-378,94,-15,-35,-215445,-8,-1,-1,-8,36287,154,31,66,0,0,0,0,0,0,0,0,-32304,0,0,0,0,0,203638,0
203448,-134,8148,-348,87,-13,-31,-215445,-1,0,0,-8,36291,150,31,66,0,0,0,0,0,0,0,0,-32304,0,0,0,0,0,203643,0
203453,-126,8168,-368,85,-20,-37,-215444,4,1,0,-8,36291,150,31,66,0,0,0,0,0,0,0,0,-32304,0,0,0,0,0,203649,0
203458,-140,8182,-346,84,-16,-33,-215444,-2,4,0,-8,36291,126,31,66,0,0,0,0,0,0,0,0,-32304,0,0,0,0,0,203654,0
203463,-108,8172,-356,82,-17,-32,-215444,9,2,0,-8,36291,126,31,66,0,0,0,0,0,0,0,0,-32304,0,0,0,0,0,203659,0
203468,-100,8154,-370,74,-18,-31,-215445,-1,4,-2,-8,36288,123,30,66,0,0,0,0,0,0,0,0,-32304,0,0,0,0,0,203664,0
203473,-82,8150,-394,72,-22,-31,-215445,-4,-3,-3,0,36288,123,30,66,0,0,0,0,0,0,0,0,-32304,0,0,0,0,0,203670,0
203478,-112,8164,-382,72,-14,-29,-215445,-1,-3,0,0,36286,122,30,66,0,0,0,0,0,0,0,0,-32304,0,0,0,0,0,203675,0
203483,-110,8196,-386,66,-16,-24,-215445,-9,4,0,-8,36286,122,30,66,0,0,0,0,0,0,0,0,-32304,0,0,0,0,0,203681,0
203488,-128,8160,-358,62,-9,-19,-215444,1,-2,0,-8,36285,132,31,66,0,0,0,0,0,0,0,0,-32304,0,0,0,0,0,203686,0
203493,-108,8214,-346,59,-6,-18,-215444,4,1,0,0,36285,132,31,66,0,0,0,0,0,0,0,0,-32304,0,0,0,0,0,203692,0
203498,-100,8166,-354,60,-2,-19,-215445,-1,2,0,-8,36287,139,31,66,0,0,0,0,0,0,0,0,-32305,0,0,0,0,0,203697,0
203503,-110,8178,-358,58,5,-19,-215444,-1,-3,0,-8,36287,139,31,66,0,0,0,0,0,0,0,0,-32304,0,0,0,0,0,203703,0
203508,-116,8152,-374,50,16,-15,-215445,-3,3,0,-8,36289,149,31,66,0,0,0,0,0,0,0,0,-32305,0,0,0,0,0,203708,0
203513,-124,8144,-350,49,18,-11,-215444,6,0,0,-8,36289,149,31,66,0,0,0,0,0,0,0,0,-32304,0,0,0,0,0,203713,0
203518,-104,8166,-344,49,21,-8,-215447,-6,-2,-1,-8,36291,148,30,66,0,0,0,0,0,0,0,0,-32305,0,0,0,0,0,203718,0
203523,-102,8124,-324,51,25,-9,-215445,0,-1,0,-8,36291,148,30,66,0,0,0,0,0,0,0,0,-32305,0,0,0,0,0,203724,0
203528,-134,8160,-340,39,34,-5,-215445,2,2,-1,-8,36291,145,30,66,0,0,0,0,0,0,0,0,-32304,0,0,0,0,0,203730,0
203533,-128,8134,-304,40,33,-3,-215444,1,5,-1,-8,36291,145,30,66,0,0,0,0,0,0,0,0,-32304,0,0,0,0,0,203735,0
203538,-118,8100,-314,45,35,-2,-215445,-3,-3,0,-8,36288,140,31,66,0,0,0,0,0,0,0,0,-32304,0,0,0,0,0,203740,0
203543,-142,8130,-340,39,40,-3,-215444,0,-2,0,-8,36288,140,31,66,0,0,0,0,0,0,0,0,-32304,0,0,0,0,0,203746,0
203548,-116,8104,-312,32,40,-1,-215445,-5,-3,-1,-8,36286,136,31,66,0,0,0,0,0,0,0,0,-32304,0,0,0,0,0,203751,0
203553,-132,8110,-338,31,38,6,-215444,0,-1,-1,0,36286,136,31,66,0,0,0,0,0,0,0,0,-32304,0,0,0,0,0,203757,0
203558,-82,8130,-322,26,40,2,-215444,4,0,0,0,36284,146,31,66,0,0,0,0,0,0,0,0,-32304,0,0,0,0,0,203761,0
203563,-90,8130,-326,31,35,6,-215445,2,5,0,-8,36284,146,31,66,0,0,0,0,0,0,0,0,-32304,0,0,0,0,0,203767,0
203568,-62,8110,-314,24,38,1,-215444,1,-3,0,-8,36285,146,31,66,0,0,0,0,0,0,0,0,-32304,0,0,0,0,0,203773,0
203573,-72,8150,-306,25,40,-1,-215445,-3,-3,0,-8,36285,146,31,66,0,0,0,0,0,0,0,0,-32304,0,0,0,0,0,203778,0
203578,-66,8154,-334,29,36,3,-215444,8,-2,-1,0,36285,145,31,66,0,0,0,0,0,0,0,0,-32304,0,0,0,0,0,203784,0
203583,-70,8172,-320,18,35,0,-215444,1,-4,0,-16,36285,145,31,66,0,0,0,0,0,0,0,0,-32304,0,0,0,0,0,203789,0
203588,-102,8166,-310,24,32,1,-215445,0,1,-1,-8,36284,140,31,66,0,0,0,0,0,0,0,0,-32304,0,0,0,0,0,203794,0
203593,-72,8150,-306,16,29,2,-215445,0,1,0,-8,36284,140,31,66,0,0,0,0,0,0,0,0,-32305,0,0,0,0,0,203800,0
203598,-62,8152,-274,17,29,-1,-215445,-1,0,0,0,36283,130,31,66,0,0,0,0,0,0,0,0,-32304,0,0,0,0,0,203804,0
203603,-74,8152,-286,20,31,-1,-215444,0,0,0,0,36283,130,31,66,0,0,0,0,0,0,0,0,-32304,0,0,0,0,0,203811,0
203608,-88,8118,-256,24,27,-5,-215445,2,-1,-1,-8,36282,130,31,66,0,0,0,0,0,0,0,0,-32304,0,0,0,0,0,203816,0
203613,-118,8110,-258,16,27,0,-215444,4,0,1,-8,36282,130,31,66,0,0,0,0,0,0,0,0,-32304,0,0,0,0,0,203821,0
203618,-100,8132,-264,17,27,3,-215444,1,-3,0,-8,36284,143,31,66,0,0,0,0,0,0,0,0,-32304,0,0,0,0,0,203827,0
203623,-76,8150,-248,24,23,10,-215445,-6,-3,0,-8,36284,143,31,66,0,0,0,0,0,0,0,0,-32304,0,0,0,0,0,203832,0
203628,-110,8168,-258,19,28,0,-215445,0,2,-2,0,36284,137,31,66,0,0,0,0,0,0,0,0,-32304,0,0,0,0,0,203838,0
203633,-88,8174,-256,21,23,2,-215444,0,-4,0,-8,36284,137,31,66,0,0,0,0,0,0,0,0,-32304,0,0,0,0,0,203843,0
203638,-98,8168,-224,17,15,-6,-215446,-4,-1,0,-8,36284,145,31,66,0,0,0,0,0,0,0,0,-32304,0,0,0,0,0,203848,0
203643,-102,8184,-258,20,16,-5,-215443,8,1,-1,0,36284,145,31,66,0,0,0,0,0,0,0,0,-32304,0,0,0,0,0,203854,0
203648,-106,8122,-266,25,9,1,-215445,-5,3,0,-8,36283,137,31,66,0,0,0,0,0,0,0,0,-32304,0,0,0,0,0,203858,0
203653,-126,8138,-236,21,6,1,-215445,-1,0,0,0,36283,137,31,66,0,0,0,0,0,0,0,0,-32304,0,0,0,0,0,203863,0
203658,-126,8100,-238,19,7,0,-215444,1,-1,1,-8,36283,130,31,66,0,0,0,0,0,0,0,0,-32304,0,0,0,0,0,203869,0
203663,-168,8112,-230,28,9,-3,-215444,10,2,0,0,36283,130,31,66,0,0,0,0,0,0,0,0,-32304,0,0,0,0,0,203874,0
203668,-174,8106,-214,21,3,2,-215444,3,3,-1,0,36284,146,30,66,0,0,0,0,0,0,0,0,-32304,0,0,0,0,0,203880,0
203673,-158,8102,-192,26,-1,7,-215445,-3,2,-2,0,36284,146,30,66,0,0,0,0,0,0,0,0,-32304,0,0,0,0,0,203885,0
203678,-158,8108,-210,30,3,5,-215445,3,-1,0,-8,36287,149,31,66,0,0,0,0,0,0,0,0,-32304,0,0,0,0,0,203891,0
203683,-142,8144,-212,30,0,8,-215444,0,-1,-1,-8,36287,149,31,66,0,0,0,0,0,0,0,0,-32304,0,0,0,0,0,203896,0
203688,-108,8176,-188,30,7,6,-215445,-3,-1,-2,-8,36288,152,31,66,0,0,0,0,0,0,0,0,-32304,0,0,0,0,0,203901,0
203693,-76,8194,-204,29,9,6,-215445,-4,2,0,-8,36288,152,31,66,0,0,0,0,0,0,0,0,-32304,0,0,0,0,0,203907,0
203698,-86,8204,-214,27,-2,4,-215443,6,-1,0,-8,36287,139,31,66,0,0,0,0,0,0,0,0,-32304,0,0,0,0,0,203912,0
203703,-68,8198,-200,30,-2,7,-215444,6,0,0,-8,36287,139,31,66,0,0,0,0,0,0,0,0,-32304,0,0,0,0,0,203917,0
203708,-82,8174,-208,28,-1,4,-215444,-4,0,-1,-8,36285,136,31,66,0,0,0,0,0,0,0,0,-32304,0,0,0,0,0,203923,0
203713,-100,8202,-212,30,-2,9,-215444,0,-1,0,-8,36285,136,31,66,0,0,0,0,0,0,0,0,-32304,0,0,0,0,0,203929,0
203718,-112,8162,-188,41,-2,6,-215445,-2,-1,1,-8,36282,145,31,66,0,0,0,0,0,0,0,0,-32304,0,0,0,0,0,203934,0
203723,-128,8184,-192,37,-5,3,-215444,0,-3,-1,-8,36282,145,31,66,0,0,0,0,0,0,0,0,-32304,0,0,0,0,0,203939,0
203728,-122,8114,-182,39,-7,6,-215444,-2,-5,-1,-8,36282,158,31,66,0,0,0,0,0,0,0,0,-32304,0,0,0,0,0,203945,0
203733,-120,8106,-180,38,-7,8,-215445,0,2,0,-8,36282,158,31,66,0,0,0,0,0,0,0,0,-32304,0,0,0,0,0,203950,0
203738,-110,8094,-200,42,-10,7,-215444,-2,0,0,-8,36280,155,31,66,0,0,0,0,0,0,0,0,-32304,0,0,0,0,0,203955,0
203743,-112,8124,-214,41,-9,10,-215443,5,0,-1,-8,36280,155,31,66,0,0,0,0,0,0,0,0,-32304,0,0,0,0,0,203961,0
203748,-144,8070,-244,38,-15,7,-215446,-7,-1,0,-8,36281,146,31,66,0,0,0,0,0,0,0,0,-32305,0,0,0,0,0,203966,0
203753,-160,8070,-234,44,-10,8,-215444,1,-1,-2,-8,36281,146,31,66,0,0,0,0,0,0,0,0,-32304,0,0,0,0,0,203972,0
203758,-158,8082,-198,47,-15,10,-215444,10,1,0,0,36280,152,31,66,0,0,0,0,0,0,0,0,-32304,0,0,0,0,0,203977,0
203763,-134,8122,-218,41,-22,13,-215444,8,3,0,0,36280,152,31,66,0,0,0,0,0,0,0,0,-32304,0,0,0,0,0,203983,0
203768,-122,8166,-222,45,-22,13,-215444,2,-1,0,-8,36280,141,30,66,0,0,0,0,0,0,0,0,-32304,0,0,0,0,0,203988,0
203773,-90,8158,-234,43,-24,14,-215444,0,6,0,-8,36280,141,30,66,0,0,0,0,0,0,0,0,-32304,0,0,0,0,0,203993,0
203778,-104,8202,-244,42,-23,10,-215444,0,1,0,-8,36280,144,30,66,0,0,0,0,0,0,0,0,-32305,0,0,0,0,0,203999,0
203783,-92,8218,-226,44,-31,10,-215444,-2,-5,-1,-8,36280,144,30,66,0,0,0,0,0,0,0,0,-32304,0,0,0,0,0,204004,0
203788,-128,8160,-232,42,-26,10,-215444,3,2,-1,-8,36281,133,31,66,0,0,0,0,0,0,0,0,-32305,0,0,0,0,0,204010,0
203793,-158,8146,-264,41,-37,14,-215445,1,-6,-1,0,36281,133,31,66,0,0,0,0,0,0,0,0,-32304,0,0,0,0,0,204015,0
203798,-170,8134,-248,44,-32,12,-215445,2,1,0,0,36284,140,31,66,0,0,0,0,0,0,0,0,-32304,0,0,0,0,0,204021,0
203803,-164,8156,-212,49,-39,15,-215444,3,0,0,0,36284,140,31,66,0,0,0,0,0,0,0,0,-32304,0,0,0,0,0,204026,0
203808,-178,8094,-252,42,-34,12,-215444,1,-1,0,0,36282,142,31,66,0,0,0,0,0,0,0,0,-32305,0,0,0,0,0,204032,0
203813,-128,8134,-218,43,-35,14,-215445,-6,-1,0,-8,36282,142,31,66,0,0,0,0,0,0,0,0,-32304,0,0,0,0,0,204037,0
203818,-138,8084,-232,49,-32,16,-215445,0,-4,0,-8,36287,141,30,66,0,0,0,0,0,0,0,0,-32304,0,0,0,0,0,204042,0
203823,-160,8116,-220,44,-30,19,-215445,-1,-5,0,-8,36287,141,30,66,0,0,0,0,0,0,0,0,-32304,0,0,0,0,0,204048,0
203828,-160,8082,-242,45,-22,26,-215444,0,0,-1,-8,36288,139,30,66,0,0,0,0,0,0,0,0,-32304,0,0,0,0,0,204054,0
203833,-156,8130,-226,50,-11,27,-215445,-5,-1,-1,-8,36288,139,30,66,0,0,0,0,0,0,0,0,-32304,0,0,0,0,0,204059,0
203838,-150,8106,-246,40,-9,26,-215445,1,2,-1,-8,36290,147,31,66,0,0,0,0,0,0,0,0,-32304,0,0,0,0,0,204064,0
203843,-182,8130,-250,40,-8,33,-215445,-1,0,0,-8,36290,147,31,66,0,0,0,0,0,0,0,0,-32304,0,0,0,0,0,204070,0
203848,-178,8204,-234,40,6,36,-215446,-4,1,0,-8,36285,142,31,66,0,0,0,0,0,0,0,0,-32305,0,0,0,0,0,204075,0
203853,-176,8212,-256,36,10,37,-215445,0,1,0,-8,36285,142,31,66,0,0,0,0,0,0,0,0,-32304,0,0,0,0,0,204081,0
203858,-136,8232,-262,35,18,45,-215444,0,5,0,-8,36284,144,31,66,0,0,0,0,0,0,0,0,-32304,0,0,0,0,0,204086,0
203863,-118,8242,-230,34,26,43,-215445,2,-2,0,-8,36284,144,31,66,0,0,0,0,0,0,0,0,-32304,0,0,0,0,0,204091,0
203868,-100,8216,-270,34,37,44,-215445,-3,-2,0,-8,36286,142,31,66,0,0,0,0,0,0,0,0,-32304,0,0,0,0,0,204097,0
203873,-126,8204,-300,31,37,46,-215444,0,2,-2,-8,36286,142,31,66,0,0,0,0,0,0,0,0,-32304,0,0,0,0,0,204102,0
203878,-90,8200,-286,29,49,45,-215445,-1,-4,-1,-8,36287,138,31,66,0,0,0,0,0,0,0,0,-32304,0,0,0,0,0,204108,0
203883,-68,8214,-258,29,55,48,-215444,3,-1,0,-8,36287,138,31,66,0,0,0,0,0,0,0,0,-32304,0,0,0,0,0,204113,0
203888,-40,8190,-274,25,68,52,-215445,-6,-4,-1,-8,36285,143,31,66,0,0,0,0,0,0,0,0,-32304,0,0,0,0,0,204119,0
203893,-32,8172,-274,26,83,55,-215444,5,-2,0,-8,36285,143,31,66,0,0,0,0,0,0,0,0,-32305,0,0,0,0,0,204124,0
203898,-82,8146,-272,26,81,54,-215444,1,1,0,-8,36283,141,31,66,0,0,0,0,0,0,0,0,-32304,0,0,0,0,0,204130,0
203903,-88,8116,-278,28,98,52,-215445,-1,-2,0,-8,36283,141,31,66,0,0,0,0,0,0,0,0,-32304,0,0,0,0,0,204135,0
203908,-60,8108,-282,21,125,56,-215445,1,-3,0,-8,36281,134,31,66,0,0,0,0,0,0,0,0,-32304,0,0,0,0,0,204140,0
203913,-56,8118,-276,17,143,60,-215445,0,-2,-1,0,36281,134,31,66,0,0,0,0,0,0,0,0,-32304,0,0,0,0,0,204146,0
203918,-88,8108,-300,8,157,61,-215444,0,2,0,-8,36290,138,31,66,0,0,0,0,0,0,0,0,-32304,0,0,0,0,0,204151,0
203923,-90,8086,-324,10,170,66,-215445,0,-3,0,0,36290,138,31,66,0,0,0,0,0,0,0,0,-32304,0,0,0,0,0,204157,0
203928,-80,8140,-314,2,199,72,-215445,-5,2,-1,-8,36292,142,31,66,0,0,0,0,0,0,0,0,-32304,0,0,0,0,0,204162,0
203933,-68,8150,-324,5,216,72,-215445,1,0,0,-8,36292,142,31,66,0,0,0,0,0,0,0,0,-32305,0,0,0,0,0,204168,0
203938,-70,8202,-326,1,230,75,-215445,1,-4,0,-8,36293,144,31,66,0,0,0,0,0,0,0,0,-32304,0,0,0,0,0,204173,0
203943,-64,8232,-330,-5,250,77,-215444,1,2,-1,0,36293,144,31,66,0,0,0,0,0,0,0,0,-32304,0,0,0,0,0,204178,0
203948,-54,8240,-362,-13,278,81,-215445,-2,-1,0,0,36286,145,31,66,0,0,0,0,0,0,0,0,-32304,0,0,0,0,0,204184,0
203953,-50,8254,-318,-16,291,84,-215445,-1,-2,0,0,36286,145,31,66,0,0,0,0,0,0,0,0,-32304,0,0,0,0,0,204189,0
203958,-24,8264,-326,-18,303,83,-215444,-4,0,1,-8,36286,140,31,66,0,0,0,0,0,0,0,0,-32304,0,0,0,0,0,204195,0
203963,14,8214,-322,-21,318,81,-215444,2,-1,1,-8,36286,140,31,66,0,0,0,0,0,0,0,0,-32304,0,0,0,0,0,204200,0
203968,20,8236,-358,-29,348,84,-215444,0,-1,0,-8,36284,134,30,66,0,0,0,0,0,0,0,0,-32304,0,0,0,0,0,204206,0
203973,24,8206,-344,-31,362,85,-215444,-5,3,0,-8,36284,134,30,66,0,0,0,0,0,0,0,0,-32304,0,0,0,0,0,204211,0
203978,8,8202,-334,-33,382,82,-215444,4,0,-1,-8,36285,136,31,66,0,0,0,0,0,0,0,0,-32304,0,0,0,0,0,204216,0
203983,16,8198,-336,-39,395,80,-215444,-1,-1,0,-8,36285,136,31,66,0,0,0,0,0,0,0,0,-32304,0,0,0,0,0,204222,0
203988,-6,8080,-314,-47,432,85,-215445,-8,-1,-1,-8,36285,133,31,66,0,0,0,0,0,0,0,0,-32304,0,0,0,0,0,204227,0
203993,-18,8092,-334,-44,448,86,-215445,-1,0,0,0,36285,133,31,66,0,0,0,0,0,0,0,0,-32304,0,0,0,0,0,204233,0
203998,-40,8084,-330,-54,472,95,-215445,-2,1,0,-8,36284,135,31,66,0,0,0,0,0,0,0,0,-32304,0,0,0,0,0,204238,0
204003,-36,8068,-300,-56,492,90,-215443,6,3,-1,0,36284,135,31,66,0,0,0,0,0,0,0,0,-32304,0,0,0,0,0,204244,0
204008,4,8038,-264,-66,539,97,-215445,2,-1,0,0,36285,133,31,66,0,0,0,0,0,0,0,0,-32305,0,0,0,0,0,204249,0
204013,38,8056,-244,-63,569,104,-215445,-8,3,0,-8,36285,133,31,66,0,0,0,0,0,0,0,0,-32304,0,0,0,0,0,204255,0
204018,52,8072,-252,-70,589,106,-215445,0,3,0,-8,36285,136,30,66,0,0,0,0,0,0,0,0,-32304,0,0,0,0,0,204260,0
204023,24,8042,-230,-68,620,104,-215444,-4,-2,0,-8,36285,136,30,66,0,0,0,0,0,0,0,0,-32305,0,0,0,0,0,204266,0
204028,94,8106,-214,-72,676,111,-215446,-5,-1,-1,-8,36290,136,30,66,0,0,0,0,0,0,0,0,-32305,0,0,0,0,0,204271,0
204033,106,8100,-226,-73,702,111,-215445,-2,-3,0,-8,36290,136,30,66,0,0,0,0,0,0,0,0,-32304,0,0,0,0,0,204277,0
204038,122,8128,-206,-73,737,112,-215445,0,-4,0,-8,36301,127,31,66,0,0,0,0,0,0,0,0,-32304,0,0,0,0,0,204283,0
204043,146,8154,-188,-75,768,116,-215445,-3,-1,1,-8,36301,127,31,66,0,0,0,0,0,0,0,0,-32304,0,0,0,0,0,204288,0
204048,132,8176,-182,-80,831,114,-215445,1,-2,0,-8,36305,124,31,66,0,0,0,0,0,0,0,0,-32304,0,0,0,0,0,204294,0
204053,142,8152,-184,-69,860,113,-215444,5,-1,0,0,36305,124,31,66,0,0,0,0,0,0,0,0,-32304,0,0,0,0,0,204299,0
204058,146,8150,-134,-74,892,115,-215445,0,-2,-1,0,36300,138,31,66,0,0,0,0,0,0,0,0,-32304,0,0,0,0,0,204304,0
204063,150,8088,-130,-74,927,122,-215444,0,1,0,-8,36300,138,31,66,0,0,0,0,0,0,0,0,-32304,0,0,0,0,0,204310,0
204068,180,8072,-94,-80,999,123,-215445,0,-2,0,-8,36290,144,31,66,0,0,0,0,0,0,0,0,-32304,0,0,0,0,0,204315,0
204073,226,8086,-98,-73,1042,116,-215445,0,0,0,-8,36290,144,31,66,0,0,0,0,0,0,0,0,-32304,0,0,0,0,0,204321,0
204078,268,8066,-108,-72,1075,125,-215444,-6,2,-1,-8,36283,146,31,66,0,0,0,0,0,0,0,0,-32304,0,0,0,0,0,204326,0
204083,240,8080,-94,-74,1122,124,-215443,9,1,-1,-8,36283,146,31,66,0,0,0,0,0,0,0,0,-32304,0,0,0,0,0,204332,0
204088,212,8082,-84,-68,1181,123,-215445,-3,-2,-1,-8,36286,152,31,66,0,0,0,0,0,0,0,0,-32304,0,0,0,0,0,204337,0
204093,164,8054,-48,-63,1222,123,-215445,0,1,-1,-8,36286,152,31,66,0,0,0,0,0,0,0,0,-32304,0,0,0,0,0,204342,0
204098,170,8106,-64,-67,1261,120,-215444,0,3,0,-8,36286,150,31,66,0,0,0,0,0,0,0,0,-32304,0,0,0,0,0,204348,0
204103,204,8102,-70,-58,1296,125,-215444,0,-1,-1,0,36286,150,31,66,0,0,0,0,0,0,0,0,-32304,0,0,0,0,0,204353,0
204108,178,8136,-42,-59,1362,126,-215445,1,-1,0,-8,36284,141,31,66,0,0,0,0,0,0,0,0,-32304,0,0,0,0,0,204359,0
204113,260,8144,-48,-55,1395,126,-215444,-1,-3,0,-8,36284,141,31,66,0,0,0,0,0,0,0,0,-32304,0,0,0,0,0,204364,0
204118,190,8182,-52,-51,1432,128,-215445,-1,2,0,-8,36283,136,31,66,0,0,0,0,0,0,0,0,-32304,0,0,0,0,0,204370,0
204123,200,8144,-14,-50,1457,125,-215444,0,0,-1,-8,36283,136,31,66,0,0,0,0,0,0,0,0,-32304,0,0,0,0,0,204375,0
204128,192,8160,8,-41,1520,123,-215445,-1,0,-1,-8,36284,134,31,66,0,0,0,0,0,0,0,0,-32304,0,0,0,0,0,204381,0
204133,204,8206,-2,-45,1537,126,-215444,6,1,-2,-8,36284,134,31,66,0,0,0,0,0,0,0,0,-32304,0,0,0,0,0,204386,0
204138,186,8182,46,-40,1553,119,-215445,-1,0,-1,-8,36284,139,31,66,0,0,0,0,0,0,0,0,-32304,0,0,0,0,0,204392,0
204143,144,8216,2,-36,1582,123,-215445,0,1,-1,-8,36284,139,31,66,0,0,0,0,0,0,0,0,-32304,0,0,0,0,0,204397,0
204148,150,8206,0,-26,1621,122,-215444,1,-1,0,-8,36283,143,31,66,0,0,0,0,0,0,0,0,-32305,0,0,0,0,0,204402,0
204153,134,8156,-6,-20,1640,118,-215444,3,4,0,0,36283,143,31,66,0,0,0,0,0,0,0,0,-32304,0,0,0,0,0,204408,0
204158,138,8146,6,-14,1647,116,-215445,-1,-4,0,-8,36283,150,31,66,0,0,0,0,0,0,0,0,-32304,0,0,0,0,0,204413,0
204163,140,8138,6,-18,1665,117,-215445,0,2,0,-8,36283,150,31,66,0,0,0,0,0,0,0,0,-32304,0,0,0,0,0,204419,0
204168,118,8178,-4,-14,1689,111,-215445,-5,1,0,-8,36287,146,31,66,0,0,0,0,0,0,0,0,-32304,0,0,0,0,0,204424,0
204173,98,8154,-12,-8,1697,109,-215445,-5,-1,-1,-8,36287,146,31,66,0,0,0,0,0,0,0,0,-32304,0,0,0,0,0,204430,0
204178,94,8150,-44,-2,1706,109,-215444,7,-3,-1,-8,36291,144,31,66,0,0,0,0,0,0,0,0,-32304,0,0,0,0,0,204435,0
204183,46,8126,-32,-3,1717,108,-215445,2,-1,0,-8,36291,144,31,66,0,0,0,0,0,0,0,0,-32305,0,0,0,0,0,204440,0
204188,100,8144,-12,-1,1726,102,-215445,1,-1,0,-8,36290,133,31,66,0,0,0,0,0,0,0,0,-32304,0,0,0,0,0,204446,0
204193,122,8170,2,16,1733,103,-215446,-6,0,-1,-8,36290,133,31,66,0,0,0,0,0,0,0,0,-32304,0,0,0,0,0,204451,0
204198,112,8198,-42,12,1738,100,-215445,-4,1,0,-8,36288,141,31,66,0,0,0,0,0,0,0,0,-32304,0,0,0,0,0,204457,0
204203,162,8222,-34,15,1746,97,-215444,3,3,0,0,36288,141,31,66,0,0,0,0,0,0,0,0,-32304,0,0,0,0,0,204462,0
204208,152,8238,-44,20,1753,83,-215444,10,-1,0,0,36285,134,31,66,0,0,0,0,0,0,0,0,-32304,0,0,0,0,0,204467,0
204213,122,8216,-36,13,1749,81,-215444,3,5,0,0,36285,134,31,66,0,0,0,0,0,0,0,0,-32304,0,0,0,0,0,204473,0
204218,106,8202,-24,19,1748,80,-215445,0,2,0,-8,36285,136,30,66,0,0,0,0,0,0,0,0,-32304,0,0,0,0,0,204479,0
204223,102,8204,-42,22,1743,76,-215447,-3,-8,0,-8,36285,136,30,66,0,0,0,0,0,0,0,0,-32304,0,0,0,0,0,204484,0
204228,84,8152,-94,30,1729,66,-215444,0,4,-1,-8,36280,142,31,66,0,0,0,0,0,0,0,0,-32304,0,0,0,0,0,204490,0
204233,100,8136,-56,31,1725,62,-215444,-2,2,0,-8,36280,142,31,66,0,0,0,0,0,0,0,0,-32304,0,0,0,0,0,204496,0
204238,94,8084,-50,27,1712,61,-215445,-5,-4,-1,-8,36278,146,30,66,0,0,0,0,0,0,0,0,-32304,0,0,0,0,0,204501,0
204243,72,8058,-84,30,1705,54,-215444,1,-3,0,-8,36278,146,30,66,0,0,0,0,0,0,0,0,-32304,0,0,0,0,0,204507,0
204248,70,7998,-36,34,1685,42,-215446,-8,-4,0,-8,36282,150,30,66,0,0,0,0,0,0,0,0,-32304,0,0,0,0,0,204513,0
204253,102,7992,-66,30,1671,41,-215445,0,1,0,-8,36282,150,30,66,0,0,0,0,0,0,0,0,-32304,0,0,0,0,0,204518,0
204258,94,7998,-50,37,1651,40,-215445,0,-1,0,-8,36287,150,31,66,0,0,0,0,0,0,0,0,-32304,0,0,0,0,0,204523,0
204263,108,8072,-34,35,1634,29,-215444,-1,3,0,-8,36287,150,31,66,0,0,0,0,0,0,0,0,-32304,0,0,0,0,0,204529,0
204268,82,8050,-44,39,1590,27,-215445,-1,0,0,-8,36291,133,31,66,0,0,0,0,0,0,0,0,-32304,0,0,0,0,0,204534,0
204273,64,8046,-30,41,1568,16,-215443,7,2,-2,0,36291,133,31,66,0,0,0,0,0,0,0,0,-32304,0,0,0,0,0,204540,0
204278,50,8060,-32,42,1545,16,-215444,13,-2,-2,0,36286,144,31,66,0,0,0,0,0,0,0,0,-32304,0,0,0,0,0,204545,0
204283,52,8056,-44,42,1517,5,-215445,0,2,0,-8,36286,144,31,66,0,0,0,0,0,0,0,0,-32304,0,0,0,0,0,204551,0
204288,-24,8056,-18,47,1468,-2,-215445,-7,-2,0,-8,36287,144,31,66,0,0,0,0,0,0,0,0,-32304,0,0,0,0,0,204556,0
204293,-8,8072,-26,49,1443,-9,-215445,0,-2,0,0,36287,144,31,66,0,0,0,0,0,0,0,0,-32304,0,0,0,0,0,204561,0
204298,30,8060,-32,52,1416,-14,-215445,-2,-3,0,-8,36287,145,31,66,0,0,0,0,0,0,0,0,-32304,0,0,0,0,0,204567,0
204303,36,8062,-14,49,1393,-15,-215444,2,-1,0,0,36287,145,31,66,0,0,0,0,0,0,0,0,-32304,0,0,0,0,0,204572,0
204308,32,8098,22,53,1338,-31,-215444,5,2,0,0,36287,145,30,66,0,0,0,0,0,0,0,0,-32304,0,0,0,0,0,204578,0
204313,70,8124,24,59,1316,-39,-215444,3,0,1,-8,36287,145,30,66,0,0,0,0,0,0,0,0,-32304,0,0,0,0,0,204583,0
204318,70,8116,72,60,1291,-37,-215444,1,-4,0,-8,36287,148,31,66,0,0,0,0,0,0,0,0,-32304,0,0,0,0,0,204589,0
204323,60,8152,74,71,1260,-44,-215446,-5,1,-1,-8,36287,148,31,66,0,0,0,0,0,0,0,0,-32304,0,0,0,0,0,204594,0
204328,-16,8192,88,78,1215,-54,-215444,-2,0,0,-8,36287,150,30,66,0,0,0,0,0,0,0,0,-32304,0,0,0,0,0,204600,0
204333,-50,8214,86,82,1186,-67,-215443,5,-5,0,-8,36287,150,30,66,0,0,0,0,0,0,0,0,-32304,0,0,0,0,0,204605,0
204338,-80,8226,88,83,1158,-69,-215445,-2,1,-1,-8,36286,149,30,66,0,0,0,0,0,0,0,0,-32304,0,0,0,0,0,204610,0
204343,-68,8220,82,88,1125,-73,-215444,3,-3,0,0,36286,149,30,66,0,0,0,0,0,0,0,0,-32304,0,0,0,0,0,204616,0
204348,-100,8232,114,92,1070,-78,-215445,6,-2,0,-8,36289,144,31,66,0,0,0,0,0,0,0,0,-32304,0,0,0,0,0,204621,0
204353,-82,8188,118,102,1039,-82,-215444,7,2,0,-8,36289,144,31,66,0,0,0,0,0,0,0,0,-32304,0,0,0,0,0,204627,0
204358,-54,8132,104,110,1015,-89,-215445,-4,1,0,-8,36290,137,30,66,0,0,0,0,0,0,0,0,-32304,0,0,0,0,0,204632,0
204363,-56,8116,140,107,993,-92,-215444,0,0,0,-8,36290,137,30,66,0,0,0,0,0,0,0,0,-32304,0,0,0,0,0,204638,0
204368,-52,8080,124,123,943,-102,-215444,2,-1,0,-8,36290,146,30,66,0,0,0,0,0,0,0,0,-32304,0,0,0,0,0,204643,0
204373,-92,8040,76,125,915,-102,-215444,0,-1,-1,-8,36290,146,30,66,0,0,0,0,0,0,0,0,-32304,0,0,0,0,0,204649,0
204378,-84,8054,150,131,901,-104,-215445,0,-5,-1,-8,36288,136,31,66,0,0,0,0,0,0,0,0,-32304,0,0,0,0,0,204654,0
204383,-52,8078,158,133,874,-109,-215444,1,-1,0,-8,36288,136,31,66,0,0,0,0,0,0,0,0,-32304,0,0,0,0,0,204660,0
204388,-50,8050,168,139,840,-115,-215445,1,5,0,-8,36286,140,30,66,0,0,0,0,0,0,0,0,-32304,0,0,0,0,0,204665,0
204393,-72,8054,140,156,823,-121,-215445,2,0,-1,0,36286,140,30,66,0,0,0,0,0,0,0,0,-32304,0,0,0,0,0,204670,0
204398,-36,8040,118,156,802,-127,-215445,-2,0,-1,0,36285,136,31,66,0,0,0,0,0,0,0,0,-32305,0,0,0,0,0,204676,0
204403,-12,8058,80,168,779,-123,-215444,3,2,0,-8,36285,136,31,66,0,0,0,0,0,0,0,0,-32306,0,0,0,0,0,204681,0
204408,-10,8124,96,173,742,-138,-215445,1,2,0,0,36286,132,31,66,0,0,0,0,0,0,0,0,-32304,0,0,0,0,0,204687,0
204413,-42,8086,86,180,719,-142,-215445,-1,0,0,-8,36286,132,31,66,0,0,0,0,0,0,0,0,-32304,0,0,0,0,0,204692,0
204418,-8,8082,120,178,697,-146,-215444,0,-4,0,-8,36289,139,31,66,0,0,0,0,0,0,0,0,-32304,0,0,0,0,0,204698,0
204423,0,8110,88,180,682,-148,-215445,-1,0,0,-8,36289,139,31,66,0,0,0,0,0,0,0,0,-32304,0,0,0,0,0,204703,0
204428,22,8056,14,192,645,-154,-215445,-1,2,-1,-8,36291,142,31,66,0,0,0,0,0,0,0,0,-32304,0,0,0,0,0,204709,0
204433,0,8086,42,192,626,-165,-215444,4,1,0,-8,36291,142,31,66,0,0,0,0,0,0,0,0,-32304,0,0,0,0,0,204714,0
204438,14,8092,6,198,618,-169,-215445,1,0,0,-8,36291,138,30,66,0,0,0,0,0,0,0,0,-32304,0,0,0,0,0,204720,0
204443,0,8094,-18,199,600,-174,-215445,-6,1,0,-8,36291,138,30,66,0,0,0,0,0,0,0,0,-32304,0,0,0,0,0,204725,0
204448,10,8128,-24,205,567,-182,-215445,1,-1,0,-8,36287,139,31,66,0,0,0,0,0,0,0,0,-32304,0,0,0,0,0,204730,0
204453,-12,8128,-66,199,555,-185,-215444,0,-1,0,-8,36287,139,31,66,0,0,0,0,0,0,0,0,-32304,0,0,0,0,0,204736,0
204458,-22,8128,-80,201,544,-190,-215445,-5,1,0,-8,36291,138,31,66,0,0,0,0,0,0,0,0,-32304,0,0,0,0,0,204741,0
204463,-66,8102,-96,205,524,-196,-215444,0,0,0,-8,36291,138,31,66,0,0,0,0,0,0,0,0,-32304,0,0,0,0,0,204747,0
204468,-102,8124,-82,207,508,-197,-215444,-3,-3,-2,-8,36290,131,31,66,0,0,0,0,0,0,0,0,-32305,0,0,0,0,0,204752,0
204473,-142,8144,-90,202,494,-201,-215444,-1,-2,-1,-8,36290,131,31,66,0,0,0,0,0,0,0,0,-32304,0,0,0,0,0,204758,0
204478,-134,8144,-100,211,483,-209,-215444,-1,0,0,-8,36289,131,31,66,0,0,0,0,0,0,0,0,-32305,0,0,0,0,0,204763,0
204483,-134,8114,-100,206,467,-199,-215445,-3,1,-1,-8,36289,131,31,66,0,0,0,0,0,0,0,0,-32304,0,0,0,0,0,204768,0
204488,-134,8184,-102,203,440,-210,-215446,-6,1,-1,-8,36287,136,31,66,0,0,0,0,0,0,0,0,-32304,0,0,0,0,0,204774,0
204493,-162,8178,-106,213,429,-213,-215444,0,0,0,-8,36287,136,31,66,0,0,0,0,0,0,0,0,-32304,0,0,0,0,0,204779,0
204498,-160,8160,-110,211,409,-214,-215443,9,2,-1,0,36286,142,31,66,0,0,0,0,0,0,0,0,-32304,0,0,0,0,0,204785,0
204503,-150,8162,-104,212,395,-216,-215445,1,6,1,-8,36286,142,31,66,0,0,0,0,0,0,0,0,-32304,0,0,0,0,0,204790,0
204508,-134,8146,-148,211,363,-225,-215445,-5,-1,0,-8,36286,138,31,66,0,0,0,0,0,0,0,0,-32305,0,0,0,0,0,204796,0
204513,-160,8184,-80,214,352,-223,-215443,12,0,1,-8,36286,138,31,66,0,0,0,0,0,0,0,0,-32304,0,0,0,0,0,204801,0
204518,-154,8174,-98,215,340,-224,-215444,0,2,0,-8,36288,128,31,66,0,0,0,0,0,0,0,0,-32304,0,0,0,0,0,204807,0
204523,-196,8172,-142,217,321,-233,-215444,-4,-2,-1,-8,36288,128,31,66,0,0,0,0,0,0,0,0,-32304,0,0,0,0,0,204812,0
204528,-242,8178,-126,213,295,-227,-215446,-4,-1,-1,-8,36287,131,30,66,0,0,0,0,0,0,0,0,-32304,0,0,0,0,0,204818,0
204533,-284,8154,-120,221,279,-235,-215444,4,5,0,-8,36287,131,30,66,0,0,0,0,0,0,0,0,-32304,0,0,0,0,0,204823,0
204538,-334,8202,-126,222,264,-233,-215444,0,0,0,-8,36287,138,30,66,0,0,0,0,0,0,0,0,-32304,0,0,0,0,0,204829,0
204543,-338,8176,-146,219,241,-234,-215446,0,5,-2,0,36287,138,30,66,0,0,0,0,0,0,0,0,-32304,0,0,0,0,0,204834,0
204548,-312,8184,-170,223,210,-234,-215444,6,0,0,-8,36286,132,31,66,0,0,0,0,0,0,0,0,-32304,0,0,0,0,0,204839,0
204553,-330,8172,-182,221,190,-235,-215445,0,2,0,0,36286,132,31,66,0,0,0,0,0,0,0,0,-32305,0,0,0,0,0,204845,0
204558,-346,8154,-186,220,168,-235,-215444,-1,3,-1,0,36290,135,31,66,0,0,0,0,0,0,0,0,-32305,0,0,0,0,0,204850,0
204563,-366,8146,-190,220,148,-231,-215444,-2,-3,0,-8,36290,135,31,66,0,0,0,0,0,0,0,0,-32305,0,0,0,0,0,204856,0
204568,-406,8142,-172,226,114,-234,-215445,0,-2,0,-8,36292,133,31,66,0,0,0,0,0,0,0,0,-32304,0,0,0,0,0,204861,0
204573,-448,8144,-188,220,91,-231,-215445,-3,-2,0,-8,36292,133,31,66,0,0,0,0,0,0,0,0,-32304,0,0,0,0,0,204867,0
204578,-568,8252,-180,215,67,-232,-215444,0,-1,-1,-8,36291,140,30,66,0,0,0,0,0,0,0,0,-32304,0,0,0,0,0,204872,0
204583,-566,8302,-176,226,45,-230,-215444,0,0,0,-8,36291,140,30,66,0,0,0,0,0,0,0,0,-32304,0,0,0,0,0,204878,0
204588,-472,8326,-250,224,5,-228,-215445,-1,0,0,-8,36285,143,30,66,0,0,0,0,0,0,0,0,-32304,0,0,0,0,0,204883,0
204593,-372,8310,-274,223,-7,-229,-215445,1,0,0,-8,36285,143,30,66,0,0,0,0,0,0,0,0,-32304,0,0,0,0,0,204889,0
204598,-330,8324,-236,216,-21,-225,-215445,-6,-4,0,-8,36282,144,31,66,0,0,0,0,0,0,0,0,-32304,0,0,0,0,0,204894,0
204603,-286,8282,-272,220,-32,-223,-215445,-1,-2,0,0,36282,144,31,66,0,0,0,0,0,0,0,0,-32304,0,0,0,0,0,204900,0
204608,-208,8268,-240,218,-54,-223,-215445,0,1,0,-8,36284,130,30,66,0,0,0,0,0,0,0,0,-32304,0,0,0,0,0,204905,0
204613,-228,8216,-238,216,-56,-226,-215444,2,1,1,-8,36284,130,30,66,0,0,0,0,0,0,0,0,-32304,0,0,0,0,0,204910,0
204618,-266,8210,-248,213,-65,-226,-215444,5,0,0,-8,36286,134,31,66,0,0,0,0,0,0,0,0,-32304,0,0,0,0,0,204916,0
204623,-316,8218,-248,215,-71,-222,-215445,-1,0,0,-8,36286,134,31,66,0,0,0,0,0,0,0,0,-32304,0,0,0,0,0,204921,0
204628,-418,8154,-264,213,-82,-220,-215446,-4,0,-1,-8,36285,138,31,66,0,0,0,0,0,0,0,0,-32304,0,0,0,0,0,204927,0
204633,-442,8118,-270,212,-85,-216,-215444,0,-1,0,-8,36285,138,31,66,0,0,0,0,0,0,0,0,-32304,0,0,0,0,0,204932,0
204638,-458,8132,-262,208,-92,-214,-215444,1,6,-1,-8,36282,137,31,66,0,0,0,0,0,0,0,0,-32304,0,0,0,0,0,204938,0
204643,-450,8128,-268,215,-89,-205,-215444,3,3,0,-8,36282,137,31,66,0,0,0,0,0,0,0,0,-32304,0,0,0,0,0,204943,0
204648,-466,8100,-284,205,-93,-199,-215444,3,-3,-1,0,36283,137,31,66,0,0,0,0,0,0,0,0,-32304,0,0,0,0,0,204948,0
204653,-502,8088,-270,199,-94,-190,-215444,-2,-1,0,-8,36283,137,31,66,0,0,0,0,0,0,0,0,-32304,0,0,0,0,0,204954,0
204658,-534,8108,-290,203,-90,-185,-215444,5,3,-1,0,36287,128,30,66,0,0,0,0,0,0,0,0,-32304,0,0,0,0,0,204960,0
204663,-522,8116,-326,197,-91,-182,-215444,5,-2,1,-8,36287,128,30,66,0,0,0,0,0,0,0,0,-32304,0,0,0,0,0,204965,0
204668,-608,8046,-288,188,-89,-166,-215443,5,-1,0,-8,36290,132,30,66,0,0,0,0,0,0,0,0,-32304,0,0,0,0,0,204971,0
204673,-668,8000,-336,188,-85,-158,-215444,0,-4,0,-8,36290,132,30,66,0,0,0,0,0,0,0,0,-32304,0,0,0,0,0,204976,0
204678,-666,7964,-344,185,-75,-150,-215445,-4,3,-2,-8,36290,133,31,66,0,0,0,0,0,0,0,0,-32304,0,0,0,0,0,204981,0
204683,-670,7974,-366,183,-74,-137,-215444,8,-5,-1,0,36290,133,31,66,0,0,0,0,0,0,0,0,-32304,0,0,0,0,0,204987,0
204688,-618,7978,-366,172,-50,-122,-215443,7,1,0,-8,36292,137,30,66,0,0,0,0,0,0,0,0,-32304,0,0,0,0,0,204992,0
204693,-558,8020,-382,172,-41,-108,-215444,0,3,0,-8,36292,137,30,66,0,0,0,0,0,0,0,0,-32304,0,0,0,0,0,204998,0
204698,-538,8026,-372,165,-33,-109,-215445,-7,-1,0,-16,36287,142,31,66,0,0,0,0,0,0,0,0,-32304,0,0,0,0,0,205003,0
204703,-488,8096,-408,159,-20,-96,-215443,6,-1,0,-8,36287,142,31,66,0,0,0,0,0,0,0,0,-32304,0,0,0,0,0,205009,0
204708,-322,8196,-434,145,-6,-97,-215445,0,1,0,-8,36286,138,31,66,0,0,0,0,0,0,0,0,-32304,0,0,0,0,0,205014,0
204713,-294,8208,-442,145,5,-95,-215444,3,1,0,-8,36286,138,31,66,0,0,0,0,0,0,0,0,-32304,0,0,0,0,0,205019,0
204718,-246,8240,-430,135,10,-94,-215445,-3,1,0,-8,36286,143,31,66,0,0,0,0,0,0,0,0,-32305,0,0,0,0,0,205025,0
204723,-230,8268,-426,134,12,-97,-215444,3,3,-2,-8,36286,143,31,66,0,0,0,0,0,0,0,0,-32304,0,0,0,0,0,205030,0
204728,-158,8266,-388,125,19,-104,-215445,0,3,-2,-8,36287,141,30,66,0,0,0,0,0,0,0,0,-32305,0,0,0,0,0,205036,0
204733,-142,8250,-390,126,18,-112,-215444,-2,4,0,-8,36287,141,30,66,0,0,0,0,0,0,0,0,-32304,0,0,0,0,0,205041,0
204738,-100,8232,-360,117,14,-110,-215445,4,2,-1,0,36285,140,31,66,0,0,0,0,0,0,0,0,-32304,0,0,0,0,0,205047,0
204743,-170,8212,-348,116,17,-117,-215445,-4,3,0,0,36285,140,31,66,0,0,0,0,0,0,0,0,-32304,0,0,0,0,0,205052,0
204748,-170,8176,-338,111,20,-127,-215444,0,1,1,-8,36283,136,31,66,0,0,0,0,0,0,0,0,-32304,0,0,0,0,0,205058,0
204753,-196,8152,-312,108,17,-141,-215443,4,5,-1,-8,36283,136,31,66,0,0,0,0,0,0,0,0,-32304,0,0,0,0,0,205063,0
204758,-204,8148,-302,105,12,-134,-215444,4,4,0,-8,36287,143,31,66,0,0,0,0,0,0,0,0,-32304,0,0,0,0,0,205069,0
204763,-214,8158,-298,107,14,-142,-215445,-5,-4,2,-8,36287,143,31,66,0,0,0,0,0,0,0,0,-32304,0,0,0,0,0,205074,0
204768,-230,8140,-294,106,10,-154,-215444,0,2,-1,-8,36289,147,31,66,0,0,0,0,0,0,0,0,-32304,0,0,0,0,0,205080,0
204773,-262,8152,-286,107,5,-156,-215444,-3,-1,-1,-8,36289,147,31,66,0,0,0,0,0,0,0,0,-32304,0,0,0,0,0,205085,0
204778,-292,8150,-290,103,1,-160,-215443,0,3,0,-8,36289,146,30,66,0,0,0,0,0,0,0,0,-32304,0,0,0,0,0,205090,0
204783,-334,8154,-236,109,1,-160,-215445,0,-4,-1,-8,36289,146,30,66,0,0,0,0,0,0,0,0,-32304,0,0,0,0,0,205096,0
204788,-328,8160,-224,108,-7,-170,-215444,-3,1,-1,-8,36287,150,31,66,0,0,0,0,0,0,0,0,-32304,0,0,0,0,0,205101,0
204793,-314,8184,-238,105,-7,-177,-215445,-1,3,0,-8,36287,150,31,66,0,0,0,0,0,0,0,0,-32304,0,0,0,0,0,205107,0
204798,-318,8118,-214,104,-14,-174,-215445,3,-3,0,-8,36283,140,31,66,0,0,0,0,0,0,0,0,-32304,0,0,0,0,0,205112,0
204803,-316,8148,-224,114,-17,-180,-215445,0,-1,0,-8,36283,140,31,66,0,0,0,0,0,0,0,0,-32304,0,0,0,0,0,205118,0
204808,-306,8116,-208,109,-17,-186,-215445,-1,1,0,-8,36283,140,31,66,0,0,0,0,0,0,0,0,-32304,0,0,0,0,0,205123,0
204813,-324,8126,-240,108,-9,-187,-215444,-4,2,0,-16,36283,140,31,66,0,0,0,0,0,0,0,0,-32304,0,0,0,0,0,205129,0
204818,-368,8080,-228,116,-10,-192,-215445,-5,-3,-2,-8,36285,144,31,66,0,0,0,0,0,0,0,0,-32304,0,0,0,0,0,205134,0
204823,-364,8110,-260,115,-10,-194,-215443,0,0,-2,-8,36285,144,31,66,0,0,0,0,0,0,0,0,-32304,0,0,0,0,0,205140,0
204828,-294,8148,-238,118,-6,-199,-215444,3,-2,-1,-8,36286,144,30,66,0,0,0,0,0,0,0,0,-32305,0,0,0,0,0,205145,0
204833,-290,8146,-282,108,-8,-203,-215444,0,-5,0,-8,36286,144,30,66,0,0,0,0,0,0,0,0,-32304,0,0,0,0,0,205151,0
204838,-294,8166,-288,112,-3,-203,-215445,3,0,-1,0,36285,142,30,66,0,0,0,0,0,0,0,0,-32304,0,0,0,0,0,205156,0
204843,-270,8192,-304,111,2,-218,-215445,0,-1,0,0,36285,142,30,66,0,0,0,0,0,0,0,0,-32304,0,0,0,0,0,205162,0
204848,-326,8212,-318,108,-1,-220,-215445,-7,4,0,-8,36284,137,31,66,0,0,0,0,0,0,0,0,-32304,0,0,0,0,0,205167,0
204853,-286,8236,-344,105,-6,-222,-215444,0,-1,0,-8,36284,137,31,66,0,0,0,0,0,0,0,0,-32304,0,0,0,0,0,205172,0
204858,-298,8250,-352,108,-7,-233,-215444,1,0,0,-8,36285,128,31,66,0,0,0,0,0,0,0,0,-32304,0,0,0,0,0,205178,0
204863,-266,8236,-322,102,-2,-232,-215444,0,0,0,-16,36285,128,31,66,0,0,0,0,0,0,0,0,-32304,0,0,0,0,0,205183,0
204868,-300,8224,-334,107,-6,-238,-215443,4,-1,-2,-8,36290,143,31,66,0,0,0,0,0,0,0,0,-32304,0,0,0,0,0,205189,0
204873,-330,8188,-336,98,-4,-243,-215444,5,0,0,-8,36290,143,31,66,0,0,0,0,0,0,0,0,-32304,0,0,0,0,0,205194,0
204878,-310,8196,-368,100,-6,-245,-215444,0,1,-1,-8,36290,148,30,66,0,0,0,0,0,0,0,0,-32304,0,0,0,0,0,205200,0
204883,-346,8190,-344,96,-9,-250,-215444,2,3,-1,-8,36290,148,30,66,0,0,0,0,0,0,0,0,-32304,0,0,0,0,0,205205,0
204888,-410,8130,-300,92,-5,-254,-215445,0,-1,-1,-8,36288,144,30,66,0,0,0,0,0,0,0,0,-32304,0,0,0,0,0,205210,0
204893,-448,8098,-290,89,1,-258,-215444,1,3,-1,-8,36288,144,30,66,0,0,0,0,0,0,0,0,-32304,0,0,0,0,0,205216,0
204898,-476,8082,-310,90,1,-254,-215444,7,3,0,-8,36283,138,31,66,0,0,0,0,0,0,0,0,-32304,0,0,0,0,0,205222,0
204903,-538,8104,-290,87,7,-258,-215444,5,0,-1,-8,36283,138,31,66,0,0,0,0,0,0,0,0,-32304,0,0,0,0,0,205227,0
204908,-586,8102,-252,92,10,-253,-215443,7,3,0,-8,36288,121,31,66,0,0,0,0,0,0,0,0,-32304,0,0,0,0,0,205233,0
204913,-588,8086,-270,91,7,-252,-215446,-1,-1,1,-8,36288,121,31,66,0,0,0,0,0,0,0,0,-32304,0,0,0,0,0,205238,0
204918,-620,8086,-258,92,9,-249,-215444,1,1,0,-8,36286,118,31,66,0,0,0,0,0,0,0,0,-32304,0,0,0,0,0,205244,0
204923,-654,8090,-236,98,5,-249,-215445,-4,3,-1,-8,36286,118,31,66,0,0,0,0,0,0,0,0,-32304,0,0,0,0,0,205249,0
204928,-638,8100,-258,94,0,-244,-215444,-3,0,-1,-8,36284,126,31,66,0,0,0,0,0,0,0,0,-32304,0,0,0,0,0,205254,0
204933,-664,8064,-238,97,-2,-235,-215444,0,2,0,-8,36284,126,31,66,0,0,0,0,0,0,0,0,-32304,0,0,0,0,0,205260,0
204938,-694,8108,-256,103,-7,-231,-215445,-6,-4,0,-8,36281,136,31,66,0,0,0,0,0,0,0,0,-32305,0,0,0,0,0,205265,0
204943,-680,8124,-282,100,-12,-236,-215444,-1,1,0,0,36281,136,31,66,0,0,0,0,0,0,0,0,-32304,0,0,0,0,0,205271,0
204948,-700,8096,-310,98,-22,-229,-215446,-6,-7,0,-8,36282,145,31,66,0,0,0,0,0,0,0,0,-32304,0,0,0,0,0,205277,0
204953,-710,8088,-314,100,-34,-221,-215443,5,1,0,-8,36282,145,31,66,0,0,0,0,0,0,0,0,-32304,0,0,0,0,0,205282,0
204958,-736,8080,-324,97,-30,-221,-215445,1,-1,-1,-8,36282,136,31,66,0,0,0,0,0,0,0,0,-32304,0,0,0,0,0,205287,0
204963,-740,8090,-304,99,-32,-219,-215444,7,3,0,0,36282,136,31,66,0,0,0,0,0,0,0,0,-32304,0,0,0,0,0,205293,0
204968,-750,8082,-310,96,-43,-210,-215446,-3,0,0,-8,36283,127,31,66,0,0,0,0,0,0,0,0,-32304,0,0,0,0,0,205298,0
204973,-706,8104,-354,101,-41,-205,-215445,2,0,-1,-8,36283,127,31,66,0,0,0,0,0,0,0,0,-32304,0,0,0,0,0,205304,0
204978,-700,8094,-350,96,-46,-197,-215444,2,3,0,-8,36284,142,31,66,0,0,0,0,0,0,0,0,-32304,0,0,0,0,0,205309,0
204983,-706,8100,-350,96,-47,-200,-215445,-3,1,-1,-8,36284,142,31,66,0,0,0,0,0,0,0,0,-32304,0,0,0,0,0,205315,0
204988,-686,8118,-368,96,-42,-195,-215445,-3,-2,-1,-8,36285,142,31,66,0,0,0,0,0,0,0,0,-32305,0,0,0,0,0,205320,0
204993,-712,8150,-380,90,-40,-189,-215445,0,-2,0,0,36285,142,31,66,0,0,0,0,0,0,0,0,-32304,0,0,0,0,0,205325,0
204998,-724,8150,-386,82,-37,-189,-215445,-3,-5,0,-8,36282,140,31,66,0,0,0,0,0,0,0,0,-32305,0,0,0,0,0,205331,0
205003,-712,8112,-396,82,-33,-187,-215445,-3,-3,0,-8,36282,140,31,66,0,0,0,0,0,0,0,0,-32304,0,0,0,0,0,205336,0
205008,-744,8098,-384,76,-34,-173,-215446,-4,-1,0,-8,36283,131,31,66,0,0,0,0,0,0,0,0,-32304,0,0,0,0,0,205342,0
205013,-750,8084,-384,67,-36,-174,-215445,3,-5,1,-8,36283,131,31,66,0,0,0,0,0,0,0,0,-32304,0,0,0,0,0,205347,0
205018,-774,8092,-404,64,-27,-170,-215445,5,-1,-1,-8,36285,136,31,66,0,0,0,0,0,0,0,0,-32304,0,0,0,0,0,205353,0
205023,-810,8058,-402,73,-21,-163,-215445,0,2,-1,-8,36285,136,31,66,0,0,0,0,0,0,0,0,-32304,0,0,0,0,0,205358,0
205028,-848,8062,-406,60,-19,-152,-215445,-2,2,-1,-8,36288,141,30,66,0,0,0,0,0,0,0,0,-32304,0,0,0,0,0,205363,0
205033,-854,8036,-380,60,-11,-143,-215446,-6,0,-1,-8,36288,141,30,66,0,0,0,0,0,0,0,0,-32304,0,0,0,0,0,205369,0
205038,-858,8048,-380,56,-15,-138,-215446,-5,-1,-1,-8,36284,144,31,66,0,0,0,0,0,0,0,0,-32304,0,0,0,0,0,205375,0
205043,-856,8050,-370,56,-17,-135,-215446,-3,1,0,-8,36284,144,31,66,0,0,0,0,0,0,0,0,-32305,0,0,0,0,0,205381,0
205048,-814,8068,-354,50,-10,-120,-215445,1,2,1,-8,36282,134,31,66,0,0,0,0,0,0,0,0,-32304,0,0,0,0,0,205386,0
205053,-826,8118,-322,46,-13,-120,-215445,1,0,0,-8,36282,134,31,66,0,0,0,0,0,0,0,0,-32304,0,0,0,0,0,205391,0
205058,-794,8106,-314,49,-14,-114,-215445,-1,3,0,-8,36280,131,31,66,0,0,0,0,0,0,0,0,-32304,0,0,0,0,0,205397,0
205063,-792,8126,-328,43,-8,-106,-215445,3,3,0,-8,36280,131,31,66,0,0,0,0,0,0,0,0,-32304,0,0,0,0,0,205402,0
205068,-806,8074,-302,45,-16,-101,-215446,-1,-3,0,-8,36282,140,31,66,0,0,0,0,0,0,0,0,-32304,0,0,0,0,0,205408,0
205073,-832,8066,-292,46,-14,-90,-215445,-1,2,0,-8,36282,140,31,66,0,0,0,0,0,0,0,0,-32304,0,0,0,0,0,205413,0
205078,-878,8066,-316,48,-22,-92,-215445,2,4,-1,0,36288,144,30,66,0,0,0,0,0,0,0,0,-32304,0,0,0,0,0,205419,0
205083,-914,8048,-266,44,-20,-82,-215446,6,-1,0,0,36288,144,30,66,0,0,0,0,0,0,0,0,-32304,0,0,0,0,0,205424,0
205088,-924,8010,-292,48,-23,-72,-215446,0,1,0,-8,36287,147,31,66,0,0,0,0,0,0,0,0,-32304,0,0,0,0,0,205430,0
205093,-904,8012,-260,49,-20,-63,-215446,0,5,0,0,36287,147,31,66,0,0,0,0,0,0,0,0,-32304,0,0,0,0,0,205435,0
205098,-910,8010,-262,46,-30,-59,-215446,1,-1,0,0,36289,144,31,66,0,0,0,0,0,0,0,0,-32304,0,0,0,0,0,205441,0
205103,-944,8012,-260,47,-30,-49,-215445,1,1,1,-8,36289,144,31,66,0,0,0,0,0,0,0,0,-32304,0,0,0,0,0,205446,0
205108,-934,8036,-232,44,-31,-39,-215447,-6,-3,0,-8,36288,125,31,66,0,0,0,0,0,0,0,0,-32304,0,0,0,0,0,205452,0
205113,-940,8040,-260,47,-29,-36,-215446,3,-3,0,-8,36288,125,31,66,0,0,0,0,0,0,0,0,-32304,0,0,0,0,0,205457,0
205118,-912,8026,-248,51,-26,-25,-215446,1,-5,0,-8,36285,129,31,66,0,0,0,0,0,0,0,0,-32305,0,0,0,0,0,205462,0
205123,-888,8032,-244,54,-36,-25,-215447,-3,-2,0,-8,36285,129,31,66,0,0,0,0,0,0,0,0,-32304,0,0,0,0,0,205468,0
205128,-864,8064,-236,55,-26,-18,-215445,0,4,0,-8,36283,124,31,66,0,0,0,0,0,0,0,0,-32304,0,0,0,0,0,205473,0
205133,-790,8090,-226,48,-32,-9,-215446,0,1,0,-8,36283,124,31,66,0,0,0,0,0,0,0,0,-32304,0,0,0,0,0,205479,0
205138,-768,8108,-244,53,-31,-8,-215447,0,-5,0,-8,36282,137,31,66,0,0,0,0,0,0,0,0,-32304,0,0,0,0,0,205484,0
205143,-710,8104,-244,59,-28,-7,-215447,-2,-3,0,-8,36282,137,31,66,0,0,0,0,0,0,0,0,-32305,0,0,0,0,0,205490,0
205148,-664,8134,-252,53,-33,-6,-215447,0,1,1,-8,36284,130,31,66,0,0,0,0,0,0,0,0,-32304,0,0,0,0,0,205495,0
205153,-624,8154,-234,54,-27,-10,-215447,2,1,0,-8,36284,130,31,66,0,0,0,0,0,0,0,0,-32304,0,0,0,0,0,205501,0
205158,-570,8160,-260,57,-38,-5,-215447,-4,2,0,-8,36289,129,31,66,0,0,0,0,0,0,0,0,-32304,0,0,0,0,0,205506,0
205163,-606,8174,-254,61,-34,-8,-215448,-3,3,0,-8,36289,129,31,66,0,0,0,0,0,0,0,0,-32303,0,0,0,0,0,205511,0
205168,-606,8192,-246,60,-38,-14,-215448,-3,-1,0,-8,36288,131,31,66,0,0,0,0,0,0,0,0,-32304,0,0,0,0,0,205517,0
205173,-578,8138,-268,62,-36,-16,-215447,4,4,-1,-8,36288,131,31,66,0,0,0,0,0,0,0,0,-32304,0,0,0,0,0,205523,0
205178,-588,8162,-264,61,-41,-18,-215448,0,-1,-1,0,36285,141,31,66,0,0,0,0,0,0,0,0,-32304,0,0,0,0,0,205528,0
205183,-598,8150,-274,69,-39,-25,-215448,-3,1,-16,-80,36285,141,31,66,0,0,0,0,0,0,0,0,-32304,0,0,0,0,0,205533,0
205188,-672,8140,-256,60,-43,-23,-215454,-40,-7,-157,-80,36285,131,31,66,0,0,0,0,0,0,0,0,-32304,0,0,0,0,0,205539,0
205193,-666,8126,-264,61,-37,-23,-215474,-90,-57,-196,-112,36285,131,31,66,0,0,0,0,0,0,0,0,-32304,0,0,0,0,0,205544,0
205198,-708,8102,-284,61,-33,-24,-215510,-166,-119,-185,-160,36285,129,31,66,0,0,0,0,0,0,0,0,-32304,0,0,0,0,0,205550,0
205203,-684,8118,-282,64,-31,-25,-215551,-186,-158,-191,-176,36285,129,31,66,0,0,0,0,0,0,0,0,-32304,0,0,0,0,0,205555,0
205208,-694,8060,-292,59,-30,-25,-215600,-217,-168,-188,-168,36288,128,31,66,0,0,0,0,0,0,0,0,-32304,0,0,0,0,0,205561,0
205213,-742,8074,-324,58,-30,-24,-215649,-216,-124,-187,-144,36288,128,31,66,0,0,0,0,0,0,0,0,-32304,0,0,0,0,0,205566,0
205218,-676,8102,-270,62,-24,-21,-215694,-195,-59,-172,-144,36283,122,31,66,0,0,0,0,0,0,0,0,-32304,0,0,0,0,0,205571,0
205223,-694,8108,-276,59,-28,-29,-215735,-177,-5,-167,-128,36283,122,31,66,0,0,0,0,0,0,0,0,-32304,0,0,0,0,0,205577,0
205228,-622,8126,-298,60,-19,-32,-215775,-175,32,-168,-112,36282,129,31,66,0,0,0,0,0,0,0,0,-32304,0,0,0,0,0,205582,0
205233,-592,8184,-324,56,-20,-31,-215807,-140,58,-160,-104,36282,129,31,66,0,0,0,0,0,0,0,0,-32304,0,0,0,0,0,205588,0
205238,-546,8208,-320,51,-16,-34,-215836,-124,58,-158,-88,36281,132,31,66,0,0,0,0,0,0,0,0,-32304,0,0,0,0,0,205594,0
205243,-534,8216,-314,54,-15,-36,-215853,-79,79,-167,-72,36281,132,31,66,0,0,0,0,0,0,0,0,-32304,0,0,0,0,0,205599,0
205248,-496,8160,-380,50,-17,-49,-215868,-56,91,-165,-72,36283,129,31,66,0,0,0,0,0,0,0,0,-32304,0,0,0,0,0,205605,0
205253,-540,8148,-348,43,-10,-52,-215884,-72,81,-158,-80,36283,129,31,66,0,0,0,0,0,0,0,0,-32305,0,0,0,0,0,205610,0
205258,-494,8210,-364,47,-14,-57,-215896,-50,62,-162,-64,36281,131,31,66,0,0,0,0,0,0,0,0,-32304,0,0,0,0,0,205616,0
205263,-502,8226,-380,40,-14,-62,-215898,0,51,-171,-40,36281,131,31,66,0,0,0,0,0,0,0,0,-32304,0,0,0,0,0,205621,0
205268,-486,8276,-382,33,-13,-73,-215898,9,51,-164,-40,36281,126,31,66,0,0,0,0,0,0,0,0,-32304,0,0,0,0,0,205627,0
205273,-506,8180,-360,31,-16,-81,-215898,0,64,-161,-48,36281,126,31,66,0,0,0,0,0,0,0,0,-32304,0,0,0,0,0,205632,0
205278,-446,8276,-626,21,-14,-87,-215897,2,44,-164,-48,36283,117,31,66,0,0,0,0,0,0,0,0,-32304,0,0,0,0,0,205638,0
205283,-434,8292,-378,31,-17,-93,-215899,0,27,-164,-48,36283,117,31,66,0,0,0,0,0,0,0,0,-32304,0,0,0,0,0,205643,0
205288,-468,8222,-442,23,-23,-101,-215897,6,0,-164,-48,36284,123,31,66,0,0,0,0,0,0,0,0,-32304,0,0,0,0,0,205648,0
205293,-514,8178,-474,17,-21,-110,-215898,6,-1,-166,-48,36284,123,31,66,0,0,0,0,0,0,0,0,-32304,0,0,0,0,0,205654,0
205298,-600,8206,-420,11,-19,-111,-215898,2,3,-167,-40,36287,122,31,66,0,0,0,0,0,0,0,0,-32304,0,0,0,0,0,205659,0
205303,-582,8144,-456,6,-19,-114,-215898,0,-3,-165,-48,36287,122,31,66,0,0,0,0,0,0,0,0,-32304,0,0,0,0,0,205665,0
205308,-624,8138,-418,1,-23,-127,-215898,0,-1,-164,-48,36289,124,31,66,0,0,0,0,0,0,0,0,-32304,0,0,0,0,0,205670,0
205313,-628,8148,-418,-10,-19,-130,-215898,-5,1,-166,-48,36289,124,31,66,0,0,0,0,0,0,0,0,-32303,0,0,0,0,0,205676,0
205318,-666,8180,-412,-6,-22,-134,-215897,3,0,-165,-40,36304,128,31,66,0,0,0,0,0,0,0,0,-32304,0,0,0,0,0,205681,0
205323,-676,8196,-380,-15,-18,-135,-215898,3,-2,-164,-48,36304,128,31,66,0,0,0,0,0,0,0,0,-32304,0,0,0,0,0,205687,0
205328,-654,8106,-394,-21,-25,-141,-215898,1,1,-163,-48,36312,130,31,66,0,0,0,0,0,0,0,0,-32304,0,0,0,0,0,205692,0
205333,-770,8222,-406,-22,-26,-138,-215898,3,-1,-164,-48,36312,130,31,66,0,0,0,0,0,0,0,0,-32304,0,0,0,0,0,205697,0
205338,-884,8108,-316,-25,-32,-149,-215899,-7,0,-165,-48,36314,136,31,66,0,0,0,0,0,0,0,0,-32304,0,0,0,0,0,205703,0
205343,-192,7896,-430,-30,-30,-150,-215898,-1,-2,-167,-40,36314,136,31,66,0,0,0,0,0,0,0,0,-32304,0,0,0,0,0,205708,0
205348,-810,8248,-362,-31,-28,-167,-215898,0,-4,-168,-56,36304,133,31,66,0,0,0,0,0,0,0,0,-32304,0,0,0,0,0,205714,0
205353,-866,8224,-306,-38,-39,-165,-215898,0,3,-166,-48,36304,133,31,66,0,0,0,0,0,0,0,0,-32304,0,0,0,0,0,205719,0
205358,-896,8156,-302,-35,-40,-169,-215897,0,-1,-164,-48,36292,123,31,66,0,0,0,0,0,0,0,0,-32304,0,0,0,0,0,205725,0
205363,-770,8092,-316,-43,-34,-160,-215898,1,-1,-165,-48,36292,123,31,66,0,0,0,0,0,0,0,0,-32304,0,0,0,0,0,205730,0
205368,-790,8090,-288,-41,-38,-167,-215898,-2,-1,-165,-40,36284,121,31,66,0,0,0,0,0,0,0,0,-32304,0,0,0,0,0,205735,0
205373,-840,8110,-308,-47,-31,-167,-215899,1,-1,-166,-48,36284,121,31,66,0,0,0,0,0,0,0,0,-32304,0,0,0,0,0,205741,0
205378,-940,8140,-274,-45,-26,-154,-215898,0,2,-164,-48,36284,136,31,66,0,0,0,0,0,0,0,0,-32304,0,0,0,0,0,205747,0
205383,-952,8034,-260,-51,-30,-160,-215899,-9,-1,-163,-48,36284,136,31,66,0,0,0,0,0,0,0,0,-32304,0,0,0,0,0,205752,0
205388,-846,8034,-288,-49,-28,-153,-215897,3,1,-166,-40,36287,144,31,66,0,0,0,0,0,0,0,0,-32304,0,0,0,0,0,205758,0
205393,-968,8150,-228,-52,-24,-149,-215897,2,-2,-167,-48,36287,144,31,66,0,0,0,0,0,0,0,0,-32303,0,0,0,0,0,205763,0
205398,-952,8088,-178,-50,-30,-148,-215899,-2,3,-165,-40,36290,148,31,66,0,0,0,0,0,0,0,0,-32304,0,0,0,0,0,205768,0
205403,-936,8106,-156,-49,-19,-144,-215898,0,-3,-166,-48,36290,148,31,66,0,0,0,0,0,0,0,0,-32305,0,0,0,0,0,205774,0
205408,-946,8066,-114,-44,-12,-134,-215898,5,0,-163,-40,36295,125,31,66,0,0,0,0,0,0,0,0,-32304,0,0,0,0,0,205779,0
205413,-970,8058,-98,-45,-14,-128,-215898,1,3,-165,-48,36295,125,31,66,0,0,0,0,0,0,0,0,-32304,0,0,0,0,0,205785,0
205418,-1128,8258,-100,-41,-17,-127,-215897,5,0,-165,-48,36292,122,31,66,0,0,0,0,0,0,0,0,-32304,0,0,0,0,0,205790,0
205423,-764,7904,-136,-39,0,-121,-215899,2,1,-164,-40,36292,122,31,66,0,0,0,0,0,0,0,0,-32304,0,0,0,0,0,205795,0
205428,-938,8134,-48,-36,1,-112,-215899,-1,1,-164,-48,36288,124,31,66,0,0,0,0,0,0,0,0,-32304,0,0,0,0,0,205801,0
205433,-940,8070,-72,-26,6,-110,-215899,-3,0,-165,-48,36288,124,31,66,0,0,0,0,0,0,0,0,-32304,0,0,0,0,0,205806,0
205438,-974,8064,-50,-24,9,-107,-215898,2,4,-165,-48,36282,125,31,66,0,0,0,0,0,0,0,0,-32304,0,0,0,0,0,205812,0
205443,-1036,8070,-62,-29,7,-98,-215898,4,1,-167,-48,36282,125,31,66,0,0,0,0,0,0,0,0,-32304,0,0,0,0,0,205817,0
205448,-1082,8010,-34,-12,2,-88,-215897,0,-2,-169,-48,36282,124,31,66,0,0,0,0,0,0,0,0,-32304,0,0,0,0,0,205823,0
205453,-1106,7988,-12,-9,9,-82,-215898,0,1,-166,-48,36282,124,31,66,0,0,0,0,0,0,0,0,-32304,0,0,0,0,0,205828,0
205458,-1120,7964,-22,-4,4,-71,-215898,4,2,-165,-40,36283,126,31,66,0,0,0,0,0,0,0,0,-32304,0,0,0,0,0,205834,0
205463,-1116,7972,-10,-1,6,-67,-215897,0,-7,-163,-48,36283,126,31,66,0,0,0,0,0,0,0,0,-32304,0,0,0,0,0,205839,0
205468,-1176,7974,-6,3,2,-56,-215899,0,-3,-165,-48,36286,120,31,66,0,0,0,0,0,0,0,0,-32304,0,0,0,0,0,205845,0
205473,-1166,7944,-14,14,1,-42,-215898,2,4,-163,-48,36286,120,31,66,0,0,0,0,0,0,0,0,-32305,0,0,0,0,0,205850,0
205478,-1192,7956,-38,18,3,-32,-215898,0,-3,-166,-48,36285,126,31,66,0,0,0,0,0,0,0,0,-32304,0,0,0,0,0,205856,0
205483,-1166,7974,-60,19,-4,-26,-215898,0,2,-166,-48,36285,126,31,66,0,0,0,0,0,0,0,0,-32304,0,0,0,0,0,205861,0
205488,-1118,8026,-84,27,2,-14,-215897,1,2,-164,-40,36285,127,31,66,0,0,0,0,0,0,0,0,-32304,0,0,0,0,0,205866,0
205493,-1058,8034,-76,28,-5,-4,-215899,-6,-2,-168,-48,36285,127,31,66,0,0,0,0,0,0,0,0,-32304,0,0,0,0,0,205872,0
205498,-1130,8012,-84,37,-1,1,-215898,-9,-1,-167,-48,36285,123,31,66,0,0,0,0,0,0,0,0,-32304,0,0,0,0,0,205877,0
205503,-1102,8002,-56,39,-1,6,-215898,-5,-2,-165,-48,36285,123,31,66,0,0,0,0,0,0,0,0,-32304,0,0,0,0,0,205883,0
205508,-1090,8028,-86,45,-4,20,-215897,-7,-1,-164,-48,36289,126,31,66,0,0,0,0,0,0,0,0,-32304,0,0,0,0,0,205888,0
205513,-1064,8052,-102,43,-3,29,-215898,0,4,-164,-48,36289,126,31,66,0,0,0,0,0,0,0,0,-32304,0,0,0,0,0,205894,0
205518,-1050,8028,-94,47,-4,26,-215898,-3,0,-164,-48,36291,132,31,66,0,0,0,0,0,0,0,0,-32304,0,0,0,0,0,205899,0
205523,-1036,8054,-106,51,-6,36,-215897,0,-3,-165,-48,36291,132,31,66,0,0,0,0,0,0,0,0,-32304,0,0,0,0,0,205905,0
205528,-1006,8074,-114,52,-11,40,-215896,10,5,-166,-40,36291,131,31,66,0,0,0,0,0,0,0,0,-32304,0,0,0,0,0,205910,0
205533,-984,8072,-134,54,-13,42,-215897,6,3,-167,-40,36291,131,31,66,0,0,0,0,0,0,0,0,-32304,0,0,0,0,0,205916,0
205538,-1008,8062,-126,61,-15,48,-215898,0,-4,-165,-48,36288,132,31,66,0,0,0,0,0,0,0,0,-32304,0,0,0,0,0,205921,0
205543,-988,8088,-110,62,-18,53,-215897,0,-5,-167,-48,36288,132,31,66,0,0,0,0,0,0,0,0,-32304,0,0,0,0,0,205927,0
205548,-964,8094,-160,66,-19,66,-215897,2,1,-167,-40,36285,128,31,66,0,0,0,0,0,0,0,0,-32304,0,0,0,0,0,205932,0
205553,-992,8074,-152,69,-21,66,-215899,-4,2,-167,-48,36285,128,31,66,0,0,0,0,0,0,0,0,-32303,0,0,0,0,0,205938,0
205558,-998,8078,-204,69,-25,73,-215898,-7,-5,-165,-48,36284,123,31,66,0,0,0,0,0,0,0,0,-32304,0,0,0,0,0,205943,0
205563,-1044,8062,-184,65,-25,73,-215898,1,-2,-165,-48,36284,123,31,66,0,0,0,0,0,0,0,0,-32304,0,0,0,0,0,205949,0
205568,-1000,8050,-184,72,-20,83,-215898,3,4,-164,-48,36282,134,31,66,0,0,0,0,0,0,0,0,-32304,0,0,0,0,0,205954,0
205573,-930,8022,-194,62,-24,81,-215897,-1,1,-164,-48,36282,134,31,66,0,0,0,0,0,0,0,0,-32304,0,0,0,0,0,205959,0
205578,-900,8056,-178,63,-22,78,-215898,-5,2,-165,-48,36284,134,31,66,0,0,0,0,0,0,0,0,-32304,0,0,0,0,0,205965,0
205583,-880,8092,-212,60,-25,83,-215898,-3,2,-163,-40,36284,134,31,66,0,0,0,0,0,0,0,0,-32304,0,0,0,0,0,205970,0
205588,-838,8110,-208,61,-21,88,-215897,-4,0,-167,-40,36283,135,30,66,0,0,0,0,0,0,0,0,-32304,0,0,0,0,0,205976,0
205593,-846,8110,-216,60,-32,84,-215897,-2,-3,-165,-48,36283,135,30,66,0,0,0,0,0,0,0,0,-32304,0,0,0,0,0,205981,0
205598,-864,8104,-220,62,-30,87,-215897,-1,1,-165,-48,36283,134,31,66,0,0,0,0,0,0,0,0,-32304,0,0,0,0,0,205987,0
205603,-854,8116,-204,65,-22,84,-215898,1,1,-165,-40,36283,134,31,66,0,0,0,0,0,0,0,0,-32304,0,0,0,0,0,205992,0
205608,-822,8112,-190,58,-25,81,-215897,0,-3,-163,-48,36283,134,30,66,0,0,0,0,0,0,0,0,-32304,0,0,0,0,0,205998,0
205613,-826,8114,-190,57,-26,83,-215897,0,4,-166,-40,36283,134,30,66,0,0,0,0,0,0,0,0,-32304,0,0,0,0,0,206003,0
205618,-784,8096,-192,61,-23,81,-215897,-2,4,-165,-48,36287,131,30,66,0,0,0,0,0,0,0,0,-32304,0,0,0,0,0,206008,0
205623,-794,8136,-206,57,-28,76,-215897,-3,2,-165,-48,36287,131,30,66,0,0,0,0,0,0,0,0,-32304,0,0,0,0,0,206014,0
205628,-798,8102,-226,57,-26,77,-215897,-1,0,-162,-48,36289,128,31,66,0,0,0,0,0,0,0,0,-32304,0,0,0,0,0,206019,0
205633,-824,8092,-220,50,-27,64,-215897,0,0,-163,-40,36289,128,31,66,0,0,0,0,0,0,0,0,-32304,0,0,0,0,0,206025,0
205638,-860,8086,-216,58,-23,74,-215895,4,1,-162,-40,36291,118,30,66,0,0,0,0,0,0,0,0,-32304,0,0,0,0,0,206030,0
205643,-826,8064,-224,52,-28,70,-215896,2,5,-165,-40,36291,118,30,66,0,0,0,0,0,0,0,0,-32304,0,0,0,0,0,206036,0
205648,-1000,8088,-238,52,-28,76,-215895,8,3,-168,-40,36289,129,30,66,0,0,0,0,0,0,0,0,-32304,0,0,0,0,0,206041,0
205653,-916,8018,-170,44,-31,80,-215896,-3,-3,-162,-40,36289,129,30,66,0,0,0,0,0,0,0,0,-32304,0,0,0,0,0,206047,0
205658,-1022,7970,-228,50,-32,85,-215895,4,-2,-165,-40,36287,113,31,66,0,0,0,0,0,0,0,0,-32304,0,0,0,0,0,206052,0
205663,-1088,8032,-210,45,-33,89,-215896,0,-3,-166,-40,36287,113,31,66,0,0,0,0,0,0,0,0,-32304,0,0,0,0,0,206057,0
205668,-1068,8064,-230,51,-28,103,-215895,4,5,-163,-40,36285,109,30,66,0,0,0,0,0,0,0,0,-32304,0,0,0,0,0,206063,0
205673,-1030,8076,-208,43,-23,108,-215896,4,0,-163,-40,36285,109,30,66,0,0,0,0,0,0,0,0,-32304,0,0,0,0,0,206068,0
205678,-992,8044,-210,46,-22,112,-215895,5,2,-164,-32,36282,111,31,66,0,0,0,0,0,0,0,0,-32304,0,0,0,0,0,206074,0
205683,-938,8080,-198,49,-17,119,-215896,-3,1,-164,-40,36282,111,31,66,0,0,0,0,0,0,0,0,-32304,0,0,0,0,0,206079,0
205688,-854,8076,-208,39,-17,126,-215895,5,2,-165,-40,36283,124,31,66,0,0,0,0,0,0,0,0,-32304,0,0,0,0,0,206085,0
205693,-840,8128,-208,44,-11,123,-215894,5,1,-166,-40,36283,124,31,66,0,0,0,0,0,0,0,0,-32304,0,0,0,0,0,206090,0
205698,-826,8124,-226,36,-8,128,-215895,6,2,-167,-32,36282,133,31,66,0,0,0,0,0,0,0,0,-32304,0,0,0,0,0,206095,0
205703,-798,8134,-212,38,-6,128,-215894,5,-3,-165,-32,36282,133,31,66,0,0,0,0,0,0,0,0,-32304,0,0,0,0,0,206101,0
205708,-794,8156,-188,37,-3,125,-215895,0,-1,-166,-48,36283,135,31,66,0,0,0,0,0,0,0,0,-32304,0,0,0,0,0,206106,0
205713,-744,8154,-212,38,5,125,-215896,-3,1,-163,-48,36283,135,31,66,0,0,0,0,0,0,0,0,-32304,0,0,0,0,0,206112,0
205718,-722,8130,-220,36,9,126,-215895,0,-3,-165,-40,36286,136,31,66,0,0,0,0,0,0,0,0,-32304,0,0,0,0,0,206118,0
205723,-712,8142,-226,34,11,123,-215896,-3,-2,-165,-40,36286,136,31,66,0,0,0,0,0,0,0,0,-32304,0,0,0,0,0,206123,0
205728,-746,8118,-206,24,12,123,-215895,0,0,-163,-40,36287,135,30,66,0,0,0,0,0,0,0,0,-32304,0,0,0,0,0,206128,0
205733,-778,8116,-214,30,14,119,-215895,1,0,-166,-40,36287,135,30,66,0,0,0,0,0,0,0,0,-32304,0,0,0,0,0,206134,0
205738,-816,8094,-178,17,17,122,-215896,-1,1,-165,-40,36286,139,30,66,0,0,0,0,0,0,0,0,-32304,0,0,0,0,0,206139,0
205743,-872,8076,-176,28,11,118,-215895,-2,-2,-167,-40,36286,139,30,66,0,0,0,0,0,0,0,0,-32304,0,0,0,0,0,206145,0
205748,-942,8060,-140,30,8,123,-215896,-6,6,-167,-40,36283,133,31,66,0,0,0,0,0,0,0,0,-32304,0,0,0,0,0,206150,0
205753,-950,8044,-134,27,2,128,-215896,1,3,-167,-40,36283,133,31,66,0,0,0,0,0,0,0,0,-32304,0,0,0,0,0,206155,0
205758,-916,8048,-150,29,4,128,-215895,4,1,-165,-40,36283,137,31,66,0,0,0,0,0,0,0,0,-32304,0,0,0,0,0,206161,0
205763,-920,8086,-150,30,1,128,-215897,-8,-1,-167,-40,36283,137,31,66,0,0,0,0,0,0,0,0,-32304,0,0,0,0,0,206166,0
205768,-834,8100,-116,36,2,137,-215895,4,0,-166,-40,36282,130,31,66,0,0,0,0,0,0,0,0,-32304,0,0,0,0,0,206172,0
205773,-824,8164,-112,27,3,141,-215895,-3,2,-163,-40,36282,130,31,66,0,0,0,0,0,0,0,0,-32304,0,0,0,0,0,206177,0
205778,-750,8170,-116,37,1,140,-215894,12,4,-163,-40,36282,128,31,66,0,0,0,0,0,0,0,0,-32304,0,0,0,0,0,206183,0
205783,-740,8154,-104,40,6,139,-215895,2,2,-166,-40,36282,128,31,66,0,0,0,0,0,0,0,0,-32304,0,0,0,0,0,206188,0
205788,-716,8118,-126,38,8,138,-215894,8,4,-165,-40,36283,125,31,66,0,0,0,0,0,0,0,0,-32304,0,0,0,0,0,206193,0
205793,-716,8118,-98,40,9,133,-215895,2,1,-166,-40,36283,125,31,66,0,0,0,0,0,0,0,0,-32304,0,0,0,0,0,206199,0
205798,-694,8134,-104,44,7,140,-215896,-1,0,-166,-40,36284,125,31,66,0,0,0,0,0,0,0,0,-32304,0,0,0,0,0,206204,0
205803,-690,8146,-118,38,11,131,-215895,1,1,-166,-40,36284,125,31,66,0,0,0,0,0,0,0,0,-32304,0,0,0,0,0,206210,0
205808,-722,8112,-120,41,9,128,-215896,-5,1,-163,-40,36283,125,31,66,0,0,0,0,0,0,0,0,-32304,0,0,0,0,0,206215,0
205813,-700,8106,-126,42,9,126,-215896,-1,0,-165,-40,36283,125,31,66,0,0,0,0,0,0,0,0,-32305,0,0,0,0,0,206220,0
205818,-716,8120,-96,38,11,125,-215895,-2,0,-167,-40,36283,131,31,66,0,0,0,0,0,0,0,0,-32304,0,0,0,0,0,206226,0
205823,-710,8116,-126,45,6,124,-215897,-3,0,-165,-40,36283,131,31,66,0,0,0,0,0,0,0,0,-32305,0,0,0,0,0,206231,0
205828,-674,8124,-140,50,4,117,-215896,0,-5,-163,-40,36288,124,31,66,0,0,0,0,0,0,0,0,-32304,0,0,0,0,0,206237,0
205833,-638,8154,-128,51,2,112,-215896,-3,0,-164,-32,36288,124,31,66,0,0,0,0,0,0,0,0,-32304,0,0,0,0,0,206243,0
205838,-652,8134,-136,44,-8,110,-215895,2,3,-164,-40,36289,126,31,66,0,0,0,0,0,0,0,0,-32304,0,0,0,0,0,206248,0
205843,-666,8126,-136,52,-6,109,-215895,-6,1,-167,-40,36289,126,31,66,0,0,0,0,0,0,0,0,-32304,0,0,0,0,0,206253,0
205848,-612,8170,-152,51,-8,99,-215896,0,-1,-169,-40,36287,122,31,66,0,0,0,0,0,0,0,0,-32305,0,0,0,0,0,206259,0
205853,-610,8168,-146,54,-7,98,-215895,1,0,-165,-48,36287,122,31,66,0,0,0,0,0,0,0,0,-32304,0,0,0,0,0,206264,0
205858,-646,8142,-136,54,-10,94,-215896,-6,1,-166,-40,36283,114,30,66,0,0,0,0,0,0,0,0,-32304,0,0,0,0,0,206270,0
205863,-618,8154,-126,56,-5,93,-215895,-5,2,-163,-40,36283,114,30,66,0,0,0,0,0,0,0,0,-32304,0,0,0,0,0,206275,0
205868,-596,8130,-154,51,-4,85,-215895,4,-3,-165,-48,36284,123,30,66,0,0,0,0,0,0,0,0,-32304,0,0,0,0,0,206281,0
205873,-602,8144,-148,50,-1,78,-215894,4,3,-167,-48,36284,123,30,66,0,0,0,0,0,0,0,0,-32304,0,0,0,0,0,206286,0
205878,-586,8156,-128,52,7,78,-215895,1,3,-166,-40,36286,133,31,66,0,0,0,0,0,0,0,0,-32304,0,0,0,0,0,206291,0
205883,-592,8136,-164,55,9,70,-215896,-1,1,-166,-40,36286,133,31,66,0,0,0,0,0,0,0,0,-32305,0,0,0,0,0,206297,0
205888,-616,8134,-148,53,14,64,-215896,6,2,-165,-40,36287,131,30,66,0,0,0,0,0,0,0,0,-32305,0,0,0,0,0,206302,0
205893,-632,8114,-154,46,20,64,-215896,-3,-2,-166,-40,36287,131,30,66,0,0,0,0,0,0,0,0,-32304,0,0,0,0,0,206308,0
205898,-634,8144,-148,47,20,59,-215896,-1,5,-165,-40,36285,129,31,66,0,0,0,0,0,0,0,0,-32304,0,0,0,0,0,206313,0
205903,-674,8094,-168,51,23,53,-215895,0,1,-167,-40,36285,129,31,66,0,0,0,0,0,0,0,0,-32305,0,0,0,0,0,206319,0
205908,-702,8134,-128,51,20,53,-215896,-2,1,-165,-40,36286,126,31,66,0,0,0,0,0,0,0,0,-32304,0,0,0,0,0,206324,0
205913,-704,8122,-106,47,19,46,-215896,1,-3,-167,-40,36286,126,31,66,0,0,0,0,0,0,0,0,-32304,0,0,0,0,0,206330,0
205918,-710,8134,-128,51,16,50,-215895,4,2,-166,-48,36283,118,31,66,0,0,0,0,0,0,0,0,-32304,0,0,0,0,0,206335,0
205923,-696,8122,-106,54,10,50,-215895,2,1,-165,-40,36283,118,31,66,0,0,0,0,0,0,0,0,-32304,0,0,0,0,0,206341,0
205928,-766,8078,-98,59,-3,41,-215897,-6,-1,-164,-40,36287,127,31,66,0,0,0,0,0,0,0,0,-32304,0,0,0,0,0,206346,0
205933,-754,8092,-72,56,-2,43,-215896,-3,-2,-166,-40,36287,127,31,66,0,0,0,0,0,0,0,0,-32304,0,0,0,0,0,206351,0
205938,-738,8080,-66,64,-4,40,-215896,0,-1,-164,-40,36287,123,31,66,0,0,0,0,0,0,0,0,-32304,0,0,0,0,0,206357,0
205943,-798,8090,-64,65,-9,41,-215895,0,1,-166,-40,36287,123,31,66,0,0,0,0,0,0,0,0,-32304,0,0,0,0,0,206362,0
205948,-716,8082,-34,71,-16,43,-215896,3,0,-167,-40,36287,129,31,66,0,0,0,0,0,0,0,0,-32304,0,0,0,0,0,206368,0
205953,-730,8112,-46,75,-20,42,-215896,-1,-4,-165,-40,36287,129,31,66,0,0,0,0,0,0,0,0,-32304,0,0,0,0,0,206373,0
205958,-688,8108,-38,79,-22,39,-215896,-1,0,-163,-40,36281,134,31,66,0,0,0,0,0,0,0,0,-32304,0,0,0,0,0,206379,0
205963,-698,8116,-24,79,-22,36,-215896,0,0,-166,-40,36281,134,31,66,0,0,0,0,0,0,0,0,-32304,0,0,0,0,0,206384,0
205968,-658,8148,-48,91,-23,35,-215894,7,4,-166,-48,36282,126,31,66,0,0,0,0,0,0,0,0,-32304,0,0,0,0,0,206389,0
205973,-642,8142,-44,90,-19,30,-215895,5,2,-166,-48,36282,126,31,66,0,0,0,0,0,0,0,0,-32304,0,0,0,0,0,206395,0
205978,-618,8146,-52,91,-19,30,-215896,-1,-1,-165,-32,36281,122,31,66,0,0,0,0,0,0,0,0,-32304,0,0,0,0,0,206400,0
205983,-584,8128,-60,91,-20,24,-215896,-3,2,-164,-48,36281,122,31,66,0,0,0,0,0,0,0,0,-32304,0,0,0,0,0,206406,0
205988,-584,8156,-78,99,-9,18,-215895,0,1,-165,-48,36281,116,31,66,0,0,0,0,0,0,0,0,-32305,0,0,0,0,0,206411,0
205993,-568,8162,-84,98,-11,17,-215895,0,0,-166,-40,36281,116,31,66,0,0,0,0,0,0,0,0,-32304,0,0,0,0,0,206417,0
205998,-602,8132,-110,101,-10,13,-215896,-4,1,-164,-40,36281,116,31,66,0,0,0,0,0,0,0,0,-32304,0,0,0,0,0,206422,0
206003,-620,8154,-100,103,-7,12,-215896,1,-4,-164,-40,36281,116,31,66,0,0,0,0,0,0,0,0,-32304,0,0,0,0,0,206428,0
206008,-674,8146,-134,101,-5,7,-215896,-2,0,-163,-40,36281,125,31,66,0,0,0,0,0,0,0,0,-32304,0,0,0,0,0,206433,0
206013,-722,8128,-152,104,-8,3,-215895,2,6,-167,-40,36281,125,31,66,0,0,0,0,0,0,0,0,-32304,0,0,0,0,0,206439,0
206018,-732,8110,-140,102,-5,7,-215895,0,1,-165,-40,36282,137,31,66,0,0,0,0,0,0,0,0,-32305,0,0,0,0,0,206444,0
206023,-754,8092,-172,101,-6,6,-215895,4,2,-166,-48,36282,137,31,66,0,0,0,0,0,0,0,0,-32304,0,0,0,0,0,206450,0
206028,-786,8082,-180,104,-3,9,-215896,-4,0,-164,-48,36282,136,30,66,0,0,0,0,0,0,0,0,-32304,0,0,0,0,0,206455,0
206033,-852,8094,-230,100,-10,14,-215895,0,1,-164,-40,36282,136,30,66,0,0,0,0,0,0,0,0,-32304,0,0,0,0,0,206460,0
206038,-840,8082,-184,106,-8,11,-215896,-2,0,-164,-40,36285,136,30,66,0,0,0,0,0,0,0,0,-32304,0,0,0,0,0,206467,0
206043,-874,8078,-220,105,-10,19,-215896,3,2,-166,-40,36285,136,30,66,0,0,0,0,0,0,0,0,-32304,0,0,0,0,0,206472,0
206048,-878,8100,-216,97,-8,24,-215895,-1,-1,-167,-40,36286,139,31,66,0,0,0,0,0,0,0,0,-32304,0,0,0,0,0,206478,0
206053,-884,8080,-212,95,-9,26,-215895,3,-1,-167,-48,36286,139,31,66,0,0,0,0,0,0,0,0,-32304,0,0,0,0,0,206483,0
206058,-902,8076,-210,97,-7,29,-215895,5,-1,-165,-48,36286,134,31,66,0,0,0,0,0,0,0,0,-32304,0,0,0,0,0,206488,0
206063,-882,8074,-202,94,-3,37,-215895,7,2,-166,-48,36286,134,31,66,0,0,0,0,0,0,0,0,-32304,0,0,0,0,0,206494,0
206068,-896,8092,-214,89,-3,43,-215896,3,2,-164,-40,36281,137,31,66,0,0,0,0,0,0,0,0,-32304,0,0,0,0,0,206499,0
206073,-932,8060,-210,87,-2,46,-215894,2,5,-166,-40,36281,137,31,66,0,0,0,0,0,0,0,0,-32304,0,0,0,0,0,206505,0
206078,-920,8096,-224,88,-4,53,-215896,3,-2,-164,-40,36281,129,30,66,0,0,0,0,0,0,0,0,-32304,0,0,0,0,0,206510,0
206083,-890,8078,-218,85,-1,56,-215894,11,2,-165,-40,36281,129,30,66,0,0,0,0,0,0,0,0,-32304,0,0,0,0,0,206516,0
206088,-874,8094,-198,80,-5,68,-215895,0,0,-166,-32,36281,132,30,66,0,0,0,0,0,0,0,0,-32304,0,0,0,0,0,206521,0
206093,-860,8088,-200,81,-8,68,-215896,-2,0,-166,-40,36281,132,30,66,0,0,0,0,0,0,0,0,-32304,0,0,0,0,0,206527,0
206098,-822,8090,-200,83,-6,69,-215897,-9,-5,-165,-40,36280,137,31,66,0,0,0,0,0,0,0,0,-32305,0,0,0,0,0,206532,0
206103,-786,8114,-186,87,-6,66,-215894,7,1,-165,-40,36280,137,31,66,0,0,0,0,0,0,0,0,-32304,0,0,0,0,0,206538,0
206108,-780,8088,-182,76,-11,69,-215896,1,-3,-166,-48,36280,134,31,66,0,0,0,0,0,0,0,0,-32304,0,0,0,0,0,206543,0
206113,-794,8098,-198,84,-15,70,-215895,6,5,-167,-40,36280,134,31,66,0,0,0,0,0,0,0,0,-32304,0,0,0,0,0,206549,0
206118,-732,8118,-154,76,-13,78,-215896,4,2,-165,-40,36282,136,31,66,0,0,0,0,0,0,0,0,-32304,0,0,0,0,0,206554,0
206123,-708,8098,-194,79,-16,72,-215896,5,2,-164,-32,36282,136,31,66,0,0,0,0,0,0,0,0,-32304,0,0,0,0,0,206559,0
206128,-718,8116,-140,72,-22,69,-215896,-6,2,-166,-40,36286,134,31,66,0,0,0,0,0,0,0,0,-32304,0,0,0,0,0,206565,0
206133,-744,8084,-156,85,-19,72,-215896,1,1,-162,-32,36286,134,31,66,0,0,0,0,0,0,0,0,-32304,0,0,0,0,0,206570,0
206138,-740,8102,-144,83,-31,74,-215894,-1,0,-165,-40,36288,129,31,66,0,0,0,0,0,0,0,0,-32305,0,0,0,0,0,206576,0
206143,-738,8124,-106,82,-23,70,-215895,4,-1,-167,-40,36288,129,31,66,0,0,0,0,0,0,0,0,-32304,0,0,0,0,0,206581,0
206148,-750,8082,-134,86,-23,71,-215895,-1,-6,-170,-40,36286,123,31,66,0,0,0,0,0,0,0,0,-32304,0,0,0,0,0,206587,0
206153,-750,8108,-102,87,-15,77,-215895,9,1,-167,-40,36286,123,31,66,0,0,0,0,0,0,0,0,-32305,0,0,0,0,0,206592,0
206158,-722,8120,-94,83,-18,75,-215895,3,0,-167,-40,36284,120,31,66,0,0,0,0,0,0,0,0,-32304,0,0,0,0,0,206597,0
206163,-698,8124,-94,86,-12,73,-215898,-10,-3,-165,-40,36284,120,31,66,0,0,0,0,0,0,0,0,-32304,0,0,0,0,0,206603,0
206168,-676,8106,-118,86,-7,76,-215897,-7,-3,-164,-40,36284,117,31,66,0,0,0,0,0,0,0,0,-32304,0,0,0,0,0,206608,0
206173,-688,8108,-78,89,-7,77,-215896,2,-1,-165,-40,36284,117,31,66,0,0,0,0,0,0,0,0,-32304,0,0,0,0,0,206614,0
206178,-660,8130,-78,91,-11,71,-215897,-8,-3,-165,-40,36282,132,30,66,0,0,0,0,0,0,0,0,-32304,0,0,0,0,0,206620,0
206183,-666,8084,-88,96,0,75,-215895,2,1,-165,-40,36282,132,30,66,0,0,0,0,0,0,0,0,-32304,0,0,0,0,0,206625,0
206188,-664,8136,-66,97,-6,73,-215897,-7,0,-165,-40,36283,129,31,66,0,0,0,0,0,0,0,0,-32304,0,0,0,0,0,206630,0
206193,-690,8164,-128,100,-5,74,-215894,5,3,-168,-40,36283,129,31,66,0,0,0,0,0,0,0,0,-32304,0,0,0,0,0,206636,0
206198,-600,8114,-14,103,0,73,-215895,-1,0,-166,-40,36281,125,31,66,0,0,0,0,0,0,0,0,-32304,0,0,0,0,0,206641,0
206203,-666,8060,-80,100,1,68,-215895,1,3,-166,-40,36281,125,31,66,0,0,0,0,0,0,0,0,-32304,0,0,0,0,0,206647,0
206208,-692,8104,-74,108,6,66,-215897,-10,-7,-165,-48,36283,129,31,66,0,0,0,0,0,0,0,0,-32304,0,0,0,0,0,206652,0
206213,-690,8104,-116,116,-1,61,-215894,4,5,-166,-40,36283,129,31,66,0,0,0,0,0,0,0,0,-32304,0,0,0,0,0,206657,0
206218,-650,8094,-118,112,4,66,-215896,-2,-5,-166,-40,36282,129,31,66,0,0,0,0,0,0,0,0,-32304,0,0,0,0,0,206663,0
206223,-716,8094,-114,112,-5,61,-215896,0,0,-164,-48,36282,129,31,66,0,0,0,0,0,0,0,0,-32304,0,0,0,0,0,206668,0
206228,-750,8084,-126,116,-8,64,-215895,1,1,-163,-40,36280,133,30,66,0,0,0,0,0,0,0,0,-32305,0,0,0,0,0,206674,0
206233,-792,8076,-110,119,-11,62,-215896,3,-3,-163,-40,36280,133,30,66,0,0,0,0,0,0,0,0,-32304,0,0,0,0,0,206679,0
206238,-840,8084,-178,126,-10,70,-215896,0,0,-163,-40,36281,138,31,66,0,0,0,0,0,0,0,0,-32304,0,0,0,0,0,206685,0
206243,-786,8060,-90,120,-10,69,-215896,-3,3,-167,-40,36281,138,31,66,0,0,0,0,0,0,0,0,-32304,0,0,0,0,0,206690,0
206248,-884,8054,-136,128,-15,69,-215896,2,2,-167,-40,36283,130,31,66,0,0,0,0,0,0,0,0,-32305,0,0,0,0,0,206695,0
206253,-814,8078,-148,126,-16,76,-215895,8,2,-164,-40,36283,130,31,66,0,0,0,0,0,0,0,0,-32304,0,0,0,0,0,206701,0
206258,-784,8076,-198,128,-17,78,-215895,4,0,-167,-40,36283,132,31,66,0,0,0,0,0,0,0,0,-32304,0,0,0,0,0,206706,0
206263,-770,8098,-182,126,-19,80,-215895,2,0,-166,-40,36283,132,31,66,0,0,0,0,0,0,0,0,-32304,0,0,0,0,0,206712,0
206268,-702,8110,-188,130,-19,79,-215896,2,-6,-165,-48,36282,132,31,66,0,0,0,0,0,0,0,0,-32304,0,0,0,0,0,206717,0
206273,-690,8136,-206,122,-14,81,-215895,6,-3,-168,-48,36282,132,31,66,0,0,0,0,0,0,0,0,-32304,0,0,0,0,0,206723,0
206278,-694,8124,-168,122,-20,81,-215896,0,0,-166,-40,36280,129,31,66,0,0,0,0,0,0,0,0,-32304,0,0,0,0,0,206728,0
206283,-750,8144,-246,133,-22,83,-215896,-1,-1,-165,-40,36280,129,31,66,0,0,0,0,0,0,0,0,-32304,0,0,0,0,0,206734,0
206288,-742,8128,-202,125,-20,81,-215896,0,-5,-164,-40,36280,134,31,66,0,0,0,0,0,0,0,0,-32304,0,0,0,0,0,206739,0
206293,-734,8140,-208,126,-15,88,-215896,-2,-2,-165,-40,36280,134,31,66,0,0,0,0,0,0,0,0,-32304,0,0,0,0,0,206745,0
206298,-754,8112,-234,126,-20,89,-215895,0,-4,-169,-48,36281,132,31,66,0,0,0,0,0,0,0,0,-32304,0,0,0,0,0,206750,0
206303,-764,8116,-250,123,-12,93,-215896,2,-2,-165,-40,36281,132,31,66,0,0,0,0,0,0,0,0,-32304,0,0,0,0,0,206756,0
206308,-798,8088,-252,116,-15,93,-215896,3,2,-164,-40,36281,133,31,66,0,0,0,0,0,0,0,0,-32304,0,0,0,0,0,206761,0
206313,-838,8074,-246,121,-14,99,-215896,2,-6,-164,-40,36281,133,31,66,0,0,0,0,0,0,0,0,-32305,0,0,0,0,0,206766,0
206318,-808,8064,-252,116,-18,99,-215897,-6,-1,-165,-48,36281,133,31,66,0,0,0,0,0,0,0,0,-32304,0,0,0,0,0,206772,0
206323,-802,8044,-232,123,-24,106,-215896,-6,-1,-165,-48,36281,133,31,66,0,0,0,0,0,0,0,0,-32304,0,0,0,0,0,206777,0
206328,-866,8072,-220,117,-17,114,-215897,-3,1,-164,-40,36281,128,31,66,0,0,0,0,0,0,0,0,-32305,0,0,0,0,0,206783,0
206333,-832,8086,-238,121,-22,116,-215897,-3,2,-164,-48,36281,128,31,66,0,0,0,0,0,0,0,0,-32304,0,0,0,0,0,206788,0
206338,-798,8086,-250,116,-20,117,-215896,4,-3,-163,-48,36279,121,31,66,0,0,0,0,0,0,0,0,-32305,0,0,0,0,0,206794,0
206343,-740,8110,-252,116,-21,126,-215895,6,1,-166,-40,36279,121,31,66,0,0,0,0,0,0,0,0,-32305,0,0,0,0,0,206799,0
206348,-684,8136,-230,115,-21,123,-215896,0,5,-168,-40,36281,129,31,66,0,0,0,0,0,0,0,0,-32304,0,0,0,0,0,206804,0
206353,-694,8136,-240,108,-23,125,-215896,-6,0,-166,-40,36281,129,31,66,0,0,0,0,0,0,0,0,-32304,0,0,0,0,0,206810,0
206358,-646,8110,-232,106,-22,126,-215895,4,-3,-164,-40,36286,126,31,66,0,0,0,0,0,0,0,0,-32304,0,0,0,0,0,206815,0
206363,-660,8166,-224,107,-17,125,-215896,2,-5,-165,-40,36286,126,31,66,0,0,0,0,0,0,0,0,-32304,0,0,0,0,0,206821,0
206368,-594,8176,-228,109,-19,124,-215897,2,0,-163,-48,36288,125,31,66,0,0,0,0,0,0,0,0,-32304,0,0,0,0,0,206827,0
206373,-618,8170,-246,106,-17,122,-215895,4,-2,-165,-40,36288,125,31,66,0,0,0,0,0,0,0,0,-32304,0,0,0,0,0,206832,0
206378,-590,8168,-236,98,-24,123,-215897,-5,0,-164,-40,36289,125,31,66,0,0,0,0,0,0,0,0,-32304,0,0,0,0,0,206837,0
206383,-620,8132,-240,99,-19,123,-215898,-6,0,-165,-40,36289,125,31,66,0,0,0,0,0,0,0,0,-32304,0,0,0,0,0,206843,0
206388,-624,8116,-260,103,-19,121,-215896,-1,-4,-165,-48,36285,120,31,66,0,0,0,0,0,0,0,0,-32304,0,0,0,0,0,206848,0
206393,-630,8094,-250,100,-21,121,-215897,5,0,-166,-40,36285,120,31,66,0,0,0,0,0,0,0,0,-32304,0,0,0,0,0,206854,0
206398,-628,8128,-260,104,-22,121,-215896,1,3,-168,-40,36283,130,31,66,0,0,0,0,0,0,0,0,-32304,0,0,0,0,0,206859,0
206403,-602,8158,-244,101,-21,115,-215896,9,1,-167,-40,36283,130,31,66,0,0,0,0,0,0,0,0,-32305,0,0,0,0,0,206865,0
206408,-588,8136,-258,98,-26,111,-215898,-9,-1,-166,-40,36279,139,31,66,0,0,0,0,0,0,0,0,-32305,0,0,0,0,0,206871,0
206413,-562,8154,-282,99,-23,108,-215896,-2,2,-167,-40,36279,139,31,66,0,0,0,0,0,0,0,0,-32304,0,0,0,0,0,206875,0
206418,-556,8156,-266,93,-30,108,-215896,4,-5,-165,-40,36279,131,30,66,0,0,0,0,0,0,0,0,-32304,0,0,0,0,0,206881,0
206423,-520,8184,-282,97,-24,103,-215896,-3,3,-165,-40,36279,131,30,66,0,0,0,0,0,0,0,0,-32304,0,0,0,0,0,206887,0
206428,-518,8180,-334,84,-32,98,-215896,3,-6,-161,-40,36279,120,30,66,0,0,0,0,0,0,0,0,-32305,0,0,0,0,0,206892,0
206433,-518,8140,-338,85,-32,90,-215895,6,-1,-165,-40,36279,120,30,66,0,0,0,0,0,0,0,0,-32304,0,0,0,0,0,206897,0
206438,-504,8200,-326,78,-29,89,-215896,-1,3,-165,-40,36281,117,31,66,0,0,0,0,0,0,0,0,-32304,0,0,0,0,0,206903,0
206443,-476,8178,-332,79,-30,83,-215895,1,0,-165,-40,36281,117,31,66,0,0,0,0,0,0,0,0,-32305,0,0,0,0,0,206908,0
206448,-464,8238,-368,68,-33,72,-215896,-2,-3,-165,-48,36279,118,31,66,0,0,0,0,0,0,0,0,-32304,0,0,0,0,0,206914,0
206453,-426,8214,-362,71,-36,64,-215896,-2,-4,-167,-40,36279,118,31,66,0,0,0,0,0,0,0,0,-32304,0,0,0,0,0,206919,0
206458,-396,8212,-374,59,-40,57,-215897,0,-4,-165,-40,36281,136,31,66,0,0,0,0,0,0,0,0,-32304,0,0,0,0,0,206925,0
206463,-412,8206,-388,58,-40,56,-215896,-1,0,-167,-40,36281,136,31,66,0,0,0,0,0,0,0,0,-32304,0,0,0,0,0,206930,0
206468,-438,8190,-376,48,-47,43,-215897,-5,0,-165,-40,36282,123,31,66,0,0,0,0,0,0,0,0,-32304,0,0,0,0,0,206936,0
206473,-464,8170,-388,41,-40,38,-215896,2,3,-165,-40,36282,123,31,66,0,0,0,0,0,0,0,0,-32304,0,0,0,0,0,206941,0
206478,-450,8184,-382,46,-40,29,-215897,0,1,-163,-40,36282,128,31,66,0,0,0,0,0,0,0,0,-32304,0,0,0,0,0,206946,0
206483,-476,8190,-386,39,-42,24,-215897,-6,-3,-163,-48,36282,128,31,66,0,0,0,0,0,0,0,0,-32304,0,0,0,0,0,206952,0
206488,-452,8190,-390,32,-31,15,-215896,0,-1,-163,-40,36278,122,31,66,0,0,0,0,0,0,0,0,-32304,0,0,0,0,0,206957,0
206493,-470,8202,-368,28,-37,15,-215896,6,2,-166,-40,36278,122,31,66,0,0,0,0,0,0,0,0,-32304,0,0,0,0,0,206963,0
206498,-460,8202,-396,14,-33,8,-215898,-4,5,-169,-40,36277,123,31,66,0,0,0,0,0,0,0,0,-32305,0,0,0,0,0,206968,0
206503,-438,8190,-378,18,-26,1,-215897,0,-1,-168,-48,36277,123,31,66,0,0,0,0,0,0,0,0,-32304,0,0,0,0,0,206974,0
206508,-492,8178,-310,16,-18,-12,-215897,0,0,-165,-40,36276,123,31,66,0,0,0,0,0,0,0,0,-32304,0,0,0,0,0,206979,0
206513,-520,8168,-326,3,-18,-4,-215897,-1,4,-166,-40,36276,123,31,66,0,0,0,0,0,0,0,0,-32304,0,0,0,0,0,206984,0
206518,-500,8188,-308,0,-18,-13,-215896,0,-2,-164,-40,36275,128,31,66,0,0,0,0,0,0,0,0,-32304,0,0,0,0,0,206990,0
206523,-520,8138,-260,-3,-11,-17,-215897,4,4,-167,-40,36275,128,31,66,0,0,0,0,0,0,0,0,-32305,0,0,0,0,0,206995,0
206528,-538,8130,-290,-14,-6,-22,-215897,-3,-1,-165,-48,36275,132,31,66,0,0,0,0,0,0,0,0,-32304,0,0,0,0,0,207001,0
206533,-568,8144,-228,-6,5,-27,-215896,2,1,-166,-40,36275,132,31,66,0,0,0,0,0,0,0,0,-32305,0,0,0,0,0,207007,0
206538,-572,8150,-246,-12,3,-29,-215897,0,0,-165,-40,36275,136,31,66,0,0,0,0,0,0,0,0,-32304,0,0,0,0,0,207012,0
206543,-590,8156,-226,-12,6,-28,-215896,4,1,-165,-48,36275,136,31,66,0,0,0,0,0,0,0,0,-32304,0,0,0,0,0,207017,0
206548,-574,8136,-176,-10,2,-36,-215897,0,-3,-167,-48,36278,134,31,66,0,0,0,0,0,0,0,0,-32304,0,0,0,0,0,207023,0
206553,-596,8138,-184,-15,4,-30,-215897,-1,-1,-167,-40,36278,134,31,66,0,0,0,0,0,0,0,0,-32304,0,0,0,0,0,207028,0
206558,-604,8138,-148,-8,-2,-42,-215897,-1,-4,-165,-40,36281,120,31,66,0,0,0,0,0,0,0,0,-32304,0,0,0,0,0,207034,0
206563,-572,8124,-142,-6,3,-39,-215897,-1,2,-166,-48,36281,120,31,66,0,0,0,0,0,0,0,0,-32304,0,0,0,0,0,207039,0
206568,-586,8104,-126,-8,4,-43,-215896,1,1,-166,-40,36282,128,31,66,0,0,0,0,0,0,0,0,-32304,0,0,0,0,0,207045,0
206573,-600,8126,-86,-4,-4,-44,-215897,3,4,-166,-40,36282,128,31,66,0,0,0,0,0,0,0,0,-32304,0,0,0,0,0,207050,0
206578,-638,8126,-68,-1,-6,-47,-215896,-1,0,-165,-40,36281,122,31,66,0,0,0,0,0,0,0,0,-32304,0,0,0,0,0,207055,0
206583,-624,8130,-70,2,-7,-46,-215897,-5,0,-163,-48,36281,122,31,66,0,0,0,0,0,0,0,0,-32305,0,0,0,0,0,207061,0
206588,-648,8106,-50,11,-16,-46,-215897,0,-1,-164,-48,36278,122,31,66,0,0,0,0,0,0,0,0,-32304,0,0,0,0,0,207066,0
206593,-618,8114,-28,18,-16,-48,-215897,1,0,-164,-48,36278,122,31,66,0,0,0,0,0,0,0,0,-32304,0,0,0,0,0,207072,0
206598,-642,8134,-52,24,-15,-53,-215897,-3,-1,-166,-48,36288,122,31,66,0,0,0,0,0,0,0,0,-32304,0,0,0,0,0,207077,0
206603,-590,8116,-66,19,-14,-55,-215898,-8,2,-166,-48,36288,122,31,66,0,0,0,0,0,0,0,0,-32304,0,0,0,0,0,207083,0
206608,-562,8154,-28,31,-23,-58,-215896,5,-1,-166,-48,36295,128,31,66,0,0,0,0,0,0,0,0,-32304,0,0,0,0,0,207088,0
206613,-584,8154,-56,32,-15,-58,-215897,-3,2,-165,-48,36295,128,31,66,0,0,0,0,0,0,0,0,-32304,0,0,0,0,0,207094,0
206618,-548,8168,-30,34,-18,-63,-215897,0,1,-164,-48,36298,123,30,66,0,0,0,0,0,0,0,0,-32304,0,0,0,0,0,207099,0
206623,-512,8210,-46,38,-21,-68,-215897,-3,-1,-163,-48,36298,123,30,66,0,0,0,0,0,0,0,0,-32304,0,0,0,0,0,207105,0
206628,-562,8166,-56,48,-14,-71,-215897,-6,2,-164,-48,36288,124,30,66,0,0,0,0,0,0,0,0,-32304,0,0,0,0,0,207110,0
206633,-614,8128,-60,51,-20,-73,-215896,1,-2,-164,-40,36288,124,30,66,0,0,0,0,0,0,0,0,-32304,0,0,0,0,0,207116,0
206638,-660,8100,-62,49,-20,-74,-215897,5,2,-164,-40,36280,117,31,66,0,0,0,0,0,0,0,0,-32304,0,0,0,0,0,207121,0
206643,-670,8078,-38,55,-18,-68,-215896,5,-1,-165,-40,36280,117,31,66,0,0,0,0,0,0,0,0,-32304,0,0,0,0,0,207126,0
206648,-772,8044,-72,55,-20,-73,-215898,-3,0,-168,-40,36278,129,31,66,0,0,0,0,0,0,0,0,-32304,0,0,0,0,0,207132,0
206653,-770,8042,-64,62,-22,-71,-215897,-1,0,-165,-40,36278,129,31,66,0,0,0,0,0,0,0,0,-32304,0,0,0,0,0,207137,0
206658,-790,8032,-84,63,-22,-71,-215896,2,-2,-166,-40,36278,134,31,66,0,0,0,0,0,0,0,0,-32305,0,0,0,0,0,207143,0
206663,-790,8050,-80,65,-25,-70,-215897,1,0,-166,-40,36278,134,31,66,0,0,0,0,0,0,0,0,-32304,0,0,0,0,0,207148,0
206668,-762,8086,-96,69,-27,-67,-215898,0,-1,-164,-48,36284,127,30,66,0,0,0,0,0,0,0,0,-32304,0,0,0,0,0,207153,0
206673,-740,8094,-84,65,-25,-61,-215897,1,-5,-164,-48,36284,127,30,66,0,0,0,0,0,0,0,0,-32304,0,0,0,0,0,207159,0
206678,-752,8096,-134,75,-27,-62,-215897,-3,1,-163,-48,36285,128,30,66,0,0,0,0,0,0,0,0,-32304,0,0,0,0,0,207164,0
206683,-730,8118,-134,71,-22,-57,-215898,0,2,-163,-40,36285,128,30,66,0,0,0,0,0,0,0,0,-32305,0,0,0,0,0,207170,0
206688,-762,8108,-150,79,-26,-52,-215897,-2,1,-165,-48,36287,133,31,66,0,0,0,0,0,0,0,0,-32304,0,0,0,0,0,207175,0
206693,-772,8096,-114,74,-27,-54,-215897,-8,-4,-166,-40,36287,133,31,66,0,0,0,0,0,0,0,0,-32304,0,0,0,0,0,207181,0
206698,-772,8078,-128,81,-28,-52,-215897,3,1,-164,-48,36280,128,31,66,0,0,0,0,0,0,0,0,-32304,0,0,0,0,0,207186,0
206703,-778,8100,-152,82,-30,-48,-215898,0,2,-166,-48,36280,128,31,66,0,0,0,0,0,0,0,0,-32305,0,0,0,0,0,207192,0
206708,-788,8060,-170,80,-25,-44,-215897,2,-1,-165,-48,36278,128,31,66,0,0,0,0,0,0,0,0,-32304,0,0,0,0,0,207197,0
206713,-784,8080,-180,79,-25,-40,-215897,0,3,-167,-40,36278,128,31,66,0,0,0,0,0,0,0,0,-32304,0,0,0,0,0,207203,0
206718,-818,8092,-180,74,-30,-38,-215897,-4,3,-164,-48,36280,128,31,66,0,0,0,0,0,0,0,0,-32304,0,0,0,0,0,207208,0
206723,-788,8100,-226,84,-25,-35,-215897,0,-5,-163,-48,36280,128,31,66,0,0,0,0,0,0,0,0,-32304,0,0,0,0,0,207214,0
206728,-774,8110,-218,80,-20,-32,-215896,8,0,-164,-48,36281,123,31,66,0,0,0,0,0,0,0,0,-32304,0,0,0,0,0,207219,0
206733,-742,8114,-222,76,-21,-32,-215897,1,-3,-164,-48,36281,123,31,66,0,0,0,0,0,0,0,0,-32304,0,0,0,0,0,207224,0
206738,-778,8100,-224,76,-20,-31,-215897,1,2,-165,-48,36281,134,31,66,0,0,0,0,0,0,0,0,-32304,0,0,0,0,0,207230,0
206743,-758,8094,-230,74,-18,-28,-215897,5,-2,-165,-40,36281,134,31,66,0,0,0,0,0,0,0,0,-32304,0,0,0,0,0,207235,0
206748,-808,8118,-220,68,-22,-22,-215897,-2,-4,-167,-48,36279,127,31,66,0,0,0,0,0,0,0,0,-32304,0,0,0,0,0,207241,0
206753,-822,8074,-202,68,-26,-23,-215899,-6,-3,-164,-48,36279,127,31,66,0,0,0,0,0,0,0,0,-32304,0,0,0,0,0,207246,0
206758,-798,8094,-190,72,-35,-28,-215898,8,-1,-164,-48,36279,134,31,66,0,0,0,0,0,0,0,0,-32304,0,0,0,0,0,207252,0
206763,-792,8086,-140,71,-27,-23,-215897,-4,0,-166,-48,36279,134,31,66,0,0,0,0,0,0,0,0,-32305,0,0,0,0,0,207257,0
206768,-794,8096,-166,66,-33,-20,-215897,1,3,-166,-48,36279,135,31,66,0,0,0,0,0,0,0,0,-32305,0,0,0,0,0,207262,0
206773,-716,8118,-200,69,-47,-24,-215897,4,-1,-167,-48,36279,135,31,66,0,0,0,0,0,0,0,0,-32305,0,0,0,0,0,207268,0
206778,-696,8120,-174,67,-43,-22,-215897,0,-1,-164,-48,36284,125,31,66,0,0,0,0,0,0,0,0,-32305,0,0,0,0,0,207273,0
206783,-664,8134,-186,72,-39,-19,-215898,2,-3,-162,-48,36284,125,31,66,0,0,0,0,0,0,0,0,-32304,0,0,0,0,0,207279,0
206788,-592,8196,-208,68,-44,-26,-215898,-2,-1,-163,-56,36284,131,31,66,0,0,0,0,0,0,0,0,-32304,0,0,0,0,0,207284,0
206793,-554,8186,-188,67,-36,-30,-215897,0,2,-164,-40,36284,131,31,66,0,0,0,0,0,0,0,0,-32304,0,0,0,0,0,207290,0
206798,-536,8192,-218,63,-37,-30,-215898,-2,-7,-166,-48,36282,136,31,66,0,0,0,0,0,0,0,0,-32304,0,0,0,0,0,207295,0
206803,-486,8218,-206,63,-32,-39,-215899,-7,1,-165,-48,36282,136,31,66,0,0,0,0,0,0,0,0,-32304,0,0,0,0,0,207301,0
206808,-514,8220,-238,64,-29,-48,-215899,-7,-5,-165,-40,36278,133,31,66,0,0,0,0,0,0,0,0,-32304,0,0,0,0,0,207306,0
206813,-498,8224,-220,60,-29,-53,-215898,4,-5,-166,-40,36278,133,31,66,0,0,0,0,0,0,0,0,-32304,0,0,0,0,0,207311,0
206818,-546,8224,-252,56,-23,-54,-215899,0,-3,-166,-48,36278,131,31,66,0,0,0,0,0,0,0,0,-32304,0,0,0,0,0,207317,0
206823,-454,8224,-232,54,-21,-57,-215898,0,-3,-164,-1128,36278,131,31,66,0,0,0,0,0,0,0,0,-32304,0,0,0,0,0,207322,0
206828,-812,8174,-268,50,-11,-73,-215928,-167,-67,-1188,-1472,36276,134,31,66,0,0,0,0,0,0,0,0,-32305,0,0,0,0,0,207328,0
206833,-384,8168,-254,54,-12,-66,-216057,-609,-349,-1495,-1912,36276,134,31,66,0,0,0,0,0,0,0,0,-32305,0,0,0,0,0,207333,0
206838,-604,8170,-268,50,-10,-83,-216248,-869,-680,-973,-1792,36268,162,30,66,0,0,0,0,0,0,0,0,-32304,0,0,0,0,0,207339,0
206843,-684,8164,-248,47,-7,-78,-216457,-926,-840,-411,-1384,36268,162,30,66,0,0,0,0,0,0,0,0,-32304,0,0,0,0,0,207344,0
206848,-760,8116,-256,39,-9,-80,-216650,-836,-698,-120,-728,36265,172,30,66,0,0,0,0,0,0,0,0,-32304,0,0,0,0,0,207349,0
206853,-748,8108,-256,37,-2,-78,-216811,-688,-267,0,-320,36265,172,30,66,0,0,0,0,0,0,0,0,-32304,0,0,0,0,0,207355,0
206858,-772,8124,-246,31,-4,-77,-216925,-478,186,50,-216,36267,163,31,66,0,0,0,0,0,0,0,0,-32304,0,0,0,0,0,207360,0
206863,-790,8096,-294,29,-2,-83,-216982,-229,509,-130,-312,36267,163,31,66,0,0,0,0,0,0,0,0,-32304,0,0,0,0,0,207366,0
206868,-670,8130,-254,29,-1,-87,-217003,-82,654,-571,-360,36277,134,31,66,0,0,0,0,0,0,0,0,-32304,0,0,0,0,0,207371,0
206873,-702,8140,-268,25,5,-90,-217008,-15,638,-891,-328,36277,134,31,66,0,0,0,0,0,0,0,0,-32304,0,0,0,0,0,207377,0
206878,-636,8158,-236,23,3,-92,-217009,-1,484,-998,-336,36286,127,31,66,0,0,0,0,0,0,0,0,-32304,0,0,0,0,0,207382,0
206883,-686,8162,-236,19,13,-91,-217010,0,279,-1018,-328,36286,127,31,66,0,0,0,0,0,0,0,0,-32304,0,0,0,0,0,207387,0
206888,-698,8160,-212,10,12,-96,-217009,0,113,-1017,-328,36284,136,30,66,0,0,0,0,0,0,0,0,-32304,0,0,0,0,0,207393,0
206893,-660,8202,-224,14,8,-96,-217010,-4,34,-1018,-328,36284,136,30,66,0,0,0,0,0,0,0,0,-32304,0,0,0,0,0,207398,0
206898,-678,8170,-228,13,8,-105,-217010,1,2,-1020,-328,36280,149,30,66,0,0,0,0,0,0,0,0,-32304,0,0,0,0,0,207404,0
206903,-668,8178,-192,13,11,-103,-217011,-3,-5,-1021,-320,36280,149,30,66,0,0,0,0,0,0,0,0,-32304,0,0,0,0,0,207410,0
206908,-724,8122,-198,11,10,-110,-217012,-5,-7,-1017,-328,36275,153,31,66,0,0,0,0,0,0,0,0,-32305,0,0,0,0,0,207415,0
206913,-744,8120,-202,6,7,-107,-217010,0,4,-1019,-336,36275,153,31,66,0,0,0,0,0,0,0,0,-32304,0,0,0,0,0,207420,0
206918,-722,8102,-160,11,7,-114,-217011,-2,-2,-1020,-336,36275,143,31,66,0,0,0,0,0,0,0,0,-32304,0,0,0,0,0,207426,0
206923,-736,8136,-192,8,15,-109,-217011,-5,-2,-1018,-328,36275,143,31,66,0,0,0,0,0,0,0,0,-32304,0,0,0,0,0,207431,0
206928,-814,8088,-162,9,9,-113,-217011,-3,2,-1017,-336,36276,149,31,66,0,0,0,0,0,0,0,0,-32304,0,0,0,0,0,207437,0
206933,-894,8074,-176,7,5,-117,-217012,-4,-3,-1016,-328,36276,149,31,66,0,0,0,0,0,0,0,0,-32304,0,0,0,0,0,207442,0
206938,-934,8016,-148,9,2,-109,-217011,1,-4,-1016,-328,36275,152,31,66,0,0,0,0,0,0,0,0,-32304,0,0,0,0,0,207447,0
206943,-932,8008,-130,9,-7,-113,-217012,-4,0,-1019,-336,36275,152,31,66,0,0,0,0,0,0,0,0,-32305,0,0,0,0,0,207453,0
206948,-944,8044,-152,8,-2,-111,-217013,-4,1,-1014,-328,36274,149,31,66,0,0,0,0,0,0,0,0,-32304,0,0,0,0,0,207458,0
206953,-878,8072,-98,9,-12,-107,-217015,-5,-7,-1013,-328,36274,149,31,66,0,0,0,0,0,0,0,0,-32304,0,0,0,0,0,207464,0
206958,-816,8122,-136,8,-7,-113,-217013,-6,-1,-1011,-336,36272,151,31,66,0,0,0,0,0,0,0,0,-32304,0,0,0,0,0,207469,0
206963,-782,8136,-130,3,-10,-106,-217015,-3,-1,-1011,-328,36272,151,31,66,0,0,0,0,0,0,0,0,-32304,0,0,0,0,0,207474,0
206968,-718,8148,-132,7,-10,-111,-217016,-10,-7,-1009,-320,36271,144,31,66,0,0,0,0,0,0,0,0,-32304,0,0,0,0,0,207480,0
206973,-704,8182,-144,13,-13,-113,-217016,-3,-2,-1004,-320,36271,144,31,66,0,0,0,0,0,0,0,0,-32304,0,0,0,0,0,207485,0
206978,-690,8164,-126,6,-14,-115,-217016,0,-1,-1008,-336,36276,141,31,66,0,0,0,0,0,0,0,0,-32304,0,0,0,0,0,207491,0
206983,-662,8182,-138,10,-13,-118,-217018,-1,-2,-1010,-336,36276,141,31,66,0,0,0,0,0,0,0,0,-32304,0,0,0,0,0,207496,0
206988,-698,8166,-126,13,-19,-126,-217018,-3,1,-1013,-328,36278,144,31,66,0,0,0,0,0,0,0,0,-32304,0,0,0,0,0,207501,0
206993,-718,8160,-114,10,-15,-128,-217019,0,5,-1006,-328,36278,144,31,66,0,0,0,0,0,0,0,0,-32304,0,0,0,0,0,207507,0
206998,-720,8144,-112,13,-26,-130,-217021,-5,-4,-1003,-328,36275,142,31,66,0,0,0,0,0,0,0,0,-32304,0,0,0,0,0,207513,0
207003,-746,8140,-106,13,-23,-133,-217020,5,6,-1003,-328,36275,142,31,66,0,0,0,0,0,0,0,0,-32304,0,0,0,0,0,207518,0
207008,-752,8136,-104,13,-24,-136,-217021,-2,2,-1008,-328,36274,139,31,66,0,0,0,0,0,0,0,0,-32304,0,0,0,0,0,207523,0
207013,-698,8142,-104,17,-20,-141,-217023,1,2,-1000,-320,36274,139,31,66,0,0,0,0,0,0,0,0,-32304,0,0,0,0,0,207529,0
207018,-746,8120,-146,13,-16,-140,-217024,-4,0,-999,-336,36272,149,31,66,0,0,0,0,0,0,0,0,-32304,0,0,0,0,0,207534,0
207023,-778,8160,-112,13,-9,-138,-217025,-4,1,-999,-312,36272,149,31,66,0,0,0,0,0,0,0,0,-32304,0,0,0,0,0,207540,0
207028,-832,8088,-120,12,-5,-139,-217026,-2,1,-1003,-336,36275,152,31,66,0,0,0,0,0,0,0,0,-32304,0,0,0,0,0,207545,0
207033,-836,8100,-146,16,-1,-143,-217029,-9,-5,-994,-328,36275,152,31,66,0,0,0,0,0,0,0,0,-32304,0,0,0,0,0,207551,0
207038,-852,8124,-150,13,2,-139,-217030,-8,-1,-984,-336,36274,153,30,66,0,0,0,0,0,0,0,0,-32304,0,0,0,0,0,207557,0
207043,-862,8124,-108,5,2,-137,-217033,-15,-5,-980,-336,36274,153,30,66,0,0,0,0,0,0,0,0,-32304,0,0,0,0,0,207562,0
207048,-960,8060,-132,7,5,-136,-217038,-22,-12,-959,-336,36273,152,31,66,0,0,0,0,0,0,0,0,-32304,0,0,0,0,0,207568,0
207053,-998,8044,-108,6,4,-133,-217046,-33,-21,-938,-336,36273,152,31,66,0,0,0,0,0,0,0,0,-32304,0,0,0,0,0,207573,0
207058,-1014,8044,-130,5,4,-138,-217058,-60,-32,-920,-304,36273,144,31,66,0,0,0,0,0,0,0,0,-32303,0,0,0,0,0,207579,0
207063,-1050,8016,-106,13,1,-128,-217066,-37,-25,-892,-320,36273,144,31,66,0,0,0,0,0,0,0,0,-32304,0,0,0,0,0,207584,0
207068,-1018,8020,-82,10,-4,-122,-217069,3,-8,-910,-320,36273,142,31,66,0,0,0,0,0,0,0,0,-32303,0,0,0,0,0,207589,0
207073,-1044,8014,-94,17,-8,-123,-217069,3,25,-946,-312,36273,142,31,66,0,0,0,0,0,0,0,0,-32304,0,0,0,0,0,207595,0
207078,-998,8038,-66,16,-7,-119,-217070,3,51,-958,-312,36273,137,31,66,0,0,0,0,0,0,0,0,-32304,0,0,0,0,0,207600,0
207083,-980,8044,-40,15,-9,-118,-217070,0,37,-963,-296,36273,137,31,66,0,0,0,0,0,0,0,0,-32303,0,0,0,0,0,207606,0
207088,-966,8106,-70,16,-3,-109,-217070,2,21,-965,-296,36274,141,30,66,0,0,0,0,0,0,0,0,-32304,0,0,0,0,0,207611,0
207093,-944,8108,-34,15,-7,-109,-217070,0,1,-960,-296,36274,141,30,66,0,0,0,0,0,0,0,0,-32304,0,0,0,0,0,207616,0
207098,-964,8086,-40,21,-12,-102,-217072,-5,-3,-960,-304,36273,152,31,66,0,0,0,0,0,0,0,0,-32304,0,0,0,0,0,207622,0
207103,-924,8084,-18,19,-8,-106,-217070,-1,-1,-959,-304,36273,152,31,66,0,0,0,0,0,0,0,0,-32304,0,0,0,0,0,207627,0
207108,-924,8078,-38,25,-9,-104,-217070,1,1,-960,-296,36276,149,31,66,0,0,0,0,0,0,0,0,-32304,0,0,0,0,0,207633,0
207113,-892,8106,-72,27,-5,-97,-217070,2,1,-956,-288,36276,149,31,66,0,0,0,0,0,0,0,0,-32304,0,0,0,0,0,207638,0
207118,-852,8088,-76,25,-5,-100,-217071,2,-2,-961,-296,36278,137,31,66,0,0,0,0,0,0,0,0,-32304,0,0,0,0,0,207643,0
207123,-960,8072,-72,32,-3,-98,-217071,5,1,-958,-288,36278,137,31,66,0,0,0,0,0,0,0,0,-32304,0,0,0,0,0,207649,0
207128,-878,8082,-60,35,-3,-106,-217072,3,-1,-957,-280,36277,136,31,66,0,0,0,0,0,0,0,0,-32304,0,0,0,0,0,207654,0
207133,-888,8118,-48,31,1,-105,-217071,-2,3,-960,-304,36277,136,31,66,0,0,0,0,0,0,0,0,-32304,0,0,0,0,0,207660,0
207138,-836,8144,-44,39,5,-105,-217071,0,4,-958,-296,36275,134,31,66,0,0,0,0,0,0,0,0,-32304,0,0,0,0,0,207666,0
207143,-830,8146,-40,29,4,-105,-217070,7,1,-957,-288,36275,134,31,66,0,0,0,0,0,0,0,0,-32304,0,0,0,0,0,207671,0
207148,-832,8120,-76,36,10,-108,-217072,0,-3,-957,-288,36272,132,31,66,0,0,0,0,0,0,0,0,-32303,0,0,0,0,0,207676,0
207153,-864,8144,-82,38,12,-113,-217071,0,3,-955,-288,36272,132,31,66,0,0,0,0,0,0,0,0,-32304,0,0,0,0,0,207682,0
207158,-858,8112,-88,36,15,-108,-217071,6,0,-950,-304,36273,144,31,66,0,0,0,0,0,0,0,0,-32304,0,0,0,0,0,207687,0
207163,-842,8088,-54,36,11,-109,-217071,5,1,-953,-296,36273,144,31,66,0,0,0,0,0,0,0,0,-32304,0,0,0,0,0,207692,0
207168,-882,8088,-58,40,14,-118,-217072,-4,-2,-961,-296,36273,138,31,66,0,0,0,0,0,0,0,0,-32304,0,0,0,0,0,207698,0
207173,-854,8078,-68,37,20,-118,-217072,-2,2,-954,-288,36273,138,31,66,0,0,0,0,0,0,0,0,-32304,0,0,0,0,0,207703,0
207178,-858,8090,-64,46,22,-123,-217071,0,2,-960,-304,36275,141,30,66,0,0,0,0,0,0,0,0,-32304,0,0,0,0,0,207709,0
207183,-854,8108,-58,40,18,-130,-217073,-1,-2,-959,-288,36275,141,30,66,0,0,0,0,0,0,0,0,-32304,0,0,0,0,0,207714,0
207188,-830,8116,-64,45,18,-130,-217072,-1,3,-962,-272,36278,146,30,66,0,0,0,0,0,0,0,0,-32304,0,0,0,0,0,207719,0
207193,-830,8146,-24,43,26,-136,-217072,2,1,-956,-288,36278,146,30,66,0,0,0,0,0,0,0,0,-32304,0,0,0,0,0,207725,0
207198,-842,8116,-36,44,21,-135,-217073,0,-1,-954,-288,36279,147,31,66,0,0,0,0,0,0,0,0,-32304,0,0,0,0,0,207730,0
207203,-808,8122,-48,49,22,-140,-217073,-1,1,-956,-280,36279,147,31,66,0,0,0,0,0,0,0,0,-32304,0,0,0,0,0,207736,0
207208,-780,8126,-22,49,27,-149,-217072,-1,2,-962,-288,36278,152,31,66,0,0,0,0,0,0,0,0,-32304,0,0,0,0,0,207741,0
207213,-808,8110,-32,51,34,-155,-217072,5,4,-953,-296,36278,152,31,66,0,0,0,0,0,0,0,0,-32304,0,0,0,0,0,207746,0
207218,-840,8096,-16,50,32,-156,-217073,-1,-5,-959,-288,36277,145,31,66,0,0,0,0,0,0,0,0,-32303,0,0,0,0,0,207752,0
207223,-828,8088,-6,49,31,-165,-217073,0,0,-952,-304,36277,145,31,66,0,0,0,0,0,0,0,0,-32304,0,0,0,0,0,207757,0
207228,-862,8118,12,56,33,-175,-217074,-7,0,-959,-280,36276,133,31,66,0,0,0,0,0,0,0,0,-32304,0,0,0,0,0,207762,0
207233,-816,8104,16,65,31,-180,-217073,0,0,-954,-288,36276,133,31,66,0,0,0,0,0,0,0,0,-32304,0,0,0,0,0,207768,0
207238,-820,8076,20,62,32,-184,-217073,0,-4,-957,-288,36273,137,31,66,0,0,0,0,0,0,0,0,-32304,0,0,0,0,0,207773,0
207243,-770,8118,38,66,35,-192,-217072,3,3,-958,-296,36273,137,31,66,0,0,0,0,0,0,0,0,-32304,0,0,0,0,0,207779,0
207248,-752,8128,4,74,33,-203,-217072,5,1,-956,-304,36273,137,31,66,0,0,0,0,0,0,0,0,-32304,0,0,0,0,0,207784,0
207253,-752,8142,-16,75,31,-214,-217073,2,2,-955,-280,36273,137,31,66,0,0,0,0,0,0,0,0,-32304,0,0,0,0,0,207789,0
207258,-740,8144,-4,79,34,-223,-217073,0,0,-958,-296,36270,139,31,66,0,0,0,0,0,0,0,0,-32304,0,0,0,0,0,207795,0
207263,-716,8130,20,82,32,-226,-217074,1,3,-960,-288,36270,139,31,66,0,0,0,0,0,0,0,0,-32304,0,0,0,0,0,207800,0
207268,-756,8122,2,83,35,-238,-217074,-2,0,-958,-280,36272,143,31,66,0,0,0,0,0,0,0,0,-32304,0,0,0,0,0,207806,0
207273,-796,8092,0,90,30,-257,-217073,0,-3,-957,-280,36272,143,31,66,0,0,0,0,0,0,0,0,-32304,0,0,0,0,0,207811,0
207278,-836,8050,24,91,40,-259,-217073,1,3,-959,-288,36275,140,31,66,0,0,0,0,0,0,0,0,-32303,0,0,0,0,0,207817,0
207283,-864,8048,24,94,36,-267,-217073,3,4,-959,-296,36275,140,31,66,0,0,0,0,0,0,0,0,-32304,0,0,0,0,0,207822,0
207288,-880,8034,2,101,36,-284,-217073,0,-1,-959,-288,36276,141,30,66,0,0,0,0,0,0,0,0,-32304,0,0,0,0,0,207827,0
207293,-862,8050,-2,101,29,-294,-217074,1,-1,-954,-296,36276,141,30,66,0,0,0,0,0,0,0,0,-32304,0,0,0,0,0,207833,0
207298,-784,8144,-10,103,33,-302,-217076,-2,-1,-953,-280,36276,141,31,66,0,0,0,0,0,0,0,0,-32304,0,0,0,0,0,207838,0
207303,-732,8178,-28,103,34,-309,-217075,-5,-4,-953,-288,36276,141,31,66,0,0,0,0,0,0,0,0,-32304,0,0,0,0,0,207844,0
207308,-616,8270,-84,112,39,-332,-217075,-1,-4,-948,-296,36273,134,31,66,0,0,0,0,0,0,0,0,-32304,0,0,0,0,0,207849,0
207313,-580,8282,-108,105,40,-345,-217076,-2,0,-950,-280,36273,134,31,66,0,0,0,0,0,0,0,0,-32304,0,0,0,0,0,207855,0
207318,-540,8318,-128,106,46,-354,-217078,-6,0,-951,-280,36269,137,31,66,0,0,0,0,0,0,0,0,-32304,0,0,0,0,0,207860,0
207323,-554,8326,-134,97,42,-364,-217079,-7,-6,-946,-264,36269,137,31,66,0,0,0,0,0,0,0,0,-32304,0,0,0,0,0,207866,0
207328,-660,8236,-108,105,47,-390,-217078,0,0,-950,-288,36263,145,31,66,0,0,0,0,0,0,0,0,-32304,0,0,0,0,0,207871,0
207333,-734,8170,-116,100,49,-405,-217079,2,5,-954,-296,36263,145,31,66,0,0,0,0,0,0,0,0,-32304,0,0,0,0,0,207877,0
207338,-798,8122,-82,98,48,-413,-217079,0,3,-950,-288,36259,146,30,66,0,0,0,0,0,0,0,0,-32304,0,0,0,0,0,207882,0
207343,-856,8108,-118,99,49,-420,-217081,-8,2,-946,-272,36259,146,30,66,0,0,0,0,0,0,0,0,-32304,0,0,0,0,0,207888,0
207348,-948,8046,-110,102,45,-442,-217080,-2,4,-948,-296,36262,150,31,66,0,0,0,0,0,0,0,0,-32304,0,0,0,0,0,207893,0
207353,-978,8044,-124,97,40,-450,-217081,3,2,-947,-296,36262,150,31,66,0,0,0,0,0,0,0,0,-32304,0,0,0,0,0,207899,0
207358,-986,8060,-134,99,40,-457,-217082,0,4,-947,-280,36270,145,31,66,0,0,0,0,0,0,0,0,-32304,0,0,0,0,0,207904,0
207363,-996,8064,-116,107,37,-468,-217081,0,3,-945,-288,36270,145,31,66,0,0,0,0,0,0,0,0,-32304,0,0,0,0,0,207910,0
207368,-1000,8104,-114,101,27,-479,-217083,-9,5,-942,-280,36274,127,31,66,0,0,0,0,0,0,0,0,-32304,0,0,0,0,0,207915,0
207373,-1008,8122,-146,104,24,-483,-217083,-8,0,-939,-280,36274,127,31,66,0,0,0,0,0,0,0,0,-32304,0,0,0,0,0,207921,0
207378,-1020,8136,-140,101,20,-485,-217085,-9,-1,-944,-280,36275,132,30,66,0,0,0,0,0,0,0,0,-32304,0,0,0,0,0,207926,0
207383,-1010,8170,-142,102,18,-495,-217087,-11,-1,-937,-288,36275,132,30,66,0,0,0,0,0,0,0,0,-32304,0,0,0,0,0,207932,0
207388,-966,8174,-172,101,14,-504,-217086,2,0,-936,-296,36270,130,31,66,0,0,0,0,0,0,0,0,-32304,0,0,0,0,0,207937,0
207393,-1030,8154,-168,103,9,-514,-217090,-12,1,-936,-288,36270,130,31,66,0,0,0,0,0,0,0,0,-32304,0,0,0,0,0,207943,0
207398,-1112,8096,-144,95,14,-516,-217092,-20,-2,-917,-296,36270,133,31,66,0,0,0,0,0,0,0,0,-32304,0,0,0,0,0,207948,0
207403,-1108,8068,-132,96,12,-524,-217096,-19,-7,-909,-288,36270,133,31,66,0,0,0,0,0,0,0,0,-32304,0,0,0,0,0,207954,0
207408,-1222,8036,-122,96,10,-527,-217103,-32,-11,-899,-304,36274,149,31,66,0,0,0,0,0,0,0,0,-32305,0,0,0,0,0,207959,0
207413,-1264,8032,-96,97,12,-529,-217113,-46,-32,-852,-320,36274,149,31,66,0,0,0,0,0,0,0,0,-32304,0,0,0,0,0,207964,0
207418,-1262,8012,-104,94,11,-531,-217126,-57,-38,-819,-352,36277,144,31,66,0,0,0,0,0,0,0,0,-32304,0,0,0,0,0,207970,0
207423,-1256,8028,-134,93,12,-539,-217136,-36,-29,-813,-312,36277,144,31,66,0,0,0,0,0,0,0,0,-32303,0,0,0,0,0,207975,0
207428,-1374,8020,-104,100,5,-534,-217136,1,2,-863,-304,36279,147,30,66,0,0,0,0,0,0,0,0,-32304,0,0,0,0,0,207981,0
207433,-1408,8022,-72,98,1,-532,-217136,-1,33,-897,-296,36279,147,30,66,0,0,0,0,0,0,0,0,-32304,0,0,0,0,0,207986,0
207438,-1430,8022,-42,104,4,-533,-217136,-5,54,-897,-296,36273,137,30,66,0,0,0,0,0,0,0,0,-32304,0,0,0,0,0,207992,0
207443,-1418,7978,2,106,2,-528,-217135,4,40,-895,-312,36273,137,30,66,0,0,0,0,0,0,0,0,-32304,0,0,0,0,0,207997,0
207448,-1550,7926,38,109,1,-520,-217136,0,12,-896,-288,36273,131,31,66,0,0,0,0,0,0,0,0,-32304,0,0,0,0,0,208003,0
207453,-1570,7892,98,112,13,-515,-217136,-2,0,-896,-296,36273,131,31,66,0,0,0,0,0,0,0,0,-32304,0,0,0,0,0,208008,0
207458,-1638,7860,126,119,10,-513,-217136,3,2,-893,-304,36275,127,31,66,0,0,0,0,0,0,0,0,-32304,0,0,0,0,0,208014,0
207463,-1688,7816,144,120,17,-504,-217137,-2,2,-895,-296,36275,127,31,66,0,0,0,0,0,0,0,0,-32304,0,0,0,0,0,208019,0
207468,-1746,7840,122,133,20,-493,-217137,-6,-2,-896,-304,36277,131,31,66,0,0,0,0,0,0,0,0,-32304,0,0,0,0,0,208024,0
207473,-1778,7840,124,141,21,-489,-217137,-1,-4,-891,-296,36277,131,31,66,0,0,0,0,0,0,0,0,-32304,0,0,0,0,0,208030,0
207478,-1780,7858,108,140,19,-480,-217137,-1,-1,-892,-296,36277,123,31,66,0,0,0,0,0,0,0,0,-32304,0,0,0,0,0,208035,0
207483,-1736,7858,96,148,22,-476,-217139,0,-3,-891,-304,36277,123,31,66,0,0,0,0,0,0,0,0,-32303,0,0,0,0,0,208041,0
207488,-1638,7940,12,158,16,-466,-217140,-7,-2,-890,-288,36276,125,31,66,0,0,0,0,0,0,0,0,-32304,0,0,0,0,0,208046,0
207493,-1602,7988,12,159,15,-454,-217142,-9,-2,-885,-280,36276,125,31,66,0,0,0,0,0,0,0,0,-32304,0,0,0,0,0,208051,0
207498,-1564,8066,-60,170,20,-447,-217142,-5,-2,-884,-288,36277,130,31,66,0,0,0,0,0,0,0,0,-32304,0,0,0,0,0,208057,0
207503,-1492,8114,-92,166,23,-446,-217143,-12,-4,-883,-296,36277,130,31,66,0,0,0,0,0,0,0,0,-32304,0,0,0,0,0,208062,0
207508,-1466,8236,-184,173,30,-432,-217144,-2,0,-879,-296,36278,131,31,66,0,0,0,0,0,0,0,0,-32304,0,0,0,0,0,208068,0
207513,-1516,8218,-222,172,32,-424,-217145,-7,2,-889,-288,36278,131,31,66,0,0,0,0,0,0,0,0,-32304,0,0,0,0,0,208073,0
207518,-1556,8150,-212,165,33,-416,-217146,-2,-1,-877,-288,36283,150,31,66,0,0,0,0,0,0,0,0,-32304,0,0,0,0,0,208078,0
207523,-1636,8074,-216,167,28,-412,-217146,0,5,-884,-288,36283,150,31,66,0,0,0,0,0,0,0,0,-32303,0,0,0,0,0,208084,0
207528,-1834,7954,-258,158,29,-392,-217146,-11,3,-892,-288,36283,144,30,66,0,0,0,0,0,0,0,0,-32304,0,0,0,0,0,208089,0
207533,-1922,7858,-276,163,20,-388,-217147,-1,1,-884,-288,36283,144,30,66,0,0,0,0,0,0,0,0,-32304,0,0,0,0,0,208095,0
207538,-2034,7808,-276,160,13,-379,-217147,-2,7,-886,-280,36283,153,30,66,0,0,0,0,0,0,0,0,-32304,0,0,0,0,0,208100,0
207543,-2128,7760,-304,160,6,-367,-217148,-7,-1,-886,-288,36283,153,30,66,0,0,0,0,0,0,0,0,-32304,0,0,0,0,0,208106,0
207548,-2244,7636,-262,164,-17,-346,-217147,-9,2,-883,-288,36277,146,31,66,0,0,0,0,0,0,0,0,-32304,0,0,0,0,0,208111,0
207553,-2230,7648,-238,166,-31,-333,-217147,-1,3,-881,-296,36277,146,31,66,0,0,0,0,0,0,0,0,-32304,0,0,0,0,0,208117,0
207558,-2214,7684,-254,166,-45,-319,-217148,-2,2,-882,-288,36274,143,31,66,0,0,0,0,0,0,0,0,-32304,0,0,0,0,0,208122,0
207563,-2232,7718,-246,174,-59,-309,-217149,-3,1,-880,-288,36274,143,31,66,0,0,0,0,0,0,0,0,-32304,0,0,0,0,0,208128,0
207568,-2128,7802,-250,174,-75,-289,-217149,-7,-1,-882,-280,36272,140,31,66,0,0,0,0,0,0,0,0,-32304,0,0,0,0,0,208133,0
207573,-2156,7818,-248,174,-93,-271,-217151,-10,-1,-878,-280,36272,140,31,66,0,0,0,0,0,0,0,0,-32303,0,0,0,0,0,208139,0
207578,-2116,7814,-218,172,-96,-260,-217152,-9,-2,-873,-280,36271,136,31,66,0,0,0,0,0,0,0,0,-32303,0,0,0,0,0,208144,0
207583,-2090,7790,-204,180,-100,-248,-217153,-4,-2,-869,-280,36271,136,31,66,0,0,0,0,0,0,0,0,-32304,0,0,0,0,0,208149,0
207588,-2020,7820,-162,176,-104,-227,-217156,-16,-3,-867,-296,36275,139,31,66,0,0,0,0,0,0,0,0,-32304,0,0,0,0,0,208155,0
207593,-1970,7862,-152,176,-92,-217,-217157,-8,-1,-862,-296,36275,139,31,66,0,0,0,0,0,0,0,0,-32304,0,0,0,0,0,208160,0
207598,-1948,7878,-156,178,-100,-208,-217162,-17,-6,-852,-272,36275,138,31,66,0,0,0,0,0,0,0,0,-32304,0,0,0,0,0,208166,0
207603,-1936,7892,-172,179,-94,-195,-217169,-28,-11,-826,-304,36275,138,31,66,0,0,0,0,0,0,0,0,-32304,0,0,0,0,0,208171,0
207608,-1884,7940,-186,178,-88,-183,-217179,-48,-30,-796,-296,36278,133,31,66,0,0,0,0,0,0,0,0,-32304,0,0,0,0,0,208177,0
207613,-1872,7944,-204,175,-86,-177,-217193,-64,-38,-768,-272,36278,133,31,66,0,0,0,0,0,0,0,0,-32304,0,0,0,0,0,208182,0
207618,-1824,7928,-222,173,-75,-168,-217201,-36,-34,-743,-280,36280,118,31,66,0,0,0,0,0,0,0,0,-32304,0,0,0,0,0,208187,0
207623,-1828,7932,-198,165,-69,-161,-217203,-2,-1,-788,-264,36280,118,31,66,0,0,0,0,0,0,0,0,-32304,0,0,0,0,0,208193,0
207628,-1820,7956,-278,158,-63,-151,-217203,1,33,-828,-256,36279,133,30,66,0,0,0,0,0,0,0,0,-32304,0,0,0,0,0,208198,0
207633,-1844,7968,-242,160,-60,-148,-217204,6,51,-832,-264,36279,133,30,66,0,0,0,0,0,0,0,0,-32304,0,0,0,0,0,208204,0
207638,-1778,7984,-224,156,-60,-145,-217202,3,44,-829,-264,36276,140,31,66,0,0,0,0,0,0,0,0,-32304,0,0,0,0,0,208210,0
207643,-1784,7964,-230,157,-56,-137,-217204,1,18,-830,-256,36276,140,31,66,0,0,0,0,0,0,0,0,-32304,0,0,0,0,0,208215,0
207648,-1688,8038,-226,154,-50,-130,-217203,2,5,-830,-272,36271,139,31,66,0,0,0,0,0,0,0,0,-32304,0,0,0,0,0,208220,0
207653,-1602,8064,-238,147,-51,-134,-217203,-3,-4,-829,-256,36271,139,31,66,0,0,0,0,0,0,0,0,-32304,0,0,0,0,0,208226,0
207658,-1566,8100,-226,154,-53,-133,-217203,0,-1,-828,-264,36273,143,31,66,0,0,0,0,0,0,0,0,-32304,0,0,0,0,0,208231,0
207663,-1510,8118,-212,150,-49,-134,-217204,-7,-2,-828,-264,36273,143,31,66,0,0,0,0,0,0,0,0,-32304,0,0,0,0,0,208237,0
207668,-1476,8132,-240,145,-53,-140,-217203,-1,-3,-833,-264,36276,135,31,66,0,0,0,0,0,0,0,0,-32303,0,0,0,0,0,208242,0
207673,-1458,8138,-236,144,-44,-142,-217204,-4,-2,-831,-272,36276,135,31,66,0,0,0,0,0,0,0,0,-32304,0,0,0,0,0,208248,0
207678,-1474,8114,-228,147,-44,-153,-217203,0,1,-833,-264,36276,136,30,66,0,0,0,0,0,0,0,0,-32304,0,0,0,0,0,208253,0
207683,-1464,8106,-234,139,-51,-155,-217204,1,0,-833,-264,36276,136,30,66,0,0,0,0,0,0,0,0,-32304,0,0,0,0,0,208258,0
207688,-1458,8038,-172,145,-57,-169,-217204,-4,5,-835,-264,36274,141,31,66,0,0,0,0,0,0,0,0,-32304,0,0,0,0,0,208264,0
207693,-1436,8042,-186,149,-64,-179,-217205,-5,-2,-830,-264,36274,141,31,66,0,0,0,0,0,0,0,0,-32304,0,0,0,0,0,208269,0
207698,-1480,8044,-132,159,-67,-186,-217205,0,4,-824,-264,36272,140,31,66,0,0,0,0,0,0,0,0,-32303,0,0,0,0,0,208275,0
207703,-1452,8056,-128,159,-67,-192,-217203,3,2,-826,-264,36272,140,31,66,0,0,0,0,0,0,0,0,-32304,0,0,0,0,0,208280,0
207708,-1456,8042,-72,164,-68,-212,-217205,-3,0,-827,-264,36271,134,31,66,0,0,0,0,0,0,0,0,-32304,0,0,0,0,0,208286,0
207713,-1412,8060,-50,166,-68,-218,-217204,0,4,-829,-272,36271,134,31,66,0,0,0,0,0,0,0,0,-32304,0,0,0,0,0,208291,0
207718,-1388,8040,-46,178,-61,-229,-217203,-2,-2,-833,-256,36273,138,31,66,0,0,0,0,0,0,0,0,-32304,0,0,0,0,0,208297,0
207723,-1364,8036,-64,175,-50,-241,-217205,-1,2,-832,-256,36273,138,31,66,0,0,0,0,0,0,0,0,-32304,0,0,0,0,0,208302,0
207728,-1414,8096,-30,172,-39,-257,-217204,0,-1,-832,-256,36277,135,30,66,0,0,0,0,0,0,0,0,-32304,0,0,0,0,0,208307,0
207733,-1352,8106,-48,177,-33,-273,-217204,11,-1,-826,-264,36277,135,30,66,0,0,0,0,0,0,0,0,-32303,0,0,0,0,0,208313,0
207738,-1340,8088,-62,182,-27,-282,-217205,-3,1,-828,-256,36276,140,30,66,0,0,0,0,0,0,0,0,-32304,0,0,0,0,0,208318,0
207743,-1390,8068,-78,187,-23,-285,-217205,-1,-1,-829,-264,36276,140,30,66,0,0,0,0,0,0,0,0,-32304,0,0,0,0,0,208324,0
207748,-1446,8006,-116,185,-13,-306,-217205,-1,-2,-827,-256,36276,137,31,66,0,0,0,0,0,0,0,0,-32304,0,0,0,0,0,208329,0
207753,-1492,7970,-114,185,-8,-316,-217206,1,-1,-823,-256,36276,137,31,66,0,0,0,0,0,0,0,0,-32304,0,0,0,0,0,208335,0
207758,-1508,7968,-106,190,-7,-324,-217205,3,-1,-825,-264,36274,136,31,66,0,0,0,0,0,0,0,0,-32304,0,0,0,0,0,208340,0
207763,-1544,7972,-90,194,-4,-332,-217207,-7,-4,-829,-256,36274,136,31,66,0,0,0,0,0,0,0,0,-32304,0,0,0,0,0,208346,0
207768,-1550,7926,-140,195,-2,-357,-217206,-2,1,-822,-264,36274,148,31,66,0,0,0,0,0,0,0,0,-32303,0,0,0,0,0,208351,0
207773,-1542,7932,-124,199,1,-367,-217206,-3,2,-833,-256,36274,148,31,66,0,0,0,0,0,0,0,0,-32304,0,0,0,0,0,208357,0
207778,-1556,7934,-148,199,-3,-378,-217206,-6,-1,-825,-264,36274,147,31,66,0,0,0,0,0,0,0,0,-32304,0,0,0,0,0,208362,0
207783,-1556,7960,-166,201,-3,-391,-217207,1,-3,-829,-264,36274,147,31,66,0,0,0,0,0,0,0,0,-32304,0,0,0,0,0,208367,0
207788,-1526,7996,-172,207,-12,-409,-217206,1,-4,-828,-264,36274,135,31,66,0,0,0,0,0,0,0,0,-32304,0,0,0,0,0,208373,0
207793,-1574,7982,-188,211,-11,-422,-217208,2,-1,-825,-256,36274,135,31,66,0,0,0,0,0,0,0,0,-32304,0,0,0,0,0,208378,0
207798,-1566,7988,-168,219,-17,-428,-217208,-2,-1,-824,-256,36274,132,31,66,0,0,0,0,0,0,0,0,-32304,0,0,0,0,0,208384,0
207803,-1536,8020,-186,212,-14,-437,-217207,4,-1,-822,-256,36274,132,31,66,0,0,0,0,0,0,0,0,-32304,0,0,0,0,0,208390,0
207808,-1502,8104,-234,218,-11,-459,-217208,1,1,-824,-264,36273,125,31,66,0,0,0,0,0,0,0,0,-32304,0,0,0,0,0,208395,0
207813,-1450,8132,-254,218,-13,-478,-217208,1,-2,-819,-256,36273,125,31,66,0,0,0,0,0,0,0,0,-32303,0,0,0,0,0,208400,0
207818,-1440,8168,-258,216,-6,-476,-217209,-7,2,-824,-256,36272,131,31,66,0,0,0,0,0,0,0,0,-32304,0,0,0,0,0,208406,0
207823,-1374,8190,-288,214,-4,-493,-217211,-7,-5,-818,-248,36272,131,31,66,0,0,0,0,0,0,0,0,-32304,0,0,0,0,0,208411,0
207828,-1354,8216,-348,206,5,-512,-217211,-2,-4,-825,-248,36274,147,31,66,0,0,0,0,0,0,0,0,-32304,0,0,0,0,0,208417,0
207833,-1342,8244,-350,205,5,-525,-217212,-4,-3,-824,-240,36274,147,31,66,0,0,0,0,0,0,0,0,-32304,0,0,0,0,0,208422,0
207838,-1358,8260,-408,202,13,-538,-217211,-7,2,-826,-232,36279,144,31,66,0,0,0,0,0,0,0,0,-32304,0,0,0,0,0,208428,0
207843,-1332,8286,-414,196,15,-552,-217212,-3,-2,-817,-248,36279,144,31,66,0,0,0,0,0,0,0,0,-32304,0,0,0,0,0,208433,0
207848,-1412,8298,-442,180,30,-575,-217212,-2,0,-820,-248,36281,144,30,66,0,0,0,0,0,0,0,0,-32304,0,0,0,0,0,208438,0
207853,-1456,8262,-448,180,32,-587,-217212,0,1,-822,-248,36281,144,30,66,0,0,0,0,0,0,0,0,-32304,0,0,0,0,0,208444,0
207858,-1448,8262,-450,170,38,-594,-217212,0,-1,-818,-248,36280,137,31,66,0,0,0,0,0,0,0,0,-32304,0,0,0,0,0,208449,0
207863,-1486,8228,-454,164,42,-610,-217213,-7,-1,-822,-240,36280,137,31,66,0,0,0,0,0,0,0,0,-32304,0,0,0,0,0,208455,0
207868,-1546,8134,-456,153,48,-629,-217212,8,1,-819,-248,36278,124,30,66,0,0,0,0,0,0,0,0,-32304,0,0,0,0,0,208461,0
207873,-1594,8124,-434,150,50,-640,-217213,-3,-1,-823,-240,36278,124,30,66,0,0,0,0,0,0,0,0,-32304,0,0,0,0,0,208466,0
207878,-1686,8116,-454,147,62,-652,-217213,1,3,-820,-248,36287,123,30,66,0,0,0,0,0,0,0,0,-32304,0,0,0,0,0,208472,0
207883,-2004,7412,-366,150,57,-653,-217212,-4,-2,-829,-256,36287,123,30,66,0,0,0,0,0,0,0,0,-32304,0,0,0,0,0,208477,0
207888,-1804,8026,-316,120,63,-681,-217212,1,1,-818,-240,36298,127,31,66,0,0,0,0,0,0,0,0,-32304,0,0,0,0,0,208482,0
207893,-1728,8054,-494,120,75,-683,-217213,2,-1,-818,-248,36298,127,31,66,0,0,0,0,0,0,0,0,-32304,0,0,0,0,0,208488,0
207898,-1858,8014,-492,119,76,-695,-217211,7,3,-820,-256,36300,126,30,66,0,0,0,0,0,0,0,0,-32304,0,0,0,0,0,208493,0
207903,-1950,8036,-454,106,76,-693,-217211,5,5,-818,-248,36300,126,30,66,0,0,0,0,0,0,0,0,-32304,0,0,0,0,0,208499,0
207908,-2022,7998,-482,100,77,-707,-217213,1,-1,-818,-256,36291,135,30,66,0,0,0,0,0,0,0,0,-32303,0,0,0,0,0,208504,0
207913,-2026,8102,-522,95,81,-712,-217212,7,0,-815,-256,36291,135,30,66,0,0,0,0,0,0,0,0,-32304,0,0,0,0,0,208510,0
207918,-1996,8148,-502,87,80,-711,-217211,1,4,-821,-248,36281,136,31,66,0,0,0,0,0,0,0,0,-32304,0,0,0,0,0,208515,0
207923,-1948,8192,-516,77,82,-717,-217211,5,4,-825,-264,36281,136,31,66,0,0,0,0,0,0,0,0,-32303,0,0,0,0,0,208520,0
207928,-1998,8212,-524,65,81,-722,-217212,3,-2,-822,-248,36275,133,31,66,0,0,0,0,0,0,0,0,-32304,0,0,0,0,0,208526,0
207933,-2230,7406,-768,61,92,-722,-217213,-4,-1,-820,-256,36275,133,31,66,0,0,0,0,0,0,0,0,-32304,0,0,0,0,0,208531,0
207938,-2296,8168,-544,54,80,-730,-217212,7,0,-814,-248,36281,136,31,66,0,0,0,0,0,0,0,0,-32304,0,0,0,0,0,208537,0
207943,-2054,8204,-516,30,86,-736,-217212,0,2,-821,-264,36281,136,31,66,0,0,0,0,0,0,0,0,-32304,0,0,0,0,0,208542,0
207948,-2124,8210,-740,26,89,-740,-217213,-8,0,-828,-248,36280,137,31,66,0,0,0,0,0,0,0,0,-32304,0,0,0,0,0,208548,0
207953,-2036,8170,-740,17,84,-742,-217213,-3,-3,-816,-240,36280,137,31,66,0,0,0,0,0,0,0,0,-32303,0,0,0,0,0,208553,0
207958,-2064,8282,-796,4,83,-747,-217211,8,1,-820,-248,36279,142,31,66,0,0,0,0,0,0,0,0,-32304,0,0,0,0,0,208559,0
207963,-2074,8238,-814,-12,84,-750,-217214,-9,-6,-825,-240,36279,142,31,66,0,0,0,0,0,0,0,0,-32304,0,0,0,0,0,208564,0
207968,-2004,8348,-850,-38,81,-762,-217212,1,3,-818,-248,36274,136,31,66,0,0,0,0,0,0,0,0,-32304,0,0,0,0,0,208570,0
207973,-2212,7868,-790,-37,66,-763,-217212,0,1,-827,-248,36274,136,31,66,0,0,0,0,0,0,0,0,-32304,0,0,0,0,0,208575,0
207978,-2072,8448,-776,-49,59,-769,-217211,4,0,-822,-248,36275,130,31,66,0,0,0,0,0,0,0,0,-32304,0,0,0,0,0,208580,0
207983,-2050,8546,-718,-75,64,-770,-217212,4,0,-820,-248,36275,130,31,66,0,0,0,0,0,0,0,0,-32304,0,0,0,0,0,208586,0
207988,-2004,8486,-744,-95,69,-783,-217212,3,4,-826,-240,36274,130,31,66,0,0,0,0,0,0,0,0,-32304,0,0,0,0,0,208591,0
207993,-1998,8472,-650,-117,71,-792,-217213,-2,-1,-827,-248,36274,130,31,66,0,0,0,0,0,0,0,0,-32304,0,0,0,0,0,208597,0
207998,-1966,8464,-676,-128,79,-792,-217211,5,-1,-823,-232,36274,136,31,66,0,0,0,0,0,0,0,0,-32304,0,0,0,0,0,208602,0
208003,-2022,8386,-654,-143,94,-797,-217210,8,2,-826,-272,36274,136,31,66,0,0,0,0,0,0,0,0,-32303,0,0,0,0,0,208608,0
208008,-2122,8324,-674,-171,112,-812,-217211,7,0,-817,-256,36274,130,31,66,0,0,0,0,0,0,0,0,-32304,0,0,0,0,0,208613,0
208013,-2320,7750,-704,-171,123,-815,-217212,-4,0,-827,-248,36274,130,31,66,0,0,0,0,0,0,0,0,-32304,0,0,0,0,0,208618,0
208018,-2362,8134,-538,-193,126,-818,-217211,0,2,-826,-248,36273,141,31,66,0,0,0,0,0,0,0,0,-32304,0,0,0,0,0,208624,0
208023,-2232,8084,-572,-206,134,-823,-217211,0,-3,-834,-248,36273,141,31,66,0,0,0,0,0,0,0,0,-32304,0,0,0,0,0,208629,0
208028,-2396,7802,-540,-222,144,-832,-217209,-3,0,-840,-248,36272,139,31,66,0,0,0,0,0,0,0,0,-32304,0,0,0,0,0,208635,0
208033,-2448,7774,-436,-236,139,-836,-217208,10,1,-827,-256,36272,139,31,66,0,0,0,0,0,0,0,0,-32304,0,0,0,0,0,208640,0
208038,-2460,7716,-380,-231,151,-837,-217208,2,-5,-836,-248,36275,145,30,66,0,0,0,0,0,0,0,0,-32304,0,0,0,0,0,208647,0
208043,-2488,7654,-372,-246,155,-842,-217206,1,7,-832,-256,36275,145,30,66,0,0,0,0,0,0,0,0,-32304,0,0,0,0,0,208652,0
208048,-2558,7586,-322,-253,169,-849,-217205,6,2,-833,-256,36275,144,30,66,0,0,0,0,0,0,0,0,-32304,0,0,0,0,0,208658,0
208053,-2606,7534,-258,-256,173,-852,-217206,0,-4,-831,-248,36275,144,30,66,0,0,0,0,0,0,0,0,-32304,0,0,0,0,0,208663,0
208058,-2620,7486,-242,-259,178,-851,-217203,-3,4,-836,-256,36277,144,31,66,0,0,0,0,0,0,0,0,-32304,0,0,0,0,0,208669,0
208063,-2662,7492,-256,-263,181,-852,-217202,12,2,-838,-264,36277,144,31,66,0,0,0,0,0,0,0,0,-32304,0,0,0,0,0,208674,0
208068,-2606,7620,-156,-262,172,-861,-217202,7,-6,-838,-264,36272,137,31,66,0,0,0,0,0,0,0,0,-32304,0,0,0,0,0,208680,0
208073,-2532,7742,-150,-259,184,-858,-217201,-1,1,-837,-256,36272,137,31,66,0,0,0,0,0,0,0,0,-32304,0,0,0,0,0,208685,0
208078,-2604,7842,-96,-262,183,-859,-217200,4,1,-841,-256,36275,150,31,66,0,0,0,0,0,0,0,0,-32304,0,0,0,0,0,208690,0
208083,-2696,7842,-74,-258,189,-860,-217199,4,0,-846,-256,36275,150,31,66,0,0,0,0,0,0,0,0,-32303,0,0,0,0,0,208696,0
208088,-2756,7786,-78,-259,207,-854,-217197,10,-1,-843,-264,36277,134,31,66,0,0,0,0,0,0,0,0,-32303,0,0,0,0,0,208701,0
208093,-2634,7744,-64,-262,206,-853,-217196,13,2,-848,-272,36277,134,31,66,0,0,0,0,0,0,0,0,-32304,0,0,0,0,0,208707,0
208098,-2566,7704,-78,-260,205,-858,-217195,13,0,-847,-272,36277,131,31,66,0,0,0,0,0,0,0,0,-32304,0,0,0,0,0,208712,0
208103,-2422,7796,-110,-262,212,-860,-217194,3,2,-845,-264,36277,131,31,66,0,0,0,0,0,0,0,0,-32304,0,0,0,0,0,208717,0
208108,-2374,7940,-168,-271,233,-872,-217193,3,2,-848,-248,36275,125,31,66,0,0,0,0,0,0,0,0,-32304,0,0,0,0,0,208723,0
208113,-2342,8040,-158,-266,241,-884,-217191,3,-1,-852,-240,36275,125,31,66,0,0,0,0,0,0,0,0,-32304,0,0,0,0,0,208728,0
208118,-2380,7990,-166,-275,251,-887,-217188,11,4,-861,-256,36274,127,31,66,0,0,0,0,0,0,0,0,-32304,0,0,0,0,0,208734,0
208123,-2476,7976,-160,-279,266,-895,-217187,11,0,-862,-264,36274,127,31,66,0,0,0,0,0,0,0,0,-32304,0,0,0,0,0,208739,0
208128,-2504,7614,-302,-289,276,-908,-217184,9,2,-867,-248,36274,136,31,66,0,0,0,0,0,0,0,0,-32304,0,0,0,0,0,208745,0
208133,-2738,7860,2,-296,279,-901,-217180,22,8,-876,-264,36274,136,31,66,0,0,0,0,0,0,0,0,-32304,0,0,0,0,0,208750,0
208138,-2662,7736,-156,-289,287,-907,-217175,19,10,-884,-272,36275,141,31,66,0,0,0,0,0,0,0,0,-32304,0,0,0,0,0,208755,0
208143,-2720,7606,-108,-299,292,-909,-217168,38,16,-895,-248,36275,141,31,66,0,0,0,0,0,0,0,0,-32304,0,0,0,0,0,208761,0
208148,-2876,7504,-98,-306,310,-912,-217157,51,23,-947,-240,36274,143,31,66,0,0,0,0,0,0,0,0,-32304,0,0,0,0,0,208767,0
208153,-2616,7362,-104,-301,312,-918,-217136,93,58,-990,-256,36274,143,31,66,0,0,0,0,0,0,0,0,-32304,0,0,0,0,0,208772,0
208158,-2618,7252,-38,-300,310,-916,-217117,77,61,-1050,-296,36273,142,31,66,0,0,0,0,0,0,0,0,-32304,0,0,0,0,0,208778,0
208163,-2858,7254,-62,-305,324,-923,-217112,17,19,-1015,-296,36273,142,31,66,0,0,0,0,0,0,0,0,-32304,0,0,0,0,0,208783,0
208168,-3212,7294,94,-296,333,-916,-217109,12,-33,-957,-280,36275,140,31,66,0,0,0,0,0,0,0,0,-32304,0,0,0,0,0,208789,0
208173,-3188,7322,122,-298,345,-913,-217102,34,-53,-962,-256,36275,140,31,66,0,0,0,0,0,0,0,0,-32303,0,0,0,0,0,208794,0
208178,-3176,7334,138,-298,352,-913,-217086,79,-23,-1022,-240,36275,135,31,66,0,0,0,0,0,0,0,0,-32304,0,0,0,0,0,208799,0
208183,-3060,7358,144,-300,359,-917,-217060,125,54,-1113,-216,36275,135,31,66,0,0,0,0,0,0,0,0,-32304,0,0,0,0,0,208805,0
208188,-2650,7520,18,-303,377,-942,-217026,144,115,-1206,-224,36274,146,31,66,0,0,0,0,0,0,0,0,-32304,0,0,0,0,0,208810,0
208193,-2574,7606,66,-295,389,-944,-216982,202,133,-1298,-216,36274,146,31,66,0,0,0,0,0,0,0,0,-32304,0,0,0,0,0,208816,0
208198,-2642,7668,58,-302,404,-953,-216930,234,137,-1418,-208,36274,140,31,66,0,0,0,0,0,0,0,0,-32304,0,0,0,0,0,208821,0
208203,-2760,7652,74,-306,415,-955,-216869,268,136,-1530,-184,36274,140,31,66,0,0,0,0,0,0,0,0,-32305,0,0,0,0,0,208826,0
208208,-3030,7700,62,-312,432,-961,-216797,325,136,-1652,-168,36276,145,31,66,0,0,0,0,0,0,0,0,-32304,0,0,0,0,0,208832,0
208213,-3226,7698,4,-314,449,-957,-216716,365,153,-1822,-152,36276,145,31,66,0,0,0,0,0,0,0,0,-32305,0,0,0,0,0,208837,0
208218,-3358,7722,10,-312,458,-955,-216624,407,148,-1978,-168,36278,137,31,66,0,0,0,0,0,0,0,0,-32304,0,0,0,0,0,208843,0
208223,-3394,7762,-2,-314,462,-942,-216522,455,152,-2136,-168,36278,137,31,66,0,0,0,0,0,0,0,0,-32304,0,0,0,0,0,208848,0
208228,-3494,7712,-68,-327,472,-930,-216415,476,145,-2322,-160,36278,123,31,66,0,0,0,0,0,0,0,0,-32303,0,0,0,0,0,208854,0
208233,-3548,7664,-108,-323,478,-912,-216308,471,111,-2459,-152,36278,123,31,66,0,0,0,0,0,0,0,0,-32303,0,0,0,0,0,208859,0
208238,-3660,7604,-82,-328,473,-901,-216200,478,70,-2572,-184,36277,116,31,66,0,0,0,0,0,0,0,0,-32304,0,0,0,0,0,208865,0
208243,-3694,7522,-70,-324,473,-890,-216090,479,38,-2684,-216,36277,116,31,66,0,0,0,0,0,0,0,0,-32305,0,0,0,0,0,208870,0
208248,-3824,7358,-40,-321,468,-864,-215976,499,28,-2799,-216,36282,127,31,66,0,0,0,0,0,0,0,0,-32306,0,0,0,0,0,208875,0
208253,-3912,7246,-32,-317,466,-857,-215866,486,15,-2938,-248,36282,127,31,66,0,0,0,0,0,0,0,0,-32305,0,0,0,0,0,208881,0
208258,-3958,7162,-20,-311,459,-834,-215759,458,2,-3048,-256,36279,131,31,66,0,0,0,0,0,0,0,0,-32305,0,0,0,0,0,208887,0
208263,-4040,7134,12,-308,443,-817,-215657,443,-67,-3115,-272,36279,131,31,66,0,0,0,0,0,0,0,0,-32303,0,0,0,0,0,208892,0
208268,-4092,7082,-50,-290,427,-790,-215551,469,-58,-3187,-280,36274,141,31,66,0,0,0,0,0,0,0,0,-32303,0,0,0,0,0,208898,0
208273,-4124,7040,-80,-283,414,-776,-215448,453,-52,-3288,-336,36274,141,31,66,0,0,0,0,0,0,0,0,-32303,0,0,0,0,0,208903,0
208278,-4194,7016,-148,-270,400,-754,-215350,422,2,-3382,-392,36267,148,31,66,0,0,0,0,0,0,0,0,-32305,0,0,0,0,0,208909,0
208283,-4254,7006,-144,-264,389,-736,-215260,398,8,-3431,-384,36267,148,31,66,0,0,0,0,0,0,0,0,-32305,0,0,0,0,0,208915,0
208288,-4324,6980,-176,-246,358,-709,-215176,377,-17,-3329,1088,36260,153,30,66,0,0,0,0,0,0,0,0,-32305,0,0,0,0,0,208920,0
208293,-3148,7176,-188,-234,311,-783,-214972,999,92,-881,2496,36260,153,30,66,0,0,0,0,0,0,0,0,-32304,0,0,0,0,0,208926,0
208298,-1288,7260,-380,-216,285,-924,-214567,1865,719,-38,4280,36261,153,30,66,0,0,0,0,0,0,0,0,-32304,0,0,0,0,0,208931,0
208303,938,7832,-598,-206,263,-1045,-213995,2585,1549,-7,5576,36261,153,30,66,0,0,0,0,0,0,0,0,-32304,0,0,0,0,0,208937,0
208308,2846,8830,-480,-198,224,-1339,-213286,3163,2197,-2,6472,36265,150,31,66,0,0,0,0,0,0,0,0,-32304,0,0,0,0,0,208942,0
208313,2590,8710,-486,-193,238,-1484,-212472,3623,2422,-45,7160,36265,150,31,66,0,0,0,0,0,0,0,0,-32304,0,0,0,0,0,208948,0
208318,1858,8598,-236,-191,239,-1626,-211577,3972,2106,-126,7776,36270,147,31,66,0,0,0,0,0,0,0,0,-32304,0,0,0,0,0,208953,0
208323,778,8280,-42,-217,248,-1739,-210608,4294,1688,-217,8464,36270,147,31,66,0,0,0,0,0,0,0,0,-32304,0,0,0,0,0,208958,0
208328,-1080,8300,160,-216,267,-1929,-209556,4666,1396,-269,9192,36278,143,31,66,0,0,0,0,0,0,0,0,-32304,0,0,0,0,0,208964,0
208333,-1434,8566,198,-234,268,-1992,-208420,5030,1271,-535,8704,36278,143,31,66,0,0,0,0,0,0,0,0,-32304,0,0,0,0,0,208969,0
208338,-1724,8938,152,-222,271,-2049,-207254,5135,1150,-1139,8560,36302,79,31,66,0,0,0,0,0,0,0,0,-32304,0,0,0,0,0,208975,0
208343,-2056,9170,-26,-225,272,-2102,-206098,5083,915,-1461,8496,36302,79,31,66,0,0,0,0,0,0,0,0,-32304,0,0,0,0,0,208981,0
208348,-2672,9166,-148,-216,253,-2154,-204950,5039,538,-1617,8304,36353,-35,31,66,0,0,0,0,0,0,0,0,-32304,0,0,0,0,0,208986,0
208353,-2606,9010,-174,-196,237,-2187,-203817,4981,157,-1682,8120,36353,-35,31,66,0,0,0,0,0,0,0,0,-32305,0,0,0,0,0,208991,0
208358,-2800,8898,-238,-186,197,-2210,-202707,4867,-120,-1773,7824,36407,-150,31,66,0,0,0,0,0,0,0,0,-32304,0,0,0,0,0,208997,0
208363,-3158,8542,-246,-178,163,-2221,-201624,4757,-253,-1884,7528,36407,-150,31,66,0,0,0,0,0,0,0,0,-32305,0,0,0,0,0,209002,0
208368,-3716,8174,-250,-127,88,-2255,-200555,4700,-295,-1986,7304,36453,-255,31,66,0,0,0,0,0,0,0,0,-32304,0,0,0,0,0,209008,0
208373,-3868,7906,-202,-93,47,-2272,-199500,4634,-306,-2067,7144,36453,-255,31,66,0,0,0,0,0,0,0,0,-32304,0,0,0,0,0,209013,0
208378,-3982,7704,-304,-59,-12,-2276,-198469,4516,-296,-2205,6936,36474,-289,31,66,0,0,0,0,0,0,0,0,-32305,0,0,0,0,0,209018,0
208383,-4040,7738,-186,-64,-70,-2291,-197460,4447,-286,-2328,6768,36474,-289,31,66,0,0,0,0,0,0,0,0,-32304,0,0,0,0,0,209024,0
208388,-3910,7470,-290,-4,-145,-2304,-196457,4413,-273,-2362,6704,36486,-313,31,66,0,0,0,0,0,0,0,0,-32304,0,0,0,0,0,209029,0
208393,-4032,7446,-240,21,-207,-2310,-195466,4355,-257,-2438,6432,36486,-313,31,66,0,0,0,0,0,0,0,0,-32305,0,0,0,0,0,209035,0
208398,-4002,7238,-152,58,-259,-2323,-194494,4267,-222,-2572,6376,36501,-340,31,66,0,0,0,0,0,0,0,0,-32304,0,0,0,0,0,209040,0
208403,-4160,7138,-146,77,-284,-2323,-193531,4235,-196,-2693,6264,36501,-340,31,66,0,0,0,0,0,0,0,0,-32303,0,0,0,0,0,209046,0
208408,-4274,6752,-110,106,-345,-2329,-192565,4253,-171,-2726,6248,36514,-358,31,66,0,0,0,0,0,0,0,0,-32305,0,0,0,0,0,209051,0
208413,-4256,6590,2,125,-373,-2322,-191594,4269,-114,-2815,6160,36514,-358,31,66,0,0,0,0,0,0,0,0,-32305,0,0,0,0,0,209056,0
208418,-4258,6674,-104,130,-402,-2334,-190629,4241,-41,-2913,6184,36527,-387,31,66,0,0,0,0,0,0,0,0,-32305,0,0,0,0,0,209062,0
208423,-4036,6514,22,138,-411,-2336,-189674,4204,-16,-3072,6040,36527,-387,31,66,0,0,0,0,0,0,0,0,-32303,0,0,0,0,0,209067,0
208428,-4186,6382,-124,158,-449,-2345,-188717,4212,-31,-3097,6160,36542,-419,31,66,0,0,0,0,0,0,0,0,-32303,0,0,0,0,0,209073,0
208433,-4070,6256,-100,156,-451,-2347,-187755,4235,-42,-3215,6016,36542,-419,31,66,0,0,0,0,0,0,0,0,-32305,0,0,0,0,0,209078,0
208438,-4040,6066,-58,144,-449,-2350,-186793,4224,-13,-3261,6016,36558,-443,30,66,0,0,0,0,0,0,0,0,-32306,0,0,0,0,0,209084,0
208443,-4334,5938,-110,153,-456,-2348,-185838,4187,5,-3408,5904,36558,-443,30,66,0,0,0,0,0,0,0,0,-32304,0,0,0,0,0,209089,0
208448,-4334,5982,62,129,-443,-2339,-184883,4202,-5,-3484,5920,36571,-479,31,66,0,0,0,0,0,0,0,0,-32303,0,0,0,0,0,209095,0
208453,-4694,5822,148,106,-423,-2324,-183918,4251,-7,-3553,5944,36571,-479,31,66,0,0,0,0,0,0,0,0,-32304,0,0,0,0,0,209100,0
208458,-4860,5626,38,90,-416,-2319,-182952,4245,17,-3639,5744,36587,-508,31,66,0,0,0,0,0,0,0,0,-32305,0,0,0,0,0,209106,0
208463,-4812,5718,-32,83,-400,-2308,-182001,4180,13,-3780,5768,36587,-508,31,66,0,0,0,0,0,0,0,0,-32305,0,0,0,0,0,209111,0
208468,-5176,5732,80,59,-359,-2273,-181060,4142,-21,-3918,5600,36604,-533,31,66,0,0,0,0,0,0,0,0,-32303,0,0,0,0,0,209117,0
208473,-5312,5778,90,41,-340,-2249,-180117,4148,-80,-3921,5624,36604,-533,31,66,0,0,0,0,0,0,0,0,-32303,0,0,0,0,0,209122,0
208478,-5290,5574,70,33,-325,-2234,-179184,4106,-105,-4050,5424,36617,-549,31,66,0,0,0,0,0,0,0,0,-32305,0,0,0,0,0,209127,0
208483,-5322,5606,-20,14,-306,-2211,-178265,4036,-108,-4115,5240,36617,-549,31,66,0,0,0,0,0,0,0,0,-32306,0,0,0,0,0,209133,0
208488,-5482,5294,52,-32,-232,-2152,-177355,3995,-120,-4202,5216,36624,-564,30,66,0,0,0,0,0,0,0,0,-32306,0,0,0,0,0,209138,0
208493,-5678,5382,170,-43,-211,-2128,-176449,3990,-136,-4310,5048,36624,-564,30,66,0,0,0,0,0,0,0,0,-32304,0,0,0,0,0,209144,0
208498,-5762,5478,360,-42,-215,-2101,-175547,3965,-124,-4328,4912,36633,-574,31,66,0,0,0,0,0,0,0,0,-32302,0,0,0,0,0,209149,0
208503,-5522,5692,92,-59,-188,-2077,-174659,3897,-112,-4429,4792,36633,-574,31,66,0,0,0,0,0,0,0,0,-32303,0,0,0,0,0,209154,0
208508,-5674,5806,86,-92,-124,-2022,-173796,3789,-142,-4579,4584,36639,-589,31,66,0,0,0,0,0,0,0,0,-32304,0,0,0,0,0,209160,0
208513,-5932,5766,42,-113,-95,-1986,-172955,3694,-208,-4650,4352,36639,-589,31,66,0,0,0,0,0,0,0,0,-32305,0,0,0,0,0,209165,0
208518,-5824,5822,218,-138,-56,-1958,-172129,3626,-277,-4680,4088,36637,-591,31,66,0,0,0,0,0,0,0,0,-32305,0,0,0,0,0,209171,0
208523,-6050,5680,234,-144,-34,-1922,-171322,3541,-299,-4758,3792,36637,-591,31,66,0,0,0,0,0,0,0,0,-32306,0,0,0,0,0,209176,0
208528,-6186,5726,186,-188,13,-1841,-170538,3437,-297,-4828,3440,36631,-571,31,66,0,0,0,0,0,0,0,0,-32306,0,0,0,0,0,209182,0
208533,-6168,5688,226,-219,54,-1801,-169787,3291,-317,-4905,3184,36631,-571,31,66,0,0,0,0,0,0,0,0,-32306,0,0,0,0,0,209187,0
208538,-6528,5564,220,-217,77,-1747,-169071,3135,-378,-4961,2864,36620,-550,31,66,0,0,0,0,0,0,0,0,-32305,0,0,0,0,0,209193,0
208543,-6746,5458,192,-236,95,-1696,-168385,2997,-445,-5000,2600,36620,-550,31,66,0,0,0,0,0,0,0,0,-32304,0,0,0,0,0,209198,0
208548,-6724,5270,314,-277,157,-1588,-167732,2856,-487,-5047,2064,36601,-502,31,66,0,0,0,0,0,0,0,0,-32302,0,0,0,0,0,209204,0
208553,-6896,5090,382,-289,186,-1526,-167112,2704,-499,-5145,1784,36601,-502,31,66,0,0,0,0,0,0,0,0,-32303,0,0,0,0,0,209209,0
208558,-6942,5084,466,-292,204,-1459,-166533,2530,-513,-5146,1320,36582,-440,31,66,0,0,0,0,0,0,0,0,-32306,0,0,0,0,0,209214,0
208563,-6862,5096,460,-316,230,-1385,-165999,2338,-549,-5238,1088,36582,-440,31,66,0,0,0,0,0,0,0,0,-32305,0,0,0,0,0,209220,0
208568,-6432,5022,422,-341,272,-1172,-165513,2127,-607,-5273,528,36549,-359,31,66,0,0,0,0,0,0,0,0,-32302,0,0,0,0,0,209225,0
208573,-6048,5282,390,-354,288,-1035,-165072,1914,-659,-5317,224,36549,-359,31,66,0,0,0,0,0,0,0,0,-32307,0,0,0,0,0,209231,0
208578,-5896,5542,406,-371,311,-898,-164683,1682,-704,-5421,-24,36507,-264,30,66,0,0,0,0,0,0,0,0,-32302,0,0,0,0,0,209236,0
208583,-5766,5546,366,-384,326,-739,-164363,1378,-765,-5508,-176,36507,-264,30,66,0,0,0,0,0,0,0,0,-32306,0,0,0,0,0,209242,0
208588,-5850,5700,440,-409,371,-378,-164113,1062,-861,-5546,-336,36452,-159,30,66,0,0,0,0,0,0,0,0,-32302,0,0,0,0,0,209247,0
208593,-5750,5796,472,-418,385,-189,-163927,791,-956,-5520,-536,36452,-159,30,66,0,0,0,0,0,0,0,0,-32302,0,0,0,0,0,209253,0
208598,-5796,6020,492,-431,397,-16,-163792,567,-984,-5378,-976,36378,-19,31,66,0,0,0,0,0,0,0,0,-32306,0,0,0,0,0,209258,0
208603,-5880,6126,478,-433,414,128,-163707,363,-943,-5358,-1312,36378,-19,31,66,0,0,0,0,0,0,0,0,-32307,0,0,0,0,0,209263,0
208608,-6150,6298,494,-448,445,387,-163663,174,-839,-5261,-1760,36308,137,31,66,0,0,0,0,0,0,0,0,-32306,0,0,0,0,0,209269,0
208613,-6364,6322,486,-446,453,499,-163665,-23,-759,-5198,-1992,36308,137,31,66,0,0,0,0,0,0,0,0,-32306,0,0,0,0,0,209274,0
208618,-6316,6324,464,-444,453,583,-163680,-53,-646,-5248,-1936,36242,281,31,66,0,0,0,0,0,0,0,0,-32306,0,0,0,0,0,209280,0
208623,-5990,6470,416,-448,463,646,-163681,3,-467,-5295,-1888,36242,281,31,66,0,0,0,0,0,0,0,0,-32306,0,0,0,0,0,209285,0
208628,-5734,6782,382,-443,468,712,-163681,1,-246,-5261,-1888,36199,361,31,66,0,0,0,0,0,0,0,0,-32307,0,0,0,0,0,209291,0
208633,-5682,6772,368,-438,466,750,-163681,-3,-50,-5261,-1888,36199,361,31,66,0,0,0,0,0,0,0,0,-32306,0,0,0,0,0,209296,0
208638,-5432,6700,350,-434,455,808,-163682,-9,35,-5263,-1904,36175,402,31,66,0,0,0,0,0,0,0,0,-32306,0,0,0,0,0,209302,0
208643,-5178,6674,366,-419,436,861,-163684,-13,13,-5264,-1904,36175,402,31,66,0,0,0,0,0,0,0,0,-32306,0,0,0,0,0,209307,0
208648,-4688,6650,302,-394,395,986,-163689,-17,-15,-5262,-1904,36167,405,31,66,0,0,0,0,0,0,0,0,-32306,0,0,0,0,0,209312,0
208653,-4646,6638,294,-393,377,1038,-163694,-26,-20,-5266,-1904,36167,405,31,66,0,0,0,0,0,0,0,0,-32307,0,0,0,0,0,209318,0
208658,-4552,6688,310,-384,361,1092,-163701,-31,-20,-5265,-1896,36165,413,31,66,0,0,0,0,0,0,0,0,-32306,0,0,0,0,0,209323,0
208663,-4550,6732,312,-382,338,1129,-163710,-42,-21,-5259,-1920,36165,413,31,66,0,0,0,0,0,0,0,0,-32307,0,0,0,0,0,209329,0
208668,-4504,6846,264,-355,295,1205,-163723,-61,-26,-5253,-1968,36161,420,31,66,0,0,0,0,0,0,0,0,-32306,0,0,0,0,0,209334,0
208673,-4572,6810,236,-350,275,1241,-163750,-115,-57,-5241,-1992,36161,420,31,66,0,0,0,0,0,0,0,0,-32307,0,0,0,0,0,209340,0
208678,-4672,6810,198,-338,254,1286,-163776,-118,-83,-5237,-2016,36156,416,30,66,0,0,0,0,0,0,0,0,-32306,0,0,0,0,0,209345,0
208683,-4698,6888,194,-325,225,1315,-163803,-122,-77,-5205,-2160,36156,416,30,66,0,0,0,0,0,0,0,0,-32306,0,0,0,0,0,209350,0
208688,-4922,7024,152,-297,174,1387,-163843,-182,-76,-5202,-2240,36150,423,30,66,0,0,0,0,0,0,0,0,-32306,0,0,0,0,0,209356,0
208693,-5068,7004,156,-281,143,1431,-163894,-229,-91,-5248,-2304,36150,423,30,66,0,0,0,0,0,0,0,0,-32305,0,0,0,0,0,209361,0
208698,-4952,7032,154,-261,104,1497,-163954,-262,-111,-5161,-2536,36135,434,31,66,0,0,0,0,0,0,0,0,-32304,0,0,0,0,0,209367,0
208703,-4714,7086,102,-249,74,1579,-164031,-350,-156,-5201,-2624,36135,434,31,66,0,0,0,0,0,0,0,0,-32302,0,0,0,0,0,209372,0
208708,-4584,7218,128,-218,18,1716,-164125,-424,-194,-5191,-2704,36121,459,31,66,0,0,0,0,0,0,0,0,-32302,0,0,0,0,0,209378,0
208713,-4520,7216,160,-198,-9,1784,-164233,-478,-218,-5216,-2832,36121,459,31,66,0,0,0,0,0,0,0,0,-32302,0,0,0,0,0,209383,0
208718,-4450,7178,186,-190,-44,1844,-164354,-536,-228,-5144,-3048,36105,501,31,66,0,0,0,0,0,0,0,0,-32303,0,0,0,0,0,209389,0
208723,-4410,7078,170,-172,-73,1890,-164497,-635,-242,-5127,-3192,36105,501,31,66,0,0,0,0,0,0,0,0,-32305,0,0,0,0,0,209394,0
208728,-4110,6730,90,-122,-133,2062,-164661,-727,-256,-5160,-3296,36088,537,31,66,0,0,0,0,0,0,0,0,-32306,0,0,0,0,0,209400,0
208733,-3646,6714,110,-118,-176,2172,-164842,-806,-270,-5075,-3680,36088,537,31,66,0,0,0,0,0,0,0,0,-32303,0,0,0,0,0,209405,0
208738,-3410,6784,134,-96,-208,2275,-165055,-948,-321,-5105,-3800,36069,581,31,66,0,0,0,0,0,0,0,0,-32302,0,0,0,0,0,209410,0
208743,-3460,6808,180,-86,-222,2360,-165299,-1087,-360,-5031,-4080,36069,581,31,66,0,0,0,0,0,0,0,0,-32305,0,0,0,0,0,209416,0
208748,-3746,6756,252,-71,-250,2516,-165571,-1197,-402,-5031,-4360,36043,642,31,66,0,0,0,0,0,0,0,0,-32305,0,0,0,0,0,209421,0
208753,-3798,6526,238,-53,-271,2587,-165868,-1317,-431,-5003,-4664,36043,642,31,66,0,0,0,0,0,0,0,0,-32302,0,0,0,0,0,209427,0
208758,-3734,6550,240,-43,-287,2656,-166188,-1426,-426,-4938,-4744,36014,693,31,66,0,2,0,0,0,0,0,0,-32306,0,0,0,0,0,209432,0
208763,-3710,6506,280,-23,-305,2720,-166461,-1503,-399,-4929,-4976,36014,693,31,66,0,2,0,0,0,0,0,0,-32302,0,0,0,0,0,209438,0
208768,-4044,6414,274,-5,-311,2795,-166823,-1599,-375,-4910,-5040,35989,750,31,66,0,2,0,0,0,0,0,0,-32305,0,0,0,0,0,209443,0
208773,-4040,6382,312,12,-312,2829,-167201,-1668,-343,-4863,-5072,35989,750,31,66,0,2,0,0,0,0,0,0,-32303,0,0,0,0,0,209448,0
208778,-4150,6442,206,2,-309,2857,-167590,-1718,-295,-4806,-5184,35968,801,31,66,0,2,0,0,0,0,0,0,-32305,0,0,0,0,0,209454,0
208783,-3900,6506,274,15,-308,2890,-167988,-1746,-239,-4740,-5200,35968,801,31,66,0,2,0,0,0,0,0,0,-32304,0,0,0,0,0,209459,0
208788,-3888,6650,428,26,-306,2918,-168391,-1771,-179,-4713,-5280,35950,817,31,66,0,2,0,0,0,0,0,0,-32304,0,0,0,0,0,209465,0
208793,-3966,6636,278,37,-304,2926,-168796,-1782,-118,-4686,-5328,35950,817,31,66,0,2,0,0,0,0,0,0,-32303,0,0,0,0,0,209470,0
208798,-3998,6622,414,50,-310,2942,-169203,-1792,-76,-4646,-5328,35942,827,31,66,0,2,0,0,0,0,0,0,-32305,0,0,0,0,0,209475,0
208803,-3632,6532,270,60,-331,2988,-169613,-1798,-52,-4597,-5344,35942,827,31,66,0,2,0,0,0,0,0,0,-32302,0,0,0,0,0,209481,0
208808,-3272,6602,302,81,-355,3029,-170025,-1819,-35,-4543,-5392,35938,827,31,66,0,2,0,0,0,0,0,0,-32306,0,0,0,0,0,209486,0
208813,-3220,6628,358,102,-373,3059,-170446,-1851,-48,-4498,-5520,35938,827,31,66,0,2,0,0,0,0,0,0,-32302,0,0,0,0,0,209492,0
208818,-3136,6532,204,118,-393,3114,-170874,-1887,-76,-4460,-5648,35940,814,31,66,0,2,0,0,0,0,0,0,-32306,0,0,0,0,0,209497,0
208823,-2980,6508,274,138,-417,3151,-171311,-1927,-99,-4381,-5632,35940,814,31,66,0,2,0,0,0,0,0,0,-32302,0,0,0,0,0,209503,0
208828,-2916,6500,124,178,-458,3226,-171755,-1957,-122,-4335,-5696,35941,814,31,66,0,2,0,0,0,0,0,0,-32306,0,0,0,0,0,209508,0
208833,-2774,6352,192,190,-482,3296,-172206,-1982,-120,-4272,-5640,35941,814,31,66,0,2,0,0,0,0,0,0,-32303,0,0,0,0,0,209514,0
208838,-2368,6542,158,219,-515,3387,-172664,-2017,-110,-4244,-5648,35937,822,31,66,0,2,0,0,0,0,0,0,-32304,0,0,0,0,0,209519,0
208843,-2096,6768,282,240,-535,3452,-173130,-2053,-109,-4204,-5760,35937,822,31,66,0,2,0,0,0,0,0,0,-32305,0,0,0,0,0,209525,0
208848,-2128,6986,222,252,-576,3564,-173606,-2092,-116,-4172,-6008,35935,824,31,66,0,2,0,0,0,0,0,0,-32302,0,0,0,0,0,209530,0
208853,-1984,7070,184,261,-587,3618,-174092,-2146,-130,-4100,-6072,35935,824,31,66,0,2,0,0,0,0,0,0,-32306,0,0,0,0,0,209536,0
208858,-2266,7094,188,275,-604,3651,-174589,-2188,-148,-4042,-5936,35933,828,31,66,0,2,0,0,0,0,0,0,-32304,0,0,0,0,0,209541,0
208863,-2048,7192,120,292,-630,3716,-175093,-2215,-146,-3994,-6008,35933,828,31,66,0,2,0,0,0,0,0,0,-32304,0,0,0,0,0,209546,0
208868,-1586,7222,186,295,-673,3873,-175604,-2246,-141,-3957,-6104,35934,823,31,66,0,2,0,0,0,0,0,0,-32306,0,0,0,0,0,209552,0
208873,-964,7348,162,318,-706,4011,-176118,-2269,-111,-3886,-6072,35934,823,31,66,0,2,0,0,0,0,0,0,-32303,0,0,0,0,0,209557,0
208878,-180,7824,218,305,-728,4152,-176639,-2304,-96,-3822,-6152,35937,804,30,66,0,2,0,0,0,0,0,0,-32304,0,0,0,0,0,209563,0
208883,292,8016,154,306,-750,4304,-177176,-2370,-117,-3754,-6432,35937,804,30,66,0,2,0,0,0,0,0,0,-32305,0,0,0,0,0,209568,0
208888,2342,8718,132,321,-818,4814,-177737,-2482,-177,-3718,-6696,35939,801,30,66,0,2,0,0,0,0,0,0,-32303,0,0,0,0,0,209574,0
208893,4246,9062,-46,336,-857,5202,-178339,-2664,-292,-3584,-7296,35939,801,30,66,0,2,0,0,0,0,0,0,-32303,0,0,0,0,0,209579,0
208898,5484,9450,-120,349,-880,5587,-179001,-2947,-470,-3593,-7968,35933,800,31,66,0,2,0,0,0,0,0,0,-32305,0,0,0,0,0,209585,0
208903,5650,10006,-120,364,-867,5885,-179743,-3304,-707,-3503,-8648,35933,800,31,66,0,2,0,0,0,0,0,0,-32304,0,0,0,0,0,209590,0
208908,4826,9692,756,326,-893,6479,-180575,-3699,-968,-3425,-9448,35911,864,31,66,0,2,0,0,0,0,0,0,-32303,0,0,0,0,0,209596,0
208913,4398,9320,-104,364,-849,6787,-181485,-4037,-1155,-3273,-9960,35911,864,31,66,0,2,0,0,0,0,0,0,-32302,0,0,0,0,0,209601,0
208918,3822,9518,-290,396,-842,7189,-182461,-4319,-1214,-3189,-10680,35879,947,31,66,0,2,0,0,0,0,0,0,-32304,0,0,0,0,0,209606,0
208923,3628,9650,-284,366,-853,7577,-183505,-4630,-1175,-3052,-11000,35879,947,31,66,0,2,0,0,0,0,0,0,-32305,0,0,0,0,0,209612,0
208928,4302,9242,-18,411,-938,8153,-184623,-4944,-1108,-2952,-11544,35842,1024,31,66,0,2,0,0,0,0,0,0,-32302,0,0,0,0,0,209617,0
208933,4236,9628,-224,423,-950,8423,-185788,-5146,-1021,-2750,-11952,35842,1024,31,66,0,2,0,0,0,0,0,0,-32305,0,0,0,0,0,209623,0
208938,4068,10078,-92,434,-959,8690,-187003,-5368,-945,-2588,-12480,35820,1067,31,66,0,2,0,0,0,0,0,0,-32302,0,0,0,0,0,209628,0
208943,3894,9860,-84,439,-956,8902,-188284,-5668,-899,-2532,-13024,35820,1067,31,66,0,2,0,0,0,0,0,0,-32305,0,0,0,0,0,209634,0
208948,3698,10030,-112,482,-943,9279,-189617,-5880,-855,-2350,-13352,35814,1070,31,66,0,2,0,0,0,0,0,0,-32304,0,0,0,0,0,209639,0
208953,3406,10256,-76,483,-954,9485,-190991,-6064,-822,-2199,-13864,35814,1070,31,66,0,2,0,0,0,0,0,0,-32303,0,0,0,0,0,209644,0
208958,3146,10368,-120,487,-946,9685,-192411,-6270,-790,-2068,-13944,35821,1041,31,66,0,2,0,0,0,0,0,0,-32303,0,0,0,0,0,209650,0
208963,3066,10068,-232,535,-958,9857,-193853,-6344,-680,-1929,-13960,35821,1041,31,66,0,2,0,0,0,0,0,0,-32305,0,0,0,0,0,209655,0
208968,3562,10730,-138,554,-938,10144,-195301,-6371,-506,-1735,-14112,35841,988,31,66,0,2,0,0,0,0,0,0,-32305,0,0,0,0,0,209661,0
208973,3772,11110,72,574,-909,10217,-196775,-6501,-390,-1606,-14160,35841,988,31,66,0,2,0,0,0,0,0,0,-32305,0,0,0,0,0,209666,0
208978,3590,11490,-8,593,-862,10270,-198263,-6549,-293,-1447,-14216,35879,909,31,66,0,2,0,0,0,0,0,0,-32304,0,0,0,0,0,209671,0
208983,3444,11734,-16,603,-815,10305,-199768,-6623,-257,-1251,-14296,35879,909,31,66,0,2,0,0,0,0,0,0,-32304,0,0,0,0,0,209677,0
208988,2416,11894,20,619,-741,10434,-201291,-6706,-272,-1200,-14280,35924,808,31,66,0,2,0,0,0,0,0,0,-32303,0,0,0,0,0,209682,0
208993,2150,11954,22,633,-757,10488,-202793,-6597,-183,-1014,-14064,35924,808,31,66,0,2,0,0,0,0,0,0,-32304,0,0,0,0,0,209688,0
208998,2556,12066,34,629,-754,10531,-204288,-6585,-53,-831,-13944,35976,695,31,66,0,0,0,0,0,0,0,0,-32304,0,0,0,0,0,209693,0
209003,2496,12236,112,617,-750,10521,-205778,-6556,44,-745,-13728,35976,695,31,66,0,0,0,0,0,0,0,0,-32304,0,0,0,0,0,209699,0
209008,2418,12304,254,637,-741,10404,-207256,-6494,120,-586,-13392,36023,579,31,66,0,0,0,0,0,0,0,0,-32304,0,0,0,0,0,209704,0
209013,2308,12500,218,651,-729,10313,-208727,-6486,133,-473,-13152,36023,579,31,66,0,0,0,0,0,0,0,0,-32304,0,0,0,0,0,209710,0
209018,2096,12442,208,660,-706,10209,-210182,-6380,129,-364,-12656,36074,467,31,66,0,0,0,0,0,0,0,0,-32304,0,0,0,0,0,209715,0
209023,1842,12440,172,645,-696,10128,-211598,-6208,228,-174,-12248,36074,467,31,66,0,0,0,0,0,0,0,0,-32305,0,0,0,0,0,209721,0
209028,1426,12464,142,623,-689,9942,-212987,-6103,323,-38,-11848,36129,359,31,66,0,0,0,0,0,0,0,0,-32304,0,0,0,0,0,209726,0
209033,1294,12388,192,608,-685,9844,-214341,-5934,428,31,-11296,36129,359,31,66,0,0,0,0,0,0,0,0,-32304,0,0,0,0,0,209732,0
209038,1408,12306,202,611,-663,9719,-215648,-5726,521,215,-10776,36180,251,31,66,0,0,0,0,0,0,0,0,-32304,0,0,0,0,0,209738,0
209043,2328,12044,356,587,-652,9543,-216919,-5576,558,276,-10144,36180,251,31,66,0,0,0,0,0,0,0,0,-32304,0,0,0,0,0,209744,0
209048,14534,12898,700,571,-292,6424,-218072,-4992,770,190,-7976,36223,176,31,66,0,0,0,0,0,0,0,0,-32304,0,0,0,0,0,209749,0
209053,5468,13654,778,620,99,5229,-218886,-3403,1605,60,-3392,36223,176,31,66,0,0,0,0,0,0,0,0,-32304,0,0,0,0,0,209755,0
209058,-10256,12972,1368,606,167,4993,-219161,-947,3282,300,1512,36245,136,31,66,0,0,0,0,0,0,0,0,-32304,0,0,0,0,0,209760,0
209063,-15616,10244,552,583,128,5594,-218846,1627,5476,506,4128,36245,136,31,66,0,0,0,0,0,0,0,0,-32305,0,0,0,0,0,209765,0
209068,5532,10918,-962,547,87,5451,-218192,2967,6881,-1257,2728,36263,114,31,66,0,0,0,0,0,0,0,0,-32306,0,0,0,0,0,209771,0
209073,7236,12042,-1316,450,53,4943,-217583,2609,6182,-4058,568,36263,114,31,66,0,0,0,0,0,0,0,0,-32305,0,0,0,0,0,209776,0
209078,-1336,11814,334,368,91,4350,-217236,1395,3397,-4921,-216,36311,15,31,66,0,0,0,0,0,0,0,0,-32303,0,0,0,0,0,209782,0
209083,-5750,10076,446,441,-2,4366,-217156,245,-59,-3639,-640,36311,15,31,66,0,0,0,0,0,0,0,0,-32303,0,0,0,0,0,209787,0
209088,-4204,9192,-212,463,-141,4604,-217193,-179,-2351,-1624,-336,36313,26,31,66,0,0,0,0,0,0,0,0,-32304,0,0,0,0,0,209793,0
209093,-1948,9560,1600,378,-104,4168,-217219,-97,-2655,-623,-240,36313,26,31,66,0,0,0,0,0,0,0,0,-32304,0,0,0,0,0,209798,0
209098,-3264,8868,-342,417,11,3753,-217217,19,-1641,-682,-256,36313,14,31,66,0,0,0,0,0,0,0,0,-32304,0,0,0,0,0,209804,0
209103,-2080,8818,768,386,13,3879,-217216,5,-521,-829,-240,36313,14,31,66,0,0,0,0,0,0,0,0,-32304,0,0,0,0,0,209809,0
209108,-3738,8336,420,422,49,3345,-217215,0,55,-826,-240,36262,142,31,66,0,0,0,0,0,0,0,0,-32304,0,0,0,0,0,209815,0
209113,-2378,8486,1026,405,-4,3467,-217214,2,116,-819,-240,36262,142,31,66,0,0,0,0,0,0,0,0,-32304,0,0,0,0,0,209820,0
209118,-1270,8006,1136,363,-3,3133,-217213,1,22,-828,-256,36255,128,31,66,0,0,0,0,0,0,0,0,-32304,0,0,0,0,0,209826,0
209123,-648,7896,54,352,-28,2867,-217213,5,-11,-820,-248,36255,128,31,66,0,0,0,0,0,0,0,0,-32304,0,0,0,0,0,209831,0
209128,-2062,7666,582,342,-52,2707,-217213,-2,-2,-828,-240,36256,130,30,66,0,0,0,0,0,0,0,0,-32304,0,0,0,0,0,209837,0
209133,-178,7488,472,313,-40,2554,-217212,6,0,-824,-240,36256,130,30,66,0,0,0,0,0,0,0,0,-32304,0,0,0,0,0,209842,0
209138,-456,7166,454,303,-26,2337,-217212,1,-5,-830,-248,36259,138,31,66,0,0,0,0,0,0,0,0,-32304,0,0,0,0,0,209847,0
209143,-506,7426,410,286,-27,2236,-217213,0,-2,-827,-248,36259,138,31,66,0,0,0,0,0,0,0,0,-32304,0,0,0,0,0,209853,0
209148,-394,7340,408,247,5,2031,-217212,-5,-3,-826,-232,36260,141,31,66,0,0,0,0,0,0,0,0,-32303,0,0,0,0,0,209858,0
209153,-16,7266,346,233,28,1982,-217210,-1,1,-830,-248,36260,141,31,66,0,0,0,0,0,0,0,0,-32303,0,0,0,0,0,209864,0
209158,48,7728,484,199,61,1842,-217210,4,-3,-825,-248,36271,134,31,66,0,0,0,0,0,0,0,0,-32304,0,0,0,0,0,209870,0
209163,8,7750,328,185,81,1770,-217210,-4,-3,-825,-240,36271,134,31,66,0,0,0,0,0,0,0,0,-32304,0,0,0,0,0,209875,0
209168,520,7766,290,149,129,1632,-217210,-7,-2,-827,-240,36274,132,31,66,0,0,0,0,0,0,0,0,-32304,0,0,0,0,0,209880,0
209173,198,7826,286,120,163,1491,-217209,1,-1,-830,-248,36274,132,31,66,0,0,0,0,0,0,0,0,-32304,0,0,0,0,0,209886,0
209178,20,7848,228,99,185,1456,-217208,3,-1,-833,-248,36275,125,31,66,0,0,0,0,0,0,0,0,-32304,0,0,0,0,0,209891,0
209183,126,8034,180,84,210,1409,-217208,2,-2,-826,-248,36275,125,31,66,0,0,0,0,0,0,0,0,-32303,0,0,0,0,0,209897,0
209188,730,7932,146,36,257,1282,-217208,11,1,-827,-264,36269,141,31,66,0,0,0,0,0,0,0,0,-32304,0,0,0,0,0,209902,0
209193,632,7956,174,16,296,1210,-217207,3,3,-833,-256,36269,141,31,66,0,0,0,0,0,0,0,0,-32304,0,0,0,0,0,209907,0
209198,528,7950,140,6,325,1156,-217208,0,1,-828,-248,36263,142,31,66,0,0,0,0,0,0,0,0,-32304,0,0,0,0,0,209913,0
209203,542,7876,74,-3,362,1120,-217207,0,-1,-631,48,36263,142,31,66,0,0,0,0,0,0,0,0,-32304,0,0,0,0,0,209918,0
209208,784,7718,-28,-32,433,1006,-217171,168,78,-63,112,36264,136,31,66,0,0,0,0,0,0,0,0,-32304,0,0,0,0,0,209924,0
209213,898,7724,-36,-36,474,938,-217104,304,209,7,136,36264,136,31,66,0,0,0,0,0,0,0,0,-32304,0,0,0,0,0,209929,0
209218,794,7556,-64,-42,510,881,-217020,372,323,-33,168,36258,135,31,66,0,0,0,0,0,0,0,0,-32304,0,0,0,0,0,209935,0
209223,716,7356,-42,-38,541,835,-216925,416,348,-63,152,36258,135,31,66,0,0,0,0,0,0,0,0,-32305,0,0,0,0,0,209940,0
209228,666,7056,-212,-27,599,748,-216835,400,260,-87,128,36258,131,31,66,0,0,0,0,0,0,0,0,-32304,0,0,0,0,0,209945,0
209233,724,6910,-276,-20,618,709,-216755,345,101,-116,88,36258,131,31,66,0,0,0,0,0,0,0,0,-32304,0,0,0,0,0,209951,0
209238,758,6758,-294,-3,634,664,-216691,275,-44,-133,56,36256,133,31,66,0,0,0,0,0,0,0,0,-32304,0,0,0,0,0,209956,0
209243,828,6578,-292,9,654,599,-216643,202,-151,-141,32,36256,133,31,66,0,0,0,0,0,0,0,0,-32304,0,0,0,0,0,209962,0
209248,792,6336,-376,51,675,485,-216609,140,-206,-133,16,36256,130,31,66,0,0,0,0,0,0,0,0,-32304,0,0,0,0,0,209967,0
209253,792,6242,-402,71,684,422,-216590,80,-231,-109,-16,36256,130,31,66,0,0,0,0,0,0,0,0,-32304,0,0,0,0,0,209973,0
209258,798,6132,-454,99,686,364,-216591,-10,-241,-94,-32,36258,130,31,66,0,0,0,0,0,0,0,0,-32304,0,0,0,0,0,209978,0
209263,794,6094,-522,126,688,299,-216595,-28,-216,-99,-40,36258,130,31,66,0,0,0,0,0,0,0,0,-32304,0,0,0,0,0,209984,0
209268,874,5988,-506,187,675,175,-216598,-6,-167,-98,-32,36258,130,31,66,0,0,0,0,0,0,0,0,-32304,0,0,0,0,0,209989,0
209273,914,5950,-502,210,676,103,-216600,-1,-92,-97,-32,36258,130,31,66,0,0,0,0,0,0,0,0,-32304,0,0,0,0,0,209995,0
209278,938,5930,-492,245,676,32,-216598,5,-17,-98,-32,36259,140,31,66,0,0,0,0,0,0,0,0,-32304,0,0,0,0,0,210000,0
209283,936,5878,-514,274,672,-24,-216599,-1,18,-97,-40,36259,140,31,66,0,0,0,0,0,0,0,0,-32304,0,0,0,0,0,210006,0
209288,980,5850,-476,333,665,-143,-216600,-6,15,-98,-32,36264,128,31,66,0,0,0,0,0,0,0,0,-32304,0,0,0,0,0,210011,0
209293,1048,5850,-428,367,660,-196,-216599,0,2,-99,-32,36264,128,31,66,0,0,0,0,0,0,0,0,-32304,0,0,0,0,0,210017,0
209298,1062,5894,-422,389,660,-249,-216598,9,-3,-96,-32,36263,120,31,66,0,0,0,0,0,0,0,0,-32305,0,0,0,0,0,210022,0
209303,1108,5910,-378,422,650,-308,-216598,0,0,-98,-32,36263,120,31,66,0,0,0,0,0,0,0,0,-32305,0,0,0,0,0,210027,0
209308,1172,5928,-306,475,618,-414,-216599,2,-1,-98,-32,36267,120,31,66,0,0,0,0,0,0,0,0,-32304,0,0,0,0,0,210033,0
209313,1238,5942,-282,489,609,-463,-216598,-3,-4,-97,-24,36267,120,31,66,0,0,0,0,0,0,0,0,-32304,0,0,0,0,0,210038,0
209318,1266,5958,-246,519,586,-512,-216599,2,-3,-100,-32,36269,112,31,66,0,0,0,0,0,0,0,0,-32304,0,0,0,0,0,210044,0
209323,1348,6022,-186,529,574,-556,-216599,-6,-2,-98,-32,36269,112,31,66,0,0,0,0,0,0,0,0,-32304,0,0,0,0,0,210049,0
209328,1500,6038,-90,560,533,-646,-216598,4,-2,-97,-32,36271,120,31,66,0,0,0,0,0,0,0,0,-32304,0,0,0,0,0,210055,0
209333,1610,6100,-42,564,520,-694,-216599,1,1,-97,-32,36271,120,31,66,0,0,0,0,0,0,0,0,-32304,0,0,0,0,0,210060,0
209338,1672,6110,4,578,495,-745,-216600,-3,1,-97,-32,36271,123,31,66,0,0,0,0,0,0,0,0,-32304,0,0,0,0,0,210066,0
209343,1728,6140,-22,585,478,-792,-216598,1,-5,-96,-32,36271,123,31,66,0,0,0,0,0,0,0,0,-32304,0,0,0,0,0,210071,0
209348,1892,6208,18,587,429,-887,-216598,2,4,-96,-32,36269,127,31,66,0,0,0,0,0,0,0,0,-32304,0,0,0,0,0,210077,0
209353,1972,6282,66,588,393,-931,-216599,0,3,-97,-40,36269,127,31,66,0,0,0,0,0,0,0,0,-32304,0,0,0,0,0,210082,0
209358,2040,6294,68,582,368,-983,-216597,8,0,-95,-32,36267,138,31,66,0,0,0,0,0,0,0,0,-32304,0,0,0,0,0,210088,0
209363,2098,6304,36,581,329,-1019,-216597,4,0,-97,-32,36267,138,31,66,0,0,0,0,0,0,0,0,-32304,0,0,0,0,0,210093,0
209368,2328,6402,88,571,264,-1094,-216597,0,5,-99,-32,36267,139,31,66,0,0,0,0,0,0,0,0,-32304,0,0,0,0,0,210098,0
209373,2394,6496,118,563,237,-1117,-216594,10,-1,-100,-32,36267,139,31,66,0,0,0,0,0,0,0,0,-32304,0,0,0,0,0,210104,0
209378,2484,6562,114,562,197,-1148,-216594,2,4,-99,-32,36269,132,31,66,0,0,0,0,0,0,0,0,-32304,0,0,0,0,0,210109,0
209383,2512,6612,128,554,158,-1174,-216592,9,7,-96,-24,36269,132,31,66,0,0,0,0,0,0,0,0,-32304,0,0,0,0,0,210115,0
209388,2724,6786,122,534,80,-1212,-216588,4,-1,-98,-32,36273,132,31,66,0,0,0,0,0,0,0,0,-32305,0,0,0,0,0,210120,0
209393,2800,6882,122,530,44,-1228,-216586,11,10,-100,-24,36273,132,31,66,0,0,0,0,0,0,0,0,-32304,0,0,0,0,0,210126,0
209398,2902,6962,150,516,4,-1248,-216582,21,11,-100,-24,36274,133,31,66,0,0,0,0,0,0,0,0,-32304,0,0,0,0,0,210131,0
209403,2988,7036,146,505,-34,-1262,-216570,48,17,-105,0,36274,133,31,66,0,0,0,0,0,0,0,0,-32304,0,0,0,0,0,210137,0
209408,3262,7196,156,479,-99,-1312,-216546,116,49,-113,24,36273,136,31,66,0,0,0,0,0,0,0,0,-32305,0,0,0,0,0,210142,0
209413,3366,7248,196,472,-131,-1346,-216510,163,115,-109,40,36273,136,31,66,0,0,0,0,0,0,0,0,-32305,0,0,0,0,0,210147,0
209418,3426,7292,178,455,-160,-1383,-216469,188,143,-117,64,36271,134,31,66,0,0,0,0,0,0,0,0,-32304,0,0,0,0,0,210153,0
209423,3384,7310,212,439,-195,-1414,-216422,209,140,-121,64,36271,134,31,66,0,0,0,0,0,0,0,0,-32304,0,0,0,0,0,210158,0
209428,3348,7304,178,410,-264,-1446,-216368,239,122,-128,64,36272,129,31,66,0,0,0,0,0,0,0,0,-32305,0,0,0,0,0,210164,0
209433,3384,7332,206,399,-294,-1458,-216311,257,97,-132,72,36272,129,31,66,0,0,0,0,0,0,0,0,-32304,0,0,0,0,0,210169,0
209438,3452,7316,200,385,-324,-1467,-216245,288,91,-137,88,36273,127,30,66,0,0,0,0,0,0,0,0,-32304,0,0,0,0,0,210175,0
209443,3550,7296,210,370,-358,-1475,-216169,334,97,-141,104,36273,127,30,66,0,0,0,0,0,0,0,0,-32304,0,0,0,0,0,210180,0
209448,3800,7376,268,348,-401,-1510,-216085,376,110,-155,136,36272,120,30,66,0,0,0,0,0,0,0,0,-32304,0,0,0,0,0,210185,0
209453,3854,7434,254,325,-424,-1535,-215992,419,127,-165,144,36272,120,30,66,0,0,0,0,0,0,0,0,-32304,0,0,0,0,0,210191,0
209458,3890,7476,234,319,-439,-1558,-215895,429,129,-181,128,36273,116,31,66,0,0,0,0,0,0,0,0,-32304,0,0,0,0,0,210196,0
209463,3874,7500,210,307,-459,-1581,-215793,449,117,-197,152,36273,116,31,66,0,0,0,0,0,0,0,0,-32304,0,0,0,0,0,210202,0
209468,3888,7480,172,279,-499,-1604,-215686,477,92,-207,192,36272,122,31,66,0,0,0,0,0,0,0,0,-32304,0,0,0,0,0,210207,0
209473,3976,7454,156,266,-524,-1609,-215572,502,82,-206,160,36272,122,31,66,0,0,0,0,0,0,0,0,-32304,0,0,0,0,0,210213,0
209478,4034,7474,166,257,-539,-1622,-215451,528,79,-217,160,36274,121,31,66,0,0,0,0,0,0,0,0,-32304,0,0,0,0,0,210218,0
209483,4086,7496,198,243,-551,-1634,-215328,540,89,-233,176,36274,121,31,66,0,0,0,0,0,0,0,0,-32304,0,0,0,0,0,210224,0
209488,4144,7512,136,228,-567,-1656,-215204,547,76,-258,168,36276,126,30,66,0,0,0,0,0,0,0,0,-32305,0,0,0,0,0,210229,0
209493,4156,7514,112,224,-561,-1666,-215075,558,57,-269,144,36276,126,30,66,0,0,0,0,0,0,0,0,-32304,0,0,0,0,0,210235,0
209498,4184,7504,88,213,-568,-1673,-214945,566,43,-281,144,36278,131,30,66,0,0,0,0,0,0,0,0,-32304,0,0,0,0,0,210240,0
209503,4192,7484,72,211,-571,-1683,-214817,559,32,-300,104,36278,131,30,66,0,0,0,0,0,0,0,0,-32304,0,0,0,0,0,210245,0
209508,4188,7464,78,203,-569,-1686,-214689,555,15,-320,128,36277,129,31,66,0,0,0,0,0,0,0,0,-32304,0,0,0,0,0,210251,0
209513,4222,7504,68,200,-561,-1686,-214560,569,3,-329,136,36277,129,31,66,0,0,0,0,0,0,0,0,-32304,0,0,0,0,0,210256,0
209518,4236,7512,42,193,-555,-1681,-214435,549,-6,-346,120,36274,114,31,66,0,0,0,0,0,0,0,0,-32304,0,0,0,0,0,210262,0
209523,4230,7550,54,193,-543,-1677,-214314,531,-20,-375,128,36274,114,31,66,0,0,0,0,0,0,0,0,-32304,0,0,0,0,0,210267,0
209528,4224,7572,38,180,-531,-1664,-214192,536,-26,-374,128,36272,114,31,66,0,0,0,0,0,0,0,0,-32304,0,0,0,0,0,210273,0
209533,4258,7612,18,181,-524,-1660,-214075,514,-33,-382,88,36272,114,31,66,0,0,0,0,0,0,0,0,-32304,0,0,0,0,0,210278,0
209538,4252,7680,4,176,-508,-1648,-213965,483,-42,-416,56,36276,112,31,66,0,0,0,0,0,0,0,0,-32304,0,0,0,0,0,210284,0
209543,4218,7740,-6,171,-495,-1634,-213859,461,-61,-426,64,36276,112,31,66,0,0,0,0,0,0,0,0,-32304,0,0,0,0,0,210289,0
209548,4328,7822,-40,163,-468,-1598,-213760,434,-73,-430,56,36280,120,31,66,0,0,0,0,0,0,0,0,-32304,0,0,0,0,0,210294,0
209553,4376,7880,-24,154,-444,-1585,-213663,416,-80,-426,16,36280,120,31,66,0,0,0,0,0,0,0,0,-32305,0,0,0,0,0,210300,0
209558,4400,7904,-36,149,-423,-1566,-213574,385,-76,-432,8,36280,122,31,66,0,0,0,0,0,0,0,0,-32304,0,0,0,0,0,210305,0
209563,4374,7924,-44,148,-399,-1543,-213491,356,-81,-444,16,36280,122,31,66,0,0,0,0,0,0,0,0,-32304,0,0,0,0,0,210311,0
209568,4454,7948,-80,132,-329,-1492,-213413,340,-82,-444,0,36279,111,31,66,0,0,0,0,0,0,0,0,-32304,0,0,0,0,0,210316,0
209573,4488,7954,-96,126,-308,-1465,-213337,328,-78,-447,0,36279,111,31,66,0,0,0,0,0,0,0,0,-32304,0,0,0,0,0,210322,0
209578,4466,7904,-78,120,-273,-1442,-213266,314,-67,-449,-16,36278,110,31,66,0,0,0,0,0,0,0,0,-32304,0,0,0,0,0,210327,0
209583,4434,7896,-78,119,-238,-1420,-213203,272,-64,-460,-48,36278,110,31,66,0,0,0,0,0,0,0,0,-32304,0,0,0,0,0,210332,0
209588,4322,7770,-114,111,-176,-1349,-213149,233,-82,-478,-64,36278,118,31,66,0,0,0,0,0,0,0,0,-32304,0,0,0,0,0,210338,0
209593,4250,7690,-134,113,-147,-1315,-213103,195,-104,-469,-56,36278,118,31,66,0,0,0,0,0,0,0,0,-32304,0,0,0,0,0,210344,0
209598,4216,7600,-124,114,-116,-1277,-213065,163,-114,-460,-88,36275,117,31,66,0,0,0,0,0,0,0,0,-32304,0,0,0,0,0,210349,0
209603,4194,7550,-102,117,-88,-1242,-213031,143,-123,-460,-72,36275,117,31,66,0,0,0,0,0,0,0,0,-32304,0,0,0,0,0,210355,0
209608,4238,7542,-78,129,-32,-1194,-213006,103,-109,-455,-112,36275,119,31,66,0,0,0,0,0,0,0,0,-32304,0,0,0,0,0,210360,0
209613,4182,7538,-80,132,-5,-1174,-212994,45,-117,-449,-128,36275,119,31,66,0,0,0,0,0,0,0,0,-32304,0,0,0,0,0,210365,0
209618,4144,7524,-92,133,21,-1156,-212988,29,-128,-451,-128,36276,119,31,66,0,0,0,0,0,0,0,0,-32304,0,0,0,0,0,210371,0
209623,4176,7574,-110,125,58,-1133,-212983,15,-121,-450,-136,36276,119,31,66,0,0,0,0,0,0,0,0,-32304,0,0,0,0,0,210376,0
209628,4278,7668,-70,126,120,-1111,-212979,17,-94,-448,-136,36276,115,31,66,0,0,0,0,0,0,0,0,-32304,0,0,0,0,0,210382,0
209633,4268,7734,-72,124,160,-1105,-212976,11,-55,-447,-144,36276,115,31,66,0,0,0,0,0,0,0,0,-32304,0,0,0,0,0,210387,0
209638,4224,7728,-22,124,188,-1107,-212974,4,-26,-449,-136,36272,133,31,66,0,0,0,0,0,0,0,0,-32304,0,0,0,0,0,210393,0
209643,4138,7758,-22,118,214,-1094,-212975,-2,-20,-451,-136,36272,133,31,66,0,0,0,0,0,0,0,0,-32304,0,0,0,0,0,210398,0
209648,4016,7710,-30,120,272,-1072,-212975,-1,-16,-449,-136,36272,127,31,66,0,0,0,0,0,0,0,0,-32304,0,0,0,0,0,210403,0
209653,3984,7656,-52,110,298,-1053,-212974,1,-20,-450,-144,36272,127,31,66,0,0,0,0,0,0,0,0,-32304,0,0,0,0,0,210409,0
209658,3968,7594,-10,112,310,-1041,-212974,2,-8,-452,-136,36272,135,31,66,0,0,0,0,0,0,0,0,-32304,0,0,0,0,0,210414,0
209663,3928,7564,10,104,338,-1034,-212976,-3,2,-451,-136,36272,135,31,66,0,0,0,0,0,0,0,0,-32304,0,0,0,0,0,210420,0
209668,3844,7402,8,90,378,-1012,-212975,0,-4,-450,-136,36272,132,31,66,0,0,0,0,0,0,0,0,-32304,0,0,0,0,0,210425,0
209673,3782,7314,16,97,400,-1012,-212975,-2,-2,-449,-152,36272,132,31,66,0,0,0,0,0,0,0,0,-32304,0,0,0,0,0,210431,0
209678,3680,7172,8,91,413,-1002,-212976,-5,1,-448,-144,36273,127,31,66,0,0,0,0,0,0,0,0,-32304,0,0,0,0,0,210436,0
209683,3582,7094,24,91,432,-994,-212975,0,0,-448,-144,36273,127,31,66,0,0,0,0,0,0,0,0,-32304,0,0,0,0,0,210442,0
209688,3448,6874,8,89,471,-971,-212974,7,-1,-450,-144,36273,130,31,66,0,0,0,0,0,0,0,0,-32305,0,0,0,0,0,210447,0
209693,3364,6854,-12,85,482,-965,-212974,0,2,-450,-144,36273,130,31,66,0,0,0,0,0,0,0,0,-32304,0,0,0,0,0,210452,0
209698,3302,6830,-26,90,500,-959,-212974,1,-2,-449,-136,36272,130,31,66,0,0,0,0,0,0,0,0,-32304,0,0,0,0,0,210458,0
209703,3248,6854,-52,93,518,-963,-212975,1,-3,-451,-144,36272,130,31,66,0,0,0,0,0,0,0,0,-32304,0,0,0,0,0,210463,0
209708,3136,6930,-96,93,546,-986,-212976,-3,-1,-451,-144,36270,129,31,66,0,0,0,0,0,0,0,0,-32304,0,0,0,0,0,210469,0
209713,3080,6944,-136,89,568,-989,-212975,-8,-7,-452,-144,36270,129,31,66,0,0,0,0,0,0,0,0,-32305,0,0,0,0,0,210474,0
209718,3018,6940,-90,90,580,-995,-212976,-4,3,-449,-144,36273,124,31,66,0,0,0,0,0,0,0,0,-32304,0,0,0,0,0,210480,0
209723,2962,6964,-94,90,595,-1002,-212975,2,4,-449,-144,36273,124,31,66,0,0,0,0,0,0,0,0,-32304,0,0,0,0,0,210485,0
209728,2862,7004,-90,91,638,-1002,-212975,-7,-2,-446,-144,36276,135,31,66,0,0,0,0,0,0,0,0,-32305,0,0,0,0,0,210491,0
209733,2996,7320,-58,90,661,-982,-212976,-6,1,-448,-144,36276,135,31,66,0,0,0,0,0,0,0,0,-32304,0,0,0,0,0,210496,0
209738,5500,9626,4,70,645,-512,-212980,-19,-7,-442,-160,36278,126,31,66,0,0,0,0,0,0,0,0,-32305,0,0,0,0,0,210501,0
209743,6388,10628,286,37,642,-230,-212993,-60,-29,-436,-192,36278,126,31,66,0,0,0,0,0,0,0,0,-32304,0,0,0,0,0,210507,0
209748,5970,10766,266,13,668,401,-213017,-118,-64,-423,-256,36273,138,31,66,0,0,0,0,0,0,0,0,-32304,0,0,0,0,0,210512,0
209753,5494,11812,1068,-32,682,-34,-213058,-186,-125,-418,-328,36273,138,31,66,0,0,0,0,0,0,0,0,-32304,0,0,0,0,0,210518,0
209758,4824,11322,618,-16,707,-440,-213110,-237,-166,-415,-416,36272,132,31,66,0,0,0,0,0,0,0,0,-32304,0,0,0,0,0,210523,0
209763,5482,12144,436,-15,698,-412,-213176,-298,-202,-408,-488,36272,132,31,66,0,0,0,0,0,0,0,0,-32304,0,0,0,0,0,210528,0
209768,4014,11528,-766,-11,646,-400,-213239,-342,-206,-403,-576,36269,137,31,66,0,0,0,0,0,0,0,0,-32303,0,0,0,0,0,210534,0
209773,3642,10558,-628,-21,608,-576,-213324,-375,-193,-398,-600,36269,137,31,66,0,0,0,0,0,0,0,0,-32304,0,0,0,0,0,210540,0
209778,3368,10364,-476,-10,561,-596,-213412,-388,-156,-395,-560,36269,139,31,66,0,0,0,0,0,0,0,0,-32304,0,0,0,0,0,210545,0
209783,2856,9992,-356,3,549,-548,-213495,-373,-100,-391,-512,36269,139,31,66,0,0,0,0,0,0,0,0,-32304,0,0,0,0,0,210550,0
209788,1406,8574,166,-20,592,-538,-213566,-305,-7,-390,-336,36270,140,31,66,0,0,0,0,0,0,0,0,-32304,0,0,0,0,0,210556,0
209793,624,8060,134,-15,597,-508,-213616,-219,100,-373,-224,36270,140,31,66,0,0,0,0,0,0,0,0,-32305,0,0,0,0,0,210561,0
209798,566,7506,54,-4,583,-480,-213642,-101,203,-370,-120,36273,139,31,66,0,0,0,0,0,0,0,0,-32304,0,0,0,0,0,210567,0
209803,978,7252,-36,2,587,-483,-213642,10,297,-381,-104,36273,139,31,66,0,0,0,0,0,0,0,0,-32304,0,0,0,0,0,210572,0
209808,2066,7530,-98,3,567,-445,-213642,-6,300,-382,-112,36273,137,31,66,0,0,0,0,0,0,0,0,-32304,0,0,0,0,0,210578,0
209813,2410,7522,-100,6,558,-412,-213643,-3,223,-386,-120,36273,137,31,66,0,0,0,0,0,0,0,0,-32304,0,0,0,0,0,210583,0
209818,2508,7558,-18,11,552,-419,-213649,-23,105,-381,-128,36277,119,31,66,0,0,0,0,0,0,0,0,-32304,0,0,0,0,0,210588,0
209823,2584,7592,48,12,540,-425,-213663,-67,-7,-370,-176,36277,119,31,66,0,0,0,0,0,0,0,0,-32304,0,0,0,0,0,210594,0
209828,2758,7252,62,22,509,-418,-213693,-146,-99,-358,-224,36274,120,31,66,0,0,0,0,0,0,0,0,-32304,0,0,0,0,0,210599,0
209833,2830,7190,76,21,493,-433,-213730,-176,-131,-357,-280,36274,120,31,66,0,0,0,0,0,0,0,0,-32304,0,0,0,0,0,210605,0
209838,2866,7126,88,22,469,-447,-213783,-233,-175,-348,-344,36274,128,31,66,0,0,0,0,0,0,0,0,-32304,0,0,0,0,0,210610,0
209843,3002,7120,142,20,449,-453,-213850,-305,-197,-350,-456,36274,128,31,66,0,0,0,0,0,0,0,0,-32304,0,0,0,0,0,210616,0
209848,3110,7300,194,33,418,-492,-213927,-360,-190,-330,-568,36269,138,31,66,0,0,0,0,0,0,0,0,-32304,0,0,0,0,0,210621,0
209853,3194,7396,172,38,403,-509,-214026,-439,-214,-307,-728,36269,138,31,66,0,0,0,0,0,0,0,0,-32304,0,0,0,0,0,210626,0
209858,3188,7452,178,40,392,-525,-214145,-540,-252,-287,-1024,36266,152,31,66,0,0,0,0,0,0,0,0,-32304,0,0,0,0,0,210632,0
209863,3038,7526,212,47,373,-533,-214286,-629,-278,-301,-1208,36266,152,31,66,0,0,0,0,0,0,0,0,-32304,0,0,0,0,0,210637,0
209868,2452,7440,164,53,334,-536,-214445,-707,-309,-292,-1304,36266,150,31,66,0,0,0,0,0,0,0,0,-32304,0,0,0,0,0,210643,0
209873,2136,7398,152,61,301,-532,-214617,-768,-291,-256,-1424,36266,150,31,66,0,0,0,0,0,0,0,0,-32304,0,0,0,0,0,210648,0
209878,1854,7338,168,59,273,-526,-214800,-797,-260,-240,-1424,36267,141,31,66,0,0,0,0,0,0,0,0,-32304,0,0,0,0,0,210654,0
209883,1644,7320,150,68,238,-521,-214989,-832,-201,-220,-1448,36267,141,31,66,0,0,0,0,0,0,0,0,-32304,0,0,0,0,0,210659,0
209888,1458,7384,146,69,175,-492,-215177,-839,-132,-196,-1408,36268,148,31,66,0,0,0,0,0,0,0,0,-32304,0,0,0,0,0,210665,0
209893,1470,7444,158,64,149,-469,-215366,-826,-79,-178,-1344,36268,148,31,66,0,0,0,0,0,0,0,0,-32304,0,0,0,0,0,210670,0
209898,1476,7546,170,70,117,-454,-215553,-819,-31,-147,-1312,36265,150,31,66,0,0,0,0,0,0,0,0,-32304,0,0,0,0,0,210676,0
209903,1522,7642,156,76,101,-439,-215739,-814,-4,-140,-1232,36265,150,31,66,0,0,0,0,0,0,0,0,-32304,0,0,0,0,0,210681,0
209908,5626,8524,264,73,63,-669,-215918,-788,27,-132,-1112,36266,139,31,66,0,0,0,0,0,0,0,0,-32304,0,0,0,0,0,210687,0
209913,7058,8652,152,91,51,-644,-216090,-756,55,-116,-968,36266,139,31,66,0,0,0,0,0,0,0,0,-32304,0,0,0,0,0,210692,0
209918,6242,8538,164,93,64,-705,-216249,-694,92,-98,-784,36267,134,31,66,0,0,0,0,0,0,0,0,-32304,0,0,0,0,0,210697,0
209923,4566,7944,90,107,57,-754,-216392,-623,143,-90,-560,36267,134,31,66,0,0,0,0,0,0,0,0,-32304,0,0,0,0,0,210703,0
209928,166,6008,210,105,51,-744,-216518,-547,197,-78,-320,36273,131,31,66,0,0,0,0,0,0,0,0,-32304,0,0,0,0,0,210708,0
209933,-798,4758,-18,97,60,-691,-216615,-413,256,-20,-152,36273,131,31,66,0,0,0,0,0,0,0,0,-32304,0,0,0,0,0,210714,0
209938,-770,3916,-190,97,105,-648,-216678,-253,340,18,-80,36273,129,30,66,0,0,0,0,0,0,0,0,-32304,0,0,0,0,0,210719,0
209943,878,4268,-300,114,129,-660,-216703,-88,431,-13,-32,36273,129,30,66,0,0,0,0,0,0,0,0,-32304,0,0,0,0,0,210724,0
209948,7014,8138,-34,133,214,-695,-216699,21,492,-69,0,36272,134,31,66,0,0,0,0,0,0,0,0,-32304,0,0,0,0,0,210730,0
209953,7636,9164,142,137,248,-756,-216683,67,468,-92,8,36272,134,31,66,0,0,0,0,0,0,0,0,-32304,0,0,0,0,0,210735,0
209958,6198,9090,240,132,255,-808,-216665,76,349,-94,0,36272,129,31,66,0,0,0,0,0,0,0,0,-32305,0,0,0,0,0,210741,0
209963,3732,8620,250,141,234,-863,-216659,26,175,-88,-32,36272,129,31,66,0,0,0,0,0,0,0,0,-32305,0,0,0,0,0,210746,0
209968,1188,8340,158,134,118,-915,-216660,-14,14,-91,-24,36271,126,31,66,0,0,0,0,0,0,0,0,-32304,0,0,0,0,0,210752,0
209973,1482,8604,36,126,37,-951,-216658,7,-55,-92,-24,36271,126,31,66,0,0,0,0,0,0,0,0,-32304,0,0,0,0,0,210758,0
209978,2006,8730,-104,117,-34,-972,-216660,-2,-75,-90,-24,36270,129,31,66,0,0,0,0,0,0,0,0,-32304,0,0,0,0,0,210763,0
209983,2412,8754,-118,116,-69,-996,-216659,4,-36,-88,-32,36270,129,31,66,0,0,0,0,0,0,0,0,-32304,0,0,0,0,0,210768,0
209988,2628,8582,150,135,-11,-1040,-216660,-7,-10,-91,-32,36269,133,31,66,0,0,0,0,0,0,0,0,-32304,0,0,0,0,0,210774,0
209993,2680,8558,164,142,62,-1063,-216659,0,4,-93,-24,36269,133,31,66,0,0,0,0,0,0,0,0,-32304,0,0,0,0,0,210779,0
209998,2858,8430,74,150,122,-1079,-216660,-1,-3,-91,-24,36269,141,31,66,0,0,0,0,0,0,0,0,-32305,0,0,0,0,0,210785,0
210003,3084,8226,-32,156,167,-1101,-216660,0,-4,-90,-32,36269,141,31,66,0,0,0,0,0,0,0,0,-32304,0,0,0,0,0,210790,0
210008,3208,7940,-202,159,198,-1149,-216658,0,0,-91,-32,36267,140,31,66,0,0,0,0,0,0,0,0,-32304,0,0,0,0,0,210796,0
210013,3040,7808,-196,162,184,-1166,-216659,-2,4,-92,-32,36267,140,31,66,0,0,0,0,0,0,0,0,-32304,0,0,0,0,0,210801,0
210018,2722,7738,-124,153,174,-1184,-216659,2,-1,-91,-32,36268,136,31,66,0,0,0,0,0,0,0,0,-32304,0,0,0,0,0,210806,0
210023,2426,7762,-60,158,156,-1196,-216659,5,-2,-91,-32,36268,136,31,66,0,0,0,0,0,0,0,0,-32304,0,0,0,0,0,210812,0
210028,1972,7934,-34,150,145,-1214,-216660,-2,-1,-91,-24,36273,146,31,66,0,0,0,0,0,0,0,0,-32304,0,0,0,0,0,210817,0
210033,1842,8002,-32,146,138,-1220,-216659,0,3,-89,-32,36273,146,31,66,0,0,0,0,0,0,0,0,-32304,0,0,0,0,0,210823,0
210038,1718,8010,-72,153,146,-1218,-216661,-9,-5,-88,-24,36275,137,31,66,0,0,0,0,0,0,0,0,-32304,0,0,0,0,0,210829,0
210043,1646,8036,-62,154,158,-1216,-216659,3,5,-92,-24,36275,137,31,66,0,0,0,0,0,0,0,0,-32304,0,0,0,0,0,210834,0
210048,1512,8058,-76,155,186,-1215,-216659,1,-1,-91,-24,36276,128,31,66,0,0,0,0,0,0,0,0,-32305,0,0,0,0,0,210840,0
210053,1490,8012,-86,163,199,-1207,-216660,-4,1,-91,-32,36276,128,31,66,0,0,0,0,0,0,0,0,-32304,0,0,0,0,0,210846,0
210058,1504,7920,-104,157,213,-1197,-216660,2,2,-92,-32,36273,125,31,66,0,0,0,0,0,0,0,0,-32304,0,0,0,0,0,210851,0
210063,1488,7828,-96,149,220,-1195,-216659,0,3,-92,-24,36273,125,31,66,0,0,0,0,0,0,0,0,-32304,0,0,0,0,0,210856,0
210068,1458,7734,-130,153,228,-1181,-216659,0,0,-93,-32,36270,119,31,66,0,0,0,0,0,0,0,0,-32304,0,0,0,0,0,210862,0
210073,1392,7680,-112,156,245,-1171,-216659,1,0,-93,-24,36270,119,31,66,0,0,0,0,0,0,0,0,-32305,0,0,0,0,0,210867,0
210078,1298,7674,-142,155,245,-1159,-216659,0,3,-92,-32,36268,121,30,66,0,0,0,0,0,0,0,0,-32304,0,0,0,0,0,210873,0
210083,1242,7636,-94,152,260,-1144,-216660,0,-4,-91,-24,36268,121,30,66,0,0,0,0,0,0,0,0,-32304,0,0,0,0,0,210878,0
210088,1160,7632,-166,147,289,-1123,-216660,-6,1,-89,-24,36270,127,30,66,0,0,0,0,0,0,0,0,-32304,0,0,0,0,0,210884,0
210093,1140,7714,-150,153,302,-1106,-216659,4,0,-91,-24,36270,127,30,66,0,0,0,0,0,0,0,0,-32304,0,0,0,0,0,210889,0
210098,1194,7874,-194,150,321,-1095,-216660,6,-4,-91,-24,36271,124,31,66,0,0,0,0,0,0,0,0,-32304,0,0,0,0,0,210895,0
210103,1196,7956,-236,143,337,-1086,-216660,1,1,-91,-24,36271,124,31,66,0,0,0,0,0,0,0,0,-32304,0,0,0,0,0,210900,0
210108,1062,8026,-270,141,362,-1065,-216659,-3,-1,-90,-24,36271,125,31,66,0,0,0,0,0,0,0,0,-32304,0,0,0,0,0,210906,0
210113,1052,8122,-296,135,376,-1050,-216660,1,-3,-90,-24,36271,125,31,66,0,0,0,0,0,0,0,0,-32304,0,0,0,0,0,210911,0
210118,1026,8140,-298,134,382,-1046,-216660,0,-7,-93,-24,36270,125,31,66,0,0,0,0,0,0,0,0,-32304,0,0,0,0,0,210916,0
210123,1042,8214,-322,126,381,-1032,-216660,-3,-2,-93,-32,36270,125,31,66,0,0,0,0,0,0,0,0,-32304,0,0,0,0,0,210922,0
210128,958,8262,-388,111,389,-1020,-216660,3,-3,-91,-24,36276,121,30,66,0,0,0,0,0,0,0,0,-32305,0,0,0,0,0,210927,0
210133,1034,8230,-334,103,391,-1015,-216660,1,-3,-89,-24,36276,121,30,66,0,0,0,0,0,0,0,0,-32304,0,0,0,0,0,210933,0
210138,1012,8218,-270,102,386,-1004,-216659,3,-1,-88,-24,36276,130,30,66,0,0,0,0,0,0,0,0,-32304,0,0,0,0,0,210939,0
210143,994,8164,-310,92,382,-997,-216660,2,0,-91,-24,36276,130,30,66,0,0,0,0,0,0,0,0,-32304,0,0,0,0,0,210944,0
210148,916,8010,-256,86,368,-992,-216660,-1,-2,-91,-24,36276,133,31,66,0,0,0,0,0,0,0,0,-32304,0,0,0,0,0,210949,0
210153,870,7918,-224,76,355,-984,-216660,-4,0,-91,-24,36276,133,31,66,0,0,0,0,0,0,0,0,-32304,0,0,0,0,0,210955,0
210158,832,7818,-204,69,333,-971,-216661,-7,-1,-90,-32,36272,132,30,66,0,0,0,0,0,0,0,0,-32304,0,0,0,0,0,210960,0
210163,802,7720,-188,64,315,-964,-216660,-5,-3,-93,-40,36272,132,30,66,0,0,0,0,0,0,0,0,-32304,0,0,0,0,0,210966,0
210168,806,7644,-114,63,252,-957,-216660,5,-3,-90,-24,36269,134,30,66,0,0,0,0,0,0,0,0,-32304,0,0,0,0,0,210971,0
210173,872,7618,-76,62,226,-952,-216659,1,1,-93,-32,36269,134,30,66,0,0,0,0,0,0,0,0,-32304,0,0,0,0,0,210976,0
210178,920,7634,-72,56,198,-952,-216661,0,3,-93,-24,36270,126,31,66,0,0,0,0,0,0,0,0,-32304,0,0,0,0,0,210982,0
210183,976,7718,-54,60,163,-944,-216661,1,2,-89,-16,36270,126,31,66,0,0,0,0,0,0,0,0,-32304,0,0,0,0,0,210987,0
210188,1082,7922,-20,53,106,-954,-216661,-4,-1,-91,-24,36271,123,31,66,0,0,0,0,0,0,0,0,-32304,0,0,0,0,0,210993,0
210193,1090,8064,-4,58,74,-957,-216661,1,1,-92,-32,36271,123,31,66,0,0,0,0,0,0,0,0,-32304,0,0,0,0,0,210998,0
210198,1092,8188,34,59,49,-963,-216661,4,3,-91,-24,36269,125,31,66,0,0,0,0,0,0,0,0,-32304,0,0,0,0,0,211004,0
210203,1166,8390,2,61,28,-966,-216660,6,1,-91,-32,36269,125,31,66,0,0,0,0,0,0,0,0,-32304,0,0,0,0,0,211009,0
210208,1034,8568,-28,68,-22,-987,-216660,1,5,-92,-32,36268,124,31,66,0,0,0,0,0,0,0,0,-32304,0,0,0,0,0,211014,0
210213,992,8654,-16,65,-49,-997,-216660,5,4,-92,-32,36268,124,31,66,0,0,0,0,0,0,0,0,-32304,0,0,0,0,0,211020,0
210218,962,8714,72,67,-74,-1006,-216662,-7,-3,-93,-24,36270,130,31,66,0,0,0,0,0,0,0,0,-32305,0,0,0,0,0,211025,0
210223,962,8704,42,70,-101,-1017,-216662,2,-1,-92,-32,36270,130,31,66,0,0,0,0,0,0,0,0,-32304,0,0,0,0,0,211031,0
210228,976,8552,54,73,-154,-1033,-216660,6,3,-91,-24,36273,138,31,66,0,0,0,0,0,0,0,0,-32304,0,0,0,0,0,211036,0
210233,962,8408,72,79,-176,-1042,-216662,-3,-1,-90,-24,36273,138,31,66,0,0,0,0,0,0,0,0,-32304,0,0,0,0,0,211042,0
210238,922,8248,106,79,-209,-1052,-216662,0,2,-90,-24,36273,139,31,66,0,0,0,0,0,0,0,0,-32305,0,0,0,0,0,211047,0
210243,894,8086,156,86,-230,-1053,-216661,-1,-1,-91,-32,36273,139,31,66,0,0,0,0,0,0,0,0,-32304,0,0,0,0,0,211053,0
210248,836,7866,194,94,-266,-1061,-216662,0,-4,-88,-24,36271,143,31,66,0,0,0,0,0,0,0,0,-32304,0,0,0,0,0,211058,0
210253,848,7798,180,103,-283,-1064,-216661,3,3,-91,-24,36271,143,31,66,0,0,0,0,0,0,0,0,-32304,0,0,0,0,0,211064,0
210258,802,7744,236,105,-299,-1063,-216660,-1,3,-89,-32,36271,141,31,66,0,0,0,0,0,0,0,0,-32304,0,0,0,0,0,211069,0
210263,726,7754,200,106,-312,-1064,-216662,-1,0,-92,-32,36271,141,31,66,0,0,0,0,0,0,0,0,-32305,0,0,0,0,0,211075,0
210268,702,7830,172,120,-344,-1070,-216661,-3,-6,-90,-16,36273,135,31,66,0,0,0,0,0,0,0,0,-32304,0,0,0,0,0,211080,0
210273,690,7912,146,128,-352,-1066,-216661,-3,-5,-93,-32,36273,135,31,66,0,0,0,0,0,0,0,0,-32304,0,0,0,0,0,211085,0
210278,690,7982,134,133,-365,-1065,-216661,6,-1,-90,-24,36274,138,31,66,0,0,0,0,0,0,0,0,-32304,0,0,0,0,0,211091,0
210283,638,8090,92,138,-369,-1066,-216661,0,-2,-89,-24,36274,138,31,66,0,0,0,0,0,0,0,0,-32304,0,0,0,0,0,211096,0
210288,648,8292,38,139,-375,-1070,-216661,4,1,-89,-24,36275,142,31,66,0,0,0,0,0,0,0,0,-32304,0,0,0,0,0,211102,0
210293,630,8318,90,150,-370,-1068,-216662,-1,-2,-93,-24,36275,142,31,66,0,0,0,0,0,0,0,0,-32304,0,0,0,0,0,211107,0
210298,612,8320,68,147,-361,-1075,-216661,0,-1,-92,-24,36275,138,31,66,0,0,0,0,0,0,0,0,-32304,0,0,0,0,0,211112,0
210303,606,8366,78,147,-358,-1071,-216663,-4,-1,-91,-32,36275,138,31,66,0,0,0,0,0,0,0,0,-32304,0,0,0,0,0,211118,0
210308,632,8260,4,156,-326,-1070,-216661,-4,2,-90,-32,36274,134,31,66,0,0,0,0,0,0,0,0,-32304,0,0,0,0,0,211123,0
210313,672,8242,18,161,-312,-1075,-216662,-1,-3,-92,-24,36274,134,31,66,0,0,0,0,0,0,0,0,-32304,0,0,0,0,0,211129,0
210318,684,8224,10,161,-289,-1078,-216661,-2,2,-92,-24,36274,130,31,66,0,0,0,0,0,0,0,0,-32304,0,0,0,0,0,211134,0
210323,682,8216,-30,166,-266,-1073,-216661,-2,0,-94,-32,36274,130,31,66,0,0,0,0,0,0,0,0,-32305,0,0,0,0,0,211140,0
210328,662,8172,-20,167,-223,-1076,-216661,6,0,-92,-24,36273,122,31,66,0,0,0,0,0,0,0,0,-32304,0,0,0,0,0,211145,0
210333,654,8172,-20,167,-193,-1079,-216661,6,3,-89,-24,36273,122,31,66,0,0,0,0,0,0,0,0,-32304,0,0,0,0,0,211151,0
210338,658,8194,-76,166,-170,-1076,-216662,-3,-3,-90,-24,36271,135,31,66,0,0,0,0,0,0,0,0,-32304,0,0,0,0,0,211156,0
210343,612,8182,-78,173,-143,-1077,-216661,-1,-1,-91,-24,36271,135,31,66,0,0,0,0,0,0,0,0,-32304,0,0,0,0,0,211161,0
210348,580,8150,-46,175,-89,-1076,-216661,0,2,-90,-24,36273,129,31,66,0,0,0,0,0,0,0,0,-32304,0,0,0,0,0,211167,0
210353,542,8164,-6,172,-62,-1079,-216662,5,1,-91,-24,36273,129,31,66,0,0,0,0,0,0,0,0,-32304,0,0,0,0,0,211172,0
210358,514,8140,-40,179,-36,-1078,-216661,0,-5,-92,-24,36273,138,31,66,0,0,0,0,0,0,0,0,-32304,0,0,0,0,0,211178,0
210363,552,8124,-20,178,-18,-1077,-216663,2,1,-93,-24,36273,138,31,66,0,0,0,0,0,0,0,0,-32304,0,0,0,0,0,211183,0
210368,432,8070,-16,185,32,-1077,-216661,1,3,-92,-32,36274,138,31,66,0,0,0,0,0,0,0,0,-32304,0,0,0,0,0,211189,0
210373,384,8106,-4,189,53,-1081,-216663,-3,-2,-91,-40,36274,138,31,66,0,0,0,0,0,0,0,0,-32303,0,0,0,0,0,211194,0
210378,352,8048,-48,188,68,-1080,-216661,0,-3,-91,-32,36272,133,31,66,0,0,0,0,0,0,0,0,-32304,0,0,0,0,0,211199,0
210383,382,8050,-52,189,80,-1087,-216660,5,-1,-90,-24,36272,133,31,66,0,0,0,0,0,0,0,0,-32304,0,0,0,0,0,211205,0
210388,414,8016,-48,191,101,-1090,-216662,2,2,-90,-24,36272,134,31,66,0,0,0,0,0,0,0,0,-32304,0,0,0,0,0,211210,0
210393,300,8050,-54,192,107,-1092,-216662,1,0,-91,-32,36272,134,31,66,0,0,0,0,0,0,0,0,-32304,0,0,0,0,0,211216,0
210398,240,8062,-86,189,106,-1095,-216660,4,-2,-92,-24,36272,136,31,66,0,0,0,0,0,0,0,0,-32304,0,0,0,0,0,211221,0
210403,206,8052,-98,187,105,-1094,-216662,-4,-2,-90,-24,36272,136,31,66,0,0,0,0,0,0,0,0,-32304,0,0,0,0,0,211227,0
210408,124,8106,-130,193,90,-1103,-216663,0,0,-88,-24,36270,128,31,66,0,0,0,0,0,0,0,0,-32304,0,0,0,0,0,211232,0
210413,114,8144,-118,202,83,-1110,-216661,6,-4,-89,-32,36270,128,31,66,0,0,0,0,0,0,0,0,-32305,0,0,0,0,0,211238,0
210418,114,8160,-120,196,77,-1110,-216661,0,3,-92,-24,36271,130,31,66,0,0,0,0,0,0,0,0,-32304,0,0,0,0,0,211243,0
210423,160,8170,-132,197,73,-1121,-216662,-4,3,-92,-32,36271,130,31,66,0,0,0,0,0,0,0,0,-32304,0,0,0,0,0,211249,0
210428,102,8214,-210,200,34,-1131,-216660,3,1,-89,-32,36274,133,31,66,0,0,0,0,0,0,0,0,-32304,0,0,0,0,0,211254,0
210433,210,8244,-152,201,41,-1141,-216661,3,-1,-89,-24,36274,133,31,66,0,0,0,0,0,0,0,0,-32304,0,0,0,0,0,211260,0
210438,160,8400,-126,191,40,-1157,-216662,-4,-5,-91,-24,36287,128,31,66,0,0,0,0,0,0,0,0,-32304,0,0,0,0,0,211265,0
210443,-1280,9960,20,193,35,-1213,-216662,-3,0,-91,-32,36287,128,31,66,0,0,0,0,0,0,0,0,-32304,0,0,0,0,0,211271,0
210448,-1290,9840,-132,183,-9,-1164,-216662,1,0,-91,-24,36295,131,31,66,0,0,0,0,0,0,0,0,-32304,0,0,0,0,0,211276,0
210453,612,8568,-318,213,4,-1165,-216661,2,4,-91,-32,36295,131,31,66,0,0,0,0,0,0,0,0,-32304,0,0,0,0,0,211281,0
210458,1086,8538,-74,184,-7,-1180,-216661,-1,1,-94,-32,36306,131,31,66,0,0,0,0,0,0,0,0,-32304,0,0,0,0,0,211287,0
210463,850,8316,-130,187,-8,-1203,-216661,5,2,-91,-16,36306,131,31,66,0,0,0,0,0,0,0,0,-32304,0,0,0,0,0,211292,0
210468,532,7906,-232,199,-2,-1239,-216663,-5,-1,-91,-24,36298,133,31,66,0,0,0,0,0,0,0,0,-32304,0,0,0,0,0,211298,0
210473,238,7872,-100,196,1,-1247,-216662,0,0,-92,-24,36298,133,31,66,0,0,0,0,0,0,0,0,-32304,0,0,0,0,0,211303,0
210478,-162,7904,-108,198,-1,-1250,-216662,-1,0,-90,-32,36289,145,31,66,0,0,0,0,0,0,0,0,-32304,0,0,0,0,0,211308,0
210483,-720,8000,-90,200,-4,-1242,-216662,0,4,-90,-32,36289,145,31,66,0,0,0,0,0,0,0,0,-32304,0,0,0,0,0,211314,0
210488,-1168,8100,-26,198,-19,-1216,-216661,2,-1,-91,-32,36276,138,31,66,0,0,0,0,0,0,0,0,-32304,0,0,0,0,0,211319,0
210493,-870,7958,-98,207,-26,-1203,-216661,1,0,-91,-24,36276,138,31,66,0,0,0,0,0,0,0,0,-32304,0,0,0,0,0,211325,0
210498,-612,7906,-150,210,-29,-1200,-216660,3,-1,-90,-24,36270,138,31,66,0,0,0,0,0,0,0,0,-32304,0,0,0,0,0,211330,0
210503,-432,7926,-188,212,-29,-1199,-216662,0,-2,-91,-32,36270,138,31,66,0,0,0,0,0,0,0,0,-32304,0,0,0,0,0,211336,0
210508,-490,8168,-300,206,-29,-1191,-216661,0,0,-89,-24,36271,141,31,66,0,0,0,0,0,0,0,0,-32304,0,0,0,0,0,211342,0
210513,-558,8198,-274,203,-24,-1180,-216662,0,-5,-89,-32,36271,141,31,66,0,0,0,0,0,0,0,0,-32304,0,0,0,0,0,211347,0
210518,-634,8172,-264,197,-25,-1170,-216662,-1,-1,-91,-32,36272,146,31,66,0,0,0,0,0,0,0,0,-32304,0,0,0,0,0,211352,0
210523,-692,8198,-224,197,-27,-1163,-216662,-5,-1,-92,-32,36272,146,31,66,0,0,0,0,0,0,0,0,-32304,0,0,0,0,0,211358,0
210528,-802,8076,-224,201,-21,-1149,-216662,0,-2,-90,-24,36273,139,31,66,0,0,0,0,0,0,0,0,-32305,0,0,0,0,0,211363,0
210533,-784,8038,-216,198,-11,-1142,-216662,6,0,-88,-32,36273,139,31,66,0,0,0,0,0,0,0,0,-32304,0,0,0,0,0,211369,0
210538,-820,8002,-238,196,-20,-1131,-216663,0,-2,-90,-24,36273,131,31,66,0,0,0,0,0,0,0,0,-32304,0,0,0,0,0,211374,0
210543,-844,7992,-250,197,-17,-1133,-216662,0,0,-91,-24,36273,131,31,66,0,0,0,0,0,0,0,0,-32304,0,0,0,0,0,211380,0
210548,-874,8014,-244,192,-18,-1113,-216663,-2,1,-91,-32,36273,117,30,66,0,0,0,0,0,0,0,0,-32304,0,0,0,0,0,211385,0
210553,-918,8028,-254,190,-15,-1106,-216663,2,1,-90,-32,36273,117,30,66,0,0,0,0,0,0,0,0,-32304,0,0,0,0,0,211390,0
210558,-966,8038,-244,190,-16,-1094,-216663,0,-3,-90,-24,36277,119,30,66,0,0,0,0,0,0,0,0,-32304,0,0,0,0,0,211396,0
210563,-940,8042,-224,185,-9,-1090,-216671,-41,-7,-524,-608,36277,119,30,66,0,0,0,0,0,0,0,0,-32304,0,0,0,0,0,211401,0
210568,-918,8032,-240,194,-8,-1069,-216733,-279,-114,-1108,-896,36276,122,31,66,0,0,0,0,0,0,0,0,-32305,0,0,0,0,0,211407,0
210573,-1024,7998,-278,186,-3,-1068,-216820,-402,-277,-755,-856,36276,122,31,66,0,0,0,0,0,0,0,0,-32304,0,0,0,0,0,211412,0
210578,-892,8008,-270,186,-7,-1057,-216916,-425,-393,-541,-672,36274,130,31,66,0,0,0,0,0,0,0,0,-32304,0,0,0,0,0,211417,0
210583,-942,8040,-292,181,-8,-1049,-217000,-369,-343,-428,-488,36274,130,31,66,0,0,0,0,0,0,0,0,-32304,0,0,0,0,0,211423,0
210588,-960,8034,-322,182,-12,-1037,-217061,-249,-146,-420,-360,36265,143,31,66,0,0,0,0,0,0,0,0,-32304,0,0,0,0,0,211428,0
210593,-1022,8016,-334,180,-16,-1041,-217097,-147,108,-520,-312,36265,143,31,66,0,0,0,0,0,0,0,0,-32304,0,0,0,0,0,211434,0
210598,-1006,8024,-312,176,-12,-1027,-217115,-81,265,-683,-344,36265,147,31,66,0,0,0,0,0,0,0,0,-32304,0,0,0,0,0,211439,0
210603,-1018,8040,-358,182,-17,-1023,-217131,-69,289,-765,-336,36265,147,31,66,0,0,0,0,0,0,0,0,-32303,0,0,0,0,0,211444,0
210608,-1082,8024,-334,173,-21,-1014,-217139,-22,237,-803,-296,36266,135,31,66,0,0,0,0,0,0,0,0,-32304,0,0,0,0,0,211450,0
210613,-1158,7962,-326,169,-23,-1004,-217139,3,157,-855,-296,36266,135,31,66,0,0,0,0,0,0,0,0,-32303,0,0,0,0,0,211455,0
210618,-1266,7958,-344,168,-22,-996,-217140,0,103,-888,-288,36267,134,31,66,0,0,0,0,0,0,0,0,-32304,0,0,0,0,0,211461,0
210623,-1332,7900,-332,169,-23,-991,-217141,-2,71,-895,-288,36267,134,31,66,0,0,0,0,0,0,0,0,-32304,0,0,0,0,0,211466,0
210628,-1438,7832,-264,160,-36,-972,-217140,-5,42,-892,-280,36268,128,31,66,0,0,0,0,0,0,0,0,-32304,0,0,0,0,0,211472,0
210633,-1536,7508,-152,178,-33,-964,-217140,5,16,-894,-296,36268,128,31,66,0,0,0,0,0,0,0,0,-32304,0,0,0,0,0,211477,0
210638,-1502,8078,116,154,-47,-949,-217140,3,1,-892,-296,36268,134,31,66,0,0,0,0,0,0,0,0,-32303,0,0,0,0,0,211483,0
210643,-1506,7962,-186,159,-39,-945,-217140,0,3,-887,-296,36268,134,31,66,0,0,0,0,0,0,0,0,-32303,0,0,0,0,0,211488,0
210648,-1432,7972,-232,163,-33,-928,-217142,-6,-2,-886,-288,36267,137,31,66,0,0,0,0,0,0,0,0,-32304,0,0,0,0,0,211494,0
210653,-1454,7936,-256,161,-34,-916,-217141,-2,-3,-886,-304,36267,137,31,66,0,0,0,0,0,0,0,0,-32304,0,0,0,0,0,211499,0
210658,-1400,7936,-284,163,-35,-912,-217141,-3,-7,-887,-280,36269,125,31,66,0,0,0,0,0,0,0,0,-32304,0,0,0,0,0,211505,0
210663,-1406,7952,-236,165,-36,-902,-217143,-7,4,-889,-288,36269,125,31,66,0,0,0,0,0,0,0,0,-32303,0,0,0,0,0,211510,0
210668,-1400,8026,-214,166,-40,-887,-217143,-1,-1,-880,-304,36267,128,31,66,0,0,0,0,0,0,0,0,-32304,0,0,0,0,0,211515,0
210673,-1432,8054,-240,166,-35,-882,-217145,-1,0,-881,-296,36267,128,31,66,0,0,0,0,0,0,0,0,-32304,0,0,0,0,0,211521,0
210678,-1346,8030,-210,164,-30,-872,-217146,-5,-3,-881,-288,36269,121,31,66,0,0,0,0,0,0,0,0,-32304,0,0,0,0,0,211526,0
210683,-1350,7984,-258,164,-29,-858,-217146,-4,-2,-882,-296,36269,121,31,66,0,0,0,0,0,0,0,0,-32303,0,0,0,0,0,211532,0
210688,-1358,8036,-240,164,-27,-857,-217146,1,1,-884,-288,36269,128,31,66,0,0,0,0,0,0,0,0,-32304,0,0,0,0,0,211537,0
210693,-1350,8002,-224,171,-15,-852,-217149,-14,-2,-883,-280,36269,128,31,66,0,0,0,0,0,0,0,0,-32303,0,0,0,0,0,211543,0
210698,-1314,8018,-278,162,-12,-841,-217149,-9,-3,-875,-288,36270,130,31,66,0,0,0,0,0,0,0,0,-32304,0,0,0,0,0,211548,0
210703,-1358,8004,-246,164,-7,-838,-217150,-5,-2,-887,-296,36270,130,31,66,0,0,0,0,0,0,0,0,-32304,0,0,0,0,0,211554,0
210708,-1398,8028,-232,161,10,-827,-217150,-7,4,-876,-288,36267,131,31,66,0,0,0,0,0,0,0,0,-32304,0,0,0,0,0,211559,0
210713,-1432,7962,-222,166,13,-819,-217150,0,3,-876,-296,36267,131,31,66,0,0,0,0,0,0,0,0,-32304,0,0,0,0,0,211565,0
210718,-1304,8338,-288,155,34,-815,-217151,0,5,-878,-304,36266,134,31,66,0,0,0,0,0,0,0,0,-32304,0,0,0,0,0,211570,0
210723,-1478,7854,48,172,29,-811,-217150,1,1,-877,-288,36266,134,31,66,0,0,0,0,0,0,0,0,-32304,0,0,0,0,0,211575,0
210728,-1910,8366,-294,149,21,-801,-217153,-8,-5,-881,-272,36267,146,31,66,0,0,0,0,0,0,0,0,-32304,0,0,0,0,0,211581,0
210733,-1586,7704,-276,182,74,-797,-217151,6,1,-875,-288,36267,146,31,66,0,0,0,0,0,0,0,0,-32303,0,0,0,0,0,211586,0
210738,-1686,8054,88,154,63,-796,-217154,-2,-3,-880,-280,36268,142,31,66,0,0,0,0,0,0,0,0,-32304,0,0,0,0,0,211592,0
210743,-1588,7996,-84,163,67,-781,-217154,-2,2,-871,-288,36268,142,31,66,0,0,0,0,0,0,0,0,-32304,0,0,0,0,0,211597,0
210748,-1648,8042,-106,171,90,-763,-217154,-1,-1,-878,-296,36267,140,30,66,0,0,0,0,0,0,0,0,-32304,0,0,0,0,0,211603,0
210753,-1464,7938,84,163,103,-763,-217153,4,2,-873,-272,36267,140,30,66,0,0,0,0,0,0,0,0,-32304,0,0,0,0,0,211608,0
210758,-1350,8396,-366,145,125,-754,-217154,-2,3,-880,-288,36268,136,31,66,0,0,0,0,0,0,0,0,-32304,0,0,0,0,0,211613,0
210763,-1546,7994,276,186,139,-756,-217155,-1,1,-872,-272,36268,136,31,66,0,0,0,0,0,0,0,0,-32303,0,0,0,0,0,211619,0
210768,-1800,7736,-244,190,122,-733,-217157,-6,-7,-872,-272,36278,130,31,66,0,0,0,0,0,0,0,0,-32304,0,0,0,0,0,211624,0
210773,-1938,7854,-186,198,110,-728,-217156,2,0,-873,-296,36278,130,31,66,0,0,0,0,0,0,0,0,-32304,0,0,0,0,0,211630,0
210778,-1898,7836,-156,203,94,-717,-217157,1,1,-873,-288,36279,126,31,66,0,0,0,0,0,0,0,0,-32304,0,0,0,0,0,211635,0
210783,-1910,7840,-188,214,75,-714,-217157,6,3,-871,-296,36279,126,31,66,0,0,0,0,0,0,0,0,-32303,0,0,0,0,0,211641,0
210788,-1762,8188,-226,236,41,-705,-217159,-2,-1,-866,-288,36278,136,31,66,0,0,0,0,0,0,0,0,-32304,0,0,0,0,0,211646,0
210793,-1788,7794,136,261,19,-700,-217159,0,-3,-864,-288,36278,136,31,66,0,0,0,0,0,0,0,0,-32304,0,0,0,0,0,211651,0
210798,-1936,8186,-90,262,-2,-686,-217163,-15,-7,-869,-280,36270,133,30,66,0,0,0,0,0,0,0,0,-32303,0,0,0,0,0,211657,0
210803,-1770,7688,-178,272,-16,-686,-217166,-20,-10,-853,-280,36270,133,30,66,0,0,0,0,0,0,0,0,-32304,0,0,0,0,0,211662,0
210808,-1676,7772,-412,285,-41,-684,-217172,-29,-19,-833,-288,36268,142,30,66,0,0,0,0,0,0,0,0,-32304,0,0,0,0,0,211668,0
210813,-1762,7910,-320,294,-51,-683,-217179,-34,-24,-808,-288,36268,142,30,66,0,0,0,0,0,0,0,0,-32303,0,0,0,0,0,211673,0
210818,-1730,7620,-252,301,-66,-683,-217189,-50,-33,-794,-272,36267,137,31,66,0,0,0,0,0,0,0,0,-32304,0,0,0,0,0,211679,0
210823,-1844,8150,-290,303,-99,-680,-217196,-23,-19,-769,-264,36267,137,31,66,0,0,0,0,0,0,0,0,-32304,0,0,0,0,0,211684,0
210828,-1950,7712,-578,313,-107,-671,-217197,-3,5,-809,-272,36267,129,31,66,0,0,0,0,0,0,0,0,-32304,0,0,0,0,0,211690,0
210833,-2042,7984,-330,312,-123,-680,-217196,-5,31,-836,-264,36267,129,31,66,0,0,0,0,0,0,0,0,-32304,0,0,0,0,0,211695,0
210838,-1756,8014,-412,308,-140,-680,-217196,0,41,-840,-264,36266,136,31,66,0,0,0,0,0,0,0,0,-32304,0,0,0,0,0,211700,0
210843,-1620,7996,-634,312,-146,-681,-217196,0,27,-835,-280,36266,136,31,66,0,0,0,0,0,0,0,0,-32304,0,0,0,0,0,211706,0
210848,-1870,8404,-640,312,-183,-692,-217196,2,5,-838,-264,36267,130,31,66,0,0,0,0,0,0,0,0,-32304,0,0,0,0,0,211711,0
210853,-1454,8440,-676,301,-189,-700,-217196,-4,3,-842,-272,36267,130,31,66,0,0,0,0,0,0,0,0,-32304,0,0,0,0,0,211717,0
210858,-1182,8468,-854,300,-193,-697,-217196,-1,1,-834,-280,36265,124,31,66,0,0,0,0,0,0,0,0,-32304,0,0,0,0,0,211722,0
210863,-1362,8262,-798,299,-192,-714,-217197,2,-5,-834,-272,36265,124,31,66,0,0,0,0,0,0,0,0,-32304,0,0,0,0,0,211728,0
210868,-1382,8508,-860,256,-216,-724,-217195,3,1,-839,-280,36266,127,31,66,0,0,0,0,0,0,0,0,-32304,0,0,0,0,0,211733,0
210873,-1262,8338,-1176,254,-209,-734,-217196,0,-2,-841,-272,36266,127,31,66,0,0,0,0,0,0,0,0,-32303,0,0,0,0,0,211738,0
210878,-1324,8570,-1022,238,-205,-747,-217196,2,-1,-833,-288,36270,136,31,66,0,0,0,0,0,0,0,0,-32304,0,0,0,0,0,211744,0
210883,-1248,8600,-1092,215,-207,-766,-217197,-4,-2,-841,-272,36270,136,31,66,0,0,0,0,0,0,0,0,-32304,0,0,0,0,0,211749,0
210888,-1364,8706,-1282,185,-204,-786,-217197,-6,-2,-839,-264,36270,137,31,66,0,0,0,0,0,0,0,0,-32303,0,0,0,0,0,211755,0
210893,-1216,8920,-1248,157,-208,-803,-217197,-3,-3,-840,-264,36270,137,31,66,0,0,0,0,0,0,0,0,-32304,0,0,0,0,0,211760,0
210898,-1152,8880,-1274,144,-211,-810,-217196,-1,0,-837,-280,36272,139,31,66,0,0,0,0,0,0,0,0,-32303,0,0,0,0,0,211765,0
210903,-1168,9066,-1322,122,-207,-830,-217195,0,5,-843,-264,36272,139,31,66,0,0,0,0,0,0,0,0,-32304,0,0,0,0,0,211771,0
210908,-1212,9172,-1172,73,-181,-850,-217196,8,1,-840,-264,36268,136,31,66,0,0,0,0,0,0,0,0,-32304,0,0,0,0,0,211776,0
210913,-1228,9180,-1146,47,-169,-857,-217197,-6,0,-838,-256,36268,136,31,66,0,0,0,0,0,0,0,0,-32304,0,0,0,0,0,211782,0
210918,-1300,9140,-1106,15,-155,-864,-217196,0,3,-836,-272,36268,144,31,66,0,0,0,0,0,0,0,0,-32304,0,0,0,0,0,211787,0
210923,-1300,9068,-1070,-10,-135,-876,-217196,-1,2,-835,-272,36268,144,31,66,0,0,0,0,0,0,0,0,-32304,0,0,0,0,0,211793,0
210928,-1428,8842,-1012,-63,-79,-889,-217196,8,-2,-841,-272,36265,142,31,66,0,0,0,0,0,0,0,0,-32304,0,0,0,0,0,211798,0
210933,-1520,8688,-980,-91,-49,-898,-217195,10,2,-846,-264,36265,142,31,66,0,0,0,0,0,0,0,0,-32304,0,0,0,0,0,211804,0
210938,-1652,8514,-936,-117,-30,-900,-217196,2,4,-839,-272,36265,139,31,66,0,0,0,0,0,0,0,0,-32304,0,0,0,0,0,211809,0
210943,-1776,8290,-862,-137,-10,-910,-217194,6,5,-840,-280,36265,139,31,66,0,0,0,0,0,0,0,0,-32304,0,0,0,0,0,211815,0
210948,-2062,7956,-768,-177,23,-904,-217195,-2,-1,-847,-264,36268,142,31,66,0,0,0,0,0,0,0,0,-32304,0,0,0,0,0,211820,0
210953,-2130,7832,-750,-203,38,-909,-217194,0,-1,-841,-264,36268,142,31,66,0,0,0,0,0,0,0,0,-32304,0,0,0,0,0,211825,0
210958,-2236,7588,-648,-211,39,-914,-217193,9,2,-842,-264,36269,141,31,66,0,0,0,0,0,0,0,0,-32304,0,0,0,0,0,211831,0
210963,-2218,7472,-638,-222,48,-914,-217193,2,-3,-844,-264,36269,141,31,66,0,0,0,0,0,0,0,0,-32304,0,0,0,0,0,211836,0
210968,-2246,7396,-472,-246,61,-921,-217192,6,3,-842,-256,36268,132,31,66,0,0,0,0,0,0,0,0,-32304,0,0,0,0,0,211842,0
210973,-2282,7328,-418,-248,66,-924,-217192,7,3,-845,-248,36268,132,31,66,0,0,0,0,0,0,0,0,-32303,0,0,0,0,0,211847,0
210978,-2358,7268,-348,-254,76,-923,-217192,1,-1,-845,-264,36271,130,31,66,0,0,0,0,0,0,0,0,-32304,0,0,0,0,0,211853,0
210983,-2362,7242,-336,-262,78,-923,-217192,-5,-3,-850,-256,36271,130,31,66,0,0,0,0,0,0,0,0,-32304,0,0,0,0,0,211858,0
210988,-2424,7284,-240,-266,89,-926,-217190,9,3,-844,-248,36272,130,31,66,0,0,0,0,0,0,0,0,-32304,0,0,0,0,0,211864,0
210993,-2456,7336,-232,-262,100,-925,-217190,0,-5,-858,-248,36272,130,31,66,0,0,0,0,0,0,0,0,-32304,0,0,0,0,0,211869,0
210998,-2424,7388,-140,-263,95,-923,-217189,3,0,-853,-264,36273,134,31,66,0,0,0,0,0,0,0,0,-32304,0,0,0,0,0,211874,0
211003,-2388,7436,-126,-256,102,-928,-217188,7,0,-850,-240,36273,134,31,66,0,0,0,0,0,0,0,0,-32304,0,0,0,0,0,211880,0
211008,-2190,7622,-42,-255,116,-930,-217188,7,3,-847,-248,36270,142,31,66,0,0,0,0,0,0,0,0,-32303,0,0,0,0,0,211886,0
211013,-2110,7724,-6,-254,120,-941,-217188,-3,-3,-851,-256,36270,142,31,66,0,0,0,0,0,0,0,0,-32303,0,0,0,0,0,211891,0
211018,-2072,7756,54,-253,125,-939,-217187,1,-2,-851,-264,36270,132,31,66,0,0,0,0,0,0,0,0,-32304,0,0,0,0,0,211896,0
211023,-2050,7816,128,-245,140,-949,-217187,2,-1,-848,-248,36270,132,31,66,0,0,0,0,0,0,0,0,-32304,0,0,0,0,0,211902,0
211028,-2006,7726,192,-232,154,-966,-217185,1,1,-856,-256,36269,133,31,66,0,0,0,0,0,0,0,0,-32304,0,0,0,0,0,211907,0
211033,-1982,7716,190,-227,161,-983,-217185,12,1,-849,-272,36269,133,31,66,0,0,0,0,0,0,0,0,-32303,0,0,0,0,0,211913,0
211038,-1992,7642,188,-224,178,-990,-217184,0,1,-859,-264,36269,143,31,66,0,0,0,0,0,0,0,0,-32304,0,0,0,0,0,211919,0
211043,-2144,7562,226,-211,178,-1003,-217184,2,5,-855,-272,36269,143,31,66,0,0,0,0,0,0,0,0,-32304,0,0,0,0,0,211925,0
211048,-2214,7544,178,-188,175,-1027,-217182,4,3,-859,-264,36267,142,31,66,0,0,0,0,0,0,0,0,-32304,0,0,0,0,0,211930,0
211053,-2276,7544,178,-183,173,-1034,-217182,2,-3,-859,-272,36267,142,31,66,0,0,0,0,0,0,0,0,-32304,0,0,0,0,0,211935,0
211058,-2336,7524,144,-165,184,-1045,-217181,10,-1,-854,-280,36268,136,31,66,0,0,0,0,0,0,0,0,-32304,0,0,0,0,0,211941,0
211063,-2440,7552,120,-158,181,-1044,-217179,1,6,-858,-280,36268,136,31,66,0,0,0,0,0,0,0,0,-32304,0,0,0,0,0,211946,0
211068,-2384,7808,62,-141,198,-1060,-217178,6,3,-861,-280,36268,131,31,66,0,0,0,0,0,0,0,0,-32304,0,0,0,0,0,211952,0
211073,-2330,7910,-26,-141,197,-1063,-217178,4,0,-866,-272,36268,131,31,66,0,0,0,0,0,0,0,0,-32304,0,0,0,0,0,211957,0
211078,-2248,7994,-72,-144,208,-1066,-217176,4,3,-866,-272,36270,130,31,66,0,0,0,0,0,0,0,0,-32304,0,0,0,0,0,211963,0
211083,-2280,8056,-64,-136,212,-1077,-217174,10,4,-872,-280,36270,130,31,66,0,0,0,0,0,0,0,0,-32304,0,0,0,0,0,211968,0
211088,-2394,8088,-58,-136,226,-1080,-217171,9,5,-884,-256,36268,146,31,66,0,0,0,0,0,0,0,0,-32303,0,0,0,0,0,211973,0
211093,-2476,8040,-64,-132,233,-1082,-217166,26,15,-890,-264,36268,146,31,66,0,0,0,0,0,0,0,0,-32304,0,0,0,0,0,211979,0
211098,-2480,8000,-66,-132,231,-1085,-217158,43,25,-911,-272,36269,147,31,66,0,0,0,0,0,0,0,0,-32304,0,0,0,0,0,211984,0
211103,-2510,7954,-84,-132,242,-1092,-217144,67,41,-963,-256,36269,147,31,66,0,0,0,0,0,0,0,0,-32304,0,0,0,0,0,211990,0
211108,-2540,7874,-140,-136,259,-1095,-217125,79,55,-1009,-304,36270,149,31,66,0,0,0,0,0,0,0,0,-32304,0,0,0,0,0,211995,0
211113,-2638,7846,-182,-137,269,-1090,-217121,16,29,-992,-320,36270,149,31,66,0,0,0,0,0,0,0,0,-32304,0,0,0,0,0,212001,0
211118,-2750,7816,-192,-141,269,-1094,-217122,1,-24,-930,-296,36267,134,31,66,0,0,0,0,0,0,0,0,-32304,0,0,0,0,0,212006,0
211123,-2766,7782,-194,-138,278,-1089,-217121,0,-62,-916,-296,36267,134,31,66,0,0,0,0,0,0,0,0,-32304,0,0,0,0,0,212012,0
211128,-2782,7764,-260,-150,286,-1095,-217118,12,-52,-919,-288,36267,133,31,66,0,0,0,0,0,0,0,0,-32304,0,0,0,0,0,212017,0
211133,-2778,7780,-298,-151,285,-1102,-217116,22,-15,-936,-288,36267,133,31,66,0,0,0,0,0,0,0,0,-32304,0,0,0,0,0,212023,0
211138,-2548,7790,-334,-159,288,-1110,-217109,37,22,-959,-264,36267,131,30,66,0,0,0,0,0,0,0,0,-32304,0,0,0,0,0,212028,0
211143,-2498,7836,-388,-157,285,-1121,-217095,66,48,-1008,-240,36267,131,30,66,0,0,0,0,0,0,0,0,-32304,0,0,0,0,0,212034,0
211148,-2222,7912,-516,-162,289,-1157,-217063,148,95,-1111,-200,36267,137,30,66,0,0,0,0,0,0,0,0,-32303,0,0,0,0,0,212039,0
211153,-2192,7886,-502,-172,292,-1171,-217018,206,144,-1249,-192,36267,137,30,66,0,0,0,0,0,0,0,0,-32304,0,0,0,0,0,212044,0
211158,-2214,7912,-462,-181,284,-1190,-216959,256,194,-1406,-176,36268,127,31,66,0,0,0,0,0,0,0,0,-32304,0,0,0,0,0,212050,0
211163,-2368,7878,-430,-176,284,-1207,-216892,296,200,-1546,-192,36268,127,31,66,0,0,0,0,0,0,0,0,-32304,0,0,0,0,0,212055,0
211168,-2810,7796,-352,-194,288,-1227,-216818,333,174,-1680,-144,36270,127,31,66,0,0,0,0,0,0,0,0,-32305,0,0,0,0,0,212061,0
211173,-2856,7756,-310,-197,289,-1233,-216735,364,144,-1823,-176,36270,127,31,66,0,0,0,0,0,0,0,0,-32305,0,0,0,0,0,212066,0
211178,-2956,7738,-308,-205,289,-1228,-216643,403,132,-1965,-160,36271,129,31,66,0,0,0,0,0,0,0,0,-32305,0,0,0,0,0,212071,0
211183,-3014,7694,-338,-205,297,-1238,-216545,441,126,-2128,-160,36271,129,31,66,0,0,0,0,0,0,0,0,-32304,0,0,0,0,0,212077,0
211188,-3054,7608,-400,-213,291,-1247,-216437,469,126,-2280,-112,36273,121,30,66,0,0,0,0,0,0,0,0,-32303,0,0,0,0,0,212083,0
211193,-3094,7506,-362,-218,284,-1242,-216327,480,114,-2439,-184,36273,121,30,66,0,0,0,0,0,0,0,0,-32303,0,0,0,0,0,212088,0
211198,-3304,7450,-394,-216,285,-1237,-216218,485,80,-2571,-192,36273,120,30,66,0,0,0,0,0,0,0,0,-32303,0,0,0,0,0,212093,0
211203,-3376,7374,-376,-218,273,-1239,-216107,493,51,-2671,-216,36273,120,30,66,0,0,0,0,0,0,0,0,-32305,0,0,0,0,0,212099,0
211208,-3572,7292,-362,-201,249,-1234,-215991,510,32,-2797,-200,36276,128,31,66,0,0,0,0,0,0,0,0,-32306,0,0,0,0,0,212104,0
211213,-3570,7292,-374,-201,241,-1227,-215873,510,34,-2963,-224,36276,128,31,66,0,0,0,0,0,0,0,0,-32305,0,0,0,0,0,212110,0
211218,-3618,7330,-388,-200,225,-1221,-215761,497,23,-3076,-248,36274,131,31,66,0,0,0,0,0,0,0,0,-32304,0,0,0,0,0,212115,0
211223,-3652,7332,-374,-195,221,-1212,-215650,487,0,-3159,-240,36274,131,31,66,0,0,0,0,0,0,0,0,-32303,0,0,0,0,0,212120,0
211228,-3622,7308,-292,-192,207,-1203,-215537,495,-20,-3254,-264,36270,136,31,66,0,0,0,0,0,0,0,0,-32302,0,0,0,0,0,212126,0
211233,-3574,7360,-228,-194,191,-1203,-215421,502,-9,-3367,-304,36270,136,31,66,0,0,0,0,0,0,0,0,-32303,0,0,0,0,0,212131,0
211238,-3770,7402,-290,-181,192,-1224,-215271,694,84,-1848,1736,36269,146,31,66,0,0,0,0,0,0,0,0,-32304,0,0,0,0,0,212137,0
211243,-2204,7396,-194,-171,149,-1297,-214920,1636,616,-25,3832,36269,146,31,66,0,0,0,0,0,0,0,0,-32304,0,0,0,0,0,212142,0
211248,2012,8458,-474,-155,101,-1582,-214384,2446,1387,-25,5400,36272,149,31,66,0,0,0,0,0,0,0,0,-32304,0,0,0,0,0,212148,0
211253,2856,8912,-432,-146,81,-1748,-213691,3117,2131,-11,6560,36272,149,31,66,0,0,0,0,0,0,0,0,-32304,0,0,0,0,0,212153,0
211258,3312,9198,-418,-142,67,-1920,-212866,3678,2513,-35,7472,36273,152,31,66,0,0,0,0,0,0,0,0,-32304,0,0,0,0,0,212158,0
211263,2664,8916,-282,-121,67,-2068,-211935,4137,2356,-113,8280,36273,152,31,66,0,0,0,0,0,0,0,0,-32304,0,0,0,0,0,212164,0
211268,712,8220,50,-118,49,-2340,-210911,4545,1968,-211,9112,36270,134,31,66,0,0,0,0,0,0,0,0,-32304,0,0,0,0,0,212169,0
211273,-444,8242,128,-112,44,-2435,-209789,4988,1693,-274,10024,36270,134,31,66,0,0,0,0,0,0,0,0,-32304,0,0,0,0,0,212175,0
211278,-1160,8396,180,-94,13,-2532,-208558,5468,1008,-454,9808,36272,120,31,66,0,0,0,0,0,0,0,0,-32304,0,0,0,0,0,212180,0
211283,-1572,8820,66,-80,14,-2604,-207267,5692,1149,-1076,9872,36272,120,31,66,0,0,0,0,0,0,0,0,-32304,0,0,0,0,0,212186,0
211288,-2082,9492,-136,-44,-21,-2704,-205967,5721,1434,-1495,9912,36317,16,31,66,0,0,0,0,0,0,0,0,-32305,0,0,0,0,0,212191,0
211293,-2212,9288,-190,-54,-31,-2723,-204660,5750,1341,-1648,9872,36317,16,31,66,0,0,0,0,0,0,0,0,-32305,0,0,0,0,0,212196,0
211298,-2178,9458,-226,-27,-52,-2766,-203355,5740,960,-1762,9640,36385,-123,31,66,0,0,0,0,0,0,0,0,-32304,0,0,0,0,0,212202,0
211303,-2448,9136,-264,-2,-87,-2798,-202071,5649,118,-1903,9496,36385,-123,31,66,0,0,0,0,0,0,0,0,-32305,0,0,0,0,0,212208,0
211308,-3444,8604,-110,34,-158,-2846,-200789,5638,-51,-2049,9416,36454,-275,31,66,0,0,0,0,0,0,0,0,-32305,0,0,0,0,0,212213,0
211313,-3866,8566,-110,67,-186,-2858,-199508,5641,-97,-2137,9248,36454,-275,31,66,0,0,0,0,0,0,0,0,-32304,0,0,0,0,0,212218,0
211318,-3756,8216,-240,81,-259,-2869,-198243,5556,-114,-2286,9184,36501,-364,31,66,0,0,0,0,0,0,0,0,-32305,0,0,0,0,0,212224,0
211323,-3838,8258,-230,108,-318,-2886,-196982,5542,-117,-2452,9192,36501,-364,31,66,0,0,0,0,0,0,0,0,-32304,0,0,0,0,0,212229,0
211328,-3794,8066,-130,190,-423,-2914,-195719,5557,-84,-2510,9160,36534,-441,31,66,0,0,0,0,0,0,0,0,-32304,0,0,0,0,0,212235,0
211333,-3716,7986,-186,212,-477,-2931,-194467,5496,-85,-2627,8944,36534,-441,31,66,0,0,0,0,0,0,0,0,-32305,0,0,0,0,0,212240,0
211338,-3828,7712,-180,256,-545,-2939,-193215,5511,-83,-2792,8880,36564,-493,31,66,0,0,0,0,0,0,0,0,-32303,0,0,0,0,0,212246,0
211343,-3910,7494,-204,278,-601,-2952,-191951,5573,-21,-2874,9008,36564,-493,31,66,0,0,0,0,0,0,0,0,-32305,0,0,0,0,0,212251,0
211348,-4198,7042,-234,339,-679,-2963,-190684,5569,20,-2984,9040,36593,-548,31,66,0,0,0,0,0,0,0,0,-32304,0,0,0,0,0,212256,0
211353,-4010,6758,-88,372,-722,-2975,-189421,5550,38,-3191,9056,36593,-548,31,66,0,0,0,0,0,0,0,0,-32303,0,0,0,0,0,212262,0
211358,-4202,6810,-172,390,-744,-2994,-188148,5606,66,-3298,9088,36623,-610,31,66,0,0,0,0,0,0,0,0,-32306,0,0,0,0,0,212267,0
211363,-4102,6640,-176,398,-788,-2994,-186867,5638,68,-3358,9080,36623,-610,31,66,0,0,0,0,0,0,0,0,-32303,0,0,0,0,0,212273,0
211368,-3880,6582,4,390,-810,-2993,-185590,5618,57,-3471,8992,36655,-668,31,66,0,0,0,0,0,0,0,0,-32305,0,0,0,0,0,212278,0
211373,-3992,6328,-26,422,-819,-2997,-184301,5675,76,-3582,8864,36655,-668,31,66,0,0,0,0,0,0,0,0,-32305,0,0,0,0,0,212283,0
211378,-4016,6306,192,423,-822,-3009,-183003,5707,95,-3706,8776,36688,-736,31,66,0,0,0,0,0,0,0,0,-32303,0,0,0,0,0,212289,0
211383,-4148,5852,74,412,-823,-3002,-181726,5606,55,-3920,8784,36688,-736,31,66,0,0,0,0,0,0,0,0,-32305,0,0,0,0,0,212294,0
211388,-4406,5138,172,354,-757,-2968,-180456,5590,-9,-4089,8768,36720,-800,31,66,0,0,0,0,0,0,0,0,-32305,0,0,0,0,0,212300,0
211393,-4838,5008,102,342,-736,-2968,-179185,5593,-57,-4139,8560,36720,-800,31,66,0,0,0,0,0,0,0,0,-32303,0,0,0,0,0,212305,0
211398,-5046,4986,106,339,-740,-2965,-177927,5532,-107,-4244,8536,36751,-846,31,66,0,0,0,0,0,0,0,0,-32303,0,0,0,0,0,212311,0
211403,-4726,4890,124,316,-704,-2940,-176667,5546,-106,-4405,8624,36751,-846,31,66,0,0,0,0,0,0,0,0,-32306,0,0,0,0,0,212316,0
211408,-5436,4934,-178,305,-675,-2911,-175398,5584,-35,-4453,8448,36778,-906,31,66,0,0,0,0,0,0,0,0,-32303,0,0,0,0,0,212322,0
211413,-5008,4904,-194,275,-652,-2885,-174136,5539,-11,-4613,8136,36778,-906,31,66,0,0,0,0,0,0,0,0,-32305,0,0,0,0,0,212327,0
211418,-5480,4958,-2,259,-633,-2863,-172891,5470,-25,-4792,8216,36798,-942,31,66,0,0,0,0,0,0,0,0,-32305,0,0,0,0,0,212333,0
211423,-5576,4958,-206,241,-610,-2845,-171651,5457,-60,-4879,8168,36798,-942,31,66,0,0,0,0,0,0,0,0,-32303,0,0,0,0,0,212338,0
211428,-5916,5060,-76,207,-571,-2786,-170421,5407,-120,-4900,7880,36817,-975,31,66,0,0,0,0,0,0,0,0,-32307,0,0,0,0,0,212344,0
211433,-5802,4692,-144,177,-543,-2740,-169218,5283,-177,-5058,7576,36817,-975,31,66,0,0,0,0,0,0,0,0,-32303,0,0,0,0,0,212349,0
211438,-6140,4756,-56,156,-511,-2697,-168032,5217,-215,-5143,7280,36833,-1001,31,66,0,0,0,0,0,0,0,0,-32306,0,0,0,0,0,212355,0
211443,-6422,4674,-74,124,-470,-2655,-166866,5122,-254,-5215,6840,36833,-1001,31,66,0,0,0,0,0,0,0,0,-32302,0,0,0,0,0,212360,0
211448,-6710,4666,100,53,-411,-2538,-165744,4911,-340,-5354,6336,36841,-1003,31,66,0,0,0,0,0,0,0,0,-32306,0,0,0,0,0,212365,0
211453,-6844,4550,2,25,-370,-2481,-164668,4715,-444,-5539,5816,36841,-1003,31,66,0,0,0,0,0,0,0,0,-32303,0,0,0,0,0,212371,0
211458,-6954,4442,-112,9,-327,-2407,-163629,4556,-533,-5610,5528,36835,-990,31,66,0,0,0,0,0,0,0,0,-32303,0,0,0,0,0,212376,0
211463,-7084,4478,-72,-49,-268,-2328,-162640,4326,-624,-5656,4808,36835,-990,31,66,0,0,0,0,0,0,0,0,-32307,0,0,0,0,0,212382,0
211468,-7184,4470,-52,-111,-187,-2126,-161707,4077,-693,-5739,4368,36817,-939,31,66,0,0,0,0,0,0,0,0,-32304,0,0,0,0,0,212387,0
211473,-7006,4374,90,-148,-142,-1996,-160830,3829,-740,-5857,3712,36817,-939,31,66,0,0,0,0,0,0,0,0,-32303,0,0,0,0,0,212392,0
211478,-6854,4518,116,-181,-98,-1864,-160010,3586,-805,-5879,3016,36782,-849,31,66,0,0,0,0,0,0,0,0,-32302,0,0,0,0,0,212398,0
211483,-6856,4628,124,-218,-52,-1715,-159252,3310,-860,-5931,2456,36782,-849,31,66,0,0,0,0,0,0,0,0,-32302,0,0,0,0,0,212403,0
211488,-6738,4912,204,-288,65,-1432,-158564,2997,-902,-5993,1848,36731,-728,31,66,0,0,0,0,0,0,0,0,-32303,0,0,0,0,0,212409,0
211493,-6862,5008,270,-322,126,-1277,-157954,2642,-973,-6017,984,36731,-728,31,66,0,0,0,0,0,0,0,0,-32306,0,0,0,0,0,212414,0
211498,-6886,5020,300,-357,178,-1113,-157424,2303,-1063,-6112,472,36664,-582,31,66,0,0,0,0,0,0,0,0,-32305,0,0,0,0,0,212420,0
211503,-7050,5024,282,-384,229,-949,-156973,1946,-1145,-6198,-88,36664,-582,31,66,0,0,0,0,0,0,0,0,-32302,0,0,0,0,0,212425,0
211508,-7700,4884,314,-449,336,-595,-156607,1568,-1204,-6354,-208,36577,-392,31,66,0,0,0,0,0,0,0,0,-32307,0,0,0,0,0,212431,0
211513,-7734,4884,328,-475,381,-418,-156320,1225,-1241,-6388,-320,36577,-392,31,66,0,0,0,0,0,0,0,0,-32302,0,0,0,0,0,212436,0
211518,-7878,4962,306,-494,424,-252,-156103,930,-1222,-6307,-528,36474,-184,31,66,0,0,0,0,0,0,0,0,-32303,0,0,0,0,0,212442,0
211523,-8118,4910,260,-499,452,-117,-155944,671,-1169,-6171,-1008,36474,-184,31,66,0,0,0,0,0,0,0,0,-32306,0,0,0,0,0,212447,0
211528,-8286,5160,268,-530,518,103,-155842,427,-1065,-6135,-1520,36367,31,31,66,0,0,0,0,0,0,0,0,-32306,0,0,0,0,0,212453,0
211533,-8328,5078,290,-537,534,207,-155793,189,-951,-6084,-1960,36367,31,31,66,0,0,0,0,0,0,0,0,-32306,0,0,0,0,0,212458,0
211538,-8086,5044,242,-543,552,317,-155788,1,-864,-5952,-2224,36272,235,31,66,0,0,0,0,0,0,0,0,-32305,0,0,0,0,0,212463,0
211543,-7634,5188,268,-550,569,421,-155799,-44,-748,-6013,-2168,36272,235,31,66,0,0,0,0,0,0,0,0,-32306,0,0,0,0,0,212469,0
211548,-6806,5712,286,-548,592,553,-155810,-45,-551,-6054,-2112,36198,385,31,66,0,0,0,0,0,0,0,0,-32305,0,0,0,0,0,212474,0
211553,-6460,5956,326,-542,600,603,-155817,-32,-320,-6040,-2088,36198,385,31,66,0,0,0,0,0,0,0,0,-32306,0,0,0,0,0,212480,0
211558,-6172,6104,356,-548,606,634,-155825,-41,-115,-6039,-2112,36150,471,31,66,0,0,0,0,0,0,0,0,-32306,0,0,0,0,0,212485,0
211563,-5836,6066,348,-540,601,681,-155829,-21,1,-6015,-2112,36150,471,31,66,0,0,0,0,0,0,0,0,-32306,0,0,0,0,0,212491,0
211568,-5330,5752,386,-521,593,810,-155835,-23,18,-6029,-2128,36127,506,31,66,0,0,0,0,0,0,0,0,-32306,0,0,0,0,0,212496,0
211573,-5180,5718,392,-517,585,889,-155844,-40,7,-6006,-2192,36127,506,31,66,0,0,0,0,0,0,0,0,-32305,0,0,0,0,0,212501,0
211578,-5236,5708,398,-502,588,965,-155866,-102,-30,-5951,-2440,36119,503,31,66,0,0,0,0,0,0,0,0,-32306,0,0,0,0,0,212507,0
211583,-5384,5764,392,-507,597,1041,-155911,-208,-96,-5946,-2576,36119,503,31,66,0,0,0,0,0,0,0,0,-32306,0,0,0,0,0,212512,0
211588,-5750,5964,400,-500,613,1155,-155969,-268,-181,-6011,-2632,36109,518,31,66,0,0,0,0,0,0,0,0,-32307,0,0,0,0,0,212518,0
211593,-5870,6072,370,-486,620,1200,-156033,-283,-216,-5960,-2744,36109,518,31,66,0,0,0,0,0,0,0,0,-32307,0,0,0,0,0,212523,0
211598,-6040,6234,360,-479,620,1237,-156106,-335,-206,-5971,-2864,36095,536,31,66,0,0,0,0,0,0,0,0,-32306,0,0,0,0,0,212528,0
211603,-6348,6286,320,-470,611,1260,-156191,-375,-171,-5939,-2928,36095,536,31,66,0,0,0,0,0,0,0,0,-32303,0,0,0,0,0,212534,0
211608,-6496,6274,336,-434,575,1359,-156290,-430,-154,-5962,-3032,36077,584,31,66,0,0,0,0,0,0,0,0,-32302,0,0,0,0,0,212539,0
211613,-6300,6306,364,-396,536,1428,-156390,-446,-148,-5978,-2984,36077,584,31,66,0,0,0,0,0,0,0,0,-32301,0,0,0,0,0,212545,0
211618,-6016,6522,380,-373,491,1482,-156485,-416,-126,-5946,-2896,36059,620,31,66,0,0,0,0,0,0,0,0,-32303,0,0,0,0,0,212551,0
211623,-5716,6710,392,-342,454,1529,-156582,-424,-56,-5895,-3016,36059,620,31,66,0,0,0,0,0,0,0,0,-32304,0,0,0,0,0,212556,0
211628,-5080,6934,444,-286,371,1664,-156695,-503,-42,-5916,-3248,36050,631,31,66,0,0,0,0,0,0,0,0,-32306,0,0,0,0,0,212561,0
211633,-4740,6852,400,-257,315,1742,-156824,-579,-78,-5915,-3384,36050,631,31,66,0,0,0,0,0,0,0,0,-32306,0,0,0,0,0,212567,0
211638,-4470,6764,416,-228,265,1820,-156972,-666,-162,-5844,-3568,36036,636,31,66,0,0,0,0,0,0,0,0,-32304,0,0,0,0,0,212572,0
211643,-4222,6682,416,-209,205,1899,-157145,-780,-250,-5872,-3792,36036,636,31,66,0,0,0,0,0,0,0,0,-32301,0,0,0,0,0,212578,0
211648,-4516,6402,320,-148,85,2058,-157337,-857,-306,-5836,-4024,36020,677,31,66,0,2,0,0,0,0,0,0,-32303,0,0,0,0,0,212583,0
211653,-4596,6324,304,-122,15,2148,-157559,-986,-333,-5815,-4240,36020,677,31,66,0,2,0,0,0,0,0,0,-32306,0,0,0,0,0,212588,0
211658,-4624,6320,266,-91,-48,2231,-157801,-1070,-351,-5817,-4472,35992,734,31,66,0,2,0,0,0,0,0,0,-32304,0,0,0,0,0,212594,0
211663,-4908,6180,236,-55,-112,2299,-158060,-1151,-355,-5779,-4544,35992,734,31,66,0,2,0,0,0,0,0,0,-32302,0,0,0,0,0,212599,0
211668,-5344,6258,182,-1,-215,2358,-158331,-1202,-311,-5723,-4560,35963,785,31,66,0,2,0,0,0,0,0,0,-32306,0,0,0,0,0,212605,0
211673,-5592,6120,200,34,-260,2368,-158612,-1240,-259,-5669,-4720,35963,785,31,66,0,2,0,0,0,0,0,0,-32303,0,0,0,0,0,212610,0
211678,-5702,6010,178,67,-307,2392,-158906,-1303,-211,-5641,-4784,35941,829,31,66,0,2,0,0,0,0,0,0,-32302,0,0,0,0,0,212616,0
211683,-5938,6002,164,81,-346,2384,-159210,-1344,-184,-5648,-4704,35941,829,31,66,0,2,0,0,0,0,0,0,-32306,0,0,0,0,0,212623,0
211688,-6254,5740,18,136,-410,2333,-159513,-1338,-151,-5642,-4728,35925,849,31,66,0,2,0,0,0,0,0,0,-32302,0,0,0,0,0,212627,0
211693,-6140,5706,-54,154,-447,2317,-159815,-1326,-105,-5536,-4672,35925,849,31,66,0,2,0,0,0,0,0,0,-32305,0,0,0,0,0,212633,0
211698,-5882,5674,-28,175,-471,2331,-160118,-1327,-49,-5517,-4696,35919,863,31,66,0,2,0,0,0,0,0,0,-32305,0,0,0,0,0,212638,0
211703,-5694,5688,74,189,-520,2343,-160424,-1343,-14,-5502,-4824,35919,863,31,66,0,2,0,0,0,0,0,0,-32302,0,0,0,0,0,212643,0
211708,-4626,5924,110,200,-575,2446,-160734,-1374,-15,-5430,-4784,35920,870,31,66,0,2,0,0,0,0,0,0,-32306,0,0,0,0,0,212649,0
211713,-4306,6062,82,213,-599,2503,-161057,-1432,-49,-5435,-4976,35920,870,31,66,0,2,0,0,0,0,0,0,-32302,0,0,0,0,0,212654,0
211718,-4230,6208,90,223,-600,2527,-161406,-1542,-124,-5381,-5200,35930,875,31,66,0,2,0,0,0,0,0,0,-32305,0,0,0,0,0,212660,0
211723,-4552,5968,8,221,-596,2549,-161782,-1659,-219,-5345,-5424,35930,875,31,66,0,2,0,0,0,0,0,0,-32304,0,0,0,0,0,212665,0
211728,-4488,5766,92,210,-597,2655,-162178,-1749,-311,-5333,-5528,35925,897,31,66,0,2,0,0,0,0,0,0,-32304,0,0,0,0,0,212670,0
211733,-4152,5606,-10,214,-602,2741,-162594,-1836,-350,-5278,-5640,35925,897,31,66,0,2,0,0,0,0,0,0,-32303,0,0,0,0,0,212676,0
211738,-3922,5736,130,211,-598,2842,-163031,-1924,-338,-5257,-5880,35906,930,31,66,0,2,0,0,0,0,0,0,-32305,0,0,0,0,0,212681,0
211743,-4072,5830,26,202,-586,2882,-163486,-2003,-315,-5220,-6040,35906,930,31,66,0,2,0,0,0,0,0,0,-32302,0,0,0,0,0,212687,0
211748,-4270,6010,128,194,-571,2955,-163962,-2112,-308,-5117,-6360,35874,963,31,66,0,2,0,0,0,0,0,0,-32306,0,0,0,0,0,212692,0
211753,-4372,6006,90,192,-564,3009,-164456,-2183,-308,-5067,-6408,35874,963,31,66,0,2,0,0,0,0,0,0,-32303,0,0,0,0,0,212698,0
211758,-4370,5804,80,181,-568,3050,-164961,-2215,-285,-4998,-6352,35851,999,31,66,0,2,0,0,0,0,0,0,-32304,0,0,0,0,0,212703,0
211763,-4380,5842,60,188,-572,3094,-165472,-2251,-244,-4952,-6576,35851,999,31,66,0,2,0,0,0,0,0,0,-32306,0,0,0,0,0,212708,0
211768,-4470,5916,-138,197,-571,3157,-165986,-2262,-180,-4908,-6560,35838,1009,31,66,0,2,0,0,0,0,0,0,-32302,0,0,0,0,0,212714,0
211773,-4404,6036,-102,190,-558,3155,-166403,-2292,-118,-4857,-6432,35838,1009,31,66,0,2,0,0,0,0,0,0,-32305,0,0,0,0,0,212719,0
211778,-4350,6274,-168,186,-554,3167,-166932,-2328,-97,-4809,-6632,35831,1023,31,66,0,2,0,0,0,0,0,0,-32306,0,0,0,0,0,212725,0
211783,-4698,6376,-18,174,-548,3110,-167466,-2354,-99,-4755,-6568,35831,1023,31,66,0,2,0,0,0,0,0,0,-32302,0,0,0,0,0,212730,0
211788,-4724,6144,-174,184,-555,3094,-168002,-2357,-92,-4720,-6416,35832,1020,31,66,0,2,0,0,0,0,0,0,-32303,0,0,0,0,0,212736,0
211793,-4584,6210,-220,182,-557,3044,-168532,-2323,-55,-4626,-6488,35832,1020,31,66,0,2,0,0,0,0,0,0,-32306,0,0,0,0,0,212741,0
211798,-4524,6162,-150,193,-558,3029,-169049,-2272,16,-4571,-6336,35840,999,31,66,0,2,0,0,0,0,0,0,-32302,0,0,0,0,0,212746,0
211803,-4426,6354,-70,183,-560,3015,-169558,-2230,87,-4517,-6168,35840,999,31,66,0,2,0,0,0,0,0,0,-32304,0,0,0,0,0,212752,0
211808,-4420,6346,-262,196,-550,2928,-170058,-2203,137,-4477,-6256,35852,975,31,66,0,2,0,0,0,0,0,0,-32305,0,0,0,0,0,212757,0
211813,-4568,6382,-252,192,-539,2881,-170558,-2187,124,-4430,-6160,35852,975,31,66,0,2,0,0,0,0,0,0,-32303,0,0,0,0,0,212763,0
211818,-4246,6502,-350,198,-540,2883,-171051,-2167,98,-4375,-5944,35867,942,31,66,0,2,0,0,0,0,0,0,-32305,0,0,0,0,0,212768,0
211823,-3754,6550,-278,184,-537,2897,-171544,-2162,73,-4352,-5968,35867,942,31,66,0,2,0,0,0,0,0,0,-32305,0,0,0,0,0,212774,0
211828,-3016,6800,-190,187,-524,2948,-172033,-2152,52,-4334,-6064,35880,903,31,66,0,2,0,0,0,0,0,0,-32302,0,0,0,0,0,212779,0
211833,-2716,6906,-170,183,-510,3006,-172521,-2142,38,-4230,-6048,35880,903,31,66,0,2,0,0,0,0,0,0,-32306,0,0,0,0,0,212784,0
211838,-2638,7046,-148,185,-493,3013,-173010,-2156,30,-4179,-5920,35893,876,31,66,0,2,0,0,0,0,0,0,-32303,0,0,0,0,0,212790,0
211843,-2376,7202,-212,177,-471,3053,-173506,-2172,-4,-4152,-5968,35893,876,31,66,0,2,0,0,0,0,0,0,-32303,0,0,0,0,0,212795,0
211848,-1782,7182,-124,158,-486,3211,-174006,-2209,-30,-4110,-6224,35903,853,31,66,0,2,0,0,0,0,0,0,-32306,0,0,0,0,0,212801,0
211853,-1098,7294,-80,167,-492,3322,-174516,-2251,-75,-4053,-6216,35903,853,31,66,0,2,0,0,0,0,0,0,-32303,0,0,0,0,0,212806,0
211858,-510,7292,-10,167,-502,3462,-175041,-2326,-118,-3993,-6336,35906,836,31,66,0,2,0,0,0,0,0,0,-32304,0,0,0,0,0,212812,0
211863,210,7346,-100,162,-517,3631,-175592,-2436,-193,-3922,-6672,35906,836,31,66,0,2,0,0,0,0,0,0,-32305,0,0,0,0,0,212817,0
211868,2032,7644,-82,158,-528,4072,-176178,-2599,-297,-3902,-6952,35907,842,31,66,0,2,0,0,0,0,0,0,-32303,0,0,0,0,0,212823,0
211873,2730,7736,-104,175,-538,4336,-176809,-2791,-422,-3744,-7512,35907,842,31,66,0,2,0,0,0,0,0,0,-32302,0,0,0,0,0,212828,0
211878,3722,7742,-42,166,-533,4658,-177492,-3025,-563,-3704,-8080,35902,856,31,66,0,2,0,0,0,0,0,0,-32303,0,0,0,0,0,212834,0
211883,4400,7972,-170,170,-537,4993,-178237,-3311,-699,-3638,-8688,35902,856,31,66,0,2,0,0,0,0,0,0,-32304,0,0,0,0,0,212839,0
211888,5046,8642,-70,165,-490,5654,-179062,-3661,-858,-3493,-9464,35883,904,31,66,0,2,0,0,0,0,0,0,-32304,0,0,0,0,0,212844,0
211893,5452,8594,-108,167,-446,5966,-179978,-4070,-1036,-3426,-10136,35883,904,31,66,0,2,0,0,0,0,0,0,-32302,0,0,0,0,0,212850,0
211898,4600,8564,12,167,-425,6227,-180983,-4468,-1208,-3363,-11040,35850,982,31,66,0,2,0,0,0,0,0,0,-32303,0,0,0,0,0,212855,0
211903,3852,8714,312,123,-411,6513,-182064,-4790,-1291,-3196,-11696,35850,982,31,66,0,2,0,0,0,0,0,0,-32305,0,0,0,0,0,212861,0
211908,3642,8900,-386,185,-346,7228,-183219,-5110,-1283,-3092,-12240,35808,1069,31,66,0,2,0,0,0,0,0,0,-32303,0,0,0,0,0,212866,0
211913,4082,9342,-232,171,-334,7529,-184450,-5454,-1226,-2967,-12816,35808,1069,31,66,0,2,0,0,0,0,0,0,-32305,0,0,0,0,0,212872,0
211918,4412,9280,-100,173,-331,7740,-185739,-5687,-1127,-2783,-13136,35779,1127,31,66,0,2,0,0,0,0,0,0,-32303,0,0,0,0,0,212877,0
211923,4142,9550,-36,214,-374,7962,-187077,-5916,-1022,-2598,-13784,35779,1127,31,66,0,2,0,0,0,0,0,0,-32304,0,0,0,0,0,212883,0
211928,4182,10036,-346,217,-392,8352,-188480,-6198,-951,-2476,-14016,35766,1154,31,66,0,2,0,0,0,0,0,0,-32305,0,0,0,0,0,212888,0
211933,3958,10124,-344,241,-418,8541,-189931,-6388,-875,-2342,-14328,35766,1154,31,66,0,2,0,0,0,0,0,0,-32305,0,0,0,0,0,212894,0
211938,3646,10388,-268,281,-470,8743,-191413,-6537,-786,-2153,-14600,35773,1130,31,66,0,2,0,0,0,0,0,0,-32304,0,0,0,0,0,212899,0
211943,3256,10148,-150,311,-544,8951,-192921,-6650,-679,-2008,-14640,35773,1130,31,66,0,2,0,0,0,0,0,0,-32303,0,0,0,0,0,212904,0
211948,4182,10292,-380,364,-681,9254,-194430,-6627,-484,-1797,-14576,35799,1065,30,66,0,2,0,0,0,0,0,0,-32303,0,0,0,0,0,212910,0
211953,4330,10718,-206,401,-743,9340,-195939,-6647,-285,-1631,-14480,35799,1065,30,66,0,2,0,0,0,0,0,0,-32303,0,0,0,0,0,212915,0
211958,4254,10906,-32,432,-783,9404,-197466,-6725,-175,-1539,-14456,35840,972,30,66,0,2,0,0,0,0,0,0,-32303,0,0,0,0,0,212921,0
211963,4196,11126,-36,447,-796,9441,-198989,-6700,-93,-1333,-14512,35840,972,30,66,0,2,0,0,0,0,0,0,-32303,0,0,0,0,0,212926,0
211968,3110,11054,-70,511,-821,9576,-200523,-6759,-92,-1203,-14392,35895,842,31,66,0,2,0,0,0,0,0,0,-32304,0,0,0,0,0,212932,0
211973,3012,10972,-42,486,-836,9676,-202043,-6666,-66,-1125,-14128,35895,842,31,66,0,2,0,0,0,0,0,0,-32304,0,0,0,0,0,212937,0
211978,3378,10602,-120,515,-871,9717,-203532,-6538,66,-884,-13912,35950,717,31,66,0,0,0,0,0,0,0,0,-32304,0,0,0,0,0,212943,0
211983,3618,10924,-78,529,-863,9723,-205014,-6519,173,-784,-13688,35950,717,31,66,0,0,0,0,0,0,0,0,-32304,0,0,0,0,0,212948,0
211988,3652,11110,72,507,-849,9618,-206478,-6429,238,-671,-13320,36004,596,31,66,0,0,0,0,0,0,0,0,-32304,0,0,0,0,0,212954,0
211993,3604,11168,68,517,-815,9537,-207927,-6374,261,-532,-13064,36004,596,31,66,0,0,0,0,0,0,0,0,-32304,0,0,0,0,0,212959,0
211998,3360,11366,114,504,-763,9441,-209365,-6313,216,-445,-12656,36056,471,31,66,0,0,0,0,0,0,0,0,-32304,0,0,0,0,0,212964,0
212003,3020,11480,130,507,-718,9372,-210762,-6121,266,-298,-12112,36056,471,31,66,0,0,0,0,0,0,0,0,-32304,0,0,0,0,0,212970,0
212008,2628,11440,98,533,-676,9228,-212113,-5929,389,-129,-11568,36107,371,31,66,0,0,0,0,0,0,0,0,-32304,0,0,0,0,0,212975,0
212013,2690,11578,-6,503,-688,9138,-213430,-5781,494,-42,-11016,36107,371,31,66,0,0,0,0,0,0,0,0,-32304,0,0,0,0,0,212981,0
212018,2614,11674,-40,505,-686,9021,-214696,-5543,609,74,-10424,36152,285,31,66,0,0,0,0,0,0,0,0,-32304,0,0,0,0,0,212986,0
212023,2804,11734,0,511,-690,8879,-215912,-5335,674,220,-9912,36152,285,31,66,0,0,0,0,0,0,0,0,-32304,0,0,0,0,0,212992,0
212028,7426,8796,-86,557,-1167,7549,-217086,-5150,686,260,-9184,36201,202,31,66,0,0,0,0,0,0,0,0,-32304,0,0,0,0,0,212997,0
212033,25374,14342,-770,545,-509,6323,-218122,-4469,917,162,-6848,36201,202,31,66,0,0,0,0,0,0,0,0,-32304,0,0,0,0,0,213002,0
212038,15784,14032,722,513,-302,5177,-218816,-2866,1743,53,-2336,36232,154,31,66,0,0,0,0,0,0,0,0,-32304,0,0,0,0,0,213009,0
212043,-854,13690,1692,511,-96,4655,-218997,-555,3354,372,2016,36232,154,31,66,0,0,0,0,0,0,0,0,-32304,0,0,0,0,0,213014,0
212048,-4916,11476,-560,499,-317,5436,-218652,1713,5319,533,4216,36245,134,31,66,0,0,0,0,0,0,0,0,-32304,0,0,0,0,0,213020,0
212053,1942,10306,-1174,451,-332,5123,-218015,2893,6439,-1150,2440,36245,134,31,66,0,0,0,0,0,0,0,0,-32304,0,0,0,0,0,213025,0
212058,2532,12002,-142,364,-279,4489,-217453,2392,5543,-4093,408,36273,55,31,66,0,0,0,0,0,0,0,0,-32306,0,0,0,0,0,213030,0
212063,2312,11716,228,334,-357,4406,-217169,1109,2788,-4817,-344,36273,55,31,66,0,0,0,0,0,0,0,0,-32302,0,0,0,0,0,213036,0
212068,-4142,10240,68,436,-493,4324,-217135,71,-459,-3260,-632,36282,54,31,66,0,0,0,0,0,0,0,0,-32303,0,0,0,0,0,213042,0
212073,-2778,11152,580,410,-537,4465,-217181,-196,-2417,-1274,-328,36282,54,31,66,0,0,0,0,0,0,0,0,-32304,0,0,0,0,0,213047,0
212078,-24,9456,-792,376,-536,4143,-217207,-99,-2492,-598,-240,36286,45,31,66,0,0,0,0,0,0,0,0,-32304,0,0,0,0,0,213053,0
212083,2170,9586,18,339,-508,3819,-217205,17,-1392,-702,-256,36286,45,31,66,0,0,0,0,0,0,0,0,-32304,0,0,0,0,0,213058,0
212088,-1592,10400,610,356,-523,3496,-217203,4,-328,-830,-272,36270,105,31,66,0,0,0,0,0,0,0,0,-32303,0,0,0,0,0,213063,0
212093,-1684,9992,916,343,-473,3328,-217203,8,126,-842,-272,36270,105,31,66,0,0,0,0,0,0,0,0,-32303,0,0,0,0,0,213069,0
212098,-198,8796,-82,388,-484,3432,-217204,-4,111,-836,-248,36253,146,31,66,0,0,0,0,0,0,0,0,-32304,0,0,0,0,0,213074,0
212103,-948,8450,268,331,-454,3124,-217202,2,27,-832,-264,36253,146,31,66,0,0,0,0,0,0,0,0,-32304,0,0,0,0,0,213080,0
212108,-274,9088,212,324,-373,2889,-217203,5,-10,-829,-264,36256,138,31,66,0,0,0,0,0,0,0,0,-32304,0,0,0,0,0,213085,0
212113,480,9084,38,326,-360,2918,-217203,0,-2,-831,-264,36256,138,31,66,0,0,0,0,0,0,0,0,-32304,0,0,0,0,0,213091,0
212118,322,8998,172,291,-305,2708,-217203,0,2,-833,-264,36255,136,31,66,0,0,0,0,0,0,0,0,-32304,0,0,0,0,0,213096,0
212123,308,9674,432,265,-283,2564,-217203,-2,0,-835,-256,36255,136,31,66,0,0,0,0,0,0,0,0,-32303,0,0,0,0,0,213101,0
212128,-236,9216,12,254,-230,2434,-217202,2,1,-828,-264,36261,126,31,66,0,0,0,0,0,0,0,0,-32304,0,0,0,0,0,213107,0
212133,-8,8882,134,228,-188,2315,-217203,-7,0,-830,-264,36261,126,31,66,0,0,0,0,0,0,0,0,-32304,0,0,0,0,0,213112,0
212138,162,8762,166,217,-142,2224,-217203,2,3,-834,-264,36262,125,31,66,0,0,0,0,0,0,0,0,-32303,0,0,0,0,0,213118,0
212143,-158,8638,170,205,-97,2140,-217203,0,-4,-833,-264,36262,125,31,66,0,0,0,0,0,0,0,0,-32304,0,0,0,0,0,213123,0
212148,78,8288,172,188,-13,1993,-217203,-1,2,-831,-264,36262,132,31,66,0,0,0,0,0,0,0,0,-32304,0,0,0,0,0,213129,0
212153,222,8086,94,179,33,1891,-217203,-4,0,-833,-264,36262,132,31,66,0,0,0,0,0,0,0,0,-32304,0,0,0,0,0,213134,0
212158,64,7862,30,168,73,1788,-217203,1,-3,-832,-256,36254,134,31,66,0,0,0,0,0,0,0,0,-32303,0,0,0,0,0,213140,0
212163,-56,7720,-28,165,111,1730,-217201,9,2,-831,-272,36254,134,31,66,0,0,0,0,0,0,0,0,-32304,0,0,0,0,0,213145,0
212168,186,7434,12,151,177,1608,-217203,-5,0,-833,-256,36252,130,31,66,0,0,0,0,0,0,0,0,-32304,0,0,0,0,0,213150,0
212173,428,7250,-38,155,215,1533,-217201,11,2,-635,48,36252,130,31,66,0,0,0,0,0,0,0,0,-32304,0,0,0,0,0,213156,0
212178,546,7218,-2,156,255,1443,-217169,164,76,-57,104,36253,136,31,66,0,0,0,0,0,0,0,0,-32304,0,0,0,0,0,213162,0
212183,508,7116,-18,153,294,1361,-217104,290,198,-3,144,36253,136,31,66,0,0,0,0,0,0,0,0,-32304,0,0,0,0,0,213167,0
212188,394,6970,-76,157,386,1231,-217023,366,310,-31,160,36258,137,31,66,0,0,0,0,0,0,0,0,-32304,0,0,0,0,0,213172,0
212193,308,6768,-90,160,416,1176,-216936,390,334,-67,136,36258,137,31,66,0,0,0,0,0,0,0,0,-32304,0,0,0,0,0,213178,0
212198,336,6702,-174,166,452,1133,-216850,374,248,-86,120,36259,138,31,66,0,0,0,0,0,0,0,0,-32304,0,0,0,0,0,213183,0
212203,394,6646,-160,167,479,1078,-216776,321,89,-109,72,36259,138,31,66,0,0,0,0,0,0,0,0,-32304,0,0,0,0,0,213189,0
212208,546,6512,-146,185,547,977,-216715,261,-47,-128,40,36263,133,31,66,0,0,0,0,0,0,0,0,-32304,0,0,0,0,0,213194,0
212213,530,6464,-102,193,575,922,-216673,177,-151,-133,32,36263,133,31,66,0,0,0,0,0,0,0,0,-32304,0,0,0,0,0,213200,0
212218,550,6434,-140,199,606,873,-216644,112,-209,-121,0,36266,129,31,66,0,0,0,0,0,0,0,0,-32304,0,0,0,0,0,213205,0
212223,534,6352,-168,205,630,826,-216630,57,-235,-103,-16,36266,129,31,66,0,0,0,0,0,0,0,0,-32304,0,0,0,0,0,213210,0
212228,516,6264,-190,231,671,728,-216625,19,-220,-96,-24,36267,130,31,66,0,0,0,0,0,0,0,0,-32304,0,0,0,0,0,213216,0
212233,542,6214,-214,240,682,688,-216624,0,-180,-95,-32,36267,130,31,66,0,0,0,0,0,0,0,0,-32304,0,0,0,0,0,213221,0
212238,664,6186,-226,252,703,641,-216623,2,-121,-93,-32,36266,138,31,66,0,0,0,0,0,0,0,0,-32304,0,0,0,0,0,213227,0
212243,708,6134,-232,260,712,592,-216624,0,-70,-94,-32,36266,138,31,66,0,0,0,0,0,0,0,0,-32304,0,0,0,0,0,213232,0
212248,756,6082,-210,280,738,491,-216623,6,-22,-94,-40,36265,130,31,66,0,0,0,0,0,0,0,0,-32304,0,0,0,0,0,213238,0
212253,748,6076,-222,296,754,446,-216622,10,-7,-93,-32,36265,130,31,66,0,0,0,0,0,0,0,0,-32304,0,0,0,0,0,213243,0
212258,762,6050,-272,303,750,403,-216624,0,-1,-93,-24,36263,136,31,66,0,0,0,0,0,0,0,0,-32304,0,0,0,0,0,213249,0
212263,838,6052,-288,321,754,353,-216624,0,0,-94,-32,36263,136,31,66,0,0,0,0,0,0,0,0,-32304,0,0,0,0,0,213254,0
212268,896,6006,-242,337,752,250,-216625,-5,-2,-93,-32,36261,131,31,66,0,0,0,0,0,0,0,0,-32303,0,0,0,0,0,213260,0
212273,928,5992,-260,343,744,209,-216623,0,1,-95,-32,36261,131,31,66,0,0,0,0,0,0,0,0,-32304,0,0,0,0,0,213265,0
212278,924,5964,-246,355,734,153,-216624,-1,5,-96,-32,36262,126,31,66,0,0,0,0,0,0,0,0,-32304,0,0,0,0,0,213270,0
212283,952,5964,-292,364,724,106,-216624,-1,-1,-96,-24,36262,126,31,66,0,0,0,0,0,0,0,0,-32304,0,0,0,0,0,213276,0
212288,1070,5950,-250,377,703,-4,-216624,-2,2,-95,-32,36262,133,31,66,0,0,0,0,0,0,0,0,-32304,0,0,0,0,0,213281,0
212293,1086,5932,-210,388,679,-48,-216625,-2,1,-94,-32,36262,133,31,66,0,0,0,0,0,0,0,0,-32304,0,0,0,0,0,213287,0
212298,1132,5976,-186,391,671,-107,-216626,-14,1,-93,-24,36264,136,31,66,0,0,0,0,0,0,0,0,-32304,0,0,0,0,0,213292,0
212303,1122,5974,-210,399,641,-158,-216624,-4,-1,-95,-32,36264,136,31,66,0,0,0,0,0,0,0,0,-32304,0,0,0,0,0,213298,0
212308,1222,6008,-212,402,596,-269,-216623,-1,3,-94,-32,36261,132,31,66,0,0,0,0,0,0,0,0,-32303,0,0,0,0,0,213303,0
212313,1290,6040,-186,406,563,-317,-216624,-1,6,-95,-32,36261,132,31,66,0,0,0,0,0,0,0,0,-32304,0,0,0,0,0,213308,0
212318,1346,6098,-170,411,538,-375,-216623,-5,1,-95,-32,36262,134,31,66,0,0,0,0,0,0,0,0,-32304,0,0,0,0,0,213314,0
212323,1450,6174,-166,412,505,-418,-216623,-1,4,-95,-32,36262,134,31,66,0,0,0,0,0,0,0,0,-32304,0,0,0,0,0,213320,0
212328,1628,6302,-142,418,446,-529,-216621,3,3,-96,-32,36263,129,31,66,0,0,0,0,0,0,0,0,-32304,0,0,0,0,0,213325,0
212333,1704,6302,-144,417,416,-584,-216622,1,-1,-96,-24,36263,129,31,66,0,0,0,0,0,0,0,0,-32304,0,0,0,0,0,213330,0
212338,1818,6332,-142,415,378,-637,-216621,5,7,-97,-24,36269,125,31,66,0,0,0,0,0,0,0,0,-32305,0,0,0,0,0,213336,0
212343,1906,6396,-134,420,346,-688,-216616,15,6,-96,-24,36269,125,31,66,0,0,0,0,0,0,0,0,-32304,0,0,0,0,0,213341,0
212348,2020,6514,-100,418,290,-789,-216613,15,14,-95,-24,36269,126,31,66,0,0,0,0,0,0,0,0,-32304,0,0,0,0,0,213347,0
212353,2096,6566,-70,419,255,-829,-216608,31,20,-96,-24,36269,126,31,66,0,0,0,0,0,0,0,0,-32304,0,0,0,0,0,213352,0
212358,2104,6602,-54,422,232,-864,-216603,12,5,-98,-24,36269,124,31,66,0,0,0,0,0,0,0,0,-32304,0,0,0,0,0,213358,0
212363,2136,6628,-44,428,203,-893,-216601,15,4,-97,-32,36269,124,31,66,0,0,0,0,0,0,0,0,-32304,0,0,0,0,0,213363,0
212368,2258,6662,-14,424,151,-930,-216600,2,-3,-97,-32,36263,128,31,66,0,0,0,0,0,0,0,0,-32304,0,0,0,0,0,213369,0
212373,2380,6696,6,423,125,-950,-216598,8,-15,-99,-40,36263,128,31,66,0,0,0,0,0,0,0,0,-32304,0,0,0,0,0,213374,0
212378,2506,6720,34,422,93,-962,-216599,4,-16,-100,-32,36264,126,31,66,0,0,0,0,0,0,0,0,-32304,0,0,0,0,0,213379,0
212383,2628,6724,38,422,85,-980,-216598,2,-8,-100,-32,36264,126,31,66,0,0,0,0,0,0,0,0,-32304,0,0,0,0,0,213385,0
212388,2880,6866,84,411,47,-1035,-216598,2,-6,-97,-32,36265,121,31,66,0,0,0,0,0,0,0,0,-32304,0,0,0,0,0,213390,0
212393,2976,6966,70,405,34,-1062,-216597,6,3,-98,-32,36265,121,31,66,0,0,0,0,0,0,0,0,-32304,0,0,0,0,0,213396,0
212398,3034,7036,102,393,22,-1092,-216594,10,3,-96,-24,36265,121,31,66,0,0,0,0,0,0,0,0,-32304,0,0,0,0,0,213401,0
212403,3090,7140,108,396,6,-1121,-216593,14,4,-97,-24,36265,121,31,66,0,0,0,0,0,0,0,0,-32304,0,0,0,0,0,213407,0
212408,3202,7264,84,371,-24,-1167,-216591,12,6,-97,-24,36264,122,31,66,0,0,0,0,0,0,0,0,-32304,0,0,0,0,0,213412,0
212413,3234,7342,96,366,-40,-1188,-216585,16,6,-99,-16,36264,122,31,66,0,0,0,0,0,0,0,0,-32304,0,0,0,0,0,213418,0
212418,3296,7342,146,355,-54,-1210,-216577,41,17,-104,-16,36262,119,31,66,0,0,0,0,0,0,0,0,-32305,0,0,0,0,0,213423,0
212423,3384,7412,154,348,-63,-1234,-216558,89,46,-112,16,36262,119,31,66,0,0,0,0,0,0,0,0,-32304,0,0,0,0,0,213429,0
212428,3632,7516,198,332,-82,-1294,-216524,161,90,-114,40,36263,128,31,66,0,0,0,0,0,0,0,0,-32304,0,0,0,0,0,213434,0
212433,3698,7552,194,317,-89,-1333,-216484,180,133,-116,56,36263,128,31,66,0,0,0,0,0,0,0,0,-32304,0,0,0,0,0,213439,0
212438,3684,7568,190,309,-99,-1365,-216437,210,153,-117,56,36267,125,31,66,0,0,0,0,0,0,0,0,-32304,0,0,0,0,0,213445,0
212443,3620,7580,194,298,-107,-1400,-216386,230,133,-124,56,36267,125,31,66,0,0,0,0,0,0,0,0,-32304,0,0,0,0,0,213450,0
212448,3588,7580,142,272,-123,-1441,-216330,247,100,-133,64,36275,128,31,66,0,0,0,0,0,0,0,0,-32304,0,0,0,0,0,213456,0
212453,3610,7546,174,257,-131,-1459,-216270,267,72,-139,72,36275,128,31,66,0,0,0,0,0,0,0,0,-32304,0,0,0,0,0,213461,0
212458,3704,7566,180,242,-139,-1475,-216202,304,76,-142,96,36273,134,31,66,0,0,0,0,0,0,0,0,-32304,0,0,0,0,0,213467,0
212463,3830,7618,192,234,-145,-1495,-216124,344,91,-143,96,36273,134,31,66,0,0,0,0,0,0,0,0,-32304,0,0,0,0,0,213472,0
212468,4014,7724,204,212,-135,-1556,-216040,370,108,-162,104,36271,134,31,66,0,0,0,0,0,0,0,0,-32304,0,0,0,0,0,213478,0
212473,4010,7746,184,198,-134,-1575,-215948,406,117,-176,128,36271,134,31,66,0,0,0,0,0,0,0,0,-32304,0,0,0,0,0,213483,0
212478,3928,7774,154,193,-134,-1601,-215854,416,107,-186,112,36264,133,31,66,0,0,0,0,0,0,0,0,-32304,0,0,0,0,0,213488,0
212483,3884,7780,140,185,-131,-1614,-215755,438,90,-201,136,36264,133,31,66,0,0,0,0,0,0,0,0,-32304,0,0,0,0,0,213494,0
212488,4016,7854,114,170,-144,-1642,-215650,468,82,-201,160,36266,131,31,66,0,0,0,0,0,0,0,0,-32304,0,0,0,0,0,213499,0
212493,4104,7886,124,169,-141,-1647,-215537,494,79,-207,144,36266,131,31,66,0,0,0,0,0,0,0,0,-32304,0,0,0,0,0,213505,0
212498,4212,7974,116,160,-140,-1663,-215418,522,87,-222,160,36266,120,31,66,0,0,0,0,0,0,0,0,-32304,0,0,0,0,0,213510,0
212503,4262,8000,114,157,-131,-1677,-215297,537,96,-242,160,36266,120,31,66,0,0,0,0,0,0,0,0,-32304,0,0,0,0,0,213515,0
212508,4280,8076,94,153,-136,-1696,-215170,563,90,-260,192,36266,121,31,66,0,0,0,0,0,0,0,0,-32304,0,0,0,0,0,213521,0
212513,4328,8060,62,146,-137,-1708,-215039,575,72,-272,200,36266,121,31,66,0,0,0,0,0,0,0,0,-32304,0,0,0,0,0,213527,0
212518,4374,8120,60,139,-135,-1709,-214903,593,72,-283,176,36266,117,31,66,0,0,0,0,0,0,0,0,-32304,0,0,0,0,0,213532,0
212523,4396,8142,66,134,-148,-1711,-214764,614,65,-301,184,36266,117,31,66,0,0,0,0,0,0,0,0,-32304,0,0,0,0,0,213538,0
212528,4464,8100,58,130,-151,-1714,-214625,625,61,-323,208,36268,113,31,66,0,0,0,0,0,0,0,0,-32304,0,0,0,0,0,213543,0
212533,4514,8110,54,128,-150,-1706,-214480,630,56,-332,160,36268,113,31,66,0,0,0,0,0,0,0,0,-32304,0,0,0,0,0,213548,0
212538,4532,8094,58,121,-159,-1699,-214332,648,44,-357,184,36269,117,31,66,0,0,0,0,0,0,0,0,-32305,0,0,0,0,0,213554,0
212543,4526,8038,78,123,-167,-1692,-214182,662,49,-367,200,36269,117,31,66,0,0,0,0,0,0,0,0,-32304,0,0,0,0,0,213559,0
212548,4516,7846,50,112,-176,-1666,-214030,673,43,-382,192,36271,125,31,66,0,0,0,0,0,0,0,0,-32304,0,0,0,0,0,213565,0
212553,4474,7748,64,109,-182,-1648,-213881,665,30,-405,184,36271,125,31,66,0,0,0,0,0,0,0,0,-32304,0,0,0,0,0,213570,0
212558,4512,7670,70,102,-191,-1622,-213731,664,20,-429,168,36280,119,31,66,0,0,0,0,0,0,0,0,-32304,0,0,0,0,0,213576,0
212563,4532,7584,64,107,-198,-1601,-213584,644,-1,-439,136,36280,119,31,66,0,0,0,0,0,0,0,0,-32304,0,0,0,0,0,213581,0
212568,4514,7428,54,106,-194,-1547,-213442,625,-24,-468,136,36280,114,31,66,0,0,0,0,0,0,0,0,-32304,0,0,0,0,0,213587,0
212573,4452,7384,48,103,-198,-1519,-213304,606,-39,-473,104,36280,114,31,66,0,0,0,0,0,0,0,0,-32304,0,0,0,0,0,213592,0
212578,4436,7328,24,100,-193,-1486,-213171,578,-56,-484,72,36281,112,31,66,0,0,0,0,0,0,0,0,-32304,0,0,0,0,0,213598,0
212583,4388,7270,52,95,-198,-1450,-213048,539,-80,-518,56,36281,112,31,66,0,0,0,0,0,0,0,0,-32304,0,0,0,0,0,213603,0
212588,4340,7280,38,96,-185,-1372,-212932,507,-91,-526,24,36272,110,31,66,0,0,0,0,0,0,0,0,-32304,0,0,0,0,0,213608,0
212593,4376,7348,28,94,-180,-1332,-212824,474,-109,-531,8,36272,110,31,66,0,0,0,0,0,0,0,0,-32304,0,0,0,0,0,213614,0
212598,4388,7388,-26,91,-178,-1283,-212724,429,-122,-544,0,36272,127,31,66,0,0,0,0,0,0,0,0,-32305,0,0,0,0,0,213619,0
212603,4412,7404,-34,90,-173,-1242,-212636,387,-131,-549,8,36272,127,31,66,0,0,0,0,0,0,0,0,-32303,0,0,0,0,0,213625,0
212608,4350,7432,-20,94,-160,-1144,-212557,350,-136,-538,-8,36270,117,31,66,0,0,0,0,0,0,0,0,-32304,0,0,0,0,0,213630,0
212613,4370,7384,-40,89,-152,-1084,-212485,316,-149,-541,-24,36270,117,31,66,0,0,0,0,0,0,0,0,-32303,0,0,0,0,0,213636,0
212618,4346,7374,-16,87,-148,-1029,-212421,287,-141,-544,-16,36268,122,31,66,0,0,0,0,0,0,0,0,-32304,0,0,0,0,0,213641,0
212623,4356,7350,-8,97,-132,-982,-212366,245,-123,-551,-56,36268,122,31,66,0,0,0,0,0,0,0,0,-32304,0,0,0,0,0,213647,0
212628,4266,7310,-12,102,-108,-883,-212321,191,-128,-554,-80,36268,116,31,66,0,0,0,0,0,0,0,0,-32304,0,0,0,0,0,213652,0
212633,4164,7254,-60,102,-102,-827,-212286,150,-132,-540,-120,36268,116,31,66,0,0,0,0,0,0,0,0,-32304,0,0,0,0,0,213657,0
212638,4086,7202,-72,102,-93,-769,-212263,91,-150,-532,-128,36268,117,31,66,0,0,0,0,0,0,0,0,-32305,0,0,0,0,0,213663,0
212643,4020,7110,-104,105,-90,-718,-212245,74,-150,-523,-144,36268,117,31,66,0,0,0,0,0,0,0,0,-32304,0,0,0,0,0,213668,0
212648,3962,6988,-110,98,-82,-616,-212240,17,-149,-512,-184,36267,125,31,66,0,0,0,0,0,0,0,0,-32304,0,0,0,0,0,213674,0
212653,3942,6938,-124,102,-76,-577,-212242,1,-144,-514,-184,36267,125,31,66,0,0,0,0,0,0,0,0,-32304,0,0,0,0,0,213679,0
212658,3924,6900,-122,103,-73,-543,-212242,-2,-118,-523,-176,36266,132,31,66,0,0,0,0,0,0,0,0,-32304,0,0,0,0,0,213685,0
212663,3924,6864,-162,101,-54,-516,-212242,0,-74,-522,-184,36266,132,31,66,0,0,0,0,0,0,0,0,-32304,0,0,0,0,0,213690,0
212668,3818,6900,-170,102,-37,-496,-212241,9,-37,-519,-192,36268,135,31,66,0,0,0,0,0,0,0,0,-32304,0,0,0,0,0,213695,0
212673,3720,6962,-204,99,-27,-494,-212242,-3,-6,-522,-184,36268,135,31,66,0,0,0,0,0,0,0,0,-32304,0,0,0,0,0,213701,0
212678,3666,6976,-256,97,-18,-493,-212243,2,-1,-524,-184,36269,135,31,66,0,0,0,0,0,0,0,0,-32304,0,0,0,0,0,213706,0
212683,3570,7026,-236,92,-4,-490,-212244,3,2,-521,-168,36269,135,31,66,0,0,0,0,0,0,0,0,-32304,0,0,0,0,0,213712,0
212688,3482,7094,-236,85,18,-466,-212243,2,3,-521,-168,36271,136,31,66,0,0,0,0,0,0,0,0,-32304,0,0,0,0,0,213717,0
212693,3482,7168,-222,87,36,-455,-212244,-5,-2,-519,-176,36271,136,31,66,0,0,0,0,0,0,0,0,-32304,0,0,0,0,0,213723,0
212698,3498,7260,-222,86,55,-452,-212243,0,4,-521,-168,36268,129,31,66,0,0,0,0,0,0,0,0,-32304,0,0,0,0,0,213728,0
212703,3496,7326,-224,84,81,-444,-212243,0,-1,-520,-176,36268,129,31,66,0,0,0,0,0,0,0,0,-32304,0,0,0,0,0,213734,0
212708,3404,7440,-202,79,126,-437,-212243,-1,-2,-521,-176,36266,141,31,66,0,0,0,0,0,0,0,0,-32304,0,0,0,0,0,213739,0
212713,3366,7486,-218,77,151,-433,-212244,-2,2,-520,-176,36266,141,31,66,0,0,0,0,0,0,0,0,-32305,0,0,0,0,0,213745,0
212718,3314,7494,-232,74,174,-431,-212244,-3,1,-521,-176,36264,127,31,66,0,0,0,0,0,0,0,0,-32303,0,0,0,0,0,213750,0
212723,3250,7492,-250,77,200,-429,-212244,0,-1,-519,-176,36264,127,31,66,0,0,0,0,0,0,0,0,-32304,0,0,0,0,0,213755,0
212728,3154,7412,-250,77,237,-424,-212245,0,-1,-519,-184,36262,134,31,66,0,0,0,0,0,0,0,0,-32304,0,0,0,0,0,213761,0
212733,3098,7374,-256,76,262,-426,-212245,-2,-3,-519,-176,36262,134,31,66,0,0,0,0,0,0,0,0,-32304,0,0,0,0,0,213766,0
212738,3066,7342,-260,76,279,-436,-212247,-4,2,-517,-168,36264,133,31,66,0,0,0,0,0,0,0,0,-32304,0,0,0,0,0,213772,0
212743,2994,7316,-284,83,299,-440,-212247,-5,2,-518,-176,36264,133,31,66,0,0,0,0,0,0,0,0,-32304,0,0,0,0,0,213777,0
212748,2912,7264,-346,88,331,-469,-212247,3,-1,-521,-168,36264,134,31,66,0,0,0,0,0,0,0,0,-32304,0,0,0,0,0,213783,0
212753,2872,7238,-368,90,355,-487,-212248,3,0,-520,-168,36264,134,31,66,0,0,0,0,0,0,0,0,-32304,0,0,0,0,0,213788,0
212758,2836,7260,-378,85,365,-506,-212250,-6,1,-521,-176,36263,134,31,66,0,0,0,0,0,0,0,0,-32305,0,0,0,0,0,213793,0
212763,2758,7280,-388,89,380,-529,-212250,-5,1,-521,-168,36263,134,31,66,0,0,0,0,0,0,0,0,-32305,0,0,0,0,0,213799,0
212768,2690,7354,-440,91,406,-585,-212250,-6,4,-520,-160,36269,137,31,66,0,0,0,0,0,0,0,0,-32304,0,0,0,0,0,213804,0
212773,3946,9562,46,75,412,-424,-212251,-9,-2,-519,-176,36269,137,31,66,0,0,0,0,0,0,0,0,-32304,0,0,0,0,0,213810,0
212778,4252,9358,-386,78,420,-232,-212257,-36,-16,-511,-200,36271,125,31,66,0,0,0,0,0,0,0,0,-32304,0,0,0,0,0,213815,0
212783,6144,9820,-206,51,407,59,-212267,-50,-34,-505,-224,36271,125,31,66,0,0,0,0,0,0,0,0,-32304,0,0,0,0,0,213821,0
212788,4300,11034,456,35,418,-357,-212284,-82,-61,-503,-256,36272,121,31,66,0,0,0,0,0,0,0,0,-32304,0,0,0,0,0,213826,0
212793,4350,11310,486,19,448,-465,-212314,-135,-96,-486,-328,36272,121,31,66,0,0,0,0,0,0,0,0,-32304,0,0,0,0,0,213832,0
212798,4328,11380,52,37,438,-466,-212348,-151,-111,-500,-312,36270,123,31,66,0,0,0,0,0,0,0,0,-32304,0,0,0,0,0,213837,0
212803,3720,11330,-130,27,415,-397,-212383,-153,-106,-505,-280,36270,123,31,66,0,0,0,0,0,0,0,0,-32304,0,0,0,0,0,213843,0
212808,2574,10714,-324,18,361,-551,-212408,-102,-48,-516,-216,36261,133,31,66,0,0,0,0,0,0,0,0,-32303,0,0,0,0,0,213848,0
212813,2260,10190,-378,27,346,-569,-212418,-32,43,-523,-168,36261,133,31,66,0,0,0,0,0,0,0,0,-32304,0,0,0,0,0,213853,0
212818,1982,10002,-228,31,338,-542,-212415,16,134,-507,-168,36261,142,31,66,0,0,0,0,0,0,0,0,-32304,0,0,0,0,0,213859,0
212823,1810,9600,-224,44,366,-544,-212411,17,158,-504,-168,36261,142,31,66,0,0,0,0,0,0,0,0,-32304,0,0,0,0,0,213864,0
212828,1934,8928,-86,33,409,-567,-212409,10,128,-504,-168,36263,140,31,66,0,0,0,0,0,0,0,0,-32304,0,0,0,0,0,213870,0
212833,2190,8700,-74,40,415,-565,-212410,-2,45,-505,-160,36263,140,31,66,0,0,0,0,0,0,0,0,-32304,0,0,0,0,0,213875,0
212838,2588,8416,-96,47,423,-585,-212408,0,5,-503,-168,36264,134,31,66,0,0,0,0,0,0,0,0,-32304,0,0,0,0,0,213881,0
212843,3006,8256,-68,49,443,-593,-212410,-4,-15,-505,-176,36264,134,31,66,0,0,0,0,0,0,0,0,-32304,0,0,0,0,0,213886,0
212848,3438,7844,-32,58,440,-626,-212412,-19,-16,-505,-176,36264,138,31,66,0,0,0,0,0,0,0,0,-32304,0,0,0,0,0,213892,0
212853,3586,7626,-60,67,442,-648,-212417,-28,-16,-503,-184,36264,138,31,66,0,0,0,0,0,0,0,0,-32304,0,0,0,0,0,213897,0
212858,3576,7392,-64,69,442,-670,-212428,-49,-35,-493,-224,36264,137,31,66,0,0,0,0,0,0,0,0,-32304,0,0,0,0,0,213903,0
212863,3520,7156,-66,73,443,-686,-212446,-82,-59,-489,-232,36264,137,31,66,0,0,0,0,0,0,0,0,-32304,0,0,0,0,0,213908,0
212868,3386,6782,-54,77,430,-731,-212463,-70,-61,-495,-216,36263,138,31,66,0,0,0,0,0,0,0,0,-32304,0,0,0,0,0,213914,0
212873,3334,6640,-36,82,426,-742,-212474,-42,-38,-501,-192,36263,138,31,66,0,0,0,0,0,0,0,0,-32304,0,0,0,0,0,213919,0
212878,3290,6608,-50,83,422,-760,-212487,-55,-5,-489,-232,36265,141,31,66,0,0,0,0,0,0,0,0,-32304,0,0,0,0,0,213925,0
212883,3254,6604,-64,88,414,-771,-212509,-101,-4,-482,-248,36265,141,31,66,0,0,0,0,0,0,0,0,-32304,0,0,0,0,0,213930,0
212888,3074,6756,-46,100,410,-790,-212534,-108,-29,-486,-232,36264,136,31,66,0,0,0,0,0,0,0,0,-32303,0,0,0,0,0,213935,0
212893,3000,6882,12,109,406,-804,-212559,-112,-50,-483,-248,36264,136,31,66,0,0,0,0,0,0,0,0,-32303,0,0,0,0,0,213941,0
212898,2884,6978,78,108,405,-815,-212587,-125,-51,-476,-248,36263,143,31,66,0,0,0,0,0,0,0,0,-32304,0,0,0,0,0,213946,0
212903,2816,7112,118,117,400,-820,-212607,-86,-17,-492,-208,36263,143,31,66,0,0,0,0,0,0,0,0,-32304,0,0,0,0,0,213952,0
212908,2738,7326,156,130,386,-845,-212623,-67,22,-482,-200,36262,145,31,66,0,0,0,0,0,0,0,0,-32304,0,0,0,0,0,213957,0
212913,2666,7488,176,133,370,-849,-212638,-67,42,-485,-192,36262,145,31,66,0,0,0,0,0,0,0,0,-32304,0,0,0,0,0,213963,0
212918,2526,7600,174,142,357,-858,-212646,-33,62,-493,-144,36267,141,31,66,0,0,0,0,0,0,0,0,-32304,0,0,0,0,0,213968,0
212923,2492,7730,136,148,334,-870,-212643,3,80,-487,-144,36267,141,31,66,0,0,0,0,0,0,0,0,-32304,0,0,0,0,0,213973,0
212928,2260,7914,142,165,294,-875,-212642,-1,72,-482,-144,36269,144,31,66,0,0,0,0,0,0,0,0,-32304,0,0,0,0,0,213979,0
212933,2096,7984,124,166,268,-880,-212641,5,67,-486,-144,36269,144,31,66,0,0,0,0,0,0,0,0,-32304,0,0,0,0,0,213984,0
212938,1926,8002,122,174,247,-875,-212640,13,36,-483,-144,36269,135,31,66,0,0,0,0,0,0,0,0,-32304,0,0,0,0,0,213990,0
212943,1778,7998,120,188,221,-878,-212638,9,7,-482,-144,36269,135,31,66,0,0,0,0,0,0,0,0,-32304,0,0,0,0,0,213995,0
212948,1602,7942,92,194,173,-871,-212636,11,6,-486,-144,36267,126,31,66,0,0,0,0,0,0,0,0,-32304,0,0,0,0,0,214001,0
212953,1522,7926,88,197,146,-864,-212635,4,3,-485,-144,36267,126,31,66,0,0,0,0,0,0,0,0,-32304,0,0,0,0,0,214006,0
212958,1502,7958,84,201,114,-854,-212634,4,-2,-485,-144,36265,130,31,66,0,0,0,0,0,0,0,0,-32304,0,0,0,0,0,214012,0
212963,1548,8002,92,211,90,-855,-212632,6,-2,-483,-160,36265,130,31,66,0,0,0,0,0,0,0,0,-32304,0,0,0,0,0,214017,0
212968,1646,8044,18,215,29,-846,-212632,-4,-4,-480,-152,36264,132,31,66,0,0,0,0,0,0,0,0,-32304,0,0,0,0,0,214023,0
212973,1676,8054,0,211,11,-841,-212631,5,-3,-485,-168,36264,132,31,66,0,0,0,0,0,0,0,0,-32304,0,0,0,0,0,214028,0
212978,1734,7990,-76,210,-14,-837,-212631,0,-4,-484,-160,36262,133,31,66,0,0,0,0,0,0,0,0,-32304,0,0,0,0,0,214033,0
212983,1816,7994,-112,217,-29,-839,-212632,-6,-3,-488,-168,36262,133,31,66,0,0,0,0,0,0,0,0,-32304,0,0,0,0,0,214039,0
212988,1946,7842,-224,209,-55,-836,-212631,-9,1,-485,-160,36266,135,31,66,0,0,0,0,0,0,0,0,-32304,0,0,0,0,0,214044,0
212993,1950,7732,-248,213,-67,-842,-212631,0,3,-485,-160,36266,135,31,66,0,0,0,0,0,0,0,0,-32304,0,0,0,0,0,214050,0
212998,1958,7658,-266,214,-75,-838,-212631,5,-1,-484,-152,36276,135,31,66,0,0,0,0,0,0,0,0,-32304,0,0,0,0,0,214055,0
213003,2012,7552,-262,209,-72,-836,-212633,-9,0,-487,-168,36276,135,31,66,0,0,0,0,0,0,0,0,-32304,0,0,0,0,0,214061,0
213008,2098,7338,-314,205,-62,-838,-212632,-12,6,-486,-160,36285,134,31,66,0,0,0,0,0,0,0,0,-32304,0,0,0,0,0,214066,0
213013,2180,7352,-312,202,-49,-835,-212632,-8,-1,-486,-160,36285,134,31,66,0,0,0,0,0,0,0,0,-32304,0,0,0,0,0,214071,0
213018,2180,7298,-338,207,-34,-839,-212631,-1,-2,-484,-160,36287,141,31,66,0,0,0,0,0,0,0,0,-32304,0,0,0,0,0,214077,0
213023,2196,7356,-328,205,-23,-839,-212630,4,6,-484,-168,36287,141,31,66,0,0,0,0,0,0,0,0,-32304,0,0,0,0,0,214082,0
213028,2232,7486,-272,200,6,-841,-212632,0,0,-483,-160,36280,139,31,66,0,0,0,0,0,0,0,0,-32304,0,0,0,0,0,214088,0
213033,2242,7506,-276,197,25,-848,-212631,3,1,-485,-160,36280,139,31,66,0,0,0,0,0,0,0,0,-32304,0,0,0,0,0,214094,0
213038,2278,7582,-274,203,54,-853,-212632,2,2,-485,-160,36269,137,31,66,0,0,0,0,0,0,0,0,-32304,0,0,0,0,0,214099,0
213043,2250,7604,-244,199,74,-849,-212631,3,3,-485,-160,36269,137,31,66,0,0,0,0,0,0,0,0,-32304,0,0,0,0,0,214105,0
213048,1938,7178,-286,198,152,-848,-212631,8,1,-484,-160,36261,139,31,66,0,0,0,0,0,0,0,0,-32304,0,0,0,0,0,214110,0
213053,1080,5910,-312,193,209,-812,-212631,6,2,-485,-160,36261,139,31,66,0,0,0,0,0,0,0,0,-32304,0,0,0,0,0,214116,0
213058,174,4518,-410,199,275,-773,-212634,-7,-7,-485,-160,36262,132,31,66,0,0,0,0,0,0,0,0,-32304,0,0,0,0,0,214122,0
213063,434,5132,-702,194,337,-722,-212642,-37,-23,-478,-184,36262,132,31,66,0,0,0,0,0,0,0,0,-32304,0,0,0,0,0,214127,0
213068,2902,8878,-836,208,374,-700,-212651,-50,-36,-474,-192,36264,135,31,66,0,0,0,0,0,0,0,0,-32304,0,0,0,0,0,214132,0
213073,3646,9810,-462,203,347,-759,-212664,-54,-50,-472,-216,36264,135,31,66,0,0,0,0,0,0,0,0,-32305,0,0,0,0,0,214138,0
213078,3924,9834,2,192,305,-822,-212687,-101,-69,-463,-272,36266,132,31,66,0,0,0,0,0,0,0,0,-32304,0,0,0,0,0,214143,0
213083,3732,9462,288,180,265,-889,-212724,-167,-99,-451,-320,36266,132,31,66,0,0,0,0,0,0,0,0,-32304,0,0,0,0,0,214149,0
213088,3066,8946,-78,167,200,-1003,-212770,-206,-134,-458,-376,36267,133,31,66,0,0,0,0,0,0,0,0,-32304,0,0,0,0,0,214154,0
213093,2782,8942,-428,164,185,-1045,-212822,-232,-152,-449,-392,36267,133,31,66,0,0,0,0,0,0,0,0,-32304,0,0,0,0,0,214159,0
213098,2618,9022,-642,168,174,-1084,-212883,-265,-148,-447,-416,36266,141,31,66,0,0,0,0,0,0,0,0,-32304,0,0,0,0,0,214165,0
213103,2492,9130,-586,174,180,-1126,-212940,-248,-98,-450,-360,36266,141,31,66,0,0,0,0,0,0,0,0,-32304,0,0,0,0,0,214170,0
213108,2340,9004,-132,174,158,-1185,-212991,-221,-43,-441,-312,36264,145,31,66,0,0,0,0,0,0,0,0,-32304,0,0,0,0,0,214176,0
213113,2174,8856,22,174,143,-1214,-213034,-186,26,-439,-272,36264,145,31,66,0,0,0,0,0,0,0,0,-32304,0,0,0,0,0,214181,0
213118,1990,8664,64,167,118,-1237,-213062,-121,95,-441,-192,36263,141,31,66,0,0,0,0,0,0,0,0,-32304,0,0,0,0,0,214187,0
213123,1826,8440,28,174,99,-1254,-213073,-43,156,-447,-144,36263,141,31,66,0,0,0,0,0,0,0,0,-32304,0,0,0,0,0,214192,0
213128,1546,7952,-48,183,66,-1279,-213072,3,193,-442,-144,36261,138,31,66,0,0,0,0,0,0,0,0,-32304,0,0,0,0,0,214197,0
213133,1326,7730,-30,190,46,-1281,-213073,3,178,-440,-136,36261,138,31,66,0,0,0,0,0,0,0,0,-32304,0,0,0,0,0,214203,0
213138,1156,7498,62,199,23,-1279,-213072,-2,128,-438,-128,36262,126,31,66,0,0,0,0,0,0,0,0,-32304,0,0,0,0,0,214208,0
213143,982,7310,138,203,-9,-1273,-213071,2,61,-439,-136,36262,126,31,66,0,0,0,0,0,0,0,0,-32304,0,0,0,0,0,214214,0
213148,708,7006,210,221,-70,-1246,-213071,0,8,-438,-144,36264,126,31,66,0,0,0,0,0,0,0,0,-32304,0,0,0,0,0,214219,0
213153,626,6952,210,236,-95,-1233,-213070,5,0,-440,-144,36264,126,31,66,0,0,0,0,0,0,0,0,-32304,0,0,0,0,0,214224,0
213158,502,6874,228,242,-127,-1208,-213069,1,4,-439,-136,36264,126,31,66,0,0,0,0,0,0,0,0,-32304,0,0,0,0,0,214230,0
213163,466,6956,218,252,-154,-1186,-213070,-1,-1,-436,-136,36264,126,31,66,0,0,0,0,0,0,0,0,-32303,0,0,0,0,0,214236,0
213168,456,7034,112,275,-203,-1134,-213071,-5,-7,-439,-144,36268,129,31,66,0,0,0,0,0,0,0,0,-32304,0,0,0,0,0,214241,0
213173,402,7212,106,287,-212,-1114,-213070,0,1,-441,-136,36268,129,31,66,0,0,0,0,0,0,0,0,-32304,0,0,0,0,0,214247,0
213178,402,7350,100,291,-223,-1089,-213070,-5,-1,-444,-144,36268,134,31,66,0,0,0,0,0,0,0,0,-32304,0,0,0,0,0,214252,0
213183,372,7520,60,309,-228,-1070,-213070,2,1,-438,-144,36268,134,31,66,0,0,0,0,0,0,0,0,-32304,0,0,0,0,0,214258,0
213188,374,7896,30,323,-222,-1021,-213070,0,-2,-437,-144,36265,134,31,66,0,0,0,0,0,0,0,0,-32304,0,0,0,0,0,214263,0
213193,256,7974,10,336,-205,-998,-213070,4,0,-438,-144,36265,134,31,66,0,0,0,0,0,0,0,0,-32304,0,0,0,0,0,214268,0
213198,-36,8468,-124,328,-216,-978,-213071,-9,-2,-440,-136,36271,129,31,66,0,0,0,0,0,0,0,0,-32304,0,0,0,0,0,214274,0
213203,220,8182,-124,351,-178,-958,-213072,-10,-1,-442,-144,36271,129,31,66,0,0,0,0,0,0,0,0,-32304,0,0,0,0,0,214279,0
213208,284,8444,-312,349,-153,-913,-213075,-16,-15,-442,-144,36271,137,31,66,0,0,0,0,0,0,0,0,-32304,0,0,0,0,0,214285,0
213213,220,8472,-222,343,-137,-895,-213079,-22,-16,-435,-160,36271,137,31,66,0,0,0,0,0,0,0,0,-32304,0,0,0,0,0,214290,0
213218,200,8472,-392,344,-127,-878,-213090,-48,-32,-428,-184,36272,134,31,66,0,0,0,0,0,0,0,0,-32304,0,0,0,0,0,214296,0
213223,222,8470,-438,350,-110,-853,-213106,-67,-48,-430,-192,36272,134,31,66,0,0,0,0,0,0,0,0,-32304,0,0,0,0,0,214302,0
213228,54,8418,-402,341,-102,-813,-213119,-56,-50,-435,-176,36266,127,31,66,0,0,0,0,0,0,0,0,-32304,0,0,0,0,0,214307,0
213233,-52,8416,-476,334,-102,-790,-213135,-63,-41,-427,-208,36266,127,31,66,0,0,0,0,0,0,0,0,-32304,0,0,0,0,0,214312,0
213238,-172,8352,-538,333,-104,-766,-213163,-131,-50,-407,-264,36263,133,31,66,0,0,0,0,0,0,0,0,-32304,0,0,0,0,0,214318,0
213243,-286,8326,-600,335,-116,-733,-213199,-156,-70,-411,-288,36263,133,31,66,0,0,0,0,0,0,0,0,-32304,0,0,0,0,0,214323,0
213248,-602,8228,-554,322,-148,-672,-213248,-224,-120,-402,-368,36264,138,31,66,0,0,0,0,0,0,0,0,-32304,0,0,0,0,0,214329,0
213253,-764,8178,-548,316,-172,-636,-213309,-280,-157,-407,-448,36264,138,31,66,0,0,0,0,0,0,0,0,-32304,0,0,0,0,0,214334,0
213258,-896,8146,-588,305,-196,-590,-213385,-330,-186,-392,-528,36262,144,31,66,0,0,0,0,0,0,0,0,-32304,0,0,0,0,0,214340,0
213263,-1070,8072,-642,301,-223,-544,-213471,-380,-188,-377,-624,36262,144,31,66,0,0,0,0,0,0,0,0,-32304,0,0,0,0,0,214346,0
213268,-1286,8150,-700,285,-274,-446,-213568,-436,-191,-358,-696,36255,145,31,66,0,0,0,0,0,0,0,0,-32304,0,0,0,0,0,214352,0
213273,-1342,8174,-702,276,-303,-414,-213684,-515,-192,-341,-976,36255,145,31,66,0,0,0,0,0,0,0,0,-32305,0,0,0,0,0,214357,0
213278,-1038,8248,-652,271,-326,-374,-213822,-619,-162,-326,-1264,36252,136,31,66,0,0,0,0,0,0,0,0,-32304,0,0,0,0,0,214363,0
213283,-768,8334,-686,266,-347,-334,-213990,-758,-213,-302,-1616,36252,136,31,66,0,0,0,0,0,0,0,0,-32304,0,0,0,0,0,214368,0
213288,-366,8452,-676,241,-380,-275,-214200,-941,-323,-270,-2048,36252,136,31,66,0,0,0,0,0,0,0,0,-32304,0,0,0,0,0,214373,0
213293,-266,8490,-710,245,-396,-241,-214458,-1162,-504,-233,-2512,36252,136,31,66,0,0,0,0,0,0,0,0,-32304,0,0,0,0,0,214379,0
213298,-392,8510,-714,235,-404,-208,-214772,-1404,-661,-196,-3032,36259,145,31,66,0,0,0,0,0,0,0,0,-32304,0,0,0,0,0,214384,0
213303,-582,8558,-678,238,-413,-174,-215141,-1649,-783,-174,-3448,36259,145,31,66,0,0,0,0,0,0,0,0,-32304,0,0,0,0,0,214390,0
213308,6132,8562,-76,220,-498,-462,-215548,-1798,-779,-163,-3512,36258,143,31,66,0,0,0,0,0,0,0,0,-32304,0,0,0,0,0,214395,0
213313,6808,8116,-496,191,-458,-520,-215960,-1812,-692,-143,-3272,36258,143,31,66,0,0,0,0,0,0,0,0,-32304,0,0,0,0,0,214401,0
213318,6282,8036,-894,183,-433,-591,-216361,-1754,-475,-78,-2952,36257,147,31,66,0,0,0,0,0,0,0,0,-32304,0,0,0,0,0,214406,0
213323,4674,8638,-1212,204,-376,-651,-216741,-1654,-179,-27,-2560,36257,147,31,66,0,0,0,0,0,0,0,0,-32304,0,0,0,0,0,214412,0
213328,300,8780,-422,195,-354,-668,-217080,-1473,114,-3,-1976,36259,146,31,66,0,0,0,0,0,0,0,0,-32304,0,0,0,0,0,214417,0
213333,-1128,8746,-348,184,-382,-658,-217337,-1082,414,-14,-856,36259,146,31,66,0,0,0,0,0,0,0,0,-32304,0,0,0,0,0,214423,0
213338,-2096,8900,-238,192,-414,-651,-217462,-483,801,65,272,36259,134,31,66,0,0,0,0,0,0,0,0,-32303,0,0,0,0,0,214428,0
213343,-1788,9012,-10,199,-430,-634,-217420,260,1339,267,360,36259,134,31,66,0,0,0,0,0,0,0,0,-32304,0,0,0,0,0,214434,0
213348,1028,8674,-180,194,-371,-643,-217277,663,1774,47,1008,36261,141,31,66,0,0,0,0,0,0,0,0,-32303,0,0,0,0,0,214439,0
213353,2284,8352,-466,203,-315,-652,-217085,856,1861,32,1088,36261,141,31,66,0,0,0,0,0,0,0,0,-32304,0,0,0,0,0,214444,0
213358,2794,8012,-630,193,-271,-663,-216877,922,1515,-10,976,36263,132,31,66,0,0,0,0,0,0,0,0,-32304,0,0,0,0,0,214450,0
213363,2704,7738,-758,199,-225,-680,-216679,874,924,-59,656,36263,132,31,66,0,0,0,0,0,0,0,0,-32304,0,0,0,0,0,214455,0
213368,930,7558,-528,207,-167,-684,-216494,804,356,-110,400,36263,135,31,66,0,0,0,0,0,0,0,0,-32304,0,0,0,0,0,214461,0
213373,-52,7666,-274,206,-164,-675,-216335,689,-2,-177,200,36263,135,31,66,0,0,0,0,0,0,0,0,-32304,0,0,0,0,0,214466,0
213378,-778,7736,-154,215,-157,-660,-216210,535,-219,-255,72,36265,133,31,66,0,0,0,0,0,0,0,0,-32304,0,0,0,0,0,214472,0
213383,-970,7938,-68,212,-155,-637,-216121,376,-373,-307,16,36265,133,31,66,0,0,0,0,0,0,0,0,-32304,0,0,0,0,0,214477,0
213388,-318,8004,-214,226,-146,-603,-216066,228,-467,-266,-16,36267,133,31,66,0,0,0,0,0,0,0,0,-32304,0,0,0,0,0,214483,0
213393,268,8060,-374,227,-128,-594,-216044,79,-514,-208,-40,36267,133,31,66,0,0,0,0,0,0,0,0,-32304,0,0,0,0,0,214488,0
213398,744,7920,-320,243,-128,-591,-216047,-18,-513,-161,-56,36273,122,31,66,0,0,0,0,0,0,0,0,-32304,0,0,0,0,0,214494,0
213403,932,7910,-336,246,-134,-591,-216057,-48,-445,-145,-72,36273,122,31,66,0,0,0,0,0,0,0,0,-32304,0,0,0,0,0,214499,0
213408,770,7820,-346,257,-149,-595,-216077,-82,-330,-139,-80,36276,129,31,66,0,0,0,0,0,0,0,0,-32304,0,0,0,0,0,214504,0
213413,548,7822,-314,262,-158,-592,-216094,-71,-210,-141,-64,36276,129,31,66,0,0,0,0,0,0,0,0,-32304,0,0,0,0,0,214510,0
213418,352,7836,-212,269,-177,-592,-216100,-23,-82,-149,-40,36276,124,31,66,0,0,0,0,0,0,0,0,-32306,0,0,0,0,0,214515,0
213423,194,7860,-360,271,-191,-585,-216096,12,24,-148,-40,36276,124,31,66,0,0,0,0,0,0,0,0,-32304,0,0,0,0,0,214521,0
213428,138,7938,-144,291,-238,-581,-216095,12,77,-147,-40,36274,122,31,66,0,0,0,0,0,0,0,0,-32304,0,0,0,0,0,214526,0
213433,304,7954,-160,291,-263,-577,-216094,4,79,-144,-40,36274,122,31,66,0,0,0,0,0,0,0,0,-32304,0,0,0,0,0,214532,0
213438,444,7930,-270,309,-276,-578,-216094,6,39,-142,-40,36268,132,31,66,0,0,0,0,0,0,0,0,-32304,0,0,0,0,0,214537,0
213443,600,8062,-314,308,-278,-584,-216096,-6,3,-144,-40,36268,132,31,66,0,0,0,0,0,0,0,0,-32304,0,0,0,0,0,214542,0
213448,650,7962,-118,337,-278,-588,-216095,3,-8,-144,-40,36267,127,31,66,0,0,0,0,0,0,0,0,-32304,0,0,0,0,0,214548,0
213453,728,8132,-136,321,-270,-592,-216095,0,-10,-144,-48,36267,127,31,66,0,0,0,0,0,0,0,0,-32304,0,0,0,0,0,214553,0
213458,660,8402,-210,326,-243,-596,-216095,3,4,-144,-40,36264,132,31,66,0,0,0,0,0,0,0,0,-32304,0,0,0,0,0,214559,0
213463,528,8096,-388,339,-220,-605,-216094,-1,0,-144,-40,36264,132,31,66,0,0,0,0,0,0,0,0,-32304,0,0,0,0,0,214564,0
213468,486,7984,-480,346,-171,-614,-216094,9,-1,-145,-48,36265,132,31,66,0,0,0,0,0,0,0,0,-32304,0,0,0,0,0,214569,0
213473,654,8272,-318,346,-146,-620,-216095,-2,-4,-147,-40,36265,132,31,66,0,0,0,0,0,0,0,0,-32304,0,0,0,0,0,214575,0
213478,820,8240,-502,345,-127,-625,-216094,-5,-5,-145,-40,36264,138,31,66,0,0,0,0,0,0,0,0,-32304,0,0,0,0,0,214580,0
213483,868,8126,-586,349,-95,-640,-216095,-3,-1,-142,-40,36264,138,31,66,0,0,0,0,0,0,0,0,-32304,0,0,0,0,0,214586,0
213488,916,8082,-672,350,-42,-659,-216093,0,-2,-143,-40,36263,142,31,66,0,0,0,0,0,0,0,0,-32305,0,0,0,0,0,214591,0
213493,966,8262,-558,342,-3,-672,-216095,0,-6,-144,-40,36263,142,31,66,0,0,0,0,0,0,0,0,-32304,0,0,0,0,0,214597,0
213498,952,8256,-650,344,23,-680,-216095,-12,-2,-144,-40,36263,131,31,66,0,0,0,0,0,0,0,0,-32304,0,0,0,0,0,214603,0
213503,864,8194,-726,339,58,-689,-216095,2,-1,-144,-48,36263,131,31,66,0,0,0,0,0,0,0,0,-32304,0,0,0,0,0,214608,0
213508,842,8290,-774,332,123,-714,-216095,0,1,-145,-48,36269,135,31,66,0,0,0,0,0,0,0,0,-32304,0,0,0,0,0,214613,0
213513,810,8294,-798,324,146,-725,-216095,3,4,-146,-40,36269,135,31,66,0,0,0,0,0,0,0,0,-32304,0,0,0,0,0,214619,0
213518,710,8280,-860,316,162,-733,-216095,1,0,-146,-40,36270,137,31,66,0,0,0,0,0,0,0,0,-32304,0,0,0,0,0,214624,0
213523,620,8202,-908,311,177,-743,-216094,9,7,-147,-40,36270,137,31,66,0,0,0,0,0,0,0,0,-32304,0,0,0,0,0,214630,0
213528,802,7714,-1270,302,185,-766,-216094,1,0,-146,-40,36269,131,31,66,0,0,0,0,0,0,0,0,-32304,0,0,0,0,0,214635,0
213533,444,8350,-512,284,175,-765,-216095,-1,-1,-143,-40,36269,131,31,66,0,0,0,0,0,0,0,0,-32304,0,0,0,0,0,214641,0
213538,278,8018,-972,289,172,-777,-216096,-2,-3,-142,-40,36264,120,31,66,0,0,0,0,0,0,0,0,-32304,0,0,0,0,0,214646,0
213543,242,8012,-880,274,176,-775,-216095,0,-1,-143,-48,36264,120,31,66,0,0,0,0,0,0,0,0,-32304,0,0,0,0,0,214651,0
213548,266,8136,-978,266,165,-787,-216095,-3,1,-144,-40,36264,118,31,66,0,0,0,0,0,0,0,0,-32304,0,0,0,0,0,214657,0
213553,368,8144,-868,260,163,-793,-216095,-2,3,-144,-48,36264,118,31,66,0,0,0,0,0,0,0,0,-32304,0,0,0,0,0,214663,0
213558,416,8172,-886,254,171,-806,-216095,-1,0,-143,-40,36267,120,31,66,0,0,0,0,0,0,0,0,-32304,0,0,0,0,0,214668,0
213563,438,8256,-868,248,166,-812,-216096,-1,0,-144,-48,36267,120,31,66,0,0,0,0,0,0,0,0,-32304,0,0,0,0,0,214673,0
213568,-642,9452,-724,225,130,-859,-216093,2,-3,-144,-40,36265,126,31,66,0,0,0,0,0,0,0,0,-32304,0,0,0,0,0,214679,0
213573,-772,9454,-760,229,93,-854,-216095,1,4,-147,-40,36265,126,31,66,0,0,0,0,0,0,0,0,-32304,0,0,0,0,0,214684,0
213578,-578,9378,-802,235,70,-860,-216095,-3,2,-146,-48,36267,126,31,66,0,0,0,0,0,0,0,0,-32304,0,0,0,0,0,214690,0
213583,112,9170,-850,230,57,-851,-216095,-5,-8,-143,-40,36267,126,31,66,0,0,0,0,0,0,0,0,-32304,0,0,0,0,0,214695,0
213588,728,8462,-508,227,45,-874,-216095,-6,0,-143,-40,36268,123,31,66,0,0,0,0,0,0,0,0,-32304,0,0,0,0,0,214701,0
213593,688,8020,-536,238,32,-894,-216094,3,2,-143,-40,36268,123,31,66,0,0,0,0,0,0,0,0,-32304,0,0,0,0,0,214706,0
213598,406,7856,-462,253,31,-905,-216094,2,2,-144,-40,36267,135,31,66,0,0,0,0,0,0,0,0,-32304,0,0,0,0,0,214712,0
213603,46,7766,-284,260,28,-908,-216095,0,0,-143,-40,36267,135,31,66,0,0,0,0,0,0,0,0,-32304,0,0,0,0,0,214717,0
213608,-656,7812,-158,287,26,-905,-216094,2,0,-144,-40,36273,138,31,66,0,0,0,0,0,0,0,0,-32304,0,0,0,0,0,214722,0
213613,-830,7650,-296,297,25,-898,-216094,9,1,-145,-40,36273,138,31,66,0,0,0,0,0,0,0,0,-32304,0,0,0,0,0,214728,0
213618,-720,8010,-40,318,3,-886,-216095,1,2,-145,-40,36270,138,31,66,0,0,0,0,0,0,0,0,-32304,0,0,0,0,0,214733,0
213623,-514,7890,-34,325,-33,-883,-216095,0,-2,-146,-40,36270,138,31,66,0,0,0,0,0,0,0,0,-32304,0,0,0,0,0,214739,0
213628,-408,8768,-468,296,-107,-858,-216094,4,-2,-145,-40,36272,143,31,66,0,0,0,0,0,0,0,0,-32304,0,0,0,0,0,214744,0
213633,-14,8114,-1424,324,-61,-842,-216095,1,-4,-143,-32,36272,143,31,66,0,0,0,0,0,0,0,0,-32304,0,0,0,0,0,214750,0
213638,-528,8258,-1282,314,-31,-833,-216094,2,-2,-143,-40,36267,129,31,66,0,0,0,0,0,0,0,0,-32304,0,0,0,0,0,214755,0
213643,-722,8566,-1098,275,-38,-801,-216095,1,-6,-144,-40,36267,129,31,66,0,0,0,0,0,0,0,0,-32304,0,0,0,0,0,214760,0
213648,-854,8042,-1716,239,36,-754,-216095,2,5,-144,-40,36268,126,31,66,0,0,0,0,0,0,0,0,-32304,0,0,0,0,0,214766,0
213653,-1214,7828,-1536,230,32,-742,-216095,2,-2,-144,-40,36268,126,31,66,0,0,0,0,0,0,0,0,-32304,0,0,0,0,0,214772,0
213658,-1292,8048,-1438,181,21,-703,-216095,-1,0,-146,-48,36267,115,31,66,0,0,0,0,0,0,0,0,-32304,0,0,0,0,0,214777,0
213663,-1410,7954,-1806,159,44,-680,-216095,-2,1,-145,-40,36267,115,31,66,0,0,0,0,0,0,0,0,-32304,0,0,0,0,0,214783,0
213668,-1160,7538,-2776,101,175,-620,-216094,-4,-4,-144,-48,36266,116,31,66,0,0,0,0,0,0,0,0,-32304,0,0,0,0,0,214788,0
213673,-1686,7256,-2148,106,150,-598,-216095,0,2,-146,-40,36266,116,31,66,0,0,0,0,0,0,0,0,-32304,0,0,0,0,0,214793,0
213678,-1966,7908,-610,87,31,-574,-216094,4,2,-145,-40,36263,116,31,66,0,0,0,0,0,0,0,0,-32304,0,0,0,0,0,214799,0
213683,-1288,8232,-712,52,19,-558,-216094,8,-2,-144,-48,36263,116,31,66,0,0,0,0,0,0,0,0,-32304,0,0,0,0,0,214804,0
213688,-826,7956,-290,93,11,-531,-216095,-6,2,-143,-40,36264,131,31,66,0,0,0,0,0,0,0,0,-32304,0,0,0,0,0,214810,0
213693,-732,8712,80,54,-25,-530,-216095,-3,2,-144,-40,36264,131,31,66,0,0,0,0,0,0,0,0,-32304,0,0,0,0,0,214815,0
213698,-90,8136,-1202,73,29,-524,-216095,-7,1,-144,-40,36267,134,31,66,0,0,0,0,0,0,0,0,-32304,0,0,0,0,0,214821,0
213703,-478,7478,-1344,122,58,-538,-216094,7,2,-145,-40,36267,134,31,66,0,0,0,0,0,0,0,0,-32304,0,0,0,0,0,214826,0
213708,-654,8704,1130,141,-171,-535,-216094,0,-2,-145,-48,36270,136,31,66,0,0,0,0,0,0,0,0,-32304,0,0,0,0,0,214831,0
213713,64,7994,-378,173,-102,-545,-216094,1,1,-145,-40,36270,136,31,66,0,0,0,0,0,0,0,0,-32304,0,0,0,0,0,214837,0
213718,50,7744,152,238,-96,-551,-216095,0,-1,-147,-40,36271,132,31,66,0,0,0,0,0,0,0,0,-32304,0,0,0,0,0,214842,0
213723,-562,8206,1406,258,-211,-559,-216095,0,4,-148,-40,36271,132,31,66,0,0,0,0,0,0,0,0,-32304,0,0,0,0,0,214848,0
213728,266,8198,-1138,260,-141,-574,-216094,3,-2,-146,-40,36271,130,31,66,0,0,0,0,0,0,0,0,-32304,0,0,0,0,0,214853,0
213733,252,7334,-1174,330,-79,-570,-216094,0,1,-145,-40,36271,130,31,66,0,0,0,0,0,0,0,0,-32304,0,0,0,0,0,214859,0
213738,-696,8098,298,324,-154,-586,-216095,0,-1,-140,-40,36269,136,31,66,0,0,0,0,0,0,0,0,-32304,0,0,0,0,0,214865,0
213743,-1000,8236,452,348,-276,-569,-216094,0,0,-142,-40,36269,136,31,66,0,0,0,0,0,0,0,0,-32304,0,0,0,0,0,214870,0
213748,98,7290,-1274,369,-109,-585,-216094,0,-2,-142,-48,36264,131,31,66,0,0,0,0,0,0,0,0,-32304,0,0,0,0,0,214875,0
213753,-670,7668,-350,380,-145,-579,-216094,3,2,-145,-40,36264,131,31,66,0,0,0,0,0,0,0,0,-32304,0,0,0,0,0,214881,0
213758,-894,8846,456,349,-231,-568,-216096,-4,-5,-146,-40,36263,130,31,66,0,0,0,0,0,0,0,0,-32304,0,0,0,0,0,214886,0
213763,-558,8492,-1368,299,-126,-579,-216094,9,-2,-144,-40,36263,130,31,66,0,0,0,0,0,0,0,0,-32304,0,0,0,0,0,214892,0
213768,-942,7896,-952,341,-99,-551,-216119,-140,-31,-905,-1144,36263,136,31,66,0,0,0,0,0,0,0,0,-32305,0,0,0,0,0,214897,0
213773,-1236,8714,-526,291,-145,-550,-216233,-540,-241,-1514,-1632,36263,136,31,66,0,0,0,0,0,0,0,0,-32304,0,0,0,0,0,214903,0
213778,-754,8038,-2138,263,-40,-551,-216366,-733,-539,-1006,-1664,36257,152,31,66,0,0,0,0,0,0,0,0,-32304,0,0,0,0,0,214908,0
213783,-782,7412,-2154,279,-30,-527,-216557,-837,-756,-484,-1320,36257,152,31,66,0,0,0,0,0,0,0,0,-32304,0,0,0,0,0,214913,0
213788,-876,8478,-1306,201,-65,-495,-216737,-779,-696,-164,-688,36252,151,31,66,0,0,0,0,0,0,0,0,-32304,0,0,0,0,0,214919,0
213793,-908,7862,-2558,172,44,-513,-216887,-647,-341,-20,-288,36252,151,31,66,0,0,0,0,0,0,0,0,-32304,0,0,0,0,0,214924,0
213798,-816,7556,-2370,170,71,-486,-216992,-435,112,57,-200,36252,149,31,66,0,0,0,0,0,0,0,0,-32304,0,0,0,0,0,214930,0
213803,-1372,8060,-1194,152,-4,-487,-217040,-184,456,-147,-296,36252,149,31,66,0,0,0,0,0,0,0,0,-32304,0,0,0,0,0,214935,0
213808,-590,7904,-2136,87,81,-481,-217055,-66,627,-616,-328,36259,133,31,66,0,0,0,0,0,0,0,0,-32304,0,0,0,0,0,214941,0
213813,-792,7510,-1718,100,71,-475,-217068,-66,584,-861,-320,36259,133,31,66,0,0,0,0,0,0,0,0,-32304,0,0,0,0,0,214946,0
213818,-1252,8094,-392,94,-43,-467,-217077,-35,411,-877,-288,36267,128,31,66,0,0,0,0,0,0,0,0,-32303,0,0,0,0,0,214951,0
213823,-920,8632,-540,46,-48,-461,-217078,-5,215,-906,-288,36267,128,31,66,0,0,0,0,0,0,0,0,-32304,0,0,0,0,0,214957,0
213828,-794,7438,-1516,72,59,-465,-217079,-4,87,-944,-288,36264,133,31,66,0,0,0,0,0,0,0,0,-32304,0,0,0,0,0,214962,0
213833,-1364,8042,-456,65,-45,-470,-217079,-2,53,-953,-288,36264,133,31,66,0,0,0,0,0,0,0,0,-32304,0,0,0,0,0,214968,0
213838,-1088,8446,-340,54,-104,-457,-217080,-1,32,-944,-296,36264,133,31,66,0,0,0,0,0,0,0,0,-32304,0,0,0,0,0,214973,0
213843,-780,8134,-1340,35,-36,-474,-217081,-2,8,-945,-304,36264,133,31,66,0,0,0,0,0,0,0,0,-32304,0,0,0,0,0,214979,0
213848,-810,8260,-814,48,-68,-474,-217084,-6,-5,-930,-312,36264,134,31,66,0,0,0,0,0,0,0,0,-32304,0,0,0,0,0,214984,0
213853,-700,8338,-824,49,-117,-474,-217089,-14,-13,-919,-320,36264,134,31,66,0,0,0,0,0,0,0,0,-32304,0,0,0,0,0,214990,0
213858,-516,8498,-1014,34,-115,-482,-217093,-25,-13,-913,-320,36259,138,31,66,0,0,0,0,0,0,0,0,-32304,0,0,0,0,0,214995,0
213863,-324,8154,-1246,38,-101,-492,-217101,-37,-16,-887,-328,36259,138,31,66,0,0,0,0,0,0,0,0,-32304,0,0,0,0,0,215000,0
213868,-442,8366,-906,28,-133,-511,-217117,-75,-43,-835,-368,36260,135,31,66,0,0,0,0,0,0,0,0,-32304,0,0,0,0,0,215006,0
213873,-466,8404,-942,24,-144,-521,-217134,-73,-52,-782,-328,36260,135,31,66,0,0,0,0,0,0,0,0,-32304,0,0,0,0,0,215011,0
213878,-346,8272,-1040,15,-144,-536,-217142,-29,-32,-805,-280,36261,141,31,66,0,0,0,0,0,0,0,0,-32303,0,0,0,0,0,215017,0
213883,-300,8304,-982,14,-140,-543,-217142,5,23,-852,-304,36261,141,31,66,0,0,0,0,0,0,0,0,-32304,0,0,0,0,0,215022,0
213888,-310,8188,-1454,-14,-96,-567,-217142,5,59,-891,-296,36266,136,31,66,0,0,0,0,0,0,0,0,-32303,0,0,0,0,0,215028,0
213893,-502,8128,-1150,-5,-113,-580,-217143,-1,69,-886,-288,36266,136,31,66,0,0,0,0,0,0,0,0,-32304,0,0,0,0,0,215033,0
213898,-732,8438,-658,-17,-164,-580,-217142,0,40,-890,-288,36267,128,31,66,0,0,0,0,0,0,0,0,-32303,0,0,0,0,0,215038,0
213903,-172,8762,-1220,-66,-93,-589,-217142,3,10,-889,-288,36267,128,31,66,0,0,0,0,0,0,0,0,-32304,0,0,0,0,0,215044,0
213908,-670,8184,-1098,-51,-59,-604,-217143,-4,-3,-888,-296,36265,136,31,66,0,0,0,0,0,0,0,0,-32303,0,0,0,0,0,215049,0
213913,-884,8758,-412,-80,-115,-609,-217143,-1,2,-890,-296,36265,136,31,66,0,0,0,0,0,0,0,0,-32303,0,0,0,0,0,215055,0
213918,-466,8536,-1466,-120,-21,-614,-217142,-1,-2,-898,-304,36264,139,31,66,0,0,0,0,0,0,0,0,-32303,0,0,0,0,0,215061,0
213923,-318,7602,-1950,-105,48,-616,-217143,-4,-2,-892,-296,36264,139,31,66,0,0,0,0,0,0,0,0,-32303,0,0,0,0,0,215066,0
213928,-1332,8328,-584,-130,-27,-618,-217142,-3,-1,-886,-296,36266,138,31,66,0,0,0,0,0,0,0,0,-32304,0,0,0,0,0,215071,0
213933,-1036,8130,-1036,-146,5,-617,-217142,5,1,-892,-296,36266,138,31,66,0,0,0,0,0,0,0,0,-32304,0,0,0,0,0,215077,0
213938,-868,7706,-1200,-134,37,-615,-217142,0,-1,-896,-288,36267,137,31,66,0,0,0,0,0,0,0,0,-32304,0,0,0,0,0,215082,0
213943,-1098,7962,-806,-136,32,-610,-217143,-3,2,-892,-288,36267,137,31,66,0,0,0,0,0,0,0,0,-32304,0,0,0,0,0,215088,0
213948,-1140,8142,-902,-158,25,-605,-217143,-3,-2,-892,-288,36267,124,31,66,0,0,0,0,0,0,0,0,-32303,0,0,0,0,0,215093,0
213953,-982,7860,-1026,-155,45,-597,-217143,0,-5,-891,-288,36267,124,31,66,0,0,0,0,0,0,0,0,-32303,0,0,0,0,0,215098,0
213958,-1130,8016,-820,-156,45,-599,-217143,-8,-2,-893,-280,36264,132,31,66,0,0,0,0,0,0,0,0,-32303,0,0,0,0,0,215104,0
213963,-1266,8108,-698,-162,30,-600,-217142,-1,1,-889,-296,36264,132,31,66,0,0,0,0,0,0,0,0,-32304,0,0,0,0,0,215109,0
213968,-1186,8034,-856,-156,30,-582,-217143,1,-3,-891,-280,36263,131,31,66,0,0,0,0,0,0,0,0,-32304,0,0,0,0,0,215115,0
213973,-1204,8098,-768,-163,29,-577,-217143,-3,-3,-892,-280,36263,131,31,66,0,0,0,0,0,0,0,0,-32303,0,0,0,0,0,215120,0
213978,-1296,8146,-758,-160,17,-571,-217142,-1,1,-886,-288,36263,136,31,66,0,0,0,0,0,0,0,0,-32304,0,0,0,0,0,215125,0
213983,-1296,8078,-860,-168,11,-561,-217143,-1,-1,-893,-296,36263,136,31,66,0,0,0,0,0,0,0,0,-32304,0,0,0,0,0,215131,0
213988,-1362,7988,-804,-165,-2,-562,-217143,-1,-8,-891,-288,36264,145,31,66,0,0,0,0,0,0,0,0,-32304,0,0,0,0,0,215136,0
213993,-1362,7998,-876,-167,-12,-554,-217143,-5,-5,-895,-280,36264,145,31,66,0,0,0,0,0,0,0,0,-32304,0,0,0,0,0,215142,0
213998,-1368,7990,-920,-169,-15,-548,-217143,-1,-4,-892,-288,36264,151,31,66,0,0,0,0,0,0,0,0,-32304,0,0,0,0,0,215147,0
214003,-1344,8016,-924,-172,-24,-546,-217142,-1,-1,-892,-288,36264,151,31,66,0,0,0,0,0,0,0,0,-32304,0,0,0,0,0,215153,0
214008,-1270,8088,-1072,-181,-46,-546,-217143,5,-3,-885,-296,36263,147,31,66,0,0,0,0,0,0,0,0,-32304,0,0,0,0,0,215158,0
214013,-1240,8146,-1042,-190,-43,-544,-217143,-4,-3,-889,-288,36263,147,31,66,0,0,0,0,0,0,0,0,-32304,0,0,0,0,0,215163,0
214018,-1088,8128,-1084,-193,-52,-547,-217141,6,5,-885,-296,36260,146,31,66,0,0,0,0,0,0,0,0,-32304,0,0,0,0,0,215169,0
214023,-1048,8142,-1116,-208,-49,-548,-217143,0,-1,-893,-304,36260,146,31,66,0,0,0,0,0,0,0,0,-32304,0,0,0,0,0,215175,0
214028,-1066,8160,-1168,-226,-56,-563,-217143,-4,0,-888,-272,36259,134,31,66,0,0,0,0,0,0,0,0,-32304,0,0,0,0,0,215180,0
214033,-1022,8166,-1196,-244,-54,-567,-217142,2,-1,-885,-304,36259,134,31,66,0,0,0,0,0,0,0,0,-32303,0,0,0,0,0,215186,0
214038,-1012,8210,-1192,-253,-57,-571,-217144,-15,-6,-893,-280,36263,129,31,66,0,0,0,0,0,0,0,0,-32304,0,0,0,0,0,215192,0
214043,-968,8190,-1204,-261,-63,-575,-217142,4,1,-888,-288,36263,129,31,66,0,0,0,0,0,0,0,0,-32304,0,0,0,0,0,215197,0
214048,-914,8220,-1180,-292,-72,-598,-217142,-2,-3,-898,-296,36262,136,31,66,0,0,0,0,0,0,0,0,-32304,0,0,0,0,0,215203,0
214053,-870,8192,-1142,-293,-79,-610,-217142,-2,-3,-893,-288,36262,136,31,66,0,0,0,0,0,0,0,0,-32303,0,0,0,0,0,215208,0
214058,-882,8158,-1176,-308,-86,-623,-217142,2,1,-891,-296,36263,128,31,66,0,0,0,0,0,0,0,0,-32303,0,0,0,0,0,215214,0
214063,-988,8168,-1258,-305,-100,-635,-217142,-1,1,-892,-288,36263,128,31,66,0,0,0,0,0,0,0,0,-32303,0,0,0,0,0,215219,0
214068,-1040,8266,-1242,-319,-154,-660,-217143,0,0,-888,-280,36261,130,31,66,0,0,0,0,0,0,0,0,-32304,0,0,0,0,0,215224,0
214073,-1076,8450,-1160,-324,-174,-676,-217141,0,2,-887,-288,36261,130,31,66,0,0,0,0,0,0,0,0,-32304,0,0,0,0,0,215230,0
214078,-948,8552,-1052,-331,-196,-687,-217141,8,2,-883,-296,36259,133,31,66,0,0,0,0,0,0,0,0,-32303,0,0,0,0,0,215235,0
214083,-764,8410,-938,-338,-200,-699,-217142,2,-1,-891,-296,36259,133,31,66,0,0,0,0,0,0,0,0,-32303,0,0,0,0,0,215241,0
214088,-694,8398,-842,-350,-208,-732,-217143,-3,-5,-894,-288,36260,133,31,66,0,0,0,0,0,0,0,0,-32304,0,0,0,0,0,215246,0
214093,-740,8366,-802,-363,-210,-750,-217142,0,1,-888,-296,36260,133,31,66,0,0,0,0,0,0,0,0,-32304,0,0,0,0,0,215252,0
214098,-788,8356,-804,-361,-217,-771,-217142,2,-3,-891,-288,36259,142,31,66,0,0,0,0,0,0,0,0,-32304,0,0,0,0,0,215257,0
214103,-848,8342,-796,-360,-220,-785,-217142,9,-1,-890,-304,36259,142,31,66,0,0,0,0,0,0,0,0,-32304,0,0,0,0,0,215262,0
214108,-1024,8334,-756,-365,-235,-811,-217142,1,4,-897,-296,36264,149,31,66,0,0,0,0,0,0,0,0,-32304,0,0,0,0,0,215268,0
214113,-1086,8368,-712,-370,-247,-819,-217141,1,2,-890,-288,36264,149,31,66,0,0,0,0,0,0,0,0,-32303,0,0,0,0,0,215273,0
214118,-1104,8278,-614,-371,-253,-830,-217142,0,3,-893,-296,36263,147,31,66,0,0,0,0,0,0,0,0,-32304,0,0,0,0,0,215279,0
214123,-1074,8232,-540,-366,-253,-842,-217141,1,1,-893,-288,36263,147,31,66,0,0,0,0,0,0,0,0,-32304,0,0,0,0,0,215285,0
214128,-1104,8164,-386,-359,-250,-863,-217142,-2,-1,-891,-296,36265,143,31,66,0,0,0,0,0,0,0,0,-32304,0,0,0,0,0,215290,0
214133,-1148,8150,-304,-362,-238,-872,-217142,-4,2,-892,-296,36265,143,31,66,0,0,0,0,0,0,0,0,-32303,0,0,0,0,0,215295,0
214138,-1238,8190,-280,-361,-225,-886,-217142,-1,-2,-897,-288,36270,139,31,66,0,0,0,0,0,0,0,0,-32303,0,0,0,0,0,215301,0
214143,-1274,8242,-252,-365,-211,-888,-217140,4,3,-899,-296,36270,139,31,66,0,0,0,0,0,0,0,0,-32304,0,0,0,0,0,215306,0
214148,-1148,8198,-180,-362,-176,-907,-217141,-1,2,-899,-280,36268,127,31,66,0,0,0,0,0,0,0,0,-32303,0,0,0,0,0,215312,0
214153,-1170,8238,-150,-367,-164,-912,-217140,10,3,-885,-304,36268,127,31,66,0,0,0,0,0,0,0,0,-32304,0,0,0,0,0,215317,0
214158,-1236,8284,-104,-362,-146,-924,-217141,1,-1,-896,-296,36266,131,31,66,0,0,0,0,0,0,0,0,-32303,0,0,0,0,0,215323,0
214163,-1278,8278,-84,-359,-135,-929,-217140,-3,4,-895,-296,36266,131,31,66,0,0,0,0,0,0,0,0,-32304,0,0,0,0,0,215328,0
214168,-1296,8310,12,-359,-99,-944,-217140,1,3,-895,-296,36260,132,31,66,0,0,0,0,0,0,0,0,-32304,0,0,0,0,0,215333,0
214173,-1294,8364,46,-354,-81,-948,-217140,3,-2,-892,-288,36260,132,31,66,0,0,0,0,0,0,0,0,-32304,0,0,0,0,0,215339,0
214178,-1288,8308,76,-349,-57,-954,-217140,1,-5,-891,-304,36261,134,31,66,0,0,0,0,0,0,0,0,-32304,0,0,0,0,0,215344,0
214183,-1288,8262,68,-345,-37,-960,-217138,0,7,-900,-296,36261,134,31,66,0,0,0,0,0,0,0,0,-32304,0,0,0,0,0,215350,0
214188,-1308,8188,84,-338,-5,-981,-217137,9,4,-892,-312,36261,133,31,66,0,0,0,0,0,0,0,0,-32304,0,0,0,0,0,215355,0
214193,-1292,8182,42,-328,2,-985,-217139,2,-4,-899,-296,36261,133,31,66,0,0,0,0,0,0,0,0,-32303,0,0,0,0,0,215361,0
214198,-1270,8168,48,-329,22,-1001,-217137,3,-3,-901,-296,36262,130,31,66,0,0,0,0,0,0,0,0,-32304,0,0,0,0,0,215366,0
214203,-1334,8142,46,-320,28,-1010,-217136,7,6,-896,-296,36262,130,31,66,0,0,0,0,0,0,0,0,-32303,0,0,0,0,0,215372,0
214208,-1472,8110,34,-305,41,-1027,-217136,1,-1,-902,-304,36261,131,31,66,0,0,0,0,0,0,0,0,-32304,0,0,0,0,0,215377,0
214213,-1498,8166,-26,-302,48,-1036,-217136,0,-1,-900,-304,36261,131,31,66,0,0,0,0,0,0,0,0,-32303,0,0,0,0,0,215383,0
214218,-1508,8174,-90,-293,52,-1045,-217135,1,-1,-902,-296,36261,141,31,66,0,0,0,0,0,0,0,0,-32304,0,0,0,0,0,215388,0
214223,-1532,8190,-140,-292,57,-1053,-217135,2,0,-898,-296,36261,141,31,66,0,0,0,0,0,0,0,0,-32304,0,0,0,0,0,215393,0
214228,-1534,8136,-214,-282,42,-1069,-217134,-5,-1,-901,-288,36261,133,31,66,0,0,0,0,0,0,0,0,-32304,0,0,0,0,0,215399,0
214233,-1490,8114,-294,-264,35,-1083,-217132,5,2,-905,-296,36261,133,31,66,0,0,0,0,0,0,0,0,-32303,0,0,0,0,0,215404,0
214238,-1538,8080,-286,-260,23,-1093,-217130,8,6,-913,-320,36259,144,31,66,0,0,0,0,0,0,0,0,-32304,0,0,0,0,0,215410,0
214243,-1588,8078,-322,-256,6,-1103,-217129,19,3,-912,-304,36259,144,31,66,0,0,0,0,0,0,0,0,-32303,0,0,0,0,0,215415,0
214248,-1728,8126,-360,-240,-26,-1122,-217128,6,4,-923,-296,36262,146,31,66,0,0,0,0,0,0,0,0,-32304,0,0,0,0,0,215421,0
214253,-1786,8074,-394,-231,-42,-1135,-217125,1,11,-925,-288,36262,146,31,66,0,0,0,0,0,0,0,0,-32304,0,0,0,0,0,215426,0
214258,-1864,8034,-432,-225,-62,-1146,-217122,19,6,-924,-288,36261,145,30,66,0,0,0,0,0,0,0,0,-32304,0,0,0,0,0,215431,0
214263,-1934,8004,-454,-206,-86,-1154,-217118,19,6,-940,-288,36261,145,30,66,0,0,0,0,0,0,0,0,-32303,0,0,0,0,0,215437,0
214268,-1694,7944,-488,-191,-134,-1192,-217111,28,15,-950,-280,36262,146,30,66,0,0,0,0,0,0,0,0,-32304,0,0,0,0,0,215442,0
214273,-1590,7942,-492,-184,-161,-1210,-217098,67,35,-996,-256,36262,146,30,66,0,0,0,0,0,0,0,0,-32303,0,0,0,0,0,215449,0
214278,-1554,7934,-472,-173,-184,-1230,-217068,145,80,-1099,-200,36271,144,31,66,0,0,0,0,0,0,0,0,-32304,0,0,0,0,0,215454,0
214283,-1490,7940,-438,-165,-208,-1252,-217020,216,124,-1251,-184,36271,144,31,66,0,0,0,0,0,0,0,0,-32303,0,0,0,0,0,215459,0
214288,-1574,7990,-442,-159,-232,-1298,-216958,285,191,-1415,-152,36275,147,31,66,0,0,0,0,0,0,0,0,-32304,0,0,0,0,0,215465,0
214293,-1666,7980,-430,-152,-250,-1312,-216884,328,212,-1583,-168,36275,147,31,66,0,0,0,0,0,0,0,0,-32304,0,0,0,0,0,215470,0
214298,-1842,8016,-436,-158,-257,-1316,-216803,355,212,-1748,-144,36276,143,31,66,0,0,0,0,0,0,0,0,-32305,0,0,0,0,0,215476,0
214303,-1956,8054,-442,-149,-268,-1332,-216712,403,185,-1887,-152,36276,143,31,66,0,0,0,0,0,0,0,0,-32305,0,0,0,0,0,215481,0
214308,-2056,8076,-460,-152,-298,-1344,-216614,438,146,-2053,-168,36270,132,31,66,0,0,0,0,0,0,0,0,-32304,0,0,0,0,0,215487,0
214313,-2078,8154,-484,-154,-302,-1352,-216504,490,137,-2193,-144,36270,132,31,66,0,0,0,0,0,0,0,0,-32304,0,0,0,0,0,215492,0
214318,-2006,8132,-472,-149,-313,-1359,-216389,510,130,-2384,-176,36267,121,31,66,0,0,0,0,0,0,0,0,-32303,0,0,0,0,0,215497,0
214323,-2048,8126,-486,-149,-321,-1365,-216272,512,124,-2550,-168,36267,121,31,66,0,0,0,0,0,0,0,0,-32303,0,0,0,0,0,215503,0
214328,-2270,7944,-434,-153,-344,-1365,-216151,533,94,-2684,-144,36268,122,31,66,0,0,0,0,0,0,0,0,-32304,0,0,0,0,0,215508,0
214333,-2328,7834,-448,-145,-355,-1370,-216026,546,72,-2833,-136,36268,122,31,66,0,0,0,0,0,0,0,0,-32305,0,0,0,0,0,215514,0
214338,-2378,7734,-410,-140,-375,-1360,-215893,576,60,-2993,-192,36269,111,31,66,0,0,0,0,0,0,0,0,-32305,0,0,0,0,0,215519,0
214343,-2376,7696,-396,-145,-382,-1347,-215761,583,60,-3176,-184,36269,111,31,66,0,0,0,0,0,0,0,0,-32304,0,0,0,0,0,215525,0
214348,-2294,7588,-332,-144,-402,-1289,-215628,581,58,-3327,-184,36274,115,31,66,0,0,0,0,0,0,0,0,-32303,0,0,0,0,0,215530,0
214353,-2274,7514,-306,-140,-407,-1257,-215493,600,39,-3452,-208,36274,115,31,66,0,0,0,0,0,0,0,0,-32302,0,0,0,0,0,215536,0
214358,-2192,7458,-280,-140,-418,-1226,-215357,602,30,-3370,1408,36275,123,31,66,0,0,0,0,0,0,0,0,-32304,0,0,0,0,0,215541,0
214363,-2296,7366,-210,-136,-434,-1246,-215103,1226,186,-1013,2904,36275,123,31,66,0,0,0,0,0,0,0,0,-32304,0,0,0,0,0,215547,0
214368,842,7914,-304,-125,-475,-1604,-214634,2147,816,-93,4880,36277,127,31,66,0,0,0,0,0,0,0,0,-32304,0,0,0,0,0,215552,0
214373,1394,8628,-124,-110,-491,-1873,-213973,2988,1670,-47,6544,36277,127,31,66,0,0,0,0,0,0,0,0,-32304,0,0,0,0,0,215557,0
214378,2794,8946,-110,-109,-497,-1972,-213145,3716,2416,-45,7816,36268,133,31,66,0,0,0,0,0,0,0,0,-32304,0,0,0,0,0,215563,0
214383,2772,9034,-16,-104,-497,-2144,-212172,4331,2770,-93,8920,36268,133,31,66,0,0,0,0,0,0,0,0,-32304,0,0,0,0,0,215568,0
214388,1990,8792,132,-111,-454,-2400,-211084,4832,2561,-160,9816,36265,130,31,66,0,0,0,0,0,0,0,0,-32304,0,0,0,0,0,215574,0
214393,1176,8816,320,-108,-432,-2496,-209892,5301,2199,-252,10744,36265,130,31,66,0,0,0,0,0,0,0,0,-32304,0,0,0,0,0,215579,0
214398,528,9116,376,-112,-429,-2604,-208587,5796,1917,-294,11664,36268,122,31,66,0,0,0,0,0,0,0,0,-32304,0,0,0,0,0,215585,0
214403,46,9404,296,-106,-409,-2690,-207185,6211,1731,-305,12344,36268,122,31,66,0,0,0,0,0,0,0,0,-32304,0,0,0,0,0,215590,0
214408,-44,10126,230,-108,-387,-2860,-205713,6509,1580,-407,12992,36277,104,31,66,0,0,0,0,0,0,0,0,-32304,0,0,0,0,0,215595,0
214413,56,10202,206,-111,-381,-2933,-204162,6849,1432,-466,13592,36277,104,31,66,0,0,0,0,0,0,0,0,-32304,0,0,0,0,0,215601,0
214418,-74,10330,342,-100,-386,-3006,-202566,7039,1246,-779,12488,36294,57,31,66,0,0,0,0,0,0,0,0,-32305,0,0,0,0,0,215606,0
214423,-572,10172,344,-78,-396,-3050,-200990,6925,920,-1805,11904,36294,57,31,66,0,0,0,0,0,0,0,0,-32306,0,0,0,0,0,215612,0
214428,-2334,9358,306,-38,-407,-3086,-199448,6760,489,-2211,11336,36372,-139,31,66,0,0,0,0,0,0,0,0,-32304,0,0,0,0,0,215617,0
214433,-3384,8742,284,-15,-442,-3084,-197969,6483,-26,-2421,10848,36372,-139,31,66,0,0,0,0,0,0,0,0,-32304,0,0,0,0,0,215623,0
214438,-4078,8196,470,12,-478,-3069,-196518,6378,-439,-2584,10832,36471,-349,31,66,0,0,0,0,0,0,0,0,-32304,0,0,0,0,0,215628,0
214443,-4318,7870,382,49,-510,-3044,-195088,6285,-590,-2636,10552,36471,-349,31,66,0,0,0,0,0,0,0,0,-32305,0,0,0,0,0,215634,0
214448,-4712,7954,420,146,-624,-3005,-193676,6198,-523,-2813,10320,36575,-564,31,66,0,0,0,0,0,0,0,0,-32305,0,0,0,0,0,215639,0
214453,-3956,8026,352,169,-655,-2991,-192262,6219,-371,-2897,10368,36575,-564,31,66,0,0,0,0,0,0,0,0,-32304,0,0,0,0,0,215645,0
214458,-3962,8014,496,220,-710,-2972,-190858,6167,-204,-3025,10080,36626,-646,31,66,0,0,0,0,0,0,0,0,-32303,0,0,0,0,0,215650,0
214463,-3438,7412,458,272,-753,-2956,-189483,6038,-177,-3205,9912,36626,-646,31,66,0,0,0,0,0,0,0,0,-32304,0,0,0,0,0,215655,0
214468,-3220,7178,468,330,-825,-2965,-188123,5980,-198,-3314,9712,36657,-695,31,66,0,0,0,0,0,0,0,0,-32305,0,0,0,0,0,215661,0
214473,-3404,6922,558,346,-858,-2972,-186779,5903,-237,-3385,9416,36657,-695,31,66,0,0,0,0,0,0,0,0,-32303,0,0,0,0,0,215666,0
214478,-4102,6624,346,381,-901,-2960,-185462,5787,-297,-3533,9048,36687,-749,31,66,0,0,0,0,0,0,0,0,-32303,0,0,0,0,0,215672,0
214483,-4058,6164,372,437,-920,-2953,-184149,5781,-284,-3669,9048,36687,-749,31,66,0,0,0,0,0,0,0,0,-32305,0,0,0,0,0,215677,0
214488,-4570,6028,592,427,-963,-2910,-182841,5746,-225,-3748,8952,36712,-796,31,66,0,0,0,0,0,0,0,0,-32304,0,0,0,0,0,215683,0
214493,-4350,5580,324,476,-972,-2892,-181561,5624,-207,-3948,8616,36712,-796,31,66,0,0,0,0,0,0,0,0,-32303,0,0,0,0,0,215688,0
214498,-4912,5750,526,473,-988,-2874,-180292,5577,-209,-4119,8560,36736,-834,31,66,0,0,0,0,0,0,0,0,-32306,0,0,0,0,0,215693,0
214503,-4682,5694,498,471,-965,-2854,-179039,5510,-217,-4130,8304,36736,-834,31,66,0,0,0,0,0,0,0,0,-32302,0,0,0,0,0,215699,0
214508,-4758,5724,418,457,-955,-2794,-177809,5399,-257,-4240,8160,36751,-868,30,66,0,0,0,0,0,0,0,0,-32304,0,0,0,0,0,215704,0
214513,-4522,5408,278,458,-937,-2766,-176592,5355,-266,-4370,8056,36751,-868,30,66,0,0,0,0,0,0,0,0,-32306,0,0,0,0,0,215710,0
214518,-4438,5356,368,443,-898,-2736,-175378,5336,-228,-4453,7800,36764,-884,30,66,0,0,0,0,0,0,0,0,-32303,0,0,0,0,0,215715,0
214523,-5066,5280,314,425,-868,-2711,-174183,5240,-219,-4598,7632,36764,-884,30,66,0,0,0,0,0,0,0,0,-32305,0,0,0,0,0,215721,0
214528,-5030,5086,324,393,-791,-2643,-173014,5135,-211,-4776,7464,36773,-903,31,66,0,0,0,0,0,0,0,0,-32303,0,0,0,0,0,215726,0
214533,-5168,5078,264,369,-759,-2614,-171855,5094,-228,-4881,7320,36773,-903,31,66,0,0,0,0,0,0,0,0,-32305,0,0,0,0,0,215732,0
214538,-5136,5080,156,316,-710,-2578,-170710,5036,-253,-4913,7152,36783,-922,31,66,0,0,0,0,0,0,0,0,-32303,0,0,0,0,0,215737,0
214543,-5382,4986,82,307,-666,-2546,-169588,4921,-261,-4983,6784,36783,-922,31,66,0,0,0,0,0,0,0,0,-32306,0,0,0,0,0,215742,0
214548,-5572,4788,126,238,-598,-2447,-168488,4828,-269,-5101,6416,36788,-916,31,66,0,0,0,0,0,0,0,0,-32302,0,0,0,0,0,215748,0
214553,-6000,4350,-36,213,-554,-2411,-167404,4768,-274,-5181,5928,36788,-916,31,66,0,0,0,0,0,0,0,0,-32305,0,0,0,0,0,215753,0
214558,-5984,4378,2,188,-512,-2361,-166350,4614,-312,-5290,5664,36792,-909,31,66,0,0,0,0,0,0,0,0,-32305,0,0,0,0,0,215759,0
214563,-6086,4508,242,161,-482,-2313,-165346,4392,-386,-5451,5240,36792,-909,31,66,0,0,0,0,0,0,0,0,-32302,0,0,0,0,0,215764,0
214568,-6414,4650,154,101,-421,-2195,-164379,4225,-478,-5547,4904,36787,-892,31,66,0,0,0,0,0,0,0,0,-32304,0,0,0,0,0,215770,0
214573,-6726,4792,108,92,-382,-2133,-163450,4069,-567,-5589,4368,36787,-892,31,66,0,0,0,0,0,0,0,0,-32307,0,0,0,0,0,215775,0
214578,-6642,4540,76,61,-348,-2073,-162568,3857,-627,-5603,3928,36769,-847,31,66,0,0,0,0,0,0,0,0,-32306,0,0,0,0,0,215781,0
214583,-6826,4946,-26,32,-291,-1999,-161740,3624,-653,-5742,3488,36769,-847,31,66,0,0,0,0,0,0,0,0,-32305,0,0,0,0,0,215786,0
214588,-7154,4866,-4,-35,-213,-1839,-160962,3402,-700,-5821,3080,36737,-783,31,66,0,0,0,0,0,0,0,0,-32305,0,0,0,0,0,215791,0
214593,-7438,4830,-22,-68,-178,-1766,-160231,3203,-741,-5832,2472,36737,-783,31,66,0,0,0,0,0,0,0,0,-32306,0,0,0,0,0,215797,0
214598,-7336,4962,118,-93,-134,-1693,-159542,3009,-751,-5894,1936,36687,-679,31,66,0,0,0,0,0,0,0,0,-32307,0,0,0,0,0,215802,0
214603,-7282,4962,64,-131,-91,-1617,-158900,2801,-718,-5971,1624,36687,-679,31,66,0,0,0,0,0,0,0,0,-32306,0,0,0,0,0,215808,0
214608,-7234,4938,-14,-171,-3,-1467,-158306,2588,-701,-5955,1080,36635,-559,31,66,0,0,0,0,0,0,0,0,-32302,0,0,0,0,0,215813,0
214613,-7220,5016,72,-199,29,-1395,-157768,2343,-723,-6054,664,36635,-559,31,66,0,0,0,0,0,0,0,0,-32303,0,0,0,0,0,215819,0
214618,-7206,4880,190,-218,70,-1321,-157280,2116,-754,-6089,232,36577,-425,31,66,0,0,0,0,0,0,0,0,-32307,0,0,0,0,0,215824,0
214623,-7186,4780,164,-242,100,-1244,-156848,1873,-789,-6224,-48,36577,-425,31,66,0,0,0,0,0,0,0,0,-32302,0,0,0,0,0,215829,0
214628,-7478,4404,238,-284,188,-1095,-156475,1612,-820,-6301,-88,36513,-286,31,66,0,0,0,0,0,0,0,0,-32306,0,0,0,0,0,215835,0
214633,-7516,4308,344,-316,230,-1016,-156151,1391,-832,-6340,-168,36513,-286,31,66,0,0,0,0,0,0,0,0,-32302,0,0,0,0,0,215841,0
214638,-7466,4392,422,-328,262,-948,-155871,1206,-822,-6282,-192,36441,-148,31,66,0,0,0,0,0,0,0,0,-32306,0,0,0,0,0,215846,0
214643,-7382,4468,394,-352,295,-882,-155632,1039,-766,-6247,-376,36441,-148,31,66,0,0,0,0,0,0,0,0,-32304,0,0,0,0,0,215852,0
214648,-7060,4778,362,-382,356,-757,-155431,873,-699,-6251,-464,36370,-10,31,66,0,0,0,0,0,0,0,0,-32301,0,0,0,0,0,215857,0
214653,-6866,5028,368,-390,384,-698,-155257,749,-616,-6193,-800,36370,-10,31,66,0,0,0,0,0,0,0,0,-32305,0,0,0,0,0,215862,0
214658,-6690,5220,344,-402,409,-652,-155114,620,-544,-6167,-1032,36305,119,31,66,0,0,0,0,0,0,0,0,-32307,0,0,0,0,0,215868,0
214663,-6564,5456,314,-407,429,-601,-154995,509,-482,-6175,-1296,36305,119,31,66,0,0,0,0,0,0,0,0,-32305,0,0,0,0,0,215873,0
214668,-6384,5790,252,-417,467,-503,-154905,372,-442,-6182,-1472,36256,223,31,66,0,0,0,0,0,0,0,0,-32304,0,0,0,0,0,215879,0
214673,-6384,5810,224,-414,473,-440,-154841,262,-426,-6150,-1752,36256,223,31,66,0,0,0,0,0,0,0,0,-32302,0,0,0,0,0,215884,0
214678,-6296,5758,240,-417,469,-370,-154804,151,-415,-6133,-1872,36209,308,31,66,0,0,0,0,0,0,0,0,-32301,0,0,0,0,0,215890,0
214683,-6264,5808,240,-396,464,-296,-154778,109,-386,-6167,-1824,36209,308,31,66,0,0,0,0,0,0,0,0,-32301,0,0,0,0,0,215895,0
214688,-5868,6056,272,-359,414,-145,-154760,71,-325,-6128,-1992,36170,384,31,66,0,0,0,0,0,0,0,0,-32301,0,0,0,0,0,215900,0
214693,-5938,6196,322,-336,402,-83,-154758,-2,-246,-6067,-2128,36170,384,31,66,0,0,0,0,0,0,0,0,-32301,0,0,0,0,0,215906,0
214698,-5760,6324,338,-312,369,-11,-154760,-5,-186,-6122,-2056,36139,440,31,66,0,0,0,0,0,0,0,0,-32301,0,0,0,0,0,215911,0
214703,-5422,6518,310,-282,335,53,-154760,0,-126,-6153,-2080,36139,440,31,66,0,0,0,0,0,0,0,0,-32301,0,0,0,0,0,215917,0
214708,-5096,6748,296,-226,270,152,-154761,-4,-83,-6133,-2056,36121,476,31,66,0,0,0,0,0,0,0,0,-32301,0,0,0,0,0,215922,0
214713,-4990,6746,272,-196,233,204,-154761,0,-33,-6139,-2040,36121,476,31,66,0,0,0,0,0,0,0,0,-32301,0,0,0,0,0,215928,0
214718,-4840,6734,234,-163,191,285,-154760,2,4,-6132,-2048,36108,498,31,66,0,0,0,0,0,0,0,0,-32301,0,0,0,0,0,215933,0
214723,-4754,6730,190,-127,139,356,-154761,1,3,-6137,-2048,36108,498,31,66,0,0,0,0,0,0,0,0,-32301,0,0,0,0,0,215939,0
214728,-4468,6798,184,-40,24,533,-154762,3,-1,-6134,-2048,36102,498,31,66,0,0,0,0,0,0,0,0,-32301,0,0,0,0,0,215944,0
214733,-4252,6878,176,-1,-32,611,-154765,-11,-5,-6129,-2064,36102,498,31,66,0,0,0,0,0,0,0,0,-32301,0,0,0,0,0,215950,0
214738,-4220,6978,230,48,-90,677,-154769,-17,-10,-6135,-2040,36101,497,31,66,0,0,0,0,0,0,0,0,-32301,0,0,0,0,0,215955,0
214743,-4222,7050,260,87,-137,723,-154770,-9,-13,-6129,-2088,36101,497,31,66,0,0,0,0,0,0,0,0,-32301,0,0,0,0,0,215960,0
214748,-4124,7148,334,176,-235,822,-154772,-3,-5,-6129,-2088,36102,498,31,66,0,0,0,0,0,0,0,0,-32302,0,0,0,0,0,215966,0
214753,-4118,7122,358,210,-291,872,-154772,0,2,-6135,-2088,36102,498,31,66,0,0,0,0,0,0,0,0,-32301,0,0,0,0,0,215971,0
214758,-4078,7150,328,251,-327,923,-154774,-8,6,-6137,-2088,36100,495,31,66,0,0,0,0,0,0,0,0,-32301,0,0,0,0,0,215977,0
214763,-4140,7176,374,288,-367,978,-154774,-4,10,-6137,-2080,36100,495,31,66,0,0,0,0,0,0,0,0,-32301,0,0,0,0,0,215982,0
214768,-4310,7332,404,348,-439,1051,-154777,-12,-1,-6142,-2048,36100,490,31,66,0,0,0,0,0,0,0,0,-32302,0,0,0,0,0,215988,0
214773,-4260,7466,360,378,-470,1092,-154779,-17,-5,-6139,-2040,36100,490,31,66,0,0,0,0,0,0,0,0,-32301,0,0,0,0,0,215993,0
214778,-4258,7630,350,409,-510,1119,-154780,-9,-6,-6134,-2048,36097,488,31,66,0,0,0,0,0,0,0,0,-32301,0,0,0,0,0,215999,0
214783,-4286,7732,334,440,-546,1158,-154782,-13,-2,-6132,-2048,36097,488,31,66,0,0,0,0,0,0,0,0,-32301,0,0,0,0,0,216004,0
214788,-4164,7842,298,507,-628,1247,-154782,-5,1,-6132,-2048,36095,478,31,66,0,0,0,0,0,0,0,0,-32301,0,0,0,0,0,216010,0
214793,-4024,7856,298,542,-675,1311,-154785,-16,-1,-6129,-2056,36095,478,31,66,0,0,0,0,0,0,0,0,-32301,0,0,0,0,0,216015,0
214798,-3726,7918,316,564,-712,1397,-154792,-31,-11,-6109,-2144,36089,491,31,66,0,0,0,0,0,0,0,0,-32301,0,0,0,0,0,216020,0
214803,-3526,7926,314,599,-761,1479,-154802,-52,-29,-6071,-2296,36089,491,31,66,0,0,0,0,0,0,0,0,-32301,0,0,0,0,0,216026,0
214808,-3222,7852,356,658,-832,1682,-154828,-127,-69,-6033,-2608,36086,494,31,66,0,0,0,0,0,0,0,0,-32301,0,0,0,0,0,216031,0
214813,-2954,7750,312,686,-881,1823,-154888,-277,-173,-6038,-2824,36086,494,31,66,0,0,0,0,0,0,0,0,-32302,0,0,0,0,0,216037,0
214818,-2820,7630,312,708,-922,1969,-154983,-431,-304,-6019,-3272,36071,529,31,66,0,0,0,0,0,0,0,0,-32303,0,0,0,0,0,216042,0
214823,-2514,7480,298,726,-952,2143,-155125,-639,-456,-6080,-3624,36071,529,31,66,0,0,0,0,0,0,0,0,-32306,0,0,0,0,0,216048,0
214828,-2518,7330,224,771,-1030,2478,-155310,-835,-575,-6074,-4200,36037,605,31,66,0,2,0,0,0,0,0,0,-32306,0,0,0,0,0,216053,0
214833,-2714,7192,230,777,-1045,2619,-155543,-1042,-648,-6045,-4448,36037,605,31,66,0,2,0,0,0,0,0,0,-32301,0,0,0,0,0,216058,0
214838,-2708,7006,254,786,-1075,2771,-155817,-1214,-676,-5968,-4952,35987,721,31,66,0,2,0,0,0,0,0,0,-32304,0,0,0,0,0,216064,0
214843,-2840,6836,276,795,-1093,2908,-156136,-1427,-689,-5881,-5304,35987,721,31,66,0,2,0,0,0,0,0,0,-32305,0,0,0,0,0,216069,0
214848,-3042,6466,264,798,-1135,3187,-156500,-1627,-674,-5858,-5752,35930,852,31,66,0,2,0,0,0,0,0,0,-32302,0,0,0,0,0,216075,0
214853,-3502,6274,170,801,-1135,3279,-156903,-1803,-671,-5805,-6008,35930,852,31,66,0,2,0,0,0,0,0,0,-32306,0,0,0,0,0,216080,0
214858,-3010,6138,76,792,-1143,3423,-157343,-1952,-649,-5746,-6360,35876,976,31,66,0,2,0,0,0,0,0,0,-32303,0,0,0,0,0,216086,0
214863,-3008,6198,200,786,-1160,3541,-157821,-2121,-622,-5679,-6536,35876,976,31,66,0,2,0,0,0,0,0,0,-32304,0,0,0,0,0,216091,0
214868,-3162,6430,14,762,-1134,3730,-158343,-2308,-606,-5677,-7056,35832,1068,31,66,0,2,0,0,0,0,0,0,-32306,0,0,0,0,0,216096,0
214873,-3616,6616,116,743,-1097,3773,-158906,-2498,-606,-5607,-7320,35832,1068,31,66,0,2,0,0,0,0,0,0,-32302,0,0,0,0,0,216102,0
214878,-4128,6466,148,740,-1085,3828,-159507,-2662,-614,-5541,-7664,35784,1157,31,66,0,2,0,0,0,0,0,0,-32302,0,0,0,0,0,216107,0
214883,-4112,6076,72,718,-1079,3917,-160136,-2777,-596,-5451,-7696,35784,1157,31,66,0,2,0,0,0,0,0,0,-32305,0,0,0,0,0,216113,0
214888,-3266,6174,28,703,-1068,4147,-160790,-2885,-534,-5311,-8152,35743,1235,31,66,0,2,0,0,0,0,0,0,-32306,0,0,0,0,0,216118,0
214893,-3022,6356,116,698,-1057,4230,-161470,-3000,-461,-5293,-8488,35743,1235,31,66,0,2,0,0,0,0,0,0,-32304,0,0,0,0,0,216123,0
214898,-2726,6482,-2,674,-1039,4363,-162186,-3163,-434,-5222,-8680,35705,1296,31,66,0,2,0,0,0,0,0,0,-32304,0,0,0,0,0,216129,0
214903,-3160,6402,108,665,-1020,4413,-162946,-3359,-476,-5125,-8992,35705,1296,31,66,0,2,0,0,0,0,0,0,-32303,0,0,0,0,0,216134,0
214908,-2280,5678,-102,651,-998,4666,-163752,-3568,-560,-5052,-9568,35673,1362,31,66,0,2,0,0,0,0,0,0,-32303,0,0,0,0,0,216140,0
214913,-2158,6090,-10,630,-989,4815,-164607,-3778,-648,-4923,-9904,35673,1362,31,66,0,2,0,0,0,0,0,0,-32304,0,0,0,0,0,216146,0
214918,-2088,5716,-116,622,-979,4946,-165505,-3961,-695,-4779,-10080,35644,1429,31,66,0,2,0,0,0,0,0,0,-32305,0,0,0,0,0,216151,0
214923,-1174,5700,-320,617,-976,5201,-166444,-4153,-690,-4734,-10744,35644,1429,31,66,0,2,0,0,0,0,0,0,-32305,0,0,0,0,0,216157,0
214928,860,5952,-260,593,-972,5761,-167446,-4442,-719,-4587,-11112,35613,1489,31,66,0,2,0,0,0,0,0,0,-32303,0,0,0,0,0,216162,0
214933,2368,6540,-252,625,-980,6113,-168521,-4764,-805,-4493,-12040,35613,1489,31,66,0,2,0,0,0,0,0,0,-32303,0,0,0,0,0,216167,0
214938,3590,6954,-452,607,-998,6538,-169669,-5093,-932,-4312,-12984,35582,1544,31,66,0,2,0,0,0,0,0,0,-32305,0,0,0,0,0,216173,0
214943,4556,7310,-262,591,-1012,6979,-170925,-5577,-1136,-4138,-13752,35582,1544,31,66,0,2,0,0,0,0,0,0,-32303,0,0,0,0,0,216178,0
214948,4538,8104,-106,571,-943,7656,-172315,-6180,-1392,-4093,-15184,35545,1612,31,66,0,2,0,0,0,0,0,0,-32303,0,0,0,0,0,216184,0
214953,4242,8502,218,507,-888,7976,-173829,-6711,-1639,-3917,-16256,35545,1612,31,66,0,2,0,0,0,0,0,0,-32304,0,0,0,0,0,216189,0
214958,3572,8030,70,513,-814,8353,-175463,-7243,-1827,-3699,-16936,35494,1710,31,66,0,2,0,0,0,0,0,0,-32303,0,0,0,0,0,216194,0
214963,2868,7652,-50,503,-758,8767,-177197,-7670,-1858,-3532,-17672,35494,1710,31,66,0,2,0,0,0,0,0,0,-32303,0,0,0,0,0,216200,0
214968,3968,8166,-122,456,-670,9490,-178995,-7936,-1663,-3255,-18200,35451,1797,31,66,0,2,0,0,0,0,0,0,-32304,0,0,0,0,0,216205,0
214973,4190,8536,-246,431,-634,9733,-180884,-8353,-1461,-3066,-18816,35451,1797,31,66,0,2,0,0,0,0,0,0,-32304,0,0,0,0,0,216211,0
214978,4066,9016,-214,433,-600,9962,-182837,-8616,-1277,-2796,-19472,35435,1827,31,66,0,2,0,0,0,0,0,0,-32303,0,0,0,0,0,216216,0
214983,3258,9202,-138,408,-578,10213,-184871,-8980,-1179,-2611,-19896,35435,1827,31,66,0,2,0,0,0,0,0,0,-32304,0,0,0,0,0,216222,0
214988,3674,9922,-232,393,-531,10668,-186930,-9069,-1047,-2447,-20200,35460,1763,31,66,0,2,0,0,0,0,0,0,-32304,0,0,0,0,0,216227,0
214993,3930,10052,-198,343,-519,10843,-189047,-9335,-936,-2205,-20392,35460,1763,31,66,0,2,0,0,0,0,0,0,-32303,0,0,0,0,0,216233,0
214998,4280,10198,-260,329,-497,10954,-191192,-9449,-744,-1961,-20808,35524,1611,31,66,0,2,0,0,0,0,0,0,-32304,0,0,0,0,0,216238,0
215003,3978,10534,-378,309,-460,11072,-193375,-9609,-647,-1769,-20720,35524,1611,31,66,0,2,0,0,0,0,0,0,-32304,0,0,0,0,0,216243,0
215008,3458,10726,-84,343,-438,11314,-195541,-9517,-454,-1579,-20528,35609,1409,31,66,0,2,0,0,0,0,0,0,-32304,0,0,0,0,0,216249,0
215013,3990,11118,-192,334,-435,11383,-197714,-9559,-292,-1341,-20280,35609,1409,31,66,0,2,0,0,0,0,0,0,-32304,0,0,0,0,0,216255,0
215018,4316,11214,-88,298,-421,11418,-199871,-9488,-70,-1072,-20200,35710,1164,31,66,0,2,0,0,0,0,0,0,-32304,0,0,0,0,0,216264,0
215023,3986,11828,-40,314,-407,11438,-202024,-9457,47,-916,-19720,35710,1164,31,66,0,2,0,0,0,0,0,0,-32304,0,0,0,0,0,216265,0
215028,3966,11722,-166,288,-349,11443,-204134,-9276,188,-735,-19192,35818,927,31,66,0,2,0,0,0,0,0,0,-32304,0,0,0,0,0,216271,0
215033,3964,11886,-62,281,-316,11422,-206220,-9159,282,-573,-18616,35818,927,31,66,0,2,0,0,0,0,0,0,-32304,0,0,0,0,0,216276,0
215038,4320,11828,-166,277,-290,11323,-208269,-9009,399,-304,-18176,35925,687,31,66,0,0,0,0,0,0,0,0,-32305,0,0,0,0,0,216282,0
215043,4288,11962,-160,243,-268,11203,-210277,-8808,500,-145,-17496,35925,687,31,66,0,0,0,0,0,0,0,0,-32303,0,0,0,0,0,216288,0
215048,3466,12176,80,252,-241,10986,-212218,-8506,602,47,-16680,36027,481,31,66,0,0,0,0,0,0,0,0,-32304,0,0,0,0,0,216294,0
215053,3460,12302,-66,259,-237,10852,-214103,-8268,737,196,-15952,36027,481,31,66,0,0,0,0,0,0,0,0,-32304,0,0,0,0,0,216299,0
215058,3620,12264,-170,267,-234,10696,-215910,-7921,877,396,-15152,36118,299,31,66,0,0,0,0,0,0,0,0,-32304,0,0,0,0,0,216305,0
215063,3620,12366,-46,268,-256,10292,-217652,-7626,992,435,-13880,36118,299,31,66,0,0,0,0,0,0,0,0,-32304,0,0,0,0,0,216310,0
215068,21976,14064,196,241,72,6192,-219111,-6248,1513,182,-9216,36191,161,31,66,0,0,0,0,0,0,0,0,-32304,0,0,0,0,0,216315,0
215073,8052,14166,700,356,413,4985,-219964,-3430,3124,11,-1944,36191,161,31,66,0,0,0,0,0,0,0,0,-32304,0,0,0,0,0,216321,0
215078,-9262,14924,1258,295,449,4734,-219970,364,5946,275,5248,36220,115,31,66,0,0,0,0,0,0,0,0,-32304,0,0,0,0,0,216326,0
215083,-17122,9350,100,364,405,5400,-219237,3515,8863,270,6248,36220,115,31,66,0,0,0,0,0,0,0,0,-32304,0,0,0,0,0,216332,0
215088,9006,11082,-1076,254,118,5353,-218241,4393,9836,-3270,3464,36262,32,31,66,0,0,0,0,0,0,0,0,-32303,0,0,0,0,0,216337,0
215093,11362,12422,-1784,212,-79,5082,-217483,3170,7484,-6402,520,36262,32,31,66,0,0,0,0,0,0,0,0,-32303,0,0,0,0,0,216343,0
215098,392,12322,-1340,186,-165,4255,-217081,1621,2910,-3974,1384,36330,-101,31,66,0,0,0,0,0,0,0,0,-32304,0,0,0,0,0,216348,0
215103,-1464,9692,-790,262,-378,4350,-216750,1446,-979,-341,1512,36330,-101,31,66,0,0,0,0,0,0,0,0,-32304,0,0,0,0,0,216353,0
215108,-2672,9670,-342,332,-586,4491,-216447,1319,-2596,-242,1256,36347,-105,31,66,0,0,0,0,0,0,0,0,-32304,0,0,0,0,0,216359,0
215113,-2032,10996,1808,238,-660,4222,-216193,1091,-2075,-1607,-392,36347,-105,31,66,0,0,0,0,0,0,0,0,-32304,0,0,0,0,0,216364,0
215118,-1190,7674,-1012,393,-636,3892,-216170,-9,-1471,-3631,-1408,36343,-77,31,66,0,0,0,0,0,0,0,0,-32304,0,0,0,0,0,216370,0
215123,4232,10780,-216,394,-638,4042,-216304,-627,-1622,-1879,-1752,36343,-77,31,66,0,0,0,0,0,0,0,0,-32304,0,0,0,0,0,216375,0
215128,522,10170,438,468,-543,3300,-216488,-820,-1991,-789,-1512,36245,152,31,66,0,0,0,0,0,0,0,0,-32304,0,0,0,0,0,216381,0
215133,-1250,9962,26,504,-564,3287,-216674,-806,-1758,-277,-920,36245,152,31,66,0,0,0,0,0,0,0,0,-32304,0,0,0,0,0,216386,0
215138,-1910,8576,-396,493,-568,2980,-216831,-673,-996,-85,-392,36233,165,31,66,0,0,0,0,0,0,0,0,-32304,0,0,0,0,0,216391,0
215143,-32,9308,-430,506,-603,3020,-216945,-479,-113,-9,-192,36233,165,31,66,0,0,0,0,0,0,0,0,-32304,0,0,0,0,0,216397,0
215148,1916,9858,-16,524,-614,2817,-217004,-235,374,-124,-280,36231,159,31,66,0,0,0,0,0,0,0,0,-32304,0,0,0,0,0,216403,0
215153,1812,9760,-258,527,-559,2588,-217018,-46,621,-564,-312,36231,159,31,66,0,0,0,0,0,0,0,0,-32304,0,0,0,0,0,216408,0
215158,996,10488,466,490,-549,2366,-217017,1,642,-934,-336,36239,144,31,66,0,0,0,0,0,0,0,0,-32304,0,0,0,0,0,216414,0
215163,110,9994,68,503,-566,2333,-217018,-3,498,-1011,-320,36239,144,31,66,0,0,0,0,0,0,0,0,-32304,0,0,0,0,0,216419,0
215168,106,9238,-124,489,-584,2191,-217018,3,274,-1012,-328,36240,142,31,66,0,0,0,0,0,0,0,0,-32304,0,0,0,0,0,216424,0
215173,600,9252,-68,466,-560,2112,-217017,3,96,-1014,-328,36240,142,31,66,0,0,0,0,0,0,0,0,-32304,0,0,0,0,0,216430,0
215178,778,9142,122,438,-523,2036,-217018,-1,8,-1011,-320,36240,141,31,66,0,0,0,0,0,0,0,0,-32303,0,0,0,0,0,216435,0
215183,844,8860,170,430,-474,1928,-217018,-2,-3,-1009,-328,36240,141,31,66,0,0,0,0,0,0,0,0,-32304,0,0,0,0,0,216441,0
215188,560,8394,222,401,-342,1759,-217013,22,6,-641,64,36244,142,31,66,0,0,0,0,0,0,0,0,-32304,0,0,0,0,0,216446,0
215193,654,8246,40,380,-291,1700,-216970,194,102,60,64,36244,142,31,66,0,0,0,0,0,0,0,0,-32304,0,0,0,0,0,216452,0
215198,566,8130,-132,371,-240,1641,-216906,286,219,-12,112,36247,142,31,66,0,0,0,0,0,0,0,0,-32304,0,0,0,0,0,216457,0
215203,592,8080,-112,328,-206,1597,-216839,299,277,-62,88,36247,142,31,66,0,0,0,0,0,0,0,0,-32303,0,0,0,0,0,216462,0
215208,720,7624,-104,298,-148,1498,-216777,270,234,-95,64,36248,133,31,66,0,0,0,0,0,0,0,0,-32304,0,0,0,0,0,216468,0
215213,776,7572,-102,289,-110,1441,-216727,218,86,-122,48,36248,133,31,66,0,0,0,0,0,0,0,0,-32305,0,0,0,0,0,216473,0
215218,794,7506,-148,276,-74,1406,-216693,143,-69,-117,24,36247,136,31,66,0,0,0,0,0,0,0,0,-32304,0,0,0,0,0,216479,0
215223,818,7474,-166,262,-34,1374,-216663,125,-144,-114,8,36247,136,31,66,0,0,0,0,0,0,0,0,-32304,0,0,0,0,0,216484,0
215228,920,7252,-236,233,34,1299,-216650,53,-182,-94,-24,36250,134,31,66,0,0,0,0,0,0,0,0,-32304,0,0,0,0,0,216489,0
215233,926,7156,-246,232,60,1263,-216649,-4,-188,-90,-32,36250,134,31,66,0,0,0,0,0,0,0,0,-32304,0,0,0,0,0,216495,0
215238,960,7126,-258,229,84,1236,-216654,-16,-177,-94,-32,36251,126,31,66,0,0,0,0,0,0,0,0,-32304,0,0,0,0,0,216500,0
215243,986,7048,-282,229,113,1206,-216654,-5,-126,-91,-24,36251,126,31,66,0,0,0,0,0,0,0,0,-32304,0,0,0,0,0,216506,0
215248,1046,6922,-318,231,158,1148,-216653,2,-70,-90,-24,36253,130,31,66,0,0,0,0,0,0,0,0,-32304,0,0,0,0,0,216512,0
215253,1076,6880,-310,242,187,1118,-216654,4,-10,-90,-24,36253,130,31,66,0,0,0,0,0,0,0,0,-32304,0,0,0,0,0,216517,0
215258,1062,6812,-334,244,209,1079,-216655,-2,5,-88,-32,36254,132,31,66,0,0,0,0,0,0,0,0,-32304,0,0,0,0,0,216522,0
215263,1072,6754,-324,256,231,1056,-216654,-1,7,-90,-24,36254,132,31,66,0,0,0,0,0,0,0,0,-32304,0,0,0,0,0,216528,0
215268,1118,6642,-362,273,284,991,-216655,-3,-2,-91,-24,36253,136,31,66,0,0,0,0,0,0,0,0,-32304,0,0,0,0,0,216533,0
215273,1086,6574,-380,288,319,954,-216653,1,2,-91,-24,36253,136,31,66,0,0,0,0,0,0,0,0,-32304,0,0,0,0,0,216539,0
215278,1064,6498,-380,302,349,913,-216655,-8,-4,-90,-16,36253,139,31,66,0,0,0,0,0,0,0,0,-32304,0,0,0,0,0,216544,0
215283,1004,6424,-370,315,382,868,-216653,2,2,-91,-32,36253,139,31,66,0,0,0,0,0,0,0,0,-32304,0,0,0,0,0,216549,0
215288,916,6252,-336,346,445,770,-216654,0,-6,-90,-24,36259,139,31,66,0,0,0,0,0,0,0,0,-32304,0,0,0,0,0,216555,0
215293,862,6194,-366,362,486,715,-216654,0,3,-91,-24,36259,139,31,66,0,0,0,0,0,0,0,0,-32304,0,0,0,0,0,216560,0
215298,812,6166,-368,382,518,658,-216653,2,-1,-92,-24,36259,138,31,66,0,0,0,0,0,0,0,0,-32304,0,0,0,0,0,216566,0
215303,760,6120,-378,400,547,595,-216654,-8,0,-92,-32,36259,138,31,66,0,0,0,0,0,0,0,0,-32304,0,0,0,0,0,216571,0
215308,658,6050,-348,425,600,455,-216653,0,-1,-93,-24,36258,135,31,66,0,0,0,0,0,0,0,0,-32304,0,0,0,0,0,216577,0
215313,664,6066,-364,440,627,380,-216655,-1,-1,-91,-24,36258,135,31,66,0,0,0,0,0,0,0,0,-32304,0,0,0,0,0,216582,0
215318,626,6084,-380,451,650,306,-216654,2,1,-90,-32,36254,125,30,66,0,0,0,0,0,0,0,0,-32304,0,0,0,0,0,216587,0
215323,608,6112,-354,459,668,222,-216653,5,-2,-90,-24,36254,125,30,66,0,0,0,0,0,0,0,0,-32304,0,0,0,0,0,216593,0
215328,642,6190,-360,477,692,60,-216653,3,2,-91,-32,36253,128,30,66,0,0,0,0,0,0,0,0,-32303,0,0,0,0,0,216599,0
215333,672,6214,-348,480,709,-19,-216654,-2,2,-90,-24,36253,128,30,66,0,0,0,0,0,0,0,0,-32304,0,0,0,0,0,216604,0
215338,760,6280,-336,484,713,-104,-216654,0,-2,-91,-32,36255,133,31,66,0,0,0,0,0,0,0,0,-32303,0,0,0,0,0,216609,0
215343,792,6332,-322,488,711,-175,-216655,-3,-6,-91,-24,36255,133,31,66,0,0,0,0,0,0,0,0,-32304,0,0,0,0,0,216615,0
215348,888,6382,-276,495,708,-326,-216653,6,1,-91,-24,36258,132,31,66,0,0,0,0,0,0,0,0,-32304,0,0,0,0,0,216620,0
215353,974,6398,-282,498,699,-398,-216654,3,3,-89,-24,36258,132,31,66,0,0,0,0,0,0,0,0,-32304,0,0,0,0,0,216626,0
215358,1084,6478,-250,498,687,-467,-216653,3,3,-89,-24,36261,139,31,66,0,0,0,0,0,0,0,0,-32304,0,0,0,0,0,216631,0
215363,1184,6528,-244,499,671,-527,-216653,1,3,-90,-16,36261,139,31,66,0,0,0,0,0,0,0,0,-32304,0,0,0,0,0,216637,0
215368,1426,6594,-194,488,634,-651,-216654,-1,-1,-91,-24,36261,130,31,66,0,0,0,0,0,0,0,0,-32304,0,0,0,0,0,216642,0
215373,1542,6610,-166,475,612,-704,-216654,0,1,-92,-24,36261,130,31,66,0,0,0,0,0,0,0,0,-32304,0,0,0,0,0,216647,0
215378,1638,6614,-154,474,600,-760,-216654,-6,-3,-91,-24,36261,129,31,66,0,0,0,0,0,0,0,0,-32304,0,0,0,0,0,216653,0
215383,1746,6620,-106,465,586,-810,-216653,5,0,-92,-32,36261,129,31,66,0,0,0,0,0,0,0,0,-32304,0,0,0,0,0,216658,0
215388,1984,6698,-50,459,553,-905,-216653,5,-1,-92,-16,36264,134,31,66,0,0,0,0,0,0,0,0,-32303,0,0,0,0,0,216664,0
215393,2118,6786,-18,445,547,-954,-216654,-4,2,-92,-16,36264,134,31,66,0,0,0,0,0,0,0,0,-32304,0,0,0,0,0,216669,0
215398,2190,6766,-54,431,529,-1000,-216653,2,-2,-92,-24,36262,128,31,66,0,0,0,0,0,0,0,0,-32304,0,0,0,0,0,216675,0
215403,2228,6818,-38,427,518,-1048,-216652,9,-2,-91,-32,36262,128,31,66,0,0,0,0,0,0,0,0,-32304,0,0,0,0,0,216680,0
215408,2308,6802,-40,405,488,-1125,-216652,1,-1,-90,-24,36261,133,31,66,0,0,0,0,0,0,0,0,-32304,0,0,0,0,0,216685,0
215413,2324,6812,-26,395,467,-1157,-216654,-7,-3,-91,-24,36261,133,31,66,0,0,0,0,0,0,0,0,-32304,0,0,0,0,0,216691,0
215418,2402,6826,-10,382,447,-1189,-216652,3,2,-91,-24,36260,138,31,66,0,0,0,0,0,0,0,0,-32304,0,0,0,0,0,216696,0
215423,2514,6866,-18,378,443,-1218,-216651,1,2,-94,-32,36260,138,31,66,0,0,0,0,0,0,0,0,-32305,0,0,0,0,0,216702,0
215428,2718,6902,-6,353,415,-1267,-216650,6,4,-93,-24,36258,139,31,66,0,0,0,0,0,0,0,0,-32304,0,0,0,0,0,216707,0
215433,2786,6954,6,346,397,-1292,-216649,6,2,-91,-24,36258,139,31,66,0,0,0,0,0,0,0,0,-32304,0,0,0,0,0,216712,0
215438,2868,7018,-8,340,380,-1314,-216648,7,4,-93,-24,36258,135,31,66,0,0,0,0,0,0,0,0,-32304,0,0,0,0,0,216718,0
215443,2934,7098,-6,332,365,-1344,-216644,12,5,-94,-24,36258,135,31,66,0,0,0,0,0,0,0,0,-32304,0,0,0,0,0,216724,0
215448,3114,7240,34,315,336,-1382,-216637,32,19,-99,-8,36258,134,31,66,0,0,0,0,0,0,0,0,-32304,0,0,0,0,0,216729,0
215453,3212,7252,30,309,322,-1404,-216616,93,46,-108,24,36258,134,31,66,0,0,0,0,0,0,0,0,-32304,0,0,0,0,0,216734,0
215458,3312,7328,56,303,306,-1427,-216584,144,91,-108,32,36257,128,31,66,0,0,0,0,0,0,0,0,-32304,0,0,0,0,0,216740,0
215463,3388,7414,38,299,282,-1461,-216548,176,127,-109,64,36257,128,31,66,0,0,0,0,0,0,0,0,-32304,0,0,0,0,0,216746,0
215468,3510,7552,32,282,245,-1517,-216498,223,148,-110,80,36256,135,31,66,0,0,0,0,0,0,0,0,-32304,0,0,0,0,0,216751,0
215473,3590,7636,28,271,233,-1544,-216443,242,143,-116,64,36256,135,31,66,0,0,0,0,0,0,0,0,-32304,0,0,0,0,0,216756,0
215478,3580,7666,18,254,215,-1566,-216380,275,133,-118,64,36258,133,31,66,0,0,0,0,0,0,0,0,-32304,0,0,0,0,0,216762,0
215483,3610,7690,14,246,202,-1586,-216311,305,121,-123,80,36258,133,31,66,0,0,0,0,0,0,0,0,-32304,0,0,0,0,0,216767,0
215488,3716,7802,10,222,171,-1609,-216235,337,107,-144,120,36259,126,31,66,0,0,0,0,0,0,0,0,-32304,0,0,0,0,0,216773,0
215493,3830,7880,52,198,163,-1610,-216149,384,105,-148,136,36259,126,31,66,0,0,0,0,0,0,0,0,-32304,0,0,0,0,0,216778,0
215498,3938,7980,62,190,153,-1623,-216051,433,126,-154,152,36262,131,31,66,0,0,0,0,0,0,0,0,-32304,0,0,0,0,0,216783,0
215503,4014,8058,62,175,130,-1644,-215944,473,144,-165,176,36262,131,31,66,0,0,0,0,0,0,0,0,-32304,0,0,0,0,0,216789,0
215508,4166,8178,24,145,110,-1689,-215831,504,149,-172,200,36264,126,31,66,0,0,0,0,0,0,0,0,-32304,0,0,0,0,0,216794,0
215513,4150,8132,26,131,96,-1703,-215708,537,137,-192,216,36264,126,31,66,0,0,0,0,0,0,0,0,-32304,0,0,0,0,0,216800,0
215518,4136,8114,18,115,77,-1719,-215579,581,133,-200,264,36267,129,31,66,0,0,0,0,0,0,0,0,-32304,0,0,0,0,0,216805,0
215523,4190,8134,-6,102,62,-1721,-215438,616,125,-209,256,36267,129,31,66,0,0,0,0,0,0,0,0,-32304,0,0,0,0,0,216811,0
215528,4260,8030,4,85,36,-1722,-215292,648,127,-246,264,36263,123,31,66,0,0,0,0,0,0,0,0,-32304,0,0,0,0,0,216816,0
215533,4248,7986,4,74,30,-1717,-215138,685,124,-271,304,36263,123,31,66,0,0,0,0,0,0,0,0,-32304,0,0,0,0,0,216822,0
215538,4296,7976,-26,74,17,-1718,-214980,702,119,-280,264,36263,112,31,66,0,0,0,0,0,0,0,0,-32304,0,0,0,0,0,216827,0
215543,4368,7980,-42,67,12,-1720,-214818,709,99,-305,240,36263,112,31,66,0,0,0,0,0,0,0,0,-32304,0,0,0,0,0,216832,0
215548,4344,7952,-84,62,-13,-1711,-214654,720,75,-328,264,36264,117,31,66,0,0,0,0,0,0,0,0,-32304,0,0,0,0,0,216838,0
215553,4320,7928,-100,64,-22,-1708,-214488,726,64,-344,224,36264,117,31,66,0,0,0,0,0,0,0,0,-32304,0,0,0,0,0,216844,0
215558,4300,7900,-160,66,-31,-1698,-214320,733,34,-365,248,36279,123,31,66,0,0,0,0,0,0,0,0,-32304,0,0,0,0,0,216849,0
215563,4254,7840,-192,63,-51,-1683,-214153,742,30,-381,256,36279,123,31,66,0,0,0,0,0,0,0,0,-32304,0,0,0,0,0,216854,0
215568,4256,7778,-212,67,-74,-1644,-213988,724,14,-400,192,36285,127,31,66,0,0,0,0,0,0,0,0,-32304,0,0,0,0,0,216860,0
215573,4270,7792,-218,63,-76,-1626,-213825,711,-2,-420,168,36285,127,31,66,0,0,0,0,0,0,0,0,-32304,0,0,0,0,0,216865,0
215578,4328,7794,-210,63,-89,-1603,-213664,704,-13,-442,176,36290,131,31,66,0,0,0,0,0,0,0,0,-32304,0,0,0,0,0,216871,0
215583,4364,7828,-268,74,-93,-1588,-213510,673,-35,-455,144,36290,131,31,66,0,0,0,0,0,0,0,0,-32304,0,0,0,0,0,216876,0
215588,4272,7764,-236,83,-112,-1532,-213362,650,-58,-479,136,36284,128,31,66,0,0,0,0,0,0,0,0,-32304,0,0,0,0,0,216881,0
215593,4288,7736,-250,91,-122,-1498,-213218,625,-71,-493,96,36284,128,31,66,0,0,0,0,0,0,0,0,-32304,0,0,0,0,0,216887,0
215598,4230,7716,-250,96,-135,-1469,-213083,591,-80,-510,88,36281,109,31,66,0,0,0,0,0,0,0,0,-32304,0,0,0,0,0,216892,0
215603,4232,7692,-226,96,-145,-1419,-212954,566,-90,-525,40,36281,109,31,66,0,0,0,0,0,0,0,0,-32304,0,0,0,0,0,216898,0
215608,4288,7594,-226,118,-166,-1329,-212829,542,-98,-538,72,36275,110,31,66,0,0,0,0,0,0,0,0,-32304,0,0,0,0,0,216903,0
215613,4304,7516,-216,131,-181,-1288,-212716,502,-101,-547,40,36275,110,31,66,0,0,0,0,0,0,0,0,-32304,0,0,0,0,0,216908,0
215618,4240,7488,-208,140,-186,-1237,-212613,451,-112,-572,0,36273,107,31,66,0,0,0,0,0,0,0,0,-32304,0,0,0,0,0,216914,0
215623,4112,7326,-198,141,-202,-1187,-212525,384,-137,-567,-16,36273,107,31,66,0,0,0,0,0,0,0,0,-32303,0,0,0,0,0,216920,0
215628,4230,7268,-244,153,-217,-1081,-212442,347,-161,-555,-32,36267,110,31,66,0,0,0,0,0,0,0,0,-32304,0,0,0,0,0,216925,0
215633,4332,7368,-244,162,-209,-1040,-212370,313,-164,-547,-48,36267,110,31,66,0,0,0,0,0,0,0,0,-32304,0,0,0,0,0,216930,0
215638,4348,7398,-250,166,-213,-1000,-212308,262,-155,-560,-80,36263,111,31,66,0,0,0,0,0,0,0,0,-32304,0,0,0,0,0,216936,0
215643,4264,7410,-256,177,-215,-956,-212261,199,-157,-566,-96,36263,111,31,66,0,0,0,0,0,0,0,0,-32304,0,0,0,0,0,216941,0
215648,4122,7308,-308,191,-223,-851,-212222,161,-165,-552,-104,36261,114,31,66,0,0,0,0,0,0,0,0,-32304,0,0,0,0,0,216947,0
215653,4114,7314,-316,193,-228,-789,-212199,100,-179,-542,-120,36261,114,31,66,0,0,0,0,0,0,0,0,-32304,0,0,0,0,0,216952,0
215658,4160,7272,-324,203,-241,-732,-212178,86,-173,-537,-128,36260,115,31,66,0,0,0,0,0,0,0,0,-32304,0,0,0,0,0,216958,0
215663,4244,7240,-272,210,-238,-682,-212168,40,-148,-525,-168,36260,115,31,66,0,0,0,0,0,0,0,0,-32304,0,0,0,0,0,216963,0
215668,4098,7166,-248,221,-240,-591,-212169,-3,-137,-526,-168,36259,128,31,66,0,0,0,0,0,0,0,0,-32305,0,0,0,0,0,216968,0
215673,4088,7138,-298,225,-239,-552,-212169,3,-121,-531,-168,36259,128,31,66,0,0,0,0,0,0,0,0,-32304,0,0,0,0,0,216974,0
215678,4056,7106,-318,231,-250,-517,-212169,0,-92,-529,-168,36259,127,31,66,0,0,0,0,0,0,0,0,-32304,0,0,0,0,0,216979,0
215683,4038,7064,-312,232,-253,-497,-212169,-3,-52,-530,-176,36259,127,31,66,0,0,0,0,0,0,0,0,-32304,0,0,0,0,0,216985,0
215688,3910,7054,-298,228,-268,-463,-212171,-11,-18,-529,-168,36258,131,31,66,0,0,0,0,0,0,0,0,-32304,0,0,0,0,0,216990,0
215693,3800,7052,-306,233,-274,-447,-212170,0,1,-525,-168,36258,131,31,66,0,0,0,0,0,0,0,0,-32304,0,0,0,0,0,216996,0
215698,3732,7024,-328,228,-280,-437,-212170,-3,-1,-526,-168,36259,136,31,66,0,0,0,0,0,0,0,0,-32304,0,0,0,0,0,217001,0
215703,3692,7010,-350,229,-280,-421,-212170,-4,1,-527,-176,36259,136,31,66,0,0,0,0,0,0,0,0,-32304,0,0,0,0,0,217007,0
215708,3702,7070,-334,216,-279,-398,-212171,-9,-4,-528,-168,36260,133,31,66,0,0,0,0,0,0,0,0,-32304,0,0,0,0,0,217012,0
215713,3674,7076,-304,217,-278,-393,-212171,-4,-1,-528,-168,36260,133,31,66,0,0,0,0,0,0,0,0,-32304,0,0,0,0,0,217017,0
215718,3684,7132,-338,210,-270,-386,-212171,-3,-1,-528,-168,36261,142,31,66,0,0,0,0,0,0,0,0,-32304,0,0,0,0,0,217023,0
215723,3674,7192,-312,205,-258,-383,-212170,0,4,-527,-168,36261,142,31,66,0,0,0,0,0,0,0,0,-32304,0,0,0,0,0,217028,0
215728,3648,7226,-358,189,-248,-368,-212171,0,6,-530,-168,36262,145,31,66,0,0,0,0,0,0,0,0,-32304,0,0,0,0,0,217034,0
215733,3616,7240,-340,183,-237,-365,-212171,-1,2,-529,-168,36262,145,31,66,0,0,0,0,0,0,0,0,-32304,0,0,0,0,0,217039,0
215738,3604,7274,-340,177,-224,-358,-212172,-1,0,-528,-168,36259,138,31,66,0,0,0,0,0,0,0,0,-32304,0,0,0,0,0,217045,0
215743,3566,7278,-360,165,-202,-349,-212170,4,2,-524,-168,36259,138,31,66,0,0,0,0,0,0,0,0,-32304,0,0,0,0,0,217050,0
215748,3586,7362,-354,155,-168,-333,-212172,-5,1,-528,-168,36256,136,31,66,0,0,0,0,0,0,0,0,-32304,0,0,0,0,0,217056,0
215753,3530,7400,-372,145,-155,-337,-212171,-4,-1,-527,-176,36256,136,31,66,0,0,0,0,0,0,0,0,-32304,0,0,0,0,0,217061,0
215758,3526,7408,-398,140,-132,-335,-212171,0,-5,-527,-176,36256,130,31,66,0,0,0,0,0,0,0,0,-32304,0,0,0,0,0,217067,0
215763,3450,7444,-382,131,-116,-337,-212172,0,1,-528,-176,36256,130,31,66,0,0,0,0,0,0,0,0,-32304,0,0,0,0,0,217072,0
215768,3412,7484,-432,121,-77,-338,-212173,-3,0,-527,-176,36257,131,31,66,0,0,0,0,0,0,0,0,-32304,0,0,0,0,0,217077,0
215773,3360,7476,-496,115,-68,-341,-212172,6,1,-526,-168,36257,131,31,66,0,0,0,0,0,0,0,0,-32304,0,0,0,0,0,217083,0
215778,3284,7460,-506,113,-53,-355,-212173,1,-1,-527,-168,36259,139,31,66,0,0,0,0,0,0,0,0,-32304,0,0,0,0,0,217088,0
215783,3244,7426,-528,108,-40,-358,-212173,-2,3,-528,-168,36259,139,31,66,0,0,0,0,0,0,0,0,-32304,0,0,0,0,0,217094,0
215788,3186,7406,-604,113,-18,-380,-212175,-8,-6,-528,-168,36257,131,31,66,0,0,0,0,0,0,0,0,-32304,0,0,0,0,0,217099,0
215793,3200,7406,-608,114,-11,-390,-212176,-4,-1,-527,-168,36257,131,31,66,0,0,0,0,0,0,0,0,-32304,0,0,0,0,0,217105,0
215798,3198,7400,-632,119,0,-406,-212176,0,-5,-525,-168,36257,133,31,66,0,0,0,0,0,0,0,0,-32304,0,0,0,0,0,217110,0
215803,3160,7396,-680,120,17,-423,-212176,-12,-3,-527,-176,36257,133,31,66,0,0,0,0,0,0,0,0,-32304,0,0,0,0,0,217115,0
215808,3104,7292,-672,117,47,-450,-212175,-5,2,-526,-168,36264,132,31,66,0,0,0,0,0,0,0,0,-32304,0,0,0,0,0,217121,0
215813,3078,7238,-642,125,61,-462,-212175,2,-1,-525,-168,36264,132,31,66,0,0,0,0,0,0,0,0,-32304,0,0,0,0,0,217127,0
215818,3022,7234,-674,131,75,-476,-212175,4,1,-528,-176,36266,137,31,66,0,0,0,0,0,0,0,0,-32304,0,0,0,0,0,217132,0
215823,3026,7254,-654,128,93,-477,-212176,0,-2,-530,-176,36266,137,31,66,0,0,0,0,0,0,0,0,-32304,0,0,0,0,0,217138,0
215828,2970,7268,-644,141,128,-518,-212176,-3,4,-529,-168,36264,136,31,66,0,0,0,0,0,0,0,0,-32304,0,0,0,0,0,217143,0
215833,3006,7284,-630,134,149,-530,-212178,-4,-6,-530,-176,36264,136,31,66,0,0,0,0,0,0,0,0,-32304,0,0,0,0,0,217148,0
215838,4258,9366,352,83,160,-376,-212179,-6,-5,-523,-192,36263,133,31,66,0,0,0,0,0,0,0,0,-32304,0,0,0,0,0,217154,0
215843,4398,9326,286,68,216,-310,-212185,-33,-16,-518,-200,36263,133,31,66,0,0,0,0,0,0,0,0,-32304,0,0,0,0,0,217159,0
215848,5628,9458,1264,-52,280,-41,-212197,-59,-41,-517,-224,36261,124,31,66,0,0,0,0,0,0,0,0,-32304,0,0,0,0,0,217165,0
215853,4648,10136,1446,-76,297,-254,-212210,-58,-49,-518,-232,36261,124,31,66,0,0,0,0,0,0,0,0,-32304,0,0,0,0,0,217170,0
215858,4318,10150,1250,-105,305,-345,-212232,-98,-68,-505,-280,36261,130,31,66,0,0,0,0,0,0,0,0,-32304,0,0,0,0,0,217175,0
215863,3898,10170,382,-116,303,-432,-212261,-129,-79,-507,-280,36261,130,31,66,0,0,0,0,0,0,0,0,-32304,0,0,0,0,0,217181,0
215868,2726,9676,-1038,-108,215,-380,-212286,-97,-69,-517,-248,36258,133,31,66,0,0,0,0,0,0,0,0,-32304,0,0,0,0,0,217186,0
215873,2444,9514,-1116,-108,180,-434,-212304,-81,-25,-518,-216,36258,133,31,66,0,0,0,0,0,0,0,0,-32304,0,0,0,0,0,217192,0
215878,2156,9168,-1124,-80,161,-478,-212311,-24,41,-524,-160,36255,131,31,66,0,0,0,0,0,0,0,0,-32304,0,0,0,0,0,217197,0
215883,2160,9124,-878,-66,161,-457,-212309,8,103,-518,-168,36255,131,31,66,0,0,0,0,0,0,0,0,-32304,0,0,0,0,0,217203,0
215888,2348,8784,-378,-52,249,-457,-212308,2,117,-514,-168,36256,136,31,66,0,0,0,0,0,0,0,0,-32304,0,0,0,0,0,217208,0
215893,2426,8650,-142,-56,294,-469,-212309,3,77,-514,-168,36256,136,31,66,0,0,0,0,0,0,0,0,-32304,0,0,0,0,0,217213,0
215898,2630,8594,34,-53,326,-470,-212309,-3,39,-514,-168,36259,135,31,66,0,0,0,0,0,0,0,0,-32304,0,0,0,0,0,217219,0
215903,2972,8448,58,-56,358,-475,-212309,-2,1,-515,-168,36259,135,31,66,0,0,0,0,0,0,0,0,-32304,0,0,0,0,0,217224,0
215908,3384,8342,-142,-48,386,-511,-212309,-2,-6,-515,-168,36258,136,31,66,0,0,0,0,0,0,0,0,-32304,0,0,0,0,0,217230,0
215913,3542,8188,-290,-49,392,-532,-212311,-8,-4,-515,-168,36258,136,31,66,0,0,0,0,0,0,0,0,-32304,0,0,0,0,0,217235,0
215918,3606,7980,-340,-34,397,-554,-212314,-18,-8,-514,-168,36262,139,31,66,0,0,0,0,0,0,0,0,-32304,0,0,0,0,0,217240,0
215923,3618,7832,-332,-35,409,-585,-212315,-9,-5,-513,-176,36262,139,31,66,0,0,0,0,0,0,0,0,-32304,0,0,0,0,0,217246,0
215928,3498,7460,-228,-22,414,-619,-212317,-11,-8,-514,-168,36262,137,31,66,0,0,0,0,0,0,0,0,-32304,0,0,0,0,0,217251,0
215933,3454,7280,-196,-18,431,-637,-212319,-8,-4,-514,-168,36262,137,31,66,0,0,0,0,0,0,0,0,-32304,0,0,0,0,0,217257,0
215938,3354,7168,-200,-14,443,-654,-212320,-4,1,-514,-168,36262,137,31,66,0,0,0,0,0,0,0,0,-32304,0,0,0,0,0,217263,0
215943,3276,7096,-194,-12,456,-670,-212319,1,6,-511,-168,36262,137,31,66,0,0,0,0,0,0,0,0,-32304,0,0,0,0,0,217268,0
215948,3142,7020,-222,-2,466,-692,-212319,1,8,-514,-168,36256,137,31,66,0,0,0,0,0,0,0,0,-32304,0,0,0,0,0,217273,0
215953,3094,7068,-240,6,468,-706,-212319,4,8,-514,-168,36256,137,31,66,0,0,0,0,0,0,0,0,-32304,0,0,0,0,0,217279,0
215958,3046,7088,-208,10,466,-711,-212319,-4,3,-513,-168,36256,132,31,66,0,0,0,0,0,0,0,0,-32304,0,0,0,0,0,217284,0
215963,3014,7136,-192,13,462,-722,-212320,2,0,-514,-168,36256,132,31,66,0,0,0,0,0,0,0,0,-32304,0,0,0,0,0,217290,0
215968,2838,7174,-118,23,463,-737,-212320,2,-1,-515,-168,36256,134,31,66,0,0,0,0,0,0,0,0,-32304,0,0,0,0,0,217295,0
215973,2794,7214,-72,26,453,-748,-212319,-5,3,-515,-168,36256,134,31,66,0,0,0,0,0,0,0,0,-32304,0,0,0,0,0,217301,0
215978,2694,7250,-74,34,435,-749,-212318,7,0,-512,-168,36258,134,31,66,0,0,0,0,0,0,0,0,-32304,0,0,0,0,0,217306,0
215983,2584,7270,-64,39,416,-751,-212318,9,3,-512,-160,36258,134,31,66,0,0,0,0,0,0,0,0,-32304,0,0,0,0,0,217311,0
215988,2326,7398,-82,51,376,-756,-212318,4,3,-514,-168,36258,130,31,66,0,0,0,0,0,0,0,0,-32304,0,0,0,0,0,217317,0
215993,2224,7456,-72,46,348,-761,-212319,2,1,-514,-168,36258,130,31,66,0,0,0,0,0,0,0,0,-32304,0,0,0,0,0,217322,0
215998,2142,7542,-106,59,329,-765,-212316,1,2,-515,-168,36259,136,31,66,0,0,0,0,0,0,0,0,-32304,0,0,0,0,0,217328,0
216003,2016,7656,-80,59,307,-759,-212316,7,2,-515,-168,36259,136,31,66,0,0,0,0,0,0,0,0,-32304,0,0,0,0,0,217333,0
216008,1860,7796,-96,62,244,-751,-212315,5,0,-515,-168,36259,133,31,66,0,0,0,0,0,0,0,0,-32304,0,0,0,0,0,217338,0
216013,1836,7828,-124,61,219,-752,-212314,3,-5,-514,-168,36259,133,31,66,0,0,0,0,0,0,0,0,-32304,0,0,0,0,0,217344,0
216018,1824,7896,-146,66,198,-750,-212313,3,2,-513,-160,36261,136,31,66,0,0,0,0,0,0,0,0,-32304,0,0,0,0,0,217350,0
216023,1832,7948,-164,69,176,-746,-212312,4,-1,-514,-160,36261,136,31,66,0,0,0,0,0,0,0,0,-32304,0,0,0,0,0,217355,0
216028,1876,8040,-154,68,134,-740,-212312,2,-3,-516,-168,36260,139,31,66,0,0,0,0,0,0,0,0,-32304,0,0,0,0,0,217360,0
216033,1926,8090,-188,76,126,-738,-212311,2,0,-512,-160,36260,139,31,66,0,0,0,0,0,0,0,0,-32304,0,0,0,0,0,217366,0
216038,1976,8132,-206,71,109,-737,-212312,-3,2,-514,-168,36260,144,31,66,0,0,0,0,0,0,0,0,-32304,0,0,0,0,0,217372,0
216043,2002,8122,-214,71,108,-731,-212311,-1,1,-513,-168,36260,144,31,66,0,0,0,0,0,0,0,0,-32304,0,0,0,0,0,217378,0
216048,2164,8094,-346,73,108,-739,-212312,-1,1,-512,-168,36254,145,31,66,0,0,0,0,0,0,0,0,-32304,0,0,0,0,0,217383,0
216053,2252,8082,-372,75,108,-739,-212311,1,1,-514,-168,36254,145,31,66,0,0,0,0,0,0,0,0,-32304,0,0,0,0,0,217389,0
216058,2298,8020,-330,76,119,-741,-212311,4,-1,-516,-168,36257,144,31,66,0,0,0,0,0,0,0,0,-32304,0,0,0,0,0,217394,0
216063,2342,7968,-362,66,131,-745,-212311,5,2,-516,-168,36257,144,31,66,0,0,0,0,0,0,0,0,-32304,0,0,0,0,0,217399,0
216068,2360,7846,-344,65,142,-755,-212312,9,2,-513,-168,36260,147,31,66,0,0,0,0,0,0,0,0,-32304,0,0,0,0,0,217405,0
216073,2410,7810,-354,69,156,-763,-212312,-1,1,-514,-160,36260,147,31,66,0,0,0,0,0,0,0,0,-32304,0,0,0,0,0,217410,0
216078,2454,7774,-358,67,161,-765,-212312,7,2,-513,-168,36265,155,31,66,0,0,0,0,0,0,0,0,-32304,0,0,0,0,0,217416,0
216083,2408,7730,-328,67,173,-771,-212311,0,4,-515,-168,36265,155,31,66,0,0,0,0,0,0,0,0,-32304,0,0,0,0,0,217421,0
216088,2342,7610,-330,67,185,-781,-212311,0,2,-514,-168,36262,146,31,66,0,0,0,0,0,0,0,0,-32304,0,0,0,0,0,217427,0
216093,2260,7582,-314,63,198,-786,-212312,-3,-2,-512,-168,36262,146,31,66,0,0,0,0,0,0,0,0,-32304,0,0,0,0,0,217432,0
216098,2254,7494,-316,65,201,-786,-212312,-4,-4,-515,-176,36261,136,31,66,0,0,0,0,0,0,0,0,-32304,0,0,0,0,0,217438,0
216103,2234,7450,-326,62,204,-796,-212313,-4,-4,-514,-168,36261,136,31,66,0,0,0,0,0,0,0,0,-32304,0,0,0,0,0,217443,0
216108,2298,7408,-304,66,214,-797,-212312,-5,-4,-513,-168,36257,126,31,66,0,0,0,0,0,0,0,0,-32304,0,0,0,0,0,217448,0
216113,2318,7454,-294,66,217,-808,-212311,3,4,-513,-168,36257,126,31,66,0,0,0,0,0,0,0,0,-32304,0,0,0,0,0,217454,0
216118,2330,7472,-326,61,216,-811,-212311,-2,3,-515,-168,36257,132,31,66,0,0,0,0,0,0,0,0,-32304,0,0,0,0,0,217459,0
216123,2346,7508,-344,58,217,-823,-212312,1,0,-513,-168,36257,132,31,66,0,0,0,0,0,0,0,0,-32304,0,0,0,0,0,217465,0
216128,2288,7552,-338,61,225,-836,-212312,0,1,-514,-168,36260,132,31,66,0,0,0,0,0,0,0,0,-32304,0,0,0,0,0,217470,0
216133,2234,7552,-324,57,230,-844,-212312,-4,0,-515,-168,36260,132,31,66,0,0,0,0,0,0,0,0,-32304,0,0,0,0,0,217476,0
216138,2224,7548,-290,55,225,-848,-212312,-3,1,-516,-168,36262,139,31,66,0,0,0,0,0,0,0,0,-32304,0,0,0,0,0,217481,0
216143,2190,7578,-320,57,233,-856,-212312,0,-2,-515,-168,36262,139,31,66,0,0,0,0,0,0,0,0,-32304,0,0,0,0,0,217487,0
216148,2088,7680,-330,54,228,-869,-212311,5,-2,-516,-168,36264,133,31,66,0,0,0,0,0,0,0,0,-32304,0,0,0,0,0,217492,0
216153,2068,7766,-340,51,225,-869,-212310,2,3,-515,-168,36264,133,31,66,0,0,0,0,0,0,0,0,-32304,0,0,0,0,0,217498,0
216158,2038,7772,-310,51,221,-882,-212310,0,2,-514,-168,36262,137,31,66,0,0,0,0,0,0,0,0,-32304,0,0,0,0,0,217503,0
216163,2048,7818,-274,48,219,-892,-212310,2,-1,-515,-168,36262,137,31,66,0,0,0,0,0,0,0,0,-32304,0,0,0,0,0,217508,0
216168,1884,7716,-140,52,219,-901,-212308,6,0,-514,-168,36261,136,31,66,0,0,0,0,0,0,0,0,-32303,0,0,0,0,0,217514,0
216173,1342,6958,-162,54,217,-888,-212309,2,0,-515,-168,36261,136,31,66,0,0,0,0,0,0,0,0,-32304,0,0,0,0,0,217519,0
216178,482,5646,-158,48,230,-867,-212308,4,1,-514,-168,36260,131,31,66,0,0,0,0,0,0,0,0,-32304,0,0,0,0,0,217525,0
216183,358,5326,-246,49,230,-840,-212310,-1,-7,-515,-176,36260,131,31,66,0,0,0,0,0,0,0,0,-32303,0,0,0,0,0,217530,0
216188,2532,7892,-600,49,176,-826,-212312,-10,-8,-506,-192,36257,132,31,66,0,0,0,0,0,0,0,0,-32304,0,0,0,0,0,217536,0
216193,3312,8974,-446,48,118,-870,-212320,-28,-22,-509,-192,36257,132,31,66,0,0,0,0,0,0,0,0,-32304,0,0,0,0,0,217541,0
216198,3568,9268,-170,46,44,-933,-212326,-20,-26,-511,-200,36258,141,31,66,0,0,0,0,0,0,0,0,-32304,0,0,0,0,0,217546,0
216203,3428,9062,98,30,-33,-995,-212333,-27,-29,-511,-184,36258,141,31,66,0,0,0,0,0,0,0,0,-32303,0,0,0,0,0,217552,0
216208,2708,8506,-110,14,-164,-1091,-212334,-9,-2,-516,-168,36257,141,31,66,0,0,0,0,0,0,0,0,-32304,0,0,0,0,0,217558,0
216213,2402,8580,-342,9,-221,-1129,-212334,-2,18,-513,-168,36257,141,31,66,0,0,0,0,0,0,0,0,-32304,0,0,0,0,0,217563,0
216218,2192,8720,-508,16,-266,-1161,-212334,-3,26,-512,-168,36258,145,31,66,0,0,0,0,0,0,0,0,-32304,0,0,0,0,0,217569,0
216223,1974,8880,-486,17,-303,-1185,-212332,5,23,-514,-160,36258,145,31,66,0,0,0,0,0,0,0,0,-32303,0,0,0,0,0,217574,0
216228,1506,8846,-36,9,-377,-1227,-212331,5,15,-511,-160,36265,131,31,66,0,0,0,0,0,0,0,0,-32304,0,0,0,0,0,217579,0
216233,1242,8740,106,16,-415,-1233,-212328,15,13,-513,-160,36265,131,31,66,0,0,0,0,0,0,0,0,-32304,0,0,0,0,0,217585,0
216238,1062,8594,126,13,-451,-1239,-212323,20,15,-514,-160,36267,122,31,66,0,0,0,0,0,0,0,0,-32304,0,0,0,0,0,217590,0
216243,928,8450,50,19,-494,-1244,-212318,24,19,-513,-160,36267,122,31,66,0,0,0,0,0,0,0,0,-32304,0,0,0,0,0,217596,0
216248,832,8166,-60,30,-561,-1236,-212316,13,11,-511,-160,36267,125,31,66,0,0,0,0,0,0,0,0,-32304,0,0,0,0,0,217601,0
216253,768,8044,-64,30,-592,-1228,-212315,0,-4,-514,-160,36267,125,31,66,0,0,0,0,0,0,0,0,-32304,0,0,0,0,0,217607,0
216258,748,7900,20,34,-627,-1220,-212315,0,-17,-516,-168,36260,132,31,66,0,0,0,0,0,0,0,0,-32304,0,0,0,0,0,217612,0
216263,748,7782,74,43,-659,-1212,-212314,2,-15,-515,-168,36260,132,31,66,0,0,0,0,0,0,0,0,-32304,0,0,0,0,0,217617,0
216268,676,7466,42,50,-710,-1185,-212315,-1,-15,-514,-168,36259,128,31,66,0,0,0,0,0,0,0,0,-32304,0,0,0,0,0,217623,0
216273,592,7276,26,57,-728,-1169,-212314,0,-8,-514,-168,36259,128,31,66,0,0,0,0,0,0,0,0,-32304,0,0,0,0,0,217628,0
216278,502,7152,32,66,-739,-1148,-212315,-1,-2,-514,-168,36257,130,31,66,0,0,0,0,0,0,0,0,-32304,0,0,0,0,0,217634,0
216283,444,7092,38,69,-757,-1126,-212314,1,-1,-516,-168,36257,130,31,66,0,0,0,0,0,0,0,0,-32304,0,0,0,0,0,217639,0
216288,370,7234,76,83,-767,-1073,-212314,-1,-4,-517,-168,36257,138,31,66,0,0,0,0,0,0,0,0,-32304,0,0,0,0,0,217644,0
216293,388,7376,-4,97,-768,-1055,-212315,-9,3,-513,-168,36257,138,31,66,0,0,0,0,0,0,0,0,-32304,0,0,0,0,0,217650,0
216298,416,7532,-30,99,-774,-1031,-212315,-5,-2,-511,-168,36257,136,31,66,0,0,0,0,0,0,0,0,-32304,0,0,0,0,0,217655,0
216303,456,7706,-98,98,-771,-1010,-212316,2,-5,-515,-168,36257,136,31,66,0,0,0,0,0,0,0,0,-32304,0,0,0,0,0,217661,0
216308,388,8102,-212,112,-750,-972,-212317,-8,-7,-514,-168,36260,149,31,66,0,0,0,0,0,0,0,0,-32304,0,0,0,0,0,217666,0
216313,246,8144,-192,107,-745,-946,-212318,-7,-3,-513,-168,36260,149,31,66,0,0,0,0,0,0,0,0,-32304,0,0,0,0,0,217672,0
216318,260,8444,-238,114,-736,-926,-212322,-14,-1,-512,-168,36263,134,31,66,0,0,0,0,0,0,0,0,-32304,0,0,0,0,0,217677,0
216323,266,8672,-264,115,-732,-911,-212324,-14,-5,-513,-168,36263,134,31,66,0,0,0,0,0,0,0,0,-32304,0,0,0,0,0,217683,0
216328,122,8826,-344,111,-729,-882,-212327,-12,-15,-511,-168,36263,133,31,66,0,0,0,0,0,0,0,0,-32304,0,0,0,0,0,217688,0
216333,200,8746,-388,110,-737,-868,-212332,-22,-7,-506,-192,36263,133,31,66,0,0,0,0,0,0,0,0,-32304,0,0,0,0,0,217694,0
216338,206,8716,-244,110,-735,-845,-212338,-24,-7,-507,-192,36266,133,31,66,0,0,0,0,0,0,0,0,-32304,0,0,0,0,0,217699,0
216343,254,8618,-320,106,-738,-838,-212349,-54,-21,-501,-216,36266,133,31,66,0,0,0,0,0,0,0,0,-32304,0,0,0,0,0,217705,0
216348,212,8382,-370,98,-733,-804,-212374,-116,-52,-482,-296,36264,134,31,66,0,0,0,0,0,0,0,0,-32304,0,0,0,0,0,217710,0
216353,214,8330,-354,107,-734,-789,-212413,-179,-108,-486,-344,36264,134,31,66,0,0,0,0,0,0,0,0,-32304,0,0,0,0,0,217716,0
216358,160,8250,-334,103,-727,-769,-212460,-224,-150,-477,-432,36262,147,31,66,0,0,0,0,0,0,0,0,-32304,0,0,0,0,0,217721,0
216363,166,8190,-352,99,-732,-754,-212520,-261,-177,-474,-480,36262,147,31,66,0,0,0,0,0,0,0,0,-32304,0,0,0,0,0,217726,0
216368,24,7960,-328,96,-718,-709,-212592,-325,-181,-459,-600,36260,153,31,66,0,0,0,0,0,0,0,0,-32304,0,0,0,0,0,217732,0
216373,-90,7900,-322,101,-717,-685,-212677,-382,-182,-449,-688,36260,153,31,66,0,0,0,0,0,0,0,0,-32304,0,0,0,0,0,217737,0
216378,-198,7854,-326,94,-704,-655,-212773,-435,-185,-423,-824,36256,150,31,66,0,0,0,0,0,0,0,0,-32304,0,0,0,0,0,217743,0
216383,-326,7848,-260,100,-692,-621,-212883,-489,-187,-422,-992,36256,150,31,66,0,0,0,0,0,0,0,0,-32304,0,0,0,0,0,217748,0
216388,-604,7716,-434,107,-648,-545,-213004,-541,-195,-428,-1064,36253,147,31,66,0,0,0,0,0,0,0,0,-32304,0,0,0,0,0,217754,0
216393,-700,7894,-170,106,-621,-500,-213136,-589,-184,-394,-1200,36253,147,31,66,0,0,0,0,0,0,0,0,-32304,0,0,0,0,0,217759,0
216398,-832,7960,-60,102,-597,-453,-213282,-652,-183,-380,-1328,36254,150,31,66,0,0,0,0,0,0,0,0,-32304,0,0,0,0,0,217765,0
216403,-974,8014,-88,112,-563,-401,-213443,-718,-193,-373,-1416,36254,150,31,66,0,0,0,0,0,0,0,0,-32304,0,0,0,0,0,217770,0
216408,-1108,8184,-30,113,-491,-294,-213617,-768,-201,-350,-1520,36253,141,31,66,0,0,0,0,0,0,0,0,-32304,0,0,0,0,0,217776,0
216413,-1054,8116,-258,128,-441,-248,-213807,-845,-213,-317,-1672,36253,141,31,66,0,0,0,0,0,0,0,0,-32304,0,0,0,0,0,217781,0
216418,-884,8284,22,129,-407,-198,-214013,-917,-226,-279,-1856,36253,147,31,66,0,0,0,0,0,0,0,0,-32304,0,0,0,0,0,217786,0
216423,-750,8302,66,138,-362,-166,-214247,-1043,-252,-252,-2168,36253,147,31,66,0,0,0,0,0,0,0,0,-32306,0,0,0,0,0,217792,0
216428,-372,8274,-92,144,-289,-79,-214511,-1178,-301,-227,-2456,36251,143,31,66,0,0,0,0,0,0,0,0,-32304,0,0,0,0,0,217797,0
216433,-356,8398,-108,161,-254,-47,-214814,-1358,-393,-182,-2872,36251,143,31,66,0,0,0,0,0,0,0,0,-32304,0,0,0,0,0,217803,0
216438,-366,8382,-72,169,-229,-12,-215164,-1557,-494,-163,-3200,36256,153,31,66,0,0,0,0,0,0,0,0,-32304,0,0,0,0,0,217808,0
216443,2232,7914,72,199,-240,-298,-215550,-1708,-576,-146,-3336,36256,153,31,66,0,0,0,0,0,0,0,0,-32304,0,0,0,0,0,217813,0
216448,7804,7522,-260,173,-192,-402,-215943,-1727,-556,-137,-3120,36256,155,31,66,0,0,0,0,0,0,0,0,-32304,0,0,0,0,0,217819,0
216453,6780,8140,-682,168,-144,-466,-216326,-1679,-418,-85,-2840,36256,155,31,66,0,0,0,0,0,0,0,0,-32304,0,0,0,0,0,217824,0
216458,4618,8460,-844,187,-86,-528,-216688,-1583,-172,-35,-2456,36256,150,31,66,0,0,0,0,0,0,0,0,-32304,0,0,0,0,0,217830,0
216463,2464,8988,-478,184,-60,-557,-217016,-1427,88,-7,-1944,36256,150,31,66,0,0,0,0,0,0,0,0,-32304,0,0,0,0,0,217836,0
216468,-1680,8860,-158,193,-107,-537,-217274,-1095,363,-7,-976,36253,148,31,66,0,0,0,0,0,0,0,0,-32304,0,0,0,0,0,217841,0
216473,-2360,9042,-94,198,-152,-529,-217416,-572,701,11,96,36253,148,31,66,0,0,0,0,0,0,0,0,-32304,0,0,0,0,0,217847,0
216478,-2046,9024,92,199,-187,-507,-217404,130,1172,240,208,36254,146,31,66,0,0,0,0,0,0,0,0,-32304,0,0,0,0,0,217852,0
216483,-934,8846,72,206,-191,-504,-217284,556,1612,81,744,36254,146,31,66,0,0,0,0,0,0,0,0,-32304,0,0,0,0,0,217857,0
216488,1610,8262,-216,207,-164,-503,-217115,759,1748,28,904,36257,139,31,66,0,0,0,0,0,0,0,0,-32304,0,0,0,0,0,217863,0
216493,2214,7774,-614,209,-134,-505,-216926,833,1480,-1,808,36257,139,31,66,0,0,0,0,0,0,0,0,-32304,0,0,0,0,0,217868,0
216498,2040,7762,-694,207,-130,-513,-216741,810,956,-46,560,36258,131,31,66,0,0,0,0,0,0,0,0,-32304,0,0,0,0,0,217874,0
216503,1288,7574,-674,208,-127,-514,-216573,736,399,-99,312,36258,131,31,66,0,0,0,0,0,0,0,0,-32304,0,0,0,0,0,217879,0
216508,-548,7772,-478,203,-142,-487,-216424,638,39,-175,160,36260,132,31,66,0,0,0,0,0,0,0,0,-32304,0,0,0,0,0,217885,0
216513,-1128,7922,-396,202,-155,-460,-216309,494,-187,-244,0,36260,132,31,66,0,0,0,0,0,0,0,0,-32304,0,0,0,0,0,217890,0
216518,-1280,8164,-362,196,-159,-435,-216230,334,-347,-297,24,36261,126,31,66,0,0,0,0,0,0,0,0,-32304,0,0,0,0,0,217895,0
216523,-1220,7912,-388,199,-164,-409,-216183,195,-445,-237,-16,36261,126,31,66,0,0,0,0,0,0,0,0,-32304,0,0,0,0,0,217901,0
216528,320,8008,-826,194,-170,-390,-216170,53,-502,-183,-40,36261,136,31,66,0,0,0,0,0,0,0,0,-32304,0,0,0,0,0,217906,0
216533,514,8332,-398,166,-185,-370,-216174,-23,-489,-143,-48,36261,136,31,66,0,0,0,0,0,0,0,0,-32304,0,0,0,0,0,217912,0
216538,806,8328,-818,169,-176,-368,-216183,-42,-408,-136,-56,36270,125,31,66,0,0,0,0,0,0,0,0,-32304,0,0,0,0,0,217917,0
216543,804,8130,-746,162,-173,-359,-216198,-65,-284,-128,-72,36270,125,31,66,0,0,0,0,0,0,0,0,-32304,0,0,0,0,0,217922,0
216548,446,8060,-756,150,-162,-355,-216215,-79,-172,-124,-64,36271,129,31,66,0,0,0,0,0,0,0,0,-32304,0,0,0,0,0,217928,0
216553,188,8144,-642,134,-167,-346,-216227,-39,-79,-134,-48,36271,129,31,66,0,0,0,0,0,0,0,0,-32304,0,0,0,0,0,217933,0
216558,126,8304,-678,114,-164,-340,-216226,11,6,-135,-32,36271,132,31,66,0,0,0,0,0,0,0,0,-32304,0,0,0,0,0,217939,0
216563,26,8038,-564,133,-170,-325,-216224,7,58,-131,-40,36271,132,31,66,0,0,0,0,0,0,0,0,-32304,0,0,0,0,0,217944,0
216568,144,7994,-598,109,-201,-310,-216223,3,77,-131,-48,36267,138,31,66,0,0,0,0,0,0,0,0,-32304,0,0,0,0,0,217950,0
216573,336,7898,-730,101,-207,-308,-216222,4,59,-132,-40,36267,138,31,66,0,0,0,0,0,0,0,0,-32304,0,0,0,0,0,217955,0
216578,522,7914,-740,92,-214,-306,-216223,3,12,-131,-32,36260,141,31,66,0,0,0,0,0,0,0,0,-32304,0,0,0,0,0,217961,0
216583,682,7926,-744,85,-227,-315,-216224,-7,-8,-131,-32,36260,141,31,66,0,0,0,0,0,0,0,0,-32304,0,0,0,0,0,217966,0
216588,800,8006,-902,81,-239,-325,-216223,3,-5,-131,-40,36259,145,31,66,0,0,0,0,0,0,0,0,-32305,0,0,0,0,0,217972,0
216593,748,8092,-680,64,-242,-325,-216223,-5,0,-130,-40,36259,145,31,66,0,0,0,0,0,0,0,0,-32304,0,0,0,0,0,217977,0
216598,696,8214,-668,56,-250,-334,-216222,2,2,-131,-40,36260,138,31,66,0,0,0,0,0,0,0,0,-32304,0,0,0,0,0,217983,0
216603,646,8194,-758,49,-249,-344,-216222,5,-3,-131,-32,36260,138,31,66,0,0,0,0,0,0,0,0,-32304,0,0,0,0,0,217988,0
216608,634,8298,-710,30,-266,-363,-216224,-6,0,-132,-40,36261,146,31,66,0,0,0,0,0,0,0,0,-32304,0,0,0,0,0,217993,0
216613,646,8264,-634,25,-279,-371,-216223,0,-2,-133,-40,36261,146,31,66,0,0,0,0,0,0,0,0,-32304,0,0,0,0,0,217999,0
216618,632,8262,-676,15,-288,-384,-216222,3,0,-132,-32,36259,142,31,66,0,0,0,0,0,0,0,0,-32304,0,0,0,0,0,218004,0
216623,788,8028,-908,25,-293,-394,-216223,0,4,-133,-40,36259,142,31,66,0,0,0,0,0,0,0,0,-32304,0,0,0,0,0,218010,0
216628,972,8200,-504,4,-310,-424,-216222,0,-2,-133,-40,36258,139,31,66,0,0,0,0,0,0,0,0,-32304,0,0,0,0,0,218015,0
216633,1012,8164,-576,3,-311,-441,-216222,-1,0,-133,-40,36258,139,31,66,0,0,0,0,0,0,0,0,-32304,0,0,0,0,0,218021,0
216638,1068,8178,-446,-2,-317,-453,-216223,-1,3,-131,-40,36256,137,31,66,0,0,0,0,0,0,0,0,-32304,0,0,0,0,0,218026,0
216643,1008,8158,-458,-2,-308,-474,-216222,5,-1,-129,-40,36256,137,31,66,0,0,0,0,0,0,0,0,-32304,0,0,0,0,0,218032,0
216648,914,8202,-350,-6,-326,-502,-216223,3,-1,-132,-40,36257,145,31,66,0,0,0,0,0,0,0,0,-32304,0,0,0,0,0,218037,0
216653,1054,8140,-296,-2,-319,-521,-216223,0,4,-132,-40,36257,145,31,66,0,0,0,0,0,0,0,0,-32304,0,0,0,0,0,218043,0
216658,942,8344,-352,-2,-328,-544,-216223,3,2,-132,-40,36259,144,31,66,0,0,0,0,0,0,0,0,-32304,0,0,0,0,0,218048,0
216663,942,8204,-244,-1,-333,-560,-216222,5,-2,-133,-40,36259,144,31,66,0,0,0,0,0,0,0,0,-32304,0,0,0,0,0,218054,0
216668,1108,8268,-312,5,-333,-605,-216223,-1,1,-132,-48,36261,148,31,66,0,0,0,0,0,0,0,0,-32304,0,0,0,0,0,218059,0
216673,1198,8314,-308,4,-329,-629,-216224,1,1,-132,-48,36261,148,31,66,0,0,0,0,0,0,0,0,-32304,0,0,0,0,0,218064,0
216678,1216,8382,-300,7,-336,-643,-216223,-4,-1,-132,-40,36258,141,31,66,0,0,0,0,0,0,0,0,-32304,0,0,0,0,0,218070,0
216683,1204,8360,-252,7,-333,-672,-216221,2,-3,-130,-32,36258,141,31,66,0,0,0,0,0,0,0,0,-32303,0,0,0,0,0,218075,0
216688,1020,8432,-242,23,-325,-719,-216222,6,1,-132,-40,36256,135,31,66,0,0,0,0,0,0,0,0,-32304,0,0,0,0,0,218081,0
216693,970,8262,-204,23,-320,-742,-216222,3,1,-133,-40,36256,135,31,66,0,0,0,0,0,0,0,0,-32304,0,0,0,0,0,218086,0
216698,868,8472,-144,22,-316,-756,-216223,1,-5,-132,-40,36256,143,31,66,0,0,0,0,0,0,0,0,-32304,0,0,0,0,0,218091,0
216703,790,8252,-100,36,-321,-778,-216224,-4,0,-132,-32,36256,143,31,66,0,0,0,0,0,0,0,0,-32304,0,0,0,0,0,218097,0
216708,422,7290,-356,52,-324,-808,-216223,-3,1,-133,-40,36259,140,31,66,0,0,0,0,0,0,0,0,-32304,0,0,0,0,0,218102,0
216713,400,8262,166,52,-326,-820,-216221,3,1,-134,-40,36259,140,31,66,0,0,0,0,0,0,0,0,-32304,0,0,0,0,0,218108,0
216718,622,8024,20,54,-320,-837,-216224,1,3,-132,-40,36258,139,31,66,0,0,0,0,0,0,0,0,-32304,0,0,0,0,0,218113,0
216723,544,7762,-102,67,-332,-847,-216223,-5,-3,-131,-40,36258,139,31,66,0,0,0,0,0,0,0,0,-32304,0,0,0,0,0,218119,0
216728,404,7980,-110,75,-334,-857,-216223,-3,-4,-130,-48,36256,144,31,66,0,0,0,0,0,0,0,0,-32304,0,0,0,0,0,218124,0
216733,318,7940,-96,81,-339,-871,-216222,1,8,-131,-32,36256,144,31,66,0,0,0,0,0,0,0,0,-32304,0,0,0,0,0,218129,0
216738,138,8210,-260,80,-358,-884,-216223,1,1,-131,-32,36258,140,31,66,0,0,0,0,0,0,0,0,-32304,0,0,0,0,0,218135,0
216743,384,7730,-384,114,-349,-901,-216222,1,0,-132,-48,36258,140,31,66,0,0,0,0,0,0,0,0,-32304,0,0,0,0,0,218140,0
216748,332,8176,4,137,-352,-924,-216223,-1,-3,-131,-32,36261,138,31,66,0,0,0,0,0,0,0,0,-32305,0,0,0,0,0,218146,0
216753,-642,9034,-210,133,-339,-963,-216222,1,2,-132,-32,36261,138,31,66,0,0,0,0,0,0,0,0,-32304,0,0,0,0,0,218152,0
216758,-934,9710,-334,138,-311,-953,-216222,0,-4,-132,-32,36260,137,31,66,0,0,0,0,0,0,0,0,-32304,0,0,0,0,0,218157,0
216763,-726,9484,-162,135,-280,-939,-216224,-7,1,-134,-40,36260,137,31,66,0,0,0,0,0,0,0,0,-32304,0,0,0,0,0,218162,0
216768,314,8494,-310,140,-233,-938,-216222,-2,-3,-133,-48,36260,136,31,66,0,0,0,0,0,0,0,0,-32304,0,0,0,0,0,218168,0
216773,920,8432,-362,126,-207,-943,-216224,-3,-1,-132,-40,36260,136,31,66,0,0,0,0,0,0,0,0,-32304,0,0,0,0,0,218173,0
216778,956,8182,-350,134,-179,-958,-216223,-1,2,-130,-40,36258,141,31,66,0,0,0,0,0,0,0,0,-32305,0,0,0,0,0,218179,0
216783,684,8066,-460,133,-159,-969,-216222,3,-1,-131,-32,36258,141,31,66,0,0,0,0,0,0,0,0,-32305,0,0,0,0,0,218184,0
216788,-138,8246,-516,120,-137,-967,-216223,-3,4,-133,-40,36261,141,31,66,0,0,0,0,0,0,0,0,-32304,0,0,0,0,0,218189,0
216793,-706,8120,-638,115,-130,-968,-216223,-1,3,-132,-40,36261,141,31,66,0,0,0,0,0,0,0,0,-32304,0,0,0,0,0,218195,0
216798,-904,8160,-566,117,-121,-947,-216223,-6,-3,-133,-40,36264,130,31,66,0,0,0,0,0,0,0,0,-32304,0,0,0,0,0,218200,0
216803,-874,8102,-550,104,-106,-930,-216223,-5,0,-132,-32,36264,130,31,66,0,0,0,0,0,0,0,0,-32305,0,0,0,0,0,218206,0
216808,-666,8058,-676,88,-88,-903,-216223,-1,-3,-132,-40,36263,134,31,66,0,0,0,0,0,0,0,0,-32304,0,0,0,0,0,218211,0
216813,-474,8072,-774,78,-85,-890,-216221,6,2,-131,-40,36263,134,31,66,0,0,0,0,0,0,0,0,-32304,0,0,0,0,0,218217,0
216818,-386,8168,-894,68,-70,-891,-216222,8,0,-134,-40,36261,130,31,66,0,0,0,0,0,0,0,0,-32304,0,0,0,0,0,218222,0
216823,-324,8348,-1012,55,-59,-876,-216222,0,2,-132,-40,36261,130,31,66,0,0,0,0,0,0,0,0,-32304,0,0,0,0,0,218227,0
216828,-414,8364,-870,19,-46,-858,-216223,1,1,-130,-32,36261,125,31,66,0,0,0,0,0,0,0,0,-32305,0,0,0,0,0,218233,0
216833,-610,8370,-960,10,-36,-847,-216223,-1,-4,-133,-40,36261,125,31,66,0,0,0,0,0,0,0,0,-32304,0,0,0,0,0,218238,0
216838,-740,8400,-966,-11,-20,-833,-216224,-1,-1,-133,-40,36273,131,31,66,0,0,0,0,0,0,0,0,-32304,0,0,0,0,0,218244,0
216843,-858,8336,-1046,-28,-11,-813,-216223,0,-1,-130,-32,36273,131,31,66,0,0,0,0,0,0,0,0,-32304,0,0,0,0,0,218249,0
216848,-736,8132,-1212,-69,-13,-783,-216222,-1,5,-131,-40,36274,132,31,66,0,0,0,0,0,0,0,0,-32304,0,0,0,0,0,218254,0
216853,-774,8188,-1160,-84,-6,-774,-216223,-3,-1,-133,-32,36274,132,31,66,0,0,0,0,0,0,0,0,-32303,0,0,0,0,0,218260,0
216858,-794,8184,-1084,-111,-2,-760,-216222,4,-2,-130,-40,36273,148,31,66,0,0,0,0,0,0,0,0,-32304,0,0,0,0,0,218266,0
216863,-828,8148,-1052,-114,-2,-748,-216223,-3,1,-133,-40,36273,148,31,66,0,0,0,0,0,0,0,0,-32304,0,0,0,0,0,218271,0
216868,-728,8018,-988,-157,2,-742,-216221,8,6,-131,-40,36262,149,31,66,0,0,0,0,0,0,0,0,-32304,0,0,0,0,0,218277,0
216873,-684,8036,-1000,-174,10,-732,-216221,4,5,-132,-40,36262,149,31,66,0,0,0,0,0,0,0,0,-32304,0,0,0,0,0,218282,0
216878,-734,8072,-982,-186,9,-723,-216221,5,7,-131,-32,36259,142,31,66,0,0,0,0,0,0,0,0,-32304,0,0,0,0,0,218287,0
216883,-828,8040,-988,-203,8,-721,-216220,6,4,-132,-32,36259,142,31,66,0,0,0,0,0,0,0,0,-32304,0,0,0,0,0,218293,0
216888,-886,8098,-964,-227,-8,-702,-216218,-4,3,-135,-40,36259,136,31,66,0,0,0,0,0,0,0,0,-32304,0,0,0,0,0,218298,0
216893,-920,8084,-952,-241,-13,-690,-216218,6,2,-133,-40,36259,136,31,66,0,0,0,0,0,0,0,0,-32304,0,0,0,0,0,218304,0
216898,-970,8038,-858,-258,-23,-683,-216217,1,-4,-133,-32,36258,133,31,66,0,0,0,0,0,0,0,0,-32304,0,0,0,0,0,218309,0
216903,-1042,8020,-786,-270,-35,-674,-216215,9,1,-134,-40,36258,133,31,66,0,0,0,0,0,0,0,0,-32304,0,0,0,0,0,218314,0
216908,-1078,7948,-676,-284,-54,-651,-216215,5,1,-133,-40,36258,130,31,66,0,0,0,0,0,0,0,0,-32304,0,0,0,0,0,218320,0
216913,-1114,7926,-624,-291,-70,-640,-216215,3,1,-134,-40,36258,130,31,66,0,0,0,0,0,0,0,0,-32304,0,0,0,0,0,218325,0
216918,-1164,7906,-590,-292,-80,-625,-216214,1,1,-134,-40,36258,140,31,66,0,0,0,0,0,0,0,0,-32304,0,0,0,0,0,218331,0
216923,-1206,7908,-522,-299,-91,-616,-216216,-10,-10,-133,-40,36258,140,31,66,0,0,0,0,0,0,0,0,-32304,0,0,0,0,0,218336,0
216928,-1160,7892,-470,-303,-111,-598,-216213,2,1,-131,-32,36258,142,31,66,0,0,0,0,0,0,0,0,-32304,0,0,0,0,0,218342,0
216933,-1118,7908,-388,-307,-121,-581,-216214,0,-4,-133,-32,36258,142,31,66,0,0,0,0,0,0,0,0,-32303,0,0,0,0,0,218347,0
216938,-1074,7920,-306,-309,-130,-576,-216213,5,0,-131,-40,36256,135,31,66,0,0,0,0,0,0,0,0,-32304,0,0,0,0,0,218352,0
216943,-1058,7906,-246,-305,-133,-570,-216214,-3,1,-133,-40,36256,135,31,66,0,0,0,0,0,0,0,0,-32304,0,0,0,0,0,218358,0
216948,-1028,7952,-154,-298,-136,-554,-216214,0,-1,-132,-40,36258,135,31,66,0,0,0,0,0,0,0,0,-32304,0,0,0,0,0,218363,0
216953,-1046,7936,-124,-293,-133,-545,-216215,0,-1,-133,-40,36258,135,31,66,0,0,0,0,0,0,0,0,-32304,0,0,0,0,0,218369,0
216958,-1082,7988,-66,-292,-130,-536,-216215,1,-2,-134,-48,36260,134,31,66,0,0,0,0,0,0,0,0,-32304,0,0,0,0,0,218374,0
216963,-1084,7994,-42,-287,-130,-525,-216217,-2,-3,-134,-40,36260,134,31,66,0,0,0,0,0,0,0,0,-32304,0,0,0,0,0,218380,0
216968,174,7842,60,-274,-130,-586,-216217,-1,-1,-132,-40,36269,137,31,66,0,0,0,0,0,0,0,0,-32304,0,0,0,0,0,218385,0
216973,532,8234,88,-272,-107,-608,-216217,2,3,-132,-40,36269,137,31,66,0,0,0,0,0,0,0,0,-32304,0,0,0,0,0,218391,0
216978,280,8422,84,-268,-92,-627,-216217,-3,-1,-133,-40,36264,141,31,66,0,0,0,0,0,0,0,0,-32304,0,0,0,0,0,218396,0
216983,-178,8416,86,-261,-77,-636,-216217,8,3,-132,-32,36264,141,31,66,0,0,0,0,0,0,0,0,-32304,0,0,0,0,0,218402,0
216988,-394,8226,-98,-248,-74,-653,-216217,0,0,-132,-40,36264,138,31,66,0,0,0,0,0,0,0,0,-32304,0,0,0,0,0,218407,0
216993,-630,8266,-76,-241,-77,-667,-216217,0,-1,-130,-40,36264,138,31,66,0,0,0,0,0,0,0,0,-32304,0,0,0,0,0,218412,0
216998,-740,8260,20,-234,-89,-665,-216217,7,-1,-130,-40,36256,134,31,66,0,0,0,0,0,0,0,0,-32304,0,0,0,0,0,218418,0
217003,-812,8192,106,-227,-97,-665,-216217,1,-2,-132,-40,36256,134,31,66,0,0,0,0,0,0,0,0,-32304,0,0,0,0,0,218423,0
217008,-716,8086,214,-208,-85,-672,-216218,-3,-2,-131,-40,36258,142,31,66,0,0,0,0,0,0,0,0,-32304,0,0,0,0,0,218429,0
217013,-764,8048,228,-202,-82,-668,-216217,1,-2,-134,-40,36258,142,31,66,0,0,0,0,0,0,0,0,-32304,0,0,0,0,0,218434,0
217018,-778,8002,188,-191,-79,-673,-216217,2,2,-133,-32,36259,136,31,66,0,0,0,0,0,0,0,0,-32304,0,0,0,0,0,218440,0
217023,-938,7958,84,-187,-80,-671,-216217,-1,0,-134,-40,36259,136,31,66,0,0,0,0,0,0,0,0,-32304,0,0,0,0,0,218445,0
217028,-1188,7928,-28,-167,-105,-665,-216217,1,2,-133,-40,36261,136,31,66,0,0,0,0,0,0,0,0,-32304,0,0,0,0,0,218450,0
217033,-1352,7946,-82,-159,-114,-657,-216217,3,-3,-133,-32,36261,136,31,66,0,0,0,0,0,0,0,0,-32304,0,0,0,0,0,218457,0
217038,-1520,7900,-112,-141,-135,-639,-216217,1,2,-133,-40,36265,133,31,66,0,0,0,0,0,0,0,0,-32303,0,0,0,0,0,218462,0
217043,-1594,7820,-74,-143,-156,-629,-216217,0,5,-133,-40,36265,133,31,66,0,0,0,0,0,0,0,0,-32304,0,0,0,0,0,218468,0
217048,-1500,7812,-148,-121,-193,-602,-216217,6,0,-131,-32,36264,119,31,66,0,0,0,0,0,0,0,0,-32304,0,0,0,0,0,218473,0
217053,-1580,7816,-216,-111,-221,-587,-216218,-2,-6,-437,-880,36264,119,31,66,0,0,0,0,0,0,0,0,-32304,0,0,0,0,0,218478,0
217058,-1926,7870,-252,-100,-254,-582,-216278,-306,-134,-1342,-1296,36258,141,31,66,0,0,0,0,0,0,0,0,-32304,0,0,0,0,0,218484,0
217063,-1798,7832,-292,-93,-284,-553,-216408,-598,-396,-1133,-1488,36258,141,31,66,0,0,0,0,0,0,0,0,-32304,0,0,0,0,0,218489,0
217068,-2002,7820,-356,-76,-359,-520,-216571,-728,-630,-693,-1296,36253,158,31,66,0,0,0,0,0,0,0,0,-32304,0,0,0,0,0,218495,0
217073,-2034,7858,-388,-68,-409,-501,-216729,-686,-641,-332,-832,36253,158,31,66,0,0,0,0,0,0,0,0,-32304,0,0,0,0,0,218501,0
217078,-2086,7774,-458,-59,-451,-478,-216862,-569,-390,-174,-416,36251,168,31,66,0,0,0,0,0,0,0,0,-32304,0,0,0,0,0,218506,0
217083,-2194,7858,-472,-57,-504,-464,-216954,-377,29,-144,-272,36251,168,31,66,0,0,0,0,0,0,0,0,-32304,0,0,0,0,0,218511,0
217088,-2122,7732,-616,-30,-612,-425,-216997,-169,378,-325,-328,36253,160,31,66,0,0,0,0,0,0,0,0,-32305,0,0,0,0,0,218517,0
217093,-2124,7828,-584,-29,-675,-408,-217006,-27,559,-719,-344,36253,160,31,66,0,0,0,0,0,0,0,0,-32304,0,0,0,0,0,218522,0
217098,-2180,7884,-650,-21,-734,-384,-217007,4,545,-973,-336,36253,143,31,66,0,0,0,0,0,0,0,0,-32304,0,0,0,0,0,218528,0
217103,-2262,7824,-718,-7,-802,-364,-217007,9,401,-1016,-344,36253,143,31,66,0,0,0,0,0,0,0,0,-32305,0,0,0,0,0,218533,0
217108,-2368,7780,-810,4,-941,-323,-217007,-4,210,-1025,-336,36255,138,31,66,0,0,0,0,0,0,0,0,-32304,0,0,0,0,0,218539,0
217113,-2420,7822,-824,13,-1014,-296,-217007,0,74,-1021,-328,36255,138,31,66,0,0,0,0,0,0,0,0,-32303,0,0,0,0,0,218544,0
217118,-2446,7838,-844,20,-1092,-281,-217007,3,2,-1022,-336,36253,149,31,66,0,0,0,0,0,0,0,0,-32304,0,0,0,0,0,218549,0
217123,-2400,7850,-882,33,-1170,-254,-217007,0,-1,-1022,-344,36253,149,31,66,0,0,0,0,0,0,0,0,-32304,0,0,0,0,0,218555,0
217128,-2328,7906,-850,48,-1316,-214,-217007,-4,-3,-1017,-336,36253,148,31,66,0,0,0,0,0,0,0,0,-32304,0,0,0,0,0,218560,0
217133,-2296,7828,-888,54,-1388,-191,-217007,-2,2,-1022,-336,36253,148,31,66,0,0,0,0,0,0,0,0,-32303,0,0,0,0,0,218566,0
217138,-2356,7852,-940,58,-1466,-174,-217008,-6,-4,-1027,-336,36253,146,31,66,0,0,0,0,0,0,0,0,-32304,0,0,0,0,0,218571,0
217143,-2352,7816,-948,71,-1546,-151,-217007,5,-1,-1014,-344,36253,146,31,66,0,0,0,0,0,0,0,0,-32304,0,0,0,0,0,218576,0
217148,-2402,7772,-1000,90,-1699,-115,-217008,3,-1,-1024,-336,36256,150,31,66,0,0,0,0,0,0,0,0,-32304,0,0,0,0,0,218582,0
217153,-2424,7780,-1008,93,-1791,-95,-217008,0,1,-1021,-336,36256,150,31,66,0,0,0,0,0,0,0,0,-32304,0,0,0,0,0,218587,0
217158,-2438,7752,-1024,100,-1877,-77,-217008,-3,4,-1018,-336,36256,144,31,66,0,0,0,0,0,0,0,0,-32304,0,0,0,0,0,218593,0
217163,-2422,7746,-1054,116,-1960,-59,-217008,1,-1,-1018,-336,36256,144,31,66,0,0,0,0,0,0,0,0,-32304,0,0,0,0,0,218598,0
217168,-2440,7766,-1032,130,-2136,-23,-217009,-4,-4,-1024,-328,36254,142,31,66,0,0,0,0,0,0,0,0,-32304,0,0,0,0,0,218604,0
217173,-2418,7784,-1034,142,-2231,-6,-217009,-5,0,-1019,-328,36254,142,31,66,0,0,0,0,0,0,0,0,-32304,0,0,0,0,0,218609,0
217178,-2408,7748,-1056,153,-2314,9,-217009,-3,-2,-1021,-320,36258,150,31,66,0,0,0,0,0,0,0,0,-32304,0,0,0,0,0,218615,0
217183,-2416,7764,-1112,164,-2411,25,-217008,10,-1,-1015,-344,36258,150,31,66,0,0,0,0,0,0,0,0,-32304,0,0,0,0,0,218620,0
217188,-2380,7746,-1124,190,-2604,53,-217009,-8,-1,-1023,-320,36259,143,31,66,0,0,0,0,0,0,0,0,-32304,0,0,0,0,0,218626,0
217193,-2340,7776,-1146,201,-2701,63,-217008,3,5,-1015,-344,36259,143,31,66,0,0,0,0,0,0,0,0,-32304,0,0,0,0,0,218631,0
217198,-2364,7808,-1104,218,-2802,80,-217007,4,-1,-1026,-336,36259,154,31,66,0,0,0,0,0,0,0,0,-32304,0,0,0,0,0,218637,0
217203,-2360,7788,-1134,227,-2900,93,-217009,0,-1,-1019,-336,36259,154,31,66,0,0,0,0,0,0,0,0,-32304,0,0,0,0,0,218642,0
217208,-2434,7706,-1114,258,-3106,119,-217008,0,0,-1018,-344,36255,148,31,66,0,0,0,0,0,0,0,0,-32304,0,0,0,0,0,218647,0
217213,-2374,7666,-1168,269,-3207,139,-217008,5,5,-1016,-336,36255,148,31,66,0,0,0,0,0,0,0,0,-32304,0,0,0,0,0,218653,0
217218,-2392,7736,-1192,280,-3310,151,-217008,-2,1,-1021,-344,36254,154,31,66,0,0,0,0,0,0,0,0,-32304,0,0,0,0,0,218658,0
217223,-2446,7764,-1214,290,-3414,163,-217009,1,1,-1018,-336,36254,154,31,66,0,0,0,0,0,0,0,0,-32304,0,0,0,0,0,218664,0
217228,-2338,7808,-1302,313,-3625,191,-217009,1,0,-1022,-328,36254,158,31,66,0,0,0,0,0,0,0,0,-32304,0,0,0,0,0,218669,0
217233,-2292,7808,-1348,324,-3728,203,-217008,-7,1,-1024,-336,36254,158,31,66,0,0,0,0,0,0,0,0,-32304,0,0,0,0,0,218674,0
217238,-2258,7864,-1406,331,-3834,220,-217008,0,3,-1019,-328,36253,154,31,66,0,0,0,0,0,0,0,0,-32304,0,0,0,0,0,218680,0
217243,-2242,7914,-1444,337,-3933,227,-217008,-2,-1,-1026,-328,36253,154,31,66,0,0,0,0,0,0,0,0,-32304,0,0,0,0,0,218685,0
217248,-2200,7874,-1414,357,-4144,260,-217009,0,2,-1020,-336,36252,148,31,66,0,0,0,0,0,0,0,0,-32304,0,0,0,0,0,218691,0
217253,-2194,7914,-1396,360,-4244,264,-217010,-1,-2,-1020,-320,36252,148,31,66,0,0,0,0,0,0,0,0,-32304,0,0,0,0,0,218696,0
217258,-2068,7968,-1388,364,-4339,279,-217009,2,3,-1015,-336,36252,147,31,66,0,0,0,0,0,0,0,0,-32304,0,0,0,0,0,218702,0
217263,-1970,7958,-1414,373,-4429,291,-217008,5,0,-1018,-344,36252,147,31,66,0,0,0,0,0,0,0,0,-32304,0,0,0,0,0,218707,0
217268,-1900,7986,-1394,379,-4602,315,-217008,5,4,-1020,-336,36254,151,31,66,0,0,0,0,0,0,0,0,-32304,0,0,0,0,0,218712,0
217273,-1746,8022,-1362,381,-4684,323,-217009,-2,-2,-1022,-336,36254,151,31,66,0,0,0,0,0,0,0,0,-32304,0,0,0,0,0,218718,0
217278,-1704,8006,-1358,373,-4764,335,-217009,0,-2,-1024,-320,36255,153,31,66,0,0,0,0,0,0,0,0,-32304,0,0,0,0,0,218724,0
217283,-1662,8022,-1350,368,-4831,345,-217009,-2,-1,-1019,-336,36255,153,31,66,0,0,0,0,0,0,0,0,-32304,0,0,0,0,0,218729,0
217288,-1466,8000,-1350,364,-4964,358,-217008,5,3,-1016,-344,36264,137,31,66,0,0,0,0,0,0,0,0,-32304,0,0,0,0,0,218734,0
217293,-1414,8068,-1302,363,-5020,373,-217011,-10,0,-1020,-336,36264,137,31,66,0,0,0,0,0,0,0,0,-32304,0,0,0,0,0,218740,0
217298,-1348,8078,-1206,354,-5073,385,-217009,-1,3,-1016,-320,36265,128,31,66,0,0,0,0,0,0,0,0,-32304,0,0,0,0,0,218745,0
217303,-1244,8052,-1180,339,-5117,386,-217009,0,-4,-1023,-336,36265,128,31,66,0,0,0,0,0,0,0,0,-32304,0,0,0,0,0,218751,0
217308,-1088,8108,-1142,326,-5200,413,-217009,-5,0,-1024,-328,36265,134,31,66,0,0,0,0,0,0,0,0,-32304,0,0,0,0,0,218756,0
217313,-1056,8066,-1120,317,-5235,415,-217010,-3,-2,-1023,-336,36265,134,31,66,0,0,0,0,0,0,0,0,-32304,0,0,0,0,0,218762,0
217318,-912,8092,-986,304,-5265,424,-217008,1,1,-1020,-336,36255,144,31,66,0,0,0,0,0,0,0,0,-32304,0,0,0,0,0,218767,0
217323,-814,8136,-1012,295,-5280,430,-217010,-1,2,-1023,-336,36255,144,31,66,0,0,0,0,0,0,0,0,-32304,0,0,0,0,0,218772,0
217328,-698,8106,-786,256,-5310,444,-217009,-2,-1,-1017,-328,36254,139,31,66,0,0,0,0,0,0,0,0,-32303,0,0,0,0,0,218778,0
217333,-588,8220,-652,237,-5316,450,-217010,-1,-2,-1016,-336,36254,139,31,66,0,0,0,0,0,0,0,0,-32303,0,0,0,0,0,218783,0
217338,-520,8160,-752,225,-5310,453,-217009,-8,1,-1022,-328,36254,141,31,66,0,0,0,0,0,0,0,0,-32304,0,0,0,0,0,218789,0
217343,-400,8224,-618,205,-5308,460,-217008,0,-1,-1017,-344,36254,141,31,66,0,0,0,0,0,0,0,0,-32304,0,0,0,0,0,218794,0
217348,-228,8322,-416,154,-5293,466,-217009,-1,4,-1021,-344,36255,139,31,66,0,0,0,0,0,0,0,0,-32304,0,0,0,0,0,218799,0
217353,-236,8346,-188,117,-5284,469,-217010,0,3,-1026,-320,36255,139,31,66,0,0,0,0,0,0,0,0,-32304,0,0,0,0,0,218805,0
217358,-300,8404,24,90,-5288,476,-217010,-4,-3,-1021,-320,36255,143,31,66,0,0,0,0,0,0,0,0,-32304,0,0,0,0,0,218810,0
217363,-264,8564,452,29,-5292,476,-217008,0,3,-1019,-336,36255,143,31,66,0,0,0,0,0,0,0,0,-32304,0,0,0,0,0,218816,0
217368,-240,8628,1220,-101,-5337,491,-217010,-3,2,-1021,-336,36254,155,31,66,0,0,0,0,0,0,0,0,-32304,0,0,0,0,0,218821,0
217373,-112,8704,1740,-203,-5365,501,-217009,-1,2,-1017,-336,36254,155,31,66,0,0,0,0,0,0,0,0,-32304,0,0,0,0,0,218827,0
217378,-56,8774,2308,-307,-5400,511,-217009,0,-4,-1019,-328,36256,155,31,66,0,0,0,0,0,0,0,0,-32304,0,0,0,0,0,218832,0
217383,-82,8760,2814,-431,-5434,512,-217009,-1,2,-1019,-336,36256,155,31,66,0,0,0,0,0,0,0,0,-32304,0,0,0,0,0,218838,0
217388,-220,8780,3616,-684,-5484,517,-217009,0,1,-1018,-336,36255,149,31,66,0,0,0,0,0,0,0,0,-32304,0,0,0,0,0,218843,0
217393,-436,8314,3342,-785,-5525,517,-217009,2,2,-1023,-328,36255,149,31,66,0,0,0,0,0,0,0,0,-32304,0,0,0,0,0,218849,0
217398,-560,7768,2224,-837,-5587,512,-217008,4,1,-1019,-336,36257,154,31,66,0,0,0,0,0,0,0,0,-32304,0,0,0,0,0,218854,0
217403,-698,7426,640,-833,-5634,500,-217010,0,0,-1022,-328,36257,154,31,66,0,0,0,0,0,0,0,0,-32304,0,0,0,0,0,218859,0
217408,-814,7498,-1116,-775,-5706,482,-217009,4,1,-1018,-344,36258,148,31,66,0,0,0,0,0,0,0,0,-32304,0,0,0,0,0,218865,0
217413,-802,7710,-918,-754,-5759,467,-217009,4,1,-1021,-328,36258,148,31,66,0,0,0,0,0,0,0,0,-32304,0,0,0,0,0,218870,0
217418,-686,7896,-408,-735,-5834,456,-217009,2,2,-1018,-344,36256,148,31,66,0,0,0,0,0,0,0,0,-32304,0,0,0,0,0,218876,0
217423,-564,7950,150,-729,-5912,445,-217010,0,0,-1014,-336,36256,148,31,66,0,0,0,0,0,0,0,0,-32304,0,0,0,0,0,218881,0
217428,-250,7942,720,-727,-6059,423,-217010,0,-2,-1017,-328,36255,144,31,66,0,0,0,0,0,0,0,0,-32305,0,0,0,0,0,218887,0
217433,-170,7878,626,-734,-6123,401,-216998,67,12,-506,72,36255,144,31,66,0,0,0,0,0,0,0,0,-32304,0,0,0,0,0,218892,0
217438,-134,7794,428,-730,-6189,394,-216952,213,108,34,128,36257,134,31,66,0,0,0,0,0,0,0,0,-32304,0,0,0,0,0,218897,0
217443,34,7796,230,-721,-6254,372,-216890,276,211,38,152,36257,134,31,66,0,0,0,0,0,0,0,0,-32304,0,0,0,0,0,218903,0
217448,-44,7894,134,-699,-6369,345,-216819,308,278,40,152,36259,138,31,66,0,0,0,0,0,0,0,0,-32304,0,0,0,0,0,218908,0
217453,-140,7954,186,-678,-6427,334,-216750,298,252,26,112,36259,138,31,66,0,0,0,0,0,0,0,0,-32304,0,0,0,0,0,218914,0
217458,-160,8046,294,-671,-6493,316,-216688,266,137,4,104,36258,140,31,66,0,0,0,0,0,0,0,0,-32304,0,0,0,0,0,218919,0
217463,-200,8058,514,-666,-6576,296,-216630,249,16,2,80,36258,140,31,66,0,0,0,0,0,0,0,0,-32304,0,0,0,0,0,218924,0
217468,-212,7988,586,-659,-6741,265,-216581,212,-52,6,64,36258,129,31,66,0,0,0,0,0,0,0,0,-32304,0,0,0,0,0,218930,0
217473,-44,7948,600,-644,-6820,243,-216540,179,-95,0,72,36258,129,31,66,0,0,0,0,0,0,0,0,-32303,0,0,0,0,0,218935,0
217478,-74,7954,614,-642,-6902,223,-216506,135,-107,4,32,36258,136,31,66,0,0,0,0,0,0,0,0,-32304,0,0,0,0,0,218941,0
217483,-46,7872,588,-640,-6987,204,-216483,103,-123,4,48,36258,136,31,66,0,0,0,0,0,0,0,0,-32304,0,0,0,0,0,218946,0
217488,-48,7996,472,-620,-7157,170,-216468,59,-131,18,16,36259,129,31,66,0,0,0,0,0,0,0,0,-32304,0,0,0,0,0,218952,0
217493,-92,8006,452,-609,-7235,145,-216467,-4,-141,24,-16,36259,129,31,66,0,0,0,0,0,0,0,0,-32304,0,0,0,0,0,218957,0
217498,-140,8126,478,-599,-7324,128,-216470,-13,-151,14,-8,36257,132,31,66,0,0,0,0,0,0,0,0,-32304,0,0,0,0,0,218963,0
217503,-196,8228,540,-591,-7409,107,-216469,9,-117,13,8,36257,132,31,66,0,0,0,0,0,0,0,0,-32304,0,0,0,0,0,218968,0
217508,-116,8696,358,-553,-7512,86,-216472,-3,-73,17,8,36262,145,31,66,0,0,0,0,0,0,0,0,-32304,0,0,0,0,0,218973,0
217513,-50,8632,482,-534,-7552,62,-216471,-1,-26,16,8,36262,145,31,66,0,0,0,0,0,0,0,0,-32303,0,0,0,0,0,218979,0
217518,-34,8656,476,-525,-7591,57,-216471,0,6,15,0,36266,145,31,66,0,0,0,0,0,0,0,0,-32304,0,0,0,0,0,218985,0
217523,4,8610,548,-513,-7638,44,-216470,3,7,15,0,36266,145,31,66,0,0,0,0,0,0,0,0,-32304,0,0,0,0,0,218990,0
217528,-32,8656,632,-492,-7737,14,-216470,7,1,17,-8,36267,146,31,66,0,0,0,0,0,0,0,0,-32304,0,0,0,0,0,218995,0
217533,-80,8646,620,-484,-7792,-3,-216471,4,3,20,0,36267,146,31,66,0,0,0,0,0,0,0,0,-32304,0,0,0,0,0,219001,0
217538,-64,8618,618,-475,-7837,-12,-216471,-3,2,19,0,36260,136,31,66,0,0,0,0,0,0,0,0,-32304,0,0,0,0,0,219006,0
217543,-42,8502,604,-460,-7887,-20,-216471,0,2,17,8,36260,136,31,66,0,0,0,0,0,0,0,0,-32304,0,0,0,0,0,219012,0
217548,12,8270,662,-445,-7982,-41,-216472,-2,1,16,0,36257,124,31,66,0,0,0,0,0,0,0,0,-32304,0,0,0,0,0,219017,0
217553,164,8152,732,-425,-8024,-61,-216469,2,-2,15,8,36257,124,31,66,0,0,0,0,0,0,0,0,-32304,0,0,0,0,0,219023,0
217558,342,8104,808,-402,-8067,-83,-216470,4,-3,15,8,36254,126,31,66,0,0,0,0,0,0,0,0,-32305,0,0,0,0,0,219028,0
217563,480,8040,864,-397,-8101,-84,-216468,3,2,13,0,36254,126,31,66,0,0,0,0,0,0,0,0,-32304,0,0,0,0,0,219033,0
217568,428,8062,1010,-370,-8161,-113,-216467,2,1,15,8,36254,132,31,66,0,0,0,0,0,0,0,0,-32304,0,0,0,0,0,219039,0
217573,234,7996,1032,-343,-8170,-112,-216464,13,5,14,8,36254,132,31,66,0,0,0,0,0,0,0,0,-32304,0,0,0,0,0,219044,0
217578,-32,8012,1062,-317,-8201,-104,-216454,42,20,12,32,36254,132,31,66,0,0,0,0,0,0,0,0,-32304,0,0,0,0,0,219050,0
217583,-384,7972,1122,-288,-8215,-91,-216431,117,54,4,72,36254,132,31,66,0,0,0,0,0,0,0,0,-32304,0,0,0,0,0,219055,0
217588,-700,7928,1224,-248,-8268,-66,-216370,274,152,10,208,36254,134,31,66,0,0,0,0,0,0,0,0,-32305,0,0,0,0,0,219061,0
217593,-446,7954,1252,-223,-8292,-66,-216277,429,281,33,360,36254,134,31,66,0,0,0,0,0,0,0,0,-32304,0,0,0,0,0,219066,0
217598,-366,7790,1294,-196,-8309,-80,-216142,609,422,28,768,36255,136,31,66,0,0,0,0,0,0,0,0,-32304,0,0,0,0,0,219072,0
217603,4,7800,1388,-170,-8307,-87,-215970,782,530,24,1088,36255,136,31,66,0,0,0,0,0,0,0,0,-32304,0,0,0,0,0,219077,0
217608,1148,7866,1548,-110,-8285,-106,-215766,907,571,4,1288,36261,127,31,66,0,0,0,0,0,0,0,0,-32304,0,0,0,0,0,219083,0
217613,1274,7744,1668,-65,-8240,-126,-215537,1020,545,-3,1440,36261,127,31,66,0,0,0,0,0,0,0,0,-32304,0,0,0,0,0,219088,0
217618,1190,7610,1436,-49,-8209,-138,-215287,1103,477,-16,1584,36262,128,31,66,0,0,0,0,0,0,0,0,-32304,0,0,0,0,0,219093,0
217623,1116,7636,1624,-8,-8173,-142,-215020,1187,402,-44,1752,36262,128,31,66,0,0,0,0,0,0,0,0,-32304,0,0,0,0,0,219099,0
217628,1018,7610,1590,59,-8112,-167,-214736,1257,331,-51,1864,36263,125,31,66,0,0,0,0,0,0,0,0,-32304,0,0,0,0,0,219104,0
217633,924,7630,1648,99,-8089,-181,-214432,1341,296,-58,2032,36263,125,31,66,0,0,0,0,0,0,0,0,-32304,0,0,0,0,0,219110,0
217638,754,7788,1628,128,-8067,-189,-214110,1429,278,-78,2216,36258,129,31,66,0,0,0,0,0,0,0,0,-32304,0,0,0,0,0,219115,0
217643,766,8008,1616,160,-8040,-192,-213765,1527,290,-80,2408,36258,129,31,66,0,0,0,0,0,0,0,0,-32304,0,0,0,0,0,219121,0
217648,846,8198,1422,230,-7979,-228,-213401,1608,296,-94,2568,36259,136,31,66,0,0,0,0,0,0,0,0,-32304,0,0,0,0,0,219126,0
217653,862,8428,1548,247,-7938,-240,-213015,1705,313,-98,2720,36259,136,31,66,0,0,0,0,0,0,0,0,-32304,0,0,0,0,0,219131,0
217658,914,8496,1548,279,-7893,-256,-212613,1776,315,-103,2848,36260,132,31,66,0,0,0,0,0,0,0,0,-32304,0,0,0,0,0,219137,0
217663,864,8522,1472,312,-7836,-265,-212192,1849,303,-115,2944,36260,132,31,66,0,0,0,0,0,0,0,0,-32304,0,0,0,0,0,219143,0
217668,1016,8450,1498,367,-7698,-292,-211761,1905,274,-134,3040,36261,138,31,66,0,0,0,0,0,0,0,0,-32304,0,0,0,0,0,219148,0
217673,1054,8448,1384,392,-7621,-296,-211317,1961,248,-149,3144,36261,138,31,66,0,0,0,0,0,0,0,0,-32304,0,0,0,0,0,219153,0
217678,1030,8290,1414,421,-7533,-307,-210860,2010,210,-161,3216,36261,138,31,66,0,0,0,0,0,0,0,0,-32304,0,0,0,0,0,219159,0
217683,1064,8198,1298,449,-7444,-316,-210394,2057,196,-165,3320,36261,138,31,66,0,0,0,0,0,0,0,0,-32305,0,0,0,0,0,219164,0
217688,1270,8046,1164,501,-7241,-325,-209915,2110,180,-176,3368,36263,134,31,66,0,0,0,0,0,0,0,0,-32304,0,0,0,0,0,219170,0
217693,1386,7960,1018,520,-7128,-338,-209427,2155,168,-183,3416,36263,134,31,66,0,0,0,0,0,0,0,0,-32304,0,0,0,0,0,219175,0
217698,1522,7928,936,534,-7008,-354,-208932,2191,167,-189,3440,36264,131,31,66,0,0,0,0,0,0,0,0,-32304,0,0,0,0,0,219181,0
217703,1536,7864,868,555,-6882,-355,-208433,2199,141,-202,3400,36264,131,31,66,0,0,0,0,0,0,0,0,-32304,0,0,0,0,0,219186,0
217708,1866,7912,756,578,-6602,-374,-207935,2192,104,-219,3360,36265,128,31,66,0,0,0,0,0,0,0,0,-32304,0,0,0,0,0,219192,0
217713,1858,7900,654,587,-6456,-380,-207439,2176,55,-229,3264,36265,128,31,66,0,0,0,0,0,0,0,0,-32304,0,0,0,0,0,219197,0
217718,1808,7972,590,601,-6309,-381,-206948,2154,3,-243,3208,36270,121,31,66,0,0,0,0,0,0,0,0,-32304,0,0,0,0,0,219202,0
217723,1856,8014,528,601,-6150,-393,-206464,2137,-38,-260,3168,36270,121,31,66,0,0,0,0,0,0,0,0,-32304,0,0,0,0,0,219208,0
217728,1688,8156,410,619,-5842,-400,-205984,2107,-65,-262,3072,36271,114,31,66,0,0,0,0,0,0,0,0,-32304,0,0,0,0,0,219213,0
217733,1642,8238,310,607,-5690,-399,-205507,2097,-73,-279,3056,36271,114,31,66,0,0,0,0,0,0,0,0,-32304,0,0,0,0,0,219219,0
217738,1656,8338,190,615,-5527,-403,-205033,2088,-67,-276,2992,36273,111,31,66,0,0,0,0,0,0,0,0,-32305,0,0,0,0,0,219224,0
217743,1542,8418,210,613,-5369,-400,-204561,2077,-50,-278,2920,36273,111,31,66,0,0,0,0,0,0,0,0,-32304,0,0,0,0,0,219229,0
217748,1468,8522,50,609,-5057,-402,-204093,2056,-47,-295,2864,36268,111,31,66,0,0,0,0,0,0,0,0,-32304,0,0,0,0,0,219235,0
217753,1464,8574,-18,603,-4900,-403,-203632,2023,-49,-304,2776,36268,111,31,66,0,0,0,0,0,0,0,0,-32304,0,0,0,0,0,219240,0
217758,1258,8548,-66,597,-4743,-393,-203182,1977,-72,-321,2656,36270,117,31,66,0,0,0,0,0,0,0,0,-32303,0,0,0,0,0,219246,0
217763,1250,8576,-244,596,-4592,-380,-202743,1923,-106,-318,2520,36270,117,31,66,0,0,0,0,0,0,0,0,-32304,0,0,0,0,0,219251,0
217768,1036,8584,-320,571,-4301,-359,-202319,1859,-149,-333,2384,36273,113,31,66,0,0,0,0,0,0,0,0,-32304,0,0,0,0,0,219256,0
217773,1014,8500,-380,560,-4149,-341,-201909,1796,-180,-331,2216,36273,113,31,66,0,0,0,0,0,0,0,0,-32304,0,0,0,0,0,219262,0
217778,806,8718,-298,541,-4018,-322,-201515,1731,-205,-337,2040,36273,112,31,66,0,0,0,0,0,0,0,0,-32304,0,0,0,0,0,219268,0
217783,774,8624,-340,531,-3894,-286,-201138,1654,-223,-337,1856,36273,112,31,66,0,0,0,0,0,0,0,0,-32304,0,0,0,0,0,219273,0
217788,862,8904,-88,482,-3664,-147,-200851,1581,-244,-345,1640,36273,107,31,66,0,0,0,0,0,0,0,0,-32304,0,0,0,0,0,219278,0
217793,892,9334,34,464,-3568,-61,-200511,1487,-268,-345,1400,36273,107,31,66,0,0,0,0,0,0,0,0,-32304,0,0,0,0,0,219284,0
217798,826,9614,-2,452,-3469,-42,-200201,1354,-312,-357,1112,36272,104,31,66,0,0,0,0,0,0,0,0,-32304,0,0,0,0,0,219289,0
217803,854,9854,34,422,-3392,-14,-199920,1224,-363,-364,832,36272,104,31,66,0,0,0,0,0,0,0,0,-32304,0,0,0,0,0,219295,0
217808,514,10186,36,378,-3222,48,-199670,1087,-416,-363,544,36270,110,31,66,0,0,0,0,0,0,0,0,-32304,0,0,0,0,0,219300,0
217813,394,10110,34,353,-3141,82,-199451,945,-455,-390,352,36270,110,31,66,0,0,0,0,0,0,0,0,-32304,0,0,0,0,0,219306,0
217818,212,10198,176,326,-3067,135,-199270,793,-483,-421,208,36273,116,31,66,0,0,0,0,0,0,0,0,-32304,0,0,0,0,0,219311,0
217823,120,10006,250,307,-2986,196,-199119,643,-504,-448,96,36273,116,31,66,0,0,0,0,0,0,0,0,-32304,0,0,0,0,0,219317,0
217828,4,9650,412,256,-2819,344,-199004,490,-510,-468,32,36269,111,31,66,0,0,0,0,0,0,0,0,-32304,0,0,0,0,0,219322,0
217833,-62,9448,484,242,-2737,412,-198928,313,-536,-481,-8,36269,111,31,66,0,0,0,0,0,0,0,0,-32304,0,0,0,0,0,219327,0
217838,-38,9204,534,224,-2657,485,-198882,188,-530,-404,-64,36267,111,31,66,0,0,0,0,0,0,0,0,-32304,0,0,0,0,0,219333,0
217843,-16,9030,582,203,-2578,547,-198869,48,-532,-360,-80,36267,111,31,66,0,0,0,0,0,0,0,0,-32304,0,0,0,0,0,219338,0
217848,128,8600,562,163,-2450,614,-198871,-15,-471,-323,-104,36263,127,31,66,0,0,0,0,0,0,0,0,-32304,0,0,0,0,0,219344,0
217853,154,8304,556,140,-2385,616,-198879,-31,-366,-321,-112,36263,127,31,66,0,0,0,0,0,0,0,0,-32304,0,0,0,0,0,219349,0
217858,208,8012,548,114,-2338,617,-198892,-57,-245,-314,-144,36263,128,31,66,0,0,0,0,0,0,0,0,-32304,0,0,0,0,0,219354,0
217863,296,7680,510,96,-2290,591,-198914,-103,-154,-308,-176,36263,128,31,66,0,0,0,0,0,0,0,0,-32304,0,0,0,0,0,219360,0
217868,336,6968,494,61,-2211,511,-198943,-128,-108,-312,-176,36259,141,31,66,0,0,0,0,0,0,0,0,-32304,0,0,0,0,0,219366,0
217873,388,6698,464,47,-2176,459,-198978,-154,-99,-311,-216,36259,141,31,66,0,0,0,0,0,0,0,0,-32304,0,0,0,0,0,219371,0
217878,294,6318,448,38,-2151,391,-199021,-193,-111,-308,-272,36259,137,31,66,0,0,0,0,0,0,0,0,-32304,0,0,0,0,0,219376,0
217883,272,5986,454,30,-2125,340,-199078,-253,-125,-306,-336,36259,137,31,66,0,0,0,0,0,0,0,0,-32304,0,0,0,0,0,219382,0
217888,208,5488,462,24,-2109,211,-199143,-293,-135,-313,-416,36257,146,31,66,0,0,0,0,0,0,0,0,-32304,0,0,0,0,0,219388,0
217893,128,5248,440,26,-2108,154,-199222,-346,-159,-306,-472,36257,146,31,66,0,0,0,0,0,0,0,0,-32304,0,0,0,0,0,219393,0
217898,56,5078,438,37,-2122,106,-199308,-380,-162,-311,-520,36257,145,31,66,0,0,0,0,0,0,0,0,-32304,0,0,0,0,0,219398,0
217903,-2,4888,458,38,-2136,51,-199400,-414,-149,-301,-560,36257,145,31,66,0,0,0,0,0,0,0,0,-32304,0,0,0,0,0,219404,0
217908,-70,4670,420,51,-2187,-40,-199500,-441,-135,-294,-608,36255,139,31,66,0,0,0,0,0,0,0,0,-32304,0,0,0,0,0,219409,0
217913,-146,4554,410,52,-2214,-76,-199605,-468,-114,-293,-688,36255,139,31,66,0,0,0,0,0,0,0,0,-32304,0,0,0,0,0,219415,0
217918,-150,4474,430,62,-2253,-105,-199718,-498,-106,-290,-752,36255,137,31,66,0,0,0,0,0,0,0,0,-32304,0,0,0,0,0,219420,0
217923,-46,4482,428,58,-2297,-139,-199832,-507,-89,-275,-800,36255,137,31,66,0,0,0,0,0,0,0,0,-32304,0,0,0,0,0,219425,0
217928,82,4534,456,61,-2360,-216,-199949,-508,-71,-273,-816,36259,142,31,66,0,0,0,0,0,0,0,0,-32304,0,0,0,0,0,219431,0
217933,224,4730,452,57,-2392,-253,-200072,-539,-63,-285,-872,36259,142,31,66,0,0,0,0,0,0,0,0,-32304,0,0,0,0,0,219436,0
217938,256,4850,442,55,-2412,-305,-200198,-547,-50,-290,-872,36259,139,31,66,0,0,0,0,0,0,0,0,-32304,0,0,0,0,0,219442,0
217943,368,5058,426,46,-2427,-349,-200325,-552,-50,-291,-840,36259,139,31,66,0,0,0,0,0,0,0,0,-32304,0,0,0,0,0,219447,0
217948,536,5462,446,6,-2460,-445,-200452,-562,-37,-271,-880,36259,141,31,66,0,0,0,0,0,0,0,0,-32304,0,0,0,0,0,219452,0
217953,644,5620,418,-18,-2472,-491,-200578,-550,-14,-269,-848,36259,141,31,66,0,0,0,0,0,0,0,0,-32304,0,0,0,0,0,219458,0
217958,706,5814,438,-36,-2487,-529,-200702,-540,1,-275,-792,36254,147,31,66,0,0,0,0,0,0,0,0,-32304,0,0,0,0,0,219463,0
217963,698,5978,460,-68,-2490,-560,-200819,-515,31,-275,-688,36254,147,31,66,0,0,0,0,0,0,0,0,-32303,0,0,0,0,0,219469,0
217968,714,6362,498,-130,-2487,-583,-200928,-480,57,-284,-568,36255,143,31,66,0,0,0,0,0,0,0,0,-32303,0,0,0,0,0,219474,0
217973,764,6594,522,-153,-2466,-579,-201025,-424,100,-265,-456,36255,143,31,66,0,0,0,0,0,0,0,0,-32304,0,0,0,0,0,219479,0
217978,820,6868,514,-204,-2437,-565,-201108,-347,139,-274,-296,36255,144,31,66,0,0,0,0,0,0,0,0,-32304,0,0,0,0,0,219485,0
217983,886,7100,556,-241,-2402,-553,-201173,-280,181,-271,-232,36255,144,31,66,0,0,0,0,0,0,0,0,-32304,0,0,0,0,0,219490,0
217988,1028,7640,556,-320,-2332,-528,-201222,-211,225,-259,-144,36256,140,31,66,0,0,0,0,0,0,0,0,-32304,0,0,0,0,0,219496,0
217993,1122,7868,532,-372,-2296,-519,-201249,-101,261,-257,-120,36256,140,31,66,0,0,0,0,0,0,0,0,-32304,0,0,0,0,0,219501,0
217998,1230,8168,524,-411,-2251,-521,-201263,-62,260,-265,-96,36258,137,31,66,0,0,0,0,0,0,0,0,-32304,0,0,0,0,0,219506,0
218003,1184,8422,528,-456,-2207,-529,-201267,-21,252,-281,-80,36258,137,31,66,0,0,0,0,0,0,0,0,-32304,0,0,0,0,0,219512,0
218008,974,8722,470,-546,-2124,-513,-201267,4,198,-276,-80,36259,139,31,66,0,0,0,0,0,0,0,0,-32304,0,0,0,0,0,219517,0
218013,774,8826,414,-585,-2079,-486,-201266,3,129,-275,-80,36259,139,31,66,0,0,0,0,0,0,0,0,-32304,0,0,0,0,0,219523,0
218018,482,9440,420,-597,-2058,-404,-201268,-4,62,-276,-88,36263,133,31,66,0,0,0,0,0,0,0,0,-32304,0,0,0,0,0,219528,0
218023,620,11128,-1296,-505,-2090,-202,-201267,-1,25,-276,-72,36263,133,31,66,0,0,0,0,0,0,0,0,-32304,0,0,0,0,0,219534,0
218028,2778,12302,-4808,-251,-2151,182,-201267,-8,1,-277,-72,36270,132,31,66,0,0,0,0,0,0,0,0,-32304,0,0,0,0,0,219539,0
218033,2060,12500,-5512,-116,-2247,203,-201268,-6,-2,-277,-80,36270,132,31,66,0,0,0,0,0,0,0,0,-32304,0,0,0,0,0,219545,0
218038,2932,14036,-3688,-84,-2274,107,-201272,-16,-12,-280,-80,36268,135,31,66,0,0,0,0,0,0,0,0,-32304,0,0,0,0,0,219551,0
218043,2834,13264,-6122,271,-2151,52,-201272,-12,-7,-279,-80,36268,135,31,66,0,0,0,0,0,0,0,0,-32304,0,0,0,0,0,219557,0
218048,3088,13558,-2092,277,-1725,-32,-201271,5,2,-275,-80,36265,122,31,66,0,0,0,0,0,0,0,0,-32304,0,0,0,0,0,219562,0
218053,1886,12438,-568,264,-1532,-73,-201271,6,7,-277,-80,36265,122,31,66,0,0,0,0,0,0,0,0,-32304,0,0,0,0,0,219567,0
218058,772,11566,2014,182,-1399,-72,-201266,28,22,-276,-72,36257,121,31,66,0,0,0,0,0,0,0,0,-32304,0,0,0,0,0,219573,0
218063,-342,10090,2664,138,-1317,-48,-201259,37,35,-277,-64,36257,121,31,66,0,0,0,0,0,0,0,0,-32305,0,0,0,0,0,219578,0
218068,-1378,8896,1436,86,-1240,0,-201247,47,45,-281,-64,36259,125,31,66,0,0,0,0,0,0,0,0,-32304,0,0,0,0,0,219584,0
218073,-1032,8656,298,63,-1222,8,-201232,66,51,-282,-48,36259,125,31,66,0,0,0,0,0,0,0,0,-32304,0,0,0,0,0,219589,0
218078,-224,8378,-588,60,-1183,29,-201210,94,58,-282,-40,36259,124,31,66,0,0,0,0,0,0,0,0,-32304,0,0,0,0,0,219594,0
218083,622,8398,-692,73,-1130,32,-201197,51,32,-276,-72,36259,124,31,66,0,0,0,0,0,0,0,0,-32304,0,0,0,0,0,219600,0
218088,1702,8194,-578,104,-976,39,-201202,-22,-32,-274,-104,36257,131,31,66,0,0,0,0,0,0,0,0,-32304,0,0,0,0,0,219605,0
218093,2010,8082,-210,112,-892,22,-201213,-46,-98,-279,-104,36257,131,31,66,0,0,0,0,0,0,0,0,-32304,0,0,0,0,0,219611,0
218098,2208,8020,76,117,-819,1,-201219,-24,-116,-279,-80,36256,131,31,66,0,0,0,0,0,0,0,0,-32305,0,0,0,0,0,219616,0
218103,2338,8038,404,116,-772,-32,-201222,-7,-72,-280,-72,36256,131,31,66,0,0,0,0,0,0,0,0,-32304,0,0,0,0,0,219622,0
218108,2342,8098,762,107,-706,-82,-201222,0,4,-277,-72,36259,128,31,66,0,0,0,0,0,0,0,0,-32304,0,0,0,0,0,219627,0
218113,2292,8108,918,115,-678,-116,-201222,0,37,-278,-80,36259,128,31,66,0,0,0,0,0,0,0,0,-32305,0,0,0,0,0,219633,0
218118,2174,8210,924,109,-643,-157,-201222,3,32,-278,-80,36273,133,31,66,0,0,0,0,0,0,0,0,-32304,0,0,0,0,0,219638,0
218123,1928,8210,862,123,-611,-189,-201223,-8,7,-277,-80,36273,133,31,66,0,0,0,0,0,0,0,0,-32304,0,0,0,0,0,219643,0
218128,1306,8236,760,152,-584,-225,-201224,-1,2,-276,-72,36282,130,31,66,0,0,0,0,0,0,0,0,-32305,0,0,0,0,0,219649,0
218133,994,8204,750,171,-573,-228,-201226,-9,-8,-280,-80,36282,130,31,66,0,0,0,0,0,0,0,0,-32304,0,0,0,0,0,219654,0
218138,678,8178,756,188,-581,-223,-201226,-3,0,-281,-72,36292,128,31,66,0,0,0,0,0,0,0,0,-32304,0,0,0,0,0,219660,0
218143,372,8172,732,201,-592,-235,-201226,2,5,-280,-72,36292,128,31,66,0,0,0,0,0,0,0,0,-32304,0,0,0,0,0,219665,0
218148,-406,8046,614,253,-639,-306,-201225,4,5,-278,-80,36282,138,31,66,0,0,0,0,0,0,0,0,-32304,0,0,0,0,0,219671,0
218153,-506,8484,594,272,-683,-308,-201225,4,4,-277,-72,36282,138,31,66,0,0,0,0,0,0,0,0,-32304,0,0,0,0,0,219676,0
218158,-728,8534,572,303,-724,-367,-201226,0,2,-277,-72,36272,142,31,66,0,0,0,0,0,0,0,0,-32304,0,0,0,0,0,219682,0
218163,-706,8660,620,321,-768,-361,-201226,0,2,-277,-72,36272,142,31,66,0,0,0,0,0,0,0,0,-32304,0,0,0,0,0,219687,0
218168,-796,8680,668,345,-878,-372,-201226,-5,1,-277,-80,36257,142,31,66,0,0,0,0,0,0,0,0,-32304,0,0,0,0,0,219692,0
218173,-560,8564,758,358,-913,-353,-201226,0,-1,-278,-72,36257,142,31,66,0,0,0,0,0,0,0,0,-32304,0,0,0,0,0,219698,0
218178,-542,8504,800,362,-946,-345,-201225,2,3,-279,-72,36259,141,31,66,0,0,0,0,0,0,0,0,-32304,0,0,0,0,0,219703,0
218183,-468,8316,854,356,-987,-313,-201225,3,0,-281,-72,36259,141,31,66,0,0,0,0,0,0,0,0,-32304,0,0,0,0,0,219709,0
218188,-198,7822,886,330,-1040,-260,-201223,4,6,-281,-72,36259,133,31,66,0,0,0,0,0,0,0,0,-32305,0,0,0,0,0,219714,0
218193,-34,7616,958,316,-1055,-235,-201224,0,0,-280,-80,36259,133,31,66,0,0,0,0,0,0,0,0,-32304,0,0,0,0,0,219719,0
218198,158,7502,986,287,-1068,-219,-201224,-3,-2,-277,-72,36258,128,31,66,0,0,0,0,0,0,0,0,-32305,0,0,0,0,0,219725,0
218203,368,7384,1030,266,-1073,-220,-201224,0,-3,-278,-80,36258,128,31,66,0,0,0,0,0,0,0,0,-32304,0,0,0,0,0,219730,0
218208,478,7154,998,198,-1055,-241,-201223,3,-3,-277,-72,36258,132,31,66,0,0,0,0,0,0,0,0,-32304,0,0,0,0,0,219736,0
218213,500,7070,988,160,-1060,-250,-201225,0,-2,-278,-80,36258,132,31,66,0,0,0,0,0,0,0,0,-32304,0,0,0,0,0,219741,0
218218,500,6958,952,122,-1061,-271,-201223,-4,2,-278,-88,36259,130,31,66,0,0,0,0,0,0,0,0,-32304,0,0,0,0,0,219746,0
218223,436,6856,952,86,-1069,-295,-201224,0,3,-279,-72,36259,130,31,66,0,0,0,0,0,0,0,0,-32305,0,0,0,0,0,219752,0
218228,410,6780,922,6,-1083,-318,-201224,-5,-1,-279,-72,36259,139,31,66,0,0,0,0,0,0,0,0,-32304,0,0,0,0,0,219757,0
218233,368,6688,874,-32,-1085,-329,-201224,-1,-1,-279,-80,36259,139,31,66,0,0,0,0,0,0,0,0,-32304,0,0,0,0,0,219763,0
218238,418,6640,864,-68,-1094,-334,-201223,2,-1,-280,-64,36260,139,31,66,0,0,0,0,0,0,0,0,-32305,0,0,0,0,0,219768,0
218243,460,6626,822,-103,-1095,-343,-201223,3,2,-279,-80,36260,139,31,66,0,0,0,0,0,0,0,0,-32305,0,0,0,0,0,219774,0
218248,506,6658,756,-171,-1106,-359,-201224,0,-3,-277,-72,36261,140,31,66,0,0,0,0,0,0,0,0,-32305,0,0,0,0,0,219779,0
218253,536,6680,694,-200,-1109,-372,-201223,0,-1,-277,-80,36261,140,31,66,0,0,0,0,0,0,0,0,-32305,0,0,0,0,0,219788,0
218258,482,6690,638,-224,-1113,-375,-201223,0,2,-276,-72,36261,147,31,66,0,0,0,0,0,0,0,0,-32304,0,0,0,0,0,219791,0
218263,430,6726,586,-240,-1114,-381,-201223,7,-2,-278,-72,36261,147,31,66,0,0,0,0,0,0,0,0,-32304,0,0,0,0,0,219796,0
218268,400,6816,498,-274,-1140,-388,-201224,0,-2,-277,-72,36255,140,31,66,0,0,0,0,0,0,0,0,-32305,0,0,0,0,0,219802,0
218273,348,6884,436,-282,-1147,-396,-201223,6,5,-276,-72,36255,140,31,66,0,0,0,0,0,0,0,0,-32305,0,0,0,0,0,219807,0
218278,314,6902,386,-292,-1171,-405,-201223,-1,2,-278,-80,36254,124,31,66,0,0,0,0,0,0,0,0,-32304,0,0,0,0,0,219813,0
218283,248,6916,378,-298,-1190,-404,-201223,5,6,-280,-72,36254,124,31,66,0,0,0,0,0,0,0,0,-32304,0,0,0,0,0,219819,0
218288,158,6932,286,-294,-1234,-425,-201224,1,-4,-280,-80,36254,126,31,66,0,0,0,0,0,0,0,0,-32304,0,0,0,0,0,219824,0
218293,120,6894,252,-293,-1257,-434,-201223,-2,3,-281,-72,36254,126,31,66,0,0,0,0,0,0,0,0,-32305,0,0,0,0,0,219829,0
218298,114,6910,218,-281,-1288,-447,-201224,-5,-1,-278,-72,36257,121,31,66,0,0,0,0,0,0,0,0,-32304,0,0,0,0,0,219835,0
218303,142,6942,180,-282,-1316,-460,-201223,5,4,-278,-80,36257,121,31,66,0,0,0,0,0,0,0,0,-32304,0,0,0,0,0,219840,0
218308,96,7042,112,-270,-1367,-481,-201225,-4,-3,-278,-72,36256,127,31,66,0,0,0,0,0,0,0,0,-32304,0,0,0,0,0,219846,0
218313,114,7124,56,-264,-1389,-494,-201224,-4,-1,-277,-72,36256,127,31,66,0,0,0,0,0,0,0,0,-32304,0,0,0,0,0,219851,0
218318,24,7560,24,-226,-1442,-471,-201224,1,-1,-277,-72,36256,129,31,66,0,0,0,0,0,0,0,0,-32304,0,0,0,0,0,219856,0
218323,554,8616,-752,-168,-1519,-345,-201223,2,4,-276,-72,36256,129,31,66,0,0,0,0,0,0,0,0,-32305,0,0,0,0,0,219862,0
218328,1532,9388,-2272,1,-1699,-124,-201224,-6,0,-278,-64,36257,137,31,66,0,0,0,0,0,0,0,0,-32304,0,0,0,0,0,219867,0
218333,1960,9760,-2664,103,-1783,5,-201224,4,0,-279,-72,36257,137,31,66,0,0,0,0,0,0,0,0,-32304,0,0,0,0,0,219873,0
218338,2278,10156,-3084,220,-1841,55,-201225,-3,-1,-280,-72,36259,141,31,66,0,0,0,0,0,0,0,0,-32304,0,0,0,0,0,219878,0
218343,2220,10414,-2954,299,-1847,-28,-201226,-1,-5,-278,-72,36259,141,31,66,0,0,0,0,0,0,0,0,-32304,0,0,0,0,0,219884,0
218348,2522,10844,-494,315,-1753,-222,-201226,0,-1,-277,-72,36259,144,31,66,0,0,0,0,0,0,0,0,-32304,0,0,0,0,0,219889,0
218353,2016,10862,888,285,-1731,-241,-201225,4,1,-275,-72,36259,144,31,66,0,0,0,0,0,0,0,0,-32304,0,0,0,0,0,219894,0
218358,1516,10610,2036,217,-1725,-308,-201226,-6,3,-275,-72,36261,131,31,66,0,0,0,0,0,0,0,0,-32304,0,0,0,0,0,219900,0
218363,1260,9878,2128,191,-1757,-377,-201226,-4,2,-276,-72,36261,131,31,66,0,0,0,0,0,0,0,0,-32304,0,0,0,0,0,219905,0
218368,506,9096,834,159,-1833,-382,-201225,-1,-2,-278,-80,36262,132,31,66,0,0,0,0,0,0,0,0,-32304,0,0,0,0,0,219911,0
218373,104,8728,18,168,-1860,-382,-201220,16,4,-278,-64,36262,132,31,66,0,0,0,0,0,0,0,0,-32304,0,0,0,0,0,219916,0
218378,-300,8210,-464,170,-1871,-383,-201213,37,23,-278,-64,36262,131,31,66,0,0,0,0,0,0,0,0,-32304,0,0,0,0,0,219921,0
218383,-604,8080,-576,176,-1876,-367,-201203,40,35,-281,-64,36262,131,31,66,0,0,0,0,0,0,0,0,-32304,0,0,0,0,0,219927,0
218388,-778,7670,-240,197,-1886,-325,-201196,19,29,-281,-72,36260,131,31,66,0,0,0,0,0,0,0,0,-32304,0,0,0,0,0,219932,0
218393,-494,7700,84,202,-1889,-323,-201197,-3,2,-282,-80,36260,131,31,66,0,0,0,0,0,0,0,0,-32304,0,0,0,0,0,219938,0
218398,-24,7844,418,187,-1902,-327,-201196,6,-20,-280,-72,36259,139,31,66,0,0,0,0,0,0,0,0,-32304,0,0,0,0,0,219943,0
218403,592,8002,602,188,-1917,-332,-201196,0,-39,-277,-80,36259,139,31,66,0,0,0,0,0,0,0,0,-32304,0,0,0,0,0,219949,0
218408,1380,8220,624,182,-1912,-371,-201197,0,-31,-277,-72,36259,129,31,66,0,0,0,0,0,0,0,0,-32304,0,0,0,0,0,219954,0
218413,1478,8294,514,187,-1914,-393,-201198,0,-10,-277,-72,36259,129,31,66,0,0,0,0,0,0,0,0,-32304,0,0,0,0,0,219959,0
218418,1428,8256,398,198,-1917,-412,-201198,2,-1,-277,-72,36261,130,31,66,0,0,0,0,0,0,0,0,-32304,0,0,0,0,0,219965,0
218423,1136,8200,372,211,-1912,-424,-201197,1,-2,-278,-72,36261,130,31,66,0,0,0,0,0,0,0,0,-32304,0,0,0,0,0,219970,0
218428,334,7960,428,226,-1935,-440,-201199,-6,1,-277,-72,36259,134,31,66,0,0,0,0,0,0,0,0,-32305,0,0,0,0,0,219976,0
218433,-8,7856,510,236,-1955,-441,-201197,1,4,-281,-72,36259,134,31,66,0,0,0,0,0,0,0,0,-32305,0,0,0,0,0,219981,0
218438,-220,7780,606,242,-1977,-440,-201197,8,-1,-281,-72,36259,132,31,66,0,0,0,0,0,0,0,0,-32304,0,0,0,0,0,219987,0
218443,-356,7752,722,250,-2006,-430,-201196,0,6,-278,-72,36259,132,31,66,0,0,0,0,0,0,0,0,-32304,0,0,0,0,0,219992,0
218448,-418,7840,764,269,-2070,-414,-201195,6,1,-278,-72,36265,131,31,66,0,0,0,0,0,0,0,0,-32305,0,0,0,0,0,219998,0
218453,-390,7956,716,272,-2093,-399,-201195,6,10,-278,-80,36265,131,31,66,0,0,0,0,0,0,0,0,-32304,0,0,0,0,0,220003,0
218458,-326,8020,658,285,-2119,-395,-201194,1,1,-278,-64,36267,138,31,66,0,0,0,0,0,0,0,0,-32304,0,0,0,0,0,220008,0
218463,-250,8062,570,292,-2146,-386,-201193,4,-1,-276,-64,36267,138,31,66,0,0,0,0,0,0,0,0,-32304,0,0,0,0,0,220014,0
218468,-158,8062,534,312,-2201,-376,-201193,-6,-1,-278,-72,36267,126,31,66,0,0,0,0,0,0,0,0,-32304,0,0,0,0,0,220019,0
218473,-254,8018,464,326,-2229,-378,-201192,4,-3,-279,-72,36267,126,31,66,0,0,0,0,0,0,0,0,-32304,0,0,0,0,0,220025,0
218478,-148,7926,504,327,-2247,-372,-201192,5,0,-278,-72,36260,130,31,66,0,0,0,0,0,0,0,0,-32304,0,0,0,0,0,220030,0
218483,-96,7970,344,338,-2270,-376,-201193,-4,-2,-279,-80,36260,130,31,66,0,0,0,0,0,0,0,0,-32304,0,0,0,0,0,220035,0
218488,-24,7928,256,337,-2315,-361,-201193,2,-2,-280,-72,36259,128,31,66,0,0,0,0,0,0,0,0,-32304,0,0,0,0,0,220041,0
218493,-126,7710,194,342,-2339,-372,-201192,3,-3,-281,-72,36259,128,31,66,0,0,0,0,0,0,0,0,-32304,0,0,0,0,0,220046,0
218498,10,7824,176,338,-2358,-363,-201191,4,3,-278,-72,36259,122,31,66,0,0,0,0,0,0,0,0,-32304,0,0,0,0,0,220052,0
218503,64,7770,90,344,-2379,-362,-201192,-2,1,-279,-72,36259,122,31,66,0,0,0,0,0,0,0,0,-32304,0,0,0,0,0,220057,0
218508,124,7820,-14,341,-2406,-360,-201192,-4,4,-276,-72,36262,129,31,66,0,0,0,0,0,0,0,0,-32304,0,0,0,0,0,220063,0
218513,166,7874,-64,335,-2420,-364,-201191,-4,-5,-279,-72,36262,129,31,66,0,0,0,0,0,0,0,0,-32304,0,0,0,0,0,220068,0
218518,202,7924,-136,334,-2423,-367,-201190,2,1,-279,-72,36265,134,31,66,0,0,0,0,0,0,0,0,-32304,0,0,0,0,0,220074,0
218523,218,8028,-180,327,-2436,-368,-201191,-2,-1,-280,-72,36265,134,31,66,0,0,0,0,0,0,0,0,-32305,0,0,0,0,0,220079,0
218528,268,8116,-270,313,-2438,-376,-201189,4,2,-279,-72,36263,135,31,66,0,0,0,0,0,0,0,0,-32304,0,0,0,0,0,220085,0
218533,300,8184,-332,300,-2436,-381,-201190,5,0,-281,-80,36263,135,31,66,0,0,0,0,0,0,0,0,-32304,0,0,0,0,0,220090,0
218538,358,8254,-356,297,-2421,-384,-201187,10,12,-281,-72,36261,133,31,66,0,0,0,0,0,0,0,0,-32304,0,0,0,0,0,220095,0
218543,358,8366,-406,285,-2405,-384,-201185,13,5,-280,-72,36261,133,31,66,0,0,0,0,0,0,0,0,-32304,0,0,0,0,0,220101,0
218548,400,8464,-548,264,-2372,-400,-201177,31,16,-279,-56,36260,138,31,66,0,0,0,0,0,0,0,0,-32304,0,0,0,0,0,220106,0
218553,428,8458,-604,251,-2351,-409,-201168,55,22,-283,-40,36260,138,31,66,0,0,0,0,0,0,0,0,-32304,0,0,0,0,0,220112,0
218558,430,8436,-540,242,-2334,-424,-201143,109,58,-284,-24,36265,127,31,66,0,0,0,0,0,0,0,0,-32304,0,0,0,0,0,220117,0
218563,548,8500,-564,221,-2312,-438,-201112,143,98,-284,-24,36265,127,31,66,0,0,0,0,0,0,0,0,-32304,0,0,0,0,0,220122,0
218568,582,8490,-638,183,-2286,-465,-201070,186,128,-289,32,36265,130,31,66,0,0,0,0,0,0,0,0,-32304,0,0,0,0,0,220128,0
218573,610,8430,-688,167,-2274,-478,-201015,243,147,-278,40,36265,130,31,66,0,0,0,0,0,0,0,0,-32304,0,0,0,0,0,220133,0
218578,636,8392,-796,151,-2264,-496,-200953,281,159,-277,40,36266,115,31,66,0,0,0,0,0,0,0,0,-32304,0,0,0,0,0,220139,0
218583,674,8290,-804,134,-2261,-513,-200885,300,147,-282,64,36266,115,31,66,0,0,0,0,0,0,0,0,-32304,0,0,0,0,0,220144,0
218588,456,7986,-774,89,-2263,-532,-200819,294,119,-292,32,36262,115,31,66,0,0,0,0,0,0,0,0,-32304,0,0,0,0,0,220150,0
218593,312,7838,-708,73,-2276,-539,-200747,315,79,-298,40,36262,115,31,66,0,0,0,0,0,0,0,0,-32304,0,0,0,0,0,220155,0
218598,70,7496,-674,53,-2296,-549,-200671,330,52,-294,48,36262,121,31,66,0,0,0,0,0,0,0,0,-32304,0,0,0,0,0,220160,0
218603,-124,7166,-754,25,-2307,-551,-200590,357,53,-301,72,36262,121,31,66,0,0,0,0,0,0,0,0,-32304,0,0,0,0,0,220166,0
218608,110,7410,-1094,-22,-2321,-552,-200510,353,52,-292,40,36262,114,31,66,0,0,0,0,0,0,0,0,-32304,0,0,0,0,0,220171,0
218613,530,7976,-1182,-38,-2317,-557,-200436,316,37,-308,16,36262,114,31,66,0,0,0,0,0,0,0,0,-32304,0,0,0,0,0,220177,0
218618,902,8590,-1112,-57,-2310,-576,-200374,265,-17,-324,-16,36262,114,31,66,0,0,0,0,0,0,0,0,-32304,0,0,0,0,0,220182,0
218623,1056,9050,-912,-71,-2295,-596,-200329,198,-91,-333,-40,36262,114,31,66,0,0,0,0,0,0,0,0,-32304,0,0,0,0,0,220187,0
218628,680,9220,-460,-108,-2291,-636,-200293,160,-157,-322,-24,36263,117,31,66,0,0,0,0,0,0,0,0,-32304,0,0,0,0,0,220193,0
218633,300,9026,-382,-130,-2281,-654,-200252,176,-157,-310,-24,36263,117,31,66,0,0,0,0,0,0,0,0,-32304,0,0,0,0,0,220198,0
218638,66,8902,-392,-144,-2287,-672,-200201,226,-87,-306,24,36263,114,31,66,0,0,0,0,0,0,0,0,-32304,0,0,0,0,0,220204,0
218643,-82,8816,-396,-161,-2279,-687,-200133,296,21,-291,72,36263,114,31,66,0,0,0,0,0,0,0,0,-32304,0,0,0,0,0,220209,0
218648,282,8686,-438,-180,-2232,-711,-200052,371,133,-282,96,36262,125,31,66,0,0,0,0,0,0,0,0,-32304,0,0,0,0,0,220215,0
218653,370,8580,-292,-198,-2196,-731,-199957,419,194,-289,104,36262,125,31,66,0,0,0,0,0,0,0,0,-32304,0,0,0,0,0,220220,0
218658,560,8438,-244,-208,-2167,-743,-199854,458,205,-300,136,36266,127,31,66,0,0,0,0,0,0,0,0,-32304,0,0,0,0,0,220225,0
218663,548,8230,-172,-213,-2149,-765,-199744,491,184,-301,144,36266,127,31,66,0,0,0,0,0,0,0,0,-32304,0,0,0,0,0,220231,0
218668,816,7910,-138,-218,-2078,-797,-199626,526,154,-294,168,36267,126,31,66,0,0,0,0,0,0,0,0,-32304,0,0,0,0,0,220236,0
218673,754,7568,-20,-226,-2057,-804,-199502,542,119,-297,136,36267,126,31,66,0,0,0,0,0,0,0,0,-32304,0,0,0,0,0,220241,0
218678,658,7518,120,-221,-2026,-814,-199373,567,106,-316,176,36268,127,31,66,0,0,0,0,0,0,0,0,-32304,0,0,0,0,0,220247,0
218683,436,7382,164,-220,-2002,-828,-199237,605,94,-314,208,36268,127,31,66,0,0,0,0,0,0,0,0,-32304,0,0,0,0,0,220253,0
218688,364,7440,314,-211,-1944,-842,-199091,649,100,-305,240,36264,128,31,66,0,0,0,0,0,0,0,0,-32304,0,0,0,0,0,220258,0
218693,316,7622,352,-209,-1907,-850,-198934,696,114,-320,280,36264,128,31,66,0,0,0,0,0,0,0,0,-32304,0,0,0,0,0,220263,0
218698,314,7732,490,-208,-1860,-849,-198766,743,142,-331,336,36265,131,31,66,0,0,0,0,0,0,0,0,-32304,0,0,0,0,0,220269,0
218703,326,7832,516,-196,-1816,-861,-198583,811,166,-334,392,36265,131,31,66,0,0,0,0,0,0,0,0,-32304,0,0,0,0,0,220274,0
218708,496,8108,488,-187,-1712,-888,-198388,861,184,-341,448,36266,129,31,66,0,0,0,0,0,0,0,0,-32304,0,0,0,0,0,220280,0
218713,-518,9762,644,-166,-1608,-993,-198177,936,198,-347,560,36266,129,31,66,0,0,0,0,0,0,0,0,-32304,0,0,0,0,0,220285,0
218718,-592,11836,-372,-87,-1354,-991,-197955,984,211,-363,624,36267,126,31,66,0,0,0,0,0,0,0,0,-32304,0,0,0,0,0,220290,0
218723,-100,12408,-584,-111,-1041,-868,-197718,1040,210,-368,672,36267,126,31,66,0,0,0,0,0,0,0,0,-32304,0,0,0,0,0,220296,0
218728,20,9188,784,-182,-625,-792,-197484,1025,183,-356,560,36265,117,31,66,0,0,0,0,0,0,0,0,-32304,0,0,0,0,0,220301,0
218733,4,8754,702,-178,-529,-806,-197262,959,107,-370,360,36265,117,31,66,0,0,0,0,0,0,0,0,-32304,0,0,0,0,0,220307,0
218738,430,8816,826,-194,-413,-766,-197072,823,-38,-418,160,36267,122,31,66,0,0,0,0,0,0,0,0,-32304,0,0,0,0,0,220311,0
218743,284,8288,642,-196,-295,-771,-196914,669,-215,-477,24,36267,122,31,66,0,0,0,0,0,0,0,0,-32304,0,0,0,0,0,220317,0
218748,250,7600,110,-219,-86,-768,-196802,473,-395,-522,64,36267,120,31,66,0,0,0,0,0,0,0,0,-32304,0,0,0,0,0,220323,0
218753,-100,7610,64,-222,-8,-758,-196741,256,-539,-557,-56,36267,120,31,66,0,0,0,0,0,0,0,0,-32304,0,0,0,0,0,220328,0
218758,-862,7646,334,-229,48,-735,-196716,91,-633,-461,-96,36269,119,31,66,0,0,0,0,0,0,0,0,-32304,0,0,0,0,0,220334,0
218763,-1686,7656,694,-229,70,-697,-196713,5,-625,-383,-128,36269,119,31,66,0,0,0,0,0,0,0,0,-32304,0,0,0,0,0,220338,0
218768,-2726,7410,792,-212,124,-586,-196714,-4,-523,-367,-112,36272,122,31,66,0,0,0,0,0,0,0,0,-32304,0,0,0,0,0,220344,0
218773,-2830,7350,758,-207,148,-533,-196714,-2,-335,-366,-120,36272,122,31,66,0,0,0,0,0,0,0,0,-32304,0,0,0,0,0,220350,0
218778,-2642,7294,770,-192,167,-471,-196714,-5,-158,-364,-120,36269,123,31,66,0,0,0,0,0,0,0,0,-32304,0,0,0,0,0,220355,0
218783,-2450,7290,788,-185,196,-419,-196717,-14,-50,-364,-128,36269,123,31,66,0,0,0,0,0,0,0,0,-32304,0,0,0,0,0,220361,0
218788,-2534,7356,816,-158,220,-296,-196726,-33,-20,-364,-128,36265,137,31,66,0,0,0,0,0,0,0,0,-32304,0,0,0,0,0,220366,0
218793,-2684,7392,772,-142,226,-249,-196732,-32,-30,-361,-144,36265,137,31,66,0,0,0,0,0,0,0,0,-32304,0,0,0,0,0,220372,0
218798,-2574,7456,762,-130,227,-185,-196744,-54,-42,-358,-152,36261,138,31,66,0,0,0,0,0,0,0,0,-32304,0,0,0,0,0,220377,0
218803,-2608,7526,714,-114,222,-130,-196769,-123,-65,-344,-224,36261,138,31,66,0,0,0,0,0,0,0,0,-32304,0,0,0,0,0,220382,0
218808,-2586,7596,762,-85,193,-21,-196809,-184,-112,-342,-304,36260,136,31,66,0,0,0,0,0,0,0,0,-32304,0,0,0,0,0,220388,0
218813,-2614,7664,710,-73,163,18,-196869,-276,-179,-341,-464,36260,136,31,66,0,0,0,0,0,0,0,0,-32304,0,0,0,0,0,220394,0
218818,-2318,7690,640,-62,120,61,-196957,-392,-261,-336,-696,36259,139,31,66,0,0,0,0,0,0,0,0,-32304,0,0,0,0,0,220399,0
218823,-1982,7730,564,-37,87,89,-197075,-534,-338,-304,-1144,36259,139,31,66,0,0,0,0,0,0,0,0,-32304,0,0,0,0,0,220404,0
218828,-1214,7874,576,-19,47,129,-197234,-714,-419,-311,-1608,36258,144,31,66,0,0,0,0,0,0,0,0,-32304,0,0,0,0,0,220409,0
218833,-1250,7992,564,-11,35,155,-197445,-963,-538,-308,-2216,36258,144,31,66,0,0,0,0,0,0,0,0,-32304,0,0,0,0,0,220415,0
218838,-1398,8010,546,-2,28,184,-197711,-1197,-658,-302,-2736,36254,143,31,66,0,0,0,0,0,0,0,0,-32304,0,0,0,0,0,220421,0
218843,-1694,7992,516,-3,11,213,-198035,-1443,-765,-297,-3232,36254,143,31,66,0,0,0,0,0,0,0,0,-32304,0,0,0,0,0,220426,0
218848,-2230,7922,450,23,-19,309,-198408,-1664,-817,-298,-3656,36250,162,31,66,0,0,0,0,0,0,0,0,-32304,0,0,0,0,0,220431,0
218853,-2436,7806,414,29,-28,359,-198829,-1865,-813,-295,-4032,36250,162,31,66,0,0,0,0,0,0,0,0,-32303,0,0,0,0,0,220437,0
218858,-2594,7684,502,36,-39,416,-199289,-2038,-758,-283,-4320,36246,165,31,66,0,0,0,0,0,0,0,0,-32304,0,0,0,0,0,220442,0
218863,-2610,7580,418,37,-47,472,-199783,-2190,-682,-264,-4568,36246,165,31,66,0,0,0,0,0,0,0,0,-32303,0,0,0,0,0,220448,0
218868,-2464,7538,346,37,-52,568,-200309,-2315,-602,-247,-4728,36244,180,31,66,0,0,0,0,0,0,0,0,-32304,0,0,0,0,0,220453,0
218873,-2386,7552,310,43,-51,621,-200857,-2421,-521,-227,-4904,36244,180,31,66,0,0,0,0,0,0,0,0,-32304,0,0,0,0,0,220458,0
218878,-2264,7624,202,47,-60,664,-201422,-2496,-427,-204,-5024,36242,191,31,66,0,0,0,0,0,0,0,0,-32304,0,0,0,0,0,220464,0
218883,-2148,7710,214,46,-70,709,-202001,-2555,-345,-171,-5120,36242,191,31,66,0,0,0,0,0,0,0,0,-32304,0,0,0,0,0,220469,0
218888,-1966,7802,172,30,-88,788,-202595,-2621,-279,-156,-5264,36241,183,31,66,0,0,0,0,0,0,0,0,-32303,0,0,0,0,0,220475,0
218893,-1870,7756,150,34,-92,825,-203207,-2707,-245,-142,-5432,36241,183,31,66,0,0,0,0,0,0,0,0,-32303,0,0,0,0,0,220479,0
218898,-1814,7840,120,27,-97,862,-203845,-2816,-266,-134,-5608,36239,188,31,66,0,0,0,0,0,0,0,0,-32304,0,0,0,0,0,220486,0
218903,-1624,7878,120,18,-92,898,-204506,-2921,-309,-118,-5776,36239,188,31,66,0,0,0,0,0,0,0,0,-32304,0,0,0,0,0,220491,0
218908,-1518,7902,36,3,-95,963,-205189,-3014,-339,-103,-5912,36240,184,31,66,0,0,0,0,0,0,0,0,-32304,0,0,0,0,0,220496,0
218913,-1414,7970,-40,-8,-96,998,-205890,-3089,-343,-83,-6032,36240,184,31,66,0,0,0,0,0,0,0,0,-32304,0,0,0,0,0,220502,0
218918,-1268,7940,-12,-4,-94,1014,-206606,-3158,-316,-64,-6160,36241,176,31,66,0,0,0,0,0,0,0,0,-32304,0,0,0,0,0,220507,0
218923,-1128,7954,-12,-21,-90,1044,-207340,-3237,-284,-49,-6304,36241,176,31,66,0,0,0,0,0,0,0,0,-32304,0,0,0,0,0,220513,0
218928,-890,8068,-14,-30,-72,1087,-208094,-3318,-271,-39,-6384,36243,172,31,66,0,0,0,0,0,0,0,0,-32304,0,0,0,0,0,220518,0
218933,-808,8104,-14,-48,-60,1102,-208865,-3400,-270,-28,-6480,36243,172,31,66,0,0,0,0,0,0,0,0,-32304,0,0,0,0,0,220524,0
218938,-660,8108,-14,-51,-42,1113,-209646,-3438,-256,-8,-6504,36243,164,31,66,0,0,0,0,0,0,0,0,-32304,0,0,0,0,0,220529,0
218943,-480,8122,-14,-60,-34,1124,-210431,-3445,-216,29,-6520,36243,164,31,66,0,0,0,0,0,0,0,0,-32304,0,0,0,0,0,220534,0
218948,-376,8232,28,-80,0,1134,-211220,-3469,-152,52,-6560,36243,158,31,66,0,0,0,0,0,0,0,0,-32304,0,0,0,0,0,220540,0
218953,-244,8204,54,-94,17,1141,-212015,-3507,-98,61,-6648,36243,158,31,66,0,0,0,0,0,0,0,0,-32304,0,0,0,0,0,220545,0
218958,-238,8192,184,-104,33,1143,-212822,-3556,-100,64,-6656,36245,159,31,66,0,0,0,0,0,0,0,0,-32303,0,0,0,0,0,220551,0
218963,-406,8378,252,-115,31,1147,-213635,-3581,-108,79,-6656,36245,159,31,66,0,0,0,0,0,0,0,0,-32304,0,0,0,0,0,220556,0
218968,-710,8204,284,-147,-70,1154,-214449,-3574,-111,120,-6640,36252,144,31,66,0,0,0,0,0,0,0,0,-32304,0,0,0,0,0,220562,0
218973,-552,8226,-114,-130,-80,1149,-215266,-3594,-86,136,-6664,36252,144,31,66,0,0,0,0,0,0,0,0,-32304,0,0,0,0,0,220567,0
218978,8722,7560,636,-81,-263,276,-216075,-3558,-31,112,-6440,36254,139,30,66,0,0,0,0,0,0,0,0,-32304,0,0,0,0,0,220572,0
218983,16792,8278,444,-147,-165,379,-216860,-3444,63,102,-6048,36254,139,30,66,0,0,0,0,0,0,0,0,-32304,0,0,0,0,0,220577,0
218988,8840,10252,120,-143,258,5,-217576,-3110,274,68,-4920,36257,138,31,66,0,0,0,0,0,0,0,0,-32304,0,0,0,0,0,220583,0
218993,1348,13010,796,-151,285,-97,-218112,-2253,809,-23,-2480,36257,138,31,66,0,0,0,0,0,0,0,0,-32304,0,0,0,0,0,220589,0
218998,-1284,11930,562,-151,192,-130,-218345,-874,1814,38,368,36260,132,31,66,0,0,0,0,0,0,0,0,-32304,0,0,0,0,0,220594,0
219003,226,10380,-72,-146,74,-217,-218226,668,3090,310,2440,36260,132,31,66,0,0,0,0,0,0,0,0,-32304,0,0,0,0,0,220599,0
219008,1756,8624,532,-99,-30,-320,-217859,1704,4049,147,4224,36257,133,31,66,0,0,0,0,0,0,0,0,-32304,0,0,0,0,0,220605,0
219013,518,8646,1244,-85,-26,-326,-217353,2273,4154,238,4808,36257,133,31,66,0,0,0,0,0,0,0,0,-32304,0,0,0,0,0,220610,0
219018,-540,8446,1574,-84,-7,-341,-216796,2453,3347,195,4616,36251,145,31,66,0,0,0,0,0,0,0,0,-32304,0,0,0,0,0,220616,0
219023,-184,7662,1452,-52,-13,-342,-216241,2429,2072,76,4256,36251,145,31,66,0,0,0,0,0,0,0,0,-32304,0,0,0,0,0,220621,0
219028,1036,6686,684,-14,-112,-424,-215708,2331,896,-13,3896,36247,149,31,66,0,0,0,0,0,0,0,0,-32304,0,0,0,0,0,220626,0
219033,894,6930,720,0,-156,-483,-215220,2121,111,-41,3272,36247,149,31,66,0,0,0,0,0,0,0,0,-32304,0,0,0,0,0,220632,0
219038,674,7502,982,24,-219,-522,-214819,1710,-440,-24,2144,36244,164,31,66,0,0,0,0,0,0,0,0,-32304,0,0,0,0,0,220638,0
219043,608,8038,1240,35,-221,-560,-214549,1126,-928,-2,656,36244,164,31,66,0,0,0,0,0,0,0,0,-32303,0,0,0,0,0,220644,0
219048,-128,8560,1500,73,-122,-527,-214433,436,-1446,-184,-208,36250,155,31,66,0,0,0,0,0,0,0,0,-32304,0,0,0,0,0,220648,0
219053,-1528,8686,1378,92,-71,-475,-214481,-275,-1935,-347,-400,36250,155,31,66,0,0,0,0,0,0,0,0,-32304,0,0,0,0,0,220654,0
219058,-2590,8508,1096,116,-60,-414,-214625,-665,-2122,-49,-1144,36256,136,31,66,0,0,0,0,0,0,0,0,-32304,0,0,0,0,0,220660,0
219063,-2848,8088,810,132,-77,-347,-214830,-924,-1945,-45,-1560,36256,136,31,66,0,0,0,0,0,0,0,0,-32304,0,0,0,0,0,220665,0
219068,-588,7160,710,177,-109,-367,-215075,-1097,-1500,-36,-1792,36257,139,31,66,0,0,0,0,0,0,0,0,-32304,0,0,0,0,0,220671,0
219073,1224,7240,916,172,-100,-354,-215339,-1159,-985,-27,-1760,36257,139,31,66,0,0,0,0,0,0,0,0,-32304,0,0,0,0,0,220676,0
219078,1668,7386,1104,174,-89,-412,-215603,-1148,-562,-8,-1608,36261,133,31,66,0,0,0,0,0,0,0,0,-32304,0,0,0,0,0,220681,0
219083,1538,7880,1098,194,-54,-430,-215855,-1102,-257,4,-1392,36261,133,31,66,0,0,0,0,0,0,0,0,-32304,0,0,0,0,0,220687,0
219088,380,8534,626,197,-55,-474,-216087,-1015,-7,18,-1144,36258,131,31,66,0,0,0,0,0,0,0,0,-32304,0,0,0,0,0,220693,0
219093,-114,8492,406,213,-77,-478,-216298,-913,162,36,-872,36258,131,31,66,0,0,0,0,0,0,0,0,-32304,0,0,0,0,0,220698,0
219098,-462,8544,378,224,-106,-480,-216484,-809,269,37,-592,36259,125,31,66,0,0,0,0,0,0,0,0,-32304,0,0,0,0,0,220703,0
219103,-710,8512,572,233,-115,-479,-216636,-660,350,37,-264,36259,125,31,66,0,0,0,0,0,0,0,0,-32304,0,0,0,0,0,220709,0
219108,-440,8110,846,254,-117,-473,-216751,-478,424,116,-104,36258,121,31,66,0,0,0,0,0,0,0,0,-32304,0,0,0,0,0,220714,0
219113,-24,8072,778,257,-106,-478,-216815,-262,525,186,-32,36258,121,31,66,0,0,0,0,0,0,0,0,-32304,0,0,0,0,0,220720,0
219118,350,8088,610,259,-97,-489,-216824,-14,638,109,40,36261,118,31,66,0,0,0,0,0,0,0,0,-32304,0,0,0,0,0,220725,0
219123,368,8130,392,262,-83,-506,-216799,120,697,29,64,36261,118,31,66,0,0,0,0,0,0,0,0,-32304,0,0,0,0,0,220731,0
219128,-182,8220,232,266,-96,-524,-216767,136,618,24,56,36260,131,31,66,0,0,0,0,0,0,0,0,-32304,0,0,0,0,0,220736,0
219133,-498,8160,236,266,-105,-514,-216733,152,429,17,64,36260,131,31,66,0,0,0,0,0,0,0,0,-32304,0,0,0,0,0,220742,0
219138,-676,8104,284,266,-99,-516,-216701,134,213,17,56,36259,127,31,66,0,0,0,0,0,0,0,0,-32304,0,0,0,0,0,220746,0
219143,-758,8052,368,266,-89,-502,-216665,155,62,12,64,36259,127,31,66,0,0,0,0,0,0,0,0,-32304,0,0,0,0,0,220752,0
219148,-738,7964,442,258,-46,-488,-216633,136,4,19,48,36256,132,31,66,0,0,0,0,0,0,0,0,-32304,0,0,0,0,0,220758,0
219153,-696,7958,398,256,-22,-474,-216604,130,-6,7,56,36256,132,31,66,0,0,0,0,0,0,0,0,-32304,0,0,0,0,0,220763,0
219158,-558,8028,272,247,-5,-466,-216579,107,-28,20,32,36257,131,31,66,0,0,0,0,0,0,0,0,-32304,0,0,0,0,0,220769,0
219163,-500,8142,168,244,11,-462,-216561,78,-49,16,32,36257,131,31,66,0,0,0,0,0,0,0,0,-32304,0,0,0,0,0,220773,0
219168,-560,8326,50,231,32,-448,-216539,101,-51,16,40,36256,135,31,66,0,0,0,0,0,0,0,0,-32304,0,0,0,0,0,220779,0
219173,-624,8336,44,228,37,-436,-216523,64,-49,18,16,36256,135,31,66,0,0,0,0,0,0,0,0,-32304,0,0,0,0,0,220785,0
219178,-650,8328,-10,220,40,-425,-216521,5,-67,20,-8,36255,141,31,66,0,0,0,0,0,0,0,0,-32304,0,0,0,0,0,220790,0
219183,-642,8352,-34,204,54,-417,-216523,-8,-87,17,8,36255,141,31,66,0,0,0,0,0,0,0,0,-32304,0,0,0,0,0,220796,0
219188,-826,8202,-36,187,64,-396,-216524,-2,-91,17,0,36261,139,31,66,0,0,0,0,0,0,0,0,-32304,0,0,0,0,0,220801,0
219193,-902,8136,-40,181,66,-389,-216523,0,-64,20,8,36261,139,31,66,0,0,0,0,0,0,0,0,-32304,0,0,0,0,0,220807,0
219198,-896,8130,-80,169,62,-378,-216524,-1,-24,16,8,36261,127,31,66,0,0,0,0,0,0,0,0,-32304,0,0,0,0,0,220812,0
219203,-886,8158,-98,163,63,-367,-216523,1,6,17,8,36261,127,31,66,0,0,0,0,0,0,0,0,-32304,0,0,0,0,0,220818,0
219208,-886,8286,-106,146,62,-343,-216524,1,1,16,8,36260,131,31,66,0,0,0,0,0,0,0,0,-32304,0,0,0,0,0,220823,0
219213,-914,8272,-88,135,59,-337,-216524,9,2,17,8,36260,131,31,66,0,0,0,0,0,0,0,0,-32304,0,0,0,0,0,220828,0
219218,-1006,8208,-68,114,56,-324,-216523,-2,2,18,8,36256,129,31,66,0,0,0,0,0,0,0,0,-32304,0,0,0,0,0,220834,0
219223,-1076,8118,-62,120,53,-313,-216523,-1,3,16,0,36256,129,31,66,0,0,0,0,0,0,0,0,-32304,0,0,0,0,0,220839,0
219228,-1232,7966,-72,91,41,-286,-216523,0,0,18,0,36257,133,31,66,0,0,0,0,0,0,0,0,-32304,0,0,0,0,0,220844,0
219233,-1220,7920,-48,89,35,-273,-216523,-5,-1,18,8,36257,133,31,66,0,0,0,0,0,0,0,0,-32304,0,0,0,0,0,220850,0
219238,-1190,7896,-56,77,19,-262,-216523,2,1,18,8,36259,137,31,66,0,0,0,0,0,0,0,0,-32303,0,0,0,0,0,220856,0
219243,-1142,7938,-78,68,20,-249,-216523,-1,-2,17,0,36259,137,31,66,0,0,0,0,0,0,0,0,-32304,0,0,0,0,0,220861,0
219248,-882,8082,-82,50,-5,-238,-216524,-5,-2,18,0,36259,136,31,66,0,0,0,0,0,0,0,0,-32304,0,0,0,0,0,220867,0
219253,-780,8164,-44,42,1,-235,-216523,5,1,18,0,36259,136,31,66,0,0,0,0,0,0,0,0,-32304,0,0,0,0,0,220871,0
219258,-698,8202,2,29,-3,-231,-216523,0,-2,16,0,36260,141,31,66,0,0,0,0,0,0,0,0,-32304,0,0,0,0,0,220877,0
219263,-712,8230,-16,27,-11,-238,-216521,9,3,16,0,36260,141,31,66,0,0,0,0,0,0,0,0,-32304,0,0,0,0,0,220883,0
219268,-670,8208,6,12,-33,-241,-216521,5,3,19,8,36260,150,31,66,0,0,0,0,0,0,0,0,-32304,0,0,0,0,0,220888,0
219273,-634,8150,2,7,-42,-239,-216519,5,4,18,8,36260,150,31,66,0,0,0,0,0,0,0,0,-32304,0,0,0,0,0,220894,0
219278,-632,8106,18,-1,-54,-249,-216517,15,2,15,16,36256,137,31,66,0,0,0,0,0,0,0,0,-32304,0,0,0,0,0,220900,0
219283,-620,8062,60,-5,-54,-250,-216508,37,22,14,24,36256,137,31,66,0,0,0,0,0,0,0,0,-32304,0,0,0,0,0,220905,0
219288,-460,8068,168,-13,-75,-264,-216490,84,49,10,48,36261,134,31,66,0,0,0,0,0,0,0,0,-32304,0,0,0,0,0,220911,0
219293,-310,8096,242,-9,-83,-281,-216458,142,97,11,56,36261,134,31,66,0,0,0,0,0,0,0,0,-32304,0,0,0,0,0,220916,0
219298,-166,8098,300,-17,-91,-291,-216424,150,106,13,72,36263,129,31,66,0,0,0,0,0,0,0,0,-32304,0,0,0,0,0,220922,0
219303,-44,8156,376,-13,-95,-306,-216384,181,112,14,72,36263,129,31,66,0,0,0,0,0,0,0,0,-32304,0,0,0,0,0,220926,0
219308,88,8116,396,4,-108,-345,-216344,176,81,11,72,36266,126,31,66,0,0,0,0,0,0,0,0,-32304,0,0,0,0,0,220932,0
219313,64,8192,448,2,-116,-362,-216308,164,52,9,48,36266,126,31,66,0,0,0,0,0,0,0,0,-32304,0,0,0,0,0,220938,0
219318,148,8226,512,17,-117,-387,-216271,165,23,3,64,36262,134,31,66,0,0,0,0,0,0,0,0,-32304,0,0,0,0,0,220943,0
219323,170,8250,558,16,-132,-414,-216235,159,-4,9,72,36262,134,31,66,0,0,0,0,0,0,0,0,-32304,0,0,0,0,0,220949,0
219328,236,8320,622,35,-161,-467,-216194,189,-7,7,80,36258,131,31,66,0,0,0,0,0,0,0,0,-32304,0,0,0,0,0,220953,0
219333,300,8360,628,40,-175,-502,-216152,185,7,9,72,36258,131,31,66,0,0,0,0,0,0,0,0,-32304,0,0,0,0,0,220959,0
219338,418,8384,656,50,-191,-534,-216108,179,21,-1,80,36257,134,31,66,0,0,0,0,0,0,0,0,-32304,0,0,0,0,0,220965,0
219343,432,8340,666,65,-214,-571,-216062,217,24,-1,96,36257,134,31,66,0,0,0,0,0,0,0,0,-32304,0,0,0,0,0,220970,0
219348,470,8338,702,85,-273,-643,-216011,234,42,7,112,36257,132,31,66,0,0,0,0,0,0,0,0,-32304,0,0,0,0,0,220976,0
219353,406,8230,702,101,-300,-677,-215956,245,44,2,112,36257,132,31,66,0,0,0,0,0,0,0,0,-32304,0,0,0,0,0,220981,0
219358,358,8214,642,106,-322,-706,-215895,264,57,0,136,36257,131,31,66,0,0,0,0,0,0,0,0,-32304,0,0,0,0,0,220987,0
219363,282,8150,622,124,-345,-741,-215827,303,79,5,160,36257,131,31,66,0,0,0,0,0,0,0,0,-32304,0,0,0,0,0,220992,0
219368,154,8142,456,141,-397,-801,-215745,364,96,4,208,36258,134,31,66,0,0,0,0,0,0,0,0,-32304,0,0,0,0,0,220997,0
219373,122,8166,432,149,-419,-830,-215648,431,137,0,248,36258,134,31,66,0,0,0,0,0,0,0,0,-32304,0,0,0,0,0,221003,0
219378,124,8158,374,158,-431,-858,-215532,513,190,5,400,36258,139,31,66,0,0,0,0,0,0,0,0,-32304,0,0,0,0,0,221009,0
219383,54,8104,204,174,-429,-881,-215400,593,233,14,544,36258,139,31,66,0,0,0,0,0,0,0,0,-32304,0,0,0,0,0,221014,0
219388,-186,8058,-188,212,-470,-898,-215246,675,263,2,648,36257,135,31,66,0,0,0,0,0,0,0,0,-32304,0,0,0,0,0,221019,0
219393,-370,8080,-272,225,-498,-914,-215077,760,276,-17,808,36257,135,31,66,0,0,0,0,0,0,0,0,-32304,0,0,0,0,0,221024,0
219398,-626,8186,-336,241,-541,-933,-214891,818,279,-36,912,36270,137,31,66,0,0,0,0,0,0,0,0,-32304,0,0,0,0,0,221030,0
219403,-820,8168,-464,256,-593,-944,-214689,896,266,-39,1056,36270,137,31,66,0,0,0,0,0,0,0,0,-32304,0,0,0,0,0,221036,0
219408,-1226,8138,-482,292,-705,-954,-214469,971,264,-53,1224,36278,140,31,66,0,0,0,0,0,0,0,0,-32304,0,0,0,0,0,221041,0
219413,-1392,8442,-460,299,-758,-955,-214234,1042,256,-63,1376,36278,140,31,66,0,0,0,0,0,0,0,0,-32304,0,0,0,0,0,221046,0
219418,-1618,9128,-148,287,-799,-957,-213981,1122,250,-60,1512,36278,134,31,66,0,0,0,0,0,0,0,0,-32304,0,0,0,0,0,221052,0
219423,-1638,8918,-62,284,-835,-968,-213714,1189,251,-65,1640,36278,134,31,66,0,0,0,0,0,0,0,0,-32304,0,0,0,0,0,221057,0
219428,-1296,8538,84,267,-859,-961,-213433,1244,245,-83,1736,36268,131,31,66,0,0,0,0,0,0,0,0,-32305,0,0,0,0,0,221063,0
219433,-1154,8188,24,260,-830,-947,-213136,1312,238,-81,1840,36268,131,31,66,0,0,0,0,0,0,0,0,-32305,0,0,0,0,0,221068,0
219438,-1160,7970,116,240,-787,-928,-212826,1365,225,-90,1936,36260,131,31,66,0,0,0,0,0,0,0,0,-32304,0,0,0,0,0,221073,0
219443,-1400,7916,238,223,-734,-910,-212506,1418,212,-103,2008,36260,131,31,66,0,0,0,0,0,0,0,0,-32304,0,0,0,0,0,221079,0
219448,-1502,7726,394,184,-626,-877,-212178,1447,192,-107,2048,36261,133,31,66,0,0,0,0,0,0,0,0,-32304,0,0,0,0,0,221084,0
219453,-1604,7776,464,164,-572,-864,-211844,1476,161,-117,2088,36261,133,31,66,0,0,0,0,0,0,0,0,-32304,0,0,0,0,0,221090,0
219458,-1670,7614,488,137,-513,-856,-211507,1480,123,-122,2040,36262,129,31,66,0,0,0,0,0,0,0,0,-32304,0,0,0,0,0,221094,0
219463,-1712,7752,474,122,-449,-828,-211170,1482,87,-137,2048,36262,129,31,66,0,0,0,0,0,0,0,0,-32304,0,0,0,0,0,221100,0
219468,-1750,7656,450,74,-339,-782,-210834,1478,48,-147,2000,36264,125,31,66,0,0,0,0,0,0,0,0,-32304,0,0,0,0,0,221106,0
219473,-1734,7820,450,54,-278,-752,-210501,1467,6,-147,1968,36264,125,31,66,0,0,0,0,0,0,0,0,-32304,0,0,0,0,0,221111,0
219478,-1816,7858,516,29,-226,-719,-210175,1434,-19,-152,1840,36267,128,31,66,0,0,0,0,0,0,0,0,-32304,0,0,0,0,0,221117,0
219483,-1866,7898,564,17,-167,-687,-209854,1405,-49,-150,1744,36267,128,31,66,0,0,0,0,0,0,0,0,-32303,0,0,0,0,0,221122,0
219488,-1968,7908,626,-18,-63,-615,-209544,1363,-77,-221,896,36269,133,31,66,0,0,0,0,0,0,0,0,-32304,0,0,0,0,0,221128,0
219493,-2090,7962,680,-43,-2,-571,-209268,1198,-142,-637,304,36269,133,31,66,0,0,0,0,0,0,0,0,-32303,0,0,0,0,0,221133,0
219498,-2280,7912,684,-49,46,-519,-209053,920,-310,-967,-8,36275,104,31,66,0,0,0,0,0,0,0,0,-32304,0,0,0,0,0,221138,0
219503,-2640,7750,664,-67,103,-461,-208909,601,-551,-1116,-160,36275,104,31,66,0,0,0,0,0,0,0,0,-32304,0,0,0,0,0,221144,0
219508,-3472,7408,688,-94,189,-311,-208837,292,-806,-1150,-216,36277,96,31,66,0,0,0,0,0,0,0,0,-32304,0,0,0,0,0,221149,0
219513,-3680,7172,644,-100,223,-237,-208811,102,-956,-1007,-264,36277,96,31,66,0,0,0,0,0,0,0,0,-32304,0,0,0,0,0,221155,0
219518,-3614,6990,600,-107,248,-183,-208812,-11,-919,-857,-328,36276,105,31,66,0,0,0,0,0,0,0,0,-32304,0,0,0,0,0,221160,0
219523,-3320,6862,594,-98,264,-141,-208820,-32,-715,-850,-320,36276,105,31,66,0,0,0,0,0,0,0,0,-32304,0,0,0,0,0,221165,0
219528,-2186,7050,614,-86,281,-102,-208824,-17,-430,-856,-320,36264,125,31,66,0,0,0,0,0,0,0,0,-32304,0,0,0,0,0,221171,0
219533,-1768,7318,588,-81,285,-83,-208832,-36,-197,-854,-336,36264,125,31,66,0,0,0,0,0,0,0,0,-32304,0,0,0,0,0,221176,0
219538,-1570,7518,660,-75,288,-66,-208849,-85,-81,-826,-424,36258,140,31,66,0,0,0,0,0,0,0,0,-32304,0,0,0,0,0,221182,0
219543,-1566,7664,738,-63,278,-55,-208889,-182,-89,-802,-560,36258,140,31,66,0,0,0,0,0,0,0,0,-32304,0,0,0,0,0,221187,0
219548,-1668,7708,746,-43,259,-46,-208951,-281,-169,-769,-856,36257,146,31,66,0,0,0,0,0,0,0,0,-32304,0,0,0,0,0,221193,0
219553,-1784,7692,734,-28,253,-25,-209033,-373,-258,-794,-960,36257,146,31,66,0,0,0,0,0,0,0,0,-32304,0,0,0,0,0,221198,0
219558,-1936,7690,706,-15,231,-12,-209131,-449,-307,-782,-1160,36255,141,31,66,0,0,0,0,0,0,0,0,-32304,0,0,0,0,0,221203,0
219563,-2250,7654,708,2,219,12,-209247,-511,-304,-789,-1296,36255,141,31,66,0,0,0,0,0,0,0,0,-32304,0,0,0,0,0,221209,0
219568,-2546,7602,698,28,196,58,-209373,-558,-272,-789,-1312,36252,152,31,66,0,0,0,0,0,0,0,0,-32304,0,0,0,0,0,221214,0
219573,-2520,7570,664,50,177,81,-209508,-593,-223,-773,-1400,36252,152,31,66,0,0,0,0,0,0,0,0,-32304,0,0,0,0,0,221220,0
219578,-2422,7554,664,70,164,102,-209647,-619,-175,-747,-1440,36246,166,31,66,0,0,0,0,0,0,0,0,-32304,0,0,0,0,0,221225,0
219583,-2210,7536,598,84,147,118,-209793,-643,-133,-734,-1424,36246,166,31,66,0,0,0,0,0,0,0,0,-32304,0,0,0,0,0,221231,0
219588,-1842,7544,628,114,117,141,-209946,-669,-101,-709,-1528,36242,162,31,66,0,0,0,0,0,0,0,0,-32304,0,0,0,0,0,221235,0
219593,-1728,7540,622,126,97,151,-210102,-701,-91,-682,-1640,36242,162,31,66,0,0,0,0,0,0,0,0,-32304,0,0,0,0,0,221241,0
219598,-1724,7614,622,133,90,155,-210267,-731,-95,-673,-1656,36242,165,31,66,0,0,0,0,0,0,0,0,-32303,0,0,0,0,0,221247,0
219603,-1682,7592,610,155,85,158,-210439,-756,-95,-649,-1704,36242,165,31,66,0,0,0,0,0,0,0,0,-32303,0,0,0,0,0,221252,0
219608,-1706,7632,598,169,67,177,-210620,-793,-107,-633,-1776,36247,154,31,66,0,0,0,0,0,0,0,0,-32304,0,0,0,0,0,221258,0
219613,-1716,7692,584,174,69,189,-210805,-818,-109,-615,-1808,36247,154,31,66,0,0,0,0,0,0,0,0,-32304,0,0,0,0,0,221262,0
219618,-1740,7734,524,183,69,199,-210992,-833,-97,-589,-1816,36249,156,31,66,0,0,0,0,0,0,0,0,-32304,0,0,0,0,0,221268,0
219623,-1792,7784,544,192,67,210,-211182,-839,-77,-581,-1816,36249,156,31,66,0,0,0,0,0,0,0,0,-32304,0,0,0,0,0,221274,0
219628,-1722,7984,526,202,65,229,-211371,-831,-51,-558,-1744,36246,158,31,66,0,0,0,0,0,0,0,0,-32304,0,0,0,0,0,221279,0
219633,-1650,7938,478,208,72,248,-211562,-836,-31,-532,-1768,36246,158,31,66,0,0,0,0,0,0,0,0,-32304,0,0,0,0,0,221285,0
219638,-1594,7990,416,206,68,258,-211751,-829,-11,-519,-1712,36244,161,31,66,0,0,0,0,0,0,0,0,-32304,0,0,0,0,0,221290,0
219643,-1588,7960,372,212,69,264,-211941,-838,-3,-486,-1736,36244,161,31,66,0,0,0,0,0,0,0,0,-32304,0,0,0,0,0,221296,0
219648,-1564,7954,296,209,63,279,-212129,-831,2,-485,-1672,36243,152,31,66,0,0,0,0,0,0,0,0,-32304,0,0,0,0,0,221301,0
219653,-1550,7950,236,218,63,286,-212318,-828,4,-457,-1688,36243,152,31,66,0,0,0,0,0,0,0,0,-32304,0,0,0,0,0,221306,0
219658,-1546,7974,190,210,50,287,-212505,-823,7,-439,-1624,36244,158,31,66,0,0,0,0,0,0,0,0,-32304,0,0,0,0,0,221312,0
219663,-1504,7970,132,220,52,293,-212692,-821,5,-427,-1640,36244,158,31,66,0,0,0,0,0,0,0,0,-32304,0,0,0,0,0,221318,0
219668,-1498,8068,40,209,36,304,-212877,-819,15,-411,-1592,36246,157,31,66,0,0,0,0,0,0,0,0,-32304,0,0,0,0,0,221323,0
219673,-1500,8094,0,213,22,312,-213060,-804,14,-390,-1552,36246,157,31,66,0,0,0,0,0,0,0,0,-32304,0,0,0,0,0,221328,0
219678,-1448,8144,34,209,14,340,-213279,-1010,-20,-1572,-3888,36239,178,31,66,0,0,0,0,0,0,0,0,-32303,0,0,0,0,0,221333,0
219683,-2098,8206,42,205,13,348,-213646,-1670,-377,-2660,-4664,36239,178,31,66,0,0,0,0,0,0,0,0,-32304,0,0,0,0,0,221339,0
219688,-3320,8002,90,190,2,471,-214097,-2010,-850,-1706,-4424,36206,243,31,66,0,0,0,0,0,0,0,0,-32304,0,0,0,0,0,221345,0
219693,-3810,7648,-66,192,-7,536,-214549,-1974,-1131,-680,-3576,36206,243,31,66,0,0,0,0,0,0,0,0,-32304,0,0,0,0,0,221350,0
219698,-3862,7296,-78,183,-23,586,-214943,-1707,-914,-174,-2624,36196,254,31,66,0,0,0,0,0,0,0,0,-32304,0,0,0,0,0,221355,0
219703,-3110,7156,-140,194,-46,607,-215268,-1395,-237,-47,-2064,36196,254,31,66,0,0,0,0,0,0,0,0,-32304,0,0,0,0,0,221361,0
219708,-860,7416,-268,197,-88,584,-215534,-1151,486,-85,-1992,36205,256,31,66,0,0,0,0,0,0,0,0,-32304,0,0,0,0,0,221366,0
219713,-404,8000,8,188,-103,560,-215768,-1019,813,-250,-1944,36205,256,31,66,0,0,0,0,0,0,0,0,-32303,0,0,0,0,0,221372,0
219718,-230,8320,120,183,-120,543,-215985,-959,774,-363,-1848,36240,171,31,66,0,0,0,0,0,0,0,0,-32304,0,0,0,0,0,221377,0
219723,-158,8430,150,174,-124,521,-216201,-938,546,-335,-1640,36240,171,31,66,0,0,0,0,0,0,0,0,-32304,0,0,0,0,0,221382,0
219728,-212,8406,80,171,-136,466,-216400,-881,323,-215,-1352,36255,138,31,66,0,0,0,0,0,0,0,0,-32304,0,0,0,0,0,221388,0
219733,-324,8294,16,174,-139,437,-216584,-801,198,-133,-968,36255,138,31,66,0,0,0,0,0,0,0,0,-32304,0,0,0,0,0,221393,0
219738,1380,8072,-100,171,-158,272,-216740,-664,211,-92,-536,36252,142,31,66,0,0,0,0,0,0,0,0,-32304,0,0,0,0,0,221399,0
219743,2178,8472,-344,186,-182,274,-216857,-499,302,-90,-248,36252,142,31,66,0,0,0,0,0,0,0,0,-32304,0,0,0,0,0,221403,0
219748,-892,9586,340,147,-173,261,-216926,-280,434,-162,-256,36253,137,31,66,0,0,0,0,0,0,0,0,-32304,0,0,0,0,0,221410,0
219753,-1926,9036,192,146,-161,269,-216951,-97,559,-471,-312,36253,137,31,66,0,0,0,0,0,0,0,0,-32304,0,0,0,0,0,221415,0
219758,-1928,8276,134,150,-166,285,-216953,4,616,-878,-336,36255,127,31,66,0,0,0,0,0,0,0,0,-32304,0,0,0,0,0,221420,0
219763,-1694,7672,-56,138,-170,290,-216953,-2,535,-1061,-320,36255,127,31,66,0,0,0,0,0,0,0,0,-32304,0,0,0,0,0,221426,0
219768,-1620,7628,-132,136,-170,298,-216952,5,359,-1079,-336,36253,133,31,66,0,0,0,0,0,0,0,0,-32304,0,0,0,0,0,221430,0
219773,-1572,7824,-12,128,-173,300,-216953,-1,168,-1070,-328,36253,133,31,66,0,0,0,0,0,0,0,0,-32304,0,0,0,0,0,221437,0
219778,-1360,8010,102,122,-177,303,-216952,6,44,-1072,-344,36254,139,31,66,0,0,0,0,0,0,0,0,-32304,0,0,0,0,0,221442,0
219783,-1026,8082,156,119,-182,298,-216953,5,-5,-1074,-320,36254,139,31,66,0,0,0,0,0,0,0,0,-32304,0,0,0,0,0,221448,0
219788,-552,8152,146,108,-187,286,-216954,-4,-3,-1073,-320,36253,140,31,66,0,0,0,0,0,0,0,0,-32304,0,0,0,0,0,221453,0
219793,-626,8256,158,109,-192,281,-216956,-9,-6,-1070,-320,36253,140,31,66,0,0,0,0,0,0,0,0,-32304,0,0,0,0,0,221458,0
219798,-846,8330,178,104,-193,276,-216954,8,0,-1066,-336,36254,140,31,66,0,0,0,0,0,0,0,0,-32304,0,0,0,0,0,221464,0
219803,-996,8516,262,104,-189,282,-216955,-1,1,-1076,-336,36254,140,31,66,0,0,0,0,0,0,0,0,-32304,0,0,0,0,0,221469,0
219808,-892,8344,342,108,-177,286,-216955,-4,3,-1077,-336,36255,136,31,66,0,0,0,0,0,0,0,0,-32304,0,0,0,0,0,221474,0
219813,-936,8234,398,100,-168,281,-216955,6,4,-1065,-336,36255,136,31,66,0,0,0,0,0,0,0,0,-32304,0,0,0,0,0,221480,0
219818,-896,8104,450,109,-150,281,-216956,3,4,-1069,-336,36255,143,31,66,0,0,0,0,0,0,0,0,-32304,0,0,0,0,0,221486,0
219823,-826,8098,456,104,-133,278,-216958,-1,-1,-1067,-320,36255,143,31,66,0,0,0,0,0,0,0,0,-32304,0,0,0,0,0,221491,0
219828,-732,8054,500,109,-118,263,-216957,3,5,-1066,-320,36254,150,31,66,0,0,0,0,0,0,0,0,-32304,0,0,0,0,0,221496,0
219833,-646,8032,500,108,-105,260,-216959,-9,4,-1059,-328,36254,150,31,66,0,0,0,0,0,0,0,0,-32304,0,0,0,0,0,221501,0
219838,-610,8070,508,110,-91,250,-216960,-8,-4,-1058,-336,36251,149,31,66,0,0,0,0,0,0,0,0,-32304,0,0,0,0,0,221507,0
219843,-682,8076,532,112,-89,242,-216962,-6,-6,-1053,-352,36251,149,31,66,0,0,0,0,0,0,0,0,-32304,0,0,0,0,0,221513,0
219848,-838,8096,530,118,-65,236,-216964,-11,-6,-1044,-344,36253,150,31,66,0,0,0,0,0,0,0,0,-32304,0,0,0,0,0,221518,0
219853,-872,8092,552,121,-60,232,-216969,-16,-11,-1040,-360,36253,150,31,66,0,0,0,0,0,0,0,0,-32304,0,0,0,0,0,221523,0
219858,-888,8070,506,124,-51,235,-216974,-30,-19,-1020,-352,36256,149,31,66,0,0,0,0,0,0,0,0,-32304,0,0,0,0,0,221529,0
219863,-886,8062,470,134,-40,226,-216984,-46,-19,-994,-360,36256,149,31,66,0,0,0,0,0,0,0,0,-32304,0,0,0,0,0,221534,0
219868,-768,8072,484,142,-8,221,-216994,-48,-36,-965,-360,36254,138,31,66,0,0,0,0,0,0,0,0,-32304,0,0,0,0,0,221540,0
219873,-706,8066,498,144,3,222,-217000,-24,-24,-971,-344,36254,138,31,66,0,0,0,0,0,0,0,0,-32303,0,0,0,0,0,221545,0
219878,-686,8056,502,146,12,209,-217000,-2,8,-1005,-344,36253,138,31,66,0,0,0,0,0,0,0,0,-32304,0,0,0,0,0,221551,0
219883,-710,8056,484,155,18,200,-217000,0,34,-1021,-352,36253,138,31,66,0,0,0,0,0,0,0,0,-32304,0,0,0,0,0,221556,0
219888,-852,8028,474,160,31,198,-216999,3,43,-1028,-360,36250,134,31,66,0,0,0,0,0,0,0,0,-32304,0,0,0,0,0,221561,0
219893,-914,8016,430,171,30,192,-217000,-1,27,-1029,-352,36250,134,31,66,0,0,0,0,0,0,0,0,-32304,0,0,0,0,0,221567,0
219898,-962,8002,408,177,33,188,-217000,0,8,-1028,-360,36251,141,31,66,0,0,0,0,0,0,0,0,-32304,0,0,0,0,0,221572,0
219903,-958,8018,406,176,30,190,-217000,0,-4,-1027,-368,36251,141,31,66,0,0,0,0,0,0,0,0,-32304,0,0,0,0,0,221578,0
219908,-1008,7986,376,184,34,192,-217000,0,0,-1028,-360,36253,147,31,66,0,0,0,0,0,0,0,0,-32304,0,0,0,0,0,221584,0
219913,-978,8032,384,191,40,183,-217001,-3,0,-1029,-360,36253,147,31,66,0,0,0,0,0,0,0,0,-32304,0,0,0,0,0,221589,0
219918,-988,7976,364,197,33,190,-217002,0,-3,-1025,-368,36259,144,31,66,0,0,0,0,0,0,0,0,-32304,0,0,0,0,0,221594,0
219923,-982,7954,342,197,30,185,-217001,-1,3,-1024,-368,36259,144,31,66,0,0,0,0,0,0,0,0,-32303,0,0,0,0,0,221599,0
219928,-1032,7884,288,204,28,181,-217002,0,0,-1025,-368,36258,149,31,66,0,0,0,0,0,0,0,0,-32304,0,0,0,0,0,221605,0
219933,-1014,7924,280,203,24,174,-217002,-3,1,-1026,-360,36258,149,31,66,0,0,0,0,0,0,0,0,-32304,0,0,0,0,0,221611,0
219938,-940,7974,268,209,22,175,-217003,-5,-1,-1018,-368,36257,146,31,66,0,0,0,0,0,0,0,0,-32304,0,0,0,0,0,221616,0
219943,-792,8162,252,210,16,167,-217005,-5,-2,-1020,-352,36257,146,31,66,0,0,0,0,0,0,0,0,-32304,0,0,0,0,0,221621,0
219948,-430,8404,212,218,17,150,-217007,-8,-6,-1018,-360,36255,141,31,66,0,0,0,0,0,0,0,0,-32304,0,0,0,0,0,221627,0
219953,-310,8470,206,217,17,147,-217008,-7,-4,-1018,-344,36255,141,31,66,0,0,0,0,0,0,0,0,-32304,0,0,0,0,0,221632,0
219958,-336,8416,168,209,21,133,-217007,-1,3,-1021,-336,36256,142,31,66,0,0,0,0,0,0,0,0,-32304,0,0,0,0,0,221638,0
219963,-356,8412,158,214,18,122,-217009,-3,1,-1017,-336,36256,142,31,66,0,0,0,0,0,0,0,0,-32303,0,0,0,0,0,221642,0
219968,-488,8322,140,216,26,97,-217008,-2,1,-1013,-328,36258,156,31,66,0,0,0,0,0,0,0,0,-32304,0,0,0,0,0,221648,0
219973,-574,8290,136,216,23,88,-217009,-2,0,-1018,-336,36258,156,31,66,0,0,0,0,0,0,0,0,-32303,0,0,0,0,0,221654,0
219978,-644,8224,152,213,19,79,-217009,-4,-1,-1024,-336,36256,155,31,66,0,0,0,0,0,0,0,0,-32304,0,0,0,0,0,221659,0
219983,-736,8160,164,216,10,75,-217010,-12,-1,-1023,-312,36256,155,31,66,0,0,0,0,0,0,0,0,-32304,0,0,0,0,0,221665,0
219988,-880,8098,186,222,-5,65,-217008,0,4,-1025,-320,36253,151,31,66,0,0,0,0,0,0,0,0,-32304,0,0,0,0,0,221669,0
219993,-876,8090,178,226,-10,57,-217009,1,-6,-1023,-328,36253,151,31,66,0,0,0,0,0,0,0,0,-32303,0,0,0,0,0,221675,0
219998,-902,8052,224,234,-9,59,-217008,1,-1,-1021,-336,36254,146,31,66,0,0,0,0,0,0,0,0,-32304,0,0,0,0,0,221681,0
220003,-928,7980,234,229,-9,50,-217009,-3,4,-1026,-320,36254,146,31,66,0,0,0,0,0,0,0,0,-32304,0,0,0,0,0,221686,0
220008,-990,8028,296,231,-28,50,-217009,1,2,-1015,-336,36253,138,31,66,0,0,0,0,0,0,0,0,-32304,0,0,0,0,0,221692,0
220013,-1016,8010,248,240,-30,56,-217009,-5,-2,-1023,-320,36253,138,31,66,0,0,0,0,0,0,0,0,-32304,0,0,0,0,0,221696,0
220018,-1000,8052,254,239,-37,59,-217010,-1,0,-1019,-320,36253,147,31,66,0,0,0,0,0,0,0,0,-32304,0,0,0,0,0,221703,0
220023,-1004,8020,238,249,-36,55,-217009,0,-2,-1019,-328,36253,147,31,66,0,0,0,0,0,0,0,0,-32304,0,0,0,0,0,221708,0
220028,-994,8044,234,251,-43,63,-217009,-6,4,-1024,-320,36253,148,31,66,0,0,0,0,0,0,0,0,-32304,0,0,0,0,0,221714,0
220033,-1074,8034,174,251,-41,58,-217009,0,-2,-1018,-328,36253,148,31,66,0,0,0,0,0,0,0,0,-32304,0,0,0,0,0,221720,0
220038,-892,7900,-78,256,-54,59,-217009,3,2,-1024,-336,36252,152,31,66,0,0,0,0,0,0,0,0,-32304,0,0,0,0,0,221726,0
220043,-966,8108,256,261,-40,65,-217010,5,-4,-1023,-328,36252,152,31,66,0,0,0,0,0,0,0,0,-32304,0,0,0,0,0,221731,0
220048,-956,8100,154,254,-44,66,-217009,-3,3,-1018,-336,36253,154,31,66,0,0,0,0,0,0,0,0,-32304,0,0,0,0,0,221737,0
220053,-876,8088,70,254,-34,66,-217010,0,5,-1019,-328,36253,154,31,66,0,0,0,0,0,0,0,0,-32304,0,0,0,0,0,221742,0
220058,-902,8086,76,252,-33,64,-217010,-2,-6,-1018,-336,36251,144,31,66,0,0,0,0,0,0,0,0,-32303,0,0,0,0,0,221747,0
220063,-898,8098,70,251,-24,61,-217009,1,-1,-1021,-328,36251,144,31,66,0,0,0,0,0,0,0,0,-32304,0,0,0,0,0,221753,0
220068,-824,8164,-32,245,-16,66,-217011,-3,-3,-1020,-320,36254,144,31,66,0,0,0,0,0,0,0,0,-32304,0,0,0,0,0,221758,0
220073,-784,8178,-4,236,-12,57,-217010,0,1,-1020,-328,36254,144,31,66,0,0,0,0,0,0,0,0,-32304,0,0,0,0,0,221764,0
220078,-770,8202,-38,235,-10,55,-217010,-1,1,-1024,-336,36256,149,31,66,0,0,0,0,0,0,0,0,-32304,0,0,0,0,0,221768,0
220083,-762,8158,-60,229,-8,54,-217011,-8,-3,-1017,-328,36256,149,31,66,0,0,0,0,0,0,0,0,-32304,0,0,0,0,0,221774,0
220088,-758,8192,-96,222,0,48,-217011,-6,1,-1016,-320,36256,145,31,66,0,0,0,0,0,0,0,0,-32304,0,0,0,0,0,221780,0
220093,-742,8186,-104,216,4,47,-217010,0,-1,-1016,-320,36256,145,31,66,0,0,0,0,0,0,0,0,-32304,0,0,0,0,0,221785,0
220098,-732,8182,-108,215,2,38,-217010,5,2,-1013,-336,36254,150,31,66,0,0,0,0,0,0,0,0,-32304,0,0,0,0,0,221791,0
220103,-782,8220,-130,208,8,39,-217011,0,2,-1015,-336,36254,150,31,66,0,0,0,0,0,0,0,0,-32304,0,0,0,0,0,221795,0
220108,-748,8238,-216,205,-2,28,-217010,3,2,-1017,-336,36254,152,31,66,0,0,0,0,0,0,0,0,-32304,0,0,0,0,0,221802,0
220113,-712,8278,-206,187,-6,23,-217011,-2,2,-1018,-344,36254,152,31,66,0,0,0,0,0,0,0,0,-32304,0,0,0,0,0,221807,0
220118,-708,8274,-200,183,-7,25,-217012,-6,1,-1019,-328,36255,144,31,66,0,0,0,0,0,0,0,0,-32304,0,0,0,0,0,221813,0
220123,-732,8280,-166,181,-7,12,-217011,5,3,-1013,-336,36255,144,31,66,0,0,0,0,0,0,0,0,-32304,0,0,0,0,0,221818,0
220128,-802,8244,-174,174,-18,9,-217014,-7,-4,-1021,-320,36255,142,31,66,0,0,0,0,0,0,0,0,-32304,0,0,0,0,0,221823,0
220133,-778,8208,-136,162,-22,-1,-217013,-2,-1,-1019,-312,36255,142,31,66,0,0,0,0,0,0,0,0,-32304,0,0,0,0,0,221829,0
220138,-830,8222,-130,161,-24,-7,-217012,-2,4,-1020,-328,36256,143,31,66,0,0,0,0,0,0,0,0,-32304,0,0,0,0,0,221834,0
220143,-876,8156,-150,159,-24,-4,-217013,-1,0,-1017,-336,36256,143,31,66,0,0,0,0,0,0,0,0,-32304,0,0,0,0,0,221839,0
220148,-922,8134,-138,143,-32,-10,-217014,-8,-2,-1016,-320,36256,144,31,66,0,0,0,0,0,0,0,0,-32303,0,0,0,0,0,221845,0
220153,-932,8108,-152,134,-37,3,-217012,-5,0,-1024,-320,36256,144,31,66,0,0,0,0,0,0,0,0,-32304,0,0,0,0,0,221851,0
220158,-932,8106,-112,139,-36,-4,-217012,5,2,-1013,-336,36254,154,31,66,0,0,0,0,0,0,0,0,-32304,0,0,0,0,0,221856,0
220163,-954,8114,-126,126,-36,-9,-217012,2,-1,-1017,-328,36254,154,31,66,0,0,0,0,0,0,0,0,-32304,0,0,0,0,0,221861,0
220168,-1004,8084,-112,125,-36,-5,-217013,-2,-4,-1018,-320,36254,152,31,66,0,0,0,0,0,0,0,0,-32304,0,0,0,0,0,221866,0
220173,-1030,8048,-90,117,-36,-6,-217013,5,-1,-1015,-336,36254,152,31,66,0,0,0,0,0,0,0,0,-32304,0,0,0,0,0,221872,0
220178,-1016,8080,-112,116,-43,3,-217012,-1,3,-1017,-336,36252,157,31,66,0,0,0,0,0,0,0,0,-32304,0,0,0,0,0,221878,0
220183,-1026,8050,-62,114,-34,-3,-217012,0,-1,-1015,-328,36252,157,31,66,0,0,0,0,0,0,0,0,-32304,0,0,0,0,0,221883,0
220188,-1032,8018,-42,103,-26,9,-217012,3,-1,-1017,-336,36254,158,31,66,0,0,0,0,0,0,0,0,-32304,0,0,0,0,0,221888,0
220193,-1034,8056,-24,106,-28,12,-217012,-2,-1,-1016,-344,36254,158,31,66,0,0,0,0,0,0,0,0,-32304,0,0,0,0,0,221894,0
220198,-1026,8074,-38,103,-25,9,-217012,0,-1,-1009,-336,36255,159,31,66,0,0,0,0,0,0,0,0,-32303,0,0,0,0,0,221899,0
220203,-1004,8076,-22,100,-24,17,-217012,4,-1,-1015,-336,36255,159,31,66,0,0,0,0,0,0,0,0,-32304,0,0,0,0,0,221905,0
220208,-984,8078,-10,88,-18,22,-217013,-2,0,-1017,-336,36258,152,31,66,0,0,0,0,0,0,0,0,-32304,0,0,0,0,0,221910,0
220213,-1026,8032,-6,94,-12,24,-217013,-5,-2,-1014,-328,36258,152,31,66,0,0,0,0,0,0,0,0,-32304,0,0,0,0,0,221916,0
220218,-998,8054,-14,85,-16,29,-217013,-3,2,-1015,-320,36255,147,31,66,0,0,0,0,0,0,0,0,-32304,0,0,0,0,0,221921,0
220223,-982,8088,22,90,-9,25,-217012,3,-1,-1020,-328,36255,147,31,66,0,0,0,0,0,0,0,0,-32304,0,0,0,0,0,221926,0
220228,-924,8098,60,85,-9,27,-217012,1,-3,-1021,-336,36256,144,31,66,0,0,0,0,0,0,0,0,-32304,0,0,0,0,0,221932,0
220233,-906,8112,40,85,-7,30,-217013,0,-1,-1013,-320,36256,144,31,66,0,0,0,0,0,0,0,0,-32304,0,0,0,0,0,221936,0
220238,-894,8082,30,87,-10,31,-217012,1,-2,-1019,-336,36256,152,31,66,0,0,0,0,0,0,0,0,-32304,0,0,0,0,0,221943,0
220243,-876,8104,64,87,-10,25,-217012,-3,0,-1020,-344,36256,152,31,66,0,0,0,0,0,0,0,0,-32304,0,0,0,0,0,221948,0
220248,-876,8096,74,88,-5,30,-217012,1,0,-1013,-336,36258,157,31,66,0,0,0,0,0,0,0,0,-32304,0,0,0,0,0,221953,0
220253,-854,8120,70,93,-5,24,-217013,0,-1,-1012,-320,36258,157,31,66,0,0,0,0,0,0,0,0,-32303,0,0,0,0,0,221959,0
220258,-838,8132,88,87,-7,21,-217012,7,1,-1013,-336,36257,157,31,66,0,0,0,0,0,0,0,0,-32304,0,0,0,0,0,221964,0
220263,-826,8132,136,92,-2,19,-217014,-9,-1,-1019,-320,36257,157,31,66,0,0,0,0,0,0,0,0,-32304,0,0,0,0,0,221970,0
220268,-828,8096,96,92,6,16,-217014,-1,-1,-1016,-336,36253,156,31,66,0,0,0,0,0,0,0,0,-32304,0,0,0,0,0,221975,0
220273,-884,8086,80,100,1,8,-217014,0,-2,-1020,-336,36253,156,31,66,0,0,0,0,0,0,0,0,-32304,0,0,0,0,0,221981,0
220278,-846,8116,126,98,0,11,-217015,-6,-3,-1019,-320,36253,153,31,66,0,0,0,0,0,0,0,0,-32304,0,0,0,0,0,221986,0
220283,-846,8114,124,107,9,9,-217013,2,1,-1015,-320,36253,153,31,66,0,0,0,0,0,0,0,0,-32304,0,0,0,0,0,221992,0
220288,-860,8118,128,99,10,9,-217014,-2,1,-1018,-328,36253,143,31,66,0,0,0,0,0,0,0,0,-32304,0,0,0,0,0,221997,0
220293,-904,8078,122,109,6,7,-217014,-4,2,-1014,-328,36253,143,31,66,0,0,0,0,0,0,0,0,-32304,0,0,0,0,0,222003,0
220298,-826,8210,194,109,12,2,-217013,3,-1,-1010,-336,36254,146,31,66,0,0,0,0,0,0,0,0,-32304,0,0,0,0,0,222007,0
220303,-910,8052,70,111,18,5,-217014,-3,1,-1019,-336,36254,146,31,66,0,0,0,0,0,0,0,0,-32304,0,0,0,0,0,222013,0
220308,-1008,8134,80,110,11,3,-217014,-1,1,-1011,-328,36253,146,31,66,0,0,0,0,0,0,0,0,-32304,0,0,0,0,0,222019,0
220313,-1012,8024,74,114,11,10,-217014,-3,0,-1015,-320,36253,146,31,66,0,0,0,0,0,0,0,0,-32304,0,0,0,0,0,222024,0
220318,-974,8048,76,119,9,4,-217013,7,2,-1016,-344,36252,153,31,66,0,0,0,0,0,0,0,0,-32304,0,0,0,0,0,222030,0
220323,-962,8110,124,118,6,11,-217014,-1,-4,-1011,-336,36252,153,31,66,0,0,0,0,0,0,0,0,-32304,0,0,0,0,0,222034,0
220328,-986,8026,58,121,9,15,-217013,3,2,-1015,-328,36251,157,31,66,0,0,0,0,0,0,0,0,-32304,0,0,0,0,0,222040,0
220333,-1006,8088,56,113,12,11,-217015,-1,0,-1018,-320,36251,157,31,66,0,0,0,0,0,0,0,0,-32304,0,0,0,0,0,222046,0
220338,-1036,8038,16,120,7,18,-217013,4,2,-1010,-328,36253,152,31,66,0,0,0,0,0,0,0,0,-32304,0,0,0,0,0,222051,0
220343,-996,8084,-20,121,11,15,-217014,0,-1,-1015,-328,36253,152,31,66,0,0,0,0,0,0,0,0,-32304,0,0,0,0,0,222057,0
220348,-964,8136,-40,115,11,19,-217015,-5,-1,-1018,-328,36250,154,31,66,0,0,0,0,0,0,0,0,-32304,0,0,0,0,0,222062,0
220353,-1010,8100,-48,116,14,22,-217014,1,-2,-1017,-320,36250,154,31,66,0,0,0,0,0,0,0,0,-32304,0,0,0,0,0,222068,0
220358,-986,8136,-40,116,13,26,-217013,4,0,-1017,-344,36249,149,31,66,0,0,0,0,0,0,0,0,-32304,0,0,0,0,0,222073,0
220363,-978,8108,-22,113,10,27,-217015,-7,3,-1015,-336,36249,149,31,66,0,0,0,0,0,0,0,0,-32304,0,0,0,0,0,222079,0
220368,-1000,8114,-50,110,11,30,-217014,0,-5,-1013,-328,36248,141,31,66,0,0,0,0,0,0,0,0,-32304,0,0,0,0,0,222084,0
220373,-992,8110,-36,107,9,34,-217014,-1,-3,-1018,-328,36248,141,31,66,0,0,0,0,0,0,0,0,-32304,0,0,0,0,0,222089,0
220378,-944,8154,18,103,7,34,-217014,1,2,-1016,-328,36251,138,31,66,0,0,0,0,0,0,0,0,-32304,0,0,0,0,0,222095,0
220383,-982,8098,-24,107,4,34,-217014,0,-2,-1016,-328,36251,138,31,66,0,0,0,0,0,0,0,0,-32304,0,0,0,0,0,222100,0
220388,-1042,8078,-40,101,4,39,-217013,3,-1,-1012,-336,36252,139,31,66,0,0,0,0,0,0,0,0,-32304,0,0,0,0,0,222105,0
220393,-1026,8044,-14,108,5,36,-217015,4,-1,-1010,-328,36252,139,31,66,0,0,0,0,0,0,0,0,-32304,0,0,0,0,0,222111,0
220398,-1058,8040,-6,104,4,42,-217016,-5,1,-1014,-320,36253,141,31,66,0,0,0,0,0,0,0,0,-32304,0,0,0,0,0,222117,0
220403,-1064,8018,-30,107,-5,40,-217014,0,-1,-1010,-328,36253,141,31,66,0,0,0,0,0,0,0,0,-32304,0,0,0,0,0,222122,0
220408,-1088,8044,30,103,-7,53,-217015,-4,0,-1011,-336,36255,153,31,66,0,0,0,0,0,0,0,0,-32304,0,0,0,0,0,222128,0
220413,-1046,8022,26,101,-5,53,-217015,1,3,-1011,-328,36255,153,31,66,0,0,0,0,0,0,0,0,-32304,0,0,0,0,0,222132,0
220418,-1042,8032,28,108,-7,51,-217015,-3,0,-1020,-328,36255,150,31,66,0,0,0,0,0,0,0,0,-32304,0,0,0,0,0,222138,0
220423,-1026,8054,46,100,-9,55,-217015,-3,3,-1015,-328,36255,150,31,66,0,0,0,0,0,0,0,0,-32304,0,0,0,0,0,222144,0
220428,-1000,8068,16,105,-7,58,-217014,-2,2,-1016,-328,36257,150,30,66,0,0,0,0,0,0,0,0,-32304,0,0,0,0,0,222149,0
220433,-956,8092,24,106,-10,60,-217015,0,1,-1015,-328,36257,150,30,66,0,0,0,0,0,0,0,0,-32305,0,0,0,0,0,222155,0
220438,-936,8092,42,106,-6,60,-217016,-6,-1,-1017,-328,36259,142,31,66,0,0,0,0,0,0,0,0,-32304,0,0,0,0,0,222160,0
220443,-952,8082,30,110,-11,65,-217015,-1,1,-1016,-320,36259,142,31,66,0,0,0,0,0,0,0,0,-32304,0,0,0,0,0,222165,0
220448,-922,8082,68,115,-7,64,-217015,3,2,-1018,-336,36269,149,31,66,0,0,0,0,0,0,0,0,-32304,0,0,0,0,0,222171,0
220453,-910,8084,68,111,-9,63,-217015,-3,5,-1018,-328,36269,149,31,66,0,0,0,0,0,0,0,0,-32304,0,0,0,0,0,222176,0
220458,-924,8092,76,120,-10,62,-217014,-1,2,-1011,-336,36266,142,31,66,0,0,0,0,0,0,0,0,-32304,0,0,0,0,0,222182,0
220463,-920,8076,70,119,-10,65,-217014,3,-3,-1011,-336,36266,142,31,66,0,0,0,0,0,0,0,0,-32304,0,0,0,0,0,222187,0
220468,-958,8034,54,120,-6,59,-217015,7,3,-1011,-336,36264,160,31,66,0,0,0,0,0,0,0,0,-32304,0,0,0,0,0,222191,0
220473,-948,8052,40,117,-13,67,-217015,-1,-4,-1012,-336,36264,160,31,66,0,0,0,0,0,0,0,0,-32304,0,0,0,0,0,222198,0
220478,-926,8070,32,123,-9,62,-217015,0,-1,-1012,-328,36255,149,31,66,0,0,0,0,0,0,0,0,-32304,0,0,0,0,0,222203,0
220483,-902,8090,40,115,-5,58,-217015,2,2,-1016,-336,36255,149,31,66,0,0,0,0,0,0,0,0,-32304,0,0,0,0,0,222208,0
220488,-886,8116,4,120,-6,59,-217016,0,-2,-1019,-328,36256,157,31,66,0,0,0,0,0,0,0,0,-32304,0,0,0,0,0,222213,0
220493,-900,8104,6,124,-2,60,-217015,1,-2,-1012,-328,36256,157,31,66,0,0,0,0,0,0,0,0,-32304,0,0,0,0,0,222219,0
220498,-882,8108,16,122,6,63,-217016,1,0,-1009,-328,36256,150,31,66,0,0,0,0,0,0,0,0,-32304,0,0,0,0,0,222224,0
220503,-896,8062,-4,120,2,59,-217016,0,2,-1016,-328,36256,150,31,66,0,0,0,0,0,0,0,0,-32304,0,0,0,0,0,222230,0
220508,-856,8136,-6,120,12,61,-217015,4,-3,-1017,-336,36257,140,31,66,0,0,0,0,0,0,0,0,-32304,0,0,0,0,0,222235,0
220513,-858,8126,-10,116,8,60,-217016,0,1,-1018,-328,36257,140,31,66,0,0,0,0,0,0,0,0,-32304,0,0,0,0,0,222241,0
220518,-878,8122,-32,123,6,59,-217016,-3,0,-1010,-320,36256,148,31,66,0,0,0,0,0,0,0,0,-32304,0,0,0,0,0,222246,0
220523,-788,8158,-32,114,5,52,-217015,1,-3,-1009,-336,36256,148,31,66,0,0,0,0,0,0,0,0,-32304,0,0,0,0,0,222252,0
220528,-848,8150,-46,110,13,51,-217016,0,-2,-1012,-328,36256,146,31,66,0,0,0,0,0,0,0,0,-32304,0,0,0,0,0,222257,0
220533,-816,8160,-60,114,11,54,-217015,8,-2,-1011,-344,36256,146,31,66,0,0,0,0,0,0,0,0,-32304,0,0,0,0,0,222262,0
220538,-820,8152,-72,114,4,48,-217017,-1,3,-1013,-328,36255,137,31,66,0,0,0,0,0,0,0,0,-32304,0,0,0,0,0,222268,0
220543,-832,8142,-58,109,4,45,-217017,0,2,-1011,-328,36255,137,31,66,0,0,0,0,0,0,0,0,-32304,0,0,0,0,0,222273,0
220548,-918,8108,-78,109,10,45,-217015,6,-3,-1006,-336,36259,136,31,66,0,0,0,0,0,0,0,0,-32304,0,0,0,0,0,222279,0
220553,-966,8052,-48,107,0,44,-217017,-3,2,-1008,-328,36259,136,31,66,0,0,0,0,0,0,0,0,-32304,0,0,0,0,0,222284,0
220558,-998,8038,-70,107,2,43,-217018,-7,-2,-1012,-312,36261,140,31,66,0,0,0,0,0,0,0,0,-32304,0,0,0,0,0,222289,0
220563,-1020,8024,-72,102,0,43,-217017,0,-7,-1013,-328,36261,140,31,66,0,0,0,0,0,0,0,0,-32304,0,0,0,0,0,222295,0
220568,-974,8058,-82,101,-10,43,-217017,3,4,-1014,-320,36261,146,31,66,0,0,0,0,0,0,0,0,-32304,0,0,0,0,0,222300,0
220573,-1006,8040,-122,103,-16,47,-217018,-4,4,-1014,-328,36261,146,31,66,0,0,0,0,0,0,0,0,-32304,0,0,0,0,0,222306,0
220578,-984,8064,-78,103,-10,46,-217017,-6,-3,-1010,-328,36257,150,31,66,0,0,0,0,0,0,0,0,-32304,0,0,0,0,0,222311,0
220583,-952,8062,-98,91,-12,44,-217017,-2,-3,-1012,-328,36257,150,31,66,0,0,0,0,0,0,0,0,-32304,0,0,0,0,0,222316,0
220588,-932,8096,-98,96,-16,45,-217018,0,3,-1012,-320,36259,152,31,66,0,0,0,0,0,0,0,0,-32304,0,0,0,0,0,222322,0
220593,-910,8118,-106,91,-12,44,-217018,3,-1,-1012,-336,36259,152,31,66,0,0,0,0,0,0,0,0,-32304,0,0,0,0,0,222327,0
220598,-904,8116,-70,92,-16,44,-217017,0,1,-1012,-328,36259,159,31,66,0,0,0,0,0,0,0,0,-32304,0,0,0,0,0,222333,0
220603,-896,8174,-58,90,-17,47,-217019,-10,-3,-1010,-328,36259,159,31,66,0,0,0,0,0,0,0,0,-32304,0,0,0,0,0,222338,0
220608,-888,8154,-18,84,-12,50,-217019,0,-3,-1000,-328,36257,157,31,66,0,0,0,0,0,0,0,0,-32304,0,0,0,0,0,222343,0
220613,-856,8118,-12,92,-12,52,-217020,-7,-4,-1014,-312,36257,157,31,66,0,0,0,0,0,0,0,0,-32304,0,0,0,0,0,222349,0
220618,-838,8132,-20,84,-7,47,-217021,0,-6,-1000,-328,36258,155,31,66,0,0,0,0,0,0,0,0,-32304,0,0,0,0,0,222354,0
220623,-884,8144,16,86,-10,45,-217022,-3,1,-1007,-320,36258,155,31,66,0,0,0,0,0,0,0,0,-32304,0,0,0,0,0,222360,0
220628,-938,8102,50,87,-10,44,-217023,0,0,-1000,-320,36259,152,31,66,0,0,0,0,0,0,0,0,-32303,0,0,0,0,0,222365,0
220633,-894,8110,74,94,-16,47,-217024,-7,-1,-1001,-328,36259,152,31,66,0,0,0,0,0,0,0,0,-32303,0,0,0,0,0,222370,0
220638,-920,8068,92,94,-7,51,-217024,0,1,-995,-328,36259,154,31,66,0,0,0,0,0,0,0,0,-32304,0,0,0,0,0,222376,0
220643,-934,8082,82,105,-10,46,-217025,-1,-1,-1000,-336,36259,154,31,66,0,0,0,0,0,0,0,0,-32304,0,0,0,0,0,222382,0
220648,-986,8062,116,107,-14,56,-217027,-6,-2,-995,-328,36254,141,31,66,0,0,0,0,0,0,0,0,-32304,0,0,0,0,0,222387,0
220653,-1016,8046,118,110,-17,54,-217030,-12,-1,-991,-304,36254,141,31,66,0,0,0,0,0,0,0,0,-32303,0,0,0,0,0,222393,0
220658,-1052,8028,180,111,-11,57,-217032,-19,-7,-984,-320,36251,146,31,66,0,0,0,0,0,0,0,0,-32304,0,0,0,0,0,222398,0
220663,-998,8008,166,121,-15,58,-217035,-13,-4,-974,-328,36251,146,31,66,0,0,0,0,0,0,0,0,-32303,0,0,0,0,0,222403,0
220668,-1070,7988,232,131,-16,67,-217042,-26,-11,-955,-328,36252,145,31,66,0,0,0,0,0,0,0,0,-32303,0,0,0,0,0,222409,0
220673,-1028,7982,246,141,-20,70,-217051,-43,-22,-929,-328,36252,145,31,66,0,0,0,0,0,0,0,0,-32304,0,0,0,0,0,222414,0
220678,-1042,7992,234,149,-19,73,-217063,-50,-33,-901,-320,36267,150,31,66,0,0,0,0,0,0,0,0,-32304,0,0,0,0,0,222420,0
220683,-1030,7964,264,154,-19,83,-217068,-22,-21,-892,-312,36267,150,31,66,0,0,0,0,0,0,0,0,-32304,0,0,0,0,0,222425,0
220688,-972,7992,286,165,-23,82,-217069,-5,7,-938,-304,36279,152,31,66,0,0,0,0,0,0,0,0,-32304,0,0,0,0,0,222430,0
220693,-980,8034,256,178,-20,81,-217069,-3,27,-962,-288,36279,152,31,66,0,0,0,0,0,0,0,0,-32303,0,0,0,0,0,222436,0
220698,-978,8028,250,184,-22,84,-217069,-5,42,-962,-288,36282,140,31,66,0,0,0,0,0,0,0,0,-32304,0,0,0,0,0,222441,0
220703,-958,8008,230,190,-22,92,-217069,-7,29,-959,-312,36282,140,31,66,0,0,0,0,0,0,0,0,-32304,0,0,0,0,0,222447,0
220708,-956,8046,186,203,-12,89,-217069,-3,7,-958,-312,36273,130,31,66,0,0,0,0,0,0,0,0,-32303,0,0,0,0,0,222452,0
220713,-954,8030,168,210,-9,97,-217068,0,2,-959,-312,36273,130,31,66,0,0,0,0,0,0,0,0,-32304,0,0,0,0,0,222457,0
220718,-1034,8052,138,218,-9,103,-217069,-3,-3,-962,-296,36263,145,31,66,0,0,0,0,0,0,0,0,-32304,0,0,0,0,0,222463,0
220723,-816,7866,-196,204,-28,107,-217069,-1,2,-966,-288,36263,145,31,66,0,0,0,0,0,0,0,0,-32304,0,0,0,0,0,222468,0
220728,-1080,8044,200,213,-7,115,-217069,0,-5,-961,-296,36256,142,31,66,0,0,0,0,0,0,0,0,-32303,0,0,0,0,0,222474,0
220733,-1092,7996,-42,224,-2,120,-217069,0,1,-961,-288,36256,142,31,66,0,0,0,0,0,0,0,0,-32304,0,0,0,0,0,222479,0
220738,-1018,8008,-40,229,18,128,-217070,-1,2,-963,-288,36256,148,31,66,0,0,0,0,0,0,0,0,-32304,0,0,0,0,0,222485,0
220743,-1120,8016,36,231,21,132,-217069,-1,2,-965,-304,36256,148,31,66,0,0,0,0,0,0,0,0,-32303,0,0,0,0,0,222490,0
220748,-1058,8046,-128,224,23,147,-217070,0,3,-964,-312,36256,145,31,66,0,0,0,0,0,0,0,0,-32304,0,0,0,0,0,222496,0
220753,-1058,8048,-60,234,27,153,-217071,0,2,-955,-304,36256,145,31,66,0,0,0,0,0,0,0,0,-32304,0,0,0,0,0,222501,0
220758,-1042,8078,-130,227,25,161,-217070,-3,3,-957,-296,36256,150,31,66,0,0,0,0,0,0,0,0,-32304,0,0,0,0,0,222507,0
220763,-1036,8070,-134,223,21,164,-217068,4,-1,-962,-288,36256,150,31,66,0,0,0,0,0,0,0,0,-32304,0,0,0,0,0,222512,0
220768,-1058,8126,-188,217,21,175,-217069,0,7,-964,-280,36257,154,31,66,0,0,0,0,0,0,0,0,-32303,0,0,0,0,0,222517,0
220773,-1086,8064,-206,216,24,179,-217070,-1,4,-966,-296,36257,154,31,66,0,0,0,0,0,0,0,0,-32304,0,0,0,0,0,222523,0
220778,-1100,8050,-202,215,24,187,-217072,-9,-6,-961,-288,36257,153,31,66,0,0,0,0,0,0,0,0,-32303,0,0,0,0,0,222528,0
220783,-1082,8060,-206,216,29,191,-217070,0,-6,-954,-296,36257,153,31,66,0,0,0,0,0,0,0,0,-32304,0,0,0,0,0,222534,0
220788,-1112,8010,-220,205,20,205,-217069,8,3,-957,-312,36256,148,31,66,0,0,0,0,0,0,0,0,-32303,0,0,0,0,0,222539,0
220793,-1072,8048,-214,210,19,207,-217070,-1,1,-966,-304,36256,148,31,66,0,0,0,0,0,0,0,0,-32304,0,0,0,0,0,222544,0
220798,-1104,8034,-220,200,10,214,-217071,-7,0,-962,-304,36254,143,31,66,0,0,0,0,0,0,0,0,-32304,0,0,0,0,0,222550,0
220803,-1072,8072,-228,197,4,221,-217071,-5,-2,-959,-288,36254,143,31,66,0,0,0,0,0,0,0,0,-32304,0,0,0,0,0,222555,0
220808,-1054,8106,-276,195,-12,233,-217072,0,-2,-955,-296,36256,145,31,66,0,0,0,0,0,0,0,0,-32303,0,0,0,0,0,222561,0
220813,-1020,8112,-282,190,-18,239,-217071,-1,-1,-960,-288,36256,145,31,66,0,0,0,0,0,0,0,0,-32304,0,0,0,0,0,222566,0
220818,-1006,8098,-252,185,-20,237,-217071,-2,4,-964,-304,36256,145,31,66,0,0,0,0,0,0,0,0,-32303,0,0,0,0,0,222571,0
220823,-988,8058,-238,185,-23,245,-217071,3,0,-955,-304,36256,145,31,66,0,0,0,0,0,0,0,0,-32304,0,0,0,0,0,222577,0
220828,-968,8072,-222,179,-26,255,-217070,3,5,-959,-296,36256,146,31,66,0,0,0,0,0,0,0,0,-32304,0,0,0,0,0,222582,0
220833,-970,8056,-194,183,-32,259,-217072,-1,-2,-958,-288,36256,146,31,66,0,0,0,0,0,0,0,0,-32304,0,0,0,0,0,222588,0
220838,-930,8080,-182,177,-23,258,-217072,0,0,-954,-288,36254,142,31,66,0,0,0,0,0,0,0,0,-32303,0,0,0,0,0,222593,0
220843,-908,8088,-164,174,-26,263,-217071,0,2,-957,-288,36254,142,31,66,0,0,0,0,0,0,0,0,-32304,0,0,0,0,0,222598,0
220848,-860,8086,-132,169,-7,274,-217072,1,-4,-958,-312,36255,145,31,66,0,0,0,0,0,0,0,0,-32304,0,0,0,0,0,222604,0
220853,-898,8058,-162,173,-10,278,-217073,-7,-4,-964,-280,36255,145,31,66,0,0,0,0,0,0,0,0,-32304,0,0,0,0,0,222609,0
220858,-868,8030,-106,169,-4,280,-217072,1,-1,-960,-280,36255,145,31,66,0,0,0,0,0,0,0,0,-32303,0,0,0,0,0,222615,0
220863,-872,8070,-76,172,-2,284,-217073,2,-5,-957,-288,36255,145,31,66,0,0,0,0,0,0,0,0,-32304,0,0,0,0,0,222620,0
220868,-882,8078,-20,173,19,291,-217072,-2,0,-960,-280,36256,142,31,66,0,0,0,0,0,0,0,0,-32304,0,0,0,0,0,222626,0
220873,-784,8096,-30,167,20,295,-217073,0,-3,-956,-288,36256,142,31,66,0,0,0,0,0,0,0,0,-32304,0,0,0,0,0,222631,0
220878,-750,8088,-20,177,25,293,-217072,-1,1,-960,-280,36256,136,31,66,0,0,0,0,0,0,0,0,-32304,0,0,0,0,0,222637,0
220883,-752,8104,-30,177,35,298,-217073,-2,-2,-957,-280,36256,136,31,66,0,0,0,0,0,0,0,0,-32303,0,0,0,0,0,222642,0
220888,-768,8084,-12,184,39,298,-217072,4,2,-957,-280,36257,149,31,66,0,0,0,0,0,0,0,0,-32304,0,0,0,0,0,222648,0
220893,-816,8078,-10,186,46,303,-217073,7,0,-959,-304,36257,149,31,66,0,0,0,0,0,0,0,0,-32304,0,0,0,0,0,222653,0
220898,-828,8058,30,191,48,309,-217072,8,1,-949,-280,36256,145,31,66,0,0,0,0,0,0,0,0,-32304,0,0,0,0,0,222658,0
220903,-910,8028,6,194,56,314,-217074,-5,4,-955,-296,36256,145,31,66,0,0,0,0,0,0,0,0,-32304,0,0,0,0,0,222664,0
220908,-940,7926,-232,189,40,324,-217074,0,-2,-953,-280,36256,153,31,66,0,0,0,0,0,0,0,0,-32303,0,0,0,0,0,222669,0
220913,-848,8070,50,216,57,326,-217073,2,-1,-959,-280,36256,153,31,66,0,0,0,0,0,0,0,0,-32304,0,0,0,0,0,222675,0
220918,-898,8010,78,200,52,326,-217073,-1,-1,-962,-304,36257,152,31,66,0,0,0,0,0,0,0,0,-32304,0,0,0,0,0,222680,0
220923,-902,8022,-84,208,43,337,-217074,-4,2,-959,-272,36257,152,31,66,0,0,0,0,0,0,0,0,-32304,0,0,0,0,0,222686,0
220928,-948,8082,-100,224,42,348,-217074,0,0,-960,-272,36262,141,31,66,0,0,0,0,0,0,0,0,-32304,0,0,0,0,0,222691,0
220933,-866,8090,-152,215,23,352,-217073,0,3,-959,-288,36262,141,31,66,0,0,0,0,0,0,0,0,-32303,0,0,0,0,0,222696,0
220938,-898,8090,-192,218,14,355,-217073,3,4,-955,-288,36262,135,31,66,0,0,0,0,0,0,0,0,-32304,0,0,0,0,0,222702,0
220943,-844,8086,-232,227,-1,355,-217074,1,-1,-959,-296,36262,135,31,66,0,0,0,0,0,0,0,0,-32304,0,0,0,0,0,222707,0
220948,-808,8138,-206,230,-22,362,-217075,-6,-2,-956,-288,36258,127,31,66,0,0,0,0,0,0,0,0,-32304,0,0,0,0,0,222713,0
220953,-812,8112,-204,224,-27,366,-217074,-1,3,-956,-280,36258,127,31,66,0,0,0,0,0,0,0,0,-32304,0,0,0,0,0,222718,0
220958,-776,8124,-238,229,-47,366,-217075,-7,-4,-960,-272,36256,138,31,66,0,0,0,0,0,0,0,0,-32304,0,0,0,0,0,222723,0
220963,-764,8124,-224,226,-50,370,-217074,-2,-2,-954,-280,36256,138,31,66,0,0,0,0,0,0,0,0,-32304,0,0,0,0,0,222729,0
220968,-706,8100,-224,230,-69,375,-217074,-3,0,-954,-288,36257,143,31,66,0,0,0,0,0,0,0,0,-32304,0,0,0,0,0,222734,0
220973,-672,8128,-216,236,-67,381,-217074,-1,-1,-956,-280,36257,143,31,66,0,0,0,0,0,0,0,0,-32303,0,0,0,0,0,222740,0
220978,-642,8122,-228,226,-73,375,-217073,3,2,-963,-272,36259,149,31,66,0,0,0,0,0,0,0,0,-32304,0,0,0,0,0,222745,0
220983,-630,8116,-252,233,-75,376,-217074,0,0,-955,-272,36259,149,31,66,0,0,0,0,0,0,0,0,-32304,0,0,0,0,0,222750,0
220988,-516,8130,-208,235,-66,376,-217074,0,-1,-952,-296,36256,155,31,66,0,0,0,0,0,0,0,0,-32304,0,0,0,0,0,222756,0
220993,-532,8116,-198,225,-59,374,-217074,-11,0,-957,-288,36256,155,31,66,0,0,0,0,0,0,0,0,-32304,0,0,0,0,0,222761,0
220998,-482,8126,-216,227,-46,373,-217074,-2,-1,-953,-280,36253,155,31,66,0,0,0,0,0,0,0,0,-32304,0,0,0,0,0,222767,0
221003,-476,8126,-184,224,-45,371,-217076,0,-7,-957,-280,36253,155,31,66,0,0,0,0,0,0,0,0,-32304,0,0,0,0,0,222773,0
221008,-472,8144,-202,229,-24,369,-217075,6,1,-954,-288,36254,144,31,66,0,0,0,0,0,0,0,0,-32304,0,0,0,0,0,222778,0
221013,-424,8152,-216,223,-25,366,-217074,4,3,-958,-272,36254,144,31,66,0,0,0,0,0,0,0,0,-32304,0,0,0,0,0,222783,0
221018,-432,8156,-212,230,-9,364,-217074,7,5,-956,-280,36254,144,31,66,0,0,0,0,0,0,0,0,-32304,0,0,0,0,0,222788,0
221023,-398,8172,-212,224,-8,358,-217074,0,2,-721,48,36254,144,31,66,0,0,0,0,0,0,0,0,-32304,0,0,0,0,0,222794,0
221028,-376,8138,-212,231,6,355,-217047,129,63,-74,72,36254,138,31,66,0,0,0,0,0,0,0,0,-32304,0,0,0,0,0,222800,0
221033,-364,8176,-178,223,6,350,-216995,230,158,27,136,36254,138,31,66,0,0,0,0,0,0,0,0,-32304,0,0,0,0,0,222805,0
221038,-458,8218,-212,221,3,346,-216932,285,244,43,144,36255,134,31,66,0,0,0,0,0,0,0,0,-32304,0,0,0,0,0,222811,0
221043,-414,8204,-188,224,6,352,-216867,284,248,30,128,36255,134,31,66,0,0,0,0,0,0,0,0,-32304,0,0,0,0,0,222817,0
221048,-496,8160,-246,234,2,343,-216804,266,172,6,104,36256,133,31,66,0,0,0,0,0,0,0,0,-32304,0,0,0,0,0,222822,0
221053,-502,8140,-244,232,3,343,-216753,219,40,-3,80,36256,133,31,66,0,0,0,0,0,0,0,0,-32304,0,0,0,0,0,222828,0
221058,-486,8164,-222,233,-1,346,-216712,168,-69,0,56,36258,130,31,66,0,0,0,0,0,0,0,0,-32304,0,0,0,0,0,222833,0
221063,-520,8144,-192,235,-3,341,-216680,135,-129,6,48,36258,130,31,66,0,0,0,0,0,0,0,0,-32304,0,0,0,0,0,222838,0
221068,-492,8100,-246,235,-7,341,-216656,111,-141,15,24,36259,122,31,66,0,0,0,0,0,0,0,0,-32304,0,0,0,0,0,222844,0
221073,-504,8122,-262,232,-7,343,-216643,49,-144,20,16,36259,122,31,66,0,0,0,0,0,0,0,0,-32304,0,0,0,0,0,222849,0
221078,-492,8144,-270,234,-2,337,-216645,-10,-151,20,0,36263,131,31,66,0,0,0,0,0,0,0,0,-32304,0,0,0,0,0,222854,0
221083,-436,8140,-278,236,-2,337,-216645,0,-137,20,0,36263,131,31,66,0,0,0,0,0,0,0,0,-32304,0,0,0,0,0,222860,0
221088,-420,8124,-292,229,0,338,-216644,3,-107,22,0,36262,125,31,66,0,0,0,0,0,0,0,0,-32304,0,0,0,0,0,222865,0
221093,-434,8108,-290,236,-3,337,-216645,0,-61,20,8,36262,125,31,66,0,0,0,0,0,0,0,0,-32304,0,0,0,0,0,222871,0
221098,-450,8132,-312,232,-4,335,-216645,-3,-15,20,8,36261,126,31,66,0,0,0,0,0,0,0,0,-32304,0,0,0,0,0,222876,0
221103,-472,8110,-324,232,-7,332,-216643,9,6,20,0,36261,126,31,66,0,0,0,0,0,0,0,0,-32304,0,0,0,0,0,222882,0
221108,-460,8146,-362,235,-5,334,-216645,0,-7,20,0,36258,131,31,66,0,0,0,0,0,0,0,0,-32304,0,0,0,0,0,222887,0
221113,-452,8146,-348,227,-9,345,-216643,1,1,20,8,36258,131,31,66,0,0,0,0,0,0,0,0,-32304,0,0,0,0,0,222892,0
221118,-422,8134,-374,225,-6,333,-216644,0,3,20,0,36259,138,31,66,0,0,0,0,0,0,0,0,-32304,0,0,0,0,0,222898,0
221123,-392,8154,-406,227,-10,338,-216643,3,-1,20,8,36259,138,31,66,0,0,0,0,0,0,0,0,-32304,0,0,0,0,0,222903,0
221128,-374,8172,-370,229,-10,336,-216645,0,-3,20,8,36260,143,31,66,0,0,0,0,0,0,0,0,-32304,0,0,0,0,0,222909,0
221133,-308,8178,-366,221,-18,334,-216644,-4,1,19,0,36260,143,31,66,0,0,0,0,0,0,0,0,-32304,0,0,0,0,0,222914,0
221138,-306,8176,-342,220,-13,331,-216643,5,1,20,8,36258,144,31,66,0,0,0,0,0,0,0,0,-32304,0,0,0,0,0,222919,0
221143,-256,8168,-354,223,-10,328,-216645,-2,-3,19,8,36258,144,31,66,0,0,0,0,0,0,0,0,-32304,0,0,0,0,0,222925,0
221148,-270,8186,-366,214,-7,323,-216644,-3,3,20,8,36260,133,31,66,0,0,0,0,0,0,0,0,-32304,0,0,0,0,0,222930,0
221153,-274,8192,-368,216,-2,321,-216644,-4,1,19,8,36260,133,31,66,0,0,0,0,0,0,0,0,-32303,0,0,0,0,0,222936,0
221158,-276,8152,-366,216,-7,315,-216645,0,-6,18,8,36261,132,31,66,0,0,0,0,0,0,0,0,-32304,0,0,0,0,0,222942,0
221163,-292,8170,-350,211,-7,316,-216644,1,-1,21,8,36261,132,31,66,0,0,0,0,0,0,0,0,-32304,0,0,0,0,0,222947,0
221168,-304,8156,-396,208,-7,314,-216644,0,0,21,0,36265,131,31,66,0,0,0,0,0,0,0,0,-32304,0,0,0,0,0,222952,0
221173,-304,8172,-412,208,-2,313,-216645,0,-1,21,8,36265,131,31,66,0,0,0,0,0,0,0,0,-32304,0,0,0,0,0,222958,0
221178,-336,8106,-386,211,-5,310,-216643,6,1,20,8,36267,123,31,66,0,0,0,0,0,0,0,0,-32304,0,0,0,0,0,222963,0
221183,-326,8118,-392,202,-9,310,-216644,0,-2,19,8,36267,123,31,66,0,0,0,0,0,0,0,0,-32304,0,0,0,0,0,222969,0
221188,-352,8162,-448,201,-15,306,-216644,2,-1,21,0,36270,122,31,66,0,0,0,0,0,0,0,0,-32304,0,0,0,0,0,222974,0
221193,-344,8154,-462,201,-10,305,-216646,-6,-5,19,8,36270,122,31,66,0,0,0,0,0,0,0,0,-32304,0,0,0,0,0,222979,0
221198,-320,8136,-480,200,-20,305,-216645,-3,-2,20,8,36267,130,31,66,0,0,0,0,0,0,0,0,-32304,0,0,0,0,0,222985,0
221203,-312,8178,-508,196,-18,307,-216645,-6,2,19,0,36267,130,31,66,0,0,0,0,0,0,0,0,-32304,0,0,0,0,0,222990,0
221208,-274,8168,-492,183,-28,303,-216644,4,-6,18,8,36264,128,31,66,0,0,0,0,0,0,0,0,-32304,0,0,0,0,0,222996,0
221213,-242,8158,-490,189,-26,306,-216644,0,-2,19,8,36264,128,31,66,0,0,0,0,0,0,0,0,-32304,0,0,0,0,0,223001,0
221218,-228,8162,-474,179,-27,302,-216645,-5,-3,20,8,36260,143,31,66,0,0,0,0,0,0,0,0,-32304,0,0,0,0,0,223006,0
221223,-222,8166,-486,179,-27,302,-216644,-3,-2,20,0,36260,143,31,66,0,0,0,0,0,0,0,0,-32304,0,0,0,0,0,223012,0
221228,-254,8160,-484,171,-25,300,-216643,7,0,20,8,36262,131,31,66,0,0,0,0,0,0,0,0,-32304,0,0,0,0,0,223017,0
221233,-246,8154,-462,175,-29,300,-216645,-3,-4,21,8,36262,131,31,66,0,0,0,0,0,0,0,0,-32304,0,0,0,0,0,223023,0
221238,-260,8132,-474,174,-26,297,-216644,-5,2,21,8,36263,133,31,66,0,0,0,0,0,0,0,0,-32304,0,0,0,0,0,223028,0
221243,-264,8170,-478,165,-24,298,-216645,6,-2,20,8,36263,133,31,66,0,0,0,0,0,0,0,0,-32304,0,0,0,0,0,223033,0
221248,-268,8142,-432,161,-27,299,-216645,-2,1,20,0,36261,133,31,66,0,0,0,0,0,0,0,0,-32304,0,0,0,0,0,223039,0
221253,-264,8120,-416,162,-26,291,-216644,3,4,19,8,36261,133,31,66,0,0,0,0,0,0,0,0,-32304,0,0,0,0,0,223044,0
221258,-266,8132,-422,161,-26,295,-216643,4,-2,19,8,36261,126,31,66,0,0,0,0,0,0,0,0,-32304,0,0,0,0,0,223050,0
221263,-230,8118,-386,157,-26,294,-216644,-2,1,19,8,36261,126,31,66,0,0,0,0,0,0,0,0,-32304,0,0,0,0,0,223055,0
221268,-228,8142,-362,160,-16,297,-216645,-4,-4,20,8,36260,120,31,66,0,0,0,0,0,0,0,0,-32304,0,0,0,0,0,223061,0
221273,-220,8146,-356,155,-17,295,-216644,-6,-2,19,0,36260,120,31,66,0,0,0,0,0,0,0,0,-32304,0,0,0,0,0,223066,0
221278,-250,8126,-352,160,-8,295,-216644,3,-2,22,8,36261,123,31,66,0,0,0,0,0,0,0,0,-32304,0,0,0,0,0,223072,0
221283,-252,8128,-342,157,-4,299,-216643,9,2,21,8,36261,123,31,66,0,0,0,0,0,0,0,0,-32304,0,0,0,0,0,223077,0
221288,-194,8118,-298,161,0,298,-216644,-3,0,20,0,36264,127,31,66,0,0,0,0,0,0,0,0,-32304,0,0,0,0,0,223082,0
221293,-170,8168,-300,169,6,296,-216644,-3,3,18,8,36264,127,31,66,0,0,0,0,0,0,0,0,-32304,0,0,0,0,0,223088,0
221298,-134,8172,-344,161,11,296,-216645,-7,-3,20,8,36262,130,31,66,0,0,0,0,0,0,0,0,-32305,0,0,0,0,0,223093,0
221303,-114,8156,-310,169,11,294,-216645,0,1,18,0,36262,130,31,66,0,0,0,0,0,0,0,0,-32303,0,0,0,0,0,223099,0
221308,-132,8144,-300,169,10,288,-216645,5,3,19,0,36264,125,31,66,0,0,0,0,0,0,0,0,-32304,0,0,0,0,0,223104,0
221313,-126,8130,-306,176,20,294,-216644,3,0,20,8,36264,125,31,66,0,0,0,0,0,0,0,0,-32304,0,0,0,0,0,223110,0
221318,-116,8148,-296,173,13,288,-216645,0,2,20,0,36260,115,31,66,0,0,0,0,0,0,0,0,-32304,0,0,0,0,0,223115,0
221323,-114,8166,-314,177,11,289,-216644,-1,2,21,0,36260,115,31,66,0,0,0,0,0,0,0,0,-32303,0,0,0,0,0,223121,0
221328,-96,8184,-330,181,15,282,-216644,2,1,20,8,36260,120,31,66,0,0,0,0,0,0,0,0,-32304,0,0,0,0,0,223126,0
221333,-96,8126,-282,180,7,277,-216646,-1,2,21,0,36260,120,31,66,0,0,0,0,0,0,0,0,-32304,0,0,0,0,0,223131,0
221338,-98,8118,-282,188,1,278,-216644,1,-2,20,8,36260,121,31,66,0,0,0,0,0,0,0,0,-32304,0,0,0,0,0,223137,0
221343,-70,8126,-342,194,7,279,-216642,6,-1,18,8,36260,121,31,66,0,0,0,0,0,0,0,0,-32304,0,0,0,0,0,223142,0
221348,-88,8212,-426,196,1,266,-216645,0,3,18,0,36259,129,31,66,0,0,0,0,0,0,0,0,-32304,0,0,0,0,0,223148,0
221353,-58,8204,-416,193,-3,268,-216644,-3,0,20,8,36259,129,31,66,0,0,0,0,0,0,0,0,-32304,0,0,0,0,0,223153,0
221358,-70,8216,-392,189,-8,261,-216644,5,-3,20,0,36259,133,31,66,0,0,0,0,0,0,0,0,-32303,0,0,0,0,0,223158,0
221363,-66,8190,-410,190,-13,257,-216644,-5,-1,19,8,36259,133,31,66,0,0,0,0,0,0,0,0,-32304,0,0,0,0,0,223164,0
221368,-34,8204,-460,193,-22,253,-216644,2,-2,21,8,36260,125,31,66,0,0,0,0,0,0,0,0,-32304,0,0,0,0,0,223169,0
221373,-28,8200,-484,187,-21,247,-216643,4,-4,21,8,36260,125,31,66,0,0,0,0,0,0,0,0,-32304,0,0,0,0,0,223175,0
221378,-10,8240,-516,190,-33,240,-216643,7,1,21,8,36260,124,31,66,0,0,0,0,0,0,0,0,-32304,0,0,0,0,0,223180,0
221383,-8,8258,-566,189,-37,241,-216643,8,-2,20,0,36260,124,31,66,0,0,0,0,0,0,0,0,-32304,0,0,0,0,0,223185,0
221388,-4,8304,-588,184,-51,227,-216643,5,-3,20,0,36261,133,31,66,0,0,0,0,0,0,0,0,-32303,0,0,0,0,0,223191,0
221393,16,8356,-610,177,-58,223,-216644,-3,-4,20,8,36261,133,31,66,0,0,0,0,0,0,0,0,-32304,0,0,0,0,0,223196,0
221398,18,8432,-654,172,-67,216,-216644,0,-3,19,0,36264,139,31,66,0,0,0,0,0,0,0,0,-32304,0,0,0,0,0,223202,0
221403,34,8484,-690,163,-68,212,-216643,3,-3,21,0,36264,139,31,66,0,0,0,0,0,0,0,0,-32304,0,0,0,0,0,223208,0
221408,96,8686,-762,145,-69,190,-216645,-2,2,20,8,36266,140,31,66,0,0,0,0,0,0,0,0,-32304,0,0,0,0,0,223213,0
221413,-70,8528,-752,160,-70,194,-216644,2,2,21,8,36266,140,31,66,0,0,0,0,0,0,0,0,-32304,0,0,0,0,0,223218,0
221418,20,8714,-654,132,-76,188,-216643,3,-1,21,8,36265,128,31,66,0,0,0,0,0,0,0,0,-32304,0,0,0,0,0,223224,0
221423,-28,8680,-812,129,-71,174,-216644,0,0,20,8,36265,128,31,66,0,0,0,0,0,0,0,0,-32304,0,0,0,0,0,223229,0
221428,-28,8542,-912,111,-72,168,-216644,-2,-2,19,8,36264,124,30,66,0,0,0,0,0,0,0,0,-32304,0,0,0,0,0,223235,0
221433,-36,8504,-904,99,-71,169,-216644,-1,-1,20,0,36264,124,30,66,0,0,0,0,0,0,0,0,-32305,0,0,0,0,0,223240,0
221438,-78,8408,-894,85,-82,166,-216644,2,-1,20,8,36263,119,30,66,0,0,0,0,0,0,0,0,-32304,0,0,0,0,0,223245,0
221443,-74,8348,-898,74,-68,163,-216643,-1,1,20,8,36263,119,30,66,0,0,0,0,0,0,0,0,-32304,0,0,0,0,0,223251,0
221448,-104,8246,-830,54,-71,162,-216644,-1,0,19,8,36261,114,31,66,0,0,0,0,0,0,0,0,-32304,0,0,0,0,0,223256,0
221453,-106,8160,-840,49,-64,166,-216644,5,3,20,0,36261,114,31,66,0,0,0,0,0,0,0,0,-32304,0,0,0,0,0,223262,0
221458,-110,8128,-800,36,-55,172,-216644,-1,-4,20,8,36262,112,31,66,0,0,0,0,0,0,0,0,-32304,0,0,0,0,0,223267,0
221463,-148,8078,-772,27,-53,168,-216643,0,0,19,8,36262,112,31,66,0,0,0,0,0,0,0,0,-32304,0,0,0,0,0,223272,0
221468,-104,7988,-776,15,-34,177,-216644,2,5,20,0,36261,123,31,66,0,0,0,0,0,0,0,0,-32304,0,0,0,0,0,223278,0
221473,-74,7982,-734,3,-24,177,-216644,-2,0,20,8,36261,123,31,66,0,0,0,0,0,0,0,0,-32304,0,0,0,0,0,223283,0
221478,-54,7978,-732,-2,-11,182,-216644,3,-6,20,8,36261,132,31,66,0,0,0,0,0,0,0,0,-32304,0,0,0,0,0,223289,0
221483,30,7982,-742,-15,-4,184,-216644,0,3,20,0,36261,132,31,66,0,0,0,0,0,0,0,0,-32304,0,0,0,0,0,223294,0
221488,80,8062,-758,-29,22,180,-216643,4,1,19,8,36262,133,31,66,0,0,0,0,0,0,0,0,-32304,0,0,0,0,0,223299,0
221493,94,8094,-762,-39,35,183,-216644,2,0,19,8,36262,133,31,66,0,0,0,0,0,0,0,0,-32304,0,0,0,0,0,223305,0
221498,126,8142,-742,-43,44,179,-216645,-5,0,19,0,36267,133,31,66,0,0,0,0,0,0,0,0,-32304,0,0,0,0,0,223310,0
221503,128,8156,-734,-53,55,177,-216645,-13,-2,21,0,36267,133,31,66,0,0,0,0,0,0,0,0,-32304,0,0,0,0,0,223316,0
221508,200,8234,-728,-65,75,172,-216645,-8,3,20,0,36267,126,31,66,0,0,0,0,0,0,0,0,-32304,0,0,0,0,0,223321,0
221513,186,8266,-754,-78,82,164,-216644,-1,1,20,8,36267,126,31,66,0,0,0,0,0,0,0,0,-32304,0,0,0,0,0,223326,0
221518,220,8282,-736,-86,87,158,-216645,-7,-2,21,8,36267,122,31,66,0,0,0,0,0,0,0,0,-32304,0,0,0,0,0,223332,0
221523,238,8308,-776,-96,90,156,-216643,0,2,20,0,36267,122,31,66,0,0,0,0,0,0,0,0,-32304,0,0,0,0,0,223337,0
221528,252,8272,-770,-112,92,142,-216645,-2,1,19,8,36262,128,31,66,0,0,0,0,0,0,0,0,-32304,0,0,0,0,0,223343,0
221533,274,8292,-746,-125,97,130,-216643,-2,0,20,0,36262,128,31,66,0,0,0,0,0,0,0,0,-32304,0,0,0,0,0,223348,0
221538,264,8244,-754,-132,96,129,-216643,6,-1,21,8,36261,117,31,66,0,0,0,0,0,0,0,0,-32304,0,0,0,0,0,223354,0
221543,276,8244,-758,-143,93,119,-216644,5,5,19,8,36261,117,31,66,0,0,0,0,0,0,0,0,-32304,0,0,0,0,0,223359,0
221548,250,8198,-754,-160,81,101,-216644,3,-1,19,8,36260,119,31,66,0,0,0,0,0,0,0,0,-32304,0,0,0,0,0,223365,0
221553,222,8166,-734,-165,77,95,-216644,9,0,20,8,36260,119,31,66,0,0,0,0,0,0,0,0,-32304,0,0,0,0,0,223370,0
221558,216,8164,-710,-176,69,86,-216644,-2,3,20,0,36261,125,31,66,0,0,0,0,0,0,0,0,-32304,0,0,0,0,0,223376,0
221563,224,8164,-688,-180,56,79,-216644,-1,1,20,0,36261,125,31,66,0,0,0,0,0,0,0,0,-32304,0,0,0,0,0,223381,0
221568,212,8120,-606,-189,38,69,-216643,9,-1,20,8,36261,114,31,66,0,0,0,0,0,0,0,0,-32304,0,0,0,0,0,223386,0
221573,122,8084,-578,-200,27,61,-216644,5,1,20,8,36261,114,31,66,0,0,0,0,0,0,0,0,-32304,0,0,0,0,0,223392,0
221578,62,7980,-538,-205,15,54,-216644,1,-3,19,8,36260,117,31,66,0,0,0,0,0,0,0,0,-32304,0,0,0,0,0,223397,0
221583,54,7988,-456,-206,1,54,-216644,1,-2,20,0,36260,117,31,66,0,0,0,0,0,0,0,0,-32304,0,0,0,0,0,223403,0
221588,88,7954,-420,-217,-30,48,-216645,-4,-1,21,0,36261,115,31,66,0,0,0,0,0,0,0,0,-32304,0,0,0,0,0,223408,0
221593,112,7922,-424,-212,-42,45,-216643,2,-3,20,8,36261,115,31,66,0,0,0,0,0,0,0,0,-32304,0,0,0,0,0,223414,0
221598,120,7970,-382,-214,-56,38,-216643,4,-3,20,8,36262,118,31,66,0,0,0,0,0,0,0,0,-32304,0,0,0,0,0,223419,0
221603,142,7966,-358,-215,-70,30,-216644,0,0,19,0,36262,118,31,66,0,0,0,0,0,0,0,0,-32304,0,0,0,0,0,223424,0
221608,158,8052,-282,-214,-106,23,-216644,4,-2,20,8,36261,125,31,66,0,0,0,0,0,0,0,0,-32304,0,0,0,0,0,223430,0
221613,148,8046,-266,-215,-124,12,-216644,-2,-2,21,8,36261,125,31,66,0,0,0,0,0,0,0,0,-32304,0,0,0,0,0,223435,0
221618,100,8078,-238,-210,-140,4,-216644,0,1,19,8,36262,130,31,66,0,0,0,0,0,0,0,0,-32304,0,0,0,0,0,223441,0
221623,126,8096,-196,-208,-161,4,-216643,3,-1,19,8,36262,130,31,66,0,0,0,0,0,0,0,0,-32304,0,0,0,0,0,223446,0
221628,104,8190,-220,-203,-191,-20,-216643,7,2,20,0,36261,127,31,66,0,0,0,0,0,0,0,0,-32304,0,0,0,0,0,223451,0
221633,112,8180,-186,-199,-217,-23,-216643,6,1,20,0,36261,127,31,66,0,0,0,0,0,0,0,0,-32304,0,0,0,0,0,223457,0
221638,122,8200,-148,-194,-231,-29,-216644,1,-3,20,8,36263,127,31,66,0,0,0,0,0,0,0,0,-32304,0,0,0,0,0,223462,0
221643,142,8176,-140,-189,-247,-32,-216644,0,-1,19,8,36263,127,31,66,0,0,0,0,0,0,0,0,-32304,0,0,0,0,0,223468,0
221648,124,8168,-116,-183,-283,-44,-216643,0,1,19,8,36263,125,31,66,0,0,0,0,0,0,0,0,-32304,0,0,0,0,0,223473,0
221653,158,8180,-138,-180,-297,-52,-216643,2,0,20,8,36263,125,31,66,0,0,0,0,0,0,0,0,-32304,0,0,0,0,0,223479,0
221658,180,8182,-146,-171,-313,-65,-216643,6,-3,19,8,36261,120,31,66,0,0,0,0,0,0,0,0,-32304,0,0,0,0,0,223484,0
221663,184,8164,-122,-174,-323,-68,-216644,0,-2,19,8,36261,120,31,66,0,0,0,0,0,0,0,0,-32304,0,0,0,0,0,223490,0
221668,138,8152,-106,-158,-350,-83,-216643,0,0,20,8,36260,118,31,66,0,0,0,0,0,0,0,0,-32304,0,0,0,0,0,223495,0
221673,98,8164,-110,-162,-368,-85,-216643,-3,0,20,8,36260,118,31,66,0,0,0,0,0,0,0,0,-32304,0,0,0,0,0,223501,0
221678,78,8130,-112,-152,-380,-96,-216644,1,2,20,0,36259,114,31,66,0,0,0,0,0,0,0,0,-32304,0,0,0,0,0,223506,0
221683,70,8106,-100,-147,-384,-101,-216644,-3,-1,21,0,36259,114,31,66,0,0,0,0,0,0,0,0,-32304,0,0,0,0,0,223512,0
221688,68,8036,-92,-138,-403,-110,-216644,-3,0,20,0,36258,120,31,66,0,0,0,0,0,0,0,0,-32304,0,0,0,0,0,223517,0
221693,74,8020,-64,-135,-404,-110,-216644,-1,6,19,8,36258,120,31,66,0,0,0,0,0,0,0,0,-32304,0,0,0,0,0,223522,0
221698,42,7976,-48,-131,-416,-114,-216643,4,4,21,8,36257,122,31,66,0,0,0,0,0,0,0,0,-32304,0,0,0,0,0,223528,0
221703,60,7960,-48,-130,-411,-113,-216643,0,2,21,8,36257,122,31,66,0,0,0,0,0,0,0,0,-32303,0,0,0,0,0,223533,0
221708,62,7952,0,-114,-414,-120,-216643,0,2,19,8,36260,121,31,66,0,0,0,0,0,0,0,0,-32304,0,0,0,0,0,223539,0
221713,6,7896,-32,-107,-417,-127,-216643,4,2,20,8,36260,121,31,66,0,0,0,0,0,0,0,0,-32304,0,0,0,0,0,223544,0
221718,62,7958,-20,-105,-422,-122,-216644,-8,-1,19,0,36266,123,31,66,0,0,0,0,0,0,0,0,-32304,0,0,0,0,0,223549,0
221723,64,7964,-22,-96,-417,-131,-216643,-1,-4,20,8,36266,123,31,66,0,0,0,0,0,0,0,0,-32304,0,0,0,0,0,223555,0
221728,136,8066,-58,-92,-419,-137,-216643,-2,3,21,8,36267,130,31,66,0,0,0,0,0,0,0,0,-32304,0,0,0,0,0,223560,0
221733,140,8088,-42,-84,-408,-144,-216644,-4,1,20,0,36267,130,31,66,0,0,0,0,0,0,0,0,-32304,0,0,0,0,0,223566,0
221738,162,8116,-62,-81,-413,-141,-216643,-5,-4,20,8,36265,130,31,66,0,0,0,0,0,0,0,0,-32304,0,0,0,0,0,223572,0
221743,144,8152,-86,-83,-406,-155,-216644,3,-1,20,8,36265,130,31,66,0,0,0,0,0,0,0,0,-32304,0,0,0,0,0,223577,0
221748,248,8224,-114,-72,-394,-158,-216643,-1,2,20,8,36261,137,31,66,0,0,0,0,0,0,0,0,-32304,0,0,0,0,0,223582,0
221753,236,8216,-144,-76,-395,-166,-216643,7,-1,20,0,36261,137,31,66,0,0,0,0,0,0,0,0,-32304,0,0,0,0,0,223588,0
221758,182,8268,-140,-73,-387,-176,-216644,0,0,21,8,36260,123,31,66,0,0,0,0,0,0,0,0,-32304,0,0,0,0,0,223593,0
221763,234,8292,-156,-74,-381,-180,-216643,2,2,20,0,36260,123,31,66,0,0,0,0,0,0,0,0,-32304,0,0,0,0,0,223599,0
221768,274,8250,-166,-75,-379,-197,-216643,6,-5,20,0,36261,122,31,66,0,0,0,0,0,0,0,0,-32303,0,0,0,0,0,223604,0
221773,248,8250,-220,-73,-376,-209,-216643,6,3,20,8,36261,122,31,66,0,0,0,0,0,0,0,0,-32304,0,0,0,0,0,223609,0
221778,282,8286,-190,-75,-382,-218,-216643,1,-4,20,8,36261,123,31,66,0,0,0,0,0,0,0,0,-32304,0,0,0,0,0,223615,0
221783,162,8256,-252,-71,-381,-226,-216643,4,2,19,8,36261,123,31,66,0,0,0,0,0,0,0,0,-32304,0,0,0,0,0,223620,0
221788,166,8254,-228,-78,-390,-240,-216643,3,-2,20,0,36261,126,31,66,0,0,0,0,0,0,0,0,-32304,0,0,0,0,0,223626,0
221793,204,8250,-228,-82,-394,-252,-216643,3,-3,18,8,36261,126,31,66,0,0,0,0,0,0,0,0,-32304,0,0,0,0,0,223631,0
221798,172,8240,-228,-76,-395,-258,-216643,-1,-4,20,8,36260,125,31,66,0,0,0,0,0,0,0,0,-32304,0,0,0,0,0,223637,0
221803,144,8190,-208,-85,-398,-275,-216644,-1,0,21,0,36260,125,31,66,0,0,0,0,0,0,0,0,-32304,0,0,0,0,0,223642,0
221808,128,8104,-236,-83,-400,-283,-216642,0,0,20,0,36258,120,31,66,0,0,0,0,0,0,0,0,-32304,0,0,0,0,0,223647,0
221813,74,8106,-242,-90,-408,-293,-216643,-4,-2,20,0,36258,120,31,66,0,0,0,0,0,0,0,0,-32304,0,0,0,0,0,223653,0
221818,54,8068,-254,-85,-414,-294,-216644,-5,-5,20,0,36261,111,31,66,0,0,0,0,0,0,0,0,-32304,0,0,0,0,0,223658,0
221823,4,8052,-224,-91,-418,-300,-216643,4,-3,20,0,36261,111,31,66,0,0,0,0,0,0,0,0,-32304,0,0,0,0,0,223664,0
221828,14,8042,-218,-93,-431,-309,-216643,-3,0,20,8,36261,117,31,66,0,0,0,0,0,0,0,0,-32304,0,0,0,0,0,223669,0
221833,52,8048,-202,-95,-438,-319,-216643,1,1,21,8,36261,117,31,66,0,0,0,0,0,0,0,0,-32304,0,0,0,0,0,223675,0
221838,50,8042,-214,-100,-439,-320,-216643,0,0,20,8,36259,125,31,66,0,0,0,0,0,0,0,0,-32304,0,0,0,0,0,223680,0
221843,-10,8030,-172,-95,-437,-335,-216642,0,5,20,8,36259,125,31,66,0,0,0,0,0,0,0,0,-32304,0,0,0,0,0,223685,0
221848,96,8080,-140,-99,-424,-339,-216644,1,-2,20,8,36255,124,31,66,0,0,0,0,0,0,0,0,-32304,0,0,0,0,0,223691,0
221853,132,8126,-146,-97,-420,-345,-216643,0,3,20,8,36255,124,31,66,0,0,0,0,0,0,0,0,-32304,0,0,0,0,0,223696,0
221858,224,8210,-124,-100,-390,-353,-216643,0,4,19,8,36255,126,31,66,0,0,0,0,0,0,0,0,-32304,0,0,0,0,0,223702,0
221863,278,8236,-98,-101,-383,-362,-216643,-5,-1,18,0,36255,126,31,66,0,0,0,0,0,0,0,0,-32304,0,0,0,0,0,223707,0
221868,224,8244,-34,-102,-344,-372,-216643,0,-2,20,8,36258,126,31,66,0,0,0,0,0,0,0,0,-32304,0,0,0,0,0,223713,0
221873,138,8222,-36,-96,-322,-386,-216642,0,-3,21,0,36258,126,31,66,0,0,0,0,0,0,0,0,-32304,0,0,0,0,0,223718,0
221878,146,8218,-14,-96,-301,-391,-216644,-7,-3,19,8,36260,126,31,66,0,0,0,0,0,0,0,0,-32304,0,0,0,0,0,223723,0
221883,174,8192,-46,-92,-282,-397,-216643,1,-4,20,0,36260,126,31,66,0,0,0,0,0,0,0,0,-32304,0,0,0,0,0,223729,0
221888,176,8160,-36,-91,-251,-417,-216642,4,2,21,0,36262,117,31,66,0,0,0,0,0,0,0,0,-32304,0,0,0,0,0,223734,0
221893,186,8104,-6,-88,-233,-421,-216643,0,1,19,0,36262,117,31,66,0,0,0,0,0,0,0,0,-32304,0,0,0,0,0,223740,0
221898,180,8062,30,-81,-217,-432,-216643,-6,1,21,0,36264,119,31,66,0,0,0,0,0,0,0,0,-32304,0,0,0,0,0,223745,0
221903,206,8044,30,-79,-197,-442,-216642,0,2,21,8,36264,119,31,66,0,0,0,0,0,0,0,0,-32304,0,0,0,0,0,223751,0
221908,272,8010,74,-71,-151,-457,-216642,-1,-2,19,8,36261,110,31,66,0,0,0,0,0,0,0,0,-32304,0,0,0,0,0,223756,0
221913,246,8002,36,-72,-134,-473,-216642,2,-2,19,0,36261,110,31,66,0,0,0,0,0,0,0,0,-32304,0,0,0,0,0,223761,0
221918,196,7978,54,-64,-112,-476,-216642,3,-3,22,8,36262,133,31,66,0,0,0,0,0,0,0,0,-32304,0,0,0,0,0,223767,0
221923,232,7958,66,-63,-89,-485,-216642,1,1,20,0,36262,133,31,66,0,0,0,0,0,0,0,0,-32304,0,0,0,0,0,223772,0
221928,132,7886,52,-59,-55,-499,-216642,-1,3,22,8,36262,123,31,66,0,0,0,0,0,0,0,0,-32304,0,0,0,0,0,223778,0
221933,18,7940,20,-54,-41,-510,-216642,3,-3,21,0,36262,123,31,66,0,0,0,0,0,0,0,0,-32304,0,0,0,0,0,223783,0
221938,42,7938,16,-57,-34,-512,-216641,4,-3,21,8,36261,136,31,66,0,0,0,0,0,0,0,0,-32304,0,0,0,0,0,223789,0
221943,10,7932,-8,-51,-23,-522,-216642,-1,-2,20,0,36261,136,31,66,0,0,0,0,0,0,0,0,-32304,0,0,0,0,0,223794,0
221948,-4,7916,-46,-52,-18,-540,-216642,3,-2,21,8,36260,124,31,66,0,0,0,0,0,0,0,0,-32304,0,0,0,0,0,223800,0
221953,18,7942,-34,-48,-10,-553,-216639,2,0,21,8,36260,124,31,66,0,0,0,0,0,0,0,0,-32304,0,0,0,0,0,223805,0
221958,4,7976,-62,-49,-10,-561,-216638,12,7,17,24,36270,116,31,66,0,0,0,0,0,0,0,0,-32304,0,0,0,0,0,223810,0
221963,0,7990,-38,-50,-15,-564,-216634,18,7,18,16,36270,116,31,66,0,0,0,0,0,0,0,0,-32304,0,0,0,0,0,223816,0
221968,-204,8252,-8,-51,-14,-592,-216629,35,17,18,24,36272,128,31,66,0,0,0,0,0,0,0,0,-32304,0,0,0,0,0,223821,0
221973,-980,8790,168,-51,-30,-622,-216616,58,41,18,32,36272,128,31,66,0,0,0,0,0,0,0,0,-32304,0,0,0,0,0,223827,0
221978,-1504,9388,242,-50,-43,-620,-216602,61,51,17,32,36271,134,31,66,0,0,0,0,0,0,0,0,-32304,0,0,0,0,0,223832,0
221983,-1508,9368,-162,-39,-46,-622,-216593,30,33,19,8,36271,134,31,66,0,0,0,0,0,0,0,0,-32303,0,0,0,0,0,223838,0
221988,-182,8702,30,-39,-36,-616,-216594,0,-12,20,8,36260,131,31,66,0,0,0,0,0,0,0,0,-32304,0,0,0,0,0,223843,0
221993,298,8464,-80,-35,-27,-622,-216595,-6,-51,15,8,36260,131,31,66,0,0,0,0,0,0,0,0,-32304,0,0,0,0,0,223848,0
221998,186,8344,-52,-37,-6,-631,-216595,3,-55,18,8,36255,130,31,66,0,0,0,0,0,0,0,0,-32304,0,0,0,0,0,223854,0
222003,28,8258,112,-39,8,-642,-216594,3,-34,19,0,36255,130,31,66,0,0,0,0,0,0,0,0,-32304,0,0,0,0,0,223859,0
222008,-226,7980,-42,-32,14,-659,-216593,8,-2,18,0,36256,130,31,66,0,0,0,0,0,0,0,0,-32304,0,0,0,0,0,223865,0
222013,-510,7920,-12,-30,8,-659,-216595,1,5,17,8,36256,130,31,66,0,0,0,0,0,0,0,0,-32304,0,0,0,0,0,223870,0
222018,-888,7940,90,-25,14,-658,-216595,0,1,18,0,36257,123,31,66,0,0,0,0,0,0,0,0,-32304,0,0,0,0,0,223875,0
222023,-1182,7938,152,-21,15,-644,-216596,-7,-4,19,8,36257,123,31,66,0,0,0,0,0,0,0,0,-32304,0,0,0,0,0,223881,0
222028,-1304,7918,320,-18,38,-621,-216595,-7,2,19,8,36261,123,31,66,0,0,0,0,0,0,0,0,-32304,0,0,0,0,0,223886,0
222033,-1100,7874,336,-5,45,-606,-216595,3,-3,19,0,36261,123,31,66,0,0,0,0,0,0,0,0,-32304,0,0,0,0,0,223892,0
222038,-952,7864,306,-2,51,-597,-216596,0,-7,19,8,36261,126,31,66,0,0,0,0,0,0,0,0,-32304,0,0,0,0,0,223898,0
222043,-864,7892,268,6,60,-594,-216596,-2,-5,19,8,36261,126,31,66,0,0,0,0,0,0,0,0,-32304,0,0,0,0,0,223903,0
222048,-814,8080,200,18,66,-583,-216596,-5,0,19,8,36262,126,31,66,0,0,0,0,0,0,0,0,-32304,0,0,0,0,0,223909,0
222053,-880,8186,182,24,68,-576,-216596,-10,0,19,0,36262,126,31,66,0,0,0,0,0,0,0,0,-32304,0,0,0,0,0,223914,0
222058,-946,8222,226,34,58,-566,-216595,3,2,20,8,36262,125,31,66,0,0,0,0,0,0,0,0,-32304,0,0,0,0,0,223920,0
222063,-932,8196,198,38,54,-554,-216595,9,2,18,0,36262,125,31,66,0,0,0,0,0,0,0,0,-32304,0,0,0,0,0,223925,0
222068,-910,8130,248,54,39,-543,-216596,2,1,19,8,36259,115,31,66,0,0,0,0,0,0,0,0,-32304,0,0,0,0,0,223931,0
222073,-922,8092,228,60,25,-535,-216596,0,1,18,8,36259,115,31,66,0,0,0,0,0,0,0,0,-32304,0,0,0,0,0,223936,0
222078,-968,8022,214,72,18,-530,-216597,-6,-2,-38,-40,36257,112,31,66,0,0,0,0,0,0,0,0,-32304,0,0,0,0,0,223941,0
222083,-996,7990,176,76,5,-527,-216601,-15,-11,-97,-752,36257,112,31,66,0,0,0,0,0,0,0,0,-32304,0,0,0,0,0,223947,0
222088,-1274,7924,130,95,-16,-524,-216626,-134,-64,-777,-856,36256,121,31,66,0,0,0,0,0,0,0,0,-32304,0,0,0,0,0,223952,0
222093,-1138,7932,116,105,-27,-498,-216704,-363,-221,-1022,-984,36256,121,31,66,0,0,0,0,0,0,0,0,-32304,0,0,0,0,0,223958,0
222098,-1336,7888,130,111,-39,-497,-216810,-475,-386,-706,-896,36251,128,31,66,0,0,0,0,0,0,0,0,-32304,0,0,0,0,0,223963,0
222103,-1296,7872,114,111,-42,-487,-216917,-473,-424,-475,-616,36251,128,31,66,0,0,0,0,0,0,0,0,-32304,0,0,0,0,0,223969,0
222108,-1144,7914,138,119,-47,-476,-217004,-369,-297,-354,-400,36251,144,31,66,0,0,0,0,0,0,0,0,-32304,0,0,0,0,0,223974,0
222113,-932,7964,134,119,-37,-467,-217060,-219,-7,-381,-328,36251,144,31,66,0,0,0,0,0,0,0,0,-32304,0,0,0,0,0,223980,0
222118,-964,8008,100,124,-29,-468,-217085,-94,257,-556,-312,36255,150,31,66,0,0,0,0,0,0,0,0,-32304,0,0,0,0,0,223985,0
222123,-830,8062,54,125,-25,-466,-217090,-23,386,-795,-296,36255,150,31,66,0,0,0,0,0,0,0,0,-32304,0,0,0,0,0,223990,0
222128,-786,8148,46,126,-19,-462,-217092,-11,356,-907,-304,36265,141,31,66,0,0,0,0,0,0,0,0,-32304,0,0,0,0,0,223996,0
222133,-770,8170,26,128,-12,-461,-217094,-10,240,-925,-304,36265,141,31,66,0,0,0,0,0,0,0,0,-32304,0,0,0,0,0,224001,0
222138,-820,8164,-12,125,-13,-461,-217102,-30,101,-902,-320,36266,148,31,66,0,0,0,0,0,0,0,0,-32304,0,0,0,0,0,224007,0
222143,-850,8122,-6,128,2,-460,-217113,-56,3,-854,-336,36266,148,31,66,0,0,0,0,0,0,0,0,-32304,0,0,0,0,0,224012,0
222148,-902,8090,-14,126,-2,-461,-217128,-61,-44,-798,-376,36263,147,31,66,0,0,0,0,0,0,0,0,-32304,0,0,0,0,0,224018,0
222153,-898,8100,-2,125,1,-458,-217141,-46,-43,-800,-296,36263,147,31,66,0,0,0,0,0,0,0,0,-32304,0,0,0,0,0,224023,0
222158,-898,8070,-38,126,-3,-459,-217142,-5,2,-840,-296,36259,139,31,66,0,0,0,0,0,0,0,0,-32304,0,0,0,0,0,224028,0
222163,-950,8090,-62,128,-3,-463,-217142,4,43,-882,-288,36259,139,31,66,0,0,0,0,0,0,0,0,-32304,0,0,0,0,0,224034,0
222168,-972,8126,-96,126,-11,-465,-217143,0,62,-890,-296,36256,138,31,66,0,0,0,0,0,0,0,0,-32303,0,0,0,0,0,224039,0
222173,-1068,8064,-160,124,-19,-468,-217142,0,45,-889,-296,36256,138,31,66,0,0,0,0,0,0,0,0,-32303,0,0,0,0,0,224045,0
222178,-1022,8088,-164,125,-25,-463,-217142,3,14,-890,-296,36255,127,31,66,0,0,0,0,0,0,0,0,-32304,0,0,0,0,0,224050,0
222183,-1064,8090,-168,121,-28,-460,-217143,-1,1,-887,-280,36255,127,31,66,0,0,0,0,0,0,0,0,-32303,0,0,0,0,0,224055,0
222188,-976,8140,-234,111,-35,-464,-217144,-2,-3,-887,-280,36254,133,31,66,0,0,0,0,0,0,0,0,-32303,0,0,0,0,0,224061,0
222193,-898,8158,-240,107,-45,-470,-217145,-5,-5,-880,-296,36254,133,31,66,0,0,0,0,0,0,0,0,-32304,0,0,0,0,0,224066,0
222198,-852,8180,-266,103,-39,-474,-217147,-7,-4,-877,-296,36255,136,31,66,0,0,0,0,0,0,0,0,-32303,0,0,0,0,0,224072,0
222203,-840,8220,-324,101,-44,-477,-217148,-14,-6,-878,-288,36255,136,31,66,0,0,0,0,0,0,0,0,-32304,0,0,0,0,0,224077,0
222208,-814,8250,-348,80,-44,-487,-217149,-4,-2,-872,-296,36256,132,31,66,0,0,0,0,0,0,0,0,-32304,0,0,0,0,0,224082,0
222213,-792,8276,-336,78,-45,-485,-217151,-7,-3,-874,-296,36256,132,31,66,0,0,0,0,0,0,0,0,-32304,0,0,0,0,0,224088,0
222218,-764,8284,-342,70,-48,-499,-217154,-5,-5,-864,-304,36258,137,31,66,0,0,0,0,0,0,0,0,-32303,0,0,0,0,0,224093,0
222223,-696,8304,-340,59,-39,-500,-217157,-16,-5,-857,-288,36258,137,31,66,0,0,0,0,0,0,0,0,-32304,0,0,0,0,0,224099,0
222228,-740,8264,-370,44,-36,-518,-217160,-13,-4,-852,-288,36258,141,31,66,0,0,0,0,0,0,0,0,-32303,0,0,0,0,0,224104,0
222233,-764,8298,-352,33,-39,-521,-217166,-28,-12,-846,-288,36258,141,31,66,0,0,0,0,0,0,0,0,-32303,0,0,0,0,0,224109,0
222238,-754,8296,-374,29,-44,-526,-217175,-43,-23,-802,-312,36262,144,31,66,0,0,0,0,0,0,0,0,-32304,0,0,0,0,0,224115,0
222243,-764,8316,-366,24,-40,-540,-217188,-66,-39,-778,-288,36262,144,31,66,0,0,0,0,0,0,0,0,-32303,0,0,0,0,0,224121,0
222248,-812,8262,-322,8,-44,-550,-217199,-57,-36,-750,-280,36259,136,31,66,0,0,0,0,0,0,0,0,-32304,0,0,0,0,0,224126,0
222253,-820,8248,-260,3,-46,-557,-217202,-9,-11,-771,-264,36259,136,31,66,0,0,0,0,0,0,0,0,-32303,0,0,0,0,0,224132,0
222258,-930,8174,-264,-7,-43,-563,-217202,-2,27,-823,-264,36260,134,31,66,0,0,0,0,0,0,0,0,-32303,0,0,0,0,0,224137,0
222263,-988,8124,-204,-10,-47,-567,-217201,1,48,-835,-272,36260,134,31,66,0,0,0,0,0,0,0,0,-32303,0,0,0,0,0,224142,0
222268,-1130,8058,-176,-15,-46,-577,-217201,7,49,-834,-264,36256,127,31,66,0,0,0,0,0,0,0,0,-32303,0,0,0,0,0,224148,0
222273,-1178,8042,-174,-16,-42,-582,-217201,0,18,-833,-272,36256,127,31,66,0,0,0,0,0,0,0,0,-32303,0,0,0,0,0,224153,0
222278,-1226,8058,-172,-21,-50,-584,-217201,1,4,-835,-272,36256,139,31,66,0,0,0,0,0,0,0,0,-32303,0,0,0,0,0,224159,0
222283,-1258,8054,-184,-27,-46,-590,-217202,3,-2,-832,-264,36256,139,31,66,0,0,0,0,0,0,0,0,-32303,0,0,0,0,0,224164,0
222288,-1192,8040,-172,-39,-47,-589,-217204,-3,-1,-834,-256,36256,136,31,66,0,0,0,0,0,0,0,0,-32303,0,0,0,0,0,224169,0
222293,-1188,8026,-156,-41,-46,-593,-217200,4,2,-830,-272,36256,136,31,66,0,0,0,0,0,0,0,0,-32303,0,0,0,0,0,224175,0
222298,-1122,8118,-126,-42,-42,-595,-217203,-1,-1,-832,-256,36256,129,31,66,0,0,0,0,0,0,0,0,-32304,0,0,0,0,0,224180,0
222303,-1110,8132,-116,-44,-43,-596,-217201,0,2,-829,-264,36256,129,31,66,0,0,0,0,0,0,0,0,-32303,0,0,0,0,0,224186,0
222308,-1040,8134,-106,-53,-32,-607,-217201,3,-4,-829,-272,36257,125,31,66,0,0,0,0,0,0,0,0,-32303,0,0,0,0,0,224191,0
222313,-1014,8124,-74,-57,-30,-616,-217202,3,0,-833,-280,36257,125,31,66,0,0,0,0,0,0,0,0,-32303,0,0,0,0,0,224196,0
222318,-1018,8148,-42,-59,-30,-623,-217205,-12,-4,-831,-248,36256,123,31,66,0,0,0,0,0,0,0,0,-32303,0,0,0,0,0,224202,0
222323,-1008,8140,-100,-60,-27,-630,-217204,4,-4,-823,-264,36256,123,31,66,0,0,0,0,0,0,0,0,-32304,0,0,0,0,0,224207,0
222328,-980,8192,-104,-62,-19,-649,-217206,1,-1,-829,-256,36252,127,31,66,0,0,0,0,0,0,0,0,-32304,0,0,0,0,0,224213,0
222333,-960,8204,-96,-66,-24,-654,-217203,-1,0,-830,-264,36252,127,31,66,0,0,0,0,0,0,0,0,-32303,0,0,0,0,0,224218,0
222338,-938,8206,-106,-71,-18,-669,-217206,-2,0,-829,-264,36250,133,31,66,0,0,0,0,0,0,0,0,-32303,0,0,0,0,0,224224,0
222343,-934,8182,-68,-73,-17,-680,-217206,-5,5,-828,-256,36250,133,31,66,0,0,0,0,0,0,0,0,-32304,0,0,0,0,0,224229,0
222348,-946,8194,14,-71,-21,-704,-217206,-1,-7,-824,-256,36256,128,31,66,0,0,0,0,0,0,0,0,-32304,0,0,0,0,0,224235,0
222353,-910,8208,-4,-73,-24,-718,-217207,-8,-1,-827,-248,36256,128,31,66,0,0,0,0,0,0,0,0,-32304,0,0,0,0,0,224240,0
222358,-966,8180,48,-70,-21,-733,-217207,-3,1,-820,-256,36259,132,31,66,0,0,0,0,0,0,0,0,-32304,0,0,0,0,0,224246,0
222363,-1030,8144,96,-72,-22,-742,-217208,-2,-4,-827,-256,36259,132,31,66,0,0,0,0,0,0,0,0,-32303,0,0,0,0,0,224251,0
222368,-1148,8140,112,-65,-25,-764,-217209,-8,1,-831,-248,36265,144,31,66,0,0,0,0,0,0,0,0,-32303,0,0,0,0,0,224256,0
222373,-1124,8210,144,-67,-23,-773,-217209,0,-2,-827,-264,36265,144,31,66,0,0,0,0,0,0,0,0,-32303,0,0,0,0,0,224262,0
222378,-1190,8270,140,-67,-26,-781,-217210,-2,0,-824,-264,36262,131,31,66,0,0,0,0,0,0,0,0,-32304,0,0,0,0,0,224267,0
222383,-1122,8252,148,-62,-28,-796,-217211,-5,3,-821,-256,36262,131,31,66,0,0,0,0,0,0,0,0,-32304,0,0,0,0,0,224273,0
222388,-960,8182,94,-57,-28,-815,-217211,-4,-5,-819,-248,36262,138,31,66,0,0,0,0,0,0,0,0,-32304,0,0,0,0,0,224278,0
222393,-974,8200,80,-58,-31,-832,-217213,-5,-3,-819,-256,36262,138,31,66,0,0,0,0,0,0,0,0,-32303,0,0,0,0,0,224283,0
222398,-970,8210,122,-48,-32,-848,-217215,-14,-2,-817,-256,36261,135,31,66,0,0,0,0,0,0,0,0,-32304,0,0,0,0,0,224289,0
222403,-1024,8136,150,-47,-33,-863,-217215,-2,-5,-804,-256,36261,135,31,66,0,0,0,0,0,0,0,0,-32304,0,0,0,0,0,224294,0
222408,-966,8200,160,-37,-40,-896,-217215,-5,-1,-816,-256,36259,144,31,66,0,0,0,0,0,0,0,0,-32304,0,0,0,0,0,224300,0
222413,-1014,8214,150,-35,-37,-909,-217219,-25,-1,-808,-248,36259,144,31,66,0,0,0,0,0,0,0,0,-32303,0,0,0,0,0,224305,0
222418,-976,8224,160,-34,-38,-929,-217221,-16,-4,-797,-248,36257,142,31,66,0,0,0,0,0,0,0,0,-32304,0,0,0,0,0,224311,0
222423,-1038,8176,138,-34,-42,-941,-217222,-13,-3,-806,-264,36257,142,31,66,0,0,0,0,0,0,0,0,-32304,0,0,0,0,0,224316,0
222428,-1020,8188,178,-21,-41,-972,-217225,-17,-4,-788,-272,36256,138,31,66,0,0,0,0,0,0,0,0,-32304,0,0,0,0,0,224321,0
222433,-1072,8178,194,-25,-38,-997,-217230,-15,-5,-774,-280,36256,138,31,66,0,0,0,0,0,0,0,0,-32304,0,0,0,0,0,224327,0
222438,-1140,8140,176,-23,-39,-1007,-217238,-33,-13,-762,-280,36256,137,31,66,0,0,0,0,0,0,0,0,-32305,0,0,0,0,0,224332,0
222443,-1190,8148,182,-17,-43,-1027,-217251,-64,-32,-722,-280,36256,137,31,66,0,0,0,0,0,0,0,0,-32304,0,0,0,0,0,224338,0
222448,-1216,8102,124,-12,-38,-1058,-217263,-52,-39,-679,-256,36260,150,31,66,0,0,0,0,0,0,0,0,-32304,0,0,0,0,0,224343,0
222453,-1256,8106,110,-7,-33,-1073,-217268,-13,-20,-700,-256,36260,150,31,66,0,0,0,0,0,0,0,0,-32304,0,0,0,0,0,224348,0
222458,-1294,8064,116,-15,-33,-1080,-217266,3,16,-751,-248,36262,141,31,66,0,0,0,0,0,0,0,0,-32303,0,0,0,0,0,224354,0
222463,-1226,8098,110,-10,-30,-1100,-217268,-8,44,-776,-248,36262,141,31,66,0,0,0,0,0,0,0,0,-32304,0,0,0,0,0,224359,0
222468,-1392,8110,106,-9,-21,-1126,-217266,8,55,-765,-256,36262,137,31,66,0,0,0,0,0,0,0,0,-32304,0,0,0,0,0,224365,0
222473,-1396,8142,68,-11,-20,-1146,-217266,8,27,-772,-264,36262,137,31,66,0,0,0,0,0,0,0,0,-32304,0,0,0,0,0,224370,0
222478,-1392,8106,60,-12,-19,-1158,-217267,2,6,-767,-248,36259,139,31,66,0,0,0,0,0,0,0,0,-32304,0,0,0,0,0,224376,0
222483,-1402,8172,0,-18,-14,-1175,-217267,3,1,-764,-256,36259,139,31,66,0,0,0,0,0,0,0,0,-32304,0,0,0,0,0,224381,0
222488,-1416,8246,6,-24,-5,-1204,-217267,0,-1,-765,-256,36258,128,31,66,0,0,0,0,0,0,0,0,-32303,0,0,0,0,0,224387,0
222493,-1412,8272,-4,-28,0,-1219,-217266,7,-2,-766,-256,36258,128,31,66,0,0,0,0,0,0,0,0,-32304,0,0,0,0,0,224392,0
222498,-1406,8314,14,-27,6,-1224,-217267,-1,-1,-769,-256,36256,135,31,66,0,0,0,0,0,0,0,0,-32304,0,0,0,0,0,224398,0
222503,-1438,8336,14,-38,15,-1241,-217267,-1,-1,-769,-248,36256,135,31,66,0,0,0,0,0,0,0,0,-32304,0,0,0,0,0,224403,0
222508,-1394,8388,10,-52,17,-1271,-217267,1,-2,-766,-256,36257,133,31,66,0,0,0,0,0,0,0,0,-32303,0,0,0,0,0,224408,0
222513,-1410,8362,-10,-49,30,-1279,-217267,1,-2,-767,-248,36257,133,31,66,0,0,0,0,0,0,0,0,-32303,0,0,0,0,0,224414,0
222518,-1382,8370,-24,-59,37,-1299,-217268,1,2,-772,-256,36258,133,31,66,0,0,0,0,0,0,0,0,-32303,0,0,0,0,0,224419,0
222523,-1370,8374,-28,-55,35,-1312,-217266,1,0,-772,-264,36258,133,31,66,0,0,0,0,0,0,0,0,-32303,0,0,0,0,0,224425,0
222528,-1438,8420,-2,-69,43,-1338,-217268,-5,2,-769,-256,36258,140,31,66,0,0,0,0,0,0,0,0,-32303,0,0,0,0,0,224430,0
222533,-1472,8438,44,-60,45,-1355,-217266,6,2,-765,-256,36258,140,31,66,0,0,0,0,0,0,0,0,-32303,0,0,0,0,0,224435,0
222538,-1504,8440,38,-65,44,-1374,-217265,7,-7,-766,-264,36258,137,31,66,0,0,0,0,0,0,0,0,-32304,0,0,0,0,0,224441,0
222543,-1490,8388,72,-71,49,-1387,-217266,4,-2,-762,-256,36258,137,31,66,0,0,0,0,0,0,0,0,-32304,0,0,0,0,0,224446,0
222548,-1534,8338,54,-74,54,-1420,-217267,-1,-3,-769,-264,36257,133,31,66,0,0,0,0,0,0,0,0,-32304,0,0,0,0,0,224452,0
222553,-1612,8298,68,-73,53,-1434,-217267,2,-8,-767,-264,36257,133,31,66,0,0,0,0,0,0,0,0,-32304,0,0,0,0,0,224457,0
222558,-1702,8272,68,-73,53,-1451,-217267,1,-3,-768,-264,36261,125,31,66,0,0,0,0,0,0,0,0,-32303,0,0,0,0,0,224462,0
222563,-1714,8180,80,-76,51,-1466,-217267,0,-1,-767,-264,36261,125,31,66,0,0,0,0,0,0,0,0,-32303,0,0,0,0,0,224468,0
222568,-1764,8078,114,-64,38,-1502,-217267,5,1,-773,-256,36261,122,31,66,0,0,0,0,0,0,0,0,-32304,0,0,0,0,0,224474,0
222573,-1814,8046,150,-62,32,-1513,-217266,9,-4,-767,-264,36261,122,31,66,0,0,0,0,0,0,0,0,-32303,0,0,0,0,0,224479,0
222578,-1876,8004,164,-55,27,-1533,-217267,0,-1,-768,-256,36260,129,31,66,0,0,0,0,0,0,0,0,-32304,0,0,0,0,0,224484,0
222583,-1930,7900,132,-54,20,-1546,-217267,4,2,-765,-256,36260,129,31,66,0,0,0,0,0,0,0,0,-32303,0,0,0,0,0,224490,0
222588,-1934,8010,218,-46,-1,-1579,-217266,2,-1,-773,-248,36256,135,31,66,0,0,0,0,0,0,0,0,-32304,0,0,0,0,0,224495,0
222593,-1922,7966,214,-38,-7,-1597,-217267,0,0,-766,-256,36256,135,31,66,0,0,0,0,0,0,0,0,-32304,0,0,0,0,0,224501,0
222598,-1974,7982,214,-23,-16,-1614,-217267,1,-1,-763,-256,36259,131,31,66,0,0,0,0,0,0,0,0,-32304,0,0,0,0,0,224506,0
222603,-1860,8262,144,-29,-11,-1629,-217267,-3,1,-768,-248,36259,131,31,66,0,0,0,0,0,0,0,0,-32304,0,0,0,0,0,224511,0
222608,-1990,7934,208,-4,-35,-1662,-217266,4,-4,-766,-256,36260,133,31,66,0,0,0,0,0,0,0,0,-32304,0,0,0,0,0,224517,0
222613,-1960,8112,54,-20,-29,-1688,-217267,-3,-3,-771,-240,36260,133,31,66,0,0,0,0,0,0,0,0,-32304,0,0,0,0,0,224522,0
222618,-1934,8032,280,1,-25,-1706,-217268,-3,-2,-770,-256,36261,130,31,66,0,0,0,0,0,0,0,0,-32304,0,0,0,0,0,224528,0
222623,-1936,7928,76,-2,-37,-1720,-217266,-2,-2,-773,-248,36261,130,31,66,0,0,0,0,0,0,0,0,-32304,0,0,0,0,0,224533,0
222628,-2052,8000,134,-4,-35,-1758,-217267,2,2,-770,-256,36260,128,31,66,0,0,0,0,0,0,0,0,-32303,0,0,0,0,0,224539,0
222633,-1970,7948,16,-9,-30,-1774,-217267,0,-2,-769,-248,36260,128,31,66,0,0,0,0,0,0,0,0,-32303,0,0,0,0,0,224544,0
222638,-2060,8230,80,-3,-21,-1805,-217267,-4,0,-769,-248,36257,130,31,66,0,0,0,0,0,0,0,0,-32303,0,0,0,0,0,224549,0
222643,-1972,8358,18,-17,-19,-1813,-217267,0,2,-763,-248,36257,130,31,66,0,0,0,0,0,0,0,0,-32304,0,0,0,0,0,224555,0
222648,-1856,8804,-14,-37,7,-1849,-217266,-1,2,-768,-248,36257,129,30,66,0,0,0,0,0,0,0,0,-32303,0,0,0,0,0,224560,0
222653,-1938,8898,-42,-52,29,-1863,-217267,-9,-5,-771,-248,36257,129,30,66,0,0,0,0,0,0,0,0,-32304,0,0,0,0,0,224566,0
222658,-1958,9036,-64,-73,60,-1875,-217265,1,1,-765,-248,36257,125,31,66,0,0,0,0,0,0,0,0,-32303,0,0,0,0,0,224571,0
222663,-1972,9092,-76,-92,82,-1876,-217266,-4,3,-781,-256,36257,125,31,66,0,0,0,0,0,0,0,0,-32304,0,0,0,0,0,224576,0
222668,-2088,9352,-146,-136,138,-1899,-217265,5,2,-772,-248,36261,141,31,66,0,0,0,0,0,0,0,0,-32303,0,0,0,0,0,224582,0
222673,-2230,9466,-214,-157,168,-1911,-217264,-3,3,-779,-248,36261,141,31,66,0,0,0,0,0,0,0,0,-32303,0,0,0,0,0,224587,0
222678,-2328,9500,-226,-183,195,-1915,-217264,3,5,-778,-256,36261,138,31,66,0,0,0,0,0,0,0,0,-32304,0,0,0,0,0,224593,0
222683,-2482,9522,-214,-210,222,-1919,-217261,7,0,-781,-256,36261,138,31,66,0,0,0,0,0,0,0,0,-32304,0,0,0,0,0,224598,0
222688,-2760,9092,-188,-249,257,-1906,-217260,9,6,-789,-248,36258,134,31,66,0,0,0,0,0,0,0,0,-32303,0,0,0,0,0,224603,0
222693,-2980,8904,-172,-261,272,-1908,-217257,9,4,-790,-248,36258,134,31,66,0,0,0,0,0,0,0,0,-32304,0,0,0,0,0,224609,0
222698,-3016,8756,-182,-273,286,-1903,-217255,9,8,-795,-248,36254,128,31,66,0,0,0,0,0,0,0,0,-32303,0,0,0,0,0,224614,0
222703,-3154,8560,-82,-288,300,-1898,-217251,16,5,-802,-256,36254,128,31,66,0,0,0,0,0,0,0,0,-32304,0,0,0,0,0,224620,0
222708,-3500,8050,48,-307,308,-1884,-217246,24,5,-815,-248,36254,128,31,66,0,0,0,0,0,0,0,0,-32304,0,0,0,0,0,224625,0
222713,-3670,7818,76,-317,319,-1872,-217241,26,3,-831,-232,36254,128,31,66,0,0,0,0,0,0,0,0,-32304,0,0,0,0,0,224631,0
222718,-3984,7698,112,-322,318,-1859,-217232,40,16,-851,-216,36254,126,31,66,0,0,0,0,0,0,0,0,-32304,0,0,0,0,0,224636,0
222723,-3838,7396,94,-324,319,-1847,-217212,88,40,-902,-184,36254,126,31,66,0,0,0,0,0,0,0,0,-32304,0,0,0,0,0,224642,0
222728,-3850,6762,160,-322,315,-1821,-217184,121,77,-993,-224,36253,128,31,66,0,0,0,0,0,0,0,0,-32303,0,0,0,0,0,224647,0
222733,-3932,6666,204,-318,323,-1816,-217162,90,82,-1053,-240,36253,128,31,66,0,0,0,0,0,0,0,0,-32303,0,0,0,0,0,224652,0
222738,-3996,6554,296,-312,304,-1810,-217139,97,55,-1051,-232,36256,129,31,66,0,0,0,0,0,0,0,0,-32303,0,0,0,0,0,224658,0
222743,-3858,6498,310,-301,302,-1801,-217114,101,30,-1069,-280,36256,129,31,66,0,0,0,0,0,0,0,0,-32303,0,0,0,0,0,224663,0
222748,-3794,6356,474,-283,289,-1788,-217100,56,-16,-1095,-256,36256,136,31,66,0,0,0,0,0,0,0,0,-32303,0,0,0,0,0,224669,0
222753,-3626,6300,508,-274,286,-1792,-217079,98,-33,-1067,-208,36256,136,31,66,0,0,0,0,0,0,0,0,-32304,0,0,0,0,0,224674,0
222758,-3074,6256,560,-267,283,-1824,-217042,166,12,-1144,-208,36256,136,31,66,0,0,0,0,0,0,0,0,-32303,0,0,0,0,0,224680,0
222763,-2654,6346,564,-258,281,-1836,-216986,257,88,-1283,-152,36256,136,31,66,0,0,0,0,0,0,0,0,-32304,0,0,0,0,0,224685,0
222768,-2798,6524,632,-248,309,-1866,-216908,350,188,-1476,-152,36258,125,31,66,0,0,0,0,0,0,0,0,-32304,0,0,0,0,0,224690,0
222773,-2978,6468,648,-243,317,-1879,-216810,440,276,-1714,-120,36258,125,31,66,0,0,0,0,0,0,0,0,-32305,0,0,0,0,0,224696,0
222778,-3146,6472,664,-237,331,-1889,-216691,523,308,-1949,-112,36264,131,31,66,0,0,0,0,0,0,0,0,-32305,0,0,0,0,0,224701,0
222783,-3334,6454,686,-236,352,-1893,-216553,613,314,-2200,-120,36264,131,31,66,0,0,0,0,0,0,0,0,-32304,0,0,0,0,0,224707,0
222788,-3582,6496,732,-235,395,-1892,-216397,687,312,-2503,-104,36269,120,31,66,0,0,0,0,0,0,0,0,-32303,0,0,0,0,0,224712,0
222793,-3830,6516,680,-235,412,-1877,-216237,700,271,-2811,-96,36269,120,31,66,0,0,0,0,0,0,0,0,-32303,0,0,0,0,0,224717,0
222798,-3950,6558,634,-237,429,-1861,-216076,711,199,-3026,-72,36271,110,31,66,0,0,0,0,0,0,0,0,-32304,0,0,0,0,0,224723,0
222803,-4080,6540,578,-236,448,-1847,-215912,721,128,-3203,-136,36271,110,31,66,0,0,0,0,0,0,0,0,-32306,0,0,0,0,0,224729,0
222808,-4202,6488,430,-233,470,-1813,-215780,724,64,-3388,-136,36269,97,31,66,0,0,0,0,0,0,0,0,-32304,0,0,0,0,0,224734,0
222813,-4282,6482,368,-236,470,-1788,-215618,719,22,-3557,-168,36269,97,31,66,0,0,0,0,0,0,0,0,-32302,0,0,0,0,0,224739,0
222818,-4412,6502,294,-227,470,-1765,-215452,726,14,-3704,1952,36269,99,31,66,0,0,0,0,0,0,0,0,-32303,0,0,0,0,0,224744,0
222823,-4582,6532,218,-227,453,-1771,-215226,1060,147,-1547,2520,36269,99,31,66,0,0,0,0,0,0,0,0,-32304,0,0,0,0,0,224750,0
222828,-946,7100,12,-196,401,-2055,-214775,2079,767,-115,4832,36265,106,31,66,0,0,0,0,0,0,0,0,-32304,0,0,0,0,0,224755,0
222833,686,7670,-234,-177,389,-2292,-214114,3002,1657,-56,6632,36265,106,31,66,0,0,0,0,0,0,0,0,-32304,0,0,0,0,0,224761,0
222838,2244,8148,-428,-162,360,-2437,-213270,3794,2487,-30,8032,36261,123,31,66,0,0,0,0,0,0,0,0,-32304,0,0,0,0,0,224766,0
222843,2958,8642,-432,-156,328,-2566,-212272,4451,2895,-70,9176,36261,123,31,66,0,0,0,0,0,0,0,0,-32304,0,0,0,0,0,224772,0
222848,1998,8630,-336,-138,285,-2908,-211150,4986,2708,-177,10192,36257,137,31,66,0,0,0,0,0,0,0,0,-32304,0,0,0,0,0,224777,0
222853,846,8406,-242,-131,282,-3009,-209910,5516,2318,-263,11280,36257,137,31,66,0,0,0,0,0,0,0,0,-32303,0,0,0,0,0,224782,0
222858,-340,8342,78,-119,262,-3146,-208533,6122,2070,-312,12456,36260,134,31,66,0,0,0,0,0,0,0,0,-32304,0,0,0,0,0,224788,0
222863,-1350,8212,10,-126,253,-3270,-207026,6680,1969,-350,13576,36260,134,31,66,0,0,0,0,0,0,0,0,-32304,0,0,0,0,0,224793,0
222868,-1596,8492,82,-118,240,-3471,-205402,7191,1948,-455,14712,36266,110,31,66,0,0,0,0,0,0,0,0,-32304,0,0,0,0,0,224799,0
222873,-1256,8514,60,-117,235,-3573,-203652,7753,1941,-482,15760,36266,110,31,66,0,0,0,0,0,0,0,0,-32304,0,0,0,0,0,224804,0
222878,-756,8826,152,-149,234,-3660,-201812,8131,1837,-495,16440,36288,61,31,66,0,0,0,0,0,0,0,0,-32304,0,0,0,0,0,224810,0
222883,-758,8656,-94,-131,214,-3756,-199871,8594,1702,-557,17176,36288,61,31,66,0,0,0,0,0,0,0,0,-32304,0,0,0,0,0,224815,0
222888,-618,8300,-232,-140,163,-3956,-197873,8800,1505,-609,17512,36309,16,31,66,0,0,0,0,0,0,0,0,-32304,0,0,0,0,0,224820,0
222893,-752,7964,-428,-159,138,-4053,-195809,9108,1296,-734,18080,36309,16,31,66,0,0,0,0,0,0,0,0,-32304,0,0,0,0,0,224826,0
222898,-1196,7924,-308,-125,100,-4123,-193707,9262,1037,-748,18392,36339,-49,31,66,0,0,0,0,0,0,0,0,-32304,0,0,0,0,0,224831,0
222903,-1950,7426,-292,-109,64,-4201,-191531,9613,938,-819,19000,36339,-49,31,66,0,0,0,0,0,0,0,0,-32304,0,0,0,0,0,224837,0
222908,-2540,7470,-404,-75,5,-4370,-189307,9793,851,-846,19392,36367,-124,31,66,0,0,0,0,0,0,0,0,-32304,0,0,0,0,0,224842,0
222913,-2282,7468,-286,-73,-26,-4444,-187027,10060,876,-957,19768,36367,-124,31,66,0,0,0,0,0,0,0,0,-32304,0,0,0,0,0,224848,0
222918,-2216,7956,-344,-80,-83,-4498,-184708,10224,816,-956,20112,36399,-193,31,66,0,0,0,0,0,0,0,0,-32304,0,0,0,0,0,224853,0
222923,-2726,7428,-166,-35,-125,-4567,-182328,10483,813,-1013,20608,36399,-193,31,66,0,0,0,0,0,0,0,0,-32304,0,0,0,0,0,224858,0
222928,-2734,8028,-44,-13,-225,-4707,-179927,10588,702,-1136,20960,36438,-264,31,66,0,0,0,0,0,0,0,0,-32304,0,0,0,0,0,224864,0
222933,-2356,7650,-86,27,-275,-4752,-177509,10638,606,-1171,21016,36438,-264,31,66,0,0,0,0,0,0,0,0,-32303,0,0,0,0,0,224869,0
222938,-2982,7602,88,70,-309,-4774,-175045,10873,525,-1201,21344,36477,-337,31,66,0,0,0,0,0,0,0,0,-32304,0,0,0,0,0,224875,0
222943,-3682,7124,24,70,-369,-4814,-172562,10921,439,-1313,21752,36477,-337,31,66,0,0,0,0,0,0,0,0,-32305,0,0,0,0,0,224880,0
222948,-3958,6934,512,85,-363,-4890,-170045,11085,460,-1351,21816,36515,-412,31,66,0,0,0,0,0,0,0,0,-32304,0,0,0,0,0,224886,0
222953,-3600,6020,384,99,-421,-4901,-167491,11273,460,-1321,22144,36515,-412,31,66,0,0,0,0,0,0,0,0,-32304,0,0,0,0,0,224891,0
222958,-3624,7074,562,100,-440,-4935,-164907,11351,512,-1403,22176,36548,-489,31,66,0,0,0,0,0,0,0,0,-32304,0,0,0,0,0,224896,0
222963,-3206,5702,372,143,-487,-4955,-162302,11465,468,-1500,22400,36548,-489,31,66,0,0,0,0,0,0,0,0,-32304,0,0,0,0,0,224902,0
222968,-3128,6144,346,153,-540,-4839,-159696,11481,380,-1522,22272,36585,-573,31,66,0,0,0,0,0,0,0,0,-32304,0,0,0,0,0,224908,0
222973,-2488,6514,482,175,-582,-4677,-157077,11506,286,-1603,22304,36585,-573,31,66,0,0,0,0,0,0,0,0,-32304,0,0,0,0,0,224913,0
222978,-1738,6278,666,170,-607,-4479,-154473,11455,113,-1724,22400,36624,-649,31,66,0,0,0,0,0,0,0,0,-32305,0,0,0,0,0,224918,0
222983,-1072,7518,632,162,-652,-4262,-151901,11298,-36,-1649,21776,36624,-649,31,66,0,0,0,0,0,0,0,0,-32305,0,0,0,0,0,224924,0
222988,-1152,7824,286,169,-702,-3852,-149346,11214,-175,-1688,21384,36657,-726,31,66,0,0,0,0,0,0,0,0,-32304,0,0,0,0,0,224929,0
222993,-2910,8358,624,172,-734,-3671,-146854,10955,-411,-1806,20880,36657,-726,31,66,0,0,0,0,0,0,0,0,-32304,0,0,0,0,0,224934,0
222998,-2148,7260,386,215,-708,-3458,-144434,10612,-605,-1778,19824,36677,-758,31,66,0,0,0,0,0,0,0,0,-32304,0,0,0,0,0,224940,0
223003,-3952,7710,606,189,-697,-3246,-142044,10504,-729,-1804,19552,36677,-758,31,66,0,0,0,0,0,0,0,0,-32304,0,0,0,0,0,224946,0
223008,-4282,7220,468,162,-568,-2868,-139722,10181,-837,-1972,19312,36689,-765,31,66,0,0,0,0,0,0,0,0,-32305,0,0,0,0,0,224951,0
223013,-6224,7258,110,139,-528,-2749,-137447,9988,-815,-1969,18584,36689,-765,31,66,0,0,0,0,0,0,0,0,-32304,0,0,0,0,0,224956,0
223018,-6474,6566,382,138,-487,-2659,-135218,9803,-793,-1945,18440,36695,-776,31,66,0,0,0,0,0,0,0,0,-32304,0,0,0,0,0,224962,0
223023,-8438,6696,280,123,-483,-2625,-133005,9712,-676,-1995,18048,36695,-776,31,66,0,0,0,0,0,0,0,0,-32303,0,0,0,0,0,224967,0
223028,-9310,5154,90,126,-488,-2572,-130831,9569,-600,-2150,18056,36702,-779,31,66,0,0,0,0,0,0,0,0,-32304,0,0,0,0,0,224973,0
223033,-9912,4974,166,124,-501,-2580,-128681,9439,-481,-2057,17640,36702,-779,31,66,0,0,0,0,0,0,0,0,-32304,0,0,0,0,0,224978,0
223038,-9442,4422,238,123,-535,-2517,-126533,9461,-372,-2100,17640,36710,-798,31,66,0,0,0,0,0,0,0,0,-32304,0,0,0,0,0,224984,0
223043,-9938,4602,182,189,-556,-2435,-124398,9380,-301,-2111,17368,36710,-798,31,66,0,0,0,0,0,0,0,0,-32303,0,0,0,0,0,224990,0
223048,-8888,4930,4,250,-565,-2298,-122291,9272,-236,-2256,17312,36716,-805,31,66,0,0,0,0,0,0,0,0,-32304,0,0,0,0,0,224995,0
223053,-7704,5268,-164,228,-502,-2069,-120225,9057,-303,-2202,16472,36716,-805,31,66,0,0,0,0,0,0,0,0,-32305,0,0,0,0,0,225001,0
223058,-7314,5970,-110,271,-494,-1871,-118201,8904,-410,-2250,16048,36718,-802,31,66,0,0,0,0,0,0,0,0,-32303,0,0,0,0,0,225006,0
223063,-7490,6480,60,265,-461,-1729,-116249,8542,-636,-2211,15112,36718,-802,31,66,0,0,0,0,0,0,0,0,-32305,0,0,0,0,0,225011,0
223068,-6498,6520,-150,248,-345,-1216,-114384,8174,-831,-2332,14432,36718,-797,31,66,0,0,0,0,0,0,0,0,-32303,0,0,0,0,0,225017,0
223073,-7404,6460,-276,274,-261,-1038,-112624,7688,-1111,-2309,13200,36718,-797,31,66,0,0,0,0,0,0,0,0,-32304,0,0,0,0,0,225022,0
223078,-7490,6006,-244,244,-180,-788,-110970,7238,-1333,-2369,12288,36706,-764,31,66,0,0,0,0,0,0,0,0,-32304,0,0,0,0,0,225028,0
223083,-8276,5800,-76,236,-106,-573,-109401,6864,-1485,-2336,11296,36706,-764,31,66,0,0,0,0,0,0,0,0,-32305,0,0,0,0,0,225033,0
223088,-9146,4534,104,199,42,-255,-107938,6382,-1510,-2424,10416,36680,-699,31,66,0,0,0,0,0,0,0,0,-32304,0,0,0,0,0,225038,0
223093,-10168,4098,166,161,111,-180,-106567,6000,-1504,-2459,9840,36680,-699,31,66,0,0,0,0,0,0,0,0,-32304,0,0,0,0,0,225044,0
223098,-10652,3004,178,143,161,-120,-105267,5690,-1412,-2402,9064,36650,-642,31,66,0,0,0,0,0,0,0,0,-32304,0,0,0,0,0,225049,0
223103,-9832,2498,210,126,182,152,-104046,5333,-1336,-2414,8328,36650,-642,31,66,0,0,0,0,0,0,0,0,-32305,0,0,0,0,0,225055,0
223108,-10406,3094,390,121,244,414,-102893,5033,-1224,-2457,7720,36612,-560,31,66,0,0,0,0,0,0,0,0,-32303,0,0,0,0,0,225060,0
223113,-10864,3176,452,68,295,428,-101798,4786,-1099,-2393,7064,36612,-560,31,66,0,0,0,0,0,0,0,0,-32305,0,0,0,0,0,225065,0
223118,-11754,3232,474,35,349,398,-100778,4460,-1062,-2442,6392,36577,-472,31,66,0,0,0,0,0,0,0,0,-32305,0,0,0,0,0,225071,0
223123,-12510,2628,692,0,386,327,-99829,4141,-1045,-2489,5904,36577,-472,31,66,0,0,0,0,0,0,0,0,-32303,0,0,0,0,0,225076,0
223128,-10086,2252,298,-5,376,798,-98935,3911,-1014,-2497,5400,36539,-402,31,66,0,0,0,0,0,0,0,0,-32303,0,0,0,0,0,225082,0
223133,-9322,3206,306,-6,360,999,-98098,3655,-989,-2439,4736,36539,-402,31,66,0,0,0,0,0,0,0,0,-32304,0,0,0,0,0,225087,0
223138,-8434,3910,266,7,400,1201,-97341,3294,-985,-2414,3864,36505,-326,31,66,0,0,0,0,0,0,0,0,-32304,0,0,0,0,0,225093,0
223143,-8634,4954,254,-7,443,1374,-96683,2852,-1065,-2437,2832,36505,-326,31,66,0,0,0,0,0,0,0,0,-32303,0,0,0,0,0,225098,0
223148,-9788,4938,274,-58,490,1714,-96136,2363,-1258,-2465,1856,36472,-250,31,66,0,0,0,0,0,0,0,0,-32303,0,0,0,0,0,225103,0
223153,-9478,4614,164,-65,492,1946,-95694,1891,-1464,-2467,880,36472,-250,31,66,0,0,0,0,0,0,0,0,-32305,0,0,0,0,0,225109,0
223158,-9442,4196,364,-87,478,2112,-95356,1444,-1587,-2504,192,36429,-150,31,66,0,0,0,0,0,0,0,0,-32303,0,0,0,0,0,225115,0
223163,-9018,3404,392,-79,474,2370,-95122,979,-1620,-2703,-152,36429,-150,31,66,0,0,0,0,0,0,0,0,-32304,0,0,0,0,0,225120,0
223168,-9178,2678,512,-80,465,2766,-94993,527,-1608,-2711,-320,36378,-44,31,66,0,0,0,0,0,0,0,0,-32305,0,0,0,0,0,225125,0
223173,-9796,2264,612,-98,465,2908,-94952,136,-1562,-2564,-792,36378,-44,31,66,0,0,0,0,0,0,0,0,-32304,0,0,0,0,0,225131,0
223178,-10328,2228,686,-111,458,2978,-94970,-102,-1429,-2297,-1040,36328,66,31,66,0,0,0,0,0,0,0,0,-32305,0,0,0,0,0,225136,0
223183,-10472,2120,782,-132,454,3012,-95007,-166,-1158,-2304,-1192,36328,66,31,66,0,0,0,0,0,0,0,0,-32304,0,0,0,0,0,225142,0
223188,-10308,2152,850,-138,398,2950,-95052,-199,-775,-2304,-1272,36285,145,31,66,0,0,0,0,0,0,0,0,-32305,0,0,0,0,0,225147,0
223193,-9652,2246,864,-128,366,2974,-95106,-240,-435,-2355,-1280,36285,145,31,66,0,0,0,0,0,0,0,0,-32305,0,0,0,0,0,225152,0
223198,-9332,2388,916,-118,331,2958,-95172,-289,-219,-2292,-1544,36259,202,31,66,0,0,0,0,0,0,0,0,-32305,0,0,0,0,0,225158,0
223203,-8608,2508,770,-106,312,3000,-95259,-389,-175,-2292,-1784,36259,202,31,66,0,0,0,0,0,0,0,0,-32304,0,0,0,0,0,225163,0
223208,-7502,3158,672,-93,252,3198,-95381,-546,-254,-2290,-2240,36239,223,31,66,0,0,0,0,0,0,0,0,-32304,0,0,0,0,0,225169,0
223213,-5996,3328,578,-82,226,3454,-95553,-775,-398,-2337,-2776,36239,223,31,66,0,0,0,0,0,0,0,0,-32302,0,0,0,0,0,225174,0
223218,-5522,4238,688,-71,216,3650,-95780,-1028,-565,-2312,-3440,36223,248,31,66,0,0,0,0,0,0,0,0,-32304,0,0,0,0,0,225179,0
223223,-5564,4628,778,-104,218,3734,-96077,-1339,-751,-2267,-4048,36223,248,31,66,0,0,0,0,0,0,0,0,-32305,0,0,0,0,0,225185,0
223228,-6130,4358,552,-142,253,3948,-96443,-1648,-901,-2262,-4712,36200,299,31,66,0,0,0,0,0,0,0,0,-32303,0,0,0,0,0,225190,0
223233,-6824,3792,560,-170,255,4052,-96874,-1931,-994,-2254,-5208,36200,299,31,66,0,0,0,0,0,0,0,0,-32305,0,0,0,0,0,225196,0
223238,-7316,3228,624,-193,277,4127,-97358,-2155,-999,-2245,-5512,36179,370,31,66,0,0,0,0,0,0,0,0,-32304,0,0,0,0,0,225201,0
223243,-7430,2866,538,-219,283,4207,-97887,-2335,-927,-2250,-5840,36179,370,31,66,0,0,0,0,0,0,0,0,-32303,0,0,0,0,0,225206,0
223248,-7756,2158,602,-244,257,4228,-98443,-2457,-777,-2230,-6072,36155,433,31,66,0,0,0,0,0,0,0,0,-32304,0,0,0,0,0,225212,0
223253,-8340,2234,746,-271,251,4165,-99016,-2521,-595,-2228,-6056,36155,433,31,66,0,0,0,0,0,0,0,0,-32305,0,0,0,0,0,225217,0
223258,-7994,1832,676,-256,227,4150,-99591,-2531,-401,-2163,-6088,36132,487,31,66,0,0,0,0,0,0,0,0,-32303,0,0,0,0,0,225224,0
223263,-8496,2132,710,-284,225,4068,-100160,-2498,-206,-2186,-5952,36132,487,31,66,0,0,0,0,0,0,0,0,-32303,0,0,0,0,0,225230,0
223268,-8500,2262,578,-261,203,3896,-100721,-2457,-50,-2129,-5880,36105,504,31,66,0,0,0,0,0,0,0,0,-32305,0,0,0,0,0,225235,0
223273,-8350,2402,590,-288,201,3808,-101268,-2412,66,-2142,-5640,36105,504,31,66,0,0,0,0,0,0,0,0,-32304,0,0,0,0,0,225241,0
223278,-7960,2644,504,-272,208,3752,-101804,-2357,137,-2142,-5528,36088,510,31,66,0,0,0,0,0,0,0,0,-32303,0,0,0,0,0,225246,0
223283,-7686,3104,420,-293,223,3699,-102332,-2321,157,-2120,-5456,36088,510,31,66,0,0,0,0,0,0,0,0,-32304,0,0,0,0,0,225252,0
223288,-6634,3658,474,-305,265,3688,-102850,-2282,157,-2083,-5416,36085,498,31,66,0,0,0,0,0,0,0,0,-32304,0,0,0,0,0,225257,0
223293,-6414,3904,288,-321,293,3674,-103366,-2274,131,-2066,-5496,36085,498,31,66,0,0,0,0,0,0,0,0,-32303,0,0,0,0,0,225263,0
223298,-6042,4038,338,-337,312,3717,-103891,-2316,68,-2055,-5680,36093,481,31,66,0,0,0,0,0,0,0,0,-32305,0,0,0,0,0,225268,0
223303,-5984,4202,280,-348,340,3755,-104435,-2404,-31,-2065,-5904,36093,481,31,66,0,0,0,0,0,0,0,0,-32304,0,0,0,0,0,225273,0
223308,-5672,3912,342,-360,386,3837,-105007,-2532,97,-2029,-6280,36101,481,31,66,0,0,0,0,0,0,0,0,-32303,0,0,0,0,0,225279,0
223313,-5962,3742,350,-367,382,3888,-105614,-2691,-33,-2059,-6544,36101,481,31,66,0,0,0,0,0,0,0,0,-32304,0,0,0,0,0,225284,0
223318,-5886,3724,438,-364,390,3926,-106260,-2861,-279,-2008,-6944,36100,477,31,66,0,0,0,0,0,0,0,0,-32305,0,0,0,0,0,225290,0
223323,-5970,3432,364,-363,376,3998,-106944,-3021,-620,-2013,-7256,36100,477,31,66,0,0,0,0,0,0,0,0,-32305,0,0,0,0,0,225295,0
223328,-5988,3438,318,-331,343,4113,-107663,-3170,-663,-1994,-7624,36089,498,31,66,0,0,0,0,0,0,0,0,-32304,0,0,0,0,0,225301,0
223333,-5920,3540,384,-320,313,4195,-108417,-3333,-811,-1947,-7944,36089,498,31,66,0,0,0,0,0,0,0,0,-32304,0,0,0,0,0,225306,0
223338,-6224,3800,444,-297,320,4193,-109210,-3509,-562,-1942,-8344,36071,523,31,66,0,0,0,0,0,0,0,0,-32304,0,0,0,0,0,225311,0
223343,-6268,3524,376,-286,298,4261,-110045,-3690,-571,-1947,-8640,36071,523,31,66,0,0,0,0,0,0,0,0,-32304,0,0,0,0,0,225317,0
223348,-6426,3806,322,-258,270,4296,-110915,-3845,-584,-1908,-8912,36052,565,31,66,0,0,0,0,0,0,0,0,-32304,0,0,0,0,0,225322,0
223353,-6340,3916,280,-236,257,4333,-111811,-3945,-568,-1869,-9048,36052,565,31,66,0,0,0,0,0,0,0,0,-32305,0,0,0,0,0,225328,0
223358,-6270,4102,310,-222,261,4324,-112723,-4029,-506,-1858,-9328,36035,592,31,66,0,2,0,0,0,0,0,0,-32304,0,0,0,0,0,225334,0
223363,-6064,4196,174,-202,235,4338,-113665,-4149,-425,-1797,-9544,36035,592,31,66,0,2,0,0,0,0,0,0,-32303,0,0,0,0,0,225339,0
223368,-5960,4114,172,-176,226,4348,-114639,-4305,-393,-1834,-9808,36025,627,31,66,0,0,0,0,0,0,0,0,-32304,0,0,0,0,0,225344,0
223373,-6062,4536,218,-131,220,4344,-115644,-4428,-414,-1793,-9976,36025,627,31,66,0,0,0,0,0,0,0,0,-32305,0,0,0,0,0,225350,0
223378,-5894,4568,226,-130,215,4341,-116673,-4538,-436,-1741,-10344,36017,633,31,66,0,0,0,0,0,0,0,0,-32304,0,0,0,0,0,225355,0
223383,-5770,4502,162,-105,204,4397,-117733,-4692,-450,-1727,-10568,36017,633,31,66,0,0,0,0,0,0,0,0,-32303,0,0,0,0,0,225361,0
223388,-5144,4160,68,-69,203,4560,-118830,-4840,-464,-1759,-10768,36008,650,31,66,0,0,0,0,0,0,0,0,-32305,0,0,0,0,0,225366,0
223393,-5126,4750,248,-42,181,4627,-119946,-4915,-457,-1688,-10928,36008,650,31,66,0,0,0,0,0,0,0,0,-32303,0,0,0,0,0,225371,0
223398,-4206,5006,292,-36,181,4710,-121078,-4988,-424,-1588,-11296,36001,656,31,66,0,2,0,0,0,0,0,0,-32304,0,0,0,0,0,225377,0
223403,-3520,5176,140,4,213,4862,-122253,-5188,-405,-1580,-11704,36001,656,31,66,0,2,0,0,0,0,0,0,-32303,0,0,0,0,0,225382,0
223408,-3250,5960,134,3,250,5080,-123480,-5423,-450,-1584,-12152,35995,656,31,66,0,2,0,0,0,0,0,0,-32304,0,0,0,0,0,225388,0
223413,-3084,6210,40,28,273,5245,-124755,-5626,-556,-1533,-12720,35995,656,31,66,0,2,0,0,0,0,0,0,-32303,0,0,0,0,0,225393,0
223418,-2950,6516,92,31,288,5373,-126089,-5907,-699,-1511,-13376,35989,676,31,66,0,2,0,0,0,0,0,0,-32305,0,0,0,0,0,225399,0
223423,-3008,6640,96,54,293,5458,-127492,-6202,-827,-1545,-13888,35989,676,31,66,0,2,0,0,0,0,0,0,-32304,0,0,0,0,0,225404,0
223428,-2998,6594,258,85,312,5698,-128941,-6392,-872,-1411,-14256,35980,696,31,66,0,2,0,0,0,0,0,0,-32304,0,0,0,0,0,225409,0
223433,-2784,6470,316,104,308,5811,-130446,-6649,-874,-1379,-14776,35980,696,31,66,0,2,0,0,0,0,0,0,-32303,0,0,0,0,0,225415,0
223438,-2898,6548,64,138,333,5908,-132016,-6939,-892,-1386,-15328,35968,721,31,66,0,2,0,0,0,0,0,0,-32305,0,0,0,0,0,225420,0
223443,-3250,7132,94,153,312,6026,-133633,-7135,-856,-1326,-15752,35968,721,31,66,0,2,0,0,0,0,0,0,-32303,0,0,0,0,0,225426,0
223448,-3288,7046,382,186,259,6220,-135322,-7470,-874,-1295,-16488,35962,734,31,66,0,2,0,0,0,0,0,0,-32304,0,0,0,0,0,225431,0
223453,-3154,7246,402,209,237,6322,-137053,-7623,-896,-1293,-16728,35962,734,31,66,0,2,0,0,0,0,0,0,-32304,0,0,0,0,0,225436,0
223458,-3326,7410,262,265,198,6400,-138833,-7859,-852,-1185,-17264,35955,748,31,66,0,2,0,0,0,0,0,0,-32304,0,0,0,0,0,225442,0
223463,-3250,7394,248,259,165,6501,-140660,-8057,-803,-1161,-17504,35955,748,31,66,0,2,0,0,0,0,0,0,-32303,0,0,0,0,0,225448,0
223468,-2676,7614,212,298,77,6710,-142528,-8236,-749,-1115,-17944,35949,743,31,66,0,2,0,0,0,0,0,0,-32304,0,0,0,0,0,225453,0
223473,-2382,7864,270,350,37,6782,-144442,-8432,-697,-1074,-18160,35949,743,31,66,0,2,0,0,0,0,0,0,-32303,0,0,0,0,0,225459,0
223478,-2336,8296,324,365,1,6831,-146373,-8495,-648,-1011,-18360,35949,751,31,66,0,2,0,0,0,0,0,0,-32304,0,0,0,0,0,225464,0
223483,-2378,8396,264,381,-30,6887,-148342,-8694,-566,-970,-18624,35949,751,31,66,0,2,0,0,0,0,0,0,-32303,0,0,0,0,0,225469,0
223488,-2028,8592,108,429,-88,7000,-150328,-8746,-486,-927,-18824,35957,723,31,66,0,2,0,0,0,0,0,0,-32304,0,0,0,0,0,225475,0
223493,-1800,8720,212,422,-126,7043,-152360,-8955,-462,-880,-19064,35957,723,31,66,0,2,0,0,0,0,0,0,-32303,0,0,0,0,0,225480,0
223498,-1592,8530,208,442,-149,7087,-154390,-8941,-414,-862,-19176,35966,706,31,66,0,0,0,0,0,0,0,0,-32304,0,0,0,0,0,225486,0
223503,-1570,8736,228,435,-164,7121,-156451,-9079,-403,-810,-19248,35966,706,31,66,0,0,0,0,0,0,0,0,-32304,0,0,0,0,0,225491,0
223508,-1260,8706,80,422,-197,7216,-158518,-9097,-302,-783,-19256,35980,671,31,66,0,2,0,0,0,0,0,0,-32304,0,0,0,0,0,225496,0
223513,-1158,9020,254,409,-210,7241,-160610,-9202,-289,-719,-19448,35980,671,31,66,0,2,0,0,0,0,0,0,-32304,0,0,0,0,0,225502,0
223518,-932,9176,228,456,-236,7251,-162687,-9134,-201,-705,-19304,36000,635,31,66,0,0,0,0,0,0,0,0,-32304,0,0,0,0,0,225507,0
223523,-834,9086,204,411,-220,7278,-164784,-9238,-176,-620,-19376,36000,635,31,66,0,0,0,0,0,0,0,0,-32304,0,0,0,0,0,225513,0
223528,-832,9584,150,444,-243,7275,-166873,-9197,-82,-587,-19368,36022,590,31,66,0,0,0,0,0,0,0,0,-32304,0,0,0,0,0,225518,0
223533,-642,9570,170,452,-262,7266,-168985,-9289,-110,-563,-19424,36022,590,31,66,0,0,0,0,0,0,0,0,-32303,0,0,0,0,0,225523,0
223538,-672,9742,68,445,-274,7242,-171077,-9207,-58,-516,-19208,36038,557,31,66,0,0,0,0,0,0,0,0,-32303,0,0,0,0,0,225529,0
223543,-546,9682,180,431,-279,7250,-173178,-9243,-74,-482,-19144,36038,557,31,66,0,0,0,0,0,0,0,0,-32304,0,0,0,0,0,225534,0
223548,-164,10014,52,420,-299,7206,-175268,-9202,16,-434,-19040,36057,506,31,66,0,0,0,0,0,0,0,0,-32304,0,0,0,0,0,225540,0
223553,-20,9780,152,446,-335,7171,-177352,-9163,27,-389,-18824,36057,506,31,66,0,0,0,0,0,0,0,0,-32304,0,0,0,0,0,225545,0
223558,276,9920,184,440,-341,7152,-179403,-9009,130,-372,-18400,36077,467,31,66,0,0,0,0,0,0,0,0,-32304,0,0,0,0,0,225550,0
223563,70,9802,256,462,-363,7132,-181442,-8965,185,-302,-18288,36077,467,31,66,0,0,0,0,0,0,0,0,-32304,0,0,0,0,0,225556,0
223568,812,9756,160,440,-402,7049,-183452,-8838,287,-245,-18128,36103,418,31,66,0,0,0,0,0,0,0,0,-32304,0,0,0,0,0,225561,0
223573,1144,9852,100,449,-426,6976,-185454,-8791,299,-228,-17840,36103,418,31,66,0,0,0,0,0,0,0,0,-32303,0,0,0,0,0,225567,0
223578,1072,9422,120,439,-430,6926,-187413,-8609,339,-181,-17544,36125,379,31,66,0,0,0,0,0,0,0,0,-32303,0,0,0,0,0,225572,0
223583,1184,9336,228,432,-434,6850,-189359,-8547,335,-173,-17248,36125,379,31,66,0,0,0,0,0,0,0,0,-32303,0,0,0,0,0,225577,0
223588,1408,8992,44,392,-448,6727,-191269,-8388,389,-141,-16928,36137,354,31,66,0,0,0,0,0,0,0,0,-32304,0,0,0,0,0,225584,0
223593,1812,8842,114,368,-449,6648,-193158,-8301,390,-108,-16632,36137,354,31,66,0,0,0,0,0,0,0,0,-32304,0,0,0,0,0,225589,0
223598,1954,8814,266,371,-446,6561,-194995,-8051,446,-101,-16056,36152,325,31,66,0,0,0,0,0,0,0,0,-32304,0,0,0,0,0,225594,0
223603,1784,8648,162,392,-450,6484,-196795,-7919,504,-21,-15712,36152,325,31,66,0,0,0,0,0,0,0,0,-32304,0,0,0,0,0,225600,0
223608,1732,8280,86,367,-461,6354,-198549,-7695,583,-15,-15200,36170,286,31,66,0,0,0,0,0,0,0,0,-32304,0,0,0,0,0,225605,0
223613,1994,8168,152,372,-460,6268,-200269,-7571,627,40,-15000,36170,286,31,66,0,0,0,0,0,0,0,0,-32303,0,0,0,0,0,225611,0
223618,2204,8056,202,366,-451,6162,-201954,-7392,610,9,-14472,36193,254,31,66,0,0,0,0,0,0,0,0,-32304,0,0,0,0,0,225616,0
223623,2260,7940,160,350,-455,6066,-203587,-7167,595,100,-14136,36193,254,31,66,0,0,0,0,0,0,0,0,-32304,0,0,0,0,0,225621,0
223628,1862,7764,80,333,-430,5886,-205189,-7040,608,86,-13728,36211,213,31,66,0,0,0,0,0,0,0,0,-32304,0,0,0,0,0,225627,0
223633,1888,7734,124,332,-422,5801,-206742,-6809,612,106,-13240,36211,213,31,66,0,0,0,0,0,0,0,0,-32304,0,0,0,0,0,225632,0
223638,2076,7694,56,323,-413,5696,-208256,-6650,649,149,-12872,36223,190,31,66,0,0,0,0,0,0,0,0,-32304,0,0,0,0,0,225638,0
223643,2278,7720,144,325,-398,5580,-209731,-6467,626,134,-12384,36223,190,31,66,0,0,0,0,0,0,0,0,-32304,0,0,0,0,0,225643,0
223648,2554,7702,188,312,-376,5314,-211145,-6203,652,177,-11848,36232,171,31,66,0,0,0,0,0,0,0,0,-32304,0,0,0,0,0,225649,0
223653,2550,7712,164,326,-367,5185,-212514,-6011,709,217,-11432,36232,171,31,66,0,0,0,0,0,0,0,0,-32304,0,0,0,0,0,225654,0
223658,2466,7742,98,339,-363,5059,-213842,-5828,712,201,-10960,36238,143,31,66,0,0,0,0,0,0,0,0,-32304,0,0,0,0,0,225660,0
223663,2372,7596,106,325,-356,4935,-215115,-5576,736,228,-10424,36238,143,31,66,0,0,0,0,0,0,0,0,-32304,0,0,0,0,0,225665,0
223668,2534,7604,48,325,-344,4655,-216346,-5403,729,273,-10088,36247,124,31,66,0,0,0,0,0,0,0,0,-32304,0,0,0,0,0,225671,0
223673,5856,5150,1182,373,-762,3180,-217516,-5112,719,176,-9024,36247,124,31,66,0,0,0,0,0,0,0,0,-32304,0,0,0,0,0,225676,0
223678,22022,7586,-298,392,-67,2133,-218468,-4051,1022,-21,-5792,36250,123,31,66,0,0,0,0,0,0,0,0,-32304,0,0,0,0,0,225682,0
223683,11968,8602,-244,413,60,1207,-218993,-2088,2028,-117,-640,36250,123,31,66,0,0,0,0,0,0,0,0,-32304,0,0,0,0,0,225687,0
223688,-7190,6570,590,404,-13,1479,-218958,403,3803,238,3144,36247,134,31,66,0,0,0,0,0,0,0,0,-32304,0,0,0,0,0,225692,0
223693,-456,6364,-760,342,-159,1729,-218458,2367,5749,371,6800,36247,134,31,66,0,0,0,0,0,0,0,0,-32304,0,0,0,0,0,225698,0
223698,5338,5528,-800,329,-168,1245,-217697,3431,6729,-247,3512,36234,162,31,66,0,0,0,0,0,0,0,0,-32304,0,0,0,0,0,225703,0
223703,2472,6640,-324,290,-206,708,-217061,2665,5755,-4040,-272,36234,162,31,66,0,0,0,0,0,0,0,0,-32304,0,0,0,0,0,225709,0
223708,-2632,6826,398,343,-289,566,-216818,872,2757,-6000,-1384,36278,50,31,66,0,0,0,0,0,0,0,0,-32306,0,0,0,0,0,225714,0
223713,-1952,5948,356,380,-304,866,-216871,-318,-842,-3774,-1320,36278,50,31,66,0,0,0,0,0,0,0,0,-32305,0,0,0,0,0,225719,0
223718,-752,6572,300,354,-343,1016,-216984,-492,-3062,-1176,-736,36274,58,31,66,0,0,0,0,0,0,0,0,-32304,0,0,0,0,0,225725,0
223723,1980,6146,254,318,-336,786,-217067,-341,-3263,-411,-192,36274,58,31,66,0,0,0,0,0,0,0,0,-32304,0,0,0,0,0,225730,0
223728,2054,8272,120,363,-355,441,-217093,-88,-1840,-323,152,36284,46,31,66,0,0,0,0,0,0,0,0,-32305,0,0,0,0,0,225736,0
223733,302,7272,72,374,-316,259,-217066,149,-249,-150,120,36284,46,31,66,0,0,0,0,0,0,0,0,-32304,0,0,0,0,0,225741,0
223738,652,7862,546,334,-264,68,-216995,332,570,14,224,36245,147,31,66,0,0,0,0,0,0,0,0,-32304,0,0,0,0,0,225746,0
223743,824,7240,-242,378,-294,165,-216899,433,719,-10,208,36245,147,31,66,0,0,0,0,0,0,0,0,-32304,0,0,0,0,0,225752,0
223748,2740,7754,666,302,-346,4,-216797,445,599,-61,152,36254,128,31,66,0,0,0,0,0,0,0,0,-32304,0,0,0,0,0,225757,0
223753,2076,7104,-26,347,-337,-71,-216705,401,371,-108,96,36254,128,31,66,0,0,0,0,0,0,0,0,-32304,0,0,0,0,0,225763,0
223758,2548,7780,248,338,-315,-50,-216623,356,137,-138,80,36253,130,31,66,0,0,0,0,0,0,0,0,-32304,0,0,0,0,0,225768,0
223763,2568,7674,298,301,-285,-168,-216552,297,-46,-144,72,36253,130,31,66,0,0,0,0,0,0,0,0,-32304,0,0,0,0,0,225773,0
223768,2042,7334,28,296,-242,-313,-216493,255,-137,-154,64,36253,130,31,66,0,0,0,0,0,0,0,0,-32304,0,0,0,0,0,225779,0
223773,2012,8064,344,270,-226,-334,-216445,206,-169,-152,40,36253,130,31,66,0,0,0,0,0,0,0,0,-32304,0,0,0,0,0,225784,0
223778,1496,7684,134,257,-205,-367,-216408,168,-171,-144,32,36254,131,31,66,0,0,0,0,0,0,0,0,-32304,0,0,0,0,0,225790,0
223783,1564,7608,66,237,-203,-326,-216376,124,-159,-137,16,36254,131,31,66,0,0,0,0,0,0,0,0,-32304,0,0,0,0,0,225795,0
223788,1570,7468,216,182,-180,-311,-216348,118,-137,-139,24,36257,138,31,66,0,0,0,0,0,0,0,0,-32304,0,0,0,0,0,225800,0
223793,1924,7438,208,179,-148,-307,-216330,82,-109,-125,-24,36257,138,31,66,0,0,0,0,0,0,0,0,-32304,0,0,0,0,0,225806,0
223798,2128,7286,150,161,-106,-338,-216324,7,-112,-116,-48,36258,136,31,66,0,0,0,0,0,0,0,0,-32304,0,0,0,0,0,225812,0
223803,2212,7414,204,129,-53,-353,-216330,-21,-137,-122,-48,36258,136,31,66,0,0,0,0,0,0,0,0,-32304,0,0,0,0,0,225817,0
223808,2214,7420,82,86,22,-411,-216332,-12,-128,-123,-40,36255,128,31,66,0,0,0,0,0,0,0,0,-32304,0,0,0,0,0,225823,0
223813,2346,7320,8,72,49,-452,-216333,3,-101,-124,-40,36255,128,31,66,0,0,0,0,0,0,0,0,-32303,0,0,0,0,0,225828,0
223818,2278,7308,-38,51,85,-494,-216333,1,-39,-124,-40,36256,126,31,66,0,0,0,0,0,0,0,0,-32304,0,0,0,0,0,225833,0
223823,2268,7344,-64,28,104,-529,-216333,1,14,-124,-40,36256,126,31,66,0,0,0,0,0,0,0,0,-32304,0,0,0,0,0,225839,0
223828,2306,7102,-132,5,144,-582,-216333,0,15,-123,-40,36258,121,31,66,0,0,0,0,0,0,0,0,-32304,0,0,0,0,0,225844,0
223833,2370,7038,-148,1,159,-608,-216332,0,8,-124,-32,36258,121,31,66,0,0,0,0,0,0,0,0,-32304,0,0,0,0,0,225850,0
223838,2388,7074,-186,-13,182,-622,-216333,4,-1,-123,-40,36257,127,31,66,0,0,0,0,0,0,0,0,-32304,0,0,0,0,0,225855,0
223843,2430,7008,-200,-15,191,-634,-216333,0,-4,-123,-32,36257,127,31,66,0,0,0,0,0,0,0,0,-32304,0,0,0,0,0,225860,0
223848,2588,6966,-268,-21,224,-673,-216332,4,3,-124,-40,36256,128,31,66,0,0,0,0,0,0,0,0,-32304,0,0,0,0,0,225866,0
223853,2640,6990,-272,-13,241,-690,-216332,8,4,-121,-40,36256,128,31,66,0,0,0,0,0,0,0,0,-32304,0,0,0,0,0,225871,0
223858,2704,6992,-290,-14,242,-710,-216332,0,2,-121,-40,36253,134,31,66,0,0,0,0,0,0,0,0,-32304,0,0,0,0,0,225877,0
223863,2736,6948,-314,-9,250,-731,-216333,-3,1,-122,-40,36253,134,31,66,0,0,0,0,0,0,0,0,-32304,0,0,0,0,0,225882,0
223868,2838,6924,-364,18,247,-765,-216331,2,3,-123,-32,36253,134,31,66,0,0,0,0,0,0,0,0,-32304,0,0,0,0,0,225888,0
223873,2904,6908,-364,23,251,-778,-216332,1,-2,-123,-40,36253,134,31,66,0,0,0,0,0,0,0,0,-32304,0,0,0,0,0,225893,0
223878,2926,6898,-348,40,261,-790,-216331,-4,0,-125,-32,36254,133,31,66,0,0,0,0,0,0,0,0,-32303,0,0,0,0,0,225898,0
223883,3016,6918,-378,57,265,-797,-216330,2,5,-124,-32,36254,133,31,66,0,0,0,0,0,0,0,0,-32304,0,0,0,0,0,225904,0
223888,3088,6982,-388,88,280,-823,-216331,1,-3,-125,-32,36255,131,31,66,0,0,0,0,0,0,0,0,-32304,0,0,0,0,0,225909,0
223893,3146,7016,-390,100,295,-826,-216330,5,1,-124,-40,36255,131,31,66,0,0,0,0,0,0,0,0,-32304,0,0,0,0,0,225914,0
223898,3180,7066,-406,118,302,-839,-216330,0,1,-121,-32,36255,128,31,66,0,0,0,0,0,0,0,0,-32303,0,0,0,0,0,225920,0
223903,3196,7114,-392,132,311,-846,-216330,6,-1,-120,-40,36255,128,31,66,0,0,0,0,0,0,0,0,-32304,0,0,0,0,0,225925,0
223908,3248,7148,-392,163,318,-866,-216330,1,0,-118,-32,36255,118,31,66,0,0,0,0,0,0,0,0,-32304,0,0,0,0,0,225930,0
223913,3280,7210,-394,172,321,-868,-216331,-1,-3,-123,-40,36255,118,31,66,0,0,0,0,0,0,0,0,-32304,0,0,0,0,0,225936,0
223918,3300,7242,-374,186,327,-875,-216329,-3,0,-122,-40,36253,120,31,66,0,0,0,0,0,0,0,0,-32304,0,0,0,0,0,225941,0
223923,3358,7302,-352,195,329,-880,-216328,6,3,-123,-40,36253,120,31,66,0,0,0,0,0,0,0,0,-32304,0,0,0,0,0,225947,0
223928,3426,7376,-340,219,337,-881,-216328,-5,0,-122,-40,36253,124,31,66,0,0,0,0,0,0,0,0,-32304,0,0,0,0,0,225952,0
223933,3436,7408,-352,228,334,-887,-216326,6,2,-122,-32,36253,124,31,66,0,0,0,0,0,0,0,0,-32304,0,0,0,0,0,225957,0
223938,3490,7436,-308,228,334,-888,-216325,3,2,-121,-40,36253,140,31,66,0,0,0,0,0,0,0,0,-32304,0,0,0,0,0,225963,0
223943,3462,7442,-324,230,329,-879,-216324,6,5,-124,-40,36253,140,31,66,0,0,0,0,0,0,0,0,-32304,0,0,0,0,0,225968,0
223948,3502,7464,-274,242,327,-866,-216323,7,0,-123,-40,36253,145,31,66,0,0,0,0,0,0,0,0,-32304,0,0,0,0,0,225973,0
223953,3552,7520,-270,239,324,-858,-216320,10,6,-122,-32,36253,145,31,66,0,0,0,0,0,0,0,0,-32304,0,0,0,0,0,225979,0
223958,3572,7556,-268,238,319,-857,-216314,25,14,-123,-32,36253,146,31,66,0,0,0,0,0,0,0,0,-32304,0,0,0,0,0,225984,0
223963,3626,7580,-250,239,325,-846,-216304,47,26,-131,-8,36253,146,31,66,0,0,0,0,0,0,0,0,-32304,0,0,0,0,0,225990,0
223968,3778,7604,-256,235,323,-862,-216280,113,70,-139,24,36253,127,31,66,0,0,0,0,0,0,0,0,-32304,0,0,0,0,0,225995,0
223973,3766,7626,-226,234,316,-880,-216246,149,108,-138,24,36253,127,31,66,0,0,0,0,0,0,0,0,-32304,0,0,0,0,0,226000,0
223978,3762,7624,-240,234,315,-898,-216205,198,139,-142,56,36254,128,31,66,0,0,0,0,0,0,0,0,-32304,0,0,0,0,0,226006,0
223983,3664,7626,-262,228,319,-914,-216155,222,146,-138,56,36254,128,31,66,0,0,0,0,0,0,0,0,-32304,0,0,0,0,0,226011,0
223988,3608,7600,-304,220,326,-938,-216097,252,145,-154,72,36254,128,31,66,0,0,0,0,0,0,0,0,-32304,0,0,0,0,0,226016,0
223993,3618,7584,-306,220,324,-940,-216027,303,135,-148,88,36254,128,31,66,0,0,0,0,0,0,0,0,-32304,0,0,0,0,0,226022,0
223998,3622,7600,-308,217,325,-949,-215949,338,136,-163,96,36254,130,31,66,0,0,0,0,0,0,0,0,-32304,0,0,0,0,0,226027,0
224003,3550,7546,-330,218,329,-957,-215870,352,115,-184,80,36254,130,31,66,0,0,0,0,0,0,0,0,-32304,0,0,0,0,0,226032,0
224008,3484,7452,-352,219,334,-960,-215787,374,96,-196,88,36253,135,31,66,0,0,0,0,0,0,0,0,-32304,0,0,0,0,0,226038,0
224013,3404,7390,-386,211,335,-964,-215701,383,75,-202,104,36253,135,31,66,0,0,0,0,0,0,0,0,-32304,0,0,0,0,0,226043,0
224018,3378,7392,-410,224,330,-960,-215610,397,59,-216,96,36256,124,31,66,0,0,0,0,0,0,0,0,-32304,0,0,0,0,0,226048,0
224023,3346,7298,-428,228,327,-963,-215515,413,58,-221,96,36256,124,31,66,0,0,0,0,0,0,0,0,-32304,0,0,0,0,0,226054,0
224028,3288,7226,-442,242,320,-960,-215423,407,44,-240,88,36258,129,31,66,0,0,0,0,0,0,0,0,-32304,0,0,0,0,0,226059,0
224033,3234,7202,-434,242,315,-956,-215336,388,11,-253,72,36258,129,31,66,0,0,0,0,0,0,0,0,-32303,0,0,0,0,0,226065,0
224038,3240,7214,-466,252,317,-951,-215249,379,-10,-259,72,36266,123,31,66,0,0,0,0,0,0,0,0,-32304,0,0,0,0,0,226071,0
224043,4928,9860,844,159,320,-735,-215167,349,-32,-270,64,36266,123,31,66,0,0,0,0,0,0,0,0,-32304,0,0,0,0,0,226076,0
224048,5926,10274,2556,36,395,-407,-215099,296,-72,-283,24,36267,117,31,66,0,0,0,0,0,0,0,0,-32304,0,0,0,0,0,226082,0
224053,5572,9864,2290,-23,415,-474,-215054,189,-143,-300,-32,36267,117,31,66,0,0,0,0,0,0,0,0,-32305,0,0,0,0,0,226087,0
224058,4904,11418,2780,-74,390,-644,-215029,100,-213,-290,-64,36263,118,31,66,0,0,0,0,0,0,0,0,-32304,0,0,0,0,0,226093,0
224063,3764,11026,2158,-123,391,-726,-215029,-3,-291,-255,-80,36263,118,31,66,0,0,0,0,0,0,0,0,-32304,0,0,0,0,0,226098,0
224068,1776,10814,336,-154,288,-755,-215030,2,-281,-257,-72,36261,113,31,66,0,0,0,0,0,0,0,0,-32304,0,0,0,0,0,226103,0
224073,1060,10470,-812,-121,212,-747,-215021,37,-192,-256,-40,36261,113,31,66,0,0,0,0,0,0,0,0,-32304,0,0,0,0,0,226109,0
224078,1030,10148,-1162,-98,168,-744,-215002,93,-45,-266,-16,36256,125,31,66,0,0,0,0,0,0,0,0,-32304,0,0,0,0,0,226114,0
224083,1232,10038,-1132,-79,154,-772,-214954,210,117,-265,32,36256,125,31,66,0,0,0,0,0,0,0,0,-32304,0,0,0,0,0,226120,0
224088,2400,10002,-356,-35,215,-852,-214890,297,233,-250,64,36258,136,31,66,0,0,0,0,0,0,0,0,-32304,0,0,0,0,0,226125,0
224093,3236,10032,280,-39,290,-873,-214807,382,287,-246,72,36258,136,31,66,0,0,0,0,0,0,0,0,-32304,0,0,0,0,0,226130,0
224098,3704,9876,546,-45,352,-886,-214719,397,276,-276,64,36256,139,31,66,0,0,0,0,0,0,0,0,-32304,0,0,0,0,0,226136,0
224103,3962,9582,594,-46,405,-917,-214633,369,197,-309,40,36256,139,31,66,0,0,0,0,0,0,0,0,-32304,0,0,0,0,0,226142,0
224108,3916,8530,282,-42,452,-979,-214558,322,75,-331,16,36255,128,31,66,0,0,0,0,0,0,0,0,-32304,0,0,0,0,0,226147,0
224113,3596,7964,38,-29,462,-1012,-214499,254,-55,-347,-16,36255,128,31,66,0,0,0,0,0,0,0,0,-32304,0,0,0,0,0,226152,0
224118,3198,7484,-130,-22,465,-1022,-214458,178,-159,-350,-24,36257,129,31,66,0,0,0,0,0,0,0,0,-32305,0,0,0,0,0,226158,0
224123,2830,6994,-160,-9,473,-1029,-214427,122,-209,-334,-48,36257,129,31,66,0,0,0,0,0,0,0,0,-32304,0,0,0,0,0,226163,0
224128,2386,6438,-10,3,502,-1029,-214401,109,-201,-326,-40,36258,130,31,66,0,0,0,0,0,0,0,0,-32304,0,0,0,0,0,226169,0
224133,2406,6264,70,10,521,-1020,-214380,79,-156,-315,-72,36258,130,31,66,0,0,0,0,0,0,0,0,-32304,0,0,0,0,0,226174,0
224138,2460,6228,160,20,543,-1016,-214376,8,-137,-313,-80,36256,125,31,66,0,0,0,0,0,0,0,0,-32304,0,0,0,0,0,226180,0
224143,2462,6306,200,21,554,-1009,-214380,-19,-139,-313,-88,36256,125,31,66,0,0,0,0,0,0,0,0,-32304,0,0,0,0,0,226185,0
224148,2678,6646,208,41,577,-1010,-214382,-18,-121,-316,-88,36257,133,31,66,0,0,0,0,0,0,0,0,-32304,0,0,0,0,0,226191,0
224153,2796,6854,224,50,583,-1020,-214384,-10,-97,-314,-88,36257,133,31,66,0,0,0,0,0,0,0,0,-32304,0,0,0,0,0,226196,0
224158,2896,7048,286,58,583,-1019,-214385,-4,-41,-314,-88,36258,130,31,66,0,0,0,0,0,0,0,0,-32304,0,0,0,0,0,226202,0
224163,2864,7204,326,59,589,-1030,-214385,0,0,-312,-88,36258,130,31,66,0,0,0,0,0,0,0,0,-32304,0,0,0,0,0,226207,0
224168,2632,7418,328,69,581,-1039,-214385,9,13,-311,-80,36259,130,31,66,0,0,0,0,0,0,0,0,-32304,0,0,0,0,0,226212,0
224173,2488,7498,274,81,573,-1043,-214386,1,6,-312,-88,36259,130,31,66,0,0,0,0,0,0,0,0,-32304,0,0,0,0,0,226218,0
224178,2226,7550,240,89,571,-1042,-214384,0,12,-310,-80,36256,141,31,66,0,0,0,0,0,0,0,0,-32304,0,0,0,0,0,226223,0
224183,1982,7586,180,93,553,-1045,-214385,2,5,-312,-88,36256,141,31,66,0,0,0,0,0,0,0,0,-32304,0,0,0,0,0,226229,0
224188,1542,7688,124,101,505,-1035,-214383,5,6,-312,-88,36256,136,31,66,0,0,0,0,0,0,0,0,-32304,0,0,0,0,0,226234,0
224193,1348,7772,160,101,473,-1023,-214383,6,4,-313,-80,36256,136,31,66,0,0,0,0,0,0,0,0,-32304,0,0,0,0,0,226240,0
224198,1236,7872,142,105,440,-1015,-214382,1,3,-311,-80,36254,143,31,66,0,0,0,0,0,0,0,0,-32304,0,0,0,0,0,226245,0
224203,1196,7974,106,103,403,-1002,-214380,3,4,-313,-80,36254,143,31,66,0,0,0,0,0,0,0,0,-32304,0,0,0,0,0,226251,0
224208,1162,8214,94,106,318,-982,-214379,5,1,-315,-88,36253,139,31,66,0,0,0,0,0,0,0,0,-32304,0,0,0,0,0,226256,0
224213,1208,8304,66,100,271,-978,-214377,2,-1,-313,-88,36253,139,31,66,0,0,0,0,0,0,0,0,-32304,0,0,0,0,0,226262,0
224218,1278,8410,32,100,232,-974,-214376,7,-1,-313,-80,36255,130,31,66,0,0,0,0,0,0,0,0,-32304,0,0,0,0,0,226267,0
224223,1310,8420,14,97,200,-971,-214376,0,-2,-313,-88,36255,130,31,66,0,0,0,0,0,0,0,0,-32304,0,0,0,0,0,226272,0
224228,1356,8374,-46,90,136,-958,-214374,5,2,-314,-88,36255,135,31,66,0,0,0,0,0,0,0,0,-32304,0,0,0,0,0,226278,0
224233,1328,8306,-70,86,117,-954,-214376,0,-3,-313,-88,36255,135,31,66,0,0,0,0,0,0,0,0,-32304,0,0,0,0,0,226283,0
224238,1286,8180,-118,79,96,-943,-214375,0,-3,-311,-80,36256,140,31,66,0,0,0,0,0,0,0,0,-32304,0,0,0,0,0,226289,0
224243,1270,8056,-156,78,85,-939,-214376,-5,-4,-311,-80,36256,140,31,66,0,0,0,0,0,0,0,0,-32304,0,0,0,0,0,226294,0
224248,1284,7802,-246,69,70,-915,-214375,2,-4,-315,-80,36258,133,31,66,0,0,0,0,0,0,0,0,-32304,0,0,0,0,0,226300,0
224253,1350,7682,-250,61,61,-908,-214376,-2,-5,-318,-80,36258,133,31,66,0,0,0,0,0,0,0,0,-32304,0,0,0,0,0,226305,0
224258,1410,7622,-222,59,58,-898,-214375,0,-1,-314,-80,36259,131,31,66,0,0,0,0,0,0,0,0,-32304,0,0,0,0,0,226310,0
224263,1506,7538,-202,49,61,-885,-214375,-1,-2,-314,-80,36259,131,31,66,0,0,0,0,0,0,0,0,-32304,0,0,0,0,0,226316,0
224268,1510,7428,-172,41,70,-862,-214378,-5,-6,-312,-88,36262,126,31,66,0,0,0,0,0,0,0,0,-32304,0,0,0,0,0,226321,0
224273,1528,7448,-182,35,74,-852,-214380,-10,-10,-312,-88,36262,126,31,66,0,0,0,0,0,0,0,0,-32304,0,0,0,0,0,226327,0
224278,1554,7486,-166,32,72,-845,-214384,-13,-14,-310,-96,36261,119,31,66,0,0,0,0,0,0,0,0,-32304,0,0,0,0,0,226333,0
224283,1440,7460,-166,26,78,-827,-214388,-18,-11,-307,-104,36261,119,31,66,0,0,0,0,0,0,0,0,-32304,0,0,0,0,0,226338,0
224288,652,6558,-472,4,141,-768,-214392,-16,-7,-310,-104,36254,126,31,66,0,0,0,0,0,0,0,0,-32304,0,0,0,0,0,226344,0
224293,-384,5328,-680,-5,211,-693,-214400,-30,-13,-310,-96,36254,126,31,66,0,0,0,0,0,0,0,0,-32304,0,0,0,0,0,226349,0
224298,-1668,4572,-756,-6,263,-582,-214405,-26,-12,-310,-104,36253,137,31,66,0,0,0,0,0,0,0,0,-32304,0,0,0,0,0,226354,0
224303,-1594,5968,-390,-2,293,-486,-214411,-29,-4,-309,-104,36253,137,31,66,0,0,0,0,0,0,0,0,-32304,0,0,0,0,0,226360,0
224308,358,9652,144,-23,190,-401,-214420,-42,-12,-309,-104,36253,150,31,66,0,0,0,0,0,0,0,0,-32304,0,0,0,0,0,226365,0
224313,1244,10058,228,-38,98,-441,-214438,-86,-24,-294,-152,36253,150,31,66,0,0,0,0,0,0,0,0,-32304,0,0,0,0,0,226371,0
224318,2268,9602,88,-51,-10,-508,-214489,-236,-93,-263,-344,36253,147,31,66,0,0,0,0,0,0,0,0,-32304,0,0,0,0,0,226376,0
224323,2996,8884,-130,-57,-68,-528,-214583,-442,-240,-231,-784,36253,147,31,66,0,0,0,0,0,0,0,0,-32304,0,0,0,0,0,226381,0
224328,2540,7964,-204,-57,-60,-569,-214734,-692,-444,-202,-1536,36254,129,31,66,0,0,0,0,0,0,0,0,-32304,0,0,0,0,0,226387,0
224333,1972,7986,-114,-55,-22,-574,-214948,-971,-652,-202,-2136,36254,129,31,66,0,0,0,0,0,0,0,0,-32303,0,0,0,0,0,226392,0
224338,2958,7978,86,-44,-40,-737,-215221,-1223,-824,-202,-2536,36252,136,31,66,0,0,0,0,0,0,0,0,-32304,0,0,0,0,0,226398,0
224343,6062,8746,186,-74,-29,-828,-215527,-1361,-851,-197,-2648,36252,136,31,66,0,0,0,0,0,0,0,0,-32304,0,0,0,0,0,226403,0
224348,5616,7418,84,-65,26,-938,-215839,-1377,-733,-163,-2456,36250,144,31,66,0,0,0,0,0,0,0,0,-32304,0,0,0,0,0,226408,0
224353,3786,7398,52,-59,47,-968,-216144,-1342,-491,-119,-2216,36250,144,31,66,0,0,0,0,0,0,0,0,-32304,0,0,0,0,0,226414,0
224358,2170,8230,68,-50,53,-1008,-216437,-1271,-200,-70,-1944,36248,154,31,66,0,0,0,0,0,0,0,0,-32304,0,0,0,0,0,226419,0
224363,964,8924,72,-62,21,-1002,-216703,-1163,44,-48,-1576,36248,154,31,66,0,0,0,0,0,0,0,0,-32304,0,0,0,0,0,226425,0
224368,16,8894,-88,-76,-87,-991,-216936,-1000,222,-30,-1080,36250,148,31,66,0,0,0,0,0,0,0,0,-32304,0,0,0,0,0,226430,0
224373,-22,8734,-48,-65,-117,-997,-217110,-733,401,-31,-344,36250,148,31,66,0,0,0,0,0,0,0,0,-32304,0,0,0,0,0,226436,0
224378,468,8712,150,-62,-107,-989,-217194,-323,636,103,56,36254,138,31,66,0,0,0,0,0,0,0,0,-32304,0,0,0,0,0,226441,0
224383,1188,8804,416,-63,-68,-1003,-217176,121,949,166,80,36254,138,31,66,0,0,0,0,0,0,0,0,-32304,0,0,0,0,0,226447,0
224388,2296,8450,442,-42,52,-1016,-217108,317,1152,-25,192,36254,133,31,66,0,0,0,0,0,0,0,0,-32304,0,0,0,0,0,226452,0
224393,2416,8160,326,-37,96,-1027,-217009,440,1138,-18,232,36254,133,31,66,0,0,0,0,0,0,0,0,-32304,0,0,0,0,0,226457,0
224398,2230,7884,138,-30,129,-1027,-216902,481,890,-44,208,36253,138,31,66,0,0,0,0,0,0,0,0,-32304,0,0,0,0,0,226463,0
224403,1856,7656,74,-24,134,-1040,-216799,445,524,-90,120,36253,138,31,66,0,0,0,0,0,0,0,0,-32304,0,0,0,0,0,226468,0
224408,1136,7424,246,-17,121,-1035,-216714,362,178,-143,72,36253,130,31,66,0,0,0,0,0,0,0,0,-32304,0,0,0,0,0,226474,0
224413,902,7470,354,-11,110,-1037,-216646,285,-34,-147,40,36253,130,31,66,0,0,0,0,0,0,0,0,-32304,0,0,0,0,0,226479,0
224418,752,7456,458,-6,110,-1026,-216598,206,-185,-154,24,36255,128,31,66,0,0,0,0,0,0,0,0,-32304,0,0,0,0,0,226485,0
224423,758,7542,436,-2,102,-1024,-216573,104,-263,-138,-8,36255,128,31,66,0,0,0,0,0,0,0,0,-32304,0,0,0,0,0,226490,0
224428,956,7660,380,13,87,-1009,-216560,49,-291,-111,-24,36256,132,31,66,0,0,0,0,0,0,0,0,-32304,0,0,0,0,0,226495,0
224433,1064,7728,256,18,67,-1014,-216556,12,-265,-102,-24,36256,132,31,66,0,0,0,0,0,0,0,0,-32304,0,0,0,0,0,226501,0
224438,1262,7882,210,17,42,-1013,-216556,-1,-211,-102,-32,36256,134,31,66,0,0,0,0,0,0,0,0,-32305,0,0,0,0,0,226506,0
224443,1388,7984,164,28,19,-1025,-216556,-6,-139,-101,-32,36256,134,31,66,0,0,0,0,0,0,0,0,-32305,0,0,0,0,0,226512,0
224448,1470,8168,194,30,-25,-1045,-216556,0,-68,-102,-24,36256,139,31,66,0,0,0,0,0,0,0,0,-32304,0,0,0,0,0,226517,0
224453,1370,8274,154,31,-58,-1053,-216556,0,-29,-102,-24,36256,139,31,66,0,0,0,0,0,0,0,0,-32304,0,0,0,0,0,226522,0
224458,1244,8382,190,30,-78,-1063,-216556,0,-3,-99,-24,36258,150,31,66,0,0,0,0,0,0,0,0,-32304,0,0,0,0,0,226528,0
224463,1090,8474,202,32,-115,-1078,-216556,0,2,-101,-24,36258,150,31,66,0,0,0,0,0,0,0,0,-32304,0,0,0,0,0,226533,0
224468,832,8528,150,35,-194,-1094,-216557,-2,2,-102,-32,36257,139,31,66,0,0,0,0,0,0,0,0,-32304,0,0,0,0,0,226539,0
224473,778,8514,184,34,-231,-1106,-216557,-6,-1,-104,-32,36257,139,31,66,0,0,0,0,0,0,0,0,-32304,0,0,0,0,0,226544,0
224478,740,8476,190,35,-270,-1106,-216555,6,-2,-101,-24,36255,146,31,66,0,0,0,0,0,0,0,0,-32304,0,0,0,0,0,226550,0
224483,744,8416,196,36,-301,-1113,-216556,1,3,-102,-32,36255,146,31,66,0,0,0,0,0,0,0,0,-32304,0,0,0,0,0,226555,0
224488,772,8228,236,39,-360,-1121,-216555,2,4,-102,-24,36253,139,31,66,0,0,0,0,0,0,0,0,-32304,0,0,0,0,0,226561,0
224493,816,8116,176,41,-388,-1128,-216556,-4,-1,-100,-24,36253,139,31,66,0,0,0,0,0,0,0,0,-32304,0,0,0,0,0,226566,0
224498,796,8042,120,41,-399,-1133,-216556,3,0,-101,-24,36255,141,31,66,0,0,0,0,0,0,0,0,-32304,0,0,0,0,0,226571,0
224503,790,7988,134,40,-415,-1128,-216556,-1,-4,-99,-24,36255,141,31,66,0,0,0,0,0,0,0,0,-32304,0,0,0,0,0,226577,0
224508,612,7886,64,37,-448,-1126,-216556,1,0,-99,-32,36258,136,31,66,0,0,0,0,0,0,0,0,-32304,0,0,0,0,0,226582,0
224513,560,7870,108,37,-458,-1124,-216556,-4,0,-99,-32,36258,136,31,66,0,0,0,0,0,0,0,0,-32304,0,0,0,0,0,226588,0
224518,510,7900,150,39,-467,-1118,-216556,0,4,-102,-24,36274,134,31,66,0,0,0,0,0,0,0,0,-32304,0,0,0,0,0,226593,0
224523,484,7920,178,46,-473,-1115,-216556,-4,2,-101,-32,36274,134,31,66,0,0,0,0,0,0,0,0,-32304,0,0,0,0,0,226599,0
224528,398,7970,194,46,-488,-1099,-216556,-3,2,-101,-24,36272,131,31,66,0,0,0,0,0,0,0,0,-32304,0,0,0,0,0,226604,0
224533,440,7998,204,49,-478,-1096,-216556,-3,-3,-102,-24,36272,131,31,66,0,0,0,0,0,0,0,0,-32304,0,0,0,0,0,226610,0
224538,414,7994,204,58,-478,-1091,-216556,0,2,-102,-32,36270,137,31,66,0,0,0,0,0,0,0,0,-32304,0,0,0,0,0,226615,0
224543,444,8112,260,53,-465,-1085,-216555,1,1,-102,-24,36270,137,31,66,0,0,0,0,0,0,0,0,-32304,0,0,0,0,0,226620,0
224548,576,8254,168,66,-431,-1078,-216557,-4,3,-103,-32,36257,131,31,66,0,0,0,0,0,0,0,0,-32304,0,0,0,0,0,226626,0
224553,542,8384,228,68,-416,-1074,-216557,0,1,-102,-32,36257,131,31,66,0,0,0,0,0,0,0,0,-32304,0,0,0,0,0,226631,0
224558,502,8494,192,64,-392,-1074,-216556,-4,-2,-100,-24,36258,134,31,66,0,0,0,0,0,0,0,0,-32304,0,0,0,0,0,226637,0
224563,578,8420,142,75,-371,-1069,-216555,0,0,-100,-32,36258,134,31,66,0,0,0,0,0,0,0,0,-32304,0,0,0,0,0,226642,0
224568,546,8486,224,72,-326,-1070,-216556,0,2,-103,-24,36259,143,31,66,0,0,0,0,0,0,0,0,-32304,0,0,0,0,0,226647,0
224573,534,8398,166,73,-311,-1069,-216554,5,-2,-102,-32,36259,143,31,66,0,0,0,0,0,0,0,0,-32304,0,0,0,0,0,226653,0
224578,602,8314,206,79,-291,-1073,-216555,1,-7,-100,-24,36259,137,31,66,0,0,0,0,0,0,0,0,-32304,0,0,0,0,0,226658,0
224583,534,8312,162,81,-273,-1073,-216556,6,0,-101,-24,36259,137,31,66,0,0,0,0,0,0,0,0,-32304,0,0,0,0,0,226664,0
224588,402,8068,148,77,-259,-1068,-216555,2,-3,-103,-24,36257,143,31,66,0,0,0,0,0,0,0,0,-32304,0,0,0,0,0,226669,0
224593,368,8020,148,88,-248,-1063,-216556,0,-1,-100,-32,36257,143,31,66,0,0,0,0,0,0,0,0,-32304,0,0,0,0,0,226674,0
224598,458,7988,204,86,-228,-1065,-216555,-5,-3,-102,-24,36255,143,31,66,0,0,0,0,0,0,0,0,-32304,0,0,0,0,0,226680,0
224603,438,8140,228,89,-215,-1070,-216557,-2,-1,-100,-24,36255,143,31,66,0,0,0,0,0,0,0,0,-32303,0,0,0,0,0,226685,0
224608,544,8132,192,86,-192,-1068,-216555,0,-3,-100,-24,36255,139,31,66,0,0,0,0,0,0,0,0,-32304,0,0,0,0,0,226691,0
224613,576,8188,182,93,-169,-1070,-216556,1,-3,-101,-32,36255,139,31,66,0,0,0,0,0,0,0,0,-32304,0,0,0,0,0,226696,0
224618,680,8254,248,90,-150,-1075,-216556,-1,4,-101,-32,36255,143,31,66,0,0,0,0,0,0,0,0,-32304,0,0,0,0,0,226701,0
224623,588,8360,120,99,-133,-1081,-216556,0,0,-102,-24,36255,143,31,66,0,0,0,0,0,0,0,0,-32304,0,0,0,0,0,226707,0
224628,536,8432,154,102,-113,-1096,-216556,-4,-1,-100,-32,36255,132,31,66,0,0,0,0,0,0,0,0,-32304,0,0,0,0,0,226712,0
224633,506,8432,116,95,-94,-1102,-216556,-2,4,-100,-24,36255,132,31,66,0,0,0,0,0,0,0,0,-32304,0,0,0,0,0,226718,0
224638,558,8414,224,104,-81,-1109,-216556,0,-2,-101,-32,36255,124,31,66,0,0,0,0,0,0,0,0,-32304,0,0,0,0,0,226724,0
224643,470,8450,162,104,-68,-1117,-216556,0,3,-102,-24,36255,124,31,66,0,0,0,0,0,0,0,0,-32304,0,0,0,0,0,226729,0
224648,350,8226,120,102,-52,-1128,-216557,-3,0,-101,-24,36253,125,31,66,0,0,0,0,0,0,0,0,-32304,0,0,0,0,0,226734,0
224653,384,8196,70,106,-36,-1132,-216556,3,4,-102,-32,36253,125,31,66,0,0,0,0,0,0,0,0,-32304,0,0,0,0,0,226740,0
224658,378,8178,126,96,-35,-1137,-216555,-3,0,-100,-32,36252,127,31,66,0,0,0,0,0,0,0,0,-32304,0,0,0,0,0,226745,0
224663,368,8076,-114,109,-6,-1140,-216555,0,2,-97,-24,36252,127,31,66,0,0,0,0,0,0,0,0,-32304,0,0,0,0,0,226751,0
224668,304,8072,32,98,4,-1155,-216556,2,1,-102,-24,36256,130,31,66,0,0,0,0,0,0,0,0,-32304,0,0,0,0,0,226756,0
224673,222,8138,-50,101,21,-1160,-216555,5,-1,-104,-32,36256,130,31,66,0,0,0,0,0,0,0,0,-32304,0,0,0,0,0,226761,0
224678,-712,8990,142,90,17,-1194,-216556,0,-5,-102,-24,36257,136,31,66,0,0,0,0,0,0,0,0,-32305,0,0,0,0,0,226767,0
224683,-1298,9536,26,88,18,-1194,-216556,0,0,-100,-24,36257,136,31,66,0,0,0,0,0,0,0,0,-32304,0,0,0,0,0,226772,0
224688,-488,9330,-94,91,13,-1176,-216556,-6,-1,-100,-24,36259,135,31,66,0,0,0,0,0,0,0,0,-32304,0,0,0,0,0,226778,0
224693,208,8864,-32,83,6,-1165,-216556,-4,-2,-100,-24,36259,135,31,66,0,0,0,0,0,0,0,0,-32304,0,0,0,0,0,226783,0
224698,668,8396,-96,82,19,-1186,-216555,3,-3,-100,-24,36254,141,31,66,0,0,0,0,0,0,0,0,-32304,0,0,0,0,0,226789,0
224703,930,8180,-84,79,23,-1197,-216556,2,0,-101,-24,36254,141,31,66,0,0,0,0,0,0,0,0,-32304,0,0,0,0,0,226794,0
224708,380,8054,2,75,35,-1228,-216555,3,-2,-101,-32,36253,141,31,66,0,0,0,0,0,0,0,0,-32304,0,0,0,0,0,226799,0
224713,-130,8140,82,61,44,-1232,-216556,0,-3,-103,-24,36253,141,31,66,0,0,0,0,0,0,0,0,-32304,0,0,0,0,0,226805,0
224718,-520,8220,108,64,48,-1224,-216556,-2,3,-102,-24,36253,136,31,66,0,0,0,0,0,0,0,0,-32304,0,0,0,0,0,226810,0
224723,-774,8160,102,65,49,-1221,-216555,1,-2,-102,-24,36253,136,31,66,0,0,0,0,0,0,0,0,-32303,0,0,0,0,0,226816,0
224728,-660,8024,138,72,28,-1209,-216557,1,2,-101,-32,36253,137,31,66,0,0,0,0,0,0,0,0,-32304,0,0,0,0,0,226821,0
224733,-506,7950,60,75,11,-1205,-216555,3,-1,-101,-24,36253,137,31,66,0,0,0,0,0,0,0,0,-32304,0,0,0,0,0,226827,0
224738,-434,7978,-8,72,-13,-1201,-216557,0,1,-102,-24,36253,138,31,66,0,0,0,0,0,0,0,0,-32304,0,0,0,0,0,226832,0
224743,-410,8100,-44,74,-36,-1203,-216556,1,2,-101,-24,36253,138,31,66,0,0,0,0,0,0,0,0,-32304,0,0,0,0,0,226838,0
224748,-548,8274,2,77,-50,-1195,-216555,6,0,-100,-32,36255,143,31,66,0,0,0,0,0,0,0,0,-32303,0,0,0,0,0,226843,0
224753,-612,8196,22,70,-60,-1187,-216555,0,0,-102,-24,36255,143,31,66,0,0,0,0,0,0,0,0,-32304,0,0,0,0,0,226849,0
224758,-608,8160,34,77,-61,-1184,-216556,-1,-4,-101,-24,36255,140,31,66,0,0,0,0,0,0,0,0,-32304,0,0,0,0,0,226854,0
224763,-410,8470,-264,51,-50,-1176,-216556,0,-3,-100,-24,36255,140,31,66,0,0,0,0,0,0,0,0,-32304,0,0,0,0,0,226859,0
224768,-562,8078,294,61,-85,-1165,-216556,0,0,-101,-32,36256,128,31,66,0,0,0,0,0,0,0,0,-32304,0,0,0,0,0,226865,0
224773,-632,7982,-146,56,-93,-1170,-216556,4,0,-105,-32,36256,128,31,66,0,0,0,0,0,0,0,0,-32304,0,0,0,0,0,226870,0
224778,-302,8224,-136,65,-51,-1167,-216555,1,0,-101,-24,36259,126,31,66,0,0,0,0,0,0,0,0,-32304,0,0,0,0,0,226876,0
224783,-612,7996,362,69,-54,-1163,-216574,-98,-21,-707,-800,36259,126,31,66,0,0,0,0,0,0,0,0,-32303,0,0,0,0,0,226881,0
224788,-878,7946,56,71,-69,-1136,-216653,-361,-171,-1151,-1064,36255,145,31,66,0,0,0,0,0,0,0,0,-32305,0,0,0,0,0,226886,0
224793,-1018,7990,112,72,-62,-1136,-216765,-505,-365,-811,-1056,36255,145,31,66,0,0,0,0,0,0,0,0,-32304,0,0,0,0,0,226892,0
224798,-918,8044,182,71,-58,-1116,-216888,-541,-492,-512,-832,36251,155,31,66,0,0,0,0,0,0,0,0,-32304,0,0,0,0,0,226897,0
224803,-928,7968,136,68,-62,-1114,-216991,-444,-420,-324,-416,36251,155,31,66,0,0,0,0,0,0,0,0,-32304,0,0,0,0,0,226903,0
224808,-1068,8202,564,76,-85,-1101,-217062,-286,-153,-251,-288,36245,154,31,66,0,0,0,0,0,0,0,0,-32304,0,0,0,0,0,226908,0
224813,-976,7920,316,84,-84,-1103,-217090,-157,184,-376,-304,36245,154,31,66,0,0,0,0,0,0,0,0,-32304,0,0,0,0,0,226913,0
224818,-938,7876,90,87,-90,-1092,-217103,-51,387,-663,-304,36249,150,31,66,0,0,0,0,0,0,0,0,-32304,0,0,0,0,0,226919,0
224823,-956,8028,176,93,-94,-1090,-217112,-42,416,-834,-344,36249,150,31,66,0,0,0,0,0,0,0,0,-32304,0,0,0,0,0,226924,0
224828,-748,7866,66,108,-111,-1092,-217127,-68,290,-824,-352,36252,136,31,66,0,0,0,0,0,0,0,0,-32304,0,0,0,0,0,226930,0
224833,-658,8284,230,93,-128,-1088,-217138,-49,131,-808,-296,36252,136,31,66,0,0,0,0,0,0,0,0,-32304,0,0,0,0,0,226935,0
224838,-690,8146,18,92,-132,-1094,-217141,-5,45,-838,-296,36253,135,31,66,0,0,0,0,0,0,0,0,-32304,0,0,0,0,0,226940,0
224843,-644,8102,-134,95,-120,-1099,-217141,0,40,-883,-304,36253,135,31,66,0,0,0,0,0,0,0,0,-32304,0,0,0,0,0,226946,0
224848,-876,7838,-336,78,-107,-1103,-217140,-1,59,-894,-288,36251,134,31,66,0,0,0,0,0,0,0,0,-32304,0,0,0,0,0,226951,0
224853,-932,8312,-42,81,-106,-1105,-217139,10,51,-893,-296,36251,134,31,66,0,0,0,0,0,0,0,0,-32304,0,0,0,0,0,226957,0
224858,-724,8136,-68,74,-100,-1103,-217139,6,24,-889,-304,36252,130,31,66,0,0,0,0,0,0,0,0,-32303,0,0,0,0,0,226963,0
224863,-832,8022,-144,70,-90,-1107,-217142,-6,2,-888,-296,36252,130,31,66,0,0,0,0,0,0,0,0,-32303,0,0,0,0,0,226968,0
224868,-1096,8028,-36,59,-79,-1100,-217141,-1,0,-890,-280,36252,137,31,66,0,0,0,0,0,0,0,0,-32303,0,0,0,0,0,226973,0
224873,-1166,8042,-316,41,-76,-1106,-217141,0,-3,-896,-296,36252,137,31,66,0,0,0,0,0,0,0,0,-32304,0,0,0,0,0,226979,0
224878,-1278,8016,52,60,-83,-1103,-217141,5,2,-891,-304,36256,143,31,66,0,0,0,0,0,0,0,0,-32304,0,0,0,0,0,226984,0
224883,-1264,7968,124,52,-97,-1098,-217141,0,1,-889,-296,36256,143,31,66,0,0,0,0,0,0,0,0,-32303,0,0,0,0,0,226990,0
224888,-1124,7982,24,53,-92,-1100,-217141,5,1,-885,-304,36255,137,31,66,0,0,0,0,0,0,0,0,-32304,0,0,0,0,0,226995,0
224893,-1136,8040,110,48,-103,-1101,-217143,1,0,-887,-296,36255,137,31,66,0,0,0,0,0,0,0,0,-32304,0,0,0,0,0,227000,0
224898,-1036,8060,98,54,-110,-1101,-217144,0,-3,-881,-296,36255,137,31,66,0,0,0,0,0,0,0,0,-32304,0,0,0,0,0,227006,0
224903,-978,8100,88,63,-108,-1103,-217144,-2,3,-881,-304,36255,137,31,66,0,0,0,0,0,0,0,0,-32304,0,0,0,0,0,227011,0
224908,-1078,8174,200,65,-118,-1111,-217145,-3,3,-876,-304,36252,136,31,66,0,0,0,0,0,0,0,0,-32303,0,0,0,0,0,227017,0
224913,-998,7980,166,66,-127,-1117,-217146,-5,-1,-879,-296,36252,136,31,66,0,0,0,0,0,0,0,0,-32303,0,0,0,0,0,227022,0
224918,-1084,7932,76,69,-133,-1115,-217147,-3,2,-884,-288,36251,125,31,66,0,0,0,0,0,0,0,0,-32303,0,0,0,0,0,227027,0
224923,-1212,7882,110,76,-130,-1122,-217148,0,-2,-882,-288,36251,125,31,66,0,0,0,0,0,0,0,0,-32304,0,0,0,0,0,227033,0
224928,-1326,7744,326,98,-145,-1133,-217149,0,1,-877,-296,36250,135,31,66,0,0,0,0,0,0,0,0,-32303,0,0,0,0,0,227038,0
224933,-1306,7920,382,90,-161,-1134,-217149,-4,2,-879,-296,36250,135,31,66,0,0,0,0,0,0,0,0,-32304,0,0,0,0,0,227044,0
224938,-1226,7912,266,101,-170,-1138,-217150,-3,1,-876,-288,36250,134,31,66,0,0,0,0,0,0,0,0,-32304,0,0,0,0,0,227049,0
224943,-1210,7992,98,107,-160,-1149,-217152,-7,0,-876,-296,36250,134,31,66,0,0,0,0,0,0,0,0,-32303,0,0,0,0,0,227055,0
224948,-1474,7966,48,140,-221,-1162,-217153,-12,0,-868,-288,36249,139,31,66,0,0,0,0,0,0,0,0,-32303,0,0,0,0,0,227060,0
224953,-1424,7984,0,144,-265,-1170,-217157,-13,-6,-861,-288,36249,139,31,66,0,0,0,0,0,0,0,0,-32304,0,0,0,0,0,227065,0
224958,-1432,8028,-126,158,-287,-1174,-217159,-9,-7,-854,-296,36249,142,31,66,0,0,0,0,0,0,0,0,-32304,0,0,0,0,0,227071,0
224963,-1464,8176,72,174,-331,-1185,-217165,-28,-8,-854,-288,36249,142,31,66,0,0,0,0,0,0,0,0,-32303,0,0,0,0,0,227076,0
224968,-1182,8074,0,186,-376,-1198,-217173,-41,-22,-808,-304,36250,143,31,66,0,0,0,0,0,0,0,0,-32303,0,0,0,0,0,227082,0
224973,-1194,8226,-14,183,-402,-1213,-217188,-62,-38,-774,-304,36250,143,31,66,0,0,0,0,0,0,0,0,-32304,0,0,0,0,0,227088,0
224978,-1514,8538,-178,171,-439,-1223,-217201,-50,-45,-738,-280,36250,141,31,66,0,0,0,0,0,0,0,0,-32304,0,0,0,0,0,227093,0
224983,-820,7696,-226,201,-411,-1236,-217206,-8,-16,-757,-248,36250,141,31,66,0,0,0,0,0,0,0,0,-32304,0,0,0,0,0,227098,0
224988,-838,8484,-112,148,-426,-1251,-217205,2,34,-812,-272,36255,139,31,66,0,0,0,0,0,0,0,0,-32304,0,0,0,0,0,227104,0
224993,-776,8572,-414,142,-398,-1259,-217205,0,59,-829,-264,36255,139,31,66,0,0,0,0,0,0,0,0,-32304,0,0,0,0,0,227109,0
224998,-766,8880,-570,120,-380,-1269,-217205,-2,55,-827,-256,36258,134,31,66,0,0,0,0,0,0,0,0,-32304,0,0,0,0,0,227115,0
225003,-646,9080,-686,92,-355,-1276,-217205,-2,23,-832,-264,36258,134,31,66,0,0,0,0,0,0,0,0,-32303,0,0,0,0,0,227120,0
225008,-472,9218,-1198,28,-303,-1294,-217206,-3,-3,-828,-256,36256,134,31,66,0,0,0,0,0,0,0,0,-32304,0,0,0,0,0,227125,0
225013,-676,9300,-1210,-13,-275,-1299,-217206,-2,0,-826,-256,36256,134,31,66,0,0,0,0,0,0,0,0,-32304,0,0,0,0,0,227131,0
225018,-828,9310,-1322,-44,-252,-1300,-217205,-2,1,-834,-256,36253,129,31,66,0,0,0,0,0,0,0,0,-32303,0,0,0,0,0,227136,0
225023,-988,9296,-1364,-89,-229,-1298,-217205,4,2,-832,-256,36253,129,31,66,0,0,0,0,0,0,0,0,-32303,0,0,0,0,0,227142,0
225028,-1354,9152,-1404,-160,-196,-1294,-217206,-3,-1,-830,-256,36252,123,31,66,0,0,0,0,0,0,0,0,-32303,0,0,0,0,0,227147,0
225033,-1568,9182,-1398,-209,-189,-1291,-217204,7,2,-825,-264,36252,123,31,66,0,0,0,0,0,0,0,0,-32303,0,0,0,0,0,227152,0
225038,-1920,9300,-1258,-238,-177,-1280,-217204,11,0,-826,-272,36251,133,31,66,0,0,0,0,0,0,0,0,-32303,0,0,0,0,0,227159,0
225043,-2154,9328,-1198,-279,-167,-1264,-217204,3,1,-830,-264,36251,133,31,66,0,0,0,0,0,0,0,0,-32303,0,0,0,0,0,227164,0
225048,-2302,9090,-1058,-335,-175,-1228,-217205,2,4,-833,-256,36251,138,31,66,0,0,0,0,0,0,0,0,-32303,0,0,0,0,0,227170,0
225053,-2444,8992,-910,-362,-183,-1211,-217203,6,3,-830,-264,36251,138,31,66,0,0,0,0,0,0,0,0,-32303,0,0,0,0,0,227175,0
225058,-2626,8996,-810,-387,-194,-1190,-217204,0,-1,-835,-256,36250,133,31,66,0,0,0,0,0,0,0,0,-32303,0,0,0,0,0,227180,0
225063,-2598,8652,-744,-406,-198,-1166,-217203,8,2,-829,-264,36250,133,31,66,0,0,0,0,0,0,0,0,-32304,0,0,0,0,0,227186,0
225068,-2762,8208,-514,-426,-234,-1124,-217203,-1,-1,-836,-256,36252,137,31,66,0,0,0,0,0,0,0,0,-32303,0,0,0,0,0,227191,0
225073,-2808,8032,-516,-431,-256,-1103,-217203,0,5,-838,-256,36252,137,31,66,0,0,0,0,0,0,0,0,-32304,0,0,0,0,0,227197,0
225078,-2914,7858,-404,-433,-280,-1088,-217201,5,-1,-838,-264,36252,131,31,66,0,0,0,0,0,0,0,0,-32303,0,0,0,0,0,227202,0
225083,-2936,7698,-332,-428,-310,-1063,-217201,4,2,-841,-256,36252,131,31,66,0,0,0,0,0,0,0,0,-32304,0,0,0,0,0,227208,0
225088,-3086,7394,-196,-427,-365,-1027,-217199,3,2,-841,-248,36250,132,31,66,0,0,0,0,0,0,0,0,-32304,0,0,0,0,0,227213,0
225093,-3182,7256,-118,-413,-396,-1012,-217198,10,2,-840,-264,36250,132,31,66,0,0,0,0,0,0,0,0,-32304,0,0,0,0,0,227219,0
225098,-3258,7146,-12,-396,-430,-997,-217197,7,-1,-846,-256,36253,130,31,66,0,0,0,0,0,0,0,0,-32303,0,0,0,0,0,227224,0
225103,-3338,7060,74,-390,-467,-978,-217196,5,1,-844,-264,36253,130,31,66,0,0,0,0,0,0,0,0,-32304,0,0,0,0,0,227230,0
225108,-3340,6868,202,-358,-527,-938,-217195,6,-3,-843,-264,36253,136,31,66,0,0,0,0,0,0,0,0,-32303,0,0,0,0,0,227235,0
225113,-3262,6780,224,-335,-554,-924,-217193,5,3,-847,-264,36253,136,31,66,0,0,0,0,0,0,0,0,-32304,0,0,0,0,0,227240,0
225118,-3248,6758,254,-320,-591,-907,-217193,2,0,-852,-264,36253,140,31,66,0,0,0,0,0,0,0,0,-32304,0,0,0,0,0,227246,0
225123,-3242,6706,334,-299,-627,-891,-217192,7,-5,-850,-248,36253,140,31,66,0,0,0,0,0,0,0,0,-32304,0,0,0,0,0,227251,0
225128,-3162,6702,372,-257,-695,-871,-217191,2,-2,-853,-256,36248,145,31,66,0,0,0,0,0,0,0,0,-32303,0,0,0,0,0,227257,0
225133,-3198,6744,392,-231,-728,-855,-217191,-1,0,-852,-248,36248,145,31,66,0,0,0,0,0,0,0,0,-32304,0,0,0,0,0,227262,0
225138,-3162,6758,458,-213,-763,-845,-217189,2,1,-852,-256,36249,137,31,66,0,0,0,0,0,0,0,0,-32304,0,0,0,0,0,227268,0
225143,-3078,6768,510,-187,-798,-829,-217188,6,3,-852,-248,36249,137,31,66,0,0,0,0,0,0,0,0,-32304,0,0,0,0,0,227273,0
225148,-2994,6820,584,-149,-847,-826,-217186,5,3,-852,-256,36248,138,31,66,0,0,0,0,0,0,0,0,-32303,0,0,0,0,0,227278,0
225153,-2974,6838,642,-128,-876,-812,-217187,2,2,-850,-256,36248,138,31,66,0,0,0,0,0,0,0,0,-32303,0,0,0,0,0,227284,0
225158,-2936,6852,646,-117,-898,-806,-217187,4,-1,-848,-256,36250,134,31,66,0,0,0,0,0,0,0,0,-32304,0,0,0,0,0,227289,0
225163,-2846,6892,644,-99,-913,-798,-217186,4,1,-859,-264,36250,134,31,66,0,0,0,0,0,0,0,0,-32304,0,0,0,0,0,227295,0
225168,-2678,7026,628,-80,-920,-784,-217184,8,4,-849,-256,36248,130,31,66,0,0,0,0,0,0,0,0,-32304,0,0,0,0,0,227300,0
225173,-2736,7044,756,-66,-932,-779,-217185,0,-2,-849,-256,36248,130,31,66,0,0,0,0,0,0,0,0,-32304,0,0,0,0,0,227306,0
225178,-2730,7136,774,-48,-942,-783,-217185,-1,-2,-851,-272,36249,137,31,66,0,0,0,0,0,0,0,0,-32304,0,0,0,0,0,227311,0
225183,-2638,7228,764,-41,-941,-776,-217185,0,-1,-850,-256,36249,137,31,66,0,0,0,0,0,0,0,0,-32304,0,0,0,0,0,227316,0
225188,-2670,7234,808,-31,-939,-765,-217184,-3,1,-857,-248,36250,136,31,66,0,0,0,0,0,0,0,0,-32304,0,0,0,0,0,227322,0
225193,-2682,7246,846,-25,-925,-755,-217184,1,-3,-856,-264,36250,136,31,66,0,0,0,0,0,0,0,0,-32304,0,0,0,0,0,227327,0
225198,-2704,7330,856,-13,-924,-751,-217183,-1,-3,-853,-280,36252,138,31,66,0,0,0,0,0,0,0,0,-32304,0,0,0,0,0,227333,0
225203,-2746,7390,898,-3,-920,-743,-217183,1,-2,-851,-256,36252,138,31,66,0,0,0,0,0,0,0,0,-32303,0,0,0,0,0,227338,0
225208,-2608,7482,946,12,-910,-731,-217183,1,-4,-847,-264,36251,137,31,66,0,0,0,0,0,0,0,0,-32303,0,0,0,0,0,227344,0
225213,-2574,7514,984,24,-902,-727,-217183,-1,1,-854,-272,36251,137,31,66,0,0,0,0,0,0,0,0,-32304,0,0,0,0,0,227349,0
225218,-2616,7544,1014,27,-893,-722,-217183,-1,1,-854,-264,36252,137,31,66,0,0,0,0,0,0,0,0,-32303,0,0,0,0,0,227355,0
225223,-2610,7558,1022,34,-882,-717,-217182,5,0,-854,-264,36252,137,31,66,0,0,0,0,0,0,0,0,-32303,0,0,0,0,0,227360,0
225228,-2716,7518,1038,45,-854,-701,-217183,2,-8,-854,-272,36255,135,31,66,0,0,0,0,0,0,0,0,-32304,0,0,0,0,0,227365,0
225233,-2774,7430,1022,55,-846,-687,-217182,0,2,-849,-264,36255,135,31,66,0,0,0,0,0,0,0,0,-32304,0,0,0,0,0,227371,0
225238,-2806,7386,1028,60,-833,-680,-217183,0,2,-856,-264,36256,144,31,66,0,0,0,0,0,0,0,0,-32303,0,0,0,0,0,227376,0
225243,-2874,7368,1016,68,-822,-670,-217183,-3,-4,-851,-272,36256,144,31,66,0,0,0,0,0,0,0,0,-32303,0,0,0,0,0,227382,0
225248,-2864,7234,982,69,-785,-648,-217181,8,6,-850,-280,36257,132,31,66,0,0,0,0,0,0,0,0,-32303,0,0,0,0,0,227387,0
225253,-2856,7206,986,69,-768,-647,-217182,0,0,-852,-272,36257,132,31,66,0,0,0,0,0,0,0,0,-32303,0,0,0,0,0,227392,0
225258,-2826,7180,980,67,-738,-638,-217183,2,-2,-846,-280,36254,133,31,66,0,0,0,0,0,0,0,0,-32304,0,0,0,0,0,227398,0
225263,-2794,7210,928,59,-709,-626,-217182,2,0,-853,-280,36254,133,31,66,0,0,0,0,0,0,0,0,-32303,0,0,0,0,0,227403,0
225268,-2686,7294,888,38,-634,-607,-217182,0,1,-854,-264,36254,129,31,66,0,0,0,0,0,0,0,0,-32304,0,0,0,0,0,227408,0
225273,-2604,7392,886,22,-592,-594,-217182,2,-2,-855,-272,36254,129,31,66,0,0,0,0,0,0,0,0,-32303,0,0,0,0,0,227414,0
225278,-2568,7542,958,1,-540,-584,-217182,1,2,-852,-280,36253,125,31,66,0,0,0,0,0,0,0,0,-32303,0,0,0,0,0,227419,0
225283,-2462,7630,1006,-14,-486,-574,-217182,3,-1,-850,-280,36253,125,31,66,0,0,0,0,0,0,0,0,-32304,0,0,0,0,0,227425,0
225288,-2356,7774,1182,-65,-360,-553,-217181,0,2,-857,-280,36252,127,31,66,0,0,0,0,0,0,0,0,-32304,0,0,0,0,0,227430,0
225293,-2438,7858,1260,-91,-292,-539,-217183,-1,-4,-850,-280,36252,127,31,66,0,0,0,0,0,0,0,0,-32303,0,0,0,0,0,227435,0
225298,-2488,7878,1306,-115,-226,-527,-217182,1,-4,-854,-272,36253,127,31,66,0,0,0,0,0,0,0,0,-32304,0,0,0,0,0,227441,0
225303,-2606,7920,1366,-136,-147,-513,-217182,-3,2,-856,-264,36253,127,31,66,0,0,0,0,0,0,0,0,-32303,0,0,0,0,0,227446,0
225308,-2670,7870,1396,-188,-9,-480,-217181,2,-1,-850,-280,36257,122,31,66,0,0,0,0,0,0,0,0,-32304,0,0,0,0,0,227451,0
225313,-2662,7840,1324,-215,65,-462,-217181,3,0,-848,-280,36257,122,31,66,0,0,0,0,0,0,0,0,-32303,0,0,0,0,0,227457,0
225318,-2640,7732,1288,-236,133,-451,-217181,0,-1,-851,-280,36256,131,31,66,0,0,0,0,0,0,0,0,-32303,0,0,0,0,0,227462,0
225323,-2678,7620,1228,-253,192,-431,-217182,-1,4,-858,-272,36256,131,31,66,0,0,0,0,0,0,0,0,-32304,0,0,0,0,0,227467,0
225328,-2844,7352,1114,-290,299,-402,-217182,-3,-5,-855,-272,36256,136,31,66,0,0,0,0,0,0,0,0,-32303,0,0,0,0,0,227473,0
225333,-2940,7244,1082,-298,341,-398,-217181,2,0,-852,-264,36256,136,31,66,0,0,0,0,0,0,0,0,-32303,0,0,0,0,0,227478,0
225338,-2982,7128,1028,-314,385,-380,-217181,3,1,-856,-272,36252,141,31,66,0,0,0,0,0,0,0,0,-32303,0,0,0,0,0,227483,0
225343,-3016,7034,990,-323,412,-368,-217181,-3,3,-860,-280,36252,141,31,66,0,0,0,0,0,0,0,0,-32304,0,0,0,0,0,227489,0
225348,-3092,6898,928,-348,486,-336,-217180,6,2,-850,-272,36252,144,31,66,0,0,0,0,0,0,0,0,-32303,0,0,0,0,0,227494,0
225353,-3070,6924,926,-352,518,-330,-217181,-1,1,-853,-288,36252,144,31,66,0,0,0,0,0,0,0,0,-32304,0,0,0,0,0,227499,0
225358,-3136,6966,912,-358,550,-315,-217180,-1,-4,-853,-280,36253,130,31,66,0,0,0,0,0,0,0,0,-32304,0,0,0,0,0,227505,0
225363,-3104,7032,960,-370,574,-305,-217180,1,-3,-853,-272,36253,130,31,66,0,0,0,0,0,0,0,0,-32303,0,0,0,0,0,227510,0
225368,-3030,7210,1010,-386,640,-279,-217179,6,6,-862,-288,36252,129,31,66,0,0,0,0,0,0,0,0,-32303,0,0,0,0,0,227516,0
225373,-2972,7294,1042,-405,675,-264,-217180,0,-3,-860,-264,36252,129,31,66,0,0,0,0,0,0,0,0,-32304,0,0,0,0,0,227521,0
225378,-3036,7296,1134,-405,712,-257,-217180,2,0,-852,-264,36252,137,31,66,0,0,0,0,0,0,0,0,-32304,0,0,0,0,0,227526,0
225383,-3098,7414,1178,-409,733,-239,-217180,-1,-3,-856,-264,36252,137,31,66,0,0,0,0,0,0,0,0,-32304,0,0,0,0,0,227532,0
225388,-3126,7408,1228,-417,791,-213,-217179,0,-3,-854,-280,36251,139,31,66,0,0,0,0,0,0,0,0,-32304,0,0,0,0,0,227537,0
225393,-3086,7358,1256,-415,817,-206,-217179,0,-4,-858,-280,36251,139,31,66,0,0,0,0,0,0,0,0,-32303,0,0,0,0,0,227542,0
225398,-3082,7270,1256,-414,834,-189,-217180,-4,0,-860,-264,36250,134,31,66,0,0,0,0,0,0,0,0,-32303,0,0,0,0,0,227548,0
225403,-3094,7282,1226,-413,848,-182,-217180,-1,-3,-851,-272,36250,134,31,66,0,0,0,0,0,0,0,0,-32304,0,0,0,0,0,227553,0
225408,-3170,7202,1120,-402,873,-165,-217180,-6,-1,-849,-272,36256,137,31,66,0,0,0,0,0,0,0,0,-32303,0,0,0,0,0,227558,0
225413,-3192,7126,1090,-383,883,-157,-217180,5,2,-854,-280,36256,137,31,66,0,0,0,0,0,0,0,0,-32304,0,0,0,0,0,227564,0
225418,-3258,7108,1020,-381,879,-147,-217180,-1,1,-861,-272,36256,130,31,66,0,0,0,0,0,0,0,0,-32304,0,0,0,0,0,227570,0
225423,-3282,7116,970,-367,880,-145,-217180,1,3,-854,-272,36256,130,31,66,0,0,0,0,0,0,0,0,-32303,0,0,0,0,0,227575,0
225428,-3284,7174,794,-349,867,-130,-217180,-1,0,-855,-264,36254,130,31,66,0,0,0,0,0,0,0,0,-32304,0,0,0,0,0,227580,0
225433,-3236,7200,724,-349,870,-128,-217179,0,2,-857,-280,36254,130,31,66,0,0,0,0,0,0,0,0,-32304,0,0,0,0,0,227586,0
225438,-3234,7274,614,-342,865,-117,-217180,0,-2,-861,-272,36250,131,31,66,0,0,0,0,0,0,0,0,-32304,0,0,0,0,0,227591,0
225443,-3256,7310,564,-333,856,-117,-217180,2,-2,-852,-272,36250,131,31,66,0,0,0,0,0,0,0,0,-32305,0,0,0,0,0,227597,0
225448,-3282,7564,530,-330,848,-104,-217179,1,1,-855,-272,36250,134,31,66,0,0,0,0,0,0,0,0,-32304,0,0,0,0,0,227602,0
225453,-3228,7634,578,-322,838,-97,-217180,-1,-1,-853,-272,36250,134,31,66,0,0,0,0,0,0,0,0,-32303,0,0,0,0,0,227607,0
225458,-3240,7746,582,-328,838,-80,-217180,-1,-1,-848,-264,36252,150,31,66,0,0,0,0,0,0,0,0,-32304,0,0,0,0,0,227613,0
225463,-3356,7726,618,-321,820,-75,-217180,-6,-2,-856,-280,36252,150,31,66,0,0,0,0,0,0,0,0,-32303,0,0,0,0,0,227618,0
225468,-3432,7720,694,-302,800,-59,-217180,0,1,-857,-272,36253,147,31,66,0,0,0,0,0,0,0,0,-32304,0,0,0,0,0,227624,0
225473,-3438,7644,712,-296,785,-52,-217179,-1,2,-857,-288,36253,147,31,66,0,0,0,0,0,0,0,0,-32303,0,0,0,0,0,227629,0
225478,-3512,7632,720,-293,776,-41,-217181,-3,3,-856,-272,36255,142,31,66,0,0,0,0,0,0,0,0,-32303,0,0,0,0,0,227635,0
225483,-3548,7506,718,-275,758,-29,-217180,-3,-1,-853,-264,36255,142,31,66,0,0,0,0,0,0,0,0,-32304,0,0,0,0,0,227640,0
225488,-3548,7400,688,-246,710,-16,-217179,1,0,-858,-280,36256,135,31,66,0,0,0,0,0,0,0,0,-32303,0,0,0,0,0,227645,0
225493,-3532,7304,642,-239,683,-12,-217180,2,5,-858,-280,36256,135,31,66,0,0,0,0,0,0,0,0,-32303,0,0,0,0,0,227651,0
225498,-3558,7244,592,-219,655,-6,-217180,0,3,-855,-272,36256,135,31,66,0,0,0,0,0,0,0,0,-32303,0,0,0,0,0,227656,0
225503,-3496,7202,518,-202,631,3,-217180,-1,1,-855,-272,36256,135,31,66,0,0,0,0,0,0,0,0,-32304,0,0,0,0,0,227662,0
225508,-3490,7088,452,-172,566,4,-217180,2,0,-851,-288,36254,140,31,66,0,0,0,0,0,0,0,0,-32303,0,0,0,0,0,227668,0
225513,-3466,7082,422,-160,534,7,-217181,-8,-1,-852,-272,36254,140,31,66,0,0,0,0,0,0,0,0,-32304,0,0,0,0,0,227673,0
225518,-3446,7062,422,-145,504,5,-217181,-3,2,-853,-280,36253,137,31,66,0,0,0,0,0,0,0,0,-32303,0,0,0,0,0,227678,0
225523,-3406,7072,432,-133,476,10,-217179,1,-2,-862,-272,36253,137,31,66,0,0,0,0,0,0,0,0,-32304,0,0,0,0,0,227684,0
225528,-3364,7180,418,-114,420,12,-217181,-9,1,-859,-264,36254,133,31,66,0,0,0,0,0,0,0,0,-32304,0,0,0,0,0,227689,0
225533,-3304,7274,438,-101,401,9,-217179,1,2,-852,-288,36254,133,31,66,0,0,0,0,0,0,0,0,-32303,0,0,0,0,0,227695,0
225538,-3250,7366,464,-88,374,9,-217180,4,-1,-859,-280,36252,137,31,66,0,0,0,0,0,0,0,0,-32303,0,0,0,0,0,227700,0
225543,-3248,7444,506,-80,354,11,-217180,2,0,-853,-288,36252,137,31,66,0,0,0,0,0,0,0,0,-32304,0,0,0,0,0,227706,0
225548,-3246,7658,584,-64,301,14,-217179,11,-1,-848,-280,36252,141,31,66,0,0,0,0,0,0,0,0,-32304,0,0,0,0,0,227711,0
225553,-3214,7758,596,-48,284,11,-217180,-2,1,-851,-280,36252,141,31,66,0,0,0,0,0,0,0,0,-32304,0,0,0,0,0,227716,0
225558,-3236,7798,622,-39,262,8,-217180,0,0,-848,-280,36251,131,31,66,0,0,0,0,0,0,0,0,-32304,0,0,0,0,0,227722,0
225563,-3188,7894,612,-25,235,8,-217180,2,0,-853,-264,36251,131,31,66,0,0,0,0,0,0,0,0,-32303,0,0,0,0,0,227728,0
225568,-3298,7846,600,-1,184,3,-217181,-8,-2,-858,-272,36251,136,31,66,0,0,0,0,0,0,0,0,-32303,0,0,0,0,0,227733,0
225573,-3292,7802,596,14,149,4,-217180,0,-3,-853,-264,36251,136,31,66,0,0,0,0,0,0,0,0,-32303,0,0,0,0,0,227738,0
225578,-3280,7736,594,37,111,2,-217180,2,-2,-857,-272,36252,139,31,66,0,0,0,0,0,0,0,0,-32304,0,0,0,0,0,227744,0
225583,-3266,7634,536,59,75,-1,-217180,1,2,-855,-288,36252,139,31,66,0,0,0,0,0,0,0,0,-32303,0,0,0,0,0,227749,0
225588,-3238,7422,480,97,-9,-15,-217180,0,-4,-860,-280,36250,139,30,66,0,0,0,0,0,0,0,0,-32303,0,0,0,0,0,227755,0
225593,-3246,7316,446,121,-46,-23,-217180,-6,-1,-851,-288,36250,139,30,66,0,0,0,0,0,0,0,0,-32303,0,0,0,0,0,227760,0
225598,-3214,7242,412,132,-94,-31,-217181,0,-4,-853,-264,36251,142,31,66,0,0,0,0,0,0,0,0,-32304,0,0,0,0,0,227766,0
225603,-3152,7218,346,157,-128,-41,-217180,1,0,-855,-272,36251,142,31,66,0,0,0,0,0,0,0,0,-32303,0,0,0,0,0,227771,0
225608,-3104,7276,336,175,-201,-59,-217181,-5,-3,-857,-272,36251,141,31,66,0,0,0,0,0,0,0,0,-32304,0,0,0,0,0,227777,0
225613,-3060,7332,364,192,-218,-63,-217181,2,1,-849,-264,36251,141,31,66,0,0,0,0,0,0,0,0,-32303,0,0,0,0,0,227782,0
225618,-3034,7458,394,189,-248,-68,-217180,0,-1,-852,-280,36251,139,31,66,0,0,0,0,0,0,0,0,-32303,0,0,0,0,0,227787,0
225623,-2986,7558,406,198,-265,-75,-217180,2,3,-857,-280,36251,139,31,66,0,0,0,0,0,0,0,0,-32304,0,0,0,0,0,227793,0
225628,-2902,7846,510,200,-282,-87,-217181,0,-1,-852,-288,36250,141,31,66,0,0,0,0,0,0,0,0,-32304,0,0,0,0,0,227798,0
225633,-2872,7920,556,200,-284,-94,-217180,0,-1,-853,-280,36250,141,31,66,0,0,0,0,0,0,0,0,-32303,0,0,0,0,0,227804,0
225638,-2900,8030,622,190,-286,-92,-217181,-1,-3,-854,-288,36251,133,31,66,0,0,0,0,0,0,0,0,-32304,0,0,0,0,0,227809,0
225643,-2942,8098,684,192,-281,-94,-217180,0,1,-854,-272,36251,133,31,66,0,0,0,0,0,0,0,0,-32304,0,0,0,0,0,227815,0
225648,-3004,8090,784,190,-276,-90,-217181,-1,-1,-855,-280,36250,139,31,66,0,0,0,0,0,0,0,0,-32304,0,0,0,0,0,227820,0
225653,-3026,8022,790,189,-267,-95,-217180,-1,-3,-851,-280,36250,139,31,66,0,0,0,0,0,0,0,0,-32303,0,0,0,0,0,227826,0
225658,-3018,7932,770,183,-265,-94,-217182,-9,0,-849,-280,36250,133,31,66,0,0,0,0,0,0,0,0,-32303,0,0,0,0,0,227831,0
225663,-2984,7832,778,184,-253,-94,-217180,7,1,-844,-288,36250,133,31,66,0,0,0,0,0,0,0,0,-32303,0,0,0,0,0,227837,0
225668,-2932,7592,684,184,-238,-94,-217180,3,2,-855,-288,36250,133,31,66,0,0,0,0,0,0,0,0,-32303,0,0,0,0,0,227842,0
225673,-2928,7478,674,180,-233,-100,-217180,3,1,-853,-272,36250,133,31,66,0,0,0,0,0,0,0,0,-32304,0,0,0,0,0,227848,0
225678,-2978,7384,660,171,-226,-103,-217180,1,0,-854,-280,36248,140,31,66,0,0,0,0,0,0,0,0,-32303,0,0,0,0,0,227853,0
225683,-2932,7270,638,167,-220,-107,-217181,0,-1,-851,-272,36248,140,31,66,0,0,0,0,0,0,0,0,-32304,0,0,0,0,0,227858,0
225688,-2818,7198,618,157,-204,-117,-217181,0,2,-852,-272,36247,148,31,66,0,0,0,0,0,0,0,0,-32304,0,0,0,0,0,227864,0
225693,-2774,7214,604,147,-192,-126,-217180,0,0,-852,-288,36247,148,31,66,0,0,0,0,0,0,0,0,-32304,0,0,0,0,0,227869,0
225698,-2712,7262,606,143,-176,-135,-217180,0,0,-854,-272,36248,144,31,66,0,0,0,0,0,0,0,0,-32304,0,0,0,0,0,227875,0
225703,-2714,7338,650,133,-166,-143,-217181,-1,-3,-855,-272,36248,144,31,66,0,0,0,0,0,0,0,0,-32304,0,0,0,0,0,227880,0
225708,-2728,7544,782,120,-137,-155,-217181,1,2,-847,-280,36250,147,31,66,0,0,0,0,0,0,0,0,-32304,0,0,0,0,0,227886,0
225713,-2704,7618,842,110,-120,-161,-217180,0,2,-854,-272,36250,147,31,66,0,0,0,0,0,0,0,0,-32303,0,0,0,0,0,227891,0
225718,-2756,7636,858,94,-107,-165,-217180,0,1,-851,-280,36253,144,31,66,0,0,0,0,0,0,0,0,-32304,0,0,0,0,0,227897,0
225723,-2724,7698,954,92,-81,-173,-217181,0,0,-858,-264,36253,144,31,66,0,0,0,0,0,0,0,0,-32304,0,0,0,0,0,227902,0
225728,-2754,7754,952,78,-41,-182,-217180,-2,-6,-859,-280,36255,136,31,66,0,0,0,0,0,0,0,0,-32304,0,0,0,0,0,227908,0
225733,-2764,7772,976,82,-15,-187,-217181,0,1,-854,-280,36255,136,31,66,0,0,0,0,0,0,0,0,-32304,0,0,0,0,0,227913,0
225738,-2748,7848,950,71,-4,-187,-217182,-5,1,-857,-280,36254,133,31,66,0,0,0,0,0,0,0,0,-32303,0,0,0,0,0,227919,0
225743,-2754,7844,940,65,19,-191,-217181,-3,1,-857,-288,36254,133,31,66,0,0,0,0,0,0,0,0,-32304,0,0,0,0,0,227924,0
225748,-2792,7858,902,57,50,-201,-217181,0,1,-849,-296,36254,138,31,66,0,0,0,0,0,0,0,0,-32303,0,0,0,0,0,227929,0
225753,-2838,7860,908,58,66,-209,-217181,-7,10,-850,-280,36254,138,31,66,0,0,0,0,0,0,0,0,-32303,0,0,0,0,0,227935,0
225758,-2892,7838,906,55,72,-210,-217180,-3,-2,-849,-280,36250,136,31,66,0,0,0,0,0,0,0,0,-32304,0,0,0,0,0,227940,0
225763,-2908,7798,854,55,85,-215,-217180,9,5,-846,-288,36250,136,31,66,0,0,0,0,0,0,0,0,-32303,0,0,0,0,0,227946,0
225768,-2862,7730,804,57,98,-230,-217181,2,6,-855,-288,36246,144,31,66,0,0,0,0,0,0,0,0,-32303,0,0,0,0,0,227951,0
225773,-2864,7640,782,62,107,-238,-217180,2,1,-850,-288,36246,144,31,66,0,0,0,0,0,0,0,0,-32304,0,0,0,0,0,227957,0
225778,-2866,7616,748,58,108,-242,-217181,-6,1,-853,-280,36247,139,31,66,0,0,0,0,0,0,0,0,-32303,0,0,0,0,0,227962,0
225783,-2860,7568,722,55,113,-249,-217181,3,4,-851,-272,36247,139,31,66,0,0,0,0,0,0,0,0,-32304,0,0,0,0,0,227968,0
225788,-2888,7500,652,55,112,-265,-217179,3,-4,-857,-288,36247,135,31,66,0,0,0,0,0,0,0,0,-32304,0,0,0,0,0,227974,0
225793,-2842,7452,658,58,113,-274,-217180,1,4,-856,-256,36247,135,31,66,0,0,0,0,0,0,0,0,-32303,0,0,0,0,0,227979,0
225798,-2830,7462,634,55,113,-292,-217180,0,0,-855,-264,36261,133,31,66,0,0,0,0,0,0,0,0,-32303,0,0,0,0,0,227984,0
225803,-2844,7468,626,55,115,-296,-217180,1,1,-854,-272,36261,133,31,66,0,0,0,0,0,0,0,0,-32303,0,0,0,0,0,227990,0
225808,-2802,7584,604,47,111,-319,-217180,0,-4,-850,-280,36268,132,31,66,0,0,0,0,0,0,0,0,-32304,0,0,0,0,0,227995,0
225813,-2760,7688,568,52,121,-328,-217179,4,5,-853,-280,36268,132,31,66,0,0,0,0,0,0,0,0,-32304,0,0,0,0,0,228001,0
225818,-2766,7754,608,48,106,-343,-217181,2,-3,-850,-288,36273,142,31,66,0,0,0,0,0,0,0,0,-32303,0,0,0,0,0,228006,0
225823,-2794,7854,558,47,117,-350,-217180,-4,0,-853,-264,36273,142,31,66,0,0,0,0,0,0,0,0,-32303,0,0,0,0,0,228012,0
225828,-2830,8022,596,46,101,-378,-217181,0,-2,-851,-288,36272,143,31,66,0,0,0,0,0,0,0,0,-32304,0,0,0,0,0,228017,0
225833,-2872,8046,634,58,96,-392,-217180,0,-3,-856,-272,36272,143,31,66,0,0,0,0,0,0,0,0,-32303,0,0,0,0,0,228022,0
225838,-2872,8072,628,50,89,-398,-217180,-2,2,-854,-272,36264,137,31,66,0,0,0,0,0,0,0,0,-32303,0,0,0,0,0,228028,0
225843,-2774,8066,656,56,77,-417,-217179,4,4,-857,-280,36264,137,31,66,0,0,0,0,0,0,0,0,-32303,0,0,0,0,0,228033,0
225848,-2794,8014,636,68,61,-442,-217181,3,-2,-856,-272,36257,138,31,66,0,0,0,0,0,0,0,0,-32303,0,0,0,0,0,228039,0
225853,-2818,7988,662,73,50,-463,-217179,0,4,-845,-288,36257,138,31,66,0,0,0,0,0,0,0,0,-32303,0,0,0,0,0,228044,0
225858,-2856,7948,642,76,37,-470,-217180,-1,3,-855,-280,36247,133,31,66,0,0,0,0,0,0,0,0,-32303,0,0,0,0,0,228050,0
225863,-2858,7894,674,86,32,-484,-217181,-3,-2,-853,-288,36247,133,31,66,0,0,0,0,0,0,0,0,-32304,0,0,0,0,0,228055,0
225868,-2798,7846,634,92,16,-520,-217180,0,-1,-861,-264,36246,129,31,66,0,0,0,0,0,0,0,0,-32304,0,0,0,0,0,228060,0
225873,-2824,7836,652,101,3,-531,-217180,0,-2,-855,-280,36246,129,31,66,0,0,0,0,0,0,0,0,-32303,0,0,0,0,0,228066,0
225878,-2834,7868,654,99,3,-547,-217179,3,5,-855,-272,36245,134,31,66,0,0,0,0,0,0,0,0,-32304,0,0,0,0,0,228072,0
225883,-2802,7892,646,104,1,-569,-217180,-2,0,-856,-264,36245,134,31,66,0,0,0,0,0,0,0,0,-32304,0,0,0,0,0,228077,0
225888,-2732,7968,642,103,-7,-594,-217178,2,2,-860,-280,36245,134,31,66,0,0,0,0,0,0,0,0,-32304,0,0,0,0,0,228082,0
225893,-2700,8010,640,103,-9,-611,-217176,6,10,-868,-272,36245,134,31,66,0,0,0,0,0,0,0,0,-32303,0,0,0,0,0,228088,0
225898,-2646,8064,626,98,-10,-628,-217173,13,11,-875,-256,36246,137,31,66,0,0,0,0,0,0,0,0,-32303,0,0,0,0,0,228093,0
225903,-2614,8058,606,102,-12,-651,-217167,28,15,-889,-272,36246,137,31,66,0,0,0,0,0,0,0,0,-32303,0,0,0,0,0,228099,0
225908,-2642,8018,566,100,-15,-690,-217158,44,26,-926,-248,36246,142,31,66,0,0,0,0,0,0,0,0,-32303,0,0,0,0,0,228104,0
225913,-2662,7996,544,97,-19,-709,-217140,81,54,-974,-256,36246,142,31,66,0,0,0,0,0,0,0,0,-32303,0,0,0,0,0,228110,0
225918,-2664,7948,506,99,-27,-725,-217123,69,61,-1034,-280,36247,131,31,66,0,0,0,0,0,0,0,0,-32303,0,0,0,0,0,228115,0
225923,-2722,7880,476,91,-28,-747,-217116,17,23,-1012,-304,36247,131,31,66,0,0,0,0,0,0,0,0,-32303,0,0,0,0,0,228121,0
225928,-2746,7698,472,84,-26,-787,-217116,-2,-32,-947,-280,36247,131,31,66,0,0,0,0,0,0,0,0,-32303,0,0,0,0,0,228126,0
225933,-2568,7670,500,88,-22,-813,-217112,22,-58,-928,-288,36247,131,31,66,0,0,0,0,0,0,0,0,-32303,0,0,0,0,0,228131,0
225938,-2446,7710,472,71,-20,-834,-217103,47,-43,-972,-240,36252,134,31,66,0,0,0,0,0,0,0,0,-32303,0,0,0,0,0,228137,0
225943,-2390,7790,486,73,-35,-874,-217077,120,44,-1063,-192,36252,134,31,66,0,0,0,0,0,0,0,0,-32304,0,0,0,0,0,228142,0
225948,-2224,7824,464,68,-34,-938,-217035,194,137,-1208,-184,36255,129,31,66,0,0,0,0,0,0,0,0,-32304,0,0,0,0,0,228148,0
225953,-2226,7870,494,67,-40,-976,-216977,255,201,-1359,-176,36255,129,31,66,0,0,0,0,0,0,0,0,-32304,0,0,0,0,0,228153,0
225958,-2360,7906,524,68,-41,-1004,-216911,297,215,-1513,-192,36258,129,31,66,0,0,0,0,0,0,0,0,-32304,0,0,0,0,0,228159,0
225963,-2580,7918,586,71,-48,-1037,-216838,317,194,-1648,-168,36258,129,31,66,0,0,0,0,0,0,0,0,-32304,0,0,0,0,0,228164,0
225968,-2892,7928,670,70,-44,-1081,-216759,357,146,-1775,-176,36256,124,31,66,0,0,0,0,0,0,0,0,-32304,0,0,0,0,0,228170,0
225973,-2910,7962,686,60,-52,-1096,-216673,377,118,-1919,-168,36256,124,31,66,0,0,0,0,0,0,0,0,-32304,0,0,0,0,0,228175,0
225978,-2952,7930,658,72,-52,-1115,-216577,423,114,-2062,-160,36256,118,31,66,0,0,0,0,0,0,0,0,-32304,0,0,0,0,0,228180,0
225983,-2910,7902,628,70,-56,-1140,-216473,459,113,-2221,-168,36256,118,31,66,0,0,0,0,0,0,0,0,-32304,0,0,0,0,0,228186,0
225988,-2918,7856,582,78,-69,-1171,-216366,476,116,-2363,-184,36255,121,31,66,0,0,0,0,0,0,0,0,-32303,0,0,0,0,0,228191,0
225993,-2962,7754,582,80,-74,-1194,-216258,475,90,-2506,-192,36255,121,31,66,0,0,0,0,0,0,0,0,-32303,0,0,0,0,0,228197,0
225998,-3048,7666,544,84,-77,-1213,-216137,532,86,-1733,1128,36257,120,31,66,0,0,0,0,0,0,0,0,-32304,0,0,0,0,0,228202,0
226003,-2288,7714,558,83,-103,-1298,-215873,1250,402,-48,2832,36257,120,31,66,0,0,0,0,0,0,0,0,-32304,0,0,0,0,0,228207,0
226008,760,8212,238,116,-157,-1558,-215444,1960,1002,-31,4288,36256,127,31,66,0,0,0,0,0,0,0,0,-32303,0,0,0,0,0,228213,0
226013,1784,8838,252,118,-189,-1692,-214874,2564,1678,-10,5392,36256,127,31,66,0,0,0,0,0,0,0,0,-32304,0,0,0,0,0,228218,0
226018,2252,9240,248,117,-211,-1844,-214185,3084,2092,-35,6320,36253,134,31,66,0,0,0,0,0,0,0,0,-32304,0,0,0,0,0,228224,0
226023,2086,9252,312,131,-226,-1988,-213385,3561,2119,-77,7168,36253,134,31,66,0,0,0,0,0,0,0,0,-32304,0,0,0,0,0,228229,0
226028,422,8692,712,128,-236,-2237,-212481,4029,1876,-134,8048,36250,144,31,66,0,0,0,0,0,0,0,0,-32304,0,0,0,0,0,228234,0
226033,-352,8478,944,126,-225,-2344,-211474,4469,1710,-199,8960,36250,144,31,66,0,0,0,0,0,0,0,0,-32303,0,0,0,0,0,228240,0
226038,-1050,8408,1102,118,-198,-2438,-210369,4919,1622,-267,9920,36253,139,31,66,0,0,0,0,0,0,0,0,-32303,0,0,0,0,0,228246,0
226043,-1376,8436,1058,95,-167,-2517,-209149,5419,1597,-294,10928,36253,139,31,66,0,0,0,0,0,0,0,0,-32304,0,0,0,0,0,228252,0
226048,-608,8916,864,67,-139,-2693,-207819,5894,1625,-292,11672,36260,134,31,66,0,0,0,0,0,0,0,0,-32304,0,0,0,0,0,228257,0
226053,-208,9150,720,75,-110,-2797,-206412,6219,1590,-351,12384,36260,134,31,66,0,0,0,0,0,0,0,0,-32304,0,0,0,0,0,228263,0
226058,90,9360,548,67,-88,-2898,-204933,6540,1474,-438,12984,36269,100,31,66,0,0,0,0,0,0,0,0,-32304,0,0,0,0,0,228268,0
226063,-164,9674,490,51,-90,-3000,-203385,6829,1294,-445,13440,36269,100,31,66,0,0,0,0,0,0,0,0,-32305,0,0,0,0,0,228274,0
226068,-596,9606,466,38,-93,-3161,-201791,7031,1089,-503,13824,36279,68,31,66,0,0,0,0,0,0,0,0,-32304,0,0,0,0,0,228279,0
226073,-1446,9390,448,43,-117,-3219,-200137,7305,959,-1168,12784,36279,68,31,66,0,0,0,0,0,0,0,0,-32304,0,0,0,0,0,228284,0
226078,-2530,9210,510,50,-118,-3260,-198515,7109,693,-2201,12088,36342,-88,31,66,0,0,0,0,0,0,0,0,-32304,0,0,0,0,0,228290,0
226083,-3762,8860,668,60,-126,-3272,-196938,6918,283,-2558,11864,36342,-88,31,66,0,0,0,0,0,0,0,0,-32304,0,0,0,0,0,228296,0
226088,-5540,8024,634,76,-168,-3244,-195384,6820,-118,-2698,11576,36452,-338,31,66,0,0,0,0,0,0,0,0,-32304,0,0,0,0,0,228301,0
226093,-5696,7790,688,96,-199,-3216,-193859,6696,-399,-2823,11496,36452,-338,31,66,0,0,0,0,0,0,0,0,-32303,0,0,0,0,0,228306,0
226098,-5396,7744,582,103,-225,-3195,-192331,6730,-419,-2935,11416,36568,-583,31,66,0,0,0,0,0,0,0,0,-32304,0,0,0,0,0,228312,0
226103,-5102,7748,610,138,-250,-3186,-190806,6692,-250,-3045,11224,36568,-583,31,66,0,0,0,0,0,0,0,0,-32303,0,0,0,0,0,228317,0
226108,-4370,7598,432,187,-331,-3183,-189308,6566,-176,-3265,11080,36658,-763,31,66,0,0,0,0,0,0,0,0,-32303,0,0,0,0,0,228323,0
226113,-4022,7394,322,198,-358,-3179,-187826,6515,-178,-3397,10792,36658,-763,31,66,0,0,0,0,0,0,0,0,-32302,0,0,0,0,0,228328,0
226118,-3878,7044,492,219,-397,-3184,-186369,6391,-244,-3456,10368,36696,-813,31,66,0,0,0,0,0,0,0,0,-32303,0,0,0,0,0,228333,0
226123,-3990,6788,542,226,-416,-3173,-184944,6263,-344,-3638,10192,36696,-813,31,66,0,0,0,0,0,0,0,0,-32305,0,0,0,0,0,228339,0
226128,-4310,6246,830,244,-444,-3171,-183527,6231,-334,-3752,9896,36727,-861,31,66,0,0,0,0,0,0,0,0,-32306,0,0,0,0,0,228344,0
226133,-4922,5462,848,246,-460,-3154,-182136,6097,-329,-3876,9696,36727,-861,31,66,0,0,0,0,0,0,0,0,-32305,0,0,0,0,0,228350,0
226138,-5394,5510,950,257,-484,-3128,-180773,5987,-343,-4055,9472,36754,-908,31,66,0,0,0,0,0,0,0,0,-32303,0,0,0,0,0,228355,0
226143,-5570,5012,642,243,-474,-3093,-179418,5953,-312,-4174,9352,36754,-908,31,66,0,0,0,0,0,0,0,0,-32303,0,0,0,0,0,228361,0
226148,-6060,3992,788,256,-505,-3042,-178088,5838,-311,-4270,8960,36773,-942,31,66,0,0,0,0,0,0,0,0,-32306,0,0,0,0,0,228366,0
226153,-6122,4084,736,245,-508,-3000,-176772,5787,-296,-4404,9056,36773,-942,31,66,0,0,0,0,0,0,0,0,-32304,0,0,0,0,0,228371,0
226158,-5566,3980,642,237,-524,-2946,-175460,5773,-231,-4484,8728,36789,-965,31,66,0,0,0,0,0,0,0,0,-32302,0,0,0,0,0,228377,0
226163,-5570,3920,594,240,-536,-2887,-174172,5652,-225,-4600,8184,36789,-965,31,66,0,0,0,0,0,0,0,0,-32306,0,0,0,0,0,228382,0
226168,-5042,4160,446,248,-567,-2694,-172927,5458,-287,-4790,8016,36802,-995,31,66,0,0,0,0,0,0,0,0,-32303,0,0,0,0,0,228388,0
226173,-4538,4234,504,232,-594,-2547,-171715,5313,-379,-4849,7624,36802,-995,31,66,0,0,0,0,0,0,0,0,-32305,0,0,0,0,0,228393,0
226178,-4690,4568,668,210,-610,-2400,-170548,5110,-515,-4891,6928,36806,-989,31,66,0,0,0,0,0,0,0,0,-32304,0,0,0,0,0,228399,0
226183,-4614,4612,708,184,-612,-2232,-169444,4832,-649,-5022,6192,36806,-989,31,66,0,0,0,0,0,0,0,0,-32305,0,0,0,0,0,228404,0
226188,-5226,4874,986,155,-608,-1853,-168401,4565,-756,-5122,5680,36799,-955,31,66,0,0,0,0,0,0,0,0,-32302,0,0,0,0,0,228410,0
226193,-5404,4878,906,132,-592,-1671,-167414,4310,-839,-5181,4824,36799,-955,31,66,0,0,0,0,0,0,0,0,-32305,0,0,0,0,0,228415,0
226198,-5894,4824,878,111,-561,-1499,-166500,3981,-934,-5251,4312,36773,-881,30,66,0,0,0,0,0,0,0,0,-32306,0,0,0,0,0,228421,0
226203,-6654,4998,974,79,-536,-1351,-165667,3628,-1011,-5384,3544,36773,-881,30,66,0,0,0,0,0,0,0,0,-32306,0,0,0,0,0,228426,0
226208,-7868,4652,954,21,-470,-1073,-164908,3316,-1079,-5428,2960,36724,-767,30,66,0,0,0,0,0,0,0,0,-32306,0,0,0,0,0,228431,0
226213,-8124,4584,798,0,-446,-959,-164211,3034,-1113,-5440,2152,36724,-767,30,66,0,0,0,0,0,0,0,0,-32306,0,0,0,0,0,228437,0
226218,-8620,4660,826,-42,-411,-858,-163577,2761,-1082,-5529,1640,36661,-634,31,66,0,0,0,0,0,0,0,0,-32305,0,0,0,0,0,228442,0
226223,-8996,4664,822,-80,-365,-764,-163009,2470,-1022,-5542,960,36661,-634,31,66,0,0,0,0,0,0,0,0,-32302,0,0,0,0,0,228448,0
226228,-9376,4448,748,-127,-303,-606,-162504,2196,-983,-5583,552,36588,-482,31,66,0,0,0,0,0,0,0,0,-32303,0,0,0,0,0,228453,0
226233,-9426,4394,584,-155,-258,-521,-162058,1939,-965,-5656,120,36588,-482,31,66,0,0,0,0,0,0,0,0,-32306,0,0,0,0,0,228459,0
226238,-9366,4284,670,-182,-213,-427,-161678,1648,-966,-5787,8,36512,-313,31,66,0,0,0,0,0,0,0,0,-32302,0,0,0,0,0,228464,0
226243,-9194,4288,646,-200,-171,-307,-161362,1364,-965,-5805,-96,36512,-313,31,66,0,0,0,0,0,0,0,0,-32306,0,0,0,0,0,228470,0
226248,-8736,4458,782,-251,-82,-31,-161112,1075,-973,-5781,-312,36434,-148,31,66,0,0,0,0,0,0,0,0,-32305,0,0,0,0,0,228475,0
226253,-8326,4656,800,-278,-28,125,-160928,775,-997,-5756,-656,36434,-148,31,66,0,0,0,0,0,0,0,0,-32301,0,0,0,0,0,228481,0
226258,-8072,4880,848,-304,19,271,-160809,491,-1002,-5640,-1352,36357,28,31,66,0,0,0,0,0,0,0,0,-32303,0,0,0,0,0,228486,0
226263,-7744,5060,846,-335,74,434,-160764,169,-1026,-5590,-1904,36357,28,31,66,0,0,0,0,0,0,0,0,-32305,0,0,0,0,0,228492,0
226268,-7020,5394,974,-386,177,748,-160774,-65,-1017,-5503,-2064,36273,206,31,66,0,0,0,0,0,0,0,0,-32305,0,0,0,0,0,228497,0
226273,-6416,5708,968,-412,231,865,-160797,-101,-882,-5474,-2224,36273,206,31,66,0,0,0,0,0,0,0,0,-32304,0,0,0,0,0,228502,0
226278,-5982,6054,986,-442,294,952,-160835,-171,-654,-5431,-2504,36202,326,31,66,0,0,0,0,0,0,0,0,-32305,0,0,0,0,0,228508,0
226283,-5842,6200,1014,-472,353,1036,-160898,-282,-446,-5500,-2616,36202,326,31,66,0,0,0,0,0,0,0,0,-32302,0,0,0,0,0,228513,0
226288,-5384,5844,938,-527,468,1233,-160987,-399,-327,-5476,-2888,36138,446,31,66,0,0,0,0,0,0,0,0,-32302,0,0,0,0,0,228519,0
226293,-5178,5726,950,-559,522,1323,-161101,-511,-330,-5505,-3104,36138,446,31,66,0,0,0,0,0,0,0,0,-32302,0,0,0,0,0,228524,0
226298,-5074,5584,920,-581,577,1416,-161240,-615,-378,-5452,-3384,36096,523,31,66,0,0,0,0,0,0,0,0,-32303,0,0,0,0,0,228530,0
226303,-5214,5576,956,-607,627,1510,-161409,-765,-402,-5458,-3560,36096,523,31,66,0,0,0,0,0,0,0,0,-32305,0,0,0,0,0,228535,0
226308,-5278,5800,904,-659,701,1682,-161600,-849,-396,-5429,-3888,36060,596,31,66,0,0,0,0,0,0,0,0,-32305,0,0,0,0,0,228540,0
226313,-5386,5956,938,-678,735,1740,-161810,-939,-380,-5425,-3896,36060,596,31,66,0,0,0,0,0,0,0,0,-32301,0,0,0,0,0,228546,0
226318,-5480,6068,990,-691,760,1774,-162031,-981,-237,-5369,-3928,36025,653,31,66,0,2,0,0,0,0,0,0,-32303,0,0,0,0,0,228552,0
226323,-5474,6158,996,-704,788,1814,-162266,-1041,-172,-5311,-4056,36025,653,31,66,0,2,0,0,0,0,0,0,-32306,0,0,0,0,0,228557,0
226328,-5412,6404,1088,-712,810,1889,-162506,-1063,-152,-5295,-4200,35998,701,31,66,0,2,0,0,0,0,0,0,-32303,0,0,0,0,0,228563,0
226333,-5472,6530,1098,-714,817,1923,-162755,-1096,-216,-5301,-4264,35998,701,31,66,0,2,0,0,0,0,0,0,-32302,0,0,0,0,0,228568,0
226338,-5442,6558,1112,-710,807,1958,-163007,-1103,-213,-5280,-4120,35981,729,31,66,0,2,0,0,0,0,0,0,-32306,0,0,0,0,0,228574,0
226343,-5426,6670,1160,-706,807,1985,-163249,-1064,-179,-5261,-4104,35981,729,31,66,0,2,0,0,0,0,0,0,-32304,0,0,0,0,0,228579,0
226348,-5166,6624,1074,-679,761,2046,-163487,-1042,-16,-5214,-3936,35975,737,31,66,0,2,0,0,0,0,0,0,-32301,0,0,0,0,0,228584,0
226353,-5034,6578,1102,-648,723,2069,-163724,-1043,39,-5156,-3904,35975,737,31,66,0,2,0,0,0,0,0,0,-32306,0,0,0,0,0,228590,0
226358,-5058,6420,1088,-629,678,2104,-163966,-1057,40,-5139,-4032,35976,732,31,66,0,0,0,0,0,0,0,0,-32304,0,0,0,0,0,228595,0
226363,-4696,6250,1040,-599,623,2160,-164214,-1093,12,-5135,-4040,35976,732,31,66,0,0,0,0,0,0,0,0,-32302,0,0,0,0,0,228601,0
226368,-3904,6004,1006,-525,495,2300,-164460,-1091,-34,-5113,-4144,35977,715,31,66,0,2,0,0,0,0,0,0,-32305,0,0,0,0,0,228606,0
226373,-3998,6182,982,-497,437,2335,-164718,-1137,-66,-5079,-4288,35977,715,31,66,0,2,0,0,0,0,0,0,-32305,0,0,0,0,0,228611,0
226378,-4032,6034,986,-461,387,2362,-164990,-1205,-87,-5038,-4376,35976,726,31,66,0,2,0,0,0,0,0,0,-32301,0,0,0,0,0,228617,0
226383,-4314,5970,1002,-438,337,2388,-165281,-1283,-145,-5046,-4432,35976,726,31,66,0,2,0,0,0,0,0,0,-32305,0,0,0,0,0,228622,0
226388,-4764,5556,1032,-369,237,2396,-165584,-1337,-197,-5035,-4648,35970,749,31,66,0,2,0,0,0,0,0,0,-32304,0,0,0,0,0,228628,0
226393,-5038,5498,1004,-340,177,2392,-165892,-1359,-207,-4944,-4656,35970,749,31,66,0,2,0,0,0,0,0,0,-32303,0,0,0,0,0,228633,0
226398,-5260,5580,960,-308,137,2364,-166198,-1355,-169,-4920,-4512,35956,760,31,66,0,2,0,0,0,0,0,0,-32306,0,0,0,0,0,228639,0
226403,-5316,5748,1008,-280,97,2321,-166508,-1360,-96,-4928,-4528,35956,760,31,66,0,2,0,0,0,0,0,0,-32302,0,0,0,0,0,228644,0
226408,-6282,5840,982,-227,26,2154,-166810,-1327,-34,-4876,-4384,35948,775,31,66,0,2,0,0,0,0,0,0,-32305,0,0,0,0,0,228649,0
226413,-5802,5936,868,-174,-47,2129,-167101,-1267,26,-4844,-4176,35948,775,31,66,0,2,0,0,0,0,0,0,-32305,0,0,0,0,0,228655,0
226418,-5918,6090,934,-155,-114,2067,-167375,-1198,99,-4826,-3960,35952,766,31,66,0,2,0,0,0,0,0,0,-32301,0,0,0,0,0,228661,0
226423,-5550,6162,844,-118,-178,2043,-167632,-1122,165,-4795,-3824,35952,766,31,66,0,2,0,0,0,0,0,0,-32306,0,0,0,0,0,228666,0
226428,-5244,6584,932,-43,-309,1968,-167875,-1059,215,-4755,-3800,35968,727,31,66,0,0,0,0,0,0,0,0,-32305,0,0,0,0,0,228672,0
226433,-5160,6582,844,2,-358,1931,-168109,-1021,230,-4759,-3688,35968,727,31,66,0,0,0,0,0,0,0,0,-32302,0,0,0,0,0,228677,0
226438,-4976,6648,820,29,-413,1910,-168329,-961,209,-4767,-3640,35987,682,31,66,0,0,0,0,0,0,0,0,-32304,0,0,0,0,0,228682,0
226443,-4818,6492,780,62,-478,1913,-168542,-933,182,-4714,-3448,35987,682,31,66,0,0,0,0,0,0,0,0,-32307,0,0,0,0,0,228688,0
226448,-3918,6540,700,128,-595,1991,-168748,-898,161,-4656,-3648,36005,629,31,66,0,0,0,0,0,0,0,0,-32303,0,0,0,0,0,228693,0
226453,-3706,6514,736,154,-649,2032,-168957,-915,117,-4706,-3504,36005,629,31,66,0,0,0,0,0,0,0,0,-32302,0,0,0,0,0,228699,0
226458,-3538,6498,726,182,-696,2083,-169171,-946,65,-4617,-3640,36013,613,31,66,0,0,0,0,0,0,0,0,-32305,0,0,0,0,0,228704,0
226463,-3306,6536,748,206,-735,2150,-169393,-974,-9,-4654,-3840,36013,613,31,66,0,0,0,0,0,0,0,0,-32306,0,0,0,0,0,228710,0
226468,-3284,6406,772,245,-821,2259,-169627,-1036,-70,-4628,-3840,36022,603,31,66,0,0,0,0,0,0,0,0,-32302,0,0,0,0,0,228715,0
226473,-3124,6430,718,274,-864,2330,-169878,-1104,-140,-4611,-4064,36022,603,31,66,0,0,0,0,0,0,0,0,-32304,0,0,0,0,0,228720,0
226478,-3436,6396,756,299,-895,2387,-170146,-1188,-189,-4554,-4224,36019,611,31,66,0,2,0,0,0,0,0,0,-32305,0,0,0,0,0,228726,0
226483,-3376,6356,738,324,-930,2471,-170431,-1261,-226,-4530,-4320,36019,611,31,66,0,2,0,0,0,0,0,0,-32302,0,0,0,0,0,228731,0
226488,-3652,6316,790,371,-993,2585,-170727,-1310,-248,-4503,-4312,36008,641,31,66,0,2,0,0,0,0,0,0,-32305,0,0,0,0,0,228737,0
226493,-3552,6468,824,382,-1016,2655,-171035,-1349,-233,-4473,-4440,36008,641,31,66,0,2,0,0,0,0,0,0,-32304,0,0,0,0,0,228742,0
226498,-3692,6560,788,396,-1030,2682,-171354,-1404,-202,-4403,-4640,35999,657,31,66,0,2,0,0,0,0,0,0,-32303,0,0,0,0,0,228747,0
226503,-4168,6662,906,414,-1042,2659,-171682,-1448,-181,-4390,-4552,35999,657,31,66,0,2,0,0,0,0,0,0,-32305,0,0,0,0,0,228753,0
226508,-5192,6406,834,427,-1041,2600,-172010,-1446,-145,-4396,-4456,35983,671,31,66,0,2,0,0,0,0,0,0,-32302,0,0,0,0,0,228759,0
226513,-5098,6326,830,436,-1055,2580,-172327,-1390,-86,-4343,-4232,35983,671,31,66,0,2,0,0,0,0,0,0,-32305,0,0,0,0,0,228764,0
226518,-5020,6300,800,443,-1085,2600,-172632,-1329,6,-4325,-4288,35981,675,31,66,0,2,0,0,0,0,0,0,-32304,0,0,0,0,0,228770,0
226523,-4406,6336,702,477,-1121,2680,-172924,-1282,104,-4227,-4168,35981,675,31,66,0,2,0,0,0,0,0,0,-32303,0,0,0,0,0,228775,0
226528,-3784,7076,756,481,-1124,2683,-173207,-1244,161,-4211,-4008,35988,667,31,66,0,0,0,0,0,0,0,0,-32306,0,0,0,0,0,228780,0
226533,-3296,7132,740,501,-1139,2756,-173490,-1242,158,-4210,-4024,35988,667,31,66,0,0,0,0,0,0,0,0,-32303,0,0,0,0,0,228786,0
226538,-2832,7182,648,527,-1154,2842,-173783,-1292,88,-4190,-4320,35998,642,31,66,0,0,0,0,0,0,0,0,-32304,0,0,0,0,0,228791,0
226543,-1870,7094,554,527,-1157,2991,-174099,-1392,-20,-4095,-4616,35998,642,31,66,0,0,0,0,0,0,0,0,-32305,0,0,0,0,0,228797,0
226548,44,7220,430,564,-1171,3434,-174448,-1552,-171,-4092,-5016,36001,635,31,66,0,2,0,0,0,0,0,0,-32302,0,0,0,0,0,228802,0
226553,818,7380,306,577,-1152,3666,-174842,-1765,-341,-4055,-5504,36001,635,31,66,0,2,0,0,0,0,0,0,-32305,0,0,0,0,0,228808,0
226558,1542,7538,174,590,-1141,3938,-175293,-2020,-521,-3979,-6056,35992,660,31,66,0,2,0,0,0,0,0,0,-32302,0,0,0,0,0,228813,0
226563,2352,7540,184,620,-1130,4279,-175819,-2339,-708,-3925,-6616,35992,660,31,66,0,2,0,0,0,0,0,0,-32304,0,0,0,0,0,228819,0
226568,3548,7566,-100,671,-1086,4961,-176426,-2709,-900,-3843,-7544,35962,729,31,66,0,2,0,0,0,0,0,0,-32306,0,0,0,0,0,228824,0
226573,4006,7614,-210,686,-1047,5332,-177117,-3082,-1071,-3794,-8336,35962,729,31,66,0,2,0,0,0,0,0,0,-32304,0,0,0,0,0,228830,0
226578,4060,7630,-360,716,-1034,5664,-177895,-3465,-1198,-3673,-9088,35923,828,31,66,0,2,0,0,0,0,0,0,-32303,0,0,0,0,0,228835,0
226583,4314,7924,-146,743,-962,5968,-178761,-3852,-1278,-3545,-10008,35923,828,31,66,0,2,0,0,0,0,0,0,-32304,0,0,0,0,0,228841,0
226588,3978,8076,-410,794,-899,6659,-179719,-4260,-1334,-3430,-10632,35870,937,31,66,0,2,0,0,0,0,0,0,-32305,0,0,0,0,0,228846,0
226593,3968,8242,-528,848,-880,6986,-180773,-4671,-1370,-3354,-11456,35870,937,31,66,0,2,0,0,0,0,0,0,-32303,0,0,0,0,0,228852,0
226598,3964,8558,-282,847,-871,7278,-181903,-5007,-1378,-3182,-12144,35817,1051,31,66,0,2,0,0,0,0,0,0,-32304,0,0,0,0,0,228857,0
226603,3374,8532,-136,884,-871,7578,-183109,-5337,-1335,-3026,-12704,35817,1051,31,66,0,2,0,0,0,0,0,0,-32304,0,0,0,0,0,228862,0
226608,3624,9130,-596,918,-827,8261,-184394,-5689,-1275,-2914,-13176,35772,1128,31,66,0,2,0,0,0,0,0,0,-32304,0,0,0,0,0,228868,0
226613,3974,9474,-488,952,-812,8517,-185732,-5895,-1175,-2748,-13744,35772,1128,31,66,0,2,0,0,0,0,0,0,-32302,0,0,0,0,0,228873,0
226618,3790,9542,-300,973,-815,8753,-187116,-6112,-1044,-2534,-14008,35749,1155,31,66,0,2,0,0,0,0,0,0,-32304,0,0,0,0,0,228879,0
226623,3612,9992,-10,984,-788,8961,-188566,-6412,-947,-2430,-14528,35749,1155,31,66,0,2,0,0,0,0,0,0,-32304,0,0,0,0,0,228884,0
226628,3606,10274,-166,1031,-730,9333,-190062,-6595,-866,-2329,-14928,35744,1160,31,66,0,2,0,0,0,0,0,0,-32304,0,0,0,0,0,228889,0
226633,3246,10422,-186,1047,-720,9547,-191598,-6776,-797,-2113,-15120,35744,1160,31,66,0,2,0,0,0,0,0,0,-32304,0,0,0,0,0,228895,0
226638,3030,10614,44,1074,-710,9738,-193170,-6919,-752,-1979,-15240,35764,1114,31,66,0,2,0,0,0,0,0,0,-32304,0,0,0,0,0,228900,0
226643,3158,10398,-238,1091,-708,9918,-194740,-6905,-597,-1781,-15200,35764,1114,31,66,0,2,0,0,0,0,0,0,-32304,0,0,0,0,0,228906,0
226648,3780,10676,-12,1164,-711,10132,-196325,-6982,-405,-1588,-15280,35798,1032,31,66,0,2,0,0,0,0,0,0,-32304,0,0,0,0,0,228911,0
226653,4150,10960,216,1157,-674,10176,-197932,-7069,-293,-1495,-15240,35798,1032,31,66,0,2,0,0,0,0,0,0,-32304,0,0,0,0,0,228920,0
226658,3572,10886,148,1177,-665,10200,-199546,-7104,-210,-1264,-15368,35845,925,31,66,0,2,0,0,0,0,0,0,-32304,0,0,0,0,0,228922,0
226663,3086,11346,302,1180,-614,10248,-201184,-7212,-222,-1138,-15304,35845,925,31,66,0,2,0,0,0,0,0,0,-32304,0,0,0,0,0,228927,0
226668,2320,11176,88,1212,-587,10335,-202798,-7093,-192,-1007,-14992,35892,794,31,66,0,2,0,0,0,0,0,0,-32304,0,0,0,0,0,228933,0
226673,2374,11148,230,1201,-577,10364,-204404,-7072,-76,-803,-14896,35892,794,31,66,0,2,0,0,0,0,0,0,-32303,0,0,0,0,0,228938,0
226678,2450,11368,302,1209,-585,10343,-206003,-7027,44,-698,-14536,35959,659,30,66,0,0,0,0,0,0,0,0,-32304,0,0,0,0,0,228944,0
226683,2690,11286,380,1204,-576,10289,-207584,-6950,137,-536,-14264,35959,659,30,66,0,0,0,0,0,0,0,0,-32304,0,0,0,0,0,228949,0
226688,2596,11450,400,1231,-543,10099,-209161,-6933,172,-398,-13976,36023,536,30,66,0,0,0,0,0,0,0,0,-32304,0,0,0,0,0,228954,0
226693,2360,11592,406,1215,-510,9990,-210705,-6772,182,-269,-13376,36023,536,30,66,0,0,0,0,0,0,0,0,-32304,0,0,0,0,0,228960,0
226698,1992,11638,486,1224,-489,9878,-212211,-6614,287,-88,-13024,36087,404,31,66,0,0,0,0,0,0,0,0,-32304,0,0,0,0,0,228965,0
226703,1774,11632,438,1206,-484,9780,-213687,-6485,379,12,-12488,36087,404,31,66,0,0,0,0,0,0,0,0,-32304,0,0,0,0,0,228971,0
226708,1600,11716,450,1194,-462,9558,-215114,-6252,489,142,-11880,36135,298,31,66,0,0,0,0,0,0,0,0,-32303,0,0,0,0,0,228976,0
226713,1596,11590,428,1182,-454,9423,-216501,-6096,582,300,-11424,36135,298,31,66,0,0,0,0,0,0,0,0,-32303,0,0,0,0,0,228982,0
226718,1236,7538,1762,1266,-1272,7872,-217812,-5716,649,271,-9928,36187,199,31,66,0,0,0,0,0,0,0,0,-32303,0,0,0,0,0,228987,0
226723,24226,13584,-376,1208,-208,6444,-218842,-4366,1132,111,-5664,36187,199,31,66,0,0,0,0,0,0,0,0,-32304,0,0,0,0,0,228993,0
226728,-4488,13192,1772,1130,280,4518,-219346,-1961,2472,49,712,36216,143,31,66,0,0,0,0,0,0,0,0,-32304,0,0,0,0,0,228998,0
226733,-11280,11914,2036,1179,161,5299,-219193,975,4681,528,5144,36216,143,31,66,0,0,0,0,0,0,0,0,-32304,0,0,0,0,0,229004,0
226738,-5030,11230,338,1202,5,5758,-218546,3015,6895,20,4688,36227,134,31,66,0,0,0,0,0,0,0,0,-32304,0,0,0,0,0,229009,0
226743,1820,10698,-372,1085,85,5103,-217794,3274,7524,-2859,1928,36227,134,31,66,0,0,0,0,0,0,0,0,-32303,0,0,0,0,0,229014,0
226748,-2146,10960,260,945,140,4234,-217287,2088,5607,-5305,-384,36281,15,31,66,0,0,0,0,0,0,0,0,-32306,0,0,0,0,0,229020,0
226753,-6726,11276,320,989,59,3987,-217127,554,1927,-5222,-1184,36281,15,31,66,0,0,0,0,0,0,0,0,-32302,0,0,0,0,0,229025,0
226758,-8346,9718,926,1005,-31,4297,-217169,-237,-1599,-2746,-648,36292,6,31,66,0,0,0,0,0,0,0,0,-32303,0,0,0,0,0,229031,0
226763,-5794,10250,698,1018,-121,4467,-217224,-240,-3168,-864,-184,36292,6,31,66,0,0,0,0,0,0,0,0,-32304,0,0,0,0,0,229036,0
226768,220,8760,212,901,-142,3702,-217239,-47,-2630,-455,-224,36298,0,31,66,0,0,0,0,0,0,0,0,-32304,0,0,0,0,0,229041,0
226773,1450,10848,498,916,-191,3682,-217237,9,-1206,-661,-248,36298,0,31,66,0,0,0,0,0,0,0,0,-32304,0,0,0,0,0,229047,0
226778,-2210,9876,1206,934,-187,3321,-217238,0,-110,-802,-264,36261,108,31,66,0,0,0,0,0,0,0,0,-32304,0,0,0,0,0,229052,0
226783,-2802,10096,1432,904,-177,3223,-217236,-1,216,-799,-240,36261,108,31,66,0,0,0,0,0,0,0,0,-32304,0,0,0,0,0,229058,0
226788,-1592,8056,412,924,-201,3038,-217237,-6,121,-806,-240,36250,129,31,66,0,0,0,0,0,0,0,0,-32304,0,0,0,0,0,229063,0
226793,-464,9194,598,860,-207,2907,-217237,-2,16,-801,-240,36250,129,31,66,0,0,0,0,0,0,0,0,-32304,0,0,0,0,0,229069,0
226798,102,8872,832,849,-197,2694,-217237,3,-5,-796,-248,36249,132,31,66,0,0,0,0,0,0,0,0,-32303,0,0,0,0,0,229074,0
226803,256,8008,564,869,-178,2617,-217237,1,2,-799,-256,36249,132,31,66,0,0,0,0,0,0,0,0,-32304,0,0,0,0,0,229080,0
226808,-1542,8510,876,822,-144,2283,-217238,-2,1,-797,-264,36249,128,31,66,0,0,0,0,0,0,0,0,-32303,0,0,0,0,0,229085,0
226813,-1232,8498,714,812,-157,2288,-217237,-3,2,-796,-240,36249,128,31,66,0,0,0,0,0,0,0,0,-32304,0,0,0,0,0,229091,0
226818,-366,8470,558,796,-169,2260,-217236,7,2,-798,-256,36243,131,31,66,0,0,0,0,0,0,0,0,-32304,0,0,0,0,0,229096,0
226823,204,8310,512,774,-151,2089,-217237,-3,0,-798,-256,36243,131,31,66,0,0,0,0,0,0,0,0,-32304,0,0,0,0,0,229102,0
226828,-374,7932,774,752,-114,1866,-217237,-7,0,-796,-240,36245,141,31,66,0,0,0,0,0,0,0,0,-32304,0,0,0,0,0,229107,0
226833,-774,7834,840,745,-93,1803,-217236,2,-1,-799,-232,36245,141,31,66,0,0,0,0,0,0,0,0,-32303,0,0,0,0,0,229112,0
226838,-518,7568,724,734,-59,1751,-217235,1,0,-804,-248,36245,135,31,66,0,0,0,0,0,0,0,0,-32304,0,0,0,0,0,229118,0
226843,-186,7470,654,724,-19,1674,-217236,-5,-3,-799,-256,36245,135,31,66,0,0,0,0,0,0,0,0,-32303,0,0,0,0,0,229123,0
226848,-64,7424,584,694,63,1503,-217236,-1,-2,-797,-240,36243,131,31,66,0,0,0,0,0,0,0,0,-32304,0,0,0,0,0,229129,0
226853,-150,7310,650,694,91,1442,-217235,4,0,-806,-256,36243,131,31,66,0,0,0,0,0,0,0,0,-32303,0,0,0,0,0,229134,0
226858,-212,7214,672,691,116,1360,-217236,0,-5,-799,-256,36245,130,31,66,0,0,0,0,0,0,0,0,-32304,0,0,0,0,0,229139,0
226863,-224,7096,582,690,146,1298,-217236,0,-1,-795,-248,36245,130,31,66,0,0,0,0,0,0,0,0,-32303,0,0,0,0,0,229145,0
226868,-92,7000,372,671,181,1157,-217232,13,6,-506,56,36244,121,31,66,0,0,0,0,0,0,0,0,-32303,0,0,0,0,0,229150,0
226873,132,6974,444,655,194,1083,-217190,203,103,52,104,36244,121,31,66,0,0,0,0,0,0,0,0,-32304,0,0,0,0,0,229156,0
226878,232,6978,478,652,212,1001,-217113,344,245,4,168,36244,131,31,66,0,0,0,0,0,0,0,0,-32304,0,0,0,0,0,229161,0
226883,216,6962,490,642,226,934,-217019,416,366,-36,184,36244,131,31,66,0,0,0,0,0,0,0,0,-32304,0,0,0,0,0,229167,0
226888,172,6784,410,627,242,839,-216919,442,376,-71,160,36245,135,31,66,0,0,0,0,0,0,0,0,-32304,0,0,0,0,0,229172,0
226893,258,6744,376,618,242,788,-216824,412,261,-96,128,36245,135,31,66,0,0,0,0,0,0,0,0,-32304,0,0,0,0,0,229178,0
226898,402,6770,320,600,237,748,-216742,354,69,-119,88,36253,146,31,66,0,0,0,0,0,0,0,0,-32304,0,0,0,0,0,229183,0
226903,548,6786,332,592,241,710,-216677,273,-78,-143,56,36253,146,31,66,0,0,0,0,0,0,0,0,-32304,0,0,0,0,0,229189,0
226908,870,6750,340,582,218,614,-216628,203,-174,-148,32,36257,147,31,66,0,0,0,0,0,0,0,0,-32304,0,0,0,0,0,229194,0
226913,938,6704,350,580,203,559,-216596,134,-235,-132,8,36257,147,31,66,0,0,0,0,0,0,0,0,-32304,0,0,0,0,0,229199,0
226918,1034,6684,300,577,199,510,-216581,56,-255,-104,-32,36257,136,31,66,0,0,0,0,0,0,0,0,-32304,0,0,0,0,0,229205,0
226923,1128,6696,278,574,192,466,-216582,-6,-247,-98,-32,36257,136,31,66,0,0,0,0,0,0,0,0,-32304,0,0,0,0,0,229210,0
226928,1236,6760,298,566,188,387,-216585,-5,-218,-98,-32,36250,122,31,66,0,0,0,0,0,0,0,0,-32304,0,0,0,0,0,229216,0
226933,1338,6772,266,558,189,357,-216586,-2,-149,-97,-32,36250,122,31,66,0,0,0,0,0,0,0,0,-32304,0,0,0,0,0,229221,0
226938,1398,6778,294,563,207,327,-216586,0,-71,-98,-32,36249,123,31,66,0,0,0,0,0,0,0,0,-32304,0,0,0,0,0,229226,0
226943,1482,6800,306,562,200,295,-216585,0,-4,-99,-32,36249,123,31,66,0,0,0,0,0,0,0,0,-32304,0,0,0,0,0,229232,0
226948,1630,6822,304,552,235,232,-216585,0,10,-98,-32,36248,126,31,66,0,0,0,0,0,0,0,0,-32304,0,0,0,0,0,229237,0
226953,1672,6882,318,546,247,198,-216586,2,7,-99,-32,36248,126,31,66,0,0,0,0,0,0,0,0,-32304,0,0,0,0,0,229243,0
226958,1754,6856,340,536,259,162,-216586,0,-1,-98,-32,36247,131,31,66,0,0,0,0,0,0,0,0,-32304,0,0,0,0,0,229248,0
226963,1824,6872,338,528,281,126,-216586,7,4,-96,-32,36247,131,31,66,0,0,0,0,0,0,0,0,-32304,0,0,0,0,0,229254,0
226968,1854,6880,326,512,304,43,-216586,-5,0,-97,-32,36246,130,31,66,0,0,0,0,0,0,0,0,-32304,0,0,0,0,0,229259,0
226973,1862,6900,328,498,315,3,-216586,0,1,-100,-32,36246,130,31,66,0,0,0,0,0,0,0,0,-32304,0,0,0,0,0,229265,0
226978,1894,6886,328,491,320,-37,-216586,-1,0,-100,-32,36247,127,31,66,0,0,0,0,0,0,0,0,-32304,0,0,0,0,0,229270,0
226983,1906,6866,310,480,326,-79,-216585,2,3,-99,-32,36247,127,31,66,0,0,0,0,0,0,0,0,-32304,0,0,0,0,0,229276,0
226988,1912,6868,300,457,333,-169,-216587,-3,-2,-98,-32,36249,129,31,66,0,0,0,0,0,0,0,0,-32304,0,0,0,0,0,229281,0
226993,1974,6874,274,442,326,-215,-216587,-3,1,-98,-32,36249,129,31,66,0,0,0,0,0,0,0,0,-32304,0,0,0,0,0,229287,0
226998,1980,6896,288,436,316,-262,-216586,-1,3,-99,-32,36254,135,31,66,0,0,0,0,0,0,0,0,-32304,0,0,0,0,0,229292,0
227003,2034,6896,254,418,308,-313,-216586,0,1,-98,-24,36254,135,31,66,0,0,0,0,0,0,0,0,-32304,0,0,0,0,0,229298,0
227008,2146,6954,254,396,287,-412,-216586,1,3,-97,-32,36253,125,31,66,0,0,0,0,0,0,0,0,-32303,0,0,0,0,0,229303,0
227013,2210,6984,244,385,266,-460,-216586,-5,0,-97,-32,36253,125,31,66,0,0,0,0,0,0,0,0,-32304,0,0,0,0,0,229308,0
227018,2276,7026,218,367,251,-505,-216586,-2,4,-100,-32,36253,132,31,66,0,0,0,0,0,0,0,0,-32304,0,0,0,0,0,229314,0
227023,2360,7090,196,361,225,-560,-216585,3,1,-100,-32,36253,132,31,66,0,0,0,0,0,0,0,0,-32304,0,0,0,0,0,229319,0
227028,2518,7124,202,333,175,-648,-216584,4,2,-101,-32,36249,133,31,66,0,0,0,0,0,0,0,0,-32304,0,0,0,0,0,229325,0
227033,2620,7166,192,322,155,-684,-216583,8,2,-100,-32,36249,133,31,66,0,0,0,0,0,0,0,0,-32304,0,0,0,0,0,229330,0
227038,2732,7194,182,318,130,-726,-216581,10,6,-100,-24,36249,135,31,66,0,0,0,0,0,0,0,0,-32304,0,0,0,0,0,229337,0
227043,2800,7200,184,301,105,-753,-216574,28,17,-101,-24,36249,135,31,66,0,0,0,0,0,0,0,0,-32304,0,0,0,0,0,229342,0
227048,3050,7278,190,290,56,-809,-216563,66,38,-109,16,36247,142,31,66,0,0,0,0,0,0,0,0,-32304,0,0,0,0,0,229348,0
227053,3228,7318,190,290,32,-843,-216538,122,72,-113,24,36247,142,31,66,0,0,0,0,0,0,0,0,-32304,0,0,0,0,0,229353,0
227058,3370,7370,208,287,10,-878,-216503,154,122,-108,32,36247,143,31,66,0,0,0,0,0,0,0,0,-32304,0,0,0,0,0,229358,0
227063,3408,7388,222,280,-7,-913,-216462,187,137,-114,48,36247,143,31,66,0,0,0,0,0,0,0,0,-32304,0,0,0,0,0,229364,0
227068,3510,7430,224,268,-53,-969,-216414,212,136,-118,56,36247,131,31,66,0,0,0,0,0,0,0,0,-32304,0,0,0,0,0,229369,0
227073,3448,7386,212,269,-77,-990,-216361,241,110,-130,64,36247,131,31,66,0,0,0,0,0,0,0,0,-32304,0,0,0,0,0,229375,0
227078,3504,7352,186,261,-98,-1003,-216302,261,93,-132,72,36262,137,31,66,0,0,0,0,0,0,0,0,-32304,0,0,0,0,0,229380,0
227083,3494,7316,180,270,-124,-1008,-216237,297,99,-133,96,36262,137,31,66,0,0,0,0,0,0,0,0,-32304,0,0,0,0,0,229386,0
227088,3672,7294,206,256,-158,-1032,-216161,343,104,-138,104,36262,127,31,66,0,0,0,0,0,0,0,0,-32304,0,0,0,0,0,229391,0
227093,3718,7310,170,256,-165,-1054,-216078,374,115,-151,120,36262,127,31,66,0,0,0,0,0,0,0,0,-32304,0,0,0,0,0,229397,0
227098,3764,7270,210,253,-180,-1080,-215985,412,129,-164,120,36261,129,31,66,0,0,0,0,0,0,0,0,-32304,0,0,0,0,0,229402,0
227103,3750,7288,214,248,-189,-1102,-215890,418,120,-176,120,36261,129,31,66,0,0,0,0,0,0,0,0,-32304,0,0,0,0,0,229407,0
227108,3658,7228,154,243,-213,-1130,-215793,424,92,-200,120,36255,126,31,66,0,0,0,0,0,0,0,0,-32304,0,0,0,0,0,229413,0
227113,3646,7204,132,232,-230,-1135,-215689,451,73,-204,136,36255,126,31,66,0,0,0,0,0,0,0,0,-32304,0,0,0,0,0,229418,0
227118,3656,7204,140,229,-240,-1146,-215582,477,56,-206,144,36253,120,31,66,0,0,0,0,0,0,0,0,-32304,0,0,0,0,0,229424,0
227123,3722,7204,142,224,-256,-1151,-215470,490,59,-220,144,36253,120,31,66,0,0,0,0,0,0,0,0,-32304,0,0,0,0,0,229429,0
227128,3830,7250,134,209,-287,-1173,-215357,494,60,-238,120,36254,125,31,66,0,0,0,0,0,0,0,0,-32304,0,0,0,0,0,229435,0
227133,3824,7292,124,201,-296,-1182,-215243,500,47,-262,128,36254,125,31,66,0,0,0,0,0,0,0,0,-32304,0,0,0,0,0,229440,0
227138,3832,7306,102,196,-309,-1189,-215129,505,25,-274,144,36251,134,31,66,0,0,0,0,0,0,0,0,-32304,0,0,0,0,0,229445,0
227143,3800,7288,122,178,-325,-1195,-215013,514,18,-267,136,36251,134,31,66,0,0,0,0,0,0,0,0,-32304,0,0,0,0,0,229451,0
227148,3892,7314,114,164,-338,-1197,-214899,508,8,-293,120,36254,128,31,66,0,0,0,0,0,0,0,0,-32304,0,0,0,0,0,229457,0
227153,3944,7354,106,150,-343,-1191,-214787,489,-3,-312,96,36254,128,31,66,0,0,0,0,0,0,0,0,-32304,0,0,0,0,0,229462,0
227158,3938,7388,110,150,-351,-1193,-214675,494,-4,-322,120,36256,126,31,66,0,0,0,0,0,0,0,0,-32303,0,0,0,0,0,229468,0
227163,3958,7376,118,137,-360,-1187,-214563,491,-13,-329,96,36256,126,31,66,0,0,0,0,0,0,0,0,-32304,0,0,0,0,0,229473,0
227168,3926,7290,104,122,-367,-1171,-214456,471,-22,-350,80,36254,117,31,66,0,0,0,0,0,0,0,0,-32304,0,0,0,0,0,229478,0
227173,3920,7186,108,107,-376,-1152,-214351,454,-27,-373,80,36254,117,31,66,0,0,0,0,0,0,0,0,-32304,0,0,0,0,0,229484,0
227178,4052,7272,90,96,-367,-1140,-214247,451,-33,-368,72,36252,110,31,66,0,0,0,0,0,0,0,0,-32304,0,0,0,0,0,229489,0
227183,4054,7316,78,91,-358,-1137,-214146,445,-36,-380,80,36252,110,31,66,0,0,0,0,0,0,0,0,-32304,0,0,0,0,0,229495,0
227188,4028,7358,118,75,-349,-1118,-214053,408,-50,-393,48,36252,120,31,66,0,0,0,0,0,0,0,0,-32304,0,0,0,0,0,229500,0
227193,3964,7310,76,68,-336,-1092,-213967,376,-64,-397,32,36252,120,31,66,0,0,0,0,0,0,0,0,-32304,0,0,0,0,0,229506,0
227198,3934,7268,48,58,-340,-1076,-213886,351,-84,-401,40,36255,122,31,66,0,0,0,0,0,0,0,0,-32304,0,0,0,0,0,229511,0
227203,3948,7218,36,48,-324,-1049,-213808,335,-91,-401,8,36255,122,31,66,0,0,0,0,0,0,0,0,-32304,0,0,0,0,0,229516,0
227208,4012,7262,22,31,-302,-1007,-213736,311,-82,-404,8,36261,128,31,66,0,0,0,0,0,0,0,0,-32304,0,0,0,0,0,229522,0
227213,3982,7222,50,25,-286,-1000,-213671,289,-81,-412,-16,36261,128,31,66,0,0,0,0,0,0,0,0,-32304,0,0,0,0,0,229527,0
227218,3898,7196,12,16,-270,-984,-213617,229,-94,-431,-32,36259,125,31,66,0,0,0,0,0,0,0,0,-32304,0,0,0,0,0,229533,0
227223,3842,7134,-14,8,-265,-966,-213577,169,-119,-425,-56,36259,125,31,66,0,0,0,0,0,0,0,0,-32304,0,0,0,0,0,229538,0
227228,3726,7006,-74,-8,-249,-909,-213545,140,-158,-421,-72,36260,117,31,66,0,0,0,0,0,0,0,0,-32304,0,0,0,0,0,229544,0
227233,3800,6950,-92,-13,-234,-881,-213524,93,-164,-404,-88,36260,117,31,66,0,0,0,0,0,0,0,0,-32304,0,0,0,0,0,229549,0
227238,3852,6988,-96,-21,-225,-863,-213508,68,-149,-403,-88,36253,121,31,66,0,0,0,0,0,0,0,0,-32304,0,0,0,0,0,229555,0
227243,3924,6978,-92,-26,-208,-858,-213490,68,-109,-405,-88,36253,121,31,66,0,0,0,0,0,0,0,0,-32304,0,0,0,0,0,229560,0
227248,4006,7044,-134,-43,-168,-861,-213477,44,-72,-401,-120,36252,128,31,66,0,0,0,0,0,0,0,0,-32304,0,0,0,0,0,229566,0
227253,3850,7050,-158,-50,-147,-862,-213478,-4,-79,-400,-136,36252,128,31,66,0,0,0,0,0,0,0,0,-32304,0,0,0,0,0,229571,0
227258,3814,7020,-190,-54,-130,-856,-213477,1,-75,-406,-128,36250,132,31,66,0,0,0,0,0,0,0,0,-32303,0,0,0,0,0,229576,0
227263,3834,7032,-248,-68,-109,-847,-213477,0,-69,-401,-128,36250,132,31,66,0,0,0,0,0,0,0,0,-32304,0,0,0,0,0,229582,0
227268,3984,7052,-246,-78,-73,-843,-213477,5,-48,-402,-128,36249,142,31,66,0,0,0,0,0,0,0,0,-32304,0,0,0,0,0,229587,0
227273,3960,7084,-236,-77,-54,-848,-213478,0,-14,-404,-128,36249,142,31,66,0,0,0,0,0,0,0,0,-32304,0,0,0,0,0,229593,0
227278,3904,7092,-266,-79,-21,-848,-213478,-2,3,-403,-128,36250,142,31,66,0,0,0,0,0,0,0,0,-32304,0,0,0,0,0,229598,0
227283,3866,7114,-302,-81,-3,-853,-213478,-9,0,-402,-128,36250,142,31,66,0,0,0,0,0,0,0,0,-32304,0,0,0,0,0,229604,0
227288,3820,7168,-386,-77,29,-853,-213478,0,-1,-404,-120,36250,128,31,66,0,0,0,0,0,0,0,0,-32304,0,0,0,0,0,229609,0
227293,3836,7194,-412,-78,42,-849,-213477,-2,-1,-402,-128,36250,128,31,66,0,0,0,0,0,0,0,0,-32304,0,0,0,0,0,229614,0
227298,3886,7194,-430,-75,54,-847,-213478,-4,-1,-402,-128,36252,121,31,66,0,0,0,0,0,0,0,0,-32304,0,0,0,0,0,229620,0
227303,3908,7206,-406,-67,80,-847,-213478,-2,-3,-404,-128,36252,121,31,66,0,0,0,0,0,0,0,0,-32304,0,0,0,0,0,229625,0
227308,3936,7234,-436,-57,119,-848,-213478,3,1,-400,-128,36255,119,31,66,0,0,0,0,0,0,0,0,-32304,0,0,0,0,0,229631,0
227313,3922,7194,-446,-51,132,-849,-213479,0,-2,-402,-128,36255,119,31,66,0,0,0,0,0,0,0,0,-32304,0,0,0,0,0,229636,0
227318,3906,7228,-468,-38,156,-842,-213477,-1,1,-404,-128,36255,122,31,66,0,0,0,0,0,0,0,0,-32304,0,0,0,0,0,229641,0
227323,3864,7230,-486,-33,172,-834,-213479,-6,2,-405,-120,36255,122,31,66,0,0,0,0,0,0,0,0,-32303,0,0,0,0,0,229647,0
227328,3866,7244,-528,-17,201,-822,-213478,-4,1,-405,-128,36255,126,31,66,0,0,0,0,0,0,0,0,-32304,0,0,0,0,0,229652,0
227333,3828,7274,-524,-8,225,-824,-213477,3,-1,-404,-128,36255,126,31,66,0,0,0,0,0,0,0,0,-32304,0,0,0,0,0,229658,0
227338,3826,7312,-542,0,242,-817,-213478,-6,0,-403,-120,36254,127,31,66,0,0,0,0,0,0,0,0,-32303,0,0,0,0,0,229664,0
227343,3808,7366,-564,13,253,-824,-213477,0,3,-403,-128,36254,127,31,66,0,0,0,0,0,0,0,0,-32304,0,0,0,0,0,229669,0
227348,3780,7396,-576,35,293,-824,-213477,4,-1,-402,-128,36251,126,31,66,0,0,0,0,0,0,0,0,-32304,0,0,0,0,0,229674,0
227353,3740,7388,-556,35,308,-820,-213477,1,3,-402,-128,36251,126,31,66,0,0,0,0,0,0,0,0,-32304,0,0,0,0,0,229680,0
227358,3686,7348,-568,49,322,-812,-213478,10,-3,-402,-128,36250,129,31,66,0,0,0,0,0,0,0,0,-32304,0,0,0,0,0,229685,0
227363,3682,7298,-582,58,339,-806,-213479,-4,2,-402,-128,36250,129,31,66,0,0,0,0,0,0,0,0,-32304,0,0,0,0,0,229691,0
227368,3662,7216,-558,73,377,-795,-213477,2,-2,-401,-128,36250,122,31,66,0,0,0,0,0,0,0,0,-32303,0,0,0,0,0,229696,0
227373,3650,7206,-574,86,402,-802,-213478,0,2,-402,-128,36250,122,31,66,0,0,0,0,0,0,0,0,-32304,0,0,0,0,0,229702,0
227378,3576,7164,-592,98,412,-801,-213477,-2,3,-405,-128,36252,128,31,66,0,0,0,0,0,0,0,0,-32304,0,0,0,0,0,229707,0
227383,3504,7152,-584,102,435,-808,-213477,2,-7,-402,-128,36252,128,31,66,0,0,0,0,0,0,0,0,-32304,0,0,0,0,0,229712,0
227388,3320,7010,-602,123,462,-800,-213478,3,0,-402,-120,36254,128,31,66,0,0,0,0,0,0,0,0,-32304,0,0,0,0,0,229718,0
227393,3234,6936,-624,136,485,-799,-213478,7,-2,-400,-128,36254,128,31,66,0,0,0,0,0,0,0,0,-32304,0,0,0,0,0,229723,0
227398,3152,6898,-630,146,490,-801,-213478,-1,0,-401,-128,36255,127,31,66,0,0,0,0,0,0,0,0,-32304,0,0,0,0,0,229729,0
227403,3108,6868,-644,158,499,-801,-213477,2,1,-401,-128,36255,127,31,66,0,0,0,0,0,0,0,0,-32304,0,0,0,0,0,229734,0
227408,3040,6840,-680,185,524,-807,-213480,-6,1,-402,-128,36252,129,31,66,0,0,0,0,0,0,0,0,-32304,0,0,0,0,0,229740,0
227413,2996,6854,-696,208,524,-821,-213479,0,-2,-403,-128,36252,129,31,66,0,0,0,0,0,0,0,0,-32303,0,0,0,0,0,229745,0
227418,3010,6872,-718,220,536,-836,-213479,-1,-8,-402,-128,36252,132,31,66,0,0,0,0,0,0,0,0,-32304,0,0,0,0,0,229751,0
227423,3274,7252,-764,229,541,-839,-213481,-6,0,-400,-136,36252,132,31,66,0,0,0,0,0,0,0,0,-32304,0,0,0,0,0,229756,0
227428,6620,10622,798,124,598,-250,-213486,-33,-10,-398,-152,36251,118,31,66,0,0,0,0,0,0,0,0,-32304,0,0,0,0,0,229762,0
227433,6682,10644,2104,56,630,233,-213500,-64,-35,-393,-160,36251,118,31,66,0,0,0,0,0,0,0,0,-32304,0,0,0,0,0,229767,0
227438,5864,10450,1504,39,646,77,-213512,-51,-51,-396,-160,36251,130,31,66,0,0,0,0,0,0,0,0,-32304,0,0,0,0,0,229773,0
227443,5820,11566,2058,-17,636,-275,-213526,-59,-53,-391,-176,36251,130,31,66,0,0,0,0,0,0,0,0,-32304,0,0,0,0,0,229778,0
227448,5442,12122,836,-45,593,-554,-213550,-103,-52,-381,-208,36250,125,31,66,0,0,0,0,0,0,0,0,-32305,0,0,0,0,0,229783,0
227453,4822,11648,-490,-17,519,-478,-213580,-128,-68,-381,-200,36250,125,31,66,0,0,0,0,0,0,0,0,-32304,0,0,0,0,0,229789,0
227458,4088,11604,-812,-19,451,-608,-213610,-134,-73,-381,-216,36250,128,31,66,0,0,0,0,0,0,0,0,-32304,0,0,0,0,0,229794,0
227463,3458,10838,-904,-8,398,-735,-213637,-106,-70,-387,-152,36250,128,31,66,0,0,0,0,0,0,0,0,-32304,0,0,0,0,0,229800,0
227468,2026,9876,-570,38,322,-673,-213641,0,8,-407,-88,36251,129,31,66,0,0,0,0,0,0,0,0,-32304,0,0,0,0,0,229805,0
227473,1372,9296,-142,26,359,-674,-213624,83,125,-397,-64,36251,129,31,66,0,0,0,0,0,0,0,0,-32304,0,0,0,0,0,229811,0
227478,890,8542,180,3,385,-668,-213596,124,212,-398,-56,36253,128,31,66,0,0,0,0,0,0,0,0,-32304,0,0,0,0,0,229816,0
227483,856,8154,224,12,400,-672,-213565,138,230,-400,-48,36253,128,31,66,0,0,0,0,0,0,0,0,-32303,0,0,0,0,0,229822,0
227488,2192,7836,0,28,421,-676,-213529,167,187,-398,-56,36253,132,31,66,0,0,0,0,0,0,0,0,-32304,0,0,0,0,0,229827,0
227493,2906,7962,-54,33,443,-670,-213499,134,93,-405,-72,36253,132,31,66,0,0,0,0,0,0,0,0,-32304,0,0,0,0,0,229833,0
227498,3336,7904,-98,44,434,-672,-213478,85,19,-404,-120,36254,130,31,66,0,0,0,0,0,0,0,0,-32304,0,0,0,0,0,229838,0
227503,3680,7780,-38,54,439,-683,-213481,-26,-78,-392,-160,36254,130,31,66,0,0,0,0,0,0,0,0,-32304,0,0,0,0,0,229844,0
227508,3712,7444,166,66,431,-734,-213493,-51,-161,-397,-160,36251,119,31,66,0,0,0,0,0,0,0,0,-32304,0,0,0,0,0,229849,0
227513,3706,7126,200,74,417,-753,-213500,-28,-183,-406,-136,36251,119,31,66,0,0,0,0,0,0,0,0,-32304,0,0,0,0,0,229855,0
227518,3632,6890,248,79,401,-781,-213500,-1,-117,-405,-120,36250,112,31,66,0,0,0,0,0,0,0,0,-32304,0,0,0,0,0,229860,0
227523,3468,6714,202,87,386,-798,-213501,-4,-24,-400,-120,36250,112,31,66,0,0,0,0,0,0,0,0,-32304,0,0,0,0,0,229865,0
227528,3272,6574,192,105,339,-825,-213500,3,43,-399,-136,36254,121,31,66,0,0,0,0,0,0,0,0,-32304,0,0,0,0,0,229871,0
227533,3102,6660,162,105,315,-844,-213500,-2,34,-398,-128,36254,121,31,66,0,0,0,0,0,0,0,0,-32303,0,0,0,0,0,229876,0
227538,2968,6726,136,118,303,-856,-213500,2,17,-399,-120,36255,126,31,66,0,0,0,0,0,0,0,0,-32304,0,0,0,0,0,229882,0
227543,2892,6798,146,124,274,-858,-213500,-3,3,-399,-128,36255,126,31,66,0,0,0,0,0,0,0,0,-32304,0,0,0,0,0,229887,0
227548,2782,7032,194,132,238,-871,-213500,1,3,-400,-128,36255,136,31,66,0,0,0,0,0,0,0,0,-32304,0,0,0,0,0,229892,0
227553,2660,7140,182,134,217,-878,-213500,2,1,-400,-128,36255,136,31,66,0,0,0,0,0,0,0,0,-32304,0,0,0,0,0,229898,0
227558,2634,7252,124,142,212,-878,-213500,0,1,-400,-120,36253,134,31,66,0,0,0,0,0,0,0,0,-32304,0,0,0,0,0,229903,0
227563,2578,7366,76,148,199,-883,-213499,3,1,-400,-128,36253,134,31,66,0,0,0,0,0,0,0,0,-32304,0,0,0,0,0,229909,0
227568,2478,7600,46,155,168,-889,-213499,3,4,-399,-128,36253,135,31,66,0,0,0,0,0,0,0,0,-32304,0,0,0,0,0,229914,0
227573,2424,7702,68,168,163,-892,-213498,5,4,-401,-128,36253,135,31,66,0,0,0,0,0,0,0,0,-32304,0,0,0,0,0,229920,0
227578,2382,7780,66,172,153,-896,-213497,4,3,-401,-128,36251,137,31,66,0,0,0,0,0,0,0,0,-32304,0,0,0,0,0,229925,0
227583,2286,7860,106,173,146,-893,-213496,11,6,-402,-120,36251,137,31,66,0,0,0,0,0,0,0,0,-32304,0,0,0,0,0,229931,0
227588,2034,7924,154,183,117,-891,-213493,3,2,-400,-120,36250,132,31,66,0,0,0,0,0,0,0,0,-32304,0,0,0,0,0,229936,0
227593,1906,7982,192,195,99,-887,-213491,11,8,-400,-128,36250,132,31,66,0,0,0,0,0,0,0,0,-32304,0,0,0,0,0,229942,0
227598,1812,7960,152,196,73,-882,-213488,14,7,-400,-128,36249,129,31,66,0,0,0,0,0,0,0,0,-32304,0,0,0,0,0,229947,0
227603,1750,7930,130,199,52,-875,-213487,5,1,-403,-128,36249,129,31,66,0,0,0,0,0,0,0,0,-32304,0,0,0,0,0,229952,0
227608,1720,7912,88,210,-1,-869,-213486,-6,-2,-401,-128,36250,131,31,66,0,0,0,0,0,0,0,0,-32304,0,0,0,0,0,229958,0
227613,1774,7892,74,224,-23,-862,-213486,-2,-7,-402,-128,36250,131,31,66,0,0,0,0,0,0,0,0,-32304,0,0,0,0,0,229963,0
227618,1884,7856,44,220,-44,-859,-213486,-7,-7,-401,-128,36252,122,31,66,0,0,0,0,0,0,0,0,-32304,0,0,0,0,0,229969,0
227623,1992,7856,82,236,-68,-860,-213485,-3,-11,-401,-128,36252,122,31,66,0,0,0,0,0,0,0,0,-32304,0,0,0,0,0,229974,0
227628,2224,7750,68,239,-91,-868,-213485,-3,-5,-402,-136,36262,121,31,66,0,0,0,0,0,0,0,0,-32304,0,0,0,0,0,229980,0
227633,2354,7682,24,237,-106,-877,-213485,1,-3,-402,-128,36262,121,31,66,0,0,0,0,0,0,0,0,-32304,0,0,0,0,0,229985,0
227638,2436,7630,-58,237,-117,-878,-213485,4,1,-401,-128,36264,125,31,66,0,0,0,0,0,0,0,0,-32304,0,0,0,0,0,229990,0
227643,2486,7496,-140,243,-113,-889,-213485,1,1,-400,-128,36264,125,31,66,0,0,0,0,0,0,0,0,-32304,0,0,0,0,0,229996,0
227648,2578,7302,-242,242,-107,-903,-213486,1,1,-401,-128,36263,115,30,66,0,0,0,0,0,0,0,0,-32304,0,0,0,0,0,230001,0
227653,2574,7276,-180,252,-89,-907,-213486,-3,-2,-401,-136,36263,115,30,66,0,0,0,0,0,0,0,0,-32304,0,0,0,0,0,230007,0
227658,2468,6900,-166,251,-68,-912,-213485,7,-4,-402,-128,36258,121,30,66,0,0,0,0,0,0,0,0,-32303,0,0,0,0,0,230012,0
227663,1820,5866,-184,246,-18,-889,-213488,-9,0,-401,-136,36258,121,30,66,0,0,0,0,0,0,0,0,-32304,0,0,0,0,0,230018,0
227668,266,4438,-328,244,115,-763,-213492,-25,-8,-399,-136,36252,123,31,66,0,0,0,0,0,0,0,0,-32304,0,0,0,0,0,230023,0
227673,982,6212,-664,265,154,-709,-213497,-26,-22,-399,-144,36252,123,31,66,0,0,0,0,0,0,0,0,-32304,0,0,0,0,0,230029,0
227678,2286,8508,-630,265,158,-702,-213505,-30,-26,-399,-144,36251,121,31,66,0,0,0,0,0,0,0,0,-32304,0,0,0,0,0,230034,0
227683,3484,9882,-436,269,134,-754,-213516,-45,-33,-395,-160,36251,121,31,66,0,0,0,0,0,0,0,0,-32305,0,0,0,0,0,230039,0
227688,4392,9606,212,253,53,-895,-213536,-90,-44,-377,-208,36252,127,31,66,0,0,0,0,0,0,0,0,-32304,0,0,0,0,0,230045,0
227693,4364,8974,230,246,15,-981,-213572,-169,-79,-367,-272,36252,127,31,66,0,0,0,0,0,0,0,0,-32304,0,0,0,0,0,230050,0
227698,4300,8622,36,240,-25,-1051,-213623,-237,-143,-363,-376,36250,129,31,66,0,0,0,0,0,0,0,0,-32304,0,0,0,0,0,230056,0
227703,4118,8574,-252,237,-44,-1116,-213694,-315,-203,-359,-472,36250,129,31,66,0,0,0,0,0,0,0,0,-32304,0,0,0,0,0,230061,0
227708,3842,8844,-638,237,-77,-1243,-213774,-357,-233,-351,-536,36250,134,31,66,0,0,0,0,0,0,0,0,-32304,0,0,0,0,0,230067,0
227713,3842,8876,-560,237,-89,-1307,-213858,-372,-219,-342,-536,36250,134,31,66,0,0,0,0,0,0,0,0,-32304,0,0,0,0,0,230072,0
227718,3888,8790,-368,239,-93,-1369,-213947,-385,-161,-333,-544,36248,142,31,66,0,0,0,0,0,0,0,0,-32304,0,0,0,0,0,230077,0
227723,3872,8594,-232,227,-104,-1426,-214033,-379,-98,-322,-528,36248,142,31,66,0,0,0,0,0,0,0,0,-32303,0,0,0,0,0,230083,0
227728,3648,8276,-100,226,-130,-1546,-214119,-378,-43,-323,-480,36249,138,31,66,0,0,0,0,0,0,0,0,-32304,0,0,0,0,0,230088,0
227733,3248,8152,-120,225,-150,-1582,-214196,-341,2,-329,-368,36249,138,31,66,0,0,0,0,0,0,0,0,-32304,0,0,0,0,0,230094,0
227738,2574,8008,-190,216,-164,-1605,-214254,-245,64,-328,-184,36249,138,31,66,0,0,0,0,0,0,0,0,-32304,0,0,0,0,0,230099,0
227743,1800,7928,-278,218,-188,-1615,-214277,-75,168,-307,-72,36249,138,31,66,0,0,0,0,0,0,0,0,-32304,0,0,0,0,0,230104,0
227748,1394,7904,-366,222,-254,-1639,-214252,119,338,-321,-32,36252,142,31,66,0,0,0,0,0,0,0,0,-32303,0,0,0,0,0,230110,0
227753,1482,7812,-296,219,-285,-1655,-214205,212,456,-335,32,36252,142,31,66,0,0,0,0,0,0,0,0,-32303,0,0,0,0,0,230115,0
227758,1680,7660,-192,223,-319,-1662,-214136,301,502,-324,72,36253,140,31,66,0,0,0,0,0,0,0,0,-32304,0,0,0,0,0,230121,0
227763,1840,7558,-128,210,-343,-1681,-214051,379,441,-321,72,36253,140,31,66,0,0,0,0,0,0,0,0,-32303,0,0,0,0,0,230126,0
227768,2096,7200,-186,210,-376,-1714,-213957,417,337,-343,64,36250,131,31,66,0,0,0,0,0,0,0,0,-32304,0,0,0,0,0,230132,0
227773,2222,7098,-290,213,-388,-1732,-213850,465,244,-360,80,36250,131,31,66,0,0,0,0,0,0,0,0,-32304,0,0,0,0,0,230137,0
227778,2372,7004,-388,211,-396,-1744,-213738,495,192,-361,88,36251,125,31,66,0,0,0,0,0,0,0,0,-32304,0,0,0,0,0,230143,0
227783,2410,6998,-460,208,-397,-1761,-213627,493,141,-398,88,36251,125,31,66,0,0,0,0,0,0,0,0,-32304,0,0,0,0,0,230148,0
227788,2016,7058,-464,205,-399,-1782,-213519,472,77,-433,64,36254,115,31,66,0,0,0,0,0,0,0,0,-32304,0,0,0,0,0,230154,0
227793,1810,7148,-414,198,-388,-1788,-213408,491,29,-440,72,36254,115,31,66,0,0,0,0,0,0,0,0,-32304,0,0,0,0,0,230159,0
227798,1588,7328,-360,197,-386,-1793,-213289,525,13,-424,88,36256,117,31,66,0,0,0,0,0,0,0,0,-32304,0,0,0,0,0,230165,0
227803,1502,7402,-400,195,-376,-1794,-213161,575,40,-423,104,36256,117,31,66,0,0,0,0,0,0,0,0,-32304,0,0,0,0,0,230170,0
227808,1364,7648,-442,189,-353,-1812,-213021,626,90,-429,128,36256,120,31,66,0,0,0,0,0,0,0,0,-32303,0,0,0,0,0,230175,0
227813,1332,7694,-436,189,-339,-1808,-212865,691,146,-454,176,36256,120,31,66,0,0,0,0,0,0,0,0,-32304,0,0,0,0,0,230181,0
227818,1356,7718,-440,190,-316,-1812,-212731,746,180,-478,208,36256,114,31,66,0,0,0,0,0,0,0,0,-32304,0,0,0,0,0,230186,0
227823,1366,7788,-420,177,-300,-1815,-212555,780,195,-507,224,36256,114,31,66,0,0,0,0,0,0,0,0,-32304,0,0,0,0,0,230192,0
227828,1406,7750,-326,175,-263,-1822,-212370,814,181,-536,256,36258,119,31,66,0,0,0,0,0,0,0,0,-32304,0,0,0,0,0,230197,0
227833,1340,7758,-414,178,-241,-1833,-212177,854,163,-560,272,36258,119,31,66,0,0,0,0,0,0,0,0,-32304,0,0,0,0,0,230202,0
227838,1220,7826,-424,176,-234,-1831,-211978,876,133,-590,304,36257,129,31,66,0,0,0,0,0,0,0,0,-32304,0,0,0,0,0,230208,0
227843,1094,7902,-388,173,-221,-1839,-211770,920,121,-606,320,36257,129,31,66,0,0,0,0,0,0,0,0,-32303,0,0,0,0,0,230213,0
227848,840,8110,-424,173,-196,-1844,-211556,945,111,-639,352,36259,127,31,66,0,0,0,0,0,0,0,0,-32303,0,0,0,0,0,230219,0
227853,770,8168,-490,164,-182,-1846,-211333,979,114,-651,384,36259,127,31,66,0,0,0,0,0,0,0,0,-32304,0,0,0,0,0,230224,0
227858,706,8264,-542,163,-172,-1845,-211101,1017,120,-684,408,36262,126,31,66,0,0,0,0,0,0,0,0,-32304,0,0,0,0,0,230229,0
227863,678,8470,-440,158,-157,-1849,-210863,1052,120,-708,448,36262,126,31,66,0,0,0,0,0,0,0,0,-32303,0,0,0,0,0,230235,0
227868,542,8688,-308,153,-135,-1855,-210617,1091,122,-741,496,36268,110,31,66,0,0,0,0,0,0,0,0,-32304,0,0,0,0,0,230241,0
227873,474,8692,-326,152,-120,-1858,-210365,1114,116,-763,512,36268,110,31,66,0,0,0,0,0,0,0,0,-32304,0,0,0,0,0,230246,0
227878,336,8630,-354,148,-113,-1861,-210110,1126,103,-797,504,36270,96,31,66,0,0,0,0,0,0,0,0,-32303,0,0,0,0,0,230251,0
227883,360,8712,-384,155,-101,-1858,-209851,1143,85,-822,496,36270,96,31,66,0,0,0,0,0,0,0,0,-32304,0,0,0,0,0,230257,0
227888,218,8598,-312,152,-97,-1864,-209590,1156,66,-858,520,36270,93,31,66,0,0,0,0,0,0,0,0,-32304,0,0,0,0,0,230262,0
227893,156,8468,-298,154,-89,-1854,-209325,1167,54,-878,520,36270,93,31,66,0,0,0,0,0,0,0,0,-32303,0,0,0,0,0,230268,0
227898,86,8374,-220,149,-78,-1843,-209057,1178,49,-905,528,36270,86,31,66,0,0,0,0,0,0,0,0,-32304,0,0,0,0,0,230273,0
227903,-96,8294,-286,154,-67,-1835,-208791,1176,37,-935,512,36270,86,31,66,0,0,0,0,0,0,0,0,-32304,0,0,0,0,0,230279,0
227908,-192,8138,-254,158,-20,-1808,-208525,1167,24,-962,480,36271,88,31,66,0,0,0,0,0,0,0,0,-32303,0,0,0,0,0,230284,0
227913,-286,7972,-280,159,13,-1789,-208259,1170,3,-991,480,36271,88,31,66,0,0,0,0,0,0,0,0,-32304,0,0,0,0,0,230290,0
227918,-308,7940,-296,164,30,-1772,-207993,1163,-5,-1020,464,36273,88,31,66,0,0,0,0,0,0,0,0,-32304,0,0,0,0,0,230295,0
227923,-358,7872,-256,167,58,-1748,-207730,1149,-6,-1043,408,36273,88,31,66,0,0,0,0,0,0,0,0,-32303,0,0,0,0,0,230300,0
227928,-564,7756,-182,175,100,-1699,-207473,1126,-28,-1077,384,36273,80,31,66,0,0,0,0,0,0,0,0,-32304,0,0,0,0,0,230306,0
227933,-628,7708,-184,179,113,-1675,-207223,1103,-51,-1104,344,36273,80,31,66,0,0,0,0,0,0,0,0,-32304,0,0,0,0,0,230311,0
227938,-714,7696,-180,181,131,-1650,-206980,1063,-78,-1131,296,36274,83,31,66,0,0,0,0,0,0,0,0,-32303,0,0,0,0,0,230317,0
227943,-738,7666,-204,189,137,-1627,-206741,1053,-88,-1148,272,36274,83,31,66,0,0,0,0,0,0,0,0,-32304,0,0,0,0,0,230322,0
227948,-744,7778,-140,198,162,-1575,-206508,1026,-88,-1158,280,36280,88,31,66,0,0,0,0,0,0,0,0,-32304,0,0,0,0,0,230327,0
227953,-728,7782,-146,206,160,-1550,-206277,1014,-74,-1182,216,36280,88,31,66,0,0,0,0,0,0,0,0,-32303,0,0,0,0,0,230333,0
227958,-724,7910,-114,202,170,-1531,-206055,977,-76,-1218,216,36278,81,31,66,0,0,0,0,0,0,0,0,-32304,0,0,0,0,0,230339,0
227963,-722,7920,-102,212,174,-1509,-205833,971,-64,-1231,216,36278,81,31,66,0,0,0,0,0,0,0,0,-32305,0,0,0,0,0,230344,0
227968,-1032,8224,-276,226,160,-1484,-205613,968,-63,-1251,200,36278,80,31,66,0,0,0,0,0,0,0,0,-32304,0,0,0,0,0,230349,0
227973,-4128,11894,-214,246,148,-1615,-205389,988,-30,-1256,224,36278,80,31,66,0,0,0,0,0,0,0,0,-32303,0,0,0,0,0,230355,0
227978,-3854,12290,-446,251,110,-1426,-205159,1008,10,-1261,232,36272,77,31,66,0,0,0,0,0,0,0,0,-32304,0,0,0,0,0,230361,0
227983,-2822,10692,42,224,78,-1401,-204932,987,34,-1285,184,36272,77,31,66,0,0,0,0,0,0,0,0,-32304,0,0,0,0,0,230366,0
227988,-750,8922,-64,242,54,-1283,-204735,861,-39,-1370,120,36272,75,31,66,0,0,0,0,0,0,0,0,-32304,0,0,0,0,0,230371,0
227993,-972,8152,46,242,39,-1248,-204581,654,-206,-1450,24,36272,75,31,66,0,0,0,0,0,0,0,0,-32303,0,0,0,0,0,230377,0
227998,-1234,7292,-162,250,32,-1211,-204482,407,-435,-1520,-144,36270,85,31,66,0,0,0,0,0,0,0,0,-32304,0,0,0,0,0,230382,0
228003,-1724,6814,-440,272,19,-1171,-204437,180,-645,-1447,-296,36270,85,31,66,0,0,0,0,0,0,0,0,-32304,0,0,0,0,0,230388,0
228008,-3116,6804,-212,293,-22,-1067,-204430,16,-737,-1296,-416,36264,105,31,66,0,0,0,0,0,0,0,0,-32304,0,0,0,0,0,230394,0
228013,-3686,6998,-126,301,-34,-981,-204439,-45,-668,-1276,-424,36264,105,31,66,0,0,0,0,0,0,0,0,-32303,0,0,0,0,0,230399,0
228018,-3750,7208,12,309,-37,-912,-204443,-20,-471,-1292,-384,36254,126,31,66,0,0,0,0,0,0,0,0,-32304,0,0,0,0,0,230404,0
228023,-3370,7472,40,308,-21,-826,-204449,-23,-243,-1277,-424,36254,126,31,66,0,0,0,0,0,0,0,0,-32304,0,0,0,0,0,230410,0
228028,-2556,7826,-304,317,8,-685,-204464,-64,-101,-1242,-544,36246,144,31,66,0,0,0,0,0,0,0,0,-32304,0,0,0,0,0,230415,0
228033,-2272,7832,-450,317,11,-610,-204501,-170,-95,-1173,-944,36246,144,31,66,0,0,0,0,0,0,0,0,-32304,0,0,0,0,0,230421,0
228038,-2218,7814,-500,314,16,-555,-204573,-333,-205,-1154,-1288,36241,142,31,66,0,0,0,0,0,0,0,0,-32304,0,0,0,0,0,230427,0
228043,-2266,7752,-552,315,16,-488,-204694,-548,-385,-1202,-1760,36241,142,31,66,0,0,0,0,0,0,0,0,-32304,0,0,0,0,0,230433,0
228048,-2690,7634,-302,318,14,-359,-204866,-781,-557,-1246,-2320,36237,168,31,66,0,0,0,0,0,0,0,0,-32304,0,0,0,0,0,230438,0
228053,-2944,7566,-374,312,20,-290,-205091,-1008,-693,-1204,-2704,36237,168,31,66,0,0,0,0,0,0,0,0,-32304,0,0,0,0,0,230444,0
228058,-3148,7498,-372,318,20,-208,-205367,-1231,-764,-1143,-3224,36228,199,31,66,0,0,0,0,0,0,0,0,-32304,0,0,0,0,0,230449,0
228063,-3292,7414,-442,319,18,-125,-205690,-1441,-775,-1078,-3560,36228,199,31,66,0,0,0,0,0,0,0,0,-32303,0,0,0,0,0,230454,0
228068,-3500,7332,-526,319,2,36,-206056,-1629,-758,-1035,-3952,36214,226,31,66,0,0,0,0,0,0,0,0,-32304,0,0,0,0,0,230460,0
228073,-3490,7264,-578,323,-3,120,-206460,-1799,-704,-977,-4256,36214,226,31,66,0,0,0,0,0,0,0,0,-32303,0,0,0,0,0,230465,0
228078,-3498,7344,-590,317,-11,208,-206902,-1966,-654,-931,-4600,36201,244,31,66,0,0,0,0,0,0,0,0,-32304,0,0,0,0,0,230471,0
228083,-3504,7326,-492,321,-18,291,-207383,-2125,-615,-881,-4792,36201,244,31,66,0,0,0,0,0,0,0,0,-32303,0,0,0,0,0,230476,0
228088,-3240,7438,-632,321,-29,457,-207895,-2269,-578,-814,-5104,36194,250,31,66,0,0,0,0,0,0,0,0,-32303,0,0,0,0,0,230482,0
228093,-3208,7478,-634,308,-21,537,-208441,-2414,-546,-760,-5392,36194,250,31,66,0,0,0,0,0,0,0,0,-32304,0,0,0,0,0,230487,0
228098,-3376,7816,-944,290,-56,614,-209015,-2542,-516,-699,-5552,36193,260,31,66,0,0,0,0,0,0,0,0,-32303,0,0,0,0,0,230493,0
228103,-3036,7620,-586,312,-30,689,-209613,-2639,-476,-604,-5768,36193,260,31,66,0,0,0,0,0,0,0,0,-32303,0,0,0,0,0,230498,0
228108,-2624,7706,-738,283,-46,825,-210233,-2726,-423,-549,-5912,36194,257,31,66,0,0,0,0,0,0,0,0,-32304,0,0,0,0,0,230504,0
228113,-2284,7682,-756,289,-34,864,-210870,-2810,-365,-477,-6016,36194,257,31,66,0,0,0,0,0,0,0,0,-32304,0,0,0,0,0,230509,0
228118,-1714,7790,-750,272,-29,899,-211528,-2920,-325,-408,-6280,36196,240,31,66,0,0,0,0,0,0,0,0,-32304,0,0,0,0,0,230515,0
228123,-1142,7820,-778,275,-39,927,-212222,-3067,-341,-356,-6456,36196,240,31,66,0,0,0,0,0,0,0,0,-32304,0,0,0,0,0,230520,0
228128,-408,8044,-870,265,-16,950,-212960,-3260,-427,-287,-6784,36200,223,31,66,0,0,0,0,0,0,0,0,-32304,0,0,0,0,0,230526,0
228133,-264,8198,-922,257,0,962,-213742,-3461,-532,-204,-7064,36200,223,31,66,0,0,0,0,0,0,0,0,-32304,0,0,0,0,0,230531,0
228138,-350,8196,-940,247,13,977,-214567,-3649,-612,-105,-7288,36208,218,31,66,0,0,0,0,0,0,0,0,-32304,0,0,0,0,0,230536,0
228143,-518,8284,-862,240,33,992,-215429,-3817,-648,-28,-7424,36208,218,31,66,0,0,0,0,0,0,0,0,-32304,0,0,0,0,0,230542,0
228148,16352,8238,-442,201,-127,143,-216299,-3824,-567,1,-7016,36218,188,31,66,0,0,0,0,0,0,0,0,-32304,0,0,0,0,0,230547,0
228153,12426,9968,-2250,193,-38,-39,-217143,-3690,-340,84,-6368,36218,188,31,66,0,0,0,0,0,0,0,0,-32303,0,0,0,0,0,230553,0
228158,7256,12724,-3222,228,125,-139,-217884,-3200,126,99,-4664,36229,163,31,66,0,0,0,0,0,0,0,0,-32303,0,0,0,0,0,230558,0
228163,2508,13548,-1370,150,165,-263,-218377,-2036,1023,32,-1424,36229,163,31,66,0,0,0,0,0,0,0,0,-32303,0,0,0,0,0,230564,0
228168,3304,9070,-702,85,118,-426,-218501,-377,2383,322,1424,36239,145,31,66,0,0,0,0,0,0,0,0,-32304,0,0,0,0,0,230569,0
228173,1548,8598,-1060,125,77,-501,-218256,1217,3826,386,3712,36239,145,31,66,0,0,0,0,0,0,0,0,-32304,0,0,0,0,0,230575,0
228178,-124,8856,-770,117,31,-536,-217786,2151,4635,203,4888,36242,135,31,66,0,0,0,0,0,0,0,0,-32304,0,0,0,0,0,230580,0
228183,-1016,8530,-152,100,13,-555,-217203,2591,4395,193,4976,36242,135,31,66,0,0,0,0,0,0,0,0,-32304,0,0,0,0,0,230586,0
228188,376,6852,-422,118,12,-573,-216603,2647,3198,33,4456,36237,155,31,66,0,0,0,0,0,0,0,0,-32304,0,0,0,0,0,230591,0
228193,622,6746,-604,128,0,-620,-216024,2530,1697,-138,3792,36237,155,31,66,0,0,0,0,0,0,0,0,-32303,0,0,0,0,0,230597,0
228198,744,7028,-794,136,-9,-660,-215491,2320,502,-260,3056,36242,157,31,66,0,0,0,0,0,0,0,0,-32304,0,0,0,0,0,230602,0
228203,350,7454,-760,137,-41,-705,-215045,1924,-307,-297,1872,36242,157,31,66,0,0,0,0,0,0,0,0,-32304,0,0,0,0,0,230607,0
228208,-410,8426,-720,139,-80,-727,-214732,1309,-919,-309,320,36247,139,31,66,0,0,0,0,0,0,0,0,-32304,0,0,0,0,0,230613,0
228213,-840,8818,-612,138,-81,-692,-214602,472,-1524,-636,-496,36247,139,31,66,0,0,0,0,0,0,0,0,-32304,0,0,0,0,0,230618,0
228218,-1394,8828,-472,134,-82,-676,-214674,-386,-2145,-602,-1104,36251,120,31,66,0,0,0,0,0,0,0,0,-32304,0,0,0,0,0,230624,0
228223,-1366,8562,-508,128,-104,-644,-214864,-883,-2465,-225,-2184,36251,120,31,66,0,0,0,0,0,0,0,0,-32303,0,0,0,0,0,230629,0
228228,-12,7890,-588,125,-125,-663,-215133,-1206,-2346,-283,-2632,36250,124,31,66,0,0,0,0,0,0,0,0,-32304,0,0,0,0,0,230635,0
228233,150,7754,-638,142,-132,-682,-215440,-1360,-1831,-238,-2688,36250,124,31,66,0,0,0,0,0,0,0,0,-32304,0,0,0,0,0,230640,0
228238,208,8046,-656,128,-132,-701,-215761,-1404,-1160,-179,-2552,36244,130,31,66,0,0,0,0,0,0,0,0,-32303,0,0,0,0,0,230645,0
228243,266,8108,-750,126,-119,-723,-216076,-1387,-601,-127,-2352,36244,130,31,66,0,0,0,0,0,0,0,0,-32304,0,0,0,0,0,230651,0
228248,-14,8252,-782,116,-94,-734,-216379,-1323,-224,-74,-2080,36242,144,31,66,0,0,0,0,0,0,0,0,-32304,0,0,0,0,0,230657,0
228253,-320,8334,-806,108,-75,-740,-216659,-1228,41,-47,-1736,36242,144,31,66,0,0,0,0,0,0,0,0,-32304,0,0,0,0,0,230662,0
228258,-552,8296,-844,90,-56,-735,-216912,-1097,210,-28,-1336,36240,134,31,66,0,0,0,0,0,0,0,0,-32304,0,0,0,0,0,230668,0
228263,-752,8180,-872,82,-48,-724,-217118,-877,359,-17,-720,36240,134,31,66,0,0,0,0,0,0,0,0,-32304,0,0,0,0,0,230674,0
228268,-672,7958,-888,56,-28,-728,-217254,-554,562,2,-72,36244,131,30,66,0,0,0,0,0,0,0,0,-32304,0,0,0,0,0,230680,0
228273,-338,7936,-954,50,-35,-744,-217285,-91,853,201,80,36244,131,30,66,0,0,0,0,0,0,0,0,-32304,0,0,0,0,0,230685,0
228278,-96,8242,-1056,39,-34,-758,-217234,248,1118,72,144,36244,139,31,66,0,0,0,0,0,0,0,0,-32303,0,0,0,0,0,230691,0
228283,-174,8126,-940,47,-44,-768,-217149,385,1170,-9,208,36244,139,31,66,0,0,0,0,0,0,0,0,-32304,0,0,0,0,0,230696,0
228288,-320,8500,-932,22,-59,-766,-217048,448,979,-30,200,36246,137,31,66,0,0,0,0,0,0,0,0,-32304,0,0,0,0,0,230701,0
228293,-424,8420,-910,20,-64,-765,-216942,458,634,-61,168,36246,137,31,66,0,0,0,0,0,0,0,0,-32303,0,0,0,0,0,230707,0
228298,-536,8498,-778,7,-71,-755,-216859,361,235,-786,-520,36245,133,31,66,0,0,0,0,0,0,0,0,-32305,0,0,0,0,0,230712,0
228303,-918,8342,-800,-1,-68,-769,-216884,-149,-227,-1648,-720,36245,133,31,66,0,0,0,0,0,0,0,0,-32304,0,0,0,0,0,230718,0
228308,-744,8322,-930,-15,-68,-755,-216954,-315,-595,-879,-640,36247,138,31,66,0,0,0,0,0,0,0,0,-32304,0,0,0,0,0,230723,0
228313,-616,8212,-692,-9,-78,-750,-217028,-319,-751,-590,-448,36247,138,31,66,0,0,0,0,0,0,0,0,-32304,0,0,0,0,0,230729,0
228318,-786,8054,-686,-19,-85,-751,-217083,-235,-571,-485,-336,36244,133,31,66,0,0,0,0,0,0,0,0,-32303,0,0,0,0,0,230735,0
228323,-884,7988,-724,-11,-86,-745,-217111,-115,-169,-554,-336,36244,133,31,66,0,0,0,0,0,0,0,0,-32303,0,0,0,0,0,230740,0
228328,-1048,7992,-572,-20,-81,-734,-217128,-69,169,-699,-360,36242,136,31,66,0,0,0,0,0,0,0,0,-32303,0,0,0,0,0,230745,0
228333,-1118,7696,-654,-17,-79,-727,-217137,-35,245,-797,-288,36242,136,31,66,0,0,0,0,0,0,0,0,-32304,0,0,0,0,0,230751,0
228338,-1066,8230,-438,-18,-74,-723,-217139,-11,205,-864,-288,36247,141,31,66,0,0,0,0,0,0,0,0,-32303,0,0,0,0,0,230756,0
228343,-954,8122,-442,-16,-61,-709,-217138,-4,129,-894,-296,36247,141,31,66,0,0,0,0,0,0,0,0,-32303,0,0,0,0,0,230762,0
228348,-908,8132,-418,-10,-42,-696,-217137,2,72,-900,-288,36252,138,31,66,0,0,0,0,0,0,0,0,-32303,0,0,0,0,0,230767,0
228353,-942,8136,-376,-7,-36,-691,-217138,-1,52,-897,-288,36252,138,31,66,0,0,0,0,0,0,0,0,-32304,0,0,0,0,0,230772,0
228358,-976,8110,-520,-11,-16,-678,-217136,4,17,-892,-304,36264,141,31,66,0,0,0,0,0,0,0,0,-32303,0,0,0,0,0,230778,0
228363,-978,8136,-290,-5,-14,-670,-217137,0,-1,-897,-296,36264,141,31,66,0,0,0,0,0,0,0,0,-32303,0,0,0,0,0,230783,0
228368,-1014,8000,-406,-3,6,-658,-217136,6,3,-892,-296,36270,143,31,66,0,0,0,0,0,0,0,0,-32304,0,0,0,0,0,230789,0
228373,-1084,7996,-430,-3,18,-645,-217138,4,-4,-886,-312,36270,143,31,66,0,0,0,0,0,0,0,0,-32303,0,0,0,0,0,230794,0
228378,-1182,7824,-390,4,27,-639,-217139,-11,-3,-894,-280,36273,139,31,66,0,0,0,0,0,0,0,0,-32303,0,0,0,0,0,230800,0
228383,-1288,7932,-436,-6,29,-627,-217137,-7,-6,-899,-288,36273,139,31,66,0,0,0,0,0,0,0,0,-32303,0,0,0,0,0,230805,0
228388,-1300,7838,-620,2,44,-612,-217137,-2,-2,-901,-288,36263,142,31,66,0,0,0,0,0,0,0,0,-32303,0,0,0,0,0,230810,0
228393,-1248,7998,-578,-2,39,-600,-217137,4,3,-898,-312,36263,142,31,66,0,0,0,0,0,0,0,0,-32303,0,0,0,0,0,230816,0
228398,-1200,8020,-700,-8,41,-591,-217138,-4,-5,-902,-280,36254,130,31,66,0,0,0,0,0,0,0,0,-32303,0,0,0,0,0,230821,0
228403,-1162,8046,-790,-19,47,-587,-217138,-6,0,-895,-288,36254,130,31,66,0,0,0,0,0,0,0,0,-32304,0,0,0,0,0,230827,0
228408,-1162,8138,-882,-27,50,-570,-217137,-1,2,-896,-288,36244,134,31,66,0,0,0,0,0,0,0,0,-32303,0,0,0,0,0,230833,0
228413,-1102,8208,-962,-39,54,-569,-217137,3,0,-897,-296,36244,134,31,66,0,0,0,0,0,0,0,0,-32303,0,0,0,0,0,230838,0
228418,-1114,8194,-966,-50,60,-559,-217139,-3,0,-894,-296,36244,140,31,66,0,0,0,0,0,0,0,0,-32303,0,0,0,0,0,230843,0
228423,-1100,8144,-962,-69,58,-559,-217137,2,1,-894,-312,36244,140,31,66,0,0,0,0,0,0,0,0,-32303,0,0,0,0,0,230849,0
228428,-1148,8048,-1008,-93,67,-551,-217138,0,-1,-897,-288,36245,141,31,66,0,0,0,0,0,0,0,0,-32303,0,0,0,0,0,230854,0
228433,-1154,8082,-1020,-106,76,-549,-217138,1,4,-891,-296,36245,141,31,66,0,0,0,0,0,0,0,0,-32303,0,0,0,0,0,230860,0
228438,-1184,8096,-1086,-121,79,-542,-217137,3,-3,-895,-288,36245,138,31,66,0,0,0,0,0,0,0,0,-32303,0,0,0,0,0,230865,0
228443,-1198,8104,-1122,-138,83,-539,-217137,1,0,-898,-296,36245,138,31,66,0,0,0,0,0,0,0,0,-32303,0,0,0,0,0,230871,0
228448,-1246,8154,-1182,-176,85,-531,-217136,12,0,-896,-304,36246,134,31,66,0,0,0,0,0,0,0,0,-32305,0,0,0,0,0,230876,0
228453,-1192,8128,-1154,-188,91,-530,-217137,0,-3,-899,-304,36246,134,31,66,0,0,0,0,0,0,0,0,-32304,0,0,0,0,0,230881,0
228458,-1162,8094,-1158,-209,89,-529,-217138,0,-2,-895,-304,36248,130,31,66,0,0,0,0,0,0,0,0,-32304,0,0,0,0,0,230887,0
228463,-1172,8092,-1150,-224,87,-526,-217137,0,-4,-894,-288,36248,130,31,66,0,0,0,0,0,0,0,0,-32304,0,0,0,0,0,230892,0
228468,-1220,8082,-1052,-256,84,-516,-217138,0,2,-895,-288,36249,135,31,66,0,0,0,0,0,0,0,0,-32303,0,0,0,0,0,230898,0
228473,-1224,8020,-1004,-268,78,-524,-217137,5,-2,-890,-304,36249,135,31,66,0,0,0,0,0,0,0,0,-32304,0,0,0,0,0,230903,0
228478,-1186,8082,-902,-286,80,-515,-217138,-1,2,-900,-288,36249,141,31,66,0,0,0,0,0,0,0,0,-32303,0,0,0,0,0,230908,0
228483,-1268,8044,-822,-292,81,-518,-217137,1,-4,-896,-304,36249,141,31,66,0,0,0,0,0,0,0,0,-32303,0,0,0,0,0,230914,0
228488,-1250,8046,-642,-318,101,-512,-217138,-2,0,-900,-288,36250,138,31,66,0,0,0,0,0,0,0,0,-32303,0,0,0,0,0,230920,0
228493,-1268,8040,-658,-322,100,-510,-217138,-3,-1,-897,-296,36250,138,31,66,0,0,0,0,0,0,0,0,-32304,0,0,0,0,0,230925,0
228498,-1296,7996,-594,-335,106,-506,-217136,1,-2,-899,-288,36252,147,31,66,0,0,0,0,0,0,0,0,-32304,0,0,0,0,0,230931,0
228503,-1284,7990,-570,-338,114,-505,-217138,0,-1,-895,-296,36252,147,31,66,0,0,0,0,0,0,0,0,-32304,0,0,0,0,0,230936,0
228508,-1332,8022,-562,-349,115,-503,-217139,-1,3,-895,-296,36250,148,31,66,0,0,0,0,0,0,0,0,-32303,0,0,0,0,0,230941,0
228513,-1372,7990,-556,-354,110,-500,-217137,2,-2,-897,-296,36250,148,31,66,0,0,0,0,0,0,0,0,-32303,0,0,0,0,0,230947,0
228518,-1432,7990,-562,-355,106,-499,-217136,7,0,-893,-312,36248,143,31,66,0,0,0,0,0,0,0,0,-32303,0,0,0,0,0,230952,0
228523,-1520,7956,-542,-346,97,-493,-217138,2,2,-896,-312,36248,143,31,66,0,0,0,0,0,0,0,0,-32303,0,0,0,0,0,230958,0
228528,-1674,7944,-470,-335,61,-478,-217137,-2,-2,-896,-296,36247,141,31,66,0,0,0,0,0,0,0,0,-32303,0,0,0,0,0,230963,0
228533,-1644,7950,-432,-332,48,-471,-217138,0,-5,-897,-296,36247,141,31,66,0,0,0,0,0,0,0,0,-32303,0,0,0,0,0,230969,0
228538,-1698,8028,-424,-322,23,-466,-217139,1,2,-893,-304,36247,132,31,66,0,0,0,0,0,0,0,0,-32303,0,0,0,0,0,230974,0
228543,-1644,8070,-470,-312,-2,-460,-217138,-3,-4,-898,-288,36247,132,31,66,0,0,0,0,0,0,0,0,-32303,0,0,0,0,0,230979,0
228548,-1526,7984,-430,-290,-49,-448,-217137,3,-1,-896,-296,36247,135,31,66,0,0,0,0,0,0,0,0,-32303,0,0,0,0,0,230985,0
228553,-1536,8038,-380,-286,-65,-443,-217138,-6,0,-900,-296,36247,135,31,66,0,0,0,0,0,0,0,0,-32303,0,0,0,0,0,230990,0
228558,-1600,8046,-324,-278,-82,-437,-217138,-1,2,-895,-288,36244,143,31,66,0,0,0,0,0,0,0,0,-32304,0,0,0,0,0,230996,0
228563,-1614,8052,-248,-267,-106,-430,-217138,1,-2,-895,-288,36244,143,31,66,0,0,0,0,0,0,0,0,-32303,0,0,0,0,0,231001,0
228568,-1592,7968,-178,-253,-122,-420,-217138,-3,6,-894,-288,36245,140,31,66,0,0,0,0,0,0,0,0,-32303,0,0,0,0,0,231007,0
228573,-1608,7946,-140,-246,-133,-416,-217138,-4,-2,-889,-288,36245,140,31,66,0,0,0,0,0,0,0,0,-32303,0,0,0,0,0,231012,0
228578,-1642,7906,-140,-234,-143,-410,-217138,1,2,-893,-320,36249,141,31,66,0,0,0,0,0,0,0,0,-32303,0,0,0,0,0,231018,0
228583,-1726,7898,-100,-229,-147,-403,-217138,0,2,-903,-296,36249,141,31,66,0,0,0,0,0,0,0,0,-32303,0,0,0,0,0,231023,0
228588,-1738,7836,-84,-212,-152,-387,-217138,-1,0,-896,-288,36252,146,31,66,0,0,0,0,0,0,0,0,-32304,0,0,0,0,0,231028,0
228593,-1736,7880,-124,-210,-154,-383,-217137,4,5,-892,-304,36252,146,31,66,0,0,0,0,0,0,0,0,-32304,0,0,0,0,0,231034,0
228598,-1752,7864,-110,-206,-152,-370,-217137,0,0,-900,-288,36252,132,31,66,0,0,0,0,0,0,0,0,-32303,0,0,0,0,0,231039,0
228603,-1724,7862,-124,-201,-156,-357,-217137,3,-2,-895,-296,36252,132,31,66,0,0,0,0,0,0,0,0,-32303,0,0,0,0,0,231045,0
228608,-1754,7914,-110,-193,-147,-338,-217136,4,-4,-893,-296,36248,131,31,66,0,0,0,0,0,0,0,0,-32304,0,0,0,0,0,231050,0
228613,-1730,7950,-108,-181,-143,-331,-217137,0,1,-895,-296,36248,131,31,66,0,0,0,0,0,0,0,0,-32303,0,0,0,0,0,231056,0
228618,-1704,7968,-102,-189,-138,-324,-217138,-5,-10,-894,-296,36244,133,31,66,0,0,0,0,0,0,0,0,-32303,0,0,0,0,0,231061,0
228623,-1672,7974,-96,-183,-123,-312,-217138,1,-2,-896,-296,36244,133,31,66,0,0,0,0,0,0,0,0,-32303,0,0,0,0,0,231067,0
228628,-1628,8000,-80,-186,-100,-293,-217137,4,0,-888,-312,36241,131,31,66,0,0,0,0,0,0,0,0,-32303,0,0,0,0,0,231072,0
228633,-1624,8022,-76,-188,-84,-286,-217137,1,0,-894,-296,36241,131,31,66,0,0,0,0,0,0,0,0,-32304,0,0,0,0,0,231077,0
228638,-1642,8012,-92,-189,-70,-281,-217138,-7,-3,-905,-296,36242,140,31,66,0,0,0,0,0,0,0,0,-32304,0,0,0,0,0,231083,0
228643,-1644,8010,-104,-189,-69,-272,-217139,0,0,-892,-288,36242,140,31,66,0,0,0,0,0,0,0,0,-32303,0,0,0,0,0,231088,0
228648,-1596,8018,-168,-187,-53,-258,-217139,-7,-1,-899,-280,36243,136,31,66,0,0,0,0,0,0,0,0,-32304,0,0,0,0,0,231094,0
228653,-1612,8046,-164,-191,-50,-254,-217138,-1,2,-897,-296,36243,136,31,66,0,0,0,0,0,0,0,0,-32304,0,0,0,0,0,231099,0
228658,-1630,8062,-166,-186,-44,-251,-217138,-8,1,-899,-280,36242,132,31,66,0,0,0,0,0,0,0,0,-32304,0,0,0,0,0,231105,0
228663,-1582,8118,-150,-189,-48,-248,-217138,-4,3,-891,-288,36242,132,31,66,0,0,0,0,0,0,0,0,-32304,0,0,0,0,0,231110,0
228668,-1592,8094,-180,-181,-47,-240,-217138,-3,3,-897,-288,36240,129,31,66,0,0,0,0,0,0,0,0,-32303,0,0,0,0,0,231116,0
228673,-1542,8022,-168,-180,-58,-245,-217136,4,-2,-888,-312,36240,129,31,66,0,0,0,0,0,0,0,0,-32303,0,0,0,0,0,231121,0
228678,-1538,8014,-152,-173,-60,-239,-217137,5,3,-895,-296,36246,128,31,66,0,0,0,0,0,0,0,0,-32304,0,0,0,0,0,231127,0
228683,-1548,8028,-138,-165,-64,-240,-217139,-9,4,-903,-280,36246,128,31,66,0,0,0,0,0,0,0,0,-32304,0,0,0,0,0,231132,0
228688,-1562,8028,-78,-155,-80,-240,-217138,-4,-2,-896,-288,36246,125,31,66,0,0,0,0,0,0,0,0,-32303,0,0,0,0,0,231138,0
228693,-1546,8002,-40,-152,-80,-246,-217137,5,2,-895,-304,36246,125,31,66,0,0,0,0,0,0,0,0,-32303,0,0,0,0,0,231143,0
228698,-1528,8046,-2,-142,-86,-242,-217137,-4,4,-902,-288,36248,127,31,66,0,0,0,0,0,0,0,0,-32303,0,0,0,0,0,231148,0
228703,-1512,7998,-34,-130,-94,-247,-217138,-3,0,-897,-288,36248,127,31,66,0,0,0,0,0,0,0,0,-32303,0,0,0,0,0,231154,0
228708,-1504,7944,0,-123,-97,-249,-217136,0,-2,-896,-296,36243,119,31,66,0,0,0,0,0,0,0,0,-32304,0,0,0,0,0,231159,0
228713,-1512,7900,24,-111,-100,-253,-217137,-1,0,-898,-296,36243,119,31,66,0,0,0,0,0,0,0,0,-32303,0,0,0,0,0,231165,0
228718,-1514,7928,44,-101,-102,-254,-217137,3,1,-895,-304,36243,128,31,66,0,0,0,0,0,0,0,0,-32304,0,0,0,0,0,231170,0
228723,-1500,7896,88,-98,-113,-260,-217137,2,-2,-896,-304,36243,128,31,66,0,0,0,0,0,0,0,0,-32304,0,0,0,0,0,231175,0
228728,-1498,7892,132,-76,-114,-269,-217135,8,0,-898,-288,36243,123,31,66,0,0,0,0,0,0,0,0,-32303,0,0,0,0,0,231181,0
228733,-1514,7894,128,-74,-115,-272,-217137,-3,1,-901,-288,36243,123,31,66,0,0,0,0,0,0,0,0,-32303,0,0,0,0,0,231186,0
228738,-1546,7896,154,-63,-114,-274,-217138,-5,-1,-898,-296,36245,122,31,66,0,0,0,0,0,0,0,0,-32303,0,0,0,0,0,231192,0
228743,-1568,7890,160,-56,-111,-276,-217137,2,-4,-891,-312,36245,122,31,66,0,0,0,0,0,0,0,0,-32303,0,0,0,0,0,231197,0
228748,-1596,7906,188,-42,-109,-278,-217137,-1,2,-891,-320,36246,131,31,66,0,0,0,0,0,0,0,0,-32304,0,0,0,0,0,231203,0
228753,-1630,7918,182,-33,-106,-276,-217138,-9,-2,-903,-296,36246,131,31,66,0,0,0,0,0,0,0,0,-32303,0,0,0,0,0,231208,0
228758,-1658,7872,206,-26,-100,-275,-217136,7,2,-893,-312,36246,133,31,66,0,0,0,0,0,0,0,0,-32304,0,0,0,0,0,231214,0
228763,-1670,7878,202,-22,-96,-274,-217137,1,1,-895,-296,36246,133,31,66,0,0,0,0,0,0,0,0,-32303,0,0,0,0,0,231219,0
228768,-1660,7840,194,-3,-86,-275,-217136,0,4,-900,-296,36245,131,31,66,0,0,0,0,0,0,0,0,-32303,0,0,0,0,0,231225,0
228773,-1704,7820,200,2,-81,-267,-217137,-2,-1,-897,-296,36245,131,31,66,0,0,0,0,0,0,0,0,-32303,0,0,0,0,0,231230,0
228778,-1722,7782,182,5,-69,-267,-217136,4,1,-891,-304,36248,140,31,66,0,0,0,0,0,0,0,0,-32304,0,0,0,0,0,231236,0
228783,-1744,7796,156,10,-64,-264,-217136,-1,0,-894,-312,36248,140,31,66,0,0,0,0,0,0,0,0,-32304,0,0,0,0,0,231241,0
228788,-1774,7762,148,21,-51,-261,-217136,1,-4,-902,-288,36249,140,31,66,0,0,0,0,0,0,0,0,-32304,0,0,0,0,0,231246,0
228793,-1828,7786,170,25,-45,-253,-217135,6,0,-898,-304,36249,140,31,66,0,0,0,0,0,0,0,0,-32303,0,0,0,0,0,231252,0
228798,-1818,7778,182,34,-46,-251,-217136,0,-3,-900,-296,36249,145,31,66,0,0,0,0,0,0,0,0,-32304,0,0,0,0,0,231257,0
228803,-1852,7780,194,41,-31,-248,-217136,-1,-2,-902,-288,36249,145,31,66,0,0,0,0,0,0,0,0,-32304,0,0,0,0,0,231263,0
228808,-1838,7736,192,46,-8,-236,-217136,3,2,-897,-296,36247,136,31,66,0,0,0,0,0,0,0,0,-32303,0,0,0,0,0,231268,0
228813,-1852,7736,182,44,-4,-229,-217136,0,-2,-901,-304,36247,136,31,66,0,0,0,0,0,0,0,0,-32304,0,0,0,0,0,231274,0
228818,-1854,7736,188,48,8,-221,-217136,0,-1,-892,-304,36250,131,31,66,0,0,0,0,0,0,0,0,-32303,0,0,0,0,0,231279,0
228823,-1900,7734,186,50,17,-222,-217137,-1,-3,-897,-296,36250,131,31,66,0,0,0,0,0,0,0,0,-32303,0,0,0,0,0,231284,0
228828,-1876,7768,158,59,36,-208,-217137,-6,-3,-899,-280,36249,133,31,66,0,0,0,0,0,0,0,0,-32304,0,0,0,0,0,231290,0
228833,-1876,7792,164,60,46,-198,-217137,-4,-2,-896,-288,36249,133,31,66,0,0,0,0,0,0,0,0,-32304,0,0,0,0,0,231295,0
228838,-1872,7760,148,62,58,-194,-217136,-6,-1,-896,-304,36249,138,31,66,0,0,0,0,0,0,0,0,-32303,0,0,0,0,0,231301,0
228843,-1888,7778,116,62,66,-189,-217137,-7,-2,-899,-304,36249,138,31,66,0,0,0,0,0,0,0,0,-32304,0,0,0,0,0,231307,0
228848,-1894,7796,122,70,85,-174,-217136,-3,-4,-898,-304,36247,141,31,66,0,0,0,0,0,0,0,0,-32304,0,0,0,0,0,231312,0
228853,-1930,7826,90,74,88,-169,-217136,3,1,-896,-304,36247,141,31,66,0,0,0,0,0,0,0,0,-32303,0,0,0,0,0,231317,0
228858,-1912,7820,68,71,95,-161,-217136,3,-1,-894,-312,36246,146,31,66,0,0,0,0,0,0,0,0,-32303,0,0,0,0,0,231323,0
228863,-1920,7816,60,72,103,-157,-217136,-1,4,-895,-296,36246,146,31,66,0,0,0,0,0,0,0,0,-32303,0,0,0,0,0,231328,0
228868,-1906,7866,12,78,112,-149,-217136,0,3,-896,-296,36247,147,31,66,0,0,0,0,0,0,0,0,-32303,0,0,0,0,0,231334,0
228873,-1910,7880,-2,83,120,-141,-217136,2,-1,-895,-304,36247,147,31,66,0,0,0,0,0,0,0,0,-32304,0,0,0,0,0,231339,0
228878,-1902,7908,-32,81,123,-136,-217136,0,-3,-888,-312,36249,130,31,66,0,0,0,0,0,0,0,0,-32303,0,0,0,0,0,231345,0
228883,-1908,7926,-50,80,122,-127,-217136,0,2,-895,-296,36249,130,31,66,0,0,0,0,0,0,0,0,-32304,0,0,0,0,0,231350,0
228888,-1936,7964,-102,80,116,-116,-217137,-5,-4,-902,-288,36251,134,31,66,0,0,0,0,0,0,0,0,-32303,0,0,0,0,0,231355,0
228893,-1964,8006,-116,86,120,-108,-217135,0,5,-895,-304,36251,134,31,66,0,0,0,0,0,0,0,0,-32303,0,0,0,0,0,231361,0
228898,-1940,7996,-120,89,121,-100,-217136,0,-3,-899,-304,36251,126,31,66,0,0,0,0,0,0,0,0,-32303,0,0,0,0,0,231367,0
228903,-1986,7998,-136,92,105,-100,-217137,-6,-4,-902,-296,36251,126,31,66,0,0,0,0,0,0,0,0,-32303,0,0,0,0,0,231372,0
228908,-2016,7910,-118,93,98,-85,-217136,-6,-1,-894,-296,36250,126,31,66,0,0,0,0,0,0,0,0,-32304,0,0,0,0,0,231377,0
228913,-2032,7882,-148,100,85,-80,-217136,3,2,-901,-296,36250,126,31,66,0,0,0,0,0,0,0,0,-32304,0,0,0,0,0,231383,0
228918,-2054,7880,-146,104,78,-73,-217136,-5,-4,-898,-304,36244,129,31,66,0,0,0,0,0,0,0,0,-32304,0,0,0,0,0,231388,0
228923,-2036,7830,-158,104,66,-67,-217136,0,3,-895,-296,36244,129,31,66,0,0,0,0,0,0,0,0,-32303,0,0,0,0,0,231394,0
228928,-2068,7816,-204,119,44,-56,-217137,-3,-2,-898,-304,36244,129,31,66,0,0,0,0,0,0,0,0,-32303,0,0,0,0,0,231399,0
228933,-2092,7728,-210,128,32,-57,-217137,-4,-1,-898,-280,36244,129,31,66,0,0,0,0,0,0,0,0,-32304,0,0,0,0,0,231405,0
228938,-2080,7742,-244,130,19,-39,-217136,0,2,-898,-312,36247,132,31,66,0,0,0,0,0,0,0,0,-32303,0,0,0,0,0,231410,0
228943,-2134,7718,-274,139,1,-40,-217137,0,-3,-899,-304,36247,132,31,66,0,0,0,0,0,0,0,0,-32304,0,0,0,0,0,231416,0
228948,-2094,7702,-310,142,-29,-37,-217137,-3,-3,-898,-288,36249,139,31,66,0,0,0,0,0,0,0,0,-32303,0,0,0,0,0,231421,0
228953,-2084,7678,-314,143,-46,-37,-217136,-3,3,-898,-288,36249,139,31,66,0,0,0,0,0,0,0,0,-32303,0,0,0,0,0,231426,0
228958,-2044,7768,-320,149,-57,-27,-217136,-1,-3,-894,-296,36247,126,31,66,0,0,0,0,0,0,0,0,-32304,0,0,0,0,0,231432,0
228963,-2018,7768,-282,153,-71,-27,-217135,2,1,-896,-304,36247,126,31,66,0,0,0,0,0,0,0,0,-32303,0,0,0,0,0,231437,0
228968,-1956,7834,-262,154,-89,-26,-217136,-4,-2,-896,-296,36245,130,31,66,0,0,0,0,0,0,0,0,-32303,0,0,0,0,0,231443,0
228973,-1940,7842,-252,157,-103,-19,-217136,0,-1,-894,-304,36245,130,31,66,0,0,0,0,0,0,0,0,-32304,0,0,0,0,0,231448,0
228978,-1934,7866,-242,152,-104,-12,-217136,1,-1,-893,-312,36247,128,31,66,0,0,0,0,0,0,0,0,-32303,0,0,0,0,0,231453,0
228983,-1910,7920,-254,151,-109,-17,-217137,-3,-1,-901,-280,36247,128,31,66,0,0,0,0,0,0,0,0,-32303,0,0,0,0,0,231459,0
228988,-1860,7976,-214,149,-112,-10,-217136,0,1,-898,-304,36252,134,31,66,0,0,0,0,0,0,0,0,-32303,0,0,0,0,0,231464,0
228993,-1814,7976,-234,146,-116,-9,-217136,3,1,-899,-304,36252,134,31,66,0,0,0,0,0,0,0,0,-32304,0,0,0,0,0,231470,0
228998,-1796,7986,-250,151,-108,-12,-217136,-2,0,-900,-288,36251,144,31,66,0,0,0,0,0,0,0,0,-32304,0,0,0,0,0,231475,0
229003,-1810,8050,-260,142,-109,-9,-217137,-3,1,-897,-288,36251,144,31,66,0,0,0,0,0,0,0,0,-32304,0,0,0,0,0,231481,0
229008,-1770,8094,-226,137,-108,-6,-217138,-5,-6,-893,-296,36248,144,31,66,0,0,0,0,0,0,0,0,-32304,0,0,0,0,0,231486,0
229013,-1782,8078,-214,134,-106,-6,-217137,-5,1,-896,-304,36248,144,31,66,0,0,0,0,0,0,0,0,-32304,0,0,0,0,0,231492,0
229018,-1788,8062,-198,134,-111,-8,-217135,1,1,-898,-296,36244,137,31,66,0,0,0,0,0,0,0,0,-32303,0,0,0,0,0,231497,0
229023,-1814,8014,-236,135,-111,-5,-217136,0,-1,-894,-296,36244,137,31,66,0,0,0,0,0,0,0,0,-32303,0,0,0,0,0,231503,0
229028,-1824,7984,-226,131,-107,-6,-217137,2,-2,-899,-304,36244,134,31,66,0,0,0,0,0,0,0,0,-32304,0,0,0,0,0,231508,0
229033,-1806,7982,-246,125,-105,-2,-217136,0,0,-899,-296,36244,134,31,66,0,0,0,0,0,0,0,0,-32303,0,0,0,0,0,231514,0
229038,-1834,8000,-256,118,-109,-4,-217137,2,1,-901,-288,36246,139,31,66,0,0,0,0,0,0,0,0,-32303,0,0,0,0,0,231520,0
229043,-1818,7990,-270,120,-110,-2,-217136,4,-1,-894,-304,36246,139,31,66,0,0,0,0,0,0,0,0,-32304,0,0,0,0,0,231525,0
229048,-1822,7972,-286,116,-110,1,-217136,3,-1,-896,-296,36246,139,31,66,0,0,0,0,0,0,0,0,-32303,0,0,0,0,0,231531,0
229053,-1822,7982,-298,120,-112,-1,-217136,0,3,-902,-296,36246,139,31,66,0,0,0,0,0,0,0,0,-32303,0,0,0,0,0,231536,0
229058,-1822,8024,-286,118,-110,6,-217137,-1,-1,-898,-296,36248,140,31,66,0,0,0,0,0,0,0,0,-32303,0,0,0,0,0,231542,0
229063,-1842,8050,-296,106,-113,7,-217137,-2,-2,-898,-280,36248,140,31,66,0,0,0,0,0,0,0,0,-32304,0,0,0,0,0,231547,0
229068,-1794,8058,-254,101,-114,8,-217136,-1,-2,-895,-288,36248,128,31,66,0,0,0,0,0,0,0,0,-32303,0,0,0,0,0,231553,0
229073,-1812,8100,-294,104,-112,8,-217136,0,1,-896,-296,36248,128,31,66,0,0,0,0,0,0,0,0,-32303,0,0,0,0,0,231558,0
229078,-1818,8090,-244,97,-116,10,-217137,-2,-2,-897,-288,36246,130,31,66,0,0,0,0,0,0,0,0,-32304,0,0,0,0,0,231563,0
229083,-1838,8074,-238,99,-110,10,-217137,-1,-1,-896,-288,36246,130,31,66,0,0,0,0,0,0,0,0,-32304,0,0,0,0,0,231569,0
229088,-1824,8030,-224,93,-112,12,-217137,-2,-3,-898,-296,36245,143,31,66,0,0,0,0,0,0,0,0,-32303,0,0,0,0,0,231574,0
229093,-1820,7990,-234,89,-112,11,-217136,3,2,-897,-304,36245,143,31,66,0,0,0,0,0,0,0,0,-32303,0,0,0,0,0,231580,0
229098,-1794,8008,-220,92,-107,17,-217137,-2,-2,-897,-296,36249,128,31,66,0,0,0,0,0,0,0,0,-32303,0,0,0,0,0,231586,0
229103,-1812,7982,-254,88,-109,20,-217136,1,0,-900,-288,36249,128,31,66,0,0,0,0,0,0,0,0,-32304,0,0,0,0,0,231591,0
229108,-1834,7956,-216,83,-108,17,-217136,0,1,-891,-304,36248,129,31,66,0,0,0,0,0,0,0,0,-32303,0,0,0,0,0,231596,0
229113,-1838,7946,-240,76,-106,19,-217137,1,1,-898,-304,36248,129,31,66,0,0,0,0,0,0,0,0,-32304,0,0,0,0,0,231602,0
229118,-1848,7918,-258,77,-102,19,-217137,1,0,-891,-296,36249,132,31,66,0,0,0,0,0,0,0,0,-32303,0,0,0,0,0,231607,0
229123,-1864,7894,-256,70,-96,22,-217136,3,-1,-889,-312,36249,132,31,66,0,0,0,0,0,0,0,0,-32303,0,0,0,0,0,231613,0
229128,-1850,7836,-244,65,-98,28,-217136,1,4,-893,-304,36246,139,31,66,0,0,0,0,0,0,0,0,-32303,0,0,0,0,0,231618,0
229133,-1864,7802,-240,67,-101,19,-217137,-2,0,-902,-288,36246,139,31,66,0,0,0,0,0,0,0,0,-32303,0,0,0,0,0,231624,0
229138,-1848,7828,-224,63,-97,16,-217136,6,1,-899,-296,36244,139,31,66,0,0,0,0,0,0,0,0,-32304,0,0,0,0,0,231629,0
229143,-1832,7838,-236,57,-89,21,-217137,6,-4,-893,-320,36244,139,31,66,0,0,0,0,0,0,0,0,-32304,0,0,0,0,0,231634,0
229148,-1790,7914,-274,43,-83,19,-217137,-1,0,-892,-304,36246,135,31,66,0,0,0,0,0,0,0,0,-32304,0,0,0,0,0,231640,0
229153,-1774,7942,-270,37,-80,20,-217136,5,-1,-903,-304,36246,135,31,66,0,0,0,0,0,0,0,0,-32304,0,0,0,0,0,231645,0
229158,-1764,7954,-268,34,-75,17,-217137,2,0,-897,-304,36246,132,31,66,0,0,0,0,0,0,0,0,-32304,0,0,0,0,0,231651,0
229163,-1774,7936,-272,31,-66,10,-217135,1,3,-894,-296,36246,132,31,66,0,0,0,0,0,0,0,0,-32304,0,0,0,0,0,231656,0
229168,-1730,8010,-270,24,-57,13,-217136,7,-1,-894,-296,36248,136,31,66,0,0,0,0,0,0,0,0,-32303,0,0,0,0,0,231661,0
229173,-1728,8026,-284,11,-53,13,-217137,5,-4,-894,-296,36248,136,31,66,0,0,0,0,0,0,0,0,-32303,0,0,0,0,0,231667,0
229178,-1732,8056,-284,8,-52,7,-217137,3,4,-895,-312,36246,128,31,66,0,0,0,0,0,0,0,0,-32303,0,0,0,0,0,231673,0
229183,-1696,8082,-272,2,-46,8,-217137,0,4,-898,-304,36246,128,31,66,0,0,0,0,0,0,0,0,-32303,0,0,0,0,0,231678,0
229188,-1700,8092,-276,-4,-37,5,-217137,-3,2,-894,-312,36246,128,31,66,0,0,0,0,0,0,0,0,-32304,0,0,0,0,0,231684,0
229193,-1704,8136,-260,-11,-37,1,-217138,0,-4,-893,-312,36246,128,31,66,0,0,0,0,0,0,0,0,-32303,0,0,0,0,0,231689,0
229198,-1718,8130,-278,-15,-36,-4,-217136,-3,0,-900,-304,36249,143,31,66,0,0,0,0,0,0,0,0,-32304,0,0,0,0,0,231694,0
229203,-1724,8120,-244,-20,-36,0,-217137,-11,-2,-900,-288,36249,143,31,66,0,0,0,0,0,0,0,0,-32303,0,0,0,0,0,231700,0
229208,-1728,8080,-252,-18,-33,-5,-217137,0,-4,-895,-312,36249,150,31,66,0,0,0,0,0,0,0,0,-32303,0,0,0,0,0,231705,0
229213,-1746,8080,-262,-26,-39,-11,-217137,-1,-8,-899,-288,36249,150,31,66,0,0,0,0,0,0,0,0,-32304,0,0,0,0,0,231711,0
229218,-1756,8038,-242,-29,-42,-8,-217137,-1,-2,-897,-296,36247,155,31,66,0,0,0,0,0,0,0,0,-32304,0,0,0,0,0,231716,0
229223,-1736,8016,-224,-23,-41,-12,-217137,-4,-1,-894,-296,36247,155,31,66,0,0,0,0,0,0,0,0,-32303,0,0,0,0,0,231722,0
229228,-1792,8004,-214,-25,-50,-21,-217136,3,0,-892,-312,36243,140,31,66,0,0,0,0,0,0,0,0,-32304,0,0,0,0,0,231727,0
229233,-1774,7994,-210,-26,-52,-20,-217137,0,-2,-898,-304,36243,140,31,66,0,0,0,0,0,0,0,0,-32304,0,0,0,0,0,231732,0
229238,-1782,7966,-182,-28,-58,-20,-217136,-2,2,-901,-288,36246,132,31,66,0,0,0,0,0,0,0,0,-32304,0,0,0,0,0,231738,0
229243,-1796,7990,-168,-23,-59,-19,-217137,-1,0,-901,-296,36246,132,31,66,0,0,0,0,0,0,0,0,-32304,0,0,0,0,0,231743,0
229248,-1822,7960,-138,-21,-61,-22,-217137,3,2,-894,-304,36247,139,31,66,0,0,0,0,0,0,0,0,-32304,0,0,0,0,0,231749,0
229253,-1848,7948,-134,-28,-72,-22,-217136,8,1,-897,-312,36247,139,31,66,0,0,0,0,0,0,0,0,-32304,0,0,0,0,0,231754,0
229258,-1834,7932,-150,-25,-72,-23,-217137,1,1,-898,-296,36245,145,31,66,0,0,0,0,0,0,0,0,-32303,0,0,0,0,0,231759,0
229263,-1842,7936,-152,-20,-72,-27,-217136,-2,6,-897,-288,36245,145,31,66,0,0,0,0,0,0,0,0,-32303,0,0,0,0,0,231765,0
229268,-1862,7894,-112,-16,-76,-25,-217136,4,1,-894,-296,36243,136,31,66,0,0,0,0,0,0,0,0,-32303,0,0,0,0,0,231771,0
229273,-1844,7878,-114,-20,-81,-26,-217137,-5,-3,-897,-296,36243,136,31,66,0,0,0,0,0,0,0,0,-32303,0,0,0,0,0,231777,0
229278,-1854,7882,-98,-15,-87,-25,-217137,-5,-1,-897,-288,36241,137,31,66,0,0,0,0,0,0,0,0,-32304,0,0,0,0,0,231782,0
229283,-1872,7878,-90,-11,-88,-22,-217137,0,-3,-898,-288,36241,137,31,66,0,0,0,0,0,0,0,0,-32303,0,0,0,0,0,231788,0
229288,-1890,7876,-62,-10,-89,-20,-217136,4,1,-893,-304,36246,143,31,66,0,0,0,0,0,0,0,0,-32304,0,0,0,0,0,231793,0
229293,-1874,7882,-74,-13,-97,-22,-217136,4,-1,-894,-304,36246,143,31,66,0,0,0,0,0,0,0,0,-32303,0,0,0,0,0,231799,0
229298,-1862,7908,-62,-4,-98,-17,-217136,0,3,-900,-296,36250,137,31,66,0,0,0,0,0,0,0,0,-32303,0,0,0,0,0,231804,0
229303,-1854,7876,-54,-4,-94,-20,-217136,3,5,-896,-296,36250,137,31,66,0,0,0,0,0,0,0,0,-32303,0,0,0,0,0,231810,0
229308,-1884,7908,-58,5,-102,-21,-217136,-2,0,-896,-296,36253,131,31,66,0,0,0,0,0,0,0,0,-32304,0,0,0,0,0,231815,0
229313,-1906,7882,-62,4,-106,-15,-217137,-3,-2,-899,-296,36253,131,31,66,0,0,0,0,0,0,0,0,-32304,0,0,0,0,0,231821,0
229318,-1906,7892,-62,7,-109,-17,-217137,-4,2,-896,-280,36252,121,31,66,0,0,0,0,0,0,0,0,-32303,0,0,0,0,0,231826,0
229323,-1924,7880,-66,11,-117,-18,-217136,-6,4,-896,-296,36252,121,31,66,0,0,0,0,0,0,0,0,-32303,0,0,0,0,0,231831,0
229328,-1948,7912,-62,17,-132,-12,-217136,0,1,-899,-288,36249,114,31,66,0,0,0,0,0,0,0,0,-32303,0,0,0,0,0,231837,0
229333,-1958,7876,-68,24,-131,-10,-217136,0,0,-901,-288,36249,114,31,66,0,0,0,0,0,0,0,0,-32303,0,0,0,0,0,231842,0
229338,-1956,7870,-60,24,-139,-11,-217137,2,-1,-896,-304,36245,129,31,66,0,0,0,0,0,0,0,0,-32304,0,0,0,0,0,231848,0
229343,-1972,7858,-32,28,-146,-9,-217137,-3,-1,-899,-288,36245,129,31,66,0,0,0,0,0,0,0,0,-32303,0,0,0,0,0,231853,0
229348,-1908,7864,-40,43,-151,-8,-217136,-2,-1,-897,-288,36245,135,31,66,0,0,0,0,0,0,0,0,-32304,0,0,0,0,0,231859,0
229353,-1940,7848,-34,41,-153,-4,-217136,0,-1,-897,-304,36245,135,31,66,0,0,0,0,0,0,0,0,-32303,0,0,0,0,0,231864,0
229358,-1888,7892,-18,45,-146,-4,-217137,0,3,-898,-288,36245,150,31,66,0,0,0,0,0,0,0,0,-32304,0,0,0,0,0,231869,0
229363,-1924,7878,-30,47,-156,-3,-217137,0,-4,-895,-296,36245,150,31,66,0,0,0,0,0,0,0,0,-32303,0,0,0,0,0,231875,0
229368,-1892,7944,-6,46,-155,5,-217136,1,2,-895,-304,36245,152,31,66,0,0,0,0,0,0,0,0,-32303,0,0,0,0,0,231881,0
229373,-1884,7948,-30,39,-150,5,-217138,-5,2,-898,-288,36245,152,31,66,0,0,0,0,0,0,0,0,-32303,0,0,0,0,0,231886,0
229378,-1850,7928,-24,46,-149,6,-217137,0,1,-895,-296,36245,147,31,66,0,0,0,0,0,0,0,0,-32304,0,0,0,0,0,231892,0
229383,-1882,7932,-12,49,-146,9,-217137,0,-2,-896,-296,36245,147,31,66,0,0,0,0,0,0,0,0,-32303,0,0,0,0,0,231897,0
229388,-1856,7970,-6,48,-133,12,-217137,1,4,-896,-296,36245,144,31,66,0,0,0,0,0,0,0,0,-32304,0,0,0,0,0,231902,0
229393,-1836,7978,-26,44,-135,10,-217137,0,1,-893,-304,36245,144,31,66,0,0,0,0,0,0,0,0,-32304,0,0,0,0,0,231908,0
229398,-1820,7984,-26,44,-125,7,-217137,3,5,-896,-296,36245,138,31,66,0,0,0,0,0,0,0,0,-32303,0,0,0,0,0,231913,0
229403,-1824,7992,-54,43,-118,10,-217136,3,0,-897,-304,36245,138,31,66,0,0,0,0,0,0,0,0,-32303,0,0,0,0,0,231919,0
229408,-1830,8010,-60,39,-110,10,-217136,2,-2,-896,-304,36245,131,31,66,0,0,0,0,0,0,0,0,-32303,0,0,0,0,0,231924,0
229413,-1834,8032,-60,34,-104,16,-217137,-1,1,-894,-304,36245,131,31,66,0,0,0,0,0,0,0,0,-32303,0,0,0,0,0,231930,0
229418,-1846,8000,-74,28,-100,22,-217137,0,-2,-894,-296,36245,135,31,66,0,0,0,0,0,0,0,0,-32303,0,0,0,0,0,231935,0
229423,-1838,7974,-76,25,-96,18,-217136,4,-5,-894,-304,36245,135,31,66,0,0,0,0,0,0,0,0,-32304,0,0,0,0,0,231941,0
229428,-1834,7986,-54,25,-90,22,-217136,1,-3,-891,-304,36247,137,31,66,0,0,0,0,0,0,0,0,-32303,0,0,0,0,0,231947,0
229433,-1818,7998,-74,23,-84,16,-217137,-5,0,-895,-296,36247,137,31,66,0,0,0,0,0,0,0,0,-32303,0,0,0,0,0,231952,0
229438,-1796,7984,-58,22,-81,19,-217136,1,-1,-902,-288,36244,127,31,66,0,0,0,0,0,0,0,0,-32304,0,0,0,0,0,231957,0
229443,-1840,7976,-64,22,-77,19,-217136,2,-2,-896,-304,36244,127,31,66,0,0,0,0,0,0,0,0,-32303,0,0,0,0,0,231963,0
229448,-1830,7978,-54,20,-84,20,-217136,3,-1,-894,-296,36246,132,31,66,0,0,0,0,0,0,0,0,-32304,0,0,0,0,0,231968,0
229453,-1862,7956,-78,24,-68,22,-217137,-3,-1,-898,-296,36246,132,31,66,0,0,0,0,0,0,0,0,-32304,0,0,0,0,0,231974,0
229458,-1856,7960,-84,15,-74,21,-217136,3,2,-897,-296,36248,133,31,66,0,0,0,0,0,0,0,0,-32303,0,0,0,0,0,231979,0
229463,-1868,7976,-78,17,-71,22,-217137,0,0,-897,-312,36248,133,31,66,0,0,0,0,0,0,0,0,-32303,0,0,0,0,0,231984,0
229468,-1858,7964,-64,16,-68,24,-217137,1,-1,-894,-296,36248,136,31,66,0,0,0,0,0,0,0,0,-32304,0,0,0,0,0,231990,0
229473,-1862,7974,-96,12,-65,23,-217137,-2,-5,-894,-288,36248,136,31,66,0,0,0,0,0,0,0,0,-32303,0,0,0,0,0,231995,0
229478,-1876,7986,-86,14,-65,29,-217137,-4,2,-894,-312,36247,139,31,66,0,0,0,0,0,0,0,0,-32303,0,0,0,0,0,232001,0
229483,-1858,7974,-82,7,-67,20,-217136,0,1,-902,-296,36247,139,31,66,0,0,0,0,0,0,0,0,-32303,0,0,0,0,0,232006,0
229488,-1872,7986,-72,8,-59,30,-217137,-5,-3,-896,-288,36247,134,31,66,0,0,0,0,0,0,0,0,-32304,0,0,0,0,0,232012,0
229493,-1876,7980,-72,7,-53,32,-217138,-6,-3,-894,-288,36247,134,31,66,0,0,0,0,0,0,0,0,-32303,0,0,0,0,0,232018,0
229498,-1824,7988,-84,5,-58,35,-217137,-2,-1,-895,-304,36246,136,31,66,0,0,0,0,0,0,0,0,-32304,0,0,0,0,0,232023,0
229503,-1872,7950,-56,4,-55,31,-217137,0,5,-898,-304,36246,136,31,66,0,0,0,0,0,0,0,0,-32304,0,0,0,0,0,232028,0
229508,-1854,7936,-52,2,-51,32,-217136,-4,1,-897,-304,36245,138,31,66,0,0,0,0,0,0,0,0,-32304,0,0,0,0,0,232034,0
229513,-1870,7930,-56,1,-55,37,-217137,-1,2,-900,-304,36245,138,31,66,0,0,0,0,0,0,0,0,-32304,0,0,0,0,0,232039,0
229518,-1846,7946,-64,-3,-50,36,-217137,2,2,-896,-296,36245,136,31,66,0,0,0,0,0,0,0,0,-32303,0,0,0,0,0,232045,0
229523,-1890,7904,-62,2,-47,36,-217137,1,4,-894,-296,36245,136,31,66,0,0,0,0,0,0,0,0,-32303,0,0,0,0,0,232050,0
229528,-1896,7936,-80,-1,-53,39,-217137,0,1,-892,-296,36247,139,31,66,0,0,0,0,0,0,0,0,-32303,0,0,0,0,0,232056,0
229533,-1886,7910,-86,-2,-53,40,-217137,-2,4,-897,-288,36247,139,31,66,0,0,0,0,0,0,0,0,-32303,0,0,0,0,0,232061,0
229538,-1870,7904,-64,-2,-57,43,-217138,-1,1,-896,-288,36251,141,31,66,0,0,0,0,0,0,0,0,-32303,0,0,0,0,0,232066,0
229543,-1874,7900,-54,3,-58,40,-217137,-3,2,-898,-296,36251,141,31,66,0,0,0,0,0,0,0,0,-32303,0,0,0,0,0,232072,0
229548,-1890,7860,-78,5,-59,46,-217138,3,2,-898,-288,36254,128,31,66,0,0,0,0,0,0,0,0,-32303,0,0,0,0,0,232077,0
229553,-1900,7864,-78,-4,-59,44,-217136,3,6,-896,-312,36254,128,31,66,0,0,0,0,0,0,0,0,-32304,0,0,0,0,0,232083,0
229558,-1902,7864,-60,1,-65,43,-217138,-8,2,-897,-288,36250,131,31,66,0,0,0,0,0,0,0,0,-32303,0,0,0,0,0,232088,0
229563,-1912,7878,-76,1,-67,42,-217135,7,3,-890,-320,36250,131,31,66,0,0,0,0,0,0,0,0,-32304,0,0,0,0,0,232094,0
229568,-1910,7890,-60,-6,-72,43,-217138,0,2,-898,-296,36249,130,31,66,0,0,0,0,0,0,0,0,-32304,0,0,0,0,0,232099,0
229573,-1874,7946,-94,-7,-72,49,-217137,0,2,-895,-296,36249,130,31,66,0,0,0,0,0,0,0,0,-32304,0,0,0,0,0,232105,0
229578,-1902,7920,-66,-3,-74,45,-217137,-2,-5,-895,-296,36247,131,31,66,0,0,0,0,0,0,0,0,-32303,0,0,0,0,0,232110,0
229583,-1870,7934,-62,-3,-75,46,-217137,-3,3,-895,-296,36247,131,31,66,0,0,0,0,0,0,0,0,-32304,0,0,0,0,0,232115,0
229588,-1884,7930,-46,-8,-81,47,-217138,-1,3,-899,-288,36247,137,31,66,0,0,0,0,0,0,0,0,-32303,0,0,0,0,0,232121,0
229593,-1868,7934,-84,-4,-82,52,-217137,-3,-1,-895,-296,36247,137,31,66,0,0,0,0,0,0,0,0,-32304,0,0,0,0,0,232126,0
229598,-1858,7944,-78,-5,-86,45,-217138,-3,0,-896,-296,36246,133,31,66,0,0,0,0,0,0,0,0,-32303,0,0,0,0,0,232132,0
229603,-1868,7930,-72,1,-93,50,-217136,5,4,-893,-312,36246,133,31,66,0,0,0,0,0,0,0,0,-32303,0,0,0,0,0,232137,0
229608,-1878,7914,-66,-3,-100,50,-217138,-10,0,-902,-296,36246,139,31,66,0,0,0,0,0,0,0,0,-32303,0,0,0,0,0,232143,0
229613,-1876,7954,-70,1,-103,44,-217136,0,3,-752,0,36246,139,31,66,0,0,0,0,0,0,0,0,-32303,0,0,0,0,0,232148,0
229618,-1754,7952,-112,-2,-120,46,-217113,102,42,-256,0,36250,138,31,66,0,0,0,0,0,0,0,0,-32304,0,0,0,0,0,232153,0
229623,-1836,7942,-96,0,-119,33,-217081,145,100,-186,0,36250,138,31,66,0,0,0,0,0,0,0,0,-32304,0,0,0,0,0,232158,0
229628,-1838,7948,-80,2,-130,39,-217043,165,149,-221,0,36253,130,31,66,0,0,0,0,0,0,0,0,-32304,0,0,0,0,0,232163,0
229633,-1880,7976,-54,9,-136,38,-217012,141,133,-219,0,36253,130,31,66,0,0,0,0,0,0,0,0,-32304,0,0,0,0,0,232168,0
229638,-1888,7984,-48,4,-137,41,-216981,133,78,-213,0,36268,131,31,66,0,0,0,0,0,0,0,0,-32304,0,0,0,0,0,232173,0
229643,-1896,7964,-60,9,-145,36,-216962,71,-16,-155,0,36268,131,31,66,0,0,0,0,0,0,0,0,-32304,0,0,0,0,0,232178,0
229648,-1854,7978,-64,7,-155,36,-216945,73,-63,-118,0,36267,137,31,66,0,0,0,0,0,0,0,0,-32304,0,0,0,0,0,232183,0
229653,-1834,7986,-76,7,-159,40,-216931,62,-80,-106,0,36267,137,31,66,0,0,0,0,0,0,0,0,-32304,0,0,0,0,0,232188,0
229658,-1862,8002,-76,10,-162,38,-216927,15,-80,-57,0,36267,131,31,66,0,0,0,0,0,0,0,0,-32304,0,0,0,0,0,232193,0
229663,-1860,7998,-64,3,-163,38,-216926,-1,-89,-8,0,36267,131,31,66,0,0,0,0,0,0,0,0,-32304,0,0,0,0,0,232198,0
229668,-1816,7992,-52,10,-179,36,-216928,-3,-67,-3,0,36255,131,31,66,0,0,0,0,0,0,0,0,-32304,0,0,0,0,0,232203,0
229673,-1808,7972,-52,4,-185,36,-216926,0,-60,-2,0,36255,131,31,66,0,0,0,0,0,0,0,0,-32303,0,0,0,0,0,232208,0
229678,-1820,7904,-56,9,-180,37,-216927,1,-33,-3,0,36251,120,31,66,0,0,0,0,0,0,0,0,-32304,0,0,0,0,0,232213,0
229683,-1872,7948,-82,4,-182,33,-216926,10,-2,-2,0,36251,120,31,66,0,0,0,0,0,0,0,0,-32304,0,0,0,0,0,232218,0
229688,-1850,7966,-58,6,-192,37,-216925,1,-4,-2,0,36250,122,31,66,0,0,0,0,0,0,0,0,-32304,0,0,0,0,0,232223,0
229693,-1872,7972,-56,10,-200,31,-216926,0,2,-2,0,36250,122,31,66,0,0,0,0,0,0,0,0,-32304,0,0,0,0,0,232228,0
229698,-1822,7964,-88,10,-205,31,-216926,0,-1,-2,0,36248,127,31,66,0,0,0,0,0,0,0,0,-32304,0,0,0,0,0,232233,0
229703,-1838,7968,-68,6,-207,32,-216927,-1,-2,-1,0,36248,127,31,66,0,0,0,0,0,0,0,0,-32303,0,0,0,0,0,232238,0
